ts,101,112,113,122,123,201,301,305,365,371,401,550,601,609,801
2025-03-05 09:00:00,-3.4,-3.2,,-3.5,,67.0,,,,,,,,,
2025-03-05 10:00:00,,,,,,,16.1,21.6,25.0,24.0,994.9,25.0,0.0,,100.0
2025-03-05 11:00:00,-3.8,-3.6,,-4.1,,76.0,18.8,23.6,24.0,24.0,994.3,81.0,0.0,,100.0
2025-03-05 12:00:00,-3.6,-3.4,-2.7,-3.8,-4.1,72.0,17.9,23.7,22.0,23.0,995.9,133.0,0.0,10.0,100.0
2025-03-05 13:00:00,-3.4,-3.2,,-3.8,,69.0,11.2,17.7,24.0,25.0,997.2,88.0,0.0,,100.0
2025-03-05 14:00:00,-3.9,-3.5,,-4.4,,75.0,10.5,16.2,14.0,25.0,998.1,96.0,0.0,,100.0
2025-03-05 15:00:00,-4.0,-3.8,,-4.1,,75.0,6.2,14.3,21.0,8.0,998.4,143.0,0.2,,100.0
2025-03-05 16:00:00,-3.9,-3.8,,-4.1,,74.0,6.1,11.6,25.0,24.0,998.7,109.0,0.4,,100.0
2025-03-05 17:00:00,-3.9,-3.8,,-4.0,,72.0,6.8,11.7,25.0,25.0,998.9,68.0,0.0,,100.0
2025-03-05 18:00:00,-3.8,-3.7,-3.1,-4.0,-4.4,69.0,7.2,9.6,19.0,28.0,999.2,43.0,0.0,9.6,100.0
2025-03-05 19:00:00,-4.1,-3.9,,-4.3,,70.0,7.8,10.9,26.0,31.0,999.8,10.0,0.0,,100.0
2025-03-05 20:00:00,-4.1,-4.0,,-4.4,,69.0,6.9,9.9,30.0,34.0,1000.6,0.0,0.0,,100.0
2025-03-05 21:00:00,-4.2,-3.9,,-4.5,,68.0,7.7,11.8,26.0,26.0,1001.0,0.0,0.0,,100.0
2025-03-05 22:00:00,-4.2,-3.8,,-4.5,,67.0,8.4,11.1,25.0,22.0,1001.1,0.0,0.0,,100.0
2025-03-05 23:00:00,-4.8,-4.4,,-5.2,,74.0,11.1,13.7,17.0,17.0,1001.8,0.0,0.0,,50.0
2025-03-06 00:00:00,-4.8,-4.5,-3.2,-5.1,-5.2,75.0,7.2,11.7,40.0,43.0,1002.9,0.0,0.0,0.5,100.0
2025-03-06 01:00:00,-4.4,-4.3,,-4.7,,70.0,6.0,8.7,26.0,35.0,1003.5,0.0,0.0,,100.0
2025-03-06 02:00:00,-4.9,-4.5,,-5.4,,69.0,6.6,10.2,64.0,61.0,1003.7,0.0,0.1,,10.0
2025-03-06 03:00:00,-5.8,-5.3,,-6.2,,67.0,9.4,12.8,60.0,63.0,1003.9,0.0,0.0,,
2025-03-06 04:00:00,-6.6,-6.2,,-7.2,,67.0,9.6,13.2,59.0,60.0,1004.7,0.0,0.0,,
2025-03-06 05:00:00,-7.0,-6.7,,-7.3,,67.0,8.3,11.7,68.0,64.0,1005.1,0.0,0.0,,
2025-03-06 11:00:00,-9.1,-8.2,,-9.9,,69.0,4.6,7.9,26.0,24.0,1008.7,108.0,3.3,,
2025-03-06 12:00:00,-9.0,-8.1,-4.3,-9.5,-10.9,68.0,5.7,9.0,43.0,26.0,1009.0,160.0,1.5,13.8,
2025-03-06 13:00:00,-9.1,-8.1,,-10.6,,67.0,4.5,7.6,35.0,29.0,1009.3,219.0,2.6,,
2025-03-06 14:00:00,-8.4,-7.8,,-9.3,,66.0,6.3,8.0,25.0,23.0,1009.5,243.0,1.1,,
2025-03-06 15:00:00,-8.7,-7.9,,-11.6,,66.0,5.8,8.5,22.0,24.0,1009.5,218.0,0.8,,
2025-03-06 16:00:00,-9.1,-8.3,,-10.1,,66.0,4.3,8.4,30.0,28.0,1009.6,200.0,1.4,,
2025-03-06 17:00:00,-9.3,-8.7,,-9.9,,67.0,3.2,6.2,81.0,33.0,1009.7,148.0,1.8,,
2025-03-06 18:00:00,-10.4,-8.2,-6.9,-13.1,-13.1,68.0,0.6,2.9,101.0,85.0,1010.1,69.0,2.4,23.2,
2025-03-06 19:00:00,-11.5,-9.5,,-13.2,,74.0,0.8,4.0,104.0,98.0,1010.5,14.0,0.1,,
2025-03-06 20:00:00,-11.0,-9.8,,-11.7,,72.0,0.8,3.0,23.0,40.0,1010.9,0.0,1.0,,
2025-03-06 21:00:00,-12.4,-11.1,,-13.8,,77.0,0.4,1.9,231.0,248.0,1011.6,0.0,0.7,,
2025-03-06 22:00:00,-14.2,-13.6,,-15.3,,85.0,0.7,2.1,295.0,268.0,1012.0,0.0,0.6,,
2025-03-06 23:00:00,-13.9,-12.8,,-14.4,,85.0,1.1,3.9,171.0,186.0,1012.1,0.0,1.8,,
2025-03-07 00:00:00,-14.5,-12.9,-7.8,-15.5,-15.5,85.0,1.8,5.3,162.0,135.0,1012.4,0.0,2.2,29.7,
2025-03-07 01:00:00,-12.4,-10.7,,-15.4,,79.0,4.5,9.8,69.0,42.0,1012.1,0.0,5.1,,
2025-03-07 02:00:00,-13.6,-11.2,,-15.1,,83.0,3.1,9.2,143.0,77.0,1012.6,0.0,1.1,,
2025-03-07 03:00:00,-13.8,-11.8,,-15.1,,85.0,2.7,8.5,57.0,66.0,1012.8,0.0,1.9,,
2025-03-07 04:00:00,-13.1,-11.5,,-14.6,,81.0,3.9,9.8,172.0,77.0,1013.2,0.0,3.5,,
2025-03-07 05:00:00,-15.5,-14.4,,-17.1,,89.0,1.4,4.4,289.0,198.0,1013.4,0.0,1.0,,
2025-03-07 06:00:00,-17.2,-15.8,-9.5,-22.7,-22.7,86.0,1.5,5.8,268.0,263.0,1013.9,0.0,4.2,46.4,
2025-03-07 07:00:00,-23.0,-19.6,,-24.6,,85.0,0.8,2.7,278.0,255.0,1014.1,0.0,0.2,,
2025-03-07 08:00:00,-18.9,-16.5,,-20.5,,84.0,1.0,5.1,71.0,32.0,1014.4,0.0,5.7,,
2025-03-07 09:00:00,-20.9,-17.0,,-24.7,,82.0,1.2,4.2,150.0,129.0,1015.1,5.0,5.1,,
2025-03-07 10:00:00,-23.0,-18.6,,-24.2,,81.0,0.6,1.5,135.0,148.0,1015.5,28.0,4.0,,
2025-03-07 11:00:00,-18.9,-16.0,,-23.1,,81.0,0.7,2.9,47.0,15.0,1015.7,134.0,13.9,,
2025-03-07 12:00:00,-19.6,-16.9,-10.7,-20.9,-24.7,80.0,0.6,2.8,153.0,119.0,1016.3,197.0,4.8,66.9,
2025-03-07 13:00:00,-20.9,-19.1,,-22.1,,79.0,0.5,2.1,346.0,125.0,1016.7,241.0,3.3,,
2025-03-07 14:00:00,-20.7,-19.0,,-21.9,,78.0,0.2,1.1,0.0,216.0,1016.6,259.0,3.1,,
2025-03-07 15:00:00,-21.1,-18.7,,-23.3,,77.0,0.6,2.0,198.0,131.0,1017.0,231.0,0.8,,
2025-03-07 16:00:00,-20.4,-19.0,,-22.4,,77.0,0.6,1.6,172.0,193.0,1017.0,209.0,17.1,,
2025-03-07 17:00:00,-20.4,-19.8,,-21.0,,77.0,1.1,2.3,145.0,156.0,1017.4,156.0,4.7,,
2025-03-07 18:00:00,-19.8,-19.1,-16.0,-20.7,-24.7,78.0,0.3,1.2,232.0,169.0,1017.6,81.0,2.0,87.7,
2025-03-07 19:00:00,-20.5,-20.1,,-21.5,,80.0,0.5,2.0,40.0,33.0,1018.2,19.0,7.6,,
2025-03-07 20:00:00,-18.7,-17.9,,-21.5,,82.0,2.3,3.4,21.0,22.0,1018.8,0.0,5.0,,
2025-03-07 21:00:00,-18.3,-18.0,,-18.6,,81.0,2.7,3.9,23.0,21.0,1019.0,0.0,1.0,,
2025-03-07 22:00:00,-18.2,-17.7,,-18.9,,81.0,2.4,4.4,26.0,24.0,1019.5,0.0,1.7,,
2025-03-07 23:00:00,-18.2,-17.7,,-19.0,,80.0,2.4,3.7,18.0,21.0,1019.8,0.0,1.6,,
2025-03-08 00:00:00,-18.5,-18.2,-17.7,-18.9,-23.3,79.0,2.9,4.1,19.0,21.0,1020.0,0.0,0.9,99.0,
2025-03-08 01:00:00,-19.0,-18.1,,-20.0,,82.0,1.2,3.3,0.0,34.0,1020.8,0.0,2.0,,
2025-03-08 02:00:00,-19.4,-18.2,,-20.3,,83.0,1.9,3.4,25.0,21.0,1021.2,0.0,2.1,,60.0
2025-03-08 03:00:00,-19.0,-18.5,,-19.8,,86.0,0.4,2.1,212.0,26.0,1021.3,0.0,2.2,,
2025-03-08 04:00:00,-19.6,-18.9,,-20.3,,85.0,1.0,3.5,350.0,16.0,1021.2,0.0,2.6,,
2025-03-08 05:00:00,-19.4,-19.0,,-19.8,,85.0,0.4,1.1,234.0,351.0,1021.4,0.0,1.6,,
2025-03-08 06:00:00,-20.0,-19.2,-17.7,-20.7,-21.5,84.0,0.5,1.7,22.0,47.0,1021.8,0.0,1.3,94.0,90.0
2025-03-08 07:00:00,-20.4,-19.9,,-21.4,,83.0,1.3,2.9,37.0,30.0,1021.9,0.0,0.0,,
2025-03-08 08:00:00,-19.9,-19.1,,-21.5,,83.0,0.7,3.1,298.0,21.0,1022.5,0.0,3.8,,100.0
2025-03-08 09:00:00,-20.2,-19.4,,-21.1,,82.0,0.9,2.2,8.0,25.0,1022.8,6.0,3.2,,
2025-03-08 10:00:00,-21.3,-19.8,,-22.2,,81.0,0.4,1.7,270.0,26.0,1023.4,38.0,1.3,,
2025-03-08 11:00:00,-21.8,-20.9,,-22.3,,80.0,0.2,0.7,147.0,124.0,1023.7,100.0,10.6,,
2025-03-08 12:00:00,-21.2,-20.2,-18.1,-22.2,-22.3,78.0,0.3,0.8,230.0,280.0,1024.0,200.0,8.0,0.0,
2025-03-08 13:00:00,-21.1,-20.3,,-21.9,,77.0,0.4,1.7,168.0,175.0,1024.3,241.0,3.5,,
2025-03-08 14:00:00,-21.0,-19.8,,-22.3,,77.0,0.3,1.3,198.0,190.0,1024.1,253.0,10.6,,
2025-03-08 15:00:00,-23.5,-21.5,,-25.5,,76.0,0.5,2.1,193.0,161.0,1024.6,220.0,10.6,,25.0
2025-03-08 16:00:00,-22.8,-21.8,,-23.5,,76.0,0.5,1.8,48.0,57.0,1024.5,199.0,10.0,,
2025-03-08 17:00:00,-21.7,-20.6,,-22.7,,76.0,0.6,2.0,101.0,144.0,1024.4,162.0,4.5,,
2025-03-08 18:00:00,-21.6,-19.8,-19.1,-23.2,-25.5,77.0,0.2,1.9,204.0,203.0,1025.2,92.0,1.6,0.0,10.0
2025-03-08 19:00:00,-23.3,-21.9,,-24.0,,78.0,0.9,2.6,27.0,41.0,1025.2,22.0,5.2,,
2025-03-08 20:00:00,-24.4,-23.4,,-25.5,,78.0,0.4,1.8,329.0,12.0,1025.7,0.0,4.4,,60.0
2025-03-08 21:00:00,-24.0,-22.9,,-26.3,,79.0,1.1,2.7,184.0,173.0,1026.1,0.0,4.7,,100.0
2025-03-08 22:00:00,-25.1,-24.3,,-25.7,,78.0,0.3,1.5,0.0,210.0,1026.3,0.0,2.4,,100.0
2025-03-08 23:00:00,-25.5,-24.7,,-26.6,,78.0,0.3,1.8,209.0,303.0,1026.3,0.0,4.1,,100.0
2025-03-09 00:00:00,-26.2,-24.9,-19.8,-28.0,-28.0,77.0,0.6,2.0,152.0,154.0,1026.4,0.0,4.0,0.0,100.0
2025-03-09 01:00:00,,,,,,,,1.2,,,1026.2,0.0,,,50.0
2025-03-09 02:00:00,-24.1,-23.1,,-25.5,,79.0,0.5,1.8,0.0,289.0,1026.1,0.0,2.8,,
2025-03-09 03:00:00,-23.2,-22.7,,-23.6,,79.0,0.2,1.3,67.0,5.0,1026.0,0.0,3.8,,
2025-03-09 04:00:00,-23.4,-23.0,,-24.3,,79.0,0.2,0.9,240.0,206.0,1025.7,0.0,1.5,,
2025-03-09 05:00:00,-25.7,-23.0,,-30.1,,76.0,0.1,1.1,0.0,8.0,1025.7,0.0,8.0,,
2025-03-09 06:00:00,-25.1,-22.0,-21.9,-30.4,-30.4,78.0,0.7,2.6,92.0,34.0,1025.6,0.0,7.2,0.0,
2025-03-09 07:00:00,-25.4,-24.4,,-26.1,,78.0,0.4,1.2,0.0,182.0,1025.9,0.0,1.6,,10.0
2025-03-09 08:00:00,-25.6,-24.0,,-26.8,,77.0,0.3,1.5,119.0,147.0,1026.2,0.0,2.3,,
2025-03-09 09:00:00,-22.8,-22.0,,-26.0,,79.0,0.3,1.3,204.0,174.0,1026.7,10.0,4.5,,
2025-03-09 10:00:00,-24.4,-23.3,,-26.2,,78.0,0.3,1.3,159.0,32.0,1026.5,47.0,2.6,,
2025-03-09 11:00:00,-22.6,-20.7,,-23.9,,77.0,0.5,1.3,236.0,216.0,1027.3,137.0,8.0,,
2025-03-09 12:00:00,-22.4,-20.5,-20.5,-23.8,-30.4,77.0,0.0,0.4,0.0,0.0,1027.3,181.0,11.2,123.0,75.0
2025-03-09 13:00:00,-20.6,-18.8,,-22.0,,78.0,0.1,0.9,60.0,136.0,1027.4,239.0,7.0,,
2025-03-09 14:00:00,-19.1,-17.4,,-20.9,,78.0,0.4,2.0,216.0,53.0,1027.2,253.0,12.3,,10.0
2025-03-09 15:00:00,-20.4,-17.3,,-21.7,,77.0,0.6,2.5,328.0,350.0,1027.3,221.0,7.0,,
2025-03-09 16:00:00,-21.3,-19.3,,-22.7,,76.0,0.3,1.1,72.0,206.0,1027.1,199.0,7.1,,
2025-03-09 17:00:00,-21.6,-20.9,,-22.4,,78.0,0.3,1.3,174.0,178.0,1026.6,97.0,7.4,,
2025-03-09 18:00:00,-21.7,-21.2,-17.3,-22.7,-26.8,79.0,0.3,1.0,50.0,287.0,1026.3,52.0,4.3,127.3,
2025-03-09 19:00:00,-21.3,-20.7,,-21.7,,80.0,0.7,1.6,178.0,246.0,1026.0,17.0,1.0,,
2025-03-09 20:00:00,-20.5,-19.5,,-21.7,,81.0,1.2,3.3,311.0,360.0,1025.7,0.0,2.0,,
2025-03-09 21:00:00,-20.2,-20.0,,-20.5,,81.0,0.1,1.4,0.0,255.0,1024.9,0.0,0.3,,100.0
2025-03-09 22:00:00,-19.8,-19.2,,-20.1,,82.0,0.3,1.3,10.0,321.0,1023.5,0.0,1.7,,100.0
2025-03-09 23:00:00,-19.0,-18.5,,-19.4,,82.0,0.6,2.0,162.0,97.0,1022.5,0.0,1.4,,
2025-03-10 00:00:00,-20.7,-18.8,-17.3,-21.8,-22.7,81.0,0.6,2.2,288.0,226.0,1021.3,0.0,1.3,110.2,60.0
2025-03-10 01:00:00,,,,,,,1.0,2.6,219.0,118.0,1019.9,0.0,,,
2025-03-10 02:00:00,-19.9,-19.3,,-20.7,,82.0,0.9,2.5,251.0,203.0,1018.6,0.0,2.3,,60.0
2025-03-10 03:00:00,-20.7,-20.3,,-21.4,,81.0,0.4,1.9,0.0,213.0,1017.7,0.0,0.3,,25.0
2025-03-10 04:00:00,-19.9,-19.1,,-20.6,,82.0,0.7,3.3,150.0,129.0,1015.8,0.0,1.6,,100.0
2025-03-10 05:00:00,-20.4,-19.2,,-21.2,,81.0,2.7,5.1,135.0,145.0,1013.6,0.0,0.6,,100.0
2025-03-10 06:00:00,-21.7,-21.0,-18.5,-22.1,-22.1,80.0,2.6,5.3,104.0,146.0,1013.0,0.0,0.5,89.0,
2025-03-10 07:00:00,-21.9,-21.2,,-22.9,,80.0,3.2,7.9,143.0,133.0,1012.9,0.0,1.3,,10.0
2025-03-10 08:00:00,-23.0,-22.6,,-23.3,,79.0,3.6,6.9,139.0,136.0,1012.5,0.0,0.9,,40.0
2025-03-10 09:00:00,-21.2,-19.9,,-22.8,,80.0,2.9,7.0,157.0,146.0,1011.5,9.0,4.6,,
2025-03-10 10:00:00,-22.8,-22.2,,-23.2,,79.0,2.4,6.9,161.0,145.0,1012.2,31.0,1.5,,
2025-03-10 11:00:00,-22.5,-21.3,,-23.2,,78.0,2.5,6.3,167.0,144.0,1010.7,95.0,6.0,,
2025-03-10 12:00:00,-20.8,-18.8,-18.8,-22.7,-23.3,78.0,2.2,6.7,107.0,126.0,1011.5,207.0,3.6,76.7,
2025-03-10 13:00:00,-14.4,-5.8,,-18.8,,84.0,1.6,5.5,11.0,52.0,1011.1,262.0,5.0,,
2025-03-10 14:00:00,,2.5,,-5.0,,48.0,1.6,8.5,141.0,23.0,1011.5,280.0,13.9,,
2025-03-10 15:00:00,3.2,4.2,,2.2,,30.0,2.9,8.5,93.0,18.0,1011.7,253.0,0.0,,
2025-03-10 16:00:00,3.0,4.4,,1.1,,29.0,3.7,9.3,26.0,26.0,1013.1,227.0,0.0,,
2025-03-10 17:00:00,4.3,4.8,,3.4,,25.0,4.7,10.0,2.0,354.0,1013.7,166.0,0.0,,
2025-03-10 18:00:00,3.9,5.1,5.1,2.1,-23.3,27.0,5.5,11.1,325.0,321.0,1014.5,65.0,0.0,50.5,
2025-03-10 19:00:00,-0.6,4.2,,-5.6,,37.0,3.5,8.2,342.0,302.0,1016.3,19.0,0.2,,
2025-03-10 20:00:00,-8.3,-4.0,,-12.3,,58.0,5.7,12.8,325.0,327.0,1018.3,0.0,0.0,,
2025-03-10 21:00:00,-11.1,-8.8,,-12.8,,69.0,2.3,8.8,58.0,23.0,1019.8,0.0,2.8,,
2025-03-10 22:00:00,-12.5,-10.6,,-13.7,,73.0,1.1,3.3,30.0,130.0,1019.8,0.0,0.9,,
2025-03-10 23:00:00,-11.6,-9.4,,-13.6,,68.0,1.0,2.9,46.0,244.0,1019.8,0.0,3.3,,
2025-03-11 00:00:00,-12.9,-11.8,5.1,-13.7,-18.8,73.0,1.2,3.8,294.0,306.0,1020.8,0.0,0.4,50.3,
2025-03-11 01:00:00,,,,,,,1.3,2.5,176.0,45.0,1021.1,0.0,,,
2025-03-11 02:00:00,-14.2,-13.6,,-14.8,,80.0,0.9,2.2,108.0,70.0,1021.0,0.0,0.0,,
2025-03-11 03:00:00,-14.6,-14.0,,-15.5,,82.0,0.6,2.2,257.0,248.0,1020.7,0.0,0.3,,
2025-03-11 04:00:00,-15.1,-14.5,,-15.8,,82.0,1.0,2.4,0.0,150.0,1020.7,0.0,0.9,,
2025-03-11 05:00:00,-16.1,-15.5,,-17.3,,83.0,0.0,0.0,0.0,0.0,1020.6,0.0,0.2,,
2025-03-11 06:00:00,-16.5,-16.2,4.2,-16.9,-17.3,84.0,0.0,0.0,0.0,0.0,1020.9,0.0,0.4,46.9,
2025-03-11 07:00:00,-16.0,-15.6,,-16.3,,82.0,0.0,0.0,0.0,0.0,1020.7,0.0,1.9,,
2025-03-11 08:00:00,-16.5,-15.9,,-16.9,,82.0,0.0,0.0,0.0,0.0,1020.6,1.0,0.2,,
2025-03-11 09:00:00,-16.8,-16.5,,-17.1,,82.0,0.0,0.0,0.0,0.0,1020.8,13.0,1.0,,
2025-03-11 10:00:00,-16.9,-15.4,,-17.5,,80.0,0.5,1.9,19.0,28.0,1020.6,64.0,1.1,,
2025-03-11 11:00:00,-14.6,-12.6,,-15.8,,69.0,0.8,1.8,288.0,30.0,1019.8,144.0,3.2,,
2025-03-11 12:00:00,-14.9,-13.3,-12.0,-16.1,-17.5,71.0,0.7,1.7,125.0,169.0,1019.1,210.0,6.6,43.0,
2025-03-11 13:00:00,-13.3,-12.4,,-14.3,,63.0,0.4,1.5,272.0,216.0,1018.9,271.0,9.1,,
2025-03-11 14:00:00,-13.8,-12.8,,-14.6,,64.0,0.7,2.5,258.0,193.0,1018.2,286.0,10.2,,
2025-03-11 15:00:00,-14.7,-14.1,,-15.1,,71.0,1.8,4.7,314.0,313.0,1017.2,250.0,9.9,,
2025-03-11 16:00:00,-13.9,-13.1,,-14.5,,75.0,0.8,3.9,152.0,293.0,1016.3,218.0,2.4,,
2025-03-11 17:00:00,-13.7,-12.8,,-14.4,,75.0,0.3,1.2,270.0,342.0,1015.5,180.0,1.6,,
2025-03-11 18:00:00,-14.3,-13.6,-12.4,-15.0,-17.5,79.0,0.7,2.5,37.0,58.0,1014.9,77.0,6.6,64.0,60.0
2025-03-11 19:00:00,-14.7,-14.0,,-15.2,,81.0,0.7,2.0,199.0,220.0,1014.9,49.0,2.8,,100.0
2025-03-11 20:00:00,-15.2,-15.0,,-15.8,,83.0,1.0,2.7,142.0,142.0,1014.0,6.0,0.2,,100.0
2025-03-11 21:00:00,-16.0,-15.5,,-16.4,,81.0,0.6,2.3,156.0,158.0,1014.2,0.0,0.0,,
2025-03-11 22:00:00,-16.6,-15.8,,-17.0,,82.0,1.0,3.2,223.0,204.0,1014.4,0.0,0.2,,
2025-03-11 23:00:00,-17.5,-16.7,,-18.3,,83.0,0.8,2.3,50.0,109.0,1013.9,0.0,0.4,,
2025-03-12 01:00:00,-19.8,-17.9,,-20.5,,82.0,1.5,5.1,35.0,114.0,1013.9,0.0,1.5,,
2025-03-12 02:00:00,-17.7,-16.7,,-19.8,,81.0,1.0,2.5,56.0,213.0,1014.6,0.0,6.7,,
2025-03-12 03:00:00,-13.7,-12.2,,-16.8,,73.0,0.8,2.7,212.0,30.0,1014.2,0.0,7.6,,
2025-03-12 04:00:00,-14.9,-13.3,,-17.3,,74.0,1.0,3.0,115.0,172.0,1014.9,0.0,0.7,,
2025-03-12 05:00:00,-15.5,-14.4,,-16.8,,77.0,0.8,2.0,141.0,144.0,1014.7,0.0,0.7,,
2025-03-12 06:00:00,-16.6,-12.6,-12.2,-17.9,-20.5,77.0,0.7,2.2,88.0,130.0,1014.9,0.0,1.2,76.0,
2025-03-12 07:00:00,-15.4,-12.5,,-17.1,,73.0,2.0,3.8,249.0,159.0,1014.9,0.0,4.3,,
2025-03-12 08:00:00,-16.2,-14.9,,-17.8,,76.0,1.0,3.2,122.0,127.0,1015.7,0.0,0.9,,
2025-03-12 09:00:00,-14.6,-11.4,,-18.1,,73.0,1.6,3.9,141.0,142.0,1016.2,11.0,5.3,,
2025-03-12 10:00:00,-11.3,-2.6,,-17.8,,66.0,1.6,5.5,164.0,63.0,1015.5,58.0,7.1,,
2025-03-12 11:00:00,-11.5,-9.1,,-13.5,,65.0,1.6,3.9,102.0,152.0,1015.8,164.0,0.0,,
2025-03-12 12:00:00,-4.7,1.5,1.5,-10.1,-20.5,55.0,6.8,23.3,352.0,55.0,1016.8,226.0,4.5,84.1,
2025-03-12 13:00:00,-5.7,-1.0,,-7.8,,54.0,2.4,8.0,335.0,290.0,1016.3,270.0,1.0,,
2025-03-12 14:00:00,-0.2,0.7,,-0.9,,48.0,13.5,21.1,52.0,39.0,1015.8,287.0,0.3,,
2025-03-12 15:00:00,-1.2,0.3,,-2.7,,46.0,14.7,22.6,33.0,46.0,1015.4,257.0,0.0,,10.0
2025-03-12 16:00:00,-2.9,-1.8,,-3.7,,49.0,15.5,22.8,34.0,38.0,1015.5,229.0,0.0,,40.0
2025-03-12 17:00:00,-4.1,-3.5,,-5.1,,51.0,16.1,21.1,56.0,48.0,1015.4,156.0,0.0,,25.0
2025-03-12 18:00:00,-6.4,-5.1,1.5,-7.6,-18.1,62.0,16.1,20.6,59.0,44.0,1015.1,131.0,0.0,45.5,90.0
2025-03-12 19:00:00,-7.6,-5.8,,-8.8,,65.0,17.5,23.4,59.0,57.0,1014.0,43.0,0.0,,
2025-03-12 20:00:00,-8.6,-6.6,,-10.5,,66.0,18.1,24.4,35.0,52.0,1014.8,2.0,0.0,,
2025-03-12 21:00:00,-10.3,-8.0,,-11.2,,71.0,17.0,23.0,22.0,28.0,1015.8,0.0,0.0,,100.0
2025-03-12 22:00:00,-10.7,-9.3,,-11.6,,69.0,15.5,22.8,37.0,39.0,1017.2,0.0,0.0,,100.0
2025-03-12 23:00:00,-12.2,-10.9,,-13.1,,71.0,16.2,24.6,40.0,33.0,1018.3,0.0,0.0,,75.0
2025-03-13 00:00:00,-12.3,-10.7,0.7,-13.2,-13.2,71.0,14.7,21.0,31.0,36.0,1019.9,0.0,0.0,41.5,100.0
2025-03-13 01:00:00,,,,,,,5.7,15.8,267.0,25.0,1021.0,0.0,,,100.0
2025-03-13 02:00:00,-10.9,-9.6,,-11.5,,73.0,2.7,11.6,215.0,98.0,1021.9,0.0,0.2,,50.0
2025-03-13 03:00:00,-12.1,-11.5,,-12.5,,74.0,1.5,3.3,213.0,306.0,1022.1,0.0,0.5,,
2025-03-13 04:00:00,-12.7,-12.1,,-13.8,,74.0,0.8,2.1,47.0,196.0,1021.9,0.0,0.6,,
2025-03-13 05:00:00,-14.5,-13.9,,-15.0,,76.0,1.5,3.0,25.0,29.0,1021.5,0.0,0.1,,
2025-03-13 06:00:00,-15.0,-14.4,-5.8,-15.4,-15.4,76.0,1.6,3.3,24.0,28.0,1021.5,0.0,0.5,25.1,
2025-03-13 07:00:00,-14.8,-13.5,,-15.5,,78.0,1.8,4.0,0.0,21.0,1020.9,0.0,0.2,,
2025-03-13 08:00:00,-15.4,-14.3,,-16.0,,81.0,0.6,2.9,274.0,38.0,1021.2,0.0,0.9,,100.0
2025-03-13 09:00:00,-15.5,-14.8,,-16.0,,83.0,0.6,2.2,349.0,22.0,1020.6,18.0,0.4,,100.0
2025-03-13 10:00:00,-14.8,-14.5,,-15.1,,85.0,0.7,1.8,32.0,293.0,1019.4,82.0,0.3,,
2025-03-13 11:00:00,-14.5,-13.3,,-15.3,,82.0,0.3,1.0,64.0,77.0,1018.4,148.0,1.4,,10.0
2025-03-13 12:00:00,-13.7,-12.8,-9.0,-14.6,-16.0,78.0,1.0,2.6,196.0,136.0,1017.5,225.0,2.8,9.0,
2025-03-13 13:00:00,-14.3,-12.8,,-15.7,,73.0,1.1,3.6,27.0,169.0,1016.4,288.0,2.0,,
2025-03-13 14:00:00,-12.8,-10.6,,-15.6,,71.0,0.7,2.6,133.0,79.0,1014.9,298.0,0.7,,
2025-03-13 15:00:00,-12.4,-10.4,,-13.3,,69.0,0.9,2.1,112.0,153.0,1013.5,257.0,0.0,,
2025-03-13 16:00:00,-12.5,-11.4,,-13.7,,70.0,0.7,2.7,173.0,209.0,1012.3,233.0,0.0,,
2025-03-13 17:00:00,-12.2,-10.6,,-14.0,,79.0,0.9,2.7,124.0,78.0,1011.1,215.0,0.1,,
2025-03-13 18:00:00,-13.9,-10.6,-10.4,-15.0,-16.0,79.0,1.1,2.6,145.0,166.0,1010.1,117.0,2.4,13.0,
2025-03-13 19:00:00,-14.6,-12.3,,-15.9,,,0.7,2.2,75.0,99.0,1009.4,29.0,,,50.0
2025-03-13 20:00:00,-12.3,-10.9,,-13.1,,76.0,1.1,2.4,138.0,150.0,1008.9,2.0,0.3,,75.0
2025-03-13 21:00:00,-14.0,-13.2,,-14.7,,83.0,0.8,2.3,161.0,225.0,1008.2,0.0,0.5,,
2025-03-13 22:00:00,-14.8,-13.4,,-16.6,,84.0,0.9,3.1,170.0,50.0,1007.2,0.0,1.8,,
2025-03-13 23:00:00,-15.1,-14.6,,-16.6,,86.0,0.8,1.8,171.0,145.0,1006.2,0.0,2.0,,
2025-03-14 00:00:00,-15.7,-14.3,-10.4,-19.0,-19.0,84.0,1.6,4.1,148.0,83.0,1005.2,0.0,0.8,21.3,
2025-03-14 01:00:00,-18.0,-15.8,,-19.3,,,1.2,2.9,133.0,103.0,1004.4,0.0,,,
2025-03-14 02:00:00,-16.7,-14.8,,-18.9,,85.0,2.4,5.8,75.0,128.0,1003.9,0.0,5.1,,
2025-03-14 03:00:00,-14.8,-13.6,,-15.6,,85.0,1.2,2.9,296.0,178.0,1003.4,0.0,1.6,,
2025-03-14 04:00:00,-15.1,-14.3,,-15.6,,87.0,0.7,2.2,51.0,89.0,1002.9,0.0,1.2,,
2025-03-14 05:00:00,-15.0,-13.4,,-15.8,,84.0,0.8,1.8,358.0,281.0,1002.7,0.0,0.6,,
2025-03-14 06:00:00,-14.2,-13.5,-10.9,-15.0,-19.3,84.0,0.8,2.6,356.0,287.0,1003.1,0.0,1.3,32.0,
2025-03-14 07:00:00,-13.8,-13.3,,-14.8,,82.0,1.0,3.4,48.0,40.0,1003.0,0.0,0.7,,
2025-03-14 08:00:00,-11.5,-10.2,,-13.9,,72.0,3.2,15.2,56.0,59.0,1002.6,1.0,2.1,,
2025-03-14 09:00:00,-12.7,-11.7,,-13.4,,74.0,11.6,19.4,53.0,44.0,1003.2,19.0,0.0,,
2025-03-14 10:00:00,-13.1,-12.4,,-13.8,,74.0,14.4,20.4,59.0,59.0,1003.4,60.0,0.0,,
2025-03-14 11:00:00,-13.7,-12.5,,-14.7,,74.0,16.4,23.9,45.0,35.0,1003.0,153.0,0.0,,
2025-03-14 12:00:00,-14.0,-13.1,-10.2,-14.8,-19.3,72.0,17.8,25.1,45.0,33.0,1003.9,232.0,0.0,28.8,
2025-03-14 13:00:00,-13.3,-12.7,,-14.0,,68.0,16.4,23.7,55.0,48.0,1004.6,218.0,0.0,,60.0
2025-03-14 14:00:00,-13.8,-13.2,,-14.5,,68.0,16.4,22.9,47.0,37.0,1005.6,257.0,0.0,,40.0
2025-03-14 15:00:00,-13.6,-13.1,,-14.3,,65.0,15.5,24.3,48.0,42.0,1005.8,260.0,0.0,,50.0
2025-03-14 16:00:00,-13.3,-13.0,,-13.6,,62.0,15.5,21.4,51.0,48.0,1006.3,277.0,0.0,,
2025-03-14 17:00:00,-13.4,-12.5,,-14.0,,64.0,11.9,18.2,51.0,41.0,1007.0,188.0,0.0,,
2025-03-14 18:00:00,-14.1,-13.6,-10.2,-15.1,-15.1,69.0,13.1,19.5,40.0,45.0,1006.5,58.0,0.6,24.1,
2025-03-14 19:00:00,-14.9,-13.9,,-15.9,,,13.2,19.3,48.0,42.0,1007.9,44.0,,,100.0
2025-03-14 20:00:00,-14.9,-13.6,,-15.6,,74.0,,,,,,,0.0,,
2025-03-14 21:00:00,-15.8,-14.3,,-16.3,,76.0,,,,,,,0.0,,
2025-03-14 22:00:00,-15.0,-14.0,,-15.6,,74.0,13.0,18.8,32.0,23.0,1009.4,0.0,0.0,,100.0
2025-03-14 23:00:00,-13.6,-13.1,,-14.0,,72.0,11.0,18.4,56.0,54.0,1010.3,0.0,0.0,,100.0
2025-03-15 00:00:00,-14.1,-13.6,-12.5,-14.3,-16.3,72.0,13.0,19.2,33.0,39.0,1011.7,0.0,0.0,15.9,100.0
2025-03-15 01:00:00,-14.0,-13.4,,-14.4,,,13.7,21.4,46.0,47.0,1011.9,0.0,,,100.0
2025-03-15 02:00:00,-13.7,-12.5,,-14.2,,67.0,12.3,19.8,41.0,44.0,1013.3,0.0,0.0,,100.0
2025-03-15 03:00:00,-14.1,-13.5,,-14.3,,67.0,13.3,20.1,36.0,44.0,1015.1,0.0,0.0,,100.0
2025-03-15 04:00:00,-14.4,-13.6,,-14.7,,71.0,12.9,21.4,36.0,42.0,1016.5,0.0,0.0,,100.0
2025-03-15 05:00:00,-14.5,-13.9,,-14.8,,74.0,10.8,20.8,37.0,38.0,1018.4,0.0,0.0,,100.0
2025-03-15 06:00:00,-15.1,-14.8,-12.5,-15.3,-16.3,74.0,8.5,14.3,22.0,24.0,1019.7,0.0,0.0,3.3,100.0
2025-03-15 07:00:00,-15.4,-15.1,,-15.6,,72.0,11.2,18.2,30.0,30.0,1020.6,0.0,0.0,,100.0
2025-03-15 08:00:00,-15.6,-15.2,,-16.1,,70.0,11.6,17.6,31.0,36.0,1021.9,1.0,0.0,,100.0
2025-03-15 09:00:00,-15.7,-15.1,,-16.3,,69.0,9.3,14.2,35.0,31.0,1022.9,19.0,0.0,,100.0
2025-03-15 10:00:00,-16.2,-15.7,,-16.4,,70.0,9.6,14.2,48.0,47.0,1024.2,57.0,0.0,,100.0
2025-03-15 11:00:00,-15.0,-14.7,,-15.6,,62.0,5.6,9.0,63.0,63.0,1025.3,98.0,0.0,,100.0
2025-03-15 12:00:00,-14.7,-14.5,-12.5,-15.0,-16.4,67.0,2.7,6.2,135.0,66.0,1026.1,121.0,0.0,0.5,100.0
2025-03-15 13:00:00,-14.3,-13.9,,-14.6,,72.0,0.7,1.9,329.0,112.0,1026.8,149.0,0.0,,100.0
2025-03-15 14:00:00,-13.8,-13.2,,-14.4,,68.0,0.2,0.7,314.0,349.0,1027.1,184.0,0.1,,100.0
2025-03-15 15:00:00,-13.9,-13.5,,-14.0,,68.0,0.5,1.2,40.0,153.0,1027.1,161.0,0.0,,100.0
2025-03-15 16:00:00,-14.1,-13.8,,-14.3,,68.0,0.8,1.6,289.0,319.0,1027.3,161.0,0.0,,100.0
2025-03-15 17:00:00,-13.9,-13.8,,-14.2,,69.0,0.5,1.1,66.0,39.0,1027.2,121.0,0.2,,100.0
2025-03-15 18:00:00,-13.8,-13.4,-13.2,-14.1,-16.4,71.0,0.3,1.1,158.0,152.0,1027.3,83.0,0.2,0.5,100.0
2025-03-15 19:00:00,-14.3,-14.0,,-14.8,,74.0,0.0,0.4,331.0,0.0,1027.4,28.0,0.1,,90.0
2025-03-15 20:00:00,,,,,,,,2.9,,,1027.4,3.0,,,25.0
2025-03-15 21:00:00,-15.7,-15.2,,-16.0,,50.0,2.7,4.8,28.0,27.0,1026.9,0.0,0.0,,
2025-03-15 22:00:00,-15.9,-15.6,,-16.0,,50.0,3.4,4.7,19.0,20.0,1026.6,0.0,0.0,,
2025-03-15 23:00:00,-15.6,-15.4,,-15.9,,50.0,3.2,4.4,26.0,23.0,1026.1,0.0,0.0,,
2025-03-16 00:00:00,-15.6,-15.3,-13.2,-15.9,-16.0,52.0,3.0,4.3,20.0,22.0,1025.7,0.0,0.0,0.6,90.0
2025-03-16 01:00:00,-15.6,-15.1,,-15.9,,,2.6,4.0,22.0,22.0,1025.1,0.0,,,100.0
2025-03-16 02:00:00,-15.1,-14.4,,-15.9,,56.0,1.9,3.9,22.0,26.0,1024.2,0.0,0.1,,100.0
2025-03-16 03:00:00,-14.1,-13.5,,-14.5,,54.0,0.3,1.3,62.0,120.0,1023.3,0.0,0.0,,100.0
2025-03-16 04:00:00,,,,,,,0.6,1.9,113.0,267.0,1022.1,0.0,,,100.0
2025-03-16 05:00:00,-14.4,-14.1,,-14.7,,55.0,0.7,1.8,141.0,195.0,1021.2,0.0,0.1,,100.0
2025-03-16 06:00:00,-14.2,-14.0,-13.4,-14.5,-16.0,57.0,0.7,2.1,138.0,100.0,1020.2,0.0,0.1,0.9,100.0
2025-03-16 07:00:00,-16.0,-14.0,,-17.3,,72.0,1.8,6.0,160.0,154.0,1019.2,0.0,0.0,,75.0
2025-03-16 08:00:00,-16.6,-16.3,,-17.1,,77.0,1.0,3.2,163.0,171.0,1018.5,1.0,0.0,,100.0
2025-03-16 09:00:00,-16.4,-15.8,,-17.0,,76.0,2.1,4.7,92.0,142.0,1017.6,19.0,0.0,,90.0
2025-03-16 10:00:00,-16.7,-16.3,,-17.0,,78.0,3.2,5.7,142.0,136.0,1017.1,51.0,0.0,,100.0
2025-03-16 11:00:00,-16.4,-16.0,,-16.5,,80.0,1.6,3.8,67.0,112.0,1016.9,84.0,0.2,,100.0
2025-03-16 12:00:00,-15.6,-15.3,-13.4,-15.9,-17.3,77.0,1.3,4.0,134.0,108.0,1016.1,108.0,0.4,1.5,50.0
2025-03-16 13:00:00,-15.2,-15.0,,-15.5,,77.0,3.3,5.7,136.0,128.0,1015.7,139.0,0.1,,100.0
2025-03-16 14:00:00,-14.7,-14.3,,-15.0,,75.0,3.3,6.6,135.0,124.0,1015.0,168.0,0.1,,90.0
2025-03-16 16:00:00,-13.6,-12.7,,-14.3,,73.0,2.8,6.2,110.0,149.0,1015.3,119.0,0.2,,90.0
2025-03-16 17:00:00,-13.8,-13.0,,-14.1,,77.0,2.0,4.4,279.0,212.0,1015.2,75.0,0.2,,100.0
2025-03-16 18:00:00,-13.5,-12.9,-12.7,-13.8,-17.3,78.0,1.0,2.2,28.0,16.0,1015.3,69.0,0.1,1.8,
2025-03-16 19:00:00,,,,,,77.0,,3.0,,,,34.0,0.1,,
2025-03-16 20:00:00,-12.4,-11.8,,-13.1,,76.0,1.0,3.4,81.0,25.0,1014.5,5.0,0.1,,
2025-03-16 21:00:00,-11.8,-11.4,,-12.4,,75.0,1.3,2.7,176.0,133.0,1014.3,0.0,0.1,,
2025-03-16 22:00:00,-11.7,-11.0,,-12.2,,75.0,1.7,7.8,134.0,156.0,1014.3,0.0,0.1,,90.0
2025-03-16 23:00:00,-11.2,-10.3,,-12.1,,75.0,1.6,7.3,358.0,9.0,1013.8,0.0,0.4,,100.0
2025-03-17 00:00:00,-11.5,-11.0,-10.3,-11.7,-15.5,76.0,0.9,2.8,165.0,199.0,1013.6,0.0,0.0,2.4,100.0
2025-03-17 01:00:00,-11.6,-11.3,,-11.8,,,0.7,2.6,151.0,141.0,1013.2,0.0,,,100.0
2025-03-17 02:00:00,-11.5,-11.3,,-11.8,,76.0,1.3,2.4,152.0,151.0,1012.7,0.0,0.0,,100.0
2025-03-17 03:00:00,-12.2,-11.8,,-12.9,,75.0,1.2,2.8,285.0,229.0,1011.8,0.0,0.0,,100.0
2025-03-17 04:00:00,-13.1,-12.8,,-13.2,,82.0,0.6,2.2,308.0,311.0,1010.5,0.0,0.0,,100.0
2025-03-17 05:00:00,-13.3,-12.9,,-13.5,,88.0,1.5,3.0,296.0,294.0,1009.8,0.0,0.0,,
2025-03-17 06:00:00,-13.3,-13.3,-10.3,-13.4,-13.5,89.0,0.8,2.0,256.0,264.0,1008.9,0.0,0.1,2.2,
2025-03-17 07:00:00,-13.4,-13.3,,-13.4,,88.0,0.5,3.3,239.0,226.0,1008.2,0.0,0.1,,100.0
2025-03-17 08:00:00,-13.7,-13.5,,-14.3,,87.0,2.4,5.6,229.0,236.0,1007.3,3.0,0.0,,100.0
2025-03-17 09:00:00,-14.2,-14.0,,-14.4,,86.0,1.0,3.9,245.0,256.0,1006.8,53.0,0.1,,100.0
2025-03-17 10:00:00,-14.5,-14.3,,-14.7,,82.0,2.7,5.2,100.0,127.0,1006.2,167.0,0.1,,60.0
2025-03-17 11:00:00,-14.3,-14.0,,-14.6,,80.0,2.6,5.2,126.0,116.0,1005.8,185.0,0.6,,40.0
2025-03-17 12:00:00,-14.3,-14.0,-11.2,-14.5,-14.7,79.0,2.4,5.1,119.0,124.0,1005.4,218.0,0.2,2.6,60.0
2025-03-17 13:00:00,-13.9,-13.3,,-14.3,,79.0,3.2,6.1,126.0,111.0,1005.3,291.0,0.2,,
2025-03-17 14:00:00,-13.1,-12.8,,-13.5,,77.0,3.4,7.2,96.0,124.0,1004.6,297.0,0.0,,
2025-03-17 15:00:00,-13.2,-12.2,,-13.9,,79.0,3.5,7.2,124.0,131.0,1005.3,203.0,0.4,,
2025-03-17 16:00:00,-13.7,-12.6,,-14.1,,79.0,4.5,9.0,98.0,131.0,1005.8,214.0,0.0,,10.0
2025-03-17 17:00:00,-11.9,-11.3,,-12.8,,75.0,3.8,7.7,61.0,106.0,1007.1,153.0,0.0,,50.0
2025-03-17 18:00:00,-12.1,-11.3,-11.3,-12.9,-14.7,76.0,4.6,17.9,29.0,3.0,1007.5,76.0,0.0,2.4,100.0
2025-03-17 19:00:00,,,,,,,,,,,1007.6,26.0,,,100.0
2025-03-17 20:00:00,-14.0,-13.6,,-14.3,,74.0,19.5,26.7,38.0,44.0,1008.7,3.0,0.0,,100.0
2025-03-17 21:00:00,-14.5,-14.1,,-14.7,,73.0,21.0,27.6,50.0,47.0,1009.7,0.0,0.0,,100.0
2025-03-17 22:00:00,-14.6,-14.4,,-14.8,,73.0,21.4,31.9,46.0,50.0,1010.7,0.0,0.0,,100.0
2025-03-17 23:00:00,-14.9,-14.7,,-15.0,,79.0,19.7,29.6,35.0,42.0,1012.3,0.0,0.0,,100.0
2025-03-18 00:00:00,-14.8,-14.6,-11.3,-14.9,-15.0,78.0,18.4,26.8,32.0,38.0,1015.0,0.0,0.0,1.7,100.0
2025-03-18 01:00:00,-14.2,-13.9,,-14.7,,,14.6,19.6,40.0,32.0,1016.9,0.0,,,100.0
2025-03-18 02:00:00,-14.0,-13.8,,-14.3,,62.0,12.3,17.8,44.0,38.0,1018.0,0.0,0.0,,10.0
2025-03-18 03:00:00,-14.1,-13.9,,-14.4,,56.0,10.9,17.0,44.0,42.0,1018.9,0.0,0.0,,
2025-03-18 04:00:00,-13.8,-13.5,,-14.2,,53.0,10.2,15.3,42.0,41.0,1020.0,0.0,0.0,,
2025-03-18 05:00:00,-14.0,-13.6,,-14.4,,53.0,7.9,12.0,25.0,26.0,1020.7,0.0,0.0,,
2025-03-18 06:00:00,-14.0,-13.5,-12.6,-14.5,-15.0,53.0,7.9,12.0,37.0,41.0,1021.7,0.0,0.0,1.5,
2025-03-18 07:00:00,-14.4,-13.9,,-15.7,,54.0,7.3,11.4,31.0,38.0,1022.9,0.0,0.0,,
2025-03-18 08:00:00,-15.0,-14.2,,-15.5,,55.0,4.8,9.6,24.0,28.0,1023.7,5.0,0.0,,
2025-03-18 09:00:00,-15.6,-14.8,,-16.3,,56.0,2.0,3.8,43.0,29.0,1024.1,32.0,0.1,,
2025-03-18 10:00:00,-16.1,-15.0,,-16.7,,58.0,2.1,3.5,24.0,24.0,1024.2,119.0,0.0,,10.0
2025-03-18 11:00:00,-15.0,-14.1,,-16.2,,58.0,1.3,3.1,24.0,46.0,1024.3,189.0,0.2,,60.0
2025-03-18 12:00:00,-13.8,-13.5,-13.5,-14.1,-16.7,58.0,2.1,4.9,56.0,61.0,1024.1,257.0,0.0,0.8,100.0
2025-03-18 13:00:00,,,,,,,2.4,4.4,106.0,118.0,1023.8,298.0,,,90.0
2025-03-18 14:00:00,-13.0,-12.2,,-13.5,,55.0,2.7,5.4,129.0,132.0,1023.7,314.0,0.0,,50.0
2025-03-18 15:00:00,-13.5,-13.2,,-13.7,,53.0,2.5,5.5,79.0,111.0,1022.8,273.0,0.0,,100.0
2025-03-18 16:00:00,-13.4,-13.1,,-13.7,,52.0,4.4,6.6,82.0,75.0,1021.5,244.0,0.0,,100.0
2025-03-18 17:00:00,-13.3,-13.2,,-13.4,,47.0,4.4,7.6,105.0,100.0,1020.1,138.0,0.0,,
2025-03-18 18:00:00,-13.4,-13.2,-12.2,-13.6,-16.7,51.0,5.0,8.1,90.0,92.0,1018.7,164.0,0.0,0.2,
2025-03-18 19:00:00,,,,,,,,,,,1017.8,62.0,,,
2025-03-18 20:00:00,-14.0,-13.5,,-14.3,,61.0,5.4,7.9,88.0,83.0,1016.3,11.0,0.0,,
2025-03-18 21:00:00,-14.2,-13.8,,-14.5,,66.0,4.8,7.3,65.0,84.0,1015.7,0.0,0.0,,
2025-03-18 22:00:00,-14.8,-14.1,,-16.6,,71.0,4.1,7.2,161.0,83.0,1015.3,0.0,0.0,,
2025-03-18 23:00:00,-17.3,-16.7,,-17.7,,87.0,0.8,2.1,215.0,205.0,1015.0,0.0,0.0,,
2025-03-19 00:00:00,-17.8,-17.7,-12.2,-18.2,-18.2,87.0,0.3,1.1,35.0,51.0,1014.7,0.0,0.1,0.3,
2025-03-19 01:00:00,-18.1,-17.8,,-18.5,,,0.5,1.5,100.0,113.0,1014.8,0.0,,,
2025-03-19 02:00:00,-18.9,-18.4,,-19.6,,85.0,1.3,3.8,209.0,29.0,1014.9,0.0,0.3,,
2025-03-19 03:00:00,-20.9,-19.2,,-22.0,,83.0,0.9,2.0,106.0,145.0,1015.1,0.0,0.2,,
2025-03-19 04:00:00,-19.2,-17.3,,-21.6,,83.0,1.2,2.7,226.0,53.0,1015.0,0.0,1.1,,
2025-03-19 05:00:00,-18.3,-16.8,,-19.9,,81.0,1.0,3.3,77.0,186.0,1015.4,0.0,0.6,,
2025-03-19 06:00:00,-17.3,-14.7,-13.4,-18.6,-22.0,77.0,1.8,4.7,73.0,35.0,1015.7,0.0,0.1,2.7,25.0
2025-03-19 07:00:00,-18.1,-16.7,,-21.0,,77.0,0.6,2.6,203.0,208.0,1015.7,0.0,0.5,,
2025-03-19 08:00:00,-19.7,-16.5,,-21.8,,79.0,1.0,4.0,12.0,26.0,1015.7,6.0,0.4,,
2025-03-19 09:00:00,-20.9,-19.6,,-22.6,,76.0,1.3,3.5,164.0,163.0,1016.1,27.0,0.3,,
2025-03-19 10:00:00,-19.5,-16.7,,-21.6,,72.0,0.8,2.4,296.0,177.0,1015.6,127.0,0.4,,
2025-03-19 11:00:00,-18.2,-15.2,,-21.0,,66.0,1.1,2.6,162.0,192.0,1015.5,213.0,2.7,,10.0
2025-03-19 12:00:00,-16.5,-14.8,-14.7,-18.7,-22.6,63.0,0.9,2.8,151.0,228.0,1015.3,264.0,1.7,8.5,
2025-03-19 13:00:00,-17.9,-15.5,,-19.0,,67.0,1.4,3.4,68.0,154.0,1015.0,289.0,0.6,,10.0
2025-03-19 14:00:00,-18.5,-17.4,,-19.3,,70.0,1.0,2.6,359.0,148.0,1014.3,235.0,0.0,,50.0
2025-03-19 15:00:00,-18.7,-18.0,,-19.3,,73.0,1.0,2.2,150.0,162.0,1013.8,211.0,0.2,,90.0
2025-03-19 16:00:00,-18.5,-17.4,,-19.0,,75.0,1.3,4.0,147.0,152.0,1013.0,200.0,0.0,,40.0
2025-03-19 17:00:00,-17.4,-16.7,,-18.4,,72.0,1.0,3.3,149.0,150.0,1012.4,148.0,0.1,,100.0
2025-03-19 18:00:00,-17.3,-16.3,-14.8,-18.0,-22.6,74.0,1.1,2.8,251.0,127.0,1012.0,92.0,0.1,9.5,100.0
2025-03-19 19:00:00,,,,,,76.0,,,,,,41.0,0.0,,10.0
2025-03-19 20:00:00,-17.6,-16.9,,-18.0,,76.0,0.3,1.8,204.0,167.0,1011.0,7.0,0.1,,100.0
2025-03-19 21:00:00,-17.8,-17.1,,-18.2,,79.0,0.5,1.7,191.0,183.0,1010.6,0.0,0.0,,100.0
2025-03-19 22:00:00,-17.4,-16.5,,-17.8,,80.0,0.7,1.7,265.0,164.0,1010.3,0.0,0.0,,100.0
2025-03-19 23:00:00,-16.3,-14.3,,-17.1,,80.0,0.4,1.5,72.0,37.0,1009.5,0.0,0.0,,100.0
2025-03-20 00:00:00,-14.5,-13.6,-13.6,-15.8,-19.3,78.0,0.5,2.4,354.0,288.0,1009.2,0.0,0.0,9.5,100.0
2025-03-20 01:00:00,-14.6,-13.5,,-15.6,,,0.9,2.4,234.0,45.0,1008.5,0.0,,,100.0
2025-03-20 02:00:00,-15.6,-15.2,,-15.8,,85.0,0.9,2.2,158.0,157.0,1007.9,0.0,0.1,,100.0
2025-03-20 03:00:00,-14.9,-14.5,,-15.4,,85.0,1.1,2.5,143.0,133.0,1007.4,0.0,0.1,,100.0
2025-03-20 04:00:00,-15.4,-14.5,,-15.9,,85.0,1.6,3.8,56.0,138.0,1006.3,0.0,0.1,,100.0
2025-03-20 05:00:00,-15.3,-15.0,,-15.5,,86.0,0.9,2.7,146.0,137.0,1006.0,0.0,0.3,,100.0
2025-03-20 06:00:00,-14.9,-14.5,-13.5,-15.2,-18.2,86.0,0.8,2.4,151.0,156.0,1005.5,0.0,0.3,7.9,100.0
2025-03-20 07:00:00,-14.4,-13.7,,-14.9,,86.0,1.1,3.7,209.0,206.0,1005.3,0.0,0.3,,100.0
2025-03-20 08:00:00,-14.5,-14.3,,-14.7,,87.0,2.0,4.2,122.0,138.0,1005.0,4.0,0.4,,100.0
2025-03-20 09:00:00,-14.8,-14.2,,-15.4,,85.0,1.9,5.6,126.0,131.0,1005.1,27.0,0.7,,100.0
2025-03-20 10:00:00,-15.0,-14.4,,-15.5,,85.0,1.0,3.1,142.0,178.0,1005.5,61.0,0.7,,
2025-03-20 11:00:00,-14.8,-14.5,,-15.2,,84.0,1.6,6.6,297.0,289.0,1004.7,105.0,0.4,,100.0
2025-03-20 12:00:00,-13.3,-11.9,-11.9,-14.7,-15.9,83.0,2.6,5.9,216.0,326.0,1004.6,154.0,0.0,4.2,100.0
2025-03-20 13:00:00,-13.2,-11.7,,-13.6,,82.0,1.7,5.4,335.0,153.0,1004.2,255.0,0.0,,100.0
2025-03-20 14:00:00,-12.6,-11.5,,-13.2,,81.0,2.3,7.0,32.0,311.0,1003.7,220.0,0.0,,100.0
2025-03-20 15:00:00,-10.6,-9.8,,-11.9,,76.0,5.7,14.7,34.0,26.0,1002.9,186.0,0.0,,100.0
2025-03-20 16:00:00,-10.1,-9.4,,-10.9,,75.0,5.9,14.5,47.0,36.0,1002.6,134.0,0.0,,100.0
2025-03-20 17:00:00,-10.1,-9.8,,-10.6,,74.0,8.2,15.5,31.0,30.0,1001.9,102.0,0.0,,100.0
2025-03-20 18:00:00,-10.2,-9.7,-9.4,-10.7,-15.5,,7.1,13.5,23.0,33.0,1001.8,62.0,,,100.0
2025-03-20 19:00:00,,,,,,,,,,,1001.3,29.0,,,100.0
2025-03-20 20:00:00,-11.1,-10.6,,-11.3,,75.0,10.2,16.0,26.0,27.0,1000.2,6.0,0.0,,100.0
2025-03-20 21:00:00,-10.8,-9.9,,-11.2,,74.0,10.3,17.1,24.0,26.0,999.0,0.0,0.0,,100.0
2025-03-20 22:00:00,-10.3,-9.7,,-10.7,,75.0,8.8,18.8,27.0,28.0,998.2,0.0,0.0,,100.0
2025-03-20 23:00:00,-10.6,-10.0,,-11.1,,77.0,9.5,18.1,25.0,41.0,997.0,0.0,0.0,,100.0
2025-03-21 00:00:00,-10.9,-10.7,-9.4,-11.0,-13.6,79.0,10.6,15.4,25.0,26.0,995.8,0.0,0.0,3.2,
2025-03-21 01:00:00,,,,,,,8.5,15.1,15.0,23.0,,0.0,0.0,,
2025-03-21 02:00:00,-10.9,-10.5,,-11.5,,84.0,4.8,8.5,328.0,354.0,994.2,0.0,0.8,,
2025-03-21 03:00:00,-11.5,-11.1,,-11.7,,88.0,2.1,5.9,212.0,313.0,993.2,0.0,1.1,,
2025-03-21 04:00:00,-11.7,-11.6,,-11.8,,89.0,1.1,3.0,329.0,295.0,992.4,0.0,3.2,,
2025-03-21 05:00:00,-11.2,-10.9,,-11.5,,88.0,2.0,4.4,330.0,324.0,991.6,0.0,1.6,,
2025-03-21 06:00:00,-11.2,-10.8,-9.7,-11.4,-11.8,88.0,1.4,4.7,151.0,183.0,991.4,0.0,1.2,10.3,100.0
2025-03-21 07:00:00,,,,,,,,3.8,,,990.8,0.0,,,100.0
2025-03-21 08:00:00,-10.9,-10.4,,-11.6,,87.0,2.4,4.3,149.0,117.0,991.2,11.0,0.2,,100.0
2025-03-21 09:00:00,-11.3,-10.6,,-11.9,,85.0,3.4,6.6,96.0,95.0,991.2,76.0,0.1,,100.0
2025-03-21 10:00:00,-10.2,-9.2,,-11.1,,78.0,1.6,4.3,76.0,80.0,992.0,146.0,0.0,,100.0
2025-03-21 11:00:00,-8.8,-7.9,,-9.7,,71.0,6.1,12.5,300.0,301.0,992.4,228.0,0.0,,100.0
2025-03-21 12:00:00,-7.8,-7.3,-7.3,-8.0,-11.9,64.0,6.7,11.1,296.0,299.0,993.1,291.0,0.0,8.6,
2025-03-21 13:00:00,-7.4,-7.0,,-7.9,,62.0,5.4,10.2,295.0,285.0,994.0,338.0,0.0,,
2025-03-21 14:00:00,-6.8,-6.3,,-7.2,,59.0,2.8,5.9,296.0,295.0,994.4,362.0,0.0,,
2025-03-21 15:00:00,-6.1,-5.6,,-7.5,,54.0,2.5,6.5,19.0,329.0,994.7,298.0,0.0,,
2025-03-21 16:00:00,-7.8,-6.8,,-8.9,,61.0,3.3,10.1,127.0,103.0,995.3,311.0,0.0,,
2025-03-21 17:00:00,-9.5,-8.5,,-10.3,,73.0,4.5,10.0,50.0,108.0,996.3,247.0,0.3,,
2025-03-21 18:00:00,-9.8,-9.1,-5.6,-10.6,-11.9,70.0,1.4,4.1,335.0,352.0,997.3,167.0,0.0,8.9,
2025-03-21 19:00:00,-10.7,-10.2,,-11.3,,,5.8,9.9,34.0,29.0,997.3,82.0,,,
2025-03-21 20:00:00,-10.4,-9.4,,-11.3,,73.0,6.7,10.4,37.0,31.0,998.0,15.0,2.0,,
2025-03-21 21:00:00,-11.3,-10.4,,-12.3,,75.0,8.3,13.5,43.0,32.0,998.8,0.0,0.4,,
2025-03-21 22:00:00,-11.6,-11.0,,-12.1,,71.0,9.3,15.4,27.0,29.0,999.2,0.0,0.0,,
2025-03-21 23:00:00,-11.5,-11.2,,-12.1,,68.0,8.5,14.5,24.0,26.0,999.4,0.0,0.0,,
2025-03-22 00:00:00,-11.4,-10.3,-5.6,-12.0,-12.3,68.0,11.5,16.3,23.0,24.0,999.0,0.0,0.0,15.8,50.0
2025-03-22 01:00:00,-11.0,-10.5,,-11.5,,,9.1,14.5,25.0,24.0,1000.2,0.0,,,
2025-03-22 02:00:00,-11.2,-10.9,,-11.6,,64.0,6.9,12.1,2.0,21.0,1001.0,0.0,0.0,,
2025-03-22 03:00:00,-12.3,-11.4,,-13.7,,68.0,3.6,8.4,334.0,328.0,1001.6,0.0,0.6,,
2025-03-22 04:00:00,-12.0,-11.1,,-13.1,,69.0,7.6,16.0,26.0,357.0,1001.3,0.0,0.6,,10.0
2025-03-22 05:00:00,-11.7,-11.1,,-12.3,,72.0,6.0,13.1,328.0,351.0,1001.7,0.0,0.5,,10.0
2025-03-22 06:00:00,-12.1,-11.7,-9.4,-12.6,-13.7,76.0,1.8,6.9,308.0,327.0,1002.1,0.0,0.5,10.0,
2025-03-22 07:00:00,-13.9,-12.1,,-16.9,,79.0,0.8,2.2,73.0,22.0,1002.6,0.0,1.1,,
2025-03-22 08:00:00,-15.5,-14.7,,-16.6,,84.0,1.4,3.2,28.0,52.0,1002.4,9.0,0.5,,
2025-03-22 09:00:00,-14.8,-14.1,,-16.0,,77.0,1.8,4.3,22.0,23.0,1002.5,38.0,0.5,,
2025-03-22 10:00:00,-14.0,-13.5,,-14.8,,72.0,0.7,2.5,39.0,23.0,1002.3,154.0,0.8,,
2025-03-22 11:00:00,-13.4,-12.2,,-14.9,,69.0,0.7,1.5,114.0,144.0,1002.4,236.0,2.3,,
2025-03-22 12:00:00,-14.1,-11.3,-10.5,-16.5,-16.9,66.0,1.6,3.5,110.0,143.0,1002.6,306.0,6.4,20.7,
2025-03-22 13:00:00,-15.3,-13.5,,-16.3,,68.0,1.9,4.6,148.0,153.0,1002.8,353.0,7.4,,
2025-03-22 14:00:00,-15.9,-15.2,,-16.8,,70.0,2.7,5.4,165.0,159.0,1002.7,370.0,1.2,,
2025-03-22 15:00:00,-16.2,-13.6,,-17.7,,71.0,1.5,3.7,188.0,160.0,1002.8,307.0,1.3,,50.0
2025-03-22 16:00:00,-14.6,-12.8,,-16.9,,69.0,1.5,3.1,23.0,49.0,1002.6,303.0,0.7,,100.0
2025-03-22 17:00:00,-14.0,-12.7,,-16.1,,74.0,1.6,4.5,129.0,149.0,1002.9,177.0,1.0,,100.0
2025-03-22 18:00:00,-12.7,-9.9,-9.9,-15.4,-17.7,75.0,2.5,6.9,290.0,38.0,1002.6,117.0,1.3,33.4,100.0
2025-03-22 19:00:00,,,,,,79.0,1.2,2.8,197.0,137.0,,66.0,0.0,,
2025-03-22 20:00:00,-13.8,-13.4,,-14.3,,82.0,0.8,2.9,22.0,39.0,1003.6,19.0,0.0,,100.0
2025-03-22 21:00:00,-14.2,-13.7,,-14.7,,85.0,1.0,3.2,140.0,75.0,1003.9,1.0,0.0,,100.0
2025-03-22 22:00:00,-14.3,-13.5,,-16.0,,84.0,0.6,2.1,254.0,96.0,1004.6,0.0,0.3,,100.0
2025-03-22 23:00:00,-15.7,-15.2,,-16.3,,86.0,0.4,1.4,192.0,180.0,1004.6,0.0,0.0,,100.0
2025-03-23 00:00:00,-16.0,-15.4,-9.9,-16.7,-17.7,84.0,0.7,1.4,186.0,138.0,1004.8,0.0,0.0,26.7,100.0
2025-03-23 01:00:00,,,,,,,,,,,1004.8,0.0,,,100.0
2025-03-23 02:00:00,-17.2,-16.4,,-17.8,,84.0,0.7,2.1,184.0,158.0,1004.7,0.0,0.1,,100.0
2025-03-23 03:00:00,-18.5,-17.9,,-18.9,,84.0,1.1,2.2,174.0,150.0,1004.7,0.0,0.0,,100.0
2025-03-23 04:00:00,-18.7,-18.0,,-19.2,,85.0,0.6,2.0,244.0,109.0,1004.9,0.0,0.1,,100.0
2025-03-23 05:00:00,-18.3,-16.8,,-19.5,,85.0,0.6,1.6,351.0,354.0,1004.8,0.0,0.3,,100.0
2025-03-23 07:00:00,-17.5,-16.0,,-18.5,,84.0,0.5,1.4,134.0,182.0,1005.1,0.0,0.2,,100.0
2025-03-23 08:00:00,-16.7,-15.8,,-17.3,,84.0,1.0,2.7,23.0,39.0,1005.3,12.0,0.2,,100.0
2025-03-23 09:00:00,-15.3,-14.7,,-16.5,,80.0,1.3,3.7,149.0,37.0,1005.3,64.0,1.0,,100.0
2025-03-23 10:00:00,-14.3,-12.9,,-16.0,,74.0,0.5,1.9,191.0,208.0,1005.2,187.0,1.4,,100.0
2025-03-23 11:00:00,-14.6,-12.8,,-16.0,,74.0,0.5,1.8,94.0,96.0,1005.1,261.0,4.4,,100.0
2025-03-23 12:00:00,-13.8,-12.1,-12.1,-15.0,-19.5,74.0,0.9,2.2,359.0,52.0,1004.7,253.0,2.6,23.6,100.0
2025-03-23 13:00:00,-12.8,-11.8,,-13.9,,71.0,0.5,1.5,52.0,241.0,1004.7,268.0,3.6,,100.0
2025-03-23 14:00:00,-12.2,-10.3,,-13.7,,69.0,0.7,2.1,327.0,26.0,1005.0,280.0,1.7,,100.0
2025-03-23 15:00:00,-11.4,-10.3,,-13.4,,66.0,0.9,5.3,140.0,125.0,1005.3,273.0,1.8,,100.0
2025-03-23 16:00:00,-10.7,-8.8,,-12.4,,65.0,0.6,1.5,262.0,147.0,1005.3,303.0,0.0,,60.0
2025-03-23 17:00:00,-8.6,-7.9,,-9.4,,53.0,0.2,1.0,133.0,160.0,1005.7,292.0,0.0,,100.0
2025-03-23 18:00:00,-8.7,-6.9,-6.9,-9.7,-18.5,54.0,0.1,1.6,67.0,75.0,1006.3,237.0,0.0,17.8,100.0
2025-03-23 19:00:00,-10.2,-9.1,,-11.0,,64.0,0.9,2.7,65.0,65.0,1007.3,119.0,0.0,,50.0
2025-03-23 20:00:00,-12.5,-10.6,,-13.4,,72.0,0.8,2.3,14.0,346.0,1008.2,25.0,1.0,,
2025-03-23 22:00:00,-14.0,-12.8,,-15.0,,68.0,2.3,4.3,34.0,27.0,1009.4,0.0,0.0,,
2025-03-23 23:00:00,-14.6,-14.0,,-15.2,,67.0,2.2,3.9,26.0,26.0,1009.8,0.0,0.0,,
2025-03-24 00:00:00,-15.3,-14.0,-6.9,-16.3,-16.3,67.0,2.9,5.2,20.0,21.0,1010.1,0.0,0.1,18.6,
2025-03-24 01:00:00,,,,-15.5,,,2.8,5.7,26.0,24.0,1010.4,0.0,,,
2025-03-24 02:00:00,-15.2,-14.0,,-16.3,,,1.1,3.2,31.0,47.0,1010.7,0.0,,,
2025-03-24 03:00:00,-16.1,-15.0,,-17.1,,75.0,2.2,4.3,32.0,31.0,1010.7,0.0,0.2,,
2025-03-24 04:00:00,-16.4,-15.7,,-16.8,,74.0,2.3,4.4,42.0,32.0,1011.1,0.0,0.1,,
2025-03-24 05:00:00,-17.1,-15.6,,-18.4,,76.0,1.4,3.4,38.0,9.0,1011.2,0.0,0.3,,
2025-03-24 06:00:00,-17.0,-16.2,-9.1,-17.9,-18.4,72.0,2.5,4.9,36.0,28.0,1011.1,0.0,0.1,19.0,
2025-03-24 07:00:00,-18.1,-16.6,,-24.8,,70.0,1.6,4.5,244.0,18.0,1011.8,0.0,0.8,,
2025-03-24 08:00:00,-20.2,-17.9,,-24.8,,81.0,1.6,4.6,23.0,33.0,1012.1,12.0,0.4,,
2025-03-24 09:00:00,-17.7,-16.4,,-19.5,,74.0,0.7,2.7,36.0,29.0,1012.0,48.0,0.5,,
2025-03-24 10:00:00,-17.7,-16.6,,-18.5,,73.0,0.7,1.9,59.0,18.0,1012.0,177.0,1.9,,
2025-03-24 11:00:00,-16.9,-15.8,,-18.5,,72.0,0.6,1.8,52.0,158.0,1012.2,272.0,0.0,,
2025-03-24 12:00:00,-16.4,-14.8,-14.0,-17.9,-24.8,74.0,0.7,1.9,268.0,7.0,1012.1,299.0,0.0,12.8,
2025-03-24 13:00:00,-15.9,-14.2,,-17.5,,72.0,0.6,2.5,209.0,84.0,1012.1,354.0,0.0,,
2025-03-24 14:00:00,-17.0,-15.6,,-19.0,,72.0,0.7,2.4,52.0,350.0,1011.5,443.0,0.0,,
2025-03-24 15:00:00,-16.3,-14.2,,-18.3,,74.0,0.8,2.7,0.0,22.0,1010.9,385.0,0.3,,10.0
2025-03-24 16:00:00,-15.4,-14.5,,-16.2,,72.0,0.8,2.6,24.0,33.0,1010.4,360.0,0.1,,
2025-03-24 17:00:00,-16.5,-14.4,,-18.4,,76.0,0.9,2.3,21.0,86.0,1010.2,233.0,0.0,,
2025-03-24 18:00:00,-17.3,-16.0,-14.2,-18.8,-24.8,77.0,1.1,3.3,24.0,13.0,1010.2,186.0,0.7,6.8,
2025-03-24 19:00:00,,,,,,,1.2,4.5,20.0,6.0,1009.7,107.0,1.2,,10.0
2025-03-24 20:00:00,-16.0,-15.5,,-16.7,,79.0,1.2,4.2,192.0,23.0,1009.5,20.0,0.1,,10.0
2025-03-24 21:00:00,-16.6,-16.0,,-17.3,,79.0,0.9,2.5,26.0,29.0,1009.0,1.0,0.0,,50.0
2025-03-24 22:00:00,-16.2,-15.6,,-16.7,,75.0,0.4,1.1,30.0,26.0,1008.6,0.0,0.0,,100.0
2025-03-24 23:00:00,-15.8,-14.8,,-17.1,,74.0,0.4,2.2,193.0,44.0,1008.3,0.0,0.2,,100.0
2025-03-25 00:00:00,-14.9,-14.4,-14.2,-15.4,-19.0,74.0,0.4,1.4,345.0,34.0,1008.1,0.0,0.3,7.5,100.0
2025-03-25 01:00:00,,,,,,,0.1,1.3,30.0,138.0,,0.0,0.5,,
2025-03-25 02:00:00,-17.8,-14.4,,-21.3,,79.0,0.5,1.5,251.0,107.0,1007.8,0.0,0.1,,75.0
2025-03-25 03:00:00,-20.5,-20.1,,-21.2,,85.0,0.3,1.0,106.0,220.0,1007.7,0.0,0.0,,90.0
2025-03-25 04:00:00,-20.9,-19.9,,-21.8,,83.0,0.3,1.1,57.0,118.0,1007.8,0.0,0.0,,
2025-03-25 05:00:00,-20.6,-19.5,,-22.0,,87.0,0.4,1.1,242.0,58.0,1007.7,0.0,0.3,,100.0
2025-03-25 06:00:00,-19.7,-19.5,-14.3,-20.0,-22.0,85.0,0.4,1.4,61.0,66.0,1007.8,0.0,0.1,7.4,100.0
2025-03-25 07:00:00,-19.2,-18.6,,-20.2,,84.0,0.7,1.7,39.0,37.0,1008.3,0.0,0.3,,100.0
2025-03-25 08:00:00,-18.7,-17.5,,-20.3,,83.0,0.4,1.3,37.0,24.0,1008.3,12.0,0.6,,100.0
2025-03-25 09:00:00,-18.9,-16.5,,-20.0,,82.0,0.2,1.3,64.0,65.0,1008.3,47.0,0.6,,100.0
2025-03-25 10:00:00,-18.8,-18.0,,-19.5,,82.0,0.4,1.1,147.0,185.0,1008.5,129.0,1.4,,100.0
2025-03-25 11:00:00,-16.8,-15.1,,-18.9,,82.0,0.4,1.3,61.0,172.0,1008.4,159.0,2.5,,100.0
2025-03-25 12:00:00,-18.9,-16.3,-14.3,-20.0,-22.0,79.0,0.3,1.0,291.0,292.0,1008.3,317.0,0.3,9.4,100.0
2025-03-25 13:00:00,-15.4,-14.4,,-16.2,,80.0,0.3,0.8,184.0,173.0,1008.4,368.0,0.0,,25.0
2025-03-25 14:00:00,-14.3,-13.1,,-15.8,,78.0,0.2,0.8,57.0,349.0,1008.6,388.0,0.0,,
2025-03-25 15:00:00,-13.9,-12.9,,-15.1,,78.0,0.2,1.1,333.0,259.0,1008.7,338.0,0.0,,100.0
2025-03-25 16:00:00,-16.1,-14.3,,-17.1,,78.0,0.3,1.4,358.0,248.0,1008.8,249.0,0.0,,100.0
2025-03-25 17:00:00,-16.5,-16.1,,-17.1,,78.0,0.3,1.0,195.0,128.0,1009.1,189.0,0.0,,100.0
2025-03-25 18:00:00,-15.0,-14.2,-12.9,-16.1,-20.3,76.0,0.3,1.2,308.0,258.0,1009.1,202.0,0.4,8.7,100.0
2025-03-25 19:00:00,,,,,,78.0,0.6,1.3,252.0,288.0,,116.0,0.0,,
2025-03-25 20:00:00,-15.1,-14.1,,-16.0,,82.0,0.8,1.9,31.0,17.0,1010.3,31.0,0.3,,100.0
2025-03-25 21:00:00,-16.0,-15.6,,-16.6,,85.0,0.7,2.1,354.0,42.0,1010.9,1.0,0.0,,25.0
2025-03-25 22:00:00,-15.8,-14.5,,-17.0,,77.0,1.1,2.9,296.0,354.0,1011.3,0.0,0.4,,100.0
2025-03-25 23:00:00,-16.1,-15.2,,-16.9,,80.0,0.0,0.5,0.0,0.0,1011.5,0.0,0.2,,25.0
2025-03-26 00:00:00,-16.0,-15.1,-12.9,-17.0,-17.1,67.0,0.0,0.0,0.0,0.0,1011.7,0.0,0.3,8.0,
2025-03-26 01:00:00,,,,,,,0.2,1.7,5.0,5.0,,0.0,0.2,,
2025-03-26 02:00:00,-17.6,-15.5,,-19.2,,72.0,1.0,3.3,27.0,32.0,1012.0,0.0,0.3,,75.0
2025-03-26 03:00:00,-16.9,-15.0,,-20.3,,64.0,1.6,3.7,317.0,15.0,1012.1,0.0,0.9,,75.0
2025-03-26 04:00:00,-18.7,-17.7,,-19.6,,82.0,0.7,2.0,352.0,284.0,1012.1,0.0,0.0,,25.0
2025-03-26 05:00:00,-19.0,-17.6,,-21.3,,80.0,0.5,1.7,104.0,137.0,1012.1,0.0,0.3,,100.0
2025-03-26 06:00:00,-21.4,-19.0,-13.9,-23.0,-23.0,81.0,1.0,2.7,159.0,160.0,1012.3,0.0,0.1,8.8,90.0
2025-03-26 07:00:00,-18.7,-17.6,,-20.4,,73.0,1.0,2.4,221.0,181.0,1012.1,1.0,1.2,,75.0
2025-03-26 08:00:00,-18.5,-17.7,,-19.4,,71.0,0.5,1.9,327.0,221.0,1012.4,19.0,0.1,,25.0
2025-03-26 09:00:00,-16.8,-15.5,,-17.7,,66.0,0.2,1.4,51.0,233.0,1012.5,74.0,0.2,,100.0
2025-03-26 10:00:00,-17.4,-14.5,,-20.9,,61.0,0.6,2.1,19.0,185.0,1012.6,154.0,0.0,,50.0
2025-03-26 11:00:00,-17.6,-15.2,,-21.0,,64.0,0.5,2.1,314.0,247.0,1012.1,312.0,0.0,,100.0
2025-03-26 12:00:00,-18.1,-14.9,-14.5,-22.9,-23.0,58.0,1.9,5.7,169.0,16.0,1012.3,350.0,0.0,4.7,40.0
2025-03-26 13:00:00,-21.9,-20.4,,-22.8,,70.0,1.2,3.1,104.0,152.0,1012.0,382.0,0.0,,
2025-03-26 14:00:00,-20.2,-17.5,,-21.7,,65.0,1.4,4.4,25.0,43.0,1011.8,400.0,0.0,,
2025-03-26 15:00:00,-16.6,-14.0,,-20.4,,57.0,1.1,3.6,56.0,118.0,1011.7,337.0,0.3,,
2025-03-26 16:00:00,-13.2,-11.2,,-17.2,,48.0,2.3,5.8,360.0,11.0,1011.4,347.0,0.0,,
2025-03-26 17:00:00,-12.1,-11.5,,-13.9,,47.0,5.1,9.3,25.0,26.0,1011.1,291.0,0.3,,25.0
2025-03-26 18:00:00,-13.7,-11.9,-11.2,-15.8,-22.9,51.0,3.6,7.4,12.0,21.0,1011.1,164.0,0.0,5.0,40.0
2025-03-26 19:00:00,,,,,,,3.9,9.5,66.0,43.0,1010.9,82.0,0.8,,25.0
2025-03-26 20:00:00,-13.9,-13.4,,-14.4,,48.0,7.5,10.1,19.0,29.0,1011.0,18.0,0.0,,100.0
2025-03-26 21:00:00,-13.9,-13.3,,-14.8,,46.0,6.3,9.4,27.0,39.0,1010.9,1.0,0.0,,10.0
2025-03-26 22:00:00,-14.9,-13.4,,-17.0,,48.0,3.7,8.0,23.0,18.0,1011.0,0.0,0.0,,
2025-03-26 23:00:00,-16.0,-15.4,,-16.5,,52.0,3.6,7.3,42.0,30.0,1011.0,0.0,0.0,,90.0
2025-03-27 00:00:00,-15.2,-14.0,-11.2,-15.9,-22.8,49.0,5.7,7.8,23.0,21.0,1010.5,0.0,0.0,4.6,90.0
2025-03-27 01:00:00,-15.4,-13.9,,-16.4,,,4.1,7.2,23.0,24.0,1010.4,0.0,,,90.0
2025-03-27 02:00:00,-15.2,-14.6,,-16.0,,47.0,2.3,6.5,297.0,356.0,1010.2,0.0,0.0,,60.0
2025-03-27 03:00:00,-15.6,-15.1,,-16.3,,48.0,0.7,4.8,39.0,27.0,1010.0,0.0,0.2,,50.0
2025-03-27 04:00:00,-15.9,-15.4,,-16.3,,48.0,1.8,4.0,21.0,26.0,1009.7,0.0,0.1,,
2025-03-27 05:00:00,-15.6,-14.6,,-16.6,,47.0,2.0,4.9,25.0,20.0,1009.4,0.0,0.1,,
2025-03-27 06:00:00,-16.1,-15.2,-13.3,-17.3,-17.3,50.0,0.6,3.1,34.0,48.0,1009.4,0.0,0.0,3.2,
2025-03-27 07:00:00,-17.9,-16.7,,-19.1,,57.0,1.9,4.0,34.0,24.0,1009.5,1.0,0.3,,
2025-03-27 08:00:00,-17.2,-16.6,,-18.2,,56.0,1.0,2.8,174.0,33.0,1009.4,16.0,0.2,,
2025-03-27 09:00:00,-16.9,-15.9,,-17.6,,55.0,0.3,1.3,25.0,46.0,1009.3,71.0,0.2,,
2025-03-27 10:00:00,-15.5,-14.6,,-16.6,,51.0,0.3,1.2,153.0,165.0,1009.5,197.0,0.0,,
2025-03-27 11:00:00,-15.9,-13.0,,-17.2,,56.0,0.5,2.5,0.0,42.0,1009.4,281.0,0.0,,
2025-03-27 12:00:00,-14.5,-12.8,-12.8,-16.2,-19.1,55.0,0.2,1.4,49.0,60.0,1009.3,348.0,0.0,2.3,
2025-03-27 13:00:00,-17.7,-15.6,,-19.7,,60.0,0.5,1.4,173.0,89.0,1009.5,393.0,0.0,,
2025-03-27 14:00:00,-16.8,-15.2,,-18.5,,62.0,0.5,1.4,153.0,161.0,1009.4,413.0,0.0,,
2025-03-27 15:00:00,-15.0,-14.0,,-16.2,,59.0,0.1,0.6,0.0,132.0,1009.1,354.0,0.0,,
2025-03-27 16:00:00,-17.7,-15.6,,-20.5,,65.0,,,,,,,0.0,,
2025-03-27 17:00:00,-17.8,-15.5,,-21.1,,65.0,,,,,,,0.0,,
2025-03-27 18:00:00,-18.4,-16.8,-12.8,-20.1,-21.1,67.0,0.2,1.1,155.0,183.0,1009.2,213.0,0.0,1.7,
2025-03-27 19:00:00,,,,,,,,,,,1009.3,78.0,,,
2025-03-27 20:00:00,-16.9,-15.6,,-18.4,,60.0,0.6,1.4,9.0,17.0,1009.3,40.0,0.5,,
2025-03-27 21:00:00,-20.0,-17.5,,-21.9,,67.0,0.8,2.2,27.0,45.0,1009.5,1.0,0.0,,
2025-03-27 22:00:00,-18.3,-17.0,,-20.2,,56.0,2.3,4.4,24.0,27.0,1009.2,0.0,0.6,,
2025-03-27 23:00:00,-18.2,-17.0,,-19.8,,55.0,0.9,2.7,327.0,27.0,1009.3,0.0,0.2,,
2025-03-28 00:00:00,-18.7,-17.4,-14.0,-19.5,-21.9,60.0,0.8,1.6,158.0,166.0,1009.7,0.0,0.2,2.7,
2025-03-28 01:00:00,,,,,,,0.2,0.9,45.0,198.0,1009.8,0.0,,,
2025-03-28 02:00:00,-18.4,-17.5,,-18.9,,61.0,0.3,1.2,325.0,1.0,1010.1,0.0,0.5,,
2025-03-28 03:00:00,-18.9,-18.0,,-20.6,,57.0,0.6,2.2,356.0,22.0,1010.0,0.0,0.2,,
2025-03-28 04:00:00,-18.9,-18.1,,-20.7,,56.0,0.5,1.3,233.0,54.0,1010.1,0.0,0.6,,
2025-03-28 05:00:00,-20.7,-20.4,,-21.0,,80.0,0.2,0.8,305.0,216.0,1010.3,0.0,0.1,,
2025-03-28 06:00:00,-19.3,-18.4,-15.6,-20.6,-21.9,67.0,0.2,0.8,55.0,65.0,1010.5,0.0,0.2,4.3,
2025-03-28 07:00:00,-20.0,-18.4,,-21.0,,68.0,0.4,1.6,171.0,209.0,1011.2,2.0,0.0,,
2025-03-28 08:00:00,-20.0,-19.5,,-20.6,,68.0,0.2,0.9,0.0,264.0,1011.7,24.0,0.1,,
2025-03-28 09:00:00,-19.4,-18.1,,-20.6,,58.0,0.6,2.3,0.0,18.0,1012.0,87.0,0.3,,
2025-03-28 10:00:00,-17.9,-16.9,,-18.6,,54.0,0.3,0.9,200.0,200.0,1012.1,203.0,0.0,,
2025-03-28 11:00:00,-17.5,-16.0,,-19.1,,51.0,0.2,1.0,77.0,87.0,1012.5,266.0,0.3,,
2025-03-28 12:00:00,-19.0,-17.2,-16.0,-20.4,-21.0,57.0,0.2,1.0,141.0,188.0,1012.8,310.0,0.7,5.1,
2025-03-28 13:00:00,-17.9,-15.6,,-19.9,,57.0,0.2,0.9,246.0,189.0,1012.9,391.0,0.4,,
2025-03-28 14:00:00,-15.7,-13.7,,-17.9,,49.0,0.1,0.8,142.0,126.0,1013.1,401.0,0.7,,
2025-03-28 15:00:00,-18.1,-16.7,,-19.2,,57.0,0.3,1.2,238.0,221.0,1013.1,369.0,0.0,,
2025-03-28 16:00:00,-19.3,-16.8,,-22.1,,60.0,0.3,1.0,29.0,133.0,1013.2,365.0,0.0,,
2025-03-28 17:00:00,-16.8,-15.7,,-18.6,,55.0,0.3,1.0,152.0,30.0,1013.1,303.0,0.0,,
2025-03-28 18:00:00,-17.9,-16.9,-13.7,-19.1,-22.1,59.0,0.2,0.9,63.0,114.0,1013.3,205.0,0.0,0.0,
2025-03-28 19:00:00,,,,,,,0.2,1.0,63.0,305.0,,128.0,1.4,,
2025-03-28 20:00:00,-17.8,-16.7,,-18.4,,59.0,0.2,0.8,205.0,184.0,1013.4,47.0,1.6,,
2025-03-28 21:00:00,-18.3,-17.5,,-19.1,,62.0,0.1,0.7,44.0,205.0,1013.7,3.0,0.4,,
2025-03-28 22:00:00,-19.7,-18.3,,-20.4,,65.0,0.4,1.9,36.0,24.0,1013.7,0.0,0.0,,
2025-03-28 23:00:00,-18.2,-17.6,,-19.2,,55.0,0.6,2.2,26.0,34.0,1013.6,0.0,1.2,,
2025-03-29 00:00:00,-19.1,-18.4,-13.7,-19.8,-22.1,55.0,1.9,3.7,20.0,22.0,1013.6,0.0,0.9,0.0,
2025-03-29 01:00:00,,,,,,,0.7,1.9,33.0,22.0,,0.0,1.3,,
2025-03-29 02:00:00,-18.2,-17.2,,-19.5,,52.0,1.6,4.3,38.0,25.0,1013.3,0.0,1.7,,
2025-03-29 03:00:00,-17.6,-16.8,,-18.6,,50.0,0.7,3.4,65.0,19.0,1013.2,0.0,1.0,,
2025-03-29 04:00:00,-19.4,-18.2,,-21.1,,58.0,0.2,0.9,66.0,298.0,1013.3,0.0,0.5,,
2025-03-29 05:00:00,-20.5,-19.5,,-21.4,,67.0,0.5,1.4,107.0,80.0,1013.2,0.0,0.4,,
2025-03-29 06:00:00,-20.7,-18.9,-16.3,-25.2,-25.2,62.0,1.2,2.9,283.0,8.0,1013.3,0.0,1.1,0.0,50.0
2025-03-29 07:00:00,-22.9,-20.6,,-24.2,,75.0,0.5,1.5,167.0,191.0,1013.2,4.0,0.0,,
2025-03-29 08:00:00,-21.6,-20.3,,-22.3,,65.0,0.5,1.7,206.0,150.0,1013.2,25.0,0.7,,40.0
2025-03-29 09:00:00,-20.6,-19.2,,-22.1,,61.0,0.5,1.4,41.0,55.0,1013.1,92.0,1.1,,10.0
2025-03-29 10:00:00,-19.8,-18.3,,-20.6,,58.0,0.5,1.3,357.0,320.0,1013.0,208.0,0.6,,75.0
2025-03-29 11:00:00,-19.8,-18.2,,-23.1,,56.0,0.5,1.5,331.0,29.0,1012.8,232.0,2.9,,
2025-03-29 12:00:00,-23.2,-19.7,-16.8,-26.4,-26.4,67.0,0.4,1.1,51.0,124.0,1013.1,174.0,0.9,0.0,
2025-03-29 13:00:00,-20.7,-18.8,,-24.1,,58.0,0.5,1.3,274.0,244.0,1013.2,395.0,5.4,,
2025-03-29 14:00:00,-18.6,-17.2,,-20.2,,55.0,0.2,0.9,10.0,269.0,1013.2,423.0,2.2,,
2025-03-29 15:00:00,-20.9,-18.8,,-22.7,,61.0,0.3,1.5,166.0,138.0,1013.1,384.0,1.4,,
2025-03-29 16:00:00,-17.7,-16.0,,-18.9,,55.0,0.4,1.6,0.0,153.0,1012.8,368.0,0.4,,
2025-03-29 17:00:00,-18.4,-15.9,,-21.0,,56.0,0.5,1.1,226.0,286.0,1012.8,305.0,0.6,,
2025-03-29 18:00:00,-18.1,-15.4,-15.4,-20.0,-26.4,55.0,0.2,1.1,78.0,71.0,1013.0,221.0,0.3,27.7,
2025-03-29 19:00:00,,,,,,,0.3,1.1,276.0,115.0,,132.0,1.6,,
2025-03-29 20:00:00,-19.1,-18.8,,-19.4,,62.0,0.5,2.0,21.0,40.0,1013.9,51.0,2.2,,
2025-03-29 21:00:00,-19.6,-18.4,,-20.3,,64.0,1.3,2.5,19.0,22.0,1014.3,4.0,1.4,,
2025-03-29 22:00:00,-18.8,-17.8,,-21.0,,58.0,1.1,2.2,56.0,40.0,1014.5,0.0,0.3,,
2025-03-29 23:00:00,-18.9,-17.6,,-21.4,,57.0,0.7,1.5,39.0,23.0,1014.8,0.0,1.7,,
2025-03-30 00:00:00,-21.3,-19.8,-15.4,-24.0,-24.1,66.0,0.4,1.2,37.0,49.0,1015.0,0.0,0.8,30.2,
2025-03-30 01:00:00,,,,,,,0.4,1.6,191.0,123.0,1015.4,0.0,,,
2025-03-30 02:00:00,-21.7,-20.6,,-22.7,,72.0,0.5,1.2,0.0,123.0,1015.9,0.0,0.4,,50.0
2025-03-30 03:00:00,-21.2,-20.6,,-22.0,,68.0,0.2,1.0,89.0,19.0,1016.1,0.0,1.1,,40.0
2025-03-30 04:00:00,-20.1,-19.0,,-20.8,,62.0,0.3,2.7,21.0,24.0,1016.3,0.0,1.4,,75.0
2025-03-30 05:00:00,-19.9,-18.5,,-22.9,,61.0,0.7,2.2,129.0,82.0,1016.9,0.0,0.8,,
2025-03-30 06:00:00,-21.0,-19.4,-17.6,-23.1,-24.0,69.0,0.3,1.8,50.0,48.0,1017.1,0.0,0.6,28.7,60.0
2025-03-30 07:00:00,-21.4,-19.0,,-23.5,,68.0,0.5,1.5,343.0,320.0,1018.1,3.0,0.5,,100.0
2025-03-30 08:00:00,-20.2,-18.3,,-22.5,,65.0,0.6,1.9,299.0,270.0,1018.2,31.0,0.9,,100.0
2025-03-30 09:00:00,-18.2,-16.6,,-20.0,,60.0,1.0,4.3,188.0,2.0,1018.8,125.0,1.7,,100.0
2025-03-30 10:00:00,-19.6,-17.5,,-21.9,,61.0,0.4,1.8,180.0,166.0,1019.3,144.0,2.1,,10.0
2025-03-30 11:00:00,-19.6,-18.2,,-22.0,,67.0,0.9,3.4,72.0,242.0,1019.4,248.0,3.4,,100.0
2025-03-30 12:00:00,-18.3,-14.7,-14.7,-20.8,-23.5,70.0,2.4,7.2,48.0,26.0,1019.4,273.0,0.7,31.8,100.0
2025-03-30 13:00:00,-17.1,-13.9,,-21.0,,68.0,3.1,7.3,138.0,42.0,1019.7,331.0,4.9,,100.0
2025-03-30 14:00:00,-20.8,-18.3,,-22.0,,70.0,1.3,3.2,174.0,145.0,1019.8,287.0,1.8,,100.0
2025-03-30 15:00:00,-16.4,-14.4,,-20.7,,70.0,2.8,10.8,20.0,26.0,1018.9,323.0,1.8,,100.0
2025-03-30 16:00:00,-18.4,-15.9,,-20.7,,70.0,1.8,5.6,82.0,22.0,1019.4,310.0,1.1,,100.0
2025-03-30 17:00:00,-21.7,-20.6,,-22.1,,75.0,0.9,3.9,156.0,155.0,1018.9,200.0,0.6,,100.0
2025-03-30 18:00:00,-17.8,-14.4,-13.9,-21.8,-23.5,73.0,4.5,11.6,22.0,24.0,1017.9,157.0,0.9,32.6,100.0
2025-03-30 19:00:00,,,,,,,,,,,1017.5,81.0,,,100.0
2025-03-30 20:00:00,-19.7,-14.4,,-21.3,,77.0,2.1,6.2,113.0,112.0,1017.8,29.0,0.0,,100.0
2025-03-30 21:00:00,-20.6,-19.3,,-21.2,,81.0,1.7,4.7,147.0,168.0,1017.4,4.0,0.0,,100.0
2025-03-30 22:00:00,-16.8,-15.0,,-20.9,,74.0,5.7,12.2,29.0,29.0,1016.1,1.0,0.0,,100.0
2025-03-30 23:00:00,-15.1,-14.8,,-15.3,,70.0,9.9,13.9,26.0,28.0,1015.4,0.0,0.0,,100.0
2025-03-31 00:00:00,-14.5,-14.3,-13.9,-14.8,-22.1,67.0,10.5,16.2,24.0,25.0,1014.4,0.0,0.0,24.7,100.0
2025-03-31 01:00:00,-14.5,-14.3,,-14.6,,,10.1,17.1,19.0,23.0,1013.9,0.0,,,100.0
2025-03-31 02:00:00,-14.5,-14.4,,-14.7,,71.0,12.1,17.0,23.0,22.0,1014.0,0.0,0.0,,100.0
2025-03-31 03:00:00,-14.6,-14.4,,-14.8,,72.0,12.0,15.9,26.0,25.0,1012.8,0.0,0.0,,100.0
2025-03-31 04:00:00,-14.7,-14.5,,-14.8,,72.0,13.5,19.0,21.0,24.0,1011.6,0.0,0.0,,100.0
2025-03-31 05:00:00,-14.8,-14.6,,-15.0,,73.0,13.1,17.5,24.0,23.0,1011.3,0.0,0.0,,100.0
2025-03-31 06:00:00,-14.9,-14.7,-14.3,-15.1,-21.3,74.0,13.3,18.4,24.0,25.0,1011.5,0.0,0.0,20.3,100.0
2025-03-31 07:00:00,,,,,,,12.7,16.9,26.0,,1011.2,2.0,,,100.0
2025-03-31 08:00:00,-14.6,-14.3,,-14.9,,72.0,10.7,16.3,29.0,27.0,1011.2,18.0,0.0,,100.0
2025-03-31 09:00:00,-13.9,-13.7,,-14.3,,70.0,10.6,16.0,24.0,25.0,1010.7,68.0,0.0,,100.0
2025-03-31 10:00:00,-14.0,-13.6,,-14.2,,69.0,9.7,15.0,27.0,25.0,1011.0,111.0,0.0,,100.0
2025-03-31 11:00:00,-14.0,-13.7,,-14.2,,70.0,6.5,12.4,319.0,18.0,1011.0,146.0,0.0,,100.0
2025-03-31 12:00:00,-13.9,-13.5,-13.5,-14.3,-15.2,75.0,1.7,7.3,354.0,330.0,1010.9,191.0,0.0,11.1,100.0
2025-03-31 13:00:00,-14.0,-13.6,,-14.3,,78.0,1.4,7.2,283.0,291.0,1011.1,220.0,0.2,,100.0
2025-03-31 14:00:00,-13.8,-13.5,,-14.0,,80.0,1.5,3.4,298.0,264.0,1011.2,274.0,0.5,,100.0
2025-03-31 15:00:00,-13.3,-12.4,,-13.9,,77.0,0.6,1.9,247.0,279.0,1011.2,254.0,0.8,,100.0
2025-03-31 16:00:00,-13.7,-13.0,,-14.8,,74.0,2.1,9.6,25.0,37.0,1010.9,210.0,0.8,,100.0
2025-03-31 17:00:00,-14.3,-13.7,,-15.1,,71.0,5.0,9.9,40.0,32.0,1011.0,162.0,0.0,,100.0
2025-03-31 18:00:00,-14.6,-14.0,-12.4,-15.2,-15.2,73.0,4.7,9.2,34.0,36.0,1011.6,103.0,0.0,2.1,100.0
2025-03-31 19:00:00,-14.8,-14.5,,-15.3,,,4.9,9.7,51.0,42.0,1011.3,58.0,,,100.0
2025-03-31 20:00:00,-15.0,-14.6,,-15.8,,73.0,4.0,10.8,46.0,40.0,1011.6,28.0,0.0,,100.0
2025-03-31 22:00:00,-15.1,-14.9,,-15.5,,74.0,3.9,8.3,28.0,33.0,1011.3,0.0,0.1,,100.0
2025-03-31 23:00:00,-15.0,-14.5,,-15.4,,76.0,3.6,7.9,29.0,31.0,1011.3,0.0,0.2,,100.0
2025-04-01 00:00:00,-14.9,-14.4,-12.4,-15.7,-15.8,77.0,3.9,11.1,51.0,37.0,1010.9,0.0,0.3,2.8,
2025-04-01 01:00:00,,,,,,,7.9,12.7,49.0,37.0,,0.0,0.4,,
2025-04-01 02:00:00,-15.5,-14.9,,-15.8,,77.0,8.0,13.1,42.0,36.0,1010.2,0.0,0.0,,100.0
2025-04-01 03:00:00,-15.3,-14.9,,-16.2,,77.0,6.4,12.7,35.0,37.0,1010.3,0.0,0.1,,
2025-04-01 04:00:00,-15.6,-15.2,,-16.1,,76.0,7.0,12.7,27.0,31.0,1010.6,0.0,0.3,,
2025-04-01 05:00:00,-15.6,-15.2,,-16.4,,78.0,5.3,11.1,27.0,31.0,1010.6,0.0,0.6,,
2025-04-01 06:00:00,-15.2,-14.9,-14.4,-15.4,-16.4,78.0,4.1,7.9,29.0,30.0,1010.4,0.0,0.5,4.7,100.0
2025-04-01 07:00:00,-14.9,-14.4,,-15.5,,78.0,3.2,6.6,124.0,40.0,1011.0,4.0,0.2,,100.0
2025-04-01 08:00:00,-15.3,-15.0,,-15.5,,85.0,1.1,3.0,51.0,157.0,1011.6,28.0,0.4,,100.0
2025-04-01 09:00:00,-14.9,-14.7,,-15.3,,84.0,0.9,2.3,243.0,153.0,1012.6,69.0,0.6,,100.0
2025-04-01 10:00:00,-14.9,-14.7,,-15.0,,83.0,0.5,1.9,8.0,254.0,1013.1,113.0,0.5,,100.0
2025-04-01 11:00:00,-14.7,-14.5,,-14.9,,82.0,1.0,2.1,247.0,298.0,1013.6,205.0,0.5,,100.0
2025-04-01 12:00:00,-13.8,-13.2,-13.2,-14.5,-16.4,79.0,0.2,0.9,230.0,201.0,1014.4,228.0,0.0,6.9,100.0
2025-04-01 13:00:00,-13.1,-12.3,,-13.6,,77.0,0.3,1.3,27.0,41.0,1015.2,305.0,0.9,,100.0
2025-04-01 14:00:00,-13.5,-13.3,,-13.7,,77.0,0.8,1.9,238.0,330.0,1015.7,307.0,0.8,,100.0
2025-04-01 15:00:00,-13.4,-12.3,,-13.8,,78.0,0.8,1.9,0.0,208.0,1016.0,286.0,0.0,,100.0
2025-04-01 16:00:00,-13.4,-12.3,,-13.8,,76.0,0.8,1.9,193.0,220.0,1016.2,247.0,0.6,,100.0
2025-04-01 17:00:00,-13.6,-13.5,,-13.8,,78.0,1.1,2.3,79.0,141.0,1016.5,199.0,0.3,,100.0
2025-04-01 18:00:00,-13.0,-12.5,-12.3,-13.5,-15.5,76.0,0.2,0.9,31.0,162.0,1017.0,161.0,0.9,8.1,100.0
2025-04-01 19:00:00,,,,,,,0.2,1.2,252.0,,1017.3,87.0,,,100.0
2025-04-01 20:00:00,-13.6,-13.5,,-13.7,,80.0,0.3,0.8,0.0,125.0,1018.1,37.0,0.4,,100.0
2025-04-01 21:00:00,-13.7,-13.5,,-14.0,,82.0,0.7,2.1,296.0,311.0,1018.4,6.0,0.0,,100.0
2025-04-01 22:00:00,-14.1,-14.0,,-14.3,,85.0,0.6,1.5,208.0,280.0,1018.7,0.0,0.0,,100.0
2025-04-01 23:00:00,-14.2,-14.2,,-14.3,,85.0,0.4,1.3,255.0,259.0,1018.7,0.0,0.1,,100.0
2025-04-02 00:00:00,-14.7,-14.3,-12.3,-14.8,-14.8,84.0,0.6,1.3,287.0,265.0,1018.8,0.0,0.2,8.6,100.0
2025-04-02 01:00:00,,,,,,,,,,,1019.2,0.0,,,100.0
2025-04-02 02:00:00,-15.0,-14.8,,-15.2,,82.0,0.5,2.4,266.0,282.0,1019.0,0.0,0.1,,100.0
2025-04-02 03:00:00,-15.3,-14.9,,-15.5,,82.0,0.9,2.5,153.0,269.0,1018.7,0.0,0.3,,100.0
2025-04-02 04:00:00,-15.2,-14.7,,-15.4,,82.0,1.3,4.1,325.0,271.0,1018.6,0.0,0.3,,100.0
2025-04-02 05:00:00,-15.1,-14.6,,-15.2,,82.0,1.0,3.9,25.0,323.0,1018.9,0.0,0.1,,100.0
2025-04-02 06:00:00,-14.8,-14.5,-13.1,-15.1,-15.5,81.0,1.1,2.9,149.0,36.0,1018.6,0.0,0.3,7.8,100.0
2025-04-02 07:00:00,-14.9,-14.7,,-15.1,,84.0,0.5,1.3,332.0,124.0,1018.2,5.0,0.1,,100.0
2025-04-02 08:00:00,-15.1,-14.6,,-15.4,,84.0,1.4,3.2,66.0,182.0,1018.6,34.0,0.4,,100.0
2025-04-02 09:00:00,-14.7,-14.3,,-15.1,,83.0,0.7,2.3,140.0,79.0,1018.5,80.0,0.6,,100.0
2025-04-02 10:00:00,-14.0,-13.6,,-14.4,,79.0,0.4,1.9,221.0,214.0,1018.2,151.0,0.4,,100.0
2025-04-02 11:00:00,-14.5,-13.8,,-15.0,,79.0,0.7,1.8,261.0,224.0,1018.7,226.0,0.7,,100.0
2025-04-02 12:00:00,-14.3,-13.6,-13.6,-14.6,-15.5,78.0,0.8,2.3,241.0,246.0,1018.1,276.0,0.2,8.0,100.0
2025-04-02 13:00:00,-14.4,-13.5,,-14.6,,78.0,1.0,2.1,133.0,200.0,1017.9,284.0,0.3,,100.0
2025-04-02 14:00:00,-14.2,-13.5,,-14.6,,76.0,0.6,1.5,48.0,60.0,1017.6,284.0,0.5,,100.0
2025-04-02 15:00:00,-13.9,-13.2,,-14.3,,75.0,0.9,1.9,150.0,173.0,1017.3,282.0,0.6,,100.0
2025-04-02 16:00:00,-13.9,-13.7,,-14.1,,76.0,1.9,3.5,118.0,119.0,1017.2,266.0,0.6,,100.0
2025-04-02 17:00:00,-13.4,-13.1,,-13.8,,75.0,1.2,3.2,166.0,159.0,1017.2,250.0,0.6,,100.0
2025-04-02 18:00:00,-13.8,-13.5,-13.1,-13.9,-15.4,77.0,1.1,2.3,81.0,177.0,1017.6,175.0,0.2,7.3,100.0
2025-04-02 19:00:00,-13.6,-13.2,,-13.8,,,1.5,3.4,115.0,97.0,1018.3,127.0,,,100.0
2025-04-02 20:00:00,-13.6,-13.2,,-14.1,,76.0,0.6,1.8,312.0,5.0,1019.5,67.0,0.7,,100.0
2025-04-02 21:00:00,-15.5,-14.1,,-17.4,,80.0,0.7,3.0,76.0,11.0,1020.3,9.0,1.0,,100.0
2025-04-02 22:00:00,-17.9,-16.4,,-18.6,,82.0,2.6,4.8,21.0,22.0,1021.0,0.0,0.3,,
2025-04-02 23:00:00,-18.4,-17.7,,-19.4,,82.0,2.9,5.0,69.0,52.0,1022.3,0.0,0.0,,10.0
2025-04-03 00:00:00,-17.9,-16.1,-13.1,-18.8,-19.4,83.0,2.9,6.3,36.0,38.0,1022.8,0.0,0.3,9.2,
2025-04-03 01:00:00,,,,,,,,,,,1023.8,0.0,,,50.0
2025-04-03 02:00:00,-17.7,-17.2,,-18.2,,84.0,2.2,3.8,16.0,25.0,1024.1,0.0,0.4,,75.0
2025-04-03 03:00:00,-18.6,-17.7,,-19.5,,84.0,2.2,3.9,23.0,24.0,1024.9,0.0,0.4,,
2025-04-03 04:00:00,-19.1,-18.7,,-19.8,,83.0,3.3,4.5,33.0,23.0,1025.0,0.0,0.1,,
2025-04-03 05:00:00,-19.0,-18.0,,-19.5,,82.0,2.9,5.6,87.0,61.0,1025.0,0.0,0.7,,10.0
2025-04-03 06:00:00,-16.8,-15.7,-13.2,-18.9,-19.8,81.0,3.6,5.5,79.0,84.0,1025.1,0.0,0.4,10.4,100.0
2025-04-03 07:00:00,-15.2,-14.6,,-15.9,,82.0,2.9,5.0,124.0,94.0,1025.4,9.0,0.0,,100.0
2025-04-03 08:00:00,-15.5,-15.2,,-16.3,,82.0,0.9,2.0,119.0,163.0,1025.6,39.0,0.0,,100.0
2025-04-03 09:00:00,-15.2,-14.5,,-16.6,,80.0,0.7,2.0,181.0,59.0,1025.7,152.0,0.7,,
2025-04-03 10:00:00,-15.9,-14.9,,-16.6,,80.0,0.5,1.3,17.0,126.0,1026.1,250.0,0.5,,10.0
2025-04-03 11:00:00,-15.6,-14.3,,-16.3,,77.0,0.7,3.1,14.0,353.0,1025.9,334.0,1.6,,
2025-04-03 12:00:00,,,,,,,,,,,1026.2,401.0,,,
2025-04-03 13:00:00,-16.3,-15.7,,-16.8,,71.0,1.6,4.1,145.0,153.0,1026.1,446.0,3.4,,
2025-04-03 14:00:00,-16.1,-15.4,,-18.0,,70.0,2.8,4.6,146.0,144.0,1026.3,462.0,1.0,,
2025-04-03 15:00:00,-16.8,-14.8,,-18.9,,69.0,1.7,3.8,205.0,158.0,1026.6,444.0,0.5,,
2025-04-03 16:00:00,-18.2,-17.4,,-19.1,,70.0,1.7,4.4,156.0,155.0,1026.7,408.0,0.4,,
2025-04-03 17:00:00,-16.1,-13.5,,-18.6,,67.0,1.1,3.6,259.0,68.0,1026.0,340.0,0.3,,
2025-04-03 18:00:00,-13.4,-11.6,-11.6,-15.4,-19.1,59.0,1.0,2.6,104.0,65.0,1026.3,256.0,0.0,15.9,
2025-04-03 19:00:00,,,,,,,,,,,1026.4,161.0,,,
2025-04-03 20:00:00,-17.2,-15.8,,-18.4,,71.0,2.8,6.6,140.0,139.0,1027.0,64.0,0.0,,
2025-04-03 21:00:00,-17.3,-14.8,,-19.2,,72.0,1.4,5.5,62.0,88.0,1027.4,12.0,0.0,,
2025-04-03 22:00:00,-14.0,-12.7,,-16.4,,62.0,0.9,2.6,32.0,77.0,1027.2,1.0,0.0,,
2025-04-03 23:00:00,-14.5,-11.6,,-15.5,,64.0,1.1,3.8,59.0,94.0,1027.2,0.0,0.0,,
2025-04-04 00:00:00,-13.0,-11.4,-10.7,-14.6,-19.2,61.0,2.0,4.9,156.0,155.0,1027.5,0.0,0.0,12.9,
2025-04-04 01:00:00,-13.4,-11.3,,-16.0,,64.0,2.9,6.4,115.0,136.0,1028.0,0.0,0.0,,
2025-04-04 02:00:00,-12.9,-10.9,,-14.6,,63.0,1.9,3.6,131.0,137.0,1027.9,0.0,0.0,,100.0
2025-04-04 03:00:00,-11.5,-10.5,,-12.6,,60.0,0.9,3.8,169.0,128.0,1027.5,0.0,0.0,,75.0
2025-04-04 04:00:00,-13.5,-12.3,,-14.7,,68.0,1.0,3.3,244.0,250.0,1027.3,0.0,0.0,,100.0
2025-04-04 05:00:00,-13.3,-11.7,,-14.8,,72.0,1.2,3.0,28.0,99.0,1026.9,0.0,0.0,,10.0
2025-04-04 06:00:00,-13.5,-11.3,-10.5,-14.6,-19.2,75.0,1.5,3.2,64.0,82.0,1026.6,1.0,0.0,10.6,10.0
2025-04-04 07:00:00,-12.9,-11.9,,-14.3,,74.0,0.8,3.0,146.0,152.0,1026.6,10.0,0.0,,100.0
2025-04-04 08:00:00,-12.5,-12.1,,-12.8,,77.0,0.6,2.0,223.0,162.0,1026.5,32.0,0.0,,100.0
2025-04-04 09:00:00,-12.5,-12.3,,-12.6,,78.0,0.6,2.2,153.0,162.0,1026.2,75.0,0.0,,100.0
2025-04-04 10:00:00,-11.7,-11.3,,-12.3,,74.0,0.8,2.1,179.0,162.0,1026.2,134.0,0.0,,100.0
2025-04-04 11:00:00,-10.7,-10.0,,-11.4,,73.0,1.1,3.2,120.0,150.0,1025.7,270.0,0.0,,10.0
2025-04-04 12:00:00,-9.9,-9.0,-9.0,-10.5,-16.0,74.0,2.6,6.0,116.0,139.0,1025.7,403.0,0.0,5.6,
2025-04-04 13:00:00,-9.6,-8.4,,-10.1,,71.0,1.4,3.9,256.0,159.0,1024.7,439.0,0.0,,
2025-04-04 14:00:00,-9.2,-7.8,,-10.0,,68.0,0.7,1.6,226.0,209.0,1024.2,455.0,0.0,,
2025-04-04 15:00:00,-9.8,-8.5,,-10.4,,73.0,1.2,4.8,141.0,152.0,1023.4,438.0,0.0,,
2025-04-04 16:00:00,-9.7,-8.7,,-10.4,,74.0,1.5,4.4,159.0,147.0,1022.8,403.0,0.0,,
2025-04-04 17:00:00,-10.2,-9.4,,-10.6,,77.0,1.8,4.2,161.0,164.0,1021.8,342.0,0.0,,
2025-04-04 18:00:00,-10.5,-9.6,-7.8,-11.0,-14.3,78.0,1.8,3.7,114.0,134.0,1021.4,245.0,0.0,0.0,
2025-04-04 19:00:00,-10.9,-9.6,,-12.3,,,3.0,7.3,124.0,142.0,1021.5,129.0,,,
2025-04-04 20:00:00,-11.4,-10.3,,-13.1,,80.0,3.2,6.2,166.0,134.0,1021.2,42.0,0.0,,
2025-04-04 21:00:00,-12.5,-11.2,,-13.6,,84.0,1.6,6.6,31.0,134.0,1021.0,9.0,0.0,,
2025-04-04 22:00:00,-10.8,-7.4,,-12.4,,76.0,1.0,2.9,156.0,75.0,1020.5,0.0,0.0,,
2025-04-04 23:00:00,-13.8,-12.0,,-14.6,,85.0,0.9,2.5,38.0,140.0,1020.5,0.0,0.0,,
2025-04-05 00:00:00,-9.3,-6.0,-6.0,-15.1,-15.1,67.0,1.8,3.6,139.0,100.0,1020.3,0.0,0.0,0.0,
2025-04-05 01:00:00,-12.7,-11.5,,-14.3,,82.0,2.3,4.6,115.0,138.0,1020.8,0.0,0.0,,
2025-04-05 02:00:00,-10.2,-7.7,,-12.1,,74.0,1.8,4.1,188.0,38.0,1020.0,0.0,0.0,,50.0
2025-04-05 03:00:00,-10.8,-8.0,,-13.6,,75.0,1.2,2.5,166.0,144.0,1020.3,0.0,0.0,,10.0
2025-04-05 04:00:00,-10.3,-7.4,,-12.8,,72.0,1.7,3.1,154.0,153.0,1019.9,0.0,0.0,,
2025-04-05 05:00:00,-12.7,-11.2,,-13.3,,79.0,1.7,3.6,40.0,139.0,1019.6,0.0,0.0,,
2025-04-05 06:00:00,-11.9,-10.4,-6.0,-12.9,-15.1,76.0,0.8,2.8,352.0,43.0,1019.0,0.0,0.0,0.0,
2025-04-05 07:00:00,-11.8,-10.4,,-12.3,,77.0,0.2,1.5,288.0,271.0,1018.7,10.0,0.0,,
2025-04-05 08:00:00,-11.3,-9.4,,-12.4,,75.0,0.9,2.8,140.0,79.0,1018.3,36.0,0.0,,
2025-04-05 09:00:00,-12.0,-10.6,,-14.0,,75.0,2.3,5.3,135.0,149.0,1018.4,164.0,0.0,,
2025-04-05 10:00:00,-12.0,-9.3,,-13.9,,73.0,1.6,5.1,46.0,132.0,1018.6,258.0,0.0,,
2025-04-05 11:00:00,-9.2,-6.2,,-12.8,,71.0,1.0,2.6,74.0,91.0,1017.9,273.0,0.0,,10.0
2025-04-05 12:00:00,-7.3,-4.0,-4.0,-11.1,-14.3,65.0,1.2,3.3,83.0,132.0,1017.7,379.0,0.0,0.0,90.0
2025-04-05 13:00:00,-5.6,-4.0,,-9.2,,65.0,2.7,5.0,145.0,138.0,1017.9,305.0,0.0,,100.0
2025-04-05 14:00:00,-4.1,-1.6,,-8.3,,61.0,1.5,4.0,179.0,116.0,1017.5,364.0,0.0,,60.0
2025-04-05 15:00:00,-4.0,-0.4,,-7.3,,64.0,1.5,4.3,49.0,85.0,1017.3,314.0,0.0,,100.0
2025-04-05 16:00:00,-3.1,-2.0,,-4.8,,68.0,2.0,5.7,123.0,53.0,1017.4,269.0,0.0,,100.0
2025-04-05 17:00:00,-4.1,-3.4,,-5.2,,71.0,1.5,3.5,23.0,55.0,1017.4,261.0,0.0,,100.0
2025-04-05 18:00:00,-1.8,-0.1,-0.1,-3.5,-14.0,66.0,1.3,3.7,147.0,35.0,1017.2,211.0,0.0,0.0,100.0
2025-04-05 19:00:00,,,,,,,1.4,4.4,132.0,84.0,1017.8,113.0,,,100.0
2025-04-05 20:00:00,-2.0,-1.3,,-2.5,,74.0,0.8,3.3,196.0,68.0,1017.9,42.0,0.0,,100.0
2025-04-05 21:00:00,-2.9,-2.4,,-3.4,,76.0,0.5,1.2,343.0,248.0,1018.6,11.0,0.0,,75.0
2025-04-05 22:00:00,-4.1,-3.1,,-5.8,,77.0,0.9,4.2,38.0,36.0,1018.6,0.0,0.0,,
2025-04-05 23:00:00,-4.1,-3.3,,-6.0,,72.0,1.5,4.5,32.0,29.0,1019.0,0.0,0.0,,
2025-04-06 00:00:00,-5.8,-4.7,-0.1,-6.5,-9.2,82.0,1.3,2.6,119.0,154.0,1019.5,0.0,0.0,0.0,
2025-04-06 01:00:00,-6.3,-5.9,,-7.0,,84.0,0.8,1.9,47.0,121.0,1020.0,0.0,0.0,,
2025-04-06 02:00:00,-6.8,-5.8,,-8.7,,82.0,2.0,5.7,203.0,3.0,1019.8,0.0,0.0,,
2025-04-06 03:00:00,-7.8,-7.2,,-8.9,,84.0,1.2,3.3,346.0,320.0,1020.4,0.0,0.0,,
2025-04-06 04:00:00,-7.5,-7.1,,-8.6,,86.0,2.0,3.4,15.0,347.0,1020.5,0.0,0.0,,
2025-04-06 05:00:00,-8.8,-8.0,,-9.9,,87.0,0.9,2.8,54.0,55.0,1020.7,0.0,0.0,,
2025-04-06 06:00:00,-9.7,-8.0,-1.3,-10.6,-10.6,91.0,0.7,1.6,195.0,84.0,1020.9,1.0,0.0,0.0,100.0
2025-04-06 07:00:00,-9.8,-9.2,,-10.4,,92.0,0.5,1.8,304.0,194.0,1021.4,12.0,0.0,,
2025-04-06 08:00:00,-9.8,-8.7,,-10.8,,88.0,1.0,2.5,26.0,15.0,1021.6,42.0,0.0,,
2025-04-06 09:00:00,-8.8,-7.4,,-10.4,,83.0,0.9,3.2,32.0,47.0,1021.6,169.0,0.0,,
2025-04-06 10:00:00,-8.2,-6.4,,-10.2,,80.0,1.0,2.9,195.0,9.0,1021.6,263.0,0.0,,
2025-04-06 11:00:00,-7.3,-5.8,,-9.0,,76.0,0.4,1.8,176.0,126.0,1022.0,344.0,0.0,,
2025-04-06 12:00:00,-7.0,-5.6,-5.6,-7.7,-10.8,76.0,0.3,1.0,89.0,268.0,1021.8,411.0,0.0,0.0,
2025-04-06 13:00:00,-5.8,-4.4,,-7.7,,69.0,0.5,1.2,162.0,163.0,1021.6,451.0,0.0,,
2025-04-06 14:00:00,-7.8,-6.9,,-8.3,,77.0,0.3,1.1,320.0,258.0,1021.3,469.0,0.0,,
2025-04-06 15:00:00,-6.1,-4.9,,-7.4,,73.0,0.4,1.3,161.0,167.0,1020.6,453.0,0.0,,
2025-04-06 16:00:00,-6.3,-4.7,,-7.4,,72.0,0.8,2.2,167.0,166.0,1020.1,415.0,0.0,,
2025-04-06 17:00:00,-6.4,-5.2,,-7.8,,68.0,0.8,2.1,184.0,67.0,1019.3,352.0,0.0,,
2025-04-06 18:00:00,-7.1,-6.3,-4.4,-8.4,-10.8,67.0,1.0,3.7,62.0,98.0,1019.0,239.0,0.0,0.0,60.0
2025-04-06 19:00:00,,,,,,81.0,,5.1,,,,93.0,0.0,,100.0
2025-04-06 20:00:00,-6.6,-6.3,,-7.7,,95.0,3.0,4.6,84.0,72.0,1018.0,31.0,0.9,,
2025-04-06 21:00:00,-6.3,-6.2,,-6.3,,97.0,1.8,3.6,129.0,82.0,1017.5,10.0,0.0,,
2025-04-06 22:00:00,-6.5,-6.2,,-7.0,,96.0,1.5,2.9,344.0,50.0,1017.1,0.0,0.1,,
2025-04-06 23:00:00,-7.1,-6.9,,-7.3,,96.0,1.3,3.1,313.0,329.0,1016.3,0.0,0.0,,
2025-04-07 01:00:00,-9.2,-7.9,,-10.8,,94.0,1.3,2.2,147.0,207.0,1015.6,0.0,0.0,,
2025-04-07 02:00:00,-10.8,-10.3,,-11.3,,92.0,0.9,2.0,134.0,132.0,1015.3,0.0,0.2,,
2025-04-07 03:00:00,-11.0,-10.5,,-11.4,,91.0,0.9,2.2,28.0,40.0,1014.3,0.0,0.0,,
2025-04-07 04:00:00,-11.6,-10.8,,-12.1,,90.0,0.9,2.2,170.0,102.0,1014.1,0.0,0.1,,10.0
2025-04-07 05:00:00,,,,,,,0.9,3.3,194.0,,1013.6,0.0,,,40.0
2025-04-07 06:00:00,-12.4,-11.4,-6.2,-12.8,-12.8,89.0,0.6,1.5,48.0,123.0,1013.1,0.0,0.0,2.1,100.0
2025-04-07 07:00:00,-11.3,-10.8,,-11.7,,90.0,0.7,2.0,213.0,164.0,1013.6,13.0,1.5,,100.0
2025-04-07 08:00:00,-10.7,-8.4,,-11.7,,90.0,1.4,3.5,17.0,23.0,1013.9,44.0,1.4,,100.0
2025-04-07 09:00:00,-9.4,-8.3,,-9.8,,90.0,0.8,2.6,68.0,161.0,1014.7,76.0,2.0,,100.0
2025-04-07 10:00:00,-8.6,-7.3,,-9.6,,90.0,0.7,2.4,195.0,200.0,1015.3,95.0,1.7,,100.0
2025-04-07 11:00:00,-7.9,-5.6,,-8.8,,90.0,2.0,8.1,158.0,116.0,1015.4,153.0,1.3,,100.0
2025-04-07 12:00:00,-6.7,-5.5,-5.5,-7.6,-12.8,89.0,3.5,11.7,120.0,88.0,1016.2,206.0,1.2,11.1,100.0
2025-04-07 13:00:00,-6.9,-6.3,,-8.1,,86.0,7.5,17.9,62.0,67.0,1016.8,267.0,0.5,,100.0
2025-04-07 14:00:00,-8.2,-7.2,,-9.1,,77.0,15.1,19.9,65.0,63.0,1018.1,330.0,2.1,,100.0
2025-04-07 15:00:00,-9.8,-8.4,,-10.5,,75.0,15.8,22.1,51.0,54.0,1019.9,219.0,8.3,,100.0
2025-04-07 16:00:00,-11.1,-9.5,,-11.9,,76.0,17.8,26.7,41.0,38.0,1021.9,194.0,3.4,,100.0
2025-04-07 17:00:00,-12.0,-11.4,,-12.1,,72.0,16.9,23.8,56.0,46.0,1023.7,176.0,3.1,,100.0
2025-04-07 18:00:00,-12.2,-11.9,-5.5,-12.4,-12.4,71.0,16.6,23.1,55.0,52.0,1025.9,156.0,7.6,36.1,100.0
2025-04-07 19:00:00,,,,,,67.0,,23.3,,,,108.0,1.1,,100.0
2025-04-07 20:00:00,-11.0,-10.5,,-11.5,,52.0,12.8,18.5,49.0,32.0,1029.6,51.0,6.5,,100.0
2025-04-07 21:00:00,-10.5,-9.3,,-11.5,,45.0,9.2,14.2,32.0,28.0,1030.8,22.0,2.0,,100.0
2025-04-07 22:00:00,-11.7,-11.1,,-12.2,,51.0,7.6,12.3,23.0,40.0,1032.0,2.0,0.0,,10.0
2025-04-07 23:00:00,-11.8,-11.0,,-12.6,,57.0,2.6,6.8,207.0,22.0,1033.3,0.0,0.2,,100.0
2025-04-08 00:00:00,-12.5,-12.0,-6.3,-13.0,-13.0,59.0,0.6,2.0,69.0,224.0,1034.1,0.0,0.0,44.9,100.0
2025-04-08 01:00:00,-12.9,-12.3,,-13.6,,66.0,0.9,3.4,14.0,47.0,1034.8,0.0,0.0,,100.0
2025-04-08 02:00:00,-12.4,-12.0,,-12.6,,68.0,0.9,3.7,213.0,230.0,1035.2,0.0,0.7,,100.0
2025-04-08 04:00:00,,,,,,67.0,1.0,3.2,328.0,310.0,,0.0,0.0,,
2025-04-08 05:00:00,,,,,,68.0,1.5,3.5,150.0,64.0,,0.0,0.0,,
2025-04-08 06:00:00,-13.8,-13.4,-9.3,-14.3,-14.3,69.0,0.8,2.7,262.0,19.0,1037.6,2.0,0.1,44.6,100.0
2025-04-08 07:00:00,-14.0,-13.5,,-14.2,,65.0,0.9,2.3,278.0,255.0,1038.0,18.0,0.6,,100.0
2025-04-08 08:00:00,-14.5,-13.6,,-15.5,,67.0,1.7,7.9,119.0,91.0,1038.4,75.0,1.0,,
2025-04-08 09:00:00,-13.8,-13.2,,-14.2,,62.0,2.4,7.6,85.0,89.0,1038.8,166.0,1.8,,
2025-04-08 10:00:00,-13.7,-11.8,,-14.5,,61.0,1.8,3.8,79.0,42.0,1038.4,271.0,1.1,,
2025-04-08 11:00:00,-10.2,-9.5,,-11.5,,43.0,3.6,6.3,118.0,105.0,1038.0,344.0,2.8,,
2025-04-08 12:00:00,-10.0,-9.3,-9.3,-10.5,-15.5,42.0,4.9,10.3,101.0,117.0,1037.4,427.0,2.0,44.8,
2025-04-08 13:00:00,-9.5,-9.1,,-10.1,,56.0,4.4,8.5,100.0,83.0,1037.2,472.0,1.2,,
2025-04-08 14:00:00,-9.0,-8.7,,-9.4,,68.0,2.5,6.1,126.0,118.0,1036.7,471.0,2.1,,50.0
2025-04-08 15:00:00,-9.4,-9.1,,-9.5,,76.0,2.9,5.4,91.0,83.0,1036.0,403.0,0.0,,100.0
2025-04-08 16:00:00,-9.2,-8.9,,-9.4,,80.0,3.0,4.8,70.0,70.0,1035.1,276.0,0.0,,100.0
2025-04-08 17:00:00,-8.7,-8.4,,-8.9,,82.0,3.6,5.3,72.0,70.0,1034.1,222.0,0.2,,100.0
2025-04-08 18:00:00,-8.1,-7.7,-7.7,-8.4,-15.5,84.0,3.7,5.3,55.0,74.0,1033.3,164.0,0.1,23.3,100.0
2025-04-08 19:00:00,-7.6,-7.5,,-7.8,,86.0,3.3,5.2,89.0,82.0,1032.4,90.0,0.4,,100.0
2025-04-08 20:00:00,-7.4,-7.3,,-7.5,,89.0,2.8,5.5,91.0,99.0,1031.9,40.0,0.1,,100.0
2025-04-08 21:00:00,-7.4,-7.3,,-8.0,,88.0,3.3,7.1,162.0,142.0,1031.4,11.0,0.0,,100.0
2025-04-08 22:00:00,-10.4,-8.0,,-11.9,,87.0,1.3,3.8,214.0,216.0,1030.7,0.0,0.0,,40.0
2025-04-08 23:00:00,-11.9,-11.8,,-12.0,,86.0,0.4,1.0,205.0,181.0,1029.5,0.0,0.0,,100.0
2025-04-09 00:00:00,-12.3,-11.9,-7.3,-12.7,-12.7,87.0,,,,,,,0.0,14.0,50.0
2025-04-09 01:00:00,-13.1,-12.7,,-13.6,,87.0,,,,,,,0.0,,10.0
2025-04-09 02:00:00,-13.8,-13.4,,-14.1,,89.0,,,,,,,0.0,,100.0
2025-04-09 03:00:00,-14.8,-13.6,,-15.4,,90.0,,,,,,,0.1,,
2025-04-09 04:00:00,-15.7,-15.3,,-16.0,,89.0,,,,,,,0.0,,10.0
2025-04-09 05:00:00,-15.7,-14.6,,-16.3,,,,,,,,,,,
2025-04-09 06:00:00,-15.5,,,,,,,,,,,,,,
2025-04-09 07:00:00,,,,,,,,,,,,27.0,,,
2025-04-09 08:00:00,,,,,,,0.7,2.3,166.0,54.0,,87.0,,,75.0
2025-04-09 09:00:00,,,,,,83.0,,1.8,,,,178.0,1.3,,
2025-04-09 10:00:00,,,,,,,0.5,1.5,270.0,305.0,1020.0,210.0,,,
2025-04-09 11:00:00,,,,,,,,,,,1019.5,256.0,,,90.0
2025-04-09 12:00:00,-10.8,-10.6,-10.4,-11.0,-16.3,78.0,1.3,3.0,158.0,185.0,1019.8,246.0,0.6,13.0,25.0
2025-04-09 13:00:00,-10.5,-10.0,,-10.7,,78.0,2.0,5.3,165.0,162.0,1020.0,294.0,0.8,,40.0
2025-04-09 14:00:00,-8.5,-6.5,,-10.5,,72.0,5.4,19.7,174.0,85.0,1019.9,275.0,1.4,,100.0
2025-04-09 15:00:00,-7.9,-6.5,,-8.7,,74.0,8.5,21.9,57.0,77.0,1019.7,273.0,0.6,,100.0
2025-04-09 16:00:00,-8.2,-7.5,,-8.7,,75.0,17.8,27.2,48.0,54.0,1019.3,236.0,10.4,,100.0
2025-04-09 17:00:00,-9.0,-8.4,,-9.3,,76.0,17.7,27.8,49.0,48.0,1019.9,174.0,6.9,,100.0
2025-04-09 18:00:00,-9.1,-8.7,-6.5,-9.5,-15.6,76.0,15.7,26.7,35.0,37.0,1022.6,122.0,4.1,33.6,100.0
2025-04-09 19:00:00,,,,,,77.0,,,,,,94.0,4.2,,
2025-04-09 20:00:00,-9.5,-9.1,,-9.7,,77.0,8.8,19.3,32.0,26.0,1024.3,61.0,1.0,,100.0
2025-04-09 21:00:00,-9.5,-8.6,,-9.8,,76.0,14.4,27.2,56.0,58.0,1023.4,16.0,0.0,,100.0
2025-04-09 22:00:00,-9.4,-9.1,,-9.7,,76.0,15.0,24.6,55.0,45.0,1023.1,2.0,6.5,,100.0
2025-04-09 23:00:00,-9.3,-8.0,,-9.6,,71.0,15.3,28.5,48.0,51.0,1023.8,0.0,0.0,,100.0
2025-04-10 00:00:00,-9.2,-7.8,-6.5,-9.6,-10.7,68.0,10.6,22.3,49.0,46.0,1024.9,0.0,2.0,46.9,100.0
2025-04-10 01:00:00,-9.3,-8.9,,-9.8,,67.0,8.7,19.6,41.0,48.0,1023.9,0.0,0.0,,100.0
2025-04-10 02:00:00,-9.8,-9.6,,-10.0,,69.0,11.4,16.1,55.0,33.0,1023.6,0.0,0.0,,100.0
2025-04-10 03:00:00,-9.8,-9.6,,-10.0,,64.0,11.4,17.9,39.0,50.0,1023.3,0.0,0.0,,100.0
2025-04-10 04:00:00,-9.9,-9.8,,-10.1,,63.0,8.3,14.1,27.0,28.0,1022.8,0.0,0.0,,100.0
2025-04-10 05:00:00,-10.4,-10.1,,-10.7,,67.0,7.3,11.7,77.0,42.0,1022.0,0.0,0.0,,100.0
2025-04-10 06:00:00,-10.7,-10.5,-7.8,-10.8,-10.8,82.0,1.6,3.2,136.0,143.0,1020.9,2.0,0.1,46.5,100.0
2025-04-10 07:00:00,-11.0,-10.6,,-11.2,,81.0,1.9,3.4,102.0,106.0,1020.0,25.0,0.0,,100.0
2025-04-10 08:00:00,-11.3,-11.2,,-11.3,,84.0,3.3,5.1,86.0,87.0,1019.0,71.0,0.1,,100.0
2025-04-10 09:00:00,-10.8,-10.2,,-11.1,,81.0,1.5,3.4,204.0,107.0,1018.0,173.0,0.5,,100.0
2025-04-10 10:00:00,-10.6,-9.7,,-11.0,,78.0,0.4,1.6,0.0,207.0,1016.9,214.0,1.3,,100.0
2025-04-10 11:00:00,-10.6,-9.8,,-11.0,,78.0,0.9,2.5,136.0,39.0,1015.7,257.0,0.8,,100.0
2025-04-10 12:00:00,-10.4,-10.0,-8.9,-10.7,-11.3,78.0,0.8,2.4,305.0,166.0,1014.8,270.0,0.3,41.0,100.0
2025-04-10 13:00:00,-10.0,-9.7,,-10.4,,77.0,0.8,3.1,24.0,64.0,1014.0,280.0,1.6,,100.0
2025-04-10 14:00:00,-9.6,-8.8,,-10.0,,80.0,1.0,2.8,169.0,26.0,1013.2,277.0,0.4,,100.0
2025-04-10 15:00:00,-10.2,-9.6,,-10.4,,90.0,1.3,3.0,137.0,161.0,1012.5,261.0,0.1,,100.0
2025-04-10 16:00:00,-9.6,-9.0,,-9.9,,91.0,1.4,4.0,165.0,166.0,1012.1,217.0,1.1,,
2025-04-10 17:00:00,-9.3,-9.0,,-9.6,,91.0,2.4,4.3,232.0,237.0,1012.0,177.0,0.0,,
2025-04-10 18:00:00,-9.0,-8.7,-8.7,-9.1,-11.3,90.0,1.2,3.1,146.0,208.0,1011.6,140.0,0.5,20.4,100.0
2025-04-10 19:00:00,,,,,,,0.8,1.7,144.0,147.0,,109.0,0.5,,
2025-04-10 20:00:00,-8.8,-8.6,,-9.0,,90.0,0.7,1.5,176.0,136.0,1010.8,58.0,0.2,,100.0
2025-04-10 21:00:00,-8.9,-8.8,,-9.0,,91.0,0.5,1.5,5.0,195.0,1010.7,17.0,0.0,,100.0
2025-04-10 22:00:00,-9.4,-8.9,,-10.0,,88.0,3.4,11.2,35.0,31.0,1009.7,1.0,0.0,,100.0
2025-04-10 23:00:00,-9.2,-8.8,,-10.1,,81.0,4.4,12.5,295.0,59.0,1009.1,0.0,0.2,,100.0
2025-04-11 00:00:00,-9.3,-8.8,-8.6,-9.5,-10.4,87.0,2.0,9.0,135.0,160.0,1008.1,0.0,0.0,7.5,100.0
2025-04-11 01:00:00,-9.1,-8.9,,-9.5,,81.0,5.5,16.4,79.0,69.0,1007.6,0.0,0.1,,100.0
2025-04-11 02:00:00,-9.4,-8.9,,-9.6,,78.0,9.8,19.4,41.0,45.0,1006.8,0.0,1.0,,100.0
2025-04-11 03:00:00,-9.4,-9.1,,-9.6,,75.0,9.1,16.2,9.0,22.0,1005.5,0.0,2.1,,100.0
2025-04-11 04:00:00,-9.6,-9.0,,-10.1,,75.0,7.6,17.5,23.0,360.0,1003.9,0.0,1.3,,100.0
2025-04-11 05:00:00,-9.7,-8.8,,-10.1,,74.0,8.5,17.3,20.0,17.0,1003.9,0.0,4.4,,
2025-04-11 06:00:00,-9.6,-8.7,-8.6,-10.1,-10.1,74.0,7.2,17.3,17.0,6.0,1003.7,1.0,3.2,19.5,
2025-04-11 07:00:00,-9.9,-9.4,,-10.2,,81.0,8.1,18.5,26.0,9.0,1001.4,13.0,0.3,,
2025-04-11 08:00:00,-10.2,-10.0,,-10.3,,85.0,15.3,24.3,27.0,27.0,1000.4,68.0,5.3,,
2025-04-11 09:00:00,-9.7,-9.5,,-10.0,,83.0,8.9,19.4,10.0,17.0,1001.7,94.0,3.0,,
2025-04-11 10:00:00,-9.7,-9.3,,-10.1,,83.0,10.2,19.9,28.0,20.0,1001.5,131.0,2.1,,
2025-04-11 11:00:00,-9.8,-9.6,,-10.0,,83.0,7.6,15.8,328.0,350.0,1002.4,164.0,2.9,,
2025-04-11 12:00:00,-9.9,-9.3,-8.7,-10.2,-10.3,79.0,6.4,12.7,353.0,328.0,1002.9,192.0,0.6,30.7,
2025-04-11 13:00:00,-10.4,-9.4,,-11.3,,75.0,7.9,16.8,31.0,32.0,1003.6,264.0,3.7,,100.0
2025-04-11 14:00:00,-11.6,-11.3,,-12.5,,74.0,10.3,16.2,38.0,30.0,1004.1,259.0,1.8,,
2025-04-11 15:00:00,-12.6,-12.0,,-13.0,,75.0,11.6,16.1,28.0,23.0,1004.2,245.0,3.6,,100.0
2025-04-11 16:00:00,-12.8,-12.2,,-13.0,,73.0,11.4,15.4,23.0,23.0,1004.7,239.0,3.8,,100.0
2025-04-11 17:00:00,-12.4,-12.0,,-12.7,,70.0,11.9,15.9,27.0,22.0,1004.7,232.0,1.0,,100.0
2025-04-11 18:00:00,-12.3,-11.7,-9.3,-13.1,-13.1,71.0,11.0,15.5,19.0,27.0,1004.9,165.0,2.1,43.1,100.0
2025-04-11 19:00:00,,,,,,,10.0,13.9,24.0,24.0,,123.0,0.0,,
2025-04-11 20:00:00,-13.7,-13.2,,-14.1,,74.0,9.5,14.1,37.0,30.0,1005.5,67.0,0.0,,100.0
2025-04-11 21:00:00,-13.2,-12.8,,-14.0,,72.0,6.7,12.1,52.0,38.0,1005.8,27.0,0.3,,100.0
2025-04-11 22:00:00,-13.2,-12.7,,-13.6,,70.0,4.7,7.5,50.0,41.0,1005.7,2.0,0.0,,100.0
2025-04-11 23:00:00,-14.1,-13.4,,-14.8,,72.0,5.3,9.8,60.0,39.0,1005.3,0.0,0.0,,100.0
2025-04-12 00:00:00,-14.1,-13.6,-9.4,-14.6,-14.8,78.0,1.7,7.5,168.0,47.0,1005.2,0.0,0.0,42.5,100.0
2025-04-12 01:00:00,-14.7,-14.1,,-15.3,,84.0,1.2,3.2,186.0,215.0,1004.8,0.0,0.0,,50.0
2025-04-12 02:00:00,-16.0,-15.4,,-16.4,,88.0,1.1,2.3,163.0,163.0,1004.9,0.0,0.0,,100.0
2025-04-12 03:00:00,-15.8,-15.1,,-16.2,,84.0,2.2,12.0,97.0,78.0,1004.7,0.0,0.5,,100.0
2025-04-12 04:00:00,-15.5,-15.0,,-16.0,,80.0,3.7,12.1,173.0,70.0,1005.0,0.0,0.4,,100.0
2025-04-12 05:00:00,-16.1,-16.0,,-16.3,,85.0,1.8,3.5,153.0,165.0,1005.2,0.0,0.0,,100.0
2025-04-12 06:00:00,-16.2,-15.5,-12.7,-16.3,-16.4,84.0,1.9,7.4,163.0,160.0,1005.5,3.0,0.1,31.5,100.0
2025-04-12 07:00:00,-15.0,-14.5,,-16.1,,72.0,7.3,15.4,64.0,62.0,1005.4,25.0,0.5,,100.0
2025-04-12 08:00:00,-14.9,-14.6,,-15.1,,65.0,11.5,17.3,40.0,49.0,1005.5,76.0,0.7,,100.0
2025-04-12 09:00:00,-14.7,-13.7,,-14.9,,63.0,11.9,18.8,55.0,51.0,1005.9,147.0,2.4,,100.0
2025-04-12 10:00:00,-14.4,-14.1,,-14.6,,62.0,11.9,18.0,44.0,50.0,1006.6,228.0,7.5,,100.0
2025-04-12 11:00:00,-14.3,-14.1,,-14.6,,62.0,10.6,15.9,23.0,34.0,1007.2,307.0,2.0,,100.0
2025-04-12 12:00:00,-14.6,-14.4,-13.7,-14.8,-16.4,63.0,10.3,15.3,27.0,28.0,1007.8,350.0,2.1,32.4,100.0
2025-04-12 13:00:00,,,,,,,,13.5,,,1008.4,387.0,,,100.0
2025-04-12 14:00:00,-13.7,-13.4,,-14.0,,58.0,6.8,12.7,27.0,29.0,1008.8,419.0,0.3,,100.0
2025-04-12 15:00:00,-13.2,-13.0,,-13.4,,57.0,5.6,9.9,20.0,28.0,1009.3,492.0,0.9,,100.0
2025-04-12 16:00:00,-13.2,-13.0,,-13.3,,59.0,4.5,8.0,24.0,19.0,1009.4,421.0,0.3,,100.0
2025-04-12 17:00:00,-13.2,-13.0,,-13.4,,63.0,2.4,5.2,305.0,18.0,1009.5,303.0,0.4,,100.0
2025-04-12 18:00:00,-13.5,-13.3,-13.0,-13.6,-16.1,68.0,1.7,3.0,295.0,291.0,1009.6,196.0,0.3,19.1,100.0
2025-04-12 19:00:00,-13.7,-12.9,,-13.9,,,1.2,2.8,98.0,325.0,1009.6,153.0,,,100.0
2025-04-12 20:00:00,-13.8,-12.9,,-14.1,,72.0,0.6,1.5,252.0,294.0,1009.7,89.0,0.9,,100.0
2025-04-12 21:00:00,-14.5,-14.1,,-15.4,,75.0,0.5,2.7,30.0,5.0,1009.9,31.0,0.0,,100.0
2025-04-12 22:00:00,-14.7,-14.3,,-15.1,,72.0,4.1,8.9,33.0,30.0,1009.7,4.0,0.0,,100.0
2025-04-12 23:00:00,-14.6,-14.2,,-14.8,,72.0,5.0,8.3,23.0,26.0,1010.0,0.0,0.0,,100.0
2025-04-13 00:00:00,-14.6,-14.2,-12.9,-14.9,-15.4,70.0,4.9,7.9,24.0,26.0,1010.4,0.0,0.0,19.7,75.0
2025-04-13 01:00:00,-14.9,-13.9,,-15.3,,76.0,1.3,3.7,99.0,323.0,1010.7,0.0,0.1,,100.0
2025-04-13 02:00:00,-14.9,-14.5,,-15.2,,78.0,0.6,1.5,337.0,303.0,1010.9,0.0,0.0,,100.0
2025-04-13 03:00:00,-14.8,-14.0,,-15.1,,79.0,0.6,4.1,4.0,339.0,1010.9,0.0,0.1,,90.0
2025-04-13 04:00:00,-13.1,-12.7,,-13.8,,66.0,4.1,7.6,357.0,15.0,1010.9,0.0,1.0,,100.0
2025-04-13 05:00:00,-12.5,-12.2,,-12.8,,66.0,5.8,9.7,24.0,21.0,1011.1,0.0,0.9,,100.0
2025-04-13 06:00:00,-12.4,-12.2,-12.2,-12.9,-15.4,68.0,4.8,7.8,13.0,7.0,1011.2,5.0,0.3,21.1,100.0
2025-04-13 07:00:00,-12.6,-12.1,,-13.0,,69.0,3.5,7.6,337.0,337.0,1011.9,34.0,0.2,,100.0
2025-04-13 08:00:00,-12.8,-12.5,,-13.1,,72.0,4.8,9.3,17.0,7.0,1012.2,88.0,0.1,,100.0
2025-04-13 09:00:00,-12.7,-12.2,,-13.0,,70.0,5.4,8.5,29.0,26.0,1012.7,148.0,0.3,,100.0
2025-04-13 10:00:00,-11.9,-11.7,,-12.2,,65.0,3.2,7.6,1.0,13.0,1013.0,231.0,0.7,,100.0
2025-04-13 11:00:00,-11.5,-11.1,,-11.9,,66.0,2.5,8.0,265.0,345.0,1013.3,315.0,0.8,,90.0
2025-04-13 12:00:00,-11.8,-10.9,-10.9,-12.4,-15.3,64.0,3.3,8.1,331.0,313.0,1013.4,331.0,1.1,9.3,100.0
2025-04-13 13:00:00,-10.4,-10.0,,-10.8,,45.0,5.4,11.1,355.0,345.0,1013.6,482.0,0.1,,60.0
2025-04-13 14:00:00,-10.2,-9.9,,-10.5,,42.0,6.0,8.8,26.0,28.0,1013.5,553.0,1.3,,25.0
2025-04-13 15:00:00,-10.4,-10.0,,-10.9,,45.0,4.4,9.1,30.0,25.0,1013.5,500.0,0.1,,
2025-04-13 16:00:00,-10.5,-10.2,,-11.1,,46.0,3.7,6.0,57.0,47.0,1013.3,429.0,1.7,,60.0
2025-04-13 17:00:00,-10.9,-10.1,,-11.4,,47.0,4.4,7.9,55.0,40.0,1013.3,391.0,0.7,,10.0
2025-04-13 18:00:00,-11.0,-10.6,-9.9,-11.5,-13.1,46.0,5.2,8.0,45.0,48.0,1013.0,331.0,0.2,10.5,
2025-04-13 19:00:00,-11.6,-11.1,,-12.6,,,5.2,7.6,23.0,27.0,1013.1,215.0,,,
2025-04-13 20:00:00,-12.9,-12.6,,-13.3,,53.0,6.7,9.1,35.0,27.0,1013.2,117.0,0.0,,
2025-04-13 21:00:00,-13.1,-12.8,,-13.4,,52.0,5.9,8.5,51.0,29.0,1013.0,50.0,0.0,,
2025-04-13 22:00:00,-13.1,-12.6,,-13.7,,52.0,4.4,7.2,23.0,37.0,1013.0,6.0,0.0,,40.0
2025-04-13 23:00:00,-13.6,-12.5,,-14.3,,54.0,3.8,7.1,335.0,17.0,1013.1,0.0,0.0,,40.0
2025-04-14 00:00:00,-13.3,-12.9,-9.9,-13.8,-14.3,55.0,0.9,2.5,329.0,324.0,1012.9,0.0,0.0,9.6,10.0
2025-04-14 01:00:00,-12.8,-12.1,,-14.0,,52.0,2.6,8.3,30.0,15.0,1012.8,0.0,0.3,,
2025-04-14 02:00:00,-12.5,-12.0,,-13.3,,51.0,5.2,9.1,30.0,21.0,1012.8,0.0,0.7,,
2025-04-14 03:00:00,-13.4,-12.4,,-14.3,,54.0,3.1,7.8,36.0,16.0,1012.9,0.0,0.2,,
2025-04-14 04:00:00,-13.7,-12.6,,-14.4,,56.0,6.0,8.4,21.0,24.0,1012.7,0.0,0.0,,
2025-04-14 05:00:00,-14.0,-13.0,,-15.7,,57.0,3.8,7.4,13.0,15.0,1013.0,0.0,0.1,,
2025-04-14 06:00:00,-13.8,-13.0,-11.1,-14.6,-15.7,56.0,2.3,5.8,22.0,19.0,1013.0,6.0,0.3,8.8,
2025-04-14 07:00:00,-12.8,-12.1,,-14.0,,53.0,5.7,9.0,24.0,36.0,1013.1,44.0,1.0,,
2025-04-14 08:00:00,-13.2,-12.0,,-14.5,,55.0,5.6,12.3,221.0,22.0,1013.5,139.0,0.6,,
2025-04-14 09:00:00,-13.4,-12.3,,-14.5,,52.0,1.7,4.6,239.0,253.0,1014.0,236.0,0.6,,
2025-04-14 10:00:00,-12.3,-11.3,,-13.5,,51.0,1.6,4.9,309.0,349.0,1014.3,333.0,1.7,,
2025-04-14 11:00:00,-10.6,-9.2,,-12.3,,49.0,4.5,12.6,23.0,16.0,1014.2,328.0,2.0,,40.0
2025-04-14 12:00:00,-8.9,-8.6,-8.6,-9.4,-15.7,49.0,8.5,17.3,78.0,31.0,1014.3,482.0,0.7,12.1,
2025-04-14 13:00:00,-8.5,-8.0,,-9.3,,45.0,3.7,12.7,331.0,358.0,1015.1,462.0,2.0,,100.0
2025-04-14 14:00:00,-8.2,-7.9,,-8.8,,39.0,4.6,13.4,20.0,353.0,1014.9,552.0,0.4,,
2025-04-14 15:00:00,-8.5,-8.2,,-9.0,,38.0,5.6,16.0,13.0,9.0,1015.6,534.0,0.0,,
2025-04-14 16:00:00,-8.8,-8.2,,-9.4,,42.0,8.3,17.1,19.0,17.0,1014.7,463.0,0.0,,
2025-04-14 17:00:00,-9.2,-8.8,,-9.5,,43.0,11.6,21.6,37.0,35.0,1016.5,361.0,7.3,,
2025-04-14 18:00:00,-9.3,-9.1,-7.9,-9.6,-14.5,38.0,6.4,14.3,336.0,351.0,1017.0,223.0,0.6,18.4,
2025-04-14 19:00:00,,,,,,,,14.2,,,1017.7,196.0,,,
2025-04-14 20:00:00,-9.2,-8.7,,-9.6,,34.0,6.0,11.6,12.0,353.0,1017.9,173.0,0.4,,
2025-04-14 21:00:00,-9.9,-9.0,,-11.1,,36.0,7.9,13.4,23.0,21.0,1018.2,67.0,0.0,,
2025-04-14 22:00:00,-11.0,-10.7,,-11.7,,43.0,10.6,14.2,27.0,32.0,1018.7,8.0,0.0,,
2025-04-14 23:00:00,-10.9,-10.3,,-11.7,,41.0,10.1,14.0,31.0,50.0,1018.9,0.0,0.9,,
2025-04-15 00:00:00,-11.6,-10.8,-7.9,-12.1,-12.1,45.0,10.3,14.5,63.0,56.0,1019.3,0.0,0.0,20.4,
2025-04-15 01:00:00,-13.0,-11.7,,-14.2,,54.0,11.2,13.7,20.0,59.0,1020.0,0.0,0.0,,
2025-04-15 02:00:00,-13.4,-11.9,,-14.7,,58.0,10.0,15.0,23.0,20.0,1020.1,0.0,0.0,,75.0
2025-04-15 03:00:00,-13.5,-12.2,,-14.5,,60.0,10.1,13.6,23.0,21.0,1020.1,0.0,0.0,,100.0
2025-04-15 04:00:00,-13.5,-13.0,,-14.3,,60.0,9.4,12.7,23.0,21.0,1020.7,0.0,0.0,,
2025-04-15 05:00:00,-13.9,-12.7,,-14.6,,61.0,9.4,13.8,32.0,31.0,1020.9,0.0,0.0,,
2025-04-15 06:00:00,-13.4,-12.6,-8.7,-14.2,-14.7,60.0,8.7,14.9,24.0,28.0,1021.4,7.0,0.0,18.9,
2025-04-15 07:00:00,-13.6,-12.7,,-14.5,,59.0,5.6,11.0,46.0,36.0,1022.0,59.0,0.6,,75.0
2025-04-15 08:00:00,-13.7,-12.8,,-14.6,,60.0,5.1,9.5,55.0,42.0,1022.4,147.0,0.9,,75.0
2025-04-15 09:00:00,-15.2,-12.7,,-16.9,,67.0,3.1,7.3,283.0,340.0,1023.0,234.0,0.8,,10.0
2025-04-15 10:00:00,-16.3,-15.0,,-17.0,,76.0,1.4,3.6,212.0,277.0,1023.1,317.0,1.1,,90.0
2025-04-15 11:00:00,-13.7,-12.9,,-15.4,,62.0,4.6,9.3,28.0,32.0,1023.1,417.0,1.6,,
2025-04-15 12:00:00,-13.3,-12.4,-11.7,-15.2,-17.0,62.0,5.3,9.9,40.0,38.0,1023.5,488.0,0.3,17.6,
2025-04-15 13:00:00,-12.3,-12.0,,-14.4,,58.0,5.4,9.9,23.0,24.0,1023.5,532.0,1.2,,
2025-04-15 14:00:00,-13.7,-12.0,,-14.8,,70.0,2.6,8.3,206.0,137.0,1024.3,546.0,1.1,,
2025-04-15 15:00:00,-16.6,-14.6,,-17.6,,73.0,1.6,4.1,139.0,164.0,1024.6,529.0,0.3,,
2025-04-15 16:00:00,-16.2,-14.1,,-16.9,,70.0,2.0,7.9,157.0,141.0,1024.7,486.0,1.0,,
2025-04-15 17:00:00,-15.5,-14.8,,-16.2,,71.0,1.4,5.0,323.0,123.0,1024.8,422.0,1.6,,
2025-04-15 18:00:00,-15.4,-13.7,-12.0,-16.9,-17.6,69.0,0.8,1.8,171.0,206.0,1025.0,336.0,1.5,14.1,
2025-04-15 19:00:00,,,,,,,,,,,1025.4,239.0,,,
2025-04-15 20:00:00,-17.1,-15.5,,-18.1,,71.0,1.0,3.5,177.0,68.0,1025.9,141.0,0.0,,
2025-04-15 21:00:00,-16.5,-15.1,,-18.3,,71.0,1.6,4.4,25.0,29.0,1026.0,56.0,0.4,,
2025-04-15 22:00:00,-15.9,-15.0,,-17.0,,68.0,1.5,5.0,51.0,34.0,1026.5,8.0,0.0,,
2025-04-15 23:00:00,-16.0,-15.1,,-16.7,,71.0,0.4,1.5,194.0,62.0,1026.7,0.0,0.0,,
2025-04-16 00:00:00,-17.6,-15.9,-12.0,-18.8,-18.8,77.0,0.4,1.4,120.0,1.0,1027.1,0.0,0.0,12.6,
2025-04-16 01:00:00,-18.4,-17.8,,-19.0,,85.0,0.2,0.8,252.0,160.0,1027.3,0.0,0.0,,
2025-04-16 02:00:00,-17.8,-17.5,,-18.7,,76.0,0.2,2.0,62.0,33.0,1027.4,0.0,0.3,,
2025-04-16 03:00:00,-17.5,-17.1,,-18.2,,70.0,0.6,2.0,340.0,19.0,1027.3,0.0,0.4,,
2025-04-16 04:00:00,-17.7,-17.2,,-19.4,,69.0,0.4,1.1,11.0,4.0,1027.5,0.0,0.2,,
2025-04-16 05:00:00,-19.0,-17.6,,-19.9,,72.0,0.6,1.6,47.0,42.0,1027.7,0.0,0.0,,
2025-04-16 06:00:00,-18.5,-17.3,-15.0,-19.7,-19.9,69.0,1.3,2.9,343.0,15.0,1027.9,9.0,0.5,14.0,
2025-04-16 07:00:00,-18.7,-17.5,,-19.8,,71.0,0.7,1.4,275.0,325.0,1028.1,55.0,1.0,,
2025-04-16 08:00:00,-18.1,-17.4,,-18.7,,70.0,0.5,1.2,132.0,121.0,1028.5,147.0,1.7,,
2025-04-16 09:00:00,-17.7,-16.3,,-20.5,,65.0,0.2,0.9,303.0,333.0,1028.7,246.0,1.8,,
2025-04-16 10:00:00,-17.9,-16.5,,-19.4,,66.0,0.5,1.2,57.0,47.0,1028.8,343.0,1.6,,
2025-04-16 11:00:00,-16.5,-14.6,,-17.7,,64.0,0.1,1.2,50.0,51.0,1029.1,428.0,1.5,,
2025-04-16 12:00:00,-15.6,-13.9,-13.9,-18.6,-20.5,62.0,0.0,0.9,0.0,0.0,1029.5,493.0,1.5,17.9,
2025-04-16 13:00:00,-18.2,-16.7,,-19.1,,69.0,0.4,2.0,229.0,293.0,1029.6,535.0,0.3,,
2025-04-16 14:00:00,-17.0,-16.0,,-18.0,,67.0,0.3,1.4,168.0,277.0,1029.8,551.0,1.8,,
2025-04-16 15:00:00,-16.1,-14.9,,-16.9,,66.0,0.4,1.3,61.0,90.0,1029.6,532.0,1.6,,
2025-04-16 16:00:00,-16.2,-14.5,,-16.9,,68.0,0.4,1.8,0.0,264.0,1029.6,493.0,0.3,,
2025-04-16 17:00:00,-15.3,-14.0,,-16.0,,65.0,0.0,0.0,0.0,0.0,1029.4,427.0,1.7,,
2025-04-16 18:00:00,-14.7,-13.4,-13.4,-15.6,-20.5,64.0,0.0,0.0,0.0,0.0,1029.6,341.0,0.6,17.2,
2025-04-16 19:00:00,-15.1,-13.8,,-15.8,,66.0,0.0,0.0,0.0,0.0,1029.7,245.0,0.7,,
2025-04-16 20:00:00,-14.5,-13.7,,-15.7,,65.0,0.0,0.0,0.0,0.0,1029.9,145.0,0.9,,
2025-04-16 21:00:00,-16.1,-15.3,,-17.3,,68.0,0.0,0.0,0.0,0.0,1029.8,63.0,0.0,,
2025-04-16 22:00:00,-18.4,-17.4,,-19.8,,78.0,0.0,0.0,0.0,0.0,1029.9,9.0,0.0,,
2025-04-16 23:00:00,-20.6,-19.7,,-21.5,,84.0,0.4,1.9,133.0,141.0,1030.2,0.0,0.0,,
2025-04-17 00:00:00,-18.8,-17.7,-13.4,-19.7,-21.5,79.0,0.6,1.5,315.0,43.0,1029.9,0.0,0.9,19.0,
2025-04-17 01:00:00,-18.5,-16.8,,-22.6,,75.0,0.8,1.9,352.0,5.0,1030.0,0.0,1.0,,
2025-04-17 02:00:00,-21.0,-19.5,,-22.8,,82.0,0.5,1.8,221.0,213.0,1029.9,0.0,0.0,,
2025-04-17 03:00:00,-20.1,-19.5,,-20.4,,83.0,0.6,1.7,25.0,150.0,1029.5,0.0,0.5,,
2025-04-17 04:00:00,-21.7,-19.5,,-25.3,,80.0,0.6,1.7,41.0,108.0,1029.6,0.0,0.2,,
2025-04-17 05:00:00,-20.1,-18.2,,-21.0,,81.0,0.6,1.6,279.0,279.0,1029.3,0.0,1.3,,
2025-04-17 06:00:00,-20.5,-19.9,-13.7,-20.9,-25.3,85.0,0.5,1.9,74.0,253.0,1029.3,9.0,0.3,21.0,
2025-04-17 07:00:00,-20.9,-20.2,,-22.0,,84.0,0.4,1.3,16.0,310.0,1029.3,61.0,1.2,,
2025-04-17 08:00:00,-20.7,-17.8,,-22.5,,80.0,0.6,1.9,72.0,313.0,1029.1,154.0,1.3,,
2025-04-17 09:00:00,-17.6,-16.0,,-18.2,,70.0,0.5,2.0,66.0,29.0,1028.9,255.0,2.5,,
2025-04-17 10:00:00,-15.4,-14.5,,-16.7,,61.0,0.3,1.1,43.0,254.0,1028.7,354.0,1.3,,
2025-04-17 11:00:00,,,,,,,0.5,1.3,54.0,,1028.4,438.0,,,
2025-04-17 12:00:00,-16.3,-14.1,-13.3,-17.3,-25.3,62.0,0.7,1.7,192.0,160.0,1028.1,503.0,0.5,19.6,
2025-04-17 13:00:00,-16.7,-15.0,,-19.0,,64.0,0.5,1.4,127.0,117.0,1027.5,546.0,1.4,,
2025-04-17 14:00:00,-15.4,-13.6,,-16.5,,64.0,0.6,1.9,199.0,243.0,1027.2,560.0,1.2,,
2025-04-17 15:00:00,-13.8,-12.0,,-15.5,,60.0,0.6,1.8,153.0,165.0,1026.8,543.0,0.2,,
2025-04-17 16:00:00,-14.8,-13.1,,-16.0,,66.0,0.7,2.0,332.0,115.0,1026.6,503.0,0.2,,
2025-04-17 17:00:00,-14.8,-13.4,,-15.7,,68.0,1.4,2.8,180.0,159.0,1026.7,433.0,1.3,,
2025-04-17 18:00:00,-14.9,-14.4,-12.0,-15.2,-22.5,71.0,1.0,2.5,192.0,158.0,1026.5,345.0,0.6,18.3,
2025-04-17 19:00:00,,,,,,,,1.6,,,1026.8,222.0,,,
2025-04-17 20:00:00,-16.4,-15.8,,-16.9,,77.0,1.1,3.1,168.0,158.0,1027.1,135.0,0.0,,
2025-04-17 21:00:00,,,,,,,,,,,1027.5,62.0,,,
2025-04-17 22:00:00,-16.7,-16.3,,-17.2,,80.0,0.4,2.1,224.0,14.0,1027.5,17.0,0.4,,
2025-04-17 23:00:00,-17.6,-16.8,,-19.2,,82.0,0.6,1.5,156.0,198.0,1027.6,0.0,0.1,,
2025-04-18 00:00:00,-18.2,-16.6,-12.0,-19.4,-19.4,85.0,0.5,2.0,278.0,170.0,1028.0,0.0,0.3,17.5,
2025-04-18 01:00:00,,,,,,,,2.0,,,1028.2,0.0,,,
2025-04-18 02:00:00,-17.5,-16.5,,-19.0,,77.0,0.7,1.8,134.0,308.0,1028.5,0.0,0.1,,
2025-04-18 03:00:00,-16.6,-12.8,,-18.9,,76.0,0.8,3.8,42.0,30.0,1028.5,0.0,0.2,,
2025-04-18 04:00:00,-15.9,-14.6,,-17.0,,72.0,1.2,4.4,229.0,32.0,1028.5,0.0,0.8,,
2025-04-18 05:00:00,-14.6,-13.3,,-15.8,,70.0,0.6,2.7,27.0,21.0,,,0.0,,
2025-04-18 06:00:00,-15.2,-14.6,-12.8,-16.0,-19.4,71.0,0.9,2.7,228.0,1.0,1028.8,10.0,0.0,16.3,
2025-04-18 07:00:00,-15.8,-14.9,,-17.3,,72.0,0.3,1.0,54.0,354.0,1028.9,69.0,0.0,,
2025-04-18 08:00:00,-15.3,-13.7,,-16.8,,67.0,0.3,1.0,61.0,53.0,1029.1,160.0,0.0,,
2025-04-18 09:00:00,-14.2,-12.9,,-15.8,,63.0,0.6,2.2,63.0,11.0,1029.2,258.0,0.0,,
2025-04-18 10:00:00,-12.3,-11.3,,-13.7,,60.0,0.2,1.0,0.0,257.0,1029.0,356.0,0.0,,
2025-04-18 11:00:00,-11.8,-11.0,,-12.7,,62.0,0.1,0.5,281.0,312.0,1028.7,442.0,0.0,,
2025-04-18 12:00:00,-11.5,-10.7,-10.7,-12.1,-19.0,63.0,0.3,1.1,241.0,254.0,1028.1,504.0,0.0,8.6,
2025-04-18 13:00:00,-11.5,-10.1,,-12.4,,64.0,0.5,1.4,294.0,275.0,1027.9,547.0,0.0,,
2025-04-18 14:00:00,-10.4,-8.4,,-11.6,,64.0,0.3,1.0,17.0,270.0,1027.2,560.0,0.0,,
2025-04-18 15:00:00,-9.6,-7.7,,-10.9,,63.0,0.2,0.9,0.0,271.0,1026.4,537.0,0.0,,
2025-04-18 16:00:00,-8.8,-7.7,,-10.0,,60.0,0.4,1.2,144.0,205.0,1025.6,505.0,0.0,,
2025-04-18 17:00:00,-9.5,-7.9,,-10.3,,63.0,0.6,1.4,297.0,203.0,1024.9,432.0,0.0,,
2025-04-18 18:00:00,-9.2,-8.2,-7.7,-9.8,-17.3,66.0,1.3,4.2,76.0,77.0,1024.0,362.0,0.0,3.8,
2025-04-18 19:00:00,,,,,,,1.3,3.0,113.0,144.0,1023.5,257.0,,,
2025-04-18 20:00:00,-10.0,-8.7,,-10.4,,79.0,2.4,4.2,87.0,92.0,1023.1,141.0,0.0,,25.0
2025-04-18 21:00:00,-10.2,-10.0,,-10.6,,84.0,3.2,4.6,73.0,67.0,1022.6,56.0,0.0,,100.0
2025-04-18 22:00:00,,,,,,,,4.1,,,1022.6,11.0,,,100.0
2025-04-18 23:00:00,-11.4,-10.5,,-12.4,,87.0,2.5,3.9,47.0,40.0,1022.6,0.0,0.0,,90.0
2025-04-19 00:00:00,-12.2,-11.6,-7.7,-12.8,-12.8,89.0,1.3,3.1,27.0,42.0,1022.7,0.0,0.0,2.1,100.0
2025-04-19 01:00:00,-12.5,-12.1,,-12.9,,90.0,1.4,2.9,72.0,68.0,1023.0,0.0,0.0,,100.0
2025-04-19 02:00:00,-12.4,-12.2,,-12.6,,92.0,1.4,2.7,40.0,63.0,1023.5,0.0,0.0,,100.0
2025-04-19 03:00:00,-13.3,-12.4,,-13.7,,88.0,2.8,4.2,26.0,23.0,1023.9,0.0,0.0,,100.0
2025-04-19 04:00:00,-13.2,-12.8,,-13.5,,88.0,2.6,3.7,25.0,25.0,1024.2,0.0,0.0,,100.0
2025-04-19 05:00:00,-13.3,-13.0,,-13.5,,89.0,1.6,3.6,25.0,22.0,1024.6,0.0,0.0,,100.0
2025-04-19 06:00:00,-13.5,-13.1,-8.7,-13.8,-13.8,87.0,0.6,1.6,148.0,81.0,1025.2,10.0,0.0,0.0,75.0
2025-04-19 07:00:00,-13.3,-13.1,,-13.5,,88.0,0.6,1.6,0.0,138.0,1025.9,51.0,0.0,,100.0
2025-04-19 08:00:00,-14.1,-13.3,,-14.9,,86.0,0.4,2.4,212.0,248.0,1026.7,116.0,0.0,,
2025-04-19 09:00:00,-14.5,-13.6,,-15.2,,85.0,0.8,4.1,266.0,276.0,1027.4,221.0,0.0,,40.0
2025-04-19 10:00:00,-13.6,-11.0,,-14.8,,83.0,2.5,10.8,56.0,72.0,1027.7,333.0,0.0,,
2025-04-19 11:00:00,-11.0,-9.5,,-12.5,,65.0,4.7,11.7,74.0,63.0,1028.4,442.0,0.0,,
2025-04-19 12:00:00,-9.4,-8.9,-8.9,-10.3,-15.2,53.0,6.4,13.1,161.0,67.0,1028.4,506.0,0.0,0.0,
2025-04-19 13:00:00,-10.0,-9.3,,-10.4,,71.0,2.4,6.8,143.0,157.0,1029.3,545.0,0.0,,
2025-04-19 14:00:00,-9.4,-8.2,,-10.0,,68.0,2.2,7.3,80.0,126.0,1029.2,559.0,0.0,,
2025-04-19 15:00:00,-9.9,-9.0,,-10.5,,69.0,2.2,5.4,167.0,162.0,1029.3,541.0,0.0,,
2025-04-19 16:00:00,-10.2,-9.2,,-10.6,,68.0,1.4,3.4,183.0,167.0,1029.1,511.0,0.0,,50.0
2025-04-19 17:00:00,-9.7,-9.2,,-10.4,,66.0,1.6,4.0,183.0,165.0,1029.0,333.0,0.0,,100.0
2025-04-19 18:00:00,-10.2,-9.8,-8.2,-10.7,-15.2,74.0,0.6,1.7,121.0,148.0,1029.0,238.0,0.0,0.0,100.0
2025-04-19 19:00:00,,,,,,,,1.6,,,1028.9,169.0,,,100.0
2025-04-19 20:00:00,-10.1,-10.0,,-10.2,,78.0,1.6,2.9,146.0,148.0,1029.1,91.0,0.0,,100.0
2025-04-19 21:00:00,-10.1,-9.9,,-10.2,,81.0,1.5,2.9,184.0,152.0,1029.0,37.0,0.0,,100.0
2025-04-19 22:00:00,-10.6,-10.2,,-10.9,,87.0,1.0,1.7,185.0,193.0,1028.9,9.0,0.0,,100.0
2025-04-19 23:00:00,-11.3,-10.9,,-11.4,,89.0,0.8,2.1,162.0,223.0,1028.9,1.0,0.0,,100.0
2025-04-20 00:00:00,,,,,,,0.2,0.9,93.0,,1028.6,0.0,,,100.0
2025-04-20 01:00:00,-11.3,-11.2,,-11.3,,88.0,0.3,1.1,56.0,66.0,1028.3,0.0,0.0,,100.0
2025-04-20 02:00:00,-11.0,-10.8,,-11.2,,88.0,0.3,1.1,25.0,47.0,1028.0,0.0,0.1,,100.0
2025-04-20 03:00:00,-10.7,-10.6,,-10.8,,87.0,0.6,1.4,0.0,29.0,1027.8,0.0,0.1,,100.0
2025-04-20 04:00:00,-10.7,-10.6,,-10.9,,88.0,0.5,1.1,167.0,161.0,1027.5,0.0,0.1,,100.0
2025-04-20 05:00:00,-10.9,-10.8,,-11.0,,89.0,0.4,1.0,317.0,293.0,1027.4,1.0,0.0,,100.0
2025-04-20 06:00:00,-10.8,-10.7,-9.6,-10.8,-11.4,89.0,0.4,1.2,160.0,178.0,1027.3,14.0,0.1,0.2,100.0
2025-04-20 07:00:00,-12.2,-10.9,,-13.1,,88.0,1.7,3.0,140.0,157.0,1027.9,42.0,0.0,,100.0
2025-04-20 08:00:00,-13.1,-12.4,,-13.7,,86.0,1.8,3.4,148.0,141.0,1028.1,92.0,0.0,,100.0
2025-04-20 09:00:00,-12.4,-12.0,,-12.8,,85.0,1.0,2.0,144.0,160.0,1028.6,151.0,0.0,,100.0
2025-04-20 10:00:00,-12.0,-11.4,,-12.6,,84.0,1.6,4.2,150.0,143.0,1029.0,215.0,0.1,,100.0
2025-04-20 11:00:00,-12.5,-12.2,,-13.0,,83.0,2.0,4.0,148.0,147.0,1029.1,290.0,0.1,,100.0
2025-04-20 12:00:00,,,,,,83.0,2.1,3.1,156.0,149.0,,345.0,0.0,0.5,100.0
2025-04-20 13:00:00,-11.7,-10.9,,-12.4,,81.0,1.2,2.6,168.0,147.0,1029.1,374.0,0.0,,100.0
2025-04-20 14:00:00,-10.6,-9.5,,-11.4,,78.0,0.9,1.8,154.0,120.0,1028.9,403.0,0.0,,100.0
2025-04-20 15:00:00,-9.8,-8.8,,-10.2,,78.0,0.8,1.8,211.0,196.0,1028.9,404.0,0.0,,100.0
2025-04-20 16:00:00,-9.5,-8.3,,-10.1,,78.0,0.5,1.5,148.0,198.0,1028.7,377.0,0.0,,100.0
2025-04-20 17:00:00,-9.3,-8.6,,-9.6,,78.0,0.6,1.5,145.0,146.0,1028.6,307.0,0.0,,100.0
2025-04-20 18:00:00,-9.6,-9.1,-8.3,-9.9,-13.7,82.0,0.7,1.4,144.0,163.0,1028.4,229.0,0.0,0.5,100.0
2025-04-20 19:00:00,-9.7,-9.3,,-10.1,,84.0,0.4,1.2,103.0,157.0,1028.5,152.0,0.0,,100.0
2025-04-20 20:00:00,-10.0,-9.7,,-10.1,,87.0,1.1,2.5,140.0,150.0,1028.6,96.0,0.1,,100.0
2025-04-20 21:00:00,-10.6,-10.1,,-11.0,,88.0,1.6,3.2,159.0,147.0,1028.9,44.0,0.0,,100.0
2025-04-20 22:00:00,-10.5,-10.1,,-11.0,,88.0,0.9,2.5,302.0,55.0,1028.8,13.0,0.0,,100.0
2025-04-20 23:00:00,,,,,,89.0,,1.4,,,,1.0,0.0,,100.0
2025-04-21 00:00:00,-10.0,-9.6,-8.3,-10.4,-12.4,89.0,0.9,2.2,102.0,136.0,1029.0,0.0,0.2,0.8,100.0
2025-04-21 01:00:00,-10.9,-9.7,,-11.9,,88.0,1.6,2.9,143.0,146.0,1029.3,0.0,0.1,,100.0
2025-04-21 02:00:00,-12.1,-12.0,,-12.2,,88.0,2.0,3.2,146.0,142.0,1029.5,0.0,0.1,,100.0
2025-04-21 03:00:00,-12.3,-12.1,,-12.5,,88.0,1.7,3.4,145.0,144.0,1029.5,0.0,0.0,,100.0
2025-04-21 04:00:00,-12.4,-12.1,,-12.6,,88.0,1.6,3.6,90.0,138.0,1029.5,0.0,0.0,,100.0
2025-04-21 05:00:00,-12.1,-11.8,,-12.4,,88.0,0.5,2.5,163.0,85.0,1029.4,2.0,0.1,,100.0
2025-04-21 06:00:00,,,,,,,,2.0,,,1029.9,15.0,,,100.0
2025-04-21 07:00:00,-12.8,-12.6,,-13.1,,87.0,0.9,2.4,180.0,144.0,1029.8,46.0,0.1,,100.0
2025-04-21 08:00:00,-12.4,-11.6,,-12.8,,85.0,0.8,2.2,243.0,155.0,1030.1,90.0,0.0,,100.0
2025-04-21 09:00:00,-11.5,-11.3,,-11.9,,83.0,1.1,2.9,131.0,144.0,1030.3,154.0,0.0,,100.0
2025-04-21 10:00:00,-11.3,-10.8,,-11.8,,82.0,2.0,3.2,151.0,140.0,1030.4,235.0,0.0,,100.0
2025-04-21 11:00:00,-10.1,-8.7,,-10.9,,78.0,1.2,2.1,146.0,150.0,1030.3,308.0,0.0,,100.0
2025-04-21 12:00:00,-9.7,-8.6,-8.6,-10.3,-13.1,76.0,1.2,2.2,147.0,142.0,1030.2,355.0,0.0,0.8,100.0
2025-04-21 13:00:00,-9.1,-8.4,,-10.0,,75.0,1.3,2.2,144.0,146.0,1030.3,492.0,0.0,,100.0
2025-04-21 14:00:00,-8.6,-7.0,,-10.0,,70.0,1.1,2.2,149.0,152.0,1030.4,628.0,0.0,,100.0
2025-04-21 15:00:00,-9.4,-7.1,,-10.5,,71.0,0.6,1.2,39.0,63.0,1030.1,616.0,0.0,,
2025-04-21 16:00:00,-9.6,-8.5,,-10.7,,74.0,0.8,2.0,52.0,48.0,1029.9,574.0,0.0,,
2025-04-21 17:00:00,-8.4,-6.9,,-9.3,,67.0,0.3,1.1,0.0,325.0,1029.7,499.0,0.0,,
2025-04-21 18:00:00,-10.5,-8.5,-6.9,-11.3,-13.1,74.0,0.7,1.4,54.0,44.0,1029.7,403.0,0.0,0.8,
2025-04-21 19:00:00,-10.9,-9.7,,-12.1,,77.0,0.6,1.9,51.0,30.0,1029.6,304.0,0.0,,
2025-04-21 20:00:00,-11.7,-10.1,,-13.1,,79.0,0.6,2.4,23.0,31.0,1029.9,192.0,0.0,,40.0
2025-04-21 21:00:00,-13.5,-12.3,,-14.6,,82.0,1.4,2.5,29.0,36.0,1029.7,93.0,0.0,,
2025-04-21 22:00:00,-14.1,-12.7,,-15.1,,86.0,1.5,3.0,61.0,35.0,1029.7,24.0,0.0,,
2025-04-21 23:00:00,-13.0,-12.4,,-14.5,,91.0,0.3,1.7,32.0,60.0,1029.9,2.0,0.0,,100.0
2025-04-22 00:00:00,-13.0,-12.2,-6.9,-13.5,-15.1,91.0,1.2,2.7,17.0,20.0,1030.0,0.0,0.0,0.5,
2025-04-22 01:00:00,-13.8,-13.4,,-14.3,,88.0,2.2,3.5,56.0,23.0,1029.8,0.0,0.0,,
2025-04-22 02:00:00,-15.2,-13.8,,-16.3,,85.0,1.9,2.9,24.0,22.0,1029.5,0.0,0.0,,25.0
2025-04-22 03:00:00,-15.1,-14.7,,-15.7,,87.0,0.5,2.3,143.0,65.0,1029.4,0.0,0.0,,40.0
2025-04-22 04:00:00,-15.6,-14.8,,-16.7,,86.0,0.1,0.8,39.0,2.0,1029.2,0.0,0.0,,50.0
2025-04-22 05:00:00,-15.8,-15.1,,-16.6,,86.0,0.8,2.9,0.0,22.0,1029.2,2.0,0.0,,
2025-04-22 06:00:00,-16.3,-15.5,-9.7,-17.1,-17.1,85.0,0.8,3.1,23.0,22.0,1029.3,16.0,0.0,0.0,75.0
2025-04-22 07:00:00,-15.6,-13.6,,-16.8,,85.0,0.9,2.9,62.0,65.0,1029.5,37.0,0.0,,
2025-04-22 08:00:00,-12.7,-10.9,,-14.1,,84.0,0.2,0.8,159.0,126.0,1029.9,93.0,0.0,,
2025-04-22 09:00:00,-13.4,-11.5,,-14.5,,83.0,0.5,1.8,20.0,34.0,1030.0,272.0,0.0,,
2025-04-22 10:00:00,-10.9,-8.4,,-14.2,,83.0,0.2,0.8,176.0,31.0,1029.9,387.0,0.0,,
2025-04-22 11:00:00,-8.4,-5.9,,-10.1,,81.0,0.2,0.8,194.0,131.0,1030.0,472.0,0.0,,40.0
2025-04-22 12:00:00,-10.4,-8.3,-5.9,-12.3,-17.1,78.0,0.3,1.1,140.0,326.0,1029.9,536.0,0.0,0.0,
2025-04-22 13:00:00,-10.5,-7.6,,-12.0,,74.0,0.3,1.2,207.0,144.0,1030.0,579.0,0.0,,
2025-04-22 14:00:00,-9.9,-8.3,,-11.8,,71.0,0.2,1.1,210.0,195.0,1029.7,611.0,0.0,,
2025-04-22 15:00:00,,,,,,,0.5,1.6,205.0,215.0,1029.7,565.0,,,
2025-04-22 16:00:00,-9.7,-7.4,,-10.9,,68.0,0.3,1.3,316.0,317.0,1029.8,530.0,0.0,,
2025-04-22 17:00:00,,,,,,,,1.0,,,1029.4,463.0,,,
2025-04-22 18:00:00,-8.4,-7.0,-5.9,-9.8,-16.8,68.0,0.6,2.4,309.0,329.0,1029.6,379.0,0.0,0.0,
2025-04-22 19:00:00,,,,,,,,2.6,,,1029.4,282.0,,,
2025-04-22 20:00:00,-9.9,-7.6,,-11.1,,73.0,0.3,1.2,225.0,24.0,1029.6,173.0,0.0,,
2025-04-22 21:00:00,-11.6,-9.8,,-12.9,,81.0,0.5,1.9,46.0,296.0,1029.9,79.0,0.0,,100.0
2025-04-22 22:00:00,-13.5,-13.0,,-13.9,,86.0,1.6,2.6,34.0,36.0,1029.9,20.0,0.0,,100.0
2025-04-22 23:00:00,-13.7,-13.4,,-14.6,,87.0,1.4,2.9,43.0,29.0,1030.1,2.0,0.0,,100.0
2025-04-23 00:00:00,-13.9,-13.5,-6.4,-14.8,-14.8,89.0,0.9,2.0,10.0,33.0,1030.1,0.0,0.0,0.0,
2025-04-23 01:00:00,-15.3,-13.7,,-16.5,,91.0,0.5,1.4,161.0,273.0,1030.4,0.0,0.0,,
2025-04-23 02:00:00,-15.8,-15.1,,-16.8,,89.0,0.8,2.6,133.0,145.0,1030.1,0.0,0.0,,
2025-04-23 03:00:00,-15.6,-15.4,,-16.0,,88.0,1.1,2.7,112.0,119.0,1030.2,0.0,0.0,,
2025-04-23 04:00:00,-16.2,-15.8,,-16.8,,86.0,0.6,1.3,149.0,98.0,1030.3,0.0,0.0,,
2025-04-23 05:00:00,-17.0,-16.7,,-17.6,,85.0,0.2,1.1,61.0,117.0,1029.6,4.0,0.0,,
2025-04-23 06:00:00,-18.6,-17.6,-6.4,-18.9,-18.9,83.0,0.2,0.9,71.0,170.0,1029.3,21.0,0.0,0.0,
2025-04-23 07:00:00,,,,,,,,0.8,,,1029.0,77.0,,,
2025-04-23 08:00:00,-18.9,-17.2,,-19.7,,81.0,0.4,1.1,68.0,113.0,1028.9,170.0,0.0,,10.0
2025-04-23 09:00:00,-17.5,-16.2,,-18.9,,80.0,0.5,1.4,114.0,134.0,1029.4,285.0,0.0,,10.0
2025-04-23 10:00:00,-15.9,-14.8,,-17.7,,80.0,1.1,3.7,178.0,146.0,1028.8,395.0,0.0,,
2025-04-23 11:00:00,-16.6,-15.6,,-17.1,,78.0,1.4,2.9,150.0,162.0,1028.7,469.0,0.0,,25.0
2025-04-23 12:00:00,-15.4,-14.0,-13.7,-16.8,-19.7,79.0,1.3,3.1,152.0,149.0,1028.4,493.0,0.0,0.0,
2025-04-23 13:00:00,-14.0,-12.7,,-14.9,,78.0,1.4,3.6,168.0,149.0,1027.9,539.0,0.0,,
2025-04-23 14:00:00,-14.0,-13.0,,-14.5,,78.0,2.4,4.3,115.0,141.0,1027.9,547.0,0.0,,10.0
2025-04-23 15:00:00,,,,,,78.0,0.6,2.9,122.0,,,409.0,0.0,,40.0
2025-04-23 16:00:00,-12.5,-10.7,,-13.4,,76.0,0.8,2.4,151.0,152.0,1027.3,424.0,0.0,,
2025-04-23 17:00:00,-12.0,-10.4,,-13.4,,76.0,1.1,2.7,149.0,159.0,1026.9,297.0,0.0,,
2025-04-23 18:00:00,-11.9,-9.0,-9.0,-13.3,-19.7,76.0,0.9,2.6,60.0,74.0,1026.7,351.0,0.0,0.0,
2025-04-23 19:00:00,,,,,,,,3.6,,,1026.3,287.0,,,
2025-04-23 20:00:00,-11.2,-10.0,,-11.6,,74.0,0.6,1.6,51.0,128.0,1026.5,182.0,0.0,,
2025-04-23 21:00:00,,,,,,,,1.4,,,1026.7,96.0,,,
2025-04-23 22:00:00,-14.1,-12.6,,-15.2,,83.0,1.0,2.9,45.0,34.0,1026.8,28.0,0.0,,
2025-04-23 23:00:00,-14.3,-13.2,,-15.6,,85.0,2.1,4.6,224.0,28.0,1026.6,3.0,0.0,,
2025-04-24 00:00:00,-13.7,-13.1,-8.3,-14.6,-15.6,84.0,2.5,4.7,22.0,27.0,1026.0,0.0,0.0,0.0,
2025-04-24 01:00:00,-14.8,-12.8,,-17.5,,84.0,0.5,2.2,333.0,139.0,1026.2,0.0,0.0,,
2025-04-24 02:00:00,-16.5,-15.9,,-17.3,,87.0,0.1,1.1,22.0,314.0,1025.9,0.0,0.0,,
2025-04-24 03:00:00,-16.1,-15.4,,-16.6,,86.0,1.0,3.1,154.0,50.0,1026.1,0.0,0.0,,
2025-04-24 04:00:00,-16.2,-15.8,,-16.5,,86.0,0.3,0.8,169.0,157.0,1025.7,0.0,0.0,,
2025-04-24 05:00:00,-17.4,-16.4,,-18.6,,85.0,0.8,2.4,360.0,65.0,1025.6,3.0,0.0,,
2025-04-24 06:00:00,-17.4,-16.7,-8.3,-18.0,-18.6,85.0,0.5,1.5,299.0,311.0,1025.4,26.0,0.0,0.0,
2025-04-24 07:00:00,-16.2,-14.8,,-17.7,,84.0,0.4,1.3,209.0,16.0,1025.4,116.0,0.0,,
2025-04-24 08:00:00,-15.3,-13.6,,-17.6,,83.0,0.8,2.3,128.0,126.0,1025.6,174.0,0.0,,
2025-04-24 09:00:00,-15.9,-13.5,,-18.7,,82.0,0.6,1.8,327.0,216.0,1026.0,272.0,0.0,,
2025-04-24 10:00:00,-14.5,-12.2,,-16.8,,80.0,0.3,1.1,157.0,175.0,1025.9,368.0,0.0,,
2025-04-24 11:00:00,,,,,,74.0,,1.3,,,,399.0,0.0,,50.0
2025-04-24 12:00:00,-11.0,-10.5,-9.1,-11.4,-18.7,68.0,0.3,0.9,163.0,175.0,1026.7,406.0,0.0,0.0,75.0
2025-04-24 13:00:00,-11.2,-9.8,,-13.2,,68.0,0.3,1.2,41.0,285.0,1027.0,432.0,0.0,,40.0
2025-04-24 14:00:00,-11.2,-10.5,,-11.8,,69.0,0.2,1.2,0.0,38.0,1026.6,423.0,0.0,,100.0
2025-04-24 15:00:00,-11.6,-9.6,,-13.0,,72.0,0.3,1.6,220.0,190.0,1027.0,420.0,0.0,,100.0
2025-04-24 16:00:00,,,,,,,,1.4,,,1026.8,422.0,,,100.0
2025-04-24 17:00:00,-9.3,-7.6,,-10.9,,71.0,0.6,1.4,213.0,284.0,1026.9,345.0,0.0,,100.0
2025-04-24 18:00:00,-9.1,-8.5,-7.6,-9.9,-18.7,70.0,0.4,1.4,51.0,200.0,1027.1,298.0,0.0,0.0,100.0
2025-04-24 19:00:00,,,,,,,,,,,1027.4,242.0,,,100.0
2025-04-24 20:00:00,-7.8,-6.4,,-9.0,,71.0,0.5,2.4,1.0,40.0,1027.6,204.0,0.0,,60.0
2025-04-24 21:00:00,-7.8,-6.5,,-8.4,,69.0,1.4,8.5,215.0,102.0,1027.6,125.0,0.0,,100.0
2025-04-24 22:00:00,-8.8,-8.4,,-9.1,,73.0,1.4,3.0,157.0,131.0,1027.6,43.0,0.0,,100.0
2025-04-24 23:00:00,-8.6,-8.0,,-8.8,,73.0,1.2,2.7,127.0,152.0,1027.7,6.0,0.0,,100.0
2025-04-25 00:00:00,-8.7,-8.3,-6.4,-8.9,-13.2,75.0,0.8,2.4,73.0,86.0,1028.0,0.0,0.0,0.0,100.0
2025-04-25 01:00:00,-9.1,-8.6,,-10.0,,80.0,0.6,2.7,38.0,50.0,1028.0,0.0,0.0,,25.0
2025-04-25 02:00:00,-9.8,-9.5,,-10.3,,84.0,0.9,2.6,175.0,180.0,1027.7,0.0,0.0,,
2025-04-25 03:00:00,-10.0,-9.8,,-10.3,,89.0,0.8,1.8,238.0,211.0,1027.6,0.0,0.0,,
2025-04-25 04:00:00,-11.1,-10.3,,-11.9,,92.0,0.6,1.5,72.0,192.0,1027.4,0.0,0.0,,100.0
2025-04-25 05:00:00,-11.0,-10.9,,-11.4,,93.0,0.5,1.6,137.0,122.0,1027.1,5.0,0.0,,100.0
2025-04-25 06:00:00,-11.2,-10.9,-6.4,-11.8,-11.9,93.0,0.7,2.1,78.0,104.0,1026.7,22.0,0.0,0.0,
2025-04-25 07:00:00,-11.9,-11.5,,-12.3,,93.0,1.4,2.7,59.0,62.0,1026.9,81.0,0.0,,
2025-04-25 08:00:00,-12.2,-11.6,,-12.8,,87.0,1.8,2.8,22.0,40.0,1026.6,205.0,0.0,,
2025-04-25 09:00:00,-11.3,-10.2,,-12.6,,84.0,0.7,2.7,32.0,35.0,1026.3,292.0,0.0,,
2025-04-25 10:00:00,-10.5,-9.6,,-11.1,,82.0,0.5,1.2,71.0,340.0,1025.7,389.0,0.0,,
2025-04-25 11:00:00,-9.0,-7.8,,-10.2,,78.0,0.3,1.0,60.0,101.0,1025.2,480.0,0.0,,
2025-04-25 12:00:00,-8.9,-7.9,-7.8,-9.5,-12.8,77.0,0.5,1.7,187.0,164.0,1024.9,548.0,0.0,0.0,
2025-04-25 13:00:00,-8.3,-7.2,,-8.9,,74.0,0.9,2.6,21.0,39.0,1024.1,586.0,0.0,,
2025-04-25 14:00:00,-8.2,-7.2,,-8.8,,75.0,1.3,3.6,145.0,132.0,1023.5,506.0,0.0,,60.0
2025-04-25 15:00:00,-8.6,-7.8,,-8.9,,77.0,1.0,2.3,240.0,205.0,1022.6,387.0,0.0,,100.0
2025-04-25 16:00:00,-8.2,-7.0,,-8.9,,76.0,0.8,1.9,209.0,223.0,1022.5,460.0,0.0,,60.0
2025-04-25 17:00:00,-8.4,-7.8,,-8.9,,79.0,0.9,3.0,316.0,324.0,1021.6,381.0,0.0,,75.0
2025-04-25 18:00:00,-7.8,-7.0,-7.0,-8.5,-12.8,75.0,0.8,2.2,235.0,192.0,1021.1,349.0,0.0,0.0,100.0
2025-04-25 19:00:00,,,,,,,1.0,2.0,225.0,245.0,1020.9,239.0,0.0,,100.0
2025-04-25 20:00:00,-9.0,-8.8,,-9.3,,83.0,0.4,1.3,259.0,191.0,1020.3,121.0,0.0,,100.0
2025-04-25 21:00:00,-9.3,-8.9,,-9.7,,84.0,1.0,2.8,204.0,313.0,1019.8,66.0,0.0,,100.0
2025-04-25 22:00:00,-10.0,-9.5,,-10.3,,87.0,0.7,2.0,159.0,163.0,1019.5,23.0,0.0,,100.0
2025-04-25 23:00:00,-10.0,-9.6,,-10.4,,88.0,0.8,2.7,143.0,150.0,1018.7,5.0,0.0,,100.0
2025-04-26 00:00:00,-10.5,-10.4,-7.0,-10.7,-10.7,88.0,0.8,2.7,21.0,160.0,1017.9,0.0,0.0,0.0,100.0
2025-04-26 01:00:00,-10.0,-9.6,,-10.5,,87.0,0.4,1.8,76.0,251.0,1017.5,0.0,0.0,,100.0
2025-04-26 02:00:00,-9.7,-9.4,,-10.0,,87.0,0.6,1.8,195.0,170.0,1016.9,0.0,0.0,,100.0
2025-04-26 03:00:00,-10.4,-9.6,,-11.1,,86.0,1.6,3.1,151.0,152.0,1016.6,0.0,0.0,,100.0
2025-04-26 04:00:00,-10.7,-9.9,,-11.1,,86.0,1.1,3.8,144.0,150.0,1016.0,0.0,0.0,,100.0
2025-04-26 05:00:00,-11.0,-10.6,,-11.3,,88.0,1.2,3.1,176.0,153.0,1015.8,4.0,0.0,,100.0
2025-04-26 06:00:00,,,,,,87.0,0.9,2.9,191.0,175.0,,30.0,0.1,0.1,100.0
2025-04-26 07:00:00,-9.6,-9.2,,-10.0,,88.0,0.4,1.3,150.0,286.0,1016.1,58.0,0.1,,100.0
2025-04-26 08:00:00,,,,,,,0.8,2.0,156.0,,1015.9,122.0,,,100.0
2025-04-26 09:00:00,-7.4,-5.3,,-8.9,,85.0,2.3,8.4,54.0,55.0,1015.6,189.0,0.3,,100.0
2025-04-26 10:00:00,,,,,,,5.3,9.8,270.0,51.0,1015.6,237.0,,,100.0
2025-04-26 11:00:00,-5.6,-4.9,,-6.2,,84.0,2.5,8.7,29.0,44.0,1015.2,267.0,0.2,,100.0
2025-04-26 12:00:00,-5.4,-5.0,-4.9,-6.3,-11.3,80.0,6.0,10.9,25.0,24.0,1015.1,301.0,0.2,1.4,100.0
2025-04-26 13:00:00,-4.5,-4.1,,-5.0,,82.0,2.9,8.3,11.0,14.0,1015.0,311.0,0.2,,100.0
2025-04-26 14:00:00,-5.2,-4.7,,-5.6,,81.0,6.2,9.8,20.0,24.0,1014.6,345.0,0.5,,100.0
2025-04-26 15:00:00,-4.9,-4.2,,-5.7,,79.0,7.2,10.8,29.0,24.0,1014.4,338.0,0.0,,100.0
2025-04-26 16:00:00,-4.6,-3.7,,-5.4,,78.0,7.2,11.0,21.0,27.0,1014.4,313.0,0.0,,100.0
2025-04-26 17:00:00,-4.1,-3.6,,-4.9,,78.0,6.5,10.7,25.0,25.0,1014.3,260.0,0.0,,
2025-04-26 18:00:00,-3.8,-2.9,-2.9,-4.6,-10.0,78.0,6.2,11.2,26.0,28.0,1014.0,196.0,0.2,2.4,100.0
2025-04-26 19:00:00,,,,,,,,12.9,,,1014.1,141.0,,,100.0
2025-04-26 20:00:00,-4.0,-3.3,,-4.8,,85.0,2.6,9.5,240.0,350.0,1014.1,89.0,0.0,,100.0
2025-04-26 21:00:00,,,,,,,,4.6,,,1014.2,48.0,,,100.0
2025-04-26 22:00:00,-4.3,-3.9,,-4.6,,86.0,4.0,8.6,24.0,22.0,1014.2,19.0,0.1,,100.0
2025-04-26 23:00:00,-4.2,-3.9,,-4.5,,84.0,3.3,8.7,33.0,20.0,1014.5,3.0,0.3,,
2025-04-27 00:00:00,-4.8,-4.5,-2.9,-5.1,-5.7,84.0,5.9,9.5,24.0,26.0,1014.4,0.0,0.2,3.0,
2025-04-27 01:00:00,-4.8,-4.4,,-5.3,,82.0,6.1,11.2,25.0,35.0,1014.5,0.0,0.1,,100.0
2025-04-27 02:00:00,-4.8,-4.3,,-5.1,,85.0,3.6,8.1,21.0,16.0,1014.7,0.0,0.3,,100.0
2025-04-27 03:00:00,-5.4,-4.5,,-6.6,,79.0,6.3,11.9,29.0,30.0,1014.4,0.0,0.1,,100.0
2025-04-27 04:00:00,-6.9,-6.2,,-7.4,,80.0,9.7,13.9,21.0,26.0,1014.4,0.0,0.0,,100.0
2025-04-27 05:00:00,,,,,,,,14.4,,,1014.4,4.0,,,100.0
2025-04-27 06:00:00,-6.7,-6.1,-2.9,-7.3,-7.4,77.0,7.6,12.7,30.0,41.0,1014.8,20.0,0.0,3.4,100.0
2025-04-27 07:00:00,,,,,,75.0,,14.1,,,,47.0,0.0,,100.0
2025-04-27 08:00:00,-6.1,-5.9,,-6.4,,76.0,8.1,14.0,24.0,24.0,1015.3,87.0,0.0,,
2025-04-27 09:00:00,-6.5,-6.1,,-6.7,,76.0,6.5,11.8,18.0,21.0,1015.8,146.0,0.0,,100.0
2025-04-27 10:00:00,-6.5,-6.0,,-6.8,,74.0,8.6,14.3,22.0,24.0,1015.5,235.0,0.0,,100.0
2025-04-27 11:00:00,-6.5,-6.1,,-6.8,,72.0,10.5,15.3,23.0,26.0,1015.8,300.0,0.0,,100.0
2025-04-27 12:00:00,-7.0,-6.7,-4.3,-7.5,-7.5,73.0,10.3,14.3,20.0,21.0,1015.8,372.0,0.0,2.0,100.0
2025-04-27 13:00:00,-6.8,-6.1,,-7.3,,71.0,8.9,13.0,26.0,23.0,,519.0,0.0,,100.0
2025-04-27 14:00:00,-6.0,-5.6,,-6.6,,70.0,5.6,11.1,31.0,29.0,1016.4,482.0,0.0,,100.0
2025-04-27 15:00:00,-6.4,-5.8,,-6.9,,70.0,7.5,13.6,35.0,28.0,1016.2,418.0,0.0,,100.0
2025-04-27 16:00:00,-6.4,-5.8,,-6.8,,67.0,9.8,15.5,26.0,26.0,1016.0,434.0,0.0,,100.0
2025-04-27 17:00:00,,,,,,64.0,,,,,1016.0,334.0,0.0,,
2025-04-27 18:00:00,-6.3,-6.0,-5.6,-6.9,-7.5,62.0,8.6,12.6,29.0,26.0,1016.0,228.0,0.0,1.1,100.0
2025-04-27 19:00:00,-7.4,-6.6,,-8.0,,,9.7,14.0,41.0,32.0,1016.5,158.0,,,100.0
2025-04-27 20:00:00,-7.4,-6.5,,-8.0,,65.0,9.4,14.3,48.0,50.0,1016.3,98.0,0.0,,100.0
2025-04-27 21:00:00,-6.9,-6.2,,-7.3,,64.0,8.9,14.3,45.0,47.0,1016.7,54.0,0.0,,100.0
2025-04-27 22:00:00,-6.8,-6.4,,-7.1,,67.0,7.8,12.4,28.0,33.0,1016.8,22.0,0.0,,100.0
2025-04-27 23:00:00,-6.9,-6.6,,-7.1,,70.0,8.2,12.2,21.0,23.0,1016.8,4.0,0.0,,100.0
2025-04-28 00:00:00,-6.8,-6.5,-5.6,-7.0,-8.0,68.0,7.9,11.9,24.0,22.0,1017.3,0.0,0.0,0.4,100.0
2025-04-28 01:00:00,-6.5,-6.4,,-6.6,,63.0,5.9,8.8,27.0,27.0,1017.4,0.0,0.0,,100.0
2025-04-28 02:00:00,-6.8,-6.5,,-7.2,,65.0,6.3,9.8,26.0,26.0,1017.4,0.0,0.0,,100.0
2025-04-28 03:00:00,-6.8,-6.5,,-7.1,,66.0,4.5,8.7,26.0,26.0,1017.5,0.0,0.0,,100.0
2025-04-28 04:00:00,-7.0,-6.3,,-7.9,,71.0,1.3,4.5,238.0,21.0,1017.6,0.0,0.0,,100.0
2025-04-28 05:00:00,-7.2,-6.9,,-7.8,,75.0,1.4,3.6,153.0,317.0,1017.8,7.0,0.0,,100.0
2025-04-28 06:00:00,-8.2,-7.4,-6.2,-8.8,-8.8,83.0,0.8,2.6,161.0,157.0,1018.0,28.0,0.0,0.0,100.0
2025-04-28 07:00:00,-8.7,-7.6,,-9.1,,83.0,1.4,2.7,129.0,151.0,1018.2,67.0,0.0,,100.0
2025-04-28 08:00:00,-8.2,-7.5,,-9.0,,80.0,0.5,2.1,14.0,152.0,1018.3,129.0,0.0,,100.0
2025-04-28 09:00:00,-7.9,-7.3,,-8.2,,79.0,1.1,3.3,121.0,147.0,1018.3,225.0,0.0,,100.0
2025-04-28 10:00:00,-7.3,-5.3,,-8.5,,75.0,0.8,2.5,47.0,121.0,1018.3,400.0,0.0,,100.0
2025-04-28 11:00:00,-6.3,-5.1,,-7.8,,70.0,0.4,1.5,63.0,326.0,1018.4,523.0,0.0,,
2025-04-28 12:00:00,-7.2,-5.9,-5.1,-8.3,-9.1,73.0,0.4,1.8,58.0,236.0,1018.5,556.0,0.0,0.0,
2025-04-28 13:00:00,-4.9,-3.4,,-6.6,,65.0,0.3,0.9,264.0,202.0,1018.5,599.0,0.0,,
2025-04-28 14:00:00,-4.6,-3.0,,-5.1,,63.0,0.4,1.8,259.0,257.0,1018.1,632.0,0.0,,40.0
2025-04-28 15:00:00,,,,,,,,3.2,,,1017.8,591.0,,,100.0
2025-04-28 16:00:00,-5.0,-4.0,,-6.0,,69.0,0.6,1.9,172.0,193.0,1017.4,552.0,0.0,,90.0
2025-04-28 17:00:00,-5.1,-4.4,,-5.7,,69.0,0.6,1.4,194.0,151.0,1016.8,505.0,0.0,,100.0
2025-04-28 18:00:00,-5.5,-4.5,-3.0,-6.0,-9.1,72.0,0.7,1.6,160.0,186.0,1016.5,341.0,0.0,0.0,100.0
2025-04-28 19:00:00,,,,,,72.0,,1.5,,,,296.0,0.0,,100.0
2025-04-28 20:00:00,,,,,,,,,,,1015.5,148.0,,,100.0
2025-04-28 21:00:00,,,,,,,,,,,1015.0,66.0,,,100.0
2025-04-28 22:00:00,,,,,,,,,,,1014.6,55.0,,,
2025-04-28 23:00:00,,,,,,,,,,,1014.1,7.0,,,90.0
2025-04-29 00:00:00,,,,,,,,,,,1013.5,0.0,,,40.0
2025-04-29 01:00:00,,,,,,,,,,,1013.1,0.0,,,100.0
2025-04-29 02:00:00,-8.4,-8.0,,-8.9,,95.0,0.9,2.8,184.0,170.0,1012.6,0.0,0.0,,100.0
2025-04-29 03:00:00,-9.7,-8.7,,-10.7,,93.0,0.6,1.3,125.0,169.0,1012.4,0.0,0.0,,100.0
2025-04-29 04:00:00,-10.4,-10.0,,-10.8,,93.0,0.5,1.2,0.0,98.0,1011.9,1.0,0.0,,100.0
2025-04-29 05:00:00,-10.9,-10.2,,-11.5,,91.0,0.2,0.9,223.0,40.0,1011.7,8.0,0.0,,100.0
2025-04-29 06:00:00,-12.4,-11.5,-4.4,-12.8,-12.8,92.0,0.5,1.3,86.0,119.0,1011.6,31.0,0.0,0.0,
2025-04-29 07:00:00,-11.9,-11.3,,-12.5,,92.0,0.3,1.0,347.0,32.0,1011.4,80.0,0.0,,
2025-04-29 08:00:00,-13.3,-12.0,,-14.8,,88.0,0.4,1.4,164.0,161.0,1011.6,166.0,0.0,,
2025-04-29 09:00:00,-14.5,-14.0,,-15.0,,85.0,0.6,1.6,79.0,129.0,1011.6,256.0,0.0,,
2025-04-29 10:00:00,-14.3,-13.3,,-14.9,,82.0,0.7,1.9,153.0,154.0,1011.8,365.0,0.0,,
2025-04-29 11:00:00,,,,,,,,3.1,,,1011.8,436.0,,,
2025-04-29 12:00:00,-12.7,-11.7,-7.3,-13.6,-15.0,81.0,1.5,3.0,166.0,157.0,1011.7,515.0,0.0,0.0,75.0
2025-04-29 13:00:00,-10.7,-8.8,,-12.4,,82.0,0.9,2.7,162.0,170.0,1011.9,602.0,0.0,,
2025-04-29 14:00:00,-10.2,-8.1,,-11.1,,81.0,1.0,2.8,281.0,161.0,1011.8,612.0,0.0,,
2025-04-29 15:00:00,-10.2,-9.0,,-10.9,,80.0,0.8,1.9,150.0,173.0,1011.9,593.0,0.0,,
2025-04-29 16:00:00,-9.7,-8.9,,-10.2,,79.0,1.3,3.8,167.0,163.0,1011.7,558.0,0.0,,
2025-04-29 17:00:00,-9.5,-9.1,,-10.3,,80.0,1.8,3.8,172.0,150.0,1011.8,494.0,0.0,,
2025-04-29 18:00:00,-9.2,-9.0,-8.1,-9.4,-15.0,80.0,2.2,4.3,148.0,148.0,1011.8,412.0,0.0,0.0,
2025-04-29 19:00:00,-9.6,-9.0,,-9.8,,80.0,2.1,4.1,150.0,146.0,1012.2,317.0,0.0,,
2025-04-29 20:00:00,-9.1,-8.3,,-9.5,,79.0,1.0,2.1,155.0,115.0,1011.9,219.0,0.0,,
2025-04-29 21:00:00,-9.9,-9.2,,-10.6,,83.0,0.9,2.4,73.0,144.0,1012.6,127.0,0.0,,
2025-04-29 22:00:00,-11.0,-10.0,,-11.8,,87.0,0.9,2.3,97.0,146.0,1013.2,51.0,0.0,,
2025-04-29 23:00:00,-12.4,-11.7,,-13.1,,93.0,0.9,2.3,172.0,158.0,1012.8,7.0,0.0,,10.0
2025-04-30 00:00:00,-13.8,-13.1,-8.1,-14.5,-14.5,91.0,0.7,2.0,166.0,151.0,1012.7,0.0,0.0,0.0,25.0
2025-04-30 01:00:00,-15.2,-14.5,,-15.8,,89.0,0.7,1.7,92.0,147.0,1012.8,0.0,0.0,,
2025-04-30 02:00:00,-15.8,-14.3,,-16.4,,87.0,0.7,2.6,209.0,151.0,1012.6,0.0,0.0,,
2025-04-30 03:00:00,-16.6,-16.1,,-17.0,,86.0,0.4,1.3,229.0,174.0,1012.2,0.0,0.0,,
2025-04-30 04:00:00,-15.4,-14.4,,-16.7,,86.0,0.5,1.7,85.0,181.0,1012.0,2.0,0.0,,
2025-04-30 05:00:00,-15.0,-13.9,,-15.7,,86.0,0.2,0.8,60.0,40.0,1012.2,10.0,0.0,,
2025-04-30 06:00:00,-14.2,-13.3,-8.3,-15.4,-17.0,85.0,0.3,1.1,219.0,211.0,1012.4,73.0,0.0,0.0,90.0
2025-04-30 07:00:00,-13.9,-12.6,,-15.2,,84.0,0.3,0.9,156.0,145.0,1012.0,149.0,0.0,,100.0
2025-04-30 08:00:00,-13.6,-12.7,,-14.5,,83.0,0.7,1.6,145.0,152.0,1012.0,220.0,0.0,,50.0
2025-04-30 09:00:00,-13.1,-10.6,,-14.6,,85.0,0.6,2.1,156.0,127.0,1011.5,237.0,0.0,,90.0
2025-04-30 10:00:00,-9.5,-6.5,,-12.0,,85.0,0.2,0.9,32.0,143.0,1011.6,343.0,0.0,,60.0
2025-04-30 11:00:00,-9.6,-7.5,,-11.0,,78.0,0.2,1.1,41.0,48.0,1011.8,500.0,0.0,,40.0
2025-04-30 12:00:00,-7.6,-5.0,-5.0,-11.0,-17.0,77.0,0.4,2.3,18.0,249.0,1011.3,560.0,0.0,0.0,
2025-04-30 13:00:00,-7.1,-4.2,,-10.1,,71.0,0.9,2.7,114.0,209.0,1011.2,609.0,0.0,,
2025-04-30 14:00:00,-9.0,-8.3,,-9.8,,72.0,0.6,2.0,156.0,171.0,1010.7,586.0,0.0,,25.0
2025-04-30 15:00:00,-8.6,-6.5,,-9.6,,75.0,0.8,2.4,304.0,126.0,1010.5,570.0,0.0,,
2025-04-30 16:00:00,-6.9,-6.2,,-7.5,,72.0,0.5,2.0,352.0,322.0,1010.0,489.0,0.0,,
2025-04-30 17:00:00,-7.6,-6.7,,-8.7,,77.0,0.7,1.9,240.0,237.0,1009.5,384.0,0.0,,10.0
2025-04-30 18:00:00,-6.5,-5.1,-4.2,-7.5,-15.2,74.0,1.2,5.6,34.0,8.0,1008.6,480.0,0.0,0.0,
2025-04-30 19:00:00,-5.3,-3.6,,-7.5,,74.0,1.5,5.8,124.0,97.0,,300.0,0.0,,
2025-04-30 20:00:00,-7.9,-7.3,,-8.3,,81.0,0.9,3.0,68.0,140.0,1008.2,220.0,0.0,,10.0
2025-04-30 21:00:00,-7.8,-7.0,,-8.3,,82.0,2.1,4.2,34.0,32.0,1007.7,142.0,0.0,,50.0
2025-04-30 22:00:00,-6.0,-4.9,,-7.0,,76.0,2.1,4.3,283.0,24.0,1007.3,51.0,0.0,,
2025-04-30 23:00:00,-8.9,-6.4,,-11.3,,86.0,0.4,2.3,0.0,251.0,1007.3,8.0,0.0,,
2025-05-01 00:00:00,-9.0,-8.1,-3.6,-10.0,-11.3,90.0,0.4,1.1,321.0,344.0,1006.6,1.0,0.0,0.0,
2025-05-01 01:00:00,-7.5,-5.9,,-9.0,,82.0,0.6,1.5,92.0,124.0,1006.3,0.0,0.0,,
2025-05-01 02:00:00,-7.4,-5.4,,-10.2,,74.0,0.3,1.2,15.0,32.0,1005.8,0.0,0.0,,
2025-05-01 03:00:00,-10.8,-8.0,,-12.4,,87.0,0.8,2.1,152.0,130.0,1005.3,0.0,0.0,,
2025-05-01 04:00:00,-11.2,-10.8,,-11.7,,94.0,1.4,2.6,8.0,149.0,1004.8,1.0,0.0,,
2025-05-01 05:00:00,,,,,,,0.3,1.6,106.0,126.0,1004.4,11.0,,,
2025-05-01 06:00:00,-8.9,-7.6,-3.6,-10.6,-12.4,83.0,0.4,1.4,39.0,216.0,1004.4,57.0,0.0,0.0,
2025-05-01 07:00:00,-10.4,-8.8,,-11.5,,81.0,0.4,1.6,194.0,343.0,1004.2,143.0,0.0,,
2025-05-01 08:00:00,-9.6,-7.5,,-11.8,,78.0,0.7,2.3,147.0,157.0,1004.2,238.0,0.0,,
2025-05-01 09:00:00,-14.2,-9.7,,-16.1,,82.0,2.1,4.2,150.0,147.0,1004.2,336.0,0.0,,
2025-05-01 10:00:00,-11.6,-10.2,,-13.8,,76.0,1.1,3.4,104.0,136.0,1003.9,434.0,0.0,,
2025-05-01 11:00:00,-8.1,-6.9,,-9.9,,68.0,1.5,3.9,152.0,148.0,1003.7,509.0,0.0,,
2025-05-01 12:00:00,-9.4,-7.6,-5.4,-10.8,-16.1,71.0,2.1,3.7,148.0,151.0,1003.5,575.0,0.0,0.0,
2025-05-01 13:00:00,-6.9,-5.2,,-8.2,,65.0,0.8,2.9,155.0,143.0,1003.2,612.0,0.0,,
2025-05-01 14:00:00,-6.1,-5.1,,-7.3,,65.0,0.7,3.8,113.0,150.0,1003.1,627.0,0.0,,
2025-05-01 15:00:00,-5.3,-3.3,,-7.2,,64.0,0.6,2.4,160.0,174.0,1002.9,605.0,0.0,,
2025-05-01 16:00:00,-3.4,-1.7,,-4.7,,62.0,0.4,1.9,0.0,180.0,1002.4,566.0,0.0,,
2025-05-01 17:00:00,-2.5,-1.1,,-4.1,,62.0,0.3,1.5,278.0,236.0,1002.0,477.0,0.0,,10.0
2025-05-01 18:00:00,-3.2,-1.5,-1.1,-4.0,-16.1,67.0,0.3,1.5,300.0,293.0,1002.2,308.0,0.0,0.0,90.0
2025-05-01 19:00:00,,,,,,,,3.7,,,1002.1,207.0,,,90.0
2025-05-01 20:00:00,-3.3,-2.5,,-3.8,,74.0,1.2,2.8,280.0,294.0,1002.4,134.0,0.0,,100.0
2025-05-01 21:00:00,-3.0,-2.0,,-3.3,,75.0,0.8,3.6,164.0,174.0,1002.5,60.0,0.0,,100.0
2025-05-01 22:00:00,-3.6,-1.9,,-4.5,,79.0,2.7,5.7,149.0,152.0,1003.2,27.0,0.0,,100.0
2025-05-01 23:00:00,-3.5,-2.8,,-4.1,,81.0,2.0,4.5,96.0,128.0,1004.0,7.0,0.0,,100.0
2025-05-02 00:00:00,-3.6,-3.3,-1.1,-4.0,-8.2,81.0,1.2,3.4,130.0,145.0,1004.6,1.0,0.0,0.0,100.0
2025-05-02 01:00:00,-3.8,-3.4,,-4.4,,81.0,2.6,12.3,30.0,53.0,1005.1,0.0,0.0,,100.0
2025-05-02 02:00:00,-4.0,-3.3,,-4.5,,77.0,8.3,13.3,59.0,50.0,1005.9,0.0,0.0,,100.0
2025-05-02 03:00:00,-3.8,-3.1,,-4.5,,75.0,7.0,11.7,24.0,51.0,1006.9,0.0,0.0,,100.0
2025-05-02 04:00:00,-4.3,-3.7,,-4.6,,84.0,3.6,9.9,307.0,5.0,1008.4,1.0,0.1,,
2025-05-02 05:00:00,-5.0,-4.7,,-5.3,,84.0,4.3,9.9,54.0,40.0,1009.1,12.0,0.5,,
2025-05-02 06:00:00,-5.1,-4.9,-1.9,-5.5,-5.5,81.0,5.7,11.2,38.0,43.0,1010.1,43.0,0.1,0.7,100.0
2025-05-02 07:00:00,-4.7,-4.2,,-5.1,,89.0,1.9,6.5,264.0,315.0,1011.5,92.0,0.0,,100.0
2025-05-02 08:00:00,-4.1,-3.5,,-4.8,,84.0,1.0,6.1,47.0,27.0,1012.4,179.0,0.0,,100.0
2025-05-02 09:00:00,-4.2,-3.7,,-4.8,,82.0,2.2,6.2,170.0,94.0,1013.7,285.0,0.0,,100.0
2025-05-02 10:00:00,-3.6,-3.0,,-4.2,,81.0,0.7,1.6,349.0,106.0,1014.5,370.0,0.0,,100.0
2025-05-02 11:00:00,-3.7,-3.0,,-4.1,,77.0,1.1,2.2,244.0,238.0,1015.4,519.0,0.0,,100.0
2025-05-02 12:00:00,-3.5,-2.7,-2.7,-3.9,-5.5,72.0,1.0,2.1,244.0,219.0,1016.1,594.0,0.0,0.7,100.0
2025-05-02 13:00:00,-2.8,-0.8,,-3.9,,70.0,1.0,2.2,209.0,207.0,1016.9,687.0,0.0,,100.0
2025-05-02 14:00:00,-3.0,-2.6,,-3.3,,71.0,1.1,2.1,235.0,194.0,1017.4,616.0,0.0,,90.0
2025-05-02 15:00:00,-2.8,-1.8,,-3.3,,71.0,0.9,2.2,201.0,220.0,1018.0,600.0,0.0,,
2025-05-02 16:00:00,-2.9,-2.5,,-3.4,,72.0,1.0,2.4,297.0,190.0,1018.3,565.0,0.0,,
2025-05-02 17:00:00,-3.1,-2.6,,-3.3,,73.0,1.2,2.4,204.0,225.0,1019.1,502.0,0.0,,
2025-05-02 18:00:00,-3.0,-2.0,-0.8,-3.5,-5.1,73.0,0.8,2.7,28.0,349.0,1019.4,419.0,0.0,0.7,
2025-05-02 19:00:00,-2.7,-1.3,,-3.8,,71.0,0.9,3.0,44.0,42.0,1019.9,324.0,0.0,,
2025-05-02 20:00:00,-3.0,-1.9,,-4.0,,74.0,1.1,3.3,25.0,21.0,1020.5,228.0,0.0,,
2025-05-02 21:00:00,-2.8,-1.4,,-3.4,,73.0,0.6,1.8,350.0,33.0,1020.7,140.0,0.0,,
2025-05-02 22:00:00,-2.0,-1.3,,-2.7,,69.0,0.7,2.1,141.0,62.0,1020.9,64.0,0.0,,
2025-05-02 23:00:00,-2.4,-1.7,,-3.4,,71.0,0.6,1.4,194.0,174.0,1021.9,10.0,0.0,,
2025-05-03 00:00:00,-3.5,-2.4,-0.8,-4.2,-4.2,74.0,1.8,4.7,24.0,20.0,1022.0,2.0,0.0,0.7,
2025-05-03 01:00:00,-1.1,-0.1,,-2.9,,54.0,4.3,5.8,24.0,22.0,1021.9,0.0,0.0,,
2025-05-03 02:00:00,-1.4,0.4,,-3.6,,54.0,3.1,5.4,24.0,23.0,1022.3,0.0,0.0,,
2025-05-03 03:00:00,-1.5,-0.7,,-3.7,,54.0,3.4,6.1,12.0,23.0,1022.7,0.0,0.0,,
2025-05-03 04:00:00,-3.5,-2.2,,-5.5,,73.0,1.1,3.3,33.0,358.0,1022.3,3.0,0.0,,
2025-05-03 05:00:00,-2.6,-1.2,,-4.1,,68.0,1.5,5.3,34.0,12.0,1021.8,14.0,0.0,,
2025-05-03 06:00:00,-3.5,-1.8,0.4,-4.6,-5.5,71.0,1.3,3.8,23.0,11.0,1021.8,77.0,0.0,0.0,
2025-05-03 07:00:00,-1.8,-1.2,,-2.6,,62.0,0.8,2.5,2.0,7.0,1021.3,170.0,0.0,,
2025-05-03 08:00:00,-3.4,-2.2,,-4.2,,70.0,0.7,2.3,229.0,173.0,1020.8,235.0,0.0,,
2025-05-03 09:00:00,-2.3,-0.2,,-3.5,,70.0,0.3,1.3,211.0,253.0,1020.0,346.0,0.0,,
2025-05-03 10:00:00,-3.1,-1.7,,-4.1,,73.0,0.7,2.1,207.0,177.0,1019.3,442.0,0.0,,
2025-05-03 11:00:00,-2.7,-0.5,,-3.8,,73.0,2.3,8.0,195.0,46.0,1018.1,509.0,0.0,,
2025-05-03 12:00:00,-2.6,-1.9,0.4,-3.3,-5.5,79.0,6.2,12.1,106.0,122.0,1017.0,564.0,0.0,0.0,10.0
2025-05-03 13:00:00,-2.4,-1.5,,-3.2,,81.0,4.8,11.4,294.0,100.0,1016.5,620.0,0.0,,
2025-05-03 14:00:00,-2.3,0.0,,-4.8,,77.0,1.2,3.8,281.0,262.0,1015.8,630.0,0.0,,
2025-05-03 15:00:00,-3.3,-0.7,,-4.9,,82.0,1.0,3.8,166.0,196.0,1014.0,576.0,0.0,,
2025-05-03 16:00:00,-4.8,-4.2,,-5.5,,88.0,1.5,3.8,202.0,192.0,1013.3,510.0,0.0,,
2025-05-03 17:00:00,-4.9,-4.2,,-5.3,,88.0,0.9,2.3,168.0,176.0,1012.3,421.0,0.0,,
2025-05-03 18:00:00,-5.0,-4.4,0.0,-5.6,-5.6,91.0,0.6,2.3,156.0,240.0,1011.2,302.0,0.0,0.0,
2025-05-03 19:00:00,,,,,,,,2.8,,,1010.2,282.0,,,
2025-05-03 20:00:00,-2.4,-1.4,,-3.1,,72.0,0.6,2.2,255.0,210.0,1009.5,238.0,0.0,,
2025-05-03 21:00:00,-3.0,-2.0,,-3.5,,76.0,0.6,2.5,66.0,30.0,1008.6,158.0,0.0,,
2025-05-03 22:00:00,-3.1,-2.6,,-3.5,,77.0,0.9,3.2,169.0,181.0,1007.4,68.0,0.0,,
2025-05-03 23:00:00,-3.5,-2.5,,-4.3,,79.0,1.6,3.9,145.0,113.0,1007.0,14.0,0.0,,
2025-05-04 00:00:00,-4.6,-2.8,0.0,-5.5,-5.6,82.0,1.1,3.2,31.0,136.0,1006.4,4.0,0.0,0.0,
2025-05-04 01:00:00,-3.3,-1.9,,-4.8,,73.0,1.3,4.4,163.0,170.0,1006.1,0.0,0.0,,
2025-05-04 02:00:00,-6.4,-2.4,,-8.6,,85.0,2.1,5.8,155.0,140.0,1005.8,0.0,0.0,,
2025-05-04 03:00:00,-6.5,-3.1,,-8.9,,83.0,2.1,6.1,161.0,158.0,1006.1,1.0,0.0,,
2025-05-04 04:00:00,1.0,9.1,,-5.4,,57.0,5.6,22.4,296.0,284.0,1004.8,10.0,0.0,,
2025-05-04 05:00:00,8.7,9.6,,8.0,,31.0,10.2,21.1,323.0,331.0,1006.3,18.0,0.0,,
2025-05-04 06:00:00,8.1,8.6,9.6,7.6,-8.9,31.0,14.3,20.6,293.0,300.0,1005.8,29.0,0.0,0.0,
2025-05-04 07:00:00,8.2,8.8,,7.5,,30.0,9.8,22.2,328.0,322.0,1008.0,95.0,0.0,,
2025-05-04 08:00:00,8.0,9.8,,6.6,,31.0,6.1,14.3,326.0,328.0,1009.2,235.0,0.0,,
2025-05-04 09:00:00,8.7,9.8,,5.5,,26.0,7.9,17.7,44.0,335.0,1010.9,287.0,0.0,,
2025-05-04 10:00:00,0.0,4.2,,-1.7,,61.0,15.3,24.2,41.0,32.0,1012.7,437.0,0.0,,
2025-05-04 11:00:00,-0.5,0.3,,-1.4,,56.0,17.0,22.9,53.0,47.0,1015.4,514.0,0.0,,
2025-05-04 12:00:00,-0.3,0.1,9.8,-0.5,-8.9,50.0,14.1,21.2,52.0,54.0,1016.9,569.0,0.0,0.0,
2025-05-04 13:00:00,-0.1,0.1,,-0.5,,50.0,14.4,20.4,47.0,51.0,1018.3,624.0,0.0,,
2025-05-04 14:00:00,-0.3,0.3,,-0.7,,51.0,13.8,19.8,48.0,42.0,1019.7,592.0,0.0,,
2025-05-04 15:00:00,-0.4,0.0,,-0.7,,53.0,13.4,18.8,31.0,42.0,1020.6,600.0,0.0,,
2025-05-04 16:00:00,-1.0,-0.6,,-1.2,,57.0,13.9,18.5,42.0,39.0,1021.4,580.0,0.0,,
2025-05-04 17:00:00,-0.9,-0.1,,-1.4,,57.0,12.9,18.0,53.0,42.0,1022.1,420.0,0.0,,10.0
2025-05-04 18:00:00,-1.1,-0.5,9.8,-1.7,-1.7,57.0,12.2,16.6,32.0,31.0,1022.9,397.0,0.0,0.0,25.0
2025-05-04 19:00:00,-1.4,-0.7,,-2.1,,59.0,11.1,14.8,18.0,24.0,,360.0,0.0,,
2025-05-04 20:00:00,-1.5,-0.9,,-1.9,,58.0,9.5,13.6,37.0,31.0,1023.9,242.0,0.0,,
2025-05-04 21:00:00,-1.4,-0.6,,-2.2,,56.0,2.9,12.0,328.0,20.0,1024.5,123.0,0.0,,
2025-05-04 22:00:00,-2.2,-1.8,,-2.8,,57.0,2.3,8.0,135.0,66.0,1024.9,34.0,0.0,,10.0
2025-05-04 23:00:00,-2.4,-2.0,,-2.7,,54.0,5.0,9.9,112.0,102.0,1025.1,18.0,0.0,,100.0
2025-05-05 00:00:00,-3.1,-2.5,0.3,-3.8,-3.8,57.0,4.2,6.4,67.0,99.0,1024.5,3.0,0.0,0.0,
2025-05-05 01:00:00,-2.8,-2.1,,-3.4,,54.0,4.4,8.3,74.0,75.0,1023.6,0.0,0.0,,
2025-05-05 02:00:00,-2.8,-2.2,,-3.4,,54.0,2.9,8.7,91.0,127.0,1023.2,0.0,0.0,,
2025-05-05 03:00:00,-4.0,-3.4,,-4.4,,65.0,4.3,6.3,79.0,96.0,1021.9,5.0,0.0,,90.0
2025-05-05 04:00:00,-3.8,-3.6,,-4.2,,69.0,4.4,6.9,98.0,94.0,1021.1,13.0,0.0,,100.0
2025-05-05 05:00:00,-3.9,-3.8,,-4.2,,77.0,3.3,7.3,100.0,100.0,1020.0,24.0,0.0,,60.0
2025-05-05 06:00:00,-4.0,-3.8,-0.6,-4.3,-4.4,77.0,3.8,7.1,113.0,99.0,1019.1,69.0,0.0,0.0,90.0
2025-05-05 07:00:00,-3.9,-3.8,,-4.1,,79.0,4.1,9.6,97.0,96.0,1017.9,102.0,0.0,,100.0
2025-05-05 08:00:00,-3.5,-3.2,,-4.0,,78.0,5.5,9.3,84.0,88.0,1016.6,230.0,0.0,,100.0
2025-05-05 09:00:00,-3.0,-2.8,,-3.3,,78.0,7.6,9.8,85.0,84.0,1015.5,312.0,0.0,,50.0
2025-05-05 10:00:00,-2.2,-1.9,,-2.8,,77.0,9.0,11.4,85.0,87.0,1014.3,395.0,0.0,,10.0
2025-05-05 11:00:00,-1.7,-1.4,,-1.9,,76.0,8.5,11.4,104.0,95.0,1013.7,392.0,0.0,,40.0
2025-05-05 12:00:00,-1.2,-1.0,-1.0,-1.4,-4.4,81.0,6.7,10.7,96.0,96.0,1013.1,506.0,0.0,0.0,50.0
2025-05-05 13:00:00,-1.2,-1.0,,-1.4,,86.0,5.8,10.4,111.0,115.0,1012.6,360.0,0.0,,90.0
2025-05-05 14:00:00,-1.0,-0.7,,-1.5,,86.0,4.4,9.5,110.0,100.0,1011.6,345.0,0.0,,100.0
2025-05-05 15:00:00,-0.8,-0.4,,-0.9,,85.0,4.4,9.1,126.0,127.0,1010.8,342.0,0.0,,100.0
2025-05-05 16:00:00,-0.2,0.2,,-0.5,,84.0,3.1,6.5,105.0,119.0,1009.9,321.0,0.0,,100.0
2025-05-05 17:00:00,0.5,1.0,,0.1,,82.0,3.7,8.9,117.0,122.0,1008.8,330.0,0.0,,40.0
2025-05-05 18:00:00,0.9,1.1,1.1,0.7,-4.1,84.0,3.7,7.9,128.0,117.0,1008.1,313.0,0.0,0.0,100.0
2025-05-05 19:00:00,,,,,,,,5.5,,,1007.3,203.0,,,100.0
2025-05-05 20:00:00,0.7,0.8,,0.5,,94.0,2.6,6.7,129.0,112.0,1006.3,106.0,0.1,,100.0
2025-05-05 21:00:00,0.3,0.8,,0.0,,95.0,3.1,6.7,92.0,115.0,1005.5,55.0,0.0,,100.0
2025-05-05 22:00:00,0.2,0.4,,0.0,,97.0,6.4,9.9,94.0,95.0,1004.8,62.0,0.1,,75.0
2025-05-05 23:00:00,0.9,1.5,,0.3,,92.0,4.9,8.2,82.0,106.0,1004.3,25.0,0.0,,75.0
2025-05-06 00:00:00,1.3,2.3,2.3,0.3,-1.5,93.0,3.7,8.1,122.0,110.0,1004.4,5.0,0.0,0.1,100.0
2025-05-06 01:00:00,1.3,1.5,,0.8,,98.0,4.2,9.0,114.0,116.0,1003.6,0.0,0.1,,
2025-05-06 02:00:00,0.9,1.2,,0.6,,99.0,5.0,8.8,109.0,109.0,1003.1,0.0,0.2,,100.0
2025-05-06 03:00:00,0.4,1.1,,-0.1,,99.0,5.1,8.2,113.0,117.0,1002.6,0.0,0.0,,100.0
2025-05-06 04:00:00,-1.9,0.0,,-3.6,,99.0,3.2,6.2,205.0,187.0,1003.3,3.0,0.0,,
2025-05-06 05:00:00,-3.8,-3.1,,-4.1,,99.0,0.9,2.7,43.0,232.0,1002.9,15.0,0.0,,
2025-05-06 06:00:00,-2.7,-1.8,2.3,-3.7,-4.1,98.0,1.4,3.1,112.0,108.0,1003.2,39.0,0.0,0.3,
2025-05-06 07:00:00,-2.2,-1.6,,-2.9,,97.0,0.9,2.3,268.0,186.0,1003.0,104.0,0.0,,
2025-05-06 08:00:00,-3.3,-2.5,,-3.7,,97.0,0.8,2.4,131.0,201.0,1003.2,158.0,0.0,,
2025-05-06 09:00:00,-2.8,-2.0,,-3.2,,97.0,0.7,2.8,134.0,88.0,1003.4,197.0,0.0,,
2025-05-06 10:00:00,-1.4,-0.8,,-2.0,,95.0,4.0,9.1,139.0,88.0,1003.4,296.0,0.0,,100.0
2025-05-06 11:00:00,-0.2,0.4,,-1.0,,92.0,6.0,11.6,90.0,104.0,1003.1,393.0,0.0,,90.0
2025-05-06 12:00:00,-0.1,0.3,1.5,-0.3,-4.1,95.0,9.8,13.3,93.0,94.0,1002.2,313.0,0.0,0.3,
2025-05-06 13:00:00,0.3,0.5,,0.0,,92.0,10.7,14.0,89.0,93.0,1002.9,622.0,0.0,,
2025-05-06 14:00:00,0.2,0.7,,-0.1,,91.0,10.5,13.5,91.0,91.0,1002.9,526.0,0.0,,50.0
2025-05-06 15:00:00,0.2,0.5,,-0.1,,92.0,9.9,12.7,90.0,88.0,1002.9,470.0,0.0,,60.0
2025-05-06 16:00:00,0.6,1.5,,0.0,,88.0,9.2,13.4,93.0,89.0,1003.3,500.0,0.0,,40.0
2025-05-06 17:00:00,2.4,3.2,,1.3,,78.0,5.2,7.8,103.0,102.0,1003.3,456.0,0.0,,10.0
2025-05-06 18:00:00,1.6,2.9,3.2,0.4,-3.7,85.0,8.6,13.7,120.0,120.0,1003.1,378.0,0.0,0.3,
2025-05-06 19:00:00,1.2,1.5,,0.4,,93.0,9.5,12.5,93.0,97.0,1003.6,172.0,0.0,,100.0
2025-05-06 20:00:00,1.1,1.2,,1.0,,97.0,7.7,11.6,96.0,103.0,1003.3,136.0,0.0,,
2025-05-06 21:00:00,1.2,1.4,,0.9,,98.0,9.1,11.8,85.0,89.0,1003.2,96.0,0.0,,25.0
2025-05-06 22:00:00,2.8,3.8,,1.5,,91.0,5.7,11.5,134.0,107.0,1004.3,34.0,0.0,,100.0
2025-05-06 23:00:00,3.5,4.4,,2.8,,90.0,3.4,9.1,213.0,129.0,1004.0,9.0,0.0,,100.0
2025-05-07 00:00:00,2.8,3.8,4.4,1.6,-0.1,92.0,7.2,15.4,120.0,126.0,1003.9,1.0,0.0,0.2,100.0
2025-05-07 01:00:00,2.4,3.5,,1.7,,97.0,7.0,14.5,131.0,105.0,1003.3,0.0,0.0,,90.0
2025-05-07 02:00:00,2.8,3.6,,1.8,,94.0,5.4,10.1,88.0,90.0,1002.8,0.0,0.0,,100.0
2025-05-07 03:00:00,2.2,3.2,,1.6,,98.0,7.6,10.7,94.0,101.0,1002.1,0.0,0.0,,100.0
2025-05-07 04:00:00,3.5,3.9,,2.7,,92.0,7.0,9.1,92.0,92.0,1000.9,2.0,0.0,,100.0
2025-05-07 05:00:00,3.9,4.3,,3.3,,88.0,7.7,13.5,96.0,91.0,1000.5,9.0,0.0,,100.0
2025-05-07 06:00:00,4.0,5.0,5.0,3.2,0.4,91.0,8.2,13.8,96.0,97.0,999.3,27.0,0.5,0.5,100.0
2025-05-07 07:00:00,4.0,4.9,,3.4,,89.0,6.3,14.1,100.0,106.0,998.1,48.0,0.0,,100.0
2025-05-07 08:00:00,3.9,4.3,,3.6,,88.0,7.4,16.3,98.0,105.0,996.9,74.0,0.0,,100.0
2025-05-07 09:00:00,4.3,4.5,,4.0,,89.0,7.3,16.5,126.0,114.0,996.9,102.0,0.8,,100.0
2025-05-07 10:00:00,3.8,4.3,,3.4,,88.0,8.2,18.5,126.0,125.0,996.5,128.0,0.3,,100.0
2025-05-07 11:00:00,3.0,3.4,,2.5,,90.0,9.4,16.2,100.0,119.0,996.3,233.0,0.8,,100.0
2025-05-07 12:00:00,3.0,3.6,5.0,2.7,1.6,90.0,9.6,16.3,148.0,137.0,996.7,385.0,0.0,2.4,100.0
2025-05-07 13:00:00,2.4,2.8,,2.3,,88.0,7.3,12.9,149.0,146.0,996.0,486.0,0.0,,90.0
2025-05-07 14:00:00,1.8,2.6,,1.2,,86.0,10.0,18.5,164.0,156.0,995.2,605.0,0.0,,100.0
2025-05-07 15:00:00,0.8,1.3,,0.4,,89.0,10.2,18.2,155.0,158.0,996.0,643.0,0.0,,100.0
2025-05-07 16:00:00,1.0,1.3,,0.6,,85.0,11.5,20.3,200.0,182.0,995.8,616.0,0.0,,
2025-05-07 17:00:00,1.3,2.2,,1.1,,81.0,10.6,16.6,157.0,176.0,995.4,496.0,0.0,,
2025-05-07 18:00:00,3.5,5.2,5.2,2.3,0.4,63.0,9.3,19.6,192.0,195.0,996.2,315.0,0.0,2.4,
2025-05-07 19:00:00,,,,,,,,,,,996.6,220.0,,,
2025-05-07 20:00:00,1.5,2.9,,0.5,,78.0,9.7,19.8,186.0,192.0,996.0,302.0,0.0,,
2025-05-07 21:00:00,0.4,0.8,,0.1,,88.0,11.7,16.9,173.0,183.0,996.8,149.0,0.0,,
2025-05-07 22:00:00,1.8,3.3,,0.7,,76.0,4.9,11.2,157.0,150.0,996.4,82.0,0.0,,
2025-05-07 23:00:00,1.5,3.0,,0.8,,77.0,6.5,11.3,171.0,151.0,995.9,19.0,0.0,,
2025-05-08 00:00:00,1.6,3.0,5.2,0.7,0.1,74.0,5.4,10.6,183.0,173.0,995.5,6.0,0.0,2.4,25.0
2025-05-08 01:00:00,1.7,2.4,,1.2,,72.0,4.5,9.8,178.0,174.0,995.0,1.0,0.0,,
2025-05-08 02:00:00,0.3,1.2,,-0.1,,88.0,8.0,14.1,166.0,158.0,994.1,0.0,0.0,,10.0
2025-05-08 03:00:00,-0.4,-0.1,,-0.6,,94.0,10.9,18.0,187.0,183.0,994.2,1.0,0.0,,
2025-05-08 04:00:00,-0.6,-0.4,,-0.8,,94.0,5.7,15.2,184.0,197.0,993.9,5.0,0.0,,60.0
2025-05-08 05:00:00,-0.6,-0.1,,-0.9,,90.0,4.0,10.3,119.0,164.0,993.5,16.0,0.0,,75.0
2025-05-08 06:00:00,-1.2,-0.5,3.4,-1.9,-1.9,90.0,6.0,10.2,141.0,133.0,993.0,40.0,0.0,1.9,25.0
2025-05-08 07:00:00,-1.4,-1.1,,-1.8,,91.0,5.3,10.2,96.0,116.0,992.9,151.0,0.0,,90.0
2025-05-08 08:00:00,-1.8,-1.5,,-2.0,,94.0,5.4,10.3,106.0,120.0,992.7,140.0,0.0,,100.0
2025-05-08 09:00:00,-1.2,-0.6,,-1.6,,90.0,6.7,10.1,87.0,100.0,992.2,272.0,0.0,,50.0
2025-05-08 10:00:00,-0.9,-0.6,,-1.1,,88.0,8.6,11.3,85.0,92.0,991.8,378.0,0.0,,
2025-05-08 11:00:00,0.2,1.0,,-0.7,,81.0,6.0,10.6,91.0,92.0,991.9,525.0,0.0,,
2025-05-08 12:00:00,1.3,1.5,2.4,0.9,-2.0,74.0,4.7,6.6,92.0,101.0,991.8,574.0,0.0,0.0,
2025-05-08 13:00:00,1.7,2.2,,1.4,,73.0,4.3,6.3,95.0,103.0,992.2,598.0,0.0,,
2025-05-08 14:00:00,2.0,2.8,,1.4,,72.0,3.7,6.6,97.0,103.0,992.2,597.0,0.0,,
2025-05-08 15:00:00,2.5,2.9,,2.1,,68.0,2.7,5.4,117.0,123.0,992.4,582.0,0.0,,
2025-05-08 16:00:00,1.8,2.5,,1.0,,72.0,6.0,9.4,90.0,93.0,991.9,561.0,0.0,,
2025-05-08 17:00:00,1.8,2.5,,1.1,,71.0,6.2,9.7,101.0,94.0,991.7,524.0,0.0,,
2025-05-08 18:00:00,1.5,2.6,2.9,0.0,-2.0,72.0,8.5,12.9,106.0,100.0,991.5,401.0,0.0,0.0,10.0
2025-05-08 19:00:00,,,,,,84.0,10.6,13.7,106.0,96.0,,210.0,0.0,,25.0
2025-05-08 20:00:00,1.0,1.8,,0.3,,78.0,7.3,11.8,102.0,100.0,992.4,126.0,0.0,,75.0
2025-05-08 21:00:00,0.8,1.4,,0.2,,83.0,6.5,11.5,137.0,133.0,992.5,82.0,0.0,,60.0
2025-05-08 22:00:00,1.1,1.5,,0.9,,82.0,5.7,11.2,77.0,96.0,992.6,34.0,0.0,,100.0
2025-05-08 23:00:00,0.5,1.1,,0.0,,88.0,6.3,11.4,79.0,80.0,992.1,8.0,0.0,,100.0
2025-05-09 00:00:00,0.4,1.0,2.9,0.0,-0.2,92.0,5.0,9.6,58.0,75.0,992.1,4.0,0.0,0.0,100.0
2025-05-09 01:00:00,0.3,0.7,,0.0,,95.0,4.1,8.9,69.0,63.0,992.5,0.0,0.0,,100.0
2025-05-09 02:00:00,0.5,0.9,,0.2,,94.0,4.5,8.9,114.0,105.0,992.2,0.0,0.0,,100.0
2025-05-09 03:00:00,0.7,1.0,,0.4,,93.0,3.8,6.0,96.0,95.0,991.8,1.0,0.6,,100.0
2025-05-09 04:00:00,0.9,1.2,,0.5,,91.0,3.5,5.2,29.0,67.0,991.3,4.0,1.1,,100.0
2025-05-09 05:00:00,1.0,1.3,,0.5,,83.0,7.1,12.5,22.0,38.0,990.7,25.0,0.2,,100.0
2025-05-09 06:00:00,-0.2,0.4,1.8,-0.6,-0.6,81.0,12.8,17.3,19.0,27.0,989.8,54.0,0.0,1.8,100.0
2025-05-09 07:00:00,-0.3,0.0,,-0.6,,78.0,17.3,26.7,55.0,34.0,987.2,78.0,0.0,,100.0
2025-05-09 08:00:00,-0.4,-0.3,,-0.7,,80.0,22.9,27.2,58.0,57.0,986.4,158.0,0.0,,100.0
2025-05-09 09:00:00,-0.5,-0.3,,-0.8,,86.0,22.7,27.9,61.0,60.0,986.0,142.0,0.0,,
2025-05-09 10:00:00,-0.8,-0.4,,-1.0,,90.0,21.6,27.3,55.0,53.0,984.0,188.0,0.0,,
2025-05-09 11:00:00,-0.8,-0.6,,-1.0,,92.0,21.5,28.8,51.0,52.0,984.5,241.0,2.0,,
2025-05-09 12:00:00,-1.2,-0.7,1.3,-1.6,-1.6,90.0,22.5,29.5,60.0,56.0,985.1,364.0,4.0,7.8,
2025-05-09 13:00:00,-1.6,-0.9,,-1.8,,86.0,21.7,28.6,60.0,58.0,985.6,462.0,1.0,,75.0
2025-05-09 14:00:00,-1.0,-0.6,,-1.4,,77.0,20.6,29.0,63.0,60.0,986.5,550.0,0.0,,50.0
2025-05-09 15:00:00,-0.8,-0.4,,-1.1,,74.0,20.7,28.8,60.0,59.0,986.6,508.0,0.0,,60.0
2025-05-09 16:00:00,-0.8,-0.6,,-0.9,,74.0,19.5,27.5,55.0,59.0,987.3,332.0,0.0,,100.0
2025-05-09 17:00:00,-0.4,-0.1,,-0.7,,70.0,18.6,25.3,58.0,60.0,987.7,383.0,0.0,,25.0
2025-05-09 18:00:00,-0.2,0.1,0.1,-0.4,-1.8,71.0,16.9,24.4,58.0,59.0,988.3,449.0,0.0,8.9,75.0
2025-05-09 19:00:00,,,,,,,,,,,988.5,243.0,,,60.0
2025-05-09 20:00:00,0.0,0.2,,-0.3,,71.0,16.0,23.6,61.0,61.0,989.1,196.0,0.0,,100.0
2025-05-09 21:00:00,-0.4,0.0,,-0.9,,76.0,14.0,19.9,58.0,52.0,989.0,57.0,0.0,,100.0
2025-05-09 22:00:00,-0.5,-0.1,,-0.8,,77.0,14.8,21.3,50.0,54.0,989.0,63.0,0.0,,100.0
2025-05-09 23:00:00,-0.7,-0.2,,-1.2,,82.0,12.5,19.0,44.0,42.0,989.7,14.0,0.0,,100.0
2025-05-10 00:00:00,-0.6,0.0,0.2,-1.1,-1.8,76.0,11.5,17.1,33.0,48.0,990.7,4.0,0.0,8.9,100.0
2025-05-10 01:00:00,-0.8,-0.1,,-1.4,,78.0,12.1,18.1,57.0,41.0,990.2,1.0,0.0,,100.0
2025-05-10 02:00:00,-0.4,0.0,,-0.9,,74.0,13.6,18.9,49.0,55.0,990.5,0.0,0.0,,100.0
2025-05-10 03:00:00,-0.8,-0.5,,-1.1,,77.0,13.8,23.1,55.0,55.0,990.4,2.0,0.0,,100.0
2025-05-10 04:00:00,-0.5,0.1,,-1.1,,75.0,9.9,18.3,60.0,51.0,992.3,6.0,0.0,,100.0
2025-05-10 05:00:00,-0.9,-0.5,,-1.2,,83.0,2.7,8.2,321.0,24.0,993.0,14.0,0.1,,100.0
2025-05-10 06:00:00,-1.7,-1.2,0.2,-1.8,-1.8,94.0,1.3,3.4,53.0,239.0,993.6,31.0,1.1,8.2,100.0
2025-05-10 07:00:00,-1.2,-0.6,,-1.7,,88.0,3.0,7.4,40.0,65.0,994.4,86.0,0.9,,100.0
2025-05-10 08:00:00,-1.5,-1.1,,-1.9,,82.0,4.1,7.7,40.0,30.0,995.4,144.0,0.0,,
2025-05-10 09:00:00,-2.1,-1.9,,-2.2,,90.0,1.9,5.2,48.0,32.0,995.9,151.0,0.9,,
2025-05-10 10:00:00,-2.0,-1.7,,-2.2,,82.0,4.3,8.1,40.0,50.0,996.4,231.0,0.4,,100.0
2025-05-10 11:00:00,-2.0,-1.8,,-2.2,,84.0,2.8,7.4,23.0,20.0,997.1,289.0,0.3,,100.0
2025-05-10 12:00:00,-1.9,-1.4,0.1,-2.4,-2.4,86.0,1.7,5.4,193.0,221.0,998.2,418.0,0.0,4.6,100.0
2025-05-10 13:00:00,-2.0,-1.3,,-2.4,,88.0,3.3,5.8,164.0,186.0,998.9,506.0,0.0,,100.0
2025-05-10 14:00:00,-0.7,-0.2,,-1.3,,76.0,1.0,3.6,220.0,185.0,999.3,568.0,0.0,,100.0
2025-05-10 15:00:00,-0.9,0.3,,-1.4,,81.0,1.7,3.8,206.0,213.0,999.5,546.0,0.0,,100.0
2025-05-10 16:00:00,-0.8,0.1,,-1.3,,81.0,2.2,5.8,273.0,254.0,999.6,435.0,0.0,,100.0
2025-05-10 17:00:00,-0.9,-0.8,,-1.2,,81.0,2.2,4.9,151.0,254.0,1000.0,322.0,0.0,,100.0
2025-05-10 18:00:00,-1.2,-0.4,0.3,-1.8,-2.4,85.0,3.4,7.2,134.0,146.0,1000.7,279.0,0.0,3.6,100.0
2025-05-10 19:00:00,-1.8,-1.7,,-1.9,,86.0,3.9,7.6,108.0,118.0,1001.0,224.0,0.0,,100.0
2025-05-10 20:00:00,-1.7,-1.5,,-1.8,,82.0,2.8,5.3,130.0,110.0,1001.5,140.0,0.0,,100.0
2025-05-10 21:00:00,-1.5,-1.3,,-2.1,,80.0,2.0,4.2,128.0,131.0,1001.9,95.0,0.0,,100.0
2025-05-10 22:00:00,-2.2,-1.9,,-2.7,,86.0,2.9,4.6,57.0,68.0,1001.9,46.0,0.0,,100.0
2025-05-10 23:00:00,-1.9,-1.7,,-2.3,,83.0,2.7,5.9,99.0,106.0,1001.8,33.0,0.0,,100.0
2025-05-11 00:00:00,-2.3,-2.1,0.3,-2.4,-2.7,88.0,2.9,5.4,91.0,97.0,1001.8,9.0,0.0,3.6,100.0
2025-05-11 01:00:00,-2.5,-2.4,,-2.7,,90.0,3.3,5.1,89.0,95.0,1001.4,3.0,0.0,,100.0
2025-05-11 02:00:00,-2.8,-2.6,,-3.8,,89.0,3.6,5.6,57.0,67.0,1000.7,1.0,0.0,,50.0
2025-05-11 03:00:00,-4.2,-3.9,,-4.5,,87.0,3.7,6.0,35.0,61.0,1000.0,3.0,0.0,,
2025-05-11 04:00:00,-4.5,-3.5,,-5.3,,71.0,2.5,4.1,66.0,23.0,999.6,9.0,0.0,,
2025-05-11 05:00:00,-3.5,-2.5,,-4.3,,63.0,1.5,4.5,35.0,39.0,999.3,26.0,0.0,,
2025-05-11 06:00:00,-2.9,-2.4,-1.3,-3.3,-5.3,60.0,0.7,4.1,185.0,28.0,999.4,111.0,0.0,2.4,
2025-05-11 07:00:00,-2.3,-1.5,,-3.0,,57.0,0.3,2.0,224.0,360.0,999.1,196.0,0.0,,
2025-05-11 08:00:00,-2.4,-1.3,,-3.3,,61.0,0.6,1.7,61.0,139.0,998.9,293.0,0.0,,
2025-05-11 09:00:00,-3.8,-1.4,,-5.6,,70.0,1.0,2.7,204.0,206.0,999.1,394.0,0.0,,
2025-05-11 10:00:00,-5.5,-3.8,,-7.9,,81.0,1.1,3.3,206.0,117.0,998.9,493.0,0.0,,
2025-05-11 11:00:00,-6.8,-5.8,,-7.7,,80.0,0.9,2.7,182.0,74.0,998.6,569.0,0.0,,
2025-05-11 12:00:00,-6.0,-4.0,-1.3,-7.4,-7.9,79.0,1.0,2.5,193.0,128.0,998.5,638.0,0.0,0.0,
2025-05-11 13:00:00,-3.4,-2.4,,-4.2,,71.0,1.1,2.6,147.0,144.0,998.2,677.0,0.0,,
2025-05-11 14:00:00,-3.1,-1.9,,-3.8,,70.0,1.2,2.5,94.0,165.0,998.0,686.0,0.0,,
2025-05-11 15:00:00,-2.6,-1.7,,-3.0,,69.0,1.5,2.6,49.0,154.0,997.8,663.0,0.0,,
2025-05-11 16:00:00,-0.4,0.6,,-2.2,,59.0,0.6,1.8,160.0,161.0,997.3,625.0,0.0,,
2025-05-11 17:00:00,-0.6,0.2,,-1.7,,61.0,0.7,2.0,146.0,149.0,997.1,558.0,0.0,,
2025-05-11 18:00:00,0.1,1.1,1.1,-1.0,-7.9,56.0,0.7,1.7,124.0,143.0,996.8,474.0,0.0,0.0,
2025-05-11 19:00:00,,,,,,,,3.3,,,996.9,379.0,,,
2025-05-11 20:00:00,-0.8,0.2,,-1.4,,67.0,1.1,3.9,69.0,136.0,996.7,281.0,0.0,,
2025-05-11 21:00:00,-1.8,-1.3,,-2.0,,76.0,3.7,5.5,92.0,98.0,996.4,185.0,0.0,,
2025-05-11 22:00:00,-2.5,-2.0,,-2.7,,77.0,3.8,5.7,89.0,92.0,995.8,104.0,0.0,,
2025-05-11 23:00:00,-2.8,-2.2,,-3.3,,76.0,3.9,5.5,60.0,85.0,995.7,29.0,0.0,,
2025-05-12 00:00:00,-2.9,-1.9,1.1,-4.0,-4.2,62.0,3.4,4.9,26.0,25.0,995.5,9.0,0.0,0.0,
2025-05-12 01:00:00,-2.6,-1.8,,-3.2,,59.0,1.9,5.3,183.0,30.0,995.4,3.0,0.0,,
2025-05-12 02:00:00,-2.8,-2.0,,-3.9,,54.0,2.2,5.7,55.0,37.0,995.0,2.0,0.0,,
2025-05-12 03:00:00,-3.2,-2.7,,-3.8,,59.0,0.4,1.7,50.0,235.0,994.9,4.0,0.0,,
2025-05-12 04:00:00,-2.9,-2.2,,-4.9,,57.0,0.3,3.0,29.0,47.0,994.9,10.0,0.0,,
2025-05-12 05:00:00,-4.3,-3.2,,-5.2,,61.0,0.8,2.2,48.0,50.0,994.9,28.0,0.0,,
2025-05-12 06:00:00,-3.4,-2.2,0.6,-4.6,-5.2,55.0,1.2,3.4,184.0,47.0,995.0,117.0,0.0,0.0,
2025-05-12 07:00:00,-3.8,-2.7,,-7.0,,62.0,1.6,3.8,171.0,160.0,995.5,201.0,0.0,,
2025-05-12 08:00:00,-4.7,-1.5,,-7.1,,60.0,2.4,6.2,213.0,23.0,995.8,296.0,0.0,,
2025-05-12 09:00:00,-2.5,-0.7,,-4.8,,50.0,1.8,4.8,225.0,286.0,996.3,398.0,0.0,,
2025-05-12 10:00:00,0.5,1.4,,-1.8,,38.0,3.0,6.6,307.0,301.0,996.5,491.0,0.0,,
2025-05-12 11:00:00,1.8,2.3,,1.0,,34.0,3.5,7.4,341.0,344.0,997.6,572.0,0.0,,
2025-05-12 12:00:00,1.5,2.0,2.3,1.3,-7.1,32.0,3.7,9.5,337.0,333.0,998.6,632.0,0.0,0.0,
2025-05-12 13:00:00,0.8,1.6,,0.0,,35.0,5.6,15.2,334.0,328.0,1000.4,669.0,0.0,,
2025-05-12 14:00:00,-0.5,0.2,,-1.0,,45.0,7.1,12.0,308.0,318.0,1001.5,690.0,0.0,,
2025-05-12 15:00:00,-0.5,0.0,,-0.7,,46.0,6.5,13.6,300.0,297.0,1002.4,666.0,0.0,,
2025-05-12 16:00:00,-0.6,-0.3,,-0.9,,48.0,6.7,13.3,323.0,305.0,1003.7,622.0,0.0,,
2025-05-12 17:00:00,-0.5,-0.2,,-1.0,,44.0,5.1,11.4,319.0,311.0,1004.9,555.0,0.0,,
2025-05-12 18:00:00,-0.3,-0.1,2.3,-0.6,-7.1,41.0,7.1,14.4,311.0,317.0,1005.7,470.0,0.0,0.0,
2025-05-12 19:00:00,,,,,,,,,,,1007.1,372.0,,,
2025-05-12 20:00:00,-0.9,-0.4,,-1.3,,45.0,5.3,10.6,324.0,308.0,1008.3,275.0,0.0,,
2025-05-12 21:00:00,-1.1,-0.5,,-2.1,,40.0,5.5,9.4,295.0,304.0,1009.3,183.0,0.0,,
2025-05-12 22:00:00,-1.0,-0.3,,-2.0,,37.0,3.4,7.3,329.0,311.0,1010.4,104.0,0.0,,
2025-05-12 23:00:00,-0.7,-0.1,,-1.2,,31.0,4.0,9.0,328.0,325.0,1010.8,32.0,0.0,,
2025-05-13 00:00:00,-0.8,-0.3,1.6,-1.3,-2.1,28.0,5.2,12.1,298.0,317.0,1011.9,9.0,0.0,0.0,
2025-05-13 01:00:00,-0.7,-0.4,,-1.2,,27.0,4.4,8.1,308.0,305.0,1012.5,4.0,0.0,,
2025-05-13 02:00:00,-3.3,-0.5,,-5.2,,39.0,2.4,6.8,132.0,227.0,1013.5,2.0,0.0,,
2025-05-13 03:00:00,-5.7,-4.9,,-6.7,,66.0,2.1,5.8,109.0,141.0,1014.6,6.0,0.0,,100.0
2025-05-13 04:00:00,-5.3,-4.3,,-6.3,,64.0,2.9,5.5,141.0,112.0,1015.3,22.0,0.0,,40.0
2025-05-13 05:00:00,-6.4,-5.9,,-6.8,,65.0,1.8,4.1,66.0,130.0,1016.0,31.0,0.0,,
2025-05-13 06:00:00,-5.8,-4.9,-0.1,-6.6,-6.8,55.0,2.1,4.4,28.0,33.0,1016.4,85.0,0.0,0.0,
2025-05-13 07:00:00,-5.0,-4.3,,-6.1,,48.0,1.4,3.7,269.0,25.0,1016.9,134.0,0.0,,60.0
2025-05-13 08:00:00,-4.4,-3.1,,-5.9,,50.0,0.6,2.2,55.0,140.0,1017.0,278.0,0.0,,
2025-05-13 09:00:00,-3.3,-2.5,,-4.1,,47.0,0.8,2.3,28.0,76.0,1017.1,397.0,0.0,,25.0
2025-05-13 10:00:00,-2.0,-0.3,,-3.9,,43.0,1.1,2.9,264.0,37.0,1017.2,484.0,0.0,,
2025-05-13 11:00:00,-2.5,-1.0,,-4.0,,47.0,0.5,2.1,65.0,235.0,1017.1,563.0,0.0,,
2025-05-13 12:00:00,0.2,0.7,0.7,-0.7,-6.8,37.0,1.2,2.6,169.0,139.0,1016.9,623.0,0.0,0.0,
2025-05-13 13:00:00,0.7,1.7,,0.0,,40.0,0.6,1.5,123.0,222.0,1016.5,661.0,0.0,,
2025-05-13 14:00:00,0.8,1.6,,0.1,,42.0,1.0,2.1,173.0,191.0,1016.2,672.0,0.0,,
2025-05-13 15:00:00,-0.6,0.6,,-1.8,,68.0,3.1,6.0,189.0,193.0,1015.7,578.0,0.0,,
2025-05-13 16:00:00,-1.0,-0.6,,-1.4,,79.0,2.6,4.5,147.0,155.0,1015.2,621.0,0.0,,
2025-05-13 17:00:00,-0.6,-0.1,,-0.9,,73.0,2.3,4.5,133.0,120.0,1014.5,462.0,0.0,,100.0
2025-05-13 18:00:00,-0.6,-0.2,1.7,-1.0,-6.1,73.0,1.0,2.3,188.0,241.0,1013.9,359.0,0.0,0.0,100.0
2025-05-13 19:00:00,,,,,,70.0,0.7,1.6,245.0,219.0,,299.0,0.0,,
2025-05-13 20:00:00,-0.6,0.4,,-1.0,,71.0,0.5,1.5,201.0,220.0,1013.1,226.0,0.0,,10.0
2025-05-13 21:00:00,-1.8,-1.0,,-2.1,,81.0,1.1,2.1,240.0,262.0,1013.0,114.0,0.0,,60.0
2025-05-13 22:00:00,-2.3,-1.8,,-2.7,,83.0,0.8,1.8,201.0,228.0,1013.0,59.0,0.0,,60.0
2025-05-13 23:00:00,-2.7,-2.3,,-3.6,,85.0,1.1,2.4,149.0,138.0,1012.7,27.0,0.0,,25.0
2025-05-14 00:00:00,-3.6,-3.0,1.7,-4.0,-4.0,83.0,0.6,1.9,89.0,136.0,1012.7,13.0,0.0,0.0,50.0
2025-05-14 01:00:00,-3.6,-3.2,,-3.8,,87.0,0.7,2.4,197.0,171.0,1012.3,15.0,0.0,,100.0
2025-05-14 02:00:00,-3.0,-2.9,,-3.3,,82.0,0.4,1.2,277.0,172.0,1011.8,11.0,0.0,,60.0
2025-05-14 03:00:00,-3.4,-3.1,,-3.9,,81.0,0.5,1.6,78.0,172.0,1012.0,8.0,0.0,,10.0
2025-05-14 04:00:00,-3.4,-3.0,,-3.7,,80.0,0.8,1.9,28.0,58.0,1011.6,21.0,0.0,,
2025-05-14 05:00:00,-2.9,-2.4,,-3.5,,80.0,0.8,2.3,52.0,123.0,1011.7,56.0,0.0,,25.0
2025-05-14 06:00:00,-3.0,-1.5,0.4,-4.1,-4.1,77.0,1.2,2.7,172.0,166.0,1012.5,120.0,0.0,0.0,
2025-05-14 07:00:00,-2.0,0.5,,-4.0,,65.0,2.0,6.0,295.0,113.0,1013.7,200.0,0.0,,
2025-05-14 08:00:00,-2.2,-0.4,,-3.6,,69.0,1.4,3.0,178.0,310.0,1014.5,290.0,0.0,,
2025-05-14 09:00:00,-1.0,-0.3,,-1.7,,64.0,0.9,2.4,195.0,167.0,1015.3,387.0,0.0,,
2025-05-14 10:00:00,-0.8,0.3,,-1.8,,64.0,0.3,1.2,222.0,261.0,1016.2,477.0,0.0,,
2025-05-14 11:00:00,-0.3,0.7,,-1.0,,60.0,0.7,1.6,242.0,210.0,1016.6,557.0,0.0,,
2025-05-14 12:00:00,-0.7,0.2,0.7,-1.0,-4.1,60.0,0.9,2.2,229.0,244.0,1017.0,619.0,0.0,0.0,
2025-05-14 13:00:00,0.1,2.0,,-0.7,,60.0,0.8,2.6,202.0,197.0,1017.0,655.0,0.0,,
2025-05-14 14:00:00,0.0,0.7,,-0.8,,59.0,0.7,2.3,275.0,241.0,1017.2,666.0,0.0,,
2025-05-14 15:00:00,0.3,1.4,,-0.2,,56.0,1.1,2.4,215.0,208.0,1017.1,646.0,0.0,,
2025-05-14 16:00:00,0.4,0.7,,0.2,,60.0,1.1,2.3,265.0,260.0,1017.3,612.0,0.0,,
2025-05-14 17:00:00,0.3,0.6,,0.1,,68.0,1.5,2.6,183.0,201.0,1017.4,548.0,0.0,,
2025-05-14 18:00:00,0.3,0.9,2.0,0.0,-4.0,67.0,1.6,3.7,297.0,276.0,1017.3,470.0,0.0,0.0,
2025-05-14 19:00:00,,,,,,,2.1,5.0,147.0,266.0,,379.0,0.0,,
2025-05-14 20:00:00,0.1,0.6,,-0.4,,62.0,0.8,1.9,183.0,171.0,1016.8,283.0,0.0,,
2025-05-14 21:00:00,-0.1,0.2,,-0.5,,62.0,0.8,1.8,242.0,203.0,1017.0,191.0,0.0,,
2025-05-14 22:00:00,-0.7,-0.1,,-1.6,,65.0,0.6,1.6,293.0,292.0,1016.8,111.0,0.0,,
2025-05-14 23:00:00,-2.1,-1.4,,-3.4,,78.0,2.0,3.6,280.0,326.0,1017.0,35.0,0.0,,
2025-05-15 00:00:00,-3.6,-2.8,2.0,-4.0,-4.0,93.0,2.6,5.2,344.0,327.0,1017.0,10.0,0.0,0.0,
2025-05-15 01:00:00,-3.8,-3.7,,-4.0,,98.0,2.3,4.9,29.0,355.0,1016.7,4.0,0.0,,50.0
2025-05-15 02:00:00,-4.2,-3.9,,-4.4,,97.0,0.3,1.7,264.0,234.0,1016.7,3.0,0.0,,
2025-05-15 03:00:00,-4.3,-4.2,,-4.4,,98.0,0.5,1.9,308.0,250.0,1016.4,4.0,0.0,,
2025-05-15 04:00:00,-4.6,-4.2,,-5.4,,97.0,1.2,3.2,222.0,23.0,1016.3,10.0,0.0,,
2025-05-15 05:00:00,-5.4,-4.8,,-6.3,,95.0,0.7,2.3,41.0,89.0,1015.8,39.0,0.0,,50.0
2025-05-15 06:00:00,-4.8,-2.5,0.6,-6.7,-6.7,89.0,1.1,3.1,78.0,54.0,1016.0,120.0,0.0,0.0,
2025-05-15 07:00:00,-5.4,-4.1,,-6.9,,88.0,2.1,4.9,146.0,146.0,1016.5,207.0,0.0,,
2025-05-15 08:00:00,-4.7,-2.4,,-6.1,,82.0,2.8,5.5,159.0,149.0,1016.7,300.0,0.0,,
2025-05-15 09:00:00,-4.2,-2.1,,-6.0,,79.0,1.0,3.1,144.0,156.0,1017.0,398.0,0.0,,
2025-05-15 10:00:00,-3.7,-3.0,,-4.4,,78.0,2.1,3.9,173.0,157.0,1017.1,487.0,0.0,,
2025-05-15 11:00:00,-3.4,-2.8,,-4.1,,78.0,1.4,3.3,152.0,152.0,1017.3,568.0,0.0,,
2025-05-15 12:00:00,-2.4,-1.7,-1.7,-3.1,-6.9,78.0,2.6,6.4,142.0,155.0,1017.6,629.0,0.0,0.0,
2025-05-15 13:00:00,-1.0,-0.5,,-1.7,,79.0,4.0,5.8,150.0,147.0,1017.6,665.0,0.0,,
2025-05-15 14:00:00,0.4,1.7,,-0.5,,73.0,3.1,6.0,145.0,143.0,1017.7,677.0,0.0,,
2025-05-15 15:00:00,0.5,1.9,,-0.2,,78.0,3.8,6.3,146.0,140.0,1018.1,656.0,0.0,,
2025-05-15 16:00:00,0.5,2.1,,-0.2,,80.0,3.4,5.4,152.0,146.0,1018.5,619.0,0.0,,
2025-05-15 17:00:00,2.6,3.7,,0.6,,67.0,0.7,2.9,83.0,228.0,1018.2,558.0,0.0,,
2025-05-15 18:00:00,2.6,5.3,5.3,1.6,-6.9,67.0,0.9,2.6,36.0,135.0,1018.3,474.0,0.0,0.0,
2025-05-15 19:00:00,4.4,6.1,,2.8,,63.0,0.6,1.9,148.0,55.0,,379.0,0.0,,
2025-05-15 20:00:00,2.2,3.8,,0.8,,73.0,1.1,3.9,172.0,181.0,1018.9,285.0,0.0,,
2025-05-15 21:00:00,1.2,2.8,,0.8,,76.0,1.4,3.3,37.0,139.0,1018.8,194.0,0.0,,
2025-05-15 22:00:00,4.0,5.7,,2.3,,61.0,1.3,3.6,124.0,41.0,1018.9,115.0,0.0,,
2025-05-15 23:00:00,1.7,3.5,,0.6,,74.0,1.0,2.6,289.0,173.0,1019.1,38.0,0.0,,
2025-05-16 00:00:00,0.8,1.4,6.1,0.4,-1.7,76.0,1.3,3.5,45.0,302.0,1018.6,12.0,0.0,0.0,
2025-05-16 01:00:00,1.3,2.9,,0.3,,72.0,1.1,3.6,12.0,205.0,1018.5,6.0,0.0,,
2025-05-16 02:00:00,3.7,4.9,,1.0,,61.0,2.5,6.3,27.0,22.0,1017.5,6.0,0.0,,
2025-05-16 03:00:00,1.6,5.1,,-0.2,,71.0,1.6,4.2,300.0,231.0,1017.6,6.0,0.0,,
2025-05-16 04:00:00,1.2,1.9,,0.1,,73.0,2.1,4.7,36.0,25.0,1017.2,14.0,0.0,,
2025-05-16 05:00:00,0.1,2.8,,-2.6,,77.0,1.3,4.2,138.0,105.0,1017.8,38.0,0.0,,
2025-05-16 06:00:00,-0.1,0.9,6.1,-1.1,-2.6,79.0,0.8,2.0,224.0,110.0,1018.2,124.0,0.0,0.0,
2025-05-16 07:00:00,-1.1,0.0,,-2.6,,85.0,1.6,4.6,51.0,16.0,1018.7,205.0,0.0,,
2025-05-16 08:00:00,-0.6,2.1,,-2.0,,82.0,1.4,4.5,176.0,352.0,1019.1,297.0,0.0,,
2025-05-16 09:00:00,-2.1,-0.6,,-2.9,,81.0,0.8,2.5,142.0,165.0,1019.4,393.0,0.0,,
2025-05-16 10:00:00,-1.0,0.6,,-1.8,,77.0,0.9,2.5,36.0,27.0,1019.6,486.0,0.0,,
2025-05-16 11:00:00,0.7,3.4,,-0.2,,72.0,0.7,2.4,30.0,81.0,1020.2,566.0,0.0,,
2025-05-16 12:00:00,1.1,4.4,5.1,-0.8,-2.9,72.0,1.0,3.0,144.0,164.0,1020.7,626.0,0.0,0.0,
2025-05-16 13:00:00,2.0,3.5,,-0.2,,68.0,1.1,2.9,179.0,167.0,1021.1,669.0,0.0,,
2025-05-16 14:00:00,3.1,5.1,,2.3,,61.0,0.9,2.5,127.0,121.0,1021.9,612.0,0.0,,
2025-05-16 15:00:00,5.8,6.7,,4.8,,52.0,1.0,3.4,126.0,86.0,1021.8,607.0,0.0,,
2025-05-16 16:00:00,2.1,4.1,,0.7,,72.0,1.3,3.8,113.0,218.0,1022.0,601.0,0.0,,
2025-05-16 17:00:00,3.2,4.8,,1.6,,68.0,0.8,3.0,95.0,184.0,1022.6,561.0,0.0,,
2025-05-16 18:00:00,5.1,6.8,6.8,3.5,-2.9,61.0,0.5,2.4,253.0,175.0,1022.1,481.0,0.0,0.0,
2025-05-16 19:00:00,,,,,,63.0,1.1,2.8,304.0,324.0,,388.0,0.0,,
2025-05-16 20:00:00,4.8,6.4,,2.9,,60.0,1.0,2.4,245.0,287.0,1023.7,290.0,0.0,,
2025-05-16 21:00:00,3.4,5.2,,2.2,,68.0,1.2,3.3,45.0,36.0,1023.5,199.0,0.0,,
2025-05-16 22:00:00,2.7,3.6,,1.3,,72.0,0.5,2.0,178.0,174.0,1024.0,115.0,0.0,,
2025-05-16 23:00:00,2.7,3.0,,2.3,,70.0,0.6,1.6,187.0,142.0,1023.8,42.0,0.0,,
2025-05-17 00:00:00,1.1,2.8,6.9,0.4,-0.2,80.0,0.9,1.9,332.0,168.0,1024.5,16.0,0.0,0.0,
2025-05-17 01:00:00,2.3,3.5,,0.8,,73.0,0.7,3.0,30.0,34.0,1024.3,7.0,0.0,,
2025-05-17 02:00:00,3.0,4.2,,1.9,,69.0,1.0,2.2,177.0,34.0,1024.0,5.0,0.0,,
2025-05-17 03:00:00,2.2,3.1,,0.5,,73.0,0.7,2.0,241.0,233.0,1024.2,7.0,0.0,,
2025-05-17 04:00:00,1.5,2.8,,0.1,,76.0,0.8,1.8,232.0,193.0,1024.1,15.0,0.0,,
2025-05-17 05:00:00,0.5,1.3,,0.0,,81.0,0.7,2.0,25.0,263.0,1024.0,40.0,0.0,,
2025-05-17 06:00:00,0.4,2.5,6.9,-1.3,-1.3,80.0,1.3,3.7,52.0,128.0,1024.3,128.0,0.0,0.0,
2025-05-17 07:00:00,2.4,3.6,,0.2,,71.0,0.5,2.7,232.0,10.0,1024.1,217.0,0.0,,
2025-05-17 08:00:00,0.6,1.6,,-0.2,,77.0,0.9,2.7,264.0,166.0,1024.2,299.0,0.0,,
2025-05-17 09:00:00,3.5,6.3,,1.1,,66.0,1.3,3.8,211.0,117.0,1024.1,405.0,0.0,,
2025-05-17 10:00:00,4.6,6.1,,2.9,,63.0,0.9,2.8,141.0,128.0,1024.0,487.0,0.0,,
2025-05-17 11:00:00,3.4,6.3,,1.9,,68.0,0.7,2.3,232.0,217.0,1024.1,507.0,0.0,,
2025-05-17 12:00:00,3.7,5.1,6.3,2.1,-1.3,67.0,0.5,1.2,178.0,159.0,1024.5,617.0,0.0,0.0,10.0
2025-05-17 13:00:00,3.0,4.1,,1.8,,70.0,0.5,1.6,261.0,246.0,1024.6,657.0,0.0,,10.0
2025-05-17 14:00:00,2.7,4.0,,1.4,,72.0,0.8,2.2,7.0,144.0,1024.2,677.0,0.0,,40.0
2025-05-17 15:00:00,4.5,6.0,,2.7,,64.0,0.8,2.4,91.0,182.0,1023.9,648.0,0.0,,
2025-05-17 16:00:00,4.7,6.2,,3.1,,65.0,0.8,2.8,59.0,55.0,1023.4,615.0,0.0,,
2025-05-17 17:00:00,7.3,8.6,,5.4,,55.0,0.7,2.5,233.0,171.0,1022.4,539.0,0.0,,
2025-05-17 18:00:00,3.4,5.7,8.6,2.5,-0.2,72.0,0.9,2.8,55.0,173.0,1022.3,441.0,0.0,0.0,
2025-05-17 19:00:00,3.6,4.6,,2.7,,72.0,0.5,2.1,191.0,178.0,,359.0,0.0,,
2025-05-17 20:00:00,3.3,4.7,,2.4,,73.0,1.1,2.8,121.0,138.0,1022.0,282.0,0.0,,
2025-05-17 21:00:00,3.9,5.0,,2.5,,71.0,0.8,2.2,39.0,54.0,1022.1,195.0,0.0,,
2025-05-17 22:00:00,2.5,5.9,,1.3,,77.0,0.8,2.2,133.0,176.0,1022.8,116.0,0.0,,
2025-05-17 23:00:00,,,,,,79.0,,4.1,,,,41.0,0.0,,
2025-05-18 00:00:00,3.7,5.0,8.6,3.1,1.3,72.0,1.2,3.8,224.0,34.0,1023.2,12.0,0.0,0.0,
2025-05-18 01:00:00,5.5,6.6,,3.5,,63.0,0.7,2.1,120.0,93.0,1023.2,7.0,0.0,,
2025-05-18 02:00:00,6.0,6.9,,4.1,,60.0,1.8,4.6,22.0,34.0,1022.9,5.0,0.0,,
2025-05-18 03:00:00,6.5,8.4,,1.2,,58.0,1.5,4.4,210.0,38.0,1022.9,7.0,0.0,,
2025-05-18 04:00:00,1.6,2.5,,0.6,,79.0,0.7,1.7,144.0,182.0,1022.9,15.0,0.0,,
2025-05-18 05:00:00,2.5,5.8,,1.2,,75.0,0.8,2.1,100.0,79.0,1022.7,43.0,0.0,,
2025-05-18 06:00:00,6.7,9.8,9.8,3.8,0.6,60.0,0.9,3.3,143.0,40.0,1023.1,129.0,0.0,0.0,
2025-05-18 07:00:00,2.5,4.7,,0.9,,73.0,0.8,1.9,23.0,145.0,1023.0,209.0,0.0,,
2025-05-18 08:00:00,5.0,5.9,,3.5,,65.0,1.0,4.5,260.0,127.0,1023.4,298.0,0.0,,
2025-05-18 09:00:00,4.6,6.2,,3.4,,67.0,0.9,2.3,34.0,85.0,1023.4,394.0,0.0,,
2025-05-18 10:00:00,4.2,7.5,,1.2,,68.0,1.4,3.6,60.0,115.0,1023.7,482.0,0.0,,
2025-05-18 11:00:00,8.1,9.1,,7.0,,56.0,0.9,2.9,72.0,144.0,1023.8,559.0,0.0,,
2025-05-18 12:00:00,8.8,10.2,10.2,7.6,0.6,53.0,1.0,3.8,152.0,153.0,1023.7,622.0,0.0,0.0,
2025-05-18 13:00:00,7.4,9.0,,6.2,,56.0,1.5,3.7,230.0,162.0,1023.8,667.0,0.0,,
2025-05-18 14:00:00,8.4,10.4,,6.3,,53.0,1.3,3.2,83.0,159.0,1023.5,668.0,0.0,,
2025-05-18 15:00:00,9.3,11.0,,8.1,,52.0,0.8,2.5,192.0,160.0,1023.1,658.0,0.0,,
2025-05-18 16:00:00,9.3,12.0,,5.7,,53.0,1.5,3.1,149.0,155.0,1023.3,614.0,0.0,,
2025-05-18 17:00:00,7.4,9.3,,5.9,,59.0,0.6,1.9,92.0,119.0,1022.9,555.0,0.0,,
2025-05-18 18:00:00,11.3,13.0,13.0,9.6,0.9,49.0,0.4,1.6,123.0,75.0,1022.8,484.0,0.0,0.0,
2025-05-18 19:00:00,,,,,,53.0,0.7,2.6,293.0,,,393.0,0.0,,
2025-05-18 20:00:00,9.8,11.6,,6.4,,52.0,1.1,3.5,174.0,194.0,1023.3,270.0,0.0,,
2025-05-18 21:00:00,10.5,12.8,,6.7,,51.0,1.3,4.1,204.0,221.0,1023.5,149.0,0.0,,
2025-05-18 22:00:00,8.8,11.9,,6.1,,56.0,1.7,4.6,152.0,192.0,1023.8,49.0,0.0,,
2025-05-18 23:00:00,6.5,11.7,,4.2,,64.0,1.8,5.8,129.0,157.0,1024.4,43.0,0.0,,
2025-05-19 00:00:00,8.4,11.4,13.0,6.1,4.2,57.0,1.4,3.9,66.0,39.0,1024.7,19.0,0.0,0.0,
2025-05-19 01:00:00,5.3,7.5,,4.6,,70.0,2.0,4.5,59.0,142.0,1025.0,8.0,0.0,,
2025-05-19 02:00:00,4.9,9.4,,2.7,,71.0,1.5,3.6,71.0,108.0,1025.3,5.0,0.0,,
2025-05-19 03:00:00,8.1,10.3,,4.5,,56.0,2.1,4.8,58.0,33.0,1025.4,8.0,0.0,,
2025-05-19 04:00:00,7.2,11.2,,2.1,,59.0,1.6,5.2,174.0,38.0,1025.9,15.0,0.0,,
2025-05-19 05:00:00,3.5,5.7,,2.4,,75.0,1.9,4.4,61.0,126.0,1026.2,58.0,0.0,,
2025-05-19 06:00:00,5.6,7.6,12.8,4.3,2.1,66.0,2.0,4.6,161.0,149.0,1026.5,165.0,0.0,0.0,
2025-05-19 07:00:00,4.1,6.9,,2.5,,72.0,2.1,4.9,66.0,133.0,1027.0,198.0,0.0,,
2025-05-19 08:00:00,8.8,10.3,,6.8,,53.0,0.8,2.9,174.0,90.0,1027.4,267.0,0.0,,
2025-05-19 09:00:00,5.3,8.3,,3.2,,67.0,0.7,2.5,226.0,165.0,1027.7,359.0,0.0,,
2025-05-19 10:00:00,5.2,6.9,,4.1,,68.0,0.6,2.3,73.0,82.0,1027.6,489.0,0.0,,
2025-05-19 11:00:00,5.1,8.1,,2.9,,69.0,1.1,3.2,147.0,151.0,1027.9,567.0,0.0,,
2025-05-19 12:00:00,8.0,11.2,11.2,4.5,2.1,57.0,1.4,3.6,8.0,66.0,1028.1,626.0,0.0,0.0,
2025-05-19 13:00:00,10.9,12.7,,8.9,,47.0,0.7,2.5,45.0,30.0,1028.2,660.0,0.0,,
2025-05-19 14:00:00,8.4,12.7,,4.4,,56.0,1.3,4.7,347.0,26.0,1028.4,670.0,0.0,,
2025-05-19 15:00:00,11.2,14.3,,8.8,,46.0,1.3,4.1,329.0,35.0,1028.1,652.0,0.0,,
2025-05-19 16:00:00,10.5,12.3,,9.9,,47.0,1.0,2.8,227.0,174.0,1028.2,615.0,0.0,,
2025-05-19 17:00:00,10.2,11.1,,7.7,,48.0,1.0,2.6,280.0,282.0,1028.5,554.0,0.0,,
2025-05-19 18:00:00,6.7,8.8,14.3,5.6,2.5,61.0,0.7,2.5,122.0,252.0,1028.6,476.0,0.0,0.0,
2025-05-19 19:00:00,,,,,,,,,,,1028.9,387.0,,,
2025-05-19 20:00:00,6.1,6.9,,5.3,,64.0,0.6,2.7,64.0,30.0,1028.5,293.0,0.0,,
2025-05-19 21:00:00,5.6,6.6,,3.7,,66.0,0.7,3.1,25.0,106.0,1028.6,204.0,0.0,,
2025-05-19 22:00:00,6.9,7.5,,5.7,,61.0,0.9,3.0,10.0,352.0,1028.2,126.0,0.0,,
2025-05-19 23:00:00,6.8,7.4,,5.9,,62.0,0.4,1.3,344.0,21.0,1028.2,43.0,0.0,,
2025-05-20 00:00:00,6.4,7.1,14.3,4.0,3.7,63.0,0.6,2.8,62.0,51.0,1028.4,13.0,0.0,0.0,
2025-05-20 01:00:00,4.6,6.0,,3.0,,71.0,0.5,1.8,360.0,32.0,1028.1,9.0,0.0,,
2025-05-20 02:00:00,5.3,6.3,,4.3,,67.0,0.4,1.3,81.0,13.0,1027.9,9.0,0.0,,
2025-05-20 03:00:00,5.2,6.3,,3.4,,68.0,0.5,1.9,311.0,41.0,1028.2,20.0,0.0,,
2025-05-20 04:00:00,4.2,4.7,,3.4,,72.0,1.0,2.8,45.0,28.0,1027.8,23.0,0.0,,
2025-05-20 05:00:00,4.5,5.1,,3.7,,70.0,0.6,1.6,20.0,328.0,1027.7,57.0,0.0,,
2025-05-20 06:00:00,4.9,6.2,7.5,4.3,3.0,68.0,0.6,1.9,62.0,94.0,1028.2,133.0,0.0,0.0,
2025-05-20 07:00:00,5.3,7.0,,4.9,,66.0,0.5,1.9,55.0,273.0,1028.9,214.0,0.0,,
2025-05-20 08:00:00,5.2,5.8,,4.4,,67.0,0.4,1.4,291.0,295.0,1029.5,307.0,0.0,,
2025-05-20 09:00:00,3.9,5.1,,3.2,,72.0,0.6,1.8,305.0,278.0,1030.4,402.0,0.0,,
2025-05-20 10:00:00,5.2,6.5,,3.6,,67.0,0.8,2.5,221.0,211.0,1030.8,490.0,0.0,,
2025-05-20 11:00:00,6.3,8.3,,5.0,,60.0,4.0,13.4,60.0,54.0,1031.2,567.0,0.0,,
2025-05-20 12:00:00,8.2,9.0,9.0,7.0,3.0,47.0,15.6,25.0,55.0,45.0,1030.0,627.0,0.0,0.0,
2025-05-20 13:00:00,8.3,9.9,,7.5,,40.0,17.6,27.9,40.0,45.0,1030.3,671.0,0.1,,
2025-05-20 14:00:00,7.5,8.9,,6.9,,42.0,16.9,29.3,38.0,42.0,1031.9,645.0,0.0,,
2025-05-20 15:00:00,6.9,7.8,,6.0,,45.0,15.9,24.1,33.0,36.0,1032.5,662.0,0.0,,
2025-05-20 16:00:00,5.8,6.6,,3.3,,52.0,12.4,23.5,93.0,43.0,1034.1,675.0,0.0,,10.0
2025-05-20 17:00:00,5.3,7.0,,3.1,,54.0,8.5,16.6,122.0,56.0,1034.0,491.0,0.0,,
2025-05-20 18:00:00,3.2,5.1,9.9,1.8,1.8,68.0,2.2,8.3,211.0,171.0,1033.6,446.0,0.0,0.0,
2025-05-20 19:00:00,,,,,,71.0,,,,,,375.0,0.0,,
2025-05-20 20:00:00,3.5,4.1,,2.2,,67.0,0.3,1.1,138.0,182.0,1032.4,282.0,0.0,,
2025-05-20 21:00:00,3.1,3.6,,2.8,,68.0,0.3,1.2,255.0,208.0,1031.7,172.0,0.0,,
2025-05-20 22:00:00,2.0,2.9,,1.2,,74.0,0.6,1.4,211.0,216.0,1031.0,101.0,0.0,,
2025-05-20 23:00:00,0.8,1.5,,-0.6,,80.0,1.4,6.7,144.0,145.0,1030.4,53.0,0.0,,50.0
2025-05-21 00:00:00,-1.4,-0.5,9.9,-1.9,-1.9,90.0,4.3,7.3,123.0,136.0,1029.8,20.0,0.0,0.0,40.0
2025-05-21 01:00:00,-2.1,-1.9,,-2.4,,94.0,3.8,8.3,132.0,127.0,1029.2,8.0,0.0,,100.0
2025-05-21 02:00:00,-2.5,-2.4,,-2.6,,97.0,3.1,7.3,84.0,113.0,1028.2,5.0,0.0,,100.0
2025-05-21 03:00:00,-2.4,-2.1,,-2.5,,95.0,3.5,7.5,89.0,88.0,1027.0,10.0,0.0,,100.0
2025-05-21 04:00:00,-2.1,-2.0,,-2.2,,91.0,2.2,5.0,68.0,77.0,1025.8,26.0,0.0,,100.0
2025-05-21 05:00:00,-2.0,-1.8,,-2.1,,90.0,1.4,4.2,119.0,135.0,1024.8,59.0,0.0,,100.0
2025-05-21 06:00:00,-2.0,-1.9,4.1,-2.1,-2.6,90.0,2.8,5.3,147.0,148.0,1023.7,75.0,0.0,0.0,100.0
2025-05-21 07:00:00,-2.0,-1.9,,-2.2,,90.0,2.9,4.5,145.0,145.0,1022.8,127.0,0.0,,100.0
2025-05-21 08:00:00,-2.2,-2.0,,-2.4,,91.0,3.1,5.4,150.0,145.0,1021.7,195.0,0.0,,100.0
2025-05-21 09:00:00,-2.4,-2.3,,-2.5,,93.0,3.0,6.6,88.0,128.0,1020.6,239.0,0.0,,100.0
2025-05-21 10:00:00,-1.7,-1.1,,-2.3,,92.0,3.3,6.5,80.0,84.0,1019.5,361.0,0.0,,100.0
2025-05-21 11:00:00,-0.7,0.1,,-1.4,,86.0,2.1,5.3,137.0,116.0,1018.7,529.0,0.0,,40.0
2025-05-21 12:00:00,0.3,0.8,0.8,-0.4,-2.6,81.0,1.5,4.4,233.0,160.0,1017.9,640.0,0.0,0.0,
2025-05-21 13:00:00,0.0,0.4,,-0.5,,83.0,1.2,2.3,212.0,211.0,1017.4,680.0,0.0,,
2025-05-21 14:00:00,0.5,1.2,,-0.1,,83.0,2.5,5.6,124.0,141.0,1016.1,690.0,0.0,,10.0
2025-05-21 15:00:00,1.3,2.2,,0.5,,78.0,3.0,6.4,142.0,109.0,1015.3,674.0,0.0,,
2025-05-21 16:00:00,1.4,1.9,,1.1,,78.0,1.3,3.6,230.0,205.0,1014.7,642.0,0.0,,
2025-05-21 17:00:00,1.7,2.3,,1.1,,75.0,0.8,2.1,164.0,206.0,1014.0,582.0,0.0,,
2025-05-21 18:00:00,1.4,2.0,2.3,0.7,-2.5,76.0,0.8,1.9,239.0,227.0,1013.5,503.0,0.0,0.0,
2025-05-21 19:00:00,,,,,,76.0,,1.8,,,,412.0,0.0,,
2025-05-21 20:00:00,1.2,1.7,,0.8,,77.0,0.8,2.2,269.0,275.0,1012.6,315.0,0.0,,
2025-05-21 21:00:00,0.5,0.9,,0.0,,82.0,0.9,1.8,273.0,260.0,1012.5,222.0,0.0,,
2025-05-21 22:00:00,0.6,1.0,,0.3,,81.0,0.4,1.4,337.0,286.0,1012.2,140.0,0.0,,
2025-05-21 23:00:00,0.4,1.2,,-0.8,,82.0,0.6,2.2,204.0,207.0,1012.5,53.0,0.0,,
2025-05-22 00:00:00,-0.8,-0.2,2.3,-1.4,-1.4,89.0,1.3,2.8,143.0,213.0,1012.8,16.0,0.0,0.0,
2025-05-22 01:00:00,-1.5,-0.8,,-2.6,,90.0,1.1,2.9,237.0,193.0,1014.0,10.0,0.0,,
2025-05-22 02:00:00,-3.0,-2.7,,-3.2,,97.0,1.6,4.1,282.0,270.0,1014.4,7.0,0.0,,
2025-05-22 03:00:00,-3.1,-2.9,,-3.2,,98.0,0.9,2.9,204.0,255.0,1014.4,11.0,0.0,,
2025-05-22 04:00:00,-3.1,-1.8,,-3.9,,97.0,2.3,7.4,150.0,157.0,1014.6,34.0,0.0,,
2025-05-22 05:00:00,-3.5,-2.6,,-4.0,,97.0,2.5,6.3,71.0,151.0,1015.2,60.0,0.0,,40.0
2025-05-22 06:00:00,-2.5,-1.6,2.3,-3.3,-4.0,95.0,2.8,7.7,125.0,134.0,1016.0,137.0,0.0,0.0,40.0
2025-05-22 07:00:00,-2.0,-1.5,,-2.3,,93.0,2.1,5.9,170.0,155.0,1016.4,211.0,0.0,,
2025-05-22 08:00:00,-1.3,-0.2,,-1.9,,89.0,2.6,8.6,140.0,147.0,1017.0,296.0,0.0,,75.0
2025-05-22 09:00:00,-0.3,1.7,,-2.0,,81.0,3.9,12.0,129.0,80.0,1017.0,369.0,0.0,,90.0
2025-05-22 10:00:00,1.3,1.9,,0.2,,72.0,6.3,13.8,27.0,52.0,1016.9,424.0,0.0,,100.0
2025-05-22 11:00:00,2.0,2.2,,1.7,,68.0,7.1,12.7,63.0,39.0,1017.7,444.0,0.0,,100.0
2025-05-22 12:00:00,1.9,2.3,2.3,1.7,-4.0,68.0,7.7,11.5,34.0,44.0,1017.8,519.0,0.0,0.0,100.0
2025-05-22 13:00:00,0.9,2.5,,-0.2,,77.0,3.3,10.0,243.0,11.0,1018.0,638.0,0.0,,90.0
2025-05-22 14:00:00,0.1,0.4,,-0.3,,82.0,2.3,5.1,252.0,260.0,1018.2,662.0,0.0,,90.0
2025-05-22 15:00:00,0.2,1.3,,0.0,,80.0,2.9,6.5,336.0,297.0,1017.8,515.0,0.0,,100.0
2025-05-22 16:00:00,0.8,1.4,,0.0,,76.0,4.7,9.3,302.0,15.0,1017.7,349.0,0.0,,100.0
2025-05-22 17:00:00,0.7,1.0,,0.1,,77.0,5.5,8.6,20.0,26.0,1017.2,272.0,0.0,,100.0
2025-05-22 18:00:00,0.6,0.8,2.5,0.3,-2.3,77.0,5.6,8.4,54.0,29.0,1016.9,224.0,0.0,0.0,100.0
2025-05-22 19:00:00,,,,,,77.0,,9.0,,,,144.0,0.0,,100.0
2025-05-22 20:00:00,-0.1,0.4,,-0.8,,81.0,4.9,9.5,34.0,25.0,1016.7,112.0,0.0,,100.0
2025-05-22 21:00:00,-0.1,0.2,,-0.4,,80.0,5.3,10.0,43.0,32.0,1016.2,87.0,0.0,,100.0
2025-05-22 22:00:00,-0.3,0.0,,-0.8,,81.0,4.8,9.0,18.0,19.0,1016.0,54.0,0.0,,100.0
2025-05-22 23:00:00,-0.7,-0.1,,-1.1,,85.0,3.2,8.6,50.0,20.0,1015.5,32.0,0.0,,100.0
2025-05-23 00:00:00,-0.7,-0.1,2.5,-1.5,-1.5,83.0,3.8,8.1,294.0,359.0,1015.4,17.0,0.0,0.0,100.0
2025-05-23 01:00:00,-1.0,-0.3,,-1.6,,85.0,4.3,10.7,51.0,28.0,1014.8,7.0,0.0,,100.0
2025-05-23 02:00:00,-0.4,-0.1,,-0.6,,72.0,8.1,13.0,37.0,45.0,1013.7,6.0,0.0,,100.0
2025-05-23 03:00:00,-0.6,-0.3,,-0.8,,73.0,11.1,16.5,18.0,32.0,1012.5,7.0,0.0,,100.0
2025-05-23 04:00:00,-0.8,-0.4,,-1.1,,81.0,7.4,15.0,85.0,44.0,1012.8,16.0,0.1,,100.0
2025-05-23 05:00:00,-0.9,-0.7,,-1.1,,80.0,7.6,14.2,51.0,50.0,1012.1,25.0,0.1,,100.0
2025-05-23 06:00:00,-0.9,-0.9,0.6,-1.1,-1.6,79.0,9.8,13.8,25.0,32.0,1011.5,38.0,0.0,0.2,100.0
2025-05-23 07:00:00,-0.8,-0.6,,-1.0,,75.0,10.8,14.9,21.0,24.0,1010.7,85.0,0.0,,100.0
2025-05-23 08:00:00,-0.7,-0.6,,-0.9,,74.0,10.8,15.6,23.0,25.0,1009.8,119.0,0.0,,100.0
2025-05-23 09:00:00,-0.9,-0.8,,-1.1,,76.0,12.3,16.8,19.0,24.0,1009.2,157.0,0.0,,100.0
2025-05-23 10:00:00,-0.8,-0.6,,-0.9,,75.0,13.2,18.4,22.0,21.0,1008.1,229.0,0.0,,100.0
2025-05-23 11:00:00,-0.8,-0.7,,-0.8,,75.0,14.1,19.9,25.0,27.0,1007.4,176.0,0.0,,100.0
2025-05-23 12:00:00,-0.8,-0.7,-0.1,-0.9,-1.6,76.0,14.4,19.9,24.0,24.0,1007.1,181.0,0.0,0.2,100.0
2025-05-23 13:00:00,-0.9,-0.7,,-1.1,,76.0,13.8,18.3,25.0,25.0,1006.5,152.0,0.0,,100.0
2025-05-23 14:00:00,-1.1,-0.5,,-1.3,,79.0,15.2,22.1,25.0,24.0,1004.9,153.0,0.0,,100.0
2025-05-23 15:00:00,-1.3,-0.6,,-1.5,,82.0,13.0,28.5,31.0,26.0,1004.6,188.0,0.0,,100.0
2025-05-23 16:00:00,-1.4,-1.2,,-1.5,,83.0,12.5,24.4,360.0,21.0,1004.6,181.0,0.0,,
2025-05-23 17:00:00,-1.0,-0.7,,-1.2,,80.0,10.4,16.2,353.0,358.0,1004.4,226.0,0.0,,100.0
2025-05-23 18:00:00,-0.8,-0.4,-0.4,-1.0,-1.5,79.0,9.5,16.2,27.0,20.0,1004.0,233.0,0.0,0.2,100.0
2025-05-23 19:00:00,,,,,,,,,,,1003.7,188.0,,,100.0
2025-05-23 20:00:00,-0.4,-0.3,,-0.5,,81.0,9.1,13.1,15.0,25.0,1003.4,162.0,0.0,,100.0
2025-05-23 21:00:00,-0.3,-0.1,,-0.9,,83.0,4.7,8.8,22.0,4.0,1003.5,102.0,0.0,,100.0
2025-05-23 22:00:00,-0.8,-0.1,,-1.4,,89.0,2.3,4.7,299.0,320.0,1003.4,50.0,0.0,,100.0
2025-05-23 23:00:00,-1.4,-1.3,,-1.5,,97.0,1.2,2.8,250.0,287.0,1003.1,34.0,0.3,,100.0
2025-05-24 00:00:00,-1.3,-1.1,-0.1,-1.4,-1.5,97.0,0.9,2.0,67.0,77.0,1003.1,15.0,0.4,0.9,100.0
2025-05-24 01:00:00,-1.1,-1.1,,-1.2,,97.0,0.4,1.3,237.0,223.0,1003.3,6.0,0.6,,100.0
2025-05-24 02:00:00,-1.2,-1.2,,-1.2,,98.0,0.3,0.8,61.0,59.0,1003.2,6.0,0.7,,100.0
2025-05-24 03:00:00,-1.2,-1.1,,-1.2,,98.0,0.4,1.2,137.0,56.0,1003.2,12.0,0.4,,100.0
2025-05-24 04:00:00,-1.1,-1.0,,-1.2,,97.0,0.3,1.0,139.0,48.0,1003.2,22.0,0.1,,100.0
2025-05-24 05:00:00,-1.1,-1.0,,-1.3,,97.0,0.5,2.0,87.0,123.0,1003.4,46.0,0.2,,100.0
2025-05-24 06:00:00,-1.0,-0.8,-0.1,-1.1,-1.5,95.0,0.4,1.5,306.0,314.0,1003.4,82.0,0.2,2.7,100.0
2025-05-24 07:00:00,-1.2,-1.0,,-1.3,,96.0,1.4,2.3,325.0,313.0,1003.7,132.0,0.2,,100.0
2025-05-24 08:00:00,-0.8,-0.3,,-1.1,,95.0,0.8,1.8,345.0,228.0,1003.9,207.0,0.0,,100.0
2025-05-24 09:00:00,-0.6,-0.3,,-1.0,,93.0,0.7,1.9,238.0,233.0,1004.1,222.0,0.0,,100.0
2025-05-24 10:00:00,-0.4,0.0,,-0.7,,93.0,0.7,1.7,189.0,194.0,1004.5,270.0,0.0,,100.0
2025-05-24 11:00:00,-0.1,1.2,,-0.6,,90.0,0.6,1.8,185.0,187.0,1004.9,315.0,0.0,,100.0
2025-05-24 12:00:00,0.0,0.8,1.2,-0.4,-1.3,90.0,0.9,2.4,242.0,257.0,1005.1,365.0,0.0,2.9,90.0
2025-05-24 13:00:00,0.2,0.8,,-0.3,,86.0,1.8,5.5,27.0,17.0,1005.4,391.0,0.0,,100.0
2025-05-24 14:00:00,0.2,0.8,,-0.1,,88.0,1.8,5.1,255.0,315.0,1005.2,375.0,0.2,,100.0
2025-05-24 15:00:00,0.2,0.7,,-0.1,,90.0,1.2,4.3,46.0,141.0,1005.2,354.0,0.1,,100.0
2025-05-24 16:00:00,0.6,0.9,,-0.1,,86.0,3.6,8.2,29.0,26.0,1004.6,302.0,0.2,,100.0
2025-05-24 17:00:00,0.5,0.8,,-0.1,,87.0,4.2,7.6,342.0,16.0,1004.9,242.0,0.0,,100.0
2025-05-24 18:00:00,-0.1,0.4,1.2,-0.4,-1.3,94.0,2.3,6.0,327.0,316.0,1004.9,247.0,0.2,3.5,100.0
2025-05-24 19:00:00,,,,,,,4.5,8.5,26.0,7.0,1004.7,176.0,,,100.0
2025-05-24 20:00:00,1.5,1.9,,0.9,,78.0,4.6,9.5,155.0,19.0,1004.6,122.0,0.0,,100.0
2025-05-24 21:00:00,1.4,1.7,,1.0,,79.0,4.8,10.5,36.0,21.0,1004.5,61.0,0.0,,100.0
2025-05-24 22:00:00,1.5,1.8,,1.2,,77.0,5.0,10.9,7.0,30.0,1004.3,59.0,0.0,,100.0
2025-05-24 23:00:00,1.0,1.4,,0.7,,81.0,5.0,9.4,27.0,28.0,1004.4,27.0,0.0,,100.0
2025-05-25 00:00:00,1.0,1.5,1.9,0.8,-0.4,84.0,6.2,12.7,5.0,12.0,1004.5,11.0,0.0,2.8,100.0
2025-05-25 01:00:00,0.8,1.1,,0.2,,87.0,5.1,10.3,331.0,360.0,1004.4,5.0,0.0,,100.0
2025-05-25 02:00:00,0.2,0.7,,-0.1,,94.0,2.7,8.4,8.0,347.0,1004.1,5.0,0.0,,100.0
2025-05-25 03:00:00,0.7,0.9,,0.3,,89.0,5.1,11.5,9.0,10.0,1003.8,9.0,0.0,,100.0
2025-05-25 04:00:00,1.1,1.2,,0.8,,87.0,8.4,13.0,28.0,26.0,1003.5,20.0,0.0,,100.0
2025-05-25 05:00:00,1.2,1.3,,1.1,,87.0,7.7,12.7,5.0,24.0,1003.9,41.0,0.0,,100.0
2025-05-25 06:00:00,0.9,1.2,1.9,0.4,-0.1,89.0,4.5,9.3,19.0,8.0,1004.0,50.0,0.0,0.8,100.0
2025-05-25 07:00:00,0.8,1.3,,0.1,,91.0,4.7,10.8,352.0,7.0,1004.3,74.0,0.1,,100.0
2025-05-25 08:00:00,1.1,1.3,,0.5,,88.0,3.9,10.2,27.0,20.0,1004.3,114.0,0.0,,100.0
2025-05-25 09:00:00,1.0,1.3,,0.8,,86.0,8.1,12.9,27.0,27.0,1004.2,156.0,0.0,,100.0
2025-05-25 10:00:00,1.4,1.7,,1.0,,84.0,9.5,14.6,26.0,26.0,1004.5,336.0,0.0,,100.0
2025-05-25 11:00:00,1.3,1.6,,0.5,,87.0,5.8,12.7,297.0,19.0,1005.5,286.0,0.0,,100.0
2025-05-25 12:00:00,1.4,1.8,1.8,0.9,-0.1,88.0,3.1,10.6,28.0,19.0,1005.7,374.0,0.5,1.2,100.0
2025-05-25 13:00:00,1.5,1.8,,1.4,,87.0,6.5,11.1,22.0,26.0,1005.9,336.0,0.2,,100.0
2025-05-25 14:00:00,1.7,1.9,,1.5,,85.0,7.7,11.0,25.0,27.0,1005.8,375.0,0.0,,100.0
2025-05-25 15:00:00,1.7,2.0,,1.6,,84.0,8.1,12.1,28.0,32.0,1006.1,429.0,0.0,,100.0
2025-05-25 16:00:00,1.9,2.1,,1.7,,84.0,7.7,11.9,43.0,39.0,1006.3,395.0,0.0,,100.0
2025-05-25 17:00:00,1.8,2.0,,1.6,,85.0,7.4,10.2,35.0,34.0,1006.4,295.0,0.0,,100.0
2025-05-25 18:00:00,1.8,2.0,2.1,1.7,0.1,86.0,6.5,9.7,20.0,24.0,1006.7,202.0,0.0,0.7,100.0
2025-05-25 19:00:00,,,,,,,,,,,1007.0,122.0,,,100.0
2025-05-25 20:00:00,1.5,1.7,,1.2,,87.0,7.1,13.3,25.0,23.0,1007.0,94.0,0.2,,100.0
2025-05-25 21:00:00,1.4,1.7,,0.8,,88.0,4.0,11.2,24.0,13.0,1007.3,116.0,0.1,,100.0
2025-05-25 22:00:00,1.6,1.8,,1.5,,86.0,4.6,8.8,20.0,22.0,1007.3,82.0,0.1,,100.0
2025-05-25 23:00:00,1.7,2.0,,1.2,,85.0,5.6,10.5,13.0,19.0,1007.3,59.0,0.0,,100.0
2025-05-26 00:00:00,1.2,2.0,2.1,0.5,0.5,87.0,2.7,6.4,298.0,325.0,1007.4,35.0,0.0,1.2,100.0
2025-05-26 01:00:00,1.3,2.6,,0.8,,86.0,1.5,6.4,26.0,338.0,1007.0,28.0,0.0,,100.0
2025-05-26 02:00:00,2.3,2.6,,2.0,,73.0,6.3,10.8,29.0,24.0,1006.9,21.0,0.0,,100.0
2025-05-26 03:00:00,2.1,2.3,,2.0,,70.0,5.9,10.0,8.0,24.0,1007.2,13.0,0.0,,100.0
2025-05-26 04:00:00,2.1,2.5,,1.8,,66.0,4.0,9.1,23.0,21.0,1006.9,15.0,0.0,,100.0
2025-05-26 05:00:00,2.6,2.9,,2.2,,55.0,3.6,9.1,26.0,15.0,1006.9,30.0,0.0,,100.0
2025-05-26 06:00:00,2.1,2.7,2.9,1.8,0.5,40.0,6.0,11.1,48.0,36.0,1006.8,54.0,0.0,1.2,100.0
2025-05-26 07:00:00,1.7,2.1,,1.3,,33.0,8.3,11.8,37.0,48.0,1007.0,95.0,0.0,,100.0
2025-05-26 08:00:00,1.4,1.7,,1.0,,33.0,8.5,11.5,53.0,54.0,1006.9,158.0,0.0,,100.0
2025-05-26 09:00:00,1.5,1.7,,1.3,,33.0,9.1,12.4,62.0,57.0,1006.8,241.0,0.0,,100.0
2025-05-26 10:00:00,1.6,1.9,,1.3,,36.0,8.4,12.3,56.0,50.0,1007.1,348.0,0.0,,100.0
2025-05-26 11:00:00,1.8,2.1,,1.6,,37.0,7.6,10.4,56.0,56.0,1006.9,459.0,0.0,,100.0
2025-05-26 12:00:00,,,,,,,,,,,1006.8,573.0,,,75.0
2025-05-26 13:00:00,,,,,,,,,,,1006.5,714.0,,,
2025-05-26 14:00:00,,,,,,,,,,,1006.5,720.0,,,
2025-05-26 15:00:00,,,,,,,,,,,1006.3,695.0,,,
2025-05-26 16:00:00,,,,,,,,,,,1006.0,661.0,,,
2025-05-26 17:00:00,,,,,,,,,,,1005.8,590.0,,,
2025-05-26 18:00:00,2.3,2.5,2.8,2.0,1.0,37.0,7.4,11.0,21.0,22.0,1005.5,516.0,0.0,0.4,
2025-05-26 19:00:00,,,,,,,7.6,11.0,26.0,35.0,1005.2,419.0,,,
2025-05-26 20:00:00,1.1,1.5,,0.4,,42.0,9.6,12.9,21.0,22.0,1004.8,321.0,0.0,,
2025-05-26 21:00:00,0.6,1.6,,-0.1,,45.0,9.7,13.5,41.0,32.0,1004.9,239.0,0.0,,
2025-05-26 22:00:00,0.6,1.3,,-0.6,,45.0,6.1,11.3,126.0,36.0,1005.2,154.0,0.0,,
2025-05-26 23:00:00,0.1,0.8,,-0.5,,48.0,4.7,11.5,59.0,61.0,1004.8,69.0,0.0,,
2025-05-27 00:00:00,-0.7,0.5,2.8,-1.6,-1.6,47.0,8.2,13.2,23.0,42.0,1004.9,20.0,0.0,0.0,
2025-05-27 01:00:00,-1.5,-0.9,,-2.1,,50.0,7.4,11.5,21.0,29.0,1005.2,13.0,0.0,,
2025-05-27 02:00:00,-3.5,-1.8,,-4.6,,70.0,2.4,8.3,177.0,115.0,1005.3,11.0,0.0,,
2025-05-27 03:00:00,-4.1,-3.7,,-4.6,,74.0,1.0,2.3,201.0,159.0,1005.2,15.0,0.0,,
2025-05-27 04:00:00,-3.8,-3.4,,-4.9,,72.0,0.7,2.4,148.0,156.0,1005.2,44.0,0.0,,
2025-05-27 05:00:00,-4.9,-4.5,,-5.3,,83.0,1.4,2.6,121.0,143.0,1005.3,85.0,0.0,,
2025-05-27 06:00:00,-4.1,-3.4,2.3,-4.8,-5.3,79.0,0.6,2.0,342.0,172.0,1005.6,159.0,0.0,0.0,
2025-05-27 07:00:00,-2.8,-2.1,,-3.3,,72.0,0.2,0.9,165.0,198.0,1005.7,249.0,0.0,,
2025-05-27 08:00:00,-3.2,-2.4,,-3.5,,74.0,0.2,0.8,262.0,276.0,1006.0,341.0,0.0,,
2025-05-27 09:00:00,-2.9,-1.8,,-3.5,,75.0,0.6,1.6,236.0,255.0,1006.1,439.0,0.0,,
2025-05-27 10:00:00,-2.3,-1.4,,-3.3,,74.0,0.6,1.5,173.0,202.0,1006.1,530.0,0.0,,
2025-05-27 11:00:00,-1.0,0.1,,-1.9,,64.0,0.8,1.6,193.0,166.0,1006.3,608.0,0.0,,
2025-05-27 12:00:00,-1.2,-0.6,0.1,-1.5,-5.3,60.0,0.9,2.1,213.0,226.0,1006.2,669.0,0.0,0.0,
2025-05-27 13:00:00,-0.5,0.0,,-0.8,,55.0,1.1,1.8,221.0,183.0,1006.2,704.0,0.0,,
2025-05-27 14:00:00,-0.6,-0.3,,-0.9,,65.0,1.1,1.9,206.0,218.0,1006.0,717.0,0.0,,
2025-05-27 15:00:00,-0.5,-0.1,,-0.9,,63.0,1.1,2.1,248.0,225.0,1005.9,696.0,0.0,,
2025-05-27 16:00:00,-0.3,-0.1,,-0.5,,59.0,1.4,2.6,269.0,255.0,1005.7,663.0,0.0,,
2025-05-27 17:00:00,-0.1,0.1,,-0.3,,60.0,1.7,2.7,268.0,275.0,1005.5,601.0,0.0,,
2025-05-27 18:00:00,0.1,0.3,0.3,-0.1,-3.5,60.0,1.4,2.4,238.0,254.0,1005.5,522.0,0.0,0.0,
2025-05-27 19:00:00,,,,,,63.0,,,,,,430.0,0.0,,
2025-05-27 20:00:00,-0.1,0.2,,-0.5,,68.0,1.5,2.8,255.0,219.0,1005.3,334.0,0.0,,
2025-05-27 21:00:00,-0.5,-0.3,,-0.7,,69.0,1.5,3.2,214.0,257.0,1005.3,241.0,0.0,,
2025-05-27 22:00:00,-0.6,-0.4,,-0.8,,69.0,0.8,1.5,281.0,270.0,1005.4,158.0,0.0,,
2025-05-27 23:00:00,-1.2,-0.8,,-1.5,,70.0,0.9,1.8,277.0,289.0,1005.6,70.0,0.0,,
2025-05-28 00:00:00,-1.6,-1.5,0.3,-1.8,-1.7,63.0,0.5,2.2,356.0,150.0,1005.7,19.0,0.0,0.0,
2025-05-28 01:00:00,-2.1,-1.6,,-2.4,,63.0,0.5,1.8,77.0,38.0,1005.8,13.0,0.0,,
2025-05-28 02:00:00,-2.7,-2.3,,-3.0,,66.0,1.3,2.6,26.0,30.0,1005.6,11.0,0.0,,
2025-05-28 03:00:00,-3.0,-2.9,,-3.2,,70.0,0.5,1.8,27.0,35.0,1005.6,14.0,0.0,,
2025-05-28 04:00:00,-2.5,-1.8,,-3.1,,67.0,0.2,0.8,51.0,237.0,1005.7,49.0,0.0,,
2025-05-28 05:00:00,-2.2,-1.8,,-2.6,,66.0,0.1,1.0,0.0,40.0,1005.7,99.0,0.0,,
2025-05-28 06:00:00,-1.9,-1.2,0.3,-2.3,-3.2,67.0,0.1,0.5,0.0,280.0,1006.0,166.0,0.0,0.0,
2025-05-28 07:00:00,-1.6,-0.9,,-2.1,,67.0,0.2,0.8,242.0,237.0,1006.1,249.0,0.0,,
2025-05-28 08:00:00,-2.1,-1.8,,-2.3,,75.0,0.4,0.9,259.0,254.0,1006.1,340.0,0.0,,
2025-05-28 09:00:00,-2.0,-1.9,,-2.3,,77.0,0.7,1.4,224.0,238.0,1006.0,439.0,0.0,,
2025-05-28 10:00:00,-2.0,-1.6,,-2.3,,80.0,1.1,2.4,173.0,199.0,1006.0,529.0,0.0,,
2025-05-28 11:00:00,-1.8,-1.5,,-2.0,,80.0,1.6,2.9,204.0,181.0,1005.9,607.0,0.0,,
2025-05-28 12:00:00,-1.7,-1.3,-0.9,-2.0,-3.2,82.0,1.3,2.3,218.0,208.0,1005.7,663.0,0.0,0.0,
2025-05-28 13:00:00,-1.3,-1.2,,-1.6,,82.0,1.3,2.5,205.0,205.0,1005.4,698.0,0.0,,
2025-05-28 14:00:00,-0.9,-0.5,,-1.3,,80.0,1.4,2.4,206.0,200.0,1005.1,711.0,0.0,,
2025-05-28 15:00:00,-0.5,0.2,,-0.9,,68.0,1.3,2.6,225.0,222.0,1004.7,692.0,0.0,,
2025-05-28 16:00:00,0.4,0.8,,0.0,,60.0,1.1,2.0,249.0,237.0,1004.3,659.0,0.0,,
2025-05-28 17:00:00,1.3,2.2,,0.4,,58.0,0.7,1.6,227.0,254.0,1003.7,598.0,0.0,,
2025-05-28 18:00:00,1.2,1.9,2.2,0.7,-2.3,61.0,1.1,2.2,240.0,223.0,1003.4,519.0,0.0,0.0,
2025-05-28 19:00:00,1.0,1.4,,0.6,,63.0,0.9,2.4,295.0,261.0,,428.0,0.0,,
2025-05-28 20:00:00,1.4,2.2,,0.9,,63.0,0.8,3.4,248.0,251.0,1002.8,333.0,0.0,,
2025-05-28 21:00:00,1.4,2.3,,0.7,,62.0,1.2,5.0,148.0,167.0,1002.6,241.0,0.0,,
2025-05-28 22:00:00,0.7,1.1,,0.1,,66.0,0.7,3.2,136.0,216.0,1002.3,160.0,0.0,,
2025-05-28 23:00:00,0.1,0.9,,-0.5,,66.0,1.1,3.2,161.0,154.0,1002.0,72.0,0.0,,
2025-05-29 00:00:00,-0.3,0.1,2.3,-0.7,-1.6,68.0,1.3,3.6,146.0,132.0,1002.1,19.0,0.0,0.0,
2025-05-29 01:00:00,-0.2,0.4,,-0.6,,66.0,1.4,5.4,100.0,106.0,1001.9,13.0,0.0,,
2025-05-29 02:00:00,-0.4,-0.1,,-0.6,,66.0,0.7,3.5,131.0,138.0,1001.8,12.0,0.0,,
2025-05-29 03:00:00,-1.1,-0.5,,-1.6,,71.0,0.7,1.6,136.0,180.0,1001.8,14.0,0.0,,
2025-05-29 04:00:00,-1.8,-0.9,,-2.6,,75.0,0.6,1.4,181.0,167.0,1001.8,52.0,0.0,,
2025-05-29 05:00:00,-3.1,-2.4,,-4.0,,81.0,0.7,2.0,160.0,170.0,1002.0,101.0,0.0,,
2025-05-29 06:00:00,-2.8,-2.1,2.3,-4.0,-4.0,80.0,0.4,1.6,206.0,215.0,1002.4,169.0,0.0,0.0,
2025-05-29 07:00:00,-3.4,-2.5,,-3.9,,83.0,0.9,1.8,155.0,163.0,1002.6,253.0,0.0,,
2025-05-29 08:00:00,-3.5,-2.9,,-3.9,,85.0,0.7,1.6,149.0,180.0,1003.0,345.0,0.0,,
2025-05-29 09:00:00,-2.9,-2.0,,-3.6,,83.0,0.5,1.3,169.0,177.0,1003.5,442.0,0.0,,
2025-05-29 10:00:00,-2.7,-2.2,,-3.1,,83.0,1.0,2.2,206.0,178.0,1004.1,532.0,0.0,,
2025-05-29 11:00:00,-1.8,-0.7,,-2.7,,80.0,0.7,2.1,234.0,211.0,1004.2,609.0,0.0,,
2025-05-29 12:00:00,-2.1,-0.9,0.4,-2.6,-4.0,84.0,1.0,2.3,217.0,207.0,1004.7,668.0,0.0,0.0,
2025-05-29 13:00:00,-2.3,-2.0,,-2.9,,89.0,1.4,2.6,241.0,226.0,1004.8,667.0,0.0,,60.0
2025-05-29 14:00:00,-1.8,-1.3,,-2.5,,87.0,1.0,1.9,246.0,247.0,1004.6,707.0,0.0,,
2025-05-29 15:00:00,-1.5,-1.2,,-1.8,,88.0,1.4,2.8,269.0,262.0,1004.6,690.0,0.0,,
2025-05-29 16:00:00,-1.0,-0.1,,-1.6,,86.0,1.6,3.1,240.0,269.0,1004.6,661.0,0.0,,
2025-05-29 17:00:00,-0.3,1.1,,-1.3,,83.0,1.4,2.6,235.0,221.0,1004.6,601.0,0.0,,
2025-05-29 18:00:00,-0.4,0.5,1.1,-1.1,-3.9,84.0,1.2,2.4,216.0,226.0,1004.6,522.0,0.0,0.0,
2025-05-29 19:00:00,-0.1,1.3,,-1.1,,82.0,0.9,2.1,185.0,190.0,,432.0,0.0,,
2025-05-29 20:00:00,-1.3,-0.7,,-1.8,,89.0,1.0,2.2,207.0,220.0,1004.8,335.0,0.0,,
2025-05-29 21:00:00,-1.5,-0.8,,-2.2,,88.0,1.0,1.8,183.0,187.0,1005.0,248.0,0.0,,
2025-05-29 22:00:00,-1.9,-1.6,,-2.1,,90.0,1.6,4.7,111.0,117.0,1005.2,134.0,0.0,,90.0
2025-05-29 23:00:00,-2.5,-2.0,,-3.1,,92.0,2.1,4.1,142.0,129.0,1005.5,61.0,0.0,,100.0
2025-05-30 00:00:00,-2.9,-2.8,1.3,-3.0,-3.1,95.0,1.5,3.4,148.0,138.0,1006.0,25.0,0.0,0.0,100.0
2025-05-30 01:00:00,-3.0,-2.8,,-3.3,,95.0,1.7,3.4,92.0,109.0,1006.0,13.0,0.0,,100.0
2025-05-30 02:00:00,-3.2,-3.1,,-3.4,,94.0,1.1,2.7,55.0,67.0,1006.1,10.0,0.0,,100.0
2025-05-30 03:00:00,-3.3,-3.1,,-3.4,,92.0,1.1,3.2,145.0,101.0,1006.3,17.0,0.0,,100.0
2025-05-30 04:00:00,-3.5,-3.4,,-3.7,,94.0,1.3,2.6,49.0,67.0,1006.5,30.0,0.0,,100.0
2025-05-30 05:00:00,-3.6,-3.4,,-3.7,,93.0,0.9,3.0,134.0,58.0,1006.8,58.0,0.0,,100.0
2025-05-30 06:00:00,-3.6,-3.5,1.3,-3.8,-3.8,95.0,1.2,2.7,181.0,165.0,1007.2,80.0,0.0,0.0,100.0
2025-05-30 07:00:00,-3.6,-3.4,,-3.7,,95.0,1.0,2.2,194.0,185.0,1007.5,129.0,0.0,,100.0
2025-05-30 08:00:00,-3.8,-3.5,,-4.0,,96.0,0.8,2.2,193.0,199.0,1008.0,125.0,0.0,,
2025-05-30 09:00:00,-3.7,-3.5,,-3.8,,96.0,0.9,2.2,266.0,244.0,1008.3,243.0,0.0,,
2025-05-30 10:00:00,-3.5,-3.3,,-3.7,,96.0,1.2,2.4,220.0,266.0,1008.6,334.0,0.0,,
2025-05-30 11:00:00,-3.1,-2.9,,-3.3,,94.0,1.2,2.4,232.0,200.0,1009.2,432.0,0.0,,
2025-05-30 12:00:00,-2.9,-2.7,-2.7,-3.2,-4.0,94.0,1.6,3.0,285.0,259.0,1009.7,469.0,0.0,0.0,
2025-05-30 13:00:00,-2.9,-2.7,,-3.1,,94.0,2.5,4.0,293.0,296.0,1010.1,523.0,0.0,,
2025-05-30 14:00:00,-2.4,-2.1,,-2.9,,92.0,1.6,3.4,263.0,261.0,1010.3,655.0,0.0,,100.0
2025-05-30 15:00:00,-2.2,-1.8,,-2.5,,91.0,2.5,4.7,286.0,291.0,1010.5,622.0,0.0,,50.0
2025-05-30 16:00:00,-2.0,-1.3,,-2.5,,90.0,2.0,3.9,244.0,246.0,1010.5,573.0,0.0,,100.0
2025-05-30 17:00:00,-2.0,-1.4,,-2.3,,91.0,1.9,3.9,282.0,284.0,1010.4,527.0,0.0,,100.0
2025-05-30 18:00:00,-1.6,-1.0,-1.0,-2.0,-4.0,89.0,1.6,4.4,154.0,225.0,1010.6,367.0,0.0,0.0,100.0
2025-05-30 19:00:00,,,,,,,2.8,5.3,175.0,154.0,1010.7,300.0,,,100.0
2025-05-30 20:00:00,-2.1,-1.9,,-2.3,,87.0,2.9,5.9,145.0,148.0,1010.6,174.0,0.0,,100.0
2025-05-30 21:00:00,-2.5,-2.3,,-2.8,,88.0,3.0,5.0,146.0,144.0,1010.7,101.0,0.0,,40.0
2025-05-30 22:00:00,-2.8,-2.7,,-3.0,,89.0,3.3,5.6,142.0,141.0,1010.6,72.0,0.0,,75.0
2025-05-30 23:00:00,-2.8,-2.7,,-3.0,,87.0,1.8,4.2,140.0,135.0,1010.7,58.0,0.0,,60.0
2025-05-31 00:00:00,-3.0,-2.8,-1.0,-3.1,-3.1,89.0,2.4,6.9,131.0,137.0,1010.7,34.0,0.0,0.0,90.0
2025-05-31 01:00:00,-3.1,-3.0,,-3.2,,90.0,2.7,6.1,138.0,133.0,1010.6,27.0,0.0,,100.0
2025-05-31 02:00:00,-3.1,-3.0,,-3.1,,90.0,1.5,5.0,81.0,125.0,1010.3,21.0,0.0,,100.0
2025-05-31 03:00:00,-3.2,-3.0,,-3.4,,90.0,1.8,4.6,71.0,91.0,1010.1,15.0,0.0,,100.0
2025-05-31 04:00:00,-3.3,-3.3,,-3.4,,90.0,2.0,4.3,65.0,87.0,1009.9,20.0,0.0,,100.0
2025-05-31 05:00:00,-3.2,-3.0,,-3.3,,91.0,1.5,3.3,65.0,75.0,1009.8,38.0,0.0,,100.0
2025-05-31 06:00:00,-3.1,-2.9,-1.3,-3.6,-3.6,91.0,1.7,3.4,147.0,108.0,1009.6,74.0,0.0,0.0,100.0
2025-05-31 07:00:00,-3.6,-3.4,,-3.7,,94.0,2.3,3.9,171.0,154.0,1009.2,119.0,0.0,,100.0
2025-05-31 08:00:00,-3.3,-3.1,,-3.5,,92.0,1.8,2.9,207.0,198.0,1009.3,169.0,0.0,,100.0
2025-05-31 09:00:00,-3.0,-2.7,,-3.3,,89.0,1.4,2.8,215.0,210.0,1009.1,346.0,0.0,,100.0
2025-05-31 10:00:00,-2.9,-2.5,,-3.2,,89.0,1.3,2.4,222.0,226.0,1008.9,370.0,0.0,,100.0
2025-05-31 11:00:00,-2.6,-2.3,,-2.8,,89.0,1.3,2.3,213.0,218.0,1008.6,421.0,0.0,,100.0
2025-05-31 12:00:00,-2.2,-2.0,-2.0,-2.5,-3.7,88.0,1.3,2.2,171.0,197.0,1008.3,474.0,0.0,0.0,100.0
2025-05-31 13:00:00,-1.7,-1.5,,-2.1,,87.0,1.3,2.5,261.0,216.0,1007.9,594.0,0.0,,100.0
2025-05-31 14:00:00,-1.1,-0.7,,-1.5,,85.0,1.3,2.8,236.0,242.0,1007.6,523.0,0.0,,100.0
2025-05-31 15:00:00,-0.4,-0.1,,-0.8,,81.0,1.5,2.6,261.0,240.0,1007.1,723.0,0.1,,60.0
2025-05-31 16:00:00,-0.3,0.1,,-0.9,,81.0,1.5,3.1,267.0,269.0,1006.7,603.0,0.0,,100.0
2025-05-31 17:00:00,0.8,1.5,,-0.1,,75.0,1.1,2.5,161.0,237.0,1006.2,441.0,0.0,,100.0
2025-05-31 18:00:00,0.8,1.3,1.5,0.4,-3.7,76.0,0.9,2.2,234.0,224.0,1006.0,347.0,0.0,0.1,100.0
2025-05-31 19:00:00,,,,,,78.0,,1.8,,,,248.0,0.0,,75.0
2025-05-31 20:00:00,0.5,0.9,,-0.2,,80.0,0.7,1.8,146.0,158.0,1005.2,176.0,0.0,,100.0
2025-05-31 21:00:00,0.3,0.8,,-0.5,,81.0,0.5,1.6,334.0,224.0,1004.9,107.0,0.0,,100.0
2025-05-31 22:00:00,0.3,0.6,,0.1,,82.0,0.6,1.6,238.0,239.0,1004.8,57.0,0.0,,100.0
2025-05-31 23:00:00,-0.2,0.4,,-1.3,,86.0,0.7,2.8,293.0,255.0,1004.5,55.0,0.0,,100.0
2025-06-01 00:00:00,-1.3,-0.9,1.5,-1.5,-2.1,94.0,0.5,1.6,250.0,186.0,1004.2,58.0,0.0,0.1,100.0
2025-06-01 01:00:00,-1.4,-1.1,,-1.6,,94.0,0.3,1.1,236.0,292.0,1003.8,25.0,0.0,,10.0
2025-06-01 02:00:00,-1.9,-1.6,,-2.2,,96.0,0.2,0.8,172.0,168.0,1003.4,10.0,0.0,,10.0
2025-06-01 03:00:00,-2.3,-2.1,,-2.4,,97.0,0.1,0.6,35.0,142.0,1002.9,16.0,0.0,,90.0
2025-06-01 04:00:00,-1.9,-1.6,,-2.6,,94.0,0.5,1.3,154.0,3.0,1002.4,35.0,0.0,,100.0
2025-06-01 05:00:00,-2.5,-2.0,,-2.7,,96.0,0.3,1.3,243.0,162.0,1002.4,52.0,0.0,,100.0
2025-06-01 06:00:00,-2.4,-1.6,1.0,-2.8,-2.8,96.0,0.4,1.3,173.0,184.0,1002.2,83.0,0.0,0.1,100.0
2025-06-01 07:00:00,-1.6,-0.1,,-2.8,,92.0,0.3,1.3,166.0,138.0,1001.9,240.0,0.0,,25.0
2025-06-01 08:00:00,-1.5,0.0,,-3.0,,89.0,0.5,2.0,326.0,184.0,1001.5,337.0,0.0,,
2025-06-01 09:00:00,-0.7,0.0,,-1.3,,86.0,0.4,1.2,183.0,191.0,1001.1,445.0,0.0,,
2025-06-01 10:00:00,-0.9,0.3,,-1.3,,83.0,0.8,2.1,163.0,158.0,1000.8,535.0,0.0,,
2025-06-01 11:00:00,-0.4,0.7,,-1.2,,83.0,0.9,1.9,167.0,162.0,1000.5,613.0,0.0,,
2025-06-01 12:00:00,0.5,1.3,1.3,-0.1,-3.0,80.0,0.9,1.9,144.0,152.0,1000.3,670.0,0.0,0.1,
2025-06-01 13:00:00,1.0,1.7,,0.7,,74.0,0.9,2.0,211.0,196.0,1000.2,707.0,0.0,,
2025-06-01 14:00:00,1.1,2.8,,-0.1,,77.0,0.8,2.0,260.0,246.0,1000.2,722.0,0.0,,
2025-06-01 15:00:00,0.8,1.4,,0.2,,81.0,1.1,2.3,239.0,269.0,1000.4,689.0,0.0,,40.0
2025-06-01 16:00:00,1.4,2.1,,0.9,,78.0,1.0,2.3,201.0,196.0,1000.6,635.0,0.0,,90.0
2025-06-01 17:00:00,1.3,2.8,,0.5,,77.0,2.4,15.4,19.0,356.0,1000.8,595.0,0.0,,10.0
2025-06-01 18:00:00,1.7,2.7,2.8,0.8,-3.0,72.0,14.8,20.2,22.0,25.0,1001.0,517.0,0.0,0.0,40.0
2025-06-01 19:00:00,,,,,,72.0,17.6,22.7,34.0,29.0,,404.0,0.0,,
2025-06-01 20:00:00,-0.1,0.4,,-0.3,,74.0,19.0,25.0,40.0,41.0,1001.9,307.0,0.0,,50.0
2025-06-01 21:00:00,-0.5,-0.3,,-0.6,,74.0,19.7,26.2,55.0,48.0,1001.7,148.0,0.0,,90.0
2025-06-01 22:00:00,-0.5,-0.4,,-0.6,,74.0,19.9,27.4,56.0,56.0,1002.7,86.0,0.0,,100.0
2025-06-01 23:00:00,-0.7,-0.6,,-0.8,,75.0,18.5,26.6,56.0,55.0,1003.0,42.0,0.0,,100.0
2025-06-02 00:00:00,-0.8,-0.5,2.8,-1.2,-1.2,73.0,15.9,23.6,46.0,51.0,1003.5,20.0,0.0,0.0,100.0
2025-06-02 01:00:00,-1.4,-1.2,,-1.8,,74.0,13.5,19.6,49.0,46.0,1004.3,14.0,0.0,,100.0
2025-06-02 02:00:00,-2.1,-1.8,,-2.4,,77.0,12.5,19.3,38.0,40.0,1004.9,9.0,0.0,,100.0
2025-06-02 03:00:00,-2.4,-2.3,,-2.6,,76.0,11.9,18.3,38.0,42.0,1004.9,16.0,0.0,,100.0
2025-06-02 04:00:00,-2.5,-2.2,,-2.8,,74.0,14.7,21.5,51.0,46.0,1004.3,34.0,0.0,,100.0
2025-06-02 05:00:00,-2.6,-2.3,,-2.8,,77.0,15.5,22.2,47.0,43.0,1004.4,52.0,0.0,,100.0
2025-06-02 06:00:00,-2.6,-2.2,1.0,-3.0,-3.0,75.0,12.5,24.0,344.0,16.0,1006.3,130.0,0.0,0.0,40.0
2025-06-02 07:00:00,-1.8,-1.5,,-2.4,,66.0,9.0,15.5,352.0,350.0,1007.1,307.0,0.0,,100.0
2025-06-02 08:00:00,-1.6,-1.3,,-1.9,,64.0,10.7,18.5,18.0,18.0,1007.1,342.0,0.0,,25.0
2025-06-02 09:00:00,-1.9,-1.6,,-2.2,,62.0,13.2,18.8,25.0,25.0,1008.1,358.0,0.0,,90.0
2025-06-02 10:00:00,-1.9,-1.6,,-2.2,,61.0,11.8,17.6,24.0,24.0,1008.2,432.0,0.0,,
2025-06-02 11:00:00,-1.3,-0.7,,-1.8,,56.0,13.1,18.4,24.0,25.0,1008.0,587.0,0.0,,
2025-06-02 12:00:00,-0.2,0.5,0.5,-0.9,-3.0,49.0,9.4,17.7,22.0,23.0,1008.4,691.0,0.0,0.0,
2025-06-02 13:00:00,0.3,0.6,,-0.1,,49.0,7.4,11.8,41.0,33.0,1008.6,622.0,0.0,,90.0
2025-06-02 14:00:00,0.1,0.9,,-0.4,,56.0,4.2,9.6,225.0,27.0,1008.9,630.0,0.0,,100.0
2025-06-02 15:00:00,0.0,0.4,,-0.5,,67.0,2.6,5.5,220.0,208.0,1008.9,558.0,0.0,,100.0
2025-06-02 16:00:00,0.1,0.7,,-0.4,,62.0,,,,,,,0.0,,
2025-06-02 17:00:00,0.4,1.0,,-0.3,,60.0,2.2,5.3,244.0,233.0,1008.7,594.0,0.0,,
2025-06-02 18:00:00,-0.1,0.4,1.0,-0.5,-2.4,67.0,2.0,4.5,105.0,244.0,1008.9,428.0,0.0,0.0,
2025-06-02 19:00:00,,,,,,,,,,,1008.8,401.0,,,25.0
2025-06-02 20:00:00,0.8,1.1,,0.5,,48.0,7.9,11.2,23.0,31.0,1008.8,364.0,0.0,,75.0
2025-06-02 21:00:00,0.4,0.9,,-0.8,,50.0,5.0,9.3,263.0,17.0,1009.4,246.0,0.0,,100.0
2025-06-02 22:00:00,0.1,0.6,,-0.9,,53.0,2.2,7.1,51.0,22.0,1009.1,169.0,0.0,,100.0
2025-06-02 23:00:00,0.4,0.6,,-0.3,,42.0,,,,,,,0.0,,
2025-06-03 00:00:00,0.5,0.7,1.1,0.4,-0.9,38.0,7.0,12.0,326.0,332.0,1008.9,38.0,0.0,0.0,100.0
2025-06-03 01:00:00,0.7,1.0,,0.4,,37.0,,,,,,,0.0,,
2025-06-03 02:00:00,0.3,0.6,,-0.3,,42.0,0.9,3.2,319.0,181.0,1009.1,30.0,0.0,,100.0
2025-06-03 03:00:00,-0.4,0.3,,-1.0,,47.0,2.5,5.8,38.0,36.0,1008.7,37.0,0.0,,90.0
2025-06-03 04:00:00,-0.6,0.1,,-1.0,,48.0,,,,,,,0.0,,
2025-06-03 05:00:00,-0.9,-0.6,,-1.2,,51.0,4.4,7.5,25.0,33.0,1008.6,110.0,0.0,,40.0
2025-06-03 06:00:00,-0.1,1.0,1.1,-0.9,-1.2,47.0,2.5,5.5,42.0,29.0,1008.8,208.0,0.0,0.0,
2025-06-03 07:00:00,0.9,1.3,,0.4,,41.0,1.2,2.9,15.0,20.0,1008.8,291.0,0.0,,25.0
2025-06-03 08:00:00,1.3,1.8,,1.0,,39.0,2.0,4.2,26.0,40.0,1008.7,231.0,0.0,,
2025-06-03 09:00:00,1.3,1.7,,1.1,,40.0,5.2,9.8,34.0,29.0,1008.7,156.0,0.0,,100.0
2025-06-03 10:00:00,2.0,2.7,,1.5,,38.0,6.4,10.1,23.0,30.0,1008.7,250.0,0.0,,100.0
2025-06-03 11:00:00,2.6,3.1,,2.2,,37.0,7.5,12.6,24.0,21.0,1008.8,319.0,0.0,,100.0
2025-06-03 12:00:00,2.2,2.3,3.1,2.1,-1.2,45.0,9.4,15.4,16.0,23.0,1009.0,208.0,0.0,0.0,100.0
2025-06-03 13:00:00,2.0,2.3,,1.6,,51.0,7.9,16.0,24.0,23.0,1009.0,234.0,0.0,,100.0
2025-06-03 14:00:00,2.4,2.6,,2.2,,49.0,7.5,14.1,19.0,21.0,1009.3,232.0,0.0,,100.0
2025-06-03 15:00:00,2.4,2.5,,2.1,,54.0,7.1,11.6,26.0,24.0,1009.3,216.0,0.0,,100.0
2025-06-03 16:00:00,2.1,2.5,,1.8,,59.0,5.7,9.1,25.0,25.0,1009.5,184.0,0.0,,100.0
2025-06-03 17:00:00,2.5,2.8,,2.2,,58.0,3.9,7.7,21.0,25.0,1009.7,210.0,0.0,,100.0
2025-06-03 18:00:00,2.5,2.9,3.1,1.6,0.4,59.0,1.2,4.9,332.0,4.0,1009.7,189.0,0.0,0.0,100.0
2025-06-03 19:00:00,,,,,,,0.9,2.4,9.0,246.0,1010.0,166.0,,,100.0
2025-06-03 20:00:00,1.4,1.9,,1.0,,69.0,0.7,2.3,283.0,280.0,1009.9,143.0,0.0,,100.0
2025-06-03 21:00:00,1.2,1.9,,0.7,,70.0,1.1,2.7,280.0,255.0,1009.8,100.0,0.0,,100.0
2025-06-03 22:00:00,0.7,1.0,,0.3,,73.0,1.0,2.6,307.0,274.0,1009.7,86.0,0.0,,100.0
2025-06-03 23:00:00,0.9,1.2,,0.2,,71.0,0.8,2.0,333.0,260.0,1009.6,80.0,0.0,,100.0
2025-06-04 00:00:00,1.6,2.0,2.9,1.2,0.2,65.0,0.7,2.2,27.0,334.0,1009.1,49.0,0.0,0.0,25.0
2025-06-04 01:00:00,1.7,2.0,,1.4,,69.0,,,,,,,0.0,,
2025-06-04 02:00:00,2.1,2.6,,1.6,,67.0,2.0,4.4,41.0,43.0,1008.2,29.0,0.0,,100.0
2025-06-04 03:00:00,1.1,2.7,,-0.5,,73.0,1.5,3.4,196.0,238.0,1008.1,45.0,0.0,,100.0
2025-06-04 04:00:00,-0.1,0.2,,-0.5,,79.0,1.3,3.7,206.0,188.0,1007.8,61.0,0.0,,100.0
2025-06-04 05:00:00,0.1,0.6,,-0.4,,77.0,1.3,3.8,285.0,265.0,1007.7,123.0,0.0,,100.0
2025-06-04 06:00:00,0.6,1.4,2.7,-0.1,-0.5,71.0,1.1,3.4,88.0,286.0,1007.5,187.0,0.0,0.0,
2025-06-04 07:00:00,1.1,2.3,,0.2,,69.0,2.3,7.7,180.0,37.0,1007.3,263.0,0.0,,
2025-06-04 08:00:00,0.5,1.9,,-0.7,,71.0,1.4,3.7,246.0,246.0,1007.1,348.0,0.0,,
2025-06-04 09:00:00,0.1,0.9,,-0.6,,74.0,0.5,1.6,252.0,236.0,1006.9,446.0,0.0,,
2025-06-04 10:00:00,-0.4,0.2,,-0.8,,77.0,0.8,1.9,225.0,242.0,1006.7,392.0,0.0,,25.0
2025-06-04 11:00:00,0.8,1.4,,0.1,,73.0,1.4,3.6,278.0,273.0,1006.6,598.0,0.0,,40.0
2025-06-04 12:00:00,0.9,1.4,2.7,0.2,-0.8,72.0,1.8,3.7,258.0,250.0,1006.4,601.0,0.0,0.0,60.0
2025-06-04 13:00:00,0.4,1.0,,-0.1,,73.0,2.1,4.3,249.0,235.0,1006.1,637.0,0.0,,100.0
2025-06-04 14:00:00,0.6,1.4,,0.2,,74.0,1.7,4.0,229.0,243.0,1005.9,705.0,0.0,,40.0
2025-06-04 15:00:00,1.2,1.8,,0.4,,72.0,2.1,4.8,246.0,254.0,1005.8,684.0,0.0,,25.0
2025-06-04 16:00:00,2.1,3.0,,1.4,,64.0,1.9,3.4,261.0,246.0,1005.4,661.0,0.0,,
2025-06-04 17:00:00,3.4,4.8,,2.0,,56.0,3.3,10.0,347.0,359.0,1005.1,631.0,0.0,,
2025-06-04 18:00:00,3.9,4.5,4.8,2.4,-0.8,53.0,4.6,10.3,348.0,13.0,1004.9,553.0,0.0,0.0,
2025-06-04 19:00:00,2.7,4.2,,1.4,,,2.1,7.9,282.0,316.0,1004.9,463.0,,,
2025-06-04 20:00:00,2.4,3.3,,1.6,,65.0,1.7,6.6,25.0,2.0,1005.0,370.0,0.0,,
2025-06-04 21:00:00,1.4,2.4,,0.6,,66.0,5.7,11.6,22.0,23.0,1004.7,276.0,0.0,,
2025-06-04 22:00:00,0.4,1.1,,-0.8,,70.0,9.1,14.8,6.0,19.0,1004.8,191.0,0.0,,
2025-06-04 23:00:00,0.7,1.1,,0.4,,65.0,9.9,14.9,27.0,22.0,1004.4,105.0,0.0,,
2025-06-05 00:00:00,0.4,0.7,4.8,0.1,-0.8,66.0,8.6,15.3,17.0,17.0,1005.0,37.0,0.0,0.0,
2025-06-05 01:00:00,-0.1,0.6,,-1.4,,72.0,6.2,15.5,302.0,14.0,1005.3,32.0,0.0,,10.0
2025-06-05 02:00:00,-0.6,0.2,,-1.3,,75.0,3.0,10.0,287.0,346.0,1005.0,24.0,0.0,,10.0
2025-06-05 03:00:00,-1.1,-0.8,,-1.4,,79.0,1.5,3.9,285.0,289.0,1004.9,23.0,0.0,,90.0
2025-06-05 04:00:00,-0.7,0.5,,-1.0,,76.0,1.5,6.7,14.0,326.0,1004.6,26.0,0.0,,100.0
2025-06-05 05:00:00,-0.3,0.0,,-0.5,,73.0,2.6,6.0,280.0,299.0,1004.8,32.0,0.0,,100.0
2025-06-05 06:00:00,-0.4,-0.2,4.2,-0.6,-1.4,73.0,0.9,4.1,190.0,238.0,1004.9,40.0,0.0,0.0,100.0
2025-06-05 07:00:00,-0.1,0.6,,-0.4,,72.0,1.1,3.0,61.0,93.0,1004.8,64.0,0.0,,100.0
2025-06-05 08:00:00,0.9,1.1,,0.6,,72.0,4.6,8.8,39.0,47.0,1004.7,88.0,0.0,,100.0
2025-06-05 09:00:00,,,,,,,,,,,,116.0,0.0,,100.0
2025-06-05 10:00:00,,,,,,68.0,,,,,,292.0,0.0,,
2025-06-05 11:00:00,,,,,,,1.4,2.8,194.0,266.0,1004.3,461.0,,,60.0
2025-06-05 12:00:00,2.1,3.1,3.1,1.4,-1.4,67.0,1.5,4.4,82.0,136.0,1004.1,632.0,0.0,0.0,90.0
2025-06-05 13:00:00,2.6,3.2,,2.2,,58.0,4.0,7.1,45.0,44.0,1004.2,545.0,0.0,,100.0
2025-06-05 14:00:00,,,,,,,4.0,7.1,32.0,40.0,1004.1,700.0,,,40.0
2025-06-05 15:00:00,,,,,,66.0,,2.7,,,,714.0,0.0,,
2025-06-05 16:00:00,,,,,,67.0,1.5,2.8,201.0,208.0,,714.0,0.0,,
2025-06-05 17:00:00,1.8,2.4,,1.4,,66.0,1.8,3.1,224.0,207.0,1003.6,669.0,0.0,,100.0
2025-06-05 18:00:00,,,,,,,2.0,4.0,291.0,264.0,1003.5,460.0,,,100.0
2025-06-05 19:00:00,,,,,,58.0,,,,,,496.0,0.0,,100.0
2025-06-05 20:00:00,1.6,2.4,,1.0,,56.0,5.4,9.9,34.0,31.0,1003.2,284.0,0.0,,100.0
2025-06-05 21:00:00,0.7,1.2,,-0.1,,61.0,3.6,9.1,36.0,26.0,1003.1,150.0,0.0,,100.0
2025-06-05 22:00:00,0.4,1.0,,0.2,,65.0,1.6,3.7,290.0,316.0,1003.1,89.0,0.0,,100.0
2025-06-05 23:00:00,-0.5,0.3,,-1.1,,77.0,1.7,3.4,272.0,287.0,1003.1,47.0,0.0,,100.0
2025-06-06 00:00:00,-1.1,-0.9,3.5,-1.2,-1.2,80.0,0.6,2.3,251.0,248.0,1003.1,32.0,0.0,0.0,100.0
2025-06-06 01:00:00,-0.9,-0.6,,-1.2,,74.0,0.5,1.4,168.0,271.0,1002.9,26.0,0.0,,100.0
2025-06-06 02:00:00,-1.0,-0.7,,-1.3,,73.0,0.8,2.2,268.0,254.0,1002.7,22.0,0.0,,100.0
2025-06-06 03:00:00,-1.5,-1.3,,-1.7,,79.0,1.2,2.3,290.0,278.0,1002.7,22.0,0.0,,100.0
2025-06-06 04:00:00,-1.6,-1.6,,-1.7,,81.0,0.3,1.4,306.0,272.0,1002.6,30.0,0.0,,100.0
2025-06-06 05:00:00,-1.3,-1.0,,-1.6,,80.0,0.4,1.3,244.0,279.0,1002.4,60.0,0.0,,40.0
2025-06-06 06:00:00,-0.6,-0.2,3.0,-1.0,-1.7,75.0,0.4,1.4,210.0,183.0,1002.3,90.0,0.0,0.0,100.0
2025-06-06 07:00:00,-0.3,-0.2,,-0.4,,72.0,0.5,1.3,204.0,219.0,1002.5,119.0,0.0,,100.0
2025-06-06 08:00:00,0.1,0.6,,-0.4,,69.0,3.6,7.3,33.0,36.0,1002.6,211.0,0.0,,100.0
2025-06-06 09:00:00,0.0,0.6,,-0.8,,71.0,1.6,4.9,253.0,335.0,1002.5,263.0,0.0,,100.0
2025-06-06 10:00:00,-0.1,0.3,,-0.6,,74.0,1.1,2.5,209.0,225.0,1002.5,376.0,0.0,,100.0
2025-06-06 11:00:00,0.6,1.1,,-0.1,,67.0,1.1,2.1,202.0,189.0,1002.4,402.0,0.0,,100.0
2025-06-06 12:00:00,0.7,1.3,1.3,0.4,-1.7,68.0,1.5,3.4,166.0,177.0,1002.6,421.0,0.0,0.0,100.0
2025-06-06 13:00:00,0.6,1.6,,0.4,,74.0,2.3,4.1,204.0,208.0,1002.6,457.0,0.0,,100.0
2025-06-06 14:00:00,0.8,1.4,,0.5,,79.0,1.5,2.8,183.0,188.0,1002.5,539.0,0.0,,100.0
2025-06-06 15:00:00,1.5,1.9,,1.0,,67.0,1.5,3.2,196.0,190.0,1002.3,602.0,0.0,,100.0
2025-06-06 16:00:00,1.5,2.4,,1.2,,70.0,2.1,4.3,243.0,170.0,1002.2,508.0,0.0,,100.0
2025-06-06 17:00:00,1.0,1.3,,0.6,,74.0,1.6,3.7,196.0,217.0,1002.1,363.0,0.0,,100.0
2025-06-06 18:00:00,1.4,1.8,2.4,1.0,-0.8,69.0,1.1,2.3,183.0,192.0,1002.2,332.0,0.0,0.0,100.0
2025-06-06 19:00:00,,,,,,65.0,,,,,,473.0,0.0,,100.0
2025-06-06 20:00:00,1.6,1.9,,1.2,,66.0,1.2,3.0,244.0,255.0,1002.1,341.0,0.0,,100.0
2025-06-06 21:00:00,1.1,2.0,,0.6,,71.0,0.8,2.3,221.0,253.0,1002.0,230.0,0.0,,100.0
2025-06-06 22:00:00,1.3,2.0,,0.8,,69.0,0.7,4.3,54.0,47.0,1002.1,153.0,0.0,,100.0
2025-06-06 23:00:00,0.8,1.9,,-0.1,,70.0,2.3,4.9,315.0,19.0,1002.1,67.0,0.0,,10.0
2025-06-07 00:00:00,0.0,0.2,2.4,-0.2,-0.2,78.0,0.4,1.5,356.0,331.0,1002.2,49.0,0.0,0.0,90.0
2025-06-07 01:00:00,0.5,0.8,,0.1,,66.0,2.2,6.1,45.0,33.0,1002.0,30.0,0.0,,10.0
2025-06-07 02:00:00,0.5,0.9,,0.3,,64.0,3.0,5.4,32.0,31.0,1001.9,27.0,0.0,,25.0
2025-06-07 03:00:00,-0.5,0.4,,-1.1,,72.0,0.9,3.6,198.0,359.0,1001.9,33.0,0.0,,
2025-06-07 04:00:00,-0.3,0.6,,-0.9,,72.0,0.6,3.9,27.0,28.0,1001.8,50.0,0.0,,100.0
2025-06-07 05:00:00,0.5,0.8,,0.0,,66.0,0.9,3.7,0.0,36.0,1001.9,87.0,0.0,,50.0
2025-06-07 06:00:00,-0.2,0.8,2.3,-0.6,-1.1,71.0,0.8,1.6,137.0,174.0,1002.3,117.0,0.0,0.0,
2025-06-07 07:00:00,0.3,0.9,,-0.1,,68.0,0.6,2.5,109.0,87.0,1002.5,109.0,0.0,,100.0
2025-06-07 08:00:00,0.1,0.8,,-0.4,,67.0,0.4,1.8,0.0,252.0,1002.7,193.0,0.0,,60.0
2025-06-07 09:00:00,0.8,1.4,,0.3,,64.0,0.0,1.2,0.0,0.0,1003.0,292.0,0.0,,60.0
2025-06-07 10:00:00,0.6,0.9,,0.2,,63.0,0.9,2.3,233.0,239.0,1003.3,507.0,0.0,,
2025-06-07 11:00:00,1.0,1.4,,0.7,,62.0,1.4,2.6,166.0,198.0,1003.6,621.0,0.0,,
2025-06-07 12:00:00,1.4,1.7,1.7,1.1,-1.1,62.0,1.2,2.1,221.0,221.0,1004.0,683.0,0.0,0.0,
2025-06-07 13:00:00,1.5,2.0,,1.2,,64.0,1.3,2.6,242.0,220.0,1004.3,719.0,0.0,,
2025-06-07 14:00:00,1.7,2.2,,1.1,,65.0,1.3,2.3,211.0,220.0,1004.4,728.0,0.0,,
2025-06-07 15:00:00,1.9,2.4,,1.4,,66.0,1.6,2.8,205.0,209.0,1004.5,708.0,0.0,,
2025-06-07 16:00:00,1.8,2.1,,1.5,,68.0,1.5,3.2,204.0,204.0,1004.6,680.0,0.0,,
2025-06-07 17:00:00,1.4,1.8,,1.0,,72.0,1.6,3.4,210.0,207.0,1004.9,614.0,0.0,,
2025-06-07 18:00:00,1.1,1.6,2.4,0.7,-0.4,72.0,1.3,3.1,277.0,257.0,1005.1,537.0,0.0,0.0,
2025-06-07 19:00:00,,,,,,,,,,,,448.0,0.0,,
2025-06-07 20:00:00,1.2,1.5,,0.6,,69.0,1.1,1.9,267.0,237.0,1005.5,347.0,0.0,,
2025-06-07 21:00:00,1.7,2.0,,1.4,,63.0,0.9,1.8,284.0,263.0,1005.8,248.0,0.0,,
2025-06-07 22:00:00,2.1,3.1,,1.4,,64.0,0.4,2.4,313.0,335.0,1005.9,169.0,0.0,,
2025-06-07 23:00:00,0.8,2.3,,-0.7,,70.0,0.7,2.1,266.0,269.0,1006.4,96.0,0.0,,
2025-06-08 00:00:00,-0.9,0.0,3.1,-1.6,-1.6,78.0,0.6,3.4,212.0,12.0,1006.6,29.0,0.0,0.0,
2025-06-08 01:00:00,-1.7,-1.5,,-2.0,,80.0,0.3,1.3,245.0,264.0,1006.7,22.0,0.0,,
2025-06-08 02:00:00,-1.5,-1.4,,-1.6,,77.0,0.3,1.1,348.0,250.0,1007.0,19.0,0.0,,
2025-06-08 03:00:00,-1.2,-0.7,,-1.6,,73.0,0.5,1.7,57.0,58.0,1007.1,32.0,0.0,,
2025-06-08 04:00:00,-1.1,-0.7,,-1.5,,71.0,1.0,2.3,22.0,34.0,1007.0,72.0,0.0,,40.0
2025-06-08 05:00:00,-0.6,0.1,,-1.1,,69.0,1.9,2.7,23.0,22.0,1007.1,140.0,0.0,,90.0
2025-06-08 06:00:00,0.6,1.2,3.1,-0.3,-2.0,63.0,1.0,2.3,33.0,28.0,1007.5,211.0,0.0,0.0,75.0
2025-06-08 07:00:00,0.9,1.8,,0.0,,60.0,0.8,1.8,232.0,210.0,1007.8,280.0,0.0,,60.0
2025-06-08 08:00:00,0.4,1.1,,-0.2,,63.0,0.6,2.1,250.0,252.0,1008.2,389.0,0.0,,90.0
2025-06-08 09:00:00,0.5,1.1,,0.1,,65.0,1.7,3.2,293.0,291.0,1008.4,541.0,0.0,,100.0
2025-06-08 10:00:00,1.5,1.9,,0.6,,53.0,1.4,2.8,323.0,324.0,1008.6,568.0,0.0,,100.0
2025-06-08 11:00:00,1.7,2.2,,1.3,,56.0,1.7,3.2,170.0,334.0,1008.7,497.0,0.0,,100.0
2025-06-08 12:00:00,1.4,1.9,2.2,0.6,-2.0,63.0,1.3,3.0,217.0,165.0,1008.9,484.0,0.0,0.0,100.0
2025-06-08 13:00:00,0.4,1.3,,0.0,,69.0,1.9,3.4,219.0,207.0,1009.3,499.0,0.0,,100.0
2025-06-08 14:00:00,1.4,1.8,,1.0,,63.0,1.1,2.1,246.0,241.0,1009.4,548.0,0.0,,100.0
2025-06-08 15:00:00,1.8,2.2,,1.5,,61.0,1.3,2.3,220.0,235.0,1009.5,507.0,0.0,,100.0
2025-06-08 16:00:00,2.3,3.0,,1.9,,55.0,1.8,3.8,186.0,165.0,1009.5,529.0,0.0,,100.0
2025-06-08 17:00:00,2.9,3.3,,2.3,,53.0,2.0,3.8,148.0,159.0,1009.5,614.0,0.0,,10.0
2025-06-08 18:00:00,3.0,3.5,3.5,2.7,-0.2,51.0,2.6,6.2,145.0,147.0,1009.5,502.0,0.0,0.0,25.0
2025-06-08 19:00:00,,,,,,,,,,,1009.7,439.0,,,
2025-06-08 20:00:00,2.6,2.9,,2.3,,50.0,2.8,4.0,150.0,150.0,1009.9,356.0,0.0,,
2025-06-08 21:00:00,2.6,2.9,,2.2,,51.0,2.1,4.0,146.0,145.0,1010.0,254.0,0.0,,
2025-06-08 22:00:00,1.9,2.4,,1.5,,54.0,1.5,3.1,191.0,166.0,1010.1,172.0,0.0,,
2025-06-08 23:00:00,1.4,1.7,,1.1,,57.0,0.9,2.3,125.0,135.0,1010.1,73.0,0.0,,100.0
2025-06-09 00:00:00,1.1,1.7,3.6,0.1,0.0,58.0,0.9,2.8,181.0,139.0,1009.8,41.0,0.0,0.0,25.0
2025-06-09 01:00:00,-1.6,-0.1,,-2.6,,80.0,0.8,2.5,195.0,266.0,1010.2,21.0,0.0,,
2025-06-09 02:00:00,-2.6,-2.1,,-3.0,,88.0,0.9,1.7,178.0,194.0,1010.4,20.0,0.0,,
2025-06-09 03:00:00,-3.3,-3.1,,-3.5,,94.0,0.5,1.4,216.0,177.0,1010.3,37.0,0.0,,90.0
2025-06-09 04:00:00,-3.8,-3.5,,-4.0,,96.0,0.7,1.6,292.0,269.0,1010.3,67.0,0.0,,100.0
2025-06-09 05:00:00,-3.5,-3.2,,-4.0,,95.0,0.6,1.5,242.0,176.0,1010.3,116.0,0.0,,10.0
2025-06-09 06:00:00,-3.6,-2.7,3.6,-4.2,-4.2,92.0,1.0,2.4,235.0,264.0,1010.7,177.0,0.0,0.0,25.0
2025-06-09 07:00:00,-3.6,-2.9,,-4.1,,92.0,0.6,1.5,268.0,193.0,1010.9,188.0,0.0,,75.0
2025-06-09 08:00:00,-3.1,-2.7,,-3.7,,91.0,0.8,2.0,229.0,209.0,1011.3,317.0,0.0,,60.0
2025-06-09 09:00:00,-2.6,-2.1,,-3.6,,88.0,1.1,2.9,279.0,258.0,1011.3,403.0,0.0,,100.0
2025-06-09 10:00:00,-2.2,-1.7,,-2.9,,87.0,1.0,2.1,238.0,241.0,1011.4,472.0,0.0,,10.0
2025-06-09 11:00:00,-1.8,-1.4,,-2.2,,86.0,1.4,2.7,240.0,229.0,1011.6,638.0,0.0,,10.0
2025-06-09 12:00:00,-1.7,-1.3,-0.1,-2.1,-4.2,90.0,1.4,2.6,227.0,226.0,1011.8,642.0,0.0,0.0,100.0
2025-06-09 13:00:00,-1.8,-1.3,,-2.0,,92.0,1.3,2.6,235.0,245.0,1011.9,630.0,0.0,,100.0
2025-06-09 14:00:00,-1.4,-1.3,,-1.6,,92.0,1.8,3.4,266.0,273.0,1012.1,658.0,0.0,,100.0
2025-06-09 15:00:00,-1.4,-1.2,,-1.7,,92.0,1.9,3.3,294.0,271.0,1012.1,651.0,0.0,,75.0
2025-06-09 16:00:00,-0.7,-0.1,,-1.7,,89.0,1.5,3.8,288.0,271.0,1012.1,653.0,0.1,,60.0
2025-06-09 17:00:00,0.2,1.2,,-0.7,,84.0,0.9,2.3,197.0,250.0,1012.2,475.0,0.0,,50.0
2025-06-09 18:00:00,0.9,1.6,1.6,0.5,-4.1,80.0,1.0,2.1,243.0,238.0,1012.4,546.0,0.0,0.0,
2025-06-09 19:00:00,0.9,1.7,,0.5,,79.0,0.9,2.0,219.0,213.0,,418.0,0.0,,
2025-06-09 20:00:00,0.7,1.6,,0.0,,81.0,0.8,2.1,218.0,241.0,1012.8,354.0,0.0,,
2025-06-09 21:00:00,1.0,1.9,,0.5,,79.0,0.7,1.6,162.0,189.0,1013.1,258.0,0.0,,
2025-06-09 22:00:00,-0.1,0.7,,-1.4,,85.0,0.9,2.3,155.0,163.0,1013.1,143.0,0.0,,75.0
2025-06-09 23:00:00,-1.8,-1.2,,-2.9,,91.0,1.9,3.3,142.0,151.0,1013.3,109.0,0.0,,25.0
2025-06-10 00:00:00,-2.3,-1.8,1.9,-2.9,-2.9,94.0,0.5,2.0,155.0,158.0,1013.8,31.0,0.0,0.0,10.0
2025-06-10 01:00:00,-2.8,-2.6,,-2.9,,94.0,1.0,2.4,217.0,195.0,1014.0,33.0,0.0,,25.0
2025-06-10 02:00:00,-2.9,-2.8,,-2.9,,94.0,0.2,1.0,0.0,252.0,1014.0,22.0,0.0,,
2025-06-10 03:00:00,-3.6,-2.8,,-4.2,,95.0,0.7,2.4,317.0,166.0,1014.0,24.0,0.0,,100.0
2025-06-10 04:00:00,-4.3,-4.0,,-4.8,,97.0,0.4,1.3,173.0,169.0,1014.2,50.0,0.0,,100.0
2025-06-10 05:00:00,-4.0,-3.4,,-4.8,,95.0,0.3,1.0,134.0,61.0,1014.5,111.0,0.0,,
2025-06-10 06:00:00,-3.7,-2.8,1.9,-4.6,-4.8,92.0,0.7,2.1,163.0,148.0,1014.9,189.0,0.0,0.0,
2025-06-10 07:00:00,-4.3,-3.8,,-4.8,,94.0,1.0,2.5,233.0,199.0,1015.1,256.0,0.0,,
2025-06-10 08:00:00,-3.9,-3.4,,-4.4,,93.0,0.7,1.9,285.0,170.0,1015.1,341.0,0.0,,
2025-06-10 09:00:00,-3.0,-2.1,,-3.9,,89.0,0.8,1.7,186.0,176.0,1015.2,456.0,0.0,,
2025-06-10 10:00:00,-2.4,-1.7,,-3.2,,87.0,0.8,1.9,199.0,208.0,1015.2,544.0,0.0,,
2025-06-10 11:00:00,-2.3,-1.5,,-2.8,,87.0,0.9,2.0,255.0,207.0,1015.1,623.0,0.0,,
2025-06-10 12:00:00,-2.4,-1.6,-1.5,-2.9,-4.8,91.0,1.1,2.6,286.0,231.0,1014.9,669.0,0.0,0.0,50.0
2025-06-10 13:00:00,-2.1,-1.2,,-2.3,,92.0,1.4,3.2,265.0,257.0,1014.7,690.0,0.0,,50.0
2025-06-10 14:00:00,-1.7,-1.3,,-2.1,,91.0,1.2,2.8,267.0,259.0,1014.4,693.0,0.0,,40.0
2025-06-10 15:00:00,-1.2,1.0,,-1.7,,91.0,1.4,3.0,252.0,269.0,1014.0,676.0,0.0,,
2025-06-10 16:00:00,0.2,2.0,,-0.7,,84.0,0.8,2.1,200.0,232.0,1013.4,654.0,0.0,,
2025-06-10 17:00:00,0.8,2.3,,0.1,,80.0,0.9,2.1,151.0,173.0,1013.0,592.0,0.0,,
2025-06-10 18:00:00,1.6,3.0,3.0,0.5,-4.8,76.0,0.7,2.6,121.0,182.0,1012.6,513.0,0.0,0.0,
2025-06-10 19:00:00,,,,,,,,2.0,,,1012.4,420.0,,,
2025-06-10 20:00:00,1.7,2.3,,0.9,,74.0,0.6,1.6,138.0,196.0,1012.0,334.0,0.0,,
2025-06-10 21:00:00,1.8,3.3,,1.2,,71.0,0.5,1.3,278.0,157.0,1011.5,249.0,0.0,,
2025-06-10 22:00:00,1.7,2.9,,0.9,,70.0,0.5,1.5,122.0,169.0,1011.1,161.0,0.0,,
2025-06-10 23:00:00,1.1,1.6,,-0.4,,71.0,0.7,3.4,146.0,187.0,1010.8,88.0,0.0,,
2025-06-11 00:00:00,0.2,0.9,3.3,-0.6,-2.3,75.0,2.0,6.2,66.0,94.0,1010.4,38.0,0.0,0.0,
2025-06-11 01:00:00,-0.4,0.7,,-0.9,,77.0,2.9,8.0,87.0,94.0,1009.9,26.0,0.0,,
2025-06-11 02:00:00,-1.7,-0.3,,-2.5,,83.0,6.2,9.8,75.0,84.0,1010.1,22.0,0.0,,
2025-06-11 03:00:00,-2.0,-1.5,,-2.3,,84.0,5.8,9.1,80.0,78.0,1009.5,40.0,0.0,,40.0
2025-06-11 04:00:00,-1.9,-1.4,,-2.4,,83.0,6.3,9.9,76.0,80.0,1009.2,59.0,0.0,,
2025-06-11 05:00:00,-1.7,-1.0,,-2.1,,82.0,6.4,10.2,84.0,77.0,1009.1,89.0,0.0,,
2025-06-11 06:00:00,-1.5,-0.7,3.3,-2.0,-2.5,83.0,7.3,10.7,81.0,80.0,1009.2,122.0,0.0,0.0,10.0
2025-06-11 07:00:00,-1.2,-0.8,,-1.3,,82.0,7.4,10.0,87.0,84.0,1009.4,242.0,0.0,,10.0
2025-06-11 08:00:00,-0.3,0.3,,-1.0,,78.0,6.3,9.5,92.0,80.0,1009.7,335.0,0.0,,
2025-06-11 09:00:00,0.2,0.6,,-0.1,,76.0,6.0,8.6,87.0,85.0,1010.4,436.0,0.0,,
2025-06-11 10:00:00,1.3,1.7,,0.7,,73.0,5.0,8.0,85.0,87.0,1010.6,540.0,0.0,,
2025-06-11 11:00:00,1.3,1.9,,1.0,,74.0,6.2,8.4,83.0,88.0,1011.3,596.0,0.0,,
2025-06-11 12:00:00,1.2,1.6,1.9,0.8,-2.5,76.0,5.8,8.0,100.0,92.0,1011.8,644.0,0.0,0.0,
2025-06-11 13:00:00,1.4,1.9,,0.9,,74.0,4.9,8.1,145.0,119.0,1012.3,683.0,0.0,,
2025-06-11 14:00:00,0.6,1.1,,0.2,,78.0,5.9,10.5,146.0,147.0,1013.1,717.0,0.0,,
2025-06-11 15:00:00,0.8,1.6,,0.3,,77.0,2.7,6.7,283.0,153.0,1013.1,655.0,0.0,,
2025-06-11 16:00:00,1.3,1.7,,0.8,,75.0,2.0,4.2,279.0,269.0,1013.2,660.0,0.0,,
2025-06-11 17:00:00,2.3,3.3,,1.6,,71.0,1.1,3.1,359.0,238.0,1013.2,597.0,0.0,,
2025-06-11 18:00:00,4.7,5.7,5.7,3.3,-1.3,50.0,1.4,4.0,161.0,154.0,1013.5,514.0,0.0,0.0,
2025-06-11 19:00:00,,,,,,,,,,,1013.7,385.0,,,
2025-06-11 20:00:00,4.4,5.1,,3.2,,53.0,1.4,3.6,227.0,181.0,1014.0,288.0,0.0,,
2025-06-11 21:00:00,4.7,5.5,,3.2,,49.0,2.5,5.8,141.0,146.0,1014.1,194.0,0.0,,60.0
2025-06-11 22:00:00,4.8,5.3,,3.6,,56.0,3.0,5.5,143.0,142.0,1014.2,110.0,0.0,,40.0
2025-06-11 23:00:00,4.0,4.9,,2.6,,61.0,2.0,4.1,141.0,133.0,1014.4,58.0,0.0,,
2025-06-12 00:00:00,2.1,4.4,5.7,0.7,0.2,68.0,1.6,4.6,145.0,152.0,1014.8,31.0,0.0,0.0,
2025-06-12 01:00:00,2.4,2.9,,1.6,,74.0,3.6,6.2,116.0,123.0,1014.9,28.0,0.0,,
2025-06-12 02:00:00,1.8,2.7,,1.0,,78.0,2.1,6.0,204.0,157.0,1014.9,30.0,0.0,,
2025-06-12 03:00:00,0.6,0.9,,0.3,,78.0,0.8,1.9,178.0,270.0,1014.9,49.0,0.0,,
2025-06-12 04:00:00,0.1,0.6,,-0.2,,80.0,1.0,2.4,248.0,271.0,1014.9,77.0,0.0,,
2025-06-12 05:00:00,0.1,0.5,,-0.4,,80.0,0.7,2.4,267.0,266.0,1014.8,91.0,0.0,,10.0
2025-06-12 06:00:00,0.6,1.1,5.5,-0.3,-0.4,80.0,1.0,2.4,23.0,358.0,1014.6,145.0,0.0,0.0,100.0
2025-06-12 07:00:00,1.7,2.8,,0.9,,75.0,1.9,7.4,51.0,36.0,1014.4,111.0,0.0,,100.0
2025-06-12 08:00:00,2.9,3.2,,2.2,,72.0,4.5,11.5,42.0,47.0,1014.3,112.0,0.0,,100.0
2025-06-12 09:00:00,1.5,3.3,,-0.5,,83.0,5.0,11.1,226.0,62.0,1014.8,157.0,0.0,,100.0
2025-06-12 10:00:00,-0.4,0.1,,-0.6,,94.0,1.3,3.2,146.0,177.0,1014.7,239.0,0.0,,100.0
2025-06-12 11:00:00,0.6,2.3,,-0.4,,92.0,1.2,7.1,39.0,48.0,1014.1,247.0,0.0,,100.0
2025-06-12 12:00:00,2.7,3.2,3.3,1.8,-0.6,80.0,5.0,9.7,41.0,49.0,1014.3,201.0,0.0,0.0,100.0
2025-06-12 13:00:00,2.1,2.7,,1.7,,81.0,5.5,10.5,29.0,32.0,1013.5,225.0,0.0,,100.0
2025-06-12 14:00:00,1.6,2.0,,1.2,,83.0,7.6,10.8,18.0,23.0,1013.2,235.0,0.0,,100.0
2025-06-12 15:00:00,1.8,2.8,,1.2,,83.0,8.6,13.8,24.0,29.0,1012.6,231.0,0.0,,100.0
2025-06-12 16:00:00,2.3,2.8,,1.9,,83.0,10.0,14.1,20.0,20.0,1012.1,221.0,0.0,,100.0
2025-06-12 17:00:00,2.4,2.9,,2.2,,82.0,9.6,14.7,28.0,23.0,1012.2,154.0,0.0,,100.0
2025-06-12 18:00:00,2.5,2.9,3.3,2.3,-0.6,82.0,8.4,12.4,25.0,25.0,1012.1,157.0,0.0,0.0,100.0
2025-06-12 19:00:00,,,,,,,,,,,1012.3,151.0,,,100.0
2025-06-12 20:00:00,2.7,3.1,,2.1,,80.0,3.4,9.0,9.0,8.0,1011.9,188.0,0.0,,100.0
2025-06-12 21:00:00,3.4,3.6,,2.8,,74.0,7.3,11.0,25.0,27.0,1011.8,233.0,0.0,,100.0
2025-06-12 22:00:00,3.4,3.6,,2.9,,72.0,6.2,11.0,11.0,24.0,1012.2,182.0,0.0,,100.0
2025-06-12 23:00:00,3.0,3.4,,2.4,,75.0,4.5,7.7,29.0,30.0,1012.2,100.0,0.0,,10.0
2025-06-13 00:00:00,1.8,2.9,3.6,1.4,1.2,83.0,1.3,5.1,140.0,119.0,1012.4,38.0,0.0,0.0,
2025-06-13 01:00:00,1.6,2.1,,0.9,,84.0,0.8,2.3,130.0,164.0,1012.7,28.0,0.0,,
2025-06-13 02:00:00,1.2,1.5,,0.9,,85.0,4.4,6.5,86.0,83.0,1012.6,20.0,0.0,,
2025-06-13 03:00:00,1.5,1.7,,1.3,,81.0,3.0,6.0,55.0,103.0,1012.8,32.0,0.0,,
2025-06-13 04:00:00,0.0,1.9,,-1.6,,85.0,1.1,2.7,124.0,87.0,1012.9,61.0,0.0,,
2025-06-13 05:00:00,0.3,1.1,,-1.6,,83.0,2.3,4.2,25.0,29.0,1013.0,108.0,0.0,,
2025-06-13 06:00:00,0.0,1.5,3.6,-1.4,-1.6,84.0,1.0,2.8,108.0,81.0,1013.2,184.0,0.0,0.0,
2025-06-13 07:00:00,-0.4,0.3,,-1.3,,85.0,0.7,1.8,30.0,131.0,1013.5,267.0,0.0,,
2025-06-13 08:00:00,1.6,2.4,,0.5,,78.0,0.5,1.6,35.0,113.0,1013.7,357.0,0.0,,
2025-06-13 09:00:00,3.3,4.8,,2.3,,72.0,0.6,2.0,234.0,72.0,1013.7,448.0,0.0,,
2025-06-13 10:00:00,4.3,6.1,,2.7,,68.0,0.7,1.9,44.0,149.0,1013.6,541.0,0.0,,
2025-06-13 11:00:00,5.6,6.2,,4.6,,61.0,0.7,1.9,188.0,203.0,1013.6,615.0,0.0,,
2025-06-13 12:00:00,4.9,5.8,6.2,3.8,-1.6,64.0,0.7,1.8,230.0,170.0,1013.5,671.0,0.0,0.0,
2025-06-13 13:00:00,4.7,5.7,,3.6,,66.0,0.8,2.3,168.0,212.0,1013.2,708.0,0.0,,
2025-06-13 14:00:00,4.3,6.1,,3.2,,67.0,1.4,3.4,240.0,187.0,1013.4,721.0,0.0,,
2025-06-13 15:00:00,4.6,5.8,,3.7,,63.0,1.3,3.8,205.0,186.0,1013.3,703.0,0.0,,
2025-06-13 16:00:00,4.9,6.3,,3.9,,61.0,1.0,2.7,188.0,185.0,1013.2,663.0,0.0,,
2025-06-13 17:00:00,5.5,6.7,,4.4,,59.0,1.0,2.9,202.0,151.0,1012.9,603.0,0.0,,
2025-06-13 18:00:00,4.1,5.3,6.7,3.2,-1.2,64.0,2.1,5.1,193.0,179.0,1012.8,522.0,0.0,0.0,
2025-06-13 19:00:00,,,,,,,,,,,1012.8,428.0,,,
2025-06-13 20:00:00,1.9,2.7,,0.8,,76.0,4.5,9.4,138.0,116.0,1013.1,332.0,0.0,,
2025-06-13 21:00:00,0.6,1.3,,-0.1,,83.0,2.9,8.0,125.0,116.0,1013.4,242.0,0.0,,10.0
2025-06-13 22:00:00,-0.4,0.2,,-0.9,,89.0,3.0,8.8,141.0,116.0,1013.4,157.0,0.0,,100.0
2025-06-13 23:00:00,-1.2,-0.8,,-1.5,,94.0,3.6,8.0,87.0,98.0,1013.0,55.0,0.0,,100.0
2025-06-14 00:00:00,-1.1,-0.9,6.7,-1.3,-1.5,94.0,4.2,11.8,82.0,86.0,1012.8,43.0,0.0,0.0,100.0
2025-06-14 01:00:00,-1.4,-1.3,,-1.6,,95.0,6.1,9.9,103.0,106.0,1012.7,24.0,0.0,,90.0
2025-06-14 02:00:00,-1.5,-1.4,,-1.6,,95.0,5.7,9.9,97.0,105.0,1012.8,25.0,0.0,,60.0
2025-06-14 03:00:00,-1.6,-1.5,,-1.9,,95.0,4.8,7.6,89.0,92.0,1012.8,30.0,0.0,,10.0
2025-06-14 04:00:00,-1.0,-0.1,,-1.7,,90.0,2.9,6.6,165.0,79.0,1012.7,70.0,0.0,,
2025-06-14 05:00:00,-1.0,-0.4,,-1.4,,90.0,1.0,2.5,170.0,167.0,1013.0,134.0,0.0,,
2025-06-14 06:00:00,-0.8,-0.4,5.1,-1.1,-1.9,90.0,0.4,1.6,145.0,169.0,1013.3,155.0,0.0,0.0,
2025-06-14 07:00:00,-0.5,0.1,,-1.0,,88.0,0.6,1.6,211.0,240.0,1013.5,246.0,0.0,,
2025-06-14 08:00:00,0.3,0.9,,-0.7,,83.0,0.5,1.3,280.0,188.0,1013.8,352.0,0.0,,
2025-06-14 09:00:00,0.8,2.3,,-0.2,,81.0,0.8,2.0,152.0,203.0,1013.7,449.0,0.0,,
2025-06-14 10:00:00,0.1,0.6,,-0.3,,85.0,1.5,2.7,269.0,169.0,1014.2,534.0,0.0,,
2025-06-14 11:00:00,1.5,2.9,,0.2,,80.0,1.0,3.0,242.0,222.0,1014.3,602.0,0.0,,10.0
2025-06-14 12:00:00,1.3,2.2,2.9,0.5,-1.9,81.0,0.9,2.4,255.0,234.0,1014.4,597.0,0.0,0.0,100.0
2025-06-14 13:00:00,1.9,2.3,,1.5,,78.0,1.3,2.7,253.0,227.0,1014.2,554.0,0.0,,100.0
2025-06-14 14:00:00,1.7,2.2,,1.3,,79.0,1.1,2.5,247.0,228.0,1014.2,485.0,0.0,,100.0
2025-06-14 15:00:00,1.9,3.2,,0.8,,79.0,1.2,2.2,245.0,233.0,1013.9,561.0,0.0,,100.0
2025-06-14 16:00:00,2.5,3.8,,1.7,,77.0,1.1,3.2,145.0,207.0,1013.7,392.0,0.0,,100.0
2025-06-14 17:00:00,1.6,2.6,,0.8,,82.0,1.4,3.5,207.0,211.0,1013.4,405.0,0.0,,100.0
2025-06-14 18:00:00,2.0,2.9,3.8,1.4,-1.0,80.0,1.1,2.4,326.0,220.0,1013.4,394.0,0.0,0.0,100.0
2025-06-14 19:00:00,2.9,4.0,,2.1,,,1.1,2.2,184.0,200.0,1013.1,351.0,,,100.0
2025-06-14 20:00:00,2.1,3.2,,1.6,,79.0,1.3,2.8,222.0,226.0,1013.4,374.0,0.0,,
2025-06-14 21:00:00,1.6,2.4,,1.0,,81.0,2.5,5.2,86.0,99.0,1013.4,255.0,0.0,,
2025-06-14 22:00:00,0.6,1.4,,-0.5,,86.0,2.4,5.7,170.0,114.0,1013.4,143.0,0.0,,10.0
2025-06-14 23:00:00,-0.6,-0.3,,-1.0,,94.0,0.8,1.9,265.0,239.0,1013.2,60.0,0.0,,90.0
2025-06-15 00:00:00,-0.9,-0.8,4.0,-1.2,-1.2,97.0,0.7,1.9,181.0,198.0,1012.9,35.0,0.0,0.0,100.0
2025-06-15 01:00:00,-1.2,-1.0,,-1.3,,97.0,0.8,1.9,222.0,243.0,1012.7,22.0,0.0,,100.0
2025-06-15 02:00:00,-1.4,-1.3,,-1.6,,98.0,1.0,2.0,75.0,175.0,1012.7,18.0,0.0,,100.0
2025-06-15 03:00:00,-1.5,-1.3,,-1.6,,97.0,1.0,2.6,299.0,294.0,1012.3,22.0,0.0,,100.0
2025-06-15 04:00:00,-1.7,-1.6,,-1.9,,98.0,1.0,2.6,252.0,297.0,1011.9,36.0,0.0,,100.0
2025-06-15 05:00:00,-2.1,-1.8,,-2.4,,98.0,1.3,3.2,314.0,281.0,1012.0,53.0,0.0,,100.0
2025-06-15 06:00:00,-2.1,-1.9,4.0,-2.4,-2.4,98.0,0.9,2.4,268.0,258.0,1012.1,100.0,0.0,0.0,100.0
2025-06-15 07:00:00,-2.3,-2.1,,-2.5,,98.0,0.9,2.1,285.0,239.0,1012.2,151.0,0.0,,100.0
2025-06-15 08:00:00,-2.3,-2.0,,-2.6,,97.0,0.8,1.7,273.0,270.0,1012.5,247.0,0.0,,100.0
2025-06-15 09:00:00,-1.5,-0.9,,-2.6,,95.0,0.7,1.9,184.0,239.0,1012.7,392.0,0.0,,
2025-06-15 10:00:00,-0.9,-0.4,,-1.3,,91.0,1.0,2.2,253.0,227.0,1012.9,495.0,0.0,,
2025-06-15 11:00:00,0.1,1.1,,-1.0,,86.0,1.2,3.2,200.0,175.0,1013.0,582.0,0.0,,
2025-06-15 12:00:00,1.3,2.6,2.6,0.1,-2.6,81.0,1.2,2.8,167.0,170.0,1013.1,561.0,0.0,0.0,40.0
2025-06-15 13:00:00,0.4,1.0,,-0.4,,85.0,1.1,2.4,241.0,238.0,1013.2,541.0,0.0,,60.0
2025-06-15 14:00:00,0.7,1.3,,0.3,,84.0,1.6,2.8,229.0,238.0,1013.2,636.0,0.0,,50.0
2025-06-15 15:00:00,1.6,3.3,,1.0,,80.0,1.9,4.4,319.0,279.0,1013.0,596.0,0.0,,90.0
2025-06-15 16:00:00,1.1,1.6,,0.5,,82.0,2.4,4.4,215.0,266.0,1012.9,515.0,0.0,,100.0
2025-06-15 17:00:00,0.8,1.0,,0.4,,84.0,1.4,2.5,218.0,212.0,1013.1,386.0,0.0,,100.0
2025-06-15 18:00:00,0.8,1.4,3.3,0.4,-2.6,84.0,2.1,4.6,291.0,281.0,1013.0,407.0,0.0,0.0,100.0
2025-06-15 19:00:00,,,,,,,,,,,1013.3,310.0,,,100.0
2025-06-15 20:00:00,0.6,0.9,,0.3,,85.0,2.2,3.9,287.0,290.0,1013.3,244.0,0.0,,100.0
2025-06-15 21:00:00,0.3,0.6,,-0.1,,88.0,2.0,3.7,296.0,274.0,1013.1,144.0,0.0,,100.0
2025-06-15 22:00:00,-0.2,0.2,,-0.5,,90.0,2.5,3.8,281.0,293.0,1013.0,109.0,0.0,,100.0
2025-06-15 23:00:00,-0.7,-0.5,,-0.9,,93.0,1.9,3.1,269.0,286.0,1013.2,59.0,0.0,,100.0
2025-06-16 00:00:00,-1.1,-0.9,3.3,-1.3,-1.3,96.0,1.0,2.2,294.0,274.0,1012.8,44.0,0.0,0.0,100.0
2025-06-16 01:00:00,-1.0,-0.8,,-1.3,,95.0,0.8,2.4,295.0,289.0,1012.8,30.0,0.0,,75.0
2025-06-16 02:00:00,-1.5,-1.2,,-2.1,,96.0,1.4,2.6,256.0,278.0,1012.4,23.0,0.0,,100.0
2025-06-16 03:00:00,-2.2,-1.8,,-2.4,,98.0,1.1,2.0,29.0,299.0,1012.3,27.0,0.0,,100.0
2025-06-16 04:00:00,-2.0,-1.8,,-2.1,,98.0,1.3,2.4,288.0,301.0,1012.0,26.0,0.0,,100.0
2025-06-16 05:00:00,-2.3,-2.0,,-2.5,,98.0,0.9,1.7,239.0,264.0,1011.5,47.0,0.0,,100.0
2025-06-16 06:00:00,-2.5,-2.3,0.9,-2.8,-2.7,98.0,0.9,1.9,161.0,182.0,1011.6,68.0,0.0,0.0,100.0
2025-06-16 07:00:00,-2.5,-1.8,,-2.9,,98.0,0.6,1.8,202.0,189.0,1011.6,150.0,0.0,,100.0
2025-06-16 08:00:00,-2.5,-2.3,,-2.8,,97.0,0.7,1.8,254.0,218.0,1011.3,247.0,0.0,,100.0
2025-06-16 09:00:00,-2.7,-2.4,,-3.0,,97.0,0.9,2.3,167.0,189.0,1011.2,245.0,0.0,,50.0
2025-06-16 10:00:00,-1.9,-0.2,,-2.8,,94.0,0.7,2.0,237.0,231.0,1011.1,502.0,0.0,,100.0
2025-06-16 11:00:00,-1.4,-0.5,,-1.9,,91.0,1.1,2.9,212.0,195.0,1010.8,408.0,0.0,,100.0
2025-06-16 12:00:00,-1.3,1.5,1.5,-1.9,-3.0,91.0,1.5,6.4,52.0,225.0,1010.4,469.0,0.0,0.0,100.0
2025-06-16 13:00:00,1.3,4.9,,-0.9,,81.0,2.9,10.3,54.0,52.0,1010.7,354.0,0.0,,100.0
2025-06-16 14:00:00,3.8,5.7,,-0.1,,68.0,6.9,14.5,25.0,47.0,1010.2,271.0,0.0,,100.0
2025-06-16 15:00:00,4.4,5.4,,3.4,,69.0,10.1,14.2,23.0,31.0,1009.6,232.0,0.0,,100.0
2025-06-16 16:00:00,4.4,5.1,,3.6,,79.0,10.8,16.3,22.0,27.0,1009.7,153.0,0.5,,100.0
2025-06-16 17:00:00,4.8,5.1,,4.3,,83.0,10.0,16.0,23.0,23.0,1010.0,104.0,0.0,,100.0
2025-06-16 18:00:00,4.9,5.2,5.7,4.3,-3.0,84.0,8.3,13.7,25.0,24.0,1010.0,89.0,0.3,0.7,100.0
2025-06-16 19:00:00,,,,,,,,,,,1010.3,86.0,,,100.0
2025-06-16 20:00:00,4.7,5.2,,3.7,,86.0,8.8,14.7,25.0,23.0,1010.6,71.0,0.3,,100.0
2025-06-16 21:00:00,4.6,5.3,,3.6,,86.0,7.1,10.7,29.0,25.0,1010.3,43.0,1.4,,100.0
2025-06-16 22:00:00,5.0,6.3,,4.2,,83.0,5.4,9.6,41.0,1.0,1010.4,31.0,0.8,,100.0
2025-06-16 23:00:00,4.7,5.3,,4.2,,84.0,7.4,10.8,22.0,23.0,1010.4,21.0,0.3,,100.0
2025-06-17 00:00:00,4.1,4.8,6.3,3.5,-0.9,86.0,6.0,9.1,19.0,24.0,1010.7,9.0,2.2,6.1,100.0
2025-06-17 01:00:00,4.0,4.5,,3.6,,85.0,3.9,7.3,31.0,33.0,1010.5,7.0,0.4,,100.0
2025-06-17 02:00:00,3.3,4.3,,1.2,,88.0,4.3,8.6,279.0,17.0,1010.5,4.0,0.2,,100.0
2025-06-17 03:00:00,2.0,2.8,,1.2,,98.0,1.5,2.9,304.0,254.0,1010.3,8.0,0.3,,100.0
2025-06-17 04:00:00,2.9,4.2,,1.9,,94.0,1.8,5.5,22.0,30.0,1010.0,18.0,0.3,,100.0
2025-06-17 05:00:00,3.7,4.3,,2.8,,87.0,1.5,3.8,27.0,332.0,1010.2,38.0,0.2,,100.0
2025-06-17 06:00:00,3.8,4.3,6.3,3.1,1.2,84.0,3.2,7.2,29.0,24.0,1010.1,53.0,0.0,7.5,100.0
2025-06-17 07:00:00,3.7,4.3,,2.7,,86.0,3.2,8.1,24.0,15.0,1010.2,61.0,0.1,,100.0
2025-06-17 08:00:00,4.3,4.5,,3.6,,83.0,5.6,8.5,39.0,27.0,1010.3,81.0,0.0,,100.0
2025-06-17 09:00:00,4.4,5.0,,4.0,,84.0,5.5,8.7,31.0,34.0,1010.4,117.0,0.0,,100.0
2025-06-17 10:00:00,4.0,4.4,,3.6,,87.0,5.7,9.0,58.0,52.0,1010.4,115.0,0.0,,100.0
2025-06-17 11:00:00,4.1,4.6,,3.8,,84.0,3.9,6.9,58.0,45.0,1010.4,93.0,0.0,,100.0
2025-06-17 12:00:00,4.4,4.7,5.0,3.9,1.2,82.0,4.9,7.7,61.0,52.0,1010.6,124.0,0.0,7.6,100.0
2025-06-17 13:00:00,4.4,4.6,,4.2,,81.0,5.4,7.6,59.0,60.0,1010.6,157.0,0.0,,100.0
2025-06-17 14:00:00,4.7,4.9,,4.4,,78.0,4.9,7.0,46.0,53.0,1010.4,219.0,0.0,,100.0
2025-06-17 15:00:00,4.9,5.1,,4.6,,75.0,5.5,8.3,44.0,49.0,1010.3,315.0,0.0,,100.0
2025-06-17 16:00:00,4.9,5.2,,4.6,,76.0,5.8,8.5,20.0,34.0,1010.2,325.0,0.0,,100.0
2025-06-17 17:00:00,4.8,5.1,,4.5,,76.0,5.8,9.6,23.0,24.0,1009.9,290.0,0.0,,100.0
2025-06-17 18:00:00,4.7,4.9,5.2,4.4,2.7,76.0,5.8,8.7,26.0,26.0,1009.7,286.0,0.0,6.8,100.0
2025-06-17 19:00:00,4.8,4.9,,4.6,,75.0,5.1,7.6,25.0,25.0,1009.4,194.0,0.0,,100.0
2025-06-17 20:00:00,4.0,4.9,,2.9,,80.0,2.3,6.7,268.0,7.0,1009.4,128.0,0.0,,100.0
2025-06-17 21:00:00,3.2,3.7,,2.6,,85.0,0.9,2.9,294.0,327.0,1009.2,86.0,0.0,,100.0
2025-06-17 22:00:00,2.6,3.5,,1.9,,88.0,1.1,3.2,11.0,300.0,1009.3,81.0,0.0,,100.0
2025-06-17 23:00:00,3.2,4.1,,2.0,,82.0,2.2,6.1,22.0,23.0,1009.1,47.0,0.0,,100.0
2025-06-18 00:00:00,3.9,4.4,5.2,2.7,1.9,77.0,4.7,7.5,32.0,44.0,1009.0,37.0,0.0,1.5,100.0
2025-06-18 01:00:00,3.9,4.3,,3.4,,77.0,3.9,6.8,59.0,53.0,1009.0,24.0,0.0,,100.0
2025-06-18 02:00:00,3.4,3.5,,3.0,,80.0,1.3,5.5,80.0,124.0,1008.9,18.0,0.0,,100.0
2025-06-18 03:00:00,3.4,4.1,,2.0,,78.0,3.9,7.8,26.0,37.0,1008.7,18.0,0.0,,100.0
2025-06-18 04:00:00,3.2,3.8,,2.2,,80.0,3.1,7.6,73.0,29.0,1008.7,44.0,0.0,,100.0
2025-06-18 05:00:00,3.3,3.9,,2.7,,79.0,0.8,2.2,73.0,92.0,1008.9,65.0,0.0,,100.0
2025-06-18 06:00:00,3.0,3.8,4.9,2.5,1.9,81.0,0.8,2.2,192.0,202.0,1009.0,96.0,0.0,0.1,100.0
2025-06-18 07:00:00,3.6,4.3,,3.1,,78.0,0.8,4.4,232.0,74.0,1009.3,144.0,0.0,,100.0
2025-06-18 08:00:00,3.8,4.1,,3.4,,79.0,2.4,5.9,34.0,38.0,1009.8,180.0,0.0,,100.0
2025-06-18 09:00:00,3.8,4.2,,3.3,,80.0,1.3,5.1,158.0,128.0,1010.2,270.0,0.0,,100.0
2025-06-18 10:00:00,3.8,4.0,,3.6,,80.0,1.8,3.4,301.0,305.0,1010.8,441.0,0.0,,100.0
2025-06-18 11:00:00,3.1,3.8,,2.4,,83.0,1.8,3.2,299.0,287.0,1011.3,318.0,0.0,,100.0
2025-06-18 12:00:00,3.4,3.7,4.3,3.1,2.0,80.0,1.5,3.2,308.0,274.0,1011.6,383.0,0.0,0.0,100.0
2025-06-18 13:00:00,3.5,3.7,,3.2,,79.0,2.4,3.3,294.0,309.0,1011.9,392.0,0.0,,100.0
2025-06-18 14:00:00,3.4,3.6,,3.2,,78.0,2.4,3.7,300.0,298.0,1012.3,426.0,0.0,,100.0
2025-06-18 15:00:00,3.4,3.5,,3.3,,77.0,1.6,3.7,259.0,280.0,1012.7,351.0,0.0,,100.0
2025-06-18 16:00:00,3.6,3.8,,3.0,,75.0,2.2,3.7,295.0,311.0,1012.8,408.0,0.0,,100.0
2025-06-18 17:00:00,2.8,3.0,,2.6,,78.0,1.3,2.7,240.0,259.0,1013.1,375.0,0.0,,100.0
2025-06-18 18:00:00,3.0,3.3,4.3,2.6,2.4,77.0,1.3,2.9,316.0,273.0,1013.3,362.0,0.0,0.0,100.0
2025-06-18 19:00:00,,,,,,,,2.9,,,1013.6,324.0,,,100.0
2025-06-18 20:00:00,1.6,2.3,,1.0,,84.0,1.3,2.9,293.0,223.0,1013.8,345.0,0.0,,100.0
2025-06-18 21:00:00,1.5,2.5,,0.8,,86.0,1.4,3.1,139.0,168.0,1014.2,224.0,0.0,,100.0
2025-06-18 22:00:00,1.2,1.7,,0.3,,87.0,0.8,2.4,148.0,76.0,1014.6,135.0,0.0,,100.0
2025-06-18 23:00:00,-0.5,0.2,,-0.8,,95.0,1.5,2.7,179.0,169.0,1014.9,73.0,0.0,,100.0
2025-06-19 00:00:00,-0.8,-0.6,3.8,-0.9,-0.9,98.0,0.5,1.8,241.0,219.0,1015.2,41.0,0.0,0.0,100.0
2025-06-19 01:00:00,-1.3,-0.9,,-1.9,,98.0,0.7,1.5,152.0,158.0,1015.3,27.0,0.0,,100.0
2025-06-19 02:00:00,-1.6,-1.2,,-1.9,,98.0,0.3,0.9,0.0,74.0,1015.5,21.0,0.0,,10.0
2025-06-19 03:00:00,-0.5,0.0,,-1.3,,96.0,0.2,0.9,0.0,22.0,1015.2,41.0,0.0,,25.0
2025-06-19 04:00:00,-0.7,0.1,,-1.5,,91.0,0.6,1.4,359.0,24.0,1015.3,71.0,0.0,,10.0
2025-06-19 05:00:00,0.3,1.1,,-0.2,,87.0,0.5,1.2,263.0,158.0,1015.3,139.0,0.0,,100.0
2025-06-19 06:00:00,2.2,3.4,3.4,1.1,-1.9,79.0,0.3,0.9,233.0,75.0,1015.2,244.0,0.0,0.0,100.0
2025-06-19 07:00:00,0.4,2.5,,-0.2,,85.0,0.7,1.6,277.0,271.0,1015.1,310.0,0.0,,100.0
2025-06-19 08:00:00,0.7,1.6,,-0.3,,84.0,0.9,1.9,144.0,145.0,1015.1,364.0,0.0,,100.0
2025-06-19 09:00:00,0.7,1.0,,0.5,,84.0,1.3,2.3,160.0,168.0,1015.2,368.0,0.0,,100.0
2025-06-19 10:00:00,1.2,1.6,,0.9,,82.0,1.3,2.6,240.0,194.0,1015.4,542.0,0.0,,
2025-06-19 11:00:00,2.0,3.2,,1.3,,79.0,0.7,2.0,251.0,209.0,1015.4,580.0,0.0,,10.0
2025-06-19 12:00:00,2.4,3.4,3.4,1.9,-1.9,78.0,0.9,1.9,214.0,236.0,1015.2,670.0,0.0,0.0,
2025-06-19 13:00:00,2.9,4.0,,2.2,,76.0,0.9,2.1,229.0,214.0,1015.3,708.0,0.0,,
2025-06-19 14:00:00,3.8,4.6,,2.7,,73.0,0.7,1.6,241.0,241.0,1015.2,718.0,0.0,,
2025-06-19 15:00:00,4.4,5.4,,3.9,,71.0,1.1,2.4,204.0,213.0,1014.9,699.0,0.0,,
2025-06-19 16:00:00,4.4,5.3,,4.0,,71.0,1.2,2.4,76.0,206.0,1014.5,667.0,0.0,,
2025-06-19 17:00:00,4.8,5.6,,3.7,,70.0,1.3,3.6,135.0,192.0,1014.6,558.0,0.0,,
2025-06-19 18:00:00,4.3,6.6,6.6,2.1,-0.3,73.0,2.0,4.3,209.0,169.0,1014.8,541.0,0.0,0.0,
2025-06-19 19:00:00,4.1,5.3,,2.7,,74.0,1.8,5.2,256.0,111.0,1015.0,445.0,0.0,,
2025-06-19 20:00:00,3.4,4.1,,2.8,,78.0,2.9,8.1,95.0,101.0,1015.3,331.0,0.0,,60.0
2025-06-19 21:00:00,3.1,3.5,,2.6,,84.0,4.9,9.5,82.0,97.0,1015.7,141.0,0.0,,100.0
2025-06-19 22:00:00,3.8,4.0,,3.5,,78.0,2.6,6.8,130.0,112.0,1015.8,84.0,0.0,,100.0
2025-06-19 23:00:00,3.8,4.0,,3.6,,74.0,2.1,5.0,88.0,132.0,1015.9,58.0,0.0,,100.0
2025-06-20 00:00:00,4.1,4.2,6.6,3.7,2.1,72.0,1.9,4.7,97.0,88.0,1016.0,39.0,0.0,0.0,100.0
2025-06-20 01:00:00,4.1,4.3,,3.7,,73.0,0.8,2.1,233.0,96.0,1015.9,23.0,0.0,,100.0
2025-06-20 02:00:00,3.5,3.7,,3.1,,76.0,0.6,1.2,281.0,247.0,1016.3,19.0,0.0,,100.0
2025-06-20 03:00:00,3.5,3.8,,3.1,,76.0,0.2,0.8,296.0,335.0,1016.3,23.0,0.0,,100.0
2025-06-20 04:00:00,3.4,3.6,,3.3,,77.0,0.2,0.8,18.0,302.0,1016.3,32.0,0.0,,100.0
2025-06-20 05:00:00,2.9,3.4,,2.4,,80.0,0.9,3.2,32.0,30.0,1016.4,50.0,0.0,,100.0
2025-06-20 06:00:00,2.7,3.1,5.3,2.1,2.1,79.0,3.6,6.1,49.0,25.0,1016.6,84.0,0.0,0.0,100.0
2025-06-20 07:00:00,1.1,2.4,,0.4,,87.0,1.2,3.9,179.0,113.0,1017.1,117.0,0.0,,100.0
2025-06-20 08:00:00,0.8,1.9,,0.4,,89.0,1.0,2.5,182.0,166.0,1017.2,174.0,0.0,,100.0
2025-06-20 09:00:00,0.5,0.7,,0.3,,91.0,1.5,2.7,167.0,166.0,1017.4,240.0,0.0,,100.0
2025-06-20 10:00:00,0.5,1.0,,0.0,,90.0,1.3,2.5,164.0,180.0,1017.6,301.0,0.0,,100.0
2025-06-20 11:00:00,1.2,1.4,,0.8,,86.0,0.8,2.0,283.0,198.0,1017.8,335.0,0.0,,100.0
2025-06-20 12:00:00,1.6,1.9,4.3,1.3,0.0,85.0,0.5,1.9,206.0,233.0,1018.0,339.0,0.0,0.0,100.0
2025-06-20 13:00:00,1.9,2.9,,1.1,,83.0,0.7,1.6,207.0,198.0,1018.0,392.0,0.0,,10.0
2025-06-20 14:00:00,2.9,3.6,,2.1,,78.0,0.9,2.0,244.0,223.0,1018.1,752.0,0.0,,
2025-06-20 15:00:00,3.9,4.6,,3.2,,75.0,1.1,2.7,238.0,249.0,1017.8,710.0,0.0,,
2025-06-20 16:00:00,4.1,4.7,,3.5,,75.0,1.8,2.6,249.0,240.0,1017.7,671.0,0.0,,
2025-06-20 17:00:00,3.8,4.6,,3.1,,76.0,1.4,3.2,242.0,247.0,1017.7,610.0,0.0,,
2025-06-20 18:00:00,4.4,5.0,5.0,3.7,0.0,75.0,2.4,6.7,196.0,168.0,1017.6,535.0,0.0,0.0,25.0
2025-06-20 19:00:00,3.7,4.1,,3.2,,79.0,5.0,8.8,148.0,144.0,1017.7,355.0,0.0,,90.0
2025-06-20 20:00:00,3.1,3.4,,2.7,,83.0,4.1,7.7,142.0,145.0,1017.6,231.0,0.0,,100.0
2025-06-20 21:00:00,2.4,2.8,,1.9,,86.0,4.3,7.4,150.0,146.0,1017.5,167.0,0.0,,100.0
2025-06-20 22:00:00,1.6,2.2,,1.0,,89.0,4.3,6.6,145.0,146.0,1017.8,93.0,0.0,,100.0
2025-06-20 23:00:00,0.8,1.1,,0.4,,93.0,2.8,6.3,135.0,139.0,1017.9,56.0,0.0,,100.0
2025-06-21 00:00:00,0.1,0.4,5.0,-0.1,-0.1,96.0,2.8,6.9,129.0,136.0,1017.7,34.0,0.0,0.0,100.0
2025-06-21 01:00:00,0.2,0.4,,0.0,,94.0,2.7,4.9,87.0,73.0,1017.5,32.0,0.0,,90.0
2025-06-21 02:00:00,0.1,0.3,,-0.2,,92.0,2.4,4.7,148.0,106.0,1017.3,36.0,0.0,,100.0
2025-06-21 03:00:00,-0.3,-0.2,,-0.5,,96.0,2.8,5.6,146.0,149.0,1017.2,27.0,0.0,,100.0
2025-06-21 04:00:00,-0.3,-0.2,,-0.4,,94.0,2.8,4.7,137.0,143.0,1016.9,35.0,0.0,,100.0
2025-06-21 05:00:00,-0.4,-0.3,,-0.5,,95.0,2.6,4.0,156.0,152.0,1016.8,50.0,0.0,,100.0
2025-06-21 06:00:00,-0.6,-0.5,4.1,-0.7,-0.7,95.0,2.5,4.3,149.0,150.0,1016.8,83.0,0.0,0.0,100.0
2025-06-21 07:00:00,-0.3,0.2,,-0.7,,92.0,2.2,5.8,92.0,119.0,1016.7,173.0,0.0,,100.0
2025-06-21 08:00:00,0.1,0.6,,-0.2,,90.0,1.3,3.3,138.0,136.0,1016.7,249.0,0.0,,100.0
2025-06-21 09:00:00,-0.5,0.4,,-1.0,,95.0,1.9,2.9,235.0,229.0,1016.8,280.0,0.0,,100.0
2025-06-21 10:00:00,-0.8,-0.6,,-1.0,,96.0,1.5,2.4,242.0,241.0,1016.7,327.0,0.0,,100.0
2025-06-21 11:00:00,-0.9,-0.7,,-1.0,,96.0,1.3,2.6,242.0,248.0,1016.6,428.0,0.0,,100.0
2025-06-21 12:00:00,-0.7,-0.4,0.6,-0.9,-1.0,95.0,1.4,2.3,206.0,235.0,1016.6,541.0,0.0,0.0,100.0
2025-06-21 13:00:00,-0.6,-0.3,,-0.9,,93.0,1.4,2.5,204.0,211.0,1016.8,620.0,0.0,,100.0
2025-06-21 14:00:00,0.0,0.9,,-0.6,,88.0,1.1,2.2,213.0,213.0,1016.5,699.0,0.0,,
2025-06-21 15:00:00,1.0,2.1,,0.1,,83.0,1.0,2.0,227.0,190.0,1016.1,686.0,0.0,,
2025-06-21 16:00:00,1.2,2.2,,0.2,,83.0,1.4,2.9,233.0,248.0,1016.2,651.0,0.0,,
2025-06-21 17:00:00,3.2,4.5,,2.5,,74.0,1.3,2.7,173.0,173.0,1015.7,593.0,0.0,,
2025-06-21 18:00:00,3.7,4.6,4.6,2.9,-1.0,73.0,0.9,2.1,182.0,186.0,1015.5,516.0,0.0,0.0,
2025-06-21 19:00:00,,,,,,,,,,,1015.5,386.0,,,
2025-06-21 20:00:00,3.6,4.9,,2.7,,76.0,0.9,2.4,171.0,246.0,1015.6,339.0,0.0,,
2025-06-21 21:00:00,3.7,4.9,,3.1,,76.0,0.9,2.6,292.0,219.0,1015.6,252.0,0.0,,
2025-06-21 22:00:00,2.4,3.8,,1.3,,84.0,1.5,3.6,39.0,191.0,1015.5,173.0,0.0,,
2025-06-21 23:00:00,2.7,3.1,,2.2,,83.0,0.8,4.4,192.0,189.0,1015.6,109.0,0.0,,
2025-06-22 00:00:00,1.1,2.0,4.9,-0.2,-0.9,91.0,2.7,5.5,64.0,91.0,1015.7,35.0,0.0,0.0,
2025-06-22 01:00:00,1.4,1.9,,0.3,,89.0,1.6,3.4,146.0,100.0,1015.5,24.0,0.0,,
2025-06-22 02:00:00,1.4,1.9,,0.5,,90.0,1.3,3.8,58.0,81.0,1015.4,21.0,0.0,,
2025-06-22 03:00:00,1.7,1.9,,1.2,,89.0,1.8,4.5,154.0,90.0,1015.2,33.0,0.0,,60.0
2025-06-22 04:00:00,1.2,1.5,,0.9,,93.0,1.9,4.3,133.0,111.0,1015.0,55.0,0.0,,100.0
2025-06-22 05:00:00,1.3,1.4,,1.1,,95.0,2.2,4.0,107.0,92.0,1014.8,72.0,0.0,,100.0
2025-06-22 06:00:00,1.5,1.9,4.9,1.3,-0.2,91.0,1.1,3.0,167.0,75.0,1014.6,124.0,0.0,0.0,100.0
2025-06-22 07:00:00,1.1,1.6,,0.9,,93.0,1.1,2.5,266.0,181.0,1014.9,146.0,0.0,,100.0
2025-06-22 08:00:00,0.9,1.3,,0.6,,96.0,2.0,3.8,354.0,329.0,1014.8,213.0,0.0,,100.0
2025-06-22 09:00:00,1.9,2.4,,1.4,,90.0,1.2,2.6,218.0,299.0,1014.7,441.0,0.0,,
2025-06-22 10:00:00,2.5,3.3,,2.0,,86.0,0.8,1.8,210.0,211.0,1014.7,519.0,0.0,,10.0
2025-06-22 11:00:00,3.2,4.1,,2.8,,83.0,0.9,2.1,189.0,222.0,1014.5,561.0,0.0,,100.0
2025-06-22 12:00:00,3.4,4.2,4.2,3.0,0.3,83.0,1.4,2.6,172.0,199.0,1014.3,593.0,0.0,0.0,100.0
2025-06-22 13:00:00,3.6,4.1,,3.3,,84.0,1.4,2.9,254.0,211.0,1013.8,570.0,0.0,,100.0
2025-06-22 14:00:00,4.2,4.5,,3.9,,81.0,1.2,2.2,248.0,249.0,1013.4,713.0,0.0,,
2025-06-22 15:00:00,4.5,4.9,,4.1,,78.0,1.3,2.3,243.0,244.0,1012.9,687.0,0.0,,
2025-06-22 16:00:00,4.9,5.8,,4.3,,78.0,2.3,5.0,148.0,174.0,1012.6,652.0,0.0,,25.0
2025-06-22 17:00:00,5.6,6.0,,5.1,,79.0,3.2,5.3,152.0,150.0,1012.2,526.0,0.0,,100.0
2025-06-22 18:00:00,5.6,5.8,6.0,5.3,0.6,81.0,3.4,5.2,153.0,151.0,1012.0,290.0,0.0,0.0,100.0
2025-06-22 19:00:00,5.6,5.8,,5.5,,82.0,3.0,5.2,152.0,146.0,1011.7,210.0,0.0,,100.0
2025-06-22 20:00:00,5.5,5.7,,5.3,,83.0,3.7,5.7,143.0,142.0,1011.5,132.0,0.0,,100.0
2025-06-22 21:00:00,5.6,5.7,,5.4,,83.0,2.7,5.9,147.0,145.0,1011.3,91.0,0.0,,100.0
2025-06-22 22:00:00,5.9,6.2,,5.7,,81.0,1.4,4.6,71.0,139.0,1011.0,65.0,0.0,,100.0
2025-06-22 23:00:00,6.3,6.5,,6.0,,79.0,0.9,5.4,138.0,140.0,1010.7,46.0,0.0,,100.0
2025-06-23 00:00:00,6.0,6.4,6.5,5.2,3.3,80.0,2.1,4.8,122.0,137.0,1010.5,25.0,0.0,0.0,100.0
2025-06-23 01:00:00,6.1,6.3,,5.6,,80.0,2.0,3.8,132.0,135.0,1010.3,16.0,0.0,,100.0
2025-06-23 02:00:00,6.2,6.3,,6.2,,80.0,1.8,4.0,71.0,118.0,1009.8,14.0,0.0,,100.0
2025-06-23 03:00:00,6.3,6.4,,5.8,,79.0,2.0,3.7,77.0,75.0,1009.3,19.0,0.0,,100.0
2025-06-23 04:00:00,6.5,6.7,,6.3,,79.0,1.7,3.8,78.0,97.0,1009.0,26.0,0.0,,100.0
2025-06-23 05:00:00,6.6,6.7,,6.3,,80.0,1.6,3.0,86.0,110.0,1008.8,42.0,0.0,,100.0
2025-06-23 06:00:00,6.5,6.8,6.8,5.9,5.2,80.0,1.8,4.4,117.0,110.0,1009.1,61.0,0.0,0.0,100.0
2025-06-23 07:00:00,6.5,6.7,,6.1,,80.0,2.0,3.6,142.0,139.0,1009.3,85.0,0.0,,100.0
2025-06-23 08:00:00,6.5,6.7,,6.2,,82.0,1.5,2.9,148.0,143.0,1009.4,139.0,0.0,,100.0
2025-06-23 09:00:00,6.5,6.7,,6.3,,82.0,1.4,3.2,150.0,143.0,1009.7,179.0,0.0,,100.0
2025-06-23 10:00:00,6.5,6.8,,6.3,,79.0,1.9,3.9,146.0,147.0,1009.9,225.0,0.0,,100.0
2025-06-23 11:00:00,6.4,6.7,,6.2,,78.0,2.0,3.7,152.0,149.0,1010.0,286.0,0.0,,100.0
2025-06-23 12:00:00,6.4,6.9,6.9,6.2,5.6,75.0,2.5,4.1,147.0,149.0,1010.0,319.0,0.0,0.0,100.0
2025-06-23 13:00:00,6.6,7.1,,6.2,,73.0,2.9,4.5,148.0,148.0,1010.0,410.0,0.0,,100.0
2025-06-23 14:00:00,6.8,7.2,,6.4,,74.0,4.1,6.6,116.0,130.0,1010.1,461.0,0.0,,100.0
2025-06-23 15:00:00,6.2,6.4,,5.9,,75.0,4.1,6.6,103.0,118.0,1010.3,379.0,0.0,,100.0
2025-06-23 16:00:00,6.1,6.3,,5.9,,76.0,4.1,7.1,119.0,108.0,1010.4,410.0,0.0,,100.0
2025-06-23 17:00:00,5.9,6.2,,5.7,,76.0,4.2,8.3,91.0,96.0,1010.6,352.0,0.0,,100.0
2025-06-23 18:00:00,5.9,6.1,7.2,5.6,5.6,76.0,4.3,6.9,121.0,133.0,1010.8,252.0,0.0,0.0,100.0
2025-06-23 19:00:00,5.7,6.0,,5.5,,,4.5,7.5,145.0,135.0,1011.1,202.0,,,100.0
2025-06-23 20:00:00,5.6,5.7,,5.3,,80.0,4.4,7.2,152.0,139.0,1011.4,130.0,0.0,,100.0
2025-06-23 21:00:00,5.6,5.7,,5.5,,79.0,3.9,7.6,139.0,143.0,1011.6,82.0,0.0,,100.0
2025-06-23 22:00:00,5.6,5.7,,5.5,,77.0,4.0,7.6,100.0,102.0,1011.7,73.0,0.0,,100.0
2025-06-23 23:00:00,5.6,5.7,,5.5,,77.0,4.5,6.4,86.0,89.0,1012.1,59.0,0.0,,100.0
2025-06-24 00:00:00,5.6,5.7,7.2,5.4,5.3,77.0,3.1,5.1,68.0,69.0,1012.2,31.0,0.0,0.0,100.0
2025-06-24 01:00:00,3.9,5.6,,3.4,,87.0,1.5,4.3,280.0,280.0,1012.4,30.0,0.0,,50.0
2025-06-24 02:00:00,3.4,3.9,,2.0,,89.0,1.1,2.5,206.0,281.0,1012.6,31.0,0.0,,100.0
2025-06-24 03:00:00,2.7,3.0,,2.0,,91.0,1.0,3.3,198.0,128.0,1012.7,26.0,0.0,,100.0
2025-06-24 04:00:00,2.5,3.0,,2.1,,91.0,0.8,3.0,110.0,143.0,1012.9,35.0,0.0,,100.0
2025-06-24 05:00:00,1.9,2.3,,1.6,,92.0,1.6,4.4,182.0,149.0,1013.2,41.0,0.0,,100.0
2025-06-24 06:00:00,1.6,1.6,6.0,1.4,1.4,95.0,1.6,3.0,358.0,341.0,1013.2,64.0,0.0,0.0,100.0
2025-06-24 07:00:00,,,,,,,,3.3,,,1013.5,106.0,,,100.0
2025-06-24 08:00:00,1.9,2.2,,1.5,,91.0,0.9,2.0,245.0,245.0,1013.9,153.0,0.0,,100.0
2025-06-24 09:00:00,1.8,2.3,,1.5,,92.0,1.3,2.1,270.0,262.0,1013.9,208.0,0.0,,100.0
2025-06-24 10:00:00,2.2,2.8,,1.6,,89.0,0.8,1.7,238.0,229.0,1013.9,284.0,0.0,,100.0
2025-06-24 11:00:00,2.4,2.8,,2.1,,88.0,1.3,2.5,279.0,250.0,1013.7,334.0,0.0,,100.0
2025-06-24 12:00:00,2.8,3.1,5.6,2.6,1.4,85.0,1.8,3.1,296.0,279.0,1013.6,449.0,0.0,0.0,100.0
2025-06-24 13:00:00,3.7,4.4,,3.1,,79.0,1.6,3.8,211.0,263.0,1013.4,569.0,0.1,,100.0
2025-06-24 14:00:00,4.1,4.6,,3.7,,76.0,2.8,6.2,151.0,155.0,1013.0,680.0,0.0,,100.0
2025-06-24 15:00:00,4.3,4.8,,4.0,,73.0,5.0,7.1,151.0,148.0,1012.9,699.0,0.0,,60.0
2025-06-24 16:00:00,3.9,4.3,,3.7,,75.0,4.5,6.8,148.0,149.0,1012.5,660.0,0.0,,
2025-06-24 17:00:00,3.5,4.0,,3.1,,76.0,5.3,7.5,154.0,153.0,1012.5,560.0,0.0,,75.0
2025-06-24 18:00:00,3.1,3.3,4.8,2.9,1.5,77.0,4.8,6.7,152.0,153.0,1012.2,453.0,0.0,0.0,90.0
2025-06-24 19:00:00,,,,,,,4.8,6.5,151.0,152.0,1012.1,450.0,,,100.0
2025-06-24 20:00:00,2.3,2.6,,2.0,,83.0,4.5,6.8,155.0,154.0,1012.1,204.0,0.0,,100.0
2025-06-24 21:00:00,1.8,2.0,,1.6,,85.0,3.5,5.7,152.0,147.0,1011.8,131.0,0.0,,100.0
2025-06-24 22:00:00,1.3,1.6,,0.9,,88.0,3.0,5.4,138.0,145.0,1011.5,76.0,0.0,,100.0
2025-06-24 23:00:00,0.7,0.9,,0.5,,93.0,3.1,4.9,152.0,150.0,1011.2,39.0,0.0,,100.0
2025-06-25 00:00:00,0.4,0.6,4.8,0.2,0.2,95.0,2.9,5.4,136.0,148.0,1011.1,25.0,0.0,0.0,100.0
2025-06-25 01:00:00,0.1,0.3,,0.0,,96.0,2.7,6.6,127.0,143.0,1010.8,16.0,0.0,,100.0
2025-06-25 02:00:00,0.1,0.2,,0.0,,96.0,2.3,4.7,73.0,85.0,1010.3,17.0,0.0,,100.0
2025-06-25 03:00:00,0.1,0.2,,0.0,,97.0,2.3,6.4,79.0,83.0,1009.8,20.0,0.0,,100.0
2025-06-25 04:00:00,0.0,0.2,,-0.3,,96.0,2.5,5.5,133.0,101.0,1009.6,34.0,0.0,,100.0
2025-06-25 05:00:00,-0.1,0.1,,-0.3,,95.0,1.9,5.0,85.0,93.0,1009.5,78.0,0.0,,100.0
2025-06-25 06:00:00,0.0,0.3,3.5,-0.2,-0.3,92.0,1.9,4.3,101.0,125.0,1009.5,120.0,0.0,0.0,60.0
2025-06-25 07:00:00,0.9,1.4,,0.1,,85.0,2.7,4.7,120.0,103.0,1009.5,252.0,0.0,,
2025-06-25 08:00:00,1.4,1.9,,1.2,,81.0,1.9,4.2,120.0,113.0,1009.7,339.0,0.0,,40.0
2025-06-25 09:00:00,1.8,2.4,,1.3,,80.0,1.6,3.8,113.0,122.0,1009.7,431.0,0.0,,
2025-06-25 10:00:00,2.0,2.6,,1.2,,79.0,2.4,5.1,132.0,140.0,1009.7,531.0,0.0,,
2025-06-25 11:00:00,2.7,3.0,,2.3,,75.0,3.1,5.4,150.0,147.0,1009.8,606.0,0.0,,
2025-06-25 12:00:00,2.2,2.9,3.0,1.8,-0.3,81.0,3.1,5.6,222.0,180.0,1009.8,675.0,0.0,0.0,100.0
2025-06-25 13:00:00,1.6,1.9,,1.2,,87.0,2.1,3.1,256.0,231.0,1009.7,578.0,0.0,,100.0
2025-06-25 14:00:00,1.9,2.7,,1.1,,85.0,2.1,4.2,186.0,207.0,1009.6,506.0,0.0,,100.0
2025-06-25 15:00:00,2.6,3.0,,2.1,,80.0,2.3,4.1,196.0,188.0,1009.2,612.0,0.0,,75.0
2025-06-25 16:00:00,2.8,3.3,,2.6,,77.0,,,,,,,0.0,,
2025-06-25 17:00:00,2.7,3.4,,2.2,,77.0,1.8,3.1,240.0,253.0,1008.5,579.0,0.0,,
2025-06-25 18:00:00,2.4,2.9,3.4,1.9,0.1,82.0,2.2,4.0,181.0,223.0,1008.1,524.0,0.0,0.0,
2025-06-25 19:00:00,,,,,,78.0,,3.6,,,,461.0,0.0,,40.0
2025-06-25 20:00:00,3.3,3.6,,2.7,,79.0,1.6,3.1,270.0,256.0,1007.1,385.0,0.0,,100.0
2025-06-25 21:00:00,2.6,3.8,,1.1,,82.0,1.0,3.5,197.0,202.0,1007.0,247.0,0.0,,100.0
2025-06-25 22:00:00,2.9,4.0,,1.8,,82.0,0.8,2.1,28.0,21.0,1006.2,121.0,0.0,,
2025-06-25 23:00:00,1.9,4.1,,0.4,,84.0,0.8,2.4,12.0,204.0,1005.7,114.0,0.0,,
2025-06-26 00:00:00,1.9,2.7,4.1,1.0,0.4,86.0,0.5,1.8,164.0,151.0,1005.0,32.0,0.0,0.0,
2025-06-26 01:00:00,0.5,1.5,,-0.1,,90.0,0.5,2.1,261.0,187.0,1004.5,24.0,0.0,,
2025-06-26 02:00:00,-0.1,0.2,,-0.3,,93.0,0.9,2.7,92.0,243.0,1004.2,22.0,0.0,,
2025-06-26 03:00:00,-0.3,0.0,,-0.5,,90.0,0.7,1.5,153.0,130.0,1003.6,36.0,0.0,,
2025-06-26 04:00:00,-1.0,0.4,,-2.6,,91.0,1.0,3.0,205.0,178.0,1003.3,64.0,0.0,,100.0
2025-06-26 05:00:00,-1.1,-0.2,,-2.5,,93.0,1.9,4.6,22.0,24.0,1002.6,109.0,0.0,,
2025-06-26 06:00:00,-0.8,0.1,4.1,-2.0,-2.6,89.0,1.1,4.4,150.0,62.0,1002.3,175.0,0.0,0.0,
2025-06-26 07:00:00,-0.4,0.8,,-1.7,,88.0,0.3,1.4,176.0,178.0,1001.9,265.0,0.0,,
2025-06-26 08:00:00,-0.6,0.6,,-0.9,,91.0,1.0,1.8,269.0,262.0,1001.8,240.0,0.0,,10.0
2025-06-26 09:00:00,0.1,1.1,,-0.8,,87.0,1.6,3.4,352.0,324.0,1001.9,335.0,0.0,,25.0
2025-06-26 10:00:00,0.7,1.4,,0.2,,86.0,1.3,2.3,245.0,163.0,1001.7,325.0,0.0,,60.0
2025-06-26 11:00:00,1.8,2.7,,0.9,,83.0,0.8,2.3,158.0,219.0,1001.6,416.0,0.0,,100.0
2025-06-26 12:00:00,3.4,4.4,4.4,1.5,-2.6,77.0,0.9,2.2,222.0,205.0,1001.5,631.0,0.0,0.0,90.0
2025-06-26 13:00:00,3.6,4.2,,3.0,,76.0,1.0,2.8,261.0,260.0,1001.5,435.0,0.0,,100.0
2025-06-26 14:00:00,5.1,7.1,,2.9,,70.0,3.0,7.6,48.0,56.0,1001.0,514.0,0.0,,100.0
2025-06-26 15:00:00,5.9,6.6,,5.6,,66.0,6.6,12.3,53.0,55.0,1000.6,395.0,0.0,,100.0
2025-06-26 16:00:00,5.5,6.0,,5.1,,67.0,10.6,14.4,62.0,61.0,1000.3,236.0,0.0,,100.0
2025-06-26 17:00:00,5.2,5.5,,5.0,,69.0,7.4,15.4,353.0,15.0,1000.8,187.0,0.0,,100.0
2025-06-26 18:00:00,5.1,5.2,7.1,4.9,-1.7,70.0,6.5,13.0,23.0,23.0,1000.9,162.0,0.0,0.0,100.0
2025-06-26 19:00:00,4.7,5.0,,4.4,,71.0,6.2,15.9,48.0,24.0,1000.6,102.0,0.0,,100.0
2025-06-26 20:00:00,4.3,4.6,,4.1,,75.0,11.3,15.8,25.0,25.0,1001.4,77.0,0.0,,100.0
2025-06-26 21:00:00,3.9,4.1,,3.5,,80.0,9.9,13.8,36.0,26.0,1001.5,54.0,0.0,,100.0
2025-06-26 22:00:00,3.8,4.0,,3.6,,82.0,9.6,15.1,38.0,40.0,1001.5,32.0,0.0,,100.0
2025-06-26 23:00:00,3.7,4.0,,3.4,,82.0,9.3,15.9,30.0,29.0,1002.0,13.0,0.0,,100.0
2025-06-27 00:00:00,3.4,3.7,7.1,3.2,2.9,83.0,10.7,16.9,21.0,24.0,1001.7,10.0,0.0,0.0,100.0
2025-06-27 01:00:00,3.3,3.7,,3.2,,83.0,9.7,15.2,27.0,23.0,1002.3,5.0,0.0,,100.0
2025-06-27 02:00:00,3.8,4.2,,3.4,,80.0,7.1,16.0,8.0,24.0,1002.2,4.0,0.3,,100.0
2025-06-27 03:00:00,3.7,3.9,,3.0,,81.0,6.2,15.4,314.0,331.0,1001.9,4.0,0.4,,100.0
2025-06-27 04:00:00,4.1,4.2,,3.9,,80.0,8.7,16.5,350.0,347.0,1001.4,8.0,0.0,,100.0
2025-06-27 05:00:00,3.9,4.2,,3.7,,80.0,11.1,19.0,355.0,2.0,1001.5,17.0,0.0,,100.0
2025-06-27 06:00:00,3.8,4.0,5.0,3.4,3.0,80.0,10.2,20.3,1.0,346.0,1001.6,24.0,0.0,0.7,100.0
2025-06-27 07:00:00,4.0,4.5,,3.7,,78.0,12.2,20.1,22.0,17.0,1001.7,24.0,0.0,,100.0
2025-06-27 08:00:00,4.3,4.6,,3.8,,76.0,11.6,23.6,333.0,347.0,1001.5,41.0,0.0,,100.0
2025-06-27 09:00:00,4.1,4.3,,3.9,,79.0,10.2,19.5,342.0,338.0,1000.5,99.0,0.0,,100.0
2025-06-27 10:00:00,4.2,4.5,,4.0,,81.0,11.2,19.7,344.0,353.0,1001.1,111.0,0.0,,100.0
2025-06-27 11:00:00,4.5,4.7,,4.2,,80.0,10.8,22.1,25.0,13.0,1000.4,74.0,0.0,,100.0
2025-06-27 12:00:00,3.9,4.3,4.7,3.4,3.0,82.0,13.2,19.3,21.0,23.0,1001.4,55.0,2.0,2.7,100.0
2025-06-27 13:00:00,2.8,3.5,,2.2,,84.0,11.7,18.1,20.0,25.0,1002.4,40.0,3.6,,100.0
2025-06-27 14:00:00,1.7,2.7,,0.6,,89.0,8.3,16.3,323.0,347.0,1002.0,76.0,2.3,,100.0
2025-06-27 15:00:00,2.6,3.1,,1.4,,82.0,9.9,20.8,11.0,354.0,1002.1,157.0,0.8,,100.0
2025-06-27 16:00:00,2.8,3.0,,2.6,,82.0,11.6,20.1,25.0,18.0,1002.7,73.0,0.0,,100.0
2025-06-27 17:00:00,2.9,3.3,,2.7,,83.0,8.2,15.8,15.0,22.0,1003.7,61.0,0.0,,100.0
2025-06-27 18:00:00,2.5,3.2,4.7,1.3,0.6,88.0,5.0,9.2,22.0,6.0,1003.6,36.0,0.0,9.4,100.0
2025-06-27 19:00:00,,,,,,,,7.3,,,1004.1,26.0,,,100.0
2025-06-27 20:00:00,2.7,3.9,,1.0,,89.0,2.2,7.7,278.0,318.0,1003.7,24.0,0.1,,100.0
2025-06-27 21:00:00,3.3,4.3,,1.6,,88.0,2.6,7.7,347.0,285.0,1004.1,15.0,0.0,,100.0
2025-06-27 22:00:00,4.1,4.3,,3.7,,80.0,3.7,10.6,312.0,327.0,1004.5,9.0,0.0,,100.0
2025-06-27 23:00:00,4.0,4.2,,3.8,,81.0,4.5,12.3,322.0,334.0,1004.3,5.0,0.0,,100.0
2025-06-28 00:00:00,3.9,4.2,4.3,3.4,0.6,85.0,4.1,9.4,350.0,297.0,1004.9,3.0,0.2,9.7,100.0
2025-06-28 01:00:00,4.3,4.8,,4.0,,85.0,5.9,13.5,21.0,4.0,1004.6,2.0,0.2,,100.0
2025-06-28 02:00:00,4.2,4.6,,2.6,,86.0,8.0,15.4,337.0,12.0,1005.0,2.0,0.7,,100.0
2025-06-28 03:00:00,4.4,4.6,,4.1,,87.0,8.4,14.4,30.0,21.0,1004.7,2.0,0.0,,100.0
2025-06-28 04:00:00,4.2,4.6,,2.2,,88.0,7.6,12.1,24.0,25.0,1005.0,6.0,0.3,,100.0
2025-06-28 05:00:00,4.3,4.4,,4.1,,87.0,10.9,16.0,59.0,47.0,1004.5,14.0,0.5,,100.0
2025-06-28 06:00:00,4.2,4.6,4.8,3.9,1.0,87.0,10.5,14.9,25.0,44.0,1005.3,22.0,0.6,11.4,100.0
2025-06-28 07:00:00,3.7,4.6,,2.8,,90.0,4.3,9.4,337.0,7.0,1005.5,30.0,0.1,,100.0
2025-06-28 08:00:00,3.3,4.1,,2.4,,92.0,2.1,7.2,316.0,337.0,1005.8,45.0,0.1,,100.0
2025-06-28 09:00:00,3.3,4.6,,2.4,,91.0,2.1,5.3,354.0,339.0,1005.6,72.0,0.1,,100.0
2025-06-28 10:00:00,4.7,4.9,,4.3,,84.0,5.5,10.7,23.0,21.0,1005.5,124.0,0.0,,100.0
2025-06-28 11:00:00,4.5,4.8,,4.1,,85.0,7.2,10.9,17.0,17.0,1005.4,207.0,0.0,,100.0
2025-06-28 12:00:00,4.5,4.7,4.9,4.2,2.2,84.0,9.4,12.6,25.0,22.0,1005.4,304.0,0.0,9.7,100.0
2025-06-28 13:00:00,4.7,5.2,,4.4,,80.0,8.0,12.3,25.0,24.0,1005.5,281.0,0.0,,100.0
2025-06-28 14:00:00,5.1,5.3,,4.9,,75.0,5.9,11.5,33.0,25.0,1005.6,349.0,0.0,,100.0
2025-06-28 15:00:00,4.8,5.5,,4.3,,77.0,5.0,9.3,31.0,51.0,1005.3,250.0,0.0,,100.0
2025-06-28 16:00:00,5.2,5.7,,4.7,,75.0,4.1,9.0,24.0,37.0,1005.0,253.0,0.0,,100.0
2025-06-28 17:00:00,4.9,5.2,,4.5,,76.0,4.4,8.4,37.0,45.0,1005.2,272.0,0.0,,100.0
2025-06-28 18:00:00,4.1,5.1,5.7,2.6,2.4,80.0,1.9,4.1,239.0,301.0,1005.6,202.0,0.0,3.0,100.0
2025-06-28 19:00:00,,,,,,,,,,,1005.7,174.0,,,100.0
2025-06-28 20:00:00,3.1,3.6,,2.8,,85.0,0.7,2.2,280.0,271.0,1005.6,125.0,0.0,,100.0
2025-06-28 21:00:00,2.0,2.7,,1.7,,91.0,1.2,2.9,290.0,272.0,1005.8,68.0,0.0,,100.0
2025-06-28 22:00:00,2.2,2.3,,2.0,,91.0,0.5,1.7,129.0,234.0,1006.1,49.0,0.0,,100.0
2025-06-28 23:00:00,2.3,2.6,,1.9,,91.0,0.7,2.3,236.0,221.0,1006.1,27.0,0.0,,100.0
2025-06-29 00:00:00,2.2,2.4,5.7,1.9,1.7,91.0,0.8,1.8,197.0,275.0,1006.3,26.0,0.0,2.7,100.0
2025-06-29 01:00:00,2.2,2.3,,2.1,,92.0,0.5,1.6,136.0,237.0,1006.4,20.0,0.0,,100.0
2025-06-29 02:00:00,2.3,2.8,,1.7,,92.0,1.4,3.3,296.0,13.0,1006.3,10.0,0.2,,100.0
2025-06-29 03:00:00,2.3,2.6,,1.9,,92.0,0.8,2.0,86.0,35.0,1006.4,13.0,0.6,,100.0
2025-06-29 04:00:00,1.8,2.1,,1.5,,96.0,0.7,2.1,83.0,162.0,1006.3,25.0,0.3,,100.0
2025-06-29 05:00:00,2.0,2.5,,1.7,,97.0,0.3,1.0,60.0,116.0,1006.4,57.0,0.1,,100.0
2025-06-29 06:00:00,2.4,2.8,3.6,2.0,1.5,94.0,0.8,2.4,155.0,147.0,1006.4,74.0,0.0,1.4,100.0
2025-06-29 07:00:00,1.3,2.0,,0.6,,96.0,0.8,2.6,39.0,240.0,1006.9,59.0,0.0,,100.0
2025-06-29 08:00:00,1.6,2.3,,1.1,,96.0,0.7,3.7,311.0,320.0,1007.2,76.0,0.0,,100.0
2025-06-29 09:00:00,2.4,2.8,,2.0,,91.0,0.4,1.4,273.0,258.0,1007.2,192.0,0.0,,100.0
2025-06-29 10:00:00,2.9,3.1,,2.6,,88.0,0.7,1.6,157.0,169.0,1007.2,264.0,0.0,,100.0
2025-06-29 11:00:00,3.4,4.0,,3.1,,87.0,2.1,4.7,109.0,126.0,1007.6,326.0,0.0,,100.0
2025-06-29 12:00:00,3.0,4.1,4.1,2.0,0.6,86.0,1.4,2.9,266.0,227.0,1008.2,309.0,0.0,1.1,100.0
2025-06-29 13:00:00,2.4,3.5,,1.8,,88.0,0.9,2.6,275.0,235.0,1008.5,374.0,0.0,,100.0
2025-06-29 14:00:00,3.6,4.3,,3.2,,83.0,1.0,2.3,256.0,219.0,1008.6,427.0,0.0,,100.0
2025-06-29 15:00:00,2.5,3.7,,2.1,,90.0,1.6,4.2,236.0,258.0,1008.7,344.0,0.0,,100.0
2025-06-29 16:00:00,2.1,2.6,,1.5,,93.0,0.9,2.5,152.0,231.0,1008.8,199.0,0.5,,100.0
2025-06-29 17:00:00,2.2,2.4,,1.5,,94.0,0.9,2.4,254.0,222.0,1008.7,206.0,0.7,,100.0
2025-06-29 18:00:00,1.6,2.1,4.3,1.4,0.6,95.0,1.2,3.0,216.0,264.0,1008.9,168.0,0.2,2.5,100.0
2025-06-29 19:00:00,1.7,2.2,,1.4,,95.0,0.5,1.3,139.0,166.0,1009.0,129.0,0.5,,100.0
2025-06-29 20:00:00,2.1,2.2,,1.9,,94.0,0.8,1.4,270.0,177.0,1009.0,112.0,0.4,,100.0
2025-06-29 21:00:00,2.3,2.4,,2.1,,91.0,1.1,2.5,294.0,291.0,1009.0,83.0,0.3,,100.0
2025-06-29 22:00:00,2.0,2.2,,1.5,,93.0,,,,,,,0.3,,
2025-06-29 23:00:00,1.9,2.2,,1.4,,95.0,0.6,2.1,137.0,124.0,1008.7,32.0,0.2,,100.0
2025-06-30 00:00:00,2.5,2.8,4.3,2.2,1.4,91.0,,,,,,,0.3,4.5,
2025-06-30 01:00:00,2.4,2.8,,2.1,,90.0,1.5,3.6,24.0,33.0,1009.0,11.0,0.4,,100.0
2025-06-30 02:00:00,1.9,2.3,,1.7,,94.0,,,,,,,0.3,,
2025-06-30 03:00:00,1.9,2.0,,1.8,,95.0,0.2,0.9,305.0,249.0,1008.9,12.0,0.2,,100.0
2025-06-30 04:00:00,1.9,2.1,,1.7,,95.0,0.3,0.9,153.0,176.0,1008.7,21.0,0.1,,100.0
2025-06-30 05:00:00,1.2,1.7,,0.8,,97.0,0.6,1.6,77.0,192.0,1008.6,37.0,0.1,,100.0
2025-06-30 06:00:00,1.5,1.8,2.8,1.3,0.8,97.0,0.5,1.2,250.0,229.0,1008.6,64.0,0.0,4.3,100.0
2025-06-30 07:00:00,1.5,1.9,,1.2,,95.0,1.2,2.4,233.0,269.0,1008.6,90.0,0.0,,100.0
2025-06-30 08:00:00,1.3,1.6,,1.1,,96.0,0.3,1.1,0.0,221.0,1008.6,113.0,0.2,,100.0
2025-06-30 09:00:00,2.1,2.7,,1.4,,96.0,0.2,1.2,359.0,360.0,1008.4,124.0,0.2,,100.0
2025-06-30 10:00:00,3.0,3.1,,2.8,,90.0,0.7,1.7,208.0,218.0,1008.3,152.0,0.3,,100.0
2025-06-30 11:00:00,1.9,2.8,,1.3,,95.0,0.6,2.1,98.0,177.0,1008.3,138.0,0.1,,100.0
2025-06-30 12:00:00,2.5,2.8,3.1,1.7,0.8,95.0,0.7,1.6,247.0,221.0,1008.4,138.0,0.0,5.1,100.0
2025-06-30 13:00:00,2.1,2.4,,1.7,,93.0,0.8,2.4,246.0,248.0,1008.1,156.0,0.0,,100.0
2025-06-30 14:00:00,1.9,2.1,,1.7,,93.0,0.7,1.6,258.0,249.0,1008.0,175.0,0.0,,100.0
2025-06-30 15:00:00,1.9,2.6,,1.6,,94.0,0.9,2.3,253.0,232.0,1007.7,160.0,0.1,,100.0
2025-06-30 16:00:00,1.7,2.0,,1.4,,95.0,0.7,2.4,241.0,241.0,1007.5,138.0,0.6,,100.0
2025-06-30 17:00:00,1.6,2.0,,1.4,,95.0,0.6,1.6,211.0,220.0,1007.4,150.0,0.0,,100.0
2025-06-30 18:00:00,,,,,,,0.6,1.6,275.0,273.0,,157.0,,4.5,
2025-06-30 19:00:00,2.3,2.5,,1.8,,93.0,0.9,1.9,,259.0,,,0.0,,
2025-06-30 20:00:00,,,,,,91.0,0.6,1.6,257.0,255.0,,85.0,0.0,,
2025-06-30 21:00:00,,,,,,,0.7,1.2,246.0,239.0,,61.0,,,
2025-06-30 22:00:00,,,,,,94.0,0.4,1.1,0.0,272.0,,44.0,0.1,,
2025-06-30 23:00:00,,,,,,94.0,0.2,0.6,297.0,260.0,,37.0,0.1,,
2025-07-01 00:00:00,,,,,,,0.4,1.3,253.0,297.0,1006.4,23.0,,,100.0
2025-07-01 01:00:00,,,,,,,0.6,1.4,280.0,249.0,1006.3,13.0,,,100.0
2025-07-01 02:00:00,,,,,,,0.3,0.8,165.0,178.0,1006.1,7.0,,,100.0
2025-07-01 03:00:00,,,,,,,0.2,0.6,20.0,299.0,1005.9,17.0,,,100.0
2025-07-01 04:00:00,,,,,,,0.2,0.8,169.0,161.0,1005.5,31.0,,,100.0
2025-07-01 05:00:00,,,,,,,0.6,1.4,201.0,179.0,1005.4,53.0,,,100.0
2025-07-01 06:00:00,,,,,,,0.4,1.2,260.0,331.0,1005.4,79.0,,,100.0
2025-07-01 07:00:00,,,,,,,0.6,1.4,83.0,197.0,1005.3,144.0,,,100.0
2025-07-01 08:00:00,,,,,,,0.6,1.5,167.0,207.0,1005.3,203.0,,,100.0
2025-07-01 09:00:00,2.1,2.8,,1.4,,95.0,0.8,2.0,66.0,130.0,1005.4,271.0,0.0,,100.0
2025-07-01 10:00:00,3.1,3.4,,2.8,,91.0,1.0,2.5,163.0,121.0,1005.1,373.0,0.0,,100.0
2025-07-01 11:00:00,3.1,4.0,,1.7,,90.0,0.9,2.1,272.0,228.0,1005.2,519.0,0.0,,100.0
2025-07-01 12:00:00,2.8,3.6,4.0,2.1,1.1,91.0,0.9,2.6,210.0,221.0,1005.4,476.0,0.0,1.2,100.0
2025-07-01 13:00:00,3.3,4.3,,2.6,,86.0,1.2,2.5,163.0,197.0,1005.2,530.0,0.0,,100.0
2025-07-01 14:00:00,4.2,4.8,,3.9,,82.0,1.5,3.5,156.0,174.0,1005.1,390.0,0.0,,100.0
2025-07-01 15:00:00,4.0,4.7,,3.7,,82.0,1.9,3.8,157.0,154.0,1004.9,383.0,0.0,,100.0
2025-07-01 16:00:00,4.9,5.6,,4.0,,77.0,1.8,4.5,134.0,144.0,1004.6,521.0,0.0,,100.0
2025-07-01 17:00:00,5.1,5.4,,4.9,,75.0,2.8,5.2,108.0,134.0,1004.4,343.0,0.0,,100.0
2025-07-01 18:00:00,4.7,5.0,5.6,4.3,1.4,76.0,3.4,5.7,115.0,102.0,1004.3,235.0,0.0,0.3,100.0
2025-07-01 19:00:00,4.5,4.8,,4.3,,78.0,3.4,5.2,115.0,114.0,1003.9,202.0,0.0,,100.0
2025-07-01 20:00:00,4.7,4.8,,4.5,,77.0,3.0,5.5,104.0,101.0,1003.6,175.0,0.0,,100.0
2025-07-01 21:00:00,4.2,4.8,,3.2,,77.0,2.6,5.4,117.0,104.0,1003.3,148.0,0.0,,100.0
2025-07-01 22:00:00,3.4,3.7,,2.5,,81.0,3.2,5.3,104.0,95.0,1003.0,160.0,0.0,,100.0
2025-07-01 23:00:00,2.1,2.5,,1.7,,85.0,3.6,6.2,59.0,70.0,1002.6,153.0,0.0,,100.0
2025-07-02 00:00:00,1.4,2.3,5.6,0.3,0.3,89.0,2.6,5.2,115.0,103.0,1002.6,56.0,0.0,0.2,75.0
2025-07-02 01:00:00,-0.2,0.3,,-0.4,,96.0,2.9,5.3,63.0,92.0,1002.2,23.0,0.0,,100.0
2025-07-02 02:00:00,-0.4,-0.3,,-0.6,,97.0,3.2,5.9,85.0,74.0,1001.8,18.0,0.0,,100.0
2025-07-02 03:00:00,-0.7,-0.6,,-0.8,,98.0,2.7,5.3,99.0,105.0,1001.2,19.0,0.0,,100.0
2025-07-02 04:00:00,-0.6,-0.4,,-0.7,,97.0,3.4,4.8,72.0,86.0,1000.7,37.0,0.0,,100.0
2025-07-02 05:00:00,-0.2,0.0,,-0.4,,94.0,2.2,4.2,119.0,93.0,,89.0,0.0,,100.0
2025-07-02 06:00:00,-0.1,0.1,4.8,-0.4,-0.8,93.0,1.5,3.2,159.0,146.0,1000.5,160.0,0.0,0.0,90.0
2025-07-02 07:00:00,0.0,0.8,,-0.5,,94.0,1.0,2.5,296.0,225.0,1000.4,233.0,0.0,,100.0
2025-07-02 08:00:00,-0.5,-0.2,,-0.9,,96.0,1.0,1.9,232.0,233.0,1000.3,279.0,0.0,,100.0
2025-07-02 09:00:00,-0.9,-0.7,,-1.1,,97.0,1.1,2.3,271.0,265.0,1000.1,292.0,0.0,,100.0
2025-07-02 10:00:00,-0.7,-0.4,,-0.9,,96.0,0.9,1.9,256.0,257.0,999.9,451.0,0.0,,50.0
2025-07-02 11:00:00,-0.5,-0.2,,-0.9,,94.0,1.2,2.3,240.0,244.0,999.8,591.0,0.0,,100.0
2025-07-02 12:00:00,-0.2,0.3,0.8,-0.7,-1.1,93.0,1.4,2.3,259.0,258.0,999.7,648.0,0.0,0.0,
2025-07-02 13:00:00,0.2,0.6,,0.0,,92.0,1.9,3.0,265.0,264.0,999.5,685.0,0.0,,
2025-07-02 14:00:00,0.7,1.5,,0.1,,90.0,1.2,2.4,259.0,247.0,999.3,701.0,0.0,,
2025-07-02 15:00:00,1.8,2.6,,0.8,,86.0,1.2,2.5,256.0,256.0,999.1,687.0,0.0,,
2025-07-02 16:00:00,1.5,1.9,,0.9,,87.0,1.7,2.6,263.0,262.0,998.9,656.0,0.0,,
2025-07-02 17:00:00,2.1,2.5,,1.4,,85.0,1.6,2.7,259.0,259.0,998.7,601.0,0.0,,
2025-07-02 18:00:00,2.8,3.4,3.4,2.2,-1.1,83.0,1.7,3.1,290.0,271.0,998.6,524.0,0.0,0.0,
2025-07-02 19:00:00,,,,,,,1.6,3.0,238.0,,998.5,435.0,,,
2025-07-02 20:00:00,4.0,4.6,,3.5,,77.0,1.3,2.6,225.0,216.0,998.6,343.0,0.0,,
2025-07-02 21:00:00,4.3,4.7,,3.7,,77.0,0.9,2.1,231.0,248.0,998.4,257.0,0.0,,
2025-07-02 22:00:00,3.4,4.4,,2.8,,79.0,1.0,2.0,196.0,193.0,998.3,182.0,0.0,,
2025-07-02 23:00:00,3.2,4.0,,2.3,,80.0,0.7,1.7,286.0,286.0,998.4,109.0,0.0,,
2025-07-03 00:00:00,2.4,2.6,4.7,2.2,0.0,85.0,0.6,1.2,241.0,282.0,998.4,27.0,0.0,0.0,
2025-07-03 01:00:00,1.7,2.2,,0.9,,87.0,0.6,1.2,293.0,279.0,998.5,20.0,0.0,,
2025-07-03 02:00:00,0.7,0.9,,0.6,,90.0,0.8,1.5,330.0,180.0,998.6,17.0,0.0,,
2025-07-03 03:00:00,0.9,1.2,,0.4,,88.0,0.2,0.8,179.0,164.0,998.7,26.0,0.0,,
2025-07-03 04:00:00,1.0,1.5,,0.4,,87.0,0.2,1.0,48.0,4.0,998.6,64.0,0.0,,
2025-07-03 05:00:00,1.2,2.2,,0.5,,86.0,0.3,1.0,91.0,145.0,998.6,109.0,0.0,,
2025-07-03 06:00:00,1.0,1.9,4.7,0.5,0.4,86.0,0.4,1.1,227.0,184.0,999.1,172.0,0.0,0.0,
2025-07-03 07:00:00,0.5,1.2,,-0.1,,88.0,0.4,1.1,260.0,252.0,999.6,252.0,0.0,,
2025-07-03 08:00:00,0.7,2.0,,-0.3,,87.0,0.6,1.5,256.0,239.0,1000.0,342.0,0.0,,
2025-07-03 09:00:00,1.4,2.1,,0.2,,82.0,0.5,1.3,164.0,178.0,1000.3,434.0,0.0,,
2025-07-03 10:00:00,2.6,3.9,,1.2,,78.0,0.7,1.7,183.0,166.0,1000.5,520.0,0.0,,
2025-07-03 11:00:00,2.8,3.6,,1.8,,78.0,0.8,1.6,204.0,203.0,1000.9,595.0,0.0,,
2025-07-03 12:00:00,2.9,3.8,3.9,2.4,-0.3,78.0,1.2,2.4,211.0,178.0,1001.3,650.0,0.0,0.0,
2025-07-03 13:00:00,2.5,3.1,,2.1,,82.0,1.2,2.5,239.0,229.0,1001.3,687.0,0.0,,
2025-07-03 14:00:00,3.8,5.2,,2.7,,78.0,0.9,1.9,237.0,229.0,1001.3,699.0,0.0,,
2025-07-03 15:00:00,3.2,3.7,,2.7,,81.0,1.3,2.3,277.0,274.0,1001.1,685.0,0.0,,
2025-07-03 16:00:00,5.0,7.2,,3.5,,74.0,1.0,2.1,245.0,252.0,1001.1,661.0,0.0,,
2025-07-03 17:00:00,6.3,7.0,,5.9,,67.0,1.3,2.4,182.0,213.0,1001.1,601.0,0.0,,
2025-07-03 18:00:00,6.7,7.9,7.9,6.2,-0.3,65.0,0.9,2.0,203.0,186.0,1001.0,522.0,0.0,0.0,
2025-07-03 19:00:00,7.3,8.0,,6.5,,62.0,0.8,1.8,251.0,168.0,1001.0,438.0,0.0,,
2025-07-03 20:00:00,7.4,9.1,,6.6,,62.0,0.7,1.5,162.0,161.0,1001.0,344.0,0.0,,
2025-07-03 21:00:00,6.9,7.8,,6.2,,62.0,0.6,1.5,149.0,161.0,1000.9,255.0,0.0,,
2025-07-03 22:00:00,6.9,7.4,,6.4,,61.0,0.4,1.3,291.0,239.0,1001.0,173.0,0.0,,
2025-07-03 23:00:00,5.6,6.8,,3.2,,65.0,,,,,1001.0,104.0,0.0,,
2025-07-04 00:00:00,3.3,3.9,9.1,2.6,2.1,73.0,0.8,2.1,184.0,253.0,1001.1,27.0,0.0,0.0,
2025-07-04 01:00:00,2.8,3.5,,1.9,,74.0,0.7,1.7,296.0,266.0,1001.0,20.0,0.0,,
2025-07-04 02:00:00,2.2,2.5,,1.9,,77.0,0.4,1.1,226.0,277.0,1000.9,17.0,0.0,,
2025-07-04 03:00:00,1.7,2.1,,1.2,,79.0,0.3,0.8,292.0,283.0,1000.9,27.0,0.0,,
2025-07-04 04:00:00,1.3,1.5,,1.1,,79.0,0.1,0.7,0.0,287.0,1000.7,64.0,0.0,,
2025-07-04 05:00:00,1.6,2.4,,1.1,,78.0,0.2,1.1,193.0,185.0,1000.7,106.0,0.0,,
2025-07-04 06:00:00,1.8,2.5,9.1,1.5,1.1,77.0,0.1,0.8,282.0,292.0,1000.9,169.0,0.0,0.0,
2025-07-04 07:00:00,2.1,3.1,,1.6,,76.0,0.2,0.9,0.0,282.0,1001.0,248.0,0.0,,
2025-07-04 08:00:00,4.1,4.9,,2.9,,70.0,0.3,1.1,152.0,126.0,1001.0,336.0,0.0,,
2025-07-04 09:00:00,,,,,,,,,,,,473.0,0.0,,
2025-07-04 10:00:00,4.5,5.6,,3.6,,69.0,0.5,1.5,239.0,202.0,1000.7,519.0,0.0,,
2025-07-04 11:00:00,4.7,6.0,,3.5,,69.0,0.5,1.5,236.0,213.0,1000.5,596.0,0.0,,
2025-07-04 12:00:00,4.8,5.9,6.0,4.1,1.1,70.0,0.4,1.8,225.0,237.0,1000.4,656.0,0.0,0.0,
2025-07-04 13:00:00,5.1,5.7,,4.7,,70.0,0.4,1.3,291.0,286.0,1000.1,692.0,0.0,,
2025-07-04 14:00:00,6.5,8.4,,4.2,,64.0,0.7,2.2,231.0,266.0,999.9,706.0,0.0,,
2025-07-04 15:00:00,,,,,,,1.0,2.4,232.0,205.0,999.5,687.0,,,
2025-07-04 16:00:00,8.6,9.8,,7.8,,55.0,1.0,2.3,185.0,180.0,998.9,657.0,0.0,,
2025-07-04 17:00:00,9.3,11.5,,7.9,,50.0,1.3,2.8,184.0,159.0,998.5,560.0,0.0,,10.0
2025-07-04 18:00:00,9.5,11.6,11.6,7.6,1.6,46.0,1.2,3.1,255.0,246.0,997.9,502.0,0.0,0.0,10.0
2025-07-04 19:00:00,8.4,9.6,,7.4,,51.0,1.4,3.3,152.0,179.0,997.5,445.0,0.0,,
2025-07-04 20:00:00,7.4,8.4,,6.4,,55.0,1.4,6.5,149.0,188.0,997.3,346.0,0.0,,
2025-07-04 21:00:00,6.8,8.5,,5.3,,56.0,2.8,8.1,111.0,131.0,997.0,252.0,0.0,,
2025-07-04 22:00:00,5.3,6.4,,3.8,,63.0,4.7,9.2,80.0,104.0,996.5,171.0,0.0,,
2025-07-04 23:00:00,2.9,3.8,,2.2,,73.0,6.3,10.2,102.0,89.0,996.3,101.0,0.0,,
2025-07-05 00:00:00,1.6,2.7,11.6,1.0,1.0,79.0,7.1,11.4,84.0,87.0,995.9,28.0,0.0,0.0,
2025-07-05 01:00:00,0.7,1.1,,0.4,,82.0,7.5,10.5,81.0,80.0,995.8,20.0,0.0,,
2025-07-05 02:00:00,1.5,2.1,,0.9,,77.0,4.5,8.1,84.0,71.0,995.3,18.0,0.0,,
2025-07-05 03:00:00,1.9,2.6,,1.6,,77.0,1.1,5.3,175.0,238.0,995.0,27.0,0.0,,
2025-07-05 04:00:00,1.4,2.0,,1.1,,78.0,0.6,1.7,257.0,251.0,994.7,57.0,0.0,,
2025-07-05 05:00:00,1.6,2.0,,1.3,,77.0,0.8,2.0,251.0,273.0,994.7,104.0,0.0,,
2025-07-05 06:00:00,1.9,2.5,9.6,1.6,0.4,76.0,0.3,1.0,281.0,260.0,994.5,166.0,0.0,0.0,
2025-07-05 07:00:00,2.5,3.2,,1.6,,74.0,0.5,1.5,24.0,288.0,994.4,242.0,0.0,,
2025-07-05 08:00:00,3.4,4.4,,2.6,,71.0,0.7,1.8,169.0,238.0,994.4,330.0,0.0,,
2025-07-05 09:00:00,3.8,4.4,,3.2,,68.0,1.1,2.1,194.0,170.0,994.6,424.0,0.0,,
2025-07-05 10:00:00,4.0,4.4,,3.6,,68.0,0.8,2.1,245.0,265.0,995.1,513.0,0.0,,
2025-07-05 11:00:00,5.5,6.9,,4.4,,62.0,1.6,4.6,97.0,123.0,995.4,589.0,0.0,,
2025-07-05 12:00:00,5.0,6.6,6.9,3.6,0.4,64.0,4.7,7.7,142.0,122.0,996.1,647.0,0.0,0.0,
2025-07-05 13:00:00,3.2,3.7,,2.7,,72.0,4.9,8.4,117.0,124.0,996.7,684.0,0.0,,
2025-07-05 14:00:00,3.1,3.8,,2.6,,73.0,4.8,8.3,131.0,129.0,997.0,688.0,0.0,,
2025-07-05 15:00:00,2.9,3.3,,2.5,,74.0,5.0,7.9,129.0,133.0,997.4,683.0,0.0,,
2025-07-05 16:00:00,2.9,3.6,,2.4,,73.0,4.0,7.3,139.0,134.0,997.5,645.0,0.0,,
2025-07-05 17:00:00,2.6,3.4,,2.0,,74.0,3.7,6.1,145.0,145.0,997.6,561.0,0.0,,
2025-07-05 18:00:00,2.1,3.1,6.9,1.3,1.3,77.0,3.4,5.6,148.0,147.0,998.0,443.0,0.0,0.0,60.0
2025-07-05 19:00:00,,,,,,,3.9,7.3,124.0,134.0,,409.0,0.0,,
2025-07-05 20:00:00,1.5,2.1,,0.9,,81.0,2.6,5.8,184.0,156.0,998.7,351.0,0.0,,
2025-07-05 21:00:00,0.4,1.2,,-0.2,,87.0,2.2,4.4,178.0,191.0,999.4,161.0,0.0,,50.0
2025-07-05 22:00:00,-0.1,0.2,,-0.6,,90.0,1.6,3.6,228.0,225.0,999.9,92.0,0.0,,100.0
2025-07-05 23:00:00,-1.0,-0.4,,-1.2,,96.0,2.0,3.9,233.0,252.0,1000.3,35.0,0.0,,100.0
2025-07-06 00:00:00,-1.4,-1.0,3.8,-1.7,-1.7,98.0,1.9,3.6,246.0,231.0,1001.1,20.0,0.0,0.0,100.0
2025-07-06 01:00:00,-1.8,-1.6,,-2.0,,98.0,1.9,3.6,294.0,267.0,1001.5,15.0,0.0,,100.0
2025-07-06 02:00:00,-1.8,-1.5,,-2.0,,99.0,1.3,3.1,202.0,247.0,1001.9,10.0,0.0,,100.0
2025-07-06 03:00:00,-1.6,-1.2,,-1.9,,99.0,1.1,3.2,143.0,285.0,1001.7,8.0,0.0,,100.0
2025-07-06 04:00:00,-1.0,-0.1,,-1.6,,98.0,1.1,3.2,149.0,137.0,1001.7,19.0,0.0,,100.0
2025-07-06 05:00:00,-0.9,-0.2,,-1.3,,96.0,1.3,2.5,248.0,179.0,1002.3,46.0,0.0,,100.0
2025-07-06 06:00:00,-0.4,0.3,2.4,-0.9,-2.0,93.0,1.3,4.0,2.0,342.0,1002.6,67.0,0.0,0.0,100.0
2025-07-06 07:00:00,0.3,0.5,,-0.4,,90.0,0.9,2.2,172.0,164.0,1003.1,83.0,0.0,,100.0
2025-07-06 08:00:00,0.3,0.8,,-0.1,,90.0,0.8,1.9,151.0,194.0,1003.7,154.0,0.0,,100.0
2025-07-06 09:00:00,0.7,1.3,,0.2,,88.0,0.7,2.1,147.0,163.0,1004.3,144.0,0.0,,100.0
2025-07-06 10:00:00,1.0,1.7,,0.5,,88.0,0.9,2.1,274.0,216.0,1005.2,179.0,0.0,,100.0
2025-07-06 11:00:00,2.7,4.9,,0.9,,82.0,0.9,2.3,50.0,38.0,1005.5,304.0,0.0,,100.0
2025-07-06 12:00:00,4.5,5.6,5.6,3.4,-2.0,73.0,0.9,2.8,201.0,101.0,1006.0,389.0,0.0,0.0,90.0
2025-07-06 13:00:00,4.3,5.5,,3.2,,73.0,1.1,2.4,192.0,192.0,1006.3,609.0,0.0,,60.0
2025-07-06 14:00:00,6.6,7.4,,5.7,,64.0,1.3,2.3,227.0,179.0,1006.4,677.0,0.0,,10.0
2025-07-06 15:00:00,6.6,8.1,,5.6,,65.0,1.4,2.8,220.0,232.0,1006.6,675.0,0.0,,10.0
2025-07-06 16:00:00,7.6,8.9,,6.8,,62.0,1.3,2.8,219.0,229.0,1006.9,644.0,0.0,,
2025-07-06 17:00:00,7.3,8.6,,6.6,,62.0,1.5,2.9,284.0,261.0,1007.8,525.0,0.0,,100.0
2025-07-06 18:00:00,7.7,8.8,8.9,4.6,-0.4,61.0,2.1,4.4,263.0,284.0,1008.1,530.0,0.0,0.0,
2025-07-06 19:00:00,5.3,7.0,,3.8,,69.0,0.8,2.0,251.0,253.0,1008.1,420.0,0.0,,
2025-07-06 20:00:00,5.3,6.1,,4.8,,66.0,2.1,5.1,145.0,194.0,1008.0,273.0,0.0,,
2025-07-06 21:00:00,6.5,7.1,,5.5,,59.0,2.7,4.7,56.0,74.0,1007.2,244.0,0.0,,
2025-07-06 22:00:00,7.5,7.9,,6.9,,54.0,1.5,3.8,127.0,72.0,1006.5,130.0,0.0,,
2025-07-06 23:00:00,8.1,8.8,,6.8,,51.0,3.0,7.8,65.0,113.0,1005.5,58.0,0.0,,
2025-07-07 00:00:00,6.4,7.8,8.9,3.9,3.2,61.0,5.0,10.7,103.0,86.0,1004.5,35.0,0.0,0.0,
2025-07-07 01:00:00,2.9,3.9,,2.3,,81.0,8.4,12.2,90.0,95.0,1002.7,22.0,0.0,,
2025-07-07 02:00:00,2.7,3.1,,2.4,,80.0,8.9,11.6,99.0,95.0,1001.6,19.0,0.0,,
2025-07-07 03:00:00,2.2,2.7,,1.8,,81.0,9.1,12.8,91.0,96.0,1000.2,23.0,0.0,,
2025-07-07 04:00:00,2.3,3.0,,1.8,,79.0,8.6,12.5,86.0,87.0,999.3,36.0,0.0,,100.0
2025-07-07 05:00:00,2.8,3.7,,2.2,,75.0,5.9,10.0,54.0,63.0,998.8,51.0,0.0,,60.0
2025-07-07 06:00:00,3.6,4.1,8.8,2.8,1.8,71.0,1.0,7.4,197.0,90.0,998.6,70.0,0.0,0.0,40.0
2025-07-07 07:00:00,4.0,5.0,,3.0,,70.0,1.5,4.6,230.0,13.0,998.5,157.0,0.0,,10.0
2025-07-07 08:00:00,4.0,5.3,,2.7,,70.0,0.6,1.8,248.0,278.0,998.6,273.0,0.0,,25.0
2025-07-07 09:00:00,4.6,5.5,,4.3,,66.0,0.6,2.0,239.0,246.0,998.6,307.0,0.0,,75.0
2025-07-07 10:00:00,4.1,5.0,,3.5,,68.0,1.1,2.8,270.0,249.0,999.0,497.0,0.0,,25.0
2025-07-07 11:00:00,5.4,6.9,,4.2,,63.0,0.9,2.7,203.0,205.0,998.9,539.0,0.0,,75.0
2025-07-07 12:00:00,4.6,5.6,6.9,3.8,1.8,68.0,0.9,2.5,328.0,175.0,999.2,613.0,0.0,0.0,40.0
2025-07-07 13:00:00,5.1,6.9,,3.9,,67.0,1.0,2.5,141.0,175.0,999.5,590.0,0.0,,
2025-07-07 14:00:00,7.0,8.4,,5.7,,60.0,1.4,3.2,222.0,254.0,999.7,702.0,0.0,,
2025-07-07 15:00:00,7.4,9.0,,5.9,,57.0,1.8,4.5,128.0,180.0,1000.0,677.0,0.0,,
2025-07-07 16:00:00,8.6,9.4,,7.6,,53.0,3.0,6.4,105.0,110.0,1000.3,636.0,0.0,,
2025-07-07 17:00:00,7.4,8.6,,6.1,,58.0,2.6,6.0,263.0,95.0,1000.3,593.0,0.0,,
2025-07-07 18:00:00,5.7,6.6,9.4,5.0,2.7,63.0,2.1,5.2,106.0,183.0,1000.1,521.0,0.0,0.0,
2025-07-07 19:00:00,,,,,,,,,,,1000.2,393.0,,,
2025-07-07 20:00:00,5.3,6.3,,4.2,,63.0,,,,,,,0.0,,
2025-07-07 21:00:00,5.0,5.6,,4.5,,64.0,2.1,5.1,260.0,114.0,999.9,257.0,0.0,,
2025-07-07 22:00:00,3.5,4.5,,1.9,,71.0,2.4,6.7,99.0,114.0,999.6,172.0,0.0,,
2025-07-07 23:00:00,1.4,2.6,,0.7,,80.0,4.7,7.9,78.0,94.0,999.3,99.0,0.0,,
2025-07-08 00:00:00,0.2,0.8,9.4,-0.2,-0.2,88.0,5.2,7.8,66.0,83.0,999.0,26.0,0.0,0.0,
2025-07-08 01:00:00,-0.5,0.0,,-1.0,,91.0,4.2,8.5,108.0,101.0,999.4,20.0,0.0,,60.0
2025-07-08 02:00:00,-1.0,-0.6,,-1.4,,92.0,4.1,6.8,95.0,101.0,998.4,17.0,0.0,,100.0
2025-07-08 03:00:00,-1.3,-1.1,,-1.5,,93.0,3.4,5.9,104.0,100.0,998.4,27.0,0.0,,100.0
2025-07-08 04:00:00,-1.3,-1.2,,-1.5,,91.0,3.3,5.2,56.0,96.0,998.0,54.0,0.0,,60.0
2025-07-08 05:00:00,-0.6,-0.1,,-1.3,,89.0,1.6,3.2,207.0,42.0,997.6,63.0,0.0,,
2025-07-08 06:00:00,-1.1,-0.5,7.7,-1.4,-1.5,95.0,1.6,5.4,32.0,343.0,997.5,95.0,0.0,0.0,
2025-07-08 07:00:00,0.8,2.6,,-0.6,,84.0,3.6,6.1,166.0,25.0,997.2,209.0,0.0,,90.0
2025-07-08 08:00:00,1.0,2.4,,0.4,,84.0,0.6,2.1,318.0,357.0,997.0,185.0,0.0,,100.0
2025-07-08 09:00:00,2.2,3.4,,1.1,,78.0,0.9,2.6,94.0,37.0,997.0,148.0,0.0,,100.0
2025-07-08 10:00:00,1.2,2.5,,0.7,,84.0,,,,,,,0.0,,100.0
2025-07-08 11:00:00,1.9,2.3,,1.2,,80.0,,,,,,,0.0,,100.0
2025-07-08 12:00:00,1.9,2.7,3.4,1.4,-1.5,80.0,1.2,2.4,8.0,181.0,997.6,332.0,0.0,0.0,100.0
2025-07-08 13:00:00,3.1,3.8,,2.4,,75.0,,,,,,,0.0,,100.0
2025-07-08 14:00:00,3.3,4.5,,2.4,,74.0,,,,,,,0.0,,100.0
2025-07-08 15:00:00,5.1,6.4,,3.9,,67.0,2.4,7.2,84.0,115.0,997.2,331.0,0.0,,100.0
2025-07-08 16:00:00,6.1,7.0,,4.8,,71.0,2.9,7.4,154.0,145.0,997.1,474.0,0.0,,100.0
2025-07-08 17:00:00,6.8,7.6,,6.4,,75.0,,,,,,,0.0,,100.0
2025-07-08 18:00:00,7.3,7.9,7.9,6.6,-0.6,77.0,3.0,9.9,155.0,132.0,996.9,447.0,0.0,0.0,100.0
2025-07-08 19:00:00,,,,,,81.0,2.8,7.1,126.0,139.0,,209.0,0.0,,100.0
2025-07-08 20:00:00,7.4,7.7,,7.2,,84.0,2.9,6.8,97.0,108.0,996.6,105.0,0.0,,100.0
2025-07-08 21:00:00,7.4,7.7,,7.3,,86.0,3.6,8.0,103.0,97.0,996.6,73.0,0.0,,100.0
2025-07-08 22:00:00,6.9,7.3,,6.4,,89.0,4.4,7.1,70.0,87.0,996.6,35.0,0.0,,100.0
2025-07-08 23:00:00,6.5,6.7,,6.4,,93.0,3.6,6.2,81.0,89.0,996.5,29.0,0.0,,100.0
2025-07-09 00:00:00,6.2,6.4,7.9,6.0,2.4,94.0,3.3,5.0,100.0,90.0,996.3,18.0,0.0,0.0,100.0
2025-07-09 01:00:00,5.9,6.0,,5.7,,97.0,2.4,4.1,80.0,97.0,996.0,9.0,0.0,,100.0
2025-07-09 02:00:00,6.0,6.1,,5.7,,95.0,2.5,5.0,71.0,86.0,995.6,7.0,0.0,,100.0
2025-07-09 03:00:00,6.2,6.4,,5.9,,92.0,2.7,4.6,82.0,68.0,995.2,13.0,0.0,,100.0
2025-07-09 04:00:00,6.4,6.5,,6.2,,90.0,2.8,4.5,94.0,88.0,994.8,14.0,0.0,,100.0
2025-07-09 05:00:00,6.4,6.4,,6.2,,91.0,2.5,5.5,93.0,88.0,994.5,21.0,0.0,,100.0
2025-07-09 06:00:00,6.2,6.3,7.7,5.7,5.7,92.0,2.3,4.0,50.0,74.0,994.0,46.0,0.0,0.0,100.0
2025-07-09 07:00:00,6.2,6.6,,4.9,,91.0,2.6,5.7,101.0,96.0,994.1,92.0,0.0,,100.0
2025-07-09 08:00:00,4.5,4.9,,4.2,,96.0,4.0,6.8,127.0,102.0,994.4,97.0,0.0,,100.0
2025-07-09 09:00:00,4.6,5.1,,4.2,,96.0,1.6,4.4,177.0,116.0,994.5,183.0,0.0,,100.0
2025-07-09 10:00:00,5.1,5.5,,4.6,,91.0,0.9,2.0,147.0,185.0,994.4,253.0,0.0,,100.0
2025-07-09 11:00:00,6.3,6.7,,5.3,,88.0,1.5,5.5,133.0,127.0,994.2,221.0,0.0,,100.0
2025-07-09 12:00:00,6.9,7.2,7.2,6.7,4.2,88.0,2.1,5.3,124.0,132.0,994.1,201.0,0.0,0.0,100.0
2025-07-09 13:00:00,7.4,7.9,,6.9,,86.0,2.9,6.2,130.0,139.0,994.2,333.0,0.0,,100.0
2025-07-09 14:00:00,6.9,7.9,,5.9,,85.0,4.7,8.5,79.0,119.0,994.1,451.0,0.0,,100.0
2025-07-09 15:00:00,6.9,7.2,,6.6,,87.0,5.0,9.8,91.0,89.0,993.7,328.0,0.0,,100.0
2025-07-09 16:00:00,6.8,7.4,,6.1,,85.0,5.2,9.1,109.0,104.0,993.2,450.0,0.0,,40.0
2025-07-09 17:00:00,5.6,6.7,,5.0,,82.0,8.2,12.5,100.0,97.0,993.0,580.0,0.0,,10.0
2025-07-09 18:00:00,5.8,6.3,7.9,5.2,4.2,80.0,8.1,10.9,108.0,95.0,992.8,507.0,0.0,0.0,
2025-07-09 19:00:00,5.3,5.9,,4.6,,81.0,8.0,10.8,101.0,98.0,992.9,423.0,0.0,,
2025-07-09 20:00:00,4.2,5.1,,3.7,,83.0,6.9,11.1,92.0,87.0,992.9,333.0,0.0,,
2025-07-09 21:00:00,4.1,5.0,,3.4,,85.0,9.1,13.2,79.0,88.0,992.6,245.0,0.0,,
2025-07-09 22:00:00,5.3,6.5,,3.9,,82.0,5.6,10.0,81.0,86.0,993.0,166.0,0.0,,
2025-07-09 23:00:00,3.9,5.8,,2.7,,86.0,6.9,10.5,79.0,76.0,993.1,92.0,0.0,,
2025-07-10 00:00:00,4.5,5.7,7.9,3.1,2.7,85.0,5.4,9.6,60.0,67.0,993.3,33.0,0.0,0.0,
2025-07-10 01:00:00,3.5,4.4,,2.7,,88.0,7.9,11.6,89.0,85.0,993.6,30.0,0.0,,
2025-07-10 02:00:00,3.5,4.4,,2.5,,88.0,8.8,12.7,101.0,89.0,993.9,21.0,0.0,,60.0
2025-07-10 03:00:00,2.5,4.1,,1.3,,92.0,12.5,18.0,119.0,121.0,994.0,14.0,0.0,,10.0
2025-07-10 04:00:00,2.1,2.5,,1.3,,93.0,9.2,14.0,115.0,113.0,994.3,39.0,0.0,,50.0
2025-07-10 05:00:00,2.3,2.5,,2.0,,93.0,8.1,12.4,96.0,113.0,994.8,47.0,0.0,,100.0
2025-07-10 06:00:00,2.6,2.9,6.5,2.3,1.3,92.0,6.9,11.7,109.0,109.0,995.0,96.0,0.0,0.0,60.0
2025-07-10 07:00:00,3.0,3.5,,2.7,,88.0,6.6,16.3,133.0,118.0,995.5,220.0,0.0,,10.0
2025-07-10 08:00:00,3.7,4.7,,3.2,,85.0,7.4,14.1,100.0,105.0,995.7,315.0,0.0,,
2025-07-10 09:00:00,4.9,5.4,,4.2,,82.0,7.5,10.7,96.0,100.0,995.5,333.0,0.0,,40.0
2025-07-10 10:00:00,5.9,6.4,,5.1,,79.0,9.2,13.7,103.0,97.0,995.5,490.0,0.0,,
2025-07-10 11:00:00,5.2,5.7,,4.7,,80.0,8.3,12.7,92.0,104.0,995.6,581.0,0.0,,10.0
2025-07-10 12:00:00,6.0,6.5,6.5,5.5,1.3,79.0,8.5,11.6,85.0,84.0,995.7,619.0,0.0,0.0,10.0
2025-07-10 13:00:00,5.8,6.4,,5.3,,81.0,8.8,12.2,97.0,95.0,995.5,635.0,0.0,,
2025-07-10 14:00:00,5.3,5.9,,4.7,,81.0,9.8,13.3,104.0,96.0,995.7,690.0,0.0,,
2025-07-10 15:00:00,5.3,5.9,,4.9,,81.0,9.6,12.9,98.0,105.0,995.2,669.0,0.0,,
2025-07-10 16:00:00,6.2,6.8,,5.4,,76.0,9.4,13.3,97.0,104.0,995.0,641.0,0.0,,
2025-07-10 17:00:00,5.6,6.2,,4.9,,76.0,10.3,13.7,90.0,100.0,995.1,583.0,0.0,,
2025-07-10 18:00:00,5.6,6.1,6.8,4.9,2.7,76.0,10.1,13.5,113.0,94.0,995.3,505.0,0.0,0.0,
2025-07-10 19:00:00,,,,,,,,,,,995.5,408.0,,,
2025-07-10 20:00:00,5.7,6.1,,5.4,,75.0,9.0,11.9,89.0,91.0,995.9,339.0,0.0,,
2025-07-10 21:00:00,5.2,5.5,,5.0,,76.0,7.6,10.9,87.0,94.0,996.4,246.0,0.0,,
2025-07-10 22:00:00,4.2,5.1,,3.9,,80.0,8.9,11.5,96.0,91.0,996.0,152.0,0.0,,
2025-07-10 23:00:00,3.5,4.0,,2.9,,82.0,9.3,12.5,96.0,107.0,996.1,113.0,0.0,,
2025-07-11 00:00:00,3.5,4.0,6.8,2.6,2.6,82.0,8.2,11.4,102.0,108.0,996.9,42.0,0.0,0.0,10.0
2025-07-11 01:00:00,2.8,3.6,,2.2,,86.0,8.4,11.5,104.0,89.0,997.2,22.0,0.0,,90.0
2025-07-11 02:00:00,3.2,3.6,,2.9,,82.0,8.9,12.7,89.0,96.0,997.4,18.0,0.0,,60.0
2025-07-11 03:00:00,2.9,3.4,,2.5,,83.0,8.9,12.6,91.0,89.0,997.6,19.0,0.0,,
2025-07-11 04:00:00,4.4,5.6,,2.7,,75.0,7.8,12.5,89.0,93.0,998.4,57.0,0.0,,
2025-07-11 05:00:00,3.3,4.5,,2.7,,82.0,9.0,12.0,93.0,85.0,999.0,129.0,0.0,,
2025-07-11 06:00:00,3.9,4.5,6.4,3.3,2.2,78.0,,,,,,,0.0,0.0,
2025-07-11 07:00:00,3.3,4.4,,2.1,,80.0,7.4,12.1,119.0,113.0,1000.9,232.0,0.0,,
2025-07-11 08:00:00,2.4,2.9,,1.8,,83.0,9.2,13.2,89.0,109.0,1001.6,320.0,0.0,,
2025-07-11 09:00:00,3.4,4.1,,2.8,,78.0,8.8,12.8,87.0,79.0,1002.3,396.0,0.0,,
2025-07-11 10:00:00,3.8,4.7,,3.2,,78.0,9.1,12.5,97.0,88.0,1003.5,492.0,0.0,,
2025-07-11 11:00:00,4.5,5.8,,3.8,,77.0,7.5,11.9,100.0,96.0,1004.7,572.0,0.0,,
2025-07-11 12:00:00,5.2,6.3,6.3,3.9,1.8,74.0,5.0,9.8,133.0,121.0,1005.9,628.0,0.0,0.0,
2025-07-11 13:00:00,4.8,5.5,,4.3,,75.0,4.5,9.3,131.0,131.0,1006.8,664.0,0.0,,
2025-07-11 14:00:00,5.7,6.4,,4.6,,72.0,4.7,9.5,103.0,114.0,1007.5,678.0,0.0,,
2025-07-11 15:00:00,5.9,7.2,,5.4,,71.0,3.3,6.4,231.0,113.0,1007.9,662.0,0.0,,
2025-07-11 16:00:00,5.3,5.6,,5.0,,73.0,1.9,3.2,236.0,256.0,1008.2,632.0,0.0,,
2025-07-11 17:00:00,6.1,7.6,,4.9,,71.0,2.1,5.7,241.0,264.0,1008.5,575.0,0.0,,
2025-07-11 18:00:00,6.0,7.1,7.6,5.0,1.8,72.0,2.0,4.0,45.0,253.0,1008.8,503.0,0.0,0.0,
2025-07-11 19:00:00,7.0,7.3,,6.7,,70.0,1.6,5.2,152.0,135.0,1009.1,417.0,0.0,,
2025-07-11 20:00:00,6.8,7.3,,6.4,,70.0,2.0,5.1,100.0,132.0,1009.4,329.0,0.0,,
2025-07-11 21:00:00,5.7,7.1,,4.6,,73.0,1.6,6.6,143.0,133.0,1009.6,240.0,0.0,,
2025-07-11 22:00:00,5.4,6.1,,4.5,,75.0,1.3,4.8,160.0,139.0,1009.5,162.0,0.0,,
2025-07-11 23:00:00,5.8,6.9,,4.3,,74.0,0.9,3.5,88.0,135.0,1009.4,87.0,0.0,,
2025-07-12 00:00:00,4.4,6.1,7.6,3.7,3.7,81.0,1.3,2.5,94.0,140.0,1009.2,23.0,0.0,0.0,
2025-07-12 01:00:00,4.6,5.7,,4.0,,80.0,0.6,1.6,233.0,225.0,1009.1,16.0,0.0,,
2025-07-12 02:00:00,3.4,4.1,,2.5,,86.0,0.6,2.3,184.0,182.0,1008.9,14.0,0.0,,
2025-07-12 03:00:00,2.0,3.0,,1.4,,90.0,0.8,2.4,157.0,178.0,1008.5,16.0,0.0,,
2025-07-12 04:00:00,1.5,1.8,,1.3,,91.0,0.5,1.4,162.0,187.0,1008.1,45.0,0.0,,
2025-07-12 05:00:00,1.7,2.3,,1.0,,89.0,0.7,2.1,134.0,170.0,1007.5,89.0,0.0,,
2025-07-12 06:00:00,1.3,2.4,7.3,0.7,0.7,89.0,0.8,1.5,140.0,149.0,1007.2,149.0,0.0,0.0,
2025-07-12 07:00:00,1.1,2.0,,0.2,,88.0,0.8,2.4,129.0,132.0,1007.0,214.0,0.0,,
2025-07-12 08:00:00,2.1,3.1,,0.9,,83.0,0.7,2.3,38.0,185.0,1006.9,289.0,0.0,,
2025-07-12 09:00:00,4.0,5.5,,3.0,,75.0,0.7,2.3,206.0,141.0,1006.4,389.0,0.0,,
2025-07-12 10:00:00,4.2,5.7,,3.1,,74.0,0.8,2.7,91.0,210.0,1005.9,487.0,0.0,,
2025-07-12 11:00:00,6.5,8.6,,4.4,,66.0,1.1,2.6,202.0,235.0,1005.4,565.0,0.0,,
2025-07-12 12:00:00,7.2,8.0,8.6,6.4,0.2,64.0,0.9,2.3,212.0,209.0,1005.3,625.0,0.0,0.0,
2025-07-12 13:00:00,8.1,9.0,,7.5,,60.0,3.8,9.3,93.0,123.0,1005.1,664.0,0.0,,
2025-07-12 14:00:00,8.7,9.9,,7.6,,57.0,3.8,8.0,120.0,115.0,1005.2,680.0,0.0,,
2025-07-12 15:00:00,9.0,10.2,,8.1,,56.0,2.5,6.0,240.0,103.0,1004.6,665.0,0.0,,
2025-07-12 16:00:00,8.7,10.2,,7.0,,57.0,1.6,4.2,241.0,193.0,1004.2,635.0,0.0,,
2025-07-12 17:00:00,9.7,11.4,,8.6,,53.0,2.1,6.7,133.0,158.0,1004.1,579.0,0.0,,
2025-07-12 18:00:00,11.4,11.9,11.9,10.6,0.2,45.0,2.6,5.7,148.0,135.0,1004.2,504.0,0.0,0.0,
2025-07-12 19:00:00,11.6,12.4,,10.9,,43.0,4.5,7.9,118.0,102.0,1003.8,419.0,0.0,,
2025-07-12 20:00:00,9.4,12.3,,7.2,,52.0,8.6,13.0,86.0,94.0,1004.1,324.0,0.0,,
2025-07-12 21:00:00,7.6,8.4,,6.8,,58.0,8.0,12.6,94.0,89.0,1004.2,243.0,0.0,,
2025-07-12 22:00:00,6.9,7.6,,5.9,,60.0,8.8,12.0,108.0,93.0,1004.4,170.0,0.0,,
2025-07-12 23:00:00,5.9,7.0,,5.0,,64.0,8.3,11.5,109.0,98.0,1004.8,87.0,0.0,,
2025-07-13 00:00:00,6.7,7.6,12.4,5.7,5.0,60.0,6.7,10.1,81.0,95.0,1005.2,22.0,0.0,0.0,
2025-07-13 01:00:00,6.0,6.6,,5.5,,63.0,7.7,10.8,92.0,87.0,1005.4,14.0,0.0,,
2025-07-13 02:00:00,5.8,6.4,,4.9,,63.0,7.0,9.9,95.0,95.0,1005.1,12.0,0.0,,
2025-07-13 03:00:00,6.3,7.4,,5.8,,59.0,7.0,10.8,92.0,107.0,1005.1,15.0,0.0,,
2025-07-13 04:00:00,5.9,6.6,,5.4,,62.0,7.3,9.9,86.0,92.0,1005.4,43.0,0.0,,
2025-07-13 05:00:00,6.3,7.4,,5.3,,60.0,5.7,8.3,86.0,97.0,1005.7,89.0,0.0,,
2025-07-13 06:00:00,6.1,6.8,12.4,5.2,4.9,61.0,6.3,9.3,108.0,102.0,1006.0,150.0,0.0,0.0,
2025-07-13 07:00:00,6.6,7.8,,5.9,,60.0,6.2,9.9,108.0,106.0,1006.2,219.0,0.0,,
2025-07-13 08:00:00,7.7,8.6,,6.8,,56.0,6.5,9.2,100.0,95.0,1006.8,297.0,0.0,,
2025-07-13 09:00:00,8.1,9.0,,7.4,,55.0,7.2,10.3,118.0,116.0,1007.4,391.0,0.0,,
2025-07-13 10:00:00,9.1,9.7,,8.0,,51.0,7.2,11.8,119.0,120.0,1007.7,484.0,0.0,,
2025-07-13 11:00:00,9.5,11.4,,7.9,,51.0,6.1,9.7,104.0,107.0,1007.9,571.0,0.0,,
2025-07-13 12:00:00,11.0,12.5,12.5,9.7,4.9,45.0,6.5,9.9,89.0,92.0,1008.4,632.0,0.0,0.0,
2025-07-13 13:00:00,11.5,12.8,,10.3,,44.0,7.2,10.4,73.0,78.0,1008.9,668.0,0.0,,
2025-07-13 14:00:00,12.3,13.7,,10.3,,44.0,3.1,10.0,257.0,69.0,1009.6,683.0,0.0,,
2025-07-13 15:00:00,13.8,15.3,,11.4,,38.0,3.4,7.2,261.0,80.0,1010.0,667.0,0.0,,
2025-07-13 16:00:00,13.2,14.7,,12.2,,38.0,6.5,10.3,71.0,77.0,1010.0,638.0,0.0,,
2025-07-13 17:00:00,13.5,15.8,,11.4,,37.0,7.3,10.5,69.0,78.0,1010.6,581.0,0.0,,
2025-07-13 18:00:00,13.9,15.6,15.8,12.0,5.9,36.0,3.9,9.8,60.0,58.0,1011.6,510.0,0.0,0.0,
2025-07-13 19:00:00,,,,,,,,5.5,,,1012.4,429.0,,,
2025-07-13 20:00:00,13.6,14.5,,12.8,,37.0,0.7,2.3,72.0,210.0,1012.8,330.0,0.0,,
2025-07-13 21:00:00,12.0,13.5,,10.5,,41.0,2.5,7.2,94.0,67.0,1013.7,251.0,0.0,,
2025-07-13 22:00:00,11.4,12.3,,9.9,,45.0,0.7,2.7,261.0,272.0,1014.2,178.0,0.0,,
2025-07-13 23:00:00,10.6,11.9,,9.5,,44.0,4.3,9.2,80.0,95.0,1014.9,76.0,0.0,,
2025-07-14 00:00:00,9.5,12.1,15.8,7.1,7.1,49.0,1.9,4.4,70.0,126.0,1015.2,23.0,0.0,0.0,
2025-07-14 01:00:00,9.9,12.6,,8.7,,47.0,1.4,7.7,124.0,64.0,1015.6,14.0,0.0,,
2025-07-14 02:00:00,8.2,9.8,,7.4,,53.0,1.0,2.7,225.0,104.0,1016.0,12.0,0.0,,
2025-07-14 03:00:00,9.1,11.4,,7.3,,50.0,0.9,2.6,43.0,43.0,1016.0,15.0,0.0,,
2025-07-14 04:00:00,10.1,12.2,,8.2,,45.0,1.3,4.0,39.0,32.0,1016.2,41.0,0.0,,
2025-07-14 05:00:00,11.0,12.1,,9.4,,41.0,0.9,4.7,223.0,50.0,1016.5,85.0,0.0,,
2025-07-14 06:00:00,8.6,9.9,15.8,7.5,7.1,51.0,0.6,2.2,293.0,182.0,1016.9,136.0,0.0,0.0,
2025-07-14 07:00:00,9.2,11.3,,7.9,,50.0,0.7,2.9,326.0,358.0,1017.2,214.0,0.0,,
2025-07-14 08:00:00,10.7,12.1,,9.3,,46.0,0.6,1.9,19.0,347.0,1017.4,288.0,0.0,,
2025-07-14 09:00:00,11.4,13.9,,9.9,,45.0,0.9,2.9,192.0,151.0,1017.6,380.0,0.0,,
2025-07-14 10:00:00,11.6,12.8,,10.9,,44.0,0.6,2.1,71.0,272.0,1017.8,446.0,0.0,,
2025-07-14 11:00:00,11.8,13.3,,10.4,,46.0,1.3,3.3,199.0,162.0,1018.1,554.0,0.0,,
2025-07-14 12:00:00,12.1,13.2,13.9,10.5,7.3,44.0,1.1,3.2,162.0,188.0,1018.1,616.0,0.0,0.0,
2025-07-14 13:00:00,14.1,16.3,,11.3,,40.0,1.7,5.7,177.0,106.0,1018.1,656.0,0.0,,
2025-07-14 14:00:00,14.9,17.0,,12.6,,40.0,1.4,3.7,210.0,181.0,1018.0,668.0,0.0,,
2025-07-14 15:00:00,15.5,18.3,,12.2,,39.0,1.8,6.5,150.0,123.0,1017.4,619.0,0.0,,
2025-07-14 16:00:00,15.7,17.2,,14.1,,40.0,6.8,10.2,105.0,92.0,1017.3,580.0,0.0,,
2025-07-14 17:00:00,15.2,16.1,,14.3,,44.0,5.4,8.0,115.0,107.0,1017.2,463.0,0.0,,
2025-07-14 18:00:00,16.0,16.6,18.3,15.6,7.9,42.0,5.4,8.2,98.0,100.0,1017.1,441.0,0.0,0.0,
2025-07-14 19:00:00,,,,,,,,,,,1017.1,239.0,,,
2025-07-14 20:00:00,16.3,17.1,,15.0,,32.0,2.7,6.0,115.0,107.0,1016.8,231.0,0.0,,
2025-07-14 21:00:00,14.8,16.0,,14.0,,36.0,4.9,8.3,92.0,110.0,1016.9,199.0,0.0,,50.0
2025-07-14 22:00:00,14.2,14.7,,13.5,,42.0,6.1,10.5,94.0,98.0,1016.8,157.0,0.0,,10.0
2025-07-14 23:00:00,14.1,14.7,,13.5,,44.0,3.1,8.1,137.0,114.0,1016.8,81.0,0.0,,
2025-07-15 00:00:00,13.8,14.3,18.3,13.4,11.3,45.0,3.6,9.4,137.0,116.0,1016.9,25.0,0.0,0.0,
2025-07-15 01:00:00,12.6,13.7,,12.2,,51.0,4.2,9.4,89.0,92.0,1016.7,15.0,0.0,,
2025-07-15 02:00:00,12.5,12.8,,12.1,,48.0,5.3,8.9,113.0,98.0,1016.5,14.0,0.0,,
2025-07-15 03:00:00,12.7,13.3,,12.0,,47.0,3.5,8.8,104.0,101.0,1015.9,16.0,0.0,,
2025-07-15 04:00:00,13.2,13.4,,12.7,,42.0,4.6,9.0,107.0,108.0,1015.7,36.0,0.0,,
2025-07-15 05:00:00,13.1,13.5,,12.6,,42.0,4.9,7.9,113.0,104.0,1015.7,78.0,0.0,,
2025-07-15 06:00:00,12.5,13.2,17.1,11.6,11.6,47.0,2.6,5.9,91.0,112.0,1016.1,135.0,0.0,0.0,
2025-07-15 07:00:00,12.1,12.7,,10.7,,52.0,3.3,6.8,127.0,101.0,1016.2,200.0,0.0,,
2025-07-15 08:00:00,10.1,11.6,,8.8,,58.0,0.9,3.4,157.0,130.0,1016.7,276.0,0.0,,
2025-07-15 09:00:00,11.4,12.6,,10.3,,52.0,1.0,3.2,178.0,139.0,1016.8,369.0,0.0,,
2025-07-15 10:00:00,12.0,13.6,,10.8,,49.0,0.7,1.8,149.0,177.0,1017.2,465.0,0.0,,
2025-07-15 11:00:00,11.8,13.7,,9.1,,51.0,0.7,2.0,148.0,175.0,1017.7,548.0,0.0,,
2025-07-15 12:00:00,11.4,12.2,13.7,9.3,8.8,53.0,0.8,2.2,170.0,225.0,1018.0,606.0,0.0,0.0,
2025-07-15 13:00:00,10.3,11.3,,9.3,,55.0,1.2,2.2,150.0,156.0,1018.0,642.0,0.0,,
2025-07-15 14:00:00,9.4,11.1,,6.8,,58.0,0.9,2.1,155.0,178.0,1018.3,653.0,0.0,,
2025-07-15 15:00:00,9.9,11.5,,8.6,,54.0,1.0,2.0,160.0,177.0,1018.5,640.0,0.0,,
2025-07-15 16:00:00,12.1,13.4,,11.3,,45.0,1.0,2.4,183.0,234.0,1018.3,610.0,0.0,,
2025-07-15 17:00:00,13.0,13.8,,12.7,,43.0,1.0,2.5,147.0,174.0,1018.7,553.0,0.0,,
2025-07-15 18:00:00,12.7,13.2,13.8,11.7,6.8,43.0,1.1,2.4,171.0,165.0,1019.0,480.0,0.0,0.0,
2025-07-15 19:00:00,13.2,13.9,,12.4,,39.0,0.8,1.8,232.0,229.0,1018.9,400.0,0.0,,
2025-07-15 20:00:00,13.9,14.6,,12.3,,37.0,0.6,2.2,164.0,166.0,1019.1,313.0,0.0,,
2025-07-15 21:00:00,13.3,14.4,,12.2,,40.0,0.5,1.8,272.0,188.0,1019.5,224.0,0.0,,
2025-07-15 22:00:00,13.3,14.5,,12.2,,42.0,0.6,1.4,189.0,180.0,1019.6,147.0,0.0,,
2025-07-15 23:00:00,11.9,12.6,,11.4,,48.0,0.2,1.0,162.0,164.0,1019.7,74.0,0.0,,
2025-07-16 00:00:00,11.4,11.6,14.6,11.2,6.8,47.0,0.2,0.9,0.0,286.0,1019.6,21.0,0.0,0.0,
2025-07-16 01:00:00,11.0,11.2,,10.6,,50.0,0.0,0.4,0.0,0.0,1019.5,16.0,0.0,,
2025-07-16 02:00:00,10.5,10.9,,10.2,,51.0,0.4,1.4,149.0,267.0,1019.4,12.0,0.0,,
2025-07-16 03:00:00,10.0,10.3,,9.3,,53.0,0.1,0.6,0.0,314.0,1019.4,14.0,0.0,,
2025-07-16 04:00:00,10.5,11.0,,10.1,,49.0,0.4,1.2,243.0,319.0,1018.6,35.0,0.0,,
2025-07-16 05:00:00,10.9,11.3,,10.4,,44.0,0.4,0.7,251.0,231.0,1018.6,81.0,0.0,,
2025-07-16 06:00:00,10.1,11.4,14.6,7.3,7.3,51.0,0.6,1.5,206.0,166.0,1018.5,149.0,0.0,0.0,10.0
2025-07-16 07:00:00,8.4,9.4,,7.1,,58.0,0.4,1.1,280.0,150.0,1018.1,201.0,0.0,,
2025-07-16 08:00:00,9.1,10.6,,7.8,,55.0,0.3,1.0,164.0,144.0,1018.1,275.0,0.0,,10.0
2025-07-16 09:00:00,10.3,12.3,,8.6,,54.0,0.4,1.3,216.0,136.0,1017.6,364.0,0.0,,
2025-07-16 10:00:00,10.4,11.5,,9.8,,56.0,0.4,1.6,330.0,119.0,1017.3,456.0,0.0,,
2025-07-16 11:00:00,12.2,13.2,,11.0,,50.0,1.0,2.2,146.0,147.0,1017.3,534.0,0.0,,
2025-07-16 12:00:00,13.2,14.1,14.1,11.9,7.1,47.0,2.4,4.0,156.0,146.0,1016.7,589.0,0.0,0.0,
2025-07-16 13:00:00,11.0,12.8,,8.1,,54.0,2.6,3.8,145.0,149.0,1016.7,623.0,0.0,,
2025-07-16 14:00:00,9.6,10.6,,8.4,,56.0,2.1,3.9,150.0,154.0,1016.3,637.0,0.0,,
2025-07-16 15:00:00,8.2,9.5,,6.8,,60.0,1.6,3.2,163.0,151.0,1015.9,620.0,0.0,,
2025-07-16 16:00:00,12.1,14.9,,8.7,,50.0,0.8,2.2,195.0,140.0,1014.9,595.0,0.0,,
2025-07-16 17:00:00,10.6,13.0,,9.1,,55.0,1.6,3.1,146.0,151.0,1014.6,534.0,0.0,,
2025-07-16 18:00:00,13.3,17.0,17.0,11.2,6.8,48.0,0.5,1.9,359.0,91.0,1013.7,387.0,0.0,0.0,50.0
2025-07-16 19:00:00,15.1,16.7,,13.1,,43.0,0.6,2.0,175.0,151.0,1013.5,378.0,0.0,,
2025-07-16 20:00:00,14.2,16.1,,13.2,,46.0,1.0,2.9,120.0,147.0,1013.3,304.0,0.0,,75.0
2025-07-16 21:00:00,14.8,16.8,,13.6,,43.0,1.2,2.9,135.0,147.0,1012.9,219.0,0.0,,
2025-07-16 22:00:00,14.4,16.1,,11.2,,44.0,1.3,4.4,146.0,145.0,1012.7,151.0,0.0,,10.0
2025-07-16 23:00:00,14.8,16.6,,11.3,,42.0,0.7,2.2,46.0,41.0,1012.1,81.0,0.0,,
2025-07-17 00:00:00,11.5,14.0,17.0,9.3,6.8,52.0,1.8,3.6,104.0,137.0,1011.9,21.0,0.0,0.0,
2025-07-17 01:00:00,10.3,14.0,,7.2,,57.0,1.3,4.0,143.0,116.0,1011.6,15.0,0.0,,
2025-07-17 02:00:00,10.8,13.4,,7.6,,55.0,0.9,2.5,159.0,116.0,1011.0,14.0,0.0,,
2025-07-17 03:00:00,13.1,13.9,,11.8,,43.0,1.6,4.7,29.0,32.0,1010.5,18.0,0.0,,100.0
2025-07-17 04:00:00,13.4,14.6,,12.0,,41.0,1.6,3.5,38.0,29.0,1010.0,40.0,0.0,,90.0
2025-07-17 05:00:00,13.4,14.7,,10.3,,42.0,1.5,4.2,113.0,40.0,1010.0,77.0,0.0,,
2025-07-17 06:00:00,13.3,14.8,16.8,11.8,7.2,41.0,2.5,5.6,31.0,26.0,1009.8,133.0,0.0,0.0,75.0
2025-07-17 07:00:00,14.8,17.0,,12.7,,38.0,1.3,4.1,32.0,77.0,1009.7,188.0,0.0,,
2025-07-17 08:00:00,11.6,14.3,,9.5,,52.0,2.3,4.2,139.0,132.0,1009.8,246.0,0.0,,75.0
2025-07-17 09:00:00,12.8,14.6,,11.2,,49.0,1.8,6.6,147.0,149.0,1009.8,358.0,0.0,,
2025-07-17 10:00:00,10.6,11.8,,9.6,,57.0,3.4,6.3,152.0,151.0,1010.3,437.0,0.0,,10.0
2025-07-17 11:00:00,10.2,13.4,,8.1,,57.0,3.1,5.5,123.0,146.0,1010.4,517.0,0.0,,
2025-07-17 12:00:00,14.0,16.4,17.0,12.2,7.2,44.0,2.4,5.1,146.0,133.0,1010.5,576.0,0.0,0.0,60.0
2025-07-17 13:00:00,12.5,14.0,,11.5,,51.0,1.5,3.0,140.0,148.0,1010.6,494.0,0.0,,75.0
2025-07-17 14:00:00,14.3,16.1,,12.5,,45.0,0.9,2.5,185.0,203.0,1010.9,496.0,0.0,,100.0
2025-07-17 15:00:00,12.6,13.3,,11.8,,48.0,1.0,2.8,234.0,251.0,1011.3,349.0,0.0,,50.0
2025-07-17 16:00:00,12.5,13.9,,11.6,,46.0,1.9,4.4,222.0,226.0,1011.6,719.0,0.0,,100.0
2025-07-17 17:00:00,11.5,13.2,,10.9,,48.0,1.9,4.0,246.0,238.0,1011.9,328.0,0.0,,100.0
2025-07-17 18:00:00,12.7,13.7,17.0,12.0,8.1,43.0,1.9,3.5,203.0,231.0,1012.0,347.0,0.0,0.0,100.0
2025-07-17 19:00:00,14.5,15.7,,9.4,,37.0,2.7,8.5,253.0,274.0,1012.4,173.0,0.0,,100.0
2025-07-17 20:00:00,13.6,15.7,,9.2,,41.0,4.3,14.8,25.0,355.0,1012.2,158.0,0.0,,100.0
2025-07-17 21:00:00,14.8,15.6,,13.5,,37.0,12.1,22.7,53.0,36.0,1011.1,68.0,0.0,,100.0
2025-07-17 22:00:00,14.1,15.1,,12.1,,41.0,15.0,25.6,31.0,48.0,1012.4,30.0,0.0,,90.0
2025-07-17 23:00:00,13.6,15.3,,12.4,,40.0,12.9,21.7,38.0,34.0,1012.1,21.0,0.0,,100.0
2025-07-18 00:00:00,13.6,15.1,16.1,7.5,7.5,41.0,11.2,21.7,175.0,46.0,1013.7,7.0,0.0,0.0,100.0
2025-07-18 01:00:00,7.8,9.3,,7.0,,63.0,2.5,6.1,186.0,184.0,1014.0,5.0,0.0,,100.0
2025-07-18 02:00:00,8.2,11.4,,7.1,,60.0,2.3,9.3,217.0,344.0,1014.2,11.0,0.0,,100.0
2025-07-18 03:00:00,7.5,7.8,,7.4,,62.0,0.7,2.1,261.0,213.0,1014.3,15.0,0.0,,100.0
2025-07-18 04:00:00,7.6,7.8,,7.4,,62.0,0.8,2.4,250.0,267.0,1014.3,20.0,0.0,,100.0
2025-07-18 05:00:00,6.3,7.5,,4.4,,70.0,1.0,2.4,357.0,240.0,1014.3,52.0,0.0,,100.0
2025-07-18 06:00:00,6.4,7.1,15.7,5.3,4.4,68.0,0.8,2.4,205.0,232.0,1014.5,112.0,0.0,0.0,100.0
2025-07-18 07:00:00,5.5,6.4,,5.1,,75.0,1.2,2.9,241.0,257.0,1014.5,157.0,0.0,,60.0
2025-07-18 08:00:00,5.5,5.8,,5.2,,73.0,0.8,1.6,275.0,254.0,1014.5,129.0,0.0,,100.0
2025-07-18 09:00:00,5.8,5.9,,5.5,,72.0,1.6,3.1,251.0,268.0,1014.5,206.0,0.0,,100.0
2025-07-18 10:00:00,6.0,6.6,,5.4,,72.0,1.1,2.4,240.0,249.0,1014.3,437.0,0.0,,100.0
2025-07-18 11:00:00,7.0,7.7,,6.2,,67.0,0.8,2.2,173.0,195.0,1013.9,337.0,0.0,,100.0
2025-07-18 12:00:00,7.1,7.6,11.4,6.7,4.4,67.0,1.0,2.1,257.0,223.0,1013.8,312.0,0.0,0.0,100.0
2025-07-18 13:00:00,8.6,10.2,,6.9,,62.0,0.7,1.8,273.0,242.0,1013.3,495.0,0.0,,90.0
2025-07-18 14:00:00,8.5,10.3,,7.1,,62.0,1.3,2.3,266.0,244.0,1012.9,635.0,0.0,,90.0
2025-07-18 15:00:00,8.8,9.8,,8.1,,61.0,1.4,2.8,261.0,244.0,1012.2,684.0,0.0,,
2025-07-18 16:00:00,9.1,9.9,,8.3,,59.0,1.8,4.1,246.0,256.0,1012.0,615.0,0.0,,
2025-07-18 17:00:00,9.6,10.8,,8.1,,57.0,1.4,3.6,228.0,255.0,1011.4,506.0,0.0,,
2025-07-18 18:00:00,9.7,10.9,10.9,8.5,5.1,58.0,1.1,2.7,220.0,179.0,1010.8,397.0,0.0,0.0,60.0
2025-07-18 19:00:00,8.6,10.3,,7.0,,62.0,1.0,2.9,250.0,245.0,1010.9,394.0,0.0,,
2025-07-18 20:00:00,8.9,10.2,,7.1,,60.0,1.5,3.1,169.0,157.0,1010.8,301.0,0.0,,
2025-07-18 21:00:00,6.9,7.5,,6.5,,65.0,1.2,2.7,183.0,181.0,1010.4,214.0,0.0,,
2025-07-18 22:00:00,6.9,7.6,,6.4,,67.0,1.0,2.0,172.0,180.0,1010.2,137.0,0.0,,
2025-07-18 23:00:00,6.5,6.8,,6.2,,69.0,0.7,1.4,248.0,237.0,1010.0,68.0,0.0,,
2025-07-19 00:00:00,7.2,7.7,10.9,6.8,6.2,66.0,0.5,1.5,107.0,97.0,1009.7,23.0,0.0,0.0,
2025-07-19 01:00:00,6.3,7.4,,5.0,,71.0,0.5,1.4,145.0,158.0,1009.5,14.0,0.0,,
2025-07-19 02:00:00,6.0,6.3,,5.4,,72.0,0.7,2.0,113.0,148.0,1009.4,11.0,0.0,,
2025-07-19 03:00:00,5.5,6.0,,4.9,,74.0,0.7,1.8,0.0,160.0,1009.2,13.0,0.0,,
2025-07-19 04:00:00,5.6,5.9,,5.2,,73.0,0.2,0.8,207.0,306.0,1008.9,29.0,0.0,,
2025-07-19 05:00:00,5.6,6.4,,4.9,,72.0,0.5,1.2,0.0,151.0,1008.8,69.0,0.0,,
2025-07-19 06:00:00,6.0,7.2,10.3,5.0,4.9,72.0,0.4,1.9,234.0,278.0,1008.9,122.0,0.0,0.0,
2025-07-19 07:00:00,6.2,7.2,,5.7,,70.0,1.2,2.0,166.0,152.0,1009.0,207.0,0.0,,25.0
2025-07-19 08:00:00,7.4,8.3,,6.0,,64.0,0.8,2.1,149.0,165.0,1009.3,281.0,0.0,,
2025-07-19 09:00:00,6.3,6.9,,5.6,,70.0,0.8,1.9,309.0,174.0,1009.1,383.0,0.0,,60.0
2025-07-19 10:00:00,6.3,7.1,,5.3,,71.0,0.6,2.1,269.0,242.0,1009.3,301.0,0.0,,10.0
2025-07-19 11:00:00,5.7,7.0,,5.0,,75.0,1.0,3.0,165.0,228.0,1009.5,335.0,0.0,,100.0
2025-07-19 12:00:00,6.4,7.0,8.3,5.3,4.9,72.0,0.6,1.7,163.0,185.0,1009.8,267.0,0.0,0.0,100.0
2025-07-19 13:00:00,6.8,8.3,,5.4,,71.0,0.9,2.7,133.0,224.0,1009.9,310.0,0.0,,100.0
2025-07-19 14:00:00,6.4,8.1,,5.0,,73.0,0.9,2.8,262.0,152.0,1010.1,251.0,0.0,,100.0
2025-07-19 15:00:00,7.2,8.4,,5.7,,69.0,0.9,2.1,168.0,242.0,1010.1,183.0,0.0,,100.0
2025-07-19 16:00:00,6.5,7.9,,5.3,,71.0,1.5,3.3,242.0,166.0,1010.1,176.0,0.0,,100.0
2025-07-19 17:00:00,7.3,7.5,,7.0,,67.0,0.9,2.1,231.0,192.0,1010.2,192.0,0.0,,100.0
2025-07-19 18:00:00,6.7,7.3,8.4,6.0,5.0,71.0,2.1,4.3,279.0,278.0,1010.2,113.0,0.0,0.0,100.0
2025-07-19 19:00:00,5.4,6.8,,4.5,,76.0,2.0,4.1,259.0,271.0,1010.6,100.0,0.0,,100.0
2025-07-19 20:00:00,4.2,5.0,,3.8,,82.0,0.7,2.2,265.0,239.0,1010.4,71.0,0.0,,100.0
2025-07-19 21:00:00,4.3,4.9,,3.8,,84.0,0.6,1.6,209.0,236.0,1010.6,78.0,0.0,,100.0
2025-07-19 22:00:00,4.6,5.0,,4.1,,83.0,1.2,2.4,233.0,234.0,1010.7,55.0,0.0,,100.0
2025-07-19 23:00:00,4.5,5.1,,4.1,,83.0,1.0,2.6,232.0,247.0,1010.9,35.0,0.0,,100.0
2025-07-20 00:00:00,5.0,6.7,8.4,4.3,3.8,80.0,0.6,5.7,14.0,229.0,1010.7,19.0,0.0,0.0,100.0
2025-07-20 01:00:00,5.0,7.1,,4.5,,79.0,2.0,7.7,187.0,187.0,1010.9,7.0,0.0,,100.0
2025-07-20 02:00:00,4.4,4.8,,3.9,,83.0,0.9,2.7,139.0,201.0,1010.8,5.0,0.0,,100.0
2025-07-20 03:00:00,5.1,5.3,,4.8,,78.0,1.2,3.0,192.0,170.0,1010.8,6.0,0.0,,100.0
2025-07-20 04:00:00,4.8,5.3,,4.3,,81.0,1.4,3.7,180.0,176.0,1010.7,9.0,0.0,,100.0
2025-07-20 05:00:00,4.5,5.5,,4.3,,83.0,1.0,4.3,295.0,222.0,1010.9,25.0,0.0,,100.0
2025-07-20 06:00:00,4.8,4.8,7.1,4.6,3.8,80.0,1.0,2.1,268.0,276.0,1011.0,34.0,0.0,0.0,100.0
2025-07-20 07:00:00,4.8,5.1,,4.6,,79.0,1.3,3.7,193.0,204.0,1011.2,47.0,0.0,,100.0
2025-07-20 08:00:00,5.2,6.9,,4.5,,76.0,,,,,1011.2,65.0,0.0,,100.0
2025-07-20 09:00:00,5.5,7.1,,4.1,,76.0,3.5,10.5,293.0,26.0,1011.3,94.0,0.0,,100.0
2025-07-20 10:00:00,5.7,8.1,,4.3,,76.0,2.7,9.4,204.0,59.0,1011.4,188.0,0.0,,100.0
2025-07-20 11:00:00,4.6,5.1,,4.3,,83.0,1.6,5.4,205.0,207.0,1011.5,250.0,0.0,,100.0
2025-07-20 12:00:00,4.9,5.2,8.1,4.4,3.9,79.0,1.4,3.6,232.0,225.0,1011.4,331.0,0.0,0.0,100.0
2025-07-20 13:00:00,5.3,5.7,,5.0,,76.0,1.1,2.8,242.0,246.0,1011.2,353.0,0.0,,100.0
2025-07-20 14:00:00,5.9,6.3,,5.4,,74.0,1.1,2.1,216.0,216.0,1010.9,351.0,0.0,,100.0
2025-07-20 15:00:00,6.2,6.6,,5.9,,72.0,0.9,2.6,247.0,243.0,1010.5,356.0,0.0,,100.0
2025-07-20 16:00:00,6.4,6.7,,6.1,,70.0,1.1,2.2,245.0,248.0,1010.3,354.0,0.0,,100.0
2025-07-20 17:00:00,6.5,6.8,,6.3,,69.0,1.1,2.2,250.0,246.0,1010.2,358.0,0.0,,100.0
2025-07-20 18:00:00,6.2,6.4,8.1,5.9,4.1,70.0,1.3,2.5,244.0,249.0,1010.0,245.0,0.0,0.0,100.0
2025-07-20 19:00:00,6.9,7.5,,6.1,,67.0,1.1,2.7,261.0,253.0,1009.8,356.0,0.0,,100.0
2025-07-20 20:00:00,7.2,8.0,,6.5,,67.0,1.3,3.5,278.0,261.0,1009.8,239.0,0.0,,100.0
2025-07-20 21:00:00,6.8,7.5,,6.2,,68.0,1.5,3.9,277.0,270.0,1009.7,227.0,0.0,,10.0
2025-07-20 22:00:00,7.1,7.8,,6.2,,67.0,0.9,2.3,267.0,258.0,1009.3,114.0,0.0,,100.0
2025-07-20 23:00:00,5.8,6.8,,5.0,,74.0,1.0,2.1,196.0,186.0,1009.5,43.0,0.0,,100.0
2025-07-21 00:00:00,5.1,5.3,8.0,4.6,4.6,77.0,0.6,1.4,194.0,207.0,1009.3,21.0,0.0,0.0,100.0
2025-07-21 01:00:00,4.4,4.6,,4.4,,79.0,0.6,1.3,327.0,207.0,1009.2,9.0,0.0,,100.0
2025-07-21 02:00:00,4.7,5.0,,4.5,,77.0,,,,,,,0.0,,
2025-07-21 03:00:00,4.8,5.5,,4.4,,79.0,,,,,,,0.0,,
2025-07-21 04:00:00,4.1,4.5,,3.6,,88.0,1.5,4.0,108.0,141.0,1008.7,31.0,0.0,,
2025-07-21 05:00:00,4.6,5.2,,4.3,,86.0,0.7,3.2,88.0,99.0,1008.5,54.0,0.0,,
2025-07-21 06:00:00,4.8,5.5,8.0,4.1,3.6,84.0,0.9,2.5,247.0,188.0,1008.6,116.0,0.0,0.0,60.0
2025-07-21 07:00:00,5.3,5.9,,4.2,,80.0,1.1,3.0,138.0,144.0,1008.6,207.0,0.0,,100.0
2025-07-21 08:00:00,6.8,7.4,,5.8,,72.0,1.9,4.0,89.0,117.0,1008.8,294.0,0.0,,10.0
2025-07-21 09:00:00,6.9,7.5,,6.5,,71.0,3.1,6.4,119.0,113.0,1008.9,357.0,0.0,,
2025-07-21 10:00:00,6.5,7.1,,6.2,,71.0,4.6,6.7,117.0,109.0,1009.2,455.0,0.0,,
2025-07-21 11:00:00,7.3,8.2,,6.6,,68.0,3.3,6.4,128.0,116.0,1009.0,531.0,0.0,,
2025-07-21 12:00:00,7.7,8.1,8.2,7.3,3.6,66.0,3.0,6.4,94.0,128.0,1009.2,589.0,0.0,0.0,
2025-07-21 13:00:00,7.4,8.0,,6.8,,67.0,3.0,7.4,133.0,118.0,1009.4,627.0,0.0,,
2025-07-21 14:00:00,7.7,8.4,,6.8,,67.0,3.3,7.3,149.0,143.0,1009.5,644.0,0.0,,
2025-07-21 15:00:00,8.0,8.3,,7.7,,66.0,4.7,8.0,127.0,140.0,1009.5,627.0,0.0,,
2025-07-21 16:00:00,8.4,9.3,,7.6,,64.0,4.0,8.7,132.0,134.0,1009.6,598.0,0.0,,
2025-07-21 17:00:00,8.8,9.4,,8.4,,62.0,4.5,9.9,81.0,122.0,1009.5,544.0,0.0,,
2025-07-21 18:00:00,8.6,9.6,9.6,8.0,4.2,62.0,4.5,9.4,77.0,110.0,1009.6,473.0,0.0,0.0,
2025-07-21 19:00:00,7.3,8.6,,6.2,,71.0,6.2,11.6,124.0,126.0,1009.7,390.0,0.0,,
2025-07-21 20:00:00,5.5,6.4,,5.0,,85.0,5.7,12.1,129.0,133.0,1010.3,240.0,0.0,,100.0
2025-07-21 21:00:00,4.9,5.4,,4.7,,91.0,4.5,12.5,129.0,130.0,1010.7,67.0,0.0,,100.0
2025-07-21 22:00:00,4.9,5.1,,4.8,,93.0,4.2,10.5,85.0,106.0,1010.6,45.0,0.0,,100.0
2025-07-21 23:00:00,4.8,5.0,,4.5,,94.0,5.3,10.4,92.0,88.0,1010.9,22.0,0.0,,100.0
2025-07-22 00:00:00,4.6,4.8,9.6,4.4,4.4,95.0,3.8,9.7,78.0,97.0,1010.8,9.0,0.0,0.0,100.0
2025-07-22 01:00:00,4.9,5.1,,4.6,,92.0,2.7,7.4,72.0,110.0,1010.6,8.0,0.0,,50.0
2025-07-22 02:00:00,3.9,4.6,,3.2,,93.0,4.0,7.7,73.0,84.0,1011.1,6.0,0.0,,100.0
2025-07-22 03:00:00,2.9,3.2,,2.6,,95.0,5.1,8.3,70.0,83.0,1011.3,10.0,0.0,,60.0
2025-07-22 04:00:00,2.9,3.4,,2.6,,93.0,3.2,6.1,90.0,81.0,1011.5,31.0,0.0,,75.0
2025-07-22 05:00:00,3.0,3.4,,2.5,,92.0,2.5,5.8,58.0,96.0,1012.0,40.0,0.0,,
2025-07-22 06:00:00,3.7,4.2,8.6,3.2,2.5,89.0,1.2,3.4,201.0,87.0,1012.5,113.0,0.0,0.0,
2025-07-22 07:00:00,3.4,4.0,,3.1,,90.0,1.3,2.8,260.0,170.0,1013.1,196.0,0.0,,
2025-07-22 08:00:00,3.7,4.0,,3.4,,87.0,1.3,2.8,236.0,195.0,1013.5,292.0,0.0,,10.0
2025-07-22 09:00:00,3.9,5.1,,3.3,,89.0,1.9,4.1,35.0,309.0,1013.7,375.0,0.0,,25.0
2025-07-22 10:00:00,4.4,5.2,,3.9,,87.0,1.2,2.8,257.0,205.0,1014.2,443.0,0.0,,10.0
2025-07-22 11:00:00,4.2,5.6,,3.6,,88.0,1.6,3.6,171.0,253.0,1014.5,514.0,0.0,,25.0
2025-07-22 12:00:00,6.0,6.8,6.8,5.2,2.5,77.0,1.8,3.8,240.0,242.0,1014.7,577.0,0.0,0.0,10.0
2025-07-22 13:00:00,5.6,5.9,,5.3,,80.0,1.5,2.8,240.0,241.0,1015.0,386.0,0.0,,100.0
2025-07-22 14:00:00,6.4,7.4,,5.8,,74.0,1.6,3.1,198.0,223.0,1015.1,466.0,0.0,,100.0
2025-07-22 15:00:00,7.1,7.6,,6.7,,70.0,2.1,4.1,181.0,194.0,1015.2,461.0,0.0,,100.0
2025-07-22 16:00:00,7.4,7.7,,7.2,,69.0,2.1,4.2,179.0,206.0,1015.2,393.0,0.0,,100.0
2025-07-22 17:00:00,7.2,7.5,,6.8,,72.0,1.5,3.6,185.0,196.0,1015.4,222.0,0.0,,100.0
2025-07-22 18:00:00,7.0,7.5,7.7,5.9,3.1,73.0,1.9,4.2,316.0,300.0,1015.3,188.0,0.0,0.0,100.0
2025-07-22 19:00:00,,,,,,81.0,,,,,,95.0,0.0,,100.0
2025-07-22 20:00:00,6.3,6.6,,5.7,,80.0,0.9,2.5,247.0,249.0,1015.4,86.0,0.5,,100.0
2025-07-22 21:00:00,5.9,6.4,,5.7,,84.0,1.8,3.1,332.0,286.0,1015.7,45.0,0.0,,100.0
2025-07-22 22:00:00,6.0,6.6,,5.6,,87.0,1.6,4.6,234.0,325.0,1015.7,15.0,0.0,,100.0
2025-07-22 23:00:00,5.4,5.7,,5.0,,94.0,0.9,2.1,302.0,272.0,1015.8,10.0,0.7,,100.0
2025-07-23 00:00:00,5.8,6.0,7.7,5.5,5.0,93.0,0.7,1.9,210.0,300.0,1015.7,2.0,0.1,1.2,100.0
2025-07-23 01:00:00,5.3,5.6,,4.7,,96.0,0.7,1.9,270.0,228.0,1015.8,2.0,0.5,,100.0
2025-07-23 02:00:00,5.1,5.7,,4.6,,97.0,0.7,1.7,146.0,14.0,1015.7,1.0,0.5,,100.0
2025-07-23 03:00:00,5.3,5.7,,4.9,,97.0,1.0,2.5,19.0,142.0,1015.5,1.0,0.1,,100.0
2025-07-23 04:00:00,5.8,6.3,,5.2,,98.0,1.7,4.3,241.0,19.0,1015.2,2.0,0.9,,100.0
2025-07-23 05:00:00,5.8,6.2,,5.3,,98.0,0.7,1.7,183.0,266.0,1014.9,4.0,1.4,,100.0
2025-07-23 06:00:00,5.9,6.2,7.0,5.6,4.6,99.0,0.3,0.9,156.0,145.0,1014.8,10.0,1.5,6.1,100.0
2025-07-23 07:00:00,5.4,5.8,,5.1,,99.0,0.7,1.4,114.0,193.0,1015.0,20.0,0.2,,100.0
2025-07-23 08:00:00,5.5,5.9,,5.2,,99.0,0.6,1.6,243.0,69.0,1015.1,23.0,0.3,,100.0
2025-07-23 09:00:00,5.6,6.0,,5.3,,99.0,0.4,1.1,238.0,266.0,1014.7,57.0,0.4,,100.0
2025-07-23 10:00:00,5.6,6.0,,5.3,,99.0,0.5,2.3,259.0,257.0,1014.5,87.0,0.3,,100.0
2025-07-23 11:00:00,5.4,5.9,,5.1,,99.0,0.9,2.4,188.0,223.0,1014.3,123.0,0.1,,100.0
2025-07-23 12:00:00,5.7,6.0,6.3,5.4,4.6,99.0,0.6,1.5,232.0,181.0,1014.2,123.0,0.1,7.5,100.0
2025-07-23 13:00:00,5.6,6.1,,5.3,,98.0,0.5,1.3,250.0,249.0,1014.0,137.0,0.0,,100.0
2025-07-23 14:00:00,6.2,6.9,,5.7,,99.0,0.5,2.2,221.0,274.0,1013.1,130.0,0.2,,100.0
2025-07-23 15:00:00,6.4,7.1,,5.9,,98.0,1.0,2.6,143.0,167.0,1012.9,147.0,0.0,,100.0
2025-07-23 16:00:00,6.9,7.4,,6.1,,98.0,1.5,4.3,111.0,137.0,1012.8,91.0,0.3,,100.0
2025-07-23 17:00:00,7.5,7.9,,7.1,,97.0,2.0,3.8,230.0,83.0,1012.5,91.0,0.3,,100.0
2025-07-23 18:00:00,7.4,7.7,7.9,7.1,5.1,97.0,0.7,1.5,281.0,269.0,1012.2,110.0,0.1,8.5,100.0
2025-07-23 19:00:00,7.2,7.7,,6.2,,98.0,0.5,1.3,164.0,265.0,1011.8,62.0,0.0,,100.0
2025-07-23 20:00:00,6.1,6.7,,5.4,,98.0,0.5,2.1,237.0,245.0,1011.6,35.0,0.0,,100.0
2025-07-23 21:00:00,6.0,6.3,,5.5,,99.0,0.3,0.8,302.0,300.0,1011.2,38.0,0.0,,100.0
2025-07-23 22:00:00,6.5,6.6,,6.3,,99.0,0.3,1.2,157.0,45.0,1010.9,31.0,0.0,,100.0
2025-07-23 23:00:00,6.3,6.6,,6.0,,99.0,0.3,1.1,19.0,34.0,1010.3,22.0,0.0,,100.0
2025-07-24 00:00:00,6.0,6.5,7.9,5.8,5.3,99.0,0.3,1.0,136.0,105.0,1009.9,11.0,0.0,7.2,100.0
2025-07-24 01:00:00,6.1,7.3,,5.6,,99.0,0.5,1.4,67.0,34.0,1009.9,6.0,0.0,,100.0
2025-07-24 02:00:00,6.7,7.2,,5.7,,99.0,1.1,2.3,128.0,51.0,1009.5,5.0,0.0,,100.0
2025-07-24 03:00:00,5.4,6.5,,4.7,,98.0,0.7,1.9,54.0,170.0,1009.3,7.0,0.0,,100.0
2025-07-24 04:00:00,5.3,6.0,,5.0,,99.0,0.5,1.5,54.0,58.0,1008.9,7.0,0.0,,100.0
2025-07-24 05:00:00,5.4,6.4,,4.8,,99.0,0.9,2.2,321.0,15.0,1008.6,17.0,0.0,,100.0
2025-07-24 06:00:00,5.3,5.9,7.7,4.8,4.7,99.0,0.4,1.8,206.0,167.0,1008.4,39.0,0.0,2.3,100.0
2025-07-24 07:00:00,5.8,6.5,,5.3,,99.0,0.4,1.4,359.0,36.0,1007.9,56.0,0.0,,100.0
2025-07-24 08:00:00,5.6,5.8,,5.4,,98.0,0.3,1.3,104.0,184.0,1007.6,58.0,0.0,,100.0
2025-07-24 09:00:00,6.0,6.4,,5.7,,98.0,0.2,0.9,352.0,72.0,1007.4,59.0,0.0,,100.0
2025-07-24 10:00:00,5.9,6.6,,5.3,,97.0,0.4,1.7,52.0,98.0,1007.3,83.0,0.0,,100.0
2025-07-24 11:00:00,6.1,6.8,,5.6,,96.0,0.5,1.2,136.0,158.0,1007.2,115.0,0.0,,100.0
2025-07-24 12:00:00,7.6,8.3,8.3,6.4,4.7,95.0,0.8,2.5,23.0,7.0,1006.9,90.0,0.0,0.9,100.0
2025-07-24 13:00:00,6.5,8.5,,5.5,,97.0,0.7,2.5,360.0,168.0,1006.7,99.0,0.0,,100.0
2025-07-24 14:00:00,6.9,7.8,,6.2,,98.0,0.8,2.1,78.0,137.0,1006.3,149.0,0.0,,100.0
2025-07-24 15:00:00,8.4,8.8,,7.6,,97.0,0.5,1.4,235.0,275.0,1006.0,93.0,0.0,,100.0
2025-07-24 16:00:00,6.6,7.5,,6.2,,98.0,0.5,1.9,34.0,42.0,1005.6,81.0,0.0,,100.0
2025-07-24 17:00:00,7.1,7.5,,6.7,,98.0,0.6,3.0,106.0,10.0,1005.2,65.0,0.0,,100.0
2025-07-24 18:00:00,7.2,7.5,8.8,6.8,5.3,99.0,0.2,0.8,22.0,120.0,1004.8,52.0,0.1,0.0,100.0
2025-07-24 19:00:00,6.0,7.6,,5.5,,99.0,0.8,1.7,298.0,280.0,1004.4,54.0,0.3,,100.0
2025-07-24 20:00:00,5.5,6.0,,5.0,,99.0,0.4,1.2,253.0,228.0,1004.3,37.0,0.0,,100.0
2025-07-24 21:00:00,5.1,5.6,,4.8,,99.0,0.9,2.4,146.0,172.0,1003.8,14.0,0.0,,100.0
2025-07-24 22:00:00,5.1,5.9,,4.8,,99.0,1.1,2.0,193.0,92.0,1003.3,11.0,0.0,,100.0
2025-07-24 23:00:00,5.2,5.7,,4.8,,99.0,0.6,1.6,230.0,240.0,1003.1,3.0,0.2,,100.0
2025-07-25 00:00:00,5.1,5.4,8.8,4.9,4.8,100.0,0.3,0.9,124.0,82.0,1002.6,1.0,1.1,1.6,100.0
2025-07-25 01:00:00,5.2,5.6,,5.1,,100.0,0.6,1.9,23.0,117.0,1002.1,0.0,0.8,,100.0
2025-07-25 02:00:00,5.4,5.7,,5.2,,100.0,0.3,1.2,172.0,230.0,1001.6,0.0,0.3,,100.0
2025-07-25 03:00:00,5.6,6.6,,5.2,,100.0,0.6,1.5,240.0,107.0,1001.2,0.0,0.3,,100.0
2025-07-25 04:00:00,5.9,6.2,,5.4,,100.0,0.3,1.2,292.0,70.0,1000.4,0.0,0.0,,100.0
2025-07-25 05:00:00,5.8,6.2,,5.4,,100.0,0.5,2.5,108.0,156.0,1000.0,3.0,1.2,,100.0
2025-07-25 06:00:00,5.9,6.4,7.6,5.4,4.8,100.0,0.7,1.5,202.0,192.0,1000.1,5.0,1.8,6.0,100.0
2025-07-25 07:00:00,5.8,6.0,,5.4,,100.0,0.8,2.2,261.0,293.0,999.8,9.0,0.4,,100.0
2025-07-25 08:00:00,5.7,6.2,,5.3,,100.0,0.8,2.4,254.0,255.0,999.5,17.0,0.0,,100.0
2025-07-25 09:00:00,6.3,7.5,,5.5,,99.0,1.8,5.6,359.0,8.0,999.2,17.0,0.0,,100.0
2025-07-25 10:00:00,7.6,8.7,,5.7,,93.0,4.6,10.5,11.0,34.0,999.2,29.0,0.1,,100.0
2025-07-25 11:00:00,8.0,8.7,,6.1,,92.0,7.6,12.9,33.0,29.0,998.8,39.0,0.0,,100.0
2025-07-25 12:00:00,8.3,8.6,8.7,7.8,5.1,88.0,11.0,15.1,52.0,48.0,999.2,36.0,0.0,6.4,100.0
2025-07-25 13:00:00,8.2,8.3,,8.0,,87.0,9.1,13.2,25.0,23.0,998.8,46.0,0.0,,100.0
2025-07-25 14:00:00,8.6,9.0,,8.2,,85.0,6.6,12.7,327.0,360.0,999.3,44.0,0.0,,100.0
2025-07-25 15:00:00,9.1,9.4,,8.8,,81.0,4.4,11.9,356.0,333.0,999.0,36.0,0.0,,100.0
2025-07-25 16:00:00,8.9,9.0,,8.6,,82.0,4.5,14.7,23.0,3.0,998.5,48.0,0.0,,100.0
2025-07-25 17:00:00,8.6,8.7,,8.4,,83.0,9.0,16.2,24.0,25.0,998.7,40.0,0.0,,100.0
2025-07-25 18:00:00,8.4,8.7,9.4,8.3,5.3,84.0,10.3,14.8,27.0,25.0,998.8,39.0,0.0,6.3,100.0
2025-07-25 19:00:00,8.6,8.8,,8.3,,77.0,7.0,14.4,339.0,12.0,998.8,29.0,0.0,,100.0
2025-07-25 20:00:00,8.7,8.9,,8.5,,63.0,4.5,14.2,322.0,333.0,999.3,14.0,0.0,,100.0
2025-07-25 21:00:00,8.9,9.3,,8.6,,61.0,7.5,14.7,25.0,4.0,998.9,6.0,0.0,,100.0
2025-07-25 22:00:00,8.3,8.8,,7.9,,67.0,6.7,13.2,29.0,22.0,999.5,5.0,0.0,,100.0
2025-07-25 23:00:00,7.8,9.1,,6.2,,71.0,2.8,6.9,226.0,25.0,999.6,2.0,0.0,,100.0
2025-07-26 00:00:00,6.9,8.1,9.4,6.1,6.1,77.0,0.9,2.4,327.0,358.0,999.3,1.0,0.0,4.8,100.0
2025-07-26 01:00:00,7.2,8.2,,6.1,,75.0,0.9,2.8,176.0,150.0,999.3,0.0,0.0,,100.0
2025-07-26 02:00:00,7.4,8.8,,6.4,,67.0,3.9,9.9,84.0,62.0,999.3,0.0,0.0,,100.0
2025-07-26 03:00:00,6.3,6.7,,5.9,,73.0,2.8,7.7,33.0,48.0,999.3,0.0,0.0,,100.0
2025-07-26 04:00:00,6.1,6.7,,5.7,,74.0,3.3,8.1,19.0,10.0,999.1,1.0,0.0,,100.0
2025-07-26 05:00:00,6.2,7.6,,5.0,,75.0,1.2,3.9,74.0,118.0,998.8,2.0,0.0,,100.0
2025-07-26 06:00:00,7.7,8.3,9.3,6.7,5.0,69.0,2.3,6.7,358.0,7.0,999.2,6.0,0.0,0.4,100.0
2025-07-26 07:00:00,6.8,7.5,,6.1,,76.0,1.2,3.3,301.0,306.0,999.5,12.0,0.0,,100.0
2025-07-26 08:00:00,6.8,7.7,,6.1,,78.0,3.3,7.5,21.0,29.0,999.7,14.0,0.2,,100.0
2025-07-26 09:00:00,7.5,8.3,,6.6,,73.0,2.3,4.9,23.0,7.0,999.8,26.0,0.0,,100.0
2025-07-26 10:00:00,7.1,8.1,,6.1,,78.0,1.5,3.4,276.0,302.0,1000.0,41.0,0.0,,100.0
2025-07-26 11:00:00,6.6,6.8,,6.3,,82.0,1.0,2.5,259.0,261.0,1000.5,83.0,0.0,,100.0
2025-07-26 12:00:00,6.7,7.1,8.8,6.4,5.0,81.0,1.1,2.8,297.0,273.0,1000.8,110.0,0.0,0.1,100.0
2025-07-26 13:00:00,7.4,7.9,,6.9,,76.0,1.2,4.1,309.0,268.0,1001.0,99.0,0.0,,100.0
2025-07-26 14:00:00,8.2,9.1,,7.8,,74.0,1.8,5.3,352.0,298.0,1001.3,107.0,0.0,,100.0
2025-07-26 15:00:00,6.8,8.4,,5.9,,84.0,1.6,3.4,317.0,277.0,1001.8,77.0,0.0,,100.0
2025-07-26 16:00:00,7.6,8.4,,6.6,,84.0,1.2,3.8,340.0,303.0,1002.0,46.0,0.0,,100.0
2025-07-26 17:00:00,6.7,8.4,,5.7,,89.0,1.5,4.7,358.0,291.0,1002.4,43.0,0.3,,100.0
2025-07-26 18:00:00,6.3,7.6,9.1,5.6,5.6,93.0,1.1,3.1,265.0,268.0,1003.1,60.0,0.3,0.7,100.0
2025-07-26 19:00:00,6.8,7.9,,6.1,,92.0,1.6,5.5,21.0,20.0,1003.6,59.0,0.0,,100.0
2025-07-26 20:00:00,7.3,8.2,,6.4,,88.0,3.8,9.4,17.0,19.0,1004.1,30.0,0.0,,100.0
2025-07-26 21:00:00,6.2,7.2,,4.9,,94.0,2.1,6.8,223.0,348.0,1004.7,23.0,0.0,,100.0
2025-07-26 22:00:00,5.5,5.9,,4.9,,98.0,0.7,1.9,202.0,235.0,1005.2,18.0,0.0,,100.0
2025-07-26 23:00:00,5.8,6.0,,5.5,,99.0,0.6,1.9,283.0,130.0,1005.6,11.0,0.0,,100.0
2025-07-27 00:00:00,4.6,5.7,9.1,4.0,4.0,98.0,1.7,3.6,69.0,242.0,1006.2,6.0,0.0,0.7,100.0
2025-07-27 01:00:00,5.4,5.9,,4.8,,95.0,0.9,3.6,19.0,35.0,1006.6,2.0,0.0,,100.0
2025-07-27 02:00:00,6.2,6.8,,5.8,,93.0,1.2,2.6,36.0,39.0,1006.7,0.0,0.6,,100.0
2025-07-27 03:00:00,6.1,6.4,,5.8,,87.0,2.7,5.4,22.0,26.0,1006.8,0.0,1.1,,100.0
2025-07-27 04:00:00,6.0,6.4,,5.4,,86.0,2.3,4.7,51.0,30.0,1007.2,4.0,0.0,,100.0
2025-07-27 05:00:00,5.3,5.7,,4.9,,94.0,0.8,2.3,120.0,147.0,1007.5,10.0,0.1,,100.0
2025-07-27 06:00:00,5.9,6.1,8.2,5.7,4.0,90.0,0.5,1.4,294.0,301.0,1007.9,22.0,0.0,2.4,100.0
2025-07-27 07:00:00,5.3,5.8,,4.9,,94.0,0.7,1.8,293.0,282.0,1008.2,40.0,0.5,,100.0
2025-07-27 08:00:00,5.3,5.6,,4.8,,95.0,0.7,2.7,214.0,261.0,1008.6,80.0,0.4,,100.0
2025-07-27 09:00:00,5.3,6.2,,4.5,,97.0,,,,,,,0.0,,
2025-07-27 10:00:00,4.9,5.3,,4.5,,97.0,0.6,1.7,298.0,281.0,1009.1,129.0,0.0,,100.0
2025-07-27 11:00:00,5.1,5.8,,4.8,,94.0,0.7,1.7,254.0,254.0,1009.3,193.0,0.0,,100.0
2025-07-27 12:00:00,5.3,5.9,6.8,4.9,4.5,91.0,0.9,2.0,157.0,204.0,1009.5,245.0,0.0,3.1,100.0
2025-07-27 13:00:00,5.5,5.7,,4.9,,88.0,1.2,3.0,236.0,222.0,1009.9,342.0,0.0,,100.0
2025-07-27 14:00:00,6.4,7.4,,5.5,,83.0,1.4,3.3,306.0,279.0,1009.7,622.0,0.0,,10.0
2025-07-27 15:00:00,7.1,8.2,,5.3,,80.0,1.4,4.1,253.0,249.0,1009.8,613.0,0.0,,40.0
2025-07-27 16:00:00,7.4,8.1,,5.9,,79.0,1.0,1.9,200.0,250.0,1009.8,513.0,0.0,,50.0
2025-07-27 17:00:00,8.1,8.6,,7.2,,76.0,1.4,2.9,151.0,206.0,1009.6,555.0,0.0,,25.0
2025-07-27 18:00:00,8.6,9.0,9.0,8.1,4.5,73.0,3.3,5.1,149.0,148.0,1009.5,460.0,0.0,2.5,100.0
2025-07-27 19:00:00,8.2,8.6,,8.0,,74.0,3.2,5.3,139.0,146.0,1009.2,361.0,0.0,,
2025-07-27 20:00:00,8.3,8.9,,7.8,,74.0,2.7,5.3,85.0,95.0,1008.5,275.0,0.0,,
2025-07-27 21:00:00,8.8,9.2,,8.2,,73.0,0.9,1.9,195.0,207.0,1008.3,189.0,0.0,,
2025-07-27 22:00:00,8.9,9.2,,8.3,,72.0,0.5,1.3,27.0,343.0,1007.9,113.0,0.0,,
2025-07-27 23:00:00,8.8,9.8,,8.1,,74.0,0.9,2.3,0.0,24.0,1007.7,44.0,0.0,,
2025-07-28 00:00:00,9.5,10.7,10.7,8.2,4.9,68.0,1.1,3.0,73.0,55.0,1007.6,12.0,0.0,2.5,
2025-07-28 01:00:00,9.4,10.3,,8.8,,69.0,0.9,4.4,170.0,52.0,1007.5,5.0,0.0,,
2025-07-28 02:00:00,8.9,9.4,,7.8,,73.0,1.3,4.0,162.0,71.0,1007.3,3.0,0.0,,
2025-07-28 03:00:00,8.0,9.4,,6.4,,76.0,1.8,5.5,308.0,60.0,1007.0,5.0,0.0,,
2025-07-28 04:00:00,7.4,9.3,,4.2,,74.0,1.0,2.3,280.0,26.0,1007.0,12.0,0.0,,
2025-07-28 05:00:00,4.3,5.2,,2.8,,88.0,1.9,3.8,143.0,180.0,1007.2,24.0,0.0,,
2025-07-28 06:00:00,2.9,3.4,10.7,2.3,2.3,91.0,1.5,3.0,347.0,164.0,1007.4,93.0,0.0,0.8,
2025-07-28 07:00:00,3.3,4.8,,2.6,,88.0,1.4,2.6,168.0,152.0,1007.5,168.0,0.0,,
2025-07-28 08:00:00,3.8,5.2,,2.7,,85.0,0.5,1.8,158.0,139.0,1007.5,257.0,0.0,,
2025-07-28 09:00:00,3.5,4.2,,2.5,,87.0,1.1,2.8,209.0,176.0,1007.5,349.0,0.0,,
2025-07-28 10:00:00,4.3,4.9,,3.7,,83.0,0.8,2.8,244.0,245.0,1007.7,436.0,0.0,,
2025-07-28 11:00:00,5.2,5.8,,4.4,,80.0,1.8,3.1,159.0,172.0,1007.4,506.0,0.0,,
2025-07-28 12:00:00,5.4,5.8,10.3,4.9,2.3,79.0,1.4,2.7,240.0,205.0,1007.5,566.0,0.0,0.0,
2025-07-28 13:00:00,6.0,7.4,,5.3,,75.0,1.6,4.7,162.0,185.0,1007.6,604.0,0.0,,
2025-07-28 14:00:00,6.3,7.3,,4.9,,71.0,3.1,5.7,244.0,134.0,1007.7,623.0,0.0,,
2025-07-28 15:00:00,6.6,8.0,,5.5,,71.0,2.2,4.1,197.0,181.0,1007.6,607.0,0.0,,
2025-07-28 16:00:00,6.1,7.0,,5.7,,74.0,1.9,3.7,237.0,240.0,1007.1,480.0,0.0,,50.0
2025-07-28 17:00:00,6.0,6.9,,5.3,,73.0,1.3,4.5,151.0,187.0,1007.2,351.0,0.0,,100.0
2025-07-28 18:00:00,6.0,6.6,8.0,5.2,2.5,70.0,3.4,6.7,115.0,119.0,1007.6,459.0,0.0,0.0,
2025-07-28 19:00:00,5.6,6.0,,5.3,,72.0,3.5,6.1,115.0,120.0,1007.5,368.0,0.0,,
2025-07-28 20:00:00,5.7,6.2,,5.1,,72.0,1.5,4.4,221.0,186.0,1007.3,272.0,0.0,,
2025-07-28 21:00:00,5.9,6.5,,5.1,,72.0,0.9,2.7,232.0,257.0,1007.3,185.0,0.0,,
2025-07-28 22:00:00,3.9,4.9,,3.2,,80.0,1.0,2.9,206.0,192.0,1007.5,109.0,0.0,,
2025-07-28 23:00:00,3.3,3.5,,2.9,,84.0,1.0,2.1,242.0,256.0,1007.6,42.0,0.0,,
2025-07-29 00:00:00,2.3,2.9,8.0,1.4,1.4,90.0,0.8,2.8,276.0,228.0,1007.8,10.0,0.0,0.0,
2025-07-29 01:00:00,2.1,2.3,,1.5,,91.0,0.7,2.6,242.0,243.0,1007.8,5.0,0.0,,10.0
2025-07-29 02:00:00,1.3,1.8,,1.1,,94.0,0.9,2.9,239.0,253.0,1007.7,6.0,0.0,,25.0
2025-07-29 03:00:00,,,,,,92.0,,,,,,14.0,0.0,,
2025-07-29 04:00:00,2.1,2.4,,1.8,,90.0,0.7,1.8,217.0,181.0,1007.3,15.0,0.0,,75.0
2025-07-29 05:00:00,1.2,1.9,,0.8,,95.0,1.1,2.8,21.0,3.0,1007.3,38.0,0.0,,100.0
2025-07-29 06:00:00,2.5,3.3,6.5,1.9,0.8,88.0,2.1,4.0,168.0,52.0,1007.4,109.0,0.0,0.0,100.0
2025-07-29 07:00:00,1.5,2.0,,0.9,,92.0,0.6,1.8,29.0,195.0,1007.7,120.0,0.0,,100.0
2025-07-29 08:00:00,3.2,4.4,,2.1,,85.0,0.5,1.9,197.0,21.0,1007.7,162.0,0.0,,100.0
2025-07-29 09:00:00,2.5,3.3,,1.7,,88.0,1.1,2.7,74.0,166.0,1008.1,138.0,0.0,,100.0
2025-07-29 10:00:00,4.6,5.6,,3.2,,83.0,3.3,6.3,87.0,84.0,1007.9,135.0,0.0,,100.0
2025-07-29 11:00:00,5.1,5.7,,4.2,,86.0,1.8,4.9,272.0,147.0,1008.0,220.0,0.0,,100.0
2025-07-29 12:00:00,5.8,6.3,6.3,4.7,0.8,85.0,3.0,6.3,102.0,98.0,1008.2,287.0,0.0,0.0,100.0
2025-07-29 13:00:00,5.8,6.2,,5.4,,84.0,5.3,8.1,112.0,109.0,1008.5,252.0,0.0,,100.0
2025-07-29 14:00:00,6.6,7.0,,6.1,,90.0,2.7,5.7,77.0,95.0,1008.5,239.0,0.1,,100.0
2025-07-29 15:00:00,7.2,7.7,,6.8,,91.0,3.8,6.3,102.0,80.0,1008.2,176.0,0.1,,100.0
2025-07-29 16:00:00,8.2,8.5,,7.7,,89.0,3.1,5.7,80.0,91.0,1007.9,192.0,0.0,,100.0
2025-07-29 17:00:00,9.2,9.7,,8.5,,86.0,2.5,4.9,26.0,69.0,1007.5,217.0,0.0,,100.0
2025-07-29 18:00:00,9.9,10.1,10.1,9.6,0.9,83.0,2.0,5.4,87.0,99.0,1007.5,114.0,0.0,0.2,100.0
2025-07-29 19:00:00,,,,,,81.0,,,,,,121.0,0.0,,
2025-07-29 20:00:00,10.1,10.4,,9.6,,83.0,1.8,3.2,49.0,90.0,1007.5,82.0,0.0,,100.0
2025-07-29 21:00:00,9.0,9.8,,8.2,,88.0,2.1,4.7,104.0,116.0,1007.5,91.0,0.0,,100.0
2025-07-29 22:00:00,7.4,8.6,,6.1,,89.0,1.2,4.4,243.0,186.0,1007.9,77.0,0.0,,100.0
2025-07-29 23:00:00,6.4,6.8,,6.0,,93.0,2.9,5.9,83.0,97.0,1007.8,24.0,0.0,,100.0
2025-07-30 00:00:00,6.3,6.5,10.5,6.1,5.4,93.0,0.8,3.0,199.0,272.0,1007.7,17.0,0.0,0.2,100.0
2025-07-30 01:00:00,6.1,6.2,,6.0,,94.0,0.7,1.5,9.0,47.0,1007.4,2.0,0.0,,100.0
2025-07-30 02:00:00,5.8,6.3,,5.2,,95.0,0.6,1.6,272.0,290.0,1007.2,1.0,0.0,,100.0
2025-07-30 03:00:00,5.2,5.3,,5.0,,99.0,0.9,2.1,260.0,289.0,1007.2,1.0,0.0,,100.0
2025-07-30 04:00:00,5.0,5.1,,4.7,,99.0,0.6,1.4,119.0,292.0,1006.9,3.0,0.0,,100.0
2025-07-30 05:00:00,5.3,5.9,,4.6,,99.0,1.0,1.9,50.0,55.0,1006.3,11.0,0.0,,100.0
2025-07-30 06:00:00,5.9,6.2,10.5,4.8,4.6,98.0,0.6,1.7,204.0,206.0,1006.8,31.0,0.0,0.2,100.0
2025-07-30 07:00:00,4.1,5.6,,3.4,,98.0,1.6,3.6,245.0,295.0,1006.7,58.0,0.0,,100.0
2025-07-30 08:00:00,3.9,4.4,,3.7,,99.0,1.2,4.2,297.0,274.0,1007.0,64.0,0.0,,100.0
2025-07-30 09:00:00,3.2,4.2,,2.7,,99.0,1.8,3.6,215.0,243.0,1007.0,64.0,0.0,,100.0
2025-07-30 10:00:00,4.0,5.1,,3.1,,96.0,2.6,10.8,100.0,358.0,1006.5,83.0,0.0,,100.0
2025-07-30 11:00:00,4.9,5.7,,3.8,,89.0,3.1,10.9,246.0,19.0,1006.7,110.0,0.0,,100.0
2025-07-30 12:00:00,4.6,4.9,6.3,4.3,2.7,94.0,1.4,3.1,153.0,234.0,1006.7,140.0,0.0,0.2,100.0
2025-07-30 13:00:00,5.6,6.4,,4.6,,84.0,4.3,12.0,283.0,51.0,1006.5,218.0,0.0,,100.0
2025-07-30 14:00:00,6.8,7.9,,5.7,,76.0,5.8,12.4,27.0,25.0,1005.8,167.0,0.0,,100.0
2025-07-30 15:00:00,8.0,8.2,,7.7,,70.0,9.1,14.1,31.0,32.0,1005.8,128.0,0.0,,100.0
2025-07-30 16:00:00,7.1,8.2,,4.8,,77.0,3.0,9.7,249.0,358.0,1005.9,88.0,0.0,,100.0
2025-07-30 17:00:00,5.3,6.4,,4.4,,88.0,1.0,3.4,58.0,277.0,1005.8,66.0,0.0,,100.0
2025-07-30 18:00:00,6.7,7.2,8.2,6.0,2.7,84.0,0.7,1.9,32.0,326.0,1005.8,45.0,0.0,0.0,100.0
2025-07-30 19:00:00,6.3,6.9,,6.0,,89.0,1.0,2.6,24.0,95.0,1005.7,22.0,0.6,,100.0
2025-07-30 20:00:00,6.5,7.1,,5.9,,92.0,0.8,3.6,311.0,342.0,1005.7,18.0,1.8,,100.0
2025-07-30 21:00:00,6.4,6.6,,5.8,,95.0,0.7,2.1,234.0,314.0,1005.7,18.0,1.9,,100.0
2025-07-30 22:00:00,5.7,6.1,,4.1,,97.0,0.9,2.7,245.0,302.0,1005.7,9.0,1.0,,100.0
2025-07-30 23:00:00,4.5,4.9,,4.1,,99.0,0.5,2.1,253.0,256.0,1005.5,2.0,0.3,,100.0
2025-07-31 00:00:00,4.3,5.1,8.2,3.8,3.8,99.0,0.9,2.6,168.0,246.0,1006.1,0.0,0.3,6.0,100.0
2025-07-31 01:00:00,4.6,5.3,,4.1,,98.0,1.5,4.6,25.0,7.0,1006.4,0.0,0.2,,100.0
2025-07-31 02:00:00,4.7,5.2,,3.2,,96.0,1.7,4.6,261.0,335.0,1006.4,0.0,0.8,,100.0
2025-07-31 03:00:00,3.1,3.4,,2.7,,99.0,1.5,3.2,275.0,273.0,1006.8,0.0,0.1,,100.0
2025-07-31 04:00:00,3.3,3.6,,2.9,,99.0,1.2,3.1,289.0,289.0,1007.1,4.0,0.0,,100.0
2025-07-31 05:00:00,3.5,3.6,,3.4,,99.0,0.9,2.2,295.0,275.0,1007.6,8.0,0.0,,100.0
2025-07-31 06:00:00,2.9,3.3,7.1,2.6,2.6,99.0,1.2,2.2,287.0,287.0,1008.2,12.0,0.0,7.0,100.0
2025-07-31 07:00:00,3.1,3.4,,2.9,,99.0,0.7,1.9,308.0,275.0,1008.9,25.0,0.6,,100.0
2025-07-31 08:00:00,3.6,3.8,,3.1,,99.0,0.5,1.3,314.0,331.0,1009.2,22.0,0.1,,100.0
2025-07-31 09:00:00,3.6,3.8,,3.5,,99.0,0.3,1.7,309.0,208.0,1009.8,34.0,0.3,,100.0
2025-07-31 10:00:00,3.8,3.9,,3.6,,99.0,0.8,1.7,297.0,299.0,1010.2,55.0,1.3,,100.0
2025-07-31 11:00:00,3.6,3.8,,3.4,,99.0,0.8,1.5,223.0,239.0,1010.8,39.0,3.0,,100.0
2025-07-31 12:00:00,3.4,3.5,5.3,3.3,2.6,99.0,0.5,1.1,265.0,243.0,1011.1,80.0,2.1,14.2,100.0
2025-07-31 13:00:00,3.4,3.6,,2.5,,99.0,0.7,1.4,239.0,247.0,1011.6,137.0,0.6,,100.0
2025-07-31 14:00:00,3.3,3.8,,2.3,,99.0,0.3,1.1,173.0,201.0,1011.7,164.0,0.5,,100.0
2025-07-31 15:00:00,3.8,4.0,,3.6,,99.0,0.9,1.8,241.0,219.0,1011.8,192.0,0.5,,100.0
2025-07-31 16:00:00,3.8,4.1,,3.3,,99.0,1.0,1.8,237.0,228.0,1011.9,220.0,0.1,,100.0
2025-07-31 17:00:00,3.4,3.6,,3.1,,99.0,0.8,2.1,252.0,251.0,1012.1,158.0,0.1,,100.0
2025-07-31 18:00:00,3.4,3.9,4.1,3.0,2.3,99.0,1.0,2.7,160.0,204.0,1012.5,170.0,0.0,15.9,100.0
2025-07-31 19:00:00,3.6,3.8,,3.5,,99.0,2.2,4.3,153.0,158.0,1012.7,91.0,0.0,,100.0
2025-07-31 20:00:00,3.6,3.8,,3.4,,99.0,3.1,5.1,152.0,149.0,1012.7,80.0,0.0,,100.0
2025-07-31 21:00:00,3.5,3.8,,3.2,,97.0,2.7,5.7,140.0,142.0,1013.0,76.0,0.0,,100.0
2025-07-31 22:00:00,3.2,3.4,,3.1,,98.0,2.7,6.3,106.0,136.0,1012.8,39.0,0.0,,100.0
2025-07-31 23:00:00,3.1,3.2,,3.0,,97.0,3.8,5.9,64.0,90.0,1012.4,28.0,0.0,,100.0
2025-08-01 00:00:00,2.7,3.1,4.1,2.4,2.3,97.0,3.3,6.0,79.0,63.0,1012.3,8.0,0.0,9.9,100.0
2025-08-01 01:00:00,2.3,2.5,,2.1,,97.0,2.2,4.3,101.0,67.0,1012.4,3.0,0.0,,75.0
2025-08-01 02:00:00,2.7,3.4,,2.1,,95.0,1.3,3.0,95.0,63.0,1011.8,1.0,0.0,,10.0
2025-08-01 03:00:00,2.9,4.4,,2.2,,94.0,2.2,6.0,352.0,56.0,1011.4,3.0,0.1,,50.0
2025-08-01 04:00:00,3.8,4.2,,3.2,,92.0,1.6,4.6,84.0,85.0,1010.8,8.0,0.0,,
2025-08-01 05:00:00,5.0,5.6,,3.9,,88.0,5.4,7.8,62.0,77.0,1009.9,19.0,0.1,,
2025-08-01 06:00:00,5.3,6.4,6.4,4.1,2.1,86.0,5.0,8.8,72.0,60.0,1009.6,85.0,0.0,9.1,
2025-08-01 07:00:00,5.6,6.9,,4.6,,84.0,3.0,5.9,197.0,75.0,1009.7,154.0,0.0,,
2025-08-01 08:00:00,5.9,7.2,,4.5,,83.0,1.9,4.6,174.0,92.0,1009.7,233.0,0.0,,
2025-08-01 09:00:00,7.2,7.8,,6.3,,79.0,0.7,2.2,188.0,96.0,1009.3,327.0,0.0,,
2025-08-01 10:00:00,6.3,6.9,,6.0,,83.0,0.8,2.0,198.0,211.0,1009.3,417.0,0.0,,
2025-08-01 11:00:00,7.1,8.3,,6.3,,82.0,1.1,2.8,228.0,190.0,1008.6,492.0,0.0,,
2025-08-01 12:00:00,6.6,7.7,8.3,4.8,2.1,82.0,1.6,4.0,255.0,246.0,1008.7,558.0,0.0,1.8,
2025-08-01 13:00:00,6.4,7.6,,4.1,,83.0,2.3,6.1,239.0,102.0,1008.4,601.0,0.0,,
2025-08-01 14:00:00,6.6,7.4,,5.6,,81.0,1.5,3.0,241.0,215.0,,631.0,0.0,,
2025-08-01 15:00:00,7.5,8.6,,6.1,,77.0,1.5,3.1,200.0,219.0,1007.5,588.0,0.0,,
2025-08-01 16:00:00,7.3,8.9,,5.4,,77.0,3.1,6.7,142.0,115.0,1007.1,549.0,0.0,,
2025-08-01 17:00:00,6.8,9.1,,5.6,,77.0,4.4,9.7,111.0,123.0,1006.9,492.0,0.0,,
2025-08-01 18:00:00,4.8,5.8,9.1,3.8,3.8,86.0,7.9,12.7,99.0,108.0,1006.4,392.0,0.0,0.1,40.0
2025-08-01 19:00:00,4.2,5.3,,3.7,,89.0,11.6,16.3,92.0,97.0,1005.3,316.0,0.0,,
2025-08-01 20:00:00,5.3,5.7,,4.8,,84.0,10.0,15.4,101.0,105.0,1005.5,210.0,0.0,,60.0
2025-08-01 21:00:00,5.2,5.6,,4.8,,85.0,8.6,12.6,94.0,97.0,1005.4,194.0,0.0,,100.0
2025-08-01 22:00:00,5.2,5.4,,4.7,,84.0,8.6,11.5,85.0,102.0,1005.3,102.0,0.0,,25.0
2025-08-01 23:00:00,5.6,6.2,,4.9,,83.0,6.5,11.1,115.0,108.0,1005.4,44.0,0.0,,100.0
2025-08-02 00:00:00,5.6,6.4,9.1,5.2,3.7,84.0,7.4,10.4,100.0,106.0,1005.7,10.0,0.0,0.1,100.0
2025-08-02 01:00:00,6.5,6.7,,6.2,,84.0,4.2,9.6,105.0,88.0,1005.8,3.0,0.0,,40.0
2025-08-02 02:00:00,6.3,6.6,,6.0,,87.0,5.1,8.1,98.0,93.0,1005.2,2.0,0.0,,90.0
2025-08-02 03:00:00,5.5,6.1,,5.0,,95.0,6.1,10.0,87.0,89.0,1005.3,2.0,0.0,,100.0
2025-08-02 04:00:00,4.9,4.9,,4.8,,97.0,4.1,7.7,100.0,91.0,1005.2,3.0,0.0,,100.0
2025-08-02 05:00:00,4.8,5.0,,4.7,,98.0,3.3,6.1,58.0,77.0,1004.6,11.0,0.1,,100.0
2025-08-02 06:00:00,5.5,5.7,6.7,5.1,3.7,97.0,3.7,7.5,71.0,78.0,1004.0,16.0,0.0,0.0,100.0
2025-08-02 07:00:00,6.0,6.8,,5.6,,94.0,4.4,10.6,40.0,75.0,1003.3,65.0,0.0,,100.0
2025-08-02 08:00:00,6.9,8.0,,6.0,,86.0,3.4,8.6,103.0,101.0,1003.2,104.0,0.0,,100.0
2025-08-02 09:00:00,7.4,8.3,,6.6,,83.0,7.9,14.2,57.0,45.0,1001.9,75.0,0.0,,100.0
2025-08-02 10:00:00,7.2,7.8,,6.8,,84.0,10.9,14.7,58.0,57.0,1001.6,77.0,0.0,,100.0
2025-08-02 11:00:00,6.9,7.3,,6.6,,86.0,10.7,13.6,64.0,56.0,1000.6,53.0,1.4,,100.0
2025-08-02 12:00:00,7.1,7.4,8.3,6.9,4.7,83.0,10.9,14.8,59.0,60.0,999.6,39.0,3.9,5.3,100.0
2025-08-02 13:00:00,7.1,7.4,,6.8,,83.0,10.7,14.9,58.0,60.0,999.2,35.0,4.3,,100.0
2025-08-02 14:00:00,7.7,8.2,,7.3,,83.0,10.8,16.5,58.0,61.0,998.4,55.0,4.5,,100.0
2025-08-02 15:00:00,8.1,8.6,,7.4,,83.0,10.6,16.5,61.0,59.0,997.9,62.0,2.2,,100.0
2025-08-02 16:00:00,7.0,7.8,,6.4,,87.0,10.1,14.0,53.0,46.0,997.3,63.0,1.0,,100.0
2025-08-02 17:00:00,7.1,8.0,,6.5,,86.0,9.2,15.8,31.0,41.0,996.8,85.0,1.4,,100.0
2025-08-02 18:00:00,7.6,7.9,8.6,7.4,5.6,84.0,6.6,13.3,53.0,44.0,996.6,110.0,0.1,18.7,100.0
2025-08-02 19:00:00,7.0,7.8,,6.1,,87.0,5.1,12.5,295.0,20.0,997.2,97.0,0.0,,100.0
2025-08-02 20:00:00,6.8,7.5,,6.1,,89.0,2.0,5.2,352.0,26.0,997.2,70.0,0.0,,100.0
2025-08-02 21:00:00,6.5,7.6,,5.6,,92.0,2.2,6.5,258.0,348.0,997.2,37.0,0.0,,100.0
2025-08-02 22:00:00,5.9,7.0,,5.1,,95.0,1.0,4.3,25.0,122.0,997.0,28.0,0.0,,100.0
2025-08-02 23:00:00,7.2,7.7,,6.1,,88.0,3.6,6.3,28.0,26.0,996.9,6.0,0.0,,100.0
2025-08-03 00:00:00,5.9,8.0,8.6,4.7,4.7,93.0,2.0,6.0,247.0,324.0,997.0,0.0,0.0,18.7,100.0
2025-08-03 01:00:00,5.3,5.6,,4.8,,97.0,0.4,1.5,282.0,207.0,996.8,0.0,0.0,,100.0
2025-08-03 02:00:00,5.6,5.6,,5.5,,97.0,0.5,1.1,308.0,299.0,996.3,0.0,0.0,,100.0
2025-08-03 03:00:00,5.3,5.7,,4.3,,97.0,0.7,3.1,20.0,207.0,995.7,0.0,0.0,,100.0
2025-08-03 04:00:00,4.8,5.1,,4.4,,99.0,0.9,3.2,243.0,240.0,995.3,0.0,0.1,,100.0
2025-08-03 05:00:00,4.6,5.0,,4.0,,99.0,0.9,2.2,254.0,262.0,995.3,0.0,0.4,,100.0
2025-08-03 06:00:00,4.8,5.1,8.0,4.3,4.0,99.0,1.2,3.4,245.0,280.0,995.3,3.0,0.9,20.0,100.0
2025-08-03 07:00:00,5.3,6.5,,4.7,,97.0,2.1,8.4,29.0,20.0,994.8,8.0,0.1,,100.0
2025-08-03 08:00:00,6.1,8.0,,4.3,,89.0,3.2,8.1,23.0,15.0,994.6,15.0,0.7,,100.0
2025-08-03 09:00:00,6.8,7.9,,4.4,,84.0,4.7,9.0,26.0,24.0,994.5,121.0,0.8,,100.0
2025-08-03 10:00:00,6.1,7.8,,4.7,,89.0,2.4,5.9,271.0,340.0,994.7,172.0,0.0,,100.0
2025-08-03 11:00:00,5.8,6.4,,5.2,,93.0,2.0,7.0,83.0,124.0,995.0,199.0,0.0,,100.0
2025-08-03 12:00:00,6.0,6.8,8.0,5.6,4.0,92.0,4.9,7.3,43.0,63.0,995.2,121.0,0.0,16.3,100.0
2025-08-03 13:00:00,5.1,6.9,,4.2,,91.0,1.9,7.9,281.0,326.0,995.4,161.0,0.0,,100.0
2025-08-03 14:00:00,5.4,6.1,,4.6,,92.0,0.9,2.5,179.0,253.0,995.4,124.0,0.0,,100.0
2025-08-03 15:00:00,4.8,5.1,,4.6,,93.0,0.7,1.6,162.0,193.0,995.4,58.0,0.0,,100.0
2025-08-03 16:00:00,5.1,5.6,,4.6,,94.0,0.5,1.8,151.0,149.0,995.4,47.0,0.3,,100.0
2025-08-03 17:00:00,5.4,5.9,,5.1,,96.0,0.4,1.5,77.0,87.0,995.5,45.0,1.4,,100.0
2025-08-03 18:00:00,5.8,6.1,8.0,5.2,4.2,92.0,2.8,6.7,58.0,58.0,995.4,54.0,0.8,5.4,100.0
2025-08-03 19:00:00,,,,,,,,9.5,,,995.3,47.0,,,100.0
2025-08-03 20:00:00,5.9,7.1,,5.5,,86.0,6.8,10.5,357.0,20.0,995.0,35.0,0.5,,100.0
2025-08-03 21:00:00,7.5,7.9,,7.0,,78.0,4.5,11.3,349.0,334.0,995.4,24.0,0.0,,100.0
2025-08-03 22:00:00,7.7,8.1,,7.4,,77.0,3.6,9.4,26.0,1.0,995.5,11.0,0.0,,100.0
2025-08-03 23:00:00,5.1,7.9,,3.7,,90.0,1.6,7.8,133.0,59.0,995.8,2.0,0.0,,100.0
2025-08-04 00:00:00,5.2,6.5,8.1,3.7,3.7,93.0,1.9,5.4,256.0,20.0,996.0,0.0,0.0,6.9,100.0
2025-08-04 01:00:00,5.2,5.9,,4.2,,93.0,3.4,8.8,28.0,27.0,996.0,0.0,0.4,,100.0
2025-08-04 02:00:00,6.1,6.5,,5.7,,87.0,5.6,9.0,22.0,22.0,996.0,0.0,0.0,,100.0
2025-08-04 03:00:00,6.6,7.1,,6.2,,85.0,5.0,7.9,25.0,28.0,996.2,0.0,0.0,,100.0
2025-08-04 04:00:00,6.1,6.7,,4.9,,88.0,3.2,5.9,59.0,36.0,996.4,0.0,0.0,,100.0
2025-08-04 05:00:00,5.1,6.4,,4.4,,93.0,1.1,6.1,296.0,45.0,996.9,2.0,0.0,,100.0
2025-08-04 06:00:00,4.9,5.3,8.1,4.6,3.7,97.0,0.4,1.7,204.0,294.0,997.1,4.0,0.0,6.0,100.0
2025-08-04 07:00:00,5.7,5.9,,5.1,,93.0,0.7,1.7,222.0,256.0,997.4,10.0,0.1,,100.0
2025-08-04 08:00:00,5.1,5.7,,4.4,,96.0,0.3,1.4,60.0,323.0,997.7,43.0,0.2,,100.0
2025-08-04 09:00:00,5.6,6.2,,5.0,,93.0,0.5,2.9,31.0,27.0,998.3,29.0,0.1,,100.0
2025-08-04 10:00:00,5.8,6.2,,5.4,,92.0,1.2,3.4,203.0,31.0,998.8,38.0,0.0,,100.0
2025-08-04 11:00:00,4.8,5.5,,4.6,,97.0,0.4,1.2,9.0,215.0,999.2,53.0,0.7,,100.0
2025-08-04 12:00:00,4.3,4.9,7.1,4.0,4.0,98.0,1.1,2.3,252.0,257.0,999.5,64.0,0.9,6.4,100.0
2025-08-04 13:00:00,4.0,4.4,,3.7,,99.0,0.7,2.4,160.0,236.0,999.6,69.0,0.1,,100.0
2025-08-04 14:00:00,4.5,5.1,,4.2,,99.0,0.5,1.8,25.0,29.0,999.8,62.0,0.1,,100.0
2025-08-04 15:00:00,5.4,5.7,,5.1,,98.0,0.3,1.8,0.0,355.0,1000.0,72.0,0.2,,100.0
2025-08-04 16:00:00,5.0,5.8,,4.5,,98.0,0.7,2.0,18.0,175.0,1000.2,97.0,0.0,,100.0
2025-08-04 17:00:00,5.1,5.4,,4.8,,98.0,0.4,1.1,12.0,286.0,1000.2,96.0,0.2,,100.0
2025-08-04 18:00:00,5.6,6.0,6.2,5.1,3.7,99.0,0.6,1.6,222.0,185.0,1000.3,81.0,0.1,4.6,100.0
2025-08-04 19:00:00,,,,,,99.0,,1.8,,,,60.0,0.0,,100.0
2025-08-04 20:00:00,4.2,5.1,,3.8,,99.0,0.8,3.1,103.0,98.0,1000.6,64.0,0.0,,100.0
2025-08-04 21:00:00,5.2,5.4,,5.0,,99.0,2.2,4.3,54.0,93.0,1000.7,45.0,0.0,,100.0
2025-08-04 22:00:00,4.5,5.5,,3.2,,97.0,0.7,2.0,138.0,156.0,1000.7,26.0,0.0,,100.0
2025-08-04 23:00:00,3.8,4.6,,3.4,,99.0,0.2,0.9,357.0,62.0,1000.8,9.0,0.0,,100.0
2025-08-05 00:00:00,4.6,5.0,6.0,3.9,3.2,99.0,0.6,1.4,55.0,59.0,1001.0,1.0,0.0,3.0,100.0
2025-08-05 01:00:00,4.6,4.9,,4.1,,99.0,0.8,2.0,82.0,134.0,1000.8,0.0,0.0,,100.0
2025-08-05 02:00:00,4.8,4.9,,4.6,,99.0,1.0,2.1,89.0,93.0,1000.6,0.0,0.0,,100.0
2025-08-05 03:00:00,4.5,4.6,,4.5,,99.0,1.2,2.3,118.0,84.0,1000.4,0.0,0.0,,100.0
2025-08-05 04:00:00,4.5,4.7,,4.5,,98.0,1.1,2.8,59.0,64.0,1000.2,0.0,0.4,,100.0
2025-08-05 05:00:00,4.8,4.9,,4.7,,96.0,0.3,2.1,0.0,47.0,1000.4,3.0,0.0,,100.0
2025-08-05 06:00:00,4.6,4.7,5.5,4.5,3.2,97.0,0.1,1.2,130.0,46.0,1000.7,11.0,0.3,3.3,100.0
2025-08-05 07:00:00,4.7,4.8,,4.6,,98.0,0.2,1.2,165.0,83.0,1000.6,31.0,0.4,,100.0
2025-08-05 08:00:00,4.7,4.9,,4.6,,98.0,0.2,0.7,306.0,188.0,1000.8,57.0,0.4,,100.0
2025-08-05 09:00:00,4.6,5.1,,4.3,,99.0,0.5,1.2,24.0,275.0,1000.8,123.0,0.1,,100.0
2025-08-05 10:00:00,5.8,6.3,,5.1,,98.0,0.8,2.0,191.0,30.0,1000.6,181.0,0.0,,100.0
2025-08-05 11:00:00,5.8,6.6,,5.2,,97.0,0.7,1.9,42.0,151.0,1000.6,130.0,0.0,,100.0
2025-08-05 12:00:00,5.4,6.6,6.6,4.8,4.1,97.0,0.7,2.1,272.0,235.0,1001.1,128.0,0.0,2.2,100.0
2025-08-05 13:00:00,5.6,6.1,,5.1,,,0.5,1.2,184.0,263.0,1001.1,192.0,,,100.0
2025-08-05 14:00:00,5.7,6.1,,5.5,,97.0,0.8,1.8,160.0,143.0,1001.2,224.0,0.0,,100.0
2025-08-05 15:00:00,6.1,6.4,,5.9,,97.0,0.9,1.8,189.0,185.0,1001.2,217.0,0.0,,100.0
2025-08-05 16:00:00,6.9,7.7,,5.9,,93.0,1.2,3.8,126.0,134.0,1001.1,240.0,0.0,,100.0
2025-08-05 17:00:00,7.8,8.1,,6.3,,81.0,1.6,4.6,185.0,134.0,1001.4,204.0,0.0,,100.0
2025-08-05 18:00:00,6.9,7.6,8.1,6.1,4.3,89.0,1.1,2.4,138.0,216.0,1001.3,267.0,0.0,1.5,100.0
2025-08-05 19:00:00,7.4,7.8,,6.8,,85.0,1.4,4.2,143.0,139.0,1001.3,138.0,0.0,,100.0
2025-08-05 20:00:00,7.3,7.5,,6.8,,86.0,1.3,4.3,125.0,101.0,1001.5,75.0,0.0,,100.0
2025-08-05 21:00:00,7.1,7.3,,6.8,,87.0,1.9,3.7,85.0,71.0,1001.6,28.0,0.0,,100.0
2025-08-05 22:00:00,6.3,7.2,,5.8,,90.0,1.3,2.4,135.0,181.0,1001.9,18.0,0.0,,100.0
2025-08-05 23:00:00,6.2,6.4,,6.0,,90.0,1.5,3.2,80.0,100.0,1002.1,8.0,0.0,,100.0
2025-08-06 00:00:00,6.2,6.4,8.1,6.0,5.1,90.0,1.1,2.6,317.0,95.0,1002.2,1.0,0.0,1.5,100.0
2025-08-06 01:00:00,5.9,6.1,,5.6,,92.0,0.9,2.4,114.0,140.0,1002.4,0.0,0.0,,100.0
2025-08-06 02:00:00,5.9,6.0,,5.7,,93.0,2.0,3.2,52.0,77.0,1002.3,0.0,0.0,,100.0
2025-08-06 03:00:00,5.9,6.0,,5.9,,93.0,0.3,1.8,0.0,24.0,1002.4,0.0,0.0,,100.0
2025-08-06 04:00:00,5.8,5.9,,5.6,,92.0,0.5,1.9,22.0,27.0,1002.3,2.0,0.0,,100.0
2025-08-06 05:00:00,5.3,5.8,,4.6,,94.0,0.8,2.2,36.0,210.0,1002.6,7.0,0.0,,100.0
2025-08-06 06:00:00,4.9,5.3,7.8,4.7,4.6,98.0,0.7,1.7,259.0,251.0,1003.1,22.0,0.0,0.8,100.0
2025-08-06 07:00:00,4.5,4.8,,4.2,,98.0,1.0,2.2,19.0,296.0,1003.2,23.0,0.0,,100.0
2025-08-06 08:00:00,4.9,5.1,,4.6,,99.0,1.2,2.6,13.0,22.0,1003.2,43.0,0.0,,100.0
2025-08-06 09:00:00,5.3,5.6,,5.1,,99.0,0.5,1.3,122.0,36.0,1003.2,102.0,0.0,,100.0
2025-08-06 10:00:00,5.9,6.5,,5.4,,97.0,0.8,3.4,318.0,299.0,1003.3,240.0,0.0,,100.0
2025-08-06 11:00:00,4.5,6.3,,3.3,,96.0,1.2,3.8,64.0,202.0,1003.9,243.0,0.0,,100.0
2025-08-06 12:00:00,4.9,5.1,6.5,4.8,3.3,98.0,0.7,1.8,240.0,231.0,1004.1,198.0,0.0,0.0,100.0
2025-08-06 13:00:00,4.7,5.0,,4.3,,98.0,1.7,3.4,264.0,278.0,1004.2,228.0,0.0,,100.0
2025-08-06 14:00:00,4.5,4.8,,4.1,,98.0,1.2,2.1,239.0,238.0,1004.3,229.0,0.0,,100.0
2025-08-06 15:00:00,4.8,5.7,,4.1,,98.0,0.6,1.5,191.0,253.0,1004.1,262.0,0.0,,100.0
2025-08-06 16:00:00,5.6,6.0,,5.2,,95.0,0.8,1.7,182.0,171.0,1004.3,191.0,0.0,,100.0
2025-08-06 17:00:00,5.9,6.4,,5.7,,97.0,0.6,1.7,268.0,231.0,1004.1,160.0,0.2,,100.0
2025-08-06 18:00:00,5.9,6.2,6.5,5.7,3.3,97.0,0.8,1.5,166.0,243.0,1004.2,139.0,0.0,0.1,100.0
2025-08-06 19:00:00,5.7,6.2,,5.3,,97.0,0.6,1.7,231.0,225.0,1004.2,126.0,0.0,,100.0
2025-08-06 20:00:00,5.1,5.5,,4.6,,98.0,0.7,2.2,217.0,240.0,1004.0,73.0,0.0,,100.0
2025-08-06 21:00:00,5.6,5.8,,5.4,,98.0,0.4,1.5,235.0,213.0,1003.7,68.0,0.0,,75.0
2025-08-06 22:00:00,5.7,6.2,,5.3,,97.0,0.5,1.6,217.0,178.0,1003.5,50.0,0.0,,100.0
2025-08-06 23:00:00,6.3,6.8,,5.7,,94.0,0.5,2.1,249.0,68.0,1003.4,8.0,0.0,,100.0
2025-08-07 00:00:00,6.0,6.2,6.8,5.8,4.1,96.0,0.3,1.2,86.0,197.0,1003.3,2.0,0.1,0.2,100.0
2025-08-07 01:00:00,6.3,6.4,,5.9,,95.0,0.4,1.2,65.0,29.0,1002.8,0.0,0.0,,100.0
2025-08-07 02:00:00,6.3,6.7,,6.0,,89.0,1.3,2.9,39.0,26.0,1002.2,0.0,0.0,,100.0
2025-08-07 03:00:00,6.8,7.3,,6.3,,83.0,1.5,3.3,44.0,42.0,1001.7,0.0,0.0,,25.0
2025-08-07 04:00:00,6.1,7.1,,4.9,,87.0,0.8,2.4,95.0,125.0,1001.5,2.0,0.0,,
2025-08-07 05:00:00,5.9,6.3,,5.1,,87.0,2.1,3.7,61.0,59.0,1000.7,11.0,0.0,,
2025-08-07 06:00:00,6.3,6.6,7.3,6.1,4.6,82.0,1.1,2.8,167.0,57.0,1000.0,55.0,0.0,0.2,
2025-08-07 07:00:00,6.2,6.9,,5.5,,84.0,1.0,2.9,229.0,182.0,999.4,130.0,0.0,,
2025-08-07 08:00:00,8.2,9.0,,6.7,,70.0,1.5,5.7,344.0,315.0,998.8,203.0,0.0,,
2025-08-07 09:00:00,8.3,9.2,,7.8,,71.0,1.2,4.0,206.0,98.0,998.7,210.0,0.0,,
2025-08-07 10:00:00,7.9,8.4,,7.2,,74.0,0.8,2.1,193.0,178.0,998.5,287.0,0.0,,
2025-08-07 11:00:00,8.0,8.9,,7.0,,71.0,1.0,2.3,183.0,195.0,998.3,349.0,0.0,,90.0
2025-08-07 12:00:00,8.8,9.8,9.8,8.1,4.9,68.0,1.2,3.2,208.0,198.0,998.0,488.0,0.0,0.2,90.0
2025-08-07 13:00:00,8.5,9.9,,7.8,,66.0,2.1,5.9,19.0,104.0,998.0,281.0,0.0,,100.0
2025-08-07 14:00:00,8.6,9.3,,7.6,,65.0,3.5,9.3,47.0,41.0,998.0,174.0,0.0,,100.0
2025-08-07 15:00:00,8.2,9.5,,6.3,,66.0,2.6,6.8,118.0,28.0,997.6,147.0,0.0,,100.0
2025-08-07 16:00:00,8.0,8.7,,6.8,,72.0,3.2,6.8,37.0,39.0,997.5,129.0,0.0,,100.0
2025-08-07 17:00:00,8.0,8.4,,7.6,,71.0,4.4,10.2,14.0,38.0,997.5,96.0,0.0,,90.0
2025-08-07 18:00:00,6.7,7.9,9.9,5.8,5.5,78.0,2.6,8.6,152.0,134.0,997.6,59.0,0.9,0.9,100.0
2025-08-07 19:00:00,,,,,,,,,,,997.8,44.0,,,100.0
2025-08-07 20:00:00,5.6,6.0,,5.1,,86.0,1.5,4.1,184.0,183.0,997.6,22.0,0.5,,100.0
2025-08-07 21:00:00,5.4,6.1,,4.1,,89.0,1.7,4.0,86.0,138.0,997.5,17.0,0.0,,100.0
2025-08-07 22:00:00,5.9,6.6,,5.6,,83.0,1.3,3.1,175.0,182.0,997.4,7.0,0.4,,100.0
2025-08-07 23:00:00,6.0,6.4,,5.4,,86.0,1.2,3.1,276.0,349.0,997.8,1.0,1.7,,100.0
2025-08-08 00:00:00,5.9,6.4,9.9,5.5,4.1,87.0,1.6,6.6,37.0,69.0,997.8,0.0,0.2,4.4,100.0
2025-08-08 01:00:00,5.4,6.4,,4.8,,88.0,2.4,4.9,143.0,227.0,997.5,0.0,0.0,,100.0
2025-08-08 02:00:00,6.0,6.6,,5.1,,86.0,1.1,2.7,155.0,161.0,997.7,0.0,0.0,,100.0
2025-08-08 03:00:00,7.1,7.5,,6.3,,86.0,2.3,6.9,158.0,36.0,997.7,0.0,0.0,,100.0
2025-08-08 04:00:00,7.2,7.6,,7.0,,86.0,2.5,8.1,39.0,55.0,997.7,0.0,0.6,,100.0
2025-08-08 05:00:00,7.1,7.7,,6.1,,84.0,2.8,7.7,102.0,272.0,998.0,0.0,0.1,,100.0
2025-08-08 06:00:00,7.2,7.6,7.7,6.8,4.1,86.0,3.3,10.2,36.0,30.0,997.8,7.0,0.3,5.4,100.0
2025-08-08 07:00:00,,,,,,82.0,6.5,9.7,61.0,40.0,,19.0,0.0,,
2025-08-08 08:00:00,,,,,,77.0,6.0,9.8,322.0,49.0,,83.0,0.0,,
2025-08-08 09:00:00,,,,,,70.0,0.9,2.5,54.0,151.0,,302.0,0.0,,
2025-08-08 10:00:00,,,,,,73.0,2.5,6.5,27.0,30.0,,290.0,0.0,,
2025-08-08 11:00:00,,,,,,72.0,2.1,4.9,185.0,14.0,,437.0,0.0,,
2025-08-08 12:00:00,9.9,11.1,11.1,8.5,4.8,68.0,1.5,5.4,313.0,333.0,996.6,238.0,0.0,5.4,100.0
2025-08-08 13:00:00,11.3,12.2,,9.8,,62.0,2.2,6.5,150.0,17.0,996.6,338.0,0.0,,100.0
2025-08-08 14:00:00,10.3,10.9,,9.7,,68.0,2.9,5.0,146.0,149.0,996.5,247.0,0.0,,100.0
2025-08-08 15:00:00,10.5,11.1,,9.8,,68.0,3.1,7.4,40.0,114.0,996.3,257.0,0.0,,100.0
2025-08-08 16:00:00,9.3,10.2,,8.4,,71.0,2.8,9.1,296.0,43.0,996.5,227.0,0.0,,100.0
2025-08-08 17:00:00,8.1,8.6,,7.6,,75.0,6.6,12.3,51.0,60.0,996.5,146.0,0.0,,100.0
2025-08-08 18:00:00,8.1,8.5,12.2,7.4,7.2,75.0,5.4,9.9,31.0,32.0,997.0,92.0,0.0,4.5,100.0
2025-08-08 19:00:00,7.1,8.1,,6.5,,79.0,1.1,3.0,291.0,290.0,997.1,85.0,0.0,,100.0
2025-08-08 20:00:00,7.4,8.3,,6.3,,77.0,2.3,8.5,31.0,348.0,997.4,61.0,0.0,,100.0
2025-08-08 21:00:00,7.6,8.4,,5.1,,77.0,4.9,9.0,271.0,27.0,997.8,19.0,0.0,,100.0
2025-08-08 22:00:00,4.9,5.2,,4.5,,92.0,0.9,3.2,79.0,259.0,998.0,12.0,0.0,,100.0
2025-08-08 23:00:00,5.5,5.7,,5.2,,92.0,0.9,2.2,46.0,49.0,997.6,6.0,0.1,,100.0
2025-08-09 00:00:00,5.8,6.0,12.2,5.5,4.5,93.0,0.5,2.3,110.0,48.0,997.3,1.0,0.1,1.1,100.0
2025-08-09 01:00:00,6.0,6.1,,5.6,,93.0,1.3,3.7,24.0,31.0,997.2,0.0,0.1,,100.0
2025-08-09 02:00:00,5.8,6.1,,5.6,,92.0,1.9,3.6,23.0,24.0,997.3,0.0,0.1,,100.0
2025-08-09 03:00:00,5.6,6.2,,4.6,,92.0,1.0,2.4,39.0,28.0,997.3,0.0,0.1,,90.0
2025-08-09 04:00:00,5.3,5.7,,4.6,,95.0,1.0,2.8,6.0,26.0,997.4,0.0,0.0,,100.0
2025-08-09 05:00:00,4.6,5.4,,4.3,,98.0,1.1,2.1,295.0,278.0,997.9,2.0,0.0,,100.0
2025-08-09 06:00:00,4.6,5.1,8.4,4.2,4.2,99.0,0.5,1.2,44.0,65.0,997.9,11.0,0.2,0.6,100.0
2025-08-09 07:00:00,5.2,5.6,,4.9,,97.0,0.8,2.0,311.0,328.0,998.3,29.0,0.1,,100.0
2025-08-09 08:00:00,5.6,5.8,,5.3,,96.0,0.8,2.6,27.0,24.0,998.5,58.0,0.1,,100.0
2025-08-09 09:00:00,5.5,5.9,,5.1,,97.0,0.6,1.8,54.0,129.0,998.4,86.0,0.0,,100.0
2025-08-09 10:00:00,6.6,7.0,,5.8,,92.0,1.9,3.8,129.0,120.0,998.6,136.0,0.0,,100.0
2025-08-09 11:00:00,6.8,7.1,,6.6,,90.0,1.0,3.4,202.0,165.0,999.2,169.0,0.0,,100.0
2025-08-09 12:00:00,5.8,6.5,7.1,4.9,4.2,93.0,1.1,2.4,262.0,216.0,999.9,137.0,0.1,0.9,100.0
2025-08-09 13:00:00,5.0,5.3,,4.5,,96.0,0.6,1.6,339.0,269.0,1000.4,170.0,0.1,,100.0
2025-08-09 14:00:00,5.8,6.2,,5.4,,95.0,0.7,1.6,280.0,250.0,1000.8,146.0,0.1,,100.0
2025-08-09 15:00:00,5.4,6.2,,5.0,,95.0,1.0,2.1,285.0,255.0,1001.2,112.0,0.0,,100.0
2025-08-09 16:00:00,4.9,5.7,,4.3,,96.0,0.9,2.2,274.0,280.0,1001.7,100.0,0.0,,100.0
2025-08-09 17:00:00,5.3,5.7,,4.4,,97.0,0.4,1.6,244.0,269.0,1001.9,122.0,0.1,,100.0
2025-08-09 18:00:00,6.5,7.1,7.1,5.8,4.3,96.0,0.4,1.1,26.0,52.0,1002.3,109.0,0.0,1.0,100.0
2025-08-09 19:00:00,7.0,7.2,,6.7,,92.0,0.6,1.6,248.0,230.0,1002.7,136.0,0.0,,100.0
2025-08-09 20:00:00,7.0,7.3,,6.7,,91.0,0.5,1.7,270.0,239.0,1003.1,107.0,0.0,,100.0
2025-08-09 21:00:00,6.6,7.2,,6.1,,91.0,1.2,2.4,279.0,281.0,1003.4,52.0,0.0,,100.0
2025-08-09 22:00:00,6.4,6.6,,6.2,,91.0,0.9,2.5,342.0,275.0,1003.8,36.0,0.0,,100.0
2025-08-09 23:00:00,6.5,6.8,,6.1,,90.0,0.7,1.8,274.0,276.0,1004.3,6.0,0.0,,100.0
2025-08-10 00:00:00,6.3,6.4,7.3,6.1,4.3,90.0,0.5,1.7,184.0,211.0,1004.7,1.0,0.0,0.8,100.0
2025-08-10 01:00:00,6.3,6.5,,6.2,,88.0,0.3,1.2,259.0,224.0,1004.9,0.0,0.0,,100.0
2025-08-10 02:00:00,6.0,6.2,,5.8,,90.0,0.7,1.6,226.0,269.0,1005.1,0.0,0.0,,100.0
2025-08-10 03:00:00,5.6,5.7,,5.5,,93.0,0.2,0.9,60.0,181.0,1005.3,0.0,0.0,,100.0
2025-08-10 04:00:00,5.5,5.7,,5.3,,93.0,0.8,1.5,23.0,16.0,1005.4,0.0,0.1,,100.0
2025-08-10 05:00:00,5.4,5.6,,5.2,,93.0,0.9,1.9,21.0,20.0,1005.5,3.0,0.0,,100.0
2025-08-10 06:00:00,5.7,6.0,7.3,5.5,5.2,92.0,1.2,2.6,24.0,23.0,1005.5,35.0,0.1,0.5,100.0
2025-08-10 07:00:00,6.2,7.0,,5.8,,90.0,1.1,2.7,300.0,9.0,1005.7,43.0,0.0,,100.0
2025-08-10 08:00:00,6.9,7.3,,6.6,,89.0,0.6,1.6,85.0,57.0,1005.9,93.0,0.1,,100.0
2025-08-10 09:00:00,8.0,9.2,,7.2,,82.0,0.8,2.7,138.0,140.0,1005.8,264.0,0.0,,100.0
2025-08-10 10:00:00,8.9,9.9,,8.5,,80.0,1.3,2.2,102.0,144.0,1005.8,442.0,0.0,,90.0
2025-08-10 11:00:00,8.1,10.0,,6.0,,82.0,1.3,3.9,266.0,210.0,1006.3,428.0,0.0,,60.0
2025-08-10 12:00:00,9.1,10.2,10.2,7.8,5.2,78.0,1.8,4.4,196.0,199.0,1006.6,432.0,0.0,0.3,90.0
2025-08-10 13:00:00,7.8,9.0,,6.9,,82.0,1.8,3.3,242.0,235.0,1007.2,350.0,0.0,,100.0
2025-08-10 14:00:00,6.9,7.6,,6.4,,86.0,1.2,2.6,247.0,258.0,1007.4,287.0,0.0,,100.0
2025-08-10 15:00:00,7.6,7.8,,7.2,,84.0,1.6,2.9,242.0,257.0,1007.6,276.0,0.0,,100.0
2025-08-10 16:00:00,7.4,7.5,,7.3,,86.0,1.6,3.6,273.0,281.0,1007.5,181.0,0.0,,100.0
2025-08-10 17:00:00,7.6,7.8,,7.3,,86.0,1.2,2.5,245.0,267.0,1007.7,243.0,0.0,,100.0
2025-08-10 18:00:00,7.7,7.9,10.2,7.5,5.8,84.0,1.0,1.9,275.0,257.0,1007.8,193.0,0.0,0.1,100.0
2025-08-10 19:00:00,7.6,7.8,,7.3,,84.0,1.4,2.5,259.0,281.0,1008.1,100.0,0.0,,100.0
2025-08-10 20:00:00,7.3,7.7,,6.6,,87.0,1.3,2.5,291.0,273.0,1008.2,58.0,0.0,,100.0
2025-08-10 21:00:00,6.9,7.2,,6.7,,89.0,0.5,1.0,247.0,258.0,1008.2,38.0,0.0,,100.0
2025-08-10 22:00:00,5.4,7.2,,4.2,,92.0,1.0,2.6,250.0,271.0,1008.4,15.0,0.0,,100.0
2025-08-10 23:00:00,4.9,5.4,,4.5,,95.0,0.9,2.7,302.0,292.0,1009.0,4.0,0.0,,100.0
2025-08-11 00:00:00,5.6,5.8,9.0,5.4,4.2,93.0,1.1,3.9,268.0,306.0,1009.3,0.0,0.0,0.1,100.0
2025-08-11 01:00:00,5.1,5.6,,4.7,,94.0,0.7,1.9,328.0,161.0,1009.5,0.0,0.0,,100.0
2025-08-11 02:00:00,5.2,5.3,,4.7,,94.0,0.4,1.8,169.0,281.0,1009.5,0.0,0.0,,100.0
2025-08-11 03:00:00,4.7,5.8,,3.9,,96.0,0.9,1.4,15.0,87.0,1009.5,0.0,0.0,,100.0
2025-08-11 04:00:00,5.5,6.1,,5.0,,95.0,0.8,2.0,21.0,356.0,1009.4,0.0,0.0,,100.0
2025-08-11 05:00:00,5.9,6.1,,5.7,,95.0,2.1,4.2,18.0,22.0,1009.3,5.0,0.0,,100.0
2025-08-11 06:00:00,6.0,6.4,7.8,5.4,3.9,93.0,2.4,4.6,350.0,15.0,1009.3,23.0,0.0,0.0,100.0
2025-08-11 07:00:00,6.4,6.7,,5.9,,90.0,0.8,2.4,58.0,41.0,1009.7,53.0,0.0,,100.0
2025-08-11 08:00:00,6.4,7.3,,5.8,,91.0,1.0,2.5,245.0,65.0,1009.8,124.0,0.0,,100.0
2025-08-11 09:00:00,6.9,8.0,,5.9,,90.0,0.7,2.3,251.0,240.0,1010.1,281.0,0.0,,
2025-08-11 10:00:00,7.8,9.0,,6.6,,85.0,0.7,2.1,148.0,161.0,1010.0,375.0,0.0,,
2025-08-11 11:00:00,7.4,8.6,,6.0,,85.0,1.2,3.7,233.0,240.0,1010.0,451.0,0.0,,
2025-08-11 12:00:00,8.0,8.7,9.0,7.3,3.9,83.0,1.2,2.3,244.0,208.0,1010.3,507.0,0.0,0.0,
2025-08-11 13:00:00,8.2,8.9,,7.3,,82.0,1.0,2.5,239.0,246.0,1010.0,546.0,0.0,,
2025-08-11 14:00:00,7.4,8.5,,6.9,,85.0,1.3,2.6,188.0,235.0,1009.7,559.0,0.0,,
2025-08-11 15:00:00,8.4,9.6,,7.1,,80.0,1.5,4.0,214.0,213.0,1009.4,545.0,0.0,,
2025-08-11 16:00:00,8.4,9.5,,7.5,,82.0,1.3,3.6,163.0,202.0,1009.0,539.0,0.0,,75.0
2025-08-11 17:00:00,9.0,9.8,,8.2,,80.0,1.1,2.7,244.0,239.0,1008.8,458.0,0.0,,
2025-08-11 18:00:00,9.1,10.0,10.0,8.4,5.8,78.0,1.0,2.2,238.0,239.0,1008.4,319.0,0.0,0.0,
2025-08-11 19:00:00,8.7,9.6,,7.8,,81.0,1.1,2.9,219.0,236.0,1008.4,139.0,0.0,,75.0
2025-08-11 20:00:00,8.4,9.1,,8.0,,84.0,0.4,1.6,68.0,204.0,1008.3,115.0,0.0,,
2025-08-11 21:00:00,9.0,9.6,,8.4,,82.0,0.6,1.9,179.0,249.0,1008.2,126.0,0.0,,
2025-08-11 22:00:00,9.0,9.5,,8.5,,83.0,0.4,1.6,232.0,258.0,1007.9,57.0,0.0,,
2025-08-11 23:00:00,7.4,8.5,,7.1,,94.0,0.7,2.1,46.0,260.0,1007.9,9.0,0.0,,
2025-08-12 00:00:00,7.1,7.2,10.0,7.1,6.9,95.0,0.2,0.8,96.0,292.0,1007.7,1.0,0.0,0.0,
2025-08-12 01:00:00,7.3,7.7,,7.0,,89.0,1.0,2.5,285.0,7.0,1007.5,0.0,0.0,,
2025-08-12 02:00:00,6.9,7.2,,6.4,,94.0,0.5,1.8,155.0,226.0,1007.3,0.0,0.0,,
2025-08-12 03:00:00,6.5,6.7,,6.3,,95.0,0.3,1.0,275.0,153.0,1006.9,0.0,0.0,,
2025-08-12 04:00:00,6.2,6.7,,5.6,,94.0,0.2,1.0,13.0,304.0,1006.8,0.0,0.0,,
2025-08-12 05:00:00,5.5,5.9,,5.2,,95.0,0.4,1.7,358.0,9.0,1006.8,7.0,0.0,,
2025-08-12 06:00:00,6.6,7.2,9.6,6.0,5.2,88.0,4.1,9.7,48.0,35.0,1006.5,29.0,0.0,0.0,25.0
2025-08-12 07:00:00,7.6,7.8,,7.2,,81.0,6.5,11.1,58.0,59.0,1006.5,92.0,0.0,,
2025-08-12 08:00:00,7.3,7.7,,6.8,,82.0,8.4,13.1,51.0,46.0,1006.5,108.0,0.0,,40.0
2025-08-12 09:00:00,7.9,8.3,,7.5,,79.0,7.8,11.3,19.0,26.0,1006.6,233.0,0.0,,25.0
2025-08-12 10:00:00,8.6,9.1,,7.9,,75.0,6.5,9.4,28.0,25.0,1006.6,271.0,0.0,,
2025-08-12 11:00:00,9.0,9.4,,8.5,,74.0,5.7,9.0,28.0,28.0,1006.6,358.0,0.0,,40.0
2025-08-12 12:00:00,9.4,9.7,9.7,9.0,5.2,72.0,6.7,11.1,36.0,29.0,1006.5,336.0,0.0,0.0,100.0
2025-08-12 13:00:00,9.6,10.1,,9.1,,68.0,6.9,11.3,26.0,26.0,1006.0,395.0,0.0,,100.0
2025-08-12 14:00:00,9.8,10.3,,9.4,,65.0,8.4,12.6,33.0,37.0,1005.7,566.0,0.0,,100.0
2025-08-12 15:00:00,9.6,10.0,,9.4,,66.0,6.3,10.8,12.0,20.0,1005.5,219.0,0.0,,10.0
2025-08-12 16:00:00,9.3,9.6,,8.9,,67.0,7.8,13.5,29.0,27.0,1005.3,266.0,0.0,,60.0
2025-08-12 17:00:00,9.5,10.1,,8.9,,66.0,8.7,14.2,22.0,27.0,1005.5,458.0,0.0,,50.0
2025-08-12 18:00:00,8.8,9.2,10.3,8.5,6.8,70.0,10.1,14.1,26.0,27.0,1005.5,198.0,0.0,0.0,100.0
2025-08-12 19:00:00,8.7,8.9,,8.4,,70.0,8.8,12.3,29.0,25.0,1005.4,228.0,0.0,,100.0
2025-08-12 20:00:00,7.6,8.6,,7.1,,74.0,11.3,14.2,43.0,37.0,1005.8,69.0,0.0,,100.0
2025-08-12 21:00:00,7.2,7.4,,7.0,,77.0,9.5,14.5,36.0,43.0,1006.4,31.0,0.0,,100.0
2025-08-12 22:00:00,6.9,7.2,,6.6,,81.0,9.5,13.2,53.0,61.0,1006.2,14.0,0.0,,100.0
2025-08-12 23:00:00,6.8,7.1,,6.6,,79.0,9.4,13.0,59.0,56.0,1006.5,3.0,0.0,,100.0
2025-08-13 00:00:00,7.3,7.6,10.3,6.9,6.6,74.0,5.3,11.5,19.0,41.0,1006.9,0.0,0.0,0.0,100.0
2025-08-13 01:00:00,6.6,7.5,,6.3,,80.0,2.3,4.6,311.0,312.0,1007.0,0.0,0.0,,100.0
2025-08-13 02:00:00,6.6,7.4,,6.3,,83.0,1.2,5.0,29.0,38.0,1007.0,0.0,0.0,,100.0
2025-08-13 03:00:00,7.3,7.7,,6.9,,79.0,4.2,6.5,41.0,35.0,1006.9,0.0,0.0,,100.0
2025-08-13 04:00:00,7.1,7.7,,6.7,,80.0,4.6,6.2,23.0,29.0,1006.7,0.0,0.0,,100.0
2025-08-13 05:00:00,7.4,8.0,,7.1,,77.0,4.5,6.4,19.0,27.0,1006.7,4.0,0.0,,100.0
2025-08-13 06:00:00,7.2,7.6,8.9,6.9,6.3,79.0,4.8,7.4,27.0,21.0,1006.9,19.0,0.0,0.0,100.0
2025-08-13 07:00:00,7.5,8.0,,6.9,,78.0,5.6,8.5,50.0,41.0,1007.0,93.0,0.0,,100.0
2025-08-13 08:00:00,7.9,8.2,,7.4,,77.0,4.7,7.9,22.0,33.0,1007.5,183.0,0.0,,90.0
2025-08-13 09:00:00,6.4,7.7,,5.2,,84.0,2.4,7.6,210.0,357.0,1007.9,165.0,0.0,,100.0
2025-08-13 10:00:00,6.5,7.3,,5.8,,84.0,0.9,2.3,281.0,265.0,1008.3,161.0,0.0,,100.0
2025-08-13 11:00:00,7.2,7.4,,6.9,,80.0,1.2,2.9,243.0,262.0,1008.5,180.0,0.0,,100.0
2025-08-13 12:00:00,7.1,7.7,8.2,6.5,5.2,80.0,0.7,2.7,238.0,249.0,1008.6,185.0,0.0,0.0,100.0
2025-08-13 13:00:00,8.0,8.5,,7.7,,76.0,0.6,1.7,221.0,235.0,1008.5,177.0,0.0,,100.0
2025-08-13 14:00:00,7.7,8.1,,7.3,,77.0,,,,,,,0.0,,
2025-08-13 15:00:00,8.4,8.9,,7.7,,75.0,1.2,3.0,113.0,120.0,1008.6,210.0,0.0,,100.0
2025-08-13 16:00:00,8.0,8.7,,7.4,,76.0,,,,,,,0.0,,
2025-08-13 17:00:00,6.4,7.5,,5.4,,84.0,1.0,2.8,325.0,260.0,1008.6,101.0,0.0,,100.0
2025-08-13 18:00:00,7.3,7.8,8.9,6.8,5.2,80.0,0.5,1.5,214.0,225.0,1008.5,115.0,0.0,0.0,100.0
2025-08-13 19:00:00,7.5,7.9,,6.8,,80.0,0.4,1.2,278.0,223.0,1008.6,110.0,0.0,,100.0
2025-08-13 20:00:00,7.1,7.5,,6.7,,81.0,1.2,3.3,109.0,175.0,1008.9,59.0,0.0,,100.0
2025-08-13 21:00:00,6.8,7.1,,6.7,,82.0,2.2,4.1,119.0,119.0,1009.0,24.0,0.0,,100.0
2025-08-13 22:00:00,6.7,6.8,,6.5,,85.0,3.5,5.8,121.0,113.0,1009.1,7.0,0.0,,100.0
2025-08-13 23:00:00,6.4,6.5,,6.3,,91.0,3.4,5.0,76.0,90.0,1009.1,0.0,0.3,,100.0
2025-08-14 00:00:00,6.4,6.5,8.9,6.3,5.4,91.0,1.9,3.2,51.0,64.0,1009.0,0.0,0.5,0.7,100.0
2025-08-14 01:00:00,6.4,6.7,,5.9,,91.0,1.8,5.5,63.0,81.0,1008.9,0.0,0.4,,100.0
2025-08-14 02:00:00,6.0,6.5,,5.4,,91.0,1.8,5.1,338.0,86.0,1008.8,0.0,0.1,,100.0
2025-08-14 03:00:00,6.0,6.5,,5.1,,90.0,,,,,,,0.1,,
2025-08-14 04:00:00,5.4,5.8,,5.3,,94.0,1.1,3.2,312.0,276.0,1008.7,0.0,0.3,,100.0
2025-08-14 05:00:00,5.1,5.4,,4.7,,96.0,0.6,1.8,242.0,263.0,1008.8,1.0,0.1,,100.0
2025-08-14 06:00:00,5.0,5.1,7.9,4.9,4.7,97.0,0.6,1.5,186.0,94.0,1009.2,11.0,0.8,2.4,100.0
2025-08-14 07:00:00,5.2,5.3,,5.0,,97.0,0.6,2.0,101.0,120.0,1009.6,28.0,0.6,,100.0
2025-08-14 08:00:00,5.0,5.3,,4.7,,97.0,0.7,1.5,239.0,204.0,1010.0,40.0,0.4,,100.0
2025-08-14 09:00:00,4.7,5.0,,4.5,,98.0,1.0,2.3,266.0,257.0,1010.2,61.0,0.7,,100.0
2025-08-14 10:00:00,4.7,4.9,,4.5,,98.0,0.8,1.3,246.0,240.0,1010.4,116.0,0.4,,100.0
2025-08-14 11:00:00,4.4,4.6,,4.2,,98.0,0.8,1.6,259.0,244.0,1010.9,128.0,0.3,,100.0
2025-08-14 12:00:00,4.8,5.0,6.7,4.5,4.2,98.0,1.1,2.3,233.0,229.0,1011.4,159.0,0.5,5.4,100.0
2025-08-14 13:00:00,5.2,5.5,,4.8,,98.0,1.4,2.8,197.0,215.0,1011.9,182.0,0.2,,100.0
2025-08-14 14:00:00,5.8,6.3,,5.4,,97.0,0.6,1.9,66.0,164.0,1012.0,171.0,0.3,,100.0
2025-08-14 15:00:00,6.5,7.3,,6.2,,95.0,0.7,1.4,149.0,140.0,1012.2,223.0,0.3,,100.0
2025-08-14 16:00:00,7.3,7.7,,6.9,,90.0,1.4,2.6,222.0,160.0,1012.5,305.0,0.0,,100.0
2025-08-14 17:00:00,7.4,7.6,,6.9,,90.0,2.5,4.8,158.0,144.0,1012.9,165.0,0.0,,100.0
2025-08-14 18:00:00,6.7,7.1,7.7,6.2,4.2,89.0,1.3,3.4,161.0,206.0,1013.4,340.0,0.0,6.2,75.0
2025-08-14 19:00:00,7.9,9.0,,6.6,,85.0,1.8,3.6,121.0,133.0,1013.6,400.0,0.0,,100.0
2025-08-14 20:00:00,7.5,8.7,,6.6,,87.0,2.8,5.2,152.0,148.0,1014.4,98.0,0.0,,
2025-08-14 21:00:00,7.3,7.5,,6.9,,87.0,2.3,4.4,76.0,117.0,1014.7,45.0,0.0,,
2025-08-14 22:00:00,6.8,7.0,,6.7,,88.0,2.5,4.2,109.0,91.0,1014.9,35.0,0.0,,
2025-08-14 23:00:00,6.7,6.8,,6.5,,87.0,2.9,4.6,103.0,107.0,1015.0,5.0,0.0,,
2025-08-15 00:00:00,5.9,6.4,9.0,5.6,4.8,91.0,1.1,4.1,123.0,99.0,1015.1,0.0,0.0,5.5,50.0
2025-08-15 01:00:00,5.8,6.0,,5.6,,94.0,1.9,4.7,47.0,84.0,1015.0,0.0,0.0,,100.0
2025-08-15 02:00:00,6.0,6.6,,5.6,,91.0,4.4,6.9,84.0,67.0,1013.9,0.0,0.0,,100.0
2025-08-15 03:00:00,7.0,7.3,,6.5,,79.0,5.4,9.3,106.0,103.0,1012.9,0.0,0.0,,10.0
2025-08-15 04:00:00,6.6,6.9,,5.9,,79.0,4.9,9.7,76.0,102.0,1011.9,0.0,0.0,,
2025-08-15 05:00:00,5.3,6.1,,4.8,,85.0,6.6,10.2,96.0,85.0,1010.9,4.0,0.0,,
2025-08-15 06:00:00,5.4,6.2,9.0,4.8,4.8,83.0,5.6,11.4,112.0,84.0,1009.8,23.0,0.0,3.8,
2025-08-15 07:00:00,5.3,6.3,,4.4,,82.0,5.4,12.4,134.0,131.0,1009.4,49.0,0.0,,40.0
2025-08-15 08:00:00,4.0,4.7,,3.5,,89.0,6.4,14.7,97.0,135.0,1008.7,79.0,0.0,,100.0
2025-08-15 09:00:00,3.6,4.0,,3.4,,92.0,5.1,9.9,104.0,117.0,1007.9,112.0,0.0,,100.0
2025-08-15 10:00:00,3.9,4.6,,3.6,,91.0,7.2,12.7,108.0,104.0,1006.5,226.0,0.0,,25.0
2025-08-15 11:00:00,4.7,5.3,,4.4,,87.0,5.6,11.0,94.0,109.0,1005.7,382.0,0.0,,90.0
2025-08-15 12:00:00,4.5,5.4,7.3,4.1,3.4,89.0,6.3,10.8,95.0,87.0,1004.5,155.0,0.0,0.8,100.0
2025-08-15 13:00:00,4.6,5.1,,4.2,,88.0,7.1,11.2,83.0,74.0,1003.4,325.0,0.0,,40.0
2025-08-15 14:00:00,6.6,7.5,,4.9,,78.0,6.4,8.9,84.0,97.0,1003.5,485.0,0.0,,
2025-08-15 15:00:00,8.4,9.4,,7.0,,68.0,2.6,9.3,235.0,77.0,1003.6,530.0,0.0,,
2025-08-15 16:00:00,8.4,9.3,,6.7,,68.0,1.6,3.4,197.0,220.0,1004.1,495.0,0.0,,
2025-08-15 17:00:00,7.2,7.5,,6.7,,79.0,1.3,2.9,213.0,192.0,1004.5,436.0,0.0,,
2025-08-15 18:00:00,7.9,9.0,9.4,6.9,3.4,77.0,1.0,2.4,206.0,220.0,1004.9,367.0,0.0,0.0,
2025-08-15 19:00:00,7.6,8.1,,6.8,,76.0,1.3,3.1,148.0,167.0,1005.5,280.0,0.0,,
2025-08-15 20:00:00,7.5,8.2,,7.2,,77.0,1.8,3.6,117.0,158.0,1006.1,189.0,0.0,,
2025-08-15 21:00:00,7.6,9.1,,6.7,,79.0,1.7,4.1,145.0,168.0,1006.6,108.0,0.0,,
2025-08-15 22:00:00,8.4,9.3,,6.8,,72.0,2.6,8.3,211.0,100.0,1006.8,38.0,0.0,,
2025-08-15 23:00:00,8.5,9.0,,7.9,,72.0,2.1,5.0,4.0,357.0,1007.0,7.0,0.0,,10.0
2025-08-16 00:00:00,8.2,8.8,9.4,7.1,4.2,74.0,1.2,3.4,120.0,31.0,1007.6,0.0,0.0,0.0,50.0
2025-08-16 01:00:00,6.9,7.6,,6.2,,78.0,1.4,3.5,257.0,42.0,1007.5,0.0,0.0,,25.0
2025-08-16 02:00:00,6.5,7.5,,5.9,,78.0,1.4,3.3,39.0,85.0,1007.8,0.0,0.0,,
2025-08-16 03:00:00,7.6,8.8,,6.7,,70.0,,,,,,,0.0,,
2025-08-16 04:00:00,8.1,9.0,,7.7,,66.0,,,,,,,0.0,,100.0
2025-08-16 05:00:00,9.0,10.3,,8.1,,63.0,4.0,5.8,28.0,23.0,1007.6,3.0,0.0,,100.0
2025-08-16 06:00:00,8.2,9.8,10.3,6.6,5.9,67.0,2.0,5.0,71.0,28.0,1007.8,8.0,0.0,0.0,100.0
2025-08-16 07:00:00,7.6,8.5,,7.1,,70.0,,,,,,,0.0,,100.0
2025-08-16 08:00:00,6.2,8.3,,5.1,,80.0,1.5,3.7,29.0,155.0,1008.9,37.0,0.0,,100.0
2025-08-16 09:00:00,7.7,10.4,,4.8,,71.0,3.3,9.6,164.0,63.0,1010.0,67.0,0.0,,100.0
2025-08-16 10:00:00,7.7,9.5,,4.7,,68.0,7.7,18.7,27.0,32.0,1010.0,87.0,0.0,,100.0
2025-08-16 11:00:00,7.3,7.9,,7.0,,68.0,,,,,,,0.0,,100.0
2025-08-16 12:00:00,6.9,7.2,10.4,6.5,4.7,60.0,14.7,23.0,57.0,54.0,1011.4,84.0,0.0,0.0,100.0
2025-08-16 13:00:00,6.9,8.2,,6.5,,55.0,12.4,23.9,48.0,49.0,1011.6,83.0,0.0,,100.0
2025-08-16 14:00:00,6.6,7.0,,6.2,,55.0,11.2,20.3,45.0,46.0,1012.7,71.0,0.0,,100.0
2025-08-16 15:00:00,6.4,6.8,,5.7,,56.0,9.6,21.3,48.0,55.0,1011.6,77.0,0.0,,100.0
2025-08-16 16:00:00,5.8,6.3,,5.6,,64.0,10.0,20.2,53.0,39.0,1011.8,62.0,1.6,,100.0
2025-08-16 17:00:00,5.5,6.0,,5.3,,68.0,11.5,24.2,29.0,32.0,1010.2,51.0,1.0,,100.0
2025-08-16 18:00:00,5.5,5.8,10.4,5.3,4.7,65.0,13.3,23.0,27.0,32.0,1010.7,35.0,0.0,2.5,100.0
2025-08-16 19:00:00,5.6,6.4,,5.1,,69.0,6.4,21.9,51.0,48.0,1011.4,24.0,0.7,,100.0
2025-08-16 20:00:00,5.1,5.5,,4.8,,76.0,4.7,10.4,23.0,19.0,1011.7,12.0,0.6,,100.0
2025-08-16 21:00:00,4.9,5.2,,4.5,,76.0,9.1,17.6,34.0,45.0,1010.4,14.0,0.0,,100.0
2025-08-16 22:00:00,4.6,5.1,,4.5,,76.0,8.8,14.7,48.0,38.0,1010.9,6.0,0.0,,100.0
2025-08-16 23:00:00,4.7,4.9,,4.4,,73.0,7.1,11.0,53.0,38.0,1011.3,0.0,0.0,,100.0
2025-08-17 00:00:00,4.4,4.6,8.2,4.2,4.2,76.0,6.2,9.6,27.0,38.0,1012.2,0.0,0.0,3.8,100.0
2025-08-17 01:00:00,4.0,4.3,,3.7,,81.0,4.3,7.5,34.0,37.0,1012.5,0.0,0.0,,100.0
2025-08-17 02:00:00,3.8,4.0,,3.4,,83.0,3.4,5.7,22.0,28.0,1012.7,0.0,0.0,,100.0
2025-08-17 03:00:00,3.3,3.5,,3.2,,88.0,3.4,6.2,22.0,22.0,1013.0,0.0,0.0,,100.0
2025-08-17 04:00:00,3.0,3.2,,2.8,,94.0,1.3,3.2,25.0,30.0,1013.4,0.0,0.0,,100.0
2025-08-17 05:00:00,2.9,3.0,,2.8,,94.0,1.7,3.3,34.0,26.0,1013.7,0.0,0.0,,100.0
2025-08-17 06:00:00,2.9,3.0,6.4,2.8,2.8,97.0,0.4,1.6,151.0,111.0,1014.0,9.0,0.0,3.8,100.0
2025-08-17 07:00:00,3.0,3.1,,2.9,,98.0,0.7,1.6,262.0,217.0,1014.4,25.0,0.0,,100.0
2025-08-17 08:00:00,2.9,3.1,,2.8,,99.0,1.2,2.7,287.0,289.0,1014.9,64.0,0.1,,100.0
2025-08-17 09:00:00,3.0,3.1,,2.8,,98.0,1.8,3.1,235.0,257.0,1015.2,118.0,0.0,,100.0
2025-08-17 10:00:00,3.1,3.4,,3.0,,97.0,2.1,3.6,201.0,207.0,1015.7,167.0,0.0,,100.0
2025-08-17 11:00:00,3.5,3.8,,3.1,,94.0,2.2,3.8,219.0,222.0,1016.3,202.0,0.0,,100.0
2025-08-17 12:00:00,4.0,4.7,4.7,3.6,2.8,92.0,1.8,3.1,171.0,189.0,1016.9,359.0,0.0,3.8,100.0
2025-08-17 13:00:00,4.5,4.9,,4.1,,88.0,1.5,2.4,203.0,185.0,1017.6,327.0,0.0,,100.0
2025-08-17 14:00:00,4.9,5.4,,4.5,,85.0,2.0,3.4,184.0,199.0,1018.2,323.0,0.0,,90.0
2025-08-17 15:00:00,5.9,6.5,,5.2,,80.0,1.7,2.8,201.0,198.0,1019.0,450.0,0.0,,25.0
2025-08-17 16:00:00,6.1,6.5,,5.8,,77.0,2.2,4.0,200.0,196.0,1019.6,325.0,0.0,,100.0
2025-08-17 17:00:00,6.0,6.4,,5.6,,79.0,1.9,4.0,149.0,178.0,1020.2,251.0,0.0,,60.0
2025-08-17 18:00:00,6.4,6.7,6.7,6.0,2.8,79.0,3.1,6.6,144.0,154.0,1021.1,280.0,0.0,1.3,60.0
2025-08-17 19:00:00,6.3,6.6,,6.0,,78.0,3.2,5.8,149.0,147.0,1022.0,204.0,0.0,,50.0
2025-08-17 20:00:00,6.2,6.5,,5.7,,77.0,2.8,4.7,144.0,147.0,1023.4,206.0,0.0,,
2025-08-17 21:00:00,5.8,6.1,,4.9,,79.0,1.5,3.3,246.0,202.0,1024.6,106.0,0.0,,100.0
2025-08-17 22:00:00,4.6,5.2,,3.9,,88.0,1.5,3.6,243.0,287.0,1025.5,15.0,0.0,,
2025-08-17 23:00:00,4.0,4.4,,3.8,,90.0,1.0,2.5,319.0,284.0,1026.3,4.0,0.0,,100.0
2025-08-18 00:00:00,,,,,,,,,,,1026.8,0.0,,,40.0
2025-08-18 01:00:00,4.4,4.7,,3.9,,86.0,2.0,3.9,164.0,13.0,1027.6,0.0,0.0,,75.0
2025-08-18 02:00:00,3.7,4.1,,3.6,,92.0,0.7,2.5,327.0,261.0,1028.2,0.0,0.0,,100.0
2025-08-18 03:00:00,3.7,3.9,,3.4,,90.0,2.1,3.3,21.0,25.0,1028.4,0.0,0.0,,
2025-08-18 04:00:00,3.3,3.5,,3.1,,91.0,0.7,2.4,171.0,65.0,1028.9,0.0,0.0,,10.0
2025-08-18 05:00:00,3.0,3.4,,2.8,,93.0,0.9,2.1,58.0,63.0,1029.3,3.0,0.0,,
2025-08-18 06:00:00,3.4,3.6,6.6,3.1,2.8,88.0,1.2,2.2,25.0,39.0,1029.8,18.0,0.0,0.0,
2025-08-18 07:00:00,3.8,4.7,,3.2,,85.0,1.2,3.1,332.0,29.0,1030.1,90.0,0.0,,
2025-08-18 08:00:00,4.7,5.7,,4.0,,81.0,1.4,3.4,43.0,22.0,1030.2,174.0,0.0,,
2025-08-18 09:00:00,4.6,5.6,,3.5,,84.0,1.2,2.8,66.0,153.0,1030.4,259.0,0.0,,
2025-08-18 10:00:00,5.9,6.7,,5.3,,78.0,1.0,1.9,112.0,173.0,1030.6,347.0,0.0,,
2025-08-18 11:00:00,7.7,8.3,,6.7,,68.0,1.1,2.3,154.0,152.0,1030.6,423.0,0.0,,
2025-08-18 12:00:00,7.7,8.6,8.6,6.1,2.8,69.0,2.1,4.6,212.0,175.0,1031.2,482.0,0.0,0.0,
2025-08-18 13:00:00,7.9,8.6,,7.2,,68.0,1.8,4.6,147.0,215.0,1031.2,521.0,0.0,,
2025-08-18 14:00:00,9.2,9.6,,8.6,,60.0,1.9,4.5,183.0,164.0,1030.7,529.0,0.0,,
2025-08-18 15:00:00,8.9,9.8,,8.0,,60.0,2.3,4.4,159.0,168.0,1030.3,509.0,0.0,,
2025-08-18 16:00:00,9.4,11.2,,7.2,,58.0,0.9,2.9,177.0,187.0,1029.8,483.0,0.0,,
2025-08-18 17:00:00,11.5,12.4,,10.8,,45.0,1.0,3.7,59.0,214.0,1028.9,445.0,0.0,,60.0
2025-08-18 18:00:00,11.8,12.3,12.4,11.4,3.2,43.0,2.4,6.2,152.0,107.0,1028.1,331.0,0.0,0.0,
2025-08-18 19:00:00,10.6,11.8,,9.8,,53.0,2.1,6.4,102.0,127.0,1027.5,280.0,0.0,,10.0
2025-08-18 20:00:00,10.4,11.5,,9.4,,53.0,4.7,8.0,56.0,78.0,1026.8,191.0,0.0,,
2025-08-18 21:00:00,9.9,10.9,,9.5,,57.0,1.1,3.0,226.0,242.0,1026.1,89.0,0.0,,
2025-08-18 22:00:00,8.9,9.7,,8.0,,63.0,0.5,1.6,251.0,257.0,1025.5,18.0,0.0,,
2025-08-18 23:00:00,7.6,8.2,,6.9,,68.0,2.4,5.6,44.0,60.0,1024.6,1.0,0.0,,
2025-08-19 00:00:00,7.0,8.2,12.4,6.7,6.7,70.0,0.8,2.1,42.0,205.0,1023.6,0.0,0.0,0.0,
2025-08-19 01:00:00,6.7,7.1,,6.4,,70.0,0.4,1.2,357.0,30.0,1023.0,0.0,0.0,,
2025-08-19 02:00:00,6.4,6.7,,6.1,,73.0,0.4,1.3,357.0,161.0,1022.0,0.0,0.0,,
2025-08-19 03:00:00,6.1,6.9,,5.6,,75.0,0.5,1.9,154.0,134.0,1021.8,0.0,0.0,,
2025-08-19 04:00:00,6.9,7.1,,6.6,,65.0,1.1,2.7,201.0,180.0,1021.3,0.0,0.0,,
2025-08-19 05:00:00,5.9,6.7,,4.9,,73.0,1.2,2.7,134.0,147.0,1021.5,2.0,0.0,,
2025-08-19 06:00:00,5.3,5.7,11.8,4.9,4.9,83.0,2.1,3.7,138.0,145.0,1021.2,25.0,0.0,0.0,
2025-08-19 07:00:00,5.9,6.2,,5.6,,83.0,1.8,3.4,160.0,141.0,1021.3,100.0,0.0,,
2025-08-19 08:00:00,6.2,6.8,,5.6,,79.0,0.7,2.0,140.0,131.0,1021.3,155.0,0.0,,
2025-08-19 09:00:00,7.9,8.9,,6.7,,62.0,1.0,2.6,87.0,55.0,1021.2,150.0,0.0,,
2025-08-19 10:00:00,9.1,10.9,,7.9,,55.0,1.5,3.8,226.0,174.0,1021.2,311.0,0.0,,
2025-08-19 11:00:00,10.4,11.5,,9.6,,51.0,2.0,4.4,167.0,152.0,1021.5,385.0,0.0,,
2025-08-19 12:00:00,11.6,13.8,13.8,10.1,4.9,50.0,1.6,4.0,165.0,184.0,1021.6,473.0,0.0,0.0,
2025-08-19 13:00:00,14.7,16.0,,13.1,,40.0,2.5,6.1,129.0,192.0,1021.9,517.0,0.0,,
2025-08-19 14:00:00,16.6,17.7,,15.9,,33.0,7.8,17.7,39.0,53.0,1022.2,551.0,0.0,,
2025-08-19 15:00:00,15.6,17.0,,12.5,,34.0,8.7,21.4,118.0,48.0,1024.4,567.0,0.0,,
2025-08-19 16:00:00,15.5,16.5,,13.1,,31.0,13.0,20.0,40.0,49.0,1024.4,494.0,0.0,,
2025-08-19 17:00:00,14.7,15.2,,13.8,,31.0,12.8,19.7,41.0,46.0,1025.5,425.0,0.0,,
2025-08-19 18:00:00,13.7,14.0,17.7,13.4,5.6,30.0,13.0,18.2,47.0,44.0,1026.3,326.0,0.0,0.0,
2025-08-19 19:00:00,13.4,13.7,,13.2,,29.0,13.3,18.6,57.0,50.0,1027.0,252.0,0.0,,
2025-08-19 20:00:00,12.9,13.4,,12.6,,28.0,12.8,17.9,55.0,53.0,1027.5,169.0,0.0,,
2025-08-19 21:00:00,12.4,12.7,,12.1,,28.0,11.7,15.4,55.0,50.0,1028.4,90.0,0.0,,
2025-08-19 22:00:00,11.4,12.2,,10.9,,31.0,11.9,17.4,56.0,50.0,1029.0,27.0,0.0,,
2025-08-19 23:00:00,11.2,11.6,,10.5,,33.0,9.8,14.9,21.0,43.0,1029.5,2.0,0.0,,
2025-08-20 00:00:00,10.6,11.6,17.7,9.8,9.8,36.0,5.7,9.9,150.0,24.0,1030.1,0.0,0.0,0.0,
2025-08-20 01:00:00,7.1,10.2,,5.6,,63.0,0.9,2.7,323.0,160.0,1030.6,0.0,0.0,,
2025-08-20 02:00:00,7.1,8.4,,6.4,,61.0,1.1,2.1,33.0,315.0,1030.8,0.0,0.0,,
2025-08-20 03:00:00,7.2,7.5,,6.7,,57.0,0.8,2.7,30.0,15.0,1030.6,0.0,0.0,,
2025-08-20 04:00:00,6.8,7.0,,6.4,,57.0,0.5,1.4,227.0,39.0,1030.5,0.0,0.0,,
2025-08-20 05:00:00,5.6,6.3,,5.2,,69.0,0.5,1.3,56.0,156.0,1030.2,2.0,0.0,,
2025-08-20 06:00:00,6.7,7.2,13.7,6.1,5.2,57.0,1.1,3.2,26.0,24.0,1030.1,13.0,0.0,0.0,
2025-08-20 07:00:00,7.1,7.6,,6.8,,54.0,2.6,4.4,27.0,22.0,1030.1,83.0,0.0,,
2025-08-20 08:00:00,8.0,8.4,,7.6,,51.0,1.9,3.7,32.0,27.0,1029.9,162.0,0.0,,
2025-08-20 09:00:00,10.2,11.2,,8.1,,41.0,1.4,3.3,154.0,107.0,1029.4,251.0,0.0,,
2025-08-20 10:00:00,10.9,11.6,,8.3,,39.0,0.8,2.7,262.0,122.0,1029.1,335.0,0.0,,
2025-08-20 11:00:00,7.9,8.6,,7.4,,57.0,1.0,2.4,265.0,264.0,1028.9,409.0,0.0,,
2025-08-20 12:00:00,8.3,9.1,11.6,7.6,5.2,63.0,0.7,1.5,275.0,258.0,1028.5,468.0,0.0,0.0,
2025-08-20 13:00:00,,,,,,,1.1,2.7,237.0,235.0,1028.1,505.0,,,
2025-08-20 14:00:00,8.6,9.6,,7.8,,72.0,1.2,2.2,166.0,202.0,1027.3,518.0,0.0,,
2025-08-20 15:00:00,9.2,10.1,,7.9,,66.0,1.3,2.7,239.0,207.0,1026.8,503.0,0.0,,
2025-08-20 16:00:00,9.2,10.4,,7.9,,63.0,1.0,2.1,191.0,227.0,1025.8,471.0,0.0,,
2025-08-20 17:00:00,10.0,11.0,,9.6,,51.0,1.0,1.9,253.0,236.0,1025.0,412.0,0.0,,
2025-08-20 18:00:00,10.5,11.9,11.9,9.5,6.8,48.0,0.8,2.0,243.0,243.0,1024.4,338.0,0.0,0.0,
2025-08-20 19:00:00,,,,,,,,1.5,,,1023.6,253.0,,,
2025-08-20 20:00:00,10.5,11.5,,8.9,,45.0,1.1,2.2,251.0,245.0,1023.5,165.0,0.0,,
2025-08-20 21:00:00,9.6,10.0,,8.9,,59.0,0.5,2.0,273.0,247.0,1022.9,84.0,0.0,,
2025-08-20 22:00:00,8.5,9.4,,7.5,,65.0,0.6,1.5,225.0,213.0,1022.3,22.0,0.0,,
2025-08-20 23:00:00,7.3,7.7,,7.0,,80.0,0.5,1.6,171.0,171.0,1021.8,1.0,0.0,,
2025-08-21 00:00:00,7.0,7.3,11.9,6.8,6.8,83.0,0.4,1.0,154.0,156.0,1021.1,0.0,0.0,0.0,
2025-08-21 01:00:00,8.5,10.3,,7.0,,71.0,1.0,3.1,23.0,33.0,1020.7,0.0,0.0,,
2025-08-21 02:00:00,10.7,11.8,,8.8,,54.0,1.5,3.5,31.0,37.0,1020.4,0.0,0.0,,
2025-08-21 03:00:00,10.4,13.1,,7.6,,58.0,1.0,2.5,54.0,42.0,1020.4,0.0,0.0,,
2025-08-21 04:00:00,9.3,11.3,,7.6,,65.0,0.9,4.4,252.0,296.0,1020.8,0.0,0.0,,
2025-08-21 05:00:00,9.6,10.5,,8.0,,60.0,0.6,1.6,38.0,69.0,1020.7,1.0,0.0,,
2025-08-21 06:00:00,10.4,11.6,13.1,8.5,6.8,55.0,0.8,2.5,57.0,63.0,1020.7,10.0,0.0,0.0,
2025-08-21 07:00:00,10.4,12.0,,8.4,,55.0,2.1,3.9,26.0,36.0,1020.9,74.0,0.0,,
2025-08-21 08:00:00,9.2,10.9,,7.9,,64.0,0.3,2.0,6.0,42.0,1021.0,156.0,0.0,,
2025-08-21 09:00:00,11.7,12.9,,10.4,,52.0,0.6,1.7,258.0,307.0,1021.1,234.0,0.0,,
2025-08-21 10:00:00,12.9,13.6,,12.2,,50.0,0.6,1.4,167.0,167.0,1021.3,317.0,0.0,,
2025-08-21 11:00:00,11.2,12.6,,10.1,,61.0,0.8,2.6,259.0,251.0,1021.5,380.0,0.0,,
2025-08-21 12:00:00,10.3,11.3,13.6,9.6,7.0,66.0,0.7,2.6,279.0,246.0,1021.7,438.0,0.0,0.0,
2025-08-21 13:00:00,11.4,11.9,,10.9,,62.0,0.9,1.9,250.0,242.0,1021.7,474.0,0.0,,
2025-08-21 14:00:00,10.9,11.3,,10.2,,62.0,1.5,2.6,244.0,247.0,1021.5,492.0,0.0,,
2025-08-21 15:00:00,11.0,11.7,,10.4,,57.0,1.1,2.2,270.0,243.0,1021.5,477.0,0.0,,
2025-08-21 16:00:00,11.8,12.7,,11.1,,53.0,1.3,2.3,195.0,237.0,1021.2,444.0,0.0,,
2025-08-21 17:00:00,12.2,12.9,,11.7,,47.0,1.7,5.3,114.0,161.0,1020.9,391.0,0.0,,
2025-08-21 18:00:00,12.3,13.2,13.6,11.5,7.9,36.0,3.1,10.0,108.0,104.0,1020.8,310.0,0.0,0.0,
2025-08-21 19:00:00,,,,,,,,9.2,,,1020.8,234.0,,,
2025-08-21 20:00:00,10.7,11.1,,9.9,,40.0,1.8,4.7,153.0,156.0,1020.9,148.0,0.0,,
2025-08-21 21:00:00,10.1,10.2,,9.8,,44.0,1.6,3.1,112.0,117.0,1020.7,71.0,0.0,,
2025-08-21 22:00:00,9.5,10.0,,9.0,,46.0,2.3,3.5,102.0,102.0,1020.4,16.0,0.0,,
2025-08-21 23:00:00,8.9,9.1,,8.6,,50.0,2.7,3.8,51.0,70.0,1020.1,1.0,0.0,,
2025-08-22 00:00:00,8.4,8.9,13.2,7.7,7.7,53.0,1.4,3.4,104.0,88.0,1019.7,0.0,0.0,0.0,
2025-08-22 01:00:00,8.1,9.0,,7.7,,53.0,2.9,4.3,69.0,82.0,1019.2,0.0,0.0,,
2025-08-22 02:00:00,8.1,8.5,,7.6,,49.0,2.5,4.4,90.0,96.0,1018.7,0.0,0.0,,
2025-08-22 03:00:00,7.6,8.1,,6.7,,51.0,1.7,3.6,27.0,49.0,1018.0,0.0,0.0,,
2025-08-22 04:00:00,5.4,7.4,,4.3,,72.0,1.4,2.9,214.0,242.0,1017.7,0.0,0.0,,
2025-08-22 05:00:00,3.7,4.3,,3.1,,83.0,0.9,2.3,214.0,233.0,1017.4,1.0,0.0,,
2025-08-22 06:00:00,2.6,3.1,11.6,2.4,2.4,87.0,2.5,4.2,87.0,79.0,1017.0,12.0,0.0,0.0,
2025-08-22 07:00:00,2.8,3.0,,2.4,,89.0,2.2,4.0,103.0,108.0,1016.9,55.0,0.0,,
2025-08-22 08:00:00,3.0,3.4,,2.6,,90.0,1.2,3.1,158.0,145.0,1016.3,139.0,0.0,,
2025-08-22 09:00:00,3.5,3.8,,3.2,,86.0,1.8,4.2,149.0,144.0,1015.8,221.0,0.0,,
2025-08-22 10:00:00,3.9,4.4,,3.6,,85.0,1.6,3.3,166.0,156.0,1015.6,305.0,0.0,,
2025-08-22 11:00:00,4.6,5.2,,4.1,,81.0,2.7,5.5,119.0,139.0,1015.2,380.0,0.0,,
2025-08-22 12:00:00,5.2,6.0,9.0,4.5,2.4,79.0,3.0,5.4,141.0,139.0,1014.7,439.0,0.0,0.0,
2025-08-22 13:00:00,6.1,6.8,,5.2,,75.0,2.3,4.8,229.0,141.0,1014.2,485.0,0.0,,
2025-08-22 14:00:00,6.2,6.7,,5.3,,75.0,1.4,2.8,168.0,179.0,1013.6,500.0,0.0,,
2025-08-22 15:00:00,6.9,7.6,,6.3,,73.0,3.7,7.6,108.0,126.0,1012.9,487.0,0.0,,
2025-08-22 16:00:00,6.6,7.2,,6.0,,74.0,6.0,8.8,112.0,106.0,1012.5,455.0,0.0,,
2025-08-22 17:00:00,5.9,6.2,,5.3,,78.0,5.7,10.0,113.0,114.0,1012.3,400.0,0.0,,
2025-08-22 18:00:00,5.0,5.4,7.6,4.7,2.4,82.0,4.3,11.9,99.0,97.0,1011.8,326.0,0.0,0.0,
2025-08-22 19:00:00,4.8,5.1,,4.5,,83.0,4.3,11.6,100.0,92.0,1011.4,240.0,0.0,,
2025-08-22 20:00:00,4.3,4.7,,3.8,,86.0,5.2,12.4,103.0,97.0,1011.6,155.0,0.0,,25.0
2025-08-22 21:00:00,3.5,3.8,,3.1,,89.0,6.1,11.4,131.0,107.0,1011.4,88.0,0.0,,60.0
2025-08-22 22:00:00,2.6,3.1,,2.3,,95.0,7.2,11.9,102.0,102.0,1010.8,9.0,0.0,,100.0
2025-08-22 23:00:00,2.4,2.5,,2.3,,97.0,7.5,13.2,95.0,99.0,1009.9,0.0,0.0,,75.0
2025-08-23 00:00:00,2.4,2.5,7.6,2.3,2.3,97.0,9.7,13.1,98.0,101.0,1009.4,0.0,0.0,0.0,10.0
2025-08-23 01:00:00,2.4,2.6,,2.3,,97.0,9.3,13.1,83.0,89.0,1009.0,0.0,0.0,,
2025-08-23 02:00:00,3.1,3.6,,2.6,,91.0,6.8,10.5,71.0,77.0,1009.0,0.0,0.0,,
2025-08-23 03:00:00,3.8,4.2,,3.3,,86.0,3.6,9.0,57.0,67.0,1008.9,0.0,0.0,,
2025-08-23 04:00:00,3.9,4.3,,3.5,,85.0,1.2,4.8,141.0,71.0,1008.9,0.0,0.0,,
2025-08-23 05:00:00,3.6,3.9,,3.3,,87.0,0.9,1.8,155.0,148.0,1009.0,0.0,0.0,,
2025-08-23 06:00:00,4.0,4.6,5.1,3.4,2.3,84.0,1.0,2.0,167.0,36.0,1009.1,15.0,0.0,0.0,25.0
2025-08-23 07:00:00,3.9,4.2,,3.6,,86.0,1.3,3.9,53.0,121.0,1009.4,43.0,0.0,,75.0
2025-08-23 08:00:00,4.9,5.5,,3.7,,80.0,1.2,2.5,189.0,53.0,1009.6,96.0,0.0,,
2025-08-23 09:00:00,3.4,4.7,,2.8,,91.0,4.9,7.9,82.0,84.0,1010.1,179.0,0.0,,50.0
2025-08-23 10:00:00,4.3,4.9,,2.9,,87.0,3.8,6.4,121.0,93.0,1010.7,309.0,0.0,,
2025-08-23 11:00:00,4.7,5.5,,4.3,,83.0,2.9,6.1,140.0,136.0,1011.0,394.0,0.0,,25.0
2025-08-23 12:00:00,4.8,5.8,5.8,4.2,2.3,84.0,1.7,3.4,259.0,207.0,1011.6,432.0,0.0,0.0,100.0
2025-08-23 13:00:00,4.2,4.7,,3.9,,89.0,2.3,4.1,246.0,280.0,1011.4,459.0,0.0,,10.0
2025-08-23 14:00:00,4.8,5.5,,4.2,,86.0,1.5,3.6,239.0,241.0,1011.3,502.0,0.0,,
2025-08-23 15:00:00,5.2,5.7,,4.7,,84.0,2.1,3.7,280.0,252.0,1011.5,490.0,0.0,,
2025-08-23 16:00:00,5.6,6.2,,5.3,,82.0,2.4,4.6,242.0,268.0,1011.4,456.0,0.0,,
2025-08-23 17:00:00,6.2,6.7,,5.5,,79.0,2.4,4.5,251.0,277.0,1011.3,396.0,0.0,,
2025-08-23 18:00:00,5.8,6.2,6.7,5.5,2.8,81.0,1.9,3.6,293.0,263.0,1011.8,321.0,0.0,0.0,
2025-08-23 19:00:00,,,,,,,,,,,1012.1,235.0,,,
2025-08-23 20:00:00,6.1,6.4,,5.8,,79.0,1.9,3.7,186.0,222.0,1012.3,145.0,0.0,,
2025-08-23 21:00:00,6.3,7.4,,5.4,,76.0,3.6,9.9,305.0,316.0,1012.5,67.0,0.0,,
2025-08-23 22:00:00,5.2,5.6,,4.8,,81.0,5.1,9.2,322.0,315.0,1012.7,15.0,0.0,,
2025-08-23 23:00:00,4.2,4.6,,3.9,,89.0,3.6,6.1,296.0,295.0,1013.0,0.0,0.0,,
2025-08-24 00:00:00,3.8,4.0,7.4,3.6,3.6,90.0,3.0,5.3,268.0,281.0,1013.6,0.0,0.0,0.0,
2025-08-24 01:00:00,3.3,3.6,,2.7,,94.0,3.8,5.9,284.0,294.0,1013.7,0.0,0.0,,100.0
2025-08-24 02:00:00,2.5,2.7,,2.4,,98.0,3.0,5.6,249.0,261.0,1013.7,0.0,0.0,,100.0
2025-08-24 03:00:00,2.5,2.6,,2.4,,99.0,2.1,3.9,237.0,242.0,1013.6,0.0,0.0,,100.0
2025-08-24 04:00:00,2.4,2.6,,2.4,,99.0,1.2,3.0,204.0,196.0,1013.4,0.0,0.0,,100.0
2025-08-24 05:00:00,2.4,2.5,,2.3,,99.0,1.6,3.2,150.0,164.0,1013.6,0.0,0.0,,100.0
2025-08-24 06:00:00,2.4,2.6,7.4,2.3,2.3,99.0,0.6,2.2,259.0,113.0,1013.4,5.0,0.0,0.0,100.0
2025-08-24 07:00:00,2.5,2.6,,2.4,,99.0,0.9,1.9,209.0,209.0,1013.3,26.0,0.0,,100.0
2025-08-24 08:00:00,2.5,2.7,,2.4,,99.0,1.2,2.6,203.0,237.0,1013.4,54.0,0.0,,100.0
2025-08-24 09:00:00,2.9,3.3,,2.5,,99.0,1.1,2.5,106.0,167.0,1013.5,104.0,0.0,,100.0
2025-08-24 10:00:00,4.0,5.5,,3.3,,91.0,2.1,7.7,64.0,109.0,1013.3,270.0,0.0,,100.0
2025-08-24 11:00:00,5.0,6.2,,4.1,,81.0,3.2,8.0,148.0,85.0,1013.8,239.0,0.0,,100.0
2025-08-24 12:00:00,4.7,6.3,6.3,3.8,2.3,83.0,3.0,9.3,283.0,93.0,1013.4,248.0,0.0,0.0,100.0
2025-08-24 13:00:00,4.9,6.0,,3.7,,77.0,5.6,13.1,28.0,19.0,1012.1,227.0,0.0,,100.0
2025-08-24 14:00:00,5.3,5.9,,4.7,,68.0,8.5,13.1,32.0,29.0,1012.1,134.0,0.0,,100.0
2025-08-24 15:00:00,4.6,4.9,,4.3,,72.0,10.1,14.0,35.0,33.0,1011.4,162.0,0.0,,100.0
2025-08-24 16:00:00,4.7,4.9,,4.4,,71.0,10.0,15.0,57.0,53.0,1010.7,171.0,0.0,,100.0
2025-08-24 17:00:00,4.1,4.6,,3.9,,76.0,11.4,18.0,24.0,35.0,1010.2,100.0,0.0,,100.0
2025-08-24 18:00:00,3.9,4.0,6.3,3.8,2.4,80.0,11.1,16.3,30.0,25.0,1010.1,56.0,0.0,0.0,100.0
2025-08-24 19:00:00,3.9,3.9,,3.8,,80.0,11.3,17.2,28.0,32.0,1009.6,30.0,0.0,,100.0
2025-08-24 20:00:00,3.8,3.9,,3.8,,82.0,11.3,16.0,29.0,25.0,1008.9,20.0,0.0,,100.0
2025-08-24 21:00:00,3.7,3.8,,3.6,,83.0,9.8,15.8,25.0,27.0,1007.8,7.0,0.7,,100.0
2025-08-24 22:00:00,3.7,3.9,,3.6,,82.0,10.7,20.7,24.0,26.0,1007.2,0.0,1.2,,100.0
2025-08-24 23:00:00,3.8,4.3,,3.6,,81.0,8.0,17.2,64.0,35.0,1007.8,0.0,1.0,,100.0
2025-08-25 00:00:00,3.6,3.8,6.0,3.3,3.3,84.0,7.2,11.9,16.0,31.0,1006.8,0.0,1.8,4.6,100.0
2025-08-25 01:00:00,3.7,3.9,,3.6,,81.0,7.2,12.4,21.0,27.0,1006.0,0.0,0.3,,100.0
2025-08-25 02:00:00,3.9,4.1,,3.8,,79.0,7.7,13.3,27.0,24.0,1005.6,0.0,0.0,,100.0
2025-08-25 03:00:00,4.0,4.2,,3.8,,79.0,6.1,10.5,26.0,23.0,1005.4,0.0,0.0,,100.0
2025-08-25 04:00:00,3.7,3.9,,3.6,,84.0,2.5,6.2,16.0,25.0,1005.2,0.0,0.0,,100.0
2025-08-25 05:00:00,3.4,3.6,,3.2,,91.0,1.0,2.5,192.0,206.0,1005.2,0.0,0.0,,100.0
2025-08-25 06:00:00,3.4,3.5,4.3,3.3,3.2,90.0,0.3,1.2,139.0,207.0,1004.9,6.0,0.0,4.8,100.0
2025-08-25 07:00:00,3.3,3.5,,3.2,,92.0,1.2,2.2,82.0,53.0,1004.8,43.0,0.0,,100.0
2025-08-25 08:00:00,3.6,3.9,,3.4,,91.0,0.6,2.2,149.0,162.0,1004.7,59.0,0.0,,100.0
2025-08-25 09:00:00,3.5,3.6,,3.3,,93.0,2.3,5.4,229.0,227.0,1004.8,97.0,0.0,,100.0
2025-08-25 10:00:00,3.6,3.8,,3.4,,95.0,2.3,4.6,202.0,225.0,1004.8,140.0,0.0,,100.0
2025-08-25 11:00:00,3.9,4.2,,3.6,,93.0,2.1,4.4,250.0,190.0,1004.6,205.0,0.0,,100.0
2025-08-25 12:00:00,4.5,5.0,5.0,4.1,3.2,88.0,3.6,5.4,240.0,241.0,1004.6,435.0,0.0,4.8,
2025-08-25 13:00:00,4.7,5.0,,4.4,,87.0,3.3,5.7,240.0,240.0,1004.7,389.0,0.0,,90.0
2025-08-25 14:00:00,5.2,5.6,,4.7,,84.0,2.5,4.7,162.0,198.0,1004.7,484.0,0.0,,90.0
2025-08-25 15:00:00,5.3,5.7,,5.1,,83.0,1.9,3.0,202.0,194.0,1004.5,480.0,0.0,,25.0
2025-08-25 16:00:00,5.1,5.7,,4.5,,84.0,2.2,3.3,241.0,220.0,1004.5,362.0,0.0,,100.0
2025-08-25 17:00:00,4.8,5.2,,4.5,,83.0,1.4,3.0,243.0,244.0,1004.6,324.0,0.0,,100.0
2025-08-25 18:00:00,4.4,5.0,5.7,4.1,3.2,87.0,1.8,3.2,267.0,246.0,1005.1,217.0,0.0,4.8,100.0
2025-08-25 19:00:00,4.6,5.2,,4.1,,87.0,2.2,3.9,283.0,285.0,1005.2,236.0,0.0,,
2025-08-25 20:00:00,3.7,4.5,,2.8,,93.0,1.7,3.2,276.0,262.0,1005.8,130.0,0.0,,
2025-08-25 21:00:00,2.6,3.0,,2.3,,98.0,1.3,2.5,247.0,275.0,1006.4,34.0,0.0,,25.0
2025-08-25 22:00:00,2.1,2.4,,2.0,,99.0,0.6,1.4,303.0,276.0,1006.7,7.0,0.0,,100.0
2025-08-25 23:00:00,2.4,2.6,,2.3,,99.0,1.1,3.1,250.0,256.0,1007.0,0.0,0.0,,60.0
2025-08-26 00:00:00,2.5,3.1,5.7,2.3,2.0,98.0,1.3,2.7,17.0,69.0,1007.2,0.0,0.0,0.2,60.0
2025-08-26 01:00:00,3.4,3.8,,3.1,,92.0,0.7,2.8,345.0,259.0,1007.3,0.0,0.0,,50.0
2025-08-26 02:00:00,3.9,4.1,,3.4,,91.0,1.1,3.4,347.0,309.0,1007.1,0.0,0.0,,50.0
2025-08-26 03:00:00,3.6,4.0,,3.4,,91.0,0.7,2.4,45.0,110.0,1007.8,0.0,0.0,,
2025-08-26 04:00:00,3.7,3.9,,3.3,,88.0,2.0,4.6,24.0,23.0,1007.8,0.0,0.0,,40.0
2025-08-26 05:00:00,4.4,4.9,,3.8,,83.0,2.0,4.4,27.0,40.0,1008.1,0.0,0.0,,100.0
2025-08-26 06:00:00,4.7,5.0,5.2,4.2,2.0,81.0,2.1,4.4,27.0,21.0,1008.0,5.0,0.0,0.0,100.0
2025-08-26 07:00:00,4.7,5.0,,4.5,,82.0,1.4,4.0,115.0,40.0,1008.0,29.0,0.0,,100.0
2025-08-26 08:00:00,4.4,5.0,,4.0,,87.0,1.2,2.7,34.0,197.0,1008.4,55.0,0.0,,100.0
2025-08-26 09:00:00,4.8,5.1,,4.3,,84.0,1.4,3.3,205.0,89.0,1008.6,75.0,0.0,,100.0
2025-08-26 10:00:00,4.9,5.1,,4.8,,86.0,1.0,2.2,243.0,203.0,1009.0,95.0,0.0,,100.0
2025-08-26 11:00:00,4.7,5.0,,4.4,,87.0,,,,,,,0.1,,
2025-08-26 12:00:00,4.8,5.0,5.1,4.6,3.1,88.0,1.0,3.2,213.0,287.0,1009.0,72.0,0.0,0.0,100.0
2025-08-26 13:00:00,5.4,5.9,,4.6,,82.0,1.5,4.0,96.0,39.0,1008.9,77.0,0.0,,100.0
2025-08-26 14:00:00,4.9,6.0,,4.3,,87.0,,,,,,,0.0,,
2025-08-26 15:00:00,5.3,5.6,,4.8,,85.0,1.1,2.7,215.0,206.0,1009.1,129.0,0.0,,100.0
2025-08-26 16:00:00,5.6,5.9,,5.1,,84.0,0.8,2.1,261.0,278.0,1009.3,99.0,0.0,,100.0
2025-08-26 17:00:00,5.6,5.9,,5.5,,82.0,0.8,2.6,234.0,238.0,1009.2,74.0,0.0,,100.0
2025-08-26 18:00:00,5.5,5.9,6.0,5.0,4.0,84.0,1.1,2.8,267.0,235.0,1009.3,57.0,0.0,0.0,100.0
2025-08-26 19:00:00,5.0,5.4,,4.7,,85.0,1.0,2.7,300.0,253.0,1009.2,34.0,0.0,,100.0
2025-08-26 20:00:00,5.4,5.6,,5.1,,83.0,0.7,2.3,240.0,240.0,1009.5,18.0,0.0,,100.0
2025-08-26 21:00:00,5.2,5.4,,4.8,,84.0,0.6,2.2,252.0,235.0,1009.6,5.0,0.0,,100.0
2025-08-26 22:00:00,5.2,5.3,,5.1,,84.0,0.8,2.6,286.0,279.0,1009.7,1.0,0.0,,100.0
2025-08-26 23:00:00,5.0,5.3,,4.8,,86.0,0.6,1.4,180.0,194.0,1010.1,0.0,0.0,,100.0
2025-08-27 00:00:00,5.1,5.2,6.0,4.8,4.3,84.0,0.9,2.7,296.0,297.0,1009.9,0.0,0.0,0.0,100.0
2025-08-27 01:00:00,5.3,5.8,,4.9,,83.0,1.7,4.2,149.0,86.0,1009.8,0.0,0.0,,100.0
2025-08-27 02:00:00,5.5,6.0,,5.1,,82.0,0.7,2.7,283.0,129.0,1009.8,0.0,0.0,,100.0
2025-08-27 03:00:00,6.0,6.2,,5.8,,78.0,0.5,1.3,86.0,81.0,1009.7,0.0,0.0,,100.0
2025-08-27 04:00:00,5.8,6.0,,5.0,,80.0,1.0,3.0,185.0,58.0,1009.6,0.0,0.0,,100.0
2025-08-27 05:00:00,5.2,5.8,,4.8,,84.0,1.2,3.6,32.0,30.0,1009.1,0.0,0.0,,100.0
2025-08-27 06:00:00,5.5,6.0,6.2,5.0,4.7,82.0,1.2,3.1,113.0,103.0,1009.2,1.0,0.0,0.0,100.0
2025-08-27 07:00:00,5.9,6.6,,5.4,,77.0,0.9,1.9,216.0,160.0,1009.2,5.0,0.0,,100.0
2025-08-27 08:00:00,6.2,6.9,,5.7,,76.0,1.0,4.8,28.0,36.0,1009.3,18.0,0.0,,100.0
2025-08-27 09:00:00,6.5,7.1,,6.2,,73.0,1.1,3.2,19.0,9.0,1009.4,27.0,0.0,,100.0
2025-08-27 10:00:00,5.5,6.5,,4.9,,83.0,1.4,3.0,273.0,267.0,1009.5,24.0,0.0,,100.0
2025-08-27 11:00:00,5.4,5.5,,5.1,,87.0,0.6,2.3,159.0,193.0,1009.7,50.0,0.0,,100.0
2025-08-27 12:00:00,5.5,5.8,7.1,5.3,4.8,89.0,0.7,2.1,189.0,153.0,1009.7,53.0,0.4,0.3,100.0
2025-08-27 13:00:00,6.0,7.3,,5.5,,90.0,1.0,4.2,32.0,16.0,1008.9,68.0,0.5,,100.0
2025-08-27 14:00:00,6.3,7.8,,5.0,,87.0,2.1,6.6,145.0,41.0,1009.2,49.0,1.0,,100.0
2025-08-27 15:00:00,5.1,5.6,,4.8,,96.0,1.4,4.6,268.0,260.0,1009.0,30.0,2.8,,100.0
2025-08-27 16:00:00,5.4,5.7,,5.1,,97.0,1.1,3.6,218.0,226.0,1009.0,29.0,0.4,,100.0
2025-08-27 17:00:00,5.4,5.5,,5.3,,98.0,1.1,2.0,147.0,167.0,1009.2,22.0,0.6,,100.0
2025-08-27 18:00:00,5.6,5.9,7.8,5.2,4.8,98.0,1.0,1.9,23.0,57.0,1008.8,29.0,0.4,5.9,100.0
2025-08-27 19:00:00,5.9,6.5,,5.7,,97.0,1.3,4.0,347.0,333.0,1008.6,27.0,0.1,,100.0
2025-08-27 20:00:00,5.6,6.5,,5.4,,97.0,1.0,2.7,226.0,226.0,1008.6,12.0,0.1,,100.0
2025-08-27 21:00:00,6.0,6.3,,5.7,,98.0,1.2,2.5,278.0,286.0,1008.6,6.0,0.0,,100.0
2025-08-27 22:00:00,5.8,5.9,,5.5,,99.0,0.5,1.5,328.0,298.0,1008.3,0.0,0.1,,100.0
2025-08-27 23:00:00,5.5,5.9,,5.2,,99.0,0.7,1.8,144.0,192.0,1008.1,0.0,0.0,,100.0
2025-08-28 00:00:00,5.6,5.9,7.8,5.2,4.8,99.0,0.8,1.6,58.0,99.0,1007.5,0.0,0.0,6.2,100.0
2025-08-28 01:00:00,6.1,6.6,,5.8,,99.0,0.8,2.2,24.0,48.0,1007.3,0.0,0.0,,100.0
2025-08-28 02:00:00,5.8,6.4,,5.4,,98.0,1.1,2.3,62.0,107.0,1006.8,0.0,0.0,,100.0
2025-08-28 03:00:00,5.7,5.9,,5.4,,99.0,0.6,1.6,121.0,135.0,1006.6,0.0,0.0,,100.0
2025-08-28 04:00:00,5.3,5.4,,5.2,,99.0,0.8,1.8,148.0,149.0,1006.2,0.0,0.1,,100.0
2025-08-28 05:00:00,5.6,5.8,,5.3,,99.0,0.4,1.0,111.0,72.0,1005.8,0.0,0.1,,100.0
2025-08-28 06:00:00,5.1,5.7,6.6,4.7,4.7,99.0,1.0,2.8,64.0,27.0,1005.7,0.0,0.2,0.0,100.0
2025-08-28 07:00:00,5.5,5.9,,5.1,,99.0,1.7,3.8,158.0,45.0,1005.1,3.0,0.1,,100.0
2025-08-28 08:00:00,5.2,5.7,,4.7,,99.0,1.1,2.5,141.0,179.0,1004.9,18.0,0.1,,100.0
2025-08-28 09:00:00,5.5,5.7,,5.0,,99.0,1.1,2.7,292.0,122.0,1004.8,26.0,0.2,,100.0
2025-08-28 10:00:00,6.1,6.6,,5.7,,98.0,0.6,2.5,225.0,351.0,1004.4,32.0,0.1,,100.0
2025-08-28 11:00:00,5.9,6.4,,5.4,,98.0,0.8,2.3,154.0,172.0,1004.0,41.0,0.2,,100.0
2025-08-28 12:00:00,5.8,5.9,6.6,5.6,4.7,99.0,1.1,1.8,150.0,156.0,1003.8,71.0,0.8,0.0,100.0
2025-08-28 13:00:00,6.2,6.7,,5.9,,99.0,0.7,1.7,10.0,87.0,1003.4,78.0,0.3,,100.0
2025-08-28 14:00:00,6.9,7.1,,6.6,,98.0,0.2,1.6,0.0,260.0,1003.0,95.0,0.0,,100.0
2025-08-28 15:00:00,6.9,7.6,,6.2,,98.0,0.4,1.4,169.0,214.0,1002.7,167.0,0.1,,100.0
2025-08-28 16:00:00,6.5,7.0,,6.0,,98.0,0.6,1.6,237.0,196.0,1002.4,74.0,0.0,,100.0
2025-08-28 17:00:00,6.7,7.0,,6.4,,99.0,0.5,1.7,148.0,126.0,1001.9,79.0,0.0,,100.0
2025-08-28 18:00:00,7.3,7.7,7.7,6.6,4.7,99.0,0.5,1.2,170.0,158.0,1001.8,89.0,0.0,0.0,100.0
2025-08-28 19:00:00,7.7,8.1,,7.0,,98.0,0.7,1.6,26.0,27.0,1001.7,49.0,0.0,,100.0
2025-08-28 20:00:00,7.6,8.1,,6.2,,97.0,0.8,2.5,226.0,22.0,1001.5,33.0,0.0,,100.0
2025-08-28 21:00:00,6.3,6.6,,6.0,,97.0,2.1,5.0,82.0,80.0,1001.4,6.0,0.0,,100.0
2025-08-28 22:00:00,5.9,6.2,,5.6,,98.0,3.0,5.5,94.0,90.0,1001.3,1.0,0.0,,100.0
2025-08-28 23:00:00,5.7,5.9,,5.6,,98.0,2.3,5.3,117.0,83.0,1000.9,0.0,0.0,,100.0
2025-08-29 00:00:00,6.5,7.2,8.1,5.9,5.6,98.0,3.4,6.3,98.0,98.0,1000.7,0.0,0.1,0.0,100.0
2025-08-29 01:00:00,7.5,7.7,,7.2,,96.0,2.4,6.0,92.0,104.0,1000.4,0.0,0.0,,100.0
2025-08-29 02:00:00,7.8,8.2,,7.3,,96.0,2.7,6.0,293.0,114.0,1000.2,0.0,0.0,,100.0
2025-08-29 03:00:00,7.7,7.9,,7.5,,96.0,2.1,5.3,119.0,116.0,1000.1,0.0,0.0,,100.0
2025-08-29 04:00:00,7.6,7.8,,7.4,,95.0,5.4,7.7,84.0,91.0,999.8,0.0,0.1,,100.0
2025-08-29 05:00:00,7.9,8.3,,7.2,,95.0,2.7,5.9,161.0,98.0,1000.1,0.0,0.0,,100.0
2025-08-29 06:00:00,6.9,7.3,8.3,6.6,5.6,98.0,1.2,2.9,245.0,129.0,1000.4,0.0,0.0,1.9,100.0
2025-08-29 07:00:00,6.7,7.1,,6.4,,98.0,1.6,3.4,35.0,61.0,1000.5,3.0,0.1,,100.0
2025-08-29 08:00:00,6.9,7.1,,6.6,,98.0,0.4,1.4,0.0,222.0,1000.7,16.0,0.0,,100.0
2025-08-29 09:00:00,6.6,6.8,,6.5,,99.0,0.1,0.6,48.0,84.0,1001.2,34.0,0.0,,100.0
2025-08-29 10:00:00,5.5,6.7,,4.9,,99.0,1.1,3.6,119.0,282.0,1001.6,48.0,0.0,,100.0
2025-08-29 11:00:00,5.0,5.4,,4.7,,99.0,0.8,1.6,230.0,222.0,1002.1,87.0,0.0,,100.0
2025-08-29 12:00:00,5.1,5.4,8.3,4.8,4.7,99.0,0.5,1.4,180.0,176.0,1002.3,130.0,0.0,0.5,100.0
2025-08-29 13:00:00,5.3,5.6,,5.1,,99.0,0.8,1.5,239.0,233.0,1002.7,182.0,0.0,,100.0
2025-08-29 14:00:00,5.4,6.1,,4.9,,99.0,0.6,1.5,187.0,238.0,1002.9,213.0,0.0,,100.0
2025-08-29 15:00:00,5.3,6.2,,4.8,,98.0,0.8,1.8,137.0,207.0,1003.3,258.0,0.0,,100.0
2025-08-29 16:00:00,5.3,6.0,,4.9,,98.0,0.7,1.9,214.0,208.0,1003.5,191.0,0.0,,100.0
2025-08-29 17:00:00,6.4,6.6,,6.0,,96.0,0.9,2.0,188.0,244.0,1003.8,140.0,0.0,,100.0
2025-08-29 18:00:00,6.2,6.5,7.1,6.1,4.7,96.0,0.6,1.4,242.0,216.0,1004.2,120.0,0.0,0.2,100.0
2025-08-29 19:00:00,6.3,6.5,,6.1,,97.0,0.6,1.6,169.0,157.0,1004.7,67.0,0.0,,100.0
2025-08-29 20:00:00,6.0,6.6,,5.6,,98.0,0.8,1.8,274.0,261.0,1005.4,24.0,0.0,,100.0
2025-08-29 21:00:00,6.0,6.3,,5.8,,97.0,0.5,1.6,133.0,217.0,1005.9,7.0,0.0,,100.0
2025-08-29 22:00:00,6.4,6.5,,6.0,,97.0,0.9,2.9,321.0,314.0,1006.3,0.0,0.0,,100.0
2025-08-29 23:00:00,6.3,6.8,,6.1,,97.0,1.5,3.9,330.0,318.0,1006.6,0.0,0.0,,100.0
2025-08-30 00:00:00,6.3,6.9,6.9,5.4,4.8,97.0,2.2,5.4,216.0,300.0,1007.1,0.0,0.0,0.1,100.0
2025-08-30 01:00:00,5.5,5.7,,5.4,,99.0,0.8,2.7,53.0,153.0,1007.4,0.0,0.0,,100.0
2025-08-30 02:00:00,6.0,6.3,,5.7,,99.0,0.6,1.7,248.0,332.0,1007.5,0.0,0.0,,100.0
2025-08-30 03:00:00,6.1,6.4,,6.0,,99.0,1.0,2.4,276.0,209.0,1007.7,0.0,0.0,,100.0
2025-08-30 04:00:00,6.7,8.6,,5.6,,96.0,2.1,7.4,33.0,44.0,1007.9,0.0,0.0,,100.0
2025-08-30 05:00:00,6.0,6.9,,5.5,,97.0,1.5,4.3,208.0,137.0,1008.5,0.0,0.0,,100.0
2025-08-30 06:00:00,6.8,7.5,8.6,6.0,5.4,94.0,3.1,7.6,66.0,69.0,1009.0,0.0,0.0,0.0,100.0
2025-08-30 07:00:00,7.1,7.3,,6.8,,91.0,3.3,6.8,27.0,62.0,1009.7,1.0,0.0,,100.0
2025-08-30 08:00:00,6.7,8.0,,5.7,,93.0,1.9,6.8,244.0,19.0,1010.1,5.0,0.2,,100.0
2025-08-30 09:00:00,7.1,8.2,,5.4,,90.0,4.2,8.4,50.0,56.0,1010.2,15.0,0.1,,100.0
2025-08-30 10:00:00,6.3,8.1,,5.7,,95.0,2.1,4.9,195.0,148.0,1010.8,39.0,0.0,,100.0
2025-08-30 11:00:00,7.2,8.0,,6.2,,91.0,2.7,8.0,1.0,26.0,1011.0,179.0,0.0,,100.0
2025-08-30 12:00:00,7.6,8.0,8.6,7.5,5.4,88.0,4.9,8.7,23.0,24.0,1011.2,149.0,0.0,0.2,100.0
2025-08-30 13:00:00,8.1,8.4,,7.7,,85.0,5.0,9.2,38.0,40.0,1011.7,166.0,0.0,,100.0
2025-08-30 14:00:00,7.9,8.5,,7.6,,88.0,0.8,4.5,2.0,298.0,1011.7,244.0,0.0,,100.0
2025-08-30 15:00:00,8.6,8.8,,8.2,,83.0,4.1,7.8,48.0,41.0,1011.6,246.0,0.0,,100.0
2025-08-30 16:00:00,8.2,8.7,,7.6,,85.0,1.7,6.3,248.0,37.0,1011.8,142.0,0.0,,100.0
2025-08-30 17:00:00,7.9,8.6,,7.0,,88.0,1.4,5.3,272.0,28.0,1011.8,131.0,0.0,,100.0
2025-08-30 18:00:00,7.3,7.4,8.8,7.1,5.4,93.0,0.8,2.1,288.0,256.0,1011.7,69.0,0.0,0.2,100.0
2025-08-30 19:00:00,,,,,,88.0,,5.8,,,,67.0,0.0,,50.0
2025-08-30 20:00:00,7.7,8.4,,7.1,,88.0,1.9,5.0,24.0,11.0,1011.9,39.0,0.0,,100.0
2025-08-30 21:00:00,7.4,7.7,,6.9,,89.0,1.1,3.6,357.0,346.0,1012.0,12.0,0.0,,100.0
2025-08-30 22:00:00,7.4,7.6,,7.2,,89.0,0.8,3.1,26.0,18.0,1011.9,1.0,0.0,,100.0
2025-08-30 23:00:00,6.9,7.3,,6.7,,92.0,0.4,1.5,36.0,304.0,1011.9,0.0,0.0,,100.0
2025-08-31 00:00:00,6.9,7.1,8.8,6.7,6.7,92.0,0.9,3.1,281.0,342.0,1011.9,0.0,0.0,0.2,100.0
2025-08-31 01:00:00,6.5,6.8,,6.3,,95.0,1.0,2.6,291.0,285.0,1011.9,0.0,0.0,,100.0
2025-08-31 02:00:00,6.3,6.7,,6.0,,94.0,0.8,4.2,281.0,266.0,1011.8,0.0,0.0,,100.0
2025-08-31 03:00:00,6.1,6.3,,6.0,,95.0,0.4,1.0,333.0,317.0,1011.6,0.0,0.0,,40.0
2025-08-31 04:00:00,6.3,6.4,,6.2,,94.0,0.1,0.6,0.0,316.0,1011.6,0.0,0.0,,100.0
2025-08-31 05:00:00,6.3,6.5,,5.9,,92.0,0.7,2.1,21.0,18.0,1011.5,0.0,0.0,,75.0
2025-08-31 06:00:00,6.2,6.5,8.5,5.8,5.8,91.0,0.9,2.4,179.0,63.0,1011.4,3.0,0.0,0.2,90.0
2025-08-31 07:00:00,5.8,6.0,,5.6,,96.0,0.6,1.2,36.0,161.0,1011.8,30.0,0.0,,100.0
2025-08-31 08:00:00,6.4,6.8,,5.8,,92.0,0.7,1.4,245.0,250.0,1011.9,138.0,0.0,,10.0
2025-08-31 09:00:00,6.3,6.7,,5.8,,92.0,1.0,2.7,225.0,241.0,1012.2,192.0,0.0,,25.0
2025-08-31 10:00:00,6.9,7.4,,6.1,,90.0,0.6,2.0,268.0,157.0,1012.2,271.0,0.0,,100.0
2025-08-31 11:00:00,6.7,7.4,,6.2,,91.0,1.2,3.7,198.0,254.0,1012.2,252.0,0.0,,25.0
2025-08-31 12:00:00,6.7,7.4,7.4,6.1,5.6,91.0,1.3,2.7,229.0,202.0,1012.3,265.0,0.0,0.0,90.0
2025-08-31 13:00:00,6.6,6.7,,6.4,,92.0,1.4,2.5,240.0,235.0,1012.4,284.0,0.0,,100.0
2025-08-31 14:00:00,6.6,6.9,,6.3,,91.0,1.7,3.1,241.0,245.0,1012.2,345.0,0.0,,75.0
2025-08-31 15:00:00,6.7,7.2,,6.1,,91.0,1.9,3.2,258.0,245.0,1012.0,383.0,0.0,,90.0
2025-08-31 16:00:00,6.7,6.9,,6.4,,91.0,1.9,3.2,238.0,241.0,1011.6,346.0,0.0,,25.0
2025-08-31 17:00:00,6.7,7.0,,6.5,,90.0,1.8,2.8,240.0,231.0,1011.6,309.0,0.0,,100.0
2025-08-31 18:00:00,6.7,7.1,7.4,6.6,5.6,88.0,1.6,2.5,227.0,242.0,1011.4,243.0,0.0,0.0,25.0
2025-08-31 19:00:00,,,,,,86.0,,2.2,,,,194.0,0.0,,
2025-08-31 20:00:00,6.9,7.3,,6.6,,85.0,1.6,3.2,262.0,280.0,1011.8,102.0,0.0,,90.0
2025-08-31 21:00:00,6.4,6.7,,6.1,,87.0,1.3,5.9,28.0,338.0,1011.7,33.0,0.0,,
2025-08-31 22:00:00,5.8,6.3,,5.2,,81.0,4.9,7.8,27.0,25.0,1011.7,2.0,0.0,,60.0
2025-08-31 23:00:00,5.2,5.7,,4.8,,83.0,5.0,9.6,25.0,24.0,1011.7,0.0,0.0,,100.0
2025-09-01 00:00:00,5.3,5.6,7.3,4.6,4.6,82.0,3.2,6.3,25.0,27.0,1011.7,0.0,0.0,0.0,25.0
2025-09-01 01:00:00,4.8,5.2,,4.5,,84.0,4.0,7.6,30.0,33.0,1011.6,0.0,0.0,,10.0
2025-09-01 02:00:00,4.7,5.1,,4.3,,84.0,3.9,6.9,26.0,30.0,1011.5,0.0,0.0,,90.0
2025-09-01 03:00:00,4.7,5.0,,4.5,,84.0,2.0,3.6,26.0,26.0,1011.1,0.0,0.0,,90.0
2025-09-01 04:00:00,4.6,5.2,,4.2,,84.0,3.3,6.2,57.0,53.0,1010.8,0.0,0.0,,
2025-09-01 05:00:00,4.5,4.7,,4.2,,83.0,4.1,7.8,68.0,60.0,1010.5,0.0,0.0,,
2025-09-01 06:00:00,4.3,4.5,7.3,4.0,4.0,86.0,2.1,4.9,319.0,11.0,1010.3,2.0,0.0,0.0,
2025-09-01 07:00:00,4.3,4.4,,4.1,,91.0,1.1,4.2,17.0,349.0,1010.4,18.0,0.0,,25.0
2025-09-01 08:00:00,4.4,4.6,,4.2,,89.0,1.8,5.9,334.0,12.0,1010.4,55.0,0.0,,
2025-09-01 09:00:00,4.9,5.1,,4.4,,87.0,2.3,8.5,141.0,57.0,1010.2,173.0,0.0,,
2025-09-01 10:00:00,5.4,5.8,,5.0,,83.0,3.3,8.1,58.0,69.0,1009.8,262.0,0.0,,
2025-09-01 11:00:00,5.8,6.4,,5.3,,78.0,4.5,8.6,56.0,56.0,1009.5,283.0,0.0,,25.0
2025-09-01 12:00:00,5.7,6.5,6.5,5.3,4.0,85.0,1.9,6.8,240.0,204.0,1009.5,350.0,0.0,0.0,
2025-09-01 13:00:00,5.8,6.3,,5.4,,85.0,2.0,3.8,229.0,228.0,1009.3,408.0,0.0,,40.0
2025-09-01 14:00:00,5.6,5.8,,5.4,,88.0,2.4,3.7,239.0,241.0,1008.8,377.0,0.0,,10.0
2025-09-01 15:00:00,5.8,6.1,,5.4,,86.0,2.6,4.4,245.0,241.0,1008.4,435.0,0.0,,10.0
2025-09-01 16:00:00,6.1,6.5,,5.9,,84.0,2.5,3.8,238.0,240.0,1008.0,404.0,0.0,,
2025-09-01 17:00:00,6.2,6.6,,5.8,,84.0,2.3,3.8,237.0,242.0,1007.7,372.0,0.0,,75.0
2025-09-01 18:00:00,6.1,6.5,6.6,5.8,4.1,82.0,2.3,7.8,45.0,294.0,1007.5,294.0,0.0,0.0,50.0
2025-09-01 19:00:00,,,,,,76.0,,11.3,,,,209.0,0.0,,50.0
2025-09-01 20:00:00,6.0,6.2,,5.6,,76.0,5.6,9.0,50.0,33.0,1007.0,112.0,0.0,,
2025-09-01 21:00:00,5.3,5.8,,4.9,,78.0,6.5,10.3,40.0,32.0,1007.0,30.0,0.0,,
2025-09-01 22:00:00,4.4,4.8,,4.1,,83.0,7.4,11.0,39.0,42.0,1007.1,1.0,0.0,,25.0
2025-09-01 23:00:00,4.0,4.4,,3.8,,84.0,7.5,11.0,36.0,37.0,1006.9,0.0,0.0,,50.0
2025-09-02 00:00:00,4.1,4.6,6.6,3.8,3.8,82.0,5.4,10.2,43.0,35.0,1006.8,0.0,0.0,0.0,100.0
2025-09-02 01:00:00,4.4,4.6,,4.1,,79.0,3.3,7.9,37.0,44.0,1006.6,0.0,0.0,,
2025-09-02 02:00:00,4.1,4.3,,3.9,,81.0,4.4,8.9,28.0,28.0,1006.2,0.0,0.0,,
2025-09-02 03:00:00,4.0,4.1,,3.9,,81.0,5.1,8.0,23.0,25.0,1005.7,0.0,0.0,,10.0
2025-09-02 04:00:00,3.9,4.1,,3.8,,80.0,6.4,9.3,22.0,23.0,1005.5,0.0,0.0,,
2025-09-02 05:00:00,3.8,3.9,,3.7,,81.0,7.0,10.0,47.0,27.0,1005.2,0.0,0.0,,50.0
2025-09-02 06:00:00,3.7,3.8,6.6,3.6,3.6,81.0,6.0,8.6,25.0,24.0,1005.1,1.0,0.0,0.0,
2025-09-02 07:00:00,3.6,3.8,,3.4,,83.0,5.6,8.9,27.0,25.0,1005.1,12.0,0.0,,100.0
2025-09-02 08:00:00,3.9,4.1,,3.7,,83.0,4.2,8.9,9.0,21.0,1005.1,35.0,0.0,,100.0
2025-09-02 09:00:00,4.2,4.3,,4.0,,81.0,2.5,5.5,327.0,354.0,1004.7,64.0,0.0,,10.0
2025-09-02 10:00:00,4.4,4.7,,4.3,,79.0,4.3,7.9,28.0,24.0,1004.5,119.0,0.0,,90.0
2025-09-02 11:00:00,5.1,5.4,,4.7,,75.0,4.2,7.8,310.0,356.0,1004.5,332.0,0.0,,100.0
2025-09-02 12:00:00,5.3,5.6,5.6,5.1,3.4,75.0,3.9,6.5,318.0,302.0,1004.2,393.0,0.0,0.0,50.0
2025-09-02 13:00:00,5.3,5.6,,5.1,,76.0,3.2,6.1,274.0,290.0,1003.8,176.0,0.0,,100.0
2025-09-02 14:00:00,5.9,6.7,,5.5,,74.0,2.1,3.6,338.0,297.0,1003.3,77.0,0.0,,100.0
2025-09-02 15:00:00,6.4,6.8,,5.1,,74.0,0.8,2.9,156.0,224.0,1003.1,53.0,0.8,,100.0
2025-09-02 16:00:00,5.8,6.2,,5.1,,86.0,2.3,4.8,35.0,34.0,1002.8,46.0,1.9,,100.0
2025-09-02 17:00:00,5.4,6.1,,5.1,,90.0,0.7,1.7,72.0,259.0,1002.5,30.0,0.7,,100.0
2025-09-02 18:00:00,5.2,5.3,6.8,5.1,3.4,93.0,0.2,0.8,67.0,112.0,1002.4,25.0,0.5,3.8,100.0
2025-09-02 19:00:00,5.2,5.4,,5.0,,94.0,0.6,1.3,264.0,248.0,1002.3,16.0,0.0,,100.0
2025-09-02 20:00:00,4.9,5.1,,4.8,,97.0,1.0,2.1,257.0,254.0,1002.2,9.0,0.0,,100.0
2025-09-02 21:00:00,4.9,5.1,,4.9,,97.0,1.2,2.6,231.0,255.0,1002.0,2.0,0.0,,100.0
2025-09-02 22:00:00,5.4,6.5,,4.9,,94.0,1.2,3.4,227.0,277.0,1002.0,0.0,0.0,,100.0
2025-09-02 23:00:00,5.7,6.6,,5.1,,92.0,1.0,2.7,289.0,295.0,1001.9,0.0,0.0,,100.0
2025-09-03 00:00:00,6.2,6.9,6.9,5.6,4.8,88.0,0.8,1.9,148.0,333.0,1001.8,0.0,0.0,3.8,100.0
2025-09-03 01:00:00,5.6,6.6,,5.3,,92.0,0.9,2.2,247.0,218.0,1001.6,0.0,0.0,,100.0
2025-09-03 02:00:00,5.2,5.3,,5.0,,96.0,0.7,2.4,191.0,233.0,1001.6,0.0,0.2,,100.0
2025-09-03 03:00:00,5.2,6.1,,4.9,,95.0,1.2,2.8,268.0,204.0,1001.4,0.0,0.0,,100.0
2025-09-03 04:00:00,4.9,4.9,,4.8,,97.0,0.4,1.4,144.0,166.0,1001.3,0.0,0.0,,100.0
2025-09-03 05:00:00,5.2,6.1,,4.9,,96.0,0.8,4.1,342.0,327.0,1001.1,0.0,0.0,,100.0
2025-09-03 06:00:00,6.6,7.0,7.0,5.5,4.8,88.0,4.3,9.2,59.0,28.0,1001.3,0.0,0.0,4.0,100.0
2025-09-03 07:00:00,6.5,7.1,,5.8,,89.0,4.1,9.5,3.0,17.0,1001.4,6.0,0.1,,100.0
2025-09-03 08:00:00,7.1,7.3,,6.9,,84.0,4.8,9.5,17.0,19.0,1001.6,11.0,0.0,,100.0
2025-09-03 09:00:00,6.9,7.1,,6.5,,85.0,5.3,10.3,17.0,20.0,1001.9,14.0,0.0,,100.0
2025-09-03 10:00:00,6.6,6.9,,6.1,,87.0,2.9,7.1,26.0,7.0,1002.1,27.0,0.0,,100.0
2025-09-03 11:00:00,6.8,7.0,,6.7,,83.0,6.5,11.9,26.0,25.0,1001.7,32.0,0.0,,100.0
2025-09-03 12:00:00,6.9,7.2,7.3,6.8,4.8,81.0,8.4,13.4,25.0,26.0,1001.8,37.0,0.0,4.1,100.0
2025-09-03 13:00:00,6.8,6.9,,6.7,,81.0,8.9,14.0,23.0,24.0,1002.0,41.0,0.0,,100.0
2025-09-03 14:00:00,7.1,7.4,,6.8,,79.0,8.5,14.3,27.0,27.0,1001.7,29.0,0.0,,100.0
2025-09-03 15:00:00,6.5,7.3,,5.9,,87.0,3.8,12.6,326.0,2.0,1001.9,41.0,0.0,,100.0
2025-09-03 16:00:00,6.7,7.4,,6.2,,85.0,2.5,9.6,27.0,4.0,1001.4,42.0,0.0,,100.0
2025-09-03 17:00:00,7.3,7.5,,7.0,,79.0,4.6,9.7,11.0,20.0,1001.5,26.0,0.0,,100.0
2025-09-03 18:00:00,7.3,7.5,7.5,6.9,5.8,80.0,6.1,13.7,23.0,20.0,1001.9,14.0,0.0,0.2,100.0
2025-09-03 19:00:00,7.1,7.2,,7.0,,80.0,6.7,12.3,26.0,23.0,1002.0,5.0,0.0,,100.0
2025-09-03 20:00:00,7.2,7.3,,7.1,,80.0,5.8,11.4,20.0,6.0,1002.3,0.0,0.0,,
2025-09-03 21:00:00,7.1,7.3,,6.9,,80.0,5.9,11.4,23.0,26.0,1002.1,0.0,0.0,,100.0
2025-09-03 22:00:00,6.9,7.2,,6.6,,83.0,7.7,11.7,20.0,22.0,1002.1,0.0,0.0,,100.0
2025-09-03 23:00:00,6.5,6.7,,6.4,,85.0,9.2,12.7,35.0,26.0,1002.0,0.0,0.0,,100.0
2025-09-04 00:00:00,6.4,6.6,7.5,6.2,5.9,87.0,9.6,14.0,34.0,34.0,1002.0,0.0,0.0,0.2,100.0
2025-09-04 01:00:00,6.3,6.5,,6.1,,86.0,8.4,13.0,29.0,31.0,1002.2,0.0,0.0,,100.0
2025-09-04 02:00:00,6.0,6.3,,5.8,,85.0,8.5,12.8,47.0,37.0,1001.9,0.0,0.0,,100.0
2025-09-04 03:00:00,6.0,6.3,,5.8,,78.0,9.0,13.6,21.0,44.0,1001.6,0.0,0.0,,100.0
2025-09-04 04:00:00,6.3,6.7,,6.1,,65.0,9.5,13.1,22.0,21.0,1001.3,0.0,0.0,,100.0
2025-09-04 05:00:00,6.3,6.6,,6.0,,64.0,7.7,11.3,22.0,22.0,1001.7,0.0,0.0,,100.0
2025-09-04 06:00:00,5.9,6.1,7.3,5.7,5.7,70.0,7.5,12.7,27.0,28.0,1001.9,0.0,0.0,0.0,100.0
2025-09-04 07:00:00,6.3,6.6,,5.8,,69.0,6.5,11.9,24.0,25.0,1002.2,3.0,0.0,,100.0
2025-09-04 08:00:00,6.4,6.6,,6.2,,74.0,5.5,9.5,38.0,28.0,1002.1,17.0,0.0,,100.0
2025-09-04 09:00:00,6.4,7.3,,6.1,,78.0,4.0,10.7,270.0,28.0,1002.4,19.0,0.3,,100.0
2025-09-04 10:00:00,7.1,7.9,,6.4,,73.0,2.3,6.7,214.0,21.0,1002.2,31.0,0.1,,100.0
2025-09-04 11:00:00,8.0,8.3,,7.6,,64.0,5.9,16.3,355.0,332.0,1002.1,20.0,0.0,,100.0
2025-09-04 12:00:00,7.0,7.6,8.3,6.4,5.7,74.0,8.6,16.3,24.0,19.0,1002.2,17.0,0.0,0.3,100.0
2025-09-04 13:00:00,6.1,6.7,,5.7,,78.0,9.5,20.5,331.0,346.0,1002.7,37.0,0.5,,100.0
2025-09-04 14:00:00,6.0,6.7,,5.7,,78.0,10.3,18.4,348.0,344.0,1002.7,31.0,0.0,,100.0
2025-09-04 15:00:00,6.2,6.4,,6.0,,79.0,10.0,21.2,353.0,355.0,1002.5,29.0,0.0,,100.0
2025-09-04 16:00:00,6.3,6.7,,6.0,,77.0,11.5,20.6,355.0,6.0,1002.7,20.0,0.0,,100.0
2025-09-04 17:00:00,6.1,6.4,,5.9,,80.0,9.1,18.7,330.0,338.0,1002.9,22.0,0.0,,100.0
2025-09-04 18:00:00,6.3,6.4,8.3,6.2,5.7,80.0,6.9,16.6,331.0,331.0,1003.7,15.0,0.0,0.8,100.0
2025-09-04 19:00:00,6.5,6.6,,6.2,,80.0,6.2,17.6,328.0,336.0,1003.9,12.0,0.3,,100.0
2025-09-04 20:00:00,6.1,6.5,,5.7,,81.0,4.5,13.9,3.0,335.0,1004.2,3.0,0.7,,100.0
2025-09-04 21:00:00,6.0,6.3,,5.7,,79.0,8.3,16.4,25.0,13.0,1005.2,0.0,0.5,,100.0
2025-09-04 22:00:00,6.1,6.3,,6.0,,81.0,7.9,18.0,350.0,349.0,1006.1,0.0,1.0,,100.0
2025-09-04 23:00:00,6.3,6.6,,6.1,,80.0,9.0,16.1,344.0,353.0,1006.2,0.0,0.6,,100.0
2025-09-05 00:00:00,6.1,6.6,6.7,5.7,5.7,81.0,7.3,14.9,353.0,341.0,1006.0,0.0,0.0,3.9,100.0
2025-09-05 01:00:00,5.8,6.0,,5.7,,81.0,7.9,17.0,320.0,337.0,1006.6,0.0,0.0,,100.0
2025-09-05 02:00:00,6.1,6.4,,5.8,,83.0,5.9,13.3,17.0,3.0,1006.9,0.0,1.0,,100.0
2025-09-05 03:00:00,5.7,6.1,,5.4,,83.0,9.4,16.4,27.0,21.0,1007.0,0.0,0.2,,100.0
2025-09-05 04:00:00,5.3,5.5,,5.1,,82.0,9.8,16.0,344.0,355.0,1007.7,0.0,1.4,,100.0
2025-09-05 05:00:00,5.4,5.7,,5.2,,80.0,9.3,18.5,357.0,344.0,1007.7,0.0,0.0,,100.0
2025-09-05 06:00:00,5.5,6.0,6.6,5.1,5.1,80.0,9.8,18.2,21.0,18.0,1008.1,0.0,0.0,6.6,100.0
2025-09-05 07:00:00,5.2,5.3,,5.0,,84.0,9.3,14.0,25.0,24.0,1008.8,1.0,0.0,,100.0
2025-09-05 08:00:00,5.3,5.5,,5.1,,81.0,6.2,14.6,24.0,21.0,1009.2,7.0,0.3,,100.0
2025-09-05 09:00:00,4.5,5.6,,4.1,,89.0,2.0,6.1,206.0,260.0,1009.5,15.0,0.8,,100.0
2025-09-05 10:00:00,4.8,5.0,,4.5,,85.0,2.8,9.8,10.0,32.0,1009.5,25.0,0.1,,100.0
2025-09-05 11:00:00,4.8,5.0,,4.6,,86.0,1.4,5.3,244.0,341.0,1009.2,35.0,0.5,,100.0
2025-09-05 12:00:00,4.9,5.4,6.4,4.5,4.1,83.0,4.9,13.6,23.0,30.0,1009.2,33.0,0.3,8.3,100.0
2025-09-05 13:00:00,5.4,5.6,,5.2,,77.0,4.6,11.2,20.0,17.0,1009.3,27.0,0.1,,100.0
2025-09-05 14:00:00,5.6,6.0,,5.2,,74.0,7.5,14.1,24.0,20.0,1009.1,42.0,0.0,,100.0
2025-09-05 15:00:00,6.0,6.3,,5.8,,67.0,7.3,13.5,24.0,23.0,1008.8,48.0,0.0,,100.0
2025-09-05 16:00:00,6.0,6.5,,5.7,,56.0,8.5,17.2,24.0,24.0,1008.4,48.0,0.0,,100.0
2025-09-05 17:00:00,6.4,6.8,,6.2,,54.0,8.8,16.8,24.0,23.0,1008.6,44.0,0.0,,100.0
2025-09-05 18:00:00,6.6,7.0,7.0,6.2,4.1,54.0,6.2,13.5,12.0,23.0,1008.2,20.0,0.0,7.9,100.0
2025-09-05 19:00:00,6.8,6.9,,6.6,,53.0,5.7,15.5,15.0,11.0,1008.3,7.0,0.0,,100.0
2025-09-05 20:00:00,6.5,6.9,,6.2,,58.0,8.3,15.1,14.0,13.0,1008.0,1.0,0.0,,100.0
2025-09-05 21:00:00,6.0,6.4,,5.5,,67.0,10.0,21.8,22.0,17.0,1007.5,0.0,0.0,,100.0
2025-09-05 22:00:00,4.9,5.5,,4.6,,76.0,12.5,20.4,26.0,25.0,1007.7,0.0,0.8,,100.0
2025-09-05 23:00:00,4.6,4.8,,4.4,,78.0,11.7,21.6,10.0,14.0,1007.3,0.0,0.0,,100.0
2025-09-06 00:00:00,4.4,4.5,7.0,4.2,4.2,79.0,10.8,23.8,350.0,2.0,1007.1,0.0,0.0,5.6,100.0
2025-09-06 01:00:00,4.7,5.1,,4.3,,76.0,13.3,29.0,21.0,359.0,1004.9,0.0,0.8,,100.0
2025-09-06 02:00:00,4.4,4.6,,4.2,,78.0,8.5,23.7,141.0,31.0,1007.7,0.0,0.6,,100.0
2025-09-06 03:00:00,3.9,4.4,,3.6,,79.0,6.9,18.4,13.0,7.0,1007.3,0.0,0.8,,100.0
2025-09-06 04:00:00,3.7,3.9,,3.6,,80.0,9.0,20.3,7.0,7.0,1006.9,0.0,0.9,,100.0
2025-09-06 05:00:00,3.8,4.0,,3.6,,80.0,11.0,21.5,357.0,358.0,1006.1,0.0,0.0,,100.0
2025-09-06 06:00:00,4.0,4.6,6.9,3.7,3.6,78.0,10.9,21.6,342.0,351.0,1007.1,0.0,0.0,5.9,100.0
2025-09-06 07:00:00,4.0,4.3,,3.8,,79.0,11.1,19.9,22.0,10.0,1006.5,2.0,0.0,,100.0
2025-09-06 08:00:00,3.6,3.8,,3.3,,81.0,15.8,24.5,31.0,28.0,1005.5,9.0,1.0,,100.0
2025-09-06 09:00:00,3.3,3.6,,2.9,,83.0,18.4,25.0,27.0,29.0,1004.9,16.0,2.0,,100.0
2025-09-06 10:00:00,3.2,3.4,,3.0,,83.0,16.6,23.5,25.0,25.0,1006.8,23.0,4.0,,100.0
2025-09-06 11:00:00,2.9,3.1,,2.6,,85.0,18.1,24.0,23.0,23.0,1006.3,24.0,2.0,,100.0
2025-09-06 12:00:00,2.5,2.7,5.1,2.3,2.3,86.0,18.0,24.2,23.0,23.0,1006.6,16.0,4.0,16.9,100.0
2025-09-06 13:00:00,2.5,2.8,,2.3,,85.0,18.5,25.1,27.0,24.0,1007.6,23.0,3.0,,100.0
2025-09-06 14:00:00,2.7,3.0,,2.4,,83.0,17.4,24.6,25.0,26.0,1007.6,38.0,1.0,,100.0
2025-09-06 15:00:00,2.8,3.1,,2.4,,84.0,17.3,27.7,36.0,27.0,1005.8,117.0,1.0,,100.0
2025-09-06 16:00:00,2.9,3.4,,2.5,,84.0,20.2,33.5,34.0,44.0,1007.3,102.0,1.0,,100.0
2025-09-06 17:00:00,3.3,3.4,,3.1,,79.0,11.7,22.9,339.0,3.0,1009.2,64.0,0.0,,100.0
2025-09-06 18:00:00,3.6,3.9,4.3,3.2,2.3,76.0,10.3,19.9,2.0,350.0,1010.3,61.0,0.0,22.8,100.0
2025-09-06 19:00:00,,,,,,72.0,,16.7,,,,40.0,0.0,,100.0
2025-09-06 20:00:00,3.7,3.9,,3.6,,74.0,10.1,15.0,28.0,25.0,1011.5,56.0,0.0,,100.0
2025-09-06 21:00:00,3.5,3.7,,3.2,,76.0,10.4,15.3,23.0,22.0,1012.3,6.0,0.0,,100.0
2025-09-06 22:00:00,3.3,3.6,,3.1,,76.0,10.4,14.2,22.0,21.0,1012.5,0.0,0.0,,100.0
2025-09-06 23:00:00,3.3,3.5,,3.1,,76.0,9.0,13.5,29.0,24.0,1013.4,0.0,0.0,,100.0
2025-09-07 00:00:00,3.0,3.2,4.3,2.8,2.3,79.0,6.4,9.5,23.0,24.0,1013.7,0.0,0.2,22.2,100.0
2025-09-07 01:00:00,3.0,3.2,,2.8,,79.0,6.1,9.4,26.0,25.0,1014.2,0.0,0.1,,100.0
2025-09-07 02:00:00,2.6,2.8,,2.4,,83.0,4.6,6.9,32.0,28.0,1014.4,0.0,0.1,,100.0
2025-09-07 03:00:00,2.7,2.9,,2.5,,82.0,4.6,6.8,29.0,29.0,1014.7,0.0,0.0,,100.0
2025-09-07 04:00:00,2.6,2.8,,2.3,,84.0,5.1,8.3,25.0,26.0,1014.8,0.0,0.2,,100.0
2025-09-07 05:00:00,2.4,2.6,,2.3,,84.0,5.0,7.8,26.0,25.0,1015.1,0.0,0.2,,100.0
2025-09-07 06:00:00,2.4,2.5,4.3,2.1,2.1,85.0,4.4,7.7,332.0,18.0,1015.5,0.0,0.3,20.1,100.0
2025-09-07 07:00:00,2.2,2.4,,2.0,,88.0,1.6,3.3,25.0,22.0,1016.0,4.0,0.0,,100.0
2025-09-07 08:00:00,2.4,2.6,,2.3,,87.0,3.8,6.5,26.0,26.0,1016.2,15.0,0.0,,100.0
2025-09-07 09:00:00,2.6,2.8,,2.3,,87.0,3.3,6.3,25.0,12.0,1016.4,38.0,0.0,,100.0
2025-09-07 10:00:00,2.8,3.0,,2.6,,87.0,2.4,5.2,9.0,19.0,1016.3,51.0,0.0,,100.0
2025-09-07 11:00:00,3.1,3.4,,2.9,,86.0,1.4,4.7,29.0,24.0,1016.2,102.0,0.0,,100.0
2025-09-07 12:00:00,3.3,3.7,3.7,3.1,2.0,86.0,3.7,5.8,38.0,30.0,1016.0,115.0,0.0,7.1,100.0
2025-09-07 13:00:00,3.9,4.3,,3.4,,85.0,1.6,4.3,39.0,22.0,1015.7,138.0,0.0,,100.0
2025-09-07 14:00:00,3.9,4.4,,3.6,,85.0,1.1,3.4,237.0,159.0,1015.6,128.0,0.0,,100.0
2025-09-07 15:00:00,4.1,4.4,,3.7,,83.0,0.8,2.6,216.0,220.0,1015.2,103.0,0.0,,100.0
2025-09-07 16:00:00,3.9,4.1,,3.6,,83.0,1.2,3.0,200.0,237.0,1014.9,90.0,0.0,,100.0
2025-09-07 17:00:00,4.6,4.9,,4.1,,78.0,0.3,2.4,334.0,22.0,1014.6,72.0,0.0,,100.0
2025-09-07 18:00:00,4.8,5.1,5.1,4.4,2.0,75.0,4.3,7.5,22.0,25.0,1014.1,49.0,0.0,1.1,100.0
2025-09-07 19:00:00,4.5,4.7,,4.4,,78.0,4.6,7.9,31.0,26.0,1013.9,20.0,0.0,,100.0
2025-09-07 20:00:00,4.6,4.7,,4.3,,77.0,3.8,6.7,23.0,20.0,1013.9,7.0,0.0,,100.0
2025-09-07 21:00:00,4.2,4.6,,3.8,,79.0,4.4,7.4,27.0,25.0,1013.7,1.0,0.8,,100.0
2025-09-07 22:00:00,3.7,4.0,,3.6,,83.0,3.8,5.8,24.0,25.0,1013.2,0.0,0.7,,100.0
2025-09-07 23:00:00,3.8,3.9,,3.7,,83.0,3.6,6.5,23.0,20.0,1012.8,0.0,0.0,,100.0
2025-09-08 00:00:00,3.4,3.9,5.1,3.2,3.2,89.0,1.2,3.7,283.0,338.0,1012.4,0.0,0.1,2.5,100.0
2025-09-08 01:00:00,3.3,3.3,,3.2,,92.0,0.2,1.0,20.0,293.0,1012.1,0.0,0.1,,100.0
2025-09-08 02:00:00,3.3,3.5,,3.1,,91.0,0.7,2.2,251.0,289.0,1011.2,0.0,0.7,,100.0
2025-09-08 03:00:00,2.9,3.3,,2.9,,96.0,0.5,1.8,2.0,220.0,1010.8,0.0,0.2,,100.0
2025-09-08 04:00:00,3.1,3.4,,2.9,,94.0,1.0,3.1,278.0,197.0,1009.6,0.0,0.3,,100.0
2025-09-08 05:00:00,3.4,4.1,,2.9,,92.0,1.9,5.4,233.0,284.0,1009.6,0.0,0.6,,100.0
2025-09-08 06:00:00,3.6,4.2,4.7,3.1,2.9,90.0,1.5,5.4,204.0,211.0,1009.0,0.0,1.7,5.0,100.0
2025-09-08 07:00:00,3.6,4.0,,3.4,,89.0,1.8,4.2,328.0,247.0,1008.7,0.0,1.3,,100.0
2025-09-08 08:00:00,3.9,4.1,,3.5,,86.0,2.1,5.8,6.0,270.0,1008.5,3.0,1.0,,100.0
2025-09-08 09:00:00,4.1,4.3,,3.9,,84.0,1.6,6.3,184.0,256.0,1008.2,8.0,0.4,,100.0
2025-09-08 10:00:00,4.1,4.4,,3.9,,87.0,1.4,4.5,60.0,213.0,1007.6,14.0,0.8,,100.0
2025-09-08 11:00:00,4.1,4.6,,3.8,,88.0,1.5,6.1,313.0,221.0,1006.9,17.0,1.4,,100.0
2025-09-08 12:00:00,4.3,5.1,5.1,3.9,2.9,86.0,2.5,6.5,286.0,286.0,1006.8,17.0,1.7,11.6,100.0
2025-09-08 13:00:00,4.2,4.9,,3.6,,87.0,2.1,5.6,252.0,284.0,1006.2,33.0,5.4,,100.0
2025-09-08 14:00:00,3.3,3.6,,3.1,,96.0,2.0,4.1,227.0,218.0,1005.9,33.0,8.2,,100.0
2025-09-08 15:00:00,3.5,4.1,,3.1,,94.0,2.6,9.8,317.0,256.0,1005.3,30.0,8.0,,100.0
2025-09-08 16:00:00,4.1,4.8,,3.6,,87.0,7.2,17.4,320.0,359.0,1004.6,26.0,4.3,,100.0
2025-09-08 17:00:00,3.3,3.8,,3.0,,96.0,2.2,9.3,115.0,268.0,1004.5,16.0,14.1,,100.0
2025-09-08 18:00:00,4.0,4.3,5.1,3.3,3.0,83.0,11.9,20.7,358.0,12.0,1003.0,10.0,3.4,55.1,100.0
2025-09-08 19:00:00,4.0,4.4,,3.8,,81.0,11.4,20.4,337.0,349.0,1003.3,9.0,1.8,,100.0
2025-09-08 20:00:00,4.1,4.6,,3.7,,80.0,11.8,23.6,30.0,15.0,1002.7,2.0,1.8,,100.0
2025-09-08 21:00:00,3.9,4.3,,3.3,,80.0,15.0,26.5,13.0,37.0,1002.6,1.0,1.0,,100.0
2025-09-08 22:00:00,4.1,4.3,,3.7,,80.0,9.1,17.8,341.0,342.0,1003.8,0.0,0.0,,100.0
2025-09-08 23:00:00,4.1,4.4,,4.0,,80.0,8.3,12.7,27.0,25.0,1003.8,0.0,0.0,,100.0
2025-09-09 00:00:00,4.2,4.5,4.9,3.9,3.0,81.0,7.2,11.0,28.0,26.0,1003.5,0.0,0.0,58.1,100.0
2025-09-09 01:00:00,4.3,4.9,,3.9,,81.0,6.4,11.8,355.0,17.0,1002.9,0.0,0.0,,100.0
2025-09-09 02:00:00,4.4,4.7,,3.7,,82.0,4.1,9.2,40.0,30.0,1003.1,0.0,0.0,,100.0
2025-09-09 03:00:00,4.4,5.0,,3.9,,83.0,4.0,13.4,31.0,36.0,1002.1,0.0,0.2,,100.0
2025-09-09 04:00:00,4.6,5.7,,4.0,,79.0,6.8,16.7,69.0,47.0,1002.0,0.0,0.0,,100.0
2025-09-09 05:00:00,3.3,5.0,,2.9,,93.0,3.1,8.3,202.0,182.0,1001.6,0.0,0.3,,100.0
2025-09-09 06:00:00,4.0,4.9,5.7,3.3,2.9,88.0,4.2,11.5,133.0,163.0,1001.4,0.0,0.1,55.2,100.0
2025-09-09 07:00:00,4.8,5.2,,4.4,,79.0,18.1,27.4,54.0,52.0,998.6,0.0,1.0,,100.0
2025-09-09 08:00:00,4.2,4.6,,4.0,,82.0,19.6,27.0,52.0,52.0,998.6,6.0,0.0,,100.0
2025-09-09 09:00:00,4.2,4.3,,3.9,,83.0,19.5,26.2,48.0,48.0,998.4,12.0,0.0,,100.0
2025-09-09 10:00:00,4.4,4.6,,4.0,,83.0,17.5,22.9,52.0,51.0,998.2,33.0,0.0,,100.0
2025-09-09 11:00:00,4.5,4.8,,4.3,,85.0,17.0,23.9,54.0,44.0,997.2,40.0,0.0,,100.0
2025-09-09 12:00:00,4.8,5.3,5.7,4.4,2.9,83.0,19.1,24.8,57.0,55.0,997.2,60.0,1.0,50.6,100.0
2025-09-09 13:00:00,5.2,5.8,,4.9,,83.0,17.3,24.0,35.0,47.0,996.7,62.0,0.0,,100.0
2025-09-09 14:00:00,5.5,5.8,,5.2,,83.0,17.5,24.2,49.0,52.0,996.8,49.0,0.0,,100.0
2025-09-09 15:00:00,5.6,5.8,,5.4,,82.0,17.0,23.3,52.0,53.0,996.8,40.0,1.0,,100.0
2025-09-09 16:00:00,5.8,5.9,,5.7,,83.0,15.9,20.2,55.0,57.0,996.8,53.0,1.0,,100.0
2025-09-09 17:00:00,5.7,5.8,,5.4,,82.0,16.7,21.3,53.0,52.0,996.8,64.0,0.0,,100.0
2025-09-09 18:00:00,5.6,5.7,5.9,5.4,3.9,83.0,15.6,20.8,55.0,53.0,997.3,37.0,0.0,9.2,100.0
2025-09-09 19:00:00,5.6,5.8,,5.3,,83.0,13.3,20.6,46.0,44.0,997.5,31.0,0.0,,100.0
2025-09-09 20:00:00,5.6,5.7,,5.4,,84.0,12.8,17.8,52.0,50.0,997.9,13.0,0.0,,100.0
2025-09-09 21:00:00,5.5,5.7,,5.3,,84.0,12.9,17.2,50.0,52.0,998.2,0.0,0.0,,100.0
2025-09-09 22:00:00,5.7,6.1,,5.4,,83.0,12.8,16.6,52.0,53.0,998.1,0.0,0.0,,100.0
2025-09-09 23:00:00,5.8,6.2,,5.5,,82.0,11.6,17.0,31.0,37.0,998.3,0.0,0.0,,100.0
2025-09-10 00:00:00,5.6,5.8,6.2,5.4,4.9,84.0,9.9,16.8,17.0,27.0,998.7,0.0,0.0,4.5,100.0
2025-09-10 01:00:00,5.6,5.8,,5.4,,85.0,8.2,12.8,334.0,345.0,998.8,0.0,0.4,,100.0
2025-09-10 02:00:00,5.7,6.0,,5.5,,83.0,9.7,15.3,24.0,20.0,998.5,0.0,0.4,,100.0
2025-09-10 03:00:00,5.5,5.7,,5.2,,85.0,9.6,14.7,13.0,24.0,999.0,0.0,0.0,,100.0
2025-09-10 04:00:00,5.4,5.6,,5.2,,85.0,7.8,12.0,19.0,26.0,999.3,0.0,0.0,,100.0
2025-09-10 05:00:00,5.4,5.7,,5.2,,87.0,6.2,9.3,18.0,25.0,999.5,0.0,0.0,,100.0
2025-09-10 06:00:00,4.1,5.3,6.2,2.8,2.8,94.0,2.1,8.0,149.0,352.0,1000.4,0.0,0.0,4.7,100.0
2025-09-10 08:00:00,3.3,3.7,,2.8,,99.0,1.0,1.9,42.0,65.0,1001.7,5.0,0.2,,100.0
2025-09-10 09:00:00,3.9,4.2,,3.7,,98.0,0.5,1.8,29.0,38.0,1002.1,34.0,1.2,,100.0
2025-09-10 10:00:00,3.6,4.2,,3.4,,98.0,1.2,3.2,147.0,156.0,1002.9,68.0,0.0,,100.0
2025-09-10 11:00:00,3.7,4.1,,3.3,,99.0,0.9,2.2,56.0,128.0,1003.3,82.0,0.1,,100.0
2025-09-10 12:00:00,4.2,4.3,4.3,4.0,2.8,98.0,0.5,2.0,167.0,116.0,1004.0,63.0,0.1,,100.0
2025-09-10 13:00:00,3.7,4.0,,3.5,,99.0,1.1,2.3,47.0,178.0,1004.4,55.0,0.2,,100.0
2025-09-10 14:00:00,3.8,4.3,,3.5,,99.0,0.9,2.4,20.0,158.0,1004.9,87.0,0.1,,100.0
2025-09-10 15:00:00,4.0,4.3,,3.8,,99.0,1.1,2.1,140.0,148.0,1005.6,101.0,0.1,,
2025-09-10 16:00:00,4.1,4.4,,3.8,,99.0,0.8,1.7,162.0,179.0,1006.0,85.0,0.0,,
2025-09-10 17:00:00,4.3,4.5,,3.9,,99.0,0.6,1.6,156.0,148.0,1006.2,109.0,0.0,,100.0
2025-09-10 18:00:00,4.4,5.0,5.0,3.9,2.8,99.0,1.2,3.1,167.0,152.0,1006.8,108.0,0.0,,100.0
2025-09-10 19:00:00,4.0,4.3,,3.7,,99.0,0.7,2.1,58.0,172.0,1007.3,42.0,0.0,,
2025-09-10 20:00:00,4.3,4.5,,4.1,,99.0,0.4,1.0,340.0,174.0,1008.0,26.0,0.0,,100.0
2025-09-10 21:00:00,4.7,5.1,,4.3,,97.0,1.4,5.1,286.0,15.0,1008.2,4.0,0.0,,100.0
2025-09-10 22:00:00,4.4,5.0,,3.8,,95.0,1.6,5.6,205.0,14.0,1008.6,0.0,0.0,,100.0
2025-09-10 23:00:00,4.7,5.5,,4.0,,92.0,2.0,5.3,39.0,20.0,1008.9,0.0,0.0,,100.0
2025-09-11 00:00:00,4.8,5.0,5.5,4.6,3.5,91.0,2.8,5.8,20.0,21.0,1009.0,0.0,0.0,,100.0
2025-09-11 01:00:00,5.4,5.9,,4.8,,88.0,3.8,6.4,26.0,18.0,1008.9,0.0,0.0,,100.0
2025-09-11 02:00:00,6.1,6.7,,5.4,,84.0,4.1,8.6,103.0,32.0,1009.1,0.0,0.1,,100.0
2025-09-11 03:00:00,5.8,6.3,,5.2,,86.0,3.2,7.9,35.0,24.0,1009.1,0.0,0.0,,100.0
2025-09-11 04:00:00,5.3,6.4,,4.6,,91.0,2.4,6.2,217.0,73.0,1009.7,0.0,0.0,,100.0
2025-09-11 05:00:00,5.1,5.8,,4.6,,93.0,2.0,6.6,15.0,8.0,1009.8,0.0,0.1,,100.0
2025-09-11 06:00:00,6.1,6.5,6.7,5.6,3.7,86.0,4.1,7.0,22.0,26.0,1010.0,0.0,0.0,,100.0
2025-09-11 07:00:00,5.9,6.4,,5.1,,88.0,2.8,7.8,31.0,9.0,1010.6,0.0,0.0,,100.0
2025-09-11 08:00:00,5.5,6.3,,4.8,,91.0,3.6,9.5,297.0,4.0,1011.0,2.0,0.0,,100.0
2025-09-11 09:00:00,5.4,6.3,,4.8,,93.0,2.0,7.9,347.0,2.0,1011.1,10.0,0.0,,100.0
2025-09-11 10:00:00,6.6,7.1,,5.6,,86.0,3.5,8.1,327.0,339.0,1011.2,13.0,0.0,,100.0
2025-09-11 11:00:00,6.9,7.1,,6.6,,84.0,5.0,12.9,46.0,6.0,1010.7,28.0,0.0,,100.0
2025-09-11 12:00:00,,,,,,,11.3,17.9,20.0,25.0,1009.9,44.0,,0.5,100.0
2025-09-11 13:00:00,6.4,6.8,,6.2,,84.0,13.1,18.9,31.0,21.0,1011.0,37.0,0.0,,100.0
2025-09-11 14:00:00,6.7,7.1,,6.4,,84.0,7.8,14.7,32.0,38.0,1010.6,25.0,0.0,,100.0
2025-09-11 15:00:00,6.5,6.8,,6.3,,87.0,8.0,12.8,52.0,41.0,1010.9,23.0,0.0,,100.0
2025-09-11 16:00:00,6.7,7.4,,6.4,,86.0,8.6,16.4,25.0,31.0,1010.4,11.0,0.0,,100.0
2025-09-11 17:00:00,7.2,7.5,,6.9,,82.0,9.2,16.5,26.0,22.0,1010.5,10.0,0.0,,100.0
2025-09-11 18:00:00,7.5,8.1,8.1,6.9,4.8,82.0,9.8,18.5,25.0,19.0,1010.0,4.0,0.0,0.1,100.0
2025-09-11 19:00:00,7.5,8.0,,7.2,,81.0,10.0,17.8,352.0,16.0,1010.5,1.0,0.0,,100.0
2025-09-11 20:00:00,7.4,7.7,,7.1,,80.0,9.1,21.7,332.0,342.0,1010.4,0.0,0.0,,100.0
2025-09-11 21:00:00,6.9,7.1,,6.8,,81.0,7.8,15.1,339.0,335.0,1010.3,0.0,0.0,,100.0
2025-09-11 22:00:00,7.1,7.6,,6.8,,81.0,10.2,17.9,345.0,341.0,1009.7,0.0,0.0,,100.0
2025-09-11 23:00:00,7.6,8.0,,7.3,,77.0,10.8,18.8,330.0,334.0,1010.1,0.0,0.0,,100.0
2025-09-12 00:00:00,7.4,7.8,8.1,7.1,6.2,78.0,9.5,17.1,348.0,339.0,1009.7,0.0,4.2,4.3,100.0
2025-09-12 01:00:00,7.7,8.1,,7.4,,77.0,8.5,16.4,336.0,332.0,1009.3,0.0,0.6,,100.0
2025-09-12 02:00:00,7.3,7.8,,6.8,,80.0,6.5,13.2,336.0,335.0,1008.9,0.0,0.0,,100.0
2025-09-12 03:00:00,7.3,7.5,,7.0,,82.0,12.6,22.1,24.0,25.0,1006.4,0.0,0.0,,100.0
2025-09-12 04:00:00,7.1,7.4,,6.7,,84.0,18.4,26.1,23.0,23.0,1005.2,0.0,0.0,,100.0
2025-09-12 05:00:00,7.0,7.5,,6.6,,86.0,20.9,29.7,45.0,34.0,1004.0,0.0,0.0,,100.0
2025-09-12 06:00:00,6.8,7.1,8.1,6.5,6.5,86.0,21.3,31.1,48.0,43.0,1004.5,0.0,1.0,5.7,100.0
2025-09-12 07:00:00,7.2,7.6,,6.8,,82.0,16.0,27.4,19.0,25.0,1007.3,0.0,0.0,,100.0
2025-09-12 08:00:00,7.1,7.4,,6.8,,82.0,12.9,23.0,25.0,24.0,1006.4,7.0,2.0,,100.0
2025-09-12 09:00:00,7.4,7.7,,7.1,,79.0,16.7,25.5,18.0,21.0,1006.2,26.0,1.0,,100.0
2025-09-12 10:00:00,7.9,8.2,,7.6,,75.0,16.5,26.5,350.0,18.0,1007.1,38.0,0.0,,100.0
2025-09-12 11:00:00,7.7,8.1,,7.3,,77.0,12.7,22.4,15.0,13.0,1007.1,29.0,1.0,,100.0
2025-09-12 12:00:00,7.4,7.9,8.2,7.0,6.5,77.0,14.3,21.6,29.0,27.0,1006.8,55.0,1.0,10.8,100.0
2025-09-12 13:00:00,7.3,7.7,,6.9,,77.0,11.8,23.4,24.0,22.0,1007.7,78.0,0.0,,100.0
2025-09-12 14:00:00,7.2,8.0,,6.6,,77.0,11.8,25.8,27.0,27.0,1006.1,55.0,0.0,,100.0
2025-09-12 15:00:00,7.5,8.1,,7.3,,73.0,16.5,26.1,24.0,27.0,1007.4,35.0,0.0,,100.0
2025-09-12 16:00:00,7.7,8.1,,7.3,,72.0,11.0,21.4,355.0,13.0,1007.3,19.0,0.0,,100.0
2025-09-12 17:00:00,7.7,8.0,,7.4,,70.0,11.9,21.8,331.0,332.0,1006.9,16.0,0.0,,100.0
2025-09-12 18:00:00,7.4,7.9,8.2,7.2,6.6,71.0,11.3,26.8,21.0,6.0,1006.0,12.0,0.0,10.8,100.0
2025-09-12 19:00:00,7.5,7.8,,7.0,,70.0,14.7,25.3,23.0,21.0,1005.6,7.0,0.0,,100.0
2025-09-12 20:00:00,7.0,7.5,,6.5,,65.0,17.6,25.9,26.0,26.0,1006.2,0.0,0.0,,100.0
2025-09-12 21:00:00,6.8,7.5,,6.4,,60.0,14.9,22.2,25.0,24.0,1005.8,0.0,0.0,,100.0
2025-09-12 22:00:00,6.0,7.1,,4.9,,65.0,14.9,23.9,24.0,23.0,1005.8,0.0,0.0,,100.0
2025-09-12 23:00:00,4.9,5.4,,4.6,,68.0,13.5,21.1,26.0,24.0,1006.4,0.0,0.0,,100.0
2025-09-13 00:00:00,4.5,5.0,8.1,3.8,3.8,75.0,14.2,22.6,23.0,23.0,1006.8,0.0,0.0,6.6,100.0
2025-09-13 01:00:00,3.8,4.2,,3.1,,79.0,14.7,22.3,21.0,22.0,1007.0,0.0,3.0,,100.0
2025-09-13 02:00:00,2.6,3.3,,2.2,,83.0,15.7,23.7,24.0,23.0,1006.6,0.0,4.0,,
2025-09-13 03:00:00,2.2,2.5,,1.8,,85.0,12.4,24.2,347.0,14.0,1008.0,0.0,4.0,,
2025-09-13 04:00:00,2.8,3.6,,2.3,,83.0,9.9,23.6,348.0,337.0,1008.8,0.0,2.6,,100.0
2025-09-13 05:00:00,3.1,3.7,,2.6,,80.0,10.6,23.5,29.0,22.0,1009.9,0.0,1.0,,100.0
2025-09-13 06:00:00,2.8,3.3,7.8,2.3,1.8,81.0,9.5,18.9,50.0,39.0,1010.3,0.0,1.0,20.6,100.0
2025-09-13 07:00:00,2.5,3.2,,2.2,,81.0,6.4,14.5,60.0,50.0,1010.7,0.0,0.9,,100.0
2025-09-13 08:00:00,2.7,3.3,,2.3,,79.0,7.6,14.1,60.0,54.0,1010.7,1.0,0.9,,100.0
2025-09-13 09:00:00,2.8,3.1,,2.5,,77.0,7.6,14.6,59.0,51.0,1011.2,6.0,0.0,,100.0
2025-09-13 10:00:00,2.9,3.1,,2.6,,77.0,4.3,9.1,282.0,27.0,1011.2,23.0,0.1,,100.0
2025-09-13 11:00:00,3.0,3.2,,2.8,,75.0,2.0,6.8,116.0,257.0,1011.6,23.0,0.0,,100.0
2025-09-13 12:00:00,2.9,3.4,4.2,2.4,1.8,70.0,5.2,13.4,27.0,42.0,1011.8,31.0,0.0,17.4,100.0
2025-09-13 13:00:00,2.8,3.0,,2.2,,68.0,5.1,12.5,50.0,46.0,1011.8,39.0,0.0,,100.0
2025-09-13 14:00:00,2.0,2.6,,1.6,,75.0,6.5,12.1,61.0,50.0,1012.2,33.0,0.0,,100.0
2025-09-13 15:00:00,1.7,1.9,,1.5,,80.0,6.3,12.7,45.0,47.0,1012.2,32.0,0.0,,100.0
2025-09-13 16:00:00,1.8,2.1,,1.5,,80.0,5.7,11.0,26.0,30.0,1012.3,37.0,0.0,,100.0
2025-09-13 17:00:00,2.5,2.9,,2.1,,72.0,4.2,9.3,221.0,31.0,1012.2,42.0,0.0,,100.0
2025-09-13 18:00:00,2.6,2.7,3.4,2.3,1.5,76.0,2.1,4.2,22.0,144.0,1012.5,24.0,0.0,17.4,100.0
2025-09-13 19:00:00,2.4,2.7,,2.2,,80.0,3.8,9.9,223.0,20.0,1012.7,12.0,0.1,,100.0
2025-09-13 20:00:00,2.3,2.5,,2.1,,80.0,2.4,8.7,21.0,25.0,1012.5,0.0,0.1,,100.0
2025-09-13 21:00:00,2.3,2.4,,2.1,,78.0,2.2,5.5,288.0,281.0,1012.8,0.0,0.0,,100.0
2025-09-13 22:00:00,2.7,3.2,,2.5,,76.0,3.1,13.8,27.0,7.0,1012.2,0.0,0.0,,100.0
2025-09-13 23:00:00,2.9,3.2,,2.6,,80.0,6.2,12.2,28.0,25.0,1012.8,0.0,0.0,,100.0
2025-09-14 00:00:00,2.8,3.1,3.2,2.6,1.5,80.0,3.7,10.4,349.0,349.0,1012.5,0.0,0.0,17.6,100.0
2025-09-14 01:00:00,3.3,3.6,,2.9,,75.0,3.8,11.1,360.0,340.0,1012.8,0.0,0.0,,100.0
2025-09-14 02:00:00,3.5,3.6,,3.4,,74.0,6.6,12.8,27.0,15.0,1012.5,0.0,0.0,,100.0
2025-09-14 03:00:00,3.5,3.8,,3.3,,75.0,8.5,14.9,26.0,25.0,1012.6,0.0,0.0,,100.0
2025-09-14 04:00:00,3.1,3.4,,2.8,,77.0,9.3,18.1,352.0,15.0,1012.4,0.0,0.0,,100.0
2025-09-14 05:00:00,3.3,3.6,,2.9,,76.0,9.5,17.3,29.0,5.0,1012.7,0.0,0.0,,100.0
2025-09-14 06:00:00,2.7,3.4,3.8,2.3,2.1,80.0,11.0,17.7,25.0,26.0,1012.6,0.0,0.0,2.0,100.0
2025-09-14 07:00:00,2.9,3.2,,2.4,,72.0,9.6,16.4,26.0,24.0,1013.0,0.0,0.0,,100.0
2025-09-14 08:00:00,2.9,3.3,,2.5,,63.0,10.3,15.9,22.0,24.0,1013.5,5.0,0.0,,100.0
2025-09-14 09:00:00,2.8,2.9,,2.6,,62.0,10.1,15.5,26.0,26.0,1014.0,21.0,0.0,,100.0
2025-09-14 10:00:00,2.6,2.9,,2.3,,63.0,9.6,15.9,27.0,26.0,1014.5,32.0,0.0,,100.0
2025-09-14 11:00:00,2.3,2.4,,2.2,,65.0,9.2,13.8,57.0,38.0,1014.6,52.0,0.0,,100.0
2025-09-14 12:00:00,2.2,2.4,3.8,2.1,2.1,64.0,9.6,14.4,23.0,28.0,1014.8,59.0,0.0,0.2,100.0
2025-09-14 13:00:00,2.4,2.6,,2.3,,62.0,9.1,14.7,35.0,42.0,1015.4,57.0,0.0,,100.0
2025-09-14 14:00:00,2.1,2.2,,1.9,,65.0,8.5,12.9,27.0,26.0,1015.6,75.0,0.0,,100.0
2025-09-14 15:00:00,2.0,2.2,,1.8,,66.0,8.2,12.3,23.0,26.0,1015.8,93.0,0.0,,100.0
2025-09-14 16:00:00,2.3,2.4,,2.2,,63.0,9.2,13.3,20.0,23.0,1015.7,114.0,0.0,,100.0
2025-09-14 17:00:00,2.3,2.4,,2.3,,63.0,9.5,13.5,26.0,25.0,1015.8,98.0,0.0,,100.0
2025-09-14 18:00:00,2.3,2.3,3.3,2.1,1.8,63.0,9.5,13.1,42.0,35.0,1016.2,55.0,0.0,0.2,100.0
2025-09-14 19:00:00,2.3,2.4,,2.1,,62.0,9.0,13.8,40.0,38.0,1016.8,32.0,0.0,,100.0
2025-09-14 20:00:00,2.0,2.3,,1.8,,64.0,9.3,13.4,36.0,33.0,1017.0,10.0,0.0,,100.0
2025-09-14 21:00:00,1.6,1.8,,1.5,,68.0,10.0,13.4,41.0,34.0,1017.4,0.0,0.0,,100.0
2025-09-14 22:00:00,1.4,1.5,,1.3,,71.0,9.9,13.3,23.0,31.0,1017.7,0.0,0.0,,100.0
2025-09-14 23:00:00,1.3,1.4,,1.2,,75.0,9.6,12.9,33.0,25.0,1018.1,0.0,0.0,,100.0
2025-09-15 00:00:00,1.2,1.4,2.6,1.1,1.1,78.0,9.6,13.4,19.0,29.0,1018.2,0.0,0.0,0.0,100.0
2025-09-15 01:00:00,1.2,1.4,,1.1,,77.0,8.8,13.0,28.0,27.0,1018.4,0.0,0.0,,100.0
2025-09-15 02:00:00,1.2,1.4,,1.1,,77.0,8.5,11.6,61.0,30.0,1018.8,0.0,0.0,,100.0
2025-09-15 03:00:00,1.2,1.5,,0.9,,77.0,7.6,12.1,24.0,39.0,1018.9,0.0,0.0,,100.0
2025-09-15 04:00:00,0.9,1.2,,0.8,,80.0,9.0,12.6,50.0,37.0,1019.0,0.0,0.0,,100.0
2025-09-15 05:00:00,0.8,1.0,,0.6,,81.0,9.8,14.9,38.0,40.0,1019.1,0.0,0.0,,100.0
2025-09-15 06:00:00,0.7,0.9,2.4,0.6,0.6,81.0,10.0,14.1,35.0,24.0,1019.4,0.0,0.0,0.0,100.0
2025-09-15 07:00:00,0.9,1.0,,0.8,,79.0,9.7,14.3,26.0,32.0,1019.9,1.0,0.0,,100.0
2025-09-15 08:00:00,1.0,1.1,,0.9,,76.0,9.5,13.3,22.0,26.0,1020.4,11.0,0.0,,100.0
2025-09-15 09:00:00,1.2,1.3,,1.0,,70.0,10.5,14.2,47.0,36.0,1021.0,39.0,0.0,,100.0
2025-09-15 10:00:00,1.4,1.5,,1.3,,68.0,9.2,14.2,36.0,37.0,1021.3,105.0,0.0,,100.0
2025-09-15 11:00:00,1.5,1.7,,1.4,,70.0,10.0,13.7,50.0,49.0,1021.6,196.0,0.0,,100.0
2025-09-15 12:00:00,1.8,2.0,2.0,1.6,0.6,69.0,9.6,13.4,29.0,38.0,1022.1,279.0,0.0,0.0,100.0
2025-09-15 13:00:00,2.1,2.3,,1.9,,69.0,9.0,13.3,27.0,25.0,1022.3,335.0,0.0,,100.0
2025-09-15 14:00:00,2.0,2.2,,1.8,,69.0,9.4,13.8,46.0,38.0,1022.5,226.0,0.0,,100.0
2025-09-15 15:00:00,1.8,1.9,,1.7,,70.0,10.3,14.3,50.0,48.0,1022.7,183.0,0.0,,100.0
2025-09-15 16:00:00,1.7,1.9,,1.5,,69.0,9.8,13.5,56.0,50.0,1023.0,150.0,0.0,,100.0
2025-09-15 17:00:00,1.6,1.9,,1.4,,69.0,9.7,14.1,60.0,52.0,1023.1,202.0,0.0,,0.0
2025-09-15 18:00:00,1.2,1.5,2.3,1.1,0.8,72.0,9.5,13.5,52.0,54.0,1023.2,70.0,0.0,0.0,100.0
2025-09-15 19:00:00,1.0,1.1,,1.0,,73.0,9.1,12.5,33.0,44.0,1023.5,34.0,0.0,,100.0
2025-09-15 20:00:00,1.0,1.1,,0.9,,69.0,9.4,13.0,56.0,44.0,1024.0,7.0,0.0,,100.0
2025-09-15 21:00:00,0.8,0.9,,0.8,,69.0,8.7,12.7,38.0,44.0,1024.3,0.0,0.0,,100.0
2025-09-15 22:00:00,0.8,0.8,,0.7,,68.0,8.5,13.0,26.0,34.0,1024.3,0.0,0.0,,100.0
2025-09-15 23:00:00,0.7,0.8,,0.6,,70.0,8.4,12.9,39.0,40.0,1024.6,0.0,0.0,,100.0
2025-09-16 00:00:00,0.5,0.6,2.3,0.5,0.5,74.0,8.5,13.0,31.0,37.0,1024.7,0.0,0.0,0.0,100.0
2025-09-16 01:00:00,0.5,0.5,,0.4,,72.0,9.0,12.9,39.0,38.0,1025.1,0.0,0.0,,100.0
2025-09-16 02:00:00,0.4,0.5,,0.4,,73.0,8.2,13.4,26.0,27.0,1025.3,0.0,0.0,,100.0
2025-09-16 03:00:00,0.6,0.7,,0.5,,71.0,8.5,15.7,39.0,37.0,1025.4,0.0,0.0,,100.0
2025-09-16 04:00:00,0.6,0.6,,0.6,,63.0,11.1,16.6,52.0,54.0,1025.0,0.0,0.0,,100.0
2025-09-16 05:00:00,0.6,0.6,,0.5,,62.0,11.1,16.1,36.0,46.0,1025.5,0.0,0.0,,100.0
2025-09-16 06:00:00,0.5,0.6,1.1,0.5,0.4,65.0,10.5,16.9,33.0,42.0,1026.1,0.0,0.0,0.0,100.0
2025-09-16 07:00:00,0.5,0.6,,0.5,,63.0,9.3,15.4,34.0,37.0,1026.7,1.0,0.0,,100.0
2025-09-16 08:00:00,0.5,0.6,,0.5,,61.0,8.4,14.3,36.0,35.0,1027.1,14.0,0.0,,100.0
2025-09-16 09:00:00,0.5,0.6,,0.5,,61.0,9.5,16.7,45.0,34.0,1027.5,28.0,0.0,,100.0
2025-09-16 10:00:00,0.5,0.6,,0.5,,55.0,9.4,15.1,25.0,36.0,1028.0,47.0,0.0,,100.0
2025-09-16 11:00:00,0.8,0.8,,0.6,,51.0,9.6,15.0,28.0,26.0,1028.5,73.0,0.0,,100.0
2025-09-16 12:00:00,0.9,1.0,1.0,0.8,0.4,54.0,8.4,12.6,26.0,25.0,1029.1,103.0,0.0,0.0,100.0
2025-09-16 13:00:00,1.0,1.2,,0.9,,54.0,8.4,13.0,23.0,24.0,1029.5,163.0,0.0,,100.0
2025-09-16 14:00:00,1.1,1.3,,1.1,,51.0,7.8,11.9,21.0,23.0,1029.8,201.0,0.0,,100.0
2025-09-16 15:00:00,1.4,1.6,,1.1,,51.0,6.3,10.1,28.0,24.0,1030.1,193.0,0.0,,100.0
2025-09-16 16:00:00,1.5,1.7,,1.4,,50.0,5.4,8.8,40.0,35.0,1030.1,179.0,0.0,,100.0
2025-09-16 17:00:00,1.7,1.9,,1.5,,47.0,4.8,7.4,28.0,26.0,1029.9,124.0,0.0,,100.0
2025-09-16 18:00:00,1.8,2.0,2.0,1.4,0.5,45.0,4.5,8.2,24.0,26.0,1030.2,86.0,0.0,0.0,100.0
2025-09-16 19:00:00,1.3,1.4,,1.2,,51.0,5.2,7.9,20.0,27.0,1030.9,49.0,0.0,,60.0
2025-09-16 20:00:00,1.1,1.4,,0.9,,52.0,3.4,6.4,24.0,27.0,1031.2,15.0,0.0,,0.0
2025-09-16 21:00:00,0.7,0.9,,0.5,,55.0,3.7,7.0,59.0,44.0,1031.3,0.0,0.0,,40.0
2025-09-16 22:00:00,0.5,0.6,,0.3,,57.0,4.3,6.5,23.0,31.0,1031.2,0.0,0.0,,100.0
2025-09-16 23:00:00,0.4,0.6,,0.0,,56.0,2.7,4.7,27.0,18.0,1031.3,0.0,0.0,,100.0
2025-09-17 00:00:00,0.1,0.3,2.0,-0.1,-0.1,57.0,1.8,3.6,30.0,25.0,1031.2,0.0,0.0,0.0,100.0
2025-09-17 01:00:00,-0.4,0.1,,-0.8,,61.0,2.6,4.2,26.0,27.0,1030.7,0.0,0.0,,0.0
2025-09-17 02:00:00,-0.8,-0.5,,-1.0,,61.0,2.8,4.1,20.0,23.0,1030.4,0.0,0.0,,0.0
2025-09-17 03:00:00,-1.1,-0.9,,-1.4,,61.0,2.2,3.5,20.0,25.0,1030.1,0.0,0.0,,0.0
2025-09-17 04:00:00,-1.2,-0.8,,-1.6,,60.0,1.5,3.7,44.0,40.0,1029.6,0.0,0.0,,0.0
2025-09-17 05:00:00,-1.4,-0.7,,-1.8,,60.0,2.3,3.7,18.0,30.0,1029.3,0.0,0.0,,0.0
2025-09-17 06:00:00,-1.8,-1.6,1.4,-1.9,-1.9,60.0,3.1,4.4,26.0,23.0,1029.2,0.0,0.0,0.0,0.0
2025-09-17 07:00:00,-2.0,-1.6,,-2.3,,63.0,3.3,4.6,21.0,21.0,1029.2,1.0,0.0,,0.0
2025-09-17 08:00:00,-2.2,-2.0,,-2.3,,64.0,3.6,4.6,24.0,22.0,1029.0,14.0,0.0,,0.0
2025-09-17 09:00:00,-1.8,-1.4,,-2.1,,65.0,3.0,4.0,19.0,18.0,1028.9,73.0,0.0,,0.0
2025-09-17 10:00:00,-1.0,-0.4,,-1.4,,67.0,2.3,3.6,28.0,24.0,1028.7,183.0,0.0,,0.0
2025-09-17 11:00:00,0.7,1.7,,-0.4,,61.0,0.3,1.3,275.0,355.0,1028.4,256.0,0.0,,0.0
2025-09-17 12:00:00,0.9,1.4,1.7,0.7,-2.3,60.0,0.6,1.6,206.0,234.0,1028.3,312.0,0.0,0.0,0.0
2025-09-17 13:00:00,1.3,1.7,,1.0,,59.0,1.2,2.3,206.0,187.0,1028.0,347.0,0.0,,0.0
2025-09-17 14:00:00,1.2,1.5,,1.0,,66.0,1.6,3.1,241.0,234.0,1027.6,357.0,0.0,,0.0
2025-09-17 15:00:00,1.3,1.7,,0.9,,72.0,2.0,3.0,234.0,227.0,1027.2,282.0,0.0,,0.0
2025-09-17 16:00:00,1.2,1.4,,0.9,,74.0,2.0,3.1,241.0,240.0,1026.7,303.0,0.0,,0.0
2025-09-17 17:00:00,1.3,1.6,,1.1,,75.0,2.2,3.5,219.0,229.0,1026.5,243.0,0.0,,0.0
2025-09-17 18:00:00,1.3,1.7,1.7,1.1,-2.3,76.0,1.8,3.0,203.0,208.0,1026.3,171.0,0.0,0.0,0.0
2025-09-17 19:00:00,1.2,1.5,,1.1,,73.0,0.4,1.9,143.0,175.0,1026.0,81.0,0.0,,0.0
2025-09-17 20:00:00,0.9,1.4,,0.3,,72.0,1.0,3.1,54.0,60.0,1026.0,17.0,0.0,,0.0
2025-09-17 21:00:00,0.1,0.4,,-0.1,,70.0,1.0,2.5,24.0,34.0,1025.9,0.0,0.0,,0.0
2025-09-17 22:00:00,-0.4,0.0,,-0.8,,70.0,1.5,3.3,22.0,23.0,1025.6,0.0,0.0,,0.0
2025-09-17 23:00:00,-0.6,-0.4,,-0.9,,71.0,1.8,3.6,24.0,28.0,1025.5,0.0,0.0,,90.0
2025-09-18 00:00:00,-0.4,0.0,1.7,-0.6,-0.9,68.0,1.2,3.6,61.0,51.0,1025.4,0.0,0.0,0.0,0.0
2025-09-18 01:00:00,-0.6,-0.1,,-0.9,,63.0,1.8,4.7,33.0,29.0,1025.2,0.0,0.0,,25.0
2025-09-18 02:00:00,-0.5,0.0,,-0.8,,60.0,2.1,3.8,18.0,26.0,1025.1,0.0,0.0,,100.0
2025-09-18 03:00:00,-0.1,0.5,,-0.5,,57.0,1.8,4.0,19.0,24.0,1024.7,0.0,0.0,,60.0
2025-09-18 04:00:00,-0.3,0.0,,-0.6,,60.0,2.9,4.6,19.0,22.0,1024.3,0.0,0.0,,100.0
2025-09-18 05:00:00,0.5,1.2,,-0.2,,57.0,0.7,2.2,263.0,53.0,1024.1,0.0,0.0,,100.0
2025-09-18 06:00:00,0.6,1.1,1.5,0.2,-0.9,58.0,0.6,1.9,214.0,267.0,1024.0,0.0,0.0,0.0,100.0
2025-09-18 07:00:00,0.1,0.4,,-0.3,,63.0,1.4,3.3,25.0,32.0,1023.9,1.0,0.0,,90.0
2025-09-18 08:00:00,0.0,0.3,,-0.2,,62.0,2.2,3.6,49.0,33.0,1023.8,15.0,0.0,,0.0
2025-09-18 09:00:00,0.5,1.7,,-0.2,,58.0,2.3,4.6,15.0,26.0,1023.9,61.0,0.0,,100.0
2025-09-18 10:00:00,0.7,1.8,,0.1,,57.0,1.4,3.1,53.0,41.0,1023.8,112.0,0.0,,90.0
2025-09-18 11:00:00,1.6,2.0,,1.2,,57.0,0.5,1.6,86.0,40.0,1023.7,157.0,0.0,,100.0
2025-09-18 12:00:00,1.9,2.7,2.7,1.3,-0.9,61.0,1.2,2.5,182.0,220.0,1023.7,312.0,0.0,0.0,10.0
2025-09-18 13:00:00,2.6,2.9,,2.4,,63.0,1.9,3.2,158.0,168.0,1023.5,340.0,0.0,,0.0
2025-09-18 14:00:00,3.0,3.3,,2.8,,63.0,2.1,3.3,148.0,149.0,1023.3,350.0,0.0,,0.0
2025-09-18 15:00:00,2.9,3.1,,2.6,,66.0,3.4,5.3,151.0,147.0,1023.3,266.0,0.0,,0.0
2025-09-18 16:00:00,3.0,3.4,,2.8,,64.0,3.0,4.6,149.0,148.0,1023.2,294.0,0.0,,0.0
2025-09-18 17:00:00,2.9,3.1,,2.5,,65.0,3.1,4.9,147.0,147.0,1023.3,232.0,0.0,,0.0
2025-09-18 18:00:00,2.4,2.6,3.4,2.1,-0.3,68.0,2.4,4.6,189.0,159.0,1023.5,155.0,0.0,0.0,0.0
2025-09-18 19:00:00,1.9,2.1,,1.6,,71.0,1.8,3.4,196.0,196.0,1023.8,76.0,0.0,,0.0
2025-09-18 20:00:00,1.2,1.6,,0.9,,75.0,0.8,2.0,170.0,178.0,1024.2,15.0,0.0,,0.0
2025-09-18 21:00:00,0.6,0.8,,0.4,,77.0,1.4,3.2,337.0,12.0,1024.4,0.0,0.0,,0.0
2025-09-18 22:00:00,0.0,0.5,,-0.5,,80.0,1.8,3.0,24.0,18.0,1024.5,0.0,0.0,,0.0
2025-09-18 23:00:00,-0.4,0.0,,-0.7,,77.0,1.9,3.2,17.0,22.0,1024.8,0.0,0.0,,0.0
2025-09-19 00:00:00,-0.6,-0.4,3.4,-0.8,-0.7,74.0,2.6,4.1,22.0,23.0,1024.9,0.0,0.0,0.0,75.0
2025-09-19 01:00:00,-0.4,-0.2,,-0.5,,75.0,2.1,3.9,28.0,23.0,1025.0,0.0,0.0,,100.0
2025-09-19 02:00:00,-0.4,-0.1,,-0.5,,74.0,1.7,2.9,30.0,29.0,1025.0,0.0,0.0,,100.0
2025-09-19 03:00:00,-0.2,0.1,,-0.4,,72.0,1.6,3.0,33.0,27.0,1024.9,0.0,0.0,,100.0
2025-09-19 04:00:00,0.1,0.4,,-0.2,,68.0,0.7,2.8,129.0,51.0,1024.9,0.0,0.0,,100.0
2025-09-19 05:00:00,0.0,0.5,,-0.2,,59.0,1.9,3.7,38.0,36.0,1025.1,0.0,0.0,,100.0
2025-09-19 06:00:00,0.4,0.7,2.1,0.1,-0.7,56.0,1.8,4.0,34.0,23.0,1025.2,0.0,0.0,0.0,100.0
2025-09-19 07:00:00,0.1,0.6,,-0.2,,58.0,1.4,2.8,50.0,48.0,1025.5,0.0,0.0,,100.0
2025-09-19 08:00:00,0.3,0.6,,-0.1,,55.0,2.2,3.5,24.0,27.0,1025.8,11.0,0.0,,100.0
2025-09-19 09:00:00,0.5,0.9,,0.1,,53.0,1.3,2.8,67.0,38.0,1025.9,42.0,0.0,,100.0
2025-09-19 10:00:00,1.1,1.7,,0.6,,50.0,0.7,2.6,169.0,31.0,1026.3,114.0,0.0,,100.0
2025-09-19 11:00:00,1.6,1.9,,1.1,,52.0,0.7,2.0,137.0,164.0,1026.4,196.0,0.0,,100.0
2025-09-19 12:00:00,2.6,3.3,3.3,1.8,-0.5,45.0,2.1,6.8,59.0,61.0,1026.4,271.0,0.0,0.0,75.0
2025-09-19 13:00:00,2.7,3.2,,2.3,,40.0,4.3,7.9,330.0,40.0,1026.7,164.0,0.0,,75.0
2025-09-19 14:00:00,2.7,3.3,,2.3,,54.0,2.4,4.5,288.0,302.0,1026.8,293.0,0.0,,75.0
2025-09-19 15:00:00,3.2,3.4,,2.9,,41.0,3.0,6.5,43.0,45.0,1026.8,294.0,0.0,,90.0
2025-09-19 16:00:00,2.7,3.4,,2.1,,42.0,5.5,8.4,58.0,53.0,1026.7,230.0,0.0,,100.0
2025-09-19 17:00:00,2.1,2.4,,1.8,,47.0,5.4,7.9,53.0,55.0,1026.6,131.0,0.0,,100.0
2025-09-19 18:00:00,1.8,2.0,3.4,1.6,-0.2,53.0,5.1,8.2,26.0,39.0,1026.8,155.0,0.0,0.0,90.0
2025-09-19 19:00:00,1.5,1.9,,1.0,,59.0,4.9,6.7,19.0,23.0,1027.1,78.0,0.0,,0.0
2025-09-19 20:00:00,0.6,1.1,,0.2,,64.0,4.9,7.2,23.0,22.0,1027.3,11.0,0.0,,0.0
2025-09-19 21:00:00,0.3,0.6,,0.0,,65.0,3.2,5.7,26.0,23.0,1027.4,0.0,0.0,,0.0
2025-09-19 22:00:00,-0.2,0.3,,-0.5,,66.0,2.9,4.5,24.0,26.0,1027.6,0.0,0.0,,0.0
2025-09-19 23:00:00,-0.8,-0.4,,-1.1,,71.0,3.6,5.1,26.0,24.0,1027.5,0.0,0.0,,0.0
2025-09-20 00:00:00,-1.0,-0.9,3.4,-1.2,-1.2,72.0,3.4,5.0,27.0,25.0,1027.5,0.0,0.0,0.0,0.0
2025-09-20 01:00:00,-1.2,-0.8,,-1.4,,74.0,3.1,4.6,25.0,25.0,1027.6,0.0,0.0,,25.0
2025-09-20 02:00:00,-1.4,-1.2,,-1.4,,75.0,3.6,4.8,19.0,22.0,1027.7,0.0,0.0,,100.0
2025-09-20 03:00:00,-1.3,-1.1,,-1.4,,78.0,3.2,4.7,24.0,24.0,1027.6,0.0,0.0,,100.0
2025-09-20 04:00:00,-1.1,-0.8,,-1.3,,80.0,2.8,4.3,24.0,24.0,1027.5,0.0,0.0,,100.0
2025-09-20 05:00:00,-1.1,-0.8,,-1.5,,82.0,2.5,4.1,19.0,24.0,1027.4,0.0,0.0,,40.0
2025-09-20 06:00:00,-1.8,-1.5,1.9,-2.1,-2.1,82.0,3.4,4.7,19.0,21.0,1027.3,0.0,0.0,0.0,75.0
2025-09-20 07:00:00,-1.6,-1.1,,-2.1,,80.0,2.1,4.2,149.0,26.0,1027.6,0.0,0.0,,100.0
2025-09-20 08:00:00,-1.1,-1.0,,-1.2,,83.0,0.3,1.1,204.0,108.0,1027.6,8.0,0.0,,100.0
2025-09-20 09:00:00,-1.0,-0.9,,-1.1,,82.0,2.4,4.1,149.0,149.0,1027.4,32.0,0.0,,100.0
2025-09-20 10:00:00,-1.1,-1.0,,-1.2,,80.0,2.8,4.0,146.0,148.0,1027.5,73.0,0.0,,100.0
2025-09-20 11:00:00,-1.1,-0.9,,-1.2,,79.0,1.8,3.6,69.0,121.0,1027.1,125.0,0.0,,100.0
2025-09-20 12:00:00,-0.7,-0.4,-0.4,-1.0,-2.1,79.0,1.5,3.1,135.0,78.0,1026.7,131.0,0.0,0.0,100.0
2025-09-20 13:00:00,-0.5,-0.3,,-0.7,,80.0,1.2,2.9,128.0,145.0,1026.2,150.0,0.0,,100.0
2025-09-20 14:00:00,-0.1,0.1,,-0.3,,79.0,1.0,3.6,146.0,141.0,1025.8,166.0,0.0,,100.0
2025-09-20 15:00:00,0.5,1.1,,0.0,,78.0,2.0,4.8,132.0,135.0,1025.1,203.0,0.0,,75.0
2025-09-20 16:00:00,0.8,1.1,,0.6,,77.0,3.0,4.9,145.0,140.0,1024.2,246.0,0.0,,60.0
2025-09-20 17:00:00,1.0,1.2,,0.8,,75.0,2.5,4.6,135.0,145.0,1023.6,202.0,0.0,,100.0
2025-09-20 18:00:00,0.5,1.0,1.2,0.4,-2.1,77.0,1.9,4.1,149.0,133.0,1023.2,61.0,0.0,0.0,40.0
2025-09-20 19:00:00,0.1,0.4,,-0.1,,79.0,2.7,4.5,85.0,81.0,1022.6,29.0,0.0,,0.0
2025-09-20 20:00:00,-0.1,-0.1,,-0.3,,82.0,3.9,4.9,78.0,84.0,1021.9,5.0,0.0,,0.0
2025-09-20 21:00:00,-0.4,-0.3,,-0.4,,83.0,4.4,5.9,87.0,82.0,1021.4,0.0,0.0,,0.0
2025-09-20 22:00:00,-0.4,-0.3,,-0.5,,86.0,4.6,6.1,88.0,84.0,1020.7,0.0,0.0,,100.0
2025-09-20 23:00:00,-0.6,-0.5,,-0.8,,88.0,4.5,5.9,82.0,83.0,1020.2,0.0,0.0,,0.0
2025-09-21 00:00:00,-1.1,-0.8,1.2,-1.3,-1.3,91.0,5.0,6.3,87.0,84.0,1019.3,0.0,0.0,0.0,0.0
2025-09-21 01:00:00,-1.1,-1.0,,-1.3,,93.0,4.9,6.6,82.0,83.0,1018.3,0.0,0.0,,0.0
2025-09-21 02:00:00,-0.8,-0.6,,-1.0,,91.0,5.0,6.9,86.0,80.0,1017.6,0.0,0.0,,25.0
2025-09-21 03:00:00,-0.5,-0.4,,-0.7,,89.0,3.8,6.1,67.0,85.0,1017.3,0.0,0.0,,90.0
2025-09-21 04:00:00,-0.5,-0.4,,-0.6,,87.0,4.3,6.8,104.0,92.0,1016.0,0.0,0.0,,10.0
2025-09-21 05:00:00,-0.6,-0.5,,-0.8,,87.0,2.8,6.1,62.0,99.0,1015.4,0.0,0.0,,90.0
2025-09-21 06:00:00,-0.7,-0.7,0.4,-0.8,-1.3,89.0,2.9,7.3,93.0,76.0,1015.1,0.0,0.0,0.0,100.0
2025-09-21 07:00:00,-0.8,-0.8,,-0.9,,90.0,3.8,6.7,91.0,94.0,1014.5,0.0,0.0,,100.0
2025-09-21 08:00:00,-0.8,-0.8,,-0.9,,90.0,3.0,6.7,135.0,95.0,1014.3,5.0,0.0,,100.0
2025-09-21 09:00:00,-0.8,-0.7,,-0.8,,90.0,2.5,6.0,110.0,120.0,1014.3,21.0,0.0,,100.0
2025-09-21 10:00:00,-0.6,-0.6,,-0.7,,87.0,1.3,4.5,64.0,104.0,1014.3,38.0,0.0,,100.0
2025-09-21 11:00:00,-0.4,-0.4,,-0.6,,86.0,1.2,3.0,304.0,182.0,1014.7,65.0,0.0,,100.0
2025-09-21 12:00:00,-0.1,0.3,0.3,-0.4,-1.3,83.0,2.0,4.9,25.0,357.0,1015.0,108.0,0.0,0.0,100.0
2025-09-21 13:00:00,0.6,0.9,,0.3,,78.0,5.1,8.3,37.0,30.0,1015.4,207.0,0.0,,100.0
2025-09-21 14:00:00,1.1,1.5,,0.7,,75.0,2.2,7.2,290.0,342.0,1016.0,311.0,0.0,,100.0
2025-09-21 15:00:00,0.9,1.1,,0.6,,77.0,4.2,7.6,19.0,8.0,1016.1,168.0,0.0,,100.0
2025-09-21 16:00:00,1.2,1.4,,1.1,,72.0,5.1,8.6,51.0,25.0,1016.8,117.0,0.0,,100.0
2025-09-21 17:00:00,1.4,1.7,,1.3,,70.0,3.6,7.6,57.0,58.0,1017.4,181.0,0.0,,100.0
2025-09-21 18:00:00,1.2,1.4,1.7,0.9,-0.9,72.0,4.3,6.8,41.0,42.0,1017.8,141.0,0.0,0.0,90.0
2025-09-21 19:00:00,1.3,1.4,,1.1,,74.0,2.0,4.3,228.0,140.0,1018.4,58.0,0.0,,100.0
2025-09-21 20:00:00,0.8,1.2,,0.6,,77.0,1.2,3.2,215.0,335.0,1018.9,7.0,0.0,,100.0
2025-09-21 21:00:00,0.5,0.7,,0.2,,80.0,0.2,1.0,0.0,225.0,1019.4,0.0,0.0,,25.0
2025-09-21 22:00:00,0.2,0.4,,-0.2,,81.0,0.6,2.4,24.0,354.0,1019.6,0.0,0.0,,100.0
2025-09-21 23:00:00,-0.1,0.1,,-0.2,,82.0,1.1,2.1,27.0,23.0,1020.0,0.0,0.0,,90.0
2025-09-22 00:00:00,0.0,0.1,1.7,-0.1,-0.2,84.0,0.4,1.3,0.0,236.0,1020.3,0.0,0.0,0.0,100.0
2025-09-22 01:00:00,-0.2,-0.1,,-0.3,,85.0,0.7,1.3,25.0,33.0,1020.4,0.0,0.0,,10.0
2025-09-22 02:00:00,-0.2,-0.1,,-0.4,,84.0,0.8,1.4,20.0,350.0,1020.4,0.0,0.0,,90.0
2025-09-22 03:00:00,-0.5,-0.2,,-1.0,,86.0,1.4,3.7,22.0,12.0,1020.2,0.0,0.0,,0.0
2025-09-22 04:00:00,-1.1,-0.8,,-1.6,,86.0,1.8,3.6,55.0,42.0,1019.9,0.0,0.0,,0.0
2025-09-22 05:00:00,-1.2,-0.6,,-1.8,,84.0,2.1,3.9,16.0,28.0,1019.7,0.0,0.0,,0.0
2025-09-22 06:00:00,-1.7,-1.5,1.4,-1.9,-1.9,79.0,3.0,4.5,21.0,19.0,1019.6,0.0,0.0,0.0,0.0
2025-09-22 07:00:00,-1.7,-1.4,,-1.9,,82.0,3.9,5.5,21.0,19.0,1019.4,0.0,0.0,,0.0
2025-09-22 08:00:00,-1.0,-0.3,,-1.5,,79.0,1.9,3.9,44.0,41.0,1019.4,16.0,0.0,,0.0
2025-09-22 09:00:00,-0.5,0.1,,-1.0,,74.0,2.5,4.4,57.0,43.0,1018.8,56.0,0.0,,0.0
2025-09-22 10:00:00,0.7,1.1,,-0.4,,76.0,4.4,7.4,98.0,112.0,1018.4,116.0,0.0,,0.0
2025-09-22 11:00:00,0.9,1.1,,0.7,,84.0,4.1,8.3,85.0,107.0,1017.4,139.0,0.0,,100.0
2025-09-22 12:00:00,1.3,1.7,1.7,1.0,-1.9,81.0,5.8,10.6,149.0,116.0,1016.2,179.0,0.0,0.0,50.0
2025-09-22 13:00:00,2.1,2.3,,1.6,,79.0,7.5,11.6,143.0,147.0,1015.1,289.0,0.0,,25.0
2025-09-22 14:00:00,2.7,3.3,,2.1,,76.0,6.5,11.0,150.0,147.0,1013.7,345.0,0.0,,0.0
2025-09-22 15:00:00,3.0,3.9,,2.1,,75.0,6.6,11.7,155.0,157.0,1013.1,258.0,0.0,,0.0
2025-09-22 16:00:00,3.2,3.7,,2.6,,73.0,3.7,8.7,176.0,175.0,1012.3,248.0,0.0,,0.0
2025-09-22 17:00:00,3.9,4.5,,3.5,,64.0,1.0,3.0,121.0,160.0,1011.2,208.0,0.0,,0.0
2025-09-22 18:00:00,3.2,4.2,4.5,2.3,-1.9,67.0,2.2,4.6,196.0,134.0,1010.7,66.0,0.0,0.0,0.0
2025-09-22 19:00:00,2.3,2.4,,2.1,,78.0,2.1,3.9,159.0,160.0,1010.3,51.0,0.0,,0.0
2025-09-22 20:00:00,1.8,2.2,,1.6,,79.0,1.6,3.2,149.0,150.0,1010.0,6.0,0.0,,0.0
2025-09-22 21:00:00,1.4,1.5,,1.2,,81.0,2.6,4.2,121.0,98.0,1009.5,0.0,0.0,,75.0
2025-09-22 22:00:00,1.3,1.5,,1.1,,86.0,2.4,4.1,54.0,134.0,1009.1,0.0,0.0,,100.0
2025-09-22 23:00:00,1.0,1.2,,0.9,,85.0,1.3,3.0,126.0,78.0,1008.8,0.0,0.0,,90.0
2025-09-23 00:00:00,1.1,1.3,4.5,0.8,0.8,82.0,1.3,3.0,206.0,96.0,1008.5,0.0,0.0,0.0,60.0
2025-09-23 01:00:00,1.1,1.3,,0.9,,83.0,0.8,2.3,32.0,85.0,1008.1,0.0,0.0,,100.0
2025-09-23 02:00:00,1.1,1.2,,0.8,,80.0,0.9,2.5,243.0,18.0,1008.2,0.0,0.0,,100.0
2025-09-23 03:00:00,1.1,1.4,,0.8,,81.0,1.5,4.2,33.0,30.0,1007.9,0.0,0.0,,100.0
2025-09-23 04:00:00,1.3,1.6,,1.0,,79.0,0.9,2.5,97.0,107.0,1008.6,0.0,0.0,,100.0
2025-09-23 05:00:00,1.5,1.7,,1.3,,77.0,0.7,1.8,139.0,45.0,1009.2,0.0,0.0,,100.0
2025-09-23 06:00:00,1.3,2.0,2.4,1.1,0.8,82.0,0.9,2.5,57.0,108.0,1009.3,0.0,0.0,0.0,100.0
2025-09-23 07:00:00,2.2,2.5,,1.9,,66.0,4.8,9.9,41.0,35.0,1010.1,0.0,0.0,,100.0
2025-09-23 08:00:00,2.3,2.8,,2.0,,63.0,7.9,12.0,24.0,49.0,1010.6,3.0,0.0,,100.0
2025-09-23 09:00:00,3.0,3.9,,2.1,,56.0,8.8,12.0,44.0,43.0,1010.9,19.0,0.0,,100.0
2025-09-23 10:00:00,3.3,3.8,,2.5,,55.0,5.2,12.7,213.0,57.0,1012.4,47.0,0.0,,100.0
2025-09-23 11:00:00,2.4,2.8,,2.2,,72.0,1.3,5.1,82.0,138.0,1012.7,51.0,0.0,,100.0
2025-09-23 12:00:00,3.3,3.6,3.9,2.6,0.8,58.0,4.8,9.5,50.0,48.0,1013.1,65.0,0.0,0.0,100.0
2025-09-23 13:00:00,2.8,3.6,,2.1,,70.0,2.7,9.8,146.0,139.0,1014.2,78.0,0.0,,100.0
2025-09-23 14:00:00,2.1,2.4,,1.8,,80.0,1.2,2.8,211.0,190.0,1014.5,94.0,0.0,,100.0
2025-09-23 15:00:00,2.1,2.4,,1.8,,72.0,4.1,9.4,22.0,33.0,1014.2,62.0,0.0,,100.0
2025-09-23 16:00:00,2.5,2.8,,2.3,,67.0,3.8,9.6,210.0,40.0,1014.5,53.0,0.0,,100.0
2025-09-23 17:00:00,2.0,2.4,,1.8,,78.0,3.6,9.4,22.0,9.0,1014.2,39.0,0.0,,100.0
2025-09-23 18:00:00,1.9,2.1,3.9,1.8,1.8,74.0,6.1,9.4,18.0,19.0,1014.1,26.0,0.0,0.0,100.0
2025-09-23 19:00:00,1.7,2.1,,1.6,,76.0,6.7,9.3,32.0,31.0,1014.2,9.0,0.0,,100.0
2025-09-23 20:00:00,1.6,1.8,,1.5,,76.0,5.5,8.4,28.0,23.0,1014.7,0.0,0.0,,100.0
2025-09-23 21:00:00,1.5,1.7,,1.3,,77.0,3.8,6.4,12.0,28.0,1014.8,0.0,0.0,,100.0
2025-09-23 22:00:00,1.5,1.6,,1.4,,77.0,1.4,3.4,321.0,8.0,1014.5,0.0,0.0,,100.0
2025-09-23 23:00:00,1.3,1.6,,1.0,,82.0,0.9,3.8,201.0,184.0,1014.4,0.0,0.0,,100.0
2025-09-24 00:00:00,0.9,1.0,3.6,0.9,0.9,91.0,1.6,3.3,201.0,213.0,1014.1,0.0,0.0,0.0,100.0
2025-09-24 01:00:00,0.8,0.8,,0.7,,91.0,0.7,2.2,147.0,166.0,1013.9,0.0,0.0,,100.0
2025-09-24 02:00:00,0.5,0.7,,0.4,,94.0,0.3,1.5,240.0,171.0,1013.4,0.0,0.2,,100.0
2025-09-24 03:00:00,0.4,0.4,,0.3,,95.0,0.4,2.0,167.0,171.0,1013.1,0.0,0.0,,100.0
2025-09-24 04:00:00,0.2,0.3,,0.2,,96.0,0.9,2.6,61.0,149.0,1012.7,0.0,0.0,,100.0
2025-09-24 05:00:00,0.1,0.2,,0.1,,95.0,0.9,1.9,21.0,52.0,1012.4,0.0,0.0,,100.0
2025-09-24 06:00:00,0.1,0.2,2.1,0.0,0.0,92.0,0.6,1.2,288.0,7.0,1012.0,0.0,0.0,0.1,100.0
2025-09-24 07:00:00,0.1,0.1,,0.0,,94.0,0.0,0.4,0.0,0.0,1011.9,0.0,0.0,,100.0
2025-09-24 08:00:00,0.0,0.1,,-0.1,,95.0,0.7,2.1,150.0,329.0,1011.5,5.0,0.0,,100.0
2025-09-24 09:00:00,-0.1,0.0,,-0.2,,95.0,0.6,1.7,40.0,360.0,1011.2,35.0,0.0,,60.0
2025-09-24 10:00:00,0.6,1.3,,0.1,,89.0,0.4,1.8,143.0,127.0,1010.9,122.0,0.0,,0.0
2025-09-24 11:00:00,0.6,1.4,,0.2,,91.0,0.7,1.7,171.0,156.0,1010.4,186.0,0.0,,25.0
2025-09-24 12:00:00,1.1,1.7,1.7,0.8,-0.2,87.0,0.4,1.6,252.0,224.0,1010.0,265.0,0.0,0.1,0.0
2025-09-24 13:00:00,0.8,1.3,,0.5,,89.0,1.1,2.4,217.0,223.0,1009.7,288.0,0.0,,0.0
2025-09-24 14:00:00,1.1,1.6,,0.8,,88.0,1.0,2.4,229.0,239.0,1009.1,299.0,0.0,,0.0
2025-09-24 15:00:00,1.1,1.7,,0.6,,89.0,1.2,2.5,181.0,214.0,1008.6,236.0,0.0,,50.0
2025-09-24 16:00:00,1.1,1.5,,0.7,,87.0,1.1,2.1,166.0,170.0,1008.0,125.0,0.0,,100.0
2025-09-24 17:00:00,1.7,2.0,,1.4,,86.0,2.2,4.3,160.0,174.0,1007.6,142.0,0.0,,60.0
2025-09-24 18:00:00,1.3,1.5,2.0,1.2,-0.2,92.0,2.9,4.8,173.0,162.0,1007.4,51.0,0.0,0.1,100.0
2025-09-24 19:00:00,1.0,1.3,,0.8,,96.0,1.9,3.7,164.0,196.0,1006.8,14.0,0.0,,100.0
2025-09-24 20:00:00,0.9,1.0,,0.8,,97.0,1.0,2.2,147.0,156.0,1006.6,2.0,0.0,,100.0
2025-09-24 21:00:00,1.1,1.3,,1.0,,95.0,0.8,1.9,41.0,74.0,1006.0,0.0,0.0,,100.0
2025-09-24 22:00:00,1.1,1.4,,1.0,,96.0,1.4,3.6,196.0,172.0,1006.2,0.0,0.0,,100.0
2025-09-24 23:00:00,1.2,1.5,,1.0,,95.0,1.1,3.0,140.0,120.0,1005.6,0.0,0.0,,100.0
2025-09-25 00:00:00,1.5,2.3,2.3,1.1,0.5,92.0,1.3,3.0,18.0,75.0,1005.1,0.0,0.0,0.1,100.0
2025-09-25 01:00:00,2.1,2.6,,1.8,,86.0,1.4,2.5,151.0,62.0,1004.7,0.0,0.0,,100.0
2025-09-25 02:00:00,1.4,2.2,,0.9,,93.0,1.1,3.0,261.0,211.0,1004.3,0.0,0.0,,100.0
2025-09-25 03:00:00,0.8,1.0,,0.5,,98.0,0.6,2.1,249.0,244.0,1003.9,0.0,0.0,,100.0
2025-09-25 04:00:00,0.5,0.5,,0.4,,98.0,1.1,2.1,260.0,272.0,1003.3,0.0,0.0,,
2025-09-25 05:00:00,0.5,0.5,,0.4,,99.0,1.1,2.6,258.0,268.0,1003.0,0.0,0.0,,
2025-09-25 06:00:00,0.2,0.4,2.6,0.0,0.0,99.0,0.3,1.4,72.0,54.0,1002.7,0.0,0.0,0.0,
2025-09-25 07:00:00,-0.2,0.1,,-0.4,,99.0,0.8,1.6,11.0,58.0,1002.4,0.0,0.1,,
2025-09-25 08:00:00,-0.7,-0.4,,-0.9,,99.0,0.3,1.1,196.0,164.0,1002.2,3.0,0.0,,
2025-09-25 09:00:00,-1.0,-0.9,,-1.1,,99.0,0.7,1.9,37.0,312.0,1002.4,16.0,0.0,,
2025-09-25 10:00:00,-1.0,-0.9,,-1.1,,99.0,0.5,2.1,202.0,280.0,1001.9,52.0,0.0,,50.0
2025-09-25 11:00:00,-0.9,-0.5,,-1.0,,99.0,1.9,4.5,155.0,151.0,1002.2,62.0,0.0,,
2025-09-25 12:00:00,-0.4,0.6,2.6,-0.7,-1.1,99.0,1.0,2.8,50.0,307.0,1000.9,117.0,0.0,0.0,100.0
2025-09-25 13:00:00,1.1,2.8,,0.3,,98.0,1.4,4.1,197.0,176.0,1001.0,215.0,0.0,,60.0
2025-09-25 14:00:00,0.1,0.4,,-0.2,,98.0,2.6,5.2,220.0,192.0,1001.2,98.0,0.0,,100.0
2025-09-25 15:00:00,0.0,0.5,,-0.3,,98.0,1.5,3.6,145.0,182.0,1000.6,155.0,0.0,,100.0
2025-09-25 16:00:00,0.6,0.9,,0.4,,97.0,1.4,3.6,271.0,237.0,1000.1,135.0,0.0,,100.0
2025-09-25 17:00:00,0.8,0.8,,0.7,,98.0,2.2,3.8,244.0,250.0,999.6,42.0,0.1,,
2025-09-25 18:00:00,0.8,1.0,2.8,0.7,-1.1,99.0,1.5,3.2,189.0,248.0,999.3,17.0,0.7,0.8,100.0
2025-09-25 19:00:00,1.1,1.1,,1.0,,99.0,1.2,3.3,242.0,217.0,999.3,13.0,0.9,,
2025-09-25 20:00:00,1.1,1.1,,1.0,,99.0,1.4,3.6,138.0,101.0,999.7,1.0,0.5,,
2025-09-25 21:00:00,1.1,1.2,,0.9,,99.0,1.2,2.9,37.0,73.0,999.1,0.0,0.0,,
2025-09-25 22:00:00,0.7,0.9,,0.6,,99.0,1.6,3.0,141.0,137.0,999.9,0.0,0.0,,
2025-09-25 23:00:00,0.6,0.7,,0.5,,99.0,1.1,2.5,116.0,116.0,1000.3,0.0,0.0,,100.0
2025-09-26 00:00:00,0.3,0.5,2.8,0.2,-0.3,99.0,1.5,2.8,32.0,77.0,999.8,0.0,0.0,2.2,100.0
2025-09-26 01:00:00,0.1,0.3,,-0.2,,99.0,0.4,1.9,318.0,167.0,999.7,0.0,0.0,,
2025-09-26 02:00:00,-0.4,-0.1,,-0.6,,99.0,1.0,2.6,152.0,84.0,999.1,0.0,0.0,,
2025-09-26 03:00:00,-0.5,-0.2,,-0.8,,100.0,1.7,3.1,121.0,128.0,999.1,0.0,0.0,,
2025-09-26 04:00:00,-0.1,0.1,,-0.2,,100.0,1.8,3.8,64.0,91.0,998.9,0.0,0.0,,100.0
2025-09-26 05:00:00,0.3,0.5,,0.0,,99.0,1.4,3.2,192.0,109.0,998.4,0.0,0.0,,50.0
2025-09-26 06:00:00,0.1,0.3,1.2,-0.2,-0.8,99.0,0.3,1.5,174.0,161.0,997.6,0.0,0.0,2.2,10.0
2025-09-26 07:00:00,-0.3,-0.1,,-0.4,,99.0,0.7,2.0,304.0,173.0,997.3,0.0,0.0,,100.0
2025-09-26 08:00:00,0.1,0.3,,-0.3,,99.0,0.7,1.8,46.0,358.0,997.0,0.0,0.0,,
2025-09-26 09:00:00,0.8,2.1,,-0.1,,98.0,2.7,8.0,35.0,29.0,995.7,12.0,0.0,,100.0
2025-09-26 10:00:00,2.6,3.1,,2.1,,89.0,5.4,7.9,6.0,21.0,994.6,24.0,0.0,,100.0
2025-09-26 11:00:00,3.7,4.5,,2.9,,82.0,4.9,8.9,358.0,19.0,993.8,33.0,0.0,,100.0
2025-09-26 12:00:00,3.0,4.5,4.5,1.4,-0.8,85.0,3.3,10.9,76.0,59.0,992.8,44.0,0.0,2.1,100.0
2025-09-26 13:00:00,3.3,3.6,,3.1,,83.0,4.8,11.7,27.0,59.0,991.9,46.0,0.0,,100.0
2025-09-26 14:00:00,3.5,3.8,,3.2,,81.0,9.4,14.8,17.0,27.0,990.3,37.0,0.0,,100.0
2025-09-26 15:00:00,3.4,3.8,,3.0,,82.0,7.6,16.0,24.0,26.0,989.7,12.0,0.3,,100.0
2025-09-26 16:00:00,2.6,3.3,,1.7,,88.0,5.9,12.3,296.0,360.0,988.7,10.0,2.6,,100.0
2025-09-26 17:00:00,1.7,2.1,,1.3,,95.0,4.8,10.6,242.0,267.0,987.2,13.0,3.6,,100.0
2025-09-26 18:00:00,2.3,2.7,4.5,1.5,-0.4,89.0,3.8,9.7,6.0,314.0,986.8,0.0,4.5,12.4,100.0
2025-09-26 19:00:00,0.3,1.3,,-0.1,,97.0,3.8,9.7,286.0,289.0,986.5,0.0,4.9,,100.0
2025-09-26 20:00:00,2.0,2.8,,0.9,,90.0,4.7,10.6,296.0,325.0,986.3,0.0,1.8,,100.0
2025-09-26 21:00:00,1.8,2.3,,1.4,,93.0,3.7,6.6,231.0,246.0,986.4,0.0,1.2,,100.0
2025-09-26 22:00:00,1.4,1.6,,1.2,,96.0,1.2,3.3,154.0,225.0,986.6,0.0,1.0,,100.0
2025-09-26 23:00:00,1.3,1.5,,1.1,,95.0,1.1,3.2,98.0,136.0,986.8,0.0,0.7,,100.0
2025-09-27 00:00:00,1.2,1.4,3.8,1.0,-0.1,96.0,0.4,1.9,126.0,47.0,986.7,0.0,0.2,20.8,100.0
2025-09-27 01:00:00,1.3,1.6,,1.1,,97.0,0.8,2.8,153.0,67.0,987.2,0.0,0.1,,100.0
2025-09-27 02:00:00,1.6,1.9,,1.4,,95.0,0.7,1.6,187.0,87.0,987.4,0.0,0.1,,100.0
2025-09-27 03:00:00,1.9,2.1,,1.7,,91.0,0.9,2.2,151.0,133.0,987.9,0.0,0.1,,100.0
2025-09-27 04:00:00,1.4,1.9,,1.0,,93.0,1.6,4.1,30.0,126.0,988.8,0.0,1.3,,100.0
2025-09-27 05:00:00,1.1,1.3,,1.0,,94.0,0.4,1.4,150.0,47.0,989.6,0.0,0.3,,100.0
2025-09-27 06:00:00,1.2,1.5,2.8,0.9,-0.1,94.0,1.2,2.7,60.0,54.0,990.3,0.0,0.0,22.6,100.0
2025-09-27 07:00:00,1.5,1.6,,1.3,,92.0,1.1,2.2,44.0,55.0,991.0,0.0,0.0,,100.0
2025-09-27 08:00:00,1.9,2.1,,1.6,,89.0,1.0,2.9,66.0,100.0,992.4,0.0,0.0,,90.0
2025-09-27 09:00:00,1.5,1.7,,1.3,,91.0,2.5,5.1,96.0,106.0,993.9,18.0,0.0,,100.0
2025-09-27 10:00:00,1.6,1.9,,1.4,,92.0,2.2,4.8,112.0,78.0,995.1,54.0,0.0,,100.0
2025-09-27 11:00:00,2.0,2.2,,1.8,,91.0,1.1,2.6,72.0,79.0,996.2,97.0,0.0,,100.0
2025-09-27 12:00:00,2.6,3.0,3.0,2.1,0.9,89.0,1.1,2.4,152.0,56.0,997.0,156.0,0.0,22.6,100.0
2025-09-27 13:00:00,2.6,3.4,,2.1,,90.0,0.8,2.4,178.0,186.0,997.9,207.0,0.0,,10.0
2025-09-27 14:00:00,3.6,3.8,,3.4,,86.0,1.5,3.8,78.0,126.0,998.6,273.0,0.0,,0.0
2025-09-27 15:00:00,4.4,5.2,,3.8,,80.0,3.3,4.9,125.0,86.0,999.4,226.0,0.0,,0.0
2025-09-27 16:00:00,4.1,5.2,,3.1,,81.0,4.3,7.1,116.0,105.0,1000.0,169.0,0.0,,0.0
2025-09-27 17:00:00,2.8,3.4,,2.1,,87.0,4.7,8.6,88.0,103.0,1000.6,158.0,0.0,,60.0
2025-09-27 18:00:00,1.9,2.2,5.2,1.7,1.3,93.0,5.7,9.2,77.0,79.0,1001.2,74.0,0.0,11.6,100.0
2025-09-27 19:00:00,2.0,2.1,,2.0,,93.0,5.0,8.5,90.0,93.0,1001.8,15.0,0.0,,100.0
2025-09-27 20:00:00,2.0,2.1,,1.8,,91.0,5.1,8.3,71.0,94.0,1002.0,0.0,0.0,,100.0
2025-09-27 21:00:00,1.7,1.9,,1.5,,91.0,7.1,10.6,85.0,87.0,1002.1,0.0,0.0,,10.0
2025-09-27 22:00:00,1.8,1.9,,1.7,,90.0,8.2,12.1,94.0,95.0,1002.5,0.0,0.0,,0.0
2025-09-27 23:00:00,1.5,1.7,,1.3,,94.0,10.6,13.8,91.0,91.0,1003.1,0.0,0.0,,60.0
2025-09-28 00:00:00,1.6,2.1,5.2,1.3,1.3,96.0,6.2,11.1,123.0,100.0,1003.9,0.0,0.0,1.8,100.0
2025-09-28 01:00:00,2.1,2.3,,2.0,,94.0,3.8,6.7,104.0,114.0,1003.9,0.0,0.0,,50.0
2025-09-28 02:00:00,2.0,2.4,,1.8,,92.0,6.2,9.8,87.0,86.0,1004.2,0.0,0.0,,100.0
2025-09-28 03:00:00,1.8,2.1,,1.7,,93.0,6.6,10.0,86.0,89.0,1005.1,0.0,0.0,,0.0
2025-09-28 04:00:00,1.4,1.7,,1.3,,93.0,3.0,5.3,62.0,77.0,1005.6,0.0,0.0,,0.0
2025-09-28 05:00:00,1.2,1.7,,0.6,,91.0,1.1,2.7,243.0,39.0,1006.1,0.0,0.0,,0.0
2025-09-28 06:00:00,0.6,0.8,2.4,0.4,0.4,94.0,0.6,1.5,148.0,144.0,1006.6,0.0,0.0,0.0,0.0
2025-09-28 07:00:00,0.2,0.4,,0.0,,97.0,0.9,2.7,174.0,122.0,1007.3,0.0,0.0,,40.0
2025-09-28 08:00:00,-0.5,0.1,,-0.6,,98.0,0.6,2.6,0.0,238.0,1007.5,3.0,0.0,,
2025-09-28 09:00:00,-0.8,-0.6,,-1.0,,99.0,0.2,1.3,103.0,116.0,1007.9,23.0,0.0,,
2025-09-28 10:00:00,-1.3,-0.9,,-1.5,,99.0,0.5,1.6,150.0,63.0,1008.1,60.0,0.0,,
2025-09-28 11:00:00,-1.5,-1.2,,-1.7,,98.0,0.5,1.5,201.0,156.0,1008.2,127.0,0.0,,
2025-09-28 12:00:00,-1.4,-1.0,2.4,-1.7,-1.7,98.0,0.3,1.8,177.0,156.0,1008.2,159.0,0.0,0.0,
2025-09-28 13:00:00,-1.3,-0.9,,-1.6,,97.0,0.6,1.8,137.0,191.0,1008.1,215.0,0.0,,
2025-09-28 14:00:00,-0.6,0.1,,-1.5,,97.0,0.5,1.5,195.0,167.0,1008.0,226.0,0.0,,
2025-09-28 15:00:00,-0.3,-0.1,,-0.6,,96.0,1.0,2.5,163.0,154.0,1007.8,203.0,0.0,,0.0
2025-09-28 16:00:00,-0.3,-0.1,,-0.4,,95.0,1.2,2.2,172.0,168.0,1007.8,135.0,0.0,,25.0
2025-09-28 17:00:00,0.0,0.2,,-0.2,,96.0,1.1,2.5,153.0,168.0,1007.7,113.0,0.0,,
2025-09-28 18:00:00,-0.1,0.1,0.4,-0.2,-1.7,98.0,0.4,1.3,105.0,110.0,1007.3,58.0,0.0,0.0,60.0
2025-09-28 19:00:00,0.0,0.2,,-0.1,,98.0,0.6,1.6,194.0,159.0,1007.3,21.0,0.0,,50.0
2025-09-28 20:00:00,-0.2,0.1,,-0.3,,98.0,1.4,2.8,82.0,89.0,1006.9,0.0,0.0,,0.0
2025-09-28 21:00:00,0.3,0.8,,-0.3,,90.0,1.1,3.4,123.0,121.0,1006.8,0.0,0.0,,0.0
2025-09-28 22:00:00,-0.3,-0.1,,-0.6,,88.0,1.0,2.9,17.0,35.0,1006.2,0.0,0.0,,0.0
2025-09-28 23:00:00,-0.4,-0.3,,-0.6,,84.0,0.7,1.9,255.0,326.0,1005.8,0.0,0.0,,0.0
2025-09-29 00:00:00,-1.1,-0.5,0.8,-1.9,-1.9,92.0,0.6,1.9,33.0,147.0,1005.6,0.0,0.0,0.0,40.0
2025-09-29 01:00:00,-1.4,-0.9,,-1.9,,93.0,0.6,1.9,20.0,24.0,1004.9,0.0,0.0,,0.0
2025-09-29 02:00:00,-1.1,-0.8,,-1.6,,88.0,0.7,1.6,338.0,126.0,1004.6,0.0,0.0,,0.0
2025-09-29 03:00:00,-1.4,-0.7,,-2.0,,90.0,0.7,2.6,64.0,93.0,1004.3,0.0,0.0,,50.0
2025-09-29 04:00:00,-0.8,-0.4,,-1.3,,83.0,0.9,2.6,147.0,81.0,1004.4,0.0,0.0,,10.0
2025-09-29 05:00:00,-1.0,-0.7,,-1.5,,87.0,0.9,2.5,26.0,29.0,1004.4,0.0,0.0,,0.0
2025-09-29 06:00:00,-0.9,-0.6,0.8,-1.2,-2.0,78.0,0.6,1.8,47.0,65.0,1004.6,0.0,0.0,0.0,0.0
2025-09-29 07:00:00,-0.6,0.0,,-0.9,,78.0,0.8,2.0,146.0,151.0,1005.1,0.0,0.0,,0.0
2025-09-29 08:00:00,-0.8,-0.5,,-1.1,,80.0,0.4,1.7,55.0,55.0,1005.6,4.0,0.0,,0.0
2025-09-29 09:00:00,-0.8,-0.1,,-1.7,,73.0,2.2,4.2,169.0,29.0,1006.3,23.0,0.0,,0.0
2025-09-29 10:00:00,0.1,1.1,,-0.6,,75.0,0.5,1.6,342.0,298.0,1007.1,94.0,0.0,,0.0
2025-09-29 11:00:00,0.5,1.3,,-0.2,,73.0,0.6,2.0,151.0,203.0,1007.8,123.0,0.0,,10.0
2025-09-29 12:00:00,1.0,1.7,1.7,0.2,-2.0,71.0,0.7,2.6,62.0,111.0,1008.2,133.0,0.0,0.0,50.0
2025-09-29 13:00:00,1.4,1.9,,0.9,,71.0,2.1,3.9,87.0,91.0,1008.6,175.0,0.0,,40.0
2025-09-29 14:00:00,1.9,2.3,,1.4,,66.0,3.3,4.4,70.0,97.0,1009.0,138.0,0.0,,10.0
2025-09-29 15:00:00,1.7,2.0,,1.4,,66.0,5.5,12.9,58.0,59.0,1009.1,136.0,0.0,,90.0
2025-09-29 16:00:00,1.9,2.1,,1.8,,63.0,10.2,15.9,57.0,55.0,1008.7,141.0,0.0,,100.0
2025-09-29 17:00:00,1.8,2.0,,1.6,,62.0,12.1,17.6,39.0,41.0,1009.1,103.0,0.0,,90.0
2025-09-29 18:00:00,1.8,2.1,2.3,1.7,-1.7,55.0,11.3,17.9,54.0,51.0,1009.8,64.0,0.0,0.0,0.0
2025-09-29 19:00:00,1.9,2.3,,1.7,,49.0,10.7,18.6,54.0,53.0,1009.7,12.0,0.0,,40.0
2025-09-29 20:00:00,1.9,2.5,,1.7,,43.0,11.4,19.3,38.0,49.0,1010.4,0.0,0.0,,100.0
2025-09-29 21:00:00,1.9,2.2,,1.6,,45.0,11.3,19.8,40.0,43.0,1009.8,0.0,0.0,,100.0
2025-09-29 22:00:00,1.7,1.9,,1.5,,48.0,14.1,24.0,43.0,42.0,1008.8,0.0,0.0,,100.0
2025-09-29 23:00:00,1.9,2.6,,1.6,,45.0,14.6,26.0,44.0,46.0,1009.6,0.0,0.0,,100.0
2025-09-30 00:00:00,1.4,2.0,2.6,0.9,0.9,49.0,10.6,20.0,26.0,37.0,1009.8,0.0,0.0,0.0,100.0
2025-09-30 01:00:00,0.5,0.9,,0.0,,62.0,11.9,19.9,29.0,35.0,1009.1,0.0,0.0,,100.0
2025-09-30 02:00:00,-0.2,0.1,,-0.5,,74.0,9.8,18.7,349.0,5.0,1009.2,0.0,0.0,,100.0
2025-09-30 03:00:00,-0.6,-0.3,,-0.9,,81.0,8.8,18.9,332.0,341.0,1008.6,0.0,0.0,,
2025-09-30 05:00:00,-1.1,-0.5,,-1.4,,94.0,2.2,8.1,214.0,271.0,1008.3,0.0,1.0,,
2025-09-30 06:00:00,-1.4,-1.3,2.6,-1.5,-1.5,98.0,1.8,6.9,140.0,194.0,1008.2,0.0,0.9,1.9,
2025-09-30 07:00:00,-1.4,-1.3,,-1.6,,97.0,3.2,7.1,315.0,198.0,1008.0,0.0,0.6,,100.0
2025-09-30 08:00:00,-1.0,-0.4,,-1.6,,82.0,7.1,15.9,345.0,355.0,1007.4,0.0,0.0,,100.0
2025-09-30 09:00:00,-0.8,-0.4,,-1.0,,80.0,7.3,16.0,360.0,5.0,1007.3,6.0,0.0,,100.0
2025-09-30 10:00:00,-0.8,-0.3,,-1.2,,80.0,11.2,20.4,351.0,356.0,1006.1,24.0,0.0,,100.0
2025-09-30 11:00:00,-0.6,-0.3,,-0.9,,77.0,10.6,20.9,337.0,342.0,1004.3,49.0,0.0,,100.0
2025-09-30 12:00:00,-0.7,-0.5,0.9,-0.8,-1.6,78.0,10.5,21.1,1.0,353.0,1004.6,60.0,0.0,2.4,100.0
2025-09-30 13:00:00,-0.7,-0.4,,-0.9,,80.0,9.4,17.8,356.0,356.0,1005.3,48.0,0.0,,100.0
2025-09-30 14:00:00,-1.0,-0.8,,-1.3,,84.0,7.9,13.9,360.0,18.0,1005.3,42.0,0.6,,
2025-09-30 15:00:00,-1.4,-1.2,,-1.5,,95.0,1.4,6.7,197.0,301.0,1005.5,45.0,1.2,,
2025-09-30 16:00:00,-1.3,-1.0,,-1.4,,97.0,0.5,1.7,0.0,157.0,1005.0,89.0,0.7,,100.0
2025-09-30 17:00:00,-1.3,-1.0,,-1.5,,96.0,0.3,1.3,310.0,252.0,1004.8,71.0,0.2,,100.0
2025-09-30 18:00:00,-1.4,-1.4,-0.3,-1.5,-1.6,95.0,0.6,1.8,241.0,81.0,1004.7,32.0,0.1,5.3,100.0
2025-09-30 19:00:00,-1.1,-0.4,,-1.5,,88.0,0.8,2.0,287.0,245.0,1004.7,7.0,0.0,,100.0
2025-09-30 20:00:00,-0.6,-0.1,,-0.8,,78.0,1.8,3.4,286.0,311.0,1005.2,0.0,0.0,,100.0
2025-09-30 21:00:00,-0.3,-0.1,,-0.6,,73.0,0.7,3.1,125.0,351.0,1005.1,0.0,0.0,,100.0
2025-09-30 22:00:00,-0.2,0.1,,-0.5,,72.0,1.9,5.4,58.0,62.0,1005.2,0.0,0.0,,100.0
2025-09-30 23:00:00,-0.3,0.0,,-0.6,,73.0,3.2,5.1,346.0,20.0,1005.4,0.0,0.0,,100.0
2025-10-01 00:00:00,-0.3,-0.1,0.1,-0.5,-1.5,73.0,4.1,7.4,29.0,43.0,1005.5,0.0,0.0,5.3,100.0
2025-10-01 01:00:00,-0.4,0.0,,-0.6,,72.0,4.3,6.9,29.0,27.0,1005.2,0.0,0.0,,100.0
2025-10-01 02:00:00,-0.6,-0.4,,-1.0,,76.0,3.6,5.5,328.0,9.0,1004.9,0.0,0.0,,100.0
2025-10-01 03:00:00,-1.3,-0.8,,-1.6,,83.0,2.8,6.4,339.0,333.0,1004.3,0.0,0.0,,100.0
2025-10-01 04:00:00,-0.9,-0.6,,-1.3,,81.0,2.3,4.7,327.0,325.0,1004.2,0.0,0.0,,100.0
2025-10-01 05:00:00,-0.8,-0.5,,-1.4,,81.0,4.0,6.8,328.0,7.0,1003.9,0.0,0.0,,100.0
2025-10-01 06:00:00,-1.6,-1.4,0.1,-1.8,-1.8,93.0,3.0,4.2,328.0,328.0,1003.6,0.0,0.2,3.5,100.0
2025-10-01 07:00:00,-1.7,-1.3,,-1.8,,91.0,2.4,5.8,293.0,313.0,1003.2,0.0,0.2,,100.0
2025-10-01 08:00:00,-1.8,-1.8,,-1.9,,95.0,1.6,2.8,279.0,295.0,1002.7,0.0,0.2,,100.0
2025-10-01 09:00:00,-1.8,-1.7,,-1.9,,97.0,2.2,4.3,293.0,286.0,1002.1,8.0,0.4,,100.0
2025-10-01 10:00:00,-1.3,-0.7,,-1.7,,95.0,2.7,8.5,12.0,340.0,1001.5,26.0,0.5,,100.0
2025-10-01 11:00:00,-1.1,-0.6,,-1.4,,93.0,2.4,7.5,319.0,331.0,1000.6,47.0,0.7,,100.0
2025-10-01 12:00:00,-1.0,-0.7,0.0,-1.3,-1.9,92.0,3.0,10.3,333.0,336.0,999.9,49.0,0.4,5.2,100.0
2025-10-01 13:00:00,-1.2,-0.7,,-1.3,,95.0,2.0,7.7,249.0,251.0,999.2,41.0,1.5,,100.0
2025-10-01 14:00:00,-1.0,-0.7,,-1.4,,91.0,3.6,13.0,296.0,341.0,998.0,46.0,0.4,,100.0
2025-10-01 15:00:00,-0.7,-0.4,,-1.3,,86.0,6.2,11.4,24.0,16.0,996.6,41.0,0.2,,100.0
2025-10-01 16:00:00,-0.7,-0.5,,-0.9,,87.0,2.7,9.8,195.0,335.0,995.6,31.0,0.4,,100.0
2025-10-01 17:00:00,-1.1,-0.6,,-1.3,,94.0,2.8,4.7,166.0,182.0,994.9,17.0,0.5,,
2025-10-01 18:00:00,-1.4,-1.3,-0.4,-1.4,-1.9,98.0,1.8,3.4,177.0,155.0,994.1,11.0,1.1,6.4,100.0
2025-10-01 19:00:00,-1.3,-1.2,,-1.4,,99.0,1.4,2.4,141.0,188.0,993.4,3.0,0.8,,
2025-10-01 20:00:00,-1.3,-1.3,,-1.3,,99.0,1.3,2.3,206.0,174.0,992.6,0.0,0.6,,100.0
2025-10-01 21:00:00,-1.4,-1.3,,-1.5,,99.0,0.8,2.4,167.0,84.0,991.9,0.0,0.2,,100.0
2025-10-01 22:00:00,-0.6,0.3,,-1.5,,86.0,5.7,14.6,329.0,332.0,990.9,0.0,0.1,,100.0
2025-10-01 23:00:00,0.2,0.5,,0.0,,74.0,9.2,16.8,328.0,334.0,990.4,0.0,0.0,,100.0
2025-10-02 00:00:00,0.4,0.5,0.5,0.2,-1.5,75.0,8.6,15.8,333.0,331.0,990.2,0.0,0.0,7.9,100.0
2025-10-02 01:00:00,0.5,0.6,,0.4,,73.0,6.6,14.1,360.0,343.0,990.8,0.0,0.0,,100.0
2025-10-02 02:00:00,0.6,0.8,,0.4,,71.0,4.8,12.4,321.0,338.0,990.3,0.0,0.0,,100.0
2025-10-02 03:00:00,0.7,1.0,,0.4,,73.0,6.2,12.9,302.0,300.0,990.4,0.0,0.0,,100.0
2025-10-02 04:00:00,1.0,1.2,,0.8,,72.0,6.3,11.7,297.0,301.0,990.3,0.0,0.0,,100.0
2025-10-02 05:00:00,1.1,1.3,,0.8,,74.0,5.3,9.1,297.0,295.0,990.7,0.0,0.0,,100.0
2025-10-02 06:00:00,1.5,1.9,1.9,1.2,-1.5,72.0,5.4,7.8,299.0,296.0,990.8,0.0,0.0,7.8,100.0
2025-10-02 07:00:00,2.4,2.6,,1.6,,67.0,3.6,10.7,24.0,336.0,991.0,0.0,0.0,,100.0
2025-10-02 08:00:00,2.7,2.8,,2.5,,66.0,3.3,9.6,328.0,346.0,991.4,1.0,0.0,,90.0
2025-10-02 09:00:00,2.7,3.1,,1.5,,68.0,3.5,6.1,276.0,320.0,991.9,15.0,0.0,,100.0
2025-10-02 10:00:00,0.6,1.3,,0.4,,88.0,2.4,7.2,206.0,217.0,992.4,47.0,0.0,,100.0
2025-10-02 11:00:00,0.5,0.9,,0.1,,86.0,1.3,3.3,58.0,59.0,992.8,128.0,0.0,,100.0
2025-10-02 12:00:00,0.8,1.2,3.1,0.6,0.1,83.0,2.2,4.2,50.0,39.0,992.8,220.0,0.0,5.6,100.0
2025-10-02 13:00:00,1.7,2.4,,1.1,,75.0,2.6,4.4,58.0,39.0,992.7,294.0,0.0,,0.0
2025-10-02 14:00:00,2.9,3.4,,2.3,,67.0,3.4,7.2,132.0,109.0,992.3,326.0,0.0,,0.0
2025-10-02 15:00:00,1.9,2.4,,1.7,,80.0,6.4,10.0,101.0,104.0,991.9,257.0,0.0,,40.0
2025-10-02 16:00:00,1.7,1.8,,1.6,,82.0,4.7,10.7,112.0,103.0,991.8,217.0,0.0,,0.0
2025-10-02 17:00:00,1.6,1.9,,1.4,,82.0,4.7,9.6,174.0,159.0,991.5,129.0,0.0,,10.0
2025-10-02 18:00:00,1.4,1.6,3.4,1.3,0.1,83.0,6.9,11.9,190.0,182.0,991.6,65.0,0.0,1.5,0.0
2025-10-02 19:00:00,1.2,1.4,,1.0,,83.0,7.5,11.9,169.0,180.0,992.2,11.0,0.0,,0.0
2025-10-02 20:00:00,0.9,1.1,,0.6,,85.0,7.7,13.2,170.0,173.0,992.3,0.0,0.0,,0.0
2025-10-02 21:00:00,0.6,0.6,,0.5,,90.0,9.8,15.7,168.0,165.0,992.1,0.0,0.0,,25.0
2025-10-02 22:00:00,0.3,0.6,,0.0,,92.0,9.8,14.1,142.0,157.0,992.1,0.0,0.0,,0.0
2025-10-02 23:00:00,-0.1,0.0,,-0.3,,95.0,6.4,9.9,146.0,147.0,992.3,0.0,0.0,,0.0
2025-10-03 00:00:00,0.0,0.2,3.4,-0.2,-0.3,94.0,4.1,8.9,94.0,130.0,992.4,0.0,0.0,0.0,100.0
2025-10-03 01:00:00,0.2,0.2,,0.1,,95.0,2.5,6.2,108.0,102.0,992.3,0.0,0.0,,100.0
2025-10-03 02:00:00,0.0,0.2,,-0.3,,96.0,3.6,6.3,87.0,84.0,992.2,0.0,0.0,,60.0
2025-10-03 03:00:00,0.2,0.3,,0.1,,97.0,4.7,6.9,100.0,89.0,991.9,0.0,0.0,,100.0
2025-10-03 04:00:00,0.2,0.3,,0.0,,98.0,6.2,8.6,88.0,94.0,991.7,0.0,0.0,,
2025-10-03 05:00:00,-0.3,0.0,,-0.8,,99.0,2.8,6.5,58.0,86.0,991.7,0.0,0.0,,100.0
2025-10-03 06:00:00,-0.8,-0.2,1.4,-1.8,-1.7,98.0,0.9,3.4,26.0,49.0,992.0,0.0,0.0,0.0,0.0
2025-10-03 07:00:00,-1.6,-1.1,,-2.1,,93.0,2.8,4.2,23.0,20.0,992.1,0.0,0.0,,0.0
2025-10-03 08:00:00,-1.3,-1.0,,-1.8,,93.0,1.1,2.7,96.0,67.0,992.9,1.0,0.0,,0.0
2025-10-03 09:00:00,-1.4,-1.1,,-1.9,,95.0,0.6,2.0,78.0,129.0,993.4,17.0,0.0,,100.0
2025-10-03 10:00:00,-1.9,-1.6,,-2.1,,97.0,0.9,2.0,321.0,52.0,993.5,61.0,0.0,,
2025-10-03 11:00:00,-1.9,-1.7,,-2.2,,96.0,1.8,3.2,28.0,53.0,993.6,147.0,0.0,,10.0
2025-10-03 12:00:00,-1.4,-0.6,0.3,-2.2,-2.2,89.0,1.1,2.6,311.0,45.0,993.4,205.0,0.0,0.0,0.0
2025-10-03 13:00:00,-0.8,-0.4,,-1.1,,89.0,0.5,1.2,32.0,212.0,993.4,237.0,0.0,,0.0
2025-10-03 14:00:00,-0.2,0.6,,-0.8,,86.0,0.6,1.6,143.0,112.0,993.5,245.0,0.0,,0.0
2025-10-03 15:00:00,0.3,1.4,,-0.4,,79.0,0.9,2.8,208.0,170.0,993.6,210.0,0.0,,0.0
2025-10-03 16:00:00,0.3,1.0,,-0.3,,80.0,1.7,3.4,150.0,146.0,993.7,188.0,0.0,,0.0
2025-10-03 17:00:00,0.1,0.7,,-0.4,,78.0,1.1,2.8,69.0,89.0,993.7,127.0,0.0,,0.0
2025-10-03 18:00:00,-0.3,0.3,1.4,-0.9,-2.2,85.0,1.2,2.3,72.0,120.0,994.3,59.0,0.0,0.0,0.0
2025-10-03 19:00:00,-0.4,0.4,,-1.2,,80.0,1.5,2.9,55.0,44.0,994.7,10.0,0.0,,0.0
2025-10-03 20:00:00,-1.1,-0.6,,-1.6,,80.0,2.1,3.7,27.0,55.0,995.0,0.0,0.0,,0.0
2025-10-03 21:00:00,-0.5,-0.1,,-1.0,,73.0,1.1,3.4,36.0,18.0,995.2,0.0,0.0,,0.0
2025-10-03 22:00:00,-0.6,0.3,,-1.5,,77.0,0.8,2.4,54.0,48.0,995.5,0.0,0.0,,0.0
2025-10-03 23:00:00,-1.4,-0.5,,-2.5,,81.0,0.8,2.5,59.0,72.0,995.6,0.0,0.0,,0.0
2025-10-04 00:00:00,-1.5,-0.4,1.4,-2.4,-2.5,81.0,1.0,2.6,94.0,113.0,995.5,0.0,0.0,0.0,0.0
2025-10-04 01:00:00,-2.2,-1.9,,-2.6,,85.0,1.2,2.7,53.0,70.0,995.6,0.0,0.0,,0.0
2025-10-04 02:00:00,-2.4,-1.6,,-3.1,,81.0,1.5,2.8,21.0,45.0,995.4,0.0,0.0,,0.0
2025-10-04 03:00:00,-1.7,-1.3,,-2.1,,69.0,1.2,3.7,51.0,11.0,995.3,0.0,0.0,,0.0
2025-10-04 04:00:00,-2.6,-1.9,,-2.9,,67.0,2.6,4.5,24.0,29.0,995.4,0.0,0.0,,0.0
2025-10-04 05:00:00,-2.1,-1.1,,-3.0,,65.0,2.3,5.0,28.0,32.0,995.6,0.0,0.0,,0.0
2025-10-04 06:00:00,-2.2,-1.4,0.4,-3.0,-3.1,65.0,1.8,3.9,34.0,41.0,996.0,0.0,0.0,0.0,0.0
2025-10-04 07:00:00,-2.8,-2.0,,-3.6,,68.0,2.3,4.4,66.0,47.0,995.8,0.0,0.0,,0.0
2025-10-04 08:00:00,-2.9,-1.4,,-3.7,,77.0,3.8,6.7,28.0,71.0,996.2,0.0,0.0,,0.0
2025-10-04 09:00:00,-2.3,-1.5,,-2.7,,74.0,2.3,4.6,57.0,38.0,996.1,12.0,0.0,,0.0
2025-10-04 10:00:00,-2.3,-1.2,,-3.2,,75.0,2.4,4.7,50.0,63.0,996.2,63.0,0.0,,0.0
2025-10-04 11:00:00,-1.6,-0.5,,-2.4,,72.0,3.3,6.2,104.0,86.0,996.3,151.0,0.0,,0.0
2025-10-04 12:00:00,-1.0,-0.5,-0.5,-1.4,-3.7,76.0,4.6,6.0,105.0,90.0,996.5,203.0,0.0,0.0,0.0
2025-10-04 13:00:00,-0.8,-0.3,,-1.1,,76.0,2.2,4.8,72.0,76.0,996.4,235.0,0.0,,0.0
2025-10-04 14:00:00,-0.7,-0.2,,-1.1,,76.0,2.2,3.9,78.0,73.0,996.2,244.0,0.0,,0.0
2025-10-04 15:00:00,0.0,0.5,,-0.5,,73.0,0.4,1.6,125.0,81.0,996.2,207.0,0.0,,0.0
2025-10-04 16:00:00,-0.8,0.0,,-0.9,,69.0,0.8,1.9,26.0,34.0,995.8,186.0,0.0,,0.0
2025-10-04 17:00:00,-1.3,-1.0,,-1.7,,69.0,1.9,3.3,23.0,24.0,995.7,127.0,0.0,,0.0
2025-10-04 18:00:00,-1.7,-0.9,0.5,-2.4,-3.7,69.0,2.1,3.6,29.0,29.0,995.8,51.0,0.0,0.0,0.0
2025-10-04 19:00:00,-2.6,-2.3,,-3.0,,69.0,2.8,4.4,21.0,21.0,995.8,4.0,0.0,,0.0
2025-10-04 20:00:00,-3.2,-2.7,,-3.4,,69.0,2.7,4.1,23.0,25.0,995.6,0.0,0.0,,0.0
2025-10-04 21:00:00,-3.1,-2.6,,-3.4,,68.0,3.2,4.4,24.0,22.0,995.4,0.0,0.0,,10.0
2025-10-04 22:00:00,-3.0,-2.6,,-3.4,,67.0,2.9,4.5,20.0,22.0,995.3,0.0,0.0,,25.0
2025-10-04 23:00:00,-3.1,-2.7,,-3.4,,69.0,2.9,4.2,24.0,22.0,995.1,0.0,0.0,,60.0
2025-10-05 00:00:00,-3.5,-3.1,0.5,-3.9,-3.9,70.0,3.2,4.6,23.0,23.0,995.1,0.0,0.0,0.0,0.0
2025-10-05 01:00:00,-4.0,-3.7,,-4.2,,74.0,3.4,4.7,21.0,21.0,995.0,0.0,0.0,,0.0
2025-10-05 02:00:00,-4.0,-3.8,,-4.2,,76.0,3.9,5.3,19.0,21.0,995.0,0.0,0.0,,0.0
2025-10-05 03:00:00,-4.1,-3.8,,-4.2,,75.0,4.2,5.6,19.0,22.0,994.7,0.0,0.0,,
2025-10-05 04:00:00,-4.0,-3.8,,-4.3,,79.0,4.6,5.9,21.0,23.0,994.5,0.0,0.0,,0.0
2025-10-05 05:00:00,-3.6,-3.1,,-3.9,,80.0,4.0,5.8,26.0,23.0,994.3,0.0,0.0,,0.0
2025-10-05 06:00:00,-3.1,-1.9,-1.9,-3.9,-4.3,70.0,2.9,5.3,59.0,29.0,994.2,0.0,0.0,0.0,0.0
2025-10-05 07:00:00,-2.3,-1.3,,-3.6,,56.0,3.0,6.3,334.0,34.0,994.2,0.0,0.0,,90.0
2025-10-05 08:00:00,-2.3,-1.7,,-2.8,,71.0,0.9,2.7,27.0,301.0,994.4,0.0,0.0,,100.0
2025-10-05 09:00:00,-2.3,-1.9,,-2.8,,66.0,1.0,4.4,360.0,24.0,994.3,11.0,0.0,,100.0
2025-10-05 10:00:00,-1.8,-1.2,,-2.4,,60.0,3.3,5.3,32.0,26.0,994.3,44.0,0.0,,100.0
2025-10-05 11:00:00,-1.4,-1.0,,-2.0,,62.0,4.1,8.4,28.0,27.0,993.9,85.0,0.0,,100.0
2025-10-05 12:00:00,-1.1,-0.9,-0.9,-1.4,-4.3,66.0,6.2,10.6,23.0,24.0,994.0,89.0,0.0,0.0,100.0
2025-10-05 13:00:00,-0.8,-0.5,,-0.9,,62.0,4.7,7.8,62.0,35.0,994.4,140.0,0.0,,100.0
2025-10-05 14:00:00,-0.9,-0.6,,-1.1,,63.0,5.2,8.1,25.0,30.0,994.3,118.0,0.0,,100.0
2025-10-05 15:00:00,-1.0,-0.8,,-1.2,,63.0,3.8,7.3,28.0,29.0,993.7,88.0,0.0,,100.0
2025-10-05 16:00:00,-0.7,-0.5,,-0.9,,59.0,4.2,6.4,14.0,24.0,993.7,65.0,0.0,,100.0
2025-10-05 17:00:00,-0.5,-0.3,,-0.8,,60.0,1.9,4.1,327.0,328.0,993.1,55.0,0.0,,100.0
2025-10-05 18:00:00,-0.8,-0.6,-0.3,-0.9,-3.6,68.0,2.5,4.3,243.0,259.0,992.9,23.0,0.0,0.0,100.0
2025-10-05 19:00:00,-0.7,-0.5,,-0.8,,66.0,1.5,2.9,207.0,228.0,992.8,1.0,0.0,,100.0
2025-10-05 20:00:00,-0.8,-0.4,,-1.0,,65.0,0.7,2.0,68.0,77.0,992.0,0.0,0.0,,100.0
2025-10-05 21:00:00,-1.1,-0.7,,-1.5,,70.0,1.6,5.2,45.0,33.0,991.9,0.0,0.0,,100.0
2025-10-05 22:00:00,-0.6,-0.4,,-1.2,,59.0,4.3,10.7,320.0,325.0,991.1,0.0,0.0,,100.0
2025-10-05 23:00:00,-0.5,-0.4,,-0.7,,57.0,5.6,13.3,352.0,338.0,990.8,0.0,0.0,,100.0
2025-10-06 00:00:00,-0.7,-0.5,-0.3,-0.9,-1.5,62.0,6.4,16.0,314.0,312.0,990.3,0.0,0.0,0.0,100.0
2025-10-06 01:00:00,-1.0,-0.8,,-1.2,,68.0,6.6,13.5,315.0,314.0,989.6,0.0,0.0,,100.0
2025-10-06 02:00:00,-1.4,-1.2,,-1.6,,76.0,5.9,13.2,315.0,314.0,988.6,0.0,0.0,,100.0
2025-10-06 03:00:00,-2.0,-1.5,,-2.2,,87.0,6.1,10.0,307.0,310.0,987.7,0.0,0.0,,100.0
2025-10-06 04:00:00,-1.8,-1.6,,-2.2,,86.0,6.7,10.0,295.0,297.0,986.7,0.0,0.0,,100.0
2025-10-06 05:00:00,-1.9,-1.8,,-1.9,,89.0,6.7,10.6,297.0,296.0,985.8,0.0,0.0,,100.0
2025-10-06 06:00:00,-1.5,-1.2,-0.4,-1.8,-2.2,88.0,8.4,12.5,295.0,298.0,985.0,0.0,0.0,0.0,100.0
2025-10-06 07:00:00,-1.3,-1.1,,-1.6,,89.0,7.3,10.4,300.0,303.0,984.8,0.0,0.0,,100.0
2025-10-06 08:00:00,-1.2,-1.1,,-1.3,,91.0,7.3,11.3,306.0,304.0,984.2,0.0,0.0,,100.0
2025-10-06 09:00:00,-1.2,-1.1,,-1.3,,92.0,3.7,8.0,14.0,323.0,983.5,6.0,0.1,,100.0
2025-10-06 10:00:00,-1.6,-1.4,,-1.6,,96.0,1.3,2.4,57.0,42.0,983.2,15.0,0.9,,
2025-10-06 11:00:00,-1.5,-1.4,,-1.6,,97.0,0.9,1.7,54.0,58.0,982.6,41.0,0.8,,100.0
2025-10-06 12:00:00,-1.4,-1.2,-0.8,-1.5,-2.2,95.0,0.9,2.4,46.0,79.0,982.7,52.0,0.1,1.9,100.0
2025-10-06 13:00:00,-1.3,-1.0,,-1.4,,94.0,0.9,3.0,284.0,59.0,982.7,57.0,0.1,,100.0
2025-10-06 14:00:00,-1.2,-1.0,,-1.3,,94.0,1.5,4.5,103.0,265.0,982.8,54.0,0.1,,100.0
2025-10-06 15:00:00,-0.6,-0.2,,-1.0,,90.0,2.4,6.7,358.0,307.0,982.8,70.0,0.0,,100.0
2025-10-06 16:00:00,-0.4,-0.1,,-0.6,,79.0,5.8,10.5,18.0,17.0,982.8,53.0,0.0,,100.0
2025-10-06 17:00:00,-0.6,-0.3,,-0.9,,79.0,6.6,10.7,25.0,26.0,983.0,32.0,0.0,,100.0
2025-10-06 18:00:00,-0.9,-0.7,-0.1,-1.0,-1.6,82.0,5.2,8.1,25.0,21.0,983.5,12.0,0.0,2.0,100.0
2025-10-06 19:00:00,-0.8,-0.6,,-1.1,,82.0,4.7,8.8,357.0,7.0,984.1,1.0,0.0,,100.0
2025-10-06 20:00:00,-1.5,-1.2,,-1.5,,96.0,2.9,5.1,253.0,291.0,984.2,0.0,0.5,,100.0
2025-10-06 21:00:00,-1.3,-1.1,,-1.5,,95.0,2.8,8.2,252.0,252.0,984.4,0.0,0.2,,100.0
2025-10-06 22:00:00,-1.0,-0.8,,-1.1,,92.0,2.0,5.5,201.0,232.0,984.6,0.0,0.2,,100.0
2025-10-06 23:00:00,-1.0,-0.6,,-1.2,,87.0,3.1,15.5,22.0,2.0,984.6,0.0,0.1,,100.0
2025-10-07 00:00:00,-0.8,-0.6,-0.1,-1.1,-1.5,81.0,12.0,21.3,27.0,21.0,984.4,0.0,0.0,3.0,100.0
2025-10-07 01:00:00,-0.7,-0.1,,-1.0,,81.0,13.8,21.3,26.0,26.0,985.0,0.0,0.0,,100.0
2025-10-07 02:00:00,-0.5,-0.2,,-0.7,,80.0,14.2,23.1,26.0,25.0,985.2,0.0,0.0,,100.0
2025-10-07 03:00:00,-0.8,-0.6,,-0.9,,85.0,9.5,17.6,25.0,26.0,986.4,0.0,0.0,,100.0
2025-10-07 04:00:00,-1.1,-0.8,,-1.4,,90.0,1.8,8.1,25.0,33.0,986.7,0.0,0.4,,100.0
2025-10-07 05:00:00,-1.5,-1.3,,-1.6,,95.0,1.5,3.0,40.0,43.0,987.2,0.0,0.5,,100.0
2025-10-07 06:00:00,-1.6,-1.5,-0.1,-1.6,-1.6,95.0,1.9,3.6,26.0,28.0,987.3,0.0,0.3,4.3,100.0
2025-10-07 07:00:00,-1.6,-1.4,,-1.7,,95.0,2.7,4.3,8.0,33.0,987.4,0.0,0.2,,100.0
2025-10-07 08:00:00,-1.5,-1.3,,-1.6,,91.0,1.9,4.0,32.0,8.0,987.7,0.0,0.1,,100.0
2025-10-07 09:00:00,-1.5,-1.3,,-1.6,,92.0,0.7,2.7,0.0,2.0,987.9,4.0,0.2,,100.0
2025-10-07 10:00:00,-1.7,-1.6,,-1.7,,96.0,0.3,1.0,0.0,290.0,988.1,15.0,1.0,,100.0
2025-10-07 11:00:00,-1.5,-1.4,,-1.7,,97.0,0.0,0.6,30.0,0.0,988.1,30.0,0.5,,100.0
2025-10-07 12:00:00,-1.4,-1.3,-0.1,-1.4,-1.7,97.0,0.9,2.0,148.0,145.0,988.1,58.0,0.4,4.7,100.0
2025-10-07 13:00:00,-1.0,-0.9,,-1.3,,98.0,1.2,2.2,106.0,140.0,987.9,70.0,0.2,,100.0
2025-10-07 14:00:00,-1.0,-0.8,,-1.1,,97.0,1.3,3.2,91.0,100.0,987.8,76.0,0.1,,100.0
2025-10-07 15:00:00,-0.9,-0.6,,-1.1,,95.0,0.8,3.6,214.0,71.0,987.6,154.0,0.0,,100.0
2025-10-07 16:00:00,-0.9,-0.6,,-1.2,,95.0,0.8,2.3,42.0,339.0,987.4,129.0,0.0,,100.0
2025-10-07 17:00:00,-1.2,-0.5,,-1.7,,92.0,1.9,4.4,216.0,346.0,986.8,107.0,0.0,,40.0
2025-10-07 18:00:00,-1.4,-0.2,-0.2,-2.1,-2.1,93.0,1.3,3.4,60.0,111.0,986.6,42.0,0.0,4.7,0.0
2025-10-07 19:00:00,-2.5,-0.8,,-3.4,,88.0,2.6,4.6,21.0,21.0,986.2,3.0,0.0,,0.0
2025-10-07 20:00:00,-2.7,-1.4,,-3.4,,87.0,2.9,4.6,21.0,26.0,985.6,0.0,0.0,,0.0
2025-10-07 21:00:00,-2.1,-1.0,,-2.8,,80.0,2.5,4.2,27.0,25.0,984.8,0.0,0.0,,0.0
2025-10-07 22:00:00,-2.0,-0.7,,-2.4,,78.0,2.2,4.8,46.0,27.0,984.2,0.0,0.0,,0.0
2025-10-07 23:00:00,-2.0,-0.9,,-3.1,,76.0,1.9,4.0,36.0,35.0,983.4,0.0,0.0,,0.0
2025-10-08 00:00:00,-1.4,-0.5,-0.2,-2.4,-3.4,74.0,1.1,3.4,52.0,48.0,982.7,0.0,0.0,3.7,0.0
2025-10-08 01:00:00,-0.8,-0.1,,-2.0,,76.0,0.9,2.9,57.0,116.0,982.0,0.0,0.0,,0.0
2025-10-08 02:00:00,-1.0,1.0,,-2.6,,78.0,1.5,4.1,141.0,80.0,981.0,0.0,0.0,,0.0
2025-10-08 03:00:00,0.8,2.6,,-0.5,,61.0,2.2,5.4,219.0,140.0,980.2,0.0,0.0,,0.0
2025-10-08 04:00:00,2.9,3.8,,2.6,,45.0,3.2,7.2,313.0,260.0,978.9,0.0,0.0,,0.0
2025-10-08 05:00:00,3.4,4.0,,2.8,,42.0,4.9,10.0,291.0,284.0,978.3,0.0,0.0,,0.0
2025-10-08 06:00:00,3.9,4.5,4.5,3.1,-3.4,40.0,6.2,9.8,242.0,261.0,977.9,0.0,0.0,2.4,0.0
2025-10-08 07:00:00,0.9,3.4,,0.4,,64.0,3.2,9.3,158.0,193.0,977.8,0.0,0.0,,0.0
2025-10-08 08:00:00,2.2,3.1,,0.6,,51.0,3.7,9.4,285.0,265.0,977.1,0.0,0.0,,0.0
2025-10-08 09:00:00,0.3,3.2,,-2.3,,54.0,3.5,9.5,92.0,357.0,977.0,6.0,0.0,,0.0
2025-10-08 10:00:00,-0.6,1.1,,-1.7,,58.0,4.1,7.8,47.0,71.0,976.9,43.0,0.0,,0.0
2025-10-08 11:00:00,0.4,1.3,,-0.7,,51.0,2.0,4.1,27.0,52.0,977.1,126.0,0.0,,0.0
2025-10-08 12:00:00,0.5,1.6,4.5,-0.8,-2.6,51.0,2.6,6.0,42.0,29.0,977.6,86.0,0.0,0.2,0.0
2025-10-08 13:00:00,0.2,1.5,,-1.1,,52.0,3.8,8.3,45.0,33.0,978.0,108.0,0.0,,0.0
2025-10-08 14:00:00,-0.3,0.8,,-1.4,,55.0,5.8,8.9,26.0,29.0,978.8,85.0,0.0,,0.0
2025-10-08 15:00:00,0.0,0.6,,-0.8,,57.0,4.4,8.6,137.0,45.0,979.9,121.0,0.0,,0.0
2025-10-08 16:00:00,0.8,1.3,,-0.3,,55.0,6.1,15.8,33.0,49.0,980.6,154.0,0.0,,0.0
2025-10-08 17:00:00,0.4,0.9,,-0.1,,58.0,9.9,16.1,45.0,47.0,980.6,97.0,0.0,,0.0
2025-10-08 18:00:00,0.0,0.2,3.4,-0.4,-2.3,57.0,10.6,17.1,41.0,49.0,981.4,33.0,0.0,0.0,0.0
2025-10-08 19:00:00,-0.2,0.3,,-1.2,,54.0,8.2,16.8,25.0,33.0,983.5,1.0,0.0,,0.0
2025-10-08 20:00:00,-1.2,-0.2,,-2.3,,54.0,3.8,6.2,19.0,16.0,984.2,0.0,0.0,,0.0
2025-10-08 21:00:00,-1.4,-0.4,,-2.8,,52.0,1.8,4.7,28.0,17.0,984.8,0.0,0.0,,0.0
2025-10-08 22:00:00,-1.6,-0.3,,-2.5,,49.0,2.2,4.9,23.0,27.0,985.6,0.0,0.0,,0.0
2025-10-08 23:00:00,-1.8,-0.6,,-3.2,,48.0,1.6,4.1,34.0,41.0,986.5,0.0,0.0,,0.0
2025-10-09 00:00:00,-2.2,-1.3,1.5,-3.0,-3.2,47.0,1.8,4.9,38.0,33.0,987.6,0.0,0.0,0.0,0.0
2025-10-09 01:00:00,-2.0,-0.9,,-2.8,,47.0,2.5,5.4,14.0,28.0,988.4,0.0,0.0,,0.0
2025-10-09 02:00:00,-2.1,-0.1,,-3.2,,47.0,2.6,5.4,27.0,23.0,989.4,0.0,0.0,,0.0
2025-10-09 03:00:00,-1.9,-0.9,,-2.8,,48.0,2.3,6.1,36.0,21.0,990.0,0.0,0.0,,10.0
2025-10-09 04:00:00,-1.6,0.2,,-3.2,,48.0,3.0,5.4,26.0,21.0,990.9,0.0,0.0,,100.0
2025-10-09 05:00:00,-0.8,0.7,,-1.9,,49.0,1.6,4.7,35.0,334.0,991.6,0.0,0.0,,100.0
2025-10-09 06:00:00,-0.3,0.5,0.7,-1.1,-3.2,48.0,1.3,2.7,33.0,23.0,992.4,0.0,0.0,0.0,100.0
2025-10-09 07:00:00,-0.4,0.4,,-1.2,,50.0,1.4,4.5,105.0,34.0,993.4,0.0,0.0,,100.0
2025-10-09 08:00:00,-0.4,0.4,,-1.8,,46.0,2.5,4.8,25.0,14.0,994.0,0.0,0.0,,60.0
2025-10-09 09:00:00,-0.4,1.0,,-1.5,,40.0,1.1,3.2,358.0,7.0,994.6,6.0,0.0,,0.0
2025-10-09 10:00:00,-2.4,-1.0,,-3.4,,49.0,1.7,4.2,44.0,46.0,995.6,32.0,0.0,,0.0
2025-10-09 11:00:00,-2.5,-1.3,,-3.4,,56.0,2.3,4.1,50.0,39.0,996.2,110.0,0.0,,0.0
2025-10-09 12:00:00,-1.8,-1.0,1.0,-2.8,-3.4,61.0,2.8,4.2,22.0,30.0,996.7,178.0,0.0,0.0,0.0
2025-10-09 13:00:00,-1.6,-1.1,,-1.8,,56.0,3.0,4.4,24.0,24.0,997.2,211.0,0.0,,
2025-10-09 14:00:00,-1.3,-0.5,,-1.8,,52.0,2.7,5.4,38.0,25.0,997.7,212.0,0.0,,0.0
2025-10-09 15:00:00,-0.6,0.0,,-1.2,,47.0,2.0,3.4,41.0,30.0,998.0,176.0,0.0,,0.0
2025-10-09 16:00:00,-1.5,-0.6,,-2.2,,50.0,2.4,4.3,26.0,29.0,998.3,155.0,0.0,,25.0
2025-10-09 17:00:00,-1.8,-0.9,,-2.3,,50.0,2.7,4.8,46.0,27.0,998.5,97.0,0.0,,0.0
2025-10-09 18:00:00,-2.8,-1.6,1.0,-3.8,-3.8,50.0,2.9,4.6,24.0,28.0,999.0,25.0,0.0,0.0,0.0
2025-10-09 19:00:00,-3.3,-2.4,,-4.2,,48.0,3.6,6.2,19.0,23.0,999.3,1.0,0.0,,0.0
2025-10-09 20:00:00,-3.9,-3.2,,-4.5,,49.0,3.5,5.1,16.0,21.0,999.3,0.0,0.0,,0.0
2025-10-09 21:00:00,-3.7,-2.4,,-4.2,,52.0,3.3,6.3,30.0,25.0,999.4,0.0,0.0,,0.0
2025-10-09 22:00:00,-3.9,-2.9,,-4.3,,55.0,3.5,4.9,17.0,19.0,999.5,0.0,0.0,,0.0
2025-10-09 23:00:00,-4.2,-3.9,,-4.4,,53.0,3.8,5.1,16.0,21.0,999.6,0.0,0.0,,0.0
2025-10-10 00:00:00,-4.2,-3.8,0.0,-4.5,-4.5,50.0,4.5,5.9,20.0,22.0,999.8,0.0,0.0,0.0,0.0
2025-10-10 01:00:00,-4.1,-3.5,,-4.6,,50.0,4.4,6.1,16.0,21.0,1000.1,0.0,0.0,,10.0
2025-10-10 02:00:00,-3.6,-1.9,,-4.4,,50.0,4.5,6.3,28.0,23.0,1000.5,0.0,0.0,,100.0
2025-10-10 03:00:00,-1.1,-0.4,,-1.8,,47.0,2.8,8.0,42.0,10.0,1000.9,0.0,0.0,,40.0
2025-10-10 04:00:00,-1.7,-1.1,,-2.5,,58.0,4.3,8.2,40.0,25.0,1001.6,0.0,0.0,,25.0
2025-10-10 05:00:00,-2.4,-1.8,,-2.8,,61.0,3.4,5.8,341.0,10.0,1002.6,0.0,0.0,,50.0
2025-10-10 06:00:00,-2.7,-2.2,-0.4,-3.8,-4.6,60.0,2.5,3.9,24.0,360.0,1003.3,0.0,0.0,0.0,40.0
2025-10-10 07:00:00,-3.6,-2.2,,-4.4,,64.0,3.3,5.1,25.0,24.0,1004.1,0.0,0.0,,0.0
2025-10-10 08:00:00,-4.5,-3.8,,-5.0,,60.0,3.6,5.9,25.0,23.0,1005.1,0.0,0.0,,0.0
2025-10-10 09:00:00,-4.6,-3.8,,-5.5,,58.0,3.3,6.0,26.0,25.0,1005.7,6.0,0.0,,0.0
2025-10-10 10:00:00,-4.9,-4.4,,-5.2,,64.0,3.4,5.2,22.0,21.0,1006.7,35.0,0.0,,0.0
2025-10-10 11:00:00,-4.7,-4.1,,-5.2,,64.0,3.6,4.9,20.0,20.0,1007.3,112.0,0.0,,0.0
2025-10-10 12:00:00,-4.2,-3.8,-0.4,-4.5,-5.5,66.0,3.4,4.8,21.0,20.0,1008.0,164.0,0.0,0.0,0.0
2025-10-10 13:00:00,-3.8,-3.5,,-4.1,,68.0,3.3,4.8,20.0,21.0,1008.6,196.0,0.0,,0.0
2025-10-10 14:00:00,-3.4,-3.0,,-3.6,,64.0,2.7,4.0,28.0,23.0,1009.1,203.0,0.0,,0.0
2025-10-10 15:00:00,-2.8,-2.0,,-3.2,,57.0,2.1,4.0,29.0,28.0,1009.7,168.0,0.0,,0.0
2025-10-10 16:00:00,-2.8,-2.3,,-3.4,,51.0,2.1,4.1,26.0,29.0,1010.2,145.0,0.0,,0.0
2025-10-10 17:00:00,-3.1,-2.2,,-3.6,,51.0,2.2,4.0,22.0,28.0,1010.5,87.0,0.0,,0.0
2025-10-10 18:00:00,-3.8,-3.4,-2.0,-4.4,-5.5,53.0,2.9,4.2,24.0,26.0,1011.0,27.0,0.0,0.0,0.0
2025-10-10 19:00:00,-3.9,-3.2,,-4.8,,54.0,2.6,4.8,16.0,26.0,1011.6,1.0,0.0,,0.0
2025-10-10 20:00:00,-4.6,-4.4,,-4.9,,57.0,3.6,5.0,22.0,20.0,1012.1,0.0,0.0,,0.0
2025-10-10 21:00:00,-4.2,-3.3,,-4.9,,54.0,3.0,4.6,24.0,25.0,1012.5,0.0,0.0,,10.0
2025-10-10 22:00:00,-3.6,-3.3,,-4.1,,54.0,1.8,3.8,31.0,26.0,1012.8,0.0,0.0,,100.0
2025-10-10 23:00:00,-3.3,-2.9,,-4.0,,55.0,1.2,3.1,24.0,24.0,1013.4,0.0,0.0,,100.0
2025-10-11 00:00:00,-3.2,-2.7,-2.0,-3.9,-4.9,58.0,1.3,3.3,63.0,32.0,1013.9,0.0,0.0,0.0,100.0
2025-10-11 01:00:00,-2.4,-1.7,,-3.1,,57.0,1.0,2.4,291.0,303.0,1014.4,0.0,0.0,,100.0
2025-10-11 02:00:00,-1.5,-1.1,,-1.8,,54.0,1.5,3.7,287.0,292.0,1014.9,0.0,0.0,,100.0
2025-10-11 03:00:00,-2.1,-1.5,,-2.9,,56.0,1.2,3.7,23.0,357.0,1015.4,0.0,0.0,,100.0
2025-10-11 04:00:00,-2.1,-1.1,,-2.9,,57.0,1.1,2.7,243.0,339.0,1015.9,0.0,0.0,,100.0
2025-10-11 05:00:00,-2.3,-1.1,,-4.1,,57.0,1.3,4.0,32.0,40.0,1016.4,0.0,0.0,,0.0
2025-10-11 06:00:00,-4.5,-2.0,-1.1,-5.0,-5.0,61.0,2.5,5.0,28.0,33.0,1017.1,0.0,0.0,0.0,0.0
2025-10-11 07:00:00,-4.5,-3.1,,-5.2,,59.0,1.9,4.5,20.0,33.0,1017.5,0.0,0.0,,0.0
2025-10-11 08:00:00,-1.8,-0.9,,-3.9,,45.0,3.6,7.1,242.0,323.0,1018.4,0.0,0.0,,0.0
2025-10-11 09:00:00,-1.1,-0.6,,-1.5,,47.0,5.6,9.6,315.0,289.0,1018.4,4.0,0.0,,0.0
2025-10-11 10:00:00,-2.1,-0.4,,-4.2,,46.0,3.6,8.1,287.0,317.0,1019.0,32.0,0.0,,0.0
2025-10-11 11:00:00,-3.0,-0.8,,-4.3,,48.0,2.5,7.3,55.0,12.0,1019.9,111.0,0.0,,0.0
2025-10-11 12:00:00,-2.4,-0.5,-0.4,-3.9,-5.2,47.0,2.0,4.7,36.0,29.0,1020.0,163.0,0.0,0.0,0.0
2025-10-11 13:00:00,-0.4,0.7,,-3.1,,39.0,3.3,8.1,286.0,292.0,1020.7,195.0,0.0,,0.0
2025-10-11 14:00:00,0.4,0.8,,0.1,,34.0,6.0,11.7,335.0,315.0,1020.5,201.0,0.0,,0.0
2025-10-11 15:00:00,0.2,0.8,,0.0,,36.0,4.5,9.7,302.0,322.0,1020.6,163.0,0.0,,0.0
2025-10-11 16:00:00,0.4,0.7,,0.2,,35.0,3.2,6.5,306.0,300.0,1020.7,102.0,0.0,,0.0
2025-10-11 17:00:00,-1.1,0.2,,-2.5,,54.0,1.6,4.5,88.0,151.0,1020.9,48.0,0.0,,0.0
2025-10-11 18:00:00,-2.4,-1.8,0.8,-3.3,-5.2,66.0,2.1,4.5,75.0,127.0,1020.8,12.0,0.0,0.0,0.0
2025-10-11 19:00:00,-3.8,-2.9,,-4.2,,64.0,2.9,4.5,79.0,75.0,1020.3,0.0,0.0,,0.0
2025-10-11 20:00:00,-3.0,-2.3,,-4.2,,64.0,1.6,3.3,43.0,68.0,1021.0,0.0,0.0,,60.0
2025-10-11 21:00:00,-3.2,-2.7,,-3.4,,75.0,2.7,4.5,79.0,53.0,1019.9,0.0,0.0,,100.0
2025-10-11 22:00:00,-2.1,-1.8,,-2.7,,73.0,4.4,6.3,99.0,99.0,1019.2,0.0,0.0,,100.0
2025-10-11 23:00:00,-1.1,-0.8,,-1.9,,66.0,4.9,9.0,141.0,126.0,1018.4,0.0,0.0,,100.0
2025-10-12 00:00:00,-0.9,-0.5,0.8,-1.1,-4.2,69.0,6.1,10.1,147.0,143.0,1017.8,0.0,0.0,0.0,100.0
2025-10-12 01:00:00,-0.8,-0.6,,-0.9,,74.0,5.5,10.3,118.0,131.0,1016.9,0.0,0.0,,100.0
2025-10-12 02:00:00,-0.8,-0.5,,-1.2,,72.0,4.7,10.6,94.0,91.0,1015.3,0.0,0.0,,100.0
2025-10-12 03:00:00,-0.6,-0.4,,-0.9,,72.0,3.9,6.8,99.0,93.0,1014.1,0.0,0.0,,100.0
2025-10-12 04:00:00,-0.8,-0.3,,-1.2,,79.0,4.6,9.4,94.0,80.0,1012.3,0.0,0.4,,100.0
2025-10-12 05:00:00,-1.0,-0.2,,-1.3,,90.0,5.9,11.5,66.0,74.0,1009.4,0.0,0.5,,100.0
2025-10-12 06:00:00,-0.1,0.4,0.4,-1.3,-4.2,85.0,5.1,10.6,328.0,58.0,1008.5,0.0,0.6,1.5,100.0
2025-10-12 07:00:00,-1.3,-1.1,,-1.8,,97.0,3.8,10.5,307.0,312.0,1007.2,0.0,1.8,,100.0
2025-10-12 08:00:00,-0.6,-0.2,,-1.7,,80.0,5.6,13.3,321.0,319.0,1006.0,0.0,0.0,,100.0
2025-10-12 09:00:00,-0.8,-0.2,,-1.4,,71.0,2.8,7.6,215.0,327.0,1005.6,2.0,0.0,,0.0
2025-10-12 10:00:00,-1.6,-1.0,,-2.6,,72.0,8.1,17.0,347.0,311.0,1006.3,27.0,0.0,,0.0
2025-10-12 11:00:00,0.1,0.6,,-0.9,,57.0,9.0,15.1,274.0,289.0,1006.4,103.0,0.0,,0.0
2025-10-12 12:00:00,-1.2,-0.4,0.6,-1.9,-2.6,69.0,9.0,13.6,244.0,254.0,1007.5,154.0,0.0,3.2,0.0
2025-10-12 13:00:00,-1.4,-1.1,,-1.7,,76.0,8.9,12.5,229.0,232.0,1008.1,185.0,0.0,,0.0
2025-10-12 14:00:00,-1.2,-1.1,,-1.3,,75.0,7.4,11.5,240.0,232.0,1008.3,192.0,0.0,,0.0
2025-10-12 15:00:00,-1.3,-1.1,,-1.5,,77.0,5.6,9.6,235.0,240.0,1008.6,158.0,0.0,,0.0
2025-10-12 16:00:00,-1.1,-0.7,,-1.5,,76.0,4.4,8.7,237.0,235.0,1009.0,133.0,0.0,,0.0
2025-10-12 17:00:00,-0.1,0.6,,-0.7,,70.0,2.2,8.0,151.0,202.0,1008.9,75.0,0.0,,0.0
2025-10-12 18:00:00,-0.1,0.7,0.7,-1.3,-2.6,73.0,3.6,9.2,64.0,191.0,1009.1,19.0,0.0,3.2,0.0
2025-10-12 19:00:00,-0.4,0.6,,-1.1,,72.0,1.9,7.4,197.0,115.0,1009.7,0.0,0.0,,0.0
2025-10-12 20:00:00,0.2,2.0,,-0.5,,69.0,1.9,4.6,89.0,148.0,1009.1,0.0,0.0,,0.0
2025-10-12 21:00:00,0.6,2.6,,-0.9,,69.0,2.4,7.9,314.0,213.0,1009.9,0.0,0.0,,0.0
2025-10-12 22:00:00,-0.3,0.8,,-1.1,,72.0,2.8,8.4,246.0,211.0,1009.6,0.0,0.0,,0.0
2025-10-12 23:00:00,0.3,1.0,,-0.3,,70.0,2.2,6.8,222.0,212.0,1009.2,0.0,0.0,,0.0
2025-10-13 00:00:00,0.1,0.8,2.6,-0.2,-1.7,69.0,1.9,6.6,235.0,28.0,1009.3,0.0,0.0,3.2,0.0
2025-10-13 01:00:00,0.5,1.1,,0.0,,70.0,3.9,10.9,247.0,254.0,1008.8,0.0,0.0,,0.0
2025-10-13 02:00:00,0.6,0.9,,0.0,,71.0,4.7,11.0,349.0,252.0,1008.2,0.0,0.0,,0.0
2025-10-13 03:00:00,0.6,0.9,,0.1,,70.0,2.4,7.5,61.0,345.0,1007.9,0.0,0.0,,0.0
2025-10-13 04:00:00,0.6,1.1,,-0.2,,66.0,2.1,6.4,80.0,120.0,1008.0,0.0,0.0,,0.0
2025-10-13 05:00:00,0.4,1.5,,-0.3,,65.0,3.9,9.3,253.0,257.0,1007.3,0.0,0.0,,0.0
2025-10-13 06:00:00,2.4,2.8,2.8,1.7,-1.1,56.0,6.0,10.1,250.0,250.0,1007.3,0.0,0.0,1.7,0.0
2025-10-13 07:00:00,2.2,2.5,,1.5,,59.0,7.3,11.6,243.0,245.0,1006.7,0.0,0.0,,0.0
2025-10-13 08:00:00,0.8,1.4,,0.0,,63.0,3.8,10.1,113.0,231.0,1006.7,0.0,0.0,,10.0
2025-10-13 09:00:00,2.0,3.7,,0.6,,53.0,2.1,6.1,200.0,194.0,1006.4,2.0,0.0,,0.0
2025-10-13 10:00:00,4.0,5.6,,2.5,,41.0,4.4,12.6,290.0,268.0,1006.3,25.0,0.0,,90.0
2025-10-13 11:00:00,5.1,5.7,,4.5,,33.0,8.4,13.8,295.0,295.0,1006.2,30.0,0.0,,0.0
2025-10-13 12:00:00,4.9,5.7,5.7,4.4,-0.3,35.0,7.3,16.4,275.0,282.0,1005.5,79.0,0.0,0.0,10.0
2025-10-13 13:00:00,3.3,5.7,,0.8,,49.0,6.4,11.6,241.0,269.0,1006.1,151.0,0.0,,10.0
2025-10-13 14:00:00,0.7,1.2,,0.4,,72.0,2.7,7.0,225.0,230.0,1005.7,124.0,0.0,,100.0
2025-10-13 15:00:00,0.8,1.1,,0.4,,70.0,4.4,9.6,239.0,239.0,1005.4,121.0,0.0,,90.0
2025-10-13 16:00:00,1.2,1.7,,0.8,,64.0,6.5,10.5,244.0,255.0,1005.4,85.0,0.0,,90.0
2025-10-13 17:00:00,2.8,3.6,,1.4,,46.0,11.4,25.8,300.0,295.0,1003.6,68.0,0.0,,0.0
2025-10-13 18:00:00,3.0,3.5,5.7,2.8,0.0,39.0,18.5,27.8,294.0,295.0,1005.3,17.0,0.0,0.0,0.0
2025-10-13 19:00:00,2.6,3.0,,2.1,,40.0,16.5,24.4,296.0,298.0,1006.2,0.0,0.0,,0.0
2025-10-13 20:00:00,2.7,3.1,,2.2,,38.0,14.0,26.9,336.0,303.0,1008.2,0.0,0.0,,0.0
2025-10-13 21:00:00,2.7,3.1,,2.3,,36.0,11.8,23.2,305.0,310.0,1007.0,0.0,0.0,,0.0
2025-10-13 22:00:00,2.7,3.2,,2.3,,34.0,13.6,26.0,303.0,312.0,1009.4,0.0,0.0,,0.0
2025-10-13 23:00:00,2.1,2.6,,1.3,,37.0,7.6,15.6,295.0,311.0,1009.6,0.0,0.0,,0.0
2025-10-14 00:00:00,1.9,2.5,5.7,1.5,0.4,36.0,4.9,13.1,317.0,322.0,1011.0,0.0,0.0,0.0,0.0
2025-10-14 01:00:00,2.4,2.6,,2.1,,32.0,4.0,9.2,282.0,296.0,1011.6,0.0,0.0,,0.0
2025-10-14 02:00:00,2.4,2.7,,1.9,,30.0,4.2,9.1,335.0,321.0,1010.4,0.0,0.0,,0.0
2025-10-14 03:00:00,2.8,3.4,,1.7,,28.0,3.3,7.5,297.0,311.0,1010.4,0.0,0.0,,0.0
2025-10-14 04:00:00,1.8,3.2,,0.2,,42.0,2.6,5.5,286.0,278.0,1010.5,0.0,0.0,,0.0
2025-10-14 05:00:00,0.6,1.1,,0.1,,60.0,1.9,8.0,218.0,185.0,1010.3,0.0,0.0,,0.0
2025-10-14 06:00:00,0.8,1.3,3.4,0.3,0.1,61.0,1.9,6.5,213.0,194.0,1009.5,0.0,0.0,0.0,60.0
2025-10-14 07:00:00,0.7,1.4,,-0.3,,58.0,1.6,6.0,41.0,309.0,1009.1,0.0,0.0,,25.0
2025-10-14 08:00:00,-0.1,0.6,,-0.9,,62.0,1.8,4.4,25.0,33.0,1008.8,0.0,0.0,,100.0
2025-10-14 09:00:00,-0.4,0.9,,-1.0,,65.0,3.4,5.3,52.0,60.0,1007.3,2.0,0.0,,0.0
2025-10-14 10:00:00,-0.2,0.4,,-0.6,,64.0,2.0,4.3,80.0,35.0,1006.3,16.0,0.0,,25.0
2025-10-14 11:00:00,0.0,0.6,,-0.8,,62.0,1.9,3.7,41.0,29.0,1005.3,28.0,0.0,,75.0
2025-10-14 12:00:00,-0.4,0.3,3.4,-1.0,-1.0,75.0,1.5,3.5,25.0,331.0,1005.1,39.0,0.0,0.0,10.0
2025-10-14 13:00:00,-0.3,0.1,,-0.6,,77.0,0.8,2.6,184.0,163.0,1004.6,59.0,0.0,,10.0
2025-10-14 14:00:00,1.6,4.2,,-0.1,,57.0,3.0,7.7,236.0,272.0,1003.8,75.0,0.0,,0.0
2025-10-14 15:00:00,0.6,1.0,,0.2,,72.0,3.0,6.4,223.0,222.0,1003.7,100.0,0.0,,0.0
2025-10-14 16:00:00,1.0,1.4,,0.6,,67.0,2.4,7.2,36.0,251.0,1003.2,118.0,0.0,,0.0
2025-10-14 17:00:00,1.4,1.7,,1.1,,60.0,2.2,8.6,280.0,273.0,1003.0,63.0,0.0,,0.0
2025-10-14 18:00:00,1.8,3.5,4.2,1.0,-1.0,58.0,2.2,13.0,252.0,245.0,1002.5,7.0,0.0,0.0,0.0
2025-10-14 19:00:00,5.3,6.4,,3.3,,41.0,10.7,20.6,270.0,273.0,1002.3,0.0,0.0,,0.0
2025-10-14 20:00:00,4.6,6.3,,3.6,,44.0,7.9,16.1,309.0,290.0,1002.0,0.0,0.0,,0.0
2025-10-14 21:00:00,6.6,7.0,,6.2,,30.0,13.7,23.3,299.0,312.0,1001.8,0.0,0.0,,0.0
2025-10-14 22:00:00,6.3,6.8,,5.9,,29.0,13.7,25.4,326.0,307.0,1003.6,0.0,0.0,,0.0
2025-10-14 23:00:00,5.4,6.3,,4.4,,29.0,6.2,17.6,315.0,334.0,1005.3,0.0,0.0,,0.0
2025-10-15 00:00:00,4.2,5.1,7.0,3.1,-0.6,30.0,8.9,23.2,326.0,320.0,1006.9,0.0,0.0,0.0,0.0
2025-10-15 01:00:00,2.9,3.3,,2.6,,29.0,13.7,26.0,300.0,315.0,1006.6,0.0,0.1,,0.0
2025-10-15 02:00:00,2.3,3.1,,1.6,,29.0,9.3,26.0,315.0,309.0,1009.8,0.0,0.0,,0.0
2025-10-15 03:00:00,1.3,2.0,,0.8,,33.0,9.4,18.8,321.0,320.0,1011.2,0.0,0.0,,0.0
2025-10-15 04:00:00,1.4,1.7,,0.9,,31.0,6.0,15.5,300.0,324.0,1011.9,0.0,0.0,,0.0
2025-10-15 05:00:00,1.4,1.7,,1.1,,32.0,6.5,11.9,324.0,306.0,1012.7,0.0,0.0,,0.0
2025-10-15 06:00:00,1.4,1.8,7.0,1.2,0.8,31.0,6.9,11.0,327.0,316.0,1013.4,0.0,0.0,0.0,0.0
2025-10-15 07:00:00,1.3,1.6,,0.9,,29.0,8.6,16.9,319.0,327.0,1013.0,0.0,0.0,,0.0
2025-10-15 08:00:00,1.1,1.8,,0.5,,32.0,11.0,18.2,297.0,303.0,1014.5,0.0,0.0,,0.0
2025-10-15 09:00:00,1.2,1.5,,0.8,,31.0,11.0,17.0,300.0,301.0,1016.0,1.0,0.0,,0.0
2025-10-15 10:00:00,1.3,1.6,,0.8,,31.0,9.4,15.9,301.0,303.0,1016.9,19.0,0.0,,0.0
2025-10-15 11:00:00,1.7,2.4,,1.1,,30.0,10.1,16.9,294.0,301.0,1016.3,85.0,0.0,,0.0
2025-10-15 12:00:00,2.5,2.9,3.3,2.2,0.5,27.0,9.3,20.0,318.0,304.0,1017.5,134.0,0.0,0.0,0.0
2025-10-15 13:00:00,2.6,2.9,,2.3,,27.0,5.4,17.1,325.0,303.0,1018.2,164.0,0.0,,0.0
2025-10-15 14:00:00,2.8,3.1,,2.5,,27.0,8.4,22.7,334.0,319.0,1019.2,171.0,0.0,,0.0
2025-10-15 15:00:00,3.3,3.9,,2.6,,24.0,9.1,19.0,318.0,326.0,1019.7,137.0,0.0,,0.0
2025-10-15 16:00:00,3.5,3.8,,3.1,,22.0,9.2,20.6,329.0,325.0,1020.7,112.0,0.0,,0.0
2025-10-15 17:00:00,3.4,3.9,,2.4,,22.0,5.5,14.4,327.0,317.0,1021.7,56.0,0.0,,0.0
2025-10-15 18:00:00,2.6,3.0,3.9,2.2,0.5,25.0,4.4,12.0,335.0,351.0,1022.2,9.0,0.0,0.0,0.0
2025-10-15 19:00:00,3.0,3.5,,2.6,,23.0,7.4,14.6,330.0,325.0,1022.4,0.0,0.0,,0.0
2025-10-15 20:00:00,3.2,3.6,,2.8,,21.0,5.2,16.1,343.0,342.0,1023.3,0.0,0.0,,0.0
2025-10-15 21:00:00,2.4,2.9,,1.7,,24.0,2.2,5.5,58.0,16.0,1023.5,0.0,0.0,,0.0
2025-10-15 22:00:00,2.7,3.4,,1.7,,23.0,3.4,8.6,263.0,302.0,1022.8,0.0,0.0,,0.0
2025-10-15 23:00:00,2.7,3.8,,2.0,,24.0,3.6,7.7,326.0,319.0,1022.6,0.0,0.0,,0.0
2025-10-16 00:00:00,2.6,3.6,3.9,1.5,1.5,23.0,2.5,7.9,216.0,334.0,1022.0,0.0,0.0,0.0,0.0
2025-10-16 01:00:00,0.1,1.5,,-1.0,,55.0,3.1,7.8,158.0,169.0,1021.9,0.0,0.0,,0.0
2025-10-16 02:00:00,-0.6,0.5,,-1.1,,58.0,2.5,6.7,166.0,155.0,1021.7,0.0,0.0,,0.0
2025-10-16 03:00:00,0.4,2.2,,-1.0,,42.0,1.4,5.8,183.0,92.0,1021.5,0.0,0.0,,0.0
2025-10-16 04:00:00,1.0,2.0,,0.5,,37.0,1.6,4.2,112.0,149.0,1021.1,0.0,0.0,,0.0
2025-10-16 05:00:00,-0.1,2.1,,-1.8,,40.0,2.3,4.8,20.0,22.0,1021.0,0.0,0.0,,0.0
2025-10-16 06:00:00,-1.5,-1.2,3.8,-2.1,-2.1,44.0,2.8,5.1,21.0,23.0,1020.8,0.0,0.0,0.0,0.0
2025-10-16 07:00:00,-1.2,-0.2,,-1.9,,41.0,2.3,5.9,29.0,29.0,1020.6,0.0,0.0,,0.0
2025-10-16 08:00:00,-0.7,0.3,,-1.6,,38.0,3.5,5.5,22.0,23.0,1020.5,0.0,0.0,,0.0
2025-10-16 09:00:00,-0.5,0.2,,-1.8,,37.0,2.0,4.1,60.0,45.0,1020.8,2.0,0.0,,0.0
2025-10-16 10:00:00,0.0,1.4,,-2.1,,36.0,1.8,3.3,50.0,39.0,1021.1,19.0,0.0,,0.0
2025-10-16 11:00:00,-0.2,1.1,,-0.9,,38.0,2.3,4.8,29.0,31.0,1021.3,81.0,0.0,,0.0
2025-10-16 12:00:00,0.1,1.3,2.2,-0.8,-2.1,40.0,2.3,6.2,118.0,79.0,1021.3,122.0,0.0,0.0,0.0
2025-10-16 13:00:00,0.2,1.0,,-0.4,,44.0,3.3,5.0,24.0,51.0,1020.9,155.0,0.0,,0.0
2025-10-16 14:00:00,0.5,1.6,,-0.2,,40.0,2.9,4.9,24.0,25.0,1020.7,142.0,0.0,,0.0
2025-10-16 15:00:00,1.4,2.5,,0.3,,39.0,1.9,4.6,205.0,24.0,1019.9,146.0,0.0,,0.0
2025-10-16 16:00:00,0.9,1.5,,-0.7,,47.0,1.4,5.4,148.0,104.0,1019.2,93.0,0.0,,0.0
2025-10-16 17:00:00,-0.8,-0.3,,-1.7,,70.0,3.2,5.8,89.0,124.0,1018.7,48.0,0.0,,0.0
2025-10-16 18:00:00,-1.0,-0.6,2.5,-1.4,-2.1,65.0,1.4,3.4,56.0,72.0,1018.5,8.0,0.0,0.0,0.0
2025-10-16 19:00:00,-0.7,0.1,,-1.5,,55.0,1.0,3.2,142.0,49.0,1017.8,0.0,0.0,,0.0
2025-10-16 20:00:00,-0.2,0.6,,-1.1,,52.0,1.2,3.8,62.0,42.0,1017.2,0.0,0.0,,0.0
2025-10-16 21:00:00,0.0,0.6,,-0.5,,54.0,0.9,3.3,95.0,106.0,1016.6,0.0,0.0,,0.0
2025-10-16 22:00:00,0.1,0.5,,-0.6,,55.0,1.2,3.9,55.0,112.0,1015.8,0.0,0.0,,0.0
2025-10-16 23:00:00,0.2,0.5,,-0.1,,58.0,1.0,3.6,166.0,149.0,1015.1,0.0,0.0,,0.0
2025-10-17 00:00:00,-0.2,0.5,2.5,-0.6,-1.7,67.0,3.4,8.3,266.0,262.0,1014.4,0.0,0.0,0.0,0.0
2025-10-17 01:00:00,-0.4,0.5,,-0.9,,73.0,2.4,5.9,160.0,170.0,1013.9,0.0,0.0,,0.0
2025-10-17 02:00:00,0.1,1.0,,-0.6,,69.0,4.0,9.2,211.0,160.0,1013.1,0.0,0.0,,0.0
2025-10-17 03:00:00,0.5,1.1,,0.1,,66.0,1.2,3.6,99.0,184.0,1012.1,0.0,0.0,,0.0
2025-10-17 04:00:00,1.6,4.4,,-0.4,,62.0,2.0,4.9,135.0,95.0,1011.3,0.0,0.0,,0.0
2025-10-17 05:00:00,2.7,4.0,,1.5,,57.0,2.1,5.5,104.0,91.0,1011.0,0.0,0.0,,0.0
2025-10-17 06:00:00,4.0,5.2,5.2,2.3,-1.5,50.0,1.8,5.6,207.0,92.0,1010.9,0.0,0.0,0.0,0.0
2025-10-17 07:00:00,4.7,5.3,,3.5,,47.0,1.2,4.0,41.0,356.0,1010.8,0.0,0.0,,0.0
2025-10-17 08:00:00,5.2,6.6,,3.9,,45.0,1.7,4.6,288.0,272.0,1010.5,0.0,0.0,,0.0
2025-10-17 09:00:00,9.2,10.7,,5.1,,29.0,6.7,13.2,330.0,340.0,1009.6,1.0,0.0,,0.0
2025-10-17 10:00:00,11.1,12.0,,10.2,,24.0,7.4,16.8,320.0,332.0,1009.3,17.0,0.0,,0.0
2025-10-17 11:00:00,10.7,12.1,,8.5,,26.0,5.8,11.4,290.0,321.0,1009.3,78.0,0.0,,0.0
2025-10-17 12:00:00,10.1,11.2,12.1,9.0,-0.9,27.0,4.5,6.8,316.0,313.0,1009.1,130.0,0.0,0.0,0.0
2025-10-17 13:00:00,10.1,11.2,,8.2,,28.0,5.3,9.7,302.0,295.0,1008.9,171.0,0.0,,0.0
2025-10-17 14:00:00,10.7,12.1,,9.4,,26.0,5.1,10.8,253.0,329.0,1008.7,203.0,0.0,,50.0
2025-10-17 15:00:00,11.0,12.4,,9.1,,26.0,4.3,14.0,315.0,290.0,1008.0,165.0,0.0,,0.0
2025-10-17 16:00:00,12.1,12.5,,11.7,,22.0,5.7,16.0,343.0,331.0,1008.3,120.0,0.0,,0.0
2025-10-17 17:00:00,11.1,11.7,,10.0,,24.0,4.4,12.0,284.0,348.0,1008.3,32.0,0.0,,0.0
2025-10-17 18:00:00,7.5,10.1,12.5,5.7,3.5,38.0,2.5,7.4,70.0,99.0,1008.6,2.0,0.0,0.0,0.0
2025-10-17 19:00:00,7.4,9.1,,5.7,,39.0,4.6,11.0,18.0,47.0,1009.8,0.0,0.0,,0.0
2025-10-17 20:00:00,6.9,8.8,,5.4,,41.0,6.0,14.6,24.0,19.0,1011.0,0.0,0.0,,0.0
2025-10-17 21:00:00,3.8,5.6,,2.4,,57.0,10.3,17.7,37.0,25.0,1011.3,0.0,0.0,,90.0
2025-10-17 22:00:00,3.3,4.1,,2.3,,56.0,18.7,29.3,53.0,48.0,1009.6,0.0,0.0,,10.0
2025-10-17 23:00:00,2.2,2.9,,1.7,,56.0,20.9,30.0,47.0,46.0,1011.7,0.0,0.0,,90.0
2025-10-18 00:00:00,1.7,1.9,12.5,1.3,1.3,52.0,20.2,29.3,46.0,46.0,1011.7,0.0,0.1,0.0,90.0
2025-10-18 01:00:00,1.4,1.8,,1.0,,48.0,19.8,31.4,51.0,48.0,1013.6,0.0,0.0,,100.0
2025-10-18 02:00:00,0.9,1.1,,0.6,,46.0,20.6,30.4,52.0,48.0,1015.2,0.0,0.1,,100.0
2025-10-18 03:00:00,0.9,1.2,,0.7,,43.0,17.9,26.2,55.0,51.0,1016.4,0.0,0.0,,100.0
2025-10-18 04:00:00,1.1,1.3,,0.8,,41.0,14.3,24.9,46.0,50.0,1018.2,0.0,0.0,,100.0
2025-10-18 05:00:00,1.0,1.6,,0.6,,44.0,7.1,18.2,17.0,46.0,1020.1,0.0,0.0,,100.0
2025-10-18 06:00:00,0.7,1.1,9.1,-0.1,-0.1,49.0,3.1,8.4,22.0,21.0,1020.6,0.0,0.0,0.1,100.0
2025-10-18 07:00:00,-0.4,-0.1,,-0.7,,72.0,2.8,8.4,253.0,6.0,1021.3,0.0,0.0,,100.0
2025-10-18 08:00:00,-1.0,-0.7,,-1.4,,87.0,2.2,3.5,295.0,263.0,1021.6,0.0,0.0,,100.0
2025-10-18 10:00:00,-1.6,-1.3,,-2.3,,82.0,1.3,3.7,83.0,23.0,1021.7,16.0,0.0,,40.0
2025-10-18 11:00:00,-1.5,-1.0,,-1.8,,77.0,1.2,2.8,23.0,48.0,1021.5,77.0,0.0,,0.0
2025-10-18 12:00:00,-1.1,-0.5,1.8,-1.6,-2.3,74.0,2.4,5.7,23.0,34.0,1021.2,119.0,0.0,0.1,0.0
2025-10-18 13:00:00,0.8,2.7,,-1.0,,64.0,3.4,7.9,336.0,329.0,1021.0,155.0,0.0,,100.0
2025-10-18 14:00:00,2.6,2.8,,2.3,,44.0,5.5,11.2,310.0,314.0,1021.0,150.0,0.0,,100.0
2025-10-18 15:00:00,2.7,3.1,,1.7,,42.0,3.1,10.6,320.0,307.0,1021.0,149.0,0.0,,75.0
2025-10-18 16:00:00,1.5,2.9,,0.6,,59.0,4.4,9.0,251.0,239.0,1020.8,118.0,0.0,,100.0
2025-10-18 17:00:00,1.9,2.6,,1.3,,48.0,3.6,8.3,266.0,266.0,1020.4,58.0,0.0,,50.0
2025-10-18 18:00:00,1.3,1.7,3.1,0.5,-2.3,47.0,4.6,8.5,324.0,279.0,1020.3,4.0,0.0,0.1,0.0
2025-10-18 19:00:00,-0.3,1.2,,-1.0,,49.0,3.8,6.1,8.0,21.0,1020.2,0.0,0.0,,0.0
2025-10-18 20:00:00,-0.9,0.4,,-1.7,,50.0,1.9,4.4,51.0,36.0,1020.1,0.0,0.0,,0.0
2025-10-18 21:00:00,-1.1,-0.1,,-1.9,,50.0,2.6,4.5,32.0,29.0,1019.8,0.0,0.0,,0.0
2025-10-18 22:00:00,-1.0,-0.2,,-1.5,,49.0,2.6,4.2,19.0,27.0,1019.4,0.0,0.0,,0.0
2025-10-18 23:00:00,-1.1,-0.4,,-1.8,,52.0,1.9,4.5,28.0,22.0,1019.1,0.0,0.0,,0.0
2025-10-19 00:00:00,-0.2,0.6,3.1,-1.1,-1.9,43.0,2.0,5.1,56.0,11.0,1018.6,0.0,0.0,0.0,0.0
2025-10-19 01:00:00,-1.1,0.7,,-2.2,,42.0,2.3,4.2,21.0,20.0,1018.3,0.0,0.0,,0.0
2025-10-19 02:00:00,-1.4,-0.5,,-2.1,,42.0,3.4,5.8,30.0,27.0,1018.1,0.0,0.0,,90.0
2025-10-19 03:00:00,-1.0,-0.3,,-1.6,,45.0,3.0,6.0,54.0,33.0,1018.3,0.0,0.0,,100.0
2025-10-19 04:00:00,-0.6,0.3,,-1.2,,45.0,2.0,5.7,59.0,90.0,1018.2,0.0,0.0,,10.0
2025-10-19 05:00:00,-1.5,-0.7,,-2.1,,52.0,2.0,3.6,40.0,44.0,1018.3,0.0,0.0,,0.0
2025-10-19 06:00:00,-1.8,-1.5,1.2,-2.1,-2.2,54.0,2.0,3.7,40.0,37.0,1018.5,0.0,0.0,0.0,90.0
2025-10-19 07:00:00,-2.3,-1.8,,-2.6,,55.0,2.1,3.8,21.0,24.0,1018.8,0.0,0.0,,60.0
2025-10-19 08:00:00,-2.6,-2.1,,-2.8,,51.0,3.1,4.7,19.0,21.0,1019.4,0.0,0.0,,90.0
2025-10-19 09:00:00,-2.5,-2.2,,-2.8,,49.0,3.3,5.1,20.0,21.0,1019.9,0.0,0.0,,100.0
2025-10-19 10:00:00,-2.8,-2.5,,-3.2,,50.0,3.3,5.0,20.0,20.0,1020.3,9.0,0.0,,40.0
2025-10-19 11:00:00,-3.0,-2.1,,-3.5,,50.0,3.1,4.7,43.0,26.0,1020.8,29.0,0.0,,0.0
2025-10-19 12:00:00,-2.2,-1.7,0.7,-2.5,-3.5,51.0,3.2,6.0,23.0,37.0,1020.9,99.0,0.0,0.0,0.0
2025-10-19 13:00:00,-2.2,-1.6,,-2.9,,53.0,2.6,4.8,26.0,31.0,1021.1,133.0,0.0,,0.0
2025-10-19 14:00:00,-2.0,-1.3,,-2.4,,55.0,1.8,4.1,23.0,19.0,1021.3,141.0,0.0,,0.0
2025-10-19 15:00:00,-1.7,-1.2,,-2.4,,61.0,2.0,3.5,342.0,356.0,1021.4,78.0,0.0,,0.0
2025-10-19 16:00:00,-2.1,-1.4,,-2.6,,62.0,1.5,2.8,15.0,10.0,1021.5,72.0,0.0,,0.0
2025-10-19 17:00:00,-3.3,-2.5,,-3.8,,67.0,2.6,4.6,24.0,23.0,1021.3,14.0,0.0,,0.0
2025-10-19 18:00:00,-4.1,-3.5,-1.2,-4.5,-4.5,64.0,3.9,5.5,25.0,24.0,1021.5,2.0,0.0,0.0,0.0
2025-10-19 19:00:00,-4.1,-3.0,,-4.5,,56.0,3.6,5.7,24.0,26.0,1021.5,0.0,0.0,,40.0
2025-10-19 20:00:00,-1.5,-1.1,,-3.1,,32.0,3.5,6.4,353.0,350.0,1021.6,0.0,0.0,,0.0
2025-10-19 21:00:00,-1.5,-1.1,,-1.7,,29.0,4.2,6.4,332.0,348.0,1021.4,0.0,0.0,,0.0
2025-10-19 22:00:00,-2.2,-1.4,,-4.4,,32.0,2.4,7.1,32.0,334.0,1021.3,0.0,0.0,,0.0
2025-10-19 23:00:00,-4.5,-2.6,,-5.4,,43.0,2.4,4.8,21.0,26.0,1021.2,0.0,0.0,,0.0
2025-10-20 00:00:00,-5.1,-4.4,-1.1,-5.5,-5.5,44.0,3.6,6.1,22.0,25.0,1021.0,0.0,0.0,0.0,0.0
2025-10-20 01:00:00,-4.9,-4.0,,-5.5,,44.0,4.8,6.1,26.0,23.0,1021.0,0.0,0.0,,0.0
2025-10-20 02:00:00,-4.2,-2.9,,-5.2,,42.0,3.0,4.9,24.0,24.0,1021.0,0.0,0.0,,0.0
2025-10-20 03:00:00,-4.7,-4.2,,-5.2,,44.0,2.8,4.7,24.0,25.0,1020.8,0.0,0.0,,0.0
2025-10-20 04:00:00,-4.8,-3.7,,-5.3,,44.0,2.5,4.5,24.0,27.0,1021.0,0.0,0.0,,0.0
2025-10-20 05:00:00,-4.9,-3.7,,-5.5,,44.0,2.1,3.9,78.0,34.0,1021.2,0.0,0.0,,0.0
2025-10-20 06:00:00,-4.4,-3.5,-1.1,-5.3,-5.5,41.0,1.5,3.7,30.0,33.0,1021.3,0.0,0.0,0.0,0.0
2025-10-20 07:00:00,-4.9,-3.9,,-5.9,,43.0,2.2,4.2,39.0,22.0,1021.6,0.0,0.0,,0.0
2025-10-20 08:00:00,-4.9,-4.2,,-5.5,,43.0,1.4,3.9,38.0,30.0,1021.7,0.0,0.0,,0.0
2025-10-20 09:00:00,-5.7,-4.7,,-6.2,,46.0,2.3,4.4,31.0,26.0,1022.0,0.0,0.0,,0.0
2025-10-20 10:00:00,-5.4,-4.7,,-5.7,,44.0,2.1,4.1,20.0,30.0,1022.2,9.0,0.0,,
2025-10-20 11:00:00,-5.1,-3.5,,-5.9,,42.0,2.4,4.2,24.0,32.0,1022.5,47.0,0.0,,0.0
2025-10-20 12:00:00,-4.4,-3.3,-2.9,-5.3,-6.2,39.0,2.4,4.2,26.0,23.0,1022.6,98.0,0.0,0.0,0.0
2025-10-20 13:00:00,-3.8,-2.9,,-4.6,,41.0,1.1,4.2,24.0,35.0,1022.9,133.0,0.0,,0.0
2025-10-20 14:00:00,-3.4,-2.2,,-4.3,,38.0,0.7,2.6,191.0,41.0,1022.9,143.0,0.0,,0.0
2025-10-20 15:00:00,-2.5,-2.2,,-3.3,,38.0,0.7,3.6,339.0,303.0,1022.9,108.0,0.0,,0.0
2025-10-20 16:00:00,-2.4,-1.7,,-3.1,,38.0,0.5,2.9,42.0,55.0,1023.1,87.0,0.0,,100.0
2025-10-20 17:00:00,-2.4,-2.0,,-3.0,,38.0,1.8,3.8,328.0,311.0,1023.2,37.0,0.0,,75.0
2025-10-20 18:00:00,-2.8,-2.1,-1.7,-3.2,-6.2,38.0,1.1,3.9,334.0,342.0,1023.5,4.0,0.0,0.0,75.0
2025-10-20 19:00:00,-3.7,-2.9,,-4.7,,45.0,1.2,3.4,18.0,27.0,1023.7,0.0,0.0,,100.0
2025-10-20 20:00:00,-4.3,-3.5,,-4.8,,49.0,2.8,4.5,24.0,23.0,1023.6,0.0,0.0,,40.0
2025-10-20 21:00:00,-4.7,-3.8,,-5.3,,49.0,2.7,4.0,23.0,23.0,1023.6,0.0,0.0,,40.0
2025-10-20 22:00:00,-4.8,-4.0,,-5.4,,49.0,2.0,3.8,40.0,25.0,1023.5,0.0,0.0,,75.0
2025-10-20 23:00:00,-4.2,-3.1,,-5.2,,47.0,2.3,4.4,332.0,21.0,1023.3,0.0,0.0,,75.0
2025-10-21 00:00:00,-3.9,-3.5,-1.7,-4.6,-5.4,46.0,1.6,3.8,342.0,351.0,1023.0,0.0,0.0,0.0,100.0
2025-10-21 01:00:00,-4.4,-4.0,,-4.9,,50.0,1.5,3.2,25.0,29.0,1022.6,0.0,0.0,,100.0
2025-10-21 02:00:00,-4.6,-4.1,,-5.2,,51.0,1.2,2.5,40.0,26.0,1022.3,0.0,0.0,,40.0
2025-10-21 03:00:00,-4.5,-3.7,,-5.5,,46.0,2.9,5.7,4.0,23.0,1021.6,0.0,0.0,,10.0
2025-10-21 04:00:00,-3.7,-3.4,,-4.4,,34.0,5.8,11.7,7.0,13.0,1021.0,0.0,0.0,,25.0
2025-10-21 05:00:00,-4.5,-3.4,,-5.9,,39.0,4.9,10.7,22.0,4.0,1021.0,0.0,0.0,,10.0
2025-10-21 06:00:00,-5.2,-3.7,-2.9,-6.2,-6.2,43.0,4.4,6.7,31.0,26.0,1020.7,0.0,0.0,0.0,0.0
2025-10-21 07:00:00,-5.0,-3.8,,-6.3,,39.0,4.5,7.9,20.0,22.0,1020.6,0.0,0.0,,
2025-10-21 08:00:00,-6.3,-5.8,,-6.5,,46.0,3.8,5.7,24.0,23.0,1020.7,0.0,0.0,,10.0
2025-10-21 09:00:00,-6.5,-5.9,,-7.1,,46.0,3.2,5.5,27.0,24.0,1020.8,0.0,0.0,,0.0
2025-10-21 10:00:00,-6.4,-5.8,,-6.8,,45.0,3.7,5.6,20.0,25.0,1020.6,7.0,0.0,,0.0
2025-10-21 11:00:00,-6.0,-5.4,,-6.6,,42.0,2.3,5.8,23.0,26.0,1020.5,53.0,0.0,,0.0
2025-10-21 12:00:00,-6.3,-5.8,-3.4,-6.8,-7.1,44.0,3.0,4.3,25.0,23.0,1020.5,98.0,0.0,0.0,0.0
2025-10-21 13:00:00,-5.9,-4.9,,-6.6,,43.0,1.6,3.9,25.0,26.0,1020.2,126.0,0.0,,0.0
2025-10-21 14:00:00,-5.3,-4.6,,-5.8,,42.0,0.8,2.7,30.0,32.0,1019.8,132.0,0.0,,0.0
2025-10-21 15:00:00,-3.5,-2.9,,-4.5,,33.0,2.0,6.5,15.0,2.0,1019.0,104.0,0.0,,0.0
2025-10-21 16:00:00,-3.4,-2.6,,-5.6,,36.0,1.8,4.2,21.0,338.0,1018.8,76.0,0.0,,0.0
2025-10-21 17:00:00,-5.4,-4.6,,-6.0,,41.0,3.0,4.9,21.0,24.0,1018.6,31.0,0.0,,0.0
2025-10-21 18:00:00,-6.3,-5.9,-2.6,-6.6,-7.1,45.0,3.3,4.4,22.0,23.0,1018.6,1.0,0.0,0.0,0.0
2025-10-21 19:00:00,-6.4,-5.9,,-6.8,,42.0,3.5,4.9,26.0,22.0,1018.4,0.0,0.0,,0.0
2025-10-21 20:00:00,-6.4,-5.9,,-7.1,,42.0,3.0,4.6,36.0,29.0,1018.6,0.0,0.0,,0.0
2025-10-21 21:00:00,-6.1,-5.7,,-6.7,,39.0,2.6,4.4,24.0,28.0,1018.7,0.0,0.0,,0.0
2025-10-21 22:00:00,-6.4,-5.6,,-7.0,,41.0,3.7,5.9,24.0,26.0,1019.2,0.0,0.0,,0.0
2025-10-21 23:00:00,-6.0,-4.8,,-7.0,,39.0,2.6,4.9,21.0,23.0,1019.5,0.0,0.0,,0.0
2025-10-22 00:00:00,-6.5,-6.0,-2.6,-6.9,-7.1,42.0,3.8,4.8,21.0,22.0,1019.9,0.0,0.0,0.0,0.0
2025-10-22 01:00:00,-6.3,-5.9,,-6.9,,46.0,4.1,6.3,24.0,23.0,1019.9,0.0,0.0,,0.0
2025-10-22 02:00:00,-6.0,-5.2,,-6.9,,51.0,4.7,6.5,26.0,25.0,1019.9,0.0,0.0,,0.0
2025-10-22 03:00:00,-5.8,-5.2,,-6.3,,53.0,4.6,7.9,25.0,25.0,1019.8,0.0,0.0,,0.0
2025-10-22 04:00:00,-5.8,-5.2,,-6.8,,51.0,2.3,5.1,59.0,18.0,1019.9,0.0,0.0,,0.0
2025-10-22 05:00:00,-6.7,-6.2,,-7.2,,56.0,3.2,4.8,26.0,25.0,1019.7,0.0,0.0,,0.0
2025-10-22 06:00:00,-7.6,-6.9,-4.8,-7.9,-7.9,56.0,3.6,5.1,26.0,23.0,1019.5,0.0,0.0,0.0,0.0
2025-10-22 07:00:00,-8.0,-7.4,,-8.4,,55.0,3.3,4.8,22.0,21.0,1019.4,0.0,0.0,,0.0
2025-10-22 08:00:00,-8.3,-8.0,,-8.6,,55.0,3.2,4.6,27.0,22.0,1019.0,0.0,0.0,,0.0
2025-10-22 09:00:00,-8.3,-7.7,,-8.9,,57.0,2.4,4.1,47.0,38.0,1018.5,0.0,0.0,,0.0
2025-10-22 10:00:00,-8.3,-7.7,,-8.6,,59.0,2.4,4.4,56.0,55.0,1018.3,6.0,0.0,,0.0
2025-10-22 11:00:00,-8.2,-7.5,,-8.7,,61.0,3.2,4.5,59.0,69.0,1017.9,48.0,0.0,,0.0
2025-10-22 12:00:00,-6.6,-5.6,-5.2,-7.5,-8.9,59.0,1.7,4.0,45.0,64.0,1017.3,95.0,0.0,0.0,0.0
2025-10-22 13:00:00,-6.6,-6.1,,-7.1,,52.0,1.9,3.4,24.0,24.0,1016.8,122.0,0.0,,0.0
2025-10-22 14:00:00,-6.2,-5.8,,-6.6,,47.0,2.1,3.6,33.0,25.0,1016.3,128.0,0.0,,0.0
2025-10-22 15:00:00,-5.9,-5.3,,-6.3,,46.0,1.2,3.0,97.0,37.0,1016.0,100.0,0.0,,0.0
2025-10-22 16:00:00,-6.5,-4.8,,-7.3,,49.0,1.9,3.8,18.0,27.0,1015.5,74.0,0.0,,0.0
2025-10-22 17:00:00,-7.4,-7.0,,-7.9,,49.0,3.1,4.9,22.0,22.0,1015.3,28.0,0.0,,0.0
2025-10-22 18:00:00,-8.0,-7.7,-4.8,-8.2,-8.9,50.0,3.2,4.9,19.0,22.0,1015.5,1.0,0.0,0.0,0.0
2025-10-22 19:00:00,-8.4,-8.1,,-8.6,,51.0,4.6,5.9,19.0,20.0,1015.4,0.0,0.0,,0.0
2025-10-22 20:00:00,-7.5,-6.5,,-8.2,,48.0,2.9,5.6,39.0,31.0,1015.4,0.0,0.0,,0.0
2025-10-22 21:00:00,-7.5,-6.6,,-8.0,,59.0,3.6,5.3,19.0,23.0,1015.2,0.0,0.0,,0.0
2025-10-22 22:00:00,-7.9,-7.4,,-8.1,,68.0,4.0,5.6,24.0,19.0,1015.0,0.0,0.0,,0.0
2025-10-22 23:00:00,-7.8,-7.2,,-8.3,,67.0,3.7,5.4,22.0,23.0,1015.0,0.0,0.0,,0.0
2025-10-23 00:00:00,-8.0,-7.5,-4.8,-8.4,-8.6,48.0,4.4,6.3,33.0,23.0,1014.8,0.0,0.0,0.0,0.0
2025-10-23 01:00:00,-7.2,-6.5,,-8.0,,46.0,2.6,5.2,28.0,28.0,1014.5,0.0,0.0,,0.0
2025-10-23 02:00:00,-7.2,-6.5,,-7.7,,50.0,2.3,5.7,60.0,32.0,1014.2,0.0,0.0,,0.0
2025-10-23 03:00:00,-7.5,-6.2,,-8.3,,60.0,6.3,8.4,21.0,22.0,1014.0,0.0,0.0,,0.0
2025-10-23 04:00:00,-7.9,-7.3,,-8.4,,67.0,5.8,7.7,24.0,20.0,1013.9,0.0,0.0,,0.0
2025-10-23 05:00:00,-8.1,-7.3,,-8.7,,69.0,6.4,8.4,15.0,25.0,1014.1,0.0,0.0,,0.0
2025-10-23 06:00:00,-8.0,-7.7,-6.2,-8.4,-8.7,68.0,5.5,8.0,24.0,22.0,1014.6,0.0,0.0,0.0,0.0
2025-10-23 07:00:00,-8.2,-7.6,,-8.6,,70.0,5.8,7.8,22.0,26.0,1014.6,0.0,0.0,,0.0
2025-10-23 08:00:00,-8.4,-7.9,,-8.8,,73.0,6.5,8.4,17.0,18.0,1015.0,0.0,0.0,,0.0
2025-10-23 09:00:00,-8.5,-7.9,,-8.8,,73.0,6.1,7.7,29.0,22.0,1015.3,0.0,0.0,,0.0
2025-10-23 10:00:00,-8.1,-7.3,,-8.5,,72.0,5.7,8.3,24.0,25.0,1015.5,6.0,0.0,,10.0
2025-10-23 11:00:00,-8.4,-7.6,,-8.8,,73.0,4.8,6.8,26.0,24.0,1015.7,23.0,0.0,,50.0
2025-10-23 12:00:00,-7.4,-6.6,-6.2,-8.1,-8.8,69.0,4.3,5.5,28.0,24.0,1015.8,62.0,0.0,0.0,100.0
2025-10-23 13:00:00,-6.5,-5.5,,-7.3,,65.0,2.2,4.4,23.0,23.0,1015.6,65.0,0.0,,50.0
2025-10-23 14:00:00,-6.5,-6.1,,-6.8,,65.0,2.7,4.0,20.0,23.0,1015.2,49.0,0.0,,100.0
2025-10-23 15:00:00,-6.3,-6.1,,-6.5,,67.0,2.3,3.4,16.0,21.0,1015.1,22.0,0.0,,100.0
2025-10-23 16:00:00,-6.0,-5.4,,-6.3,,67.0,2.8,4.0,51.0,39.0,1015.0,17.0,0.0,,100.0
2025-10-23 17:00:00,-6.0,-5.7,,-6.4,,76.0,3.3,4.8,18.0,45.0,1014.9,5.0,0.0,,100.0
2025-10-23 18:00:00,-6.1,-5.9,-5.4,-6.4,-8.8,79.0,3.9,5.4,30.0,31.0,1015.3,0.0,0.0,0.0,100.0
2025-10-23 19:00:00,-6.0,-5.7,,-6.1,,77.0,4.3,5.8,48.0,32.0,1015.3,0.0,0.0,,100.0
2025-10-23 20:00:00,-5.8,-5.5,,-6.0,,74.0,2.6,3.9,27.0,10.0,1015.4,0.0,0.0,,100.0
2025-10-23 21:00:00,-5.9,-5.8,,-6.1,,73.0,2.9,4.6,23.0,25.0,1015.7,0.0,0.0,,100.0
2025-10-23 22:00:00,-5.6,-5.4,,-5.9,,71.0,0.9,1.9,36.0,356.0,1016.0,0.0,0.0,,100.0
2025-10-23 23:00:00,-6.0,-5.8,,-6.1,,74.0,1.4,2.4,25.0,26.0,1016.3,0.0,0.0,,100.0
2025-10-24 00:00:00,-6.2,-6.1,-5.4,-6.4,-7.3,75.0,1.9,2.4,29.0,23.0,1016.1,0.0,0.0,0.0,100.0
2025-10-24 01:00:00,-6.5,-6.3,,-6.7,,75.0,2.1,3.4,24.0,26.0,1016.2,0.0,0.0,,100.0
2025-10-24 02:00:00,-6.9,-6.7,,-7.1,,75.0,1.9,3.3,44.0,44.0,1016.3,0.0,0.0,,100.0
2025-10-24 03:00:00,-6.9,-6.7,,-7.3,,74.0,2.6,3.8,21.0,22.0,1016.5,0.0,0.0,,100.0
2025-10-24 04:00:00,-7.5,-7.3,,-7.7,,73.0,3.2,4.4,23.0,20.0,1016.8,0.0,0.0,,100.0
2025-10-24 05:00:00,-7.5,-7.4,,-7.6,,72.0,3.3,4.5,16.0,21.0,1017.1,0.0,0.0,,100.0
2025-10-24 06:00:00,-7.4,-7.2,-5.4,-7.5,-7.7,73.0,3.1,4.4,21.0,21.0,1017.3,0.0,0.0,0.0,100.0
2025-10-24 07:00:00,-7.6,-7.4,,-7.9,,73.0,3.1,4.5,22.0,21.0,1017.9,0.0,0.0,,50.0
2025-10-24 08:00:00,-8.0,-7.8,,-8.2,,73.0,2.8,4.6,55.0,44.0,1018.3,0.0,0.0,,0.0
2025-10-24 09:00:00,-7.7,-7.2,,-8.1,,74.0,3.6,5.3,19.0,34.0,1018.9,0.0,0.0,,0.0
2025-10-24 10:00:00,-8.0,-7.5,,-8.4,,75.0,4.7,6.3,25.0,20.0,1019.5,4.0,0.0,,0.0
2025-10-24 11:00:00,-7.9,-7.3,,-8.2,,75.0,4.8,6.3,19.0,20.0,1020.2,38.0,0.0,,75.0
2025-10-24 12:00:00,-7.1,-6.8,-6.3,-7.5,-8.4,74.0,4.5,6.3,24.0,21.0,1020.9,75.0,0.0,0.0,100.0
2025-10-24 13:00:00,-7.0,-6.5,,-7.3,,74.0,3.9,5.6,34.0,29.0,1021.3,90.0,0.0,,0.0
2025-10-24 14:00:00,-6.8,-6.0,,-7.2,,71.0,3.6,5.3,31.0,33.0,1021.7,113.0,0.0,,10.0
2025-10-24 15:00:00,-6.5,-5.7,,-7.1,,70.0,3.1,5.1,39.0,27.0,1022.0,86.0,0.0,,0.0
2025-10-24 16:00:00,-6.6,-6.2,,-7.0,,70.0,2.9,4.4,25.0,26.0,1022.2,61.0,0.0,,0.0
2025-10-24 17:00:00,-7.0,-6.5,,-7.5,,71.0,2.4,3.7,35.0,24.0,1022.7,19.0,0.0,,0.0
2025-10-24 18:00:00,-7.4,-6.9,-5.7,-7.6,-8.4,70.0,3.0,4.5,25.0,26.0,1023.1,0.0,0.0,0.0,0.0
2025-10-24 19:00:00,-7.8,-7.3,,-8.1,,69.0,3.7,4.9,22.0,24.0,1023.2,0.0,0.0,,0.0
2025-10-24 20:00:00,-8.2,-7.9,,-8.3,,72.0,3.8,5.3,21.0,20.0,1023.4,0.0,0.0,,0.0
2025-10-24 21:00:00,-8.0,-7.6,,-8.5,,73.0,3.3,5.0,21.0,21.0,1023.4,0.0,0.0,,0.0
2025-10-24 22:00:00,-8.2,-8.0,,-8.7,,73.0,4.3,5.7,25.0,23.0,1023.4,0.0,0.0,,0.0
2025-10-24 23:00:00,-8.6,-8.4,,-8.8,,73.0,4.5,6.0,24.0,23.0,1023.4,0.0,0.0,,75.0
2025-10-25 00:00:00,-8.4,-8.0,-5.7,-9.0,-9.0,72.0,4.2,5.7,23.0,23.0,1023.3,0.0,0.0,0.0,100.0
2025-10-25 01:00:00,-7.4,-6.9,,-8.1,,75.0,2.8,5.5,37.0,27.0,1023.0,0.0,0.0,,100.0
2025-10-25 02:00:00,-6.8,-6.4,,-7.3,,77.0,2.3,3.6,22.0,26.0,1022.9,0.0,0.0,,100.0
2025-10-25 03:00:00,-6.7,-6.3,,-7.0,,78.0,2.2,3.3,23.0,24.0,1022.6,0.0,0.0,,100.0
2025-10-25 04:00:00,-6.5,-6.3,,-6.6,,79.0,2.6,3.8,24.0,23.0,1022.4,0.0,0.0,,100.0
2025-10-25 05:00:00,-6.3,-6.0,,-6.6,,80.0,1.8,2.9,63.0,56.0,1021.9,0.0,0.0,,100.0
2025-10-25 06:00:00,-6.2,-6.0,-6.0,-6.5,-9.0,80.0,2.1,3.1,54.0,65.0,1021.8,0.0,0.0,0.0,90.0
2025-10-25 07:00:00,-6.6,-6.4,,-6.9,,81.0,2.7,4.5,90.0,84.0,1021.8,0.0,0.0,,100.0
2025-10-25 08:00:00,-6.3,-5.7,,-6.6,,81.0,2.2,3.8,42.0,58.0,1021.6,0.0,0.0,,100.0
2025-10-25 09:00:00,-6.4,-6.1,,-6.9,,82.0,2.0,3.2,22.0,45.0,1021.3,0.0,0.0,,50.0
2025-10-25 10:00:00,-6.6,-5.6,,-7.2,,82.0,2.1,3.5,77.0,59.0,1021.0,4.0,0.0,,10.0
2025-10-25 11:00:00,-6.8,-6.4,,-7.1,,82.0,2.1,3.9,68.0,60.0,1020.6,29.0,0.0,,0.0
2025-10-25 12:00:00,-6.8,-6.1,-5.6,-7.1,-8.1,82.0,3.4,4.1,77.0,78.0,1020.0,70.0,0.0,0.0,10.0
2025-10-25 13:00:00,-5.0,-4.3,,-6.1,,79.0,3.2,5.2,92.0,100.0,1019.6,113.0,0.0,,100.0
2025-10-25 14:00:00,-4.6,-4.4,,-4.8,,78.0,2.4,4.7,96.0,106.0,1019.2,46.0,0.0,,100.0
2025-10-25 15:00:00,-4.6,-4.4,,-4.7,,79.0,0.7,2.2,123.0,109.0,1018.5,34.0,0.0,,100.0
2025-10-25 16:00:00,-4.8,-4.7,,-4.8,,80.0,1.8,4.0,110.0,88.0,1018.0,17.0,0.0,,100.0
2025-10-25 17:00:00,-4.9,-4.7,,-5.3,,83.0,2.1,4.3,145.0,144.0,1017.8,3.0,0.0,,100.0
2025-10-25 18:00:00,-5.3,-5.2,-4.2,-5.3,-7.2,86.0,2.0,4.7,140.0,144.0,1017.4,0.0,0.0,0.0,100.0
2025-10-25 19:00:00,-5.2,-5.0,,-5.3,,83.0,2.7,4.9,127.0,127.0,1016.9,0.0,0.0,,100.0
2025-10-25 20:00:00,-5.6,-5.3,,-5.9,,85.0,2.0,4.8,122.0,134.0,1016.6,0.0,0.0,,90.0
2025-10-25 21:00:00,-5.9,-5.6,,-6.3,,84.0,1.1,2.7,122.0,128.0,1016.1,0.0,0.0,,100.0
2025-10-25 22:00:00,-6.0,-5.8,,-6.1,,85.0,0.7,1.5,110.0,104.0,1015.8,0.0,0.0,,100.0
2025-10-25 23:00:00,-6.2,-6.0,,-6.3,,89.0,1.0,1.7,23.0,54.0,1015.7,0.0,0.0,,100.0
2025-10-26 00:00:00,-6.3,-6.0,-4.2,-6.4,-6.4,89.0,1.5,2.6,22.0,26.0,1015.2,0.0,0.0,0.0,100.0
2025-10-26 01:00:00,-6.1,-6.0,,-6.3,,88.0,1.6,2.5,327.0,352.0,1015.0,0.0,0.0,,100.0
2025-10-26 02:00:00,-6.0,-5.9,,-6.1,,83.0,2.4,3.2,327.0,328.0,1014.9,0.0,0.0,,100.0
2025-10-26 03:00:00,-5.9,-5.8,,-6.0,,77.0,2.9,5.5,302.0,318.0,1014.6,0.0,0.0,,100.0
2025-10-26 04:00:00,-6.0,-5.9,,-6.1,,78.0,4.3,6.2,312.0,309.0,1014.5,0.0,0.0,,100.0
2025-10-26 05:00:00,-5.9,-5.8,,-5.9,,74.0,4.0,6.5,331.0,320.0,1014.4,0.0,0.0,,100.0
2025-10-26 06:00:00,-5.9,-5.8,-5.0,-6.1,-6.4,77.0,2.4,4.6,358.0,350.0,1014.5,0.0,0.0,0.0,100.0
2025-10-26 07:00:00,-6.2,-6.0,,-6.3,,85.0,1.1,2.3,25.0,36.0,1015.0,0.0,0.0,,100.0
2025-10-26 08:00:00,-6.3,-6.2,,-6.4,,92.0,1.8,3.7,328.0,339.0,1015.1,0.0,0.0,,100.0
2025-10-26 09:00:00,-6.3,-6.1,,-6.3,,92.0,1.3,3.0,187.0,53.0,1015.5,0.0,0.2,,100.0
2025-10-26 10:00:00,-6.1,-6.0,,-6.2,,86.0,1.7,3.6,290.0,194.0,1015.4,2.0,0.0,,100.0
2025-10-26 11:00:00,-6.3,-6.1,,-6.5,,83.0,0.4,1.4,97.0,52.0,1015.5,15.0,0.0,,100.0
2025-10-26 12:00:00,-6.4,-6.2,-5.8,-6.8,-6.7,77.0,1.8,4.4,244.0,255.0,1015.3,35.0,0.0,0.2,100.0
2025-10-26 13:00:00,-6.5,-6.3,,-6.8,,78.0,1.6,3.6,122.0,137.0,1015.2,51.0,0.0,,100.0
2025-10-26 14:00:00,-6.9,-6.7,,-7.1,,81.0,1.4,3.6,141.0,129.0,1015.1,58.0,0.0,,100.0
2025-10-26 15:00:00,-7.1,-6.9,,-7.4,,81.0,2.3,4.4,16.0,20.0,1015.1,43.0,0.0,,100.0
2025-10-26 16:00:00,-7.1,-6.7,,-7.4,,80.0,1.9,4.0,92.0,24.0,1015.1,27.0,0.0,,100.0
2025-10-26 17:00:00,-7.8,-6.6,,-8.6,,80.0,2.5,4.5,21.0,23.0,1015.2,7.0,0.0,,10.0
2025-10-26 18:00:00,-8.9,-8.4,-6.0,-9.4,-9.4,79.0,3.7,5.5,21.0,23.0,1015.2,0.0,0.0,0.2,0.0
2025-10-26 19:00:00,-8.9,-8.2,,-9.4,,80.0,3.2,5.0,25.0,24.0,1015.3,0.0,0.0,,0.0
2025-10-26 20:00:00,-8.9,-8.6,,-9.3,,79.0,3.4,4.9,22.0,22.0,1015.1,0.0,0.0,,0.0
2025-10-26 21:00:00,-9.0,-8.7,,-9.3,,73.0,3.2,4.3,22.0,19.0,1014.9,0.0,0.0,,0.0
2025-10-26 22:00:00,-9.1,-8.8,,-9.4,,70.0,3.4,4.9,20.0,22.0,1014.9,0.0,0.0,,0.0
2025-10-26 23:00:00,-9.3,-8.9,,-9.6,,66.0,3.7,4.9,23.0,23.0,1014.9,0.0,0.0,,0.0
2025-10-27 00:00:00,-9.9,-9.5,-6.3,-10.2,-10.2,68.0,3.7,4.8,22.0,20.0,1014.8,0.0,0.0,0.2,0.0
2025-10-27 01:00:00,-9.9,-9.6,,-10.1,,72.0,4.3,5.6,22.0,21.0,1014.7,0.0,0.0,,0.0
2025-10-27 02:00:00,-9.8,-9.6,,-10.0,,77.0,4.4,5.4,25.0,23.0,1014.5,0.0,0.0,,0.0
2025-10-27 03:00:00,-10.0,-9.9,,-10.1,,76.0,4.6,5.4,25.0,25.0,1014.3,0.0,0.0,,0.0
2025-10-27 04:00:00,-10.1,-9.8,,-10.3,,72.0,4.5,5.8,25.0,25.0,1014.2,0.0,0.0,,0.0
2025-10-27 05:00:00,-10.2,-9.9,,-10.4,,69.0,4.3,5.6,19.0,22.0,1014.3,0.0,0.0,,0.0
2025-10-27 06:00:00,-10.1,-9.8,-8.2,-10.3,-10.4,66.0,4.1,5.5,25.0,23.0,1014.4,0.0,0.0,0.2,100.0
2025-10-27 07:00:00,-9.6,-9.2,,-9.9,,59.0,3.7,5.4,20.0,24.0,1014.6,0.0,0.0,,100.0
2025-10-27 08:00:00,-10.1,-9.7,,-10.4,,56.0,4.1,5.8,16.0,20.0,1014.6,0.0,0.0,,0.0
2025-10-27 09:00:00,-10.0,-9.3,,-10.4,,54.0,3.9,6.6,27.0,24.0,1014.5,0.0,0.0,,60.0
2025-10-27 10:00:00,-10.2,-9.6,,-10.5,,57.0,3.4,4.9,19.0,20.0,1014.3,3.0,0.0,,0.0
2025-10-27 11:00:00,-10.3,-9.5,,-10.7,,58.0,3.1,4.8,21.0,23.0,1014.1,14.0,0.0,,0.0
2025-10-27 12:00:00,-10.4,-9.9,-9.2,-10.7,-10.7,62.0,3.9,5.3,19.0,20.0,1013.7,67.0,0.0,0.0,0.0
2025-10-27 13:00:00,-9.7,-8.5,,-10.1,,56.0,2.5,4.9,40.0,26.0,1013.4,93.0,0.0,,0.0
2025-10-27 14:00:00,-6.9,-5.4,,-8.4,,46.0,1.1,4.9,321.0,343.0,1012.9,99.0,0.0,,10.0
2025-10-27 15:00:00,-5.8,-4.6,,-6.7,,42.0,3.6,11.5,305.0,313.0,1012.4,75.0,0.0,,40.0
2025-10-27 16:00:00,-5.2,-4.7,,-5.5,,38.0,8.0,14.4,343.0,349.0,1012.1,64.0,0.0,,100.0
2025-10-27 17:00:00,-5.6,-5.3,,-5.9,,41.0,7.0,14.0,348.0,353.0,1012.1,13.0,0.0,,60.0
2025-10-27 18:00:00,-5.8,-5.7,-4.6,-6.0,-10.7,43.0,5.9,13.4,13.0,12.0,1011.7,0.0,0.0,0.0,100.0
2025-10-27 19:00:00,-5.8,-5.5,,-6.0,,44.0,5.5,11.7,354.0,10.0,1011.0,0.0,0.0,,100.0
2025-10-27 20:00:00,-5.6,-5.4,,-5.9,,49.0,9.8,14.4,12.0,6.0,1010.3,0.0,0.0,,100.0
2025-10-27 21:00:00,-5.5,-5.3,,-5.9,,62.0,10.5,15.9,5.0,2.0,1009.4,0.0,0.0,,100.0
2025-10-27 22:00:00,-5.8,-5.3,,-6.1,,67.0,9.0,15.4,329.0,346.0,1009.7,0.0,0.0,,100.0
2025-10-27 23:00:00,-5.8,-5.2,,-6.1,,71.0,8.7,13.9,330.0,338.0,1008.8,0.0,0.0,,100.0
2025-10-28 00:00:00,-4.4,-3.8,-3.8,-5.1,-10.1,66.0,8.1,13.6,323.0,328.0,1008.2,0.0,0.0,0.0,100.0
2025-10-28 01:00:00,-3.6,-3.3,,-3.8,,81.0,3.8,8.8,3.0,347.0,1008.5,0.0,0.3,,
2025-10-28 02:00:00,-2.9,-2.6,,-3.2,,85.0,10.9,16.1,27.0,26.0,1008.2,0.0,0.5,,
2025-10-28 03:00:00,-2.8,-2.5,,-3.0,,91.0,11.8,19.8,23.0,25.0,1007.8,0.0,0.8,,
2025-10-28 04:00:00,-2.8,-2.4,,-3.4,,90.0,15.4,25.5,29.0,23.0,1005.5,0.0,2.0,,
2025-10-28 05:00:00,-3.6,-3.4,,-3.7,,92.0,20.6,28.4,30.0,34.0,1005.4,0.0,2.0,,
2025-10-28 06:00:00,-3.7,-3.6,-2.4,-3.7,-6.1,92.0,17.2,27.9,28.0,39.0,1008.5,0.0,1.0,6.5,
2025-10-28 07:00:00,-3.0,-2.5,,-3.6,,80.0,7.6,20.1,336.0,5.0,1011.7,0.0,0.0,,100.0
2025-10-28 08:00:00,-2.9,-2.5,,-3.5,,74.0,5.4,15.0,38.0,40.0,1012.0,0.0,0.1,,100.0
2025-10-28 09:00:00,-2.7,-2.1,,-3.1,,65.0,8.0,13.3,23.0,22.0,1012.7,0.0,0.0,,100.0
2025-10-28 10:00:00,-3.0,-2.6,,-3.4,,62.0,11.3,15.4,24.0,20.0,1012.8,1.0,0.0,,100.0
2025-10-28 11:00:00,-3.2,-2.9,,-3.5,,61.0,10.2,15.7,17.0,23.0,1013.7,8.0,0.0,,100.0
2025-10-28 12:00:00,-3.5,-3.3,-2.1,-3.7,-3.8,61.0,9.5,18.2,10.0,350.0,1013.5,23.0,0.0,6.6,100.0
2025-10-28 13:00:00,-3.9,-3.7,,-4.2,,64.0,13.3,22.9,23.0,26.0,1014.0,47.0,0.0,,40.0
2025-10-28 14:00:00,-3.6,-3.5,,-3.9,,57.0,9.0,18.2,4.0,4.0,1014.3,93.0,0.0,,10.0
2025-10-28 15:00:00,-3.8,-3.6,,-4.0,,57.0,10.4,20.7,16.0,19.0,1014.1,65.0,0.0,,0.0
2025-10-28 16:00:00,-3.6,-3.5,,-3.9,,58.0,10.3,17.6,346.0,4.0,1014.0,44.0,0.0,,0.0
2025-10-28 17:00:00,-3.8,-3.7,,-3.9,,60.0,8.9,17.0,347.0,346.0,1015.0,8.0,0.0,,100.0
2025-10-28 18:00:00,-3.8,-3.7,-2.1,-3.9,-4.2,61.0,8.6,14.8,4.0,347.0,1015.4,0.0,0.0,6.6,100.0
2025-10-28 19:00:00,-4.1,-3.9,,-4.4,,62.0,5.4,10.6,34.0,25.0,1015.8,0.0,0.0,,100.0
2025-10-28 20:00:00,-4.6,-4.4,,-4.9,,61.0,6.4,10.9,42.0,33.0,1015.7,0.0,0.0,,100.0
2025-10-28 21:00:00,-5.1,-4.8,,-5.4,,63.0,4.8,8.1,24.0,31.0,1015.6,0.0,0.0,,60.0
2025-10-28 22:00:00,-5.3,-4.9,,-5.8,,64.0,4.2,6.9,25.0,25.0,1015.6,0.0,0.0,,100.0
2025-10-28 23:00:00,-5.6,-5.2,,-6.2,,64.0,2.1,4.7,358.0,1.0,1015.6,0.0,0.0,,100.0
2025-10-29 00:00:00,-5.8,-5.4,-3.5,-6.5,-6.5,64.0,3.2,7.1,317.0,334.0,1015.0,0.0,0.0,6.6,100.0
2025-10-29 01:00:00,-5.5,-5.3,,-5.6,,60.0,4.1,8.6,318.0,307.0,1014.8,0.0,0.0,,75.0
2025-10-29 02:00:00,-5.4,-5.1,,-5.8,,52.0,2.0,5.0,294.0,300.0,1014.5,0.0,0.0,,100.0
2025-10-29 03:00:00,-5.2,-5.0,,-5.6,,46.0,3.3,6.4,331.0,325.0,1013.7,0.0,0.0,,100.0
2025-10-29 04:00:00,-5.1,-4.9,,-5.3,,44.0,5.3,10.5,336.0,337.0,1013.1,0.0,0.0,,100.0
2025-10-29 05:00:00,-5.4,-5.0,,-5.6,,44.0,6.5,13.6,2.0,347.0,1012.6,0.0,0.0,,100.0
2025-10-29 06:00:00,-5.6,-5.4,-3.9,-6.0,-6.5,48.0,5.6,14.2,13.0,13.0,1012.1,0.0,0.0,0.0,100.0
2025-10-29 07:00:00,-6.0,-5.8,,-6.2,,46.0,5.6,16.3,13.0,4.0,1011.2,0.0,0.0,,100.0
2025-10-29 08:00:00,-6.0,-5.6,,-6.4,,46.0,6.0,16.5,343.0,8.0,1010.8,0.0,0.0,,100.0
2025-10-29 09:00:00,-6.0,-5.8,,-6.2,,51.0,8.4,18.0,299.0,306.0,1009.7,0.0,0.0,,100.0
2025-10-29 10:00:00,-5.9,-5.5,,-6.2,,59.0,7.5,16.9,316.0,305.0,1009.3,0.0,0.0,,100.0
2025-10-29 11:00:00,-5.6,-5.5,,-5.9,,64.0,8.2,19.0,315.0,305.0,1008.3,5.0,0.0,,100.0
2025-10-29 12:00:00,-5.9,-5.5,-4.9,-6.0,-6.4,70.0,8.7,21.3,310.0,310.0,1007.8,8.0,0.0,0.0,100.0
2025-10-29 13:00:00,-6.1,-5.6,,-6.4,,81.0,9.2,17.0,299.0,299.0,1006.5,11.0,0.0,,100.0
2025-10-29 14:00:00,-5.8,-5.6,,-6.0,,80.0,9.1,17.8,304.0,301.0,1005.8,16.0,0.0,,100.0
2025-10-29 15:00:00,-5.6,-5.4,,-5.8,,83.0,7.5,16.3,309.0,307.0,1005.3,13.0,0.0,,100.0
2025-10-29 16:00:00,-5.6,-5.5,,-5.8,,84.0,5.1,15.4,315.0,324.0,1004.6,6.0,0.0,,100.0
2025-10-29 17:00:00,-5.6,-4.9,,-5.9,,87.0,6.9,13.9,328.0,304.0,1004.7,0.0,0.2,,100.0
2025-10-29 18:00:00,-4.8,-4.4,-4.4,-5.2,-6.4,85.0,6.2,13.1,296.0,304.0,1003.9,0.0,0.0,0.1,100.0
2025-10-29 19:00:00,-4.6,-4.4,,-5.0,,89.0,6.2,12.4,302.0,304.0,1003.6,0.0,0.1,,
2025-10-29 20:00:00,-4.5,-4.1,,-4.7,,90.0,4.3,11.0,307.0,305.0,1003.0,0.0,0.4,,
2025-10-29 21:00:00,-3.9,-3.7,,-4.1,,84.0,2.9,10.1,356.0,337.0,1002.4,0.0,0.4,,
2025-10-29 22:00:00,-3.8,-3.4,,-4.0,,89.0,3.1,8.4,320.0,337.0,1001.9,0.0,0.9,,100.0
2025-10-29 23:00:00,-3.7,-3.5,,-3.8,,92.0,2.3,5.0,231.0,271.0,1002.0,0.0,1.2,,
2025-10-30 00:00:00,-3.6,-3.5,-3.4,-3.7,-6.4,96.0,2.3,5.5,243.0,243.0,1001.2,0.0,2.5,5.6,
2025-10-30 01:00:00,-3.4,-3.3,,-3.5,,97.0,2.5,6.5,239.0,244.0,1001.2,0.0,1.8,,
2025-10-30 02:00:00,-3.3,-3.2,,-3.4,,95.0,5.6,16.4,10.0,17.0,1000.5,0.0,1.6,,
2025-10-30 03:00:00,-3.2,-3.1,,-3.4,,89.0,13.8,27.1,22.0,17.0,999.9,0.0,1.0,,
2025-10-30 04:00:00,-3.4,-3.2,,-3.6,,89.0,14.8,26.7,27.0,18.0,1000.3,0.0,0.0,,
2025-10-30 05:00:00,-3.4,-3.2,,-3.6,,88.0,19.0,29.4,28.0,28.0,1000.1,0.0,2.0,,
2025-10-30 06:00:00,-3.2,-2.9,-2.9,-3.4,-5.0,85.0,17.7,26.8,31.0,28.0,1001.4,0.0,0.0,12.0,
2025-10-30 07:00:00,-3.4,-3.2,,-3.6,,86.0,17.7,26.3,22.0,28.0,1002.1,0.0,1.0,,
2025-10-30 08:00:00,-3.4,-3.2,,-3.6,,85.0,15.5,23.7,26.0,23.0,1002.9,0.0,0.0,,
2025-10-30 09:00:00,-3.3,-3.1,,-3.5,,84.0,18.1,24.7,28.0,29.0,1003.1,0.0,0.0,,
2025-10-30 10:00:00,-3.3,-2.9,,-3.5,,85.0,19.2,24.8,26.0,27.0,1003.9,0.0,1.0,,
2025-10-30 11:00:00,-2.9,-2.6,,-3.1,,85.0,17.0,22.2,23.0,24.0,1004.9,3.0,0.0,,
2025-10-30 12:00:00,-2.4,-2.1,-2.1,-2.7,-3.6,85.0,17.7,24.4,24.0,21.0,1005.3,5.0,0.0,14.1,
2025-10-30 13:00:00,-1.9,-1.7,,-2.2,,84.0,14.3,23.2,24.0,24.0,1006.6,10.0,0.0,,100.0
2025-10-30 14:00:00,-1.4,-1.1,,-1.6,,81.0,9.1,15.3,7.0,2.0,1006.8,13.0,0.0,,100.0
2025-10-30 15:00:00,-1.5,-1.1,,-1.9,,83.0,8.5,15.0,4.0,359.0,1007.3,9.0,0.0,,
2025-10-30 16:00:00,-1.8,-1.6,,-2.1,,84.0,8.8,15.4,17.0,16.0,1007.3,6.0,0.0,,100.0
2025-10-30 17:00:00,-2.0,-1.9,,-2.3,,83.0,10.3,18.1,24.0,24.0,1007.7,1.0,0.0,,100.0
2025-10-30 19:00:00,-2.3,-1.9,,-2.5,,82.0,10.7,18.9,21.0,18.0,1008.1,0.0,0.0,,100.0
2025-10-30 20:00:00,-2.1,-1.8,,-2.2,,80.0,10.6,17.3,24.0,23.0,1008.1,0.0,0.0,,100.0
2025-10-30 21:00:00,-1.9,-1.6,,-2.1,,80.0,11.5,20.2,26.0,25.0,1008.7,0.0,0.0,,100.0
2025-10-30 22:00:00,-1.8,-1.7,,-2.1,,78.0,10.8,17.3,25.0,24.0,1008.9,0.0,0.0,,100.0
2025-10-30 23:00:00,-1.6,-1.4,,-1.9,,78.0,9.8,15.5,23.0,18.0,1009.2,0.0,0.0,,100.0
2025-10-31 00:00:00,-1.4,-1.2,-1.1,-1.5,-2.5,76.0,9.1,16.0,24.0,24.0,1009.4,0.0,0.0,8.4,100.0
2025-10-31 01:00:00,-1.3,-1.0,,-1.5,,77.0,7.8,13.4,10.0,21.0,1009.8,0.0,0.0,,100.0
2025-10-31 02:00:00,-1.2,-1.0,,-1.4,,78.0,6.5,12.4,355.0,15.0,1009.7,0.0,0.0,,100.0
2025-10-31 03:00:00,-1.6,-1.0,,-2.0,,85.0,3.1,12.8,23.0,5.0,1009.4,0.0,0.2,,100.0
2025-10-31 04:00:00,-1.3,-0.8,,-1.9,,80.0,2.8,10.6,8.0,32.0,1009.4,0.0,0.1,,100.0
2025-10-31 05:00:00,-1.3,-0.9,,-1.6,,79.0,2.4,9.6,299.0,16.0,1009.8,0.0,0.0,,100.0
2025-10-31 06:00:00,-1.4,-1.1,-0.8,-1.9,-2.5,78.0,3.6,10.1,19.0,21.0,1010.1,0.0,0.0,2.3,100.0
2025-10-31 07:00:00,-1.9,-1.6,,-2.2,,74.0,8.0,13.8,20.0,23.0,1009.8,0.0,0.0,,100.0
2025-10-31 08:00:00,-1.8,-1.6,,-2.2,,70.0,8.9,14.9,20.0,23.0,1010.0,0.0,0.0,,100.0
2025-10-31 09:00:00,-1.6,-1.2,,-1.9,,66.0,10.9,16.6,25.0,24.0,1010.3,0.0,0.0,,100.0
2025-10-31 10:00:00,-1.4,-1.1,,-1.7,,64.0,11.3,18.3,25.0,25.0,1010.1,0.0,0.0,,100.0
2025-10-31 11:00:00,-1.5,-1.0,,-1.7,,60.0,9.7,18.1,17.0,21.0,1010.4,7.0,0.0,,100.0
2025-10-31 12:00:00,-1.4,-1.1,-0.8,-1.5,-2.2,63.0,10.3,19.2,13.0,12.0,1009.9,14.0,0.0,0.2,100.0
2025-10-31 13:00:00,-1.5,-1.3,,-1.8,,64.0,12.6,20.6,358.0,17.0,1010.4,13.0,0.0,,100.0
2025-10-31 14:00:00,-1.9,-1.4,,-2.4,,68.0,7.9,18.7,29.0,1.0,1010.5,11.0,0.0,,100.0
2025-10-31 15:00:00,-2.3,-2.1,,-2.6,,65.0,9.7,18.2,354.0,347.0,1010.9,7.0,0.0,,100.0
2025-10-31 16:00:00,-2.6,-2.4,,-2.8,,62.0,8.3,17.2,8.0,5.0,1011.0,3.0,0.0,,100.0
2025-10-31 17:00:00,-3.0,-2.6,,-3.3,,69.0,9.1,16.6,9.0,14.0,1010.7,0.0,0.0,,100.0
2025-10-31 18:00:00,-3.1,-2.9,-1.0,-3.4,-3.4,69.0,10.1,17.5,26.0,9.0,1011.3,0.0,0.0,0.2,100.0
2025-10-31 19:00:00,-3.1,-2.8,,-3.5,,67.0,10.1,15.7,17.0,24.0,1011.2,0.0,0.0,,100.0
2025-10-31 20:00:00,-3.4,-2.8,,-3.9,,69.0,9.2,15.9,18.0,12.0,1011.9,0.0,0.0,,100.0
2025-10-31 21:00:00,-4.0,-3.9,,-4.1,,68.0,6.7,13.6,348.0,14.0,1012.1,0.0,0.0,,100.0
2025-10-31 22:00:00,-4.0,-3.9,,-4.2,,64.0,7.1,13.6,307.0,328.0,1011.4,0.0,0.0,,100.0
2025-10-31 23:00:00,-4.3,-3.8,,-4.6,,66.0,6.9,17.2,29.0,18.0,1010.8,0.0,0.0,,100.0
2025-11-01 00:00:00,-4.5,-4.2,-1.3,-4.6,-4.6,69.0,14.7,22.1,27.0,24.0,1010.6,0.0,0.0,0.2,100.0
2025-11-01 01:00:00,-4.8,-4.3,,-5.0,,73.0,14.1,21.9,32.0,26.0,1011.4,0.0,0.0,,100.0
2025-11-01 02:00:00,-5.3,-4.9,,-5.7,,74.0,14.0,29.7,42.0,36.0,1007.9,0.0,1.0,,100.0
2025-11-01 03:00:00,-5.6,-5.2,,-5.8,,73.0,21.6,30.0,21.0,30.0,1007.9,0.0,0.0,,100.0
2025-11-01 04:00:00,-4.7,-4.1,,-5.6,,57.0,15.5,25.1,353.0,17.0,1010.5,0.0,0.0,,100.0
2025-11-01 05:00:00,-4.0,-3.9,,-4.3,,55.0,8.8,17.6,336.0,333.0,1011.1,0.0,0.0,,100.0
2025-11-01 06:00:00,-4.3,-4.0,-2.8,-4.4,-5.8,60.0,9.8,19.4,335.0,335.0,1010.6,0.0,0.0,1.0,100.0
2025-11-01 07:00:00,-4.2,-4.1,,-4.3,,58.0,10.2,18.3,329.0,331.0,1011.0,0.0,0.0,,100.0
2025-11-01 08:00:00,-4.2,-4.1,,-4.4,,51.0,8.5,17.5,343.0,335.0,1011.3,0.0,0.0,,100.0
2025-11-01 09:00:00,-4.3,-4.1,,-4.5,,50.0,10.1,19.5,338.0,339.0,1011.0,0.0,0.0,,100.0
2025-11-01 10:00:00,-4.5,-4.3,,-4.7,,52.0,10.7,21.0,339.0,332.0,1011.3,0.0,0.0,,100.0
2025-11-01 11:00:00,-4.7,-4.4,,-4.9,,55.0,10.1,18.3,356.0,343.0,1011.2,2.0,0.0,,100.0
2025-11-01 12:00:00,-4.8,-4.5,-3.9,-5.2,-5.8,55.0,8.3,18.1,342.0,11.0,1011.4,10.0,0.0,1.0,100.0
2025-11-01 13:00:00,-5.3,-5.1,,-5.6,,56.0,9.3,17.0,10.0,358.0,1010.9,19.0,0.0,,100.0
2025-11-01 14:00:00,-5.9,-5.6,,-6.2,,54.0,11.3,20.3,25.0,23.0,1011.0,19.0,0.0,,100.0
2025-11-01 15:00:00,-6.3,-6.0,,-6.5,,48.0,9.4,18.5,349.0,8.0,1010.6,16.0,0.0,,100.0
2025-11-01 16:00:00,-6.0,-5.8,,-6.2,,45.0,9.5,19.4,18.0,15.0,1010.6,5.0,0.0,,100.0
2025-11-01 17:00:00,-5.9,-5.7,,-6.2,,46.0,11.9,21.0,24.0,24.0,1009.1,0.0,0.0,,100.0
2025-11-01 18:00:00,-6.2,-6.1,-4.1,-6.3,-6.5,43.0,13.3,20.9,24.0,26.0,1009.9,0.0,0.0,1.0,100.0
2025-11-01 19:00:00,-6.2,-6.0,,-6.4,,44.0,13.8,21.9,25.0,24.0,1009.2,0.0,0.0,,60.0
2025-11-01 20:00:00,-6.2,-5.9,,-6.5,,45.0,13.7,19.7,23.0,22.0,1009.8,0.0,0.0,,75.0
2025-11-01 21:00:00,-6.1,-5.9,,-6.2,,42.0,13.2,20.0,27.0,24.0,1009.3,0.0,0.0,,100.0
2025-11-01 22:00:00,-5.9,-5.6,,-6.2,,43.0,12.7,22.5,5.0,16.0,1009.1,0.0,0.0,,100.0
2025-11-01 23:00:00,-5.8,-5.4,,-6.1,,43.0,12.6,23.6,29.0,13.0,1008.4,0.0,0.0,,100.0
2025-11-02 00:00:00,-5.8,-5.4,-5.1,-6.1,-6.5,43.0,13.4,20.2,20.0,23.0,1008.3,0.0,0.0,1.0,100.0
2025-11-02 01:00:00,-5.8,-5.5,,-6.0,,43.0,12.7,18.5,24.0,24.0,1008.4,0.0,0.0,,100.0
2025-11-02 02:00:00,-5.9,-5.6,,-6.2,,44.0,11.9,17.5,21.0,23.0,1007.8,0.0,0.0,,100.0
2025-11-02 03:00:00,-6.3,-5.9,,-6.6,,53.0,11.8,17.7,21.0,24.0,1008.1,0.0,0.0,,100.0
2025-11-02 04:00:00,-6.6,-6.4,,-6.8,,57.0,11.7,18.5,24.0,23.0,1007.9,0.0,0.0,,100.0
2025-11-02 05:00:00,-6.8,-6.4,,-7.1,,60.0,10.1,17.2,25.0,25.0,1008.0,0.0,0.0,,100.0
2025-11-02 06:00:00,-7.0,-6.8,-5.4,-7.3,-7.2,63.0,10.5,19.1,24.0,22.0,1006.8,0.0,0.0,0.0,100.0
2025-11-02 07:00:00,-7.2,-6.9,,-7.5,,66.0,12.3,19.6,22.0,24.0,1007.3,0.0,0.0,,100.0
2025-11-02 08:00:00,-7.9,-7.5,,-8.0,,71.0,13.4,19.8,22.0,22.0,1007.4,0.0,0.0,,100.0
2025-11-02 09:00:00,-7.5,-7.1,,-8.0,,69.0,12.6,19.3,26.0,27.0,1006.9,0.0,0.0,,100.0
2025-11-02 10:00:00,-7.0,-6.6,,-7.3,,58.0,14.9,20.7,27.0,25.0,1006.2,0.0,0.0,,100.0
2025-11-02 11:00:00,-6.3,-6.0,,-6.7,,51.0,13.5,19.6,28.0,26.0,1005.7,2.0,0.0,,100.0
2025-11-02 12:00:00,-5.9,-5.7,-5.5,-6.0,-8.0,45.0,9.2,17.0,25.0,25.0,1006.4,7.0,0.0,0.0,100.0
2025-11-02 13:00:00,-5.4,-5.2,,-5.8,,41.0,9.5,15.4,23.0,22.0,1005.7,11.0,0.0,,100.0
2025-11-02 14:00:00,-5.2,-5.1,,-5.5,,41.0,10.9,17.7,25.0,23.0,1005.6,16.0,0.0,,100.0
2025-11-02 15:00:00,-5.1,-4.9,,-5.4,,42.0,6.3,11.1,7.0,20.0,1005.2,14.0,0.0,,100.0
2025-11-02 16:00:00,-5.1,-5.0,,-5.3,,44.0,6.3,10.7,22.0,24.0,1004.6,7.0,0.0,,100.0
2025-11-02 17:00:00,-5.4,-5.3,,-5.6,,45.0,8.8,13.3,27.0,25.0,1004.1,1.0,0.0,,100.0
2025-11-02 18:00:00,-5.5,-5.1,-4.9,-5.9,-8.0,48.0,6.7,11.1,25.0,26.0,1004.2,0.0,0.0,0.0,90.0
2025-11-02 19:00:00,-5.3,-5.0,,-5.5,,45.0,6.1,11.2,24.0,25.0,1003.8,0.0,0.0,,100.0
2025-11-02 20:00:00,-5.0,-4.9,,-5.2,,44.0,3.1,6.0,10.0,24.0,1003.4,0.0,0.0,,100.0
2025-11-02 21:00:00,-5.1,-4.8,,-5.6,,46.0,2.8,8.6,23.0,10.0,1002.3,0.0,0.0,,100.0
2025-11-02 22:00:00,-5.1,-4.8,,-5.5,,49.0,2.8,7.7,326.0,360.0,1002.0,0.0,0.0,,100.0
2025-11-02 23:00:00,-5.1,-4.5,,-5.7,,48.0,1.2,2.9,326.0,23.0,1001.5,0.0,0.0,,100.0
2025-11-03 00:00:00,-5.0,-4.5,-4.5,-5.4,-5.9,50.0,2.1,7.1,328.0,354.0,1000.9,0.0,0.0,0.0,100.0
2025-11-03 01:00:00,-4.4,-4.1,,-4.6,,54.0,2.4,5.7,334.0,355.0,1000.2,0.0,0.0,,90.0
2025-11-03 02:00:00,-3.8,-3.3,,-4.2,,54.0,1.0,3.1,8.0,343.0,999.6,0.0,0.0,,100.0
2025-11-03 03:00:00,-3.9,-3.3,,-4.2,,63.0,1.0,2.6,149.0,182.0,999.2,0.0,0.0,,100.0
2025-11-03 04:00:00,-3.4,-1.7,,-4.1,,62.0,1.4,6.2,284.0,347.0,998.7,0.0,0.0,,100.0
2025-11-03 05:00:00,-2.3,-1.5,,-3.0,,62.0,2.0,10.6,29.0,22.0,997.6,0.0,0.0,,100.0
2025-11-03 06:00:00,-1.2,-0.8,-0.8,-1.7,-5.7,65.0,6.4,12.6,16.0,12.0,997.2,0.0,0.0,0.0,100.0
2025-11-03 07:00:00,-0.8,-0.3,,-1.4,,66.0,8.8,17.2,339.0,6.0,997.0,0.0,0.0,,100.0
2025-11-03 08:00:00,-0.6,-0.3,,-0.9,,65.0,7.3,16.3,18.0,8.0,996.7,0.0,0.0,,100.0
2025-11-03 09:00:00,-0.8,-0.4,,-1.6,,65.0,7.8,13.7,23.0,23.0,996.5,0.0,0.0,,100.0
2025-11-03 10:00:00,-1.6,-1.2,,-2.1,,67.0,5.0,12.5,22.0,16.0,996.7,0.0,0.0,,100.0
2025-11-03 11:00:00,-1.4,-1.2,,-1.6,,67.0,2.6,8.5,13.0,13.0,996.4,7.0,0.0,,100.0
2025-11-03 12:00:00,-1.6,-0.9,-0.2,-2.0,-4.6,65.0,3.2,9.3,310.0,329.0,995.8,14.0,0.0,0.0,100.0
2025-11-03 13:00:00,-1.3,-0.8,,-1.8,,66.0,2.2,4.9,304.0,316.0,995.5,15.0,0.0,,100.0
2025-11-03 14:00:00,-0.9,-0.4,,-1.3,,67.0,1.4,3.8,34.0,292.0,994.9,23.0,0.0,,100.0
2025-11-03 15:00:00,-0.6,0.0,,-1.0,,68.0,1.2,2.8,357.0,28.0,994.1,16.0,0.0,,100.0
2025-11-03 16:00:00,-0.3,0.4,,-1.1,,67.0,0.9,3.4,173.0,202.0,993.5,7.0,0.0,,100.0
2025-11-03 17:00:00,0.3,1.5,,-1.0,,69.0,2.5,8.6,302.0,335.0,993.1,1.0,0.0,,100.0
2025-11-03 18:00:00,0.5,1.6,1.6,-0.5,-2.1,69.0,3.0,10.0,320.0,301.0,993.0,0.0,0.0,0.0,100.0
2025-11-03 19:00:00,1.9,2.2,,1.3,,69.0,7.7,14.3,328.0,343.0,992.7,0.0,0.0,,100.0
2025-11-03 20:00:00,1.7,2.1,,1.4,,69.0,4.2,11.8,327.0,298.0,992.8,0.0,0.0,,100.0
2025-11-03 21:00:00,1.0,1.7,,0.5,,73.0,5.7,12.0,23.0,349.0,992.6,0.0,0.0,,100.0
2025-11-03 22:00:00,1.0,1.2,,0.6,,73.0,8.3,14.3,18.0,359.0,992.6,0.0,0.0,,100.0
2025-11-03 23:00:00,1.0,1.4,,0.8,,77.0,8.1,17.3,27.0,23.0,992.8,0.0,0.0,,100.0
2025-11-04 00:00:00,0.7,1.1,2.2,0.5,-1.7,80.0,8.1,12.7,26.0,33.0,992.4,0.0,0.0,0.0,100.0
2025-11-04 02:00:00,0.2,0.4,,0.0,,80.0,0.9,4.6,300.0,269.0,992.9,0.0,0.0,,100.0
2025-11-04 03:00:00,-0.3,0.1,,-0.6,,87.0,1.2,2.5,308.0,311.0,992.9,0.0,0.1,,100.0
2025-11-04 04:00:00,-0.3,0.2,,-0.5,,89.0,1.6,4.1,13.0,16.0,992.7,0.0,0.1,,100.0
2025-11-04 05:00:00,-0.7,-0.2,,-1.2,,95.0,1.3,3.0,155.0,254.0,992.9,0.0,0.0,,100.0
2025-11-04 06:00:00,-0.6,0.0,2.2,-1.1,-1.2,93.0,0.8,2.3,23.0,27.0,993.1,0.0,0.0,0.1,100.0
2025-11-04 07:00:00,-0.4,0.0,,-0.8,,81.0,2.1,6.0,26.0,36.0,993.3,0.0,0.0,,100.0
2025-11-04 08:00:00,-0.8,-0.1,,-1.3,,77.0,2.6,6.3,64.0,25.0,993.8,0.0,0.0,,100.0
2025-11-04 09:00:00,-1.0,-0.8,,-1.2,,80.0,1.0,4.6,41.0,32.0,994.3,0.0,0.0,,100.0
2025-11-04 10:00:00,-1.4,-0.8,,-1.6,,84.0,0.5,2.0,46.0,167.0,994.6,0.0,0.0,,100.0
2025-11-04 11:00:00,-1.3,-1.0,,-1.6,,83.0,1.1,3.2,292.0,286.0,995.0,3.0,0.0,,100.0
2025-11-04 12:00:00,-1.7,-1.6,0.9,-1.8,-1.8,84.0,0.5,1.4,263.0,242.0,995.6,15.0,0.0,0.1,100.0
2025-11-04 13:00:00,-1.7,-1.6,,-1.8,,83.0,0.5,1.5,322.0,330.0,996.1,28.0,0.0,,100.0
2025-11-04 14:00:00,-1.6,-1.3,,-1.8,,77.0,1.6,7.9,38.0,3.0,996.4,28.0,0.0,,100.0
2025-11-04 15:00:00,-1.8,-1.2,,-2.1,,70.0,4.8,11.6,19.0,26.0,997.4,20.0,0.0,,100.0
2025-11-04 16:00:00,-2.0,-1.9,,-2.2,,79.0,1.0,3.4,69.0,351.0,998.0,8.0,0.0,,100.0
2025-11-04 17:00:00,-2.0,-1.5,,-2.2,,68.0,5.7,11.8,28.0,25.0,998.8,1.0,0.0,,100.0
2025-11-04 18:00:00,-2.1,-1.8,0.0,-2.3,-2.3,65.0,8.5,16.4,14.0,24.0,999.8,0.0,0.0,0.1,100.0
2025-11-04 19:00:00,-2.0,-1.7,,-2.2,,65.0,9.6,16.4,26.0,23.0,1000.2,0.0,0.0,,100.0
2025-11-04 20:00:00,-2.2,-1.9,,-2.4,,61.0,11.8,18.4,24.0,25.0,1001.6,0.0,0.0,,100.0
2025-11-04 21:00:00,-2.5,-2.3,,-2.7,,67.0,11.9,17.8,22.0,24.0,1002.5,0.0,0.0,,100.0
2025-11-04 22:00:00,-2.7,-2.6,,-2.9,,64.0,11.0,17.1,26.0,24.0,1003.5,0.0,0.0,,100.0
2025-11-04 23:00:00,-2.6,-2.3,,-2.9,,56.0,11.0,16.6,25.0,25.0,1004.4,0.0,0.0,,100.0
2025-11-05 00:00:00,-3.1,-2.8,-1.2,-3.5,-3.5,60.0,12.1,17.8,40.0,33.0,1004.9,0.0,0.0,0.1,100.0
2025-11-05 01:00:00,-3.5,-3.2,,-3.8,,62.0,10.7,17.3,26.0,32.0,1006.0,0.0,0.0,,100.0
2025-11-05 02:00:00,-3.4,-3.1,,-3.6,,52.0,11.4,17.9,25.0,27.0,1006.6,0.0,0.0,,100.0
2025-11-05 03:00:00,-3.4,-3.2,,-3.5,,42.0,11.9,17.8,25.0,24.0,1007.1,0.0,0.0,,100.0
2025-11-05 04:00:00,-3.3,-2.9,,-3.7,,39.0,10.0,14.6,30.0,24.0,1007.9,0.0,0.0,,100.0
2025-11-05 05:00:00,-3.5,-3.2,,-3.7,,38.0,9.0,12.4,48.0,44.0,1008.7,0.0,0.0,,100.0
2025-11-05 06:00:00,-3.7,-3.3,-1.7,-3.9,-3.9,37.0,8.1,12.4,42.0,44.0,1009.6,0.0,0.0,0.0,100.0
2025-11-05 07:00:00,-3.9,-3.6,,-4.4,,39.0,5.4,9.9,24.0,43.0,1010.3,0.0,0.0,,100.0
2025-11-05 08:00:00,-4.1,-3.8,,-4.4,,42.0,3.9,5.7,22.0,22.0,1011.0,0.0,0.0,,100.0
2025-11-05 09:00:00,-3.7,-3.4,,-4.1,,40.0,0.8,2.9,73.0,36.0,1011.7,0.0,0.0,,100.0
2025-11-05 10:00:00,-4.8,-3.9,,-5.3,,51.0,1.2,2.7,34.0,43.0,1012.3,0.0,0.0,,100.0
2025-11-05 11:00:00,-5.6,-5.0,,-6.0,,54.0,2.4,3.6,22.0,21.0,1012.8,3.0,0.0,,25.0
2025-11-05 12:00:00,-6.2,-5.7,-2.9,-6.5,-6.5,53.0,2.9,3.9,22.0,23.0,1013.5,12.0,0.0,0.0,10.0
2025-11-05 13:00:00,-6.5,-6.0,,-6.7,,53.0,3.2,4.7,26.0,23.0,1013.8,40.0,0.0,,0.0
2025-11-05 14:00:00,-6.1,-5.7,,-6.5,,52.0,2.8,4.2,23.0,25.0,1014.2,49.0,0.0,,0.0
2025-11-05 15:00:00,-6.0,-5.5,,-6.5,,51.0,2.5,4.4,26.0,24.0,1014.8,32.0,0.0,,0.0
2025-11-05 16:00:00,-6.6,-6.0,,-7.6,,52.0,2.7,4.4,25.0,25.0,1015.1,14.0,0.0,,0.0
2025-11-05 17:00:00,-7.6,-7.3,,-7.9,,54.0,2.6,4.0,23.0,21.0,1015.6,0.0,0.0,,0.0
2025-11-05 18:00:00,-7.6,-7.1,-3.4,-8.1,-8.1,55.0,2.5,4.2,30.0,21.0,1016.1,0.0,0.0,0.0,0.0
2025-11-05 19:00:00,-8.2,-7.9,,-8.7,,60.0,3.1,4.2,18.0,20.0,1016.7,0.0,0.0,,0.0
2025-11-05 20:00:00,-8.1,-7.8,,-8.3,,70.0,3.1,4.4,23.0,22.0,1017.3,0.0,0.0,,0.0
2025-11-05 21:00:00,-8.2,-8.0,,-8.5,,75.0,3.2,5.1,21.0,22.0,1017.6,0.0,0.0,,0.0
2025-11-05 22:00:00,-8.2,-7.9,,-8.6,,79.0,2.9,4.8,21.0,21.0,1017.9,0.0,0.0,,0.0
2025-11-05 23:00:00,-8.6,-8.3,,-8.9,,82.0,3.2,4.9,23.0,22.0,1018.4,0.0,0.0,,0.0
2025-11-06 00:00:00,-8.7,-8.3,-5.5,-9.0,-9.0,81.0,3.2,4.4,35.0,23.0,1018.6,0.0,0.0,0.0,0.0
2025-11-06 01:00:00,-8.3,-7.6,,-8.8,,79.0,2.8,5.0,28.0,27.0,1019.0,0.0,0.0,,0.0
2025-11-06 02:00:00,-8.3,-7.7,,-8.7,,75.0,2.7,4.4,28.0,30.0,1019.1,0.0,0.0,,0.0
2025-11-06 03:00:00,-8.3,-7.4,,-8.7,,72.0,2.5,4.5,27.0,36.0,1019.2,0.0,0.0,,0.0
2025-11-06 04:00:00,-8.7,-8.1,,-9.4,,72.0,3.7,4.7,22.0,20.0,1019.1,0.0,0.0,,0.0
2025-11-06 05:00:00,-8.6,-7.6,,-9.2,,68.0,2.5,4.3,21.0,33.0,1019.5,0.0,0.0,,0.0
2025-11-06 06:00:00,-8.9,-8.7,-7.4,-9.3,-9.4,66.0,3.2,4.7,26.0,23.0,1019.9,0.0,0.0,0.0,0.0
2025-11-06 07:00:00,-8.8,-8.0,,-9.3,,62.0,3.4,5.0,27.0,21.0,1020.1,0.0,0.0,,0.0
2025-11-06 08:00:00,-8.8,-8.1,,-9.2,,59.0,3.0,4.8,29.0,22.0,1020.2,0.0,0.0,,0.0
2025-11-06 09:00:00,-8.9,-8.5,,-9.2,,60.0,2.6,3.9,19.0,24.0,1020.5,0.0,0.0,,0.0
2025-11-06 10:00:00,-8.7,-8.1,,-9.1,,59.0,2.8,4.8,35.0,22.0,1020.6,0.0,0.0,,0.0
2025-11-06 11:00:00,-8.4,-7.1,,-9.4,,61.0,2.5,6.1,4.0,21.0,1020.7,4.0,0.0,,0.0
2025-11-06 12:00:00,-8.5,-8.0,-7.1,-9.0,-9.4,57.0,2.9,4.8,23.0,20.0,1020.4,16.0,0.0,0.0,0.0
2025-11-06 13:00:00,-8.2,-7.8,,-8.6,,56.0,2.2,4.1,35.0,24.0,1019.9,41.0,0.0,,0.0
2025-11-06 14:00:00,-7.9,-7.2,,-8.5,,57.0,0.7,2.6,60.0,34.0,1019.5,45.0,0.0,,0.0
2025-11-06 15:00:00,-8.4,-8.1,,-8.7,,61.0,2.7,4.3,25.0,24.0,1019.1,29.0,0.0,,0.0
2025-11-06 16:00:00,-8.1,-7.8,,-8.4,,62.0,3.4,4.9,20.0,23.0,1018.6,11.0,0.0,,0.0
2025-11-06 17:00:00,-7.7,-7.1,,-8.2,,61.0,3.2,5.2,34.0,26.0,1018.4,0.0,0.0,,0.0
2025-11-06 18:00:00,-7.7,-7.2,-7.1,-8.1,-9.4,63.0,2.7,4.5,25.0,29.0,1018.0,0.0,0.0,0.0,0.0
2025-11-06 19:00:00,-7.0,-6.4,,-7.9,,61.0,2.2,4.0,33.0,30.0,1018.0,0.0,0.0,,0.0
2025-11-06 20:00:00,-8.2,-7.6,,-8.9,,59.0,2.8,4.4,21.0,27.0,1018.1,0.0,0.0,,0.0
2025-11-06 21:00:00,-8.1,-7.2,,-8.6,,57.0,2.7,4.3,21.0,23.0,1017.8,0.0,0.0,,0.0
2025-11-06 22:00:00,-8.2,-7.8,,-8.7,,56.0,3.1,4.5,24.0,21.0,1017.7,0.0,0.0,,0.0
2025-11-06 23:00:00,-8.7,-8.2,,-9.1,,59.0,3.1,4.7,20.0,20.0,1017.8,0.0,0.0,,0.0
2025-11-07 00:00:00,-8.9,-8.6,-6.4,-9.2,-9.2,62.0,3.1,4.7,21.0,20.0,1017.8,0.0,0.0,0.0,0.0
2025-11-07 01:00:00,-8.5,-7.9,,-9.8,,66.0,1.2,3.3,39.0,33.0,1018.0,0.0,0.0,,0.0
2025-11-07 02:00:00,-9.0,-7.8,,-9.8,,66.0,1.9,4.5,36.0,41.0,1017.5,0.0,0.0,,0.0
2025-11-07 03:00:00,-8.9,-8.4,,-9.4,,64.0,1.7,3.6,81.0,42.0,1017.1,0.0,0.0,,0.0
2025-11-07 04:00:00,-8.9,-7.6,,-9.8,,65.0,1.9,4.0,53.0,44.0,1016.7,0.0,0.0,,0.0
2025-11-07 05:00:00,-7.8,-7.0,,-8.8,,60.0,1.9,4.5,92.0,88.0,1016.6,0.0,0.0,,0.0
2025-11-07 06:00:00,-7.3,-6.2,-6.2,-8.4,-9.8,62.0,2.4,6.0,41.0,75.0,1016.4,0.0,0.0,0.0,0.0
2025-11-07 07:00:00,-6.2,-5.5,,-7.1,,51.0,1.6,5.1,56.0,57.0,1017.0,0.0,0.0,,0.0
2025-11-07 08:00:00,-5.6,-4.9,,-6.2,,43.0,2.7,4.8,63.0,52.0,1017.6,0.0,0.0,,0.0
2025-11-07 09:00:00,-5.6,-4.9,,-6.1,,45.0,2.7,5.8,76.0,68.0,1018.6,0.0,0.0,,0.0
2025-11-07 10:00:00,-6.1,-5.0,,-6.9,,49.0,2.3,4.4,45.0,67.0,1019.3,0.0,0.0,,0.0
2025-11-07 11:00:00,-6.1,-4.8,,-7.6,,48.0,1.7,3.6,34.0,43.0,1019.8,2.0,0.0,,0.0
2025-11-07 12:00:00,-7.1,-5.9,-4.8,-7.8,-9.8,49.0,2.5,4.7,32.0,23.0,1019.9,15.0,0.0,0.0,0.0
2025-11-07 13:00:00,-6.8,-6.0,,-7.5,,48.0,1.3,2.7,22.0,30.0,1020.3,36.0,0.0,,0.0
2025-11-07 14:00:00,-6.8,-5.2,,-8.0,,49.0,2.3,5.0,316.0,25.0,1020.3,42.0,0.0,,0.0
2025-11-07 15:00:00,-6.0,-5.5,,-6.9,,49.0,0.5,2.0,358.0,77.0,1020.8,26.0,0.0,,0.0
2025-11-07 16:00:00,-6.5,-5.8,,-7.3,,51.0,0.8,2.8,316.0,12.0,1021.0,9.0,0.0,,0.0
2025-11-07 17:00:00,-7.2,-6.0,,-8.2,,54.0,1.3,3.6,44.0,41.0,1021.2,0.0,0.0,,0.0
2025-11-07 18:00:00,-6.9,-6.1,-4.8,-8.3,-8.3,52.0,1.3,4.2,149.0,46.0,1022.3,0.0,0.0,0.0,0.0
2025-11-07 19:00:00,-7.6,-6.6,,-8.6,,56.0,2.0,4.3,22.0,23.0,1023.0,0.0,0.0,,0.0
2025-11-07 20:00:00,-8.0,-6.9,,-8.9,,55.0,2.4,4.8,31.0,25.0,1023.7,0.0,0.0,,0.0
2025-11-07 21:00:00,-7.8,-6.6,,-8.6,,55.0,1.6,3.4,29.0,32.0,1024.1,0.0,0.0,,0.0
2025-11-07 22:00:00,-8.4,-7.6,,-8.9,,58.0,1.9,3.8,32.0,24.0,1024.5,0.0,0.0,,0.0
2025-11-07 23:00:00,-6.8,-5.9,,-7.6,,57.0,0.7,2.6,60.0,67.0,1025.3,0.0,0.0,,0.0
2025-11-08 00:00:00,-6.6,-5.5,-5.2,-7.2,-8.9,55.0,1.6,7.9,24.0,9.0,1026.1,0.0,0.0,0.0,0.0
2025-11-08 01:00:00,-6.6,-4.7,,-7.7,,56.0,8.6,13.2,25.0,37.0,1027.1,0.0,0.0,,0.0
2025-11-08 02:00:00,-6.3,-5.6,,-7.0,,59.0,9.9,14.6,43.0,35.0,1027.9,0.0,0.0,,0.0
2025-11-08 03:00:00,-5.2,-5.0,,-5.5,,65.0,11.8,16.4,20.0,44.0,1028.8,0.0,0.0,,0.0
2025-11-08 04:00:00,-4.2,-3.7,,-5.2,,68.0,8.9,17.0,29.0,26.0,1030.2,0.0,0.0,,25.0
2025-11-08 05:00:00,-4.1,-3.9,,-4.4,,70.0,6.9,11.7,28.0,26.0,1031.3,0.0,0.0,,100.0
2025-11-08 06:00:00,-4.8,-4.3,-3.7,-5.3,-8.9,76.0,8.2,13.8,61.0,54.0,1031.6,0.0,0.0,0.0,10.0
2025-11-08 07:00:00,-5.4,-5.1,,-5.6,,68.0,11.8,15.8,36.0,57.0,1032.5,0.0,0.0,,0.0
2025-11-08 08:00:00,-5.8,-5.5,,-6.4,,56.0,9.3,13.2,32.0,27.0,1033.4,0.0,0.0,,0.0
2025-11-08 09:00:00,-6.8,-6.3,,-7.1,,60.0,10.4,15.4,34.0,34.0,1033.8,0.0,0.0,,
2025-11-08 10:00:00,-7.2,-6.8,,-7.6,,63.0,10.3,15.9,30.0,27.0,1034.1,0.0,0.0,,10.0
2025-11-08 11:00:00,-7.0,-6.8,,-7.3,,65.0,10.4,16.9,40.0,35.0,1034.0,2.0,0.0,,0.0
2025-11-08 12:00:00,-7.3,-6.5,-3.7,-7.8,-7.8,65.0,7.7,13.5,24.0,25.0,1034.8,9.0,0.0,0.0,0.0
2025-11-08 13:00:00,-7.6,-7.2,,-8.1,,61.0,4.1,7.4,29.0,15.0,1034.8,21.0,0.0,,0.0
2025-11-08 14:00:00,-8.2,-7.2,,-8.8,,59.0,4.3,6.2,25.0,25.0,1034.3,18.0,0.0,,0.0
2025-11-08 15:00:00,-8.9,-8.4,,-9.2,,59.0,3.7,5.3,23.0,24.0,1034.0,13.0,0.0,,0.0
2025-11-08 16:00:00,-9.4,-8.8,,-9.8,,61.0,3.0,4.8,21.0,23.0,1033.3,4.0,0.0,,0.0
2025-11-08 17:00:00,-9.6,-9.2,,-10.0,,62.0,3.2,4.6,18.0,23.0,1032.9,0.0,0.0,,0.0
2025-11-08 18:00:00,-9.9,-9.7,-5.1,-10.1,-10.1,65.0,3.4,4.6,22.0,20.0,1032.6,0.0,0.0,0.0,0.0
2025-11-08 19:00:00,-10.2,-9.9,,-10.4,,70.0,3.3,5.0,31.0,22.0,1032.2,0.0,0.0,,0.0
2025-11-08 20:00:00,-10.2,-9.8,,-10.6,,72.0,3.3,4.5,18.0,21.0,1031.7,0.0,0.0,,0.0
2025-11-08 21:00:00,-9.8,-9.4,,-10.3,,67.0,2.0,4.0,40.0,29.0,1031.3,0.0,0.0,,0.0
2025-11-08 22:00:00,-9.9,-9.5,,-10.7,,64.0,3.0,4.6,52.0,53.0,1031.1,0.0,0.0,,0.0
2025-11-08 23:00:00,-10.2,-9.4,,-10.5,,72.0,4.0,5.3,55.0,60.0,1030.6,0.0,0.0,,0.0
2025-11-09 00:00:00,-9.4,-8.5,-7.2,-10.3,-10.7,72.0,3.1,4.4,55.0,54.0,1030.3,0.0,0.0,0.0,0.0
2025-11-09 01:00:00,-9.0,-8.4,,-10.4,,73.0,3.8,4.9,59.0,55.0,1030.1,0.0,0.0,,0.0
2025-11-09 02:00:00,-8.7,-8.4,,-9.5,,73.0,4.4,5.4,81.0,73.0,1029.4,0.0,0.0,,40.0
2025-11-09 03:00:00,-8.5,-8.3,,-8.8,,72.0,5.0,6.2,79.0,83.0,1029.1,0.0,0.0,,0.0
2025-11-09 04:00:00,-8.3,-7.6,,-8.9,,72.0,4.2,5.5,57.0,68.0,1028.9,0.0,0.0,,10.0
2025-11-09 05:00:00,-8.6,-7.9,,-9.4,,74.0,3.7,5.6,28.0,36.0,1028.5,0.0,0.0,,100.0
2025-11-09 06:00:00,-7.4,-6.4,-6.4,-8.1,-10.7,73.0,3.3,4.8,42.0,51.0,1028.2,0.0,0.0,0.0,100.0
2025-11-09 07:00:00,-6.7,-6.0,,-7.5,,74.0,2.6,4.1,49.0,58.0,1028.2,0.0,0.0,,100.0
2025-11-09 08:00:00,-6.6,-6.2,,-7.1,,75.0,3.2,4.8,18.0,27.0,1028.3,0.0,0.0,,100.0
2025-11-09 09:00:00,-6.2,-5.9,,-6.5,,74.0,3.1,4.7,18.0,23.0,1028.3,0.0,0.0,,100.0
2025-11-09 10:00:00,-6.2,-5.9,,-6.5,,76.0,1.3,3.5,209.0,64.0,1028.7,0.0,0.0,,100.0
2025-11-09 11:00:00,-6.7,-6.4,,-7.0,,86.0,1.4,3.5,219.0,248.0,1028.9,1.0,0.0,,100.0
2025-11-09 12:00:00,-7.0,-6.9,-5.9,-7.3,-10.4,87.0,0.8,2.3,56.0,290.0,1029.1,5.0,0.1,0.0,100.0
2025-11-09 13:00:00,-7.3,-7.1,,-7.4,,87.0,0.9,2.0,220.0,40.0,1028.8,10.0,0.1,,100.0
2025-11-09 14:00:00,-7.1,-6.9,,-7.3,,90.0,0.6,2.4,280.0,270.0,1028.7,19.0,0.1,,100.0
2025-11-09 15:00:00,-7.1,-6.4,,-7.7,,84.0,2.5,7.4,146.0,42.0,1028.7,13.0,0.1,,100.0
2025-11-09 16:00:00,-7.4,-6.6,,-7.8,,88.0,2.3,8.2,59.0,83.0,1028.9,4.0,0.0,,100.0
2025-11-09 17:00:00,-6.9,-6.2,,-7.4,,83.0,1.8,8.8,69.0,73.0,1029.4,0.0,0.1,,100.0
2025-11-09 18:00:00,-7.2,-6.6,-5.9,-7.9,-7.9,81.0,4.9,9.8,44.0,29.0,1029.5,0.0,0.0,0.5,100.0
2025-11-09 19:00:00,-7.9,-7.6,,-8.3,,81.0,7.7,10.6,32.0,25.0,1030.0,0.0,0.0,,100.0
2025-11-09 20:00:00,-8.0,-7.7,,-8.4,,78.0,7.6,11.3,24.0,26.0,1030.4,0.0,0.0,,100.0
2025-11-09 21:00:00,-7.7,-7.1,,-8.2,,75.0,5.8,10.5,26.0,27.0,1030.7,0.0,0.0,,100.0
2025-11-09 22:00:00,-7.2,-6.6,,-8.3,,74.0,5.0,9.8,40.0,36.0,1030.5,0.0,0.0,,100.0
2025-11-09 23:00:00,-7.9,-7.3,,-8.2,,76.0,6.8,9.0,60.0,37.0,1030.7,0.0,0.0,,100.0
2025-11-10 00:00:00,-8.0,-7.1,-6.2,-8.8,-8.8,75.0,7.2,10.7,22.0,27.0,1030.7,0.0,0.0,0.5,100.0
2025-11-10 01:00:00,-8.8,-8.6,,-9.0,,78.0,8.0,10.4,24.0,34.0,1030.7,0.0,0.0,,100.0
2025-11-10 02:00:00,-8.4,-7.4,,-9.0,,75.0,7.0,9.8,48.0,32.0,1030.4,0.0,0.0,,100.0
2025-11-10 03:00:00,-7.9,-7.5,,-8.5,,71.0,5.9,10.0,24.0,29.0,1030.2,0.0,0.0,,100.0
2025-11-10 04:00:00,-8.7,-8.4,,-9.1,,74.0,6.7,9.9,29.0,26.0,1029.8,0.0,0.0,,100.0
2025-11-10 05:00:00,-8.9,-8.7,,-9.1,,73.0,7.4,10.3,16.0,20.0,1029.6,0.0,0.0,,100.0
2025-11-10 06:00:00,-8.7,-8.1,-6.6,-9.2,-9.2,72.0,5.8,9.5,23.0,26.0,1029.7,0.0,0.0,0.5,100.0
2025-11-10 07:00:00,-8.8,-8.3,,-9.4,,72.0,7.2,11.7,24.0,24.0,1029.5,0.0,0.0,,100.0
2025-11-10 08:00:00,-8.7,-8.1,,-9.3,,69.0,7.8,13.0,41.0,28.0,1029.3,0.0,0.0,,100.0
2025-11-10 09:00:00,-8.5,-7.9,,-9.4,,65.0,9.5,15.2,22.0,40.0,1029.0,0.0,0.0,,100.0
2025-11-10 10:00:00,-8.7,-8.3,,-9.1,,66.0,9.4,14.0,48.0,41.0,1029.2,0.0,0.0,,100.0
2025-11-10 11:00:00,-8.8,-8.6,,-9.0,,67.0,9.4,13.2,58.0,53.0,1029.2,1.0,0.0,,100.0
2025-11-10 12:00:00,-9.1,-8.8,-7.4,-9.5,-9.5,70.0,8.8,13.1,37.0,46.0,1029.1,6.0,0.0,0.4,100.0
2025-11-10 13:00:00,-9.4,-9.2,,-9.5,,70.0,9.7,13.3,33.0,37.0,1028.8,12.0,0.0,,100.0
2025-11-10 14:00:00,-9.4,-9.1,,-9.5,,68.0,8.9,14.9,35.0,27.0,1028.7,15.0,0.0,,100.0
2025-11-10 15:00:00,-9.6,-9.4,,-9.8,,68.0,9.2,12.2,47.0,45.0,1028.4,9.0,0.0,,100.0
2025-11-10 16:00:00,-10.0,-9.8,,-10.1,,71.0,9.0,11.9,56.0,46.0,1028.5,2.0,0.0,,100.0
2025-11-10 17:00:00,-9.8,-9.5,,-10.0,,70.0,7.5,10.8,26.0,37.0,1028.5,0.0,0.0,,100.0
2025-11-10 18:00:00,-9.9,-9.6,-7.9,-10.1,-10.1,71.0,5.8,8.3,25.0,25.0,1028.7,0.0,0.0,0.0,100.0
2025-11-10 19:00:00,-10.1,-9.8,,-10.3,,74.0,5.4,9.2,27.0,36.0,1028.8,0.0,0.0,,100.0
2025-11-10 20:00:00,-10.0,-9.8,,-10.3,,74.0,3.9,7.3,34.0,39.0,1028.6,0.0,0.0,,100.0
2025-11-10 21:00:00,-10.2,-10.0,,-10.4,,76.0,4.7,7.6,24.0,36.0,1028.5,0.0,0.0,,100.0
2025-11-10 22:00:00,-10.3,-10.1,,-10.4,,76.0,4.3,6.7,38.0,37.0,1028.4,0.0,0.0,,100.0
2025-11-10 23:00:00,-10.5,-10.3,,-10.7,,77.0,5.6,7.7,36.0,31.0,1028.3,0.0,0.0,,100.0
2025-11-11 00:00:00,-10.7,-10.5,-9.1,-10.9,-10.9,77.0,5.5,7.7,41.0,34.0,1028.2,0.0,0.0,0.0,100.0
2025-11-11 01:00:00,-11.0,-10.7,,-11.1,,77.0,6.0,8.3,36.0,29.0,1028.1,0.0,0.0,,100.0
2025-11-11 02:00:00,-11.4,-11.1,,-11.9,,78.0,6.2,8.6,18.0,24.0,1027.8,0.0,0.0,,100.0
2025-11-11 03:00:00,-12.0,-11.8,,-12.2,,78.0,5.8,8.4,32.0,33.0,1027.6,0.0,0.0,,25.0
2025-11-11 04:00:00,-12.2,-12.0,,-12.5,,80.0,5.8,7.9,50.0,34.0,1027.5,0.0,0.0,,0.0
2025-11-11 05:00:00,-12.4,-12.1,,-13.1,,79.0,5.1,7.7,19.0,38.0,1027.3,0.0,0.0,,0.0
2025-11-11 06:00:00,-13.0,-12.6,-9.8,-13.2,-13.2,74.0,3.6,6.4,16.0,24.0,1027.3,0.0,0.0,0.0,0.0
2025-11-11 07:00:00,-13.5,-13.2,,-13.9,,70.0,2.0,3.1,46.0,30.0,1027.0,0.0,0.0,,0.0
2025-11-11 08:00:00,-13.7,-13.4,,-14.1,,68.0,1.8,2.7,33.0,26.0,1027.1,0.0,0.0,,0.0
2025-11-11 09:00:00,-14.1,-13.8,,-14.5,,67.0,2.5,4.5,23.0,22.0,1026.9,0.0,0.0,,0.0
2025-11-11 10:00:00,-13.5,-12.7,,-14.1,,66.0,2.5,4.5,38.0,22.0,1026.8,0.0,0.0,,0.0
2025-11-11 11:00:00,-13.6,-12.9,,-14.0,,68.0,1.6,3.6,25.0,27.0,1026.5,1.0,0.0,,0.0
2025-11-11 12:00:00,-13.3,-12.8,-10.7,-14.0,-14.5,67.0,2.0,3.8,57.0,26.0,1026.1,8.0,0.0,0.0,0.0
2025-11-11 13:00:00,-13.1,-12.6,,-13.4,,70.0,1.0,3.4,240.0,14.0,1026.0,24.0,0.0,,0.0
2025-11-11 14:00:00,-13.1,-12.6,,-13.6,,74.0,0.6,2.0,356.0,43.0,1025.8,26.0,0.0,,0.0
2025-11-11 15:00:00,-13.6,-13.4,,-14.0,,79.0,0.5,2.5,34.0,321.0,1025.4,14.0,0.0,,0.0
2025-11-11 16:00:00,-13.5,-12.7,,-14.1,,72.0,1.3,3.1,23.0,23.0,1025.2,3.0,0.0,,0.0
2025-11-11 17:00:00,-13.6,-13.4,,-14.1,,76.0,0.6,2.5,53.0,37.0,1024.9,0.0,0.0,,0.0
2025-11-11 18:00:00,-13.7,-13.4,-12.6,-14.2,-14.5,77.0,0.9,3.0,28.0,31.0,1024.9,0.0,0.0,0.0,0.0
2025-11-11 19:00:00,-13.8,-13.3,,-14.1,,71.0,1.2,2.9,52.0,30.0,1025.1,0.0,0.0,,0.0
2025-11-11 20:00:00,-13.8,-13.5,,-14.2,,74.0,0.3,1.2,0.0,26.0,1025.4,0.0,0.0,,0.0
2025-11-11 21:00:00,-13.9,-13.7,,-14.3,,75.0,0.7,1.9,71.0,88.0,1025.3,0.0,0.0,,0.0
2025-11-11 22:00:00,-13.9,-13.5,,-14.3,,73.0,0.8,2.3,122.0,76.0,1025.3,0.0,0.0,,0.0
2025-11-11 23:00:00,-13.9,-13.5,,-14.8,,73.0,1.2,3.1,56.0,62.0,1025.2,0.0,0.0,,0.0
2025-11-12 00:00:00,-13.7,-13.1,-12.6,-14.2,-14.8,75.0,1.2,3.1,85.0,106.0,1025.6,0.0,0.0,0.0,0.0
2025-11-12 01:00:00,-13.4,-12.9,,-14.0,,70.0,1.2,3.7,101.0,39.0,1025.7,0.0,0.0,,0.0
2025-11-12 02:00:00,-13.4,-12.5,,-14.2,,76.0,3.1,6.7,86.0,89.0,1025.5,0.0,0.0,,10.0
2025-11-12 03:00:00,-13.2,-12.8,,-13.4,,79.0,2.5,4.3,72.0,96.0,1025.7,0.0,0.0,,40.0
2025-11-12 04:00:00,-12.7,-11.8,,-13.4,,77.0,1.0,2.8,77.0,106.0,1025.9,0.0,0.0,,0.0
2025-11-12 05:00:00,-13.2,-12.1,,-13.8,,73.0,1.4,3.3,31.0,39.0,1026.4,0.0,0.0,,0.0
2025-11-12 06:00:00,-12.5,-11.9,-11.8,-13.1,-14.8,72.0,0.8,3.1,5.0,81.0,1026.8,0.0,0.0,0.0,0.0
2025-11-12 07:00:00,-12.4,-11.8,,-13.4,,75.0,1.3,3.8,60.0,104.0,1027.3,0.0,0.0,,0.0
2025-11-12 08:00:00,-12.2,-11.8,,-13.0,,73.0,2.5,5.2,112.0,71.0,1028.2,0.0,0.0,,0.0
2025-11-12 09:00:00,-12.1,-11.6,,-12.6,,76.0,1.7,3.9,44.0,63.0,1029.0,0.0,0.0,,0.0
2025-11-12 10:00:00,-12.6,-11.4,,-13.7,,72.0,1.3,3.3,30.0,39.0,1030.0,0.0,0.0,,0.0
2025-11-12 11:00:00,-12.9,-11.9,,-13.9,,69.0,2.4,4.4,43.0,31.0,1029.9,1.0,0.0,,0.0
2025-11-12 12:00:00,-11.9,-10.7,-10.7,-12.9,-14.2,71.0,1.3,3.0,46.0,50.0,1030.7,6.0,0.0,0.0,0.0
2025-11-12 13:00:00,-11.4,-10.7,,-12.6,,72.0,1.1,2.9,81.0,87.0,1031.6,22.0,0.0,,0.0
2025-11-12 14:00:00,-11.9,-10.8,,-12.7,,73.0,1.9,3.2,40.0,37.0,1030.8,23.0,0.0,,0.0
2025-11-12 15:00:00,-11.6,-10.9,,-12.9,,73.0,1.1,3.2,54.0,34.0,1030.7,10.0,0.0,,0.0
2025-11-12 16:00:00,-10.9,-9.9,,-12.9,,71.0,0.9,3.1,71.0,21.0,1031.0,3.0,0.0,,0.0
2025-11-12 17:00:00,-11.0,-10.5,,-11.7,,74.0,1.1,2.7,23.0,53.0,1031.4,0.0,0.0,,0.0
2025-11-12 18:00:00,-11.1,-10.4,-9.9,-11.7,-13.9,76.0,1.1,3.7,22.0,25.0,1031.2,0.0,0.0,0.0,0.0
2025-11-12 19:00:00,-11.1,-10.1,,-11.7,,72.0,2.8,4.4,37.0,23.0,1030.4,0.0,0.0,,0.0
2025-11-12 20:00:00,-9.9,-9.7,,-10.3,,75.0,0.6,1.4,356.0,212.0,1030.6,0.0,0.0,,0.0
2025-11-12 21:00:00,-10.3,-9.9,,-10.6,,75.0,0.5,1.9,75.0,17.0,1030.1,0.0,0.0,,10.0
2025-11-12 22:00:00,-10.5,-9.9,,-11.1,,75.0,0.4,2.1,359.0,57.0,1029.3,0.0,0.0,,0.0
2025-11-12 23:00:00,-11.2,-10.4,,-11.7,,75.0,0.6,1.8,68.0,37.0,1028.6,0.0,0.0,,40.0
2025-11-13 00:00:00,-10.9,-10.4,-9.7,-11.5,-12.9,76.0,0.9,2.4,21.0,43.0,1028.4,0.0,0.0,0.0,60.0
2025-11-13 01:00:00,-10.5,-9.7,,-11.5,,71.0,1.8,9.0,33.0,39.0,1028.0,0.0,0.0,,25.0
2025-11-13 02:00:00,-10.0,-9.6,,-10.5,,72.0,7.2,11.0,54.0,38.0,1027.2,0.0,0.0,,100.0
2025-11-13 03:00:00,-9.9,-9.5,,-10.4,,79.0,9.3,14.0,54.0,56.0,1026.2,0.0,0.0,,100.0
2025-11-13 04:00:00,-10.3,-10.0,,-10.4,,83.0,12.3,15.6,55.0,54.0,1025.9,0.0,0.0,,100.0
2025-11-13 05:00:00,-10.0,-9.9,,-10.1,,81.0,11.8,15.2,32.0,40.0,1025.5,0.0,0.0,,100.0
2025-11-13 06:00:00,-9.9,-9.6,-9.5,-10.1,-11.7,79.0,11.4,14.7,18.0,21.0,1025.2,0.0,0.0,0.0,100.0
2025-11-13 07:00:00,-9.4,-8.9,,-9.6,,75.0,9.3,13.8,27.0,28.0,1025.0,0.0,0.0,,100.0
2025-11-13 08:00:00,-9.3,-8.8,,-9.8,,77.0,9.4,13.7,40.0,33.0,1024.8,0.0,0.0,,100.0
2025-11-13 09:00:00,-8.9,-8.7,,-9.2,,76.0,9.7,14.0,36.0,34.0,1024.4,0.0,0.0,,100.0
2025-11-13 10:00:00,-8.9,-8.6,,-9.5,,77.0,10.4,14.4,57.0,49.0,1024.2,0.0,0.0,,100.0
2025-11-13 11:00:00,-9.2,-8.7,,-9.7,,79.0,8.0,11.9,27.0,31.0,1024.3,0.0,0.0,,10.0
2025-11-13 12:00:00,-9.6,-8.7,-8.6,-10.2,-11.5,74.0,5.5,10.0,42.0,36.0,1024.3,7.0,0.0,0.0,100.0
2025-11-13 13:00:00,-9.1,-8.7,,-9.6,,76.0,5.1,10.3,20.0,28.0,1024.6,12.0,0.0,,100.0
2025-11-13 14:00:00,-8.6,-8.3,,-9.0,,71.0,5.8,10.3,35.0,25.0,1024.4,11.0,0.0,,100.0
2025-11-13 15:00:00,-8.5,-8.1,,-9.0,,76.0,5.3,9.1,26.0,32.0,1024.3,6.0,0.0,,100.0
2025-11-13 16:00:00,-8.2,-7.8,,-8.7,,74.0,5.1,7.8,60.0,37.0,1024.6,1.0,0.0,,100.0
2025-11-13 17:00:00,-8.1,-7.7,,-8.5,,76.0,4.7,8.2,46.0,37.0,1024.8,0.0,0.0,,100.0
2025-11-13 18:00:00,-8.6,-8.3,-7.7,-8.8,-10.2,86.0,1.3,3.6,345.0,203.0,1025.2,0.0,0.0,0.0,100.0
2025-11-13 19:00:00,-8.3,-7.8,,-9.1,,81.0,2.2,5.5,360.0,4.0,1025.9,0.0,0.0,,100.0
2025-11-13 20:00:00,-8.2,-7.8,,-8.6,,84.0,1.1,2.9,137.0,135.0,1026.2,0.0,0.0,,100.0
2025-11-13 21:00:00,-8.6,-8.5,,-8.8,,88.0,0.5,2.2,201.0,153.0,1026.1,0.0,0.0,,100.0
2025-11-13 22:00:00,-9.1,-8.8,,-9.2,,93.0,0.8,2.2,182.0,202.0,1026.0,0.0,0.0,,100.0
2025-11-13 23:00:00,-9.6,-9.2,,-10.0,,93.0,1.1,2.6,49.0,40.0,1025.5,0.0,0.0,,100.0
2025-11-14 00:00:00,-9.6,-9.4,-7.7,-9.9,-10.0,89.0,0.7,2.0,201.0,69.0,1025.6,0.0,0.0,0.0,25.0
2025-11-14 01:00:00,-10.3,-9.6,,-11.0,,90.0,1.3,3.6,24.0,135.0,1025.4,0.0,0.0,,60.0
2025-11-14 02:00:00,-10.9,-10.3,,-11.4,,89.0,1.5,3.3,292.0,30.0,1025.2,0.0,0.0,,90.0
2025-11-14 03:00:00,-10.9,-10.5,,-11.4,,87.0,1.7,3.2,29.0,33.0,1023.9,0.0,0.0,,60.0
2025-11-14 04:00:00,-10.8,-10.2,,-11.4,,89.0,0.8,2.1,252.0,323.0,1023.0,0.0,0.0,,0.0
2025-11-14 05:00:00,-11.4,-10.9,,-12.0,,89.0,1.0,2.2,335.0,21.0,1022.5,0.0,0.0,,0.0
2025-11-14 06:00:00,-11.4,-10.9,-7.8,-12.0,-12.0,86.0,0.8,2.6,184.0,35.0,1021.8,0.0,0.0,0.0,0.0
2025-11-14 07:00:00,-11.0,-10.5,,-11.7,,83.0,1.2,3.1,33.0,132.0,1020.7,0.0,0.0,,0.0
2025-11-14 08:00:00,-11.4,-10.9,,-11.9,,83.0,1.2,2.9,152.0,96.0,1019.6,0.0,0.0,,0.0
2025-11-14 09:00:00,-11.4,-11.0,,-12.0,,86.0,1.4,2.8,108.0,116.0,1019.0,0.0,0.0,,0.0
2025-11-14 10:00:00,-10.9,-10.6,,-11.4,,84.0,1.9,3.9,144.0,139.0,1018.7,0.0,0.0,,0.0
2025-11-14 11:00:00,-10.9,-10.6,,-11.0,,85.0,1.3,3.4,146.0,148.0,1017.3,2.0,0.0,,0.0
2025-11-14 12:00:00,-10.3,-10.0,-9.6,-10.8,-12.0,82.0,2.1,4.1,59.0,141.0,1016.3,6.0,0.0,0.0,25.0
2025-11-14 13:00:00,-9.9,-9.4,,-10.7,,80.0,2.3,6.1,138.0,113.0,1015.1,13.0,0.0,,50.0
2025-11-14 14:00:00,-9.9,-9.4,,-10.2,,83.0,2.9,7.3,126.0,130.0,1014.6,12.0,0.0,,25.0
2025-11-14 15:00:00,-9.6,-9.2,,-9.9,,83.0,3.2,6.8,141.0,133.0,1013.8,12.0,0.0,,10.0
2025-11-14 16:00:00,-9.4,-9.0,,-9.9,,84.0,3.9,6.0,141.0,144.0,1013.1,3.0,0.0,,0.0
2025-11-14 17:00:00,-9.0,-8.4,,-9.3,,82.0,3.4,7.5,107.0,118.0,1012.2,0.0,0.0,,0.0
2025-11-14 18:00:00,-7.8,-7.4,-7.4,-8.5,-12.0,78.0,2.4,6.1,137.0,120.0,1011.5,0.0,0.0,0.0,40.0
2025-11-14 19:00:00,-6.5,-3.5,,-7.6,,71.0,1.8,8.9,162.0,87.0,1012.0,0.0,0.0,,0.0
2025-11-14 20:00:00,-6.3,-5.4,,-6.9,,73.0,2.7,5.6,100.0,126.0,1012.1,0.0,0.0,,0.0
2025-11-14 21:00:00,-3.6,4.5,,-6.5,,65.0,3.4,10.5,273.0,351.0,1011.5,0.0,0.0,,0.0
2025-11-14 22:00:00,4.2,5.5,,2.6,,38.0,7.1,12.0,264.0,260.0,1012.0,0.0,0.0,,0.0
2025-11-14 23:00:00,5.0,6.1,,4.1,,35.0,5.3,10.4,285.0,271.0,1011.9,0.0,0.0,,0.0
2025-11-15 00:00:00,6.6,8.1,8.1,5.3,-10.7,30.0,6.8,12.1,296.0,297.0,1011.9,0.0,0.0,0.0,0.0
2025-11-15 01:00:00,6.4,8.0,,5.2,,30.0,5.4,10.8,311.0,299.0,1012.9,0.0,0.0,,0.0
2025-11-15 02:00:00,6.9,7.5,,5.8,,25.0,6.4,17.2,360.0,358.0,1012.5,0.0,0.0,,0.0
2025-11-15 03:00:00,7.3,7.8,,6.7,,23.0,9.2,16.4,1.0,349.0,1013.4,0.0,0.0,,0.0
2025-11-15 04:00:00,6.1,7.3,,3.1,,27.0,5.0,16.2,252.0,353.0,1014.8,0.0,0.0,,0.0
2025-11-15 05:00:00,4.5,5.1,,3.2,,33.0,3.6,8.1,253.0,262.0,1015.5,0.0,0.0,,0.0
2025-11-15 06:00:00,4.9,5.7,8.1,3.9,-7.6,32.0,3.4,8.3,259.0,277.0,1016.6,0.0,0.0,0.0,0.0
2025-11-15 07:00:00,5.4,6.1,,4.8,,28.0,2.1,6.5,340.0,289.0,1017.4,0.0,0.0,,0.0
2025-11-15 08:00:00,5.3,6.2,,4.4,,28.0,3.0,10.0,287.0,308.0,1018.5,0.0,0.0,,0.0
2025-11-15 09:00:00,5.5,6.5,,4.0,,25.0,4.3,11.7,325.0,321.0,1018.8,0.0,0.0,,0.0
2025-11-15 10:00:00,5.8,6.4,,5.2,,23.0,5.8,11.5,325.0,339.0,1019.2,0.0,0.0,,0.0
2025-11-15 11:00:00,5.5,6.3,,4.7,,23.0,6.5,13.3,334.0,323.0,1019.4,0.0,0.0,,0.0
2025-11-15 12:00:00,5.3,5.9,8.0,4.5,3.1,23.0,5.1,12.7,343.0,336.0,1019.1,2.0,0.0,0.0,0.0
2025-11-15 13:00:00,5.1,5.8,,3.3,,24.0,8.3,15.5,313.0,343.0,1019.6,11.0,0.0,,0.0
2025-11-15 14:00:00,4.8,5.5,,3.1,,24.0,6.8,16.5,352.0,336.0,1020.0,14.0,0.0,,0.0
2025-11-15 15:00:00,5.1,5.4,,4.8,,22.0,7.9,15.3,343.0,349.0,1020.3,5.0,0.0,,0.0
2025-11-15 16:00:00,4.5,5.0,,3.9,,23.0,9.6,19.6,356.0,349.0,1020.8,0.0,0.0,,0.0
2025-11-15 17:00:00,4.6,5.2,,4.2,,22.0,10.2,17.9,353.0,349.0,1021.5,0.0,0.0,,0.0
2025-11-15 18:00:00,4.2,4.7,6.5,3.7,3.1,23.0,7.3,16.2,355.0,6.0,1022.8,0.0,0.0,0.0,0.0
2025-11-15 19:00:00,2.7,4.2,,1.3,,30.0,3.9,11.0,241.0,254.0,1024.3,0.0,0.0,,0.0
2025-11-15 20:00:00,2.1,2.8,,1.2,,32.0,4.7,8.4,295.0,269.0,1024.9,0.0,0.0,,0.0
2025-11-15 21:00:00,1.0,2.8,,-0.9,,34.0,1.6,5.7,57.0,70.0,1026.5,0.0,0.0,,0.0
2025-11-15 22:00:00,-0.3,1.2,,-1.8,,37.0,1.7,4.5,263.0,26.0,1027.1,0.0,0.0,,0.0
2025-11-15 23:00:00,-1.1,1.1,,-2.6,,41.0,2.7,6.2,34.0,45.0,1027.6,0.0,0.0,,0.0
2025-11-16 00:00:00,-1.9,-1.0,5.8,-2.5,-2.6,44.0,4.3,7.9,20.0,22.0,1028.2,0.0,0.0,0.0,0.0
2025-11-16 01:00:00,-3.1,-1.5,,-4.2,,55.0,1.7,4.2,22.0,348.0,1028.7,0.0,0.0,,0.0
2025-11-16 02:00:00,-3.4,-2.2,,-4.2,,52.0,2.2,4.1,27.0,23.0,1028.7,0.0,0.0,,0.0
2025-11-16 03:00:00,-1.9,0.0,,-3.7,,45.0,1.9,4.6,294.0,14.0,1028.5,0.0,0.0,,0.0
2025-11-16 04:00:00,-0.8,0.2,,-1.3,,37.0,2.0,4.9,318.0,308.0,1028.2,0.0,0.0,,0.0
2025-11-16 05:00:00,-0.6,0.9,,-2.0,,34.0,4.1,7.0,246.0,319.0,1028.9,0.0,0.0,,0.0
2025-11-16 06:00:00,-0.3,0.8,4.2,-2.0,-4.2,33.0,2.8,7.4,294.0,280.0,1028.8,0.0,0.0,0.0,0.0
2025-11-16 07:00:00,-0.2,0.8,,-1.5,,30.0,2.3,6.1,44.0,319.0,1029.1,0.0,0.0,,0.0
2025-11-16 08:00:00,-0.6,0.1,,-2.1,,31.0,1.2,4.2,18.0,174.0,1029.4,0.0,0.0,,0.0
2025-11-16 09:00:00,-2.1,0.4,,-3.9,,35.0,3.4,7.7,18.0,20.0,1029.9,0.0,0.0,,0.0
2025-11-16 10:00:00,-1.9,-0.4,,-2.8,,33.0,2.7,5.9,90.0,40.0,1030.2,0.0,0.0,,0.0
2025-11-16 11:00:00,-2.8,-1.3,,-3.6,,38.0,2.7,4.6,47.0,56.0,1030.5,0.0,0.0,,0.0
2025-11-16 12:00:00,-3.0,-2.5,0.9,-3.8,-4.2,39.0,3.3,5.8,17.0,27.0,1031.0,3.0,0.0,0.0,0.0
2025-11-16 13:00:00,-3.5,-1.7,,-4.3,,40.0,3.0,5.3,24.0,23.0,1031.3,12.0,0.0,,0.0
2025-11-16 14:00:00,-3.8,-3.3,,-4.4,,41.0,3.1,5.0,26.0,24.0,1031.3,14.0,0.0,,0.0
2025-11-16 15:00:00,-3.5,-2.9,,-4.1,,40.0,3.4,5.0,25.0,23.0,1031.1,7.0,0.0,,100.0
2025-11-16 16:00:00,-3.7,-3.3,,-4.2,,41.0,4.0,6.9,26.0,24.0,1030.8,1.0,0.0,,75.0
2025-11-16 17:00:00,-3.9,-3.5,,-4.2,,43.0,4.0,5.6,22.0,22.0,1031.1,0.0,0.0,,60.0
2025-11-16 18:00:00,-3.7,-2.7,0.8,-4.2,-4.4,44.0,1.9,4.5,58.0,43.0,1031.6,0.0,0.0,0.0,100.0
2025-11-16 19:00:00,-4.0,-3.1,,-4.7,,47.0,2.5,4.7,27.0,32.0,1032.0,0.0,0.0,,100.0
2025-11-16 20:00:00,-3.5,-2.8,,-3.9,,45.0,1.1,4.1,53.0,28.0,1032.4,0.0,0.0,,100.0
2025-11-16 21:00:00,-4.2,-3.6,,-5.0,,52.0,1.1,2.9,49.0,19.0,1032.4,0.0,0.0,,100.0
2025-11-16 22:00:00,-4.3,-3.3,,-5.0,,54.0,1.8,4.4,291.0,42.0,1032.4,0.0,0.0,,100.0
2025-11-16 23:00:00,-4.2,-3.6,,-4.5,,51.0,0.9,3.2,150.0,50.0,1032.3,0.0,0.0,,100.0
2025-11-17 00:00:00,-5.0,-4.2,-1.7,-5.8,-5.8,52.0,1.3,3.9,24.0,33.0,1032.3,0.0,0.0,0.0,100.0
2025-11-17 01:00:00,-6.1,-5.5,,-6.7,,54.0,2.2,3.7,26.0,26.0,1032.5,0.0,0.0,,0.0
2025-11-17 02:00:00,-6.8,-6.1,,-7.4,,56.0,2.4,4.0,30.0,40.0,1032.4,0.0,0.0,,0.0
2025-11-17 03:00:00,-5.5,-4.1,,-6.7,,49.0,2.3,5.3,61.0,57.0,1032.6,0.0,0.0,,0.0
2025-11-17 04:00:00,-5.9,-5.4,,-6.6,,52.0,1.3,4.0,331.0,13.0,1032.7,0.0,0.0,,0.0
2025-11-17 05:00:00,-5.9,-5.3,,-6.6,,53.0,1.0,2.6,43.0,18.0,1033.0,0.0,0.0,,0.0
2025-11-17 06:00:00,-6.2,-5.0,-2.8,-7.3,-7.4,52.0,1.5,3.9,49.0,42.0,1033.1,0.0,0.0,0.0,0.0
2025-11-17 07:00:00,-6.3,-5.3,,-7.2,,48.0,1.6,4.7,72.0,37.0,1033.6,0.0,0.0,,0.0
2025-11-17 08:00:00,-5.0,-3.4,,-6.6,,42.0,1.4,7.2,21.0,28.0,1034.0,0.0,0.0,,0.0
2025-11-17 09:00:00,-6.2,-5.1,,-7.2,,50.0,1.3,2.9,270.0,299.0,1034.6,0.0,0.0,,0.0
2025-11-17 10:00:00,-7.1,-5.8,,-7.6,,63.0,0.7,3.5,295.0,328.0,1035.1,0.0,0.0,,0.0
2025-11-17 11:00:00,-6.1,-5.4,,-6.9,,59.0,0.9,4.0,16.0,319.0,1035.4,0.0,0.0,,0.0
2025-11-17 12:00:00,-6.0,-5.3,-3.4,-6.4,-7.6,51.0,7.2,12.9,25.0,42.0,1035.3,2.0,0.0,0.0,0.0
2025-11-17 13:00:00,-6.4,-6.0,,-6.9,,54.0,3.7,9.7,204.0,24.0,1036.6,7.0,0.0,,0.0
2025-11-17 14:00:00,-6.9,-6.4,,-7.5,,56.0,1.0,3.5,2.0,349.0,1037.0,11.0,0.0,,0.0
2025-11-17 15:00:00,-8.3,-7.3,,-9.0,,60.0,2.6,4.5,23.0,25.0,1036.9,4.0,0.0,,0.0
2025-11-17 16:00:00,-8.6,-8.1,,-8.9,,62.0,2.9,4.5,20.0,22.0,1036.5,0.0,0.0,,0.0
2025-11-17 17:00:00,-9.1,-8.6,,-9.7,,63.0,2.6,4.9,30.0,25.0,1036.5,0.0,0.0,,0.0
2025-11-17 18:00:00,-9.7,-9.3,-3.4,-10.1,-10.1,65.0,2.8,4.3,24.0,23.0,1036.4,0.0,0.0,0.0,0.0
2025-11-17 19:00:00,-9.9,-9.6,,-10.4,,66.0,3.3,4.9,24.0,22.0,1036.1,0.0,0.0,,0.0
2025-11-17 20:00:00,-9.5,-8.9,,-10.1,,65.0,3.1,6.5,27.0,27.0,1035.7,0.0,0.0,,0.0
2025-11-17 21:00:00,-7.8,-5.5,,-10.0,,57.0,1.5,5.7,228.0,13.0,1035.4,0.0,0.0,,0.0
2025-11-17 22:00:00,-8.8,-7.9,,-10.1,,69.0,0.7,2.3,45.0,136.0,1035.7,0.0,0.0,,0.0
2025-11-17 23:00:00,-9.1,-8.3,,-10.0,,57.0,2.4,5.0,22.0,30.0,1035.4,0.0,0.0,,0.0
2025-11-18 00:00:00,-8.3,-6.7,-5.5,-9.3,-10.4,49.0,2.4,5.9,15.0,36.0,1035.8,0.0,0.0,0.0,0.0
2025-11-18 01:00:00,-7.6,-6.5,,-8.4,,45.0,1.9,4.5,22.0,29.0,1036.4,0.0,0.0,,0.0
2025-11-18 02:00:00,-7.8,-7.0,,-8.6,,44.0,2.1,4.5,28.0,37.0,1036.8,0.0,0.0,,0.0
2025-11-18 03:00:00,-7.8,-7.1,,-8.4,,44.0,2.1,4.2,27.0,29.0,1037.1,0.0,0.0,,0.0
2025-11-18 04:00:00,-8.1,-7.3,,-9.6,,46.0,2.3,4.7,260.0,23.0,1037.5,0.0,0.0,,0.0
2025-11-18 05:00:00,-9.1,-8.4,,-10.1,,51.0,1.3,3.2,27.0,13.0,1038.0,0.0,0.0,,0.0
2025-11-18 06:00:00,-9.6,-8.7,-5.5,-10.2,-10.4,50.0,3.3,5.3,29.0,22.0,1038.2,0.0,0.0,0.0,0.0
2025-11-18 07:00:00,-9.5,-9.1,,-9.9,,51.0,3.4,5.0,23.0,21.0,1038.3,0.0,0.0,,0.0
2025-11-18 08:00:00,-9.8,-8.9,,-10.5,,52.0,3.1,4.5,26.0,24.0,1038.4,0.0,0.0,,0.0
2025-11-18 09:00:00,-9.9,-9.1,,-10.7,,53.0,2.2,4.5,45.0,27.0,1038.3,0.0,0.0,,0.0
2025-11-18 10:00:00,-10.3,-9.5,,-11.1,,52.0,2.9,5.0,20.0,20.0,1037.9,0.0,0.0,,0.0
2025-11-18 11:00:00,-10.1,-9.0,,-10.9,,51.0,2.4,4.7,20.0,21.0,1037.8,0.0,0.0,,0.0
2025-11-18 12:00:00,-10.6,-10.2,-6.5,-11.0,-11.1,51.0,3.0,4.9,21.0,24.0,1037.4,2.0,0.0,0.0,0.0
2025-11-18 13:00:00,-10.2,-8.8,,-11.1,,49.0,2.7,4.2,24.0,27.0,1037.0,9.0,0.0,,0.0
2025-11-18 14:00:00,-10.5,-9.8,,-11.0,,50.0,2.1,4.2,24.0,27.0,1036.3,11.0,0.0,,0.0
2025-11-18 15:00:00,-10.7,-9.9,,-11.9,,52.0,1.5,3.6,23.0,23.0,1035.9,3.0,0.0,,0.0
2025-11-18 16:00:00,-11.1,-10.2,,-11.8,,53.0,1.8,4.2,29.0,30.0,1035.5,0.0,0.0,,0.0
2025-11-18 17:00:00,-11.1,-10.5,,-11.5,,51.0,3.0,4.9,35.0,25.0,1034.9,0.0,0.0,,0.0
2025-11-18 18:00:00,-10.7,-10.3,-8.8,-11.1,-11.9,49.0,2.3,4.6,25.0,24.0,1034.4,0.0,0.0,0.0,0.0
2025-11-18 19:00:00,-10.6,-9.9,,-11.3,,49.0,1.0,3.7,58.0,40.0,1033.9,0.0,0.0,,0.0
2025-11-18 20:00:00,-9.6,-7.9,,-11.4,,45.0,1.8,4.6,55.0,34.0,1033.1,0.0,0.0,,0.0
2025-11-18 21:00:00,-10.1,-7.9,,-11.4,,50.0,2.0,4.8,24.0,62.0,1032.8,0.0,0.0,,0.0
2025-11-18 22:00:00,-9.2,-7.5,,-10.5,,44.0,2.3,5.6,37.0,30.0,1032.5,0.0,0.0,,0.0
2025-11-18 23:00:00,-8.6,-7.9,,-9.2,,41.0,1.3,2.9,50.0,52.0,1032.0,0.0,0.0,,0.0
2025-11-19 00:00:00,-8.4,-7.9,-7.5,-9.0,-11.9,40.0,3.3,5.1,25.0,24.0,1031.6,0.0,0.0,0.0,0.0
2025-11-19 01:00:00,-8.1,-7.1,,-8.7,,39.0,2.8,5.5,35.0,27.0,1031.2,0.0,0.0,,0.0
2025-11-19 02:00:00,-8.6,-7.8,,-9.4,,41.0,1.6,4.5,22.0,32.0,1030.5,0.0,0.0,,0.0
2025-11-19 03:00:00,-9.0,-8.1,,-9.4,,43.0,3.9,5.6,23.0,22.0,1029.9,0.0,0.0,,0.0
2025-11-19 04:00:00,-8.9,-7.6,,-10.1,,43.0,1.2,3.6,100.0,81.0,1029.3,0.0,0.0,,0.0
2025-11-19 05:00:00,-9.5,-8.6,,-10.6,,49.0,1.2,2.6,75.0,107.0,1028.5,0.0,0.0,,0.0
2025-11-19 06:00:00,-10.0,-9.2,-7.1,-10.7,-11.4,57.0,0.7,2.5,190.0,91.0,1027.9,0.0,0.0,0.0,0.0
2025-11-19 07:00:00,-9.2,-8.1,,-9.8,,54.0,1.2,4.0,181.0,153.0,1027.2,0.0,0.0,,0.0
2025-11-19 08:00:00,-10.3,-9.6,,-10.9,,67.0,1.3,4.4,139.0,122.0,1026.9,0.0,0.0,,0.0
2025-11-19 09:00:00,-10.3,-9.6,,-10.9,,64.0,1.2,3.8,91.0,88.0,1026.1,0.0,0.0,,0.0
2025-11-19 10:00:00,-9.9,-9.4,,-10.7,,64.0,1.3,3.7,130.0,117.0,1026.1,0.0,0.0,,0.0
2025-11-19 11:00:00,-9.7,-9.2,,-10.1,,63.0,1.1,4.0,145.0,136.0,1025.4,0.0,0.0,,0.0
2025-11-19 12:00:00,-9.5,-9.0,-7.1,-10.3,-10.9,64.0,1.1,2.8,185.0,113.0,1024.6,2.0,0.0,0.0,0.0
2025-11-19 13:00:00,-9.8,-8.8,,-10.8,,63.0,1.2,4.1,44.0,48.0,1024.0,8.0,0.0,,0.0
2025-11-19 14:00:00,-8.4,-7.3,,-9.3,,54.0,2.1,4.6,138.0,104.0,1023.3,9.0,0.0,,0.0
2025-11-19 15:00:00,-9.0,-8.6,,-9.4,,68.0,2.5,4.7,121.0,118.0,1022.2,3.0,0.0,,0.0
2025-11-19 16:00:00,-8.6,-7.4,,-9.4,,61.0,2.1,4.4,166.0,95.0,1021.1,0.0,0.0,,0.0
2025-11-19 17:00:00,-8.6,-7.9,,-9.3,,68.0,2.6,5.6,72.0,102.0,1019.9,0.0,0.0,,0.0
2025-11-19 18:00:00,-8.7,-7.8,-7.3,-9.6,-10.9,68.0,2.4,6.2,123.0,129.0,1019.5,0.0,0.0,0.0,0.0
2025-11-19 19:00:00,-8.5,-7.4,,-9.2,,69.0,3.3,6.1,136.0,124.0,1018.6,0.0,0.0,,0.0
2025-11-19 20:00:00,-8.5,-7.7,,-9.2,,67.0,3.0,5.1,117.0,114.0,1016.8,0.0,0.0,,0.0
2025-11-19 21:00:00,-8.1,-7.5,,-8.8,,64.0,2.7,6.4,115.0,129.0,1015.9,0.0,0.0,,0.0
2025-11-19 22:00:00,-9.0,-8.1,,-9.9,,64.0,2.7,7.4,70.0,81.0,1014.2,0.0,0.0,,0.0
2025-11-19 23:00:00,-8.2,-7.7,,-9.2,,83.0,5.7,9.8,360.0,70.0,1012.6,0.0,0.0,,0.0
2025-11-20 00:00:00,-8.9,-7.6,-7.3,-10.1,-10.7,70.0,1.7,3.7,55.0,51.0,1011.5,0.0,0.0,0.0,0.0
2025-11-20 01:00:00,-8.5,-7.4,,-9.9,,78.0,2.4,5.9,69.0,88.0,1009.6,0.0,0.0,,0.0
2025-11-20 02:00:00,-8.9,-8.1,,-9.4,,77.0,2.2,6.1,58.0,69.0,1008.6,0.0,0.0,,0.0
2025-11-20 03:00:00,-7.8,-6.6,,-9.6,,82.0,6.5,11.6,70.0,75.0,1006.5,0.0,0.0,,0.0
2025-11-20 04:00:00,-7.9,-6.9,,-9.8,,73.0,1.7,3.9,57.0,29.0,1006.5,0.0,0.0,,0.0
2025-11-20 05:00:00,-8.2,-7.8,,-8.9,,72.0,1.0,2.7,175.0,86.0,1005.8,0.0,0.0,,0.0
2025-11-20 06:00:00,-8.6,-7.9,-6.6,-9.6,-10.1,68.0,1.5,3.4,28.0,49.0,1005.4,0.0,0.0,0.0,0.0
2025-11-20 07:00:00,-8.6,-7.9,,-9.9,,66.0,1.6,4.4,37.0,20.0,1006.0,0.0,0.0,,0.0
2025-11-20 08:00:00,-8.5,-6.9,,-9.6,,65.0,3.3,7.9,90.0,70.0,1006.0,0.0,0.0,,0.0
2025-11-20 09:00:00,-5.9,-4.6,,-7.4,,55.0,3.3,7.9,255.0,118.0,1007.5,0.0,0.0,,0.0
2025-11-20 10:00:00,-6.8,-6.3,,-7.4,,65.0,1.1,2.7,336.0,352.0,1009.2,0.0,0.0,,0.0
2025-11-20 11:00:00,-6.7,-6.2,,-7.1,,65.0,4.7,11.2,79.0,42.0,1010.4,0.0,0.0,,0.0
2025-11-20 12:00:00,-6.8,-6.0,-4.6,-7.3,-9.9,61.0,3.9,6.9,27.0,40.0,1011.1,1.0,0.0,0.0,100.0
2025-11-20 13:00:00,-6.9,-6.5,,-7.5,,65.0,5.8,11.6,43.0,33.0,1012.0,2.0,0.0,,100.0
2025-11-20 14:00:00,-6.6,-6.2,,-7.0,,64.0,2.4,9.1,292.0,327.0,1012.8,3.0,0.0,,100.0
2025-11-20 15:00:00,-6.6,-6.0,,-7.1,,70.0,1.9,6.9,293.0,260.0,1013.7,1.0,0.0,,100.0
2025-11-20 16:00:00,-6.2,-5.7,,-6.7,,69.0,2.4,8.2,297.0,349.0,1013.7,0.0,0.0,,100.0
2025-11-20 17:00:00,-5.8,-5.3,,-6.2,,64.0,1.8,8.2,351.0,315.0,1014.2,0.0,0.0,,100.0
2025-11-20 18:00:00,-5.6,-4.5,-4.5,-6.3,-9.9,60.0,2.6,9.4,248.0,323.0,1014.4,0.0,0.0,0.0,100.0
2025-11-20 19:00:00,-6.0,-5.9,,-6.3,,65.0,0.6,1.6,349.0,318.0,1014.9,0.0,0.0,,100.0
2025-11-20 20:00:00,-6.3,-5.7,,-7.4,,63.0,1.3,3.6,23.0,30.0,1015.0,0.0,0.0,,0.0
2025-11-20 21:00:00,-7.2,-6.7,,-7.8,,63.0,2.6,4.6,24.0,24.0,1014.8,0.0,0.0,,0.0
2025-11-20 22:00:00,-7.3,-6.2,,-8.1,,61.0,2.6,4.8,25.0,28.0,1014.4,0.0,0.0,,0.0
2025-11-20 23:00:00,-7.0,-6.1,,-7.6,,58.0,2.2,4.5,42.0,31.0,1014.2,0.0,0.0,,10.0
2025-11-21 00:00:00,-6.8,-6.0,-4.5,-7.5,-8.1,58.0,1.1,4.3,33.0,27.0,1014.0,0.0,0.0,0.0,60.0
2025-11-21 01:00:00,-6.5,-5.4,,-7.8,,57.0,0.6,2.1,114.0,56.0,1013.8,0.0,0.0,,40.0
2025-11-21 02:00:00,-5.4,-3.7,,-7.0,,59.0,1.5,4.9,13.0,22.0,1013.4,0.0,0.0,,90.0
2025-11-21 03:00:00,-4.4,-3.0,,-5.2,,67.0,3.0,13.1,324.0,330.0,1012.5,0.0,0.0,,100.0
2025-11-21 04:00:00,-3.4,-2.8,,-4.2,,72.0,5.1,13.7,272.0,310.0,1012.3,0.0,0.0,,100.0
2025-11-21 05:00:00,-2.9,-2.6,,-3.4,,73.0,2.6,5.5,271.0,274.0,1012.2,0.0,0.0,,100.0
2025-11-21 06:00:00,-2.8,-2.6,-2.6,-3.5,-8.1,74.0,2.0,7.1,252.0,302.0,1012.4,0.0,0.0,0.0,100.0
2025-11-21 07:00:00,-3.5,-2.8,,-4.6,,78.0,3.3,11.0,27.0,5.0,1012.2,0.0,0.0,,100.0
2025-11-21 08:00:00,-3.6,-3.3,,-3.8,,80.0,6.2,9.9,23.0,25.0,1012.4,0.0,0.0,,100.0
2025-11-21 09:00:00,-3.8,-3.5,,-4.0,,81.0,4.3,6.6,27.0,27.0,1012.2,0.0,0.0,,100.0
2025-11-21 10:00:00,-3.5,-3.2,,-3.7,,79.0,2.6,6.1,340.0,6.0,1012.4,0.0,0.0,,100.0
2025-11-21 11:00:00,-3.6,-3.3,,-4.0,,78.0,2.2,4.9,349.0,27.0,1012.2,0.0,0.0,,100.0
2025-11-21 12:00:00,-4.1,-3.8,-2.6,-4.4,-7.8,81.0,2.8,6.1,354.0,353.0,1011.8,1.0,0.0,0.0,100.0
2025-11-21 13:00:00,-3.5,-2.9,,-4.1,,77.0,6.8,12.9,47.0,32.0,1011.3,4.0,0.0,,100.0
2025-11-21 14:00:00,-3.6,-3.1,,-4.0,,75.0,4.5,9.5,33.0,24.0,1011.5,4.0,0.0,,100.0
2025-11-21 15:00:00,-3.6,-3.2,,-4.1,,74.0,2.8,5.5,358.0,21.0,1011.2,1.0,0.0,,100.0
2025-11-21 16:00:00,-3.8,-3.6,,-4.0,,73.0,2.4,5.4,28.0,17.0,1010.8,0.0,0.0,,90.0
2025-11-21 17:00:00,-4.0,-3.7,,-4.4,,76.0,2.3,5.0,13.0,9.0,1010.8,0.0,0.0,,100.0
2025-11-21 18:00:00,-4.7,-4.2,-2.7,-5.0,-5.0,79.0,3.8,5.7,20.0,21.0,1010.3,0.0,0.0,0.0,100.0
2025-11-21 20:00:00,-4.7,-4.0,,-5.4,,75.0,3.9,6.3,34.0,28.0,1009.9,0.0,0.0,,100.0
2025-11-21 21:00:00,-4.6,-4.1,,-5.3,,73.0,3.8,5.6,22.0,28.0,1009.5,0.0,0.0,,90.0
2025-11-21 22:00:00,-5.3,-4.5,,-6.0,,72.0,3.3,5.9,24.0,26.0,1009.0,0.0,0.0,,60.0
2025-11-21 23:00:00,-5.8,-5.2,,-6.3,,71.0,4.3,5.7,29.0,23.0,1008.6,0.0,0.0,,10.0
2025-11-22 00:00:00,-5.6,-5.0,-2.9,-6.1,-6.3,69.0,3.9,5.4,23.0,27.0,1008.1,0.0,0.0,0.0,
2025-11-22 01:00:00,-6.4,-5.8,,-6.9,,71.0,4.6,6.2,20.0,22.0,1007.6,0.0,0.0,,100.0
2025-11-22 02:00:00,-6.5,-5.9,,-6.9,,72.0,1.9,5.2,53.0,29.0,1007.2,0.0,0.0,,25.0
2025-11-22 03:00:00,-7.2,-6.5,,-7.6,,72.0,2.7,4.0,22.0,24.0,1006.6,0.0,0.0,,0.0
2025-11-22 04:00:00,-7.4,-7.2,,-7.7,,73.0,2.5,4.5,27.0,25.0,1006.1,0.0,0.0,,0.0
2025-11-22 05:00:00,-8.1,-7.4,,-8.5,,74.0,1.8,4.2,17.0,22.0,1005.8,0.0,0.0,,0.0
2025-11-22 06:00:00,-8.6,-8.4,-4.0,-8.8,-8.8,75.0,2.8,4.2,22.0,21.0,1005.3,0.0,0.0,0.0,0.0
2025-11-22 07:00:00,-8.5,-8.2,,-8.7,,75.0,2.9,4.2,21.0,22.0,1005.0,0.0,0.0,,0.0
2025-11-22 08:00:00,-8.6,-8.3,,-8.9,,75.0,2.1,3.5,24.0,25.0,1005.0,0.0,0.0,,0.0
2025-11-22 09:00:00,-8.6,-8.3,,-9.0,,75.0,2.0,3.3,19.0,28.0,1004.8,0.0,0.0,,0.0
2025-11-22 10:00:00,-8.6,-7.9,,-9.0,,76.0,1.5,3.5,36.0,35.0,1004.7,0.0,0.0,,0.0
2025-11-22 11:00:00,-8.4,-7.8,,-8.7,,75.0,1.1,3.8,26.0,32.0,1005.0,0.0,0.0,,0.0
2025-11-22 12:00:00,-8.4,-7.8,-5.8,-8.8,-9.0,75.0,1.1,3.8,62.0,27.0,1005.1,0.0,0.0,0.0,0.0
2025-11-22 13:00:00,-8.8,-8.3,,-9.4,,76.0,1.4,3.9,109.0,31.0,1005.3,3.0,0.0,,0.0
2025-11-22 14:00:00,-8.5,-8.0,,-9.0,,75.0,1.1,3.5,38.0,33.0,1005.4,4.0,0.0,,0.0
2025-11-22 15:00:00,-8.7,-8.2,,-9.1,,76.0,0.7,2.0,52.0,90.0,1005.6,1.0,0.0,,0.0
2025-11-22 16:00:00,-9.7,-8.9,,-10.1,,81.0,0.9,2.0,61.0,127.0,1006.2,0.0,0.0,,0.0
2025-11-22 17:00:00,-9.9,-9.4,,-10.6,,82.0,1.9,4.2,56.0,77.0,1006.4,0.0,0.0,,60.0
2025-11-22 18:00:00,-9.3,-8.9,-7.8,-9.8,-10.6,81.0,0.7,3.0,48.0,57.0,1007.0,0.0,0.0,0.0,100.0
2025-11-22 19:00:00,-9.7,-9.3,,-10.0,,82.0,0.3,1.2,322.0,91.0,1007.4,0.0,0.0,,100.0
2025-11-22 20:00:00,-10.0,-9.5,,-10.8,,84.0,0.8,2.7,119.0,146.0,1007.9,0.0,0.0,,100.0
2025-11-22 21:00:00,-9.5,-9.1,,-10.0,,82.0,0.6,2.0,74.0,82.0,1008.1,0.0,0.0,,100.0
2025-11-22 22:00:00,-9.5,-9.1,,-9.9,,84.0,0.8,2.0,83.0,157.0,1008.4,0.0,0.0,,100.0
2025-11-22 23:00:00,-9.4,-8.8,,-9.8,,84.0,0.1,0.8,348.0,321.0,1008.7,0.0,0.0,,100.0
2025-11-23 00:00:00,-8.7,-8.5,-8.0,-9.0,-10.8,81.0,0.3,0.9,17.0,31.0,1009.1,0.0,0.0,0.0,100.0
2025-11-23 01:00:00,-8.8,-8.5,,-9.2,,80.0,0.4,1.3,347.0,17.0,1009.4,0.0,0.0,,60.0
2025-11-23 02:00:00,-9.7,-9.1,,-10.4,,82.0,1.3,2.8,20.0,32.0,1009.3,0.0,0.0,,0.0
2025-11-23 03:00:00,-9.5,-8.2,,-10.3,,80.0,1.3,3.2,138.0,45.0,1009.5,0.0,0.0,,0.0
2025-11-23 04:00:00,-10.2,-9.1,,-10.7,,85.0,1.1,2.5,44.0,31.0,1010.0,0.0,0.0,,0.0
2025-11-23 05:00:00,-10.1,-9.5,,-10.9,,81.0,1.3,3.0,121.0,36.0,1010.5,0.0,0.0,,0.0
2025-11-23 06:00:00,-10.4,-9.9,-8.2,-11.1,-11.1,82.0,0.8,2.2,34.0,42.0,1010.9,0.0,0.0,0.0,0.0
2025-11-23 07:00:00,-10.6,-9.7,,-11.2,,84.0,0.7,2.2,50.0,43.0,1011.4,0.0,0.0,,0.0
2025-11-23 08:00:00,-10.8,-10.4,,-11.2,,85.0,0.5,1.5,44.0,49.0,1011.8,0.0,0.0,,25.0
2025-11-23 09:00:00,-11.5,-10.9,,-11.9,,84.0,1.2,2.9,24.0,22.0,1012.4,0.0,0.0,,60.0
2025-11-23 10:00:00,-10.5,-10.4,,-11.0,,85.0,0.4,1.1,62.0,139.0,1013.0,0.0,0.0,,100.0
2025-11-23 11:00:00,-10.5,-9.8,,-11.2,,84.0,0.7,2.6,6.0,25.0,1013.5,0.0,0.0,,100.0
2025-11-23 12:00:00,-9.9,-9.2,-8.2,-10.4,-11.9,84.0,0.9,2.7,97.0,75.0,1013.9,0.0,0.0,0.0,25.0
2025-11-23 13:00:00,-10.4,-9.5,,-10.9,,86.0,1.0,2.7,57.0,86.0,1014.3,2.0,0.0,,75.0
2025-11-23 14:00:00,-10.3,-9.8,,-10.8,,84.0,0.9,2.0,270.0,33.0,1014.6,3.0,0.0,,0.0
2025-11-23 15:00:00,-11.3,-10.5,,-11.7,,91.0,2.0,3.7,54.0,59.0,1014.7,1.0,0.0,,90.0
2025-11-23 16:00:00,-11.6,-11.2,,-12.2,,92.0,1.6,2.9,25.0,48.0,1014.7,0.0,0.0,,100.0
2025-11-23 17:00:00,-11.8,-11.0,,-12.2,,93.0,0.9,2.5,91.0,50.0,1014.8,0.0,0.0,,100.0
2025-11-23 18:00:00,-11.8,-11.5,-9.2,-12.2,-12.2,93.0,1.2,1.9,39.0,45.0,1015.2,0.0,0.0,0.0,
2025-11-23 19:00:00,-12.6,-12.1,,-13.4,,92.0,1.3,2.2,38.0,48.0,1015.4,0.0,0.0,,
2025-11-23 20:00:00,-12.8,-12.2,,-13.6,,89.0,0.4,1.8,56.0,37.0,1015.6,0.0,0.0,,75.0
2025-11-23 21:00:00,-13.5,-13.3,,-13.9,,88.0,1.2,2.3,33.0,32.0,1015.5,0.0,0.0,,0.0
2025-11-23 22:00:00,-12.8,-12.3,,-13.6,,89.0,0.6,1.4,60.0,70.0,1015.4,0.0,0.0,,0.0
2025-11-23 23:00:00,-12.9,-12.3,,-13.4,,88.0,0.5,1.4,28.0,29.0,1015.7,0.0,0.0,,0.0
2025-11-24 00:00:00,-13.5,-13.0,-9.5,-13.9,-13.9,87.0,0.5,1.5,43.0,36.0,1015.9,0.0,0.0,0.0,100.0
2025-11-24 01:00:00,-14.0,-13.5,,-14.4,,86.0,0.7,1.4,27.0,36.0,1015.8,0.0,0.0,,40.0
2025-11-24 02:00:00,-13.6,-13.2,,-14.1,,88.0,0.1,0.6,0.0,267.0,1015.9,0.0,0.0,,10.0
2025-11-24 03:00:00,-14.4,-13.8,,-14.9,,85.0,0.6,1.3,65.0,23.0,1015.6,0.0,0.0,,0.0
2025-11-24 04:00:00,-13.6,-13.3,,-14.1,,87.0,0.5,1.1,44.0,98.0,1015.6,0.0,0.0,,0.0
2025-11-24 05:00:00,-13.7,-13.0,,-14.3,,85.0,0.2,0.8,0.0,17.0,1015.5,0.0,0.0,,0.0
2025-11-24 06:00:00,-13.8,-13.6,-12.1,-14.2,-14.9,82.0,0.5,1.3,51.0,20.0,1015.3,0.0,0.0,0.0,0.0
2025-11-24 07:00:00,-13.8,-13.4,,-14.4,,79.0,0.5,1.5,216.0,28.0,1015.1,0.0,0.0,,0.0
2025-11-24 08:00:00,-13.6,-13.2,,-14.0,,78.0,0.4,2.3,30.0,30.0,1014.9,0.0,0.0,,100.0
2025-11-24 09:00:00,,,,,,,,2.5,,,1014.4,0.0,,,100.0
2025-11-24 10:00:00,,,,,,,,1.1,,,1013.8,0.0,,,100.0
2025-11-24 11:00:00,,,,,,,,1.4,,,1013.3,0.0,,,100.0
2025-11-24 12:00:00,,,,,,,,0.9,,,1012.7,0.0,,,100.0
2025-11-24 13:00:00,,,,,,,,1.2,,,1011.9,1.0,,,100.0
2025-11-24 14:00:00,-11.3,-11.0,,-11.4,,91.0,0.6,1.4,0.0,35.0,1011.2,2.0,,,100.0
2025-11-24 15:00:00,-11.0,-10.9,,-11.2,,93.0,0.2,0.9,64.0,104.0,1010.6,1.0,0.0,,100.0
2025-11-24 16:00:00,-11.1,-11.0,,-11.2,,91.0,0.4,1.2,171.0,259.0,1010.0,0.0,0.3,,100.0
2025-11-24 17:00:00,-10.9,-10.5,,-11.0,,90.0,0.6,1.3,159.0,85.0,1009.4,0.0,0.4,,100.0
2025-11-24 18:00:00,-10.5,-10.4,-10.4,-11.3,-14.4,90.0,0.7,3.1,147.0,142.0,1009.1,0.0,0.3,,100.0
2025-11-24 19:00:00,-11.5,-11.3,,-11.8,,90.0,1.8,3.3,149.0,147.0,1009.0,0.0,0.2,,100.0
2025-11-24 20:00:00,-11.1,-11.0,,-11.5,,90.0,0.8,2.6,98.0,99.0,1008.9,0.0,0.2,,100.0
2025-11-24 21:00:00,-11.1,-10.8,,-11.3,,90.0,1.1,2.3,169.0,151.0,1008.8,0.0,0.2,,100.0
2025-11-24 22:00:00,-10.9,-10.7,,-11.2,,90.0,0.7,2.6,170.0,145.0,1008.8,0.0,0.0,,100.0
2025-11-24 23:00:00,-10.8,-10.6,,-11.0,,90.0,0.9,2.5,145.0,174.0,1009.0,0.0,0.0,,100.0
2025-11-25 00:00:00,-10.4,-9.1,-9.1,-10.8,-11.7,90.0,0.7,4.3,62.0,151.0,1008.8,0.0,0.0,,100.0
2025-11-25 01:00:00,-9.9,-8.2,,-10.3,,90.0,1.1,4.5,89.0,150.0,1009.1,0.0,0.0,,100.0
2025-11-25 02:00:00,-9.1,-7.8,,-10.4,,85.0,1.5,4.8,9.0,4.0,1009.4,0.0,0.0,,100.0
2025-11-25 03:00:00,-10.0,-9.2,-7.8,-10.7,-11.7,87.0,2.8,7.2,54.0,84.0,1009.4,0.0,0.0,,100.0
2025-11-25 04:00:00,-9.5,-8.9,,-10.6,,80.0,3.4,7.2,170.0,65.0,1009.8,0.0,0.1,,100.0
2025-11-25 05:00:00,-10.8,-10.3,,-11.2,,89.0,1.3,2.4,94.0,138.0,1009.9,0.0,0.0,,100.0
2025-11-25 06:00:00,-10.7,-10.4,-7.8,-11.1,-11.7,88.0,1.1,3.1,96.0,93.0,1009.9,0.0,0.0,,100.0
2025-11-25 07:00:00,-11.0,-10.3,,-11.9,,87.0,1.8,4.0,100.0,140.0,1010.1,0.0,0.0,,100.0
2025-11-25 08:00:00,-11.6,-11.0,,-11.9,,87.0,1.5,3.8,96.0,91.0,1010.0,0.0,0.0,,100.0
2025-11-25 09:00:00,-10.9,-10.6,-7.8,-11.2,-11.9,83.0,0.4,1.3,162.0,80.0,1010.0,0.0,0.0,,100.0
2025-11-25 10:00:00,-10.8,-10.7,,-11.0,,82.0,1.0,2.6,58.0,80.0,1009.9,0.0,0.0,,100.0
2025-11-25 11:00:00,-11.0,-10.7,,-11.1,,77.0,3.4,6.8,26.0,32.0,1009.8,0.0,0.0,,100.0
2025-11-25 12:00:00,-10.9,-10.7,-7.8,-11.1,-11.9,78.0,1.0,3.4,23.0,52.0,1009.7,0.0,0.0,,100.0
2025-11-25 13:00:00,-11.2,-10.7,,-11.5,,81.0,1.0,2.3,70.0,56.0,1009.5,2.0,0.0,,100.0
2025-11-25 14:00:00,-11.6,-11.2,,-12.3,,81.0,3.2,7.3,26.0,49.0,1009.5,2.0,0.0,,100.0
2025-11-25 15:00:00,-12.4,-12.2,-8.9,-12.5,-12.5,80.0,5.7,8.3,16.0,18.0,1009.3,1.0,0.0,,100.0
2025-11-25 16:00:00,-12.2,-11.6,,-12.7,,79.0,5.9,9.5,34.0,25.0,1009.1,0.0,0.0,,100.0
2025-11-25 17:00:00,-11.9,-11.6,,-12.4,,78.0,6.7,11.2,41.0,46.0,1009.3,0.0,0.0,,100.0
2025-11-25 18:00:00,-11.8,-11.5,-10.2,-12.1,-12.7,74.0,7.2,11.7,39.0,40.0,1009.2,0.0,0.0,,100.0
2025-11-25 19:00:00,-11.8,-11.5,,-12.3,,73.0,6.0,9.8,23.0,28.0,1009.6,0.0,0.0,,100.0
2025-11-25 20:00:00,-12.2,-11.8,,-12.8,,69.0,5.0,8.0,16.0,22.0,1009.8,0.0,0.0,,100.0
2025-11-25 21:00:00,-13.1,-12.6,-10.7,-13.4,-13.4,67.0,6.8,10.1,24.0,25.0,1009.8,0.0,0.0,,100.0
2025-11-25 22:00:00,-13.0,-12.5,,-13.7,,63.0,6.0,8.7,31.0,33.0,1010.1,0.0,0.0,,40.0
2025-11-25 23:00:00,-13.4,-12.6,,-14.1,,62.0,5.9,8.2,18.0,24.0,1010.0,0.0,0.0,,100.0
2025-11-26 00:00:00,-13.7,-12.9,-10.7,-14.4,-14.4,64.0,6.4,9.5,33.0,32.0,1009.9,0.0,0.0,,40.0
2025-11-26 01:00:00,-13.4,-13.1,,-13.9,,64.0,6.0,9.3,35.0,41.0,1009.5,0.0,0.0,,60.0
2025-11-26 02:00:00,-13.6,-13.3,,-13.9,,66.0,4.9,7.4,20.0,19.0,1009.4,0.0,0.0,,50.0
2025-11-26 03:00:00,-13.9,-13.4,-11.5,-14.6,-14.6,65.0,4.0,6.8,21.0,19.0,1009.3,0.0,0.0,,10.0
2025-11-26 04:00:00,-13.9,-13.2,,-14.8,,65.0,2.2,4.9,27.0,24.0,1008.9,0.0,0.0,,25.0
2025-11-26 05:00:00,-14.2,-13.6,,-14.6,,66.0,1.5,4.2,110.0,20.0,1008.9,0.0,0.0,,90.0
2025-11-26 06:00:00,-14.3,-13.7,-11.5,-14.9,-14.9,67.0,1.8,4.2,20.0,28.0,1008.8,0.0,0.0,0.0,100.0
2025-11-26 07:00:00,-14.2,-13.9,,-14.7,,68.0,1.3,3.2,24.0,31.0,1008.5,0.0,0.0,,100.0
2025-11-26 08:00:00,-15.0,-14.5,,-15.5,,69.0,1.8,3.2,36.0,34.0,1008.3,0.0,0.0,,0.0
2025-11-26 09:00:00,-14.8,-13.5,-12.5,-15.4,-15.5,67.0,1.8,3.6,159.0,35.0,1008.1,0.0,0.0,,0.0
2025-11-26 10:00:00,-14.6,-14.0,,-15.5,,66.0,0.8,2.0,233.0,5.0,1008.1,0.0,0.0,,0.0
2025-11-26 11:00:00,-15.4,-14.7,,-16.0,,67.0,2.6,4.4,29.0,27.0,1007.9,0.0,0.0,,0.0
2025-11-26 12:00:00,-15.6,-15.0,-13.1,-15.9,-16.0,67.0,3.0,5.2,21.0,26.0,1007.5,0.0,0.0,,0.0
2025-11-26 13:00:00,,,,,,,,4.9,,,1007.4,1.0,0.0,,0.0
2025-11-26 14:00:00,-14.8,-13.8,,-15.4,,64.0,2.0,3.4,21.0,30.0,1007.3,2.0,0.0,,0.0
2025-11-26 15:00:00,-15.6,-14.8,,-16.3,,66.0,2.0,4.1,22.0,24.0,1006.9,1.0,0.0,,0.0
2025-11-26 16:00:00,-16.0,-15.4,,-16.5,,67.0,3.8,5.4,22.0,20.0,1006.7,0.0,0.0,,0.0
2025-11-26 17:00:00,-15.9,-15.6,,-16.4,,67.0,3.4,5.1,21.0,20.0,1006.6,0.0,0.0,,0.0
2025-11-26 18:00:00,-15.9,-14.8,-13.5,-16.8,-16.8,68.0,2.0,4.8,21.0,16.0,1006.5,0.0,0.0,,0.0
2025-11-26 19:00:00,-16.0,-15.4,,-16.8,,66.0,3.1,4.9,27.0,24.0,1006.2,0.0,0.0,,0.0
2025-11-26 20:00:00,-15.8,-15.3,,-16.4,,62.0,2.0,4.1,24.0,29.0,1006.2,0.0,0.0,,0.0
2025-11-26 21:00:00,-16.1,-15.8,,-16.5,,64.0,1.6,4.2,89.0,18.0,1005.8,0.0,0.0,,0.0
2025-11-26 22:00:00,-16.0,-15.2,,-16.6,,61.0,2.7,5.4,18.0,19.0,1005.5,0.0,0.0,,0.0
2025-11-26 23:00:00,-16.4,-15.8,,-17.3,,62.0,1.5,4.5,100.0,27.0,1005.2,0.0,0.0,,0.0
2025-11-27 00:00:00,-16.1,-14.9,-13.8,-16.9,-17.3,61.0,2.0,4.6,28.0,30.0,1004.5,0.0,0.0,,0.0
2025-11-27 01:00:00,-15.8,-15.1,,-16.1,,61.0,2.9,5.6,41.0,25.0,1003.9,0.0,0.0,,0.0
2025-11-27 02:00:00,-15.9,-15.3,,-16.4,,60.0,1.4,3.9,109.0,31.0,1003.4,0.0,0.0,,0.0
2025-11-27 03:00:00,-15.7,-15.2,-14.8,-16.1,-17.3,58.0,1.5,4.6,26.0,29.0,1003.1,0.0,0.0,,0.0
2025-11-27 04:00:00,-15.4,-14.7,,-16.4,,55.0,1.5,3.8,24.0,31.0,1002.9,0.0,0.0,,0.0
2025-11-27 05:00:00,-16.1,-15.3,,-16.7,,57.0,2.9,5.4,19.0,15.0,1002.5,0.0,0.0,,0.0
2025-11-27 06:00:00,-15.7,-15.0,-14.7,-16.1,-17.3,55.0,2.8,5.4,22.0,27.0,1002.8,0.0,0.0,0.0,0.0
2025-11-27 07:00:00,-16.0,-15.7,,-16.5,,56.0,3.9,5.6,22.0,21.0,1002.8,0.0,0.0,,0.0
2025-11-27 08:00:00,-15.9,-15.1,,-16.7,,56.0,2.9,5.4,25.0,28.0,1002.9,0.0,0.0,,0.0
2025-11-27 09:00:00,-16.1,-15.1,-14.7,-17.1,-17.3,56.0,2.9,5.9,65.0,22.0,1003.1,0.0,0.0,,0.0
2025-11-27 10:00:00,-16.4,-15.9,,-17.3,,57.0,1.0,2.4,22.0,63.0,1003.2,0.0,0.0,,0.0
2025-11-27 11:00:00,-16.4,-15.8,,-17.0,,56.0,2.0,4.6,26.0,27.0,1003.1,0.0,0.0,,0.0
2025-11-27 12:00:00,-16.4,-15.7,-14.7,-17.0,-17.3,56.0,1.8,4.4,68.0,33.0,1003.1,0.0,0.0,,0.0
2025-11-27 13:00:00,,,,,,,2.3,3.9,38.0,,1002.9,1.0,,,0.0
2025-11-27 14:00:00,,,,,,,,4.5,,,1002.9,2.0,,,0.0
2025-11-27 15:00:00,,,,,,,2.4,3.8,27.0,26.0,1002.8,1.0,,,0.0
2025-11-27 16:00:00,,,,,,,,2.5,,,1002.9,0.0,,,0.0
2025-11-27 17:00:00,,,,,,,,3.9,,,1002.6,0.0,,,0.0
2025-11-27 18:00:00,,,,,,,,4.2,,,1002.9,0.0,,,0.0
2025-11-27 19:00:00,,,,,,,,2.9,,,1002.7,0.0,,,0.0
2025-11-27 20:00:00,,,,,,,2.2,4.2,31.0,,1002.7,0.0,,,0.0
2025-11-27 21:00:00,,,,,,,,4.1,,,1002.8,0.0,,,0.0
2025-11-27 22:00:00,,,,,,,,3.3,,,1002.8,0.0,,,0.0
2025-11-27 23:00:00,,,,,,,2.9,5.4,27.0,23.0,1002.6,0.0,,,0.0
2025-11-28 00:00:00,,,,,,,0.7,2.0,20.0,73.0,1002.4,0.0,,,0.0
2025-11-28 01:00:00,,,,,,,,5.1,,,1002.1,0.0,,,0.0
2025-11-28 02:00:00,,,,,,,,4.4,,,1002.5,0.0,,,0.0
2025-11-28 03:00:00,,,,,,,,5.0,,,1002.7,0.0,,,0.0
2025-11-28 04:00:00,,,,,,,,,,,1002.9,0.0,,,0.0
2025-11-28 05:00:00,,,,,,,,,,,1002.7,0.0,,,0.0
2025-11-28 06:00:00,,,,,,,,3.4,,,1002.6,0.0,,,0.0
2025-11-28 07:00:00,,,,,,,2.5,4.5,25.0,27.0,1002.7,0.0,,,0.0
2025-11-28 08:00:00,,,,,,,,,,,1003.0,0.0,,,0.0
2025-11-28 09:00:00,,,,,,,,6.1,,,1002.9,0.0,,,0.0
2025-11-28 10:00:00,,,,,,,,,,,1002.9,0.0,,,0.0
2025-11-28 11:00:00,,,,,,,,4.8,,,1002.9,0.0,,,0.0
2025-11-28 12:00:00,,,,,,,,4.2,,,1002.8,0.0,,,0.0
2025-11-28 13:00:00,,,,,,,,4.2,,,1003.0,1.0,,,0.0
2025-11-28 14:00:00,-16.3,-15.1,,-19.3,,45.0,2.2,4.7,211.0,25.0,1003.0,1.0,,,0.0
2025-11-28 15:00:00,-16.7,-15.2,,-18.3,,48.0,1.8,4.3,39.0,32.0,1002.8,1.0,0.0,,0.0
2025-11-28 16:00:00,-15.3,-13.6,,-15.9,,43.0,2.7,5.0,23.0,25.0,1002.9,0.0,0.0,,0.0
2025-11-28 17:00:00,-15.9,-14.9,,-17.5,,46.0,1.2,3.1,22.0,335.0,1003.3,0.0,0.0,,0.0
2025-11-28 18:00:00,-15.2,-14.4,-13.6,-16.3,-19.3,44.0,1.5,4.0,117.0,35.0,1003.9,0.0,0.0,,0.0
2025-11-28 19:00:00,-15.6,-14.5,,-16.7,,46.0,1.4,4.0,36.0,82.0,1004.5,0.0,0.0,,0.0
2025-11-28 20:00:00,-14.9,-13.3,,-17.1,,45.0,1.5,3.6,61.0,97.0,1004.9,0.0,0.0,,0.0
2025-11-28 21:00:00,-14.9,-12.8,,-16.5,,46.0,2.3,7.4,29.0,34.0,1005.2,0.0,0.0,,0.0
2025-11-28 22:00:00,-14.1,-11.2,,-16.4,,43.0,2.1,6.5,40.0,44.0,1006.4,0.0,0.0,,0.0
2025-11-28 23:00:00,-13.3,-11.9,,-14.8,,40.0,2.8,7.2,23.0,38.0,1007.2,0.0,0.0,,0.0
2025-11-29 00:00:00,-13.2,-11.8,-11.2,-14.6,-19.3,38.0,1.6,4.2,35.0,40.0,1008.4,0.0,0.0,,0.0
2025-11-29 01:00:00,-13.4,-12.2,,-15.2,,39.0,2.7,4.6,20.0,23.0,1009.0,0.0,0.0,,0.0
2025-11-29 02:00:00,-13.4,-12.4,,-14.1,,38.0,0.8,3.1,46.0,33.0,1009.8,0.0,0.0,,0.0
2025-11-29 03:00:00,-13.9,-12.8,-11.2,-14.5,-17.5,39.0,2.0,4.6,27.0,30.0,1010.3,0.0,0.0,,0.0
2025-11-29 04:00:00,-13.5,-12.8,,-14.0,,39.0,1.8,4.5,10.0,30.0,1011.0,0.0,0.0,,0.0
2025-11-29 05:00:00,-15.4,-13.6,,-16.9,,46.0,1.0,3.2,24.0,20.0,1011.6,0.0,0.0,,0.0
2025-11-29 06:00:00,-16.2,-14.4,-11.2,-17.8,-17.8,55.0,0.6,2.6,183.0,113.0,1012.2,0.0,0.0,,0.0
2025-11-29 07:00:00,-14.9,-13.3,,-16.7,,45.0,0.9,2.8,35.0,42.0,1012.5,0.0,0.0,,0.0
2025-11-29 08:00:00,-14.3,-12.8,,-15.9,,43.0,1.3,3.7,175.0,37.0,1012.9,0.0,0.0,,0.0
2025-11-29 09:00:00,-16.0,-14.7,-11.2,-17.0,-17.8,55.0,1.4,3.9,331.0,49.0,1013.5,0.0,0.0,,0.0
2025-11-29 10:00:00,-15.1,-13.4,,-16.1,,49.0,2.1,5.1,18.0,28.0,1013.8,0.0,0.0,,0.0
2025-11-29 11:00:00,-16.6,-13.2,,-18.4,,63.0,1.8,4.3,165.0,112.0,1014.6,0.0,0.0,,0.0
2025-11-29 12:00:00,-15.1,-11.9,-11.9,-17.1,-18.4,54.0,2.5,13.0,31.0,31.0,1015.0,0.0,0.0,,0.0
2025-11-29 13:00:00,-12.9,-11.4,,-14.4,,46.0,2.5,10.1,49.0,92.0,1015.8,0.0,0.0,,0.0
2025-11-29 14:00:00,-13.3,-11.4,,-14.4,,50.0,1.7,7.2,292.0,1.0,1016.2,0.0,0.0,,0.0
2025-11-29 15:00:00,-14.7,-13.3,-11.4,-16.2,-18.4,54.0,1.3,3.5,24.0,23.0,1016.5,0.0,0.0,,0.0
2025-11-29 16:00:00,-14.9,-14.0,,-16.1,,52.0,1.8,3.7,23.0,28.0,1016.5,0.0,0.0,,0.0
2025-11-29 17:00:00,-14.6,-14.1,,-15.1,,48.0,1.9,3.9,24.0,24.0,1016.4,0.0,0.0,,0.0
2025-11-29 18:00:00,-14.8,-14.5,-11.4,-15.2,-18.4,50.0,2.7,4.2,24.0,23.0,1016.1,0.0,0.0,,0.0
2025-11-29 19:00:00,-14.9,-14.4,,-15.3,,52.0,3.6,5.6,27.0,23.0,1015.8,0.0,0.0,,0.0
2025-11-29 20:00:00,-14.9,-14.5,,-15.3,,53.0,3.6,5.7,23.0,22.0,1015.4,0.0,0.0,,0.0
2025-11-29 21:00:00,-14.7,-14.2,-11.4,-14.9,-18.4,56.0,4.6,6.0,17.0,20.0,1014.8,0.0,0.0,,0.0
2025-11-29 22:00:00,-14.1,-13.7,,-14.5,,61.0,4.1,6.1,26.0,21.0,1014.3,0.0,0.0,,0.0
2025-11-29 23:00:00,-14.0,-13.5,,-14.3,,61.0,3.3,5.4,22.0,25.0,1013.5,0.0,0.0,,0.0
2025-11-30 00:00:00,-14.4,-13.7,-11.4,-14.8,-16.2,65.0,3.7,5.6,27.0,24.0,1013.0,0.0,0.0,,10.0
2025-11-30 01:00:00,-13.9,-13.2,,-14.4,,73.0,1.3,3.9,97.0,67.0,1012.4,0.0,0.0,,0.0
2025-11-30 02:00:00,-16.1,-14.4,,-16.9,,80.0,1.4,3.7,98.0,34.0,1011.7,0.0,0.0,,0.0
2025-11-30 03:00:00,-16.5,-16.3,-13.2,-17.0,-17.0,82.0,0.9,2.2,33.0,61.0,1011.3,0.0,0.0,,0.0
2025-11-30 04:00:00,-16.8,-16.4,,-17.4,,76.0,1.2,3.9,36.0,47.0,1010.1,0.0,0.0,,0.0
2025-11-30 05:00:00,-16.8,-16.0,,-17.4,,68.0,1.8,3.9,27.0,31.0,1009.6,0.0,0.0,,0.0
2025-11-30 06:00:00,-16.5,-15.6,-13.2,-17.2,-17.4,67.0,1.8,4.0,37.0,27.0,1008.8,0.0,0.0,0.0,0.0
2025-11-30 07:00:00,-15.7,-15.1,,-16.4,,64.0,2.0,4.0,26.0,25.0,1008.2,0.0,0.0,,0.0
2025-11-30 08:00:00,-15.4,-14.4,,-16.3,,62.0,0.5,2.3,53.0,37.0,1008.0,0.0,0.0,,0.0
2025-11-30 09:00:00,-16.0,-15.2,-13.2,-16.9,-17.4,57.0,2.6,4.7,18.0,26.0,1007.5,0.0,0.0,,0.0
2025-11-30 10:00:00,,,,,,,,4.2,,,1007.4,0.0,,,0.0
2025-11-30 11:00:00,,,,,,,,2.5,,,1007.5,0.0,,,0.0
2025-11-30 12:00:00,,,,,,,,3.2,,,1007.3,0.0,,,0.0
2025-11-30 13:00:00,,,,,,,,1.9,,,1007.1,0.0,,,0.0
2025-11-30 14:00:00,,,,,,,,2.9,,,1007.2,0.0,,,0.0
2025-11-30 15:00:00,,,,,,,,4.3,,,1007.4,0.0,,,0.0
2025-11-30 16:00:00,,,,,,,,2.1,,,1008.0,0.0,,,0.0
2025-11-30 17:00:00,,,,,,,,,,,1008.1,0.0,,,0.0
2025-11-30 18:00:00,,,,,,,1.9,3.1,25.0,,1008.6,0.0,,,0.0
2025-11-30 19:00:00,-16.5,-15.7,,-17.7,,,1.2,4.3,25.0,25.0,1009.1,0.0,,,0.0
2025-11-30 20:00:00,,,,,,,,4.8,,,1009.4,0.0,,,0.0
2025-11-30 21:00:00,,,,,,,,4.6,,,1009.8,0.0,,,0.0
2025-11-30 22:00:00,,,,,,,1.7,3.6,39.0,,1009.6,0.0,,,0.0
2025-11-30 23:00:00,,,,,,,0.9,3.0,52.0,,1009.8,0.0,,,0.0
2025-12-01 00:00:00,-16.1,-15.6,-14.5,-16.9,-18.0,61.0,1.8,3.4,58.0,27.0,1010.0,0.0,,,10.0
2025-12-01 01:00:00,,,,,,,,6.1,,,1010.2,0.0,,,100.0
2025-12-01 02:00:00,,,,,,,,,,,1010.2,0.0,,,100.0
2025-12-01 03:00:00,,,,,,,,2.3,,,1010.3,0.0,,,100.0
2025-12-01 04:00:00,,,,,,,,1.3,,,1010.2,0.0,,,100.0
2025-12-01 05:00:00,,,,,,,,,,,1010.3,0.0,,,100.0
2025-12-01 06:00:00,,,,,,,,2.0,,,1010.3,0.0,,,100.0
2025-12-01 07:00:00,-14.5,-14.1,,-15.2,,63.0,0.6,1.9,152.0,121.0,1010.7,0.0,,,100.0
2025-12-01 08:00:00,,,,,,,,3.3,,,1010.8,0.0,,,75.0
2025-12-01 09:00:00,-16.3,-14.8,,-17.9,,70.0,0.8,2.5,57.0,118.0,1011.2,0.0,,,100.0
2025-12-01 10:00:00,-15.1,-14.2,,-16.0,,66.0,0.8,2.3,54.0,37.0,1011.2,0.0,0.0,,100.0
2025-12-01 11:00:00,-14.7,-13.9,,-15.9,,64.0,0.9,2.9,121.0,22.0,1011.3,0.0,0.0,,100.0
2025-12-01 12:00:00,-14.5,-13.8,-13.6,-16.0,-17.9,63.0,0.5,2.2,157.0,50.0,1011.5,0.0,,,100.0
2025-12-01 13:00:00,-14.1,-13.8,,-14.7,,65.0,0.4,2.2,69.0,360.0,1011.5,0.0,0.0,,100.0
2025-12-01 14:00:00,-14.4,-14.0,,-15.4,,65.0,1.1,3.3,111.0,33.0,1011.6,0.0,0.0,,100.0
2025-12-01 15:00:00,-14.6,-13.9,,-15.9,,66.0,0.7,2.4,54.0,55.0,1011.4,0.0,0.0,,50.0
2025-12-01 16:00:00,-15.3,-14.2,,-16.1,,61.0,1.8,3.3,126.0,26.0,1011.4,0.0,0.0,,10.0
2025-12-01 17:00:00,-15.2,-14.2,,-15.9,,58.0,1.6,4.2,28.0,34.0,1011.5,0.0,0.0,,0.0
2025-12-01 18:00:00,-15.3,-14.7,-13.7,-16.1,-17.9,57.0,1.0,3.9,48.0,43.0,1012.0,0.0,0.0,,0.0
2025-12-01 19:00:00,-15.6,-14.7,,-16.6,,61.0,1.6,3.7,30.0,34.0,1012.2,0.0,0.0,,0.0
2025-12-01 20:00:00,-16.0,-14.4,,-17.5,,63.0,1.1,3.1,100.0,36.0,1012.4,0.0,0.0,,0.0
2025-12-01 21:00:00,-15.9,-14.6,,-17.0,,60.0,1.2,2.6,26.0,29.0,1012.7,0.0,0.0,,0.0
2025-12-01 22:00:00,-15.9,-14.4,,-16.9,,59.0,1.3,3.7,110.0,31.0,1012.9,0.0,0.0,,0.0
2025-12-01 23:00:00,-15.3,-14.5,,-16.1,,54.0,1.1,4.0,96.0,31.0,1013.1,0.0,0.0,,0.0
2025-12-02 00:00:00,-14.6,-13.1,-13.1,-15.5,-17.5,47.0,1.0,3.2,79.0,66.0,1013.3,0.0,0.0,,0.0
2025-12-02 01:00:00,-14.9,-14.4,,-15.4,,49.0,0.4,2.2,186.0,319.0,1013.6,0.0,0.0,,0.0
2025-12-02 02:00:00,-15.8,-14.9,,-16.6,,56.0,0.8,2.5,55.0,40.0,1013.8,0.0,0.0,,0.0
2025-12-02 03:00:00,-15.2,-14.5,-13.1,-16.4,-17.5,54.0,0.7,3.2,181.0,86.0,1013.9,0.0,0.0,,0.0
2025-12-02 04:00:00,-15.7,-15.0,,-16.3,,55.0,0.4,1.2,9.0,112.0,1013.8,0.0,0.0,,0.0
2025-12-02 05:00:00,-16.4,-15.7,,-17.0,,60.0,0.4,1.1,18.0,139.0,1013.9,0.0,0.0,,0.0
2025-12-02 06:00:00,-15.8,-15.4,-13.1,-16.4,-17.5,55.0,0.6,3.1,22.0,337.0,1014.3,0.0,0.0,,0.0
2025-12-02 07:00:00,-15.7,-14.9,,-16.6,,51.0,1.0,3.1,25.0,24.0,1014.4,0.0,0.0,,0.0
2025-12-02 08:00:00,-15.6,-14.8,,-16.3,,49.0,0.7,2.2,24.0,26.0,1014.7,0.0,,,0.0
2025-12-02 09:00:00,-15.6,-15.1,,-16.6,,50.0,1.2,3.9,200.0,18.0,1015.4,0.0,0.0,,0.0
2025-12-02 10:00:00,-16.4,-15.3,,-17.7,,54.0,0.8,2.1,40.0,38.0,1015.6,0.0,0.0,,0.0
2025-12-02 11:00:00,-16.3,-15.2,,-17.2,,52.0,1.3,2.8,91.0,30.0,1015.5,0.0,0.0,,0.0
2025-12-02 12:00:00,-16.8,-16.3,-14.4,-17.0,-17.7,57.0,0.7,2.3,27.0,83.0,1015.7,0.0,0.0,,0.0
2025-12-02 13:00:00,-17.3,-16.7,,-18.1,,59.0,0.9,3.3,91.0,324.0,1015.5,0.0,0.0,,0.0
2025-12-02 14:00:00,-15.9,-14.9,,-16.9,,50.0,1.4,4.0,102.0,26.0,1015.4,1.0,0.0,,0.0
2025-12-02 15:00:00,-16.7,-16.3,,-17.1,,55.0,0.3,2.0,230.0,338.0,1015.3,0.0,0.0,,0.0
2025-12-02 16:00:00,-15.9,-14.8,,-16.8,,51.0,0.8,2.9,16.0,33.0,1015.6,0.0,0.0,,0.0
2025-12-02 17:00:00,-16.1,-15.3,,-16.4,,52.0,0.6,1.6,13.0,278.0,1016.0,0.0,0.0,,0.0
2025-12-02 18:00:00,-16.4,-15.7,-14.8,-17.0,-18.1,53.0,1.0,3.1,66.0,17.0,1016.3,0.0,0.0,,0.0
2025-12-02 19:00:00,-15.9,-14.9,,-16.9,,49.0,1.5,3.8,21.0,27.0,1016.4,0.0,0.0,,0.0
2025-12-02 20:00:00,-15.9,-15.4,,-16.6,,48.0,2.1,4.5,65.0,29.0,1016.5,0.0,0.0,,0.0
2025-12-02 21:00:00,-16.0,-15.3,-14.8,-16.7,-18.1,49.0,1.8,3.5,22.0,28.0,1016.8,0.0,0.0,,0.0
2025-12-02 22:00:00,-15.9,-15.1,,-17.4,,48.0,1.3,3.9,25.0,27.0,1016.8,0.0,0.0,,0.0
2025-12-02 23:00:00,-15.4,-14.6,,-16.1,,46.0,1.1,3.1,24.0,35.0,1017.0,0.0,0.0,,0.0
2025-12-03 00:00:00,-15.6,-14.8,-14.6,-16.2,-18.1,47.0,1.5,3.1,27.0,30.0,1017.1,0.0,0.0,,0.0
2025-12-03 01:00:00,-15.5,-14.8,,-16.2,,46.0,0.8,2.3,26.0,42.0,1017.1,0.0,0.0,,0.0
2025-12-03 02:00:00,-16.0,-15.4,,-16.5,,48.0,1.0,2.8,124.0,35.0,1017.2,0.0,0.0,,0.0
2025-12-03 03:00:00,-16.0,-14.9,-14.6,-16.7,-17.4,48.0,0.4,1.2,33.0,62.0,1017.3,0.0,0.0,,60.0
2025-12-03 04:00:00,-16.0,-15.0,,-17.0,,49.0,1.4,3.9,29.0,16.0,1017.4,0.0,0.0,,90.0
2025-12-03 05:00:00,-16.6,-16.3,,-17.0,,51.0,1.4,4.1,24.0,26.0,1017.6,0.0,0.0,,0.0
2025-12-03 06:00:00,-16.6,-15.7,-14.6,-17.1,-17.4,50.0,1.4,3.4,32.0,31.0,1017.8,0.0,0.0,,0.0
2025-12-03 07:00:00,-17.0,-15.7,,-18.0,,52.0,0.3,1.2,89.0,42.0,1018.0,0.0,0.0,,0.0
2025-12-03 08:00:00,-16.6,-15.6,,-17.3,,49.0,1.8,4.5,26.0,24.0,1018.6,0.0,0.0,,0.0
2025-12-03 09:00:00,-16.3,-15.6,-14.6,-16.8,-18.0,48.0,0.5,2.4,45.0,16.0,1018.9,0.0,0.0,,0.0
2025-12-03 10:00:00,-16.7,-16.4,,-17.4,,49.0,1.0,3.7,30.0,26.0,1019.0,0.0,0.0,,0.0
2025-12-03 11:00:00,-16.6,-16.0,,-17.2,,49.0,1.1,3.5,30.0,36.0,1019.1,0.0,0.0,,0.0
2025-12-03 12:00:00,-17.1,-16.2,-14.8,-18.4,-18.4,51.0,1.0,3.6,216.0,45.0,1019.4,0.0,0.0,,0.0
2025-12-03 13:00:00,-18.0,-17.4,,-18.4,,56.0,0.4,1.9,13.0,353.0,1019.0,0.0,0.0,,0.0
2025-12-03 14:00:00,-17.0,-16.0,,-17.8,,51.0,0.4,2.2,31.0,20.0,1018.9,0.0,0.0,,0.0
2025-12-03 15:00:00,-17.3,-16.4,-15.0,-18.5,-18.5,52.0,0.8,2.7,0.0,11.0,1019.1,0.0,0.0,,0.0
2025-12-03 16:00:00,-17.4,-16.6,,-18.2,,52.0,1.5,3.7,8.0,26.0,1018.8,0.0,0.0,,0.0
2025-12-03 17:00:00,-18.2,-17.2,,-18.7,,56.0,1.0,2.2,294.0,344.0,1018.8,0.0,0.0,,0.0
2025-12-03 18:00:00,-17.4,-16.6,-15.6,-18.7,-18.7,53.0,0.3,1.6,144.0,148.0,1019.3,0.0,0.0,,0.0
2025-12-03 19:00:00,-17.0,-16.1,,-17.7,,51.0,1.0,1.8,58.0,60.0,1019.5,0.0,0.0,,0.0
2025-12-03 20:00:00,-16.5,-15.6,,-17.8,,48.0,0.6,3.1,280.0,20.0,1020.0,0.0,0.0,,0.0
2025-12-03 21:00:00,-17.4,-16.8,-15.6,-18.0,-18.7,51.0,0.9,2.0,275.0,25.0,1020.5,0.0,0.0,,0.0
2025-12-03 22:00:00,-17.7,-16.9,,-18.4,,54.0,2.2,4.5,19.0,24.0,1020.3,0.0,0.0,,0.0
2025-12-03 23:00:00,-17.2,-16.5,,-18.1,,51.0,0.9,2.9,45.0,28.0,1020.2,0.0,0.0,,0.0
2025-12-04 00:00:00,-17.4,-16.1,-15.6,-18.4,-18.7,51.0,1.2,2.6,43.0,32.0,1020.2,0.0,0.0,,0.0
2025-12-04 01:00:00,-17.8,-17.0,,-18.9,,52.0,2.2,4.1,23.0,25.0,1020.1,0.0,0.0,,0.0
2025-12-04 02:00:00,-17.6,-16.6,,-18.5,,52.0,0.9,2.4,158.0,115.0,1020.2,0.0,0.0,,0.0
2025-12-04 03:00:00,-18.0,-17.0,-15.6,-18.5,-18.9,54.0,1.4,4.0,20.0,44.0,1019.9,0.0,0.0,,0.0
2025-12-04 04:00:00,-17.4,-16.7,,-18.2,,51.0,1.6,3.3,13.0,23.0,1019.6,0.0,0.0,,0.0
2025-12-04 05:00:00,-17.2,-16.6,,-17.8,,51.0,0.5,2.0,39.0,6.0,1019.8,0.0,0.0,,0.0
2025-12-04 06:00:00,-17.6,-16.3,-15.6,-18.3,-18.9,53.0,0.6,2.8,32.0,44.0,1019.6,0.0,0.0,0.0,0.0
2025-12-04 07:00:00,-16.8,-15.8,,-18.0,,50.0,1.4,4.2,301.0,26.0,1019.6,0.0,0.0,,0.0
2025-12-04 08:00:00,-16.4,-15.5,,-17.2,,48.0,0.7,1.6,30.0,45.0,1019.6,0.0,0.0,,0.0
2025-12-04 09:00:00,-16.2,-15.4,-15.4,-16.7,-18.9,48.0,1.5,4.7,269.0,14.0,1019.6,0.0,0.0,,0.0
2025-12-04 10:00:00,-15.9,-15.3,,-16.4,,47.0,0.4,2.2,297.0,320.0,1019.6,0.0,0.0,,0.0
2025-12-04 11:00:00,-16.4,-14.4,,-19.9,,48.0,1.4,4.3,265.0,47.0,1019.6,0.0,0.0,,0.0
2025-12-04 12:00:00,-17.3,-15.3,-14.4,-20.6,-20.6,53.0,0.9,2.4,311.0,161.0,1019.6,0.0,0.0,,0.0
2025-12-04 13:00:00,-15.5,-14.9,,-16.3,,50.0,1.1,3.2,19.0,2.0,1019.4,0.0,0.0,,0.0
2025-12-04 14:00:00,-16.1,-14.8,,-17.3,,49.0,0.9,2.9,158.0,10.0,1019.5,0.0,0.0,,0.0
2025-12-04 15:00:00,-16.2,-14.9,-14.4,-17.2,-20.6,50.0,2.0,5.6,22.0,26.0,1019.5,0.0,0.0,,0.0
2025-12-04 16:00:00,-15.5,-14.7,,-16.8,,46.0,1.4,4.5,200.0,42.0,1019.6,0.0,0.0,,0.0
2025-12-04 17:00:00,-16.7,-16.4,,-17.1,,55.0,0.5,1.4,61.0,113.0,1019.6,0.0,0.0,,0.0
2025-12-04 18:00:00,-16.0,-14.9,-14.4,-17.6,-20.6,48.0,2.7,5.7,101.0,28.0,1019.8,0.0,0.0,,0.0
2025-12-04 19:00:00,-16.4,-15.2,,-17.2,,50.0,0.9,3.6,121.0,38.0,1020.3,0.0,0.0,,0.0
2025-12-04 20:00:00,-17.4,-16.3,,-18.5,,55.0,0.6,1.6,357.0,136.0,1020.4,0.0,0.0,,0.0
2025-12-04 21:00:00,-15.4,-14.5,-14.4,-17.8,-20.6,46.0,2.0,4.5,22.0,28.0,1020.7,0.0,0.0,,0.0
2025-12-04 22:00:00,-18.4,-15.7,,-20.4,,56.0,1.1,2.9,66.0,99.0,1021.0,0.0,0.0,,0.0
2025-12-04 23:00:00,-16.1,-15.0,,-17.4,,48.0,1.9,4.3,20.0,24.0,1020.7,0.0,0.0,,0.0
2025-12-05 00:00:00,-16.3,-14.8,-14.5,-20.0,-20.4,49.0,1.6,3.6,85.0,29.0,1020.6,0.0,0.0,,0.0
2025-12-05 01:00:00,-16.6,-15.3,,-19.1,,51.0,1.1,3.2,12.0,23.0,1020.6,0.0,0.0,,0.0
2025-12-05 02:00:00,-16.4,-15.5,,-17.6,,50.0,1.2,3.2,27.0,33.0,1020.7,0.0,0.0,,0.0
2025-12-05 03:00:00,-15.6,-14.6,-14.5,-16.9,-20.4,48.0,2.0,4.1,29.0,26.0,1020.5,0.0,0.0,,0.0
2025-12-05 04:00:00,-17.1,-16.3,,-17.4,,53.0,0.5,1.4,226.0,226.0,1020.8,0.0,0.0,,0.0
2025-12-05 05:00:00,-17.1,-16.0,,-18.0,,55.0,1.3,3.5,30.0,40.0,1020.5,0.0,0.0,,0.0
2025-12-05 06:00:00,-17.6,-16.8,-14.5,-18.8,-20.4,61.0,0.3,1.2,60.0,31.0,1020.4,0.0,0.0,0.0,0.0
2025-12-05 07:00:00,-16.9,-15.5,,-18.4,,64.0,0.5,1.6,42.0,3.0,1020.4,0.0,0.0,,0.0
2025-12-05 08:00:00,-14.9,-13.5,,-17.7,,68.0,1.7,4.2,172.0,22.0,1020.5,0.0,0.0,,0.0
2025-12-05 09:00:00,-17.5,-16.2,-13.5,-18.6,-20.4,68.0,1.1,2.3,162.0,161.0,1020.5,0.0,0.0,,0.0
2025-12-05 10:00:00,-16.7,-14.3,,-18.6,,71.0,0.5,1.7,145.0,144.0,1020.6,0.0,0.0,,0.0
2025-12-05 11:00:00,-15.8,-13.9,,-18.6,,70.0,0.4,1.8,37.0,34.0,1020.6,0.0,0.0,,0.0
2025-12-05 12:00:00,-16.6,-15.9,-13.5,-17.4,-19.1,72.0,0.6,2.2,261.0,10.0,1020.3,0.0,0.0,,0.0
2025-12-05 13:00:00,-15.7,-14.0,,-17.3,,68.0,0.6,1.8,88.0,53.0,1020.0,0.0,0.0,,0.0
2025-12-05 14:00:00,-15.7,-13.3,,-18.5,,70.0,0.7,2.1,334.0,151.0,1019.7,1.0,0.0,,0.0
2025-12-05 15:00:00,-14.8,-12.9,-12.9,-17.1,-18.8,66.0,0.9,2.9,158.0,141.0,1019.9,0.0,0.0,,0.0
2025-12-05 16:00:00,-14.6,-13.9,,-15.5,,64.0,1.0,3.1,355.0,26.0,1019.4,0.0,0.0,,0.0
2025-12-05 17:00:00,-14.6,-13.1,,-16.2,,63.0,0.8,2.3,152.0,64.0,1019.5,0.0,0.0,,0.0
2025-12-05 18:00:00,-14.8,-13.4,-12.9,-16.4,-18.6,66.0,0.8,1.8,337.0,5.0,1019.6,0.0,0.0,,100.0
2025-12-05 19:00:00,-14.1,-13.4,,-15.1,,65.0,0.7,1.9,310.0,358.0,1019.5,0.0,0.0,,100.0
2025-12-05 20:00:00,-12.6,-11.6,,-14.0,,63.0,0.7,2.3,221.0,225.0,1019.3,0.0,0.0,,100.0
2025-12-05 21:00:00,-12.4,-11.2,-11.2,-13.8,-18.6,64.0,0.7,2.2,148.0,58.0,1019.0,0.0,0.0,,100.0
2025-12-05 22:00:00,-11.2,-9.7,,-12.6,,61.0,1.1,2.9,46.0,115.0,1019.7,0.0,0.0,,100.0
2025-12-05 23:00:00,-11.0,-10.0,,-11.8,,64.0,0.7,3.1,35.0,289.0,1020.0,0.0,0.0,,100.0
2025-12-06 00:00:00,-10.1,-9.6,-9.6,-11.2,-18.5,58.0,0.8,2.3,173.0,31.0,1020.1,0.0,0.0,,100.0
2025-12-06 01:00:00,-11.4,-10.9,,-11.7,,76.0,0.8,2.1,215.0,165.0,1020.0,0.0,0.1,,100.0
2025-12-06 02:00:00,-11.3,-10.9,,-11.6,,81.0,1.2,3.3,154.0,207.0,1019.8,0.0,0.0,,100.0
2025-12-06 03:00:00,-10.6,-9.5,-9.5,-11.7,-16.4,82.0,1.2,2.9,193.0,248.0,1020.0,0.0,0.0,,100.0
2025-12-06 04:00:00,-9.9,-8.4,,-10.9,,87.0,1.1,2.5,226.0,7.0,1020.3,0.0,0.2,,100.0
2025-12-06 05:00:00,-9.9,-8.7,,-10.6,,90.0,0.9,2.4,275.0,199.0,1020.7,0.0,0.3,,100.0
2025-12-06 06:00:00,-8.4,-7.9,-7.9,-9.0,-15.1,91.0,0.8,2.8,198.0,269.0,1020.9,0.0,0.5,1.0,100.0
2025-12-06 07:00:00,-8.9,-7.8,,-9.5,,92.0,1.1,3.3,142.0,92.0,1021.2,0.0,0.2,,100.0
2025-12-06 08:00:00,-8.1,-7.3,,-9.3,,90.0,0.5,2.2,183.0,154.0,1021.4,0.0,0.1,,100.0
2025-12-06 09:00:00,-8.2,-7.3,-7.3,-8.7,-12.6,92.0,0.6,1.8,210.0,131.0,1021.2,0.0,0.2,,100.0
2025-12-06 10:00:00,-7.2,-6.7,,-7.7,,90.0,0.9,2.5,69.0,82.0,1021.6,0.0,0.0,,100.0
2025-12-06 11:00:00,-6.6,-6.3,,-6.7,,89.0,0.9,2.2,158.0,67.0,1022.0,0.0,0.0,,100.0
2025-12-06 12:00:00,-6.5,-6.2,-6.2,-6.8,-11.7,79.0,0.7,2.6,94.0,68.0,1022.1,0.0,0.0,,100.0
2025-12-06 13:00:00,-6.3,-5.6,,-6.7,,74.0,1.0,3.6,109.0,45.0,1022.4,0.0,0.1,,100.0
2025-12-06 14:00:00,-7.4,-6.7,,-7.7,,91.0,1.0,2.0,155.0,181.0,1022.6,0.0,0.4,,100.0
2025-12-06 15:00:00,-7.4,-5.9,-5.6,-8.1,-10.9,93.0,1.2,3.6,195.0,147.0,1022.7,0.0,0.7,,100.0
2025-12-06 16:00:00,-6.8,-5.6,,-7.3,,93.0,1.5,4.4,160.0,173.0,1023.0,0.0,1.0,,
2025-12-06 17:00:00,-5.9,-5.1,,-6.4,,94.0,1.1,2.7,203.0,226.0,1023.2,0.0,1.7,,
2025-12-06 18:00:00,-5.5,-4.6,-4.6,-6.0,-9.5,95.0,1.3,3.2,183.0,212.0,1023.5,0.0,1.3,,100.0
2025-12-06 19:00:00,-5.4,-5.2,,-5.6,,95.0,1.2,3.6,104.0,178.0,1023.9,0.0,1.2,,100.0
2025-12-06 20:00:00,-5.1,-4.6,,-5.4,,95.0,1.4,4.4,197.0,183.0,1024.3,0.0,0.9,,100.0
2025-12-06 21:00:00,-4.8,-4.6,-4.6,-5.0,-8.1,95.0,1.2,2.8,196.0,215.0,1024.6,0.0,0.7,,100.0
2025-12-06 22:00:00,-4.8,-4.0,,-5.0,,95.0,1.0,2.7,59.0,177.0,1024.6,0.0,0.3,,100.0
2025-12-06 23:00:00,-4.5,-4.1,,-4.9,,94.0,1.1,2.7,218.0,204.0,1025.0,0.0,0.5,,100.0
2025-12-07 00:00:00,-4.8,-4.5,-4.0,-4.9,-8.1,95.0,0.8,2.7,64.0,169.0,1024.9,0.0,0.5,,100.0
2025-12-07 01:00:00,-4.8,-4.8,,-5.0,,96.0,0.7,1.6,143.0,141.0,1025.1,0.0,0.5,,100.0
2025-12-07 02:00:00,-4.8,-4.7,,-4.9,,96.0,0.2,1.0,354.0,132.0,1025.1,0.0,0.6,,100.0
2025-12-07 03:00:00,-4.9,-4.5,-4.0,-5.4,-7.2,90.0,2.4,7.5,20.0,25.0,1024.8,0.0,0.3,,100.0
2025-12-07 04:00:00,-5.1,-4.6,,-5.9,,88.0,1.9,5.9,29.0,43.0,1024.9,0.0,0.5,,100.0
2025-12-07 05:00:00,-5.7,-5.3,,-6.0,,93.0,0.9,2.4,168.0,199.0,1024.9,0.0,1.5,,
2025-12-07 06:00:00,-6.1,-5.9,-4.0,-6.2,-6.2,93.0,2.0,5.0,69.0,64.0,1024.7,0.0,0.6,13.7,100.0
2025-12-07 07:00:00,-6.3,-6.2,,-6.5,,90.0,2.0,4.6,103.0,91.0,1024.7,0.0,0.4,,100.0
2025-12-07 08:00:00,-6.6,-6.4,,-6.8,,93.0,0.6,2.7,0.0,131.0,1024.8,0.0,0.3,,100.0
2025-12-07 09:00:00,-6.7,-6.5,-4.0,-6.8,-6.8,93.0,0.5,1.2,30.0,38.0,1024.6,0.0,0.2,,100.0
2025-12-07 10:00:00,-6.6,-6.4,,-6.7,,92.0,0.9,2.8,50.0,52.0,1024.2,0.0,0.1,,100.0
2025-12-07 11:00:00,-6.2,-6.0,,-6.5,,90.0,0.7,2.7,76.0,38.0,1023.9,0.0,0.0,,100.0
2025-12-07 12:00:00,-6.1,-5.9,-4.5,-6.4,-6.8,89.0,0.5,1.9,130.0,179.0,1023.5,0.0,0.0,,100.0
2025-12-07 13:00:00,-5.9,-5.7,,-6.1,,87.0,0.5,1.6,49.0,72.0,1023.2,0.0,0.0,,100.0
2025-12-07 14:00:00,-5.7,-5.1,,-6.1,,85.0,0.7,2.4,43.0,27.0,1022.7,0.0,0.0,,100.0
2025-12-07 15:00:00,-5.2,-4.9,-4.6,-5.8,-6.8,80.0,0.5,3.1,214.0,111.0,1022.3,0.0,0.0,,100.0
2025-12-07 16:00:00,-5.7,-5.1,,-6.2,,81.0,0.5,1.4,95.0,331.0,1022.0,0.0,0.0,,100.0
2025-12-07 17:00:00,-5.3,-4.9,,-5.7,,78.0,0.8,1.9,174.0,123.0,1021.7,0.0,0.0,,100.0
2025-12-07 18:00:00,-5.6,-5.5,-4.9,-5.8,-6.8,83.0,0.7,1.3,116.0,148.0,1021.4,0.0,0.0,,100.0
2025-12-07 19:00:00,-5.8,-5.7,,-5.9,,83.0,0.2,0.8,128.0,103.0,1021.2,0.0,0.0,,100.0
2025-12-07 20:00:00,-5.6,-5.3,,-5.8,,82.0,0.8,1.6,22.0,36.0,1020.7,0.0,0.0,,100.0
2025-12-07 21:00:00,-5.8,-5.2,-4.9,-6.0,-6.7,85.0,1.0,2.9,78.0,286.0,1020.6,0.0,0.0,,100.0
2025-12-07 22:00:00,-5.5,-5.2,,-5.9,,85.0,0.9,2.3,324.0,357.0,1020.2,0.0,0.0,,100.0
2025-12-07 23:00:00,-5.5,-5.3,,-5.9,,85.0,0.4,1.3,209.0,235.0,1019.8,0.0,0.0,,100.0
2025-12-08 00:00:00,-5.8,-5.7,-4.9,-6.1,-6.2,86.0,0.2,0.9,137.0,151.0,1019.4,0.0,0.0,,100.0
2025-12-08 01:00:00,-5.8,-5.7,,-6.1,,84.0,0.5,3.1,61.0,62.0,1019.2,0.0,0.0,,100.0
2025-12-08 02:00:00,-5.9,-5.6,,-6.3,,85.0,1.3,3.8,270.0,41.0,1019.1,0.0,0.0,,100.0
2025-12-08 03:00:00,-6.3,-6.0,-4.9,-6.4,-6.4,87.0,0.5,1.5,140.0,21.0,1018.8,0.0,0.0,,100.0
2025-12-08 04:00:00,-6.4,-6.0,,-6.6,,84.0,0.7,2.2,295.0,292.0,1018.5,0.0,0.0,,100.0
2025-12-08 05:00:00,-6.4,-5.6,,-6.7,,83.0,1.2,3.2,189.0,190.0,1018.4,0.0,0.0,,100.0
2025-12-08 06:00:00,-6.7,-6.2,-5.2,-7.0,-7.0,86.0,0.7,2.1,68.0,191.0,1018.2,0.0,0.1,1.1,100.0
2025-12-08 07:00:00,-6.5,-6.0,,-7.0,,88.0,0.2,1.3,230.0,129.0,1018.1,0.0,0.1,,100.0
2025-12-08 08:00:00,-6.3,-6.0,,-6.5,,87.0,0.4,1.2,5.0,243.0,1018.3,0.0,0.1,,100.0
2025-12-08 09:00:00,-6.6,-6.5,-5.2,-6.7,-7.0,90.0,0.5,1.8,155.0,166.0,1018.5,0.0,0.4,,100.0
2025-12-08 10:00:00,-7.1,-6.6,,-7.7,,92.0,0.8,2.3,148.0,178.0,1018.4,0.0,0.2,,100.0
2025-12-08 11:00:00,-7.6,-7.1,,-7.8,,93.0,1.1,2.3,158.0,151.0,1018.5,0.0,0.1,,100.0
2025-12-08 12:00:00,-6.9,-6.4,-5.6,-7.2,-7.8,94.0,0.6,1.6,137.0,188.0,1018.4,0.0,0.9,,100.0
2025-12-08 13:00:00,-6.5,-6.3,,-6.9,,94.0,0.2,0.9,0.0,248.0,1018.3,0.0,0.5,,100.0
2025-12-08 14:00:00,-6.4,-6.2,,-6.6,,94.0,0.6,1.8,253.0,267.0,1018.1,0.0,0.5,,100.0
2025-12-08 15:00:00,-6.6,-6.1,-5.6,-6.9,-7.8,95.0,1.0,2.8,82.0,227.0,1017.8,0.0,1.0,,100.0
2025-12-08 16:00:00,-5.5,-4.8,,-6.4,,88.0,2.9,7.1,70.0,50.0,1017.8,0.0,0.0,,100.0
2025-12-08 17:00:00,-6.0,-5.1,,-6.5,,90.0,2.4,7.3,39.0,57.0,1017.7,0.0,0.1,,100.0
2025-12-08 18:00:00,-6.0,-5.2,-4.8,-6.5,-7.8,83.0,5.1,8.8,342.0,23.0,1018.0,0.0,0.0,,100.0
2025-12-08 19:00:00,-5.9,-5.1,,-6.4,,88.0,1.4,4.4,21.0,5.0,1018.1,0.0,0.1,,100.0
2025-12-08 20:00:00,-6.6,-6.1,,-6.8,,91.0,0.6,2.3,23.0,208.0,1018.2,0.0,0.0,,100.0
2025-12-08 21:00:00,-6.8,-6.6,-4.8,-7.1,-7.8,88.0,3.0,8.9,45.0,57.0,1018.2,0.0,0.0,,100.0
2025-12-08 22:00:00,-6.9,-6.5,,-7.4,,88.0,1.9,7.5,75.0,60.0,1018.4,0.0,0.0,,100.0
2025-12-08 23:00:00,-7.2,-6.6,,-7.8,,86.0,5.3,11.0,19.0,37.0,1018.1,0.0,0.3,,100.0
2025-12-09 00:00:00,-7.3,-6.4,-4.8,-7.9,-7.9,83.0,8.8,11.6,24.0,21.0,1018.1,0.0,0.0,,100.0
2025-12-09 01:00:00,-7.1,-6.6,,-7.7,,82.0,5.8,10.6,60.0,40.0,1018.5,0.0,0.0,,100.0
2025-12-09 02:00:00,-7.0,-6.5,,-7.4,,85.0,2.0,9.3,249.0,57.0,1018.7,0.0,0.0,,100.0
2025-12-09 03:00:00,-7.5,-7.0,-4.8,-8.5,-8.5,86.0,5.9,13.2,28.0,35.0,1018.3,0.0,0.0,,100.0
2025-12-09 04:00:00,-8.3,-7.6,,-8.8,,83.0,9.5,13.0,32.0,34.0,1018.7,0.0,0.0,,100.0
2025-12-09 05:00:00,-8.2,-7.4,,-8.9,,81.0,9.5,13.7,33.0,43.0,1018.7,0.0,0.0,,100.0
2025-12-09 06:00:00,-8.4,-8.0,-5.1,-8.9,-8.9,80.0,10.1,15.4,23.0,29.0,1019.2,0.0,0.0,4.2,100.0
2025-12-09 07:00:00,-8.3,-8.2,,-8.6,,79.0,9.4,14.2,28.0,26.0,1019.5,0.0,0.0,,100.0
2025-12-09 08:00:00,-8.1,-7.8,,-8.5,,77.0,11.6,16.6,48.0,44.0,1019.4,0.0,0.0,,100.0
2025-12-09 09:00:00,-8.2,-7.7,-6.4,-8.9,-8.9,76.0,12.4,17.5,48.0,47.0,1019.7,0.0,0.0,,100.0
2025-12-09 10:00:00,-8.8,-8.6,,-9.0,,76.0,13.7,18.2,40.0,43.0,1019.9,0.0,0.0,,100.0
2025-12-09 11:00:00,-8.8,-8.4,,-9.1,,75.0,13.2,18.0,56.0,45.0,1020.4,0.0,0.0,,100.0
2025-12-09 12:00:00,-8.9,-8.5,-6.5,-9.3,-9.3,75.0,12.4,17.3,53.0,46.0,1020.9,0.0,0.0,,100.0
2025-12-09 13:00:00,-8.6,-7.8,,-9.7,,73.0,10.2,16.6,35.0,49.0,1020.9,0.0,0.0,,100.0
2025-12-09 14:00:00,-10.1,-9.4,,-10.8,,76.0,11.0,15.1,36.0,26.0,1020.6,0.0,0.0,,90.0
2025-12-09 15:00:00,-10.7,-9.9,-7.4,-11.4,-11.4,77.0,11.1,14.9,53.0,39.0,1020.5,0.0,0.0,,100.0
2025-12-09 16:00:00,-9.6,-8.8,,-10.3,,76.0,9.6,15.1,46.0,44.0,1020.6,0.0,0.0,,100.0
2025-12-09 17:00:00,-10.3,-9.0,,-10.8,,78.0,9.5,13.0,23.0,26.0,1020.5,0.0,0.0,,100.0
2025-12-09 18:00:00,-10.4,-9.9,-7.7,-10.6,-11.4,78.0,10.1,13.2,20.0,23.0,1020.3,0.0,0.0,,100.0
2025-12-09 19:00:00,-10.1,-9.0,,-11.0,,77.0,8.2,14.6,30.0,35.0,1020.4,0.0,0.0,,100.0
2025-12-09 20:00:00,-9.7,-9.1,,-10.3,,76.0,5.0,9.9,58.0,40.0,1020.5,0.0,0.0,,100.0
2025-12-09 21:00:00,-10.2,-9.8,-7.7,-10.8,-11.4,75.0,7.3,10.6,53.0,49.0,1020.1,0.0,0.0,,100.0
2025-12-09 22:00:00,-9.8,-9.4,,-10.1,,76.0,6.6,9.8,32.0,43.0,1020.1,0.0,0.0,,100.0
2025-12-09 23:00:00,-10.1,-9.7,,-10.7,,78.0,7.6,10.8,28.0,30.0,1019.5,0.0,0.0,,100.0
2025-12-10 00:00:00,-10.1,-9.6,-7.7,-10.6,-11.4,78.0,7.5,10.9,38.0,30.0,1018.9,0.0,0.0,,100.0
2025-12-10 01:00:00,-9.8,-9.3,,-10.3,,82.0,3.1,9.7,61.0,47.0,1019.1,0.0,0.0,,100.0
2025-12-10 02:00:00,-10.3,-10.1,,-10.6,,87.0,2.0,4.1,89.0,76.0,1018.7,0.0,0.0,,100.0
2025-12-10 03:00:00,-10.8,-10.4,-8.8,-11.2,-11.2,87.0,1.5,3.3,183.0,151.0,1018.5,0.0,0.0,,100.0
2025-12-10 04:00:00,-11.2,-11.1,,-11.4,,89.0,0.5,1.6,294.0,276.0,1017.8,0.0,0.0,,100.0
2025-12-10 05:00:00,-11.6,-11.4,,-11.7,,89.0,0.2,1.2,146.0,183.0,1017.3,0.0,0.0,,100.0
2025-12-10 06:00:00,-12.1,-11.7,-9.0,-12.7,-12.7,89.0,0.8,2.4,52.0,79.0,1016.7,0.0,0.0,0.0,40.0
2025-12-10 07:00:00,-12.1,-11.6,,-12.7,,88.0,0.4,1.3,64.0,141.0,1016.5,0.0,0.0,,90.0
2025-12-10 08:00:00,-12.7,-12.1,,-13.5,,88.0,0.4,1.5,327.0,40.0,1016.3,0.0,0.0,,10.0
2025-12-10 09:00:00,-13.1,-12.5,-9.3,-13.7,-13.7,90.0,0.4,1.5,173.0,203.0,1016.0,0.0,0.0,,10.0
2025-12-10 10:00:00,-13.1,-12.1,,-13.7,,90.0,0.9,1.8,27.0,69.0,1015.4,0.0,0.0,,10.0
2025-12-10 11:00:00,-13.5,-12.5,,-15.0,,88.0,0.9,3.1,23.0,66.0,1015.3,0.0,0.0,,0.0
2025-12-10 12:00:00,-13.7,-12.9,-9.3,-15.0,-15.0,89.0,1.0,2.7,24.0,24.0,1014.9,0.0,0.0,,10.0
2025-12-10 13:00:00,-14.2,-13.3,,-15.4,,88.0,0.9,2.6,20.0,35.0,1014.7,0.0,0.0,,75.0
2025-12-10 14:00:00,-14.5,-13.2,,-15.5,,86.0,2.0,3.9,26.0,31.0,1014.2,0.0,0.0,,0.0
2025-12-10 15:00:00,-14.2,-13.1,-11.1,-15.1,-15.5,87.0,0.6,1.8,39.0,349.0,1014.1,0.0,0.0,,60.0
2025-12-10 16:00:00,-14.4,-13.6,,-15.1,,84.0,0.6,1.9,191.0,28.0,1013.9,0.0,0.0,,0.0
2025-12-10 17:00:00,-14.8,-14.0,,-15.9,,82.0,0.8,3.2,22.0,24.0,1013.7,0.0,0.0,,0.0
2025-12-10 18:00:00,-14.7,-13.8,-11.6,-15.7,-15.9,82.0,0.7,2.9,84.0,19.0,1013.8,0.0,0.0,,0.0
2025-12-10 19:00:00,-15.0,-14.7,,-15.4,,88.0,0.4,1.4,55.0,68.0,1013.8,0.0,0.0,,0.0
2025-12-10 20:00:00,-15.2,-14.1,,-16.5,,78.0,1.6,3.7,172.0,31.0,1013.5,0.0,0.0,,0.0
2025-12-10 21:00:00,-14.3,-14.0,-12.1,-14.7,-16.5,78.0,0.5,1.4,16.0,284.0,1013.4,0.0,0.0,,0.0
2025-12-10 22:00:00,-13.8,-12.3,,-14.7,,73.0,0.7,2.1,54.0,2.0,1012.7,0.0,0.0,,0.0
2025-12-10 23:00:00,-12.8,-11.4,,-13.6,,59.0,1.6,4.0,71.0,47.0,1013.0,0.0,0.0,,0.0
2025-12-11 00:00:00,-13.1,-11.3,-11.3,-14.8,-16.5,65.0,1.5,4.5,336.0,20.0,1013.5,0.0,0.0,,90.0
2025-12-11 01:00:00,-14.6,-13.0,,-16.6,,73.0,1.6,3.6,161.0,56.0,1013.5,0.0,0.0,,0.0
2025-12-11 02:00:00,-14.1,-13.0,,-15.6,,71.0,1.2,3.3,19.0,28.0,1013.3,0.0,0.0,,100.0
2025-12-11 03:00:00,-12.8,-12.3,-11.3,-13.3,-16.6,70.0,0.8,3.1,262.0,59.0,1013.2,0.0,0.0,,100.0
2025-12-11 04:00:00,-12.8,-12.3,,-13.4,,70.0,0.8,3.3,337.0,33.0,1012.8,0.0,0.0,,100.0
2025-12-11 05:00:00,-13.3,-12.4,,-14.0,,74.0,0.6,1.5,1.0,309.0,1012.4,0.0,0.0,,100.0
2025-12-11 06:00:00,-12.5,-12.3,-11.3,-12.8,-16.6,71.0,0.5,2.0,119.0,90.0,1012.1,0.0,0.0,0.0,100.0
2025-12-11 07:00:00,-11.9,-11.6,,-12.3,,72.0,2.8,5.8,52.0,65.0,1012.2,0.0,0.0,,100.0
2025-12-11 08:00:00,-11.3,-10.9,,-11.6,,67.0,0.7,4.6,25.0,68.0,1012.5,0.0,0.0,,100.0
2025-12-11 09:00:00,-11.9,-11.4,-10.9,-12.4,-16.6,71.0,0.9,2.3,179.0,184.0,1012.2,0.0,0.0,,100.0
2025-12-11 10:00:00,-12.1,-11.7,,-12.3,,71.0,0.9,2.6,81.0,280.0,1011.9,0.0,0.0,,100.0
2025-12-11 11:00:00,-11.5,-10.0,,-12.2,,70.0,3.8,9.0,59.0,75.0,1011.7,0.0,0.1,,100.0
2025-12-11 12:00:00,-9.8,-9.1,-9.1,-11.9,-16.6,61.0,2.0,5.6,159.0,71.0,1011.8,0.0,,,100.0
2025-12-11 13:00:00,-11.7,-10.9,,-12.2,,75.0,1.3,3.3,29.0,89.0,1011.6,0.0,0.0,,100.0
2025-12-11 14:00:00,-10.6,-10.1,,-11.0,,66.0,0.8,2.0,236.0,3.0,1010.5,0.0,0.0,,100.0
2025-12-11 15:00:00,-11.2,-10.7,,-11.6,,74.0,1.9,5.1,80.0,113.0,1010.3,0.0,0.0,,100.0
2025-12-11 16:00:00,-10.5,-10.1,,-10.9,,68.0,1.5,5.5,121.0,69.0,1010.0,0.0,0.0,,100.0
2025-12-11 17:00:00,-11.0,-10.3,,-12.6,,71.0,1.4,3.5,151.0,247.0,1009.0,0.0,0.0,,100.0
2025-12-11 18:00:00,-12.3,-11.6,-9.1,-12.8,-12.8,77.0,1.6,3.1,338.0,91.0,1009.2,0.0,0.0,,100.0
2025-12-11 19:00:00,-11.5,-11.0,,-12.1,,73.0,1.5,3.7,145.0,137.0,1008.7,0.0,0.0,,100.0
2025-12-11 20:00:00,-10.9,-10.0,,-12.0,,70.0,1.3,3.0,156.0,125.0,1008.7,0.0,0.0,,100.0
2025-12-11 21:00:00,-10.2,-9.1,,-10.7,,71.0,1.8,4.5,172.0,220.0,1008.2,0.0,0.0,,100.0
2025-12-11 22:00:00,-9.9,-9.1,,-10.7,,72.0,1.8,4.8,147.0,151.0,1007.4,0.0,0.0,,100.0
2025-12-11 23:00:00,-10.4,-10.0,,-11.2,,81.0,3.4,6.5,183.0,159.0,1006.6,0.0,0.0,,100.0
2025-12-12 00:00:00,-11.1,-10.5,-9.1,-11.7,-12.8,82.0,2.7,5.3,160.0,149.0,1005.8,0.0,0.0,,100.0
2025-12-12 01:00:00,-7.9,-4.1,,-10.5,,82.0,5.6,16.7,18.0,31.0,1002.9,0.0,0.0,,100.0
2025-12-12 02:00:00,-4.0,-3.5,,-4.5,,77.0,14.2,18.4,19.0,19.0,1002.2,0.0,0.0,,100.0
2025-12-12 03:00:00,-3.6,-3.5,-3.5,-3.8,-12.8,80.0,14.4,18.6,29.0,30.0,1001.0,0.0,0.0,,100.0
2025-12-12 04:00:00,-3.2,-2.9,,-3.6,,82.0,12.2,17.8,21.0,27.0,1000.3,0.0,0.0,,100.0
2025-12-12 05:00:00,-3.3,-3.0,,-3.5,,85.0,14.2,19.2,23.0,21.0,998.8,0.0,0.0,,100.0
2025-12-12 06:00:00,-3.2,-2.9,-2.9,-3.6,-12.1,89.0,12.6,18.3,24.0,23.0,998.0,0.0,0.0,,
2025-12-12 07:00:00,-2.8,-2.6,,-3.0,,91.0,13.5,20.4,53.0,29.0,996.8,0.0,1.7,,
2025-12-12 08:00:00,-2.8,-2.4,,-3.0,,85.0,19.0,23.2,62.0,63.0,995.6,0.0,1.0,,100.0
2025-12-12 09:00:00,-2.4,-2.3,-2.3,-2.7,-11.7,82.0,18.8,23.1,63.0,64.0,996.7,0.0,0.0,,100.0
2025-12-12 10:00:00,-2.7,-2.5,,-2.9,,87.0,14.7,19.3,26.0,26.0,997.0,0.0,0.0,,100.0
2025-12-12 11:00:00,-2.4,-2.2,,-2.6,,83.0,11.7,18.2,17.0,22.0,998.0,0.0,0.0,,100.0
2025-12-12 12:00:00,-2.2,-2.0,-2.0,-2.4,-10.5,81.0,9.6,13.2,22.0,22.0,997.7,0.0,0.0,,100.0
2025-12-12 13:00:00,-2.1,-1.9,,-2.3,,80.0,9.1,14.1,27.0,25.0,997.2,0.0,0.0,,100.0
2025-12-12 14:00:00,-1.9,-1.6,,-2.1,,79.0,9.0,14.1,60.0,42.0,997.2,0.0,0.0,,100.0
2025-12-12 15:00:00,-1.7,-1.5,-1.5,-2.1,-3.6,79.0,8.4,13.2,25.0,50.0,996.4,0.0,0.0,,100.0
2025-12-12 16:00:00,-2.1,-1.9,,-2.4,,82.0,8.0,12.9,27.0,25.0,996.1,0.0,0.0,,100.0
2025-12-12 17:00:00,-2.1,-1.6,,-2.3,,83.0,6.7,11.5,2.0,23.0,995.5,0.0,0.0,,100.0
2025-12-12 18:00:00,-1.5,-1.3,-1.2,-1.8,-3.0,81.0,3.4,10.6,9.0,314.0,995.4,0.0,0.0,,100.0
2025-12-12 19:00:00,-1.8,-1.4,,-2.1,,81.0,8.6,15.5,353.0,5.0,993.8,0.0,0.0,,
2025-12-12 20:00:00,-1.9,-1.7,,-2.1,,81.0,8.5,17.5,347.0,344.0,993.6,0.0,0.0,,75.0
2025-12-12 21:00:00,-2.0,-1.7,-1.2,-2.3,-2.9,79.0,10.3,19.0,24.0,7.0,993.1,0.0,0.0,,100.0
2025-12-12 22:00:00,-2.0,-1.3,,-2.3,,79.0,12.3,18.3,358.0,22.0,993.0,0.0,0.0,,100.0
2025-12-12 23:00:00,-2.2,-1.6,,-2.8,,82.0,8.9,19.9,22.0,9.0,992.6,0.0,0.0,,
2025-12-13 00:00:00,-3.1,-2.4,-1.2,-3.3,-3.3,86.0,11.2,19.6,10.0,12.0,991.9,0.0,0.0,,
2025-12-13 01:00:00,-2.3,-1.8,,-2.7,,81.0,10.1,17.4,343.0,6.0,991.6,0.0,0.0,,
2025-12-13 02:00:00,-2.2,-1.8,,-2.5,,82.0,11.2,19.2,331.0,333.0,991.0,0.0,0.0,,100.0
2025-12-13 03:00:00,-2.3,-1.9,-1.2,-2.5,-3.3,85.0,6.7,13.1,16.0,345.0,991.7,0.0,0.0,,
2025-12-13 04:00:00,-3.0,-2.6,,-3.3,,86.0,9.9,18.0,334.0,346.0,990.7,0.0,0.6,,
2025-12-13 05:00:00,-3.3,-3.0,,-3.5,,85.0,9.5,21.8,358.0,349.0,990.0,0.0,0.0,,
2025-12-13 06:00:00,-3.6,-3.3,-1.3,-3.8,-3.8,86.0,10.6,18.6,328.0,341.0,990.3,0.0,0.0,3.2,
2025-12-13 07:00:00,-3.9,-3.2,,-4.2,,84.0,8.8,16.2,347.0,332.0,990.6,0.0,0.0,,100.0
2025-12-13 08:00:00,-3.9,-3.4,,-4.1,,82.0,9.6,16.9,352.0,342.0,990.0,0.0,0.0,,100.0
2025-12-13 09:00:00,-3.8,-3.4,-1.3,-4.1,-4.2,85.0,13.0,22.9,13.0,8.0,989.4,0.0,0.0,,
2025-12-13 10:00:00,-3.3,-3.0,,-3.8,,81.0,15.0,22.0,28.0,25.0,989.1,0.0,0.0,,100.0
2025-12-13 11:00:00,-3.4,-2.9,,-3.8,,80.0,12.6,20.1,343.0,5.0,988.9,0.0,0.0,,100.0
2025-12-13 12:00:00,-2.7,-2.4,-1.8,-3.2,-4.2,72.0,11.2,19.3,340.0,337.0,988.8,0.0,0.0,,100.0
2025-12-13 13:00:00,-3.1,-2.4,,-3.6,,71.0,10.1,19.8,332.0,339.0,988.6,0.0,0.0,,100.0
2025-12-13 14:00:00,-3.9,-3.4,,-4.3,,76.0,8.5,17.6,329.0,329.0,988.2,0.0,0.0,,100.0
2025-12-13 15:00:00,-3.8,-3.5,-2.4,-4.2,-4.3,73.0,10.8,21.0,27.0,7.0,987.2,0.0,0.0,,100.0
2025-12-13 16:00:00,-3.6,-3.2,,-3.9,,72.0,11.6,20.4,360.0,20.0,987.2,0.0,0.0,,100.0
2025-12-13 17:00:00,-2.9,-2.7,,-3.3,,65.0,9.1,16.0,331.0,332.0,987.2,0.0,0.0,,100.0
2025-12-13 18:00:00,-2.7,-2.2,-2.2,-3.0,-4.3,64.0,9.2,18.5,9.0,354.0,987.5,0.0,0.0,,100.0
2025-12-13 19:00:00,-3.1,-2.8,,-3.8,,64.0,6.5,14.0,35.0,10.0,987.2,0.0,0.0,,100.0
2025-12-13 20:00:00,-3.8,-3.2,,-4.4,,68.0,9.0,14.8,42.0,43.0,987.4,0.0,0.0,,100.0
2025-12-13 21:00:00,-3.7,-3.1,-2.2,-4.8,-4.8,68.0,6.0,12.2,28.0,27.0,986.8,0.0,0.0,,100.0
2025-12-13 22:00:00,-4.8,-3.7,,-5.3,,70.0,7.9,13.4,44.0,54.0,986.3,0.0,0.0,,100.0
2025-12-13 23:00:00,-3.8,-3.0,,-4.6,,65.0,3.4,7.9,23.0,46.0,985.6,0.0,0.0,,100.0
2025-12-14 00:00:00,-3.9,-2.9,-2.2,-4.5,-5.3,65.0,3.2,7.4,26.0,24.0,985.4,0.0,0.0,,100.0
2025-12-14 01:00:00,-3.9,-3.1,,-4.4,,64.0,2.1,5.3,275.0,25.0,985.1,0.0,0.0,,100.0
2025-12-14 02:00:00,-4.0,-3.8,,-4.3,,64.0,1.0,2.6,61.0,32.0,984.1,0.0,0.0,,100.0
2025-12-14 03:00:00,-3.7,-3.3,-2.2,-4.1,-5.3,63.0,0.8,2.0,338.0,139.0,983.6,0.0,0.0,,100.0
2025-12-14 04:00:00,-3.6,-3.2,,-4.1,,61.0,0.8,2.8,331.0,295.0,983.0,0.0,0.0,,100.0
2025-12-14 05:00:00,-3.1,-1.6,,-3.9,,59.0,1.3,5.7,106.0,348.0,982.7,0.0,0.0,,100.0
2025-12-14 06:00:00,-4.1,-2.9,-1.6,-4.6,-5.3,60.0,6.6,11.8,51.0,33.0,982.6,0.0,0.0,0.0,100.0
2025-12-14 07:00:00,-3.6,-2.9,,-4.4,,61.0,2.9,7.1,237.0,31.0,982.6,0.0,0.0,,40.0
2025-12-14 08:00:00,-3.9,-2.8,,-4.6,,63.0,0.7,2.2,285.0,193.0,982.6,0.0,0.0,,100.0
2025-12-14 09:00:00,-3.5,-3.0,-1.6,-3.9,-5.3,67.0,4.1,10.8,23.0,36.0,982.6,0.0,0.0,,100.0
2025-12-14 10:00:00,-3.5,-3.1,,-3.9,,70.0,3.2,10.5,13.0,10.0,983.0,0.0,0.0,,100.0
2025-12-14 11:00:00,-3.5,-3.1,,-4.4,,79.0,5.0,13.2,260.0,356.0,983.6,0.0,0.0,,100.0
2025-12-14 12:00:00,-4.3,-3.6,-1.6,-4.6,-4.6,90.0,2.2,8.1,294.0,299.0,984.0,0.0,0.6,,
2025-12-14 13:00:00,-4.3,-3.2,,-4.6,,93.0,1.9,7.8,25.0,287.0,984.0,0.0,0.4,,100.0
2025-12-14 14:00:00,-4.2,-2.7,,-4.7,,91.0,2.8,7.0,18.0,318.0,984.1,0.0,0.0,,100.0
2025-12-14 15:00:00,-3.7,-2.7,-1.6,-4.1,-4.7,88.0,4.1,9.4,263.0,303.0,984.0,0.0,0.0,,100.0
2025-12-14 16:00:00,-4.0,-3.1,,-4.5,,89.0,1.4,3.8,117.0,258.0,984.0,0.0,0.0,,100.0
2025-12-14 17:00:00,-3.1,-2.3,,-4.1,,77.0,3.3,7.5,310.0,343.0,983.8,0.0,0.0,,100.0
2025-12-14 18:00:00,-4.4,-3.1,-2.3,-5.1,-5.1,84.0,1.8,4.7,214.0,249.0,983.8,0.0,0.0,,100.0
2025-12-14 19:00:00,-4.0,-3.5,,-5.0,,80.0,1.2,3.5,92.0,246.0,983.7,0.0,0.0,,100.0
2025-12-14 20:00:00,-3.3,-2.7,,-3.8,,78.0,1.3,3.6,328.0,309.0,983.6,0.0,0.0,,100.0
2025-12-14 21:00:00,-2.6,-2.1,-2.1,-3.2,-5.1,77.0,2.3,5.5,291.0,329.0,983.4,0.0,0.0,,100.0
2025-12-14 22:00:00,-3.3,-2.7,,-4.1,,83.0,0.9,2.6,202.0,225.0,983.0,0.0,0.0,,100.0
2025-12-14 23:00:00,-3.3,-3.0,,-3.7,,84.0,1.0,2.4,144.0,195.0,983.0,0.0,0.0,,100.0
2025-12-15 00:00:00,-3.1,-2.6,-2.1,-3.8,-5.1,82.0,1.3,3.3,28.0,30.0,982.5,0.0,0.0,,100.0
2025-12-15 01:00:00,-3.3,-2.8,,-3.8,,80.0,1.3,2.9,82.0,36.0,981.9,0.0,0.0,,100.0
2025-12-15 02:00:00,-3.3,-2.5,,-3.9,,78.0,1.2,4.6,304.0,290.0,980.8,0.0,0.0,,10.0
2025-12-15 03:00:00,-4.2,-2.4,-2.1,-5.2,-5.2,77.0,1.9,4.4,25.0,32.0,980.3,0.0,0.0,,0.0
2025-12-15 04:00:00,-4.0,-3.5,,-4.5,,72.0,1.5,3.8,55.0,39.0,979.6,0.0,0.0,,90.0
2025-12-15 05:00:00,-3.9,-2.4,,-5.0,,71.0,1.6,6.9,33.0,33.0,978.7,0.0,0.0,,0.0
2025-12-15 06:00:00,-1.5,-0.5,-0.5,-4.2,-5.2,64.0,8.1,20.0,350.0,348.0,977.7,0.0,0.0,1.0,0.0
2025-12-15 07:00:00,-1.3,-0.9,,-1.6,,64.0,9.7,16.7,305.0,316.0,977.1,0.0,0.0,,40.0
2025-12-15 08:00:00,-0.8,-0.3,,-1.6,,62.0,9.7,18.9,296.0,308.0,976.7,0.0,,,100.0
2025-12-15 09:00:00,-1.1,-0.8,,-1.3,,59.0,10.2,16.1,296.0,296.0,977.1,0.0,0.0,,100.0
2025-12-15 10:00:00,-0.8,-0.3,,-1.0,,59.0,10.2,16.3,296.0,296.0,976.5,0.0,0.0,,100.0
2025-12-15 11:00:00,-0.7,-0.2,,-1.0,,60.0,11.8,17.9,295.0,295.0,975.7,0.0,0.0,,50.0
2025-12-15 12:00:00,-0.7,-0.3,-0.2,-1.1,-5.2,59.0,13.0,18.9,301.0,298.0,975.9,0.0,0.0,,40.0
2025-12-15 13:00:00,-0.6,-0.1,,-1.1,,61.0,11.9,18.9,298.0,299.0,976.0,0.0,0.0,,100.0
2025-12-15 14:00:00,0.0,0.3,,-0.3,,67.0,11.2,15.8,297.0,299.0,975.9,0.0,0.0,,100.0
2025-12-15 15:00:00,0.0,0.6,,-0.7,,73.0,10.3,15.9,300.0,300.0,976.3,0.0,0.0,,100.0
2025-12-15 16:00:00,0.5,0.8,,0.0,,71.0,8.0,15.5,301.0,308.0,976.9,0.0,0.0,,100.0
2025-12-15 17:00:00,0.4,0.6,,-0.1,,72.0,6.8,11.6,330.0,309.0,977.5,0.0,0.0,,100.0
2025-12-15 18:00:00,0.6,0.8,0.8,0.1,-1.6,68.0,4.7,10.7,318.0,333.0,978.2,0.0,0.0,,100.0
2025-12-15 19:00:00,-0.3,0.1,,-0.5,,81.0,4.5,9.0,307.0,300.0,978.5,0.0,0.0,,100.0
2025-12-15 20:00:00,-0.6,-0.3,,-0.8,,84.0,4.5,7.1,307.0,299.0,978.9,0.0,0.1,,100.0
2025-12-15 21:00:00,-0.7,-0.4,0.8,-0.9,-1.1,86.0,5.6,8.6,296.0,295.0,979.2,0.0,0.0,,100.0
2025-12-15 22:00:00,-0.3,0.0,,-0.5,,81.0,6.7,10.6,296.0,298.0,979.2,0.0,0.0,,100.0
2025-12-15 23:00:00,-0.3,0.0,,-0.5,,81.0,7.4,12.5,296.0,296.0,979.1,0.0,0.0,,100.0
2025-12-16 00:00:00,-0.4,0.0,0.8,-0.7,-1.1,80.0,7.9,12.9,305.0,298.0,979.3,0.0,0.0,,100.0
2025-12-16 01:00:00,-0.4,-0.1,,-0.8,,77.0,7.4,12.5,314.0,308.0,979.5,0.0,0.0,,100.0
2025-12-16 02:00:00,-0.4,-0.1,,-0.6,,77.0,8.4,16.6,308.0,310.0,979.5,0.0,0.0,,100.0
2025-12-16 03:00:00,-0.7,-0.2,0.8,-1.0,-1.0,83.0,7.5,13.2,296.0,309.0,979.8,0.0,0.0,,100.0
2025-12-16 04:00:00,-1.0,-0.8,,-1.1,,87.0,7.8,13.6,291.0,296.0,979.9,0.0,0.0,,100.0
2025-12-16 05:00:00,-1.3,-0.9,,-1.6,,87.0,8.8,13.0,304.0,298.0,980.3,0.0,0.0,,100.0
2025-12-16 06:00:00,-1.1,-0.7,0.1,-1.4,-1.6,85.0,8.5,14.8,319.0,314.0,980.7,0.0,0.0,,100.0
2025-12-16 07:00:00,-0.6,-0.4,,-0.8,,77.0,8.0,17.2,306.0,314.0,981.0,0.0,0.0,,100.0
2025-12-16 08:00:00,-0.8,-0.5,,-1.1,,78.0,8.0,14.5,299.0,302.0,981.5,0.0,0.0,,100.0
2025-12-16 09:00:00,0.0,0.8,0.8,-1.0,-1.6,79.0,6.4,13.1,324.0,308.0,981.9,0.0,0.0,,100.0
2025-12-16 10:00:00,0.9,1.3,,-0.7,,73.0,8.3,15.4,308.0,330.0,982.4,0.0,0.0,,100.0
2025-12-16 11:00:00,-0.7,-0.5,,-1.0,,82.0,9.8,18.4,345.0,312.0,983.4,0.0,0.0,,100.0
2025-12-16 12:00:00,-0.5,-0.4,1.3,-0.7,-1.6,74.0,9.1,16.7,342.0,345.0,983.6,0.0,0.0,,10.0
2025-12-16 13:00:00,-0.5,-0.3,,-0.7,,76.0,9.3,16.0,293.0,308.0,983.7,0.0,0.0,,60.0
2025-12-16 14:00:00,-0.4,0.1,,-0.7,,82.0,10.8,15.3,297.0,295.0,984.1,0.0,0.0,,100.0
2025-12-16 15:00:00,0.3,0.9,1.3,-0.2,-1.6,78.0,9.8,15.6,297.0,298.0,984.5,0.0,0.0,,100.0
2025-12-16 16:00:00,0.6,1.2,,0.3,,73.0,10.6,17.3,305.0,300.0,985.0,0.0,0.0,,100.0
2025-12-16 17:00:00,1.3,1.7,,1.0,,65.0,9.9,17.6,315.0,315.0,985.6,0.0,0.0,,100.0
2025-12-16 18:00:00,1.5,1.9,1.9,1.0,-1.1,62.0,9.2,14.7,321.0,314.0,986.1,0.0,0.0,,100.0
2025-12-16 19:00:00,1.6,1.8,,1.3,,59.0,6.4,11.7,329.0,328.0,986.8,0.0,0.0,,100.0
2025-12-16 20:00:00,1.4,1.7,,1.3,,58.0,5.8,11.0,350.0,348.0,987.4,0.0,0.0,,100.0
2025-12-16 21:00:00,1.4,1.6,1.9,1.3,-1.0,56.0,5.8,11.1,348.0,345.0,987.9,0.0,0.0,,100.0
2025-12-16 22:00:00,0.4,1.4,,-1.2,,65.0,5.1,11.9,84.0,28.0,988.5,0.0,0.0,,100.0
2025-12-16 23:00:00,-0.8,-0.4,,-1.2,,74.0,1.4,4.6,91.0,92.0,988.9,0.0,0.0,,100.0
2025-12-17 00:00:00,-1.1,-0.8,1.9,-1.4,-1.4,76.0,1.1,3.3,42.0,96.0,988.9,0.0,0.0,,100.0
2025-12-17 01:00:00,-0.7,-0.4,,-1.2,,71.0,0.8,3.7,44.0,52.0,989.2,0.0,0.0,,100.0
2025-12-17 02:00:00,0.2,0.8,,-1.1,,64.0,2.3,6.2,359.0,351.0,988.6,0.0,0.0,,100.0
2025-12-17 03:00:00,0.4,0.8,1.9,-0.2,-1.4,63.0,1.7,7.4,348.0,351.0,988.9,0.0,0.0,,100.0
2025-12-17 04:00:00,0.5,0.8,,0.3,,64.0,5.1,10.0,345.0,337.0,988.6,0.0,0.0,,100.0
2025-12-17 05:00:00,0.8,1.3,,0.4,,62.0,4.6,8.2,331.0,332.0,988.4,0.0,0.0,,100.0
2025-12-17 06:00:00,1.2,1.7,1.8,0.6,-1.4,60.0,5.5,13.6,25.0,4.0,988.0,0.0,0.0,0.0,100.0
2025-12-17 07:00:00,1.1,1.6,,0.5,,62.0,8.0,12.3,19.0,24.0,988.1,0.0,0.0,,100.0
2025-12-17 08:00:00,0.6,0.9,,0.3,,68.0,9.5,15.4,23.0,25.0,988.6,0.0,0.0,,100.0
2025-12-17 09:00:00,0.9,1.3,1.7,0.5,-1.4,66.0,3.2,11.2,16.0,8.0,989.1,0.0,0.0,,100.0
2025-12-17 10:00:00,0.3,1.1,,-0.8,,73.0,3.8,13.8,273.0,7.0,989.5,0.0,0.3,,100.0
2025-12-17 11:00:00,-0.9,-0.3,,-1.3,,90.0,2.5,5.4,242.0,244.0,989.3,0.0,1.0,,100.0
2025-12-17 12:00:00,-1.4,-1.3,1.7,-1.6,-1.6,97.0,2.5,5.2,197.0,230.0,989.3,0.0,1.2,,100.0
2025-12-17 13:00:00,-1.4,-0.8,,-1.8,,97.0,2.3,5.7,258.0,232.0,989.4,0.0,0.9,,100.0
2025-12-17 14:00:00,-1.7,-1.4,,-1.8,,97.0,2.3,8.2,238.0,212.0,988.7,0.0,2.0,,100.0
2025-12-17 15:00:00,-1.5,-1.1,1.7,-1.7,-1.8,97.0,3.2,8.0,269.0,214.0,988.7,0.0,1.5,,100.0
2025-12-17 16:00:00,-1.2,-0.6,,-1.6,,93.0,2.0,6.4,233.0,267.0,988.2,0.0,0.5,,100.0
2025-12-17 17:00:00,-0.8,-0.4,,-1.2,,87.0,3.0,9.7,323.0,293.0,987.6,0.0,0.2,,100.0
2025-12-17 18:00:00,-0.3,0.7,1.6,-0.9,-1.8,78.0,3.8,13.2,323.0,316.0,987.3,0.0,0.0,,100.0
2025-12-17 19:00:00,0.7,1.5,,-0.2,,64.0,5.4,17.0,355.0,350.0,986.8,0.0,0.0,,100.0
2025-12-17 20:00:00,0.6,1.1,,-0.3,,65.0,9.2,17.7,16.0,360.0,987.2,0.0,0.0,,100.0
2025-12-17 21:00:00,0.1,0.7,1.5,-0.8,-1.8,69.0,6.6,16.1,277.0,2.0,988.1,0.0,0.0,,100.0
2025-12-17 22:00:00,-1.1,-0.6,,-1.9,,85.0,2.5,8.9,238.0,309.0,988.2,0.0,0.4,,100.0
2025-12-17 23:00:00,-1.9,-1.3,,-2.1,,97.0,2.2,9.3,21.0,214.0,987.9,0.0,1.2,,100.0
2025-12-18 00:00:00,-1.6,-0.9,1.5,-2.0,-2.1,92.0,6.2,14.8,20.0,15.0,987.1,0.0,0.5,,100.0
2025-12-18 01:00:00,-1.2,-0.8,,-1.8,,85.0,8.8,15.8,24.0,22.0,987.0,0.0,0.6,,100.0
2025-12-18 02:00:00,-1.2,-1.1,,-1.5,,87.0,10.7,16.1,21.0,22.0,986.4,0.0,0.0,,
2025-12-18 03:00:00,-1.2,-0.9,1.5,-1.5,-2.1,85.0,11.5,17.1,23.0,22.0,986.0,0.0,0.0,,
2025-12-18 04:00:00,-1.3,-1.0,,-1.6,,85.0,14.9,21.0,22.0,21.0,985.8,0.0,0.0,,100.0
2025-12-18 05:00:00,-1.2,-1.0,,-1.6,,83.0,15.2,21.7,43.0,39.0,985.8,0.0,0.0,,100.0
2025-12-18 06:00:00,-1.0,-0.5,1.5,-1.3,-2.1,83.0,12.0,18.0,24.0,27.0,986.4,0.0,0.0,10.3,100.0
2025-12-18 07:00:00,-0.4,0.0,,-0.9,,79.0,12.6,21.1,21.0,24.0,985.8,0.0,0.0,,100.0
2025-12-18 08:00:00,-0.4,-0.1,,-0.7,,77.0,13.6,20.9,25.0,23.0,986.2,0.0,0.0,,100.0
2025-12-18 09:00:00,-1.0,-0.4,0.0,-1.8,-2.1,84.0,4.1,12.4,287.0,360.0,986.9,0.0,0.1,,100.0
2025-12-18 10:00:00,-1.5,-0.7,,-1.8,,90.0,3.0,11.2,303.0,267.0,986.8,0.0,0.2,,100.0
2025-12-18 11:00:00,-1.4,-0.8,,-1.7,,88.0,3.0,7.6,218.0,212.0,986.6,0.0,0.1,,100.0
2025-12-18 12:00:00,-1.1,-0.6,0.0,-1.6,-1.8,87.0,4.0,11.7,286.0,10.0,986.5,0.0,0.3,,100.0
2025-12-18 13:00:00,-1.3,-0.2,,-1.9,,95.0,4.4,18.2,18.0,7.0,985.2,0.0,1.6,,
2025-12-18 14:00:00,-0.4,-0.2,,-0.5,,89.0,15.6,23.5,27.0,26.0,984.9,0.0,0.0,,
2025-12-18 15:00:00,-0.4,-0.2,0.0,-0.6,-1.9,88.0,16.4,24.5,27.0,27.0,984.4,0.0,0.0,,
2025-12-18 16:00:00,-0.4,-0.2,,-0.6,,89.0,17.9,25.4,26.0,26.0,984.9,0.0,1.0,,
2025-12-18 17:00:00,-0.6,-0.4,,-0.9,,89.0,18.6,25.6,22.0,24.0,984.7,0.0,1.0,,
2025-12-18 18:00:00,-0.6,-0.3,0.0,-0.9,-1.9,91.0,18.9,25.4,24.0,23.0,984.3,0.0,1.0,,
2025-12-18 19:00:00,-0.5,-0.3,,-0.7,,92.0,19.6,30.3,24.0,24.0,985.7,0.0,2.0,,
2025-12-18 20:00:00,-0.1,0.1,,-0.6,,89.0,17.0,28.1,30.0,27.0,986.6,0.0,2.0,,
2025-12-18 21:00:00,0.0,0.3,0.3,-0.2,-1.9,87.0,19.3,28.5,28.0,29.0,987.6,0.0,0.0,,
2025-12-18 22:00:00,-0.2,-0.1,,-0.3,,87.0,19.4,29.2,29.0,29.0,987.9,0.0,2.0,,
2025-12-18 23:00:00,-0.5,-0.2,,-0.7,,87.0,19.7,28.3,27.0,28.0,987.3,0.0,1.0,,
2025-12-19 00:00:00,-0.6,-0.5,0.3,-0.7,-1.9,88.0,18.5,26.6,29.0,28.0,988.5,0.0,2.0,,
2025-12-19 01:00:00,-0.6,-0.5,,-0.8,,88.0,19.3,26.6,27.0,28.0,988.6,0.0,1.0,,
2025-12-19 02:00:00,-0.7,-0.5,,-0.8,,88.0,20.7,28.7,26.0,26.0,987.9,0.0,2.0,,
2025-12-19 03:00:00,-0.9,-0.6,0.3,-1.1,-1.1,88.0,21.1,30.0,27.0,26.0,988.1,0.0,2.0,,
2025-12-19 04:00:00,-1.2,-1.0,,-1.3,,88.0,20.3,29.4,30.0,28.0,988.7,0.0,2.0,,
2025-12-19 05:00:00,-1.2,-1.0,,-1.4,,86.0,17.9,27.7,20.0,26.0,990.0,0.0,1.0,,100.0
2025-12-19 06:00:00,-1.1,-1.0,0.3,-1.3,-1.4,85.0,16.7,25.2,25.0,25.0,990.9,0.0,0.0,22.2,
2025-12-19 07:00:00,-0.9,-0.4,,-1.2,,83.0,11.7,23.7,352.0,359.0,992.0,0.0,0.0,,100.0
2025-12-19 08:00:00,-0.5,0.0,,-1.0,,79.0,9.0,19.1,321.0,1.0,992.9,0.0,0.0,,100.0
2025-12-19 09:00:00,-0.3,0.0,0.0,-0.7,-1.4,76.0,5.4,18.5,20.0,6.0,993.5,0.0,0.0,,100.0
2025-12-19 10:00:00,-0.7,-0.2,,-1.3,,80.0,4.3,15.3,2.0,355.0,993.9,0.0,0.1,,
2025-12-19 11:00:00,-1.3,-1.1,,-1.5,,85.0,10.6,19.9,337.0,345.0,993.4,0.0,0.0,,
2025-12-19 12:00:00,-1.7,-1.4,0.0,-2.0,-2.0,88.0,14.6,26.8,12.0,12.0,993.3,0.0,0.0,,
2025-12-19 13:00:00,-2.1,-1.8,,-2.2,,88.0,12.9,24.8,350.0,2.0,994.6,0.0,0.0,,
2025-12-19 14:00:00,-2.1,-1.7,,-2.3,,86.0,11.3,19.9,358.0,358.0,995.5,0.0,0.0,,
2025-12-19 15:00:00,-2.2,-1.9,0.0,-2.4,-2.4,83.0,9.6,17.8,16.0,3.0,996.6,0.0,0.0,,100.0
2025-12-19 16:00:00,-2.3,-1.8,,-2.8,,85.0,6.5,15.4,226.0,22.0,997.4,0.0,0.0,,100.0
2025-12-19 17:00:00,-3.0,-2.8,,-3.0,,97.0,2.7,4.7,202.0,204.0,998.1,0.0,1.5,,
2025-12-19 18:00:00,-3.0,-2.9,0.0,-3.0,-3.0,97.0,3.6,7.6,238.0,215.0,998.8,0.0,1.2,,100.0
2025-12-19 19:00:00,-2.9,-2.8,,-3.0,,97.0,4.5,8.2,220.0,230.0,999.7,0.0,0.8,,100.0
2025-12-19 20:00:00,-3.0,-2.8,,-3.0,,97.0,2.9,7.1,177.0,205.0,1000.7,0.0,1.2,,100.0
2025-12-19 21:00:00,-3.0,-2.9,-0.2,-3.0,-3.0,97.0,2.2,4.0,203.0,197.0,1001.4,0.0,0.6,,100.0
2025-12-19 22:00:00,-3.0,-2.9,,-3.1,,97.0,3.0,5.3,203.0,204.0,1001.8,0.0,0.4,,100.0
2025-12-19 23:00:00,-3.2,-3.1,,-3.3,,97.0,2.5,4.9,66.0,199.0,1002.8,0.0,0.1,,100.0
2025-12-20 00:00:00,-3.4,-2.6,-1.7,-3.7,-3.7,92.0,4.1,7.9,22.0,16.0,1003.1,0.0,0.0,,100.0
2025-12-20 01:00:00,-2.1,-1.8,,-2.6,,67.0,6.3,10.2,16.0,23.0,1003.2,0.0,0.0,,100.0
2025-12-20 02:00:00,-1.9,-1.8,,-2.0,,61.0,5.9,11.0,28.0,26.0,1003.7,0.0,0.0,,100.0
2025-12-20 03:00:00,-2.0,-1.8,-1.7,-2.3,-3.7,58.0,5.9,9.7,29.0,27.0,1004.9,0.0,0.0,,100.0
2025-12-20 04:00:00,-2.5,-2.0,,-3.0,,59.0,6.2,9.2,31.0,29.0,1004.9,0.0,0.0,,40.0
2025-12-20 05:00:00,-3.0,-2.5,,-3.8,,58.0,5.3,8.8,23.0,28.0,1006.0,0.0,0.0,,10.0
2025-12-20 06:00:00,-3.2,-2.4,-1.7,-3.9,-3.9,59.0,4.8,8.2,26.0,28.0,1006.3,0.0,0.0,5.9,0.0
2025-12-20 07:00:00,-3.1,-2.5,,-4.6,,56.0,3.8,6.2,32.0,21.0,1007.4,0.0,0.0,,0.0
2025-12-20 08:00:00,-4.7,-3.5,,-5.4,,59.0,3.6,5.5,18.0,23.0,1008.0,0.0,0.0,,0.0
2025-12-20 09:00:00,-4.6,-3.7,-1.7,-5.3,-5.4,56.0,2.9,4.3,23.0,22.0,1008.8,0.0,0.0,,0.0
2025-12-20 10:00:00,-5.1,-4.8,,-5.4,,58.0,4.1,5.2,19.0,23.0,1009.3,0.0,0.0,,0.0
2025-12-20 11:00:00,-5.2,-4.7,,-6.6,,56.0,3.4,5.6,30.0,24.0,1010.1,0.0,0.0,,0.0
2025-12-20 12:00:00,-5.9,-5.1,-1.7,-7.0,-7.0,56.0,1.6,3.8,31.0,34.0,1010.9,0.0,0.0,,0.0
2025-12-20 13:00:00,-5.4,-5.0,,-6.0,,54.0,3.0,5.1,25.0,28.0,1011.2,0.0,0.0,,0.0
2025-12-20 14:00:00,-5.7,-5.0,,-6.2,,55.0,2.7,5.5,24.0,27.0,1011.6,0.0,0.0,,10.0
2025-12-20 15:00:00,-5.9,-5.5,-2.0,-6.5,-7.0,56.0,1.2,4.1,29.0,28.0,1012.1,0.0,0.0,,25.0
2025-12-20 16:00:00,-6.4,-5.0,,-7.4,,58.0,2.0,3.9,27.0,28.0,1012.8,0.0,0.0,,0.0
2025-12-20 17:00:00,-6.7,-5.7,,-7.2,,59.0,3.0,4.4,27.0,24.0,1013.2,0.0,0.0,,0.0
2025-12-20 18:00:00,-6.5,-5.9,-2.5,-7.5,-7.5,59.0,2.1,4.1,29.0,22.0,1013.6,0.0,0.0,,40.0
2025-12-20 19:00:00,-6.7,-5.6,,-7.5,,60.0,3.0,4.6,25.0,25.0,1013.8,0.0,0.0,,100.0
2025-12-20 20:00:00,-6.0,-5.7,,-6.6,,59.0,1.9,3.8,26.0,30.0,1014.3,0.0,0.0,,100.0
2025-12-20 21:00:00,-5.1,-4.5,-4.5,-5.9,-7.5,61.0,1.5,3.2,55.0,40.0,1014.5,0.0,0.0,,100.0
2025-12-20 22:00:00,-4.0,-3.4,,-4.8,,58.0,0.9,2.4,169.0,30.0,1014.7,0.0,0.0,,100.0
2025-12-20 23:00:00,-4.8,-3.9,,-6.4,,60.0,0.3,1.6,303.0,297.0,1015.3,0.0,0.0,,100.0
2025-12-21 00:00:00,-6.5,-4.8,-3.4,-7.3,-7.5,72.0,0.3,1.4,30.0,16.0,1015.4,0.0,0.0,,100.0
2025-12-21 01:00:00,-4.2,-3.7,,-4.9,,72.0,1.2,3.2,26.0,30.0,1014.9,0.0,0.0,,100.0
2025-12-21 02:00:00,-4.3,-3.5,,-6.6,,71.0,0.5,3.6,219.0,185.0,1014.3,0.0,0.0,,100.0
2025-12-21 03:00:00,-6.6,-6.2,-3.4,-6.8,-7.5,84.0,0.5,1.6,317.0,120.0,1014.0,0.0,0.0,,100.0
2025-12-21 04:00:00,-6.5,-5.7,,-6.8,,87.0,0.5,1.3,249.0,125.0,1013.8,0.0,0.0,,100.0
2025-12-21 05:00:00,-6.5,-6.0,,-6.7,,88.0,0.6,1.6,141.0,162.0,1013.7,0.0,0.0,,100.0
2025-12-21 06:00:00,-6.7,-6.3,-3.4,-7.1,-7.5,88.0,1.2,4.0,150.0,152.0,1012.9,0.0,0.0,0.0,100.0
2025-12-21 07:00:00,-7.1,-6.2,,-7.8,,88.0,3.1,5.1,155.0,150.0,1012.9,0.0,0.0,,100.0
2025-12-21 08:00:00,-7.7,-7.2,,-8.1,,90.0,1.6,4.6,153.0,145.0,1012.7,0.0,0.0,,100.0
2025-12-21 09:00:00,-7.6,-6.9,-3.4,-9.0,-9.0,94.0,2.3,4.9,145.0,142.0,1012.6,0.0,0.1,,100.0
2025-12-21 10:00:00,-9.3,-8.2,,-10.1,,95.0,1.6,3.6,157.0,145.0,1011.9,0.0,0.2,,100.0
2025-12-21 11:00:00,-10.1,-8.6,,-10.7,,94.0,1.0,2.9,40.0,59.0,1011.4,0.0,0.0,,100.0
2025-12-21 12:00:00,-11.8,-8.0,-3.5,-14.3,-14.3,91.0,0.7,2.2,189.0,127.0,1011.3,0.0,0.1,,
2025-12-21 13:00:00,-14.2,-13.6,,-14.5,,90.0,0.5,1.5,288.0,183.0,1010.5,0.0,0.0,,0.0
2025-12-21 14:00:00,-14.6,-13.6,,-15.3,,87.0,0.8,1.5,144.0,160.0,1010.5,0.0,0.0,,0.0
2025-12-21 15:00:00,-14.8,-14.2,-5.7,-15.4,-15.4,87.0,0.5,1.5,146.0,163.0,1009.9,0.0,0.1,,25.0
2025-12-21 16:00:00,-13.7,-12.3,,-14.8,,89.0,0.3,1.3,33.0,49.0,1009.8,0.0,0.1,,40.0
2025-12-21 17:00:00,-14.3,-12.3,,-14.8,,87.0,0.6,1.8,146.0,137.0,1009.5,0.0,0.0,,0.0
2025-12-21 18:00:00,-15.0,-14.7,-6.2,-15.3,-15.4,87.0,0.8,1.6,149.0,147.0,1009.5,0.0,0.0,,0.0
2025-12-21 19:00:00,-14.4,-13.0,,-15.0,,88.0,0.2,0.7,216.0,221.0,1009.3,0.0,0.0,,0.0
2025-12-21 20:00:00,-11.6,-10.8,,-13.6,,90.0,0.5,1.1,15.0,42.0,1009.1,0.0,0.1,,0.0
2025-12-21 21:00:00,-11.1,-9.9,-8.0,-12.4,-15.4,90.0,0.6,1.5,307.0,25.0,1009.2,0.0,0.0,,0.0
2025-12-21 22:00:00,-11.0,-10.4,,-11.9,,90.0,0.3,2.1,187.0,119.0,1008.9,0.0,0.0,,0.0
2025-12-21 23:00:00,-10.8,-9.9,,-11.7,,90.0,0.6,2.3,52.0,46.0,1009.0,0.0,0.2,,0.0
2025-12-22 00:00:00,-12.0,-9.6,-9.6,-14.4,-15.4,89.0,0.7,2.0,117.0,33.0,1008.8,0.0,0.2,,0.0
2025-12-22 01:00:00,-13.6,-12.7,,-14.3,,88.0,0.3,1.9,351.0,171.0,1008.8,0.0,0.0,,0.0
2025-12-22 02:00:00,-11.9,-9.4,,-13.5,,89.0,0.4,1.4,27.0,26.0,1008.6,0.0,0.3,,0.0
2025-12-22 03:00:00,-14.8,-13.5,-9.4,-15.7,-15.7,87.0,0.4,1.2,56.0,175.0,1008.3,0.0,0.1,,0.0
2025-12-22 04:00:00,-14.7,-13.3,,-15.9,,87.0,0.5,1.5,30.0,86.0,1008.3,0.0,0.2,,0.0
2025-12-22 05:00:00,-13.7,-11.7,,-16.0,,88.0,0.8,2.5,21.0,28.0,1008.0,0.0,0.3,,0.0
2025-12-22 06:00:00,-14.8,-12.8,-9.4,-16.2,-16.2,87.0,0.7,2.2,130.0,106.0,1007.5,0.0,0.3,2.3,0.0
2025-12-22 07:00:00,-16.4,-14.9,,-17.5,,86.0,0.6,2.2,25.0,77.0,1007.6,0.0,0.0,,0.0
2025-12-22 08:00:00,-13.8,-11.4,,-16.0,,87.0,0.6,2.1,125.0,54.0,1007.6,0.0,0.2,,0.0
2025-12-22 09:00:00,-15.5,-11.7,-9.4,-16.9,-17.5,87.0,0.5,1.4,218.0,185.0,1007.3,0.0,0.0,,0.0
2025-12-22 10:00:00,-13.8,-10.2,,-16.8,,87.0,0.6,1.7,190.0,176.0,1007.9,0.0,0.2,,100.0
2025-12-22 11:00:00,-11.4,-9.0,,-15.5,,91.0,0.4,1.5,31.0,62.0,1007.7,1.0,0.0,,100.0
2025-12-22 12:00:00,-9.5,-8.4,-8.4,-10.8,-17.5,91.0,0.7,1.5,243.0,218.0,1007.7,0.0,0.0,,25.0
2025-12-22 13:00:00,-9.9,-9.1,,-10.7,,91.0,0.6,1.7,62.0,94.0,1007.9,0.0,0.0,,100.0
2025-12-22 14:00:00,-7.8,-5.2,,-9.1,,90.0,1.5,4.0,214.0,34.0,1006.8,0.0,0.1,,75.0
2025-12-22 15:00:00,-9.2,-8.0,-5.2,-11.5,-17.5,89.0,1.0,1.9,227.0,175.0,1007.6,0.0,0.2,,100.0
2025-12-22 16:00:00,-10.3,-8.2,,-12.0,,89.0,0.8,3.1,59.0,76.0,1007.4,0.0,0.1,,100.0
2025-12-22 17:00:00,-9.7,-7.3,,-12.1,,86.0,0.7,2.6,38.0,346.0,1007.4,0.0,0.0,,100.0
2025-12-22 18:00:00,-11.2,-8.9,-5.2,-12.4,-17.5,89.0,0.5,1.6,60.0,334.0,1007.3,0.0,0.0,,90.0
2025-12-22 19:00:00,-10.4,-8.7,,-12.2,,88.0,0.5,1.4,169.0,182.0,1007.5,0.0,0.1,,100.0
2025-12-22 20:00:00,-11.1,-9.9,,-12.6,,88.0,0.5,2.4,217.0,237.0,1007.4,0.0,0.0,,100.0
2025-12-22 21:00:00,-9.5,-7.9,-5.2,-11.8,-16.7,84.0,1.1,2.2,23.0,52.0,1007.2,0.0,0.1,,100.0
2025-12-22 22:00:00,-8.9,-6.9,,-10.8,,85.0,2.5,5.5,281.0,14.0,1006.8,0.0,0.1,,0.0
2025-12-22 23:00:00,-10.3,-7.3,,-12.5,,87.0,1.8,4.9,45.0,21.0,1006.3,0.0,0.4,,75.0
2025-12-23 00:00:00,-10.9,-7.7,-5.2,-12.9,-12.9,87.0,1.4,3.2,16.0,117.0,1006.3,0.0,0.3,,100.0
2025-12-23 01:00:00,-10.6,-9.0,,-11.7,,92.0,1.8,4.8,50.0,118.0,1005.4,0.0,0.2,,
2025-12-23 02:00:00,-7.0,-4.9,,-9.3,,97.0,2.0,5.2,33.0,25.0,1004.8,0.0,0.1,,100.0
2025-12-23 03:00:00,-9.1,-5.7,-4.9,-10.8,-12.9,95.0,2.4,4.9,257.0,114.0,1005.0,0.0,0.4,,
2025-12-23 04:00:00,-9.9,-9.2,,-10.6,,93.0,0.9,2.6,38.0,157.0,1004.3,0.0,0.1,,100.0
2025-12-23 05:00:00,-9.7,-8.0,,-10.1,,92.0,0.5,1.4,68.0,218.0,1003.5,0.0,0.1,,100.0
2025-12-23 06:00:00,-8.7,-6.9,-4.9,-10.0,-12.9,93.0,0.7,2.0,173.0,156.0,1003.1,0.0,0.0,2.7,100.0
2025-12-23 07:00:00,-8.3,-7.4,,-8.8,,93.0,0.6,2.1,254.0,171.0,1002.4,0.0,0.0,,100.0
2025-12-23 08:00:00,-7.6,-6.1,,-8.3,,94.0,0.3,1.5,40.0,153.0,1002.1,0.0,0.2,,100.0
2025-12-23 09:00:00,-5.6,-4.6,-4.6,-6.8,-12.9,95.0,0.5,1.2,124.0,237.0,1001.7,0.0,0.1,,
2025-12-23 10:00:00,-4.9,-3.8,,-6.8,,96.0,0.9,2.5,237.0,245.0,1001.1,0.0,0.1,,100.0
2025-12-23 11:00:00,-4.3,-2.7,,-5.2,,96.0,0.8,2.4,23.0,53.0,1000.3,0.0,0.0,,100.0
2025-12-23 12:00:00,-3.7,-2.2,-2.2,-5.1,-11.7,96.0,0.5,2.4,187.0,192.0,1000.4,0.0,0.1,,100.0
2025-12-23 13:00:00,-6.5,-4.9,,-8.3,,94.0,1.1,3.3,70.0,155.0,1000.4,0.0,0.2,,100.0
2025-12-23 14:00:00,-7.7,-6.9,,-8.2,,93.0,1.1,2.3,184.0,147.0,1001.2,0.0,0.2,,100.0
2025-12-23 15:00:00,-8.5,-6.9,-2.2,-9.4,-10.6,92.0,1.0,2.4,137.0,220.0,1001.4,0.0,0.3,,100.0
2025-12-23 16:00:00,-9.4,-9.3,,-9.4,,92.0,0.3,1.0,13.0,198.0,1001.9,0.0,0.0,,
2025-12-23 17:00:00,-9.4,-9.2,,-9.6,,92.0,0.4,2.0,182.0,203.0,1002.0,0.0,0.1,,
2025-12-23 18:00:00,-8.4,-7.3,-2.2,-9.5,-9.6,93.0,1.0,2.1,160.0,118.0,1002.1,0.0,0.1,,
2025-12-23 19:00:00,-8.1,-7.3,,-9.0,,93.0,1.0,2.9,55.0,36.0,1001.4,0.0,0.2,,0.0
2025-12-23 20:00:00,-4.9,-2.6,,-8.5,,94.0,2.4,6.2,146.0,127.0,1001.2,0.0,0.3,,75.0
2025-12-23 21:00:00,-1.7,-0.7,-0.7,-3.0,-9.6,84.0,3.9,6.6,84.0,111.0,1000.2,0.0,0.0,,100.0
2025-12-23 22:00:00,0.4,1.5,,-2.0,,84.0,5.0,8.5,106.0,120.0,998.3,0.0,0.4,,100.0
2025-12-23 23:00:00,0.8,1.3,,0.3,,91.0,5.7,10.7,94.0,118.0,996.5,0.0,0.7,,
2025-12-24 00:00:00,0.1,0.3,1.5,0.0,-9.6,96.0,4.5,9.4,93.0,104.0,994.1,0.0,1.7,,
2025-12-24 01:00:00,-0.2,0.2,,-3.9,,96.0,4.3,9.4,232.0,127.0,993.7,0.0,0.6,,100.0
2025-12-24 02:00:00,-4.7,-2.9,,-9.4,,95.0,6.0,13.0,244.0,251.0,995.0,0.0,0.5,,100.0
2025-12-24 03:00:00,-9.2,-9.0,1.5,-9.4,-9.6,92.0,2.7,7.6,233.0,187.0,996.6,0.0,0.4,,100.0
2025-12-24 04:00:00,-8.8,-8.2,,-9.2,,92.0,1.7,4.4,107.0,230.0,996.7,0.0,0.3,,75.0
2025-12-24 05:00:00,-9.5,-9.1,,-9.9,,91.0,1.9,4.6,141.0,133.0,996.5,0.0,0.3,,90.0
2025-12-24 06:00:00,-8.5,-7.5,1.5,-9.8,-9.9,92.0,2.6,5.5,19.0,47.0,995.3,0.0,0.5,7.0,100.0
2025-12-24 07:00:00,-4.7,-3.1,,-8.2,,91.0,4.4,7.1,30.0,47.0,994.7,0.0,0.6,,100.0
2025-12-24 08:00:00,-3.5,-2.6,,-4.6,,85.0,2.1,4.3,333.0,14.0,995.3,0.0,0.0,,40.0
2025-12-24 09:00:00,-4.9,-4.0,1.5,-5.8,-9.9,87.0,1.2,2.5,125.0,202.0,996.2,0.0,0.0,,0.0
2025-12-24 10:00:00,-6.3,-5.4,,-8.1,,88.0,1.0,3.6,47.0,61.0,997.2,0.0,0.3,,0.0
2025-12-24 11:00:00,-8.1,-6.6,,-9.2,,90.0,0.7,3.1,234.0,73.0,997.7,0.0,0.3,,0.0
2025-12-24 12:00:00,-8.5,-7.4,0.2,-9.3,-9.9,92.0,0.7,1.6,149.0,110.0,998.4,0.0,0.4,,0.0
2025-12-24 13:00:00,-7.8,-7.3,,-8.6,,85.0,1.4,3.0,44.0,51.0,999.9,0.0,0.2,,0.0
2025-12-24 14:00:00,-6.2,-3.6,,-7.9,,71.0,1.9,4.6,349.0,17.0,999.4,0.0,0.2,,60.0
2025-12-24 15:00:00,-3.3,-2.4,-2.4,-4.6,-9.9,58.0,1.1,3.2,94.0,127.0,1000.6,0.0,0.3,,100.0
2025-12-24 16:00:00,-2.5,-1.1,,-3.6,,53.0,1.3,3.3,238.0,10.0,1001.0,0.0,0.0,,100.0
2025-12-24 17:00:00,-4.4,-1.3,,-6.1,,59.0,1.0,2.8,321.0,262.0,1002.3,0.0,0.5,,100.0
2025-12-24 18:00:00,-2.2,0.6,0.6,-5.6,-9.3,47.0,4.5,12.8,326.0,327.0,1002.9,0.0,0.6,,100.0
2025-12-24 19:00:00,1.4,2.0,,0.6,,30.0,7.6,13.6,318.0,324.0,1003.4,0.0,0.0,,100.0
2025-12-24 20:00:00,1.4,1.8,,1.0,,28.0,11.9,18.8,301.0,303.0,1003.1,0.0,0.0,,100.0
2025-12-24 21:00:00,1.3,1.8,2.0,0.9,-9.3,29.0,9.5,18.0,329.0,324.0,1003.6,0.0,0.0,,40.0
2025-12-24 22:00:00,1.7,2.5,,1.1,,24.0,8.9,16.7,326.0,315.0,1004.0,0.0,0.0,,100.0
2025-12-24 23:00:00,0.0,2.4,,-2.3,,38.0,3.7,9.9,165.0,267.0,1004.6,0.0,0.9,,100.0
2025-12-25 00:00:00,-2.3,-1.5,2.5,-3.1,-8.6,56.0,2.6,6.8,111.0,165.0,1005.8,0.0,0.0,,100.0
2025-12-25 01:00:00,-1.7,-0.3,,-3.7,,47.0,3.4,8.4,110.0,139.0,1005.7,0.0,0.0,,100.0
2025-12-25 02:00:00,-2.1,-1.3,,-3.7,,55.0,6.6,9.4,51.0,84.0,1006.8,0.0,0.2,,100.0
2025-12-25 03:00:00,-1.3,0.3,2.5,-3.4,-6.1,48.0,4.1,7.1,144.0,64.0,1006.5,0.0,0.2,,100.0
2025-12-25 04:00:00,-3.4,-0.2,,-5.3,,63.0,1.8,5.0,195.0,190.0,1007.4,0.0,0.0,,100.0
2025-12-25 05:00:00,-5.2,-4.9,,-5.4,,71.0,1.3,3.1,138.0,128.0,1008.0,0.0,0.0,,100.0
2025-12-25 06:00:00,-4.4,-2.8,2.5,-5.3,-5.4,71.0,1.7,4.7,114.0,103.0,1006.7,0.0,0.2,4.7,100.0
2025-12-25 07:00:00,-3.5,-3.0,,-3.8,,75.0,1.2,3.7,77.0,160.0,1006.2,0.0,0.0,,100.0
2025-12-25 08:00:00,-3.1,-1.7,,-3.9,,85.0,1.6,5.9,125.0,137.0,1006.5,0.0,0.1,,100.0
2025-12-25 09:00:00,-1.8,-1.2,2.5,-2.7,-5.4,90.0,2.7,9.1,130.0,142.0,1007.2,0.0,0.0,,100.0
2025-12-25 10:00:00,-2.4,-1.9,,-2.8,,93.0,1.9,6.0,84.0,114.0,1007.7,0.0,0.1,,100.0
2025-12-25 11:00:00,-2.7,-2.2,,-4.9,,92.0,1.9,6.4,190.0,167.0,1008.6,0.0,0.2,,100.0
2025-12-25 12:00:00,-5.2,-4.9,0.3,-5.3,-5.4,95.0,0.8,4.2,12.0,184.0,1008.8,0.0,0.0,,100.0
2025-12-25 13:00:00,-5.6,-4.6,,-6.7,,94.0,1.3,3.3,193.0,157.0,1009.8,0.0,0.0,,10.0
2025-12-25 14:00:00,-7.5,-6.8,,-8.7,,87.0,0.7,2.7,30.0,121.0,1010.1,0.0,0.0,,0.0
2025-12-25 15:00:00,-8.0,-7.5,-0.2,-8.6,-8.7,89.0,1.1,3.8,92.0,207.0,1010.8,0.0,0.2,,0.0
2025-12-25 16:00:00,-8.1,-7.3,,-8.9,,90.0,0.7,2.5,241.0,143.0,1011.6,0.0,0.2,,0.0
2025-12-25 17:00:00,-9.0,-7.2,,-10.7,,91.0,1.1,4.3,24.0,37.0,1011.5,0.0,0.2,,0.0
2025-12-25 18:00:00,-7.3,-5.0,-1.2,-8.6,-10.7,87.0,1.5,4.0,31.0,17.0,1011.2,0.0,0.8,,40.0
2025-12-25 19:00:00,-6.7,-4.3,,-9.1,,81.0,1.3,5.0,302.0,356.0,1011.1,0.0,0.5,,100.0
2025-12-25 20:00:00,-5.1,-2.1,,-9.3,,77.0,1.2,3.6,77.0,29.0,1011.9,0.0,0.4,,90.0
2025-12-25 21:00:00,-6.8,-2.3,-1.9,-8.0,-10.7,89.0,1.8,4.0,68.0,208.0,1012.6,0.0,0.2,,100.0
2025-12-25 22:00:00,-6.6,-5.5,,-7.0,,92.0,1.1,3.6,129.0,40.0,1012.0,0.0,0.2,,100.0
2025-12-25 23:00:00,-7.1,-4.3,,-9.3,,89.0,1.0,3.4,104.0,235.0,1012.1,0.0,0.4,,100.0
2025-12-26 00:00:00,-9.1,-8.6,-2.1,-9.7,-10.7,95.0,0.5,1.7,110.0,143.0,1011.7,0.0,0.1,,100.0
2025-12-26 01:00:00,-8.8,-8.6,,-9.5,,95.0,0.5,1.6,193.0,125.0,1010.8,0.0,0.2,,100.0
2025-12-26 02:00:00,-9.4,-8.9,,-10.4,,92.0,0.6,1.5,150.0,155.0,1010.6,0.0,0.1,,100.0
2025-12-26 03:00:00,-10.0,-9.0,-2.1,-10.8,-10.8,92.0,1.0,2.4,151.0,162.0,1010.4,0.0,0.3,,100.0
2025-12-26 04:00:00,-10.3,-9.9,,-10.6,,92.0,0.8,2.7,78.0,119.0,1009.9,0.0,0.0,,75.0
2025-12-26 05:00:00,-11.6,-10.6,,-12.2,,90.0,1.9,3.1,165.0,158.0,1009.5,0.0,0.1,,90.0
2025-12-26 06:00:00,-11.8,-11.5,-2.1,-12.3,-12.3,90.0,0.9,2.8,167.0,171.0,1008.9,0.0,0.1,4.4,100.0
2025-12-26 07:00:00,-12.7,-11.7,,-13.4,,89.0,1.9,4.0,66.0,138.0,1008.8,0.0,0.0,,100.0
2025-12-26 08:00:00,-8.8,-7.4,,-11.6,,83.0,2.9,9.3,111.0,106.0,1010.4,0.0,0.8,,100.0
2025-12-26 09:00:00,-7.5,-5.9,-4.3,-8.5,-13.4,75.0,2.4,7.3,112.0,72.0,1012.4,0.0,0.3,,100.0
2025-12-26 10:00:00,-6.6,-6.0,,-7.6,,60.0,5.5,14.4,24.0,26.0,1013.3,0.0,0.0,,100.0
2025-12-26 11:00:00,-6.8,-6.4,,-7.2,,51.0,8.1,14.5,30.0,27.0,1015.9,0.0,0.0,,100.0
2025-12-26 12:00:00,-7.5,-6.9,-5.9,-8.8,-13.4,47.0,8.4,13.2,44.0,38.0,1018.0,0.0,0.0,,40.0
2025-12-26 13:00:00,-9.3,-8.0,,-10.0,,53.0,7.1,10.6,29.0,22.0,1020.7,0.0,0.0,,0.0
2025-12-26 14:00:00,-9.9,-9.1,,-11.0,,53.0,5.9,9.7,61.0,28.0,1022.8,0.0,0.0,,0.0
2025-12-26 15:00:00,-10.4,-9.5,-5.9,-11.7,-13.4,54.0,4.5,7.6,25.0,25.0,1025.6,0.0,0.0,,0.0
2025-12-26 16:00:00,-10.8,-10.0,,-11.4,,55.0,2.5,4.7,31.0,39.0,1027.3,0.0,0.0,,0.0
2025-12-26 17:00:00,-10.2,-9.4,,-11.4,,54.0,1.9,4.5,43.0,47.0,1029.0,0.0,0.0,,0.0
2025-12-26 18:00:00,-10.4,-9.6,-5.9,-11.8,-13.4,68.0,2.2,6.3,171.0,156.0,1032.1,0.0,0.1,,0.0
2025-12-26 19:00:00,-11.5,-10.5,,-12.5,,74.0,2.8,4.9,64.0,93.0,1034.1,0.0,0.1,,0.0
2025-12-26 20:00:00,-11.8,-10.2,,-12.7,,73.0,3.3,6.5,26.0,32.0,1034.6,0.0,0.1,,0.0
2025-12-26 21:00:00,-11.8,-10.1,-6.0,-12.9,-12.9,67.0,1.4,4.9,21.0,36.0,1036.8,0.0,0.1,,0.0
2025-12-26 22:00:00,-11.6,-10.8,,-12.6,,55.0,2.2,5.5,230.0,27.0,1037.5,0.0,0.1,,0.0
2025-12-26 23:00:00,-12.1,-11.0,,-13.2,,52.0,1.8,4.6,155.0,91.0,1037.8,0.0,0.3,,0.0
2025-12-27 00:00:00,-11.6,-10.9,-8.0,-12.2,-13.2,49.0,1.3,4.7,65.0,150.0,1038.8,0.0,0.2,,10.0
2025-12-27 01:00:00,-11.5,-10.9,,-12.2,,47.0,1.7,4.1,38.0,49.0,1038.1,0.0,0.1,,100.0
2025-12-27 02:00:00,-10.6,-8.0,,-12.2,,48.0,3.7,7.5,114.0,69.0,1037.7,0.0,0.2,,90.0
2025-12-27 03:00:00,-7.1,-6.6,-6.6,-8.0,-13.2,66.0,6.3,10.8,147.0,137.0,1035.5,0.0,0.0,,10.0
2025-12-27 04:00:00,-7.0,-6.5,,-7.4,,68.0,8.4,12.9,171.0,160.0,1034.2,0.0,0.0,,0.0
2025-12-27 05:00:00,-6.7,-6.5,,-6.9,,69.0,8.8,14.0,164.0,166.0,1032.2,0.0,0.0,,25.0
2025-12-27 06:00:00,-6.3,-5.3,-5.3,-7.0,-13.2,74.0,9.2,12.1,148.0,148.0,1030.4,0.0,0.0,2.1,75.0
2025-12-27 07:00:00,-5.7,-5.3,,-5.9,,73.0,6.8,11.4,104.0,133.0,1028.7,0.0,0.0,,100.0
2025-12-27 08:00:00,-5.9,-5.4,,-6.2,,74.0,4.5,7.8,52.0,69.0,1026.3,0.0,0.0,,100.0
2025-12-27 09:00:00,-5.3,-3.6,-3.6,-6.5,-13.2,65.0,2.8,6.7,313.0,18.0,1025.8,0.0,0.0,,90.0
2025-12-27 10:00:00,-7.2,-4.0,,-8.4,,74.0,1.7,4.8,89.0,166.0,1024.6,0.0,0.2,,100.0
2025-12-27 11:00:00,-8.8,-7.5,,-10.1,,73.0,1.9,4.7,162.0,153.0,1024.2,0.0,0.0,,90.0
2025-12-27 12:00:00,-11.5,-9.9,-3.6,-12.5,-12.5,69.0,1.9,6.0,154.0,165.0,1024.3,0.0,0.0,,10.0
2025-12-27 13:00:00,-12.4,-9.7,,-14.9,,69.0,2.5,6.8,86.0,167.0,1023.9,0.0,0.0,,50.0
2025-12-27 14:00:00,-13.2,-11.5,,-14.9,,70.0,2.2,7.0,23.0,69.0,1021.4,0.0,0.0,,75.0
2025-12-27 15:00:00,-9.4,-7.9,-3.6,-11.2,-14.9,52.0,2.4,6.9,14.0,27.0,1019.9,0.0,0.0,,10.0
2025-12-27 16:00:00,-5.8,-3.1,,-8.0,,37.0,2.5,6.0,23.0,29.0,1018.2,0.0,0.0,,0.0
2025-12-27 17:00:00,-4.5,-2.6,,-8.1,,35.0,1.6,4.2,280.0,8.0,1017.7,0.0,0.2,,0.0
2025-12-27 18:00:00,-8.1,-7.6,-2.6,-8.7,-14.9,43.0,1.0,2.4,188.0,299.0,1016.9,0.0,0.0,,0.0
2025-12-27 19:00:00,-8.2,-7.3,,-9.3,,42.0,1.2,3.1,34.0,13.0,1016.7,0.0,0.0,,0.0
2025-12-27 20:00:00,-8.0,-6.8,,-9.4,,43.0,1.8,3.6,196.0,147.0,1016.7,0.0,0.1,,0.0
2025-12-27 21:00:00,-7.1,0.9,0.9,-10.3,-14.9,46.0,2.7,9.8,289.0,286.0,1015.9,0.0,0.1,,0.0
2025-12-27 22:00:00,-0.3,2.0,,-4.2,,40.0,2.9,8.7,177.0,252.0,1017.6,0.0,0.0,,0.0
2025-12-27 23:00:00,-3.3,3.3,,-6.4,,47.0,2.3,7.3,360.0,256.0,1018.4,0.0,0.0,,0.0
2025-12-28 00:00:00,-5.3,4.2,4.2,-9.1,-14.9,51.0,2.7,9.5,160.0,164.0,1021.2,0.0,0.4,,0.0
2025-12-28 01:00:00,-6.2,-4.1,,-7.4,,59.0,3.5,11.6,200.0,150.0,1023.5,0.0,0.4,,0.0
2025-12-28 02:00:00,-6.0,-3.4,,-7.3,,54.0,2.7,12.3,11.0,323.0,1025.8,0.0,0.0,,0.0
2025-12-28 03:00:00,-4.6,-2.9,4.2,-6.7,-10.2,42.0,8.2,16.7,35.0,27.0,1026.1,0.0,0.0,,0.0
2025-12-28 04:00:00,-3.8,-3.2,,-4.4,,33.0,13.5,18.9,59.0,56.0,1027.6,0.0,0.0,,0.0
2025-12-28 05:00:00,-4.3,-3.6,,-5.6,,33.0,13.3,18.5,41.0,44.0,1029.2,0.0,0.0,,0.0
2025-12-28 06:00:00,-4.1,-3.6,4.2,-5.3,-10.2,31.0,12.7,17.4,43.0,47.0,1030.2,0.0,0.0,1.2,0.0
2025-12-28 07:00:00,-4.3,-3.6,,-5.4,,31.0,11.3,18.0,38.0,43.0,1031.8,0.0,0.0,,0.0
2025-12-28 08:00:00,-5.9,-4.4,,-7.4,,43.0,12.1,18.4,44.0,37.0,1032.4,0.0,0.0,,0.0
2025-12-28 09:00:00,-6.4,-5.9,4.2,-7.6,-9.1,39.0,14.3,19.8,39.0,47.0,1034.0,0.0,0.0,,0.0
2025-12-28 10:00:00,-6.7,-6.1,,-7.6,,38.0,13.1,18.9,48.0,45.0,1034.9,0.0,0.0,,0.0
2025-12-28 11:00:00,-7.0,-6.5,,-8.0,,33.0,11.5,16.2,47.0,47.0,1036.1,0.0,0.0,,0.0
2025-12-28 12:00:00,-8.4,-7.0,-2.9,-9.6,-9.6,41.0,11.0,15.1,22.0,44.0,1036.9,0.0,0.0,,0.0
2025-12-28 13:00:00,-8.1,-7.3,,-9.3,,38.0,7.2,13.0,60.0,50.0,1037.5,0.0,0.0,,0.0
2025-12-28 14:00:00,-9.3,-8.2,,-9.9,,41.0,4.4,8.0,26.0,40.0,1037.9,0.0,0.0,,0.0
2025-12-28 15:00:00,-8.6,-7.8,-3.2,-9.9,-9.9,34.0,1.6,5.0,65.0,43.0,1038.0,0.0,0.0,,0.0
2025-12-28 16:00:00,-9.1,-7.4,,-10.7,,33.0,2.7,7.5,73.0,91.0,1037.8,0.0,0.0,,0.0
2025-12-28 17:00:00,-9.5,-8.1,,-10.5,,34.0,3.3,6.2,94.0,74.0,1037.7,0.0,0.0,,0.0
2025-12-28 18:00:00,-8.6,-7.5,-3.6,-9.4,-10.7,27.0,4.2,5.8,89.0,87.0,1038.2,0.0,0.0,,0.0
2025-12-28 19:00:00,-9.2,-8.1,,-10.7,,28.0,4.5,6.3,96.0,91.0,1038.6,0.0,0.0,,0.0
2025-12-28 20:00:00,-10.1,-8.9,,-10.9,,31.0,4.7,7.2,83.0,83.0,1038.7,0.0,0.0,,0.0
2025-12-28 21:00:00,-10.3,-8.7,-6.1,-11.4,-11.4,37.0,4.3,5.6,109.0,98.0,1039.0,0.0,0.0,,0.0
2025-12-28 22:00:00,-10.4,-9.0,,-11.4,,47.0,3.4,4.9,99.0,103.0,1039.0,0.0,0.0,,0.0
2025-12-28 23:00:00,-10.5,-9.8,,-11.1,,61.0,2.8,4.5,24.0,49.0,1038.9,0.0,0.0,,0.0
2025-12-29 00:00:00,-10.6,-10.1,-7.3,-11.7,-11.7,74.0,2.0,3.7,28.0,32.0,1038.7,0.0,0.0,,100.0
2025-12-29 01:00:00,-11.4,-11.0,,-11.8,,81.0,2.6,3.9,25.0,25.0,1038.1,0.0,0.0,,60.0
2025-12-29 02:00:00,-11.5,-11.1,,-12.0,,81.0,2.4,4.2,29.0,24.0,1037.9,0.0,0.0,,0.0
2025-12-29 03:00:00,-12.0,-11.2,-7.4,-12.7,-12.7,82.0,2.2,4.5,25.0,25.0,1036.9,0.0,0.0,,10.0
2025-12-29 04:00:00,-11.0,-10.5,,-11.7,,76.0,1.3,3.7,341.0,27.0,1036.2,0.0,0.0,,0.0
2025-12-29 05:00:00,-10.7,-9.9,,-11.4,,65.0,1.0,3.7,37.0,30.0,1035.4,0.0,0.0,,0.0
2025-12-29 06:00:00,-11.2,-9.8,-8.1,-11.9,-12.7,79.0,0.7,2.3,143.0,193.0,1034.7,0.0,0.0,0.0,0.0
2025-12-29 07:00:00,-9.1,-7.1,,-11.2,,76.0,3.6,6.6,100.0,90.0,1033.5,0.0,0.0,,0.0
2025-12-29 08:00:00,-7.9,-6.7,,-10.8,,75.0,3.1,6.1,227.0,119.0,1033.1,0.0,0.0,,0.0
2025-12-29 09:00:00,-11.6,-10.6,-6.7,-13.3,-13.3,87.0,0.7,1.8,334.0,215.0,1032.2,0.0,0.0,,90.0
2025-12-29 10:00:00,-12.2,-10.9,,-13.3,,92.0,1.2,2.4,194.0,41.0,1031.5,0.0,0.0,,0.0
2025-12-29 11:00:00,-12.3,-11.5,,-13.1,,92.0,0.6,1.5,287.0,112.0,1030.5,0.0,0.0,,0.0
2025-12-29 12:00:00,-12.9,-11.5,-6.7,-15.5,-15.5,89.0,1.0,2.7,55.0,49.0,1029.9,0.0,0.0,,0.0
2025-12-29 13:00:00,-15.9,-12.5,,-16.9,,84.0,2.4,5.8,145.0,151.0,1028.8,0.0,0.1,,0.0
2025-12-29 14:00:00,-15.1,-13.7,,-15.9,,79.0,1.4,4.1,107.0,125.0,1027.6,2.0,0.0,,0.0
2025-12-29 15:00:00,-13.9,-12.6,-6.7,-16.2,-16.9,69.0,2.9,6.3,147.0,128.0,1026.8,0.0,0.0,,0.0
2025-12-29 16:00:00,-14.0,-12.7,,-16.0,,72.0,2.1,6.3,96.0,86.0,1025.6,0.0,0.0,,50.0
2025-12-29 17:00:00,-11.9,-11.1,,-13.0,,65.0,1.3,4.9,133.0,112.0,1025.1,0.0,0.0,,90.0
2025-12-29 18:00:00,-10.3,-9.3,-6.7,-11.3,-16.9,62.0,2.0,6.0,133.0,122.0,1024.5,0.0,0.0,,75.0
2025-12-29 19:00:00,-9.1,-7.3,,-9.5,,61.0,4.0,8.8,108.0,101.0,1024.1,0.0,0.0,,0.0
2025-12-29 20:00:00,-8.4,-6.9,,-9.1,,60.0,3.6,7.3,91.0,133.0,1024.0,0.0,0.0,,0.0
2025-12-29 21:00:00,-6.6,-5.1,-5.1,-8.2,-16.9,55.0,2.7,6.7,63.0,72.0,1024.2,0.0,0.0,,0.0
2025-12-29 22:00:00,-4.2,-2.4,,-6.0,,48.0,1.8,6.1,149.0,121.0,1024.8,0.0,0.0,,0.0
2025-12-29 23:00:00,-6.1,-4.3,,-7.7,,61.0,4.5,8.4,82.0,117.0,1024.6,0.0,0.0,,0.0
2025-12-30 00:00:00,-5.5,-4.2,-2.4,-6.6,-16.9,56.0,1.9,6.1,38.0,66.0,1024.4,0.0,0.0,,0.0
2025-12-30 01:00:00,-5.8,-4.6,,-6.5,,57.0,3.7,11.3,76.0,85.0,1024.2,0.0,0.1,,0.0
2025-12-30 02:00:00,-5.5,-4.6,,-7.4,,54.0,2.5,6.4,41.0,67.0,1024.2,0.0,0.0,,0.0
2025-12-30 03:00:00,-7.9,-5.7,-2.4,-10.4,-16.0,64.0,2.2,4.7,119.0,142.0,1024.5,0.0,0.0,,0.0
2025-12-30 04:00:00,-7.5,-4.6,,-10.0,,63.0,2.7,6.2,69.0,44.0,1023.5,0.0,0.0,,0.0
2025-12-30 05:00:00,-7.4,-4.9,,-10.4,,61.0,2.0,5.5,101.0,132.0,1023.7,0.0,0.0,,0.0
2025-12-30 06:00:00,-6.4,-5.5,-2.4,-7.7,-10.4,57.0,1.2,4.7,83.0,77.0,1023.0,0.0,0.0,0.1,0.0
2025-12-30 07:00:00,-7.4,-4.9,,-10.7,,61.0,1.2,3.5,171.0,135.0,1023.3,0.0,0.0,,0.0
2025-12-30 08:00:00,-5.0,-3.2,,-7.2,,53.0,1.2,3.8,204.0,80.0,1023.2,0.0,0.1,,0.0
2025-12-30 09:00:00,-6.8,-5.5,-2.4,-8.3,-10.7,63.0,2.2,6.6,346.0,314.0,1023.1,0.0,0.0,,0.0
2025-12-30 10:00:00,-7.6,-6.7,,-8.7,,76.0,1.6,5.1,293.0,321.0,1022.6,0.0,0.0,,25.0
2025-12-30 11:00:00,-8.1,-7.8,,-8.7,,86.0,0.8,2.4,35.0,319.0,1022.1,0.0,0.0,,60.0
2025-12-30 12:00:00,-8.2,-7.8,-3.2,-8.8,-10.7,81.0,0.9,2.4,126.0,75.0,1021.2,0.0,0.0,,0.0
2025-12-30 13:00:00,-7.8,-7.3,,-8.1,,77.0,1.1,3.7,129.0,152.0,1019.9,0.0,0.0,,0.0
2025-12-30 14:00:00,-7.8,-7.6,,-8.2,,77.0,0.7,1.9,26.0,156.0,1019.0,1.0,0.0,,0.0
2025-12-30 15:00:00,-8.5,-7.8,-3.2,-9.4,-10.7,80.0,0.9,2.6,84.0,40.0,1017.7,0.0,0.0,,0.0
2025-12-30 16:00:00,-8.4,-8.0,,-9.0,,82.0,0.5,1.3,132.0,62.0,1016.4,0.0,0.0,,0.0
2025-12-30 17:00:00,-8.4,-8.0,,-9.4,,82.0,1.0,3.0,35.0,128.0,1015.5,0.0,0.0,,90.0
2025-12-30 18:00:00,-9.4,-8.9,-3.2,-9.9,-10.7,84.0,1.2,2.8,125.0,117.0,1014.5,0.0,0.0,,100.0
2025-12-30 19:00:00,-9.2,-8.6,,-10.1,,83.0,2.0,5.7,94.0,119.0,1013.6,0.0,0.0,,50.0
2025-12-30 20:00:00,-9.3,-9.0,,-9.5,,84.0,5.9,7.9,109.0,100.0,1012.2,0.0,0.0,,0.0
2025-12-30 21:00:00,-10.0,-9.6,-6.7,-10.7,-10.7,89.0,3.2,7.8,316.0,70.0,1013.3,0.0,0.0,,10.0
2025-12-30 22:00:00,-10.4,-9.9,,-10.9,,88.0,2.3,4.0,20.0,323.0,1013.1,0.0,0.0,,75.0
2025-12-30 23:00:00,-10.2,-9.4,,-10.8,,84.0,2.4,4.7,59.0,46.0,1013.1,0.0,0.0,,100.0
2025-12-31 00:00:00,-9.6,-9.1,-7.3,-10.3,-10.9,81.0,2.6,13.2,52.0,50.0,1013.3,0.0,0.0,,100.0
2025-12-31 01:00:00,-9.7,-9.0,,-10.3,,79.0,13.3,20.5,34.0,38.0,1015.6,0.0,0.0,,100.0
2025-12-31 02:00:00,-8.3,-7.4,,-9.4,,73.0,13.1,20.5,22.0,24.0,1017.5,0.0,0.0,,100.0
2025-12-31 03:00:00,-8.6,-7.9,-7.4,-9.4,-10.9,78.0,13.6,20.2,35.0,28.0,1020.7,0.0,0.0,,100.0
2025-12-31 04:00:00,-8.2,-7.5,,-9.1,,68.0,6.5,16.4,69.0,50.0,1022.5,0.0,0.0,,60.0
2025-12-31 05:00:00,-9.5,-8.8,,-10.1,,67.0,7.1,12.6,42.0,49.0,1023.5,0.0,0.0,,10.0
2025-12-31 06:00:00,-9.6,-8.6,-7.4,-10.5,-10.9,65.0,2.9,9.3,63.0,49.0,1024.8,0.0,0.0,0.1,0.0
2025-12-31 07:00:00,-9.5,-9.1,,-10.1,,65.0,1.0,4.6,39.0,346.0,1025.9,0.0,0.0,,0.0
2025-12-31 08:00:00,-12.2,-9.2,,-13.6,,72.0,1.4,3.2,144.0,145.0,1026.7,0.0,0.0,,0.0
2025-12-31 09:00:00,-12.2,-11.5,-7.4,-13.3,-13.6,72.0,1.2,2.7,33.0,41.0,1027.0,0.0,0.0,,0.0
2025-12-31 10:00:00,-12.8,-11.8,,-14.0,,74.0,1.2,4.0,39.0,27.0,1027.3,0.0,0.0,,0.0
2025-12-31 11:00:00,-13.3,-11.6,,-14.3,,76.0,2.5,6.3,76.0,72.0,1027.7,0.0,0.0,,0.0
2025-12-31 12:00:00,-12.7,-12.0,-7.4,-13.3,-14.3,75.0,2.1,6.4,67.0,99.0,1027.5,0.0,0.0,,40.0
2025-12-31 13:00:00,-13.0,-12.0,,-14.4,,81.0,1.1,3.8,35.0,48.0,1027.2,0.0,0.0,,0.0
2025-12-31 14:00:00,-13.1,-12.3,,-14.0,,83.0,1.4,3.8,71.0,66.0,1026.7,0.0,0.0,,0.0
2025-12-31 15:00:00,-12.9,-11.9,-7.5,-13.9,-14.4,79.0,2.4,5.5,50.0,71.0,1026.0,0.0,0.0,,0.0
2025-12-31 16:00:00,-12.0,-11.4,,-12.7,,78.0,1.2,3.3,27.0,51.0,1025.6,0.0,0.0,,0.0
2025-12-31 17:00:00,-12.0,-10.8,,-12.8,,76.0,1.7,4.0,259.0,38.0,1024.8,0.0,0.0,,0.0
2025-12-31 18:00:00,-11.8,-10.5,-9.1,-13.1,-14.4,74.0,1.3,5.0,26.0,39.0,1024.8,0.0,0.0,,0.0
2025-12-31 19:00:00,-12.0,-11.2,,-12.9,,73.0,0.9,4.1,57.0,78.0,1024.5,0.0,0.0,,0.0
2025-12-31 20:00:00,-12.1,-11.8,,-12.5,,74.0,0.7,2.0,45.0,93.0,1024.8,0.0,0.0,,0.0
2025-12-31 21:00:00,-11.9,-11.4,-10.5,-12.4,-14.4,73.0,1.3,3.4,22.0,24.0,1024.4,0.0,0.0,,0.0
2025-12-31 22:00:00,-11.4,-10.8,,-11.9,,71.0,0.8,2.6,222.0,75.0,1024.3,0.0,0.0,,0.0
2025-12-31 23:00:00,-12.1,-10.4,,-12.7,,73.0,2.1,11.1,74.0,52.0,1024.0,0.0,0.0,,0.0
