ts,T_air,RH,P_air,wind_avg,wind_max,wind_dir,SW_in,SW_out,albedo,T_surface,snow_depth,T_snow10cm
2023-04-08 00:00:00,-8.5,52.8,995.3,2.3,3.5,333.5,0.0,0.0,,-15.5,0.079,-10.9
2023-04-08 00:30:00,-8.3,39.7,994.7,1.8,3.5,329.7,0.0,0.0,,-16.1,0.077,-12.1
2023-04-08 01:00:00,-8.5,36.9,993.8,1.4,2.6,311.3,0.0,0.0,,-17.2,0.075,-13.2
2023-04-08 01:30:00,-7.5,33.7,993.1,1.8,2.8,323.6,0.0,0.0,,-16.8,0.075,-12.1
2023-04-08 02:00:00,-8.5,36.3,992.5,1.2,2.5,335.4,0.0,0.0,,-17.5,0.075,-13.9
2023-04-08 02:30:00,-7.9,36.5,991.7,1.7,3.0,310.7,0.0,0.0,,-16.7,0.075,-12.0
2023-04-08 03:00:00,-7.5,40.6,991.2,3.1,3.9,324.2,0.0,0.0,,-13.9,0.079,-10.5
2023-04-08 03:30:00,-7.2,38.6,990.4,2.4,3.1,313.5,0.0,0.0,,-14.4,0.078,-11.1
2023-04-08 04:00:00,-7.5,44.3,989.7,1.6,2.4,342.9,0.0,0.0,,-15.5,0.076,-12.8
2023-04-08 04:30:00,-7.6,41.2,989.1,1.8,2.5,338.3,0.0,0.0,,-15.2,0.076,-12.1
2023-04-08 05:00:00,-6.8,38.9,988.4,1.3,2.5,310.7,0.0,0.0,,-14.1,0.079,-10.4
2023-04-08 05:30:00,-6.4,35.6,987.9,1.4,2.9,326.3,0.0,0.0,,-13.5,0.078,-10.0
2023-04-08 06:00:00,-5.8,35.8,987.5,2.6,8.6,329.7,0.0,0.0,,-10.6,0.08,-8.7
2023-04-08 06:30:00,-6.9,43.0,987.6,3.1,7.1,46.8,0.0,0.0,,-10.2,0.08,-7.7
2023-04-08 07:00:00,-6.8,43.8,987.6,2.6,7.0,45.1,0.0,0.0,,-9.6,0.082,-7.6
2023-04-08 07:30:00,-7.2,48.4,987.2,2.6,5.8,20.3,0.0,0.0,,-9.4,0.078,-7.5
2023-04-08 08:00:00,-6.9,47.0,987.2,3.5,8.5,20.2,0.0,0.0,,-9.1,0.077,-6.7
2023-04-08 08:30:00,-6.6,44.0,987.3,3.2,6.4,80.4,3.085,2.2444,,-8.9,0.076,-6.1
2023-04-08 09:00:00,-6.4,41.6,987.3,2.4,5.3,60.5,19.7552,15.6991,,-9.3,0.074,-5.6
2023-04-08 09:30:00,-6.3,49.8,986.9,1.4,2.8,331.8,62.6516,44.8768,,-9.6,0.073,-5.5
2023-04-08 10:00:00,-5.9,50.5,987.0,1.5,3.0,15.1,156.7459,119.731,,-10.4,0.069,0.1
2023-04-08 10:30:00,-6.4,48.5,987.1,2.2,3.6,68.8,179.3136,148.2192,,-10.7,0.071,-0.2
2023-04-08 11:00:00,-6.4,45.4,986.6,1.4,2.7,316.0,215.6389,182.6699,,-11.1,0.071,2.1
2023-04-08 11:30:00,-6.2,47.7,986.6,1.2,3.0,32.1,269.0049,229.5487,,-10.4,0.069,3.8
2023-04-08 12:00:00,-5.1,46.0,986.7,0.8,1.4,322.4,325.4282,278.1465,,-9.2,0.068,8.1
2023-04-08 12:30:00,-5.3,58.9,986.7,0.4,0.8,237.9,365.9336,315.437,,-8.8,0.064,11.2
2023-04-08 13:00:00,-4.4,59.1,986.8,0.6,1.9,205.2,409.311,353.2745,,-7.5,0.063,13.4
2023-04-08 13:30:00,-4.6,63.8,986.9,0.7,1.4,136.5,453.6501,391.4567,,-6.5,0.064,11.5
2023-04-08 14:00:00,-4.6,64.9,986.7,0.6,1.6,170.2,480.9088,415.8234,0.865,-5.5,0.066,15.6
2023-04-08 14:30:00,-4.9,59.9,986.7,1.1,1.9,183.7,393.6527,337.9752,0.858,-5.9,0.07,6.3
2023-04-08 15:00:00,-5.3,63.0,986.7,1.0,2.6,154.4,299.8976,246.0158,0.821,-7.7,0.07,5.2
2023-04-08 15:30:00,-5.4,66.0,986.9,1.8,2.7,119.2,578.4893,487.3246,0.842,-4.3,0.072,12.6
2023-04-08 16:00:00,-4.7,63.9,986.8,1.1,2.0,168.6,534.942,455.6071,0.852,-4.5,0.068,15.1
2023-04-08 16:30:00,-3.7,55.6,986.6,0.7,1.5,221.4,532.8583,452.0136,0.848,-4.1,0.065,16.6
2023-04-08 17:00:00,-4.3,57.1,986.5,1.6,2.6,258.9,509.1558,425.8955,0.836,-4.0,0.071,12.6
2023-04-08 17:30:00,-4.2,63.8,986.3,2.1,3.1,267.4,427.7321,356.6241,0.834,-4.9,0.073,11.5
2023-04-08 18:00:00,-3.6,56.8,986.1,2.2,3.0,259.8,482.8077,399.7837,0.828,-4.2,0.072,13.3
2023-04-08 18:30:00,-3.2,53.6,985.9,1.9,2.6,249.9,453.9717,369.5377,,-3.9,0.071,9.8
2023-04-08 19:00:00,-3.2,52.9,986.0,2.2,3.3,256.7,405.4324,321.8744,,-3.1,0.072,9.9
2023-04-08 19:30:00,-2.0,44.5,985.9,0.6,1.5,174.1,345.3464,272.0345,,-4.5,0.068,18.2
2023-04-08 20:00:00,-2.1,41.8,986.1,2.0,3.3,56.2,304.8849,234.9456,,-5.7,0.072,13.6
2023-04-08 20:30:00,-2.2,47.9,986.1,2.7,4.6,65.2,256.3325,192.1599,,-5.8,0.073,10.8
2023-04-08 21:00:00,-2.6,48.4,986.0,2.3,3.6,72.5,209.8868,153.2829,,-6.5,0.073,10.4
2023-04-08 21:30:00,-2.7,48.4,985.8,1.3,2.2,83.0,192.8078,136.4292,,-7.0,0.072,9.6
2023-04-08 22:00:00,-3.0,52.5,985.8,0.8,1.7,254.8,137.2989,88.3591,,-6.3,0.071,1.6
2023-04-08 22:30:00,-3.6,58.2,985.8,1.9,3.8,283.6,40.8458,30.9312,,-7.1,0.073,-3.7
2023-04-08 23:00:00,-3.5,55.1,985.8,2.1,3.8,315.9,18.772,13.8489,,-6.7,0.075,-3.6
2023-04-08 23:30:00,-3.3,55.5,985.8,1.3,1.9,318.6,3.2388,2.3488,,-6.2,0.074,-4.3
2023-04-09 00:00:00,-3.3,57.3,985.5,0.9,1.9,338.9,0.0,0.0,,-6.7,0.074,-5.2
2023-04-09 00:30:00,-0.8,55.4,985.1,5.3,15.7,12.5,0.1286,0.659,,-4.8,0.071,1.7
2023-04-09 01:00:00,3.7,45.3,985.1,12.4,19.9,81.5,0.0,0.0,,-0.4,0.029,2.3
2023-04-09 01:30:00,3.7,44.6,985.3,10.9,15.8,82.7,0.0,0.0,,-0.6,0.025,2.3
2023-04-09 02:00:00,3.8,44.1,985.5,11.9,16.1,77.3,0.0,0.0,,-0.7,0.027,2.5
2023-04-09 02:30:00,3.2,47.6,986.2,9.6,14.0,79.2,0.0,0.0,,-1.2,0.026,1.4
2023-04-09 03:00:00,,74.4,987.7,6.7,10.6,104.4,0.0,0.0,,-5.4,0.024,-5.4
2023-04-09 03:30:00,-5.1,71.6,989.2,6.0,8.0,87.4,0.0,0.0,,-7.4,0.027,-5.5
2023-04-09 04:00:00,-5.2,65.2,990.0,6.4,11.7,85.0,0.0,0.0,,-8.0,0.027,-6.1
2023-04-09 04:30:00,-5.5,71.1,991.0,7.1,11.6,85.1,0.0,0.0,,-7.0,0.028,-5.4
2023-04-09 05:00:00,-5.6,76.1,992.0,8.2,11.3,79.2,0.0,0.0,,-6.3,0.028,-5.2
2023-04-09 05:30:00,-5.5,80.1,992.9,7.8,10.7,80.4,0.0,0.0,,-6.0,0.028,-5.2
2023-04-09 06:00:00,-5.6,83.9,993.8,7.3,10.6,84.0,0.0,0.0,,-5.9,0.029,-5.2
2023-04-09 06:30:00,-5.5,83.3,994.8,5.8,7.6,106.6,0.0,0.0,,-5.9,0.03,-5.3
2023-04-09 07:00:00,-5.6,80.4,995.8,6.5,9.8,114.1,0.0,0.0,,-6.1,0.03,-5.3
2023-04-09 07:30:00,-5.7,80.5,996.7,7.6,10.3,125.9,0.0,0.0,,-6.2,0.029,-5.4
2023-04-09 08:00:00,-5.8,76.8,997.1,6.0,9.4,125.5,0.0,0.0,,-6.4,0.03,-5.6
2023-04-09 08:30:00,-5.9,77.7,997.3,3.4,5.7,137.8,3.2246,1.805,,-6.5,0.031,-5.6
2023-04-09 09:00:00,-5.8,77.6,997.5,2.9,4.4,152.4,12.6008,7.9282,,-6.5,0.031,-5.3
2023-04-09 09:30:00,-5.9,78.3,998.1,2.8,4.0,131.2,23.2244,15.04,,-6.4,0.031,-5.1
2023-04-09 10:00:00,-5.9,79.1,998.4,3.3,4.9,117.3,43.6084,28.4368,,-6.3,0.031,-4.7
2023-04-09 10:30:00,-5.9,79.4,998.4,2.9,4.3,126.7,91.159,59.01,,-6.2,0.031,-3.6
2023-04-09 11:00:00,-6.0,79.2,998.7,2.8,4.4,130.7,109.5352,73.1187,,-7.3,0.03,-2.9
2023-04-09 11:30:00,-5.7,77.5,998.8,1.9,2.9,170.2,236.6219,160.3689,,-5.6,0.03,2.4
2023-04-09 12:00:00,-5.5,76.1,998.8,1.8,2.7,206.4,323.9103,227.1853,,-4.8,0.03,4.6
2023-04-09 12:30:00,-5.9,77.7,999.0,2.1,3.1,205.2,194.7294,134.042,,-5.5,0.03,-2.0
2023-04-09 13:00:00,-5.8,76.9,998.8,2.2,2.9,234.8,307.7327,207.043,,-5.1,0.031,2.5
2023-04-09 13:30:00,-5.5,76.3,998.8,2.3,3.4,241.7,368.3461,249.2662,,-4.1,0.031,3.9
2023-04-09 14:00:00,-5.3,76.3,998.5,2.9,4.6,253.7,429.6017,292.483,0.681,-3.6,0.031,5.4
2023-04-09 14:30:00,-5.0,75.9,998.7,3.0,4.2,253.0,509.0762,349.1182,0.685,-2.7,0.03,7.0
2023-04-09 15:00:00,-5.1,77.2,998.5,3.4,5.2,254.5,428.3701,292.8845,0.684,-3.1,0.031,5.7
2023-04-09 15:30:00,-5.0,77.6,998.6,3.3,4.9,255.6,433.075,295.4489,0.682,-3.1,0.031,6.1
2023-04-09 16:00:00,-4.8,77.3,998.4,3.8,5.6,259.3,480.2379,330.1427,0.687,-2.8,0.03,6.5
2023-04-09 16:30:00,-4.6,77.6,998.3,3.4,5.0,252.9,419.8905,286.0501,0.681,-3.0,0.03,7.2
2023-04-09 17:00:00,-4.2,74.3,998.2,1.7,3.5,235.9,375.77,251.967,0.67,-2.7,0.029,6.4
2023-04-09 17:30:00,-3.4,70.0,998.0,0.8,1.3,215.2,389.0259,260.2793,0.669,-2.2,0.026,10.8
2023-04-09 18:00:00,-3.1,69.3,997.5,1.4,2.6,216.1,441.1842,294.0031,0.667,-2.0,0.026,13.3
2023-04-09 18:30:00,-2.9,68.0,997.4,1.1,2.3,219.8,439.0876,287.868,,-1.8,0.029,13.1
2023-04-09 19:00:00,-2.7,68.2,997.4,1.2,1.9,239.0,399.3373,257.3302,,-1.9,0.03,15.1
2023-04-09 19:30:00,-2.5,69.8,997.3,1.7,2.7,238.7,350.7748,221.4188,,-2.1,0.031,13.1
2023-04-09 20:00:00,-2.4,69.0,997.6,0.8,2.3,211.6,301.8047,191.1368,,-2.7,0.029,16.1
2023-04-09 20:30:00,-2.0,65.9,997.6,1.2,3.0,59.5,208.6063,132.9377,,-3.3,0.031,7.1
2023-04-09 21:00:00,-1.8,60.4,997.4,1.3,2.8,34.9,167.8346,101.6764,,-3.9,0.033,8.2
2023-04-09 21:30:00,-2.0,60.5,997.3,1.8,3.0,46.4,153.6816,89.0694,,-4.0,0.033,6.9
2023-04-09 22:00:00,-2.4,63.5,997.3,2.2,3.9,57.8,124.3313,66.2223,,-4.0,0.033,0.5
2023-04-09 22:30:00,-3.4,69.3,997.1,2.1,3.3,62.4,44.5651,25.8141,,-5.0,0.033,-3.1
2023-04-09 23:00:00,-4.0,74.2,997.1,1.6,2.5,69.3,12.465,8.6179,,-6.2,0.033,-4.8
2023-04-09 23:30:00,-4.2,83.0,997.1,1.7,2.3,62.6,0.6515,1.6939,,-7.2,0.034,-5.5
2023-04-10 00:00:00,-4.3,83.5,997.1,1.7,2.5,50.7,0.0,0.0,,-7.5,0.034,-5.5
2023-04-10 00:30:00,-4.7,82.9,997.1,1.6,2.2,35.9,0.0,0.0,,-8.0,0.034,-6.1
2023-04-10 01:00:00,-4.9,81.5,996.9,1.4,2.5,36.5,0.0,0.0,,-8.7,0.033,-6.7
2023-04-10 01:30:00,-4.9,79.1,996.8,1.2,2.3,0.0,0.0,0.0,,-8.9,0.033,-7.8
2023-04-10 02:00:00,-4.8,76.1,996.6,2.2,3.3,5.8,0.0,0.0,,-8.8,0.033,-6.0
2023-04-10 02:30:00,-4.9,80.8,996.5,2.4,3.2,337.3,0.0,0.0,,-8.4,0.032,-7.1
2023-04-10 03:00:00,-5.0,79.7,996.2,1.6,2.4,323.7,0.0,0.0,,-9.3,0.031,-7.5
2023-04-10 03:30:00,-5.6,79.7,995.9,1.4,2.3,331.0,0.0,0.0,,-9.6,0.031,-7.9
2023-04-10 04:00:00,-5.4,82.7,995.7,1.8,2.4,322.7,0.0,0.0,,-9.5,0.031,-7.9
2023-04-10 04:30:00,-5.3,83.7,995.5,2.4,2.9,327.6,0.0,0.0,,-9.3,0.031,-7.8
2023-04-10 05:00:00,-5.8,84.1,995.7,1.3,2.6,351.3,0.0,0.0,,-10.0,0.03,-9.2
2023-04-10 05:30:00,-5.7,80.3,995.7,1.5,3.1,18.0,0.0,0.0,,-10.1,0.032,-7.5
2023-04-10 06:00:00,-6.2,81.3,995.3,0.9,1.6,330.3,0.0,0.0,,-10.4,0.032,-8.3
2023-04-10 06:30:00,-5.5,80.3,994.9,2.2,2.8,319.1,0.0,0.0,,-9.7,0.032,-7.2
2023-04-10 07:00:00,-5.5,81.1,994.7,2.3,3.0,318.1,0.0,0.0,,-9.1,0.033,-6.8
2023-04-10 07:30:00,-5.4,80.7,994.7,1.2,2.0,308.5,0.0,0.0,,-9.6,0.031,-8.3
2023-04-10 08:00:00,-5.7,81.7,994.6,1.2,1.7,326.1,0.0,0.0,,-9.9,0.03,-8.6
2023-04-10 08:30:00,-5.7,83.9,994.6,2.0,2.9,35.7,7.6361,5.3425,,-9.3,0.032,-6.4
2023-04-10 09:00:00,-5.7,89.1,994.7,2.1,3.4,45.7,32.8993,20.2917,,-8.1,0.034,-5.3
2023-04-10 09:30:00,-5.1,85.4,994.6,2.0,3.8,62.6,69.5663,38.472,,-7.7,0.033,-3.6
2023-04-10 10:00:00,-5.1,84.0,994.6,2.8,4.7,43.0,126.5736,83.9133,,-7.1,0.032,0.2
2023-04-10 10:30:00,-5.3,89.9,994.7,3.4,4.7,79.9,160.7411,103.5967,,-6.0,0.033,-1.9
2023-04-10 11:00:00,-6.1,94.6,994.7,3.8,4.8,85.3,144.1176,88.2942,,-5.3,0.033,-2.9
2023-04-10 11:30:00,-6.2,94.1,995.0,2.5,3.4,73.7,156.1204,96.2726,,-5.0,0.034,-2.5
2023-04-10 12:00:00,-6.2,93.4,995.0,2.7,4.1,73.6,180.8963,115.3056,,-4.9,0.034,-1.1
2023-04-10 12:30:00,-5.6,92.1,994.7,1.8,3.5,52.6,282.3912,198.6563,,-4.3,0.034,6.7
2023-04-10 13:00:00,-4.9,89.0,994.3,2.0,4.7,243.2,407.9518,272.8969,,-2.8,0.034,8.2
2023-04-10 13:30:00,-5.9,91.3,994.5,1.3,2.7,148.3,358.8491,224.7682,,-2.7,0.034,4.9
2023-04-10 14:00:00,-5.3,91.6,994.5,1.3,3.0,229.3,414.4493,261.4259,0.63,-1.9,0.034,8.8
2023-04-10 14:30:00,-4.5,90.9,994.1,1.4,2.8,236.2,495.3639,316.071,0.638,-1.4,0.033,12.9
2023-04-10 15:00:00,-3.7,89.4,993.8,1.6,2.7,206.2,493.3993,309.1625,0.627,-1.0,0.033,11.1
2023-04-10 15:30:00,-4.0,89.7,993.8,2.6,3.4,247.0,483.4477,296.2766,0.612,-1.1,0.034,7.0
2023-04-10 16:00:00,-3.9,89.9,993.5,2.7,3.5,248.1,506.8583,304.0486,0.6,-1.0,0.034,10.7
2023-04-10 16:30:00,-3.0,88.2,993.4,3.0,4.4,254.6,532.2772,313.7381,0.59,-0.4,0.032,12.3
2023-04-10 17:00:00,-2.3,85.6,993.2,2.7,3.5,249.8,548.2023,314.013,0.573,0.0,0.027,13.8
2023-04-10 17:30:00,-1.9,82.5,993.2,1.6,2.9,223.8,530.2122,295.9635,0.558,0.3,0.024,17.9
2023-04-10 18:00:00,-0.9,78.1,993.1,0.8,1.7,178.8,518.4669,280.2584,0.541,0.6,0.022,20.6
2023-04-10 18:30:00,-0.9,77.9,993.0,0.7,1.4,157.6,493.0085,251.4383,,0.9,0.022,14.8
2023-04-10 19:00:00,-1.3,80.8,993.0,1.2,2.2,145.1,309.3004,150.6416,,0.2,0.026,7.4
2023-04-10 19:30:00,-0.9,75.4,992.9,1.3,2.4,201.9,264.6528,127.3892,,-0.1,0.026,8.8
2023-04-10 20:00:00,-0.2,70.4,992.7,1.9,3.3,163.3,315.9331,152.3954,,0.2,0.025,9.9
2023-04-10 20:30:00,-0.4,74.4,992.6,0.5,1.0,184.5,249.6905,117.5039,,0.1,0.023,9.7
2023-04-10 21:00:00,0.3,72.5,992.5,0.3,0.9,116.2,199.363,92.1335,,0.0,0.024,11.8
2023-04-10 21:30:00,1.7,67.1,992.5,1.0,4.4,83.1,212.9526,94.9322,,0.4,0.025,15.8
2023-04-10 22:00:00,,,992.3,4.5,6.8,92.6,168.6579,65.9602,,2.1,0.026,10.9
2023-04-10 22:30:00,8.4,36.0,992.6,5.7,8.9,87.8,48.5939,17.5731,,2.1,0.025,7.6
2023-04-10 23:00:00,7.7,38.3,992.9,7.1,9.6,85.6,14.02,4.874,,1.9,0.025,6.1
2023-04-10 23:30:00,7.3,39.9,993.1,6.5,10.0,80.6,0.8007,0.0736,,1.7,0.025,6.1
2023-04-11 00:00:00,6.8,41.4,993.4,6.7,9.3,83.1,0.0,0.0,,1.5,0.025,5.2
2023-04-11 00:30:00,6.5,42.5,993.6,7.2,11.2,84.5,0.0,0.0,,1.3,0.026,5.3
2023-04-11 01:00:00,6.4,42.7,993.7,7.6,11.6,83.0,0.0,0.0,,1.3,0.024,4.6
2023-04-11 01:30:00,6.1,43.6,993.8,8.5,11.6,80.3,0.0,0.0,,1.3,0.025,4.9
2023-04-11 02:00:00,6.1,43.6,994.0,8.2,11.6,82.2,0.0,0.0,,1.3,0.025,4.7
2023-04-11 02:30:00,6.2,42.7,994.2,8.0,10.7,79.3,0.0,0.0,,1.2,0.025,5.0
2023-04-11 03:00:00,5.9,43.5,994.4,8.1,10.2,78.9,0.0,0.0,,1.1,0.024,4.6
2023-04-11 03:30:00,5.8,42.5,994.7,8.0,10.0,81.0,0.0,0.0,,1.0,0.025,4.5
2023-04-11 04:00:00,5.6,42.9,994.8,7.7,9.4,79.2,0.0,0.0,,0.8,0.025,4.0
2023-04-11 04:30:00,4.9,45.0,995.2,7.4,9.6,77.9,0.0,0.0,,0.5,0.026,3.5
2023-04-11 05:00:00,5.0,43.6,995.4,7.2,9.7,79.5,0.0,0.0,,0.5,0.025,4.1
2023-04-11 05:30:00,5.4,39.8,995.6,7.2,8.6,82.6,0.0,0.0,,0.6,0.025,4.1
2023-04-11 06:00:00,4.5,43.6,995.7,6.3,8.9,77.6,0.0,0.0,,0.2,0.026,3.5
2023-04-11 06:30:00,4.7,41.7,995.8,6.7,9.8,78.3,0.0,0.0,,0.1,0.025,3.5
2023-04-11 07:00:00,4.5,41.6,995.9,8.0,12.8,81.9,0.0,0.0,,0.1,0.025,3.5
2023-04-11 07:30:00,4.8,38.5,996.0,9.6,13.2,79.7,0.0,0.0,,0.1,0.024,3.8
2023-04-11 08:00:00,5.2,35.3,995.8,9.1,12.6,79.1,0.0,0.0,,0.1,0.024,3.7
2023-04-11 08:30:00,4.6,38.4,995.8,9.2,12.6,79.2,5.2987,2.0783,,-0.2,0.025,3.5
2023-04-11 09:00:00,4.0,40.7,996.0,7.6,12.9,87.6,13.5317,4.9891,,-0.5,0.025,2.1
2023-04-11 09:30:00,2.0,52.0,997.0,6.9,9.7,80.2,35.5623,11.5991,,-1.5,0.025,2.2
2023-04-11 10:00:00,2.9,45.9,997.6,6.0,9.4,82.7,109.8038,49.4358,,-0.7,0.027,8.0
2023-04-11 10:30:00,4.5,36.3,997.4,7.7,10.8,86.2,165.9836,70.7021,,0.5,0.025,9.4
2023-04-11 11:00:00,4.6,36.1,997.6,8.1,10.3,83.5,222.2345,89.789,,1.0,0.025,10.1
2023-04-11 11:30:00,4.1,39.4,997.8,8.7,12.5,80.1,277.0921,108.9466,,1.2,0.024,10.2
2023-04-11 12:00:00,3.8,42.1,998.0,7.7,10.8,80.6,329.1879,126.6381,,1.4,0.025,10.4
2023-04-11 12:30:00,3.0,48.2,998.3,6.9,9.1,80.1,378.5268,141.8877,,1.5,0.026,10.8
2023-04-11 13:00:00,3.4,46.3,998.5,6.4,9.1,82.5,423.1317,153.4931,,1.8,0.026,11.9
2023-04-11 13:30:00,3.4,47.4,998.7,6.5,8.9,81.6,460.787,161.4092,,2.0,0.026,12.2
2023-04-11 14:00:00,3.6,46.5,998.9,6.3,8.6,80.7,492.4097,165.9568,0.337,2.2,0.025,12.8
2023-04-11 14:30:00,3.5,48.4,999.2,6.9,10.2,85.3,516.3322,167.2019,0.324,2.4,0.026,12.9
2023-04-11 15:00:00,3.5,48.6,999.3,7.0,10.9,81.9,534.6801,165.9504,0.31,2.5,0.027,13.8
2023-04-11 15:30:00,3.8,46.8,999.5,7.0,10.2,78.9,503.284,150.3437,0.298,2.6,0.027,12.4
2023-04-11 16:00:00,4.1,44.6,999.6,6.0,7.7,82.0,487.6599,138.6193,0.284,2.9,0.028,14.9
2023-04-11 16:30:00,4.3,45.7,999.8,4.5,8.4,85.4,529.9118,145.1004,0.274,3.7,0.028,16.9
2023-04-11 17:00:00,4.1,45.2,1000.0,5.6,8.0,82.2,473.3878,128.1493,0.27,3.2,0.027,16.3
2023-04-11 17:30:00,4.3,44.7,1000.1,5.3,8.7,80.4,486.536,129.9434,0.267,3.6,0.027,16.8
2023-04-11 18:00:00,3.5,51.9,1000.3,4.4,7.7,73.1,485.0669,126.4708,0.261,3.6,0.028,16.0
2023-04-11 18:30:00,5.0,39.6,1000.4,6.3,8.1,79.1,450.0339,113.6358,,3.5,0.027,15.1
2023-04-11 19:00:00,5.4,37.8,1000.5,6.5,8.4,75.1,409.3457,101.7193,,3.5,0.026,17.2
2023-04-11 19:30:00,5.6,36.9,1000.8,5.9,7.8,78.1,365.0229,90.2909,,3.4,0.026,17.3
2023-04-11 20:00:00,6.1,34.7,1001.1,5.5,8.0,76.1,317.411,82.6969,,3.3,0.026,17.2
2023-04-11 20:30:00,6.1,35.5,1001.4,5.1,6.7,78.5,266.5393,73.2118,,3.1,0.026,16.8
2023-04-11 21:00:00,3.0,57.1,1001.9,2.1,4.1,278.9,214.0732,54.7179,,1.9,0.025,14.7
2023-04-11 21:30:00,1.5,69.2,1002.1,1.7,3.5,295.5,162.2088,39.6179,,0.7,0.026,11.3
2023-04-11 22:00:00,0.1,79.1,1002.2,1.6,2.7,257.0,112.9941,24.4675,,-0.3,0.026,3.6
2023-04-11 22:30:00,-0.6,83.8,1002.5,1.9,3.1,265.7,27.265,5.1382,,-1.2,0.028,-0.9
2023-04-11 23:00:00,0.2,74.0,1002.6,2.3,3.1,291.7,9.7734,2.3701,,-1.5,0.028,-0.6
2023-04-11 23:30:00,2.1,55.9,1002.5,1.5,2.5,337.1,0.512,0.0,,-1.6,0.022,-1.7
2023-04-12 00:00:00,0.5,64.5,1002.8,0.8,2.0,315.0,0.0,0.0,,-2.6,0.024,-2.5
2023-04-12 00:30:00,1.7,56.9,1003.0,1.4,2.3,322.7,0.0,0.0,,-2.3,0.022,-2.6
2023-04-12 01:00:00,0.2,65.4,1003.3,0.8,1.5,13.9,0.0,0.0,,-3.1,0.023,-3.5
2023-04-12 01:30:00,-0.4,68.5,1003.5,0.8,1.9,1.7,0.0,0.0,,-3.5,0.026,-3.0
2023-04-12 02:00:00,0.4,61.1,1003.7,0.6,1.7,7.1,0.0,0.0,,-3.5,0.024,-3.5
2023-04-12 02:30:00,0.9,60.6,1003.7,2.1,3.6,330.8,0.0,0.0,,-2.4,0.026,-2.1
2023-04-12 03:00:00,-2.4,82.0,1003.9,0.9,1.9,300.8,0.0,0.0,,-4.4,0.026,-4.8
2023-04-12 03:30:00,-3.1,89.3,1004.2,1.5,2.3,271.9,0.0,0.0,,-4.5,0.027,-4.2
2023-04-12 04:00:00,-3.8,91.6,1004.4,0.8,1.8,76.8,0.0,0.0,,-5.3,0.026,-5.2
2023-04-12 04:30:00,-4.2,91.4,1004.6,0.7,2.3,334.7,0.0,0.0,,-5.7,0.027,-5.4
2023-04-12 05:00:00,-4.6,94.3,1004.7,1.4,3.0,279.5,0.0,0.0,,-5.4,0.026,-6.2
2023-04-12 05:30:00,-5.1,95.3,1004.7,0.5,1.0,72.8,0.0,0.0,,-6.3,0.027,-6.8
2023-04-12 06:00:00,-5.0,95.0,1004.8,0.4,0.9,3.0,0.0,0.0,,-6.5,0.028,-7.1
2023-04-12 06:30:00,-4.4,92.7,1005.0,0.4,1.0,353.0,0.0,0.0,,-6.6,0.028,-7.1
2023-04-12 07:00:00,-4.2,88.7,1005.1,0.5,1.1,38.2,0.0,0.0,,-6.7,0.027,-7.2
2023-04-12 07:30:00,-1.7,72.8,1005.0,2.2,5.3,111.2,0.0,0.12,,-4.9,0.029,-2.6
2023-04-12 08:00:00,0.6,57.2,1005.1,3.9,5.9,91.3,0.0,0.0,,-3.0,0.026,-0.5
2023-04-12 08:30:00,0.3,59.3,1005.4,4.3,5.9,78.1,6.8434,1.2616,,-2.9,0.026,-0.7
2023-04-12 09:00:00,-0.5,64.6,1005.6,3.8,5.7,82.8,21.5353,4.5504,,-3.1,0.026,-1.3
2023-04-12 09:30:00,-0.9,67.3,1005.7,3.2,4.7,78.9,42.8481,9.6486,,-3.3,0.027,0.0
2023-04-12 10:00:00,-1.0,67.2,1005.7,3.6,4.9,77.4,97.0404,29.9826,,-2.6,0.026,3.2
2023-04-12 10:30:00,-1.3,65.4,1005.6,2.3,3.8,71.5,150.8419,44.4752,,-2.1,0.027,5.8
2023-04-12 11:00:00,-1.3,67.1,1005.7,2.6,4.5,83.0,220.9964,62.3704,,-1.0,0.027,7.7
2023-04-12 11:30:00,-1.2,67.4,1005.8,1.8,2.5,99.7,280.8843,76.2859,,0.2,0.027,9.0
2023-04-12 12:00:00,-1.6,68.1,1005.8,1.9,2.7,115.5,328.0961,86.5118,,0.8,0.027,9.9
2023-04-12 12:30:00,-1.6,69.6,1005.5,1.4,1.9,160.0,373.0533,94.2312,,1.8,0.027,10.5
2023-04-12 13:00:00,-1.7,70.9,1005.4,1.2,1.9,204.6,403.9708,98.7612,,2.5,0.027,10.5
2023-04-12 13:30:00,-1.5,68.7,1005.5,0.8,1.3,186.1,373.8148,88.356,,2.5,0.025,10.9
2023-04-12 14:00:00,-1.2,69.0,1005.5,1.7,2.7,225.3,479.1378,110.531,0.231,3.5,0.026,10.3
2023-04-12 14:30:00,-1.5,70.4,1005.5,2.5,3.2,237.4,413.504,91.3873,0.22,2.6,0.027,6.7
2023-04-12 15:00:00,-1.6,75.2,1005.6,2.5,3.4,249.5,364.9072,77.342,0.212,2.0,0.028,5.8
2023-04-12 15:30:00,-1.6,78.5,1005.6,2.3,3.3,260.4,320.4401,67.1061,0.209,1.6,0.027,5.7
2023-04-12 16:00:00,-1.5,82.2,1005.5,1.9,2.9,240.7,498.2723,108.4323,0.217,3.7,0.027,13.3
2023-04-12 16:30:00,-0.4,74.4,1005.5,1.3,1.9,208.7,524.6187,114.6581,0.219,5.2,0.025,16.1
2023-04-12 17:00:00,-0.1,75.8,1005.6,1.4,1.7,192.3,553.9304,119.6524,0.216,5.7,0.024,16.0
2023-04-12 17:30:00,-0.5,73.1,1005.5,1.7,2.4,238.1,324.4536,66.7689,0.202,2.9,0.025,4.8
2023-04-12 18:00:00,-0.8,77.0,1005.7,1.9,2.9,236.2,297.9803,62.1181,0.207,1.8,0.025,8.8
2023-04-12 18:30:00,-0.5,76.0,1005.7,2.0,2.6,242.5,449.2295,94.3469,,3.8,0.025,11.7
2023-04-12 19:00:00,0.2,71.8,1005.9,1.5,2.5,215.4,457.3438,96.2856,,4.8,0.023,16.7
2023-04-12 19:30:00,-0.1,72.4,1006.2,2.0,3.6,133.1,357.2406,77.4693,,3.3,0.024,12.8
2023-04-12 20:00:00,-1.8,82.7,1006.6,4.7,6.6,78.4,241.9163,53.415,,0.1,0.024,3.4
2023-04-12 20:30:00,-3.2,94.1,1006.7,3.9,5.8,89.5,155.1778,27.9845,,-0.7,0.026,-0.2
2023-04-12 21:00:00,-3.6,95.6,1006.8,3.7,4.8,91.9,95.0454,16.2583,,-1.2,0.026,-1.4
2023-04-12 21:30:00,-3.9,95.5,1007.0,3.7,5.1,104.9,65.5832,11.0809,,-1.6,0.024,-2.1
2023-04-12 22:00:00,-4.2,94.9,1007.1,3.2,3.9,113.8,46.79,8.4591,,-2.0,0.024,-2.5
2023-04-12 22:30:00,-4.5,94.1,1007.1,3.1,3.7,118.0,28.0915,5.0645,,-2.4,0.025,-3.2
2023-04-12 23:00:00,-4.6,94.2,1007.1,3.4,4.2,126.2,11.5992,1.4728,,-2.7,0.026,-3.6
2023-04-12 23:30:00,-4.7,94.1,1007.2,2.8,3.9,114.0,3.0437,0.0,,-2.8,0.026,-3.8
2023-04-13 00:00:00,-4.8,94.1,1007.5,2.3,3.5,116.1,0.0,0.0,,-3.0,0.026,-4.0
2023-04-13 00:30:00,-5.0,94.4,1007.6,2.6,3.7,116.3,0.0,0.0,,-3.2,0.025,-4.1
2023-04-13 01:00:00,-5.0,94.5,1007.7,3.2,4.3,110.4,0.0,0.0,,-3.3,0.025,-4.2
2023-04-13 01:30:00,-5.2,94.3,1007.7,2.7,3.9,97.7,0.0,0.0,,-3.4,0.025,-4.4
2023-04-13 02:00:00,-5.3,94.1,1007.7,2.9,3.6,105.7,0.0,0.0,,-3.6,0.025,-4.5
2023-04-13 02:30:00,-5.4,93.8,1007.8,2.6,4.0,96.0,0.0,0.0,,-3.7,0.026,-4.6
2023-04-13 03:00:00,-5.5,93.5,1007.7,1.9,4.0,98.2,0.0,0.0,,-3.8,0.026,-4.8
2023-04-13 03:30:00,-5.9,93.3,1007.6,1.0,2.6,65.3,0.0,0.0,,-4.0,0.027,-5.1
2023-04-13 04:00:00,-5.8,93.3,1007.7,0.5,1.4,66.4,0.0,0.0,,-3.8,0.028,-4.9
2023-04-13 04:30:00,-5.8,93.4,1007.8,1.1,1.7,102.4,0.0,0.0,,-3.9,0.028,-5.0
2023-04-13 05:00:00,-5.9,93.2,1007.8,0.6,1.2,28.6,0.0,0.0,,-4.0,0.028,-5.1
2023-04-13 05:30:00,-6.1,93.1,1007.8,0.9,1.6,13.8,0.0,0.0,,-4.2,0.026,-5.2
2023-04-13 06:00:00,-6.0,93.1,1007.8,1.0,2.6,100.1,0.0,0.0,,-4.2,0.027,-5.3
2023-04-13 06:30:00,-6.1,93.0,1007.8,1.1,2.9,83.6,0.0,0.0,,-4.4,0.028,-5.4
2023-04-13 07:00:00,-6.2,92.9,1007.9,1.1,2.9,50.2,0.0,0.0,,-4.5,0.028,-5.4
2023-04-13 07:30:00,-6.2,92.8,1007.9,1.0,2.0,54.4,0.0,0.0,,-4.5,0.028,-5.5
2023-04-13 08:00:00,-6.4,92.8,1008.1,1.1,2.0,38.1,1.1433,0.0,,-4.6,0.027,-5.6
2023-04-13 08:30:00,-6.4,92.8,1008.1,0.7,1.5,9.7,8.3435,1.8458,,-4.5,0.029,-5.3
2023-04-13 09:00:00,-6.4,92.6,1008.1,0.8,1.8,55.4,21.1892,4.6288,,-4.4,0.03,-5.2
2023-04-13 09:30:00,-6.4,92.7,1008.1,1.1,1.8,48.9,32.4517,6.982,,-4.3,0.029,-4.9
2023-04-13 10:00:00,-6.3,92.7,1008.1,0.9,1.5,45.4,56.4688,12.5848,,-3.9,0.028,-4.4
2023-04-13 10:30:00,-6.3,92.6,1008.2,1.0,1.9,52.0,62.1139,13.7766,,-3.7,0.028,-4.3
2023-04-13 11:00:00,-6.3,92.5,1008.3,1.1,2.0,59.3,102.8401,22.7131,,-3.3,0.03,-3.4
2023-04-13 11:30:00,-6.2,92.4,1008.4,0.8,1.7,80.5,112.5438,24.9799,,-2.9,0.029,-3.4
2023-04-13 12:00:00,-6.2,92.4,1008.3,1.0,2.2,86.2,142.7116,31.3964,,-2.7,0.028,-2.4
2023-04-13 12:30:00,-6.0,92.3,1008.4,0.9,1.9,92.6,227.2918,49.7855,,-1.6,0.024,-0.5
2023-04-13 13:00:00,-6.0,92.4,1008.5,0.9,2.0,137.2,209.6065,44.0709,,-1.4,0.022,-1.2
2023-04-13 13:30:00,-5.8,92.4,1008.5,1.0,2.1,123.3,249.2098,52.155,,-0.7,0.024,0.6
2023-04-13 14:00:00,-5.7,92.1,1008.4,1.3,2.4,133.1,352.6123,74.0975,0.21,0.5,0.026,4.4
2023-04-13 14:30:00,-5.3,91.8,1008.4,1.7,2.2,131.3,473.8681,100.2469,0.211,2.3,0.025,6.3
2023-04-13 15:00:00,-5.5,92.0,1008.3,1.5,1.9,166.9,413.6883,82.9383,0.2,1.9,0.024,4.2
2023-04-13 15:30:00,-5.2,92.2,1008.3,1.3,2.0,163.8,434.5022,87.9006,0.202,2.6,0.022,6.5
2023-04-13 16:00:00,-5.2,92.2,1008.4,1.5,2.0,157.2,395.3636,76.8577,0.194,2.2,0.021,4.1
2023-04-13 16:30:00,-5.2,92.3,1008.4,1.3,1.9,159.9,383.9999,75.1042,0.196,2.3,0.022,5.2
2023-04-13 17:00:00,-5.1,92.3,1008.5,1.3,1.8,161.8,366.8038,71.9802,0.196,2.2,0.019,4.9
2023-04-13 17:30:00,-5.0,92.3,1008.6,1.4,2.0,164.2,333.1744,64.664,0.194,1.8,0.021,3.2
2023-04-13 18:00:00,-5.0,92.6,1008.8,1.2,1.8,166.2,277.2633,52.1697,0.188,1.2,0.02,2.1
2023-04-13 18:30:00,-4.9,92.7,1008.9,1.0,1.6,183.2,257.9085,49.1695,,0.9,0.017,2.4
2023-04-13 19:00:00,-4.5,92.8,1009.0,2.0,2.9,238.1,273.0659,53.8973,,0.7,0.016,2.5
2023-04-13 19:30:00,-4.4,92.1,1009.1,2.3,3.2,254.1,276.2594,56.815,,0.2,0.018,3.5
2023-04-13 20:00:00,-4.4,91.5,1009.2,2.4,3.4,250.1,215.5832,44.9511,,-0.8,0.016,3.2
2023-04-13 20:30:00,-4.3,91.1,1009.3,2.1,3.4,250.4,186.3087,40.4234,,-1.4,0.016,1.8
2023-04-13 21:00:00,-4.6,91.5,1009.5,2.3,3.1,241.5,142.3598,30.0238,,-1.9,0.016,-1.0
2023-04-13 21:30:00,-4.7,92.1,1009.8,2.4,3.2,249.5,76.2154,15.0601,,-2.4,0.016,-2.6
2023-04-13 22:00:00,-4.8,91.7,1009.8,1.6,2.9,251.3,69.5404,14.9134,,-3.1,0.017,-1.3
2023-04-13 22:30:00,-4.7,91.0,1010.0,1.1,1.7,251.4,43.1748,8.9863,,-3.7,0.023,-3.8
2023-04-13 23:00:00,-4.8,90.8,1010.1,0.8,1.6,280.8,22.4745,5.4314,,-4.1,0.023,-4.8
2023-04-13 23:30:00,-5.1,91.4,1010.2,0.4,0.7,42.3,5.1275,1.548,,-4.8,0.022,-5.8
2023-04-14 00:00:00,-5.2,92.0,1010.5,0.3,0.7,4.4,0.0,0.0678,,-4.9,0.023,-6.0
2023-04-14 00:30:00,-5.1,91.4,1010.7,0.5,0.9,295.9,0.0,0.0,,-4.8,0.023,-5.6
2023-04-14 01:00:00,-4.9,90.6,1010.9,0.9,2.1,303.9,0.0,0.0,,-4.8,0.023,-5.4
2023-04-14 01:30:00,-4.7,88.4,1011.1,1.8,2.7,308.3,0.0,0.0,,-4.7,0.024,-5.0
2023-04-14 02:00:00,-4.8,83.7,1011.3,0.9,2.2,333.6,0.0,0.0,,-5.6,0.023,-6.5
2023-04-14 02:30:00,-5.3,87.9,1011.4,0.5,1.1,319.5,0.0,0.0,,-6.2,0.023,-7.2
2023-04-14 03:00:00,-5.5,89.6,1011.6,0.4,0.9,348.0,0.0,0.0,,-6.4,0.024,-7.6
2023-04-14 03:30:00,-5.4,86.9,1011.7,0.8,1.4,339.3,0.0,0.0,,-6.6,0.022,-7.6
2023-04-14 04:00:00,-5.8,87.7,1012.0,0.5,0.9,16.8,0.0,0.0,,-7.2,0.023,-8.1
2023-04-14 04:30:00,-5.4,83.1,1012.2,0.7,1.2,326.4,0.0,0.0,,-7.1,0.022,-7.7
2023-04-14 05:00:00,-5.6,80.5,1012.5,0.9,1.5,338.3,0.0,0.0,,-7.3,0.021,-8.2
2023-04-14 05:30:00,-5.2,79.7,1012.7,2.3,3.5,37.0,0.0,0.0,,-6.5,0.025,-5.9
2023-04-14 06:00:00,-5.0,82.6,1012.9,1.5,2.5,22.8,0.0,0.0,,-6.6,0.025,-6.8
2023-04-14 06:30:00,-5.6,79.3,1013.0,0.6,1.2,327.2,0.0,0.0,,-7.7,0.023,-8.1
2023-04-14 07:00:00,-5.7,79.5,1013.3,2.0,4.0,19.5,0.0,0.0,,-7.2,0.026,-5.9
2023-04-14 07:30:00,-5.0,86.1,1013.6,1.3,2.7,40.6,0.0,0.0,,-6.5,0.025,-5.9
2023-04-14 08:00:00,-5.3,89.8,1013.9,2.1,4.6,54.5,1.8406,0.2079,,-5.9,0.025,-4.9
2023-04-14 08:30:00,-5.6,95.2,1014.3,2.8,4.2,84.7,9.4871,0.8901,,-4.8,0.027,-4.9
2023-04-14 09:00:00,-6.1,95.0,1014.6,2.4,3.7,83.5,17.8841,2.5356,,-4.9,0.027,-4.9
2023-04-14 09:30:00,-6.2,94.5,1014.7,2.2,3.1,117.5,35.2599,6.0892,,-4.7,0.027,-4.6
2023-04-14 10:00:00,-6.4,94.0,1014.9,1.3,1.9,49.8,60.8224,13.108,,-4.3,0.029,-4.4
2023-04-14 10:30:00,-6.4,93.6,1015.0,1.9,5.6,55.8,82.6856,18.5931,,-3.9,0.028,-3.8
2023-04-14 11:00:00,-6.5,93.0,1015.1,1.2,3.9,88.2,100.9075,24.232,,-3.9,0.027,-3.0
2023-04-14 11:30:00,-6.1,92.4,1015.2,0.9,1.4,158.7,241.6542,66.8347,,-2.1,0.024,2.8
2023-04-14 12:00:00,-5.8,91.5,1015.1,0.9,1.3,182.1,344.9417,99.0654,,-0.2,0.017,6.9
2023-04-14 12:30:00,-5.7,91.6,1015.1,1.5,2.5,236.9,363.7953,95.5238,,0.2,0.021,5.3
2023-04-14 13:00:00,-5.0,92.0,1015.2,2.1,3.9,247.2,430.1964,107.8373,,1.0,0.02,6.5
2023-04-14 13:30:00,-4.6,91.7,1015.3,2.7,3.8,257.9,480.8168,113.4074,,1.6,0.018,7.1
2023-04-14 14:00:00,-4.2,91.3,1015.2,2.6,4.3,250.9,516.0397,117.1382,0.227,2.4,0.017,8.3
2023-04-14 14:30:00,-3.7,88.5,1015.2,2.2,3.0,240.5,538.8331,119.0609,0.221,3.4,0.017,9.8
2023-04-14 15:00:00,-2.9,84.1,1015.0,2.3,2.9,238.5,553.9321,119.0447,0.215,4.2,0.017,10.6
2023-04-14 15:30:00,-2.2,77.3,1014.9,2.6,3.5,249.7,561.7241,117.9744,0.21,4.6,0.015,11.3
2023-04-14 16:00:00,-1.8,74.0,1014.6,2.8,3.5,245.2,562.894,116.2629,0.207,4.6,0.015,11.1
2023-04-14 16:30:00,-1.5,69.8,1014.5,2.5,3.2,249.0,556.7381,114.7656,0.206,4.9,0.014,12.2
2023-04-14 17:00:00,-1.2,70.0,1014.3,2.5,3.1,248.3,543.596,111.8955,0.206,5.0,0.013,13.1
2023-04-14 17:30:00,-0.5,69.5,1014.1,2.3,3.5,255.6,522.8033,107.7794,0.206,5.2,0.013,13.5
2023-04-14 18:00:00,-0.9,73.8,1014.0,2.5,3.7,266.4,495.9487,102.5774,0.207,4.4,0.015,12.9
2023-04-14 18:30:00,-1.0,76.5,1013.8,2.5,3.4,247.5,463.3366,95.5877,,4.0,0.018,11.6
2023-04-14 19:00:00,-1.1,79.3,1013.7,2.5,3.6,250.2,424.9946,88.2732,,3.3,0.018,12.9
2023-04-14 19:30:00,-1.3,80.2,1013.6,2.8,3.8,256.3,380.7953,81.2043,,2.4,0.02,12.0
2023-04-14 20:00:00,-1.6,81.7,1013.5,2.7,4.1,252.4,333.7202,72.6336,,1.5,0.022,11.4
2023-04-14 20:30:00,-1.4,79.4,1013.4,3.2,4.6,273.3,283.3075,63.0128,,0.7,0.021,10.6
2023-04-14 21:00:00,-1.7,81.0,1013.3,2.6,3.9,260.9,230.8402,52.0368,,0.0,0.021,10.0
2023-04-14 21:30:00,-1.6,79.1,1013.1,1.7,3.3,273.1,178.0205,40.0896,,-0.4,0.021,9.7
2023-04-14 22:00:00,-1.6,79.2,1012.9,1.7,2.4,258.2,126.7871,27.1667,,-1.0,0.022,4.3
2023-04-14 22:30:00,-2.1,80.6,1012.7,1.7,2.9,271.7,34.1418,5.4157,,-2.3,0.025,-2.0
2023-04-14 23:00:00,-2.5,82.0,1012.5,1.4,2.4,291.8,12.2609,2.3633,,-3.0,0.025,-3.0
2023-04-14 23:30:00,-2.8,81.4,1012.4,1.0,1.9,287.2,3.9709,0.9897,,-3.9,0.021,-4.7
2023-04-15 00:00:00,-3.3,82.0,1012.3,0.6,1.2,57.6,0.0,0.0,,-4.9,0.021,-6.1
2023-04-15 00:30:00,-3.7,83.4,1012.1,0.5,1.1,18.5,0.0,0.0,,-5.3,0.024,-6.5
2023-04-15 01:00:00,-3.9,84.0,1012.1,0.4,0.9,359.9,0.0,0.0,,-5.6,0.024,-6.7
2023-04-15 01:30:00,-4.1,84.0,1011.9,0.5,0.9,71.4,0.0,0.0,,-5.8,0.024,-6.9
2023-04-15 02:00:00,-4.4,84.5,1011.8,0.5,1.0,97.7,0.0,0.0,,-6.1,0.023,-7.0
2023-04-15 02:30:00,-4.2,80.8,1011.4,0.5,1.0,359.0,0.0,0.0,,-6.1,0.024,-7.1
2023-04-15 03:00:00,-4.4,81.2,1011.2,0.4,0.9,147.0,0.0,0.0,,-6.4,0.024,-7.2
2023-04-15 03:30:00,-4.8,84.1,1011.0,0.4,0.9,65.7,0.0,0.0,,-6.7,0.024,-7.6
2023-04-15 04:00:00,-4.6,80.3,1010.7,0.5,1.3,13.3,0.0,0.0,,-6.7,0.024,-7.4
2023-04-15 04:30:00,-4.7,78.4,1010.5,0.4,0.8,331.3,0.0,0.0,,-6.8,0.025,-7.8
2023-04-15 05:00:00,-5.0,78.4,1010.4,0.3,0.8,53.2,0.0,0.0,,-7.2,0.024,-8.1
2023-04-15 05:30:00,-4.7,75.2,1010.4,0.4,1.0,19.0,0.0,0.0,,-7.2,0.024,-8.2
2023-04-15 06:00:00,-5.1,79.8,1010.4,0.3,1.0,45.4,0.0,0.0,,-7.4,0.024,-8.4
2023-04-15 06:30:00,-4.5,75.5,1010.4,0.7,2.1,1.1,0.0,0.0,,-7.3,0.025,-7.0
2023-04-15 07:00:00,-3.7,71.2,1010.5,0.7,2.1,345.4,0.0,0.0,,-6.8,0.024,-6.8
2023-04-15 07:30:00,-4.1,75.5,1010.5,0.5,1.7,1.7,0.0,0.0,,-7.4,0.026,-6.8
2023-04-15 08:00:00,-3.6,70.2,1010.5,0.8,2.4,358.8,2.2379,0.4683,,-7.0,0.024,-7.0
2023-04-15 08:30:00,-3.0,65.6,1010.5,1.2,2.4,33.7,10.3399,1.996,,-6.5,0.022,-6.0
2023-04-15 09:00:00,-5.1,78.4,1010.5,0.7,1.3,68.8,19.5851,3.8189,,-7.1,0.025,-6.7
2023-04-15 09:30:00,-4.0,71.6,1010.4,0.6,1.3,347.7,63.001,14.958,,-6.3,0.023,-2.7
2023-04-15 10:00:00,-3.0,68.2,1010.5,0.5,1.2,8.7,144.5982,42.5007,,-3.9,0.02,3.9
2023-04-15 10:30:00,-2.1,67.7,1010.4,0.3,0.6,12.9,196.966,53.8415,,-2.3,0.018,8.8
2023-04-15 11:00:00,-1.1,62.3,1010.5,1.0,2.1,100.1,250.0276,63.7615,,-0.7,0.018,8.7
2023-04-15 11:30:00,-1.6,63.6,1010.5,1.7,2.8,81.4,303.4704,73.5427,,0.2,0.021,9.1
2023-04-15 12:00:00,-1.6,63.0,1010.5,1.9,2.9,85.8,355.6351,82.7603,,1.3,0.021,10.3
2023-04-15 12:30:00,-1.6,64.1,1010.4,2.4,3.5,94.4,403.892,89.7092,,2.0,0.024,10.3
2023-04-15 13:00:00,-1.5,64.5,1010.4,2.2,3.6,104.7,447.9924,96.1445,,3.1,0.022,11.0
2023-04-15 13:30:00,-1.6,66.0,1010.3,2.2,3.3,117.0,485.6837,101.1188,,3.8,0.025,11.9
2023-04-15 14:00:00,-1.8,69.0,1010.4,2.1,3.1,140.6,515.3663,103.8969,0.202,4.4,0.022,12.2
2023-04-15 14:30:00,-1.6,67.0,1010.3,1.9,2.8,142.7,537.8194,106.5897,0.198,5.2,0.025,12.6
2023-04-15 15:00:00,-1.7,69.2,1010.3,1.7,2.3,153.7,554.2383,108.2431,0.195,5.8,0.022,13.6
2023-04-15 15:30:00,-1.7,71.0,1010.1,1.7,2.4,182.0,564.0457,109.6753,0.194,6.1,0.02,13.6
2023-04-15 16:00:00,-1.5,65.9,1010.0,1.4,1.8,193.3,566.3129,110.0566,0.194,6.5,0.02,14.3
2023-04-15 16:30:00,-1.1,58.6,1010.0,1.5,3.1,202.5,560.3187,108.9641,0.194,6.6,0.024,13.7
2023-04-15 17:00:00,-1.4,64.3,1009.8,3.1,3.7,246.4,547.4542,105.3558,0.192,4.9,0.023,12.1
2023-04-15 17:30:00,-1.3,67.7,1009.7,2.8,3.6,247.9,527.4981,102.2479,0.194,4.7,0.023,11.5
2023-04-15 18:00:00,-1.2,69.5,1009.7,3.0,3.9,246.7,500.8814,97.5187,0.195,4.2,0.022,12.5
2023-04-15 18:30:00,-1.1,69.1,1009.7,3.5,4.9,254.7,468.1655,91.4287,,3.4,0.022,11.2
2023-04-15 19:00:00,-1.0,68.8,1009.6,3.1,4.7,255.2,429.4214,84.9733,,3.0,0.023,12.4
2023-04-15 19:30:00,-1.1,67.0,1009.4,3.5,4.7,256.3,386.0244,78.4474,,2.2,0.022,11.5
2023-04-15 20:00:00,-1.2,68.3,1009.4,3.0,4.5,258.1,338.889,71.001,,1.6,0.022,11.4
2023-04-15 20:30:00,-1.4,70.0,1009.5,2.9,4.1,258.4,288.6371,62.3057,,0.8,0.023,10.3
2023-04-15 21:00:00,-1.3,70.9,1009.6,2.2,3.0,254.9,235.1905,51.3825,,0.3,0.022,10.2
2023-04-15 21:30:00,-1.3,73.0,1009.7,1.9,2.7,276.6,182.8557,39.5401,,-0.3,0.023,9.7
2023-04-15 22:00:00,-1.5,72.0,1009.5,1.7,2.3,283.2,131.5908,27.226,,-1.0,0.023,5.0
2023-04-15 22:30:00,-1.8,72.5,1009.4,1.0,2.3,298.0,37.1701,5.7847,,-2.6,0.022,-2.7
2023-04-15 23:00:00,-2.2,74.2,1009.5,0.9,1.5,328.0,12.8452,2.1149,,-3.7,0.021,-4.6
2023-04-15 23:30:00,-2.3,74.1,1009.6,0.6,1.1,8.5,4.2183,0.7235,,-4.4,0.02,-5.8
2023-04-16 00:00:00,-2.5,72.8,1009.6,0.4,0.8,20.5,0.0,0.0,,-5.0,0.02,-6.4
2023-04-16 00:30:00,-2.7,73.6,1009.7,0.5,1.0,353.7,0.0,0.0,,-5.2,0.02,-6.7
2023-04-16 01:00:00,-2.6,71.8,1009.7,0.5,0.8,359.6,0.0,0.0,,-5.4,0.021,-6.7
2023-04-16 01:30:00,-2.7,64.1,1009.8,1.0,1.7,349.8,0.0,0.0,,-5.4,0.02,-6.3
2023-04-16 02:00:00,-2.4,61.3,1009.8,1.1,1.9,355.6,0.0,0.0,,-5.4,0.019,-6.0
2023-04-16 02:30:00,-2.6,57.8,1009.6,1.3,1.8,334.1,0.0,0.0,,-5.6,0.021,-6.1
2023-04-16 03:00:00,-3.2,61.3,1009.6,1.0,2.0,344.8,0.0,0.0,,-5.9,0.023,-6.3
2023-04-16 03:30:00,-3.1,66.4,1009.7,1.2,1.8,342.5,0.0,0.0,,-6.0,0.021,-6.2
2023-04-16 04:00:00,-2.8,75.5,1009.6,0.6,1.2,15.2,0.0,0.0,,-6.0,0.017,-6.6
2023-04-16 04:30:00,-3.0,73.6,1009.5,1.1,1.4,0.3,0.0,0.0,,-6.0,0.019,-6.3
2023-04-16 05:00:00,-3.6,67.9,1009.4,1.5,2.0,345.3,0.0,0.0,,-6.0,0.021,-6.1
2023-04-16 05:30:00,-3.4,64.9,1009.4,1.2,2.6,351.9,0.0,0.0,,-6.3,0.02,-5.2
2023-04-16 06:00:00,-2.2,52.7,1009.4,1.6,3.4,24.9,0.0,0.0,,-5.5,0.023,-4.0
2023-04-16 06:30:00,-2.5,54.6,1009.7,2.0,3.0,45.5,0.0,0.0,,-5.7,0.021,-4.8
2023-04-16 07:00:00,-2.8,56.2,1009.8,2.3,4.1,51.2,0.0,0.0,,-5.7,0.02,-4.9
2023-04-16 07:30:00,-4.1,67.6,1010.3,3.2,5.2,61.0,0.0,0.0,,-5.7,0.021,-5.1
2023-04-16 08:00:00,-4.8,83.4,1010.5,3.0,4.1,54.3,4.1983,0.0,,-4.6,0.022,-4.3
2023-04-16 08:30:00,-4.8,85.0,1010.5,2.4,3.2,58.6,13.8474,1.9081,,-4.5,0.026,-4.4
2023-04-16 09:00:00,-4.9,82.8,1010.4,1.4,3.5,42.0,23.1366,4.2029,,-5.7,0.025,-4.9
2023-04-16 09:30:00,-3.9,77.8,1010.5,1.5,2.8,23.1,74.858,15.6352,,-5.0,0.025,-0.2
2023-04-16 10:00:00,-2.7,75.3,1010.5,1.3,2.1,14.6,147.1901,39.9997,,-2.9,0.023,5.2
2023-04-16 10:30:00,-2.6,72.2,1010.5,0.8,2.2,284.9,199.489,51.2628,,-1.7,0.018,5.7
2023-04-16 11:00:00,-4.5,88.3,1010.7,1.6,2.2,232.5,251.5045,60.4744,,-1.4,0.022,3.9
2023-04-16 11:30:00,-4.8,92.6,1010.8,2.0,3.4,239.7,196.1451,36.4921,,-1.2,0.023,-0.8
2023-04-16 12:00:00,-5.1,95.0,1010.8,2.2,3.3,246.7,210.7846,37.8741,,-1.2,0.021,-0.9
2023-04-16 12:30:00,-5.0,95.0,1010.7,2.6,3.5,240.8,252.3447,45.0459,,-0.8,0.022,-0.2
2023-04-16 13:00:00,-5.0,94.8,1010.5,2.9,4.2,252.0,258.8445,45.5706,,-0.7,0.022,-0.2
2023-04-16 13:30:00,-4.9,94.6,1010.4,3.0,4.2,251.5,289.922,50.6205,,-0.2,0.022,0.3
2023-04-16 14:00:00,-4.7,94.2,1010.3,2.9,3.9,250.3,339.203,58.8774,0.174,0.7,0.022,1.3
2023-04-16 14:30:00,-4.3,93.6,1010.2,2.8,3.8,254.9,362.3071,63.2732,0.174,1.4,0.022,3.4
2023-04-16 15:00:00,-3.8,92.1,1010.0,3.1,4.3,241.9,543.7355,102.0006,0.187,3.8,0.023,9.7
2023-04-16 15:30:00,-3.1,88.0,1009.6,3.1,4.4,255.1,586.8311,110.6983,0.189,4.8,0.027,10.8
2023-04-16 16:00:00,-2.4,76.1,1009.4,3.4,4.4,255.9,582.3788,108.6843,0.187,4.5,0.026,10.6
2023-04-16 16:30:00,-2.2,73.5,1009.2,3.1,3.9,256.9,553.4543,103.4346,0.187,4.5,0.027,10.9
2023-04-16 17:00:00,-2.2,73.7,1009.1,3.3,4.7,249.4,555.9608,104.231,0.187,4.4,0.025,11.4
2023-04-16 17:30:00,-2.3,72.6,1009.0,2.8,4.6,240.3,536.3926,101.362,0.189,4.7,0.025,9.5
2023-04-16 18:00:00,-2.4,72.2,1008.9,2.5,3.5,230.2,512.6683,97.6993,0.191,4.4,0.026,13.5
2023-04-16 18:30:00,-2.4,71.7,1008.8,1.7,2.1,177.0,469.7728,90.006,,4.5,0.025,13.2
2023-04-16 19:00:00,-2.3,71.9,1008.7,1.5,2.2,165.7,442.0404,85.6329,,4.2,0.024,15.1
2023-04-16 19:30:00,-2.2,71.1,1008.6,1.4,2.1,165.8,398.4721,79.6165,,3.5,0.025,14.9
2023-04-16 20:00:00,-2.1,71.1,1008.5,1.2,1.8,142.6,354.8483,73.2937,,2.8,0.025,14.9
2023-04-16 20:30:00,-2.3,72.4,1008.5,1.9,2.6,115.3,304.318,64.4007,,1.5,0.026,12.6
2023-04-16 21:00:00,-2.5,72.4,1008.5,2.0,2.7,100.6,210.3367,44.2627,,-0.2,0.026,6.5
2023-04-16 21:30:00,-2.6,73.7,1008.5,2.2,3.1,93.0,187.6235,39.6646,,-0.9,0.025,8.8
2023-04-16 22:00:00,-2.8,74.8,1008.4,2.4,3.6,91.4,135.9874,27.5077,,-1.8,0.024,3.4
2023-04-16 22:30:00,-3.2,77.1,1008.5,2.7,3.3,109.9,43.2868,6.7644,,-3.1,0.024,-3.2
2023-04-16 23:00:00,-3.7,80.8,1008.5,3.0,4.5,101.4,17.7015,2.871,,-3.8,0.023,-4.0
2023-04-16 23:30:00,-3.8,79.9,1008.4,2.5,3.5,87.3,8.2313,1.2632,,-3.6,0.023,-3.8
2023-04-17 00:00:00,-3.7,78.5,1008.5,3.2,4.4,105.6,1.0058,0.0,,-3.1,0.023,-3.3
2023-04-17 00:30:00,-3.7,75.3,1008.6,3.3,4.4,113.5,0.0,0.0,,-2.9,0.023,-3.3
2023-04-17 01:00:00,-3.7,75.2,1008.5,2.4,3.6,107.3,0.0,0.0,,-2.9,0.025,-3.4
2023-04-17 01:30:00,-3.7,74.2,1008.4,1.7,2.4,98.8,0.0,0.0,,-2.9,0.026,-3.4
2023-04-17 02:00:00,-3.6,71.8,1008.4,1.5,2.7,98.4,0.0,0.0,,-2.9,0.026,-3.3
2023-04-17 02:30:00,-3.5,66.6,1008.3,1.0,2.7,68.2,0.0,0.0,,-2.9,0.024,-3.3
2023-04-17 03:00:00,-3.5,68.0,1008.1,1.5,2.2,328.8,0.0,0.0,,-2.9,0.023,-3.2
2023-04-17 03:30:00,-3.5,66.9,1007.9,1.3,2.2,332.9,0.0,0.0,,-2.9,0.023,-3.2
2023-04-17 04:00:00,-3.5,65.5,1007.6,1.7,2.9,336.3,0.0,0.0,,-3.0,0.023,-3.2
2023-04-17 04:30:00,-3.8,67.9,1007.4,2.7,5.5,8.3,0.0,0.0,,-3.3,0.022,-3.5
2023-04-17 05:00:00,-3.9,66.4,1007.1,2.7,3.6,353.3,0.0,0.0,,-3.4,0.022,-3.5
2023-04-17 05:30:00,-4.1,66.7,1006.8,3.8,6.3,346.6,0.0,0.0,,-3.6,0.022,-3.7
2023-04-17 06:00:00,-4.2,66.5,1006.6,3.8,6.4,336.1,0.0,0.0,,-3.7,0.022,-3.9
2023-04-17 06:30:00,-4.5,67.1,1006.5,5.0,7.5,337.8,0.0,0.0,,-4.0,0.021,-4.1
2023-04-17 07:00:00,-4.8,67.0,1006.3,5.2,9.4,345.9,0.0,0.0,,-4.2,0.021,-4.4
2023-04-17 07:30:00,-5.0,67.8,1006.2,5.5,8.8,349.5,0.0,0.0,,-4.5,0.022,-4.4
2023-04-17 08:00:00,-5.2,67.5,1006.1,5.3,8.8,347.9,4.5308,0.0168,,-4.7,0.021,-5.0
2023-04-17 08:30:00,-5.9,70.3,1005.9,6.6,9.2,348.9,16.1086,2.1142,,-5.2,0.021,-5.1
2023-04-17 09:00:00,-5.6,69.0,1005.8,6.4,9.2,334.6,34.8495,5.5054,,-4.8,0.021,-4.5
2023-04-17 09:30:00,-5.5,68.6,1005.8,6.3,12.0,335.2,53.8415,8.6425,,-4.6,0.02,-4.3
2023-04-17 10:00:00,-5.7,69.3,1005.9,6.2,9.9,344.9,78.1604,12.8151,,-4.5,0.022,-4.1
2023-04-17 10:30:00,-5.7,69.7,1006.0,6.8,9.3,340.8,109.3285,18.5933,,-4.3,0.022,-3.6
2023-04-17 11:00:00,-5.7,69.8,1005.9,6.5,10.0,344.3,154.1437,26.984,,-3.9,0.021,-3.2
2023-04-17 11:30:00,-5.6,69.8,1005.9,6.2,9.5,341.7,176.1815,30.3863,,-3.5,0.02,-2.9
2023-04-17 12:00:00,-5.6,69.8,1005.8,6.9,9.0,352.3,195.2256,33.163,,-3.3,0.018,-2.4
2023-04-17 12:30:00,-5.2,68.6,1005.8,6.0,9.2,355.2,211.7515,35.9524,,-2.6,0.018,-1.3
2023-04-17 13:00:00,-4.7,67.4,1005.7,5.2,8.3,356.7,230.7052,39.1493,,-1.8,0.018,-0.5
2023-04-17 13:30:00,-4.3,66.5,1005.7,4.3,7.0,355.8,288.8953,50.1095,,-0.7,0.016,1.0
2023-04-17 14:00:00,-4.1,65.7,1005.8,4.3,7.0,354.9,301.2637,51.5471,0.171,-0.2,0.016,1.2
2023-04-17 14:30:00,-4.1,66.3,1005.7,4.1,7.7,352.9,306.1998,52.1781,0.17,0.1,0.02,1.1
2023-04-17 15:00:00,-3.8,65.1,1005.7,3.2,5.4,352.1,352.325,60.4158,0.171,1.2,0.017,3.8
2023-04-17 15:30:00,-3.3,64.1,1005.5,2.3,4.3,344.6,368.8496,63.177,0.171,2.4,0.016,3.9
2023-04-17 16:00:00,-3.2,63.5,1005.5,2.7,4.2,336.7,367.2308,62.5804,0.17,2.6,0.018,4.3
2023-04-17 16:30:00,-3.1,64.6,1005.3,2.2,3.8,331.1,396.5598,68.5908,0.173,3.2,0.015,6.0
2023-04-17 17:00:00,-2.8,64.4,1005.2,2.1,4.5,320.9,429.7294,75.1917,0.175,4.1,0.016,6.6
2023-04-17 17:30:00,-2.9,64.5,1005.1,2.1,3.9,75.1,357.8832,60.9443,0.17,3.4,0.016,5.0
2023-04-17 18:00:00,-3.0,69.1,1005.0,2.1,3.9,265.8,317.1733,53.7855,0.17,2.8,0.017,3.9
2023-04-17 18:30:00,-3.1,70.3,1005.0,2.1,3.0,251.5,287.6376,49.395,,2.0,0.018,2.9
2023-04-17 19:00:00,-3.2,70.3,1005.1,1.8,2.6,261.2,219.3918,37.3961,,0.7,0.019,2.3
2023-04-17 19:30:00,-3.2,69.7,1005.1,1.6,2.9,250.2,196.0156,33.109,,0.2,0.018,1.3
2023-04-17 20:00:00,-3.2,67.6,1005.1,1.5,2.7,242.1,158.1742,26.5898,,-0.4,0.019,1.2
2023-04-17 20:30:00,-2.8,64.4,1005.0,1.5,2.9,247.8,217.4061,42.1858,,0.0,0.019,8.8
2023-04-17 21:00:00,-2.8,61.2,1004.8,2.1,6.5,351.9,239.9007,50.1016,,-0.4,0.017,9.6
2023-04-17 21:30:00,-3.1,60.8,1004.8,2.0,3.7,1.0,196.8137,41.4345,,-1.3,0.017,8.5
2023-04-17 22:00:00,-3.3,61.6,1004.8,2.8,4.9,34.8,142.0704,28.4379,,-2.4,0.018,2.4
2023-04-17 22:30:00,-3.4,63.8,1004.9,1.3,3.2,9.7,43.8955,6.6376,,-3.9,0.02,-3.8
2023-04-17 23:00:00,-4.0,68.9,1005.1,0.8,1.6,118.5,16.8409,2.6067,,-5.2,0.019,-5.1
2023-04-17 23:30:00,-4.0,64.2,1005.3,2.2,3.6,16.8,7.934,1.3104,,-5.1,0.019,-5.0
2023-04-18 00:00:00,-4.1,63.8,1005.5,1.8,2.8,23.2,0.5636,0.1921,,-5.5,0.018,-5.1
2023-04-18 00:30:00,-4.0,61.8,1005.9,2.7,4.8,7.0,0.0,0.0,,-5.4,0.017,-5.3
2023-04-18 01:00:00,-4.1,62.2,1006.1,2.4,3.2,34.4,0.0,0.0,,-5.7,0.016,-5.2
2023-04-18 01:30:00,-4.4,63.5,1006.4,1.8,2.9,27.1,0.0,0.0,,-5.7,0.016,-5.3
2023-04-18 02:00:00,-4.4,64.8,1006.6,1.9,2.8,37.3,0.0,0.0,,-5.6,0.017,-5.1
2023-04-18 02:30:00,-4.5,65.3,1006.8,2.2,3.3,11.4,0.0,0.0,,-5.9,0.016,-5.3
2023-04-18 03:00:00,-4.5,66.9,1007.1,1.9,3.1,7.5,0.0,0.0,,-6.1,0.017,-5.4
2023-04-18 03:30:00,-4.5,66.6,1007.3,2.0,3.1,31.3,0.0,0.0,,-5.4,0.017,-4.5
2023-04-18 04:00:00,-4.3,68.0,1007.5,2.0,3.0,38.9,0.0,0.0,,-4.6,0.015,-4.1
2023-04-18 04:30:00,-4.2,68.8,1007.7,1.7,2.6,54.6,0.0,0.0,,-4.2,0.013,-4.0
2023-04-18 05:00:00,-4.1,70.0,1007.8,1.4,2.5,37.4,0.0,0.0,,-4.1,0.014,-3.9
2023-04-18 05:30:00,-4.0,69.4,1008.1,1.2,2.2,49.9,0.0,0.0,,-4.0,0.013,-3.8
2023-04-18 06:00:00,-4.0,70.1,1008.4,1.3,2.3,32.5,0.0,0.0,,-4.0,0.013,-3.8
2023-04-18 06:30:00,-4.0,71.3,1008.7,0.8,1.3,30.5,0.0,0.0,,-4.0,0.014,-3.8
2023-04-18 07:00:00,-3.9,71.6,1008.9,0.8,1.3,7.5,0.0,0.0,,-4.0,0.014,-3.8
2023-04-18 07:30:00,-3.9,72.0,1009.1,0.6,1.7,44.9,0.1092,0.0,,-3.9,0.014,-3.8
2023-04-18 08:00:00,-3.8,70.6,1009.4,0.8,2.2,52.9,6.9422,0.8485,,-3.7,0.014,-3.4
2023-04-18 08:30:00,-3.6,70.1,1009.8,0.8,1.1,38.9,20.6488,3.4117,,-3.3,0.013,-3.0
2023-04-18 09:00:00,-3.6,71.2,1010.0,1.2,1.8,55.6,30.3923,4.8488,,-3.0,0.013,-2.7
2023-04-18 09:30:00,-3.6,70.3,1010.2,1.3,2.2,50.8,48.3396,7.8509,,-2.7,0.011,-2.2
2023-04-18 10:00:00,-3.7,69.7,1010.5,1.5,3.6,38.2,55.9442,8.8808,,-2.5,0.011,-2.0
2023-04-18 10:30:00,-3.4,73.0,1010.7,0.8,1.3,281.4,67.6515,10.8476,,-1.9,0.011,-1.6
2023-04-18 11:00:00,-3.5,73.2,1010.9,0.8,1.3,145.9,72.3657,11.706,,-1.6,0.011,-1.6
2023-04-18 11:30:00,-3.5,74.5,1011.2,0.8,1.9,242.7,78.4222,12.4301,,-1.5,0.011,-1.4
2023-04-18 12:00:00,-3.4,76.0,1011.6,1.2,1.6,235.3,88.5488,13.8856,,-1.3,0.013,-1.0
2023-04-18 12:30:00,-3.3,75.7,1011.8,1.2,1.9,227.0,125.68,20.1264,,-0.6,0.012,-0.5
2023-04-18 13:00:00,-3.2,74.9,1011.8,1.4,1.9,238.6,137.9782,22.1442,,-0.2,0.013,-0.1
2023-04-18 13:30:00,-3.1,72.8,1011.8,1.1,1.8,265.9,160.003,25.8408,,0.3,0.014,0.8
2023-04-18 14:00:00,-2.9,71.9,1011.8,0.9,1.7,212.6,191.0446,31.1684,0.163,1.1,0.015,1.6
2023-04-18 14:30:00,-2.9,68.5,1011.9,1.6,3.3,93.2,157.9951,25.0017,0.158,0.5,0.016,0.7
2023-04-18 15:00:00,-3.0,69.9,1011.9,1.2,1.9,72.1,155.5018,24.745,0.159,0.5,0.016,0.6
2023-04-18 15:30:00,-2.9,67.2,1011.9,0.9,1.8,179.3,167.8632,26.7283,0.159,0.9,0.015,1.1
2023-04-18 16:00:00,-3.0,72.0,1011.9,1.2,1.8,171.7,171.5837,27.1625,0.158,1.0,0.017,0.9
2023-04-18 16:30:00,-2.8,69.1,1011.9,1.3,3.3,122.3,168.1584,26.5942,0.158,0.9,0.016,1.0
2023-04-18 17:00:00,-2.7,67.9,1012.0,1.2,1.9,245.1,145.0151,22.617,0.156,0.7,0.016,0.3
2023-04-18 17:30:00,-2.9,70.0,1012.1,2.0,4.1,239.5,124.3031,18.9678,0.153,0.0,0.016,-0.4
2023-04-18 18:00:00,-3.0,70.6,1012.2,2.3,3.9,246.2,153.2313,24.0061,0.156,0.1,0.017,0.4
2023-04-18 18:30:00,-3.0,73.8,1012.5,3.1,4.3,254.4,156.0472,24.4295,,-0.1,0.017,-0.2
2023-04-18 19:00:00,-3.2,77.2,1012.7,3.7,6.0,258.4,156.0507,24.4675,,-0.5,0.016,-0.8
2023-04-18 19:30:00,-3.6,79.3,1012.9,4.1,5.9,259.9,144.2028,22.5801,,-1.1,0.016,-0.9
2023-04-18 20:00:00,-3.6,78.1,1013.3,4.0,6.6,263.7,127.8728,20.1846,,-1.2,0.017,-1.3
2023-04-18 20:30:00,-3.5,76.9,1013.7,3.3,4.4,264.2,84.358,13.0634,,-1.6,0.017,-1.7
2023-04-18 21:00:00,-3.6,76.1,1014.2,2.6,3.9,253.7,70.6408,11.0142,,-1.7,0.017,-1.9
2023-04-18 21:30:00,-3.7,75.2,1014.6,2.8,3.8,238.4,66.6574,10.8837,,-1.9,0.018,-1.3
2023-04-18 22:00:00,-3.7,75.5,1014.9,3.0,4.2,241.3,112.0976,20.2351,,-1.5,0.017,-1.2
2023-04-18 22:30:00,-3.9,76.9,1015.3,2.7,3.7,237.1,99.6053,18.6725,,-1.7,0.017,-1.7
2023-04-18 23:00:00,-4.3,78.3,1015.9,2.3,3.3,223.3,44.8345,8.3478,,-3.1,0.017,-3.5
2023-04-18 23:30:00,-4.6,79.4,1016.4,1.4,2.6,217.4,12.622,2.0359,,-3.7,0.019,-4.0
2023-04-19 00:00:00,-4.7,79.0,1016.8,1.0,2.4,176.0,1.3228,0.0,,-3.7,0.019,-4.2
2023-04-19 00:30:00,-4.7,80.4,1017.3,1.9,3.6,161.4,0.0,0.0,,-3.9,0.019,-4.3
2023-04-19 01:00:00,-4.9,81.0,1017.7,1.7,2.8,153.0,0.0,0.0,,-4.2,0.02,-4.5
2023-04-19 01:30:00,-4.9,81.2,1018.1,1.2,2.1,91.1,0.0,0.0,,-4.1,0.02,-4.4
2023-04-19 02:00:00,-4.8,82.6,1018.6,1.8,4.5,175.3,0.0,0.0,,-4.0,0.018,-4.3
2023-04-19 02:30:00,-5.0,85.2,1019.1,3.0,5.1,234.3,0.0,0.0,,-4.2,0.016,-4.6
2023-04-19 03:00:00,-5.3,87.8,1019.6,3.7,5.7,238.8,0.0,0.0,,-4.5,0.018,-4.8
2023-04-19 03:30:00,-5.6,89.7,1020.1,4.3,6.1,252.8,0.0,0.0,,-4.6,0.02,-4.8
2023-04-19 04:00:00,-5.8,90.4,1020.6,4.2,6.8,256.7,0.0,0.0,,-4.7,0.019,-5.0
2023-04-19 04:30:00,-6.1,90.7,1021.1,4.2,6.4,256.6,0.0,0.0,,-4.9,0.022,-5.2
2023-04-19 05:00:00,-6.3,90.4,1021.6,4.3,6.7,255.9,0.0,0.0,,-5.3,0.024,-5.7
2023-04-19 05:30:00,-6.6,88.9,1021.9,4.4,5.7,260.3,0.0,0.0,,-5.8,0.023,-6.1
2023-04-19 06:00:00,-6.8,87.1,1022.2,5.0,6.7,265.4,0.0,0.0,,-6.2,0.021,-6.4
2023-04-19 06:30:00,-7.0,85.9,1022.7,4.7,6.8,266.4,0.0,0.0,,-6.8,0.02,-6.8
2023-04-19 07:00:00,-7.1,84.0,1023.2,4.5,6.6,271.4,0.0,0.0,,-7.0,0.02,-6.9
2023-04-19 07:30:00,-7.1,82.1,1023.7,4.4,6.1,269.8,0.0,0.6664,,-7.0,0.02,-6.8
2023-04-19 08:00:00,-7.2,84.1,1024.2,4.6,6.5,266.3,6.3205,3.8401,,-7.0,0.019,-6.8
2023-04-19 08:30:00,-7.3,84.8,1024.7,3.8,5.7,271.2,17.8571,10.5006,,-7.0,0.016,-6.6
2023-04-19 09:00:00,-7.3,83.8,1025.1,4.0,5.7,265.4,26.1122,15.582,,-7.0,0.01,-6.6
2023-04-19 09:30:00,-7.3,82.3,1025.4,3.8,5.4,269.2,37.6081,22.4463,,-7.0,0.004,-6.4
2023-04-19 10:00:00,-7.4,81.7,1025.6,3.8,5.3,268.0,46.63,27.5154,,-6.9,0.007,-6.2
2023-04-19 10:30:00,-7.3,79.9,1025.8,3.8,5.7,263.8,71.0242,41.1234,,-6.8,0.014,-5.9
2023-04-19 11:00:00,-7.2,79.8,1026.1,4.0,5.6,259.9,133.7172,75.9729,,-6.3,0.017,-5.0
2023-04-19 11:30:00,-7.1,79.9,1026.4,3.7,4.7,261.8,161.6527,90.7595,,-6.0,0.013,-4.3
2023-04-19 12:00:00,-7.0,79.7,1026.9,3.3,4.8,257.8,199.3117,110.8883,,-5.5,0.015,-3.7
2023-04-19 12:30:00,-6.9,80.0,1027.2,3.0,4.4,246.7,201.5293,110.6096,,-5.1,0.017,-3.5
2023-04-19 13:00:00,-6.8,78.3,1027.7,2.7,4.3,254.3,208.7764,113.125,,-4.8,0.017,-3.2
2023-04-19 13:30:00,-6.6,76.3,1028.1,2.4,3.4,258.5,228.4129,120.5059,,-4.5,0.016,-3.0
2023-04-19 14:00:00,-6.5,75.7,1028.5,2.1,3.6,281.1,205.0477,105.3499,0.514,-4.4,0.014,-3.2
2023-04-19 14:30:00,-6.4,73.4,1028.7,1.7,3.4,304.7,177.3515,89.2308,0.503,-4.2,0.018,-3.0
2023-04-19 15:00:00,-6.4,73.3,1029.0,1.5,2.4,275.0,172.4985,84.9829,0.493,-4.1,0.018,-3.1
2023-04-19 15:30:00,-6.2,72.2,1029.2,0.8,1.3,237.6,171.594,83.1622,0.485,-3.5,0.018,-2.2
2023-04-19 16:00:00,-6.0,71.1,1029.4,0.9,1.8,116.1,170.505,80.4741,0.472,-3.3,0.018,-2.6
2023-04-19 16:30:00,-6.0,71.9,1029.7,1.0,3.7,197.1,189.874,87.6238,0.462,-3.2,0.017,-1.7
2023-04-19 17:00:00,-5.9,67.8,1029.9,2.1,3.4,196.2,223.1855,99.0524,0.444,-3.1,0.016,-1.3
2023-04-19 17:30:00,-5.9,66.9,1030.2,2.6,4.7,166.0,269.3775,112.7133,0.419,-2.8,0.016,-0.3
2023-04-19 18:00:00,-5.7,66.5,1030.4,3.7,5.4,142.5,308.7951,117.9977,0.382,-2.5,0.019,0.2
2023-04-19 18:30:00,-5.7,67.7,1030.7,4.8,6.0,136.0,291.3093,103.6119,,-2.8,0.02,-1.2
2023-04-19 19:00:00,-5.9,73.6,1031.0,4.4,7.2,109.1,167.059,56.7008,,-3.7,0.017,-2.9
2023-04-19 19:30:00,-6.0,79.1,1031.4,4.7,6.7,112.1,96.2143,32.0718,,-4.3,0.02,-4.0
2023-04-19 20:00:00,-6.1,79.5,1031.7,4.2,6.3,126.0,76.1054,25.0651,,-4.7,0.02,-4.2
2023-04-19 20:30:00,-6.1,78.6,1032.0,3.6,4.6,132.8,72.0166,23.5113,,-4.8,0.02,-4.3
2023-04-19 21:00:00,-6.1,77.4,1032.3,3.0,4.7,143.7,71.6006,23.1791,,-4.8,0.021,-4.3
2023-04-19 21:30:00,-6.0,76.1,1032.6,2.5,4.7,159.8,70.7608,22.6897,,-4.7,0.021,-4.2
2023-04-19 22:00:00,-6.0,70.6,1032.8,2.0,4.1,148.6,49.1057,15.836,,-4.9,0.022,-4.6
2023-04-19 22:30:00,-6.0,72.0,1033.1,2.1,3.8,134.4,25.3864,7.8634,,-5.3,0.021,-5.2
2023-04-19 23:00:00,-6.1,73.7,1033.3,2.2,3.3,105.8,14.7423,4.527,,-5.5,0.021,-5.4
2023-04-19 23:30:00,-6.1,68.2,1033.6,2.6,4.6,99.4,7.5811,2.0372,,-5.9,0.019,-5.7
2023-04-20 00:00:00,-6.0,65.8,1033.7,2.6,3.5,113.7,2.1185,0.1574,,-6.1,0.017,-5.7
2023-04-20 00:30:00,-6.0,65.9,1034.0,2.7,4.8,80.7,0.0,0.0,,-6.1,0.017,-5.6
2023-04-20 01:00:00,-6.0,65.3,1034.2,3.3,5.3,91.7,0.0,0.0,,-6.3,0.017,-5.9
2023-04-20 01:30:00,-6.2,67.0,1034.3,4.0,6.1,81.0,0.0,0.0,,-6.7,0.018,-6.3
2023-04-20 02:00:00,-6.4,67.0,1034.4,5.4,7.6,84.3,0.0,0.0,,-7.5,0.017,-6.4
2023-04-20 02:30:00,-6.3,67.7,1034.7,4.9,7.4,94.2,0.0,0.0,,-6.8,0.019,-6.1
2023-04-20 03:00:00,-6.6,66.4,1034.9,2.5,5.6,86.4,0.0,0.0,,-7.1,0.02,-6.5
2023-04-20 03:30:00,-6.7,66.5,1035.0,2.2,4.4,73.4,0.0,0.0,,-7.1,0.02,-6.5
2023-04-20 04:00:00,-6.7,65.6,1035.1,1.5,3.3,25.0,0.0,0.0,,-7.4,0.02,-6.7
2023-04-20 04:30:00,-6.7,65.5,1035.2,1.4,3.5,42.6,0.0,0.0,,-8.1,0.02,-7.1
2023-04-20 05:00:00,-6.9,65.7,1035.3,1.5,4.8,38.4,0.0,0.0,,-9.4,0.02,-8.2
2023-04-20 05:30:00,-7.1,64.1,1035.5,2.5,5.4,353.7,0.0,0.0,,-9.4,0.018,-7.9
2023-04-20 06:00:00,-7.0,63.4,1035.6,1.9,5.0,9.3,0.0,0.0,,-9.6,0.019,-8.1
2023-04-20 06:30:00,-6.9,63.1,1035.9,1.7,3.7,29.7,0.0,0.0,,-9.8,0.019,-8.2
2023-04-20 07:00:00,-6.9,63.1,1036.2,1.6,3.5,7.3,0.0,0.0,,-9.8,0.019,-8.0
2023-04-20 07:30:00,-6.8,61.6,1036.2,2.7,5.5,349.8,0.0,0.4426,,-9.2,0.019,-7.5
2023-04-20 08:00:00,-6.7,59.5,1036.2,2.5,4.7,347.0,7.9687,2.8171,,-9.0,0.019,-7.1
2023-04-20 08:30:00,-6.7,59.1,1036.3,1.7,3.5,18.7,19.062,5.8913,,-9.2,0.018,-7.3
2023-04-20 09:00:00,-6.2,56.7,1036.4,2.4,4.2,17.3,31.2193,9.3941,,-8.6,0.02,-5.9
2023-04-20 09:30:00,-5.6,54.9,1036.4,1.9,3.6,340.0,117.5923,34.141,,-7.4,0.016,-0.3
2023-04-20 10:00:00,-5.7,55.1,1036.4,2.9,5.6,351.3,175.1122,59.6065,,-6.1,0.016,0.6
2023-04-20 10:30:00,-5.0,56.4,1036.3,1.6,5.8,3.1,229.887,76.9264,,-4.3,0.013,4.4
2023-04-20 11:00:00,-4.6,56.3,1036.4,1.1,1.8,24.3,281.9349,92.1722,,-2.6,0.009,6.5
2023-04-20 11:30:00,-3.9,55.0,1036.5,0.8,1.7,330.7,337.0753,105.5882,,-1.0,0.01,9.5
2023-04-20 12:00:00,-3.7,53.2,1036.6,0.8,1.8,179.8,388.2664,114.626,,0.2,0.014,9.5
2023-04-20 12:30:00,-3.8,53.2,1036.6,1.2,3.7,195.8,436.0608,120.0651,,1.3,0.019,9.5
2023-04-20 13:00:00,-4.4,54.2,1036.3,4.8,7.9,345.4,480.1225,123.9181,,-0.5,0.019,4.8
2023-04-20 13:30:00,-4.5,54.2,1036.1,5.1,7.8,340.4,516.3645,130.0417,,-0.2,0.016,5.5
2023-04-20 14:00:00,-4.2,55.5,1036.0,4.5,7.0,337.4,548.4365,133.8522,0.244,0.8,0.02,6.9
2023-04-20 14:30:00,-3.3,54.8,1035.8,2.0,4.8,312.8,571.3438,131.2435,0.23,3.9,0.023,10.6
2023-04-20 15:00:00,-3.1,54.7,1035.9,2.4,3.4,250.9,586.3256,126.5869,0.216,4.9,0.019,10.1
2023-04-20 15:30:00,-3.0,53.5,1036.2,2.2,2.9,239.8,595.6658,125.1525,0.21,5.7,0.021,11.3
2023-04-20 16:00:00,-2.8,52.4,1036.1,1.7,2.7,250.2,595.9459,123.6533,0.207,6.5,0.022,12.2
2023-04-20 16:30:00,-2.8,51.7,1036.0,1.9,2.9,263.1,589.1375,121.8342,0.207,6.3,0.023,12.3
2023-04-20 17:00:00,-2.5,50.6,1036.0,2.2,3.3,252.2,577.7343,119.6447,0.207,5.9,0.022,12.2
2023-04-20 17:30:00,-2.3,49.5,1035.9,2.4,3.7,248.1,558.384,115.7541,0.207,5.5,0.022,11.1
2023-04-20 18:00:00,-2.4,51.3,1035.7,2.5,3.8,245.8,536.1658,111.5665,0.208,5.0,0.021,12.7
2023-04-20 18:30:00,-2.2,50.2,1035.4,1.7,4.6,218.7,516.914,107.7702,,5.1,0.02,13.3
2023-04-20 19:00:00,-2.2,49.8,1035.2,2.1,4.8,12.7,456.6136,95.5384,,3.6,0.02,13.3
2023-04-20 19:30:00,-2.0,47.6,1034.9,2.7,5.9,346.8,418.0541,88.8101,,2.6,0.021,11.6
2023-04-20 20:00:00,-1.9,48.6,1034.6,2.1,4.3,259.9,368.4334,79.7562,,2.1,0.02,11.9
2023-04-20 20:30:00,-1.8,50.1,1034.5,1.2,2.3,208.4,316.1041,69.8556,,1.9,0.02,14.2
2023-04-20 21:00:00,-1.8,45.4,1034.5,1.3,4.3,48.2,261.414,58.135,,0.5,0.021,12.6
2023-04-20 21:30:00,-1.6,44.0,1034.4,1.0,2.5,47.9,205.9394,45.9383,,-0.3,0.02,11.4
2023-04-20 22:00:00,-1.9,46.8,1034.3,0.6,1.4,302.9,147.4893,32.1347,,-1.5,0.021,7.7
2023-04-20 22:30:00,-2.5,53.0,1034.2,0.7,1.4,304.4,61.8322,9.0804,,-3.7,0.019,-2.8
2023-04-20 23:00:00,-3.1,55.8,1034.0,1.7,2.2,331.0,41.9016,8.209,,-3.7,0.021,-2.8
2023-04-20 23:30:00,-3.3,58.7,1033.8,1.0,1.9,300.6,26.6586,5.4849,,-4.1,0.02,-4.2
2023-04-21 00:00:00,-3.4,58.7,1033.7,1.9,2.3,326.5,4.7975,0.987,,-5.2,0.018,-5.4
2023-04-21 00:30:00,-3.2,55.2,1033.5,1.8,2.6,329.7,0.0,0.0,,-4.6,0.02,-4.1
2023-04-21 01:00:00,-2.7,50.0,1033.3,1.3,2.2,341.3,0.0,0.0,,-4.4,0.018,-5.2
2023-04-21 01:30:00,-3.5,54.0,1033.2,0.8,1.9,319.9,0.0,0.0,,-6.0,0.017,-6.9
2023-04-21 02:00:00,-3.2,49.9,1033.1,1.5,2.1,38.3,0.0,0.0,,-6.4,0.018,-5.7
2023-04-21 02:30:00,-2.9,43.7,1032.7,1.8,3.1,36.9,0.0,0.0,,-5.7,0.019,-3.9
2023-04-21 03:00:00,-2.9,41.4,1032.3,2.7,4.7,67.1,0.0,0.0,,-5.0,0.023,-3.0
2023-04-21 03:30:00,-2.3,38.9,1032.3,2.3,5.9,38.0,0.0,0.0,,-4.9,0.022,-3.8
2023-04-21 04:00:00,-2.5,39.6,1032.1,2.4,3.5,20.5,0.0,0.0,,-5.4,0.023,-3.9
2023-04-21 04:30:00,-2.7,43.3,1032.0,1.4,2.6,332.3,0.0,0.0,,-5.7,0.02,-5.5
2023-04-21 05:00:00,-3.1,46.2,1032.1,1.6,2.5,330.1,0.0,0.0,,-5.7,0.02,-4.5
2023-04-21 05:30:00,-2.6,45.1,1032.1,2.3,2.9,329.0,0.0,0.0,,-4.7,0.022,-4.0
2023-04-21 06:00:00,-3.3,51.7,1031.8,0.6,1.7,324.0,0.0,0.0,,-5.1,0.02,-4.7
2023-04-21 06:30:00,-3.3,61.0,1031.9,2.6,3.6,324.6,0.0,0.0,,-4.7,0.021,-3.7
2023-04-21 07:00:00,-2.9,51.5,1031.6,1.6,2.5,333.0,0.0,0.0,,-5.2,0.018,-4.6
2023-04-21 07:30:00,-3.7,57.3,1031.6,0.7,1.6,77.9,1.7961,0.0,,-6.2,0.018,-5.1
2023-04-21 08:00:00,-3.4,54.3,1031.4,0.6,1.7,340.1,12.671,1.7729,,-5.3,0.018,-4.5
2023-04-21 08:30:00,-2.7,49.7,1031.3,1.0,2.1,303.4,19.767,2.8988,,-3.6,0.019,-2.9
2023-04-21 09:00:00,-2.1,46.9,1031.2,1.6,3.7,300.5,28.1676,4.2778,,-2.9,0.021,-1.2
2023-04-21 09:30:00,-1.1,39.2,1031.5,2.4,3.8,319.7,58.8758,9.8696,,-1.9,0.02,-0.5
2023-04-21 10:00:00,-1.3,40.5,1031.5,1.6,2.6,317.5,105.989,21.3333,,-1.8,0.018,2.9
2023-04-21 10:30:00,-1.3,56.1,1031.5,0.9,2.2,234.2,200.7582,42.4305,,1.0,0.011,3.4
2023-04-21 11:00:00,-1.1,55.8,1031.7,1.4,2.2,303.2,217.2708,43.2626,,1.3,0.01,4.1
2023-04-21 11:30:00,-1.4,63.1,1031.8,1.4,2.1,238.1,220.1901,44.4902,,1.3,0.005,4.9
2023-04-21 12:00:00,-1.1,68.2,1032.0,1.5,2.2,232.0,385.8471,86.2001,,3.9,0.012,11.2
2023-04-21 12:30:00,-0.7,64.7,1032.0,1.0,1.8,200.2,309.6761,65.2939,,3.5,0.007,8.9
2023-04-21 13:00:00,-0.1,58.8,1031.9,1.6,3.6,168.5,428.1136,88.7328,,5.6,0.01,11.4
2023-04-21 13:30:00,-0.5,61.9,1032.1,1.4,2.0,221.1,392.5759,74.8994,,5.5,0.013,8.6
2023-04-21 14:00:00,-0.2,59.8,1032.1,1.5,2.1,201.2,459.6041,87.7441,0.19,6.9,0.014,11.9
2023-04-21 14:30:00,0.3,54.3,1032.1,1.2,1.8,168.2,488.9408,95.5334,0.195,7.9,0.015,12.7
2023-04-21 15:00:00,0.8,48.4,1031.9,2.1,4.4,130.4,484.7586,90.1595,0.186,7.3,0.019,12.3
2023-04-21 15:30:00,0.9,48.8,1031.9,2.0,5.2,210.5,451.1767,81.2184,0.18,7.3,0.018,11.5
2023-04-21 16:00:00,-0.1,65.5,1032.1,1.8,2.5,133.5,440.2705,78.4405,0.178,7.2,0.018,11.3
2023-04-21 16:30:00,0.7,45.2,1032.1,2.3,4.0,91.3,409.3107,71.515,0.175,6.6,0.019,10.3
2023-04-21 17:00:00,0.6,56.4,1032.3,2.4,3.4,105.2,478.5201,84.2819,0.176,7.7,0.02,13.1
2023-04-21 17:30:00,0.5,58.1,1032.4,2.4,3.2,90.2,374.3269,63.311,0.168,6.2,0.019,7.3
2023-04-21 18:00:00,-0.3,71.5,1032.4,2.4,3.5,109.2,284.9852,45.9273,0.161,4.2,0.016,6.7
2023-04-21 18:30:00,-0.6,75.9,1032.5,2.5,3.2,115.5,300.2556,49.6289,,4.4,0.016,7.1
2023-04-21 19:00:00,-0.3,74.9,1032.5,2.2,2.7,104.7,249.1702,40.8035,,4.0,0.018,5.6
2023-04-21 19:30:00,-0.2,76.1,1032.4,1.9,2.5,122.8,218.9296,35.3531,,3.5,0.02,5.9
2023-04-21 20:00:00,-0.6,79.6,1032.4,0.9,1.8,196.7,203.0584,33.6807,,3.2,0.02,5.0
2023-04-21 20:30:00,-0.7,79.3,1032.6,1.0,2.1,155.9,194.0383,32.8689,,2.6,0.021,4.4
2023-04-21 21:00:00,-0.9,80.1,1032.8,0.9,1.6,165.4,148.0826,27.4867,,0.6,0.022,6.0
2023-04-21 21:30:00,-0.6,77.6,1032.9,1.0,2.2,154.4,201.3575,40.5378,,1.2,0.021,10.6
2023-04-21 22:00:00,-0.6,73.9,1032.9,1.5,2.2,95.6,166.3675,32.8005,,0.4,0.021,8.3
2023-04-21 22:30:00,-0.2,50.6,1033.1,1.2,2.3,76.3,89.2774,13.4494,,-1.1,0.021,-0.1
2023-04-21 23:00:00,-0.6,43.4,1033.2,1.4,2.3,30.5,23.1859,3.2659,,-2.6,0.022,-2.1
2023-04-21 23:30:00,-0.8,42.8,1033.2,0.9,2.2,28.3,12.2084,1.6218,,-3.4,0.021,-3.8
2023-04-22 00:00:00,-1.3,44.7,1033.4,1.5,2.4,351.8,3.1073,0.3117,,-3.9,0.021,-3.3
2023-04-22 00:30:00,-1.1,48.0,1033.3,2.0,3.1,44.0,0.0,0.0,,-2.8,0.021,-1.5
2023-04-22 01:00:00,-1.1,56.4,1033.5,2.5,3.4,57.3,0.0,0.0,,-2.0,0.02,-1.6
2023-04-22 01:30:00,-1.5,73.0,1033.5,2.0,2.9,54.0,0.0,0.0,,-3.0,0.022,-2.5
2023-04-22 02:00:00,-1.7,68.0,1033.5,1.5,2.7,29.2,0.0,0.0,,-3.8,0.024,-3.0
2023-04-22 02:30:00,-1.7,58.8,1033.7,1.6,3.0,18.6,0.0,0.0,,-4.0,0.022,-3.0
2023-04-22 03:00:00,-1.7,55.0,1033.6,1.9,2.7,39.5,0.0,0.0,,-4.0,0.021,-2.8
2023-04-22 03:30:00,-1.9,59.9,1033.8,1.5,2.5,29.5,0.0,0.0,,-3.1,0.021,-2.3
2023-04-22 04:00:00,-1.6,60.1,1034.1,1.5,2.1,45.9,0.0,0.0,,-3.1,0.02,-2.4
2023-04-22 04:30:00,-1.7,62.9,1033.9,2.1,3.1,44.8,0.0,0.0,,-3.2,0.02,-2.6
2023-04-22 05:00:00,-2.1,64.3,1034.0,2.0,2.5,32.5,0.0,0.0,,-3.8,0.02,-3.4
2023-04-22 05:30:00,-2.1,70.6,1034.3,1.9,2.3,35.3,0.0,0.0,,-4.4,0.02,-4.0
2023-04-22 06:00:00,-2.2,77.5,1034.4,1.3,2.0,54.9,0.0,0.0,,-4.2,0.022,-3.7
2023-04-22 06:30:00,-2.5,83.5,1034.4,0.8,1.7,74.6,0.0,0.0,,-3.0,0.026,-2.7
2023-04-22 07:00:00,-2.8,88.5,1034.5,1.0,3.8,180.1,0.0,0.0,,-2.3,0.027,-2.3
2023-04-22 07:30:00,-3.0,92.2,1034.6,2.1,3.8,208.8,2.5872,0.0,,-2.3,0.027,-2.3
2023-04-22 08:00:00,-2.9,88.5,1034.7,1.9,2.7,199.3,11.8834,1.3281,,-2.1,0.027,-2.0
2023-04-22 08:30:00,-2.9,87.3,1034.8,1.4,2.5,196.0,27.1815,4.1725,,-1.8,0.026,-1.6
2023-04-22 09:00:00,-2.7,85.2,1034.8,1.3,2.4,268.4,53.7562,9.0632,,-1.5,0.025,-1.0
2023-04-22 09:30:00,-2.6,83.5,1034.7,2.2,3.4,331.5,126.4494,25.2549,,-1.3,0.023,0.9
2023-04-22 10:00:00,-1.7,78.6,1034.7,1.7,3.0,310.7,124.5323,21.5455,,0.0,0.021,1.2
2023-04-22 10:30:00,-1.3,78.0,1034.8,1.0,1.7,266.2,118.8463,19.4734,,0.8,0.017,1.5
2023-04-22 11:00:00,-1.1,77.2,1034.8,1.1,1.9,281.3,176.1584,30.3726,,1.8,0.019,3.9
2023-04-22 11:30:00,-0.7,74.6,1034.7,1.6,2.9,263.3,197.6929,33.005,,2.3,0.016,3.3
2023-04-22 12:00:00,-0.9,76.2,1034.8,1.5,3.4,251.9,199.8585,32.5348,,2.6,0.016,3.2
2023-04-22 12:30:00,-0.6,74.5,1034.9,1.6,2.8,302.7,229.0574,37.5043,,3.1,0.017,5.0
2023-04-22 13:00:00,-0.2,71.8,1034.8,1.7,2.5,326.5,252.7587,41.433,,3.7,0.018,5.9
2023-04-22 13:30:00,0.2,69.8,1034.6,0.9,2.4,213.5,259.5634,42.188,,4.8,0.018,6.4
2023-04-22 14:00:00,0.6,68.5,1034.5,1.2,2.6,299.5,284.513,45.8187,0.161,5.3,0.017,6.1
2023-04-22 14:30:00,0.3,70.6,1034.5,1.9,3.7,205.4,221.9859,33.4599,0.15,4.0,0.019,4.1
2023-04-22 15:00:00,-1.2,86.8,1034.6,2.7,4.6,155.8,182.5459,25.9749,0.141,2.2,0.018,3.4
2023-04-22 15:30:00,-1.3,88.8,1034.5,1.5,2.6,155.6,237.8503,36.3521,0.153,3.5,0.019,4.0
2023-04-22 16:00:00,-1.4,89.5,1034.6,1.2,1.8,173.6,175.0936,26.2661,0.15,2.8,0.02,2.7
2023-04-22 16:30:00,-1.5,91.1,1034.5,1.3,1.8,176.3,167.8812,25.0196,0.149,2.4,0.021,2.9
2023-04-22 17:00:00,-1.4,91.2,1034.3,1.2,1.9,174.6,188.2968,28.2674,0.15,2.8,0.021,3.4
2023-04-22 17:30:00,-1.2,89.9,1034.3,1.4,2.7,209.3,218.2516,33.7562,0.155,3.3,0.021,3.3
2023-04-22 18:00:00,-1.2,90.6,1034.2,2.1,3.2,263.6,197.9729,29.8677,0.151,2.3,0.021,3.1
2023-04-22 18:30:00,-1.1,87.8,1034.0,2.1,3.0,264.1,205.9434,31.4629,,2.8,0.021,2.7
2023-04-22 19:00:00,-0.7,82.9,1034.0,1.4,2.0,274.9,177.0368,26.5966,,2.8,0.021,2.8
2023-04-22 19:30:00,-0.7,80.8,1034.0,1.3,2.2,268.4,145.5353,21.5365,,2.5,0.021,3.1
2023-04-22 20:00:00,-0.4,79.2,1033.9,1.0,1.8,192.2,115.1714,16.7439,,2.2,0.021,1.9
2023-04-22 20:30:00,-1.0,86.1,1034.0,1.2,1.7,170.3,108.363,16.0389,,1.5,0.021,2.4
2023-04-22 21:00:00,-1.1,87.8,1034.0,1.4,1.7,139.4,105.4099,15.9443,,1.3,0.019,1.2
2023-04-22 21:30:00,-1.2,88.5,1034.0,1.2,2.0,87.4,54.9846,8.1201,,0.3,0.019,0.6
2023-04-22 22:00:00,-1.1,87.1,1033.8,1.6,2.5,86.8,59.1439,8.768,,0.3,0.019,0.3
2023-04-22 22:30:00,-1.3,88.9,1033.8,2.0,2.6,91.6,27.1649,3.4729,,-0.4,0.022,-0.3
2023-04-22 23:00:00,-1.4,89.5,1033.7,2.1,3.2,79.3,23.7738,3.169,,-0.6,0.024,-0.6
2023-04-22 23:30:00,-1.5,90.6,1033.7,2.3,3.0,75.5,10.022,0.9416,,-0.8,0.023,-0.9
2023-04-23 00:00:00,-1.6,92.1,1033.3,3.5,4.7,72.0,2.6373,0.0,,-1.1,0.022,-1.1
2023-04-23 00:30:00,-1.7,94.3,1033.1,4.1,5.1,79.7,0.0,0.0,,-1.3,0.023,-1.2
2023-04-23 01:00:00,-1.8,94.9,1033.4,3.5,4.5,84.9,0.0,0.0,,-1.4,0.019,-1.3
2023-04-23 01:30:00,-1.9,95.1,1033.5,3.6,5.1,75.7,0.0,0.0,,-1.5,0.019,-1.4
2023-04-23 02:00:00,-2.0,94.4,1033.3,3.8,6.4,76.2,0.0,0.0,,-1.7,0.0,-1.3
2023-04-23 02:30:00,-1.9,91.6,1032.8,5.5,6.8,74.7,0.0,0.0,,-1.9,0.0,-1.4
2023-04-23 03:00:00,-1.8,90.7,1032.8,4.7,6.1,74.2,0.0,0.0,,-2.0,0.0,-1.3
2023-04-23 03:30:00,-1.7,90.2,1032.5,3.9,5.9,74.1,0.0,0.0,,-1.7,0.026,-1.1
2023-04-23 04:00:00,-1.6,89.2,1032.2,4.3,6.1,77.6,0.0,0.0,,-1.6,0.037,-1.1
2023-04-23 04:30:00,-1.7,92.8,1032.0,4.2,5.8,79.5,0.0,0.0,,-1.6,0.037,-1.3
2023-04-23 05:00:00,-1.8,94.3,1031.5,4.6,6.8,76.7,0.0,0.0,,-1.6,0.038,-1.3
2023-04-23 05:30:00,-1.9,94.9,1031.2,5.1,6.6,75.3,0.0,0.0,,-1.6,0.046,-1.2
2023-04-23 06:00:00,-1.7,94.9,1030.8,5.7,8.3,80.5,0.0,0.0,,-1.4,0.043,-0.9
2023-04-23 06:30:00,-1.7,95.0,1030.7,5.9,8.7,89.3,0.0,0.0,,-1.5,0.041,-1.2
2023-04-23 07:00:00,-1.8,95.6,1030.6,4.8,7.2,79.5,0.0,0.0,,-1.5,0.04,-1.1
2023-04-23 07:30:00,-1.6,95.8,1030.4,5.2,9.3,80.9,1.3355,0.9847,,-1.3,0.042,-0.7
2023-04-23 08:00:00,-1.2,95.5,1030.2,5.5,7.2,78.6,5.2727,4.3648,,-1.0,0.043,-0.4
2023-04-23 08:30:00,-1.0,96.0,1030.1,4.8,6.7,70.9,11.325,9.7748,,-0.8,0.045,-0.1
2023-04-23 09:00:00,-0.8,96.4,1030.1,5.0,6.7,72.0,23.4851,20.2781,,-0.5,0.055,0.5
2023-04-23 09:30:00,-0.6,96.5,1030.0,4.3,6.7,68.2,23.978,21.4899,,-0.3,0.059,0.5
2023-04-23 10:00:00,-0.4,96.8,1029.8,3.6,5.6,71.6,46.0177,42.1864,,-0.1,0.059,1.5
2023-04-23 10:30:00,-0.4,97.0,1029.6,3.4,5.7,73.3,72.464,67.453,,0.1,0.059,1.8
2023-04-23 11:00:00,-0.3,97.3,1029.6,3.3,5.0,70.7,83.0601,78.6288,,0.2,0.059,1.9
2023-04-23 11:30:00,-0.2,97.5,1029.5,3.2,5.4,73.4,90.5485,84.5767,,0.3,0.059,2.3
2023-04-23 12:00:00,-0.2,97.5,1029.5,3.5,4.9,81.4,99.4127,92.6836,,0.3,0.059,2.3
2023-04-23 12:30:00,-0.2,97.5,1029.4,3.2,5.2,77.7,132.9543,125.0987,,0.3,0.059,3.3
2023-04-23 13:00:00,-0.1,97.4,1029.4,3.3,4.8,74.3,171.6155,155.7677,,0.3,0.06,3.6
2023-04-23 13:30:00,-0.1,97.3,1029.4,3.5,6.1,71.1,200.1933,179.9956,,0.4,0.094,4.1
2023-04-23 14:00:00,-0.1,97.1,1029.3,4.4,6.2,71.6,234.4301,209.8115,0.896,0.5,0.094,4.6
2023-04-23 14:30:00,0.0,97.0,1029.2,4.1,6.2,69.9,253.2636,225.7543,0.891,0.6,0.094,4.9
2023-04-23 15:00:00,0.1,97.0,1029.1,3.6,5.6,74.2,222.8426,198.6819,0.892,0.5,0.094,4.0
2023-04-23 15:30:00,-0.2,96.7,1029.0,3.5,5.5,75.7,208.5665,186.847,0.896,0.4,0.094,4.3
2023-04-23 16:00:00,-0.2,96.6,1029.0,3.9,5.0,75.9,209.7634,189.4126,0.903,0.4,0.094,3.7
2023-04-23 16:30:00,-0.3,97.0,1028.9,3.4,5.3,68.8,162.6954,150.3766,0.924,0.3,0.094,3.3
2023-04-23 17:00:00,-0.2,97.2,1028.8,3.4,4.6,67.7,168.1027,155.528,0.925,0.4,0.1,3.1
2023-04-23 17:30:00,-0.2,97.3,1028.8,3.2,4.2,71.1,161.6906,149.9684,0.927,0.4,0.106,3.3
2023-04-23 18:00:00,-0.2,97.3,1028.8,3.1,4.1,71.5,191.3758,176.4202,0.923,0.4,0.106,3.3
2023-04-23 18:30:00,-0.1,97.3,1028.8,3.0,3.9,69.5,197.8431,180.8487,,0.4,0.106,3.2
2023-04-23 19:00:00,-0.2,97.4,1028.7,3.6,4.2,70.4,170.6796,153.2603,,0.2,0.11,3.4
2023-04-23 19:30:00,-0.2,97.3,1028.6,3.6,4.6,71.9,203.0759,180.1915,,0.3,0.124,4.0
2023-04-23 20:00:00,-0.2,97.3,1028.7,3.6,4.7,70.9,201.4097,179.0411,,0.3,0.124,3.6
2023-04-23 20:30:00,,,,,,,,,,,,
2023-04-23 21:00:00,,,,,,,,,,,,
2023-04-23 21:30:00,,,,,,,,,,,,
2023-04-23 22:00:00,,,,,,,,,,,,
2023-04-23 22:30:00,,,,,,,,,,,,
2023-04-23 23:00:00,,,,,,,,,,,,
2023-04-23 23:30:00,,,,,,,,,,,,
2023-04-24 00:00:00,,,,,,,,,,,,
2023-04-24 00:30:00,,,,,,,,,,,,
2023-04-24 01:00:00,,,,,,,,,,,,
2023-04-24 01:30:00,,,,,,,,,,,,
2023-04-24 02:00:00,,,,,,,,,,,,
2023-04-24 02:30:00,,,,,,,,,,,,
2023-04-24 03:00:00,,,,,,,,,,,,
2023-04-24 03:30:00,,,,,,,,,,,,
2023-04-24 04:00:00,,,,,,,,,,,,
2023-04-24 04:30:00,,,,,,,,,,,,
2023-04-24 05:00:00,,,,,,,,,,,,
2023-04-24 05:30:00,,,,,,,,,,,,
2023-04-24 06:00:00,,,,,,,,,,,,
2023-04-24 06:30:00,,,,,,,,,,,,
2023-04-24 07:00:00,,,,,,,,,,,,
2023-04-24 07:30:00,,,,,,,,,,,,
2023-04-24 08:00:00,,,,,,,,,,,,
2023-04-24 08:30:00,,,,,,,,,,,,
2023-04-24 09:00:00,,,,,,,,,,,,
2023-04-24 09:30:00,,,,,,,,,,,,
2023-04-24 10:00:00,,,,,,,,,,,,
2023-04-24 10:30:00,,,,,,,,,,,,
2023-04-24 11:00:00,,,,,,,,,,,,
2023-04-24 11:30:00,,,,,,,,,,,,
2023-04-24 12:00:00,,,,,,,,,,,,
2023-04-24 12:30:00,,,,,,,,,,,,
2023-04-24 13:00:00,,,,,,,,,,,,
2023-04-24 13:30:00,,,,,,,,,,,,
2023-04-24 14:00:00,,,,,,,,,,,,
2023-04-24 14:30:00,,,,,,,,,,,,
2023-04-24 15:00:00,,,,,,,,,,,,
2023-04-24 15:30:00,,,,,,,,,,,,
2023-04-24 16:00:00,,,,,,,,,,,,
2023-04-24 16:30:00,,,,,,,,,,,,
2023-04-24 17:00:00,,,,,,,,,,,,
2023-04-24 17:30:00,,,,,,,,,,,,
2023-04-24 18:00:00,,,,,,,,,,,,
2023-04-24 18:30:00,,,,,,,,,,,,
2023-04-24 19:00:00,,,,,,,,,,,,
2023-04-24 19:30:00,,,,,,,,,,,,
2023-04-24 20:00:00,,,,,,,,,,,,
2023-04-24 20:30:00,,,,,,,,,,,,
2023-04-24 21:00:00,,,,,,,,,,,,
2023-04-24 21:30:00,,,,,,,,,,,,
2023-04-24 22:00:00,,,,,,,,,,,,
2023-04-24 22:30:00,,,,,,,,,,,,
2023-04-24 23:00:00,,,,,,,,,,,,
2023-04-24 23:30:00,,,,,,,,,,,,
2023-04-25 00:00:00,,,,,,,,,,,,
2023-04-25 00:30:00,,,,,,,,,,,,
2023-04-25 01:00:00,,,,,,,,,,,,
2023-04-25 01:30:00,,,,,,,,,,,,
2023-04-25 02:00:00,,,,,,,,,,,,
2023-04-25 02:30:00,,,,,,,,,,,,
2023-04-25 03:00:00,,,,,,,,,,,,
2023-04-25 03:30:00,,,,,,,,,,,,
2023-04-25 04:00:00,,,,,,,,,,,,
2023-04-25 04:30:00,,,,,,,,,,,,
2023-04-25 05:00:00,,,,,,,,,,,,
2023-04-25 05:30:00,,,,,,,,,,,,
2023-04-25 06:00:00,,,,,,,,,,,,
2023-04-25 06:30:00,,,,,,,,,,,,
2023-04-25 07:00:00,,,,,,,,,,,,
2023-04-25 07:30:00,,,,,,,,,,,,
2023-04-25 08:00:00,,,,,,,,,,,,
2023-04-25 08:30:00,,,,,,,,,,,,
2023-04-25 09:00:00,,,,,,,,,,,,
2023-04-25 09:30:00,,,,,,,,,,,,
2023-04-25 10:00:00,,,,,,,,,,,,
2023-04-25 10:30:00,,,,,,,,,,,,
2023-04-25 11:00:00,,,,,,,,,,,,
2023-04-25 11:30:00,,,,,,,,,,,,
2023-04-25 12:00:00,,,,,,,,,,,,
2023-04-25 12:30:00,,,,,,,,,,,,
2023-04-25 13:00:00,,,,,,,,,,,,
2023-04-25 13:30:00,,,,,,,,,,,,
2023-04-25 14:00:00,,,,,,,,,,,,
2023-04-25 14:30:00,,,,,,,,,,,,
2023-04-25 15:00:00,,,,,,,,,,,,
2023-04-25 15:30:00,,,,,,,,,,,,
2023-04-25 16:00:00,,,,,,,,,,,,
2023-04-25 16:30:00,,,,,,,,,,,,
2023-04-25 17:00:00,,,,,,,,,,,,
2023-04-25 17:30:00,,,,,,,,,,,,
2023-04-25 18:00:00,,,,,,,,,,,,
2023-04-25 18:30:00,,,,,,,,,,,,
2023-04-25 19:00:00,,,,,,,,,,,,
2023-04-25 19:30:00,,,,,,,,,,,,
2023-04-25 20:00:00,,,,,,,,,,,,
2023-04-25 20:30:00,,,,,,,,,,,,
2023-04-25 21:00:00,,,,,,,,,,,,
2023-04-25 21:30:00,,,,,,,,,,,,
2023-04-25 22:00:00,,,,,,,,,,,,
2023-04-25 22:30:00,,,,,,,,,,,,
2023-04-25 23:00:00,,,,,,,,,,,,
2023-04-25 23:30:00,,,,,,,,,,,,
2023-04-26 00:00:00,,,,,,,,,,,,
2023-04-26 00:30:00,,,,,,,,,,,,
2023-04-26 01:00:00,,,,,,,,,,,,
2023-04-26 01:30:00,,,,,,,,,,,,
2023-04-26 02:00:00,,,,,,,,,,,,
2023-04-26 02:30:00,,,,,,,,,,,,
2023-04-26 03:00:00,,,,,,,,,,,,
2023-04-26 03:30:00,,,,,,,,,,,,
2023-04-26 04:00:00,,,,,,,,,,,,
2023-04-26 04:30:00,,,,,,,,,,,,
2023-04-26 05:00:00,,,,,,,,,,,,
2023-04-26 05:30:00,,,,,,,,,,,,
2023-04-26 06:00:00,,,,,,,,,,,,
2023-04-26 06:30:00,,,,,,,,,,,,
2023-04-26 07:00:00,,,,,,,,,,,,
2023-04-26 07:30:00,,,,,,,,,,,,
2023-04-26 08:00:00,,,,,,,,,,,,
2023-04-26 08:30:00,,,,,,,,,,,,
2023-04-26 09:00:00,,,,,,,,,,,,
2023-04-26 09:30:00,,,,,,,,,,,,
2023-04-26 10:00:00,,,,,,,,,,,,
2023-04-26 10:30:00,,,,,,,,,,,,
2023-04-26 11:00:00,,,,,,,,,,,,
2023-04-26 11:30:00,,,,,,,,,,,,
2023-04-26 12:00:00,,,,,,,,,,,,
2023-04-26 12:30:00,,,,,,,,,,,,
2023-04-26 13:00:00,,,,,,,,,,,,
2023-04-26 13:30:00,,,,,,,,,,,,
2023-04-26 14:00:00,,,,,,,,,,,,
2023-04-26 14:30:00,,,,,,,,,,,,
2023-04-26 15:00:00,,,,,,,,,,,,
2023-04-26 15:30:00,,,,,,,,,,,,
2023-04-26 16:00:00,,,,,,,,,,,,
2023-04-26 16:30:00,,,,,,,,,,,,
2023-04-26 17:00:00,,,,,,,,,,,,
2023-04-26 17:30:00,,,,,,,,,,,,
2023-04-26 18:00:00,,,,,,,,,,,,
2023-04-26 18:30:00,,,,,,,,,,,,
2023-04-26 19:00:00,,,,,,,,,,,,
2023-04-26 19:30:00,,,,,,,,,,,,
2023-04-26 20:00:00,,,,,,,,,,,,
2023-04-26 20:30:00,,,,,,,,,,,,
2023-04-26 21:00:00,,,,,,,,,,,,
2023-04-26 21:30:00,,,,,,,,,,,,
2023-04-26 22:00:00,,,,,,,,,,,,
2023-04-26 22:30:00,,,,,,,,,,,,
2023-04-26 23:00:00,,,,,,,,,,,,
2023-04-26 23:30:00,,,,,,,,,,,,
2023-04-27 00:00:00,,,,,,,,,,,,
2023-04-27 00:30:00,,,,,,,,,,,,
2023-04-27 01:00:00,,,,,,,,,,,,
2023-04-27 01:30:00,,,,,,,,,,,,
2023-04-27 02:00:00,,,,,,,,,,,,
2023-04-27 02:30:00,,,,,,,,,,,,
2023-04-27 03:00:00,,,,,,,,,,,,
2023-04-27 03:30:00,,,,,,,,,,,,
2023-04-27 04:00:00,,,,,,,,,,,,
2023-04-27 04:30:00,,,,,,,,,,,,
2023-04-27 05:00:00,,,,,,,,,,,,
2023-04-27 05:30:00,,,,,,,,,,,,
2023-04-27 06:00:00,,,,,,,,,,,,
2023-04-27 06:30:00,,,,,,,,,,,,
2023-04-27 07:00:00,,,,,,,,,,,,
2023-04-27 07:30:00,,,,,,,,,,,,
2023-04-27 08:00:00,,,,,,,,,,,,
2023-04-27 08:30:00,,,,,,,,,,,,
2023-04-27 09:00:00,,,,,,,,,,,,
2023-04-27 09:30:00,,,,,,,,,,,,
2023-04-27 10:00:00,,,,,,,,,,,,
2023-04-27 10:30:00,,,,,,,,,,,,
2023-04-27 11:00:00,,,,,,,,,,,,
2023-04-27 11:30:00,,,,,,,,,,,,
2023-04-27 12:00:00,,,,,,,,,,,,
2023-04-27 12:30:00,,,,,,,,,,,,
2023-04-27 13:00:00,,,,,,,,,,,,
2023-04-27 13:30:00,,,,,,,,,,,,
2023-04-27 14:00:00,,,,,,,,,,,,
2023-04-27 14:30:00,,,,,,,,,,,,
2023-04-27 15:00:00,,,,,,,,,,,,
2023-04-27 15:30:00,,,,,,,,,,,,
2023-04-27 16:00:00,,,,,,,,,,,,
2023-04-27 16:30:00,,,,,,,,,,,,
2023-04-27 17:00:00,,,,,,,,,,,,
2023-04-27 17:30:00,,,,,,,,,,,,
2023-04-27 18:00:00,,,,,,,,,,,,
2023-04-27 18:30:00,,,,,,,,,,,,
2023-04-27 19:00:00,,,,,,,,,,,,
2023-04-27 19:30:00,,,,,,,,,,,,
2023-04-27 20:00:00,,,,,,,,,,,,
2023-04-27 20:30:00,,,,,,,,,,,,
2023-04-27 21:00:00,,,,,,,,,,,,
2023-04-27 21:30:00,,,,,,,,,,,,
2023-04-27 22:00:00,,,,,,,,,,,,
2023-04-27 22:30:00,,,,,,,,,,,,
2023-04-27 23:00:00,,,,,,,,,,,,
2023-04-27 23:30:00,,,,,,,,,,,,
2023-04-28 00:00:00,,,,,,,,,,,,
2023-04-28 00:30:00,,,,,,,,,,,,
2023-04-28 01:00:00,,,,,,,,,,,,
2023-04-28 01:30:00,,,,,,,,,,,,
2023-04-28 02:00:00,,,,,,,,,,,,
2023-04-28 02:30:00,,,,,,,,,,,,
2023-04-28 03:00:00,,,,,,,,,,,,
2023-04-28 03:30:00,,,,,,,,,,,,
2023-04-28 04:00:00,,,,,,,,,,,,
2023-04-28 04:30:00,,,,,,,,,,,,
2023-04-28 05:00:00,,,,,,,,,,,,
2023-04-28 05:30:00,,,,,,,,,,,,
2023-04-28 06:00:00,,,,,,,,,,,,
2023-04-28 06:30:00,,,,,,,,,,,,
2023-04-28 07:00:00,,,,,,,,,,,,
2023-04-28 07:30:00,,,,,,,,,,,,
2023-04-28 08:00:00,,,,,,,,,,,,
2023-04-28 08:30:00,,,,,,,,,,,,
2023-04-28 09:00:00,,,,,,,,,,,,
2023-04-28 09:30:00,,,,,,,,,,,,
2023-04-28 10:00:00,,,,,,,,,,,,
2023-04-28 10:30:00,,,,,,,,,,,,
2023-04-28 11:00:00,,,,,,,,,,,,
2023-04-28 11:30:00,,,,,,,,,,,,
2023-04-28 12:00:00,,,,,,,,,,,,
2023-04-28 12:30:00,,,,,,,,,,,,
2023-04-28 13:00:00,,,,,,,,,,,,
2023-04-28 13:30:00,,,,,,,,,,,,
2023-04-28 14:00:00,,,,,,,,,,,,
2023-04-28 14:30:00,,,,,,,,,,,,
2023-04-28 15:00:00,,,,,,,,,,,,
2023-04-28 15:30:00,,,,,,,,,,,,
2023-04-28 16:00:00,,,,,,,,,,,,
2023-04-28 16:30:00,,,,,,,,,,,,
2023-04-28 17:00:00,,,,,,,,,,,,
2023-04-28 17:30:00,,,,,,,,,,,,
2023-04-28 18:00:00,,,,,,,,,,,,
2023-04-28 18:30:00,,,,,,,,,,,,
2023-04-28 19:00:00,,,,,,,,,,,,
2023-04-28 19:30:00,,,,,,,,,,,,
2023-04-28 20:00:00,,,,,,,,,,,,
2023-04-28 20:30:00,,,,,,,,,,,,
2023-04-28 21:00:00,,,,,,,,,,,,
2023-04-28 21:30:00,,,,,,,,,,,,
2023-04-28 22:00:00,,,,,,,,,,,,
2023-04-28 22:30:00,,,,,,,,,,,,
2023-04-28 23:00:00,,,,,,,,,,,,
2023-04-28 23:30:00,,,,,,,,,,,,
2023-04-29 00:00:00,,,,,,,,,,,,
2023-04-29 00:30:00,,,,,,,,,,,,
2023-04-29 01:00:00,,,,,,,,,,,,
2023-04-29 01:30:00,,,,,,,,,,,,
2023-04-29 02:00:00,,,,,,,,,,,,
2023-04-29 02:30:00,,,,,,,,,,,,
2023-04-29 03:00:00,,,,,,,,,,,,
2023-04-29 03:30:00,,,,,,,,,,,,
2023-04-29 04:00:00,,,,,,,,,,,,
2023-04-29 04:30:00,,,,,,,,,,,,
2023-04-29 05:00:00,,,,,,,,,,,,
2023-04-29 05:30:00,,,,,,,,,,,,
2023-04-29 06:00:00,,,,,,,,,,,,
2023-04-29 06:30:00,,,,,,,,,,,,
2023-04-29 07:00:00,,,,,,,,,,,,
2023-04-29 07:30:00,,,,,,,,,,,,
2023-04-29 08:00:00,,,,,,,,,,,,
2023-04-29 08:30:00,,,,,,,,,,,,
2023-04-29 09:00:00,,,,,,,,,,,,
2023-04-29 09:30:00,,,,,,,,,,,,
2023-04-29 10:00:00,,,,,,,,,,,,
2023-04-29 10:30:00,,,,,,,,,,,,
2023-04-29 11:00:00,,,,,,,,,,,,
2023-04-29 11:30:00,,,,,,,,,,,,
2023-04-29 12:00:00,,,,,,,,,,,,
2023-04-29 12:30:00,,,,,,,,,,,,
2023-04-29 13:00:00,,,,,,,,,,,,
2023-04-29 13:30:00,,,,,,,,,,,,
2023-04-29 14:00:00,,,,,,,,,,,,
2023-04-29 14:30:00,,,,,,,,,,,,
2023-04-29 15:00:00,,,,,,,,,,,,
2023-04-29 15:30:00,,,,,,,,,,,,
2023-04-29 16:00:00,,,,,,,,,,,,
2023-04-29 16:30:00,,,,,,,,,,,,
2023-04-29 17:00:00,,,,,,,,,,,,
2023-04-29 17:30:00,,,,,,,,,,,,
2023-04-29 18:00:00,,,,,,,,,,,,
2023-04-29 18:30:00,,,,,,,,,,,,
2023-04-29 19:00:00,,,,,,,,,,,,
2023-04-29 19:30:00,,,,,,,,,,,,
2023-04-29 20:00:00,,,,,,,,,,,,
2023-04-29 20:30:00,,,,,,,,,,,,
2023-04-29 21:00:00,,,,,,,,,,,,
2023-04-29 21:30:00,,,,,,,,,,,,
2023-04-29 22:00:00,,,,,,,,,,,,
2023-04-29 22:30:00,,,,,,,,,,,,
2023-04-29 23:00:00,,,,,,,,,,,,
2023-04-29 23:30:00,,,,,,,,,,,,
2023-04-30 00:00:00,,,,,,,,,,,,
2023-04-30 00:30:00,,,,,,,,,,,,
2023-04-30 01:00:00,,,,,,,,,,,,
2023-04-30 01:30:00,,,,,,,,,,,,
2023-04-30 02:00:00,,,,,,,,,,,,
2023-04-30 02:30:00,,,,,,,,,,,,
2023-04-30 03:00:00,,,,,,,,,,,,
2023-04-30 03:30:00,,,,,,,,,,,,
2023-04-30 04:00:00,,,,,,,,,,,,
2023-04-30 04:30:00,,,,,,,,,,,,
2023-04-30 05:00:00,,,,,,,,,,,,
2023-04-30 05:30:00,,,,,,,,,,,,
2023-04-30 06:00:00,,,,,,,,,,,,
2023-04-30 06:30:00,,,,,,,,,,,,
2023-04-30 07:00:00,,,,,,,,,,,,
2023-04-30 07:30:00,,,,,,,,,,,,
2023-04-30 08:00:00,,,,,,,,,,,,
2023-04-30 08:30:00,,,,,,,,,,,,
2023-04-30 09:00:00,,,,,,,,,,,,
2023-04-30 09:30:00,,,,,,,,,,,,
2023-04-30 10:00:00,,,,,,,,,,,,
2023-04-30 10:30:00,,,,,,,,,,,,
2023-04-30 11:00:00,,,,,,,,,,,,
2023-04-30 11:30:00,,,,,,,,,,,,
2023-04-30 12:00:00,,,,,,,,,,,,
2023-04-30 12:30:00,,,,,,,,,,,,
2023-04-30 13:00:00,,,,,,,,,,,,
2023-04-30 13:30:00,,,,,,,,,,,,
2023-04-30 14:00:00,,,,,,,,,,,,
2023-04-30 14:30:00,,,,,,,,,,,,
2023-04-30 15:00:00,,,,,,,,,,,,
2023-04-30 15:30:00,,,,,,,,,,,,
2023-04-30 16:00:00,,,,,,,,,,,,
2023-04-30 16:30:00,,,,,,,,,,,,
2023-04-30 17:00:00,,,,,,,,,,,,
2023-04-30 17:30:00,,,,,,,,,,,,
2023-04-30 18:00:00,,,,,,,,,,,,
2023-04-30 18:30:00,,,,,,,,,,,,
2023-04-30 19:00:00,,,,,,,,,,,,
2023-04-30 19:30:00,,,,,,,,,,,,
2023-04-30 20:00:00,,,,,,,,,,,,
2023-04-30 20:30:00,,,,,,,,,,,,
2023-04-30 21:00:00,,,,,,,,,,,,
2023-04-30 21:30:00,,,,,,,,,,,,
2023-04-30 22:00:00,,,,,,,,,,,,
2023-04-30 22:30:00,,,,,,,,,,,,
2023-04-30 23:00:00,,,,,,,,,,,,
2023-04-30 23:30:00,,,,,,,,,,,,
2023-05-01 00:00:00,,,,,,,,,,,,
2023-05-01 00:30:00,,,,,,,,,,,,
2023-05-01 01:00:00,,,,,,,,,,,,
2023-05-01 01:30:00,,,,,,,,,,,,
2023-05-01 02:00:00,,,,,,,,,,,,
2023-05-01 02:30:00,,,,,,,,,,,,
2023-05-01 03:00:00,,,,,,,,,,,,
2023-05-01 03:30:00,,,,,,,,,,,,
2023-05-01 04:00:00,,,,,,,,,,,,
2023-05-01 04:30:00,,,,,,,,,,,,
2023-05-01 05:00:00,,,,,,,,,,,,
2023-05-01 05:30:00,,,,,,,,,,,,
2023-05-01 06:00:00,,,,,,,,,,,,
2023-05-01 06:30:00,,,,,,,,,,,,
2023-05-01 07:00:00,,,,,,,,,,,,
2023-05-01 07:30:00,,,,,,,,,,,,
2023-05-01 08:00:00,,,,,,,,,,,,
2023-05-01 08:30:00,,,,,,,,,,,,
2023-05-01 09:00:00,,,,,,,,,,,,
2023-05-01 09:30:00,,,,,,,,,,,,
2023-05-01 10:00:00,,,,,,,,,,,,
2023-05-01 10:30:00,,,,,,,,,,,,
2023-05-01 11:00:00,,,,,,,,,,,,
2023-05-01 11:30:00,,,,,,,,,,,,
2023-05-01 12:00:00,,,,,,,,,,,,
2023-05-01 12:30:00,,,,,,,,,,,,
2023-05-01 13:00:00,,,,,,,,,,,,
2023-05-01 13:30:00,,,,,,,,,,,,
2023-05-01 14:00:00,,,,,,,,,,,,
2023-05-01 14:30:00,,,,,,,,,,,,
2023-05-01 15:00:00,,,,,,,,,,,,
2023-05-01 15:30:00,,,,,,,,,,,,
2023-05-01 16:00:00,,,,,,,,,,,,
2023-05-01 16:30:00,,,,,,,,,,,,
2023-05-01 17:00:00,,,,,,,,,,,,
2023-05-01 17:30:00,,,,,,,,,,,,
2023-05-01 18:00:00,,,,,,,,,,,,
2023-05-01 18:30:00,,,,,,,,,,,,
2023-05-01 19:00:00,,,,,,,,,,,,
2023-05-01 19:30:00,,,,,,,,,,,,
2023-05-01 20:00:00,,,,,,,,,,,,
2023-05-01 20:30:00,,,,,,,,,,,,
2023-05-01 21:00:00,,,,,,,,,,,,
2023-05-01 21:30:00,,,,,,,,,,,,
2023-05-01 22:00:00,,,,,,,,,,,,
2023-05-01 22:30:00,,,,,,,,,,,,
2023-05-01 23:00:00,,,,,,,,,,,,
2023-05-01 23:30:00,,,,,,,,,,,,
2023-05-02 00:00:00,,,,,,,,,,,,
2023-05-02 00:30:00,,,,,,,,,,,,
2023-05-02 01:00:00,,,,,,,,,,,,
2023-05-02 01:30:00,,,,,,,,,,,,
2023-05-02 02:00:00,,,,,,,,,,,,
2023-05-02 02:30:00,,,,,,,,,,,,
2023-05-02 03:00:00,,,,,,,,,,,,
2023-05-02 03:30:00,,,,,,,,,,,,
2023-05-02 04:00:00,,,,,,,,,,,,
2023-05-02 04:30:00,,,,,,,,,,,,
2023-05-02 05:00:00,,,,,,,,,,,,
2023-05-02 05:30:00,,,,,,,,,,,,
2023-05-02 06:00:00,,,,,,,,,,,,
2023-05-02 06:30:00,,,,,,,,,,,,
2023-05-02 07:00:00,,,,,,,,,,,,
2023-05-02 07:30:00,,,,,,,,,,,,
2023-05-02 08:00:00,,,,,,,,,,,,
2023-05-02 08:30:00,,,,,,,,,,,,
2023-05-02 09:00:00,,,,,,,,,,,,
2023-05-02 09:30:00,,,,,,,,,,,,
2023-05-02 10:00:00,,,,,,,,,,,,
2023-05-02 10:30:00,,,,,,,,,,,,
2023-05-02 11:00:00,,,,,,,,,,,,
2023-05-02 11:30:00,,,,,,,,,,,,
2023-05-02 12:00:00,,,,,,,,,,,,
2023-05-02 12:30:00,,,,,,,,,,,,
2023-05-02 13:00:00,,,,,,,,,,,,
2023-05-02 13:30:00,,,,,,,,,,,,
2023-05-02 14:00:00,,,,,,,,,,,,
2023-05-02 14:30:00,,,,,,,,,,,,
2023-05-02 15:00:00,,,,,,,,,,,,
2023-05-02 15:30:00,,,,,,,,,,,,
2023-05-02 16:00:00,,,,,,,,,,,,
2023-05-02 16:30:00,,,,,,,,,,,,
2023-05-02 17:00:00,,,,,,,,,,,,
2023-05-02 17:30:00,,,,,,,,,,,,
2023-05-02 18:00:00,,,,,,,,,,,,
2023-05-02 18:30:00,,,,,,,,,,,,
2023-05-02 19:00:00,,,,,,,,,,,,
2023-05-02 19:30:00,,,,,,,,,,,,
2023-05-02 20:00:00,,,,,,,,,,,,
2023-05-02 20:30:00,,,,,,,,,,,,
2023-05-02 21:00:00,,,,,,,,,,,,
2023-05-02 21:30:00,,,,,,,,,,,,
2023-05-02 22:00:00,,,,,,,,,,,,
2023-05-02 22:30:00,,,,,,,,,,,,
2023-05-02 23:00:00,,,,,,,,,,,,
2023-05-02 23:30:00,,,,,,,,,,,,
2023-05-03 00:00:00,,,,,,,,,,,,
2023-05-03 00:30:00,,,,,,,,,,,,
2023-05-03 01:00:00,,,,,,,,,,,,
2023-05-03 01:30:00,,,,,,,,,,,,
2023-05-03 02:00:00,,,,,,,,,,,,
2023-05-03 02:30:00,,,,,,,,,,,,
2023-05-03 03:00:00,,,,,,,,,,,,
2023-05-03 03:30:00,,,,,,,,,,,,
2023-05-03 04:00:00,,,,,,,,,,,,
2023-05-03 04:30:00,,,,,,,,,,,,
2023-05-03 05:00:00,,,,,,,,,,,,
2023-05-03 05:30:00,,,,,,,,,,,,
2023-05-03 06:00:00,,,,,,,,,,,,
2023-05-03 06:30:00,,,,,,,,,,,,
2023-05-03 07:00:00,,,,,,,,,,,,
2023-05-03 07:30:00,,,,,,,,,,,,
2023-05-03 08:00:00,,,,,,,,,,,,
2023-05-03 08:30:00,,,,,,,,,,,,
2023-05-03 09:00:00,,,,,,,,,,,,
2023-05-03 09:30:00,,,,,,,,,,,,
2023-05-03 10:00:00,,,,,,,,,,,,
2023-05-03 10:30:00,,,,,,,,,,,,
2023-05-03 11:00:00,,,,,,,,,,,,
2023-05-03 11:30:00,,,,,,,,,,,,
2023-05-03 12:00:00,,,,,,,,,,,,
2023-05-03 12:30:00,,,,,,,,,,,,
2023-05-03 13:00:00,,,,,,,,,,,,
2023-05-03 13:30:00,,,,,,,,,,,,
2023-05-03 14:00:00,,,,,,,,,,,,
2023-05-03 14:30:00,,,,,,,,,,,,
2023-05-03 15:00:00,,,,,,,,,,,,
2023-05-03 15:30:00,,,,,,,,,,,,
2023-05-03 16:00:00,,,,,,,,,,,,
2023-05-03 16:30:00,,,,,,,,,,,,
2023-05-03 17:00:00,,,,,,,,,,,,
2023-05-03 17:30:00,,,,,,,,,,,,
2023-05-03 18:00:00,,,,,,,,,,,,
2023-05-03 18:30:00,,,,,,,,,,,,
2023-05-03 19:00:00,,,,,,,,,,,,
2023-05-03 19:30:00,,,,,,,,,,,,
2023-05-03 20:00:00,,,,,,,,,,,,
2023-05-03 20:30:00,,,,,,,,,,,,
2023-05-03 21:00:00,,,,,,,,,,,,
2023-05-03 21:30:00,,,,,,,,,,,,
2023-05-03 22:00:00,,,,,,,,,,,,
2023-05-03 22:30:00,,,,,,,,,,,,
2023-05-03 23:00:00,,,,,,,,,,,,
2023-05-03 23:30:00,,,,,,,,,,,,
2023-05-04 00:00:00,,,,,,,,,,,,
2023-05-04 00:30:00,,,,,,,,,,,,
2023-05-04 01:00:00,,,,,,,,,,,,
2023-05-04 01:30:00,,,,,,,,,,,,
2023-05-04 02:00:00,,,,,,,,,,,,
2023-05-04 02:30:00,,,,,,,,,,,,
2023-05-04 03:00:00,,,,,,,,,,,,
2023-05-04 03:30:00,,,,,,,,,,,,
2023-05-04 04:00:00,,,,,,,,,,,,
2023-05-04 04:30:00,,,,,,,,,,,,
2023-05-04 05:00:00,,,,,,,,,,,,
2023-05-04 05:30:00,,,,,,,,,,,,
2023-05-04 06:00:00,,,,,,,,,,,,
2023-05-04 06:30:00,,,,,,,,,,,,
2023-05-04 07:00:00,,,,,,,,,,,,
2023-05-04 07:30:00,,,,,,,,,,,,
2023-05-04 08:00:00,,,,,,,,,,,,
2023-05-04 08:30:00,,,,,,,,,,,,
2023-05-04 09:00:00,,,,,,,,,,,,
2023-05-04 09:30:00,,,,,,,,,,,,
2023-05-04 10:00:00,,,,,,,,,,,,
2023-05-04 10:30:00,,,,,,,,,,,,
2023-05-04 11:00:00,,,,,,,,,,,,
2023-05-04 11:30:00,,,,,,,,,,,,
2023-05-04 12:00:00,,,,,,,,,,,,
2023-05-04 12:30:00,,,,,,,,,,,,
2023-05-04 13:00:00,,,,,,,,,,,,
2023-05-04 13:30:00,,,,,,,,,,,,
2023-05-04 14:00:00,,,,,,,,,,,,
2023-05-04 14:30:00,,,,,,,,,,,,
2023-05-04 15:00:00,,,,,,,,,,,,
2023-05-04 15:30:00,,,,,,,,,,,,
2023-05-04 16:00:00,,,,,,,,,,,,
2023-05-04 16:30:00,,,,,,,,,,,,
2023-05-04 17:00:00,,,,,,,,,,,,
2023-05-04 17:30:00,,,,,,,,,,,,
2023-05-04 18:00:00,,,,,,,,,,,,
2023-05-04 18:30:00,,,,,,,,,,,,
2023-05-04 19:00:00,,,,,,,,,,,,
2023-05-04 19:30:00,,,,,,,,,,,,
2023-05-04 20:00:00,,,,,,,,,,,,
2023-05-04 20:30:00,,,,,,,,,,,,
2023-05-04 21:00:00,,,,,,,,,,,,
2023-05-04 21:30:00,,,,,,,,,,,,
2023-05-04 22:00:00,,,,,,,,,,,,
2023-05-04 22:30:00,,,,,,,,,,,,
2023-05-04 23:00:00,,,,,,,,,,,,
2023-05-04 23:30:00,,,,,,,,,,,,
2023-05-05 00:00:00,,,,,,,,,,,,
2023-05-05 00:30:00,,,,,,,,,,,,
2023-05-05 01:00:00,,,,,,,,,,,,
2023-05-05 01:30:00,,,,,,,,,,,,
2023-05-05 02:00:00,,,,,,,,,,,,
2023-05-05 02:30:00,,,,,,,,,,,,
2023-05-05 03:00:00,,,,,,,,,,,,
2023-05-05 03:30:00,,,,,,,,,,,,
2023-05-05 04:00:00,,,,,,,,,,,,
2023-05-05 04:30:00,,,,,,,,,,,,
2023-05-05 05:00:00,,,,,,,,,,,,
2023-05-05 05:30:00,,,,,,,,,,,,
2023-05-05 06:00:00,,,,,,,,,,,,
2023-05-05 06:30:00,,,,,,,,,,,,
2023-05-05 07:00:00,,,,,,,,,,,,
2023-05-05 07:30:00,,,,,,,,,,,,
2023-05-05 08:00:00,,,,,,,,,,,,
2023-05-05 08:30:00,,,,,,,,,,,,
2023-05-05 09:00:00,,,,,,,,,,,,
2023-05-05 09:30:00,,,,,,,,,,,,
2023-05-05 10:00:00,,,,,,,,,,,,
2023-05-05 10:30:00,,,,,,,,,,,,
2023-05-05 11:00:00,,,,,,,,,,,,
2023-05-05 11:30:00,,,,,,,,,,,,
2023-05-05 12:00:00,,,,,,,,,,,,
2023-05-05 12:30:00,,,,,,,,,,,,
2023-05-05 13:00:00,,,,,,,,,,,,
2023-05-05 13:30:00,,,,,,,,,,,,
2023-05-05 14:00:00,,,,,,,,,,,,
2023-05-05 14:30:00,,,,,,,,,,,,
2023-05-05 15:00:00,,,,,,,,,,,,
2023-05-05 15:30:00,,,,,,,,,,,,
2023-05-05 16:00:00,,,,,,,,,,,,
2023-05-05 16:30:00,,,,,,,,,,,,
2023-05-05 17:00:00,,,,,,,,,,,,
2023-05-05 17:30:00,,,,,,,,,,,,
2023-05-05 18:00:00,,,,,,,,,,,,
2023-05-05 18:30:00,,,,,,,,,,,,
2023-05-05 19:00:00,,,,,,,,,,,,
2023-05-05 19:30:00,,,,,,,,,,,,
2023-05-05 20:00:00,,,,,,,,,,,,
2023-05-05 20:30:00,,,,,,,,,,,,
2023-05-05 21:00:00,,,,,,,,,,,,
2023-05-05 21:30:00,,,,,,,,,,,,
2023-05-05 22:00:00,,,,,,,,,,,,
2023-05-05 22:30:00,,,,,,,,,,,,
2023-05-05 23:00:00,,,,,,,,,,,,
2023-05-05 23:30:00,,,,,,,,,,,,
2023-05-06 00:00:00,,,,,,,,,,,,
2023-05-06 00:30:00,,,,,,,,,,,,
2023-05-06 01:00:00,,,,,,,,,,,,
2023-05-06 01:30:00,,,,,,,,,,,,
2023-05-06 02:00:00,,,,,,,,,,,,
2023-05-06 02:30:00,,,,,,,,,,,,
2023-05-06 03:00:00,,,,,,,,,,,,
2023-05-06 03:30:00,,,,,,,,,,,,
2023-05-06 04:00:00,,,,,,,,,,,,
2023-05-06 04:30:00,,,,,,,,,,,,
2023-05-06 05:00:00,,,,,,,,,,,,
2023-05-06 05:30:00,,,,,,,,,,,,
2023-05-06 06:00:00,,,,,,,,,,,,
2023-05-06 06:30:00,,,,,,,,,,,,
2023-05-06 07:00:00,,,,,,,,,,,,
2023-05-06 07:30:00,,,,,,,,,,,,
2023-05-06 08:00:00,,,,,,,,,,,,
2023-05-06 08:30:00,,,,,,,,,,,,
2023-05-06 09:00:00,,,,,,,,,,,,
2023-05-06 09:30:00,,,,,,,,,,,,
2023-05-06 10:00:00,,,,,,,,,,,,
2023-05-06 10:30:00,,,,,,,,,,,,
2023-05-06 11:00:00,,,,,,,,,,,,
2023-05-06 11:30:00,,,,,,,,,,,,
2023-05-06 12:00:00,,,,,,,,,,,,
2023-05-06 12:30:00,,,,,,,,,,,,
2023-05-06 13:00:00,,,,,,,,,,,,
2023-05-06 13:30:00,,,,,,,,,,,,
2023-05-06 14:00:00,,,,,,,,,,,,
2023-05-06 14:30:00,,,,,,,,,,,,
2023-05-06 15:00:00,,,,,,,,,,,,
2023-05-06 15:30:00,,,,,,,,,,,,
2023-05-06 16:00:00,,,,,,,,,,,,
2023-05-06 16:30:00,,,,,,,,,,,,
2023-05-06 17:00:00,,,,,,,,,,,,
2023-05-06 17:30:00,,,,,,,,,,,,
2023-05-06 18:00:00,,,,,,,,,,,,
2023-05-06 18:30:00,,,,,,,,,,,,
2023-05-06 19:00:00,,,,,,,,,,,,
2023-05-06 19:30:00,,,,,,,,,,,,
2023-05-06 20:00:00,,,,,,,,,,,,
2023-05-06 20:30:00,,,,,,,,,,,,
2023-05-06 21:00:00,,,,,,,,,,,,
2023-05-06 21:30:00,,,,,,,,,,,,
2023-05-06 22:00:00,,,,,,,,,,,,
2023-05-06 22:30:00,,,,,,,,,,,,
2023-05-06 23:00:00,,,,,,,,,,,,
2023-05-06 23:30:00,,,,,,,,,,,,
2023-05-07 00:00:00,,,,,,,,,,,,
2023-05-07 00:30:00,,,,,,,,,,,,
2023-05-07 01:00:00,,,,,,,,,,,,
2023-05-07 01:30:00,,,,,,,,,,,,
2023-05-07 02:00:00,,,,,,,,,,,,
2023-05-07 02:30:00,,,,,,,,,,,,
2023-05-07 03:00:00,,,,,,,,,,,,
2023-05-07 03:30:00,,,,,,,,,,,,
2023-05-07 04:00:00,,,,,,,,,,,,
2023-05-07 04:30:00,,,,,,,,,,,,
2023-05-07 05:00:00,,,,,,,,,,,,
2023-05-07 05:30:00,,,,,,,,,,,,
2023-05-07 06:00:00,,,,,,,,,,,,
2023-05-07 06:30:00,,,,,,,,,,,,
2023-05-07 07:00:00,,,,,,,,,,,,
2023-05-07 07:30:00,,,,,,,,,,,,
2023-05-07 08:00:00,,,,,,,,,,,,
2023-05-07 08:30:00,,,,,,,,,,,,
2023-05-07 09:00:00,,,,,,,,,,,,
2023-05-07 09:30:00,,,,,,,,,,,,
2023-05-07 10:00:00,,,,,,,,,,,,
2023-05-07 10:30:00,,,,,,,,,,,,
2023-05-07 11:00:00,,,,,,,,,,,,
2023-05-07 11:30:00,,,,,,,,,,,,
2023-05-07 12:00:00,,,,,,,,,,,,
2023-05-07 12:30:00,,,,,,,,,,,,
2023-05-07 13:00:00,,,,,,,,,,,,
2023-05-07 13:30:00,,,,,,,,,,,,
2023-05-07 14:00:00,,,,,,,,,,,,
2023-05-07 14:30:00,,,,,,,,,,,,
2023-05-07 15:00:00,,,,,,,,,,,,
2023-05-07 15:30:00,,,,,,,,,,,,
2023-05-07 16:00:00,,,,,,,,,,,,
2023-05-07 16:30:00,,,,,,,,,,,,
2023-05-07 17:00:00,,,,,,,,,,,,
2023-05-07 17:30:00,,,,,,,,,,,,
2023-05-07 18:00:00,,,,,,,,,,,,
2023-05-07 18:30:00,,,,,,,,,,,,
2023-05-07 19:00:00,,,,,,,,,,,,
2023-05-07 19:30:00,,,,,,,,,,,,
2023-05-07 20:00:00,,,,,,,,,,,,
2023-05-07 20:30:00,,,,,,,,,,,,
2023-05-07 21:00:00,,,,,,,,,,,,
2023-05-07 21:30:00,,,,,,,,,,,,
2023-05-07 22:00:00,,,,,,,,,,,,
2023-05-07 22:30:00,,,,,,,,,,,,
2023-05-07 23:00:00,,,,,,,,,,,,
2023-05-07 23:30:00,,,,,,,,,,,,
2023-05-08 00:00:00,,,,,,,,,,,,
2023-05-08 00:30:00,,,,,,,,,,,,
2023-05-08 01:00:00,,,,,,,,,,,,
2023-05-08 01:30:00,,,,,,,,,,,,
2023-05-08 02:00:00,,,,,,,,,,,,
2023-05-08 02:30:00,,,,,,,,,,,,
2023-05-08 03:00:00,,,,,,,,,,,,
2023-05-08 03:30:00,,,,,,,,,,,,
2023-05-08 04:00:00,,,,,,,,,,,,
2023-05-08 04:30:00,,,,,,,,,,,,
2023-05-08 05:00:00,,,,,,,,,,,,
2023-05-08 05:30:00,,,,,,,,,,,,
2023-05-08 06:00:00,,,,,,,,,,,,
2023-05-08 06:30:00,,,,,,,,,,,,
2023-05-08 07:00:00,,,,,,,,,,,,
2023-05-08 07:30:00,,,,,,,,,,,,
2023-05-08 08:00:00,,,,,,,,,,,,
2023-05-08 08:30:00,,,,,,,,,,,,
2023-05-08 09:00:00,,,,,,,,,,,,
2023-05-08 09:30:00,,,,,,,,,,,,
2023-05-08 10:00:00,,,,,,,,,,,,
2023-05-08 10:30:00,,,,,,,,,,,,
2023-05-08 11:00:00,,,,,,,,,,,,
2023-05-08 11:30:00,,,,,,,,,,,,
2023-05-08 12:00:00,,,,,,,,,,,,
2023-05-08 12:30:00,,,,,,,,,,,,
2023-05-08 13:00:00,,,,,,,,,,,,
2023-05-08 13:30:00,,,,,,,,,,,,
2023-05-08 14:00:00,,,,,,,,,,,,
2023-05-08 14:30:00,,,,,,,,,,,,
2023-05-08 15:00:00,,,,,,,,,,,,
2023-05-08 15:30:00,,,,,,,,,,,,
2023-05-08 16:00:00,,,,,,,,,,,,
2023-05-08 16:30:00,,,,,,,,,,,,
2023-05-08 17:00:00,,,,,,,,,,,,
2023-05-08 17:30:00,,,,,,,,,,,,
2023-05-08 18:00:00,,,,,,,,,,,,
2023-05-08 18:30:00,,,,,,,,,,,,
2023-05-08 19:00:00,,,,,,,,,,,,
2023-05-08 19:30:00,,,,,,,,,,,,
2023-05-08 20:00:00,,,,,,,,,,,,
2023-05-08 20:30:00,,,,,,,,,,,,
2023-05-08 21:00:00,,,,,,,,,,,,
2023-05-08 21:30:00,,,,,,,,,,,,
2023-05-08 22:00:00,,,,,,,,,,,,
2023-05-08 22:30:00,,,,,,,,,,,,
2023-05-08 23:00:00,,,,,,,,,,,,
2023-05-08 23:30:00,,,,,,,,,,,,
2023-05-09 00:00:00,,,,,,,,,,,,
2023-05-09 00:30:00,,,,,,,,,,,,
2023-05-09 01:00:00,,,,,,,,,,,,
2023-05-09 01:30:00,,,,,,,,,,,,
2023-05-09 02:00:00,,,,,,,,,,,,
2023-05-09 02:30:00,,,,,,,,,,,,
2023-05-09 03:00:00,,,,,,,,,,,,
2023-05-09 03:30:00,,,,,,,,,,,,
2023-05-09 04:00:00,,,,,,,,,,,,
2023-05-09 04:30:00,,,,,,,,,,,,
2023-05-09 05:00:00,,,,,,,,,,,,
2023-05-09 05:30:00,,,,,,,,,,,,
2023-05-09 06:00:00,,,,,,,,,,,,
2023-05-09 06:30:00,,,,,,,,,,,,
2023-05-09 07:00:00,,,,,,,,,,,,
2023-05-09 07:30:00,,,,,,,,,,,,
2023-05-09 08:00:00,,,,,,,,,,,,
2023-05-09 08:30:00,,,,,,,,,,,,
2023-05-09 09:00:00,,,,,,,,,,,,
2023-05-09 09:30:00,,,,,,,,,,,,
2023-05-09 10:00:00,,,,,,,,,,,,
2023-05-09 10:30:00,,,,,,,,,,,,
2023-05-09 11:00:00,,,,,,,,,,,,
2023-05-09 11:30:00,,,,,,,,,,,,
2023-05-09 12:00:00,,,,,,,,,,,,
2023-05-09 12:30:00,,,,,,,,,,,,
2023-05-09 13:00:00,,,,,,,,,,,,
2023-05-09 13:30:00,,,,,,,,,,,,
2023-05-09 14:00:00,,,,,,,,,,,,
2023-05-09 14:30:00,,,,,,,,,,,,
2023-05-09 15:00:00,,,,,,,,,,,,
2023-05-09 15:30:00,,,,,,,,,,,,
2023-05-09 16:00:00,,,,,,,,,,,,
2023-05-09 16:30:00,,,,,,,,,,,,
2023-05-09 17:00:00,,,,,,,,,,,,
2023-05-09 17:30:00,,,,,,,,,,,,
2023-05-09 18:00:00,,,,,,,,,,,,
2023-05-09 18:30:00,,,,,,,,,,,,
2023-05-09 19:00:00,,,,,,,,,,,,
2023-05-09 19:30:00,,,,,,,,,,,,
2023-05-09 20:00:00,,,,,,,,,,,,
2023-05-09 20:30:00,,,,,,,,,,,,
2023-05-09 21:00:00,,,,,,,,,,,,
2023-05-09 21:30:00,,,,,,,,,,,,
2023-05-09 22:00:00,,,,,,,,,,,,
2023-05-09 22:30:00,,,,,,,,,,,,
2023-05-09 23:00:00,,,,,,,,,,,,
2023-05-09 23:30:00,,,,,,,,,,,,
2023-05-10 00:00:00,,,,,,,,,,,,
2023-05-10 00:30:00,,,,,,,,,,,,
2023-05-10 01:00:00,,,,,,,,,,,,
2023-05-10 01:30:00,,,,,,,,,,,,
2023-05-10 02:00:00,,,,,,,,,,,,
2023-05-10 02:30:00,,,,,,,,,,,,
2023-05-10 03:00:00,,,,,,,,,,,,
2023-05-10 03:30:00,,,,,,,,,,,,
2023-05-10 04:00:00,,,,,,,,,,,,
2023-05-10 04:30:00,,,,,,,,,,,,
2023-05-10 05:00:00,,,,,,,,,,,,
2023-05-10 05:30:00,,,,,,,,,,,,
2023-05-10 06:00:00,,,,,,,,,,,,
2023-05-10 06:30:00,,,,,,,,,,,,
2023-05-10 07:00:00,,,,,,,,,,,,
2023-05-10 07:30:00,,,,,,,,,,,,
2023-05-10 08:00:00,,,,,,,,,,,,
2023-05-10 08:30:00,,,,,,,,,,,,
2023-05-10 09:00:00,,,,,,,,,,,,
2023-05-10 09:30:00,,,,,,,,,,,,
2023-05-10 10:00:00,,,,,,,,,,,,
2023-05-10 10:30:00,,,,,,,,,,,,
2023-05-10 11:00:00,,,,,,,,,,,,
2023-05-10 11:30:00,,,,,,,,,,,,
2023-05-10 12:00:00,,,,,,,,,,,,
2023-05-10 12:30:00,,,,,,,,,,,,
2023-05-10 13:00:00,,,,,,,,,,,,
2023-05-10 13:30:00,,,,,,,,,,,,
2023-05-10 14:00:00,,,,,,,,,,,,
2023-05-10 14:30:00,,,,,,,,,,,,
2023-05-10 15:00:00,,,,,,,,,,,,
2023-05-10 15:30:00,,,,,,,,,,,,
2023-05-10 16:00:00,,,,,,,,,,,,
2023-05-10 16:30:00,,,,,,,,,,,,
2023-05-10 17:00:00,,,,,,,,,,,,
2023-05-10 17:30:00,,,,,,,,,,,,
2023-05-10 18:00:00,,,,,,,,,,,,
2023-05-10 18:30:00,,,,,,,,,,,,
2023-05-10 19:00:00,,,,,,,,,,,,
2023-05-10 19:30:00,,,,,,,,,,,,
2023-05-10 20:00:00,,,,,,,,,,,,
2023-05-10 20:30:00,,,,,,,,,,,,
2023-05-10 21:00:00,,,,,,,,,,,,
2023-05-10 21:30:00,,,,,,,,,,,,
2023-05-10 22:00:00,,,,,,,,,,,,
2023-05-10 22:30:00,,,,,,,,,,,,
2023-05-10 23:00:00,,,,,,,,,,,,
2023-05-10 23:30:00,,,,,,,,,,,,
2023-05-11 00:00:00,,,,,,,,,,,,
2023-05-11 00:30:00,,,,,,,,,,,,
2023-05-11 01:00:00,,,,,,,,,,,,
2023-05-11 01:30:00,,,,,,,,,,,,
2023-05-11 02:00:00,,,,,,,,,,,,
2023-05-11 02:30:00,,,,,,,,,,,,
2023-05-11 03:00:00,,,,,,,,,,,,
2023-05-11 03:30:00,,,,,,,,,,,,
2023-05-11 04:00:00,,,,,,,,,,,,
2023-05-11 04:30:00,,,,,,,,,,,,
2023-05-11 05:00:00,,,,,,,,,,,,
2023-05-11 05:30:00,,,,,,,,,,,,
2023-05-11 06:00:00,,,,,,,,,,,,
2023-05-11 06:30:00,,,,,,,,,,,,
2023-05-11 07:00:00,,,,,,,,,,,,
2023-05-11 07:30:00,,,,,,,,,,,,
2023-05-11 08:00:00,,,,,,,,,,,,
2023-05-11 08:30:00,,,,,,,,,,,,
2023-05-11 09:00:00,,,,,,,,,,,,
2023-05-11 09:30:00,,,,,,,,,,,,
2023-05-11 10:00:00,,,,,,,,,,,,
2023-05-11 10:30:00,,,,,,,,,,,,
2023-05-11 11:00:00,,,,,,,,,,,,
2023-05-11 11:30:00,,,,,,,,,,,,
2023-05-11 12:00:00,,,,,,,,,,,,
2023-05-11 12:30:00,,,,,,,,,,,,
2023-05-11 13:00:00,,,,,,,,,,,,
2023-05-11 13:30:00,,,,,,,,,,,,
2023-05-11 14:00:00,,,,,,,,,,,,
2023-05-11 14:30:00,,,,,,,,,,,,
2023-05-11 15:00:00,,,,,,,,,,,,
2023-05-11 15:30:00,,,,,,,,,,,,
2023-05-11 16:00:00,,,,,,,,,,,,
2023-05-11 16:30:00,,,,,,,,,,,,
2023-05-11 17:00:00,,,,,,,,,,,,
2023-05-11 17:30:00,,,,,,,,,,,,
2023-05-11 18:00:00,,,,,,,,,,,,
2023-05-11 18:30:00,,,,,,,,,,,,
2023-05-11 19:00:00,,,,,,,,,,,,
2023-05-11 19:30:00,,,,,,,,,,,,
2023-05-11 20:00:00,,,,,,,,,,,,
2023-05-11 20:30:00,,,,,,,,,,,,
2023-05-11 21:00:00,,,,,,,,,,,,
2023-05-11 21:30:00,,,,,,,,,,,,
2023-05-11 22:00:00,,,,,,,,,,,,
2023-05-11 22:30:00,,,,,,,,,,,,
2023-05-11 23:00:00,,,,,,,,,,,,
2023-05-11 23:30:00,,,,,,,,,,,,
2023-05-12 00:00:00,,,,,,,,,,,,
2023-05-12 00:30:00,,,,,,,,,,,,
2023-05-12 01:00:00,,,,,,,,,,,,
2023-05-12 01:30:00,,,,,,,,,,,,
2023-05-12 02:00:00,,,,,,,,,,,,
2023-05-12 02:30:00,,,,,,,,,,,,
2023-05-12 03:00:00,,,,,,,,,,,,
2023-05-12 03:30:00,,,,,,,,,,,,
2023-05-12 04:00:00,,,,,,,,,,,,
2023-05-12 04:30:00,,,,,,,,,,,,
2023-05-12 05:00:00,,,,,,,,,,,,
2023-05-12 05:30:00,,,,,,,,,,,,
2023-05-12 06:00:00,,,,,,,,,,,,
2023-05-12 06:30:00,,,,,,,,,,,,
2023-05-12 07:00:00,,,,,,,,,,,,
2023-05-12 07:30:00,,,,,,,,,,,,
2023-05-12 08:00:00,,,,,,,,,,,,
2023-05-12 08:30:00,,,,,,,,,,,,
2023-05-12 09:00:00,,,,,,,,,,,,
2023-05-12 09:30:00,,,,,,,,,,,,
2023-05-12 10:00:00,,,,,,,,,,,,
2023-05-12 10:30:00,,,,,,,,,,,,
2023-05-12 11:00:00,,,,,,,,,,,,
2023-05-12 11:30:00,,,,,,,,,,,,
2023-05-12 12:00:00,,,,,,,,,,,,
2023-05-12 12:30:00,,,,,,,,,,,,
2023-05-12 13:00:00,,,,,,,,,,,,
2023-05-12 13:30:00,,,,,,,,,,,,
2023-05-12 14:00:00,,,,,,,,,,,,
2023-05-12 14:30:00,,,,,,,,,,,,
2023-05-12 15:00:00,,,,,,,,,,,,
2023-05-12 15:30:00,,,,,,,,,,,,
2023-05-12 16:00:00,,,,,,,,,,,,
2023-05-12 16:30:00,,,,,,,,,,,,
2023-05-12 17:00:00,,,,,,,,,,,,
2023-05-12 17:30:00,,,,,,,,,,,,
2023-05-12 18:00:00,,,,,,,,,,,,
2023-05-12 18:30:00,,,,,,,,,,,,
2023-05-12 19:00:00,,,,,,,,,,,,
2023-05-12 19:30:00,,,,,,,,,,,,
2023-05-12 20:00:00,,,,,,,,,,,,
2023-05-12 20:30:00,,,,,,,,,,,,
2023-05-12 21:00:00,,,,,,,,,,,,
2023-05-12 21:30:00,,,,,,,,,,,,
2023-05-12 22:00:00,,,,,,,,,,,,
2023-05-12 22:30:00,,,,,,,,,,,,
2023-05-12 23:00:00,,,,,,,,,,,,
2023-05-12 23:30:00,,,,,,,,,,,,
2023-05-13 00:00:00,,,,,,,,,,,,
2023-05-13 00:30:00,,,,,,,,,,,,
2023-05-13 01:00:00,,,,,,,,,,,,
2023-05-13 01:30:00,,,,,,,,,,,,
2023-05-13 02:00:00,,,,,,,,,,,,
2023-05-13 02:30:00,,,,,,,,,,,,
2023-05-13 03:00:00,,,,,,,,,,,,
2023-05-13 03:30:00,,,,,,,,,,,,
2023-05-13 04:00:00,,,,,,,,,,,,
2023-05-13 04:30:00,,,,,,,,,,,,
2023-05-13 05:00:00,,,,,,,,,,,,
2023-05-13 05:30:00,,,,,,,,,,,,
2023-05-13 06:00:00,,,,,,,,,,,,
2023-05-13 06:30:00,,,,,,,,,,,,
2023-05-13 07:00:00,,,,,,,,,,,,
2023-05-13 07:30:00,,,,,,,,,,,,
2023-05-13 08:00:00,,,,,,,,,,,,
2023-05-13 08:30:00,,,,,,,,,,,,
2023-05-13 09:00:00,,,,,,,,,,,,
2023-05-13 09:30:00,,,,,,,,,,,,
2023-05-13 10:00:00,,,,,,,,,,,,
2023-05-13 10:30:00,,,,,,,,,,,,
2023-05-13 11:00:00,,,,,,,,,,,,
2023-05-13 11:30:00,,,,,,,,,,,,
2023-05-13 12:00:00,,,,,,,,,,,,
2023-05-13 12:30:00,,,,,,,,,,,,
2023-05-13 13:00:00,,,,,,,,,,,,
2023-05-13 13:30:00,,,,,,,,,,,,
2023-05-13 14:00:00,,,,,,,,,,,,
2023-05-13 14:30:00,,,,,,,,,,,,
2023-05-13 15:00:00,,,,,,,,,,,,
2023-05-13 15:30:00,,,,,,,,,,,,
2023-05-13 16:00:00,,,,,,,,,,,,
2023-05-13 16:30:00,,,,,,,,,,,,
2023-05-13 17:00:00,,,,,,,,,,,,
2023-05-13 17:30:00,,,,,,,,,,,,
2023-05-13 18:00:00,,,,,,,,,,,,
2023-05-13 18:30:00,,,,,,,,,,,,
2023-05-13 19:00:00,,,,,,,,,,,,
2023-05-13 19:30:00,,,,,,,,,,,,
2023-05-13 20:00:00,,,,,,,,,,,,
2023-05-13 20:30:00,,,,,,,,,,,,
2023-05-13 21:00:00,,,,,,,,,,,,
2023-05-13 21:30:00,,,,,,,,,,,,
2023-05-13 22:00:00,,,,,,,,,,,,
2023-05-13 22:30:00,,,,,,,,,,,,
2023-05-13 23:00:00,,,,,,,,,,,,
2023-05-13 23:30:00,,,,,,,,,,,,
2023-05-14 00:00:00,,,,,,,,,,,,
2023-05-14 00:30:00,,,,,,,,,,,,
2023-05-14 01:00:00,,,,,,,,,,,,
2023-05-14 01:30:00,-3.3,75.8,1011.4,3.1,4.7,273.6,6.5218,2.8326,,-4.0,,-3.6
2023-05-14 02:00:00,-3.3,75.1,1011.3,3.3,4.8,276.1,2.2396,1.3642,,-4.1,0.016,-3.4
2023-05-14 02:30:00,-3.3,74.4,1011.1,3.3,4.8,278.2,0.6187,0.3893,,-3.7,0.017,-3.0
2023-05-14 03:00:00,-3.2,72.9,1010.9,3.1,4.8,271.9,0.0,0.0,,-3.1,0.017,-2.9
2023-05-14 03:30:00,-3.2,74.5,1010.7,2.9,4.4,275.8,0.0,0.0,,-3.0,0.018,-2.8
2023-05-14 04:00:00,-3.2,74.3,1010.7,3.6,5.1,262.2,0.0,0.0,,-3.0,0.018,-2.8
2023-05-14 04:30:00,-3.2,75.4,1010.6,3.7,5.2,267.6,0.0,0.0,,-3.0,0.017,-2.8
2023-05-14 05:00:00,-3.2,76.0,1010.6,3.6,5.2,271.2,0.2686,0.0,,-3.1,0.017,-2.9
2023-05-14 05:30:00,-3.3,77.7,1010.4,4.0,5.8,272.1,2.2421,0.3823,,-3.1,0.017,-2.9
2023-05-14 06:00:00,-3.3,76.9,1010.3,3.6,5.4,271.9,6.4976,1.6807,,-3.2,0.017,-2.9
2023-05-14 06:30:00,-3.5,79.5,1010.3,3.6,4.9,267.2,13.0665,3.691,,-3.1,0.017,-2.8
2023-05-14 07:00:00,-3.5,79.6,1010.2,3.7,5.0,274.7,22.5483,6.5142,,-3.1,0.017,-2.7
2023-05-14 07:30:00,-3.6,80.9,1010.2,3.4,4.9,270.5,30.9114,9.1056,,-2.9,0.017,-2.6
2023-05-14 08:00:00,-3.6,81.6,1010.2,3.1,4.2,262.6,44.6856,13.5794,,-2.7,0.017,-2.3
2023-05-14 08:30:00,-3.7,79.9,1010.2,2.8,3.8,259.0,55.0294,17.6536,,-2.7,0.017,-2.1
2023-05-14 09:00:00,-3.6,78.9,1010.2,3.1,4.3,267.9,92.4386,30.8723,,-2.4,0.017,-1.0
2023-05-14 09:30:00,-3.4,76.8,1010.1,2.7,3.4,267.9,184.2538,61.909,,-1.6,0.017,0.9
2023-05-14 10:00:00,-3.4,76.3,1010.1,3.3,4.1,262.0,188.8378,60.9976,,-1.5,0.008,-0.3
2023-05-14 10:30:00,-3.5,74.2,1010.2,3.0,3.9,273.9,176.9373,55.5565,,-1.4,0.0,-0.3
2023-05-14 11:00:00,-3.4,72.9,1010.1,3.1,4.8,270.2,203.3923,62.702,,-1.1,0.008,0.2
2023-05-14 11:30:00,-3.4,72.5,1010.1,3.0,4.4,254.7,209.7752,63.5058,,-1.0,0.011,0.2
2023-05-14 12:00:00,-3.4,70.9,1010.0,3.3,4.6,270.0,214.9262,64.8184,,-1.0,0.011,0.3
2023-05-14 12:30:00,-3.4,71.3,1009.9,3.2,4.6,270.4,222.5224,66.9834,,-0.9,0.011,0.3
2023-05-14 13:00:00,-3.5,71.6,1009.9,3.4,4.5,265.4,224.3945,67.4997,,-0.9,0.003,0.3
2023-05-14 13:30:00,-3.5,71.7,1009.8,3.1,3.8,259.3,249.5055,74.9724,,-0.5,0.0,0.8
2023-05-14 14:00:00,-3.4,71.0,1009.8,2.6,3.5,256.4,321.6261,96.8793,0.301,0.4,0.0,4.0
2023-05-14 14:30:00,-3.2,69.2,1009.6,2.5,3.6,254.7,436.9834,130.2646,0.298,2.0,0.01,4.6
2023-05-14 15:00:00,-3.3,71.1,1009.6,2.4,3.6,248.2,405.4779,119.2544,0.294,2.1,0.014,3.7
2023-05-14 15:30:00,-3.3,72.1,1009.6,2.1,3.1,250.8,360.9302,105.4465,0.292,1.9,0.013,3.4
2023-05-14 16:00:00,-3.4,71.7,1009.6,1.9,3.0,243.7,381.3558,111.5173,0.292,2.2,0.012,4.6
2023-05-14 16:30:00,-3.1,69.7,1009.6,2.1,3.0,254.2,494.3388,143.3032,0.29,3.6,0.013,6.2
2023-05-14 17:00:00,-3.1,69.8,1009.7,1.8,3.1,230.7,443.7956,126.77,0.286,3.6,0.011,5.9
2023-05-14 17:30:00,-3.1,68.4,1009.7,1.5,2.4,219.7,419.3166,119.5339,0.285,3.6,0.007,6.8
2023-05-14 18:00:00,-2.8,69.1,1009.6,1.7,2.9,150.8,494.4437,141.4536,0.286,4.4,0.012,9.8
2023-05-14 18:30:00,-3.1,71.2,1009.6,1.7,2.9,153.5,428.6905,119.1241,,3.9,0.012,6.2
2023-05-14 19:00:00,-3.3,75.7,1009.6,1.7,2.5,123.1,308.0843,84.4474,,2.2,0.007,4.2
2023-05-14 19:30:00,-3.4,80.2,1009.5,2.1,3.5,116.8,319.8145,88.3333,,1.9,0.005,4.7
2023-05-14 20:00:00,-3.3,80.8,1009.4,2.5,3.4,106.2,282.9326,77.9364,,1.3,0.0,3.1
2023-05-14 20:30:00,-3.3,77.6,1009.4,2.9,3.5,101.4,186.1458,50.3534,,0.0,0.0,0.5
2023-05-14 21:00:00,-3.3,77.4,1009.5,2.8,3.8,86.4,107.8743,28.9523,,-1.1,0.0,-0.9
2023-05-14 21:30:00,-3.4,77.1,1009.5,3.2,5.8,78.6,105.3609,28.2464,,-1.4,0.0,-1.2
2023-05-14 22:00:00,-3.4,71.0,1009.5,3.4,5.8,75.8,92.9937,24.9494,,-1.9,0.0,-0.9
2023-05-14 22:30:00,-3.2,68.6,1009.4,3.1,4.3,79.1,136.8654,38.8392,,-2.1,0.0,1.5
2023-05-14 23:00:00,-3.0,62.7,1009.3,2.5,4.1,76.0,145.7083,41.3015,,-1.6,0.0,-0.6
2023-05-14 23:30:00,-2.9,57.5,1009.3,1.7,3.1,80.4,64.2974,17.4252,,-1.9,0.0,-1.4
2023-05-15 00:00:00,-2.8,57.2,1009.2,1.9,3.1,78.7,36.0787,9.4614,,-2.2,0.0,-1.9
2023-05-15 00:30:00,-2.8,58.6,1009.2,2.6,4.5,80.6,25.8982,6.6049,,-2.4,0.0,-2.1
2023-05-15 01:00:00,-2.7,57.6,1009.1,2.7,4.6,79.5,19.3154,4.843,,-2.5,0.0,-2.1
2023-05-15 01:30:00,-2.6,57.9,1009.2,2.1,3.4,85.8,9.6817,2.2976,,-2.5,0.0,-2.2
2023-05-15 02:00:00,-2.6,58.1,1009.0,1.9,3.5,69.5,5.9648,1.3512,,-2.6,0.0,-2.3
2023-05-15 02:30:00,-2.7,59.3,1008.8,1.7,3.4,53.8,3.2028,0.6347,,-2.7,0.0,-2.3
2023-05-15 03:00:00,-2.6,61.0,1008.7,2.5,4.6,80.8,0.6171,0.0,,-2.7,0.0,-2.3
2023-05-15 03:30:00,-2.4,61.8,1008.5,2.8,3.6,123.3,0.0,0.0,,-2.6,0.0,-2.3
2023-05-15 04:00:00,-2.5,62.0,1008.4,1.6,2.7,76.0,0.0,0.0,,-2.7,0.0,-2.4
2023-05-15 04:30:00,-2.4,60.2,1008.1,1.5,3.1,46.7,0.793,0.0,,-2.6,0.0,-2.2
2023-05-15 05:00:00,-2.3,59.4,1008.1,1.1,2.6,47.2,2.2447,0.391,,-2.5,0.0,-2.2
2023-05-15 05:30:00,-2.3,60.5,1007.9,1.2,3.8,33.3,7.0227,1.8422,,-2.7,0.0,-2.2
2023-05-15 06:00:00,-2.4,59.0,1007.7,1.6,3.8,25.9,12.1546,3.3697,,-3.0,0.0,-2.3
2023-05-15 06:30:00,-2.8,58.4,1007.5,2.3,4.8,3.1,17.1849,5.067,,-3.8,0.0,-3.0
2023-05-15 07:00:00,-3.1,56.9,1007.4,2.7,6.6,352.2,21.1005,6.2885,,-4.5,0.0,-3.0
2023-05-15 07:30:00,-3.3,56.3,1007.2,3.2,7.7,341.7,43.6212,12.5067,,-4.3,0.0,-2.9
2023-05-15 08:00:00,-3.3,55.2,1007.0,4.2,7.7,330.5,76.5521,21.742,,-3.8,0.001,-2.0
2023-05-15 08:30:00,-3.3,53.6,1006.8,6.3,9.4,341.9,116.1991,32.3919,,-3.3,0.001,-1.6
2023-05-15 09:00:00,-3.7,55.7,1006.6,6.0,9.3,329.3,152.2061,42.2428,,-3.0,0.005,-1.5
2023-05-15 09:30:00,-3.6,55.3,1006.4,6.9,11.5,335.5,154.6054,42.6324,,-2.9,0.005,-0.9
2023-05-15 10:00:00,-3.3,55.2,1006.2,6.5,9.2,334.7,210.5019,58.2583,,-2.3,0.004,-0.2
2023-05-15 10:30:00,-3.3,56.2,1006.0,6.5,9.1,332.4,234.1458,64.5554,,-2.0,0.004,0.1
2023-05-15 11:00:00,-2.9,54.0,1005.7,6.3,10.5,343.9,302.4063,85.2119,,-1.3,0.006,2.6
2023-05-15 11:30:00,-2.7,52.6,1005.4,6.6,9.2,346.7,366.0677,104.3638,,-0.9,0.015,4.1
2023-05-15 12:00:00,-2.3,52.1,1005.0,6.4,9.1,346.7,475.31,136.2047,,0.3,0.012,5.2
2023-05-15 12:30:00,-2.1,50.4,1004.7,5.7,8.0,352.6,445.2879,124.8842,,0.5,0.007,4.9
2023-05-15 13:00:00,-1.9,50.0,1004.5,6.4,8.1,356.8,458.2077,126.6318,,0.8,0.002,6.6
2023-05-15 13:30:00,-1.3,47.6,1004.2,5.1,7.3,354.4,511.8432,138.1959,,2.3,0.005,5.9
2023-05-15 14:00:00,-1.0,46.8,1004.1,3.8,5.7,358.8,484.1307,127.8726,0.264,3.2,0.003,6.4
2023-05-15 14:30:00,-0.4,47.8,1003.9,2.3,4.8,333.6,489.8438,127.9883,0.261,4.9,0.0,11.1
2023-05-15 15:00:00,-0.2,47.4,1003.8,1.8,2.3,172.5,520.8212,133.1752,0.255,6.6,0.011,10.6
2023-05-15 15:30:00,-0.2,51.5,1003.5,1.7,2.3,164.7,437.9365,108.5236,0.248,5.8,0.01,8.6
2023-05-15 16:00:00,-0.2,54.1,1003.3,2.5,3.4,246.4,373.4625,90.7237,0.243,4.4,0.013,5.5
2023-05-15 16:30:00,-0.3,58.4,1003.0,2.8,3.6,257.4,379.0595,91.4635,0.241,3.8,0.005,6.3
2023-05-15 17:00:00,-0.1,57.9,1002.7,3.4,4.5,254.3,493.9297,120.1512,0.243,5.2,0.0,9.2
2023-05-15 17:30:00,-0.1,58.4,1002.4,3.3,4.6,257.7,431.061,102.9292,0.239,4.7,0.0,7.2
2023-05-15 18:00:00,0.1,58.2,1001.9,3.1,4.1,256.7,442.3901,104.7921,0.237,5.0,0.0,9.0
2023-05-15 18:30:00,0.8,51.5,1001.5,2.4,3.6,245.6,433.1344,101.7101,,5.8,0.0,8.8
2023-05-15 19:00:00,1.1,49.4,1001.3,1.6,2.7,237.1,450.2751,104.8242,,6.5,0.0,15.7
2023-05-15 19:30:00,1.8,47.1,1001.2,2.1,6.5,261.5,549.1604,130.7566,,7.2,0.011,17.9
2023-05-15 20:00:00,1.7,47.5,1001.1,1.9,4.3,226.7,501.5779,118.2359,,6.7,0.011,18.5
2023-05-15 20:30:00,1.7,45.6,1001.0,2.1,4.7,125.8,428.0009,98.9512,,6.0,0.016,13.0
2023-05-15 21:00:00,0.8,52.4,1001.0,2.3,3.8,130.1,323.3825,73.8238,,3.8,0.02,12.1
2023-05-15 21:30:00,0.7,59.0,1001.1,1.3,2.1,204.0,304.2926,69.9376,,3.9,0.007,11.5
2023-05-15 22:00:00,0.6,56.0,1001.2,0.9,1.8,168.1,232.3238,53.8473,,2.4,0.0,13.4
2023-05-15 22:30:00,0.7,56.4,1001.2,0.8,1.7,209.6,216.525,50.2419,,1.9,0.0,7.9
2023-05-15 23:00:00,0.7,55.4,1001.2,0.6,1.7,174.3,168.3922,37.7529,,0.8,0.0,4.0
2023-05-15 23:30:00,0.2,56.2,1001.2,0.7,1.3,298.2,73.1238,13.5484,,-1.3,0.0,-0.3
2023-05-16 00:00:00,-0.4,58.4,1001.2,1.6,2.1,332.0,36.0217,7.4425,,-2.0,,-1.5
2023-05-16 00:30:00,-0.8,60.7,1001.2,1.3,1.7,346.1,28.4051,5.9607,,-2.6,0.005,-2.3
2023-05-16 01:00:00,-0.8,59.0,1001.3,1.0,2.4,13.0,22.2836,4.8512,,-3.0,0.016,-1.9
2023-05-16 01:30:00,-0.8,47.1,1001.4,2.5,4.5,2.2,18.3896,4.2532,,-2.7,0.017,-1.1
2023-05-16 02:00:00,-0.5,42.7,1001.4,2.5,4.5,350.7,5.8823,1.4075,,-2.9,0.014,-1.4
2023-05-16 02:30:00,-0.8,43.9,1001.4,1.9,3.7,356.3,1.0446,0.2862,,-3.3,0.013,-2.5
2023-05-16 03:00:00,-0.8,46.7,1001.3,2.1,3.7,30.9,0.0,0.0,,-3.7,0.013,-1.9
2023-05-16 03:30:00,-0.8,42.5,1001.4,2.6,4.4,16.0,0.0,0.0,,-3.3,0.0,-1.7
2023-05-16 04:00:00,-0.7,42.5,1001.5,2.4,4.1,11.1,0.0,0.0,,-3.4,0.0,-2.1
2023-05-16 04:30:00,-1.0,43.5,1001.8,2.1,3.2,29.6,0.0,0.0,,-3.7,0.0,-2.4
2023-05-16 05:00:00,-0.7,44.4,1002.0,1.8,3.0,26.7,0.0,0.0,,-3.7,0.0,-2.1
2023-05-16 05:30:00,-0.4,42.9,1002.1,1.7,3.7,32.5,2.6805,0.5417,,-3.3,0.0,-1.2
2023-05-16 06:00:00,-0.2,42.3,1002.1,1.9,4.4,21.1,7.4333,1.544,,-3.1,0.0,-1.0
2023-05-16 06:30:00,-0.3,42.4,1002.1,1.8,3.3,14.7,14.2217,2.9881,,-3.0,0.0,-0.9
2023-05-16 07:00:00,-0.3,42.6,1002.1,1.9,3.6,1.7,24.1259,5.01,,-2.9,0.001,-0.9
2023-05-16 07:30:00,-0.5,42.4,1002.1,2.8,4.8,351.7,31.7225,6.4947,,-2.7,0.002,-0.8
2023-05-16 08:00:00,-0.6,43.2,1002.1,2.6,5.0,355.4,50.9865,10.9663,,-2.4,0.002,-0.2
2023-05-16 08:30:00,-0.2,45.8,1002.2,2.2,4.6,340.3,87.2193,19.2276,,-1.4,0.002,0.5
2023-05-16 09:00:00,-0.3,49.7,1002.1,0.6,1.8,326.7,155.3494,38.4321,,-0.3,0.004,5.1
2023-05-16 09:30:00,0.0,51.3,1002.2,0.8,1.8,334.5,223.3577,57.5589,,0.6,0.004,8.7
2023-05-16 10:00:00,0.2,52.8,1002.3,1.4,3.0,333.7,317.6031,81.2562,,2.3,0.007,9.9
2023-05-16 10:30:00,0.1,57.5,1002.3,2.1,3.4,280.6,370.9987,92.1892,,2.9,0.0,9.6
2023-05-16 11:00:00,0.2,56.1,1002.2,1.8,2.5,263.8,420.4585,101.5652,,4.2,0.001,11.0
2023-05-16 11:30:00,0.8,49.2,1002.2,1.1,1.6,263.7,478.0375,112.6138,,6.0,0.0,13.0
2023-05-16 12:00:00,0.7,56.2,1002.0,1.4,1.9,163.8,523.7972,119.1718,,6.9,0.006,13.1
2023-05-16 12:30:00,0.8,59.2,1001.8,1.3,1.7,201.9,567.9122,126.0476,,8.1,0.006,14.5
2023-05-16 13:00:00,1.2,52.1,1001.7,1.8,2.5,217.5,601.2601,129.0763,,8.7,0.009,14.0
2023-05-16 13:30:00,1.4,50.9,1001.6,1.7,2.3,198.1,636.3703,133.1908,,9.7,0.008,14.1
2023-05-16 14:00:00,1.7,49.8,1001.5,1.5,2.3,220.8,667.1855,136.6308,0.205,10.8,0.008,14.8
2023-05-16 14:30:00,1.5,55.6,1001.3,2.2,3.2,254.4,688.0673,135.9905,0.198,10.5,0.011,14.3
2023-05-16 15:00:00,1.6,54.6,1001.1,1.8,2.6,243.3,702.2176,135.6898,0.193,11.4,0.012,15.6
2023-05-16 15:30:00,2.0,53.1,1001.0,1.8,3.2,228.1,709.5857,134.714,0.19,11.9,0.012,15.4
2023-05-16 16:00:00,2.2,53.0,1000.9,1.7,2.5,217.2,708.199,131.9125,0.186,12.5,0.014,17.8
2023-05-16 16:30:00,2.2,55.9,1000.7,1.8,3.0,227.6,701.9836,129.27,0.184,12.4,0.012,16.5
2023-05-16 17:00:00,2.3,58.3,1000.6,1.9,3.0,243.3,688.9941,124.9265,0.181,12.2,0.015,16.5
2023-05-16 17:30:00,1.9,60.6,1000.4,2.3,3.3,244.6,669.5069,119.3977,0.178,11.1,0.015,16.6
2023-05-16 18:00:00,2.3,50.5,1000.3,2.1,2.8,229.0,644.6135,114.4571,0.178,11.2,0.014,11.6
2023-05-16 18:30:00,2.6,48.5,1000.2,2.0,2.7,239.5,612.1116,107.9416,,10.9,0.013,17.4
2023-05-16 19:00:00,2.7,51.9,1000.1,1.8,2.7,244.0,573.0636,100.7993,,10.5,0.016,18.2
2023-05-16 19:30:00,2.8,45.4,1000.1,1.4,1.9,224.1,531.3177,94.3903,,10.2,0.01,19.4
2023-05-16 20:00:00,2.4,57.7,1000.1,1.2,1.7,166.9,483.6877,86.5232,,9.3,0.009,20.0
2023-05-16 20:30:00,2.6,54.8,1000.1,1.2,1.6,175.2,435.2291,79.1361,,8.3,0.008,19.0
2023-05-16 21:00:00,1.9,61.4,1000.0,1.1,1.7,175.0,359.1281,65.2415,,6.5,0.001,16.5
2023-05-16 21:30:00,2.1,55.9,1000.1,1.3,2.0,224.6,324.4527,59.4926,,5.4,0.0,15.3
2023-05-16 22:00:00,2.1,45.4,999.9,0.9,1.6,171.3,209.8936,37.4828,,3.3,0.0,10.7
2023-05-16 22:30:00,1.8,52.7,999.8,0.7,1.2,220.0,194.5019,35.5832,,2.3,0.0,9.5
2023-05-16 23:00:00,1.3,61.9,999.8,0.7,1.4,127.6,180.6179,32.8886,,1.6,0.0,4.2
2023-05-16 23:30:00,0.7,75.1,999.9,0.8,1.3,62.6,69.8954,8.2948,,-1.1,0.0,-0.6
2023-05-17 00:00:00,-0.5,83.9,999.9,0.5,0.9,326.0,31.8134,4.1186,,-2.0,0.0,-2.5
2023-05-17 00:30:00,-0.4,67.6,999.9,0.7,1.7,353.8,24.6331,3.2685,,-2.6,0.0,-1.8
2023-05-17 01:00:00,0.6,43.2,999.9,2.1,3.0,31.1,17.1178,2.2249,,-2.1,0.0,-0.6
2023-05-17 01:30:00,0.9,38.7,999.8,1.8,2.5,31.4,10.2623,1.2881,,-2.6,0.007,-1.5
2023-05-17 02:00:00,0.3,44.0,999.7,0.9,1.9,46.4,4.853,0.4513,,-3.7,0.002,-3.6
2023-05-17 02:30:00,-0.4,47.2,999.6,0.8,2.0,330.3,1.9456,0.0094,,-4.2,0.0,-3.5
2023-05-17 03:00:00,-0.3,43.1,999.6,0.9,1.8,327.1,0.0,0.0,,-4.3,0.0,-3.8
2023-05-17 03:30:00,-0.9,46.0,999.7,0.8,1.9,51.7,0.0,0.0,,-4.7,0.0,-4.0
2023-05-17 04:00:00,-0.5,45.9,999.7,1.3,3.1,15.7,0.0,0.0,,-4.1,0.0,-2.4
2023-05-17 04:30:00,-0.6,42.5,999.6,2.2,3.6,56.6,0.0,0.0,,-3.5,0.009,-2.1
2023-05-17 05:00:00,-1.4,45.1,999.6,2.8,5.4,48.6,0.346,0.0,,-3.7,0.009,-2.5
2023-05-17 05:30:00,-0.9,43.5,999.8,2.3,3.5,39.3,3.22,0.2754,,-3.7,0.012,-2.4
2023-05-17 06:00:00,-1.2,46.1,999.9,2.4,3.2,37.0,7.7732,0.9489,,-3.7,0.013,-2.4
2023-05-17 06:30:00,-1.3,54.5,1000.0,2.5,3.4,43.1,13.4461,1.6474,,-3.4,0.014,-2.4
2023-05-17 07:00:00,-1.4,54.9,1000.1,1.8,3.0,55.6,20.2443,2.5611,,-3.3,0.014,-2.0
2023-05-17 07:30:00,-1.4,55.1,1000.2,1.9,3.4,25.3,28.1983,3.6047,,-3.2,0.016,-1.7
2023-05-17 08:00:00,-1.2,55.9,1000.2,1.9,3.1,28.9,37.1597,4.8769,,-2.9,0.016,-1.3
2023-05-17 08:30:00,-1.1,62.4,1000.3,1.5,2.9,20.9,55.3748,8.3299,,-2.6,0.018,-0.9
2023-05-17 09:00:00,-0.5,63.7,1000.3,1.6,2.4,11.7,211.7414,43.3522,,-0.2,0.015,6.7
2023-05-17 09:30:00,-0.2,69.8,1000.4,0.8,1.9,38.8,183.4494,34.304,,0.8,0.015,4.6
2023-05-17 10:00:00,-0.2,75.4,1000.4,0.7,1.7,112.7,191.6531,31.3464,,2.2,0.017,4.3
2023-05-17 10:30:00,-0.2,75.9,1000.4,0.9,2.0,164.1,199.5143,31.8292,,2.7,0.018,4.8
2023-05-17 11:00:00,0.0,74.0,1000.4,1.3,2.3,160.9,370.8842,67.8975,,4.5,0.014,11.7
2023-05-17 11:30:00,0.2,72.7,1000.5,1.6,2.3,171.3,471.095,85.6817,,6.5,0.01,11.8
2023-05-17 12:00:00,0.2,73.1,1000.4,1.6,2.3,175.7,547.103,99.2842,,7.8,0.006,13.6
2023-05-17 12:30:00,0.2,76.2,1000.3,1.8,2.2,169.5,579.037,102.7923,,8.4,0.006,13.7
2023-05-17 13:00:00,0.5,73.8,1000.2,1.6,2.0,155.0,619.3601,108.43,,9.7,0.0,14.3
2023-05-17 13:30:00,0.6,74.7,1000.1,2.1,2.7,149.0,650.4413,111.3986,,10.1,0.003,14.2
2023-05-17 14:00:00,0.4,75.5,1000.1,2.4,2.9,138.3,683.1908,115.1396,0.169,10.6,0.0,15.0
2023-05-17 14:30:00,0.8,74.8,1000.0,1.9,2.7,137.4,708.794,119.298,0.168,12.1,0.004,16.1
2023-05-17 15:00:00,0.8,74.8,999.8,2.2,3.0,130.8,755.9562,125.4053,0.166,12.9,0.007,17.5
2023-05-17 15:30:00,0.8,75.7,999.6,2.6,3.6,130.6,749.0021,121.1544,0.161,13.3,0.003,17.2
2023-05-17 16:00:00,0.4,76.9,999.3,3.5,4.6,123.9,672.4788,105.7559,0.156,11.4,0.001,14.8
2023-05-17 16:30:00,0.3,76.7,999.1,3.6,4.6,116.7,513.5238,77.5546,0.151,9.2,0.001,11.1
2023-05-17 17:00:00,0.3,75.6,998.9,3.6,4.8,117.0,686.9558,111.6424,0.162,10.4,0.003,16.7
2023-05-17 17:30:00,0.3,75.5,998.8,3.4,4.7,113.6,677.5782,110.5349,0.163,10.4,0.006,16.3
2023-05-17 18:00:00,0.2,75.6,998.7,3.2,4.4,109.2,645.8714,106.1615,0.164,10.0,0.006,12.1
2023-05-17 18:30:00,0.2,75.8,998.4,3.3,4.4,108.0,612.2109,101.0583,,9.3,0.004,16.3
2023-05-17 19:00:00,0.1,75.6,998.3,3.1,4.1,105.8,578.8511,96.3538,,8.9,0.006,16.9
2023-05-17 19:30:00,0.2,76.0,998.0,3.1,4.4,108.1,538.8438,90.1748,,8.0,0.003,16.4
2023-05-17 20:00:00,0.1,76.1,997.9,3.1,4.0,98.4,491.9029,83.2219,,7.0,0.004,16.4
2023-05-17 20:30:00,0.3,75.4,997.6,3.0,4.4,98.2,441.7938,76.017,,6.3,0.005,15.8
2023-05-17 21:00:00,0.1,76.8,997.3,3.0,4.1,86.9,391.8363,67.5942,,5.0,0.0,14.7
2023-05-17 21:30:00,0.2,77.5,996.9,3.0,4.3,90.9,340.1978,58.9331,,3.9,0.001,14.1
2023-05-17 22:00:00,0.1,78.8,996.6,2.8,4.2,91.3,288.2339,50.3937,,3.0,0.003,12.5
2023-05-17 22:30:00,0.0,80.2,996.5,2.8,4.3,96.3,236.2475,41.1406,,1.8,0.004,7.6
2023-05-17 23:00:00,-0.1,79.0,996.4,2.2,3.5,100.2,176.1062,29.7583,,0.8,0.003,2.7
2023-05-17 23:30:00,-0.4,78.0,996.3,1.6,2.3,86.0,74.4699,9.0199,,-1.1,0.008,-0.6
2023-05-18 00:00:00,-0.8,79.0,996.2,1.1,2.6,36.3,34.896,4.3555,,-1.9,0.009,-1.5
2023-05-18 00:30:00,-0.9,80.8,996.1,1.3,2.1,8.7,27.9332,3.7491,,-2.0,0.0,-1.4
2023-05-18 01:00:00,-0.8,81.0,996.1,0.7,1.8,344.7,19.8847,2.403,,-1.2,,-0.8
2023-05-18 01:30:00,-0.7,81.6,995.9,0.3,0.9,128.1,10.1061,0.8816,,-0.9,,-0.8
2023-05-18 02:00:00,-0.6,81.4,995.9,0.7,1.1,102.2,5.6443,0.2516,,-0.9,,-0.9
2023-05-18 02:30:00,-0.7,80.2,995.7,1.5,2.2,47.4,2.7772,0.026,,-1.5,,-1.3
2023-05-18 03:00:00,-0.4,74.5,995.5,1.6,2.7,46.8,0.6165,0.0,,-2.1,,-1.2
2023-05-18 03:30:00,-0.1,72.5,995.2,1.5,3.4,58.6,1.444,0.0,,-0.9,0.0,-0.1
2023-05-18 04:00:00,0.0,72.3,995.0,1.7,2.9,70.4,0.9497,0.0,,-0.6,0.0,0.1
2023-05-18 04:30:00,0.2,71.2,994.7,2.4,3.6,65.6,0.9533,0.0,,-0.4,0.0,0.3
2023-05-18 05:00:00,0.3,72.9,994.7,2.6,4.6,76.4,2.0368,0.0,,-0.3,0.0,0.3
2023-05-18 05:30:00,0.3,75.4,995.0,1.3,2.3,59.3,4.1066,0.0,,-0.3,0.0,0.5
2023-05-18 06:00:00,0.8,70.5,994.9,2.0,3.5,70.0,7.8722,0.2308,,0.1,0.002,1.2
2023-05-18 06:30:00,1.1,69.0,994.9,1.6,2.6,55.5,10.5758,0.5595,,0.5,0.001,1.4
2023-05-18 07:00:00,1.1,69.0,995.1,1.6,2.7,72.7,19.2317,1.9075,,0.6,0.002,1.6
2023-05-18 07:30:00,0.8,72.8,995.2,2.1,4.2,77.7,29.9267,3.2088,,0.6,0.001,1.5
2023-05-18 08:00:00,0.5,77.9,995.4,3.5,5.3,105.2,40.8087,4.7732,,0.5,0.001,1.1
2023-05-18 08:30:00,0.0,87.8,995.5,3.2,4.6,88.5,36.8104,6.9055,,0.1,0.0,1.0
2023-05-18 09:00:00,0.5,82.7,995.4,3.7,5.3,92.8,46.0336,8.8305,,0.3,0.001,1.6
2023-05-18 09:30:00,0.3,87.1,995.5,4.4,7.7,91.2,84.3693,15.175,,0.4,0.008,1.4
2023-05-18 10:00:00,0.0,92.7,995.6,3.8,6.5,87.0,89.4915,14.297,,0.4,0.002,1.4
2023-05-18 10:30:00,0.1,94.3,995.8,4.7,6.2,83.8,117.451,15.428,,0.8,0.004,2.0
2023-05-18 11:00:00,0.2,94.7,995.9,4.3,5.8,81.3,146.4241,17.039,,1.2,0.0,2.7
2023-05-18 11:30:00,0.3,94.8,996.0,4.1,5.6,79.6,154.6867,17.134,,1.8,0.0,2.7
2023-05-18 12:00:00,0.3,94.9,996.2,4.3,6.3,112.4,100.2889,9.7902,,1.4,0.0,2.1
2023-05-18 12:30:00,0.2,95.5,996.6,2.9,4.1,104.8,74.1671,6.9558,,1.4,0.0,2.0
2023-05-18 13:00:00,0.5,94.4,996.7,1.7,3.6,120.2,160.1992,18.5121,,3.1,0.0,4.8
2023-05-18 13:30:00,1.0,90.6,996.7,1.3,3.0,99.1,376.8799,49.2689,,6.9,0.0,9.7
2023-05-18 14:00:00,1.5,86.9,996.7,1.5,2.2,138.3,476.4628,67.0306,0.139,9.0,0.0,11.0
2023-05-18 14:30:00,1.5,87.6,996.6,1.7,2.9,176.9,482.7157,68.1955,0.141,9.6,0.0,12.2
2023-05-18 15:00:00,1.4,84.9,996.6,2.3,2.9,200.9,438.0165,61.6673,0.14,9.0,0.0,10.5
2023-05-18 15:30:00,1.6,81.1,996.6,2.4,3.4,236.3,531.1469,78.4968,0.146,10.1,0.001,11.3
2023-05-18 16:00:00,1.3,78.9,996.6,2.3,3.3,251.2,465.1977,68.1949,0.145,9.6,0.004,9.4
2023-05-18 16:30:00,1.3,76.0,996.5,2.2,3.2,259.7,352.493,48.4883,0.137,8.1,0.004,7.0
2023-05-18 17:00:00,1.3,74.4,996.1,1.6,3.0,263.9,277.6693,37.2922,0.134,7.3,0.006,7.7
2023-05-18 17:30:00,2.0,74.7,996.0,1.7,3.7,214.2,310.6483,42.2453,0.136,8.1,0.007,7.1
2023-05-18 18:00:00,1.1,78.5,996.0,2.7,3.7,263.0,303.8554,40.8675,0.134,6.6,0.007,6.5
2023-05-18 18:30:00,1.3,77.0,995.6,2.7,4.3,267.0,292.208,39.9534,,6.4,0.008,7.2
2023-05-18 19:00:00,2.4,73.7,995.1,1.5,3.0,265.9,293.2431,40.8243,,7.9,0.007,9.7
2023-05-18 19:30:00,3.2,69.1,994.6,1.4,2.2,278.6,300.5894,42.3641,,8.9,0.005,9.1
2023-05-18 20:00:00,3.4,67.6,994.2,1.2,1.7,240.5,222.428,30.8559,,7.8,0.007,8.6
2023-05-18 20:30:00,3.6,66.8,993.6,2.5,4.1,276.8,361.9739,58.7967,,7.4,0.008,17.5
2023-05-18 21:00:00,3.6,66.7,992.9,2.4,4.3,266.6,378.8608,63.4841,,7.6,0.006,16.8
2023-05-18 21:30:00,3.5,67.0,992.2,2.4,4.4,274.8,331.9995,56.0123,,6.6,0.007,16.0
2023-05-18 22:00:00,3.3,66.9,991.5,2.5,4.3,279.9,286.3371,48.7065,,5.3,0.008,15.0
2023-05-18 22:30:00,2.6,71.2,990.7,1.5,2.5,268.1,161.4356,25.9029,,3.3,0.01,7.5
2023-05-18 23:00:00,2.3,72.8,990.1,1.1,2.8,280.8,151.2099,24.1333,,2.4,0.009,5.1
2023-05-18 23:30:00,2.4,71.6,989.4,2.1,5.9,289.4,68.4306,7.6936,,0.9,0.007,3.0
2023-05-19 00:00:00,3.1,65.2,988.6,4.4,8.5,325.6,31.7373,2.925,,0.9,0.006,3.3
2023-05-19 00:30:00,3.6,61.0,987.9,6.2,10.3,341.5,23.457,1.9565,,1.4,0.005,3.2
2023-05-19 01:00:00,3.5,60.6,987.1,7.1,9.9,337.0,16.1765,1.354,,1.2,0.006,3.4
2023-05-19 01:30:00,3.6,59.9,986.1,7.3,10.1,328.2,9.5401,0.5212,,1.2,0.007,3.1
2023-05-19 02:00:00,3.2,62.0,985.2,7.4,12.4,330.0,4.9817,0.1246,,1.0,0.008,2.8
2023-05-19 02:30:00,3.4,60.2,984.5,7.7,11.5,339.1,2.1796,0.0,,1.1,0.009,3.0
2023-05-19 03:00:00,3.5,58.8,983.4,7.9,11.4,332.8,1.6121,0.0,,1.2,0.008,3.0
2023-05-19 03:30:00,3.7,57.1,982.6,8.5,13.8,339.2,0.0,0.0,,1.2,0.009,3.2
2023-05-19 04:00:00,3.9,55.0,981.7,7.5,10.2,343.0,0.0,0.0,,1.3,0.009,3.4
2023-05-19 04:30:00,4.5,50.6,981.1,6.6,9.7,350.0,0.3663,0.0,,1.5,0.012,4.0
2023-05-19 05:00:00,4.5,49.0,980.9,4.0,9.3,348.5,1.4993,0.0,,1.1,0.013,3.4
2023-05-19 05:30:00,4.9,45.2,980.4,3.8,7.0,346.8,5.9102,0.2997,,1.1,0.014,3.0
2023-05-19 06:00:00,4.2,51.6,979.9,1.8,3.2,337.0,12.3382,0.8591,,0.8,0.012,2.8
2023-05-19 06:30:00,4.6,46.8,979.6,2.4,5.7,14.8,27.0833,3.2513,,1.3,0.011,3.6
2023-05-19 07:00:00,4.7,48.0,979.1,3.5,7.0,67.2,31.2372,3.876,,1.5,0.012,4.8
2023-05-19 07:30:00,4.8,47.6,978.5,2.3,7.1,96.7,37.9014,4.5817,,2.2,0.013,5.2
2023-05-19 08:00:00,5.4,46.9,978.0,3.7,7.3,106.5,51.9319,6.232,,2.9,0.013,5.7
2023-05-19 08:30:00,5.3,52.4,977.5,4.4,9.9,103.5,69.7177,8.4951,,3.4,0.013,6.1
2023-05-19 09:00:00,5.4,55.0,977.0,4.0,7.5,96.9,101.6214,13.2252,,4.1,0.013,6.4
2023-05-19 09:30:00,4.9,58.5,976.3,2.4,7.1,112.1,151.4033,20.7535,,4.8,0.014,7.5
2023-05-19 10:00:00,4.9,59.5,976.2,3.4,5.8,81.9,202.8165,29.8534,,5.7,0.012,8.6
2023-05-19 10:30:00,5.2,57.1,976.2,3.5,5.9,88.8,208.5999,31.1496,,5.7,0.012,9.7
2023-05-19 11:00:00,6.5,50.8,975.8,4.1,7.2,101.9,315.7178,47.8217,,8.2,0.01,10.7
2023-05-19 11:30:00,6.5,48.0,975.5,4.5,6.5,88.4,292.6911,41.4172,,8.1,0.01,11.2
2023-05-19 12:00:00,6.4,48.6,975.4,4.9,6.8,84.8,291.6812,39.7388,,8.1,0.009,10.8
2023-05-19 12:30:00,5.7,55.4,975.2,4.7,7.3,87.9,622.99,97.3219,,11.6,0.01,16.4
2023-05-19 13:00:00,5.7,53.4,975.0,6.0,8.0,80.9,612.6332,97.4249,,10.5,0.01,15.1
2023-05-19 13:30:00,5.2,57.9,975.0,5.8,7.5,80.7,683.8985,107.323,,11.8,0.009,16.2
2023-05-19 14:00:00,4.9,62.6,975.1,3.7,6.3,81.5,680.4313,106.3951,0.156,13.3,0.009,17.1
2023-05-19 14:30:00,4.9,62.5,975.2,3.8,5.6,95.6,711.6309,110.0847,0.155,13.8,0.008,18.3
2023-05-19 15:00:00,3.7,70.7,975.6,2.7,4.7,111.4,722.7262,112.451,0.156,15.3,0.008,19.0
2023-05-19 15:30:00,3.0,76.9,975.7,2.2,2.9,137.7,735.7908,114.436,0.156,15.7,0.005,19.1
2023-05-19 16:00:00,2.1,84.9,975.8,1.9,2.8,159.8,484.5187,72.667,0.147,11.2,0.007,17.6
2023-05-19 16:30:00,2.6,80.9,976.1,1.7,3.0,184.5,706.0316,111.7779,0.158,15.4,0.005,19.5
2023-05-19 17:00:00,2.7,79.9,976.3,1.8,2.7,180.5,695.5589,109.7346,0.157,15.6,0.003,16.8
2023-05-19 17:30:00,2.5,79.9,976.6,1.3,2.1,168.6,496.0042,73.7165,0.148,13.0,0.003,13.3
2023-05-19 18:00:00,2.9,76.3,976.8,0.9,1.6,168.4,482.7043,71.9851,0.149,13.2,0.003,14.5
2023-05-19 18:30:00,2.8,73.6,977.1,1.2,1.9,144.2,349.9419,50.5094,,11.0,0.004,11.1
2023-05-19 19:00:00,2.9,73.1,977.3,1.4,2.6,123.4,356.1923,50.7262,,10.6,0.006,11.1
2023-05-19 19:30:00,2.8,73.6,977.6,1.6,2.3,143.3,260.1813,35.7133,,8.8,0.006,8.0
2023-05-19 20:00:00,2.4,78.1,978.1,1.2,1.9,153.6,233.4251,32.1271,,7.8,0.005,7.6
2023-05-19 20:30:00,2.0,81.5,978.6,1.4,2.0,157.4,200.7569,27.2966,,7.0,0.006,6.0
2023-05-19 21:00:00,1.6,86.0,979.1,1.5,2.3,174.8,135.7088,17.9116,,5.4,0.009,4.5
2023-05-19 21:30:00,1.4,88.2,979.6,1.7,2.4,220.1,77.9943,9.9766,,3.8,0.011,3.3
2023-05-19 22:00:00,1.3,88.1,980.1,1.7,2.0,230.6,51.6908,6.3603,,3.0,0.007,2.5
2023-05-19 22:30:00,1.0,90.8,980.4,1.9,3.3,220.9,30.8244,3.4327,,2.2,0.002,1.8
2023-05-19 23:00:00,0.5,93.5,980.8,2.8,4.0,218.8,26.789,2.6776,,1.2,0.0,0.9
2023-05-19 23:30:00,0.1,94.4,981.4,3.1,4.3,222.9,17.3131,1.3259,,0.5,0.0,0.5
2023-05-20 00:00:00,0.0,94.9,981.9,2.7,3.7,226.0,12.3613,1.0042,,0.3,,0.4
2023-05-20 00:30:00,0.1,95.5,982.3,2.3,3.0,253.2,9.9726,1.0404,,0.3,0.0,0.5
2023-05-20 01:00:00,0.2,95.9,982.6,2.3,3.9,262.0,9.9258,1.4147,,0.3,0.0,0.4
2023-05-20 01:30:00,-0.1,95.9,983.0,3.3,4.8,259.8,4.2008,1.2753,,0.1,0.0,0.2
2023-05-20 02:00:00,-0.4,96.2,983.4,3.4,4.9,258.9,2.0949,1.0219,,-0.1,0.0,0.1
2023-05-20 02:30:00,-0.6,96.3,983.9,3.4,5.1,257.4,1.7024,0.9707,,-0.2,0.0,-0.1
2023-05-20 03:00:00,-0.7,96.5,984.2,4.0,5.2,240.1,0.4729,0.4518,,-0.4,0.0,-0.3
2023-05-20 03:30:00,-0.7,96.4,984.5,3.9,5.1,244.3,0.0,0.2121,,-0.5,0.0,-0.4
2023-05-20 04:00:00,-0.9,96.5,984.9,3.8,5.4,250.5,0.0,0.2298,,-0.6,0.0,-0.5
2023-05-20 04:30:00,-1.0,96.4,985.3,3.3,4.7,249.4,0.0557,0.8538,,-0.8,,-0.7
2023-05-20 05:00:00,-1.2,95.5,985.8,2.9,4.8,255.1,1.5564,2.0698,,-0.9,,-0.7
2023-05-20 05:30:00,-1.1,95.8,986.2,3.2,4.6,256.4,5.441,4.5752,,-0.9,0.0,-0.6
2023-05-20 06:00:00,-1.1,95.6,986.8,3.0,4.1,255.9,10.6797,8.3787,,-0.9,0.0,-0.5
2023-05-20 06:30:00,-1.2,95.4,987.2,4.0,6.6,258.6,14.7768,11.4256,,-1.0,0.0,-0.5
2023-05-20 07:00:00,-1.3,94.9,987.6,4.0,5.6,252.5,15.9268,12.4965,,-1.0,0.015,-0.7
2023-05-20 07:30:00,-1.4,94.3,988.0,3.6,5.1,250.0,21.0407,16.503,,-1.1,0.015,-0.6
2023-05-20 08:00:00,-1.3,95.0,988.2,3.2,5.1,243.3,36.9876,28.2198,,-0.9,0.015,0.1
2023-05-20 08:30:00,-0.9,95.6,988.4,1.6,3.0,276.1,57.1938,43.7612,,-0.6,0.015,0.8
2023-05-20 09:00:00,-0.9,94.2,988.8,1.4,2.4,270.2,98.9191,74.7067,,-0.7,0.015,1.5
2023-05-20 09:30:00,-0.7,92.4,989.3,3.2,7.6,273.6,126.5813,94.6734,,-0.4,0.015,1.7
2023-05-20 10:00:00,-1.0,89.5,989.8,5.3,7.7,268.0,172.035,126.8794,,-0.6,0.015,1.8
2023-05-20 10:30:00,-1.0,87.0,990.3,5.7,8.7,258.7,216.8629,158.5827,,-0.6,0.022,2.3
2023-05-20 11:00:00,-1.0,85.7,991.0,5.7,7.9,261.1,182.9634,134.9564,,-0.7,0.032,1.3
2023-05-20 11:30:00,-1.4,87.3,991.7,6.2,8.9,253.6,186.7807,137.2924,,-1.0,0.03,1.7
2023-05-20 12:00:00,-1.4,88.4,992.3,5.9,7.5,255.4,207.4748,152.1197,,-0.9,0.028,1.9
2023-05-20 12:30:00,-1.4,87.9,992.9,6.9,10.4,255.2,267.7361,195.3274,,-0.7,0.023,2.9
2023-05-20 13:00:00,-1.6,87.9,993.5,7.2,10.4,261.9,265.8124,194.0581,,-0.8,0.024,2.8
2023-05-20 13:30:00,-1.7,89.2,993.9,7.1,11.5,267.0,291.6046,210.6634,,-0.9,0.021,2.9
2023-05-20 14:00:00,-1.6,89.4,994.3,6.9,9.4,264.3,285.1354,206.1584,0.723,-0.8,0.023,3.0
2023-05-20 14:30:00,-1.6,87.8,994.6,7.6,10.9,260.3,301.4722,215.0008,0.713,-0.8,0.021,3.2
2023-05-20 15:00:00,-1.6,89.2,994.9,6.5,8.8,260.6,349.5296,246.6435,0.706,-0.5,0.021,4.4
2023-05-20 15:30:00,-1.4,88.0,995.2,5.8,9.2,260.5,372.2636,258.7221,0.695,-0.3,0.028,5.1
2023-05-20 16:00:00,-1.2,86.5,995.6,5.1,9.1,255.7,461.5248,302.5289,0.656,0.2,0.022,6.8
2023-05-20 16:30:00,-1.0,84.6,996.0,5.0,8.0,251.0,543.0673,295.3666,0.546,0.8,0.02,8.4
2023-05-20 17:00:00,-0.8,85.2,996.4,4.4,6.6,259.1,516.21,190.5531,0.364,2.0,0.01,6.6
2023-05-20 17:30:00,-1.0,85.0,996.6,4.3,6.4,258.0,383.4193,104.608,0.272,2.2,0.0,4.8
2023-05-20 18:00:00,-1.0,84.5,997.0,4.0,5.9,259.2,372.629,87.2809,0.234,2.6,0.0,4.9
2023-05-20 18:30:00,-0.9,83.9,997.2,4.0,5.2,254.9,368.7824,76.7891,,3.0,0.0,4.3
2023-05-20 19:00:00,-1.3,84.3,997.4,3.9,5.4,260.7,303.8891,58.1868,,2.3,0.002,3.7
2023-05-20 19:30:00,-1.2,84.5,997.5,4.1,5.6,250.8,290.0815,53.2506,,2.4,0.0,3.5
2023-05-20 20:00:00,-1.3,86.5,997.8,3.7,5.0,254.6,233.1167,41.2551,,2.0,0.0,2.3
2023-05-20 20:30:00,-1.4,86.2,998.0,3.9,5.5,258.5,181.8619,31.3774,,1.2,0.0,1.9
2023-05-20 21:00:00,-1.4,84.5,998.2,3.4,5.3,259.1,181.7975,31.8586,,1.2,0.0,2.8
2023-05-20 21:30:00,-1.3,82.7,998.3,3.7,5.2,256.6,229.5156,42.038,,1.6,0.0,3.6
2023-05-20 22:00:00,-1.5,82.6,998.5,3.7,5.4,260.0,165.1158,29.2848,,0.6,0.0,2.5
2023-05-20 22:30:00,-1.5,81.3,998.6,4.0,6.6,260.8,204.5537,37.3791,,0.6,0.008,3.4
2023-05-20 23:00:00,-1.8,80.6,998.7,4.6,6.8,260.0,102.7818,17.7101,,-0.9,0.009,-0.2
2023-05-20 23:30:00,-1.9,79.2,999.0,4.1,5.7,260.6,82.3954,14.3319,,-1.1,0.006,-0.4
2023-05-21 00:00:00,-2.0,77.9,999.2,4.2,6.6,263.3,58.9169,10.3705,,-1.5,0.004,-1.1
2023-05-21 00:30:00,-1.8,71.3,999.3,2.9,4.7,266.2,44.2471,7.9376,,-1.7,0.006,-1.1
2023-05-21 01:00:00,-1.7,68.4,999.4,2.4,4.3,273.6,34.553,6.5513,,-2.0,0.008,-1.6
2023-05-21 01:30:00,-1.9,67.0,999.6,1.7,3.9,73.9,20.5238,3.8601,,-2.5,0.007,-1.9
2023-05-21 02:00:00,-2.0,69.3,999.6,1.9,3.6,333.2,10.5985,1.8361,,-2.6,0.009,-2.2
2023-05-21 02:30:00,-2.1,71.4,999.8,2.5,5.4,271.0,5.045,0.7693,,-2.7,0.009,-2.5
2023-05-21 03:00:00,-2.1,69.9,1000.0,1.5,4.2,220.7,1.8314,0.0,,-2.8,0.006,-2.4
2023-05-21 03:30:00,-2.5,72.2,1000.2,4.3,7.2,246.2,0.8084,0.0,,-2.6,0.008,-2.5
2023-05-21 04:00:00,-3.0,73.5,1000.5,5.4,8.4,268.9,1.0556,0.0,,-3.0,0.008,-2.7
2023-05-21 04:30:00,-2.9,72.6,1000.6,4.8,7.5,263.8,2.7248,0.0817,,-2.9,0.009,-2.6
2023-05-21 05:00:00,-2.9,74.7,1000.8,4.6,7.9,268.2,6.4783,0.8762,,-2.9,0.009,-2.6
2023-05-21 05:30:00,-2.8,74.8,1001.0,4.1,6.3,268.5,15.2295,2.7338,,-2.6,0.009,-2.1
2023-05-21 06:00:00,-3.1,85.7,1001.4,5.6,8.6,268.1,19.0938,2.938,,-2.4,0.009,-2.4
2023-05-21 06:30:00,-3.3,88.5,1001.6,5.2,7.6,271.6,20.225,3.1937,,-2.4,0.009,-2.3
2023-05-21 07:00:00,-3.1,89.1,1001.8,5.5,8.6,270.7,26.1657,4.7487,,-2.3,0.008,-2.1
2023-05-21 07:30:00,-3.0,89.9,1002.0,4.5,6.5,268.2,37.4372,7.8008,,-2.1,0.006,-1.9
2023-05-21 08:00:00,-2.8,92.6,1002.1,4.9,8.4,264.3,43.0533,13.8906,,-2.0,0.006,-1.4
2023-05-21 08:30:00,-2.5,91.1,1002.3,4.5,7.3,259.4,77.6671,27.1204,,-1.6,0.006,-0.8
2023-05-21 09:00:00,-2.2,87.3,1002.3,3.4,4.8,260.8,109.5192,38.1082,,-1.1,0.006,-0.1
2023-05-21 09:30:00,-2.0,85.2,1002.4,3.1,4.8,264.5,143.6626,48.6282,,-0.6,0.007,0.5
2023-05-21 10:00:00,-2.1,84.4,1002.6,4.4,6.8,267.5,173.8915,55.4144,,-0.6,0.005,0.6
2023-05-21 10:30:00,-2.3,85.4,1002.9,5.3,7.4,264.5,185.5836,56.7125,,-0.7,0.004,0.4
2023-05-21 11:00:00,-2.5,85.7,1003.2,5.1,7.4,266.6,192.5627,57.0669,,-0.8,0.005,0.4
2023-05-21 11:30:00,-2.5,86.0,1003.4,5.1,7.5,263.0,201.4835,59.1807,,-0.7,0.006,0.7
2023-05-21 12:00:00,-2.4,85.3,1003.6,5.3,7.7,262.7,242.7832,69.6899,,-0.4,0.0,1.1
2023-05-21 12:30:00,-2.4,84.4,1003.7,5.3,6.9,262.6,278.9524,75.3777,,-0.1,0.003,1.9
2023-05-21 13:00:00,-2.3,82.7,1004.0,5.3,8.3,259.5,307.4665,73.7662,,0.2,0.0,2.1
2023-05-21 13:30:00,-2.1,79.5,1004.0,5.0,7.2,262.1,332.282,72.5556,,0.8,0.0,2.9
2023-05-21 14:00:00,-2.0,77.5,1004.2,5.4,8.8,263.4,329.1503,64.8437,0.197,1.0,0.003,2.2
2023-05-21 14:30:00,-2.2,78.2,1004.4,5.5,8.7,264.7,312.7577,59.023,0.189,0.8,0.005,2.3
2023-05-21 15:00:00,-2.3,78.0,1004.6,5.8,7.7,259.8,317.3059,58.7845,0.185,0.7,0.0,1.6
2023-05-21 15:30:00,-2.3,75.3,1004.7,5.8,8.8,269.2,322.5442,59.121,0.183,0.9,0.0,2.1
2023-05-21 16:00:00,-2.2,77.2,1004.8,5.1,7.3,268.6,324.6682,58.5928,0.18,1.2,0.0,2.4
2023-05-21 16:30:00,-2.2,79.2,1004.8,5.2,7.3,260.9,337.687,60.3175,0.179,1.5,0.0,3.0
2023-05-21 17:00:00,-1.7,73.6,1004.7,4.5,6.0,259.1,425.6478,74.9526,0.176,2.9,0.0,5.5
2023-05-21 17:30:00,-1.4,70.3,1004.7,4.5,6.2,267.7,438.6557,74.5045,0.17,3.6,0.0,5.1
2023-05-21 18:00:00,-1.6,70.6,1004.7,5.4,7.9,261.7,420.1588,70.1793,0.167,3.1,0.0,5.2
2023-05-21 18:30:00,-1.8,72.7,1004.8,6.2,9.5,261.1,418.6458,69.5862,,2.5,0.0,4.9
2023-05-21 19:00:00,-1.8,72.5,1004.9,6.3,8.7,263.1,441.1722,74.97,,2.5,0.0,8.9
2023-05-21 19:30:00,-1.8,72.2,1005.0,5.8,8.7,262.0,411.3516,69.0035,,2.4,0.0,4.9
2023-05-21 20:00:00,-1.8,72.6,1005.1,6.3,7.9,260.5,349.0101,57.4841,,2.0,0.0,3.7
2023-05-21 20:30:00,-1.9,73.1,1005.2,5.7,7.6,262.6,252.5808,40.1563,,1.1,0.0,1.6
2023-05-21 21:00:00,-2.1,74.2,1005.2,5.5,8.0,262.6,187.6949,29.0048,,0.3,0.0,0.5
2023-05-21 21:30:00,-2.2,73.9,1005.3,5.4,7.6,260.3,150.1361,22.9361,,-0.2,0.0,0.2
2023-05-21 22:00:00,-2.2,74.9,1005.2,4.7,7.1,261.8,122.8795,18.8022,,-0.4,0.002,-0.3
2023-05-21 22:30:00,-2.3,75.5,1005.3,4.2,5.9,262.1,81.9038,12.1206,,-0.9,0.003,-0.9
2023-05-21 23:00:00,-2.4,75.9,1005.4,3.8,5.0,265.1,58.8013,8.66,,-1.1,0.005,-1.1
2023-05-21 23:30:00,-2.4,77.0,1005.4,3.1,4.7,259.8,47.0024,7.0966,,-1.2,0.003,-1.2
2023-05-22 00:00:00,-2.3,76.7,1005.4,2.4,3.9,254.1,43.3979,6.6499,,-1.2,0.004,-1.2
2023-05-22 00:30:00,-2.3,74.6,1005.4,1.9,2.7,248.0,20.385,2.7621,,-1.4,0.005,-1.5
2023-05-22 01:00:00,-2.3,73.9,1005.3,1.5,2.5,254.9,11.2602,1.2712,,-1.6,0.005,-1.7
2023-05-22 01:30:00,-2.3,73.6,1005.3,1.4,2.2,219.4,6.0568,0.4006,,-1.6,0.004,-1.9
2023-05-22 02:00:00,-2.5,77.2,1005.3,2.7,4.0,160.3,1.1981,0.0,,-1.9,0.002,-2.4
2023-05-22 02:30:00,-2.9,78.2,1005.3,2.4,3.2,120.9,0.0,0.0,,-2.1,0.002,-2.7
2023-05-22 03:00:00,-3.2,81.6,1005.2,2.1,3.5,72.0,0.0,0.0,,-2.4,0.0,-3.1
2023-05-22 03:30:00,-3.2,80.1,1005.0,2.4,3.3,80.9,0.0,0.0,,-2.5,0.0,-3.0
2023-05-22 04:00:00,-3.1,79.8,1004.8,2.4,3.7,81.7,0.0,0.0,,-2.5,0.0,-3.0
2023-05-22 04:30:00,-3.3,80.9,1004.4,2.5,3.4,78.9,0.9322,0.0396,,-2.9,0.0,-3.3
2023-05-22 05:00:00,-3.3,79.7,1004.2,2.2,2.7,78.4,4.2077,0.59,,-3.1,0.0,-3.3
2023-05-22 05:30:00,-3.3,76.2,1003.9,1.7,2.9,69.4,7.9234,1.3068,,-3.5,0.0,-3.6
2023-05-22 06:00:00,-3.1,72.9,1003.7,2.7,4.2,82.8,14.0089,1.9582,,-3.0,0.0,-2.7
2023-05-22 06:30:00,-3.3,70.9,1003.3,1.8,4.1,70.5,23.166,3.8044,,-3.2,0.0,-2.9
2023-05-22 07:00:00,-3.1,71.1,1002.9,1.9,3.6,100.4,38.6919,6.9265,,-3.2,0.0,-2.8
2023-05-22 07:30:00,-3.6,68.3,1002.5,2.2,4.7,327.1,52.6152,9.6513,,-3.7,0.001,-2.7
2023-05-22 08:00:00,-3.4,65.3,1002.0,2.7,6.0,338.4,72.2303,13.1751,,-3.1,0.003,-1.7
2023-05-22 08:30:00,-3.0,65.5,1001.6,1.5,3.0,315.9,112.246,22.654,,-2.0,0.004,-0.5
2023-05-22 09:00:00,-2.3,65.1,1001.2,2.4,4.0,105.6,233.7786,47.6439,,-0.5,0.003,5.0
2023-05-22 09:30:00,-1.8,61.3,1000.7,3.1,5.3,106.6,368.1803,75.1411,,1.3,0.0,7.7
2023-05-22 10:00:00,-1.6,58.4,1000.3,3.6,5.8,79.2,431.8813,86.2208,,2.2,0.0,8.9
2023-05-22 10:30:00,-1.2,58.5,999.8,3.5,5.1,88.7,511.4825,100.1552,,4.2,0.0,11.0
2023-05-22 11:00:00,-1.1,56.6,999.4,2.6,3.9,87.9,425.3921,75.9463,,4.6,0.0,6.6
2023-05-22 11:30:00,-1.2,53.8,999.0,2.3,3.2,323.1,390.1694,67.4398,,4.7,0.0,6.9
2023-05-22 12:00:00,-1.1,53.8,998.5,2.5,3.6,319.7,434.6568,74.791,,5.6,0.0,7.8
2023-05-22 12:30:00,-0.6,54.4,998.0,1.8,4.4,34.4,523.6017,90.9394,,7.8,0.0,10.2
2023-05-22 13:00:00,-0.6,55.0,997.4,2.8,4.7,307.6,626.959,110.5762,,8.4,0.0,10.5
2023-05-22 13:30:00,-0.6,55.9,996.7,3.5,5.7,314.1,660.6575,115.0607,,8.5,0.0,10.5
2023-05-22 14:00:00,-0.2,56.0,996.0,3.3,4.9,305.0,685.8077,117.2302,0.171,9.5,0.0,11.3
2023-05-22 14:30:00,0.0,55.1,995.3,2.8,5.5,306.6,707.478,119.0734,0.168,10.2,0.0,12.0
2023-05-22 15:00:00,0.1,54.7,994.5,3.3,6.2,297.5,721.4357,119.4734,0.166,10.5,0.0,12.5
2023-05-22 15:30:00,0.9,55.1,993.8,1.9,5.3,166.2,727.8767,119.833,0.165,12.2,0.0,15.1
2023-05-22 16:00:00,0.9,54.5,993.0,2.9,6.9,298.8,726.3421,118.3659,0.163,12.0,0.0,14.1
2023-05-22 16:30:00,0.9,54.1,992.5,2.2,3.9,251.5,718.0753,117.0048,0.163,13.3,0.0,15.3
2023-05-22 17:00:00,0.9,56.7,991.9,2.7,3.9,263.7,705.6862,114.76,0.163,13.0,0.005,15.5
2023-05-22 17:30:00,1.0,56.6,991.4,3.0,4.4,269.5,686.0038,111.2235,0.162,12.3,0.0,15.7
2023-05-22 18:00:00,1.5,58.4,990.7,3.4,4.9,256.9,660.8694,106.751,0.162,11.6,0.0,13.7
2023-05-22 18:30:00,1.8,54.7,990.2,2.2,4.0,271.5,628.3178,102.8822,,12.3,0.0,17.9
2023-05-22 19:00:00,1.9,51.8,989.5,2.7,5.4,275.9,591.871,97.118,,11.1,0.0,16.4
2023-05-22 19:30:00,1.9,51.6,988.9,2.3,7.2,264.4,549.8309,91.012,,10.3,0.0,16.3
2023-05-22 20:00:00,2.0,49.9,988.6,2.3,5.9,281.3,504.3105,84.1434,,9.1,0.0,17.9
2023-05-22 20:30:00,2.2,48.0,988.2,2.4,4.5,306.0,455.0156,77.3132,,8.4,0.0,16.6
2023-05-22 21:00:00,2.0,46.9,987.9,3.5,6.2,334.4,405.5381,68.706,,6.3,0.0,14.9
2023-05-22 21:30:00,1.7,47.8,987.8,4.5,7.7,336.9,354.277,60.1673,,4.5,0.0,13.1
2023-05-22 22:00:00,1.3,48.6,987.6,5.0,7.1,326.7,301.8156,51.6124,,2.9,0.0,11.6
2023-05-22 22:30:00,1.2,47.5,987.5,4.7,8.4,337.5,250.6296,42.8928,,1.9,0.0,7.6
2023-05-22 23:00:00,1.0,48.8,987.6,4.8,7.6,331.4,201.5106,34.0643,,0.9,0.0,3.3
2023-05-22 23:30:00,0.7,49.9,987.7,4.7,6.0,330.2,96.7287,12.9106,,-0.4,0.0,0.8
2023-05-23 00:00:00,0.3,51.9,987.8,4.8,7.2,323.2,30.4125,2.6997,,-1.0,0.0,0.3
2023-05-23 00:30:00,-0.2,54.8,988.0,4.6,7.8,318.9,23.6188,2.0465,,-1.4,0.0,-0.3
2023-05-23 01:00:00,-0.6,56.6,988.2,6.3,10.3,327.3,17.5374,1.6354,,-1.7,0.0,-0.5
2023-05-23 01:30:00,-0.8,57.5,988.5,6.6,9.2,323.3,11.9638,1.1067,,-2.0,0.0,-1.0
2023-05-23 02:00:00,-0.8,57.1,989.0,6.0,11.4,332.8,7.1948,0.6479,,-2.1,0.0,-1.0
2023-05-23 02:30:00,-1.2,58.9,989.5,7.1,9.9,322.1,3.6006,0.1886,,-2.4,0.0,-1.5
2023-05-23 03:00:00,-1.4,60.4,989.9,6.1,10.5,322.9,1.4365,0.0,,-2.6,0.0,-1.7
2023-05-23 03:30:00,-1.7,62.7,990.4,3.1,6.2,320.4,0.4641,0.0,,-3.2,0.0,-2.4
2023-05-23 04:00:00,-1.6,61.1,990.7,3.9,7.5,330.6,0.985,0.1205,,-3.1,0.0,-1.5
2023-05-23 04:30:00,-1.0,56.2,991.0,6.8,11.6,342.4,1.6493,0.0,,-2.5,0.0,-1.6
2023-05-23 05:00:00,-1.4,57.7,991.5,7.7,10.2,341.1,4.0786,0.3121,,-2.7,0.0,-1.7
2023-05-23 05:30:00,-1.7,58.1,992.2,6.5,9.2,333.8,7.496,0.7753,,-2.9,0.0,-1.9
2023-05-23 06:00:00,-1.7,58.4,992.9,6.1,7.3,337.9,12.1356,1.301,,-2.9,0.0,-1.9
2023-05-23 06:30:00,-1.9,59.8,993.5,5.8,8.4,342.2,16.0044,1.5572,,-3.0,0.0,-2.1
2023-05-23 07:00:00,-1.8,58.1,994.0,4.7,7.8,359.1,24.086,2.6624,,-2.9,0.001,-1.4
2023-05-23 07:30:00,-1.7,58.4,994.8,4.5,7.7,355.1,52.9988,7.3521,,-2.2,0.001,-0.8
2023-05-23 08:00:00,-1.5,59.6,995.4,4.9,7.2,329.2,97.0241,14.8068,,-1.0,0.0,0.3
2023-05-23 08:30:00,-1.3,59.5,995.9,4.5,7.0,334.5,139.0528,21.7464,,-0.1,0.0,0.8
2023-05-23 09:00:00,-1.2,60.0,996.4,4.1,7.2,339.3,139.189,20.6802,,0.2,0.0,1.0
2023-05-23 09:30:00,-1.0,60.0,997.0,3.3,7.1,351.4,143.6497,20.7721,,0.8,0.0,1.7
2023-05-23 10:00:00,-0.8,61.5,997.6,1.7,3.5,356.5,142.6083,20.0605,,1.5,0.0,2.0
2023-05-23 10:30:00,-1.4,72.8,998.3,2.1,4.2,328.9,146.9409,20.2518,,0.5,0.0,1.6
2023-05-23 11:00:00,-2.0,80.9,998.9,2.8,4.3,262.5,158.2839,22.1298,,0.1,0.0,0.8
2023-05-23 11:30:00,-2.0,74.8,999.5,4.3,6.2,266.5,178.9689,26.487,,-0.2,0.001,0.8
2023-05-23 12:00:00,-2.2,71.3,1000.2,4.6,7.3,265.3,222.8959,32.9142,,0.0,0.001,1.3
2023-05-23 12:30:00,-2.6,70.7,1000.9,5.3,7.9,266.5,285.5905,42.4014,,0.0,0.001,1.5
2023-05-23 13:00:00,-3.0,69.4,1001.7,6.8,12.4,264.1,316.2893,46.8587,,-0.1,0.0,1.4
2023-05-23 13:30:00,-3.2,69.1,1002.6,6.7,9.5,271.5,388.7656,59.2628,,0.3,0.002,2.6
2023-05-23 14:00:00,-3.5,74.1,1003.3,6.8,9.9,273.6,320.4123,49.1808,0.155,-0.4,0.001,-0.2
2023-05-23 14:30:00,-4.2,86.6,1004.2,7.6,11.4,266.4,299.912,107.329,0.355,-2.0,0.0,0.5
2023-05-23 15:00:00,-4.2,83.0,1004.8,7.1,11.7,268.3,368.5806,178.1203,0.483,-2.3,0.0,1.8
2023-05-23 15:30:00,-4.2,78.7,1005.4,6.7,9.2,269.3,427.4347,223.2107,0.523,-2.4,0.0,1.8
2023-05-23 16:00:00,-4.4,81.1,1005.9,6.5,9.9,266.7,268.6378,169.7276,0.634,-3.4,0.0,-0.2
2023-05-23 16:30:00,-4.4,78.7,1006.4,6.1,9.9,267.8,242.691,173.2366,0.714,-3.7,0.018,-0.1
2023-05-23 17:00:00,-4.2,75.5,1006.8,4.9,7.8,269.4,268.8021,189.7064,0.706,-3.6,0.021,1.1
2023-05-23 17:30:00,-4.1,70.5,1007.3,4.1,6.3,264.6,291.0001,201.9288,0.694,-3.3,0.019,0.9
2023-05-23 18:00:00,-4.1,71.7,1007.8,4.4,6.6,266.6,236.6864,162.5183,0.687,-3.5,0.006,-0.6
2023-05-23 18:30:00,-4.3,74.1,1008.5,5.0,7.7,267.7,171.7642,118.4553,,-3.9,0.0,-1.5
2023-05-23 19:00:00,-4.4,73.8,1009.1,4.9,7.2,263.3,181.1497,124.7285,,-4.0,0.0,-0.6
2023-05-23 19:30:00,-4.2,68.5,1009.7,5.5,8.1,262.5,382.5981,257.1486,,-3.5,0.0,5.1
2023-05-23 20:00:00,-4.4,67.8,1010.2,5.1,8.1,267.2,240.9879,156.7019,,-4.0,0.0,-0.5
2023-05-23 20:30:00,-4.3,68.5,1010.6,3.5,6.1,271.0,152.5655,98.9405,,-4.0,0.0,-2.0
2023-05-23 21:00:00,-4.3,71.1,1010.8,3.1,5.4,282.3,103.7714,67.7319,,-4.2,0.0,-2.0
2023-05-23 21:30:00,-4.4,72.8,1011.2,2.5,4.6,279.0,98.5324,64.7516,,-4.1,0.0,-2.4
2023-05-23 22:00:00,-4.6,76.0,1011.4,1.0,2.8,318.1,113.1497,75.1327,,-4.1,0.0,-1.6
2023-05-23 22:30:00,-4.3,71.0,1011.7,1.1,2.3,38.7,66.897,44.6896,,-4.0,0.0,-2.5
2023-05-23 23:00:00,-4.5,74.7,1012.0,0.8,1.5,78.9,46.8643,33.2622,,-4.1,0.0,-2.8
2023-05-23 23:30:00,-4.8,81.0,1012.1,1.8,3.4,31.4,70.0206,50.601,,-4.9,,-3.0
2023-05-24 00:00:00,-4.4,76.3,1012.3,1.9,3.0,41.5,31.7674,23.1799,,-4.8,,-3.7
2023-05-24 00:30:00,-4.5,81.4,1012.6,1.6,2.5,68.0,18.1029,13.5228,,-4.5,,-3.6
2023-05-24 01:00:00,-4.4,86.0,1012.8,2.3,3.6,78.2,15.5007,11.9382,,-4.3,,-3.5
2023-05-24 01:30:00,-4.3,83.6,1012.7,3.0,4.0,73.2,15.5188,12.1531,,-4.6,,-3.7
2023-05-24 02:00:00,-4.1,82.0,1012.7,1.9,4.3,67.8,8.7865,7.1145,,-4.7,,-3.7
2023-05-24 02:30:00,-3.9,80.9,1012.7,3.2,5.6,72.2,4.3596,3.5589,,-4.2,,-3.1
2023-05-24 03:00:00,-3.5,85.1,1012.9,5.3,7.7,113.4,1.7771,1.431,,-3.6,,-2.8
2023-05-24 03:30:00,-3.2,82.2,1012.8,6.5,7.8,139.7,1.8643,1.4241,,-3.5,,-2.8
2023-05-24 04:00:00,-3.3,84.4,1012.9,6.2,7.8,133.3,0.9805,0.6346,,-3.5,,-3.1
2023-05-24 04:30:00,-3.3,80.0,1012.8,5.3,6.9,113.3,1.6586,1.3594,,-3.7,,-2.9
2023-05-24 05:00:00,-3.1,83.4,1012.8,4.9,7.0,106.0,1.9187,1.4902,,-3.4,,-2.6
2023-05-24 05:30:00,-3.0,87.2,1012.9,6.0,7.9,131.3,4.8347,3.7753,,-3.1,,-2.6
2023-05-24 06:00:00,-2.9,84.4,1012.8,5.1,6.5,120.4,7.7716,6.3589,,-3.2,,-2.3
2023-05-24 06:30:00,-2.4,78.2,1012.8,5.0,6.4,119.7,12.2974,9.9768,,-3.1,,-1.9
2023-05-24 07:00:00,-2.3,79.1,1012.9,6.1,7.1,130.0,22.3514,17.9733,,-2.8,0.007,-1.7
2023-05-24 07:30:00,-2.4,84.8,1013.1,6.7,8.0,134.3,35.0724,28.2591,,-2.6,0.021,-1.5
2023-05-24 08:00:00,-2.5,90.2,1013.2,6.5,8.6,139.0,47.2878,38.3394,,-2.4,0.02,-1.3
2023-05-24 08:30:00,-2.5,90.9,1013.4,5.5,6.8,132.1,54.7916,45.2879,,-2.4,0.02,-1.0
2023-05-24 09:00:00,-2.7,91.8,1013.5,4.8,6.6,101.1,72.3227,61.3181,,-2.4,0.02,-0.7
2023-05-24 09:30:00,-2.6,92.7,1013.5,4.6,5.9,100.2,95.7779,82.4585,,-2.2,0.038,0.1
2023-05-24 10:00:00,-2.5,92.1,1013.6,5.5,7.0,107.2,102.5753,88.7239,,-2.1,0.052,-0.2
2023-05-24 10:30:00,-2.3,90.8,1013.7,5.4,7.0,102.0,103.8036,90.2738,,-2.1,0.053,0.2
2023-05-24 11:00:00,-2.2,91.5,1013.7,5.1,7.3,88.2,125.5137,110.1539,,-1.9,0.039,0.8
2023-05-24 11:30:00,-2.2,91.5,1013.8,5.0,7.0,85.2,142.5409,125.1462,,-1.8,0.049,1.1
2023-05-24 12:00:00,-2.2,91.3,1013.9,5.6,7.5,83.3,187.9047,165.3991,,-1.7,0.058,2.3
2023-05-24 12:30:00,-2.1,91.0,1013.9,6.4,8.7,81.3,232.0269,203.2325,,-1.5,0.056,2.5
2023-05-24 13:00:00,-2.1,90.3,1013.9,6.3,8.1,81.2,262.1181,227.9461,,-1.5,0.033,3.2
2023-05-24 13:30:00,-2.2,88.5,1014.0,6.6,8.6,83.9,320.58,276.2252,,-1.5,0.027,4.1
2023-05-24 14:00:00,-2.2,84.2,1014.0,7.2,9.6,84.9,426.7943,360.8996,0.846,-1.4,0.019,5.9
2023-05-24 14:30:00,-2.0,83.4,1014.0,7.1,9.8,81.7,591.9266,503.7023,0.851,-0.7,0.039,9.7
2023-05-24 15:00:00,-2.0,84.0,1014.1,6.6,9.9,78.7,443.7077,372.9096,0.84,-1.0,0.04,5.3
2023-05-24 15:30:00,-1.9,80.9,1014.2,6.5,9.3,76.1,425.0457,357.8404,0.842,-1.1,0.024,6.9
2023-05-24 16:00:00,-1.8,78.6,1014.2,6.7,9.3,85.7,380.2504,318.9307,0.839,-1.2,0.018,4.6
2023-05-24 16:30:00,-1.8,79.7,1014.2,6.5,8.5,80.6,367.2314,307.7755,0.838,-1.2,0.031,5.7
2023-05-24 17:00:00,-1.6,77.0,1014.1,6.5,8.4,85.5,367.5529,305.07,0.83,-1.1,0.059,3.5
2023-05-24 17:30:00,-1.6,76.4,1014.3,5.9,9.0,83.3,237.7963,200.7643,0.844,-1.5,0.055,3.7
2023-05-24 18:00:00,-1.5,76.5,1014.4,5.2,7.1,80.6,304.172,255.305,0.839,-1.2,0.051,4.4
2023-05-24 18:30:00,-1.3,74.9,1014.6,4.6,6.1,82.2,277.8759,231.0694,,-1.2,0.051,4.3
2023-05-24 19:00:00,-1.1,72.8,1014.7,4.6,5.9,81.6,285.502,236.3578,,-1.0,0.05,4.9
2023-05-24 19:30:00,-1.1,74.2,1014.7,4.1,5.6,78.6,278.8138,227.3306,,-1.0,0.05,4.0
2023-05-24 20:00:00,-1.0,75.7,1014.8,3.2,4.6,82.5,221.8869,181.4213,,-1.1,0.05,3.5
2023-05-24 20:30:00,-0.9,76.2,1015.0,3.1,4.8,79.0,177.7333,146.8437,,-1.1,0.049,2.7
2023-05-24 21:00:00,-1.0,77.8,1015.1,2.3,4.7,77.4,144.5099,119.1539,,-1.2,0.049,2.1
2023-05-24 21:30:00,-1.0,79.6,1015.2,2.2,4.2,84.0,109.345,90.7548,,-1.4,0.049,1.4
2023-05-24 22:00:00,-1.1,85.5,1015.2,2.8,4.0,72.4,87.4524,72.8781,,-1.2,0.049,1.1
2023-05-24 22:30:00,-0.7,82.4,1015.2,4.2,5.9,87.4,82.036,67.6878,,-1.2,0.049,0.9
2023-05-24 23:00:00,-0.5,80.2,1015.2,4.3,6.2,89.5,70.9058,57.9646,,-1.3,0.049,0.8
2023-05-24 23:30:00,-0.3,69.8,1015.4,3.8,5.2,70.6,70.8961,56.5877,,-1.6,0.048,1.0
2023-05-25 00:00:00,-0.1,70.2,1015.5,2.8,4.5,79.0,46.8063,37.6911,,-1.7,0.047,0.5
2023-05-25 00:30:00,0.0,67.1,1015.7,3.6,6.1,80.2,30.9776,25.2874,,-1.8,0.047,0.3
2023-05-25 01:00:00,0.0,61.7,1015.8,4.5,5.9,79.9,21.0002,17.24,,-2.0,0.048,0.0
2023-05-25 01:30:00,0.2,52.0,1015.9,4.9,6.7,79.6,11.0124,9.3166,,-2.3,0.047,-0.1
2023-05-25 02:00:00,0.1,53.7,1016.0,4.4,6.4,79.7,4.4256,4.182,,-2.5,0.048,-0.2
2023-05-25 02:30:00,0.2,53.5,1015.9,4.1,7.3,79.4,2.9263,2.9076,,-2.5,0.048,-0.2
2023-05-25 03:00:00,0.0,56.8,1015.8,3.5,5.9,79.3,2.2803,2.4061,,-2.6,0.049,0.0
2023-05-25 03:30:00,0.5,47.8,1015.8,5.6,7.8,81.2,1.9931,2.1941,,-2.6,0.048,0.0
2023-05-25 04:00:00,0.5,47.4,1015.9,5.5,7.4,77.9,2.0201,2.1995,,-2.6,0.048,0.0
2023-05-25 04:30:00,0.4,47.8,1016.0,5.1,7.3,81.4,2.9172,2.8984,,-2.7,0.047,0.0
2023-05-25 05:00:00,0.3,49.4,1016.1,5.1,7.1,84.1,5.5888,4.9671,,-2.7,0.047,0.0
2023-05-25 05:30:00,0.1,55.4,1016.2,5.1,7.5,82.6,10.9823,9.0225,,-2.6,0.047,-0.2
2023-05-25 06:00:00,-0.2,67.4,1016.4,5.3,6.7,85.4,17.4825,14.1235,,-2.3,0.047,-0.1
2023-05-25 06:30:00,-0.4,69.5,1016.5,5.8,7.7,85.1,28.1136,22.1932,,-2.3,0.046,0.0
2023-05-25 07:00:00,-0.6,67.7,1016.7,6.1,8.7,83.8,44.5526,34.6829,,-2.5,0.044,0.0
2023-05-25 07:30:00,-0.8,64.7,1016.8,6.5,9.0,84.0,62.5292,48.3549,,-2.7,0.034,0.1
2023-05-25 08:00:00,-0.9,65.4,1016.7,6.9,9.0,81.4,87.4077,66.832,,-2.8,0.021,0.4
2023-05-25 08:30:00,-1.1,66.2,1016.7,6.5,9.2,82.0,114.6824,86.6972,,-3.1,0.017,0.6
2023-05-25 09:00:00,-1.2,64.2,1016.7,6.9,11.4,83.4,114.7631,88.4584,,-3.7,0.016,0.7
2023-05-25 09:30:00,-1.1,63.6,1016.6,7.1,10.1,79.1,273.1874,207.9938,,-3.1,0.013,6.0
2023-05-25 10:00:00,-1.0,63.1,1016.6,7.2,10.9,81.3,341.3362,259.1638,,-2.6,0.01,6.0
2023-05-25 10:30:00,-1.0,64.4,1016.6,7.0,9.8,85.1,385.5928,291.2396,,-2.3,0.014,7.4
2023-05-25 11:00:00,-0.9,65.7,1016.6,7.9,13.2,83.0,451.9256,340.7906,,-1.8,0.014,7.8
2023-05-25 11:30:00,-0.9,64.7,1016.5,7.5,11.5,81.4,502.0324,376.3628,,-1.5,0.016,8.3
2023-05-25 12:00:00,-0.9,62.6,1016.6,7.2,9.7,84.9,551.7765,408.8212,,-1.3,0.016,9.1
2023-05-25 12:30:00,-0.9,59.7,1016.5,8.6,12.2,78.9,599.4141,433.2184,,-1.2,0.015,8.8
2023-05-25 13:00:00,-0.7,60.5,1016.5,7.0,9.7,89.0,638.3847,442.6776,,-0.8,0.012,9.9
2023-05-25 13:30:00,-0.5,61.7,1016.4,6.5,9.9,95.0,671.7223,436.0442,,-0.2,0.014,10.5
2023-05-25 14:00:00,-0.4,62.5,1016.2,6.8,10.9,85.6,699.466,410.9455,0.588,0.6,0.012,9.9
2023-05-25 14:30:00,-0.3,63.6,1015.9,6.1,8.1,85.6,720.1097,376.6137,0.523,1.4,0.009,10.0
2023-05-25 15:00:00,-0.3,60.0,1015.9,6.5,9.2,86.9,734.0538,336.495,0.458,2.0,0.007,10.2
2023-05-25 15:30:00,-0.1,59.5,1015.8,5.1,7.6,92.7,740.4554,296.543,0.401,3.2,0.009,11.8
2023-05-25 16:00:00,0.2,62.3,1015.6,5.0,7.4,91.7,739.8942,248.8246,0.336,4.3,0.007,12.3
2023-05-25 16:30:00,0.3,61.8,1015.2,5.3,7.2,94.2,733.2985,207.3914,0.283,5.0,0.009,12.9
2023-05-25 17:00:00,0.3,60.4,1015.0,5.4,8.9,98.1,720.6609,175.9245,0.244,5.6,0.007,13.2
2023-05-25 17:30:00,0.4,62.6,1014.7,5.3,8.2,92.0,702.8248,154.1182,0.219,6.0,0.008,13.8
2023-05-25 18:00:00,0.4,62.9,1014.6,5.2,7.9,85.4,679.1029,137.7686,0.203,6.3,0.008,12.3
2023-05-25 18:30:00,0.6,62.9,1014.6,5.0,7.7,90.1,650.9354,125.4698,,6.8,0.009,15.6
2023-05-25 19:00:00,0.6,63.1,1014.4,5.3,7.4,85.1,566.1845,105.0851,,5.8,0.008,13.1
2023-05-25 19:30:00,0.7,58.7,1014.3,4.8,7.0,84.2,480.1581,86.6139,,4.9,0.008,11.9
2023-05-25 20:00:00,0.6,60.1,1014.2,4.4,5.9,83.1,371.7554,64.3642,,4.4,0.011,8.4
2023-05-25 20:30:00,0.4,62.2,1014.0,4.3,6.6,80.0,287.296,47.8735,,3.4,0.01,5.2
2023-05-25 21:00:00,0.3,64.8,1013.8,4.3,5.7,81.1,236.6289,38.6048,,3.0,0.009,4.4
2023-05-25 21:30:00,0.4,65.7,1013.5,4.3,6.1,75.4,207.5171,34.0913,,2.5,0.007,4.1
2023-05-25 22:00:00,0.6,63.4,1013.2,4.9,6.6,82.6,181.6113,29.8399,,2.0,0.006,4.1
2023-05-25 22:30:00,0.9,56.5,1013.0,4.8,6.6,75.2,216.7569,37.8213,,2.0,0.008,7.2
2023-05-25 23:00:00,1.2,46.6,1012.5,4.8,7.0,82.7,173.9856,29.6551,,1.1,0.007,3.7
2023-05-25 23:30:00,1.4,47.9,1012.3,4.5,6.6,76.1,98.9785,15.5512,,1.1,0.007,2.9
2023-05-26 00:00:00,1.4,47.2,1012.2,4.1,6.0,78.4,77.4708,12.0195,,0.4,0.006,2.1
2023-05-26 00:30:00,0.8,57.7,1012.6,3.6,6.0,111.8,59.0984,9.0743,,0.0,0.005,1.4
2023-05-26 01:00:00,0.6,63.6,1012.8,2.2,3.9,83.7,36.6155,5.4,,-0.2,0.004,0.9
2023-05-26 01:30:00,0.4,67.4,1012.9,2.1,3.0,110.7,16.3227,1.6133,,-0.3,0.003,0.3
2023-05-26 02:00:00,-0.1,78.5,1012.9,2.6,4.4,149.6,10.3719,0.5712,,-0.5,0.003,-0.2
2023-05-26 02:30:00,-0.9,86.8,1013.1,3.1,4.1,207.6,5.0011,0.0,,-0.7,0.005,-0.6
2023-05-26 03:00:00,-1.2,82.7,1013.3,2.2,3.7,216.9,3.0582,0.0,,-0.9,0.007,-0.8
2023-05-26 03:30:00,-1.3,80.9,1013.2,2.2,4.5,241.6,1.9175,0.0,,-0.9,0.007,-0.7
2023-05-26 04:00:00,-1.1,79.9,1013.1,2.4,3.5,205.5,1.6948,0.0,,-0.9,0.007,-0.7
2023-05-26 04:30:00,-1.1,80.2,1013.1,1.9,3.3,241.0,2.6312,0.0,,-0.8,0.007,-0.6
2023-05-26 05:00:00,-0.9,79.1,1012.9,2.3,5.8,227.0,4.2508,0.0,,-0.8,0.007,-0.4
2023-05-26 05:30:00,-0.8,78.4,1012.8,3.4,5.9,205.8,9.3984,0.6828,,-0.7,0.007,-0.3
2023-05-26 06:00:00,-0.7,78.1,1012.8,3.0,4.7,216.6,15.6346,1.8342,,-0.7,0.006,-0.2
2023-05-26 06:30:00,-0.7,77.9,1012.8,2.7,3.7,222.2,26.5378,3.8608,,-0.5,0.007,0.0
2023-05-26 07:00:00,-0.5,76.3,1012.8,3.1,5.0,217.2,27.4213,3.6242,,-0.3,0.005,0.4
2023-05-26 07:30:00,-0.3,77.3,1012.7,3.9,6.6,200.3,33.7459,4.5309,,-0.1,0.005,0.5
2023-05-26 08:00:00,-0.2,76.4,1012.8,5.3,7.1,197.5,37.4914,4.8325,,-0.1,0.006,0.8
2023-05-26 08:30:00,-0.2,76.4,1012.8,5.2,7.0,198.9,52.5655,7.2372,,0.1,0.007,0.8
2023-05-26 09:00:00,-0.1,75.2,1012.8,4.8,7.5,192.4,50.3648,6.7068,,0.1,0.006,1.1
2023-05-26 09:30:00,-0.1,75.9,1012.9,5.3,7.2,194.1,55.754,7.3597,,0.2,0.005,1.1
2023-05-26 10:00:00,-0.1,76.3,1012.9,5.4,6.9,196.2,71.5805,9.6744,,0.4,0.003,1.1
2023-05-26 10:30:00,-0.1,77.6,1012.8,4.6,7.1,184.7,63.7362,8.3624,,0.3,0.005,1.2
2023-05-26 11:00:00,-0.1,77.4,1012.6,3.0,5.7,173.7,69.0773,8.9221,,0.5,0.006,1.1
2023-05-26 11:30:00,-0.1,76.9,1012.4,3.3,4.9,164.9,48.0394,5.461,,0.2,0.005,0.8
2023-05-26 12:00:00,-0.7,87.5,1012.4,3.4,5.1,191.4,81.3505,16.0094,,-0.1,0.004,0.7
2023-05-26 12:30:00,-1.2,94.3,1012.3,2.1,4.3,160.0,125.3572,56.452,,-0.2,0.0,1.8
2023-05-26 13:00:00,-1.2,94.8,1012.0,1.5,2.4,124.8,138.4224,76.774,,-0.2,,2.2
2023-05-26 13:30:00,-1.2,95.1,1012.0,1.9,2.9,126.3,156.5681,108.9581,,-0.4,,3.3
2023-05-26 14:00:00,-1.3,95.1,1011.8,2.6,3.4,99.0,181.6801,135.373,0.745,-0.4,,3.2
2023-05-26 14:30:00,-1.2,95.2,1011.7,2.7,3.9,93.4,206.5645,164.7907,0.797,-0.4,0.001,3.8
2023-05-26 15:00:00,-1.1,95.3,1011.6,2.9,4.3,92.7,209.6804,170.2854,0.812,-0.4,0.008,3.8
2023-05-26 15:30:00,-1.1,95.2,1011.3,3.4,4.7,83.2,211.5274,177.0401,0.837,-0.3,0.02,3.7
2023-05-26 16:00:00,-1.2,94.8,1010.8,4.0,5.4,82.8,226.3299,190.7757,0.843,-0.4,0.056,3.6
2023-05-26 16:30:00,-1.2,94.2,1010.4,5.0,6.8,81.3,235.2359,199.5026,0.848,-0.4,0.06,3.9
2023-05-26 17:00:00,-0.9,90.1,1010.2,5.3,7.6,77.7,275.2945,235.3022,0.855,-0.1,0.04,5.2
2023-05-26 17:30:00,-0.6,88.6,1010.0,5.9,10.7,82.2,292.5258,250.4351,0.856,0.1,0.04,4.9
2023-05-26 18:00:00,-0.4,87.6,1010.1,6.6,10.0,81.7,277.0271,238.2087,0.86,0.2,0.035,4.9
2023-05-26 18:30:00,-0.5,91.4,1010.3,5.7,8.4,81.8,209.6407,181.4947,,0.1,0.027,2.7
2023-05-26 19:00:00,-0.5,93.3,1010.4,5.3,8.1,82.9,129.5476,115.3537,,-0.1,0.026,2.0
2023-05-26 19:30:00,-0.5,94.9,1010.4,5.3,10.0,81.3,120.3974,109.3939,,0.0,0.04,2.0
2023-05-26 20:00:00,-0.4,96.3,1010.5,4.6,6.6,74.7,104.0083,96.7492,,0.1,0.051,2.1
2023-05-26 20:30:00,-0.4,97.3,1010.6,4.5,7.6,76.3,79.8164,75.7061,,0.1,0.043,1.6
2023-05-26 21:00:00,-0.3,97.7,1010.7,5.0,10.1,88.3,59.8223,58.4308,,0.2,0.073,1.3
2023-05-26 21:30:00,-0.3,97.9,1010.6,4.9,10.4,86.1,42.1185,42.351,,0.2,0.088,1.1
2023-05-26 22:00:00,-0.3,97.9,1010.6,2.2,4.6,126.0,38.0244,39.1589,,0.2,0.112,0.9
2023-05-26 22:30:00,-0.3,98.0,1010.7,2.5,4.6,144.5,28.384,29.9023,,0.1,0.112,0.6
2023-05-26 23:00:00,-0.3,98.1,1010.7,,,,18.5939,22.1863,,0.1,0.133,0.4
2023-05-26 23:30:00,-0.3,98.1,1010.5,,,,12.1739,16.5218,,0.1,0.17,0.3
2023-05-27 00:00:00,-0.3,98.1,1010.3,,,,9.879,12.9118,,0.0,0.17,0.3
2023-05-27 00:30:00,-0.3,98.2,1010.1,,,,8.04,10.604,,0.1,0.17,0.3
2023-05-27 01:00:00,-0.3,98.2,1010.1,,,,4.7201,6.5761,,0.1,0.17,0.3
2023-05-27 01:30:00,-0.3,98.2,1010.1,,,,2.9598,4.7848,,0.1,0.213,0.3
2023-05-27 02:00:00,-0.3,98.2,1010.1,,,,2.0378,3.7223,,0.1,0.236,0.3
2023-05-27 02:30:00,-0.3,98.3,1010.1,,,,0.5051,2.1292,,0.1,0.239,0.3
2023-05-27 03:00:00,-0.3,98.3,1009.9,,,,0.0,1.4464,,0.1,0.26,0.3
2023-05-27 03:30:00,-0.3,98.3,1009.5,,,,0.0,1.5122,,0.1,0.262,0.3
2023-05-27 04:00:00,-0.3,98.3,1009.2,,,,0.0,1.4416,,0.1,0.262,0.3
2023-05-27 04:30:00,-0.3,98.3,1008.9,,,,0.0,1.6822,,0.1,0.262,0.3
2023-05-27 05:00:00,-0.3,98.3,1008.6,,,,0.0,2.6,,0.1,0.266,0.3
2023-05-27 05:30:00,-0.3,98.3,1008.4,,,,1.1594,4.3988,,0.0,0.312,0.3
2023-05-27 06:00:00,-0.3,98.3,1008.2,,,,2.8711,5.5598,,0.1,0.325,0.3
2023-05-27 06:30:00,-0.3,98.3,1007.9,,,,6.2745,9.1112,,0.1,0.335,0.3
2023-05-27 07:00:00,-0.3,98.4,1007.5,,,,11.6238,16.6958,,0.1,0.35,0.3
2023-05-27 07:30:00,-0.3,98.4,1007.1,,,,11.8226,19.6383,,0.1,0.355,0.3
2023-05-27 08:00:00,-0.3,98.4,1006.6,,,,14.7673,,,0.1,0.362,0.3
2023-05-27 08:30:00,-0.3,98.4,1006.1,,,,28.3815,,,0.2,0.362,0.3
2023-05-27 09:00:00,-0.3,98.3,1005.5,,,,40.7631,49.3362,,0.2,0.362,0.3
2023-05-27 09:30:00,-0.3,98.3,1004.9,3.3,4.4,93.8,50.9791,56.2292,,0.2,0.362,0.3
2023-05-27 10:00:00,-0.3,98.3,1004.7,3.9,5.6,90.0,66.5094,69.5337,,0.3,0.362,0.3
2023-05-27 10:30:00,-0.3,98.2,1004.1,,,,74.8276,77.9993,,0.3,0.362,0.3
2023-05-27 11:00:00,-0.3,98.1,1003.8,,,,80.4855,85.063,,0.3,0.378,0.3
2023-05-27 11:30:00,-0.3,98.2,1003.7,,,,51.2863,,,0.2,0.409,0.3
2023-05-27 12:00:00,-0.2,98.0,1002.8,,,,112.1405,,,0.3,0.412,0.3
2023-05-27 12:30:00,-0.2,97.9,1002.7,,,,145.9798,141.4437,,0.3,0.422,0.4
2023-05-27 13:00:00,-0.1,97.7,1002.2,,,,197.1737,181.1933,,0.5,0.421,0.4
2023-05-27 13:30:00,-0.2,96.9,1002.1,,,,247.4389,224.3221,,0.6,0.417,0.4
2023-05-27 14:00:00,-1.5,95.0,1002.5,3.4,4.6,273.6,273.0154,252.4849,0.925,-0.2,0.409,0.4
2023-05-27 14:30:00,-1.5,95.0,1002.5,3.7,6.2,280.5,244.1251,226.1101,0.926,-0.6,0.41,0.4
2023-05-27 15:00:00,-1.2,90.6,1002.5,4.2,7.0,272.7,319.2652,290.6761,0.912,-0.4,0.409,0.5
2023-05-27 15:30:00,-1.1,83.2,1002.7,,,260.4,581.8957,514.1014,0.884,0.1,0.406,0.6
2023-05-27 16:00:00,-0.7,73.6,1003.0,5.8,10.1,290.2,754.8375,659.2646,0.873,0.2,0.41,0.6
2023-05-27 16:30:00,-1.5,73.7,1003.7,,,271.5,828.0738,708.6581,0.856,0.1,0.401,0.7
2023-05-27 17:00:00,-2.3,72.9,1005.0,,,272.2,703.5805,597.465,0.85,-0.8,0.393,0.7
2023-05-27 17:30:00,-3.3,77.5,1006.5,7.6,10.7,284.9,495.0629,422.3371,0.853,-2.0,0.383,0.7
2023-05-27 18:00:00,-3.7,78.3,1007.5,8.8,14.7,291.8,507.0426,430.3638,0.849,-2.4,0.38,0.8
2023-05-27 18:30:00,-3.9,74.4,1008.6,7.1,12.0,291.2,694.4831,573.4168,,-2.2,0.377,0.9
2023-05-27 19:00:00,-4.3,65.3,1009.7,7.9,12.9,286.6,633.7568,513.2864,,-3.8,0.373,0.8
2023-05-27 19:30:00,-4.2,62.2,1010.7,7.7,12.2,285.1,593.8485,474.208,,-4.2,0.37,0.8
2023-05-27 20:00:00,-4.4,64.3,1011.6,6.5,10.0,291.6,492.1349,390.4273,,-4.5,0.367,0.7
2023-05-27 20:30:00,-4.5,64.8,1012.3,5.5,8.7,287.2,424.6079,337.9584,,-4.7,0.366,0.8
2023-05-27 21:00:00,-4.0,64.0,1013.0,4.5,7.3,284.0,494.1298,389.277,,-3.6,0.363,0.8
2023-05-27 21:30:00,-4.3,64.8,1013.4,3.7,5.7,287.8,322.4998,250.3982,,-5.1,0.362,0.7
2023-05-27 22:00:00,-4.4,64.2,1013.8,3.2,5.5,286.1,235.4332,186.6336,,-5.1,0.361,0.6
2023-05-27 22:30:00,-4.5,64.6,1014.2,3.4,5.2,290.0,164.4138,131.9026,,-5.7,0.359,0.5
2023-05-27 23:00:00,-4.5,62.3,1014.4,2.9,4.4,291.0,221.3268,164.8043,,-6.1,0.358,0.5
2023-05-27 23:30:00,-4.4,62.1,1014.7,3.4,5.7,281.2,88.2886,71.7743,,-5.3,0.357,0.4
2023-05-28 00:00:00,-4.3,61.3,1014.8,3.4,5.7,295.6,70.3646,57.7032,,-5.3,0.356,0.4
2023-05-28 00:30:00,-4.3,63.6,1015.0,2.6,4.2,311.0,28.1642,24.348,,-5.3,0.355,0.4
2023-05-28 01:00:00,-4.4,69.4,1015.1,2.4,3.7,302.6,12.8645,11.7158,,-5.2,0.354,0.3
2023-05-28 01:30:00,-4.3,70.3,1015.2,2.3,3.7,284.5,7.2437,6.8703,,-5.2,0.353,0.3
2023-05-28 02:00:00,-4.3,69.1,1015.3,2.1,3.5,298.2,6.0117,5.759,,-5.3,0.352,0.3
2023-05-28 02:30:00,-4.3,70.0,1015.3,2.2,3.4,292.1,6.0901,5.5813,,-5.3,0.351,0.3
2023-05-28 03:00:00,-4.4,74.0,1015.2,1.9,3.6,297.0,2.1513,2.3869,,-5.2,0.35,0.3
2023-05-28 03:30:00,-4.4,69.7,1015.2,2.0,2.9,291.9,1.5638,1.8437,,-5.4,0.349,0.3
2023-05-28 04:00:00,-4.5,67.5,1015.1,2.8,3.9,309.8,2.1987,2.4399,,-5.5,0.348,0.3
2023-05-28 04:30:00,-4.5,66.3,1015.0,3.0,4.9,289.8,3.9416,3.8774,,-5.7,0.347,0.3
2023-05-28 05:00:00,-4.6,64.0,1014.9,3.0,4.9,312.7,6.226,5.8808,,-5.9,0.346,0.3
2023-05-28 05:30:00,-4.6,63.3,1014.8,3.6,4.8,331.6,11.977,10.568,,-6.0,0.346,0.3
2023-05-28 06:00:00,-4.6,62.2,1014.8,4.7,6.3,340.6,21.6209,18.4701,,-6.1,0.345,0.4
2023-05-28 06:30:00,-4.5,60.7,1014.7,4.2,6.1,343.2,28.3073,24.0846,,-6.0,0.344,0.4
2023-05-28 07:00:00,-4.6,61.9,1014.7,1.4,3.2,308.3,54.6518,45.194,,-6.1,0.342,0.4
2023-05-28 07:30:00,-4.7,69.0,1014.6,0.7,2.4,282.3,78.8122,64.5477,,-6.2,0.341,0.4
2023-05-28 08:00:00,-4.0,60.0,1014.4,1.7,4.2,341.9,116.7363,96.0547,,-5.6,0.341,0.5
2023-05-28 08:30:00,-3.9,56.7,1014.3,2.8,4.3,323.2,99.0801,83.1985,,-5.4,0.341,0.5
2023-05-28 09:00:00,-4.0,60.1,1014.5,2.6,3.3,326.1,94.5243,80.8463,,-5.4,0.341,0.5
2023-05-28 09:30:00,-4.0,64.0,1014.6,3.0,3.9,340.7,110.1947,94.3586,,-5.2,0.34,0.5
2023-05-28 10:00:00,-4.1,67.5,1014.6,3.1,4.9,347.0,156.8969,133.4757,,-4.9,0.339,0.6
2023-05-28 10:30:00,-4.1,69.4,1014.7,2.5,5.3,342.8,288.3091,239.2578,,-4.3,0.337,0.8
2023-05-28 11:00:00,-3.2,62.9,1014.6,1.0,2.5,41.5,330.2252,275.7524,,-3.4,0.335,0.9
2023-05-28 11:30:00,-2.9,59.8,1014.5,2.1,4.4,349.4,434.5623,371.2128,,-3.4,0.335,1.1
2023-05-28 12:00:00,-2.1,52.5,1014.5,2.1,4.3,338.2,540.6525,464.9421,,-2.7,0.333,1.3
2023-05-28 12:30:00,-2.4,55.9,1014.5,2.1,3.9,322.0,726.2257,626.1521,,-1.2,0.333,1.7
2023-05-28 13:00:00,-2.1,52.8,1014.4,2.0,4.1,291.6,723.4876,624.1205,,-1.0,0.332,1.8
2023-05-28 13:30:00,-2.1,52.9,1014.3,1.9,5.3,15.2,701.1175,607.4571,,-1.6,0.33,1.9
2023-05-28 14:00:00,-2.2,49.5,1014.4,1.7,4.3,321.7,728.5059,630.9288,0.866,-1.5,0.33,2.1
2023-05-28 14:30:00,-2.3,52.1,1014.4,1.9,4.6,6.6,748.4022,646.7477,0.864,-1.4,0.329,2.2
2023-05-28 15:00:00,-2.6,54.8,1014.5,2.8,4.8,319.0,763.4523,657.5691,0.861,-1.5,0.326,2.3
2023-05-28 15:30:00,-2.6,54.6,1014.7,3.4,4.8,328.6,771.3015,663.391,0.86,-1.6,0.324,2.3
2023-05-28 16:00:00,-2.2,54.1,1014.7,3.0,4.9,334.8,769.8623,660.1473,0.857,-1.3,0.321,2.4
2023-05-28 16:30:00,-2.5,55.3,1014.8,3.3,5.6,328.3,718.1487,616.1351,0.86,-1.7,0.321,2.3
2023-05-28 17:00:00,-2.4,56.8,1014.7,2.3,4.0,318.4,744.1248,631.4186,0.849,-1.4,0.321,2.3
2023-05-28 17:30:00,-2.2,57.7,1014.9,2.4,3.8,296.4,727.7396,613.2903,0.843,-1.3,0.321,2.3
2023-05-28 18:00:00,-2.3,60.0,1015.1,2.2,3.2,259.9,699.0508,584.5808,0.836,-1.1,0.322,2.5
2023-05-28 18:30:00,-2.3,61.1,1015.2,2.7,3.8,258.3,665.7275,551.3639,,-1.5,0.32,2.5
2023-05-28 19:00:00,-2.3,64.7,1015.3,2.5,3.4,257.3,629.2103,514.8033,,-1.8,0.317,2.4
2023-05-28 19:30:00,-2.4,65.3,1015.4,2.5,4.0,258.2,587.7204,474.4223,,-2.2,0.316,2.2
2023-05-28 20:00:00,-2.4,65.8,1015.5,2.4,3.4,262.5,538.4322,429.0172,,-2.5,0.315,2.1
2023-05-28 20:30:00,-2.4,65.7,1015.6,1.7,2.6,263.2,489.0485,385.4692,,-2.9,0.314,1.9
2023-05-28 21:00:00,-2.3,64.8,1015.6,1.4,2.1,266.7,437.1627,339.0103,,-3.4,0.312,1.8
2023-05-28 21:30:00,-2.4,65.8,1015.7,1.2,1.8,276.1,382.8117,291.804,,-4.2,0.31,1.6
2023-05-28 22:00:00,-2.8,67.7,1015.7,1.1,2.0,287.1,330.3072,247.7879,,-5.1,0.31,1.5
2023-05-28 22:30:00,-3.1,68.5,1015.8,1.1,1.9,318.0,276.6058,203.6646,,-6.1,0.309,1.2
2023-05-28 23:00:00,-3.3,68.2,1015.8,1.7,2.1,323.3,225.6415,161.5401,,-7.0,0.309,1.0
2023-05-28 23:30:00,-3.7,68.6,1015.8,2.3,2.7,323.8,139.8369,96.7134,,-8.0,0.309,0.8
2023-05-29 00:00:00,-4.2,70.0,1015.7,2.1,2.7,325.4,39.3204,37.4512,,-9.8,0.308,0.6
2023-05-29 00:30:00,-4.4,70.1,1015.8,2.1,2.4,324.5,31.601,30.3049,,-10.5,0.308,0.5
2023-05-29 01:00:00,-4.7,70.5,1015.7,2.1,2.6,324.7,24.5165,23.8614,,-10.9,0.307,0.4
2023-05-29 01:30:00,-4.8,71.8,1015.5,2.0,2.6,337.6,18.8481,18.5787,,-11.1,0.307,0.3
2023-05-29 02:00:00,-5.0,72.9,1015.4,1.8,2.6,339.0,15.5688,14.8311,,-11.0,0.307,0.3
2023-05-29 02:30:00,-4.8,73.8,1015.1,2.1,2.7,348.8,14.5923,12.8507,,-10.0,0.308,0.2
2023-05-29 03:00:00,-4.9,75.1,1014.9,2.1,2.6,351.1,10.2402,9.6127,,-10.3,0.308,0.1
2023-05-29 03:30:00,-5.2,77.5,1014.7,2.1,2.5,10.6,9.6472,8.8028,,-10.1,0.309,0.0
2023-05-29 04:00:00,-5.0,76.3,1014.5,1.4,2.1,17.9,9.5656,8.2324,,-9.6,0.309,-0.2
2023-05-29 04:30:00,-4.7,68.9,1014.2,1.9,2.9,356.3,10.647,8.9299,,-8.9,0.308,0.0
2023-05-29 05:00:00,-4.4,63.8,1013.8,2.4,3.6,356.6,12.4873,10.8575,,-7.8,0.309,0.1
2023-05-29 05:30:00,-4.3,64.0,1013.4,2.7,3.5,355.1,19.3049,16.4825,,-7.7,0.309,0.1
2023-05-29 06:00:00,-4.4,66.4,1013.0,2.2,3.1,5.8,29.5306,24.2208,,-7.6,0.309,0.1
2023-05-29 06:30:00,-4.3,65.8,1012.4,1.8,3.6,358.5,40.3327,32.768,,-7.1,0.308,0.1
2023-05-29 07:00:00,-4.3,62.6,1012.0,2.0,3.4,354.6,59.4603,48.1752,,-7.2,0.307,0.2
2023-05-29 07:30:00,-4.1,60.5,1011.7,1.8,4.0,21.9,70.3062,59.106,,-7.3,0.307,0.2
2023-05-29 08:00:00,-4.1,60.2,1011.3,1.6,3.1,30.7,74.4597,64.9491,,-8.3,0.307,0.1
2023-05-29 08:30:00,-4.3,60.3,1010.8,1.9,3.7,6.2,65.4138,63.1801,,-9.1,0.306,0.2
2023-05-29 09:00:00,-3.9,58.3,1010.3,2.1,4.2,11.1,247.126,190.5987,,-8.0,0.304,0.4
2023-05-29 09:30:00,-3.8,57.3,1009.8,3.0,6.7,337.8,304.6573,250.1204,,-6.9,0.304,0.7
2023-05-29 10:00:00,-3.8,56.7,1009.4,3.1,6.3,344.9,362.4385,300.6293,,-6.1,0.302,0.9
2023-05-29 10:30:00,-3.5,56.3,1009.0,2.7,5.1,346.4,415.5129,347.4874,,-5.5,0.3,1.1
2023-05-29 11:00:00,-2.8,54.3,1008.6,1.8,3.4,353.9,466.8864,393.3205,,-4.8,0.298,1.4
2023-05-29 11:30:00,-2.4,54.5,1008.3,1.7,2.8,11.0,514.1709,435.1704,,-4.0,0.296,1.7
2023-05-29 12:00:00,-2.8,56.5,1007.8,3.3,5.7,1.3,566.3297,480.2955,,-3.5,0.298,1.8
2023-05-29 12:30:00,-3.2,56.6,1007.4,3.4,6.2,343.4,585.1002,497.3214,,-3.3,0.298,2.1
2023-05-29 13:00:00,-2.8,56.6,1006.9,3.0,5.1,340.3,647.7042,552.9178,,-2.6,0.298,2.5
2023-05-29 13:30:00,-2.5,55.8,1006.7,2.4,5.3,338.3,681.1123,583.0089,,-1.8,0.297,2.9
2023-05-29 14:00:00,-1.9,52.0,1006.5,1.3,2.6,251.7,657.3863,563.3123,0.857,-0.9,0.297,3.4
2023-05-29 14:30:00,-1.9,53.6,1006.4,1.5,2.1,259.5,695.9753,596.3425,0.857,-0.2,0.297,3.7
2023-05-29 15:00:00,-1.4,51.4,1006.1,0.9,1.8,256.6,735.1486,629.7776,0.857,0.3,0.295,4.2
2023-05-29 15:30:00,-1.2,50.8,1006.0,0.9,1.9,248.5,747.126,638.2145,0.854,0.3,0.296,4.7
2023-05-29 16:00:00,-1.4,51.6,1005.7,0.9,1.6,268.6,731.0389,619.9091,0.848,0.4,0.297,4.8
2023-05-29 16:30:00,-0.7,49.4,1005.6,0.8,1.7,182.1,739.1912,624.9971,0.846,0.3,0.295,4.9
2023-05-29 17:00:00,-1.4,51.7,1005.6,1.4,2.3,210.9,716.4589,596.7402,0.833,-0.2,0.297,4.5
2023-05-29 17:30:00,-1.4,53.0,1005.6,1.5,2.5,247.1,687.9686,564.63,0.821,-0.1,0.297,4.3
2023-05-29 18:00:00,-1.4,53.4,1005.6,1.4,2.1,257.4,659.0522,536.3769,0.814,-0.3,0.296,4.2
2023-05-29 18:30:00,-0.9,50.5,1005.6,0.9,1.8,292.6,623.2358,503.4073,,-0.3,0.293,4.3
2023-05-29 19:00:00,-0.3,49.6,1005.7,0.5,1.2,127.3,499.8214,400.4881,,-1.0,0.289,3.9
2023-05-29 19:30:00,0.0,48.6,1005.9,0.4,1.2,302.9,375.149,302.6949,,-1.2,0.286,3.1
2023-05-29 20:00:00,-0.9,52.7,1006.1,0.5,0.9,193.9,280.6586,231.2244,,-1.2,0.29,2.5
2023-05-29 20:30:00,-1.7,56.9,1006.0,1.3,2.4,73.3,238.2175,196.1493,,-1.5,0.291,1.9
2023-05-29 21:00:00,-2.0,59.6,1005.9,2.6,4.4,75.9,193.0001,159.4539,,-1.9,0.292,1.3
2023-05-29 21:30:00,-2.0,59.1,1005.9,3.3,5.2,73.3,171.3106,141.7792,,-2.2,0.292,0.9
2023-05-29 22:00:00,-2.0,59.1,1006.2,3.9,5.1,70.7,126.5966,106.349,,-2.5,0.291,0.5
2023-05-29 22:30:00,-2.0,60.7,1006.2,4.8,7.0,75.3,96.55,81.1747,,-2.7,0.291,0.3
2023-05-29 23:00:00,-1.8,62.0,1006.2,5.2,7.5,76.6,84.2222,70.5743,,-2.7,0.29,-0.3
2023-05-29 23:30:00,-1.8,63.3,1006.3,5.3,7.6,83.3,79.1083,65.6013,,-2.8,0.289,-0.5
2023-05-30 00:00:00,-1.8,61.3,1006.5,6.9,8.4,80.9,66.0426,54.3903,,-2.9,0.288,0.2
2023-05-30 00:30:00,-1.7,62.6,1006.9,6.1,8.1,82.4,37.259,31.0266,,-2.9,0.288,0.3
2023-05-30 01:00:00,-1.7,64.9,1007.0,6.4,9.3,82.1,16.3263,14.2576,,-2.9,0.288,0.3
2023-05-30 01:30:00,-2.1,73.8,1006.9,6.6,10.0,83.7,9.3403,8.2281,,-2.9,0.288,0.3
2023-05-30 02:00:00,-2.5,81.7,1006.9,7.0,10.4,82.2,5.5672,4.9735,,-2.9,0.288,0.3
2023-05-30 02:30:00,-2.4,85.1,1007.0,6.7,10.0,75.6,3.444,3.1016,,-2.7,0.289,0.3
2023-05-30 03:00:00,-1.9,85.9,1007.0,7.2,10.0,77.8,2.622,2.3292,,-2.2,0.289,0.3
2023-05-30 03:30:00,-1.6,87.7,1007.2,5.8,8.3,71.8,1.6551,1.5058,,-1.9,0.29,0.3
2023-05-30 04:00:00,-1.0,85.3,1007.1,5.3,8.0,76.6,1.6658,1.5136,,-1.5,0.29,0.3
2023-05-30 04:30:00,-0.5,82.7,1006.8,6.2,11.8,75.8,1.5842,1.4836,,-1.2,0.289,0.3
2023-05-30 05:00:00,-0.5,84.9,1006.8,7.2,10.2,73.9,3.1295,2.8643,,-1.1,0.288,0.3
2023-05-30 05:30:00,-0.6,86.4,1006.8,7.3,10.3,77.2,5.3913,4.7911,,-1.1,0.288,0.4
2023-05-30 06:00:00,-0.4,85.6,1007.2,7.5,12.1,77.9,6.3614,5.7752,,-1.0,0.288,0.4
2023-05-30 06:30:00,-0.4,88.8,1007.4,5.7,10.6,82.3,10.5866,9.8095,,-0.7,0.288,0.4
2023-05-30 07:00:00,-0.5,89.7,1007.4,6.2,8.1,77.3,13.7646,12.7103,,-0.7,0.288,0.4
2023-05-30 07:30:00,-0.2,87.2,1006.8,5.7,8.1,70.4,30.8646,27.6935,,-0.7,0.288,0.4
2023-05-30 08:00:00,0.0,86.5,1006.6,6.4,9.3,74.1,52.5788,46.6215,,-0.5,0.288,0.4
2023-05-30 08:30:00,1.6,72.0,1006.7,4.7,8.4,79.6,44.1133,39.4217,,0.0,0.288,0.5
2023-05-30 09:00:00,2.1,67.6,1006.8,3.9,6.5,92.5,68.1379,59.7768,,0.1,0.287,0.5
2023-05-30 09:30:00,2.2,66.8,1006.4,5.0,6.6,77.7,88.0671,76.9491,,0.3,0.286,0.5
2023-05-30 10:00:00,2.3,66.7,1006.2,5.4,7.1,80.7,117.8318,102.1872,,0.4,0.286,0.6
2023-05-30 10:30:00,2.6,64.9,1006.2,5.0,8.5,81.8,137.0793,120.0154,,0.7,0.286,0.6
2023-05-30 11:00:00,2.0,73.3,1006.9,4.7,8.3,137.8,91.0565,84.5902,,0.6,0.284,0.6
2023-05-30 11:30:00,0.1,94.8,1007.3,2.8,6.2,217.8,81.4353,79.6145,,0.3,0.281,0.6
2023-05-30 12:00:00,0.1,95.8,1007.2,1.2,2.7,318.9,79.0418,87.0088,,0.3,0.277,0.6
2023-05-30 12:30:00,0.2,95.3,1007.3,0.9,2.6,119.0,71.1415,,,0.4,0.287,0.6
2023-05-30 13:00:00,0.2,95.6,1007.5,1.6,3.6,291.6,84.7499,,,0.4,0.293,0.6
2023-05-30 13:30:00,0.6,93.3,1007.9,1.9,4.1,319.8,91.1884,,,0.4,0.331,0.7
2023-05-30 14:00:00,0.5,93.4,1008.2,1.4,4.3,321.5,90.4966,97.8491,,0.4,0.34,0.7
2023-05-30 14:30:00,0.7,92.7,1008.3,1.9,3.9,299.6,95.4173,98.7473,,0.5,0.343,0.7
2023-05-30 15:00:00,0.5,93.4,1008.4,1.0,2.5,30.9,101.2436,108.5395,,0.4,0.338,0.7
2023-05-30 15:30:00,0.2,95.2,1008.6,3.4,5.9,82.0,109.5996,118.641,,0.4,0.344,0.6
2023-05-30 16:00:00,0.0,96.5,1008.9,4.2,6.2,83.4,118.6499,120.1324,,0.4,0.344,0.6
2023-05-30 16:30:00,0.1,96.5,1009.2,4.2,8.7,94.6,127.3107,130.1214,,0.4,0.344,0.6
2023-05-30 17:00:00,0.1,96.6,1009.7,4.7,6.2,100.1,105.1487,105.1387,,0.3,0.359,0.6
2023-05-30 17:30:00,0.1,96.5,1010.1,4.1,5.3,100.5,128.0866,123.8658,0.967,0.3,0.345,0.6
2023-05-30 18:00:00,0.2,96.4,1010.5,3.7,4.4,109.3,139.6494,137.5814,0.985,0.3,0.329,0.6
2023-05-30 18:30:00,0.1,96.3,1010.9,3.7,5.3,113.4,131.2209,126.457,,0.3,0.329,0.6
2023-05-30 19:00:00,-0.1,96.7,1011.2,3.0,3.7,109.9,112.8899,111.7242,,0.3,0.379,0.5
2023-05-30 19:30:00,0.0,97.0,1011.6,3.4,5.5,118.3,92.016,89.534,,0.2,0.42,0.5
2023-05-30 20:00:00,0.0,97.2,1012.0,2.7,4.2,116.3,81.5361,80.4687,,0.2,0.422,0.5
2023-05-30 20:30:00,-0.1,97.3,1012.4,2.6,3.6,108.1,72.2216,70.9323,,0.2,0.438,0.5
2023-05-30 21:00:00,-0.1,97.5,1012.9,2.2,3.5,108.7,63.1285,63.6188,,0.1,0.439,0.5
2023-05-30 21:30:00,0.0,97.4,1013.1,2.9,3.8,95.6,57.8817,58.8585,,0.2,0.445,0.5
2023-05-30 22:00:00,0.0,97.4,1013.3,2.4,3.7,89.8,43.5589,44.6609,,0.2,0.454,0.5
2023-05-30 22:30:00,0.0,97.3,1013.5,1.5,3.2,93.7,35.6676,36.7306,,0.2,0.466,0.5
2023-05-30 23:00:00,0.1,96.6,1013.5,1.3,4.5,119.6,29.8561,30.9928,,0.2,0.486,0.5
2023-05-30 23:30:00,0.1,96.5,1013.7,1.3,3.4,66.1,19.5024,22.5337,,0.2,0.492,0.4
2023-05-31 00:00:00,0.0,96.8,1013.8,1.1,2.1,45.8,17.5763,22.0118,,0.1,0.502,0.4
2023-05-31 00:30:00,0.1,96.2,1013.9,1.2,2.5,48.7,17.6815,21.2337,,0.2,0.505,0.4
2023-05-31 01:00:00,0.3,95.3,1013.8,1.3,2.9,16.2,11.6503,15.0291,,0.2,0.506,0.4
2023-05-31 01:30:00,0.6,92.4,1013.7,1.6,3.4,30.6,9.7192,11.7662,,0.3,0.496,0.4
2023-05-31 02:00:00,0.8,91.2,1013.5,2.2,3.9,63.9,4.3015,7.6767,,0.2,0.496,0.4
2023-05-31 02:30:00,0.6,93.0,1013.4,2.7,4.6,64.8,2.6001,6.0954,,0.2,0.493,0.4
2023-05-31 03:00:00,0.8,91.6,1013.2,3.4,5.7,75.3,2.5279,5.6594,,0.2,0.494,0.4
2023-05-31 03:30:00,0.2,94.6,1013.1,4.5,6.2,78.5,3.3276,4.7712,,0.1,0.496,0.4
2023-05-31 04:00:00,-0.2,96.9,1013.1,,,78.2,3.5115,3.9129,,0.0,0.497,0.4
2023-05-31 04:30:00,0.0,96.0,1012.8,6.3,9.9,78.4,3.531,4.491,,0.1,0.491,0.4
2023-05-31 05:00:00,0.6,92.8,1012.4,5.6,7.5,74.5,5.8963,6.0259,,0.2,0.486,0.4
2023-05-31 05:30:00,0.6,92.6,1012.2,5.5,7.8,75.2,9.1924,8.3176,,0.2,0.489,0.4
2023-05-31 06:00:00,0.7,93.5,1012.1,5.7,7.1,71.7,10.1441,9.1528,,0.2,0.482,0.4
2023-05-31 06:30:00,1.7,89.5,1011.9,6.0,7.6,75.1,13.1268,12.3596,,0.4,0.487,0.4
2023-05-31 07:00:00,2.1,87.3,1011.6,6.3,8.7,77.9,15.8898,15.0891,,0.6,0.479,0.5
2023-05-31 07:30:00,2.7,86.0,1011.2,7.3,9.3,78.2,20.8908,18.9632,,0.7,0.472,0.5
2023-05-31 08:00:00,2.6,85.9,1011.2,6.3,11.2,83.4,29.6663,26.4395,,0.7,0.464,0.5
2023-05-31 08:30:00,2.7,85.8,1011.3,7.6,11.4,77.8,35.3802,31.3984,,0.8,0.459,0.5
2023-05-31 09:00:00,3.7,81.9,1011.2,5.6,10.2,76.1,34.6172,31.7265,,1.0,0.452,0.5
2023-05-31 09:30:00,4.6,81.1,1011.1,4.5,10.2,75.2,39.4071,35.7916,,1.2,0.439,0.5
2023-05-31 10:00:00,3.7,86.1,1011.8,7.0,9.0,82.8,59.9451,51.8955,,1.1,0.427,0.5
2023-05-31 10:30:00,3.5,87.0,1012.3,6.6,9.4,82.5,89.5503,76.7165,,1.0,0.421,0.6
2023-05-31 11:00:00,3.1,88.0,1012.8,3.2,6.1,116.9,123.644,102.94,,0.9,0.414,0.6
2023-05-31 11:30:00,2.5,90.8,1013.3,1.2,1.9,301.6,140.0731,115.5169,,0.9,0.417,0.6
2023-05-31 12:00:00,2.8,90.9,1013.3,3.4,8.8,305.0,100.4235,84.0946,,0.9,0.414,0.6
2023-05-31 12:30:00,3.1,86.6,1013.1,4.8,8.8,283.7,112.4091,95.0576,,1.1,0.408,0.7
2023-05-31 13:00:00,3.4,82.9,1013.0,4.8,9.5,277.6,98.9871,85.6119,,1.2,0.399,0.7
2023-05-31 13:30:00,2.8,83.0,1013.3,4.5,8.1,272.1,95.3287,82.7013,,1.1,0.394,0.7
2023-05-31 14:00:00,2.7,82.4,1013.5,3.8,6.0,267.5,89.293,77.3495,0.867,1.0,0.388,0.7
2023-05-31 14:30:00,2.6,82.8,1013.7,3.4,7.3,266.9,94.3616,81.0536,0.859,1.0,0.392,0.7
2023-05-31 15:00:00,2.7,83.5,1013.5,3.0,6.2,279.7,85.9339,75.8513,0.883,1.0,0.392,0.7
2023-05-31 15:30:00,2.6,85.3,1013.4,2.8,4.9,276.0,113.6729,99.955,0.88,1.0,0.388,0.8
2023-05-31 16:00:00,2.5,85.3,1013.2,3.0,4.8,290.1,118.7614,103.6057,0.873,0.9,0.386,0.9
2023-05-31 16:30:00,2.9,83.4,1013.2,2.8,5.7,282.0,159.1648,137.0464,0.862,1.0,0.378,1.0
2023-05-31 17:00:00,2.5,84.7,1013.1,2.1,4.3,279.8,159.8142,137.008,0.857,1.0,0.376,1.1
2023-05-31 17:30:00,2.2,87.1,1012.8,1.0,2.9,42.0,174.4979,147.2957,0.844,1.0,0.374,1.0
2023-05-31 18:00:00,2.3,86.0,1012.6,1.4,3.1,290.9,138.8559,118.2128,0.852,1.0,0.375,0.9
2023-05-31 18:30:00,1.9,89.0,1012.7,0.7,1.3,356.1,111.6485,95.824,,0.8,0.372,0.9
2023-05-31 19:00:00,2.2,88.9,1012.5,1.0,2.9,348.4,114.441,97.975,,0.9,0.368,0.9
2023-05-31 19:30:00,2.2,87.7,1012.3,0.9,2.1,61.4,108.4555,91.9488,,0.9,0.366,0.8
2023-05-31 20:00:00,2.1,88.4,1012.2,0.8,1.2,9.3,94.2251,79.9754,,0.9,0.363,0.8
2023-05-31 20:30:00,1.9,88.7,1012.1,1.0,1.7,92.3,83.605,71.5715,,0.8,0.36,0.8
2023-05-31 21:00:00,1.8,88.6,1012.0,1.4,1.9,68.3,114.5262,95.2077,,0.8,0.354,0.9
2023-05-31 21:30:00,1.7,89.0,1012.0,1.7,2.1,49.1,79.2902,66.0584,,0.7,0.342,0.7
2023-05-31 22:00:00,1.8,89.2,1012.0,1.8,2.1,40.7,55.1041,47.1433,,0.6,0.347,0.7
2023-05-31 22:30:00,1.8,89.6,1012.2,1.8,2.1,49.1,45.3746,39.0225,,0.6,0.348,0.7
2023-05-31 23:00:00,1.7,89.8,1012.4,1.6,2.1,19.2,31.5854,27.6412,,0.6,0.344,0.6
2023-05-31 23:30:00,2.0,87.5,1012.6,1.2,2.5,309.8,23.6061,21.1099,,0.6,0.336,0.6
2023-06-01 00:00:00,1.5,90.0,1012.7,0.9,2.2,275.8,17.7359,16.1809,,0.5,0.338,0.6
2023-06-01 00:30:00,1.5,90.7,1012.9,1.2,3.4,300.7,9.1857,9.6724,,0.5,0.339,0.6
2023-06-01 01:00:00,1.7,89.0,1013.1,1.5,3.1,306.7,10.5118,10.8232,,0.5,0.341,0.6
2023-06-01 01:30:00,1.8,87.2,1013.3,2.6,5.9,297.7,6.5783,8.2521,,0.6,0.339,0.6
2023-06-01 02:00:00,1.7,87.1,1013.5,3.3,5.5,287.5,4.268,6.1894,,0.5,0.339,0.6
2023-06-01 02:30:00,1.6,86.8,1013.6,3.4,6.5,285.3,3.6872,5.5949,,0.5,0.339,0.5
2023-06-01 03:00:00,1.6,87.4,1013.7,3.2,4.9,283.2,1.9555,4.0038,,0.5,0.338,0.5
2023-06-01 03:30:00,1.6,88.0,1013.7,3.8,5.2,285.4,1.7665,3.4612,,0.5,0.337,0.5
2023-06-01 04:00:00,1.7,87.3,1013.8,3.6,5.8,271.1,2.2454,3.8046,,0.5,0.333,0.5
2023-06-01 04:30:00,1.8,86.5,1013.8,3.1,4.9,295.1,3.8234,5.1701,,0.5,0.331,0.5
2023-06-01 05:00:00,1.8,86.3,1013.9,3.5,6.0,292.9,3.8471,5.7457,,0.5,0.328,0.6
2023-06-01 05:30:00,1.7,87.2,1014.1,3.1,5.4,303.1,3.7543,5.933,,0.5,0.327,0.6
2023-06-01 06:00:00,1.8,86.5,1014.0,3.3,6.8,300.5,8.2746,9.37,,0.6,0.326,0.6
2023-06-01 06:30:00,1.8,86.3,1014.3,3.0,5.5,294.5,9.7983,10.6062,,0.6,0.326,0.6
2023-06-01 07:00:00,1.6,88.0,1014.7,3.1,5.6,293.4,9.7538,11.4807,,0.6,0.327,0.6
2023-06-01 07:30:00,1.7,88.0,1014.8,2.2,3.8,295.9,20.22,19.3044,,0.6,0.329,0.6
2023-06-01 08:00:00,2.1,85.5,1014.7,1.6,4.0,284.1,22.9117,21.2942,,0.6,0.328,0.6
2023-06-01 08:30:00,2.5,81.2,1014.5,2.2,5.5,309.9,53.5092,45.237,,0.8,0.327,0.8
2023-06-01 09:00:00,2.6,80.3,1014.6,2.0,3.3,275.1,54.6905,46.6434,,0.8,0.325,0.8
2023-06-01 09:30:00,2.5,82.0,1014.5,2.3,4.6,303.6,60.9216,52.2751,,0.8,0.323,0.9
2023-06-01 10:00:00,2.5,82.6,1014.4,2.2,4.4,309.5,69.3075,59.5647,,0.8,0.319,1.0
2023-06-01 10:30:00,2.4,83.9,1014.2,1.7,2.7,336.2,101.9297,84.2848,,0.9,0.313,1.2
2023-06-01 11:00:00,2.7,81.9,1013.9,2.0,5.7,37.0,178.2547,138.8827,,1.0,0.309,1.6
2023-06-01 11:30:00,2.7,81.3,1013.9,2.7,6.1,77.1,243.0903,188.4338,,1.1,0.309,2.0
2023-06-01 12:00:00,2.5,81.5,1014.2,2.6,4.9,321.0,251.3143,195.4445,,1.2,0.305,2.2
2023-06-01 12:30:00,1.7,87.8,1014.5,2.0,3.0,312.5,252.3281,199.3391,,1.0,0.308,2.5
2023-06-01 13:00:00,1.9,87.2,1014.5,2.3,4.1,318.5,276.6227,219.2469,,1.2,0.309,2.6
2023-06-01 13:30:00,2.7,83.5,1014.4,2.1,2.9,323.9,301.6032,238.1306,,1.3,0.306,3.1
2023-06-01 14:00:00,2.9,82.6,1014.2,2.0,2.7,322.2,299.4697,236.3448,0.79,1.5,0.301,3.2
2023-06-01 14:30:00,3.0,81.6,1014.3,2.4,3.5,321.5,330.3333,257.059,0.779,1.5,0.299,3.6
2023-06-01 15:00:00,3.2,80.2,1014.5,2.4,3.2,326.2,411.9496,317.2112,0.77,1.6,0.298,4.5
2023-06-01 15:30:00,3.0,79.6,1014.7,2.3,3.2,319.3,354.2845,278.1465,0.786,1.5,0.297,4.2
2023-06-01 16:00:00,2.5,82.5,1014.9,1.6,2.5,287.1,238.884,196.4381,0.823,1.2,0.289,3.6
2023-06-01 16:30:00,2.5,84.2,1015.0,1.6,3.2,294.0,223.4541,184.512,0.826,1.2,0.291,3.5
2023-06-01 17:00:00,2.4,84.1,1015.1,1.0,1.7,279.5,205.6365,170.716,0.831,1.1,0.291,3.4
2023-06-01 17:30:00,2.4,83.8,1015.2,0.9,1.7,5.5,218.6122,181.2624,0.829,1.1,0.289,3.5
2023-06-01 18:00:00,2.0,84.9,1015.4,0.7,1.4,125.8,168.5144,142.6747,0.847,0.9,0.287,3.2
2023-06-01 18:30:00,1.7,85.4,1015.3,1.6,3.5,6.3,187.5707,154.3333,,0.9,0.285,3.1
2023-06-01 19:00:00,1.8,83.8,1015.4,0.7,2.2,100.9,218.7246,176.1257,,0.9,0.283,3.5
2023-06-01 19:30:00,1.1,87.4,1015.4,2.6,4.4,111.5,186.0281,148.4604,,0.8,0.283,3.1
2023-06-01 20:00:00,0.6,91.1,1015.5,2.2,3.2,119.7,158.2965,126.9569,,0.6,0.283,2.8
2023-06-01 20:30:00,0.0,89.6,1015.6,2.6,3.4,170.6,128.866,103.9776,,0.4,0.282,2.4
2023-06-01 21:00:00,-0.4,87.6,1015.7,2.1,3.2,174.2,142.3642,113.4593,,0.3,0.282,2.5
2023-06-01 21:30:00,-0.5,84.9,1015.9,1.7,3.3,232.4,139.2984,111.2235,,0.2,0.28,2.5
2023-06-01 22:00:00,-0.4,83.7,1015.8,1.4,2.4,270.2,178.7662,135.1215,,0.3,0.279,2.8
2023-06-01 22:30:00,-0.7,85.7,1015.8,1.9,2.8,199.9,121.4337,93.587,,0.1,0.279,2.2
2023-06-01 23:00:00,-0.9,87.0,1015.9,2.1,3.0,188.1,83.1981,64.6556,,-0.1,0.279,1.7
2023-06-01 23:30:00,-0.9,86.7,1015.9,1.9,2.7,169.5,68.2572,53.1923,,-0.2,0.278,1.4
2023-06-02 00:00:00,-1.1,91.4,1016.1,2.7,3.8,144.3,49.4877,38.5804,,-0.3,0.278,1.0
2023-06-02 00:30:00,-1.3,91.4,1016.3,2.1,4.3,140.3,28.0833,22.8582,,-0.4,0.278,0.7
2023-06-02 01:00:00,-1.1,86.6,1016.4,2.9,4.3,125.8,23.9918,18.8981,,-0.5,0.277,0.6
2023-06-02 01:30:00,-1.2,87.5,1016.4,2.9,4.0,121.3,15.1509,12.0612,,-0.6,0.276,0.5
2023-06-02 02:00:00,-1.4,90.5,1016.5,2.9,3.8,95.9,8.6974,7.2315,,-0.8,0.275,0.5
2023-06-02 02:30:00,-1.2,87.6,1016.5,3.4,5.0,81.1,6.9615,5.8454,,-0.8,0.273,0.3
2023-06-02 03:00:00,-1.4,92.2,1016.5,4.0,5.3,90.0,4.8927,4.5091,,-1.0,0.271,0.3
2023-06-02 03:30:00,-1.5,92.2,1016.6,4.2,5.8,81.2,3.7573,3.7077,,-1.1,0.274,0.0
2023-06-02 04:00:00,-1.5,93.7,1016.7,5.1,6.7,80.3,4.3664,4.2775,,-1.1,0.278,-0.1
2023-06-02 04:30:00,-1.5,93.3,1016.7,5.4,7.2,73.7,7.2858,6.7135,,-1.1,0.274,0.3
2023-06-02 05:00:00,-1.4,92.9,1016.9,5.5,7.8,73.4,11.644,10.279,,-1.1,0.272,0.5
2023-06-02 05:30:00,-1.1,90.7,1017.0,5.0,6.3,75.6,21.2345,17.7173,,-1.1,0.272,0.6
2023-06-02 06:00:00,-0.9,89.9,1017.4,4.2,6.6,75.5,22.5703,19.2713,,-0.8,0.273,0.6
2023-06-02 06:30:00,-1.0,92.3,1017.8,3.9,5.2,78.7,27.7625,23.5749,,-0.8,0.278,0.6
2023-06-02 07:00:00,-0.9,90.8,1018.2,3.8,5.1,74.7,42.8412,35.5578,,-1.1,0.278,0.6
2023-06-02 07:30:00,-0.9,87.4,1018.5,3.7,4.6,81.4,64.0846,52.4878,,-1.3,0.278,0.7
2023-06-02 08:00:00,-0.9,89.0,1018.9,2.9,4.2,74.3,89.4446,73.3183,,-1.6,0.277,0.8
2023-06-02 08:30:00,-0.7,86.7,1019.3,1.6,2.9,29.9,91.0935,75.7831,,-1.6,0.277,0.8
2023-06-02 09:00:00,-0.8,84.6,1019.7,1.4,1.9,3.2,92.5235,78.471,,-3.2,0.275,0.9
2023-06-02 09:30:00,-0.4,78.7,1020.0,1.6,2.1,2.3,251.1911,209.238,,-3.3,0.272,1.3
2023-06-02 10:00:00,-0.4,78.1,1020.3,1.6,2.4,334.1,305.9639,258.6202,,-3.0,0.271,1.7
2023-06-02 10:30:00,1.2,71.5,1020.8,1.0,1.4,348.1,470.976,394.9149,,-0.6,0.268,2.4
2023-06-02 11:00:00,1.0,73.6,1021.1,1.4,2.0,337.3,533.4598,446.4248,,0.5,0.269,3.2
2023-06-02 11:30:00,3.3,61.3,1021.5,0.4,1.0,133.7,669.6885,556.1553,,1.4,0.26,4.6
2023-06-02 12:00:00,1.6,72.0,1021.9,1.1,2.1,235.7,392.8013,317.6461,,1.0,0.268,4.1
2023-06-02 12:30:00,0.1,83.2,1022.3,1.9,2.7,258.3,346.1945,277.7668,,0.6,0.273,3.7
2023-06-02 13:00:00,-0.3,84.2,1022.6,2.8,4.4,263.1,310.9387,251.0903,,0.4,0.272,3.3
2023-06-02 13:30:00,-0.9,86.2,1022.8,4.9,6.4,265.8,367.3863,293.6559,,0.1,0.27,3.2
2023-06-02 14:00:00,-0.9,85.1,1023.0,4.4,6.3,270.9,474.7391,378.228,0.797,0.2,0.269,3.9
2023-06-02 14:30:00,-0.7,82.7,1023.1,4.8,6.7,268.8,719.0284,583.4122,0.813,0.5,0.267,5.9
2023-06-02 15:00:00,-0.9,82.1,1023.3,5.9,7.8,269.5,762.5674,611.7871,0.802,0.4,0.263,6.1
2023-06-02 15:30:00,-1.1,81.4,1023.5,6.3,9.1,269.6,778.3765,617.4528,0.793,0.4,0.265,4.2
2023-06-02 16:00:00,-1.1,79.9,1023.6,6.6,8.5,267.7,764.0689,602.2071,0.788,0.4,0.267,4.2
2023-06-02 16:30:00,-1.4,78.7,1023.9,6.4,9.7,265.6,635.5128,500.2592,0.787,-0.1,0.267,3.0
2023-06-02 17:00:00,-1.5,77.6,1024.0,6.6,8.8,264.2,685.9792,539.8332,0.788,-0.2,0.267,2.8
2023-06-02 17:30:00,-1.5,76.2,1024.2,6.4,8.3,265.0,699.3895,544.676,0.779,-0.1,0.266,3.2
2023-06-02 18:00:00,-1.6,74.8,1024.2,6.2,8.5,264.3,647.5504,502.2995,0.776,-0.4,0.265,3.1
2023-06-02 18:30:00,-1.7,73.1,1024.5,6.0,7.7,267.0,612.319,472.2055,,-0.6,0.264,3.0
2023-06-02 19:00:00,-1.7,71.9,1024.5,5.7,7.5,265.5,589.4448,451.3112,,-0.7,0.263,2.7
2023-06-02 19:30:00,-1.7,71.4,1024.7,5.1,7.2,262.4,595.7277,451.2284,,-0.9,0.262,2.8
2023-06-02 20:00:00,-1.9,71.5,1024.9,5.3,6.4,259.7,553.8916,414.5631,,-1.3,0.261,2.3
2023-06-02 20:30:00,-2.1,72.8,1025.0,4.8,6.8,256.0,404.0053,301.48,,-1.9,0.26,1.2
2023-06-02 21:00:00,-2.4,74.4,1024.9,4.3,6.0,254.0,225.3573,172.3455,,-2.6,0.26,0.0
2023-06-02 21:30:00,-2.5,76.6,1025.0,3.8,6.1,255.1,170.7674,132.0792,,-2.7,0.26,-0.4
2023-06-02 22:00:00,-2.4,76.1,1024.8,3.3,5.4,253.4,277.6068,197.7473,,-2.6,0.259,0.2
2023-06-02 22:30:00,-2.5,76.7,1024.7,2.8,3.7,257.5,203.2672,147.9812,,-2.8,0.258,-0.4
2023-06-02 23:00:00,-2.8,79.1,1024.8,2.6,4.1,248.4,112.3996,87.4294,,-2.7,0.259,-0.5
2023-06-02 23:30:00,-2.9,78.1,1024.8,2.7,3.7,238.6,83.7377,65.7142,,-2.9,0.258,-0.9
2023-06-03 00:00:00,-3.0,78.3,1024.7,1.7,3.6,243.9,77.2548,59.3237,,-2.9,0.258,-0.6
2023-06-03 00:30:00,-2.9,76.8,1024.5,1.1,1.8,245.8,73.4893,55.1565,,-2.9,0.258,-0.4
2023-06-03 01:00:00,-3.0,75.5,1024.4,1.1,2.2,240.2,42.973,33.8555,,-3.0,0.258,-0.5
2023-06-03 01:30:00,-2.9,74.8,1024.1,0.7,1.7,39.6,37.5698,28.6799,,-2.9,0.257,-0.2
2023-06-03 02:00:00,-3.1,77.2,1023.6,1.6,2.7,99.0,20.487,16.15,,-3.0,0.257,-0.5
2023-06-03 02:30:00,-3.0,77.4,1023.3,2.0,2.9,106.1,10.7607,8.8167,,-2.8,0.257,-0.9
2023-06-03 03:00:00,-2.9,77.7,1022.9,2.1,3.0,90.5,8.4843,7.0382,,-2.8,0.257,-0.8
2023-06-03 03:30:00,-2.9,77.5,1022.7,2.0,3.2,92.9,6.8695,5.9103,,-2.9,0.257,-0.9
2023-06-03 04:00:00,-2.9,77.5,1022.2,2.2,3.4,89.5,6.6788,5.7531,,-2.8,0.256,-0.7
2023-06-03 04:30:00,-2.9,78.9,1021.7,2.2,3.4,74.6,8.6755,7.3286,,-2.9,0.256,-0.7
2023-06-03 05:00:00,-3.1,81.3,1021.2,2.0,2.8,70.7,8.5396,7.4408,,-2.8,0.255,-0.6
2023-06-03 05:30:00,-3.3,85.7,1020.6,2.1,2.8,72.0,13.8586,11.8497,,-2.9,0.253,-0.6
2023-06-03 06:00:00,-3.5,89.9,1020.2,2.9,3.5,82.0,18.7134,16.1179,,-3.0,0.253,-0.7
2023-06-03 06:30:00,-3.5,90.5,1019.7,3.4,4.5,74.0,30.0095,25.4946,,-3.1,0.256,-0.3
2023-06-03 07:00:00,-3.3,89.3,1019.2,3.6,5.1,70.6,36.323,31.3111,,-3.0,0.257,0.1
2023-06-03 07:30:00,-3.1,87.8,1018.9,2.0,3.7,60.7,47.4633,41.6098,,-2.8,0.258,0.3
2023-06-03 08:00:00,-3.0,89.2,1018.5,2.6,4.2,70.2,56.3985,49.8773,,-2.8,0.257,0.5
2023-06-03 08:30:00,-3.0,90.7,1018.1,2.4,3.5,72.9,69.053,60.7444,,-2.7,0.27,0.7
2023-06-03 09:00:00,-3.0,91.5,1017.9,2.0,3.1,71.7,81.0286,72.0319,,-2.6,0.28,0.7
2023-06-03 09:30:00,-2.9,90.9,1017.6,1.6,2.7,59.8,77.2022,69.3735,,-2.6,0.288,0.8
2023-06-03 10:00:00,-2.8,91.5,1017.2,2.2,3.2,73.7,115.0883,103.0375,,-2.5,0.293,0.9
2023-06-03 10:30:00,-2.8,91.8,1016.7,2.5,3.7,71.4,163.8206,145.0425,,-2.2,0.3,1.1
2023-06-03 11:00:00,-2.7,91.2,1016.4,2.3,3.3,69.1,189.8472,168.8369,,-2.1,0.302,1.1
2023-06-03 11:30:00,-2.7,91.6,1016.1,3.1,4.3,75.4,187.011,167.1289,,-2.1,0.306,1.2
2023-06-03 12:00:00,-2.7,91.7,1015.9,2.4,4.0,101.2,242.0669,212.8892,,-1.8,0.306,1.4
2023-06-03 12:30:00,-2.6,90.7,1015.5,2.3,3.1,68.0,265.0498,233.8052,,-1.7,0.308,1.4
2023-06-03 13:00:00,-2.5,90.0,1015.2,2.0,2.6,65.2,237.4273,209.3087,,-1.7,0.306,1.3
2023-06-03 13:30:00,-2.3,89.3,1014.9,1.8,2.5,67.4,302.0032,269.0946,,-1.3,0.306,1.6
2023-06-03 14:00:00,-2.1,90.5,1014.5,1.5,2.3,57.1,281.954,252.3111,0.895,-1.2,0.31,1.5
2023-06-03 14:30:00,-2.0,91.1,1014.1,1.5,1.9,72.9,258.0862,234.2903,0.908,-1.2,0.309,1.5
2023-06-03 15:00:00,-1.8,91.2,1013.5,2.0,2.9,72.1,372.3609,339.5634,0.913,-0.7,0.307,1.7
2023-06-03 15:30:00,-1.7,91.1,1013.4,2.4,3.8,86.1,409.7076,361.1685,0.882,-0.4,0.31,1.8
2023-06-03 16:00:00,-1.8,91.2,1013.0,3.3,4.0,78.0,463.8685,409.6296,0.883,-0.3,0.301,2.0
2023-06-03 16:30:00,-2.0,92.6,1012.6,3.0,4.2,80.9,299.4358,265.5465,0.888,-0.9,0.302,1.5
2023-06-03 17:00:00,-1.7,94.1,1012.3,4.1,5.2,119.7,194.416,171.0764,0.88,-1.1,0.313,1.2
2023-06-03 17:30:00,-1.6,94.1,1012.1,3.9,4.8,123.8,139.511,123.4286,0.885,-1.2,0.313,1.1
2023-06-03 18:00:00,-1.6,93.2,1011.8,3.8,4.9,105.7,128.9771,114.747,0.89,-1.2,0.314,1.0
2023-06-03 18:30:00,-1.7,93.3,1011.3,3.8,5.1,82.4,135.9072,122.8314,,-1.2,0.312,1.1
2023-06-03 19:00:00,-1.4,94.6,1010.7,4.1,5.9,77.2,162.8806,147.9435,,-0.9,0.302,1.1
2023-06-03 19:30:00,-1.1,95.4,1010.1,4.5,6.4,74.4,170.7019,154.3505,,-0.6,0.317,1.1
2023-06-03 20:00:00,-1.0,95.6,1010.0,2.9,4.7,105.7,184.9286,166.317,,-0.4,0.315,1.1
2023-06-03 20:30:00,-1.0,95.6,1009.8,3.0,5.6,203.7,174.9466,161.8477,,-0.4,0.315,1.1
2023-06-03 21:00:00,-2.0,94.6,1009.7,5.2,7.2,266.1,191.566,171.4837,,-1.3,0.315,1.1
2023-06-03 21:30:00,-2.5,91.7,1009.6,6.6,9.0,263.3,279.1661,229.7914,,-2.3,0.332,1.2
2023-06-03 22:00:00,-3.0,87.4,1009.9,8.0,11.4,261.6,351.8822,272.2536,,-3.4,0.334,1.3
2023-06-03 22:30:00,-3.6,84.0,1010.2,7.1,10.2,269.9,295.7748,223.1101,,-4.3,0.318,1.1
2023-06-03 23:00:00,-3.0,76.6,1010.5,5.7,8.1,272.1,231.0971,172.7142,,-4.3,0.334,1.1
2023-06-03 23:30:00,-2.5,76.4,1010.5,5.5,8.2,274.3,124.5322,97.3537,,-4.6,0.335,0.9
2023-06-04 00:00:00,-2.4,74.8,1010.7,4.7,6.9,268.6,83.8049,70.4932,,-4.7,0.344,0.9
2023-06-04 00:30:00,-2.8,72.0,1011.0,5.7,8.0,278.2,50.2544,44.9579,,-5.5,0.338,0.8
2023-06-04 01:00:00,-3.3,65.0,1011.4,5.6,8.2,275.6,35.5626,32.7537,,-6.4,0.324,0.7
2023-06-04 01:30:00,-3.1,69.5,1011.8,4.5,9.3,287.4,30.4381,26.3277,,-5.2,0.347,0.7
2023-06-04 02:00:00,-2.6,74.5,1012.2,4.3,9.3,269.3,22.3159,19.3324,,-4.2,0.375,0.6
2023-06-04 02:30:00,-2.3,77.4,1012.5,5.6,8.8,239.5,21.6139,18.438,,-3.8,0.367,0.6
2023-06-04 03:00:00,-2.3,81.8,1013.0,6.0,10.9,258.8,14.1476,13.6327,,-4.3,0.353,0.6
2023-06-04 03:30:00,-2.3,77.6,1013.3,5.0,6.9,294.2,11.6315,11.7017,,-4.8,0.372,0.6
2023-06-04 04:00:00,-2.4,82.6,1013.5,4.8,6.2,303.4,9.5609,10.5298,,-4.9,0.367,0.6
2023-06-04 04:30:00,-2.2,74.3,1013.8,2.7,5.7,320.0,9.3385,10.7679,,-6.5,0.361,0.6
2023-06-04 05:00:00,-1.6,66.4,1014.1,2.4,5.7,73.1,13.4687,13.9074,,-7.0,0.36,0.6
2023-06-04 05:30:00,-0.8,59.7,1014.4,3.0,4.8,337.9,16.4711,16.9088,,-6.1,0.358,0.6
2023-06-04 06:00:00,-1.6,65.9,1014.8,2.1,3.5,332.7,22.3877,22.0994,,-7.6,0.353,0.7
2023-06-04 06:30:00,-2.2,71.2,1015.2,1.8,3.9,338.9,29.2542,27.7705,,-8.8,0.355,0.6
2023-06-04 07:00:00,-1.2,64.1,1015.6,4.1,7.0,345.5,48.3985,43.6231,,-5.8,0.353,0.7
2023-06-04 07:30:00,-1.2,66.8,1015.9,4.0,5.9,342.2,76.2268,65.5315,,-4.8,0.349,0.8
2023-06-04 08:00:00,-1.2,67.1,1016.2,3.6,4.8,342.5,91.6624,78.5114,,-5.0,0.347,0.8
2023-06-04 08:30:00,-0.9,65.3,1016.3,4.7,6.8,339.6,137.0057,115.3581,,-3.8,0.362,0.9
2023-06-04 09:00:00,-0.6,62.0,1016.5,4.5,6.5,340.1,186.9138,152.3467,,-3.2,0.363,1.0
2023-06-04 09:30:00,-1.4,68.8,1016.8,1.4,2.2,305.0,176.6156,147.461,,-3.9,0.364,1.2
2023-06-04 10:00:00,-1.1,70.5,1016.8,1.5,2.6,7.7,189.4647,159.0126,,-3.6,0.362,1.3
2023-06-04 10:30:00,-0.9,70.6,1016.9,0.5,1.4,278.0,192.2879,164.0809,,-3.2,0.361,1.3
2023-06-04 11:00:00,-0.8,71.2,1017.1,0.7,1.2,1.4,209.9932,180.0447,,-2.6,0.361,1.4
2023-06-04 11:30:00,-1.0,72.7,1017.1,1.1,1.7,135.0,266.1809,227.4641,,-1.9,0.361,1.6
2023-06-04 12:00:00,-0.5,68.4,1017.2,2.4,4.0,89.7,278.7565,237.1711,,-1.4,0.362,1.7
2023-06-04 12:30:00,-0.4,68.9,1017.4,1.1,1.9,83.7,399.1031,343.1627,,-1.0,0.361,2.2
2023-06-04 13:00:00,0.7,65.1,1017.5,1.0,1.7,123.0,603.7086,525.6341,,0.5,0.357,3.0
2023-06-04 13:30:00,2.1,58.8,1017.6,0.5,1.3,146.1,598.6539,519.0618,,1.0,0.351,3.4
2023-06-04 14:00:00,1.7,60.7,1017.5,0.7,2.5,119.5,457.4838,389.1945,0.851,0.6,0.351,3.3
2023-06-04 14:30:00,-0.1,73.1,1017.3,2.8,4.3,82.4,456.8747,381.1452,0.834,0.3,0.357,3.1
2023-06-04 15:00:00,-0.2,74.1,1017.1,3.5,5.0,79.3,486.8104,405.2626,0.832,0.3,0.356,3.1
2023-06-04 15:30:00,-0.6,77.7,1017.0,3.8,4.9,83.9,487.6111,405.8486,0.832,0.2,0.354,3.1
2023-06-04 16:00:00,-0.6,75.6,1016.9,3.5,4.6,94.1,442.562,366.5392,0.828,0.0,0.352,2.9
2023-06-04 16:30:00,-0.6,77.0,1016.9,3.7,4.8,101.4,402.9057,333.9226,0.829,0.0,0.35,2.7
2023-06-04 17:00:00,-0.7,79.3,1016.8,3.3,4.8,116.9,323.4272,270.6502,0.837,-0.2,0.349,2.5
2023-06-04 17:30:00,-0.6,77.9,1016.7,2.8,3.4,119.6,399.9687,331.728,0.83,0.1,0.347,3.0
2023-06-04 18:00:00,-0.5,76.0,1016.7,2.2,3.0,102.2,445.5811,368.2321,0.826,0.4,0.345,3.3
2023-06-04 18:30:00,-0.3,75.2,1016.6,1.9,2.9,100.6,477.876,392.9004,,0.6,0.343,3.6
2023-06-04 19:00:00,-0.6,76.7,1016.5,2.5,5.1,219.5,404.76,334.6775,,0.3,0.342,3.3
2023-06-04 19:30:00,-0.7,76.7,1016.4,2.7,3.5,263.1,413.1686,339.8025,,0.2,0.341,3.2
2023-06-04 20:00:00,-0.5,76.2,1016.4,3.0,4.1,266.9,484.1984,391.7307,,0.2,0.339,3.2
2023-06-04 20:30:00,-0.7,77.4,1016.4,2.9,3.7,268.1,411.6958,327.8425,,-0.8,0.337,2.9
2023-06-04 21:00:00,-1.1,78.8,1016.4,2.0,3.0,279.8,263.7509,211.8217,,-2.1,0.336,2.4
2023-06-04 21:30:00,-0.8,77.8,1016.5,2.0,2.8,263.3,298.2257,233.3948,,-1.1,0.335,2.5
2023-06-04 22:00:00,-0.9,76.9,1016.6,2.7,4.2,262.2,353.4601,270.3937,,-1.0,0.334,2.5
2023-06-04 22:30:00,-1.4,79.1,1016.8,2.6,4.4,275.3,217.2667,169.8954,,-1.4,0.334,1.9
2023-06-04 23:00:00,-1.8,79.8,1016.9,2.7,3.5,271.1,132.3807,107.0108,,-2.3,0.334,1.5
2023-06-04 23:30:00,-2.2,79.9,1016.9,2.6,3.9,279.6,94.1554,76.7128,,-3.7,0.333,1.2
2023-06-05 00:00:00,-2.5,79.6,1016.9,3.2,4.7,281.6,61.9647,52.8345,,-4.1,0.333,1.0
2023-06-05 00:30:00,-2.7,79.6,1017.0,2.8,4.2,278.7,46.091,40.3755,,-4.8,0.333,0.9
2023-06-05 01:00:00,-3.0,79.9,1017.0,2.3,3.6,293.7,27.6122,26.3624,,-5.8,0.333,0.8
2023-06-05 01:30:00,-3.2,79.6,1017.1,2.5,4.2,301.5,18.7912,18.8113,,-5.9,0.333,0.7
2023-06-05 02:00:00,-3.5,79.2,1017.1,2.4,3.2,310.8,13.6387,14.6293,,-6.7,0.332,0.6
2023-06-05 02:30:00,-3.7,79.3,1017.2,2.7,3.6,324.4,11.0482,12.3596,,-7.2,0.332,0.5
2023-06-05 03:00:00,-3.9,78.4,1017.3,3.0,3.6,328.2,8.754,10.3235,,-7.3,0.332,0.4
2023-06-05 03:30:00,-4.0,77.7,1017.3,3.1,4.0,323.1,7.4898,9.2224,,-7.7,0.332,0.3
2023-06-05 04:00:00,-4.0,77.2,1017.3,2.7,3.5,322.2,7.267,8.9453,,-8.0,0.332,0.3
2023-06-05 04:30:00,-4.1,76.5,1017.3,2.9,3.6,323.6,8.2288,9.7946,,-8.1,0.331,0.2
2023-06-05 05:00:00,-4.1,75.7,1017.3,2.9,3.5,323.7,10.4382,11.637,,-8.3,0.331,0.1
2023-06-05 05:30:00,-3.9,74.6,1017.3,2.4,3.1,326.6,16.0267,15.1339,,-7.6,0.33,-0.1
2023-06-05 06:00:00,-3.6,73.9,1017.4,1.8,2.2,329.3,26.8978,22.9597,,-6.0,0.331,-0.1
2023-06-05 06:30:00,-3.6,74.0,1017.6,1.8,2.5,322.7,38.2502,31.7533,,-5.2,0.332,-0.1
2023-06-05 07:00:00,-3.5,74.6,1017.7,1.8,2.5,309.3,42.122,35.3687,,-4.5,0.332,0.0
2023-06-05 07:30:00,-3.4,74.3,1017.8,2.0,3.1,293.6,75.2208,61.2522,,-4.7,0.332,0.2
2023-06-05 08:00:00,-3.2,72.6,1017.9,2.1,2.9,288.6,92.2068,75.2084,,-4.1,0.332,0.4
2023-06-05 08:30:00,-2.8,67.7,1018.0,2.0,3.8,294.7,89.9842,74.2995,,-3.7,0.332,0.5
2023-06-05 09:00:00,-2.5,65.2,1017.9,1.4,2.5,291.8,106.7034,88.5007,,-3.4,0.331,0.6
2023-06-05 09:30:00,-2.4,65.5,1018.1,1.9,3.1,249.9,118.2169,98.8,,-3.2,0.331,0.8
2023-06-05 10:00:00,-2.4,66.9,1018.3,2.2,3.3,247.6,139.9575,117.0217,,-3.1,0.331,1.1
2023-06-05 10:30:00,-2.4,68.0,1018.4,1.8,2.4,263.8,153.2718,128.9891,,-2.9,0.331,1.2
2023-06-05 11:00:00,-2.3,67.3,1018.6,1.7,2.9,280.4,160.4963,136.0228,,-2.9,0.331,1.4
2023-06-05 11:30:00,-2.3,67.9,1018.6,2.2,3.3,295.9,188.2523,159.0413,,-2.8,0.33,1.6
2023-06-05 12:00:00,-2.2,68.5,1018.6,3.0,4.7,269.4,245.1029,205.2143,,-2.5,0.33,1.9
2023-06-05 12:30:00,-2.3,74.6,1018.8,3.3,4.7,255.6,336.938,278.7119,,-1.9,0.33,2.5
2023-06-05 13:00:00,-2.5,75.5,1019.1,3.5,4.7,245.9,343.1459,285.0034,,-1.7,0.33,2.6
2023-06-05 13:30:00,-2.9,75.1,1019.3,3.1,4.4,258.6,294.4197,249.4424,,-2.2,0.33,2.6
2023-06-05 14:00:00,-3.0,76.1,1019.5,2.5,3.8,266.5,285.3201,243.0121,0.852,-2.3,0.33,2.6
2023-06-05 14:30:00,-3.1,76.9,1019.6,2.4,3.3,256.3,285.4106,244.4724,0.857,-2.5,0.329,2.7
2023-06-05 15:00:00,-3.1,76.7,1019.8,2.5,3.8,259.4,361.6491,306.8488,0.849,-2.3,0.329,3.2
2023-06-05 15:30:00,-2.7,72.3,1019.8,1.6,2.5,263.8,489.8212,411.0626,0.839,-1.2,0.328,4.0
2023-06-05 16:00:00,-2.6,71.2,1019.9,1.3,2.3,249.8,403.1647,339.794,0.844,-1.1,0.328,3.7
2023-06-05 16:30:00,-2.8,73.7,1020.1,1.8,4.0,227.2,298.1925,255.2081,0.856,-1.8,0.328,3.1
2023-06-05 17:00:00,-2.9,75.2,1020.2,2.9,3.7,219.9,258.5102,221.6726,0.858,-2.4,0.328,2.6
2023-06-05 17:30:00,-2.9,77.2,1020.4,2.0,3.3,203.4,227.2196,195.9843,0.863,-2.4,0.328,2.4
2023-06-05 18:00:00,-2.7,74.7,1020.6,2.5,3.2,179.1,220.5478,188.6295,0.855,-2.5,0.328,2.3
2023-06-05 18:30:00,-2.6,73.8,1020.9,2.4,3.5,174.0,194.4614,167.6609,,-2.6,0.327,2.1
2023-06-05 19:00:00,-2.6,78.9,1020.9,2.8,3.6,153.4,173.313,149.4193,,-2.5,0.327,1.8
2023-06-05 19:30:00,-2.4,80.0,1020.9,2.9,4.7,146.1,141.8492,122.718,,-2.4,0.326,1.4
2023-06-05 20:00:00,-2.5,83.5,1021.1,2.7,3.5,131.1,144.1241,126.0504,,-2.3,0.326,0.9
2023-06-05 20:30:00,-2.5,90.3,1021.4,3.0,5.5,152.7,133.9493,118.5667,,-2.1,0.325,0.8
2023-06-05 21:00:00,-2.5,90.7,1021.5,1.9,3.5,172.2,109.4046,97.8869,,-2.2,0.322,0.7
2023-06-05 21:30:00,-2.3,89.9,1021.5,2.2,3.7,151.1,61.2965,54.6302,,-2.3,0.322,0.5
2023-06-05 22:00:00,-2.2,89.3,1021.7,2.9,4.2,169.5,41.1787,36.7719,,-2.3,0.327,0.3
2023-06-05 22:30:00,-2.2,89.1,1022.0,2.5,4.5,178.1,35.5523,32.0208,,-2.3,0.342,0.3
2023-06-05 23:00:00,-2.1,92.8,1022.1,2.5,3.7,183.5,39.9102,36.6939,,-2.0,0.342,0.5
2023-06-05 23:30:00,-2.1,93.1,1022.3,3.1,4.0,197.3,40.8485,37.9946,,-1.9,0.342,0.7
2023-06-06 00:00:00,-1.9,92.9,1022.2,3.2,4.7,182.2,38.3446,35.2051,,-1.8,0.342,0.7
2023-06-06 00:30:00,-2.0,93.0,1022.2,2.7,3.7,173.0,28.5619,26.3397,,-1.9,0.342,0.7
2023-06-06 01:00:00,-1.8,90.0,1022.3,3.0,4.0,161.0,21.5114,20.0283,,-1.9,0.342,0.6
2023-06-06 01:30:00,-1.7,88.2,1022.2,2.9,3.8,155.4,14.555,13.7061,,-1.9,0.342,0.6
2023-06-06 02:00:00,-1.6,89.2,1022.1,2.7,4.1,162.9,10.501,10.0941,,-1.9,0.35,0.6
2023-06-06 02:30:00,-1.5,88.0,1021.9,2.1,3.1,118.0,6.6358,6.791,,-2.1,0.379,0.6
2023-06-06 03:00:00,-1.5,88.8,1021.6,2.7,3.5,72.1,3.6282,3.908,,-2.0,0.379,0.6
2023-06-06 03:30:00,-1.4,84.3,1021.4,2.6,3.4,76.1,2.8843,3.8122,,-1.9,0.379,0.6
2023-06-06 04:00:00,-2.0,92.9,1021.2,2.8,4.7,79.8,2.8186,3.4254,,-1.9,0.379,0.6
2023-06-06 04:30:00,-1.9,93.2,1020.9,4.3,5.9,77.2,3.393,3.6446,,-1.8,0.399,0.6
2023-06-06 05:00:00,-1.9,94.1,1020.7,2.8,4.3,90.0,5.9766,5.8887,,-1.7,0.406,0.6
2023-06-06 05:30:00,-1.4,89.2,1020.3,6.9,10.6,77.4,10.8448,10.2102,,-1.5,0.408,0.6
2023-06-06 06:00:00,-1.3,89.3,1020.0,6.8,9.6,70.9,16.0676,14.8044,,-1.5,0.393,0.6
2023-06-06 06:30:00,-1.2,89.9,1019.9,7.6,10.1,73.6,17.6173,15.9629,,-1.3,0.386,0.6
2023-06-06 07:00:00,-1.5,91.0,1020.2,3.0,7.7,201.2,16.9142,15.4883,,-1.7,0.383,0.6
2023-06-06 07:30:00,-1.9,90.9,1020.4,1.5,2.3,289.7,24.9052,22.8134,,-2.1,0.377,0.6
2023-06-06 08:00:00,-1.8,85.3,1020.1,0.7,1.5,286.5,60.4716,53.7097,,-2.2,0.377,0.7
2023-06-06 08:30:00,-1.7,85.4,1020.0,0.6,0.9,54.9,66.3281,59.61,,-2.2,0.37,0.7
2023-06-06 09:00:00,-1.7,86.4,1019.9,1.2,2.2,172.5,80.0352,71.5606,,-2.1,0.37,0.7
2023-06-06 09:30:00,-1.8,89.0,1019.8,1.5,2.4,194.7,101.9973,90.427,,-2.0,0.368,0.8
2023-06-06 10:00:00,-1.9,90.0,1019.8,1.4,3.0,201.8,97.6111,87.9778,,-1.9,0.362,0.8
2023-06-06 10:30:00,-2.2,92.9,1019.9,1.8,2.7,269.8,123.505,111.9985,,-1.8,0.378,0.9
2023-06-06 11:00:00,-2.1,92.0,1019.8,1.2,2.0,311.4,172.3242,154.7734,,-1.8,0.382,0.9
2023-06-06 11:30:00,-1.8,90.5,1019.9,1.0,1.4,299.6,180.9338,161.9222,,-1.6,0.379,1.0
2023-06-06 12:00:00,-1.8,89.2,1020.0,1.2,1.8,271.5,219.2076,193.1919,,-1.4,0.379,1.1
2023-06-06 12:30:00,-1.7,83.0,1019.9,1.5,2.8,237.3,254.6947,223.857,,-1.4,0.379,1.1
2023-06-06 13:00:00,-1.8,84.8,1019.8,2.1,3.2,264.7,225.6809,200.6822,,-1.6,0.379,1.2
2023-06-06 13:30:00,-1.8,81.4,1019.8,1.8,2.8,272.1,295.5176,260.1451,,-1.4,0.38,1.3
2023-06-06 14:00:00,-1.7,77.2,1019.9,1.4,2.1,259.3,268.7408,238.9852,0.889,-1.5,0.383,1.3
2023-06-06 14:30:00,-1.6,75.0,1019.9,1.3,1.7,259.2,301.968,267.3268,0.885,-1.4,0.379,1.4
2023-06-06 15:00:00,-1.4,74.5,1019.9,1.2,1.7,252.5,341.446,301.5641,0.883,-1.0,0.38,1.5
2023-06-06 15:30:00,-1.5,74.5,1019.9,1.3,1.8,220.0,308.2581,273.605,0.888,-1.2,0.379,1.5
2023-06-06 16:00:00,-1.6,72.8,1019.9,1.7,2.2,230.9,312.65,276.5289,0.885,-1.4,0.377,1.5
2023-06-06 16:30:00,-1.7,71.6,1019.8,1.8,2.4,227.7,306.1194,270.5003,0.884,-1.5,0.373,1.5
2023-06-06 17:00:00,-1.7,70.6,1019.7,1.5,2.2,236.2,273.2011,241.9569,0.886,-1.7,0.368,1.5
2023-06-06 17:30:00,-1.7,71.9,1019.8,1.3,1.8,225.1,251.742,223.8727,0.89,-1.8,0.369,1.5
2023-06-06 18:00:00,-1.0,70.3,1019.7,0.3,0.9,99.4,272.9347,243.9524,0.894,-1.6,0.368,1.6
2023-06-06 18:30:00,0.6,64.8,1019.7,0.2,0.5,127.0,305.8823,273.1844,,-1.3,0.365,1.6
2023-06-06 19:00:00,0.4,64.9,1019.6,0.4,0.7,353.2,280.7541,250.999,,-1.4,0.366,1.6
2023-06-06 19:30:00,-0.2,67.0,1019.5,0.4,1.1,277.1,228.2251,204.0654,,-1.7,0.368,1.6
2023-06-06 20:00:00,-1.8,74.4,1019.4,1.3,1.9,280.8,237.7054,210.5215,,-1.7,0.376,1.6
2023-06-06 20:30:00,-1.8,73.6,1019.3,1.1,1.6,272.5,212.2162,187.1552,,-1.7,0.375,1.5
2023-06-06 21:00:00,-1.9,75.2,1019.2,1.2,1.8,271.2,166.6949,146.9204,,-2.0,0.374,1.4
2023-06-06 21:30:00,-2.0,76.5,1019.1,1.8,2.3,284.1,204.6677,176.2905,,-2.0,0.371,1.4
2023-06-06 22:00:00,-2.0,78.3,1019.0,1.9,2.7,289.1,164.5273,141.7627,,-2.3,0.371,1.3
2023-06-06 22:30:00,-2.1,79.5,1018.9,1.9,2.6,294.4,164.5414,138.4547,,-2.5,0.368,1.2
2023-06-06 23:00:00,-2.1,80.5,1019.0,2.5,4.2,284.6,133.8364,112.1773,,-2.7,0.367,1.1
2023-06-06 23:30:00,-2.2,78.7,1018.9,2.1,3.8,304.2,168.5305,128.2956,,-3.9,0.366,1.1
2023-06-07 00:00:00,-2.2,76.0,1018.9,1.9,2.8,327.9,87.4875,72.164,,-6.6,0.365,0.9
2023-06-07 00:30:00,-2.2,72.6,1019.0,2.2,3.8,14.9,46.6951,42.1891,,-7.6,0.363,0.6
2023-06-07 01:00:00,-2.3,69.7,1019.0,1.6,3.5,33.4,38.1674,34.9509,,-8.5,0.362,0.5
2023-06-07 01:30:00,-2.1,66.0,1018.9,2.9,4.1,8.7,32.5886,30.0543,,-6.9,0.363,0.0
2023-06-07 02:00:00,-1.9,65.2,1018.7,3.0,4.9,338.3,26.9924,24.7306,,-6.4,0.375,-0.4
2023-06-07 02:30:00,-1.4,65.7,1018.5,4.4,6.7,340.8,21.2144,19.7069,,-4.8,0.377,-0.7
2023-06-07 03:00:00,-1.7,65.9,1018.6,2.8,4.6,322.4,17.5292,15.9861,,-5.3,0.377,-0.3
2023-06-07 03:30:00,-1.8,68.5,1018.6,4.0,5.9,333.0,12.1526,12.4505,,-5.8,0.377,-0.5
2023-06-07 04:00:00,-2.1,68.5,1018.7,2.4,5.4,330.1,11.3375,11.4251,,-7.7,0.376,-0.5
2023-06-07 04:30:00,-1.8,67.9,1018.7,2.7,4.8,325.7,14.5735,13.5887,,-6.5,0.377,-0.4
2023-06-07 05:00:00,-2.3,67.4,1018.8,2.3,5.1,342.4,18.9119,16.7256,,-7.3,0.374,-0.2
2023-06-07 05:30:00,-2.1,64.9,1018.8,2.2,4.6,348.7,25.0647,21.6792,,-6.7,0.376,-0.1
2023-06-07 06:00:00,-1.5,63.0,1018.7,2.7,4.3,358.4,31.9559,27.4041,,-6.1,0.376,-0.3
2023-06-07 06:30:00,-1.8,63.6,1018.9,3.4,7.6,335.8,39.6969,33.9856,,-4.7,0.373,-0.7
2023-06-07 07:00:00,-2.0,68.2,1019.1,1.4,2.8,6.6,46.2879,39.7756,,-5.3,0.371,-0.8
2023-06-07 07:30:00,-2.0,69.4,1019.2,2.0,3.9,350.1,55.4908,48.1597,,-6.0,0.37,-1.0
2023-06-07 08:00:00,-2.1,68.0,1019.5,2.1,3.9,359.4,74.8523,64.7426,,-6.8,0.369,-1.2
2023-06-07 08:30:00,-2.0,71.3,1019.7,1.8,2.4,9.6,86.1667,74.9227,,-8.0,0.369,-1.5
2023-06-07 09:00:00,-1.9,70.3,1019.9,1.6,2.0,357.5,255.2617,201.5708,,-7.9,0.364,-1.4
2023-06-07 09:30:00,-2.0,68.8,1020.2,1.9,2.4,342.5,207.5472,176.0833,,-8.0,0.364,-1.5
2023-06-07 10:00:00,-2.1,67.9,1020.4,2.1,2.9,325.5,354.3468,300.4681,,-6.7,0.366,-1.0
2023-06-07 10:30:00,-1.7,67.0,1020.6,1.9,2.9,319.4,441.122,376.9165,,-4.3,0.368,0.1
2023-06-07 11:00:00,-1.1,67.8,1020.6,1.9,3.1,352.6,491.7459,422.3382,,-3.1,0.367,0.9
2023-06-07 11:30:00,-0.6,66.3,1020.9,1.9,4.1,256.8,533.0756,459.5203,,-2.2,0.367,1.6
2023-06-07 12:00:00,-1.0,74.8,1021.1,3.0,5.6,282.0,562.3463,489.891,,-1.3,0.368,2.0
2023-06-07 12:30:00,-1.1,74.6,1021.3,3.8,5.2,267.7,638.4672,556.4211,,-0.8,0.368,2.3
2023-06-07 13:00:00,-1.2,79.3,1021.6,5.1,6.9,269.5,682.8102,596.3656,,-0.6,0.365,2.3
2023-06-07 13:30:00,-1.5,81.1,1021.9,5.4,7.1,266.7,731.911,639.3897,,-0.3,0.36,2.4
2023-06-07 14:00:00,-1.7,80.6,1022.0,5.0,7.1,263.4,776.0563,675.7709,0.871,-0.2,0.355,2.6
2023-06-07 14:30:00,-1.6,80.1,1022.2,5.0,7.2,261.0,838.2884,725.9853,0.866,0.5,0.348,2.9
2023-06-07 15:00:00,-1.9,80.4,1022.5,4.6,6.4,256.3,666.8331,571.0618,0.856,0.1,0.345,2.6
2023-06-07 15:30:00,-2.1,81.1,1022.8,4.8,6.6,262.1,534.2789,454.5705,0.851,-0.5,0.344,2.3
2023-06-07 16:00:00,-2.4,80.8,1022.9,4.6,6.3,260.2,496.7833,420.5697,0.847,-0.8,0.343,2.3
2023-06-07 16:30:00,-2.7,81.8,1023.0,4.4,7.0,253.4,390.2329,331.3638,0.849,-1.4,0.342,2.0
2023-06-07 17:00:00,-2.9,80.4,1023.3,4.5,6.4,263.5,384.5663,327.3962,0.851,-1.6,0.341,2.0
2023-06-07 17:30:00,-2.7,79.3,1023.5,4.1,6.3,262.1,416.1429,352.391,0.847,-1.4,0.34,2.1
2023-06-07 18:00:00,-2.7,79.6,1023.5,4.2,5.7,263.7,337.8712,285.4039,0.845,-1.6,0.339,1.9
2023-06-07 18:30:00,-2.8,79.6,1023.6,3.8,5.3,255.9,321.9659,273.8793,,-1.7,0.339,1.9
2023-06-07 19:00:00,-2.8,78.2,1023.7,3.4,4.8,267.4,286.6492,243.4462,,-1.9,0.338,1.8
2023-06-07 19:30:00,-2.6,76.7,1023.8,3.2,4.4,262.4,290.1225,243.7174,,-1.8,0.338,1.8
2023-06-07 20:00:00,-2.6,75.5,1023.8,2.7,4.0,279.0,228.5771,192.9727,,-2.0,0.338,1.7
2023-06-07 20:30:00,-2.5,75.1,1023.9,2.3,3.5,263.5,192.3182,164.1498,,-2.0,0.339,1.6
2023-06-07 21:00:00,-2.5,76.8,1023.8,2.3,3.3,265.0,183.7732,156.7915,,-2.0,0.338,1.5
2023-06-07 21:30:00,-2.4,75.8,1023.7,2.1,3.3,285.3,175.5343,148.2949,,-2.0,0.337,1.5
2023-06-07 22:00:00,-2.3,74.5,1023.6,1.9,3.1,270.2,159.7348,134.0267,,-2.0,0.337,1.4
2023-06-07 22:30:00,-2.2,74.6,1023.6,1.5,2.5,258.5,137.8922,115.2845,,-2.0,0.336,1.4
2023-06-07 23:00:00,-2.2,74.0,1023.6,1.2,2.3,261.9,121.9377,101.083,,-2.0,0.335,1.3
2023-06-07 23:30:00,-2.3,73.3,1023.5,1.7,2.8,315.0,118.4792,96.8028,,-2.2,0.335,1.3
2023-06-08 00:00:00,-2.3,74.0,1023.5,1.4,2.2,257.8,99.4703,80.1404,,-2.3,0.335,1.2
2023-06-08 00:30:00,-2.4,73.3,1023.4,1.9,2.7,315.3,92.1029,72.112,,-3.0,0.335,1.1
2023-06-08 01:00:00,-2.6,73.8,1023.2,2.6,3.1,327.9,78.7095,61.0928,,-3.1,0.335,1.0
2023-06-08 01:30:00,-2.5,74.0,1022.9,2.3,2.9,330.6,50.8288,40.67,,-4.1,0.334,0.8
2023-06-08 02:00:00,-2.9,74.4,1022.8,2.1,3.5,350.3,29.4001,24.9221,,-5.6,0.333,0.4
2023-06-08 02:30:00,-2.9,74.5,1022.7,2.1,3.0,351.1,22.4969,19.157,,-5.7,0.333,0.2
2023-06-08 03:00:00,-2.9,75.0,1022.5,2.2,3.2,345.4,15.3086,13.6586,,-5.4,0.334,0.2
2023-06-08 03:30:00,-2.7,74.8,1022.2,2.3,2.9,346.6,13.9128,12.5824,,-5.6,0.333,-0.1
2023-06-08 04:00:00,-2.8,68.8,1022.0,2.9,4.2,28.9,14.5715,12.5417,,-5.0,0.334,0.2
2023-06-08 04:30:00,-2.3,67.9,1021.8,2.1,3.7,38.3,15.8034,12.9099,,-3.8,0.334,0.2
2023-06-08 05:00:00,-2.2,68.7,1021.6,2.7,5.9,40.7,15.3558,12.7754,,-3.5,0.334,0.3
2023-06-08 05:30:00,-2.3,69.4,1021.4,2.2,5.9,7.5,21.9444,17.9166,,-3.3,0.335,0.2
2023-06-08 06:00:00,-1.7,70.3,1021.3,1.9,3.2,13.6,18.9837,16.3732,,-3.0,0.334,0.1
2023-06-08 06:30:00,-1.6,69.4,1021.3,1.5,2.9,58.8,26.1009,22.3253,,-2.9,0.334,-0.1
2023-06-08 07:00:00,-2.3,69.8,1021.4,2.3,3.6,63.2,38.9756,32.848,,-3.2,0.334,-0.3
2023-06-08 07:30:00,-2.3,75.0,1021.2,3.1,4.4,73.4,55.0292,46.0565,,-3.0,0.334,-0.7
2023-06-08 08:00:00,-2.4,72.6,1021.1,1.8,3.2,55.8,74.1592,62.189,,-3.0,0.334,-0.2
2023-06-08 08:30:00,-2.0,70.7,1020.9,1.5,3.1,31.3,116.2939,95.5519,,-2.7,0.333,0.3
2023-06-08 09:00:00,-1.5,68.8,1020.6,1.5,2.6,35.2,148.2663,122.0425,,-3.0,0.333,0.6
2023-06-08 09:30:00,-1.5,67.2,1020.5,2.0,3.1,31.0,167.3466,141.3165,,-4.9,0.332,0.7
2023-06-08 10:00:00,-1.4,65.7,1020.4,1.9,3.8,33.5,225.3087,189.0373,,-4.9,0.331,1.0
2023-06-08 10:30:00,-1.4,66.8,1020.3,1.9,4.0,37.8,370.8809,307.5147,,-3.5,0.33,1.5
2023-06-08 11:00:00,-1.1,66.5,1020.1,3.3,4.2,75.2,478.404,396.5916,,-2.0,0.331,1.6
2023-06-08 11:30:00,-1.1,66.7,1019.9,3.7,4.9,75.9,532.2428,444.4542,,-1.4,0.331,2.0
2023-06-08 12:00:00,-1.0,67.5,1019.7,4.0,5.1,79.4,599.4262,504.0385,,-0.8,0.331,2.6
2023-06-08 12:30:00,-0.7,65.2,1019.5,4.1,6.0,74.8,705.1622,592.9559,,0.0,0.33,3.4
2023-06-08 13:00:00,-0.6,64.0,1019.3,3.6,4.9,80.9,774.1102,648.4218,,0.6,0.329,4.0
2023-06-08 13:30:00,-0.7,65.8,1019.1,3.5,4.3,83.0,723.3658,607.0559,,0.1,0.331,4.2
2023-06-08 14:00:00,-0.6,64.8,1018.9,3.4,4.5,86.1,745.1116,624.6718,0.838,0.2,0.33,4.4
2023-06-08 14:30:00,-0.8,65.9,1018.6,4.0,5.9,81.6,751.1728,630.6534,0.84,0.0,0.329,4.5
2023-06-08 15:00:00,-0.7,67.0,1018.3,4.1,5.0,86.5,762.8426,638.9342,0.838,0.1,0.328,4.7
2023-06-08 15:30:00,-0.7,68.7,1018.0,4.8,6.6,83.2,771.2145,644.7209,0.836,0.2,0.325,4.9
2023-06-08 16:00:00,-0.7,68.9,1017.6,4.6,6.2,86.6,772.6301,643.5359,0.833,0.2,0.322,5.0
2023-06-08 16:30:00,-0.6,69.2,1017.3,4.3,6.2,84.9,767.5751,636.9502,0.83,0.2,0.32,4.8
2023-06-08 17:00:00,-0.3,64.7,1017.2,4.4,6.3,83.8,753.7541,620.7916,0.824,0.2,0.318,4.1
2023-06-08 17:30:00,0.1,59.6,1017.0,4.5,6.2,81.5,733.5061,599.5409,0.817,0.2,0.315,4.6
2023-06-08 18:00:00,0.2,60.1,1016.8,4.4,6.2,83.0,707.45,573.2734,0.81,0.1,0.311,4.9
2023-06-08 18:30:00,0.2,59.0,1016.6,4.3,6.1,79.5,679.0358,545.0236,,0.0,0.307,5.0
2023-06-08 19:00:00,0.4,59.7,1016.4,3.6,4.9,79.6,644.9229,511.486,,0.0,0.304,4.9
2023-06-08 19:30:00,0.5,58.8,1016.2,3.7,4.7,78.0,605.268,473.5304,,-0.1,0.301,4.8
2023-06-08 20:00:00,0.6,59.2,1015.9,3.7,4.3,73.3,561.9218,434.329,,-0.3,0.307,4.6
2023-06-08 20:30:00,0.7,54.6,1015.5,2.7,4.2,82.5,514.8799,394.2269,,-0.6,0.306,4.6
2023-06-08 21:00:00,0.7,52.4,1015.3,1.8,3.3,84.2,464.5379,350.3896,,-0.9,0.306,4.5
2023-06-08 21:30:00,0.7,50.7,1015.2,2.3,3.6,83.2,411.899,305.3745,,-1.2,0.305,4.1
2023-06-08 22:00:00,0.6,53.7,1015.1,3.0,4.8,76.1,359.7215,262.048,,-1.4,0.304,3.4
2023-06-08 22:30:00,0.4,56.7,1015.0,3.8,4.8,85.9,307.0872,219.3037,,-1.7,0.303,2.8
2023-06-08 23:00:00,0.3,55.8,1014.9,3.4,4.7,73.8,256.4932,178.6706,,-2.1,0.303,2.4
2023-06-08 23:30:00,0.1,53.3,1014.7,2.5,3.9,65.1,208.8519,138.2336,,-2.6,0.302,2.0
2023-06-09 00:00:00,-0.4,53.4,1014.5,2.9,4.4,75.6,45.7592,39.0366,,-3.5,0.303,1.2
2023-06-09 00:30:00,-0.3,48.7,1014.3,2.6,5.0,74.9,32.3651,31.3804,,-3.9,0.303,1.0
2023-06-09 01:00:00,-0.2,47.9,1014.1,1.6,3.6,69.7,26.9409,26.4183,,-4.2,0.302,0.9
2023-06-09 01:30:00,-0.4,49.8,1014.0,2.5,4.1,83.9,26.1184,24.044,,-4.2,0.302,0.8
2023-06-09 02:00:00,0.0,50.0,1013.8,2.2,5.4,69.6,30.8158,24.5528,,-3.2,0.302,0.8
2023-06-09 02:30:00,0.4,49.4,1013.6,4.3,6.2,82.0,25.2272,19.5804,,-2.4,0.301,0.7
2023-06-09 03:00:00,0.7,47.6,1013.2,5.1,7.1,80.1,20.2726,15.5547,,-2.0,0.299,0.6
2023-06-09 03:30:00,0.8,49.3,1013.0,5.4,7.9,75.4,15.0676,11.8509,,-1.9,0.298,0.5
2023-06-09 04:00:00,0.8,50.6,1012.9,5.4,6.9,78.8,13.1222,10.4656,,-1.8,0.297,0.4
2023-06-09 04:30:00,0.7,52.2,1012.8,5.6,8.1,79.0,15.2283,12.0782,,-1.7,0.291,0.4
2023-06-09 05:00:00,0.7,53.0,1012.6,5.6,7.7,79.2,17.8245,14.2445,,-1.7,0.286,0.4
2023-06-09 05:30:00,0.7,51.2,1012.4,5.9,8.6,76.8,29.1887,22.5892,,-1.8,0.287,0.5
2023-06-09 06:00:00,0.4,53.8,1012.3,5.8,8.0,80.4,45.0918,34.8759,,-2.2,0.291,0.6
2023-06-09 06:30:00,0.2,53.5,1012.2,6.7,9.4,75.6,47.8643,38.8426,,-2.9,0.294,0.5
2023-06-09 07:00:00,0.1,53.5,1012.2,6.6,9.3,78.8,57.9669,47.1674,,-3.1,0.293,0.5
2023-06-09 07:30:00,0.1,54.1,1011.9,7.5,10.0,75.1,66.5413,53.7931,,-2.7,0.292,0.6
2023-06-09 08:00:00,-0.1,60.8,1011.6,8.1,10.9,79.6,114.9643,90.0693,,-2.3,0.293,1.1
2023-06-09 08:30:00,0.0,56.9,1011.2,7.9,11.0,83.1,161.641,126.0061,,-1.9,0.295,1.1
2023-06-09 09:00:00,0.2,57.1,1011.1,8.2,11.1,83.4,283.6283,206.2421,,-1.2,0.295,1.4
2023-06-09 09:30:00,-0.2,66.3,1010.7,8.6,12.3,88.6,328.3524,248.176,,-0.7,0.297,1.6
2023-06-09 10:00:00,-0.1,62.3,1010.7,9.1,13.2,88.2,388.3578,297.5153,,-0.6,0.297,1.6
2023-06-09 10:30:00,-0.3,62.6,1010.5,8.7,12.7,78.5,295.8524,227.1521,,-1.2,0.297,1.7
2023-06-09 11:00:00,-0.4,61.7,1010.3,9.0,13.6,79.9,280.7622,217.4638,,-1.2,0.296,1.7
2023-06-09 11:30:00,-0.3,60.4,1009.9,10.1,13.7,83.7,374.7377,288.053,,-0.9,0.294,1.9
2023-06-09 12:00:00,-0.3,63.5,1009.7,9.5,12.8,80.3,226.2984,181.4727,,-1.2,0.294,1.5
2023-06-09 12:30:00,-0.3,64.4,1009.4,9.3,12.4,81.4,188.6566,153.0427,,-1.4,0.294,1.5
2023-06-09 13:00:00,-0.2,64.5,1009.2,8.0,10.8,76.6,265.3349,211.9651,,-1.0,0.294,1.9
2023-06-09 13:30:00,0.2,59.8,1008.8,7.2,9.5,80.4,294.4733,236.922,,-0.7,0.294,2.1
2023-06-09 14:00:00,0.7,53.9,1008.5,6.8,9.2,83.8,291.0451,235.5774,0.81,-0.5,0.293,2.1
2023-06-09 14:30:00,0.7,57.0,1008.1,6.4,8.6,79.1,273.681,223.8223,0.818,-0.4,0.293,2.1
2023-06-09 15:00:00,1.0,54.4,1007.8,6.0,8.8,82.3,322.0758,261.0273,0.811,-0.1,0.291,2.5
2023-06-09 15:30:00,1.5,51.8,1007.5,6.3,8.2,81.1,325.6962,261.2267,0.802,0.3,0.29,2.5
2023-06-09 16:00:00,1.8,50.0,1007.2,7.1,9.7,77.6,309.2515,247.2242,0.8,0.2,0.29,2.3
2023-06-09 16:30:00,1.9,50.3,1006.8,6.4,9.4,79.2,249.0864,202.5392,0.813,0.2,0.289,2.2
2023-06-09 17:00:00,1.9,51.5,1006.6,7.7,9.7,80.6,256.9803,209.1464,0.814,0.2,0.288,2.2
2023-06-09 17:30:00,1.9,56.5,1006.3,7.4,9.9,75.9,267.8788,218.007,0.814,0.4,0.29,2.3
2023-06-09 18:00:00,1.7,61.4,1006.0,7.7,9.9,76.2,265.1863,215.1179,0.811,0.5,0.29,2.3
2023-06-09 18:30:00,1.2,68.0,1005.8,7.7,11.1,80.3,195.6786,161.5042,,0.3,0.29,1.9
2023-06-09 19:00:00,0.9,72.9,1005.4,7.1,9.2,85.8,178.7824,148.6057,,0.2,0.291,1.8
2023-06-09 19:30:00,1.3,69.7,1005.2,6.9,9.2,83.4,178.0645,148.2888,,0.4,0.291,1.8
2023-06-09 20:00:00,0.9,76.1,1004.9,7.5,10.3,85.3,170.3639,144.9565,,0.3,0.291,1.7
2023-06-09 20:30:00,0.4,84.5,1004.6,7.0,9.5,82.9,155.2352,134.5387,,0.3,0.292,1.6
2023-06-09 21:00:00,0.3,88.2,1004.4,7.4,10.2,77.5,125.5397,107.7783,,0.3,0.294,1.4
2023-06-09 21:30:00,0.3,91.6,1004.2,6.6,9.6,83.9,110.3068,93.651,,0.3,0.294,1.4
2023-06-09 22:00:00,0.2,93.8,1004.2,,,79.3,94.9382,82.183,,0.3,0.295,1.3
2023-06-09 22:30:00,0.3,93.7,1003.8,,,77.5,57.7372,50.9736,,0.3,0.296,1.1
2023-06-09 23:00:00,0.8,91.4,1003.6,6.0,9.0,80.2,39.0889,35.1824,,0.3,0.295,1.1
2023-06-09 23:30:00,1.3,88.8,1003.3,5.7,8.1,75.3,32.1593,28.8515,,0.4,0.296,1.0
2023-06-10 00:00:00,1.5,88.3,1003.1,6.5,9.4,79.9,21.8313,20.4936,,0.5,0.295,1.0
2023-06-10 00:30:00,1.8,87.6,1002.7,5.9,7.7,72.2,10.8041,10.9183,,0.5,0.297,1.0
2023-06-10 01:00:00,1.9,87.7,1002.4,5.7,8.6,75.4,6.8289,7.7652,,0.6,0.296,0.9
2023-06-10 01:30:00,2.1,88.2,1002.4,6.2,8.8,78.9,3.8181,4.7407,,0.6,0.291,0.9
2023-06-10 02:00:00,2.0,89.7,1002.1,5.8,8.5,74.1,6.3345,6.381,,0.6,0.287,1.0
2023-06-10 02:30:00,2.1,89.8,1001.8,5.7,8.1,74.2,4.1984,4.2679,,0.6,0.291,1.0
2023-06-10 03:00:00,2.3,88.5,1001.6,6.4,8.6,80.8,1.9285,2.7327,,0.6,0.288,1.0
2023-06-10 03:30:00,2.4,88.7,1001.0,6.4,8.3,79.8,4.0187,4.1351,,0.7,0.285,1.1
2023-06-10 04:00:00,2.3,88.6,1000.5,7.1,9.8,82.6,2.3936,2.5668,,0.6,0.282,1.0
2023-06-10 04:30:00,2.2,87.8,1000.1,6.7,8.4,79.1,2.0842,2.6991,,0.6,0.284,1.0
2023-06-10 05:00:00,2.7,86.2,999.8,6.1,8.9,79.7,2.4614,3.588,,0.7,0.284,1.1
2023-06-10 05:30:00,3.3,87.1,999.8,6.3,8.8,78.3,3.6892,4.4796,,0.9,0.279,1.3
2023-06-10 06:00:00,3.4,86.9,999.5,6.1,9.5,78.6,5.6092,5.8836,,0.9,0.278,1.3
2023-06-10 06:30:00,3.7,86.4,999.3,5.9,9.2,75.8,9.2898,8.8935,,1.0,0.275,1.6
2023-06-10 07:00:00,3.6,85.9,999.5,5.6,7.8,91.0,7.1332,7.1827,,1.0,0.273,1.4
2023-06-10 07:30:00,3.0,88.4,999.6,5.5,7.1,94.4,11.1838,10.2333,,0.9,0.271,1.6
2023-06-10 08:00:00,1.7,91.1,999.4,4.0,7.2,84.4,16.9801,15.5257,,0.5,0.276,1.3
2023-06-10 08:30:00,2.7,85.8,998.7,2.4,3.9,7.0,38.7495,32.7427,,0.7,0.277,1.8
2023-06-10 09:00:00,4.1,78.7,998.4,1.4,3.8,351.8,48.4036,40.2616,,1.1,0.275,1.9
2023-06-10 09:30:00,3.9,80.2,998.2,1.4,3.4,29.1,47.1892,39.4321,,1.1,0.274,2.0
2023-06-10 10:00:00,4.1,79.9,998.1,1.4,4.3,21.9,41.3415,34.7308,,1.1,0.275,1.9
2023-06-10 10:30:00,4.3,79.5,998.1,1.2,3.4,111.8,43.973,36.9331,,1.1,0.275,2.1
2023-06-10 11:00:00,4.1,78.8,998.4,2.0,4.9,211.2,46.5212,40.1522,,1.1,0.272,2.0
2023-06-10 11:30:00,3.0,83.0,998.6,3.0,6.2,265.2,33.7757,29.8963,,0.9,0.271,1.7
2023-06-10 12:00:00,3.2,79.3,998.6,2.8,4.5,235.5,50.7053,44.3804,,0.9,0.271,2.1
2023-06-10 12:30:00,2.2,85.5,998.4,1.8,3.8,200.7,50.4927,45.6417,,0.8,0.271,1.8
2023-06-10 13:00:00,1.0,91.5,998.4,1.3,2.3,341.3,50.2214,50.2665,,0.5,0.27,1.9
2023-06-10 13:30:00,0.6,93.1,998.4,1.7,2.4,51.4,77.3068,78.4859,,0.4,0.271,2.1
2023-06-10 14:00:00,0.6,93.6,998.2,2.1,3.1,55.7,79.9382,86.0481,,0.4,0.28,1.8
2023-06-10 14:30:00,0.8,92.7,998.2,2.2,3.7,49.9,59.1041,65.6768,,0.5,0.286,1.7
2023-06-10 15:00:00,0.9,92.5,998.0,1.8,3.2,43.9,43.04,50.3972,,0.4,0.289,1.5
2023-06-10 15:30:00,1.1,91.7,998.2,1.6,2.4,27.7,43.4301,50.4853,,0.5,0.295,1.6
2023-06-10 16:00:00,1.2,90.8,998.2,1.8,2.8,33.6,47.9159,54.8548,,0.5,0.298,1.4
2023-06-10 16:30:00,1.1,90.7,998.3,1.6,4.4,59.0,51.979,53.8679,,0.5,0.298,1.5
2023-06-10 17:00:00,0.2,95.5,998.5,4.6,6.6,80.6,62.0582,56.799,0.917,0.3,0.296,1.2
2023-06-10 17:30:00,0.3,95.5,998.7,3.7,6.6,77.6,42.1369,38.6867,0.921,0.3,0.302,1.1
2023-06-10 18:00:00,0.7,93.4,998.8,1.2,3.7,83.3,54.0406,50.3667,0.931,0.4,0.304,1.2
2023-06-10 18:30:00,0.4,94.6,999.1,1.1,1.8,91.9,50.8453,46.6612,,0.3,0.305,1.1
2023-06-10 19:00:00,0.5,95.0,999.1,0.9,1.7,82.3,27.9229,25.3795,,0.3,0.306,1.0
2023-06-10 19:30:00,0.9,94.0,999.1,1.0,2.4,259.0,25.9884,22.8656,,0.4,0.296,1.0
2023-06-10 20:00:00,1.0,93.8,999.0,1.3,2.6,235.1,31.1514,27.7975,,0.5,0.297,1.0
2023-06-10 20:30:00,0.5,94.7,999.0,0.9,2.0,206.7,37.6638,35.4319,,0.4,0.302,1.0
2023-06-10 21:00:00,0.3,95.9,999.1,0.2,0.6,181.1,35.2783,33.8737,,0.3,0.303,0.9
2023-06-10 21:30:00,0.1,96.4,999.1,0.5,1.3,70.7,26.227,26.7066,,0.2,0.31,0.9
2023-06-10 22:00:00,0.0,96.7,999.2,1.1,2.0,256.3,36.7468,37.6202,,0.3,0.313,0.9
2023-06-10 22:30:00,-0.1,96.8,999.4,1.7,2.7,265.0,54.6131,57.5599,,0.3,0.315,0.9
2023-06-10 23:00:00,-0.2,96.9,999.6,1.8,2.5,263.9,48.1517,51.8385,,0.3,0.322,0.9
2023-06-10 23:30:00,-0.1,97.0,999.9,2.0,3.4,251.3,75.2051,78.4494,,0.3,0.329,0.9
2023-06-11 00:00:00,-0.2,97.0,1000.3,3.0,4.0,262.8,50.4759,51.7212,,0.3,0.33,0.9
2023-06-11 00:30:00,-0.2,97.2,1000.5,2.9,3.7,264.0,34.6691,35.4471,,0.2,0.333,0.9
2023-06-11 01:00:00,-0.2,97.3,1000.6,3.3,4.5,274.0,43.1947,42.7395,,0.2,0.333,0.9
2023-06-11 01:30:00,-0.2,97.5,1000.9,3.9,6.5,272.1,25.1537,24.9498,,0.1,0.333,0.9
2023-06-11 02:00:00,-0.3,97.5,1001.2,4.2,6.1,268.5,22.2406,21.2419,,-0.2,0.333,0.8
2023-06-11 02:30:00,-0.6,97.5,1001.4,4.2,6.0,275.9,14.4489,13.3453,,-1.0,0.333,0.8
2023-06-11 03:00:00,-1.0,97.3,1001.6,4.3,5.6,276.1,10.9247,9.8149,,-1.2,0.333,0.8
2023-06-11 03:30:00,-1.5,96.7,1001.9,4.3,6.5,274.8,8.7447,7.7145,,-1.7,0.333,0.8
2023-06-11 04:00:00,-1.6,96.0,1002.1,4.2,6.7,281.8,10.7772,9.7926,,-2.2,0.333,0.8
2023-06-11 04:30:00,-1.7,93.5,1002.2,3.5,5.9,288.3,10.9816,11.9228,,-3.2,0.333,0.8
2023-06-11 05:00:00,-1.6,92.8,1002.6,2.6,4.0,300.9,19.4944,18.5832,,-3.3,0.333,0.8
2023-06-11 05:30:00,-1.7,89.9,1002.7,2.3,3.5,304.4,16.9705,18.7143,,-4.1,0.333,0.8
2023-06-11 06:00:00,-1.6,86.0,1003.0,1.7,3.3,312.3,21.3416,22.9312,,-4.6,0.333,0.8
2023-06-11 06:30:00,-1.7,86.2,1003.3,1.2,2.0,343.9,26.6524,27.3162,,-5.7,0.333,0.7
2023-06-11 07:00:00,-1.7,84.1,1003.5,1.1,2.1,1.2,33.5744,33.5447,,-5.9,0.333,0.7
2023-06-11 07:30:00,-1.3,81.0,1003.6,0.9,2.1,84.7,41.2051,40.0783,,-5.8,0.333,0.7
2023-06-11 08:00:00,-1.4,81.4,1003.8,1.0,2.0,352.6,50.3162,47.8199,,-6.0,0.333,0.7
2023-06-11 08:30:00,-1.5,80.6,1004.0,1.3,2.2,11.8,60.2944,59.4,,-5.9,0.333,0.7
2023-06-11 09:00:00,-0.5,75.7,1004.2,0.9,1.9,55.7,328.0606,206.1023,,-4.1,0.318,1.1
2023-06-11 09:30:00,0.0,77.4,1004.4,1.0,2.2,90.4,395.715,265.5772,,-2.4,0.304,1.4
2023-06-11 10:00:00,-0.4,80.7,1004.7,1.4,2.3,257.6,458.9771,313.3934,,-1.5,0.304,1.8
2023-06-11 10:30:00,-0.6,83.3,1004.9,2.7,4.6,273.4,524.7135,364.2426,,-0.6,0.304,2.2
2023-06-11 11:00:00,-0.4,82.0,1005.1,2.7,4.5,263.6,573.1835,411.3808,,-0.2,0.304,2.6
2023-06-11 11:30:00,-0.3,81.2,1005.2,2.1,3.5,263.2,577.9061,440.7427,,0.3,0.304,3.0
2023-06-11 12:00:00,-0.2,80.2,1005.4,2.0,3.2,269.5,564.5886,448.2167,,0.7,0.306,3.2
2023-06-11 12:30:00,-0.3,80.8,1005.7,2.6,3.4,257.4,493.673,400.7572,,1.0,0.313,3.0
2023-06-11 13:00:00,-0.5,81.0,1005.7,2.1,3.2,254.3,397.1053,326.9305,,0.7,0.311,2.8
2023-06-11 13:30:00,-0.4,79.6,1005.8,1.1,2.0,216.9,339.189,282.4036,,0.6,0.309,2.7
2023-06-11 14:00:00,-0.4,79.0,1005.9,1.9,2.7,147.2,512.9448,422.8583,0.825,0.9,0.308,3.5
2023-06-11 14:30:00,-0.6,80.0,1005.9,2.0,2.5,132.0,415.5451,338.573,0.815,0.7,0.304,3.2
2023-06-11 15:00:00,-0.7,81.9,1005.6,2.8,4.4,111.3,336.1852,273.4819,0.814,0.4,0.308,2.5
2023-06-11 15:30:00,-0.8,84.1,1005.1,4.6,5.5,106.7,378.7838,307.5135,0.813,0.4,0.311,2.1
2023-06-11 16:00:00,-0.8,85.3,1004.6,4.3,6.1,88.4,362.7179,293.6487,0.81,0.4,0.317,1.8
2023-06-11 16:30:00,-0.7,84.1,1004.3,5.1,7.8,93.7,433.9597,351.3152,0.81,0.5,0.317,2.1
2023-06-11 17:00:00,-0.7,84.1,1004.1,6.2,8.8,85.2,400.7443,320.4117,0.8,0.3,0.318,1.6
2023-06-11 17:30:00,-0.8,85.0,1003.6,6.8,9.5,81.8,238.4218,193.4062,0.811,-0.3,0.318,1.0
2023-06-11 18:00:00,-0.7,84.2,1003.0,7.4,10.5,78.5,211.5723,172.488,0.816,-0.3,0.321,1.1
2023-06-11 18:30:00,-0.3,81.9,1002.6,7.3,10.5,75.9,134.119,111.1145,,-0.1,0.323,1.2
2023-06-11 19:00:00,0.1,81.8,1002.1,6.6,9.8,80.5,83.9802,70.3362,,0.0,0.323,1.1
2023-06-11 19:30:00,1.0,84.0,1001.3,7.5,10.8,82.0,71.3586,60.2196,,0.5,0.324,1.1
2023-06-11 20:00:00,1.1,88.6,1000.9,6.0,8.9,79.9,56.3877,47.4668,,0.5,0.325,1.1
2023-06-11 20:30:00,1.5,88.6,1000.6,4.9,6.6,79.3,50.0701,42.6276,,0.6,0.323,1.2
2023-06-11 21:00:00,1.9,86.9,1000.0,4.9,7.7,79.8,66.1475,55.3829,,0.7,0.319,1.4
2023-06-11 21:30:00,2.0,85.9,999.2,4.5,7.3,80.4,74.105,60.7155,,0.8,0.317,1.5
2023-06-11 22:00:00,1.8,84.7,998.9,4.9,7.0,80.4,53.3183,43.6099,,0.7,0.317,1.5
2023-06-11 22:30:00,1.9,83.9,998.1,4.7,8.4,84.6,49.5158,39.7075,,0.7,0.315,1.4
2023-06-11 23:00:00,1.7,87.3,997.9,4.6,7.3,105.0,34.8125,27.9003,,0.6,0.308,1.4
2023-06-11 23:30:00,1.8,87.3,997.5,3.1,6.0,92.2,22.9481,18.1719,,0.6,0.314,1.2
2023-06-12 00:00:00,1.5,88.1,997.2,2.3,4.5,137.6,20.9617,16.6714,,0.6,0.313,1.2
2023-06-12 00:30:00,1.8,86.8,996.8,1.7,2.9,63.6,14.8072,13.4081,,0.6,0.314,1.1
2023-06-12 01:00:00,1.6,89.4,996.5,1.5,3.9,329.6,10.4511,10.0288,,0.6,0.314,1.1
2023-06-12 01:30:00,2.6,85.2,995.7,2.0,5.6,357.4,9.5398,9.0308,,0.8,0.314,1.4
2023-06-12 02:00:00,4.1,71.5,995.0,1.8,4.9,213.3,4.4437,4.8874,,1.1,0.313,1.4
2023-06-12 02:30:00,4.2,70.0,994.6,2.0,5.3,84.6,0.0,2.9888,,1.1,0.312,1.3
2023-06-12 03:00:00,5.2,62.6,993.9,1.9,4.1,20.1,0.0,1.4301,,1.3,0.313,1.5
2023-06-12 03:30:00,5.5,57.7,993.5,4.2,12.2,155.5,0.0,0.2327,,1.3,0.313,2.0
2023-06-12 04:00:00,4.2,67.0,994.2,7.0,11.5,212.4,0.0,0.0,,1.1,0.311,1.9
2023-06-12 04:30:00,3.1,75.2,994.5,7.8,11.9,185.0,0.0,0.1447,,0.9,0.308,1.6
2023-06-12 05:00:00,1.7,85.7,994.5,4.3,8.8,190.8,0.0,1.0661,,0.6,0.31,1.2
2023-06-12 05:30:00,0.5,93.7,994.0,2.7,4.9,211.7,0.0,2.8013,,0.3,0.309,0.9
2023-06-12 06:00:00,0.3,94.8,993.8,3.9,8.2,233.0,1.0917,4.4638,,0.3,0.314,1.0
2023-06-12 06:30:00,0.5,94.0,993.7,5.2,8.3,181.4,3.2541,5.9635,,0.3,0.322,1.0
2023-06-12 07:00:00,0.4,94.2,993.4,,,195.7,2.6184,4.5875,,0.3,0.318,1.0
2023-06-12 07:30:00,0.6,92.9,993.4,6.5,9.4,186.2,6.6403,8.0681,,0.3,0.319,1.0
2023-06-12 08:00:00,0.4,94.0,993.6,6.3,11.5,200.5,15.6168,15.3202,,0.3,0.316,1.0
2023-06-12 08:30:00,0.3,94.8,993.6,,,205.0,23.2373,21.7132,,0.3,0.313,1.0
2023-06-12 09:00:00,0.1,96.1,993.8,,,240.8,26.1628,23.4529,,0.3,0.318,1.0
2023-06-12 09:30:00,0.0,96.5,994.0,6.0,8.1,202.1,28.6545,25.3182,,0.3,0.322,1.0
2023-06-12 10:00:00,0.1,95.0,994.4,5.1,8.1,205.1,53.4776,43.8286,,0.3,0.327,1.2
2023-06-12 10:30:00,0.2,93.0,994.9,4.0,6.3,198.1,96.3644,77.4421,,0.4,0.326,1.4
2023-06-12 11:00:00,0.2,89.3,995.4,4.0,6.1,205.5,135.0209,106.9107,,0.5,0.325,1.6
2023-06-12 11:30:00,0.3,87.3,995.8,4.6,6.8,206.3,191.7723,148.1694,,0.5,0.324,1.8
2023-06-12 12:00:00,0.5,83.7,996.2,5.2,7.5,202.5,249.1195,186.9185,,0.6,0.323,2.0
2023-06-12 12:30:00,0.6,81.5,996.4,4.5,6.8,200.5,337.3592,252.5619,,0.7,0.322,2.5
2023-06-12 13:00:00,1.0,78.8,996.9,3.9,5.8,210.5,826.5633,613.6436,,1.6,0.32,4.9
2023-06-12 13:30:00,1.1,76.9,997.5,3.7,5.6,204.8,791.456,586.7326,,1.7,0.311,5.4
2023-06-12 14:00:00,1.0,76.1,997.8,3.3,5.6,214.7,794.0004,584.174,0.736,1.5,0.304,6.0
2023-06-12 14:30:00,1.2,76.2,998.1,3.7,6.0,206.9,848.0307,623.6418,0.736,1.6,0.31,6.5
2023-06-12 15:00:00,1.1,76.6,998.6,4.0,5.7,209.7,700.5672,511.7441,0.732,1.3,0.31,5.7
2023-06-12 15:30:00,1.0,76.2,999.1,3.9,7.1,198.5,761.6616,557.4148,0.732,1.3,0.309,6.1
2023-06-12 16:00:00,1.0,74.2,999.6,4.8,8.4,202.5,837.1097,608.9005,0.728,1.4,0.306,6.7
2023-06-12 16:30:00,1.1,73.8,999.9,4.2,7.2,199.1,839.3275,607.4653,0.724,1.4,0.305,6.9
2023-06-12 17:00:00,1.1,74.1,1000.4,4.6,6.8,195.3,743.1015,540.9223,0.729,1.2,0.3,6.2
2023-06-12 17:30:00,1.3,73.8,1000.7,5.2,7.9,191.1,820.161,588.9293,0.718,1.3,0.297,6.4
2023-06-12 18:00:00,1.2,75.1,1001.1,5.1,7.4,193.3,649.2497,471.5752,0.727,1.2,0.297,5.9
2023-06-12 18:30:00,1.2,75.9,1001.5,5.0,8.7,191.3,568.0272,414.0609,,1.0,0.294,5.6
2023-06-12 19:00:00,0.9,78.1,1001.9,5.4,7.7,205.9,319.8515,239.8759,,0.7,0.29,3.8
2023-06-12 19:30:00,0.8,78.9,1002.5,5.3,7.5,217.5,210.5977,162.2325,,0.5,0.287,3.1
2023-06-12 20:00:00,0.6,79.9,1003.1,4.5,8.3,226.0,133.901,105.7285,,0.3,0.285,2.4
2023-06-12 20:30:00,0.4,82.2,1003.7,4.7,6.6,231.7,128.9113,101.1779,,0.3,0.285,2.2
2023-06-12 21:00:00,0.3,83.0,1004.1,3.3,4.8,237.2,139.9803,108.6598,,0.3,0.285,2.4
2023-06-12 21:30:00,0.2,83.6,1004.5,3.9,5.2,227.1,111.7154,86.2505,,0.2,0.285,2.1
2023-06-12 22:00:00,0.2,85.1,1005.0,3.1,5.2,226.9,95.1695,73.3353,,0.2,0.285,1.9
2023-06-12 22:30:00,0.1,86.5,1005.7,3.5,4.9,226.0,53.6415,42.4134,,0.1,0.285,1.6
2023-06-12 23:00:00,-0.1,89.9,1006.1,3.4,4.7,241.8,62.5048,49.2981,,0.0,0.284,1.5
2023-06-12 23:30:00,-0.2,90.2,1006.4,2.5,4.0,252.0,61.9351,48.5027,,0.0,0.284,1.5
2023-06-13 00:00:00,-0.2,91.0,1006.8,1.7,3.0,282.6,58.9622,45.4522,,0.0,0.284,1.5
2023-06-13 00:30:00,-0.2,90.5,1007.3,1.3,2.7,179.9,37.8239,30.0456,,0.0,0.284,1.4
2023-06-13 01:00:00,-0.3,90.6,1007.6,2.0,2.9,173.2,24.2972,19.3462,,-0.2,0.284,1.2
2023-06-13 01:30:00,-0.3,90.2,1007.8,1.2,3.1,172.6,20.3919,16.3555,,-0.1,0.284,1.1
2023-06-13 02:00:00,-0.3,90.1,1007.9,1.4,2.4,198.4,12.7687,10.9893,,-0.1,0.284,1.1
2023-06-13 02:30:00,-0.4,92.2,1008.0,0.3,1.0,124.2,9.2449,9.4208,,-0.1,0.284,1.0
2023-06-13 03:00:00,-0.3,90.9,1008.0,1.0,1.8,54.8,9.7266,8.9691,,-0.2,0.283,1.0
2023-06-13 03:30:00,-0.3,90.2,1007.8,1.4,3.5,66.0,11.6576,9.9724,,-0.3,0.283,0.9
2023-06-13 04:00:00,-0.3,89.6,1007.7,1.7,4.0,68.4,12.3978,10.9552,,-0.6,0.283,0.7
2023-06-13 04:30:00,0.2,77.2,1007.4,3.2,5.1,19.9,13.0067,13.064,,-1.4,0.283,0.4
2023-06-13 05:00:00,-0.2,88.8,1007.9,2.8,3.5,90.1,14.4639,10.9385,,-0.4,0.283,0.8
2023-06-13 05:30:00,-0.2,89.1,1007.9,3.2,4.6,79.0,15.2684,11.8376,,-0.2,0.283,0.9
2023-06-13 06:00:00,-0.1,89.2,1007.9,3.2,5.1,75.0,24.225,18.6769,,-0.2,0.283,1.0
2023-06-13 06:30:00,0.0,89.9,1007.8,3.5,4.9,79.2,37.2575,28.1964,,-0.2,0.283,1.0
2023-06-13 07:00:00,-0.1,89.4,1007.8,3.6,5.0,77.0,61.7166,45.3605,,-0.2,0.283,1.1
2023-06-13 07:30:00,0.0,90.2,1007.9,3.6,4.2,81.3,70.5914,52.2324,,-0.4,0.283,1.1
2023-06-13 08:00:00,0.0,91.0,1007.9,3.2,4.5,85.1,86.9141,64.0499,,-0.1,0.283,1.4
2023-06-13 08:30:00,0.1,89.4,1007.9,3.2,4.4,92.4,83.8741,63.8522,,0.0,0.283,1.6
2023-06-13 09:00:00,0.2,89.3,1008.0,3.0,4.3,83.8,83.4454,64.1357,,0.1,0.283,1.7
2023-06-13 09:30:00,0.3,84.7,1007.7,3.1,3.9,78.2,143.8719,107.0699,,0.2,0.283,2.0
2023-06-13 10:00:00,0.2,85.6,1007.7,2.7,3.6,79.7,166.5135,124.5088,,0.2,0.282,2.3
2023-06-13 10:30:00,0.4,85.2,1007.6,2.4,3.5,81.2,186.9746,140.5273,,0.3,0.282,2.6
2023-06-13 11:00:00,0.4,86.0,1007.7,1.8,2.6,79.9,173.9417,133.1444,,0.3,0.282,2.8
2023-06-13 11:30:00,0.5,85.1,1007.6,1.8,2.5,68.0,215.4249,163.9322,,0.4,0.282,3.2
2023-06-13 12:00:00,0.8,81.6,1007.5,1.4,2.6,52.3,276.0797,208.7247,,0.6,0.281,4.0
2023-06-13 12:30:00,1.2,77.5,1007.5,0.7,1.3,50.5,283.2487,215.3538,,0.7,0.28,4.5
2023-06-13 13:00:00,1.4,76.6,1007.6,0.6,1.7,56.1,271.2271,208.3649,,0.7,0.279,4.7
2023-06-13 13:30:00,1.9,74.6,1007.6,0.4,0.7,77.6,314.3067,240.0971,,0.9,0.277,5.5
2023-06-13 14:00:00,2.2,71.3,1007.6,0.5,1.0,274.7,362.1787,275.1262,0.76,0.9,0.275,6.0
2023-06-13 14:30:00,2.0,74.1,1007.7,0.7,2.6,228.1,392.1642,298.457,0.761,1.1,0.276,6.6
2023-06-13 15:00:00,1.4,76.1,1007.7,2.2,3.5,256.6,437.6248,332.0842,0.759,1.1,0.28,5.8
2023-06-13 15:30:00,0.8,83.3,1007.8,2.6,3.9,276.9,397.5486,301.9198,0.76,1.0,0.279,5.1
2023-06-13 16:00:00,1.1,79.4,1007.8,1.7,3.1,298.1,469.8128,352.2824,0.75,1.0,0.277,6.2
2023-06-13 16:30:00,1.2,79.1,1007.9,2.0,2.8,269.1,388.6837,293.6656,0.756,1.0,0.274,5.5
2023-06-13 17:00:00,1.3,78.5,1008.0,1.6,3.0,275.6,424.3499,318.5431,0.751,1.0,0.273,6.2
2023-06-13 17:30:00,1.7,77.7,1008.1,1.2,2.3,281.8,461.5411,343.4603,0.744,1.2,0.272,6.7
2023-06-13 18:00:00,2.5,72.5,1008.3,0.5,1.5,212.0,332.2502,252.1257,0.761,1.0,0.265,6.0
2023-06-13 18:30:00,2.7,71.1,1008.4,0.5,0.9,279.7,485.213,359.547,,1.3,0.261,8.2
2023-06-13 19:00:00,1.8,78.0,1008.5,1.9,3.6,208.3,394.2708,287.9108,,1.1,0.272,5.7
2023-06-13 19:30:00,0.3,89.9,1008.9,2.7,3.4,255.8,284.6854,211.3734,,0.6,0.274,3.9
2023-06-13 20:00:00,0.3,89.9,1009.1,2.2,3.3,282.7,220.3885,165.3475,,0.5,0.274,3.7
2023-06-13 20:30:00,0.8,82.1,1009.0,1.6,2.4,272.3,198.518,148.9613,,0.6,0.274,3.7
2023-06-13 21:00:00,0.9,77.5,1008.9,1.5,2.2,265.7,238.9699,173.4196,,0.6,0.273,4.1
2023-06-13 21:30:00,1.0,77.2,1008.8,1.7,2.9,304.5,189.3714,137.974,,0.5,0.273,3.2
2023-06-13 22:00:00,1.5,73.0,1008.5,1.8,3.0,14.7,294.0027,198.8376,,0.2,0.271,4.2
2023-06-13 22:30:00,1.3,74.3,1008.6,1.4,2.6,134.7,301.8151,199.0638,,0.1,0.273,4.8
2023-06-13 23:00:00,1.0,79.7,1008.8,1.1,2.5,322.8,122.2899,89.5864,,0.2,0.273,3.0
2023-06-13 23:30:00,1.1,75.2,1008.7,0.9,2.0,52.9,123.5,86.1905,,-0.4,0.274,2.5
2023-06-14 00:00:00,0.8,72.4,1008.6,1.4,2.0,34.6,57.4648,46.5105,,-1.2,0.275,1.4
2023-06-14 00:30:00,0.6,75.4,1008.7,1.0,2.0,35.2,72.2394,52.5214,,-0.5,0.275,1.6
2023-06-14 01:00:00,0.6,75.5,1009.0,0.8,2.0,254.1,63.6572,45.5809,,-0.7,0.275,1.6
2023-06-14 01:30:00,-0.1,78.8,1009.0,1.1,2.7,243.5,26.9885,24.4984,,-2.1,0.274,0.5
2023-06-14 02:00:00,-0.8,84.9,1008.7,1.8,3.3,266.5,21.5195,19.2773,,-2.1,0.275,0.1
2023-06-14 02:30:00,-1.2,88.5,1008.4,2.0,3.2,264.2,16.9389,15.4068,,-2.2,0.275,-0.2
2023-06-14 03:00:00,-1.2,86.4,1008.4,1.5,2.1,268.5,16.5783,14.1343,,-1.9,0.276,-0.1
2023-06-14 03:30:00,-1.4,86.8,1008.2,0.8,2.0,318.2,14.8164,13.5446,,-3.0,0.275,-1.2
2023-06-14 04:00:00,-1.7,87.4,1008.0,1.2,2.0,323.0,12.9095,12.1467,,-3.6,0.274,-1.6
2023-06-14 04:30:00,-1.7,87.2,1008.2,1.5,2.3,326.3,14.5694,12.8162,,-3.1,0.275,-1.5
2023-06-14 05:00:00,-1.7,87.1,1008.5,0.7,1.5,312.5,18.1488,15.2788,,-2.9,0.275,-1.1
2023-06-14 05:30:00,-1.7,85.3,1008.9,0.7,1.1,317.6,22.6093,18.8538,,-2.7,0.275,-0.9
2023-06-14 06:00:00,-1.7,83.0,1009.0,0.5,1.2,15.3,22.4843,20.8951,,-3.6,0.274,-1.7
2023-06-14 06:30:00,-1.7,82.6,1009.0,0.9,1.3,69.6,28.0722,25.9318,,-4.6,0.273,-2.2
2023-06-14 07:00:00,-1.7,83.0,1009.1,1.2,2.8,77.7,63.6903,47.7005,,-3.7,0.274,-1.2
2023-06-14 07:30:00,-1.6,81.3,1009.3,1.2,3.2,64.3,84.0145,62.4643,,-2.5,0.274,-0.2
2023-06-14 08:00:00,-1.6,82.7,1009.5,1.6,3.2,143.3,115.2085,84.1635,,-1.8,0.273,1.4
2023-06-14 08:30:00,-1.7,83.0,1009.7,0.9,2.0,167.0,137.7578,101.6437,,-1.1,0.273,2.1
2023-06-14 09:00:00,-1.4,80.9,1009.8,1.1,1.7,84.2,169.2296,124.8358,,-0.6,0.273,2.6
2023-06-14 09:30:00,-1.3,80.7,1009.9,1.5,2.6,75.8,202.2146,148.905,,-0.4,0.274,3.0
2023-06-14 10:00:00,-1.3,80.1,1010.0,1.7,3.1,117.5,246.2649,181.4666,,-0.1,0.274,3.9
2023-06-14 10:30:00,-1.3,79.7,1010.1,1.9,3.2,99.0,292.2719,216.339,,0.0,0.273,4.1
2023-06-14 11:00:00,-1.2,78.7,1010.3,2.0,2.8,104.0,343.8186,255.0916,,0.1,0.274,4.6
2023-06-14 11:30:00,-1.0,76.9,1010.4,1.6,2.1,122.7,395.9919,295.2552,,0.3,0.273,6.0
2023-06-14 12:00:00,-0.8,75.9,1010.3,1.7,2.8,122.7,495.2025,371.8024,,0.3,0.272,7.0
2023-06-14 12:30:00,-0.3,72.8,1010.2,1.3,2.2,117.2,683.4786,514.3117,,0.8,0.271,8.9
2023-06-14 13:00:00,0.0,71.1,1010.2,1.0,1.7,158.6,668.7582,505.2608,,0.7,0.27,9.4
2023-06-14 13:30:00,0.1,70.4,1010.0,0.9,1.4,201.5,710.5914,537.727,,0.8,0.268,9.7
2023-06-14 14:00:00,-0.2,72.5,1009.7,1.5,2.7,260.7,728.6848,551.0261,0.756,0.9,0.27,8.2
2023-06-14 14:30:00,-0.4,75.2,1009.6,2.0,3.2,250.6,652.2515,490.3383,0.752,0.7,0.272,7.8
2023-06-14 15:00:00,-0.2,75.5,1009.5,2.5,3.3,252.6,729.4655,547.1138,0.75,0.8,0.274,7.8
2023-06-14 15:30:00,0.0,75.9,1009.3,2.9,4.2,258.0,739.6803,554.2172,0.749,0.9,0.274,7.6
2023-06-14 16:00:00,0.1,76.5,1009.2,3.2,4.2,260.5,751.7464,562.5966,0.749,0.9,0.273,7.3
2023-06-14 16:30:00,0.2,77.0,1009.1,3.3,4.3,256.3,574.6365,431.1317,0.751,0.7,0.272,6.0
2023-06-14 17:00:00,0.7,74.4,1008.9,3.0,4.0,255.2,715.3688,531.6145,0.744,1.2,0.271,6.5
2023-06-14 17:30:00,1.0,74.2,1008.9,3.0,4.3,258.1,659.5797,486.7132,0.739,1.2,0.27,7.8
2023-06-14 18:00:00,1.4,74.3,1009.1,2.5,4.0,256.0,742.9487,541.653,0.73,1.4,0.268,9.2
2023-06-14 18:30:00,1.7,74.0,1009.2,2.2,3.3,258.8,640.3104,463.8995,,1.3,0.266,8.4
2023-06-14 19:00:00,2.2,69.7,1009.3,1.7,2.4,255.9,731.352,519.8816,,1.5,0.263,10.5
2023-06-14 19:30:00,3.0,66.0,1009.5,0.7,1.7,248.1,516.0384,369.007,,1.4,0.259,10.2
2023-06-14 20:00:00,2.7,66.4,1009.6,2.9,4.9,331.4,437.993,309.6464,,1.1,0.261,6.6
2023-06-14 20:30:00,1.8,77.2,1009.8,1.8,2.8,258.8,450.3979,311.9733,,0.7,0.26,7.6
2023-06-14 21:00:00,1.5,80.1,1009.9,1.6,2.7,285.0,492.6006,335.0657,,0.7,0.258,8.0
2023-06-14 21:30:00,1.3,81.2,1010.2,1.3,2.6,261.4,440.3645,297.2158,,0.7,0.258,8.2
2023-06-14 22:00:00,1.3,81.7,1010.8,0.7,1.4,191.4,268.7259,186.6988,,0.6,0.257,6.9
2023-06-14 22:30:00,0.6,85.5,1011.0,0.8,1.2,138.5,231.1474,160.092,,0.4,0.259,6.3
2023-06-14 23:00:00,0.3,87.0,1011.2,1.0,1.5,114.7,130.1706,93.9362,,0.2,0.259,4.1
2023-06-14 23:30:00,0.1,88.9,1011.2,1.4,1.8,115.3,99.2252,71.6234,,0.0,0.259,3.2
2023-06-15 00:00:00,-0.1,89.7,1011.3,1.2,1.6,117.1,91.2346,65.1244,,-0.2,0.259,2.7
2023-06-15 00:30:00,-0.2,89.8,1011.5,1.3,2.0,98.4,52.6294,38.7551,,-0.3,0.26,1.8
2023-06-15 01:00:00,-0.2,89.8,1011.6,2.3,2.9,75.2,42.0152,30.9156,,-0.5,0.259,1.4
2023-06-15 01:30:00,-0.2,90.6,1011.8,2.6,3.4,76.1,36.0812,26.6543,,-0.7,0.259,1.1
2023-06-15 02:00:00,-0.2,90.6,1012.0,2.0,2.6,90.1,24.5411,18.7929,,-0.6,0.259,1.1
2023-06-15 02:30:00,-0.1,90.3,1012.1,1.3,2.0,84.8,17.1455,13.3861,,-0.3,0.259,1.1
2023-06-15 03:00:00,-0.2,90.6,1012.0,1.7,2.6,95.6,14.9696,11.6665,,-0.3,0.259,1.1
2023-06-15 03:30:00,-0.1,90.5,1011.9,2.2,2.7,91.2,14.188,11.0618,,-0.3,0.259,1.0
2023-06-15 04:00:00,-0.1,90.3,1011.8,1.2,2.5,68.1,14.4804,11.3928,,-0.3,0.258,1.0
2023-06-15 04:30:00,-0.1,89.9,1011.7,1.6,2.8,68.6,13.46,12.2672,,-1.0,0.258,0.7
2023-06-15 05:00:00,-0.5,89.4,1011.7,1.6,3.2,8.1,15.3374,14.9901,,-2.1,0.258,-0.4
2023-06-15 05:30:00,-0.6,90.0,1011.8,2.3,3.6,325.1,21.9147,19.4429,,-2.2,0.258,-0.6
2023-06-15 06:00:00,-0.7,89.5,1011.8,2.1,2.8,329.5,29.991,25.2809,,-2.5,0.258,-0.9
2023-06-15 06:30:00,-0.6,87.9,1011.8,1.5,2.0,328.6,31.6429,27.8608,,-3.1,0.256,-1.7
2023-06-15 07:00:00,-0.7,87.0,1011.7,1.2,2.0,311.1,35.1318,31.7471,,-3.4,0.256,-1.8
2023-06-15 07:30:00,-0.8,85.9,1011.9,0.7,1.8,319.2,41.5146,37.1536,,-3.8,0.256,-2.0
2023-06-15 08:00:00,-0.7,87.0,1011.9,0.5,1.3,345.6,49.1423,43.849,,-4.1,0.256,-2.4
2023-06-15 08:30:00,-0.4,84.7,1012.0,1.4,2.6,334.1,93.1104,73.7338,,-3.4,0.256,-0.7
2023-06-15 09:00:00,0.3,79.4,1012.1,0.6,1.9,343.5,154.4929,113.5686,,-2.4,0.254,0.5
2023-06-15 09:30:00,0.7,77.7,1012.2,0.3,0.9,357.0,193.5023,140.4902,,-1.1,0.253,2.8
2023-06-15 10:00:00,1.5,73.2,1012.1,0.4,1.0,277.1,229.6529,167.279,,0.2,0.252,4.9
2023-06-15 10:30:00,1.2,78.2,1012.2,0.4,0.7,299.4,191.4568,143.1629,,-0.1,0.254,4.6
2023-06-15 11:00:00,1.4,74.8,1012.3,0.8,1.3,288.4,314.4671,233.0363,,0.5,0.255,6.1
2023-06-15 11:30:00,1.2,79.8,1012.3,1.6,2.7,276.4,382.117,284.6052,,0.7,0.255,5.4
2023-06-15 12:00:00,0.9,81.3,1012.4,1.2,2.5,279.7,308.1552,229.847,,0.2,0.255,6.1
2023-06-15 12:30:00,1.3,79.5,1012.4,1.4,2.3,261.8,384.296,281.0135,,1.0,0.255,7.0
2023-06-15 13:00:00,1.5,82.6,1012.6,1.5,2.4,250.9,470.6459,343.6074,,1.3,0.255,8.7
2023-06-15 13:30:00,2.0,78.6,1012.5,0.8,1.7,256.8,452.1908,327.9251,,1.2,0.255,9.7
2023-06-15 14:00:00,2.9,74.4,1012.5,0.5,1.4,232.9,400.3881,291.6782,0.729,1.2,0.252,9.8
2023-06-15 14:30:00,2.1,78.0,1012.6,1.3,2.2,266.7,522.6984,380.1067,0.727,1.4,0.255,10.2
2023-06-15 15:00:00,2.2,78.1,1012.6,1.4,2.2,250.8,588.088,427.7033,0.727,1.5,0.254,11.4
2023-06-15 15:30:00,2.3,77.5,1012.6,1.6,2.5,258.0,607.0783,440.0773,0.725,1.6,0.254,10.0
2023-06-15 16:00:00,1.8,80.9,1012.6,2.4,3.3,262.9,492.498,354.0021,0.719,1.3,0.253,8.6
2023-06-15 16:30:00,1.8,81.3,1012.6,2.0,2.9,264.2,443.2378,318.1507,0.718,1.3,0.249,8.1
2023-06-15 17:00:00,1.9,81.7,1012.7,1.9,3.0,258.7,397.0821,287.9176,0.725,1.2,0.247,7.4
2023-06-15 17:30:00,1.6,82.9,1012.9,2.8,3.9,267.7,408.4785,295.3442,0.724,1.1,0.243,8.3
2023-06-15 18:00:00,1.6,82.3,1013.1,2.5,3.7,264.9,501.602,352.7285,0.703,1.2,0.239,9.3
2023-06-15 18:30:00,2.0,80.3,1013.3,2.4,3.7,258.3,649.6853,451.8456,,1.4,0.238,12.6
2023-06-15 19:00:00,2.0,79.3,1013.4,2.6,3.9,263.5,551.2398,382.815,,1.4,0.238,9.8
2023-06-15 19:30:00,1.4,82.4,1013.4,2.9,3.9,263.3,344.3456,239.6012,,0.9,0.241,5.9
2023-06-15 20:00:00,1.2,83.7,1013.5,2.8,3.5,265.5,247.2493,174.7641,,0.7,0.24,5.3
2023-06-15 20:30:00,1.0,84.5,1013.7,2.7,3.7,262.8,240.3617,169.0146,,0.7,0.24,5.3
2023-06-15 21:00:00,0.9,84.9,1013.9,3.3,4.7,263.6,241.2724,170.896,,0.6,0.24,4.9
2023-06-15 21:30:00,0.7,85.3,1014.0,3.3,4.9,267.0,180.0921,128.9263,,0.5,0.239,3.7
2023-06-15 22:00:00,0.8,84.9,1014.2,2.5,3.7,264.1,173.1067,122.7943,,0.5,0.239,4.3
2023-06-15 22:30:00,1.0,83.8,1014.3,1.8,2.9,258.9,155.2783,109.5549,,0.5,0.24,4.1
2023-06-15 23:00:00,0.9,84.4,1014.5,1.7,3.2,253.7,140.4741,97.7402,,0.5,0.24,3.8
2023-06-15 23:30:00,0.8,85.0,1014.7,1.4,2.3,252.3,103.1892,72.426,,0.3,0.24,3.1
2023-06-16 00:00:00,0.7,85.1,1014.8,1.8,2.6,264.7,94.3429,65.7121,,0.2,0.24,2.7
2023-06-16 00:30:00,0.5,86.1,1015.0,2.4,3.6,267.9,75.7887,53.0511,,0.0,0.24,2.0
2023-06-16 01:00:00,0.3,86.6,1015.2,2.2,3.4,275.5,68.1856,46.5578,,-0.1,0.24,1.9
2023-06-16 01:30:00,0.4,86.0,1015.2,1.1,2.2,292.5,51.4486,35.3547,,-0.3,0.239,1.6
2023-06-16 02:00:00,0.2,87.0,1015.3,1.8,3.1,270.7,31.1424,22.1982,,-0.3,0.239,1.1
2023-06-16 02:30:00,0.2,86.7,1015.5,1.7,2.7,264.3,15.864,12.8382,,-0.4,0.239,0.8
2023-06-16 03:00:00,-0.1,87.2,1015.7,2.2,3.6,276.6,12.2126,11.2689,,-0.9,0.239,0.2
2023-06-16 03:30:00,-0.5,88.3,1016.0,3.1,5.0,272.3,15.8341,13.0827,,-1.3,0.238,-0.1
2023-06-16 04:00:00,-0.7,89.0,1016.2,3.6,5.2,273.2,15.4645,12.473,,-1.4,0.238,-0.3
2023-06-16 04:30:00,-0.8,88.6,1016.4,3.9,6.0,275.3,16.9049,13.1834,,-1.4,0.238,0.0
2023-06-16 05:00:00,-0.7,88.3,1016.7,3.6,6.0,269.3,16.7065,12.219,,-0.7,0.239,0.5
2023-06-16 05:30:00,-0.5,86.8,1017.1,2.6,4.1,279.6,18.463,13.6131,,-0.5,0.239,0.6
2023-06-16 06:00:00,-0.6,86.8,1017.3,3.1,5.2,278.0,25.2109,18.7906,,-0.8,0.238,0.4
2023-06-16 06:30:00,-0.8,86.4,1017.5,3.2,5.3,280.1,36.3826,27.576,,-1.5,0.238,-0.1
2023-06-16 07:00:00,-1.0,86.3,1017.7,3.8,5.9,280.8,56.9314,41.3878,,-1.4,0.238,0.5
2023-06-16 07:30:00,-1.0,84.7,1018.1,4.4,6.6,271.2,84.5434,59.3955,,-1.0,0.237,1.1
2023-06-16 08:00:00,-1.0,83.9,1018.4,5.2,8.2,270.6,112.5507,77.9462,,-0.9,0.237,1.3
2023-06-16 08:30:00,-1.1,82.9,1018.8,5.7,10.1,269.1,141.8401,98.5556,,-1.0,0.237,1.9
2023-06-16 09:00:00,-0.9,81.0,1019.2,5.3,7.3,270.2,381.7468,249.976,,0.0,0.236,7.3
2023-06-16 09:30:00,-0.7,80.6,1019.6,5.4,7.5,267.8,437.2421,297.4452,,0.4,0.236,6.1
2023-06-16 10:00:00,-0.8,81.2,1019.9,6.3,8.2,266.9,455.5552,312.9281,,0.3,0.235,5.4
2023-06-16 10:30:00,-0.7,78.7,1020.2,5.6,8.5,263.9,412.7482,289.1968,,0.2,0.235,5.9
2023-06-16 11:00:00,-0.5,79.0,1020.5,5.8,7.4,264.3,582.4806,407.5827,,0.6,0.235,8.2
2023-06-16 11:30:00,-0.6,77.8,1020.8,5.5,8.4,262.4,472.0524,333.2259,,0.5,0.235,6.2
2023-06-16 12:00:00,-0.5,76.5,1021.1,5.0,7.1,263.7,464.1552,328.7166,,0.5,0.235,6.8
2023-06-16 12:30:00,-0.5,80.5,1021.5,5.1,7.2,260.7,409.2821,290.6481,,0.4,0.234,5.8
2023-06-16 13:00:00,-0.6,78.6,1022.0,5.1,7.1,265.5,326.3107,235.686,,0.2,0.234,4.6
2023-06-16 13:30:00,-0.8,81.7,1022.4,4.9,7.4,263.1,240.0566,179.5285,,-0.1,0.233,3.7
2023-06-16 14:00:00,-0.9,83.2,1022.8,4.3,6.2,269.9,271.9399,207.2825,0.763,-0.1,0.233,4.9
2023-06-16 14:30:00,-0.8,79.7,1023.2,4.2,5.9,269.3,263.5934,201.9438,0.767,-0.1,0.234,3.6
2023-06-16 15:00:00,-0.7,77.3,1023.5,4.3,6.4,264.1,237.6818,183.477,0.772,-0.3,0.233,3.9
2023-06-16 15:30:00,-0.7,77.7,1023.8,4.5,5.7,264.4,279.2081,213.4968,0.765,-0.1,0.233,4.0
2023-06-16 16:00:00,-0.7,74.9,1023.9,4.2,5.8,264.6,290.9977,221.6468,0.762,-0.2,0.233,4.6
2023-06-16 16:30:00,-0.7,74.4,1024.1,3.6,6.1,277.5,255.2802,195.8994,0.767,-0.2,0.232,4.1
2023-06-16 17:00:00,-0.7,74.7,1024.3,3.7,5.0,272.4,266.8574,203.5656,0.763,-0.3,0.232,4.6
2023-06-16 17:30:00,-0.7,74.9,1024.5,3.6,4.9,267.0,292.4805,220.513,0.754,-0.1,0.231,4.4
2023-06-16 18:00:00,-0.6,73.7,1024.8,3.0,3.8,264.0,309.1136,230.669,0.747,0.1,0.231,4.9
2023-06-16 18:30:00,-0.6,75.3,1025.0,2.9,4.1,262.8,248.297,187.6546,,-0.1,0.231,4.4
2023-06-16 19:00:00,-0.5,72.6,1025.1,2.8,4.2,257.7,232.8224,175.5417,,-0.1,0.231,3.7
2023-06-16 19:30:00,-0.5,73.1,1025.1,2.8,4.1,259.6,250.0222,185.7134,,-0.1,0.23,4.6
2023-06-16 20:00:00,-0.4,72.2,1025.3,2.5,3.3,253.9,248.4679,181.8019,,0.0,0.23,4.4
2023-06-16 20:30:00,-0.4,72.2,1025.4,2.3,3.0,259.4,227.331,165.9918,,0.0,0.23,4.3
2023-06-16 21:00:00,-0.4,73.0,1025.4,1.3,2.5,255.4,201.7473,147.0145,,0.1,0.229,4.7
2023-06-16 21:30:00,-0.2,71.8,1025.6,0.9,1.9,299.0,158.5341,117.4644,,-0.1,0.229,4.1
2023-06-16 22:00:00,0.0,67.4,1025.7,1.3,2.4,326.1,138.4897,102.2888,,-0.3,0.229,3.2
2023-06-16 22:30:00,-0.4,72.9,1025.8,1.9,3.3,232.1,117.0899,85.9008,,-0.4,0.229,2.5
2023-06-16 23:00:00,-0.4,74.8,1026.0,1.7,2.4,249.6,98.3464,72.1128,,-0.5,0.229,2.0
2023-06-16 23:30:00,-0.4,73.8,1025.9,1.0,1.8,256.4,85.9645,62.5875,,-0.5,0.229,2.0
2023-06-17 00:00:00,-0.4,73.7,1025.9,1.3,1.9,257.3,70.6652,51.3031,,-0.6,0.229,1.5
2023-06-17 00:30:00,-0.5,78.1,1025.8,1.6,2.3,252.6,63.3987,45.4245,,-1.0,0.228,1.0
2023-06-17 01:00:00,-0.6,81.7,1025.8,2.0,3.0,276.5,50.6625,36.4474,,-1.0,0.228,0.8
2023-06-17 01:30:00,-0.6,83.5,1025.8,2.0,3.4,285.7,41.8616,30.3354,,-1.2,0.228,0.4
2023-06-17 02:00:00,-0.8,84.5,1025.8,1.8,2.9,290.7,34.2817,25.2055,,-1.7,0.228,0.0
2023-06-17 02:30:00,-0.9,84.1,1025.8,2.0,2.9,315.9,25.0019,19.4356,,-2.1,0.228,-0.8
2023-06-17 03:00:00,-0.8,75.6,1025.8,1.3,2.4,4.0,19.7075,15.6733,,-2.5,0.228,-1.0
2023-06-17 03:30:00,-0.9,75.3,1025.8,0.3,1.3,328.5,16.0863,13.3195,,-2.7,0.227,-1.5
2023-06-17 04:00:00,-1.1,78.1,1025.6,0.5,0.9,23.1,12.6289,12.1324,,-3.7,0.226,-2.9
2023-06-17 04:30:00,-1.4,78.0,1025.5,1.2,2.1,357.4,12.353,12.4162,,-4.5,0.225,-3.5
2023-06-17 05:00:00,-1.5,78.5,1025.5,1.5,1.8,333.9,15.8271,14.747,,-4.8,0.225,-3.5
2023-06-17 05:30:00,-1.6,78.3,1025.5,1.2,1.9,341.4,27.0018,21.1995,,-4.3,0.225,-3.2
2023-06-17 06:00:00,-1.5,80.5,1025.6,0.9,1.3,336.8,33.7809,26.1251,,-4.4,0.225,-2.6
2023-06-17 06:30:00,-1.4,78.6,1025.6,0.7,1.3,317.5,52.383,37.2903,,-2.9,0.226,-0.9
2023-06-17 07:00:00,-1.3,79.5,1025.7,1.3,2.1,312.0,64.863,46.4221,,-2.1,0.227,0.2
2023-06-17 07:30:00,-1.3,86.1,1025.7,2.1,3.4,278.8,113.1331,78.0792,,-1.6,0.227,1.3
2023-06-17 08:00:00,-1.3,89.8,1025.6,3.0,4.7,266.0,179.0715,121.4721,,-0.8,0.227,2.3
2023-06-17 08:30:00,-1.6,92.1,1025.5,3.1,4.9,264.9,186.6997,131.6581,,-0.5,0.227,2.5
2023-06-17 09:00:00,-1.7,92.1,1025.4,3.3,4.7,272.5,198.8811,142.2257,,-0.5,0.227,3.1
2023-06-17 09:30:00,-1.6,91.4,1025.3,3.3,4.5,265.8,188.446,136.9782,,-0.5,0.227,2.3
2023-06-17 10:00:00,-1.3,90.1,1025.4,2.3,3.6,268.2,262.0613,186.0669,,-0.2,0.226,4.8
2023-06-17 10:30:00,-1.0,88.7,1025.5,2.0,2.6,260.3,251.6732,182.8707,,0.1,0.226,4.1
2023-06-17 11:00:00,-0.8,88.1,1025.5,1.8,2.4,255.1,251.1564,182.0438,,0.1,0.226,4.8
2023-06-17 11:30:00,-0.6,87.6,1025.4,1.9,2.5,258.4,279.5934,202.488,,0.2,0.226,5.2
2023-06-17 12:00:00,-0.6,87.8,1025.4,2.6,4.0,258.6,248.9999,184.1913,,0.1,0.226,4.2
2023-06-17 12:30:00,-0.5,88.4,1025.3,2.7,3.3,266.1,259.7328,192.1729,,0.2,0.226,4.9
2023-06-17 13:00:00,-0.5,87.6,1025.3,2.8,3.7,262.1,293.4969,216.3642,,0.3,0.225,5.4
2023-06-17 13:30:00,-0.2,85.6,1025.3,2.4,3.0,260.4,363.3207,264.9474,,0.5,0.225,6.9
2023-06-17 14:00:00,0.0,85.5,1025.3,2.7,4.0,261.9,404.0272,293.0656,0.726,0.7,0.224,7.3
2023-06-17 14:30:00,-0.2,85.8,1025.2,2.9,4.0,260.5,461.3886,332.3654,0.72,0.7,0.224,7.8
2023-06-17 15:00:00,-0.2,85.8,1025.1,3.0,3.9,259.8,468.8551,337.5946,0.72,0.8,0.224,8.0
2023-06-17 15:30:00,0.0,85.7,1025.0,2.9,3.9,254.6,468.3467,335.314,0.716,0.8,0.224,8.0
2023-06-17 16:00:00,-0.1,85.8,1025.1,2.9,4.6,256.3,482.3183,343.3233,0.712,0.7,0.224,8.9
2023-06-17 16:30:00,0.0,84.9,1025.1,3.0,4.6,258.0,507.6526,360.0308,0.709,0.8,0.225,8.5
2023-06-17 17:00:00,-0.1,85.0,1025.0,3.1,4.3,257.5,489.0036,346.5142,0.709,0.8,0.225,8.4
2023-06-17 17:30:00,0.1,84.7,1024.9,3.0,3.9,262.2,458.4592,324.5427,0.708,0.8,0.225,8.4
2023-06-17 18:00:00,0.1,84.9,1024.8,2.8,3.8,260.6,448.3211,316.4699,0.706,0.8,0.224,8.1
2023-06-17 18:30:00,0.0,85.2,1024.9,3.2,4.3,260.3,393.2885,277.6197,,0.6,0.224,6.8
2023-06-17 19:00:00,0.1,85.5,1024.8,3.0,3.9,258.5,365.8293,257.9286,,0.6,0.223,7.0
2023-06-17 19:30:00,0.4,84.4,1024.9,2.8,3.7,259.3,356.3157,249.8555,,0.6,0.222,7.0
2023-06-17 20:00:00,0.5,84.7,1024.9,2.7,4.0,258.1,354.1963,246.8445,,0.7,0.221,7.5
2023-06-17 20:30:00,0.7,83.5,1024.9,2.3,3.2,264.6,327.8858,226.6745,,0.7,0.221,7.5
2023-06-17 21:00:00,0.9,82.3,1024.9,2.4,3.4,263.2,293.4578,201.8954,,0.7,0.219,6.5
2023-06-17 21:30:00,0.9,82.0,1024.9,2.5,3.4,269.8,252.8641,173.1171,,0.6,0.219,5.5
2023-06-17 22:00:00,0.9,80.8,1024.8,2.6,3.4,270.2,243.7424,164.6899,,0.5,0.218,6.7
2023-06-17 22:30:00,0.9,81.5,1024.9,2.3,3.4,273.0,206.0791,138.677,,0.3,0.218,5.0
2023-06-17 23:00:00,1.0,80.3,1024.8,1.9,2.6,269.4,158.2158,107.3233,,0.2,0.217,4.3
2023-06-17 23:30:00,1.9,65.0,1024.6,2.2,4.3,300.8,137.7773,91.7674,,0.1,0.217,4.1
2023-06-18 00:00:00,1.0,78.3,1024.6,1.1,2.9,327.3,96.5991,66.6362,,-0.2,0.216,3.1
2023-06-18 00:30:00,1.2,77.9,1024.7,1.3,2.4,42.6,74.6363,51.641,,-0.1,0.217,2.5
2023-06-18 01:00:00,1.2,77.9,1024.6,1.7,2.9,61.0,54.8309,38.358,,-0.2,0.217,1.9
2023-06-18 01:30:00,1.0,79.3,1024.6,1.7,2.6,69.0,42.4786,29.805,,-0.3,0.216,1.7
2023-06-18 02:00:00,0.9,82.5,1024.7,1.6,2.6,63.2,31.6761,22.4674,,-0.3,0.217,1.4
2023-06-18 02:30:00,0.8,85.4,1024.8,2.1,3.1,76.2,25.0091,17.9412,,-0.4,0.216,1.0
2023-06-18 03:00:00,0.7,84.7,1024.5,2.4,3.2,76.6,21.7234,15.9888,,-0.7,0.216,0.7
2023-06-18 03:30:00,0.7,80.1,1024.4,2.4,3.7,60.0,18.2383,14.2834,,-1.2,0.216,0.5
2023-06-18 04:00:00,0.8,75.5,1024.4,1.8,2.9,61.8,17.9055,13.9133,,-1.1,0.216,0.4
2023-06-18 04:30:00,0.6,78.6,1024.5,2.4,3.4,77.4,18.7541,14.3756,,-1.0,0.216,0.6
2023-06-18 05:00:00,0.5,77.3,1024.6,2.6,3.7,74.4,24.0182,18.0546,,-1.4,0.216,0.4
2023-06-18 05:30:00,0.5,81.3,1024.4,4.2,6.9,78.4,32.3338,23.4098,,-1.2,0.216,0.7
2023-06-18 06:00:00,0.3,85.4,1024.4,4.8,6.4,78.8,42.6668,30.416,,-1.0,0.215,0.9
2023-06-18 06:30:00,0.3,85.7,1024.3,4.8,6.5,77.1,66.8643,46.4798,,-1.0,0.216,1.3
2023-06-18 07:00:00,0.3,85.8,1024.5,4.6,5.8,82.6,109.6162,73.8074,,-0.7,0.215,2.0
2023-06-18 07:30:00,0.4,84.2,1024.4,3.9,5.6,87.3,98.7287,68.9691,,-0.5,0.216,2.1
2023-06-18 08:00:00,0.5,82.8,1024.3,4.2,5.7,82.2,106.873,75.1654,,-0.4,0.215,2.3
2023-06-18 08:30:00,0.7,76.1,1024.3,3.8,5.2,76.8,117.6736,83.4929,,-0.6,0.216,2.6
2023-06-18 09:00:00,0.8,72.8,1024.3,2.8,4.0,78.2,159.4497,111.8314,,-0.6,0.215,3.5
2023-06-18 09:30:00,1.0,67.2,1024.3,2.7,4.1,78.5,202.7447,144.6689,,-1.0,0.215,5.0
2023-06-18 10:00:00,1.4,63.8,1024.2,3.3,4.2,79.7,338.9201,239.1693,,-0.3,0.214,7.8
2023-06-18 10:30:00,1.6,61.4,1024.0,3.3,4.9,78.3,432.9781,306.6299,,0.4,0.214,10.0
2023-06-18 11:00:00,2.0,58.2,1024.0,2.9,4.3,79.0,489.8372,343.6516,,1.0,0.213,9.6
2023-06-18 11:30:00,1.8,61.3,1023.9,3.1,4.4,87.6,344.8861,245.6037,,0.7,0.214,7.6
2023-06-18 12:00:00,1.7,62.2,1023.6,3.5,4.5,85.3,386.9853,271.9005,,0.7,0.213,7.6
2023-06-18 12:30:00,1.5,64.9,1023.5,3.1,5.0,84.4,346.6893,243.9022,,0.7,0.214,7.2
2023-06-18 13:00:00,1.6,65.6,1023.2,3.7,5.6,84.1,394.1818,280.1553,,0.8,0.213,8.2
2023-06-18 13:30:00,1.7,66.0,1022.9,4.0,5.3,86.3,514.5328,365.6855,,1.1,0.212,9.9
2023-06-18 14:00:00,2.0,64.2,1022.6,3.8,5.0,92.7,468.9037,333.4464,0.712,1.1,0.213,10.9
2023-06-18 14:30:00,2.0,64.6,1022.5,4.1,5.7,92.4,499.0546,354.6139,0.711,1.2,0.213,10.6
2023-06-18 15:00:00,2.2,64.3,1022.5,4.1,5.8,86.5,455.1993,323.4269,0.71,1.2,0.212,9.3
2023-06-18 15:30:00,2.3,63.5,1022.3,3.9,6.0,89.6,511.7924,363.6391,0.711,1.2,0.212,10.8
2023-06-18 16:00:00,2.4,59.1,1022.1,3.5,4.9,94.3,426.6975,300.1193,0.703,1.1,0.211,9.9
2023-06-18 16:30:00,2.4,62.3,1022.0,3.0,3.9,89.8,511.6789,358.599,0.701,1.3,0.21,11.7
2023-06-18 17:00:00,2.5,62.8,1021.9,2.9,3.9,94.4,528.9299,371.7171,0.703,1.3,0.209,12.5
2023-06-18 17:30:00,2.7,58.6,1021.7,3.6,4.9,84.7,560.3039,394.516,0.704,1.4,0.208,11.1
2023-06-18 18:00:00,2.8,58.9,1021.4,3.7,5.5,94.2,589.0441,413.0038,0.702,1.4,0.206,12.3
2023-06-18 18:30:00,2.7,62.0,1021.5,3.6,5.5,93.6,592.415,415.3384,,1.3,0.205,17.5
2023-06-18 19:00:00,2.7,64.9,1021.4,3.9,5.4,88.1,630.752,431.9989,,1.3,0.203,15.0
2023-06-18 19:30:00,2.7,62.8,1021.4,4.4,6.3,88.0,354.6568,245.9305,,0.8,0.202,8.2
2023-06-18 20:00:00,2.7,60.6,1021.2,5.1,7.1,78.4,284.0941,195.691,,0.7,0.201,6.5
2023-06-18 20:30:00,2.8,56.7,1020.9,5.1,7.3,85.2,194.7441,139.7083,,0.3,0.2,6.6
2023-06-18 21:00:00,3.1,54.5,1020.8,5.0,6.8,84.6,439.9115,287.7692,,0.8,0.197,15.6
2023-06-18 21:30:00,3.1,54.8,1020.6,5.6,7.7,86.7,406.8999,260.036,,0.7,0.197,14.5
2023-06-18 22:00:00,3.2,52.0,1020.6,5.1,6.8,84.1,353.5035,222.8134,,0.6,0.195,14.0
2023-06-18 22:30:00,3.3,49.4,1020.6,4.9,6.8,79.9,300.5027,186.3902,,0.5,0.194,11.7
2023-06-18 23:00:00,3.5,48.3,1020.7,4.4,6.4,77.4,250.8161,152.7184,,0.4,0.194,5.8
2023-06-18 23:30:00,3.2,52.9,1020.7,3.2,4.8,72.6,208.7428,123.2895,,0.2,0.193,4.8
2023-06-19 00:00:00,3.1,51.0,1020.7,2.9,4.7,61.8,84.5209,53.1948,,-0.3,0.194,2.5
2023-06-19 00:30:00,3.0,50.4,1020.6,2.7,4.6,74.4,48.1063,37.2283,,-0.5,0.194,2.7
2023-06-19 01:00:00,3.2,47.5,1020.4,2.2,4.2,63.8,45.2955,34.6976,,-0.6,0.193,2.5
2023-06-19 01:30:00,3.1,48.3,1020.3,1.8,4.3,51.3,29.6345,23.9191,,-0.8,0.191,2.0
2023-06-19 02:00:00,2.9,50.3,1020.1,1.9,3.3,92.3,20.5672,17.0215,,-0.9,0.19,1.7
2023-06-19 02:30:00,2.7,49.8,1020.0,1.8,3.9,41.0,15.9391,13.8033,,-1.1,0.189,1.4
2023-06-19 03:00:00,3.1,47.3,1019.9,2.1,5.7,42.3,14.1164,12.2487,,-1.1,0.188,1.7
2023-06-19 03:30:00,2.9,48.3,1019.8,2.4,4.4,60.4,11.4399,10.1271,,-1.0,0.187,1.4
2023-06-19 04:00:00,3.1,48.6,1019.9,1.7,3.7,55.2,12.2598,10.026,,-0.9,0.186,1.9
2023-06-19 04:30:00,3.4,48.5,1019.9,2.0,5.8,36.6,23.0119,15.7951,,-0.4,0.184,2.3
2023-06-19 05:00:00,3.6,49.7,1019.9,2.0,4.2,46.1,24.078,16.7676,,-0.2,0.18,2.6
2023-06-19 05:30:00,3.8,50.1,1019.8,2.5,5.2,59.7,25.2779,18.1578,,0.0,0.179,2.5
2023-06-19 06:00:00,3.8,50.9,1019.7,2.9,6.5,80.1,29.1112,21.8959,,-0.2,0.179,2.6
2023-06-19 06:30:00,4.1,50.2,1019.7,4.8,6.6,76.0,47.4026,34.5006,,0.1,0.178,3.1
2023-06-19 07:00:00,4.2,50.6,1019.6,4.8,7.3,76.5,56.0688,40.2849,,0.4,0.174,2.9
2023-06-19 07:30:00,4.2,51.3,1019.6,5.2,7.7,79.3,48.7058,37.1192,,0.3,0.17,3.2
2023-06-19 08:00:00,4.1,53.2,1019.6,4.6,6.5,77.7,112.0262,77.6425,,0.7,0.168,4.6
2023-06-19 08:30:00,4.1,53.0,1019.5,4.7,6.5,76.7,125.8393,86.4803,,1.0,0.171,4.3
2023-06-19 09:00:00,3.9,54.5,1019.6,5.4,7.4,75.5,133.7458,90.2262,,0.9,0.176,4.4
2023-06-19 09:30:00,4.0,54.4,1019.6,5.9,8.1,77.3,142.6374,95.6051,,1.0,0.182,4.8
2023-06-19 10:00:00,4.0,55.3,1019.4,6.1,8.9,70.1,131.6341,91.6718,,1.0,0.181,4.4
2023-06-19 10:30:00,4.0,56.8,1019.2,5.8,7.9,75.0,113.6528,80.9392,,1.0,0.179,4.2
2023-06-19 11:00:00,3.9,58.0,1019.4,5.4,7.8,76.9,99.0366,71.8251,,0.9,0.178,4.3
2023-06-19 11:30:00,3.9,57.2,1019.5,5.6,7.7,75.5,222.552,152.1489,,1.1,0.178,6.2
2023-06-19 12:00:00,4.0,57.7,1019.5,5.9,7.9,75.0,219.9065,150.42,,1.2,0.175,6.3
2023-06-19 12:30:00,3.9,58.4,1019.5,4.7,7.6,79.1,256.2925,176.2773,,1.2,0.171,7.4
2023-06-19 13:00:00,4.2,57.1,1019.4,4.6,6.8,78.7,306.3448,209.9532,,1.3,0.166,7.1
2023-06-19 13:30:00,4.3,55.7,1019.3,5.0,8.0,79.8,174.6214,125.4225,,1.2,0.172,5.3
2023-06-19 14:00:00,4.6,54.3,1019.1,5.4,7.3,79.3,191.2607,135.0888,0.713,1.2,0.175,7.2
2023-06-19 14:30:00,4.7,54.0,1019.1,4.5,7.3,74.7,280.8483,193.9851,0.692,1.4,0.172,8.5
2023-06-19 15:00:00,4.9,52.5,1018.9,5.0,7.2,75.3,309.5236,214.2212,0.693,1.5,0.16,7.8
2023-06-19 15:30:00,5.0,52.6,1018.8,5.0,6.9,75.0,262.5904,186.1073,0.709,1.4,0.167,7.1
2023-06-19 16:00:00,5.3,50.3,1018.8,5.5,7.3,75.5,184.8108,134.1974,0.727,1.4,0.165,6.6
2023-06-19 16:30:00,5.6,48.4,1018.5,5.5,7.1,75.9,250.4133,176.7389,0.707,1.5,0.16,7.7
2023-06-19 17:00:00,5.9,47.3,1018.5,4.8,6.8,83.0,232.291,163.342,0.703,1.6,0.159,8.0
2023-06-19 17:30:00,5.9,47.9,1018.6,3.8,5.8,82.9,196.4814,139.9098,0.713,1.6,0.151,7.5
2023-06-19 18:00:00,6.0,47.0,1018.4,4.6,6.0,82.1,232.1106,162.3898,0.7,1.6,0.146,8.3
2023-06-19 18:30:00,6.2,46.2,1018.2,4.1,5.7,74.5,239.8409,166.0112,,1.7,0.148,8.7
2023-06-19 19:00:00,6.5,45.6,1018.1,3.2,4.9,85.5,273.2408,184.7751,,1.8,0.15,9.7
2023-06-19 19:30:00,6.6,46.7,1017.9,1.8,4.8,82.5,202.8032,139.6409,,1.7,0.149,9.3
2023-06-19 20:00:00,6.7,48.3,1017.7,2.2,5.2,46.1,172.8224,119.2088,,1.7,0.149,8.9
2023-06-19 20:30:00,6.9,47.7,1017.4,2.0,4.6,45.1,186.4602,126.6762,,1.8,0.145,9.2
2023-06-19 21:00:00,7.0,47.0,1017.2,2.5,4.3,30.8,155.4021,105.1697,,1.7,0.15,8.4
2023-06-19 21:30:00,7.3,43.8,1016.9,2.5,4.4,43.2,111.3543,75.5872,,1.7,0.145,7.3
2023-06-19 22:00:00,6.6,47.8,1016.9,2.2,4.2,33.8,92.7313,63.0923,,1.5,0.147,7.2
2023-06-19 22:30:00,7.1,46.2,1016.8,2.0,4.2,70.2,75.0886,50.2292,,1.6,0.146,7.4
2023-06-19 23:00:00,7.1,46.8,1016.6,2.2,4.6,75.1,61.0758,40.9486,,1.6,0.144,7.1
2023-06-19 23:30:00,7.5,44.7,1016.4,2.3,4.8,57.1,50.4187,33.6002,,1.7,0.139,7.2
2023-06-20 00:00:00,7.4,46.0,1016.4,2.2,4.9,42.5,39.9631,26.5724,,1.7,0.14,7.0
2023-06-20 00:30:00,7.6,46.4,1016.4,1.5,2.8,26.6,33.0858,22.1398,,1.7,0.139,6.4
2023-06-20 01:00:00,7.4,48.0,1016.4,1.8,3.0,31.4,22.3471,14.3911,,1.6,0.14,5.9
2023-06-20 01:30:00,7.4,47.8,1016.0,2.4,3.3,19.5,19.6306,12.0773,,1.6,0.14,6.5
2023-06-20 02:00:00,7.9,46.7,1015.5,2.3,3.9,31.0,13.706,7.9143,,1.7,0.139,6.6
2023-06-20 02:30:00,7.5,48.2,1015.0,2.5,4.2,26.3,13.2393,7.7968,,1.7,0.138,6.4
2023-06-20 03:00:00,7.3,49.2,1014.9,2.6,6.3,17.3,8.4324,4.3833,,1.6,0.14,6.5
2023-06-20 03:30:00,7.8,47.4,1014.6,2.3,6.0,35.3,7.7312,3.639,,1.7,0.137,6.9
2023-06-20 04:00:00,7.7,47.8,1014.1,1.9,4.3,26.5,10.3632,5.3148,,1.7,0.138,6.9
2023-06-20 04:30:00,7.8,46.8,1013.9,2.2,4.0,44.5,9.4997,4.7168,,1.7,0.135,6.6
2023-06-20 05:00:00,7.5,48.4,1013.6,4.3,6.9,75.5,5.1654,2.9397,,1.7,0.134,5.9
2023-06-20 05:30:00,7.1,48.0,1013.5,4.6,6.9,69.5,3.6072,2.4562,,1.5,0.131,6.0
2023-06-20 06:00:00,6.9,50.8,1013.4,4.8,7.7,75.0,0.0,3.8427,,1.5,0.122,5.5
2023-06-20 06:30:00,6.8,53.7,1013.2,4.8,7.7,75.5,7.2107,8.1004,,1.6,0.12,5.1
2023-06-20 07:00:00,7.0,54.6,1012.9,5.7,8.8,76.3,28.4866,20.5313,,1.5,0.117,6.4
2023-06-20 07:30:00,7.2,55.0,1012.6,5.6,8.6,73.6,63.1404,40.611,,1.7,0.118,7.1
2023-06-20 08:00:00,7.3,55.1,1012.4,5.8,8.8,76.5,99.2709,62.7828,,1.7,0.112,6.8
2023-06-20 08:30:00,6.9,56.8,1012.3,6.2,8.4,77.1,58.5678,38.5617,,1.6,0.113,6.6
2023-06-20 09:00:00,7.1,55.3,1012.3,5.9,8.6,79.5,65.7261,44.1063,,1.7,0.112,6.9
2023-06-20 09:30:00,6.7,58.4,1012.2,4.9,7.7,81.0,47.2916,31.939,,1.6,0.111,6.7
2023-06-20 10:00:00,7.3,57.0,1012.1,4.7,7.7,79.4,60.806,41.1677,,1.7,0.11,7.6
2023-06-20 10:30:00,7.8,55.7,1011.8,4.2,6.5,81.6,73.4869,49.7226,,1.9,0.113,7.9
2023-06-20 11:00:00,7.4,56.8,1011.7,4.3,8.4,76.8,80.7025,55.1552,,1.8,0.108,7.5
2023-06-20 11:30:00,6.9,60.3,1011.6,3.8,8.1,80.2,61.336,41.8355,,1.7,0.105,7.1
2023-06-20 12:00:00,7.1,59.7,1011.5,4.4,6.4,77.5,62.2346,42.6098,,1.7,0.101,7.4
2023-06-20 12:30:00,7.5,57.3,1011.2,4.0,7.6,84.3,69.1454,47.1577,,1.8,0.099,7.8
2023-06-20 13:00:00,7.0,61.0,1010.9,5.9,8.9,86.4,111.3868,75.74,,1.8,0.09,7.3
2023-06-20 13:30:00,7.2,66.3,1010.5,2.4,6.5,86.4,130.1363,91.0258,,1.9,0.094,8.5
2023-06-20 14:00:00,7.2,67.4,1010.3,3.0,5.2,59.0,114.474,81.6786,0.716,1.9,0.086,8.1
2023-06-20 14:30:00,7.1,66.5,1010.1,4.4,6.0,79.1,124.9587,84.7163,0.679,1.9,0.089,8.7
2023-06-20 15:00:00,7.0,67.1,1009.9,2.3,4.8,30.5,98.1784,71.7734,0.732,1.9,0.091,7.1
2023-06-20 15:30:00,7.5,66.2,1009.6,2.4,5.1,24.9,88.3761,65.962,0.748,2.0,0.083,6.7
2023-06-20 16:00:00,7.3,70.9,1009.4,1.5,2.8,8.2,88.1338,64.4876,0.732,2.0,0.079,4.9
2023-06-20 16:30:00,6.5,75.5,1009.5,2.1,3.5,333.0,100.7915,72.0624,0.715,2.0,0.08,4.9
2023-06-20 17:00:00,5.4,74.7,1010.2,2.5,5.5,244.8,108.1233,77.2776,0.715,1.7,0.082,5.4
2023-06-20 17:30:00,5.2,66.8,1010.2,2.9,5.0,302.5,127.4884,89.9634,0.707,1.6,0.071,5.9
2023-06-20 18:00:00,5.2,59.5,1009.8,2.9,6.1,288.1,147.9416,100.5326,0.68,1.5,0.074,6.2
2023-06-20 18:30:00,4.7,62.8,1009.6,2.6,4.8,306.1,127.9579,89.372,,1.4,0.078,5.6
2023-06-20 19:00:00,4.4,67.4,1009.0,2.6,5.2,303.3,98.7772,70.2651,,1.3,0.078,4.9
2023-06-20 19:30:00,4.6,71.5,1008.5,3.5,6.8,275.8,120.0638,83.453,,1.5,0.077,4.4
2023-06-20 20:00:00,4.0,78.3,1008.3,2.7,4.3,283.1,70.2705,49.8426,,1.3,0.07,3.9
2023-06-20 20:30:00,3.7,83.2,1008.0,2.8,4.2,267.7,50.711,35.7734,,1.2,0.068,3.5
2023-06-20 21:00:00,3.6,85.1,1007.6,3.3,6.2,267.4,38.7317,27.204,,1.2,0.065,3.5
2023-06-20 21:30:00,3.2,87.8,1007.2,2.6,5.7,264.9,38.1864,26.299,,1.1,0.074,3.3
2023-06-20 22:00:00,3.1,88.0,1006.7,3.9,8.0,280.1,34.8649,23.7742,,1.0,0.069,3.3
2023-06-20 22:30:00,3.2,86.7,1006.2,3.8,8.0,299.4,26.2397,18.1663,,1.1,0.073,3.1
2023-06-20 23:00:00,3.4,86.6,1005.7,5.0,12.5,293.9,31.114,20.4389,,1.1,0.06,3.4
2023-06-20 23:30:00,3.6,88.4,1005.2,4.9,8.2,239.1,28.089,17.2047,,1.2,0.062,3.5
2023-06-21 00:00:00,3.7,89.0,1004.9,4.3,9.7,272.3,25.11,14.3206,,1.2,0.062,3.3
2023-06-21 00:30:00,3.4,90.7,1004.5,3.2,6.8,250.0,16.3565,9.0488,,1.1,0.066,3.4
2023-06-21 01:00:00,3.2,92.4,1004.4,2.2,5.2,198.3,11.2733,5.8616,,1.1,0.068,3.0
2023-06-21 01:30:00,2.9,91.8,1004.3,2.9,5.4,161.8,5.0559,2.7104,,1.0,0.066,2.6
2023-06-21 02:00:00,2.7,90.9,1003.8,2.6,5.9,149.3,4.7836,2.8186,,0.9,0.063,2.3
2023-06-21 02:30:00,2.1,91.5,1003.1,3.5,5.7,115.8,2.8599,1.8416,,0.7,0.063,1.9
2023-06-21 03:00:00,2.0,94.2,1002.5,3.9,6.1,74.9,2.4503,1.3031,,0.7,0.064,2.3
2023-06-21 03:30:00,1.8,94.0,1002.0,4.2,7.8,97.9,1.6945,1.3255,,0.6,0.064,1.5
2023-06-21 04:00:00,1.3,95.2,1001.6,4.1,5.8,74.9,2.1074,1.1508,,0.5,0.063,1.6
2023-06-21 04:30:00,1.2,94.2,1001.2,3.5,5.8,72.6,4.0774,2.5685,,0.4,0.06,1.4
2023-06-21 05:00:00,1.0,94.6,1000.8,,,,2.9685,2.4738,,0.4,0.063,1.1
2023-06-21 05:30:00,0.6,96.4,1000.4,,,,8.472,4.1031,,0.3,0.062,1.2
2023-06-21 06:00:00,0.8,95.5,1000.2,,,,10.2984,5.4145,,0.3,0.063,1.4
2023-06-21 06:30:00,0.6,95.8,1000.0,,,,8.2978,3.7918,,0.3,0.062,1.1
2023-06-21 07:00:00,0.4,96.9,999.8,,,,12.4177,6.084,,0.3,0.063,1.2
2023-06-21 07:30:00,0.4,97.2,999.7,,,,22.8522,11.6442,,0.3,0.061,1.4
2023-06-21 08:00:00,0.3,97.2,999.4,,,,65.1761,34.4691,,0.4,0.059,2.5
2023-06-21 08:30:00,0.3,97.1,999.3,,,,91.7017,49.6257,,0.5,0.058,2.4
2023-06-21 09:00:00,0.3,97.2,999.1,,,,82.7521,45.2243,,0.4,0.057,2.0
2023-06-21 09:30:00,0.3,97.1,999.1,,,,118.0481,64.5488,,0.5,0.058,3.2
2023-06-21 10:00:00,0.5,96.3,999.0,,,,185.0626,99.5504,,0.7,0.058,3.8
2023-06-21 10:30:00,0.4,95.8,999.0,,,,172.7784,93.0953,,0.6,0.058,4.1
2023-06-21 11:00:00,0.6,95.2,998.8,1.2,3.2,305.3,247.7935,135.5928,,0.8,0.06,7.2
2023-06-21 11:30:00,1.2,91.9,998.6,2.4,4.9,262.4,456.3328,252.4232,,1.4,0.059,7.9
2023-06-21 12:00:00,0.6,95.1,998.6,3.6,5.5,274.0,356.6067,190.1418,,1.1,0.059,7.1
2023-06-21 12:30:00,0.3,94.6,998.5,4.1,6.5,266.2,429.9126,226.0007,,1.1,0.058,7.6
2023-06-21 13:00:00,0.2,94.7,998.4,4.1,5.5,265.9,508.2331,265.6372,,1.4,0.06,9.4
2023-06-21 13:30:00,0.0,94.5,998.6,4.9,5.9,262.3,584.6888,299.4822,,1.6,0.055,9.4
2023-06-21 14:00:00,0.0,94.1,998.6,4.9,6.7,263.0,648.9891,325.4604,0.501,1.7,0.046,9.4
2023-06-21 14:30:00,0.0,94.1,998.5,4.1,6.4,262.9,591.2322,287.0976,0.486,1.4,0.051,10.4
2023-06-21 15:00:00,0.3,92.5,998.6,3.7,5.7,268.4,642.5528,299.6665,0.466,1.7,0.045,10.3
2023-06-21 15:30:00,0.4,89.5,998.5,4.5,6.9,261.7,790.5062,349.3406,0.444,1.8,0.037,14.5
2023-06-21 16:00:00,0.8,87.0,998.5,4.0,5.5,261.3,814.5101,332.2271,0.407,2.1,0.025,10.8
2023-06-21 16:30:00,0.4,91.7,998.6,3.9,5.9,260.2,431.9688,168.0154,0.389,1.3,0.021,6.3
2023-06-21 17:00:00,0.6,90.7,998.5,3.1,4.0,261.1,398.0145,149.3408,0.375,1.3,0.019,6.9
2023-06-21 17:30:00,0.5,92.0,998.6,3.2,4.1,259.6,370.874,135.2697,0.365,1.3,0.015,5.9
2023-06-21 18:00:00,0.6,93.4,998.7,2.9,3.9,260.2,343.3657,122.2657,0.356,1.2,0.013,5.1
2023-06-21 18:30:00,0.7,94.8,998.7,3.0,4.8,255.5,333.6521,113.4365,,1.3,0.014,5.1
2023-06-21 19:00:00,0.5,95.1,998.5,3.2,4.2,239.2,327.6525,104.2555,,1.3,0.008,5.2
2023-06-21 19:30:00,0.7,94.7,998.5,2.8,3.9,258.5,284.429,86.6973,,1.4,0.012,4.5
2023-06-21 20:00:00,0.5,94.8,998.5,2.9,3.8,261.0,206.0204,61.379,,1.1,0.006,3.4
2023-06-21 20:30:00,0.3,95.7,998.5,2.9,3.8,262.6,182.3986,52.9755,,0.9,0.009,3.0
2023-06-21 21:00:00,0.1,95.4,998.4,2.6,3.6,261.3,199.7576,55.8212,,0.9,0.013,3.1
2023-06-21 21:30:00,0.2,94.8,998.2,2.5,3.2,257.7,157.5968,43.2064,,0.9,0.012,2.5
2023-06-21 22:00:00,0.2,94.3,998.2,2.6,4.1,257.3,168.526,44.9628,,0.9,0.014,2.9
2023-06-21 22:30:00,0.1,94.0,998.2,2.6,3.9,262.3,133.9021,35.1309,,0.8,0.013,2.3
2023-06-21 23:00:00,0.0,94.7,998.1,2.7,3.7,261.8,95.2162,24.9833,,0.6,0.012,1.7
2023-06-21 23:30:00,0.0,94.0,998.0,3.2,4.4,263.3,114.0478,29.4607,,0.6,0.011,2.1
2023-06-22 00:00:00,0.0,93.3,997.9,3.3,4.3,265.9,120.4585,30.4722,,0.7,0.008,2.0
2023-06-22 00:30:00,0.1,91.8,997.9,3.3,6.1,265.1,94.4965,23.6067,,0.6,0.01,1.9
2023-06-22 01:00:00,0.1,91.6,997.8,3.6,5.0,262.4,64.4363,15.7752,,0.4,0.011,1.3
2023-06-22 01:30:00,0.0,91.6,997.8,3.1,4.5,265.9,33.41,8.1411,,0.2,0.01,1.0
2023-06-22 02:00:00,-0.1,92.5,997.7,3.1,4.0,262.2,26.0923,6.2793,,0.2,0.01,0.9
2023-06-22 02:30:00,-0.1,92.3,997.5,2.8,3.8,265.9,14.8005,3.5111,,0.1,0.011,0.7
2023-06-22 03:00:00,-0.1,92.4,997.5,2.6,3.4,264.6,11.4427,2.6462,,0.0,0.011,0.7
2023-06-22 03:30:00,-0.1,91.7,997.4,2.2,3.4,254.4,11.0795,2.5011,,0.0,0.012,0.7
2023-06-22 04:00:00,-0.2,92.0,997.3,2.3,3.6,246.5,8.0426,1.6531,,0.0,0.012,0.6
2023-06-22 04:30:00,-0.2,92.2,997.3,2.1,3.1,253.6,9.5829,2.0888,,0.0,0.012,0.6
2023-06-22 05:00:00,-0.3,92.7,997.1,2.1,2.8,254.8,11.4199,2.7822,,0.0,0.011,0.4
2023-06-22 05:30:00,-0.4,94.1,996.9,2.0,2.9,259.7,18.1447,4.6239,,0.0,0.012,0.5
2023-06-22 06:00:00,-0.4,94.9,996.9,2.2,3.1,260.6,35.3818,8.8696,,0.1,0.013,0.8
2023-06-22 06:30:00,-0.4,94.8,997.0,1.8,2.5,257.1,34.2901,8.7048,,0.1,0.015,0.7
2023-06-22 07:00:00,-0.4,94.3,997.0,1.9,2.7,263.5,60.6499,15.2045,,0.2,0.018,1.1
2023-06-22 07:30:00,-0.3,92.8,996.9,1.7,2.4,258.8,91.0037,22.3741,,0.5,0.017,1.2
2023-06-22 08:00:00,-0.3,93.0,996.8,1.8,2.5,260.5,44.8193,11.1122,,0.3,0.016,0.9
2023-06-22 08:30:00,-0.2,93.0,996.9,1.8,2.3,252.7,83.4378,20.5208,,0.5,0.016,1.6
2023-06-22 09:00:00,-0.1,92.6,997.0,1.8,2.4,255.8,110.549,27.2458,,0.8,0.014,2.2
2023-06-22 09:30:00,0.0,92.2,997.0,1.3,2.2,244.7,135.985,33.3886,,1.2,0.013,3.0
2023-06-22 10:00:00,0.1,91.2,997.0,1.3,1.7,255.0,188.8288,45.692,,1.6,0.013,4.1
2023-06-22 10:30:00,0.2,89.4,997.1,1.2,1.9,231.6,242.7674,58.8417,,2.3,0.014,5.4
2023-06-22 11:00:00,0.4,87.4,997.2,1.2,1.9,177.9,336.329,81.3234,,3.1,0.014,8.0
2023-06-22 11:30:00,0.3,87.9,997.4,1.4,1.9,181.8,281.4719,65.6986,,3.0,0.011,6.3
2023-06-22 12:00:00,0.4,87.4,997.6,1.0,1.5,185.3,261.7382,60.3777,,3.0,0.009,6.1
2023-06-22 12:30:00,0.4,87.9,997.9,1.2,1.7,172.0,254.01,57.4247,,3.0,0.01,6.0
2023-06-22 13:00:00,0.3,90.5,998.0,1.3,2.0,180.2,262.7407,58.3716,,3.2,0.011,6.2
2023-06-22 13:30:00,0.3,92.2,998.2,0.7,1.6,135.1,253.4639,56.5681,,3.2,0.01,7.2
2023-06-22 14:00:00,0.4,90.2,998.3,1.2,1.9,137.9,243.9692,52.7747,0.216,3.3,0.013,5.5
2023-06-22 14:30:00,0.3,92.2,998.6,0.6,1.5,146.6,226.2526,48.74,0.215,3.2,0.012,6.3
2023-06-22 15:00:00,0.6,90.6,998.6,0.6,1.3,187.3,251.5061,53.2863,0.212,3.8,0.011,6.9
2023-06-22 15:30:00,0.7,90.4,998.6,0.6,1.1,135.6,327.686,68.1358,0.208,4.6,0.012,8.9
2023-06-22 16:00:00,0.9,88.3,998.7,0.7,1.2,147.8,356.8185,72.2126,0.202,5.3,0.01,8.8
2023-06-22 16:30:00,1.0,87.2,998.6,0.9,1.9,153.3,368.7352,72.7895,0.197,5.5,0.01,10.1
2023-06-22 17:00:00,0.9,87.0,998.5,1.3,2.1,135.7,417.9692,80.2341,0.192,5.9,0.012,10.3
2023-06-22 17:30:00,1.0,86.8,998.6,1.3,2.1,153.3,429.4107,80.5948,0.188,6.4,0.012,11.0
2023-06-22 18:00:00,1.1,85.8,998.6,1.2,1.8,153.7,415.5302,76.409,0.184,6.6,0.013,10.8
2023-06-22 18:30:00,1.4,84.8,998.7,1.2,1.9,182.9,401.1612,72.3225,,6.9,0.012,9.6
2023-06-22 19:00:00,1.1,85.5,998.7,2.0,3.2,232.0,233.2981,40.6678,,4.8,0.012,5.6
2023-06-22 19:30:00,1.0,86.5,998.8,2.1,3.2,260.1,236.4875,40.102,,4.3,0.012,5.7
2023-06-22 20:00:00,1.0,86.6,998.9,2.3,2.9,268.5,255.1349,43.0545,,4.4,0.011,6.0
2023-06-22 20:30:00,1.0,87.3,999.0,2.4,3.1,259.9,248.7638,41.2745,,4.3,0.01,5.7
2023-06-22 21:00:00,1.0,87.1,999.1,2.4,3.3,260.0,222.17,36.2825,,4.1,0.01,4.9
2023-06-22 21:30:00,0.8,88.0,999.2,2.7,3.5,249.5,221.2716,35.8476,,3.8,0.009,5.7
2023-06-22 22:00:00,0.8,88.0,999.3,3.0,4.8,250.6,257.4919,41.6376,,4.1,0.009,5.1
2023-06-22 22:30:00,0.4,89.4,999.6,2.9,3.9,250.2,215.0058,35.1403,,3.3,0.009,5.8
2023-06-22 23:00:00,0.1,90.9,999.8,2.7,3.5,236.8,201.5066,33.0848,,3.0,0.007,4.2
2023-06-22 23:30:00,-0.3,93.8,1000.0,2.3,3.2,234.8,128.101,20.1061,,2.3,0.007,2.4
2023-06-23 00:00:00,-0.8,96.0,1000.4,1.8,2.9,216.9,78.9446,12.2409,,1.5,0.007,1.7
2023-06-23 00:30:00,-1.0,96.9,1000.6,1.3,2.2,196.1,62.7674,9.6522,,1.1,0.007,1.3
2023-06-23 01:00:00,-1.1,97.3,1000.8,1.4,2.3,166.3,50.3536,7.4736,,0.8,0.007,0.8
2023-06-23 01:30:00,-1.3,97.5,1001.0,1.1,1.6,134.8,34.3768,4.9884,,0.4,0.008,0.5
2023-06-23 02:00:00,-1.2,97.6,1001.0,1.0,1.9,80.9,25.5579,3.6476,,0.2,0.009,0.3
2023-06-23 02:30:00,-1.1,97.7,1000.8,1.6,3.3,72.5,18.1873,2.3462,,-0.1,0.013,0.2
2023-06-23 03:00:00,-0.9,97.8,1000.7,1.5,2.5,79.1,15.5672,1.8821,,0.0,0.017,0.3
2023-06-23 03:30:00,-0.6,97.9,1000.7,1.7,2.7,81.6,16.0702,1.9395,,0.1,0.019,0.6
2023-06-23 04:00:00,-0.4,97.5,1000.7,1.8,2.7,80.9,20.5119,2.6937,,0.3,0.019,1.0
2023-06-23 04:30:00,-0.2,95.4,1000.6,2.4,3.0,78.9,26.1484,3.6099,,0.4,0.018,1.1
2023-06-23 05:00:00,0.1,92.8,1000.7,1.9,2.6,88.1,27.6323,3.7902,,0.5,0.016,1.4
2023-06-23 05:30:00,0.3,91.7,1000.9,1.4,2.0,103.1,32.3934,4.7131,,0.8,0.016,1.6
2023-06-23 06:00:00,0.4,90.6,1001.0,1.6,2.7,77.1,22.5529,2.6853,,0.6,0.016,1.4
2023-06-23 06:30:00,0.4,90.7,1001.2,1.6,2.2,103.2,24.667,2.7435,,0.6,0.016,1.5
2023-06-23 07:00:00,0.5,89.6,1001.3,1.1,1.7,106.4,43.4131,6.0139,,1.0,0.016,2.0
2023-06-23 07:30:00,0.5,91.2,1001.5,1.5,2.3,88.4,41.9362,5.5928,,1.1,0.016,1.9
2023-06-23 08:00:00,0.6,90.2,1001.7,1.6,3.2,89.4,54.3226,7.4468,,1.2,0.016,2.7
2023-06-23 08:30:00,1.0,86.7,1001.8,1.7,3.1,93.4,95.053,13.8693,,2.2,0.017,3.4
2023-06-23 09:00:00,1.2,85.1,1002.0,3.1,4.2,80.0,67.6449,9.1503,,1.7,0.02,2.8
2023-06-23 09:30:00,1.3,86.0,1002.2,2.8,4.4,82.4,118.9158,17.0573,,2.4,0.02,4.0
2023-06-23 10:00:00,1.2,88.0,1002.2,3.3,5.0,80.5,158.7069,22.893,,2.9,0.019,3.5
2023-06-23 10:30:00,1.0,89.0,1002.2,3.9,5.5,82.7,134.1671,18.5439,,2.3,0.02,3.2
2023-06-23 11:00:00,1.1,87.7,1002.4,3.8,5.1,84.0,178.5269,24.5429,,2.8,0.021,4.0
2023-06-23 11:30:00,1.2,88.2,1002.5,4.7,6.2,82.4,239.9426,33.5854,,3.5,0.017,5.2
2023-06-23 12:00:00,1.4,85.9,1002.6,4.4,6.4,84.1,255.9619,35.4933,,4.0,0.016,5.9
2023-06-23 12:30:00,1.5,86.4,1002.8,4.5,6.6,85.5,263.6835,35.7308,,4.2,0.011,5.3
2023-06-23 13:00:00,1.0,91.4,1003.2,3.5,5.2,113.9,163.1021,20.2976,,3.2,0.012,3.4
2023-06-23 13:30:00,0.4,95.9,1003.4,2.4,3.1,129.3,183.3211,23.2297,,2.9,0.017,4.9
2023-06-23 14:00:00,0.8,95.8,1003.6,2.7,4.5,117.5,216.8695,26.3981,0.122,4.1,0.022,5.3
2023-06-23 14:30:00,1.2,91.3,1003.7,3.4,5.0,86.4,212.5424,25.0753,0.118,3.9,0.019,5.1
2023-06-23 15:00:00,1.7,87.8,1003.7,3.9,5.4,85.1,309.9808,37.4817,0.121,4.8,0.021,7.9
2023-06-23 15:30:00,2.0,85.9,1003.8,3.0,4.0,86.1,359.3763,43.86,0.122,6.5,0.024,8.1
2023-06-23 16:00:00,2.0,85.4,1003.9,2.8,4.1,85.1,273.1256,32.3828,0.118,5.8,0.021,6.8
2023-06-23 16:30:00,1.9,88.2,1004.0,2.4,3.7,82.6,232.3879,27.1114,0.117,5.3,0.018,6.3
2023-06-23 17:00:00,1.4,94.3,1004.2,2.1,2.8,89.8,226.7841,25.3611,0.112,5.2,0.024,6.6
2023-06-23 17:30:00,1.6,92.9,1004.1,1.9,3.4,16.9,449.7881,53.8993,0.119,7.8,0.023,12.8
2023-06-23 18:00:00,2.2,90.2,1004.2,1.4,2.4,94.1,545.9773,70.0397,0.128,10.4,0.023,16.7
2023-06-23 18:30:00,2.4,87.3,1004.2,1.3,2.7,105.9,609.1678,82.6578,,11.4,0.019,19.2
2023-06-23 19:00:00,2.8,83.2,1004.3,1.2,2.2,117.1,666.3117,92.4571,,13.2,0.018,24.1
2023-06-23 19:30:00,2.8,83.0,1004.4,2.0,2.8,156.8,625.1564,87.6125,,12.3,0.02,19.0
2023-06-23 20:00:00,2.1,86.5,1004.6,2.1,3.2,231.1,484.9959,67.4883,,10.0,0.017,17.5
2023-06-23 20:30:00,1.3,90.0,1004.8,2.2,3.0,258.4,453.3359,62.6211,,9.2,0.016,11.9
2023-06-23 21:00:00,0.5,93.5,1004.8,2.4,3.1,250.6,306.903,40.4179,,6.8,0.02,7.2
2023-06-23 21:30:00,0.6,94.4,1004.7,1.9,3.1,247.6,382.1423,53.3342,,7.3,0.019,16.2
2023-06-23 22:00:00,1.0,91.1,1004.8,1.9,2.6,266.7,348.2531,48.9418,,6.8,0.02,11.7
2023-06-23 22:30:00,0.9,91.3,1004.8,2.2,3.2,264.3,250.0575,34.9622,,4.7,0.021,8.2
2023-06-23 23:00:00,0.1,94.9,1004.9,2.4,3.2,262.8,186.8576,25.1613,,3.7,0.021,5.0
2023-06-23 23:30:00,0.1,96.0,1004.9,2.4,3.3,262.7,154.7863,20.3203,,2.9,0.021,3.7
2023-06-24 00:00:00,0.0,96.3,1004.8,2.0,3.0,282.1,82.6784,9.816,,1.6,0.022,1.9
2023-06-24 00:30:00,0.4,93.7,1004.8,1.7,2.3,272.8,35.286,2.9786,,0.1,0.021,1.0
2023-06-24 01:00:00,0.6,88.6,1004.8,0.6,1.1,18.8,29.6741,2.3549,,-0.6,0.02,0.0
2023-06-24 01:30:00,0.2,91.6,1004.9,0.5,0.9,95.6,23.403,1.933,,-0.9,0.019,-0.7
2023-06-24 02:00:00,0.1,93.8,1005.0,0.4,1.0,353.0,18.756,1.4697,,-1.1,0.02,-1.1
2023-06-24 02:30:00,-0.2,94.9,1004.9,0.9,2.2,278.3,14.8969,1.2327,,-1.1,0.016,-0.5
2023-06-24 03:00:00,-0.7,96.9,1004.8,1.4,2.7,286.0,12.7104,1.0303,,-0.9,0.016,-0.4
2023-06-24 03:30:00,-1.0,97.3,1004.6,0.8,2.2,328.4,11.8173,1.0765,,-1.4,0.016,-1.3
2023-06-24 04:00:00,-1.0,97.0,1004.5,0.8,2.5,305.0,13.0337,1.3646,,-1.7,0.018,-0.8
2023-06-24 04:30:00,0.9,82.2,1004.2,1.7,2.6,316.6,14.1134,1.3007,,-0.5,0.017,0.2
2023-06-24 05:00:00,0.8,83.9,1004.0,1.6,2.3,294.3,20.2542,1.8242,,-0.1,0.014,0.5
2023-06-24 05:30:00,1.1,80.4,1003.8,1.5,2.4,304.8,25.8132,2.601,,-0.1,0.013,0.8
2023-06-24 06:00:00,1.1,81.3,1003.9,1.4,1.7,279.8,35.0492,3.631,,-0.1,0.013,1.2
2023-06-24 06:30:00,0.7,88.6,1003.9,1.3,2.3,251.4,42.0608,4.0528,,0.3,0.015,1.7
2023-06-24 07:00:00,1.3,85.1,1003.9,1.3,2.1,311.3,57.1684,5.7397,,0.8,0.017,2.5
2023-06-24 07:30:00,2.8,72.3,1003.8,1.2,2.0,312.4,78.9019,8.3025,,1.7,0.017,4.3
2023-06-24 08:00:00,2.2,81.6,1003.7,0.6,1.0,65.5,102.1199,11.8092,,2.3,0.02,4.8
2023-06-24 08:30:00,2.0,84.6,1003.5,0.4,1.0,204.1,135.265,17.0144,,3.0,0.022,6.2
2023-06-24 09:00:00,2.9,78.1,1003.2,0.9,1.5,194.8,251.6604,37.7086,,4.0,0.021,13.0
2023-06-24 09:30:00,4.1,72.7,1003.0,0.4,1.0,8.8,329.2175,52.4354,,6.2,0.015,15.9
2023-06-24 10:00:00,4.4,67.3,1002.8,1.3,2.2,289.0,381.5266,59.2045,,8.0,0.021,15.3
2023-06-24 10:30:00,4.8,64.2,1002.7,1.8,2.4,351.6,433.237,65.6035,,9.1,0.021,15.9
2023-06-24 11:00:00,5.4,65.0,1002.7,1.0,2.0,7.7,476.2232,70.8917,,11.0,0.02,16.8
2023-06-24 11:30:00,5.1,68.3,1002.7,1.4,2.2,270.0,511.2292,76.3648,,11.8,0.021,16.3
2023-06-24 12:00:00,5.0,70.1,1002.8,1.4,2.2,196.9,507.3618,72.5201,,12.3,0.019,16.2
2023-06-24 12:30:00,4.9,72.9,1002.9,1.3,1.9,171.6,473.3775,66.2021,,12.0,0.021,15.6
2023-06-24 13:00:00,4.7,73.9,1002.9,1.0,1.6,140.4,578.3777,81.4023,,13.9,0.02,16.5
2023-06-24 13:30:00,5.3,73.0,1002.9,1.2,1.9,179.2,577.2543,80.9312,,14.4,0.021,17.6
2023-06-24 14:00:00,5.9,72.2,1002.7,1.0,1.6,179.4,649.3718,90.6235,0.139,16.6,0.018,19.2
2023-06-24 14:30:00,5.6,72.9,1002.6,0.9,1.8,161.6,568.49,78.3378,0.138,15.7,0.019,19.5
2023-06-24 15:00:00,6.7,66.6,1002.5,1.2,2.1,181.3,662.3738,91.751,0.138,17.8,0.019,20.8
2023-06-24 15:30:00,6.8,62.7,1002.4,1.3,2.3,183.3,538.4423,73.4644,0.136,16.2,0.018,17.9
2023-06-24 16:00:00,7.2,57.7,1002.4,1.4,2.1,214.9,681.7793,94.0182,0.138,18.3,0.018,21.9
2023-06-24 16:30:00,6.6,67.1,1002.4,1.3,2.9,161.6,540.6278,72.1601,0.133,16.3,0.018,19.0
2023-06-24 17:00:00,7.3,60.9,1002.4,1.5,2.0,173.5,741.6201,103.4471,0.139,19.1,0.017,19.2
2023-06-24 17:30:00,7.0,62.5,1002.4,2.0,2.8,183.2,657.8316,90.8986,0.138,17.7,0.019,20.8
2023-06-24 18:00:00,6.9,63.2,1002.4,1.9,3.0,248.9,631.1075,86.5151,0.137,17.6,0.018,21.1
2023-06-24 18:30:00,7.1,64.5,1002.4,1.5,2.4,224.0,669.5945,93.8872,,18.2,0.016,23.2
2023-06-24 19:00:00,6.8,66.5,1002.3,1.4,2.1,213.6,622.5547,88.5563,,17.3,0.016,24.6
2023-06-24 19:30:00,6.1,68.9,1002.4,2.5,3.8,96.3,536.069,74.4995,,14.4,0.019,19.7
2023-06-24 20:00:00,5.7,72.2,1002.3,2.8,3.6,90.4,521.9675,73.2369,,13.1,0.02,21.3
2023-06-24 20:30:00,5.7,67.8,1002.4,2.2,3.4,78.5,457.3879,65.4853,,12.4,0.019,21.6
2023-06-24 21:00:00,5.9,66.7,1002.5,1.8,2.9,83.1,371.5804,52.0175,,11.4,0.02,19.4
2023-06-24 21:30:00,5.4,73.6,1002.6,1.2,2.5,179.5,248.414,32.5182,,10.3,0.019,11.2
2023-06-24 22:00:00,5.1,79.3,1002.7,0.6,1.0,151.7,184.271,24.1284,,9.2,0.021,10.2
2023-06-24 22:30:00,5.1,77.1,1002.8,0.6,1.4,174.3,143.2859,18.0669,,8.0,0.02,8.7
2023-06-24 23:00:00,5.3,69.9,1003.0,0.7,2.0,54.9,109.9394,13.8695,,6.6,0.02,7.8
2023-06-24 23:30:00,4.8,73.1,1003.2,1.1,3.0,321.7,95.4701,11.752,,5.8,0.019,6.3
2023-06-25 00:00:00,3.5,86.8,1003.3,0.6,1.3,205.4,65.4906,7.8166,,4.4,0.02,4.8
2023-06-25 00:30:00,3.3,87.6,1003.5,0.4,0.8,16.2,44.5374,4.8481,,2.5,0.018,3.2
2023-06-25 01:00:00,3.8,77.0,1003.7,1.7,3.1,35.9,32.0578,2.9394,,1.9,0.017,3.9
2023-06-25 01:30:00,5.4,59.8,1003.8,1.9,2.6,30.6,23.0197,1.3161,,2.2,0.017,4.6
2023-06-25 02:00:00,5.8,55.6,1004.0,1.9,2.7,30.6,18.1212,0.6917,,2.1,0.018,4.4
2023-06-25 02:30:00,5.7,56.0,1004.2,1.3,3.0,5.2,15.0107,0.465,,1.5,0.017,4.3
2023-06-25 03:00:00,6.3,50.9,1004.3,2.5,4.6,353.9,14.4724,0.5727,,2.4,0.019,5.4
2023-06-25 03:30:00,6.3,51.1,1004.5,2.4,4.2,2.4,17.7639,1.0928,,2.6,0.019,5.3
2023-06-25 04:00:00,6.0,52.6,1004.6,1.9,3.2,357.0,16.2704,0.8749,,2.5,0.019,5.1
2023-06-25 04:30:00,5.2,56.9,1004.8,2.1,4.3,37.8,11.1128,0.0,,1.5,0.018,3.6
2023-06-25 05:00:00,3.8,71.3,1005.1,2.6,5.5,71.6,14.395,0.7061,,1.2,0.017,3.4
2023-06-25 05:30:00,3.5,81.5,1005.4,4.2,6.9,72.5,26.8723,2.5669,,1.8,0.018,3.4
2023-06-25 06:00:00,3.1,92.8,1005.6,5.5,7.8,80.5,21.9329,1.4268,,2.0,0.016,3.1
2023-06-25 06:30:00,2.5,94.9,1005.9,4.9,7.2,78.5,27.1885,1.8735,,1.8,0.015,2.8
2023-06-25 07:00:00,2.6,92.5,1006.1,4.3,6.2,81.1,31.6979,2.1671,,1.5,0.015,3.0
2023-06-25 07:30:00,2.9,87.5,1006.2,3.7,5.3,76.5,48.6482,4.3677,,1.6,0.016,3.7
2023-06-25 08:00:00,3.0,87.9,1006.4,3.4,4.5,78.8,52.1037,4.5985,,1.8,0.015,3.6
2023-06-25 08:30:00,3.2,85.9,1006.6,3.4,4.3,77.7,72.8259,7.9457,,2.0,0.015,4.3
2023-06-25 09:00:00,3.5,85.1,1006.9,1.9,3.6,83.9,289.5301,44.0171,,5.4,0.017,13.4
2023-06-25 09:30:00,3.9,85.3,1007.0,1.1,1.9,154.5,361.2158,58.0885,,8.5,0.016,14.0
2023-06-25 10:00:00,3.2,88.3,1007.2,1.0,1.4,125.2,139.6511,18.007,,4.7,0.017,7.1
2023-06-25 10:30:00,3.4,86.8,1007.4,1.1,1.8,312.4,202.0276,25.9818,,5.9,0.017,8.3
2023-06-25 11:00:00,3.8,85.3,1007.5,1.0,1.6,265.6,251.3795,31.742,,8.2,0.018,9.7
2023-06-25 11:30:00,4.2,81.5,1007.6,0.8,1.4,200.3,266.8038,34.1681,,9.1,0.017,10.2
2023-06-25 12:00:00,4.4,80.1,1007.6,1.2,2.0,163.2,294.5215,37.3063,,9.7,0.017,10.1
2023-06-25 12:30:00,3.8,85.6,1007.8,0.9,1.4,196.7,276.9168,35.1854,,9.3,0.018,9.7
2023-06-25 13:00:00,3.6,85.8,1007.9,2.3,3.3,270.5,277.9389,35.2211,,8.1,0.019,8.7
2023-06-25 13:30:00,3.6,85.8,1008.0,2.4,4.0,268.8,376.5188,49.4836,,9.3,0.019,10.1
2023-06-25 14:00:00,4.3,82.8,1008.2,2.7,4.2,263.8,726.5215,104.4277,0.143,14.1,0.018,17.9
2023-06-25 14:30:00,5.1,78.9,1008.3,2.7,3.5,248.6,775.5476,111.7898,0.144,16.6,0.017,18.3
2023-06-25 15:00:00,4.8,77.1,1008.4,2.3,3.9,259.9,526.8962,73.1556,0.138,13.4,0.018,16.5
2023-06-25 15:30:00,5.4,73.9,1008.4,2.3,3.3,252.2,756.2087,107.6264,0.142,17.5,0.016,19.2
2023-06-25 16:00:00,5.5,74.6,1008.3,2.2,2.9,226.1,743.7629,104.8609,0.141,17.5,0.015,19.1
2023-06-25 16:30:00,4.8,80.8,1008.3,2.0,2.8,199.3,738.4128,104.8675,0.142,17.4,0.015,16.9
2023-06-25 17:00:00,5.5,73.3,1008.3,2.6,3.8,253.4,724.4892,103.0894,0.142,17.2,0.012,13.4
2023-06-25 17:30:00,5.3,75.1,1008.2,2.8,4.1,256.3,704.1053,99.9723,0.142,16.5,0.013,18.2
2023-06-25 18:00:00,5.2,75.0,1008.1,2.6,3.5,263.3,679.7168,97.0093,0.143,16.1,0.013,19.8
2023-06-25 18:30:00,5.4,75.0,1008.1,2.7,3.7,259.9,651.6086,92.9972,,15.6,0.013,19.5
2023-06-25 19:00:00,5.1,74.0,1008.2,3.2,4.5,258.7,618.3054,88.0156,,14.3,0.014,19.3
2023-06-25 19:30:00,5.3,71.9,1008.3,2.7,3.6,259.2,580.1205,83.1196,,14.0,0.014,19.5
2023-06-25 20:00:00,5.4,72.8,1008.3,2.7,3.8,257.4,537.5465,77.3872,,13.3,0.014,20.2
2023-06-25 20:30:00,5.6,71.4,1008.2,2.7,3.6,265.0,491.9393,72.0168,,12.6,0.015,19.6
2023-06-25 21:00:00,5.7,71.4,1008.1,2.5,3.3,257.0,444.7211,65.1755,,12.0,0.015,20.3
2023-06-25 21:30:00,5.8,69.4,1008.1,2.3,3.3,259.1,393.5923,57.9828,,11.2,0.016,19.0
2023-06-25 22:00:00,5.7,70.6,1007.8,1.9,2.6,252.2,341.9102,50.8625,,10.3,0.016,18.7
2023-06-25 22:30:00,6.0,70.1,1007.5,1.2,2.4,216.1,290.6151,43.9275,,9.8,0.015,17.5
2023-06-25 23:00:00,5.5,70.0,1007.4,1.6,2.9,253.2,242.1853,36.4949,,8.2,0.015,10.2
2023-06-25 23:30:00,5.9,66.5,1007.3,1.5,4.0,291.9,199.3133,29.6557,,7.2,0.014,8.8
2023-06-26 00:00:00,5.6,65.0,1007.1,2.1,3.6,2.1,76.5191,8.0974,,4.7,0.015,5.3
2023-06-26 00:30:00,4.0,76.7,1007.0,2.1,3.0,273.6,31.7056,2.28,,2.8,0.013,3.7
2023-06-26 01:00:00,3.9,73.6,1007.0,1.0,2.4,342.4,26.7356,1.6739,,1.7,0.011,3.0
2023-06-26 01:30:00,4.4,71.5,1006.9,1.1,2.9,25.7,21.352,1.0592,,1.4,0.008,2.3
2023-06-26 02:00:00,3.3,78.1,1006.6,0.5,1.4,60.5,17.5029,0.7879,,0.3,0.005,0.9
2023-06-26 02:30:00,3.0,80.6,1006.3,0.4,0.9,347.9,14.3495,0.5222,,-0.1,0.006,0.5
2023-06-26 03:00:00,3.4,72.9,1005.9,0.4,1.1,35.8,11.8895,0.0515,,-0.2,0.008,0.4
2023-06-26 03:30:00,4.3,65.7,1005.5,1.1,2.4,318.7,10.829,0.0,,0.2,0.006,2.1
2023-06-26 04:00:00,4.7,64.6,1005.2,1.9,2.6,337.0,10.3318,0.0,,0.8,0.004,2.0
2023-06-26 04:30:00,3.3,72.4,1004.9,0.5,1.1,40.4,12.0279,0.3985,,-0.2,0.004,1.2
2023-06-26 05:00:00,3.3,71.6,1004.6,0.5,1.0,346.6,14.7367,0.6714,,-0.3,0.006,0.9
2023-06-26 05:30:00,3.9,68.9,1004.2,0.7,1.7,15.6,16.3732,0.4721,,-0.1,0.007,1.4
2023-06-26 06:00:00,3.9,69.1,1003.8,0.9,1.8,355.1,19.1957,0.7084,,0.0,0.006,1.4
2023-06-26 06:30:00,4.3,66.6,1003.7,1.2,2.2,335.1,23.4138,0.8363,,0.4,0.004,2.4
2023-06-26 07:00:00,4.9,63.9,1003.4,1.9,2.6,328.6,27.4726,1.0339,,0.9,0.0,2.8
2023-06-26 07:30:00,3.2,75.2,1003.2,0.7,1.1,79.5,32.5042,1.8764,,0.2,0.0,1.6
2023-06-26 08:00:00,3.8,71.3,1003.0,1.0,2.1,308.3,38.3262,2.3858,,0.5,0.0,3.1
2023-06-26 08:30:00,3.6,76.1,1002.7,0.6,1.4,54.1,44.1019,3.8205,,0.7,0.0,2.1
2023-06-26 09:00:00,4.8,71.2,1002.5,0.4,1.6,34.5,230.3554,35.2232,,3.5,0.0,12.0
2023-06-26 09:30:00,5.5,70.3,1002.3,0.6,1.1,44.4,273.1793,44.3263,,6.3,0.0,14.3
2023-06-26 10:00:00,6.6,66.4,1002.2,0.4,0.8,123.2,357.6172,58.2738,,9.3,0.0,18.5
2023-06-26 10:30:00,7.3,63.6,1002.2,0.8,1.5,175.5,408.5784,64.8134,,11.6,0.004,18.4
2023-06-26 11:00:00,7.0,65.4,1002.1,1.1,1.7,217.0,490.5622,75.9223,,13.4,0.007,18.6
2023-06-26 11:30:00,6.2,69.6,1001.8,1.1,2.0,173.8,523.7048,81.8402,,14.1,0.005,19.3
2023-06-26 12:00:00,6.5,68.5,1001.5,1.8,3.4,199.5,564.4873,85.108,,14.8,0.005,17.4
2023-06-26 12:30:00,6.0,63.4,1001.4,2.0,4.2,264.3,607.2348,89.8254,,15.1,0.006,18.0
2023-06-26 13:00:00,6.9,59.3,1001.3,2.0,2.9,245.1,642.2482,93.9539,,16.8,0.003,19.0
2023-06-26 13:30:00,7.0,58.9,1001.1,1.6,2.1,177.8,672.9358,97.5083,,18.2,0.005,20.1
2023-06-26 14:00:00,6.9,60.2,1000.8,1.7,2.3,142.0,697.0519,99.9402,0.143,18.7,0.005,19.8
2023-06-26 14:30:00,7.1,61.6,1000.5,2.1,3.3,111.6,716.9187,101.9219,0.142,18.8,0.009,21.1
2023-06-26 15:00:00,7.2,60.4,1000.2,2.7,3.6,81.0,729.0583,102.9408,0.141,18.5,0.006,20.4
2023-06-26 15:30:00,7.2,60.6,1000.2,2.9,3.9,81.5,736.0521,103.5608,0.141,18.5,0.007,20.2
2023-06-26 16:00:00,6.8,65.2,1000.3,3.1,4.0,77.1,735.7854,103.2134,0.14,18.1,0.007,19.9
2023-06-26 16:30:00,6.8,66.9,1000.4,3.5,4.8,77.8,729.4326,102.1146,0.14,17.3,0.006,18.7
2023-06-26 17:00:00,8.0,64.2,1000.1,2.7,5.1,85.6,717.4527,101.0085,0.141,19.1,0.005,16.9
2023-06-26 17:30:00,7.4,65.6,1000.1,3.0,5.3,87.3,698.924,97.8459,0.14,18.2,0.006,22.4
2023-06-26 18:00:00,7.4,67.5,1000.1,3.0,4.5,83.2,650.7699,91.1139,0.14,17.3,0.005,21.5
2023-06-26 18:30:00,7.5,70.4,1000.1,3.2,4.9,93.5,651.5216,91.7148,,17.1,0.004,22.3
2023-06-26 19:00:00,7.9,67.6,999.9,3.6,5.1,83.0,641.9329,90.2118,,16.5,0.002,23.6
2023-06-26 19:30:00,8.7,57.6,999.7,3.1,5.1,90.8,385.7153,51.3926,,13.8,0.009,16.0
2023-06-26 20:00:00,7.9,61.5,999.6,4.8,6.8,80.9,300.6212,36.5325,,11.6,0.01,11.5
2023-06-26 20:30:00,7.7,61.7,999.4,3.1,6.5,91.9,118.1881,12.608,,9.2,0.01,10.2
2023-06-26 21:00:00,8.1,59.0,999.2,2.2,5.9,83.5,137.9917,15.1667,,9.9,0.01,10.4
2023-06-26 21:30:00,8.4,59.0,999.3,5.0,8.2,83.5,73.162,6.7245,,8.5,0.009,9.4
2023-06-26 22:00:00,9.3,53.4,999.4,3.1,6.3,75.1,50.0318,4.0654,,8.5,0.008,10.0
2023-06-26 22:30:00,9.3,51.7,999.4,1.7,4.5,78.3,41.9025,3.1677,,8.5,0.006,9.7
2023-06-26 23:00:00,9.0,52.4,999.3,1.8,4.1,52.5,17.9509,2.7601,,7.3,0.01,7.8
2023-06-26 23:30:00,8.4,57.4,999.5,2.8,7.3,7.8,15.1592,3.7302,,6.5,0.008,7.0
2023-06-27 00:00:00,9.7,53.7,998.9,5.4,7.1,343.8,12.9814,2.2089,,6.9,0.006,8.8
2023-06-27 00:30:00,9.6,54.2,998.4,5.0,7.4,344.0,19.7998,0.5243,,7.1,0.01,9.3
2023-06-27 01:00:00,9.7,51.8,998.0,5.0,7.7,332.9,27.7909,1.4981,,7.2,0.008,9.4
2023-06-27 01:30:00,10.1,50.6,997.9,4.4,7.9,334.3,19.321,0.6452,,7.5,0.004,9.9
2023-06-27 02:00:00,9.9,55.2,997.7,1.9,3.9,20.4,19.3811,0.883,,7.6,0.005,9.5
2023-06-27 02:30:00,8.3,67.1,997.6,1.5,3.1,327.6,10.6014,0.5686,,6.7,0.005,7.2
2023-06-27 03:00:00,6.5,80.8,997.7,1.1,1.8,322.3,10.5442,1.8937,,5.9,0.004,6.0
2023-06-27 03:30:00,6.5,82.2,997.9,1.6,2.4,295.5,10.4688,2.1039,,5.7,0.002,5.7
2023-06-27 04:00:00,6.6,82.8,997.7,2.1,3.9,331.5,5.6257,1.499,,5.7,0.006,6.0
2023-06-27 04:30:00,7.3,77.5,997.2,2.1,3.4,16.3,0.5366,1.2752,,5.9,0.01,6.1
2023-06-27 05:00:00,7.5,75.7,997.2,2.1,3.4,41.6,0.9633,1.4947,,6.0,0.005,6.3
2023-06-27 05:30:00,6.8,80.9,997.5,1.7,4.8,359.0,3.8542,1.2159,,5.7,0.005,5.5
2023-06-27 06:00:00,5.2,90.7,998.1,2.5,4.6,278.7,8.059,0.8396,,5.0,0.013,4.8
2023-06-27 06:30:00,3.9,94.8,998.5,2.7,3.9,283.1,19.0115,1.5594,,4.2,0.013,4.5
2023-06-27 07:00:00,4.4,92.7,998.8,2.7,4.3,308.4,16.9685,1.3544,,4.5,0.014,4.9
2023-06-27 07:30:00,4.4,91.4,999.5,2.4,4.5,270.7,16.4359,1.4685,,4.4,0.014,4.5
2023-06-27 08:00:00,4.4,80.0,999.9,2.5,4.5,281.5,28.0344,3.555,,4.1,0.016,4.1
2023-06-27 08:30:00,4.1,78.2,1000.3,2.3,4.1,248.2,38.2305,4.4236,,4.0,0.015,3.9
2023-06-27 09:00:00,3.7,79.8,1000.7,1.3,4.0,172.9,70.4429,6.7746,,4.3,0.014,5.0
2023-06-27 09:30:00,3.3,83.7,1001.1,2.3,4.6,160.0,72.7453,5.9774,,4.3,0.014,4.0
2023-06-27 10:00:00,2.6,87.9,1001.6,3.2,4.6,157.9,53.8813,3.7748,,3.4,0.014,3.8
2023-06-27 10:30:00,2.6,89.1,1001.9,2.3,4.5,159.3,62.1815,4.8431,,3.6,0.014,3.8
2023-06-27 11:00:00,2.5,89.6,1002.6,3.4,6.8,167.7,62.7076,4.8922,,3.4,0.014,3.5
2023-06-27 11:30:00,2.6,88.6,1003.2,3.8,7.0,159.0,62.9991,4.7515,,3.3,0.014,3.7
2023-06-27 12:00:00,2.5,88.7,1003.8,4.3,7.5,172.0,62.6869,4.389,,3.2,0.013,3.3
2023-06-27 12:30:00,2.3,89.5,1004.5,4.7,6.6,170.5,53.8258,3.3833,,2.9,0.012,3.4
2023-06-27 13:00:00,2.4,89.6,1004.9,3.4,5.8,182.6,77.6199,5.822,,3.4,0.012,3.9
2023-06-27 13:30:00,2.5,88.2,1005.1,3.5,4.5,182.0,101.0407,8.0486,,3.8,0.013,4.6
2023-06-27 14:00:00,2.5,88.5,1005.3,2.5,4.4,189.2,111.5502,9.3862,0.084,4.2,0.014,4.9
2023-06-27 14:30:00,2.4,88.9,1005.6,1.7,3.1,196.0,122.0629,10.9808,0.09,4.8,0.013,5.1
2023-06-27 15:00:00,2.6,88.6,1005.9,1.8,2.8,140.8,114.8247,10.2159,0.089,4.8,0.015,5.5
2023-06-27 15:30:00,2.9,87.5,1006.1,1.5,2.5,116.9,137.0778,12.9044,0.094,5.4,0.015,6.3
2023-06-27 16:00:00,3.2,86.1,1006.2,1.4,2.6,93.5,187.8419,19.0973,0.101,6.5,0.011,7.7
2023-06-27 16:30:00,3.7,83.5,1006.3,1.6,2.9,60.3,207.2595,21.6223,0.104,7.1,0.004,7.3
2023-06-27 17:00:00,4.2,79.7,1006.3,1.0,2.1,97.9,117.0768,11.5694,0.099,6.4,0.002,7.3
2023-06-27 17:30:00,4.3,80.9,1006.3,1.6,2.7,102.9,162.5659,16.3935,0.101,6.8,0.002,7.3
2023-06-27 18:00:00,4.0,83.2,1006.3,1.9,3.0,64.7,168.8851,16.8407,0.1,6.5,0.002,7.4
2023-06-27 18:30:00,4.2,81.3,1006.2,2.3,3.7,70.9,137.7296,13.3371,,6.3,0.002,6.2
2023-06-27 19:00:00,3.9,83.7,1006.3,3.5,4.6,81.1,99.8925,8.9503,,5.2,0.002,5.7
2023-06-27 19:30:00,3.8,88.1,1006.2,3.5,6.3,80.1,104.0584,10.0591,,4.8,0.002,5.7
2023-06-27 20:00:00,3.8,87.4,1006.1,4.1,6.5,80.3,132.8907,13.15,,5.1,0.0,5.5
2023-06-27 20:30:00,3.8,86.7,1006.1,4.1,5.7,77.4,79.5514,7.2265,,4.6,0.0,5.1
2023-06-27 21:00:00,3.8,87.3,1006.2,3.8,5.4,76.1,58.0047,4.7194,,4.3,0.0,4.8
2023-06-27 21:30:00,3.9,85.2,1006.3,3.1,5.1,71.6,35.3618,2.3573,,4.1,0.0,4.7
2023-06-27 22:00:00,4.1,83.1,1006.3,3.4,5.4,78.6,30.5808,1.7548,,4.0,0.0,4.7
2023-06-27 22:30:00,4.0,85.8,1006.2,2.5,3.9,81.4,29.0229,1.8682,,4.0,0.0,4.7
2023-06-27 23:00:00,4.3,83.0,1006.3,2.1,3.5,74.6,32.1731,2.6422,,4.2,0.001,5.1
2023-06-27 23:30:00,4.6,81.4,1006.4,1.6,3.5,74.7,40.0573,4.2888,,4.6,0.001,5.1
2023-06-28 00:00:00,4.6,82.2,1006.5,1.4,3.3,48.0,31.0974,3.4392,,4.4,0.001,4.8
2023-06-28 00:30:00,4.6,82.8,1006.6,1.4,2.8,92.3,18.0726,1.8888,,4.2,0.002,4.5
2023-06-28 01:00:00,4.5,83.8,1006.6,1.2,2.3,76.7,11.4472,1.2587,,4.0,0.003,4.2
2023-06-28 01:30:00,4.1,87.4,1006.6,0.9,1.9,18.2,8.8723,1.0496,,3.7,0.014,3.9
2023-06-28 02:00:00,4.0,86.3,1006.5,1.1,2.0,13.3,4.4999,0.4077,,3.4,0.013,3.7
2023-06-28 02:30:00,4.0,84.9,1006.5,1.2,1.8,16.1,3.7182,0.0657,,3.1,0.013,3.5
2023-06-28 03:00:00,3.3,89.2,1006.5,1.0,1.8,306.8,8.2229,0.2898,,2.8,0.012,3.2
2023-06-28 03:30:00,3.0,93.7,1006.5,1.3,2.3,337.2,10.1605,0.459,,2.7,0.01,3.2
2023-06-28 04:00:00,3.2,90.0,1006.3,0.8,1.6,340.3,7.0391,0.0,,2.6,0.009,3.0
2023-06-28 04:30:00,2.9,93.4,1006.5,0.6,1.5,322.8,7.4878,0.0707,,2.3,0.009,2.6
2023-06-28 05:00:00,2.8,92.3,1006.7,0.4,1.0,336.8,12.4195,0.5018,,2.1,0.008,2.5
2023-06-28 05:30:00,2.7,91.9,1006.8,0.5,1.0,311.1,9.9776,0.2128,,2.1,0.01,2.5
2023-06-28 06:00:00,2.8,90.7,1007.1,0.5,1.2,350.1,15.6646,0.6534,,2.3,0.013,2.9
2023-06-28 06:30:00,3.2,84.0,1007.4,1.0,1.6,28.9,18.0516,0.7891,,2.6,0.013,3.2
2023-06-28 07:00:00,3.6,79.4,1007.6,1.3,2.4,41.0,25.3444,1.3613,,2.8,0.012,3.8
2023-06-28 07:30:00,4.0,74.8,1007.6,1.7,2.7,33.0,48.6811,3.8004,,3.5,0.013,4.7
2023-06-28 08:00:00,4.3,71.6,1007.7,1.8,2.8,22.4,48.4673,3.6985,,3.7,0.012,5.0
2023-06-28 08:30:00,4.5,72.2,1007.8,1.7,2.6,6.6,76.86,6.7623,,4.3,0.012,6.2
2023-06-28 09:00:00,4.8,74.9,1008.0,1.2,2.5,12.2,78.3859,7.1789,,5.1,0.012,6.5
2023-06-28 09:30:00,4.9,78.3,1008.2,0.9,2.3,147.0,93.4343,9.1322,,5.9,0.01,6.9
2023-06-28 10:00:00,4.8,79.3,1008.4,0.7,2.0,111.7,102.7622,10.4191,,6.2,0.001,7.8
2023-06-28 10:30:00,4.4,82.5,1008.5,2.5,4.1,78.5,146.6613,14.9139,,6.2,0.0,6.7
2023-06-28 11:00:00,4.5,83.0,1008.7,2.3,3.8,79.9,121.7726,12.14,,5.8,0.0,7.0
2023-06-28 11:30:00,4.6,82.0,1008.9,2.4,3.8,101.2,91.843,8.3789,,5.6,0.0,6.6
2023-06-28 12:00:00,4.6,86.4,1009.0,2.2,3.4,106.5,147.8858,15.1977,,6.5,0.0,8.0
2023-06-28 12:30:00,4.7,86.0,1009.1,2.1,3.0,79.9,139.6544,14.3232,,6.7,0.0,7.9
2023-06-28 13:00:00,5.0,81.1,1009.0,1.7,2.7,83.9,254.9914,28.9637,,8.8,0.0,10.1
2023-06-28 13:30:00,5.1,79.4,1008.8,1.6,3.7,331.5,175.6972,19.0933,,8.0,0.0,8.5
2023-06-28 14:00:00,4.8,83.4,1008.8,2.5,4.4,80.3,153.7455,15.8112,0.102,7.0,0.0,8.2
2023-06-28 14:30:00,4.9,82.4,1008.5,2.3,4.2,97.9,214.5837,23.3344,0.109,7.7,0.0,8.7
2023-06-28 15:00:00,5.1,78.1,1008.2,2.6,4.3,82.0,271.1739,30.1174,0.109,8.2,0.0,10.7
2023-06-28 15:30:00,5.5,78.7,1008.0,2.0,4.0,87.8,347.0677,40.4408,0.116,10.1,0.016,10.5
2023-06-28 16:00:00,5.4,79.9,1007.9,3.2,4.3,76.9,220.238,23.6687,0.107,8.2,0.017,8.6
2023-06-28 16:30:00,5.4,81.7,1007.6,2.6,3.5,74.7,266.3111,29.7883,0.111,8.7,0.017,10.5
2023-06-28 17:00:00,6.2,80.0,1007.3,2.9,4.4,80.3,586.5089,75.937,0.127,12.8,0.013,17.8
2023-06-28 17:30:00,6.8,74.1,1006.9,4.1,5.7,75.3,703.0007,94.3138,0.133,14.2,0.005,20.6
2023-06-28 18:00:00,7.2,70.8,1006.4,4.5,7.0,82.1,668.0753,90.7471,0.135,14.1,0.0,21.3
2023-06-28 18:30:00,7.2,69.2,1005.9,5.3,7.3,79.4,682.8694,94.0865,,13.8,0.002,21.3
2023-06-28 19:00:00,7.0,70.3,1005.5,5.0,7.1,78.0,512.0109,68.9049,,12.3,0.007,15.5
2023-06-28 19:30:00,6.7,71.0,1005.1,5.5,6.9,78.1,340.647,43.1506,,9.8,0.0,15.5
2023-06-28 20:00:00,7.0,69.9,1004.8,5.9,8.0,81.8,533.052,73.1503,,11.8,0.0,14.5
2023-06-28 20:30:00,7.0,69.1,1004.4,5.6,7.3,79.2,398.0338,53.2395,,10.4,0.0,15.5
2023-06-28 21:00:00,7.8,60.1,1004.0,5.1,6.6,81.5,348.0108,45.838,,10.5,0.0,16.7
2023-06-28 21:30:00,8.3,53.7,1003.6,5.2,6.1,78.9,355.652,49.1836,,10.5,0.0,14.5
2023-06-28 22:00:00,8.1,51.5,1003.2,4.5,6.9,83.3,202.4272,25.5898,,8.7,0.0,14.3
2023-06-28 22:30:00,8.7,45.2,1002.8,4.4,6.0,83.4,261.6491,37.0389,,8.8,0.0,15.7
2023-06-28 23:00:00,8.4,51.2,1002.5,4.1,6.0,86.7,164.271,21.5113,,7.9,0.0,10.2
2023-06-28 23:30:00,8.4,55.5,1002.2,3.2,5.6,89.7,113.4695,13.3829,,8.0,0.0,10.1
2023-06-29 00:00:00,8.7,54.0,1002.2,2.9,5.6,92.7,66.259,6.9187,,7.9,0.0,9.4
2023-06-29 00:30:00,8.4,56.3,1002.1,2.8,5.3,90.6,50.0044,4.941,,7.4,0.0,9.2
2023-06-29 01:00:00,8.2,58.4,1002.0,1.5,3.7,79.9,39.4681,3.8989,,7.0,0.0,8.5
2023-06-29 01:30:00,7.7,60.7,1001.8,1.6,2.9,351.3,21.0864,1.4865,,6.5,0.0,7.8
2023-06-29 02:00:00,7.4,61.8,1001.7,1.3,2.5,12.1,7.7568,0.1728,,6.0,0.0,6.9
2023-06-29 02:30:00,5.9,72.1,1001.7,1.9,3.2,333.6,0.8976,0.3198,,4.9,0.001,5.5
2023-06-29 03:00:00,7.4,63.4,1001.4,1.6,3.1,36.0,0.7259,0.0,,5.4,0.007,6.8
2023-06-29 03:30:00,6.9,64.1,1001.2,1.8,3.4,5.7,0.0,0.0,,5.1,0.006,6.6
2023-06-29 04:00:00,7.0,65.6,1001.1,1.7,4.3,22.8,0.0,0.7746,,5.1,0.0,6.2
2023-06-29 04:30:00,7.0,67.9,1001.0,1.7,3.7,17.0,1.864,0.9872,,5.2,0.0,6.3
2023-06-29 05:00:00,6.7,69.7,1000.9,2.5,4.6,70.9,8.6972,1.4726,,5.1,0.0,6.1
2023-06-29 05:30:00,5.5,79.5,1001.2,2.3,4.9,116.1,10.9508,1.5858,,4.7,0.0,4.7
2023-06-29 06:00:00,4.5,88.1,1001.3,1.8,3.0,339.2,8.4305,0.9399,,4.2,0.0,4.5
2023-06-29 06:30:00,4.9,84.0,1001.3,2.0,3.7,13.3,7.399,0.8951,,4.3,0.0,4.7
2023-06-29 07:00:00,5.0,83.6,1001.4,1.5,2.4,17.5,11.4817,0.8097,,4.4,0.0,4.8
2023-06-29 07:30:00,5.2,81.6,1001.2,1.6,2.9,356.0,14.789,0.5983,,4.5,0.0,5.1
2023-06-29 08:00:00,5.1,82.8,1001.4,0.8,2.3,289.8,10.6983,0.4493,,4.4,0.0,4.6
2023-06-29 08:30:00,4.5,87.3,1001.6,1.3,2.1,330.5,16.7372,1.5999,,4.3,0.0,4.7
2023-06-29 09:00:00,4.5,87.9,1001.6,0.8,1.5,330.7,29.7575,2.5301,,4.6,0.008,5.1
2023-06-29 09:30:00,4.3,92.3,1001.8,0.9,1.7,296.9,64.5027,5.9273,,5.2,0.006,5.8
2023-06-29 10:00:00,4.0,93.8,1002.0,1.5,2.5,229.2,75.6987,6.7568,,5.4,0.009,4.9
2023-06-29 10:30:00,3.3,95.8,1002.2,1.5,2.2,259.0,70.2934,5.9312,,4.7,0.008,4.9
2023-06-29 11:00:00,3.2,96.0,1002.3,1.3,2.3,302.2,104.9373,9.3706,,5.2,0.009,5.8
2023-06-29 11:30:00,3.3,95.5,1002.4,1.4,2.2,247.9,82.3712,7.2105,,5.2,0.006,5.1
2023-06-29 12:00:00,3.2,96.0,1002.4,1.3,2.1,256.8,120.9863,10.6138,,5.5,0.006,5.9
2023-06-29 12:30:00,3.3,95.9,1002.5,1.1,2.3,197.7,148.016,13.2163,,6.3,0.005,6.2
2023-06-29 13:00:00,3.5,93.8,1002.5,1.3,3.8,47.7,170.5622,15.4836,,6.7,0.007,7.0
2023-06-29 13:30:00,4.8,81.5,1002.2,1.5,3.3,2.6,209.4746,20.2431,,7.6,0.009,8.0
2023-06-29 14:00:00,4.4,87.1,1002.4,2.1,4.0,289.8,248.2134,23.6916,0.095,7.7,0.007,8.1
2023-06-29 14:30:00,3.4,93.7,1002.7,2.4,3.4,264.0,268.0399,25.9822,0.097,7.7,0.008,8.0
2023-06-29 15:00:00,3.4,93.1,1002.7,2.3,3.0,257.8,251.3703,24.9499,0.099,7.6,0.007,7.9
2023-06-29 15:30:00,3.5,92.7,1002.6,1.9,3.1,243.4,371.9799,40.0716,0.107,9.2,0.007,11.3
2023-06-29 16:00:00,3.7,91.5,1002.7,2.6,4.4,242.1,281.839,31.4123,0.111,8.7,0.007,8.2
2023-06-29 16:30:00,3.4,92.2,1002.9,3.0,4.4,251.7,336.0266,38.6004,0.115,8.4,0.006,10.4
2023-06-29 17:00:00,3.9,89.3,1002.9,3.0,4.3,247.6,626.1578,78.835,0.126,12.1,0.007,15.5
2023-06-29 17:30:00,4.6,85.1,1002.9,2.9,3.8,253.7,530.0664,68.6411,0.129,12.5,0.004,14.0
2023-06-29 18:00:00,4.6,81.6,1003.1,2.5,3.5,260.2,491.0612,64.615,0.131,12.1,0.0,13.7
2023-06-29 18:30:00,5.2,78.9,1003.3,2.4,3.9,253.3,531.1715,70.3947,,13.3,0.002,15.2
2023-06-29 19:00:00,5.1,80.5,1003.4,2.3,3.2,250.9,372.4459,47.6663,,11.7,0.001,12.2
2023-06-29 19:30:00,5.2,79.3,1003.7,2.0,2.9,267.1,315.1273,40.0891,,10.8,0.002,14.0
2023-06-29 20:00:00,4.8,80.8,1003.9,2.1,3.2,263.3,252.467,31.509,,10.1,0.006,9.5
2023-06-29 20:30:00,4.2,85.8,1004.2,2.5,3.4,263.8,312.2767,41.1073,,9.4,0.001,12.5
2023-06-29 21:00:00,4.6,83.2,1004.3,2.7,3.9,261.1,340.657,46.3743,,9.7,0.002,14.7
2023-06-29 21:30:00,5.2,80.2,1004.5,2.4,3.7,253.4,415.8765,61.0142,,10.6,0.003,20.7
2023-06-29 22:00:00,4.9,81.1,1004.7,3.0,3.8,255.0,370.3629,53.4307,,10.1,0.0,10.7
2023-06-29 22:30:00,3.0,90.9,1005.1,2.9,4.3,260.6,171.1088,22.3546,,6.4,0.002,7.2
2023-06-29 23:00:00,2.5,92.7,1005.4,2.6,4.0,276.2,252.9379,36.8212,,6.1,0.004,8.3
2023-06-29 23:30:00,3.0,90.0,1005.6,2.7,4.2,277.7,252.959,36.9744,,6.7,0.004,6.3
2023-06-30 00:00:00,2.3,94.1,1005.8,2.7,3.8,279.2,82.8715,9.8008,,3.2,0.003,2.8
2023-06-30 00:30:00,1.5,96.4,1006.2,2.4,4.1,296.8,35.0487,3.0937,,2.0,0.002,2.1
2023-06-30 01:00:00,1.3,96.7,1006.5,2.2,3.2,268.1,24.4719,1.6206,,1.5,0.002,1.8
2023-06-30 01:30:00,1.0,97.3,1006.9,2.8,4.1,273.8,19.3715,1.1892,,1.3,0.002,1.5
2023-06-30 02:00:00,0.5,97.5,1007.3,2.9,4.2,260.7,12.7103,0.2111,,1.3,0.002,1.0
2023-06-30 02:30:00,0.2,97.8,1007.6,2.4,3.3,260.5,12.2879,0.4922,,0.8,0.002,0.8
2023-06-30 03:00:00,-0.1,97.8,1008.2,3.1,4.3,263.6,8.5889,0.0,,0.8,0.003,0.7
2023-06-30 03:30:00,-0.2,97.9,1008.6,3.2,4.5,275.2,7.5555,0.0,,0.6,0.004,0.5
2023-06-30 04:00:00,-0.3,98.0,1008.8,2.4,3.7,266.8,9.7474,0.2424,,0.2,0.005,0.4
2023-06-30 04:30:00,-0.1,98.0,1009.3,1.7,2.9,294.2,11.7215,0.6055,,0.3,0.006,0.4
2023-06-30 05:00:00,0.2,97.9,1009.3,1.4,2.5,306.8,16.9013,1.4434,,0.0,0.008,0.6
2023-06-30 05:30:00,0.6,97.4,1009.6,1.1,3.2,282.7,22.7641,2.2193,,1.1,0.009,1.7
2023-06-30 06:00:00,1.6,94.0,1010.0,1.5,2.6,268.5,18.9894,1.6966,,2.0,0.009,2.4
2023-06-30 06:30:00,1.9,93.6,1010.3,1.2,1.9,304.0,35.2097,3.7491,,2.4,0.008,3.1
2023-06-30 07:00:00,2.3,91.7,1010.6,1.3,2.2,267.0,84.7779,11.0129,,3.5,0.007,4.4
2023-06-30 07:30:00,2.5,92.2,1011.0,0.7,2.2,106.8,86.4404,11.1317,,4.2,0.006,4.7
2023-06-30 08:00:00,2.7,92.0,1011.2,0.9,1.7,114.0,92.5088,11.6054,,4.3,0.005,4.9
2023-06-30 08:30:00,2.7,91.7,1011.5,0.7,1.3,118.8,77.8618,8.9343,,4.3,0.005,5.0
2023-06-30 09:00:00,3.0,89.6,1011.9,0.5,1.4,193.9,71.3278,8.2047,,4.8,0.003,5.0
2023-06-30 09:30:00,2.8,88.9,1012.2,1.1,2.9,195.1,81.9116,9.0312,,4.7,0.002,4.9
2023-06-30 10:00:00,2.4,91.6,1012.6,1.6,2.4,180.1,70.8857,7.4225,,4.2,0.002,4.6
2023-06-30 10:30:00,2.3,92.2,1013.0,1.5,2.3,155.2,56.4572,5.5697,,3.9,0.002,4.1
2023-06-30 11:00:00,2.2,92.8,1013.2,1.6,2.2,145.8,91.0934,10.1928,,4.3,0.004,5.2
2023-06-30 11:30:00,2.3,89.7,1013.4,2.0,2.9,138.2,187.9509,22.8411,,5.9,0.003,7.1
2023-06-30 12:00:00,2.5,87.9,1013.6,2.1,3.0,141.5,312.7153,39.8516,,7.9,0.002,9.5
2023-06-30 12:30:00,2.7,86.3,1013.8,2.1,2.6,145.8,403.0912,53.6164,,9.7,0.003,10.9
2023-06-30 13:00:00,2.8,85.5,1014.1,1.8,2.8,134.5,388.4346,50.7263,,10.2,0.0,11.6
2023-06-30 13:30:00,2.9,85.2,1014.3,2.1,2.6,153.6,376.5948,48.0275,,10.1,0.0,10.4
2023-06-30 14:00:00,2.9,83.5,1014.5,1.6,2.2,173.9,434.779,57.8217,0.133,11.4,0.001,13.3
2023-06-30 14:30:00,3.2,80.3,1014.5,1.5,2.5,181.1,542.0346,74.834,0.138,13.6,0.003,14.6
2023-06-30 15:00:00,3.2,79.8,1014.5,1.9,2.6,180.5,447.6531,59.494,0.133,12.2,0.001,12.1
2023-06-30 15:30:00,3.3,80.9,1014.5,1.8,2.4,177.5,444.5756,58.5084,0.131,12.1,0.004,13.7
2023-06-30 16:00:00,3.9,78.4,1014.6,2.2,3.5,210.2,503.8611,67.3528,0.134,13.2,0.003,15.0
2023-06-30 16:30:00,4.1,76.6,1014.6,2.5,4.4,247.1,569.7297,77.6761,0.136,13.9,0.003,15.6
2023-06-30 17:00:00,4.0,77.2,1014.7,2.9,4.4,254.9,539.6256,72.914,0.135,13.2,0.005,13.5
2023-06-30 17:30:00,4.0,78.3,1014.8,3.3,4.8,251.4,505.743,68.059,0.134,12.1,0.005,14.2
2023-06-30 18:00:00,4.1,77.5,1014.8,3.5,4.6,256.0,542.2723,74.4959,0.137,12.5,0.004,13.9
2023-06-30 18:30:00,4.3,73.7,1015.0,3.5,4.8,250.8,507.5587,68.8841,,12.2,0.002,13.4
2023-06-30 19:00:00,4.5,71.1,1015.0,3.2,5.3,258.6,405.6985,54.7481,,10.9,0.003,12.1
2023-06-30 19:30:00,4.6,69.5,1015.1,3.3,4.4,255.6,409.2879,55.5241,,11.0,0.001,14.8
2023-06-30 20:00:00,5.2,70.1,1015.2,3.1,4.2,255.3,572.4897,82.5003,,13.3,0.001,20.2
2023-06-30 20:30:00,4.7,73.4,1015.4,3.2,4.2,252.1,504.9125,74.4696,,11.8,0.003,20.1
2023-06-30 21:00:00,4.9,70.4,1015.6,3.2,4.2,253.5,452.2264,67.2145,,11.0,0.0,19.4
2023-06-30 21:30:00,5.1,66.2,1015.8,2.9,4.2,250.3,363.0628,53.9799,,9.8,0.001,18.3
2023-06-30 22:00:00,5.3,65.4,1015.9,2.2,3.2,255.0,335.8559,51.2866,,9.5,0.001,18.9
2023-06-30 22:30:00,5.4,63.6,1015.9,2.2,3.2,255.7,301.8879,46.6571,,8.8,0.0,16.5
2023-06-30 23:00:00,5.6,61.8,1016.0,1.9,3.0,255.2,251.7596,38.9889,,8.1,0.0,10.1
2023-06-30 23:30:00,5.2,64.2,1016.2,2.0,2.6,261.0,192.9527,29.4955,,6.5,0.0,8.0
2023-07-01 00:00:00,4.6,69.4,1016.3,2.2,2.9,274.3,80.4203,9.4436,,4.1,0.0,5.0
2023-07-01 00:30:00,4.4,68.8,1016.5,1.2,2.7,298.8,52.3574,5.9566,,3.3,0.0,5.5
2023-07-01 01:00:00,4.7,68.2,1016.5,1.2,2.1,282.3,61.7842,8.0263,,4.8,0.0,6.0
2023-07-01 01:30:00,4.7,70.4,1016.6,0.6,1.5,263.6,44.3765,5.6322,,4.5,0.0,5.4
2023-07-01 02:00:00,4.5,72.4,1016.7,0.8,1.3,329.9,31.523,3.7122,,4.1,0.0,4.8
2023-07-01 02:30:00,4.2,74.3,1016.8,0.4,0.8,302.2,22.4692,2.4711,,2.7,0.0,3.0
2023-07-01 03:00:00,4.3,72.0,1017.0,0.4,1.5,317.6,15.4069,1.0702,,2.9,0.0,3.8
2023-07-01 03:30:00,4.9,68.3,1017.1,1.3,2.8,2.2,8.8237,0.0,,3.5,0.002,5.1
2023-07-01 04:00:00,4.8,69.0,1017.2,1.6,3.2,59.6,7.1617,0.0,,3.8,0.001,4.4
2023-07-01 04:30:00,4.2,72.9,1017.4,1.9,3.6,59.0,6.8951,0.3703,,3.3,0.005,4.2
2023-07-01 05:00:00,4.4,72.6,1017.5,1.3,3.0,48.2,10.893,0.4191,,3.5,0.004,4.6
2023-07-01 05:30:00,4.2,74.1,1017.6,1.4,2.2,62.9,13.5539,0.5915,,3.6,0.003,4.4
2023-07-01 06:00:00,4.2,74.5,1017.6,1.7,2.7,47.8,30.1175,3.1784,,3.8,0.003,5.0
2023-07-01 06:30:00,4.6,72.6,1017.7,1.8,3.0,349.8,55.3206,7.1138,,4.4,0.001,5.6
2023-07-01 07:00:00,4.6,73.9,1017.8,1.1,1.4,325.2,62.2562,8.0315,,4.5,0.001,5.8
2023-07-01 07:30:00,4.9,71.5,1017.9,1.2,2.1,318.3,70.3993,8.6639,,5.2,0.001,6.3
2023-07-01 08:00:00,4.3,78.7,1018.0,0.5,1.2,195.3,74.8904,9.498,,5.5,0.002,6.4
2023-07-01 08:30:00,4.4,77.6,1018.2,0.6,2.1,253.0,82.7471,10.4525,,5.9,0.003,6.8
2023-07-01 09:00:00,4.5,82.0,1018.2,1.9,3.0,266.3,97.2792,12.0576,,5.9,0.003,6.6
2023-07-01 09:30:00,4.4,83.5,1018.3,1.8,2.9,263.5,115.3158,14.4208,,6.3,0.004,7.1
2023-07-01 10:00:00,4.2,83.8,1018.3,2.1,3.3,260.9,124.5376,15.5041,,6.4,0.004,7.1
2023-07-01 10:30:00,4.2,81.7,1018.3,2.3,3.3,265.5,156.5422,19.805,,6.8,0.003,7.5
2023-07-01 11:00:00,4.3,84.1,1018.2,2.1,2.9,275.1,199.0727,25.8425,,7.8,0.004,9.3
2023-07-01 11:30:00,4.6,84.1,1018.1,2.4,3.5,254.9,260.2046,34.3885,,8.9,0.003,9.5
2023-07-01 12:00:00,4.7,83.6,1018.0,2.1,3.5,258.1,328.877,44.6831,,10.3,0.003,11.3
2023-07-01 12:30:00,5.3,81.1,1017.9,2.5,3.4,251.5,361.3255,49.1326,,11.3,0.002,12.4
2023-07-01 13:00:00,5.4,80.0,1017.8,2.5,3.7,253.2,442.8551,61.5398,,12.5,0.002,14.3
2023-07-01 13:30:00,6.1,77.7,1017.6,2.0,2.9,235.6,594.654,86.5623,,15.6,0.003,18.5
2023-07-01 14:00:00,7.0,72.6,1017.4,2.3,2.9,229.4,538.57,77.7306,0.144,15.6,0.002,17.3
2023-07-01 14:30:00,6.5,73.6,1017.4,3.0,4.2,259.8,660.5801,97.7021,0.147,16.2,0.001,19.4
2023-07-01 15:00:00,7.3,69.7,1017.2,2.9,3.8,254.0,772.1226,114.4935,0.148,18.6,0.003,21.3
2023-07-01 15:30:00,7.7,65.8,1017.1,3.6,4.6,267.6,743.5002,106.9166,0.143,18.5,0.0,19.2
2023-07-01 16:00:00,7.0,69.3,1016.9,3.9,5.9,264.1,733.0028,105.2561,0.143,17.1,0.0,19.8
2023-07-01 16:30:00,6.6,69.5,1016.8,4.9,6.5,261.2,720.8036,102.5954,0.142,16.0,0.0,17.2
2023-07-01 17:00:00,5.9,73.3,1016.7,4.9,7.2,261.7,611.9716,85.0596,0.138,14.0,0.0,14.2
2023-07-01 17:30:00,5.7,74.3,1016.6,4.1,6.3,260.3,517.9211,70.2591,0.135,13.0,0.0,13.4
2023-07-01 18:00:00,5.9,72.0,1016.6,4.1,6.5,257.7,432.8295,58.1609,0.134,12.0,0.0,13.8
2023-07-01 18:30:00,6.2,68.3,1016.6,4.5,6.8,261.9,423.1617,57.3374,,11.6,0.0,15.8
2023-07-01 19:00:00,6.8,67.7,1016.6,4.2,5.4,261.2,535.8469,74.903,,13.5,0.0,16.3
2023-07-01 19:30:00,6.0,74.9,1016.9,3.6,6.2,262.0,501.0598,70.5762,,12.9,0.0,17.7
2023-07-01 20:00:00,6.4,73.5,1017.1,2.8,4.0,261.0,441.5135,62.0821,,13.4,0.0,17.4
2023-07-01 20:30:00,6.2,77.0,1017.4,2.5,3.6,122.2,415.596,58.5828,,13.0,0.0,17.3
2023-07-01 21:00:00,6.2,80.4,1017.5,2.2,3.1,141.4,406.5921,58.5528,,12.9,0.0,16.7
2023-07-01 21:30:00,6.0,81.6,1017.8,1.5,2.5,138.4,291.5234,41.5875,,11.3,0.0,14.3
2023-07-01 22:00:00,5.8,84.1,1017.9,2.2,4.7,112.8,243.486,34.5518,,9.7,0.0,13.7
2023-07-01 22:30:00,5.6,84.0,1018.0,4.5,6.4,81.5,265.1663,38.5949,,8.4,0.0,11.8
2023-07-01 23:00:00,5.2,84.3,1018.2,4.6,6.5,80.5,160.2251,22.072,,6.5,0.0,7.9
2023-07-01 23:30:00,4.9,83.8,1018.3,4.5,6.6,84.9,115.2777,15.4346,,5.4,0.0,6.5
2023-07-02 00:00:00,4.6,86.1,1018.6,3.8,6.6,88.8,70.7456,8.5786,,4.5,0.0,5.4
2023-07-02 00:30:00,4.4,86.0,1018.8,1.8,6.6,65.9,39.8533,4.0649,,3.5,0.0,4.4
2023-07-02 01:00:00,4.3,81.7,1019.1,1.7,4.1,79.4,26.3041,2.028,,2.9,0.0,3.9
2023-07-02 01:30:00,4.2,80.3,1019.3,0.9,2.0,39.3,20.2063,1.3816,,2.3,0.0,3.9
2023-07-02 02:00:00,4.3,78.6,1019.6,1.5,3.0,60.4,16.1174,0.9896,,2.3,0.0,3.5
2023-07-02 02:30:00,4.1,80.7,1019.9,1.5,2.7,78.9,12.9198,0.7281,,1.9,0.0,3.1
2023-07-02 03:00:00,3.9,82.2,1020.0,1.5,2.5,60.7,10.7766,0.5386,,1.7,0.0,3.1
2023-07-02 03:30:00,3.8,81.2,1019.8,1.4,2.9,41.2,9.717,0.3658,,1.3,0.0,3.1
2023-07-02 04:00:00,5.0,71.6,1019.6,2.6,4.4,15.1,9.6464,0.4092,,2.3,0.001,5.0
2023-07-02 04:30:00,6.1,64.3,1019.4,3.7,7.6,327.2,9.5739,0.2205,,3.2,0.0,5.5
2023-07-02 05:00:00,6.1,64.8,1019.6,2.7,5.9,344.0,11.2191,0.3043,,3.0,0.0,5.2
2023-07-02 05:30:00,4.3,80.1,1019.7,0.9,1.9,288.6,13.5434,0.5727,,1.1,0.0,2.4
2023-07-02 06:00:00,4.9,73.7,1019.8,2.3,7.1,299.5,17.8744,1.0588,,1.9,0.0,4.2
2023-07-02 06:30:00,5.3,71.5,1019.7,2.9,7.1,298.9,20.9901,1.0196,,2.5,0.0,3.4
2023-07-02 07:00:00,3.7,81.5,1019.7,1.0,2.6,290.5,26.5151,1.4836,,0.8,0.0,2.5
2023-07-02 07:30:00,5.0,72.9,1019.6,2.2,4.3,280.8,31.2062,1.8193,,2.2,0.0,3.7
2023-07-02 08:00:00,3.8,82.2,1019.5,0.9,1.9,317.6,36.3114,2.2591,,1.0,0.0,2.6
2023-07-02 08:30:00,4.4,78.0,1019.6,0.7,1.3,317.0,41.9601,3.2959,,1.1,0.0,3.1
2023-07-02 09:00:00,5.4,75.2,1019.4,0.8,1.5,319.5,228.6558,37.2507,,4.7,0.0,13.4
2023-07-02 09:30:00,6.5,70.1,1019.5,0.8,1.6,177.5,315.6512,56.2187,,8.5,0.0,17.5
2023-07-02 10:00:00,6.2,74.6,1019.5,0.9,2.0,191.0,365.8921,64.1981,,10.1,0.0,17.4
2023-07-02 10:30:00,6.5,68.7,1019.8,1.0,1.7,201.2,417.1234,71.7338,,11.7,0.0,19.0
2023-07-02 11:00:00,7.4,65.0,1019.8,1.4,2.3,144.8,467.2762,77.6282,,13.3,0.0,19.3
2023-07-02 11:30:00,7.0,70.2,1019.8,2.5,3.3,138.0,515.723,83.381,,13.5,0.002,18.3
2023-07-02 12:00:00,7.3,67.7,1019.8,2.7,3.4,132.6,560.4797,88.3282,,14.6,0.005,19.1
2023-07-02 12:30:00,7.5,66.2,1019.8,3.1,4.2,132.6,602.1917,92.8507,,15.2,0.003,18.8
2023-07-02 13:00:00,8.1,61.6,1019.8,3.0,4.2,101.3,638.9684,97.8565,,16.4,0.003,19.7
2023-07-02 13:30:00,8.1,61.1,1019.9,3.8,4.8,84.1,669.7003,101.1237,,16.5,0.003,18.9
2023-07-02 14:00:00,8.0,63.5,1020.0,4.2,6.4,81.7,695.5948,104.1173,0.15,16.4,0.003,18.9
2023-07-02 14:30:00,8.9,57.7,1020.1,5.2,7.5,78.4,715.2667,105.6684,0.148,16.1,0.002,19.1
2023-07-02 15:00:00,9.1,53.4,1020.1,5.8,8.5,78.4,731.0836,107.1374,0.147,16.2,0.0,19.5
2023-07-02 15:30:00,9.3,49.5,1020.0,7.0,9.3,77.6,740.3038,107.7904,0.146,15.8,0.001,19.7
2023-07-02 16:00:00,9.4,50.7,1019.8,6.5,11.1,78.7,741.9199,107.4419,0.145,16.1,0.0,19.6
2023-07-02 16:30:00,9.2,51.2,1019.7,7.4,9.6,76.0,734.7601,106.6175,0.145,15.7,0.002,19.9
2023-07-02 17:00:00,9.0,52.7,1019.7,7.0,9.6,78.4,724.4861,105.1028,0.145,15.3,0.0,16.3
2023-07-02 17:30:00,9.5,50.2,1019.8,6.4,8.7,77.1,706.5252,102.7131,0.145,15.9,0.008,20.7
2023-07-02 18:00:00,9.5,48.7,1019.6,6.4,9.1,81.4,683.0531,99.1967,0.145,15.3,0.0,21.3
2023-07-02 18:30:00,9.6,48.0,1019.6,7.1,11.0,81.9,653.7073,95.2862,,14.8,0.0,21.6
2023-07-02 19:00:00,10.3,44.5,1019.5,7.2,10.3,80.9,621.752,91.1263,,14.5,0.005,22.9
2023-07-02 19:30:00,11.1,42.3,1019.5,7.3,12.0,81.8,583.9314,86.0906,,14.7,0.005,23.5
2023-07-02 20:00:00,11.9,36.5,1019.3,7.2,9.8,87.2,542.5978,80.677,,14.4,0.002,24.0
2023-07-02 20:30:00,11.7,37.8,1018.9,8.1,11.3,82.2,495.8496,74.6846,,13.6,0.001,23.2
2023-07-02 21:00:00,11.8,37.5,1018.8,7.7,10.6,81.0,448.2546,68.1947,,13.1,0.0,23.4
2023-07-02 21:30:00,12.1,35.3,1018.7,7.6,11.1,83.0,400.3609,61.3274,,12.6,0.0,23.2
2023-07-02 22:00:00,12.1,34.5,1018.7,7.0,10.3,81.4,337.6606,52.1449,,11.9,0.0,22.3
2023-07-02 22:30:00,12.0,34.4,1018.7,6.4,9.2,81.4,247.4509,37.7506,,10.9,0.001,18.2
2023-07-02 23:00:00,12.1,32.7,1018.5,6.7,8.7,82.6,241.699,37.8503,,10.7,0.0,14.6
2023-07-02 23:30:00,12.4,30.6,1018.4,7.0,10.3,86.0,209.2106,32.6456,,10.3,0.0,13.9
2023-07-03 00:00:00,11.9,31.3,1018.3,6.0,9.5,83.4,86.9418,9.4604,,8.9,0.0,11.6
2023-07-03 00:30:00,11.9,32.4,1018.0,6.2,8.9,89.5,52.8364,5.9611,,8.6,0.0,12.1
2023-07-03 01:00:00,12.2,31.4,1017.9,5.8,8.6,85.6,43.097,4.8115,,8.7,0.0,11.7
2023-07-03 01:30:00,12.0,32.9,1017.9,6.7,9.5,83.5,39.1564,4.4358,,8.6,0.0,11.4
2023-07-03 02:00:00,11.0,38.8,1017.9,6.9,9.9,81.7,32.1625,3.4167,,8.0,0.0,10.2
2023-07-03 02:30:00,10.8,40.5,1018.0,4.9,7.0,84.0,26.5136,3.1014,,7.8,0.0,10.7
2023-07-03 03:00:00,11.2,42.0,1018.0,5.4,7.5,80.9,20.2055,1.9377,,8.0,0.0,10.3
2023-07-03 03:30:00,10.2,47.2,1018.0,5.4,7.6,85.1,22.7947,2.4724,,7.3,0.0,9.5
2023-07-03 04:00:00,10.0,47.6,1018.2,5.1,7.8,83.5,18.1656,1.8954,,6.9,0.0,9.3
2023-07-03 04:30:00,9.9,47.7,1018.3,6.3,8.7,82.2,12.9368,0.7768,,6.7,0.0,9.1
2023-07-03 05:00:00,9.8,47.0,1018.4,6.4,9.3,79.1,14.5333,0.9006,,6.5,0.0,9.2
2023-07-03 05:30:00,10.1,44.1,1018.3,6.4,9.0,79.8,19.2459,1.2922,,6.7,0.001,9.4
2023-07-03 06:00:00,9.9,44.7,1018.2,5.6,7.4,80.4,25.5269,1.8332,,6.6,0.001,9.2
2023-07-03 06:30:00,9.0,49.1,1018.4,5.5,8.4,79.0,29.8478,1.9411,,6.0,0.002,8.2
2023-07-03 07:00:00,8.4,51.7,1018.5,5.2,7.4,80.6,32.4786,2.4325,,5.6,0.0,8.1
2023-07-03 07:30:00,9.0,47.4,1018.2,6.2,8.1,80.1,34.1579,2.7366,,6.0,0.002,9.0
2023-07-03 08:00:00,9.5,43.6,1017.9,4.4,7.3,85.1,42.049,3.3111,,6.2,0.002,8.6
2023-07-03 08:30:00,8.5,49.7,1017.6,5.9,8.3,82.1,47.4813,4.3873,,5.8,0.0,8.9
2023-07-03 09:00:00,9.6,43.7,1017.3,6.3,7.9,86.3,232.6537,38.7144,,8.1,0.0,15.4
2023-07-03 09:30:00,9.4,46.3,1017.4,5.8,7.6,81.0,324.4012,56.4765,,9.6,0.001,15.4
2023-07-03 10:00:00,9.6,45.2,1017.1,6.7,8.4,85.4,349.0156,60.5657,,9.9,0.002,16.1
2023-07-03 10:30:00,10.3,41.2,1016.9,7.2,9.9,86.1,392.5176,66.9319,,10.8,0.002,16.9
2023-07-03 11:00:00,10.5,41.1,1016.9,7.5,11.3,80.1,460.2182,75.914,,11.9,0.003,17.9
2023-07-03 11:30:00,9.8,47.8,1017.2,6.6,9.6,95.7,433.3514,66.2279,,12.1,0.002,15.0
2023-07-03 12:00:00,8.8,52.3,1017.2,7.0,9.5,82.0,509.8396,79.0048,,12.2,0.003,16.2
2023-07-03 12:30:00,9.6,46.7,1017.1,7.1,11.0,85.2,330.5006,44.532,,11.5,0.001,13.8
2023-07-03 13:00:00,9.2,48.9,1017.2,5.8,11.0,87.0,215.8833,25.9185,,10.3,0.002,12.2
2023-07-03 13:30:00,9.0,50.9,1017.4,5.2,8.4,91.5,236.3518,28.8283,,10.6,0.003,12.9
2023-07-03 14:00:00,8.9,52.5,1017.5,4.9,7.5,86.7,303.5301,38.0865,0.125,11.4,0.003,13.2
2023-07-03 14:30:00,9.6,49.8,1017.4,5.1,8.0,84.4,377.4305,48.3774,0.128,13.0,0.003,15.7
2023-07-03 15:00:00,9.3,52.5,1017.4,4.6,7.0,95.0,243.5662,28.6944,0.114,11.8,0.001,10.6
2023-07-03 15:30:00,8.1,58.5,1017.7,4.4,6.8,78.8,115.3186,13.5112,0.117,7.8,0.001,8.8
2023-07-03 16:00:00,8.7,56.9,1017.8,3.8,7.3,76.5,129.8308,15.1814,0.117,8.1,0.0,10.2
2023-07-03 16:30:00,9.2,56.8,1017.5,3.4,5.0,73.9,202.6164,23.6311,0.117,9.5,0.0,11.7
2023-07-03 17:00:00,9.2,56.8,1017.4,3.1,4.2,73.0,169.8511,18.173,0.104,9.7,0.0,10.4
2023-07-03 17:30:00,8.9,55.4,1017.6,2.5,3.4,68.2,82.7417,7.4488,0.09,8.5,0.0,9.9
2023-07-03 18:00:00,9.1,56.0,1017.6,1.9,4.3,85.8,111.2299,12.1649,0.108,9.1,0.0,10.8
2023-07-03 18:30:00,9.1,57.5,1017.7,3.6,4.9,81.5,129.2387,14.0311,,8.9,0.0,10.8
2023-07-03 19:00:00,9.1,60.8,1017.9,2.2,4.3,87.6,143.6496,16.8919,,9.4,0.0,10.8
2023-07-03 19:30:00,9.0,64.6,1018.0,2.0,3.9,88.6,97.6844,11.9434,,8.9,0.0,8.8
2023-07-03 20:00:00,8.4,70.1,1018.2,2.2,4.7,81.3,67.0527,8.605,,8.1,0.0,8.1
2023-07-03 20:30:00,7.7,77.5,1018.3,1.1,2.2,36.2,91.923,10.7931,,8.6,0.0,9.0
2023-07-03 21:00:00,8.3,76.2,1018.3,1.4,2.6,88.5,74.3737,9.0716,,8.6,0.0,9.0
2023-07-03 21:30:00,8.2,80.1,1018.3,1.2,3.2,85.6,72.5513,8.3724,,8.7,0.0,8.6
2023-07-03 22:00:00,7.9,83.7,1018.5,1.3,2.8,51.2,50.9249,5.4836,,8.2,0.0,8.3
2023-07-03 22:30:00,6.4,90.0,1018.5,1.7,3.3,269.3,58.2902,5.098,,7.5,0.0,7.1
2023-07-03 23:00:00,6.1,91.3,1018.6,1.4,2.1,263.1,38.3952,3.3394,,7.0,0.0,6.8
2023-07-03 23:30:00,6.2,93.3,1018.7,0.9,1.5,252.2,30.0559,2.4457,,7.0,0.0,7.0
2023-07-04 00:00:00,6.3,94.4,1018.8,2.0,4.0,311.4,26.5101,2.0028,,6.7,0.0,7.2
2023-07-04 00:30:00,5.5,95.0,1019.1,2.4,3.9,277.5,14.4589,0.1232,,6.0,0.0,5.8
2023-07-04 01:00:00,5.6,95.1,1019.3,2.2,3.6,281.7,14.6988,0.8204,,5.9,0.0,6.1
2023-07-04 01:30:00,6.2,91.4,1019.5,3.0,4.3,285.1,12.0697,1.2357,,6.1,0.0,6.3
2023-07-04 02:00:00,6.4,85.1,1019.7,2.9,4.8,283.8,7.1598,1.8569,,5.9,0.0,6.1
2023-07-04 02:30:00,6.4,83.8,1019.7,2.8,4.9,281.5,2.8215,1.6282,,5.7,0.0,5.9
2023-07-04 03:00:00,6.2,84.3,1019.6,2.8,4.7,270.1,0.507,1.2443,,5.5,0.0,5.7
2023-07-04 03:30:00,6.1,85.2,1019.4,2.5,4.6,272.9,0.0,0.9056,,5.4,0.0,5.7
2023-07-04 04:00:00,5.8,87.1,1019.3,2.6,4.8,273.9,0.0,0.5864,,5.3,0.0,5.6
2023-07-04 04:30:00,5.9,87.8,1019.1,2.5,4.2,273.1,0.2242,0.5344,,5.3,0.0,5.7
2023-07-04 05:00:00,5.9,89.5,1018.7,2.9,5.2,279.2,1.0445,0.4512,,5.4,0.01,5.8
2023-07-04 05:30:00,6.0,89.8,1018.5,2.2,4.0,279.8,2.0253,0.3581,,5.6,0.011,6.0
2023-07-04 06:00:00,5.9,91.2,1018.4,1.9,3.6,285.5,5.1769,0.2707,,5.5,0.013,5.9
2023-07-04 06:30:00,5.8,91.8,1018.2,1.5,2.7,316.2,10.9983,0.8391,,5.6,0.013,5.9
2023-07-04 07:00:00,6.2,90.9,1018.1,1.7,3.8,329.0,11.5918,1.128,,5.8,0.012,6.6
2023-07-04 07:30:00,7.0,88.1,1017.9,1.9,3.4,309.8,22.587,2.8666,,6.4,0.013,7.0
2023-07-04 08:00:00,7.5,84.4,1017.7,2.2,4.3,300.9,22.8728,3.5683,,6.7,0.011,7.2
2023-07-04 08:30:00,7.6,84.1,1017.6,2.1,3.7,295.1,31.3355,4.5109,,6.9,0.012,7.4
2023-07-04 09:00:00,7.5,83.7,1017.4,2.0,3.6,282.9,43.4974,5.6876,,7.0,0.013,8.0
2023-07-04 09:30:00,7.6,84.0,1017.4,1.6,2.5,261.7,46.7141,5.5605,,7.3,0.011,7.9
2023-07-04 10:00:00,7.3,85.4,1017.5,2.5,3.9,260.9,36.8163,4.044,,7.0,0.01,7.6
2023-07-04 10:30:00,6.7,90.8,1017.4,2.2,3.8,285.7,58.5991,5.5148,,7.0,0.01,7.7
2023-07-04 11:00:00,7.1,88.6,1017.1,1.6,2.9,274.3,120.4289,12.1895,,8.2,0.005,9.2
2023-07-04 11:30:00,7.6,84.4,1016.7,1.5,4.0,336.6,125.2518,12.8351,,8.8,0.007,9.4
2023-07-04 12:00:00,7.8,82.8,1016.7,1.8,3.7,299.1,117.4538,11.2981,,8.8,0.006,9.2
2023-07-04 12:30:00,6.4,90.4,1016.9,1.3,2.2,291.0,67.4779,6.2557,,7.6,0.003,8.1
2023-07-04 13:00:00,6.5,92.9,1016.8,1.6,3.2,282.8,146.8545,14.3898,,8.5,0.007,9.7
2023-07-04 13:30:00,7.0,92.3,1016.7,1.8,2.6,249.8,185.3327,18.2746,,9.5,0.006,9.7
2023-07-04 14:00:00,6.6,94.5,1016.6,1.6,2.4,267.4,171.6862,16.6493,0.097,9.4,0.004,9.5
2023-07-04 14:30:00,6.5,95.1,1016.7,1.7,2.8,273.1,222.2455,22.0976,0.099,9.9,0.006,10.7
2023-07-04 15:00:00,6.3,94.3,1016.8,2.1,3.2,273.1,212.5859,21.6419,0.102,9.8,0.005,9.8
2023-07-04 15:30:00,5.9,94.5,1016.9,2.4,4.0,266.7,105.1144,10.1474,0.096,8.0,0.004,7.3
2023-07-04 16:00:00,5.1,96.5,1017.4,2.6,3.6,260.9,84.4872,7.572,0.09,6.8,0.007,7.0
2023-07-04 16:30:00,5.3,96.4,1017.5,2.0,3.1,293.6,113.2285,10.3659,0.092,7.3,0.004,7.6
2023-07-04 17:00:00,5.9,93.5,1017.5,1.1,1.9,310.8,164.0482,16.1032,0.098,8.8,0.007,9.3
2023-07-04 17:30:00,6.3,93.2,1017.6,1.0,2.5,217.7,140.9971,13.569,0.096,9.1,0.004,8.6
2023-07-04 18:00:00,5.4,96.2,1018.0,1.0,2.5,173.1,138.5684,13.1736,0.095,8.4,0.002,8.1
2023-07-04 18:30:00,5.6,95.9,1018.2,1.3,2.5,124.1,179.9724,18.0323,,8.9,0.004,9.7
2023-07-04 19:00:00,6.2,92.9,1018.3,1.6,3.1,106.3,261.3797,27.5859,,10.4,0.006,10.4
2023-07-04 19:30:00,5.5,93.8,1018.6,1.7,3.5,114.1,182.4194,19.2227,,9.1,0.005,9.3
2023-07-04 20:00:00,5.8,92.5,1018.7,2.3,3.4,84.2,115.784,11.8044,,8.0,0.006,8.1
2023-07-04 20:30:00,5.4,94.1,1019.0,1.7,2.9,102.0,104.2479,10.7916,,7.7,0.005,7.9
2023-07-04 21:00:00,5.5,92.6,1019.1,1.4,2.1,71.1,88.2564,9.4262,,7.4,0.007,7.6
2023-07-04 21:30:00,5.8,89.6,1019.4,1.3,2.0,42.2,71.0628,7.8259,,7.3,0.006,7.7
2023-07-04 22:00:00,6.7,83.8,1019.3,1.5,2.7,64.7,64.8805,7.5482,,7.6,0.004,8.2
2023-07-04 22:30:00,6.0,87.8,1019.5,1.8,4.9,115.8,50.0459,5.5716,,6.9,0.007,7.1
2023-07-04 23:00:00,6.2,85.1,1019.6,1.3,4.3,96.2,29.5761,3.465,,6.5,0.004,6.9
2023-07-04 23:30:00,5.8,87.0,1019.6,1.7,3.3,50.1,18.6802,1.9105,,6.1,0.004,6.1
2023-07-05 00:00:00,5.3,90.9,1019.6,2.0,3.1,51.0,17.7868,1.7145,,5.6,0.007,6.0
2023-07-05 00:30:00,5.4,90.2,1019.5,2.0,2.9,59.0,13.409,1.1047,,5.6,0.008,5.9
2023-07-05 01:00:00,5.2,90.9,1019.6,2.4,3.4,55.3,7.5213,0.3932,,5.3,0.007,5.8
2023-07-05 01:30:00,5.3,90.1,1019.6,2.0,3.0,62.9,7.3101,0.4825,,5.3,0.007,5.7
2023-07-05 02:00:00,5.2,90.3,1019.3,2.0,4.7,82.5,7.6579,0.5374,,5.2,0.007,5.8
2023-07-05 02:30:00,5.3,89.1,1019.3,2.6,4.6,80.8,4.9942,0.1981,,5.1,0.005,5.8
2023-07-05 03:00:00,5.1,91.3,1019.2,3.1,4.6,81.8,3.3506,0.0,,5.0,0.003,5.4
2023-07-05 03:30:00,4.7,93.5,1018.8,3.6,6.7,81.9,4.0578,0.0,,4.8,0.004,5.2
2023-07-05 04:00:00,4.8,93.9,1018.7,4.1,5.6,82.5,2.9183,0.0,,4.8,0.006,5.5
2023-07-05 04:30:00,5.1,92.2,1018.7,4.7,6.3,81.6,3.2311,0.0,,4.9,0.002,5.5
2023-07-05 05:00:00,5.3,92.0,1018.4,4.3,6.3,81.8,6.3143,0.1078,,5.0,0.001,5.8
2023-07-05 05:30:00,5.3,91.4,1018.2,4.3,6.7,79.7,6.4589,0.0934,,5.1,0.002,5.8
2023-07-05 06:00:00,5.4,91.1,1017.9,4.4,6.7,79.4,15.6728,1.2098,,5.2,0.004,6.1
2023-07-05 06:30:00,5.4,90.2,1017.8,2.9,4.2,83.6,17.9271,1.4192,,5.2,0.003,5.9
2023-07-05 07:00:00,5.5,89.0,1017.4,2.6,4.1,77.0,26.3144,2.5284,,5.3,0.005,6.4
2023-07-05 07:30:00,5.9,86.7,1017.0,3.1,4.7,81.1,36.9477,3.7251,,5.7,0.005,6.7
2023-07-05 08:00:00,6.0,86.4,1016.8,2.7,4.7,96.7,35.9587,3.3065,,5.7,0.005,6.9
2023-07-05 08:30:00,6.9,81.5,1016.2,4.5,6.2,78.0,77.1146,7.8901,,6.6,0.003,8.6
2023-07-05 09:00:00,7.7,77.4,1015.8,4.7,6.5,80.3,94.1077,9.7368,,7.4,0.0,9.1
2023-07-05 09:30:00,8.1,75.7,1015.2,4.4,6.5,71.8,82.0922,7.9376,,7.6,0.0,9.3
2023-07-05 10:00:00,8.0,76.2,1014.9,3.9,5.9,82.2,67.3907,5.7575,,7.6,0.0,8.9
2023-07-05 10:30:00,7.9,76.7,1014.6,4.7,7.0,80.2,50.4399,4.867,,7.2,0.0,8.3
2023-07-05 11:00:00,8.2,75.7,1014.2,5.4,7.3,77.5,49.2784,5.3649,,7.2,0.0,8.2
2023-07-05 11:30:00,8.2,75.5,1014.0,4.4,6.4,81.3,54.9104,6.0035,,7.3,0.0,8.3
2023-07-05 12:00:00,8.3,75.8,1013.7,4.6,7.0,84.4,65.2782,7.3521,,7.5,0.0,8.5
2023-07-05 12:30:00,7.6,80.8,1013.3,4.1,7.6,106.5,64.5467,6.3603,,7.3,0.002,7.3
2023-07-05 13:00:00,6.4,89.2,1013.8,3.0,5.4,89.9,46.8929,4.1409,,6.6,0.007,7.4
2023-07-05 13:30:00,6.3,90.3,1013.7,2.9,4.8,72.6,54.0457,4.3495,,6.6,0.007,7.4
2023-07-05 14:00:00,7.0,87.9,1013.4,3.1,5.2,80.3,91.2363,8.8796,0.097,7.3,0.006,8.6
2023-07-05 14:30:00,7.5,86.2,1013.3,4.2,6.4,76.6,126.4349,12.3934,0.098,8.0,0.01,8.8
2023-07-05 15:00:00,7.4,87.1,1013.3,4.7,6.2,77.6,97.5491,9.5381,0.097,7.6,0.009,8.2
2023-07-05 15:30:00,7.1,89.6,1013.5,4.3,6.9,95.0,101.9284,8.543,0.085,7.6,0.01,8.6
2023-07-05 16:00:00,6.6,92.6,1013.5,5.5,8.1,79.3,103.6206,7.9855,0.076,7.3,0.007,7.8
2023-07-05 16:30:00,6.8,90.1,1013.3,5.4,9.0,84.7,72.5994,5.589,0.077,7.0,0.01,7.9
2023-07-05 17:00:00,6.6,91.9,1013.6,5.2,8.0,86.3,89.1371,7.0159,0.078,7.1,0.01,8.0
2023-07-05 17:30:00,6.3,93.8,1013.6,6.0,10.1,81.9,94.2523,7.0469,0.074,6.9,0.01,7.5
2023-07-05 18:00:00,6.3,94.5,1013.4,5.6,8.0,82.1,79.3717,5.8883,0.073,6.8,0.009,7.8
2023-07-05 18:30:00,6.8,91.9,1013.2,5.0,8.1,82.9,58.2064,3.9047,,7.0,0.01,7.4
2023-07-05 19:00:00,6.8,92.7,1013.3,4.5,11.0,84.9,28.3612,1.2433,,6.8,0.007,7.2
2023-07-05 19:30:00,6.3,95.0,1013.8,3.8,7.2,76.7,37.5552,1.9279,,6.6,0.005,7.2
2023-07-05 20:00:00,6.7,93.6,1014.8,2.7,9.7,198.6,34.6205,1.6606,,6.9,0.004,7.5
2023-07-05 20:30:00,6.7,93.9,1015.2,2.6,7.0,247.8,22.4952,0.5721,,6.8,0.0,7.1
2023-07-05 21:00:00,6.0,94.3,1015.6,2.9,4.9,252.1,19.1674,0.0527,,6.2,0.0,6.6
2023-07-05 21:30:00,5.9,93.7,1015.7,2.7,4.2,264.8,17.7328,0.3937,,6.0,0.005,6.4
2023-07-05 22:00:00,5.7,93.8,1015.7,2.5,4.4,274.2,15.637,0.255,,5.8,0.006,6.2
2023-07-05 22:30:00,5.5,93.3,1015.9,3.0,10.5,270.6,11.5778,0.0386,,5.6,0.005,5.8
2023-07-05 23:00:00,5.4,91.7,1015.9,2.9,7.2,272.1,6.6734,0.0187,,5.3,0.005,5.6
2023-07-05 23:30:00,5.4,90.7,1016.0,2.5,7.2,286.0,7.0103,0.2195,,5.2,0.003,5.5
2023-07-06 00:00:00,5.2,91.3,1016.0,1.9,3.1,269.6,5.8384,0.0,,5.0,0.003,5.4
2023-07-06 00:30:00,5.1,91.2,1015.9,2.1,3.6,275.7,3.7596,0.0,,4.9,0.001,5.2
2023-07-06 01:00:00,5.0,90.8,1015.9,2.2,4.1,259.7,0.5316,0.0,,4.8,0.002,5.1
2023-07-06 01:30:00,5.0,90.9,1016.0,2.0,3.3,262.3,0.0,0.0,,4.7,0.002,5.1
2023-07-06 02:00:00,4.8,92.0,1016.3,1.8,3.2,258.1,0.0,0.0,,4.6,0.002,5.0
2023-07-06 02:30:00,4.7,93.3,1016.5,1.8,2.7,257.0,0.0,0.0,,4.5,0.001,4.9
2023-07-06 03:00:00,4.6,94.4,1016.6,1.0,2.2,296.8,0.0,0.0,,4.4,0.003,4.8
2023-07-06 03:30:00,4.4,95.3,1016.7,0.7,1.3,51.0,0.0,0.0,,4.4,0.003,4.8
2023-07-06 04:00:00,4.4,95.8,1016.8,0.5,1.2,326.6,0.0,0.0,,4.4,0.002,4.8
2023-07-06 04:30:00,4.6,94.1,1016.8,1.0,2.3,334.0,0.0,0.0,,4.5,0.004,4.9
2023-07-06 05:00:00,4.7,93.6,1016.9,0.7,1.6,87.1,0.0,0.0,,4.5,0.002,4.9
2023-07-06 05:30:00,4.8,95.0,1017.0,0.9,2.8,342.5,0.4057,0.0,,4.6,0.002,5.2
2023-07-06 06:00:00,5.1,95.3,1017.1,0.9,2.1,40.9,1.2055,0.0,,4.8,0.002,5.5
2023-07-06 06:30:00,5.4,95.1,1017.2,0.7,1.7,49.5,2.158,0.0,,5.0,0.001,5.7
2023-07-06 07:00:00,5.5,94.4,1017.3,1.3,2.8,67.3,4.1165,0.0,,5.1,0.002,5.7
2023-07-06 07:30:00,5.6,94.0,1017.4,1.7,2.4,53.6,7.2343,0.0,,5.2,0.002,5.9
2023-07-06 08:00:00,5.7,94.3,1017.8,1.1,2.6,335.6,13.1242,0.0011,,5.4,0.001,6.3
2023-07-06 08:30:00,5.9,92.3,1018.0,2.5,4.6,285.9,17.9091,0.7747,,5.7,0.001,6.2
2023-07-06 09:00:00,6.1,91.0,1018.1,2.2,4.4,278.5,22.2422,1.522,,5.7,0.0,6.6
2023-07-06 09:30:00,6.1,91.3,1018.1,2.4,5.3,284.3,30.1302,2.0837,,5.9,0.0,6.6
2023-07-06 10:00:00,6.2,91.0,1017.8,2.3,4.4,278.1,59.4607,4.777,,6.4,0.0,6.9
2023-07-06 10:30:00,6.2,92.4,1018.0,1.5,2.9,285.5,45.8922,2.9119,,6.4,0.0,7.2
2023-07-06 11:00:00,6.3,93.5,1017.9,0.6,1.9,264.7,65.9694,4.2058,,7.1,0.0,8.0
2023-07-06 11:30:00,6.4,89.2,1017.5,2.2,6.8,289.6,100.6897,8.1711,,7.2,0.0,7.8
2023-07-06 12:00:00,6.6,87.8,1017.5,2.0,5.1,98.0,115.7102,9.3252,,7.6,0.001,8.6
2023-07-06 12:30:00,5.9,95.2,1017.2,1.8,3.3,98.7,148.0818,11.655,,8.0,0.003,9.4
2023-07-06 13:00:00,5.4,96.0,1017.3,1.9,2.5,109.4,129.662,8.9668,,7.8,0.003,8.5
2023-07-06 13:30:00,5.4,96.5,1017.1,3.7,6.5,83.3,141.5279,11.8707,,7.3,0.003,8.8
2023-07-06 14:00:00,5.4,95.1,1016.7,4.7,6.1,84.7,165.7872,14.5059,0.087,7.2,0.003,8.1
2023-07-06 14:30:00,5.1,96.0,1016.7,5.0,7.3,84.0,154.1692,13.6604,0.088,6.9,0.003,7.9
2023-07-06 15:00:00,5.4,96.1,1016.3,4.3,6.5,79.7,179.251,17.1766,0.096,7.3,0.003,8.9
2023-07-06 15:30:00,7.1,89.3,1015.9,4.4,7.4,78.5,150.8176,14.0967,0.094,8.3,0.002,8.0
2023-07-06 16:00:00,5.3,94.9,1015.9,4.8,6.4,79.9,102.5684,8.8316,0.086,6.6,0.002,7.4
2023-07-06 16:30:00,6.1,91.9,1015.3,5.3,7.3,80.9,120.439,11.6596,0.096,7.1,0.003,9.0
2023-07-06 17:00:00,7.9,84.3,1014.8,4.1,5.9,90.0,109.751,9.5753,0.085,8.4,0.001,9.0
2023-07-06 17:30:00,7.4,85.8,1014.6,5.2,7.7,80.1,104.1519,8.8126,0.085,8.0,0.001,9.3
2023-07-06 18:00:00,8.3,81.8,1014.1,5.4,8.4,86.1,95.8505,8.8975,0.092,8.5,0.0,9.7
2023-07-06 18:30:00,8.3,81.2,1014.2,6.0,7.7,81.0,84.9423,8.3552,,8.3,0.0,9.7
2023-07-06 19:00:00,8.3,81.7,1014.0,6.0,8.7,80.5,79.5463,8.6839,,8.1,0.003,9.1
2023-07-06 19:30:00,8.8,80.1,1013.8,6.0,8.7,78.8,63.5527,7.2637,,8.3,0.004,9.2
2023-07-06 20:00:00,8.9,80.6,1013.6,5.9,8.4,80.4,59.0915,7.2048,,8.4,0.0,9.1
2023-07-06 20:30:00,8.6,84.1,1013.6,5.0,6.6,82.4,40.2337,4.3703,,8.1,0.0,8.9
2023-07-06 21:00:00,8.5,85.8,1013.3,4.7,6.8,80.9,39.2679,3.8733,,8.1,0.0,8.8
2023-07-06 21:30:00,8.5,86.3,1013.0,5.3,7.9,76.4,28.3403,3.134,,8.1,0.003,8.9
2023-07-06 22:00:00,8.6,87.4,1013.0,6.0,9.4,76.6,16.9394,1.7091,,8.1,0.001,8.6
2023-07-06 22:30:00,8.3,88.3,1013.0,5.7,8.9,82.4,16.9989,1.7007,,7.8,0.003,8.6
2023-07-06 23:00:00,8.5,86.7,1012.8,5.2,7.8,79.2,16.2035,1.7341,,7.9,0.002,8.3
2023-07-06 23:30:00,8.0,89.3,1012.4,5.6,8.1,75.3,6.0797,0.8104,,7.5,0.0,8.2
2023-07-07 00:00:00,7.5,92.2,1012.4,6.0,8.4,84.5,4.3707,0.0732,,7.2,0.0,7.9
2023-07-07 00:30:00,7.5,92.5,1012.3,6.0,9.1,82.4,2.471,0.0544,,7.2,0.0,7.7
2023-07-07 01:00:00,7.1,94.3,1012.2,4.5,6.6,76.1,1.9549,0.0,,7.1,0.0,7.7
2023-07-07 01:30:00,7.7,91.7,1011.9,4.7,7.2,76.1,0.411,0.0,,7.3,0.0,7.8
2023-07-07 02:00:00,7.3,93.3,1011.9,3.8,5.8,81.0,0.0,0.0,,7.1,0.0,7.7
2023-07-07 02:30:00,7.5,93.3,1012.0,3.1,4.5,67.2,0.0,0.0,,7.2,0.0,8.0
2023-07-07 03:00:00,7.6,93.3,1012.0,2.7,5.3,70.9,0.0,0.0,,7.3,0.002,8.0
2023-07-07 03:30:00,8.6,90.0,1011.5,2.2,4.0,46.2,0.0,0.6042,,7.8,0.0,8.6
2023-07-07 04:00:00,8.6,90.8,1011.3,2.4,3.9,36.5,0.0,0.3226,,7.9,0.0,8.9
2023-07-07 04:30:00,9.2,90.0,1011.1,2.6,5.6,69.0,0.0,0.5509,,8.3,0.002,9.0
2023-07-07 05:00:00,8.4,92.4,1011.2,2.4,4.2,69.6,0.0,0.0,,7.8,0.0,8.4
2023-07-07 05:30:00,8.2,93.2,1011.2,2.4,4.8,69.5,0.0,0.0,,7.7,0.002,8.6
2023-07-07 06:00:00,8.2,93.5,1011.2,2.7,5.8,67.2,0.3586,0.0,,7.7,0.005,8.6
2023-07-07 06:30:00,9.2,89.5,1011.2,2.3,5.8,69.0,2.1174,0.7881,,8.2,0.003,9.0
2023-07-07 07:00:00,7.9,93.0,1011.4,2.7,5.7,84.4,0.0,0.0,,7.6,0.002,7.7
2023-07-07 07:30:00,8.5,89.0,1012.4,3.5,9.4,163.8,1.4127,1.6735,,7.8,0.005,8.4
2023-07-07 08:00:00,8.5,84.8,1012.6,3.4,6.5,289.0,2.0935,1.1202,,7.6,0.003,7.9
2023-07-07 08:30:00,8.3,80.4,1012.4,4.1,9.1,275.5,7.4761,3.1404,,7.2,0.002,7.6
2023-07-07 09:00:00,7.7,79.5,1012.9,4.2,6.7,279.2,9.1193,4.0584,,6.7,0.001,6.8
2023-07-07 09:30:00,6.8,81.5,1013.1,5.0,8.8,270.9,11.4301,3.1778,,6.1,0.003,6.3
2023-07-07 10:00:00,6.1,85.2,1013.5,4.5,6.6,273.7,11.2072,1.9461,,5.7,0.005,5.9
2023-07-07 10:30:00,5.5,88.1,1014.0,4.5,7.3,273.0,15.6447,1.1683,,5.4,0.006,5.7
2023-07-07 11:00:00,6.0,83.3,1014.3,4.4,9.9,274.7,14.1455,2.355,,5.5,0.005,5.9
2023-07-07 11:30:00,6.2,84.5,1014.8,3.5,6.6,287.3,13.6442,1.9096,,5.6,0.003,6.0
2023-07-07 12:00:00,5.8,87.4,1015.0,2.9,5.3,303.3,12.4661,1.3865,,5.5,0.005,6.0
2023-07-07 12:30:00,6.2,85.5,1014.9,2.8,6.0,282.2,16.0776,2.3309,,5.7,0.006,6.1
2023-07-07 13:00:00,5.9,85.3,1015.0,3.6,7.8,285.7,18.0892,2.0485,,5.6,0.002,6.3
2023-07-07 13:30:00,6.0,83.6,1014.7,4.8,10.6,279.7,19.5129,1.9501,,5.5,0.003,5.9
2023-07-07 14:00:00,5.9,85.5,1014.7,5.6,8.3,278.9,22.7474,2.4006,0.106,5.5,0.004,6.2
2023-07-07 14:30:00,6.0,82.8,1014.5,5.7,8.1,273.9,29.0175,3.5912,0.125,5.6,0.002,6.0
2023-07-07 15:00:00,5.8,83.7,1014.6,5.1,10.3,281.8,31.7794,3.5567,0.113,5.4,0.002,5.9
2023-07-07 15:30:00,5.5,86.1,1014.6,4.2,6.4,277.0,44.2198,4.2669,0.097,5.5,0.005,5.9
2023-07-07 16:00:00,5.2,90.5,1015.0,2.5,3.5,265.2,37.3338,2.7358,0.073,5.5,0.008,6.0
2023-07-07 16:30:00,5.2,92.0,1015.2,2.3,5.2,245.4,35.7008,2.215,0.062,5.6,0.01,5.9
2023-07-07 17:00:00,5.2,93.2,1015.5,2.1,5.7,255.3,28.6928,1.5134,0.052,5.6,0.011,6.2
2023-07-07 17:30:00,5.6,95.3,1015.9,2.5,6.2,249.5,40.564,2.5209,0.063,6.1,0.012,7.3
2023-07-07 18:00:00,5.9,93.9,1016.9,4.1,6.5,183.8,37.0293,1.5952,0.043,6.1,0.009,6.4
2023-07-07 18:30:00,5.2,95.3,1017.2,1.5,3.7,254.6,24.9113,0.1766,,5.7,0.011,6.1
2023-07-07 19:00:00,5.1,94.0,1017.4,1.4,3.6,106.3,13.2019,0.0,,5.5,0.012,5.7
2023-07-07 19:30:00,5.0,92.4,1017.5,1.1,2.5,12.8,29.6897,0.9006,,5.4,0.012,5.7
2023-07-07 20:00:00,4.9,92.8,1018.0,1.0,2.7,272.0,26.807,0.6596,,5.4,0.012,5.7
2023-07-07 20:30:00,4.9,91.1,1018.4,2.1,4.5,235.3,21.5655,0.5173,,5.2,0.011,5.6
2023-07-07 21:00:00,4.5,91.4,1018.9,3.1,5.2,235.1,21.0781,0.4702,,4.8,0.01,5.0
2023-07-07 21:30:00,3.9,94.4,1019.2,3.0,5.4,257.0,19.634,0.3746,,4.5,0.011,4.7
2023-07-07 22:00:00,3.6,95.7,1019.3,2.7,4.0,260.6,17.625,0.1564,,4.3,0.011,4.5
2023-07-07 22:30:00,3.4,96.4,1019.6,2.6,4.0,258.2,14.3763,0.0,,4.1,0.011,4.2
2023-07-07 23:00:00,3.1,97.0,1020.1,2.6,4.4,247.4,10.91,0.0,,3.8,0.01,3.9
2023-07-07 23:30:00,2.8,97.3,1020.4,2.0,3.9,251.5,9.7125,0.0,,3.6,0.01,3.7
2023-07-08 00:00:00,2.5,97.2,1020.6,1.2,1.8,198.3,9.4582,0.0,,3.5,0.009,3.4
2023-07-08 00:30:00,2.2,97.3,1020.8,0.5,1.3,181.5,8.2882,0.0,,3.4,0.009,3.1
2023-07-08 01:00:00,2.0,97.5,1021.0,0.4,0.8,97.2,6.9421,0.0,,3.2,0.009,3.1
2023-07-08 01:30:00,2.1,97.6,1021.2,1.1,1.5,86.6,6.2186,0.0,,3.1,0.009,3.0
2023-07-08 02:00:00,2.1,97.7,1021.5,1.4,2.8,88.4,3.97,0.0,,3.0,0.008,3.0
2023-07-08 02:30:00,2.1,97.8,1021.6,2.6,3.7,73.7,4.8984,0.0,,2.8,0.008,3.0
2023-07-08 03:00:00,2.2,98.0,1021.9,2.3,3.3,73.4,4.7049,0.0,,2.9,0.008,3.1
2023-07-08 03:30:00,2.3,98.0,1022.1,2.2,3.0,81.1,3.4682,0.0,,2.9,0.007,3.1
2023-07-08 04:00:00,2.3,98.1,1022.4,2.3,3.8,92.8,3.1621,0.0,,2.9,0.007,3.1
2023-07-08 04:30:00,2.3,98.1,1022.7,2.3,3.6,103.0,2.6878,0.0,,2.9,0.007,3.1
2023-07-08 05:00:00,2.3,98.1,1022.8,2.3,5.3,88.4,3.859,0.0,,2.9,0.006,3.2
2023-07-08 05:30:00,2.3,97.8,1022.8,3.4,5.7,76.9,6.618,0.0,,2.9,0.008,3.2
2023-07-08 06:00:00,2.4,97.2,1023.0,2.4,3.7,69.8,12.1176,0.3292,,3.0,0.009,3.4
2023-07-08 06:30:00,2.6,96.9,1023.1,2.2,3.7,76.1,21.5366,1.2588,,3.3,0.009,3.7
2023-07-08 07:00:00,3.0,92.7,1023.1,2.9,4.3,71.6,28.3156,2.6144,,3.5,0.009,4.1
2023-07-08 07:30:00,3.4,90.2,1023.3,2.8,3.8,78.0,37.5099,3.6984,,3.8,0.009,4.6
2023-07-08 08:00:00,3.6,89.4,1023.2,2.9,4.4,71.2,41.1155,3.8952,,4.0,0.008,4.6
2023-07-08 08:30:00,3.8,88.0,1023.2,3.3,5.0,79.2,45.4085,4.7779,,4.2,0.005,5.1
2023-07-08 09:00:00,4.1,87.0,1023.3,3.3,4.5,73.8,63.7052,6.3009,,4.5,0.004,5.6
2023-07-08 09:30:00,3.7,89.6,1023.5,3.4,4.6,77.1,89.184,8.2063,,4.7,0.003,5.7
2023-07-08 10:00:00,3.6,90.7,1023.6,4.1,5.6,75.9,134.149,13.2683,,5.0,0.002,6.6
2023-07-08 10:30:00,4.4,89.0,1023.5,3.2,4.4,79.5,211.2901,23.2684,,6.4,0.001,9.0
2023-07-08 11:00:00,4.8,87.2,1023.3,4.0,5.2,77.1,230.9736,25.7271,,7.0,0.001,9.1
2023-07-08 11:30:00,5.6,83.5,1023.0,4.2,6.5,83.6,255.3969,29.8745,,7.9,0.002,10.9
2023-07-08 12:00:00,6.7,84.0,1022.9,3.0,4.3,95.6,330.4479,40.6656,,10.2,0.003,13.3
2023-07-08 12:30:00,7.7,84.0,1022.7,2.8,3.8,89.1,319.6881,39.1298,,11.1,0.002,14.1
2023-07-08 13:00:00,8.4,81.0,1022.4,2.8,4.1,99.7,313.8174,38.4637,,11.9,0.001,13.7
2023-07-08 13:30:00,8.4,83.4,1022.3,2.4,3.4,107.3,375.9793,47.0574,,13.0,0.003,17.2
2023-07-08 14:00:00,8.3,82.8,1021.8,2.2,3.2,144.2,459.9609,58.8268,0.128,14.3,0.004,18.4
2023-07-08 14:30:00,7.2,83.5,1022.0,1.9,2.7,183.0,712.1212,96.7791,0.136,16.8,0.005,20.9
2023-07-08 15:00:00,6.6,82.9,1022.2,1.4,2.7,156.2,662.2433,90.5466,0.137,16.9,0.006,20.9
2023-07-08 15:30:00,7.2,82.3,1021.8,1.6,2.4,176.0,715.2178,97.6283,0.137,18.2,0.005,22.2
2023-07-08 16:00:00,7.5,82.0,1021.4,1.5,2.2,169.8,717.3543,98.5383,0.137,18.8,0.006,22.7
2023-07-08 16:30:00,8.0,80.7,1021.2,2.4,3.6,246.8,704.5381,97.5214,0.138,18.6,0.007,22.6
2023-07-08 17:00:00,8.5,79.5,1020.8,2.5,3.7,240.9,632.2309,87.9354,0.139,18.3,0.006,20.7
2023-07-08 17:30:00,9.0,78.8,1020.4,2.3,3.0,254.8,458.4455,62.3846,0.136,16.7,0.007,17.8
2023-07-08 18:00:00,9.7,76.9,1020.2,2.7,3.4,256.2,450.9022,60.6037,0.134,16.7,0.007,20.1
2023-07-08 18:30:00,10.5,74.7,1020.0,2.1,3.2,243.8,518.6187,71.3856,,18.5,0.007,22.3
2023-07-08 19:00:00,10.7,74.4,1020.0,2.2,3.5,207.6,307.8203,39.7982,,16.3,0.006,17.4
2023-07-08 19:30:00,10.0,78.7,1020.1,2.3,2.9,111.4,221.1784,26.675,,14.4,0.005,14.9
2023-07-08 20:00:00,10.1,77.2,1020.1,1.9,2.5,112.1,224.474,27.6818,,14.3,0.005,15.9
2023-07-08 20:30:00,10.2,76.9,1019.7,1.9,2.9,131.7,165.0697,19.3493,,13.4,0.004,13.9
2023-07-08 21:00:00,8.1,82.8,1019.6,0.9,1.6,183.7,149.9443,18.3673,,12.3,0.004,12.6
2023-07-08 21:30:00,8.8,82.5,1019.4,0.6,1.6,157.8,160.164,19.9097,,12.9,0.005,14.0
2023-07-08 22:00:00,9.8,75.2,1019.3,0.8,1.5,212.8,137.2829,16.873,,13.0,0.005,13.8
2023-07-08 22:30:00,10.1,74.2,1019.3,1.4,2.2,241.6,118.6482,14.5096,,12.5,0.005,13.2
2023-07-08 23:00:00,10.1,73.9,1019.2,1.3,1.9,233.5,74.309,8.7434,,11.5,0.004,12.3
2023-07-08 23:30:00,9.8,75.6,1019.2,0.9,1.6,286.4,68.6814,8.4477,,10.9,0.004,12.4
2023-07-09 00:00:00,10.2,73.4,1018.9,0.8,1.5,242.9,78.8893,9.9804,,11.0,0.003,12.2
2023-07-09 00:30:00,9.8,76.2,1018.7,0.7,2.0,307.3,58.5169,7.3553,,10.3,0.004,11.5
2023-07-09 01:00:00,10.0,74.1,1018.7,1.4,2.0,284.0,32.288,3.3654,,9.6,0.005,10.8
2023-07-09 01:30:00,9.7,74.9,1018.6,1.2,1.9,280.2,37.432,4.3703,,9.6,0.005,10.7
2023-07-09 02:00:00,9.1,78.3,1018.6,0.8,1.1,220.7,23.0469,2.4476,,9.2,0.005,9.5
2023-07-09 02:30:00,8.5,82.1,1018.5,0.5,1.3,153.5,18.1938,1.9143,,8.4,0.005,8.9
2023-07-09 03:00:00,8.1,84.3,1018.7,0.6,1.1,252.0,13.2536,1.2487,,8.2,0.007,8.9
2023-07-09 03:30:00,8.5,83.2,1018.7,0.5,1.2,336.7,7.4017,0.1704,,8.2,0.007,8.6
2023-07-09 04:00:00,8.1,84.1,1018.9,0.6,1.9,69.1,4.7935,0.0,,7.8,0.006,8.1
2023-07-09 04:30:00,7.1,86.5,1019.0,0.4,0.9,160.4,5.8359,0.1423,,7.0,0.007,7.2
2023-07-09 05:00:00,6.7,88.4,1019.1,0.4,0.9,278.4,5.3251,0.0,,6.7,0.009,7.0
2023-07-09 05:30:00,8.5,80.2,1019.0,1.3,3.3,341.1,5.6433,0.0,,7.5,0.01,10.0
2023-07-09 06:00:00,11.2,64.9,1018.7,2.7,5.6,334.7,5.7502,0.0,,9.2,0.005,10.1
2023-07-09 06:30:00,8.7,78.2,1018.9,1.5,3.3,8.2,14.3298,0.5675,,7.9,0.006,8.6
2023-07-09 07:00:00,8.9,76.0,1019.1,1.4,3.9,72.4,20.166,1.2557,,8.0,0.007,10.1
2023-07-09 07:30:00,10.0,68.1,1019.1,2.9,4.4,85.4,27.2987,1.7661,,8.7,0.005,10.1
2023-07-09 08:00:00,9.6,71.0,1019.4,2.6,3.9,83.1,40.4151,3.4801,,8.6,0.004,9.9
2023-07-09 08:30:00,9.5,70.8,1019.9,2.3,3.7,68.0,41.5238,3.4656,,8.6,0.004,9.6
2023-07-09 09:00:00,6.7,85.0,1020.5,2.0,3.1,69.7,66.91,7.1337,,7.5,0.007,9.3
2023-07-09 09:30:00,7.4,82.4,1019.9,4.1,6.1,74.4,127.5826,15.3417,,8.2,0.006,9.4
2023-07-09 10:00:00,6.6,86.8,1020.5,3.4,5.4,88.2,159.6913,20.135,,8.3,0.006,10.5
2023-07-09 10:30:00,7.9,80.3,1020.5,2.8,5.1,88.9,291.4844,42.2002,,10.8,0.006,13.3
2023-07-09 11:00:00,8.3,78.6,1020.5,3.4,5.9,77.0,180.9791,22.3535,,10.1,0.005,11.8
2023-07-09 11:30:00,8.4,78.9,1020.7,4.1,6.0,84.1,200.6634,24.8665,,10.3,0.006,12.3
2023-07-09 12:00:00,7.9,81.7,1020.8,4.3,6.9,80.2,260.9212,33.5131,,10.6,0.006,13.1
2023-07-09 12:30:00,8.3,80.6,1020.8,5.2,7.6,81.2,397.6629,54.9618,,12.0,0.007,16.8
2023-07-09 13:00:00,7.8,82.9,1021.2,4.9,6.4,89.2,436.1651,61.9149,,12.2,0.006,14.3
2023-07-09 13:30:00,8.1,80.6,1021.3,4.4,6.1,81.9,354.6121,46.6695,,11.8,0.006,15.5
2023-07-09 14:00:00,8.7,79.0,1021.4,3.4,5.7,82.0,450.4736,61.7776,0.135,14.0,0.006,20.4
2023-07-09 14:30:00,9.7,74.6,1021.5,3.3,5.4,81.6,629.8178,90.0055,0.14,17.2,0.008,19.4
2023-07-09 15:00:00,9.2,72.3,1021.5,3.9,5.7,85.5,281.1861,35.4366,0.126,13.0,0.008,14.8
2023-07-09 15:30:00,9.3,69.7,1021.6,3.5,4.8,81.2,304.3415,38.4136,0.126,13.1,0.009,15.2
2023-07-09 16:00:00,9.5,67.6,1021.5,3.5,5.9,81.1,231.5092,28.037,0.121,12.3,0.009,14.0
2023-07-09 16:30:00,10.0,66.2,1021.5,3.2,5.4,78.4,313.3879,39.6255,0.126,13.4,0.009,16.4
2023-07-09 17:00:00,10.4,66.3,1021.5,3.2,4.1,71.9,254.6577,31.3113,0.122,13.2,0.009,14.8
2023-07-09 17:30:00,11.0,65.5,1021.4,3.5,4.9,85.3,329.9498,42.4657,0.128,14.3,0.01,19.0
2023-07-09 18:00:00,11.3,64.1,1021.4,3.3,5.9,89.0,330.4843,42.1936,0.127,15.0,0.01,17.4
2023-07-09 18:30:00,11.1,63.9,1021.6,2.7,3.8,76.5,282.8749,35.9506,,14.5,0.009,17.3
2023-07-09 19:00:00,11.5,62.6,1021.6,2.8,3.9,96.4,264.6401,33.4463,,14.6,0.01,17.4
2023-07-09 19:30:00,11.7,61.7,1021.6,2.6,4.1,102.2,269.2826,34.3851,,14.8,0.009,17.2
2023-07-09 20:00:00,11.6,62.6,1021.5,2.8,4.3,99.1,181.9645,22.0503,,13.6,0.009,15.5
2023-07-09 20:30:00,11.1,62.7,1021.8,2.6,3.8,95.5,130.6353,15.2711,,12.5,0.009,13.6
2023-07-09 21:00:00,10.9,63.2,1022.2,1.3,2.4,80.7,74.7853,8.6076,,11.8,0.008,13.4
2023-07-09 21:30:00,11.2,72.6,1022.0,1.8,2.9,26.0,68.4331,8.5258,,11.4,0.009,13.4
2023-07-09 22:00:00,12.3,73.6,1022.1,1.5,2.7,65.7,69.5879,7.9321,,12.2,0.009,14.2
2023-07-09 22:30:00,12.4,77.9,1022.3,1.3,3.0,13.0,58.7196,6.7328,,12.4,0.009,14.2
2023-07-09 23:00:00,12.2,83.1,1022.4,2.1,4.0,4.0,30.9345,3.4721,,11.7,0.007,12.1
2023-07-09 23:30:00,11.5,87.7,1022.4,2.8,6.6,59.6,45.8304,5.3667,,11.2,0.007,12.5
2023-07-10 00:00:00,11.3,86.8,1022.4,2.1,4.1,62.1,32.293,2.8913,,11.0,0.007,12.7
2023-07-10 00:30:00,12.5,80.2,1022.5,1.9,3.8,72.8,15.0478,0.5914,,11.4,0.01,13.3
2023-07-10 01:00:00,11.1,77.4,1022.9,2.0,3.6,32.5,7.0539,0.0,,10.3,0.007,10.1
2023-07-10 01:30:00,9.7,83.4,1023.0,1.1,2.8,206.2,8.5992,0.095,,9.3,0.008,10.0
2023-07-10 02:00:00,8.8,86.0,1023.2,1.7,3.8,281.7,7.7094,0.5442,,8.7,0.009,9.4
2023-07-10 02:30:00,7.3,91.4,1023.3,2.7,4.3,280.3,7.9952,0.0,,7.6,0.007,7.4
2023-07-10 03:00:00,6.3,94.8,1023.3,2.1,3.2,291.9,5.249,0.0,,6.8,0.008,7.5
2023-07-10 03:30:00,6.6,93.3,1023.3,2.4,3.7,278.1,2.4985,0.0,,6.8,0.007,7.3
2023-07-10 04:00:00,7.2,92.8,1023.4,2.5,4.2,285.1,0.2497,0.0,,7.2,0.008,7.8
2023-07-10 04:30:00,7.6,93.9,1023.5,2.7,4.4,318.0,0.0,0.0,,7.5,0.008,8.7
2023-07-10 05:00:00,8.2,91.0,1023.4,1.7,3.1,253.3,0.0,0.0,,7.9,0.007,7.7
2023-07-10 05:30:00,7.4,94.4,1023.3,1.2,2.3,299.2,2.9116,0.0,,7.4,0.007,7.7
2023-07-10 06:00:00,6.9,94.9,1023.4,0.7,1.5,314.7,6.1268,0.2965,,7.1,0.006,7.7
2023-07-10 06:30:00,6.8,95.3,1023.4,0.7,1.5,116.7,15.3693,1.2922,,7.2,0.005,7.9
2023-07-10 07:00:00,6.7,94.9,1023.7,1.7,3.5,278.4,20.2756,1.8499,,7.1,0.003,8.0
2023-07-10 07:30:00,7.0,93.7,1023.8,0.7,1.7,158.1,34.8421,3.6048,,7.8,0.003,7.9
2023-07-10 08:00:00,6.7,94.9,1023.9,0.6,1.2,158.3,27.3397,2.9308,,7.5,0.005,7.8
2023-07-10 08:30:00,6.2,95.0,1023.9,0.6,1.9,182.3,63.2309,7.9275,,7.7,0.002,7.9
2023-07-10 09:00:00,5.4,95.9,1024.1,0.6,1.2,205.6,53.6984,6.6248,,7.3,0.003,7.0
2023-07-10 09:30:00,5.4,96.6,1024.1,1.3,2.6,236.8,45.6134,4.86,,6.8,0.008,6.8
2023-07-10 10:00:00,5.0,96.8,1024.0,0.8,1.3,155.0,50.0765,5.3327,,6.7,0.007,6.6
2023-07-10 10:30:00,4.5,97.1,1023.9,0.4,0.8,146.6,76.1822,8.8232,,7.0,0.007,7.1
2023-07-10 11:00:00,4.8,97.1,1024.0,0.7,1.5,178.5,90.0758,10.026,,7.4,0.008,7.3
2023-07-10 11:30:00,5.0,97.2,1024.1,0.6,1.3,190.9,91.4327,10.4294,,7.6,0.007,8.3
2023-07-10 12:00:00,5.3,97.0,1024.0,1.5,3.5,125.2,95.2933,10.6001,,7.8,0.007,8.1
2023-07-10 12:30:00,5.2,96.5,1024.1,0.9,2.0,247.7,143.8206,16.9594,,8.5,0.006,9.6
2023-07-10 13:00:00,6.2,96.4,1024.3,1.4,2.8,231.4,149.8898,17.9305,,9.4,0.006,9.7
2023-07-10 13:30:00,6.4,96.1,1024.2,1.3,2.3,231.3,208.6383,24.3748,,10.2,0.006,11.2
2023-07-10 14:00:00,6.3,95.8,1024.2,1.8,2.8,245.1,320.9385,40.711,0.127,11.5,0.005,11.8
2023-07-10 14:30:00,6.1,95.6,1024.1,2.2,3.2,253.6,327.4232,42.8326,0.131,11.2,0.005,12.6
2023-07-10 15:00:00,6.4,94.9,1023.9,2.1,3.3,244.9,330.2265,43.9347,0.133,11.6,0.005,14.0
2023-07-10 15:30:00,7.1,92.3,1023.7,1.4,3.0,183.5,429.0926,60.452,0.141,14.2,0.004,15.7
2023-07-10 16:00:00,7.5,91.9,1023.6,1.0,3.0,215.7,328.0672,46.2601,0.141,13.7,0.005,15.6
2023-07-10 16:30:00,7.9,89.2,1023.6,2.4,3.6,253.0,379.1935,53.7348,0.142,13.9,0.006,15.3
2023-07-10 17:00:00,7.3,90.4,1023.6,3.0,4.0,262.5,377.1292,53.8591,0.143,13.1,0.008,14.4
2023-07-10 17:30:00,9.1,86.8,1023.5,1.8,2.8,255.6,381.3842,55.7253,0.146,15.2,0.01,18.7
2023-07-10 18:00:00,9.7,83.8,1023.4,1.5,2.2,233.2,310.4331,44.3157,0.143,15.4,0.007,16.4
2023-07-10 18:30:00,9.5,87.2,1023.2,1.3,2.4,259.9,304.418,44.9574,,14.8,0.01,18.7
2023-07-10 19:00:00,10.0,86.8,1023.1,1.6,2.1,239.5,346.0047,51.0455,,15.9,0.011,20.1
2023-07-10 19:30:00,10.8,83.8,1022.8,1.2,2.2,200.9,398.6623,61.3552,,17.2,0.011,21.8
2023-07-10 20:00:00,10.6,83.7,1022.8,0.7,1.8,195.7,307.11,46.6735,,16.3,0.009,21.7
2023-07-10 20:30:00,11.7,79.1,1022.8,0.7,1.5,180.1,300.4808,47.0763,,16.5,0.009,23.8
2023-07-10 21:00:00,12.3,77.5,1022.6,1.5,2.8,121.1,339.3348,54.2415,,16.2,0.011,23.1
2023-07-10 21:30:00,11.4,79.5,1022.5,1.0,2.4,226.1,326.8228,54.2063,,15.4,0.009,24.8
2023-07-10 22:00:00,12.0,77.4,1022.1,1.1,1.9,223.0,271.3528,46.1574,,14.8,0.01,22.5
2023-07-10 22:30:00,11.7,78.0,1022.0,1.5,3.2,233.0,220.6134,37.8592,,13.6,0.01,19.8
2023-07-10 23:00:00,11.6,78.8,1021.8,1.5,2.3,265.9,198.2722,33.5844,,13.1,0.011,16.2
2023-07-10 23:30:00,11.1,80.8,1021.7,1.5,2.3,245.9,149.8763,23.9269,,12.2,0.011,14.2
