ts,101,112,113,122,123,201,301,305,365,371,401,550,601,609,801
2025-01-01 00:00:00,-12.9,-12.0,,-13.9,,57.0,1.8,2.9,173.0,160.0,1029.9,1.0,0.0,,0.0
2025-01-01 01:00:00,-12.3,-10.8,,-13.7,,51.0,0.9,2.6,0.0,153.0,1029.2,1.0,0.0,,0.0
2025-01-01 02:00:00,-12.2,-11.3,,-13.2,,52.0,0.8,2.7,95.0,112.0,1028.8,1.0,0.0,,0.0
2025-01-01 03:00:00,-13.5,-11.8,,-15.7,,63.0,2.5,4.1,192.0,150.0,1028.9,1.0,0.0,,0.0
2025-01-01 04:00:00,-13.4,-12.5,,-14.2,,69.0,2.8,4.7,148.0,175.0,1028.2,1.0,0.0,,0.0
2025-01-01 05:00:00,-13.5,-12.7,,-14.0,,71.0,1.7,3.0,158.0,148.0,1027.5,1.0,0.0,,0.0
2025-01-01 06:00:00,-13.5,-12.8,-10.8,-14.0,-15.7,73.0,2.0,2.6,178.0,157.0,1027.4,1.0,0.0,0.0,0.0
2025-01-01 07:00:00,-13.1,-12.5,,-14.1,,74.0,2.7,3.8,195.0,189.0,1027.4,1.0,0.0,,0.0
2025-01-01 08:00:00,-13.3,-12.7,,-14.0,,80.0,2.7,5.1,183.0,176.0,1027.0,1.0,0.0,,90.0
2025-01-01 09:00:00,-13.0,-12.5,,-13.9,,80.0,3.0,4.6,178.0,176.0,1026.7,1.0,0.0,,10.0
2025-01-01 10:00:00,-13.1,-12.9,,-13.4,,80.0,2.6,3.9,164.0,172.0,1026.4,1.0,0.0,,10.0
2025-01-01 11:00:00,-13.0,-12.6,,-13.5,,80.0,2.6,3.4,177.0,171.0,1026.2,1.0,0.0,,10.0
2025-01-01 12:00:00,-13.2,-12.6,,-13.7,,86.0,3.2,5.1,176.0,177.0,1025.8,1.0,0.0,,0.0
2025-01-01 13:00:00,-12.6,-12.1,,-13.3,,91.0,3.7,5.2,171.0,175.0,1025.9,1.0,0.0,,90.0
2025-01-01 14:00:00,-12.0,-11.7,,-12.4,,90.0,2.9,4.4,177.0,169.0,1025.8,1.0,0.0,,90.0
2025-01-01 15:00:00,-12.4,-12.1,,-12.5,,88.0,2.3,3.3,178.0,182.0,1025.4,2.0,0.0,,90.0
2025-01-01 16:00:00,-12.3,-12.0,,-12.6,,88.0,0.4,1.3,0.0,158.0,1024.8,3.0,0.0,,10.0
2025-01-01 17:00:00,-12.6,-12.1,,-13.0,,88.0,0.6,2.0,0.0,161.0,1024.6,2.0,0.0,,100.0
2025-01-01 18:00:00,-11.9,-10.9,-10.9,-12.7,-14.1,88.0,1.1,2.3,83.0,110.0,1024.0,2.0,0.0,,90.0
2025-01-01 19:00:00,-10.6,-9.9,,-11.0,,80.0,2.8,4.1,76.0,74.0,1023.6,1.0,0.0,,90.0
2025-01-01 20:00:00,-10.5,-9.6,,-11.1,,65.0,3.9,6.6,66.0,73.0,1022.8,1.0,0.0,,90.0
2025-01-01 21:00:00,-10.5,-9.8,,-10.8,,72.0,6.1,7.9,79.0,80.0,1022.2,1.0,0.0,,90.0
2025-01-01 22:00:00,-9.5,-9.2,,-10.2,,81.0,4.4,6.6,76.0,76.0,1021.7,1.0,0.0,,90.0
2025-01-01 23:00:00,-8.7,-8.3,,-9.2,,77.0,4.8,6.9,67.0,68.0,1020.6,1.0,0.0,,90.0
2025-01-02 00:00:00,-7.9,-7.6,,-8.3,,75.0,3.8,6.5,85.0,72.0,1020.2,1.0,0.0,,100.0
2025-01-02 01:00:00,-7.8,-7.5,,-8.1,,79.0,4.2,6.6,50.0,66.0,1019.0,1.0,0.1,,100.0
2025-01-02 02:00:00,-7.6,-7.1,,-8.0,,81.0,5.8,8.2,72.0,81.0,1018.3,1.0,0.2,,100.0
2025-01-02 03:00:00,-6.4,-5.7,,-7.1,,66.0,6.3,9.3,85.0,86.0,1017.6,1.0,0.0,,100.0
2025-01-02 04:00:00,-6.0,-5.8,,-6.2,,83.0,6.6,10.9,76.0,92.0,1016.9,1.0,0.1,,100.0
2025-01-02 05:00:00,-5.3,-4.6,,-6.0,,91.0,5.8,9.4,103.0,105.0,1016.4,1.0,0.2,,100.0
2025-01-02 06:00:00,-4.1,-3.8,-3.8,-4.7,-11.1,91.0,6.0,9.5,137.0,123.0,1015.9,1.0,0.4,1.0,100.0
2025-01-02 07:00:00,-3.7,-3.2,,-3.9,,91.0,7.4,10.6,128.0,133.0,1015.5,1.0,0.4,,100.0
2025-01-02 08:00:00,-3.1,-2.8,,-3.2,,91.0,9.8,13.5,141.0,138.0,1015.3,1.0,0.5,,
2025-01-02 09:00:00,-2.8,-2.7,,-2.9,,91.0,8.6,11.6,131.0,133.0,1014.7,1.0,0.4,,
2025-01-02 10:00:00,-2.4,-2.0,,-2.7,,92.0,8.9,12.5,130.0,132.0,1014.2,1.0,0.4,,100.0
2025-01-02 11:00:00,-1.7,-1.3,,-2.0,,89.0,8.2,11.2,120.0,121.0,1013.8,1.0,0.1,,100.0
2025-01-02 12:00:00,-1.0,-0.7,,-1.3,,86.0,8.9,12.0,123.0,122.0,1013.7,1.0,0.2,,100.0
2025-01-02 13:00:00,-0.4,-0.1,,-0.7,,83.0,8.4,11.0,129.0,125.0,1013.9,1.0,0.1,,100.0
2025-01-02 14:00:00,0.0,0.2,,-0.3,,78.0,7.2,9.7,144.0,134.0,1014.0,1.0,0.0,,100.0
2025-01-02 15:00:00,0.3,0.5,,0.0,,70.0,6.5,10.5,166.0,160.0,1014.3,2.0,0.0,,
2025-01-02 16:00:00,-0.7,0.1,,-1.3,,82.0,6.1,9.8,169.0,171.0,1014.7,3.0,0.0,,100.0
2025-01-02 17:00:00,-1.2,-1.0,,-1.6,,88.0,5.4,7.9,168.0,169.0,1015.0,2.0,0.2,,
2025-01-02 18:00:00,-1.5,-1.3,0.5,-1.7,-3.9,95.0,7.2,10.7,167.0,170.0,1015.5,1.0,0.7,,
2025-01-02 19:00:00,-1.2,-1.0,,-1.7,,97.0,8.1,11.6,203.0,183.0,1016.6,1.0,0.6,,90.0
2025-01-02 20:00:00,-2.1,-1.7,,-2.2,,96.0,7.5,11.9,186.0,198.0,1017.8,1.0,0.5,,10.0
2025-01-02 21:00:00,-2.1,-2.0,,-2.2,,95.0,8.4,11.4,185.0,183.0,1018.8,1.0,0.4,,100.0
2025-01-02 22:00:00,-2.3,-2.1,,-2.4,,94.0,7.8,11.9,195.0,196.0,1019.8,1.0,0.2,,100.0
2025-01-02 23:00:00,-2.2,-2.2,,-2.3,,91.0,8.3,11.0,193.0,190.0,1020.7,1.0,0.1,,100.0
2025-01-03 00:00:00,-2.2,-2.0,,-2.4,,89.0,7.9,10.9,194.0,189.0,1021.5,1.0,0.0,,100.0
2025-01-03 01:00:00,-2.1,-2.0,,-2.3,,88.0,7.9,10.5,191.0,189.0,1022.2,1.0,0.1,,100.0
2025-01-03 02:00:00,-2.3,-2.3,,-2.4,,93.0,7.5,10.2,184.0,189.0,1022.9,1.0,0.1,,90.0
2025-01-03 03:00:00,-2.2,-2.1,,-2.3,,92.0,6.2,8.6,168.0,175.0,1023.4,1.0,0.0,,100.0
2025-01-03 04:00:00,-2.2,-2.1,,-2.3,,95.0,5.0,7.8,142.0,156.0,1024.0,1.0,0.1,,100.0
2025-01-03 05:00:00,-1.6,-1.1,,-2.2,,91.0,5.7,8.9,156.0,149.0,1024.0,1.0,0.0,,100.0
2025-01-03 06:00:00,-1.5,-1.3,-1.0,-1.6,-2.4,94.0,5.5,7.5,164.0,159.0,1024.4,1.0,0.2,5.3,100.0
2025-01-03 07:00:00,-1.6,-1.4,,-1.7,,96.0,4.3,7.1,140.0,150.0,1025.0,1.0,0.1,,100.0
2025-01-03 08:00:00,-1.3,-1.1,,-1.9,,97.0,3.8,5.9,109.0,140.0,1025.2,1.0,0.2,,100.0
2025-01-03 09:00:00,-1.9,-1.4,,-2.1,,95.0,3.9,5.9,122.0,109.0,1025.3,1.0,0.1,,100.0
2025-01-03 10:00:00,-1.5,-1.3,,-1.6,,95.0,4.3,6.6,133.0,126.0,1025.5,1.0,0.2,,
2025-01-03 11:00:00,-1.2,-1.2,,-1.4,,97.0,4.4,6.1,149.0,146.0,1025.4,1.0,0.1,,90.0
2025-01-03 12:00:00,-1.2,-1.2,,-1.3,,96.0,3.5,5.5,165.0,158.0,1025.7,1.0,0.1,,90.0
2025-01-03 13:00:00,-1.4,-1.3,,-1.6,,96.0,2.8,5.1,144.0,155.0,1026.0,1.0,0.3,,90.0
2025-01-03 14:00:00,-1.3,-1.1,,-1.5,,97.0,3.3,4.2,151.0,145.0,1026.2,1.0,0.4,,90.0
2025-01-03 15:00:00,-1.2,-1.0,,-1.4,,97.0,2.6,4.0,135.0,140.0,1026.0,2.0,0.2,,90.0
2025-01-03 16:00:00,-0.9,-0.8,,-1.0,,98.0,2.1,3.8,,152.0,1026.1,2.0,0.2,,90.0
2025-01-03 17:00:00,-0.8,-0.7,,-1.1,,98.0,1.4,3.7,154.0,149.0,1026.0,2.0,0.1,,90.0
2025-01-03 18:00:00,-0.8,-0.7,-0.7,-1.0,-2.1,97.0,3.4,5.6,167.0,151.0,1025.9,1.0,0.0,,90.0
2025-01-03 19:00:00,-1.0,-0.8,,-1.1,,97.0,4.6,5.6,167.0,168.0,1026.1,1.0,0.2,,
2025-01-03 20:00:00,-0.7,-0.6,,-0.9,,98.0,3.8,5.9,158.0,157.0,1026.3,1.0,0.0,,
2025-01-03 21:00:00,-0.5,-0.4,,-0.6,,98.0,2.2,3.4,165.0,162.0,1026.4,1.0,0.1,,90.0
2025-01-03 22:00:00,-0.5,-0.4,,-0.6,,98.0,2.0,3.4,162.0,162.0,1026.4,1.0,0.2,,90.0
2025-01-03 23:00:00,-0.5,-0.4,,-0.7,,98.0,1.4,2.6,94.0,108.0,1026.0,1.0,0.0,,90.0
2025-01-04 00:00:00,-0.4,-0.2,,-0.6,,97.0,1.4,3.1,166.0,140.0,1026.0,1.0,0.0,,90.0
2025-01-04 01:00:00,-0.3,-0.2,,-0.6,,98.0,1.4,2.5,195.0,190.0,1025.9,1.0,0.1,,90.0
2025-01-04 02:00:00,-0.7,-0.6,,-0.7,,98.0,0.0,1.3,0.0,0.0,1025.7,1.0,0.1,,10.0
2025-01-04 03:00:00,-0.5,-0.5,,-0.6,,99.0,0.7,2.1,193.0,205.0,1025.4,1.0,0.1,,10.0
2025-01-04 04:00:00,-0.8,-0.6,,-0.9,,99.0,0.0,1.8,0.0,0.0,1025.0,1.0,0.1,,90.0
2025-01-04 05:00:00,-1.0,-0.9,,-1.2,,99.0,0.0,0.0,0.0,0.0,1024.7,1.0,0.4,,90.0
2025-01-04 06:00:00,-1.5,-1.2,-0.2,-1.6,-1.6,98.0,0.0,0.0,0.0,0.0,1024.6,1.0,0.2,3.5,90.0
2025-01-04 07:00:00,-1.5,-1.4,,-1.6,,98.0,0.0,0.0,0.0,0.0,1024.6,1.0,0.1,,40.0
2025-01-04 08:00:00,-1.8,-1.6,,-1.9,,98.0,0.0,0.0,0.0,0.0,1024.3,1.0,0.1,,90.0
2025-01-04 09:00:00,-2.1,-1.8,,-2.4,,98.0,0.0,0.0,0.0,0.0,1024.4,1.0,0.1,,40.0
2025-01-04 10:00:00,-2.4,-2.1,,-2.8,,97.0,0.0,0.0,0.0,0.0,1023.9,1.0,0.0,,40.0
2025-01-04 11:00:00,-2.9,-2.5,,-3.4,,97.0,0.0,0.0,0.0,0.0,1023.8,1.0,0.0,,90.0
2025-01-04 12:00:00,-3.5,-3.0,,-3.9,,97.0,0.4,2.3,264.0,248.0,1023.6,1.0,0.0,,90.0
2025-01-04 13:00:00,-3.5,-3.1,,-3.8,,97.0,0.3,2.2,0.0,242.0,1023.4,1.0,0.0,,
2025-01-04 14:00:00,-3.8,-3.5,,-4.1,,96.0,0.0,0.0,0.0,0.0,1023.6,1.0,0.0,,90.0
2025-01-04 15:00:00,-3.6,-3.2,,-3.8,,96.0,0.0,0.0,0.0,0.0,1023.5,3.0,0.0,,
2025-01-04 16:00:00,-3.6,-3.3,,-4.0,,96.0,0.0,0.0,0.0,0.0,1023.5,5.0,0.0,,100.0
2025-01-04 17:00:00,-4.0,-3.6,,-4.3,,96.0,0.0,0.0,0.0,0.0,1023.3,4.0,0.0,,
2025-01-04 18:00:00,-4.3,-4.1,-1.4,-4.5,-4.5,96.0,0.0,0.0,0.0,0.0,1023.1,2.0,0.0,,100.0
2025-01-04 19:00:00,-3.9,-3.6,,-4.1,,96.0,0.0,0.0,0.0,0.0,1023.3,1.0,0.0,,100.0
2025-01-04 20:00:00,-4.0,-3.6,,-4.3,,96.0,0.0,0.0,0.0,0.0,1023.6,1.0,0.0,,60.0
2025-01-04 21:00:00,-4.3,-4.0,,-4.6,,96.0,0.0,0.0,0.0,0.0,1023.9,1.0,0.0,,100.0
2025-01-04 22:00:00,-4.8,-4.3,,-5.0,,95.0,0.0,0.0,0.0,0.0,1023.9,1.0,0.0,,60.0
2025-01-04 23:00:00,-5.0,-4.4,,-5.4,,95.0,0.0,0.0,0.0,0.0,1023.7,1.0,0.0,,90.0
2025-01-05 00:00:00,-5.3,-5.1,,-5.5,,94.0,0.0,0.0,0.0,0.0,1023.5,1.0,0.0,,90.0
2025-01-05 01:00:00,-5.0,-4.5,,-5.4,,95.0,0.0,0.0,0.0,0.0,1023.3,1.0,0.0,,90.0
2025-01-05 02:00:00,-5.1,-4.4,,-5.5,,95.0,0.0,0.0,0.0,0.0,1023.3,1.0,0.0,,60.0
2025-01-05 03:00:00,-5.5,-5.0,,-5.9,,94.0,0.0,0.0,0.0,0.0,1023.1,1.0,0.0,,90.0
2025-01-05 04:00:00,-5.8,-5.6,,-6.1,,94.0,0.0,0.0,0.0,0.0,1022.9,1.0,0.0,,90.0
2025-01-05 05:00:00,-5.1,-4.5,,-5.8,,95.0,0.0,0.0,0.0,0.0,1023.0,1.0,0.0,,90.0
2025-01-05 06:00:00,-4.6,-4.3,-3.6,-4.9,-6.1,96.0,0.0,0.0,0.0,0.0,1022.9,1.0,0.0,0.3,100.0
2025-01-05 07:00:00,-4.3,-4.0,,-4.9,,96.0,0.0,0.0,0.0,0.0,1022.9,1.0,0.0,,90.0
2025-01-05 08:00:00,-5.2,-4.4,,-6.1,,94.0,0.0,0.0,0.0,0.0,1023.0,1.0,0.0,,100.0
2025-01-05 09:00:00,-5.5,-5.4,,-5.6,,95.0,0.0,0.0,0.0,0.0,1022.9,1.0,0.0,,0.0
2025-01-05 10:00:00,-5.7,-5.4,,-6.2,,94.0,0.0,0.0,0.0,0.0,1022.9,1.0,0.0,,0.0
2025-01-05 11:00:00,-5.5,-4.9,,-6.3,,95.0,0.0,0.0,0.0,0.0,1022.9,1.0,0.0,,0.0
2025-01-05 12:00:00,-6.1,-5.6,,-6.7,,94.0,0.0,0.0,0.0,0.0,1022.7,1.0,0.0,,10.0
2025-01-05 13:00:00,-5.5,-4.9,,-6.0,,94.0,0.0,0.0,0.0,0.0,1022.0,1.0,0.0,,10.0
2025-01-05 14:00:00,-5.6,-5.0,,-6.2,,94.0,0.0,0.0,0.0,0.0,1021.9,2.0,0.0,,0.0
2025-01-05 15:00:00,-6.7,-5.9,,-7.2,,93.0,0.0,0.0,0.0,0.0,1021.7,3.0,0.0,,10.0
2025-01-05 16:00:00,-7.1,-6.6,,-7.9,,93.0,0.0,0.0,0.0,0.0,1021.1,4.0,0.0,,40.0
2025-01-05 17:00:00,-6.0,-4.9,,-6.8,,94.0,0.0,0.0,0.0,0.0,1020.6,4.0,0.0,,0.0
2025-01-05 18:00:00,-6.4,-5.8,-4.0,-7.5,-7.9,94.0,0.0,0.0,0.0,0.0,1020.2,2.0,0.0,,0.0
2025-01-05 19:00:00,-6.1,-5.6,,-6.4,,94.0,0.0,0.0,0.0,0.0,1020.0,1.0,0.0,,0.0
2025-01-05 20:00:00,-6.7,-5.7,,-7.8,,93.0,0.0,0.0,0.0,0.0,1019.8,1.0,0.0,,0.0
2025-01-05 21:00:00,-9.0,-7.8,,-10.1,,91.0,0.0,0.0,0.0,0.0,1020.2,1.0,0.0,,0.0
2025-01-05 22:00:00,-9.5,-8.8,,-9.9,,91.0,0.0,0.0,0.0,0.0,1020.1,1.0,0.0,,0.0
2025-01-05 23:00:00,-9.3,-8.6,,-9.8,,91.0,0.0,0.0,0.0,0.0,1019.9,1.0,0.0,,0.0
2025-01-06 00:00:00,-9.3,-9.0,,-9.7,,91.0,0.0,0.0,0.0,0.0,1020.0,1.0,0.0,,60.0
2025-01-06 01:00:00,-9.5,-9.3,,-9.7,,91.0,0.0,0.0,0.0,0.0,1019.8,1.0,0.0,,100.0
2025-01-06 02:00:00,-9.6,-9.0,,-9.9,,91.0,0.0,0.3,0.0,0.0,1019.8,1.0,0.0,,90.0
2025-01-06 03:00:00,-9.0,-8.9,,-9.1,,91.0,0.0,0.3,0.0,0.0,1019.6,1.0,0.0,,90.0
2025-01-06 04:00:00,-8.8,-8.6,,-9.0,,91.0,0.0,0.0,0.0,0.0,1019.5,1.0,0.0,,90.0
2025-01-06 05:00:00,-8.6,-8.4,,-8.9,,92.0,0.0,0.3,0.0,0.0,1019.6,1.0,0.0,,60.0
2025-01-06 06:00:00,-8.3,-8.0,-5.6,-8.9,-10.1,92.0,0.0,0.0,0.0,0.0,1019.4,1.0,0.0,0.0,90.0
2025-01-06 07:00:00,-7.9,-7.6,,-8.5,,92.0,0.0,0.0,0.0,0.0,1019.7,1.0,0.0,,90.0
2025-01-06 08:00:00,-8.3,-7.6,,-8.6,,91.0,0.0,0.0,0.0,0.0,1019.9,1.0,0.0,,90.0
2025-01-06 09:00:00,-8.0,-7.3,,-8.6,,91.0,0.0,0.0,0.0,0.0,1019.6,1.0,0.0,,60.0
2025-01-06 10:00:00,-7.2,-6.3,,-7.9,,91.0,0.0,0.0,0.0,0.0,1019.7,1.0,0.0,,10.0
2025-01-06 11:00:00,-6.7,-5.7,,-7.1,,89.0,0.0,0.0,0.0,0.0,1019.5,1.0,0.0,,90.0
2025-01-06 12:00:00,-6.5,-5.6,,-6.8,,89.0,0.0,0.0,0.0,0.0,1019.2,1.0,0.0,,100.0
2025-01-06 13:00:00,-5.8,-5.1,,-6.4,,87.0,0.0,0.4,0.0,0.0,1019.4,1.0,0.0,,60.0
2025-01-06 14:00:00,-5.6,-5.0,,-6.2,,83.0,0.3,2.0,0.0,155.0,1019.4,2.0,0.0,,60.0
2025-01-06 15:00:00,-5.7,-5.3,,-6.1,,81.0,1.5,2.2,169.0,150.0,1019.4,3.0,0.0,,90.0
2025-01-06 16:00:00,-5.3,-4.8,,-5.8,,79.0,1.6,2.5,132.0,155.0,1019.6,3.0,0.0,,100.0
2025-01-06 17:00:00,-4.4,-3.5,,-5.1,,76.0,1.8,2.9,134.0,133.0,1019.5,3.0,0.0,,100.0
2025-01-06 18:00:00,-3.6,-3.2,-3.2,-4.2,-8.6,73.0,1.3,3.1,179.0,156.0,1020.0,2.0,0.0,,100.0
2025-01-06 19:00:00,-4.3,-3.5,,-4.9,,79.0,1.6,3.1,171.0,187.0,1020.7,1.0,0.0,,100.0
2025-01-06 20:00:00,-4.1,-3.8,,-4.5,,80.0,3.8,6.8,162.0,166.0,1021.0,1.0,0.0,,
2025-01-06 21:00:00,-3.8,-3.4,,-4.1,,85.0,6.1,7.8,159.0,168.0,1021.0,1.0,0.1,,100.0
2025-01-06 22:00:00,-3.2,-2.7,,-3.5,,75.0,5.5,7.3,162.0,164.0,1021.4,1.0,0.0,,100.0
2025-01-06 23:00:00,-2.7,-2.5,,-2.9,,73.0,2.9,5.9,156.0,151.0,1021.7,1.0,0.0,,100.0
2025-01-07 00:00:00,-3.1,-2.6,,-3.7,,76.0,0.3,1.7,0.0,94.0,1022.0,1.0,0.0,,100.0
2025-01-07 01:00:00,-3.6,-2.4,,-4.0,,74.0,2.4,3.8,105.0,99.0,1021.9,1.0,0.0,,90.0
2025-01-07 02:00:00,-3.4,-3.0,,-4.1,,70.0,2.5,4.0,109.0,131.0,1021.7,1.0,0.0,,90.0
2025-01-07 03:00:00,-3.4,-2.7,,-4.1,,68.0,1.3,3.2,214.0,173.0,1022.0,1.0,0.0,,90.0
2025-01-07 04:00:00,-3.7,-3.4,,-4.0,,68.0,1.4,3.2,188.0,196.0,1022.1,1.0,0.0,,100.0
2025-01-07 05:00:00,-3.8,-3.5,,-4.1,,70.0,1.1,3.1,133.0,166.0,1022.0,1.0,0.0,,100.0
2025-01-07 06:00:00,-3.5,-2.9,-2.4,-4.0,-4.9,68.0,0.0,1.8,0.0,0.0,1022.1,1.0,0.0,0.1,90.0
2025-01-07 07:00:00,-3.1,-2.8,,-3.5,,74.0,0.0,0.6,0.0,0.0,1022.2,1.0,0.0,,90.0
2025-01-07 08:00:00,-3.0,-2.6,,-3.5,,74.0,0.0,0.0,0.0,0.0,1022.3,1.0,0.0,,100.0
2025-01-07 09:00:00,-3.6,-3.2,,-3.9,,80.0,2.1,4.7,153.0,137.0,1022.2,1.0,0.0,,100.0
2025-01-07 10:00:00,-3.8,-3.2,,-4.6,,79.0,2.3,4.7,127.0,124.0,1021.9,1.0,0.0,,100.0
2025-01-07 11:00:00,-4.3,-3.6,,-4.6,,84.0,2.6,3.5,112.0,116.0,1021.6,1.0,0.0,,100.0
2025-01-07 12:00:00,-4.7,-3.9,,-5.0,,83.0,2.9,4.4,87.0,100.0,1021.2,1.0,0.0,,90.0
2025-01-07 13:00:00,-4.7,-3.9,,-5.3,,81.0,3.1,5.4,,93.0,1021.1,1.0,0.0,,90.0
2025-01-07 14:00:00,-4.1,-3.7,,-4.5,,79.0,1.9,3.9,0.0,98.0,1020.9,2.0,0.0,,100.0
2025-01-07 15:00:00,-3.5,-3.2,,-3.8,,76.0,0.0,0.0,0.0,0.0,1020.5,5.0,0.0,,100.0
2025-01-07 16:00:00,-3.6,-3.2,,-4.1,,77.0,0.0,0.7,0.0,0.0,1020.5,6.0,0.0,,100.0
2025-01-07 17:00:00,-4.2,-3.8,,-4.5,,80.0,2.4,4.0,190.0,201.0,1020.0,6.0,0.0,,100.0
2025-01-07 18:00:00,-4.5,-4.2,-2.6,-5.3,-5.3,74.0,1.0,2.8,154.0,136.0,1019.6,4.0,0.0,,100.0
2025-01-07 19:00:00,-4.8,-4.2,,-5.4,,73.0,3.0,4.3,177.0,171.0,1019.4,1.0,0.0,,100.0
2025-01-07 20:00:00,-5.0,-4.3,,-5.6,,70.0,2.6,4.2,144.0,161.0,1019.0,1.0,0.0,,100.0
2025-01-07 21:00:00,-4.7,-4.4,,-5.0,,68.0,1.2,2.7,118.0,132.0,1018.6,1.0,0.0,,60.0
2025-01-07 22:00:00,-5.4,-4.7,,-5.8,,77.0,1.3,2.5,185.0,137.0,1018.3,1.0,0.0,,90.0
2025-01-07 23:00:00,-6.3,-5.8,,-7.1,,78.0,0.8,2.4,191.0,176.0,1018.1,1.0,0.0,,90.0
2025-01-08 00:00:00,-6.7,-5.9,,-7.3,,76.0,2.3,3.5,158.0,171.0,1017.4,1.0,0.0,,0.0
2025-01-08 01:00:00,-6.9,-6.3,,-7.7,,73.0,1.8,3.1,177.0,155.0,1016.9,1.0,0.0,,0.0
2025-01-08 02:00:00,-8.1,-7.3,,-8.7,,78.0,2.9,4.1,209.0,189.0,1016.7,1.0,0.0,,0.0
2025-01-08 03:00:00,-8.2,-7.8,,-8.6,,81.0,3.4,4.3,176.0,185.0,1016.4,1.0,0.0,,0.0
2025-01-08 04:00:00,-7.6,-7.0,,-8.1,,78.0,2.7,3.9,163.0,166.0,1016.1,1.0,0.0,,90.0
2025-01-08 05:00:00,-7.3,-6.3,,-7.8,,78.0,2.8,4.6,146.0,168.0,1015.9,1.0,0.0,,90.0
2025-01-08 06:00:00,-6.4,-6.0,-4.2,-6.9,-8.7,78.0,4.1,6.0,180.0,177.0,1016.0,1.0,0.0,0.0,90.0
2025-01-08 07:00:00,-6.1,-5.9,,-6.2,,76.0,5.1,6.6,186.0,188.0,1016.4,1.0,0.0,,100.0
2025-01-08 08:00:00,-5.9,-5.6,,-6.2,,77.0,4.0,5.2,172.0,182.0,1016.7,1.0,0.0,,100.0
2025-01-08 09:00:00,-5.4,-5.1,,-5.7,,76.0,4.3,5.6,181.0,183.0,1017.0,1.0,0.0,,100.0
2025-01-08 10:00:00,-4.9,-4.4,,-5.5,,79.0,4.5,6.9,168.0,168.0,1017.3,1.0,0.0,,90.0
2025-01-08 11:00:00,-4.9,-4.7,,-5.1,,80.0,3.6,5.7,156.0,174.0,1017.4,1.0,0.0,,90.0
2025-01-08 12:00:00,-4.8,-4.3,,-5.1,,86.0,4.9,6.8,161.0,166.0,1017.7,1.0,0.0,,90.0
2025-01-08 13:00:00,-4.3,-4.0,,-4.7,,87.0,4.3,6.2,166.0,165.0,1017.7,1.0,0.0,,90.0
2025-01-08 14:00:00,-4.2,-4.0,,-4.5,,85.0,4.2,5.6,171.0,165.0,1017.5,2.0,0.0,,100.0
2025-01-08 15:00:00,-4.6,-4.4,,-4.7,,85.0,3.4,4.7,165.0,176.0,1017.4,3.0,0.0,,100.0
2025-01-08 16:00:00,-4.8,-4.6,,-5.0,,83.0,3.4,4.8,182.0,173.0,1017.4,5.0,0.0,,100.0
2025-01-08 17:00:00,-4.8,-4.7,,-5.0,,85.0,3.8,5.2,172.0,182.0,1017.3,6.0,0.0,,100.0
2025-01-08 18:00:00,-5.1,-4.9,-4.0,-5.3,-6.2,86.0,3.6,5.3,152.0,160.0,1017.2,3.0,0.0,,90.0
2025-01-08 19:00:00,-5.3,-5.1,,-5.4,,87.0,4.5,6.6,167.0,164.0,1017.2,1.0,0.0,,90.0
2025-01-08 20:00:00,-5.2,-5.2,,-5.3,,89.0,6.3,8.3,174.0,171.0,1017.2,1.0,0.1,,100.0
2025-01-08 21:00:00,-5.3,-5.1,,-5.5,,89.0,5.3,7.6,175.0,179.0,1017.3,1.0,0.0,,100.0
2025-01-08 22:00:00,-5.5,-5.3,,-5.7,,94.0,5.1,7.5,281.0,215.0,1017.6,1.0,0.0,,100.0
2025-01-08 23:00:00,-6.0,-5.6,,-6.6,,93.0,4.4,7.1,280.0,278.0,1017.8,1.0,0.1,,100.0
2025-01-09 00:00:00,-7.1,-6.6,,-7.6,,89.0,5.7,9.6,286.0,282.0,1018.0,1.0,0.0,,90.0
2025-01-09 01:00:00,-7.9,-7.6,,-8.1,,88.0,6.2,9.7,280.0,280.0,1018.2,1.0,0.0,,100.0
2025-01-09 02:00:00,-8.5,-8.1,,-8.8,,86.0,6.3,10.5,275.0,277.0,1018.4,1.0,0.0,,90.0
2025-01-09 03:00:00,-9.0,-8.7,,-9.2,,83.0,7.6,11.7,274.0,275.0,1018.4,1.0,0.0,,90.0
2025-01-09 04:00:00,-9.2,-9.0,,-9.3,,84.0,7.6,12.7,276.0,275.0,1018.2,1.0,0.0,,90.0
2025-01-09 05:00:00,-9.0,-8.7,,-9.3,,83.0,8.1,13.4,278.0,275.0,1018.1,1.0,0.0,,90.0
2025-01-09 06:00:00,-8.5,-8.3,-5.1,-8.8,-9.3,80.0,8.1,12.4,282.0,282.0,1018.1,1.0,0.0,0.2,100.0
2025-01-09 07:00:00,-8.3,-8.1,,-8.5,,77.0,8.2,12.7,296.0,290.0,1018.2,1.0,0.0,,60.0
2025-01-09 08:00:00,-8.3,-8.1,,-8.5,,77.0,7.2,11.9,306.0,303.0,1018.8,1.0,0.0,,90.0
2025-01-09 09:00:00,-8.1,-7.8,,-8.4,,78.0,5.6,9.5,308.0,310.0,1019.0,1.0,0.2,,90.0
2025-01-09 10:00:00,-8.1,-7.8,,-8.4,,80.0,5.2,10.2,34.0,342.0,1018.4,1.0,0.2,,90.0
2025-01-09 11:00:00,-8.1,-7.9,,-8.3,,79.0,7.4,11.0,41.0,40.0,1019.0,1.0,0.0,,90.0
2025-01-09 12:00:00,-8.4,-8.1,,-8.7,,76.0,8.6,12.4,36.0,37.0,1019.1,1.0,0.0,,90.0
2025-01-09 13:00:00,-8.6,-8.5,,-8.8,,75.0,9.0,12.8,37.0,36.0,1019.3,1.0,0.0,,90.0
2025-01-09 14:00:00,-8.9,-8.7,,-9.2,,76.0,9.4,13.1,37.0,36.0,1019.4,2.0,0.0,,90.0
2025-01-09 15:00:00,-9.2,-8.9,,-9.3,,74.0,9.8,13.8,31.0,34.0,1019.5,4.0,0.0,,90.0
2025-01-09 16:00:00,-9.3,-9.1,,-9.5,,71.0,10.6,14.3,27.0,29.0,1018.9,5.0,0.0,,90.0
2025-01-09 17:00:00,-9.2,-9.0,,-9.4,,70.0,11.4,15.1,28.0,27.0,1018.6,4.0,0.0,,90.0
2025-01-09 18:00:00,-9.4,-9.1,-7.8,-9.6,-9.6,70.0,10.9,14.5,28.0,28.0,1018.3,2.0,0.1,,90.0
2025-01-09 19:00:00,-9.8,-9.5,,-10.1,,68.0,10.4,14.3,25.0,26.0,1018.5,1.0,0.0,,90.0
2025-01-09 20:00:00,-10.1,-10.0,,-10.3,,66.0,10.0,14.4,25.0,26.0,1018.1,1.0,0.0,,40.0
2025-01-09 21:00:00,-10.3,-10.2,,-10.5,,64.0,10.3,14.9,25.0,25.0,1018.0,1.0,0.0,,0.0
2025-01-09 22:00:00,-10.4,-10.3,,-10.6,,63.0,9.5,14.1,15.0,19.0,1017.7,1.0,0.0,,10.0
2025-01-09 23:00:00,-10.4,-10.3,,-10.5,,63.0,9.4,14.3,14.0,13.0,1017.1,1.0,0.0,,0.0
2025-01-10 00:00:00,-10.5,-10.3,,-10.7,,63.0,9.1,13.4,14.0,13.0,1016.7,1.0,0.0,,10.0
2025-01-10 01:00:00,-10.6,-10.4,,-10.8,,67.0,8.0,13.1,19.0,14.0,1016.1,1.0,0.0,,40.0
2025-01-10 02:00:00,-10.6,-10.5,,-10.8,,66.0,7.2,11.4,15.0,15.0,1015.8,1.0,0.0,,10.0
2025-01-10 03:00:00,-10.5,-10.4,,-10.7,,63.0,6.7,10.2,20.0,15.0,1015.1,1.0,0.0,,10.0
2025-01-10 04:00:00,-10.4,-10.2,,-10.7,,64.0,7.0,10.5,33.0,25.0,1014.5,1.0,0.0,,10.0
2025-01-10 05:00:00,-10.3,-10.2,,-10.4,,61.0,7.2,10.0,24.0,25.0,1014.0,1.0,0.0,,0.0
2025-01-10 06:00:00,-10.2,-10.1,-9.5,-10.4,-10.8,65.0,7.2,10.5,24.0,21.0,1013.9,1.0,0.0,0.5,10.0
2025-01-10 07:00:00,-10.5,-10.0,,-10.8,,71.0,7.2,12.0,35.0,34.0,1013.6,1.0,0.0,,60.0
2025-01-10 08:00:00,-10.7,-10.5,,-11.0,,73.0,6.8,10.5,34.0,36.0,1013.4,1.0,0.0,,60.0
2025-01-10 09:00:00,-10.3,-10.1,,-10.8,,70.0,6.8,10.3,23.0,28.0,1013.3,1.0,0.0,,60.0
2025-01-10 10:00:00,-10.3,-10.0,,-10.6,,68.0,6.3,9.8,26.0,27.0,1012.9,1.0,0.0,,10.0
2025-01-10 11:00:00,-10.3,-10.1,,-10.5,,65.0,4.9,8.3,16.0,18.0,1012.8,1.0,0.0,,10.0
2025-01-10 12:00:00,-10.2,-10.0,,-10.5,,67.0,4.1,7.2,16.0,22.0,1012.5,1.0,0.0,,40.0
2025-01-10 13:00:00,-10.1,-9.9,,-10.4,,68.0,3.2,6.5,21.0,16.0,1012.3,1.0,0.0,,60.0
2025-01-10 14:00:00,-9.8,-9.6,,-10.1,,67.0,2.9,5.4,341.0,357.0,1012.2,2.0,0.0,,90.0
2025-01-10 15:00:00,-10.4,-9.5,,-11.5,,74.0,2.3,4.9,119.0,65.0,1011.8,5.0,0.0,,100.0
2025-01-10 16:00:00,-11.4,-11.1,,-11.7,,80.0,2.0,3.9,170.0,142.0,1011.2,9.0,0.0,,100.0
2025-01-10 17:00:00,-11.8,-11.5,,-12.0,,81.0,1.6,2.2,199.0,191.0,1010.9,7.0,0.0,,100.0
2025-01-10 18:00:00,-11.3,-10.4,-9.5,-11.7,-12.0,81.0,0.8,2.6,186.0,175.0,1010.8,3.0,0.0,,100.0
2025-01-10 19:00:00,-11.0,-10.8,,-11.3,,81.0,0.9,1.9,205.0,189.0,1011.1,1.0,0.0,,90.0
2025-01-10 20:00:00,-10.3,-9.9,,-11.2,,74.0,1.3,4.7,28.0,52.0,1011.0,1.0,0.0,,90.0
2025-01-10 21:00:00,-10.1,-9.9,,-10.3,,71.0,1.9,5.7,359.0,16.0,1011.4,1.0,0.0,,90.0
2025-01-10 22:00:00,-10.2,-10.0,,-10.4,,70.0,1.8,4.8,336.0,344.0,1011.4,1.0,0.0,,60.0
2025-01-10 23:00:00,-10.2,-10.0,,-10.5,,70.0,1.2,3.8,0.0,35.0,1011.4,1.0,0.0,,90.0
2025-01-11 00:00:00,-10.5,-10.2,,-10.8,,71.0,0.0,1.0,0.0,0.0,1011.5,1.0,0.0,,100.0
2025-01-11 01:00:00,-10.5,-10.3,,-10.8,,71.0,0.0,1.9,0.0,0.0,1011.6,1.0,0.0,,100.0
2025-01-11 02:00:00,-10.7,-10.3,,-11.0,,72.0,1.0,2.3,156.0,171.0,1011.6,1.0,0.0,,100.0
2025-01-11 03:00:00,-10.5,-10.3,,-10.8,,71.0,1.8,3.4,195.0,182.0,1012.1,1.0,0.0,,100.0
2025-01-11 04:00:00,-10.4,-10.1,,-10.6,,69.0,1.6,4.0,169.0,177.0,1012.2,1.0,0.0,,100.0
2025-01-11 05:00:00,-10.4,-10.2,,-10.6,,70.0,1.9,4.0,149.0,165.0,1012.6,1.0,0.0,,100.0
2025-01-11 06:00:00,-10.6,-10.4,-9.9,-10.9,-11.3,74.0,3.2,4.2,147.0,145.0,1013.0,1.0,0.0,0.0,100.0
2025-01-11 07:00:00,-10.7,-10.5,,-10.8,,75.0,3.8,5.0,121.0,123.0,1013.5,1.0,0.0,,100.0
2025-01-11 08:00:00,-10.5,-10.4,,-10.7,,74.0,4.9,6.4,140.0,143.0,1013.9,1.0,0.0,,100.0
2025-01-11 09:00:00,-10.8,-10.6,,-11.1,,76.0,4.0,6.4,146.0,140.0,1014.4,1.0,0.0,,100.0
2025-01-11 10:00:00,-11.2,-11.1,,-11.4,,78.0,3.6,6.4,150.0,144.0,1014.9,1.0,0.0,,100.0
2025-01-11 11:00:00,-11.5,-11.2,,-11.6,,77.0,4.4,6.4,129.0,137.0,1015.3,1.0,0.1,,100.0
2025-01-11 12:00:00,-11.6,-11.4,,-11.7,,76.0,5.4,7.2,143.0,131.0,1015.3,1.0,0.0,,100.0
2025-01-11 13:00:00,-11.6,-11.6,,-11.7,,76.0,6.4,8.0,140.0,139.0,1015.7,1.0,0.0,,100.0
2025-01-11 14:00:00,-11.7,-11.6,,-11.7,,75.0,5.5,8.1,124.0,130.0,1016.0,2.0,0.0,,100.0
2025-01-11 15:00:00,-11.9,-11.7,,-12.1,,74.0,4.4,5.8,110.0,112.0,1016.0,3.0,0.0,,100.0
2025-01-11 16:00:00,-12.0,-11.8,,-12.1,,74.0,3.1,4.8,110.0,106.0,1016.0,5.0,0.0,,100.0
2025-01-11 17:00:00,-11.9,-11.7,,-12.0,,73.0,2.1,2.9,161.0,137.0,1015.5,4.0,0.0,,100.0
2025-01-11 18:00:00,-11.7,-11.6,-10.4,-11.9,-12.1,74.0,1.3,2.5,210.0,201.0,1015.0,2.0,0.0,,100.0
2025-01-11 19:00:00,-11.3,-10.9,,-11.6,,73.0,0.0,1.6,0.0,0.0,1014.9,1.0,0.0,,90.0
2025-01-11 20:00:00,-11.1,-10.7,,-11.3,,76.0,0.7,2.6,53.0,141.0,1014.4,1.0,0.0,,90.0
2025-01-11 21:00:00,-10.5,-10.3,,-10.9,,69.0,3.2,7.4,11.0,14.0,1014.1,1.0,0.0,,100.0
2025-01-11 22:00:00,-10.5,-10.3,,-10.6,,65.0,4.1,7.6,11.0,13.0,1013.5,1.0,0.0,,100.0
2025-01-11 23:00:00,-10.6,-10.5,,-10.7,,64.0,3.4,8.3,34.0,11.0,1012.8,1.0,0.0,,100.0
2025-01-12 00:00:00,-10.8,-10.6,,-11.1,,67.0,3.1,6.9,28.0,31.0,1011.8,1.0,0.0,,100.0
2025-01-12 01:00:00,-10.9,-10.7,,-11.2,,66.0,3.4,7.2,35.0,23.0,1010.9,1.0,0.0,,100.0
2025-01-12 02:00:00,-11.0,-10.8,,-11.2,,66.0,3.2,6.3,29.0,27.0,1009.9,1.0,0.0,,100.0
2025-01-12 03:00:00,-11.2,-11.0,,-11.6,,67.0,3.6,6.4,39.0,29.0,1008.9,1.0,0.0,,100.0
2025-01-12 04:00:00,-11.5,-11.4,,-11.7,,68.0,3.8,6.3,13.0,9.0,1008.0,1.0,0.0,,100.0
2025-01-12 05:00:00,-11.7,-11.7,,-11.8,,68.0,2.3,6.1,41.0,9.0,1007.0,1.0,0.0,,100.0
2025-01-12 06:00:00,-11.8,-11.6,-10.3,-12.1,-12.1,71.0,1.2,4.0,255.0,56.0,1006.0,1.0,0.0,0.1,100.0
2025-01-12 07:00:00,-11.9,-11.8,,-12.3,,69.0,0.0,2.4,0.0,0.0,1005.1,1.0,0.0,,100.0
2025-01-12 08:00:00,-12.0,-11.6,,-12.3,,68.0,0.0,2.9,269.0,0.0,1004.0,1.0,0.0,,100.0
2025-01-12 09:00:00,-11.7,-11.5,,-11.9,,70.0,2.3,4.9,245.0,271.0,1003.1,1.0,0.0,,100.0
2025-01-12 10:00:00,-12.0,-11.7,,-12.2,,70.0,1.2,2.8,255.0,260.0,1002.0,1.0,0.0,,100.0
2025-01-12 11:00:00,-12.4,-12.2,,-12.6,,72.0,2.0,3.1,280.0,237.0,1001.1,1.0,0.0,,100.0
2025-01-12 12:00:00,-12.4,-12.3,,-12.7,,70.0,1.8,3.4,237.0,260.0,1000.3,1.0,0.0,,100.0
2025-01-12 13:00:00,-13.0,-12.3,,-13.5,,72.0,1.6,3.4,201.0,209.0,999.8,1.0,0.0,,40.0
2025-01-12 14:00:00,-13.2,-12.8,,-13.7,,71.0,2.6,4.4,199.0,207.0,999.2,2.0,0.0,,10.0
2025-01-12 15:00:00,-13.8,-13.2,,-14.3,,72.0,1.8,2.5,188.0,191.0,998.6,6.0,0.0,,0.0
2025-01-12 16:00:00,-14.7,-14.3,,-15.2,,79.0,2.2,2.8,181.0,185.0,998.2,9.0,0.0,,0.0
2025-01-12 17:00:00,-14.6,-13.6,,-15.6,,79.0,3.6,5.9,163.0,171.0,997.8,8.0,0.0,,0.0
2025-01-12 18:00:00,-14.4,-13.6,-11.5,-15.5,-15.6,77.0,4.8,6.2,161.0,157.0,997.7,4.0,0.0,,10.0
2025-01-12 19:00:00,-14.4,-13.8,,-15.4,,78.0,5.1,7.2,165.0,167.0,998.2,2.0,0.0,,10.0
2025-01-12 20:00:00,-14.4,-13.9,,-15.3,,78.0,5.5,7.2,163.0,167.0,998.4,1.0,0.0,,60.0
2025-01-12 21:00:00,-13.6,-13.3,,-14.0,,76.0,5.2,7.1,162.0,160.0,998.7,1.0,0.0,,90.0
2025-01-12 22:00:00,-13.2,-13.0,,-13.5,,79.0,3.1,5.3,129.0,149.0,999.1,1.0,0.0,,90.0
2025-01-12 23:00:00,-12.9,-12.7,,-13.3,,76.0,1.0,3.1,132.0,168.0,999.7,1.0,0.0,,90.0
2025-01-13 00:00:00,-13.3,-12.6,,-13.9,,72.0,2.0,2.7,88.0,113.0,1000.0,1.0,0.0,,60.0
2025-01-13 01:00:00,-12.8,-12.3,,-13.8,,70.0,1.3,2.7,89.0,85.0,1000.8,1.0,0.0,,90.0
2025-01-13 02:00:00,-12.3,-12.0,,-12.5,,66.0,0.5,3.0,218.0,156.0,1001.5,1.0,0.0,,100.0
2025-01-13 03:00:00,-12.0,-11.7,,-12.5,,70.0,2.7,7.3,284.0,246.0,1002.0,1.0,0.0,,100.0
2025-01-13 04:00:00,-12.0,-11.8,,-12.4,,74.0,4.6,8.4,264.0,272.0,1002.5,1.0,0.0,,100.0
2025-01-13 05:00:00,-12.6,-12.3,,-12.8,,77.0,5.3,8.9,259.0,260.0,1003.1,1.0,0.2,,100.0
2025-01-13 06:00:00,-12.7,-12.4,-11.7,-12.9,-15.4,78.0,5.5,10.5,241.0,259.0,1003.9,1.0,0.0,0.2,100.0
2025-01-13 07:00:00,-12.8,-12.5,,-13.0,,85.0,8.0,12.1,211.0,213.0,1004.7,1.0,0.3,,90.0
2025-01-13 08:00:00,-13.1,-12.8,,-13.7,,86.0,9.7,13.7,212.0,210.0,1005.5,1.0,0.3,,90.0
2025-01-13 09:00:00,-14.0,-13.7,,-14.2,,86.0,11.2,14.3,207.0,206.0,1006.1,1.0,0.3,,100.0
2025-01-13 10:00:00,-14.0,-13.8,,-14.3,,86.0,10.9,13.7,211.0,207.0,1006.6,1.0,0.3,,100.0
2025-01-13 11:00:00,-13.5,-13.1,,-14.0,,86.0,9.5,13.3,231.0,220.0,1007.1,1.0,0.3,,
2025-01-13 12:00:00,-13.3,-13.1,,-13.5,,87.0,6.1,10.7,277.0,265.0,1007.7,1.0,0.1,,
2025-01-13 13:00:00,-13.5,-13.4,,-13.5,,87.0,6.1,10.8,261.0,268.0,1008.0,1.0,0.1,,90.0
2025-01-13 14:00:00,-13.3,-13.1,,-13.4,,86.0,5.7,9.3,261.0,262.0,1008.3,2.0,0.0,,90.0
2025-01-13 15:00:00,-13.0,-12.8,,-13.2,,86.0,5.5,8.9,268.0,262.0,1008.4,4.0,0.0,,90.0
2025-01-13 16:00:00,-12.9,-12.8,,-12.9,,85.0,5.4,8.5,258.0,262.0,1008.2,6.0,0.1,,90.0
2025-01-13 17:00:00,-12.8,-12.7,,-12.9,,83.0,5.7,9.9,260.0,260.0,1008.1,5.0,0.1,,90.0
2025-01-13 18:00:00,-12.7,-12.6,-12.5,-12.8,-14.3,85.0,6.3,10.6,267.0,265.0,1008.0,3.0,0.1,,90.0
2025-01-13 19:00:00,-12.3,-12.1,,-12.6,,85.0,6.5,10.3,280.0,275.0,1008.2,1.0,0.1,,90.0
2025-01-13 20:00:00,-12.0,-11.7,,-12.2,,83.0,5.1,10.6,292.0,294.0,1008.5,1.0,0.0,,100.0
2025-01-13 21:00:00,-12.1,-11.9,,-12.3,,71.0,3.4,5.6,58.0,58.0,1008.8,1.0,0.0,,100.0
2025-01-13 22:00:00,-12.5,-12.3,,-12.8,,69.0,2.7,4.7,143.0,117.0,1008.9,1.0,0.0,,100.0
2025-01-13 23:00:00,-12.8,-12.7,,-12.9,,69.0,2.9,4.2,132.0,136.0,1008.9,1.0,0.0,,100.0
2025-01-14 00:00:00,-13.0,-12.9,,-13.3,,72.0,2.3,3.5,141.0,134.0,1008.6,1.0,0.0,,100.0
2025-01-14 01:00:00,-13.1,-13.0,,-13.3,,76.0,3.1,4.5,145.0,145.0,1008.6,1.0,0.0,,100.0
2025-01-14 02:00:00,-13.4,-13.1,,-13.7,,79.0,3.3,4.2,165.0,148.0,1008.2,1.0,0.0,,100.0
2025-01-14 03:00:00,-14.0,-13.6,,-14.3,,83.0,4.4,6.0,173.0,172.0,1007.8,1.0,0.1,,100.0
2025-01-14 04:00:00,-14.1,-13.9,,-14.3,,83.0,4.8,6.0,170.0,170.0,1007.2,1.0,0.0,,100.0
2025-01-14 05:00:00,-13.9,-13.8,,-14.1,,83.0,5.1,6.5,169.0,168.0,1006.3,1.0,0.0,,100.0
2025-01-14 06:00:00,-14.0,-14.0,-11.7,-14.1,-14.3,83.0,5.5,6.7,166.0,169.0,1005.7,1.0,0.0,2.2,100.0
2025-01-14 07:00:00,-14.1,-14.0,,-14.1,,84.0,6.0,7.8,167.0,167.0,1005.0,1.0,0.0,,100.0
2025-01-14 08:00:00,-14.2,-14.0,,-14.3,,84.0,7.2,9.1,170.0,167.0,1004.5,1.0,0.0,,100.0
2025-01-14 09:00:00,-14.5,-14.3,,-14.5,,84.0,7.2,9.5,163.0,167.0,1004.1,1.0,0.0,,100.0
2025-01-14 10:00:00,-14.7,-14.5,,-14.9,,83.0,7.3,10.5,152.0,162.0,1003.4,1.0,0.0,,100.0
2025-01-14 11:00:00,-14.8,-14.8,,-14.9,,81.0,7.5,10.1,162.0,161.0,1002.8,1.0,0.1,,100.0
2025-01-14 12:00:00,-15.1,-14.9,,-15.3,,79.0,8.0,12.0,161.0,160.0,1002.3,1.0,0.0,,100.0
2025-01-14 13:00:00,-15.5,-15.3,,-15.6,,78.0,7.7,11.3,159.0,157.0,1001.8,1.0,0.0,,100.0
2025-01-14 14:00:00,-15.8,-15.6,,-15.9,,77.0,7.3,11.8,161.0,159.0,1001.1,2.0,0.0,,100.0
2025-01-14 15:00:00,-15.8,-15.6,,-15.9,,77.0,6.0,9.1,158.0,158.0,1000.6,4.0,0.0,,100.0
2025-01-14 16:00:00,-15.5,-15.4,,-15.7,,76.0,4.1,6.6,141.0,148.0,999.9,6.0,0.0,,100.0
2025-01-14 17:00:00,-15.5,-15.3,,-15.7,,76.0,4.4,5.9,143.0,144.0,999.2,6.0,0.0,,100.0
2025-01-14 18:00:00,-15.6,-15.5,-14.0,-15.7,-15.9,76.0,3.3,5.2,167.0,154.0,998.8,3.0,0.0,,100.0
2025-01-14 19:00:00,-15.7,-15.6,,-15.8,,76.0,2.3,3.1,129.0,153.0,998.5,1.0,0.0,,100.0
2025-01-14 20:00:00,-15.6,-15.5,,-15.7,,74.0,2.0,2.7,132.0,126.0,998.0,1.0,0.0,,100.0
2025-01-14 21:00:00,-15.7,-15.6,,-15.8,,70.0,2.1,3.5,134.0,137.0,997.2,1.0,0.0,,100.0
2025-01-14 22:00:00,-15.5,-15.2,,-15.7,,69.0,2.4,3.5,139.0,132.0,996.6,1.0,0.0,,100.0
2025-01-14 23:00:00,-15.2,-15.0,,-15.4,,71.0,1.7,2.9,144.0,153.0,996.2,1.0,0.0,,100.0
2025-01-15 00:00:00,-15.1,-14.9,,-15.2,,74.0,1.5,4.6,99.0,122.0,995.6,1.0,0.0,,100.0
2025-01-15 01:00:00,-14.5,-14.2,,-15.2,,68.0,4.0,6.9,37.0,24.0,994.9,1.0,0.0,,100.0
2025-01-15 02:00:00,-14.7,-14.5,,-14.8,,66.0,3.8,6.8,27.0,32.0,994.5,1.0,0.0,,100.0
2025-01-15 03:00:00,-14.7,-14.5,,-14.8,,68.0,3.7,7.3,38.0,35.0,994.1,1.0,0.0,,100.0
2025-01-15 04:00:00,-14.7,-14.5,,-14.9,,68.0,4.3,8.3,38.0,25.0,993.4,1.0,0.0,,
2025-01-15 05:00:00,-15.0,-14.8,,-15.1,,70.0,3.5,5.5,48.0,54.0,993.0,1.0,0.0,,90.0
2025-01-15 06:00:00,-14.9,-14.8,-14.2,-15.2,-15.8,72.0,3.8,5.3,90.0,64.0,992.8,1.0,0.0,0.1,90.0
2025-01-15 07:00:00,-15.3,-15.1,,-15.5,,73.0,4.1,5.5,122.0,121.0,992.7,1.0,0.0,,90.0
2025-01-15 08:00:00,-15.4,-15.3,,-15.5,,72.0,4.0,5.4,151.0,136.0,993.0,1.0,0.0,,90.0
2025-01-15 09:00:00,-15.6,-15.5,,-15.8,,74.0,4.6,6.3,151.0,145.0,993.1,1.0,0.0,,90.0
2025-01-15 10:00:00,-16.0,-15.7,,-16.5,,75.0,4.3,5.9,179.0,168.0,993.3,1.0,0.0,,90.0
2025-01-15 11:00:00,-16.5,-16.4,,-16.5,,76.0,4.4,5.8,157.0,161.0,993.3,1.0,0.0,,90.0
2025-01-15 12:00:00,-16.5,-16.4,,-16.6,,76.0,4.2,5.9,160.0,163.0,993.3,1.0,0.0,,90.0
2025-01-15 13:00:00,-16.8,-16.6,,-17.3,,76.0,5.4,7.3,164.0,157.0,993.7,1.0,0.0,,90.0
2025-01-15 14:00:00,-17.6,-17.3,,-17.8,,78.0,4.9,6.6,161.0,165.0,993.9,2.0,0.0,,90.0
2025-01-15 15:00:00,-17.9,-17.7,,-18.0,,79.0,5.2,6.8,168.0,168.0,994.0,5.0,0.0,,90.0
2025-01-15 16:00:00,-17.9,-17.8,,-18.0,,78.0,5.0,6.1,169.0,169.0,994.1,8.0,0.0,,
2025-01-15 17:00:00,-17.8,-17.7,,-17.9,,80.0,4.4,6.0,159.0,167.0,994.3,8.0,0.0,,90.0
2025-01-15 18:00:00,-17.9,-17.8,-15.1,-18.5,-18.5,81.0,3.4,5.0,155.0,156.0,994.7,4.0,0.0,,90.0
2025-01-15 19:00:00,-18.3,-17.8,,-18.7,,81.0,3.1,4.7,149.0,148.0,995.1,2.0,0.0,,90.0
2025-01-15 20:00:00,-18.3,-17.8,,-18.8,,80.0,3.2,4.7,149.0,136.0,995.4,1.0,0.0,,90.0
2025-01-15 21:00:00,-17.9,-17.5,,-18.3,,78.0,3.0,4.3,117.0,128.0,996.0,1.0,0.0,,90.0
2025-01-15 22:00:00,-17.8,-17.1,,-18.4,,76.0,2.7,3.6,124.0,125.0,996.4,1.0,0.0,,90.0
2025-01-15 23:00:00,-17.4,-17.0,,-18.1,,74.0,2.5,3.0,103.0,115.0,996.6,1.0,0.0,,90.0
2025-01-16 00:00:00,-17.7,-17.2,,-18.2,,74.0,2.5,3.4,82.0,88.0,996.8,1.0,0.0,,90.0
2025-01-16 01:00:00,-16.7,-16.4,,-17.2,,69.0,4.0,5.2,93.0,86.0,996.9,1.0,0.0,,90.0
2025-01-16 02:00:00,-16.2,-15.9,,-16.5,,73.0,3.6,4.9,113.0,103.0,997.3,1.0,0.0,,90.0
2025-01-16 03:00:00,-16.0,-15.9,,-16.1,,80.0,3.2,3.9,133.0,124.0,997.5,1.0,0.1,,90.0
2025-01-16 04:00:00,-16.3,-16.0,,-16.7,,81.0,2.9,3.9,164.0,150.0,997.9,1.0,0.1,,90.0
2025-01-16 05:00:00,-16.7,-16.4,,-16.9,,83.0,3.7,5.4,179.0,173.0,998.2,1.0,0.0,,90.0
2025-01-16 06:00:00,-16.5,-16.3,-15.9,-16.6,-18.8,83.0,4.7,5.9,180.0,179.0,998.9,1.0,0.0,0.2,90.0
2025-01-16 07:00:00,-16.9,-16.6,,-17.6,,83.0,3.9,5.2,176.0,186.0,999.4,1.0,0.0,,60.0
2025-01-16 08:00:00,-17.5,-16.6,,-18.3,,84.0,3.1,4.7,202.0,186.0,999.9,1.0,0.0,,60.0
2025-01-16 09:00:00,-16.5,-16.0,,-17.4,,84.0,2.6,4.8,190.0,187.0,1000.9,1.0,0.0,,90.0
2025-01-16 10:00:00,-16.4,-16.2,,-16.7,,83.0,3.1,4.6,181.0,178.0,1001.5,1.0,0.1,,100.0
2025-01-16 11:00:00,-16.3,-16.0,,-16.6,,83.0,2.3,3.8,273.0,225.0,1002.1,1.0,0.2,,100.0
2025-01-16 12:00:00,-16.3,-16.1,,-16.4,,80.0,2.0,3.8,270.0,272.0,1002.7,1.0,0.1,,100.0
2025-01-16 13:00:00,-16.7,-16.4,,-17.1,,81.0,1.9,3.3,213.0,240.0,1003.4,1.0,0.1,,100.0
2025-01-16 14:00:00,-17.2,-17.0,,-17.6,,82.0,2.4,3.1,214.0,213.0,1003.9,2.0,0.1,,100.0
2025-01-16 15:00:00,-17.5,-17.3,,-17.6,,81.0,2.1,3.8,277.0,247.0,1004.2,7.0,0.0,,100.0
2025-01-16 16:00:00,-17.7,-17.5,,-17.8,,80.0,2.5,4.4,238.0,254.0,1004.4,10.0,0.0,,100.0
2025-01-16 17:00:00,-18.2,-17.7,,-18.6,,80.0,2.6,3.5,207.0,207.0,1004.8,9.0,0.0,,100.0
2025-01-16 18:00:00,-18.7,-18.1,-16.0,-19.3,-19.3,80.0,3.0,4.1,205.0,205.0,1005.4,5.0,0.0,,10.0
2025-01-16 19:00:00,-19.0,-18.5,,-19.4,,76.0,2.1,3.5,233.0,222.0,1005.8,2.0,0.0,,10.0
2025-01-16 20:00:00,-19.0,-18.3,,-19.4,,77.0,1.8,3.6,140.0,207.0,1006.4,1.0,0.0,,90.0
2025-01-16 21:00:00,-18.6,-18.4,,-19.0,,79.0,2.6,4.3,136.0,143.0,1006.9,1.0,0.0,,90.0
2025-01-16 22:00:00,-19.0,-18.5,,-19.6,,81.0,1.4,2.5,147.0,133.0,1007.3,1.0,0.0,,100.0
2025-01-16 23:00:00,-18.7,-18.5,,-19.2,,80.0,1.7,2.6,104.0,121.0,1007.4,1.0,0.0,,100.0
2025-01-17 00:00:00,-18.4,-17.9,,-18.8,,79.0,1.5,2.3,115.0,108.0,1007.7,1.0,0.0,,90.0
2025-01-17 01:00:00,-17.8,-17.3,,-18.3,,77.0,0.4,1.2,0.0,125.0,1008.0,1.0,0.0,,100.0
2025-01-17 02:00:00,-17.1,-16.8,,-17.7,,74.0,0.7,1.4,131.0,107.0,1008.1,1.0,0.0,,90.0
2025-01-17 03:00:00,-17.3,-17.0,,-17.8,,79.0,0.7,1.8,115.0,126.0,1008.2,1.0,0.0,,90.0
2025-01-17 04:00:00,-17.5,-16.8,,-18.1,,77.0,1.4,2.2,94.0,121.0,1008.2,1.0,0.0,,90.0
2025-01-17 05:00:00,-17.5,-16.3,,-19.2,,79.0,2.1,5.4,170.0,138.0,1008.5,1.0,0.0,,10.0
2025-01-17 06:00:00,-17.8,-17.4,-16.3,-18.2,-19.6,80.0,1.2,2.4,119.0,136.0,1008.6,1.0,0.0,0.6,0.0
2025-01-17 07:00:00,-18.0,-17.6,,-18.6,,78.0,1.5,2.7,118.0,124.0,1009.1,1.0,0.0,,60.0
2025-01-17 08:00:00,-17.8,-17.2,,-19.1,,78.0,2.1,3.0,117.0,107.0,1009.3,1.0,0.0,,10.0
2025-01-17 09:00:00,-18.2,-17.3,,-19.1,,72.0,3.0,3.9,116.0,125.0,1009.4,1.0,0.0,,60.0
2025-01-17 10:00:00,-18.3,-17.9,,-18.8,,70.0,2.6,3.7,112.0,121.0,1009.7,1.0,0.0,,0.0
2025-01-17 11:00:00,-17.2,-16.3,,-18.5,,63.0,2.2,3.7,87.0,113.0,1010.1,1.0,0.0,,0.0
2025-01-17 12:00:00,-16.2,-15.6,,-16.9,,64.0,1.2,3.4,87.0,65.0,1010.4,1.0,0.0,,0.0
2025-01-17 13:00:00,-17.5,-16.4,,-18.8,,74.0,3.4,4.0,101.0,91.0,1010.7,1.0,0.0,,0.0
2025-01-17 14:00:00,-18.8,-17.7,,-19.7,,74.0,3.6,5.3,85.0,94.0,1011.1,2.0,0.0,,0.0
2025-01-17 15:00:00,-17.2,-15.9,,-18.5,,64.0,5.7,7.8,83.0,82.0,1011.1,8.0,0.0,,0.0
2025-01-17 16:00:00,-16.3,-15.9,,-16.9,,72.0,5.7,7.4,66.0,72.0,1011.2,11.0,0.0,,60.0
2025-01-17 17:00:00,-15.1,-14.2,,-15.9,,77.0,6.3,7.8,51.0,63.0,1011.0,9.0,0.0,,90.0
2025-01-17 18:00:00,-13.6,-13.2,-13.2,-14.2,-19.7,74.0,6.7,9.9,46.0,46.0,1010.9,5.0,0.0,,90.0
2025-01-17 19:00:00,-13.0,-12.7,,-13.3,,78.0,7.6,11.3,38.0,40.0,1010.5,1.0,0.2,,90.0
2025-01-17 20:00:00,-12.4,-12.0,,-12.8,,79.0,8.2,11.8,44.0,42.0,1010.7,1.0,0.0,,100.0
2025-01-17 21:00:00,-11.7,-11.3,,-12.1,,80.0,7.3,11.2,44.0,48.0,1010.7,1.0,0.0,,90.0
2025-01-17 22:00:00,-10.8,-10.4,,-11.5,,75.0,6.2,9.9,63.0,59.0,1011.0,1.0,0.0,,100.0
2025-01-17 23:00:00,-10.4,-10.2,,-10.5,,75.0,5.3,7.5,77.0,73.0,1011.1,1.0,0.0,,100.0
2025-01-18 00:00:00,-10.1,-9.9,,-10.3,,71.0,5.7,7.4,82.0,80.0,1011.2,1.0,0.1,,100.0
2025-01-18 01:00:00,-10.1,-9.9,,-10.5,,71.0,5.3,7.9,80.0,79.0,1011.2,1.0,0.0,,100.0
2025-01-18 02:00:00,-10.6,-10.3,,-10.8,,79.0,2.9,4.7,67.0,84.0,1011.5,1.0,0.0,,90.0
2025-01-18 03:00:00,-10.6,-9.5,,-11.0,,80.0,3.6,4.7,105.0,91.0,1011.7,1.0,0.0,,100.0
2025-01-18 04:00:00,-9.1,-8.9,,-9.5,,84.0,3.3,4.5,142.0,134.0,1011.7,1.0,0.0,,100.0
2025-01-18 05:00:00,-9.2,-8.8,,-9.7,,84.0,3.7,5.7,128.0,121.0,1012.0,1.0,0.2,,100.0
2025-01-18 06:00:00,-9.5,-9.3,-8.8,-9.8,-13.3,82.0,4.5,6.1,137.0,130.0,1012.0,1.0,0.1,0.6,100.0
2025-01-18 07:00:00,-9.1,-8.9,,-9.4,,81.0,3.2,6.4,117.0,123.0,1012.2,1.0,0.0,,100.0
2025-01-18 08:00:00,-9.3,-8.9,,-9.6,,83.0,1.6,3.5,60.0,74.0,1012.2,1.0,0.0,,100.0
2025-01-18 09:00:00,-9.8,-9.0,,-10.1,,79.0,3.4,4.6,85.0,77.0,1012.3,1.0,0.0,,100.0
2025-01-18 10:00:00,-9.8,-9.4,,-10.2,,73.0,3.6,5.0,87.0,84.0,1012.4,1.0,0.0,,100.0
2025-01-18 11:00:00,-10.1,-9.6,,-10.3,,67.0,4.8,5.9,75.0,80.0,1012.3,1.0,0.0,,90.0
2025-01-18 12:00:00,-10.2,-9.7,,-10.5,,66.0,4.5,6.2,69.0,79.0,1012.5,1.0,0.0,,90.0
2025-01-18 13:00:00,-10.4,-10.1,,-10.9,,68.0,4.4,5.9,75.0,79.0,1012.8,1.0,0.0,,90.0
2025-01-18 14:00:00,-9.6,-9.2,,-10.1,,63.0,4.7,6.9,66.0,67.0,1012.7,2.0,0.0,,100.0
2025-01-18 15:00:00,-9.4,-9.2,,-9.6,,68.0,3.5,5.5,48.0,54.0,1012.7,6.0,0.0,,100.0
2025-01-18 16:00:00,-9.4,-9.0,,-9.7,,66.0,4.7,5.7,70.0,62.0,1012.7,12.0,0.0,,90.0
2025-01-18 17:00:00,-9.6,-9.5,,-9.8,,67.0,4.7,5.7,74.0,74.0,1012.7,9.0,0.0,,90.0
2025-01-18 18:00:00,-9.5,-9.1,-8.9,-9.8,-10.9,64.0,4.3,5.3,63.0,68.0,1013.0,4.0,0.0,,100.0
2025-01-18 19:00:00,-9.3,-8.9,,-9.8,,62.0,4.8,6.4,86.0,69.0,1013.5,1.0,0.0,,100.0
2025-01-18 20:00:00,-9.7,-9.4,,-9.9,,62.0,5.6,7.6,83.0,85.0,1013.9,1.0,0.0,,90.0
2025-01-18 21:00:00,-9.8,-9.3,,-10.2,,61.0,4.7,7.9,83.0,93.0,1014.7,1.0,0.0,,100.0
2025-01-18 22:00:00,-9.2,-8.4,,-9.6,,59.0,1.6,2.9,67.0,56.0,1015.0,1.0,0.0,,100.0
2025-01-18 23:00:00,-9.3,-8.1,,-10.2,,61.0,3.4,5.2,78.0,68.0,1015.2,1.0,0.0,,100.0
2025-01-19 00:00:00,-9.2,-8.4,,-9.9,,63.0,4.1,5.5,81.0,77.0,1015.5,1.0,0.0,,100.0
2025-01-19 01:00:00,-8.1,-7.2,,-8.8,,65.0,4.0,5.6,101.0,98.0,1016.0,1.0,0.0,,100.0
2025-01-19 02:00:00,-7.9,-7.5,,-8.4,,65.0,4.7,7.9,58.0,80.0,1016.2,1.0,0.0,,100.0
2025-01-19 03:00:00,-8.3,-7.9,,-8.6,,66.0,7.1,9.7,71.0,76.0,1016.3,1.0,0.1,,60.0
2025-01-19 04:00:00,-8.6,-8.2,,-9.0,,67.0,5.4,8.2,97.0,98.0,1016.6,1.0,0.0,,90.0
2025-01-19 05:00:00,-8.6,-8.2,,-9.1,,66.0,5.0,7.2,70.0,79.0,1016.5,1.0,0.0,,60.0
2025-01-19 06:00:00,-8.5,-8.0,-7.2,-9.4,-10.2,67.0,5.2,7.2,70.0,72.0,1016.3,1.0,0.0,0.1,90.0
2025-01-19 07:00:00,-7.8,-7.3,,-8.2,,66.0,7.1,10.0,87.0,82.0,1016.1,1.0,0.0,,100.0
2025-01-19 08:00:00,-7.9,-7.7,,-8.1,,68.0,5.9,7.6,86.0,84.0,1016.2,1.0,0.0,,90.0
2025-01-19 09:00:00,-7.9,-7.7,,-8.1,,69.0,5.4,6.9,73.0,77.0,1016.3,1.0,0.0,,90.0
2025-01-19 10:00:00,-7.9,-7.6,,-8.2,,71.0,6.2,7.5,77.0,73.0,1016.4,1.0,0.0,,100.0
2025-01-19 11:00:00,-7.3,-7.0,,-7.8,,70.0,6.3,8.8,81.0,72.0,1016.4,1.0,0.0,,90.0
2025-01-19 12:00:00,-7.2,-6.7,,-7.6,,70.0,6.0,7.8,77.0,79.0,1016.5,1.0,0.0,,90.0
2025-01-19 13:00:00,-6.5,-6.3,,-6.7,,65.0,6.5,8.3,87.0,86.0,1016.5,1.0,0.0,,90.0
2025-01-19 14:00:00,-6.3,-6.0,,-6.5,,64.0,4.7,6.7,84.0,72.0,1016.2,2.0,0.0,,90.0
2025-01-19 15:00:00,-6.6,-6.4,,-6.8,,68.0,5.4,6.8,70.0,72.0,1016.0,6.0,0.0,,90.0
2025-01-19 16:00:00,-6.8,-6.4,,-7.0,,69.0,5.7,7.9,53.0,64.0,1015.8,11.0,0.0,,90.0
2025-01-19 17:00:00,-6.5,-6.3,,-6.9,,68.0,5.0,7.8,74.0,58.0,1015.3,9.0,0.0,,90.0
2025-01-19 18:00:00,-6.5,-6.2,-6.0,-6.9,-8.2,68.0,5.0,8.3,79.0,73.0,1015.1,4.0,0.0,,90.0
2025-01-19 19:00:00,-6.2,-5.9,,-6.5,,68.0,6.4,8.3,65.0,72.0,1015.2,2.0,0.1,,90.0
2025-01-19 20:00:00,-6.0,-5.2,,-6.5,,68.0,6.1,10.2,95.0,80.0,1014.9,1.0,0.0,,90.0
2025-01-19 21:00:00,-5.2,-4.9,,-5.9,,66.0,7.4,10.1,80.0,87.0,1014.7,1.0,0.0,,90.0
2025-01-19 22:00:00,-5.3,-5.0,,-5.6,,69.0,6.2,8.2,64.0,74.0,1014.6,1.0,0.0,,90.0
2025-01-19 23:00:00,-5.2,-5.1,,-5.4,,72.0,6.1,8.2,62.0,62.0,1013.9,1.0,0.0,,100.0
2025-01-20 00:00:00,-5.0,-4.6,,-5.3,,72.0,7.2,9.3,65.0,67.0,1013.4,1.0,0.1,,90.0
2025-01-20 01:00:00,-4.9,-4.6,,-5.2,,70.0,6.8,8.7,64.0,63.0,1012.9,1.0,0.0,,90.0
2025-01-20 02:00:00,-5.0,-4.7,,-5.5,,72.0,6.6,8.8,67.0,64.0,1012.0,1.0,0.0,,60.0
2025-01-20 03:00:00,-5.4,-4.8,,-5.8,,73.0,6.7,8.5,61.0,65.0,1011.2,1.0,0.0,,90.0
2025-01-20 04:00:00,-5.0,-4.7,,-5.3,,71.0,6.0,8.8,75.0,70.0,1010.2,1.0,0.0,,90.0
2025-01-20 05:00:00,-4.9,-4.6,,-5.3,,73.0,5.5,7.4,55.0,68.0,1009.4,1.0,0.0,,90.0
2025-01-20 06:00:00,-3.2,-1.9,-1.9,-4.6,-6.5,66.0,4.6,8.8,131.0,108.0,1008.8,1.0,0.0,0.2,100.0
2025-01-20 07:00:00,-2.0,-1.7,,-2.4,,61.0,3.7,7.8,97.0,114.0,1008.6,1.0,0.0,,100.0
2025-01-20 08:00:00,-2.2,-1.4,,-2.8,,65.0,3.7,6.5,47.0,55.0,1008.3,1.0,0.0,,100.0
2025-01-20 09:00:00,-1.8,-1.1,,-2.7,,67.0,4.7,7.4,106.0,100.0,1008.1,1.0,0.1,,90.0
2025-01-20 10:00:00,-1.0,-0.6,,-1.6,,66.0,4.4,7.9,113.0,106.0,1007.5,1.0,0.0,,90.0
2025-01-20 11:00:00,-0.6,-0.4,,-0.8,,65.0,7.2,11.3,125.0,122.0,1007.1,1.0,0.2,,100.0
2025-01-20 12:00:00,-0.4,-0.1,,-0.6,,65.0,8.2,10.9,129.0,125.0,1006.5,1.0,0.0,,100.0
2025-01-20 13:00:00,-0.5,-0.3,,-0.6,,66.0,8.9,11.9,131.0,131.0,1006.4,1.0,0.1,,90.0
2025-01-20 14:00:00,-0.6,-0.4,,-0.9,,65.0,8.5,11.4,132.0,133.0,1005.7,2.0,0.1,,90.0
2025-01-20 15:00:00,-0.7,-0.2,,-1.0,,64.0,8.4,11.8,124.0,123.0,1005.1,6.0,0.1,,60.0
2025-01-20 16:00:00,-0.3,0.0,,-0.8,,64.0,7.6,10.9,115.0,124.0,1004.2,6.0,0.0,,100.0
2025-01-20 17:00:00,-0.5,0.2,,-1.0,,66.0,7.6,10.8,126.0,117.0,1003.1,4.0,0.1,,100.0
2025-01-20 18:00:00,0.3,0.8,0.8,-0.2,-2.8,62.0,7.5,11.6,127.0,131.0,1001.8,3.0,0.1,,100.0
2025-01-20 19:00:00,0.5,0.9,,0.1,,61.0,7.8,12.4,126.0,124.0,1001.4,1.0,0.2,,90.0
2025-01-20 20:00:00,0.1,0.3,,-0.1,,65.0,8.9,12.1,130.0,130.0,1001.4,1.0,0.0,,90.0
2025-01-20 21:00:00,-0.3,0.3,,-1.0,,67.0,8.2,12.6,145.0,138.0,1001.8,1.0,0.1,,60.0
2025-01-20 22:00:00,-0.6,0.7,,-2.5,,76.0,10.6,17.0,205.0,178.0,1003.6,1.0,0.2,,40.0
2025-01-20 23:00:00,-2.6,-2.4,,-2.9,,89.0,9.8,14.1,195.0,197.0,1004.1,1.0,0.0,,60.0
2025-01-21 00:00:00,-2.9,-2.6,,-3.6,,85.0,6.7,9.8,202.0,195.0,1004.7,1.0,0.0,,100.0
2025-01-21 01:00:00,-4.1,-3.6,,-4.6,,82.0,4.8,8.0,209.0,215.0,1004.3,1.0,0.0,,90.0
2025-01-21 02:00:00,-4.6,-4.4,,-4.7,,78.0,3.2,5.9,237.0,211.0,1003.7,1.0,0.0,,90.0
2025-01-21 03:00:00,-4.6,-4.5,,-4.8,,74.0,0.7,2.7,44.0,107.0,1002.6,1.0,0.0,,90.0
2025-01-21 04:00:00,-4.5,-4.3,,-4.7,,77.0,3.6,6.5,38.0,47.0,1001.1,1.0,0.0,,
2025-01-21 05:00:00,-4.6,-4.2,,-4.8,,90.0,6.2,9.7,29.0,31.0,998.7,1.0,0.2,,90.0
2025-01-21 06:00:00,-4.0,-3.7,0.9,-4.3,-4.8,93.0,6.9,9.2,30.0,29.0,996.6,1.0,0.0,1.5,90.0
2025-01-21 07:00:00,-3.2,-2.9,,-3.7,,93.0,7.6,10.9,32.0,32.0,994.6,1.0,0.1,,90.0
2025-01-21 08:00:00,-2.6,-2.3,,-2.9,,88.0,5.8,9.0,63.0,48.0,992.8,1.0,0.0,,90.0
2025-01-21 09:00:00,-2.1,-1.6,,-2.6,,83.0,4.4,7.1,21.0,69.0,991.2,1.0,0.0,,90.0
2025-01-21 10:00:00,-1.2,-0.2,,-2.2,,76.0,6.1,11.4,113.0,94.0,989.7,1.0,0.1,,90.0
2025-01-21 11:00:00,-1.2,-0.1,,-2.0,,75.0,6.2,10.0,68.0,80.0,988.3,1.0,0.0,,60.0
2025-01-21 12:00:00,-1.7,-1.2,,-2.5,,76.0,5.8,10.3,89.0,60.0,986.3,1.0,0.0,,0.0
2025-01-21 13:00:00,-1.5,-0.8,,-2.2,,72.0,7.0,11.4,111.0,104.0,984.9,1.0,0.2,,0.0
2025-01-21 14:00:00,-1.4,-0.9,,-2.4,,73.0,6.5,10.2,45.0,91.0,983.6,2.0,0.1,,0.0
2025-01-21 15:00:00,-2.3,-1.7,,-2.7,,78.0,6.0,9.4,71.0,70.0,983.2,7.0,0.0,,40.0
2025-01-21 16:00:00,-1.9,-1.1,,-2.5,,78.0,6.1,8.5,63.0,73.0,982.2,9.0,0.0,,90.0
2025-01-21 17:00:00,0.9,1.7,,-1.8,,66.0,6.2,10.3,75.0,95.0,980.8,7.0,0.0,,90.0
2025-01-21 18:00:00,1.0,1.3,1.7,0.7,-3.7,67.0,9.9,16.6,122.0,117.0,979.1,4.0,0.5,,90.0
2025-01-21 19:00:00,1.0,1.1,,0.6,,63.0,11.1,17.2,119.0,121.0,978.4,2.0,0.3,,90.0
2025-01-21 20:00:00,0.3,0.6,,-0.2,,69.0,14.8,21.8,122.0,122.0,977.2,1.0,0.5,,10.0
2025-01-21 21:00:00,0.0,0.5,,-0.2,,71.0,15.2,23.3,120.0,122.0,977.3,1.0,0.7,,0.0
2025-01-21 22:00:00,0.3,0.7,,0.0,,69.0,19.1,24.9,118.0,119.0,977.6,1.0,0.4,,60.0
2025-01-21 23:00:00,0.9,1.4,,0.6,,64.0,18.9,24.9,117.0,117.0,977.1,1.0,0.2,,90.0
2025-01-22 00:00:00,1.4,1.6,,1.3,,60.0,16.0,20.8,112.0,115.0,977.1,1.0,0.0,,90.0
2025-01-22 01:00:00,1.1,1.7,,0.8,,61.0,14.0,20.7,104.0,107.0,977.2,1.0,0.1,,90.0
2025-01-22 02:00:00,1.3,1.7,,0.7,,58.0,13.9,20.0,112.0,110.0,978.0,1.0,0.2,,90.0
2025-01-22 03:00:00,1.5,1.7,,1.2,,55.0,12.6,18.0,115.0,119.0,978.5,1.0,0.1,,0.0
2025-01-22 04:00:00,0.7,1.5,,0.1,,57.0,12.0,18.2,112.0,112.0,979.4,1.0,0.0,,0.0
2025-01-22 05:00:00,-0.3,0.6,,-1.6,,60.0,5.3,11.3,164.0,147.0,981.8,1.0,0.0,,0.0
2025-01-22 06:00:00,-1.1,-0.6,1.7,-1.4,-1.6,76.0,3.0,6.1,284.0,273.0,982.5,1.0,0.0,3.5,10.0
2025-01-22 07:00:00,-1.7,-1.2,,-2.4,,79.0,3.9,7.2,276.0,288.0,983.1,1.0,0.0,,10.0
2025-01-22 08:00:00,-2.4,-2.1,,-2.7,,83.0,3.9,7.5,286.0,285.0,983.5,1.0,0.0,,40.0
2025-01-22 09:00:00,-3.2,-2.7,,-3.4,,87.0,4.2,7.4,279.0,270.0,983.3,1.0,0.0,,40.0
2025-01-22 10:00:00,-3.2,-3.1,,-3.3,,86.0,4.2,7.8,311.0,296.0,983.5,1.0,0.0,,10.0
2025-01-22 11:00:00,-3.4,-3.2,,-3.5,,87.0,3.2,6.1,315.0,313.0,983.2,1.0,0.0,,90.0
2025-01-22 12:00:00,-3.5,-3.4,,-3.7,,86.0,2.7,4.9,329.0,327.0,982.6,1.0,0.0,,10.0
2025-01-22 13:00:00,-3.4,-3.3,,-3.5,,86.0,2.7,4.8,313.0,327.0,982.4,1.0,0.0,,90.0
2025-01-22 14:00:00,-3.4,-3.2,,-3.6,,88.0,1.3,3.1,269.0,299.0,981.5,3.0,0.0,,90.0
2025-01-22 15:00:00,-3.6,-3.1,,-4.5,,88.0,2.1,3.8,261.0,260.0,980.8,5.0,0.0,,90.0
2025-01-22 16:00:00,-2.9,-2.8,,-3.1,,89.0,2.4,4.3,273.0,272.0,979.9,7.0,0.0,,90.0
2025-01-22 17:00:00,-2.8,-2.6,,-2.9,,90.0,2.9,5.4,286.0,277.0,978.6,9.0,0.0,,90.0
2025-01-22 18:00:00,-2.7,-2.6,-1.2,-2.8,-4.5,89.0,2.3,4.6,271.0,280.0,977.6,4.0,0.0,,90.0
2025-01-22 19:00:00,-3.2,-2.8,,-3.7,,88.0,2.2,5.5,261.0,248.0,976.8,3.0,0.0,,90.0
2025-01-22 20:00:00,-2.9,-2.5,,-3.2,,89.0,3.5,6.0,269.0,263.0,975.9,1.0,0.0,,90.0
2025-01-22 21:00:00,-2.4,-2.3,,-2.5,,85.0,4.1,7.2,275.0,280.0,975.5,1.0,0.0,,60.0
2025-01-22 22:00:00,-2.8,-2.4,,-3.1,,87.0,4.5,7.6,264.0,264.0,975.6,1.0,0.0,,60.0
2025-01-22 23:00:00,-3.3,-3.1,,-3.5,,91.0,4.4,8.0,245.0,259.0,977.0,1.0,0.0,,100.0
2025-01-23 00:00:00,-3.6,-3.5,,-3.8,,90.0,6.7,10.1,223.0,228.0,977.6,1.0,0.1,,100.0
2025-01-23 01:00:00,-4.0,-3.8,,-4.5,,89.0,7.6,12.3,202.0,208.0,978.6,1.0,0.2,,100.0
2025-01-23 02:00:00,-4.5,-4.4,,-4.6,,89.0,8.4,11.9,212.0,209.0,979.6,1.0,0.0,,100.0
2025-01-23 03:00:00,-4.8,-4.6,,-5.0,,89.0,7.7,11.3,226.0,217.0,979.6,1.0,0.0,,100.0
2025-01-23 04:00:00,-5.0,-4.9,,-5.2,,85.0,6.3,9.8,211.0,224.0,980.5,1.0,0.0,,100.0
2025-01-23 05:00:00,-5.5,-5.1,,-5.8,,85.0,5.4,8.5,218.0,209.0,980.4,1.0,0.0,,90.0
2025-01-23 06:00:00,-5.4,-5.3,-2.3,-5.6,-5.8,81.0,5.6,8.2,237.0,231.0,980.4,1.0,0.0,0.3,90.0
2025-01-23 07:00:00,-5.5,-5.4,,-5.7,,78.0,5.1,7.8,227.0,220.0,981.3,1.0,0.0,,100.0
2025-01-23 08:00:00,-5.5,-5.4,,-5.7,,80.0,5.4,7.8,212.0,218.0,982.5,1.0,0.0,,
2025-01-23 09:00:00,-5.8,-5.6,,-6.1,,81.0,3.4,6.7,212.0,218.0,983.2,1.0,0.0,,90.0
2025-01-23 10:00:00,-6.0,-5.8,,-6.2,,86.0,1.8,3.8,254.0,238.0,984.4,1.0,0.1,,100.0
2025-01-23 11:00:00,-6.6,-6.1,,-7.0,,88.0,2.0,3.4,220.0,227.0,985.3,1.0,0.1,,100.0
2025-01-23 12:00:00,-6.9,-6.8,,-7.1,,85.0,0.7,2.1,223.0,246.0,985.4,1.0,0.0,,100.0
2025-01-23 13:00:00,-7.0,-6.7,,-7.3,,87.0,1.0,2.1,267.0,244.0,985.6,1.0,0.0,,100.0
2025-01-23 14:00:00,-7.1,-6.7,,-7.3,,88.0,0.0,1.4,0.0,0.0,985.3,3.0,0.0,,100.0
2025-01-23 15:00:00,-6.7,-6.2,,-6.9,,87.0,0.0,1.1,0.0,0.0,985.3,7.0,0.1,,90.0
2025-01-23 16:00:00,-6.3,-5.5,,-7.1,,88.0,1.4,4.8,347.0,297.0,984.9,9.0,0.2,,100.0
2025-01-23 17:00:00,-5.5,-5.1,,-5.8,,89.0,4.0,6.0,356.0,353.0,984.2,9.0,0.2,,100.0
2025-01-23 18:00:00,-6.0,-5.1,-5.1,-6.2,-7.3,87.0,0.8,3.0,0.0,47.0,983.4,7.0,0.0,,100.0
2025-01-23 19:00:00,-5.6,-5.3,,-6.0,,89.0,0.5,2.9,354.0,313.0,983.0,3.0,0.0,,100.0
2025-01-23 20:00:00,-7.2,-5.8,,-8.0,,91.0,0.7,2.4,173.0,120.0,982.7,1.0,0.0,,40.0
2025-01-23 21:00:00,-7.6,-6.8,,-8.2,,94.0,0.4,2.2,266.0,199.0,981.8,1.0,0.0,,90.0
2025-01-23 22:00:00,-5.7,-5.0,,-7.0,,85.0,3.3,7.7,299.0,297.0,981.2,1.0,0.0,,100.0
2025-01-23 23:00:00,-4.8,-4.7,,-5.0,,78.0,5.6,9.7,313.0,308.0,980.5,1.0,0.0,,100.0
2025-01-24 03:00:00,-5.5,-5.3,,-5.7,,73.0,2.7,4.5,333.0,333.0,977.5,1.0,0.0,,100.0
2025-01-24 04:00:00,-5.1,-4.8,,-5.3,,71.0,1.5,3.9,331.0,337.0,976.4,1.0,0.0,,100.0
2025-01-24 05:00:00,-4.9,-4.8,,-5.0,,75.0,3.4,4.6,330.0,336.0,976.1,1.0,0.0,,90.0
2025-01-24 06:00:00,-5.0,-4.9,,-5.2,,72.0,4.8,7.3,320.0,325.0,974.9,1.0,0.0,,10.0
2025-01-24 07:00:00,-5.2,-5.0,,-5.5,,72.0,2.6,5.8,320.0,324.0,974.5,1.0,0.0,,10.0
2025-01-24 08:00:00,-5.4,-5.2,,-5.7,,75.0,2.5,4.2,342.0,342.0,973.7,1.0,0.0,,60.0
2025-01-24 09:00:00,-5.5,-5.3,,-5.7,,74.0,1.4,4.3,300.0,334.0,973.0,1.0,0.0,,0.0
2025-01-24 10:00:00,-5.8,-5.3,,-6.8,,74.0,1.1,2.4,244.0,284.0,972.3,1.0,0.0,,0.0
2025-01-24 11:00:00,-6.8,-6.1,,-7.5,,76.0,1.6,3.3,261.0,239.0,971.7,1.0,0.0,,40.0
2025-01-24 12:00:00,-5.4,-4.8,,-6.2,,81.0,2.0,4.2,301.0,288.0,970.9,1.0,0.0,,60.0
2025-01-24 14:00:00,-8.5,-5.8,,-9.5,,85.0,4.5,8.4,160.0,172.0,970.6,6.0,0.0,,90.0
2025-01-24 16:00:00,-9.2,-8.9,,-9.4,,88.0,6.5,9.4,160.0,160.0,970.2,18.0,0.0,,90.0
2025-01-24 17:00:00,-8.7,-8.4,,-9.0,,92.0,5.4,7.6,137.0,149.0,970.2,17.0,0.0,,90.0
2025-01-24 18:00:00,-8.0,-7.5,,-8.8,,93.0,5.5,7.8,153.0,151.0,969.8,10.0,0.0,,90.0
2025-01-24 19:00:00,-7.4,-7.2,,-7.6,,93.0,4.1,6.0,133.0,139.0,970.2,3.0,0.0,,100.0
2025-01-24 20:00:00,-7.2,-7.1,,-7.3,,93.0,4.0,6.6,137.0,123.0,970.7,1.0,0.0,,100.0
2025-01-24 21:00:00,-7.0,-6.9,,-7.1,,93.0,7.0,9.8,139.0,140.0,971.2,1.0,0.2,,100.0
2025-01-24 22:00:00,-7.2,-6.5,,-7.7,,93.0,8.0,10.3,172.0,171.0,972.9,1.0,0.0,,100.0
2025-01-24 23:00:00,-8.1,-7.7,,-8.2,,92.0,6.7,10.2,158.0,167.0,975.2,1.0,0.0,,100.0
2025-01-25 00:00:00,-7.9,-7.7,,-8.1,,92.0,5.1,7.8,169.0,169.0,976.4,1.0,0.0,,100.0
2025-01-25 01:00:00,-8.0,-8.0,,-8.1,,92.0,2.1,4.4,149.0,159.0,978.4,1.0,0.0,,100.0
2025-01-25 02:00:00,-8.0,-7.9,,-8.4,,92.0,0.8,3.8,61.0,66.0,979.5,1.0,0.0,,90.0
2025-01-25 03:00:00,-9.5,-7.8,,-11.3,,90.0,3.1,4.1,93.0,77.0,979.2,1.0,0.0,,10.0
2025-01-25 04:00:00,-9.6,-7.7,,-10.9,,89.0,3.9,5.8,56.0,76.0,979.4,1.0,0.0,,0.0
2025-01-25 05:00:00,-7.1,-5.7,,-8.5,,78.0,5.3,8.3,57.0,57.0,979.0,1.0,0.0,,60.0
2025-01-25 06:00:00,-6.4,-5.8,-5.7,-7.0,-11.3,69.0,6.3,9.2,67.0,65.0,978.9,1.0,0.0,,10.0
2025-01-25 07:00:00,-5.7,-5.2,,-6.2,,63.0,7.3,9.9,72.0,69.0,978.9,1.0,0.0,,0.0
2025-01-25 08:00:00,-6.3,-5.6,,-7.1,,63.0,6.7,8.9,68.0,83.0,979.2,1.0,0.0,,0.0
2025-01-25 09:00:00,-7.0,-6.1,,-7.8,,67.0,5.0,7.8,77.0,75.0,979.5,1.0,0.0,,0.0
2025-01-25 10:00:00,-7.0,-6.1,,-8.4,,63.0,4.4,5.8,81.0,74.0,979.8,1.0,0.0,,10.0
2025-01-25 11:00:00,-7.4,-6.0,,-9.0,,60.0,5.1,6.9,68.0,77.0,979.6,1.0,0.0,,10.0
2025-01-25 12:00:00,-8.2,-5.8,,-10.0,,67.0,2.7,6.0,164.0,126.0,980.1,1.0,0.0,,0.0
2025-01-25 13:00:00,-9.2,-8.1,,-10.7,,62.0,2.6,4.7,215.0,221.0,980.4,2.0,0.0,,0.0
2025-01-25 14:00:00,-9.4,-8.3,,-10.3,,77.0,2.4,4.3,260.0,222.0,980.8,7.0,0.0,,0.0
2025-01-25 15:00:00,-10.1,-9.0,,-11.2,,77.0,1.8,2.8,159.0,187.0,980.9,17.0,0.0,,0.0
2025-01-25 16:00:00,-9.7,-8.8,,-10.4,,73.0,1.5,2.5,178.0,186.0,981.0,48.0,0.0,,40.0
2025-01-25 17:00:00,-9.7,-9.1,,-11.1,,69.0,2.2,4.4,186.0,177.0,981.3,48.0,0.0,,60.0
2025-01-25 18:00:00,-11.1,-10.6,-5.2,-11.9,-11.9,73.0,3.6,5.9,194.0,185.0,981.6,18.0,0.0,,90.0
2025-01-25 19:00:00,-11.7,-9.8,,-12.8,,82.0,4.1,6.9,182.0,199.0,982.7,5.0,0.0,,
2025-01-25 20:00:00,-11.2,-10.8,,-11.8,,90.0,3.9,5.8,178.0,189.0,983.1,1.0,0.0,,
2025-01-25 21:00:00,-11.7,-11.3,,-12.0,,89.0,1.8,3.0,182.0,173.0,983.7,1.0,0.0,,
2025-01-25 22:00:00,-11.9,-11.7,,-12.1,,88.0,1.2,2.1,165.0,174.0,984.1,1.0,0.0,,
2025-01-25 23:00:00,-12.3,-12.0,,-12.5,,88.0,1.5,3.0,173.0,180.0,984.6,1.0,0.0,,90.0
2025-01-26 00:00:00,-12.3,-12.0,,-12.5,,88.0,2.0,2.8,188.0,183.0,984.8,1.0,0.0,,40.0
2025-01-26 01:00:00,-12.4,-12.2,,-12.6,,88.0,1.7,2.9,183.0,177.0,985.1,1.0,0.0,,60.0
2025-01-26 02:00:00,-12.5,-12.2,,-12.8,,88.0,2.2,3.3,186.0,181.0,985.6,1.0,0.0,,90.0
2025-01-26 03:00:00,-11.8,-11.2,,-12.8,,89.0,2.4,3.2,170.0,169.0,986.6,1.0,0.0,,100.0
2025-01-26 04:00:00,-11.2,-10.9,,-11.3,,89.0,2.1,2.9,182.0,179.0,986.8,1.0,0.0,,100.0
2025-01-26 05:00:00,-11.4,-11.1,,-11.8,,89.0,2.4,3.2,175.0,179.0,987.5,1.0,0.0,,100.0
2025-01-26 06:00:00,-11.0,-10.7,-9.8,-11.2,-12.8,89.0,0.8,2.4,0.0,148.0,988.5,1.0,0.0,0.0,100.0
2025-01-26 07:00:00,-10.6,-10.3,,-10.8,,90.0,1.8,3.5,203.0,194.0,989.1,1.0,0.0,,100.0
2025-01-26 08:00:00,-10.9,-10.7,,-11.0,,89.0,2.2,3.5,160.0,182.0,990.2,1.0,0.0,,100.0
2025-01-26 09:00:00,-12.1,-11.0,,-13.8,,88.0,1.5,3.0,105.0,122.0,990.7,1.0,0.0,,0.0
2025-01-26 10:00:00,-13.3,-12.8,,-13.9,,87.0,1.9,2.5,131.0,120.0,991.9,1.0,0.0,,10.0
2025-01-26 11:00:00,-13.5,-12.8,,-14.0,,87.0,1.6,2.2,100.0,109.0,992.3,1.0,0.0,,40.0
2025-01-26 12:00:00,-13.0,-12.2,,-13.9,,87.0,1.1,2.2,102.0,122.0,993.0,1.0,0.0,,100.0
2025-01-26 13:00:00,-12.1,-11.2,,-12.6,,85.0,1.9,2.9,108.0,105.0,993.5,1.0,0.0,,100.0
2025-01-26 14:00:00,-10.9,-10.5,,-11.4,,75.0,2.3,3.1,120.0,119.0,993.9,7.0,0.0,,90.0
2025-01-26 15:00:00,-10.8,-9.6,,-11.5,,67.0,0.5,2.5,48.0,59.0,994.1,20.0,0.0,,0.0
2025-01-26 16:00:00,-10.7,-9.5,,-12.8,,64.0,1.5,2.8,88.0,67.0,994.3,49.0,0.0,,0.0
2025-01-26 17:00:00,-12.6,-11.9,,-13.6,,63.0,4.5,6.1,110.0,103.0,994.4,45.0,0.0,,0.0
2025-01-26 18:00:00,-12.2,-11.5,-9.5,-13.1,-14.0,57.0,4.5,7.1,108.0,115.0,994.7,19.0,0.0,,0.0
2025-01-26 19:00:00,-13.5,-12.8,,-14.7,,62.0,4.3,6.4,92.0,93.0,995.2,4.0,0.0,,0.0
2025-01-26 20:00:00,-13.7,-12.1,,-14.6,,61.0,4.0,5.6,101.0,93.0,995.1,1.0,0.0,,0.0
2025-01-26 21:00:00,-13.2,-12.0,,-14.5,,58.0,3.1,4.2,100.0,99.0,995.4,1.0,0.0,,0.0
2025-01-26 22:00:00,-13.7,-12.0,,-15.7,,58.0,3.3,5.1,100.0,100.0,995.5,1.0,0.0,,0.0
2025-01-26 23:00:00,-14.5,-12.7,,-15.6,,60.0,4.0,6.9,115.0,91.0,995.8,1.0,0.0,,0.0
2025-01-27 00:00:00,-14.7,-13.4,,-15.3,,60.0,3.6,5.0,87.0,102.0,995.9,1.0,0.0,,0.0
2025-01-27 01:00:00,-13.8,-12.8,,-14.5,,56.0,3.2,4.4,89.0,101.0,995.7,1.0,0.0,,0.0
2025-01-27 02:00:00,-13.9,-13.1,,-14.5,,57.0,3.4,4.3,91.0,92.0,995.9,1.0,0.0,,0.0
2025-01-27 03:00:00,-14.1,-13.5,,-14.8,,59.0,2.1,3.7,137.0,120.0,995.8,1.0,0.0,,0.0
2025-01-27 04:00:00,-12.6,-11.0,,-14.1,,52.0,0.7,2.3,45.0,107.0,995.7,1.0,0.0,,10.0
2025-01-27 05:00:00,-11.8,-11.4,,-12.4,,51.0,0.5,2.5,69.0,54.0,995.8,1.0,0.0,,0.0
2025-01-27 06:00:00,-13.1,-12.2,-11.0,-13.7,-15.7,60.0,2.2,3.7,98.0,78.0,995.9,1.0,0.0,0.0,0.0
2025-01-27 07:00:00,-12.7,-11.0,,-13.5,,57.0,1.9,3.3,86.0,107.0,996.1,1.0,0.0,,0.0
2025-01-27 08:00:00,-12.3,-10.3,,-14.0,,53.0,1.3,2.4,160.0,136.0,996.2,1.0,0.0,,0.0
2025-01-27 09:00:00,-13.1,-12.3,,-13.6,,55.0,1.9,2.7,185.0,173.0,996.3,1.0,0.0,,0.0
2025-01-27 10:00:00,-12.6,-11.9,,-13.6,,54.0,1.3,2.1,165.0,171.0,996.8,1.0,0.0,,0.0
2025-01-27 11:00:00,-13.6,-12.6,,-14.3,,58.0,1.4,2.2,135.0,144.0,997.2,1.0,0.0,,0.0
2025-01-27 12:00:00,-13.0,-11.6,,-14.3,,58.0,1.9,2.9,85.0,100.0,997.3,1.0,0.0,,0.0
2025-01-27 13:00:00,-13.8,-12.4,,-15.3,,61.0,3.0,6.9,79.0,92.0,997.4,2.0,0.0,,
2025-01-27 14:00:00,-15.2,-14.5,,-15.7,,61.0,5.1,6.7,95.0,92.0,997.9,8.0,0.0,,0.0
2025-01-27 15:00:00,-14.2,-13.5,,-15.5,,56.0,4.7,6.5,78.0,78.0,998.1,23.0,0.0,,0.0
2025-01-27 16:00:00,-13.8,-13.4,,-14.3,,60.0,4.3,5.4,79.0,82.0,998.1,31.0,0.0,,0.0
2025-01-27 17:00:00,-13.3,-12.8,,-13.8,,65.0,4.1,4.9,72.0,78.0,998.0,30.0,0.0,,0.0
2025-01-27 18:00:00,-11.7,-10.9,-10.3,-13.1,-15.7,67.0,6.0,9.1,35.0,46.0,997.8,21.0,0.0,,0.0
2025-01-27 19:00:00,-11.1,-10.8,,-11.4,,64.0,7.6,10.9,32.0,34.0,997.5,5.0,0.0,,0.0
2025-01-27 20:00:00,-11.2,-10.9,,-11.5,,62.0,7.9,10.9,32.0,32.0,997.5,1.0,0.0,,0.0
2025-01-27 21:00:00,-11.5,-11.3,,-11.7,,64.0,7.7,10.5,33.0,33.0,997.2,1.0,0.0,,0.0
2025-01-27 22:00:00,-11.8,-11.5,,-12.2,,63.0,7.2,10.8,34.0,35.0,996.7,1.0,0.0,,0.0
2025-01-27 23:00:00,-11.8,-11.5,,-12.1,,63.0,7.2,10.8,33.0,34.0,996.1,1.0,0.0,,0.0
2025-01-28 00:00:00,-11.8,-11.5,,-12.0,,64.0,9.4,12.5,31.0,30.0,995.6,1.0,0.1,,0.0
2025-01-28 01:00:00,-11.9,-11.5,,-12.1,,65.0,8.4,12.5,45.0,40.0,995.1,1.0,0.0,,0.0
2025-01-28 02:00:00,-12.3,-11.9,,-13.0,,64.0,6.2,9.7,53.0,52.0,994.9,1.0,0.0,,0.0
2025-01-28 03:00:00,-11.7,-11.3,,-12.2,,65.0,6.9,10.2,36.0,39.0,994.4,1.0,0.0,,0.0
2025-01-28 04:00:00,-12.3,-11.3,,-14.4,,66.0,5.5,9.5,105.0,59.0,994.1,1.0,0.0,,0.0
2025-01-28 05:00:00,-14.4,-14.1,,-14.7,,65.0,2.7,3.9,85.0,101.0,993.9,1.0,0.0,,0.0
2025-01-28 06:00:00,-14.9,-14.0,-10.8,-15.8,-15.8,63.0,3.3,4.1,88.0,89.0,993.7,1.0,0.0,0.1,0.0
2025-01-28 07:00:00,-14.8,-14.0,,-15.8,,62.0,3.3,4.1,90.0,89.0,993.7,1.0,0.0,,0.0
2025-01-28 08:00:00,-14.4,-13.9,,-15.5,,59.0,3.2,4.0,89.0,89.0,993.7,1.0,0.0,,0.0
2025-01-28 09:00:00,-14.2,-13.6,,-15.2,,61.0,3.4,4.0,82.0,86.0,993.9,1.0,0.0,,0.0
2025-01-28 10:00:00,-15.3,-14.6,,-16.3,,64.0,3.2,4.4,104.0,98.0,994.0,1.0,0.0,,0.0
2025-01-28 11:00:00,-15.7,-14.8,,-16.4,,64.0,3.0,4.3,94.0,95.0,994.3,1.0,0.0,,0.0
2025-01-28 12:00:00,-15.4,-14.9,,-16.3,,56.0,3.6,4.6,118.0,107.0,994.7,1.0,0.0,,0.0
2025-01-28 13:00:00,-15.9,-15.1,,-17.5,,53.0,3.9,5.1,115.0,105.0,995.3,2.0,0.0,,0.0
2025-01-28 14:00:00,-16.2,-15.3,,-17.3,,56.0,3.4,4.6,109.0,105.0,995.8,8.0,0.0,,0.0
2025-01-28 15:00:00,-15.9,-15.1,,-16.7,,55.0,1.5,3.2,149.0,128.0,996.5,23.0,0.0,,0.0
2025-01-28 16:00:00,-15.8,-15.1,,-16.5,,55.0,2.6,4.1,124.0,114.0,996.8,30.0,0.0,,10.0
2025-01-28 17:00:00,-15.1,-14.2,,-15.9,,54.0,2.9,4.1,121.0,131.0,997.3,26.0,0.0,,40.0
2025-01-28 18:00:00,-15.0,-13.7,-13.6,-15.7,-17.5,54.0,2.5,3.0,113.0,118.0,997.9,15.0,0.0,,90.0
2025-01-28 19:00:00,-13.7,-13.0,,-14.4,,52.0,2.5,3.2,89.0,96.0,998.5,5.0,0.0,,90.0
2025-01-28 20:00:00,-14.3,-13.4,,-14.9,,61.0,3.3,4.0,88.0,87.0,999.2,1.0,0.0,,10.0
2025-01-28 21:00:00,-13.6,-12.5,,-14.9,,57.0,3.3,5.0,84.0,88.0,999.7,1.0,0.0,,10.0
2025-01-28 22:00:00,-14.7,-14.3,,-15.1,,63.0,4.6,5.4,88.0,85.0,1000.2,1.0,0.0,,0.0
2025-01-28 23:00:00,-14.7,-14.2,,-15.0,,62.0,4.6,5.6,82.0,87.0,1000.5,1.0,0.0,,10.0
2025-01-29 00:00:00,-13.9,-13.5,,-14.7,,59.0,5.1,6.1,82.0,82.0,1000.6,1.0,0.0,,90.0
2025-01-29 01:00:00,-13.1,-12.5,,-13.8,,57.0,4.5,5.5,78.0,78.0,1000.8,1.0,0.0,,10.0
2025-01-29 02:00:00,-12.2,-11.3,,-13.0,,55.0,5.4,6.5,64.0,72.0,1000.5,1.0,0.0,,60.0
2025-01-29 03:00:00,-11.2,-10.7,,-11.8,,67.0,5.7,6.6,58.0,57.0,1000.2,1.0,0.0,,10.0
2025-01-29 04:00:00,-11.3,-10.5,,-11.8,,65.0,5.7,6.8,59.0,65.0,999.5,1.0,0.0,,10.0
2025-01-29 05:00:00,-10.5,-10.4,,-10.7,,63.0,5.8,7.1,49.0,53.0,998.9,1.0,0.0,,10.0
2025-01-29 06:00:00,-10.4,-10.1,-10.1,-10.6,-15.1,66.0,5.9,8.0,39.0,42.0,998.3,1.0,0.0,0.0,10.0
2025-01-29 07:00:00,-10.2,-10.0,,-10.4,,66.0,6.4,8.7,45.0,43.0,997.8,1.0,0.0,,0.0
2025-01-29 08:00:00,-10.2,-9.7,,-10.5,,67.0,6.9,9.8,36.0,44.0,997.0,1.0,0.0,,0.0
2025-01-29 09:00:00,-9.8,-9.6,,-10.1,,69.0,7.9,11.1,29.0,32.0,995.9,1.0,0.0,,0.0
2025-01-29 10:00:00,-9.8,-9.6,,-10.1,,71.0,9.1,13.0,31.0,34.0,994.8,1.0,0.1,,0.0
2025-01-29 11:00:00,-9.7,-9.6,,-9.9,,70.0,9.8,13.3,32.0,32.0,993.4,1.0,0.0,,0.0
2025-01-29 12:00:00,-9.7,-9.4,,-10.0,,70.0,9.9,14.4,32.0,34.0,992.3,1.0,0.1,,0.0
2025-01-29 13:00:00,-9.4,-9.1,,-9.6,,72.0,10.8,15.5,33.0,32.0,990.7,2.0,0.0,,0.0
2025-01-29 14:00:00,-9.1,-8.8,,-9.3,,69.0,10.5,15.0,32.0,32.0,989.9,8.0,0.1,,0.0
2025-01-29 15:00:00,-9.0,-8.6,,-9.3,,68.0,10.9,14.7,32.0,31.0,988.2,18.0,0.0,,0.0
2025-01-29 16:00:00,-8.3,-7.8,,-8.6,,69.0,12.0,16.3,30.0,29.0,986.1,29.0,0.2,,0.0
2025-01-29 17:00:00,-7.5,-7.2,,-7.8,,68.0,11.3,14.9,30.0,31.0,984.9,28.0,0.0,,0.0
2025-01-29 18:00:00,-6.6,-6.1,-6.1,-7.2,-10.5,69.0,10.3,14.5,36.0,32.0,983.3,15.0,0.1,,10.0
2025-01-29 19:00:00,-6.0,-5.5,,-6.4,,68.0,8.2,11.8,37.0,41.0,982.0,4.0,0.0,,90.0
2025-01-29 20:00:00,-5.5,-5.3,,-5.7,,65.0,7.4,11.1,40.0,40.0,981.2,1.0,0.0,,90.0
2025-01-29 21:00:00,-4.5,-4.0,,-5.3,,64.0,9.7,14.2,36.0,36.0,979.6,1.0,0.1,,90.0
2025-01-29 22:00:00,-3.8,-3.4,,-4.4,,62.0,7.4,11.2,54.0,52.0,978.7,1.0,0.0,,100.0
2025-01-29 23:00:00,-3.4,-2.9,,-4.0,,64.0,7.9,11.7,44.0,52.0,977.8,1.0,0.0,,90.0
2025-01-30 00:00:00,-3.0,-2.6,,-3.2,,64.0,6.8,10.3,56.0,43.0,977.1,1.0,0.0,,90.0
2025-01-30 01:00:00,-2.0,-1.7,,-3.1,,56.0,7.5,12.8,126.0,121.0,976.9,1.0,0.2,,90.0
2025-01-30 02:00:00,-1.8,-1.7,,-2.1,,54.0,6.5,12.1,136.0,127.0,976.9,1.0,0.1,,100.0
2025-01-30 03:00:00,-1.6,-1.4,,-1.9,,51.0,3.2,8.2,135.0,86.0,976.9,1.0,0.0,,90.0
2025-01-30 04:00:00,-1.7,-1.2,,-2.4,,51.0,4.1,11.0,38.0,67.0,977.4,1.0,0.0,,90.0
2025-01-30 05:00:00,-1.6,-0.6,,-2.6,,49.0,6.4,13.0,86.0,81.0,977.2,1.0,0.0,,90.0
2025-01-30 06:00:00,-2.7,-1.9,-0.6,-3.1,-6.4,56.0,7.2,12.1,86.0,83.0,977.2,1.0,0.0,1.0,90.0
2025-01-30 07:00:00,-2.0,-1.3,,-2.7,,52.0,7.7,12.2,75.0,80.0,978.2,1.0,0.0,,90.0
2025-01-30 08:00:00,-2.4,-2.2,,-2.8,,62.0,7.6,11.5,53.0,63.0,978.5,1.0,0.0,,100.0
2025-01-30 09:00:00,-1.8,-1.5,,-2.4,,60.0,7.8,12.3,34.0,52.0,978.6,1.0,0.1,,90.0
2025-01-30 10:00:00,-1.7,-1.5,,-2.0,,60.0,9.9,16.4,39.0,38.0,976.5,1.0,0.2,,100.0
2025-01-30 11:00:00,-1.9,-1.7,,-2.2,,64.0,12.5,18.9,42.0,36.0,976.2,1.0,0.1,,90.0
2025-01-30 12:00:00,-1.6,-1.3,,-2.0,,62.0,10.6,17.7,58.0,53.0,975.6,1.0,0.1,,
2025-01-30 13:00:00,-2.1,-1.6,,-2.5,,62.0,11.5,16.9,64.0,63.0,975.5,2.0,0.0,,90.0
2025-01-30 14:00:00,-2.1,-1.9,,-2.3,,60.0,10.7,15.5,62.0,66.0,974.5,8.0,0.1,,90.0
2025-01-30 15:00:00,-1.8,-1.5,,-2.1,,59.0,12.0,16.1,65.0,64.0,973.3,18.0,0.0,,90.0
2025-01-30 16:00:00,-1.8,-1.6,,-2.0,,59.0,11.0,14.8,107.0,81.0,974.2,28.0,0.0,,90.0
2025-01-30 17:00:00,-2.4,-1.7,,-2.9,,54.0,9.7,13.8,114.0,115.0,974.9,38.0,0.1,,90.0
2025-01-30 18:00:00,-3.4,-2.8,-1.3,-4.0,-4.0,53.0,9.7,13.3,115.0,117.0,976.9,36.0,0.0,,60.0
2025-01-30 19:00:00,-4.6,-4.0,,-5.3,,48.0,10.0,14.0,130.0,128.0,978.7,11.0,0.0,,0.0
2025-01-30 20:00:00,-5.6,-5.0,,-6.8,,47.0,8.5,13.5,112.0,122.0,979.8,1.0,0.0,,0.0
2025-01-30 21:00:00,-7.7,-6.5,,-8.7,,53.0,6.2,11.8,88.0,101.0,980.1,1.0,0.0,,0.0
2025-01-30 22:00:00,-8.3,-8.0,,-9.2,,48.0,7.7,11.4,110.0,107.0,980.6,1.0,0.0,,0.0
2025-01-30 23:00:00,-9.5,-9.0,,-9.9,,49.0,5.0,7.8,143.0,130.0,981.0,1.0,0.0,,0.0
2025-01-31 00:00:00,-8.7,-8.2,,-9.7,,46.0,6.0,10.0,90.0,140.0,982.1,1.0,0.0,,90.0
2025-01-31 01:00:00,-8.6,-7.3,,-10.0,,46.0,1.2,3.2,86.0,58.0,982.5,1.0,0.0,,40.0
2025-01-31 02:00:00,-7.9,-7.1,,-8.9,,41.0,2.8,6.4,76.0,81.0,982.9,1.0,0.0,,0.0
2025-01-31 03:00:00,-10.3,-9.1,,-11.1,,56.0,5.6,7.9,90.0,90.0,983.1,1.0,0.0,,10.0
2025-01-31 04:00:00,-9.8,-8.8,,-10.7,,61.0,5.5,7.5,55.0,81.0,983.0,1.0,0.0,,90.0
2025-01-31 05:00:00,-9.1,-8.5,,-9.8,,62.0,5.8,7.8,66.0,72.0,982.7,1.0,0.0,,90.0
2025-01-31 06:00:00,-8.6,-8.1,-4.0,-9.1,-11.1,59.0,6.2,8.0,66.0,68.0,982.4,1.0,0.0,0.7,90.0
2025-01-31 07:00:00,-8.8,-8.1,,-9.4,,59.0,6.3,9.3,73.0,72.0,982.0,1.0,0.0,,10.0
2025-01-31 08:00:00,-9.1,-8.8,,-9.7,,52.0,7.1,8.9,103.0,84.0,981.6,1.0,0.0,,0.0
2025-01-31 09:00:00,-9.4,-9.0,,-10.0,,52.0,4.5,8.3,41.0,73.0,981.0,1.0,0.0,,
2025-01-31 10:00:00,-9.2,-8.3,,-9.8,,53.0,6.6,8.5,61.0,63.0,980.8,1.0,0.0,,10.0
2025-01-31 11:00:00,-8.3,-7.9,,-8.6,,52.0,4.9,7.0,61.0,60.0,979.9,1.0,0.0,,90.0
2025-01-31 12:00:00,-7.4,-6.4,,-8.4,,54.0,6.1,7.7,55.0,63.0,978.9,1.0,0.0,,40.0
2025-01-31 13:00:00,-6.6,-6.0,,-7.2,,57.0,5.8,7.9,46.0,54.0,977.6,2.0,0.0,,10.0
2025-01-31 14:00:00,-5.6,-5.2,,-6.1,,57.0,6.5,8.4,47.0,50.0,975.9,9.0,0.0,,0.0
2025-01-31 15:00:00,-4.6,-4.1,,-5.5,,63.0,8.3,13.1,38.0,38.0,974.2,21.0,0.0,,90.0
2025-01-31 16:00:00,-4.1,-3.8,,-4.6,,58.0,11.4,15.9,27.0,31.0,971.7,33.0,0.1,,60.0
2025-01-31 17:00:00,-3.7,-3.5,,-3.8,,64.0,11.8,17.6,26.0,27.0,968.3,33.0,0.1,,90.0
2025-01-31 18:00:00,-3.7,-3.3,-3.3,-4.0,-10.0,67.0,14.5,19.4,28.0,27.0,965.8,22.0,0.1,,60.0
2025-01-31 19:00:00,-3.3,-3.0,,-3.6,,69.0,12.1,17.6,12.0,24.0,963.4,7.0,0.0,,90.0
2025-01-31 20:00:00,-3.4,-3.2,,-3.6,,68.0,11.4,17.2,4.0,9.0,962.3,2.0,0.2,,90.0
2025-01-31 21:00:00,-3.3,-3.1,,-3.5,,65.0,9.0,15.0,343.0,349.0,961.8,1.0,0.1,,10.0
2025-01-31 22:00:00,-4.1,-3.2,,-4.4,,70.0,7.6,12.8,312.0,322.0,961.1,1.0,0.1,,90.0
2025-01-31 23:00:00,-4.4,-4.1,,-4.8,,71.0,3.2,8.8,267.0,290.0,963.0,1.0,0.0,,90.0
2025-02-01 00:00:00,-4.5,-3.9,,-5.0,,69.0,3.1,6.6,270.0,265.0,963.3,1.0,0.0,,90.0
2025-02-01 01:00:00,-5.5,-4.8,,-6.1,,78.0,3.9,7.4,253.0,254.0,964.2,1.0,0.0,,100.0
2025-02-01 02:00:00,-6.7,-6.1,,-7.6,,83.0,4.4,8.3,209.0,244.0,965.4,1.0,0.0,,40.0
2025-02-01 03:00:00,-7.4,-7.1,,-7.9,,88.0,4.8,6.6,179.0,183.0,966.7,1.0,0.0,,100.0
2025-02-01 04:00:00,-7.2,-6.8,,-7.5,,88.0,7.5,9.7,184.0,177.0,968.1,1.0,0.1,,100.0
2025-02-01 05:00:00,-7.4,-7.2,,-7.5,,87.0,8.1,10.8,181.0,185.0,969.2,1.0,0.1,,100.0
2025-02-01 06:00:00,-7.1,-6.9,-3.0,-7.4,-7.9,85.0,7.2,9.9,214.0,204.0,970.4,1.0,0.0,0.9,100.0
2025-02-01 07:00:00,-7.4,-7.0,,-8.0,,86.0,5.7,9.2,268.0,252.0,970.8,1.0,0.0,,100.0
2025-02-01 08:00:00,-8.5,-8.0,,-8.8,,89.0,5.8,9.7,261.0,261.0,971.3,1.0,0.0,,100.0
2025-02-01 09:00:00,-8.7,-8.6,,-8.9,,90.0,5.9,10.2,267.0,263.0,971.4,1.0,0.0,,100.0
2025-02-01 10:00:00,-9.0,-8.7,,-9.1,,92.0,6.3,10.8,273.0,266.0,971.3,1.0,0.0,,100.0
2025-02-01 11:00:00,-9.2,-9.0,,-9.6,,92.0,6.5,10.6,266.0,267.0,970.5,1.0,0.1,,100.0
2025-02-01 12:00:00,-9.6,-9.5,,-9.6,,91.0,6.8,10.7,271.0,269.0,970.2,1.0,0.0,,100.0
2025-02-01 13:00:00,-9.3,-8.9,,-9.6,,91.0,7.2,10.6,273.0,272.0,969.7,2.0,0.0,,100.0
2025-02-01 14:00:00,-8.7,-8.5,,-8.9,,91.0,7.4,12.1,288.0,282.0,969.3,5.0,0.1,,100.0
2025-02-01 15:00:00,-8.8,-8.3,,-9.5,,91.0,7.3,11.5,280.0,281.0,968.8,10.0,0.1,,100.0
2025-02-01 16:00:00,-10.0,-9.4,,-10.6,,90.0,7.9,11.6,275.0,276.0,969.0,19.0,0.0,,90.0
2025-02-01 17:00:00,-10.9,-10.5,,-11.3,,89.0,7.6,12.1,272.0,274.0,969.3,22.0,0.0,,90.0
2025-02-01 18:00:00,-11.9,-11.3,-7.0,-12.4,-12.4,88.0,6.6,10.4,268.0,264.0,970.5,13.0,0.0,,90.0
2025-02-01 19:00:00,-13.1,-12.4,,-13.9,,87.0,5.3,9.7,268.0,267.0,972.0,6.0,0.0,,90.0
2025-02-01 20:00:00,-14.1,-13.9,,-14.2,,87.0,5.6,9.6,247.0,255.0,973.6,2.0,0.0,,90.0
2025-02-01 21:00:00,-14.0,-13.9,,-14.1,,87.0,4.4,8.3,263.0,263.0,975.2,1.0,0.0,,90.0
2025-02-01 22:00:00,-14.3,-14.1,,-14.5,,86.0,5.6,8.4,224.0,232.0,976.4,1.0,0.0,,90.0
2025-02-01 23:00:00,-14.6,-14.5,,-15.0,,86.0,4.8,8.3,215.0,238.0,977.9,1.0,0.0,,
2025-02-02 00:00:00,-15.4,-15.0,,-15.8,,86.0,6.0,8.0,215.0,217.0,979.0,1.0,0.0,,90.0
2025-02-02 01:00:00,-16.0,-15.6,,-16.3,,85.0,6.1,8.6,204.0,207.0,980.3,1.0,0.0,,90.0
2025-02-02 02:00:00,-16.5,-16.3,,-16.7,,85.0,5.7,7.2,196.0,200.0,981.2,1.0,0.0,,90.0
2025-02-02 03:00:00,-16.8,-16.7,,-16.8,,84.0,5.5,7.2,198.0,198.0,982.1,1.0,0.0,,90.0
2025-02-02 04:00:00,-16.7,-16.6,,-16.8,,84.0,3.2,4.6,224.0,214.0,982.8,1.0,0.0,,90.0
2025-02-02 05:00:00,-16.9,-16.7,,-16.9,,84.0,2.9,4.2,204.0,213.0,983.2,1.0,0.0,,90.0
2025-02-02 06:00:00,-17.3,-16.9,-12.5,-17.4,-17.4,84.0,4.2,5.3,193.0,195.0,983.8,1.0,0.0,0.3,90.0
2025-02-02 07:00:00,-17.4,-17.3,,-17.5,,84.0,4.0,4.8,184.0,190.0,984.3,1.0,0.0,,90.0
2025-02-02 08:00:00,-17.5,-17.3,,-17.6,,84.0,4.0,5.1,177.0,182.0,984.8,1.0,0.0,,100.0
2025-02-02 09:00:00,-17.8,-17.6,,-18.0,,83.0,4.3,5.4,176.0,183.0,985.3,1.0,0.0,,90.0
2025-02-02 10:00:00,-18.0,-17.9,,-18.0,,83.0,3.8,5.0,174.0,176.0,985.9,1.0,0.0,,100.0
2025-02-02 11:00:00,-17.9,-17.8,,-18.0,,83.0,3.5,4.5,173.0,170.0,986.4,1.0,0.0,,100.0
2025-02-02 12:00:00,-17.8,-17.8,,-17.9,,84.0,3.7,4.4,180.0,182.0,986.6,1.0,0.0,,90.0
2025-02-02 13:00:00,-17.7,-17.7,,-17.8,,84.0,4.0,4.9,177.0,175.0,987.0,2.0,0.0,,100.0
2025-02-02 14:00:00,-17.7,-17.7,,-17.8,,83.0,4.2,5.0,169.0,171.0,987.4,12.0,0.0,,100.0
2025-02-02 15:00:00,-17.8,-17.6,,-17.8,,83.0,3.7,4.5,177.0,173.0,987.5,26.0,0.0,,90.0
2025-02-02 16:00:00,-17.7,-17.6,,-17.8,,83.0,3.4,4.2,174.0,174.0,987.7,30.0,0.0,,90.0
2025-02-02 17:00:00,-17.8,-17.7,,-17.8,,83.0,3.2,4.4,173.0,176.0,987.6,28.0,0.0,,100.0
2025-02-02 18:00:00,-17.5,-17.3,-17.3,-17.7,-18.0,84.0,2.2,3.6,170.0,177.0,987.9,20.0,0.0,,100.0
2025-02-02 19:00:00,-17.4,-17.2,,-17.7,,84.0,1.8,2.6,180.0,166.0,988.1,10.0,0.0,,60.0
2025-02-02 20:00:00,-18.2,-17.7,,-18.5,,83.0,1.4,2.0,137.0,151.0,988.3,2.0,0.0,,90.0
2025-02-02 21:00:00,-18.4,-17.8,,-18.6,,83.0,1.9,3.5,138.0,135.0,988.8,1.0,0.0,,100.0
2025-02-02 22:00:00,-17.4,-17.2,,-17.8,,84.0,3.0,3.9,151.0,147.0,988.8,1.0,0.0,,100.0
2025-02-02 23:00:00,-17.0,-16.8,,-17.3,,84.0,2.4,3.2,168.0,160.0,988.8,1.0,0.0,,100.0
2025-02-03 00:00:00,-16.9,-16.8,,-17.0,,84.0,2.7,3.6,181.0,181.0,988.8,1.0,0.0,,100.0
2025-02-03 01:00:00,-17.0,-16.9,,-17.1,,84.0,3.2,4.2,183.0,179.0,989.3,1.0,0.0,,100.0
2025-02-03 02:00:00,-16.7,-16.5,,-16.8,,84.0,2.6,3.4,188.0,184.0,989.1,1.0,0.0,,100.0
2025-02-03 03:00:00,-16.3,-16.0,,-16.5,,85.0,2.2,2.8,200.0,194.0,989.0,1.0,0.0,,100.0
2025-02-03 04:00:00,-15.6,-15.2,,-16.0,,85.0,1.8,2.6,205.0,202.0,988.6,1.0,0.0,,100.0
2025-02-03 05:00:00,-14.9,-14.3,,-15.2,,86.0,1.6,2.6,223.0,223.0,987.9,1.0,0.0,,100.0
2025-02-03 06:00:00,-13.1,-12.2,-12.2,-14.3,-18.6,87.0,2.3,4.8,295.0,270.0,987.4,1.0,0.0,0.0,100.0
2025-02-03 07:00:00,-12.0,-11.6,,-12.3,,88.0,3.7,5.9,288.0,287.0,987.2,1.0,0.2,,100.0
2025-02-03 08:00:00,-11.5,-11.2,,-11.8,,89.0,3.9,6.9,315.0,312.0,987.2,1.0,0.0,,100.0
2025-02-03 09:00:00,-12.0,-11.7,,-12.3,,88.0,4.9,7.9,291.0,297.0,987.0,1.0,0.1,,90.0
2025-02-03 10:00:00,-13.0,-12.3,,-13.9,,87.0,5.7,8.5,287.0,288.0,987.3,1.0,0.1,,90.0
2025-02-03 11:00:00,-14.1,-13.8,,-14.5,,86.0,5.7,8.8,280.0,284.0,987.3,1.0,0.0,,90.0
2025-02-03 12:00:00,-15.1,-14.4,,-15.7,,86.0,5.4,8.3,267.0,275.0,988.0,1.0,0.0,,90.0
2025-02-03 13:00:00,-16.0,-15.7,,-16.2,,85.0,4.8,7.5,266.0,269.0,988.0,2.0,0.0,,90.0
2025-02-03 14:00:00,-16.3,-16.2,,-16.4,,85.0,3.5,6.2,271.0,268.0,988.5,8.0,0.0,,90.0
2025-02-03 15:00:00,-16.5,-16.3,,-16.7,,84.0,2.7,5.1,260.0,262.0,989.3,14.0,0.0,,90.0
2025-02-03 16:00:00,-16.8,-16.7,,-17.0,,84.0,2.6,4.8,266.0,263.0,989.1,22.0,0.0,,90.0
2025-02-03 17:00:00,-17.0,-17.0,,-17.1,,84.0,2.2,4.1,267.0,254.0,989.1,24.0,0.0,,90.0
2025-02-03 18:00:00,-17.2,-17.1,-11.2,-17.3,-17.3,84.0,1.8,3.7,272.0,265.0,989.0,24.0,0.0,,
2025-02-03 19:00:00,-17.5,-17.3,,-17.8,,84.0,2.2,4.3,254.0,251.0,989.1,7.0,0.0,,90.0
2025-02-03 20:00:00,-17.9,-17.8,,-18.0,,83.0,2.2,3.8,247.0,240.0,989.0,2.0,0.0,,90.0
2025-02-03 21:00:00,-17.8,-17.7,,-17.8,,84.0,2.4,3.9,217.0,230.0,988.8,1.0,0.0,,90.0
2025-02-03 22:00:00,-17.6,-17.5,,-17.7,,84.0,2.9,3.9,212.0,214.0,988.4,1.0,0.0,,90.0
2025-02-03 23:00:00,-17.4,-17.3,,-17.5,,84.0,2.9,4.5,228.0,231.0,988.0,1.0,0.0,,90.0
2025-02-04 00:00:00,-17.5,-17.4,,-17.5,,84.0,3.2,5.6,250.0,246.0,987.2,1.0,0.0,,90.0
2025-02-04 01:00:00,-17.7,-17.5,,-17.8,,84.0,3.9,6.0,232.0,233.0,986.4,1.0,0.0,,90.0
2025-02-04 02:00:00,-17.6,-17.6,,-17.8,,84.0,3.5,5.9,238.0,247.0,985.5,1.0,0.0,,90.0
2025-02-04 03:00:00,-17.6,-17.6,,-17.7,,84.0,4.6,6.6,227.0,236.0,984.9,1.0,0.2,,90.0
2025-02-04 04:00:00,-17.7,-17.6,,-17.8,,84.0,4.9,6.9,245.0,235.0,984.1,1.0,0.0,,90.0
2025-02-04 05:00:00,-17.7,-17.6,,-17.9,,83.0,4.2,6.9,267.0,252.0,983.9,1.0,0.0,,90.0
2025-02-04 06:00:00,-18.2,-17.9,-17.3,-18.6,-18.6,83.0,3.9,6.5,258.0,264.0,983.6,1.0,0.0,0.6,90.0
2025-02-04 07:00:00,-18.8,-18.6,,-18.9,,83.0,3.8,6.4,233.0,261.0,983.3,1.0,0.0,,90.0
2025-02-04 08:00:00,-18.8,-18.8,,-18.9,,83.0,4.2,6.2,231.0,235.0,983.3,1.0,0.0,,90.0
2025-02-04 09:00:00,-19.1,-18.8,,-19.3,,82.0,5.3,7.8,216.0,220.0,983.4,1.0,0.1,,90.0
2025-02-04 10:00:00,-19.5,-19.3,,-19.6,,82.0,6.0,7.7,209.0,213.0,983.3,1.0,0.1,,90.0
2025-02-04 11:00:00,-19.8,-19.6,,-20.0,,82.0,6.6,8.3,198.0,204.0,983.5,1.0,0.1,,
2025-02-04 12:00:00,-19.7,-19.6,,-19.9,,82.0,5.8,7.8,216.0,208.0,983.9,1.0,0.0,,
2025-02-04 13:00:00,-19.6,-19.6,,-19.7,,82.0,4.8,6.5,223.0,215.0,984.5,3.0,0.1,,
2025-02-04 14:00:00,-19.8,-19.7,,-19.8,,82.0,3.8,5.5,229.0,226.0,985.3,9.0,0.2,,
2025-02-04 15:00:00,-19.8,-19.7,,-19.9,,82.0,3.9,5.3,225.0,222.0,985.8,20.0,0.1,,
2025-02-04 16:00:00,-19.9,-19.7,,-20.0,,81.0,3.0,5.6,263.0,259.0,986.1,28.0,0.0,,100.0
2025-02-04 17:00:00,-20.1,-20.0,,-20.1,,81.0,2.7,4.9,267.0,266.0,986.9,29.0,0.1,,100.0
2025-02-04 18:00:00,-20.3,-20.1,-18.6,-20.4,-20.4,81.0,3.0,5.4,257.0,259.0,987.7,17.0,0.1,,100.0
2025-02-04 19:00:00,-20.3,-20.2,,-20.4,,81.0,2.5,4.7,266.0,265.0,988.4,7.0,0.0,,100.0
2025-02-04 20:00:00,-20.1,-20.0,,-20.2,,82.0,2.7,4.5,262.0,263.0,989.2,2.0,0.0,,90.0
2025-02-04 21:00:00,-20.0,-20.0,,-20.1,,82.0,2.8,4.6,264.0,264.0,989.8,1.0,0.0,,100.0
2025-02-04 22:00:00,-20.1,-20.1,,-20.3,,82.0,2.6,4.6,272.0,266.0,990.4,1.0,0.0,,100.0
2025-02-04 23:00:00,-20.2,-20.2,,-20.3,,81.0,2.6,4.4,263.0,264.0,990.6,1.0,0.0,,90.0
2025-02-05 00:00:00,-20.3,-20.2,,-20.4,,81.0,2.5,4.2,262.0,263.0,990.6,1.0,0.0,,90.0
2025-02-05 01:00:00,-20.3,-20.2,,-20.4,,81.0,2.4,4.2,258.0,261.0,990.8,1.0,0.0,,90.0
2025-02-05 02:00:00,-20.3,-20.3,,-20.4,,81.0,2.0,3.6,264.0,265.0,990.5,1.0,0.1,,
2025-02-05 03:00:00,-20.5,-20.4,,-20.5,,81.0,1.4,3.0,258.0,260.0,990.4,1.0,0.1,,90.0
2025-02-05 04:00:00,-20.6,-20.5,,-20.7,,81.0,1.5,2.5,222.0,243.0,990.2,1.0,0.0,,100.0
2025-02-05 05:00:00,-20.9,-20.7,,-21.0,,81.0,1.6,2.3,209.0,218.0,989.9,1.0,0.0,,90.0
2025-02-05 06:00:00,-21.0,-20.9,-20.0,-21.1,-21.1,81.0,1.2,1.8,220.0,213.0,989.4,1.0,0.0,1.1,100.0
2025-02-05 07:00:00,-20.7,-20.7,,-20.9,,81.0,1.2,1.8,196.0,208.0,988.9,1.0,0.0,,100.0
2025-02-05 08:00:00,-21.1,-20.8,,-21.3,,81.0,1.1,1.4,175.0,179.0,988.5,1.0,0.0,,100.0
2025-02-05 09:00:00,-21.6,-21.3,,-22.1,,80.0,0.9,1.3,180.0,175.0,987.7,1.0,0.0,,40.0
2025-02-05 10:00:00,-22.4,-22.1,,-22.6,,80.0,0.9,1.3,189.0,186.0,987.1,1.0,0.0,,0.0
2025-02-05 11:00:00,-22.8,-22.5,,-23.1,,79.0,1.2,1.5,234.0,214.0,986.4,1.0,0.0,,0.0
2025-02-05 12:00:00,-23.2,-23.0,,-23.3,,79.0,1.0,2.2,204.0,229.0,985.6,1.0,0.0,,10.0
2025-02-05 13:00:00,-22.8,-22.5,,-23.0,,80.0,1.3,2.2,267.0,225.0,984.8,6.0,0.0,,100.0
2025-02-05 14:00:00,-21.3,-19.9,,-22.6,,81.0,1.5,3.4,282.0,256.0,983.7,14.0,0.0,,
2025-02-05 15:00:00,-20.4,-19.3,,-21.7,,81.0,2.8,6.2,45.0,16.0,983.1,30.0,0.2,,90.0
2025-02-05 16:00:00,-20.5,-20.4,,-20.6,,81.0,3.0,5.0,53.0,40.0,982.5,47.0,0.0,,100.0
2025-02-05 17:00:00,-20.7,-20.6,,-20.8,,81.0,2.5,3.5,48.0,49.0,981.9,48.0,0.0,,90.0
2025-02-05 18:00:00,-20.7,-20.6,-19.3,-20.9,-23.3,81.0,2.6,4.4,13.0,30.0,981.3,29.0,0.0,,
2025-02-05 19:00:00,-20.9,-20.7,,-21.3,,81.0,1.8,3.7,356.0,7.0,981.6,15.0,0.0,,90.0
2025-02-05 20:00:00,-21.1,-20.7,,-21.5,,81.0,1.8,3.4,48.0,29.0,981.7,2.0,0.0,,60.0
2025-02-05 21:00:00,-22.2,-21.2,,-22.8,,80.0,1.4,2.9,155.0,101.0,981.9,1.0,0.0,,60.0
2025-02-05 22:00:00,-22.6,-22.2,,-22.8,,80.0,1.3,1.8,196.0,197.0,982.3,1.0,0.0,,100.0
2025-02-05 23:00:00,-21.9,-21.7,,-22.2,,80.0,1.3,1.9,202.0,202.0,982.5,1.0,0.0,,100.0
2025-02-06 00:00:00,-21.9,-21.8,,-22.0,,80.0,1.6,2.2,182.0,191.0,983.0,1.0,0.0,,100.0
2025-02-06 01:00:00,-21.8,-21.5,,-22.0,,80.0,2.3,3.3,189.0,182.0,983.0,1.0,0.0,,100.0
2025-02-06 02:00:00,-21.7,-21.5,,-21.8,,80.0,2.5,3.8,158.0,168.0,983.5,1.0,0.0,,100.0
2025-02-06 03:00:00,-21.6,-21.5,,-21.8,,80.0,3.2,4.3,163.0,163.0,984.1,1.0,0.0,,100.0
2025-02-06 04:00:00,-22.2,-21.8,,-22.7,,80.0,3.2,4.4,167.0,165.0,984.4,1.0,0.0,,60.0
2025-02-06 05:00:00,-23.0,-22.7,,-23.8,,79.0,3.0,4.3,167.0,166.0,984.5,1.0,0.0,,40.0
2025-02-06 06:00:00,-23.5,-23.4,-20.7,-23.8,-23.8,79.0,3.0,4.2,163.0,166.0,984.9,1.0,0.0,0.2,40.0
2025-02-06 07:00:00,-24.1,-23.4,,-24.6,,78.0,2.5,3.6,176.0,172.0,985.6,1.0,0.0,,0.0
2025-02-06 08:00:00,-24.8,-24.5,,-25.1,,78.0,1.7,2.4,186.0,184.0,986.1,1.0,0.0,,0.0
2025-02-06 09:00:00,-25.2,-25.1,,-25.5,,78.0,1.8,2.4,195.0,193.0,986.7,1.0,0.0,,0.0
2025-02-06 10:00:00,-25.7,-25.4,,-25.8,,77.0,1.9,2.5,166.0,188.0,987.4,1.0,0.0,,10.0
2025-02-06 11:00:00,-24.7,-24.1,,-25.4,,78.0,1.5,2.3,142.0,147.0,987.9,1.0,0.0,,100.0
2025-02-06 12:00:00,-24.3,-24.1,,-24.5,,78.0,1.8,2.6,142.0,143.0,988.4,1.0,0.0,,90.0
2025-02-06 13:00:00,-24.6,-24.2,,-24.9,,78.0,1.8,2.5,176.0,156.0,988.9,5.0,0.0,,90.0
2025-02-06 14:00:00,-24.7,-24.5,,-24.9,,78.0,1.6,2.6,150.0,164.0,989.3,38.0,0.0,,0.0
2025-02-06 15:00:00,-24.1,-23.6,,-24.5,,78.0,2.4,3.2,157.0,161.0,990.0,83.0,0.0,,0.0
2025-02-06 16:00:00,-23.4,-22.8,,-24.2,,78.0,1.5,2.3,145.0,147.0,990.5,94.0,0.0,,10.0
2025-02-06 17:00:00,-23.4,-23.1,,-23.6,,78.0,1.4,2.0,143.0,141.0,991.1,82.0,0.0,,0.0
2025-02-06 18:00:00,-23.4,-22.8,-22.8,-23.9,-25.8,78.0,0.5,1.2,138.0,104.0,992.1,58.0,0.0,,0.0
2025-02-06 19:00:00,-24.1,-23.8,,-24.6,,78.0,0.8,1.1,140.0,137.0,993.0,22.0,0.0,,0.0
2025-02-06 20:00:00,-24.6,-24.4,,-24.9,,78.0,0.6,1.4,143.0,147.0,993.9,3.0,0.0,,0.0
2025-02-06 21:00:00,-24.8,-24.3,,-25.3,,78.0,1.1,1.8,159.0,162.0,994.8,1.0,0.0,,90.0
2025-02-06 22:00:00,-24.3,-24.1,,-24.6,,78.0,1.5,2.2,166.0,165.0,995.5,1.0,0.0,,60.0
2025-02-06 23:00:00,-25.3,-24.5,,-25.9,,77.0,1.6,2.8,165.0,170.0,996.6,1.0,0.0,,0.0
2025-02-07 00:00:00,-25.3,-25.0,,-25.8,,78.0,2.3,3.1,187.0,176.0,997.6,1.0,0.0,,0.0
2025-02-07 01:00:00,-25.1,-24.6,,-25.5,,78.0,2.6,3.7,174.0,179.0,998.6,1.0,0.0,,10.0
2025-02-07 02:00:00,-24.6,-24.4,,-24.9,,78.0,3.3,4.0,179.0,177.0,999.7,1.0,0.0,,90.0
2025-02-07 03:00:00,-24.6,-24.1,,-24.9,,78.0,3.1,4.5,169.0,180.0,1000.9,1.0,0.0,,100.0
2025-02-07 04:00:00,-23.6,-23.2,,-24.0,,79.0,4.0,5.3,173.0,169.0,1001.9,1.0,0.0,,100.0
2025-02-07 05:00:00,-23.1,-22.6,,-23.8,,79.0,3.5,4.7,168.0,170.0,1002.8,1.0,0.0,,
2025-02-07 06:00:00,-22.0,-21.4,-21.4,-22.6,-25.9,80.0,3.9,5.3,155.0,163.0,1003.8,1.0,0.0,0.0,100.0
2025-02-07 07:00:00,-21.6,-21.3,,-22.0,,80.0,3.5,5.2,182.0,166.0,1005.1,1.0,0.0,,100.0
2025-02-07 08:00:00,-22.1,-22.0,,-22.3,,80.0,3.4,4.0,180.0,180.0,1006.2,1.0,0.0,,100.0
2025-02-07 09:00:00,-22.4,-22.2,,-22.9,,79.0,3.1,4.0,180.0,180.0,1007.3,1.0,0.0,,100.0
2025-02-07 10:00:00,-22.5,-22.0,,-22.9,,80.0,3.5,4.2,172.0,174.0,1008.4,1.0,0.0,,100.0
2025-02-07 11:00:00,-22.0,-21.7,,-22.3,,80.0,2.8,4.0,172.0,168.0,1009.4,1.0,0.0,,60.0
2025-02-07 12:00:00,-22.6,-22.3,,-22.8,,79.0,0.7,2.0,122.0,119.0,1010.0,1.0,0.0,,60.0
2025-02-07 13:00:00,-22.3,-22.0,,-22.6,,80.0,1.1,2.0,124.0,131.0,1010.9,6.0,0.0,,10.0
2025-02-07 14:00:00,-22.0,-21.4,,-22.5,,80.0,1.5,2.4,126.0,116.0,1011.6,29.0,0.0,,0.0
2025-02-07 15:00:00,-21.9,-21.3,,-22.4,,80.0,1.1,2.1,119.0,118.0,1012.4,44.0,0.0,,10.0
2025-02-07 16:00:00,-21.8,-21.4,,-22.1,,79.0,1.5,2.4,100.0,116.0,1012.8,83.0,0.0,,0.0
2025-02-07 17:00:00,-21.8,-21.4,,-22.6,,79.0,2.1,2.8,98.0,100.0,1013.3,87.0,0.0,,0.0
2025-02-07 18:00:00,-22.2,-21.7,-21.3,-23.0,-23.1,79.0,2.4,3.5,84.0,92.0,1013.7,64.0,0.0,,0.0
2025-02-07 19:00:00,-22.6,-21.8,,-23.5,,79.0,4.1,5.2,79.0,80.0,1014.0,22.0,0.0,,0.0
2025-02-07 20:00:00,-22.8,-22.4,,-23.2,,79.0,4.6,5.3,82.0,82.0,1014.8,4.0,0.0,,0.0
2025-02-07 21:00:00,-23.1,-22.4,,-23.8,,79.0,4.3,5.4,85.0,85.0,1015.5,1.0,0.0,,0.0
2025-02-07 22:00:00,-22.5,-22.3,,-22.9,,80.0,4.0,5.5,86.0,88.0,1015.8,1.0,0.0,,0.0
2025-02-07 23:00:00,-22.0,-21.6,,-22.5,,80.0,4.9,6.1,69.0,74.0,1015.9,1.0,0.0,,0.0
2025-02-08 00:00:00,-22.3,-21.7,,-22.9,,79.0,4.7,5.9,79.0,77.0,1016.8,1.0,0.0,,0.0
2025-02-08 01:00:00,-22.6,-21.8,,-23.4,,79.0,3.9,5.4,84.0,81.0,1017.3,1.0,0.0,,0.0
2025-02-08 02:00:00,-22.4,-21.7,,-23.0,,79.0,4.0,5.6,70.0,77.0,1017.4,1.0,0.0,,0.0
2025-02-08 03:00:00,-21.5,-20.5,,-22.6,,78.0,3.5,5.1,51.0,65.0,1017.6,1.0,0.0,,100.0
2025-02-08 04:00:00,-20.0,-19.6,,-20.6,,80.0,3.9,6.0,62.0,52.0,1017.7,1.0,0.0,,100.0
2025-02-08 05:00:00,-19.1,-18.8,,-19.6,,79.0,4.0,5.9,54.0,58.0,1017.7,1.0,0.0,,100.0
2025-02-08 06:00:00,-18.6,-18.4,-18.4,-18.8,-23.8,78.0,3.9,5.8,41.0,47.0,1017.3,1.0,0.0,0.0,100.0
2025-02-08 07:00:00,-18.3,-18.1,,-18.5,,76.0,4.3,6.5,35.0,37.0,1017.3,1.0,0.0,,100.0
2025-02-08 08:00:00,-18.4,-18.4,,-18.4,,75.0,5.2,7.5,42.0,40.0,1016.8,1.0,0.0,,100.0
2025-02-08 09:00:00,-18.7,-18.4,,-18.9,,77.0,5.6,7.9,32.0,39.0,1016.1,1.0,0.0,,10.0
2025-02-08 10:00:00,-19.0,-18.8,,-19.3,,81.0,6.2,8.9,28.0,31.0,1016.0,1.0,0.0,,60.0
2025-02-08 11:00:00,-19.2,-19.0,,-19.4,,79.0,6.5,9.2,35.0,33.0,1014.9,1.0,0.0,,0.0
2025-02-08 12:00:00,-19.3,-19.1,,-19.4,,73.0,8.4,11.6,26.0,28.0,1013.6,1.0,0.1,,0.0
2025-02-08 13:00:00,-19.3,-19.2,,-19.4,,71.0,9.0,12.6,24.0,25.0,1012.0,10.0,0.1,,0.0
2025-02-08 14:00:00,-19.2,-18.9,,-19.4,,67.0,10.6,15.7,26.0,28.0,1010.6,59.0,0.2,,0.0
2025-02-08 15:00:00,-19.0,-18.9,,-19.1,,65.0,11.8,15.6,28.0,26.0,1009.0,92.0,0.1,,0.0
2025-02-08 16:00:00,-18.5,-18.2,,-18.9,,66.0,11.9,15.6,25.0,26.0,1006.7,89.0,0.1,,0.0
2025-02-08 17:00:00,-18.0,-17.5,,-18.2,,66.0,13.1,17.3,26.0,25.0,1004.1,76.0,0.1,,0.0
2025-02-08 18:00:00,-17.1,-16.9,-16.9,-17.5,-19.4,65.0,14.2,18.5,25.0,26.0,1001.6,60.0,0.3,,0.0
2025-02-08 19:00:00,-16.6,-16.2,,-16.9,,67.0,12.5,17.1,25.0,26.0,999.3,20.0,0.1,,0.0
2025-02-08 20:00:00,-15.9,-15.6,,-16.2,,64.0,13.7,18.9,26.0,26.0,997.0,3.0,0.2,,40.0
2025-02-08 21:00:00,-15.2,-14.9,,-15.7,,64.0,14.7,20.1,25.0,26.0,995.1,1.0,0.2,,0.0
2025-02-08 22:00:00,-14.6,-14.3,,-14.9,,65.0,13.5,18.6,21.0,23.0,993.4,1.0,0.1,,0.0
2025-02-08 23:00:00,-13.9,-13.5,,-14.4,,63.0,12.8,18.0,20.0,20.0,991.8,1.0,0.1,,90.0
2025-02-09 00:00:00,-13.2,-12.7,,-13.6,,63.0,12.0,17.2,22.0,21.0,991.3,1.0,0.1,,0.0
2025-02-09 01:00:00,-12.3,-11.8,,-12.8,,67.0,9.8,15.6,27.0,22.0,990.7,1.0,0.1,,90.0
2025-02-09 02:00:00,-11.4,-11.2,,-11.8,,68.0,11.7,16.1,28.0,27.0,990.3,1.0,0.1,,60.0
2025-02-09 03:00:00,-10.8,-10.4,,-11.2,,71.0,9.5,14.1,27.0,27.0,989.9,1.0,0.0,,90.0
2025-02-09 04:00:00,-10.6,-10.1,,-11.9,,77.0,5.9,10.1,40.0,29.0,989.2,1.0,0.0,,40.0
2025-02-09 05:00:00,-13.6,-11.9,,-15.2,,77.0,3.9,5.7,190.0,138.0,988.6,1.0,0.0,,90.0
2025-02-09 06:00:00,-15.2,-14.8,-10.1,-15.5,-16.9,76.0,3.2,5.8,108.0,148.0,988.3,1.0,0.0,2.0,60.0
2025-02-09 07:00:00,-14.3,-12.3,,-15.3,,74.0,2.6,5.3,82.0,72.0,987.5,1.0,0.0,,10.0
2025-02-09 08:00:00,-13.6,-12.4,,-14.8,,71.0,1.0,3.4,221.0,157.0,986.5,1.0,0.0,,90.0
2025-02-09 09:00:00,-14.5,-13.9,,-14.9,,76.0,2.3,3.8,213.0,195.0,986.2,1.0,0.0,,90.0
2025-02-09 10:00:00,-14.2,-13.8,,-14.8,,77.0,3.6,7.8,211.0,215.0,986.0,1.0,0.0,,100.0
2025-02-09 11:00:00,-14.8,-14.1,,-15.0,,81.0,6.8,10.2,182.0,189.0,986.0,1.0,0.2,,100.0
2025-02-09 12:00:00,-14.9,-14.8,,-15.0,,82.0,9.5,11.5,180.0,182.0,986.7,1.0,0.1,,100.0
2025-02-09 13:00:00,-14.5,-14.1,,-15.0,,84.0,9.4,11.8,169.0,175.0,987.2,6.0,0.1,,100.0
2025-02-09 14:00:00,-13.6,-13.3,,-14.1,,85.0,10.9,12.8,171.0,170.0,988.0,26.0,0.0,,90.0
2025-02-09 15:00:00,-13.0,-12.4,,-13.3,,85.0,10.6,13.1,169.0,169.0,988.8,40.0,0.0,,90.0
2025-02-09 16:00:00,-11.7,-10.9,,-12.4,,87.0,9.7,14.0,202.0,178.0,989.9,42.0,0.1,,
2025-02-09 17:00:00,-12.1,-11.0,,-12.8,,86.0,11.4,14.3,195.0,196.0,991.5,42.0,0.2,,
2025-02-09 18:00:00,-13.4,-12.8,-10.9,-13.7,-15.3,84.0,11.9,14.4,194.0,197.0,993.0,33.0,0.1,,60.0
2025-02-09 19:00:00,-13.7,-13.5,,-13.9,,85.0,10.3,12.7,202.0,198.0,994.5,19.0,0.0,,90.0
2025-02-09 20:00:00,-13.8,-13.6,,-14.2,,84.0,9.0,11.8,208.0,207.0,995.9,4.0,0.1,,90.0
2025-02-09 21:00:00,-15.0,-14.1,,-15.6,,84.0,9.5,12.1,197.0,203.0,997.4,1.0,0.0,,90.0
2025-02-09 22:00:00,-15.9,-15.6,,-16.0,,84.0,11.4,13.6,183.0,192.0,998.9,1.0,0.0,,
2025-02-09 23:00:00,-15.7,-15.6,,-15.9,,84.0,12.1,15.0,176.0,179.0,1000.2,1.0,0.2,,90.0
2025-02-10 00:00:00,-15.6,-15.2,,-15.8,,85.0,12.2,14.4,179.0,176.0,1001.8,1.0,0.0,,90.0
2025-02-10 01:00:00,-15.0,-14.5,,-15.3,,85.0,12.1,14.6,192.0,184.0,1003.3,1.0,0.1,,90.0
2025-02-10 02:00:00,-14.6,-13.8,,-15.1,,86.0,8.9,12.7,196.0,188.0,1004.8,1.0,0.0,,90.0
2025-02-10 03:00:00,-13.9,-13.4,,-15.1,,86.0,4.1,7.3,198.0,209.0,1006.1,1.0,0.0,,90.0
2025-02-10 04:00:00,-15.8,-15.1,,-16.4,,86.0,6.1,8.4,193.0,198.0,1007.2,1.0,0.0,,40.0
2025-02-10 05:00:00,-16.2,-16.0,,-16.5,,85.0,7.6,9.8,186.0,190.0,1008.2,1.0,0.0,,90.0
2025-02-10 06:00:00,-16.6,-16.3,-13.4,-16.9,-16.9,85.0,8.0,10.2,201.0,195.0,1009.2,1.0,0.0,1.2,90.0
2025-02-10 07:00:00,-16.6,-16.5,,-16.8,,85.0,6.4,8.3,181.0,182.0,1009.9,1.0,0.0,,100.0
2025-02-10 08:00:00,-16.6,-16.6,,-16.8,,84.0,5.4,7.6,157.0,167.0,1011.1,1.0,0.0,,100.0
2025-02-10 09:00:00,-16.5,-16.4,,-16.7,,84.0,2.9,4.4,122.0,147.0,1012.0,1.0,0.0,,100.0
2025-02-10 10:00:00,-16.3,-16.2,,-16.5,,84.0,2.8,4.0,132.0,136.0,1012.5,1.0,0.0,,100.0
2025-02-10 11:00:00,-16.1,-15.9,,-16.2,,85.0,2.7,4.2,88.0,89.0,1013.1,1.0,0.0,,100.0
2025-02-10 12:00:00,-16.0,-15.8,,-16.3,,85.0,2.0,3.7,113.0,95.0,1013.1,1.0,0.0,,10.0
2025-02-10 13:00:00,-16.3,-15.9,,-17.5,,85.0,1.1,2.3,115.0,111.0,1013.3,9.0,0.0,,90.0
2025-02-10 14:00:00,-16.0,-15.6,,-16.3,,85.0,0.5,2.2,0.0,53.0,1013.3,27.0,0.0,,100.0
2025-02-10 15:00:00,-15.6,-15.3,,-15.8,,85.0,0.0,0.8,181.0,0.0,1013.5,49.0,0.0,,100.0
2025-02-10 16:00:00,-15.2,-15.0,,-15.6,,85.0,0.0,0.7,0.0,0.0,1013.3,61.0,0.0,,90.0
2025-02-10 17:00:00,-14.7,-14.4,,-14.9,,85.0,0.0,0.9,0.0,0.0,1013.4,52.0,0.0,,100.0
2025-02-10 18:00:00,-14.1,-13.6,-13.6,-14.4,-17.5,86.0,0.6,1.9,0.0,148.0,1014.0,41.0,0.0,,90.0
2025-02-10 19:00:00,-12.7,-12.1,,-13.7,,87.0,1.4,2.7,42.0,47.0,1014.5,18.0,0.0,,90.0
2025-02-10 20:00:00,-12.9,-12.0,,-13.6,,87.0,2.7,3.4,99.0,88.0,1015.5,4.0,0.0,,100.0
2025-02-10 21:00:00,-12.8,-12.5,,-13.2,,87.0,1.6,2.5,70.0,77.0,1016.2,1.0,0.0,,100.0
2025-02-10 22:00:00,-12.7,-12.5,,-12.7,,87.0,0.5,2.1,0.0,111.0,1017.2,1.0,0.2,,0.0
2025-02-10 23:00:00,-12.4,-12.1,,-12.6,,88.0,0.4,2.1,16.0,89.0,1017.5,1.0,0.5,,10.0
2025-02-11 00:00:00,-12.2,-11.8,,-12.7,,88.0,2.7,4.1,84.0,60.0,1018.0,1.0,0.0,,60.0
2025-02-11 01:00:00,-12.1,-11.4,,-13.3,,87.0,4.8,7.2,80.0,64.0,1018.4,1.0,0.0,,0.0
2025-02-11 02:00:00,-12.2,-11.5,,-13.5,,88.0,5.7,7.5,69.0,71.0,1018.4,1.0,0.0,,0.0
2025-02-11 03:00:00,-11.1,-10.3,,-11.9,,88.0,6.0,7.8,69.0,68.0,1018.3,1.0,0.0,,0.0
2025-02-11 04:00:00,-10.9,-10.4,,-11.9,,81.0,5.9,7.9,71.0,71.0,1017.9,1.0,0.0,,0.0
2025-02-11 05:00:00,-10.7,-10.3,,-12.2,,77.0,6.2,8.0,80.0,75.0,1017.6,1.0,0.0,,0.0
2025-02-11 06:00:00,-11.3,-10.7,-10.3,-12.2,-13.7,73.0,6.6,9.4,68.0,72.0,1017.0,1.0,0.0,0.7,10.0
2025-02-11 07:00:00,-10.4,-9.9,,-11.5,,76.0,7.3,9.3,45.0,51.0,1016.4,1.0,0.0,,40.0
2025-02-11 08:00:00,-10.3,-9.6,,-10.8,,76.0,7.5,10.6,28.0,35.0,1015.4,1.0,0.0,,10.0
2025-02-11 09:00:00,-9.2,-8.9,,-9.7,,71.0,10.5,15.3,35.0,32.0,1014.4,1.0,0.2,,90.0
2025-02-11 10:00:00,-8.5,-8.0,,-8.8,,70.0,12.7,17.3,30.0,28.0,1013.3,1.0,0.1,,90.0
2025-02-11 11:00:00,-7.8,-7.4,,-8.1,,70.0,14.5,20.0,27.0,28.0,1011.4,1.0,0.3,,
2025-02-11 12:00:00,-7.1,-6.7,,-7.6,,71.0,15.8,20.3,27.0,29.0,1010.1,1.0,0.3,,90.0
2025-02-11 13:00:00,-6.8,-6.7,,-7.0,,70.0,14.4,19.6,30.0,29.0,1008.7,8.0,0.0,,10.0
2025-02-11 14:00:00,-6.4,-6.0,,-6.8,,70.0,15.2,20.0,33.0,31.0,1007.1,32.0,0.3,,60.0
2025-02-11 15:00:00,-5.5,-5.0,,-6.1,,69.0,12.7,18.8,30.0,31.0,1006.9,52.0,0.1,,60.0
2025-02-11 16:00:00,-4.8,-4.5,,-5.0,,72.0,11.0,15.8,27.0,28.0,1005.4,52.0,0.0,,90.0
2025-02-11 17:00:00,-3.7,-2.0,,-4.6,,73.0,8.3,12.0,52.0,37.0,1003.8,42.0,0.0,,10.0
2025-02-11 18:00:00,-1.4,-0.7,-0.7,-2.1,-11.5,64.0,9.0,12.2,67.0,62.0,1003.2,35.0,0.0,,60.0
2025-02-11 19:00:00,-1.1,-0.4,,-1.8,,66.0,7.1,11.3,17.0,37.0,1003.1,17.0,0.0,,60.0
2025-02-11 20:00:00,0.3,1.5,,-1.1,,60.0,9.4,18.8,81.0,71.0,1001.9,4.0,0.3,,90.0
2025-02-11 21:00:00,1.3,2.0,,0.5,,64.0,6.2,13.8,94.0,79.0,1002.5,1.0,0.0,,90.0
2025-02-11 22:00:00,2.7,3.3,,2.0,,59.0,13.5,19.7,124.0,122.0,1002.2,1.0,0.9,,100.0
2025-02-11 23:00:00,3.3,3.6,,3.0,,56.0,13.7,20.1,106.0,118.0,1004.5,1.0,0.2,,100.0
2025-02-12 00:00:00,3.1,3.8,,2.8,,58.0,9.5,15.5,100.0,92.0,1005.7,1.0,0.1,,100.0
2025-02-12 01:00:00,2.5,3.5,,0.2,,60.0,7.7,14.2,30.0,83.0,1007.3,1.0,0.0,,90.0
2025-02-12 02:00:00,0.8,1.9,,0.1,,69.0,5.9,11.5,61.0,34.0,1007.8,1.0,0.0,,90.0
2025-02-12 03:00:00,2.2,3.5,,1.0,,62.0,7.9,14.9,45.0,42.0,1007.7,1.0,0.0,,90.0
2025-02-12 04:00:00,2.0,2.4,,1.8,,64.0,9.1,12.4,61.0,51.0,1008.2,1.0,0.0,,90.0
2025-02-12 05:00:00,1.4,1.9,,0.9,,67.0,8.1,10.5,64.0,64.0,1008.5,1.0,0.0,,90.0
2025-02-12 06:00:00,1.2,1.6,3.8,0.8,-1.8,69.0,8.2,11.0,56.0,52.0,1009.4,1.0,0.1,2.9,100.0
2025-02-12 07:00:00,1.7,2.3,,1.1,,67.0,8.8,12.1,52.0,56.0,1010.3,1.0,0.0,,100.0
2025-02-12 08:00:00,1.2,2.1,,0.2,,69.0,6.9,11.6,65.0,52.0,1010.4,1.0,0.0,,100.0
2025-02-12 09:00:00,2.4,3.5,,1.4,,62.0,10.5,14.7,65.0,70.0,1011.0,1.0,0.1,,90.0
2025-02-12 10:00:00,1.9,2.3,,1.5,,64.0,10.3,13.5,66.0,60.0,1010.9,1.0,0.0,,100.0
2025-02-12 11:00:00,2.3,3.3,,1.2,,61.0,9.6,13.4,55.0,66.0,1011.6,1.0,0.1,,90.0
2025-02-12 12:00:00,2.3,2.8,,1.7,,60.0,9.8,13.6,83.0,68.0,1011.6,3.0,0.1,,90.0
2025-02-12 13:00:00,1.8,2.7,,0.9,,62.0,9.8,14.5,61.0,69.0,1011.6,6.0,0.1,,90.0
2025-02-12 14:00:00,1.4,1.6,,1.2,,64.0,10.7,13.8,69.0,71.0,1010.8,17.0,0.2,,90.0
2025-02-12 15:00:00,2.1,2.7,,1.0,,59.0,11.7,15.9,90.0,86.0,1010.6,26.0,0.0,,90.0
2025-02-12 16:00:00,2.6,2.8,,2.4,,56.0,10.8,13.7,88.0,86.0,1010.8,28.0,0.0,,90.0
2025-02-12 17:00:00,2.6,3.0,,2.3,,57.0,7.9,11.4,84.0,83.0,1010.8,31.0,0.0,,90.0
2025-02-12 18:00:00,2.6,2.9,3.5,2.2,0.2,57.0,9.0,11.6,83.0,76.0,1010.7,20.0,0.0,,90.0
2025-02-12 19:00:00,2.0,2.8,,1.0,,60.0,7.5,11.0,35.0,56.0,1011.1,9.0,0.0,,90.0
2025-02-12 20:00:00,2.7,3.6,,2.0,,56.0,7.1,11.9,71.0,57.0,1010.9,3.0,0.1,,90.0
2025-02-12 21:00:00,2.8,3.1,,2.0,,55.0,10.3,14.4,65.0,70.0,1011.6,1.0,0.0,,90.0
2025-02-12 22:00:00,1.6,2.4,,1.2,,62.0,8.1,13.3,48.0,50.0,1012.1,1.0,0.0,,90.0
2025-02-12 23:00:00,1.7,2.3,,1.2,,61.0,7.2,11.7,21.0,30.0,1012.3,1.0,0.0,,90.0
2025-02-13 00:00:00,2.0,2.6,,1.5,,59.0,9.0,13.1,34.0,34.0,1012.7,1.0,0.1,,90.0
2025-02-13 01:00:00,2.1,3.2,,0.7,,57.0,11.9,16.0,24.0,27.0,1012.5,1.0,0.2,,60.0
2025-02-13 02:00:00,1.0,2.3,,0.1,,64.0,10.7,14.5,53.0,41.0,1011.7,1.0,0.0,,0.0
2025-02-13 03:00:00,2.0,2.4,,1.6,,56.0,10.2,14.3,63.0,62.0,1011.4,1.0,0.0,,0.0
2025-02-13 04:00:00,1.2,2.1,,0.6,,60.0,11.1,14.7,77.0,72.0,1012.0,1.0,0.1,,0.0
2025-02-13 05:00:00,2.1,3.7,,1.1,,56.0,7.7,12.7,35.0,50.0,1013.1,1.0,0.0,,0.0
2025-02-13 06:00:00,2.2,3.0,3.7,0.8,0.1,55.0,4.6,8.3,82.0,41.0,1013.4,1.0,0.0,1.1,10.0
2025-02-13 07:00:00,3.8,4.9,,2.4,,49.0,8.6,13.6,97.0,105.0,1014.0,1.0,0.2,,10.0
2025-02-13 08:00:00,2.9,4.0,,1.4,,54.0,7.4,11.1,74.0,75.0,1015.2,1.0,0.0,,0.0
2025-02-13 09:00:00,3.1,4.6,,2.3,,53.0,10.5,16.7,116.0,105.0,1015.6,1.0,0.3,,60.0
2025-02-13 10:00:00,4.5,4.8,,4.2,,45.0,14.4,18.9,113.0,116.0,1016.2,1.0,0.0,,40.0
2025-02-13 11:00:00,3.3,4.5,,0.4,,50.0,10.6,17.2,53.0,89.0,1017.5,1.0,0.0,,10.0
2025-02-13 12:00:00,1.0,2.1,,0.0,,62.0,9.3,15.1,77.0,55.0,1017.2,2.0,0.0,,0.0
2025-02-13 13:00:00,1.1,2.1,,0.1,,60.0,10.3,15.1,52.0,59.0,1018.1,18.0,0.1,,0.0
2025-02-13 14:00:00,0.4,1.2,,-0.5,,65.0,7.6,12.7,39.0,38.0,1017.8,53.0,0.1,,0.0
2025-02-13 15:00:00,-0.2,0.4,,-0.6,,68.0,10.1,13.8,42.0,42.0,1017.3,107.0,0.0,,0.0
2025-02-13 16:00:00,-0.3,0.5,,-0.8,,66.0,9.2,13.4,47.0,43.0,1016.5,105.0,0.0,,0.0
2025-02-13 17:00:00,-0.1,0.4,,-0.8,,66.0,10.0,15.4,54.0,47.0,1016.0,82.0,0.1,,0.0
2025-02-13 18:00:00,0.5,1.3,4.9,-0.1,-0.8,62.0,9.3,16.1,38.0,47.0,1015.6,57.0,0.0,,0.0
2025-02-13 19:00:00,1.6,2.4,,0.0,,56.0,10.5,15.0,55.0,50.0,1014.7,27.0,0.0,,10.0
2025-02-13 20:00:00,2.2,3.6,,0.4,,55.0,9.8,15.0,57.0,49.0,1014.3,5.0,0.0,,90.0
2025-02-13 21:00:00,3.0,3.9,,2.1,,51.0,9.0,14.8,41.0,45.0,1013.6,1.0,0.0,,90.0
2025-02-13 22:00:00,3.4,4.6,,1.8,,50.0,8.0,12.9,107.0,79.0,1013.2,1.0,0.0,,100.0
2025-02-13 23:00:00,4.6,5.0,,4.2,,42.0,15.0,21.5,127.0,120.0,1013.7,1.0,0.7,,90.0
2025-02-14 00:00:00,4.0,4.8,,3.1,,44.0,12.9,18.0,115.0,117.0,1014.1,1.0,0.0,,90.0
2025-02-14 01:00:00,3.1,3.5,,2.7,,46.0,14.3,19.9,99.0,108.0,1013.5,1.0,0.0,,90.0
2025-02-14 02:00:00,2.6,3.0,,2.1,,44.0,12.6,18.6,116.0,110.0,1013.7,1.0,0.2,,0.0
2025-02-14 03:00:00,1.9,2.5,,1.5,,48.0,11.7,17.1,115.0,115.0,1014.4,1.0,0.0,,0.0
2025-02-14 04:00:00,1.3,1.8,,1.0,,60.0,11.0,15.9,141.0,131.0,1016.6,1.0,0.1,,60.0
2025-02-14 05:00:00,2.1,2.8,,1.1,,60.0,11.9,21.3,165.0,153.0,1019.6,1.0,0.2,,90.0
2025-02-14 06:00:00,2.4,2.9,5.0,1.9,0.0,57.0,8.7,15.9,144.0,135.0,1020.5,1.0,0.3,2.3,100.0
2025-02-14 07:00:00,1.5,2.9,,0.5,,52.0,7.6,14.4,161.0,127.0,1022.4,1.0,0.2,,90.0
2025-02-14 08:00:00,-0.2,1.0,,-1.4,,75.0,1.9,5.8,241.0,238.0,1023.7,1.0,0.0,,0.0
2025-02-14 09:00:00,-1.7,-1.2,,-2.0,,86.0,2.1,4.1,262.0,256.0,1024.6,1.0,0.0,,0.0
2025-02-14 10:00:00,-2.0,-1.7,,-2.4,,85.0,1.3,3.8,295.0,285.0,1025.5,1.0,0.0,,0.0
2025-02-14 11:00:00,-2.6,-2.2,,-3.4,,90.0,0.5,3.2,52.0,1.0,1026.2,1.0,0.0,,0.0
2025-02-14 12:00:00,-3.2,-2.4,,-3.9,,93.0,2.7,4.3,15.0,17.0,1025.9,2.0,0.0,,90.0
2025-02-14 13:00:00,-2.5,-2.2,,-3.5,,93.0,4.7,7.0,29.0,28.0,1025.8,9.0,0.0,,90.0
2025-02-14 14:00:00,-2.5,-2.2,,-3.1,,91.0,4.5,7.4,67.0,40.0,1025.7,30.0,0.0,,90.0
2025-02-14 15:00:00,-3.4,-3.1,,-3.7,,90.0,3.0,4.7,87.0,87.0,1025.7,56.0,0.0,,60.0
2025-02-14 16:00:00,-1.5,-0.1,,-3.1,,60.0,4.6,8.3,141.0,124.0,1025.2,160.0,0.0,,60.0
2025-02-14 17:00:00,-0.6,0.2,,-1.3,,49.0,6.1,9.1,130.0,141.0,1025.3,159.0,0.0,,0.0
2025-02-14 18:00:00,-1.1,-0.3,2.8,-2.0,-3.9,53.0,2.5,5.6,33.0,56.0,1025.5,134.0,0.0,,0.0
2025-02-14 19:00:00,-0.5,0.0,,-1.1,,50.0,4.1,5.9,56.0,54.0,1025.9,65.0,0.0,,0.0
2025-02-14 20:00:00,-0.7,0.5,,-2.4,,61.0,4.7,6.4,50.0,44.0,1025.8,14.0,0.0,,0.0
2025-02-14 21:00:00,-0.7,0.6,,-2.3,,64.0,4.3,6.0,79.0,71.0,1025.9,1.0,0.0,,0.0
2025-02-14 22:00:00,-1.6,-0.9,,-2.3,,67.0,2.3,4.0,50.0,49.0,1025.5,1.0,0.0,,0.0
2025-02-14 23:00:00,-2.0,-1.1,,-2.7,,69.0,3.0,4.7,79.0,55.0,1025.3,1.0,0.0,,0.0
2025-02-15 00:00:00,-2.6,-1.9,,-3.8,,72.0,2.6,4.8,77.0,61.0,1025.0,1.0,0.0,,0.0
2025-02-15 01:00:00,-3.5,-2.4,,-4.2,,70.0,3.8,4.9,88.0,77.0,1024.5,1.0,0.0,,
2025-02-15 02:00:00,-2.9,-1.8,,-3.9,,63.0,3.3,4.7,11.0,74.0,1023.9,1.0,0.0,,40.0
2025-02-15 03:00:00,-3.0,-1.6,,-3.8,,64.0,2.8,5.9,57.0,60.0,1023.8,1.0,0.0,,10.0
2025-02-15 04:00:00,-1.8,-0.6,,-4.1,,61.0,5.0,7.0,40.0,50.0,1023.2,1.0,0.0,,0.0
2025-02-15 05:00:00,-2.0,-0.9,,-2.8,,73.0,5.1,7.9,50.0,39.0,1022.7,1.0,0.0,,0.0
2025-02-15 06:00:00,-1.4,-0.5,0.6,-2.2,-4.2,71.0,6.1,8.5,53.0,49.0,1022.2,1.0,0.0,0.2,0.0
2025-02-15 07:00:00,-1.8,-0.8,,-2.6,,72.0,6.1,10.0,47.0,44.0,1021.6,1.0,0.0,,0.0
2025-02-15 08:00:00,-2.0,-1.8,,-2.3,,74.0,7.1,10.8,44.0,49.0,1021.8,1.0,0.0,,0.0
2025-02-15 09:00:00,-2.3,-2.1,,-2.7,,76.0,6.4,9.9,31.0,41.0,1021.3,1.0,0.0,,0.0
2025-02-15 10:00:00,-2.2,-1.9,,-2.6,,77.0,6.8,9.4,34.0,40.0,1020.6,1.0,0.0,,0.0
2025-02-15 11:00:00,-2.0,-1.6,,-2.3,,73.0,7.2,10.2,47.0,53.0,1020.8,1.0,0.0,,10.0
2025-02-15 12:00:00,-2.4,-2.0,,-2.6,,73.0,7.3,10.9,42.0,38.0,1020.2,2.0,0.0,,0.0
2025-02-15 13:00:00,-1.9,-1.5,,-2.4,,68.0,8.6,12.5,44.0,46.0,1020.0,20.0,0.1,,0.0
2025-02-15 14:00:00,-1.6,-1.2,,-1.9,,66.0,7.3,12.1,30.0,34.0,1019.5,71.0,0.0,,0.0
2025-02-15 15:00:00,-1.6,-1.3,,-1.9,,67.0,7.2,12.6,45.0,35.0,1019.0,119.0,0.0,,0.0
2025-02-15 16:00:00,-1.6,-1.3,,-1.9,,64.0,8.3,12.2,33.0,33.0,1018.5,145.0,0.1,,0.0
2025-02-15 17:00:00,-1.3,-1.0,,-1.8,,63.0,7.8,12.4,20.0,29.0,1018.5,144.0,0.0,,0.0
2025-02-15 18:00:00,-1.1,-0.4,-0.4,-1.6,-2.7,62.0,7.3,11.0,36.0,39.0,1018.1,118.0,0.0,,0.0
2025-02-15 19:00:00,-1.2,-0.5,,-1.6,,65.0,6.6,10.1,49.0,36.0,1017.9,64.0,0.0,,0.0
2025-02-15 20:00:00,-0.5,0.1,,-1.1,,56.0,7.2,11.8,43.0,44.0,1017.9,16.0,0.0,,0.0
2025-02-15 21:00:00,-0.2,0.5,,-1.0,,55.0,9.1,12.9,45.0,48.0,1018.0,2.0,0.0,,0.0
2025-02-15 22:00:00,-0.1,0.2,,-0.3,,56.0,10.1,14.4,38.0,45.0,1017.4,1.0,0.0,,10.0
2025-02-15 23:00:00,-0.1,0.6,,-0.4,,55.0,7.9,12.4,40.0,39.0,1017.2,1.0,0.0,,90.0
2025-02-16 00:00:00,-0.3,0.5,,-0.9,,58.0,8.0,13.2,32.0,41.0,1017.5,1.0,0.1,,0.0
2025-02-16 01:00:00,-0.4,0.1,,-0.7,,59.0,8.4,13.0,49.0,46.0,1016.9,1.0,0.0,,0.0
2025-02-16 02:00:00,-0.3,0.5,,-0.8,,59.0,8.8,13.4,43.0,41.0,1017.0,1.0,0.0,,0.0
2025-02-16 03:00:00,0.5,1.0,,-0.2,,52.0,9.8,15.6,56.0,48.0,1017.1,1.0,0.1,,0.0
2025-02-16 04:00:00,0.5,0.8,,0.1,,55.0,9.3,14.9,65.0,53.0,1016.3,1.0,0.1,,0.0
2025-02-16 05:00:00,0.2,0.6,,-0.5,,60.0,11.0,15.7,45.0,52.0,1016.2,1.0,0.1,,0.0
2025-02-16 06:00:00,0.0,0.2,1.0,-0.2,-1.6,62.0,9.7,16.1,55.0,57.0,1016.4,1.0,0.1,0.7,0.0
2025-02-16 07:00:00,0.4,1.8,,-0.5,,62.0,9.1,15.2,42.0,52.0,1016.1,1.0,0.1,,0.0
2025-02-16 08:00:00,0.3,0.9,,-0.5,,61.0,9.2,12.6,61.0,60.0,1015.8,1.0,0.0,,0.0
2025-02-16 09:00:00,0.4,0.7,,-0.2,,63.0,8.5,13.2,52.0,44.0,1016.3,1.0,0.0,,0.0
2025-02-16 10:00:00,0.3,1.1,,-0.3,,63.0,9.2,13.0,57.0,47.0,1016.0,1.0,0.1,,0.0
2025-02-16 11:00:00,0.9,1.4,,0.4,,59.0,8.1,13.0,27.0,45.0,1016.3,1.0,0.0,,0.0
2025-02-16 12:00:00,1.0,1.7,,0.2,,58.0,6.8,12.2,50.0,33.0,1015.0,2.0,0.0,,0.0
2025-02-16 13:00:00,1.3,1.7,,0.9,,54.0,10.1,14.7,78.0,65.0,1014.6,12.0,0.2,,0.0
2025-02-16 14:00:00,2.2,2.7,,1.2,,48.0,9.4,16.9,59.0,80.0,1015.0,28.0,0.0,,0.0
2025-02-16 15:00:00,1.4,1.9,,0.9,,53.0,8.1,10.9,64.0,58.0,1014.7,47.0,0.0,,0.0
2025-02-16 16:00:00,1.1,1.8,,0.6,,58.0,8.4,11.0,71.0,66.0,1014.7,60.0,0.0,,0.0
2025-02-16 17:00:00,1.3,1.9,,0.7,,58.0,9.0,11.8,59.0,61.0,1014.4,58.0,0.0,,0.0
2025-02-16 18:00:00,1.2,1.8,2.7,0.9,-0.5,57.0,9.0,12.5,57.0,61.0,1014.0,57.0,0.0,,10.0
2025-02-16 19:00:00,1.3,2.1,,0.1,,56.0,9.5,14.3,39.0,63.0,1014.4,32.0,0.1,,0.0
2025-02-16 20:00:00,0.8,1.7,,-0.1,,61.0,8.5,13.0,72.0,60.0,1014.0,10.0,0.1,,0.0
2025-02-16 21:00:00,0.9,1.6,,0.3,,60.0,7.1,11.9,47.0,44.0,1014.7,2.0,0.0,,60.0
2025-02-16 22:00:00,0.7,1.4,,-0.3,,60.0,5.6,10.2,33.0,41.0,1015.2,1.0,0.0,,10.0
2025-02-16 23:00:00,0.3,0.9,,-0.6,,66.0,6.7,10.6,40.0,42.0,1015.1,1.0,0.0,,0.0
2025-02-17 00:00:00,0.1,0.8,,-0.5,,65.0,6.9,10.0,65.0,53.0,1015.0,1.0,0.0,,0.0
2025-02-17 01:00:00,0.0,0.7,,-0.5,,63.0,6.5,9.2,62.0,55.0,1015.2,1.0,0.0,,0.0
2025-02-17 02:00:00,-0.4,0.1,,-1.2,,62.0,7.2,9.3,62.0,59.0,1015.1,1.0,0.0,,0.0
2025-02-17 03:00:00,-0.3,0.4,,-0.8,,63.0,7.3,9.8,63.0,64.0,1015.2,1.0,0.0,,0.0
2025-02-17 04:00:00,-0.2,0.4,,-0.7,,62.0,6.8,9.4,71.0,65.0,1015.7,1.0,0.0,,0.0
2025-02-17 05:00:00,-0.7,0.0,,-1.7,,64.0,5.8,8.5,85.0,76.0,1015.4,1.0,0.0,,0.0
2025-02-17 06:00:00,-0.9,0.1,2.1,-2.0,-2.0,61.0,5.8,8.4,81.0,82.0,1015.3,1.0,0.0,0.6,40.0
2025-02-17 07:00:00,-1.5,-0.5,,-2.0,,63.0,6.1,7.7,91.0,86.0,1015.6,1.0,0.0,,60.0
2025-02-17 08:00:00,-2.0,-1.3,,-3.1,,63.0,4.4,6.5,112.0,104.0,1016.2,1.0,0.0,,10.0
2025-02-17 09:00:00,-2.7,-1.1,,-3.2,,65.0,1.9,4.4,78.0,90.0,1016.6,1.0,0.0,,0.0
2025-02-17 10:00:00,-1.9,-0.6,,-3.2,,61.0,2.1,5.3,77.0,45.0,1016.9,1.0,0.0,,0.0
2025-02-17 11:00:00,-2.1,-1.5,,-2.9,,59.0,3.5,5.2,93.0,82.0,1017.1,1.0,0.0,,10.0
2025-02-17 12:00:00,-1.0,0.2,,-2.3,,52.0,1.8,3.9,50.0,80.0,1016.9,5.0,0.0,,0.0
2025-02-17 13:00:00,-2.9,-2.1,,-3.5,,70.0,2.2,3.7,18.0,19.0,1016.8,29.0,0.0,,0.0
2025-02-17 14:00:00,-3.0,-1.9,,-3.7,,62.0,4.3,6.2,96.0,73.0,1016.6,85.0,0.0,,0.0
2025-02-17 15:00:00,-2.2,-1.3,,-3.7,,62.0,5.4,7.4,64.0,77.0,1016.5,126.0,0.0,,0.0
2025-02-17 16:00:00,-0.9,-0.5,,-1.7,,62.0,5.8,7.0,72.0,69.0,1015.9,151.0,0.0,,0.0
2025-02-17 17:00:00,-0.7,0.0,,-1.7,,57.0,4.7,7.2,62.0,68.0,1015.4,130.0,0.0,,0.0
2025-02-17 18:00:00,-2.0,-1.0,0.2,-2.3,-3.7,76.0,2.1,5.0,23.0,31.0,1015.6,82.0,0.0,,0.0
2025-02-17 19:00:00,-2.1,-1.6,,-2.8,,81.0,2.6,4.3,8.0,15.0,1015.7,58.0,0.0,,0.0
2025-02-17 20:00:00,-1.9,-1.7,,-2.3,,83.0,4.0,6.8,30.0,22.0,1015.3,22.0,0.0,,0.0
2025-02-17 21:00:00,-2.0,-1.7,,-2.4,,78.0,5.3,6.8,47.0,40.0,1015.3,2.0,0.0,,0.0
2025-02-17 22:00:00,-2.1,-1.7,,-2.4,,78.0,4.9,6.9,29.0,34.0,1015.2,1.0,0.0,,0.0
2025-02-17 23:00:00,-2.2,-1.9,,-2.6,,77.0,5.1,6.8,37.0,45.0,1014.7,1.0,0.0,,0.0
2025-02-18 00:00:00,-2.4,-2.1,,-2.7,,79.0,4.3,5.9,45.0,38.0,1014.5,1.0,0.0,,0.0
2025-02-18 01:00:00,-2.5,-2.3,,-2.9,,82.0,4.0,5.6,39.0,41.0,1014.2,1.0,0.0,,10.0
2025-02-18 02:00:00,-2.5,-2.4,,-2.8,,81.0,4.1,5.1,31.0,38.0,1014.0,1.0,0.0,,0.0
2025-02-18 03:00:00,-2.6,-2.4,,-2.7,,81.0,4.0,5.0,50.0,42.0,1013.6,1.0,0.0,,0.0
2025-02-18 04:00:00,-3.3,-2.6,,-4.0,,84.0,2.7,4.4,23.0,27.0,1013.0,1.0,0.0,,0.0
2025-02-18 05:00:00,-2.6,-2.4,,-3.2,,78.0,3.9,5.1,36.0,29.0,1012.4,1.0,0.0,,0.0
2025-02-18 06:00:00,-2.9,-2.3,-1.6,-3.5,-4.0,77.0,3.2,5.3,13.0,16.0,1011.7,1.0,0.0,0.0,0.0
2025-02-18 07:00:00,-3.1,-2.9,,-3.5,,86.0,3.0,4.9,48.0,30.0,1011.2,1.0,0.0,,0.0
2025-02-18 08:00:00,-3.2,-2.9,,-3.6,,87.0,4.6,5.3,50.0,55.0,1010.8,1.0,0.0,,0.0
2025-02-18 09:00:00,-3.8,-2.9,,-4.4,,86.0,2.2,4.8,13.0,21.0,1010.2,1.0,0.0,,0.0
2025-02-18 10:00:00,-3.6,-2.8,,-4.1,,88.0,1.5,2.7,24.0,24.0,1009.7,1.0,0.0,,0.0
2025-02-18 11:00:00,-3.5,-3.1,,-4.5,,85.0,2.5,3.4,13.0,26.0,1009.2,1.0,0.0,,40.0
2025-02-18 12:00:00,-3.6,-3.2,,-4.6,,79.0,4.5,6.9,36.0,33.0,1008.5,5.0,0.0,,90.0
2025-02-18 13:00:00,-3.2,-3.0,,-3.5,,75.0,4.7,6.3,57.0,46.0,1007.9,27.0,0.0,,90.0
2025-02-18 14:00:00,-2.8,-2.3,,-3.1,,76.0,4.1,6.1,26.0,33.0,1007.3,62.0,0.0,,90.0
2025-02-18 15:00:00,-2.2,-2.1,,-2.4,,69.0,5.4,7.8,25.0,24.0,1006.7,152.0,0.0,,
2025-02-18 16:00:00,-2.4,-2.2,,-2.5,,71.0,7.6,10.5,26.0,25.0,1006.0,163.0,0.0,,0.0
2025-02-18 17:00:00,-2.5,-2.3,,-2.7,,69.0,8.5,11.7,33.0,30.0,1005.2,163.0,0.0,,0.0
2025-02-18 18:00:00,-2.6,-2.3,-2.1,-2.8,-4.6,67.0,8.0,11.4,33.0,32.0,1004.5,133.0,0.0,,0.0
2025-02-18 19:00:00,-2.7,-2.4,,-2.8,,67.0,7.9,10.8,32.0,33.0,1004.1,79.0,0.0,,0.0
2025-02-18 20:00:00,-2.5,-2.1,,-2.7,,65.0,8.2,11.7,29.0,31.0,1003.3,25.0,0.0,,0.0
2025-02-18 21:00:00,-2.1,-1.9,,-2.3,,60.0,9.7,12.8,31.0,27.0,1003.1,3.0,0.0,,0.0
2025-02-18 22:00:00,-2.2,-2.0,,-2.3,,66.0,8.1,10.9,31.0,27.0,1002.6,1.0,0.0,,0.0
2025-02-18 23:00:00,-2.3,-2.1,,-2.4,,67.0,8.5,11.6,29.0,31.0,1001.9,1.0,0.0,,0.0
2025-02-19 00:00:00,-2.1,-2.0,,-2.4,,65.0,9.1,12.2,22.0,25.0,1001.8,1.0,0.0,,0.0
2025-02-19 01:00:00,-2.4,-2.1,,-2.9,,63.0,7.1,10.0,32.0,26.0,1001.5,1.0,0.0,,0.0
2025-02-19 02:00:00,-2.6,-2.4,,-2.8,,63.0,7.4,9.8,26.0,24.0,1000.7,1.0,0.0,,0.0
2025-02-19 03:00:00,-2.6,-2.4,,-3.2,,61.0,7.2,9.7,33.0,28.0,1000.1,1.0,0.0,,0.0
2025-02-19 04:00:00,-2.9,-2.7,,-3.1,,63.0,6.6,9.2,26.0,27.0,999.3,1.0,0.0,,0.0
2025-02-19 05:00:00,-3.2,-2.9,,-3.6,,64.0,5.4,7.7,30.0,30.0,998.8,1.0,0.0,,0.0
2025-02-19 06:00:00,-3.3,-3.0,-1.9,-3.6,-3.6,63.0,5.6,9.4,16.0,25.0,998.3,1.0,0.0,0.0,0.0
2025-02-19 07:00:00,-3.6,-3.4,,-3.8,,64.0,6.3,9.7,4.0,8.0,997.8,1.0,0.0,,0.0
2025-02-19 08:00:00,-3.5,-3.1,,-3.9,,65.0,6.8,10.5,11.0,9.0,997.6,1.0,0.0,,0.0
2025-02-19 09:00:00,-3.6,-3.2,,-3.9,,63.0,6.0,8.5,15.0,15.0,996.8,1.0,0.0,,0.0
2025-02-19 10:00:00,-3.7,-3.3,,-4.3,,64.0,5.5,9.0,17.0,15.0,996.4,1.0,0.0,,0.0
2025-02-19 11:00:00,-3.7,-3.5,,-4.0,,61.0,6.3,8.9,22.0,20.0,996.0,1.0,0.0,,0.0
2025-02-19 12:00:00,-3.9,-3.6,,-4.2,,61.0,5.9,8.7,21.0,18.0,995.4,7.0,0.0,,0.0
2025-02-19 13:00:00,-3.7,-3.5,,-4.2,,60.0,6.0,8.5,19.0,21.0,994.7,40.0,0.0,,0.0
2025-02-19 14:00:00,-3.6,-3.5,,-3.8,,60.0,6.3,8.7,25.0,24.0,994.4,98.0,0.0,,0.0
2025-02-19 15:00:00,-3.9,-3.4,,-4.2,,59.0,5.8,8.7,23.0,17.0,993.4,148.0,0.0,,0.0
2025-02-19 16:00:00,-3.8,-3.4,,-4.2,,57.0,5.8,8.5,23.0,25.0,992.6,178.0,0.0,,0.0
2025-02-19 17:00:00,-4.2,-3.9,,-4.5,,57.0,5.5,8.8,13.0,15.0,991.9,180.0,0.0,,0.0
2025-02-19 18:00:00,-4.3,-4.1,-3.1,-4.7,-4.7,59.0,5.5,8.1,7.0,11.0,991.2,148.0,0.0,,0.0
2025-02-19 19:00:00,-4.6,-4.4,,-4.9,,64.0,4.2,7.2,13.0,9.0,990.7,88.0,0.0,,0.0
2025-02-19 20:00:00,-4.8,-4.4,,-5.2,,67.0,2.1,3.7,19.0,17.0,990.3,29.0,0.0,,0.0
2025-02-19 21:00:00,-5.2,-4.5,,-6.2,,68.0,1.0,2.9,24.0,11.0,989.7,3.0,0.0,,0.0
2025-02-19 22:00:00,-4.7,-4.3,,-5.2,,64.0,1.2,2.6,41.0,35.0,989.3,1.0,0.0,,0.0
2025-02-19 23:00:00,-5.6,-4.9,,-6.2,,67.0,0.7,2.6,280.0,6.0,988.7,1.0,0.0,,0.0
2025-02-20 00:00:00,-5.3,-4.9,,-5.6,,71.0,2.1,4.1,357.0,328.0,988.3,1.0,0.0,,0.0
2025-02-20 01:00:00,-5.5,-5.1,,-5.8,,61.0,3.3,5.1,348.0,357.0,987.8,1.0,0.0,,0.0
2025-02-20 02:00:00,-5.3,-5.0,,-5.7,,67.0,2.7,4.5,332.0,338.0,987.1,1.0,0.0,,0.0
2025-02-20 03:00:00,-5.6,-5.1,,-6.1,,64.0,4.0,6.8,356.0,350.0,986.3,1.0,0.0,,0.0
2025-02-20 04:00:00,-5.9,-5.4,,-6.5,,77.0,4.6,6.4,42.0,21.0,985.8,1.0,0.0,,0.0
2025-02-20 05:00:00,-7.2,-6.1,,-9.0,,77.0,4.5,6.3,47.0,49.0,985.2,1.0,0.0,,0.0
2025-02-20 06:00:00,-7.9,-7.2,-4.3,-8.9,-9.0,71.0,3.6,4.5,70.0,55.0,985.1,1.0,0.0,0.0,0.0
2025-02-20 07:00:00,-9.3,-8.3,,-9.9,,72.0,2.6,4.1,115.0,97.0,984.8,1.0,0.0,,0.0
2025-02-20 08:00:00,-10.3,-9.7,,-10.7,,76.0,0.8,1.8,179.0,157.0,984.3,1.0,0.0,,0.0
2025-02-20 09:00:00,-9.7,-8.4,,-10.8,,71.0,0.9,2.2,210.0,234.0,984.0,1.0,0.0,,0.0
2025-02-20 10:00:00,-9.7,-9.2,,-10.3,,78.0,1.1,2.2,227.0,219.0,983.7,2.0,0.0,,0.0
2025-02-20 11:00:00,-9.4,-8.1,,-9.9,,82.0,1.6,2.4,259.0,250.0,983.6,2.0,0.0,,0.0
2025-02-20 12:00:00,-9.1,-8.2,,-9.9,,86.0,1.8,3.8,296.0,282.0,983.1,8.0,0.0,,0.0
2025-02-20 13:00:00,-7.7,-6.8,,-8.2,,86.0,1.5,3.6,262.0,263.0,983.0,68.0,0.0,,0.0
2025-02-20 14:00:00,-6.1,-5.6,,-6.8,,78.0,1.5,3.3,260.0,268.0,982.6,144.0,0.0,,0.0
2025-02-20 15:00:00,-5.2,-4.9,,-6.1,,76.0,2.0,4.9,311.0,300.0,982.3,202.0,0.0,,0.0
2025-02-20 16:00:00,-4.9,-4.7,,-5.1,,75.0,2.8,4.7,300.0,303.0,982.0,239.0,0.0,,0.0
2025-02-20 17:00:00,-4.6,-4.3,,-4.9,,77.0,2.7,5.0,294.0,296.0,982.0,225.0,0.0,,0.0
2025-02-20 18:00:00,-4.7,-4.4,-4.3,-4.9,-10.8,76.0,3.2,5.6,302.0,295.0,982.1,167.0,0.0,,0.0
2025-02-20 19:00:00,-4.8,-4.7,,-4.9,,81.0,3.1,5.5,307.0,305.0,982.2,96.0,0.0,,10.0
2025-02-20 20:00:00,-5.0,-4.8,,-5.4,,79.0,2.7,4.7,304.0,300.0,982.5,33.0,0.0,,0.0
2025-02-20 21:00:00,-5.4,-5.3,,-5.7,,80.0,2.0,3.9,267.0,287.0,982.7,4.0,0.0,,10.0
2025-02-20 22:00:00,-5.8,-5.3,,-6.4,,88.0,3.8,7.4,270.0,264.0,983.1,1.0,0.0,,90.0
2025-02-20 23:00:00,-6.7,-6.4,,-7.0,,90.0,4.7,6.9,207.0,226.0,983.2,1.0,0.0,,100.0
2025-02-21 00:00:00,-6.5,-6.2,,-6.7,,92.0,5.5,8.6,210.0,235.0,983.4,1.0,0.1,,100.0
2025-02-21 01:00:00,-6.7,-6.5,,-6.9,,92.0,6.5,8.8,201.0,206.0,983.4,1.0,0.0,,100.0
2025-02-21 02:00:00,-6.5,-6.4,,-6.6,,91.0,5.7,7.7,209.0,206.0,983.3,1.0,0.0,,90.0
2025-02-21 03:00:00,-7.0,-6.5,,-7.2,,93.0,6.6,9.2,177.0,192.0,983.2,1.0,0.1,,90.0
2025-02-21 04:00:00,-6.4,-5.6,,-7.1,,88.0,2.3,6.1,347.0,244.0,983.2,1.0,0.0,,100.0
2025-02-21 05:00:00,-6.2,-5.9,,-6.4,,84.0,3.6,5.9,318.0,331.0,983.2,1.0,0.0,,100.0
2025-02-21 06:00:00,-6.4,-6.3,-4.7,-6.6,-7.2,81.0,2.5,4.5,293.0,310.0,983.4,1.0,0.0,0.2,90.0
2025-02-21 07:00:00,-6.2,-6.0,,-6.5,,82.0,2.8,5.5,319.0,309.0,983.4,1.0,0.0,,100.0
2025-02-21 08:00:00,-6.1,-6.0,,-6.2,,84.0,4.5,7.2,317.0,320.0,983.6,1.0,0.0,,100.0
2025-02-21 09:00:00,-6.3,-6.2,,-6.4,,85.0,5.1,8.1,317.0,316.0,983.7,1.0,0.0,,100.0
2025-02-21 10:00:00,-6.3,-6.2,,-6.6,,84.0,4.4,8.3,277.0,305.0,984.3,1.0,0.1,,100.0
2025-02-21 11:00:00,-6.8,-6.6,,-7.2,,90.0,5.6,9.6,278.0,277.0,984.7,1.0,0.1,,100.0
2025-02-21 12:00:00,-7.3,-7.2,,-7.5,,89.0,5.0,8.2,267.0,273.0,985.0,4.0,0.0,,100.0
2025-02-21 13:00:00,-7.7,-7.5,,-8.0,,86.0,4.8,8.7,258.0,260.0,985.5,17.0,0.1,,100.0
2025-02-21 14:00:00,-8.3,-8.0,,-8.6,,84.0,5.6,9.2,260.0,260.0,985.7,44.0,0.1,,100.0
2025-02-21 15:00:00,-8.8,-8.6,,-9.1,,85.0,5.6,9.6,259.0,262.0,986.2,59.0,0.0,,100.0
2025-02-21 16:00:00,-9.2,-9.1,,-9.3,,85.0,4.6,8.0,261.0,260.0,986.2,71.0,0.0,,100.0
2025-02-21 17:00:00,-9.3,-9.2,,-9.3,,84.0,3.6,6.5,262.0,268.0,986.6,74.0,0.0,,100.0
2025-02-21 18:00:00,-9.3,-9.2,-6.0,-9.5,-9.5,80.0,3.1,7.0,249.0,256.0,986.9,48.0,0.0,,100.0
2025-02-21 19:00:00,-9.6,-9.5,,-9.8,,81.0,2.8,5.6,258.0,268.0,987.0,32.0,0.0,,100.0
2025-02-21 20:00:00,-10.1,-9.8,,-10.5,,82.0,4.6,7.2,202.0,220.0,987.5,14.0,0.0,,100.0
2025-02-21 21:00:00,-10.8,-10.5,,-11.0,,82.0,5.7,7.0,194.0,199.0,987.8,3.0,0.0,,100.0
2025-02-21 22:00:00,-10.9,-10.7,,-11.0,,81.0,5.1,6.8,191.0,194.0,987.9,1.0,0.0,,100.0
2025-02-21 23:00:00,-11.1,-10.9,,-11.1,,82.0,6.0,7.9,186.0,184.0,988.0,1.0,0.0,,100.0
2025-02-22 00:00:00,-11.1,-11.1,,-11.2,,82.0,5.6,6.9,189.0,190.0,988.0,1.0,0.0,,100.0
2025-02-22 01:00:00,-11.2,-11.1,,-11.3,,83.0,4.9,6.2,188.0,187.0,988.0,1.0,0.0,,100.0
2025-02-22 02:00:00,-11.2,-11.1,,-11.4,,83.0,4.3,5.7,183.0,191.0,987.9,1.0,0.0,,100.0
2025-02-22 03:00:00,-11.5,-11.4,,-11.6,,85.0,4.9,5.9,175.0,179.0,987.8,1.0,0.0,,100.0
2025-02-22 04:00:00,-11.5,-11.5,,-11.6,,83.0,3.9,5.8,170.0,168.0,987.5,1.0,0.0,,100.0
2025-02-22 05:00:00,-11.5,-11.5,,-11.6,,84.0,3.3,4.7,170.0,169.0,987.4,1.0,0.0,,100.0
2025-02-22 06:00:00,-11.4,-11.2,-9.5,-11.5,-11.6,85.0,2.6,3.7,205.0,188.0,987.5,1.0,0.0,0.4,100.0
2025-02-22 07:00:00,-11.3,-11.1,,-11.5,,83.0,2.6,4.7,262.0,255.0,987.7,1.0,0.0,,100.0
2025-02-22 08:00:00,-11.8,-11.5,,-12.0,,81.0,2.1,4.0,264.0,268.0,987.7,1.0,0.0,,100.0
2025-02-22 09:00:00,-12.4,-12.0,,-12.9,,79.0,1.4,2.8,266.0,270.0,987.5,1.0,0.0,,60.0
2025-02-22 10:00:00,-13.0,-12.7,,-13.1,,81.0,2.1,3.7,260.0,265.0,987.5,1.0,0.0,,60.0
2025-02-22 11:00:00,-13.3,-13.1,,-13.5,,82.0,2.1,3.3,259.0,261.0,987.4,1.0,0.0,,90.0
2025-02-22 12:00:00,-13.5,-13.4,,-13.7,,84.0,2.3,3.7,266.0,262.0,987.6,8.0,0.0,,10.0
2025-02-22 13:00:00,-13.3,-13.0,,-13.6,,82.0,2.9,5.8,280.0,271.0,987.1,56.0,0.0,,60.0
2025-02-22 14:00:00,-12.9,-12.8,,-13.0,,82.0,3.7,6.2,290.0,282.0,986.8,107.0,0.0,,40.0
2025-02-22 15:00:00,-12.5,-12.2,,-12.9,,82.0,3.1,5.3,300.0,284.0,986.2,159.0,0.0,,90.0
2025-02-22 16:00:00,-11.9,-11.6,,-12.2,,84.0,1.8,4.5,273.0,286.0,985.6,90.0,0.0,,100.0
2025-02-22 17:00:00,-11.2,-10.8,,-11.6,,86.0,2.1,3.8,262.0,259.0,984.9,82.0,0.0,,100.0
2025-02-22 18:00:00,-10.4,-10.3,-10.3,-10.8,-13.7,87.0,3.2,6.0,289.0,282.0,984.4,55.0,0.0,,100.0
2025-02-22 19:00:00,-10.2,-9.9,,-10.5,,87.0,3.8,6.1,281.0,279.0,984.0,35.0,0.0,,100.0
2025-02-22 20:00:00,-10.9,-9.8,,-11.7,,86.0,4.1,7.5,175.0,173.0,984.1,13.0,0.1,,100.0
2025-02-22 21:00:00,-11.4,-11.2,,-11.7,,87.0,4.8,6.2,166.0,166.0,983.8,2.0,0.0,,100.0
2025-02-22 22:00:00,-11.6,-11.4,,-11.8,,87.0,4.7,6.1,148.0,150.0,983.7,1.0,0.0,,100.0
2025-02-22 23:00:00,-11.7,-11.4,,-11.9,,87.0,4.2,5.7,175.0,172.0,983.3,1.0,0.0,,100.0
2025-02-23 00:00:00,-10.9,-10.5,,-11.4,,87.0,2.3,3.9,190.0,183.0,983.0,1.0,0.0,,100.0
2025-02-23 01:00:00,-10.2,-9.9,,-10.6,,85.0,0.9,1.8,189.0,181.0,982.8,1.0,0.1,,100.0
2025-02-23 02:00:00,-10.3,-9.8,,-10.8,,89.0,2.7,6.9,258.0,237.0,982.7,1.0,0.2,,
2025-02-23 03:00:00,-10.8,-10.5,,-10.9,,88.0,4.0,7.2,251.0,260.0,982.6,1.0,0.1,,100.0
2025-02-23 04:00:00,-10.8,-10.5,,-11.0,,87.0,3.1,5.9,264.0,264.0,982.6,1.0,0.0,,100.0
2025-02-23 05:00:00,-11.2,-11.0,,-11.2,,85.0,2.5,4.6,230.0,253.0,982.5,1.0,0.0,,100.0
2025-02-23 06:00:00,-11.3,-11.2,-9.8,-11.4,-11.9,85.0,2.7,3.7,192.0,200.0,982.5,1.0,0.0,0.5,100.0
2025-02-23 07:00:00,-11.6,-11.4,,-11.8,,88.0,3.8,5.5,163.0,169.0,982.7,1.0,0.0,,100.0
2025-02-23 08:00:00,-11.6,-11.6,,-11.7,,84.0,4.3,6.9,151.0,161.0,982.8,1.0,0.0,,100.0
2025-02-23 09:00:00,-12.3,-11.7,,-13.0,,78.0,3.7,5.8,138.0,137.0,983.1,1.0,0.0,,90.0
2025-02-23 10:00:00,-11.8,-11.4,,-12.3,,78.0,3.1,4.9,136.0,145.0,983.2,1.0,0.0,,90.0
2025-02-23 11:00:00,-11.5,-11.3,,-11.7,,80.0,3.7,5.1,117.0,126.0,983.2,1.0,0.0,,100.0
2025-02-23 12:00:00,-11.5,-11.3,,-11.7,,81.0,4.6,6.4,118.0,110.0,983.6,6.0,0.0,,100.0
2025-02-23 13:00:00,-11.1,-10.9,,-11.4,,78.0,4.8,5.9,116.0,113.0,983.5,29.0,0.0,,100.0
2025-02-23 14:00:00,-10.8,-10.6,,-11.3,,76.0,4.9,6.2,120.0,118.0,983.7,56.0,0.0,,100.0
2025-02-23 15:00:00,-10.6,-10.3,,-10.8,,75.0,2.9,4.1,107.0,111.0,983.8,70.0,0.0,,100.0
2025-02-23 16:00:00,-10.5,-10.3,,-10.7,,75.0,3.3,5.2,101.0,111.0,983.8,96.0,0.0,,100.0
2025-02-23 17:00:00,-10.5,-10.2,,-10.7,,75.0,4.7,6.6,99.0,100.0,983.3,89.0,0.0,,100.0
2025-02-23 18:00:00,-10.1,-9.8,-9.8,-10.3,-13.0,71.0,6.4,9.4,106.0,97.0,983.4,73.0,0.1,,90.0
2025-02-23 19:00:00,-10.2,-9.8,,-10.4,,70.0,7.2,9.7,112.0,112.0,983.6,56.0,0.0,,90.0
2025-02-23 20:00:00,-10.2,-10.0,,-10.4,,69.0,8.2,11.1,121.0,116.0,983.8,24.0,0.0,,90.0
2025-02-23 21:00:00,-10.1,-9.8,,-10.5,,68.0,7.7,11.2,111.0,115.0,984.0,5.0,0.0,,100.0
2025-02-23 22:00:00,-10.3,-9.8,,-10.8,,67.0,6.1,9.0,112.0,108.0,983.9,1.0,0.1,,60.0
2025-02-23 23:00:00,-10.6,-10.5,,-10.9,,66.0,7.3,9.8,129.0,119.0,984.5,1.0,0.0,,90.0
2025-02-24 00:00:00,-10.3,-9.5,,-11.0,,64.0,5.6,8.6,140.0,135.0,984.9,1.0,0.0,,100.0
2025-02-24 01:00:00,-9.4,-9.1,,-9.6,,59.0,5.6,8.1,162.0,152.0,985.5,1.0,0.0,,90.0
2025-02-24 02:00:00,-11.0,-9.6,,-12.6,,65.0,4.7,6.9,187.0,177.0,986.1,1.0,0.0,,10.0
2025-02-24 03:00:00,-11.6,-11.1,,-12.3,,69.0,4.0,6.4,162.0,173.0,986.5,1.0,0.0,,40.0
2025-02-24 04:00:00,-12.6,-11.9,,-13.1,,72.0,2.1,3.8,171.0,166.0,986.7,1.0,0.0,,60.0
2025-02-24 05:00:00,-11.9,-11.5,,-12.5,,77.0,2.1,3.6,185.0,182.0,986.9,1.0,0.0,,100.0
2025-02-24 06:00:00,-11.3,-10.9,-9.1,-11.6,-13.1,84.0,1.1,2.5,256.0,211.0,987.5,1.0,0.0,0.2,90.0
2025-02-24 07:00:00,-10.7,-10.6,,-10.9,,86.0,1.2,2.6,253.0,256.0,988.3,1.0,0.2,,90.0
2025-02-24 08:00:00,-11.1,-10.8,,-11.4,,87.0,1.8,2.6,176.0,178.0,988.8,1.0,0.0,,90.0
2025-02-24 09:00:00,-11.3,-11.1,,-11.5,,86.0,2.7,4.3,181.0,184.0,989.5,1.0,0.1,,90.0
2025-02-24 10:00:00,-11.2,-10.9,,-11.4,,86.0,3.5,6.3,265.0,214.0,990.3,1.0,0.2,,90.0
2025-02-24 11:00:00,-11.9,-11.0,,-12.6,,85.0,4.1,7.7,265.0,265.0,991.5,1.0,0.0,,90.0
2025-02-24 12:00:00,-13.2,-12.6,,-13.9,,85.0,3.5,6.1,261.0,258.0,992.6,8.0,0.0,,
2025-02-24 13:00:00,-14.0,-13.9,,-14.3,,84.0,2.7,4.9,277.0,263.0,993.3,34.0,0.1,,90.0
2025-02-24 14:00:00,-14.9,-14.3,,-15.5,,83.0,3.3,5.9,257.0,264.0,994.1,75.0,0.0,,90.0
2025-02-24 15:00:00,-16.0,-15.5,,-16.6,,82.0,3.7,6.8,244.0,255.0,994.7,112.0,0.0,,60.0
2025-02-24 16:00:00,-16.6,-16.4,,-16.8,,80.0,2.8,5.5,264.0,266.0,995.5,132.0,0.0,,90.0
2025-02-24 17:00:00,-17.4,-16.6,,-18.0,,78.0,1.4,3.1,268.0,208.0,996.1,122.0,0.0,,90.0
2025-02-24 18:00:00,-16.9,-16.6,-10.6,-17.4,-18.0,78.0,2.2,4.7,234.0,248.0,996.9,112.0,0.0,,90.0
2025-02-24 19:00:00,-17.6,-17.3,,-18.2,,78.0,1.5,2.8,272.0,259.0,997.6,64.0,0.0,,90.0
2025-02-24 20:00:00,-18.1,-17.6,,-18.7,,78.0,1.5,3.1,239.0,258.0,998.3,33.0,0.0,,60.0
2025-02-24 21:00:00,-18.4,-17.6,,-19.4,,79.0,1.5,2.5,175.0,218.0,999.0,6.0,0.0,,40.0
2025-02-24 22:00:00,-19.4,-19.0,,-19.9,,82.0,2.4,3.2,193.0,185.0,999.5,2.0,0.0,,60.0
2025-02-24 23:00:00,-19.2,-18.9,,-19.5,,83.0,1.5,2.6,166.0,172.0,999.7,1.0,0.0,,40.0
2025-02-25 00:00:00,-18.9,-18.5,,-19.3,,83.0,1.3,2.1,168.0,169.0,999.9,1.0,0.0,,0.0
2025-02-25 01:00:00,-18.8,-18.4,,-19.1,,82.0,0.8,2.0,0.0,206.0,1000.2,1.0,0.0,,10.0
2025-02-25 02:00:00,-18.6,-18.2,,-19.3,,81.0,0.8,1.6,172.0,166.0,1000.5,1.0,0.0,,90.0
2025-02-25 03:00:00,-17.8,-16.6,,-18.8,,81.0,1.2,2.0,157.0,139.0,1000.4,1.0,0.0,,100.0
2025-02-25 04:00:00,-17.0,-16.5,,-17.3,,81.0,1.2,2.7,92.0,133.0,1000.5,1.0,0.0,,100.0
2025-02-25 05:00:00,-16.1,-15.6,,-16.8,,79.0,2.5,3.0,107.0,98.0,1000.6,1.0,0.0,,100.0
2025-02-25 06:00:00,-15.3,-14.9,-14.9,-15.8,-19.9,75.0,2.2,3.0,105.0,98.0,1000.6,1.0,0.0,0.6,90.0
2025-02-25 07:00:00,-14.8,-14.5,,-15.4,,71.0,1.6,2.4,110.0,105.0,1000.6,1.0,0.0,,100.0
2025-02-25 08:00:00,-15.2,-14.5,,-16.2,,72.0,1.8,2.7,126.0,128.0,1000.8,1.0,0.0,,40.0
2025-02-25 09:00:00,-16.6,-16.1,,-17.6,,76.0,3.0,4.7,139.0,131.0,1001.0,1.0,0.0,,0.0
2025-02-25 10:00:00,-17.0,-16.4,,-17.6,,79.0,2.6,3.6,140.0,146.0,1000.9,1.0,0.0,,0.0
2025-02-25 11:00:00,-17.9,-17.2,,-18.7,,80.0,3.3,4.9,134.0,132.0,1000.8,2.0,0.0,,0.0
2025-02-25 12:00:00,-17.6,-16.9,,-18.4,,76.0,4.3,5.8,130.0,126.0,1000.5,25.0,0.0,,0.0
2025-02-25 13:00:00,-17.6,-16.8,,-18.4,,68.0,4.0,5.6,132.0,127.0,1000.2,123.0,0.0,,0.0
2025-02-25 14:00:00,-17.3,-16.2,,-18.6,,63.0,3.2,4.8,103.0,113.0,999.7,218.0,0.0,,0.0
2025-02-25 15:00:00,-18.0,-17.4,,-18.8,,64.0,4.3,6.4,75.0,92.0,999.2,260.0,0.0,,0.0
2025-02-25 16:00:00,-17.4,-17.0,,-17.7,,61.0,5.8,9.2,72.0,79.0,998.1,258.0,0.0,,0.0
2025-02-25 17:00:00,-17.0,-16.6,,-17.3,,59.0,6.0,8.0,89.0,84.0,997.6,238.0,0.0,,0.0
2025-02-25 18:00:00,-16.3,-15.8,-14.5,-16.9,-18.8,58.0,7.6,9.9,78.0,85.0,996.4,170.0,0.0,,0.0
2025-02-25 19:00:00,-15.3,-14.1,,-15.9,,61.0,6.9,9.3,62.0,68.0,994.9,89.0,0.0,,0.0
2025-02-25 20:00:00,-13.5,-13.2,,-14.3,,62.0,9.2,14.1,55.0,58.0,993.4,33.0,0.0,,0.0
2025-02-25 21:00:00,-12.8,-12.4,,-13.1,,65.0,11.1,15.7,48.0,47.0,992.1,6.0,0.2,,10.0
2025-02-25 22:00:00,-12.0,-11.6,,-12.5,,66.0,10.1,14.3,51.0,50.0,991.0,1.0,0.1,,40.0
2025-02-25 23:00:00,-11.4,-11.0,,-11.8,,67.0,10.5,15.0,52.0,50.0,989.6,1.0,0.1,,90.0
2025-02-26 00:00:00,-11.7,-10.9,,-12.2,,60.0,7.1,11.1,88.0,77.0,989.0,1.0,0.0,,90.0
2025-02-26 01:00:00,-11.8,-10.9,,-12.3,,59.0,6.3,8.3,61.0,72.0,988.0,1.0,0.0,,90.0
2025-02-26 02:00:00,-10.3,-9.9,,-10.9,,57.0,8.4,11.8,57.0,61.0,986.7,1.0,0.0,,90.0
2025-02-26 03:00:00,-9.6,-9.2,,-10.0,,59.0,8.2,11.5,55.0,55.0,985.9,1.0,0.0,,90.0
2025-02-26 04:00:00,-8.9,-8.6,,-9.2,,59.0,7.3,10.1,61.0,57.0,985.1,1.0,0.0,,100.0
2025-02-26 05:00:00,-8.2,-7.8,,-8.7,,64.0,7.3,10.0,53.0,59.0,984.7,1.0,0.0,,100.0
2025-02-26 06:00:00,-7.6,-7.3,-7.3,-7.8,-15.9,67.0,7.8,10.7,63.0,59.0,984.0,1.0,0.0,0.4,90.0
2025-02-26 07:00:00,-7.3,-7.1,,-7.7,,67.0,6.5,9.1,64.0,61.0,983.5,1.0,0.0,,60.0
2025-02-26 08:00:00,-7.2,-6.6,,-7.7,,68.0,5.6,7.4,52.0,61.0,983.4,1.0,0.0,,90.0
2025-02-26 09:00:00,-6.2,-5.9,,-6.6,,74.0,6.0,8.3,50.0,49.0,983.2,1.0,0.0,,60.0
2025-02-26 10:00:00,-5.7,-5.3,,-6.2,,71.0,5.8,7.4,56.0,54.0,983.2,1.0,0.0,,100.0
2025-02-26 11:00:00,-5.2,-4.8,,-5.5,,72.0,5.8,7.9,48.0,55.0,983.2,1.0,0.0,,90.0
2025-02-26 12:00:00,-4.7,-4.4,,-5.0,,74.0,6.1,8.1,53.0,50.0,983.4,11.0,0.0,,60.0
2025-02-26 13:00:00,-4.5,-4.2,,-4.8,,77.0,5.9,8.3,60.0,51.0,983.9,48.0,0.1,,10.0
2025-02-26 14:00:00,-4.5,-4.2,,-4.8,,78.0,4.8,6.8,66.0,64.0,984.7,82.0,0.0,,10.0
2025-02-26 15:00:00,-5.0,-4.2,,-5.6,,76.0,2.2,4.0,174.0,132.0,985.7,93.0,0.0,,90.0
2025-02-26 16:00:00,-5.2,-4.5,,-5.9,,76.0,5.9,10.8,229.0,200.0,986.8,82.0,0.1,,100.0
2025-02-26 17:00:00,-5.7,-4.6,,-6.9,,87.0,9.3,14.8,224.0,228.0,988.8,65.0,0.3,,90.0
2025-02-26 18:00:00,-7.9,-6.9,-4.2,-8.3,-8.3,83.0,12.5,16.4,212.0,214.0,990.8,50.0,0.0,,10.0
2025-02-26 19:00:00,-8.9,-8.3,,-9.3,,86.0,12.1,17.2,207.0,210.0,992.6,38.0,0.2,,10.0
2025-02-26 20:00:00,-9.1,-8.6,,-9.4,,84.0,11.1,14.6,206.0,208.0,994.4,24.0,0.2,,10.0
2025-02-26 21:00:00,-8.6,-8.5,,-8.7,,67.0,9.5,13.8,215.0,209.0,996.1,15.0,0.0,,60.0
2025-02-26 22:00:00,-8.9,-8.6,,-9.2,,66.0,7.3,11.2,190.0,203.0,997.4,1.0,0.0,,90.0
2025-02-26 23:00:00,-9.6,-9.2,,-10.1,,69.0,7.3,9.4,198.0,200.0,998.2,1.0,0.0,,60.0
2025-02-27 00:00:00,-10.5,-9.9,,-10.9,,72.0,4.7,6.7,183.0,187.0,999.1,1.0,0.0,,90.0
2025-02-27 01:00:00,-10.7,-10.4,,-11.0,,75.0,4.5,6.6,137.0,160.0,999.9,1.0,0.0,,
2025-02-27 02:00:00,-10.8,-10.7,,-10.9,,86.0,5.0,7.4,165.0,156.0,1000.3,1.0,0.1,,
2025-02-27 03:00:00,-10.9,-10.8,,-11.2,,87.0,4.7,6.4,189.0,172.0,1000.7,1.0,0.1,,
2025-02-27 04:00:00,-11.4,-11.2,,-11.6,,86.0,4.1,5.9,185.0,187.0,1001.0,1.0,0.1,,100.0
2025-02-27 05:00:00,-12.1,-11.6,,-13.1,,86.0,3.3,5.0,175.0,185.0,1001.0,1.0,0.1,,90.0
2025-02-27 06:00:00,-13.3,-12.8,-8.3,-13.9,-13.9,88.0,3.0,4.1,173.0,173.0,1001.0,1.0,0.0,1.3,0.0
2025-02-27 07:00:00,-14.0,-13.7,,-14.3,,88.0,1.6,2.5,142.0,155.0,1001.1,1.0,0.0,,0.0
2025-02-27 08:00:00,-14.1,-13.6,,-14.6,,88.0,1.8,2.8,100.0,117.0,1000.7,1.0,0.0,,0.0
2025-02-27 09:00:00,-15.6,-14.5,,-17.0,,86.0,3.3,4.8,124.0,108.0,1000.0,1.0,0.0,,0.0
2025-02-27 10:00:00,-15.3,-14.4,,-16.4,,69.0,4.7,6.9,116.0,121.0,999.3,1.0,0.0,,0.0
2025-02-27 11:00:00,-15.0,-14.4,,-15.7,,62.0,5.3,7.6,91.0,103.0,998.5,2.0,0.0,,0.0
2025-02-27 12:00:00,-15.2,-13.8,,-16.0,,60.0,5.1,7.5,105.0,99.0,997.2,26.0,0.0,,0.0
2025-02-27 13:00:00,-14.3,-13.5,,-15.6,,55.0,4.7,6.5,80.0,89.0,995.6,93.0,0.0,,0.0
2025-02-27 14:00:00,-13.1,-12.2,,-14.4,,59.0,5.4,6.4,62.0,71.0,993.3,166.0,0.0,,0.0
2025-02-27 15:00:00,-11.4,-10.6,,-12.1,,61.0,6.1,9.6,45.0,47.0,991.0,213.0,0.0,,0.0
2025-02-27 16:00:00,-10.9,-10.6,,-11.2,,66.0,9.0,13.2,35.0,42.0,988.4,239.0,0.0,,0.0
2025-02-27 17:00:00,-11.1,-10.7,,-11.4,,71.0,11.5,15.5,27.0,28.0,985.6,239.0,0.1,,0.0
2025-02-27 18:00:00,-10.4,-10.0,-10.0,-11.1,-17.0,64.0,13.6,21.0,26.0,23.0,982.9,195.0,0.5,,0.0
2025-02-27 19:00:00,-10.3,-10.0,,-10.5,,65.0,15.1,21.3,18.0,22.0,981.1,127.0,0.0,,0.0
2025-02-27 20:00:00,-10.5,-10.3,,-10.6,,67.0,16.2,22.0,5.0,11.0,979.0,59.0,0.7,,0.0
2025-02-27 21:00:00,-10.1,-9.7,,-10.4,,61.0,12.6,20.0,22.0,13.0,978.2,17.0,0.1,,60.0
2025-02-27 22:00:00,-9.7,-9.5,,-9.9,,65.0,11.9,17.6,10.0,12.0,976.8,1.0,0.1,,40.0
2025-02-27 23:00:00,-9.1,-8.5,,-9.6,,65.0,11.0,16.9,27.0,11.0,976.1,1.0,0.1,,90.0
2025-02-28 00:00:00,-11.0,-9.0,,-12.6,,62.0,4.0,7.7,161.0,115.0,975.6,1.0,0.0,,90.0
2025-02-28 01:00:00,-13.7,-12.7,,-14.7,,69.0,6.1,8.4,172.0,172.0,975.1,1.0,0.0,,90.0
2025-02-28 02:00:00,-14.9,-14.6,,-15.2,,69.0,4.7,8.1,161.0,171.0,974.8,1.0,0.0,,90.0
2025-02-28 03:00:00,-14.8,-14.6,,-14.9,,66.0,3.4,6.3,165.0,173.0,974.3,1.0,0.0,,90.0
2025-02-28 04:00:00,-14.7,-14.4,,-15.0,,67.0,2.0,3.7,154.0,159.0,973.6,1.0,0.0,,90.0
2025-02-28 05:00:00,-14.9,-14.6,,-15.2,,69.0,2.2,4.4,257.0,200.0,973.0,1.0,0.0,,90.0
2025-02-28 06:00:00,-15.1,-14.7,-8.5,-15.6,-15.6,69.0,2.7,5.2,194.0,206.0,973.1,1.0,0.0,1.6,10.0
2025-02-28 07:00:00,-15.1,-14.8,,-15.7,,71.0,6.3,9.1,184.0,185.0,973.3,1.0,0.1,,10.0
2025-02-28 08:00:00,-15.1,-14.8,,-15.4,,74.0,6.3,9.8,196.0,187.0,973.7,1.0,0.1,,100.0
2025-02-28 09:00:00,-14.8,-14.5,,-15.1,,75.0,4.9,7.5,166.0,182.0,975.3,1.0,0.0,,90.0
2025-02-28 10:00:00,-14.3,-13.9,,-14.7,,76.0,7.2,10.1,169.0,168.0,975.8,1.0,0.1,,100.0
2025-02-28 11:00:00,-13.4,-12.9,,-13.8,,74.0,7.2,12.2,160.0,163.0,977.0,2.0,0.0,,100.0
2025-02-28 12:00:00,-11.6,-10.1,,-12.9,,83.0,7.2,12.5,174.0,162.0,977.5,10.0,0.0,,100.0
2025-02-28 13:00:00,-10.0,-9.1,,-11.4,,83.0,12.5,18.0,197.0,196.0,979.4,23.0,0.6,,90.0
2025-02-28 14:00:00,-12.0,-11.4,,-12.5,,84.0,13.0,16.7,201.0,202.0,981.4,47.0,0.0,,
2025-02-28 15:00:00,-13.2,-12.5,,-13.9,,84.0,13.7,17.1,189.0,195.0,983.6,54.0,0.1,,
2025-02-28 16:00:00,-14.1,-13.9,,-14.4,,84.0,12.3,15.9,192.0,189.0,985.8,65.0,0.0,,
2025-02-28 17:00:00,-14.7,-14.4,,-15.0,,83.0,11.9,14.9,190.0,191.0,987.1,76.0,0.1,,
2025-02-28 18:00:00,-15.3,-15.0,-9.1,-15.5,-15.7,84.0,12.1,15.2,194.0,190.0,988.9,61.0,0.2,,
2025-02-28 19:00:00,-15.7,-15.4,,-16.0,,84.0,11.8,14.7,188.0,189.0,991.0,40.0,0.2,,
2025-02-28 20:00:00,-16.1,-15.9,,-16.2,,83.0,11.9,14.7,195.0,193.0,992.1,23.0,0.1,,
2025-02-28 21:00:00,-15.9,-15.7,,-16.0,,84.0,10.6,13.1,188.0,192.0,993.4,7.0,0.1,,
2025-02-28 22:00:00,-16.1,-15.9,,-16.2,,82.0,8.7,11.4,186.0,185.0,994.6,1.0,0.0,,100.0
2025-02-28 23:00:00,-16.2,-16.2,,-16.3,,80.0,8.0,9.9,189.0,185.0,995.5,1.0,0.0,,100.0
2025-03-01 00:00:00,-16.1,-15.9,,-16.2,,80.0,6.9,10.0,185.0,186.0,995.8,1.0,0.1,,
2025-03-01 01:00:00,-15.9,-15.7,,-16.0,,81.0,6.8,9.6,185.0,189.0,997.1,1.0,0.0,,100.0
2025-03-01 02:00:00,-15.6,-15.5,,-15.7,,77.0,6.1,7.9,190.0,193.0,997.1,1.0,0.0,,90.0
2025-03-01 03:00:00,-15.5,-15.4,,-15.5,,76.0,6.6,8.7,182.0,192.0,997.4,1.0,0.0,,90.0
2025-03-01 04:00:00,-15.7,-15.5,,-16.0,,77.0,6.1,8.1,167.0,172.0,997.7,1.0,0.0,,100.0
2025-03-01 05:00:00,-16.2,-16.0,,-16.3,,78.0,5.0,6.8,167.0,168.0,997.4,1.0,0.0,,90.0
2025-03-01 06:00:00,-16.5,-16.2,-15.4,-16.9,-16.9,78.0,2.7,4.9,137.0,142.0,997.1,1.0,0.0,1.8,90.0
2025-03-01 07:00:00,-16.7,-16.6,,-17.0,,79.0,3.0,3.9,117.0,120.0,996.7,1.0,0.0,,100.0
2025-03-01 08:00:00,-17.1,-16.7,,-17.4,,80.0,2.5,3.1,94.0,108.0,996.2,1.0,0.0,,0.0
2025-03-01 09:00:00,-17.0,-16.3,,-17.6,,79.0,2.3,3.5,67.0,89.0,995.2,1.0,0.0,,0.0
2025-03-01 10:00:00,-15.2,-14.2,,-16.3,,76.0,2.1,4.5,85.0,57.0,993.7,1.0,0.0,,90.0
2025-03-01 11:00:00,-13.8,-13.0,,-16.1,,79.0,5.9,11.8,23.0,36.0,991.7,2.0,0.0,,100.0
2025-03-01 12:00:00,-13.0,-12.8,,-13.1,,71.0,8.7,15.1,12.0,23.0,990.1,31.0,0.0,,90.0
2025-03-01 13:00:00,-12.8,-12.3,,-13.3,,68.0,9.4,13.3,7.0,19.0,989.0,99.0,0.0,,40.0
2025-03-01 14:00:00,-12.9,-12.7,,-13.1,,74.0,9.5,14.1,7.0,11.0,987.1,137.0,0.0,,60.0
2025-03-01 15:00:00,-12.8,-12.5,,-13.1,,71.0,9.6,13.4,8.0,9.0,985.3,160.0,0.1,,10.0
2025-03-01 16:00:00,-12.5,-12.3,,-12.7,,62.0,11.4,15.0,1.0,3.0,983.3,253.0,0.3,,0.0
2025-03-01 17:00:00,-12.5,-12.2,,-12.7,,68.0,10.0,15.2,340.0,349.0,981.7,191.0,0.1,,60.0
2025-03-01 18:00:00,-12.7,-12.5,-12.2,-12.9,-17.6,58.0,6.6,11.1,311.0,322.0,980.2,168.0,0.0,,90.0
2025-03-01 19:00:00,-12.4,-12.2,,-12.7,,56.0,6.4,10.2,312.0,316.0,978.8,104.0,0.0,,40.0
2025-03-01 20:00:00,-11.8,-11.5,,-12.3,,59.0,6.0,9.4,292.0,302.0,978.2,53.0,0.0,,90.0
2025-03-01 21:00:00,-11.5,-11.4,,-11.7,,69.0,6.1,10.1,275.0,285.0,978.0,6.0,0.1,,90.0
2025-03-01 22:00:00,-11.4,-11.2,,-11.7,,77.0,5.7,9.9,263.0,268.0,978.8,1.0,0.0,,10.0
2025-03-01 23:00:00,-11.6,-11.4,,-11.9,,80.0,6.3,11.4,267.0,263.0,979.6,1.0,0.0,,90.0
2025-03-02 00:00:00,-12.3,-11.9,,-12.7,,83.0,7.1,11.2,262.0,267.0,980.4,1.0,0.0,,90.0
2025-03-02 01:00:00,-13.1,-12.7,,-13.6,,85.0,6.6,11.1,261.0,261.0,981.9,1.0,0.1,,90.0
2025-03-02 02:00:00,-14.0,-13.5,,-14.4,,85.0,5.6,10.5,265.0,266.0,983.9,1.0,0.0,,90.0
2025-03-02 03:00:00,-14.7,-14.4,,-15.1,,85.0,6.0,11.6,268.0,262.0,985.0,1.0,0.0,,100.0
2025-03-02 04:00:00,-15.3,-15.1,,-15.5,,84.0,5.7,11.3,263.0,269.0,986.1,1.0,0.0,,100.0
2025-03-02 05:00:00,-15.7,-15.5,,-15.8,,83.0,5.8,10.5,262.0,267.0,987.5,1.0,0.0,,100.0
2025-03-02 06:00:00,-15.9,-15.7,-11.2,-16.0,-16.0,81.0,6.0,10.5,258.0,256.0,989.0,1.0,0.1,0.8,90.0
2025-03-02 07:00:00,-15.8,-15.7,,-16.1,,80.0,8.4,11.5,216.0,224.0,990.6,1.0,0.0,,100.0
2025-03-02 08:00:00,-16.1,-16.0,,-16.2,,81.0,9.4,13.6,210.0,215.0,992.1,1.0,0.0,,100.0
2025-03-02 09:00:00,-16.4,-16.1,,-16.6,,80.0,10.8,13.8,208.0,209.0,993.8,1.0,0.2,,100.0
2025-03-02 10:00:00,-16.7,-16.5,,-16.8,,79.0,9.6,12.6,212.0,211.0,995.5,1.0,0.0,,100.0
2025-03-02 11:00:00,-16.7,-16.6,,-16.8,,80.0,8.3,11.2,204.0,207.0,996.8,3.0,0.0,,90.0
2025-03-02 12:00:00,-16.7,-16.6,,-16.7,,79.0,8.0,11.3,207.0,205.0,998.4,11.0,0.1,,100.0
2025-03-02 13:00:00,-16.7,-16.5,,-16.8,,81.0,8.2,10.7,196.0,200.0,998.8,36.0,0.1,,90.0
2025-03-02 14:00:00,-16.6,-16.4,,-16.7,,79.0,8.1,11.4,190.0,191.0,999.9,60.0,0.0,,100.0
2025-03-02 15:00:00,-16.3,-16.2,,-16.4,,77.0,7.2,8.9,188.0,189.0,1000.8,92.0,0.0,,90.0
2025-03-02 16:00:00,-16.0,-15.9,,-16.2,,77.0,5.6,7.2,196.0,189.0,1001.4,133.0,0.0,,100.0
2025-03-02 17:00:00,-15.8,-15.7,,-15.9,,77.0,5.3,6.7,179.0,188.0,1002.1,149.0,0.0,,100.0
2025-03-02 18:00:00,-15.7,-15.7,-15.7,-15.8,-16.8,76.0,4.6,5.8,189.0,192.0,1002.9,120.0,0.0,,90.0
2025-03-02 19:00:00,-15.8,-15.6,,-15.9,,74.0,5.4,6.8,192.0,194.0,1003.3,103.0,0.1,,90.0
2025-03-02 20:00:00,-16.0,-15.9,,-16.1,,73.0,4.4,5.7,178.0,187.0,1004.0,51.0,0.0,,100.0
2025-03-02 21:00:00,-16.1,-16.0,,-16.2,,73.0,3.3,4.4,165.0,177.0,1004.5,10.0,0.0,,100.0
2025-03-02 22:00:00,-16.1,-16.1,,-16.1,,74.0,3.1,4.9,153.0,160.0,1004.9,2.0,0.0,,100.0
2025-03-02 23:00:00,-16.2,-16.1,,-16.4,,77.0,4.1,5.1,143.0,143.0,1005.0,1.0,0.0,,100.0
2025-03-03 00:00:00,-16.6,-16.4,,-16.8,,78.0,2.8,4.4,158.0,150.0,1005.2,1.0,0.0,,90.0
2025-03-03 01:00:00,-16.8,-16.5,,-17.2,,77.0,2.4,3.4,163.0,165.0,1005.3,1.0,0.0,,90.0
2025-03-03 02:00:00,-17.4,-17.0,,-18.0,,81.0,2.1,3.1,151.0,161.0,1005.0,1.0,0.0,,90.0
2025-03-03 03:00:00,-17.9,-17.5,,-18.1,,83.0,2.5,3.4,127.0,131.0,1004.9,1.0,0.0,,100.0
2025-03-03 04:00:00,-17.9,-17.5,,-18.2,,80.0,2.5,3.0,154.0,142.0,1004.4,1.0,0.0,,90.0
2025-03-03 05:00:00,-17.3,-16.9,,-17.8,,74.0,2.0,3.0,144.0,157.0,1003.9,1.0,0.0,,90.0
2025-03-03 06:00:00,-17.9,-17.5,-15.6,-18.5,-18.5,77.0,2.0,2.7,172.0,149.0,1003.4,1.0,0.0,0.5,10.0
2025-03-03 07:00:00,-17.9,-17.2,,-18.4,,77.0,1.8,2.3,202.0,202.0,1002.6,1.0,0.0,,60.0
2025-03-03 08:00:00,-17.4,-16.8,,-18.1,,74.0,1.6,2.5,236.0,231.0,1001.4,1.0,0.0,,90.0
2025-03-03 09:00:00,-17.5,-16.7,,-18.0,,76.0,2.0,2.9,226.0,219.0,1000.0,1.0,0.0,,100.0
2025-03-03 10:00:00,-15.4,-14.2,,-16.8,,72.0,3.8,8.1,6.0,310.0,998.4,1.0,0.0,,90.0
2025-03-03 11:00:00,-14.5,-14.3,,-14.7,,62.0,4.7,7.5,5.0,7.0,996.9,4.0,0.0,,60.0
2025-03-03 12:00:00,-14.7,-14.5,,-14.8,,63.0,5.6,8.2,1.0,5.0,995.3,34.0,0.0,,10.0
2025-03-03 13:00:00,-14.9,-14.7,,-15.0,,71.0,5.9,8.5,1.0,3.0,993.2,79.0,0.0,,40.0
2025-03-03 14:00:00,-14.7,-14.3,,-15.0,,73.0,5.1,8.3,349.0,346.0,991.3,151.0,0.0,,90.0
2025-03-03 15:00:00,-14.3,-14.0,,-14.4,,67.0,5.9,9.7,323.0,343.0,989.3,153.0,0.1,,90.0
2025-03-03 16:00:00,-14.2,-14.1,,-14.3,,63.0,4.3,8.0,323.0,325.0,987.7,145.0,0.0,,100.0
2025-03-03 17:00:00,-13.9,-13.6,,-14.1,,63.0,3.6,6.1,311.0,303.0,985.3,116.0,0.0,,100.0
2025-03-03 18:00:00,-13.5,-13.2,-13.2,-13.7,-18.4,68.0,4.2,7.0,354.0,334.0,983.3,123.0,0.0,,100.0
2025-03-03 19:00:00,-13.1,-13.0,,-13.3,,70.0,6.3,10.3,1.0,2.0,981.9,86.0,0.1,,90.0
2025-03-03 20:00:00,-13.2,-12.9,,-13.5,,72.0,6.7,11.1,9.0,4.0,981.4,56.0,0.0,,60.0
2025-03-03 21:00:00,-13.7,-13.4,,-14.0,,74.0,6.6,9.8,9.0,6.0,980.4,15.0,0.1,,0.0
2025-03-03 22:00:00,-13.8,-13.5,,-14.4,,75.0,3.1,6.4,61.0,30.0,980.4,2.0,0.0,,0.0
2025-03-03 23:00:00,-15.9,-14.5,,-16.6,,78.0,4.2,7.1,187.0,176.0,981.4,1.0,0.0,,40.0
2025-03-04 00:00:00,-15.9,-15.3,,-16.6,,81.0,7.1,9.0,169.0,175.0,982.3,1.0,0.1,,100.0
2025-03-04 01:00:00,-16.9,-16.4,,-17.4,,77.0,7.5,11.3,161.0,165.0,983.4,1.0,0.1,,100.0
2025-03-04 02:00:00,-17.5,-17.2,,-18.0,,76.0,6.6,10.7,175.0,168.0,984.8,1.0,0.0,,0.0
2025-03-04 03:00:00,-17.1,-16.2,,-17.9,,79.0,6.6,9.7,169.0,173.0,985.4,1.0,0.0,,90.0
2025-03-04 04:00:00,-15.9,-15.4,,-16.3,,77.0,7.4,10.7,151.0,158.0,986.5,1.0,0.0,,
2025-03-04 05:00:00,-15.4,-15.2,,-15.5,,75.0,8.4,10.8,151.0,151.0,987.5,1.0,0.0,,100.0
2025-03-04 06:00:00,-15.1,-14.9,-12.9,-15.2,-18.0,74.0,7.2,9.0,141.0,148.0,988.5,1.0,0.0,0.5,100.0
2025-03-04 07:00:00,-14.7,-14.4,,-15.0,,74.0,6.6,8.2,140.0,143.0,989.6,1.0,0.0,,100.0
2025-03-04 08:00:00,-14.3,-14.2,,-14.4,,74.0,6.1,7.9,140.0,140.0,990.7,1.0,0.0,,100.0
2025-03-04 09:00:00,-14.3,-14.2,,-14.4,,73.0,6.3,8.8,150.0,145.0,991.1,1.0,0.0,,100.0
2025-03-04 10:00:00,-14.5,-14.4,,-14.5,,74.0,6.9,9.7,171.0,163.0,991.6,1.0,0.1,,100.0
2025-03-04 11:00:00,-14.3,-14.0,,-14.5,,72.0,6.6,9.3,153.0,163.0,992.9,3.0,0.0,,100.0
2025-03-04 12:00:00,-14.6,-14.4,,-14.7,,73.0,5.5,7.0,152.0,153.0,993.5,25.0,0.0,,90.0
2025-03-04 13:00:00,-14.6,-14.6,,-14.7,,75.0,5.7,8.1,151.0,152.0,994.0,56.0,0.0,,100.0
2025-03-04 14:00:00,-14.5,-14.3,,-14.6,,73.0,5.3,7.4,152.0,155.0,994.0,106.0,0.0,,100.0
2025-03-04 15:00:00,-14.1,-13.8,,-14.3,,70.0,4.8,7.5,160.0,152.0,994.2,157.0,0.0,,100.0
2025-03-04 16:00:00,-14.0,-13.7,,-14.1,,68.0,4.9,7.0,144.0,150.0,994.6,198.0,0.0,,100.0
2025-03-04 17:00:00,-13.9,-13.7,,-14.1,,68.0,3.9,5.6,154.0,143.0,994.8,146.0,0.0,,100.0
2025-03-04 18:00:00,-13.7,-13.6,-13.6,-13.7,-15.0,65.0,4.0,5.5,144.0,143.0,995.1,123.0,0.0,,90.0
2025-03-04 19:00:00,-13.6,-13.5,,-13.6,,64.0,3.2,5.0,161.0,155.0,995.2,126.0,0.0,,100.0
2025-03-04 20:00:00,-13.8,-13.6,,-14.0,,65.0,3.5,5.6,173.0,174.0,995.1,82.0,0.0,,90.0
2025-03-04 21:00:00,-14.0,-13.9,,-14.1,,67.0,5.1,6.9,183.0,175.0,995.5,26.0,0.0,,100.0
2025-03-04 22:00:00,-14.0,-13.9,,-14.1,,68.0,4.6,5.6,197.0,195.0,995.7,3.0,0.0,,100.0
2025-03-04 23:00:00,-13.9,-13.8,,-14.0,,67.0,4.2,5.0,203.0,191.0,995.9,1.0,0.0,,100.0
2025-03-05 00:00:00,-13.9,-13.8,,-14.0,,67.0,3.5,4.6,183.0,201.0,996.0,1.0,0.0,,100.0
2025-03-05 01:00:00,-13.9,-13.8,,-14.1,,68.0,2.4,4.1,175.0,171.0,996.1,1.0,0.0,,100.0
2025-03-05 02:00:00,-14.1,-14.0,,-14.3,,70.0,2.0,2.8,175.0,166.0,996.1,1.0,0.0,,100.0
2025-03-05 03:00:00,-14.2,-14.1,,-14.4,,69.0,2.0,2.4,209.0,198.0,995.8,1.0,0.0,,100.0
2025-03-05 04:00:00,-14.2,-14.1,,-14.3,,70.0,1.8,2.8,214.0,213.0,995.4,1.0,0.0,,100.0
2025-03-05 05:00:00,-13.7,-13.0,,-14.4,,78.0,2.2,4.6,166.0,214.0,995.4,1.0,0.5,,90.0
2025-03-05 06:00:00,-14.1,-13.7,-13.0,-14.4,-14.4,82.0,2.9,4.4,217.0,190.0,995.3,1.0,0.0,0.6,100.0
2025-03-05 07:00:00,-12.7,-12.4,,-13.8,,76.0,2.7,5.3,311.0,288.0,995.7,1.0,0.0,,90.0
2025-03-05 08:00:00,-12.5,-12.4,,-12.7,,81.0,3.3,6.0,349.0,318.0,995.9,1.0,0.3,,
2025-03-05 09:00:00,-13.5,-12.5,,-14.2,,81.0,4.0,7.5,152.0,191.0,996.5,1.0,0.3,,100.0
2025-03-05 10:00:00,-14.4,-13.9,,-14.6,,84.0,4.5,5.8,170.0,174.0,997.0,1.0,0.0,,100.0
2025-03-05 11:00:00,-14.4,-14.3,,-14.5,,79.0,4.1,5.4,162.0,165.0,997.5,7.0,0.0,,100.0
2025-03-05 12:00:00,-15.2,-14.3,,-16.2,,76.0,3.3,5.3,155.0,154.0,997.8,52.0,0.0,,10.0
2025-03-05 13:00:00,-15.8,-14.9,,-16.6,,75.0,2.0,3.4,171.0,164.0,998.0,121.0,0.0,,0.0
2025-03-05 14:00:00,-14.7,-14.0,,-15.4,,73.0,1.8,2.8,177.0,175.0,998.1,215.0,0.0,,60.0
2025-03-05 15:00:00,-14.2,-13.9,,-14.4,,75.0,1.5,2.6,192.0,183.0,998.4,158.0,0.0,,100.0
2025-03-05 16:00:00,-13.6,-13.3,,-13.9,,74.0,0.6,1.5,119.0,151.0,998.5,153.0,0.0,,100.0
2025-03-05 17:00:00,-13.6,-13.0,,-13.9,,74.0,0.8,1.9,199.0,174.0,998.7,135.0,0.0,,100.0
2025-03-05 18:00:00,-13.3,-12.5,-12.4,-13.7,-16.6,71.0,1.0,2.5,328.0,212.0,998.7,107.0,0.0,,90.0
2025-03-05 19:00:00,-12.3,-12.0,,-12.7,,62.0,2.0,4.7,5.0,351.0,998.9,150.0,0.0,,0.0
2025-03-05 20:00:00,-12.3,-12.0,,-12.8,,62.0,2.6,4.9,350.0,357.0,999.1,111.0,0.0,,10.0
2025-03-05 21:00:00,-12.6,-12.3,,-13.0,,66.0,1.6,4.2,352.0,359.0,999.4,32.0,0.0,,0.0
2025-03-05 22:00:00,-12.8,-12.1,,-13.5,,66.0,1.6,3.9,339.0,348.0,999.5,3.0,0.0,,0.0
2025-03-05 23:00:00,-12.1,-12.0,,-12.2,,66.0,3.4,5.6,326.0,324.0,999.9,1.0,0.0,,0.0
2025-03-06 00:00:00,-12.3,-12.1,,-12.6,,82.0,4.0,6.7,306.0,319.0,1000.3,1.0,0.0,,10.0
2025-03-06 01:00:00,-12.6,-12.4,,-12.8,,87.0,3.4,5.6,308.0,304.0,1000.2,1.0,0.0,,60.0
2025-03-06 02:00:00,-12.4,-12.3,,-12.5,,79.0,3.0,5.8,279.0,300.0,1000.9,1.0,0.0,,90.0
2025-03-06 03:00:00,-12.8,-12.5,,-13.3,,82.0,2.2,4.5,267.0,272.0,1001.1,1.0,0.0,,60.0
2025-03-06 04:00:00,-13.0,-12.8,,-13.1,,86.0,2.7,4.0,258.0,258.0,1001.1,1.0,0.0,,90.0
2025-03-06 05:00:00,-13.2,-13.0,,-13.6,,87.0,3.2,4.5,257.0,256.0,1001.3,1.0,0.0,,90.0
2025-03-06 06:00:00,-14.2,-13.2,-12.0,-15.3,-15.3,88.0,2.7,4.3,205.0,236.0,1001.8,1.0,0.0,0.6,40.0
2025-03-06 07:00:00,-15.0,-14.6,,-15.5,,88.0,2.8,4.4,211.0,209.0,1002.4,1.0,0.0,,90.0
2025-03-06 08:00:00,-14.9,-14.2,,-15.6,,87.0,3.2,4.6,193.0,193.0,1002.6,1.0,0.0,,100.0
2025-03-06 09:00:00,-14.2,-14.0,,-14.4,,86.0,2.4,3.4,187.0,197.0,1002.8,1.0,0.0,,100.0
2025-03-06 10:00:00,-14.5,-14.1,,-14.7,,86.0,2.8,3.8,192.0,189.0,1003.3,1.0,0.0,,100.0
2025-03-06 11:00:00,-14.1,-13.9,,-14.5,,87.0,3.8,4.7,176.0,177.0,1003.7,5.0,0.0,,100.0
2025-03-06 12:00:00,-13.6,-13.1,,-14.0,,85.0,3.4,5.0,188.0,181.0,1004.2,29.0,0.0,,100.0
2025-03-06 13:00:00,-13.6,-13.0,,-13.9,,83.0,3.9,5.3,166.0,173.0,1004.7,69.0,0.0,,100.0
2025-03-06 14:00:00,-13.0,-12.7,,-13.5,,81.0,3.1,4.7,215.0,199.0,1004.9,112.0,0.0,,90.0
2025-03-06 15:00:00,-12.9,-12.8,,-13.0,,80.0,3.2,4.4,195.0,196.0,1005.0,165.0,0.0,,100.0
2025-03-06 16:00:00,-12.7,-12.6,,-12.9,,79.0,3.1,4.3,197.0,208.0,1005.2,165.0,0.0,,100.0
2025-03-06 17:00:00,-12.5,-12.4,,-12.6,,78.0,3.6,4.5,202.0,202.0,1005.2,155.0,0.0,,100.0
2025-03-06 18:00:00,-12.4,-12.4,-12.4,-12.5,-15.6,78.0,4.0,4.8,195.0,197.0,1005.3,119.0,0.0,,100.0
2025-03-06 19:00:00,-12.5,-12.4,,-12.6,,79.0,4.3,5.1,197.0,196.0,1005.5,85.0,0.0,,100.0
2025-03-06 20:00:00,-12.6,-12.6,,-12.7,,81.0,4.6,5.8,202.0,196.0,1006.1,47.0,0.0,,100.0
2025-03-06 21:00:00,-12.7,-12.6,,-12.8,,82.0,4.2,5.4,201.0,203.0,1006.6,16.0,0.0,,100.0
2025-03-06 22:00:00,-12.5,-12.4,,-12.6,,82.0,4.3,5.5,189.0,200.0,1007.0,2.0,0.0,,100.0
2025-03-06 23:00:00,-12.5,-12.3,,-12.6,,82.0,3.7,5.1,216.0,195.0,1007.3,1.0,0.0,,100.0
2025-03-07 00:00:00,-12.0,-11.8,,-12.3,,79.0,2.4,5.0,210.0,245.0,1008.0,1.0,0.0,,100.0
2025-03-07 01:00:00,-12.3,-12.0,,-12.8,,82.0,4.0,7.7,278.0,247.0,1008.3,1.0,0.0,,90.0
2025-03-07 02:00:00,-13.1,-12.7,,-13.2,,87.0,4.6,8.4,286.0,292.0,1009.0,1.0,0.0,,90.0
2025-03-07 03:00:00,-13.3,-13.2,,-13.5,,87.0,4.5,6.9,284.0,287.0,1009.3,1.0,0.0,,90.0
2025-03-07 04:00:00,-13.5,-13.4,,-13.6,,87.0,3.9,6.3,279.0,286.0,1009.7,1.0,0.0,,90.0
2025-03-07 05:00:00,-13.6,-13.5,,-13.7,,87.0,2.4,5.0,268.0,266.0,1010.0,1.0,0.0,,90.0
2025-03-07 06:00:00,-13.8,-13.6,-11.8,-14.0,-14.0,86.0,3.2,5.6,261.0,267.0,1010.8,1.0,0.0,0.0,100.0
2025-03-07 07:00:00,-14.2,-14.0,,-14.4,,85.0,2.5,4.4,261.0,264.0,1011.7,1.0,0.0,,100.0
2025-03-07 08:00:00,-14.6,-14.3,,-14.9,,85.0,2.7,5.2,263.0,262.0,1012.4,1.0,0.0,,100.0
2025-03-07 09:00:00,-15.0,-14.8,,-15.3,,84.0,3.2,5.5,259.0,260.0,1013.1,1.0,0.0,,100.0
2025-03-07 10:00:00,-15.6,-15.3,,-16.0,,86.0,3.0,5.1,260.0,259.0,1013.7,1.0,0.0,,90.0
2025-03-07 11:00:00,-16.0,-15.8,,-16.1,,85.0,3.1,5.0,259.0,259.0,1014.5,7.0,0.0,,90.0
2025-03-07 12:00:00,-15.8,-15.6,,-16.0,,84.0,2.6,4.8,258.0,259.0,1015.0,33.0,0.0,,100.0
2025-03-07 13:00:00,-15.5,-15.3,,-15.7,,80.0,1.8,4.0,266.0,264.0,1015.6,96.0,0.0,,100.0
2025-03-07 14:00:00,-15.2,-15.1,,-15.4,,80.0,1.6,3.7,239.0,247.0,1015.8,131.0,0.0,,100.0
2025-03-07 15:00:00,-14.9,-14.8,,-15.1,,79.0,0.9,2.5,192.0,220.0,1016.1,165.0,0.0,,100.0
2025-03-07 16:00:00,-14.8,-14.6,,-15.0,,78.0,1.8,3.8,176.0,173.0,1016.3,200.0,0.0,,100.0
2025-03-07 17:00:00,-14.9,-14.6,,-15.1,,78.0,1.6,3.2,154.0,159.0,1016.4,198.0,0.0,,100.0
2025-03-07 18:00:00,-14.9,-14.8,-14.0,-15.0,-16.1,79.0,1.9,3.4,193.0,182.0,1016.7,156.0,0.0,,100.0
2025-03-07 19:00:00,-14.9,-14.8,,-15.0,,81.0,1.6,2.6,234.0,205.0,1016.9,92.0,0.0,,100.0
2025-03-07 20:00:00,-14.9,-14.8,,-15.0,,82.0,2.1,4.0,220.0,231.0,1017.3,64.0,0.0,,100.0
2025-03-07 21:00:00,-15.1,-14.9,,-15.3,,81.0,2.3,3.9,202.0,228.0,1017.9,27.0,0.0,,90.0
2025-03-07 22:00:00,-15.4,-15.2,,-15.6,,81.0,1.6,3.2,266.0,239.0,1018.1,3.0,0.0,,90.0
2025-03-07 23:00:00,-15.4,-15.1,,-15.7,,82.0,1.2,3.6,261.0,246.0,1018.5,1.0,0.0,,100.0
2025-03-08 00:00:00,-15.2,-15.1,,-15.3,,84.0,1.5,3.5,273.0,282.0,1018.7,1.0,0.0,,100.0
2025-03-08 01:00:00,-15.1,-15.0,,-15.2,,84.0,0.7,2.8,255.0,282.0,1018.9,1.0,0.0,,100.0
2025-03-08 02:00:00,-15.1,-15.1,,-15.2,,83.0,1.6,3.1,272.0,278.0,1018.9,1.0,0.0,,100.0
2025-03-08 03:00:00,-15.4,-15.2,,-15.5,,81.0,2.1,3.8,264.0,264.0,1018.4,1.0,0.0,,100.0
2025-03-08 04:00:00,-15.1,-14.9,,-15.3,,81.0,1.6,4.1,167.0,216.0,1017.9,1.0,0.0,,100.0
2025-03-08 05:00:00,-14.5,-14.3,,-15.0,,82.0,1.6,5.0,145.0,51.0,1017.5,1.0,0.0,,100.0
2025-03-08 06:00:00,-14.4,-14.0,-14.0,-14.6,-15.7,83.0,1.2,3.0,119.0,87.0,1017.0,1.0,0.0,0.0,100.0
2025-03-08 07:00:00,-14.5,-14.2,,-14.7,,83.0,3.2,7.8,30.0,59.0,1016.3,1.0,0.1,,100.0
2025-03-08 08:00:00,-14.7,-14.5,,-14.9,,82.0,5.3,8.6,29.0,24.0,1015.6,1.0,0.0,,90.0
2025-03-08 09:00:00,-14.9,-14.7,,-15.1,,82.0,5.6,8.2,34.0,31.0,1014.9,1.0,0.0,,90.0
2025-03-08 10:00:00,-14.4,-13.8,,-15.1,,85.0,6.3,9.4,22.0,27.0,1014.1,1.0,0.0,,90.0
2025-03-08 11:00:00,-14.0,-13.7,,-14.2,,86.0,7.0,10.2,26.0,30.0,1012.9,6.0,0.1,,90.0
2025-03-08 12:00:00,-13.5,-13.2,,-13.7,,84.0,8.5,12.1,28.0,27.0,1011.3,36.0,0.0,,60.0
2025-03-08 13:00:00,-13.3,-13.2,,-13.4,,84.0,9.5,12.9,28.0,30.0,1010.3,90.0,0.1,,90.0
2025-03-08 14:00:00,-12.9,-12.7,,-13.2,,82.0,8.8,12.2,26.0,27.0,1009.0,151.0,0.0,,40.0
2025-03-08 15:00:00,-12.3,-11.9,,-12.7,,80.0,8.8,12.0,25.0,25.0,1007.5,173.0,0.0,,40.0
2025-03-08 16:00:00,-11.4,-10.9,,-11.9,,76.0,9.2,12.4,29.0,28.0,1005.5,157.0,0.1,,40.0
2025-03-08 17:00:00,-10.4,-9.8,,-10.9,,73.0,9.1,12.3,27.0,27.0,1004.0,127.0,0.0,,90.0
2025-03-08 18:00:00,-9.3,-9.0,-9.0,-9.8,-15.1,70.0,9.6,13.5,27.0,27.0,1002.9,97.0,0.0,,90.0
2025-03-08 19:00:00,-8.7,-8.3,,-9.0,,69.0,8.5,12.5,29.0,29.0,1001.9,64.0,0.0,,90.0
2025-03-08 20:00:00,-7.9,-7.5,,-8.3,,68.0,9.5,13.8,28.0,28.0,1000.4,42.0,0.1,,90.0
2025-03-08 21:00:00,-7.4,-7.1,,-7.6,,68.0,8.5,12.1,32.0,29.0,1000.7,14.0,0.0,,100.0
2025-03-08 22:00:00,-7.0,-6.8,,-7.3,,67.0,5.6,10.7,41.0,35.0,1000.6,2.0,0.0,,100.0
2025-03-08 23:00:00,-6.8,-6.6,,-7.2,,67.0,4.8,7.6,36.0,35.0,1001.1,1.0,0.0,,100.0
2025-03-09 00:00:00,-6.5,-6.3,,-6.8,,68.0,3.9,7.5,25.0,26.0,1000.5,1.0,0.0,,100.0
2025-03-09 01:00:00,-6.6,-6.3,,-6.7,,73.0,4.8,7.5,19.0,20.0,1000.7,1.0,0.0,,90.0
2025-03-09 02:00:00,-6.6,-6.4,,-6.7,,75.0,5.2,7.3,25.0,23.0,1000.4,1.0,0.0,,90.0
2025-03-09 03:00:00,-6.5,-6.5,,-6.6,,81.0,4.7,6.9,40.0,30.0,1000.6,1.0,0.0,,100.0
2025-03-09 04:00:00,-6.8,-6.6,,-6.9,,89.0,3.6,4.9,37.0,42.0,1000.1,1.0,0.0,,100.0
2025-03-09 05:00:00,-6.9,-6.7,,-7.2,,90.0,4.3,6.3,42.0,41.0,999.5,1.0,0.0,,90.0
2025-03-09 06:00:00,-7.4,-7.1,-6.3,-7.5,-9.0,90.0,5.2,7.8,43.0,43.0,998.8,1.0,0.0,0.5,100.0
2025-03-09 07:00:00,-6.5,-5.8,,-7.1,,90.0,6.6,10.0,31.0,38.0,997.2,1.0,0.0,,100.0
2025-03-09 08:00:00,-5.4,-5.0,,-5.8,,91.0,7.4,10.4,31.0,37.0,996.1,1.0,0.1,,100.0
2025-03-09 09:00:00,-4.8,-4.4,,-5.0,,91.0,8.8,11.5,33.0,29.0,994.4,1.0,0.2,,100.0
2025-03-09 10:00:00,-4.0,-3.8,,-4.4,,89.0,7.5,11.0,52.0,43.0,994.1,1.0,0.1,,90.0
2025-03-09 11:00:00,-4.1,-3.9,,-4.5,,91.0,4.5,7.7,84.0,57.0,994.8,6.0,0.0,,60.0
2025-03-09 12:00:00,-2.1,-0.1,,-4.1,,87.0,9.3,18.0,185.0,162.0,996.6,40.0,0.6,,40.0
2025-03-09 13:00:00,0.2,0.7,,-0.7,,83.0,13.6,20.2,216.0,208.0,999.4,125.0,0.3,,10.0
2025-03-09 14:00:00,-1.2,-0.7,,-1.5,,87.0,4.5,10.7,175.0,209.0,1001.5,104.0,0.0,,90.0
2025-03-09 15:00:00,-1.6,-1.4,,-1.9,,89.0,2.5,5.9,10.0,68.0,1001.6,83.0,0.0,,90.0
2025-03-09 16:00:00,-2.3,-1.9,,-2.4,,92.0,5.3,8.2,42.0,36.0,1001.5,66.0,0.2,,100.0
2025-03-09 17:00:00,-2.0,-1.9,,-2.2,,93.0,3.8,6.4,13.0,19.0,1000.8,51.0,0.1,,100.0
2025-03-09 18:00:00,-1.6,-1.4,0.7,-1.9,-7.1,95.0,4.0,6.6,354.0,4.0,999.8,68.0,0.3,,100.0
2025-03-09 19:00:00,-1.2,-1.0,,-1.6,,96.0,5.0,7.8,344.0,350.0,999.6,41.0,0.2,,90.0
2025-03-09 20:00:00,-1.1,-1.0,,-1.2,,97.0,7.2,10.6,347.0,345.0,999.8,19.0,0.7,,
2025-03-09 21:00:00,-0.9,-0.8,,-1.1,,98.0,6.2,11.0,7.0,356.0,1001.3,11.0,0.8,,
2025-03-09 22:00:00,-0.7,-0.6,,-1.2,,98.0,2.2,3.3,77.0,64.0,1002.4,2.0,1.1,,40.0
2025-03-09 23:00:00,-1.5,-1.0,,-2.0,,98.0,3.7,5.6,161.0,112.0,1005.2,1.0,0.0,,60.0
2025-03-10 00:00:00,-1.0,-0.6,,-1.4,,98.0,2.7,5.4,92.0,95.0,1006.4,1.0,0.2,,100.0
2025-03-10 01:00:00,-0.9,-0.8,,-1.2,,98.0,5.3,7.9,73.0,75.0,1006.6,1.0,0.2,,90.0
2025-03-10 02:00:00,-1.2,-0.7,,-1.7,,96.0,4.9,8.1,118.0,95.0,1006.3,1.0,0.0,,90.0
2025-03-10 03:00:00,-0.1,0.2,,-0.7,,71.0,8.4,12.5,121.0,126.0,1006.1,1.0,0.0,,90.0
2025-03-10 04:00:00,0.3,0.5,,0.1,,68.0,8.5,12.6,111.0,114.0,1006.1,1.0,0.1,,90.0
2025-03-10 05:00:00,1.2,1.6,,0.2,,64.0,7.7,10.8,122.0,123.0,1006.4,1.0,0.1,,100.0
2025-03-10 06:00:00,1.8,2.2,2.2,1.5,-2.0,59.0,6.7,9.2,128.0,123.0,1006.3,1.0,0.2,5.5,100.0
2025-03-10 07:00:00,2.2,2.6,,1.7,,57.0,8.3,12.0,121.0,127.0,1006.1,1.0,0.2,,90.0
2025-03-10 08:00:00,2.3,2.8,,1.8,,60.0,7.7,10.9,110.0,113.0,1005.6,1.0,0.0,,90.0
2025-03-10 09:00:00,2.5,3.1,,2.0,,62.0,7.1,10.3,115.0,112.0,1005.5,1.0,0.0,,100.0
2025-03-10 10:00:00,2.0,3.2,,1.3,,67.0,7.7,10.9,73.0,82.0,1005.2,1.0,0.2,,100.0
2025-03-10 11:00:00,1.7,2.4,,1.3,,71.0,6.7,10.1,66.0,72.0,1004.6,4.0,0.0,,100.0
2025-03-10 12:00:00,2.0,2.6,,1.4,,72.0,7.1,11.0,70.0,70.0,1004.3,18.0,0.0,,100.0
2025-03-10 13:00:00,2.4,2.8,,2.1,,72.0,6.7,9.3,72.0,75.0,1003.8,44.0,0.0,,100.0
2025-03-10 14:00:00,2.8,3.9,,1.9,,71.0,6.4,8.7,64.0,72.0,1003.4,89.0,0.0,,90.0
2025-03-10 15:00:00,2.8,4.0,,1.5,,74.0,4.4,8.2,75.0,80.0,1004.3,103.0,0.0,,90.0
2025-03-10 16:00:00,2.9,3.3,,1.8,,76.0,2.8,4.3,61.0,86.0,1005.2,109.0,0.0,,90.0
2025-03-10 17:00:00,1.8,3.1,,0.5,,82.0,0.9,3.2,355.0,355.0,1005.7,84.0,0.0,,90.0
2025-03-10 18:00:00,1.0,1.6,4.0,0.2,0.2,86.0,3.2,6.3,17.0,15.0,1006.0,95.0,0.0,,90.0
2025-03-10 19:00:00,0.5,0.9,,0.0,,88.0,4.0,7.7,,27.0,1007.2,70.0,0.0,,100.0
2025-03-10 20:00:00,0.1,0.5,,-0.3,,90.0,1.3,3.4,293.0,2.0,1008.5,56.0,0.0,,90.0
2025-03-10 21:00:00,0.9,2.0,,0.0,,88.0,2.8,8.3,259.0,260.0,1010.4,21.0,0.0,,100.0
2025-03-10 22:00:00,1.8,2.9,,1.3,,91.0,3.1,7.6,33.0,325.0,1010.7,3.0,0.1,,90.0
2025-03-10 23:00:00,2.2,3.9,,1.1,,84.0,3.4,5.0,87.0,79.0,1011.7,1.0,0.0,,100.0
2025-03-11 00:00:00,2.1,3.7,,1.2,,84.0,1.4,5.1,69.0,24.0,1012.4,1.0,0.0,,90.0
2025-03-11 01:00:00,1.2,2.9,,0.2,,87.0,2.2,4.7,69.0,49.0,1013.2,1.0,0.0,,90.0
2025-03-11 02:00:00,0.2,0.6,,-0.1,,92.0,1.8,6.5,0.0,106.0,1013.8,1.0,0.0,,100.0
2025-03-11 03:00:00,0.6,0.8,,0.4,,91.0,0.9,3.1,91.0,117.0,1013.8,1.0,0.0,,100.0
2025-03-11 04:00:00,0.1,0.6,,-0.1,,91.0,4.7,6.4,104.0,94.0,1014.5,1.0,0.0,,100.0
2025-03-11 05:00:00,0.7,1.4,,0.3,,84.0,2.6,4.8,96.0,91.0,1014.6,1.0,0.0,,100.0
2025-03-11 06:00:00,1.7,3.9,3.9,0.4,-0.3,81.0,3.8,5.1,51.0,76.0,1014.3,1.0,0.0,0.5,100.0
2025-03-11 07:00:00,2.5,3.9,,1.2,,76.0,3.1,6.0,90.0,61.0,1015.4,1.0,0.0,,90.0
2025-03-11 08:00:00,1.1,1.8,,0.7,,84.0,2.7,11.3,294.0,227.0,1016.5,1.0,0.0,,100.0
2025-03-11 09:00:00,0.5,1.4,,-0.3,,89.0,3.0,4.8,63.0,50.0,1016.2,1.0,0.0,,90.0
2025-03-11 10:00:00,1.1,1.5,,0.1,,83.0,6.2,8.6,60.0,52.0,1015.8,1.0,0.0,,90.0
2025-03-11 11:00:00,0.3,0.5,,0.0,,87.0,6.9,10.6,60.0,64.0,1015.8,14.0,0.0,,10.0
2025-03-11 12:00:00,0.4,0.8,,-0.1,,87.0,7.1,10.5,64.0,65.0,1015.6,84.0,0.0,,60.0
2025-03-11 13:00:00,0.8,1.1,,0.6,,87.0,6.5,9.4,54.0,49.0,1015.9,121.0,0.0,,60.0
2025-03-11 14:00:00,1.1,1.5,,0.7,,87.0,2.8,6.1,47.0,86.0,1015.9,170.0,0.0,,90.0
2025-03-11 15:00:00,0.9,1.5,,0.1,,86.0,3.3,5.3,19.0,37.0,1015.5,280.0,0.0,,0.0
2025-03-11 16:00:00,0.1,0.7,,-0.4,,88.0,5.2,7.8,21.0,19.0,1015.1,310.0,0.0,,0.0
2025-03-11 17:00:00,1.3,1.6,,0.6,,84.0,5.5,7.7,33.0,30.0,1014.6,304.0,0.0,,0.0
2025-03-11 18:00:00,1.0,1.4,3.9,0.4,-0.4,84.0,5.8,7.7,21.0,26.0,1013.8,263.0,0.0,,0.0
2025-03-11 19:00:00,0.3,0.4,,0.1,,86.0,4.7,7.3,21.0,26.0,1013.4,196.0,0.0,,0.0
2025-03-11 20:00:00,-0.2,0.1,,-0.4,,86.0,4.4,7.1,23.0,18.0,1012.6,122.0,0.0,,0.0
2025-03-11 21:00:00,-0.3,-0.1,,-0.8,,81.0,5.0,6.6,36.0,28.0,1011.9,46.0,0.0,,0.0
2025-03-11 22:00:00,-1.3,-0.7,,-1.8,,83.0,3.5,6.2,45.0,50.0,1011.3,6.0,0.0,,60.0
2025-03-11 23:00:00,-1.6,-1.1,,-2.1,,82.0,3.1,5.7,57.0,42.0,1011.0,1.0,0.0,,0.0
2025-03-12 00:00:00,-1.4,-0.8,,-2.1,,77.0,2.7,4.6,37.0,53.0,1010.7,1.0,0.0,,60.0
2025-03-12 01:00:00,-1.7,-1.0,,-2.3,,78.0,2.6,3.9,107.0,91.0,1010.0,1.0,0.0,,60.0
2025-03-12 02:00:00,-1.4,-0.2,,-2.2,,73.0,1.8,2.7,174.0,148.0,1010.1,1.0,0.0,,90.0
2025-03-12 03:00:00,-0.1,0.4,,-0.6,,62.0,2.4,4.8,196.0,182.0,1010.4,1.0,0.0,,60.0
2025-03-12 04:00:00,-2.1,-0.3,,-2.8,,74.0,2.8,5.3,262.0,212.0,1011.1,1.0,0.0,,0.0
2025-03-12 05:00:00,-2.4,-1.6,,-2.8,,81.0,2.2,3.6,180.0,189.0,1011.7,1.0,0.0,,90.0
2025-03-12 06:00:00,-2.5,-1.7,0.4,-3.4,-3.4,82.0,1.4,2.8,82.0,102.0,1012.4,1.0,0.0,0.0,60.0
2025-03-12 07:00:00,-3.4,-1.8,,-4.5,,85.0,2.4,5.5,120.0,121.0,1013.2,1.0,0.0,,40.0
2025-03-12 08:00:00,-2.8,-2.0,,-3.7,,82.0,2.6,4.3,130.0,138.0,1013.8,1.0,0.0,,10.0
2025-03-12 09:00:00,-2.3,-2.0,,-2.8,,80.0,1.3,4.2,0.0,108.0,1014.0,1.0,0.0,,0.0
2025-03-12 10:00:00,-2.3,-1.2,,-3.5,,78.0,1.4,3.2,19.0,49.0,1014.4,2.0,0.0,,0.0
2025-03-12 11:00:00,-3.7,-3.0,,-4.1,,85.0,3.2,5.1,35.0,25.0,1014.3,19.0,0.0,,0.0
2025-03-12 12:00:00,-2.8,-1.6,,-3.5,,76.0,4.1,8.0,29.0,46.0,1014.3,73.0,0.0,,0.0
2025-03-12 13:00:00,-2.6,-2.2,,-3.2,,80.0,5.4,8.9,37.0,38.0,1014.1,160.0,0.0,,0.0
2025-03-12 14:00:00,-2.4,-2.1,,-2.6,,82.0,5.3,8.3,37.0,38.0,1014.1,227.0,0.0,,0.0
2025-03-12 15:00:00,-1.9,-1.4,,-2.2,,80.0,6.6,10.2,44.0,43.0,1013.1,237.0,0.0,,10.0
2025-03-12 16:00:00,-1.4,-1.2,,-1.5,,78.0,7.4,10.4,38.0,44.0,1012.8,273.0,0.0,,40.0
2025-03-12 17:00:00,-1.0,-0.8,,-1.4,,78.0,6.5,9.6,36.0,40.0,1012.2,148.0,0.0,,90.0
2025-03-12 18:00:00,-0.7,-0.6,-0.6,-0.8,-4.5,78.0,6.6,9.2,34.0,38.0,1011.8,119.0,0.0,,90.0
2025-03-12 19:00:00,-0.5,-0.4,,-0.7,,78.0,6.8,10.6,53.0,44.0,1011.8,104.0,0.0,,90.0
2025-03-12 20:00:00,-0.6,-0.4,,-0.7,,79.0,5.8,9.1,47.0,48.0,1011.5,68.0,0.0,,90.0
2025-03-12 21:00:00,-0.4,-0.3,,-0.5,,79.0,5.7,9.0,45.0,43.0,1010.9,22.0,0.0,,90.0
2025-03-12 22:00:00,-0.2,0.1,,-0.5,,79.0,7.2,10.3,67.0,55.0,1010.6,4.0,0.0,,90.0
2025-03-12 23:00:00,-0.1,0.2,,-0.5,,79.0,6.2,10.0,61.0,61.0,1010.2,1.0,0.0,,90.0
2025-03-13 00:00:00,-0.3,0.0,,-0.6,,80.0,6.4,9.9,68.0,58.0,1009.7,1.0,0.1,,100.0
2025-03-13 01:00:00,-0.2,0.2,,-0.5,,81.0,4.6,9.8,14.0,57.0,1009.0,1.0,0.0,,100.0
2025-03-13 02:00:00,-0.1,0.2,,-0.9,,82.0,4.1,6.6,37.0,34.0,1008.0,1.0,0.0,,90.0
2025-03-13 03:00:00,-0.4,-0.1,,-0.9,,85.0,4.8,7.8,41.0,34.0,1006.5,1.0,0.0,,90.0
2025-03-13 04:00:00,-0.3,-0.2,,-0.5,,85.0,5.6,8.8,41.0,36.0,1004.7,1.0,0.0,,100.0
2025-03-13 05:00:00,-0.5,-0.4,,-0.6,,87.0,5.6,8.1,48.0,44.0,1004.0,1.0,0.0,,90.0
2025-03-13 06:00:00,-0.4,-0.2,0.2,-0.7,-0.9,87.0,4.4,7.7,59.0,45.0,1002.8,1.0,0.0,0.1,100.0
2025-03-13 07:00:00,-0.5,-0.1,,-1.0,,87.0,5.4,9.1,50.0,56.0,1002.1,1.0,0.0,,0.0
2025-03-13 08:00:00,-0.5,-0.2,,-0.7,,86.0,5.8,9.1,38.0,40.0,1001.4,1.0,0.0,,90.0
2025-03-13 09:00:00,-1.1,-0.6,,-1.6,,87.0,3.8,6.1,56.0,50.0,1001.0,1.0,0.0,,90.0
2025-03-13 10:00:00,-0.1,3.2,,-1.2,,83.0,2.9,9.8,192.0,112.0,1002.7,2.0,0.0,,90.0
2025-03-13 11:00:00,1.9,3.1,,1.6,,84.0,6.5,12.7,216.0,215.0,1003.1,9.0,0.1,,90.0
2025-03-13 12:00:00,1.8,2.1,,1.5,,87.0,2.3,5.8,285.0,243.0,1002.7,45.0,0.0,,90.0
2025-03-13 13:00:00,1.3,2.0,,0.4,,88.0,0.8,2.6,14.0,342.0,1002.3,65.0,0.0,,90.0
2025-03-13 14:00:00,1.7,1.9,,1.4,,86.0,2.2,3.4,17.0,18.0,1001.9,120.0,0.0,,90.0
2025-03-13 15:00:00,1.6,1.8,,1.5,,85.0,1.8,3.1,29.0,23.0,1001.5,139.0,0.0,,90.0
2025-03-13 16:00:00,1.8,2.0,,1.6,,85.0,0.6,2.4,341.0,9.0,1001.2,154.0,0.0,,100.0
2025-03-13 17:00:00,1.4,1.8,,0.9,,85.0,2.7,6.5,276.0,294.0,1000.4,134.0,0.0,,90.0
2025-03-13 18:00:00,0.6,0.9,3.2,0.3,-1.6,90.0,4.1,8.1,260.0,272.0,1000.2,91.0,0.0,,100.0
2025-03-13 19:00:00,0.3,0.5,,0.1,,92.0,3.1,5.8,262.0,263.0,999.9,60.0,0.0,,100.0
2025-03-13 20:00:00,0.0,0.1,,-0.1,,95.0,2.1,4.3,231.0,258.0,1000.0,71.0,0.0,,90.0
2025-03-13 21:00:00,-0.3,-0.1,,-0.4,,97.0,1.9,3.2,213.0,221.0,999.9,21.0,0.0,,100.0
2025-03-13 22:00:00,-0.5,-0.4,,-0.5,,97.0,0.3,1.5,0.0,211.0,999.8,4.0,0.0,,90.0
2025-03-13 23:00:00,-0.6,-0.5,,-0.7,,96.0,0.0,1.2,0.0,0.0,999.5,1.0,0.1,,90.0
2025-03-14 00:00:00,-0.6,-0.6,,-0.7,,96.0,0.4,2.2,140.0,129.0,999.7,1.0,0.6,,100.0
2025-03-14 01:00:00,-0.7,-0.6,,-0.8,,97.0,0.0,2.5,0.0,0.0,1000.4,1.0,1.4,,
2025-03-14 02:00:00,-0.9,-0.8,,-1.3,,97.0,1.0,6.8,149.0,61.0,1000.6,1.0,3.0,,100.0
2025-03-14 03:00:00,-1.8,-1.1,,-2.2,,95.0,2.7,9.2,,183.0,1001.0,1.0,0.3,,90.0
2025-03-14 04:00:00,-2.3,-2.2,,-2.5,,97.0,1.9,4.2,59.0,85.0,1001.6,1.0,0.1,,90.0
2025-03-14 05:00:00,-2.1,-1.7,,-2.3,,97.0,3.7,7.4,92.0,70.0,1002.3,1.0,0.0,,10.0
2025-03-14 06:00:00,-3.9,-2.1,0.5,-5.0,-5.0,93.0,14.4,26.7,204.0,192.0,1005.2,1.0,2.8,8.4,
2025-03-14 07:00:00,-5.2,-5.0,,-5.3,,87.0,16.4,20.8,200.0,199.0,1006.3,1.0,0.3,,
2025-03-14 08:00:00,-5.6,-5.3,,-6.1,,83.0,15.9,20.8,197.0,197.0,1007.3,1.0,0.2,,
2025-03-14 09:00:00,-6.3,-6.0,,-6.5,,77.0,16.0,20.8,198.0,198.0,1008.7,1.0,0.2,,
2025-03-14 10:00:00,-6.3,-6.1,,-6.4,,73.0,11.4,15.0,191.0,196.0,1009.9,2.0,0.0,,
2025-03-14 11:00:00,-6.5,-6.3,,-6.7,,75.0,8.5,10.8,190.0,194.0,1010.7,16.0,0.1,,
2025-03-14 12:00:00,-6.6,-6.4,,-6.8,,78.0,6.8,9.0,175.0,182.0,1011.3,46.0,0.0,,100.0
2025-03-14 13:00:00,-6.6,-6.5,,-6.7,,85.0,4.6,7.4,180.0,175.0,1011.7,96.0,0.0,,100.0
2025-03-14 14:00:00,-6.7,-6.5,,-6.9,,86.0,4.1,5.9,153.0,172.0,1012.4,101.0,0.0,,90.0
2025-03-14 15:00:00,-6.7,-6.4,,-7.2,,86.0,4.0,6.4,175.0,165.0,1012.9,181.0,0.1,,90.0
2025-03-14 16:00:00,-6.7,-6.4,,-7.2,,84.0,3.9,5.6,169.0,167.0,1013.3,202.0,0.0,,90.0
2025-03-14 17:00:00,-6.6,-6.4,,-6.9,,82.0,5.1,6.9,172.0,181.0,1013.6,197.0,0.0,,90.0
2025-03-14 18:00:00,-6.6,-6.3,-5.0,-7.4,-7.4,83.0,4.0,5.8,184.0,171.0,1014.0,194.0,0.0,,90.0
2025-03-14 19:00:00,-7.1,-6.8,,-7.5,,82.0,2.4,4.0,159.0,153.0,1014.0,225.0,0.0,,40.0
2025-03-14 20:00:00,-7.7,-6.7,,-8.7,,81.0,1.8,3.5,119.0,142.0,1014.2,178.0,0.0,,0.0
2025-03-14 21:00:00,-9.2,-7.8,,-10.3,,80.0,3.4,5.1,85.0,99.0,1014.5,69.0,0.0,,0.0
2025-03-14 22:00:00,-9.5,-8.3,,-10.3,,84.0,4.3,6.9,71.0,83.0,1014.5,8.0,0.0,,0.0
2025-03-14 23:00:00,-8.6,-8.2,,-9.2,,81.0,4.9,6.3,75.0,76.0,1014.4,1.0,0.0,,0.0
2025-03-15 00:00:00,-8.5,-8.2,,-8.7,,82.0,5.8,7.4,74.0,75.0,1014.2,1.0,0.0,,0.0
2025-03-15 01:00:00,-8.1,-7.9,,-8.3,,83.0,6.1,7.5,73.0,73.0,1013.9,1.0,0.0,,0.0
2025-03-15 02:00:00,-7.7,-7.4,,-8.0,,82.0,5.5,6.7,69.0,70.0,1013.8,1.0,0.0,,0.0
2025-03-15 03:00:00,-7.7,-7.5,,-8.1,,79.0,4.7,5.9,70.0,72.0,1013.3,1.0,0.0,,0.0
2025-03-15 04:00:00,-6.8,-6.2,,-7.7,,81.0,4.9,6.9,32.0,47.0,1012.7,1.0,0.0,,10.0
2025-03-15 05:00:00,-6.0,-5.8,,-6.3,,81.0,6.4,8.3,28.0,30.0,1012.1,1.0,0.0,,10.0
2025-03-15 06:00:00,-6.0,-5.9,-5.8,-6.3,-10.3,84.0,6.9,9.2,32.0,27.0,1011.3,1.0,0.0,0.9,10.0
2025-03-15 07:00:00,-6.1,-5.9,,-6.4,,81.0,8.1,11.8,30.0,32.0,1010.4,1.0,0.0,,0.0
2025-03-15 08:00:00,-5.9,-5.8,,-6.0,,79.0,8.8,12.5,25.0,25.0,1009.5,1.0,0.0,,0.0
2025-03-15 09:00:00,-5.9,-5.8,,-6.0,,75.0,9.1,12.0,25.0,26.0,1009.1,1.0,0.0,,10.0
2025-03-15 10:00:00,-6.1,-5.9,,-6.4,,70.0,7.7,11.1,29.0,25.0,1008.5,3.0,0.0,,0.0
2025-03-15 11:00:00,-5.9,-5.8,,-6.4,,75.0,6.4,9.3,16.0,18.0,1008.2,47.0,0.0,,10.0
2025-03-15 12:00:00,-5.9,-5.6,,-6.3,,73.0,5.9,10.2,354.0,12.0,1008.3,100.0,0.2,,10.0
2025-03-15 13:00:00,-5.5,-5.3,,-5.7,,67.0,6.6,9.6,11.0,0.0,1008.1,191.0,0.0,,40.0
2025-03-15 14:00:00,-5.6,-5.5,,-5.7,,69.0,4.4,7.7,15.0,11.0,1008.0,278.0,0.0,,0.0
2025-03-15 15:00:00,-5.3,-5.1,,-5.7,,68.0,4.9,7.1,34.0,23.0,1007.8,354.0,0.0,,0.0
2025-03-15 16:00:00,-5.8,-5.4,,-6.0,,67.0,3.4,4.6,50.0,54.0,1007.4,413.0,0.0,,0.0
2025-03-15 17:00:00,-5.9,-5.9,,-6.1,,61.0,3.1,4.3,55.0,53.0,1007.0,414.0,0.0,,0.0
2025-03-15 18:00:00,-6.0,-5.9,-5.1,-6.1,-6.4,58.0,2.6,3.7,37.0,46.0,1006.6,359.0,0.0,,0.0
2025-03-15 19:00:00,-6.0,-5.9,,-6.4,,56.0,2.3,3.6,7.0,27.0,1006.2,280.0,0.0,,0.0
2025-03-15 20:00:00,-6.1,-6.0,,-6.5,,59.0,2.7,4.3,358.0,1.0,1006.0,190.0,0.0,,0.0
2025-03-15 21:00:00,-6.2,-6.0,,-6.3,,61.0,3.3,5.0,340.0,351.0,1006.0,85.0,0.0,,0.0
2025-03-15 22:00:00,-6.4,-6.1,,-6.7,,66.0,2.3,4.4,291.0,306.0,1006.1,16.0,0.0,,0.0
2025-03-15 23:00:00,-6.8,-6.5,,-7.3,,70.0,1.6,3.0,261.0,276.0,1006.2,1.0,0.0,,0.0
2025-03-16 00:00:00,-8.4,-7.3,,-9.1,,74.0,2.3,3.9,238.0,212.0,1006.3,1.0,0.0,,40.0
2025-03-16 01:00:00,-7.7,-7.3,,-8.7,,83.0,3.2,5.1,228.0,241.0,1006.8,1.0,0.0,,10.0
2025-03-16 02:00:00,-8.0,-7.4,,-8.6,,83.0,3.3,5.6,257.0,234.0,1007.0,1.0,0.0,,60.0
2025-03-16 03:00:00,-7.9,-7.6,,-8.1,,82.0,2.7,5.1,253.0,252.0,1007.1,1.0,0.0,,60.0
2025-03-16 04:00:00,-8.7,-8.0,,-9.4,,84.0,2.9,4.7,214.0,223.0,1006.8,1.0,0.0,,10.0
2025-03-16 05:00:00,-9.4,-8.8,,-9.9,,85.0,3.4,5.7,216.0,211.0,1007.1,1.0,0.0,,90.0
2025-03-16 06:00:00,-9.1,-8.8,-5.9,-9.5,-9.9,86.0,3.1,4.3,193.0,202.0,1006.6,1.0,0.0,0.2,60.0
2025-03-16 07:00:00,-10.1,-9.5,,-10.6,,87.0,3.5,5.4,180.0,186.0,1006.2,1.0,0.0,,40.0
2025-03-16 08:00:00,-10.2,-9.9,,-10.4,,87.0,5.2,6.1,170.0,179.0,1006.1,1.0,0.0,,10.0
2025-03-16 09:00:00,-10.1,-9.7,,-10.7,,87.0,5.1,6.4,166.0,167.0,1005.7,1.0,0.0,,0.0
2025-03-16 10:00:00,-10.7,-9.9,,-11.6,,87.0,4.8,6.3,176.0,175.0,1005.3,2.0,0.0,,40.0
2025-03-16 11:00:00,-10.4,-10.1,,-11.1,,88.0,4.1,5.3,210.0,184.0,1004.9,13.0,0.0,,90.0
2025-03-16 12:00:00,-9.0,-8.2,,-10.2,,84.0,3.8,4.6,211.0,207.0,1004.3,61.0,0.0,,90.0
2025-03-16 13:00:00,-7.9,-7.6,,-8.3,,80.0,3.4,4.2,190.0,196.0,1003.9,141.0,0.0,,90.0
2025-03-16 14:00:00,-7.8,-7.4,,-8.4,,82.0,4.0,7.8,267.0,255.0,1003.6,112.0,0.0,,100.0
2025-03-16 15:00:00,-8.9,-8.4,,-9.2,,85.0,4.8,8.1,257.0,262.0,1003.9,130.0,0.0,,90.0
2025-03-16 16:00:00,-9.4,-9.2,,-9.7,,83.0,4.0,6.7,259.0,262.0,1003.9,128.0,0.0,,100.0
2025-03-16 17:00:00,-9.8,-9.6,,-9.9,,82.0,4.4,7.9,261.0,261.0,1004.6,162.0,0.0,,90.0
2025-03-16 18:00:00,-10.0,-9.8,-7.4,-10.1,-11.6,81.0,5.3,9.3,274.0,266.0,1005.9,126.0,0.0,,100.0
2025-03-16 19:00:00,-10.1,-9.9,,-10.3,,81.0,6.2,10.6,264.0,266.0,1007.2,104.0,0.0,,90.0
2025-03-16 20:00:00,-10.5,-10.2,,-10.7,,83.0,6.5,10.2,262.0,262.0,1008.9,66.0,0.0,,90.0
2025-03-16 21:00:00,-10.8,-10.6,,-11.0,,84.0,6.4,10.8,260.0,260.0,1010.9,29.0,0.0,,90.0
2025-03-16 22:00:00,-11.0,-10.9,,-11.1,,84.0,5.7,10.5,271.0,268.0,1012.8,7.0,0.0,,100.0
2025-03-16 23:00:00,-11.0,-10.9,,-11.1,,85.0,4.6,8.0,265.0,263.0,1014.4,1.0,0.0,,90.0
2025-03-17 00:00:00,-10.9,-10.9,,-11.0,,84.0,4.2,7.8,268.0,262.0,1015.6,1.0,0.0,,100.0
2025-03-17 01:00:00,-11.1,-11.0,,-11.2,,83.0,4.8,7.8,248.0,245.0,1016.4,1.0,0.0,,100.0
2025-03-17 02:00:00,-11.3,-11.1,,-11.5,,82.0,3.8,7.1,220.0,237.0,1017.1,1.0,0.0,,100.0
2025-03-17 03:00:00,-11.6,-11.5,,-12.2,,83.0,4.0,5.9,219.0,214.0,1017.6,1.0,0.0,,60.0
2025-03-17 04:00:00,-12.4,-11.9,,-13.1,,83.0,3.2,5.1,208.0,215.0,1018.2,1.0,0.0,,40.0
2025-03-17 05:00:00,-13.1,-12.8,,-13.4,,86.0,2.6,3.8,188.0,176.0,1018.6,1.0,0.0,,90.0
2025-03-17 06:00:00,-13.4,-12.8,-9.9,-13.9,-13.9,86.0,2.3,3.4,145.0,153.0,1018.7,1.0,0.0,0.0,90.0
2025-03-17 07:00:00,-13.2,-12.7,,-13.6,,87.0,1.2,2.6,115.0,130.0,1019.1,1.0,0.0,,10.0
2025-03-17 08:00:00,-13.1,-12.5,,-14.0,,88.0,1.5,2.8,97.0,89.0,1018.9,1.0,0.0,,0.0
2025-03-17 09:00:00,-14.0,-13.6,,-14.6,,89.0,2.6,3.6,82.0,89.0,1018.7,1.0,0.0,,0.0
2025-03-17 10:00:00,-14.5,-13.7,,-15.7,,86.0,3.4,4.4,80.0,83.0,1018.5,4.0,0.0,,0.0
2025-03-17 11:00:00,-13.5,-12.9,,-14.1,,86.0,4.3,5.7,78.0,77.0,1018.1,64.0,0.0,,10.0
2025-03-17 12:00:00,-12.7,-12.3,,-13.0,,83.0,3.9,5.3,77.0,81.0,1017.6,140.0,0.0,,0.0
2025-03-17 13:00:00,-11.2,-10.6,,-12.3,,77.0,5.0,6.6,59.0,63.0,1017.0,214.0,0.0,,0.0
2025-03-17 14:00:00,-10.0,-9.5,,-10.6,,72.0,6.4,9.5,35.0,45.0,1016.5,302.0,0.0,,0.0
2025-03-17 15:00:00,-9.6,-9.5,,-9.8,,69.0,6.9,10.2,40.0,37.0,1015.9,372.0,0.0,,0.0
2025-03-17 16:00:00,-9.5,-9.3,,-9.6,,66.0,7.1,10.1,43.0,43.0,1015.0,425.0,0.0,,0.0
2025-03-17 17:00:00,-9.1,-9.0,,-9.3,,65.0,8.1,11.1,41.0,40.0,1014.3,422.0,0.0,,0.0
2025-03-17 18:00:00,-8.9,-8.8,-8.8,-9.1,-15.7,65.0,7.5,10.6,36.0,37.0,1013.2,361.0,0.0,,0.0
2025-03-17 19:00:00,-8.8,-8.7,,-8.9,,64.0,8.4,11.9,39.0,37.0,1012.0,250.0,0.1,,10.0
2025-03-17 20:00:00,-8.4,-8.1,,-8.8,,65.0,8.9,12.3,30.0,34.0,1010.9,138.0,0.0,,40.0
2025-03-17 21:00:00,-7.9,-7.7,,-8.1,,64.0,9.5,12.6,32.0,32.0,1009.9,81.0,0.0,,10.0
2025-03-17 22:00:00,-7.6,-7.3,,-7.7,,67.0,10.8,14.1,34.0,33.0,1008.8,12.0,0.0,,90.0
2025-03-17 23:00:00,-7.1,-6.8,,-7.4,,68.0,10.3,14.4,33.0,35.0,1007.7,1.0,0.0,,100.0
2025-03-18 00:00:00,-6.6,-6.4,,-6.8,,70.0,11.0,15.3,34.0,34.0,1006.1,1.0,0.1,,100.0
2025-03-18 01:00:00,-6.3,-6.1,,-6.5,,72.0,10.3,14.7,36.0,33.0,1005.1,1.0,0.0,,100.0
2025-03-18 02:00:00,-5.9,-5.6,,-6.2,,73.0,10.3,14.9,33.0,33.0,1003.9,1.0,0.1,,100.0
2025-03-18 03:00:00,-5.4,-5.2,,-5.6,,73.0,9.5,13.6,31.0,32.0,1002.9,1.0,0.1,,100.0
2025-03-18 04:00:00,-5.1,-4.9,,-5.3,,74.0,8.0,12.4,38.0,37.0,1002.6,1.0,0.0,,100.0
2025-03-18 05:00:00,-4.9,-4.8,,-5.0,,74.0,5.9,8.2,60.0,48.0,1001.7,1.0,0.0,,100.0
2025-03-18 06:00:00,-5.2,-4.8,-4.8,-5.8,-8.9,79.0,4.2,7.5,86.0,77.0,1002.0,1.0,0.0,0.4,90.0
2025-03-18 07:00:00,-5.6,-5.4,,-5.8,,82.0,3.1,4.2,100.0,94.0,1002.3,1.0,0.0,,100.0
2025-03-18 08:00:00,-6.1,-5.2,,-6.8,,80.0,3.2,5.0,173.0,165.0,1002.8,1.0,0.0,,100.0
2025-03-18 09:00:00,-7.0,-6.7,,-7.3,,75.0,3.3,5.5,174.0,180.0,1003.5,1.0,0.0,,90.0
2025-03-18 10:00:00,-7.1,-7.0,,-7.5,,72.0,3.2,5.5,172.0,166.0,1003.7,3.0,0.0,,90.0
2025-03-18 11:00:00,-7.1,-6.9,,-7.3,,70.0,4.5,5.9,171.0,172.0,1004.0,23.0,0.0,,60.0
2025-03-18 12:00:00,-6.1,-5.6,,-7.0,,61.0,3.5,5.4,137.0,154.0,1004.5,63.0,0.0,,90.0
2025-03-18 13:00:00,-4.7,-3.9,,-6.0,,52.0,1.4,3.5,71.0,85.0,1004.8,133.0,0.0,,90.0
2025-03-18 14:00:00,-4.4,-3.6,,-5.2,,56.0,3.4,4.8,82.0,87.0,1004.7,258.0,0.0,,10.0
2025-03-18 15:00:00,-3.7,-3.0,,-4.0,,55.0,4.2,5.5,84.0,84.0,1004.4,371.0,0.0,,10.0
2025-03-18 16:00:00,-2.9,-2.5,,-3.2,,55.0,4.8,6.5,72.0,75.0,1004.0,374.0,0.0,,10.0
2025-03-18 17:00:00,-2.6,-2.1,,-3.2,,63.0,4.4,6.4,71.0,71.0,1003.8,440.0,0.0,,10.0
2025-03-18 18:00:00,-1.9,-1.6,-1.6,-2.2,-7.5,61.0,3.9,5.4,80.0,75.0,1003.8,377.0,0.0,,0.0
2025-03-18 19:00:00,-1.8,-1.1,,-2.7,,62.0,3.3,4.8,12.0,48.0,1003.5,277.0,0.0,,90.0
2025-03-18 20:00:00,-3.0,-2.7,,-3.2,,82.0,2.1,3.4,20.0,14.0,1003.3,198.0,0.0,,60.0
2025-03-18 21:00:00,-3.3,-3.1,,-3.8,,83.0,1.7,3.8,32.0,33.0,1003.0,111.0,0.0,,10.0
2025-03-18 22:00:00,-3.9,-3.6,,-4.5,,84.0,3.0,4.8,37.0,40.0,1002.7,24.0,0.0,,0.0
2025-03-18 23:00:00,-4.4,-4.2,,-4.6,,89.0,3.1,5.4,32.0,33.0,1002.4,2.0,0.0,,0.0
2025-03-19 00:00:00,-4.2,-3.9,,-4.5,,91.0,2.6,3.8,25.0,32.0,1002.2,1.0,0.0,,0.0
2025-03-19 01:00:00,-4.5,-4.1,,-5.1,,89.0,2.3,3.4,73.0,44.0,1002.0,1.0,0.0,,0.0
2025-03-19 02:00:00,-4.7,-4.1,,-5.7,,92.0,1.8,2.8,25.0,32.0,1001.8,1.0,0.0,,0.0
2025-03-19 03:00:00,-5.1,-4.4,,-6.8,,93.0,1.3,2.5,193.0,325.0,1002.0,1.0,0.0,,0.0
2025-03-19 04:00:00,-6.6,-5.4,,-7.3,,94.0,2.0,2.8,183.0,189.0,1001.9,1.0,0.0,,0.0
2025-03-19 05:00:00,-4.8,-4.0,,-5.5,,73.0,1.3,2.2,175.0,178.0,1001.7,1.0,0.0,,60.0
2025-03-19 06:00:00,-3.8,-3.2,-1.1,-5.0,-7.3,68.0,0.0,1.3,0.0,0.0,1001.6,1.0,0.0,0.0,90.0
2025-03-19 07:00:00,-5.0,-4.2,,-5.7,,74.0,1.2,2.8,259.0,207.0,1001.5,1.0,0.0,,90.0
2025-03-19 08:00:00,-5.2,-4.3,,-6.1,,82.0,1.8,4.5,204.0,197.0,1001.4,1.0,0.0,,90.0
2025-03-19 09:00:00,-4.5,-3.4,,-5.1,,87.0,4.4,6.9,204.0,206.0,1001.3,1.0,0.0,,60.0
2025-03-19 10:00:00,-4.0,-3.6,,-4.5,,85.0,5.3,7.2,217.0,208.0,1001.6,4.0,0.0,,90.0
2025-03-19 11:00:00,-4.1,-3.6,,-4.4,,90.0,3.8,6.3,234.0,216.0,1001.7,27.0,0.1,,100.0
2025-03-19 12:00:00,-4.0,-3.7,,-4.3,,91.0,3.7,6.7,253.0,263.0,1001.9,50.0,0.1,,90.0
2025-03-19 13:00:00,-4.6,-4.3,,-4.8,,88.0,4.8,8.1,264.0,250.0,1002.2,91.0,0.1,,100.0
2025-03-19 14:00:00,-4.9,-4.8,,-5.1,,85.0,4.2,7.4,264.0,263.0,1002.4,110.0,0.1,,100.0
2025-03-19 15:00:00,-5.5,-5.1,,-5.8,,87.0,4.4,7.9,259.0,267.0,1002.6,147.0,0.2,,90.0
2025-03-19 16:00:00,-6.3,-5.8,,-7.1,,86.0,5.3,8.8,264.0,260.0,1003.0,161.0,0.1,,
2025-03-19 17:00:00,-7.1,-6.9,,-7.2,,83.0,4.2,7.6,262.0,257.0,1003.2,144.0,0.0,,100.0
2025-03-19 18:00:00,-7.1,-6.9,-3.4,-7.2,-7.2,82.0,4.0,8.7,270.0,265.0,1003.6,135.0,0.0,,90.0
2025-03-19 19:00:00,-7.5,-7.2,,-7.8,,79.0,4.6,9.6,274.0,268.0,1004.1,150.0,0.0,,90.0
2025-03-19 20:00:00,-7.7,-7.6,,-7.7,,77.0,5.8,9.6,231.0,229.0,1004.4,85.0,0.0,,90.0
2025-03-19 21:00:00,-7.9,-7.7,,-8.0,,80.0,5.8,8.8,217.0,235.0,1005.1,33.0,0.0,,100.0
2025-03-19 22:00:00,-8.5,-8.0,,-9.1,,81.0,11.1,14.3,196.0,201.0,1005.6,11.0,0.2,,60.0
2025-03-19 23:00:00,-9.0,-8.8,,-9.2,,79.0,11.1,14.5,200.0,198.0,1006.0,2.0,0.1,,90.0
2025-03-20 00:00:00,-9.3,-9.1,,-9.5,,75.0,10.0,13.2,209.0,204.0,1006.4,1.0,0.1,,100.0
2025-03-20 01:00:00,-9.7,-9.4,,-9.8,,73.0,10.8,14.1,205.0,201.0,1006.9,1.0,0.1,,90.0
2025-03-20 02:00:00,-9.7,-9.6,,-9.8,,72.0,9.5,13.1,198.0,201.0,1007.5,1.0,0.0,,100.0
2025-03-20 03:00:00,-9.8,-9.6,,-9.9,,77.0,7.5,10.3,189.0,190.0,1007.7,1.0,0.0,,90.0
2025-03-20 04:00:00,-9.8,-9.7,,-9.9,,81.0,6.7,9.1,187.0,192.0,1007.6,1.0,0.0,,90.0
2025-03-20 05:00:00,-9.8,-9.6,,-9.9,,79.0,7.5,9.3,197.0,193.0,1007.6,1.0,0.0,,90.0
2025-03-20 06:00:00,-10.3,-9.8,-7.2,-10.8,-10.8,77.0,4.4,8.2,163.0,190.0,1008.0,1.0,0.0,1.2,60.0
2025-03-20 07:00:00,-10.8,-10.5,,-11.3,,79.0,3.8,5.0,147.0,149.0,1008.3,1.0,0.0,,90.0
2025-03-20 08:00:00,-10.7,-10.5,,-11.1,,79.0,5.1,6.8,145.0,142.0,1008.5,1.0,0.0,,100.0
2025-03-20 09:00:00,-10.8,-10.6,,-11.0,,82.0,4.6,6.1,145.0,147.0,1008.7,1.0,0.0,,100.0
2025-03-20 10:00:00,-11.6,-11.0,,-11.8,,86.0,3.6,5.2,130.0,137.0,1008.6,6.0,0.0,,90.0
2025-03-20 11:00:00,-12.1,-11.6,,-12.4,,82.0,4.4,6.1,135.0,133.0,1008.6,44.0,0.0,,0.0
2025-03-20 12:00:00,-12.0,-11.8,,-12.2,,77.0,3.7,4.6,145.0,133.0,1008.3,132.0,0.0,,10.0
2025-03-20 13:00:00,-11.0,-10.3,,-11.8,,72.0,3.4,4.8,140.0,151.0,1008.0,218.0,0.0,,40.0
2025-03-20 14:00:00,-10.1,-9.5,,-10.8,,64.0,3.3,5.9,128.0,142.0,1007.7,323.0,0.0,,0.0
2025-03-20 15:00:00,-10.3,-10.1,,-10.4,,70.0,3.9,6.4,108.0,124.0,1007.3,395.0,0.0,,0.0
2025-03-20 16:00:00,-10.0,-9.7,,-10.4,,68.0,4.4,5.9,119.0,117.0,1007.3,455.0,0.0,,0.0
2025-03-20 17:00:00,-9.7,-9.6,,-9.9,,67.0,4.2,5.8,112.0,113.0,1007.2,454.0,0.0,,0.0
2025-03-20 18:00:00,-9.8,-9.6,-9.5,-10.0,-12.4,66.0,4.9,6.7,101.0,100.0,1007.3,397.0,0.0,,0.0
2025-03-20 19:00:00,-10.0,-9.9,,-10.3,,66.0,5.6,7.1,103.0,99.0,1007.3,320.0,0.0,,0.0
2025-03-20 20:00:00,-10.5,-10.2,,-10.9,,68.0,5.2,6.5,108.0,105.0,1007.3,208.0,0.0,,10.0
2025-03-20 21:00:00,-11.0,-10.5,,-11.6,,69.0,5.0,6.1,101.0,106.0,1007.1,118.0,0.0,,0.0
2025-03-20 22:00:00,-11.8,-11.3,,-12.3,,71.0,5.7,7.3,89.0,95.0,1006.8,34.0,0.0,,40.0
2025-03-20 23:00:00,-12.4,-11.9,,-12.8,,72.0,5.1,7.0,99.0,94.0,1006.9,2.0,0.0,,10.0
2025-03-21 00:00:00,-12.5,-11.8,,-13.1,,70.0,4.8,6.1,95.0,92.0,1006.7,1.0,0.0,,0.0
2025-03-21 01:00:00,-13.0,-12.2,,-13.7,,71.0,4.6,5.6,82.0,87.0,1006.6,1.0,0.0,,0.0
2025-03-21 02:00:00,-13.5,-13.1,,-14.0,,70.0,5.4,6.6,81.0,82.0,1006.4,1.0,0.0,,0.0
2025-03-21 03:00:00,-13.4,-13.0,,-13.7,,70.0,5.8,6.8,79.0,82.0,1006.3,1.0,0.0,,60.0
2025-03-21 04:00:00,-12.7,-12.3,,-13.3,,69.0,5.5,6.8,84.0,81.0,1006.2,1.0,0.0,,90.0
2025-03-21 05:00:00,-12.9,-12.3,,-13.7,,68.0,5.7,7.0,83.0,82.0,1005.5,1.0,0.0,,0.0
2025-03-21 06:00:00,-13.7,-13.3,-9.9,-14.2,-14.2,69.0,6.4,7.8,85.0,83.0,1005.0,1.0,0.0,0.0,90.0
2025-03-21 07:00:00,-13.3,-12.9,,-13.7,,66.0,7.2,8.9,94.0,86.0,1004.9,1.0,0.0,,90.0
2025-03-21 08:00:00,-13.1,-12.5,,-13.9,,62.0,6.1,8.6,95.0,96.0,1004.5,1.0,0.0,,0.0
2025-03-21 09:00:00,-13.0,-12.5,,-13.5,,61.0,5.0,7.9,84.0,84.0,1004.4,1.0,0.0,,10.0
2025-03-21 10:00:00,-13.1,-12.8,,-13.5,,61.0,4.8,7.2,63.0,83.0,1004.0,10.0,0.0,,90.0
2025-03-21 11:00:00,-12.5,-12.2,,-12.8,,61.0,5.4,8.1,76.0,74.0,1003.9,54.0,0.0,,0.0
2025-03-21 12:00:00,-12.1,-11.7,,-12.6,,61.0,4.6,6.3,74.0,77.0,1003.7,131.0,0.0,,0.0
2025-03-21 13:00:00,-11.9,-11.6,,-12.1,,59.0,6.1,7.9,75.0,75.0,1003.3,153.0,0.0,,90.0
2025-03-21 14:00:00,-11.0,-10.6,,-11.6,,59.0,6.2,8.2,65.0,72.0,1003.0,295.0,0.0,,0.0
2025-03-21 15:00:00,-10.6,-10.0,,-11.0,,62.0,6.1,8.6,76.0,68.0,1002.7,218.0,0.0,,90.0
2025-03-21 16:00:00,-10.0,-9.7,,-10.1,,61.0,6.7,9.4,63.0,74.0,1002.3,343.0,0.0,,90.0
2025-03-21 17:00:00,-9.4,-9.2,,-9.6,,64.0,5.2,8.6,80.0,79.0,1002.2,267.0,0.0,,90.0
2025-03-21 18:00:00,-9.0,-8.9,-8.9,-9.2,-13.9,61.0,5.4,7.7,73.0,75.0,1002.4,195.0,0.0,,100.0
2025-03-21 19:00:00,-8.8,-8.4,,-9.0,,61.0,3.9,5.5,60.0,66.0,1002.1,156.0,0.0,,90.0
2025-03-21 20:00:00,-8.6,-8.3,,-8.9,,56.0,3.8,5.6,82.0,73.0,1002.2,204.0,0.0,,10.0
2025-03-21 21:00:00,-9.5,-8.8,,-10.7,,62.0,3.4,4.8,130.0,98.0,1002.4,77.0,0.0,,10.0
2025-03-21 22:00:00,-10.6,-10.0,,-11.3,,66.0,3.2,4.3,99.0,113.0,1002.3,22.0,0.0,,60.0
2025-03-21 23:00:00,-9.5,-8.8,,-10.2,,55.0,1.9,2.9,93.0,83.0,1001.7,2.0,0.0,,0.0
2025-03-22 00:00:00,-9.9,-9.3,,-10.6,,55.0,2.8,3.7,85.0,83.0,1001.5,1.0,0.0,,0.0
2025-03-22 01:00:00,-10.1,-8.9,,-11.1,,54.0,3.1,3.7,69.0,81.0,1001.2,1.0,0.0,,10.0
2025-03-22 02:00:00,-9.8,-9.4,,-10.5,,56.0,3.1,3.8,81.0,74.0,1000.6,1.0,0.0,,0.0
2025-03-22 03:00:00,-11.4,-10.0,,-12.6,,64.0,2.1,3.9,83.0,114.0,1000.2,1.0,0.0,,40.0
2025-03-22 04:00:00,-10.6,-10.2,,-11.3,,67.0,2.4,3.6,104.0,100.0,999.7,1.0,0.0,,10.0
2025-03-22 05:00:00,-9.7,-8.9,,-10.3,,72.0,3.4,5.5,53.0,72.0,998.9,1.0,0.0,,0.0
2025-03-22 06:00:00,-8.9,-8.5,-8.3,-9.4,-12.6,76.0,4.9,6.8,31.0,40.0,998.2,1.0,0.0,0.0,60.0
2025-03-22 07:00:00,-8.8,-8.6,,-9.1,,77.0,5.2,7.3,35.0,36.0,997.5,1.0,0.0,,10.0
2025-03-22 08:00:00,-8.6,-8.3,,-8.8,,74.0,5.0,7.4,40.0,37.0,997.1,1.0,0.0,,40.0
2025-03-22 09:00:00,-8.5,-8.3,,-8.7,,76.0,5.6,7.8,34.0,36.0,996.9,1.0,0.0,,60.0
2025-03-22 10:00:00,-8.4,-8.2,,-8.6,,77.0,5.0,6.8,38.0,37.0,996.4,7.0,0.0,,10.0
2025-03-22 11:00:00,-7.9,-7.5,,-8.4,,74.0,5.7,7.7,27.0,29.0,996.3,47.0,0.0,,0.0
2025-03-22 12:00:00,-7.5,-7.4,,-7.6,,74.0,5.0,7.2,12.0,19.0,996.6,134.0,0.0,,10.0
2025-03-22 13:00:00,-7.4,-7.2,,-7.6,,73.0,5.9,9.0,355.0,1.0,996.7,220.0,0.0,,0.0
2025-03-22 14:00:00,-7.2,-7.1,,-7.3,,73.0,6.0,9.3,345.0,348.0,997.1,324.0,0.0,,0.0
2025-03-22 15:00:00,-7.2,-7.0,,-7.2,,70.0,4.6,6.8,335.0,339.0,997.5,387.0,0.0,,10.0
2025-03-22 16:00:00,-6.9,-6.7,,-7.1,,68.0,3.2,5.6,323.0,325.0,998.1,406.0,0.0,,60.0
2025-03-22 17:00:00,-7.4,-6.4,,-8.3,,80.0,4.5,7.9,283.0,295.0,999.3,255.0,0.0,,100.0
2025-03-22 18:00:00,-8.8,-8.3,-6.4,-9.5,-9.5,85.0,5.1,8.3,263.0,271.0,1000.8,181.0,0.0,,90.0
2025-03-22 19:00:00,-9.9,-9.5,,-10.2,,86.0,4.3,7.6,260.0,259.0,1002.1,147.0,0.0,,90.0
2025-03-22 20:00:00,-10.5,-10.1,,-10.8,,83.0,3.9,6.7,268.0,263.0,1003.9,174.0,0.0,,90.0
2025-03-22 21:00:00,-11.4,-10.8,,-11.9,,83.0,3.5,7.0,261.0,263.0,1005.3,86.0,0.0,,90.0
2025-03-22 22:00:00,-12.2,-11.9,,-12.4,,82.0,3.8,6.2,268.0,263.0,1006.7,32.0,0.0,,90.0
2025-03-22 23:00:00,-12.6,-12.3,,-12.7,,82.0,3.4,6.5,263.0,263.0,1007.5,2.0,0.0,,90.0
2025-03-23 00:00:00,-12.9,-12.7,,-13.0,,82.0,3.4,5.7,251.0,251.0,1008.7,1.0,0.0,,90.0
2025-03-23 01:00:00,-13.2,-13.0,,-13.3,,80.0,3.2,5.6,237.0,245.0,1009.6,1.0,0.0,,90.0
2025-03-23 02:00:00,-13.5,-13.3,,-14.1,,79.0,2.9,5.1,219.0,249.0,1010.3,1.0,0.0,,90.0
2025-03-23 03:00:00,-14.2,-13.9,,-14.5,,79.0,4.2,6.4,215.0,215.0,1011.0,1.0,0.0,,90.0
2025-03-23 04:00:00,-14.5,-14.4,,-14.7,,80.0,3.3,4.3,218.0,217.0,1011.3,1.0,0.0,,100.0
2025-03-23 05:00:00,-14.6,-14.3,,-14.8,,80.0,2.9,4.4,200.0,213.0,1011.7,1.0,0.0,,100.0
2025-03-23 06:00:00,-15.0,-14.5,-9.5,-15.5,-15.5,81.0,3.4,4.7,178.0,185.0,1012.0,1.0,0.0,0.0,90.0
2025-03-23 07:00:00,-15.7,-15.3,,-16.2,,83.0,3.7,4.8,170.0,179.0,1012.2,1.0,0.0,,60.0
2025-03-23 08:00:00,-16.1,-15.7,,-16.6,,83.0,3.2,4.6,172.0,170.0,1012.1,1.0,0.0,,10.0
2025-03-23 09:00:00,-16.5,-16.0,,-16.8,,84.0,2.4,3.6,200.0,176.0,1012.0,2.0,0.0,,10.0
2025-03-23 10:00:00,-15.8,-14.7,,-16.5,,84.0,1.0,2.1,286.0,232.0,1011.7,9.0,0.0,,100.0
2025-03-23 11:00:00,-14.1,-13.8,,-15.1,,79.0,1.0,3.2,257.0,328.0,1011.3,36.0,0.0,,100.0
2025-03-23 12:00:00,-14.1,-13.5,,-14.5,,80.0,0.8,3.9,8.0,109.0,1010.6,75.0,0.0,,100.0
2025-03-23 13:00:00,-13.6,-13.4,,-13.7,,81.0,2.9,5.2,356.0,355.0,1009.7,128.0,0.0,,100.0
2025-03-23 14:00:00,-13.2,-12.9,,-13.5,,79.0,3.1,5.3,14.0,12.0,1009.4,274.0,0.0,,90.0
2025-03-23 15:00:00,-12.7,-12.4,,-13.2,,76.0,0.8,4.3,7.0,73.0,1008.5,322.0,0.0,,100.0
2025-03-23 16:00:00,-12.3,-11.9,,-12.7,,77.0,3.6,5.8,340.0,338.0,1007.6,387.0,0.0,,60.0
2025-03-23 17:00:00,-11.8,-11.4,,-12.0,,78.0,3.1,5.8,342.0,339.0,1006.4,284.0,0.0,,90.0
2025-03-23 18:00:00,-11.1,-10.7,-10.7,-11.6,-16.8,78.0,2.7,4.8,330.0,328.0,1005.3,287.0,0.0,,90.0
2025-03-23 19:00:00,-10.4,-10.2,,-10.7,,79.0,3.3,6.8,336.0,332.0,1004.3,218.0,0.0,,90.0
2025-03-23 20:00:00,-9.8,-9.6,,-10.2,,78.0,5.6,8.3,345.0,341.0,1003.2,245.0,0.0,,0.0
2025-03-23 21:00:00,-9.5,-9.3,,-9.7,,79.0,5.8,8.1,339.0,341.0,1002.9,131.0,0.0,,0.0
2025-03-23 22:00:00,-9.4,-9.3,,-9.5,,77.0,4.9,7.3,346.0,340.0,1002.1,42.0,0.0,,40.0
2025-03-23 23:00:00,-9.3,-9.2,,-9.4,,75.0,5.6,8.2,347.0,349.0,1001.2,4.0,0.0,,0.0
2025-03-24 00:00:00,-9.1,-9.1,,-9.2,,74.0,6.4,8.5,355.0,354.0,1000.2,1.0,0.0,,90.0
2025-03-24 01:00:00,-9.1,-9.0,,-9.2,,78.0,6.8,9.3,350.0,354.0,999.1,1.0,0.0,,0.0
2025-03-24 02:00:00,-8.9,-8.8,,-9.1,,75.0,6.8,9.3,344.0,347.0,997.9,1.0,0.0,,10.0
2025-03-24 03:00:00,-8.7,-8.6,,-8.9,,70.0,6.9,9.5,343.0,342.0,996.9,1.0,0.0,,10.0
2025-03-24 04:00:00,-8.5,-8.4,,-8.7,,68.0,5.7,8.3,351.0,347.0,996.0,1.0,0.0,,40.0
2025-03-24 05:00:00,-8.5,-8.4,,-8.7,,70.0,5.0,7.3,340.0,350.0,995.1,1.0,0.0,,90.0
2025-03-24 06:00:00,-8.5,-8.3,-8.3,-8.7,-10.7,74.0,4.0,6.5,301.0,315.0,994.5,1.0,0.0,0.0,10.0
2025-03-24 07:00:00,-8.8,-8.6,,-9.0,,79.0,4.5,7.0,273.0,286.0,994.0,1.0,0.0,,0.0
2025-03-24 08:00:00,-9.4,-9.0,,-9.9,,86.0,2.7,6.4,211.0,251.0,994.4,1.0,0.0,,60.0
2025-03-24 09:00:00,-10.4,-9.7,,-11.4,,85.0,2.6,3.7,212.0,205.0,994.8,2.0,0.0,,10.0
2025-03-24 10:00:00,-10.8,-10.1,,-11.7,,87.0,2.7,4.0,180.0,197.0,995.1,15.0,0.0,,10.0
2025-03-24 11:00:00,-11.2,-10.6,,-11.6,,89.0,4.3,5.1,180.0,187.0,995.3,101.0,0.0,,0.0
2025-03-24 12:00:00,-10.3,-9.7,,-11.1,,87.0,5.1,7.0,173.0,183.0,995.5,215.0,0.0,,0.0
2025-03-24 13:00:00,-10.2,-10.0,,-10.6,,85.0,6.2,7.9,176.0,172.0,996.1,284.0,0.0,,0.0
2025-03-24 14:00:00,-10.1,-10.0,,-10.4,,85.0,5.4,6.8,170.0,175.0,996.6,350.0,0.0,,0.0
2025-03-24 15:00:00,-10.1,-9.9,,-10.2,,85.0,4.9,6.4,179.0,174.0,997.2,354.0,0.0,,40.0
2025-03-24 16:00:00,-9.5,-8.8,,-9.9,,83.0,2.6,5.1,174.0,185.0,997.6,295.0,0.0,,90.0
2025-03-24 17:00:00,-8.5,-8.1,,-9.0,,79.0,0.7,1.8,77.0,116.0,997.9,243.0,0.0,,90.0
2025-03-24 18:00:00,-7.3,-7.1,-7.1,-8.2,-11.7,71.0,0.6,1.7,40.0,38.0,998.6,217.0,0.0,,90.0
2025-03-24 19:00:00,-7.1,-7.0,,-7.2,,69.0,1.5,2.8,51.0,46.0,999.3,178.0,0.0,,90.0
2025-03-24 20:00:00,-7.5,-7.2,,-7.7,,75.0,2.4,3.8,52.0,45.0,999.8,123.0,0.0,,90.0
2025-03-24 21:00:00,-7.7,-7.6,,-7.8,,81.0,1.7,2.9,32.0,40.0,1000.4,84.0,0.0,,90.0
2025-03-24 22:00:00,-7.8,-7.6,,-8.0,,81.0,2.0,2.9,30.0,36.0,1001.0,38.0,0.0,,60.0
2025-03-24 23:00:00,-7.9,-7.7,,-8.6,,79.0,1.7,2.9,77.0,49.0,1001.5,4.0,0.0,,100.0
2025-03-25 00:00:00,-8.5,-8.4,,-8.7,,81.0,0.7,1.3,76.0,84.0,1001.7,1.0,0.0,,100.0
2025-03-25 01:00:00,-8.6,-8.5,,-8.7,,82.0,0.9,1.9,82.0,76.0,1002.1,1.0,0.0,,90.0
2025-03-25 02:00:00,-8.8,-8.4,,-9.2,,82.0,0.0,1.1,0.0,0.0,1002.4,1.0,0.0,,100.0
2025-03-25 03:00:00,-8.7,-8.1,,-8.9,,82.0,0.5,2.2,49.0,69.0,1002.4,1.0,0.0,,90.0
2025-03-25 04:00:00,-8.3,-7.9,,-8.8,,82.0,2.1,3.7,42.0,48.0,1002.3,1.0,0.0,,90.0
2025-03-25 05:00:00,-7.9,-7.7,,-8.2,,83.0,3.9,6.0,34.0,34.0,1002.3,1.0,0.0,,90.0
2025-03-25 06:00:00,-7.9,-7.7,-7.0,-8.1,-9.2,79.0,4.5,6.6,29.0,34.0,1002.3,1.0,0.0,0.0,90.0
2025-03-25 07:00:00,-7.9,-7.7,,-8.0,,80.0,5.9,8.1,28.0,28.0,1002.3,1.0,0.0,,90.0
2025-03-25 08:00:00,-7.9,-7.8,,-8.0,,81.0,6.3,8.5,24.0,25.0,1002.2,1.0,0.0,,90.0
2025-03-25 09:00:00,-7.9,-7.8,,-7.9,,81.0,7.2,10.0,24.0,25.0,1002.1,2.0,0.0,,90.0
2025-03-25 10:00:00,-7.8,-7.7,,-8.0,,81.0,6.3,9.3,25.0,20.0,1002.0,15.0,0.0,,90.0
2025-03-25 11:00:00,-7.7,-7.6,,-7.8,,82.0,6.6,9.1,26.0,25.0,1001.9,50.0,0.0,,90.0
2025-03-25 12:00:00,-7.7,-7.5,,-7.8,,82.0,5.4,7.4,15.0,10.0,1001.7,104.0,0.0,,90.0
2025-03-25 13:00:00,-7.2,-7.0,,-7.5,,73.0,6.8,9.6,28.0,25.0,1001.6,221.0,0.0,,60.0
2025-03-25 14:00:00,-7.1,-6.9,,-7.4,,72.0,5.9,8.8,355.0,6.0,1001.6,243.0,0.1,,60.0
2025-03-25 15:00:00,-7.0,-6.7,,-7.2,,71.0,5.8,8.2,3.0,360.0,1001.4,303.0,0.0,,90.0
2025-03-25 16:00:00,-6.5,-6.2,,-6.8,,70.0,3.1,5.6,299.0,319.0,1001.1,361.0,0.0,,90.0
2025-03-25 17:00:00,-6.1,-5.9,,-6.2,,72.0,3.1,6.5,357.0,332.0,1001.1,409.0,0.0,,90.0
2025-03-25 18:00:00,-6.1,-5.7,-5.6,-6.3,-8.0,69.0,1.4,4.0,314.0,356.0,1001.0,336.0,0.0,,40.0
2025-03-25 19:00:00,-5.8,-5.4,,-6.0,,67.0,0.5,2.2,0.0,58.0,1001.1,320.0,0.0,,90.0
2025-03-25 20:00:00,-5.7,-4.8,,-6.2,,66.0,0.0,1.1,170.0,0.0,1001.5,213.0,0.0,,90.0
2025-03-25 21:00:00,-6.7,-6.2,,-7.2,,71.0,1.6,2.7,206.0,194.0,1001.6,118.0,0.0,,
2025-03-25 22:00:00,-7.4,-7.0,,-7.7,,78.0,2.1,2.9,197.0,198.0,1002.0,21.0,0.0,,100.0
2025-03-25 23:00:00,-7.4,-7.2,,-7.7,,83.0,2.0,3.3,185.0,184.0,1002.2,3.0,0.0,,100.0
2025-03-26 00:00:00,-8.0,-7.4,,-8.7,,83.0,2.7,3.1,180.0,183.0,1002.5,1.0,0.0,,90.0
2025-03-26 01:00:00,-8.5,-7.9,,-9.4,,80.0,3.1,4.7,176.0,174.0,1002.7,1.0,0.0,,90.0
2025-03-26 02:00:00,-9.1,-8.6,,-9.3,,87.0,3.7,4.3,170.0,173.0,1003.0,1.0,0.0,,100.0
2025-03-26 03:00:00,-8.2,-7.9,,-8.7,,83.0,4.1,6.2,170.0,166.0,1003.1,1.0,0.0,,100.0
2025-03-26 04:00:00,-8.4,-8.1,,-8.8,,84.0,3.8,5.5,177.0,169.0,1003.4,1.0,0.0,,90.0
2025-03-26 05:00:00,-8.5,-8.2,,-8.8,,87.0,3.0,4.1,184.0,184.0,1003.5,1.0,0.0,,100.0
2025-03-26 06:00:00,-7.6,-7.5,-4.8,-8.2,-9.4,88.0,2.1,3.9,259.0,255.0,1003.7,1.0,0.0,0.1,100.0
2025-03-26 07:00:00,-8.0,-7.6,,-8.4,,86.0,1.5,2.9,220.0,252.0,1004.0,1.0,0.1,,90.0
2025-03-26 08:00:00,-8.7,-8.3,,-9.0,,89.0,2.3,3.4,202.0,203.0,1004.2,1.0,0.1,,100.0
2025-03-26 09:00:00,-9.1,-8.9,,-9.3,,89.0,2.7,4.0,214.0,211.0,1004.5,2.0,0.0,,100.0
2025-03-26 10:00:00,-9.4,-9.2,,-9.8,,88.0,2.7,3.5,198.0,208.0,1004.7,12.0,0.1,,100.0
2025-03-26 11:00:00,-10.0,-9.7,,-10.3,,88.0,2.3,3.7,185.0,194.0,1004.7,44.0,0.0,,100.0
2025-03-26 12:00:00,-10.0,-9.6,,-10.3,,87.0,1.6,2.3,209.0,198.0,1004.8,88.0,0.0,,90.0
2025-03-26 13:00:00,-9.4,-9.1,,-9.6,,84.0,1.8,2.6,215.0,210.0,1004.9,171.0,0.0,,100.0
2025-03-26 14:00:00,-9.2,-9.1,,-9.3,,83.0,2.0,2.7,198.0,198.0,1004.9,257.0,0.0,,100.0
2025-03-26 15:00:00,-9.0,-8.9,,-9.2,,81.0,1.9,3.2,224.0,234.0,1004.8,256.0,0.0,,100.0
2025-03-26 16:00:00,-8.9,-8.7,,-9.1,,78.0,2.0,2.8,221.0,212.0,1004.5,328.0,0.0,,90.0
2025-03-26 17:00:00,-8.8,-8.7,,-8.9,,80.0,1.5,2.2,203.0,204.0,1004.3,272.0,0.0,,100.0
2025-03-26 18:00:00,-8.6,-8.4,-7.6,-8.8,-10.3,79.0,1.0,2.1,193.0,200.0,1004.3,252.0,0.0,,100.0
2025-03-26 19:00:00,-8.6,-8.5,,-8.7,,81.0,1.3,2.3,267.0,235.0,1004.4,175.0,0.0,,100.0
2025-03-26 20:00:00,-8.6,-8.5,,-8.7,,80.0,0.9,2.2,240.0,259.0,1004.6,122.0,0.0,,100.0
2025-03-26 21:00:00,-8.8,-8.7,,-8.9,,80.0,1.0,2.3,173.0,183.0,1004.7,58.0,0.0,,100.0
2025-03-26 22:00:00,-8.9,-8.9,,-9.0,,82.0,0.9,1.5,181.0,183.0,1004.9,20.0,0.0,,100.0
2025-03-26 23:00:00,-9.0,-8.9,,-9.0,,82.0,1.0,2.9,188.0,201.0,1004.9,3.0,0.0,,100.0
2025-03-27 00:00:00,-9.1,-9.0,,-9.1,,83.0,1.0,2.1,136.0,161.0,1004.9,1.0,0.0,,100.0
2025-03-27 01:00:00,-9.1,-9.0,,-9.1,,83.0,0.7,2.2,187.0,165.0,1005.0,1.0,0.0,,100.0
2025-03-27 02:00:00,-9.1,-9.0,,-9.1,,82.0,1.3,2.9,256.0,216.0,1005.1,1.0,0.0,,100.0
2025-03-27 03:00:00,-9.2,-9.1,,-9.3,,81.0,1.0,2.4,201.0,207.0,1005.3,1.0,0.0,,100.0
2025-03-27 04:00:00,-9.3,-9.2,,-9.4,,81.0,1.2,3.0,196.0,206.0,1005.5,1.0,0.0,,100.0
2025-03-27 05:00:00,-9.5,-9.4,,-9.7,,81.0,2.0,3.7,168.0,169.0,1005.7,1.0,0.0,,100.0
2025-03-27 06:00:00,-9.6,-9.5,-8.5,-9.7,-9.7,82.0,1.5,3.3,189.0,179.0,1005.9,1.0,0.0,0.3,100.0
2025-03-27 07:00:00,-9.6,-9.6,,-9.7,,82.0,2.4,3.9,167.0,174.0,1006.4,1.0,0.0,,100.0
2025-03-27 08:00:00,-9.8,-9.7,,-9.9,,83.0,2.6,3.6,178.0,170.0,1006.7,1.0,0.0,,100.0
2025-03-27 09:00:00,-9.9,-9.9,,-10.0,,83.0,2.4,3.7,174.0,171.0,1007.1,2.0,0.0,,100.0
2025-03-27 10:00:00,-10.1,-9.9,,-10.2,,84.0,2.2,3.7,207.0,202.0,1007.5,10.0,0.0,,100.0
2025-03-27 11:00:00,-10.2,-10.1,,-10.3,,85.0,3.2,4.2,202.0,192.0,1007.9,34.0,0.0,,100.0
2025-03-27 12:00:00,-10.4,-10.3,,-10.4,,84.0,3.7,4.7,191.0,195.0,1008.2,77.0,0.0,,100.0
2025-03-27 13:00:00,-10.3,-10.2,,-10.4,,83.0,3.8,4.8,189.0,195.0,1008.6,128.0,0.0,,100.0
2025-03-27 14:00:00,-10.2,-10.1,,-10.2,,82.0,3.7,4.4,193.0,194.0,1008.8,186.0,0.0,,100.0
2025-03-27 15:00:00,-10.1,-9.9,,-10.2,,80.0,3.6,4.5,208.0,198.0,1009.0,223.0,0.0,,100.0
2025-03-27 16:00:00,-9.9,-9.7,,-10.0,,79.0,2.9,3.9,200.0,201.0,1009.2,278.0,0.0,,100.0
2025-03-27 17:00:00,-9.8,-9.6,,-9.9,,78.0,3.1,4.5,239.0,218.0,1009.6,310.0,0.0,,100.0
2025-03-27 18:00:00,-10.1,-9.8,-9.6,-10.2,-10.4,77.0,3.1,5.1,205.0,199.0,1009.9,225.0,0.0,,100.0
2025-03-27 19:00:00,-10.4,-10.1,,-10.7,,78.0,3.4,4.8,188.0,189.0,1010.3,163.0,0.0,,100.0
2025-03-27 20:00:00,-10.8,-10.6,,-10.9,,79.0,3.1,4.9,214.0,196.0,1010.6,111.0,0.0,,100.0
2025-03-27 21:00:00,-11.1,-10.8,,-11.3,,80.0,2.5,5.5,220.0,228.0,1010.7,65.0,0.0,,100.0
2025-03-27 22:00:00,-11.5,-11.3,,-11.8,,81.0,2.7,5.8,190.0,216.0,1010.9,25.0,0.0,,90.0
2025-03-27 23:00:00,-12.0,-11.8,,-12.2,,82.0,3.0,4.6,186.0,190.0,1011.3,4.0,0.0,,100.0
2025-03-28 00:00:00,-12.3,-12.2,,-12.5,,83.0,3.2,4.7,192.0,183.0,1011.5,1.0,0.0,,90.0
2025-03-28 01:00:00,-12.6,-12.5,,-12.7,,85.0,3.0,4.9,185.0,182.0,1011.5,1.0,0.0,,90.0
2025-03-28 02:00:00,-12.6,-12.5,,-12.7,,85.0,2.8,4.4,192.0,189.0,1011.5,1.0,0.0,,90.0
2025-03-28 03:00:00,-12.6,-12.5,,-12.7,,85.0,1.0,2.2,218.0,204.0,1011.3,1.0,0.0,,100.0
2025-03-28 04:00:00,-12.4,-12.4,,-12.5,,85.0,0.6,1.5,189.0,228.0,1011.2,1.0,0.0,,100.0
2025-03-28 05:00:00,-12.5,-12.4,,-12.6,,87.0,2.0,3.1,201.0,194.0,1011.1,1.0,0.0,,100.0
2025-03-28 06:00:00,-12.6,-12.5,-10.1,-12.6,-12.7,87.0,1.9,3.1,217.0,208.0,1010.9,1.0,0.0,0.0,100.0
2025-03-28 07:00:00,-12.5,-12.5,,-12.6,,86.0,1.5,2.2,192.0,199.0,1011.0,1.0,0.0,,90.0
2025-03-28 08:00:00,-12.6,-12.5,,-12.7,,86.0,2.6,3.8,193.0,188.0,1010.9,1.0,0.0,,100.0
2025-03-28 09:00:00,-12.7,-12.7,,-12.8,,86.0,2.0,2.7,197.0,201.0,1010.9,2.0,0.0,,100.0
2025-03-28 10:00:00,-12.7,-12.6,,-12.8,,85.0,2.4,3.0,193.0,192.0,1010.8,15.0,0.0,,100.0
2025-03-28 11:00:00,-12.4,-12.3,,-12.6,,84.0,2.0,3.1,187.0,195.0,1010.7,53.0,0.0,,100.0
2025-03-28 12:00:00,-12.2,-12.1,,-12.3,,81.0,2.1,2.8,198.0,183.0,1010.4,99.0,0.0,,100.0
2025-03-28 13:00:00,-11.9,-11.7,,-12.1,,79.0,2.6,3.8,206.0,201.0,1010.2,149.0,0.0,,100.0
2025-03-28 14:00:00,-11.5,-11.4,,-11.7,,78.0,2.7,4.0,206.0,208.0,1010.1,178.0,0.0,,100.0
2025-03-28 15:00:00,-11.3,-11.2,,-11.4,,76.0,1.7,2.9,192.0,205.0,1009.9,205.0,0.0,,100.0
2025-03-28 16:00:00,-11.1,-11.0,,-11.2,,76.0,1.9,2.8,204.0,201.0,1009.6,228.0,0.0,,100.0
2025-03-28 17:00:00,-11.0,-10.8,,-11.1,,76.0,2.4,3.7,233.0,220.0,1009.4,307.0,0.0,,100.0
2025-03-28 18:00:00,-10.8,-10.6,-10.6,-11.0,-12.8,77.0,2.3,4.2,268.0,250.0,1009.3,285.0,0.0,,100.0
2025-03-28 19:00:00,-10.8,-10.7,,-10.9,,79.0,2.0,3.9,261.0,267.0,1009.5,211.0,0.0,,100.0
2025-03-28 20:00:00,-10.9,-10.8,,-10.9,,80.0,2.1,3.4,264.0,261.0,1009.8,115.0,0.0,,100.0
2025-03-28 21:00:00,-10.8,-10.7,,-10.9,,81.0,2.0,3.8,268.0,266.0,1010.0,58.0,0.0,,100.0
2025-03-28 22:00:00,-10.6,-10.4,,-10.7,,82.0,2.0,3.8,261.0,266.0,1010.2,21.0,0.0,,100.0
2025-03-28 23:00:00,-10.4,-10.3,,-10.5,,81.0,1.6,3.2,259.0,261.0,1010.4,5.0,0.0,,100.0
2025-03-29 00:00:00,-10.3,-10.3,,-10.4,,81.0,1.6,3.5,274.0,262.0,1010.6,1.0,0.0,,100.0
2025-03-29 01:00:00,-10.3,-10.2,,-10.3,,80.0,1.9,3.4,269.0,266.0,1010.7,1.0,0.0,,100.0
2025-03-29 02:00:00,-10.2,-10.2,,-10.3,,80.0,2.2,3.8,263.0,264.0,1010.9,1.0,0.0,,100.0
2025-03-29 03:00:00,-10.2,-10.2,,-10.4,,80.0,2.3,3.8,206.0,234.0,1011.0,1.0,0.0,,100.0
2025-03-29 04:00:00,-10.3,-10.2,,-10.4,,82.0,3.0,4.2,210.0,214.0,1011.2,1.0,0.0,,100.0
2025-03-29 05:00:00,-10.3,-10.2,,-10.4,,80.0,3.3,4.5,205.0,208.0,1011.6,1.0,0.0,,100.0
2025-03-29 06:00:00,-10.2,-10.1,-10.1,-10.3,-10.9,80.0,3.9,5.5,197.0,204.0,1011.9,1.0,0.0,0.0,100.0
2025-03-29 07:00:00,-10.3,-10.1,,-10.5,,85.0,4.3,5.3,183.0,187.0,1012.3,1.0,0.0,,100.0
2025-03-29 08:00:00,-10.5,-10.4,,-10.6,,86.0,5.4,6.9,166.0,177.0,1012.7,1.0,0.1,,100.0
2025-03-29 09:00:00,-10.7,-10.5,,-10.7,,86.0,5.4,6.5,168.0,169.0,1013.3,2.0,0.0,,100.0
2025-03-29 10:00:00,-10.7,-10.5,,-10.7,,87.0,4.6,5.8,173.0,169.0,1013.7,11.0,0.0,,100.0
2025-03-29 11:00:00,-9.8,-8.7,,-10.6,,82.0,3.3,6.8,299.0,233.0,1014.0,20.0,0.0,,100.0
2025-03-29 12:00:00,-8.8,-8.7,,-9.0,,73.0,4.5,7.6,286.0,282.0,1014.4,36.0,0.0,,100.0
2025-03-29 13:00:00,-8.8,-8.7,,-8.9,,72.0,4.8,7.7,280.0,281.0,1015.1,109.0,0.0,,100.0
2025-03-29 14:00:00,-8.8,-8.7,,-9.0,,76.0,4.8,7.6,273.0,276.0,1015.5,148.0,0.0,,100.0
2025-03-29 15:00:00,-9.1,-8.9,,-9.2,,79.0,4.9,8.0,274.0,272.0,1015.8,154.0,0.0,,100.0
2025-03-29 16:00:00,-9.0,-8.9,,-9.2,,79.0,5.0,7.8,280.0,277.0,1015.9,176.0,0.0,,90.0
2025-03-29 17:00:00,-9.0,-8.9,,-9.1,,80.0,5.5,8.7,290.0,286.0,1016.3,198.0,0.0,,100.0
2025-03-29 18:00:00,-9.0,-8.9,-8.7,-9.1,-10.7,80.0,5.5,9.2,292.0,289.0,1016.5,181.0,0.0,,100.0
2025-03-29 19:00:00,-9.0,-8.8,,-9.1,,78.0,5.2,8.4,291.0,293.0,1016.9,173.0,0.0,,100.0
2025-03-29 20:00:00,-9.1,-9.0,,-9.3,,73.0,4.9,8.2,296.0,294.0,1017.2,161.0,0.0,,100.0
2025-03-29 21:00:00,-9.3,-9.1,,-9.4,,69.0,4.6,7.6,276.0,286.0,1017.5,98.0,0.0,,100.0
2025-03-29 22:00:00,-9.5,-9.3,,-9.6,,70.0,4.3,7.0,276.0,275.0,1017.7,37.0,0.0,,100.0
2025-03-29 23:00:00,-9.6,-9.5,,-9.7,,71.0,4.0,6.8,274.0,278.0,1017.7,7.0,0.0,,100.0
2025-03-30 00:00:00,-9.7,-9.7,,-9.8,,71.0,3.6,6.3,288.0,283.0,1017.8,1.0,0.0,,90.0
2025-03-30 01:00:00,-9.9,-9.7,,-10.0,,72.0,3.5,5.8,291.0,282.0,1017.6,1.0,0.0,,90.0
2025-03-30 02:00:00,-9.9,-9.9,,-10.0,,73.0,3.4,5.8,306.0,304.0,1017.5,1.0,0.0,,90.0
2025-03-30 03:00:00,-10.1,-9.9,,-10.2,,74.0,3.3,5.8,299.0,296.0,1017.1,1.0,0.0,,90.0
2025-03-30 04:00:00,-10.3,-10.2,,-10.4,,76.0,2.8,5.4,306.0,303.0,1016.8,1.0,0.0,,90.0
2025-03-30 05:00:00,-10.6,-10.3,,-10.8,,74.0,2.3,4.2,263.0,268.0,1016.3,1.0,0.0,,100.0
2025-03-30 06:00:00,-10.8,-10.7,-8.8,-11.1,-11.1,74.0,2.0,4.1,262.0,262.0,1016.0,1.0,0.0,0.1,90.0
2025-03-30 07:00:00,-11.6,-11.0,,-12.6,,76.0,1.5,2.9,236.0,252.0,1015.4,1.0,0.0,,60.0
2025-03-30 08:00:00,-12.4,-11.9,,-12.7,,83.0,1.5,2.6,212.0,223.0,1015.0,1.0,0.0,,90.0
2025-03-30 09:00:00,-12.4,-12.1,,-12.6,,83.0,2.2,3.7,189.0,185.0,1014.7,3.0,0.0,,90.0
2025-03-30 10:00:00,-12.3,-12.0,,-12.7,,81.0,2.9,3.8,209.0,210.0,1014.4,26.0,0.0,,0.0
2025-03-30 11:00:00,-12.6,-12.2,,-12.9,,81.0,2.7,3.7,171.0,182.0,1014.0,82.0,0.0,,0.0
2025-03-30 12:00:00,-12.4,-12.0,,-12.6,,81.0,2.6,3.1,166.0,174.0,1013.6,165.0,0.0,,10.0
2025-03-30 13:00:00,-11.6,-11.3,,-12.0,,78.0,1.8,2.9,160.0,160.0,1013.2,270.0,0.0,,60.0
2025-03-30 14:00:00,-11.2,-10.9,,-11.4,,78.0,1.9,2.8,171.0,154.0,1012.6,352.0,0.0,,0.0
2025-03-30 15:00:00,-10.5,-9.9,,-10.9,,72.0,1.2,2.2,159.0,150.0,1012.1,439.0,0.0,,40.0
2025-03-30 16:00:00,-10.2,-9.4,,-10.5,,70.0,0.5,1.1,0.0,177.0,1011.5,506.0,0.0,,10.0
2025-03-30 17:00:00,-9.5,-9.1,,-9.9,,67.0,0.4,1.1,106.0,118.0,1011.0,508.0,0.0,,10.0
2025-03-30 18:00:00,-9.6,-9.2,-9.1,-10.1,-12.9,68.0,0.5,1.0,0.0,154.0,1010.5,452.0,0.0,,10.0
2025-03-30 19:00:00,-9.9,-9.4,,-10.3,,71.0,0.6,1.6,192.0,180.0,1010.3,372.0,0.0,,60.0
2025-03-30 20:00:00,-10.5,-10.3,,-10.6,,75.0,1.4,2.0,198.0,188.0,1010.4,187.0,0.0,,100.0
2025-03-30 21:00:00,-10.3,-10.2,,-10.6,,76.0,1.0,2.1,182.0,182.0,1010.2,88.0,0.0,,100.0
2025-03-30 22:00:00,-10.4,-10.3,,-10.7,,78.0,2.4,3.6,156.0,171.0,1010.1,26.0,0.0,,100.0
2025-03-30 23:00:00,-10.6,-10.3,,-11.0,,79.0,3.2,4.5,177.0,172.0,1009.9,5.0,0.0,,100.0
2025-03-31 00:00:00,-11.1,-11.0,,-11.2,,79.0,3.2,4.2,168.0,177.0,1009.7,1.0,0.0,,100.0
2025-03-31 01:00:00,-11.3,-11.0,,-11.5,,80.0,2.9,4.5,222.0,194.0,1009.9,1.0,0.0,,90.0
2025-03-31 02:00:00,-10.2,-10.0,,-11.0,,73.0,3.9,6.6,311.0,314.0,1010.0,1.0,0.0,,100.0
2025-03-31 03:00:00,-10.3,-10.2,,-10.4,,67.0,4.1,7.4,283.0,294.0,1009.9,1.0,0.0,,100.0
2025-03-31 04:00:00,-10.6,-10.4,,-10.8,,65.0,4.6,7.7,287.0,292.0,1009.7,1.0,0.0,,100.0
2025-03-31 05:00:00,-11.0,-10.8,,-11.2,,66.0,4.4,6.9,274.0,276.0,1009.7,1.0,0.0,,100.0
2025-03-31 06:00:00,-11.3,-11.1,-9.4,-11.4,-11.5,71.0,3.1,6.0,258.0,265.0,1009.7,1.0,0.0,0.0,100.0
2025-03-31 07:00:00,-11.4,-11.3,,-11.5,,79.0,2.6,4.8,268.0,262.0,1010.0,1.0,0.0,,100.0
2025-03-31 08:00:00,-11.6,-11.5,,-11.7,,82.0,3.2,5.6,262.0,262.0,1010.2,1.0,0.0,,100.0
2025-03-31 09:00:00,-11.7,-11.6,,-11.8,,77.0,2.4,4.2,261.0,262.0,1010.4,4.0,0.0,,100.0
2025-03-31 10:00:00,-11.5,-11.4,,-11.6,,78.0,2.2,4.4,258.0,262.0,1010.5,21.0,0.0,,100.0
2025-03-31 11:00:00,-11.5,-11.4,,-11.5,,78.0,2.6,4.6,261.0,263.0,1010.7,52.0,0.0,,90.0
2025-03-31 12:00:00,-11.5,-11.4,,-11.6,,79.0,3.0,4.9,262.0,261.0,1010.9,86.0,0.0,,100.0
2025-03-31 13:00:00,-11.4,-11.3,,-11.5,,78.0,2.8,4.6,265.0,263.0,1010.9,135.0,0.0,,100.0
2025-03-31 14:00:00,-11.4,-11.3,,-11.5,,78.0,2.9,4.7,259.0,261.0,1011.0,181.0,0.0,,100.0
2025-03-31 15:00:00,-11.4,-11.3,,-11.6,,77.0,2.7,4.7,258.0,261.0,1011.1,229.0,0.0,,100.0
2025-03-31 16:00:00,-11.3,-11.1,,-11.5,,75.0,2.9,4.8,262.0,262.0,1010.8,273.0,0.0,,100.0
2025-03-31 17:00:00,-11.1,-10.8,,-11.4,,73.0,2.7,4.7,260.0,263.0,1010.5,295.0,0.0,,100.0
2025-03-31 18:00:00,-10.7,-10.5,-10.5,-10.9,-11.8,69.0,2.7,4.7,259.0,263.0,1010.3,355.0,0.0,,100.0
2025-03-31 19:00:00,-10.8,-10.3,,-11.1,,74.0,3.0,5.3,259.0,261.0,1010.4,247.0,0.0,,100.0
2025-03-31 20:00:00,-11.3,-11.1,,-11.4,,80.0,3.3,6.1,259.0,261.0,1010.7,110.0,0.0,,90.0
2025-03-31 21:00:00,-11.5,-11.4,,-11.7,,81.0,3.7,6.2,258.0,259.0,1010.8,61.0,0.0,,100.0
2025-03-31 22:00:00,-11.8,-11.7,,-11.8,,82.0,3.2,5.1,263.0,259.0,1010.8,26.0,0.0,,100.0
2025-03-31 23:00:00,-11.9,-11.8,,-12.0,,81.0,3.2,5.3,261.0,260.0,1010.9,5.0,0.0,,100.0
2025-04-01 00:00:00,-12.0,-12.0,,-12.0,,80.0,3.0,5.4,264.0,264.0,1010.8,1.0,0.0,,100.0
2025-04-01 01:00:00,-12.1,-12.0,,-12.1,,78.0,2.9,5.0,271.0,265.0,1010.9,1.0,0.0,,100.0
2025-04-01 02:00:00,-12.1,-12.1,,-12.1,,78.0,3.2,5.1,271.0,243.0,1010.9,1.0,0.0,,100.0
2025-04-01 03:00:00,-12.1,-12.1,,-12.1,,80.0,3.4,5.3,241.0,245.0,1010.9,1.0,0.0,,100.0
2025-04-01 04:00:00,-12.1,-12.1,,-12.2,,80.0,3.1,4.9,237.0,249.0,1011.0,1.0,0.0,,90.0
2025-04-01 05:00:00,-12.3,-12.2,,-12.4,,81.0,3.5,5.4,232.0,237.0,1011.1,1.0,0.0,,100.0
2025-04-01 06:00:00,-12.4,-12.4,-10.3,-12.5,-12.5,81.0,3.6,5.3,226.0,228.0,1011.3,1.0,0.0,0.0,100.0
2025-04-01 07:00:00,-12.4,-12.4,,-12.5,,81.0,4.1,6.1,222.0,225.0,1011.7,1.0,0.0,,100.0
2025-04-01 08:00:00,-12.5,-12.4,,-12.5,,81.0,4.6,6.1,212.0,213.0,1011.9,1.0,0.0,,100.0
2025-04-01 09:00:00,-12.4,-12.4,,-12.4,,79.0,4.7,5.9,211.0,210.0,1012.3,3.0,0.0,,100.0
2025-04-01 10:00:00,-12.4,-12.3,,-12.4,,79.0,5.5,7.2,207.0,209.0,1012.8,13.0,0.0,,100.0
2025-04-01 11:00:00,-12.2,-12.1,,-12.3,,80.0,5.9,7.5,205.0,204.0,1013.3,39.0,0.0,,100.0
2025-04-01 12:00:00,-11.9,-11.7,,-12.1,,81.0,3.9,7.0,265.0,253.0,1013.6,60.0,0.0,,90.0
2025-04-01 13:00:00,-11.8,-11.7,,-12.0,,78.0,4.3,6.8,269.0,270.0,1014.1,92.0,0.0,,90.0
2025-04-01 14:00:00,-11.8,-11.7,,-12.0,,76.0,3.8,6.4,273.0,272.0,1014.7,155.0,0.0,,100.0
2025-04-01 15:00:00,-11.7,-11.5,,-11.8,,76.0,3.3,6.2,289.0,285.0,1015.1,191.0,0.0,,100.0
2025-04-01 16:00:00,-11.5,-11.3,,-11.6,,74.0,2.7,5.0,285.0,288.0,1015.3,208.0,0.0,,90.0
2025-04-01 17:00:00,-11.3,-11.2,,-11.4,,71.0,2.2,4.7,265.0,278.0,1015.5,207.0,0.0,,90.0
2025-04-01 18:00:00,-11.3,-11.1,-11.1,-11.4,-12.5,71.0,1.6,4.3,261.0,268.0,1015.8,169.0,0.0,,90.0
2025-04-01 19:00:00,-11.2,-11.0,,-11.3,,73.0,2.0,3.6,260.0,264.0,1016.2,179.0,0.0,,100.0
2025-04-01 20:00:00,-11.3,-11.1,,-11.4,,72.0,1.8,3.5,270.0,264.0,1016.8,119.0,0.0,,100.0
2025-04-01 21:00:00,-11.4,-11.3,,-11.4,,73.0,1.6,2.9,273.0,262.0,1017.3,72.0,0.0,,100.0
2025-04-01 22:00:00,-11.5,-11.4,,-11.9,,75.0,1.6,2.4,193.0,225.0,1017.7,39.0,0.0,,100.0
2025-04-01 23:00:00,-11.9,-11.8,,-12.1,,79.0,2.8,4.3,187.0,185.0,1017.9,6.0,0.0,,100.0
2025-04-02 00:00:00,-12.1,-12.0,,-12.2,,80.0,2.7,3.2,181.0,180.0,1018.0,1.0,0.0,,100.0
2025-04-02 01:00:00,-12.0,-12.0,,-12.1,,80.0,2.2,2.9,178.0,180.0,1018.1,1.0,0.0,,100.0
2025-04-02 02:00:00,-12.0,-11.8,,-12.1,,80.0,2.0,2.5,190.0,187.0,1018.2,1.0,0.0,,100.0
2025-04-02 03:00:00,-11.7,-11.4,,-11.9,,75.0,1.6,2.1,216.0,206.0,1018.2,1.0,0.1,,100.0
2025-04-02 04:00:00,-11.8,-11.5,,-12.1,,74.0,2.1,3.7,172.0,189.0,1018.3,1.0,0.0,,100.0
2025-04-02 05:00:00,-12.2,-12.0,,-12.2,,82.0,2.7,3.6,187.0,182.0,1018.2,1.0,0.0,,100.0
2025-04-02 06:00:00,-12.1,-11.9,-11.0,-12.4,-12.4,82.0,2.4,2.9,188.0,185.0,1018.2,1.0,0.0,0.1,100.0
2025-04-02 07:00:00,-12.4,-12.2,,-12.6,,84.0,2.6,3.4,192.0,186.0,1018.3,1.0,0.0,,100.0
2025-04-02 08:00:00,-12.1,-11.8,,-12.3,,82.0,2.2,3.3,242.0,231.0,1018.2,1.0,0.0,,90.0
2025-04-02 09:00:00,-12.3,-11.8,,-12.7,,82.0,2.7,3.6,205.0,204.0,1018.3,4.0,0.0,,100.0
2025-04-02 10:00:00,-12.4,-12.1,,-12.7,,81.0,2.9,4.2,185.0,184.0,1018.0,24.0,0.0,,90.0
2025-04-02 11:00:00,-12.0,-11.7,,-12.2,,81.0,2.9,3.8,180.0,185.0,1017.8,68.0,0.0,,100.0
2025-04-02 12:00:00,-12.3,-12.1,,-12.5,,82.0,3.9,4.6,169.0,173.0,1017.6,109.0,0.0,,100.0
2025-04-02 13:00:00,-12.3,-12.0,,-12.4,,81.0,3.3,4.5,166.0,168.0,1017.5,178.0,0.0,,100.0
2025-04-02 14:00:00,-11.8,-11.4,,-12.1,,79.0,1.9,3.2,86.0,131.0,1017.4,259.0,0.0,,100.0
2025-04-02 15:00:00,-11.7,-11.4,,-11.8,,80.0,2.4,3.4,46.0,60.0,1017.0,279.0,0.0,,90.0
2025-04-02 16:00:00,-11.8,-11.7,,-11.9,,79.0,2.9,3.7,41.0,42.0,1016.6,315.0,0.0,,100.0
2025-04-02 17:00:00,-12.2,-11.8,,-12.5,,76.0,3.2,5.0,39.0,44.0,1016.3,441.0,0.0,,0.0
2025-04-02 18:00:00,-12.2,-11.9,-11.4,-12.5,-12.7,71.0,2.8,5.3,27.0,32.0,1016.3,477.0,0.0,,10.0
2025-04-02 19:00:00,-12.4,-12.1,,-13.2,,73.0,2.7,4.8,67.0,35.0,1016.7,333.0,0.0,,40.0
2025-04-02 20:00:00,-13.1,-12.6,,-13.3,,78.0,0.9,2.6,17.0,85.0,1016.2,160.0,0.0,,90.0
2025-04-02 21:00:00,-12.0,-11.8,,-12.8,,70.0,4.0,6.2,348.0,348.0,1016.4,194.0,0.0,,0.0
2025-04-02 22:00:00,-12.0,-11.8,,-12.2,,71.0,5.4,7.8,349.0,343.0,1016.2,59.0,0.0,,60.0
2025-04-02 23:00:00,-12.2,-12.0,,-12.4,,75.0,5.4,7.2,1.0,3.0,1016.1,24.0,0.0,,60.0
2025-04-03 00:00:00,-12.4,-12.2,,-12.6,,76.0,5.8,8.3,360.0,2.0,1015.6,2.0,0.1,,90.0
2025-04-03 01:00:00,-12.2,-12.1,,-12.3,,69.0,6.9,9.5,349.0,353.0,1015.0,1.0,0.0,,10.0
2025-04-03 02:00:00,-12.4,-12.2,,-12.5,,75.0,6.2,8.4,352.0,349.0,1014.5,1.0,0.0,,0.0
2025-04-03 03:00:00,-12.3,-12.2,,-12.4,,71.0,7.1,10.6,,353.0,1014.0,1.0,0.0,,0.0
2025-04-03 04:00:00,-12.6,-12.4,,-12.7,,73.0,6.5,9.0,353.0,358.0,1013.1,1.0,0.0,,0.0
2025-04-03 05:00:00,-12.3,-12.1,,-12.5,,73.0,6.5,10.3,347.0,349.0,1012.7,1.0,0.0,,0.0
2025-04-03 06:00:00,-12.1,-11.8,-11.8,-12.3,-13.3,71.0,3.4,6.7,307.0,323.0,1011.7,1.0,0.0,0.1,0.0
2025-04-03 07:00:00,-11.6,-11.4,,-11.9,,75.0,3.9,6.9,322.0,307.0,1011.4,1.0,0.0,,0.0
2025-04-03 08:00:00,-11.3,-11.1,,-11.5,,74.0,4.1,6.6,324.0,322.0,1011.4,1.0,0.0,,0.0
2025-04-03 09:00:00,-11.6,-11.3,,-12.0,,78.0,2.7,4.8,330.0,337.0,1010.8,8.0,0.0,,0.0
2025-04-03 10:00:00,-11.0,-10.8,,-11.3,,73.0,3.4,5.0,330.0,333.0,1011.0,65.0,0.0,,0.0
2025-04-03 11:00:00,-10.5,-10.3,,-10.8,,63.0,3.1,5.4,339.0,339.0,1010.7,129.0,0.0,,0.0
2025-04-03 12:00:00,-10.4,-10.2,,-10.7,,60.0,3.8,5.7,6.0,360.0,1009.9,200.0,0.0,,0.0
2025-04-03 13:00:00,-10.3,-10.1,,-10.5,,62.0,3.7,6.6,11.0,9.0,1009.7,299.0,0.0,,0.0
2025-04-03 14:00:00,-10.2,-10.0,,-10.3,,60.0,3.6,6.5,22.0,14.0,1008.9,402.0,0.0,,0.0
2025-04-03 15:00:00,-10.0,-9.8,,-10.2,,61.0,4.2,6.8,3.0,6.0,1008.6,481.0,0.0,,0.0
2025-04-03 16:00:00,-9.4,-8.9,,-9.9,,60.0,3.8,6.2,346.0,355.0,1007.7,543.0,0.0,,0.0
2025-04-03 17:00:00,-8.8,-8.6,,-9.0,,58.0,3.6,6.0,9.0,358.0,1006.9,559.0,0.0,,0.0
2025-04-03 18:00:00,-8.6,-8.5,-8.5,-8.8,-12.0,63.0,2.1,3.8,351.0,8.0,1005.8,516.0,0.0,,0.0
2025-04-03 19:00:00,-8.7,-8.4,,-8.9,,64.0,2.4,4.4,8.0,3.0,1005.1,424.0,0.0,,0.0
2025-04-03 20:00:00,-8.9,-8.7,,-9.5,,69.0,1.3,2.5,2.0,14.0,1004.4,308.0,0.0,,0.0
2025-04-03 21:00:00,-8.9,-8.5,,-9.1,,73.0,0.0,1.6,0.0,0.0,1003.6,201.0,0.0,,0.0
2025-04-03 22:00:00,-8.5,-8.1,,-9.2,,73.0,0.8,4.2,350.0,328.0,1003.0,100.0,0.0,,0.0
2025-04-03 23:00:00,-8.5,-8.3,,-8.6,,76.0,3.7,5.3,350.0,354.0,1002.5,17.0,0.0,,90.0
2025-04-04 00:00:00,-8.1,-8.0,,-8.3,,75.0,1.7,3.7,308.0,332.0,1002.2,1.0,0.0,,40.0
2025-04-04 01:00:00,-8.6,-8.0,,-9.8,,77.0,0.9,2.5,208.0,273.0,1002.8,1.0,0.0,,40.0
2025-04-04 02:00:00,-11.2,-9.8,,-12.3,,84.0,4.6,7.8,173.0,173.0,1003.8,1.0,0.0,,10.0
2025-04-04 03:00:00,-9.5,-7.6,,-12.1,,89.0,6.5,9.3,213.0,188.0,1004.8,1.0,0.0,,90.0
2025-04-04 04:00:00,-7.9,-7.6,,-8.2,,91.0,5.8,8.8,201.0,215.0,1006.3,1.0,0.0,,90.0
2025-04-04 05:00:00,-8.7,-8.2,,-9.3,,90.0,7.8,9.9,192.0,198.0,1007.5,1.0,0.0,,90.0
2025-04-04 06:00:00,-9.8,-9.3,-7.6,-10.3,-12.3,90.0,7.3,9.6,187.0,192.0,1008.8,1.0,0.0,0.0,
2025-04-04 07:00:00,-10.3,-10.2,,-10.5,,89.0,5.5,7.4,197.0,193.0,1009.6,1.0,0.0,,90.0
2025-04-04 08:00:00,-10.7,-10.5,,-10.8,,88.0,4.9,6.6,181.0,186.0,1010.3,1.0,0.0,,90.0
2025-04-04 09:00:00,-10.9,-10.8,,-10.9,,89.0,3.1,5.9,192.0,178.0,1010.8,6.0,0.0,,100.0
2025-04-04 10:00:00,-10.7,-10.4,,-10.9,,88.0,0.9,2.4,0.0,213.0,1010.9,35.0,0.0,,90.0
2025-04-04 11:00:00,-10.7,-10.5,,-11.1,,87.0,1.2,2.3,116.0,145.0,1011.2,84.0,0.0,,60.0
2025-04-04 12:00:00,-10.5,-10.2,,-11.1,,83.0,1.7,2.9,185.0,140.0,1011.9,177.0,0.0,,
2025-04-04 13:00:00,-10.4,-9.4,,-11.1,,85.0,2.4,3.3,231.0,206.0,1012.0,196.0,0.0,,100.0
2025-04-04 14:00:00,-8.7,-8.0,,-9.4,,80.0,2.0,3.7,271.0,259.0,1012.2,434.0,0.0,,90.0
2025-04-04 15:00:00,-8.5,-8.1,,-8.7,,80.0,2.1,4.2,356.0,330.0,1012.4,414.0,0.0,,90.0
2025-04-04 16:00:00,-8.3,-8.1,,-8.5,,82.0,2.1,4.6,359.0,2.0,1012.8,342.0,0.0,,100.0
2025-04-04 17:00:00,-7.9,-7.4,,-8.3,,81.0,0.9,2.9,7.0,22.0,1013.0,315.0,0.0,,100.0
2025-04-04 18:00:00,-8.0,-7.9,-7.4,-8.2,-11.1,82.0,1.6,3.8,308.0,351.0,1013.7,335.0,0.0,,90.0
2025-04-04 19:00:00,-7.8,-7.5,,-8.1,,81.0,0.4,1.9,0.0,47.0,1014.1,334.0,0.0,,60.0
2025-04-04 20:00:00,-7.9,-7.5,,-8.0,,83.0,3.0,7.7,197.0,145.0,1016.0,130.0,0.0,,100.0
2025-04-04 21:00:00,-7.7,-7.3,,-8.0,,85.0,5.8,7.9,221.0,217.0,1017.5,73.0,0.0,,100.0
2025-04-04 22:00:00,-7.8,-7.3,,-8.0,,87.0,4.4,8.3,233.0,258.0,1018.7,41.0,0.0,,90.0
2025-04-04 23:00:00,-7.7,-7.5,,-7.9,,81.0,6.1,12.0,200.0,223.0,1019.7,7.0,0.1,,100.0
2025-04-05 00:00:00,-8.6,-7.6,,-9.1,,79.0,12.3,16.1,209.0,201.0,1020.6,1.0,0.2,,100.0
2025-04-05 01:00:00,-9.4,-9.0,,-9.8,,76.0,9.6,13.7,239.0,220.0,1021.6,1.0,0.0,,90.0
2025-04-05 02:00:00,-9.8,-9.6,,-9.8,,75.0,7.3,11.8,244.0,232.0,1021.9,1.0,0.0,,100.0
2025-04-05 03:00:00,-9.9,-9.8,,-10.0,,76.0,5.1,9.0,245.0,246.0,1022.0,1.0,0.0,,100.0
2025-04-05 04:00:00,-10.1,-10.0,,-10.1,,74.0,5.3,8.9,235.0,229.0,1021.9,1.0,0.0,,100.0
2025-04-05 05:00:00,-10.2,-10.1,,-10.4,,77.0,3.7,6.4,270.0,249.0,1021.6,1.0,0.0,,100.0
2025-04-05 06:00:00,-10.6,-10.4,-7.3,-10.7,-10.7,77.0,3.8,6.1,259.0,260.0,1021.3,1.0,0.0,0.3,100.0
2025-04-05 07:00:00,-10.9,-10.6,,-11.1,,81.0,3.6,5.9,260.0,260.0,1021.0,1.0,0.0,,
2025-04-05 08:00:00,-11.2,-11.1,,-11.2,,83.0,4.0,7.6,273.0,266.0,1020.8,1.0,0.0,,90.0
2025-04-05 09:00:00,-11.3,-11.2,,-11.4,,81.0,4.2,6.6,268.0,273.0,1020.8,4.0,0.0,,100.0
2025-04-05 10:00:00,-11.3,-11.3,,-11.5,,83.0,3.8,6.7,272.0,268.0,1020.6,13.0,0.1,,90.0
2025-04-05 11:00:00,-11.4,-11.3,,-11.5,,84.0,2.9,5.7,262.0,265.0,1020.4,48.0,0.3,,
2025-04-05 12:00:00,-11.3,-11.2,,-11.4,,83.0,3.0,5.3,270.0,269.0,1020.2,98.0,0.3,,90.0
2025-04-05 13:00:00,-11.1,-11.0,,-11.3,,82.0,3.3,5.6,262.0,270.0,1020.1,123.0,0.2,,
2025-04-05 14:00:00,-11.3,-11.1,,-11.7,,82.0,3.8,7.4,229.0,256.0,1020.1,167.0,0.3,,
2025-04-05 15:00:00,-12.0,-11.7,,-12.4,,81.0,5.9,9.4,231.0,229.0,1019.9,195.0,0.1,,
2025-04-05 16:00:00,-12.3,-12.1,,-12.4,,77.0,6.1,8.6,228.0,222.0,1019.5,241.0,0.0,,
2025-04-05 17:00:00,-12.2,-12.0,,-12.4,,72.0,5.3,7.9,233.0,228.0,1019.4,249.0,0.0,,100.0
2025-04-05 18:00:00,-11.8,-11.3,-10.6,-12.0,-12.4,70.0,5.4,8.1,233.0,230.0,1019.4,263.0,0.0,,90.0
2025-04-05 19:00:00,-11.6,-11.4,,-11.7,,71.0,5.1,7.7,239.0,227.0,1019.8,234.0,0.0,,90.0
2025-04-05 20:00:00,-11.6,-11.5,,-11.7,,72.0,5.5,8.2,204.0,217.0,1020.4,183.0,0.0,,90.0
2025-04-05 21:00:00,-11.8,-11.5,,-11.9,,71.0,6.1,8.0,202.0,201.0,1020.9,122.0,0.0,,90.0
2025-04-05 22:00:00,-12.0,-11.9,,-12.1,,72.0,5.8,7.1,196.0,197.0,1021.1,50.0,0.0,,100.0
2025-04-05 23:00:00,-12.2,-12.0,,-12.3,,77.0,4.6,6.4,180.0,184.0,1021.4,12.0,0.0,,90.0
2025-04-06 00:00:00,-12.4,-12.3,,-12.6,,77.0,3.7,5.3,178.0,182.0,1021.8,2.0,0.0,,100.0
2025-04-06 01:00:00,-12.8,-12.5,,-13.2,,74.0,3.7,5.4,185.0,175.0,1022.2,1.0,0.0,,100.0
2025-04-06 02:00:00,-13.2,-12.8,,-13.6,,79.0,4.7,7.1,190.0,175.0,1022.5,1.0,0.1,,90.0
2025-04-06 03:00:00,-13.7,-13.2,,-14.2,,81.0,5.0,6.8,188.0,196.0,1023.1,1.0,0.0,,100.0
2025-04-06 04:00:00,-14.4,-14.2,,-14.7,,81.0,3.7,5.3,154.0,172.0,1023.3,1.0,0.0,,100.0
2025-04-06 05:00:00,-14.7,-14.5,,-14.9,,84.0,3.1,4.6,160.0,157.0,1023.5,1.0,0.0,,100.0
2025-04-06 06:00:00,-14.9,-14.4,-11.4,-15.4,-15.4,83.0,4.2,5.4,139.0,151.0,1024.1,1.0,0.0,1.4,100.0
2025-04-06 07:00:00,-15.6,-15.1,,-16.2,,81.0,3.9,5.7,158.0,153.0,1024.4,1.0,0.0,,0.0
2025-04-06 08:00:00,-16.4,-15.3,,-17.4,,80.0,3.0,5.4,174.0,165.0,1024.7,2.0,0.0,,0.0
2025-04-06 09:00:00,-16.9,-16.4,,-17.5,,82.0,3.3,4.5,133.0,150.0,1024.7,18.0,0.0,,10.0
2025-04-06 10:00:00,-16.2,-15.9,,-16.8,,75.0,3.3,4.1,155.0,144.0,1025.1,101.0,0.0,,10.0
2025-04-06 11:00:00,-16.1,-15.6,,-16.7,,74.0,3.0,3.7,146.0,156.0,1025.1,177.0,0.0,,0.0
2025-04-06 12:00:00,-15.4,-15.0,,-15.9,,74.0,2.9,3.6,138.0,144.0,1025.1,262.0,0.0,,0.0
2025-04-06 13:00:00,-14.7,-14.1,,-15.5,,72.0,2.7,4.2,183.0,163.0,1025.0,363.0,0.0,,0.0
2025-04-06 14:00:00,-14.0,-13.7,,-14.6,,72.0,2.0,3.1,186.0,176.0,1024.8,454.0,0.0,,10.0
2025-04-06 15:00:00,-13.4,-13.0,,-13.8,,72.0,1.4,2.4,173.0,171.0,1024.4,519.0,0.0,,0.0
2025-04-06 16:00:00,-12.7,-12.2,,-13.1,,70.0,0.9,1.4,156.0,171.0,1024.1,589.0,0.0,,0.0
2025-04-06 17:00:00,-12.2,-11.7,,-12.7,,69.0,1.2,2.6,177.0,164.0,1024.3,619.0,0.0,,90.0
2025-04-06 18:00:00,-12.4,-12.2,-11.7,-12.5,-17.5,74.0,1.4,2.2,158.0,169.0,1024.4,330.0,0.0,,100.0
2025-04-06 19:00:00,-12.6,-12.3,,-12.8,,75.0,2.4,3.3,114.0,135.0,1024.9,215.0,0.0,,100.0
2025-04-06 20:00:00,-12.7,-12.6,,-12.9,,71.0,1.6,2.6,135.0,131.0,1025.3,181.0,0.0,,90.0
2025-04-06 21:00:00,-12.8,-12.6,,-13.1,,70.0,0.9,1.4,157.0,162.0,1025.5,193.0,0.0,,60.0
2025-04-06 22:00:00,-13.4,-13.1,,-13.7,,74.0,0.7,1.2,125.0,145.0,1025.9,65.0,0.0,,60.0
2025-04-06 23:00:00,-14.3,-13.6,,-14.6,,77.0,0.9,1.7,134.0,130.0,1025.9,16.0,0.0,,40.0
2025-04-07 00:00:00,-14.2,-13.6,,-14.6,,77.0,1.4,3.0,82.0,98.0,1025.8,3.0,0.0,,0.0
2025-04-07 01:00:00,-14.1,-13.3,,-14.9,,77.0,2.4,4.3,47.0,67.0,1025.9,1.0,0.0,,0.0
2025-04-07 02:00:00,-13.7,-13.3,,-14.4,,72.0,3.2,4.4,45.0,53.0,1025.7,1.0,0.0,,0.0
2025-04-07 03:00:00,-13.5,-13.3,,-13.8,,71.0,4.6,6.5,33.0,40.0,1025.1,1.0,0.0,,
2025-04-07 04:00:00,-12.8,-12.6,,-13.3,,69.0,6.0,8.5,24.0,26.0,1024.6,1.0,0.0,,
2025-04-07 05:00:00,-12.9,-12.6,,-13.4,,75.0,6.7,9.0,29.0,27.0,1023.7,1.0,0.0,,0.0
2025-04-07 06:00:00,-13.5,-13.3,-12.3,-13.7,-14.9,81.0,7.0,10.2,29.0,31.0,1023.1,1.0,0.0,0.0,0.0
2025-04-07 07:00:00,-13.3,-13.1,,-13.4,,77.0,10.1,14.5,27.0,27.0,1021.8,1.0,0.1,,
2025-04-07 08:00:00,-13.0,-12.7,,-13.2,,79.0,10.8,14.4,22.0,25.0,1021.1,2.0,0.1,,0.0
2025-04-07 09:00:00,-12.5,-12.3,,-12.8,,77.0,11.3,16.0,29.0,26.0,1020.3,16.0,0.1,,0.0
2025-04-07 10:00:00,-12.0,-11.6,,-12.3,,73.0,10.4,13.8,26.0,26.0,1019.8,83.0,0.0,,0.0
2025-04-07 11:00:00,-11.3,-11.0,,-11.6,,71.0,10.1,13.2,10.0,22.0,1019.1,151.0,0.0,,0.0
2025-04-07 12:00:00,-10.6,-10.3,,-11.2,,71.0,9.0,12.8,4.0,6.0,1018.2,224.0,0.0,,0.0
2025-04-07 13:00:00,-9.5,-8.9,,-10.3,,63.0,8.7,12.4,17.0,21.0,1017.7,327.0,0.0,,0.0
2025-04-07 14:00:00,-8.9,-8.8,,-9.2,,67.0,8.5,12.3,3.0,6.0,1017.2,426.0,0.0,,10.0
2025-04-07 15:00:00,-8.3,-8.0,,-8.8,,68.0,7.6,10.9,5.0,7.0,1016.5,525.0,0.0,,0.0
2025-04-07 16:00:00,-7.9,-7.5,,-8.2,,67.0,7.8,10.5,2.0,2.0,1016.5,588.0,0.0,,0.0
2025-04-07 17:00:00,-7.1,-6.7,,-7.5,,64.0,7.5,10.0,4.0,1.0,1016.4,595.0,0.0,,0.0
2025-04-07 18:00:00,-7.0,-6.7,-6.7,-7.2,-13.4,64.0,6.5,9.2,14.0,11.0,1016.3,528.0,0.0,,0.0
2025-04-07 19:00:00,-6.8,-6.7,,-7.0,,59.0,7.3,10.1,12.0,17.0,1016.2,408.0,0.0,,10.0
2025-04-07 20:00:00,-6.8,-6.6,,-7.0,,54.0,6.7,9.8,355.0,3.0,1016.4,328.0,0.0,,0.0
2025-04-07 21:00:00,-6.7,-6.5,,-6.8,,54.0,5.4,8.3,353.0,352.0,1016.0,196.0,0.0,,10.0
2025-04-07 22:00:00,-6.9,-6.7,,-7.1,,61.0,6.5,9.0,9.0,0.0,1016.1,110.0,0.0,,0.0
2025-04-07 23:00:00,-7.2,-7.0,,-7.4,,65.0,5.9,8.3,3.0,3.0,1015.6,41.0,0.0,,0.0
2025-04-08 00:00:00,-7.1,-6.9,,-7.4,,65.0,6.5,9.2,5.0,2.0,1015.4,4.0,0.0,,0.0
2025-04-08 01:00:00,-7.5,-7.3,,-7.9,,71.0,5.9,8.5,11.0,7.0,1014.8,1.0,0.0,,0.0
2025-04-08 02:00:00,-8.0,-7.9,,-8.3,,75.0,5.2,8.3,10.0,11.0,1014.2,1.0,0.0,,0.0
2025-04-08 03:00:00,-7.7,-7.5,,-7.9,,74.0,5.7,8.4,4.0,10.0,1013.5,1.0,0.0,,0.0
2025-04-08 04:00:00,-7.1,-6.6,,-7.6,,70.0,6.6,9.4,14.0,7.0,1012.6,1.0,0.0,,0.0
2025-04-08 05:00:00,-7.4,-6.6,,-8.0,,74.0,4.5,7.8,12.0,16.0,1011.8,1.0,0.0,,0.0
2025-04-08 06:00:00,-7.3,-7.1,-6.5,-8.0,-8.3,77.0,4.7,6.3,13.0,16.0,1011.1,1.0,0.0,0.3,0.0
2025-04-08 07:00:00,-7.4,-7.0,,-7.8,,78.0,4.6,7.2,40.0,25.0,1010.8,1.0,0.0,,0.0
2025-04-08 08:00:00,-6.3,-5.6,,-6.9,,72.0,6.7,9.4,37.0,38.0,1009.7,2.0,0.0,,0.0
2025-04-08 09:00:00,-5.7,-5.3,,-6.1,,71.0,7.4,10.0,36.0,38.0,1009.0,10.0,0.0,,0.0
2025-04-08 10:00:00,-4.7,-3.5,,-5.5,,69.0,7.9,11.5,37.0,38.0,1007.7,42.0,0.0,,0.0
2025-04-08 11:00:00,-2.9,-2.3,,-3.5,,63.0,9.7,14.8,37.0,34.0,1006.7,84.0,0.0,,90.0
2025-04-08 12:00:00,-1.4,-0.8,,-2.3,,63.0,10.9,15.6,34.0,31.0,1005.3,182.0,0.0,,60.0
2025-04-08 13:00:00,-0.6,-0.4,,-1.0,,65.0,11.5,16.4,41.0,35.0,1004.4,145.0,0.2,,90.0
2025-04-08 14:00:00,0.2,0.6,,-0.5,,65.0,12.2,16.4,29.0,32.0,1003.4,236.0,0.1,,60.0
2025-04-08 15:00:00,0.7,1.5,,0.3,,68.0,10.7,16.3,41.0,37.0,1002.6,396.0,0.0,,0.0
2025-04-08 16:00:00,1.6,2.3,,1.4,,68.0,10.7,15.6,31.0,32.0,1001.2,437.0,0.1,,10.0
2025-04-08 17:00:00,2.0,2.5,,1.4,,68.0,9.8,13.5,26.0,33.0,1000.8,375.0,0.0,,10.0
2025-04-08 18:00:00,2.1,2.9,2.9,1.5,-7.8,69.0,8.5,11.7,49.0,42.0,1000.6,257.0,0.0,,10.0
2025-04-08 19:00:00,2.4,3.0,,1.7,,70.0,7.3,12.3,38.0,45.0,1001.2,233.0,0.1,,10.0
2025-04-08 20:00:00,2.3,5.8,,0.7,,72.0,5.9,8.1,56.0,44.0,1000.8,148.0,0.0,,10.0
2025-04-08 21:00:00,3.1,5.6,,0.2,,69.0,5.6,8.2,36.0,44.0,1001.1,93.0,0.0,,40.0
2025-04-08 22:00:00,2.7,4.4,,0.7,,71.0,5.0,7.6,60.0,48.0,1001.3,34.0,0.0,,10.0
2025-04-08 23:00:00,4.3,6.3,,2.7,,65.0,6.7,8.7,54.0,50.0,1000.5,25.0,0.0,,90.0
2025-04-09 00:00:00,4.8,6.3,,3.0,,63.0,6.7,9.2,41.0,46.0,1000.2,2.0,0.1,,90.0
2025-04-09 01:00:00,3.7,5.7,,2.5,,67.0,8.2,10.7,47.0,42.0,999.2,1.0,0.0,,90.0
2025-04-09 02:00:00,4.1,5.9,,1.5,,67.0,7.7,11.5,23.0,40.0,998.3,1.0,0.0,,90.0
2025-04-09 03:00:00,1.3,3.2,,-0.2,,79.0,5.8,10.7,45.0,23.0,997.3,1.0,0.0,,90.0
2025-04-09 04:00:00,3.9,4.7,,3.1,,66.0,9.0,11.8,48.0,50.0,996.6,1.0,0.0,,90.0
2025-04-09 05:00:00,3.4,4.8,,1.4,,68.0,6.5,10.3,69.0,42.0,996.5,1.0,0.0,,90.0
2025-04-09 06:00:00,4.4,6.2,6.3,2.9,-0.2,63.0,6.3,8.7,73.0,73.0,996.0,1.0,0.1,0.7,90.0
2025-04-09 07:00:00,5.3,6.5,,3.8,,59.0,6.9,8.8,66.0,68.0,995.8,1.0,0.0,,90.0
2025-04-09 08:00:00,5.0,6.1,,3.9,,60.0,7.4,9.3,62.0,60.0,995.6,2.0,0.0,,0.0
2025-04-09 09:00:00,4.3,5.9,,3.2,,63.0,7.0,9.0,75.0,69.0,995.8,23.0,0.0,,10.0
2025-04-09 10:00:00,4.0,5.6,,3.2,,64.0,5.5,7.9,100.0,81.0,996.0,84.0,0.0,,0.0
2025-04-09 11:00:00,4.4,6.5,,2.8,,62.0,4.6,6.8,166.0,133.0,996.6,144.0,0.0,,0.0
2025-04-09 12:00:00,3.2,5.2,,1.3,,69.0,7.3,12.6,190.0,186.0,996.7,177.0,0.2,,0.0
2025-04-09 13:00:00,1.3,1.5,,1.1,,80.0,12.0,15.3,178.0,178.0,997.4,314.0,0.0,,0.0
2025-04-09 14:00:00,0.6,1.0,,0.4,,83.0,10.5,15.4,193.0,187.0,998.0,363.0,0.0,,0.0
2025-04-09 15:00:00,-0.3,0.4,,-0.7,,85.0,7.4,12.4,203.0,199.0,998.7,399.0,0.1,,10.0
2025-04-09 16:00:00,-1.2,-0.6,,-2.1,,82.0,10.8,14.4,203.0,205.0,999.7,456.0,0.1,,10.0
2025-04-09 17:00:00,-2.2,-1.9,,-2.3,,84.0,13.6,19.0,189.0,195.0,1000.3,354.0,0.0,,60.0
2025-04-09 18:00:00,-2.8,-2.0,6.5,-3.1,-3.1,83.0,14.4,18.4,194.0,193.0,1001.7,254.0,0.0,,90.0
2025-04-09 19:00:00,-3.4,-3.0,,-3.8,,82.0,12.7,17.8,196.0,197.0,1003.1,173.0,0.2,,100.0
2025-04-09 20:00:00,-4.0,-3.8,,-4.3,,85.0,10.9,15.4,206.0,200.0,1004.8,92.0,0.0,,90.0
2025-04-09 21:00:00,-4.2,-4.2,,-4.3,,86.0,8.1,11.0,201.0,203.0,1006.2,61.0,0.0,,90.0
2025-04-09 22:00:00,-4.4,-4.2,,-4.5,,88.0,5.6,9.7,230.0,209.0,1007.4,31.0,0.0,,100.0
2025-04-09 23:00:00,-4.6,-4.5,,-4.7,,90.0,3.3,5.0,180.0,196.0,1008.3,12.0,0.1,,100.0
2025-04-10 00:00:00,-4.8,-4.7,,-5.0,,93.0,2.0,3.1,170.0,164.0,1008.4,3.0,0.0,,100.0
2025-04-10 01:00:00,-4.8,-4.8,,-4.9,,93.0,0.8,2.3,90.0,131.0,1008.1,1.0,0.0,,100.0
2025-04-10 02:00:00,-4.5,-4.3,,-4.8,,93.0,1.8,3.5,69.0,65.0,1007.6,1.0,0.0,,100.0
2025-04-10 03:00:00,-4.2,-4.0,,-4.3,,94.0,2.5,3.6,68.0,61.0,1006.8,1.0,0.0,,100.0
2025-04-10 04:00:00,-3.9,-3.8,,-4.0,,95.0,2.1,3.8,63.0,68.0,1005.7,1.0,0.0,,100.0
2025-04-10 05:00:00,-3.7,-3.6,,-3.8,,94.0,2.2,3.7,358.0,24.0,1003.7,1.0,0.0,,90.0
2025-04-10 06:00:00,-4.1,-3.8,-3.0,-4.4,-5.0,94.0,3.0,4.4,341.0,346.0,1002.1,1.0,0.0,0.7,40.0
2025-04-10 07:00:00,-4.5,-4.4,,-4.8,,95.0,4.1,7.9,346.0,346.0,1000.3,1.0,0.0,,90.0
2025-04-10 08:00:00,-4.9,-4.7,,-5.2,,95.0,5.8,8.1,353.0,348.0,998.6,2.0,0.0,,100.0
2025-04-10 09:00:00,-5.4,-5.2,,-5.5,,96.0,6.0,9.3,350.0,348.0,997.3,10.0,0.0,,100.0
2025-04-10 10:00:00,-5.0,-4.7,,-5.5,,95.0,4.3,6.8,333.0,338.0,995.4,38.0,0.0,,100.0
2025-04-10 11:00:00,-4.6,-4.2,,-4.9,,94.0,4.5,7.4,313.0,322.0,994.0,52.0,0.0,,90.0
2025-04-10 12:00:00,-4.2,-3.7,,-4.9,,94.0,5.0,7.6,324.0,318.0,992.8,122.0,0.0,,90.0
2025-04-10 13:00:00,-3.5,-3.3,,-3.7,,91.0,4.4,7.1,304.0,318.0,991.5,297.0,0.0,,10.0
2025-04-10 14:00:00,-3.1,-2.7,,-3.5,,90.0,3.3,6.9,276.0,289.0,991.0,425.0,0.0,,0.0
2025-04-10 15:00:00,-2.5,-2.1,,-2.8,,87.0,2.7,4.5,270.0,278.0,990.1,500.0,0.0,,0.0
2025-04-10 16:00:00,-2.3,-2.0,,-2.6,,87.0,2.5,4.4,312.0,278.0,989.2,402.0,0.0,,0.0
2025-04-10 17:00:00,-2.0,-1.6,,-2.5,,86.0,0.7,4.1,0.0,237.0,989.1,297.0,0.0,,60.0
2025-04-10 18:00:00,-1.4,-0.8,-0.8,-2.0,-5.5,81.0,0.0,2.0,0.0,0.0,988.4,470.0,0.0,,40.0
2025-04-10 19:00:00,-1.0,-0.4,,-1.5,,79.0,0.0,0.6,0.0,0.0,987.5,471.0,0.0,,0.0
2025-04-10 20:00:00,-1.2,-0.7,,-1.7,,80.0,0.0,1.3,0.0,0.0,987.3,366.0,0.0,,10.0
2025-04-10 21:00:00,-1.8,-1.4,,-2.3,,84.0,0.0,0.6,0.0,0.0,987.0,205.0,0.0,,10.0
2025-04-10 22:00:00,-2.4,-2.0,,-2.8,,88.0,0.7,2.7,262.0,314.0,986.1,67.0,0.0,,0.0
2025-04-10 23:00:00,-2.7,-2.5,,-3.0,,88.0,2.0,4.0,267.0,259.0,985.5,29.0,0.0,,90.0
2025-04-11 00:00:00,-2.8,-2.5,,-3.0,,89.0,2.1,4.2,262.0,262.0,985.2,5.0,0.0,,90.0
2025-04-11 01:00:00,-3.0,-2.9,,-3.0,,94.0,3.1,5.5,261.0,259.0,984.7,1.0,0.0,,90.0
2025-04-11 02:00:00,-3.2,-3.0,,-3.8,,95.0,3.4,5.8,261.0,266.0,984.6,1.0,0.0,,90.0
2025-04-11 03:00:00,-3.7,-3.5,,-3.8,,97.0,2.9,5.5,253.0,267.0,984.2,1.0,0.0,,
2025-04-11 04:00:00,-3.4,-3.2,,-3.5,,97.0,3.4,7.4,259.0,252.0,983.5,1.0,0.0,,100.0
2025-04-11 05:00:00,-3.4,-3.2,,-3.6,,97.0,4.0,7.6,251.0,261.0,984.1,1.0,0.0,,
2025-04-11 06:00:00,-3.8,-3.6,-0.4,-4.1,-4.1,96.0,4.8,9.0,248.0,261.0,983.8,1.0,0.1,0.1,100.0
2025-04-11 07:00:00,-4.4,-4.1,,-4.8,,95.0,6.8,11.7,259.0,259.0,983.9,1.0,0.1,,90.0
2025-04-11 08:00:00,-5.0,-4.8,,-5.3,,95.0,6.7,11.3,259.0,260.0,984.9,2.0,0.0,,90.0
2025-04-11 09:00:00,-5.7,-5.2,,-6.0,,94.0,5.2,10.8,264.0,264.0,985.8,6.0,0.1,,100.0
2025-04-11 10:00:00,-6.3,-5.9,,-6.9,,93.0,6.0,9.5,228.0,245.0,985.8,18.0,0.0,,
2025-04-11 11:00:00,-7.2,-6.9,,-7.4,,92.0,6.3,10.1,268.0,241.0,986.6,35.0,0.0,,100.0
2025-04-11 12:00:00,-7.4,-7.3,,-7.4,,92.0,4.2,8.9,264.0,261.0,987.3,65.0,0.0,,100.0
2025-04-11 13:00:00,-7.4,-7.3,,-7.5,,92.0,3.7,7.3,264.0,266.0,988.3,78.0,0.0,,100.0
2025-04-11 14:00:00,-7.4,-7.3,,-7.5,,92.0,4.0,6.2,224.0,235.0,989.3,96.0,0.0,,100.0
2025-04-11 15:00:00,-7.4,-7.3,,-7.5,,92.0,3.9,5.4,212.0,217.0,990.2,103.0,0.0,,100.0
2025-04-11 16:00:00,-7.5,-7.4,,-7.6,,92.0,4.1,5.7,200.0,208.0,990.9,97.0,0.0,,100.0
2025-04-11 17:00:00,-7.8,-7.6,,-8.0,,91.0,4.6,5.6,180.0,191.0,991.7,99.0,0.0,,100.0
2025-04-11 18:00:00,-8.2,-8.0,-4.1,-8.3,-8.3,91.0,4.8,6.1,173.0,173.0,992.9,119.0,0.0,,100.0
2025-04-11 19:00:00,-8.4,-8.3,,-8.6,,90.0,3.8,5.4,160.0,162.0,993.9,130.0,0.0,,100.0
2025-04-11 20:00:00,-8.5,-8.4,,-8.6,,90.0,3.2,4.3,138.0,146.0,995.0,161.0,0.0,,100.0
2025-04-11 21:00:00,-8.3,-7.9,,-8.4,,90.0,3.0,4.2,141.0,120.0,995.5,65.0,0.0,,100.0
2025-04-11 22:00:00,-7.6,-7.4,,-8.0,,92.0,4.5,6.9,144.0,139.0,996.3,31.0,0.1,,100.0
2025-04-11 23:00:00,-7.5,-7.5,,-7.6,,91.0,5.0,6.8,134.0,141.0,997.2,18.0,0.0,,100.0
2025-04-12 00:00:00,-7.7,-7.5,,-8.2,,88.0,4.4,5.7,108.0,118.0,998.0,3.0,0.0,,100.0
2025-04-12 01:00:00,-8.1,-7.9,,-8.3,,84.0,4.7,5.8,117.0,113.0,998.7,1.0,0.0,,100.0
2025-04-12 02:00:00,-7.8,-7.7,,-7.9,,83.0,4.4,5.7,119.0,116.0,999.4,1.0,0.0,,90.0
2025-04-12 03:00:00,-8.0,-7.9,,-8.5,,80.0,4.2,5.6,123.0,125.0,999.9,1.0,0.0,,
2025-04-12 04:00:00,-9.2,-8.5,,-9.5,,78.0,3.8,5.1,135.0,131.0,1000.4,1.0,0.0,,0.0
2025-04-12 05:00:00,-9.7,-9.4,,-10.5,,80.0,3.2,4.3,133.0,136.0,1000.9,1.0,0.0,,0.0
2025-04-12 06:00:00,-10.0,-9.7,-7.4,-10.4,-10.5,81.0,3.5,4.3,140.0,139.0,1001.4,1.0,0.0,0.3,0.0
2025-04-12 07:00:00,-10.2,-9.5,,-10.9,,83.0,3.3,4.2,159.0,151.0,1001.9,1.0,0.0,,0.0
2025-04-12 08:00:00,-9.3,-9.0,,-10.2,,80.0,3.3,4.2,154.0,158.0,1002.5,3.0,0.0,,0.0
2025-04-12 09:00:00,-10.7,-10.1,,-11.3,,81.0,2.3,4.2,129.0,144.0,1002.8,46.0,0.0,,0.0
2025-04-12 10:00:00,-9.9,-8.9,,-10.6,,78.0,0.8,2.3,0.0,102.0,1003.0,132.0,0.0,,0.0
2025-04-12 11:00:00,-8.9,-8.3,,-9.3,,76.0,0.7,1.4,158.0,137.0,1003.3,217.0,0.0,,0.0
2025-04-12 12:00:00,-8.4,-7.8,,-8.9,,75.0,0.5,1.5,0.0,150.0,1003.6,306.0,0.0,,0.0
2025-04-12 13:00:00,-7.6,-7.0,,-8.2,,73.0,0.0,1.5,0.0,0.0,1003.9,400.0,0.0,,0.0
2025-04-12 14:00:00,-7.1,-6.9,,-7.3,,74.0,0.0,0.8,0.0,0.0,1004.1,510.0,0.0,,0.0
2025-04-12 15:00:00,-6.5,-6.1,,-6.9,,71.0,0.0,1.0,0.0,0.0,1004.2,550.0,0.0,,0.0
2025-04-12 16:00:00,-5.9,-5.4,,-6.3,,65.0,0.0,1.3,0.0,0.0,1004.1,601.0,0.0,,0.0
2025-04-12 17:00:00,-5.2,-4.0,,-5.8,,62.0,0.0,1.9,0.0,0.0,1004.1,572.0,0.0,,10.0
2025-04-12 18:00:00,-5.8,-5.5,-4.0,-6.0,-11.3,67.0,0.0,2.7,0.0,0.0,1004.2,404.0,0.0,,0.0
2025-04-12 19:00:00,-5.5,-4.4,,-5.9,,68.0,0.6,2.8,4.0,335.0,1004.6,303.0,0.0,,60.0
2025-04-12 20:00:00,-5.6,-5.1,,-6.0,,68.0,0.6,3.2,267.0,323.0,1004.8,195.0,0.0,,60.0
2025-04-12 21:00:00,-5.5,-5.1,,-5.7,,67.0,1.3,3.5,265.0,265.0,1005.1,167.0,0.0,,90.0
2025-04-12 22:00:00,-5.8,-5.5,,-5.9,,67.0,0.8,2.4,263.0,282.0,1005.2,89.0,0.0,,0.0
2025-04-12 23:00:00,-6.4,-5.9,,-6.7,,72.0,0.3,2.2,271.0,264.0,1005.6,30.0,0.0,,40.0
2025-04-13 00:00:00,-6.9,-6.4,,-7.4,,74.0,0.0,1.4,0.0,0.0,1005.8,5.0,0.0,,60.0
2025-04-13 01:00:00,-7.3,-6.8,,-7.7,,77.0,0.0,1.9,0.0,0.0,1006.2,1.0,0.0,,40.0
2025-04-13 02:00:00,-7.7,-7.1,,-8.2,,77.0,0.0,0.8,0.0,0.0,1006.3,1.0,0.0,,90.0
2025-04-13 03:00:00,-8.1,-7.9,,-8.3,,77.0,1.0,2.2,0.0,173.0,1006.7,1.0,0.0,,90.0
2025-04-13 04:00:00,-8.3,-8.0,,-8.7,,78.0,1.4,2.8,178.0,172.0,1007.0,1.0,0.0,,90.0
2025-04-13 05:00:00,-8.1,-7.9,,-8.4,,79.0,1.7,2.9,171.0,185.0,1007.2,1.0,0.0,,100.0
2025-04-13 06:00:00,-8.0,-7.9,-4.4,-8.2,-8.7,80.0,1.6,2.3,176.0,175.0,1007.3,1.0,0.0,0.0,100.0
2025-04-13 07:00:00,-7.9,-7.5,,-8.1,,79.0,1.2,2.1,184.0,180.0,1007.4,1.0,0.0,,100.0
2025-04-13 08:00:00,-7.8,-7.6,,-8.0,,77.0,0.4,1.6,173.0,173.0,1007.7,3.0,0.0,,100.0
2025-04-13 09:00:00,-7.7,-7.5,,-7.9,,76.0,0.8,2.6,163.0,171.0,1008.0,18.0,0.0,,90.0
2025-04-13 10:00:00,-7.8,-7.5,,-8.1,,76.0,1.8,2.7,191.0,177.0,1008.1,59.0,0.0,,90.0
2025-04-13 11:00:00,-7.4,-7.0,,-7.8,,74.0,1.3,2.6,179.0,178.0,1008.2,131.0,0.0,,90.0
2025-04-13 12:00:00,-6.5,-5.7,,-7.1,,73.0,0.0,1.7,0.0,0.0,1008.3,286.0,0.0,,90.0
2025-04-13 13:00:00,-5.3,-4.9,,-5.8,,68.0,0.0,2.3,0.0,0.0,1008.6,368.0,0.0,,90.0
2025-04-13 14:00:00,-4.8,-4.4,,-5.1,,66.0,0.9,2.2,136.0,147.0,1008.7,507.0,0.0,,10.0
2025-04-13 15:00:00,-4.9,-4.7,,-5.2,,67.0,0.8,2.2,138.0,139.0,1008.9,441.0,0.0,,90.0
2025-04-13 16:00:00,-4.9,-4.8,,-5.2,,68.0,1.0,2.2,120.0,130.0,1009.0,354.0,0.0,,
2025-04-13 17:00:00,-4.8,-4.5,,-4.9,,68.0,0.8,2.3,0.0,114.0,1009.0,366.0,0.0,,90.0
2025-04-13 18:00:00,-4.6,-4.4,-4.4,-4.8,-8.1,66.0,0.0,1.6,0.0,0.0,1009.0,338.0,0.0,,90.0
2025-04-13 19:00:00,-4.4,-4.1,,-4.6,,60.0,0.0,2.0,0.0,0.0,1009.3,348.0,0.0,,90.0
2025-04-13 20:00:00,-4.5,-4.4,,-4.7,,61.0,0.0,0.8,0.0,0.0,1009.5,248.0,0.0,,100.0
2025-04-13 21:00:00,-4.8,-4.6,,-4.9,,63.0,0.0,0.9,0.0,0.0,1009.7,116.0,0.0,,100.0
2025-04-13 22:00:00,-4.9,-4.8,,-4.9,,64.0,0.0,0.0,0.0,0.0,1009.8,51.0,0.0,,100.0
2025-04-13 23:00:00,-5.1,-4.9,,-5.2,,68.0,1.0,2.3,68.0,79.0,1010.1,20.0,0.0,,90.0
2025-04-14 00:00:00,-5.4,-5.2,,-5.5,,75.0,2.2,2.9,84.0,78.0,1010.3,4.0,0.0,,100.0
2025-04-14 01:00:00,-5.6,-5.5,,-5.7,,75.0,2.4,3.3,99.0,91.0,1010.4,1.0,0.0,,100.0
2025-04-14 02:00:00,-5.5,-5.3,,-5.6,,78.0,2.2,3.3,136.0,123.0,1010.7,1.0,0.0,,100.0
2025-04-14 03:00:00,-5.6,-5.5,,-5.8,,80.0,0.3,1.8,0.0,113.0,1010.8,1.0,0.0,,100.0
2025-04-14 04:00:00,-5.8,-5.8,,-5.9,,83.0,0.0,0.0,0.0,0.0,1011.0,1.0,0.0,,100.0
2025-04-14 05:00:00,-5.8,-5.7,,-6.0,,86.0,2.2,4.0,259.0,221.0,1011.1,1.0,0.0,,100.0
2025-04-14 06:00:00,-6.3,-6.0,-4.1,-6.5,-6.6,88.0,2.4,4.4,263.0,264.0,1011.4,1.0,0.0,0.0,100.0
2025-04-14 07:00:00,-6.7,-6.6,,-7.0,,85.0,2.7,5.1,227.0,261.0,1011.8,1.0,0.0,,100.0
2025-04-14 08:00:00,-7.1,-7.0,,-7.1,,84.0,2.9,5.0,213.0,228.0,1012.3,2.0,0.0,,100.0
2025-04-14 09:00:00,-7.2,-7.1,,-7.2,,85.0,2.7,4.3,241.0,236.0,1012.7,10.0,0.0,,100.0
2025-04-14 10:00:00,-7.5,-7.2,,-7.8,,87.0,3.9,5.2,186.0,197.0,1013.0,42.0,0.1,,100.0
2025-04-14 11:00:00,-7.6,-7.5,,-7.7,,88.0,3.7,4.7,211.0,197.0,1013.2,86.0,0.0,,90.0
2025-04-14 12:00:00,-7.4,-7.3,,-7.5,,82.0,3.3,5.2,251.0,237.0,1013.7,184.0,0.0,,100.0
2025-04-14 13:00:00,-7.4,-7.2,,-7.5,,78.0,2.9,4.3,218.0,223.0,1014.2,276.0,0.0,,90.0
2025-04-14 14:00:00,-7.4,-7.3,,-7.6,,78.0,2.7,4.0,223.0,233.0,1014.6,255.0,0.0,,100.0
2025-04-14 15:00:00,-7.3,-7.0,,-7.5,,80.0,2.5,4.0,185.0,206.0,1014.8,326.0,0.0,,100.0
2025-04-14 16:00:00,-7.2,-6.9,,-7.5,,80.0,3.2,8.5,170.0,177.0,1015.0,398.0,0.0,,
2025-04-14 17:00:00,-7.5,-7.3,,-7.8,,75.0,6.0,8.6,199.0,194.0,1015.4,573.0,0.1,,90.0
2025-04-14 18:00:00,-7.7,-7.5,-6.6,-7.8,-7.8,76.0,5.6,7.6,195.0,190.0,1015.8,610.0,0.0,,10.0
2025-04-14 19:00:00,-8.0,-7.6,,-8.6,,74.0,4.5,5.7,189.0,190.0,1016.3,373.0,0.0,,90.0
2025-04-14 20:00:00,-8.5,-8.4,,-8.6,,76.0,4.9,6.5,189.0,189.0,1016.8,227.0,0.0,,90.0
2025-04-14 21:00:00,-8.1,-7.9,,-8.4,,76.0,5.0,7.3,176.0,185.0,1017.1,254.0,0.0,,40.0
2025-04-14 22:00:00,-9.0,-8.3,,-9.4,,80.0,2.7,4.2,163.0,182.0,1017.5,90.0,0.0,,90.0
2025-04-14 23:00:00,-9.2,-8.8,,-9.9,,82.0,2.9,3.5,176.0,171.0,1017.8,39.0,0.0,,90.0
2025-04-15 00:00:00,-9.9,-9.5,,-10.5,,83.0,2.7,3.7,170.0,163.0,1018.4,8.0,0.0,,100.0
2025-04-15 01:00:00,-9.2,-9.1,,-9.5,,82.0,3.0,4.0,195.0,188.0,1018.7,1.0,0.0,,90.0
2025-04-15 02:00:00,-9.1,-8.9,,-9.2,,82.0,2.1,3.3,184.0,189.0,1019.0,1.0,0.0,,90.0
2025-04-15 03:00:00,-8.9,-8.8,,-8.9,,82.0,0.4,1.8,136.0,150.0,1019.1,1.0,0.0,,100.0
2025-04-15 04:00:00,-8.8,-8.7,,-8.9,,81.0,0.4,2.0,0.0,107.0,1019.0,1.0,0.0,,100.0
2025-04-15 05:00:00,-8.7,-8.6,,-8.8,,81.0,0.3,1.6,98.0,107.0,1019.2,1.0,0.0,,100.0
2025-04-15 06:00:00,-8.5,-8.3,-7.6,-8.7,-10.5,85.0,1.9,2.9,69.0,86.0,1019.4,1.0,0.0,0.2,100.0
2025-04-15 07:00:00,-8.2,-8.0,,-8.3,,86.0,2.3,3.6,73.0,73.0,1019.5,1.0,0.0,,90.0
2025-04-15 08:00:00,-7.8,-7.6,,-8.1,,86.0,4.8,7.6,70.0,61.0,1019.2,4.0,0.0,,90.0
2025-04-15 09:00:00,-7.4,-7.3,,-7.6,,84.0,5.6,7.7,81.0,79.0,1019.4,19.0,0.0,,100.0
2025-04-15 10:00:00,-7.3,-7.2,,-7.4,,82.0,5.2,7.6,74.0,76.0,1019.5,52.0,0.0,,100.0
2025-04-15 11:00:00,-6.7,-6.4,,-7.1,,78.0,5.5,7.4,118.0,107.0,1019.6,97.0,0.1,,90.0
2025-04-15 12:00:00,-6.1,-5.5,,-6.4,,72.0,4.0,5.4,139.0,121.0,1019.8,152.0,0.0,,100.0
2025-04-15 13:00:00,-4.9,-4.4,,-5.5,,64.0,0.0,3.6,0.0,0.0,1020.1,221.0,0.0,,90.0
2025-04-15 14:00:00,-4.6,-3.8,,-4.8,,64.0,1.1,3.0,152.0,170.0,1020.2,304.0,0.0,,90.0
2025-04-15 15:00:00,-3.8,-3.4,,-4.2,,61.0,0.3,2.3,167.0,96.0,1020.7,376.0,0.0,,90.0
2025-04-15 16:00:00,-3.7,-3.5,,-4.0,,59.0,1.0,2.4,186.0,175.0,1020.7,446.0,0.0,,90.0
2025-04-15 17:00:00,-3.3,-2.8,,-3.7,,58.0,0.0,1.8,0.0,0.0,1020.8,514.0,0.0,,90.0
2025-04-15 18:00:00,-2.9,-1.8,-1.8,-3.5,-8.3,60.0,0.0,2.1,0.0,0.0,1021.0,596.0,0.0,,10.0
2025-04-15 19:00:00,-3.3,-2.9,,-3.6,,63.0,0.0,1.8,345.0,0.0,1021.3,543.0,0.0,,90.0
2025-04-15 20:00:00,-3.6,-3.3,,-3.9,,74.0,1.5,3.3,310.0,316.0,1021.5,365.0,0.0,,40.0
2025-04-15 21:00:00,-3.9,-3.5,,-4.4,,72.0,1.3,2.9,49.0,9.0,1021.7,223.0,0.0,,0.0
2025-04-15 22:00:00,-4.5,-4.4,,-4.6,,72.0,1.4,2.7,354.0,17.0,1022.1,86.0,0.0,,90.0
2025-04-15 23:00:00,-4.8,-4.5,,-5.1,,76.0,2.7,4.1,344.0,338.0,1022.2,45.0,0.0,,90.0
2025-04-16 00:00:00,-5.1,-5.0,,-5.2,,79.0,2.6,3.8,343.0,347.0,1022.3,7.0,0.0,,90.0
2025-04-16 01:00:00,-5.2,-5.1,,-5.4,,79.0,2.5,3.8,350.0,348.0,1022.5,1.0,0.0,,60.0
2025-04-16 02:00:00,-5.6,-5.2,,-5.9,,78.0,1.0,3.4,0.0,9.0,1022.7,1.0,0.0,,10.0
2025-04-16 03:00:00,-5.8,-5.4,,-6.0,,76.0,1.9,3.2,24.0,5.0,1022.7,1.0,0.0,,10.0
2025-04-16 04:00:00,-5.4,-5.2,,-5.7,,74.0,2.0,2.9,26.0,24.0,1023.0,1.0,0.0,,10.0
2025-04-16 05:00:00,-5.6,-5.2,,-6.1,,74.0,2.0,3.4,26.0,25.0,1023.1,1.0,0.0,,0.0
2025-04-16 06:00:00,-5.5,-5.5,-2.9,-5.6,-6.1,73.0,2.1,2.8,27.0,30.0,1023.3,1.0,0.0,0.1,10.0
2025-04-16 07:00:00,-5.8,-5.6,,-6.0,,77.0,2.6,3.2,42.0,39.0,1023.5,1.0,0.0,,0.0
2025-04-16 08:00:00,-6.0,-5.8,,-6.1,,79.0,2.9,3.3,46.0,48.0,1023.8,5.0,0.0,,0.0
2025-04-16 09:00:00,-5.9,-5.8,,-6.0,,81.0,2.8,3.1,51.0,49.0,1024.1,45.0,0.0,,0.0
2025-04-16 10:00:00,-5.8,-5.5,,-6.0,,78.0,2.3,2.9,47.0,51.0,1024.2,133.0,0.0,,0.0
2025-04-16 11:00:00,-5.4,-5.1,,-5.6,,75.0,1.4,2.3,71.0,54.0,1024.5,203.0,0.0,,0.0
2025-04-16 12:00:00,-5.1,-4.6,,-5.6,,76.0,0.0,1.3,0.0,0.0,1024.7,285.0,0.0,,0.0
2025-04-16 13:00:00,-4.6,-4.3,,-4.9,,76.0,0.0,0.0,0.0,0.0,1025.0,355.0,0.0,,0.0
2025-04-16 14:00:00,-4.2,-4.0,,-4.3,,76.0,0.0,0.7,0.0,0.0,1025.3,457.0,0.0,,0.0
2025-04-16 15:00:00,-3.9,-3.5,,-4.3,,73.0,0.0,0.6,0.0,0.0,1025.5,483.0,0.0,,0.0
2025-04-16 16:00:00,-3.4,-2.9,,-3.7,,66.0,0.0,0.8,0.0,0.0,1025.5,593.0,0.0,,10.0
2025-04-16 17:00:00,-2.9,-2.7,,-3.1,,65.0,0.0,0.7,0.0,0.0,1025.6,622.0,0.0,,0.0
2025-04-16 18:00:00,-2.8,-2.6,-2.6,-2.9,-6.1,63.0,0.0,1.0,0.0,0.0,1025.9,578.0,0.0,,0.0
2025-04-16 19:00:00,-3.0,-2.8,,-3.1,,63.0,0.0,0.0,0.0,0.0,1026.3,451.0,0.0,,0.0
2025-04-16 20:00:00,-3.1,-2.9,,-3.2,,63.0,0.0,0.0,0.0,0.0,1026.4,346.0,0.0,,0.0
2025-04-16 21:00:00,-3.2,-3.0,,-3.7,,63.0,0.0,0.0,0.0,0.0,1026.7,256.0,0.0,,0.0
2025-04-16 22:00:00,-4.1,-3.7,,-4.3,,67.0,0.0,0.0,0.0,0.0,1027.0,148.0,0.0,,0.0
2025-04-16 23:00:00,-4.5,-4.2,,-5.0,,70.0,2.2,3.7,69.0,64.0,1027.2,70.0,0.0,,0.0
2025-04-17 00:00:00,-5.9,-4.9,,-6.4,,74.0,2.8,3.5,81.0,77.0,1027.2,11.0,0.0,,0.0
2025-04-17 01:00:00,-6.2,-6.0,,-6.6,,74.0,2.9,3.2,94.0,86.0,1027.2,1.0,0.0,,0.0
2025-04-17 02:00:00,-6.2,-6.0,,-6.5,,74.0,2.5,3.2,97.0,95.0,1027.4,1.0,0.0,,0.0
2025-04-17 03:00:00,-6.1,-5.4,,-6.8,,72.0,0.7,2.4,0.0,91.0,1027.4,1.0,0.0,,0.0
2025-04-17 04:00:00,-5.2,-4.9,,-5.8,,67.0,1.2,1.9,43.0,55.0,1027.4,1.0,0.0,,0.0
2025-04-17 05:00:00,-5.2,-4.9,,-5.6,,75.0,1.6,2.1,37.0,45.0,1027.3,1.0,0.0,,0.0
2025-04-17 06:00:00,-5.3,-5.0,-2.8,-5.8,-6.8,78.0,1.6,2.1,28.0,35.0,1027.3,1.0,0.0,0.0,0.0
2025-04-17 07:00:00,-5.2,-5.1,,-5.5,,84.0,1.5,2.0,24.0,29.0,1027.4,1.0,0.0,,0.0
2025-04-17 08:00:00,-6.2,-5.4,,-7.0,,86.0,0.0,0.0,0.0,0.0,1027.2,12.0,0.0,,10.0
2025-04-17 09:00:00,-6.6,-5.9,,-7.1,,86.0,0.0,0.0,0.0,0.0,1027.2,84.0,0.0,,40.0
2025-04-17 10:00:00,-5.4,-5.1,,-5.9,,83.0,0.5,2.3,19.0,25.0,1026.9,138.0,0.0,,10.0
2025-04-17 11:00:00,-4.7,-4.3,,-5.3,,80.0,0.3,2.0,23.0,22.0,1026.9,224.0,0.0,,0.0
2025-04-17 12:00:00,-4.7,-4.5,,-4.8,,78.0,2.1,4.3,5.0,3.0,1026.8,292.0,0.0,,60.0
2025-04-17 13:00:00,-4.6,-4.3,,-4.9,,74.0,3.3,4.5,7.0,4.0,1026.6,347.0,0.0,,40.0
2025-04-17 14:00:00,-4.7,-4.3,,-5.2,,85.0,3.1,4.4,15.0,9.0,1026.7,428.0,0.0,,40.0
2025-04-17 15:00:00,-4.8,-4.3,,-5.2,,88.0,2.9,4.6,6.0,18.0,1026.4,397.0,0.0,,40.0
2025-04-17 16:00:00,-4.2,-4.0,,-4.3,,80.0,3.7,5.3,12.0,8.0,1026.2,461.0,0.0,,40.0
2025-04-17 17:00:00,-4.0,-3.9,,-4.2,,70.0,3.4,5.0,20.0,25.0,1025.8,544.0,0.0,,40.0
2025-04-17 18:00:00,-3.9,-3.7,-3.7,-4.1,-7.1,61.0,2.9,4.6,13.0,20.0,1025.4,523.0,0.0,,40.0
2025-04-17 19:00:00,-4.0,-3.8,,-4.2,,69.0,3.7,4.9,358.0,1.0,1025.1,392.0,0.0,,60.0
2025-04-17 20:00:00,-3.9,-3.8,,-4.0,,74.0,4.5,6.1,354.0,356.0,1024.6,379.0,0.0,,40.0
2025-04-17 21:00:00,-3.9,-3.8,,-3.9,,76.0,4.1,5.7,356.0,354.0,1024.4,279.0,0.0,,10.0
2025-04-17 22:00:00,-4.0,-3.9,,-4.1,,77.0,4.1,5.7,347.0,351.0,1024.1,144.0,0.0,,10.0
2025-04-17 23:00:00,-4.0,-3.9,,-4.4,,73.0,3.5,5.3,343.0,345.0,1023.8,83.0,0.0,,0.0
2025-04-18 00:00:00,-4.3,-4.1,,-4.5,,71.0,3.0,4.5,349.0,347.0,1023.3,14.0,0.0,,0.0
2025-04-18 01:00:00,-4.3,-4.1,,-4.5,,68.0,2.9,4.4,348.0,348.0,1023.1,2.0,0.0,,0.0
2025-04-18 02:00:00,-4.4,-4.1,,-4.8,,71.0,2.9,4.6,356.0,352.0,1022.4,1.0,0.0,,10.0
2025-04-18 03:00:00,-4.7,-4.4,,-4.9,,73.0,2.0,4.0,355.0,353.0,1021.9,1.0,0.0,,60.0
2025-04-18 04:00:00,-4.8,-4.0,,-5.6,,70.0,0.9,3.0,296.0,312.0,1021.5,1.0,0.0,,10.0
2025-04-18 05:00:00,-4.6,-4.4,,-5.1,,74.0,1.6,3.9,5.0,345.0,1020.8,1.0,0.0,,10.0
2025-04-18 06:00:00,-4.6,-4.3,-3.8,-4.8,-5.6,74.0,2.9,4.9,354.0,356.0,1020.2,1.0,0.0,0.0,90.0
2025-04-18 07:00:00,-4.5,-4.2,,-4.9,,76.0,3.4,5.3,10.0,5.0,1020.0,1.0,0.0,,60.0
2025-04-18 08:00:00,-4.7,-4.4,,-5.1,,77.0,2.7,4.2,12.0,13.0,1019.4,8.0,0.0,,40.0
2025-04-18 09:00:00,-4.0,-3.4,,-5.1,,71.0,3.9,6.6,354.0,356.0,1019.0,54.0,0.0,,0.0
2025-04-18 10:00:00,-3.6,-3.5,,-3.8,,71.0,3.7,5.4,360.0,360.0,1018.7,120.0,0.0,,0.0
2025-04-18 11:00:00,-3.4,-3.2,,-3.7,,71.0,3.6,5.1,1.0,1.0,1018.5,192.0,0.0,,0.0
2025-04-18 12:00:00,-3.2,-3.1,,-3.4,,73.0,3.8,5.4,,359.0,1018.2,264.0,0.0,,0.0
2025-04-18 13:00:00,-3.1,-2.8,,-3.2,,73.0,4.2,6.4,2.0,4.0,1017.9,357.0,0.0,,0.0
2025-04-18 14:00:00,-2.7,-2.6,,-2.9,,69.0,4.4,6.3,353.0,0.0,1017.6,471.0,0.0,,0.0
2025-04-18 15:00:00,-2.7,-2.6,,-2.8,,74.0,3.4,4.9,354.0,356.0,1017.5,568.0,0.0,,0.0
2025-04-18 16:00:00,-2.7,-2.6,,-2.8,,76.0,2.1,3.2,358.0,358.0,1017.1,641.0,0.0,,10.0
2025-04-18 17:00:00,-2.7,-2.5,,-2.8,,78.0,1.6,3.1,354.0,342.0,1016.8,644.0,0.0,,0.0
2025-04-18 18:00:00,-2.9,-2.8,-2.5,-3.1,-5.1,78.0,2.1,3.2,1.0,3.0,1016.4,598.0,0.0,,0.0
2025-04-18 19:00:00,-3.1,-2.9,,-3.2,,75.0,2.1,3.2,5.0,3.0,1016.5,475.0,0.0,,0.0
2025-04-18 20:00:00,-3.1,-3.0,,-3.2,,68.0,0.0,1.9,7.0,0.0,1016.2,330.0,0.0,,10.0
2025-04-18 21:00:00,-3.1,-3.1,,-3.2,,73.0,0.0,1.9,0.0,0.0,1016.1,184.0,0.0,,90.0
2025-04-18 22:00:00,-3.1,-3.0,,-3.2,,75.0,0.0,0.0,0.0,0.0,1016.1,146.0,0.0,,10.0
2025-04-18 23:00:00,-3.8,-3.1,,-4.5,,78.0,0.0,0.0,0.0,0.0,1016.2,80.0,0.0,,60.0
2025-04-19 00:00:00,-4.8,-4.5,,-5.4,,84.0,0.0,1.5,197.0,0.0,1016.2,13.0,0.0,,10.0
2025-04-19 01:00:00,-5.2,-4.9,,-5.5,,82.0,0.3,2.0,168.0,176.0,1016.3,2.0,0.0,,60.0
2025-04-19 02:00:00,-5.9,-5.5,,-6.2,,88.0,1.7,2.5,183.0,175.0,1015.8,1.0,0.0,,90.0
2025-04-19 03:00:00,-5.6,-5.3,,-5.9,,90.0,0.8,1.8,167.0,189.0,1016.0,1.0,0.0,,90.0
2025-04-19 04:00:00,-6.3,-5.8,,-6.6,,92.0,2.9,5.1,172.0,167.0,1015.9,1.0,0.0,,90.0
2025-04-19 05:00:00,-6.3,-5.9,,-6.8,,93.0,3.6,5.3,190.0,185.0,1015.8,1.0,0.0,,90.0
2025-04-19 06:00:00,-6.7,-6.2,-2.9,-6.9,-6.9,92.0,3.6,5.4,167.0,171.0,1015.7,1.0,0.0,0.0,90.0
2025-04-19 07:00:00,-6.5,-6.2,,-6.8,,90.0,4.7,5.9,177.0,177.0,1016.1,2.0,0.0,,60.0
2025-04-19 08:00:00,-6.5,-6.3,,-6.8,,89.0,4.7,6.5,169.0,176.0,1016.4,9.0,0.0,,90.0
2025-04-19 09:00:00,-6.5,-6.4,,-6.6,,88.0,4.2,6.2,177.0,180.0,1016.3,38.0,0.0,,90.0
2025-04-19 10:00:00,-6.4,-6.2,,-6.5,,87.0,3.2,5.3,171.0,173.0,1016.5,74.0,0.0,,90.0
2025-04-19 11:00:00,-6.1,-5.9,,-6.3,,86.0,2.2,3.8,169.0,172.0,1016.6,111.0,0.0,,100.0
2025-04-19 12:00:00,-6.0,-5.9,,-6.1,,86.0,2.2,4.3,161.0,161.0,1016.6,131.0,0.0,,100.0
2025-04-19 13:00:00,-5.8,-5.5,,-6.1,,85.0,1.3,4.1,215.0,154.0,1016.7,182.0,0.0,,100.0
2025-04-19 14:00:00,-5.6,-5.2,,-5.9,,84.0,1.2,3.4,178.0,203.0,1016.7,257.0,0.0,,100.0
2025-04-19 15:00:00,-5.5,-5.3,,-5.7,,82.0,1.3,3.9,0.0,187.0,1016.5,333.0,0.0,,100.0
2025-04-19 16:00:00,-5.0,-4.6,,-5.4,,80.0,0.5,2.9,135.0,201.0,1016.3,390.0,0.0,,100.0
2025-04-19 17:00:00,-4.4,-3.9,,-5.0,,76.0,0.0,1.6,0.0,0.0,1016.0,528.0,0.0,,60.0
2025-04-19 18:00:00,-4.0,-3.4,-3.4,-4.8,-6.8,74.0,0.0,2.1,0.0,0.0,1015.9,657.0,0.0,,90.0
2025-04-19 19:00:00,-4.2,-3.9,,-4.4,,75.0,0.6,2.3,268.0,260.0,1015.9,539.0,0.0,,0.0
2025-04-19 20:00:00,-4.2,-4.0,,-4.4,,76.0,1.0,3.0,281.0,273.0,1016.0,417.0,0.0,,0.0
2025-04-19 21:00:00,-4.4,-4.2,,-4.7,,79.0,1.4,3.0,275.0,275.0,1016.1,285.0,0.0,,0.0
2025-04-19 22:00:00,-4.2,-4.1,,-4.4,,81.0,1.6,3.2,306.0,296.0,1016.0,175.0,0.0,,10.0
2025-04-19 23:00:00,-4.4,-4.3,,-4.5,,85.0,1.0,2.6,296.0,309.0,1016.3,66.0,0.0,,0.0
2025-04-20 00:00:00,-4.7,-4.3,,-4.8,,89.0,0.0,1.1,0.0,0.0,1016.3,15.0,0.0,,60.0
2025-04-20 01:00:00,-4.6,-4.4,,-4.9,,91.0,0.8,3.4,309.0,294.0,1016.3,2.0,0.0,,90.0
2025-04-20 02:00:00,-4.7,-4.4,,-5.1,,94.0,1.3,3.2,260.0,272.0,1016.2,1.0,0.0,,90.0
2025-04-20 03:00:00,-5.4,-5.1,,-6.0,,95.0,0.7,2.2,190.0,228.0,1016.0,1.0,0.0,,90.0
2025-04-20 04:00:00,-5.7,-5.5,,-6.1,,96.0,0.5,1.7,0.0,196.0,1015.8,1.0,0.0,,90.0
2025-04-20 05:00:00,-5.7,-5.5,,-5.8,,96.0,0.6,1.6,0.0,193.0,1015.8,1.0,0.0,,90.0
2025-04-20 06:00:00,-5.5,-5.3,-3.9,-5.6,-6.1,96.0,0.0,1.2,0.0,0.0,1015.7,1.0,0.0,0.0,90.0
2025-04-20 07:00:00,-5.2,-5.0,,-5.4,,95.0,0.0,0.0,0.0,0.0,1016.0,2.0,0.0,,60.0
2025-04-20 08:00:00,-5.5,-5.3,,-5.6,,95.0,0.0,0.0,0.0,0.0,1016.4,11.0,0.0,,40.0
2025-04-20 09:00:00,-5.2,-4.8,,-5.4,,93.0,0.0,0.0,0.0,0.0,1016.5,68.0,0.0,,10.0
2025-04-20 10:00:00,-5.6,-4.8,,-6.6,,91.0,0.0,0.0,0.0,0.0,1017.0,152.0,0.0,,0.0
2025-04-20 11:00:00,-6.0,-5.4,,-6.6,,90.0,0.0,0.0,0.0,0.0,1017.2,237.0,0.0,,10.0
2025-04-20 12:00:00,-5.4,-4.2,,-6.1,,90.0,0.0,0.0,0.0,0.0,1017.4,201.0,0.0,,60.0
2025-04-20 13:00:00,-3.9,-3.2,,-4.7,,88.0,0.0,0.0,0.0,0.0,1017.5,303.0,0.0,,90.0
2025-04-20 14:00:00,-3.2,-2.9,,-3.7,,88.0,1.1,3.2,7.0,354.0,1017.7,379.0,0.0,,90.0
2025-04-20 15:00:00,-3.5,-3.2,,-4.0,,89.0,1.6,2.9,3.0,8.0,1017.9,426.0,0.0,,60.0
2025-04-20 16:00:00,-3.8,-3.6,,-4.2,,89.0,1.0,3.3,4.0,1.0,1018.0,476.0,0.0,,60.0
2025-04-20 17:00:00,-4.1,-3.8,,-4.3,,90.0,1.3,3.0,2.0,6.0,1018.2,470.0,0.0,,60.0
2025-04-20 18:00:00,-4.1,-3.9,-2.9,-4.5,-6.6,91.0,1.8,3.4,4.0,8.0,1018.5,415.0,0.0,,90.0
2025-04-20 19:00:00,-4.2,-3.9,,-4.5,,91.0,1.0,3.2,0.0,4.0,1018.8,417.0,0.0,,60.0
2025-04-20 20:00:00,-3.9,-3.6,,-4.3,,90.0,0.0,0.0,0.0,0.0,1019.1,386.0,0.0,,0.0
2025-04-20 21:00:00,-3.0,-2.2,,-3.7,,88.0,0.0,0.0,0.0,0.0,1019.5,307.0,0.0,,0.0
2025-04-20 22:00:00,-2.6,-2.1,,-3.0,,85.0,0.0,1.5,0.0,0.0,1019.6,182.0,0.0,,0.0
2025-04-20 23:00:00,-2.9,-2.5,,-3.3,,88.0,0.0,1.0,0.0,0.0,1019.9,87.0,0.0,,0.0
2025-04-21 00:00:00,-3.0,-2.8,,-3.3,,92.0,1.0,2.8,309.0,282.0,1020.1,15.0,0.0,,40.0
2025-04-21 01:00:00,-3.2,-3.0,,-3.3,,95.0,0.3,2.3,276.0,281.0,1020.3,3.0,0.0,,90.0
2025-04-21 02:00:00,-3.6,-3.3,,-4.0,,96.0,0.0,2.2,0.0,0.0,1020.3,1.0,0.0,,
2025-04-21 03:00:00,-4.3,-3.9,,-4.6,,97.0,0.0,1.7,0.0,0.0,1020.4,1.0,0.0,,
2025-04-21 04:00:00,-4.7,-4.5,,-4.8,,97.0,0.5,2.2,261.0,251.0,1020.3,1.0,0.0,,
2025-04-21 05:00:00,-4.3,-4.1,,-4.6,,96.0,0.3,2.5,0.0,287.0,1020.3,1.0,0.0,,100.0
2025-04-21 06:00:00,-4.3,-4.2,-2.1,-4.4,-4.8,95.0,0.0,0.3,0.0,0.0,1020.4,1.0,0.0,0.0,100.0
2025-04-21 07:00:00,-4.8,-4.3,,-5.2,,95.0,0.4,1.8,273.0,262.0,1020.7,2.0,0.0,,
2025-04-21 08:00:00,-5.4,-5.2,,-5.5,,94.0,0.0,1.4,0.0,0.0,1020.9,8.0,0.0,,
2025-04-21 09:00:00,-5.6,-5.2,,-6.0,,94.0,0.0,1.5,0.0,0.0,1020.9,29.0,0.0,,
2025-04-21 10:00:00,-5.6,-5.4,,-5.9,,93.0,0.0,1.1,0.0,0.0,1021.2,66.0,0.0,,
2025-04-21 11:00:00,-5.5,-5.4,,-5.7,,93.0,0.0,1.5,0.0,0.0,1021.3,115.0,0.0,,
2025-04-21 12:00:00,-5.4,-5.2,,-5.6,,92.0,0.5,1.7,212.0,208.0,1021.3,170.0,0.0,,
2025-04-21 13:00:00,-5.1,-4.7,,-5.3,,92.0,0.0,1.3,0.0,0.0,1021.3,237.0,0.0,,
2025-04-21 14:00:00,-4.5,-4.2,,-4.8,,92.0,1.2,3.4,196.0,200.0,1021.4,294.0,0.0,,
2025-04-21 15:00:00,-3.9,-3.5,,-4.3,,92.0,1.6,3.1,260.0,212.0,1021.5,308.0,0.0,,
2025-04-21 16:00:00,-3.2,-2.8,,-3.6,,93.0,1.6,3.8,270.0,256.0,1021.5,325.0,0.0,,90.0
2025-04-21 17:00:00,-3.2,-3.0,,-3.6,,92.0,1.8,3.8,224.0,248.0,1021.6,410.0,0.0,,100.0
2025-04-21 18:00:00,-3.6,-3.3,-2.8,-3.8,-6.0,92.0,1.3,3.2,208.0,223.0,1021.5,382.0,0.0,,
2025-04-21 19:00:00,-3.6,-3.3,,-3.8,,92.0,1.6,3.3,204.0,208.0,1021.6,376.0,0.0,,90.0
2025-04-21 20:00:00,-3.5,-3.3,,-3.7,,92.0,1.1,2.8,268.0,223.0,1021.8,292.0,0.0,,90.0
2025-04-21 21:00:00,-3.8,-3.3,,-4.1,,93.0,1.2,3.0,250.0,270.0,1022.2,184.0,0.0,,100.0
2025-04-21 22:00:00,-4.1,-4.0,,-4.3,,93.0,1.0,3.0,255.0,248.0,1022.2,117.0,0.0,,100.0
2025-04-21 23:00:00,-4.3,-4.0,,-4.5,,94.0,1.6,3.6,271.0,255.0,1022.4,42.0,0.0,,100.0
2025-04-22 00:00:00,-4.7,-4.4,,-4.9,,95.0,1.5,3.7,282.0,267.0,1022.5,11.0,0.0,,100.0
2025-04-22 01:00:00,-5.0,-4.7,,-5.2,,95.0,0.9,3.2,299.0,292.0,1022.7,2.0,0.0,,100.0
2025-04-22 02:00:00,-4.9,-4.7,,-5.0,,95.0,0.7,2.6,0.0,275.0,1022.6,1.0,0.0,,100.0
2025-04-22 03:00:00,-5.1,-5.0,,-5.2,,95.0,0.3,1.8,221.0,241.0,1022.6,1.0,0.0,,100.0
2025-04-22 04:00:00,-5.3,-5.1,,-5.4,,94.0,0.7,2.4,0.0,214.0,1022.5,1.0,0.0,,100.0
2025-04-22 05:00:00,-5.2,-5.1,,-5.3,,94.0,0.4,2.6,0.0,240.0,1022.7,1.0,0.0,,100.0
2025-04-22 06:00:00,-5.4,-5.3,-3.3,-5.5,-5.5,95.0,0.0,1.9,156.0,0.0,1022.8,1.0,0.0,0.0,
2025-04-22 07:00:00,-5.6,-5.5,,-5.6,,95.0,0.3,2.1,0.0,146.0,1022.8,2.0,0.0,,100.0
2025-04-22 08:00:00,-5.6,-5.6,,-5.7,,95.0,0.4,1.7,0.0,113.0,1022.9,7.0,0.0,,
2025-04-22 09:00:00,-5.7,-5.6,,-5.7,,94.0,0.4,1.9,203.0,185.0,1023.0,22.0,0.0,,100.0
2025-04-22 10:00:00,-5.6,-5.5,,-5.7,,94.0,0.4,1.9,0.0,172.0,1022.9,49.0,0.0,,
2025-04-22 11:00:00,-5.5,-5.4,,-5.5,,93.0,0.0,0.5,0.0,0.0,1022.8,86.0,0.0,,100.0
2025-04-22 12:00:00,-5.2,-5.0,,-5.4,,93.0,0.0,0.5,0.0,0.0,1022.5,124.0,0.0,,
2025-04-22 13:00:00,-4.8,-4.6,,-5.1,,93.0,0.0,0.6,0.0,0.0,1022.5,157.0,0.0,,100.0
2025-04-22 14:00:00,-4.8,-4.5,,-4.9,,93.0,0.0,0.7,0.0,0.0,1022.4,194.0,0.0,,100.0
2025-04-22 15:00:00,-4.5,-4.1,,-4.6,,93.0,0.0,2.3,358.0,0.0,1022.2,207.0,0.0,,100.0
2025-04-22 16:00:00,-4.4,-4.3,,-4.6,,93.0,2.0,3.4,0.0,5.0,1021.9,265.0,0.0,,100.0
2025-04-22 17:00:00,-4.3,-4.2,,-4.4,,92.0,2.2,4.0,360.0,359.0,1021.7,276.0,0.0,,100.0
2025-04-22 18:00:00,-4.2,-4.1,-4.1,-4.4,-5.7,93.0,2.0,3.7,359.0,357.0,1021.4,204.0,0.0,,100.0
2025-04-22 19:00:00,-4.3,-4.1,,-4.4,,93.0,1.1,2.7,351.0,338.0,1021.5,179.0,0.0,,100.0
2025-04-22 20:00:00,-4.4,-4.3,,-4.6,,93.0,1.1,2.7,16.0,338.0,1021.5,146.0,0.0,,100.0
2025-04-22 21:00:00,-4.6,-4.5,,-4.7,,94.0,0.5,2.8,36.0,23.0,1021.5,93.0,0.0,,100.0
2025-04-22 22:00:00,-4.7,-4.6,,-4.9,,94.0,0.4,2.5,345.0,324.0,1021.7,60.0,0.0,,100.0
2025-04-22 23:00:00,-5.0,-4.9,,-5.1,,94.0,0.8,2.7,215.0,255.0,1021.8,31.0,0.0,,100.0
2025-04-23 00:00:00,-5.2,-5.0,,-5.3,,95.0,0.6,2.7,0.0,259.0,1021.9,10.0,0.0,,
2025-04-23 01:00:00,-5.4,-5.3,,-5.5,,95.0,0.4,2.0,0.0,299.0,1022.0,2.0,0.0,,
2025-04-23 02:00:00,-5.7,-5.5,,-5.8,,95.0,1.5,2.9,275.0,289.0,1022.0,1.0,0.0,,
2025-04-23 03:00:00,-5.9,-5.7,,-6.0,,94.0,1.0,2.7,275.0,271.0,1021.9,1.0,0.0,,100.0
2025-04-23 04:00:00,-5.8,-5.7,,-6.0,,94.0,0.0,1.5,0.0,0.0,1021.7,1.0,0.0,,100.0
2025-04-23 05:00:00,-5.8,-5.7,,-5.8,,94.0,0.0,1.4,0.0,0.0,1021.6,1.0,0.0,,100.0
2025-04-23 06:00:00,-5.8,-5.7,-4.1,-5.8,-6.0,94.0,0.0,0.8,0.0,0.0,1021.4,1.0,0.0,0.0,100.0
2025-04-23 07:00:00,-5.7,-5.6,,-5.8,,94.0,0.0,2.1,0.0,0.0,1021.4,2.0,0.0,,100.0
2025-04-23 08:00:00,-5.8,-5.8,,-5.9,,94.0,0.5,2.0,5.0,33.0,1021.6,8.0,0.0,,100.0
2025-04-23 09:00:00,-5.7,-5.7,,-5.8,,94.0,0.3,2.1,2.0,23.0,1021.5,25.0,0.0,,
2025-04-23 10:00:00,-5.7,-5.5,,-5.9,,94.0,1.1,2.9,40.0,23.0,1021.4,57.0,0.0,,
2025-04-23 11:00:00,-5.9,-5.8,,-6.0,,94.0,1.3,2.9,341.0,6.0,1021.1,95.0,0.0,,
2025-04-23 12:00:00,-6.0,-5.8,,-6.2,,93.0,1.3,2.7,23.0,351.0,1021.1,139.0,0.0,,
2025-04-23 13:00:00,-6.3,-6.1,,-6.4,,92.0,1.2,2.7,11.0,8.0,1020.9,209.0,0.0,,100.0
2025-04-23 14:00:00,-5.9,-5.7,,-6.2,,92.0,1.3,2.6,18.0,12.0,1020.8,228.0,0.0,,100.0
2025-04-23 15:00:00,-5.8,-5.5,,-6.1,,92.0,1.1,2.8,5.0,14.0,1020.3,304.0,0.0,,100.0
2025-04-23 16:00:00,-5.2,-4.9,,-5.5,,92.0,1.6,4.9,342.0,352.0,1020.0,294.0,0.0,,100.0
2025-04-23 17:00:00,-4.9,-4.7,,-5.0,,93.0,3.1,4.7,3.0,348.0,1019.8,296.0,0.0,,100.0
2025-04-23 18:00:00,-5.0,-4.8,-4.7,-5.3,-6.4,92.0,3.1,5.0,358.0,357.0,1019.8,278.0,0.0,,100.0
2025-04-23 19:00:00,-5.3,-5.2,,-5.5,,92.0,2.5,4.6,301.0,344.0,1019.8,246.0,0.0,,100.0
2025-04-23 20:00:00,-5.5,-5.3,,-5.9,,92.0,2.2,4.2,329.0,303.0,1019.7,224.0,0.0,,100.0
2025-04-23 21:00:00,-5.1,-4.8,,-5.6,,93.0,2.0,4.4,292.0,292.0,1019.9,139.0,0.0,,100.0
2025-04-23 22:00:00,-5.0,-4.8,,-5.2,,94.0,1.6,4.8,322.0,281.0,1020.2,82.0,0.0,,100.0
2025-04-23 23:00:00,-5.0,-4.7,,-5.4,,94.0,1.3,3.9,283.0,274.0,1020.3,40.0,0.0,,100.0
2025-04-24 00:00:00,-5.5,-5.2,,-5.7,,94.0,1.1,3.7,0.0,266.0,1020.3,15.0,0.0,,100.0
2025-04-24 01:00:00,-5.6,-5.4,,-5.7,,94.0,1.1,3.2,231.0,266.0,1020.1,3.0,0.0,,100.0
2025-04-24 02:00:00,-5.6,-5.4,,-5.7,,94.0,0.8,2.5,201.0,207.0,1020.0,1.0,0.0,,100.0
2025-04-24 03:00:00,-5.6,-5.3,,-5.8,,94.0,1.1,3.0,251.0,268.0,1020.0,1.0,0.0,,100.0
2025-04-24 04:00:00,-5.9,-5.8,,-6.0,,94.0,0.0,1.7,0.0,0.0,1020.1,1.0,0.0,,100.0
2025-04-24 05:00:00,-5.9,-5.8,,-6.0,,94.0,0.0,1.3,0.0,0.0,1020.1,1.0,0.0,,100.0
2025-04-24 06:00:00,-5.9,-5.9,-4.7,-5.9,-6.0,94.0,0.3,2.1,0.0,84.0,1019.9,1.0,0.0,0.0,100.0
2025-04-24 07:00:00,-5.9,-5.9,,-6.0,,94.0,0.5,2.4,0.0,60.0,1019.8,2.0,0.0,,100.0
2025-04-24 08:00:00,-6.2,-5.9,,-6.6,,94.0,1.4,3.1,38.0,38.0,1020.0,10.0,0.0,,100.0
2025-04-24 09:00:00,-6.4,-6.1,,-6.6,,93.0,0.6,2.8,0.0,57.0,1020.0,27.0,0.0,,100.0
2025-04-24 10:00:00,-5.9,-5.8,,-6.1,,93.0,0.6,3.1,27.0,16.0,1020.0,56.0,0.0,,100.0
2025-04-24 11:00:00,-5.9,-5.8,,-6.0,,93.0,0.6,2.2,0.0,25.0,1019.9,95.0,0.0,,100.0
2025-04-24 12:00:00,-5.4,-5.0,,-5.8,,93.0,0.0,1.7,0.0,0.0,1019.9,139.0,0.0,,100.0
2025-04-24 13:00:00,-5.1,-4.9,,-5.3,,93.0,0.8,3.2,358.0,351.0,1019.8,178.0,0.0,,100.0
2025-04-24 14:00:00,-5.3,-5.1,,-5.5,,92.0,1.6,3.4,343.0,1.0,1019.7,239.0,0.0,,100.0
2025-04-24 15:00:00,-5.4,-5.3,,-5.6,,92.0,1.9,4.3,8.0,340.0,1019.6,277.0,0.0,,100.0
2025-04-24 16:00:00,-5.6,-5.4,,-5.7,,92.0,2.3,4.2,354.0,356.0,1019.2,306.0,0.0,,100.0
2025-04-24 17:00:00,-5.4,-5.2,,-5.7,,92.0,1.5,3.9,359.0,359.0,1018.9,322.0,0.0,,100.0
2025-04-24 18:00:00,-5.1,-4.8,-4.8,-5.3,-6.6,92.0,2.0,4.2,349.0,356.0,1018.7,275.0,0.0,,100.0
2025-04-24 19:00:00,-5.1,-4.8,,-5.3,,92.0,3.1,5.1,346.0,337.0,1018.7,231.0,0.0,,100.0
2025-04-24 20:00:00,-5.0,-4.8,,-5.2,,93.0,2.8,4.8,336.0,344.0,1018.6,179.0,0.0,,100.0
2025-04-24 21:00:00,-5.2,-5.0,,-5.5,,93.0,2.7,4.5,356.0,350.0,1018.4,138.0,0.0,,100.0
2025-04-24 22:00:00,-5.3,-5.1,,-5.5,,94.0,2.0,3.9,290.0,334.0,1018.1,87.0,0.0,,100.0
2025-04-24 23:00:00,-5.1,-5.1,,-5.2,,94.0,1.4,3.3,2.0,352.0,1017.8,43.0,0.0,,100.0
2025-04-25 00:00:00,-5.2,-5.0,,-5.3,,94.0,1.2,3.9,6.0,16.0,1017.2,17.0,0.0,,100.0
2025-04-25 01:00:00,-5.4,-5.1,,-5.5,,94.0,1.6,3.9,35.0,357.0,1017.0,4.0,0.0,,100.0
2025-04-25 02:00:00,-5.9,-5.5,,-6.1,,94.0,0.8,3.2,0.0,38.0,1016.5,1.0,0.0,,100.0
2025-04-25 03:00:00,-5.9,-5.8,,-6.0,,94.0,0.0,2.6,0.0,0.0,1015.8,1.0,0.0,,100.0
2025-04-25 04:00:00,-5.8,-5.7,,-5.9,,94.0,0.0,0.6,0.0,0.0,1015.1,1.0,0.0,,100.0
2025-04-25 05:00:00,-5.8,-5.7,,-5.9,,94.0,0.3,2.6,27.0,62.0,1014.4,1.0,0.0,,100.0
2025-04-25 06:00:00,-6.1,-5.9,-4.8,-6.2,-6.2,94.0,0.5,2.9,345.0,9.0,1013.8,1.0,0.0,0.0,
2025-04-25 07:00:00,-6.4,-6.2,,-6.7,,94.0,1.0,2.5,0.0,349.0,1013.2,3.0,0.0,,
2025-04-25 08:00:00,-7.0,-6.5,,-7.3,,93.0,0.0,1.3,0.0,0.0,1012.3,17.0,0.0,,
2025-04-25 09:00:00,-6.5,-6.3,,-6.6,,93.0,0.0,2.2,0.0,0.0,1011.6,43.0,0.0,,
2025-04-25 10:00:00,-6.0,-5.5,,-6.6,,93.0,0.0,1.1,0.0,0.0,1010.8,101.0,0.0,,
2025-04-25 11:00:00,-5.2,-4.6,,-6.1,,93.0,0.7,2.3,0.0,265.0,1010.0,188.0,0.0,,60.0
2025-04-25 12:00:00,-4.3,-4.0,,-4.6,,93.0,1.1,3.0,270.0,273.0,1009.2,230.0,0.0,,40.0
2025-04-25 13:00:00,-3.6,-3.1,,-4.0,,93.0,2.3,4.1,276.0,274.0,1008.2,327.0,0.0,,40.0
2025-04-25 14:00:00,-2.8,-2.4,,-3.2,,92.0,1.8,3.8,323.0,289.0,1007.3,452.0,0.0,,90.0
2025-04-25 15:00:00,-1.7,-0.6,,-2.6,,82.0,3.5,5.8,328.0,339.0,1006.5,523.0,0.0,,90.0
2025-04-25 16:00:00,-0.8,-0.4,,-1.3,,77.0,2.0,4.3,281.0,275.0,1006.2,532.0,0.0,,60.0
2025-04-25 17:00:00,-0.4,-0.1,,-0.9,,76.0,2.5,4.5,280.0,284.0,1005.4,639.0,0.0,,10.0
2025-04-25 18:00:00,-0.4,-0.2,-0.1,-0.6,-7.3,77.0,2.8,4.3,265.0,268.0,1005.1,622.0,0.0,,0.0
2025-04-25 19:00:00,-0.5,-0.2,,-0.8,,80.0,2.8,4.3,270.0,280.0,1004.7,480.0,0.0,,40.0
2025-04-25 20:00:00,-0.6,-0.4,,-0.9,,81.0,3.2,4.7,279.0,274.0,1004.4,409.0,0.0,,40.0
2025-04-25 21:00:00,-0.7,-0.6,,-0.9,,80.0,3.1,5.3,266.0,273.0,1004.3,294.0,0.0,,0.0
2025-04-25 22:00:00,-1.1,-0.8,,-1.5,,85.0,3.0,5.3,260.0,270.0,1004.5,201.0,0.0,,0.0
2025-04-25 23:00:00,-1.8,-1.4,,-2.0,,89.0,1.6,3.3,232.0,264.0,1004.6,85.0,0.0,,60.0
2025-04-26 00:00:00,-2.3,-2.0,,-2.7,,92.0,2.7,4.3,239.0,223.0,1004.8,22.0,0.0,,90.0
2025-04-26 01:00:00,-2.3,-2.1,,-2.5,,91.0,3.7,5.5,213.0,216.0,1005.1,4.0,0.0,,100.0
2025-04-26 02:00:00,-2.7,-2.4,,-2.9,,92.0,4.7,6.9,220.0,214.0,1005.2,1.0,0.0,,100.0
2025-04-26 03:00:00,-2.9,-2.8,,-3.1,,91.0,5.8,8.4,200.0,210.0,1005.5,1.0,0.0,,100.0
2025-04-26 04:00:00,-3.1,-3.0,,-3.3,,89.0,6.3,9.2,203.0,206.0,1005.6,1.0,0.0,,100.0
2025-04-26 05:00:00,-3.3,-3.2,,-3.4,,90.0,5.2,7.6,219.0,216.0,1005.8,1.0,0.0,,100.0
2025-04-26 06:00:00,-3.5,-3.3,-0.2,-3.7,-3.7,92.0,4.5,7.1,214.0,224.0,1006.0,1.0,0.0,0.0,100.0
2025-04-26 07:00:00,-3.8,-3.7,,-3.9,,92.0,3.5,5.1,205.0,218.0,1006.3,2.0,0.0,,100.0
2025-04-26 08:00:00,-4.0,-3.8,,-4.1,,92.0,3.6,4.9,212.0,205.0,1006.6,5.0,0.0,,100.0
2025-04-26 09:00:00,-4.2,-4.1,,-4.2,,93.0,3.6,4.6,201.0,204.0,1006.8,18.0,0.0,,100.0
2025-04-26 10:00:00,-4.2,-4.2,,-4.3,,93.0,3.4,4.3,207.0,197.0,1006.7,34.0,0.0,,100.0
2025-04-26 11:00:00,-4.2,-4.1,,-4.3,,93.0,3.6,4.5,199.0,199.0,1006.8,73.0,0.0,,100.0
2025-04-26 12:00:00,-4.3,-4.2,,-4.3,,93.0,4.3,5.7,206.0,200.0,1006.9,93.0,0.0,,100.0
2025-04-26 13:00:00,-4.2,-4.1,,-4.4,,91.0,4.2,6.0,204.0,206.0,1006.9,128.0,0.0,,100.0
2025-04-26 14:00:00,-4.2,-4.0,,-4.4,,92.0,3.9,5.1,206.0,204.0,1007.0,139.0,0.0,,100.0
2025-04-26 15:00:00,-4.2,-4.1,,-4.3,,92.0,3.4,4.8,217.0,217.0,1007.1,156.0,0.0,,100.0
2025-04-26 16:00:00,-4.1,-3.8,,-4.4,,90.0,3.3,4.8,216.0,220.0,1007.2,197.0,0.0,,100.0
2025-04-26 17:00:00,-3.9,-3.7,,-4.0,,85.0,3.8,5.3,203.0,206.0,1007.1,258.0,0.0,,100.0
2025-04-26 18:00:00,-3.9,-3.7,-3.7,-4.0,-4.4,84.0,3.6,5.6,203.0,209.0,1007.2,220.0,0.0,,100.0
2025-04-26 19:00:00,-4.0,-3.8,,-4.2,,85.0,3.0,4.9,210.0,204.0,1007.1,178.0,0.0,,100.0
2025-04-26 20:00:00,-4.2,-3.9,,-4.3,,89.0,2.3,4.4,233.0,237.0,1007.0,108.0,0.0,,100.0
2025-04-26 21:00:00,-4.2,-4.1,,-4.3,,86.0,2.1,4.0,262.0,256.0,1006.8,77.0,0.0,,100.0
2025-04-26 22:00:00,-4.3,-4.2,,-4.4,,85.0,1.8,3.4,268.0,263.0,1006.8,56.0,0.0,,100.0
2025-04-26 23:00:00,-4.4,-4.2,,-4.4,,85.0,1.9,3.5,241.0,235.0,1006.8,35.0,0.0,,100.0
2025-04-27 00:00:00,-4.4,-4.3,,-4.5,,85.0,1.3,2.7,213.0,223.0,1006.7,14.0,0.0,,100.0
2025-04-27 01:00:00,-4.5,-4.4,,-4.6,,87.0,1.5,2.6,204.0,213.0,1006.3,4.0,0.0,,100.0
2025-04-27 02:00:00,-4.6,-4.6,,-4.7,,86.0,1.4,2.6,0.0,209.0,1006.1,1.0,0.0,,100.0
2025-04-27 03:00:00,-4.8,-4.7,,-4.9,,87.0,0.8,1.9,248.0,218.0,1006.1,1.0,0.0,,100.0
2025-04-27 04:00:00,-4.9,-4.7,,-5.1,,87.0,0.7,2.1,0.0,200.0,1006.0,1.0,0.0,,100.0
2025-04-27 05:00:00,-4.8,-4.7,,-5.0,,88.0,1.0,2.0,188.0,194.0,1006.0,1.0,0.0,,100.0
2025-04-27 06:00:00,-4.7,-4.6,-3.8,-4.8,-5.1,89.0,1.9,2.5,189.0,186.0,1006.1,1.0,0.0,0.0,100.0
2025-04-27 07:00:00,-4.8,-4.7,,-4.9,,92.0,2.0,2.7,195.0,194.0,1006.2,3.0,0.0,,90.0
2025-04-27 08:00:00,-4.8,-4.8,,-4.9,,93.0,2.4,3.1,181.0,188.0,1006.6,11.0,0.1,,100.0
2025-04-27 09:00:00,-4.9,-4.8,,-4.9,,93.0,3.2,4.2,185.0,182.0,1006.9,44.0,0.1,,100.0
2025-04-27 10:00:00,-4.8,-4.7,,-4.9,,93.0,3.2,4.3,187.0,188.0,1007.4,91.0,0.1,,100.0
2025-04-27 11:00:00,-4.8,-4.8,,-4.8,,91.0,3.3,4.4,187.0,190.0,1007.5,136.0,0.0,,
2025-04-27 12:00:00,-4.6,-4.3,,-4.8,,91.0,3.2,4.3,193.0,188.0,1007.6,187.0,0.1,,90.0
2025-04-27 13:00:00,-4.4,-4.2,,-4.5,,85.0,4.0,5.3,213.0,214.0,1007.6,206.0,0.0,,100.0
2025-04-27 14:00:00,-4.3,-4.0,,-4.4,,80.0,3.3,4.7,215.0,211.0,1007.5,317.0,0.0,,100.0
2025-04-27 15:00:00,-3.7,-3.3,,-4.1,,77.0,0.8,3.4,272.0,247.0,1007.1,435.0,0.0,,100.0
2025-04-27 16:00:00,-3.7,-3.4,,-4.0,,76.0,1.2,3.2,321.0,312.0,1006.3,492.0,0.0,,90.0
2025-04-27 17:00:00,-3.5,-3.3,,-3.7,,78.0,3.3,6.1,3.0,353.0,1005.2,484.0,0.0,,100.0
2025-04-27 18:00:00,-3.6,-3.4,-3.3,-3.7,-4.9,82.0,4.3,6.1,1.0,358.0,1004.6,322.0,0.0,,90.0
2025-04-27 19:00:00,-3.4,-3.2,,-3.5,,81.0,4.3,6.1,358.0,360.0,1003.4,424.0,0.0,,60.0
2025-04-27 20:00:00,-3.3,-3.1,,-3.4,,80.0,4.6,6.4,346.0,352.0,1002.7,440.0,0.0,,10.0
2025-04-27 21:00:00,-3.4,-3.2,,-3.7,,81.0,3.4,5.6,339.0,347.0,1001.7,252.0,0.0,,60.0
2025-04-27 22:00:00,-3.5,-3.2,,-3.7,,83.0,3.2,4.9,352.0,346.0,1000.8,136.0,0.0,,0.0
2025-04-27 23:00:00,-3.2,-3.1,,-3.3,,81.0,2.9,4.5,356.0,359.0,1000.1,134.0,0.0,,0.0
2025-04-28 00:00:00,-3.4,-3.1,,-3.6,,85.0,1.3,3.0,10.0,356.0,999.7,49.0,0.0,,60.0
2025-04-28 01:00:00,-3.6,-3.3,,-4.3,,86.0,0.4,2.6,1.0,7.0,999.3,9.0,0.0,,90.0
2025-04-28 02:00:00,-3.6,-3.3,,-4.1,,88.0,0.9,2.9,22.0,20.0,999.1,1.0,0.0,,60.0
2025-04-28 03:00:00,-4.1,-3.2,,-5.1,,89.0,0.0,2.2,0.0,0.0,999.0,1.0,0.0,,0.0
2025-04-28 04:00:00,-4.9,-4.0,,-5.8,,92.0,0.0,0.0,0.0,0.0,999.4,1.0,0.0,,0.0
2025-04-28 05:00:00,-5.9,-5.3,,-6.5,,95.0,1.8,3.4,207.0,189.0,999.7,1.0,0.0,,90.0
2025-04-28 06:00:00,-5.4,-5.0,-3.1,-5.8,-6.5,94.0,1.1,2.6,165.0,173.0,1000.4,2.0,0.0,0.4,10.0
2025-04-28 07:00:00,-5.8,-5.4,,-6.2,,96.0,3.4,6.7,184.0,172.0,1001.4,4.0,0.1,,
2025-04-28 08:00:00,-5.9,-5.3,,-6.7,,95.0,4.0,6.4,184.0,186.0,1001.8,14.0,0.0,,90.0
2025-04-28 09:00:00,-5.4,-4.6,,-6.0,,94.0,3.8,6.4,173.0,176.0,1002.7,35.0,0.0,,100.0
2025-04-28 10:00:00,-3.5,-2.8,,-4.6,,93.0,2.9,6.6,259.0,213.0,1003.3,64.0,0.0,,100.0
2025-04-28 11:00:00,-2.6,-2.2,,-2.9,,85.0,3.5,6.3,262.0,253.0,1003.4,98.0,0.0,,100.0
2025-04-28 12:00:00,-2.2,-2.0,,-2.5,,83.0,3.0,5.9,240.0,257.0,1003.7,186.0,0.0,,
2025-04-28 13:00:00,-2.3,-1.9,,-2.5,,84.0,3.0,5.6,263.0,263.0,1003.3,256.0,0.0,,90.0
2025-04-28 14:00:00,-1.8,-1.5,,-2.2,,78.0,1.8,3.4,287.0,274.0,1003.3,319.0,0.0,,90.0
2025-04-28 15:00:00,-1.7,-1.5,,-1.9,,78.0,1.5,3.5,222.0,232.0,1003.1,309.0,0.0,,100.0
2025-04-28 16:00:00,-1.6,-1.1,,-1.9,,78.0,1.5,3.7,195.0,214.0,1002.4,387.0,0.0,,90.0
2025-04-28 17:00:00,-0.8,-0.3,,-1.2,,70.0,0.0,2.4,0.0,0.0,1002.3,515.0,0.0,,100.0
2025-04-28 18:00:00,-0.7,-0.2,-0.2,-1.3,-6.7,69.0,1.5,5.5,257.0,196.0,1002.2,624.0,0.0,,40.0
2025-04-28 19:00:00,-1.3,-0.9,,-1.6,,74.0,3.6,6.6,264.0,263.0,1001.8,517.0,0.0,,40.0
2025-04-28 20:00:00,-1.5,-1.3,,-1.7,,73.0,2.9,5.5,268.0,264.0,1002.0,283.0,0.0,,100.0
2025-04-28 21:00:00,-1.9,-1.6,,-2.3,,79.0,3.8,7.4,259.0,262.0,1002.3,106.0,0.0,,100.0
2025-04-28 22:00:00,-2.4,-2.2,,-2.6,,81.0,4.3,7.2,262.0,263.0,1003.2,115.0,0.0,,100.0
2025-04-28 23:00:00,-2.9,-2.5,,-3.2,,83.0,3.9,7.2,260.0,261.0,1004.1,49.0,0.0,,100.0
2025-04-29 00:00:00,-3.2,-3.0,,-3.5,,86.0,3.5,5.9,260.0,262.0,1004.6,14.0,0.1,,90.0
2025-04-29 01:00:00,-3.6,-3.5,,-3.8,,86.0,3.3,5.5,264.0,260.0,1004.9,4.0,0.0,,100.0
2025-04-29 02:00:00,-3.7,-3.6,,-3.8,,79.0,2.7,4.6,259.0,262.0,1005.0,1.0,0.0,,90.0
2025-04-29 03:00:00,-3.9,-3.7,,-4.0,,81.0,2.1,3.9,260.0,261.0,1005.2,1.0,0.0,,90.0
2025-04-29 04:00:00,-4.0,-3.7,,-4.1,,82.0,1.2,3.2,276.0,265.0,1005.1,1.0,0.0,,100.0
2025-04-29 05:00:00,-3.7,-3.7,,-3.7,,79.0,1.9,3.4,312.0,302.0,1005.1,1.0,0.0,,100.0
2025-04-29 06:00:00,-3.8,-3.7,-0.9,-3.8,-4.1,79.0,1.3,3.6,323.0,322.0,1005.0,1.0,0.0,0.2,100.0
2025-04-29 07:00:00,-3.7,-3.7,,-3.8,,79.0,0.5,2.5,0.0,318.0,1005.2,4.0,0.0,,90.0
2025-04-29 08:00:00,-3.7,-3.7,,-3.9,,79.0,0.0,2.1,0.0,0.0,1005.7,14.0,0.0,,100.0
2025-04-29 09:00:00,-4.2,-3.9,,-4.3,,85.0,0.0,0.0,0.0,0.0,1005.9,48.0,0.0,,90.0
2025-04-29 10:00:00,-4.1,-4.0,,-4.3,,85.0,0.0,2.1,137.0,0.0,1006.2,82.0,0.0,,90.0
2025-04-29 11:00:00,-3.5,-2.9,,-4.2,,80.0,0.4,2.0,0.0,114.0,1006.2,239.0,0.0,,40.0
2025-04-29 12:00:00,-2.9,-2.6,,-3.2,,77.0,1.0,4.1,112.0,105.0,1006.4,310.0,0.0,,0.0
2025-04-29 13:00:00,-2.9,-2.7,,-3.1,,77.0,3.9,5.8,114.0,109.0,1006.6,408.0,0.0,,0.0
2025-04-29 14:00:00,-2.5,-2.1,,-2.8,,77.0,4.3,5.8,109.0,111.0,1006.8,538.0,0.0,,0.0
2025-04-29 15:00:00,-1.8,-1.4,,-2.2,,73.0,4.2,6.0,141.0,131.0,1006.7,600.0,0.0,,0.0
2025-04-29 16:00:00,-1.1,-0.7,,-1.5,,67.0,3.5,5.0,138.0,132.0,1006.4,664.0,0.0,,0.0
2025-04-29 17:00:00,-0.7,-0.4,,-1.0,,65.0,3.3,5.8,73.0,103.0,1006.2,671.0,0.0,,0.0
2025-04-29 18:00:00,-1.0,-0.9,-0.4,-1.3,-4.3,75.0,5.1,6.4,73.0,76.0,1005.8,656.0,0.0,,0.0
2025-04-29 19:00:00,-1.1,-0.9,,-1.3,,75.0,5.1,6.6,66.0,71.0,1005.4,575.0,0.0,,
2025-04-29 20:00:00,-1.4,-0.9,,-1.7,,77.0,4.8,6.9,47.0,54.0,1004.7,462.0,0.0,,0.0
2025-04-29 21:00:00,-1.6,-1.5,,-1.8,,78.0,5.3,7.7,28.0,38.0,1004.1,344.0,0.0,,0.0
2025-04-29 22:00:00,-2.0,-1.8,,-2.2,,79.0,6.6,8.6,29.0,28.0,1003.2,207.0,0.0,,10.0
2025-04-29 23:00:00,-2.2,-2.1,,-2.3,,84.0,6.8,8.8,28.0,27.0,1002.3,134.0,0.0,,40.0
2025-04-30 00:00:00,-2.3,-2.2,,-2.4,,81.0,6.6,9.2,27.0,27.0,1001.4,47.0,0.0,,60.0
2025-04-30 01:00:00,-2.2,-2.2,,-2.4,,78.0,6.5,9.2,26.0,26.0,1000.6,7.0,0.0,,60.0
2025-04-30 02:00:00,-2.1,-2.1,,-2.2,,79.0,6.7,9.7,26.0,25.0,999.9,2.0,0.0,,10.0
2025-04-30 03:00:00,-2.1,-2.0,,-2.2,,74.0,7.0,10.0,25.0,25.0,998.9,1.0,0.0,,90.0
2025-04-30 04:00:00,-2.1,-2.0,,-2.1,,71.0,6.4,8.8,27.0,26.0,998.2,1.0,0.0,,100.0
2025-04-30 05:00:00,-2.1,-2.0,,-2.2,,72.0,4.6,7.1,28.0,26.0,997.7,1.0,0.0,,100.0
2025-04-30 06:00:00,-2.1,-2.0,-0.9,-2.5,-2.5,72.0,3.5,5.8,10.0,20.0,997.4,1.0,0.0,0.0,90.0
2025-04-30 07:00:00,-2.3,-2.2,,-2.5,,76.0,0.8,2.5,0.0,20.0,997.2,5.0,0.0,,100.0
2025-04-30 08:00:00,-2.3,-2.1,,-2.5,,75.0,0.6,2.3,0.0,21.0,996.7,23.0,0.0,,90.0
2025-04-30 09:00:00,-2.3,-2.1,,-2.5,,73.0,1.0,2.8,9.0,6.0,996.6,47.0,0.0,,90.0
2025-04-30 10:00:00,-2.5,-2.0,,-3.1,,76.0,1.0,2.9,215.0,108.0,996.8,54.0,0.0,,90.0
2025-04-30 11:00:00,-2.3,-1.9,,-2.7,,76.0,1.0,2.2,264.0,241.0,996.8,102.0,0.0,,100.0
2025-04-30 12:00:00,-2.0,-1.9,,-2.3,,77.0,3.1,6.0,168.0,191.0,997.2,170.0,0.0,,90.0
2025-04-30 13:00:00,-1.4,-0.5,,-1.9,,72.0,3.3,5.1,155.0,150.0,997.3,372.0,0.0,,10.0
2025-04-30 14:00:00,-1.7,-0.7,,-2.3,,72.0,4.7,6.3,186.0,178.0,997.7,448.0,0.0,,90.0
2025-04-30 15:00:00,-1.5,-1.1,,-1.9,,73.0,4.4,5.5,169.0,174.0,998.2,467.0,0.0,,90.0
2025-04-30 16:00:00,-0.6,0.0,,-1.2,,65.0,2.2,3.9,173.0,170.0,998.5,577.0,0.0,,40.0
2025-04-30 17:00:00,0.1,0.3,,-0.3,,56.0,0.3,1.8,0.0,156.0,998.8,638.0,0.0,,10.0
2025-04-30 18:00:00,0.3,0.6,0.6,0.1,-3.1,55.0,0.0,2.2,0.0,0.0,998.9,604.0,0.0,,90.0
2025-04-30 19:00:00,0.2,1.5,,-0.4,,58.0,1.4,3.9,14.0,317.0,999.2,447.0,0.0,,90.0
2025-04-30 20:00:00,-0.6,0.0,,-0.9,,65.0,3.0,4.7,25.0,30.0,999.6,267.0,0.0,,90.0
2025-04-30 21:00:00,-0.9,-0.7,,-1.1,,74.0,3.3,5.0,19.0,16.0,999.7,159.0,0.0,,100.0
2025-04-30 22:00:00,-1.2,-1.1,,-1.3,,78.0,3.9,5.4,21.0,21.0,999.9,111.0,0.0,,100.0
2025-04-30 23:00:00,-1.3,-1.2,,-1.4,,78.0,4.3,6.0,24.0,26.0,999.9,50.0,0.0,,100.0
2025-05-01 00:00:00,-1.4,-1.3,,-1.4,,78.0,4.0,5.6,23.0,21.0,999.9,20.0,0.0,,100.0
2025-05-01 01:00:00,-1.3,-1.2,,-1.5,,74.0,3.2,4.9,360.0,15.0,1000.4,5.0,0.0,,100.0
2025-05-01 02:00:00,-1.9,-1.5,,-2.4,,81.0,3.3,5.2,341.0,351.0,1000.7,2.0,0.1,,
2025-05-01 03:00:00,-2.4,-2.3,,-2.5,,95.0,3.2,4.8,304.0,326.0,1001.3,1.0,1.0,,100.0
2025-05-01 04:00:00,-2.2,-2.1,,-2.4,,97.0,3.2,5.6,299.0,302.0,1001.7,1.0,0.8,,100.0
2025-05-01 05:00:00,-2.4,-2.2,,-2.6,,97.0,4.0,6.7,269.0,289.0,1003.1,1.0,0.4,,100.0
2025-05-01 06:00:00,-2.7,-2.5,1.5,-2.9,-2.9,96.0,5.1,8.8,266.0,266.0,1005.0,2.0,0.6,2.9,100.0
2025-05-01 07:00:00,-2.9,-2.7,,-3.1,,95.0,5.0,9.2,266.0,260.0,1006.8,5.0,0.1,,90.0
2025-05-01 08:00:00,-2.9,-2.8,,-3.2,,92.0,5.4,9.8,225.0,257.0,1008.7,16.0,0.0,,100.0
2025-05-01 09:00:00,-3.5,-2.9,,-4.5,,92.0,8.1,11.3,213.0,222.0,1010.7,33.0,0.0,,90.0
2025-05-01 10:00:00,-4.8,-4.4,,-5.3,,91.0,7.8,11.3,218.0,218.0,1012.9,102.0,0.0,,100.0
2025-05-01 11:00:00,-5.4,-4.9,,-5.6,,92.0,8.6,12.2,200.0,207.0,1014.4,184.0,0.0,,100.0
2025-05-01 12:00:00,-4.7,-4.4,,-5.0,,89.0,10.4,13.8,199.0,199.0,1015.6,185.0,0.3,,100.0
2025-05-01 13:00:00,-4.4,-4.3,,-4.5,,84.0,11.2,14.5,193.0,196.0,1016.7,209.0,0.0,,100.0
2025-05-01 14:00:00,-4.5,-4.2,,-4.6,,77.0,9.5,13.1,174.0,185.0,1017.7,336.0,0.0,,100.0
2025-05-01 15:00:00,-3.8,-2.7,,-4.5,,75.0,6.6,8.9,185.0,183.0,1017.8,525.0,0.0,,10.0
2025-05-01 16:00:00,-2.6,-2.3,,-2.8,,68.0,8.6,11.9,181.0,183.0,1018.1,403.0,0.0,,90.0
2025-05-01 17:00:00,-2.3,-2.0,,-2.5,,65.0,6.1,9.7,157.0,171.0,1018.1,395.0,0.0,,90.0
2025-05-01 18:00:00,-2.3,-2.0,-2.0,-2.4,-5.6,66.0,3.8,5.8,126.0,141.0,1018.1,322.0,0.0,,90.0
2025-05-01 19:00:00,-2.3,-1.8,,-2.7,,71.0,4.0,6.2,66.0,81.0,1017.9,386.0,0.0,,90.0
2025-05-01 20:00:00,-2.9,-2.6,,-3.1,,77.0,4.7,6.4,58.0,62.0,1017.6,154.0,0.0,,90.0
2025-05-01 21:00:00,-2.9,-2.7,,-3.1,,77.0,5.7,7.7,58.0,53.0,1016.9,215.0,0.0,,90.0
2025-05-01 22:00:00,-2.6,-2.3,,-6.8,,78.0,5.0,7.0,54.0,59.0,1016.8,234.0,0.0,,100.0
2025-05-01 23:00:00,-2.8,-2.6,,-7.6,,83.0,3.8,5.8,51.0,49.0,1016.4,64.0,0.0,,100.0
2025-05-02 00:00:00,-2.5,-2.5,,-2.6,,86.0,3.4,5.3,41.0,51.0,1016.3,25.0,0.0,,90.0
2025-05-02 01:00:00,-2.8,-2.5,,-2.9,,88.0,2.4,4.0,50.0,46.0,1016.0,8.0,0.0,,90.0
2025-05-02 02:00:00,-2.8,-2.6,,-2.9,,89.0,2.2,3.7,53.0,49.0,1015.7,2.0,0.0,,90.0
2025-05-02 03:00:00,-2.7,-2.5,,-2.8,,90.0,2.0,3.9,53.0,55.0,1015.0,1.0,0.0,,100.0
2025-05-02 04:00:00,-2.5,-2.4,,-2.7,,90.0,3.4,6.1,65.0,55.0,1014.4,1.0,0.0,,100.0
2025-05-02 05:00:00,-2.8,-2.5,,-3.3,,91.0,1.6,5.0,66.0,61.0,1013.7,1.0,0.0,,100.0
2025-05-02 06:00:00,-3.2,-2.4,-1.8,-3.6,-7.6,87.0,2.0,4.1,0.0,62.0,1013.3,2.0,0.0,0.4,100.0
2025-05-02 07:00:00,-3.3,-2.9,,-3.7,,84.0,2.2,4.8,68.0,57.0,1012.5,14.0,0.0,,90.0
2025-05-02 08:00:00,-3.5,-3.0,,-4.0,,81.0,1.7,4.3,0.0,120.0,1012.3,64.0,0.0,,0.0
2025-05-02 09:00:00,-2.3,-1.7,,-3.3,,74.0,0.0,0.8,0.0,0.0,1011.7,128.0,0.0,,0.0
2025-05-02 10:00:00,-2.8,-2.1,,-3.4,,73.0,0.6,2.1,0.0,116.0,1011.3,180.0,0.0,,0.0
2025-05-02 11:00:00,-1.7,-0.3,,-2.9,,70.0,0.0,0.0,0.0,0.0,1011.0,268.0,0.0,,0.0
2025-05-02 12:00:00,-0.8,0.1,,-1.4,,65.0,0.0,1.1,0.0,0.0,1010.4,332.0,0.0,,0.0
2025-05-02 13:00:00,-1.1,-0.1,,-1.5,,67.0,0.0,2.0,202.0,0.0,1010.4,380.0,0.0,,60.0
2025-05-02 14:00:00,-0.9,-0.4,,-1.2,,71.0,1.8,3.8,271.0,229.0,1010.0,463.0,0.0,,60.0
2025-05-02 15:00:00,-1.0,-0.5,,-1.3,,74.0,2.5,4.4,272.0,261.0,1009.7,479.0,0.0,,60.0
2025-05-02 16:00:00,-0.6,-0.2,,-0.9,,70.0,2.1,4.0,260.0,264.0,1009.2,574.0,0.0,,60.0
2025-05-02 17:00:00,-0.5,-0.1,,-0.8,,66.0,3.3,6.3,265.0,265.0,1009.1,562.0,0.0,,90.0
2025-05-02 18:00:00,-0.9,-0.6,0.1,-1.2,-4.0,75.0,3.3,5.9,262.0,263.0,1009.3,494.0,0.0,,90.0
2025-05-02 19:00:00,-1.1,-0.9,,-1.3,,78.0,3.1,5.4,257.0,259.0,1009.2,451.0,0.0,,90.0
2025-05-02 20:00:00,-1.2,-0.8,,-1.4,,77.0,4.0,6.4,250.0,246.0,1009.8,381.0,0.0,,90.0
2025-05-02 21:00:00,-1.6,-1.2,,-2.0,,78.0,4.1,6.6,238.0,246.0,1010.3,224.0,0.0,,90.0
2025-05-02 22:00:00,-1.9,-1.7,,-2.1,,78.0,4.2,7.0,253.0,242.0,1010.9,153.0,0.0,,100.0
2025-05-02 23:00:00,-2.1,-2.0,,-2.2,,80.0,3.8,7.4,247.0,255.0,1011.3,58.0,0.0,,90.0
2025-05-03 00:00:00,-2.3,-2.1,,-2.5,,80.0,3.7,6.5,252.0,250.0,1011.7,28.0,0.0,,100.0
2025-05-03 01:00:00,-2.6,-2.5,,-2.7,,80.0,2.6,4.7,226.0,233.0,1012.1,8.0,0.0,,100.0
2025-05-03 02:00:00,-2.6,-2.5,,-2.7,,81.0,2.0,4.0,201.0,221.0,1012.5,2.0,0.0,,100.0
2025-05-03 03:00:00,-2.6,-2.6,,-2.9,,83.0,1.7,4.4,270.0,236.0,1012.8,1.0,0.0,,100.0
2025-05-03 04:00:00,-3.0,-2.9,,-3.0,,81.0,2.6,5.2,270.0,270.0,1012.8,1.0,0.0,,100.0
2025-05-03 05:00:00,-3.0,-2.9,,-3.1,,80.0,2.5,4.3,228.0,226.0,1013.4,1.0,0.0,,100.0
2025-05-03 06:00:00,-3.2,-3.1,-0.8,-3.3,-3.3,77.0,3.0,4.8,249.0,233.0,1014.0,2.0,0.0,0.0,100.0
2025-05-03 07:00:00,-3.3,-3.3,,-3.4,,75.0,3.0,6.5,207.0,244.0,1014.6,5.0,0.0,,100.0
2025-05-03 08:00:00,-3.5,-3.3,,-3.8,,72.0,4.8,7.2,206.0,214.0,1015.4,14.0,0.0,,90.0
2025-05-03 09:00:00,-3.8,-3.8,,-4.0,,69.0,4.4,7.1,202.0,208.0,1016.0,55.0,0.0,,90.0
2025-05-03 10:00:00,-3.7,-3.5,,-4.0,,70.0,6.0,9.5,198.0,198.0,1016.9,89.0,0.1,,
2025-05-03 11:00:00,-4.1,-3.8,,-4.3,,71.0,7.8,10.9,202.0,199.0,1017.9,171.0,0.1,,100.0
2025-05-03 12:00:00,-4.3,-3.8,,-4.7,,71.0,8.0,10.8,205.0,204.0,1018.8,280.0,0.0,,40.0
2025-05-03 13:00:00,-4.6,-4.4,,-4.8,,72.0,8.3,11.4,200.0,203.0,1019.7,285.0,0.0,,60.0
2025-05-03 14:00:00,-4.2,-4.0,,-4.6,,71.0,8.1,11.4,212.0,205.0,1020.3,521.0,0.0,,40.0
2025-05-03 15:00:00,-3.9,-3.4,,-4.2,,71.0,7.4,10.1,203.0,201.0,1020.8,451.0,0.0,,90.0
2025-05-03 16:00:00,-3.5,-3.1,,-3.7,,67.0,7.4,9.9,198.0,202.0,1021.3,722.0,0.0,,40.0
2025-05-03 17:00:00,-3.1,-2.7,,-3.5,,67.0,5.4,8.5,198.0,204.0,1021.8,783.0,0.0,,40.0
2025-05-03 18:00:00,-3.4,-2.6,-2.6,-3.8,-4.8,69.0,3.4,5.8,210.0,204.0,1022.3,400.0,0.0,,100.0
2025-05-03 19:00:00,-3.3,-2.7,,-3.8,,68.0,2.2,4.6,187.0,209.0,1022.2,478.0,0.0,,60.0
2025-05-03 20:00:00,-3.2,-2.1,,-3.7,,68.0,0.8,2.6,358.0,323.0,1022.2,305.0,0.0,,100.0
2025-05-03 21:00:00,-3.4,-3.3,,-3.6,,71.0,3.0,5.4,23.0,18.0,1021.4,261.0,0.0,,40.0
2025-05-03 22:00:00,-3.3,-3.1,,-3.5,,74.0,4.4,6.3,29.0,29.0,1020.6,213.0,0.0,,60.0
2025-05-03 23:00:00,-3.5,-3.4,,-3.6,,77.0,4.9,6.8,29.0,28.0,1020.0,113.0,0.0,,60.0
2025-05-04 00:00:00,-3.5,-3.4,,-3.7,,79.0,4.5,6.9,29.0,34.0,1019.0,66.0,0.0,,90.0
2025-05-04 01:00:00,-3.5,-3.4,,-3.5,,80.0,5.9,8.3,24.0,26.0,1017.7,17.0,0.0,,90.0
2025-05-04 02:00:00,-3.2,-3.0,,-3.5,,78.0,6.7,9.3,26.0,26.0,1015.9,3.0,0.0,,90.0
2025-05-04 03:00:00,-2.8,-2.4,,-3.0,,80.0,7.0,10.3,13.0,19.0,1014.0,1.0,0.0,,90.0
2025-05-04 04:00:00,-2.3,-2.1,,-2.4,,77.0,7.8,11.3,11.0,12.0,1012.5,1.0,0.0,,90.0
2025-05-04 05:00:00,-1.9,-1.7,,-2.1,,72.0,9.0,12.5,4.0,5.0,1010.7,1.0,0.0,,40.0
2025-05-04 06:00:00,-2.2,-1.7,-1.7,-2.5,-3.8,72.0,6.1,8.6,343.0,347.0,1009.3,2.0,0.0,0.2,10.0
2025-05-04 07:00:00,-2.2,-2.0,,-2.5,,70.0,4.7,6.9,328.0,333.0,1008.0,9.0,0.0,,60.0
2025-05-04 08:00:00,-2.3,-2.2,,-2.4,,75.0,4.0,6.1,311.0,318.0,1007.1,34.0,0.0,,60.0
2025-05-04 09:00:00,-2.0,-1.7,,-2.4,,72.0,3.2,5.8,303.0,308.0,1006.2,82.0,0.0,,40.0
2025-05-04 10:00:00,-1.1,-0.3,,-1.8,,70.0,1.2,3.6,285.0,285.0,1005.4,178.0,0.0,,60.0
2025-05-04 11:00:00,-0.5,0.3,,-1.0,,67.0,0.0,2.8,0.0,0.0,1004.8,257.0,0.0,,0.0
2025-05-04 12:00:00,0.1,0.4,,-0.3,,58.0,0.0,1.8,0.0,0.0,1004.3,324.0,0.0,,0.0
2025-05-04 13:00:00,0.7,1.0,,0.3,,57.0,1.0,3.8,81.0,94.0,1004.1,421.0,0.0,,0.0
2025-05-04 14:00:00,0.7,1.0,,0.5,,57.0,2.8,5.1,79.0,89.0,1003.5,501.0,0.0,,60.0
2025-05-04 15:00:00,0.3,0.7,,0.1,,64.0,3.4,5.2,67.0,77.0,1003.4,475.0,0.0,,60.0
2025-05-04 16:00:00,0.0,0.4,,-0.3,,67.0,3.0,5.8,28.0,43.0,1002.9,547.0,0.0,,40.0
2025-05-04 17:00:00,-0.5,-0.1,,-0.7,,74.0,3.3,5.7,23.0,26.0,1002.4,501.0,0.0,,90.0
2025-05-04 18:00:00,-0.5,-0.4,1.0,-0.9,-2.5,74.0,3.3,5.0,28.0,24.0,1002.4,567.0,0.0,,60.0
2025-05-04 19:00:00,-0.5,-0.3,,-0.7,,74.0,4.1,6.1,24.0,22.0,1002.0,463.0,0.0,,90.0
2025-05-04 20:00:00,-0.5,-0.4,,-0.6,,73.0,4.2,5.9,19.0,24.0,1002.0,393.0,0.0,,40.0
2025-05-04 21:00:00,-0.6,-0.5,,-0.7,,80.0,4.3,5.9,359.0,9.0,1001.6,322.0,0.0,,0.0
2025-05-04 22:00:00,-0.6,-0.5,,-0.7,,81.0,3.8,5.1,355.0,356.0,1001.2,248.0,0.0,,0.0
2025-05-04 23:00:00,-0.5,-0.4,,-0.6,,77.0,2.9,4.3,350.0,353.0,1000.8,154.0,0.0,,10.0
2025-05-05 00:00:00,-0.5,-0.4,,-0.8,,75.0,2.7,4.1,358.0,344.0,1000.4,97.0,0.0,,10.0
2025-05-05 01:00:00,-0.9,-0.7,,-1.0,,81.0,1.4,3.4,0.0,348.0,999.9,29.0,0.0,,60.0
2025-05-05 02:00:00,-0.8,-0.8,,-0.9,,76.0,0.0,1.6,0.0,0.0,999.3,4.0,0.0,,90.0
2025-05-05 03:00:00,-1.1,-0.9,,-1.4,,80.0,0.0,0.5,0.0,0.0,998.7,1.0,0.0,,100.0
2025-05-05 04:00:00,-1.5,-1.2,,-1.7,,84.0,0.0,0.0,0.0,0.0,998.0,1.0,0.0,,90.0
2025-05-05 05:00:00,-1.5,-1.0,,-1.9,,83.0,0.8,3.8,61.0,108.0,997.2,1.0,0.0,,100.0
2025-05-05 06:00:00,-1.2,-1.1,-0.3,-1.4,-1.9,82.0,2.5,4.1,43.0,51.0,996.7,2.0,0.0,0.0,100.0
2025-05-05 07:00:00,-1.0,-0.8,,-1.2,,85.0,3.3,5.8,10.0,31.0,996.2,6.0,0.0,,100.0
2025-05-05 08:00:00,-1.2,-1.0,,-1.4,,89.0,4.5,6.6,357.0,7.0,995.6,44.0,0.1,,90.0
2025-05-05 09:00:00,-1.0,-0.6,,-1.3,,85.0,3.7,5.9,323.0,345.0,995.0,67.0,0.0,,100.0
2025-05-05 10:00:00,-0.4,-0.1,,-0.7,,78.0,3.0,4.8,298.0,308.0,994.6,103.0,0.0,,100.0
2025-05-05 11:00:00,0.1,0.5,,-0.1,,73.0,3.1,5.1,309.0,301.0,994.1,170.0,0.0,,100.0
2025-05-05 12:00:00,0.5,1.1,,0.1,,79.0,3.1,4.8,348.0,328.0,993.9,233.0,0.0,,90.0
2025-05-05 13:00:00,1.0,1.3,,0.6,,79.0,2.4,4.0,257.0,303.0,993.8,336.0,0.0,,90.0
2025-05-05 14:00:00,0.9,1.2,,0.7,,79.0,2.6,4.7,273.0,265.0,994.3,389.0,0.0,,100.0
2025-05-05 15:00:00,0.6,1.0,,0.0,,80.0,3.5,5.9,236.0,250.0,994.7,491.0,0.0,,90.0
2025-05-05 16:00:00,-0.2,0.3,,-0.4,,88.0,4.1,6.1,230.0,224.0,995.3,238.0,0.0,,100.0
2025-05-05 17:00:00,-0.7,-0.3,,-0.9,,94.0,6.0,7.8,199.0,206.0,995.9,198.0,0.2,,100.0
2025-05-05 18:00:00,-1.0,-0.8,1.3,-1.2,-1.4,95.0,7.7,9.6,200.0,200.0,996.5,176.0,0.0,,100.0
2025-05-05 19:00:00,-1.2,-1.1,,-1.3,,93.0,7.9,9.9,202.0,202.0,997.0,145.0,0.1,,100.0
2025-05-05 20:00:00,-1.4,-1.2,,-1.6,,95.0,7.0,9.4,231.0,216.0,997.6,108.0,0.2,,100.0
2025-05-05 21:00:00,-1.8,-1.6,,-2.1,,95.0,6.6,9.6,229.0,230.0,998.1,95.0,0.2,,100.0
2025-05-05 22:00:00,-2.2,-2.0,,-2.4,,95.0,6.3,9.7,260.0,239.0,998.3,91.0,0.2,,
2025-05-05 23:00:00,-2.3,-2.3,,-2.4,,95.0,5.1,9.2,267.0,267.0,998.4,55.0,0.2,,100.0
2025-05-06 00:00:00,-2.3,-2.2,,-2.4,,95.0,5.4,9.6,260.0,264.0,998.6,24.0,0.1,,100.0
2025-05-06 01:00:00,-2.0,-1.8,,-2.2,,96.0,5.0,8.8,267.0,265.0,998.8,10.0,0.1,,100.0
2025-05-06 02:00:00,-1.5,-1.3,,-1.8,,97.0,4.2,7.8,298.0,280.0,998.9,2.0,0.0,,100.0
2025-05-06 03:00:00,-1.7,-1.6,,-1.7,,96.0,4.9,8.0,305.0,302.0,999.2,1.0,0.2,,100.0
2025-05-06 04:00:00,-1.9,-1.7,,-2.0,,95.0,5.9,9.5,289.0,299.0,999.2,1.0,0.2,,100.0
2025-05-06 05:00:00,-2.1,-2.0,,-2.1,,94.0,6.8,10.2,290.0,290.0,999.3,1.0,0.1,,90.0
2025-05-06 06:00:00,-2.1,-2.0,-1.1,-2.3,-2.4,93.0,5.9,9.7,303.0,298.0,999.5,2.0,0.0,1.9,90.0
2025-05-06 07:00:00,-2.4,-2.2,,-2.5,,91.0,4.9,7.9,319.0,313.0,999.7,11.0,0.0,,90.0
2025-05-06 08:00:00,-2.5,-2.4,,-2.7,,90.0,4.5,7.1,322.0,320.0,999.8,34.0,0.0,,90.0
2025-05-06 09:00:00,-2.7,-2.6,,-2.9,,88.0,5.0,7.7,326.0,328.0,999.9,72.0,0.0,,90.0
2025-05-06 10:00:00,-2.8,-2.7,,-2.9,,87.0,5.9,9.2,342.0,339.0,999.9,90.0,0.0,,100.0
2025-05-06 11:00:00,-2.6,-2.5,,-2.8,,84.0,6.3,9.2,342.0,344.0,999.7,139.0,0.0,,90.0
2025-05-06 12:00:00,-2.4,-2.2,,-2.5,,80.0,7.0,9.8,352.0,349.0,999.7,240.0,0.0,,90.0
2025-05-06 13:00:00,-2.3,-2.2,,-2.4,,82.0,6.3,8.4,345.0,346.0,999.7,296.0,0.0,,90.0
2025-05-06 14:00:00,-2.2,-2.1,,-2.4,,83.0,6.6,9.1,352.0,350.0,999.5,304.0,0.0,,90.0
2025-05-06 15:00:00,-2.0,-1.8,,-2.1,,83.0,6.2,8.4,358.0,357.0,999.4,441.0,0.0,,100.0
2025-05-06 16:00:00,-1.8,-1.6,,-2.0,,81.0,5.6,8.4,2.0,359.0,999.3,447.0,0.0,,90.0
2025-05-06 17:00:00,-1.5,-1.3,,-1.7,,79.0,5.1,7.3,7.0,5.0,999.3,549.0,0.0,,90.0
2025-05-06 18:00:00,-1.6,-1.5,-1.3,-1.7,-2.9,80.0,4.2,5.9,359.0,4.0,999.5,306.0,0.0,,90.0
2025-05-06 19:00:00,-1.6,-1.4,,-1.7,,80.0,3.8,5.4,4.0,2.0,999.4,442.0,0.0,,60.0
2025-05-06 20:00:00,-1.6,-1.3,,-1.9,,79.0,2.6,4.2,351.0,357.0,999.4,334.0,0.0,,60.0
2025-05-06 21:00:00,-1.7,-1.6,,-1.8,,80.0,2.3,3.5,8.0,360.0,999.4,185.0,0.0,,100.0
2025-05-06 22:00:00,-1.8,-1.7,,-1.9,,78.0,1.4,3.3,0.0,1.0,999.4,91.0,0.0,,100.0
2025-05-06 23:00:00,-1.8,-1.7,,-1.8,,77.0,0.0,1.3,0.0,0.0,999.3,63.0,0.0,,100.0
2025-05-07 00:00:00,-1.9,-1.7,,-2.0,,79.0,0.6,2.9,270.0,274.0,999.0,28.0,0.0,,100.0
2025-05-07 01:00:00,-2.1,-2.0,,-2.2,,80.0,1.0,2.8,267.0,262.0,999.0,10.0,0.0,,100.0
2025-05-07 02:00:00,-2.3,-2.2,,-2.4,,81.0,1.4,3.1,280.0,268.0,998.8,2.0,0.0,,100.0
2025-05-07 03:00:00,-2.5,-2.3,,-2.6,,82.0,1.2,4.0,260.0,264.0,998.3,1.0,0.0,,100.0
2025-05-07 04:00:00,-2.6,-2.6,,-2.7,,83.0,1.4,2.9,208.0,226.0,998.1,1.0,0.0,,100.0
2025-05-07 05:00:00,-2.8,-2.7,,-2.9,,82.0,2.7,3.9,190.0,198.0,997.8,1.0,0.0,,100.0
2025-05-07 06:00:00,-2.8,-2.7,-1.3,-2.8,-2.9,81.0,2.8,4.5,149.0,166.0,997.9,2.0,0.0,0.0,100.0
2025-05-07 07:00:00,-2.8,-2.8,,-2.9,,79.0,2.9,4.7,172.0,161.0,997.8,9.0,0.0,,100.0
2025-05-07 08:00:00,-3.0,-2.9,,-3.2,,82.0,4.2,6.0,168.0,168.0,997.6,22.0,0.0,,100.0
2025-05-07 09:00:00,-3.1,-3.1,,-3.2,,82.0,4.4,5.6,166.0,170.0,997.5,56.0,0.0,,100.0
2025-05-07 10:00:00,-3.1,-2.9,,-3.2,,82.0,4.0,5.5,136.0,153.0,997.5,104.0,0.0,,90.0
2025-05-07 11:00:00,-3.0,-2.9,,-3.1,,81.0,4.1,5.9,152.0,152.0,997.5,143.0,0.0,,90.0
2025-05-07 12:00:00,-2.8,-2.7,,-2.9,,81.0,3.7,4.7,138.0,141.0,997.9,154.0,0.0,,
2025-05-07 13:00:00,-2.8,-2.6,,-3.0,,91.0,3.7,6.0,183.0,171.0,998.0,204.0,0.2,,
2025-05-07 14:00:00,-2.8,-2.6,,-3.0,,90.0,5.9,7.5,171.0,184.0,998.4,214.0,0.1,,
2025-05-07 15:00:00,-2.5,-2.2,,-3.0,,89.0,6.6,12.1,267.0,217.0,999.1,260.0,0.2,,90.0
2025-05-07 16:00:00,-3.3,-3.0,,-3.7,,89.0,7.2,11.6,259.0,259.0,1000.2,244.0,0.0,,90.0
2025-05-07 17:00:00,-4.0,-3.7,,-4.3,,86.0,6.3,10.6,262.0,261.0,1001.3,275.0,0.0,,90.0
2025-05-07 18:00:00,-4.3,-4.1,-2.2,-4.4,-4.4,83.0,5.7,9.4,262.0,260.0,1001.9,334.0,0.0,,90.0
2025-05-07 19:00:00,-4.5,-4.1,,-4.8,,82.0,4.8,7.8,261.0,260.0,1002.9,290.0,0.0,,90.0
2025-05-07 20:00:00,-4.8,-4.4,,-5.0,,82.0,4.3,7.2,268.0,262.0,1003.7,214.0,0.0,,90.0
2025-05-07 21:00:00,-4.8,-4.4,,-5.1,,79.0,3.9,7.0,255.0,262.0,1004.4,274.0,0.0,,90.0
2025-05-07 22:00:00,-5.5,-5.0,,-5.7,,80.0,4.7,7.2,234.0,226.0,1005.2,118.0,0.0,,90.0
2025-05-07 23:00:00,-6.1,-5.7,,-6.4,,77.0,5.3,8.1,240.0,239.0,1005.7,75.0,0.0,,90.0
2025-05-08 00:00:00,-6.7,-6.4,,-7.0,,77.0,4.9,7.1,230.0,229.0,1006.0,47.0,0.0,,90.0
2025-05-08 01:00:00,-7.0,-6.8,,-7.1,,76.0,4.2,6.6,224.0,216.0,1006.2,17.0,0.0,,90.0
2025-05-08 02:00:00,-7.0,-6.8,,-7.2,,73.0,4.5,7.5,216.0,228.0,1006.4,3.0,0.0,,100.0
2025-05-08 03:00:00,-7.3,-7.1,,-7.4,,71.0,4.8,7.5,205.0,208.0,1006.5,2.0,0.0,,90.0
2025-05-08 04:00:00,-7.2,-6.9,,-7.6,,80.0,3.6,6.2,270.0,235.0,1006.8,1.0,0.0,,100.0
2025-05-08 05:00:00,-7.0,-6.9,,-7.1,,78.0,3.7,7.1,258.0,261.0,1007.1,1.0,0.0,,90.0
2025-05-08 06:00:00,-7.2,-7.0,-4.1,-7.4,-7.6,81.0,3.5,6.2,262.0,267.0,1007.6,2.0,0.0,0.5,90.0
2025-05-08 07:00:00,-7.3,-7.1,,-7.6,,84.0,3.5,6.5,264.0,263.0,1008.3,8.0,0.2,,
2025-05-08 08:00:00,-7.5,-7.4,,-7.8,,82.0,4.6,8.1,261.0,263.0,1008.9,36.0,0.1,,90.0
2025-05-08 09:00:00,-7.8,-7.6,,-8.0,,84.0,6.2,9.9,204.0,222.0,1009.4,48.0,0.2,,100.0
2025-05-08 10:00:00,-7.5,-7.3,,-8.0,,84.0,4.7,8.0,259.0,245.0,1009.9,78.0,0.0,,90.0
2025-05-08 11:00:00,-7.5,-7.3,,-7.6,,79.0,4.7,7.2,265.0,266.0,1010.5,165.0,0.0,,90.0
2025-05-08 12:00:00,-7.0,-6.5,,-7.4,,66.0,4.3,7.8,264.0,265.0,1010.9,316.0,0.0,,90.0
2025-05-08 13:00:00,-7.2,-7.1,,-7.4,,65.0,4.5,7.9,260.0,261.0,1011.2,229.0,0.0,,100.0
2025-05-08 14:00:00,-7.3,-7.1,,-7.4,,63.0,4.2,7.9,267.0,263.0,1011.7,265.0,0.0,,90.0
2025-05-08 15:00:00,-7.6,-7.4,,-7.7,,70.0,4.4,8.4,263.0,266.0,1012.3,224.0,0.0,,90.0
2025-05-08 16:00:00,-7.5,-7.2,,-7.7,,66.0,5.0,8.8,263.0,261.0,1012.6,277.0,0.0,,90.0
2025-05-08 17:00:00,-7.4,-7.2,,-7.5,,63.0,4.2,7.5,259.0,262.0,1013.1,262.0,0.0,,100.0
2025-05-08 18:00:00,-7.5,-7.3,-6.5,-7.6,-8.0,61.0,3.9,7.2,264.0,261.0,1013.3,227.0,0.0,,100.0
2025-05-08 19:00:00,-7.5,-7.3,,-7.6,,59.0,4.0,8.1,240.0,255.0,1013.8,216.0,0.0,,100.0
2025-05-08 20:00:00,-7.6,-7.5,,-7.8,,60.0,4.8,8.9,222.0,237.0,1014.0,199.0,0.0,,100.0
2025-05-08 21:00:00,-8.0,-7.8,,-8.2,,61.0,5.8,9.2,212.0,219.0,1013.9,132.0,0.0,,90.0
2025-05-08 22:00:00,-8.2,-8.1,,-8.3,,59.0,6.2,8.6,192.0,196.0,1013.7,80.0,0.0,,100.0
2025-05-08 23:00:00,-8.2,-8.2,,-8.3,,58.0,6.4,8.9,184.0,193.0,1013.5,49.0,0.0,,100.0
2025-05-09 00:00:00,-8.4,-8.3,,-8.5,,56.0,5.5,8.1,175.0,178.0,1013.4,29.0,0.0,,100.0
2025-05-09 01:00:00,-8.4,-8.4,,-8.5,,58.0,3.7,6.7,165.0,172.0,1013.3,11.0,0.0,,
2025-05-09 02:00:00,-8.4,-8.4,,-8.6,,59.0,3.7,6.2,182.0,174.0,1013.0,4.0,0.0,,100.0
2025-05-09 03:00:00,-8.8,-8.4,,-9.0,,64.0,2.8,5.1,133.0,134.0,1012.6,2.0,0.0,,100.0
2025-05-09 04:00:00,-8.8,-8.7,,-8.9,,68.0,3.6,4.7,114.0,120.0,1011.8,1.0,0.0,,90.0
2025-05-09 05:00:00,-8.8,-8.7,,-8.9,,70.0,3.9,5.4,85.0,100.0,1011.0,2.0,0.0,,90.0
2025-05-09 06:00:00,-8.6,-8.1,-7.3,-8.9,-9.0,68.0,4.1,6.2,99.0,90.0,1010.4,4.0,0.0,0.5,100.0
2025-05-09 07:00:00,-8.6,-8.1,,-9.1,,66.0,4.8,6.2,102.0,103.0,1009.7,15.0,0.0,,10.0
2025-05-09 08:00:00,-9.0,-8.7,,-9.4,,65.0,4.3,6.2,107.0,104.0,1009.0,69.0,0.0,,0.0
2025-05-09 09:00:00,-8.7,-8.2,,-9.0,,67.0,3.6,5.0,120.0,119.0,1008.1,136.0,0.0,,0.0
2025-05-09 10:00:00,-8.2,-7.7,,-8.5,,67.0,3.1,5.1,99.0,103.0,1007.5,235.0,0.0,,40.0
2025-05-09 11:00:00,-7.7,-7.5,,-7.9,,64.0,4.6,6.6,88.0,85.0,1006.6,318.0,0.0,,60.0
2025-05-09 12:00:00,-7.7,-7.4,,-7.9,,63.0,4.8,6.4,86.0,90.0,1005.7,336.0,0.0,,90.0
2025-05-09 13:00:00,-7.1,-6.7,,-7.5,,60.0,5.5,8.2,85.0,81.0,1004.8,441.0,0.0,,40.0
2025-05-09 14:00:00,-6.3,-6.1,,-6.7,,56.0,6.0,7.7,99.0,88.0,1003.9,608.0,0.0,,10.0
2025-05-09 15:00:00,-6.2,-6.1,,-6.4,,57.0,5.0,6.8,81.0,87.0,1003.0,634.0,0.0,,0.0
2025-05-09 16:00:00,-6.1,-5.8,,-6.3,,57.0,5.8,8.2,63.0,70.0,1002.4,677.0,0.0,,60.0
2025-05-09 17:00:00,-5.8,-5.6,,-5.9,,55.0,5.7,8.2,56.0,64.0,1001.9,712.0,0.0,,0.0
2025-05-09 18:00:00,-5.6,-5.3,-5.3,-5.8,-9.4,55.0,5.1,7.4,58.0,58.0,1001.4,671.0,0.0,,0.0
2025-05-09 19:00:00,-5.5,-5.2,,-5.8,,56.0,4.8,6.6,53.0,56.0,1000.9,531.0,0.0,,10.0
2025-05-09 20:00:00,-5.7,-5.5,,-5.9,,58.0,4.0,6.1,52.0,51.0,1000.8,287.0,0.0,,90.0
2025-05-09 21:00:00,-5.4,-5.2,,-5.6,,57.0,3.6,5.1,64.0,59.0,1000.6,220.0,0.0,,90.0
2025-05-09 22:00:00,-5.3,-5.1,,-5.5,,57.0,3.8,4.9,60.0,59.0,1000.1,134.0,0.0,,90.0
2025-05-09 23:00:00,-5.1,-5.0,,-5.2,,57.0,3.8,5.2,65.0,63.0,999.8,82.0,0.0,,90.0
2025-05-10 00:00:00,-5.4,-5.0,,-5.8,,60.0,4.1,5.5,71.0,69.0,999.9,45.0,0.0,,0.0
2025-05-10 01:00:00,-5.5,-5.2,,-5.8,,62.0,4.5,5.8,79.0,73.0,999.8,18.0,0.0,,90.0
2025-05-10 02:00:00,-5.0,-4.8,,-5.2,,65.0,4.6,6.2,57.0,63.0,999.3,4.0,0.0,,100.0
2025-05-10 03:00:00,-4.5,-4.2,,-4.8,,66.0,5.0,6.8,68.0,66.0,999.1,2.0,0.0,,100.0
2025-05-10 04:00:00,-4.1,-3.9,,-4.3,,68.0,5.3,7.0,71.0,75.0,999.0,1.0,0.0,,100.0
2025-05-10 05:00:00,-3.9,-3.7,,-4.0,,67.0,5.7,7.9,78.0,76.0,998.2,1.0,0.0,,100.0
2025-05-10 06:00:00,-3.7,-3.5,-3.5,-3.8,-5.9,68.0,7.2,9.3,90.0,83.0,998.0,2.0,0.0,0.0,100.0
2025-05-10 07:00:00,-3.4,-3.3,,-3.5,,70.0,5.8,8.2,89.0,89.0,997.6,6.0,0.0,,100.0
2025-05-10 08:00:00,-3.2,-2.7,,-3.5,,70.0,4.2,6.4,121.0,101.0,997.8,11.0,0.0,,100.0
2025-05-10 09:00:00,-2.8,-2.6,,-3.0,,68.0,2.9,5.4,134.0,120.0,997.0,40.0,0.0,,100.0
2025-05-10 10:00:00,-2.6,-2.3,,-2.9,,70.0,4.2,5.9,66.0,84.0,995.7,88.0,0.0,,100.0
2025-05-10 11:00:00,-2.3,-2.1,,-2.6,,69.0,4.5,6.1,77.0,70.0,994.9,143.0,0.0,,90.0
2025-05-10 12:00:00,-1.8,-1.6,,-2.1,,71.0,5.0,7.5,81.0,81.0,993.9,146.0,0.0,,100.0
2025-05-10 13:00:00,-1.8,-1.7,,-1.9,,83.0,5.8,7.4,77.0,82.0,993.1,174.0,0.2,,
2025-05-10 14:00:00,-1.5,-1.2,,-1.8,,92.0,5.6,8.2,67.0,69.0,992.1,258.0,0.1,,100.0
2025-05-10 15:00:00,-0.9,-0.6,,-1.4,,93.0,6.1,7.7,86.0,76.0,991.5,278.0,0.1,,100.0
2025-05-10 16:00:00,-0.4,0.0,,-0.7,,94.0,5.6,8.7,139.0,99.0,991.3,183.0,0.3,,100.0
2025-05-10 17:00:00,-0.2,0.1,,-0.7,,94.0,11.3,17.1,181.0,164.0,991.9,137.0,0.9,,90.0
2025-05-10 18:00:00,-1.5,-0.7,0.1,-2.2,-3.5,91.0,12.7,17.0,212.0,200.0,993.6,156.0,0.0,,40.0
2025-05-10 19:00:00,-2.4,-2.1,,-3.0,,86.0,13.0,18.1,209.0,205.0,995.5,234.0,0.2,,10.0
2025-05-10 20:00:00,-3.4,-2.9,,-3.8,,82.0,11.4,17.5,240.0,217.0,998.4,147.0,0.1,,60.0
2025-05-10 21:00:00,-4.3,-3.8,,-4.7,,82.0,5.8,11.1,272.0,263.0,1000.7,113.0,0.0,,100.0
2025-05-10 22:00:00,-4.7,-4.7,,-4.8,,75.0,4.3,8.8,260.0,266.0,1002.2,105.0,0.0,,90.0
2025-05-10 23:00:00,-5.2,-4.8,,-5.6,,70.0,4.0,7.6,255.0,264.0,1003.5,100.0,0.0,,90.0
2025-05-11 00:00:00,-5.7,-5.5,,-5.8,,69.0,2.4,4.9,206.0,238.0,1004.1,43.0,0.0,,100.0
2025-05-11 01:00:00,-5.9,-5.8,,-5.9,,71.0,1.0,3.4,0.0,237.0,1004.1,14.0,0.0,,100.0
2025-05-11 02:00:00,-5.9,-5.7,,-6.1,,71.0,0.0,2.0,115.0,0.0,1004.2,3.0,0.0,,100.0
2025-05-11 03:00:00,-5.8,-5.7,,-6.0,,75.0,3.4,6.6,116.0,117.0,1004.1,2.0,0.0,,100.0
2025-05-11 04:00:00,-6.1,-5.8,,-6.2,,85.0,4.9,7.0,130.0,121.0,1003.8,1.0,0.0,,
2025-05-11 05:00:00,-5.7,-5.3,,-6.1,,83.0,8.2,14.6,178.0,157.0,1003.5,2.0,0.3,,60.0
2025-05-11 06:00:00,-5.7,-5.5,-2.1,-6.0,-6.2,82.0,12.8,16.8,185.0,187.0,1004.0,3.0,0.3,2.5,90.0
2025-05-11 07:00:00,-6.0,-5.9,,-6.3,,79.0,12.3,18.6,179.0,184.0,1004.4,8.0,0.2,,100.0
2025-05-11 08:00:00,-6.4,-6.2,,-6.8,,83.0,13.9,17.3,193.0,186.0,1004.8,16.0,0.2,,90.0
2025-05-11 09:00:00,-6.2,-5.9,,-6.7,,77.0,13.6,18.3,193.0,192.0,1005.5,35.0,0.1,,90.0
2025-05-11 10:00:00,-6.7,-6.1,,-7.0,,85.0,9.6,16.1,220.0,214.0,1006.6,95.0,0.3,,40.0
2025-05-11 11:00:00,-6.1,-5.6,,-6.6,,74.0,7.5,11.5,231.0,237.0,1008.3,303.0,0.0,,60.0
2025-05-11 12:00:00,-6.0,-5.6,,-6.4,,60.0,6.9,11.4,219.0,238.0,1009.6,342.0,0.0,,10.0
2025-05-11 13:00:00,-6.1,-5.8,,-6.5,,65.0,9.9,13.2,200.0,211.0,1010.5,483.0,0.1,,10.0
2025-05-11 14:00:00,-6.1,-5.7,,-6.9,,70.0,12.3,16.3,211.0,205.0,1011.0,371.0,0.1,,90.0
2025-05-11 15:00:00,-6.3,-5.7,,-6.9,,74.0,11.2,15.1,213.0,216.0,1012.1,452.0,0.0,,90.0
2025-05-11 16:00:00,-6.3,-6.0,,-6.6,,74.0,9.4,13.6,222.0,220.0,1013.1,365.0,0.0,,90.0
2025-05-11 17:00:00,-6.5,-6.1,,-6.8,,72.0,8.9,13.3,221.0,220.0,1014.2,255.0,0.0,,90.0
2025-05-11 18:00:00,-6.5,-6.3,-5.6,-6.7,-7.0,75.0,7.6,11.8,225.0,226.0,1015.0,205.0,0.0,,90.0
2025-05-11 19:00:00,-6.2,-6.1,,-6.4,,71.0,6.4,9.6,222.0,230.0,1016.0,209.0,0.0,,100.0
2025-05-11 20:00:00,-6.1,-5.8,,-6.3,,71.0,5.6,8.3,230.0,221.0,1016.7,163.0,0.0,,100.0
2025-05-11 21:00:00,-6.0,-5.8,,-6.1,,70.0,5.1,7.5,223.0,222.0,1017.3,148.0,0.0,,100.0
2025-05-11 22:00:00,-5.9,-5.8,,-6.0,,71.0,4.7,6.6,216.0,216.0,1017.8,108.0,0.0,,100.0
2025-05-11 23:00:00,-6.3,-5.9,,-6.5,,80.0,4.3,6.5,204.0,211.0,1018.2,55.0,0.0,,90.0
2025-05-12 00:00:00,-6.2,-5.9,,-6.4,,81.0,3.2,5.3,202.0,190.0,1018.5,27.0,0.0,,90.0
2025-05-12 01:00:00,-5.7,-5.4,,-6.1,,74.0,1.6,3.6,223.0,261.0,1018.8,15.0,0.0,,100.0
2025-05-12 02:00:00,-6.4,-6.1,,-6.6,,83.0,3.3,5.5,165.0,181.0,1018.6,5.0,0.0,,100.0
2025-05-12 03:00:00,-6.6,-6.4,,-6.8,,84.0,2.9,4.2,169.0,171.0,1018.1,2.0,0.0,,100.0
2025-05-12 04:00:00,-6.7,-6.6,,-6.7,,83.0,3.0,3.7,177.0,175.0,1017.9,2.0,0.0,,90.0
2025-05-12 05:00:00,-6.7,-6.6,,-6.9,,82.0,1.6,3.2,144.0,172.0,1017.5,2.0,0.0,,90.0
2025-05-12 06:00:00,-6.8,-6.4,-5.4,-7.2,-7.2,76.0,2.5,4.9,90.0,124.0,1017.0,4.0,0.0,1.0,100.0
2025-05-12 07:00:00,-6.1,-5.4,,-6.4,,71.0,2.1,4.5,27.0,42.0,1016.2,23.0,0.0,,90.0
2025-05-12 08:00:00,-5.2,-4.8,,-5.5,,64.0,4.8,7.8,27.0,15.0,1015.5,77.0,0.0,,40.0
2025-05-12 09:00:00,-4.8,-4.6,,-5.1,,60.0,7.0,10.8,11.0,20.0,1014.3,144.0,0.0,,10.0
2025-05-12 10:00:00,-4.7,-4.5,,-5.0,,66.0,8.1,12.3,20.0,18.0,1013.2,232.0,0.0,,10.0
2025-05-12 11:00:00,-4.4,-4.3,,-4.6,,63.0,10.1,14.7,21.0,22.0,1012.1,303.0,0.2,,0.0
2025-05-12 12:00:00,-4.2,-4.0,,-4.4,,68.0,10.2,14.4,13.0,18.0,1011.1,392.0,0.0,,10.0
2025-05-12 13:00:00,-3.9,-3.7,,-4.2,,64.0,12.1,17.2,6.0,8.0,1010.0,487.0,0.2,,0.0
2025-05-12 14:00:00,-3.7,-3.4,,-3.9,,64.0,13.9,18.2,1.0,3.0,1009.1,612.0,0.4,,0.0
2025-05-12 15:00:00,-3.4,-3.2,,-3.6,,62.0,10.6,16.0,332.0,352.0,1008.7,669.0,0.0,,10.0
2025-05-12 16:00:00,-3.5,-3.3,,-3.6,,57.0,7.1,9.7,330.0,332.0,1007.8,722.0,0.0,,0.0
2025-05-12 17:00:00,-3.2,-3.0,,-3.4,,54.0,5.9,8.6,328.0,329.0,1006.9,722.0,0.0,,0.0
2025-05-12 18:00:00,-3.2,-3.0,-3.0,-3.3,-6.4,56.0,5.6,9.0,327.0,322.0,1006.4,710.0,0.0,,0.0
2025-05-12 19:00:00,-2.9,-2.6,,-3.2,,56.0,3.3,6.2,307.0,310.0,1005.8,639.0,0.0,,0.0
2025-05-12 20:00:00,-2.7,-2.4,,-3.0,,53.0,2.0,4.0,279.0,291.0,1005.3,532.0,0.0,,0.0
2025-05-12 21:00:00,-2.7,-2.4,,-2.9,,55.0,1.7,4.1,271.0,268.0,1005.1,429.0,0.0,,0.0
2025-05-12 22:00:00,-2.6,-2.2,,-2.8,,60.0,1.8,4.0,262.0,263.0,1005.1,317.0,0.0,,0.0
2025-05-12 23:00:00,-2.7,-2.6,,-2.9,,63.0,1.8,4.1,243.0,260.0,1004.9,215.0,0.0,,0.0
2025-05-13 00:00:00,-3.7,-3.0,,-4.0,,67.0,0.4,2.0,183.0,193.0,1005.2,120.0,0.0,,0.0
2025-05-13 01:00:00,-4.6,-3.9,,-5.5,,72.0,0.4,2.5,144.0,160.0,1005.9,45.0,0.0,,0.0
2025-05-13 02:00:00,-5.4,-4.8,,-6.1,,77.0,2.8,3.6,114.0,120.0,1006.4,14.0,0.0,,90.0
2025-05-13 03:00:00,-6.0,-5.5,,-6.8,,80.0,1.5,3.4,148.0,142.0,1006.8,5.0,0.0,,10.0
2025-05-13 04:00:00,-6.0,-5.4,,-6.7,,79.0,2.1,3.7,143.0,132.0,1007.7,3.0,0.0,,90.0
2025-05-13 05:00:00,-6.3,-5.6,,-7.1,,80.0,2.6,3.7,124.0,123.0,1008.1,4.0,0.0,,10.0
2025-05-13 06:00:00,-6.3,-5.8,-2.2,-7.0,-7.1,80.0,2.4,3.3,130.0,127.0,1008.9,9.0,0.0,0.8,10.0
2025-05-13 07:00:00,-5.8,-5.2,,-6.7,,75.0,1.8,2.6,90.0,103.0,1009.6,27.0,0.0,,60.0
2025-05-13 08:00:00,-5.1,-4.7,,-5.9,,74.0,3.1,4.4,78.0,82.0,1010.3,54.0,0.0,,40.0
2025-05-13 09:00:00,-3.7,-2.9,,-4.7,,71.0,4.6,6.8,44.0,61.0,1010.8,109.0,0.0,,60.0
2025-05-13 10:00:00,-2.9,-2.6,,-3.2,,65.0,5.7,8.3,26.0,32.0,1011.4,147.0,0.0,,90.0
2025-05-13 11:00:00,-2.5,-2.4,,-2.7,,62.0,6.6,8.8,26.0,28.0,1011.4,328.0,0.0,,10.0
2025-05-13 12:00:00,-2.5,-2.5,,-2.6,,61.0,7.0,9.1,29.0,28.0,1011.5,400.0,0.0,,10.0
2025-05-13 13:00:00,-2.6,-2.5,,-2.7,,60.0,7.4,10.0,27.0,27.0,1011.4,484.0,0.0,,0.0
2025-05-13 14:00:00,-2.5,-2.4,,-2.6,,55.0,6.9,9.3,26.0,27.0,1011.6,609.0,0.0,,0.0
2025-05-13 15:00:00,-2.6,-2.4,,-2.7,,58.0,6.1,8.4,26.0,28.0,1011.4,672.0,0.0,,0.0
2025-05-13 16:00:00,-2.4,-2.3,,-2.6,,58.0,5.3,7.7,25.0,26.0,1011.0,715.0,0.0,,0.0
2025-05-13 17:00:00,-2.4,-2.2,,-2.5,,58.0,4.3,6.1,9.0,17.0,1010.9,720.0,0.0,,0.0
2025-05-13 18:00:00,-2.3,-2.2,-2.2,-2.4,-6.7,59.0,3.8,5.5,360.0,3.0,1010.5,708.0,0.0,,0.0
2025-05-13 19:00:00,-2.3,-2.2,,-2.4,,61.0,3.4,5.3,355.0,357.0,1010.1,637.0,0.0,,0.0
2025-05-13 20:00:00,-2.0,-1.7,,-2.4,,61.0,2.4,4.4,301.0,328.0,1010.1,534.0,0.0,,10.0
2025-05-13 21:00:00,-2.0,-1.6,,-2.5,,61.0,0.7,3.9,279.0,285.0,1010.1,351.0,0.0,,10.0
2025-05-13 22:00:00,-2.3,-1.9,,-2.5,,65.0,0.8,3.0,270.0,275.0,1009.9,231.0,0.0,,40.0
2025-05-13 23:00:00,-2.4,-2.0,,-2.7,,66.0,1.2,3.0,234.0,247.0,1009.9,218.0,0.0,,0.0
2025-05-14 00:00:00,-3.1,-2.7,,-3.5,,71.0,2.2,3.2,215.0,221.0,1010.2,119.0,0.0,,0.0
2025-05-14 01:00:00,-4.0,-3.5,,-4.5,,75.0,1.9,3.0,178.0,196.0,1010.5,47.0,0.0,,0.0
2025-05-14 02:00:00,-4.7,-4.2,,-5.7,,80.0,1.9,2.5,154.0,165.0,1010.8,13.0,0.0,,0.0
2025-05-14 03:00:00,-5.7,-5.2,,-6.0,,84.0,1.8,2.8,137.0,154.0,1011.0,4.0,0.0,,0.0
2025-05-14 04:00:00,-5.8,-5.5,,-6.0,,85.0,0.0,1.4,0.0,0.0,1010.7,3.0,0.0,,0.0
2025-05-14 05:00:00,-5.4,-4.7,,-5.9,,84.0,0.0,0.0,0.0,0.0,1010.5,4.0,0.0,,0.0
2025-05-14 06:00:00,-4.9,-4.7,-1.6,-5.6,-6.0,79.0,0.0,0.0,0.0,0.0,1010.3,16.0,0.0,0.0,0.0
2025-05-14 07:00:00,-4.2,-3.6,,-4.9,,77.0,1.7,2.6,43.0,62.0,1010.0,60.0,0.0,,0.0
2025-05-14 08:00:00,-3.8,-3.5,,-4.5,,77.0,1.9,2.6,82.0,59.0,1009.5,125.0,0.0,,0.0
2025-05-14 09:00:00,-4.0,-3.7,,-4.3,,78.0,2.0,3.2,84.0,84.0,1008.9,204.0,0.0,,0.0
2025-05-14 10:00:00,-3.4,-3.1,,-3.8,,75.0,2.2,3.1,101.0,92.0,1008.3,284.0,0.0,,0.0
2025-05-14 11:00:00,-2.7,-2.4,,-3.2,,75.0,2.8,3.8,108.0,108.0,1008.4,352.0,0.0,,0.0
2025-05-14 12:00:00,-2.2,-1.7,,-2.5,,67.0,1.8,3.7,0.0,116.0,1008.2,397.0,0.0,,0.0
2025-05-14 13:00:00,-1.6,-1.0,,-1.9,,62.0,0.5,2.5,121.0,123.0,1008.0,479.0,0.0,,0.0
2025-05-14 14:00:00,-1.0,-0.8,,-1.2,,59.0,2.2,4.3,166.0,139.0,1008.2,600.0,0.0,,0.0
2025-05-14 15:00:00,-1.2,-0.6,,-1.5,,61.0,3.4,5.0,156.0,161.0,1008.2,667.0,0.0,,0.0
2025-05-14 16:00:00,-0.9,-0.6,,-1.2,,61.0,3.1,4.5,178.0,172.0,1008.5,714.0,0.0,,0.0
2025-05-14 17:00:00,-0.4,0.2,,-0.8,,59.0,2.4,4.3,171.0,183.0,1008.7,696.0,0.0,,0.0
2025-05-14 18:00:00,0.7,1.7,1.7,-0.2,-4.9,52.0,0.0,2.6,358.0,0.0,1008.7,670.0,0.0,,0.0
2025-05-14 19:00:00,-0.2,0.0,,-0.3,,61.0,2.4,4.1,6.0,2.0,1008.6,572.0,0.0,,0.0
2025-05-14 20:00:00,-0.3,-0.1,,-0.5,,71.0,3.3,4.8,34.0,19.0,1008.5,466.0,0.0,,0.0
2025-05-14 21:00:00,-0.6,-0.4,,-0.8,,72.0,4.6,6.4,19.0,28.0,1007.9,406.0,0.0,,0.0
2025-05-14 22:00:00,-0.8,-0.6,,-0.9,,70.0,5.1,6.4,25.0,27.0,1007.4,308.0,0.0,,0.0
2025-05-14 23:00:00,-1.0,-0.8,,-1.1,,71.0,4.8,6.2,34.0,28.0,1006.8,145.0,0.0,,0.0
2025-05-15 00:00:00,-1.2,-1.0,,-1.5,,72.0,4.4,6.1,42.0,37.0,1006.4,77.0,0.0,,0.0
2025-05-15 01:00:00,-1.5,-1.4,,-1.6,,76.0,3.5,5.5,34.0,42.0,1006.3,22.0,0.0,,0.0
2025-05-15 02:00:00,-1.6,-1.4,,-1.9,,78.0,4.0,5.6,39.0,34.0,1005.7,10.0,0.0,,0.0
2025-05-15 03:00:00,-1.5,-1.3,,-1.7,,78.0,5.0,6.6,41.0,40.0,1005.4,3.0,0.0,,0.0
2025-05-15 04:00:00,-1.2,-0.9,,-1.5,,76.0,4.5,5.9,32.0,27.0,1005.1,2.0,0.0,,0.0
2025-05-15 05:00:00,-1.1,-0.8,,-1.4,,77.0,4.6,6.5,33.0,33.0,1005.0,3.0,0.0,,0.0
2025-05-15 06:00:00,-1.1,-0.9,0.0,-1.3,-1.9,77.0,4.5,6.2,46.0,43.0,1005.1,11.0,0.0,0.0,0.0
2025-05-15 07:00:00,-0.7,-0.5,,-1.1,,75.0,4.5,6.5,48.0,47.0,1005.4,34.0,0.0,,0.0
2025-05-15 08:00:00,-0.8,-0.5,,-1.0,,78.0,4.5,7.0,40.0,41.0,1005.5,48.0,0.0,,0.0
2025-05-15 09:00:00,-0.8,-0.6,,-1.0,,86.0,3.0,5.4,37.0,36.0,1006.0,83.0,0.0,,60.0
2025-05-15 10:00:00,-0.3,-0.1,,-0.6,,87.0,3.3,5.4,39.0,26.0,1006.4,126.0,0.0,,90.0
2025-05-15 11:00:00,0.2,0.6,,-0.1,,87.0,4.0,7.3,41.0,34.0,1006.7,143.0,0.0,,90.0
2025-05-15 12:00:00,0.9,1.2,,0.5,,84.0,4.6,8.2,45.0,46.0,1006.9,169.0,0.0,,90.0
2025-05-15 13:00:00,1.5,1.9,,1.2,,79.0,5.1,8.3,45.0,45.0,1007.0,285.0,0.0,,60.0
2025-05-15 14:00:00,1.7,2.6,,1.4,,77.0,4.6,7.9,57.0,37.0,1007.1,393.0,0.0,,90.0
2025-05-15 15:00:00,2.4,3.1,,1.8,,73.0,5.6,8.5,21.0,25.0,1006.5,493.0,0.0,,10.0
2025-05-15 16:00:00,2.9,3.4,,1.9,,71.0,6.5,10.0,37.0,32.0,1005.9,499.0,0.0,,10.0
2025-05-15 17:00:00,3.2,3.7,,2.8,,70.0,7.4,10.5,26.0,30.0,1005.4,483.0,0.0,,10.0
2025-05-15 18:00:00,3.5,4.2,4.2,2.8,-1.1,71.0,4.8,10.6,25.0,23.0,1005.1,514.0,0.0,,10.0
2025-05-15 19:00:00,4.2,4.5,,3.5,,68.0,5.7,8.8,41.0,30.0,1004.4,581.0,0.0,,0.0
2025-05-15 20:00:00,4.0,4.3,,3.6,,69.0,6.3,9.9,53.0,41.0,1004.0,398.0,0.0,,40.0
2025-05-15 21:00:00,4.2,4.6,,3.7,,70.0,4.3,9.3,29.0,48.0,1004.6,182.0,0.0,,40.0
2025-05-15 22:00:00,3.4,4.1,,2.8,,74.0,3.2,6.5,10.0,22.0,1004.4,116.0,0.0,,90.0
2025-05-15 23:00:00,3.8,4.8,,2.9,,74.0,0.9,3.1,132.0,98.0,1005.1,96.0,0.0,,40.0
2025-05-16 00:00:00,4.3,7.0,,2.1,,72.0,8.1,15.3,180.0,171.0,1006.6,52.0,0.4,,90.0
2025-05-16 01:00:00,1.7,2.2,,1.0,,85.0,13.5,17.9,177.0,175.0,1007.8,17.0,0.3,,90.0
2025-05-16 02:00:00,0.8,1.0,,0.6,,88.0,15.5,19.3,171.0,174.0,1009.5,6.0,0.2,,90.0
2025-05-16 03:00:00,0.6,0.8,,0.3,,88.0,14.1,17.8,174.0,176.0,1011.0,3.0,0.0,,90.0
2025-05-16 04:00:00,0.4,0.5,,0.2,,88.0,12.7,15.7,182.0,179.0,1012.7,2.0,0.1,,90.0
2025-05-16 05:00:00,0.1,0.2,,-0.2,,89.0,12.2,16.7,191.0,191.0,1014.4,3.0,0.3,,40.0
2025-05-16 06:00:00,-0.1,0.0,7.0,-0.2,-0.2,90.0,9.0,12.0,185.0,181.0,1016.4,7.0,0.0,1.3,90.0
2025-05-16 07:00:00,-0.1,0.0,,-0.2,,90.0,5.7,11.3,210.0,207.0,1017.4,17.0,0.1,,90.0
2025-05-16 08:00:00,0.1,0.1,,0.0,,90.0,3.7,7.3,144.0,171.0,1018.2,44.0,0.1,,100.0
2025-05-16 09:00:00,0.6,0.9,,0.0,,88.0,2.1,5.0,44.0,118.0,1018.5,169.0,0.0,,
2025-05-16 10:00:00,1.0,1.5,,0.6,,87.0,0.0,2.6,37.0,0.0,1019.0,192.0,0.0,,40.0
2025-05-16 11:00:00,0.9,1.4,,0.4,,88.0,1.8,4.1,27.0,27.0,1019.1,255.0,0.0,,40.0
2025-05-16 12:00:00,0.5,0.7,,0.3,,90.0,2.4,3.9,14.0,9.0,1019.0,275.0,0.0,,90.0
2025-05-16 13:00:00,0.3,0.4,,0.2,,89.0,2.6,4.2,1.0,9.0,1018.8,340.0,0.0,,90.0
2025-05-16 14:00:00,1.1,2.2,,0.3,,84.0,1.0,2.9,360.0,0.0,1018.2,513.0,0.0,,
2025-05-16 15:00:00,2.5,3.2,,2.1,,78.0,1.5,3.6,324.0,336.0,1017.2,679.0,0.0,,0.0
2025-05-16 16:00:00,3.1,3.4,,2.7,,74.0,1.8,4.7,353.0,343.0,1016.2,576.0,0.0,,10.0
2025-05-16 17:00:00,2.9,3.4,,1.9,,76.0,1.8,4.2,275.0,304.0,1014.9,675.0,0.0,,10.0
2025-05-16 18:00:00,2.7,3.7,3.7,1.8,-0.2,76.0,2.7,5.3,349.0,311.0,1013.3,670.0,0.0,,0.0
2025-05-16 19:00:00,3.6,3.8,,3.5,,69.0,3.0,5.6,322.0,334.0,1011.9,638.0,0.0,,10.0
2025-05-16 20:00:00,3.1,3.6,,1.9,,71.0,3.2,6.1,278.0,332.0,1010.7,449.0,0.0,,10.0
2025-05-16 21:00:00,1.6,2.3,,1.0,,83.0,3.5,5.5,294.0,292.0,1009.2,203.0,0.0,,90.0
2025-05-16 22:00:00,2.4,3.6,,1.5,,77.0,3.0,4.5,337.0,320.0,1007.7,137.0,0.0,,60.0
2025-05-16 23:00:00,3.7,4.0,,3.2,,67.0,2.6,6.0,320.0,331.0,1006.5,89.0,0.0,,40.0
2025-05-17 00:00:00,2.3,3.2,,1.6,,79.0,3.2,5.9,284.0,289.0,1005.4,31.0,0.0,,
2025-05-17 01:00:00,1.4,2.1,,1.1,,85.0,4.0,6.0,279.0,284.0,1005.5,12.0,0.0,,100.0
2025-05-17 02:00:00,0.8,1.2,,0.5,,88.0,3.8,5.6,264.0,272.0,1005.0,5.0,0.0,,90.0
2025-05-17 03:00:00,0.1,0.5,,-0.2,,91.0,3.9,6.4,273.0,273.0,1004.6,4.0,0.0,,90.0
2025-05-17 04:00:00,-0.3,-0.2,,-0.4,,93.0,3.0,6.2,270.0,267.0,1005.0,3.0,0.0,,90.0
2025-05-17 05:00:00,-0.3,-0.2,,-0.4,,93.0,3.0,4.6,267.0,261.0,1005.4,4.0,0.0,,60.0
2025-05-17 06:00:00,-0.5,-0.4,4.0,-0.7,-0.7,93.0,2.6,5.1,200.0,230.0,1007.0,14.0,0.0,0.2,60.0
2025-05-17 07:00:00,-0.5,-0.4,,-0.6,,93.0,4.1,6.6,269.0,230.0,1008.7,33.0,0.0,,90.0
2025-05-17 08:00:00,-0.6,-0.5,,-0.6,,93.0,3.3,6.2,210.0,248.0,1010.2,39.0,0.0,,90.0
2025-05-17 09:00:00,-0.6,-0.5,,-0.6,,93.0,3.2,5.1,236.0,245.0,1011.2,71.0,0.0,,90.0
2025-05-17 10:00:00,-0.5,-0.4,,-0.6,,93.0,3.9,6.0,228.0,222.0,1012.0,100.0,0.0,,90.0
2025-05-17 11:00:00,-0.5,-0.4,,-0.6,,92.0,4.2,6.3,238.0,230.0,1013.1,143.0,0.0,,90.0
2025-05-17 12:00:00,-0.6,-0.3,,-0.7,,93.0,3.9,5.7,223.0,221.0,1013.8,158.0,0.0,,100.0
2025-05-17 13:00:00,-0.5,-0.3,,-0.6,,92.0,3.7,6.6,263.0,254.0,1014.2,221.0,0.0,,90.0
2025-05-17 14:00:00,-0.5,-0.3,,-0.8,,91.0,3.2,5.5,267.0,264.0,1014.7,309.0,0.0,,100.0
2025-05-17 15:00:00,-0.4,-0.1,,-0.6,,90.0,2.7,4.9,259.0,265.0,1015.3,288.0,0.0,,90.0
2025-05-17 16:00:00,-0.5,-0.3,,-0.8,,92.0,2.8,5.0,257.0,264.0,1015.0,234.0,0.0,,90.0
2025-05-17 17:00:00,-0.6,-0.2,,-0.8,,94.0,2.6,5.4,264.0,263.0,1015.1,188.0,0.0,,90.0
2025-05-17 18:00:00,0.1,0.4,0.4,-0.3,-0.8,92.0,0.7,3.7,0.0,235.0,1015.4,270.0,0.0,,90.0
2025-05-17 19:00:00,0.3,0.6,,0.0,,93.0,2.1,5.0,195.0,193.0,1015.9,218.0,0.2,,100.0
2025-05-17 20:00:00,0.2,0.6,,0.0,,95.0,2.6,5.1,210.0,192.0,1016.1,139.0,0.8,,100.0
2025-05-17 21:00:00,0.8,1.0,,0.6,,94.0,0.0,2.1,0.0,0.0,1016.1,153.0,0.0,,90.0
2025-05-17 22:00:00,0.7,1.1,,0.4,,95.0,0.5,2.4,169.0,177.0,1016.4,88.0,0.0,,90.0
2025-05-17 23:00:00,0.9,1.3,,0.6,,95.0,1.3,3.2,25.0,138.0,1016.9,73.0,0.0,,90.0
2025-05-18 00:00:00,0.3,0.7,,0.1,,96.0,0.3,2.5,0.0,8.0,1017.7,30.0,0.0,,60.0
2025-05-18 01:00:00,0.2,0.4,,0.1,,97.0,0.0,0.0,0.0,0.0,1018.2,16.0,0.0,,90.0
2025-05-18 02:00:00,0.3,0.5,,-0.2,,96.0,0.4,3.3,268.0,289.0,1018.6,7.0,0.0,,90.0
2025-05-18 03:00:00,-0.4,-0.2,,-0.5,,96.0,1.5,3.6,267.0,269.0,1019.3,3.0,0.0,,90.0
2025-05-18 04:00:00,-0.4,-0.3,,-0.5,,96.0,0.0,1.3,0.0,0.0,1019.6,2.0,0.0,,90.0
2025-05-18 05:00:00,-0.3,-0.3,,-0.4,,96.0,0.0,0.0,0.0,0.0,1020.0,3.0,0.0,,90.0
2025-05-18 06:00:00,-0.2,-0.1,1.3,-0.3,-0.5,96.0,1.0,2.8,106.0,114.0,1020.8,5.0,0.0,1.0,100.0
2025-05-18 07:00:00,0.2,0.5,,-0.1,,94.0,2.1,3.5,74.0,76.0,1021.6,22.0,0.0,,90.0
2025-05-18 08:00:00,0.5,0.9,,0.2,,92.0,0.7,3.3,0.0,31.0,1021.9,43.0,0.0,,90.0
2025-05-18 09:00:00,0.3,0.9,,0.0,,94.0,0.0,0.7,0.0,0.0,1022.4,93.0,0.0,,10.0
2025-05-18 10:00:00,1.2,2.1,,0.3,,90.0,0.5,3.0,64.0,46.0,1022.5,168.0,0.0,,40.0
2025-05-18 11:00:00,1.8,2.6,,0.7,,87.0,2.1,5.2,18.0,31.0,1022.8,298.0,0.0,,10.0
2025-05-18 12:00:00,0.7,1.2,,0.3,,91.0,3.4,6.5,19.0,10.0,1022.6,325.0,0.0,,10.0
2025-05-18 13:00:00,1.4,1.7,,0.8,,88.0,3.8,5.9,42.0,40.0,1022.4,368.0,0.0,,10.0
2025-05-18 14:00:00,1.8,2.4,,1.5,,85.0,4.5,6.3,51.0,48.0,1022.5,431.0,0.0,,10.0
2025-05-18 15:00:00,2.5,2.8,,2.2,,80.0,4.4,6.5,48.0,47.0,1022.3,493.0,0.0,,40.0
2025-05-18 16:00:00,2.7,2.9,,2.4,,79.0,4.6,6.9,43.0,47.0,1021.9,479.0,0.0,,90.0
2025-05-18 17:00:00,3.2,3.8,,2.8,,77.0,4.9,7.2,53.0,50.0,1021.6,482.0,0.0,,90.0
2025-05-18 18:00:00,3.8,4.2,4.2,3.6,-0.1,74.0,4.6,6.6,42.0,44.0,1021.2,396.0,0.0,,90.0
2025-05-18 19:00:00,4.0,4.2,,3.8,,72.0,4.9,7.2,24.0,39.0,1020.6,427.0,0.0,,90.0
2025-05-18 20:00:00,4.7,5.2,,4.2,,68.0,5.0,7.8,37.0,32.0,1020.7,464.0,0.0,,10.0
2025-05-18 21:00:00,4.5,4.8,,4.3,,69.0,4.8,6.7,46.0,41.0,1020.9,283.0,0.0,,0.0
2025-05-18 22:00:00,5.0,5.3,,4.7,,68.0,5.6,7.8,60.0,58.0,1021.1,189.0,0.0,,0.0
2025-05-18 23:00:00,5.4,5.9,,5.0,,66.0,4.0,7.8,77.0,62.0,1021.3,200.0,0.0,,0.0
2025-05-19 00:00:00,5.3,5.8,,3.9,,67.0,1.8,4.7,0.0,48.0,1021.8,124.0,0.0,,0.0
2025-05-19 01:00:00,4.2,4.8,,3.6,,73.0,2.1,4.9,44.0,38.0,1021.9,55.0,0.0,,0.0
2025-05-19 02:00:00,3.4,4.6,,2.0,,77.0,2.6,4.5,44.0,39.0,1022.2,15.0,0.0,,
2025-05-19 03:00:00,3.0,3.7,,2.3,,79.0,1.6,4.6,0.0,24.0,1022.4,5.0,0.0,,100.0
2025-05-19 04:00:00,3.1,4.2,,1.9,,80.0,0.4,3.6,75.0,60.0,1023.1,3.0,0.0,,90.0
2025-05-19 05:00:00,3.8,5.9,,3.0,,78.0,0.6,3.4,0.0,134.0,1023.5,3.0,0.0,,90.0
2025-05-19 06:00:00,4.7,6.5,6.5,3.4,1.9,75.0,0.8,4.3,162.0,163.0,1024.3,5.0,0.0,0.0,100.0
2025-05-19 07:00:00,7.4,9.2,,4.2,,66.0,2.8,5.5,199.0,170.0,1025.2,15.0,0.0,,90.0
2025-05-19 08:00:00,3.6,7.3,,2.0,,80.0,0.3,3.6,297.0,304.0,1026.3,27.0,0.0,,90.0
2025-05-19 09:00:00,4.8,6.1,,3.0,,77.0,0.3,3.2,0.0,336.0,1026.8,69.0,0.0,,90.0
2025-05-19 10:00:00,4.9,6.8,,3.2,,77.0,3.1,5.9,65.0,61.0,1027.2,97.0,0.0,,90.0
2025-05-19 11:00:00,7.8,9.8,,6.4,,66.0,3.8,5.5,44.0,56.0,1027.4,163.0,0.0,,100.0
2025-05-19 12:00:00,8.3,9.8,,6.8,,63.0,2.6,4.7,62.0,46.0,1027.8,156.0,0.0,,90.0
2025-05-19 13:00:00,7.9,9.3,,6.7,,65.0,1.0,3.4,35.0,52.0,1027.7,409.0,0.0,,60.0
2025-05-19 14:00:00,9.2,10.3,,6.7,,62.0,3.2,5.8,69.0,72.0,1027.2,511.0,0.0,,40.0
2025-05-19 15:00:00,10.1,10.6,,8.6,,57.0,3.9,6.2,69.0,66.0,1026.9,481.0,0.0,,60.0
2025-05-19 16:00:00,8.7,10.1,,7.7,,62.0,2.9,5.3,54.0,61.0,1026.4,312.0,0.0,,90.0
2025-05-19 17:00:00,5.4,8.7,,4.4,,75.0,2.5,4.9,15.0,19.0,1026.2,289.0,0.0,,90.0
2025-05-19 18:00:00,5.3,7.1,10.6,4.4,2.0,75.0,1.0,3.9,46.0,37.0,1026.3,293.0,0.0,,90.0
2025-05-19 19:00:00,5.0,6.1,,4.4,,75.0,0.0,1.1,0.0,0.0,1026.5,257.0,0.0,,90.0
2025-05-19 20:00:00,6.6,9.6,,4.7,,72.0,2.7,10.6,232.0,272.0,1027.4,190.0,0.0,,90.0
2025-05-19 21:00:00,6.6,7.8,,5.3,,64.0,5.2,8.2,190.0,215.0,1027.8,152.0,0.0,,90.0
2025-05-19 22:00:00,6.4,7.1,,5.7,,63.0,4.6,7.3,205.0,202.0,1028.0,177.0,0.0,,10.0
2025-05-19 23:00:00,6.0,6.5,,5.5,,69.0,4.5,8.6,178.0,198.0,1028.4,88.0,0.0,,40.0
2025-05-20 00:00:00,6.2,6.7,,5.6,,75.0,1.9,4.6,245.0,216.0,1029.0,43.0,0.0,,90.0
2025-05-20 01:00:00,5.4,6.3,,4.8,,79.0,1.6,4.1,0.0,221.0,1029.4,20.0,0.0,,60.0
2025-05-20 02:00:00,4.2,4.8,,3.9,,85.0,1.1,2.6,173.0,187.0,1029.7,9.0,0.0,,90.0
2025-05-20 03:00:00,4.3,4.8,,4.0,,85.0,1.7,4.2,0.0,139.0,1029.6,4.0,0.0,,100.0
2025-05-20 04:00:00,4.2,4.7,,3.6,,85.0,0.3,2.6,104.0,106.0,1029.6,3.0,0.0,,40.0
2025-05-20 05:00:00,4.2,4.8,,3.6,,85.0,0.0,2.0,0.0,0.0,1029.6,5.0,0.0,,60.0
2025-05-20 06:00:00,4.3,4.8,9.6,3.7,3.6,86.0,0.8,2.8,201.0,179.0,1029.7,9.0,0.0,0.0,90.0
2025-05-20 07:00:00,3.7,4.3,,3.2,,88.0,1.9,3.6,288.0,247.0,1029.9,27.0,0.0,,90.0
2025-05-20 08:00:00,3.3,3.8,,3.0,,90.0,0.5,3.6,0.0,207.0,1029.9,48.0,0.0,,90.0
2025-05-20 09:00:00,3.3,3.9,,2.9,,89.0,0.9,2.3,0.0,179.0,1029.9,166.0,0.0,,60.0
2025-05-20 10:00:00,3.6,4.3,,3.4,,88.0,2.0,3.9,216.0,229.0,1030.1,202.0,0.0,,100.0
2025-05-20 11:00:00,2.9,3.5,,1.8,,89.0,2.7,5.8,258.0,242.0,1030.0,220.0,0.0,,100.0
2025-05-20 12:00:00,2.1,2.3,,1.7,,89.0,2.6,5.1,262.0,253.0,1029.8,256.0,0.0,,100.0
2025-05-20 13:00:00,1.7,2.2,,1.4,,89.0,3.7,6.7,266.0,258.0,1030.0,292.0,0.0,,90.0
2025-05-20 14:00:00,1.0,1.6,,0.2,,91.0,3.6,6.6,263.0,262.0,1030.0,237.0,0.0,,90.0
2025-05-20 15:00:00,0.3,0.4,,0.1,,94.0,2.9,5.4,262.0,270.0,1029.9,208.0,0.0,,90.0
2025-05-20 16:00:00,0.1,0.4,,-0.3,,92.0,3.0,5.1,272.0,271.0,1029.8,196.0,0.0,,100.0
2025-05-20 17:00:00,-0.4,0.0,,-0.6,,94.0,3.8,6.6,266.0,269.0,1029.9,179.0,0.0,,100.0
2025-05-20 18:00:00,-0.4,-0.3,4.3,-0.6,-0.6,93.0,3.9,5.9,268.0,269.0,1029.9,240.0,0.0,,100.0
2025-05-20 19:00:00,-0.4,-0.3,,-0.8,,93.0,4.2,7.3,283.0,275.0,1030.0,197.0,0.0,,100.0
2025-05-20 20:00:00,-0.6,-0.3,,-0.8,,82.0,4.8,7.7,288.0,285.0,1029.7,284.0,0.0,,60.0
2025-05-20 21:00:00,-0.6,-0.4,,-0.9,,74.0,5.3,8.5,287.0,284.0,1029.9,222.0,0.0,,90.0
2025-05-20 22:00:00,-1.0,-0.8,,-1.1,,74.0,5.5,9.6,284.0,283.0,1029.8,140.0,0.0,,90.0
2025-05-20 23:00:00,-1.1,-1.0,,-1.2,,72.0,6.2,11.3,282.0,280.0,1029.7,72.0,0.0,,90.0
2025-05-21 00:00:00,-1.1,-0.9,,-1.3,,72.0,7.4,13.0,284.0,282.0,1029.7,107.0,0.0,,90.0
2025-05-21 01:00:00,-1.2,-0.9,,-1.4,,71.0,8.3,13.8,287.0,286.0,1029.8,80.0,0.0,,
2025-05-21 02:00:00,-1.5,-1.4,,-1.6,,67.0,9.0,14.4,293.0,292.0,1029.6,21.0,0.0,,0.0
2025-05-21 03:00:00,-1.7,-1.6,,-1.8,,67.0,8.5,14.8,291.0,291.0,1029.4,8.0,0.0,,0.0
2025-05-21 04:00:00,-2.0,-1.8,,-2.2,,71.0,8.2,13.0,292.0,291.0,1029.5,6.0,0.1,,0.0
2025-05-21 05:00:00,-2.3,-2.2,,-2.4,,76.0,7.5,12.4,284.0,288.0,1029.5,7.0,0.0,,0.0
2025-05-21 06:00:00,-2.2,-2.0,-0.3,-2.3,-2.4,74.0,7.3,12.1,293.0,288.0,1029.9,16.0,0.1,0.2,0.0
2025-05-21 07:00:00,-2.3,-2.0,,-2.5,,76.0,7.2,11.1,287.0,291.0,1029.9,42.0,0.1,,10.0
2025-05-21 08:00:00,-2.6,-2.4,,-2.8,,77.0,7.8,11.8,291.0,290.0,1029.9,93.0,0.1,,0.0
2025-05-21 09:00:00,-2.9,-2.6,,-3.1,,76.0,6.4,11.6,295.0,292.0,1030.1,145.0,0.0,,40.0
2025-05-21 10:00:00,-3.0,-2.7,,-3.2,,77.0,5.9,9.5,297.0,294.0,1029.9,204.0,0.0,,60.0
2025-05-21 11:00:00,-3.0,-2.7,,-3.2,,74.0,6.0,10.1,304.0,297.0,1029.8,281.0,0.0,,90.0
2025-05-21 12:00:00,-2.9,-2.6,,-3.1,,74.0,5.8,10.0,299.0,293.0,1029.6,366.0,0.0,,60.0
2025-05-21 13:00:00,-3.0,-2.7,,-3.1,,74.0,5.3,8.9,303.0,295.0,1029.2,357.0,0.0,,90.0
2025-05-21 14:00:00,-2.7,-2.3,,-3.1,,71.0,4.7,7.8,288.0,287.0,1028.6,472.0,0.0,,90.0
2025-05-21 15:00:00,-2.5,-2.3,,-2.7,,73.0,4.2,7.1,286.0,283.0,1027.9,458.0,0.0,,100.0
2025-05-21 16:00:00,-2.4,-1.9,,-2.8,,72.0,3.3,6.0,275.0,288.0,1027.1,487.0,0.0,,90.0
2025-05-21 17:00:00,-2.0,-1.7,,-2.3,,73.0,3.4,6.4,280.0,284.0,1026.6,527.0,0.0,,100.0
2025-05-21 18:00:00,-1.8,-1.4,-1.4,-2.0,-3.2,73.0,3.2,5.7,281.0,284.0,1025.7,573.0,0.0,,10.0
2025-05-21 19:00:00,-1.2,-0.8,,-1.5,,72.0,2.2,4.3,285.0,285.0,1025.1,644.0,0.0,,40.0
2025-05-21 20:00:00,-1.0,-0.5,,-1.5,,75.0,2.1,4.1,359.0,321.0,1024.4,446.0,0.0,,100.0
2025-05-21 21:00:00,-1.2,-0.9,,-1.4,,79.0,2.0,3.5,316.0,351.0,1023.8,227.0,0.0,,100.0
2025-05-21 22:00:00,-0.6,-0.3,,-1.0,,81.0,2.9,4.8,340.0,328.0,1023.2,240.0,0.0,,100.0
2025-05-21 23:00:00,-0.8,-0.6,,-0.9,,84.0,4.1,6.1,331.0,333.0,1022.6,121.0,0.0,,100.0
2025-05-22 00:00:00,-0.9,-0.8,,-1.1,,84.0,4.2,6.4,318.0,326.0,1021.8,60.0,0.0,,100.0
2025-05-22 01:00:00,-1.1,-1.0,,-1.2,,83.0,3.2,6.5,313.0,314.0,1021.4,29.0,0.0,,100.0
2025-05-22 02:00:00,-1.2,-1.2,,-1.2,,79.0,2.6,4.5,320.0,319.0,1021.0,13.0,0.0,,100.0
2025-05-22 03:00:00,-1.3,-1.2,,-1.3,,81.0,2.0,3.7,303.0,306.0,1020.4,7.0,0.0,,100.0
2025-05-22 04:00:00,-1.4,-1.3,,-1.4,,84.0,0.9,3.6,0.0,310.0,1020.0,5.0,0.0,,90.0
2025-05-22 05:00:00,-1.5,-1.4,,-1.6,,84.0,0.0,1.8,240.0,0.0,1019.4,8.0,0.0,,100.0
2025-05-22 06:00:00,-1.5,-1.5,-0.3,-1.6,-1.6,84.0,0.0,1.5,0.0,0.0,1019.1,13.0,0.0,0.2,100.0
2025-05-22 07:00:00,-1.5,-1.4,,-1.6,,82.0,1.2,2.7,211.0,192.0,1018.7,31.0,0.0,,60.0
2025-05-22 08:00:00,-1.5,-1.4,,-1.6,,82.0,2.8,4.0,183.0,190.0,1018.5,63.0,0.0,,40.0
2025-05-22 09:00:00,-1.5,-0.9,,-1.9,,82.0,3.2,4.7,167.0,176.0,1018.4,132.0,0.0,,0.0
2025-05-22 10:00:00,-0.8,-0.6,,-0.9,,77.0,4.7,7.0,172.0,178.0,1018.3,267.0,0.0,,0.0
2025-05-22 11:00:00,-0.5,-0.4,,-0.7,,72.0,6.0,8.1,181.0,176.0,1018.3,356.0,0.0,,10.0
2025-05-22 12:00:00,-0.4,-0.1,,-0.6,,69.0,5.0,7.1,176.0,179.0,1018.0,303.0,0.0,,90.0
2025-05-22 13:00:00,-0.4,-0.2,,-0.5,,71.0,4.2,5.9,173.0,177.0,1018.0,309.0,0.0,,100.0
2025-05-22 14:00:00,-0.2,0.1,,-0.4,,70.0,3.4,5.1,174.0,167.0,1017.9,292.0,0.0,,100.0
2025-05-22 15:00:00,0.0,0.5,,-0.3,,69.0,2.8,5.4,157.0,166.0,1017.7,345.0,0.0,,100.0
2025-05-22 16:00:00,0.2,0.6,,-0.2,,69.0,1.1,4.5,9.0,229.0,1017.6,235.0,0.0,,100.0
2025-05-22 17:00:00,-0.4,-0.2,,-0.6,,79.0,3.6,4.8,6.0,8.0,1017.4,176.0,0.0,,100.0
2025-05-22 18:00:00,-0.6,-0.5,0.6,-1.1,-1.9,84.0,4.0,5.5,5.0,3.0,1017.5,157.0,0.0,,
2025-05-22 19:00:00,-1.1,-0.9,,-1.3,,92.0,3.6,4.8,355.0,352.0,1017.5,138.0,0.1,,100.0
2025-05-22 20:00:00,-0.9,-0.7,,-1.0,,88.0,1.5,3.1,0.0,5.0,1017.2,111.0,0.0,,90.0
2025-05-22 21:00:00,-0.8,-0.7,,-0.9,,86.0,0.0,1.0,0.0,0.0,1016.9,81.0,0.0,,100.0
2025-05-22 22:00:00,-0.9,-0.8,,-1.1,,84.0,2.4,5.4,280.0,302.0,1016.5,68.0,0.0,,100.0
2025-05-22 23:00:00,-1.2,-1.1,,-1.4,,81.0,2.8,4.9,269.0,276.0,1016.3,43.0,0.0,,100.0
2025-05-23 00:00:00,-1.4,-1.3,,-1.5,,82.0,1.3,4.1,0.0,265.0,1016.1,34.0,0.0,,100.0
2025-05-23 01:00:00,-1.3,-1.2,,-1.4,,81.0,0.0,0.6,0.0,0.0,1015.8,20.0,0.0,,100.0
2025-05-23 02:00:00,-1.3,-1.2,,-1.3,,82.0,0.4,1.7,0.0,221.0,1015.5,8.0,0.0,,100.0
2025-05-23 03:00:00,-1.3,-1.2,,-1.3,,81.0,0.0,0.0,0.0,0.0,1014.9,4.0,0.0,,100.0
2025-05-23 04:00:00,-1.4,-1.3,,-1.4,,80.0,0.0,0.0,0.0,0.0,1014.4,4.0,0.0,,100.0
2025-05-23 05:00:00,-1.4,-1.3,,-1.4,,80.0,0.0,0.0,0.0,0.0,1014.1,5.0,0.0,,100.0
2025-05-23 06:00:00,-1.4,-1.3,-0.7,-1.5,-1.5,82.0,0.0,0.0,0.0,0.0,1013.7,9.0,0.0,0.1,100.0
2025-05-23 07:00:00,-1.3,-1.2,,-1.4,,82.0,0.0,0.0,0.0,0.0,1013.5,21.0,0.0,,100.0
2025-05-23 08:00:00,-1.2,-1.1,,-1.3,,82.0,0.0,2.1,269.0,0.0,1013.1,43.0,0.0,,100.0
2025-05-23 09:00:00,-1.1,-1.0,,-1.1,,82.0,1.4,4.5,279.0,269.0,1012.7,76.0,0.0,,100.0
2025-05-23 10:00:00,-1.3,-1.1,,-1.4,,83.0,3.1,5.3,277.0,279.0,1012.3,131.0,0.0,,100.0
2025-05-23 11:00:00,-1.2,-1.1,,-1.4,,81.0,3.1,5.3,271.0,274.0,1012.0,212.0,0.0,,100.0
2025-05-23 12:00:00,-1.1,-0.9,,-1.3,,79.0,3.3,5.7,272.0,273.0,1011.3,268.0,0.0,,90.0
2025-05-23 13:00:00,-1.2,-1.0,,-1.3,,77.0,3.3,6.4,273.0,276.0,1011.0,339.0,0.0,,90.0
2025-05-23 14:00:00,-1.0,-0.6,,-1.3,,75.0,3.3,6.1,268.0,272.0,1010.4,422.0,0.0,,40.0
2025-05-23 15:00:00,-0.9,-0.1,,-1.4,,75.0,3.1,6.0,246.0,263.0,1009.9,525.0,0.0,,60.0
2025-05-23 16:00:00,-0.6,-0.2,,-1.1,,71.0,3.7,6.5,241.0,240.0,1009.3,660.0,0.0,,0.0
2025-05-23 17:00:00,-0.3,0.2,,-0.7,,71.0,2.6,5.1,236.0,250.0,1008.7,633.0,0.0,,60.0
2025-05-23 18:00:00,-0.4,0.2,0.2,-0.8,-1.4,71.0,2.3,5.3,227.0,231.0,1008.3,486.0,0.0,,90.0
2025-05-23 19:00:00,-0.2,0.4,,-0.6,,69.0,1.3,4.8,218.0,224.0,1007.9,508.0,0.0,,90.0
2025-05-23 20:00:00,-0.2,0.2,,-0.5,,70.0,1.1,3.0,195.0,195.0,1007.6,454.0,0.0,,90.0
2025-05-23 21:00:00,0.1,1.0,,-0.4,,70.0,0.8,3.3,0.0,190.0,1007.5,385.0,0.0,,40.0
2025-05-23 22:00:00,-0.2,0.2,,-0.6,,73.0,0.0,2.1,0.0,0.0,1007.3,230.0,0.0,,0.0
2025-05-23 23:00:00,-0.4,-0.2,,-0.5,,74.0,0.3,2.1,0.0,2.0,1007.4,234.0,0.0,,10.0
2025-05-24 00:00:00,-0.6,-0.3,,-0.9,,76.0,0.0,1.7,0.0,0.0,1007.4,109.0,0.0,,40.0
2025-05-24 01:00:00,-0.9,-0.8,,-1.0,,79.0,0.0,1.8,0.0,0.0,1007.5,30.0,0.0,,100.0
2025-05-24 02:00:00,-0.7,-0.6,,-0.9,,77.0,0.0,0.0,0.0,0.0,1007.4,15.0,0.0,,100.0
2025-05-24 03:00:00,-0.7,-0.6,,-0.8,,81.0,0.9,2.7,269.0,239.0,1007.4,6.0,0.0,,100.0
2025-05-24 04:00:00,-0.9,-0.8,,-0.9,,84.0,0.8,2.5,0.0,268.0,1007.4,4.0,0.0,,100.0
2025-05-24 05:00:00,-0.9,-0.9,,-1.0,,84.0,0.9,3.3,266.0,266.0,1007.5,6.0,0.0,,10.0
2025-05-24 06:00:00,-1.1,-1.0,1.0,-1.2,-1.2,87.0,2.0,4.4,268.0,267.0,1007.7,12.0,0.0,0.0,100.0
2025-05-24 07:00:00,-1.1,-0.9,,-1.2,,84.0,2.0,4.0,264.0,259.0,1008.3,26.0,0.0,,100.0
2025-05-24 08:00:00,-0.8,-0.7,,-0.9,,82.0,2.0,3.8,259.0,266.0,1008.8,53.0,0.0,,100.0
2025-05-24 09:00:00,-0.6,-0.4,,-0.7,,82.0,2.6,4.5,210.0,237.0,1009.2,115.0,0.0,,100.0
2025-05-24 10:00:00,-0.4,-0.2,,-0.6,,83.0,3.1,4.6,215.0,218.0,1009.9,172.0,0.0,,90.0
2025-05-24 11:00:00,-0.2,0.1,,-0.5,,81.0,3.3,5.0,216.0,215.0,1010.5,250.0,0.0,,60.0
2025-05-24 12:00:00,0.3,0.7,,-0.2,,76.0,3.4,5.6,191.0,214.0,1010.8,375.0,0.0,,10.0
2025-05-24 13:00:00,0.6,1.0,,0.3,,72.0,3.8,5.3,183.0,191.0,1011.3,469.0,0.0,,0.0
2025-05-24 14:00:00,1.1,1.6,,0.7,,71.0,3.3,5.5,249.0,215.0,1011.8,600.0,0.0,,90.0
2025-05-24 15:00:00,0.9,1.4,,0.5,,72.0,2.6,4.7,246.0,254.0,1012.0,600.0,0.0,,40.0
2025-05-24 16:00:00,1.2,1.6,,0.8,,73.0,2.6,4.9,245.0,246.0,1012.1,552.0,0.0,,40.0
2025-05-24 17:00:00,1.3,1.7,,1.0,,73.0,2.7,5.2,267.0,258.0,1012.1,671.0,0.0,,10.0
2025-05-24 18:00:00,1.3,1.8,1.8,0.9,-1.2,74.0,2.6,5.7,271.0,276.0,1012.2,662.0,0.0,,10.0
2025-05-24 19:00:00,1.0,1.3,,0.7,,76.0,3.0,4.7,290.0,278.0,1012.4,626.0,0.0,,0.0
2025-05-24 20:00:00,0.8,1.2,,0.4,,78.0,3.2,5.8,283.0,289.0,1012.6,538.0,0.0,,0.0
2025-05-24 21:00:00,0.3,0.5,,0.0,,80.0,3.4,5.9,312.0,291.0,1012.6,451.0,0.0,,10.0
2025-05-24 22:00:00,0.1,0.2,,-0.1,,80.0,3.1,5.0,282.0,286.0,1012.5,336.0,0.0,,0.0
2025-05-24 23:00:00,-0.2,0.0,,-0.4,,81.0,2.7,4.6,280.0,280.0,1012.6,229.0,0.0,,0.0
2025-05-25 00:00:00,-0.6,-0.4,,-0.8,,83.0,1.9,3.4,282.0,281.0,1012.3,110.0,0.0,,0.0
2025-05-25 01:00:00,-0.8,-0.7,,-1.0,,85.0,1.6,2.7,285.0,283.0,1012.2,51.0,0.0,,0.0
2025-05-25 02:00:00,-1.1,-1.0,,-1.3,,87.0,1.0,2.7,299.0,292.0,1011.9,21.0,0.0,,10.0
2025-05-25 03:00:00,-1.3,-1.2,,-1.3,,89.0,0.0,2.2,0.0,0.0,1011.3,11.0,0.0,,90.0
2025-05-25 04:00:00,-1.3,-1.3,,-1.5,,89.0,0.0,0.0,0.0,0.0,1011.0,6.0,0.0,,100.0
2025-05-25 05:00:00,-1.6,-1.5,,-1.8,,89.0,0.0,0.4,0.0,0.0,1010.8,8.0,0.0,,90.0
2025-05-25 06:00:00,-1.9,-1.8,1.3,-1.9,-1.9,90.0,0.0,0.0,0.0,0.0,1010.6,17.0,0.0,0.0,60.0
2025-05-25 07:00:00,-1.8,-1.5,,-1.9,,90.0,0.0,2.9,301.0,0.0,1010.4,47.0,0.0,,90.0
2025-05-25 08:00:00,-1.9,-1.5,,-2.3,,90.0,0.0,1.9,0.0,0.0,1010.1,64.0,0.0,,90.0
2025-05-25 09:00:00,-2.0,-1.7,,-2.2,,90.0,0.8,3.0,38.0,35.0,1009.8,117.0,0.0,,90.0
2025-05-25 10:00:00,-1.7,-1.4,,-1.9,,89.0,1.7,3.7,41.0,47.0,1009.6,237.0,0.0,,90.0
2025-05-25 11:00:00,-1.1,-0.9,,-1.4,,85.0,2.1,4.0,30.0,24.0,1009.4,374.0,0.0,,40.0
2025-05-25 12:00:00,-0.8,-0.4,,-1.2,,84.0,2.5,4.2,6.0,17.0,1009.2,362.0,0.0,,10.0
2025-05-25 13:00:00,-0.4,0.0,,-0.6,,83.0,3.0,5.5,16.0,19.0,1008.9,444.0,0.0,,0.0
2025-05-25 14:00:00,0.0,0.4,,-0.4,,81.0,3.2,4.9,22.0,25.0,1008.5,540.0,0.0,,0.0
2025-05-25 15:00:00,0.2,0.5,,0.0,,81.0,3.2,4.9,16.0,21.0,1008.0,623.0,0.0,,0.0
2025-05-25 16:00:00,0.5,0.8,,0.3,,80.0,3.3,4.7,2.0,12.0,1007.6,630.0,0.0,,0.0
2025-05-25 17:00:00,0.4,0.7,,0.3,,81.0,3.7,4.8,,358.0,1007.4,651.0,0.0,,0.0
2025-05-25 18:00:00,0.6,1.0,1.0,0.3,-2.3,81.0,3.9,5.1,359.0,1.0,1007.2,656.0,0.0,,0.0
2025-05-25 19:00:00,0.5,0.8,,0.4,,81.0,3.6,4.8,5.0,3.0,1007.0,598.0,0.0,,0.0
2025-05-25 20:00:00,0.7,0.9,,0.5,,80.0,3.3,5.1,2.0,10.0,1006.9,517.0,0.0,,0.0
2025-05-25 21:00:00,0.7,0.8,,0.6,,81.0,3.8,5.2,5.0,7.0,1006.6,442.0,0.0,,0.0
2025-05-25 22:00:00,0.6,0.8,,0.5,,81.0,3.3,4.4,359.0,360.0,1006.7,320.0,0.0,,0.0
2025-05-25 23:00:00,0.5,0.7,,0.4,,82.0,3.1,4.3,7.0,3.0,1006.8,232.0,0.0,,0.0
2025-05-26 00:00:00,0.4,0.5,,0.2,,83.0,2.7,3.8,6.0,6.0,1006.5,150.0,0.0,,0.0
2025-05-26 01:00:00,0.2,0.3,,0.1,,86.0,2.1,3.2,2.0,7.0,1006.6,73.0,0.0,,0.0
2025-05-26 02:00:00,-0.1,0.1,,-0.3,,89.0,1.1,2.7,0.0,358.0,1006.5,26.0,0.0,,0.0
2025-05-26 03:00:00,-0.4,-0.3,,-0.5,,91.0,0.0,0.0,0.0,0.0,1006.3,9.0,0.0,,0.0
2025-05-26 04:00:00,-0.6,-0.5,,-0.7,,92.0,0.0,0.0,0.0,0.0,1006.1,8.0,0.0,,0.0
2025-05-26 05:00:00,-0.6,-0.6,,-0.7,,92.0,0.0,0.0,0.0,0.0,1006.2,15.0,0.0,,0.0
2025-05-26 06:00:00,-0.6,-0.5,0.9,-0.7,-0.7,91.0,0.0,0.0,0.0,0.0,1006.2,47.0,0.0,0.0,0.0
2025-05-26 07:00:00,-0.2,-0.1,,-0.5,,90.0,0.0,0.0,0.0,0.0,1006.2,74.0,0.0,,0.0
2025-05-26 08:00:00,0.2,0.9,,-0.1,,88.0,0.0,0.0,0.0,0.0,1006.3,136.0,0.0,,0.0
2025-05-26 09:00:00,0.2,0.4,,0.0,,86.0,0.0,0.6,0.0,0.0,1006.4,216.0,0.0,,0.0
2025-05-26 10:00:00,0.5,0.8,,0.4,,82.0,0.0,1.0,0.0,0.0,1006.4,305.0,0.0,,0.0
2025-05-26 11:00:00,0.8,1.0,,0.5,,83.0,0.0,1.0,0.0,0.0,1006.4,362.0,0.0,,90.0
2025-05-26 12:00:00,0.8,0.9,,0.5,,84.0,0.0,1.2,0.0,0.0,1006.5,376.0,0.0,,0.0
2025-05-26 13:00:00,1.2,1.6,,0.9,,74.0,0.8,2.5,356.0,358.0,1006.2,474.0,0.0,,60.0
2025-05-26 14:00:00,1.5,1.9,,1.1,,74.0,2.2,3.1,3.0,360.0,1006.1,508.0,0.0,,90.0
2025-05-26 15:00:00,1.4,1.7,,1.1,,77.0,2.5,3.4,356.0,358.0,1006.0,598.0,0.0,,100.0
2025-05-26 16:00:00,1.6,1.9,,1.4,,74.0,2.7,4.0,1.0,3.0,1005.6,504.0,0.0,,90.0
2025-05-26 17:00:00,1.5,1.7,,1.3,,81.0,2.9,3.8,2.0,1.0,1005.6,376.0,0.0,,90.0
2025-05-26 18:00:00,1.6,1.9,1.9,1.4,-0.5,80.0,3.1,4.5,359.0,360.0,1005.2,353.0,0.0,,90.0
2025-05-26 19:00:00,1.4,1.5,,1.2,,80.0,2.9,4.2,360.0,359.0,1005.0,297.0,0.0,,100.0
2025-05-26 20:00:00,1.4,1.6,,1.2,,77.0,2.6,4.1,13.0,12.0,1004.7,154.0,0.0,,100.0
2025-05-26 21:00:00,1.2,1.3,,1.1,,78.0,2.6,3.7,15.0,7.0,1004.6,97.0,0.0,,100.0
2025-05-26 22:00:00,1.1,1.2,,1.1,,78.0,2.4,3.4,26.0,24.0,1004.4,62.0,0.0,,100.0
2025-05-26 23:00:00,1.0,1.1,,1.0,,79.0,2.3,3.2,26.0,21.0,1004.0,36.0,0.0,,100.0
2025-05-27 00:00:00,1.0,1.1,,0.9,,77.0,2.1,3.2,14.0,21.0,1003.8,25.0,0.0,,100.0
2025-05-27 01:00:00,0.8,0.9,,0.7,,83.0,1.4,2.8,11.0,6.0,1003.6,12.0,0.0,,90.0
2025-05-27 02:00:00,0.9,1.0,,0.8,,83.0,1.4,2.6,11.0,21.0,1003.2,11.0,0.0,,100.0
2025-05-27 03:00:00,0.8,0.9,,0.7,,86.0,1.4,2.5,6.0,8.0,1002.9,6.0,0.0,,100.0
2025-05-27 04:00:00,0.7,0.7,,0.6,,89.0,1.1,2.7,11.0,3.0,1002.7,4.0,0.0,,100.0
2025-05-27 05:00:00,0.7,0.7,,0.6,,87.0,1.0,2.6,0.0,10.0,1002.6,5.0,0.0,,90.0
2025-05-27 06:00:00,0.6,0.6,1.6,0.5,0.5,87.0,0.0,0.6,0.0,0.0,1002.4,16.0,0.0,0.0,90.0
2025-05-27 07:00:00,0.6,0.7,,0.6,,89.0,0.0,0.4,0.0,0.0,1002.5,29.0,0.0,,100.0
2025-05-27 08:00:00,0.8,0.9,,0.6,,88.0,0.0,0.0,0.0,0.0,1002.5,72.0,0.0,,90.0
2025-05-27 09:00:00,1.2,1.4,,0.9,,83.0,0.0,2.0,267.0,0.0,1002.6,93.0,0.0,,90.0
2025-05-27 10:00:00,1.4,1.8,,1.2,,84.0,0.7,2.5,282.0,277.0,1002.6,155.0,0.0,,100.0
2025-05-27 11:00:00,1.7,1.8,,1.6,,83.0,0.7,2.4,312.0,287.0,1002.6,200.0,0.0,,
2025-05-27 12:00:00,1.6,1.7,,1.5,,82.0,1.8,4.0,356.0,354.0,1002.5,261.0,0.0,,90.0
2025-05-27 13:00:00,1.6,1.8,,1.5,,81.0,2.7,4.0,355.0,356.0,1002.4,271.0,0.0,,90.0
2025-05-27 14:00:00,1.7,2.0,,1.5,,80.0,3.1,3.9,1.0,358.0,1002.3,400.0,0.0,,100.0
2025-05-27 15:00:00,2.2,2.4,,1.8,,75.0,2.9,4.1,347.0,355.0,1002.2,544.0,0.0,,90.0
2025-05-27 16:00:00,2.0,2.4,,1.8,,81.0,3.0,4.9,286.0,301.0,1002.1,492.0,0.0,,100.0
2025-05-27 17:00:00,2.3,2.6,,2.0,,81.0,3.1,5.0,295.0,285.0,1002.0,607.0,0.0,,90.0
2025-05-27 18:00:00,2.8,3.2,3.2,2.5,0.6,77.0,2.7,4.5,348.0,309.0,1001.8,642.0,0.0,,10.0
2025-05-27 19:00:00,2.6,2.8,,2.4,,78.0,3.3,5.0,356.0,350.0,1001.7,619.0,0.0,,40.0
2025-05-27 20:00:00,2.6,2.8,,2.4,,79.0,2.7,3.9,354.0,355.0,1001.5,533.0,0.0,,90.0
2025-05-27 21:00:00,2.9,3.2,,2.7,,76.0,2.7,3.8,359.0,357.0,1001.3,486.0,0.0,,40.0
2025-05-27 22:00:00,3.4,3.6,,3.2,,72.0,2.1,4.5,304.0,321.0,1001.2,344.0,0.0,,0.0
2025-05-27 23:00:00,3.4,3.6,,3.3,,73.0,2.8,4.8,308.0,307.0,1001.2,201.0,0.0,,0.0
2025-05-28 00:00:00,3.1,3.6,,2.7,,77.0,2.6,4.3,276.0,286.0,1001.1,139.0,0.0,,0.0
2025-05-28 01:00:00,2.4,2.8,,2.3,,82.0,2.5,4.0,282.0,278.0,1001.1,76.0,0.0,,0.0
2025-05-28 02:00:00,2.2,2.5,,1.9,,84.0,2.1,4.1,283.0,286.0,1001.1,31.0,0.0,,0.0
2025-05-28 03:00:00,1.6,1.9,,1.4,,88.0,2.8,4.4,275.0,278.0,1001.2,16.0,0.0,,0.0
2025-05-28 04:00:00,1.0,1.4,,0.5,,91.0,3.4,5.4,270.0,278.0,1001.3,13.0,0.0,,0.0
2025-05-28 05:00:00,-0.3,0.5,,-0.7,,96.0,2.8,5.0,267.0,268.0,1001.5,11.0,0.0,,
2025-05-28 06:00:00,-0.7,-0.7,3.6,-0.9,-0.9,98.0,2.2,4.3,267.0,262.0,1001.8,17.0,0.0,0.0,
2025-05-28 07:00:00,-0.9,-0.7,,-1.2,,98.0,1.5,3.2,262.0,262.0,1002.2,36.0,0.0,,
2025-05-28 08:00:00,-1.1,-1.0,,-1.4,,98.0,1.4,3.3,268.0,263.0,1002.4,65.0,0.0,,
2025-05-28 09:00:00,-1.2,-1.0,,-1.4,,98.0,1.0,2.6,266.0,267.0,1002.6,114.0,0.0,,
2025-05-28 10:00:00,-1.1,-0.8,,-1.3,,98.0,0.9,2.6,266.0,263.0,1002.8,169.0,0.0,,
2025-05-28 11:00:00,-0.8,-0.5,,-1.1,,97.0,1.1,2.8,270.0,268.0,1003.0,244.0,0.0,,100.0
2025-05-28 12:00:00,-0.2,0.5,,-0.8,,95.0,1.2,2.6,208.0,232.0,1003.2,364.0,0.0,,90.0
2025-05-28 13:00:00,0.7,1.2,,0.2,,91.0,1.3,3.3,195.0,197.0,1003.4,475.0,0.0,,10.0
2025-05-28 14:00:00,1.0,1.4,,0.6,,88.0,1.9,4.1,274.0,264.0,1003.5,553.0,0.0,,10.0
2025-05-28 15:00:00,1.1,1.3,,0.7,,88.0,1.7,3.9,279.0,275.0,1003.5,634.0,0.0,,0.0
2025-05-28 16:00:00,1.1,1.3,,1.0,,88.0,2.0,3.9,282.0,280.0,1003.2,649.0,0.0,,0.0
2025-05-28 17:00:00,1.6,1.9,,1.2,,85.0,1.0,2.7,331.0,300.0,1003.4,672.0,0.0,,0.0
2025-05-28 18:00:00,1.6,2.0,2.0,1.4,-1.4,85.0,1.3,2.8,310.0,318.0,1003.3,679.0,0.0,,0.0
2025-05-28 19:00:00,1.7,1.9,,1.3,,83.0,1.5,2.9,326.0,323.0,1003.2,626.0,0.0,,
2025-05-28 20:00:00,2.0,2.3,,1.6,,82.0,2.0,3.2,341.0,345.0,1003.3,535.0,0.0,,0.0
2025-05-28 21:00:00,2.4,2.7,,2.0,,79.0,1.9,3.8,327.0,338.0,1003.0,452.0,0.0,,0.0
2025-05-28 22:00:00,2.8,3.0,,2.5,,76.0,0.5,2.5,328.0,329.0,1002.9,341.0,0.0,,10.0
2025-05-28 23:00:00,3.2,3.5,,3.0,,74.0,0.3,2.2,0.0,327.0,1002.9,252.0,0.0,,0.0
2025-05-29 00:00:00,3.3,3.5,,3.0,,77.0,0.0,2.2,288.0,0.0,1003.0,162.0,0.0,,0.0
2025-05-29 01:00:00,2.4,3.0,,2.1,,85.0,2.0,3.7,279.0,275.0,1003.1,83.0,0.0,,0.0
2025-05-29 02:00:00,1.9,2.1,,1.7,,87.0,2.1,3.6,275.0,278.0,1002.9,35.0,0.0,,0.0
2025-05-29 03:00:00,1.7,1.8,,1.6,,86.0,1.4,3.2,0.0,281.0,1002.9,19.0,0.0,,0.0
2025-05-29 04:00:00,1.7,2.1,,1.4,,84.0,0.8,3.3,0.0,298.0,1002.6,15.0,0.0,,0.0
2025-05-29 05:00:00,1.8,2.2,,1.6,,82.0,0.0,1.2,0.0,0.0,1002.4,19.0,0.0,,0.0
2025-05-29 06:00:00,2.0,2.2,3.5,1.9,1.3,80.0,1.1,2.9,360.0,347.0,1002.5,29.0,0.0,0.0,0.0
2025-05-29 07:00:00,2.2,2.5,,2.0,,82.0,2.2,3.8,5.0,6.0,1002.6,48.0,0.0,,0.0
2025-05-29 08:00:00,2.6,2.9,,2.4,,78.0,2.9,4.4,14.0,6.0,1002.7,103.0,0.0,,0.0
2025-05-29 09:00:00,2.7,2.9,,2.5,,80.0,2.7,4.3,20.0,15.0,1002.7,188.0,0.0,,0.0
2025-05-29 10:00:00,3.0,3.4,,2.5,,80.0,2.9,4.4,28.0,24.0,1003.0,281.0,0.0,,0.0
2025-05-29 11:00:00,3.3,3.6,,2.9,,76.0,3.2,5.0,4.0,24.0,1003.3,362.0,0.0,,0.0
2025-05-29 12:00:00,3.1,3.8,,2.5,,77.0,3.0,4.7,26.0,9.0,1003.3,401.0,0.0,,0.0
2025-05-29 13:00:00,4.1,5.1,,3.2,,70.0,3.2,5.0,3.0,17.0,1003.4,464.0,0.0,,0.0
2025-05-29 14:00:00,3.3,3.6,,3.0,,76.0,3.5,4.8,360.0,1.0,1003.3,560.0,0.0,,0.0
2025-05-29 15:00:00,3.2,3.4,,3.0,,77.0,3.7,5.2,3.0,3.0,1003.4,645.0,0.0,,0.0
2025-05-29 16:00:00,3.4,3.6,,3.1,,79.0,4.5,6.0,5.0,2.0,1003.5,662.0,0.0,,0.0
2025-05-29 17:00:00,3.6,4.2,,3.3,,80.0,3.9,5.1,1.0,2.0,1003.5,674.0,0.0,,0.0
2025-05-29 18:00:00,3.8,4.1,5.1,3.6,2.1,78.0,3.9,5.2,1.0,4.0,1003.7,680.0,0.0,,0.0
2025-05-29 19:00:00,3.7,4.0,,3.5,,78.0,3.6,4.9,356.0,358.0,1003.7,629.0,0.0,,0.0
2025-05-29 20:00:00,4.4,4.7,,3.9,,71.0,3.6,4.9,353.0,358.0,1003.9,533.0,0.0,,0.0
2025-05-29 21:00:00,4.8,4.9,,4.6,,67.0,3.1,4.6,350.0,354.0,1004.0,457.0,0.0,,0.0
2025-05-29 22:00:00,5.1,5.4,,4.7,,71.0,0.5,2.8,274.0,287.0,1004.1,338.0,0.0,,0.0
2025-05-29 23:00:00,4.0,4.9,,3.4,,77.0,2.0,4.1,267.0,276.0,1004.3,246.0,0.0,,0.0
2025-05-30 00:00:00,3.0,3.6,,2.5,,83.0,2.5,4.0,265.0,271.0,1004.4,159.0,0.0,,0.0
2025-05-30 01:00:00,2.6,3.2,,2.1,,84.0,2.4,4.6,273.0,275.0,1004.7,82.0,0.0,,0.0
2025-05-30 02:00:00,1.9,2.3,,1.5,,88.0,1.9,3.8,261.0,268.0,1004.8,34.0,0.0,,0.0
2025-05-30 03:00:00,0.6,1.6,,-0.6,,93.0,0.7,3.1,0.0,273.0,1004.9,15.0,0.0,,10.0
2025-05-30 04:00:00,-0.7,-0.4,,-1.2,,96.0,0.0,2.0,0.0,0.0,1005.1,10.0,0.0,,
2025-05-30 05:00:00,-1.2,-1.0,,-1.5,,97.0,0.0,1.3,0.0,0.0,1005.2,18.0,0.0,,10.0
2025-05-30 06:00:00,-1.0,-0.9,5.4,-1.2,-1.5,96.0,0.0,1.7,0.0,0.0,1005.6,49.0,0.0,0.0,
2025-05-30 07:00:00,-1.2,-0.9,,-1.4,,97.0,0.0,0.6,0.0,0.0,1005.8,48.0,0.0,,
2025-05-30 08:00:00,-1.3,-1.1,,-1.4,,97.0,0.3,2.3,197.0,202.0,1006.1,91.0,0.0,,
2025-05-30 09:00:00,-1.0,-0.6,,-1.4,,97.0,0.3,2.2,199.0,206.0,1006.3,163.0,0.0,,
2025-05-30 10:00:00,-0.3,0.0,,-0.8,,95.0,0.8,2.3,195.0,199.0,1006.5,300.0,0.0,,0.0
2025-05-30 11:00:00,0.6,1.5,,-0.1,,90.0,0.0,2.1,0.0,0.0,1007.1,373.0,0.0,,10.0
2025-05-30 13:00:00,3.0,,,,,79.0,0.0,1.6,0.0,,1007.9,492.0,,,
2025-05-30 14:00:00,3.4,4.0,,3.0,,78.0,0.7,3.1,274.0,225.0,1008.2,558.0,0.0,,0.0
2025-05-30 15:00:00,4.3,5.3,,3.3,,74.0,1.2,3.7,273.0,254.0,1008.5,643.0,0.0,,0.0
2025-05-30 16:00:00,3.0,3.8,,2.2,,79.0,2.7,4.9,268.0,269.0,1008.8,660.0,0.0,,0.0
2025-05-30 17:00:00,2.3,2.8,,1.9,,82.0,2.8,4.3,266.0,266.0,1009.1,676.0,0.0,,0.0
2025-05-30 18:00:00,2.6,3.4,,2.1,,81.0,2.4,4.5,217.0,251.0,1009.4,680.0,0.0,,0.0
2025-05-30 19:00:00,2.0,3.1,,1.3,,83.0,2.9,4.8,269.0,257.0,1009.9,634.0,0.0,,0.0
2025-05-30 20:00:00,1.1,2.2,,0.6,,87.0,3.2,5.7,259.0,267.0,1010.4,534.0,0.0,,40.0
2025-05-30 21:00:00,0.5,1.2,,0.0,,91.0,3.2,6.0,263.0,262.0,1010.8,299.0,0.0,,90.0
2025-05-30 22:00:00,-0.1,0.3,,-0.4,,95.0,3.3,6.3,225.0,252.0,1011.3,171.0,0.0,,90.0
2025-05-30 23:00:00,-0.3,0.2,,-1.0,,95.0,4.8,6.7,201.0,207.0,1011.5,101.0,0.0,,
2025-05-31 00:00:00,-0.8,-0.4,,-1.1,,97.0,4.8,6.8,204.0,210.0,1012.0,54.0,0.0,,
2025-05-31 01:00:00,-1.2,-1.0,,-1.6,,98.0,5.0,6.7,223.0,202.0,1012.5,26.0,0.0,,
2025-05-31 02:00:00,-1.5,-1.1,,-1.9,,98.0,4.6,6.5,200.0,207.0,1012.7,16.0,0.0,,
2025-05-31 03:00:00,-1.9,-1.7,,-2.2,,98.0,4.6,6.4,209.0,202.0,1012.9,7.0,0.0,,
2025-05-31 04:00:00,-1.9,-1.6,,-2.3,,98.0,3.6,5.5,206.0,210.0,1013.0,5.0,0.0,,
2025-05-31 05:00:00,-2.0,-1.8,,-2.3,,98.0,2.6,4.6,204.0,205.0,1013.3,7.0,0.0,,
2025-05-31 06:00:00,-2.0,-1.7,3.1,-2.2,-2.3,98.0,2.4,4.5,224.0,211.0,1013.7,9.0,0.0,,
2025-05-31 07:00:00,-2.1,-1.9,,-2.2,,98.0,1.9,3.9,165.0,183.0,1013.7,22.0,0.0,,
2025-05-31 08:00:00,-2.2,-2.1,,-2.4,,98.0,2.3,4.2,159.0,170.0,1013.8,50.0,0.0,,90.0
2025-05-31 09:00:00,-2.3,-1.9,,-2.4,,97.0,1.5,3.8,182.0,173.0,1014.1,108.0,0.0,,90.0
2025-05-31 10:00:00,-1.9,-1.5,,-2.3,,96.0,1.0,3.3,146.0,164.0,1014.3,166.0,0.0,,90.0
2025-05-31 11:00:00,-1.4,-1.0,,-1.7,,94.0,0.0,2.4,0.0,0.0,1014.4,226.0,0.0,,90.0
2025-05-31 12:00:00,-0.9,-0.5,,-1.2,,90.0,1.2,3.6,355.0,43.0,1014.6,372.0,0.0,,90.0
2025-05-31 13:00:00,-0.7,0.1,,-1.1,,93.0,2.3,4.2,57.0,27.0,1014.5,312.0,0.0,,90.0
2025-05-31 14:00:00,-0.1,0.5,,-0.5,,94.0,2.7,5.0,56.0,39.0,1014.3,354.0,0.0,,90.0
2025-05-31 15:00:00,0.0,0.7,,-0.4,,93.0,3.4,5.6,36.0,34.0,1014.1,443.0,0.0,,90.0
2025-05-31 16:00:00,0.0,0.3,,-0.3,,93.0,3.4,5.1,28.0,26.0,1013.7,519.0,0.0,,90.0
2025-05-31 17:00:00,-0.1,0.4,,-0.6,,94.0,3.9,6.4,29.0,24.0,1013.4,574.0,0.0,,90.0
2025-05-31 18:00:00,0.1,0.5,0.7,-0.3,-2.4,95.0,4.2,6.0,23.0,25.0,1013.0,494.0,0.0,,100.0
2025-05-31 19:00:00,0.4,0.9,,-0.1,,94.0,3.7,5.7,19.0,25.0,1012.9,606.0,0.0,,
2025-05-31 20:00:00,0.1,0.4,,-0.2,,95.0,3.8,5.5,5.0,7.0,1012.7,439.0,0.0,,
2025-05-31 21:00:00,0.1,0.4,,-0.2,,96.0,3.2,4.7,15.0,7.0,1012.6,365.0,0.0,,
2025-05-31 22:00:00,0.0,0.2,,-0.3,,96.0,2.7,4.1,358.0,6.0,1012.2,241.0,0.0,,
2025-05-31 23:00:00,0.4,1.2,,-0.3,,97.0,2.2,3.8,20.0,11.0,1012.2,195.0,0.0,,0.0
2025-06-01 00:00:00,1.9,2.2,,1.2,,94.0,2.7,4.8,7.0,13.0,1011.9,129.0,0.0,,0.0
2025-06-01 01:00:00,2.3,2.4,,2.1,,90.0,0.6,2.7,0.0,5.0,1011.7,58.0,0.0,,0.0
2025-06-01 02:00:00,2.2,2.3,,2.0,,88.0,0.3,2.4,0.0,359.0,1011.8,25.0,0.0,,0.0
2025-06-01 03:00:00,2.4,2.6,,2.2,,85.0,0.0,0.5,0.0,0.0,1011.4,12.0,0.0,,10.0
2025-06-01 04:00:00,2.5,2.7,,2.3,,86.0,1.9,3.2,2.0,351.0,1011.1,8.0,0.0,,10.0
2025-06-01 05:00:00,2.5,2.7,,2.4,,87.0,3.0,4.5,9.0,5.0,1011.0,10.0,0.0,,0.0
2025-06-01 06:00:00,2.4,2.5,2.7,2.3,-0.3,89.0,2.4,4.3,1.0,7.0,1011.2,22.0,0.0,0.0,0.0
2025-06-01 07:00:00,2.5,2.7,,2.3,,88.0,2.3,3.2,,5.0,1011.3,43.0,0.0,,0.0
2025-06-01 08:00:00,2.7,3.0,,2.3,,86.0,3.0,5.3,8.0,8.0,1011.2,87.0,0.0,,0.0
2025-06-01 09:00:00,3.0,3.3,,2.8,,84.0,3.8,6.2,13.0,9.0,1011.4,146.0,0.0,,0.0
2025-06-01 10:00:00,3.3,3.4,,3.1,,83.0,3.7,5.7,4.0,4.0,1011.8,229.0,0.0,,0.0
2025-06-01 11:00:00,3.6,3.9,,3.4,,78.0,3.6,5.9,1.0,6.0,1011.9,297.0,0.0,,10.0
2025-06-01 12:00:00,3.9,4.1,,3.8,,74.0,3.9,5.9,358.0,358.0,1012.0,358.0,0.0,,0.0
2025-06-01 13:00:00,4.1,4.3,,3.9,,75.0,3.6,5.9,358.0,2.0,1012.4,452.0,0.0,,10.0
2025-06-01 14:00:00,4.4,5.0,,4.1,,72.0,3.1,5.6,357.0,2.0,1012.6,526.0,0.0,,0.0
2025-06-01 15:00:00,4.8,5.5,,4.3,,66.0,2.5,4.2,4.0,1.0,1012.4,614.0,0.0,,10.0
2025-06-01 16:00:00,5.5,5.9,,5.1,,60.0,2.8,4.5,355.0,358.0,1012.6,640.0,0.0,,10.0
2025-06-01 17:00:00,5.9,6.3,,5.6,,61.0,4.0,5.2,356.0,356.0,1012.8,637.0,0.0,,10.0
2025-06-01 18:00:00,6.0,6.5,6.5,5.6,2.3,65.0,1.6,4.6,287.0,322.0,1012.8,601.0,0.0,,0.0
2025-06-01 19:00:00,5.9,6.2,,5.7,,70.0,1.2,3.1,287.0,284.0,1013.0,540.0,0.0,,10.0
2025-06-01 20:00:00,6.1,6.5,,5.8,,67.0,0.8,2.7,270.0,276.0,1013.1,431.0,0.0,,0.0
2025-06-01 21:00:00,5.5,6.5,,4.9,,70.0,2.3,4.3,274.0,273.0,1013.3,348.0,0.0,,0.0
2025-06-01 22:00:00,5.0,5.6,,4.4,,75.0,1.0,3.7,0.0,285.0,1013.3,240.0,0.0,,10.0
2025-06-01 23:00:00,4.2,4.6,,3.2,,80.0,2.0,4.4,273.0,285.0,1013.5,153.0,0.0,,0.0
2025-06-02 00:00:00,3.4,3.6,,3.2,,83.0,0.8,4.3,0.0,265.0,1013.4,93.0,0.0,,0.0
2025-06-02 01:00:00,3.8,4.1,,3.3,,80.0,0.0,0.0,0.0,0.0,1013.4,50.0,0.0,,0.0
2025-06-02 02:00:00,3.3,3.5,,2.9,,83.0,0.0,0.0,0.0,0.0,1013.3,23.0,0.0,,0.0
2025-06-02 03:00:00,2.3,3.0,,1.9,,89.0,0.0,1.5,0.0,0.0,1013.5,12.0,0.0,,0.0
2025-06-02 04:00:00,1.9,2.0,,1.9,,92.0,0.0,0.0,0.0,0.0,1013.0,8.0,0.0,,0.0
2025-06-02 05:00:00,1.9,2.2,,1.7,,90.0,0.7,2.3,0.0,186.0,1012.7,10.0,0.0,,0.0
2025-06-02 06:00:00,1.9,2.2,6.5,1.7,1.7,89.0,0.0,0.0,0.0,0.0,1012.6,19.0,0.0,0.0,0.0
2025-06-02 07:00:00,1.9,2.4,,1.6,,91.0,0.0,2.2,0.0,0.0,1012.2,37.0,0.0,,0.0
2025-06-02 08:00:00,2.4,2.7,,2.2,,90.0,1.9,3.1,35.0,35.0,1012.0,64.0,0.0,,0.0
2025-06-02 09:00:00,2.8,3.1,,2.7,,90.0,0.3,2.4,0.0,19.0,1011.6,133.0,0.0,,0.0
2025-06-02 10:00:00,3.2,3.5,,3.0,,87.0,1.6,4.6,24.0,19.0,1011.3,256.0,0.0,,0.0
2025-06-02 11:00:00,3.9,4.3,,3.4,,82.0,3.2,4.6,25.0,24.0,1010.9,329.0,0.0,,10.0
2025-06-02 12:00:00,4.4,4.7,,4.1,,76.0,4.2,6.1,24.0,24.0,1010.4,377.0,0.0,,0.0
2025-06-02 13:00:00,4.8,5.4,,4.4,,70.0,4.6,6.7,24.0,26.0,1009.7,431.0,0.0,,0.0
2025-06-02 14:00:00,4.9,5.3,,4.5,,70.0,4.9,7.6,22.0,21.0,1009.1,502.0,0.0,,10.0
2025-06-02 15:00:00,5.3,5.6,,4.9,,68.0,5.5,7.9,9.0,19.0,1008.5,560.0,0.0,,10.0
2025-06-02 16:00:00,5.3,5.8,,4.9,,70.0,5.2,7.5,18.0,13.0,1007.7,614.0,0.0,,10.0
2025-06-02 17:00:00,5.5,6.1,,5.2,,69.0,5.4,7.9,20.0,20.0,1006.9,613.0,0.0,,10.0
2025-06-02 18:00:00,6.0,6.2,6.2,5.8,1.6,68.0,5.2,8.3,10.0,15.0,1006.2,595.0,0.0,,0.0
2025-06-02 19:00:00,6.3,6.8,,5.8,,68.0,4.8,7.6,12.0,11.0,1005.8,547.0,0.0,,0.0
2025-06-02 20:00:00,6.4,6.8,,6.1,,67.0,4.8,7.0,7.0,5.0,1005.3,470.0,0.0,,0.0
2025-06-02 21:00:00,6.9,7.1,,6.7,,64.0,4.0,6.5,359.0,5.0,1004.6,407.0,0.0,,0.0
2025-06-02 22:00:00,6.6,6.9,,6.2,,65.0,2.9,4.1,356.0,357.0,1004.1,283.0,0.0,,40.0
2025-06-02 23:00:00,6.8,6.9,,6.5,,63.0,3.3,6.3,353.0,352.0,1003.9,187.0,0.0,,10.0
2025-06-03 00:00:00,6.4,6.7,,6.1,,64.0,4.0,6.5,344.0,352.0,1003.6,124.0,0.0,,0.0
2025-06-03 01:00:00,6.5,7.1,,6.0,,63.0,4.7,8.2,351.0,352.0,1003.5,70.0,0.0,,0.0
2025-06-03 02:00:00,5.6,6.8,,4.7,,69.0,3.1,6.9,299.0,311.0,1003.5,37.0,0.0,,0.0
2025-06-03 03:00:00,5.8,6.4,,5.2,,66.0,3.6,6.3,301.0,335.0,1003.6,18.0,0.0,,0.0
2025-06-03 04:00:00,4.0,5.2,,3.2,,77.0,3.8,5.8,278.0,282.0,1003.5,11.0,0.0,,0.0
2025-06-03 05:00:00,4.2,5.2,,3.3,,75.0,3.4,6.1,310.0,287.0,1003.2,15.0,0.0,,90.0
2025-06-03 06:00:00,5.7,6.4,7.1,4.6,3.2,64.0,0.0,2.3,0.0,0.0,1003.5,25.0,0.0,0.0,60.0
2025-06-03 07:00:00,4.7,5.4,,4.2,,71.0,1.7,3.8,258.0,254.0,1003.8,33.0,0.0,,90.0
2025-06-03 08:00:00,4.2,4.9,,2.9,,76.0,3.0,6.7,242.0,250.0,1004.2,64.0,0.0,,90.0
2025-06-03 09:00:00,3.5,3.7,,2.9,,81.0,3.7,5.9,193.0,201.0,1004.4,114.0,0.0,,90.0
2025-06-03 10:00:00,3.4,3.7,,3.1,,79.0,6.0,8.7,195.0,198.0,1005.0,204.0,0.0,,90.0
2025-06-03 11:00:00,2.5,3.2,,2.1,,85.0,7.2,9.9,198.0,197.0,1005.1,261.0,0.0,,60.0
2025-06-03 12:00:00,2.4,2.8,,2.1,,86.0,7.8,10.4,193.0,198.0,1005.5,326.0,0.0,,60.0
2025-06-03 13:00:00,2.9,3.3,,2.3,,84.0,6.8,8.5,201.0,197.0,1005.4,405.0,0.0,,10.0
2025-06-03 14:00:00,3.9,4.4,,3.2,,79.0,6.1,8.0,199.0,199.0,1005.8,520.0,0.0,,10.0
2025-06-03 15:00:00,4.8,5.2,,4.3,,76.0,4.8,6.8,203.0,199.0,1005.9,636.0,0.0,,0.0
2025-06-03 16:00:00,5.0,5.4,,4.7,,75.0,4.1,6.5,223.0,212.0,1006.0,651.0,0.0,,10.0
2025-06-03 17:00:00,4.2,4.8,,3.5,,78.0,3.2,5.5,267.0,261.0,1006.2,573.0,0.0,,10.0
2025-06-03 18:00:00,3.5,3.9,5.4,3.2,2.1,80.0,3.8,6.5,261.0,262.0,1006.5,611.0,0.0,,0.0
2025-06-03 19:00:00,3.2,3.7,,2.7,,81.0,3.5,6.5,258.0,266.0,1006.8,565.0,0.0,,10.0
2025-06-03 20:00:00,2.6,3.0,,2.3,,83.0,3.2,5.6,257.0,260.0,1006.9,459.0,0.0,,10.0
2025-06-03 21:00:00,2.6,3.0,,2.3,,83.0,2.7,5.3,257.0,259.0,1007.2,393.0,0.0,,10.0
2025-06-03 22:00:00,1.9,2.5,,1.4,,86.0,2.5,4.3,261.0,266.0,1007.3,298.0,0.0,,10.0
2025-06-03 23:00:00,1.3,1.8,,0.9,,90.0,2.5,4.3,261.0,262.0,1007.5,173.0,0.0,,10.0
2025-06-04 00:00:00,0.6,1.0,,0.4,,94.0,2.2,4.2,247.0,262.0,1007.7,68.0,0.0,,100.0
2025-06-04 01:00:00,0.5,0.8,,0.3,,94.0,3.1,4.7,201.0,211.0,1007.7,43.0,0.0,,100.0
2025-06-04 02:00:00,0.2,0.3,,0.0,,96.0,3.3,4.6,202.0,203.0,1007.9,21.0,0.0,,90.0
2025-06-04 03:00:00,-0.1,0.2,,-0.4,,96.0,2.9,4.9,201.0,200.0,1007.8,11.0,0.0,,
2025-06-04 04:00:00,-0.2,-0.1,,-0.4,,97.0,2.6,4.4,203.0,209.0,1008.0,7.0,0.0,,90.0
2025-06-04 05:00:00,-0.2,0.1,,-0.4,,96.0,2.2,4.0,201.0,224.0,1008.0,8.0,0.0,,100.0
2025-06-04 06:00:00,-0.4,-0.2,3.7,-0.6,-0.6,97.0,3.2,5.0,199.0,198.0,1008.1,13.0,0.0,0.0,100.0
2025-06-04 07:00:00,-0.3,-0.1,,-0.4,,97.0,2.6,4.5,209.0,196.0,1008.3,21.0,0.0,,100.0
2025-06-04 08:00:00,-0.2,0.0,,-0.3,,97.0,2.3,4.0,197.0,203.0,1008.3,37.0,0.0,,100.0
2025-06-04 09:00:00,-0.1,0.1,,-0.5,,97.0,2.2,3.7,204.0,211.0,1008.2,51.0,0.0,,100.0
2025-06-04 10:00:00,-0.2,0.0,,-0.5,,96.0,0.9,3.0,191.0,212.0,1008.1,84.0,0.0,,100.0
2025-06-04 11:00:00,0.0,0.4,,-0.3,,96.0,0.0,2.2,0.0,0.0,1008.2,118.0,0.0,,100.0
2025-06-04 12:00:00,0.5,0.7,,0.3,,94.0,0.0,0.7,0.0,0.0,1008.0,189.0,0.0,,100.0
2025-06-04 13:00:00,0.6,1.0,,0.3,,92.0,0.7,3.0,325.0,283.0,1007.9,257.0,0.0,,90.0
2025-06-04 14:00:00,0.6,0.8,,0.4,,93.0,1.5,3.2,340.0,334.0,1007.9,283.0,0.0,,90.0
2025-06-04 15:00:00,0.8,1.0,,0.6,,92.0,1.3,2.9,325.0,330.0,1007.6,284.0,0.0,,90.0
2025-06-04 16:00:00,1.1,1.4,,0.8,,90.0,1.7,3.7,344.0,335.0,1007.3,311.0,0.0,,90.0
2025-06-04 17:00:00,1.1,1.6,,0.8,,90.0,1.3,3.5,331.0,324.0,1007.1,416.0,0.0,,90.0
2025-06-04 18:00:00,1.6,1.8,1.8,1.3,-0.5,88.0,1.6,3.7,307.0,296.0,1006.8,520.0,0.0,,90.0
2025-06-04 19:00:00,1.4,2.4,,1.1,,89.0,2.3,4.6,310.0,298.0,1006.7,480.0,0.0,,90.0
2025-06-04 20:00:00,1.2,1.4,,1.0,,90.0,2.8,5.0,267.0,276.0,1006.6,336.0,0.0,,90.0
2025-06-04 21:00:00,0.9,1.1,,0.6,,91.0,3.0,5.0,273.0,271.0,1006.5,241.0,0.0,,
2025-06-04 22:00:00,0.6,0.9,,0.4,,93.0,2.8,5.1,261.0,272.0,1006.4,138.0,0.0,,90.0
2025-06-04 23:00:00,0.4,0.7,,0.2,,94.0,2.7,5.4,262.0,261.0,1006.5,74.0,0.0,,90.0
2025-06-05 00:00:00,0.1,0.3,,-0.1,,96.0,2.8,5.9,264.0,264.0,1006.4,41.0,0.0,,
2025-06-05 01:00:00,0.1,0.3,,0.0,,97.0,3.2,6.4,261.0,263.0,1006.4,29.0,0.0,,
2025-06-05 02:00:00,0.0,0.1,,-0.3,,98.0,3.2,6.2,260.0,260.0,1006.5,15.0,0.0,,
2025-06-05 03:00:00,-0.3,-0.1,,-0.5,,98.0,3.4,6.2,260.0,264.0,1006.3,10.0,0.0,,90.0
2025-06-05 04:00:00,-0.4,-0.1,,-0.6,,98.0,3.2,6.6,263.0,264.0,1006.1,7.0,0.0,,90.0
2025-06-05 05:00:00,-0.3,-0.1,,-0.5,,98.0,2.4,4.6,265.0,264.0,1005.9,8.0,0.0,,90.0
2025-06-05 06:00:00,-0.2,0.0,2.4,-0.3,-0.6,98.0,2.7,5.0,262.0,261.0,1005.7,15.0,0.0,0.0,90.0
2025-06-05 07:00:00,0.1,0.2,,0.0,,97.0,2.2,4.1,270.0,270.0,1005.6,26.0,0.0,,
2025-06-05 08:00:00,0.0,0.1,,-0.1,,98.0,2.5,4.2,270.0,271.0,1005.5,41.0,0.0,,90.0
2025-06-05 09:00:00,0.1,0.2,,-0.1,,96.0,2.2,4.5,265.0,265.0,1005.2,45.0,0.0,,90.0
2025-06-05 10:00:00,0.1,0.2,,0.0,,97.0,2.3,4.7,267.0,268.0,1005.0,73.0,0.0,,90.0
2025-06-05 11:00:00,0.1,0.2,,-0.1,,97.0,2.4,4.2,300.0,277.0,1004.9,104.0,0.0,,90.0
2025-06-05 12:00:00,0.0,0.1,,-0.1,,97.0,2.2,4.2,290.0,298.0,1004.8,145.0,0.0,,90.0
2025-06-05 13:00:00,0.2,0.3,,0.0,,94.0,2.6,4.9,277.0,276.0,1004.7,189.0,0.0,,90.0
2025-06-05 14:00:00,0.2,0.7,,-0.1,,92.0,2.6,5.3,285.0,285.0,1004.6,226.0,0.0,,90.0
2025-06-05 15:00:00,0.7,0.9,,0.5,,91.0,2.6,4.5,281.0,279.0,1004.2,282.0,0.0,,90.0
2025-06-05 16:00:00,0.8,0.9,,0.6,,93.0,3.0,5.0,271.0,271.0,1004.1,264.0,0.0,,90.0
2025-06-05 17:00:00,0.8,0.9,,0.6,,93.0,3.6,5.6,278.0,280.0,1004.0,258.0,0.0,,90.0
2025-06-05 18:00:00,0.8,0.9,0.9,0.6,-0.1,92.0,3.4,5.3,286.0,282.0,1004.0,251.0,0.0,,90.0
2025-06-05 19:00:00,0.9,1.1,,0.7,,90.0,3.1,5.1,276.0,279.0,1004.0,255.0,0.0,,100.0
2025-06-05 20:00:00,1.0,1.1,,0.8,,87.0,2.3,4.1,266.0,275.0,1004.1,238.0,0.0,,100.0
2025-06-05 21:00:00,1.0,1.2,,0.9,,86.0,2.0,4.3,301.0,280.0,1004.0,220.0,0.0,,90.0
2025-06-05 22:00:00,1.0,1.1,,0.8,,86.0,1.8,3.8,281.0,288.0,1004.2,191.0,0.0,,100.0
2025-06-05 23:00:00,0.5,0.8,,0.3,,89.0,1.9,3.7,269.0,273.0,1004.3,77.0,0.0,,100.0
2025-06-06 00:00:00,0.1,0.4,,0.0,,89.0,1.7,3.8,279.0,275.0,1004.7,52.0,0.0,,100.0
2025-06-06 01:00:00,-0.1,0.1,,-0.2,,92.0,0.5,2.9,266.0,263.0,1004.8,24.0,0.0,,100.0
2025-06-06 02:00:00,-0.3,-0.1,,-0.4,,93.0,0.4,2.5,243.0,249.0,1004.9,13.0,0.0,,100.0
2025-06-06 03:00:00,-0.3,-0.2,,-0.4,,93.0,0.5,2.7,193.0,219.0,1004.9,6.0,0.0,,100.0
2025-06-06 04:00:00,-0.2,-0.1,,-0.3,,94.0,0.7,3.0,0.0,228.0,1005.1,5.0,0.0,,100.0
2025-06-06 05:00:00,-0.2,0.0,,-0.3,,93.0,0.0,2.1,0.0,0.0,1005.2,6.0,0.0,,100.0
2025-06-06 06:00:00,-0.1,0.0,1.2,-0.2,-0.4,92.0,0.0,2.7,0.0,0.0,1005.3,8.0,0.0,0.0,100.0
2025-06-06 07:00:00,0.0,0.1,,-0.1,,91.0,0.0,2.0,0.0,0.0,1005.4,16.0,0.0,,100.0
2025-06-06 08:00:00,0.1,0.2,,0.0,,91.0,0.0,0.8,0.0,0.0,1005.6,32.0,0.0,,100.0
2025-06-06 09:00:00,0.3,0.5,,0.0,,89.0,0.0,1.4,0.0,0.0,1006.0,71.0,0.0,,100.0
2025-06-06 10:00:00,0.6,0.9,,0.4,,86.0,0.0,1.9,0.0,0.0,1006.2,110.0,0.0,,90.0
2025-06-06 11:00:00,1.0,1.3,,0.7,,85.0,0.3,3.0,224.0,224.0,1006.5,161.0,0.0,,100.0
2025-06-06 12:00:00,1.3,1.7,,1.0,,83.0,1.3,3.6,247.0,241.0,1006.6,219.0,0.0,,100.0
2025-06-06 13:00:00,1.3,1.5,,1.1,,84.0,2.1,3.9,265.0,253.0,1006.9,209.0,0.0,,
2025-06-06 14:00:00,1.4,1.8,,1.1,,84.0,2.4,4.9,256.0,254.0,1007.2,223.0,0.0,,100.0
2025-06-06 15:00:00,1.5,1.9,,1.2,,84.0,2.8,5.6,228.0,242.0,1007.4,229.0,0.0,,100.0
2025-06-06 16:00:00,1.3,1.6,,1.1,,85.0,3.3,5.3,245.0,227.0,1007.6,188.0,0.0,,100.0
2025-06-06 17:00:00,1.3,1.5,,1.1,,86.0,3.3,5.6,230.0,234.0,1007.8,200.0,0.0,,90.0
2025-06-06 18:00:00,1.3,1.8,1.9,1.1,-0.1,85.0,3.3,5.6,248.0,228.0,1007.9,213.0,0.0,,100.0
2025-06-06 19:00:00,1.5,1.9,,1.1,,83.0,2.7,4.7,238.0,245.0,1008.4,228.0,0.0,,100.0
2025-06-06 20:00:00,1.3,1.5,,0.9,,83.0,2.1,4.8,246.0,259.0,1008.7,188.0,0.0,,100.0
2025-06-06 21:00:00,1.0,1.2,,0.8,,85.0,1.9,4.0,253.0,241.0,1008.7,113.0,0.0,,100.0
2025-06-06 22:00:00,0.9,1.1,,0.8,,84.0,2.4,4.1,263.0,243.0,1008.9,96.0,0.0,,100.0
2025-06-06 23:00:00,0.8,1.0,,0.6,,83.0,2.1,4.0,260.0,261.0,1009.2,86.0,0.0,,100.0
2025-06-07 00:00:00,0.6,0.9,,0.4,,84.0,2.0,3.9,238.0,243.0,1009.3,62.0,0.0,,100.0
2025-06-07 01:00:00,0.4,0.6,,0.3,,85.0,1.8,3.7,240.0,254.0,1009.4,35.0,0.0,,90.0
2025-06-07 02:00:00,0.4,0.5,,0.2,,86.0,1.0,3.0,261.0,247.0,1009.6,15.0,0.0,,90.0
2025-06-07 03:00:00,0.3,0.4,,0.2,,88.0,1.1,2.7,205.0,220.0,1009.4,7.0,0.0,,100.0
2025-06-07 04:00:00,0.3,0.4,,0.2,,89.0,1.2,3.0,247.0,232.0,1009.6,6.0,0.0,,100.0
2025-06-07 05:00:00,0.4,0.5,,0.2,,89.0,0.0,1.4,0.0,0.0,1009.8,7.0,0.0,,100.0
2025-06-07 06:00:00,0.5,0.7,1.9,0.4,0.2,89.0,0.0,1.3,0.0,0.0,1009.9,11.0,0.0,0.0,100.0
2025-06-07 07:00:00,0.6,0.7,,0.6,,88.0,0.3,2.6,240.0,238.0,1009.9,19.0,0.0,,100.0
2025-06-07 08:00:00,0.7,0.9,,0.6,,86.0,0.0,1.2,0.0,0.0,1010.0,41.0,0.0,,100.0
2025-06-07 09:00:00,0.8,1.0,,0.8,,85.0,0.0,0.4,0.0,0.0,1010.1,66.0,0.0,,100.0
2025-06-07 10:00:00,0.9,1.3,,0.8,,86.0,0.0,1.2,0.0,0.0,1010.2,88.0,0.0,,100.0
2025-06-07 11:00:00,1.3,1.4,,1.2,,85.0,0.0,2.2,192.0,0.0,1010.5,130.0,0.0,,100.0
2025-06-07 12:00:00,1.3,1.5,,1.2,,86.0,0.8,2.7,270.0,222.0,1010.5,117.0,0.0,,100.0
2025-06-07 13:00:00,1.4,1.7,,1.1,,87.0,0.9,2.9,319.0,293.0,1010.8,194.0,0.0,,100.0
2025-06-07 14:00:00,1.7,2.4,,1.3,,85.0,1.5,3.7,287.0,292.0,1010.9,339.0,0.0,,90.0
2025-06-07 15:00:00,1.9,2.3,,1.5,,83.0,2.5,4.7,306.0,307.0,1011.0,505.0,0.0,,90.0
2025-06-07 16:00:00,2.2,2.5,,1.8,,80.0,2.2,4.1,298.0,298.0,1011.0,667.0,0.0,,40.0
2025-06-07 17:00:00,2.4,2.8,,2.0,,79.0,2.4,4.5,335.0,303.0,1011.2,586.0,0.0,,90.0
2025-06-07 18:00:00,2.3,2.9,2.9,2.0,0.6,82.0,2.6,3.9,335.0,352.0,1011.4,559.0,0.0,,90.0
2025-06-07 19:00:00,2.4,2.7,,2.1,,82.0,2.5,4.0,357.0,359.0,1011.6,538.0,0.0,,90.0
2025-06-07 20:00:00,2.3,2.5,,2.1,,82.0,2.6,3.6,3.0,3.0,1011.7,479.0,0.0,,90.0
2025-06-07 21:00:00,2.4,2.5,,2.3,,82.0,2.3,3.4,1.0,0.0,1012.0,445.0,0.0,,0.0
2025-06-07 22:00:00,2.3,2.5,,2.1,,83.0,1.6,3.4,4.0,2.0,1012.1,321.0,0.0,,0.0
2025-06-07 23:00:00,2.5,2.8,,2.3,,82.0,1.0,3.2,340.0,326.0,1012.3,207.0,0.0,,0.0
2025-06-08 00:00:00,2.3,2.5,,2.2,,83.0,0.5,2.6,0.0,325.0,1012.6,128.0,0.0,,0.0
2025-06-08 01:00:00,2.2,2.4,,1.9,,84.0,0.0,0.0,0.0,0.0,1012.6,73.0,0.0,,0.0
2025-06-08 02:00:00,1.8,2.0,,1.7,,86.0,0.0,0.5,0.0,0.0,1012.8,37.0,0.0,,0.0
2025-06-08 03:00:00,1.6,1.7,,1.5,,88.0,0.0,0.0,0.0,0.0,1013.1,21.0,0.0,,0.0
2025-06-08 04:00:00,1.3,1.5,,1.2,,89.0,0.0,1.8,0.0,0.0,1013.2,18.0,0.0,,0.0
2025-06-08 05:00:00,1.3,1.4,,1.2,,90.0,0.5,2.4,0.0,265.0,1013.1,21.0,0.0,,0.0
2025-06-08 06:00:00,1.3,1.4,2.8,1.0,1.0,90.0,0.0,0.4,0.0,0.0,1013.3,34.0,0.0,0.0,0.0
2025-06-08 07:00:00,1.4,1.7,,1.0,,91.0,0.0,0.0,0.0,0.0,1013.5,61.0,0.0,,0.0
2025-06-08 08:00:00,0.6,1.8,,0.1,,95.0,0.0,2.7,0.0,0.0,1013.7,82.0,0.0,,
2025-06-08 09:00:00,0.3,0.8,,0.1,,97.0,0.0,1.7,0.0,0.0,1013.8,133.0,0.0,,
2025-06-08 10:00:00,1.5,2.6,,0.6,,95.0,0.0,0.5,0.0,0.0,1013.9,253.0,0.0,,0.0
2025-06-08 11:00:00,2.7,3.2,,2.1,,87.0,0.0,2.0,0.0,0.0,1014.0,344.0,0.0,,0.0
2025-06-08 12:00:00,2.7,3.1,,2.4,,87.0,0.0,1.8,0.0,0.0,1014.0,401.0,0.0,,0.0
2025-06-08 13:00:00,3.3,3.7,,3.0,,84.0,1.1,3.0,358.0,358.0,1014.1,464.0,0.0,,0.0
2025-06-08 14:00:00,4.0,4.4,,3.5,,83.0,2.2,3.3,360.0,359.0,1014.2,546.0,0.0,,0.0
2025-06-08 15:00:00,4.1,4.4,,4.0,,85.0,2.7,4.0,,360.0,1014.0,628.0,0.0,,0.0
2025-06-08 16:00:00,4.6,5.3,,4.1,,83.0,2.9,4.3,21.0,8.0,1013.8,646.0,0.0,,10.0
2025-06-08 17:00:00,4.6,5.2,,4.2,,82.0,3.2,4.4,10.0,4.0,1013.8,653.0,0.0,,0.0
2025-06-08 18:00:00,5.0,5.5,5.5,4.6,0.1,78.0,3.3,4.9,6.0,10.0,1013.6,650.0,0.0,,0.0
2025-06-08 19:00:00,5.1,5.6,,4.6,,79.0,3.4,5.3,6.0,6.0,1013.6,611.0,0.0,,0.0
2025-06-08 20:00:00,4.5,5.0,,4.2,,84.0,3.7,5.2,16.0,16.0,1013.7,524.0,0.0,,0.0
2025-06-08 21:00:00,4.8,5.4,,4.4,,80.0,3.3,4.7,27.0,22.0,1013.4,433.0,0.0,,0.0
2025-06-08 22:00:00,5.5,5.9,,5.1,,73.0,3.2,4.8,33.0,38.0,1013.2,331.0,0.0,,0.0
2025-06-08 23:00:00,4.7,5.6,,4.2,,81.0,2.2,3.7,26.0,15.0,1013.0,237.0,0.0,,0.0
2025-06-09 00:00:00,5.5,5.9,,5.0,,74.0,2.7,4.0,38.0,34.0,1013.0,158.0,0.0,,0.0
2025-06-09 01:00:00,5.6,5.9,,5.4,,70.0,3.1,4.5,49.0,44.0,1012.8,88.0,0.0,,0.0
2025-06-09 02:00:00,4.9,5.5,,4.6,,75.0,3.1,4.5,42.0,40.0,1012.7,46.0,0.0,,0.0
2025-06-09 03:00:00,4.4,4.7,,4.1,,77.0,3.3,4.9,37.0,40.0,1012.3,24.0,0.0,,0.0
2025-06-09 04:00:00,4.2,4.6,,4.0,,80.0,3.1,4.6,53.0,48.0,1011.9,17.0,0.0,,0.0
2025-06-09 05:00:00,4.1,4.4,,4.0,,82.0,2.7,4.1,32.0,39.0,1011.7,22.0,0.0,,0.0
2025-06-09 06:00:00,3.8,4.0,5.9,3.5,3.5,87.0,1.8,3.9,19.0,24.0,1011.5,39.0,0.0,0.0,0.0
2025-06-09 07:00:00,3.8,4.0,,3.6,,89.0,2.7,4.5,32.0,25.0,1011.3,58.0,0.0,,0.0
2025-06-09 08:00:00,4.2,4.4,,4.0,,85.0,2.7,4.6,39.0,36.0,1011.2,100.0,0.0,,0.0
2025-06-09 09:00:00,4.7,5.0,,4.4,,83.0,1.8,3.8,12.0,27.0,1011.0,186.0,0.0,,0.0
2025-06-09 10:00:00,4.9,5.4,,4.4,,81.0,3.3,5.0,25.0,24.0,1010.8,267.0,0.0,,0.0
2025-06-09 11:00:00,5.8,6.2,,5.3,,76.0,4.2,5.5,40.0,27.0,1010.7,348.0,0.0,,0.0
2025-06-09 12:00:00,6.4,6.8,,6.1,,70.0,4.8,6.6,24.0,31.0,1010.5,402.0,0.0,,0.0
2025-06-09 13:00:00,6.8,7.6,,6.0,,67.0,4.5,6.6,30.0,26.0,1010.3,464.0,0.0,,0.0
2025-06-09 14:00:00,7.6,8.1,,7.3,,60.0,5.6,7.9,26.0,26.0,1009.7,548.0,0.0,,0.0
2025-06-09 15:00:00,6.7,8.2,,5.7,,68.0,4.3,7.9,1.0,5.0,1009.4,632.0,0.0,,0.0
2025-06-09 16:00:00,5.9,6.7,,5.3,,75.0,4.5,6.7,19.0,6.0,1008.7,648.0,0.0,,0.0
2025-06-09 17:00:00,6.0,6.4,,5.6,,72.0,5.3,7.7,1.0,7.0,1008.0,651.0,0.0,,0.0
2025-06-09 18:00:00,6.4,7.2,8.2,5.7,3.6,67.0,4.7,7.8,21.0,11.0,1007.0,643.0,0.0,,10.0
2025-06-09 19:00:00,6.4,7.1,,5.7,,67.0,5.5,8.3,3.0,7.0,1006.7,593.0,0.0,,0.0
2025-06-09 20:00:00,6.5,7.1,,5.8,,67.0,4.5,6.3,3.0,6.0,1006.5,514.0,0.0,,0.0
2025-06-09 21:00:00,6.8,7.1,,6.4,,62.0,3.1,5.7,359.0,359.0,1006.5,418.0,0.0,,0.0
2025-06-09 22:00:00,7.3,7.8,,6.8,,57.0,2.7,4.3,329.0,348.0,1006.6,276.0,0.0,,0.0
2025-06-09 23:00:00,6.7,7.8,,6.0,,65.0,3.2,5.8,298.0,290.0,1006.5,222.0,0.0,,0.0
2025-06-10 00:00:00,5.8,6.6,,5.0,,72.0,3.8,6.9,267.0,279.0,1006.6,165.0,0.0,,0.0
2025-06-10 01:00:00,5.1,5.4,,4.8,,75.0,3.3,6.5,274.0,264.0,1006.7,79.0,0.0,,0.0
2025-06-10 02:00:00,5.6,5.8,,5.4,,69.0,3.8,6.7,262.0,267.0,1007.1,40.0,0.0,,0.0
2025-06-10 03:00:00,5.1,5.5,,4.4,,73.0,3.9,7.2,257.0,260.0,1007.3,25.0,0.0,,0.0
2025-06-10 04:00:00,3.4,4.4,,2.7,,86.0,4.5,7.2,270.0,263.0,1007.6,16.0,0.0,,0.0
2025-06-10 05:00:00,2.4,2.7,,1.8,,92.0,2.7,5.6,264.0,266.0,1008.2,15.0,0.0,,60.0
2025-06-10 06:00:00,1.5,1.8,7.8,1.1,1.1,95.0,2.9,6.4,264.0,262.0,1008.8,16.0,0.0,0.0,90.0
2025-06-10 07:00:00,0.8,1.1,,0.6,,97.0,3.6,5.9,260.0,262.0,1009.4,25.0,0.0,,
2025-06-10 08:00:00,0.6,0.8,,0.3,,98.0,3.2,6.4,263.0,264.0,1010.0,42.0,0.0,,
2025-06-10 09:00:00,0.5,0.8,,0.3,,98.0,3.1,5.9,270.0,266.0,1010.4,71.0,0.0,,
2025-06-10 10:00:00,0.5,0.7,,0.3,,98.0,3.8,6.6,263.0,265.0,1011.0,114.0,0.0,,90.0
2025-06-10 11:00:00,0.5,0.9,,0.2,,98.0,3.6,6.5,261.0,263.0,1011.4,174.0,0.0,,90.0
2025-06-10 12:00:00,0.7,1.0,,0.4,,97.0,3.3,5.9,259.0,262.0,1011.6,215.0,0.0,,90.0
2025-06-10 13:00:00,0.8,1.0,,0.5,,96.0,3.6,5.9,270.0,263.0,1011.8,258.0,0.0,,90.0
2025-06-10 14:00:00,1.0,1.4,,0.6,,93.0,3.5,6.1,262.0,260.0,1012.1,300.0,0.0,,90.0
2025-06-10 15:00:00,1.4,1.7,,1.0,,90.0,3.5,6.2,260.0,261.0,1012.3,387.0,0.0,,90.0
2025-06-10 16:00:00,1.6,2.1,,1.2,,87.0,3.9,6.8,266.0,263.0,1012.1,495.0,0.0,,90.0
2025-06-10 17:00:00,2.2,2.7,,1.6,,83.0,4.0,7.8,273.0,268.0,1012.0,572.0,0.0,,60.0
2025-06-10 18:00:00,2.3,2.6,2.7,2.0,0.2,83.0,4.1,7.1,275.0,270.0,1012.3,514.0,0.0,,60.0
2025-06-10 19:00:00,2.1,2.4,,1.7,,88.0,3.0,5.8,291.0,288.0,1012.4,376.0,0.0,,90.0
2025-06-10 20:00:00,2.1,2.4,,1.8,,87.0,2.0,3.8,310.0,296.0,1012.6,370.0,0.0,,60.0
2025-06-10 21:00:00,2.5,2.8,,2.2,,85.0,2.4,5.1,289.0,295.0,1012.6,326.0,0.0,,40.0
2025-06-10 22:00:00,2.3,2.4,,2.1,,87.0,2.8,5.9,286.0,287.0,1012.5,202.0,0.0,,90.0
2025-06-10 23:00:00,2.1,2.3,,1.9,,88.0,2.0,4.1,287.0,295.0,1012.5,129.0,0.0,,60.0
2025-06-11 00:00:00,1.7,1.9,,1.6,,87.0,2.2,4.0,284.0,281.0,1012.7,60.0,0.0,,90.0
2025-06-11 01:00:00,1.6,1.7,,1.5,,88.0,2.9,4.7,280.0,283.0,1012.8,41.0,0.0,,90.0
2025-06-11 02:00:00,1.4,1.5,,1.3,,89.0,2.7,4.4,287.0,282.0,1012.8,26.0,0.0,,90.0
2025-06-11 03:00:00,1.3,1.5,,1.2,,88.0,2.2,4.2,266.0,277.0,1012.9,12.0,0.0,,90.0
2025-06-11 04:00:00,1.4,1.5,,1.4,,85.0,2.6,4.8,276.0,273.0,1013.0,7.0,0.0,,100.0
2025-06-11 05:00:00,1.5,1.6,,1.5,,84.0,2.7,5.0,295.0,282.0,1013.1,7.0,0.0,,90.0
2025-06-11 06:00:00,1.2,1.5,2.8,0.8,0.8,89.0,2.7,5.0,276.0,284.0,1013.4,9.0,0.0,0.0,100.0
2025-06-11 07:00:00,0.7,0.8,,0.7,,93.0,1.8,4.0,278.0,275.0,1013.4,27.0,0.2,,100.0
2025-06-11 08:00:00,0.7,0.8,,0.5,,91.0,2.4,4.5,279.0,278.0,1013.7,55.0,0.0,,100.0
2025-06-11 09:00:00,0.7,0.8,,0.6,,86.0,2.4,4.4,276.0,274.0,1013.7,108.0,0.0,,90.0
2025-06-11 10:00:00,0.8,1.0,,0.6,,84.0,2.8,5.1,268.0,272.0,1013.9,190.0,0.0,,90.0
2025-06-11 11:00:00,0.8,0.9,,0.7,,81.0,2.6,4.2,277.0,269.0,1014.0,194.0,0.0,,90.0
2025-06-11 12:00:00,0.9,1.2,,0.7,,79.0,2.2,4.4,260.0,265.0,1014.0,204.0,0.0,,90.0
2025-06-11 13:00:00,0.9,1.2,,0.7,,78.0,2.4,4.6,266.0,266.0,1013.9,256.0,0.0,,90.0
2025-06-11 14:00:00,1.0,1.2,,0.8,,76.0,2.6,5.1,271.0,270.0,1014.0,261.0,0.0,,90.0
2025-06-11 15:00:00,0.9,1.2,,0.6,,75.0,2.9,5.0,274.0,274.0,1014.1,259.0,0.0,,90.0
2025-06-11 16:00:00,1.0,1.3,,0.8,,74.0,2.8,5.5,281.0,270.0,1013.8,280.0,0.0,,90.0
2025-06-11 17:00:00,1.0,1.4,,0.8,,74.0,3.1,5.1,269.0,278.0,1013.4,323.0,0.0,,100.0
2025-06-11 18:00:00,1.2,1.6,1.6,0.9,0.5,73.0,2.8,5.2,296.0,290.0,1013.2,384.0,0.0,,90.0
2025-06-11 19:00:00,1.2,1.5,,0.9,,74.0,2.7,5.0,303.0,298.0,1013.1,424.0,0.0,,90.0
2025-06-11 20:00:00,1.4,1.7,,1.1,,72.0,2.4,4.3,292.0,292.0,1012.9,453.0,0.0,,40.0
2025-06-11 21:00:00,1.5,1.8,,1.2,,72.0,2.3,4.6,311.0,296.0,1012.6,442.0,0.0,,0.0
2025-06-11 22:00:00,1.7,2.0,,1.3,,71.0,1.7,3.6,284.0,292.0,1012.0,360.0,0.0,,0.0
2025-06-11 23:00:00,1.7,2.0,,1.4,,72.0,1.4,4.0,292.0,284.0,1011.8,259.0,0.0,,0.0
2025-06-12 00:00:00,1.5,1.7,,1.3,,74.0,0.5,2.6,338.0,316.0,1011.5,171.0,0.0,,0.0
2025-06-12 01:00:00,1.1,1.3,,0.9,,76.0,0.8,2.4,3.0,353.0,1010.9,87.0,0.0,,0.0
2025-06-12 02:00:00,0.9,1.1,,0.8,,78.0,2.2,3.6,34.0,22.0,1010.5,40.0,0.0,,0.0
2025-06-12 03:00:00,0.8,0.8,,0.7,,79.0,2.6,3.8,43.0,39.0,1009.9,21.0,0.0,,0.0
2025-06-12 04:00:00,0.8,0.8,,0.7,,83.0,2.6,3.9,29.0,38.0,1009.5,17.0,0.0,,10.0
2025-06-12 05:00:00,0.9,1.1,,0.8,,85.0,2.5,3.9,27.0,29.0,1008.7,17.0,0.0,,0.0
2025-06-12 06:00:00,1.4,1.8,2.0,1.0,0.7,83.0,3.5,6.0,29.0,27.0,1008.1,28.0,0.0,0.2,60.0
2025-06-12 07:00:00,1.9,2.1,,1.8,,81.0,4.7,7.2,14.0,19.0,1007.5,61.0,0.0,,40.0
2025-06-12 08:00:00,2.1,2.3,,2.0,,80.0,4.8,7.7,16.0,18.0,1007.0,84.0,0.0,,60.0
2025-06-12 09:00:00,2.4,2.5,,2.2,,82.0,5.3,7.2,25.0,23.0,1006.5,144.0,0.0,,90.0
2025-06-12 10:00:00,2.6,2.9,,2.4,,83.0,4.9,7.3,23.0,23.0,1006.1,238.0,0.0,,10.0
2025-06-12 11:00:00,2.9,3.1,,2.7,,80.0,4.9,7.2,6.0,9.0,1005.2,351.0,0.0,,0.0
2025-06-12 12:00:00,3.2,3.7,,2.9,,77.0,5.5,8.3,356.0,4.0,1004.5,426.0,0.0,,10.0
2025-06-12 13:00:00,3.2,3.7,,3.0,,76.0,5.3,7.0,354.0,355.0,1004.0,469.0,0.0,,0.0
2025-06-12 14:00:00,3.6,4.2,,3.2,,73.0,5.0,7.3,354.0,350.0,1003.3,560.0,0.0,,0.0
2025-06-12 15:00:00,3.9,4.3,,3.5,,70.0,5.0,7.1,352.0,352.0,1002.5,645.0,0.0,,0.0
2025-06-12 16:00:00,4.3,4.6,,4.0,,66.0,4.1,5.9,353.0,355.0,1001.7,669.0,0.0,,0.0
2025-06-12 17:00:00,4.7,5.0,,4.4,,62.0,4.7,6.6,354.0,355.0,1000.8,676.0,0.0,,0.0
2025-06-12 18:00:00,5.2,5.5,5.5,4.9,1.8,59.0,4.3,6.3,356.0,350.0,1000.3,662.0,0.0,,0.0
2025-06-12 19:00:00,5.2,5.8,,4.8,,61.0,4.7,6.4,355.0,352.0,999.6,627.0,0.0,,0.0
2025-06-12 20:00:00,5.3,5.9,,4.8,,60.0,4.1,6.2,356.0,348.0,999.1,541.0,0.0,,0.0
2025-06-12 21:00:00,5.3,5.6,,5.1,,60.0,3.4,5.4,357.0,357.0,998.9,460.0,0.0,,0.0
2025-06-12 22:00:00,5.4,5.6,,5.2,,60.0,2.7,4.2,322.0,338.0,998.8,290.0,0.0,,10.0
2025-06-12 23:00:00,5.2,5.6,,5.0,,63.0,3.0,4.6,358.0,352.0,998.5,240.0,0.0,,10.0
2025-06-13 00:00:00,5.3,5.6,,4.9,,61.0,1.5,3.7,320.0,332.0,998.3,125.0,0.0,,90.0
2025-06-13 01:00:00,5.2,5.3,,5.1,,61.0,0.3,2.1,279.0,300.0,998.3,37.0,0.0,,90.0
2025-06-13 02:00:00,4.8,5.1,,4.6,,64.0,0.0,1.8,0.0,0.0,998.3,26.0,0.0,,90.0
2025-06-13 03:00:00,4.8,4.9,,4.7,,65.0,0.0,0.0,0.0,0.0,998.1,10.0,0.0,,100.0
2025-06-13 04:00:00,4.5,4.7,,4.5,,68.0,0.0,0.0,0.0,0.0,998.2,6.0,0.0,,100.0
2025-06-13 05:00:00,5.0,5.1,,4.7,,66.0,0.0,0.0,0.0,0.0,998.2,11.0,0.0,,90.0
2025-06-13 06:00:00,5.0,5.2,5.9,4.7,4.5,66.0,0.0,0.0,0.0,0.0,998.5,13.0,0.0,0.0,100.0
2025-06-13 07:00:00,5.3,5.5,,4.9,,64.0,0.0,0.0,0.0,0.0,998.5,38.0,0.0,,90.0
2025-06-13 08:00:00,4.6,5.0,,4.2,,77.0,0.0,0.0,0.0,0.0,998.8,71.0,0.0,,90.0
2025-06-13 09:00:00,5.6,6.1,,5.0,,66.0,1.7,4.0,59.0,34.0,998.8,162.0,0.0,,10.0
2025-06-13 10:00:00,6.0,6.2,,5.8,,65.0,2.6,4.0,32.0,46.0,998.9,250.0,0.0,,10.0
2025-06-13 11:00:00,5.3,5.9,,5.0,,72.0,3.4,4.9,24.0,25.0,998.9,266.0,0.0,,40.0
2025-06-13 12:00:00,4.9,5.2,,4.3,,79.0,3.3,5.1,22.0,19.0,998.9,366.0,0.0,,10.0
2025-06-13 13:00:00,4.9,5.2,,4.6,,84.0,3.2,5.0,23.0,11.0,998.9,465.0,0.0,,10.0
2025-06-13 14:00:00,5.5,6.9,,4.7,,79.0,2.7,4.3,17.0,7.0,999.1,364.0,0.0,,90.0
2025-06-13 15:00:00,5.5,6.2,,4.7,,80.0,3.0,4.2,359.0,1.0,999.6,482.0,0.0,,60.0
2025-06-13 16:00:00,5.5,6.1,,5.1,,81.0,3.1,4.8,,5.0,999.6,508.0,0.0,,60.0
2025-06-13 17:00:00,6.3,7.3,,5.3,,76.0,3.3,5.0,7.0,8.0,999.6,493.0,0.0,,10.0
2025-06-13 18:00:00,7.5,8.3,8.3,6.4,4.2,66.0,3.6,5.4,12.0,22.0,1000.1,409.0,0.0,,90.0
2025-06-13 19:00:00,6.9,7.8,,6.3,,71.0,1.1,10.6,252.0,3.0,1001.1,181.0,0.0,,100.0
2025-06-13 20:00:00,5.1,6.3,,4.4,,86.0,8.9,12.8,214.0,213.0,1001.7,113.0,0.4,,100.0
2025-06-13 21:00:00,4.1,4.7,,3.6,,93.0,7.2,11.4,244.0,227.0,1002.3,112.0,0.1,,100.0
2025-06-13 22:00:00,3.7,3.9,,3.6,,93.0,3.6,8.0,261.0,259.0,1002.7,73.0,0.6,,100.0
2025-06-13 23:00:00,3.6,3.9,,3.4,,94.0,1.1,5.0,0.0,302.0,1002.6,55.0,1.4,,90.0
2025-06-14 00:00:00,3.9,4.2,,3.4,,93.0,0.0,2.8,360.0,0.0,1002.2,48.0,0.0,,90.0
2025-06-14 01:00:00,4.0,4.3,,3.8,,92.0,2.4,4.0,27.0,29.0,1002.2,33.0,0.0,,90.0
2025-06-14 02:00:00,3.9,4.1,,3.8,,93.0,2.8,5.3,64.0,58.0,1002.2,13.0,0.0,,90.0
2025-06-14 03:00:00,3.9,4.0,,3.8,,93.0,2.6,4.6,47.0,51.0,1001.8,7.0,0.0,,100.0
2025-06-14 04:00:00,3.8,3.9,,3.7,,93.0,3.5,5.8,34.0,48.0,1001.4,4.0,0.0,,90.0
2025-06-14 05:00:00,3.6,3.7,,3.4,,96.0,3.5,6.3,32.0,35.0,1001.5,5.0,0.1,,90.0
2025-06-14 06:00:00,3.9,4.1,7.8,3.6,3.4,96.0,1.2,5.3,0.0,69.0,1002.4,7.0,0.2,2.8,90.0
2025-06-14 07:00:00,3.9,4.4,,3.4,,96.0,1.8,8.4,251.0,151.0,1003.7,11.0,0.0,,100.0
2025-06-14 08:00:00,3.6,3.7,,3.5,,95.0,4.5,10.8,262.0,262.0,1004.4,28.0,0.1,,100.0
2025-06-14 09:00:00,3.8,3.9,,3.7,,91.0,4.2,8.0,216.0,245.0,1004.9,37.0,0.0,,100.0
2025-06-14 10:00:00,3.9,3.9,,3.8,,88.0,8.4,11.9,204.0,204.0,1005.2,79.0,0.1,,100.0
2025-06-14 11:00:00,3.8,3.8,,3.7,,86.0,9.0,12.9,196.0,199.0,1006.0,115.0,0.1,,100.0
2025-06-14 12:00:00,4.0,4.4,,3.7,,86.0,7.3,10.3,185.0,191.0,1006.2,171.0,0.0,,100.0
2025-06-14 13:00:00,4.4,4.5,,4.3,,84.0,6.7,9.4,186.0,185.0,1006.5,196.0,0.0,,100.0
2025-06-14 14:00:00,4.6,4.9,,4.3,,81.0,5.3,6.8,195.0,191.0,1006.7,240.0,0.0,,100.0
2025-06-14 15:00:00,4.9,5.4,,4.7,,80.0,3.2,6.3,249.0,216.0,1007.0,277.0,0.0,,90.0
2025-06-14 16:00:00,4.6,5.3,,4.2,,83.0,1.7,3.8,357.0,350.0,1007.2,347.0,0.0,,90.0
2025-06-14 17:00:00,4.0,4.3,,3.8,,88.0,2.8,4.3,360.0,351.0,1007.5,267.0,0.0,,90.0
2025-06-14 18:00:00,3.8,4.0,5.4,3.6,3.4,90.0,2.9,4.1,358.0,0.0,1007.5,223.0,0.0,,90.0
2025-06-14 19:00:00,3.6,3.9,,3.4,,90.0,2.7,3.8,351.0,358.0,1007.5,225.0,0.0,,90.0
2025-06-14 20:00:00,3.8,4.1,,3.5,,88.0,0.9,2.9,1.0,342.0,1007.8,323.0,0.0,,90.0
2025-06-14 21:00:00,4.0,4.2,,3.7,,87.0,1.5,3.0,2.0,349.0,1007.8,402.0,0.0,,10.0
2025-06-14 22:00:00,3.9,4.2,,3.5,,87.0,1.5,3.2,2.0,359.0,1007.4,260.0,0.0,,60.0
2025-06-14 23:00:00,3.6,3.9,,3.4,,89.0,0.0,2.4,0.0,0.0,1007.5,156.0,0.0,,90.0
2025-06-15 00:00:00,3.6,3.9,,3.5,,89.0,0.7,2.4,353.0,360.0,1007.4,130.0,0.0,,90.0
2025-06-15 01:00:00,3.4,3.5,,3.3,,90.0,1.1,2.6,0.0,2.0,1007.2,56.0,0.0,,90.0
2025-06-15 02:00:00,3.4,3.6,,3.2,,90.0,0.0,1.3,0.0,0.0,1007.1,19.0,0.0,,90.0
2025-06-15 03:00:00,2.9,3.3,,2.8,,94.0,0.7,3.0,0.0,283.0,1007.0,9.0,0.0,,90.0
2025-06-15 04:00:00,2.8,2.9,,2.7,,95.0,0.7,2.3,262.0,273.0,1006.9,8.0,0.0,,90.0
2025-06-15 05:00:00,2.7,2.9,,2.6,,96.0,0.3,2.0,0.0,271.0,1006.5,8.0,0.0,,90.0
2025-06-15 06:00:00,2.7,2.8,4.2,2.6,2.6,96.0,0.7,2.5,0.0,274.0,1006.3,15.0,0.1,0.4,90.0
2025-06-15 07:00:00,3.0,3.4,,2.7,,95.0,0.5,2.3,230.0,261.0,1006.3,31.0,0.2,,90.0
2025-06-15 08:00:00,3.6,3.9,,3.4,,94.0,0.0,1.9,261.0,0.0,1006.5,49.0,0.1,,90.0
2025-06-15 09:00:00,3.7,3.9,,3.6,,94.0,0.4,2.4,0.0,260.0,1006.6,96.0,0.0,,90.0
2025-06-15 10:00:00,4.1,4.7,,3.7,,94.0,1.2,3.2,269.0,255.0,1006.8,196.0,0.0,,90.0
2025-06-15 11:00:00,4.4,4.7,,4.2,,94.0,1.0,3.0,0.0,265.0,1006.8,195.0,0.0,,90.0
2025-06-15 12:00:00,4.2,4.7,,3.8,,94.0,2.4,4.2,240.0,235.0,1007.0,179.0,0.0,,90.0
2025-06-15 13:00:00,4.4,4.7,,4.1,,95.0,1.5,3.8,246.0,255.0,1007.1,181.0,0.3,,90.0
2025-06-15 14:00:00,5.2,6.0,,4.4,,95.0,0.7,3.2,264.0,263.0,1006.8,328.0,0.1,,90.0
2025-06-15 15:00:00,5.6,6.3,,4.8,,92.0,2.2,4.6,270.0,268.0,1006.9,418.0,0.0,,90.0
2025-06-15 16:00:00,5.1,5.4,,4.8,,93.0,2.2,4.1,262.0,265.0,1007.1,288.0,0.0,,90.0
2025-06-15 17:00:00,5.2,5.5,,4.6,,91.0,2.8,5.3,219.0,245.0,1007.4,227.0,0.0,,90.0
2025-06-15 18:00:00,4.8,5.1,6.3,4.3,2.7,91.0,3.1,5.1,260.0,255.0,1007.8,241.0,0.0,,90.0
2025-06-15 19:00:00,4.1,4.6,,3.9,,92.0,2.7,4.6,253.0,257.0,1008.0,140.0,0.0,,90.0
2025-06-15 20:00:00,3.8,4.2,,3.5,,93.0,2.9,5.2,265.0,262.0,1008.1,144.0,0.0,,90.0
2025-06-15 21:00:00,3.7,3.9,,3.4,,93.0,2.9,5.4,262.0,262.0,1008.3,136.0,0.0,,100.0
2025-06-15 22:00:00,3.1,3.5,,2.9,,94.0,2.6,4.8,274.0,272.0,1008.4,91.0,0.0,,100.0
2025-06-15 23:00:00,2.8,3.0,,2.7,,94.0,2.8,4.4,270.0,269.0,1008.4,76.0,0.0,,100.0
2025-06-16 00:00:00,2.6,2.7,,2.5,,91.0,2.4,4.1,261.0,267.0,1008.3,52.0,0.0,,100.0
2025-06-16 01:00:00,2.3,2.5,,2.1,,91.0,3.0,5.5,272.0,268.0,1008.1,33.0,0.0,,100.0
2025-06-16 02:00:00,1.7,2.1,,1.5,,95.0,3.3,5.8,275.0,273.0,1008.0,14.0,0.0,,100.0
2025-06-16 03:00:00,1.5,1.5,,1.4,,97.0,2.4,4.8,265.0,269.0,1007.5,10.0,0.0,,100.0
2025-06-16 04:00:00,1.5,1.6,,1.4,,98.0,1.6,3.2,271.0,272.0,1007.1,8.0,0.0,,
2025-06-16 05:00:00,1.7,1.9,,1.6,,98.0,1.0,2.9,0.0,266.0,1006.7,14.0,0.0,,
2025-06-16 06:00:00,2.0,2.2,4.6,1.8,1.4,98.0,0.4,2.2,0.0,260.0,1006.2,22.0,0.0,0.7,
2025-06-16 07:00:00,2.2,2.4,,2.1,,98.0,0.9,3.0,235.0,233.0,1005.7,34.0,0.0,,100.0
2025-06-16 08:00:00,2.5,2.7,,2.3,,98.0,1.6,3.2,255.0,239.0,1005.5,74.0,0.0,,100.0
2025-06-16 09:00:00,2.8,3.2,,2.5,,98.0,1.3,3.8,271.0,262.0,1005.2,159.0,0.0,,90.0
2025-06-16 10:00:00,3.2,3.4,,2.9,,96.0,0.7,2.7,288.0,276.0,1004.9,152.0,0.0,,
2025-06-16 11:00:00,3.1,3.4,,2.8,,96.0,0.0,1.3,0.0,0.0,1004.5,135.0,0.0,,90.0
2025-06-16 12:00:00,3.8,4.5,,3.3,,93.0,0.6,3.2,201.0,202.0,1004.2,234.0,0.0,,100.0
2025-06-16 13:00:00,5.4,6.1,,4.4,,85.0,1.5,3.0,200.0,202.0,1004.2,434.0,0.0,,100.0
2025-06-16 14:00:00,5.8,6.4,,3.5,,84.0,1.5,4.0,354.0,248.0,1004.5,257.0,0.0,,100.0
2025-06-16 15:00:00,4.1,4.4,,3.5,,90.0,1.5,3.1,356.0,338.0,1005.0,405.0,0.0,,90.0
2025-06-16 16:00:00,4.1,4.4,,3.9,,93.0,0.0,1.9,0.0,0.0,1005.6,193.0,0.1,,100.0
2025-06-16 17:00:00,4.5,5.4,,4.1,,95.0,0.5,4.5,202.0,328.0,1006.6,150.0,0.3,,100.0
2025-06-16 18:00:00,4.0,5.1,6.4,3.0,2.1,93.0,9.4,14.0,198.0,198.0,1007.3,139.0,0.1,,90.0
2025-06-16 19:00:00,2.7,3.0,,2.5,,94.0,10.9,14.3,207.0,203.0,1008.3,157.0,0.2,,100.0
2025-06-16 20:00:00,2.3,2.5,,2.3,,92.0,11.1,14.3,213.0,211.0,1009.4,154.0,0.0,,90.0
2025-06-16 21:00:00,2.3,2.4,,2.1,,89.0,9.3,13.7,204.0,210.0,1010.4,104.0,0.0,,90.0
2025-06-16 22:00:00,2.1,2.2,,1.9,,88.0,8.2,11.3,207.0,207.0,1011.3,106.0,0.1,,90.0
2025-06-16 23:00:00,1.8,2.0,,1.7,,90.0,6.3,10.0,209.0,213.0,1011.6,82.0,0.0,,90.0
2025-06-17 00:00:00,1.9,2.0,,1.8,,90.0,4.7,6.4,207.0,208.0,1012.0,51.0,0.0,,90.0
2025-06-17 01:00:00,2.0,2.1,,2.0,,87.0,2.9,4.8,208.0,208.0,1012.4,31.0,0.0,,100.0
2025-06-17 02:00:00,2.0,2.1,,2.0,,87.0,2.1,3.7,205.0,203.0,1012.5,13.0,0.0,,100.0
2025-06-17 03:00:00,2.1,2.1,,2.0,,86.0,2.2,3.6,254.0,213.0,1012.5,13.0,0.0,,100.0
2025-06-17 04:00:00,2.0,2.1,,1.9,,86.0,0.7,2.8,0.0,252.0,1012.7,12.0,0.0,,100.0
2025-06-17 05:00:00,1.8,2.0,,1.6,,87.0,0.0,0.5,0.0,0.0,1012.7,16.0,0.0,,100.0
2025-06-17 06:00:00,1.7,1.8,3.0,1.6,1.6,89.0,0.4,2.7,295.0,298.0,1012.8,22.0,0.0,0.8,90.0
2025-06-17 07:00:00,1.5,1.6,,1.4,,90.0,1.3,3.2,284.0,283.0,1012.8,32.0,0.0,,100.0
2025-06-17 08:00:00,1.5,1.6,,1.4,,90.0,1.0,3.0,272.0,284.0,1012.9,58.0,0.0,,100.0
2025-06-17 09:00:00,1.6,1.8,,1.5,,88.0,1.1,3.1,283.0,290.0,1013.0,103.0,0.0,,100.0
2025-06-17 10:00:00,1.8,2.1,,1.6,,87.0,1.6,3.6,295.0,298.0,1012.6,158.0,0.0,,90.0
2025-06-17 11:00:00,2.0,2.3,,1.8,,85.0,1.5,3.2,308.0,322.0,1012.6,251.0,0.0,,90.0
2025-06-17 12:00:00,2.3,2.5,,2.1,,85.0,1.8,3.6,0.0,352.0,1012.5,302.0,0.0,,90.0
2025-06-17 13:00:00,2.5,3.1,,2.2,,83.0,1.0,3.1,0.0,2.0,1012.4,352.0,0.0,,100.0
2025-06-17 14:00:00,3.2,4.1,,2.7,,80.0,0.7,3.3,287.0,330.0,1012.3,473.0,0.0,,100.0
2025-06-17 15:00:00,3.7,4.0,,3.4,,78.0,3.0,5.1,286.0,288.0,1012.1,600.0,0.0,,90.0
2025-06-17 16:00:00,3.4,3.7,,3.1,,81.0,2.9,4.9,280.0,296.0,1011.9,532.0,0.0,,90.0
2025-06-17 17:00:00,3.5,3.8,,3.3,,85.0,3.4,5.6,283.0,280.0,1011.6,420.0,0.0,,90.0
2025-06-17 18:00:00,3.9,4.3,4.3,3.5,1.4,86.0,3.4,5.5,303.0,288.0,1011.1,353.0,0.0,,90.0
2025-06-17 19:00:00,4.3,4.6,,3.9,,87.0,2.9,5.1,354.0,316.0,1010.6,305.0,0.0,,90.0
2025-06-17 20:00:00,3.9,4.1,,3.7,,88.0,4.2,5.9,350.0,354.0,1010.4,261.0,0.0,,90.0
2025-06-17 21:00:00,3.7,3.8,,3.5,,86.0,3.9,5.6,354.0,358.0,1010.1,253.0,0.0,,90.0
2025-06-17 22:00:00,3.7,3.9,,3.6,,86.0,3.8,4.8,356.0,358.0,1009.6,186.0,0.0,,100.0
2025-06-17 23:00:00,3.5,3.7,,3.2,,88.0,3.4,4.7,1.0,357.0,1009.1,93.0,0.0,,100.0
2025-06-18 00:00:00,3.1,3.3,,3.0,,90.0,2.4,3.5,353.0,358.0,1008.5,67.0,0.0,,100.0
2025-06-18 01:00:00,3.1,3.2,,3.0,,90.0,0.6,3.1,0.0,346.0,1008.0,53.0,0.0,,100.0
2025-06-18 02:00:00,3.0,3.1,,2.9,,91.0,0.0,0.6,0.0,0.0,1007.4,25.0,0.0,,100.0
2025-06-18 03:00:00,2.9,3.0,,2.8,,91.0,0.0,1.0,0.0,0.0,1006.7,12.0,0.0,,100.0
2025-06-18 04:00:00,3.0,3.1,,2.9,,91.0,0.3,2.2,4.0,6.0,1006.4,10.0,0.0,,100.0
2025-06-18 05:00:00,3.0,3.0,,2.9,,93.0,0.6,2.4,0.0,355.0,1006.0,16.0,0.0,,90.0
2025-06-18 06:00:00,3.1,3.2,4.6,2.9,2.8,93.0,0.0,0.0,0.0,0.0,1005.8,34.0,0.0,0.0,10.0
2025-06-18 07:00:00,3.3,3.6,,3.0,,91.0,0.5,2.7,336.0,334.0,1005.9,64.0,0.0,,0.0
2025-06-18 08:00:00,3.5,3.8,,3.1,,88.0,1.6,3.7,6.0,358.0,1006.0,116.0,0.0,,10.0
2025-06-18 09:00:00,3.8,4.0,,3.6,,86.0,1.6,3.2,1.0,4.0,1006.2,195.0,0.0,,60.0
2025-06-18 10:00:00,3.7,3.9,,3.4,,87.0,2.4,4.0,23.0,8.0,1006.4,247.0,0.0,,60.0
2025-06-18 11:00:00,3.8,4.2,,3.3,,87.0,2.9,5.6,24.0,16.0,1006.8,305.0,0.0,,60.0
2025-06-18 12:00:00,3.4,3.6,,3.2,,90.0,2.4,4.2,357.0,4.0,1007.1,329.0,0.0,,90.0
2025-06-18 13:00:00,3.2,3.6,,2.8,,91.0,2.9,4.7,360.0,360.0,1007.5,451.0,0.0,,90.0
2025-06-18 14:00:00,3.5,4.1,,2.8,,89.0,2.2,4.3,360.0,360.0,1008.0,590.0,0.0,,10.0
2025-06-18 15:00:00,4.1,4.4,,3.6,,87.0,2.4,3.9,349.0,355.0,1008.3,684.0,0.0,,10.0
2025-06-18 16:00:00,4.8,5.3,,4.2,,82.0,2.4,3.9,2.0,358.0,1008.7,690.0,0.0,,0.0
2025-06-18 17:00:00,5.0,5.3,,4.7,,80.0,2.9,4.0,359.0,359.0,1008.8,684.0,0.0,,0.0
2025-06-18 18:00:00,5.4,5.7,5.7,4.9,2.8,79.0,2.6,4.0,4.0,1.0,1009.1,679.0,0.0,,0.0
2025-06-18 19:00:00,5.3,5.7,,5.0,,82.0,3.2,4.3,5.0,2.0,1009.5,639.0,0.0,,0.0
2025-06-18 20:00:00,5.3,5.5,,4.9,,85.0,2.8,4.3,356.0,359.0,1010.1,560.0,0.0,,0.0
2025-06-18 21:00:00,5.1,5.6,,4.9,,86.0,3.1,4.7,4.0,360.0,1010.4,447.0,0.0,,0.0
2025-06-18 22:00:00,5.0,5.4,,4.6,,87.0,2.9,4.3,1.0,6.0,1010.7,264.0,0.0,,0.0
2025-06-18 23:00:00,4.9,5.1,,4.8,,88.0,2.6,3.7,8.0,1.0,1011.0,215.0,0.0,,10.0
2025-06-19 00:00:00,4.7,5.0,,4.5,,89.0,2.4,3.8,9.0,13.0,1011.3,98.0,0.0,,10.0
2025-06-19 01:00:00,4.3,4.6,,4.1,,91.0,0.7,3.2,0.0,19.0,1011.4,60.0,0.0,,40.0
2025-06-19 02:00:00,4.9,5.1,,4.2,,87.0,1.8,3.0,41.0,38.0,1011.3,36.0,0.0,,0.0
2025-06-19 03:00:00,5.0,5.3,,4.5,,87.0,0.8,2.7,0.0,33.0,1011.4,33.0,0.0,,0.0
2025-06-19 04:00:00,4.5,4.7,,4.1,,89.0,0.0,0.0,0.0,0.0,1011.1,28.0,0.0,,0.0
2025-06-19 05:00:00,4.6,4.9,,3.9,,87.0,0.4,2.7,359.0,30.0,1011.0,33.0,0.0,,0.0
2025-06-19 06:00:00,3.9,4.2,5.7,3.7,3.7,91.0,0.0,0.0,0.0,0.0,1010.7,45.0,0.0,0.0,0.0
2025-06-19 07:00:00,4.1,4.7,,3.9,,91.0,0.0,0.0,0.0,0.0,1010.3,68.0,0.0,,0.0
2025-06-19 08:00:00,4.8,5.8,,4.3,,87.0,0.0,0.6,0.0,0.0,1010.2,129.0,0.0,,0.0
2025-06-19 09:00:00,4.9,5.4,,4.3,,88.0,0.0,1.2,0.0,0.0,1010.0,209.0,0.0,,0.0
2025-06-19 10:00:00,5.4,5.9,,4.7,,79.0,0.0,3.1,7.0,0.0,1009.7,290.0,0.0,,0.0
2025-06-19 11:00:00,5.9,6.2,,5.5,,74.0,2.6,4.0,3.0,5.0,1009.6,370.0,0.0,,0.0
2025-06-19 12:00:00,5.9,6.3,,5.5,,80.0,3.3,4.7,4.0,9.0,1009.3,429.0,0.0,,0.0
2025-06-19 13:00:00,5.7,6.1,,5.5,,85.0,2.6,3.7,4.0,360.0,1009.1,501.0,0.0,,0.0
2025-06-19 14:00:00,6.7,7.2,,6.1,,76.0,2.9,4.0,360.0,2.0,1009.0,579.0,0.0,,0.0
2025-06-19 15:00:00,7.3,7.7,,7.0,,72.0,2.9,4.3,348.0,358.0,1008.5,672.0,0.0,,0.0
2025-06-19 16:00:00,8.3,8.8,,7.7,,68.0,1.6,3.5,325.0,334.0,1008.3,682.0,0.0,,0.0
2025-06-19 17:00:00,8.0,8.7,,7.5,,69.0,3.0,5.1,1.0,2.0,1008.0,669.0,0.0,,0.0
2025-06-19 18:00:00,8.1,8.4,8.8,7.7,3.9,68.0,4.1,5.8,,1.0,1007.8,665.0,0.0,,0.0
2025-06-19 19:00:00,8.1,8.8,,7.4,,69.0,3.9,5.4,2.0,359.0,1007.7,634.0,0.0,,0.0
2025-06-19 20:00:00,8.9,9.4,,8.4,,65.0,3.2,5.1,359.0,0.0,1007.9,464.0,0.0,,0.0
2025-06-19 21:00:00,8.8,9.5,,8.2,,65.0,2.3,3.9,350.0,358.0,1007.9,369.0,0.0,,0.0
2025-06-19 22:00:00,9.1,9.8,,8.7,,64.0,0.0,2.1,356.0,0.0,1007.9,276.0,0.0,,0.0
2025-06-19 23:00:00,9.6,10.0,,8.7,,63.0,0.0,0.3,0.0,0.0,1007.9,187.0,0.0,,10.0
2025-06-20 00:00:00,8.7,9.8,,8.3,,68.0,0.0,2.6,0.0,0.0,1007.9,143.0,0.0,,40.0
2025-06-20 01:00:00,7.6,8.6,,6.8,,74.0,0.0,2.9,0.0,0.0,1008.0,66.0,0.0,,10.0
2025-06-20 02:00:00,7.1,7.8,,6.4,,77.0,0.0,0.0,0.0,0.0,1008.2,37.0,0.0,,40.0
2025-06-20 03:00:00,6.2,6.8,,5.7,,80.0,1.5,3.4,227.0,232.0,1008.5,23.0,0.0,,90.0
2025-06-20 04:00:00,5.7,5.9,,5.5,,81.0,3.2,5.1,188.0,203.0,1008.7,19.0,0.0,,90.0
2025-06-20 05:00:00,5.2,5.6,,4.9,,83.0,4.2,5.7,186.0,185.0,1008.8,17.0,0.0,,90.0
2025-06-20 06:00:00,4.9,5.0,10.0,4.7,4.7,85.0,3.8,5.5,196.0,187.0,1009.1,29.0,0.0,0.0,90.0
2025-06-20 07:00:00,4.9,5.0,,4.7,,85.0,4.0,5.5,188.0,189.0,1009.5,52.0,0.0,,90.0
2025-06-20 08:00:00,5.2,5.4,,4.9,,83.0,4.9,7.2,188.0,194.0,1009.8,79.0,0.0,,90.0
2025-06-20 09:00:00,5.3,5.5,,5.0,,85.0,5.9,7.7,189.0,183.0,1010.2,87.0,0.0,,90.0
2025-06-20 10:00:00,5.4,6.0,,5.1,,84.0,4.1,6.2,177.0,185.0,1010.7,99.0,0.0,,90.0
2025-06-20 11:00:00,6.1,6.3,,5.8,,80.0,2.3,4.7,176.0,177.0,1011.3,127.0,0.0,,90.0
2025-06-20 12:00:00,5.6,5.9,,5.4,,86.0,2.4,4.4,207.0,193.0,1011.8,130.0,0.3,,90.0
2025-06-20 13:00:00,5.6,5.9,,5.3,,90.0,0.4,2.6,0.0,207.0,1012.3,167.0,0.1,,90.0
2025-06-20 14:00:00,6.6,7.2,,5.9,,86.0,1.9,3.9,225.0,208.0,1012.5,346.0,0.1,,90.0
2025-06-20 15:00:00,6.4,7.1,,5.7,,81.0,2.6,5.4,259.0,265.0,1012.9,311.0,0.0,,90.0
2025-06-20 16:00:00,6.1,6.5,,5.9,,80.0,2.2,5.1,248.0,256.0,1013.2,390.0,0.0,,90.0
2025-06-20 17:00:00,5.5,6.5,,4.4,,80.0,3.4,6.8,267.0,262.0,1013.6,378.0,0.0,,90.0
2025-06-20 18:00:00,4.0,4.5,7.2,3.6,3.6,85.0,4.4,7.2,275.0,257.0,1014.0,565.0,0.0,,10.0
2025-06-20 19:00:00,3.4,3.9,,2.8,,86.0,4.5,7.3,262.0,253.0,1014.3,634.0,0.0,,10.0
2025-06-20 20:00:00,2.6,3.4,,2.0,,89.0,4.3,7.4,237.0,258.0,1014.6,444.0,0.0,,90.0
2025-06-20 21:00:00,1.7,2.2,,1.3,,93.0,4.8,8.0,284.0,253.0,1015.0,226.0,0.0,,90.0
2025-06-20 22:00:00,1.3,1.9,,0.8,,93.0,4.9,8.5,231.0,257.0,1015.5,139.0,0.0,,90.0
2025-06-20 23:00:00,0.9,1.2,,0.7,,96.0,4.7,8.0,265.0,252.0,1015.6,90.0,0.0,,100.0
2025-06-21 00:00:00,0.9,1.2,,0.7,,97.0,4.6,8.0,243.0,244.0,1015.7,74.0,0.0,,90.0
2025-06-21 01:00:00,1.0,1.2,,0.7,,97.0,3.8,6.6,239.0,253.0,1015.7,38.0,0.0,,
2025-06-21 02:00:00,0.9,1.1,,0.7,,98.0,4.2,6.5,228.0,231.0,1015.8,27.0,0.0,,
2025-06-21 03:00:00,1.1,1.3,,0.9,,98.0,3.5,5.6,220.0,243.0,1015.9,23.0,0.0,,100.0
2025-06-21 04:00:00,0.9,1.1,,0.7,,98.0,4.3,5.8,206.0,205.0,1016.0,8.0,0.0,,100.0
2025-06-21 05:00:00,0.9,1.0,,0.8,,98.0,4.9,6.1,194.0,201.0,1016.1,7.0,0.0,,100.0
2025-06-21 06:00:00,1.1,1.3,3.9,1.0,0.7,98.0,3.8,5.9,257.0,218.0,1016.3,14.0,0.0,0.5,90.0
2025-06-21 07:00:00,1.3,1.6,,1.1,,98.0,2.9,4.8,266.0,252.0,1016.2,30.0,0.0,,100.0
2025-06-21 08:00:00,1.7,1.9,,1.5,,97.0,1.8,4.5,257.0,262.0,1016.1,60.0,0.0,,90.0
2025-06-21 09:00:00,2.0,2.2,,1.9,,96.0,2.2,3.9,260.0,234.0,1016.2,116.0,0.0,,100.0
2025-06-21 10:00:00,2.2,2.5,,2.0,,94.0,1.3,3.7,0.0,264.0,1016.1,176.0,0.0,,100.0
2025-06-21 11:00:00,2.4,2.7,,2.2,,91.0,0.0,2.1,0.0,0.0,1015.7,209.0,0.0,,100.0
2025-06-21 12:00:00,2.5,3.1,,2.1,,90.0,0.0,2.5,0.0,0.0,1015.4,232.0,0.0,,90.0
2025-06-21 13:00:00,3.4,3.9,,3.0,,85.0,0.0,2.7,290.0,0.0,1014.9,393.0,0.0,,90.0
2025-06-21 14:00:00,3.4,3.9,,3.0,,85.0,2.2,4.0,292.0,298.0,1014.8,461.0,0.0,,60.0
2025-06-21 15:00:00,3.6,4.3,,3.1,,86.0,2.6,4.7,294.0,301.0,1014.3,709.0,0.0,,40.0
2025-06-21 16:00:00,3.9,4.1,,3.6,,85.0,2.6,4.7,297.0,294.0,1014.1,522.0,0.0,,90.0
2025-06-21 17:00:00,3.4,4.0,,3.0,,87.0,2.7,4.4,280.0,286.0,1013.8,273.0,0.0,,90.0
2025-06-21 18:00:00,3.7,4.1,4.3,3.4,1.1,86.0,2.3,4.6,259.0,270.0,1013.5,270.0,0.0,,90.0
2025-06-21 19:00:00,3.5,3.7,,3.2,,88.0,2.1,3.6,231.0,250.0,1013.4,135.0,0.0,,90.0
2025-06-21 20:00:00,3.2,3.5,,3.1,,90.0,2.4,4.4,226.0,241.0,1013.5,95.0,0.0,,100.0
2025-06-21 21:00:00,3.2,3.4,,3.0,,91.0,2.9,4.0,229.0,211.0,1013.4,67.0,0.4,,100.0
2025-06-21 22:00:00,2.8,3.3,,2.2,,93.0,3.6,5.4,196.0,206.0,1013.5,51.0,0.9,,100.0
2025-06-21 23:00:00,1.8,2.3,,1.5,,94.0,4.3,6.0,200.0,201.0,1013.6,57.0,0.5,,90.0
2025-06-22 00:00:00,1.6,1.7,,1.4,,95.0,5.8,7.1,202.0,201.0,1013.8,47.0,0.0,,100.0
2025-06-22 01:00:00,1.7,1.9,,1.6,,95.0,6.8,8.8,201.0,202.0,1014.0,24.0,0.0,,100.0
2025-06-22 02:00:00,1.8,2.0,,1.8,,94.0,6.6,9.0,196.0,199.0,1014.2,16.0,0.1,,100.0
2025-06-22 03:00:00,1.9,2.0,,1.8,,94.0,4.4,6.6,180.0,194.0,1014.3,10.0,0.4,,100.0
2025-06-22 04:00:00,2.1,2.2,,1.9,,93.0,4.6,6.1,185.0,189.0,1014.4,9.0,0.0,,100.0
2025-06-22 05:00:00,2.0,2.2,,1.9,,92.0,4.6,6.5,203.0,187.0,1014.3,8.0,0.0,,100.0
2025-06-22 06:00:00,1.7,2.0,3.7,1.4,1.4,92.0,3.9,5.9,197.0,193.0,1014.5,18.0,0.0,2.3,100.0
2025-06-22 07:00:00,1.4,1.6,,1.2,,92.0,1.2,3.8,148.0,176.0,1014.3,40.0,0.0,,100.0
2025-06-22 08:00:00,1.9,2.2,,1.4,,89.0,0.0,1.8,0.0,0.0,1014.5,102.0,0.0,,60.0
2025-06-22 09:00:00,2.4,2.9,,2.1,,89.0,0.5,2.6,0.0,107.0,1014.9,131.0,0.0,,90.0
2025-06-22 10:00:00,3.2,3.9,,2.7,,86.0,0.0,2.2,136.0,0.0,1014.9,154.0,0.0,,100.0
2025-06-22 11:00:00,4.2,4.8,,3.8,,80.0,0.8,4.0,34.0,91.0,1014.6,262.0,0.0,,100.0
2025-06-22 12:00:00,4.0,4.5,,3.6,,86.0,3.0,4.4,38.0,33.0,1014.4,285.0,0.0,,100.0
2025-06-22 13:00:00,4.7,5.1,,4.3,,84.0,3.9,5.4,41.0,41.0,1014.1,404.0,0.0,,100.0
2025-06-22 14:00:00,5.2,5.5,,4.8,,77.0,4.3,5.9,44.0,42.0,1013.7,348.0,0.0,,100.0
2025-06-22 15:00:00,5.0,5.2,,4.8,,78.0,4.6,7.1,27.0,35.0,1013.4,366.0,0.0,,90.0
2025-06-22 16:00:00,5.1,5.6,,4.7,,76.0,5.2,6.7,20.0,26.0,1013.1,416.0,0.0,,90.0
2025-06-22 17:00:00,4.9,5.3,,4.5,,80.0,5.5,6.9,30.0,26.0,1012.8,608.0,0.0,,0.0
2025-06-22 18:00:00,5.4,5.9,5.9,5.0,1.2,78.0,4.6,6.6,17.0,20.0,1012.7,647.0,0.0,,0.0
2025-06-22 19:00:00,5.1,5.3,,4.8,,77.0,4.2,5.9,29.0,25.0,1012.7,327.0,0.0,,60.0
2025-06-22 20:00:00,5.1,5.3,,4.9,,76.0,4.0,5.6,25.0,25.0,1012.5,230.0,0.0,,90.0
2025-06-22 21:00:00,5.0,5.2,,4.8,,81.0,3.2,4.8,24.0,19.0,1012.2,146.0,0.0,,90.0
2025-06-22 22:00:00,5.1,5.5,,4.9,,82.0,3.2,4.6,28.0,23.0,1011.8,158.0,0.0,,90.0
2025-06-22 23:00:00,5.8,6.0,,5.5,,74.0,3.0,4.9,25.0,31.0,1011.2,120.0,0.0,,60.0
2025-06-23 00:00:00,5.8,6.1,,5.1,,75.0,2.9,5.0,11.0,21.0,1010.7,152.0,0.0,,40.0
2025-06-23 01:00:00,5.2,5.3,,5.0,,82.0,3.6,5.6,24.0,24.0,1009.9,62.0,0.0,,0.0
2025-06-23 02:00:00,5.0,5.2,,4.9,,84.0,3.8,5.3,25.0,26.0,1009.6,39.0,0.0,,0.0
2025-06-23 03:00:00,4.8,4.9,,4.7,,87.0,4.2,6.0,28.0,22.0,1008.9,23.0,0.0,,40.0
2025-06-23 04:00:00,5.0,5.1,,4.9,,86.0,3.8,7.6,29.0,40.0,1008.3,17.0,0.0,,90.0
2025-06-23 05:00:00,4.9,5.1,,4.8,,86.0,4.1,7.6,45.0,39.0,1008.0,22.0,0.0,,10.0
2025-06-23 06:00:00,5.2,5.3,6.1,5.0,4.7,84.0,5.1,7.9,48.0,44.0,1007.9,38.0,0.0,0.0,10.0
2025-06-23 07:00:00,5.2,5.7,,5.0,,83.0,4.4,6.4,48.0,48.0,1007.9,54.0,0.0,,10.0
2025-06-23 08:00:00,6.1,6.4,,5.7,,76.0,4.0,6.4,58.0,53.0,1007.8,118.0,0.0,,10.0
2025-06-23 09:00:00,6.5,6.8,,6.4,,74.0,4.3,6.5,41.0,45.0,1007.7,171.0,0.0,,10.0
2025-06-23 10:00:00,6.8,7.0,,6.6,,71.0,4.2,6.5,43.0,43.0,1007.8,170.0,0.0,,40.0
2025-06-23 11:00:00,6.5,7.1,,5.8,,74.0,2.1,5.5,,24.0,1008.0,193.0,0.0,,60.0
2025-06-23 12:00:00,6.2,6.8,,5.8,,76.0,0.8,3.6,0.0,4.0,1007.9,318.0,0.0,,10.0
2025-06-23 13:00:00,6.9,7.1,,6.5,,73.0,0.7,3.0,325.0,334.0,1007.8,434.0,0.0,,10.0
2025-06-23 14:00:00,7.6,8.0,,7.1,,68.0,2.2,3.7,356.0,337.0,1007.7,497.0,0.0,,10.0
2025-06-23 15:00:00,7.8,8.1,,7.5,,68.0,2.4,4.9,282.0,320.0,1007.6,466.0,0.0,,10.0
2025-06-23 16:00:00,7.4,7.9,,7.1,,71.0,3.4,5.9,283.0,284.0,1007.2,538.0,0.0,,10.0
2025-06-23 17:00:00,7.8,8.3,,7.0,,68.0,3.5,7.4,287.0,283.0,1006.8,638.0,0.0,,0.0
2025-06-23 18:00:00,7.8,8.2,8.3,7.5,5.0,64.0,4.1,7.3,296.0,285.0,1006.5,673.0,0.0,,10.0
2025-06-23 19:00:00,7.5,8.1,,7.0,,67.0,4.3,8.2,312.0,293.0,1006.4,638.0,0.0,,0.0
2025-06-23 20:00:00,7.4,7.7,,7.2,,66.0,4.8,8.5,283.0,295.0,1005.8,493.0,0.0,,10.0
2025-06-23 21:00:00,7.2,7.5,,7.0,,68.0,3.3,6.5,286.0,286.0,1005.5,350.0,0.0,,0.0
2025-06-23 22:00:00,7.0,7.4,,6.6,,71.0,2.7,4.7,295.0,295.0,1005.3,355.0,0.0,,0.0
2025-06-23 23:00:00,7.0,7.3,,6.5,,72.0,2.1,4.7,268.0,282.0,1004.9,229.0,0.0,,0.0
2025-06-24 00:00:00,6.7,7.5,,5.9,,75.0,1.6,3.1,260.0,264.0,1004.5,148.0,0.0,,0.0
2025-06-24 01:00:00,6.0,6.3,,5.8,,81.0,0.7,2.4,269.0,263.0,1004.2,84.0,0.0,,0.0
2025-06-24 02:00:00,5.5,5.9,,5.1,,84.0,0.6,2.7,0.0,265.0,1004.2,44.0,0.0,,0.0
2025-06-24 03:00:00,4.9,5.1,,4.6,,87.0,0.3,2.1,177.0,206.0,1004.1,25.0,0.0,,0.0
2025-06-24 04:00:00,4.6,4.8,,4.3,,88.0,1.0,3.3,210.0,202.0,1004.1,22.0,0.0,,0.0
2025-06-24 05:00:00,4.4,4.6,,4.1,,89.0,3.6,5.3,200.0,199.0,1004.1,28.0,0.0,,0.0
2025-06-24 06:00:00,4.2,4.4,8.1,4.1,4.1,90.0,3.6,6.3,179.0,179.0,1004.0,44.0,0.0,0.0,10.0
2025-06-24 07:00:00,4.5,4.7,,4.4,,90.0,5.4,6.7,184.0,188.0,1004.1,67.0,0.0,,0.0
2025-06-24 08:00:00,4.9,5.2,,4.6,,89.0,4.8,6.5,175.0,178.0,1004.5,126.0,0.0,,0.0
2025-06-24 09:00:00,5.6,6.0,,5.2,,84.0,5.0,6.5,169.0,170.0,1004.7,200.0,0.0,,0.0
2025-06-24 10:00:00,6.4,6.8,,6.0,,77.0,3.4,6.5,187.0,178.0,1005.0,290.0,0.0,,0.0
2025-06-24 11:00:00,7.2,7.7,,6.7,,72.0,2.8,4.7,199.0,183.0,1005.3,378.0,0.0,,0.0
2025-06-24 12:00:00,6.4,7.9,,6.0,,78.0,1.9,4.0,278.0,276.0,1005.4,438.0,0.0,,0.0
2025-06-24 13:00:00,5.7,6.3,,5.2,,82.0,2.3,3.8,276.0,287.0,1005.6,513.0,0.0,,0.0
2025-06-24 14:00:00,5.6,5.9,,5.2,,82.0,2.1,4.1,287.0,289.0,1005.6,593.0,0.0,,0.0
2025-06-24 15:00:00,5.2,5.6,,4.7,,85.0,1.8,3.6,314.0,298.0,1005.7,688.0,0.0,,0.0
2025-06-24 16:00:00,6.0,6.5,,5.4,,82.0,1.0,3.0,339.0,333.0,1005.6,692.0,0.0,,0.0
2025-06-24 17:00:00,6.2,6.5,,5.9,,80.0,1.1,2.9,334.0,333.0,1005.2,688.0,0.0,,0.0
2025-06-24 18:00:00,7.0,7.6,7.9,6.3,4.4,76.0,1.3,3.2,298.0,323.0,1005.0,679.0,0.0,,0.0
2025-06-24 19:00:00,7.1,7.6,,6.6,,75.0,1.9,4.0,280.0,287.0,1005.1,637.0,0.0,,0.0
2025-06-24 20:00:00,5.9,7.2,,5.1,,79.0,2.4,4.1,292.0,290.0,1005.0,555.0,0.0,,0.0
2025-06-24 21:00:00,5.9,6.5,,5.1,,79.0,1.5,3.8,0.0,284.0,1004.7,464.0,0.0,,0.0
2025-06-24 22:00:00,5.4,6.2,,4.2,,81.0,1.3,3.8,295.0,300.0,1004.5,355.0,0.0,,0.0
2025-06-24 23:00:00,3.5,4.2,,3.2,,89.0,2.7,4.4,275.0,281.0,1004.3,267.0,0.0,,0.0
2025-06-25 00:00:00,3.1,3.6,,2.8,,93.0,1.8,4.1,277.0,275.0,1003.9,161.0,0.0,,40.0
2025-06-25 01:00:00,2.9,3.2,,2.2,,93.0,1.2,4.3,272.0,272.0,1003.6,93.0,0.0,,40.0
2025-06-25 02:00:00,2.0,2.3,,1.8,,97.0,1.8,3.7,271.0,273.0,1003.5,40.0,0.0,,
2025-06-25 03:00:00,1.9,2.0,,1.7,,98.0,1.8,3.6,281.0,275.0,1003.2,20.0,0.0,,
2025-06-25 04:00:00,1.7,1.9,,1.6,,98.0,1.4,3.5,268.0,271.0,1003.1,17.0,0.0,,
2025-06-25 05:00:00,1.7,1.8,,1.6,,98.0,1.2,2.7,265.0,268.0,1002.8,21.0,0.0,,
2025-06-25 06:00:00,1.8,1.9,7.6,1.7,1.6,98.0,0.9,2.9,241.0,259.0,1002.7,29.0,0.0,0.0,
2025-06-25 07:00:00,1.8,2.0,,1.7,,98.0,0.9,3.2,270.0,266.0,1002.7,48.0,0.0,,
2025-06-25 08:00:00,1.9,2.1,,1.7,,98.0,0.5,2.5,257.0,258.0,1002.7,90.0,0.0,,90.0
2025-06-25 09:00:00,2.2,2.4,,1.9,,97.0,1.4,3.3,259.0,265.0,1002.5,150.0,0.0,,
2025-06-25 10:00:00,2.9,3.5,,2.3,,95.0,0.9,3.1,267.0,269.0,1002.5,285.0,0.0,,40.0
2025-06-25 11:00:00,3.6,4.1,,3.1,,90.0,1.4,3.7,262.0,265.0,1002.7,387.0,0.0,,0.0
2025-06-25 12:00:00,4.2,4.5,,3.9,,87.0,1.3,3.3,271.0,268.0,1002.8,440.0,0.0,,0.0
2025-06-25 13:00:00,5.1,5.6,,4.1,,82.0,1.5,4.2,273.0,274.0,1002.8,510.0,0.0,,0.0
2025-06-25 14:00:00,5.9,6.3,,5.5,,78.0,2.4,4.1,270.0,270.0,1002.9,586.0,0.0,,0.0
2025-06-25 15:00:00,5.0,6.0,,4.4,,82.0,3.2,5.3,274.0,272.0,1003.0,687.0,0.0,,0.0
2025-06-25 16:00:00,5.4,5.9,,4.8,,82.0,3.5,5.1,273.0,274.0,1003.1,689.0,0.0,,0.0
2025-06-25 17:00:00,5.8,6.4,,5.1,,81.0,3.3,5.0,281.0,276.0,1003.1,679.0,0.0,,0.0
2025-06-25 18:00:00,6.6,7.1,7.1,6.1,1.7,78.0,3.0,4.5,269.0,267.0,1003.3,676.0,0.0,,0.0
2025-06-25 19:00:00,6.1,6.5,,5.7,,79.0,2.3,4.4,269.0,269.0,1003.4,641.0,0.0,,0.0
2025-06-25 20:00:00,5.5,5.9,,5.0,,82.0,3.2,6.1,275.0,267.0,1003.2,558.0,0.0,,0.0
2025-06-25 21:00:00,5.1,5.7,,4.4,,83.0,2.7,6.2,260.0,266.0,1003.6,451.0,0.0,,0.0
2025-06-25 22:00:00,4.0,4.9,,3.3,,86.0,3.7,8.1,243.0,257.0,1003.6,364.0,0.0,,60.0
2025-06-25 23:00:00,3.0,3.8,,2.5,,90.0,2.6,5.8,259.0,248.0,1003.7,224.0,0.0,,90.0
2025-06-26 00:00:00,2.4,2.7,,1.9,,94.0,2.9,5.5,247.0,231.0,1003.8,157.0,0.0,,90.0
2025-06-26 01:00:00,1.8,2.2,,1.6,,96.0,3.4,6.8,231.0,254.0,1003.9,76.0,0.0,,100.0
2025-06-26 02:00:00,1.6,1.9,,1.3,,97.0,3.4,6.6,245.0,233.0,1003.7,41.0,0.0,,100.0
2025-06-26 03:00:00,1.4,1.7,,1.2,,98.0,3.1,5.9,244.0,238.0,1003.5,22.0,0.0,,100.0
2025-06-26 04:00:00,1.3,1.5,,1.0,,98.0,3.3,5.7,231.0,236.0,1003.5,13.0,0.0,,
2025-06-26 05:00:00,1.2,1.5,,1.0,,98.0,3.2,5.6,244.0,251.0,1003.4,13.0,0.0,,
2025-06-26 06:00:00,1.2,1.4,6.5,0.9,0.9,98.0,3.4,5.7,263.0,243.0,1003.2,19.0,0.0,0.0,
2025-06-26 07:00:00,1.0,1.3,,0.8,,99.0,2.9,5.2,253.0,254.0,1003.2,36.0,0.0,,100.0
2025-06-26 08:00:00,1.1,1.3,,0.8,,98.0,2.7,4.7,253.0,243.0,1003.1,57.0,0.0,,
2025-06-26 09:00:00,1.4,1.6,,1.1,,98.0,2.5,4.4,237.0,235.0,1002.9,81.0,0.0,,100.0
2025-06-26 10:00:00,1.5,1.8,,1.2,,98.0,1.9,4.0,250.0,249.0,1002.7,141.0,0.0,,100.0
2025-06-26 11:00:00,1.7,2.1,,1.3,,97.0,2.6,4.5,194.0,209.0,1002.3,190.0,0.0,,100.0
2025-06-26 12:00:00,2.1,2.5,,1.8,,94.0,2.7,4.7,219.0,232.0,1002.1,265.0,0.0,,100.0
2025-06-26 13:00:00,2.6,3.2,,2.1,,91.0,2.6,4.7,231.0,244.0,1002.0,358.0,0.0,,100.0
2025-06-26 14:00:00,3.1,3.7,,2.6,,87.0,2.5,4.7,224.0,243.0,1001.6,451.0,0.0,,90.0
2025-06-26 15:00:00,3.6,4.3,,3.2,,84.0,2.9,5.1,258.0,249.0,1001.2,583.0,0.0,,90.0
2025-06-26 16:00:00,3.8,4.7,,3.3,,85.0,3.0,4.9,264.0,262.0,1000.8,638.0,0.0,,90.0
2025-06-26 17:00:00,3.8,4.8,,3.4,,85.0,3.0,5.2,265.0,262.0,1000.3,590.0,0.0,,90.0
2025-06-26 18:00:00,3.7,4.2,4.8,3.3,0.8,87.0,3.4,5.7,260.0,262.0,1000.0,504.0,0.0,,100.0
2025-06-26 19:00:00,3.4,3.9,,3.2,,91.0,3.0,5.3,268.0,271.0,999.9,284.0,0.0,,90.0
2025-06-26 20:00:00,3.2,3.5,,3.1,,93.0,3.1,5.3,271.0,274.0,999.7,235.0,0.0,,100.0
2025-06-26 21:00:00,2.9,3.4,,2.6,,94.0,3.0,5.1,266.0,275.0,999.5,169.0,0.0,,90.0
2025-06-26 22:00:00,2.6,2.8,,2.4,,94.0,2.9,5.5,270.0,272.0,999.3,120.0,0.0,,100.0
2025-06-26 23:00:00,2.3,2.8,,2.0,,96.0,2.7,5.3,264.0,266.0,999.1,65.0,0.0,,100.0
2025-06-27 00:00:00,2.0,2.2,,1.6,,97.0,2.5,4.8,253.0,249.0,999.1,36.0,0.0,,100.0
2025-06-27 01:00:00,1.6,1.9,,1.2,,98.0,2.6,5.0,249.0,255.0,999.0,18.0,0.0,,
2025-06-27 02:00:00,1.3,1.5,,1.2,,98.0,2.3,5.1,244.0,253.0,998.9,13.0,0.0,,100.0
2025-06-27 03:00:00,1.3,1.5,,1.0,,98.0,2.9,5.1,182.0,217.0,998.7,7.0,0.0,,100.0
2025-06-27 04:00:00,1.2,1.4,,1.0,,98.0,3.7,5.4,204.0,193.0,998.5,6.0,0.0,,100.0
2025-06-27 05:00:00,1.1,1.4,,0.9,,97.0,3.3,5.5,202.0,195.0,998.4,9.0,0.0,,100.0
2025-06-27 06:00:00,1.0,1.3,3.9,0.8,0.8,97.0,3.0,5.3,199.0,201.0,998.3,13.0,0.0,0.0,100.0
2025-06-27 07:00:00,0.9,1.1,,0.8,,95.0,3.2,5.5,176.0,177.0,998.3,27.0,0.0,,90.0
2025-06-27 08:00:00,1.1,1.4,,0.9,,95.0,3.3,5.2,184.0,180.0,998.4,36.0,0.0,,100.0
2025-06-27 09:00:00,1.4,1.6,,1.2,,95.0,3.2,5.1,185.0,182.0,998.3,80.0,0.0,,100.0
2025-06-27 10:00:00,1.6,1.9,,1.4,,94.0,2.4,3.9,179.0,181.0,998.3,90.0,0.0,,100.0
2025-06-27 11:00:00,2.1,2.4,,1.7,,92.0,2.9,4.3,176.0,179.0,998.2,131.0,0.0,,100.0
2025-06-27 12:00:00,3.0,3.4,,2.2,,88.0,2.9,5.0,171.0,159.0,998.2,226.0,0.0,,100.0
2025-06-27 13:00:00,3.0,3.5,,2.7,,90.0,1.7,4.0,3.0,73.0,998.3,172.0,0.0,,100.0
2025-06-27 14:00:00,2.7,2.9,,2.5,,93.0,1.9,3.4,342.0,354.0,998.1,187.0,0.0,,
2025-06-27 15:00:00,3.2,3.4,,2.7,,93.0,0.5,3.5,321.0,326.0,997.9,253.0,0.0,,100.0
2025-06-27 16:00:00,3.3,3.5,,3.2,,88.0,2.0,3.6,290.0,294.0,997.8,246.0,0.0,,100.0
2025-06-27 17:00:00,3.3,3.8,,3.1,,88.0,2.2,4.1,279.0,285.0,997.9,275.0,0.0,,100.0
2025-06-27 18:00:00,3.5,3.7,3.8,3.4,0.8,88.0,2.4,4.6,284.0,288.0,997.9,336.0,0.0,,100.0
2025-06-27 19:00:00,3.5,3.8,,3.3,,87.0,2.7,4.3,282.0,285.0,997.7,344.0,0.0,,100.0
2025-06-27 20:00:00,3.6,3.8,,3.4,,88.0,2.8,4.8,286.0,285.0,997.8,318.0,0.0,,100.0
2025-06-27 21:00:00,3.2,3.5,,2.8,,92.0,2.4,4.3,290.0,288.0,998.1,224.0,0.0,,100.0
2025-06-27 22:00:00,2.9,3.3,,2.5,,93.0,1.2,3.5,283.0,282.0,998.4,155.0,0.0,,100.0
2025-06-27 23:00:00,2.2,2.6,,1.8,,95.0,1.7,3.4,286.0,284.0,998.7,92.0,0.0,,100.0
2025-06-28 00:00:00,1.8,2.1,,1.3,,96.0,1.4,3.3,251.0,251.0,999.2,72.0,0.0,,100.0
2025-06-28 01:00:00,1.0,1.3,,0.8,,97.0,2.1,4.4,227.0,257.0,999.5,38.0,0.0,,
2025-06-28 02:00:00,1.2,1.5,,0.9,,98.0,3.2,5.0,208.0,209.0,999.8,18.0,0.0,,100.0
2025-06-28 03:00:00,1.4,1.7,,1.1,,95.0,3.7,5.8,202.0,207.0,1000.0,12.0,0.0,,100.0
2025-06-28 04:00:00,1.3,1.6,,1.1,,97.0,3.5,5.1,212.0,208.0,1000.2,9.0,0.0,,100.0
2025-06-28 05:00:00,1.5,1.6,,1.4,,97.0,3.2,5.1,214.0,225.0,1000.8,10.0,0.0,,100.0
2025-06-28 06:00:00,1.5,1.7,3.8,1.4,0.8,97.0,2.9,4.9,218.0,224.0,1001.0,18.0,0.0,0.0,100.0
2025-06-28 07:00:00,1.3,1.6,,1.0,,97.0,1.7,4.1,268.0,258.0,1001.7,30.0,0.0,,100.0
2025-06-28 08:00:00,1.1,1.3,,1.0,,96.0,2.0,4.6,255.0,262.0,1002.1,50.0,0.0,,100.0
2025-06-28 09:00:00,1.2,1.4,,1.0,,95.0,2.5,4.9,210.0,240.0,1002.5,65.0,0.0,,100.0
2025-06-28 10:00:00,1.1,1.4,,0.8,,95.0,3.6,5.9,201.0,218.0,1003.0,73.0,0.0,,100.0
2025-06-28 11:00:00,1.2,1.4,,1.0,,94.0,3.7,6.3,239.0,235.0,1003.9,104.0,0.0,,100.0
2025-06-28 12:00:00,1.6,1.9,,1.2,,92.0,2.9,5.7,226.0,251.0,1004.2,156.0,0.0,,90.0
2025-06-28 13:00:00,2.3,2.6,,1.9,,90.0,3.6,6.6,220.0,232.0,1004.6,216.0,0.0,,90.0
2025-06-28 14:00:00,2.5,3.0,,2.2,,89.0,3.5,6.1,240.0,249.0,1005.1,227.0,0.0,,100.0
2025-06-28 15:00:00,2.5,2.8,,2.4,,89.0,4.0,6.6,243.0,248.0,1005.6,248.0,0.0,,100.0
2025-06-28 16:00:00,2.7,3.1,,2.3,,87.0,3.6,6.3,239.0,252.0,1006.1,234.0,0.0,,100.0
2025-06-28 17:00:00,3.1,3.9,,2.6,,83.0,3.5,6.2,242.0,255.0,1006.5,335.0,0.0,,100.0
2025-06-28 18:00:00,3.1,3.5,3.9,2.8,0.8,81.0,3.5,6.2,248.0,258.0,1006.9,305.0,0.0,,100.0
2025-06-28 19:00:00,3.5,3.8,,3.3,,82.0,4.2,6.6,239.0,241.0,1007.3,243.0,0.0,,100.0
2025-06-28 20:00:00,3.2,3.9,,2.9,,89.0,4.1,7.0,237.0,241.0,1007.9,139.0,0.0,,100.0
2025-06-28 21:00:00,3.1,3.4,,2.8,,90.0,4.4,6.9,228.0,235.0,1008.3,97.0,0.0,,100.0
2025-06-28 22:00:00,2.8,3.0,,2.7,,92.0,4.0,6.3,244.0,232.0,1008.7,69.0,0.0,,100.0
2025-06-28 23:00:00,2.9,3.0,,2.7,,92.0,3.3,5.1,226.0,224.0,1008.8,36.0,0.0,,100.0
2025-06-29 00:00:00,3.0,3.1,,2.9,,92.0,3.1,4.3,196.0,197.0,1009.1,27.0,0.1,,90.0
2025-06-29 01:00:00,3.0,3.2,,2.9,,92.0,3.0,3.9,177.0,187.0,1009.4,18.0,0.0,,100.0
2025-06-29 02:00:00,3.0,3.1,,2.9,,91.0,3.1,4.0,171.0,179.0,1009.5,8.0,0.0,,100.0
2025-06-29 03:00:00,3.2,3.4,,3.1,,92.0,2.2,3.6,181.0,164.0,1009.3,5.0,0.0,,100.0
2025-06-29 04:00:00,3.4,3.5,,3.3,,93.0,0.6,2.4,0.0,195.0,1009.4,5.0,0.1,,100.0
2025-06-29 05:00:00,3.6,3.8,,3.3,,92.0,0.0,1.8,0.0,0.0,1009.1,6.0,0.0,,100.0
2025-06-29 06:00:00,3.7,4.0,4.0,3.0,2.7,92.0,0.0,0.0,0.0,0.0,1009.1,9.0,0.0,0.2,100.0
2025-06-29 07:00:00,3.0,3.2,,2.9,,95.0,1.3,3.1,12.0,4.0,1009.0,14.0,0.0,,100.0
2025-06-29 08:00:00,3.4,3.7,,3.2,,95.0,2.0,3.3,16.0,21.0,1008.8,20.0,0.0,,100.0
2025-06-29 09:00:00,4.1,4.4,,3.7,,95.0,0.6,3.0,0.0,23.0,1008.7,66.0,0.0,,100.0
2025-06-29 10:00:00,4.4,4.9,,4.0,,93.0,0.5,3.1,32.0,26.0,1008.5,106.0,0.0,,90.0
2025-06-29 11:00:00,5.5,5.7,,4.9,,88.0,3.5,6.0,43.0,48.0,1008.4,151.0,0.0,,90.0
2025-06-29 12:00:00,5.6,6.2,,5.1,,87.0,4.0,5.8,45.0,41.0,1008.4,234.0,0.0,,60.0
2025-06-29 13:00:00,6.5,6.8,,6.2,,82.0,4.5,6.4,47.0,47.0,1008.2,305.0,0.0,,90.0
2025-06-29 14:00:00,6.9,7.3,,6.5,,80.0,5.4,7.4,30.0,42.0,1007.9,387.0,0.0,,90.0
2025-06-29 15:00:00,6.8,7.0,,6.3,,81.0,5.3,7.5,45.0,40.0,1007.5,319.0,0.0,,90.0
2025-06-29 16:00:00,7.6,8.2,,6.9,,73.0,5.5,7.5,46.0,44.0,1007.0,441.0,0.0,,90.0
2025-06-29 17:00:00,8.0,8.7,,7.2,,74.0,4.8,6.9,20.0,27.0,1006.8,472.0,0.0,,90.0
2025-06-29 18:00:00,8.1,9.1,9.1,7.0,2.9,74.0,5.0,7.3,41.0,27.0,1006.3,521.0,0.0,,90.0
2025-06-29 19:00:00,8.0,9.2,,6.2,,74.0,5.1,7.4,24.0,26.0,1006.1,481.0,0.0,,90.0
2025-06-29 20:00:00,7.4,7.9,,6.4,,79.0,4.5,6.8,23.0,17.0,1005.8,487.0,0.0,,40.0
2025-06-29 21:00:00,6.7,7.8,,5.7,,83.0,3.7,6.4,5.0,15.0,1005.8,223.0,0.0,,90.0
2025-06-29 22:00:00,6.4,7.2,,5.8,,86.0,3.4,5.6,18.0,17.0,1005.3,181.0,0.0,,90.0
2025-06-29 23:00:00,7.8,8.3,,6.7,,78.0,4.3,7.2,40.0,30.0,1004.7,151.0,0.0,,90.0
2025-06-30 00:00:00,7.9,8.5,,7.5,,79.0,2.7,6.3,43.0,49.0,1004.8,125.0,0.0,,90.0
2025-06-30 01:00:00,6.9,9.0,,4.4,,79.0,2.0,6.3,239.0,210.0,1005.0,93.0,0.0,,10.0
2025-06-30 02:00:00,4.4,4.7,,4.1,,84.0,3.2,6.6,268.0,256.0,1004.9,45.0,0.0,,0.0
2025-06-30 03:00:00,4.9,5.2,,4.7,,83.0,0.7,3.9,0.0,261.0,1004.5,23.0,0.0,,40.0
2025-06-30 04:00:00,4.4,4.8,,3.7,,85.0,1.2,3.6,221.0,235.0,1004.2,18.0,0.0,,90.0
2025-06-30 05:00:00,5.0,5.2,,4.4,,79.0,0.9,3.0,0.0,243.0,1003.7,19.0,0.0,,90.0
2025-06-30 06:00:00,5.3,5.8,9.2,5.0,3.7,79.0,0.0,1.5,0.0,0.0,1003.3,21.0,0.0,0.0,90.0
2025-06-30 07:00:00,6.0,6.1,,5.8,,76.0,0.0,0.8,0.0,0.0,1003.0,29.0,0.0,,90.0
2025-06-30 08:00:00,6.1,6.2,,6.0,,75.0,0.4,2.6,0.0,264.0,1002.6,53.0,0.0,,90.0
2025-06-30 09:00:00,5.9,6.1,,5.8,,76.0,0.0,1.6,0.0,0.0,1002.2,67.0,0.0,,90.0
2025-06-30 10:00:00,5.5,5.9,,5.1,,78.0,0.5,3.0,331.0,317.0,1001.7,84.0,0.0,,90.0
2025-06-30 11:00:00,5.2,5.6,,4.9,,80.0,0.3,2.7,0.0,350.0,1000.9,118.0,0.0,,90.0
2025-06-30 12:00:00,5.7,6.3,,5.4,,77.0,2.7,4.8,358.0,3.0,1000.0,334.0,0.0,,90.0
2025-06-30 13:00:00,6.1,6.6,,5.8,,77.0,2.8,5.3,10.0,2.0,999.4,439.0,0.0,,90.0
2025-06-30 14:00:00,5.9,6.6,,5.4,,85.0,2.6,4.9,352.0,3.0,998.7,377.0,0.0,,90.0
2025-06-30 15:00:00,6.3,7.0,,5.7,,86.0,2.2,4.4,1.0,3.0,997.6,447.0,0.0,,90.0
2025-06-30 16:00:00,7.0,8.0,,6.3,,82.0,2.9,5.6,25.0,14.0,996.5,484.0,0.0,,90.0
2025-06-30 17:00:00,7.6,8.2,,7.1,,80.0,1.7,3.5,323.0,336.0,996.1,434.0,0.0,,90.0
2025-06-30 18:00:00,8.0,8.3,8.3,7.5,4.9,78.0,2.3,4.2,277.0,302.0,995.6,358.0,0.0,,90.0
2025-06-30 19:00:00,8.0,8.5,,7.7,,78.0,2.4,4.0,272.0,275.0,995.3,316.0,0.0,,90.0
2025-06-30 20:00:00,8.2,8.9,,7.4,,76.0,2.4,4.7,266.0,270.0,995.1,194.0,0.0,,90.0
2025-06-30 21:00:00,6.7,7.9,,5.9,,81.0,3.5,5.7,271.0,269.0,994.9,228.0,0.0,,90.0
2025-06-30 22:00:00,5.9,6.2,,5.6,,85.0,3.7,5.5,273.0,273.0,994.7,155.0,0.0,,90.0
2025-06-30 23:00:00,6.3,6.9,,5.7,,83.0,2.5,5.4,243.0,261.0,995.0,114.0,0.0,,90.0
2025-07-01 00:00:00,5.8,6.4,,5.3,,85.0,1.8,4.8,264.0,259.0,995.1,69.0,0.0,,90.0
2025-07-01 01:00:00,4.9,5.4,,4.6,,88.0,3.9,6.3,263.0,264.0,995.2,38.0,0.0,,90.0
2025-07-01 02:00:00,4.4,4.7,,4.2,,90.0,4.5,7.9,250.0,247.0,995.6,14.0,0.0,,90.0
2025-07-01 03:00:00,4.2,4.3,,4.1,,90.0,5.1,7.3,212.0,219.0,996.0,10.0,0.0,,90.0
2025-07-01 04:00:00,3.8,4.1,,3.6,,92.0,4.5,8.9,217.0,241.0,995.8,7.0,0.0,,100.0
2025-07-01 05:00:00,3.5,3.6,,3.3,,93.0,5.6,8.9,227.0,222.0,996.4,6.0,0.0,,100.0
2025-07-01 06:00:00,3.1,3.3,8.9,3.0,3.0,94.0,5.8,8.7,231.0,233.0,996.9,11.0,0.0,0.0,100.0
2025-07-01 07:00:00,2.9,3.1,,2.7,,93.0,5.7,8.3,229.0,228.0,997.6,11.0,0.0,,100.0
2025-07-01 08:00:00,2.7,2.8,,2.7,,93.0,6.4,9.2,224.0,226.0,998.2,21.0,0.0,,100.0
2025-07-01 09:00:00,2.7,2.8,,2.7,,93.0,6.5,9.4,229.0,238.0,998.7,30.0,0.0,,90.0
2025-07-01 10:00:00,2.8,2.9,,2.7,,94.0,6.4,9.5,238.0,240.0,999.4,62.0,0.1,,100.0
2025-07-01 11:00:00,2.9,3.0,,2.8,,94.0,5.8,8.8,233.0,236.0,1000.1,82.0,0.0,,100.0
2025-07-01 12:00:00,3.0,3.2,,2.8,,95.0,6.0,8.5,212.0,216.0,1000.5,97.0,0.3,,100.0
2025-07-01 13:00:00,3.1,3.4,,2.8,,95.0,6.1,9.1,208.0,217.0,1001.1,198.0,0.1,,100.0
2025-07-01 14:00:00,3.0,3.3,,2.9,,93.0,6.5,8.7,214.0,212.0,1001.8,192.0,0.0,,90.0
2025-07-01 15:00:00,3.3,3.5,,2.9,,90.0,5.7,7.8,216.0,212.0,1002.2,244.0,0.0,,90.0
2025-07-01 16:00:00,3.4,3.9,,3.1,,89.0,5.6,7.4,206.0,205.0,1002.4,250.0,0.0,,90.0
2025-07-01 17:00:00,3.2,3.6,,2.9,,89.0,5.9,7.4,203.0,204.0,1002.8,175.0,0.0,,100.0
2025-07-01 18:00:00,3.3,3.5,3.9,3.0,2.7,88.0,6.2,8.0,203.0,206.0,1003.4,202.0,0.0,,100.0
2025-07-01 19:00:00,3.4,3.6,,3.1,,86.0,6.3,8.0,219.0,208.0,1004.1,199.0,0.0,,100.0
2025-07-01 20:00:00,3.0,3.3,,2.7,,89.0,5.9,7.9,217.0,215.0,1004.6,137.0,0.0,,100.0
2025-07-01 21:00:00,2.9,3.3,,2.5,,89.0,6.1,8.5,212.0,213.0,1005.1,107.0,0.0,,90.0
2025-07-01 22:00:00,2.5,2.7,,2.3,,91.0,5.5,7.9,216.0,211.0,1005.6,63.0,0.3,,100.0
2025-07-01 23:00:00,2.3,2.5,,2.2,,94.0,4.8,6.6,203.0,212.0,1006.0,74.0,0.0,,100.0
2025-07-02 00:00:00,2.2,2.4,,2.1,,93.0,4.8,6.4,198.0,204.0,1006.4,45.0,0.0,,90.0
2025-07-02 01:00:00,2.5,2.7,,2.2,,94.0,4.6,5.7,198.0,199.0,1006.5,31.0,0.0,,100.0
2025-07-02 02:00:00,2.9,3.1,,2.7,,97.0,4.4,6.3,200.0,199.0,1006.6,8.0,0.0,,100.0
2025-07-02 03:00:00,3.4,3.7,,3.1,,93.0,4.3,5.5,191.0,193.0,1006.6,6.0,0.0,,100.0
2025-07-02 04:00:00,3.8,4.0,,3.7,,90.0,3.8,5.3,191.0,192.0,1006.7,4.0,0.0,,100.0
2025-07-02 05:00:00,4.0,4.2,,3.9,,89.0,3.3,5.7,182.0,173.0,1006.6,6.0,0.0,,100.0
2025-07-02 06:00:00,4.3,4.4,4.4,4.2,2.1,85.0,2.5,5.7,196.0,200.0,1006.7,8.0,0.0,0.8,100.0
2025-07-02 07:00:00,4.4,4.6,,4.2,,84.0,0.6,2.8,0.0,126.0,1006.7,24.0,0.0,,100.0
2025-07-02 08:00:00,4.7,4.8,,4.3,,87.0,1.3,4.0,76.0,69.0,1006.5,31.0,0.0,,100.0
2025-07-02 09:00:00,5.2,5.5,,4.8,,88.0,3.3,4.6,82.0,80.0,1006.2,59.0,0.0,,100.0
2025-07-02 10:00:00,5.7,6.0,,5.5,,85.0,3.2,4.9,107.0,100.0,1006.0,89.0,0.0,,90.0
2025-07-02 11:00:00,6.5,6.8,,6.0,,83.0,4.5,7.0,85.0,99.0,1005.5,170.0,0.0,,90.0
2025-07-02 12:00:00,6.6,6.8,,6.4,,77.0,5.8,8.1,64.0,76.0,1005.3,224.0,0.0,,90.0
2025-07-02 13:00:00,6.6,7.0,,6.3,,74.0,5.3,8.4,42.0,49.0,1005.0,363.0,0.0,,90.0
2025-07-02 14:00:00,6.7,7.0,,6.3,,78.0,5.0,7.1,43.0,44.0,1004.8,436.0,0.0,,90.0
2025-07-02 15:00:00,7.0,7.3,,6.7,,76.0,5.3,6.9,26.0,32.0,1004.4,475.0,0.0,,90.0
2025-07-02 16:00:00,5.7,7.1,,5.0,,86.0,3.3,6.0,2.0,4.0,1004.2,385.0,0.0,,90.0
2025-07-02 17:00:00,6.6,7.6,,5.6,,82.0,3.4,5.4,43.0,21.0,1003.8,377.0,0.0,,90.0
2025-07-02 18:00:00,7.5,8.1,8.1,7.0,4.2,77.0,3.2,4.7,18.0,32.0,1003.5,471.0,0.0,,90.0
2025-07-02 19:00:00,7.6,8.2,,7.0,,78.0,2.0,4.5,336.0,359.0,1003.4,410.0,0.0,,60.0
2025-07-02 20:00:00,7.1,8.3,,6.0,,79.0,0.7,3.6,355.0,347.0,1003.2,528.0,0.0,,40.0
2025-07-02 21:00:00,7.2,8.2,,6.3,,78.0,0.0,0.7,0.0,0.0,1002.7,151.0,0.0,,90.0
2025-07-02 22:00:00,8.4,8.9,,8.1,,70.0,0.0,2.2,0.0,0.0,1002.3,127.0,0.0,,90.0
2025-07-02 23:00:00,8.7,9.0,,8.5,,69.0,1.4,3.1,84.0,69.0,1001.8,78.0,0.0,,100.0
2025-07-03 00:00:00,8.4,8.7,,8.2,,71.0,3.4,4.5,90.0,89.0,1001.5,59.0,0.0,,100.0
2025-07-03 01:00:00,8.5,8.8,,8.2,,70.0,4.0,5.3,106.0,98.0,1001.0,48.0,0.0,,60.0
2025-07-03 02:00:00,7.9,8.2,,7.7,,74.0,3.9,5.3,115.0,109.0,1000.7,24.0,0.0,,40.0
2025-07-03 03:00:00,7.6,7.8,,7.4,,75.0,3.9,6.8,114.0,113.0,1000.2,13.0,0.0,,10.0
2025-07-03 04:00:00,7.8,8.2,,7.4,,72.0,4.3,7.0,111.0,116.0,999.7,11.0,0.0,,10.0
2025-07-03 05:00:00,7.7,8.0,,7.4,,71.0,4.3,6.1,107.0,108.0,999.1,15.0,0.0,,40.0
2025-07-03 06:00:00,8.2,8.4,9.0,7.9,6.0,68.0,4.6,6.4,100.0,104.0,998.7,24.0,0.0,0.0,90.0
2025-07-03 07:00:00,8.2,8.7,,7.8,,70.0,3.6,5.1,101.0,102.0,998.4,46.0,0.0,,60.0
2025-07-03 08:00:00,8.5,8.7,,8.4,,71.0,3.4,4.3,94.0,101.0,998.1,62.0,0.0,,90.0
2025-07-03 09:00:00,8.7,9.3,,8.5,,74.0,1.5,3.6,0.0,113.0,997.8,92.0,0.0,,90.0
2025-07-03 10:00:00,9.5,9.8,,9.2,,69.0,0.9,3.8,181.0,192.0,997.4,176.0,0.0,,90.0
2025-07-03 11:00:00,9.5,9.8,,8.6,,69.0,2.0,4.1,0.0,208.0,997.3,191.0,0.0,,90.0
2025-07-03 12:00:00,9.2,10.1,,8.2,,71.0,0.5,2.9,168.0,206.0,996.8,175.0,0.0,,90.0
2025-07-03 13:00:00,10.5,11.5,,9.1,,66.0,1.5,4.8,161.0,161.0,996.1,310.0,0.0,,90.0
2025-07-03 14:00:00,11.8,12.6,,11.4,,62.0,3.3,5.6,179.0,169.0,995.8,313.0,0.0,,90.0
2025-07-03 15:00:00,12.8,14.5,,12.0,,59.0,3.6,7.1,152.0,152.0,995.1,462.0,0.0,,90.0
2025-07-03 16:00:00,13.7,14.6,,12.6,,53.0,4.3,7.1,266.0,190.0,994.9,425.0,0.0,,90.0
2025-07-03 17:00:00,11.1,12.7,,10.0,,61.0,2.8,7.8,209.0,265.0,994.6,184.0,0.0,,90.0
2025-07-03 18:00:00,10.8,11.4,14.6,10.0,7.8,57.0,7.7,11.2,205.0,205.0,994.6,62.0,0.0,,100.0
2025-07-03 19:00:00,7.4,10.0,,5.2,,70.0,8.1,12.6,211.0,217.0,995.4,42.0,0.0,,90.0
2025-07-03 20:00:00,4.5,5.2,,4.1,,90.0,8.5,12.9,210.0,211.0,995.8,40.0,0.4,,90.0
2025-07-03 21:00:00,4.0,4.2,,3.7,,93.0,9.0,11.3,212.0,202.0,995.9,55.0,0.3,,100.0
2025-07-03 22:00:00,3.4,3.7,,3.3,,94.0,7.8,10.7,209.0,213.0,996.6,71.0,0.1,,90.0
2025-07-03 23:00:00,3.4,3.6,,3.2,,95.0,6.8,10.1,221.0,215.0,998.1,66.0,0.1,,100.0
2025-07-04 00:00:00,3.3,3.4,,3.1,,95.0,4.9,9.1,238.0,242.0,999.2,47.0,0.0,,100.0
2025-07-04 01:00:00,2.9,3.3,,2.5,,94.0,5.1,8.7,263.0,262.0,1000.5,29.0,0.0,,100.0
2025-07-04 02:00:00,2.1,2.5,,1.6,,93.0,4.6,9.3,261.0,263.0,1001.9,12.0,0.0,,100.0
2025-07-04 03:00:00,1.3,1.7,,0.9,,95.0,5.1,9.1,265.0,263.0,1002.8,7.0,0.0,,100.0
2025-07-04 04:00:00,0.9,1.2,,0.7,,93.0,4.8,9.6,264.0,264.0,1003.3,6.0,0.0,,100.0
2025-07-04 05:00:00,0.9,1.0,,0.7,,93.0,3.8,7.7,261.0,263.0,1004.3,7.0,0.0,,100.0
2025-07-04 06:00:00,0.9,1.1,10.0,0.7,0.7,91.0,3.2,6.1,271.0,266.0,1004.9,11.0,0.0,0.9,100.0
2025-07-04 07:00:00,1.0,1.1,,0.9,,91.0,3.0,6.1,272.0,266.0,1005.4,22.0,0.0,,100.0
2025-07-04 08:00:00,1.1,1.3,,0.9,,90.0,2.7,5.6,275.0,267.0,1006.1,36.0,0.0,,100.0
2025-07-04 09:00:00,1.0,1.1,,0.8,,90.0,2.4,5.1,269.0,267.0,1006.6,42.0,0.0,,100.0
2025-07-04 10:00:00,1.1,1.2,,0.8,,91.0,2.2,4.9,267.0,265.0,1006.9,52.0,0.0,,100.0
2025-07-04 11:00:00,1.2,1.4,,1.1,,90.0,2.5,4.8,257.0,269.0,1007.5,80.0,0.0,,100.0
2025-07-04 12:00:00,1.3,1.5,,1.0,,89.0,2.0,4.3,297.0,270.0,1007.4,137.0,0.0,,100.0
2025-07-04 13:00:00,1.5,1.7,,1.3,,88.0,1.8,4.5,310.0,298.0,1007.9,211.0,0.0,,100.0
2025-07-04 14:00:00,1.6,1.9,,1.2,,87.0,1.2,4.0,320.0,305.0,1008.0,247.0,0.0,,100.0
2025-07-04 15:00:00,1.8,2.1,,1.5,,85.0,1.5,3.7,324.0,322.0,1008.1,297.0,0.0,,100.0
2025-07-04 16:00:00,2.1,2.5,,1.7,,84.0,2.4,4.0,305.0,318.0,1008.3,365.0,0.0,,100.0
2025-07-04 17:00:00,2.2,2.6,,1.8,,83.0,2.5,4.6,301.0,311.0,1008.7,368.0,0.0,,100.0
2025-07-04 18:00:00,2.5,2.8,2.8,2.2,0.8,81.0,2.5,4.6,306.0,304.0,1008.9,462.0,0.0,,90.0
2025-07-04 19:00:00,2.6,3.0,,2.3,,81.0,2.8,4.8,306.0,299.0,1009.4,476.0,0.0,,60.0
2025-07-04 20:00:00,2.7,3.1,,2.3,,80.0,3.2,5.6,283.0,289.0,1009.8,471.0,0.0,,60.0
2025-07-04 21:00:00,2.7,2.9,,2.4,,79.0,3.2,5.4,282.0,278.0,1010.0,421.0,0.0,,0.0
2025-07-04 22:00:00,2.6,2.9,,2.4,,79.0,3.0,5.7,276.0,277.0,1010.4,352.0,0.0,,10.0
2025-07-04 23:00:00,2.5,2.8,,2.1,,80.0,2.5,5.4,273.0,271.0,1010.7,241.0,0.0,,60.0
2025-07-05 00:00:00,2.3,2.9,,2.1,,80.0,1.9,4.3,262.0,265.0,1011.1,143.0,0.0,,10.0
2025-07-05 01:00:00,2.0,2.2,,1.9,,82.0,0.4,2.6,0.0,265.0,1011.2,43.0,0.0,,10.0
2025-07-05 02:00:00,2.0,2.1,,1.9,,83.0,0.6,2.4,284.0,283.0,1011.5,32.0,0.0,,90.0
2025-07-05 03:00:00,2.0,2.0,,1.9,,83.0,0.0,2.6,0.0,0.0,1011.8,14.0,0.0,,100.0
2025-07-05 04:00:00,1.8,2.0,,1.7,,83.0,0.0,2.1,285.0,0.0,1012.0,12.0,0.0,,90.0
2025-07-05 05:00:00,1.6,1.7,,1.5,,83.0,0.0,1.7,0.0,0.0,1011.9,15.0,0.0,,90.0
2025-07-05 06:00:00,1.6,1.7,3.1,1.5,1.5,83.0,0.0,0.9,0.0,0.0,1011.7,18.0,0.0,0.0,90.0
2025-07-05 07:00:00,1.6,1.7,,1.5,,83.0,0.6,2.6,5.0,350.0,1011.6,34.0,0.0,,90.0
2025-07-05 08:00:00,1.8,2.0,,1.6,,84.0,2.5,3.7,6.0,6.0,1011.2,64.0,0.0,,90.0
2025-07-05 09:00:00,1.9,2.0,,1.7,,86.0,2.3,3.8,25.0,24.0,1010.7,70.0,0.0,,90.0
2025-07-05 10:00:00,1.9,2.1,,1.6,,92.0,2.8,4.1,32.0,26.0,1010.3,114.0,0.0,,90.0
2025-07-05 11:00:00,2.5,2.9,,2.1,,90.0,2.8,4.5,21.0,24.0,1009.9,172.0,0.0,,90.0
2025-07-05 12:00:00,3.4,3.8,,2.8,,86.0,3.1,4.6,27.0,30.0,1009.2,238.0,0.0,,90.0
2025-07-05 13:00:00,4.1,4.6,,3.5,,85.0,3.4,5.2,31.0,32.0,1008.6,318.0,0.0,,90.0
2025-07-05 14:00:00,4.7,5.3,,4.1,,85.0,4.5,6.3,27.0,27.0,1008.0,576.0,0.0,,10.0
2025-07-05 15:00:00,5.7,6.1,,5.2,,82.0,4.5,6.2,19.0,21.0,1007.5,688.0,0.0,,10.0
2025-07-05 16:00:00,6.2,6.7,,5.6,,79.0,4.4,6.2,22.0,24.0,1006.8,693.0,0.0,,0.0
2025-07-05 17:00:00,6.7,7.4,,6.1,,77.0,4.5,6.3,5.0,20.0,1006.2,681.0,0.0,,0.0
2025-07-05 18:00:00,7.3,8.0,8.0,6.5,1.5,72.0,4.6,6.4,39.0,22.0,1005.6,630.0,0.0,,0.0
2025-07-05 19:00:00,7.6,7.9,,7.2,,69.0,5.2,7.2,44.0,43.0,1005.0,350.0,0.0,,60.0
2025-07-05 20:00:00,7.5,7.9,,7.2,,68.0,5.0,7.1,60.0,51.0,1004.5,203.0,0.0,,90.0
2025-07-05 21:00:00,7.6,8.1,,7.0,,67.0,4.5,6.7,53.0,56.0,1003.6,155.0,0.0,,90.0
2025-07-05 22:00:00,7.0,7.1,,6.8,,67.0,4.6,7.2,53.0,52.0,1002.6,68.0,0.0,,90.0
2025-07-05 23:00:00,6.3,6.8,,5.8,,77.0,4.7,7.2,40.0,52.0,1001.6,34.0,0.1,,90.0
2025-07-06 00:00:00,5.7,5.8,,5.6,,84.0,5.0,7.9,65.0,48.0,1000.9,23.0,0.3,,90.0
2025-07-06 01:00:00,5.8,6.0,,5.6,,88.0,5.4,8.4,69.0,63.0,1000.0,11.0,1.2,,100.0
2025-07-06 02:00:00,6.0,6.2,,5.8,,92.0,5.2,8.1,63.0,65.0,998.9,5.0,1.9,,90.0
2025-07-06 03:00:00,6.1,6.5,,5.9,,96.0,5.5,8.2,74.0,65.0,997.6,4.0,2.2,,100.0
2025-07-06 04:00:00,7.0,7.7,,6.5,,97.0,6.3,8.9,95.0,78.0,996.0,3.0,2.2,,90.0
2025-07-06 05:00:00,8.3,8.6,,7.7,,92.0,8.0,12.1,116.0,112.0,994.4,4.0,1.1,,90.0
2025-07-06 06:00:00,8.6,8.7,8.7,8.5,5.6,89.0,7.8,11.6,121.0,122.0,993.4,6.0,1.1,10.1,90.0
2025-07-06 07:00:00,8.6,8.8,,8.6,,87.0,7.5,11.6,115.0,120.0,992.2,8.0,1.4,,90.0
2025-07-06 08:00:00,8.8,9.0,,8.7,,86.0,8.1,12.9,120.0,119.0,990.9,13.0,1.9,,90.0
2025-07-06 09:00:00,8.8,9.0,,8.7,,87.0,8.8,12.9,135.0,131.0,991.0,14.0,2.9,,90.0
2025-07-06 10:00:00,8.7,8.9,,8.5,,88.0,6.1,11.0,163.0,139.0,991.7,19.0,3.8,,90.0
2025-07-06 11:00:00,7.4,8.6,,7.0,,94.0,4.7,9.2,182.0,228.0,991.3,29.0,5.2,,90.0
2025-07-06 12:00:00,7.1,7.7,,6.8,,93.0,8.6,18.1,188.0,183.0,991.4,33.0,4.9,,90.0
2025-07-06 13:00:00,6.5,6.8,,6.3,,92.0,17.1,25.5,195.0,193.0,991.3,18.0,1.9,,100.0
2025-07-06 14:00:00,6.2,6.4,,6.0,,92.0,16.7,22.6,195.0,195.0,992.2,25.0,0.6,,100.0
2025-07-06 15:00:00,5.9,6.0,,5.8,,92.0,18.9,24.5,201.0,200.0,992.8,36.0,0.9,,90.0
2025-07-06 16:00:00,5.8,6.0,,5.7,,91.0,18.4,24.9,202.0,200.0,993.8,42.0,2.7,,90.0
2025-07-06 17:00:00,5.6,5.9,,5.5,,91.0,15.7,21.4,197.0,199.0,994.8,41.0,2.5,,90.0
2025-07-06 18:00:00,5.6,5.7,9.0,5.4,5.4,93.0,11.1,18.7,191.0,194.0,995.9,49.0,3.3,,90.0
2025-07-06 19:00:00,5.8,6.0,,5.7,,93.0,9.5,14.7,196.0,195.0,996.2,45.0,4.0,,100.0
2025-07-06 20:00:00,5.8,6.1,,5.6,,92.0,11.6,18.3,187.0,195.0,996.6,42.0,2.1,,100.0
2025-07-06 21:00:00,5.8,6.1,,5.6,,95.0,6.8,11.5,171.0,182.0,997.1,24.0,2.1,,100.0
2025-07-06 22:00:00,6.4,6.7,,6.0,,92.0,8.5,15.0,174.0,181.0,997.2,21.0,1.5,,100.0
2025-07-06 23:00:00,6.7,7.2,,6.0,,94.0,5.5,10.1,156.0,161.0,997.6,15.0,1.0,,100.0
2025-07-07 00:00:00,7.1,7.3,,7.0,,91.0,5.9,12.6,150.0,162.0,997.7,12.0,0.9,,100.0
2025-07-07 01:00:00,6.0,7.1,,5.6,,96.0,2.9,5.0,100.0,88.0,997.7,12.0,1.0,,100.0
2025-07-07 02:00:00,5.7,5.9,,5.5,,97.0,4.2,8.2,36.0,42.0,997.3,9.0,0.3,,100.0
2025-07-07 03:00:00,6.4,6.8,,5.6,,95.0,6.2,10.3,41.0,36.0,996.9,4.0,0.2,,100.0
2025-07-07 04:00:00,5.4,5.6,,5.2,,98.0,6.8,10.3,36.0,34.0,996.2,2.0,1.1,,100.0
2025-07-07 05:00:00,5.4,5.5,,5.2,,98.0,5.9,9.4,45.0,43.0,995.7,3.0,1.7,,90.0
2025-07-07 06:00:00,5.3,5.4,7.3,5.1,5.1,98.0,5.3,8.7,36.0,41.0,995.2,6.0,1.0,48.9,100.0
2025-07-07 07:00:00,5.2,5.4,,5.1,,98.0,5.6,8.1,46.0,41.0,994.3,14.0,0.2,,
2025-07-07 08:00:00,5.3,5.4,,5.1,,98.0,4.3,7.7,25.0,40.0,993.8,21.0,0.0,,90.0
2025-07-07 09:00:00,5.0,5.4,,4.4,,98.0,4.0,6.7,26.0,14.0,993.1,73.0,0.0,,90.0
2025-07-07 10:00:00,5.5,5.7,,5.4,,97.0,4.8,7.3,29.0,28.0,992.7,115.0,0.0,,90.0
2025-07-07 11:00:00,5.8,6.1,,5.6,,96.0,4.8,7.1,37.0,33.0,992.0,115.0,0.0,,90.0
2025-07-07 12:00:00,5.9,6.2,,5.8,,96.0,4.9,7.7,52.0,42.0,991.4,116.0,0.0,,90.0
2025-07-07 13:00:00,6.5,6.9,,6.1,,92.0,5.6,8.6,61.0,56.0,991.2,163.0,0.0,,90.0
2025-07-07 14:00:00,7.1,7.5,,6.8,,89.0,5.8,9.0,59.0,57.0,990.8,225.0,0.0,,90.0
2025-07-07 15:00:00,7.6,7.8,,7.3,,87.0,4.6,8.4,49.0,57.0,990.6,202.0,0.2,,90.0
2025-07-07 16:00:00,7.1,7.5,,6.7,,89.0,4.3,7.3,35.0,42.0,990.0,159.0,0.3,,90.0
2025-07-07 17:00:00,6.9,7.2,,6.6,,88.0,4.3,7.4,50.0,34.0,990.1,128.0,0.3,,100.0
2025-07-07 18:00:00,7.4,7.9,7.9,7.2,4.4,88.0,2.1,4.7,33.0,42.0,990.1,130.0,0.9,,100.0
2025-07-07 19:00:00,6.7,7.4,,6.2,,93.0,0.6,2.7,0.0,17.0,990.3,115.0,0.6,,90.0
2025-07-07 20:00:00,7.3,8.4,,5.9,,93.0,2.8,6.3,263.0,204.0,990.8,83.0,0.3,,100.0
2025-07-07 21:00:00,5.6,5.9,,5.3,,94.0,5.0,8.5,271.0,266.0,990.8,46.0,0.0,,100.0
2025-07-07 22:00:00,5.1,5.3,,4.8,,95.0,3.9,7.8,279.0,276.0,990.8,55.0,0.0,,100.0
2025-07-07 23:00:00,4.9,5.0,,4.9,,96.0,3.1,5.7,288.0,285.0,990.7,46.0,0.0,,100.0
2025-07-08 00:00:00,4.9,5.0,,4.9,,96.0,2.6,5.1,304.0,291.0,990.7,33.0,0.0,,100.0
2025-07-08 01:00:00,5.0,5.1,,4.9,,96.0,2.6,4.6,285.0,285.0,990.3,13.0,0.0,,100.0
2025-07-08 02:00:00,5.0,5.1,,4.9,,96.0,2.6,5.4,277.0,281.0,989.8,9.0,0.1,,100.0
2025-07-08 03:00:00,5.1,5.2,,5.0,,97.0,2.5,4.7,276.0,276.0,989.3,6.0,0.0,,100.0
2025-07-08 04:00:00,5.3,5.5,,5.2,,96.0,2.9,5.7,277.0,275.0,989.0,6.0,0.1,,100.0
2025-07-08 05:00:00,5.6,6.0,,5.4,,95.0,3.9,6.4,268.0,273.0,989.2,8.0,0.0,,100.0
2025-07-08 06:00:00,5.8,6.0,8.4,5.4,4.8,97.0,4.0,7.7,272.0,265.0,989.8,8.0,0.2,3.2,100.0
2025-07-08 07:00:00,5.4,5.5,,5.3,,98.0,4.8,7.9,227.0,244.0,990.6,8.0,0.7,,100.0
2025-07-08 08:00:00,5.0,5.4,,4.1,,98.0,7.2,12.7,212.0,212.0,991.5,17.0,1.3,,100.0
2025-07-08 09:00:00,3.7,4.1,,3.4,,96.0,9.8,12.7,211.0,211.0,992.2,32.0,0.1,,100.0
2025-07-08 10:00:00,3.3,3.5,,3.2,,96.0,8.2,12.6,237.0,224.0,993.0,56.0,0.7,,100.0
2025-07-08 11:00:00,3.5,3.7,,3.4,,94.0,6.4,10.1,224.0,234.0,993.7,70.0,0.6,,100.0
2025-07-08 12:00:00,3.7,3.9,,3.6,,93.0,5.6,8.8,213.0,218.0,994.5,130.0,0.2,,100.0
2025-07-08 13:00:00,4.1,4.5,,3.7,,92.0,4.2,7.1,240.0,230.0,994.9,252.0,0.3,,100.0
2025-07-08 14:00:00,4.4,4.6,,4.3,,89.0,3.1,4.9,202.0,211.0,995.5,214.0,0.0,,100.0
2025-07-08 15:00:00,5.1,5.6,,4.5,,86.0,1.2,4.6,0.0,256.0,995.7,395.0,0.0,,100.0
2025-07-08 16:00:00,5.1,5.5,,4.8,,84.0,0.3,2.4,330.0,336.0,995.8,383.0,0.0,,100.0
2025-07-08 17:00:00,5.4,5.9,,5.1,,83.0,0.7,3.1,0.0,321.0,996.0,425.0,0.0,,100.0
2025-07-08 18:00:00,5.3,5.5,5.9,5.1,3.2,81.0,0.0,2.7,0.0,0.0,996.2,355.0,0.0,,100.0
2025-07-08 19:00:00,5.6,6.2,,5.3,,80.0,0.0,2.8,290.0,0.0,996.6,401.0,0.0,,90.0
2025-07-08 20:00:00,5.8,6.1,,5.2,,79.0,2.1,4.6,292.0,283.0,996.9,353.0,0.0,,90.0
2025-07-08 21:00:00,5.1,5.4,,4.9,,82.0,2.8,4.5,293.0,287.0,997.4,310.0,0.0,,90.0
2025-07-08 22:00:00,4.7,5.1,,4.4,,83.0,2.8,4.8,281.0,285.0,998.0,197.0,0.0,,90.0
2025-07-08 23:00:00,4.4,4.6,,4.3,,85.0,2.6,4.9,276.0,277.0,998.5,142.0,0.0,,100.0
2025-07-09 00:00:00,4.3,4.4,,4.3,,85.0,2.6,5.5,271.0,276.0,998.9,90.0,0.0,,100.0
2025-07-09 01:00:00,4.1,4.3,,3.9,,87.0,2.9,5.0,271.0,272.0,999.0,49.0,0.0,,100.0
2025-07-09 02:00:00,3.8,3.9,,3.8,,90.0,2.6,4.8,266.0,268.0,999.3,20.0,0.0,,100.0
2025-07-09 03:00:00,3.6,3.8,,3.4,,92.0,3.1,5.4,275.0,271.0,999.4,11.0,0.0,,90.0
2025-07-09 04:00:00,3.4,3.5,,3.3,,94.0,2.0,4.6,262.0,263.0,999.5,9.0,0.0,,60.0
2025-07-09 05:00:00,3.1,3.3,,3.1,,95.0,2.7,4.3,269.0,263.0,999.5,11.0,0.0,,90.0
2025-07-09 06:00:00,3.1,3.2,6.2,3.0,3.0,96.0,2.3,4.4,217.0,260.0,999.5,14.0,0.0,3.9,90.0
2025-07-09 07:00:00,3.2,3.3,,3.1,,96.0,2.2,3.8,247.0,229.0,999.8,30.0,0.0,,90.0
2025-07-09 08:00:00,3.3,3.5,,3.1,,96.0,2.6,4.1,211.0,220.0,1000.0,53.0,0.0,,90.0
2025-07-09 09:00:00,3.5,3.7,,3.4,,92.0,1.8,3.9,240.0,247.0,999.9,74.0,0.0,,100.0
2025-07-09 10:00:00,3.7,3.9,,3.5,,90.0,3.2,4.6,229.0,220.0,1000.0,124.0,0.0,,90.0
2025-07-09 11:00:00,4.4,4.9,,3.9,,87.0,3.5,5.0,201.0,204.0,999.9,214.0,0.0,,90.0
2025-07-09 12:00:00,5.2,5.6,,4.8,,83.0,4.3,5.7,204.0,204.0,999.8,325.0,0.0,,100.0
2025-07-09 13:00:00,5.7,6.2,,5.4,,80.0,5.1,7.2,212.0,205.0,999.7,452.0,0.0,,60.0
2025-07-09 14:00:00,6.1,6.7,,5.6,,79.0,4.5,7.1,222.0,220.0,999.5,567.0,0.0,,60.0
2025-07-09 15:00:00,5.7,6.8,,5.1,,80.0,4.1,7.1,244.0,255.0,999.4,533.0,0.0,,90.0
2025-07-09 16:00:00,5.8,6.6,,5.2,,81.0,4.1,6.8,257.0,249.0,999.2,762.0,0.0,,90.0
2025-07-09 17:00:00,5.9,6.3,,5.4,,81.0,3.6,6.4,235.0,253.0,999.0,562.0,0.0,,90.0
2025-07-09 18:00:00,5.6,6.0,6.8,5.0,3.1,82.0,3.2,6.2,271.0,257.0,999.3,439.0,0.0,,90.0
2025-07-09 19:00:00,4.0,5.0,,3.3,,89.0,2.9,5.6,281.0,282.0,999.5,171.0,0.0,,90.0
2025-07-09 20:00:00,3.5,3.7,,3.2,,94.0,2.1,4.5,274.0,272.0,999.7,95.0,0.0,,90.0
2025-07-09 21:00:00,4.3,5.0,,3.6,,93.0,0.0,2.2,0.0,0.0,999.9,230.0,0.0,,90.0
2025-07-09 22:00:00,3.8,5.2,,3.3,,92.0,2.6,5.9,291.0,283.0,1000.2,191.0,0.0,,90.0
2025-07-09 23:00:00,3.7,4.1,,3.4,,90.0,0.6,2.9,256.0,269.0,1000.4,108.0,0.0,,100.0
2025-07-10 00:00:00,4.2,4.5,,3.8,,86.0,1.8,3.9,243.0,253.0,1000.4,125.0,0.0,,40.0
2025-07-10 01:00:00,3.9,4.2,,3.7,,87.0,1.8,3.5,251.0,235.0,1000.9,84.0,0.0,,0.0
2025-07-10 02:00:00,3.4,3.9,,3.1,,90.0,2.9,5.0,225.0,241.0,1001.2,39.0,0.0,,0.0
2025-07-10 03:00:00,3.0,3.1,,2.8,,94.0,3.2,5.3,211.0,236.0,1001.3,13.0,0.0,,90.0
2025-07-10 04:00:00,2.9,3.1,,2.7,,95.0,3.5,5.3,222.0,224.0,1001.4,7.0,0.0,,100.0
2025-07-10 05:00:00,2.5,2.7,,2.3,,97.0,3.3,5.1,222.0,244.0,1001.5,7.0,0.0,,100.0
2025-07-10 06:00:00,2.1,2.4,5.2,1.8,1.8,98.0,3.7,5.7,248.0,229.0,1001.9,13.0,0.0,0.0,
2025-07-10 07:00:00,1.7,2.0,,1.5,,98.0,3.7,5.5,224.0,213.0,1002.2,23.0,0.0,,
2025-07-10 08:00:00,1.3,1.6,,1.1,,98.0,3.2,5.3,224.0,225.0,1002.4,52.0,0.0,,
2025-07-10 09:00:00,1.3,1.5,,1.1,,98.0,2.5,4.5,231.0,214.0,1002.9,81.0,0.0,,
2025-07-10 10:00:00,1.0,1.4,,0.8,,98.0,2.8,4.3,170.0,188.0,1003.4,141.0,0.0,,
2025-07-10 11:00:00,1.4,1.8,,0.9,,98.0,2.4,5.4,183.0,181.0,1003.7,173.0,0.0,,90.0
2025-07-10 12:00:00,1.9,2.3,,1.6,,98.0,1.4,4.1,179.0,175.0,1003.8,222.0,0.0,,90.0
2025-07-10 13:00:00,2.9,3.9,,2.2,,97.0,1.1,3.2,166.0,175.0,1003.9,292.0,0.0,,90.0
2025-07-10 14:00:00,3.1,4.0,,2.6,,94.0,1.0,2.7,4.0,20.0,1003.9,405.0,0.0,,90.0
2025-07-10 15:00:00,3.4,3.8,,3.0,,93.0,2.8,4.8,5.0,1.0,1004.0,596.0,0.0,,40.0
2025-07-10 16:00:00,3.5,4.0,,3.1,,94.0,3.8,5.2,23.0,8.0,1004.0,647.0,0.0,,
2025-07-10 17:00:00,3.4,3.9,,3.0,,95.0,4.2,6.0,24.0,22.0,1004.1,607.0,0.0,,90.0
2025-07-10 18:00:00,3.6,4.2,4.2,3.2,0.8,95.0,4.6,6.6,14.0,17.0,1004.0,576.0,0.0,,90.0
2025-07-10 19:00:00,4.7,6.1,,3.5,,91.0,5.1,8.5,28.0,21.0,1004.0,607.0,0.0,,0.0
2025-07-10 20:00:00,7.2,7.8,,6.1,,81.0,5.5,7.7,44.0,39.0,1003.9,524.0,0.0,,0.0
2025-07-10 21:00:00,7.9,8.4,,7.6,,77.0,5.6,8.1,49.0,51.0,1003.9,435.0,0.0,,0.0
2025-07-10 22:00:00,7.8,8.1,,7.5,,78.0,5.5,8.3,51.0,47.0,1003.8,331.0,0.0,,0.0
2025-07-10 23:00:00,8.2,8.5,,7.7,,77.0,5.4,8.2,58.0,57.0,1003.7,239.0,0.0,,0.0
2025-07-11 00:00:00,8.1,8.3,,7.9,,77.0,4.8,8.1,65.0,61.0,1003.6,140.0,0.0,,0.0
2025-07-11 01:00:00,7.6,7.9,,7.3,,78.0,4.5,6.5,78.0,70.0,1003.4,53.0,0.0,,0.0
2025-07-11 02:00:00,7.4,7.5,,7.2,,78.0,4.7,6.5,76.0,77.0,1003.4,29.0,0.0,,0.0
2025-07-11 03:00:00,7.0,7.3,,6.8,,80.0,5.4,7.6,74.0,77.0,1003.2,14.0,0.0,,10.0
2025-07-11 04:00:00,6.9,7.1,,6.7,,79.0,6.3,8.0,75.0,73.0,1002.7,12.0,0.0,,90.0
2025-07-11 05:00:00,6.4,6.9,,6.3,,81.0,5.3,7.1,77.0,80.0,1002.7,14.0,0.0,,0.0
2025-07-11 06:00:00,6.5,7.0,8.5,6.2,3.5,80.0,4.9,6.2,85.0,81.0,1002.6,29.0,0.0,0.0,10.0
2025-07-11 07:00:00,7.2,7.5,,6.9,,74.0,5.0,6.2,88.0,87.0,1002.5,60.0,0.0,,40.0
2025-08-17 12:00:00,4.9,5.3,5.3,4.7,3.7,67.0,9.5,14.0,28.0,28.0,1012.8,216.0,0.0,0.0,100.0
2025-08-17 13:00:00,5.2,5.8,,5.0,,66.0,8.2,12.5,41.0,32.0,1012.9,243.0,0.0,,100.0
2025-08-17 14:00:00,5.6,5.9,,5.3,,66.0,6.8,10.0,40.0,43.0,1012.7,230.0,0.0,,100.0
2025-08-17 15:00:00,5.6,6.0,,5.4,,68.0,6.0,9.2,81.0,44.0,1013.1,239.0,0.0,,100.0
2025-08-17 16:00:00,5.8,6.1,,5.7,,68.0,4.8,8.0,37.0,43.0,1012.5,269.0,0.0,,100.0
2025-08-17 17:00:00,6.5,7.4,,5.7,,66.0,4.1,8.4,51.0,56.0,1013.5,336.0,0.0,,100.0
2025-08-17 18:00:00,6.7,7.4,7.4,6.1,4.1,66.0,3.1,5.5,28.0,22.0,1013.9,271.0,0.0,0.0,100.0
2025-08-17 19:00:00,6.6,7.3,,5.9,,68.0,1.1,3.2,50.0,21.0,1014.1,183.0,0.0,,100.0
2025-08-17 20:00:00,7.0,7.6,,6.4,,70.0,0.1,2.2,0.0,77.0,1014.6,186.0,0.0,,60.0
2025-08-17 21:00:00,7.7,8.2,,6.8,,66.0,0.7,3.7,178.0,159.0,1014.8,90.0,0.0,,100.0
2025-08-17 22:00:00,7.5,7.9,,7.4,,62.0,3.3,6.3,195.0,196.0,1015.2,48.0,0.0,,100.0
2025-08-17 23:00:00,7.5,7.5,,7.4,,60.0,4.0,6.1,193.0,193.0,1015.2,20.0,0.0,,100.0
2025-08-18 00:00:00,6.5,7.4,8.2,5.7,5.0,74.0,1.2,4.6,0.0,196.0,1016.0,5.0,0.0,0.0,100.0
2025-08-18 01:00:00,5.6,5.7,,5.3,,84.0,0.0,1.6,0.0,0.0,1016.1,0.0,0.0,,100.0
2025-08-18 02:00:00,5.3,5.3,,5.2,,87.0,0.0,0.0,0.0,0.0,1016.3,0.0,0.0,,100.0
2025-08-18 03:00:00,5.5,5.5,,5.3,,86.0,0.0,0.0,0.0,0.0,1016.4,0.0,0.0,,100.0
2025-08-18 04:00:00,5.5,5.6,,5.3,,85.0,0.0,0.9,0.0,0.0,1015.8,0.0,0.0,,100.0
2025-08-18 05:00:00,5.4,5.8,,5.1,,83.0,2.0,3.6,56.0,28.0,1016.0,0.0,0.0,,100.0
2025-08-18 06:00:00,5.6,6.1,8.2,5.3,5.1,78.0,3.1,6.0,71.0,42.0,1015.7,0.0,0.1,0.1,90.0
2025-08-18 07:00:00,5.5,5.9,,5.2,,83.0,2.8,4.9,80.0,49.0,1016.4,0.0,0.0,,100.0
2025-08-18 08:00:00,6.0,6.3,,5.5,,80.0,3.2,5.7,41.0,59.0,1016.2,2.0,0.0,,100.0
2025-08-18 09:00:00,6.6,7.0,,5.8,,76.0,5.4,9.2,65.0,60.0,1016.5,15.0,0.0,,100.0
2025-08-18 10:00:00,6.6,7.0,,6.4,,75.0,6.2,8.7,69.0,70.0,1017.0,14.0,0.0,,100.0
2025-08-18 11:00:00,6.8,7.1,,6.5,,79.0,5.6,9.9,59.0,67.0,1016.8,28.0,0.0,,100.0
2025-08-18 12:00:00,7.1,8.2,8.2,6.7,5.1,82.0,6.1,9.7,88.0,82.0,1018.1,66.0,0.0,0.1,100.0
2025-08-18 13:00:00,8.4,8.9,,8.1,,78.0,4.4,7.7,85.0,81.0,1019.2,60.0,0.0,,100.0
2025-08-18 14:00:00,8.6,9.1,,8.1,,80.0,3.6,6.4,66.0,70.0,1020.3,83.0,0.1,,100.0
2025-08-18 15:00:00,7.3,8.8,,6.1,,87.0,0.9,5.4,0.0,58.0,1021.4,83.0,0.1,,100.0
2025-08-18 16:00:00,6.4,6.7,,6.0,,93.0,0.1,2.4,0.0,5.0,1021.9,115.0,0.3,,100.0
2025-08-18 17:00:00,6.2,6.5,,6.1,,94.0,0.0,0.0,0.0,0.0,1022.2,74.0,0.7,,90.0
2025-08-18 18:00:00,6.4,6.5,9.1,6.1,5.2,96.0,0.2,2.1,0.0,11.0,1022.6,79.0,0.5,1.6,100.0
2025-08-18 19:00:00,6.2,6.4,,6.0,,97.0,0.3,2.5,13.0,11.0,1022.7,59.0,0.4,,75.0
2025-08-18 20:00:00,7.0,8.4,,6.4,,98.0,1.2,4.1,60.0,35.0,1022.7,62.0,0.6,,100.0
2025-08-18 21:00:00,8.4,8.7,,8.1,,95.0,2.7,5.0,82.0,73.0,1023.0,43.0,0.2,,100.0
2025-08-18 22:00:00,8.5,8.7,,8.3,,96.0,2.0,3.4,93.0,86.0,1023.3,26.0,0.7,,100.0
2025-08-18 23:00:00,8.4,8.5,,8.3,,96.0,3.2,4.5,82.0,84.0,1023.6,12.0,0.5,,100.0
2025-08-19 00:00:00,8.0,8.3,9.1,6.9,6.0,95.0,1.8,3.6,0.0,86.0,1023.7,3.0,0.1,4.1,100.0
2025-08-19 01:00:00,6.5,7.5,,5.8,,98.0,0.1,3.7,62.0,56.0,1023.3,0.0,0.2,,100.0
2025-08-19 02:00:00,8.2,9.0,,6.4,,94.0,4.2,7.4,89.0,72.0,1023.1,0.0,0.0,,100.0
2025-08-19 03:00:00,8.7,9.1,,8.2,,93.0,5.2,7.9,74.0,74.0,1023.0,0.0,0.1,,100.0
2025-08-19 04:00:00,9.2,9.7,,8.6,,93.0,6.2,9.1,68.0,70.0,1022.9,0.0,0.4,,100.0
2025-08-19 05:00:00,9.2,9.7,,8.2,,91.0,4.6,8.3,71.0,66.0,1022.8,0.0,0.4,,100.0
2025-08-19 06:00:00,7.5,9.0,9.7,5.9,5.8,94.0,1.8,6.0,12.0,53.0,1022.9,0.0,0.4,5.5,100.0
2025-08-19 07:00:00,6.4,7.3,,5.9,,97.0,0.5,4.2,289.0,324.0,1023.8,0.0,0.2,,100.0
2025-08-19 08:00:00,6.5,7.7,,6.0,,95.0,0.0,1.4,353.0,0.0,1023.9,2.0,0.4,,100.0
2025-08-19 09:00:00,6.6,7.2,,5.9,,95.0,0.0,0.6,0.0,0.0,1024.3,11.0,0.2,,100.0
2025-08-19 10:00:00,6.4,6.9,,6.0,,95.0,0.0,0.4,0.0,0.0,1024.1,23.0,0.4,,100.0
2025-08-19 11:00:00,7.6,8.0,,7.0,,96.0,0.0,1.3,251.0,0.0,1024.5,37.0,0.4,,100.0
2025-08-19 12:00:00,7.8,8.1,9.7,7.6,5.8,95.0,0.4,3.9,276.0,282.0,1024.5,51.0,0.2,7.4,100.0
2025-08-19 13:00:00,7.6,8.0,,7.1,,94.0,2.7,5.3,289.0,285.0,1024.9,91.0,0.0,,100.0
2025-08-19 14:00:00,7.3,7.6,,7.0,,93.0,3.0,5.5,297.0,297.0,1024.7,109.0,0.0,,100.0
2025-08-19 15:00:00,7.4,7.6,,7.3,,93.0,3.3,5.9,288.0,297.0,1024.5,173.0,0.0,,100.0
2025-08-19 16:00:00,7.4,7.5,,7.2,,93.0,2.9,6.3,286.0,289.0,1024.2,191.0,0.0,,100.0
2025-08-19 17:00:00,7.6,7.9,,7.3,,94.0,1.9,4.2,282.0,285.0,1024.1,192.0,0.0,,100.0
2025-08-19 18:00:00,7.9,8.1,8.1,7.8,5.9,93.0,1.6,3.8,327.0,293.0,1023.5,253.0,0.0,5.8,100.0
2025-08-19 19:00:00,8.2,8.5,,8.0,,94.0,1.0,3.0,325.0,325.0,1023.0,204.0,0.0,,100.0
2025-08-19 20:00:00,7.9,8.2,,7.5,,95.0,0.8,3.1,0.0,10.0,1022.5,152.0,0.0,,100.0
2025-08-19 21:00:00,7.6,8.1,,7.1,,95.0,0.9,4.9,0.0,24.0,1022.3,92.0,0.0,,100.0
2025-08-19 22:00:00,8.1,8.3,,7.2,,95.0,0.0,1.2,275.0,0.0,1021.9,59.0,0.0,,100.0
2025-08-19 23:00:00,7.8,8.3,,7.7,,95.0,0.8,3.0,266.0,277.0,1021.8,32.0,0.0,,100.0
2025-08-20 00:00:00,7.6,7.7,8.5,7.6,7.0,97.0,1.6,3.9,264.0,263.0,1022.0,5.0,0.0,3.3,100.0
2025-08-20 01:00:00,7.5,7.6,,7.3,,98.0,1.0,3.1,0.0,254.0,1022.1,0.0,0.0,,75.0
2025-08-20 02:00:00,7.3,7.5,,7.0,,99.0,0.3,2.4,0.0,272.0,1021.8,0.0,0.0,,100.0
2025-08-20 03:00:00,7.0,7.2,,6.9,,100.0,0.7,2.9,0.0,178.0,1022.1,0.0,0.0,,100.0
2025-08-20 04:00:00,7.2,7.5,,6.9,,100.0,0.3,3.0,0.0,123.0,1022.1,0.0,0.0,,100.0
2025-08-20 05:00:00,7.9,8.6,,7.4,,97.0,0.5,2.7,0.0,109.0,1022.0,0.0,0.0,,100.0
2025-08-20 06:00:00,8.2,8.5,8.6,7.9,6.9,95.0,0.0,0.0,0.0,0.0,1022.0,0.0,0.2,2.0,100.0
2025-08-20 07:00:00,8.3,8.4,,8.1,,95.0,0.0,0.4,0.0,0.0,1022.2,0.0,0.0,,100.0
2025-08-20 08:00:00,8.6,9.0,,8.3,,92.0,0.0,0.3,0.0,0.0,1022.1,3.0,0.0,,100.0
2025-08-20 09:00:00,8.7,9.0,,8.2,,92.0,0.6,2.5,0.0,205.0,1022.3,15.0,0.1,,100.0
2025-08-20 10:00:00,7.6,8.9,,6.0,,95.0,0.9,4.5,353.0,349.0,1022.4,51.0,0.1,,100.0
2025-08-20 11:00:00,6.9,7.6,,6.0,,98.0,0.0,1.6,0.0,0.0,1022.4,106.0,0.0,,100.0
2025-08-20 12:00:00,8.2,8.5,9.0,7.7,6.0,96.0,0.5,3.6,280.0,279.0,1022.4,133.0,0.0,0.3,100.0
2025-08-20 13:00:00,8.5,8.9,,8.2,,95.0,,,,,,,,,
2025-08-20 14:00:00,8.1,9.3,,6.8,,94.0,1.8,3.6,2.0,343.0,1022.7,358.0,0.0,,100.0
2025-08-20 15:00:00,7.2,7.5,,6.9,,97.0,0.9,3.4,359.0,3.0,1022.4,187.0,0.0,,100.0
2025-08-20 16:00:00,7.6,8.2,,7.1,,98.0,0.6,3.1,0.0,12.0,1022.3,195.0,0.0,,90.0
2025-08-20 17:00:00,8.6,8.9,,8.1,,94.0,0.0,0.9,0.0,0.0,1022.2,276.0,0.0,,100.0
2025-08-20 18:00:00,8.8,8.9,9.3,8.3,6.0,93.0,0.0,0.7,0.0,0.0,1022.2,192.0,0.0,0.3,100.0
2025-08-20 19:00:00,7.8,8.3,,7.5,,96.0,0.0,0.8,0.0,0.0,1022.5,103.0,0.0,,100.0
2025-08-20 20:00:00,8.1,8.5,,7.7,,97.0,0.0,0.0,0.0,0.0,1022.8,75.0,0.0,,100.0
2025-08-20 21:00:00,7.8,8.5,,7.5,,98.0,0.0,0.0,0.0,0.0,1022.7,65.0,0.0,,100.0
2025-08-20 22:00:00,8.3,8.8,,7.1,,97.0,0.0,0.0,0.0,0.0,1022.7,15.0,0.0,,100.0
2025-08-20 23:00:00,7.9,8.6,,7.3,,99.0,0.0,0.0,0.0,0.0,1022.7,4.0,0.1,,100.0
2025-08-21 00:00:00,8.3,8.7,9.3,7.5,6.8,98.0,0.0,0.0,0.0,0.0,1022.7,0.0,0.1,0.4,100.0
2025-08-21 01:00:00,8.2,8.5,,7.9,,99.0,0.0,0.0,0.0,0.0,1022.5,0.0,0.2,,100.0
2025-08-21 02:00:00,7.8,8.1,,7.4,,99.0,0.0,0.5,0.0,0.0,1022.4,0.0,0.3,,100.0
2025-08-21 03:00:00,7.3,7.5,,7.0,,99.0,0.0,2.1,0.0,0.0,1022.2,0.0,0.3,,100.0
2025-08-21 04:00:00,6.8,7.0,,6.3,,99.0,0.7,3.6,234.0,236.0,1022.0,0.0,0.2,,100.0
2025-08-21 05:00:00,5.9,6.2,,5.6,,100.0,1.3,3.3,261.0,251.0,1021.8,0.0,0.3,,100.0
2025-08-21 06:00:00,5.4,5.6,8.8,5.3,5.3,100.0,1.1,3.3,278.0,269.0,1021.8,0.0,0.1,1.7,100.0
2025-08-21 07:00:00,5.2,5.3,,5.1,,100.0,1.6,3.5,280.0,280.0,1021.8,0.0,0.1,,100.0
2025-08-21 08:00:00,5.0,5.1,,5.0,,100.0,1.8,3.9,284.0,280.0,1021.8,3.0,0.5,,100.0
2025-08-21 09:00:00,4.9,5.0,,4.8,,100.0,2.4,5.1,284.0,286.0,1021.6,14.0,0.1,,100.0
2025-08-21 10:00:00,4.8,4.8,,4.7,,100.0,2.3,4.4,282.0,281.0,1021.5,29.0,0.0,,100.0
2025-08-21 11:00:00,4.9,5.0,,4.7,,99.0,2.4,5.0,271.0,273.0,1021.5,46.0,0.1,,40.0
2025-08-21 12:00:00,4.8,4.9,8.5,4.7,4.7,98.0,2.6,4.8,272.0,271.0,1021.5,73.0,0.1,2.3,100.0
2025-08-21 13:00:00,4.7,4.8,,4.6,,98.0,3.0,5.5,287.0,283.0,1021.4,95.0,0.0,,75.0
2025-08-21 14:00:00,4.5,4.7,,4.4,,98.0,3.2,5.4,286.0,286.0,1021.0,116.0,0.0,,100.0
2025-08-21 15:00:00,4.4,4.5,,4.2,,97.0,3.4,6.0,285.0,283.0,1020.8,139.0,0.0,,100.0
2025-08-21 16:00:00,4.4,4.5,,4.2,,96.0,2.8,5.1,273.0,278.0,1020.6,144.0,0.0,,100.0
2025-08-21 17:00:00,4.2,4.6,,4.0,,96.0,2.8,5.4,280.0,277.0,1020.0,141.0,0.0,,100.0
2025-08-21 18:00:00,3.9,4.0,5.3,3.7,3.7,96.0,3.5,6.6,281.0,278.0,1019.8,117.0,0.0,2.3,100.0
2025-08-21 19:00:00,3.6,3.7,,3.5,,98.0,3.5,6.4,282.0,280.0,1019.6,101.0,0.0,,100.0
2025-08-21 20:00:00,3.6,3.8,,3.5,,97.0,3.6,6.2,280.0,286.0,1019.3,131.0,0.0,,100.0
2025-08-21 21:00:00,3.5,3.6,,3.5,,98.0,3.8,6.3,286.0,282.0,1018.8,128.0,0.0,,100.0
2025-08-21 22:00:00,3.6,3.7,,3.5,,99.0,3.5,6.3,283.0,283.0,1018.9,105.0,0.0,,100.0
2025-08-21 23:00:00,3.6,3.8,,3.6,,100.0,2.8,4.9,287.0,295.0,1018.8,43.0,0.0,,100.0
2025-08-22 00:00:00,3.7,3.9,4.8,3.6,3.5,100.0,2.5,4.6,305.0,287.0,1018.4,11.0,0.0,2.1,100.0
2025-08-22 01:00:00,4.0,4.2,,3.9,,100.0,2.4,5.1,306.0,316.0,1018.2,0.0,0.1,,100.0
2025-08-22 02:00:00,4.1,4.2,,4.1,,100.0,2.5,4.9,305.0,304.0,1018.0,0.0,0.1,,100.0
2025-08-22 03:00:00,4.1,4.2,,3.9,,100.0,2.0,4.3,284.0,289.0,1017.7,0.0,0.0,,100.0
2025-08-22 04:00:00,3.8,3.9,,3.5,,100.0,2.0,4.1,269.0,273.0,1017.4,0.0,0.0,,100.0
2025-08-22 05:00:00,3.6,4.0,,3.3,,100.0,2.4,4.9,240.0,256.0,1017.3,0.0,0.0,,40.0
2025-08-22 06:00:00,3.9,4.2,4.2,3.7,3.3,99.0,2.5,3.9,227.0,224.0,1017.2,0.0,0.0,0.8,
2025-08-22 07:00:00,4.2,4.5,,3.8,,91.0,2.4,3.7,228.0,244.0,1017.1,0.0,0.0,,
2025-08-22 08:00:00,4.0,4.2,,3.8,,92.0,3.1,5.7,235.0,236.0,1017.4,6.0,0.0,,
2025-08-22 09:00:00,4.4,4.6,,3.9,,91.0,2.3,4.7,232.0,231.0,1017.4,62.0,0.0,,
2025-08-22 10:00:00,4.8,5.0,,4.6,,92.0,2.6,5.0,263.0,248.0,1017.6,145.0,0.0,,
2025-08-22 11:00:00,5.0,5.1,,4.9,,93.0,2.8,5.4,276.0,274.0,1017.7,178.0,0.0,,90.0
2025-08-22 12:00:00,5.3,5.5,5.5,5.0,3.3,93.0,2.5,5.0,272.0,273.0,1017.7,286.0,0.0,0.1,90.0
2025-08-22 13:00:00,5.3,5.6,,5.1,,92.0,3.7,6.5,276.0,272.0,1017.8,286.0,0.0,,100.0
2025-08-22 14:00:00,4.9,5.1,,4.7,,95.0,4.1,6.7,274.0,275.0,1017.7,209.0,0.0,,100.0
2025-08-22 15:00:00,4.6,5.0,,4.4,,96.0,4.0,7.1,279.0,281.0,1017.8,225.0,0.0,,100.0
2025-08-22 16:00:00,4.6,4.9,,4.2,,98.0,3.2,5.8,283.0,278.0,1017.5,315.0,0.0,,100.0
2025-08-22 17:00:00,4.0,4.2,,3.8,,98.0,3.0,6.0,302.0,294.0,1017.6,272.0,0.0,,100.0
2025-08-22 18:00:00,4.1,4.2,5.6,3.9,3.8,99.0,2.3,5.3,300.0,295.0,1017.5,182.0,0.0,0.1,100.0
2025-08-22 19:00:00,3.9,4.1,,3.7,,99.0,1.1,3.6,299.0,330.0,1017.7,156.0,0.0,,100.0
2025-08-22 20:00:00,3.9,4.1,,3.6,,99.0,1.4,3.4,284.0,282.0,1017.7,152.0,0.0,,100.0
2025-08-22 21:00:00,3.7,3.9,,3.3,,99.0,1.9,4.2,279.0,282.0,1017.7,106.0,0.0,,100.0
2025-08-22 22:00:00,3.3,3.4,,3.1,,100.0,1.4,3.6,287.0,284.0,1017.4,64.0,0.0,,100.0
2025-08-22 23:00:00,3.3,3.4,,3.1,,100.0,0.6,3.2,223.0,286.0,1017.4,25.0,0.0,,100.0
2025-08-23 00:00:00,3.0,3.3,5.6,2.7,2.7,100.0,0.4,2.2,190.0,211.0,1017.1,7.0,0.0,0.1,100.0
2025-08-23 01:00:00,2.4,2.8,,1.8,,100.0,2.0,3.1,180.0,180.0,1017.0,0.0,0.0,,100.0
2025-08-23 02:00:00,1.8,1.9,,1.7,,100.0,2.7,3.7,181.0,179.0,1016.6,0.0,0.0,,100.0
2025-08-23 03:00:00,2.0,2.2,,1.7,,100.0,3.9,5.6,176.0,179.0,1016.0,0.0,0.1,,100.0
2025-08-23 04:00:00,2.6,2.9,,2.2,,100.0,4.8,6.2,171.0,174.0,1015.7,0.0,0.1,,100.0
2025-08-23 05:00:00,2.9,3.1,,2.7,,100.0,4.7,6.7,175.0,173.0,1015.5,0.0,0.1,,100.0
2025-08-23 06:00:00,3.1,3.2,4.1,3.0,1.7,100.0,4.3,6.1,180.0,176.0,1015.2,0.0,0.0,0.2,100.0
2025-08-23 07:00:00,3.1,3.2,,3.0,,99.0,4.3,6.3,177.0,183.0,1015.1,0.0,0.1,,75.0
2025-08-23 08:00:00,3.1,3.2,,3.0,,99.0,2.5,4.3,170.0,177.0,1015.0,3.0,0.0,,100.0
2025-08-23 09:00:00,3.3,3.5,,3.1,,97.0,1.6,4.0,91.0,140.0,1015.0,12.0,0.0,,100.0
2025-08-23 10:00:00,3.5,3.7,,3.4,,94.0,1.8,4.0,107.0,97.0,1014.8,31.0,0.0,,100.0
2025-08-23 11:00:00,3.9,4.1,,3.7,,94.0,2.7,4.9,91.0,92.0,1014.7,51.0,0.0,,100.0
2025-08-23 12:00:00,4.1,4.2,4.2,4.0,1.7,91.0,4.1,6.6,30.0,39.0,1014.5,67.0,0.0,0.2,100.0
2025-08-23 13:00:00,4.2,4.3,,4.1,,88.0,4.5,6.2,25.0,30.0,1014.2,110.0,0.0,,100.0
2025-08-23 14:00:00,4.4,4.6,,4.3,,88.0,3.9,5.8,7.0,18.0,1014.0,126.0,0.0,,100.0
2025-08-23 15:00:00,4.3,4.5,,4.2,,88.0,3.8,6.0,6.0,7.0,1013.8,134.0,0.0,,100.0
2025-08-23 16:00:00,4.2,4.4,,4.1,,89.0,3.5,4.9,2.0,5.0,1013.4,150.0,0.0,,100.0
2025-08-23 17:00:00,4.3,4.5,,4.1,,89.0,3.5,4.9,2.0,5.0,1012.9,168.0,0.0,,100.0
2025-08-23 18:00:00,4.4,4.6,4.6,4.1,3.0,88.0,3.5,5.6,7.0,7.0,1012.6,180.0,0.0,0.2,100.0
2025-08-23 19:00:00,4.1,4.6,,3.9,,93.0,3.3,5.1,355.0,1.0,1012.3,164.0,0.0,,100.0
2025-08-23 20:00:00,4.1,4.2,,3.9,,93.0,1.1,3.0,360.0,2.0,1012.2,145.0,0.0,,100.0
2025-08-23 21:00:00,4.0,4.2,,3.9,,92.0,2.2,3.5,356.0,3.0,1011.9,81.0,0.0,,100.0
2025-08-23 22:00:00,3.9,4.0,,3.9,,92.0,1.5,3.3,289.0,327.0,1011.6,64.0,0.0,,75.0
2025-08-23 23:00:00,3.9,4.1,,3.8,,90.0,0.0,0.7,0.0,0.0,1011.2,51.0,0.0,,90.0
2025-08-24 00:00:00,3.6,3.9,4.6,3.4,3.4,90.0,0.0,1.1,0.0,0.0,1011.0,9.0,0.0,0.2,
2025-08-24 01:00:00,3.2,3.4,,3.1,,91.0,0.0,2.1,0.0,0.0,1010.6,0.0,0.0,,75.0
2025-08-24 02:00:00,3.3,3.4,,3.1,,90.0,0.0,0.3,0.0,0.0,1010.0,0.0,0.0,,100.0
2025-08-24 03:00:00,3.1,3.4,,2.7,,86.0,0.0,0.6,0.0,0.0,1009.6,0.0,0.0,,10.0
2025-08-24 04:00:00,2.8,3.0,,2.6,,92.0,0.9,2.4,200.0,203.0,1008.9,0.0,0.0,,
2025-08-24 05:00:00,2.7,2.9,,2.5,,89.0,0.5,2.2,0.0,196.0,1008.6,0.0,0.0,,
2025-08-24 06:00:00,2.4,2.9,4.6,1.8,1.8,92.0,1.5,2.9,0.0,172.0,1008.5,0.0,0.0,0.0,60.0
2025-08-24 07:00:00,2.4,2.6,,1.9,,97.0,0.0,1.5,0.0,0.0,1008.4,0.0,0.0,,100.0
2025-08-24 08:00:00,2.5,2.6,,2.4,,97.0,0.3,2.4,178.0,177.0,1008.2,4.0,0.0,,100.0
2025-08-24 09:00:00,2.5,2.6,,2.4,,97.0,0.5,2.3,0.0,170.0,1008.1,33.0,0.0,,75.0
2025-08-24 10:00:00,2.8,3.2,,2.6,,96.0,0.0,0.3,0.0,0.0,1008.1,80.0,0.0,,100.0
2025-08-24 11:00:00,3.6,3.9,,3.2,,91.0,0.0,0.6,0.0,0.0,1008.1,142.0,0.0,,100.0
2025-08-24 12:00:00,4.2,4.5,4.5,3.9,1.8,87.0,0.0,1.9,0.0,0.0,1007.8,154.0,0.0,0.0,100.0
2025-08-24 13:00:00,4.5,4.8,,4.2,,85.0,0.7,3.4,354.0,3.0,1007.5,186.0,0.0,,100.0
2025-08-24 14:00:00,4.5,4.8,,4.3,,84.0,2.6,4.5,45.0,26.0,1007.3,272.0,0.0,,100.0
2025-08-24 15:00:00,4.7,5.0,,4.6,,77.0,3.3,4.9,24.0,23.0,1006.9,300.0,0.0,,100.0
2025-08-24 16:00:00,4.8,5.0,,4.7,,74.0,3.0,4.9,360.0,15.0,1006.4,345.0,0.0,,100.0
2025-08-24 17:00:00,4.8,5.1,,4.7,,72.0,2.9,4.5,4.0,8.0,1006.1,459.0,0.0,,90.0
2025-08-24 18:00:00,4.8,4.9,5.1,4.6,1.9,73.0,2.9,4.6,6.0,4.0,1005.8,491.0,0.0,0.0,
2025-08-24 19:00:00,4.8,5.0,,4.6,,74.0,2.5,4.8,1.0,3.0,1005.4,419.0,0.0,,
2025-08-24 20:00:00,4.7,4.8,,4.4,,74.0,1.5,3.7,6.0,5.0,1005.3,333.0,0.0,,
2025-08-24 21:00:00,4.5,4.7,,4.3,,75.0,0.3,2.3,0.0,1.0,1005.1,244.0,0.0,,
2025-08-24 22:00:00,4.4,4.5,,4.3,,77.0,0.0,0.5,0.0,0.0,1004.9,144.0,0.0,,
2025-08-24 23:00:00,4.2,4.4,,4.0,,82.0,0.2,2.4,272.0,279.0,1004.6,59.0,0.0,,
2025-08-25 00:00:00,3.6,4.1,5.1,3.4,3.4,88.0,0.3,2.7,0.0,259.0,1004.7,9.0,0.0,0.0,
2025-08-25 01:00:00,3.1,3.3,,2.8,,91.0,0.0,0.0,0.0,0.0,1004.3,0.0,0.0,,
2025-08-25 02:00:00,2.8,3.0,,2.6,,91.0,0.1,2.6,167.0,183.0,1004.0,0.0,0.0,,
2025-08-25 03:00:00,2.6,2.8,,2.4,,91.0,3.2,4.4,184.0,180.0,1003.9,0.0,0.0,,
2025-08-25 04:00:00,2.7,2.9,,2.5,,92.0,4.4,5.7,179.0,177.0,1003.8,0.0,0.0,,
2025-08-25 05:00:00,2.6,2.9,,2.5,,95.0,5.8,7.9,173.0,175.0,1003.9,0.0,0.1,,
2025-08-25 06:00:00,2.5,2.6,5.0,2.3,2.3,95.0,6.1,8.8,176.0,180.0,1003.9,0.0,0.1,0.1,100.0
2025-08-25 07:00:00,2.2,2.3,,2.1,,95.0,6.8,9.7,172.0,176.0,1004.4,0.0,0.0,,50.0
2025-08-25 08:00:00,2.3,2.4,,2.3,,93.0,7.1,9.6,170.0,172.0,1004.4,5.0,0.0,,25.0
2025-08-25 09:00:00,2.4,2.6,,2.3,,91.0,6.8,10.0,179.0,174.0,1004.9,47.0,0.0,,10.0
2025-08-25 10:00:00,2.9,3.1,,2.6,,90.0,4.8,7.7,172.0,170.0,1005.4,94.0,0.0,,100.0
2025-08-25 11:00:00,3.1,3.3,,3.0,,88.0,4.7,7.3,186.0,177.0,1005.8,120.0,0.0,,100.0
2025-08-25 12:00:00,3.4,3.6,3.6,3.1,2.1,87.0,4.1,6.4,174.0,176.0,1006.1,120.0,0.0,0.1,100.0
2025-08-25 13:00:00,3.6,3.9,,3.4,,85.0,3.5,5.5,143.0,148.0,1006.3,167.0,0.0,,100.0
2025-08-25 14:00:00,3.6,3.9,,3.4,,84.0,3.3,6.2,136.0,150.0,1006.7,198.0,0.0,,100.0
2025-08-25 15:00:00,3.8,4.0,,3.6,,82.0,2.6,4.9,175.0,163.0,1006.8,238.0,0.0,,100.0
2025-08-25 16:00:00,4.5,5.1,,3.9,,79.0,2.2,5.4,173.0,168.0,1006.9,321.0,0.0,,100.0
2025-08-25 17:00:00,4.5,5.5,,4.1,,80.0,1.6,4.4,8.0,9.0,1007.4,309.0,0.0,,100.0
2025-08-25 18:00:00,4.4,4.9,5.5,4.2,2.1,82.0,3.4,5.1,360.0,5.0,1007.7,394.0,0.0,0.1,100.0
2025-08-25 19:00:00,4.2,4.5,,4.1,,85.0,3.7,6.0,14.0,5.0,1008.1,260.0,0.0,,100.0
2025-08-25 20:00:00,4.0,4.3,,3.8,,86.0,3.7,5.4,359.0,11.0,1008.5,196.0,0.0,,60.0
2025-08-25 21:00:00,3.9,4.2,,3.6,,87.0,3.9,5.5,4.0,9.0,1009.0,197.0,0.0,,100.0
2025-08-25 22:00:00,3.7,3.9,,3.6,,90.0,3.6,5.0,6.0,5.0,1009.3,71.0,0.0,,100.0
2025-08-25 23:00:00,3.7,3.8,,3.7,,91.0,3.0,5.1,359.0,1.0,1009.8,22.0,0.0,,100.0
2025-08-26 00:00:00,3.8,3.9,5.5,3.7,3.4,92.0,2.0,3.6,359.0,4.0,1010.0,3.0,0.0,0.1,100.0
2025-08-26 01:00:00,4.0,4.1,,3.9,,93.0,0.8,3.1,351.0,6.0,1010.0,0.0,0.0,,100.0
2025-08-26 02:00:00,4.3,4.4,,4.1,,90.0,1.8,3.6,16.0,11.0,1009.9,0.0,0.0,,100.0
2025-08-26 03:00:00,4.4,4.5,,4.3,,88.0,0.3,2.4,7.0,10.0,1010.0,0.0,0.0,,100.0
2025-08-26 04:00:00,4.5,4.6,,4.4,,86.0,0.1,1.8,0.0,27.0,1010.2,0.0,0.0,,100.0
2025-08-26 05:00:00,4.6,4.7,,4.5,,84.0,0.5,2.6,39.0,38.0,1010.3,0.0,0.0,,100.0
2025-08-26 06:00:00,4.7,4.8,4.8,4.6,3.6,82.0,1.3,3.9,73.0,62.0,1010.3,0.0,0.0,0.0,100.0
2025-08-26 07:00:00,4.6,5.0,,4.4,,84.0,1.8,3.6,56.0,57.0,1010.5,0.0,0.0,,100.0
2025-08-26 08:00:00,4.5,4.6,,4.4,,86.0,0.4,2.9,80.0,68.0,1010.7,1.0,0.0,,100.0
2025-08-26 09:00:00,4.5,4.6,,4.5,,87.0,0.5,2.8,0.0,51.0,1010.8,11.0,0.0,,100.0
2025-08-26 10:00:00,4.8,4.9,,4.6,,85.0,0.9,3.1,69.0,63.0,1010.7,40.0,0.0,,100.0
2025-08-26 11:00:00,5.1,5.2,,4.9,,82.0,1.6,3.2,53.0,68.0,1010.8,76.0,0.0,,100.0
2025-08-26 12:00:00,5.2,5.3,5.3,5.1,3.9,79.0,1.9,4.1,27.0,32.0,1010.9,116.0,0.0,0.0,100.0
2025-08-26 13:00:00,5.3,5.6,,5.1,,76.0,2.9,5.0,33.0,27.0,1010.5,161.0,0.0,,100.0
2025-08-26 14:00:00,5.4,5.6,,5.1,,73.0,3.7,5.1,24.0,29.0,1010.3,243.0,0.0,,100.0
2025-08-26 15:00:00,5.6,5.9,,5.3,,69.0,3.8,5.7,29.0,25.0,1010.0,371.0,0.0,,100.0
2025-08-26 16:00:00,5.4,6.1,,5.0,,75.0,4.0,6.0,8.0,8.0,1009.8,522.0,0.0,,
2025-08-26 17:00:00,5.4,5.6,,5.0,,75.0,4.4,6.7,24.0,18.0,1009.7,498.0,0.0,,
2025-08-26 18:00:00,5.5,5.8,6.1,5.2,4.4,74.0,4.2,6.2,29.0,22.0,1009.5,459.0,0.0,0.0,
2025-08-26 19:00:00,5.2,5.7,,5.0,,74.0,4.7,6.4,29.0,27.0,1009.3,397.0,0.0,,
2025-08-26 20:00:00,5.1,5.2,,5.0,,72.0,4.3,5.8,23.0,27.0,1009.0,308.0,0.0,,
2025-08-26 21:00:00,5.3,5.5,,5.2,,73.0,3.6,5.3,33.0,28.0,1008.7,209.0,0.0,,
2025-08-26 22:00:00,5.3,5.4,,5.1,,72.0,2.6,4.1,28.0,31.0,1008.7,130.0,0.0,,
2025-08-26 23:00:00,4.8,5.1,,4.6,,75.0,2.3,3.4,24.0,22.0,1008.5,48.0,0.0,,
2025-08-27 00:00:00,4.4,4.6,6.1,4.2,4.2,81.0,0.5,2.4,51.0,28.0,1008.2,5.0,0.0,0.0,100.0
2025-08-27 01:00:00,4.1,4.2,,3.9,,84.0,0.1,1.2,0.0,50.0,1008.0,0.0,0.0,,100.0
2025-08-27 02:00:00,4.0,4.1,,3.9,,87.0,0.4,2.0,0.0,27.0,1007.8,0.0,0.0,,100.0
2025-08-27 03:00:00,4.2,4.3,,3.9,,86.0,0.6,2.6,42.0,34.0,1007.3,0.0,0.0,,100.0
2025-08-27 04:00:00,4.4,4.5,,4.3,,84.0,1.2,3.0,45.0,45.0,1007.2,0.0,0.0,,100.0
2025-08-27 05:00:00,4.5,4.6,,4.4,,86.0,0.9,3.1,30.0,36.0,1007.1,0.0,0.0,,100.0
2025-08-27 06:00:00,4.3,4.4,5.7,4.2,3.9,90.0,0.5,2.5,26.0,26.0,1006.9,0.0,0.0,0.0,100.0
2025-08-27 07:00:00,4.3,4.4,,4.3,,89.0,1.1,3.3,0.0,28.0,1006.5,0.0,0.0,,100.0
2025-08-27 08:00:00,4.3,4.4,,4.2,,87.0,0.9,2.7,24.0,23.0,1006.2,1.0,0.0,,100.0
2025-08-27 09:00:00,4.2,4.3,,4.1,,90.0,2.1,3.4,26.0,24.0,1006.0,34.0,0.0,,
2025-08-27 10:00:00,4.3,4.5,,4.1,,91.0,1.4,3.2,24.0,29.0,1005.9,121.0,0.0,,
2025-08-27 11:00:00,4.8,5.4,,4.5,,91.0,2.7,4.2,39.0,29.0,1005.5,212.0,0.0,,
2025-08-27 12:00:00,5.7,5.9,5.9,5.4,3.9,81.0,2.6,4.0,28.0,39.0,1005.1,303.0,0.0,0.0,
2025-08-27 13:00:00,5.5,5.9,,4.9,,87.0,2.9,4.2,3.0,17.0,1004.7,385.0,0.0,,
2025-08-27 14:00:00,5.2,5.6,,4.9,,87.0,3.0,4.5,2.0,5.0,1004.2,450.0,0.0,,
2025-08-27 15:00:00,5.2,5.5,,5.0,,85.0,2.5,3.6,2.0,2.0,1003.7,491.0,0.0,,
2025-08-27 16:00:00,5.2,5.6,,4.9,,84.0,2.5,3.8,360.0,359.0,1003.5,506.0,0.0,,
2025-08-27 17:00:00,5.5,5.8,,5.2,,81.0,2.6,4.2,3.0,3.0,1003.1,493.0,0.0,,
2025-08-27 18:00:00,5.6,5.9,5.9,5.3,4.1,83.0,3.0,4.2,3.0,360.0,1002.7,455.0,0.0,0.0,
2025-08-27 19:00:00,5.9,6.2,,5.5,,79.0,3.2,4.8,359.0,3.0,1002.3,394.0,0.0,,
2025-08-27 20:00:00,6.1,6.2,,5.7,,78.0,2.7,4.6,292.0,321.0,1002.2,305.0,0.0,,
2025-08-27 21:00:00,6.1,6.3,,5.9,,71.0,2.3,4.8,280.0,285.0,1001.9,218.0,0.0,,
2025-08-27 22:00:00,5.7,5.9,,5.6,,73.0,2.3,4.5,278.0,282.0,1001.6,121.0,0.0,,
2025-08-27 23:00:00,5.3,5.7,,4.8,,77.0,2.8,5.3,281.0,286.0,1001.4,41.0,0.0,,
2025-08-28 00:00:00,4.4,4.7,6.3,4.2,4.2,87.0,1.5,4.6,254.0,271.0,1001.3,3.0,0.0,0.0,
2025-08-28 01:00:00,3.5,4.2,,2.6,,95.0,1.8,4.8,259.0,264.0,1001.6,0.0,0.0,,100.0
2025-08-28 02:00:00,2.5,2.8,,2.3,,100.0,1.9,4.1,250.0,253.0,1001.4,0.0,0.0,,100.0
2025-08-28 03:00:00,2.5,2.7,,2.3,,100.0,2.4,4.3,238.0,238.0,1001.5,0.0,0.0,,100.0
2025-08-28 04:00:00,2.8,2.9,,2.6,,100.0,2.7,4.6,224.0,228.0,1001.5,0.0,0.1,,100.0
2025-08-28 05:00:00,2.8,2.9,,2.6,,100.0,3.1,5.1,228.0,227.0,1001.6,0.0,0.0,,100.0
2025-08-28 06:00:00,2.8,3.0,6.3,2.6,2.3,100.0,3.4,5.6,224.0,226.0,1002.0,0.0,0.1,0.1,100.0
2025-08-28 07:00:00,3.3,3.7,,2.9,,100.0,3.1,4.5,219.0,213.0,1002.3,0.0,0.1,,100.0
2025-08-28 08:00:00,3.9,4.0,,3.7,,100.0,2.8,4.5,227.0,224.0,1002.4,0.0,0.1,,100.0
2025-08-28 09:00:00,4.1,4.2,,4.0,,100.0,2.1,3.5,242.0,225.0,1002.6,5.0,0.6,,100.0
2025-08-28 10:00:00,3.9,4.1,,3.8,,100.0,0.8,3.7,291.0,284.0,1002.9,17.0,0.1,,100.0
2025-08-28 11:00:00,3.8,3.8,,3.7,,99.0,2.0,4.4,285.0,288.0,1003.2,32.0,0.1,,100.0
2025-08-28 12:00:00,3.8,3.9,4.2,3.7,2.3,96.0,1.3,4.1,284.0,287.0,1003.3,53.0,0.0,1.0,100.0
2025-08-28 13:00:00,4.0,4.1,,3.9,,94.0,0.1,2.3,299.0,298.0,1003.4,83.0,0.0,,100.0
2025-08-28 14:00:00,4.2,4.4,,4.1,,91.0,1.1,3.4,287.0,307.0,1003.5,167.0,0.0,,100.0
2025-08-28 15:00:00,4.4,4.6,,4.2,,89.0,1.6,3.6,308.0,309.0,1003.5,199.0,0.0,,100.0
2025-08-28 16:00:00,4.5,4.7,,4.4,,87.0,1.2,3.6,291.0,296.0,1003.4,237.0,0.0,,100.0
2025-08-28 17:00:00,4.4,4.7,,4.1,,86.0,1.4,3.7,291.0,302.0,1003.5,241.0,0.0,,100.0
2025-08-28 18:00:00,4.2,4.4,4.7,3.9,2.9,87.0,1.5,3.9,321.0,303.0,1003.3,221.0,0.0,1.0,100.0
2025-08-28 19:00:00,4.1,4.3,,3.9,,87.0,1.5,5.0,274.0,279.0,1003.9,120.0,0.0,,100.0
2025-08-28 20:00:00,3.8,4.0,,3.6,,87.0,2.6,4.7,303.0,295.0,1003.9,60.0,0.0,,90.0
2025-08-28 21:00:00,3.6,3.7,,3.5,,86.0,2.4,5.1,300.0,296.0,1004.1,64.0,0.0,,100.0
2025-08-28 22:00:00,3.4,3.5,,3.4,,87.0,1.7,3.8,291.0,297.0,1004.3,28.0,0.0,,100.0
2025-08-28 23:00:00,3.4,3.5,,3.3,,88.0,0.5,3.9,0.0,276.0,1004.5,15.0,0.0,,100.0
2025-08-29 00:00:00,3.2,3.4,4.7,3.1,3.1,87.0,0.1,1.8,0.0,232.0,1004.6,3.0,0.0,1.0,100.0
2025-08-29 01:00:00,3.0,3.1,,3.0,,90.0,0.1,2.0,0.0,235.0,1004.8,0.0,0.0,,100.0
2025-08-29 02:00:00,3.0,3.1,,2.9,,91.0,0.5,2.4,230.0,232.0,1004.9,0.0,0.0,,100.0
2025-08-29 03:00:00,3.1,3.2,,2.9,,92.0,1.5,2.7,230.0,230.0,1004.9,0.0,0.0,,100.0
2025-08-29 04:00:00,3.2,3.2,,3.1,,93.0,0.2,1.9,0.0,219.0,1004.8,0.0,0.0,,100.0
2025-08-29 05:00:00,3.2,3.2,,3.1,,93.0,0.8,2.4,210.0,222.0,1005.0,0.0,0.0,,100.0
2025-08-29 06:00:00,3.2,3.2,4.3,3.2,2.9,93.0,0.0,0.8,0.0,0.0,1005.1,0.0,0.0,0.9,100.0
2025-08-29 07:00:00,3.2,3.3,,3.2,,92.0,0.1,1.4,0.0,164.0,1005.3,0.0,0.0,,100.0
2025-08-29 08:00:00,3.4,3.4,,3.3,,90.0,0.2,2.3,153.0,153.0,1005.5,1.0,0.0,,100.0
2025-08-29 09:00:00,3.4,3.5,,3.4,,90.0,0.3,2.3,0.0,155.0,1005.7,18.0,0.0,,100.0
2025-08-29 10:00:00,3.8,4.3,,3.5,,89.0,0.9,3.0,78.0,87.0,1005.6,89.0,0.0,,100.0
2025-08-29 11:00:00,4.3,4.5,,4.2,,86.0,0.2,2.8,0.0,93.0,1005.6,144.0,0.0,,100.0
2025-08-29 12:00:00,4.7,5.0,5.0,4.3,2.9,84.0,0.8,2.8,113.0,114.0,1005.3,181.0,0.0,0.0,100.0
2025-08-29 13:00:00,5.3,5.8,,4.9,,78.0,2.1,4.0,136.0,132.0,1004.8,259.0,0.0,,100.0
2025-08-29 14:00:00,5.8,6.1,,5.6,,78.0,3.1,5.7,159.0,150.0,1004.8,217.0,0.0,,100.0
2025-08-29 15:00:00,6.3,6.5,,6.0,,76.0,1.8,4.2,147.0,152.0,1004.6,231.0,0.0,,100.0
2025-08-29 16:00:00,6.5,6.7,,6.3,,76.0,2.5,4.5,214.0,170.0,1004.1,169.0,0.0,,100.0
2025-08-29 17:00:00,5.9,6.6,,5.5,,82.0,2.6,4.6,241.0,236.0,1003.6,221.0,0.0,,100.0
2025-08-29 18:00:00,6.0,6.2,6.7,5.6,3.2,75.0,1.4,4.1,31.0,220.0,1002.9,208.0,0.0,0.0,100.0
2025-08-29 19:00:00,5.4,5.8,,5.1,,80.0,2.2,3.8,8.0,15.0,1002.5,141.0,0.0,,100.0
2025-08-29 20:00:00,5.1,5.2,,4.9,,86.0,2.4,3.8,21.0,22.0,1001.7,88.0,0.0,,100.0
2025-08-29 21:00:00,5.0,5.2,,4.7,,88.0,0.2,2.0,0.0,24.0,1000.7,28.0,0.0,,100.0
2025-08-29 22:00:00,4.8,4.9,,4.7,,93.0,0.0,0.0,0.0,0.0,999.7,19.0,0.0,,100.0
2025-08-29 23:00:00,4.8,4.9,,4.8,,91.0,0.0,0.0,0.0,0.0,998.8,4.0,0.0,,100.0
2025-08-30 00:00:00,4.7,5.1,6.7,4.5,4.5,92.0,1.3,6.7,0.0,228.0,998.1,0.0,0.1,0.1,100.0
2025-08-30 01:00:00,4.8,5.0,,4.4,,95.0,0.9,3.8,124.0,113.0,997.2,0.0,1.3,,100.0
2025-08-30 02:00:00,5.5,5.8,,4.9,,93.0,4.2,7.5,177.0,169.0,996.6,0.0,3.2,,100.0
2025-08-30 03:00:00,5.4,5.6,,5.3,,93.0,4.5,11.4,145.0,152.0,995.2,0.0,3.1,,100.0
2025-08-30 04:00:00,5.5,5.6,,5.4,,89.0,7.5,12.7,127.0,128.0,994.2,0.0,1.2,,100.0
2025-08-30 05:00:00,5.4,5.5,,5.3,,89.0,9.0,13.4,169.0,151.0,995.3,0.0,1.9,,90.0
2025-08-30 06:00:00,4.8,5.3,5.8,4.6,4.4,89.0,9.9,15.4,170.0,176.0,995.0,0.0,4.0,14.8,100.0
2025-08-30 07:00:00,4.7,5.3,,4.3,,92.0,11.9,25.8,176.0,168.0,994.8,0.0,4.3,,100.0
2025-08-30 08:00:00,5.1,5.2,,5.0,,94.0,15.8,22.7,189.0,185.0,995.5,0.0,2.9,,100.0
2025-08-30 09:00:00,4.9,5.0,,4.8,,94.0,15.4,22.2,197.0,193.0,996.4,1.0,2.0,,100.0
2025-08-30 10:00:00,4.4,4.8,,4.2,,95.0,5.9,18.1,253.0,226.0,998.9,9.0,1.7,,100.0
2025-08-30 11:00:00,4.0,4.2,,3.7,,95.0,3.4,6.2,235.0,242.0,1000.3,25.0,0.8,,100.0
2025-08-30 12:00:00,3.7,3.8,5.8,3.6,3.6,92.0,3.0,5.1,242.0,229.0,1001.6,56.0,0.5,27.0,100.0
2025-08-30 13:00:00,3.5,3.8,,3.3,,91.0,3.0,6.8,289.0,276.0,1002.6,96.0,0.3,,100.0
2025-08-30 14:00:00,3.8,4.0,,3.5,,83.0,2.8,5.3,285.0,284.0,1003.4,153.0,0.0,,100.0
2025-08-30 15:00:00,4.2,4.6,,3.9,,75.0,2.4,4.8,286.0,292.0,1003.8,348.0,0.0,,100.0
2025-08-30 16:00:00,4.3,4.4,,4.1,,71.0,2.6,5.3,294.0,290.0,1004.5,380.0,0.0,,100.0
2025-08-30 17:00:00,4.3,4.6,,4.1,,67.0,3.0,5.5,290.0,290.0,1005.1,385.0,0.0,,50.0
2025-08-30 19:00:00,4.0,4.1,,3.8,,66.0,2.1,3.9,312.0,312.0,1006.0,161.0,0.0,,100.0
2025-08-30 20:00:00,3.8,4.0,,3.7,,68.0,2.2,4.1,314.0,314.0,1006.2,90.0,0.0,,100.0
2025-08-30 21:00:00,3.7,3.8,,3.5,,65.0,3.0,4.8,333.0,326.0,1006.1,71.0,0.0,,100.0
2025-08-30 22:00:00,3.5,3.6,,3.5,,64.0,3.1,4.8,333.0,332.0,1006.3,61.0,0.0,,100.0
2025-08-30 23:00:00,3.4,3.5,,3.4,,66.0,2.9,4.6,359.0,349.0,1005.9,19.0,0.0,,100.0
2025-08-31 00:00:00,3.3,3.4,4.6,3.2,3.2,67.0,3.4,4.8,350.0,351.0,1005.5,2.0,0.0,27.2,100.0
2025-08-31 01:00:00,3.2,3.2,,3.1,,69.0,3.5,5.0,356.0,354.0,1005.2,0.0,0.0,,100.0
2025-08-31 02:00:00,3.1,3.1,,2.9,,67.0,3.3,5.4,6.0,354.0,1004.8,0.0,0.0,,100.0
2025-08-31 03:00:00,3.1,3.1,,2.7,,71.0,2.2,4.5,70.0,8.0,1004.6,0.0,0.0,,100.0
2025-08-31 04:00:00,2.3,2.7,,2.1,,83.0,1.4,3.9,36.0,30.0,1004.4,0.0,0.2,,25.0
2025-08-31 05:00:00,2.0,2.1,,1.6,,90.0,1.3,3.1,46.0,43.0,1004.5,0.0,0.3,,90.0
2025-08-31 06:00:00,1.4,1.6,4.1,1.3,1.3,94.0,1.6,3.1,89.0,65.0,1004.6,0.0,0.4,13.4,60.0
2025-08-31 07:00:00,1.8,2.2,,1.6,,96.0,1.5,3.0,101.0,102.0,1005.0,0.0,0.2,,100.0
2025-08-31 08:00:00,2.3,2.4,,2.2,,94.0,1.1,3.3,0.0,120.0,1005.4,0.0,0.7,,100.0
2025-08-31 09:00:00,2.3,2.3,,2.2,,93.0,0.3,2.7,135.0,148.0,1005.5,5.0,0.9,,100.0
2025-08-31 10:00:00,2.3,2.4,,2.2,,93.0,0.0,0.7,0.0,0.0,1005.7,34.0,0.6,,100.0
2025-08-31 11:00:00,2.3,2.4,,2.2,,94.0,0.0,2.3,359.0,0.0,1005.9,52.0,0.3,,100.0
2025-08-31 12:00:00,2.2,2.3,3.2,2.1,1.3,95.0,0.1,1.2,0.0,5.0,1006.0,59.0,0.5,4.3,100.0
2025-08-31 13:00:00,2.3,2.4,,2.1,,94.0,1.3,3.6,360.0,3.0,1005.8,112.0,0.6,,100.0
2025-08-31 14:00:00,2.5,2.9,,2.3,,95.0,1.9,6.2,5.0,353.0,1005.6,99.0,0.4,,100.0
2025-08-31 15:00:00,3.1,3.3,,2.9,,93.0,3.8,6.3,26.0,22.0,1005.6,139.0,0.3,,100.0
2025-08-31 16:00:00,3.1,3.4,,2.9,,92.0,4.0,6.0,7.0,22.0,1005.6,196.0,0.2,,100.0
2025-08-31 17:00:00,3.2,3.4,,3.1,,92.0,4.0,6.1,4.0,7.0,1005.6,205.0,0.1,,100.0
2025-08-31 18:00:00,3.1,3.3,3.4,3.0,1.6,91.0,3.6,5.7,355.0,360.0,1006.3,225.0,0.0,5.5,100.0
2025-08-31 19:00:00,3.1,3.2,,3.0,,90.0,2.7,4.1,357.0,355.0,1006.5,143.0,0.0,,100.0
2025-08-31 20:00:00,3.2,3.4,,3.0,,91.0,0.5,2.8,0.0,345.0,1006.8,117.0,0.0,,100.0
2025-08-31 21:00:00,3.3,3.5,,3.3,,89.0,0.1,1.2,295.0,302.0,1007.0,120.0,0.0,,100.0
2025-08-31 22:00:00,3.4,3.5,,3.3,,89.0,0.0,1.1,0.0,0.0,1007.2,63.0,0.0,,100.0
2025-08-31 23:00:00,3.3,3.4,,3.2,,89.0,0.0,0.3,0.0,0.0,1007.0,22.0,0.0,,100.0
2025-09-01 00:00:00,3.2,3.2,3.5,3.1,2.1,89.0,0.0,0.6,0.0,0.0,1006.9,1.0,0.0,5.5,100.0
2025-09-01 01:00:00,3.1,3.1,,3.0,,89.0,0.0,0.0,0.0,0.0,1006.5,0.0,0.0,,100.0
2025-09-01 02:00:00,3.1,3.1,,2.9,,89.0,0.3,2.8,29.0,28.0,1006.3,0.0,0.0,,100.0
2025-09-01 03:00:00,2.8,2.9,,2.7,,96.0,0.0,0.7,0.0,0.0,1005.5,0.0,0.0,,100.0
2025-09-01 04:00:00,2.7,2.8,,2.7,,97.0,0.2,2.3,0.0,301.0,1005.0,0.0,0.0,,100.0
2025-09-01 05:00:00,2.8,2.9,,2.8,,96.0,0.0,0.0,0.0,0.0,1004.3,0.0,0.0,,100.0
2025-09-01 06:00:00,2.9,3.0,3.5,2.8,2.7,96.0,0.0,0.0,0.0,0.0,1004.0,0.0,0.0,4.6,100.0
2025-09-01 07:00:00,3.0,3.1,,3.0,,94.0,0.0,0.0,0.0,0.0,1003.7,0.0,0.0,,100.0
2025-09-01 08:00:00,3.2,3.3,,3.0,,93.0,0.4,3.0,160.0,162.0,1003.7,0.0,0.0,,100.0
2025-09-01 09:00:00,3.3,3.4,,3.3,,93.0,2.5,3.6,172.0,170.0,1004.1,6.0,0.0,,100.0
2025-09-01 10:00:00,3.6,3.9,,3.4,,92.0,3.2,5.5,173.0,166.0,1003.9,33.0,0.0,,100.0
2025-09-01 11:00:00,3.9,4.0,,3.9,,92.0,4.4,5.8,197.0,192.0,1004.1,62.0,0.0,,100.0
2025-09-01 12:00:00,3.9,4.2,4.2,3.8,2.7,93.0,4.4,6.1,194.0,191.0,1004.4,106.0,0.0,1.5,100.0
2025-09-01 13:00:00,4.2,4.5,,4.0,,91.0,4.1,6.0,204.0,204.0,1004.5,162.0,0.0,,100.0
2025-09-01 14:00:00,4.4,4.6,,4.3,,81.0,5.0,7.2,202.0,201.0,1004.4,166.0,0.0,,100.0
2025-09-01 15:00:00,4.3,4.4,,4.2,,82.0,4.7,6.6,205.0,205.0,1004.2,167.0,0.0,,100.0
2025-09-01 16:00:00,4.3,4.5,,4.1,,80.0,3.1,5.6,207.0,205.0,1003.9,189.0,0.0,,100.0
2025-09-01 17:00:00,4.6,5.1,,4.4,,78.0,3.3,5.4,204.0,203.0,1003.6,191.0,0.0,,100.0
2025-09-01 18:00:00,5.1,5.4,5.4,4.9,3.0,73.0,4.6,6.9,204.0,203.0,1003.2,249.0,0.0,0.0,100.0
2025-09-01 19:00:00,5.3,5.5,,5.1,,72.0,2.7,5.3,174.0,202.0,1002.9,197.0,0.0,,100.0
2025-09-01 20:00:00,4.6,5.2,,4.3,,83.0,2.6,5.0,62.0,47.0,1002.8,71.0,0.0,,100.0
2025-09-01 21:00:00,4.0,4.6,,3.6,,90.0,1.1,3.6,0.0,66.0,1002.7,38.0,0.0,,100.0
2025-09-01 22:00:00,3.8,4.1,,3.6,,90.0,0.8,3.4,52.0,41.0,1001.9,26.0,0.1,,100.0
2025-09-01 23:00:00,4.0,4.1,,3.9,,88.0,3.1,4.9,48.0,49.0,1001.3,3.0,0.0,,100.0
2025-09-02 00:00:00,3.9,3.9,5.5,3.8,3.6,89.0,3.7,5.8,29.0,38.0,1000.7,0.0,0.0,0.0,100.0
2025-09-02 01:00:00,3.8,3.8,,3.8,,88.0,3.4,5.3,23.0,27.0,1000.0,0.0,0.0,,100.0
2025-09-02 02:00:00,3.7,3.8,,3.7,,87.0,2.6,4.8,22.0,23.0,999.2,0.0,0.0,,100.0
2025-09-02 03:00:00,3.7,3.7,,3.6,,87.0,1.7,4.5,0.0,28.0,998.4,0.0,0.0,,100.0
2025-09-02 04:00:00,3.5,3.6,,3.4,,92.0,0.0,0.0,0.0,0.0,997.7,0.0,0.5,,90.0
2025-09-02 05:00:00,3.3,3.4,,3.2,,94.0,0.0,0.0,0.0,0.0,997.2,0.0,0.2,,100.0
2025-09-02 06:00:00,3.3,3.3,5.5,3.3,3.2,96.0,0.0,0.0,0.0,0.0,996.7,0.0,0.4,1.1,100.0
2025-09-02 07:00:00,3.2,3.3,,3.2,,97.0,1.8,3.4,84.0,60.0,996.7,0.0,0.2,,100.0
2025-09-02 08:00:00,3.3,3.4,,3.3,,97.0,2.7,4.1,104.0,91.0,996.4,0.0,0.5,,100.0
2025-09-02 09:00:00,3.9,4.3,,3.5,,94.0,3.7,5.5,115.0,123.0,996.4,4.0,0.4,,100.0
2025-09-02 10:00:00,4.3,4.4,,4.2,,93.0,4.0,5.6,93.0,103.0,996.6,13.0,0.1,,100.0
2025-09-02 11:00:00,4.4,4.6,,4.3,,93.0,3.8,5.6,105.0,98.0,996.8,26.0,0.0,,100.0
2025-09-02 12:00:00,4.7,4.9,4.9,4.6,3.2,92.0,2.9,4.8,135.0,116.0,997.0,34.0,0.2,2.4,100.0
2025-09-02 13:00:00,5.0,5.2,,4.8,,91.0,0.9,2.7,0.0,143.0,996.7,80.0,0.1,,100.0
2025-09-02 14:00:00,5.2,5.7,,5.0,,92.0,0.5,3.1,86.0,56.0,996.7,113.0,0.0,,100.0
2025-09-02 15:00:00,5.4,5.7,,5.1,,92.0,0.5,3.0,94.0,86.0,996.6,70.0,0.0,,100.0
2025-09-02 16:00:00,5.2,5.7,,4.8,,94.0,0.0,0.8,0.0,0.0,996.5,67.0,0.1,,100.0
2025-09-02 17:00:00,5.3,5.6,,4.9,,95.0,0.1,2.1,0.0,28.0,996.2,76.0,0.1,,100.0
2025-09-02 18:00:00,4.9,5.4,5.7,4.7,3.2,96.0,0.6,4.4,293.0,290.0,996.1,86.0,0.0,2.7,100.0
2025-09-02 19:00:00,4.5,4.9,,4.3,,96.0,3.1,5.6,295.0,295.0,996.5,67.0,0.5,,100.0
2025-09-02 20:00:00,4.3,4.4,,4.2,,95.0,2.0,4.5,268.0,281.0,996.8,47.0,0.7,,100.0
2025-09-02 21:00:00,4.3,4.3,,4.1,,94.0,2.0,4.4,224.0,231.0,996.8,30.0,0.4,,90.0
2025-09-02 22:00:00,4.1,4.2,,4.1,,93.0,3.6,5.1,205.0,211.0,997.0,19.0,0.1,,100.0
2025-09-02 23:00:00,4.0,4.1,,4.0,,94.0,3.2,4.5,205.0,203.0,997.4,4.0,0.2,,100.0
2025-09-03 00:00:00,4.0,4.0,5.7,4.0,4.0,94.0,3.1,4.3,185.0,191.0,997.7,0.0,0.6,5.2,
2025-09-03 01:00:00,4.1,4.1,,4.0,,93.0,3.4,5.0,177.0,187.0,998.0,0.0,0.3,,100.0
2025-09-03 02:00:00,4.1,4.1,,4.1,,92.0,1.4,3.7,121.0,161.0,998.2,0.0,0.0,,100.0
2025-09-03 03:00:00,4.1,4.1,,4.0,,94.0,1.0,2.6,119.0,113.0,998.2,0.0,0.3,,100.0
2025-09-03 04:00:00,3.9,4.0,,3.8,,95.0,0.4,2.4,0.0,154.0,998.5,0.0,0.3,,100.0
2025-09-03 05:00:00,3.8,3.8,,3.7,,97.0,0.0,1.3,0.0,0.0,998.8,0.0,0.3,,100.0
2025-09-03 06:00:00,3.6,3.7,4.9,3.6,3.6,97.0,0.0,0.0,0.0,0.0,999.0,0.0,0.2,5.6,90.0
2025-09-03 07:00:00,3.6,3.6,,3.5,,96.0,0.6,2.5,58.0,53.0,999.4,0.0,0.1,,100.0
2025-09-03 08:00:00,3.5,3.6,,3.5,,97.0,0.6,3.0,0.0,49.0,999.9,0.0,0.0,,100.0
2025-09-03 09:00:00,3.6,3.7,,3.5,,97.0,0.6,2.5,97.0,87.0,1000.5,11.0,0.0,,100.0
2025-09-03 10:00:00,3.6,3.9,,3.6,,94.0,0.8,2.6,0.0,88.0,1001.0,52.0,0.0,,100.0
2025-09-03 11:00:00,3.6,3.9,,3.4,,96.0,0.9,4.2,218.0,217.0,1001.5,50.0,0.3,,100.0
2025-09-03 12:00:00,3.6,3.8,4.1,3.3,3.3,96.0,2.8,3.9,209.0,210.0,1001.9,127.0,0.1,4.7,100.0
2025-09-03 13:00:00,4.0,4.2,,3.6,,90.0,2.0,4.2,231.0,220.0,1002.4,164.0,0.0,,90.0
2025-09-03 14:00:00,4.2,4.4,,3.9,,90.0,1.1,3.2,226.0,229.0,1002.6,188.0,0.0,,100.0
2025-09-03 15:00:00,4.3,4.6,,4.1,,88.0,2.1,3.8,232.0,230.0,1003.1,223.0,0.0,,100.0
2025-09-03 16:00:00,4.6,4.9,,4.4,,86.0,3.5,5.3,237.0,238.0,1003.4,270.0,0.0,,100.0
2025-09-03 17:00:00,4.5,5.1,,4.1,,88.0,4.4,6.4,236.0,232.0,1004.0,287.0,0.0,,100.0
2025-09-03 18:00:00,4.6,4.9,5.1,4.3,3.3,84.0,3.7,5.7,233.0,240.0,1004.6,400.0,0.0,4.4,75.0
2025-09-03 19:00:00,4.3,4.8,,3.7,,84.0,3.5,6.5,232.0,230.0,1005.2,244.0,0.0,,100.0
2025-09-03 20:00:00,3.8,4.1,,3.6,,85.0,3.0,6.3,258.0,242.0,1005.9,166.0,0.0,,100.0
2025-09-03 21:00:00,3.8,4.0,,3.5,,84.0,1.7,4.9,274.0,270.0,1006.5,132.0,0.0,,75.0
2025-09-03 22:00:00,3.5,3.6,,3.4,,84.0,1.9,4.8,258.0,260.0,1006.8,30.0,0.0,,100.0
2025-09-03 23:00:00,3.5,3.6,,3.3,,82.0,2.3,5.1,246.0,247.0,1007.4,6.0,0.0,,100.0
2025-09-04 00:00:00,3.3,3.4,5.1,3.1,3.1,82.0,2.5,5.8,266.0,258.0,1007.8,0.0,0.0,1.8,100.0
2025-09-04 01:00:00,3.1,3.3,,3.0,,82.0,2.9,5.8,252.0,261.0,1008.0,0.0,0.0,,100.0
2025-09-04 02:00:00,3.2,3.3,,3.1,,85.0,3.1,5.6,264.0,254.0,1008.3,0.0,0.0,,100.0
2025-09-04 03:00:00,3.0,3.1,,2.9,,85.0,3.1,6.5,257.0,260.0,1008.3,0.0,0.0,,100.0
2025-09-04 04:00:00,3.0,3.1,,3.0,,84.0,2.7,6.1,248.0,263.0,1008.5,0.0,0.0,,100.0
2025-09-04 05:00:00,3.2,3.3,,3.1,,83.0,2.9,6.2,256.0,259.0,1008.7,0.0,0.0,,100.0
2025-09-04 06:00:00,3.2,3.2,4.8,3.1,2.9,83.0,3.0,6.9,246.0,255.0,1009.0,0.0,0.0,0.4,100.0
2025-09-04 07:00:00,3.1,3.2,,3.1,,84.0,3.2,5.2,229.0,228.0,1009.5,0.0,0.0,,100.0
2025-09-04 08:00:00,3.2,3.4,,3.0,,90.0,3.4,7.0,259.0,247.0,1009.6,0.0,0.0,,100.0
2025-09-04 09:00:00,3.3,3.4,,3.2,,95.0,3.4,6.4,269.0,264.0,1009.6,5.0,0.1,,100.0
2025-09-04 10:00:00,3.5,3.6,,3.4,,91.0,3.6,6.8,248.0,268.0,1009.9,47.0,0.0,,100.0
2025-09-04 11:00:00,3.9,4.1,,3.6,,90.0,3.8,6.0,241.0,246.0,1010.0,110.0,0.0,,100.0
2025-09-04 12:00:00,4.3,4.6,4.6,4.1,2.9,92.0,3.2,5.9,274.0,243.0,1010.2,123.0,0.0,0.0,100.0
2025-09-04 13:00:00,4.6,4.8,,4.4,,92.0,1.8,4.1,291.0,269.0,1010.3,165.0,0.0,,100.0
2025-09-04 14:00:00,4.4,4.8,,4.1,,91.0,2.7,4.3,355.0,347.0,1010.6,183.0,0.0,,100.0
2025-09-04 15:00:00,4.3,4.5,,4.1,,91.0,2.3,3.5,1.0,1.0,1010.8,277.0,0.0,,100.0
2025-09-04 16:00:00,4.3,4.6,,4.2,,88.0,1.9,4.4,6.0,3.0,1010.8,257.0,0.0,,100.0
2025-09-04 17:00:00,4.5,4.8,,4.3,,83.0,0.1,1.8,314.0,326.0,1011.0,187.0,0.0,,100.0
2025-09-04 18:00:00,4.5,4.8,4.8,4.3,3.0,86.0,0.1,1.8,293.0,298.0,1011.3,115.0,0.0,0.0,100.0
2025-09-04 19:00:00,4.2,4.4,,4.0,,90.0,1.8,4.2,291.0,289.0,1011.4,88.0,0.0,,100.0
2025-09-04 20:00:00,4.2,4.3,,4.1,,89.0,1.7,3.8,282.0,278.0,1011.8,77.0,0.0,,100.0
2025-09-04 21:00:00,4.0,4.1,,3.8,,89.0,0.7,3.0,324.0,302.0,1012.1,39.0,0.0,,100.0
2025-09-04 22:00:00,3.6,3.8,,3.5,,93.0,0.0,0.4,0.0,0.0,1012.3,24.0,0.1,,100.0
2025-09-04 23:00:00,3.7,3.8,,3.6,,88.0,0.0,0.0,0.0,0.0,1012.5,8.0,0.0,,100.0
2025-09-05 00:00:00,3.8,3.9,4.8,3.7,3.5,84.0,0.2,2.3,0.0,229.0,1012.8,0.0,0.0,0.1,100.0
2025-09-05 01:00:00,3.9,3.9,,3.8,,82.0,2.5,4.6,170.0,184.0,1012.8,0.0,0.0,,100.0
2025-09-05 02:00:00,3.7,3.8,,3.6,,82.0,1.2,3.4,184.0,177.0,1012.9,0.0,0.0,,100.0
2025-09-05 03:00:00,3.4,3.6,,3.1,,86.0,0.4,2.6,0.0,185.0,1012.9,0.0,0.0,,100.0
2025-09-05 04:00:00,3.3,3.5,,3.0,,89.0,0.0,0.8,119.0,0.0,1012.9,0.0,0.0,,100.0
2025-09-05 05:00:00,3.0,3.0,,2.9,,91.0,0.0,0.0,0.0,0.0,1013.1,0.0,0.0,,100.0
2025-09-05 06:00:00,3.1,3.4,4.4,3.0,2.9,90.0,1.1,3.3,110.0,108.0,1013.5,0.0,0.0,0.1,100.0
2025-09-05 07:00:00,3.5,3.6,,3.5,,89.0,2.0,3.0,97.0,110.0,1014.0,0.0,0.0,,100.0
2025-09-05 08:00:00,3.4,3.5,,3.3,,94.0,2.1,3.3,61.0,81.0,1014.3,0.0,0.0,,100.0
2025-09-05 09:00:00,3.3,3.3,,3.3,,97.0,0.5,2.5,79.0,74.0,1014.6,9.0,0.0,,100.0
2025-09-05 10:00:00,3.5,3.7,,3.3,,96.0,0.4,2.3,81.0,95.0,1014.7,36.0,0.0,,100.0
2025-09-05 11:00:00,3.9,4.2,,3.6,,92.0,1.2,3.7,92.0,95.0,1014.9,69.0,0.1,,100.0
2025-09-05 12:00:00,3.7,4.2,4.2,3.5,2.9,93.0,2.9,5.1,82.0,95.0,1015.2,57.0,0.1,0.2,100.0
2025-09-05 13:00:00,3.4,3.6,,3.3,,96.0,2.1,3.7,81.0,81.0,1015.4,67.0,0.8,,100.0
2025-09-05 14:00:00,3.7,3.9,,3.5,,92.0,2.7,4.9,51.0,62.0,1015.6,107.0,0.2,,100.0
2025-09-05 15:00:00,3.7,3.8,,3.5,,89.0,2.8,5.0,53.0,50.0,1015.6,153.0,0.1,,100.0
2025-09-05 16:00:00,3.9,4.1,,3.7,,87.0,2.6,4.3,61.0,54.0,1015.7,160.0,0.0,,100.0
2025-09-05 17:00:00,4.0,4.2,,3.9,,86.0,2.5,4.3,87.0,82.0,1015.6,181.0,0.0,,100.0
2025-09-05 18:00:00,4.1,4.3,4.3,4.0,3.3,85.0,1.2,3.8,84.0,80.0,1015.8,115.0,0.0,1.3,100.0
2025-09-05 19:00:00,4.0,4.2,,3.9,,86.0,2.5,4.3,88.0,86.0,1016.2,123.0,0.0,,100.0
2025-09-05 20:00:00,4.0,4.2,,3.8,,87.0,0.4,2.8,0.0,93.0,1016.6,83.0,0.0,,100.0
2025-09-05 21:00:00,3.6,3.9,,3.3,,93.0,0.0,0.2,0.0,0.0,1016.9,50.0,0.0,,100.0
2025-09-05 22:00:00,3.3,3.4,,3.2,,97.0,0.0,0.0,0.0,0.0,1017.1,17.0,0.1,,100.0
2025-09-05 23:00:00,3.5,3.5,,3.4,,92.0,0.0,0.6,0.0,0.0,1017.4,4.0,0.0,,100.0
2025-09-06 00:00:00,3.3,3.4,4.3,3.2,3.2,89.0,0.0,1.6,251.0,0.0,1017.5,0.0,0.0,1.4,100.0
2025-09-06 01:00:00,3.1,3.2,,3.0,,91.0,0.0,1.8,259.0,0.0,1017.6,0.0,0.0,,100.0
2025-09-06 02:00:00,3.1,3.1,,3.0,,90.0,0.0,1.6,0.0,0.0,1017.6,0.0,0.0,,100.0
2025-09-06 03:00:00,3.1,3.2,,3.0,,92.0,0.0,1.5,0.0,0.0,1017.5,0.0,0.0,,100.0
2025-09-06 04:00:00,3.0,3.1,,2.7,,93.0,0.0,0.3,0.0,0.0,1017.5,0.0,0.0,,100.0
2025-09-06 05:00:00,2.6,2.8,,2.4,,94.0,0.7,2.0,134.0,134.0,1017.5,0.0,0.0,,100.0
2025-09-06 06:00:00,2.6,2.9,4.2,2.4,2.4,96.0,2.0,3.3,147.0,148.0,1017.8,0.0,0.0,1.4,100.0
2025-09-06 07:00:00,2.1,2.4,,1.7,,96.0,1.2,2.6,129.0,122.0,1017.9,0.0,0.0,,90.0
2025-09-06 08:00:00,2.2,2.3,,2.1,,97.0,0.0,1.2,0.0,0.0,1018.0,0.0,0.0,,
2025-09-06 09:00:00,2.0,2.2,,1.7,,98.0,0.0,0.0,0.0,0.0,1018.2,6.0,0.0,,
2025-09-06 10:00:00,2.3,2.8,,2.1,,99.0,0.0,0.0,0.0,0.0,1018.2,24.0,0.0,,100.0
2025-09-06 11:00:00,2.7,2.9,,2.5,,97.0,0.1,1.8,0.0,148.0,1018.2,40.0,0.0,,100.0
2025-09-06 12:00:00,3.3,3.7,3.7,2.9,1.7,92.0,0.0,0.0,0.0,0.0,1017.8,76.0,0.0,1.2,100.0
2025-09-06 13:00:00,3.6,3.8,,3.5,,88.0,2.8,4.7,125.0,120.0,1017.7,111.0,0.0,,100.0
2025-09-06 14:00:00,3.5,3.8,,3.3,,90.0,2.9,4.9,140.0,128.0,1017.4,119.0,0.0,,100.0
2025-09-06 15:00:00,3.8,4.0,,3.5,,84.0,2.8,4.8,139.0,120.0,1017.0,182.0,0.0,,100.0
2025-09-06 16:00:00,4.1,4.5,,3.7,,82.0,2.8,4.7,115.0,126.0,1016.6,216.0,0.0,,100.0
2025-09-06 17:00:00,4.2,4.4,,4.0,,80.0,1.2,4.3,0.0,127.0,1016.1,142.0,0.0,,100.0
2025-09-06 18:00:00,4.2,4.4,4.5,4.1,1.7,80.0,3.1,6.2,44.0,38.0,1015.8,99.0,0.0,0.1,100.0
2025-09-06 19:00:00,4.2,4.4,,4.1,,79.0,4.2,7.0,47.0,51.0,1015.5,118.0,0.0,,100.0
2025-09-06 20:00:00,3.9,4.3,,3.8,,80.0,4.3,6.6,34.0,37.0,1015.2,115.0,0.0,,100.0
2025-09-06 21:00:00,3.7,3.9,,3.5,,85.0,3.9,5.6,27.0,31.0,1014.8,113.0,0.0,,
2025-09-06 22:00:00,3.4,3.7,,3.1,,86.0,4.5,6.5,30.0,29.0,1014.2,55.0,0.0,,
2025-09-06 23:00:00,2.8,3.1,,2.6,,88.0,3.6,6.2,33.0,33.0,1013.7,7.0,0.0,,
2025-09-07 00:00:00,2.7,2.8,4.5,2.6,2.6,86.0,3.8,5.5,25.0,29.0,1013.3,0.0,0.0,0.0,
2025-09-07 01:00:00,2.9,3.0,,2.8,,82.0,3.8,5.7,24.0,25.0,1012.5,0.0,0.0,,
2025-09-07 02:00:00,3.1,3.2,,2.8,,78.0,4.1,6.8,25.0,27.0,1011.6,0.0,0.0,,
2025-09-07 03:00:00,3.1,3.2,,2.9,,82.0,3.7,6.0,20.0,23.0,1011.1,0.0,0.0,,
2025-09-07 04:00:00,2.8,3.0,,2.6,,82.0,3.8,6.3,11.0,18.0,1010.4,0.0,0.0,,
2025-09-07 05:00:00,2.9,3.1,,2.6,,76.0,4.9,9.1,9.0,12.0,1009.6,0.0,0.0,,
2025-09-07 06:00:00,2.7,2.9,4.4,2.4,2.4,74.0,6.3,9.9,23.0,14.0,1008.8,0.0,0.0,0.0,
2025-09-07 07:00:00,2.7,2.9,,2.4,,73.0,5.7,9.4,26.0,21.0,1008.1,0.0,0.0,,
2025-09-07 08:00:00,2.8,2.9,,2.7,,72.0,6.5,9.8,24.0,25.0,1007.7,0.0,0.0,,
2025-09-07 09:00:00,2.6,2.8,,2.4,,74.0,5.0,7.8,21.0,20.0,1007.0,10.0,0.0,,
2025-09-07 10:00:00,2.8,2.9,,2.8,,73.0,6.0,8.8,20.0,22.0,1006.2,72.0,0.0,,
2025-09-07 11:00:00,3.1,3.3,,2.9,,72.0,7.6,10.5,26.0,26.0,1005.4,160.0,0.0,,
2025-09-07 12:00:00,3.4,3.5,3.5,3.3,2.4,70.0,7.4,10.6,27.0,27.0,1004.2,251.0,0.0,0.0,
2025-09-07 13:00:00,3.6,3.7,,3.5,,70.0,7.8,11.0,26.0,27.0,1003.6,334.0,0.0,,
2025-09-07 14:00:00,3.9,4.1,,3.7,,69.0,7.8,10.7,26.0,27.0,1003.1,396.0,0.0,,
2025-09-07 15:00:00,4.2,4.5,,4.0,,70.0,7.7,10.6,27.0,26.0,1002.4,437.0,0.0,,
2025-09-07 16:00:00,4.7,4.9,,4.5,,69.0,6.2,8.9,24.0,26.0,1001.6,452.0,0.0,,
2025-09-07 17:00:00,5.1,5.4,,4.8,,70.0,4.9,8.1,11.0,18.0,1001.0,437.0,0.0,,
2025-09-07 18:00:00,5.2,5.5,5.5,5.1,2.4,72.0,4.9,7.7,7.0,10.0,1000.3,395.0,0.0,0.0,
2025-09-07 19:00:00,5.1,5.4,,5.0,,74.0,5.7,7.4,351.0,360.0,1000.1,328.0,0.0,,
2025-09-07 20:00:00,5.5,5.7,,5.3,,68.0,4.6,7.5,340.0,345.0,1000.3,238.0,0.0,,
2025-09-07 21:00:00,5.9,6.0,,5.8,,60.0,4.1,6.4,336.0,341.0,1000.2,151.0,0.0,,
2025-09-07 22:00:00,5.4,5.9,,5.0,,67.0,3.5,6.1,315.0,320.0,1000.3,62.0,0.0,,
2025-09-07 23:00:00,4.8,5.0,,4.3,,74.0,2.9,5.5,279.0,298.0,1000.7,8.0,0.0,,
2025-09-08 00:00:00,4.3,4.4,6.0,4.1,3.5,79.0,2.6,6.1,281.0,282.0,1001.1,0.0,0.0,0.0,
2025-09-08 01:00:00,3.8,4.1,,3.7,,85.0,2.8,5.5,281.0,266.0,1001.3,0.0,0.0,,
2025-09-08 02:00:00,3.8,3.9,,3.7,,88.0,3.4,6.1,256.0,277.0,1001.4,0.0,0.0,,
2025-09-08 03:00:00,3.6,3.8,,3.5,,89.0,2.8,5.0,261.0,255.0,1001.6,0.0,0.0,,
2025-09-08 04:00:00,3.5,3.7,,3.1,,94.0,3.0,5.0,209.0,256.0,1001.8,0.0,0.0,,
2025-09-08 05:00:00,3.1,3.3,,2.9,,95.0,2.2,3.9,232.0,225.0,1002.1,0.0,0.0,,75.0
2025-09-08 06:00:00,2.9,3.1,6.0,2.9,2.9,97.0,2.1,3.1,202.0,212.0,1002.4,0.0,0.0,0.0,100.0
2025-09-08 07:00:00,3.2,3.4,,2.9,,97.0,2.8,4.5,203.0,205.0,1002.8,0.0,0.0,,100.0
2025-09-08 08:00:00,3.4,3.5,,3.3,,96.0,3.3,5.1,221.0,213.0,1003.1,0.0,0.1,,100.0
2025-09-08 09:00:00,3.4,3.4,,3.4,,95.0,3.4,5.1,218.0,212.0,1003.3,2.0,0.1,,100.0
2025-09-08 10:00:00,3.4,3.5,,3.3,,93.0,4.2,6.0,203.0,207.0,1003.4,20.0,0.1,,100.0
2025-09-08 11:00:00,3.3,3.5,,3.2,,92.0,4.5,6.7,206.0,203.0,1003.4,67.0,0.0,,100.0
2025-09-08 12:00:00,3.4,3.8,4.1,3.3,2.9,89.0,4.2,6.5,202.0,205.0,1003.4,111.0,0.0,0.1,100.0
2025-09-08 13:00:00,3.7,3.9,,3.5,,87.0,3.3,5.3,203.0,202.0,1003.3,137.0,0.0,,100.0
2025-09-08 14:00:00,3.7,4.0,,3.6,,85.0,2.0,4.2,214.0,213.0,1003.4,128.0,0.0,,100.0
2025-09-08 15:00:00,4.1,4.3,,3.8,,82.0,0.6,4.3,159.0,177.0,1003.0,223.0,0.0,,75.0
2025-09-08 16:00:00,4.7,5.6,,4.1,,77.0,0.3,2.8,0.0,196.0,1002.5,472.0,0.0,,60.0
2025-09-08 17:00:00,4.4,5.6,,4.0,,80.0,1.0,3.3,339.0,347.0,1002.1,442.0,0.0,,60.0
2025-09-08 18:00:00,4.1,4.4,5.6,3.8,2.9,82.0,2.8,5.3,6.0,5.0,1001.6,322.0,0.0,0.1,0.0
2025-09-08 19:00:00,3.6,4.0,,3.2,,85.0,3.3,5.1,4.0,5.0,1001.4,310.0,0.0,,60.0
2025-09-08 20:00:00,3.2,3.6,,3.0,,87.0,3.0,4.3,7.0,5.0,1001.1,226.0,0.0,,0.0
2025-09-08 21:00:00,2.9,3.1,,2.8,,88.0,2.5,3.9,16.0,7.0,1000.8,138.0,0.0,,0.0
2025-09-08 22:00:00,2.7,2.9,,2.5,,90.0,1.5,2.6,25.0,24.0,1000.6,50.0,0.0,,10.0
2025-09-08 23:00:00,2.3,2.5,,2.1,,92.0,0.2,2.2,0.0,17.0,1000.3,6.0,0.0,,40.0
2025-09-09 00:00:00,2.1,2.2,5.6,1.9,1.9,94.0,0.0,0.0,0.0,0.0,1000.0,0.0,0.0,0.1,90.0
2025-09-09 01:00:00,2.3,2.3,,2.2,,92.0,0.3,3.6,295.0,300.0,999.6,0.0,0.0,,100.0
2025-09-09 02:00:00,2.2,2.3,,2.1,,92.0,0.5,3.3,287.0,302.0,999.2,0.0,0.0,,100.0
2025-09-09 03:00:00,2.0,2.2,,1.7,,94.0,1.5,4.1,275.0,286.0,998.9,0.0,0.0,,
2025-09-09 04:00:00,1.6,1.8,,1.4,,96.0,1.8,4.7,254.0,260.0,998.5,0.0,0.0,,100.0
2025-09-09 05:00:00,2.1,2.5,,1.8,,92.0,1.1,3.9,259.0,262.0,998.3,0.0,0.0,,100.0
2025-09-09 06:00:00,2.7,2.8,4.0,2.5,1.4,89.0,2.0,4.6,280.0,277.0,998.2,0.0,0.0,0.1,100.0
2025-09-09 07:00:00,2.5,2.6,,2.4,,89.0,1.6,5.0,281.0,279.0,998.3,0.0,0.0,,100.0
2025-09-09 08:00:00,2.5,2.6,,2.5,,88.0,0.6,3.4,246.0,248.0,998.5,0.0,0.0,,100.0
2025-09-09 09:00:00,2.4,2.5,,2.4,,89.0,0.5,2.8,249.0,270.0,998.6,2.0,0.0,,100.0
2025-09-09 10:00:00,2.6,2.8,,2.4,,85.0,0.7,4.4,0.0,220.0,998.6,20.0,0.0,,100.0
2025-09-09 11:00:00,2.8,2.9,,2.8,,86.0,0.3,2.9,276.0,253.0,998.7,35.0,0.0,,100.0
2025-09-09 12:00:00,2.7,2.9,2.9,2.6,1.4,85.0,1.2,3.7,0.0,264.0,999.0,57.0,0.0,0.0,100.0
2025-09-09 13:00:00,2.6,2.7,,2.5,,86.0,0.6,3.0,298.0,291.0,999.3,67.0,0.0,,100.0
2025-09-09 14:00:00,2.9,3.2,,2.6,,84.0,0.0,0.9,0.0,0.0,999.3,90.0,0.0,,100.0
2025-09-09 15:00:00,3.2,3.3,,3.0,,82.0,0.0,0.5,0.0,0.0,999.5,106.0,0.0,,100.0
2025-09-09 16:00:00,3.4,3.5,,3.2,,82.0,0.0,1.0,0.0,0.0,999.6,109.0,0.0,,100.0
2025-09-09 17:00:00,3.4,3.6,,3.2,,82.0,0.6,3.9,293.0,289.0,999.9,93.0,0.0,,100.0
2025-09-09 18:00:00,3.2,3.3,3.6,3.1,2.4,84.0,1.1,3.7,285.0,283.0,1000.4,67.0,0.0,0.0,100.0
2025-09-09 19:00:00,3.0,3.2,,2.9,,84.0,1.9,3.7,271.0,274.0,1000.8,50.0,0.0,,100.0
2025-09-09 20:00:00,2.9,2.9,,2.8,,84.0,1.8,3.4,306.0,279.0,1001.4,39.0,0.0,,100.0
2025-09-09 21:00:00,2.7,2.8,,2.7,,84.0,1.0,3.2,309.0,305.0,1001.9,26.0,0.0,,100.0
2025-09-09 22:00:00,2.6,2.8,,2.3,,84.0,0.7,3.3,251.0,283.0,1002.2,13.0,0.0,,100.0
2025-09-09 23:00:00,2.5,2.6,,2.4,,85.0,0.4,2.9,303.0,301.0,1002.5,2.0,0.0,,100.0
2025-09-10 00:00:00,2.7,2.8,3.6,2.6,2.3,79.0,1.5,3.5,330.0,318.0,1003.0,0.0,0.0,0.0,100.0
2025-09-10 01:00:00,2.8,2.8,,2.7,,78.0,0.4,2.7,0.0,344.0,1003.3,0.0,0.0,,100.0
2025-09-10 02:00:00,2.7,2.7,,2.6,,78.0,0.0,0.0,0.0,0.0,1003.5,0.0,0.0,,100.0
2025-09-10 03:00:00,2.6,2.7,,2.4,,81.0,0.2,3.1,203.0,206.0,1003.5,0.0,0.0,,60.0
2025-09-10 04:00:00,2.0,2.4,,1.8,,82.0,1.1,2.8,0.0,240.0,1004.0,0.0,0.0,,100.0
2025-09-10 05:00:00,2.1,2.2,,2.1,,82.0,0.3,2.4,0.0,257.0,1004.4,0.0,0.0,,100.0
2025-09-10 06:00:00,2.2,2.3,3.2,2.2,1.8,86.0,0.2,2.8,287.0,313.0,1004.6,0.0,0.0,0.0,100.0
2025-09-10 07:00:00,2.0,2.2,,1.8,,85.0,0.3,2.4,0.0,283.0,1005.1,0.0,0.0,,100.0
2025-09-10 09:00:00,1.8,1.9,,1.7,,89.0,0.1,1.9,0.0,325.0,1005.9,2.0,0.0,,90.0
2025-09-10 10:00:00,1.9,2.0,,1.7,,92.0,0.0,0.6,0.0,0.0,1006.2,17.0,0.1,,100.0
2025-09-10 11:00:00,2.3,2.5,,2.0,,89.0,0.4,2.7,217.0,219.0,1006.4,45.0,0.0,,100.0
2025-09-10 12:00:00,2.6,2.8,2.8,2.5,1.7,89.0,2.1,3.1,225.0,208.0,1006.5,85.0,0.0,0.0,100.0
2025-09-10 13:00:00,2.8,3.0,,2.7,,88.0,2.8,4.4,218.0,218.0,1006.8,123.0,0.0,,100.0
2025-09-10 14:00:00,3.2,3.3,,3.0,,87.0,2.6,4.3,248.0,240.0,1006.9,175.0,0.0,,100.0
2025-09-10 15:00:00,3.5,3.8,,3.2,,86.0,2.1,4.3,272.0,265.0,1007.0,195.0,0.0,,100.0
2025-09-10 16:00:00,3.8,4.0,,3.6,,84.0,2.3,4.7,286.0,274.0,1007.2,208.0,0.0,,100.0
2025-09-10 17:00:00,4.0,4.2,,3.9,,78.0,2.7,4.8,283.0,285.0,1007.5,216.0,0.0,,100.0
2025-09-10 18:00:00,4.0,4.1,4.2,3.9,1.7,76.0,2.6,5.0,296.0,296.0,1007.8,191.0,0.0,0.0,100.0
2025-09-10 19:00:00,3.8,4.0,,3.7,,79.0,3.1,5.4,303.0,304.0,1008.2,135.0,0.0,,100.0
2025-09-10 20:00:00,3.6,3.8,,3.4,,84.0,3.2,5.6,300.0,303.0,1008.6,101.0,0.0,,100.0
2025-09-10 21:00:00,3.3,3.4,,3.2,,87.0,3.3,5.8,315.0,306.0,1008.9,54.0,0.0,,100.0
2025-09-10 22:00:00,3.2,3.2,,3.1,,87.0,3.1,5.0,321.0,316.0,1009.3,20.0,0.0,,100.0
2025-09-10 23:00:00,3.1,3.1,,3.0,,84.0,3.2,5.4,302.0,316.0,1009.6,3.0,0.0,,100.0
2025-09-11 00:00:00,3.0,3.0,4.2,2.9,2.7,82.0,1.5,3.8,285.0,291.0,1009.9,0.0,0.0,0.0,100.0
2025-09-11 01:00:00,2.8,2.9,,2.7,,81.0,1.1,3.2,263.0,285.0,1010.1,0.0,0.0,,100.0
2025-09-11 02:00:00,2.6,2.7,,2.6,,81.0,0.2,2.2,0.0,266.0,1010.3,0.0,0.0,,100.0
2025-09-11 03:00:00,2.6,2.6,,2.6,,80.0,0.0,0.0,0.0,0.0,1010.7,0.0,0.0,,100.0
2025-09-11 04:00:00,2.5,2.6,,2.5,,81.0,0.0,0.0,0.0,0.0,1010.7,0.0,0.0,,100.0
2025-09-11 05:00:00,2.4,2.5,,2.2,,84.0,0.0,0.0,0.0,0.0,1011.0,0.0,0.0,,100.0
2025-09-11 06:00:00,2.3,2.3,4.0,2.2,2.2,86.0,0.0,0.0,0.0,0.0,1011.3,0.0,0.0,0.0,100.0
2025-09-11 07:00:00,2.0,2.4,,1.0,,87.0,1.0,4.8,215.0,220.0,1011.8,0.0,0.4,,
2025-09-11 08:00:00,1.6,1.9,,1.0,,90.0,0.7,2.4,158.0,231.0,1012.0,0.0,0.1,,100.0
2025-09-11 09:00:00,2.0,2.1,,1.8,,89.0,0.1,1.5,0.0,197.0,1012.3,2.0,0.0,,100.0
2025-09-11 10:00:00,2.1,2.3,,2.0,,89.0,0.0,2.3,0.0,0.0,1012.6,19.0,0.0,,100.0
2025-09-11 11:00:00,2.4,2.6,,2.3,,88.0,0.2,3.4,200.0,200.0,1012.9,54.0,0.0,,100.0
2025-09-11 12:00:00,2.3,2.6,2.9,2.0,1.0,85.0,2.4,4.5,232.0,214.0,1013.3,99.0,0.0,0.4,100.0
2025-09-11 13:00:00,2.5,3.0,,2.1,,80.0,0.9,3.8,303.0,255.0,1013.6,171.0,0.0,,100.0
2025-09-11 14:00:00,3.1,3.9,,2.1,,79.0,1.8,5.6,216.0,220.0,1013.8,349.0,0.0,,100.0
2025-09-11 15:00:00,3.4,3.7,,3.0,,73.0,1.9,4.7,295.0,257.0,1013.8,254.0,0.0,,100.0
2025-09-11 16:00:00,2.8,3.1,,2.5,,81.0,1.3,3.8,0.0,323.0,1014.0,160.0,0.0,,100.0
2025-09-11 17:00:00,2.7,3.0,,2.4,,81.0,1.0,3.4,4.0,14.0,1014.2,124.0,0.0,,100.0
2025-09-11 18:00:00,2.7,2.8,3.9,2.6,1.0,81.0,0.4,2.4,9.0,16.0,1014.6,137.0,0.0,0.4,100.0
2025-09-11 19:00:00,2.9,3.0,,2.8,,76.0,0.2,2.3,0.0,3.0,1014.9,169.0,0.0,,100.0
2025-09-11 20:00:00,3.0,3.2,,2.9,,77.0,0.0,0.2,0.0,0.0,1015.2,107.0,0.0,,100.0
2025-09-11 21:00:00,2.9,3.0,,2.8,,78.0,0.0,0.4,0.0,0.0,1015.5,57.0,0.0,,100.0
2025-09-11 22:00:00,2.8,2.9,,2.8,,79.0,0.0,0.0,0.0,0.0,1015.8,20.0,0.0,,100.0
2025-09-11 23:00:00,2.8,2.8,,2.8,,81.0,0.0,0.0,0.0,0.0,1016.0,2.0,0.0,,100.0
2025-09-12 00:00:00,2.8,2.8,3.9,2.8,2.1,81.0,0.0,0.0,0.0,0.0,1016.2,0.0,0.0,0.4,100.0
2025-09-12 01:00:00,2.8,2.8,,2.8,,82.0,0.0,0.0,0.0,0.0,1016.2,0.0,0.0,,100.0
2025-09-12 02:00:00,2.7,2.8,,2.4,,81.0,0.2,2.5,173.0,173.0,1016.3,0.0,0.0,,100.0
2025-09-12 03:00:00,2.4,2.6,,2.3,,84.0,0.3,2.2,0.0,174.0,1016.2,0.0,0.0,,100.0
2025-09-12 04:00:00,2.5,2.6,,2.5,,84.0,0.0,0.0,0.0,0.0,1016.2,0.0,0.0,,100.0
2025-09-12 05:00:00,2.7,2.8,,2.6,,85.0,1.5,3.5,2.0,1.0,1016.1,0.0,0.0,,100.0
2025-09-12 06:00:00,2.8,2.8,3.2,2.7,2.3,82.0,2.7,4.3,5.0,6.0,1016.1,0.0,0.0,0.4,100.0
2025-09-12 07:00:00,2.8,2.9,,2.8,,77.0,3.3,4.5,1.0,3.0,1016.2,0.0,0.0,,100.0
2025-09-12 08:00:00,2.8,2.9,,2.8,,73.0,3.5,5.3,353.0,360.0,1016.0,0.0,0.0,,100.0
2025-09-12 09:00:00,2.8,2.8,,2.7,,75.0,3.1,5.5,5.0,3.0,1016.2,2.0,0.0,,100.0
2025-09-12 10:00:00,2.8,2.9,,2.7,,75.0,3.2,4.7,353.0,353.0,1016.2,10.0,0.0,,100.0
2025-09-12 11:00:00,2.9,3.0,,2.9,,76.0,2.6,4.5,358.0,353.0,1016.0,36.0,0.0,,100.0
2025-09-12 12:00:00,3.2,3.3,3.3,3.0,2.3,73.0,3.9,5.5,352.0,354.0,1015.9,75.0,0.0,0.0,100.0
2025-09-12 13:00:00,3.4,3.8,,3.3,,73.0,3.7,5.8,355.0,350.0,1015.7,155.0,0.0,,100.0
2025-09-12 14:00:00,3.4,4.0,,3.0,,74.0,3.3,5.7,16.0,20.0,1015.7,281.0,0.0,,100.0
2025-09-12 15:00:00,3.1,3.3,,2.9,,75.0,2.9,4.4,4.0,5.0,1015.4,236.0,0.0,,100.0
2025-09-12 16:00:00,2.9,3.1,,2.8,,76.0,2.7,4.5,6.0,6.0,1015.1,206.0,0.0,,100.0
2025-09-12 17:00:00,2.9,3.1,,2.7,,77.0,2.1,3.4,1.0,4.0,1014.8,304.0,0.0,,0.0
2025-09-12 18:00:00,3.4,3.8,4.0,3.1,2.7,76.0,1.0,2.4,316.0,343.0,1014.4,363.0,0.0,0.0,0.0
2025-09-12 19:00:00,3.8,3.9,,3.6,,64.0,2.9,5.3,302.0,315.0,1014.2,295.0,0.0,,0.0
2025-09-12 20:00:00,3.7,3.9,,3.6,,59.0,2.9,5.6,288.0,301.0,1014.2,190.0,0.0,,0.0
2025-09-12 21:00:00,3.7,3.8,,3.6,,57.0,2.5,4.8,287.0,288.0,1014.0,115.0,0.0,,0.0
2025-09-12 22:00:00,3.4,3.6,,3.0,,62.0,1.6,3.6,277.0,282.0,1013.8,35.0,0.0,,0.0
2025-09-12 23:00:00,2.7,2.9,,2.6,,66.0,0.1,1.9,0.0,284.0,1013.7,1.0,0.0,,0.0
2025-09-13 00:00:00,2.2,2.5,4.0,1.9,1.9,71.0,0.0,0.0,0.0,0.0,1013.5,0.0,0.0,0.0,0.0
2025-09-13 01:00:00,2.0,2.2,,1.8,,70.0,0.0,0.0,0.0,0.0,1013.2,0.0,0.0,,0.0
2025-09-13 02:00:00,1.8,2.0,,1.6,,73.0,0.0,0.0,0.0,0.0,1013.1,0.0,0.0,,0.0
2025-09-13 03:00:00,1.3,1.9,,1.0,,79.0,0.0,0.0,0.0,0.0,1013.0,0.0,0.0,,0.0
2025-09-13 04:00:00,1.2,1.6,,1.0,,77.0,0.0,0.0,0.0,0.0,1012.8,0.0,0.0,,0.0
2025-09-13 05:00:00,1.3,1.4,,1.1,,76.0,0.0,0.0,0.0,0.0,1012.6,0.0,0.0,,0.0
2025-09-13 06:00:00,1.1,1.4,3.9,0.9,0.9,81.0,0.0,0.0,0.0,0.0,1012.5,0.0,0.0,0.0,0.0
2025-09-13 07:00:00,0.9,1.4,,0.5,,83.0,0.0,0.0,0.0,0.0,1012.5,0.0,0.0,,0.0
2025-09-13 08:00:00,1.0,1.4,,0.5,,86.0,0.0,0.0,0.0,0.0,1012.4,0.0,0.0,,0.0
2025-09-13 09:00:00,1.3,1.3,,1.2,,85.0,0.0,1.0,0.0,0.0,1012.4,2.0,0.0,,0.0
2025-09-13 10:00:00,1.6,1.7,,1.3,,83.0,0.0,0.0,0.0,0.0,1012.2,44.0,0.0,,0.0
2025-09-13 11:00:00,2.2,2.7,,1.4,,81.0,0.0,0.0,0.0,0.0,1012.0,130.0,0.0,,0.0
2025-09-13 12:00:00,2.8,3.0,3.0,2.6,0.5,80.0,0.7,3.1,0.0,335.0,1011.9,214.0,0.0,0.0,0.0
2025-09-13 13:00:00,2.9,3.0,,2.9,,77.0,0.0,0.9,9.0,0.0,1011.7,299.0,0.0,,0.0
2025-09-13 14:00:00,3.1,3.3,,2.9,,74.0,0.4,2.4,358.0,6.0,1011.5,362.0,0.0,,0.0
2025-09-13 15:00:00,3.2,3.3,,3.1,,70.0,0.4,2.3,6.0,5.0,1011.3,402.0,0.0,,0.0
2025-09-13 16:00:00,3.3,3.4,,3.1,,72.0,1.3,3.2,360.0,4.0,1011.0,414.0,0.0,,0.0
2025-09-13 17:00:00,3.3,3.5,,3.2,,71.0,0.1,1.4,354.0,356.0,1010.8,399.0,0.0,,0.0
2025-09-13 18:00:00,3.5,3.7,3.7,3.2,0.5,66.0,0.8,2.7,10.0,359.0,1010.6,356.0,0.0,0.0,0.0
2025-09-13 19:00:00,3.6,3.8,,3.5,,61.0,0.5,2.7,0.0,2.0,1010.7,293.0,0.0,,0.0
2025-09-13 20:00:00,3.6,3.7,,3.4,,70.0,0.1,2.3,290.0,291.0,1010.7,203.0,0.0,,0.0
2025-09-13 21:00:00,3.5,3.6,,3.4,,74.0,0.6,2.6,290.0,289.0,1010.8,114.0,0.0,,0.0
2025-09-13 22:00:00,3.1,3.4,,2.7,,79.0,0.9,2.9,280.0,279.0,1010.7,32.0,0.0,,0.0
2025-09-13 23:00:00,2.5,2.7,,2.4,,86.0,0.4,2.2,254.0,267.0,1010.6,1.0,0.0,,0.0
2025-09-14 00:00:00,2.3,2.5,3.8,2.1,2.1,88.0,0.2,2.2,0.0,267.0,1010.9,0.0,0.0,0.0,0.0
2025-09-14 01:00:00,2.0,2.3,,1.6,,90.0,0.0,0.0,0.0,0.0,1010.8,0.0,0.0,,0.0
2025-09-14 02:00:00,1.6,1.9,,1.4,,93.0,0.0,1.4,165.0,0.0,1010.9,0.0,0.0,,0.0
2025-09-14 03:00:00,1.4,1.6,,1.1,,95.0,1.6,2.5,165.0,174.0,1010.8,0.0,0.0,,0.0
2025-09-14 04:00:00,1.2,1.5,,1.1,,95.0,2.2,3.3,174.0,171.0,1010.9,0.0,0.0,,0.0
2025-09-14 05:00:00,1.1,1.3,,1.0,,96.0,2.7,3.5,175.0,183.0,1011.0,0.0,0.0,,0.0
2025-09-14 06:00:00,1.3,1.7,3.8,1.1,1.0,96.0,2.8,3.6,199.0,188.0,1011.1,0.0,0.0,0.0,100.0
2025-09-14 07:00:00,1.4,1.7,,1.1,,94.0,2.9,4.5,182.0,187.0,1011.4,0.0,0.0,,60.0
2025-09-14 08:00:00,1.4,1.6,,1.2,,92.0,3.2,4.5,182.0,178.0,1011.7,0.0,0.0,,75.0
2025-09-14 09:00:00,1.7,1.8,,1.5,,90.0,3.2,4.6,190.0,188.0,1011.8,2.0,0.0,,90.0
2025-09-14 10:00:00,1.7,1.8,,1.6,,88.0,3.1,4.9,182.0,182.0,1012.1,39.0,0.0,,10.0
2025-09-14 11:00:00,2.1,2.4,,1.7,,86.0,1.8,2.8,172.0,177.0,1012.3,125.0,0.0,,0.0
2025-09-14 12:00:00,2.4,2.8,2.8,2.0,1.0,84.0,2.4,3.7,174.0,168.0,1012.5,179.0,0.0,0.0,10.0
2025-09-14 13:00:00,2.6,2.8,,2.3,,81.0,2.6,4.2,168.0,171.0,1012.6,208.0,0.0,,75.0
2025-09-14 14:00:00,2.7,3.1,,2.3,,80.0,2.6,5.5,142.0,160.0,1012.9,251.0,0.0,,100.0
2025-09-14 15:00:00,2.6,2.8,,2.4,,79.0,2.3,4.8,177.0,162.0,1012.8,229.0,0.0,,100.0
2025-09-14 16:00:00,2.7,3.0,,2.6,,79.0,2.5,4.4,182.0,180.0,1012.7,243.0,0.0,,100.0
2025-09-14 17:00:00,2.8,3.0,,2.5,,77.0,0.8,3.4,213.0,201.0,1012.7,183.0,0.0,,100.0
2025-09-14 18:00:00,2.9,3.1,3.1,2.8,1.1,78.0,0.8,3.2,358.0,354.0,1012.7,146.0,0.0,0.0,100.0
2025-09-14 19:00:00,2.9,3.0,,2.8,,79.0,1.4,2.8,3.0,2.0,1012.9,129.0,0.0,,100.0
2025-09-14 20:00:00,2.8,3.1,,2.6,,81.0,2.3,3.8,24.0,30.0,1013.0,90.0,0.0,,100.0
2025-09-14 21:00:00,2.5,2.6,,2.5,,82.0,2.9,4.1,25.0,27.0,1013.0,36.0,0.0,,100.0
2025-09-14 22:00:00,2.5,2.6,,2.5,,83.0,2.4,3.8,34.0,32.0,1012.9,10.0,0.0,,100.0
2025-09-14 23:00:00,2.5,2.5,,2.5,,85.0,2.1,3.7,43.0,42.0,1012.9,0.0,0.0,,100.0
2025-09-15 00:00:00,2.5,2.5,3.1,2.5,2.3,86.0,2.4,3.7,40.0,38.0,1013.0,0.0,0.0,0.0,100.0
2025-09-15 01:00:00,2.6,2.8,,2.5,,85.0,1.5,3.5,86.0,49.0,1012.9,0.0,0.0,,100.0
2025-09-15 02:00:00,2.6,2.7,,2.6,,86.0,2.4,3.8,26.0,31.0,1012.8,0.0,0.0,,100.0
2025-09-15 03:00:00,2.7,2.9,,2.6,,87.0,2.2,3.9,86.0,47.0,1012.7,0.0,0.0,,100.0
2025-09-15 04:00:00,2.8,2.9,,2.7,,83.0,1.2,3.6,143.0,127.0,1012.5,0.0,0.0,,100.0
2025-09-15 05:00:00,2.6,2.7,,2.4,,83.0,0.8,2.5,179.0,173.0,1012.6,0.0,0.0,,100.0
2025-09-15 06:00:00,2.4,2.4,3.1,2.3,2.3,81.0,0.4,2.1,0.0,178.0,1012.5,0.0,0.0,0.0,100.0
2025-09-15 07:00:00,2.3,2.3,,2.3,,81.0,0.0,0.0,0.0,0.0,1012.4,0.0,0.0,,100.0
2025-09-15 08:00:00,2.0,2.3,,1.6,,84.0,0.0,0.0,0.0,0.0,1012.5,0.0,0.0,,90.0
2025-09-15 09:00:00,2.2,2.3,,2.1,,87.0,0.0,1.0,0.0,0.0,1012.7,1.0,0.0,,90.0
2025-09-15 10:00:00,2.3,2.5,,2.1,,90.0,0.1,1.8,337.0,313.0,1012.6,30.0,0.0,,90.0
2025-09-15 11:00:00,2.6,2.8,,2.5,,90.0,0.1,2.3,309.0,308.0,1012.9,120.0,0.0,,0.0
2025-09-15 12:00:00,3.1,3.2,3.2,2.9,1.6,88.0,1.4,4.0,292.0,288.0,1013.0,210.0,0.0,0.0,0.0
2025-09-15 13:00:00,3.3,3.4,,3.0,,87.0,2.1,4.5,272.0,278.0,1013.1,264.0,0.0,,90.0
2025-09-15 14:00:00,3.4,3.6,,3.1,,85.0,2.6,4.8,281.0,283.0,1013.3,335.0,0.0,,10.0
2025-09-15 15:00:00,3.5,3.7,,3.4,,83.0,2.6,4.8,285.0,283.0,1013.6,380.0,0.0,,10.0
2025-09-15 16:00:00,3.6,3.8,,3.4,,81.0,2.8,5.0,271.0,268.0,1013.6,364.0,0.0,,90.0
2025-09-15 17:00:00,3.6,3.7,,3.4,,80.0,2.4,4.6,271.0,269.0,1013.8,281.0,0.0,,60.0
2025-09-15 18:00:00,3.3,3.7,3.8,3.2,1.6,80.0,2.4,4.6,272.0,268.0,1014.2,177.0,0.0,0.0,100.0
2025-09-15 19:00:00,3.1,3.2,,3.0,,80.0,2.0,4.2,276.0,269.0,1014.7,144.0,0.0,,10.0
2025-09-15 20:00:00,3.1,3.4,,2.9,,79.0,2.3,4.5,271.0,268.0,1015.3,170.0,0.0,,75.0
2025-09-15 21:00:00,2.6,3.1,,2.4,,81.0,2.1,3.8,240.0,245.0,1015.7,80.0,0.0,,90.0
2025-09-15 22:00:00,2.2,2.4,,2.0,,83.0,0.9,3.4,219.0,226.0,1015.9,13.0,0.0,,100.0
2025-09-15 23:00:00,2.1,2.2,,2.0,,85.0,1.9,4.1,200.0,196.0,1016.3,0.0,0.0,,100.0
2025-09-16 00:00:00,1.9,2.1,3.8,1.7,1.7,88.0,1.2,4.2,0.0,216.0,1016.9,0.0,0.0,0.0,100.0
2025-09-16 01:00:00,1.8,1.9,,1.7,,89.0,0.7,3.2,199.0,190.0,1017.2,0.0,0.0,,100.0
2025-09-16 02:00:00,1.8,1.8,,1.7,,89.0,0.4,3.7,0.0,219.0,1017.5,0.0,0.0,,100.0
2025-09-16 03:00:00,1.8,1.8,,1.7,,88.0,0.1,1.9,0.0,305.0,1017.5,0.0,0.0,,100.0
2025-09-16 04:00:00,1.8,1.8,,1.7,,90.0,0.3,2.6,349.0,342.0,1017.7,0.0,0.0,,100.0
2025-09-16 05:00:00,1.7,1.7,,1.6,,93.0,2.4,3.8,18.0,3.0,1017.8,0.0,0.0,,100.0
2025-09-16 06:00:00,1.6,1.7,3.4,1.6,1.6,94.0,1.9,3.3,24.0,24.0,1017.9,0.0,0.0,0.0,100.0
2025-09-16 07:00:00,1.8,1.9,,1.7,,90.0,2.0,4.5,20.0,21.0,1018.0,0.0,0.0,,100.0
2025-09-16 08:00:00,1.9,1.9,,1.8,,89.0,2.5,4.3,21.0,22.0,1018.3,0.0,0.0,,100.0
2025-09-16 09:00:00,2.0,2.1,,1.9,,89.0,2.7,4.2,26.0,24.0,1018.5,0.0,0.0,,100.0
2025-09-16 10:00:00,2.3,2.4,,2.1,,84.0,1.1,3.6,64.0,35.0,1018.4,11.0,0.0,,100.0
2025-09-16 11:00:00,2.3,2.3,,2.3,,82.0,0.5,3.2,96.0,67.0,1018.5,23.0,0.0,,100.0
2025-09-16 12:00:00,2.5,2.7,2.7,2.3,1.6,81.0,0.9,3.8,31.0,34.0,1018.4,68.0,0.0,0.0,100.0
2025-09-16 13:00:00,2.6,2.8,,2.5,,82.0,1.4,4.0,34.0,24.0,1018.5,99.0,0.0,,100.0
2025-09-16 14:00:00,2.6,2.7,,2.5,,83.0,1.9,4.0,27.0,25.0,1018.4,89.0,0.0,,100.0
2025-09-16 15:00:00,2.7,2.8,,2.6,,83.0,2.1,4.6,353.0,1.0,1018.0,144.0,0.0,,100.0
2025-09-16 16:00:00,2.7,3.1,,2.6,,81.0,2.3,4.9,360.0,11.0,1017.6,254.0,0.0,,100.0
2025-09-16 17:00:00,2.7,2.9,,2.5,,81.0,3.6,6.3,359.0,1.0,1017.3,279.0,0.0,,90.0
2025-09-16 18:00:00,2.7,2.9,3.1,2.6,1.7,84.0,3.7,5.3,355.0,355.0,1017.2,207.0,0.0,0.0,100.0
2025-09-16 19:00:00,2.5,2.7,,2.4,,85.0,3.6,5.1,352.0,353.0,1017.2,216.0,0.0,,50.0
2025-09-16 20:00:00,2.6,2.7,,2.5,,83.0,2.9,4.2,351.0,356.0,1017.0,180.0,0.0,,0.0
2025-09-16 21:00:00,2.6,2.6,,2.4,,83.0,2.4,3.6,354.0,354.0,1017.0,97.0,0.0,,0.0
2025-09-16 22:00:00,2.3,2.4,,2.1,,85.0,1.3,2.6,346.0,353.0,1016.8,21.0,0.0,,0.0
2025-09-16 23:00:00,2.1,2.2,,2.1,,85.0,0.2,1.9,0.0,345.0,1016.8,0.0,0.0,,0.0
2025-09-17 00:00:00,2.2,2.3,3.1,2.1,2.1,86.0,0.0,0.0,0.0,0.0,1016.8,0.0,0.0,0.0,0.0
2025-09-17 01:00:00,2.1,2.3,,1.9,,86.0,0.0,0.0,0.0,0.0,1016.6,0.0,0.0,,0.0
2025-09-17 02:00:00,2.1,2.3,,1.8,,85.0,0.0,0.0,0.0,0.0,1016.4,0.0,0.0,,0.0
2025-09-17 03:00:00,1.8,2.0,,1.5,,87.0,0.0,0.0,0.0,0.0,1016.3,0.0,0.0,,50.0
2025-09-17 04:00:00,1.8,2.2,,1.4,,87.0,0.0,0.0,0.0,0.0,1016.3,0.0,0.0,,0.0
2025-09-17 05:00:00,1.8,2.4,,1.3,,87.0,0.0,0.0,0.0,0.0,1016.2,0.0,0.0,,0.0
2025-09-17 06:00:00,1.2,1.4,2.7,0.8,0.8,92.0,0.0,0.6,0.0,0.0,1016.4,0.0,0.0,0.0,0.0
2025-09-17 07:00:00,1.3,1.5,,0.8,,93.0,0.1,0.8,0.0,199.0,1016.4,0.0,0.0,,0.0
2025-09-17 08:00:00,1.5,1.7,,1.3,,91.0,0.1,1.3,181.0,182.0,1016.7,0.0,0.0,,0.0
2025-09-17 09:00:00,1.6,2.2,,0.8,,90.0,1.2,3.1,160.0,174.0,1017.0,1.0,0.0,,0.0
2025-09-17 10:00:00,1.6,1.8,,1.4,,91.0,1.0,2.6,170.0,170.0,1017.2,31.0,0.0,,0.0
2025-09-17 11:00:00,2.2,2.7,,1.6,,92.0,0.4,2.2,175.0,168.0,1017.4,108.0,0.0,,0.0
2025-09-17 12:00:00,3.1,3.5,3.5,2.7,0.8,89.0,1.4,3.0,168.0,165.0,1017.5,194.0,0.0,0.0,0.0
2025-09-17 13:00:00,4.1,4.8,,3.5,,83.0,0.0,1.0,0.0,0.0,1017.8,275.0,0.0,,0.0
2025-09-17 14:00:00,4.5,5.6,,4.0,,80.0,0.0,1.3,8.0,0.0,1017.7,335.0,0.0,,0.0
2025-09-17 15:00:00,4.1,4.4,,3.9,,81.0,0.1,1.0,0.0,359.0,1017.7,373.0,0.0,,0.0
2025-09-17 16:00:00,4.4,4.5,,4.2,,83.0,0.5,2.8,360.0,360.0,1017.5,384.0,0.0,,0.0
2025-09-17 17:00:00,4.4,4.6,,4.3,,88.0,2.0,3.1,3.0,360.0,1017.6,364.0,0.0,,0.0
2025-09-17 18:00:00,4.4,4.6,5.6,4.2,0.8,90.0,1.8,3.2,8.0,9.0,1017.7,254.0,0.0,0.0,0.0
2025-09-17 19:00:00,4.5,4.7,,4.2,,91.0,1.0,2.8,2.0,6.0,1018.0,239.0,0.0,,75.0
2025-09-17 20:00:00,4.6,5.3,,4.1,,89.0,0.0,1.1,0.0,0.0,1018.0,143.0,0.0,,0.0
2025-09-17 21:00:00,4.5,5.2,,4.4,,89.0,0.0,0.6,0.0,0.0,1018.3,85.0,0.0,,0.0
2025-09-17 22:00:00,4.6,4.9,,4.3,,85.0,0.0,0.0,0.0,0.0,1018.3,8.0,0.0,,10.0
2025-09-17 23:00:00,4.4,5.0,,3.9,,80.0,0.0,0.0,0.0,0.0,1018.7,0.0,0.0,,100.0
2025-09-18 00:00:00,4.1,4.4,5.6,3.6,3.5,85.0,0.8,3.8,235.0,226.0,1019.1,0.0,0.0,0.0,100.0
2025-09-18 01:00:00,3.7,3.8,,3.5,,89.0,1.5,3.8,257.0,256.0,1019.1,0.0,0.0,,100.0
2025-09-18 02:00:00,3.7,3.8,,3.6,,86.0,1.2,3.4,245.0,239.0,1019.4,0.0,0.0,,100.0
2025-09-18 03:00:00,3.6,3.7,,3.6,,89.0,0.0,1.6,225.0,0.0,1019.6,0.0,0.0,,100.0
2025-09-18 04:00:00,3.5,3.6,,3.4,,94.0,1.4,3.7,252.0,244.0,1019.7,0.0,0.1,,100.0
2025-09-18 05:00:00,3.4,3.4,,3.3,,95.0,0.6,3.4,0.0,219.0,1020.0,0.0,0.0,,100.0
2025-09-18 06:00:00,3.3,3.3,5.3,3.2,3.2,96.0,0.3,2.3,0.0,167.0,1020.3,0.0,0.0,0.0,100.0
2025-09-18 07:00:00,3.2,3.3,,3.1,,96.0,0.1,1.0,47.0,47.0,1020.1,0.0,0.0,,90.0
2025-09-18 08:00:00,3.0,3.3,,2.8,,96.0,0.0,0.0,0.0,0.0,1020.4,0.0,0.0,,100.0
2025-09-18 09:00:00,3.3,3.6,,3.0,,93.0,0.1,2.2,0.0,56.0,1020.5,1.0,0.0,,60.0
2025-09-18 10:00:00,3.4,3.5,,3.2,,92.0,0.0,0.0,0.0,0.0,1020.8,22.0,0.0,,75.0
2025-09-18 11:00:00,3.5,3.8,,3.3,,96.0,0.3,2.0,6.0,349.0,1020.8,120.0,0.0,,90.0
2025-09-18 12:00:00,4.1,4.4,4.4,3.8,2.8,95.0,2.8,4.6,35.0,21.0,1020.9,212.0,0.0,0.0,60.0
2025-09-18 13:00:00,4.8,5.2,,4.4,,86.0,2.8,4.2,44.0,44.0,1021.1,213.0,0.0,,90.0
2025-09-18 14:00:00,4.8,5.1,,4.6,,88.0,3.3,6.3,33.0,28.0,1020.9,213.0,0.0,,100.0
2025-09-18 15:00:00,5.3,5.9,,4.7,,82.0,2.7,5.0,4.0,36.0,1020.8,211.0,0.0,,100.0
2025-09-18 16:00:00,5.4,5.9,,5.0,,82.0,3.0,4.7,32.0,31.0,1020.6,221.0,0.0,,100.0
2025-09-18 17:00:00,5.5,5.9,,4.9,,79.0,3.3,5.4,13.0,21.0,1020.4,214.0,0.0,,100.0
2025-09-18 18:00:00,5.2,5.6,5.9,4.8,2.8,80.0,3.1,5.4,20.0,19.0,1020.2,150.0,0.0,0.0,0.0
2025-09-18 19:00:00,5.3,5.6,,5.1,,79.0,2.5,5.0,38.0,26.0,1019.9,142.0,0.0,,0.0
2025-09-18 20:00:00,5.3,5.6,,5.0,,79.0,3.3,5.5,26.0,34.0,1019.7,84.0,0.0,,0.0
2025-09-18 21:00:00,4.9,5.1,,4.8,,79.0,3.9,5.8,27.0,28.0,1019.5,40.0,0.0,,0.0
2025-09-18 22:00:00,4.6,5.0,,4.2,,80.0,1.7,4.3,23.0,29.0,1018.9,8.0,0.0,,0.0
2025-09-18 23:00:00,4.0,4.3,,3.7,,83.0,2.3,4.0,15.0,18.0,1018.3,0.0,0.0,,0.0
2025-09-19 00:00:00,4.7,5.0,5.9,4.1,3.7,77.0,4.8,7.5,37.0,33.0,1017.7,0.0,0.0,0.0,0.0
2025-09-19 01:00:00,4.5,4.7,,4.4,,79.0,5.3,8.2,34.0,37.0,1017.1,0.0,0.0,,0.0
2025-09-19 02:00:00,4.8,5.1,,4.4,,73.0,6.3,11.3,25.0,35.0,1016.2,0.0,0.0,,0.0
2025-09-19 03:00:00,4.4,4.8,,4.2,,75.0,7.1,10.3,26.0,28.0,1015.7,0.0,0.0,,0.0
2025-09-19 04:00:00,3.8,4.2,,3.6,,79.0,5.7,8.6,37.0,34.0,1014.8,0.0,0.0,,0.0
2025-09-19 05:00:00,3.6,3.8,,3.5,,81.0,5.3,8.5,42.0,37.0,1014.4,0.0,0.0,,0.0
2025-09-19 06:00:00,3.6,3.8,5.6,3.4,3.4,79.0,5.1,8.4,43.0,45.0,1013.8,0.0,0.0,0.0,0.0
2025-09-19 07:00:00,3.5,3.7,,3.4,,80.0,5.3,8.1,43.0,39.0,1013.5,0.0,0.0,,0.0
2025-09-19 08:00:00,3.3,3.5,,3.1,,81.0,5.6,8.8,41.0,37.0,1013.1,0.0,0.0,,0.0
2025-09-19 09:00:00,3.1,3.3,,3.0,,79.0,6.2,9.9,36.0,37.0,1013.0,0.0,0.0,,0.0
2025-09-19 10:00:00,3.2,3.5,,3.0,,75.0,6.1,9.9,34.0,41.0,1012.7,25.0,0.0,,0.0
2025-09-19 11:00:00,3.4,3.7,,3.3,,75.0,6.4,9.9,38.0,38.0,1012.3,72.0,0.0,,0.0
2025-09-19 12:00:00,3.9,4.1,5.1,3.4,3.0,73.0,7.2,10.7,50.0,51.0,1012.1,176.0,0.0,0.0,0.0
2025-09-19 13:00:00,4.1,4.3,,4.0,,75.0,5.9,9.2,37.0,45.0,1011.6,228.0,0.0,,0.0
2025-09-19 14:00:00,4.4,4.6,,4.3,,75.0,6.3,11.0,40.0,41.0,1011.6,251.0,0.0,,0.0
2025-09-19 15:00:00,4.7,5.0,,4.4,,72.0,5.5,9.3,50.0,41.0,1011.7,303.0,0.0,,0.0
2025-09-19 16:00:00,5.1,5.3,,4.9,,71.0,5.4,8.7,36.0,37.0,1011.1,319.0,0.0,,0.0
2025-09-19 17:00:00,5.5,5.9,,4.9,,69.0,3.9,7.1,29.0,42.0,1011.4,334.0,0.0,,10.0
2025-09-19 18:00:00,5.0,5.5,5.9,4.5,3.0,75.0,3.7,5.6,4.0,17.0,1011.2,197.0,0.0,0.0,0.0
2025-09-19 19:00:00,4.9,5.3,,4.5,,79.0,2.4,4.2,6.0,29.0,1011.1,113.0,0.0,,60.0
2025-09-19 20:00:00,5.0,5.5,,4.3,,81.0,0.8,3.3,0.0,42.0,1011.3,63.0,0.0,,25.0
2025-09-19 21:00:00,4.3,4.4,,4.2,,88.0,0.9,2.9,14.0,17.0,1011.1,18.0,0.0,,100.0
2025-09-19 22:00:00,4.4,4.8,,4.2,,87.0,0.5,2.7,0.0,10.0,1011.4,3.0,0.0,,100.0
2025-09-19 23:00:00,4.6,5.0,,4.3,,84.0,0.0,0.0,0.0,0.0,1011.3,0.0,0.0,,90.0
2025-09-20 00:00:00,4.4,4.7,5.9,4.2,4.0,86.0,0.0,0.0,0.0,0.0,1010.8,0.0,0.0,0.0,100.0
2025-09-20 01:00:00,4.5,5.0,,4.1,,81.0,0.0,0.6,0.0,0.0,1010.9,0.0,0.0,,100.0
2025-09-20 02:00:00,4.6,5.0,,4.2,,77.0,1.3,3.4,203.0,212.0,1010.8,0.0,0.0,,100.0
2025-09-20 03:00:00,4.5,4.8,,4.1,,77.0,3.0,5.8,199.0,202.0,1010.9,0.0,0.0,,100.0
2025-09-20 04:00:00,4.6,5.1,,4.2,,76.0,3.9,7.1,196.0,207.0,1011.0,0.0,0.1,,100.0
2025-09-20 05:00:00,4.1,4.2,,4.0,,87.0,4.2,6.6,199.0,204.0,1011.0,0.0,0.0,,100.0
2025-09-20 06:00:00,4.0,4.1,5.5,4.0,4.0,91.0,4.8,6.4,192.0,190.0,1011.3,0.0,0.1,0.1,100.0
2025-09-20 07:00:00,3.9,4.0,,3.8,,92.0,3.9,5.6,195.0,196.0,1011.5,0.0,0.1,,100.0
2025-09-20 08:00:00,3.8,3.9,,3.7,,94.0,4.4,6.7,189.0,194.0,1011.6,0.0,0.0,,100.0
2025-09-20 09:00:00,3.6,3.7,,3.5,,95.0,4.7,6.3,185.0,184.0,1011.7,0.0,0.1,,40.0
2025-09-20 10:00:00,3.4,3.5,,3.3,,93.0,3.9,5.9,189.0,187.0,1011.7,9.0,0.0,,100.0
2025-09-20 11:00:00,3.1,3.3,,2.9,,92.0,2.1,4.2,203.0,185.0,1011.1,34.0,0.0,,10.0
2025-09-20 12:00:00,3.4,3.7,5.1,3.0,2.9,90.0,1.4,3.8,180.0,189.0,1011.8,100.0,0.0,0.2,0.0
2025-09-20 13:00:00,4.3,4.9,,3.5,,85.0,0.7,3.0,4.0,179.0,1011.0,214.0,0.0,,0.0
2025-09-20 14:00:00,3.9,4.2,,3.8,,89.0,2.4,4.2,27.0,10.0,1010.6,262.0,0.0,,0.0
2025-09-20 15:00:00,3.9,4.0,,3.7,,92.0,4.0,5.8,4.0,9.0,1010.0,267.0,0.0,,10.0
2025-09-20 16:00:00,4.2,4.5,,3.8,,92.0,4.3,5.9,28.0,22.0,1009.4,310.0,0.0,,0.0
2025-09-20 17:00:00,5.0,5.6,,4.4,,82.0,4.6,7.0,29.0,27.0,1008.6,338.0,0.0,,10.0
2025-09-20 18:00:00,5.4,5.6,5.6,5.2,2.9,79.0,4.3,7.1,24.0,26.0,1008.1,273.0,0.0,0.2,0.0
2025-09-20 19:00:00,5.4,5.5,,5.3,,80.0,4.7,8.6,22.0,22.0,1007.5,215.0,0.0,,0.0
2025-09-20 20:00:00,5.4,5.6,,5.1,,80.0,4.6,7.2,20.0,16.0,1006.9,159.0,0.0,,0.0
2025-09-20 21:00:00,6.0,6.2,,5.6,,73.0,6.8,11.3,25.0,25.0,1006.9,82.0,0.0,,0.0
2025-09-20 22:00:00,5.7,6.1,,5.2,,74.0,5.9,9.6,15.0,20.0,1006.6,17.0,0.0,,0.0
2025-09-20 23:00:00,5.1,5.3,,5.0,,78.0,4.5,7.3,9.0,11.0,1005.8,0.0,0.0,,0.0
2025-09-21 00:00:00,5.3,5.6,6.2,5.1,3.5,76.0,5.6,9.4,19.0,13.0,1004.9,0.0,0.0,0.2,0.0
2025-09-21 01:00:00,5.1,5.7,,4.7,,79.0,6.5,9.5,1.0,7.0,1004.6,0.0,0.1,,0.0
2025-09-21 02:00:00,5.0,5.6,,4.6,,78.0,5.9,9.7,18.0,10.0,1004.1,0.0,0.0,,0.0
2025-09-21 03:00:00,5.7,5.9,,5.5,,71.0,7.9,11.6,16.0,17.0,1003.5,0.0,0.0,,0.0
2025-09-21 04:00:00,5.6,5.9,,5.3,,73.0,7.1,11.2,21.0,19.0,1003.6,0.0,0.0,,0.0
2025-09-21 05:00:00,5.5,5.8,,5.2,,75.0,5.5,9.2,18.0,18.0,1003.4,0.0,0.0,,0.0
2025-09-21 06:00:00,5.6,5.7,6.2,5.5,4.6,74.0,6.5,10.7,23.0,20.0,1002.9,0.0,0.0,0.2,0.0
2025-09-21 07:00:00,5.7,5.8,,5.5,,74.0,7.2,10.1,24.0,23.0,1002.8,0.0,0.0,,0.0
2025-09-21 08:00:00,5.5,5.7,,4.8,,75.0,5.2,8.8,62.0,33.0,1003.0,0.0,0.0,,0.0
2025-09-21 09:00:00,4.9,5.1,,4.7,,78.0,4.3,6.8,46.0,51.0,1003.0,0.0,0.0,,0.0
2025-09-21 10:00:00,4.5,5.0,,4.4,,81.0,4.2,6.8,47.0,42.0,1002.4,11.0,0.0,,0.0
2025-09-21 11:00:00,4.8,5.0,,4.6,,80.0,4.4,7.1,35.0,46.0,1002.1,87.0,0.0,,0.0
2025-09-21 12:00:00,4.8,4.9,5.9,4.4,4.4,82.0,4.5,6.8,17.0,22.0,1001.4,171.0,0.0,0.0,0.0
2025-09-21 13:00:00,5.2,5.4,,4.8,,80.0,4.3,8.6,5.0,24.0,1001.4,249.0,0.0,,0.0
2025-09-21 14:00:00,5.3,5.6,,5.0,,80.0,3.3,6.1,351.0,352.0,1000.7,323.0,0.0,,0.0
2025-09-21 15:00:00,5.5,5.6,,5.3,,79.0,4.8,7.3,353.0,354.0,1000.1,331.0,0.0,,0.0
2025-09-21 16:00:00,5.6,5.8,,5.4,,78.0,4.8,7.2,5.0,358.0,999.6,294.0,0.0,,0.0
2025-09-21 17:00:00,5.7,5.9,,5.3,,78.0,3.4,5.5,9.0,12.0,999.1,259.0,0.0,,0.0
2025-09-21 18:00:00,5.8,6.3,6.3,5.3,4.4,76.0,2.7,4.4,9.0,9.0,999.0,228.0,0.0,0.0,0.0
2025-09-21 19:00:00,5.6,5.7,,5.4,,78.0,2.9,5.3,6.0,5.0,998.8,162.0,0.0,,10.0
2025-09-21 20:00:00,5.8,5.9,,5.5,,76.0,2.6,4.8,2.0,6.0,998.9,83.0,0.0,,90.0
2025-09-21 21:00:00,5.5,5.6,,5.3,,79.0,1.5,3.3,21.0,13.0,999.3,44.0,0.0,,100.0
2025-09-21 22:00:00,5.1,5.6,,4.8,,80.0,1.3,3.2,0.0,8.0,999.4,7.0,0.0,,0.0
2025-09-21 23:00:00,5.5,5.9,,4.8,,73.0,0.1,2.1,354.0,352.0,999.2,0.0,0.0,,0.0
2025-09-22 00:00:00,5.0,5.4,6.3,4.6,4.6,79.0,1.3,3.1,17.0,5.0,999.7,0.0,0.0,0.0,25.0
2025-09-22 01:00:00,4.6,4.9,,4.4,,84.0,1.1,3.5,345.0,2.0,999.7,0.0,0.0,,0.0
2025-09-22 02:00:00,4.5,4.8,,4.3,,86.0,2.5,4.2,19.0,11.0,1000.0,0.0,0.0,,100.0
2025-09-22 03:00:00,4.2,4.3,,4.0,,89.0,0.8,2.8,0.0,29.0,1000.2,0.0,0.0,,100.0
2025-09-22 04:00:00,4.0,4.2,,3.9,,91.0,0.0,0.0,0.0,0.0,1000.9,0.0,0.0,,100.0
2025-09-22 05:00:00,4.0,4.4,,3.7,,92.0,0.0,0.0,0.0,0.0,1001.1,0.0,0.0,,90.0
2025-09-22 06:00:00,4.0,4.2,5.9,3.7,3.7,90.0,0.0,0.0,0.0,0.0,1001.4,0.0,0.0,0.0,0.0
2025-09-22 07:00:00,3.9,4.2,,3.6,,90.0,0.0,0.0,0.0,0.0,1002.1,0.0,0.0,,0.0
2025-09-22 08:00:00,3.6,4.3,,3.2,,91.0,2.1,4.4,171.0,175.0,1002.8,0.0,0.0,,0.0
2025-09-22 09:00:00,3.8,4.1,,3.6,,92.0,3.6,5.3,177.0,177.0,1003.4,0.0,0.1,,0.0
2025-09-22 10:00:00,3.9,4.1,,3.7,,89.0,2.9,4.7,181.0,187.0,1004.3,16.0,0.0,,0.0
2025-09-22 11:00:00,4.4,4.7,,4.1,,87.0,1.9,4.5,195.0,161.0,1004.6,106.0,0.0,,60.0
2025-09-22 12:00:00,5.1,5.7,5.7,4.5,3.2,83.0,0.0,2.1,0.0,0.0,1005.0,167.0,0.0,0.0,0.0
2025-09-22 13:00:00,5.7,6.2,,4.9,,81.0,0.1,1.7,0.0,123.0,1005.1,241.0,0.0,,0.0
2025-09-22 14:00:00,6.3,7.1,,5.2,,79.0,0.2,2.5,0.0,92.0,1005.1,303.0,0.0,,0.0
2025-09-22 15:00:00,7.0,8.1,,5.9,,76.0,0.3,3.1,0.0,66.0,1005.1,337.0,0.0,,0.0
2025-09-22 16:00:00,6.4,7.1,,5.9,,78.0,0.1,2.7,308.0,315.0,1005.2,347.0,0.0,,0.0
2025-09-22 17:00:00,6.1,6.4,,5.8,,81.0,1.9,4.4,272.0,269.0,1005.0,329.0,0.0,,0.0
2025-09-22 18:00:00,6.4,7.3,8.1,5.9,3.2,79.0,1.4,4.1,272.0,268.0,1005.1,285.0,0.0,0.0,0.0
2025-09-22 19:00:00,5.8,6.0,,5.5,,83.0,1.7,4.0,268.0,267.0,1005.4,218.0,0.0,,0.0
2025-09-22 20:00:00,5.8,6.1,,5.5,,83.0,2.1,4.3,238.0,252.0,1005.5,134.0,0.0,,0.0
2025-09-22 21:00:00,3.7,5.4,,2.8,,94.0,3.3,4.9,221.0,225.0,1005.5,48.0,0.0,,
2025-09-22 22:00:00,2.8,2.9,,2.6,,99.0,4.2,6.0,195.0,206.0,1005.7,4.0,0.0,,
2025-09-22 23:00:00,2.6,2.8,,2.4,,100.0,5.6,7.2,186.0,188.0,1005.8,0.0,0.0,,
2025-09-23 00:00:00,2.5,2.7,8.1,2.3,2.3,100.0,6.2,7.9,190.0,187.0,1005.7,0.0,0.0,0.0,
2025-09-23 01:00:00,2.5,2.7,,2.4,,100.0,5.5,7.2,191.0,192.0,1005.5,0.0,0.1,,
2025-09-23 02:00:00,2.4,2.5,,2.1,,100.0,5.6,7.8,198.0,194.0,1005.3,0.0,0.1,,
2025-09-23 03:00:00,2.2,2.5,,1.7,,100.0,5.5,7.2,193.0,198.0,1005.0,0.0,0.1,,
2025-09-23 04:00:00,1.6,1.8,,1.4,,100.0,5.7,7.3,187.0,188.0,1004.8,0.0,0.1,,
2025-09-23 05:00:00,1.2,1.4,,1.1,,100.0,5.8,7.7,192.0,192.0,1004.9,0.0,0.1,,
2025-09-23 06:00:00,1.4,1.8,6.1,1.2,1.1,100.0,6.0,8.3,187.0,186.0,1004.7,0.0,0.1,0.4,
2025-09-23 07:00:00,1.8,2.0,,1.6,,100.0,6.0,7.9,189.0,191.0,1004.7,0.0,0.1,,
2025-09-23 08:00:00,2.4,2.6,,2.0,,100.0,5.2,7.5,210.0,188.0,1004.6,0.0,0.1,,
2025-09-23 09:00:00,2.5,2.7,,2.3,,100.0,4.6,6.5,195.0,197.0,1004.7,0.0,0.1,,
2025-09-23 10:00:00,2.4,2.6,,2.2,,100.0,3.8,5.9,187.0,197.0,1004.8,2.0,0.1,,
2025-09-23 11:00:00,2.4,2.5,,2.1,,100.0,3.9,6.0,176.0,181.0,1004.9,19.0,0.1,,
2025-09-23 12:00:00,2.5,2.7,2.7,2.3,1.1,100.0,3.3,5.4,171.0,175.0,1005.0,45.0,0.1,0.8,
2025-09-23 13:00:00,2.6,2.9,,2.4,,100.0,3.4,5.5,186.0,179.0,1004.8,74.0,0.1,,
2025-09-23 14:00:00,2.5,2.7,,2.3,,100.0,3.2,5.0,182.0,178.0,1004.8,98.0,0.0,,
2025-09-23 15:00:00,2.6,2.8,,2.4,,100.0,2.7,5.1,168.0,172.0,1004.9,96.0,0.0,,
2025-09-23 16:00:00,2.7,2.9,,2.5,,100.0,3.3,5.7,155.0,166.0,1004.9,98.0,0.1,,
2025-09-23 17:00:00,2.8,3.0,,2.5,,100.0,3.8,5.9,177.0,173.0,1004.7,108.0,0.0,,
2025-09-23 18:00:00,2.8,3.0,3.0,2.7,1.6,99.0,3.5,6.0,165.0,181.0,1004.7,98.0,0.1,0.9,
2025-09-23 19:00:00,2.7,2.9,,2.5,,98.0,2.1,4.4,182.0,165.0,1004.9,59.0,0.0,,
2025-09-23 20:00:00,2.6,2.8,,2.4,,99.0,2.2,4.5,122.0,137.0,1005.0,35.0,0.0,,
2025-09-23 21:00:00,2.6,2.7,,2.5,,97.0,1.9,3.9,140.0,134.0,1005.2,16.0,0.0,,
2025-09-23 22:00:00,2.6,2.8,,2.5,,97.0,2.1,4.5,107.0,120.0,1005.6,2.0,0.0,,
2025-09-23 23:00:00,2.5,2.6,,2.5,,98.0,0.5,2.6,46.0,65.0,1005.4,0.0,0.0,,
2025-09-24 00:00:00,2.3,2.5,3.0,2.2,2.2,99.0,0.7,3.3,71.0,62.0,1005.4,0.0,0.0,0.9,
2025-09-24 01:00:00,1.9,2.1,,1.5,,99.0,2.2,4.6,83.0,70.0,1005.1,0.0,0.0,,
2025-09-24 02:00:00,1.7,1.8,,1.5,,99.0,1.1,4.2,0.0,93.0,1005.3,0.0,0.0,,100.0
2025-09-24 03:00:00,1.9,1.9,,1.6,,98.0,0.7,3.0,73.0,75.0,1005.1,0.0,0.0,,40.0
2025-09-24 04:00:00,2.0,2.2,,1.8,,95.0,2.6,4.5,68.0,70.0,1005.2,0.0,0.0,,100.0
2025-09-24 05:00:00,2.1,2.2,,2.0,,96.0,2.1,3.6,80.0,68.0,1005.1,0.0,0.0,,
2025-09-24 06:00:00,1.8,2.0,2.9,1.6,1.5,98.0,1.5,3.1,83.0,89.0,1005.3,0.0,0.0,0.5,
2025-09-24 07:00:00,1.6,1.7,,1.4,,99.0,2.7,4.3,101.0,88.0,1005.4,0.0,0.0,,
2025-09-24 08:00:00,1.7,1.8,,1.6,,100.0,1.4,3.4,139.0,129.0,1005.7,0.0,0.0,,
2025-09-24 09:00:00,1.8,1.8,,1.6,,100.0,1.3,3.3,132.0,123.0,1005.8,0.0,0.0,,
2025-09-24 10:00:00,1.2,1.8,,0.6,,100.0,2.4,3.8,206.0,197.0,1006.3,4.0,0.1,,
2025-09-24 11:00:00,0.7,0.8,,0.5,,100.0,1.6,3.6,167.0,179.0,1006.3,26.0,0.0,,
2025-09-24 12:00:00,1.0,1.2,2.2,0.7,0.5,100.0,3.3,6.0,175.0,164.0,1006.3,56.0,0.1,0.2,
2025-09-24 13:00:00,1.2,1.4,,1.0,,100.0,4.8,7.2,186.0,182.0,1006.4,96.0,0.1,,
2025-09-24 14:00:00,1.7,2.1,,1.3,,99.0,4.8,7.3,192.0,195.0,1006.7,112.0,0.0,,
2025-09-24 15:00:00,2.6,2.9,,2.1,,98.0,4.5,8.4,201.0,199.0,1006.4,86.0,0.1,,100.0
2025-09-24 16:00:00,3.1,3.2,,2.8,,93.0,6.5,9.1,206.0,202.0,1006.0,124.0,0.1,,100.0
2025-09-24 17:00:00,3.5,3.8,,3.1,,89.0,5.0,7.9,215.0,212.0,1006.1,141.0,0.0,,100.0
2025-09-24 18:00:00,3.8,3.9,3.9,3.7,0.5,87.0,4.3,6.9,204.0,210.0,1005.8,109.0,0.1,0.3,100.0
2025-09-24 19:00:00,4.0,4.2,,3.7,,86.0,3.0,5.9,231.0,220.0,1005.5,140.0,0.0,,40.0
2025-09-24 20:00:00,3.7,4.0,,3.3,,87.0,0.9,3.9,0.0,241.0,1005.3,71.0,0.0,,60.0
2025-09-24 21:00:00,3.2,3.3,,3.1,,92.0,1.0,2.9,33.0,17.0,1004.8,12.0,0.0,,100.0
2025-09-24 22:00:00,3.1,3.2,,2.8,,91.0,3.1,5.6,46.0,46.0,1004.3,1.0,0.0,,100.0
2025-09-24 23:00:00,2.8,2.9,,2.8,,92.0,4.1,6.6,48.0,48.0,1003.5,0.0,0.0,,100.0
2025-09-25 00:00:00,2.6,2.8,4.2,2.5,1.0,93.0,3.7,5.8,47.0,47.0,1002.7,0.0,0.0,0.3,90.0
2025-09-25 01:00:00,2.5,2.5,,2.4,,94.0,4.3,6.4,55.0,50.0,1001.7,0.0,0.0,,0.0
2025-09-25 02:00:00,2.4,2.5,,2.4,,94.0,4.0,5.7,59.0,56.0,1000.7,0.0,0.0,,0.0
2025-09-25 03:00:00,2.5,2.6,,2.4,,94.0,4.2,6.7,65.0,55.0,999.5,0.0,0.0,,0.0
2025-09-25 04:00:00,2.4,2.6,,2.3,,93.0,2.0,4.9,0.0,66.0,998.9,0.0,0.0,,0.0
2025-09-25 05:00:00,2.3,2.5,,1.9,,93.0,0.0,1.0,0.0,0.0,998.1,0.0,0.0,,0.0
2025-09-25 06:00:00,2.0,2.4,4.2,1.4,1.4,94.0,0.3,2.1,205.0,204.0,997.4,0.0,0.0,0.3,40.0
2025-09-25 07:00:00,1.7,2.0,,1.5,,94.0,0.3,1.6,0.0,210.0,996.6,0.0,0.0,,60.0
2025-09-25 08:00:00,1.8,2.0,,1.4,,95.0,0.1,1.0,0.0,183.0,995.8,0.0,0.0,,10.0
2025-09-25 09:00:00,1.4,1.6,,1.1,,98.0,0.4,2.1,107.0,107.0,994.9,0.0,0.0,,60.0
2025-09-25 10:00:00,1.6,2.4,,1.0,,94.0,2.0,3.0,70.0,83.0,994.4,16.0,0.0,,40.0
2025-09-25 11:00:00,2.1,2.4,,1.8,,87.0,3.0,4.9,64.0,70.0,994.0,64.0,0.0,,10.0
2025-09-25 12:00:00,2.7,3.1,3.1,2.2,1.0,87.0,3.0,4.8,40.0,51.0,993.2,152.0,0.0,0.2,0.0
2025-09-25 13:00:00,3.4,3.7,,3.1,,78.0,3.9,6.0,43.0,46.0,992.6,228.0,0.0,,0.0
2025-09-25 14:00:00,3.4,3.6,,3.2,,78.0,4.3,6.1,25.0,29.0,992.0,225.0,0.0,,0.0
2025-09-25 15:00:00,3.2,3.5,,3.1,,78.0,4.2,6.5,32.0,30.0,991.5,201.0,0.0,,40.0
2025-09-25 16:00:00,3.6,3.8,,3.4,,71.0,5.0,7.2,37.0,36.0,991.1,344.0,0.0,,0.0
2025-09-25 17:00:00,3.8,3.9,,3.7,,68.0,5.1,7.2,24.0,28.0,990.5,313.0,0.0,,0.0
2025-09-25 18:00:00,3.9,4.1,4.1,3.8,1.0,68.0,4.2,6.2,42.0,33.0,990.7,269.0,0.0,0.0,0.0
2025-09-25 19:00:00,4.0,4.2,,3.9,,74.0,3.4,5.0,24.0,26.0,990.7,202.0,0.0,,0.0
2025-09-25 20:00:00,4.0,4.1,,3.9,,75.0,3.1,5.3,35.0,33.0,990.9,120.0,0.0,,0.0
2025-09-25 21:00:00,3.8,4.0,,3.4,,74.0,2.9,4.8,25.0,36.0,991.1,30.0,0.0,,0.0
2025-09-25 22:00:00,3.3,3.4,,3.1,,82.0,2.0,3.1,24.0,32.0,991.4,1.0,0.0,,60.0
2025-09-25 23:00:00,3.2,3.4,,2.7,,87.0,1.3,2.4,37.0,31.0,991.6,0.0,0.0,,100.0
2025-09-26 00:00:00,3.0,3.2,4.2,2.9,2.7,89.0,0.2,1.6,0.0,22.0,991.9,0.0,0.0,0.0,100.0
2025-09-26 01:00:00,3.3,3.5,,3.0,,90.0,0.0,0.6,0.0,0.0,992.2,0.0,0.0,,100.0
2025-09-26 02:00:00,3.2,3.4,,3.1,,91.0,0.0,0.0,0.0,0.0,992.3,0.0,0.0,,100.0
2025-09-26 03:00:00,3.2,3.5,,3.0,,92.0,0.0,0.0,0.0,0.0,992.6,0.0,0.0,,100.0
2025-09-26 04:00:00,3.2,3.3,,3.0,,94.0,0.0,0.0,0.0,0.0,993.0,0.0,0.0,,100.0
2025-09-26 05:00:00,3.0,3.2,,2.7,,94.0,0.0,0.0,0.0,0.0,993.2,0.0,0.0,,100.0
2025-09-26 06:00:00,2.9,3.1,4.2,2.7,2.7,91.0,0.2,2.5,0.0,153.0,993.7,0.0,0.0,0.0,100.0
2025-09-26 07:00:00,3.0,3.3,,2.7,,88.0,0.0,1.3,170.0,0.0,994.2,0.0,0.0,,100.0
2025-09-26 08:00:00,3.0,3.2,,2.9,,87.0,0.3,2.4,0.0,170.0,994.5,0.0,0.0,,100.0
2025-09-26 09:00:00,2.9,3.1,,2.7,,92.0,0.1,2.3,141.0,142.0,994.9,0.0,0.0,,100.0
2025-09-26 10:00:00,2.8,3.1,,2.5,,95.0,2.1,3.9,178.0,156.0,995.2,6.0,0.0,,90.0
2025-09-26 11:00:00,2.9,3.6,,2.4,,96.0,1.8,3.2,185.0,184.0,995.5,79.0,0.0,,100.0
2025-09-26 12:00:00,3.5,3.7,3.7,3.4,2.4,93.0,0.1,2.6,0.0,194.0,996.0,74.0,0.0,0.0,100.0
2025-09-26 13:00:00,3.8,3.9,,3.6,,89.0,0.0,0.0,0.0,0.0,996.3,84.0,0.0,,100.0
2025-09-26 14:00:00,3.9,4.0,,3.9,,90.0,0.0,0.6,0.0,0.0,996.5,85.0,0.0,,100.0
2025-09-26 15:00:00,3.9,4.1,,3.7,,90.0,0.0,0.2,0.0,0.0,996.5,121.0,0.0,,100.0
2025-09-26 16:00:00,4.0,4.2,,3.8,,86.0,0.0,0.3,0.0,0.0,996.8,208.0,0.0,,90.0
2025-09-26 17:00:00,4.2,4.4,,4.0,,85.0,1.0,3.3,288.0,279.0,997.0,192.0,0.0,,100.0
2025-09-26 18:00:00,4.0,4.1,4.4,3.9,2.4,83.0,0.3,2.2,275.0,268.0,997.3,80.0,0.0,0.0,100.0
2025-09-26 19:00:00,3.9,4.0,,3.9,,75.0,0.4,2.3,0.0,268.0,997.6,75.0,0.0,,100.0
2025-09-26 20:00:00,3.8,4.0,,3.6,,78.0,0.8,2.5,266.0,264.0,997.9,32.0,0.0,,100.0
2025-09-26 21:00:00,3.5,3.6,,3.4,,86.0,0.2,2.0,0.0,271.0,998.2,10.0,0.0,,100.0
2025-09-26 22:00:00,3.3,3.4,,3.3,,85.0,0.0,0.8,301.0,0.0,998.5,0.0,0.0,,100.0
2025-09-26 23:00:00,3.2,3.3,,3.1,,89.0,0.0,1.7,353.0,0.0,998.8,0.0,0.0,,100.0
2025-09-27 00:00:00,3.0,3.1,4.4,2.9,2.9,89.0,2.5,4.5,3.0,360.0,998.7,0.0,0.1,0.0,100.0
2025-09-27 01:00:00,2.8,2.9,,2.7,,84.0,2.7,4.5,357.0,356.0,998.9,0.0,0.1,,100.0
2025-09-27 02:00:00,2.8,2.8,,2.7,,84.0,1.9,3.0,337.0,343.0,998.9,0.0,0.0,,100.0
2025-09-27 03:00:00,2.7,2.7,,2.7,,85.0,0.4,2.5,0.0,339.0,998.9,0.0,0.0,,100.0
2025-09-27 04:00:00,2.6,2.7,,2.6,,86.0,0.0,0.0,0.0,0.0,998.8,0.0,0.0,,100.0
2025-09-27 05:00:00,2.5,2.6,,2.5,,87.0,0.0,0.0,0.0,0.0,998.9,0.0,0.0,,100.0
2025-09-27 06:00:00,2.4,2.6,4.0,2.3,2.3,87.0,0.0,0.0,0.0,0.0,999.1,0.0,0.0,0.1,100.0
2025-09-27 07:00:00,2.5,2.6,,2.4,,89.0,0.0,0.0,0.0,0.0,999.1,0.0,0.0,,100.0
2025-09-27 08:00:00,2.3,2.4,,2.2,,92.0,1.4,2.8,70.0,45.0,999.4,0.0,0.0,,100.0
2025-09-27 09:00:00,2.2,2.4,,2.1,,96.0,0.4,3.7,30.0,30.0,999.4,0.0,0.0,,100.0
2025-09-27 10:00:00,2.6,2.7,,2.5,,93.0,2.9,4.4,31.0,27.0,999.5,3.0,0.0,,100.0
2025-09-27 11:00:00,2.8,2.9,,2.7,,93.0,2.8,4.5,25.0,28.0,999.4,18.0,0.0,,100.0
2025-09-27 12:00:00,2.9,3.1,3.1,2.8,2.1,92.0,2.8,4.5,22.0,27.0,999.5,35.0,0.0,0.1,100.0
2025-09-27 13:00:00,3.0,3.1,,2.9,,93.0,4.0,6.4,27.0,26.0,999.3,52.0,0.1,,100.0
2025-09-27 14:00:00,2.9,3.0,,2.9,,92.0,5.1,7.1,25.0,27.0,999.3,106.0,0.0,,100.0
2025-09-27 15:00:00,2.9,3.0,,2.8,,92.0,5.0,7.2,18.0,25.0,999.1,115.0,0.0,,100.0
2025-09-27 16:00:00,3.1,3.2,,3.0,,90.0,5.0,7.2,1.0,7.0,998.9,145.0,0.1,,100.0
2025-09-27 17:00:00,3.2,3.3,,3.1,,89.0,5.6,7.5,4.0,2.0,998.8,198.0,0.0,,100.0
2025-09-27 18:00:00,3.4,3.5,3.5,3.2,2.1,86.0,5.8,7.6,358.0,360.0,998.7,202.0,0.1,0.2,100.0
2025-09-27 19:00:00,3.2,3.4,,3.1,,85.0,6.2,9.1,349.0,350.0,998.6,120.0,0.0,,100.0
2025-09-27 20:00:00,3.1,3.2,,3.0,,83.0,6.8,10.2,342.0,350.0,998.7,71.0,0.0,,100.0
2025-09-27 21:00:00,3.1,3.2,,2.9,,81.0,5.5,8.0,354.0,346.0,998.6,21.0,0.0,,75.0
2025-09-27 22:00:00,2.7,3.1,,2.4,,89.0,5.3,8.2,317.0,324.0,998.7,1.0,0.0,,60.0
2025-09-27 23:00:00,2.1,2.4,,1.9,,98.0,4.9,8.2,310.0,315.0,998.8,0.0,0.1,,75.0
2025-09-28 00:00:00,1.8,2.0,3.5,1.6,1.6,98.0,3.9,6.9,295.0,301.0,998.7,0.0,0.0,0.2,0.0
2025-09-28 01:00:00,1.9,2.0,,1.7,,97.0,3.6,6.7,276.0,284.0,998.8,0.0,0.1,,
2025-09-28 02:00:00,1.9,2.0,,1.8,,96.0,3.2,5.6,276.0,282.0,998.6,0.0,0.0,,
2025-09-28 03:00:00,1.5,1.8,,1.3,,98.0,3.6,6.5,274.0,275.0,998.7,0.0,0.1,,
2025-09-28 04:00:00,1.3,1.5,,1.2,,98.0,2.8,5.3,265.0,265.0,998.6,0.0,0.0,,
2025-09-28 05:00:00,1.3,1.5,,1.2,,96.0,2.7,5.2,247.0,255.0,998.6,0.0,0.0,,25.0
2025-09-28 06:00:00,1.3,1.5,3.4,1.1,1.1,94.0,1.8,4.0,241.0,241.0,998.8,0.0,0.0,0.3,0.0
2025-09-28 07:00:00,1.2,1.6,,0.9,,94.0,0.8,3.0,209.0,210.0,999.3,0.0,0.0,,0.0
2025-09-28 08:00:00,0.7,1.1,,0.4,,94.0,1.8,3.3,171.0,184.0,999.5,0.0,0.0,,60.0
2025-09-28 09:00:00,1.2,1.4,,1.0,,92.0,2.7,4.1,167.0,177.0,999.9,0.0,0.0,,100.0
2025-09-28 10:00:00,1.3,1.4,,1.1,,90.0,2.9,4.3,158.0,159.0,1000.0,4.0,0.0,,75.0
2025-09-28 11:00:00,1.3,1.6,,1.1,,91.0,3.0,5.0,156.0,160.0,1000.5,43.0,0.0,,50.0
2025-09-28 12:00:00,1.7,1.9,2.0,1.6,0.4,89.0,2.1,3.3,131.0,148.0,1000.8,133.0,0.0,0.3,0.0
2025-09-28 13:00:00,2.1,2.4,,1.8,,85.0,0.2,1.3,118.0,106.0,1001.2,182.0,0.0,,75.0
2025-09-28 14:00:00,2.3,2.7,,2.0,,83.0,0.0,0.9,0.0,0.0,1001.6,198.0,0.0,,50.0
2025-09-28 15:00:00,2.3,2.5,,2.1,,82.0,1.8,4.2,358.0,360.0,1001.7,301.0,0.0,,40.0
2025-09-28 16:00:00,2.4,2.5,,2.2,,71.0,4.3,6.6,5.0,4.0,1001.6,313.0,0.0,,0.0
2025-09-28 17:00:00,2.1,2.2,,2.0,,64.0,4.8,7.3,20.0,10.0,1001.8,292.0,0.0,,0.0
2025-09-28 18:00:00,2.1,2.2,2.7,1.9,0.4,67.0,3.9,5.8,11.0,13.0,1002.1,220.0,0.0,0.1,50.0
2025-09-28 19:00:00,2.3,2.4,,2.1,,68.0,3.9,6.2,23.0,19.0,1002.3,192.0,0.0,,0.0
2025-09-28 20:00:00,2.3,2.4,,2.2,,70.0,3.2,5.2,5.0,11.0,1002.6,99.0,0.0,,0.0
2025-09-28 21:00:00,2.1,2.2,,1.9,,72.0,4.0,6.1,346.0,350.0,1002.6,29.0,0.0,,0.0
2025-09-28 22:00:00,1.9,2.0,,1.6,,74.0,3.5,5.9,340.0,344.0,1002.8,1.0,0.0,,0.0
2025-09-28 23:00:00,1.7,1.8,,1.6,,78.0,3.1,4.9,331.0,332.0,1002.8,0.0,0.0,,0.0
2025-09-29 00:00:00,1.6,1.7,2.7,1.3,1.3,82.0,2.9,4.8,317.0,323.0,1002.7,0.0,0.0,0.1,0.0
2025-09-29 01:00:00,1.4,1.5,,1.2,,83.0,2.0,3.5,270.0,293.0,1002.5,0.0,0.0,,0.0
2025-09-29 02:00:00,1.2,1.3,,1.1,,85.0,1.5,2.8,247.0,263.0,1002.2,0.0,0.0,,0.0
2025-09-29 03:00:00,1.1,1.3,,1.0,,86.0,1.8,2.9,241.0,245.0,1002.0,0.0,0.0,,0.0
2025-09-29 04:00:00,0.8,1.2,,0.3,,90.0,1.8,3.1,209.0,231.0,1001.8,0.0,0.0,,0.0
2025-09-29 05:00:00,0.8,1.2,,0.3,,92.0,2.1,2.8,211.0,210.0,1001.5,0.0,0.0,,0.0
2025-09-29 06:00:00,0.9,1.1,2.4,0.7,0.3,92.0,2.0,3.4,178.0,188.0,1001.5,0.0,0.0,0.0,0.0
2025-09-29 07:00:00,0.9,1.1,,0.7,,91.0,2.7,3.6,170.0,177.0,1001.4,0.0,0.0,,0.0
2025-09-29 08:00:00,0.7,1.1,,0.3,,88.0,1.9,4.0,168.0,162.0,1001.5,0.0,0.0,,0.0
2025-09-29 09:00:00,0.6,0.8,,0.1,,93.0,2.6,4.1,183.0,185.0,1001.9,0.0,0.1,,0.0
2025-09-29 10:00:00,0.6,0.9,,0.1,,93.0,0.1,1.1,177.0,171.0,1002.0,2.0,0.0,,0.0
2025-09-29 11:00:00,0.6,0.8,,0.3,,93.0,0.4,2.4,0.0,160.0,1002.2,31.0,0.0,,0.0
2025-09-29 12:00:00,0.7,0.9,1.5,0.5,0.1,90.0,0.3,2.1,165.0,186.0,1002.5,72.0,0.0,0.0,0.0
2025-09-29 13:00:00,1.5,2.0,,0.5,,88.0,0.0,0.9,190.0,0.0,1002.4,180.0,0.0,,0.0
2025-09-29 14:00:00,2.5,3.0,,1.9,,85.0,0.3,1.9,0.0,191.0,1002.6,256.0,0.0,,0.0
2025-09-29 15:00:00,3.1,3.4,,2.8,,79.0,0.0,0.0,0.0,0.0,1002.5,298.0,0.0,,0.0
2025-09-29 16:00:00,3.1,3.2,,2.9,,73.0,0.1,1.4,356.0,357.0,1002.6,308.0,0.0,,0.0
2025-09-29 17:00:00,3.1,3.2,,3.0,,74.0,0.5,2.5,10.0,6.0,1002.8,289.0,0.0,,0.0
2025-09-29 18:00:00,3.3,3.5,3.5,3.0,0.1,67.0,0.0,0.4,0.0,0.0,1003.1,243.0,0.0,0.0,0.0
2025-09-29 19:00:00,4.1,4.4,,3.3,,59.0,0.0,2.5,0.0,0.0,1003.4,176.0,0.0,,0.0
2025-09-29 20:00:00,3.5,3.9,,3.2,,69.0,0.0,0.0,0.0,0.0,1003.8,92.0,0.0,,0.0
2025-09-29 21:00:00,2.8,3.3,,2.1,,81.0,0.8,3.4,192.0,187.0,1003.4,25.0,0.0,,0.0
2025-09-29 22:00:00,1.9,2.4,,1.5,,89.0,2.6,4.0,184.0,188.0,1003.3,0.0,0.0,,0.0
2025-09-29 23:00:00,1.6,1.7,,1.4,,90.0,0.5,3.1,0.0,172.0,1003.6,0.0,0.0,,0.0
2025-09-30 00:00:00,1.2,1.6,4.4,0.6,0.5,93.0,0.2,2.2,140.0,140.0,1003.9,0.0,0.0,0.0,0.0
2025-09-30 01:00:00,1.1,1.7,,0.5,,94.0,3.0,5.1,157.0,157.0,1003.9,0.0,0.0,,0.0
2025-09-30 02:00:00,1.3,1.7,,0.7,,92.0,3.8,5.8,158.0,154.0,1003.8,0.0,0.0,,0.0
2025-09-30 03:00:00,1.6,1.7,,1.1,,88.0,4.9,8.3,163.0,158.0,1003.5,0.0,0.1,,0.0
2025-09-30 04:00:00,1.6,1.7,,1.5,,81.0,5.4,8.3,164.0,161.0,1003.7,0.0,0.0,,0.0
2025-09-30 05:00:00,1.4,1.6,,1.0,,90.0,4.8,8.1,180.0,174.0,1003.8,0.0,0.1,,0.0
2025-09-30 06:00:00,1.1,1.4,4.4,0.5,0.5,90.0,4.0,6.1,162.0,171.0,1004.2,0.0,0.0,0.1,50.0
2025-09-30 07:00:00,1.4,1.6,,1.2,,88.0,3.3,4.9,173.0,169.0,1004.4,0.0,0.0,,100.0
2025-09-30 08:00:00,1.0,1.5,,0.1,,87.0,3.1,4.2,154.0,158.0,1004.4,0.0,0.0,,0.0
2025-09-30 09:00:00,0.0,0.8,,-0.6,,89.0,2.5,3.3,117.0,130.0,1004.7,0.0,0.0,,0.0
2025-09-30 10:00:00,-0.6,-0.1,,-0.9,,90.0,2.4,3.4,97.0,109.0,1004.9,1.0,0.0,,0.0
2025-09-30 11:00:00,-0.6,-0.1,,-1.0,,90.0,2.1,3.0,196.0,133.0,1005.1,23.0,0.0,,0.0
2025-09-30 12:00:00,0.5,1.1,1.7,-0.2,-1.0,89.0,1.2,2.8,171.0,174.0,1005.3,55.0,0.0,0.1,100.0
2025-09-30 13:00:00,1.3,1.6,,1.0,,88.0,1.7,3.0,169.0,179.0,1005.3,65.0,0.0,,100.0
2025-09-30 14:00:00,2.1,2.5,,1.6,,78.0,0.0,0.0,0.0,0.0,1005.2,215.0,0.0,,100.0
2025-09-30 15:00:00,2.1,2.6,,1.9,,69.0,2.7,6.3,305.0,318.0,1004.8,168.0,0.0,,100.0
2025-09-30 16:00:00,2.0,2.1,,1.9,,68.0,4.2,8.0,323.0,316.0,1004.9,172.0,0.0,,100.0
2025-09-30 17:00:00,2.2,2.4,,2.0,,66.0,5.3,9.1,323.0,320.0,1004.8,275.0,0.0,,100.0
2025-09-30 18:00:00,2.1,2.2,2.6,2.0,-1.0,62.0,5.9,9.8,320.0,321.0,1004.8,218.0,0.0,0.1,40.0
2025-09-30 19:00:00,2.1,2.2,,2.0,,59.0,5.9,8.9,330.0,328.0,1005.1,159.0,0.0,,100.0
2025-09-30 20:00:00,2.0,2.2,,1.8,,60.0,7.5,13.8,320.0,323.0,1005.1,48.0,0.0,,90.0
2025-09-30 21:00:00,1.7,1.8,,1.6,,71.0,8.5,13.5,327.0,324.0,1005.3,22.0,0.0,,100.0
2025-09-30 22:00:00,1.1,1.6,,0.4,,77.0,6.0,12.6,321.0,335.0,1005.4,0.0,0.0,,100.0
2025-09-30 23:00:00,1.2,1.3,,1.1,,71.0,8.6,13.9,328.0,326.0,1005.2,0.0,0.0,,10.0
2025-10-01 00:00:00,1.0,1.2,2.6,0.8,0.4,71.0,7.8,12.3,323.0,325.0,1005.3,0.0,0.0,0.1,0.0
2025-10-01 01:00:00,0.9,1.0,,0.8,,70.0,7.3,11.7,324.0,323.0,1005.2,0.0,0.0,,0.0
2025-10-01 02:00:00,0.9,1.0,,0.8,,69.0,7.3,12.8,320.0,324.0,1005.0,0.0,0.0,,0.0
2025-10-01 03:00:00,0.5,0.8,,0.4,,78.0,6.6,12.0,314.0,315.0,1004.8,0.0,0.0,,25.0
2025-10-01 04:00:00,0.6,0.8,,0.5,,76.0,6.4,11.4,309.0,309.0,1004.7,0.0,0.0,,10.0
2025-10-01 05:00:00,0.6,0.6,,0.4,,79.0,5.9,12.0,296.0,304.0,1004.4,0.0,0.0,,0.0
2025-10-01 06:00:00,0.5,0.6,2.2,0.4,0.4,79.0,6.1,10.8,307.0,297.0,1004.2,0.0,0.0,0.0,50.0
2025-10-01 07:00:00,0.5,0.6,,0.4,,80.0,6.8,12.7,317.0,309.0,1004.3,0.0,0.0,,75.0
2025-10-01 08:00:00,0.5,0.6,,0.4,,78.0,7.5,12.6,320.0,318.0,1004.4,0.0,0.0,,10.0
2025-10-01 09:00:00,0.4,0.5,,0.4,,78.0,6.4,11.1,321.0,318.0,1004.6,0.0,0.0,,40.0
2025-10-01 10:00:00,0.5,0.5,,0.4,,78.0,6.9,11.2,330.0,324.0,1004.7,1.0,0.0,,10.0
2025-10-01 11:00:00,0.5,0.7,,0.4,,76.0,6.8,10.1,332.0,332.0,1004.8,26.0,0.0,,0.0
2025-10-01 12:00:00,0.7,0.8,1.0,0.6,0.4,70.0,6.0,9.1,335.0,334.0,1004.9,103.0,0.0,0.0,0.0
2025-10-01 13:00:00,0.9,1.1,,0.7,,67.0,4.8,7.2,333.0,335.0,1004.9,172.0,0.0,,0.0
2025-10-01 14:00:00,0.8,1.4,,0.5,,77.0,4.9,9.8,309.0,311.0,1004.8,147.0,0.0,,0.0
2025-10-01 15:00:00,1.1,1.3,,0.9,,69.0,4.9,8.8,316.0,318.0,1004.5,275.0,0.0,,0.0
2025-10-01 16:00:00,1.2,1.4,,0.8,,71.0,5.7,10.2,314.0,317.0,1004.4,261.0,0.0,,10.0
2025-10-01 17:00:00,1.2,1.5,,0.9,,73.0,5.7,10.2,299.0,301.0,1004.3,178.0,0.0,,100.0
2025-10-01 18:00:00,0.9,1.0,1.5,0.7,0.4,74.0,6.7,11.7,315.0,315.0,1004.1,114.0,0.0,0.0,25.0
2025-10-01 19:00:00,1.0,1.2,,0.7,,71.0,6.5,11.3,291.0,304.0,1004.2,132.0,0.0,,25.0
2025-10-01 20:00:00,0.7,0.8,,0.6,,77.0,6.4,10.5,319.0,313.0,1004.2,49.0,0.0,,100.0
2025-10-01 21:00:00,0.7,1.0,,0.4,,77.0,5.8,9.8,317.0,317.0,1004.4,10.0,0.0,,50.0
2025-10-01 22:00:00,0.5,0.6,,0.4,,75.0,5.5,10.2,329.0,317.0,1004.4,0.0,0.0,,60.0
2025-10-01 23:00:00,0.6,0.8,,0.5,,71.0,4.4,7.3,347.0,337.0,1004.5,0.0,0.0,,10.0
2025-10-02 00:00:00,0.5,0.8,1.5,0.1,0.1,77.0,6.0,10.4,10.0,2.0,1004.9,0.0,0.0,0.0,25.0
2025-10-02 01:00:00,-0.1,0.1,,-0.3,,87.0,4.7,7.7,27.0,25.0,1005.0,0.0,0.0,,0.0
2025-10-02 02:00:00,-0.6,-0.2,,-1.0,,87.0,4.4,7.5,61.0,46.0,1005.4,0.0,0.1,,60.0
2025-10-02 03:00:00,-0.7,-0.5,,-1.0,,86.0,2.7,4.3,75.0,66.0,1005.5,0.0,0.0,,25.0
2025-10-02 04:00:00,-0.9,-0.7,,-1.2,,84.0,1.8,2.8,70.0,73.0,1005.4,0.0,0.0,,10.0
2025-10-02 05:00:00,-1.1,-0.9,,-1.4,,82.0,0.8,2.7,0.0,81.0,1005.6,0.0,0.0,,100.0
2025-10-02 06:00:00,-1.1,-1.0,1.2,-1.4,-1.4,88.0,0.0,0.0,0.0,0.0,1005.6,0.0,0.0,0.0,0.0
2025-10-02 07:00:00,-1.5,-1.2,,-1.8,,89.0,0.0,0.0,0.0,0.0,1005.5,0.0,0.0,,0.0
2025-10-02 08:00:00,-1.6,-1.4,,-1.9,,88.0,0.0,0.6,0.0,0.0,1005.4,0.0,0.0,,10.0
2025-10-02 09:00:00,-1.7,-1.5,,-1.8,,88.0,0.0,0.0,0.0,0.0,1005.3,0.0,0.0,,10.0
2025-10-02 10:00:00,-1.7,-1.5,,-2.1,,88.0,0.8,2.1,174.0,176.0,1005.1,1.0,0.0,,100.0
2025-10-02 11:00:00,-1.2,-1.0,,-1.4,,84.0,0.0,0.0,0.0,0.0,1005.0,20.0,0.0,,100.0
2025-10-02 12:00:00,-1.3,-1.1,0.1,-1.4,-2.1,89.0,0.0,0.6,0.0,0.0,1004.6,51.0,0.0,0.0,100.0
2025-10-02 13:00:00,-1.1,-0.9,,-1.4,,90.0,1.1,3.3,141.0,123.0,1003.9,66.0,0.2,,100.0
2025-10-02 14:00:00,-0.9,-0.7,,-1.0,,82.0,3.0,5.4,117.0,135.0,1003.3,149.0,0.0,,10.0
2025-10-02 15:00:00,-0.6,-0.4,,-0.8,,72.0,3.3,5.6,125.0,133.0,1002.6,227.0,0.0,,100.0
2025-10-02 16:00:00,-0.6,-0.4,,-0.8,,56.0,3.8,5.9,120.0,130.0,1002.3,177.0,0.0,,100.0
2025-10-02 17:00:00,-0.5,-0.3,,-0.7,,48.0,3.8,6.4,136.0,139.0,1001.4,192.0,0.0,,100.0
2025-10-02 18:00:00,-0.3,-0.1,-0.1,-0.6,-2.1,45.0,4.2,6.1,108.0,116.0,1000.7,227.0,0.0,0.2,0.0
2025-10-02 19:00:00,-0.6,-0.4,,-0.9,,45.0,4.2,5.8,107.0,107.0,1000.1,169.0,0.0,,0.0
2025-10-02 20:00:00,-1.3,-0.9,,-1.6,,50.0,3.8,5.6,100.0,105.0,999.3,79.0,0.0,,0.0
2025-10-02 21:00:00,-2.0,-1.6,,-2.4,,51.0,2.7,4.8,114.0,112.0,998.4,14.0,0.0,,0.0
2025-10-02 22:00:00,-2.7,-2.4,,-3.0,,58.0,1.8,2.7,118.0,126.0,997.7,0.0,0.0,,0.0
2025-10-02 23:00:00,-3.0,-2.8,,-3.6,,63.0,1.8,3.1,102.0,109.0,996.6,0.0,0.0,,0.0
2025-10-03 00:00:00,-3.4,-3.0,-0.1,-3.8,-3.8,69.0,2.7,3.9,100.0,108.0,995.4,0.0,0.0,0.2,0.0
2025-10-03 01:00:00,-3.6,-3.5,,-3.9,,70.0,2.6,4.0,95.0,95.0,994.2,0.0,0.0,,0.0
2025-10-03 02:00:00,-3.4,-2.9,,-3.9,,70.0,4.0,7.9,80.0,86.0,993.1,0.0,0.0,,0.0
2025-10-03 03:00:00,-3.8,-2.9,,-4.2,,72.0,4.4,8.1,90.0,96.0,992.0,0.0,0.0,,40.0
2025-10-03 04:00:00,-3.7,-3.2,,-4.2,,67.0,4.9,8.9,58.0,71.0,990.5,0.0,0.0,,0.0
2025-10-03 05:00:00,-4.1,-3.4,,-5.0,,66.0,4.9,9.0,98.0,78.0,989.4,0.0,0.0,,0.0
2025-10-03 06:00:00,-5.0,-4.9,-0.4,-5.2,-5.2,68.0,4.7,7.1,90.0,92.0,988.3,0.0,0.0,0.2,10.0
2025-10-03 07:00:00,-5.0,-4.5,,-5.4,,59.0,5.0,7.1,80.0,88.0,987.2,0.0,0.0,,0.0
2025-10-03 08:00:00,-5.1,-4.9,,-5.4,,61.0,5.0,7.6,72.0,81.0,986.3,0.0,0.0,,100.0
2025-10-03 09:00:00,-4.0,-3.5,,-4.9,,62.0,4.9,8.0,84.0,73.0,985.4,0.0,0.0,,40.0
2025-10-03 10:00:00,-3.2,-2.8,,-3.6,,58.0,4.6,8.1,69.0,76.0,983.9,1.0,0.0,,100.0
2025-10-03 11:00:00,-2.3,-2.1,,-2.8,,57.0,5.8,9.4,65.0,63.0,983.2,8.0,0.0,,75.0
2025-10-03 12:00:00,-1.8,-1.5,-1.5,-2.1,-5.4,56.0,4.7,7.8,61.0,65.0,982.3,22.0,0.0,0.2,90.0
2025-10-03 13:00:00,-1.1,-0.9,,-1.5,,52.0,4.0,7.0,55.0,60.0,981.5,33.0,0.0,,60.0
2025-10-03 14:00:00,-0.5,-0.2,,-0.9,,50.0,2.9,5.6,75.0,65.0,981.2,45.0,0.0,,60.0
2025-10-03 15:00:00,0.0,0.1,,-0.2,,50.0,1.8,3.6,48.0,58.0,980.3,76.0,0.0,,100.0
2025-10-03 16:00:00,0.4,0.6,,0.1,,53.0,4.1,6.3,122.0,85.0,980.0,75.0,0.0,,90.0
2025-10-03 17:00:00,0.6,0.7,,0.4,,47.0,3.1,5.8,116.0,98.0,979.1,103.0,0.0,,100.0
2025-10-03 18:00:00,0.7,0.9,0.9,0.6,-5.4,47.0,4.5,6.6,107.0,104.0,978.4,80.0,0.0,0.0,100.0
2025-10-03 19:00:00,0.6,1.3,,-0.4,,62.0,5.9,9.7,120.0,126.0,978.1,35.0,0.0,,90.0
2025-10-03 20:00:00,-0.5,-0.3,,-0.7,,91.0,5.2,7.1,90.0,96.0,977.9,9.0,0.2,,
2025-10-03 21:00:00,-0.2,0.8,,-0.6,,98.0,5.0,9.4,119.0,90.0,978.1,4.0,0.4,,100.0
2025-10-03 22:00:00,0.7,1.2,,0.5,,94.0,3.4,6.8,95.0,98.0,978.5,0.0,0.1,,100.0
2025-10-03 23:00:00,1.9,2.5,,1.3,,86.0,2.3,5.7,176.0,124.0,979.6,0.0,0.0,,100.0
2025-10-04 00:00:00,2.5,3.0,3.0,2.1,-1.5,84.0,7.1,13.3,169.0,178.0,980.3,0.0,0.1,0.8,100.0
2025-10-04 01:00:00,2.8,3.0,,2.6,,82.0,9.2,15.1,166.0,168.0,981.0,0.0,0.0,,100.0
2025-10-04 02:00:00,3.0,3.1,,2.8,,81.0,11.4,18.0,172.0,170.0,981.5,0.0,0.0,,100.0
2025-10-04 03:00:00,3.1,3.2,,3.0,,79.0,12.1,17.4,176.0,171.0,982.9,0.0,0.0,,100.0
2025-10-04 04:00:00,3.1,3.3,,2.9,,79.0,11.0,17.7,175.0,171.0,983.7,0.0,0.0,,100.0
2025-10-04 05:00:00,1.6,2.9,,1.3,,92.0,8.0,14.7,151.0,155.0,984.7,0.0,0.2,,
2025-10-04 06:00:00,1.2,1.4,3.3,0.8,-0.7,95.0,5.6,11.5,156.0,165.0,985.2,0.0,1.7,2.7,90.0
2025-10-04 07:00:00,0.9,1.1,,0.6,,95.0,8.3,14.4,143.0,153.0,985.6,0.0,0.9,,100.0
2025-10-04 08:00:00,1.2,1.9,,0.7,,94.0,9.6,14.6,145.0,147.0,985.6,0.0,0.0,,100.0
2025-10-04 09:00:00,1.9,2.1,,1.8,,90.0,9.7,14.2,151.0,145.0,985.8,0.0,0.0,,100.0
2025-10-04 10:00:00,2.0,2.2,,1.5,,89.0,10.9,15.7,172.0,158.0,986.3,0.0,0.0,,100.0
2025-10-04 11:00:00,1.6,1.8,,1.4,,92.0,11.4,16.1,170.0,171.0,986.8,9.0,0.0,,60.0
2025-10-04 12:00:00,1.7,2.0,3.3,1.5,0.6,90.0,10.0,14.9,161.0,167.0,987.2,63.0,0.0,3.5,100.0
2025-10-04 13:00:00,1.9,2.1,,1.8,,88.0,9.6,14.8,146.0,154.0,988.2,99.0,0.0,,100.0
2025-10-04 14:00:00,2.0,2.1,,1.8,,89.0,9.7,13.4,149.0,148.0,988.3,88.0,0.0,,100.0
2025-10-04 15:00:00,2.0,2.1,,1.9,,93.0,7.8,11.7,139.0,146.0,989.3,62.0,0.0,,100.0
2025-10-04 16:00:00,1.8,2.1,,1.2,,95.0,3.0,6.5,20.0,118.0,990.6,45.0,1.8,,
2025-10-04 17:00:00,1.3,1.4,,1.2,,96.0,3.2,6.7,326.0,350.0,992.3,75.0,0.9,,
2025-10-04 18:00:00,1.3,1.8,2.2,1.1,0.6,96.0,6.4,10.8,305.0,316.0,994.0,79.0,0.2,6.4,100.0
2025-10-04 19:00:00,1.3,1.8,,1.1,,86.0,10.6,19.7,295.0,301.0,995.2,62.0,0.0,,100.0
2025-10-04 20:00:00,1.2,1.3,,1.1,,75.0,12.4,20.9,287.0,292.0,997.3,44.0,0.0,,90.0
2025-10-04 21:00:00,1.0,1.2,,0.9,,68.0,12.6,20.8,284.0,287.0,998.9,6.0,0.0,,40.0
2025-10-04 22:00:00,0.9,1.0,,0.9,,63.0,11.5,19.6,288.0,286.0,1000.0,0.0,0.0,,60.0
2025-10-04 23:00:00,1.0,1.0,,0.9,,61.0,11.9,20.7,292.0,291.0,1001.4,0.0,0.0,,10.0
2025-10-05 00:00:00,1.0,1.1,2.1,0.9,0.9,56.0,11.3,19.4,289.0,289.0,1003.0,0.0,0.0,5.6,10.0
2025-10-05 01:00:00,0.9,1.0,,0.7,,60.0,10.2,17.0,279.0,285.0,1004.3,0.0,0.0,,40.0
2025-10-05 02:00:00,0.8,0.9,,0.6,,66.0,8.6,15.0,284.0,283.0,1005.2,0.0,0.0,,90.0
2025-10-05 03:00:00,0.8,0.9,,0.7,,63.0,7.4,13.5,276.0,279.0,1006.1,0.0,0.0,,25.0
2025-10-05 04:00:00,0.7,0.7,,0.6,,61.0,6.4,11.8,278.0,278.0,1006.6,0.0,0.0,,40.0
2025-10-05 05:00:00,0.9,1.0,,0.7,,60.0,5.7,10.9,270.0,279.0,1007.4,0.0,0.0,,40.0
2025-10-05 06:00:00,0.9,1.0,1.8,0.7,0.6,60.0,4.5,8.0,273.0,275.0,1008.0,0.0,0.0,3.7,40.0
2025-10-05 07:00:00,0.9,1.0,,0.8,,63.0,4.1,8.1,263.0,269.0,1008.8,0.0,0.0,,60.0
2025-10-05 08:00:00,0.5,0.9,,0.0,,76.0,3.4,8.6,245.0,257.0,1009.4,0.0,0.0,,100.0
2025-10-05 09:00:00,-0.3,-0.1,,-0.6,,87.0,3.5,5.4,240.0,231.0,1009.8,0.0,0.0,,100.0
2025-10-05 10:00:00,0.5,0.8,,0.0,,80.0,3.4,6.3,274.0,264.0,1010.1,0.0,0.0,,100.0
2025-10-05 11:00:00,0.8,0.9,,0.8,,71.0,3.0,5.1,257.0,268.0,1010.4,14.0,0.0,,100.0
2025-10-05 12:00:00,0.8,1.0,1.0,0.6,-0.6,72.0,2.4,4.6,234.0,250.0,1010.6,26.0,0.0,2.8,40.0
2025-10-05 13:00:00,0.9,1.3,,0.5,,73.0,2.1,3.6,241.0,238.0,1010.6,98.0,0.0,,0.0
2025-10-05 14:00:00,1.7,2.0,,1.4,,73.0,2.5,4.4,244.0,229.0,1010.6,178.0,0.0,,40.0
2025-10-05 15:00:00,2.3,2.6,,1.9,,72.0,3.2,5.7,219.0,230.0,1010.5,242.0,0.0,,60.0
2025-10-05 16:00:00,2.4,2.6,,2.2,,70.0,3.6,5.9,208.0,218.0,1010.4,186.0,0.0,,100.0
2025-10-05 17:00:00,2.4,2.5,,2.2,,71.0,4.3,6.1,204.0,207.0,1010.5,141.0,0.0,,100.0
2025-10-05 18:00:00,2.1,2.2,2.6,2.1,-0.6,75.0,5.2,6.9,198.0,201.0,1010.4,75.0,0.0,0.0,100.0
2025-10-05 19:00:00,2.1,2.1,,2.0,,77.0,5.1,7.1,211.0,206.0,1010.5,54.0,0.0,,100.0
2025-10-05 20:00:00,1.9,2.0,,1.8,,78.0,5.5,8.0,209.0,208.0,1010.6,28.0,0.0,,100.0
2025-10-05 21:00:00,1.4,1.8,,0.9,,84.0,5.7,9.1,226.0,203.0,1010.6,2.0,0.0,,100.0
2025-10-05 22:00:00,0.2,0.8,,0.0,,96.0,3.6,6.5,215.0,226.0,1010.4,0.0,0.1,,
2025-10-05 23:00:00,-0.2,0.0,,-0.3,,95.0,2.7,4.8,182.0,204.0,1009.9,0.0,0.1,,100.0
2025-10-06 00:00:00,0.1,0.4,2.6,-0.2,-0.3,92.0,3.4,5.0,161.0,165.0,1009.2,0.0,0.0,0.1,100.0
2025-10-06 01:00:00,0.6,0.9,,0.4,,84.0,3.0,4.2,130.0,146.0,1008.9,0.0,0.0,,100.0
2025-10-06 02:00:00,0.5,0.6,,0.4,,90.0,3.1,4.1,125.0,124.0,1008.6,0.0,0.0,,100.0
2025-10-06 03:00:00,0.4,0.6,,0.2,,89.0,2.7,4.1,113.0,109.0,1008.6,0.0,0.0,,100.0
2025-10-06 04:00:00,0.3,0.4,,0.2,,83.0,2.6,4.5,140.0,134.0,1008.2,0.0,0.0,,100.0
2025-10-06 05:00:00,0.3,0.4,,0.3,,79.0,3.2,4.8,113.0,120.0,1007.6,0.0,0.0,,100.0
2025-10-06 06:00:00,0.3,0.4,2.1,0.0,-0.3,79.0,4.2,6.3,103.0,107.0,1007.3,0.0,0.0,0.1,100.0
2025-10-06 07:00:00,0.3,0.3,,0.2,,79.0,3.4,5.8,124.0,119.0,1007.2,0.0,0.0,,100.0
2025-10-06 08:00:00,-0.1,0.2,,-0.4,,79.0,3.7,5.1,112.0,122.0,1006.6,0.0,0.0,,100.0
2025-10-06 09:00:00,-0.6,-0.3,,-0.9,,80.0,3.7,5.3,119.0,112.0,1006.3,0.0,0.0,,100.0
2025-10-06 10:00:00,-1.0,-0.9,,-1.4,,84.0,2.2,3.1,143.0,142.0,1005.6,0.0,0.0,,100.0
2025-10-06 11:00:00,-1.1,-0.8,,-1.6,,83.0,2.7,4.3,110.0,120.0,1005.1,24.0,0.0,,100.0
2025-10-06 12:00:00,-0.7,-0.3,0.9,-0.9,-1.6,78.0,3.5,5.3,89.0,99.0,1004.7,61.0,0.0,0.1,100.0
2025-10-06 13:00:00,-0.9,-0.8,,-1.0,,78.0,4.3,5.9,101.0,99.0,1004.3,63.0,0.0,,100.0
2025-10-06 14:00:00,-0.6,-0.3,,-0.8,,74.0,4.9,7.5,98.0,96.0,1003.5,93.0,0.0,,100.0
2025-10-06 15:00:00,-0.2,0.0,,-0.3,,71.0,5.4,7.4,90.0,92.0,1002.8,130.0,0.0,,100.0
2025-10-06 16:00:00,0.3,0.6,,0.0,,68.0,5.4,7.6,75.0,81.0,1001.9,253.0,0.0,,40.0
2025-10-06 17:00:00,0.6,0.8,,0.4,,64.0,5.7,7.8,75.0,76.0,1001.3,238.0,0.0,,0.0
2025-10-06 18:00:00,0.7,0.8,0.8,0.5,-1.6,59.0,6.2,9.6,75.0,74.0,1000.6,181.0,0.0,0.1,0.0
2025-10-06 19:00:00,0.4,0.5,,0.3,,56.0,7.3,10.5,75.0,79.0,1000.2,126.0,0.0,,0.0
2025-10-06 20:00:00,0.0,0.3,,-0.2,,60.0,6.8,11.3,62.0,67.0,999.3,44.0,0.0,,0.0
2025-10-06 21:00:00,-0.3,-0.1,,-0.4,,65.0,6.4,9.9,51.0,57.0,998.8,3.0,0.0,,0.0
2025-10-06 22:00:00,-0.2,-0.1,,-0.4,,64.0,6.9,10.5,46.0,50.0,998.1,0.0,0.0,,0.0
2025-10-06 23:00:00,-0.4,-0.3,,-0.6,,71.0,6.4,11.1,55.0,49.0,997.6,0.0,0.0,,0.0
2025-10-07 00:00:00,-0.8,-0.5,0.8,-1.1,-1.1,73.0,5.5,9.1,56.0,55.0,997.1,0.0,0.0,0.0,0.0
2025-10-07 01:00:00,-1.1,-0.9,,-1.4,,73.0,6.6,10.3,43.0,47.0,996.3,0.0,0.0,,0.0
2025-10-07 02:00:00,-1.6,-1.4,,-1.7,,74.0,6.8,10.5,42.0,42.0,995.6,0.0,0.0,,0.0
2025-10-07 03:00:00,-1.7,-1.6,,-1.8,,73.0,6.6,10.6,39.0,41.0,994.3,0.0,0.0,,0.0
2025-10-07 04:00:00,-1.8,-1.7,,-1.8,,72.0,7.9,11.8,35.0,36.0,993.2,0.0,0.0,,0.0
2025-10-07 05:00:00,-1.8,-1.7,,-1.9,,67.0,8.3,12.5,35.0,35.0,992.0,0.0,0.0,,0.0
2025-10-07 06:00:00,-1.8,-1.7,0.5,-1.9,-1.9,67.0,9.1,13.3,35.0,35.0,990.4,0.0,0.0,0.0,0.0
2025-10-07 07:00:00,-1.7,-1.5,,-1.9,,68.0,8.6,13.5,42.0,39.0,989.3,0.0,0.0,,0.0
2025-10-07 08:00:00,-1.5,-1.3,,-1.6,,66.0,9.1,14.1,38.0,38.0,988.1,0.0,0.0,,0.0
2025-10-07 09:00:00,-1.4,-1.3,,-1.5,,67.0,9.8,14.5,31.0,33.0,986.4,0.0,0.0,,25.0
2025-10-07 10:00:00,-1.3,-1.2,,-1.4,,72.0,11.3,16.1,27.0,29.0,984.1,0.0,0.0,,0.0
2025-10-07 11:00:00,-1.2,-1.1,,-1.3,,69.0,10.9,15.6,31.0,31.0,983.2,10.0,0.0,,10.0
2025-10-07 12:00:00,-0.9,-0.8,-0.8,-1.1,-1.9,67.0,10.9,15.5,30.0,31.0,981.5,39.0,0.0,0.0,90.0
2025-10-07 13:00:00,-0.6,-0.5,,-0.7,,62.0,9.5,13.5,30.0,31.0,980.4,53.0,0.0,,100.0
2025-10-07 14:00:00,-0.3,-0.1,,-0.6,,64.0,10.2,14.1,28.0,30.0,978.9,102.0,0.0,,100.0
2025-10-07 15:00:00,0.2,0.4,,-0.1,,61.0,9.7,13.7,33.0,30.0,978.0,93.0,0.0,,100.0
2025-10-07 16:00:00,0.6,0.8,,0.4,,63.0,9.2,13.9,33.0,29.0,978.6,70.0,0.0,,100.0
2025-10-07 17:00:00,1.0,1.2,,0.8,,62.0,5.0,9.0,42.0,36.0,978.8,56.0,0.0,,100.0
2025-10-07 18:00:00,1.1,1.2,1.2,0.9,-1.9,64.0,0.9,3.3,177.0,115.0,979.6,42.0,0.0,0.0,100.0
2025-10-07 19:00:00,0.9,0.9,,0.8,,67.0,2.0,3.3,224.0,200.0,980.7,22.0,0.0,,100.0
2025-10-07 20:00:00,-0.7,0.9,,-1.6,,89.0,5.7,9.3,175.0,175.0,982.4,7.0,0.4,,
2025-10-07 21:00:00,-1.5,-1.4,,-1.7,,97.0,6.6,9.5,194.0,186.0,983.9,0.0,0.3,,100.0
2025-10-07 22:00:00,-1.1,-0.8,,-1.4,,97.0,6.3,8.8,193.0,196.0,985.3,0.0,0.1,,100.0
2025-10-07 23:00:00,-0.5,-0.2,,-0.8,,96.0,6.4,9.3,216.0,202.0,987.4,0.0,0.0,,90.0
2025-10-08 00:00:00,-0.2,0.1,1.2,-0.5,-1.7,96.0,8.5,13.1,199.0,205.0,988.7,0.0,0.2,0.9,100.0
2025-10-08 01:00:00,0.2,0.3,,0.1,,96.0,10.6,14.4,207.0,201.0,990.2,0.0,0.4,,100.0
2025-10-08 02:00:00,0.2,0.3,,0.0,,96.0,10.1,16.3,211.0,208.0,991.8,0.0,0.0,,100.0
2025-10-08 03:00:00,-0.1,0.1,,-0.2,,97.0,9.2,13.1,214.0,213.0,993.5,0.0,0.0,,100.0
2025-10-08 04:00:00,0.1,0.3,,-0.1,,96.0,9.2,13.0,210.0,209.0,994.2,0.0,0.0,,100.0
2025-10-08 05:00:00,0.1,0.2,,0.1,,95.0,8.7,12.7,213.0,211.0,995.6,0.0,0.3,,100.0
2025-10-08 06:00:00,0.3,0.4,0.9,0.2,-1.7,95.0,7.4,10.6,209.0,210.0,996.7,0.0,0.0,1.6,100.0
2025-10-08 07:00:00,0.3,0.4,,0.1,,97.0,6.2,9.0,200.0,202.0,997.8,0.0,0.1,,100.0
2025-10-08 08:00:00,0.1,0.1,,0.1,,99.0,4.5,6.2,184.0,195.0,998.6,0.0,0.1,,100.0
2025-10-08 09:00:00,0.3,0.4,,0.1,,98.0,4.9,7.2,191.0,193.0,999.2,0.0,0.4,,100.0
2025-10-08 10:00:00,0.2,0.4,,0.0,,99.0,5.0,7.8,196.0,187.0,999.9,0.0,0.3,,90.0
2025-10-08 11:00:00,0.8,1.8,,0.2,,96.0,5.8,12.6,202.0,196.0,1000.4,7.0,0.9,,100.0
2025-10-08 12:00:00,1.2,2.0,2.0,0.4,-0.2,94.0,6.7,12.4,189.0,202.0,1000.7,31.0,0.2,3.7,100.0
2025-10-08 13:00:00,1.9,2.1,,1.8,,89.0,8.8,11.8,182.0,185.0,1001.4,76.0,0.0,,100.0
2025-10-08 14:00:00,2.1,2.1,,2.0,,87.0,8.1,11.5,187.0,182.0,1002.0,109.0,0.0,,100.0
2025-10-08 15:00:00,2.1,2.2,,2.0,,86.0,7.5,11.2,168.0,178.0,1002.5,96.0,0.0,,100.0
2025-10-08 16:00:00,1.0,2.1,,0.3,,94.0,6.4,10.0,149.0,158.0,1002.9,62.0,0.1,,100.0
2025-10-08 17:00:00,0.2,0.6,,0.1,,98.0,5.2,9.0,158.0,153.0,1003.1,54.0,0.5,,
2025-10-08 18:00:00,1.1,1.5,2.2,0.4,0.0,93.0,6.2,10.6,150.0,155.0,1003.1,104.0,1.4,5.7,100.0
2025-10-08 19:00:00,1.2,1.5,,0.8,,92.0,5.7,9.0,159.0,153.0,1003.2,73.0,0.0,,75.0
2025-10-08 20:00:00,1.6,1.7,,1.4,,89.0,5.3,9.7,166.0,162.0,1003.2,39.0,0.0,,90.0
2025-10-08 21:00:00,1.4,1.7,,1.2,,91.0,6.1,10.0,156.0,165.0,1003.2,4.0,0.0,,100.0
2025-10-08 22:00:00,1.2,1.3,,0.9,,91.0,6.9,10.1,155.0,150.0,1003.2,0.0,0.2,,100.0
2025-10-08 23:00:00,1.3,1.4,,1.2,,90.0,5.8,9.5,162.0,158.0,1003.2,0.0,0.0,,60.0
2025-10-09 00:00:00,1.5,1.6,2.2,1.1,0.1,86.0,5.9,10.9,145.0,163.0,1003.3,0.0,0.0,4.9,100.0
2025-10-09 01:00:00,1.2,1.2,,1.1,,89.0,5.2,7.1,152.0,152.0,1003.0,0.0,0.0,,75.0
2025-10-09 02:00:00,1.1,1.2,,0.9,,89.0,5.3,7.5,139.0,145.0,1002.7,0.0,0.0,,100.0
2025-10-09 03:00:00,0.9,1.1,,0.7,,91.0,4.5,6.4,150.0,145.0,1002.7,0.0,0.0,,100.0
2025-10-09 04:00:00,0.7,0.9,,0.4,,93.0,3.6,5.5,146.0,144.0,1002.3,0.0,0.0,,90.0
2025-10-09 05:00:00,0.5,0.6,,0.2,,92.0,2.4,3.4,111.0,120.0,1002.2,0.0,0.0,,100.0
2025-10-09 06:00:00,1.0,1.1,1.7,0.5,0.2,89.0,3.2,4.5,116.0,119.0,1002.0,0.0,0.0,4.2,100.0
2025-10-09 07:00:00,0.6,1.0,,0.4,,93.0,2.8,4.6,99.0,89.0,1001.8,0.0,0.1,,100.0
2025-10-09 08:00:00,0.4,0.4,,0.2,,97.0,2.4,4.1,91.0,87.0,1001.6,0.0,0.1,,90.0
2025-10-09 09:00:00,0.2,0.4,,-0.1,,96.0,0.0,0.5,0.0,0.0,1001.7,0.0,0.0,,100.0
2025-10-09 10:00:00,0.3,0.6,,-0.1,,96.0,1.9,3.3,107.0,106.0,1001.9,0.0,0.0,,100.0
2025-10-09 11:00:00,0.7,0.8,,0.5,,90.0,2.7,3.9,122.0,116.0,1002.2,2.0,0.0,,100.0
2025-10-09 12:00:00,0.6,0.7,1.2,0.5,-0.1,91.0,2.6,3.7,108.0,114.0,1002.5,17.0,0.0,2.4,100.0
2025-10-09 13:00:00,0.4,0.6,,0.2,,94.0,2.5,4.3,84.0,98.0,1002.6,37.0,0.2,,60.0
2025-10-09 14:00:00,0.2,0.2,,0.1,,97.0,3.2,4.3,110.0,105.0,1002.7,61.0,0.3,,100.0
2025-10-09 15:00:00,0.2,0.2,,0.1,,97.0,3.1,4.2,112.0,114.0,1002.7,106.0,0.3,,100.0
2025-10-09 16:00:00,0.4,0.6,,0.2,,96.0,2.8,3.9,143.0,133.0,1002.9,128.0,0.0,,100.0
2025-10-09 17:00:00,0.7,0.8,,0.6,,92.0,3.5,6.0,174.0,170.0,1003.0,95.0,0.0,,100.0
2025-10-09 18:00:00,1.0,1.3,1.3,0.8,-0.1,89.0,3.6,4.7,190.0,185.0,1003.3,125.0,0.0,1.3,40.0
2025-10-09 19:00:00,0.7,0.9,,0.6,,90.0,2.5,4.1,199.0,195.0,1003.7,75.0,0.0,,40.0
2025-10-09 20:00:00,0.6,0.9,,0.5,,88.0,3.1,4.5,175.0,191.0,1004.1,39.0,0.0,,90.0
2025-10-09 21:00:00,0.7,0.8,,0.4,,89.0,3.3,5.3,176.0,173.0,1004.6,3.0,0.0,,100.0
2025-10-09 22:00:00,0.4,0.7,,0.1,,90.0,4.7,6.4,180.0,181.0,1004.9,0.0,0.1,,100.0
2025-10-09 23:00:00,-0.1,0.1,,-0.2,,96.0,6.2,8.2,171.0,172.0,1005.0,0.0,0.0,,60.0
2025-10-10 00:00:00,-0.1,0.1,1.3,-0.3,-0.3,96.0,5.4,7.4,171.0,172.0,1005.5,0.0,0.1,1.2,100.0
2025-10-10 01:00:00,0.0,0.1,,-0.2,,94.0,4.8,7.2,168.0,174.0,1005.8,0.0,0.0,,100.0
2025-10-10 02:00:00,-0.1,0.0,,-0.3,,89.0,4.1,6.0,179.0,182.0,1005.8,0.0,0.0,,100.0
2025-10-10 03:00:00,-0.2,-0.1,,-0.3,,92.0,3.9,5.8,174.0,169.0,1006.1,0.0,0.1,,100.0
2025-10-10 04:00:00,-0.1,-0.1,,-0.2,,92.0,5.1,7.1,168.0,178.0,1006.2,0.0,0.1,,100.0
2025-10-10 05:00:00,-0.2,-0.1,,-0.3,,89.0,4.5,7.5,156.0,159.0,1006.4,0.0,0.0,,100.0
2025-10-10 06:00:00,-0.9,-0.2,0.9,-1.4,-1.4,89.0,3.8,5.8,142.0,142.0,1006.7,0.0,0.0,1.3,0.0
2025-10-10 07:00:00,-1.2,-1.0,,-1.4,,89.0,4.3,6.2,140.0,136.0,1006.5,0.0,0.0,,40.0
2025-10-10 08:00:00,-1.4,-1.1,,-1.9,,88.0,4.0,6.6,101.0,103.0,1006.6,0.0,0.0,,25.0
2025-10-10 09:00:00,-1.0,-0.7,,-1.4,,87.0,4.0,6.0,111.0,108.0,1006.2,0.0,0.0,,100.0
2025-10-10 10:00:00,-1.0,-0.6,,-1.5,,87.0,3.7,5.8,116.0,116.0,1006.0,0.0,0.0,,0.0
2025-10-10 11:00:00,-1.2,-0.9,,-1.5,,86.0,4.2,6.2,124.0,128.0,1005.7,10.0,0.0,,0.0
2025-10-10 12:00:00,-1.0,-0.9,0.1,-1.2,-1.9,83.0,3.8,6.3,117.0,119.0,1005.4,67.0,0.0,1.1,0.0
2025-10-10 13:00:00,-1.3,-0.7,,-1.7,,82.0,3.4,5.4,117.0,107.0,1005.1,136.0,0.0,,0.0
2025-10-10 14:00:00,-0.9,-0.7,,-1.2,,80.0,4.2,6.9,97.0,108.0,1004.7,192.0,0.0,,0.0
2025-10-10 15:00:00,-0.9,-0.7,,-1.2,,75.0,5.3,7.8,109.0,111.0,1003.9,225.0,0.0,,0.0
2025-10-10 16:00:00,-0.7,-0.4,,-0.9,,72.0,5.0,7.6,93.0,97.0,1003.1,232.0,0.0,,0.0
2025-10-10 17:00:00,-0.8,-0.6,,-1.1,,70.0,4.5,7.0,94.0,102.0,1002.8,157.0,0.0,,10.0
2025-10-10 18:00:00,-1.4,-1.1,-0.4,-1.7,-1.9,70.0,3.2,4.9,106.0,104.0,1002.3,80.0,0.0,0.2,10.0
2025-10-10 19:00:00,-2.1,-1.3,,-2.6,,75.0,3.2,4.5,78.0,92.0,1001.7,59.0,0.0,,100.0
2025-10-10 20:00:00,-2.2,-1.9,,-2.7,,76.0,3.1,4.6,94.0,97.0,1001.5,19.0,0.0,,90.0
2025-10-10 21:00:00,-2.4,-1.7,,-2.7,,76.0,2.6,4.0,90.0,96.0,1000.9,1.0,0.0,,100.0
2025-10-10 22:00:00,-1.9,-1.4,,-2.1,,75.0,2.9,4.6,77.0,77.0,1000.5,0.0,0.0,,60.0
2025-10-10 23:00:00,-1.9,-1.6,,-2.2,,73.0,3.7,5.1,68.0,80.0,1000.1,0.0,0.0,,100.0
2025-10-11 00:00:00,-2.0,-1.7,-0.4,-2.4,-2.7,72.0,4.4,6.2,88.0,83.0,999.9,0.0,0.0,0.1,100.0
2025-10-11 01:00:00,-2.4,-1.9,,-2.8,,72.0,4.0,6.1,78.0,77.0,999.5,0.0,0.0,,100.0
2025-10-11 02:00:00,-1.7,-1.5,,-2.0,,68.0,5.5,7.7,74.0,75.0,998.6,0.0,0.0,,100.0
2025-10-11 03:00:00,-1.4,-1.2,,-1.8,,68.0,4.8,7.9,69.0,70.0,997.9,0.0,0.0,,100.0
2025-10-11 04:00:00,-1.4,-1.0,,-1.7,,68.0,3.8,6.3,82.0,74.0,997.1,0.0,0.0,,0.0
2025-10-11 05:00:00,-1.6,-1.4,,-2.1,,71.0,4.1,6.3,86.0,83.0,996.2,0.0,0.0,,10.0
2025-10-11 06:00:00,-1.3,-1.0,-1.0,-1.6,-2.8,70.0,3.7,6.1,61.0,65.0,995.3,0.0,0.0,0.0,50.0
2025-10-11 07:00:00,-0.9,-0.6,,-1.3,,67.0,4.5,6.9,66.0,62.0,994.3,0.0,0.0,,10.0
2025-10-11 08:00:00,-0.6,-0.3,,-1.0,,68.0,4.6,7.6,60.0,60.0,993.5,0.0,0.0,,0.0
2025-10-11 09:00:00,-0.3,-0.1,,-0.4,,65.0,5.5,8.0,59.0,59.0,992.8,0.0,0.0,,0.0
2025-10-11 10:00:00,-0.5,0.1,,-1.1,,64.0,4.5,6.9,72.0,69.0,992.2,0.0,0.0,,0.0
2025-10-11 11:00:00,-1.8,-0.7,,-2.8,,66.0,3.4,5.0,106.0,94.0,991.9,7.0,0.0,,0.0
2025-10-11 12:00:00,-1.7,-1.1,0.1,-2.4,-2.8,62.0,3.4,5.2,75.0,85.0,992.2,66.0,0.0,0.0,0.0
2025-10-11 13:00:00,-1.1,-0.6,,-1.9,,61.0,2.3,3.9,134.0,99.0,992.3,134.0,0.0,,0.0
2025-10-11 14:00:00,-0.5,0.1,,-1.5,,53.0,0.8,2.3,81.0,75.0,992.4,191.0,0.0,,0.0
2025-10-11 15:00:00,-0.1,0.4,,-0.8,,58.0,0.8,3.0,82.0,89.0,992.5,227.0,0.0,,75.0
2025-10-11 16:00:00,0.8,0.9,,0.2,,49.0,0.0,0.8,0.0,0.0,992.5,241.0,0.0,,0.0
2025-10-11 17:00:00,0.7,0.9,,0.4,,53.0,1.3,3.1,70.0,68.0,992.9,198.0,0.0,,0.0
2025-10-11 18:00:00,0.9,1.0,1.0,0.7,-2.8,58.0,2.0,3.3,52.0,57.0,992.8,159.0,0.0,0.0,75.0
2025-10-11 19:00:00,0.9,1.0,,0.7,,60.0,2.9,4.1,54.0,47.0,993.1,60.0,0.0,,0.0
2025-10-11 20:00:00,0.5,0.8,,0.0,,65.0,1.7,2.6,85.0,84.0,993.4,13.0,0.0,,60.0
2025-10-11 21:00:00,0.1,0.6,,-0.2,,66.0,0.6,2.6,0.0,87.0,993.4,0.0,0.0,,50.0
2025-10-11 22:00:00,-0.7,0.3,,-1.4,,65.0,2.1,3.9,95.0,91.0,993.5,0.0,0.0,,60.0
2025-10-11 23:00:00,-0.6,-0.1,,-1.3,,64.0,2.8,3.9,110.0,99.0,993.9,0.0,0.0,,0.0
2025-10-12 00:00:00,-0.2,0.6,1.0,-1.2,-1.9,71.0,1.6,3.5,111.0,102.0,994.4,0.0,0.0,0.0,100.0
2025-10-12 01:00:00,0.5,0.9,,-0.2,,77.0,2.8,4.1,136.0,126.0,995.1,0.0,0.0,,100.0
2025-10-12 02:00:00,1.1,1.4,,0.7,,74.0,2.6,4.0,136.0,142.0,995.7,0.0,0.0,,100.0
2025-10-12 03:00:00,1.8,2.3,,1.3,,67.0,0.7,3.8,47.0,91.0,996.4,0.0,0.0,,100.0
2025-10-12 04:00:00,1.2,1.9,,0.6,,74.0,1.8,3.6,130.0,107.0,997.4,0.0,0.0,,100.0
2025-10-12 05:00:00,1.6,2.3,,1.0,,75.0,1.1,3.2,237.0,190.0,998.8,0.0,0.0,,100.0
2025-10-12 06:00:00,2.2,2.4,2.4,1.9,-1.4,77.0,0.8,2.9,251.0,256.0,1000.1,0.0,0.0,0.0,100.0
2025-10-12 07:00:00,1.9,2.1,,1.8,,86.0,2.4,5.0,198.0,214.0,1001.3,0.0,0.1,,100.0
2025-10-12 08:00:00,1.2,1.7,,0.7,,86.0,3.1,8.3,244.0,198.0,1002.3,0.0,0.1,,100.0
2025-10-12 09:00:00,0.6,1.1,,0.4,,90.0,1.5,3.4,105.0,122.0,1003.5,0.0,0.3,,
2025-10-12 10:00:00,0.1,0.4,,0.0,,97.0,1.5,3.0,78.0,70.0,1004.5,0.0,0.2,,100.0
2025-10-12 11:00:00,-0.1,0.1,,-0.6,,96.0,3.0,4.9,64.0,70.0,1005.1,4.0,0.0,,25.0
2025-10-12 12:00:00,-0.4,0.0,2.4,-1.1,-1.1,95.0,4.0,5.4,85.0,75.0,1006.3,24.0,0.0,0.7,40.0
2025-10-12 13:00:00,0.2,0.7,,-0.3,,91.0,3.2,5.3,104.0,105.0,1007.5,52.0,0.0,,100.0
2025-10-12 14:00:00,1.5,1.9,,0.7,,74.0,4.2,7.3,193.0,176.0,1008.4,130.0,0.0,,60.0
2025-10-12 15:00:00,1.1,1.4,,0.6,,80.0,1.3,3.2,113.0,157.0,1009.4,90.0,0.0,,100.0
2025-10-12 16:00:00,1.1,1.4,,0.8,,81.0,1.6,4.1,110.0,101.0,1010.3,73.0,0.0,,100.0
2025-10-12 17:00:00,1.9,2.4,,1.3,,70.0,3.6,6.0,158.0,123.0,1010.7,87.0,0.0,,100.0
2025-10-12 18:00:00,2.3,2.5,2.5,1.7,-1.1,68.0,5.5,11.4,183.0,162.0,1011.5,53.0,0.0,0.7,100.0
2025-10-12 19:00:00,1.6,1.8,,1.3,,76.0,6.1,10.1,151.0,157.0,1012.2,28.0,0.0,,90.0
2025-10-12 20:00:00,1.6,1.7,,1.4,,76.0,5.7,9.1,153.0,149.0,1013.1,13.0,0.0,,100.0
2025-10-12 21:00:00,1.3,1.7,,0.8,,79.0,6.2,12.1,182.0,159.0,1013.7,0.0,0.0,,100.0
2025-10-12 22:00:00,1.5,1.8,,0.8,,78.0,4.4,6.9,158.0,156.0,1014.0,0.0,0.0,,100.0
2025-10-12 23:00:00,1.7,1.9,,1.5,,73.0,8.9,15.7,169.0,172.0,1013.7,0.0,0.0,,100.0
2025-10-13 00:00:00,1.6,1.6,2.5,1.4,-0.3,75.0,8.5,14.2,154.0,164.0,1014.1,0.0,0.0,0.7,100.0
2025-10-13 01:00:00,1.1,1.5,,0.8,,80.0,7.9,12.3,144.0,148.0,1014.4,0.0,0.0,,100.0
2025-10-13 02:00:00,0.8,1.0,,0.6,,84.0,6.0,10.1,136.0,142.0,1014.9,0.0,0.0,,100.0
2025-10-13 03:00:00,0.8,1.0,,0.5,,83.0,4.9,7.4,105.0,110.0,1014.7,0.0,0.0,,100.0
2025-10-13 04:00:00,0.9,1.0,,0.7,,79.0,5.4,7.4,115.0,113.0,1014.6,0.0,0.0,,100.0
2025-10-13 05:00:00,0.6,1.0,,0.3,,77.0,5.6,7.8,112.0,111.0,1014.2,0.0,0.0,,100.0
2025-10-13 06:00:00,0.2,0.4,1.9,-0.1,-0.1,72.0,7.2,10.1,117.0,114.0,1013.7,0.0,0.0,0.7,60.0
2025-10-13 07:00:00,-0.2,-0.1,,-0.4,,69.0,6.9,9.8,113.0,118.0,1013.1,0.0,0.0,,100.0
2025-10-13 08:00:00,-0.5,-0.4,,-0.6,,69.0,7.5,11.2,126.0,125.0,1011.9,0.0,0.0,,100.0
2025-10-13 09:00:00,-0.6,-0.5,,-0.7,,68.0,7.8,13.2,119.0,123.0,1010.3,0.0,0.0,,100.0
2025-10-13 10:00:00,-0.4,-0.3,,-0.6,,67.0,8.5,11.8,112.0,121.0,1008.7,0.0,0.0,,100.0
2025-10-13 11:00:00,-0.2,0.1,,-0.6,,65.0,7.4,11.0,122.0,121.0,1007.3,1.0,0.0,,100.0
2025-10-13 12:00:00,-0.2,0.0,1.5,-0.3,-0.7,64.0,8.0,11.8,122.0,127.0,1005.8,5.0,0.0,0.0,100.0
2025-10-13 13:00:00,-0.9,-0.3,,-1.3,,81.0,7.9,11.2,116.0,122.0,1004.4,9.0,0.3,,100.0
2025-10-13 14:00:00,-1.2,-0.9,,-1.3,,93.0,9.4,13.1,120.0,117.0,1002.4,9.0,0.3,,
2025-10-13 15:00:00,-0.5,-0.2,,-0.9,,94.0,9.8,14.4,120.0,123.0,1000.7,14.0,0.4,,100.0
2025-10-13 16:00:00,0.0,0.1,,-0.2,,94.0,10.3,15.8,125.0,126.0,999.7,20.0,0.0,,
2025-10-13 17:00:00,0.0,0.0,,0.0,,98.0,9.9,14.7,139.0,130.0,999.0,15.0,0.5,,
2025-10-13 18:00:00,-0.1,0.0,0.1,-0.1,-1.3,100.0,9.8,14.5,142.0,139.0,998.4,10.0,0.0,1.4,
2025-10-13 19:00:00,-0.1,-0.1,,-0.1,,100.0,9.8,13.0,148.0,143.0,998.1,7.0,1.8,,
2025-10-13 20:00:00,0.7,2.4,,-0.1,,98.0,12.0,22.0,193.0,179.0,996.9,4.0,2.1,,100.0
2025-10-13 21:00:00,2.2,2.5,,2.0,,94.0,20.1,27.0,203.0,198.0,998.6,0.0,1.0,,100.0
2025-10-13 22:00:00,2.0,2.1,,1.9,,94.0,14.4,21.6,206.0,206.0,1000.7,0.0,0.0,,100.0
2025-10-13 23:00:00,2.1,2.3,,1.9,,94.0,8.4,14.3,217.0,212.0,1002.6,0.0,0.0,,100.0
2025-10-14 00:00:00,2.1,2.2,2.5,1.9,-1.3,80.0,3.8,7.6,232.0,227.0,1004.3,0.0,0.0,6.3,100.0
2025-10-14 01:00:00,2.1,2.2,,1.9,,78.0,3.0,4.9,221.0,221.0,1005.2,0.0,0.0,,100.0
2025-10-14 02:00:00,2.0,2.1,,1.9,,80.0,2.0,3.6,225.0,219.0,1006.0,0.0,0.0,,100.0
2025-10-14 03:00:00,1.8,2.2,,1.5,,78.0,0.0,1.0,0.0,0.0,1006.4,0.0,0.0,,100.0
2025-10-14 04:00:00,1.0,1.5,,0.6,,89.0,3.8,6.6,154.0,155.0,1006.7,0.0,0.1,,100.0
2025-10-14 05:00:00,0.3,0.7,,0.0,,93.0,2.9,5.9,122.0,144.0,1007.4,0.0,0.2,,100.0
2025-10-14 06:00:00,0.6,1.3,2.5,0.0,-0.1,96.0,4.8,10.7,200.0,188.0,1007.6,0.0,0.3,6.8,100.0
2025-10-14 07:00:00,1.5,1.6,,1.3,,91.0,9.4,13.2,197.0,196.0,1008.1,0.0,0.0,,100.0
2025-10-14 08:00:00,1.7,1.7,,1.6,,90.0,9.4,13.7,198.0,197.0,1008.9,0.0,0.0,,90.0
2025-10-14 09:00:00,1.6,1.7,,1.5,,89.0,8.1,11.4,198.0,201.0,1010.1,0.0,0.0,,100.0
2025-10-14 10:00:00,1.6,1.7,,1.5,,89.0,7.6,11.3,202.0,201.0,1010.9,0.0,0.0,,100.0
2025-10-14 11:00:00,1.5,1.6,,1.3,,87.0,8.1,11.7,183.0,193.0,1012.0,1.0,0.0,,90.0
2025-10-14 12:00:00,1.3,1.5,2.2,1.2,0.0,86.0,7.7,11.1,187.0,187.0,1012.6,16.0,0.0,6.8,40.0
2025-10-14 13:00:00,1.3,1.3,,1.2,,83.0,8.3,10.9,188.0,188.0,1013.2,54.0,0.0,,0.0
2025-10-14 14:00:00,1.2,1.3,,1.2,,82.0,8.0,11.1,181.0,184.0,1013.7,80.0,0.0,,0.0
2025-10-14 15:00:00,1.3,1.5,,1.1,,80.0,5.7,9.9,189.0,180.0,1014.5,128.0,0.0,,60.0
2025-10-14 16:00:00,1.8,2.2,,1.4,,78.0,4.4,7.4,157.0,178.0,1015.1,204.0,0.0,,100.0
2025-10-14 17:00:00,2.0,2.2,,1.8,,77.0,4.1,6.8,166.0,160.0,1015.3,172.0,0.0,,60.0
2025-10-14 18:00:00,1.8,2.0,2.2,1.6,1.1,80.0,3.9,6.8,134.0,154.0,1015.8,85.0,0.0,5.4,90.0
2025-10-14 19:00:00,1.2,1.6,,0.6,,84.0,2.4,5.8,104.0,126.0,1016.1,56.0,0.0,,90.0
2025-10-14 20:00:00,0.5,1.1,,-0.3,,88.0,3.0,4.2,93.0,95.0,1016.3,14.0,0.0,,50.0
2025-10-14 21:00:00,-0.1,0.4,,-0.4,,91.0,3.3,4.3,92.0,92.0,1016.7,0.0,0.0,,100.0
2025-10-14 22:00:00,1.5,2.2,,0.3,,84.0,4.6,8.1,169.0,151.0,1017.0,0.0,0.0,,100.0
2025-10-14 23:00:00,1.7,2.1,,1.3,,86.0,2.6,4.4,134.0,148.0,1017.0,0.0,0.0,,100.0
2025-10-15 00:00:00,1.3,1.4,2.2,1.0,-0.4,96.0,2.1,3.3,90.0,116.0,1017.3,0.0,0.1,0.5,100.0
2025-10-15 01:00:00,1.3,1.6,,1.0,,90.0,3.1,5.7,78.0,79.0,1017.5,0.0,0.0,,100.0
2025-10-15 02:00:00,1.8,1.9,,1.6,,85.0,4.4,6.5,76.0,79.0,1016.9,0.0,0.0,,100.0
2025-10-15 03:00:00,1.8,1.9,,1.7,,88.0,5.0,6.8,65.0,71.0,1016.5,0.0,0.0,,100.0
2025-10-15 04:00:00,1.8,2.0,,1.7,,90.0,4.6,6.6,75.0,71.0,1016.3,0.0,0.0,,100.0
2025-10-15 05:00:00,1.9,2.0,,1.7,,88.0,3.8,5.4,64.0,59.0,1016.2,0.0,0.0,,100.0
2025-10-15 06:00:00,1.9,2.1,2.2,1.7,-0.4,90.0,4.6,7.6,40.0,45.0,1015.8,0.0,0.0,0.0,100.0
2025-10-15 07:00:00,1.8,2.1,,1.7,,91.0,4.9,8.2,41.0,42.0,1015.5,0.0,0.1,,100.0
2025-10-15 08:00:00,1.8,1.9,,1.6,,92.0,4.6,7.6,61.0,49.0,1015.6,0.0,0.3,,100.0
2025-10-15 09:00:00,2.0,2.1,,1.9,,92.0,3.8,5.8,67.0,61.0,1015.6,0.0,0.1,,100.0
2025-10-15 10:00:00,2.0,2.1,,1.9,,92.0,2.7,5.5,60.0,73.0,1016.0,0.0,0.4,,100.0
2025-10-15 11:00:00,1.9,2.1,,1.8,,94.0,0.4,2.4,0.0,80.0,1016.5,0.0,0.9,,100.0
2025-10-15 12:00:00,2.3,2.8,2.8,1.9,1.0,94.0,2.0,5.1,61.0,57.0,1016.3,5.0,1.1,2.9,100.0
2025-10-15 13:00:00,1.9,2.0,,1.7,,97.0,5.0,6.9,95.0,87.0,1016.7,15.0,1.5,,100.0
2025-10-15 14:00:00,2.4,3.0,,1.8,,96.0,4.1,6.1,110.0,110.0,1017.0,32.0,1.0,,100.0
2025-10-15 15:00:00,2.7,3.4,,2.3,,96.0,4.2,5.4,102.0,96.0,1017.1,30.0,0.1,,100.0
2025-10-15 16:00:00,3.3,3.9,,2.9,,94.0,2.9,4.6,79.0,94.0,1017.1,17.0,0.8,,100.0
2025-10-15 17:00:00,3.1,4.4,,2.6,,95.0,3.8,5.4,86.0,92.0,1017.3,17.0,1.5,,100.0
2025-10-15 18:00:00,3.0,3.3,4.4,2.8,1.6,96.0,5.6,7.9,87.0,84.0,1017.3,17.0,0.5,8.2,100.0
2025-10-15 19:00:00,3.5,4.1,,3.2,,92.0,6.3,9.7,112.0,94.0,1018.0,7.0,0.0,,100.0
2025-10-15 20:00:00,4.1,4.5,,3.7,,87.0,5.6,7.4,99.0,101.0,1018.2,2.0,0.0,,100.0
2025-10-15 21:00:00,4.0,4.3,,3.7,,84.0,4.6,6.9,103.0,95.0,1018.5,0.0,0.0,,100.0
2025-10-15 22:00:00,4.2,4.7,,3.9,,82.0,3.6,5.1,108.0,104.0,1018.4,0.0,0.0,,100.0
2025-10-15 23:00:00,5.4,6.1,,4.7,,74.0,3.5,5.9,141.0,123.0,1018.6,0.0,0.1,,100.0
2025-10-16 00:00:00,5.1,5.9,6.1,4.0,1.7,77.0,2.0,4.1,107.0,102.0,1018.4,0.0,0.1,8.3,100.0
2025-10-16 01:00:00,5.6,6.4,,4.4,,78.0,3.7,6.8,139.0,131.0,1018.4,0.0,0.4,,100.0
2025-10-16 02:00:00,6.0,6.3,,5.7,,82.0,6.0,10.0,154.0,147.0,1018.6,0.0,1.2,,100.0
2025-10-16 03:00:00,5.5,5.9,,5.2,,88.0,3.9,6.3,141.0,147.0,1018.3,0.0,0.9,,100.0
2025-10-16 04:00:00,4.8,5.4,,4.3,,92.0,1.9,3.7,108.0,108.0,1018.2,0.0,0.2,,100.0
2025-10-16 05:00:00,5.2,6.0,,4.3,,86.0,3.2,4.5,111.0,109.0,1018.0,0.0,0.0,,100.0
2025-10-16 06:00:00,4.3,4.9,6.4,3.8,3.2,86.0,2.0,4.3,101.0,100.0,1018.2,0.0,0.0,10.9,75.0
2025-10-16 07:00:00,6.0,7.5,,4.8,,77.0,2.9,7.2,139.0,126.0,1018.2,0.0,0.0,,100.0
2025-10-16 08:00:00,7.1,7.5,,6.6,,72.0,3.6,5.8,149.0,145.0,1018.0,0.0,0.0,,100.0
2025-10-16 09:00:00,6.9,7.4,,6.5,,70.0,5.0,8.4,177.0,148.0,1018.3,0.0,0.0,,100.0
2025-10-16 10:00:00,6.9,7.4,,6.1,,70.0,5.5,10.2,159.0,144.0,1018.4,0.0,0.0,,100.0
2025-10-16 11:00:00,6.2,6.6,,5.8,,72.0,4.2,7.1,149.0,142.0,1018.4,1.0,0.0,,100.0
2025-10-16 12:00:00,6.9,7.2,7.5,6.4,3.8,67.0,5.7,8.3,145.0,147.0,1018.5,33.0,0.0,8.0,100.0
2025-10-16 13:00:00,6.0,6.9,,5.2,,72.0,4.7,7.8,200.0,186.0,1018.9,44.0,0.0,,100.0
2025-10-16 14:00:00,5.4,5.7,,4.9,,76.0,4.2,6.5,223.0,199.0,1019.3,73.0,0.0,,100.0
2025-10-16 15:00:00,5.0,5.6,,4.4,,85.0,2.0,4.7,209.0,230.0,1019.6,75.0,0.0,,100.0
2025-10-16 16:00:00,4.4,4.6,,4.3,,91.0,1.3,5.9,207.0,210.0,1019.7,62.0,0.0,,100.0
2025-10-16 17:00:00,4.1,4.3,,3.9,,94.0,4.4,7.1,189.0,192.0,1020.2,54.0,0.1,,100.0
2025-10-16 18:00:00,4.0,4.1,7.5,3.8,3.8,95.0,4.5,8.3,181.0,184.0,1020.1,25.0,0.1,2.9,100.0
2025-10-16 19:00:00,4.5,4.9,,4.1,,93.0,7.9,13.3,175.0,176.0,1019.7,7.0,0.0,,100.0
2025-10-16 20:00:00,4.1,4.6,,3.7,,96.0,7.8,13.0,173.0,183.0,1020.1,0.0,0.1,,
2025-10-16 21:00:00,4.0,4.1,,3.7,,97.0,7.1,10.3,192.0,187.0,1020.2,0.0,1.1,,
2025-10-16 22:00:00,3.8,3.9,,3.7,,98.0,5.1,8.4,193.0,195.0,1020.4,0.0,1.5,,100.0
2025-10-16 23:00:00,3.5,3.7,,3.3,,99.0,5.5,7.8,191.0,190.0,1020.7,0.0,1.3,,
2025-10-17 00:00:00,3.1,3.2,6.9,3.0,3.0,99.0,4.6,6.6,186.0,181.0,1020.7,0.0,0.7,7.4,
2025-10-17 01:00:00,3.0,3.1,,2.9,,98.0,5.4,7.3,196.0,194.0,1020.8,0.0,0.6,,100.0
2025-10-17 02:00:00,2.9,2.9,,2.8,,97.0,6.6,8.9,195.0,197.0,1020.8,0.0,0.2,,100.0
2025-10-17 03:00:00,2.7,2.8,,2.6,,96.0,6.8,8.6,191.0,195.0,1020.7,0.0,0.1,,100.0
2025-10-17 04:00:00,2.1,2.6,,1.8,,97.0,7.5,10.9,208.0,204.0,1020.9,0.0,0.0,,100.0
2025-10-17 05:00:00,1.2,1.8,,1.1,,93.0,7.7,13.4,207.0,205.0,1021.5,0.0,0.0,,75.0
2025-10-17 06:00:00,1.2,1.3,4.9,1.0,1.0,93.0,6.4,10.1,208.0,204.0,1021.9,0.0,0.0,5.8,100.0
2025-10-17 07:00:00,1.2,1.4,,1.1,,92.0,5.7,8.1,202.0,205.0,1022.2,0.0,0.0,,100.0
2025-10-17 08:00:00,1.4,1.4,,1.3,,95.0,5.8,7.6,199.0,200.0,1022.5,0.0,0.0,,
2025-10-17 09:00:00,1.4,1.6,,1.3,,98.0,5.5,7.7,204.0,198.0,1022.9,0.0,0.1,,100.0
2025-10-17 10:00:00,1.5,1.6,,1.4,,98.0,5.6,8.2,222.0,212.0,1023.2,0.0,0.0,,100.0
2025-10-17 11:00:00,1.3,1.4,,1.1,,99.0,5.4,8.1,224.0,221.0,1023.8,0.0,0.1,,
2025-10-17 12:00:00,1.0,1.2,3.1,0.9,0.9,100.0,3.8,6.2,240.0,234.0,1024.4,13.0,0.0,5.9,
2025-10-17 13:00:00,0.9,1.1,,0.8,,100.0,2.8,5.1,244.0,240.0,1024.8,50.0,0.1,,
2025-10-17 14:00:00,0.9,1.1,,0.7,,100.0,3.3,6.7,253.0,252.0,1025.4,80.0,0.1,,
2025-10-17 15:00:00,0.8,0.9,,0.6,,100.0,3.3,6.5,267.0,267.0,1025.9,90.0,0.1,,
2025-10-17 16:00:00,0.6,0.8,,0.4,,97.0,3.3,6.4,257.0,271.0,1026.4,90.0,0.1,,100.0
2025-10-17 17:00:00,0.9,1.0,,0.8,,92.0,2.4,5.0,274.0,264.0,1026.7,65.0,0.0,,100.0
2025-10-17 18:00:00,0.6,1.0,1.6,0.2,0.2,93.0,1.9,5.3,249.0,275.0,1027.1,38.0,0.0,5.9,100.0
2025-10-17 19:00:00,0.3,0.4,,0.2,,94.0,0.2,2.4,0.0,243.0,1027.2,21.0,0.0,,100.0
2025-10-17 20:00:00,0.2,0.3,,0.0,,94.0,0.0,1.3,0.0,0.0,1027.4,4.0,0.0,,100.0
2025-10-17 21:00:00,-0.1,0.1,,-0.4,,96.0,0.9,3.2,126.0,144.0,1027.3,0.0,0.0,,
2025-10-17 22:00:00,-0.7,-0.4,,-0.9,,99.0,0.7,3.2,79.0,103.0,1027.1,0.0,0.0,,
2025-10-17 23:00:00,-1.3,-0.9,,-1.4,,100.0,1.3,3.0,37.0,52.0,1026.8,0.0,0.0,,
2025-10-18 00:00:00,-1.0,-0.8,1.1,-1.2,-1.4,100.0,2.8,4.7,47.0,42.0,1026.3,0.0,0.0,1.2,
2025-10-18 01:00:00,-0.8,-0.7,,-0.9,,100.0,3.5,5.4,20.0,28.0,1025.9,0.0,0.0,,
2025-10-18 02:00:00,-0.3,0.0,,-0.6,,100.0,3.8,6.2,32.0,35.0,1025.1,0.0,0.1,,
2025-10-18 03:00:00,0.1,0.5,,-0.1,,99.0,4.8,7.8,28.0,34.0,1024.5,0.0,0.1,,90.0
2025-10-18 04:00:00,0.5,0.8,,0.1,,98.0,5.9,9.1,24.0,31.0,1023.7,0.0,0.0,,90.0
2025-10-18 05:00:00,0.9,1.1,,0.6,,95.0,7.1,10.5,29.0,29.0,1022.8,0.0,0.0,,75.0
2025-10-18 06:00:00,0.9,1.1,1.1,0.7,-1.4,93.0,7.0,10.1,31.0,35.0,1022.4,0.0,0.0,0.4,60.0
2025-10-18 07:00:00,0.6,0.8,,0.5,,89.0,7.2,10.5,32.0,32.0,1021.8,0.0,0.0,,0.0
2025-10-18 08:00:00,0.9,1.1,,0.6,,87.0,7.3,10.0,19.0,26.0,1021.6,0.0,0.0,,0.0
2025-10-18 09:00:00,1.0,1.1,,0.8,,82.0,6.2,9.2,26.0,25.0,1021.5,0.0,0.0,,0.0
2025-10-18 10:00:00,1.0,1.1,,0.8,,86.0,5.6,8.2,26.0,27.0,1021.5,0.0,0.0,,0.0
2025-10-18 11:00:00,0.8,1.0,,0.5,,83.0,4.2,7.3,32.0,30.0,1021.4,1.0,0.0,,0.0
2025-10-18 12:00:00,0.8,1.1,1.1,0.6,-0.9,84.0,3.0,4.6,28.0,31.0,1021.2,22.0,0.0,0.3,0.0
2025-10-18 13:00:00,0.9,1.0,,0.8,,77.0,2.5,3.6,33.0,38.0,1021.1,87.0,0.0,,0.0
2025-10-18 14:00:00,1.0,1.2,,0.9,,82.0,0.7,2.9,343.0,15.0,1021.2,142.0,0.0,,0.0
2025-10-18 15:00:00,1.4,1.5,,1.3,,79.0,0.9,2.6,323.0,327.0,1021.2,172.0,0.0,,0.0
2025-10-18 16:00:00,1.5,1.6,,1.5,,83.0,0.3,2.7,300.0,307.0,1021.1,191.0,0.0,,40.0
2025-10-18 17:00:00,1.0,1.6,,0.7,,90.0,2.1,4.5,289.0,284.0,1021.2,103.0,0.0,,100.0
2025-10-18 18:00:00,0.7,0.7,1.6,0.5,0.5,90.0,1.3,4.1,279.0,284.0,1021.3,57.0,0.0,0.1,100.0
2025-10-18 19:00:00,0.4,0.5,,0.1,,91.0,0.3,2.9,291.0,283.0,1021.7,22.0,0.0,,100.0
2025-10-18 20:00:00,-0.2,0.1,,-0.3,,91.0,0.7,3.1,201.0,200.0,1021.8,5.0,0.0,,100.0
2025-10-18 21:00:00,-0.3,-0.3,,-0.5,,91.0,0.9,3.4,224.0,217.0,1022.1,0.0,0.0,,100.0
2025-10-18 22:00:00,-0.4,-0.3,,-0.5,,90.0,0.7,3.6,223.0,214.0,1022.4,0.0,0.0,,100.0
2025-10-18 23:00:00,-0.5,-0.5,,-0.6,,91.0,1.3,3.6,137.0,155.0,1022.9,0.0,0.0,,100.0
2025-10-19 00:00:00,-0.6,-0.6,1.6,-0.7,-0.7,93.0,1.5,3.3,157.0,158.0,1023.1,0.0,0.0,0.1,100.0
2025-10-19 01:00:00,-0.8,-0.7,,-0.9,,95.0,0.8,2.2,0.0,153.0,1023.3,0.0,0.0,,75.0
2025-10-19 02:00:00,-0.8,-0.8,,-0.9,,93.0,1.6,3.6,167.0,164.0,1023.2,0.0,0.0,,100.0
2025-10-19 03:00:00,-0.9,-0.8,,-1.0,,93.0,2.4,4.1,184.0,180.0,1023.4,0.0,0.0,,100.0
2025-10-19 04:00:00,-0.9,-0.9,,-0.9,,93.0,1.4,3.3,175.0,167.0,1023.5,0.0,0.0,,100.0
2025-10-19 05:00:00,-0.8,-0.8,,-0.9,,93.0,1.3,3.2,176.0,167.0,1023.8,0.0,0.0,,100.0
2025-10-19 06:00:00,-0.7,-0.6,0.5,-0.8,-1.0,93.0,0.9,3.1,161.0,160.0,1024.2,0.0,0.0,0.0,100.0
2025-10-19 07:00:00,-0.8,-0.6,,-0.9,,93.0,0.4,2.4,166.0,160.0,1024.2,0.0,0.0,,100.0
2025-10-19 08:00:00,-1.0,-0.9,,-1.4,,94.0,0.4,2.0,139.0,142.0,1024.1,0.0,0.0,,90.0
2025-10-19 09:00:00,-1.7,-1.5,,-1.9,,98.0,1.0,2.3,0.0,134.0,1024.3,0.0,0.0,,40.0
2025-10-19 10:00:00,-1.8,-1.5,,-2.0,,98.0,0.2,2.6,80.0,82.0,1024.3,0.0,0.0,,50.0
2025-10-19 11:00:00,-1.8,-1.7,,-1.9,,90.0,3.3,4.8,73.0,72.0,1024.2,0.0,0.0,,10.0
2025-10-19 12:00:00,-1.9,-1.8,-0.6,-1.9,-2.0,84.0,3.4,5.0,65.0,62.0,1024.0,15.0,0.0,0.0,25.0
2025-10-19 13:00:00,-1.5,-1.0,,-1.8,,85.0,4.0,5.8,85.0,80.0,1023.7,65.0,0.0,,100.0
2025-10-19 14:00:00,-0.9,-0.8,,-1.1,,84.0,4.2,6.1,76.0,79.0,1023.5,107.0,0.0,,25.0
2025-10-19 15:00:00,-0.9,-0.8,,-1.1,,86.0,2.9,4.9,55.0,60.0,1023.6,100.0,0.0,,40.0
2025-10-19 16:00:00,-0.5,0.0,,-0.8,,86.0,2.8,4.3,70.0,68.0,1023.4,133.0,0.0,,0.0
2025-10-19 17:00:00,0.1,0.2,,-0.1,,86.0,2.8,4.7,60.0,65.0,1023.1,140.0,0.0,,10.0
2025-10-19 18:00:00,-0.2,-0.1,0.2,-0.2,-2.0,85.0,2.7,4.6,57.0,53.0,1023.0,89.0,0.0,0.0,40.0
2025-10-19 19:00:00,-0.1,0.0,,-0.2,,85.0,2.3,4.0,69.0,60.0,1022.9,66.0,0.0,,0.0
2025-10-19 20:00:00,-0.5,-0.2,,-0.8,,83.0,2.5,3.8,78.0,76.0,1022.9,10.0,0.0,,0.0
2025-10-19 21:00:00,-0.9,-0.7,,-1.1,,84.0,2.2,3.7,66.0,64.0,1022.5,0.0,0.0,,25.0
2025-10-19 22:00:00,-1.0,-0.8,,-1.1,,83.0,3.1,4.4,63.0,60.0,1022.2,0.0,0.0,,10.0
2025-10-19 23:00:00,-1.1,-0.8,,-1.4,,86.0,2.8,4.0,85.0,74.0,1022.1,0.0,0.0,,75.0
2025-10-20 00:00:00,-1.1,-0.7,0.2,-1.4,-1.8,86.0,2.6,3.8,71.0,74.0,1021.9,0.0,0.0,0.0,25.0
2025-10-20 01:00:00,-0.5,-0.4,,-0.9,,83.0,3.5,4.4,51.0,59.0,1021.5,0.0,0.0,,10.0
2025-10-20 02:00:00,-0.5,-0.4,,-0.6,,83.0,3.6,4.6,57.0,55.0,1021.0,0.0,0.0,,40.0
2025-10-20 03:00:00,-0.8,-0.6,,-1.2,,83.0,2.9,3.9,70.0,67.0,1020.4,0.0,0.0,,100.0
2025-10-20 04:00:00,-0.8,-0.7,,-1.1,,82.0,2.9,4.2,69.0,65.0,1020.3,0.0,0.0,,10.0
2025-10-20 05:00:00,-0.8,-0.2,,-1.3,,83.0,1.9,3.1,60.0,65.0,1020.2,0.0,0.0,,25.0
2025-10-20 06:00:00,-0.5,-0.3,0.0,-0.8,-1.4,84.0,2.4,3.0,76.0,68.0,1020.1,0.0,0.0,0.0,100.0
2025-10-20 07:00:00,-0.4,-0.1,,-1.0,,83.0,2.8,3.7,56.0,57.0,1020.1,0.0,0.0,,75.0
2025-10-20 08:00:00,-0.4,0.0,,-0.8,,84.0,2.1,3.1,64.0,69.0,1019.9,0.0,0.0,,60.0
2025-10-20 09:00:00,-0.7,0.0,,-1.4,,85.0,2.0,2.9,88.0,76.0,1019.5,0.0,0.0,,0.0
2025-10-20 10:00:00,-1.5,-1.0,,-1.8,,88.0,2.2,3.2,83.0,85.0,1019.5,0.0,0.0,,50.0
2025-10-20 11:00:00,-1.7,-1.5,,-1.8,,86.0,2.3,3.3,84.0,81.0,1019.3,0.0,0.0,,25.0
2025-10-20 12:00:00,-1.3,-0.9,0.0,-1.7,-1.8,86.0,2.3,3.0,81.0,80.0,1019.3,18.0,0.0,0.0,25.0
2025-10-20 13:00:00,-0.7,-0.3,,-1.0,,85.0,2.4,3.0,70.0,71.0,1019.2,82.0,0.0,,100.0
2025-10-20 14:00:00,-0.3,-0.1,,-0.7,,86.0,1.6,2.8,93.0,78.0,1019.0,119.0,0.0,,0.0
2025-10-20 15:00:00,-0.7,-0.6,,-0.9,,86.0,2.6,3.8,65.0,71.0,1018.8,56.0,0.0,,60.0
2025-10-20 16:00:00,-0.9,-0.8,,-1.0,,77.0,2.2,4.4,81.0,76.0,1019.0,65.0,0.0,,100.0
2025-10-20 17:00:00,-1.0,-0.9,,-1.1,,84.0,2.6,3.4,73.0,71.0,1018.9,46.0,0.0,,60.0
2025-10-20 18:00:00,-1.0,-1.0,0.0,-1.2,-1.8,86.0,2.9,3.6,73.0,75.0,1018.9,33.0,0.0,0.0,25.0
2025-10-20 19:00:00,-0.8,-0.6,,-1.0,,86.0,2.9,3.8,61.0,63.0,1019.2,20.0,0.0,,90.0
2025-10-20 20:00:00,-1.0,-0.6,,-1.2,,87.0,3.1,4.6,67.0,65.0,1019.1,3.0,0.0,,0.0
2025-10-20 21:00:00,-0.9,-0.8,,-1.2,,84.0,4.2,5.1,54.0,56.0,1018.8,0.0,0.0,,0.0
2025-10-20 22:00:00,-0.9,-0.8,,-1.0,,81.0,4.5,6.4,50.0,49.0,1018.5,0.0,0.0,,0.0
2025-10-20 23:00:00,-0.8,-0.7,,-0.9,,79.0,5.3,8.3,45.0,47.0,1018.4,0.0,0.0,,0.0
2025-10-21 00:00:00,-1.0,-0.8,-0.1,-1.3,-1.3,79.0,4.8,8.1,48.0,49.0,1018.4,0.0,0.0,0.0,0.0
2025-10-21 01:00:00,-1.1,-0.9,,-1.3,,78.0,5.5,7.9,42.0,44.0,1017.5,0.0,0.0,,0.0
2025-10-21 02:00:00,-1.1,-0.9,,-1.3,,83.0,5.7,8.3,41.0,42.0,1017.3,0.0,0.0,,0.0
2025-10-21 03:00:00,-1.2,-1.1,,-1.4,,79.0,6.2,9.3,41.0,42.0,1016.6,0.0,0.0,,0.0
2025-10-21 04:00:00,-1.3,-1.2,,-1.5,,77.0,5.8,8.9,42.0,43.0,1016.1,0.0,0.0,,0.0
2025-10-21 05:00:00,-1.3,-1.1,,-1.4,,81.0,6.3,9.5,45.0,43.0,1015.7,0.0,0.0,,0.0
2025-10-21 06:00:00,-1.6,-1.0,-0.6,-2.0,-2.0,76.0,5.4,8.0,66.0,63.0,1015.3,0.0,0.0,0.0,0.0
2025-10-21 07:00:00,-1.9,-1.6,,-2.1,,76.0,5.0,8.4,62.0,64.0,1014.7,0.0,0.0,,0.0
2025-10-21 08:00:00,-1.5,-1.0,,-2.0,,71.0,5.9,9.1,51.0,57.0,1014.0,0.0,0.0,,0.0
2025-10-21 09:00:00,-1.0,-0.8,,-1.2,,76.0,5.7,9.1,46.0,47.0,1013.4,0.0,0.0,,0.0
2025-10-21 10:00:00,-0.6,-0.5,,-0.9,,73.0,6.2,9.3,45.0,51.0,1013.0,0.0,0.0,,0.0
2025-10-21 11:00:00,-0.4,-0.2,,-0.6,,71.0,6.3,10.0,50.0,44.0,1012.3,2.0,0.0,,0.0
2025-10-21 12:00:00,-0.1,0.0,0.0,-0.3,-2.1,70.0,5.4,8.1,45.0,51.0,1011.6,13.0,0.0,0.0,10.0
2025-10-21 13:00:00,0.2,0.3,,0.0,,70.0,6.0,8.5,41.0,45.0,1010.7,32.0,0.0,,0.0
2025-10-21 14:00:00,0.2,0.4,,0.1,,74.0,6.3,9.7,41.0,38.0,1009.9,81.0,0.0,,0.0
2025-10-21 15:00:00,0.6,0.8,,0.4,,72.0,6.7,10.0,42.0,42.0,1009.1,100.0,0.0,,40.0
2025-10-21 16:00:00,0.9,1.0,,0.7,,72.0,6.0,9.2,43.0,42.0,1008.7,67.0,0.0,,100.0
2025-10-21 17:00:00,1.0,1.1,,0.8,,71.0,6.3,10.5,38.0,42.0,1007.6,50.0,0.0,,100.0
2025-10-21 18:00:00,0.7,0.8,1.1,0.6,-2.1,77.0,7.5,12.1,46.0,40.0,1006.5,18.0,0.0,0.0,100.0
2025-10-21 19:00:00,1.0,1.1,,0.9,,76.0,6.9,10.2,48.0,49.0,1006.1,13.0,0.0,,100.0
2025-10-21 20:00:00,1.2,1.4,,1.0,,78.0,5.7,9.8,35.0,41.0,1005.8,2.0,0.0,,100.0
2025-10-21 21:00:00,1.4,1.6,,1.3,,82.0,4.5,8.0,39.0,38.0,1005.2,0.0,0.3,,100.0
2025-10-21 22:00:00,1.4,1.5,,1.3,,86.0,4.5,6.9,41.0,38.0,1004.7,0.0,0.5,,100.0
2025-10-21 23:00:00,1.3,1.4,,1.2,,90.0,4.6,6.6,43.0,43.0,1004.1,0.0,0.6,,100.0
2025-10-22 00:00:00,1.4,1.5,1.6,1.3,0.0,92.0,3.9,6.0,38.0,34.0,1003.5,0.0,0.4,1.7,90.0
2025-10-22 01:00:00,1.5,1.5,,1.4,,91.0,4.3,6.7,37.0,38.0,1002.7,0.0,0.1,,100.0
2025-10-22 02:00:00,1.6,1.7,,1.5,,90.0,4.4,7.4,36.0,34.0,1002.2,0.0,0.0,,100.0
2025-10-22 03:00:00,1.6,1.7,,1.6,,88.0,4.6,7.1,41.0,39.0,1001.9,0.0,0.2,,100.0
2025-10-22 04:00:00,1.7,1.7,,1.6,,89.0,4.1,6.1,30.0,38.0,1001.4,0.0,0.1,,100.0
2025-10-22 05:00:00,1.7,1.8,,1.6,,92.0,3.6,5.7,43.0,32.0,1001.2,0.0,0.2,,100.0
2025-10-22 06:00:00,1.7,1.9,1.9,1.5,0.9,95.0,1.1,2.8,22.0,41.0,1001.2,0.0,0.1,2.4,100.0
2025-10-22 07:00:00,1.9,2.3,,1.7,,95.0,0.7,2.6,353.0,43.0,1001.6,0.0,0.0,,100.0
2025-10-22 08:00:00,2.2,2.7,,2.0,,96.0,0.8,3.2,83.0,76.0,1001.8,0.0,0.0,,100.0
2025-10-22 09:00:00,1.9,2.5,,1.6,,96.0,3.0,4.5,120.0,102.0,1002.1,0.0,0.0,,100.0
2025-10-22 10:00:00,2.8,3.2,,2.0,,93.0,0.9,4.2,0.0,137.0,1002.8,0.0,0.0,,100.0
2025-10-22 11:00:00,3.1,3.6,,2.6,,93.0,0.0,0.4,0.0,0.0,1003.3,0.0,0.0,,100.0
2025-10-22 12:00:00,2.7,3.6,3.6,2.1,1.4,96.0,1.1,3.0,190.0,165.0,1004.2,2.0,0.3,2.7,100.0
2025-10-22 13:00:00,2.6,2.8,,2.3,,98.0,3.5,7.7,218.0,216.0,1005.1,9.0,1.0,,100.0
2025-10-22 14:00:00,2.6,2.8,,2.4,,96.0,5.1,7.9,195.0,201.0,1005.5,15.0,0.1,,100.0
2025-10-22 15:00:00,2.8,2.9,,2.7,,94.0,8.2,12.7,191.0,193.0,1005.6,16.0,0.0,,100.0
2025-10-22 16:00:00,2.9,3.1,,2.8,,93.0,9.1,13.4,184.0,191.0,1006.2,16.0,0.0,,100.0
2025-10-22 17:00:00,2.9,3.0,,2.8,,93.0,9.2,14.9,192.0,189.0,1006.6,24.0,0.0,,100.0
2025-10-22 18:00:00,2.7,2.9,3.6,2.5,1.6,95.0,10.1,13.7,181.0,185.0,1007.0,9.0,0.0,3.7,100.0
2025-10-22 19:00:00,2.4,2.6,,2.3,,98.0,8.6,12.9,194.0,185.0,1008.5,4.0,0.0,,
2025-10-22 20:00:00,1.9,2.3,,1.7,,98.0,7.4,10.8,220.0,212.0,1010.0,0.0,0.2,,
2025-10-22 21:00:00,1.8,2.0,,1.7,,96.0,6.8,10.1,217.0,221.0,1011.1,0.0,0.1,,100.0
2025-10-22 22:00:00,1.9,2.0,,1.9,,92.0,7.6,11.3,226.0,222.0,1012.1,0.0,0.0,,100.0
2025-10-22 23:00:00,1.8,1.9,,1.7,,92.0,7.6,12.2,225.0,224.0,1013.3,0.0,0.0,,100.0
2025-10-23 00:00:00,1.7,1.8,3.1,1.6,1.6,91.0,6.9,10.5,218.0,218.0,1014.3,0.0,0.0,2.2,100.0
2025-10-23 01:00:00,1.8,1.9,,1.7,,90.0,6.9,10.9,222.0,221.0,1015.3,0.0,0.0,,100.0
2025-10-23 02:00:00,1.5,1.8,,1.3,,88.0,6.6,10.1,233.0,223.0,1016.3,0.0,0.0,,100.0
2025-10-23 03:00:00,1.2,1.3,,1.2,,85.0,5.9,9.6,233.0,226.0,1017.0,0.0,0.0,,100.0
2025-10-23 04:00:00,1.2,1.3,,1.1,,82.0,5.3,9.8,235.0,232.0,1017.5,0.0,0.0,,100.0
2025-10-23 05:00:00,1.0,1.1,,0.9,,82.0,5.0,8.2,237.0,233.0,1018.2,0.0,0.0,,100.0
2025-10-23 06:00:00,1.0,1.1,2.6,0.9,0.9,79.0,4.7,8.5,238.0,235.0,1019.2,0.0,0.0,1.6,100.0
2025-10-23 07:00:00,1.1,1.2,,1.0,,78.0,4.2,7.5,237.0,238.0,1019.9,0.0,0.0,,60.0
2025-10-23 08:00:00,1.0,1.1,,0.9,,78.0,4.1,7.6,254.0,248.0,1020.5,0.0,0.0,,60.0
2025-10-23 09:00:00,1.1,1.2,,0.9,,79.0,3.3,6.6,252.0,248.0,1021.1,0.0,0.0,,100.0
2025-10-23 10:00:00,0.8,0.9,,0.6,,80.0,2.3,4.7,253.0,258.0,1021.4,0.0,0.0,,40.0
2025-10-23 11:00:00,0.6,0.7,,0.5,,82.0,1.8,3.3,251.0,254.0,1021.8,0.0,0.0,,0.0
2025-10-23 12:00:00,0.5,0.7,1.9,-0.2,-0.2,81.0,1.4,3.3,180.0,249.0,1022.2,8.0,0.0,1.3,0.0
2025-10-23 13:00:00,0.1,0.6,,-0.5,,87.0,0.7,2.7,176.0,179.0,1022.4,56.0,0.0,,0.0
2025-10-23 14:00:00,0.5,0.7,,0.2,,89.0,0.8,2.7,173.0,166.0,1022.4,106.0,0.0,,0.0
2025-10-23 15:00:00,1.0,1.2,,0.6,,88.0,2.1,4.3,170.0,170.0,1022.2,136.0,0.0,,0.0
2025-10-23 16:00:00,1.3,1.6,,1.1,,86.0,1.4,3.3,183.0,176.0,1022.4,144.0,0.0,,0.0
2025-10-23 17:00:00,1.5,2.0,,1.2,,82.0,0.0,0.0,0.0,0.0,1022.3,124.0,0.0,,0.0
2025-10-23 18:00:00,1.1,1.4,2.0,0.9,-0.5,83.0,0.4,2.5,41.0,36.0,1022.2,90.0,0.0,0.3,
2025-10-23 20:00:00,0.5,0.8,,0.4,,84.0,2.8,3.7,57.0,51.0,1021.5,2.0,0.0,,90.0
2025-10-23 21:00:00,0.1,0.4,,-0.2,,86.0,2.9,4.0,67.0,67.0,1021.2,0.0,0.0,,
2025-10-23 22:00:00,0.2,0.4,,0.0,,83.0,4.2,7.7,40.0,48.0,1020.7,0.0,0.0,,
2025-10-23 23:00:00,0.3,0.5,,0.0,,82.0,4.9,7.9,33.0,40.0,1020.2,0.0,0.0,,
2025-10-24 00:00:00,0.2,0.3,2.0,0.1,-0.5,80.0,6.2,8.5,33.0,31.0,1019.4,0.0,0.0,0.0,
2025-10-24 01:00:00,0.1,0.2,,0.0,,80.0,6.4,8.8,34.0,32.0,1018.8,0.0,0.0,,
2025-10-24 02:00:00,0.1,0.2,,-0.1,,80.0,5.7,8.1,33.0,33.0,1018.1,0.0,0.0,,
2025-10-24 03:00:00,0.3,0.3,,0.1,,81.0,5.8,8.1,32.0,31.0,1017.5,0.0,0.0,,60.0
2025-10-24 04:00:00,0.0,0.3,,-0.2,,82.0,4.8,7.8,31.0,32.0,1016.8,0.0,0.0,,25.0
2025-10-24 05:00:00,-0.1,0.3,,-0.2,,82.0,4.9,8.6,27.0,30.0,1016.1,0.0,0.0,,10.0
2025-10-24 06:00:00,0.1,0.4,1.0,-0.2,-0.2,78.0,5.9,9.0,28.0,27.0,1015.8,0.0,0.0,0.0,100.0
2025-10-24 07:00:00,0.4,0.6,,0.2,,78.0,6.4,8.8,27.0,27.0,1015.5,0.0,0.0,,90.0
2025-10-24 08:00:00,0.5,0.6,,0.4,,76.0,5.9,8.7,33.0,29.0,1015.1,0.0,0.0,,100.0
2025-10-24 09:00:00,0.4,0.6,,0.2,,79.0,4.4,7.7,31.0,34.0,1015.1,0.0,0.0,,100.0
2025-10-24 10:00:00,0.5,0.6,,0.4,,79.0,3.8,5.5,36.0,36.0,1014.7,0.0,0.0,,100.0
2025-10-24 11:00:00,0.6,0.8,,0.5,,78.0,3.2,5.2,39.0,32.0,1014.3,0.0,0.0,,100.0
2025-10-24 12:00:00,0.6,0.8,0.8,0.4,-0.2,79.0,2.9,4.1,33.0,38.0,1014.0,5.0,0.0,0.0,100.0
2025-10-24 13:00:00,0.8,1.0,,0.6,,78.0,3.1,4.8,20.0,19.0,1013.6,22.0,0.0,,100.0
2025-10-24 14:00:00,0.9,1.0,,0.9,,78.0,3.2,5.5,16.0,15.0,1013.3,51.0,0.0,,100.0
2025-10-24 15:00:00,0.8,0.9,,0.7,,79.0,3.5,5.5,28.0,28.0,1012.9,45.0,0.0,,100.0
2025-10-24 16:00:00,0.8,0.8,,0.7,,79.0,3.1,4.7,26.0,29.0,1012.2,37.0,0.0,,100.0
2025-10-24 17:00:00,0.7,0.8,,0.6,,77.0,2.9,4.3,26.0,31.0,1011.7,50.0,0.0,,100.0
2025-10-24 18:00:00,0.6,0.8,1.0,0.6,0.2,79.0,3.1,4.9,32.0,31.0,1011.1,46.0,0.0,0.0,100.0
2025-10-24 19:00:00,0.5,0.6,,0.3,,78.0,3.1,4.8,29.0,33.0,1010.5,12.0,0.0,,100.0
2025-10-24 20:00:00,0.4,0.5,,0.2,,82.0,3.9,5.6,32.0,31.0,1009.9,0.0,0.0,,100.0
2025-10-24 21:00:00,0.2,0.3,,0.1,,88.0,3.6,5.5,32.0,32.0,1009.4,0.0,0.0,,100.0
2025-10-24 22:00:00,0.2,0.3,,0.1,,87.0,2.9,4.5,58.0,47.0,1008.9,0.0,0.0,,100.0
2025-10-24 23:00:00,0.0,0.3,,-0.2,,89.0,1.5,2.6,27.0,50.0,1008.2,0.0,0.0,,100.0
2025-10-25 00:00:00,0.4,0.6,1.0,0.2,-0.2,82.0,2.4,5.1,8.0,11.0,1007.7,0.0,0.0,0.0,100.0
2025-10-25 01:00:00,0.6,0.6,,0.5,,84.0,2.5,4.1,9.0,8.0,1007.3,0.0,0.0,,100.0
2025-10-25 02:00:00,0.6,0.7,,0.5,,82.0,3.4,5.7,356.0,2.0,1006.6,0.0,0.0,,100.0
2025-10-25 03:00:00,0.7,0.8,,0.6,,79.0,3.8,5.9,4.0,360.0,1006.2,0.0,0.0,,100.0
2025-10-25 04:00:00,0.5,0.6,,0.4,,81.0,2.5,4.7,24.0,13.0,1005.8,0.0,0.0,,100.0
2025-10-25 05:00:00,,,,,,84.0,1.7,2.8,27.0,28.0,1005.6,0.0,0.0,,100.0
2025-10-25 06:00:00,0.6,0.6,0.8,0.4,-0.2,82.0,1.9,2.7,75.0,45.0,1005.3,0.0,0.0,0.0,100.0
2025-10-25 07:00:00,0.1,0.3,,-0.3,,87.0,0.1,0.8,0.0,94.0,1005.2,0.0,0.0,,100.0
2025-10-25 08:00:00,0.2,0.5,,-0.1,,87.0,0.0,0.0,0.0,0.0,1005.2,0.0,0.0,,100.0
2025-10-25 09:00:00,0.2,0.5,,-0.1,,85.0,0.0,0.0,0.0,0.0,1005.3,0.0,0.0,,100.0
2025-10-25 10:00:00,0.3,0.6,,-0.1,,85.0,0.0,0.0,0.0,0.0,1005.4,0.0,0.0,,100.0
2025-10-25 11:00:00,0.1,0.2,,-0.1,,89.0,0.0,1.3,79.0,0.0,1005.5,0.0,0.0,,75.0
2025-10-25 12:00:00,-0.1,0.1,0.8,-0.4,-0.4,89.0,0.0,0.0,0.0,0.0,1005.6,3.0,0.1,0.0,100.0
2025-10-25 13:00:00,-0.4,-0.4,,-0.4,,93.0,0.0,0.0,0.0,0.0,1005.8,11.0,0.1,,100.0
2025-10-25 14:00:00,-0.5,-0.4,,-0.6,,95.0,0.0,0.0,0.0,0.0,1005.8,34.0,0.1,,100.0
2025-10-25 15:00:00,-0.5,-0.4,,-0.6,,96.0,0.0,0.0,0.0,0.0,1006.1,69.0,0.0,,100.0
2025-10-25 16:00:00,-0.4,-0.3,,-0.6,,96.0,0.0,0.6,0.0,0.0,1006.2,42.0,0.1,,100.0
2025-10-25 17:00:00,-0.5,-0.4,,-0.6,,97.0,0.0,0.9,0.0,0.0,1006.4,33.0,0.2,,100.0
2025-10-25 18:00:00,-0.5,-0.5,0.6,-0.6,-0.6,97.0,0.0,0.0,0.0,0.0,1006.7,21.0,0.4,0.8,100.0
2025-10-25 19:00:00,-0.6,-0.6,,-0.7,,98.0,0.0,0.0,0.0,0.0,1006.8,8.0,0.3,,100.0
2025-10-25 20:00:00,-0.6,-0.6,,-0.7,,98.0,0.0,0.0,0.0,0.0,1007.1,0.0,0.2,,100.0
2025-10-25 21:00:00,-0.7,-0.6,,-0.7,,99.0,0.0,0.0,0.0,0.0,1007.4,0.0,0.2,,
2025-10-25 22:00:00,-0.8,-0.7,,-0.9,,99.0,0.0,0.0,0.0,0.0,1007.4,0.0,0.1,,100.0
2025-10-25 23:00:00,-0.8,-0.7,,-0.9,,99.0,0.0,0.0,0.0,0.0,1007.7,0.0,0.3,,100.0
2025-10-26 00:00:00,-0.6,-0.5,-0.3,-0.7,-0.9,99.0,0.1,2.0,247.0,245.0,1007.9,0.0,0.3,2.2,100.0
2025-10-26 01:00:00,-0.4,-0.3,,-0.6,,99.0,2.6,5.9,302.0,302.0,1008.3,0.0,0.2,,100.0
2025-10-26 02:00:00,-0.4,-0.3,,-0.5,,94.0,2.5,5.2,308.0,300.0,1008.6,0.0,0.0,,100.0
2025-10-26 03:00:00,-0.2,0.2,,-0.4,,89.0,1.6,3.9,304.0,308.0,1008.8,0.0,0.0,,100.0
2025-10-26 04:00:00,0.3,0.4,,0.2,,80.0,2.8,5.9,301.0,303.0,1009.1,0.0,0.0,,100.0
2025-10-26 06:00:00,0.3,0.3,0.6,0.3,-0.9,79.0,4.6,8.3,284.0,291.0,1010.1,0.0,0.0,2.5,90.0
2025-10-26 07:00:00,0.3,0.5,,0.1,,76.0,4.6,9.0,295.0,292.0,1010.6,0.0,0.0,,100.0
2025-10-26 08:00:00,0.5,0.6,,0.4,,74.0,5.4,10.2,287.0,288.0,1011.3,0.0,0.0,,100.0
2025-10-26 09:00:00,0.4,0.5,,0.3,,73.0,6.3,11.8,283.0,285.0,1012.0,0.0,0.0,,100.0
2025-10-26 10:00:00,0.3,0.4,,0.3,,73.0,4.4,9.5,310.0,296.0,1012.9,0.0,0.0,,100.0
2025-10-26 11:00:00,0.3,0.3,,0.2,,72.0,4.2,7.3,301.0,298.0,1013.6,0.0,0.0,,100.0
2025-10-26 12:00:00,0.3,0.4,0.6,0.2,-0.6,71.0,4.0,7.3,316.0,312.0,1014.3,4.0,0.0,2.4,100.0
2025-10-26 13:00:00,0.2,0.3,,0.2,,72.0,4.1,6.7,317.0,318.0,1014.9,19.0,0.0,,100.0
2025-10-26 14:00:00,0.3,0.4,,0.1,,70.0,4.9,8.6,300.0,314.0,1015.3,33.0,0.0,,100.0
2025-10-26 15:00:00,-0.4,0.4,,-0.6,,87.0,4.6,9.1,6.0,349.0,1015.7,101.0,0.0,,100.0
2025-10-26 16:00:00,-0.3,0.0,,-0.6,,83.0,1.4,4.4,0.0,5.0,1016.3,97.0,0.0,,100.0
2025-10-26 17:00:00,0.1,0.5,,0.0,,72.0,1.7,6.3,283.0,281.0,1016.5,69.0,0.0,,100.0
2025-10-26 18:00:00,0.1,0.4,0.6,-0.7,-0.7,68.0,3.4,6.5,247.0,273.0,1017.1,43.0,0.0,1.6,90.0
2025-10-26 19:00:00,-1.2,-0.7,,-1.5,,90.0,3.0,6.5,258.0,247.0,1017.6,7.0,0.1,,60.0
2025-10-26 20:00:00,-1.6,-1.0,,-2.0,,94.0,0.5,2.5,260.0,227.0,1017.8,0.0,0.0,,100.0
2025-10-26 21:00:00,-1.6,-1.0,,-2.1,,91.0,0.5,2.7,209.0,205.0,1018.1,0.0,0.0,,10.0
2025-10-26 22:00:00,-2.3,-1.9,,-2.7,,85.0,2.9,4.2,203.0,202.0,1018.2,0.0,0.0,,0.0
2025-10-26 23:00:00,-2.4,-1.2,,-3.1,,84.0,2.8,4.2,211.0,203.0,1018.2,0.0,0.0,,100.0
2025-10-27 00:00:00,-1.6,-1.2,0.5,-2.2,-3.1,83.0,3.1,4.5,201.0,197.0,1018.3,0.0,0.0,0.3,100.0
2025-10-27 01:00:00,-2.0,-1.5,,-2.5,,83.0,3.0,5.1,183.0,190.0,1018.4,0.0,0.0,,90.0
2025-10-27 02:00:00,-1.6,-1.4,,-2.0,,84.0,2.7,5.0,162.0,172.0,1018.0,0.0,0.0,,100.0
2025-10-27 03:00:00,-1.5,-1.4,,-1.9,,83.0,4.2,7.2,162.0,163.0,1017.9,0.0,0.0,,100.0
2025-10-27 04:00:00,-1.9,-1.8,,-2.1,,88.0,3.8,5.8,163.0,165.0,1018.0,0.0,0.0,,100.0
2025-10-27 05:00:00,-2.0,-1.8,,-2.2,,89.0,4.6,6.9,157.0,160.0,1018.0,0.0,0.0,,100.0
2025-10-27 06:00:00,-2.3,-2.3,-0.7,-2.4,-3.1,90.0,4.6,6.2,136.0,146.0,1017.9,0.0,0.0,0.0,100.0
2025-10-27 07:00:00,-2.4,-2.1,,-2.7,,87.0,4.5,6.4,139.0,142.0,1017.6,0.0,0.0,,100.0
2025-10-27 08:00:00,-2.3,-2.1,,-2.6,,85.0,4.6,6.5,146.0,141.0,1017.5,0.0,0.0,,100.0
2025-10-27 09:00:00,-2.3,-2.2,,-2.5,,85.0,4.4,6.1,130.0,140.0,1017.1,0.0,0.0,,100.0
2025-10-27 10:00:00,-2.3,-2.1,,-2.4,,81.0,4.2,6.7,139.0,135.0,1016.7,0.0,0.0,,100.0
2025-10-27 11:00:00,-2.4,-2.1,,-2.6,,78.0,3.8,6.3,112.0,126.0,1016.5,0.0,0.0,,100.0
2025-10-27 12:00:00,-2.8,-2.6,-1.4,-3.0,-3.0,80.0,3.9,5.8,108.0,114.0,1016.3,4.0,0.0,0.0,100.0
2025-10-27 13:00:00,-3.3,-3.0,,-3.5,,77.0,4.7,6.4,101.0,99.0,1016.2,18.0,0.0,,100.0
2025-10-27 14:00:00,-3.5,-3.3,,-3.8,,75.0,4.5,6.7,88.0,97.0,1015.8,33.0,0.0,,100.0
2025-10-27 15:00:00,-3.9,-3.8,,-4.0,,73.0,5.9,8.1,104.0,101.0,1015.2,37.0,0.0,,100.0
2025-10-27 16:00:00,-3.6,-3.4,,-3.8,,69.0,4.3,6.8,109.0,103.0,1014.9,47.0,0.0,,100.0
2025-10-27 17:00:00,-3.8,-3.6,,-4.0,,69.0,4.0,5.8,100.0,105.0,1014.2,39.0,0.0,,100.0
2025-10-27 18:00:00,-4.2,-4.0,-2.1,-4.3,-4.3,69.0,4.3,6.3,105.0,103.0,1014.1,30.0,0.0,0.0,100.0
2025-10-27 19:00:00,-4.2,-4.1,,-4.3,,72.0,3.6,5.1,101.0,107.0,1013.6,11.0,0.0,,100.0
2025-10-27 20:00:00,-4.2,-3.8,,-4.4,,74.0,2.7,4.0,87.0,91.0,1013.5,0.0,0.0,,100.0
2025-10-27 21:00:00,-3.8,-3.5,,-3.9,,69.0,2.6,3.4,84.0,90.0,1013.2,0.0,0.0,,100.0
2025-10-27 22:00:00,-3.6,-3.5,,-3.8,,71.0,1.6,2.8,108.0,99.0,1013.1,0.0,0.0,,100.0
2025-10-27 23:00:00,-3.7,-3.4,,-3.9,,74.0,0.9,2.7,80.0,115.0,1012.8,0.0,0.0,,100.0
2025-10-28 00:00:00,-3.5,-3.3,-3.0,-3.7,-4.4,67.0,4.1,6.7,43.0,47.0,1012.6,0.0,0.0,0.0,75.0
2025-10-28 01:00:00,-3.8,-3.6,,-4.0,,67.0,4.8,8.7,47.0,44.0,1012.4,0.0,0.0,,0.0
2025-10-28 02:00:00,-3.9,-3.8,,-3.9,,66.0,4.9,7.3,44.0,47.0,1012.4,0.0,0.0,,0.0
2025-10-28 03:00:00,-4.0,-3.8,,-4.1,,68.0,5.4,8.6,47.0,46.0,1012.4,0.0,0.0,,0.0
2025-10-28 04:00:00,-4.1,-4.0,,-4.2,,70.0,4.6,7.7,64.0,56.0,1012.6,0.0,0.0,,0.0
2025-10-28 05:00:00,-3.8,-3.6,,-4.1,,69.0,4.7,7.8,38.0,45.0,1012.4,0.0,0.0,,0.0
2025-10-28 06:00:00,-3.9,-3.4,-3.3,-4.2,-4.4,65.0,4.8,7.6,44.0,41.0,1012.8,0.0,0.0,0.0,0.0
2025-10-28 07:00:00,-4.0,-3.8,,-4.3,,66.0,5.3,7.5,34.0,38.0,1012.9,0.0,0.0,,0.0
2025-10-28 08:00:00,-3.7,-3.3,,-4.0,,67.0,4.8,6.8,24.0,32.0,1013.2,0.0,0.0,,0.0
2025-10-28 09:00:00,-3.4,-3.1,,-3.6,,68.0,4.2,6.8,23.0,21.0,1013.2,0.0,0.0,,0.0
2025-10-28 10:00:00,-3.7,-3.2,,-4.4,,68.0,3.7,6.9,55.0,33.0,1013.4,0.0,0.0,,0.0
2025-10-28 11:00:00,-4.0,-3.8,,-4.4,,68.0,3.5,5.5,27.0,33.0,1013.5,0.0,0.0,,10.0
2025-10-28 12:00:00,-4.0,-3.8,-3.1,-4.1,-4.4,67.0,4.0,6.1,30.0,31.0,1013.5,4.0,0.0,0.0,0.0
2025-10-28 13:00:00,-3.9,-3.6,,-4.1,,64.0,4.1,6.3,28.0,28.0,1013.7,45.0,0.0,,0.0
2025-10-28 14:00:00,-4.1,-3.7,,-4.7,,64.0,3.7,6.0,29.0,31.0,1013.8,60.0,0.0,,0.0
2025-10-28 15:00:00,-3.9,-3.7,,-4.1,,65.0,3.7,6.0,30.0,19.0,1013.5,113.0,0.0,,0.0
2025-10-28 16:00:00,-4.0,-3.8,,-4.1,,66.0,3.6,5.8,32.0,29.0,1013.7,120.0,0.0,,0.0
2025-10-28 17:00:00,-4.1,-3.9,,-4.4,,66.0,2.9,4.7,29.0,32.0,1013.6,100.0,0.0,,0.0
2025-10-28 18:00:00,-4.3,-4.0,-3.1,-4.5,-4.7,65.0,3.8,7.0,23.0,15.0,1013.6,61.0,0.0,0.0,0.0
2025-10-28 19:00:00,-4.7,-4.3,,-5.2,,68.0,4.1,6.7,38.0,29.0,1013.6,17.0,0.0,,0.0
2025-10-28 20:00:00,-5.0,-4.8,,-5.2,,69.0,4.9,7.1,24.0,28.0,1013.5,0.0,0.0,,0.0
2025-10-28 21:00:00,-4.9,-4.8,,-5.1,,67.0,5.0,7.6,29.0,28.0,1013.2,0.0,0.0,,0.0
2025-10-28 22:00:00,-5.0,-4.8,,-5.1,,69.0,5.1,7.7,26.0,28.0,1013.0,0.0,0.0,,0.0
2025-10-28 23:00:00,-5.0,-4.9,,-5.2,,71.0,4.5,6.9,30.0,32.0,1012.9,0.0,0.0,,75.0
2025-10-29 00:00:00,-5.1,-4.9,-3.6,-5.3,-5.3,72.0,4.0,5.9,33.0,33.0,1013.0,0.0,0.0,0.0,40.0
2025-10-29 01:00:00,-5.0,-4.8,,-5.2,,73.0,4.4,6.7,26.0,27.0,1012.7,0.0,0.0,,90.0
2025-10-29 02:00:00,-5.2,-4.9,,-5.4,,72.0,3.9,6.5,35.0,36.0,1012.7,0.0,0.0,,75.0
2025-10-29 03:00:00,-5.3,-5.1,,-5.4,,72.0,4.3,7.1,27.0,31.0,1012.5,0.0,0.0,,25.0
2025-10-29 04:00:00,-5.3,-5.1,,-5.5,,73.0,4.5,8.2,32.0,29.0,1012.3,0.0,0.0,,60.0
2025-10-29 05:00:00,-5.3,-5.2,,-5.4,,72.0,5.0,7.6,27.0,26.0,1012.1,0.0,0.0,,40.0
2025-10-29 06:00:00,-5.4,-5.2,-4.3,-5.6,-5.6,72.0,4.9,7.5,37.0,30.0,1011.9,0.0,0.0,0.0,75.0
2025-10-29 07:00:00,-5.4,-5.3,,-5.6,,74.0,4.5,6.4,32.0,32.0,1011.7,0.0,0.0,,0.0
2025-10-29 08:00:00,-5.3,-4.9,,-5.6,,80.0,3.7,6.7,110.0,79.0,1011.7,0.0,0.0,,100.0
2025-10-29 09:00:00,-5.5,-5.2,,-5.8,,85.0,2.7,4.4,139.0,119.0,1011.8,0.0,0.0,,100.0
2025-10-29 10:00:00,-5.8,-5.8,,-5.8,,87.0,2.1,3.3,109.0,121.0,1011.8,0.0,0.0,,100.0
2025-10-29 11:00:00,-5.8,-5.8,,-5.9,,86.0,1.5,2.9,179.0,143.0,1011.8,0.0,0.0,,100.0
2025-10-29 12:00:00,-5.6,-5.2,-4.8,-5.8,-5.9,84.0,1.2,3.8,32.0,69.0,1011.6,2.0,0.0,0.0,100.0
2025-10-29 13:00:00,-5.3,-5.2,,-5.5,,77.0,3.3,6.5,36.0,31.0,1011.5,18.0,0.0,,75.0
2025-10-29 14:00:00,-5.6,-5.4,,-5.8,,71.0,3.6,6.5,31.0,33.0,1011.5,40.0,0.0,,60.0
2025-10-29 15:00:00,-5.8,-5.6,,-5.9,,70.0,4.5,6.7,30.0,32.0,1011.5,53.0,0.0,,25.0
2025-10-29 16:00:00,-5.8,-5.7,,-5.9,,71.0,4.4,6.8,31.0,32.0,1011.5,49.0,0.0,,50.0
2025-10-29 17:00:00,-5.9,-5.6,,-6.1,,65.0,4.8,7.5,28.0,32.0,1011.5,52.0,0.0,,25.0
2025-10-29 18:00:00,-5.8,-5.7,-4.9,-5.9,-6.1,65.0,5.1,8.5,32.0,28.0,1011.6,40.0,0.0,0.0,50.0
2025-10-29 19:00:00,-5.7,-5.6,,-5.8,,67.0,4.6,7.3,30.0,24.0,1011.7,12.0,0.0,,40.0
2025-10-29 20:00:00,-6.0,-5.7,,-6.3,,69.0,4.9,8.2,33.0,31.0,1011.8,0.0,0.0,,75.0
2025-10-29 21:00:00,-5.9,-5.6,,-6.2,,67.0,4.9,10.1,24.0,26.0,1011.6,0.0,0.0,,25.0
2025-10-29 22:00:00,-6.1,-5.9,,-6.2,,65.0,6.8,11.2,23.0,23.0,1011.6,0.0,0.0,,0.0
2025-10-29 23:00:00,-6.1,-6.0,,-6.2,,66.0,7.4,12.4,20.0,21.0,1011.7,0.0,0.0,,0.0
2025-10-30 00:00:00,-6.2,-6.1,-5.2,-6.3,-6.3,63.0,8.1,12.6,24.0,25.0,1011.8,0.0,0.0,0.0,0.0
2025-10-30 01:00:00,-6.4,-6.2,,-6.6,,60.0,8.4,12.5,26.0,25.0,1011.9,0.0,0.0,,0.0
2025-10-30 02:00:00,-6.6,-6.4,,-7.0,,61.0,7.7,11.6,29.0,29.0,1012.1,0.0,0.0,,0.0
2025-10-30 03:00:00,-6.8,-6.7,,-7.0,,63.0,7.1,10.6,28.0,27.0,1011.9,0.0,0.0,,10.0
2025-10-30 04:00:00,-7.1,-6.9,,-7.4,,66.0,7.2,11.1,30.0,26.0,1011.8,0.0,0.0,,25.0
2025-10-30 05:00:00,-7.3,-7.2,,-7.4,,65.0,7.2,11.2,26.0,25.0,1012.0,0.0,0.0,,10.0
2025-10-30 06:00:00,-7.2,-7.0,-5.6,-7.4,-7.4,66.0,7.1,10.6,26.0,27.0,1012.1,0.0,0.0,0.0,40.0
2025-10-30 07:00:00,-7.2,-7.1,,-7.5,,67.0,6.2,10.0,28.0,27.0,1012.3,0.0,0.0,,0.0
2025-10-30 08:00:00,-7.1,-6.9,,-7.2,,66.0,6.9,9.9,27.0,26.0,1012.4,0.0,0.0,,0.0
2025-10-30 09:00:00,-7.2,-7.0,,-7.4,,67.0,5.9,9.9,29.0,31.0,1012.4,0.0,0.0,,0.0
2025-10-30 10:00:00,-7.1,-6.9,,-7.3,,72.0,4.8,7.9,34.0,30.0,1012.5,0.0,0.0,,100.0
2025-10-30 11:00:00,-7.0,-6.9,,-7.2,,73.0,4.0,7.4,17.0,29.0,1012.4,0.0,0.0,,10.0
2025-10-30 12:00:00,-7.1,-7.0,-6.2,-7.4,-7.5,70.0,4.3,6.7,30.0,27.0,1012.3,2.0,0.0,0.0,10.0
2025-10-30 13:00:00,-7.2,-7.0,,-7.5,,68.0,4.2,7.4,30.0,28.0,1012.3,12.0,0.0,,0.0
2025-10-30 14:00:00,-7.2,-6.9,,-7.5,,65.0,3.4,5.8,12.0,28.0,1012.2,72.0,0.0,,0.0
2025-10-30 15:00:00,-6.6,-6.4,,-7.0,,62.0,3.7,6.3,10.0,10.0,1011.8,107.0,0.0,,0.0
2025-10-30 16:00:00,-6.3,-6.2,,-6.5,,58.0,5.1,8.8,23.0,16.0,1011.9,111.0,0.0,,0.0
2025-10-30 17:00:00,-6.5,-6.4,,-6.7,,60.0,3.9,7.3,35.0,27.0,1011.9,91.0,0.0,,0.0
2025-10-30 18:00:00,-6.6,-6.3,-6.2,-6.9,-7.5,63.0,2.3,4.3,53.0,40.0,1011.8,54.0,0.0,0.0,0.0
2025-10-30 19:00:00,-6.9,-6.5,,-7.6,,67.0,2.3,3.8,94.0,71.0,1011.8,10.0,0.0,,25.0
2025-10-30 20:00:00,-7.0,-6.6,,-7.3,,68.0,2.5,4.7,59.0,58.0,1012.1,0.0,0.0,,0.0
2025-10-30 21:00:00,-6.7,-6.3,,-7.0,,65.0,3.4,6.5,360.0,20.0,1012.1,0.0,0.0,,0.0
2025-10-30 22:00:00,-7.4,-6.2,,-8.3,,73.0,4.0,6.1,68.0,52.0,1012.3,0.0,0.0,,0.0
2025-10-30 23:00:00,-8.7,-8.3,,-9.2,,79.0,3.9,5.3,84.0,77.0,1012.4,0.0,0.0,,0.0
2025-10-31 00:00:00,-9.5,-9.2,-6.2,-9.8,-9.8,80.0,3.0,4.4,91.0,86.0,1012.5,0.0,0.0,0.0,0.0
2025-10-31 01:00:00,-9.5,-9.4,,-9.6,,80.0,3.3,4.8,92.0,88.0,1012.5,0.0,0.0,,0.0
2025-10-31 02:00:00,-9.4,-9.1,,-9.9,,83.0,3.2,4.9,117.0,112.0,1012.3,0.0,0.0,,0.0
2025-10-31 03:00:00,-9.5,-9.2,,-9.9,,84.0,3.0,4.0,91.0,98.0,1012.0,0.0,0.0,,0.0
2025-10-31 04:00:00,-8.9,-8.1,,-9.5,,83.0,2.0,3.4,97.0,93.0,1011.9,0.0,0.0,,90.0
2025-10-31 05:00:00,-7.4,-6.9,,-8.3,,77.0,3.0,6.5,43.0,45.0,1011.7,0.0,0.0,,90.0
2025-10-31 06:00:00,-7.7,-7.4,-6.2,-8.3,-9.9,79.0,2.4,3.7,85.0,85.0,1011.5,0.0,0.0,0.0,100.0
2025-10-31 07:00:00,-8.1,-7.2,,-9.1,,77.0,3.1,5.6,124.0,104.0,1011.5,0.0,0.0,,0.0
2025-10-31 08:00:00,-9.0,-8.8,,-9.4,,75.0,2.1,3.4,121.0,119.0,1011.6,0.0,0.0,,0.0
2025-10-31 09:00:00,-9.0,-8.8,,-9.3,,66.0,2.9,4.1,117.0,120.0,1011.5,0.0,0.0,,0.0
2025-10-31 10:00:00,-9.1,-8.6,,-9.6,,61.0,2.6,3.5,119.0,117.0,1011.5,0.0,0.0,,0.0
2025-10-31 11:00:00,-9.0,-8.6,,-9.4,,62.0,1.9,3.4,135.0,131.0,1011.2,0.0,0.0,,0.0
2025-10-31 12:00:00,-8.4,-8.2,-6.9,-8.8,-9.9,62.0,1.2,2.2,170.0,176.0,1011.1,2.0,0.0,0.0,0.0
2025-10-31 13:00:00,-8.3,-7.8,,-8.7,,68.0,1.6,2.4,156.0,164.0,1011.0,33.0,0.0,,0.0
2025-10-31 14:00:00,-8.2,-7.9,,-8.4,,69.0,1.8,3.5,131.0,146.0,1010.9,74.0,0.0,,0.0
2025-10-31 15:00:00,-7.9,-7.5,,-8.3,,63.0,2.0,3.0,127.0,138.0,1010.7,101.0,0.0,,0.0
2025-10-31 16:00:00,-7.2,-6.9,,-7.5,,61.0,0.6,1.1,185.0,158.0,1010.4,105.0,0.0,,0.0
2025-10-31 17:00:00,-7.0,-6.6,,-7.3,,62.0,1.0,1.4,174.0,183.0,1010.2,85.0,0.0,,0.0
2025-10-31 18:00:00,-6.9,-6.7,-6.6,-7.1,-9.6,66.0,1.2,1.8,170.0,177.0,1010.2,49.0,0.0,0.0,0.0
2025-10-31 19:00:00,-7.1,-6.9,,-7.3,,74.0,1.5,2.4,182.0,175.0,1010.2,11.0,0.0,,0.0
2025-10-31 20:00:00,-7.2,-7.0,,-7.3,,75.0,1.4,2.0,175.0,189.0,1010.0,0.0,0.0,,0.0
2025-10-31 21:00:00,-6.9,-6.5,,-7.2,,82.0,1.1,1.8,206.0,191.0,1009.8,0.0,0.0,,0.0
2025-10-31 22:00:00,-6.1,-4.8,,-6.7,,78.0,0.9,4.1,55.0,165.0,1009.7,0.0,0.0,,0.0
2025-10-31 23:00:00,-4.9,-4.6,,-6.0,,68.0,2.3,4.7,52.0,59.0,1009.7,0.0,0.0,,0.0
2025-11-01 00:00:00,-4.3,-3.8,-3.8,-4.6,-8.7,65.0,4.5,7.3,30.0,38.0,1009.3,0.0,0.0,0.0,0.0
2025-11-01 01:00:00,-4.2,-3.9,,-4.6,,61.0,5.4,7.6,35.0,31.0,1008.8,0.0,0.0,,0.0
2025-11-01 02:00:00,-4.1,-3.9,,-4.6,,62.0,5.9,8.7,26.0,29.0,1008.5,0.0,0.0,,0.0
2025-11-01 03:00:00,-4.1,-3.8,,-4.6,,61.0,6.1,8.6,32.0,29.0,1008.3,0.0,0.0,,0.0
2025-11-01 04:00:00,-4.1,-4.0,,-4.4,,61.0,6.3,9.6,25.0,27.0,1007.7,0.0,0.0,,0.0
2025-11-01 05:00:00,-4.2,-4.1,,-4.4,,60.0,6.3,9.4,26.0,23.0,1007.5,0.0,0.0,,0.0
2025-11-01 06:00:00,-4.4,-4.3,-3.8,-4.7,-7.3,62.0,5.3,8.0,14.0,23.0,1007.5,0.0,0.0,0.0,0.0
2025-11-01 07:00:00,-4.4,-4.3,,-4.6,,61.0,5.3,7.9,26.0,21.0,1007.2,0.0,0.0,,0.0
2025-11-01 08:00:00,-4.4,-4.2,,-4.6,,62.0,4.9,7.3,27.0,25.0,1007.1,0.0,0.0,,0.0
2025-11-01 09:00:00,-4.3,-4.1,,-4.6,,64.0,4.9,8.3,15.0,17.0,1006.6,0.0,0.0,,0.0
2025-11-01 10:00:00,-4.3,-4.1,,-4.6,,61.0,5.1,8.6,9.0,22.0,1006.5,0.0,0.0,,0.0
2025-11-01 11:00:00,-4.1,-3.9,,-4.3,,60.0,5.1,8.8,8.0,11.0,1006.5,0.0,0.0,,0.0
2025-11-01 12:00:00,-4.3,-4.1,-3.8,-4.5,-4.7,59.0,4.1,6.7,19.0,18.0,1006.2,1.0,0.0,0.0,0.0
2025-11-01 13:00:00,-4.2,-3.9,,-4.6,,60.0,4.2,7.4,2.0,4.0,1005.9,28.0,0.0,,0.0
2025-11-01 14:00:00,-4.2,-3.9,,-4.6,,62.0,3.5,6.5,13.0,19.0,1005.4,68.0,0.0,,0.0
2025-11-01 15:00:00,-4.1,-4.0,,-4.5,,61.0,3.3,5.5,1.0,11.0,1004.9,95.0,0.0,,0.0
2025-11-01 16:00:00,-4.2,-4.0,,-4.4,,61.0,2.9,5.3,20.0,16.0,1004.9,98.0,0.0,,0.0
2025-11-01 17:00:00,-4.3,-4.1,,-4.6,,61.0,2.7,5.1,4.0,20.0,1004.4,79.0,0.0,,0.0
2025-11-01 18:00:00,-4.5,-4.2,-3.9,-4.8,-4.8,61.0,2.8,4.8,18.0,16.0,1004.1,44.0,0.0,0.0,0.0
2025-11-01 19:00:00,-4.8,-4.4,,-5.1,,61.0,3.3,5.1,40.0,34.0,1003.9,8.0,0.0,,0.0
2025-11-01 20:00:00,-5.0,-4.8,,-5.3,,62.0,3.4,4.7,63.0,46.0,1003.6,0.0,0.0,,0.0
2025-11-01 21:00:00,-5.8,-5.3,,-6.5,,77.0,1.6,3.9,131.0,92.0,1003.6,0.0,0.0,,0.0
2025-11-01 22:00:00,-6.5,-6.1,,-6.9,,83.0,1.5,2.7,116.0,133.0,1003.1,0.0,0.0,,0.0
2025-11-01 23:00:00,-6.3,-5.8,,-7.0,,83.0,1.8,2.7,109.0,110.0,1002.7,0.0,0.0,,0.0
2025-11-02 00:00:00,-6.7,-5.9,-3.9,-7.2,-7.2,84.0,1.5,2.1,133.0,122.0,1002.3,0.0,0.0,0.0,0.0
2025-11-02 01:00:00,-6.9,-6.7,,-7.1,,85.0,1.1,1.5,173.0,155.0,1001.9,0.0,0.0,,0.0
2025-11-02 02:00:00,-6.7,-6.3,,-6.9,,89.0,1.1,1.6,199.0,192.0,1001.4,0.0,0.0,,0.0
2025-11-02 03:00:00,-6.0,-5.1,,-6.6,,84.0,0.8,3.5,35.0,45.0,1000.8,0.0,0.0,,0.0
2025-11-02 04:00:00,-5.8,-5.0,,-6.8,,70.0,1.2,4.0,351.0,360.0,1000.3,0.0,0.0,,0.0
2025-11-02 05:00:00,-5.1,-4.7,,-5.5,,69.0,1.6,3.4,353.0,354.0,1000.0,0.0,0.0,,0.0
2025-11-02 06:00:00,-4.9,-4.6,-4.4,-5.2,-7.2,69.0,1.4,3.2,347.0,357.0,999.7,0.0,0.0,0.0,25.0
2025-11-02 07:00:00,-4.6,-4.4,,-5.3,,70.0,2.1,4.3,336.0,333.0,999.2,0.0,0.0,,
2025-11-02 08:00:00,-4.5,-4.3,,-4.6,,71.0,3.2,5.4,341.0,338.0,998.7,0.0,0.0,,0.0
2025-11-02 09:00:00,-4.4,-4.2,,-4.6,,70.0,3.0,4.5,342.0,338.0,998.5,0.0,0.0,,50.0
2025-11-02 10:00:00,-4.5,-4.2,,-4.9,,66.0,2.4,4.4,345.0,350.0,998.0,0.0,0.0,,0.0
2025-11-02 11:00:00,-4.3,-4.1,,-4.4,,67.0,3.1,5.9,335.0,337.0,997.6,0.0,0.0,,25.0
2025-11-02 12:00:00,-4.5,-4.1,-4.1,-4.8,-7.1,68.0,2.5,4.3,3.0,354.0,997.2,0.0,0.0,0.0,25.0
2025-11-02 13:00:00,-4.4,-4.0,,-5.0,,68.0,2.0,4.3,33.0,12.0,996.9,7.0,0.0,,100.0
2025-11-02 14:00:00,-4.2,-3.9,,-4.4,,69.0,1.8,4.1,18.0,7.0,996.3,48.0,0.0,,75.0
2025-11-02 15:00:00,-4.2,-4.0,,-4.4,,69.0,1.5,3.6,23.0,26.0,996.0,75.0,0.0,,100.0
2025-11-02 16:00:00,-4.2,-4.0,,-4.4,,70.0,2.1,4.1,18.0,13.0,995.2,49.0,0.0,,100.0
2025-11-02 17:00:00,-4.1,-4.0,,-4.3,,70.0,2.3,4.2,1.0,351.0,994.8,31.0,0.0,,100.0
2025-11-02 18:00:00,-4.2,-4.0,-3.9,-4.7,-5.2,70.0,1.1,3.3,123.0,358.0,994.5,19.0,0.0,0.0,100.0
2025-11-02 19:00:00,-4.5,-4.3,,-4.8,,78.0,0.2,1.6,0.0,143.0,994.4,5.0,0.0,,100.0
2025-11-02 20:00:00,-4.5,-4.3,,-4.7,,76.0,0.0,0.5,177.0,0.0,994.0,0.0,0.0,,100.0
2025-11-02 21:00:00,-4.5,-4.3,,-4.6,,79.0,0.0,0.8,0.0,0.0,993.8,0.0,0.0,,100.0
2025-11-02 22:00:00,-4.3,-4.1,,-4.5,,74.0,0.0,0.9,0.0,0.0,993.6,0.0,0.0,,100.0
2025-11-02 23:00:00,-4.4,-4.1,,-4.9,,75.0,0.5,1.1,221.0,205.0,993.7,0.0,0.0,,100.0
2025-11-03 00:00:00,-4.2,-4.0,-3.9,-4.4,-5.0,71.0,1.0,2.1,229.0,239.0,993.3,0.0,0.0,0.0,100.0
2025-11-03 01:00:00,-4.2,-4.1,,-4.4,,72.0,0.8,1.7,219.0,228.0,993.0,0.0,0.0,,100.0
2025-11-03 02:00:00,-4.0,-3.6,,-4.5,,72.0,0.4,3.9,28.0,59.0,992.8,0.0,0.0,,100.0
2025-11-03 03:00:00,-3.5,-3.4,,-3.6,,67.0,2.2,4.4,350.0,10.0,992.6,0.0,0.0,,100.0
2025-11-03 04:00:00,-3.4,-3.3,,-3.7,,67.0,1.6,3.4,321.0,337.0,992.6,0.0,0.0,,100.0
2025-11-03 05:00:00,-3.4,-3.3,,-3.6,,68.0,1.2,3.1,264.0,301.0,992.8,0.0,0.0,,100.0
2025-11-03 06:00:00,-3.8,-3.5,-3.3,-4.3,-4.9,70.0,1.2,2.4,225.0,235.0,993.1,0.0,0.0,0.0,100.0
2025-11-03 07:00:00,-4.2,-4.1,,-4.4,,74.0,1.0,1.6,196.0,203.0,993.4,0.0,0.0,,100.0
2025-11-03 08:00:00,-4.3,-3.9,,-4.8,,74.0,1.6,2.8,200.0,200.0,993.8,0.0,0.0,,100.0
2025-11-03 09:00:00,-4.9,-4.6,,-5.1,,78.0,2.9,4.3,189.0,185.0,994.2,0.0,0.0,,100.0
2025-11-03 10:00:00,-4.7,-4.1,,-5.1,,85.0,3.4,5.0,183.0,186.0,994.7,0.0,0.0,,100.0
2025-11-03 11:00:00,-4.0,-3.6,,-4.5,,83.0,4.2,5.6,170.0,176.0,994.9,0.0,0.0,,100.0
2025-11-03 12:00:00,-3.7,-3.5,-3.3,-3.9,-5.1,82.0,4.5,6.2,163.0,164.0,995.3,0.0,0.0,0.0,60.0
2025-11-03 13:00:00,-3.9,-3.7,,-4.1,,84.0,4.9,7.5,160.0,160.0,995.8,7.0,0.0,,0.0
2025-11-03 14:00:00,-4.1,-3.9,,-4.3,,84.0,4.8,7.8,173.0,170.0,996.1,50.0,0.0,,10.0
2025-11-03 15:00:00,-3.8,-3.5,,-4.1,,81.0,4.8,6.7,168.0,170.0,996.3,84.0,0.0,,0.0
2025-11-03 16:00:00,-3.6,-3.4,,-3.7,,80.0,4.0,5.9,158.0,164.0,996.6,86.0,0.0,,0.0
2025-11-03 17:00:00,-3.9,-3.5,,-4.5,,80.0,3.6,5.4,136.0,146.0,997.1,66.0,0.0,,0.0
2025-11-03 18:00:00,-4.6,-4.1,-3.4,-5.0,-5.1,81.0,3.1,4.8,153.0,144.0,997.8,34.0,0.0,0.0,0.0
2025-11-03 19:00:00,-5.2,-4.9,,-5.7,,83.0,2.8,3.8,158.0,150.0,998.4,4.0,0.0,,0.0
2025-11-03 20:00:00,-5.7,-5.3,,-5.9,,84.0,2.3,3.1,141.0,146.0,998.8,0.0,0.0,,
2025-11-03 21:00:00,-5.4,-5.1,,-6.3,,83.0,2.2,2.9,191.0,182.0,999.0,0.0,0.0,,
2025-11-03 22:00:00,-5.4,-5.0,,-5.9,,84.0,2.4,3.1,196.0,189.0,999.2,0.0,0.0,,
2025-11-03 23:00:00,-5.6,-5.1,,-6.0,,89.0,2.3,2.8,181.0,191.0,999.4,0.0,0.0,,75.0
2025-11-04 00:00:00,-5.0,-4.6,-3.4,-5.4,-6.3,88.0,2.7,3.9,182.0,178.0,999.6,0.0,0.0,0.0,
2025-11-04 01:00:00,-4.3,-4.0,,-4.7,,87.0,3.0,4.4,170.0,170.0,999.6,0.0,0.0,,100.0
2025-11-04 02:00:00,-4.1,-3.8,,-4.3,,83.0,2.5,3.9,165.0,179.0,999.7,0.0,0.0,,100.0
2025-11-04 03:00:00,-3.8,-3.4,,-4.0,,81.0,2.5,3.8,220.0,191.0,999.6,0.0,0.0,,100.0
2025-11-04 04:00:00,-3.4,-3.0,,-3.6,,80.0,1.7,2.7,241.0,210.0,999.6,0.0,0.0,,100.0
2025-11-04 05:00:00,-2.8,-2.4,,-3.0,,65.0,1.0,2.9,0.0,238.0,999.6,0.0,0.0,,
2025-11-04 06:00:00,-3.4,-2.7,-2.4,-3.8,-6.3,76.0,2.2,4.3,97.0,105.0,999.5,0.0,0.0,0.0,100.0
2025-11-04 07:00:00,-3.0,-2.8,,-3.5,,75.0,0.9,3.3,102.0,107.0,999.6,0.0,0.0,,100.0
2025-11-04 08:00:00,-3.0,-2.9,,-3.2,,76.0,1.8,4.9,56.0,67.0,999.6,0.0,0.0,,100.0
2025-11-04 09:00:00,-3.2,-3.1,,-3.4,,73.0,3.2,5.8,41.0,47.0,999.6,0.0,0.0,,100.0
2025-11-04 10:00:00,-3.3,-3.0,,-3.6,,71.0,3.2,5.8,47.0,47.0,999.7,0.0,0.0,,100.0
2025-11-04 11:00:00,-3.6,-3.4,,-3.8,,71.0,3.6,6.6,50.0,52.0,999.6,0.0,0.0,,100.0
2025-11-04 12:00:00,-3.9,-3.7,-2.4,-4.0,-4.7,74.0,3.4,6.3,42.0,47.0,999.6,0.0,0.0,0.0,100.0
2025-11-04 13:00:00,-3.9,-3.8,,-4.1,,72.0,3.7,6.0,45.0,41.0,999.5,7.0,0.0,,100.0
2025-11-04 14:00:00,-3.9,-3.7,,-4.0,,73.0,3.6,6.5,35.0,36.0,999.4,18.0,0.0,,100.0
2025-11-04 15:00:00,-4.0,-3.9,,-4.2,,74.0,2.8,6.7,56.0,39.0,999.2,24.0,0.0,,100.0
2025-11-04 16:00:00,-4.1,-3.9,,-4.3,,77.0,3.7,7.3,26.0,39.0,998.7,28.0,0.0,,100.0
2025-11-04 17:00:00,-4.1,-3.9,,-4.2,,75.0,4.2,7.7,25.0,21.0,998.9,24.0,0.0,,100.0
2025-11-04 18:00:00,-4.2,-4.2,-2.8,-4.3,-4.3,75.0,5.1,8.5,19.0,23.0,999.0,15.0,0.0,0.0,90.0
2025-11-04 19:00:00,-4.3,-4.2,,-4.4,,77.0,4.8,8.9,15.0,23.0,999.3,2.0,0.0,,100.0
2025-11-04 20:00:00,-4.4,-4.1,,-4.6,,78.0,4.3,7.1,8.0,16.0,999.3,0.0,0.0,,100.0
2025-11-04 21:00:00,-4.8,-4.4,,-5.0,,79.0,5.7,8.9,19.0,15.0,998.9,0.0,0.0,,60.0
2025-11-04 22:00:00,-5.0,-4.9,,-5.2,,74.0,6.0,9.5,29.0,20.0,999.0,0.0,0.0,,0.0
2025-11-04 23:00:00,-5.5,-5.1,,-5.9,,75.0,4.8,7.8,58.0,37.0,999.0,0.0,0.0,,10.0
2025-11-05 00:00:00,-7.0,-6.1,-3.7,-7.6,-7.6,84.0,3.8,5.9,114.0,102.0,999.4,0.0,0.0,0.0,0.0
2025-11-05 01:00:00,-7.8,-7.4,,-8.1,,83.0,2.9,4.4,125.0,124.0,999.5,0.0,0.0,,0.0
2025-11-05 02:00:00,-8.2,-7.9,,-8.4,,85.0,2.9,4.1,111.0,114.0,999.7,0.0,0.0,,0.0
2025-11-05 03:00:00,-8.2,-7.8,,-8.4,,82.0,3.4,5.5,113.0,113.0,999.8,0.0,0.0,,0.0
2025-11-05 04:00:00,-8.2,-8.0,,-8.5,,87.0,3.0,4.9,152.0,128.0,1000.0,0.0,0.0,,0.0
2025-11-05 05:00:00,-8.0,-7.9,,-8.4,,91.0,2.8,4.1,154.0,160.0,1000.0,0.0,0.0,,10.0
2025-11-05 06:00:00,-8.0,-7.8,-4.1,-8.6,-8.6,90.0,3.0,5.0,172.0,163.0,1000.6,0.0,0.0,0.0,100.0
2025-11-05 07:00:00,-7.9,-7.7,,-8.1,,91.0,3.0,4.4,174.0,159.0,1001.2,0.0,0.0,,90.0
2025-11-05 08:00:00,-7.9,-7.8,,-8.0,,91.0,3.2,4.8,164.0,175.0,1001.7,0.0,0.0,,100.0
2025-11-05 09:00:00,-7.9,-7.6,,-8.2,,92.0,3.0,5.9,170.0,174.0,1002.0,0.0,0.1,,100.0
2025-11-05 10:00:00,-7.5,-7.4,,-7.6,,92.0,3.7,5.8,145.0,147.0,1002.3,0.0,0.0,,90.0
2025-11-05 11:00:00,-7.6,-7.3,,-7.9,,91.0,2.6,4.7,138.0,151.0,1002.7,0.0,0.0,,0.0
2025-11-05 12:00:00,-7.3,-7.0,-7.0,-7.9,-8.6,89.0,1.2,2.4,75.0,88.0,1003.2,0.0,0.0,0.0,0.0
2025-11-05 13:00:00,-6.9,-6.2,,-7.6,,84.0,2.7,3.9,58.0,59.0,1003.5,6.0,0.0,,90.0
2025-11-05 14:00:00,-5.6,-5.0,,-6.2,,79.0,2.2,3.1,61.0,58.0,1003.7,16.0,0.0,,100.0
2025-11-05 15:00:00,-4.8,-4.3,,-5.3,,77.0,1.8,3.6,62.0,57.0,1003.9,32.0,0.0,,25.0
2025-11-05 16:00:00,-4.3,-3.9,,-4.6,,78.0,3.3,5.6,92.0,78.0,1004.1,31.0,0.0,,100.0
2025-11-05 17:00:00,-3.6,-3.4,,-4.0,,84.0,3.0,4.8,71.0,80.0,1004.3,26.0,0.0,,100.0
2025-11-05 18:00:00,-2.9,-2.3,-2.3,-3.4,-8.2,82.0,3.9,5.9,52.0,61.0,1004.3,14.0,0.1,0.1,75.0
2025-11-05 19:00:00,-2.3,-2.1,,-2.4,,77.0,4.4,5.9,48.0,51.0,1004.5,2.0,0.0,,100.0
2025-11-05 20:00:00,-2.2,-2.1,,-2.4,,74.0,4.5,6.2,39.0,51.0,1004.6,0.0,0.0,,40.0
2025-11-05 21:00:00,-2.1,-1.9,,-2.3,,72.0,4.7,7.1,49.0,38.0,1004.9,0.0,0.0,,100.0
2025-11-05 22:00:00,-2.1,-1.9,,-2.3,,76.0,4.6,5.7,51.0,47.0,1004.9,0.0,0.0,,0.0
2025-11-05 23:00:00,-1.9,-1.7,,-2.5,,75.0,3.7,5.2,74.0,60.0,1005.1,0.0,0.0,,100.0
2025-11-06 00:00:00,-2.9,-2.3,-1.7,-3.5,-7.6,77.0,3.0,4.1,79.0,84.0,1005.3,0.0,0.0,0.1,25.0
2025-11-06 01:00:00,-2.2,-1.2,,-3.1,,78.0,3.8,4.9,52.0,68.0,1005.1,0.0,0.0,,100.0
2025-11-06 02:00:00,-1.0,-0.8,,-1.2,,74.0,4.2,6.0,46.0,51.0,1004.8,0.0,0.0,,100.0
2025-11-06 03:00:00,-1.0,-0.9,,-1.2,,76.0,4.5,6.0,44.0,48.0,1004.3,0.0,0.0,,25.0
2025-11-06 04:00:00,-1.1,-0.7,,-1.4,,82.0,4.9,7.2,29.0,37.0,1003.7,0.0,0.0,,0.0
2025-11-06 05:00:00,-0.8,-0.6,,-0.9,,79.0,5.9,8.9,40.0,36.0,1003.4,0.0,0.0,,0.0
2025-11-06 06:00:00,-0.3,-0.2,-0.2,-0.7,-3.5,80.0,6.6,9.9,33.0,35.0,1003.1,0.0,0.0,0.1,0.0
2025-11-06 07:00:00,-0.1,0.1,,-0.4,,80.0,6.4,9.6,34.0,34.0,1002.6,0.0,0.0,,0.0
2025-11-06 08:00:00,0.1,0.3,,-0.1,,80.0,6.5,9.3,39.0,36.0,1002.6,0.0,0.0,,0.0
2025-11-06 09:00:00,0.1,0.3,,0.0,,82.0,5.7,8.2,39.0,40.0,1002.2,0.0,0.0,,0.0
2025-11-06 10:00:00,0.2,0.4,,0.0,,82.0,5.3,8.0,53.0,44.0,1002.3,0.0,0.0,,0.0
2025-11-06 11:00:00,0.2,0.5,,0.0,,85.0,4.7,6.1,52.0,55.0,1002.3,0.0,0.0,,0.0
2025-11-06 12:00:00,0.4,0.9,0.9,0.1,-3.1,80.0,4.8,6.2,57.0,52.0,1002.6,0.0,0.0,0.0,0.0
2025-11-06 13:00:00,0.3,0.8,,-0.4,,76.0,3.6,5.0,32.0,47.0,1002.5,13.0,0.0,,0.0
2025-11-06 14:00:00,0.6,0.9,,0.3,,86.0,4.3,5.9,32.0,42.0,1002.6,41.0,0.0,,0.0
2025-11-06 15:00:00,0.7,1.1,,0.3,,85.0,3.9,5.4,42.0,49.0,1003.0,75.0,0.0,,0.0
2025-11-06 16:00:00,0.8,1.2,,0.3,,86.0,4.2,5.3,46.0,40.0,1002.8,73.0,0.1,,0.0
2025-11-06 17:00:00,0.9,1.2,,0.6,,87.0,4.1,5.6,43.0,46.0,1003.1,43.0,0.0,,0.0
2025-11-06 18:00:00,0.7,1.1,1.2,0.2,-0.4,87.0,4.0,6.0,51.0,56.0,1003.5,28.0,0.0,0.0,0.0
2025-11-06 19:00:00,0.8,1.3,,0.0,,87.0,3.7,5.4,50.0,49.0,1004.0,3.0,0.0,,0.0
2025-11-06 20:00:00,0.5,0.9,,-0.4,,89.0,3.4,5.6,60.0,55.0,1004.7,0.0,0.0,,0.0
2025-11-06 21:00:00,0.6,0.9,,-0.1,,90.0,4.2,6.3,55.0,52.0,1004.8,0.0,0.0,,0.0
2025-11-06 22:00:00,0.6,0.8,,0.4,,87.0,4.8,6.4,50.0,57.0,1005.0,0.0,0.0,,0.0
2025-11-06 23:00:00,0.4,0.7,,0.1,,87.0,4.5,6.5,52.0,58.0,1005.2,0.0,0.0,,0.0
2025-11-07 00:00:00,0.4,0.7,1.3,0.1,-0.4,89.0,4.4,5.9,44.0,44.0,1005.5,0.0,0.0,0.0,0.0
2025-11-07 01:00:00,0.5,0.9,,0.0,,90.0,4.4,5.4,39.0,43.0,1005.7,0.0,0.0,,0.0
2025-11-07 02:00:00,0.3,0.5,,0.1,,88.0,4.6,6.8,44.0,48.0,1005.7,0.0,0.0,,0.0
2025-11-07 03:00:00,0.3,0.4,,0.1,,86.0,5.6,7.7,51.0,44.0,1005.6,0.0,0.0,,40.0
2025-11-07 04:00:00,0.4,0.5,,0.2,,84.0,4.9,7.1,46.0,46.0,1005.5,0.0,0.0,,0.0
2025-11-07 05:00:00,0.4,0.6,,0.2,,82.0,5.6,7.8,41.0,44.0,1005.5,0.0,0.0,,0.0
2025-11-07 06:00:00,0.3,0.5,1.3,0.1,-0.4,83.0,5.1,7.9,40.0,40.0,1005.6,0.0,0.0,0.0,0.0
2025-11-07 07:00:00,0.4,0.5,,0.1,,83.0,5.0,7.4,41.0,38.0,1005.7,0.0,0.0,,0.0
2025-11-07 08:00:00,0.4,0.7,,0.1,,82.0,5.5,8.4,34.0,38.0,1005.3,0.0,0.0,,0.0
2025-11-07 09:00:00,0.6,0.8,,0.4,,81.0,6.6,9.4,40.0,42.0,1005.3,0.0,0.0,,0.0
2025-11-07 10:00:00,0.7,0.9,,0.5,,82.0,6.7,9.4,42.0,42.0,1005.3,0.0,0.0,,0.0
2025-11-07 11:00:00,0.8,1.1,,0.4,,81.0,6.7,9.8,24.0,34.0,1005.2,0.0,0.0,,0.0
2025-11-07 12:00:00,0.9,1.1,1.1,0.7,0.0,81.0,6.8,10.2,31.0,33.0,1005.3,0.0,0.0,0.0,0.0
2025-11-07 13:00:00,0.9,1.2,,0.8,,82.0,6.6,10.3,45.0,39.0,1005.3,10.0,0.0,,0.0
2025-11-07 14:00:00,1.0,1.3,,0.7,,81.0,7.5,12.0,26.0,38.0,1004.8,41.0,0.0,,0.0
2025-11-07 15:00:00,0.9,1.3,,0.5,,76.0,9.3,13.4,37.0,32.0,1004.3,62.0,0.0,,0.0
2025-11-07 16:00:00,0.5,0.7,,0.1,,75.0,7.8,12.3,41.0,37.0,1004.1,66.0,0.0,,0.0
2025-11-07 17:00:00,0.0,0.4,,-0.4,,72.0,6.7,12.5,39.0,37.0,1004.4,49.0,0.0,,0.0
2025-11-07 18:00:00,0.0,0.3,1.3,-0.4,-0.4,73.0,9.0,12.3,30.0,28.0,1003.4,22.0,0.0,0.0,0.0
2025-11-07 19:00:00,0.0,0.2,,-0.4,,77.0,7.7,12.4,38.0,33.0,1003.7,2.0,0.0,,0.0
2025-11-07 20:00:00,0.4,0.6,,0.1,,77.0,8.1,12.8,29.0,31.0,1003.5,0.0,0.0,,0.0
2025-11-07 21:00:00,0.2,0.5,,-0.1,,78.0,7.9,12.4,28.0,35.0,1003.9,0.0,0.0,,0.0
2025-11-07 22:00:00,0.2,0.5,,0.0,,81.0,7.1,11.0,41.0,35.0,1003.7,0.0,0.0,,0.0
2025-11-07 23:00:00,0.4,0.6,,0.1,,81.0,6.4,9.8,43.0,43.0,1003.9,0.0,0.0,,0.0
2025-11-08 00:00:00,0.4,0.8,1.3,0.2,-0.4,82.0,6.0,8.5,39.0,37.0,1003.9,0.0,0.0,0.0,0.0
2025-11-08 01:00:00,0.7,1.0,,0.4,,83.0,6.3,10.1,32.0,33.0,1004.1,0.0,0.0,,0.0
2025-11-08 02:00:00,1.1,1.6,,0.5,,75.0,6.3,9.3,61.0,52.0,1004.5,0.0,0.0,,0.0
2025-11-08 03:00:00,1.1,1.4,,0.9,,77.0,5.9,9.5,61.0,54.0,1004.0,0.0,0.0,,0.0
2025-11-08 04:00:00,1.4,1.6,,0.9,,70.0,6.4,10.7,56.0,56.0,1004.0,0.0,0.0,,0.0
2025-11-08 05:00:00,1.8,2.2,,1.4,,65.0,6.7,10.7,68.0,58.0,1004.1,0.0,0.0,,0.0
2025-11-08 06:00:00,1.8,2.0,2.2,1.5,-0.4,63.0,6.1,10.9,68.0,60.0,1004.3,0.0,0.0,0.0,0.0
2025-11-08 07:00:00,1.8,2.1,,1.5,,65.0,6.2,9.4,44.0,50.0,1004.5,0.0,0.0,,0.0
2025-11-08 08:00:00,1.7,2.1,,1.1,,71.0,6.3,10.3,49.0,40.0,1004.8,0.0,0.0,,0.0
2025-11-08 09:00:00,2.2,2.6,,1.7,,62.0,8.3,13.0,71.0,63.0,1004.3,0.0,0.0,,0.0
2025-11-08 10:00:00,2.1,2.5,,1.7,,64.0,8.0,13.3,46.0,59.0,1004.8,0.0,0.0,,0.0
2025-11-08 11:00:00,1.9,2.1,,1.6,,66.0,6.5,11.3,55.0,50.0,1004.7,0.0,0.0,,0.0
2025-11-08 12:00:00,2.2,2.5,2.6,1.9,0.4,65.0,7.9,12.6,51.0,57.0,1004.6,0.0,0.0,0.0,0.0
2025-11-08 13:00:00,2.1,2.6,,1.8,,68.0,6.0,10.3,54.0,49.0,1004.5,3.0,0.0,,0.0
2025-11-08 14:00:00,2.1,2.6,,1.8,,67.0,5.3,9.7,56.0,52.0,1005.3,11.0,0.0,,0.0
2025-11-08 15:00:00,2.3,2.7,,1.9,,64.0,6.2,9.9,51.0,53.0,1005.4,24.0,0.0,,0.0
2025-11-08 16:00:00,2.4,2.7,,2.0,,64.0,6.8,11.2,46.0,47.0,1005.6,31.0,0.0,,0.0
2025-11-08 17:00:00,2.4,3.1,,1.7,,65.0,5.9,8.6,47.0,51.0,1006.0,22.0,0.0,,0.0
2025-11-08 18:00:00,2.6,3.0,3.1,2.2,1.1,64.0,6.0,9.1,61.0,60.0,1006.4,9.0,0.0,0.0,0.0
2025-11-08 19:00:00,2.5,2.9,,2.3,,66.0,5.6,8.1,75.0,68.0,1006.9,0.0,0.0,,0.0
2025-11-08 20:00:00,2.3,2.8,,1.7,,67.0,4.8,7.4,80.0,69.0,1007.7,0.0,0.0,,0.0
2025-11-08 21:00:00,1.7,2.4,,1.3,,71.0,4.0,6.4,84.0,77.0,1008.3,0.0,0.0,,0.0
2025-11-08 22:00:00,1.3,2.3,,0.5,,73.0,3.7,4.8,88.0,87.0,1008.8,0.0,0.0,,0.0
2025-11-08 23:00:00,1.2,2.2,,0.7,,71.0,4.0,6.4,105.0,86.0,1009.0,0.0,0.0,,0.0
2025-11-09 00:00:00,1.1,1.7,3.1,0.4,0.4,70.0,3.8,6.7,77.0,101.0,1009.5,0.0,0.0,0.0,0.0
2025-11-09 01:00:00,1.2,2.1,,0.6,,70.0,3.8,5.7,58.0,90.0,1009.8,0.0,0.0,,0.0
2025-11-09 02:00:00,1.1,2.0,,0.6,,70.0,3.0,5.0,82.0,84.0,1009.9,0.0,0.0,,0.0
2025-11-09 03:00:00,1.7,2.1,,1.3,,68.0,1.9,4.4,0.0,94.0,1010.5,0.0,0.0,,0.0
2025-11-09 04:00:00,1.9,3.1,,1.1,,64.0,0.0,0.3,0.0,0.0,1010.6,0.0,0.0,,0.0
2025-11-09 05:00:00,1.8,2.6,,1.3,,61.0,0.2,1.9,0.0,101.0,1011.2,0.0,0.0,,0.0
2025-11-09 06:00:00,1.8,3.2,3.2,0.8,0.4,63.0,0.0,1.0,0.0,0.0,1011.3,0.0,0.0,0.0,0.0
2025-11-09 07:00:00,1.0,1.6,,0.4,,73.0,1.0,3.8,70.0,38.0,1012.0,0.0,0.0,,0.0
2025-11-09 08:00:00,1.1,2.2,,0.3,,69.0,0.8,3.3,0.0,72.0,1012.2,0.0,0.0,,0.0
2025-11-09 09:00:00,0.6,1.3,,-0.1,,78.0,0.3,2.7,27.0,25.0,1012.8,0.0,0.0,,0.0
2025-11-09 10:00:00,0.6,1.1,,0.1,,87.0,1.0,3.9,41.0,39.0,1013.0,0.0,0.0,,25.0
2025-11-09 11:00:00,0.7,1.3,,0.2,,89.0,2.9,4.6,37.0,41.0,1013.3,0.0,0.0,,0.0
2025-11-09 12:00:00,1.0,1.4,3.2,0.0,-0.1,87.0,2.9,4.7,64.0,49.0,1013.7,0.0,0.0,0.0,0.0
2025-11-09 13:00:00,0.7,1.5,,-0.1,,84.0,3.5,6.4,76.0,72.0,1014.0,3.0,0.0,,0.0
2025-11-09 14:00:00,0.9,1.3,,0.4,,84.0,1.4,4.1,35.0,41.0,1013.9,22.0,0.0,,0.0
2025-11-09 15:00:00,0.8,1.0,,0.5,,87.0,3.1,4.8,64.0,59.0,1014.0,31.0,0.0,,0.0
2025-11-09 16:00:00,0.9,1.2,,0.5,,85.0,1.6,3.6,52.0,61.0,1014.3,43.0,0.0,,0.0
2025-11-09 17:00:00,0.7,1.2,,-0.2,,86.0,0.4,3.1,0.0,52.0,1014.7,37.0,0.0,,0.0
2025-11-09 18:00:00,0.7,0.9,2.2,0.2,-0.2,91.0,0.0,1.3,34.0,0.0,1014.9,10.0,0.0,0.0,0.0
2025-11-09 19:00:00,0.9,1.2,,0.3,,88.0,0.0,0.3,0.0,0.0,1015.1,0.0,0.0,,0.0
2025-11-09 20:00:00,-0.8,0.8,,-1.9,,93.0,1.2,3.6,168.0,175.0,1015.4,0.0,0.0,,0.0
2025-11-09 21:00:00,-0.1,0.3,,-1.4,,84.0,2.9,4.4,178.0,176.0,1015.6,0.0,0.0,,0.0
2025-11-09 22:00:00,-0.3,0.2,,-1.0,,85.0,2.8,3.8,183.0,177.0,1016.0,0.0,0.0,,0.0
2025-11-09 23:00:00,-0.5,-0.2,,-1.0,,86.0,2.2,4.1,,184.0,1016.1,0.0,0.0,,0.0
2025-11-10 00:00:00,-0.7,-0.1,1.5,-1.1,-1.9,84.0,0.2,2.0,0.0,200.0,1016.6,0.0,0.0,0.0,0.0
2025-11-10 01:00:00,-1.1,-0.2,,-2.3,,84.0,0.2,2.4,0.0,166.0,1016.6,0.0,0.0,,0.0
2025-11-10 02:00:00,-0.9,-0.1,,-1.4,,85.0,0.0,0.0,0.0,0.0,1016.6,0.0,0.0,,60.0
2025-11-10 03:00:00,-0.1,0.3,,-1.1,,79.0,0.0,0.4,0.0,0.0,1016.5,0.0,0.0,,100.0
2025-11-10 04:00:00,-0.8,-0.1,,-1.4,,84.0,0.3,2.0,193.0,193.0,1016.9,0.0,0.0,,100.0
2025-11-10 05:00:00,-0.8,-0.1,,-1.4,,83.0,0.3,2.2,0.0,190.0,1016.9,0.0,0.0,,100.0
2025-11-10 06:00:00,-0.3,0.3,1.2,-1.0,-2.3,77.0,0.0,0.4,0.0,0.0,1017.2,0.0,0.0,0.0,100.0
2025-11-10 07:00:00,-0.7,-0.2,,-1.1,,83.0,0.9,2.8,188.0,180.0,1017.7,0.0,0.0,,100.0
2025-11-10 08:00:00,-0.7,-0.4,,-1.0,,88.0,0.7,2.6,188.0,188.0,1018.0,0.0,0.0,,100.0
2025-11-10 09:00:00,-0.7,-0.5,,-1.1,,92.0,0.7,3.6,157.0,175.0,1018.1,0.0,0.0,,100.0
2025-11-10 10:00:00,-0.6,-0.4,,-1.0,,88.0,2.2,3.3,163.0,167.0,1018.4,0.0,0.0,,100.0
2025-11-10 11:00:00,-0.6,-0.1,,-0.9,,86.0,2.6,3.9,188.0,185.0,1018.8,0.0,0.0,,100.0
2025-11-10 12:00:00,-0.3,0.0,0.3,-0.8,-2.3,84.0,3.5,5.6,166.0,172.0,1019.2,0.0,0.0,0.0,100.0
2025-11-10 13:00:00,-0.1,0.4,,-0.4,,81.0,3.0,5.1,174.0,172.0,1019.7,3.0,0.0,,100.0
2025-11-10 14:00:00,0.3,1.0,,-0.1,,80.0,3.3,6.2,156.0,160.0,1020.0,13.0,0.0,,100.0
2025-11-10 15:00:00,1.0,1.3,,0.7,,77.0,3.6,6.6,172.0,165.0,1020.4,15.0,0.0,,100.0
2025-11-10 16:00:00,0.8,1.1,,0.6,,79.0,2.7,4.1,166.0,173.0,1020.9,16.0,0.0,,100.0
2025-11-10 17:00:00,1.0,1.4,,0.8,,79.0,3.8,6.0,151.0,152.0,1021.1,9.0,0.0,,100.0
2025-11-10 18:00:00,1.4,1.8,1.8,1.2,-1.1,84.0,4.2,6.5,164.0,171.0,1021.7,3.0,0.1,0.0,100.0
2025-11-10 19:00:00,1.3,1.6,,1.1,,88.0,3.4,5.0,176.0,177.0,1022.2,0.0,0.0,,100.0
2025-11-10 20:00:00,1.4,1.7,,1.1,,91.0,2.8,4.5,160.0,163.0,1022.6,0.0,0.2,,
2025-11-10 21:00:00,1.2,1.6,,1.0,,95.0,0.8,3.0,113.0,149.0,1022.9,0.0,0.1,,100.0
2025-11-10 22:00:00,0.8,1.0,,0.6,,95.0,0.1,1.9,0.0,88.0,1023.0,0.0,0.1,,100.0
2025-11-10 23:00:00,1.1,1.3,,0.9,,91.0,0.2,2.4,172.0,160.0,1023.4,0.0,0.4,,100.0
2025-11-11 00:00:00,1.4,1.7,1.8,1.1,-0.4,87.0,3.2,6.0,145.0,154.0,1023.7,0.0,0.3,1.0,100.0
2025-11-11 01:00:00,1.4,1.7,,1.2,,89.0,3.8,5.7,159.0,152.0,1023.9,0.0,0.2,,100.0
2025-11-11 02:00:00,1.1,1.4,,0.9,,95.0,2.4,5.0,156.0,167.0,1024.1,0.0,0.1,,100.0
2025-11-11 03:00:00,1.1,1.3,,0.9,,94.0,1.7,3.9,164.0,163.0,1024.2,0.0,0.0,,100.0
2025-11-11 04:00:00,1.1,1.3,,1.0,,96.0,3.2,4.3,153.0,164.0,1024.6,0.0,0.1,,100.0
2025-11-11 05:00:00,0.8,1.0,,0.7,,98.0,2.5,4.3,136.0,146.0,1024.9,0.0,0.1,,100.0
2025-11-11 06:00:00,1.0,1.1,1.7,0.9,0.6,96.0,2.7,4.0,152.0,145.0,1025.3,0.0,0.1,1.4,100.0
2025-11-11 07:00:00,1.1,1.1,,0.9,,98.0,2.4,3.7,157.0,164.0,1025.2,0.0,0.1,,100.0
2025-11-11 08:00:00,0.7,0.9,,0.6,,98.0,0.6,2.3,0.0,134.0,1025.2,0.0,0.0,,100.0
2025-11-11 09:00:00,0.6,0.7,,0.4,,98.0,1.0,4.3,57.0,67.0,1024.8,0.0,0.0,,
2025-11-11 10:00:00,0.7,0.8,,0.5,,99.0,2.4,5.0,60.0,61.0,1024.7,0.0,0.0,,
2025-11-11 11:00:00,0.8,0.9,,0.7,,100.0,1.4,4.9,18.0,46.0,1024.3,0.0,0.1,,90.0
2025-11-11 12:00:00,0.8,1.0,1.7,0.6,0.4,99.0,2.2,4.4,31.0,32.0,1024.2,0.0,0.0,1.6,0.0
2025-11-11 13:00:00,0.6,0.8,,0.5,,98.0,3.2,4.4,29.0,24.0,1024.0,3.0,0.0,,75.0
2025-11-11 14:00:00,0.6,0.7,,0.4,,98.0,3.8,5.1,42.0,35.0,1023.5,20.0,0.0,,10.0
2025-11-11 15:00:00,0.2,0.4,,0.1,,98.0,3.3,4.9,46.0,45.0,1022.8,24.0,0.0,,0.0
2025-11-11 16:00:00,0.3,0.4,,0.1,,95.0,3.9,6.4,45.0,43.0,1022.0,19.0,0.0,,0.0
2025-11-11 17:00:00,0.0,0.3,,-0.3,,93.0,2.8,5.0,70.0,68.0,1021.6,18.0,0.0,,0.0
2025-11-11 18:00:00,-0.2,0.2,1.1,-0.7,-0.7,93.0,2.4,4.9,209.0,54.0,1021.6,5.0,0.0,1.5,0.0
2025-11-11 19:00:00,-0.4,-0.2,,-0.6,,94.0,0.2,2.0,91.0,91.0,1020.9,0.0,0.0,,100.0
2025-11-11 20:00:00,-0.5,-0.2,,-0.8,,88.0,0.9,3.4,57.0,66.0,1020.1,0.0,0.0,,0.0
2025-11-11 21:00:00,-0.7,-0.4,,-0.8,,89.0,3.8,5.6,87.0,76.0,1019.4,0.0,0.0,,50.0
2025-11-11 22:00:00,-0.9,-0.7,,-1.0,,86.0,2.4,5.7,,87.0,1018.9,0.0,0.0,,100.0
2025-11-11 23:00:00,-0.7,-0.2,,-0.9,,82.0,0.0,0.9,0.0,0.0,1018.2,0.0,0.0,,100.0
2025-11-12 00:00:00,-0.3,0.4,0.8,-0.8,-1.0,78.0,0.6,3.8,53.0,55.0,1017.5,0.0,0.0,0.5,90.0
2025-11-12 01:00:00,-0.2,0.6,,-0.5,,81.0,2.3,4.2,87.0,72.0,1017.5,0.0,0.0,,100.0
2025-11-12 02:00:00,-0.5,-0.1,,-0.8,,86.0,1.9,3.8,64.0,72.0,1016.5,0.0,0.0,,100.0
2025-11-12 03:00:00,-0.1,0.1,,-0.4,,91.0,2.0,4.4,93.0,70.0,1015.1,0.0,0.0,,100.0
2025-11-12 04:00:00,0.0,0.6,,-0.3,,88.0,1.4,3.4,74.0,80.0,1014.5,0.0,0.0,,100.0
2025-11-12 05:00:00,0.5,0.9,,0.1,,84.0,2.6,4.6,150.0,91.0,1014.4,0.0,0.0,,60.0
2025-11-12 06:00:00,0.4,0.6,0.9,0.2,-1.0,85.0,0.3,2.8,134.0,150.0,1013.8,0.0,0.1,0.2,100.0
2025-11-12 07:00:00,0.4,1.0,,-0.1,,85.0,3.4,5.9,77.0,79.0,1012.5,0.0,0.7,,100.0
2025-11-12 08:00:00,1.1,1.4,,0.7,,82.0,4.3,6.6,100.0,89.0,1011.7,0.0,0.2,,100.0
2025-11-12 09:00:00,1.6,1.9,,1.4,,87.0,4.9,7.3,110.0,111.0,1011.0,0.0,0.9,,100.0
2025-11-12 10:00:00,2.2,3.1,,1.8,,89.0,4.9,8.3,114.0,109.0,1010.0,0.0,0.4,,100.0
2025-11-12 11:00:00,3.5,3.8,,3.1,,87.0,7.2,11.1,129.0,126.0,1008.8,0.0,0.6,,100.0
2025-11-12 12:00:00,4.1,4.5,4.5,3.7,-0.8,87.0,8.5,12.2,114.0,124.0,1008.2,0.0,0.7,3.4,100.0
2025-11-12 13:00:00,4.2,4.5,,3.9,,88.0,7.1,10.5,100.0,102.0,1007.5,0.0,0.7,,100.0
2025-11-12 14:00:00,4.3,4.6,,3.6,,88.0,5.3,8.2,89.0,91.0,1006.8,0.0,0.6,,100.0
2025-11-12 15:00:00,4.4,5.5,,3.8,,86.0,3.9,6.6,129.0,97.0,1006.7,2.0,0.3,,100.0
2025-11-12 16:00:00,5.8,7.2,,4.0,,77.0,3.0,11.3,72.0,66.0,1005.4,3.0,0.0,,100.0
2025-11-12 17:00:00,5.6,7.7,,4.5,,78.0,5.5,9.7,46.0,56.0,1005.0,2.0,0.0,,100.0
2025-11-12 18:00:00,4.6,5.9,7.7,2.8,-0.1,83.0,4.5,10.5,241.0,158.0,1006.4,0.0,0.0,5.0,100.0
2025-11-12 19:00:00,2.5,2.9,,2.1,,94.0,6.3,12.3,265.0,256.0,1007.5,0.0,0.7,,90.0
2025-11-12 20:00:00,2.2,2.3,,2.1,,91.0,2.5,7.5,230.0,257.0,1007.9,0.0,0.0,,100.0
2025-11-12 21:00:00,2.4,2.6,,2.2,,92.0,0.0,1.1,0.0,0.0,1008.1,0.0,0.0,,100.0
2025-11-12 22:00:00,2.1,2.5,,1.9,,93.0,0.4,2.9,42.0,44.0,1008.5,0.0,0.0,,100.0
2025-11-12 23:00:00,2.1,2.8,,1.7,,94.0,3.4,6.2,74.0,57.0,1008.8,0.0,0.0,,100.0
2025-11-13 00:00:00,2.1,2.4,7.7,1.9,1.7,95.0,5.7,9.6,67.0,68.0,1008.1,0.0,0.1,5.7,100.0
2025-11-13 01:00:00,2.6,2.9,,2.4,,93.0,7.6,11.9,73.0,68.0,1007.9,0.0,0.0,,100.0
2025-11-13 02:00:00,2.7,3.0,,2.4,,94.0,7.2,10.9,66.0,67.0,1008.2,0.0,0.0,,100.0
2025-11-13 03:00:00,2.9,3.2,,2.6,,94.0,4.9,8.6,49.0,59.0,1008.6,0.0,0.0,,100.0
2025-11-13 04:00:00,2.4,3.0,,2.2,,97.0,1.4,4.2,349.0,5.0,1009.4,0.0,0.0,,100.0
2025-11-13 05:00:00,2.4,2.7,,1.9,,96.0,2.2,4.8,264.0,256.0,1009.8,0.0,0.0,,25.0
2025-11-13 06:00:00,2.2,2.5,3.2,1.8,1.7,95.0,2.5,5.5,335.0,290.0,1009.8,0.0,0.0,5.6,0.0
2025-11-13 07:00:00,2.7,3.4,,2.0,,91.0,3.8,6.7,27.0,21.0,1009.7,0.0,0.0,,0.0
2025-11-13 08:00:00,2.3,2.7,,1.9,,92.0,5.5,9.2,53.0,44.0,1009.6,0.0,0.0,,0.0
2025-11-13 09:00:00,2.9,3.2,,2.3,,89.0,8.0,11.3,70.0,65.0,1009.7,0.0,0.0,,10.0
2025-11-13 10:00:00,1.9,2.3,,1.4,,93.0,5.7,8.8,89.0,81.0,1010.2,0.0,0.0,,0.0
2025-11-13 11:00:00,2.3,3.6,,1.3,,90.0,4.1,6.2,159.0,121.0,1011.1,0.0,0.0,,60.0
2025-11-13 12:00:00,2.6,3.7,3.7,1.9,1.3,87.0,3.9,6.6,187.0,176.0,1012.3,0.0,0.0,2.2,25.0
2025-11-13 13:00:00,2.7,3.4,,1.9,,84.0,1.8,5.1,128.0,169.0,1012.4,2.0,0.0,,0.0
2025-11-13 14:00:00,2.9,3.8,,2.4,,80.0,2.1,5.0,55.0,71.0,1012.3,11.0,0.0,,0.0
2025-11-13 15:00:00,3.6,4.3,,2.7,,77.0,3.7,5.6,85.0,66.0,1012.3,34.0,0.0,,0.0
2025-11-13 16:00:00,3.3,4.1,,2.5,,79.0,4.6,6.4,82.0,84.0,1011.6,38.0,0.0,,0.0
2025-11-13 17:00:00,4.1,4.5,,3.7,,70.0,4.7,6.7,75.0,76.0,1011.3,22.0,0.0,,0.0
2025-11-13 18:00:00,3.7,4.2,4.5,3.5,1.3,66.0,4.1,6.9,68.0,65.0,1011.3,5.0,0.0,0.7,0.0
2025-11-13 19:00:00,3.6,4.3,,3.2,,68.0,4.1,7.3,110.0,99.0,1010.9,0.0,0.0,,0.0
2025-11-13 20:00:00,4.8,5.6,,4.2,,63.0,5.2,8.2,120.0,115.0,1010.9,0.0,0.0,,90.0
2025-11-13 21:00:00,4.3,5.7,,3.2,,67.0,2.9,7.8,213.0,220.0,1011.8,0.0,0.0,,90.0
2025-11-13 22:00:00,3.2,3.6,,3.0,,73.0,0.3,2.6,258.0,225.0,1012.2,0.0,0.0,,100.0
2025-11-13 23:00:00,3.4,4.0,,3.1,,70.0,1.6,5.4,202.0,206.0,1012.5,0.0,0.0,,75.0
2025-11-14 00:00:00,3.3,4.1,5.7,2.7,1.9,72.0,0.8,3.4,0.0,229.0,1013.0,0.0,0.0,0.0,100.0
2025-11-14 01:00:00,3.0,3.6,,2.4,,79.0,2.1,7.2,181.0,179.0,1013.6,0.0,0.1,,100.0
2025-11-14 02:00:00,3.1,3.7,,2.7,,83.0,4.1,6.6,171.0,177.0,1013.8,0.0,0.0,,100.0
2025-11-14 03:00:00,3.0,3.5,,2.6,,82.0,5.4,8.4,171.0,172.0,1014.3,0.0,0.1,,100.0
2025-11-14 04:00:00,2.9,3.3,,2.7,,83.0,4.2,7.1,174.0,175.0,1015.1,0.0,0.0,,100.0
2025-11-14 05:00:00,3.1,3.5,,2.8,,81.0,5.9,16.2,190.0,185.0,1015.3,0.0,0.0,,100.0
2025-11-14 06:00:00,3.3,3.6,5.7,3.1,2.4,77.0,12.8,18.9,193.0,192.0,1015.8,0.0,0.0,0.1,100.0
2025-11-14 07:00:00,3.1,3.4,,3.0,,77.0,15.3,21.2,196.0,195.0,1016.6,0.0,0.0,,100.0
2025-11-14 08:00:00,2.6,2.9,,2.0,,82.0,14.1,20.7,199.0,198.0,1017.7,0.0,0.0,,100.0
2025-11-14 09:00:00,2.5,2.6,,2.3,,78.0,13.4,20.4,198.0,197.0,1018.8,0.0,0.0,,100.0
2025-11-14 10:00:00,2.4,2.6,,2.0,,81.0,12.5,17.6,201.0,199.0,1019.7,0.0,0.0,,100.0
2025-11-14 11:00:00,1.8,2.0,,1.6,,87.0,11.3,17.7,194.0,199.0,1020.7,0.0,0.0,,100.0
2025-11-14 12:00:00,1.8,1.9,3.7,1.7,1.6,84.0,8.6,14.0,190.0,194.0,1021.5,0.0,0.0,0.1,100.0
2025-11-14 13:00:00,1.6,1.8,,1.5,,88.0,7.3,12.5,186.0,182.0,1022.4,0.0,0.0,,90.0
2025-11-14 14:00:00,1.6,1.8,,1.5,,84.0,8.8,12.9,183.0,182.0,1022.6,4.0,0.0,,100.0
2025-11-14 15:00:00,1.6,1.7,,1.6,,83.0,10.0,14.1,179.0,178.0,1023.1,7.0,0.0,,100.0
2025-11-14 16:00:00,1.5,1.7,,1.5,,84.0,9.4,13.3,174.0,177.0,1023.5,7.0,0.0,,100.0
2025-11-14 17:00:00,1.7,2.0,,1.5,,82.0,8.2,12.1,185.0,180.0,1023.9,6.0,0.0,,100.0
2025-11-14 18:00:00,1.8,1.9,3.4,1.7,1.5,81.0,7.1,11.0,184.0,183.0,1025.0,2.0,0.0,0.1,100.0
2025-11-14 19:00:00,1.6,1.9,,1.5,,82.0,7.1,11.2,180.0,180.0,1025.4,0.0,0.0,,90.0
2025-11-14 20:00:00,1.5,1.6,,1.3,,81.0,8.5,13.1,193.0,189.0,1025.9,0.0,0.0,,0.0
2025-11-14 21:00:00,1.3,1.5,,1.1,,82.0,6.1,11.8,170.0,187.0,1027.1,0.0,0.0,,60.0
2025-11-14 22:00:00,1.0,1.2,,0.8,,85.0,5.1,9.6,191.0,185.0,1027.3,0.0,0.0,,0.0
2025-11-14 23:00:00,0.9,1.1,,0.5,,85.0,6.5,10.3,182.0,185.0,1027.9,0.0,0.0,,0.0
2025-11-15 00:00:00,0.7,1.0,2.0,0.6,0.5,85.0,6.0,8.5,169.0,179.0,1028.0,0.0,0.0,0.1,10.0
2025-11-15 01:00:00,0.8,1.0,,0.6,,83.0,4.3,8.0,154.0,164.0,1028.4,0.0,0.0,,100.0
2025-11-15 02:00:00,1.2,1.5,,1.0,,80.0,5.4,10.1,174.0,166.0,1028.3,0.0,0.0,,100.0
2025-11-15 03:00:00,0.8,1.3,,0.4,,81.0,3.6,6.3,114.0,132.0,1028.7,0.0,0.0,,100.0
2025-11-15 04:00:00,0.8,1.4,,0.4,,81.0,3.5,8.1,133.0,138.0,1029.1,0.0,0.0,,100.0
2025-11-15 05:00:00,0.4,1.1,,-0.3,,84.0,1.8,2.6,82.0,93.0,1028.9,0.0,0.0,,60.0
2025-11-15 06:00:00,0.3,1.3,1.9,-0.4,-0.4,85.0,1.4,3.6,88.0,86.0,1028.7,0.0,0.0,0.0,0.0
2025-11-15 07:00:00,0.2,1.0,,-0.4,,88.0,2.3,3.6,77.0,88.0,1029.1,0.0,0.0,,0.0
2025-11-15 08:00:00,0.2,0.5,,-0.1,,95.0,2.6,3.9,43.0,44.0,1029.0,0.0,0.0,,0.0
2025-11-15 09:00:00,0.2,0.4,,-0.1,,95.0,3.1,4.3,28.0,46.0,1028.4,0.0,0.0,,0.0
2025-11-15 10:00:00,0.2,0.6,,-0.5,,94.0,3.3,5.1,31.0,29.0,1028.4,0.0,0.0,,10.0
2025-11-15 11:00:00,0.4,0.5,,0.0,,89.0,2.8,4.4,23.0,32.0,1028.6,0.0,0.0,,100.0
2025-11-15 12:00:00,0.6,0.7,1.5,0.4,-0.5,89.0,3.4,5.9,28.0,26.0,1028.3,0.0,0.0,0.0,40.0
2025-11-15 13:00:00,0.4,0.5,,0.3,,88.0,2.7,3.9,39.0,36.0,1028.2,2.0,0.0,,100.0
2025-11-15 14:00:00,0.4,0.6,,0.3,,88.0,2.9,4.7,53.0,42.0,1027.8,28.0,0.0,,90.0
2025-11-15 15:00:00,0.3,0.5,,0.1,,88.0,2.6,3.8,63.0,58.0,1027.8,32.0,0.0,,75.0
2025-11-15 16:00:00,0.5,0.6,,0.4,,86.0,2.6,3.4,52.0,49.0,1027.7,37.0,0.0,,10.0
2025-11-15 17:00:00,0.6,0.7,,0.6,,83.0,1.3,2.6,34.0,45.0,1027.7,24.0,0.0,,10.0
2025-11-15 18:00:00,0.1,0.7,1.0,-0.7,-0.7,85.0,0.3,1.8,0.0,36.0,1028.1,6.0,0.0,0.0,100.0
2025-11-15 19:00:00,-0.7,-0.4,,-0.9,,90.0,0.0,0.0,0.0,0.0,1028.3,0.0,0.0,,25.0
2025-11-15 20:00:00,-0.4,-0.1,,-0.6,,91.0,0.0,0.0,0.0,0.0,1028.4,0.0,0.0,,0.0
2025-11-15 21:00:00,-0.6,-0.2,,-1.1,,92.0,0.0,0.0,0.0,0.0,1028.4,0.0,0.0,,0.0
2025-11-15 22:00:00,-1.2,-0.9,,-1.5,,94.0,0.0,0.0,0.0,0.0,1028.4,0.0,0.0,,0.0
2025-11-15 23:00:00,-0.9,-0.5,,-1.5,,92.0,0.0,0.4,0.0,0.0,1028.2,0.0,0.0,,0.0
2025-11-16 00:00:00,-0.9,-0.4,0.7,-1.3,-1.5,92.0,0.0,0.0,0.0,0.0,1027.9,0.0,0.0,0.0,0.0
2025-11-16 01:00:00,-1.6,-1.0,,-2.1,,94.0,0.2,1.9,196.0,196.0,1027.8,0.0,0.0,,0.0
2025-11-16 02:00:00,-1.0,-0.3,,-2.0,,96.0,0.5,2.9,358.0,341.0,1027.5,0.0,0.0,,0.0
2025-11-16 03:00:00,-0.6,-0.3,,-1.1,,95.0,3.3,5.6,12.0,8.0,1027.1,0.0,0.0,,90.0
2025-11-16 04:00:00,-0.6,-0.4,,-0.8,,95.0,4.0,6.0,27.0,20.0,1026.9,0.0,0.0,,60.0
2025-11-16 05:00:00,-0.8,-0.6,,-1.0,,90.0,3.9,5.9,22.0,26.0,1026.8,0.0,0.0,,0.0
2025-11-16 06:00:00,-0.7,-0.5,-0.1,-1.0,-2.1,89.0,3.4,5.5,15.0,20.0,1026.6,0.0,0.0,0.0,0.0
2025-11-16 07:00:00,-0.5,-0.3,,-0.7,,89.0,4.2,6.8,12.0,15.0,1026.4,0.0,0.0,,100.0
2025-11-16 08:00:00,-0.2,-0.1,,-0.3,,88.0,5.6,8.3,26.0,24.0,1026.1,0.0,0.0,,100.0
2025-11-16 09:00:00,-0.5,-0.2,,-0.7,,87.0,5.1,7.7,28.0,28.0,1025.8,0.0,0.0,,0.0
2025-11-16 10:00:00,-0.4,-0.3,,-0.6,,82.0,5.8,8.0,25.0,26.0,1025.6,0.0,0.0,,0.0
2025-11-16 11:00:00,-0.3,-0.1,,-0.5,,84.0,6.3,9.4,3.0,8.0,1025.3,0.0,0.1,,50.0
2025-11-16 12:00:00,-0.1,0.0,0.0,-0.3,-2.1,85.0,6.6,10.3,26.0,13.0,1025.0,0.0,0.0,0.0,10.0
2025-11-16 13:00:00,0.1,0.2,,-0.1,,81.0,8.2,12.0,27.0,26.0,1024.7,0.0,0.0,,0.0
2025-11-16 14:00:00,0.0,0.2,,-0.2,,83.0,6.2,10.2,15.0,21.0,1024.5,4.0,0.0,,10.0
2025-11-16 15:00:00,-0.1,0.0,,-0.3,,81.0,6.6,9.9,7.0,19.0,1024.2,8.0,0.0,,0.0
2025-11-16 16:00:00,-0.2,-0.1,,-0.4,,80.0,6.1,8.7,21.0,9.0,1024.0,9.0,0.1,,0.0
2025-11-16 17:00:00,-0.3,-0.1,,-0.6,,81.0,3.7,6.9,330.0,352.0,1024.1,7.0,0.0,,0.0
2025-11-16 18:00:00,-0.4,-0.3,0.2,-0.6,-0.7,88.0,1.3,3.9,0.0,326.0,1024.3,2.0,0.0,0.1,0.0
2025-11-16 19:00:00,-0.9,-0.6,,-1.3,,89.0,0.0,0.0,0.0,0.0,1024.6,0.0,0.0,,0.0
2025-11-16 20:00:00,-1.7,-0.7,,-2.4,,92.0,0.8,2.6,167.0,167.0,1024.8,0.0,0.0,,0.0
2025-11-16 21:00:00,-2.2,-1.9,,-2.7,,94.0,1.4,2.7,173.0,170.0,1025.0,0.0,0.0,,0.0
2025-11-16 22:00:00,-2.3,-2.0,,-2.5,,94.0,1.8,2.9,171.0,173.0,1025.2,0.0,0.0,,0.0
2025-11-16 23:00:00,-2.4,-2.2,,-2.7,,96.0,2.6,4.9,171.0,171.0,1025.6,0.0,0.0,,10.0
2025-11-17 00:00:00,-2.7,-2.4,0.2,-3.0,-3.0,96.0,3.8,5.7,177.0,177.0,1026.1,0.0,0.1,0.1,50.0
2025-11-17 01:00:00,-2.9,-2.7,,-3.1,,96.0,4.1,5.9,174.0,173.0,1026.9,0.0,0.0,,100.0
2025-11-17 02:00:00,-2.6,-2.4,,-2.9,,95.0,3.3,4.6,176.0,171.0,1027.1,0.0,0.0,,100.0
2025-11-17 03:00:00,-2.4,-2.3,,-2.6,,94.0,4.7,6.5,173.0,171.0,1027.4,0.0,0.1,,100.0
2025-11-17 04:00:00,-2.6,-2.5,,-2.6,,94.0,5.4,6.6,170.0,172.0,1027.8,0.0,0.0,,100.0
2025-11-17 05:00:00,-2.6,-2.5,,-2.6,,96.0,4.1,6.4,163.0,170.0,1028.1,0.0,0.1,,100.0
2025-11-17 06:00:00,-2.4,-2.2,-0.6,-2.5,-3.1,96.0,0.7,4.0,57.0,158.0,1028.1,0.0,0.0,0.2,25.0
2025-11-17 07:00:00,-2.1,-1.9,,-2.3,,93.0,0.6,2.3,47.0,51.0,1028.3,0.0,0.0,,0.0
2025-11-17 08:00:00,-2.4,-1.9,,-3.4,,92.0,3.4,5.9,86.0,67.0,1028.6,0.0,0.0,,40.0
2025-11-17 09:00:00,-3.9,-3.5,,-4.1,,90.0,4.2,5.8,79.0,75.0,1028.7,0.0,0.0,,10.0
2025-11-17 10:00:00,-3.3,-2.9,,-4.0,,84.0,4.4,6.9,37.0,45.0,1028.3,0.0,0.0,,50.0
2025-11-17 11:00:00,-2.9,-2.6,,-3.1,,81.0,5.3,8.2,29.0,31.0,1028.0,0.0,0.0,,25.0
2025-11-17 12:00:00,-3.2,-2.8,-1.9,-3.5,-4.1,79.0,4.9,7.5,42.0,39.0,1028.1,0.0,0.0,0.2,0.0
2025-11-17 13:00:00,-2.9,-2.6,,-3.4,,79.0,5.1,7.2,33.0,33.0,1027.5,0.0,0.0,,0.0
2025-11-17 14:00:00,-2.8,-2.6,,-3.1,,79.0,4.5,6.8,46.0,46.0,1027.3,4.0,0.0,,0.0
2025-11-17 15:00:00,-2.5,-2.4,,-2.8,,79.0,4.9,6.9,48.0,46.0,1027.0,9.0,0.0,,0.0
2025-11-17 16:00:00,-2.2,-2.0,,-2.4,,75.0,5.1,7.3,47.0,46.0,1026.3,22.0,0.0,,0.0
2025-11-17 17:00:00,-1.7,-1.5,,-2.1,,74.0,6.5,10.0,35.0,36.0,1025.6,11.0,0.0,,0.0
2025-11-17 18:00:00,-1.4,-1.2,-1.2,-1.6,-4.1,70.0,7.5,11.4,39.0,37.0,1024.9,3.0,0.0,0.1,0.0
2025-11-17 19:00:00,-0.9,-0.6,,-1.1,,75.0,7.4,10.4,32.0,32.0,1024.1,0.0,0.0,,0.0
2025-11-17 20:00:00,-0.6,-0.4,,-0.8,,75.0,7.9,12.0,32.0,32.0,1023.5,0.0,0.0,,0.0
2025-11-17 21:00:00,-0.3,-0.2,,-0.4,,74.0,8.8,12.4,31.0,30.0,1023.0,0.0,0.0,,40.0
2025-11-17 22:00:00,-0.1,0.0,,-0.3,,74.0,7.9,11.4,33.0,31.0,1023.0,0.0,0.0,,90.0
2025-11-17 23:00:00,0.1,0.4,,-0.2,,71.0,7.4,10.3,27.0,28.0,1023.0,0.0,0.0,,100.0
2025-11-18 00:00:00,0.5,0.6,0.6,0.4,-3.4,71.0,6.2,9.0,26.0,26.0,1023.0,0.0,0.0,0.1,100.0
2025-11-18 01:00:00,0.5,0.6,,0.4,,71.0,4.6,7.4,25.0,24.0,1023.4,0.0,0.0,,100.0
2025-11-18 02:00:00,0.6,0.8,,0.4,,72.0,4.2,6.5,3.0,11.0,1023.2,0.0,0.0,,100.0
2025-11-18 03:00:00,0.5,0.7,,-0.2,,71.0,2.6,5.3,16.0,22.0,1023.3,0.0,0.0,,90.0
2025-11-18 04:00:00,0.1,0.4,,-0.1,,77.0,1.5,3.1,263.0,266.0,1023.3,0.0,0.0,,100.0
2025-11-18 05:00:00,-0.1,0.3,,-0.2,,89.0,2.5,4.7,283.0,267.0,1023.5,0.0,0.0,,100.0
2025-11-18 06:00:00,0.2,0.3,0.8,0.1,-1.1,89.0,2.7,4.8,297.0,305.0,1023.5,0.0,0.0,0.0,40.0
2025-11-18 07:00:00,0.1,0.2,,-0.1,,90.0,2.2,4.7,277.0,290.0,1023.7,0.0,0.0,,60.0
2025-11-18 08:00:00,0.0,0.2,,-0.2,,91.0,2.4,3.9,278.0,286.0,1023.4,0.0,0.0,,25.0
2025-11-18 09:00:00,-0.2,-0.1,,-0.4,,92.0,1.3,3.5,281.0,281.0,1023.5,0.0,0.0,,40.0
2025-11-18 10:00:00,-0.5,-0.4,,-0.7,,91.0,1.6,3.0,278.0,272.0,1023.4,0.0,0.0,,0.0
2025-11-18 11:00:00,-0.4,-0.2,,-0.5,,90.0,1.5,3.0,291.0,293.0,1023.2,0.0,0.0,,0.0
2025-11-18 12:00:00,-0.6,-0.4,0.8,-0.7,-0.7,91.0,1.6,2.6,284.0,286.0,1022.9,0.0,0.0,0.0,0.0
2025-11-18 13:00:00,-0.6,-0.5,,-1.0,,92.0,1.4,2.8,280.0,283.0,1022.5,0.0,0.0,,0.0
2025-11-18 14:00:00,-0.5,-0.2,,-1.3,,92.0,1.3,2.9,109.0,293.0,1022.2,6.0,0.0,,0.0
2025-11-18 15:00:00,-1.6,-1.3,,-1.9,,95.0,0.9,2.5,168.0,141.0,1021.8,11.0,0.0,,0.0
2025-11-18 16:00:00,-2.3,-2.0,,-2.5,,97.0,1.1,3.1,186.0,179.0,1021.4,13.0,0.0,,0.0
2025-11-18 17:00:00,-2.1,-1.5,,-2.5,,98.0,0.2,1.5,209.0,212.0,1021.1,9.0,0.0,,0.0
2025-11-18 18:00:00,-1.7,-0.9,0.2,-2.9,-2.9,98.0,0.9,3.4,7.0,337.0,1020.7,2.0,0.0,0.0,0.0
2025-11-18 19:00:00,-1.2,-0.7,,-2.1,,95.0,2.9,4.9,54.0,44.0,1020.1,0.0,0.0,,0.0
2025-11-18 20:00:00,-1.7,-0.9,,-2.8,,95.0,2.0,3.9,101.0,87.0,1019.8,0.0,0.0,,0.0
2025-11-18 21:00:00,-2.1,-1.7,,-2.8,,95.0,3.3,5.3,83.0,64.0,1019.4,0.0,0.0,,0.0
2025-11-18 22:00:00,-1.9,-1.3,,-2.6,,95.0,3.3,4.9,40.0,47.0,1018.8,0.0,0.0,,0.0
2025-11-18 23:00:00,-1.0,-0.5,,-1.6,,93.0,4.7,6.8,26.0,29.0,1017.4,0.0,0.0,,0.0
2025-11-19 00:00:00,-0.7,-0.5,-0.2,-1.2,-2.9,90.0,4.4,6.7,47.0,40.0,1016.9,0.0,0.0,0.0,0.0
2025-11-19 01:00:00,-1.0,-0.5,,-1.3,,92.0,3.9,7.0,31.0,45.0,1015.5,0.0,0.0,,0.0
2025-11-19 02:00:00,-0.7,-0.4,,-1.0,,92.0,4.5,8.0,36.0,41.0,1014.5,0.0,0.0,,0.0
2025-11-19 03:00:00,-0.4,-0.2,,-0.5,,92.0,4.3,7.1,37.0,41.0,1013.8,0.0,0.0,,0.0
2025-11-19 04:00:00,0.1,0.5,,-0.5,,92.0,4.5,7.6,27.0,24.0,1011.3,0.0,0.1,,0.0
2025-11-19 05:00:00,0.5,0.9,,0.0,,91.0,6.3,10.1,34.0,23.0,1009.6,0.0,0.0,,0.0
2025-11-19 06:00:00,0.5,0.8,0.9,0.2,-2.8,90.0,6.2,10.2,45.0,43.0,1008.0,0.0,0.0,0.0,0.0
2025-11-19 07:00:00,1.1,1.8,,0.6,,87.0,7.5,12.6,25.0,33.0,1005.6,0.0,0.0,,0.0
2025-11-19 08:00:00,1.9,2.1,,1.6,,83.0,9.3,13.3,30.0,29.0,1004.8,0.0,0.0,,0.0
2025-11-19 09:00:00,2.2,2.4,,1.9,,80.0,9.6,13.6,30.0,30.0,1002.9,0.0,0.0,,0.0
2025-11-19 10:00:00,2.2,2.5,,1.9,,80.0,8.5,13.7,39.0,31.0,1002.2,0.0,0.0,,0.0
2025-11-19 11:00:00,1.8,2.3,,1.7,,84.0,7.3,10.8,61.0,51.0,1001.9,0.0,0.0,,0.0
2025-11-19 12:00:00,2.3,3.0,3.0,1.5,-1.3,82.0,5.3,7.3,112.0,96.0,1002.8,0.0,0.0,0.0,40.0
2025-11-19 13:00:00,2.8,3.9,,2.1,,79.0,7.3,11.4,171.0,161.0,1003.3,0.0,0.0,,100.0
2025-11-19 14:00:00,2.3,2.6,,2.1,,91.0,7.6,10.6,166.0,170.0,1004.9,2.0,0.4,,100.0
2025-11-19 15:00:00,3.2,3.7,,2.6,,95.0,8.0,14.7,170.0,165.0,1006.4,3.0,0.0,,100.0
2025-11-19 16:00:00,3.5,3.7,,3.2,,96.0,7.8,11.4,165.0,169.0,1007.3,8.0,0.3,,100.0
2025-11-19 17:00:00,3.7,3.9,,3.5,,96.0,5.6,8.5,143.0,154.0,1008.1,4.0,0.0,,100.0
2025-11-19 18:00:00,3.6,3.9,3.9,3.4,0.6,93.0,4.8,7.1,118.0,134.0,1008.8,0.0,0.0,0.7,100.0
2025-11-19 19:00:00,3.5,3.7,,3.3,,94.0,4.2,5.7,101.0,107.0,1008.7,0.0,0.2,,100.0
2025-11-19 20:00:00,3.5,3.9,,3.2,,95.0,4.7,7.1,93.0,91.0,1008.6,0.0,0.2,,100.0
2025-11-19 21:00:00,3.5,3.8,,3.3,,95.0,4.9,7.0,94.0,91.0,1008.7,0.0,0.2,,100.0
2025-11-19 22:00:00,3.9,4.0,,3.6,,91.0,3.6,5.4,99.0,99.0,1008.6,0.0,0.9,,100.0
2025-11-19 23:00:00,4.1,4.5,,3.8,,89.0,2.3,3.3,94.0,95.0,1008.3,0.0,0.5,,100.0
2025-11-20 00:00:00,2.8,4.0,4.5,1.9,1.9,94.0,1.1,4.7,355.0,351.0,1008.0,0.0,0.5,3.1,100.0
2025-11-20 01:00:00,1.8,1.9,,1.8,,98.0,1.4,3.4,351.0,356.0,1007.5,0.0,0.8,,100.0
2025-11-20 02:00:00,1.8,1.9,,1.7,,99.0,1.1,2.9,0.0,10.0,1007.0,0.0,1.4,,100.0
2025-11-20 03:00:00,1.9,2.1,,1.6,,99.0,0.5,2.6,23.0,273.0,1006.7,0.0,0.5,,100.0
2025-11-20 04:00:00,1.7,1.9,,1.4,,99.0,0.6,2.8,0.0,17.0,1006.1,0.0,0.6,,100.0
2025-11-20 05:00:00,1.5,1.7,,1.4,,100.0,0.6,2.8,329.0,333.0,1005.7,0.0,0.3,,100.0
2025-11-20 06:00:00,1.6,1.8,4.5,1.4,1.4,100.0,0.0,0.5,0.0,0.0,1005.6,0.0,0.1,6.8,100.0
2025-11-20 07:00:00,1.6,1.7,,1.4,,100.0,0.0,0.0,0.0,0.0,1005.5,0.0,0.0,,
2025-11-20 08:00:00,1.5,1.7,,1.1,,100.0,0.0,0.7,0.0,0.0,1005.3,0.0,0.1,,
2025-11-20 09:00:00,0.8,1.1,,0.6,,100.0,0.0,1.2,0.0,0.0,1004.8,0.0,0.0,,90.0
2025-11-20 10:00:00,0.6,0.9,,0.5,,100.0,0.7,2.9,332.0,328.0,1004.1,0.0,0.0,,25.0
2025-11-20 11:00:00,0.6,0.8,,0.3,,100.0,1.6,3.8,26.0,10.0,1003.8,0.0,0.0,,
2025-11-20 12:00:00,0.5,0.7,2.1,0.4,0.3,100.0,4.1,6.4,38.0,32.0,1003.3,0.0,0.1,6.9,90.0
2025-11-20 13:00:00,0.2,0.5,,-0.4,,97.0,3.6,5.4,41.0,35.0,1002.8,0.0,0.1,,0.0
2025-11-20 14:00:00,0.4,0.8,,0.1,,83.0,2.0,4.4,11.0,25.0,1002.1,4.0,0.0,,0.0
2025-11-20 15:00:00,0.8,1.0,,0.7,,87.0,4.5,7.2,20.0,10.0,1001.2,12.0,0.0,,0.0
2025-11-20 16:00:00,0.8,1.0,,0.5,,83.0,4.4,6.8,356.0,6.0,1000.6,15.0,0.1,,0.0
2025-11-20 17:00:00,1.0,1.0,,0.9,,82.0,5.5,8.2,5.0,2.0,999.9,11.0,0.0,,0.0
2025-11-20 18:00:00,1.2,1.5,1.7,0.9,-0.4,79.0,5.9,9.3,339.0,2.0,999.3,3.0,0.0,6.3,0.0
2025-11-20 19:00:00,0.4,1.5,,-0.1,,93.0,4.2,8.5,309.0,317.0,998.8,0.0,0.0,,40.0
2025-11-20 20:00:00,-0.2,0.1,,-0.4,,99.0,2.5,5.9,277.0,296.0,998.7,0.0,0.1,,
2025-11-20 21:00:00,-0.5,-0.2,,-0.7,,100.0,2.3,4.4,271.0,270.0,998.2,0.0,0.0,,75.0
2025-11-20 22:00:00,-0.7,-0.4,,-1.0,,100.0,3.2,5.0,267.0,270.0,997.4,0.0,0.1,,0.0
2025-11-20 23:00:00,-1.1,-1.0,,-1.5,,100.0,2.0,5.1,0.0,268.0,997.7,0.0,0.0,,0.0
2025-11-21 00:00:00,-1.3,-0.8,1.5,-1.6,-1.6,100.0,0.6,2.9,249.0,250.0,997.3,0.0,0.0,4.1,0.0
2025-11-21 01:00:00,-1.3,-0.7,,-1.9,,100.0,0.9,2.4,208.0,222.0,996.8,0.0,0.0,,60.0
2025-11-21 02:00:00,-1.1,-0.8,,-1.4,,97.0,0.3,1.6,0.0,202.0,996.9,0.0,0.0,,40.0
2025-11-21 03:00:00,-0.7,-0.5,,-1.1,,91.0,0.0,0.5,0.0,0.0,996.7,0.0,0.0,,0.0
2025-11-21 04:00:00,-1.1,-0.6,,-1.5,,94.0,0.0,0.8,133.0,0.0,996.6,0.0,0.0,,0.0
2025-11-21 05:00:00,-1.4,-1.2,,-1.7,,92.0,1.0,3.3,181.0,178.0,996.8,0.0,0.0,,0.0
2025-11-21 06:00:00,-1.9,-1.3,1.5,-2.1,-2.1,98.0,2.1,3.2,171.0,168.0,996.9,0.0,0.0,0.3,
2025-11-21 07:00:00,-2.2,-1.9,,-2.4,,99.0,1.9,3.2,184.0,177.0,997.3,0.0,0.1,,10.0
2025-11-21 08:00:00,-2.4,-2.3,,-2.6,,99.0,2.5,3.5,193.0,193.0,997.9,0.0,0.0,,75.0
2025-11-21 09:00:00,-2.2,-2.1,,-2.4,,99.0,2.7,4.1,197.0,196.0,998.4,0.0,0.0,,
2025-11-21 10:00:00,-1.9,-1.6,,-2.2,,100.0,2.4,3.1,187.0,192.0,998.8,0.0,0.1,,
2025-11-21 11:00:00,-1.5,-1.4,,-1.6,,100.0,2.4,3.3,195.0,196.0,999.0,0.0,0.0,,
2025-11-21 12:00:00,-1.5,-1.4,-0.5,-1.6,-2.6,100.0,2.3,3.0,199.0,195.0,999.5,0.0,0.0,0.3,
2025-11-21 13:00:00,-1.5,-1.4,,-1.6,,100.0,1.7,3.3,185.0,188.0,999.7,0.0,0.0,,
2025-11-21 14:00:00,-1.4,-1.3,,-1.5,,100.0,2.7,3.8,147.0,164.0,1000.2,1.0,0.1,,
2025-11-21 15:00:00,-1.5,-1.4,,-1.6,,100.0,2.7,3.8,160.0,149.0,1000.4,5.0,0.0,,
2025-11-21 16:00:00,-1.7,-1.6,,-1.9,,100.0,2.5,4.4,144.0,156.0,1000.9,7.0,0.1,,100.0
2025-11-21 17:00:00,-1.8,-1.8,,-1.9,,100.0,1.9,3.0,180.0,153.0,1001.2,4.0,0.0,,75.0
2025-11-21 18:00:00,-1.8,-1.7,-1.3,-1.9,-2.6,99.0,2.0,2.8,172.0,168.0,1001.6,0.0,0.0,0.3,75.0
2025-11-21 19:00:00,-1.7,-1.6,,-1.8,,100.0,2.2,3.3,149.0,161.0,1001.9,0.0,0.0,,
2025-11-21 20:00:00,-1.6,-1.5,,-1.6,,100.0,0.7,2.4,0.0,146.0,1002.5,0.0,0.0,,
2025-11-21 21:00:00,-1.6,-1.6,,-1.7,,100.0,0.3,1.5,0.0,75.0,1003.0,0.0,0.0,,
2025-11-21 22:00:00,-1.7,-1.6,,-1.9,,100.0,0.2,1.4,62.0,63.0,1003.3,0.0,0.1,,100.0
2025-11-21 23:00:00,-1.7,-1.6,,-1.9,,100.0,1.2,2.1,74.0,68.0,1003.8,0.0,0.0,,100.0
2025-11-22 00:00:00,-2.0,-1.8,-1.3,-2.1,-2.1,99.0,1.2,2.1,101.0,89.0,1004.2,0.0,0.0,0.3,100.0
2025-11-22 01:00:00,-2.0,-1.9,,-2.2,,99.0,0.0,0.8,0.0,0.0,1004.6,0.0,0.0,,100.0
2025-11-22 02:00:00,-2.1,-2.0,,-2.3,,99.0,0.0,0.0,0.0,0.0,1005.3,0.0,0.0,,100.0
2025-11-22 03:00:00,-2.2,-2.0,,-2.4,,99.0,0.0,0.4,0.0,0.0,1005.6,0.0,0.0,,
2025-11-22 04:00:00,-2.3,-2.2,,-2.3,,99.0,0.0,0.0,0.0,0.0,1006.0,0.0,0.0,,
2025-11-22 05:00:00,-2.3,-2.1,,-2.3,,99.0,0.0,0.0,0.0,0.0,1006.4,0.0,0.1,,
2025-11-22 06:00:00,-2.2,-2.1,-1.5,-2.5,-2.5,99.0,0.0,0.4,92.0,0.0,1006.7,0.0,0.0,0.4,75.0
2025-11-22 07:00:00,-2.3,-2.1,,-2.6,,99.0,0.0,0.0,0.0,0.0,1007.4,0.0,0.0,,60.0
2025-11-22 08:00:00,-2.3,-2.1,,-2.5,,99.0,0.0,0.0,0.0,0.0,1007.8,0.0,0.0,,60.0
2025-11-22 09:00:00,-2.4,-2.2,,-2.7,,99.0,0.0,0.0,0.0,0.0,1008.4,0.0,0.0,,90.0
2025-11-22 10:00:00,-2.4,-2.3,,-2.6,,99.0,0.0,0.0,0.0,0.0,1008.8,0.0,0.0,,100.0
2025-11-22 11:00:00,-2.2,-2.1,,-2.4,,99.0,0.0,0.0,0.0,0.0,1009.2,0.0,0.0,,100.0
2025-11-22 12:00:00,-2.1,-2.0,-1.9,-2.3,-2.7,99.0,0.0,0.0,0.0,0.0,1009.6,0.0,0.0,0.3,100.0
2025-11-22 13:00:00,-2.2,-2.1,,-2.3,,98.0,0.1,1.8,206.0,207.0,1009.9,0.0,0.0,,100.0
2025-11-22 14:00:00,-2.0,-1.7,,-2.4,,98.0,1.1,1.9,214.0,211.0,1010.2,4.0,0.0,,100.0
2025-11-22 15:00:00,-1.9,-1.7,,-2.0,,97.0,0.2,1.6,0.0,208.0,1010.5,9.0,0.0,,100.0
2025-11-22 16:00:00,-1.6,-1.3,,-1.9,,97.0,0.9,2.2,204.0,202.0,1010.7,9.0,0.0,,100.0
2025-11-22 17:00:00,-1.5,-1.3,,-1.6,,98.0,0.6,1.7,199.0,206.0,1010.9,5.0,0.1,,100.0
2025-11-22 18:00:00,-1.5,-1.4,-1.3,-1.5,-2.7,99.0,0.0,0.5,0.0,0.0,1011.3,1.0,0.1,0.4,100.0
2025-11-22 19:00:00,-1.4,-1.2,,-1.4,,99.0,0.0,0.0,0.0,0.0,1011.5,0.0,0.2,,100.0
2025-11-22 20:00:00,-1.3,-1.2,,-1.4,,99.0,0.0,0.0,0.0,0.0,1011.7,0.0,0.1,,100.0
2025-11-22 21:00:00,-1.2,-1.1,,-1.3,,99.0,0.0,0.0,0.0,0.0,1011.9,0.0,0.0,,
2025-11-22 22:00:00,-1.2,-1.1,,-1.3,,100.0,0.0,0.0,0.0,0.0,1012.1,0.0,0.1,,
2025-11-22 23:00:00,-1.1,-1.0,,-1.3,,100.0,0.1,1.6,172.0,172.0,1012.3,0.0,0.1,,
2025-11-23 00:00:00,-1.2,-1.1,-1.0,-1.4,-2.4,100.0,1.3,2.0,172.0,169.0,1012.4,0.0,0.0,0.6,100.0
2025-11-23 01:00:00,-1.4,-1.3,,-1.5,,100.0,0.7,2.0,158.0,160.0,1012.5,0.0,0.0,,100.0
2025-11-23 02:00:00,-1.3,-1.3,,-1.4,,100.0,0.2,1.5,0.0,157.0,1012.6,0.0,0.0,,100.0
2025-11-23 03:00:00,-1.4,-1.3,,-1.4,,100.0,0.0,0.0,0.0,0.0,1012.5,0.0,0.0,,100.0
2025-11-23 04:00:00,-1.6,-1.4,,-1.9,,100.0,0.0,0.5,0.0,0.0,1012.6,0.0,0.0,,100.0
2025-11-23 05:00:00,-1.9,-1.7,,-2.2,,100.0,1.5,2.3,114.0,99.0,1012.7,0.0,0.0,,100.0
2025-11-23 06:00:00,-2.0,-1.7,-1.0,-2.4,-2.4,100.0,0.2,1.9,0.0,106.0,1012.6,0.0,0.0,0.5,100.0
2025-11-23 07:00:00,-2.0,-1.6,,-2.6,,100.0,1.0,2.4,74.0,74.0,1012.5,0.0,0.0,,100.0
2025-11-23 08:00:00,-3.1,-2.6,,-3.4,,99.0,2.2,3.2,69.0,65.0,1012.4,0.0,0.0,,25.0
2025-11-23 09:00:00,-3.4,-3.3,,-3.4,,99.0,2.5,3.5,68.0,64.0,1012.2,0.0,0.0,,0.0
2025-11-23 10:00:00,-3.3,-2.8,,-3.7,,98.0,2.0,3.0,87.0,81.0,1012.1,0.0,0.0,,100.0
2025-11-23 11:00:00,-3.0,-2.8,,-3.3,,98.0,1.3,2.6,70.0,81.0,1011.9,0.0,0.1,,
2025-11-23 12:00:00,-2.8,-2.8,-1.3,-2.9,-3.7,98.0,1.1,4.5,34.0,52.0,1011.4,0.0,0.1,0.8,100.0
2025-11-23 13:00:00,-2.9,-2.7,,-3.1,,95.0,2.8,4.2,41.0,32.0,1011.0,0.0,0.0,,75.0
2025-11-23 14:00:00,-2.7,-2.5,,-2.9,,88.0,3.6,6.2,31.0,32.0,1010.5,2.0,0.0,,10.0
2025-11-23 15:00:00,-3.0,-2.7,,-3.3,,82.0,4.6,6.8,37.0,40.0,1010.0,7.0,0.0,,0.0
2025-11-23 16:00:00,-2.7,-2.5,,-3.0,,79.0,5.0,7.8,45.0,39.0,1009.3,13.0,0.0,,0.0
2025-11-23 17:00:00,-2.8,-2.7,,-3.1,,79.0,5.4,8.0,39.0,41.0,1008.8,6.0,0.0,,0.0
2025-11-23 18:00:00,-2.9,-2.7,-1.6,-3.0,-3.7,78.0,5.6,8.3,42.0,43.0,1008.6,0.0,0.0,0.6,0.0
2025-11-23 19:00:00,-3.1,-2.9,,-3.2,,77.0,5.0,7.3,43.0,45.0,1008.2,0.0,0.0,,0.0
2025-11-23 20:00:00,-3.0,-2.6,,-3.2,,75.0,5.6,10.0,27.0,38.0,1007.6,0.0,0.0,,0.0
2025-11-23 21:00:00,-2.6,-2.3,,-2.9,,74.0,6.9,10.3,32.0,32.0,1007.1,0.0,0.0,,0.0
2025-11-23 22:00:00,-2.3,-2.1,,-2.6,,72.0,7.2,10.1,33.0,31.0,1006.6,0.0,0.0,,0.0
2025-11-23 23:00:00,-2.3,-1.6,,-2.6,,73.0,7.1,11.2,28.0,33.0,1005.5,0.0,0.0,,0.0
2025-11-24 00:00:00,-1.6,-1.5,-1.5,-1.9,-3.2,73.0,9.0,12.6,31.0,28.0,1005.2,0.0,0.0,0.2,0.0
2025-11-24 01:00:00,-1.6,-1.4,,-1.8,,72.0,8.5,12.1,27.0,27.0,1004.5,0.0,0.0,,0.0
2025-11-24 02:00:00,-1.8,-1.5,,-1.9,,72.0,9.0,13.2,32.0,31.0,1004.0,0.0,0.0,,0.0
2025-11-24 03:00:00,-2.3,-1.9,,-2.5,,73.0,7.0,12.0,40.0,40.0,1003.3,0.0,0.0,,0.0
2025-11-24 04:00:00,-2.1,-1.8,,-2.4,,70.0,8.0,12.7,34.0,31.0,1002.7,0.0,0.0,,0.0
2025-11-24 05:00:00,-2.0,-1.7,,-2.2,,69.0,8.3,12.8,29.0,31.0,1001.4,0.0,0.0,,0.0
2025-11-24 06:00:00,-2.1,-1.7,-1.4,-2.4,-3.2,71.0,7.5,11.4,36.0,33.0,1000.9,0.0,0.0,0.2,0.0
2025-11-24 07:00:00,-2.1,-1.9,,-2.5,,70.0,7.7,11.8,34.0,33.0,999.6,0.0,0.0,,0.0
2025-11-24 08:00:00,-2.0,-1.8,,-2.1,,66.0,7.6,11.5,32.0,31.0,998.9,0.0,0.0,,0.0
2025-11-24 09:00:00,-2.0,-1.9,,-2.2,,66.0,7.7,11.0,30.0,31.0,998.2,0.0,0.0,,0.0
2025-11-24 10:00:00,-1.8,-1.6,,-2.1,,70.0,8.9,12.6,26.0,28.0,996.6,0.0,0.0,,0.0
2025-11-24 11:00:00,-1.8,-1.5,,-1.9,,69.0,9.9,13.6,27.0,27.0,995.7,0.0,0.0,,0.0
2025-11-24 12:00:00,-1.6,-1.4,-1.4,-1.8,-2.5,67.0,9.5,14.5,30.0,28.0,994.4,0.0,0.0,,0.0
2025-11-24 13:00:00,-1.7,-1.3,,-1.9,,69.0,10.5,15.9,29.0,30.0,992.8,0.0,0.0,,0.0
2025-11-24 14:00:00,-1.4,-1.2,,-1.6,,66.0,11.2,15.5,26.0,29.0,992.0,1.0,0.0,,0.0
2025-11-24 15:00:00,-1.2,-0.9,,-1.5,,64.0,11.0,16.6,28.0,29.0,991.0,6.0,0.0,,0.0
2025-11-24 16:00:00,-1.1,-0.7,,-1.3,,64.0,11.3,16.7,35.0,31.0,990.4,8.0,0.0,,0.0
2025-11-24 17:00:00,-1.2,-1.0,,-1.5,,67.0,9.5,14.2,32.0,33.0,990.1,3.0,0.0,,0.0
2025-11-24 18:00:00,-0.9,-0.8,-0.7,-1.1,-2.5,67.0,9.5,14.0,33.0,32.0,989.8,0.0,0.0,,0.0
2025-11-24 19:00:00,-0.8,-0.7,,-1.1,,69.0,9.0,12.8,30.0,31.0,989.4,0.0,0.0,,0.0
2025-11-24 20:00:00,-0.8,-0.6,,-1.1,,72.0,8.1,12.0,36.0,34.0,989.5,0.0,0.0,,0.0
2025-11-24 21:00:00,-0.9,-0.8,-0.6,-1.0,-2.1,76.0,6.6,9.9,38.0,39.0,989.6,0.0,0.0,,0.0
2025-11-24 22:00:00,-0.4,-0.1,,-0.8,,77.0,6.6,9.5,27.0,31.0,989.7,0.0,0.0,,0.0
2025-11-24 23:00:00,0.0,0.3,,-0.2,,81.0,6.2,8.8,24.0,29.0,989.9,0.0,0.0,,0.0
2025-11-25 00:00:00,0.3,0.4,0.4,0.2,-1.9,83.0,6.8,10.1,32.0,29.0,989.9,0.0,0.0,,0.0
2025-11-25 01:00:00,0.1,0.3,,-0.1,,83.0,6.1,8.4,44.0,41.0,990.2,0.0,0.0,,0.0
2025-11-25 02:00:00,0.1,0.2,,0.0,,84.0,5.5,7.8,52.0,49.0,990.4,0.0,0.0,,0.0
2025-11-25 03:00:00,-1.3,0.1,0.4,-2.5,-2.5,84.0,4.2,6.2,177.0,137.0,990.8,0.0,0.1,,0.0
2025-11-25 04:00:00,-3.0,-2.5,,-3.6,,84.0,5.2,7.9,183.0,182.0,991.2,0.0,0.0,,0.0
2025-11-25 05:00:00,-4.0,-3.5,,-4.2,,85.0,4.4,6.3,189.0,181.0,991.7,0.0,0.0,,0.0
2025-11-25 06:00:00,-4.0,-3.7,0.4,-4.4,-4.4,83.0,3.1,4.7,158.0,166.0,992.3,0.0,0.0,,0.0
2025-11-25 07:00:00,-3.7,-3.4,,-3.9,,81.0,3.4,5.5,161.0,158.0,992.9,0.0,0.0,,0.0
2025-11-25 08:00:00,-4.8,-3.9,,-5.2,,86.0,2.2,3.3,107.0,115.0,993.4,0.0,0.0,,0.0
2025-11-25 09:00:00,-3.6,-2.6,0.4,-4.1,-5.2,82.0,1.2,2.8,75.0,87.0,993.9,0.0,0.0,,100.0
2025-11-25 10:00:00,-3.1,-2.8,,-3.4,,81.0,1.7,3.3,0.0,81.0,994.3,0.0,0.0,,75.0
2025-11-25 11:00:00,-2.4,-2.1,,-2.9,,77.0,0.0,0.2,0.0,0.0,994.7,0.0,0.0,,10.0
2025-11-25 12:00:00,-1.6,-1.4,0.3,-2.1,-5.2,74.0,0.0,0.0,0.0,0.0,995.0,0.0,0.0,,0.0
2025-11-25 13:00:00,-2.1,-1.7,,-2.6,,77.0,0.0,0.5,0.0,0.0,995.6,0.0,0.0,,0.0
2025-11-25 14:00:00,-2.7,-2.1,,-3.4,,84.0,1.1,3.5,146.0,141.0,996.0,1.0,0.0,,100.0
2025-11-25 15:00:00,-1.9,-1.7,-1.4,-2.3,-5.2,87.0,1.9,3.3,141.0,151.0,996.4,4.0,0.0,,100.0
2025-11-25 16:00:00,-1.3,-1.0,,-1.7,,87.0,1.8,5.0,122.0,132.0,996.6,7.0,0.0,,100.0
2025-11-25 17:00:00,-1.0,-0.7,,-1.2,,85.0,3.9,6.0,114.0,117.0,997.0,4.0,0.0,,100.0
2025-11-25 18:00:00,-0.6,-0.5,-0.5,-0.9,-5.2,86.0,4.1,7.3,137.0,123.0,996.9,0.0,0.1,,100.0
2025-11-25 19:00:00,-0.7,-0.4,,-0.9,,90.0,4.9,7.9,151.0,158.0,997.4,0.0,0.1,,100.0
2025-11-25 20:00:00,-0.9,-0.8,,-0.9,,90.0,5.5,8.8,165.0,158.0,997.5,0.0,0.0,,100.0
2025-11-25 21:00:00,-0.8,-0.8,-0.4,-0.8,-3.4,91.0,6.4,10.3,166.0,167.0,998.1,0.0,0.0,,100.0
2025-11-25 22:00:00,-0.8,-0.8,,-0.9,,95.0,6.1,8.6,165.0,166.0,998.6,0.0,0.0,,100.0
2025-11-25 23:00:00,-0.8,-0.6,,-1.1,,95.0,5.5,8.0,188.0,177.0,998.9,0.0,0.1,,100.0
2025-11-26 00:00:00,-1.1,-0.9,-0.4,-1.3,-3.4,92.0,5.1,7.6,172.0,175.0,999.0,0.0,0.0,,100.0
2025-11-26 01:00:00,-0.9,-0.8,,-1.1,,90.0,4.3,7.1,167.0,160.0,999.0,0.0,0.0,,100.0
2025-11-26 02:00:00,-0.9,-0.9,,-1.1,,90.0,4.3,6.6,174.0,168.0,999.1,0.0,0.0,,100.0
2025-11-26 03:00:00,-0.9,-0.9,-0.4,-1.1,-1.7,91.0,4.1,6.0,163.0,166.0,999.2,0.0,0.0,,100.0
2025-11-26 04:00:00,-0.9,-0.9,,-1.0,,95.0,4.2,6.1,167.0,167.0,999.4,0.0,0.1,,100.0
2025-11-26 05:00:00,-0.9,-0.8,,-0.9,,96.0,3.8,6.1,159.0,158.0,999.2,0.0,0.2,,100.0
2025-11-26 06:00:00,-0.8,-0.7,-0.4,-0.9,-1.3,96.0,4.3,7.2,178.0,169.0,999.3,0.0,0.2,0.7,100.0
2025-11-26 07:00:00,-0.8,-0.6,,-1.0,,95.0,2.8,4.7,266.0,234.0,999.6,0.0,0.0,,100.0
2025-11-26 08:00:00,-0.6,-0.4,,-0.8,,94.0,3.0,5.6,279.0,275.0,1000.2,0.0,0.0,,100.0
2025-11-26 09:00:00,-0.5,-0.4,-0.4,-0.6,-1.3,93.0,2.6,5.3,288.0,286.0,1000.8,0.0,0.0,,100.0
2025-11-26 10:00:00,-0.6,-0.5,,-0.7,,94.0,2.2,4.3,281.0,289.0,1001.3,0.0,0.0,,100.0
2025-11-26 11:00:00,-0.5,-0.5,,-0.6,,92.0,2.1,4.0,273.0,266.0,1001.6,0.0,0.0,,100.0
2025-11-26 12:00:00,-0.5,-0.4,-0.4,-0.6,-1.1,92.0,2.3,4.4,272.0,272.0,1002.0,0.0,0.0,,100.0
2025-11-26 13:00:00,,,,,,,,4.0,,,,,0.0,,
2025-11-26 14:00:00,-0.7,-0.6,,-0.9,,89.0,2.7,4.0,249.0,246.0,1002.5,1.0,0.0,,100.0
2025-11-26 15:00:00,-0.7,-0.6,,-0.8,,85.0,1.9,3.6,262.0,257.0,1002.6,4.0,0.0,,100.0
2025-11-26 16:00:00,-0.7,-0.5,,-1.0,,82.0,0.4,2.8,197.0,250.0,1002.8,5.0,0.0,,100.0
2025-11-26 17:00:00,-0.8,-0.6,,-1.0,,82.0,0.4,2.1,244.0,233.0,1002.9,2.0,0.0,,100.0
2025-11-26 18:00:00,-1.1,-0.9,-0.4,-1.3,-1.3,83.0,0.0,1.8,0.0,0.0,1003.1,0.0,0.0,,100.0
2025-11-26 19:00:00,-1.1,-0.9,,-1.1,,85.0,0.6,3.0,165.0,183.0,1003.4,0.0,0.0,,100.0
2025-11-26 20:00:00,-1.3,-1.0,,-1.5,,87.0,1.2,3.6,170.0,171.0,1003.4,0.0,0.0,,100.0
2025-11-26 21:00:00,-1.1,-0.8,,-1.6,,80.0,3.0,6.1,187.0,192.0,1003.4,0.0,0.0,,100.0
2025-11-26 22:00:00,-1.1,-0.8,,-1.2,,77.0,3.2,5.0,191.0,190.0,1003.3,0.0,0.0,,100.0
2025-11-26 23:00:00,-1.2,-1.0,,-1.4,,81.0,2.2,3.7,173.0,179.0,1003.5,0.0,0.0,,100.0
2025-11-27 00:00:00,-1.2,-1.0,-0.5,-1.3,-1.6,84.0,2.5,5.2,148.0,154.0,1003.3,0.0,0.0,,100.0
2025-11-27 01:00:00,-1.3,-1.2,,-1.5,,89.0,3.6,5.1,139.0,143.0,1003.2,0.0,0.0,,100.0
2025-11-27 02:00:00,-1.6,-1.5,,-1.8,,93.0,3.4,5.0,133.0,138.0,1002.9,0.0,0.0,,100.0
2025-11-27 03:00:00,-1.7,-1.4,-0.5,-1.8,-1.8,91.0,3.2,4.9,157.0,145.0,1002.6,0.0,0.0,,100.0
2025-11-27 04:00:00,-1.6,-1.5,,-1.7,,90.0,3.3,5.2,154.0,155.0,1002.3,0.0,0.0,,100.0
2025-11-27 05:00:00,-1.8,-1.7,,-1.9,,93.0,3.3,4.9,156.0,156.0,1001.9,0.0,0.0,,100.0
2025-11-27 06:00:00,-1.9,-1.8,-0.8,-1.9,-1.9,92.0,3.1,4.8,158.0,161.0,1001.7,0.0,0.0,0.0,100.0
2025-11-27 07:00:00,-1.9,-1.9,,-2.1,,91.0,3.5,5.3,170.0,161.0,1001.6,0.0,0.0,,100.0
2025-11-27 08:00:00,-2.1,-2.0,,-2.3,,92.0,3.7,5.1,167.0,169.0,1001.4,0.0,0.0,,100.0
2025-11-27 09:00:00,-2.1,-1.9,-0.8,-2.3,-2.3,91.0,3.3,4.9,177.0,173.0,1001.2,0.0,0.0,,100.0
2025-11-27 10:00:00,-2.2,-2.2,,-2.3,,90.0,3.7,5.1,174.0,177.0,1001.2,0.0,0.0,,100.0
2025-11-27 11:00:00,-2.4,-2.3,,-2.5,,95.0,3.9,5.4,168.0,168.0,1001.0,0.0,0.1,,100.0
2025-11-27 12:00:00,-2.6,-2.5,-1.2,-2.7,-2.7,96.0,4.0,5.7,165.0,168.0,1000.8,0.0,0.1,,100.0
2025-11-27 13:00:00,-2.5,-2.4,,-2.6,,93.0,4.1,5.7,159.0,164.0,1000.5,0.0,0.0,,100.0
2025-11-27 14:00:00,-2.6,-2.5,,-2.6,,95.0,4.0,6.2,159.0,164.0,1000.0,0.0,0.0,,100.0
2025-11-27 15:00:00,-2.7,-2.5,,-2.8,,94.0,4.3,6.8,156.0,160.0,999.9,2.0,0.1,,100.0
2025-11-27 16:00:00,-2.5,-2.5,,-2.6,,92.0,4.2,6.9,164.0,163.0,999.5,3.0,0.1,,100.0
2025-11-27 17:00:00,-2.6,-2.5,,-2.8,,94.0,5.3,8.0,169.0,165.0,999.2,2.0,0.1,,100.0
2025-11-27 18:00:00,-2.6,-2.5,-1.9,-2.6,-2.8,93.0,5.6,8.2,170.0,169.0,999.4,0.0,0.0,,100.0
2025-11-27 19:00:00,-2.6,-2.5,,-2.7,,95.0,5.2,7.7,170.0,170.0,999.4,0.0,0.0,,100.0
2025-11-27 20:00:00,-2.7,-2.7,,-2.8,,95.0,5.0,7.2,161.0,163.0,999.3,0.0,0.1,,100.0
2025-11-27 21:00:00,-2.8,-2.7,,-2.9,,94.0,5.0,8.1,158.0,157.0,999.2,0.0,0.1,,100.0
2025-11-27 22:00:00,-2.8,-2.7,,-2.9,,94.0,5.3,7.3,155.0,156.0,999.3,0.0,0.0,,100.0
2025-11-27 23:00:00,-2.7,-2.7,,-2.8,,93.0,5.3,7.4,161.0,157.0,999.2,0.0,0.0,,100.0
2025-11-28 00:00:00,-2.6,-2.6,-2.4,-2.7,-2.9,93.0,5.3,7.5,160.0,163.0,998.9,0.0,0.0,,100.0
2025-11-28 01:00:00,-2.6,-2.6,,-2.6,,94.0,6.0,8.2,171.0,167.0,998.6,0.0,0.1,,100.0
2025-11-28 02:00:00,-2.5,-2.4,,-2.6,,94.0,5.7,8.9,157.0,160.0,998.3,0.0,0.0,,100.0
2025-11-28 03:00:00,-2.6,-2.6,-2.4,-2.7,-2.9,93.0,6.1,9.8,159.0,158.0,998.0,0.0,0.0,,100.0
2025-11-28 04:00:00,-2.7,-2.6,,-2.7,,90.0,6.9,9.8,155.0,155.0,997.9,0.0,0.0,,100.0
2025-11-28 05:00:00,-2.7,-2.6,,-2.9,,90.0,6.2,8.9,138.0,147.0,997.8,0.0,0.0,,100.0
2025-11-28 06:00:00,-2.8,-2.6,-2.4,-3.0,-3.0,89.0,5.8,7.6,153.0,147.0,997.7,0.0,0.0,,100.0
2025-11-28 07:00:00,-2.6,-2.6,,-2.7,,87.0,5.9,8.0,155.0,151.0,997.5,0.0,0.0,,100.0
2025-11-28 08:00:00,-2.7,-2.6,,-2.8,,89.0,5.8,7.7,141.0,145.0,997.4,0.0,0.1,,100.0
2025-11-28 09:00:00,-2.7,-2.6,-2.4,-2.9,-3.0,89.0,4.6,6.4,141.0,136.0,997.4,0.0,0.1,,100.0
2025-11-28 10:00:00,-3.1,-2.8,,-3.2,,96.0,4.1,6.7,135.0,139.0,997.3,0.0,1.6,,
2025-11-28 11:00:00,-3.1,-3.0,,-3.2,,97.0,4.5,6.5,138.0,140.0,997.1,0.0,0.5,,
2025-11-28 12:00:00,-2.6,-2.3,-2.3,-3.0,-3.2,97.0,6.3,9.9,147.0,145.0,996.7,0.0,0.3,,100.0
2025-11-28 13:00:00,-2.2,-2.1,,-2.3,,96.0,7.7,10.4,152.0,151.0,996.5,0.0,0.0,,100.0
2025-11-28 14:00:00,-2.2,-2.1,,-2.3,,96.0,7.9,10.4,151.0,150.0,996.7,0.0,0.0,,90.0
2025-11-28 15:00:00,-2.4,-2.3,-2.1,-2.4,-3.2,96.0,7.9,10.1,146.0,149.0,996.7,2.0,0.2,,
2025-11-28 16:00:00,-2.4,-2.3,,-2.4,,96.0,7.8,10.9,146.0,150.0,996.8,2.0,0.4,,100.0
2025-11-28 17:00:00,-2.2,-2.0,,-2.4,,97.0,7.9,10.4,146.0,147.0,996.7,0.0,0.2,,100.0
2025-11-28 18:00:00,-1.8,-1.7,-1.7,-2.0,-3.2,91.0,8.2,12.1,161.0,154.0,996.8,0.0,0.0,,100.0
2025-11-28 19:00:00,-1.8,-1.6,,-1.9,,92.0,8.9,16.0,163.0,161.0,996.7,0.0,0.0,,100.0
2025-11-28 20:00:00,-1.3,-1.0,,-1.6,,89.0,12.4,16.9,183.0,177.0,997.0,0.0,0.0,,100.0
2025-11-28 21:00:00,-1.3,-1.1,-1.0,-1.7,-3.2,84.0,13.0,17.6,196.0,191.0,997.4,0.0,0.0,,100.0
2025-11-28 22:00:00,-1.8,-1.6,,-2.2,,85.0,11.8,16.4,200.0,200.0,998.2,0.0,0.0,,100.0
2025-11-28 23:00:00,-2.2,-2.1,,-2.4,,91.0,8.6,12.9,197.0,204.0,998.6,0.0,0.0,,
2025-11-29 00:00:00,-2.4,-2.0,-1.0,-2.5,-2.5,88.0,7.4,11.4,189.0,195.0,998.7,0.0,0.0,,100.0
2025-11-29 01:00:00,-1.9,-1.8,,-2.1,,75.0,6.6,11.3,170.0,179.0,998.5,0.0,0.0,,100.0
2025-11-29 02:00:00,-2.3,-1.8,,-3.1,,78.0,6.1,9.5,113.0,137.0,998.5,0.0,0.0,,90.0
2025-11-29 03:00:00,-3.0,-2.8,-1.0,-3.3,-3.3,86.0,7.3,10.5,115.0,115.0,998.0,0.0,0.0,,40.0
2025-11-29 04:00:00,-2.8,-2.4,,-3.3,,73.0,9.3,14.2,145.0,140.0,997.7,0.0,0.0,,100.0
2025-11-29 05:00:00,-2.4,-2.1,,-2.8,,66.0,12.5,18.3,149.0,149.0,996.5,0.0,0.0,,100.0
2025-11-29 06:00:00,-3.1,-2.5,-1.0,-3.7,-3.7,81.0,13.4,20.0,167.0,154.0,996.8,0.0,0.0,3.3,100.0
2025-11-29 07:00:00,-2.7,-2.3,,-3.0,,82.0,14.1,19.4,207.0,197.0,998.2,0.0,0.0,,100.0
2025-11-29 08:00:00,-3.2,-2.9,,-3.6,,80.0,11.7,16.0,223.0,214.0,999.9,0.0,0.0,,100.0
2025-11-29 09:00:00,-3.7,-3.5,-1.6,-4.0,-4.0,78.0,8.8,13.8,214.0,222.0,1001.2,0.0,0.0,,90.0
2025-11-29 10:00:00,-3.9,-3.8,,-4.0,,73.0,6.8,10.3,205.0,207.0,1001.9,0.0,0.0,,60.0
2025-11-29 11:00:00,-4.0,-3.8,,-4.4,,73.0,5.5,8.4,192.0,195.0,1002.2,0.0,0.0,,100.0
2025-11-29 12:00:00,-4.8,-4.2,-1.8,-5.2,-5.2,83.0,5.1,10.5,162.0,172.0,1002.4,0.0,0.1,,100.0
2025-11-29 13:00:00,-4.7,-4.3,,-5.2,,79.0,0.9,3.7,0.0,201.0,1001.7,0.0,0.0,,100.0
2025-11-29 14:00:00,-4.5,-4.1,,-5.6,,74.0,1.0,3.2,65.0,73.0,1001.1,0.0,0.0,,100.0
2025-11-29 15:00:00,-4.8,-4.4,-2.1,-5.2,-5.6,79.0,3.3,4.6,71.0,73.0,1000.3,2.0,0.0,,100.0
2025-11-29 16:00:00,-4.4,-4.2,,-4.7,,73.0,4.5,6.5,56.0,50.0,999.4,4.0,0.0,,75.0
2025-11-29 17:00:00,-4.2,-3.9,,-4.5,,70.0,5.3,7.9,53.0,53.0,998.1,2.0,0.0,,10.0
2025-11-29 18:00:00,-3.9,-3.8,-2.3,-4.1,-5.6,74.0,6.0,9.4,49.0,49.0,997.4,0.0,0.0,,40.0
2025-11-29 19:00:00,-4.1,-3.8,,-4.8,,71.0,5.7,8.1,81.0,56.0,996.6,0.0,0.0,,100.0
2025-11-29 20:00:00,-5.2,-4.7,,-6.0,,74.0,4.6,6.0,95.0,81.0,996.1,0.0,0.0,,100.0
2025-11-29 21:00:00,-5.6,-5.4,-3.7,-5.9,-6.0,74.0,3.6,4.8,91.0,88.0,995.6,0.0,0.0,,100.0
2025-11-29 22:00:00,-5.3,-4.9,,-5.9,,75.0,4.0,5.9,76.0,81.0,995.2,0.0,0.0,,100.0
2025-11-29 23:00:00,-4.9,-4.4,,-5.4,,66.0,3.9,5.9,112.0,103.0,995.0,0.0,0.0,,100.0
2025-11-30 00:00:00,-5.1,-4.5,-3.7,-5.7,-6.0,65.0,3.5,5.4,153.0,136.0,995.1,0.0,0.0,,100.0
2025-11-30 01:00:00,-4.6,-4.5,,-4.9,,66.0,5.8,9.3,160.0,165.0,994.6,0.0,0.0,,100.0
2025-11-30 02:00:00,-4.3,-4.0,,-4.6,,69.0,5.6,9.3,157.0,158.0,994.7,0.0,0.0,,100.0
2025-11-30 03:00:00,-4.0,-3.9,-3.7,-4.1,-6.0,72.0,6.8,10.1,168.0,165.0,994.6,0.0,0.0,,100.0
2025-11-30 04:00:00,-4.3,-4.0,,-4.7,,71.0,6.1,8.7,132.0,149.0,994.8,0.0,0.0,,100.0
2025-11-30 05:00:00,-4.8,-4.1,,-5.3,,70.0,7.3,13.5,156.0,140.0,994.4,0.0,0.0,,10.0
2025-11-30 06:00:00,-4.6,-4.3,-3.8,-4.9,-6.0,73.0,9.8,14.5,146.0,148.0,994.5,0.0,0.0,0.0,90.0
2025-11-30 07:00:00,-4.8,-4.5,,-5.1,,87.0,11.0,15.3,152.0,151.0,995.2,0.0,0.0,,100.0
2025-11-30 08:00:00,-4.2,-3.6,,-4.8,,86.0,7.2,12.6,233.0,216.0,996.5,0.0,0.3,,100.0
2025-11-30 09:00:00,-3.8,-3.5,-3.5,-3.9,-5.9,68.0,7.0,10.2,209.0,207.0,997.1,0.0,0.0,,100.0
2025-11-30 10:00:00,-4.5,-3.9,,-5.0,,78.0,7.9,13.4,230.0,209.0,998.3,0.0,0.0,,60.0
2025-11-30 11:00:00,-5.2,-4.9,,-5.6,,86.0,5.2,12.9,172.0,208.0,998.4,0.0,0.3,,
2025-11-30 12:00:00,-5.6,-5.2,-3.5,-6.1,-6.1,90.0,8.0,14.6,204.0,198.0,999.1,0.0,0.4,,100.0
2025-11-30 13:00:00,-5.3,-4.9,,-6.0,,86.0,7.3,12.6,202.0,201.0,999.6,0.0,0.2,,
2025-11-30 14:00:00,-5.6,-5.4,,-5.9,,87.0,5.5,8.7,213.0,202.0,999.9,0.0,0.1,,100.0
2025-11-30 15:00:00,-5.8,-5.7,-3.5,-5.9,-6.1,86.0,7.1,10.9,188.0,194.0,999.9,1.0,0.0,,90.0
2025-11-30 16:00:00,-6.1,-5.7,,-6.3,,90.0,9.2,12.3,167.0,173.0,1000.1,3.0,0.0,,90.0
2025-11-30 17:00:00,-5.7,-5.4,,-6.2,,88.0,7.3,12.9,162.0,165.0,1000.6,2.0,0.0,,100.0
2025-11-30 18:00:00,-5.6,-5.3,-3.5,-5.9,-6.3,84.0,8.4,11.3,170.0,171.0,1001.0,0.0,0.0,,0.0
2025-11-30 19:00:00,-6.0,-5.7,,-6.2,,86.0,8.3,11.6,209.0,185.0,1001.9,0.0,0.0,,100.0
2025-11-30 20:00:00,-6.7,-6.1,,-7.4,,91.0,4.3,7.5,165.0,199.0,1002.3,0.0,0.1,,60.0
2025-11-30 21:00:00,-6.4,-6.0,-3.9,-6.7,-7.4,89.0,5.0,8.6,161.0,163.0,1002.9,0.0,0.2,,100.0
2025-11-30 22:00:00,-6.2,-6.0,,-6.4,,90.0,6.5,11.3,173.0,172.0,1003.0,0.0,0.1,,100.0
2025-11-30 23:00:00,-6.4,-6.2,,-6.6,,92.0,8.5,12.3,194.0,190.0,1003.4,0.0,0.3,,100.0
2025-12-01 00:00:00,-6.2,-5.8,-4.9,-6.4,-7.4,87.0,7.4,11.5,208.0,199.0,1004.0,0.0,0.2,,90.0
2025-12-01 01:00:00,-5.9,-5.6,,-6.2,,81.0,8.4,11.5,192.0,195.0,1003.6,0.0,0.0,,10.0
2025-12-01 02:00:00,-5.6,-5.5,,-5.8,,73.0,9.7,12.6,194.0,195.0,1004.4,0.0,0.0,,75.0
2025-12-01 03:00:00,-6.0,-5.6,-5.3,-6.5,-7.4,78.0,8.1,12.5,175.0,200.0,1005.0,0.0,0.0,,75.0
2025-12-01 04:00:00,-6.0,-5.9,,-6.2,,78.0,8.7,13.3,170.0,168.0,1004.9,0.0,0.0,,60.0
2025-12-01 05:00:00,-6.3,-6.0,,-6.5,,78.0,10.7,14.8,180.0,177.0,1005.4,0.0,0.0,,10.0
2025-12-01 06:00:00,-6.9,-6.5,-5.5,-7.3,-7.4,91.0,11.9,17.0,185.0,183.0,1005.7,0.0,0.5,2.5,90.0
2025-12-01 07:00:00,-6.6,-6.2,,-7.0,,77.0,10.9,15.3,180.0,182.0,1007.0,0.0,0.0,,0.0
2025-12-01 08:00:00,-6.3,-6.0,,-6.8,,70.0,10.2,15.0,173.0,177.0,1007.2,0.0,0.0,,40.0
2025-12-01 10:00:00,-6.6,-6.4,,-6.8,,70.0,10.5,14.2,170.0,170.0,1008.2,0.0,0.0,,90.0
2025-12-01 11:00:00,-6.8,-6.7,,-7.0,,70.0,11.3,15.8,162.0,169.0,1008.5,0.0,0.0,,10.0
2025-12-01 12:00:00,-6.9,-6.8,-5.5,-7.1,-7.3,77.0,10.0,15.7,160.0,160.0,1008.7,0.0,,,100.0
2025-12-01 13:00:00,-6.9,-6.7,,-7.1,,86.0,11.5,15.6,172.0,169.0,1009.3,0.0,0.4,,
2025-12-01 14:00:00,-6.8,-6.4,,-7.0,,93.0,9.8,13.1,174.0,174.0,1010.0,0.0,0.6,,100.0
2025-12-01 15:00:00,-6.7,-6.2,-5.9,-6.9,-7.3,90.0,10.2,13.6,177.0,176.0,1010.6,2.0,0.0,,90.0
2025-12-01 16:00:00,-6.9,-6.8,,-7.1,,87.0,8.5,11.3,168.0,170.0,1011.0,5.0,0.0,,90.0
2025-12-01 17:00:00,-7.0,-6.9,,-7.1,,80.0,6.9,9.6,159.0,165.0,1011.3,1.0,0.0,,0.0
2025-12-01 18:00:00,-7.1,-6.9,-6.0,-7.3,-7.3,78.0,6.2,10.2,157.0,161.0,1011.4,0.0,0.0,,0.0
2025-12-01 19:00:00,-7.3,-7.1,,-7.6,,76.0,5.6,7.9,155.0,158.0,1011.4,0.0,0.0,,0.0
2025-12-01 20:00:00,-7.8,-7.3,,-9.2,,76.0,5.2,6.9,148.0,152.0,1011.6,0.0,0.0,,0.0
2025-12-01 21:00:00,-8.8,-8.2,-6.2,-9.1,-9.2,76.0,4.3,6.4,148.0,145.0,1011.6,0.0,0.0,,0.0
2025-12-01 22:00:00,-8.8,-8.4,,-9.5,,77.0,5.1,7.8,119.0,130.0,1011.5,0.0,0.0,,0.0
2025-12-01 23:00:00,-9.3,-8.9,,-9.9,,80.0,4.1,5.6,101.0,108.0,1011.4,0.0,0.0,,0.0
2025-12-02 00:00:00,-9.8,-9.5,-6.2,-10.2,-10.2,76.0,4.9,6.3,88.0,89.0,1011.0,0.0,0.0,,0.0
2025-12-02 01:00:00,-9.7,-8.9,,-10.4,,72.0,4.0,5.9,94.0,93.0,1010.6,0.0,0.0,,0.0
2025-12-02 02:00:00,-9.0,-8.6,,-9.3,,69.0,4.2,5.5,82.0,87.0,1009.9,0.0,0.0,,0.0
2025-12-02 03:00:00,-8.8,-8.5,-6.8,-9.1,-10.4,72.0,4.1,5.3,83.0,80.0,1009.2,0.0,0.0,,0.0
2025-12-02 04:00:00,-8.0,-7.3,,-9.1,,65.0,5.6,9.6,49.0,58.0,1008.4,0.0,0.0,,0.0
2025-12-02 05:00:00,-7.5,-7.3,,-7.8,,62.0,7.5,10.7,41.0,47.0,1007.5,0.0,0.0,,0.0
2025-12-02 06:00:00,-7.6,-7.3,-7.1,-7.8,-10.4,64.0,8.8,12.5,40.0,37.0,1006.5,0.0,0.0,,0.0
2025-12-02 07:00:00,-7.7,-7.4,,-8.0,,68.0,9.0,14.0,34.0,39.0,1005.6,0.0,0.0,,0.0
2025-12-02 08:00:00,-7.6,-7.4,,-7.9,,68.0,10.1,14.8,36.0,34.0,1004.8,0.0,,,0.0
2025-12-02 09:00:00,-8.0,-7.9,-7.3,-8.3,-10.4,68.0,9.9,14.9,42.0,36.0,1004.1,0.0,0.0,,0.0
2025-12-02 10:00:00,-8.6,-8.2,,-9.1,,67.0,9.1,14.5,52.0,45.0,1003.7,0.0,0.0,,0.0
2025-12-02 11:00:00,-9.0,-8.7,,-9.2,,62.0,7.8,11.6,50.0,45.0,1003.0,0.0,0.0,,0.0
2025-12-02 12:00:00,-9.9,-9.0,-7.3,-11.3,-11.3,69.0,5.0,9.6,133.0,76.0,1002.7,0.0,0.0,,0.0
2025-12-02 13:00:00,-11.6,-11.0,,-12.4,,70.0,3.4,4.9,109.0,113.0,1002.2,0.0,0.0,,0.0
2025-12-02 14:00:00,-12.0,-11.4,,-12.7,,70.0,3.1,4.4,104.0,111.0,1001.8,0.0,0.0,,0.0
2025-12-02 15:00:00,-11.6,-10.9,-7.3,-12.3,-12.7,68.0,4.6,6.7,90.0,80.0,1001.5,5.0,0.0,,0.0
2025-12-02 16:00:00,-10.5,-10.2,,-10.9,,61.0,5.0,7.8,97.0,95.0,1000.8,4.0,0.0,,0.0
2025-12-02 17:00:00,-10.1,-10.0,,-10.3,,61.0,4.2,6.6,91.0,93.0,1000.2,1.0,0.0,,0.0
2025-12-02 18:00:00,-10.2,-9.7,-7.4,-11.0,-12.7,63.0,3.8,5.6,90.0,95.0,999.9,0.0,0.0,,
2025-12-02 19:00:00,-9.7,-9.2,,-10.4,,59.0,4.3,5.9,85.0,87.0,999.4,0.0,0.0,,
2025-12-02 20:00:00,-9.3,-8.9,,-9.7,,61.0,2.9,4.6,97.0,97.0,999.0,0.0,0.0,,0.0
2025-12-02 21:00:00,-7.9,-7.1,-7.1,-9.0,-12.7,58.0,5.2,8.6,45.0,49.0,998.3,0.0,0.0,,0.0
2025-12-02 22:00:00,-7.7,-7.1,,-8.6,,57.0,5.0,7.7,81.0,67.0,998.1,0.0,0.0,,0.0
2025-12-02 23:00:00,-7.8,-7.4,,-8.4,,58.0,4.9,6.6,68.0,71.0,997.5,0.0,0.0,,0.0
2025-12-03 00:00:00,-6.8,-6.4,-6.4,-7.4,-12.7,54.0,5.6,8.1,68.0,64.0,996.9,0.0,0.0,,0.0
2025-12-03 01:00:00,-6.1,-5.4,,-6.4,,61.0,5.1,7.6,59.0,67.0,996.5,0.0,0.0,,0.0
2025-12-03 02:00:00,-5.5,-5.2,,-5.8,,62.0,4.9,7.5,68.0,68.0,996.1,0.0,0.0,,0.0
2025-12-03 03:00:00,-4.7,-4.2,-4.2,-5.3,-11.0,61.0,5.6,8.1,70.0,73.0,996.2,0.0,0.0,,0.0
2025-12-03 04:00:00,-4.1,-3.6,,-4.5,,61.0,5.7,8.4,57.0,65.0,995.6,0.0,0.0,,75.0
2025-12-03 05:00:00,-3.6,-3.3,,-3.8,,61.0,5.1,7.4,61.0,64.0,995.6,0.0,0.0,,25.0
2025-12-03 06:00:00,-3.6,-3.1,-3.1,-4.4,-10.4,58.0,4.6,6.6,89.0,74.0,995.6,0.0,0.0,,40.0
2025-12-03 07:00:00,-3.3,-2.6,,-4.1,,57.0,4.3,5.8,75.0,74.0,996.1,0.0,0.0,,0.0
2025-12-03 08:00:00,-3.1,-2.1,,-4.0,,60.0,3.6,5.1,80.0,72.0,996.3,0.0,0.0,,10.0
2025-12-03 09:00:00,-2.8,-1.8,-1.8,-3.4,-8.6,60.0,3.6,4.8,47.0,68.0,996.4,0.0,0.0,,0.0
2025-12-03 10:00:00,-2.4,-1.8,,-3.6,,60.0,4.3,6.4,52.0,67.0,996.5,0.0,0.0,,10.0
2025-12-03 11:00:00,-1.5,-1.2,,-1.9,,61.0,3.7,5.5,51.0,52.0,996.4,0.0,0.0,,0.0
2025-12-03 12:00:00,-1.5,-1.1,-1.1,-2.1,-6.4,62.0,4.4,6.3,65.0,64.0,996.7,0.0,0.0,,0.0
2025-12-03 13:00:00,-2.3,-1.6,,-2.9,,67.0,3.2,5.8,86.0,81.0,997.0,0.0,0.0,,75.0
2025-12-03 14:00:00,-2.2,-1.5,,-2.7,,63.0,3.1,5.5,103.0,90.0,997.3,0.0,0.0,,10.0
2025-12-03 15:00:00,-2.1,-1.1,-1.1,-2.8,-4.5,64.0,3.8,5.7,61.0,81.0,997.5,0.0,0.0,,0.0
2025-12-03 16:00:00,-2.1,-1.6,,-2.7,,66.0,4.1,6.7,87.0,77.0,997.6,0.0,0.0,,50.0
2025-12-03 17:00:00,-1.8,-1.6,,-2.1,,65.0,5.4,7.2,82.0,84.0,997.7,0.0,0.0,,0.0
2025-12-03 18:00:00,-1.8,-1.4,-1.1,-2.1,-4.1,62.0,5.4,7.7,98.0,91.0,997.7,0.0,0.0,,10.0
2025-12-03 19:00:00,-1.9,-1.0,,-2.6,,63.0,4.1,5.7,97.0,104.0,997.9,0.0,0.0,,0.0
2025-12-03 20:00:00,-1.9,-1.3,,-2.6,,63.0,4.1,6.7,118.0,111.0,998.0,0.0,0.0,,0.0
2025-12-03 21:00:00,-1.5,-1.2,-1.0,-2.1,-3.6,59.0,4.5,6.0,134.0,129.0,998.4,0.0,0.0,,10.0
2025-12-03 22:00:00,-1.8,-1.2,,-2.5,,63.0,4.4,5.9,129.0,130.0,998.7,0.0,0.0,,0.0
2025-12-03 23:00:00,-2.0,-1.6,,-2.4,,64.0,4.6,5.7,128.0,130.0,998.7,0.0,0.0,,0.0
2025-12-04 00:00:00,-2.0,-1.7,-1.0,-2.8,-2.9,62.0,4.5,6.1,128.0,125.0,998.7,0.0,0.0,,0.0
2025-12-04 01:00:00,-1.6,-1.3,,-2.3,,58.0,4.7,6.9,121.0,126.0,998.9,0.0,0.0,,25.0
2025-12-04 02:00:00,-1.8,-1.1,,-2.8,,61.0,4.1,5.9,128.0,133.0,999.0,0.0,0.0,,25.0
2025-12-04 03:00:00,-1.5,-0.9,-0.9,-2.6,-2.8,61.0,3.8,5.2,148.0,138.0,999.1,0.0,0.0,,40.0
2025-12-04 04:00:00,-1.6,-0.7,,-2.3,,66.0,4.4,5.8,176.0,164.0,999.9,0.0,0.0,,50.0
2025-12-04 05:00:00,-1.8,-1.0,,-2.3,,75.0,4.3,7.5,230.0,201.0,1001.0,0.0,0.0,,100.0
2025-12-04 06:00:00,-1.6,-1.0,-0.7,-2.9,-2.9,81.0,7.6,14.6,231.0,230.0,1002.4,0.0,0.0,0.0,90.0
2025-12-04 07:00:00,-3.4,-3.0,,-3.7,,88.0,9.0,14.1,231.0,235.0,1003.7,0.0,0.0,,100.0
2025-12-04 08:00:00,-3.9,-3.7,,-4.2,,84.0,8.0,13.1,231.0,232.0,1004.7,0.0,0.0,,100.0
2025-12-04 09:00:00,-4.5,-4.2,-0.7,-4.7,-4.7,86.0,5.9,10.9,231.0,232.0,1005.7,0.0,0.1,,100.0
2025-12-04 10:00:00,-4.7,-4.5,,-4.8,,85.0,5.6,9.5,235.0,227.0,1006.3,0.0,0.1,,100.0
2025-12-04 11:00:00,-4.7,-4.5,,-5.0,,83.0,4.5,8.1,229.0,230.0,1006.7,0.0,0.1,,100.0
2025-12-04 12:00:00,-5.0,-4.9,-0.7,-5.2,-5.2,83.0,2.6,5.7,194.0,223.0,1006.8,0.0,0.0,,100.0
2025-12-04 13:00:00,-4.9,-4.5,,-5.3,,79.0,2.8,6.0,231.0,226.0,1007.0,0.0,0.0,,100.0
2025-12-04 14:00:00,-5.1,-4.7,,-5.6,,74.0,0.9,3.0,190.0,221.0,1006.7,0.0,0.0,,100.0
2025-12-04 15:00:00,-5.4,-4.9,-0.7,-5.6,-5.6,74.0,1.2,3.3,142.0,137.0,1006.6,1.0,0.0,,100.0
2025-12-04 16:00:00,-4.8,-4.6,,-5.1,,69.0,0.0,1.5,147.0,0.0,1006.3,1.0,0.0,,100.0
2025-12-04 17:00:00,-5.2,-4.9,,-5.8,,75.0,0.4,2.3,129.0,133.0,1005.7,0.0,0.0,,90.0
2025-12-04 18:00:00,-5.4,-5.1,-3.0,-5.7,-5.8,79.0,0.2,1.5,0.0,136.0,1005.2,0.0,0.0,,75.0
2025-12-04 19:00:00,-5.3,-4.3,,-5.7,,73.0,0.4,3.4,32.0,32.0,1005.0,0.0,0.0,,10.0
2025-12-04 21:00:00,-4.2,-4.0,-4.0,-4.4,-5.8,61.0,3.4,5.3,337.0,354.0,1004.3,0.0,0.0,,0.0
2025-12-04 22:00:00,-4.2,-4.1,,-4.4,,62.0,3.3,5.3,334.0,335.0,1004.0,0.0,0.0,,0.0
2025-12-04 23:00:00,-4.1,-4.0,,-4.3,,61.0,1.3,3.2,316.0,326.0,1003.9,0.0,0.0,,0.0
2025-12-05 00:00:00,-4.6,-4.0,-4.0,-5.1,-5.8,64.0,0.2,1.9,0.0,306.0,1004.1,0.0,0.0,,0.0
2025-12-05 01:00:00,-5.0,-4.7,,-5.3,,68.0,0.0,0.5,0.0,0.0,1004.2,0.0,0.0,,10.0
2025-12-05 02:00:00,-5.2,-4.9,,-5.4,,76.0,0.0,0.0,0.0,0.0,1004.4,0.0,0.0,,0.0
2025-12-05 03:00:00,-5.1,-4.7,-4.0,-5.4,-5.8,84.0,0.1,0.8,0.0,214.0,1004.7,0.0,0.0,,0.0
2025-12-05 04:00:00,-4.7,-4.1,,-5.1,,73.0,0.0,0.4,0.0,0.0,1004.8,0.0,0.0,,0.0
2025-12-05 05:00:00,-4.7,-4.4,,-4.9,,75.0,0.0,0.0,0.0,0.0,1005.2,0.0,0.0,,0.0
2025-12-05 06:00:00,-5.1,-4.8,-4.0,-5.5,-5.7,78.0,0.0,0.0,0.0,0.0,1005.5,0.0,0.0,0.2,0.0
2025-12-05 07:00:00,-5.3,-4.9,,-5.7,,81.0,0.0,0.0,0.0,0.0,1005.9,0.0,0.0,,10.0
2025-12-05 08:00:00,-5.1,-4.9,,-5.4,,86.0,0.1,1.3,0.0,203.0,1006.2,0.0,0.0,,0.0
2025-12-05 09:00:00,-5.3,-5.1,-4.0,-5.6,-5.7,82.0,0.0,0.4,0.0,0.0,1006.6,0.0,0.0,,0.0
2025-12-05 10:00:00,-5.8,-5.0,,-6.3,,83.0,1.4,2.5,106.0,118.0,1007.0,0.0,0.0,,0.0
2025-12-05 11:00:00,-4.5,-4.3,,-4.9,,83.0,2.4,4.7,72.0,85.0,1007.0,0.0,0.0,,0.0
2025-12-05 12:00:00,-4.8,-4.2,-4.1,-5.3,-6.2,87.0,4.3,5.7,65.0,68.0,1007.0,0.0,0.0,,0.0
2025-12-05 13:00:00,-4.0,-3.6,,-4.3,,88.0,4.7,6.2,66.0,66.0,1006.9,0.0,0.0,,0.0
2025-12-05 14:00:00,-2.7,-2.0,,-3.6,,84.0,4.9,7.3,56.0,57.0,1006.7,0.0,0.0,,0.0
2025-12-05 15:00:00,-2.6,-2.0,-2.0,-3.0,-6.2,83.0,4.2,7.1,50.0,60.0,1006.6,0.0,0.0,,0.0
2025-12-05 16:00:00,-2.5,-2.4,,-2.8,,83.0,4.6,6.7,61.0,59.0,1006.6,1.0,0.0,,0.0
2025-12-05 17:00:00,-2.8,-2.3,,-3.2,,89.0,3.2,5.5,64.0,65.0,1006.4,0.0,0.0,,0.0
2025-12-05 18:00:00,-2.3,-1.7,-1.7,-2.9,-6.2,86.0,4.3,6.3,60.0,62.0,1006.1,0.0,0.0,,0.0
2025-12-05 19:00:00,-2.1,-1.7,,-2.4,,83.0,4.7,6.9,73.0,62.0,1005.9,0.0,0.0,,0.0
2025-12-05 20:00:00,-2.4,-2.1,,-2.8,,74.0,4.2,7.4,68.0,74.0,1005.7,0.0,0.0,,0.0
2025-12-05 21:00:00,-2.6,-1.8,-1.7,-3.6,-6.2,72.0,4.9,7.2,79.0,70.0,1005.3,0.0,0.0,,0.0
2025-12-05 22:00:00,-3.4,-2.8,,-3.6,,67.0,4.5,6.4,57.0,71.0,1004.8,0.0,0.0,,0.0
2025-12-05 23:00:00,-2.9,-2.3,,-3.9,,68.0,5.3,7.6,71.0,59.0,1004.5,0.0,0.0,,0.0
2025-12-06 00:00:00,-3.7,-3.5,-1.7,-4.3,-4.3,65.0,5.3,7.5,91.0,73.0,1004.6,0.0,0.0,,0.0
2025-12-06 01:00:00,-4.1,-3.6,,-4.6,,57.0,4.7,6.3,81.0,83.0,1004.9,0.0,0.0,,0.0
2025-12-06 02:00:00,-4.3,-3.9,,-4.7,,59.0,5.8,7.9,68.0,78.0,1004.5,0.0,0.0,,0.0
2025-12-06 03:00:00,-4.4,-3.8,-1.7,-4.9,-4.9,61.0,4.8,6.8,67.0,76.0,1004.8,0.0,0.0,,0.0
2025-12-06 04:00:00,-4.2,-3.8,,-4.7,,55.0,5.5,7.4,53.0,64.0,1004.4,0.0,0.0,,0.0
2025-12-06 05:00:00,-3.6,-3.2,,-3.9,,53.0,5.8,8.4,65.0,62.0,1004.3,0.0,0.0,,0.0
2025-12-06 06:00:00,-3.2,-3.0,-1.7,-3.7,-4.9,52.0,4.6,8.3,79.0,70.0,1004.2,0.0,0.0,0.0,0.0
2025-12-06 07:00:00,-3.2,-2.9,,-3.5,,49.0,5.9,8.6,107.0,95.0,1003.7,0.0,0.0,,0.0
2025-12-06 08:00:00,-4.4,-3.1,,-5.2,,54.0,5.0,7.7,79.0,96.0,1003.9,0.0,0.0,,0.0
2025-12-06 09:00:00,-4.9,-4.1,-2.3,-5.9,-5.9,58.0,4.5,6.4,67.0,69.0,1003.9,0.0,0.0,,0.0
2025-12-06 10:00:00,-5.8,-5.0,,-6.9,,62.0,4.2,7.6,109.0,83.0,1004.0,0.0,0.0,,0.0
2025-12-06 11:00:00,-6.3,-5.6,,-6.8,,64.0,3.4,5.4,113.0,99.0,1004.3,0.0,0.0,,0.0
2025-12-06 12:00:00,-6.6,-5.5,-2.9,-7.4,-7.4,59.0,1.9,3.8,5.0,132.0,1004.3,0.0,0.0,,0.0
2025-12-06 13:00:00,-6.3,-4.4,,-7.8,,59.0,2.3,4.5,110.0,87.0,1004.9,0.0,0.0,,0.0
2025-12-06 14:00:00,-6.7,-5.8,,-7.8,,64.0,2.7,3.9,74.0,103.0,1005.2,0.0,0.0,,0.0
2025-12-06 15:00:00,-6.6,-5.8,-2.9,-7.2,-7.7,64.0,2.9,4.3,109.0,87.0,1005.8,1.0,0.0,,0.0
2025-12-06 16:00:00,-7.1,-5.9,,-7.9,,66.0,2.0,3.5,118.0,132.0,1005.8,2.0,0.0,,0.0
2025-12-06 17:00:00,-5.6,-5.1,,-6.7,,57.0,1.8,3.0,66.0,73.0,1006.2,1.0,0.0,,0.0
2025-12-06 18:00:00,-6.0,-5.1,-2.9,-7.0,-7.9,66.0,2.5,3.6,86.0,77.0,1006.9,0.0,0.0,,0.0
2025-12-06 19:00:00,-6.0,-5.6,,-6.3,,70.0,1.8,2.4,95.0,87.0,1007.2,0.0,0.0,,100.0
2025-12-06 20:00:00,-5.4,-4.7,,-6.0,,77.0,1.8,2.8,84.0,85.0,1007.5,0.0,0.0,,10.0
2025-12-06 21:00:00,-4.9,-4.2,-4.2,-5.7,-7.9,77.0,2.5,3.2,72.0,74.0,1007.8,0.0,0.0,,0.0
2025-12-06 22:00:00,-5.5,-4.6,,-6.4,,78.0,4.0,4.9,77.0,72.0,1008.1,0.0,0.0,,0.0
2025-12-06 23:00:00,-5.8,-5.1,,-6.4,,76.0,3.6,4.4,70.0,80.0,1008.4,0.0,0.0,,0.0
2025-12-07 00:00:00,-4.6,-4.4,-4.2,-5.1,-7.9,67.0,4.7,7.0,52.0,53.0,1008.5,0.0,0.0,,0.0
2025-12-07 01:00:00,-4.6,-4.4,,-4.7,,61.0,5.6,7.7,45.0,46.0,1008.5,0.0,0.0,,0.0
2025-12-07 02:00:00,-4.4,-4.2,,-4.6,,60.0,6.3,8.9,39.0,42.0,1008.3,0.0,0.0,,0.0
2025-12-07 03:00:00,-4.4,-4.2,-4.2,-4.5,-7.9,60.0,6.1,8.9,49.0,46.0,1008.4,0.0,0.0,,0.0
2025-12-07 04:00:00,-4.4,-4.3,,-4.6,,65.0,4.9,7.1,64.0,57.0,1008.8,0.0,0.0,,0.0
2025-12-07 05:00:00,-4.3,-4.0,,-4.7,,66.0,4.8,6.7,49.0,55.0,1008.7,0.0,0.0,,0.0
2025-12-07 06:00:00,-4.1,-3.9,-3.9,-4.3,-6.4,64.0,5.5,8.2,44.0,47.0,1009.1,0.0,0.0,0.0,0.0
2025-12-07 07:00:00,-3.9,-3.7,,-4.1,,66.0,6.3,8.8,45.0,43.0,1009.2,0.0,0.0,,0.0
2025-12-07 08:00:00,-3.7,-3.5,,-3.9,,68.0,6.7,9.3,43.0,45.0,1009.0,0.0,0.0,,0.0
2025-12-07 09:00:00,-3.4,-3.3,-3.3,-3.6,-6.4,65.0,6.7,9.7,47.0,45.0,1009.3,0.0,0.0,,0.0
2025-12-07 10:00:00,-3.4,-3.3,,-3.6,,71.0,6.6,9.3,42.0,45.0,1009.4,0.0,0.0,,0.0
2025-12-07 11:00:00,-3.4,-3.2,,-3.5,,70.0,6.2,8.5,46.0,45.0,1009.6,0.0,0.0,,0.0
2025-12-07 12:00:00,-3.3,-3.1,-3.1,-3.5,-4.7,70.0,5.5,7.6,48.0,46.0,1009.8,0.0,0.0,,0.0
2025-12-07 13:00:00,-3.0,-2.8,,-3.1,,68.0,5.6,7.6,49.0,48.0,1009.8,0.0,0.0,,0.0
2025-12-07 14:00:00,-2.8,-2.6,,-3.0,,72.0,5.8,8.0,46.0,46.0,1009.7,0.0,0.0,,0.0
2025-12-07 15:00:00,-2.6,-2.3,-2.3,-2.9,-4.7,76.0,5.7,7.7,49.0,49.0,1009.5,2.0,0.0,,0.0
2025-12-07 16:00:00,-2.3,-2.1,,-2.4,,75.0,5.6,8.0,45.0,46.0,1009.2,3.0,0.0,,0.0
2025-12-07 17:00:00,-2.1,-2.0,,-2.3,,76.0,6.0,7.8,43.0,44.0,1009.2,1.0,0.0,,0.0
2025-12-07 18:00:00,-2.1,-1.9,-1.9,-2.2,-4.1,78.0,6.2,8.2,43.0,42.0,1009.1,0.0,0.0,,0.0
2025-12-07 19:00:00,-1.9,-1.7,,-2.1,,79.0,6.1,8.1,43.0,43.0,1009.0,0.0,0.0,,0.0
2025-12-07 20:00:00,-1.6,-1.3,,-1.8,,80.0,5.8,7.8,44.0,43.0,1009.0,0.0,0.0,,0.0
2025-12-07 21:00:00,-1.2,-1.1,-1.1,-1.4,-3.6,78.0,6.2,8.3,36.0,41.0,1008.8,0.0,0.0,,0.0
2025-12-07 22:00:00,-1.2,-0.8,,-1.5,,81.0,6.8,9.4,51.0,46.0,1008.5,0.0,0.0,,0.0
2025-12-07 23:00:00,-1.0,-0.9,,-1.4,,79.0,6.6,9.1,37.0,42.0,1008.1,0.0,0.0,,0.0
2025-12-08 00:00:00,-0.9,-0.6,-0.6,-1.2,-3.1,80.0,5.8,8.6,35.0,34.0,1007.9,0.0,0.0,,0.0
2025-12-08 01:00:00,-0.9,-0.6,,-1.2,,77.0,6.1,10.1,32.0,34.0,1007.2,0.0,0.0,,0.0
2025-12-08 02:00:00,-0.9,-0.7,,-1.2,,76.0,7.3,11.3,42.0,35.0,1006.9,0.0,0.0,,0.0
2025-12-08 03:00:00,-0.9,-0.9,-0.6,-1.1,-2.4,75.0,6.8,11.0,38.0,42.0,1006.3,0.0,0.0,,0.0
2025-12-08 04:00:00,-0.9,-0.7,,-1.2,,76.0,8.8,12.1,38.0,38.0,1006.3,0.0,0.0,,0.0
2025-12-08 05:00:00,-1.1,-0.6,,-1.4,,77.0,7.5,11.1,32.0,35.0,1005.8,0.0,0.0,,0.0
2025-12-08 06:00:00,-0.9,-0.6,-0.6,-1.4,-2.1,77.0,7.7,11.2,36.0,32.0,1005.8,0.0,0.0,0.0,0.0
2025-12-08 07:00:00,-1.1,-0.8,,-1.4,,77.0,8.5,12.3,31.0,32.0,1005.5,0.0,0.0,,0.0
2025-12-08 08:00:00,-1.2,-1.1,,-1.3,,78.0,8.5,12.7,35.0,32.0,1005.3,0.0,0.0,,0.0
2025-12-08 09:00:00,-1.1,-0.8,-0.6,-1.4,-1.5,76.0,9.0,13.7,39.0,35.0,1005.0,0.0,0.0,,0.0
2025-12-08 10:00:00,-1.2,-0.9,,-1.4,,77.0,8.9,13.6,35.0,36.0,1005.1,0.0,0.0,,0.0
2025-12-08 11:00:00,-0.9,-0.7,,-1.1,,73.0,8.9,12.3,32.0,32.0,1004.9,0.0,0.0,,0.0
2025-12-08 12:00:00,-1.4,-1.1,-0.6,-1.7,-1.7,75.0,8.5,12.5,32.0,32.0,1005.0,0.0,0.0,,0.0
2025-12-08 13:00:00,-1.4,-1.1,,-1.9,,76.0,7.3,11.6,41.0,36.0,1004.7,0.0,0.0,,0.0
2025-12-08 14:00:00,-1.6,-1.3,,-1.8,,75.0,7.6,11.4,31.0,39.0,1004.7,0.0,0.0,,0.0
2025-12-08 15:00:00,-1.5,-1.3,-0.6,-1.7,-1.9,76.0,7.4,12.8,34.0,32.0,1004.6,0.0,0.0,,0.0
2025-12-08 16:00:00,-1.4,-1.1,,-1.7,,76.0,7.8,12.6,31.0,28.0,1004.0,1.0,0.0,,0.0
2025-12-08 17:00:00,-1.5,-1.3,,-1.6,,76.0,8.2,13.2,30.0,28.0,1003.9,0.0,0.0,,0.0
2025-12-08 18:00:00,-1.4,-1.1,-0.7,-1.6,-1.9,72.0,6.6,10.5,47.0,37.0,1003.4,0.0,0.0,,0.0
2025-12-08 19:00:00,-1.4,-1.1,,-1.8,,73.0,6.0,11.0,34.0,38.0,1003.5,0.0,0.0,,0.0
2025-12-08 20:00:00,-1.8,-1.5,,-2.0,,68.0,8.4,13.7,43.0,47.0,1002.8,0.0,0.0,,0.0
2025-12-08 21:00:00,-2.2,-1.6,-0.7,-2.6,-2.6,68.0,11.2,16.3,31.0,40.0,1002.3,0.0,0.0,,0.0
2025-12-08 22:00:00,-2.8,-2.4,,-3.3,,73.0,11.9,17.3,35.0,36.0,1002.2,0.0,0.0,,0.0
2025-12-08 23:00:00,-3.2,-3.0,,-3.5,,71.0,10.8,16.9,42.0,45.0,1001.7,0.0,0.0,,0.0
2025-12-09 00:00:00,-4.0,-3.6,-1.1,-4.4,-4.4,72.0,11.0,15.9,35.0,36.0,1001.2,0.0,0.0,,0.0
2025-12-09 01:00:00,-4.1,-3.7,,-4.4,,69.0,11.4,16.7,38.0,39.0,1000.8,0.0,0.0,,0.0
2025-12-09 02:00:00,-4.1,-3.8,,-4.4,,70.0,11.3,15.8,33.0,32.0,1000.9,0.0,0.0,,0.0
2025-12-09 03:00:00,-4.0,-3.6,-1.1,-4.4,-4.4,70.0,11.3,17.2,33.0,33.0,1000.3,0.0,0.0,,0.0
2025-12-09 04:00:00,-3.4,-3.1,,-3.6,,70.0,10.2,15.0,31.0,33.0,1000.0,0.0,0.0,,0.0
2025-12-09 05:00:00,-2.4,-1.8,,-3.1,,67.0,9.3,13.8,34.0,34.0,999.3,0.0,0.0,,0.0
2025-12-09 06:00:00,-1.8,-1.4,-1.1,-2.1,-4.4,65.0,8.5,14.2,36.0,36.0,999.4,0.0,0.0,0.0,0.0
2025-12-09 07:00:00,-1.3,-1.1,,-1.6,,61.0,9.7,14.3,33.0,33.0,999.1,0.0,0.0,,0.0
2025-12-09 08:00:00,-1.5,-1.3,,-1.8,,71.0,11.2,16.7,32.0,31.0,998.8,0.0,0.0,,0.0
2025-12-09 09:00:00,-1.2,-0.9,-0.9,-1.5,-4.4,68.0,9.9,15.0,37.0,31.0,998.6,0.0,0.0,,0.0
2025-12-09 10:00:00,-1.2,-0.9,,-1.5,,61.0,9.8,15.2,34.0,33.0,998.4,0.0,0.0,,0.0
2025-12-09 11:00:00,-1.4,-1.2,,-1.9,,65.0,8.9,14.0,38.0,37.0,998.1,0.0,0.0,,0.0
2025-12-09 12:00:00,-1.0,-0.7,-0.7,-1.2,-4.4,62.0,7.3,12.0,58.0,55.0,997.8,0.0,0.0,,0.0
2025-12-09 13:00:00,-0.9,-0.4,,-1.3,,60.0,8.1,13.2,44.0,47.0,997.3,0.0,0.0,,0.0
2025-12-09 14:00:00,-0.6,-0.4,,-1.0,,66.0,8.8,13.3,47.0,48.0,996.8,0.0,0.0,,0.0
2025-12-09 15:00:00,-0.7,-0.4,-0.4,-1.1,-3.6,66.0,9.6,15.4,55.0,53.0,996.0,0.0,0.0,,0.0
2025-12-09 16:00:00,-0.6,-0.3,,-0.8,,66.0,10.0,15.1,44.0,49.0,995.5,1.0,0.0,,0.0
2025-12-09 17:00:00,-0.7,-0.5,,-1.0,,70.0,9.9,15.1,42.0,41.0,994.8,0.0,0.0,,0.0
2025-12-09 18:00:00,-0.6,-0.1,-0.1,-0.9,-1.9,70.0,11.0,16.0,44.0,43.0,994.1,0.0,0.0,,0.0
2025-12-09 19:00:00,-1.2,-0.1,,-1.5,,69.0,12.5,17.8,31.0,35.0,994.0,0.0,0.0,,0.0
2025-12-09 20:00:00,-1.3,-1.1,,-1.5,,68.0,12.6,17.3,28.0,30.0,993.4,0.0,0.0,,0.0
2025-12-09 21:00:00,-1.3,-1.0,-0.1,-1.6,-1.9,70.0,13.7,18.5,27.0,27.0,992.9,0.0,0.0,,0.0
2025-12-09 22:00:00,-1.4,-1.3,,-1.6,,69.0,14.5,19.5,27.0,27.0,991.9,0.0,0.0,,0.0
2025-12-09 23:00:00,-0.8,-0.5,,-1.2,,66.0,13.2,17.7,32.0,31.0,990.8,0.0,0.0,,0.0
2025-12-10 00:00:00,-0.6,-0.4,-0.1,-0.8,-1.6,66.0,14.5,19.9,28.0,30.0,989.5,0.0,0.0,,0.0
2025-12-10 01:00:00,-0.5,-0.3,,-0.6,,66.0,14.8,20.4,27.0,27.0,989.1,0.0,0.0,,0.0
2025-12-10 02:00:00,-0.4,-0.2,,-0.6,,65.0,12.5,17.7,28.0,26.0,989.1,0.0,0.0,,0.0
2025-12-10 03:00:00,-0.1,0.1,0.1,-0.3,-1.6,68.0,11.2,15.3,27.0,27.0,988.9,0.0,0.0,,0.0
2025-12-10 04:00:00,-0.3,0.1,,-0.7,,68.0,7.4,12.3,49.0,34.0,989.1,0.0,0.0,,0.0
2025-12-10 05:00:00,-1.0,-0.4,,-2.0,,63.0,3.4,5.1,43.0,49.0,989.2,0.0,0.0,,0.0
2025-12-10 06:00:00,-1.5,-1.1,0.1,-4.3,-4.3,57.0,2.5,5.1,109.0,59.0,989.6,0.0,0.0,0.0,0.0
2025-12-10 07:00:00,-3.1,-2.5,,-4.1,,58.0,0.8,2.7,134.0,82.0,989.7,0.0,0.0,,0.0
2025-12-10 08:00:00,-4.1,-2.8,,-5.2,,62.0,2.6,3.7,125.0,118.0,990.0,0.0,0.0,,0.0
2025-12-10 09:00:00,-4.3,-3.3,0.1,-5.4,-5.4,65.0,2.1,3.3,152.0,128.0,990.2,0.0,0.0,,0.0
2025-12-10 10:00:00,-4.5,-4.2,,-4.9,,73.0,0.9,2.3,154.0,179.0,990.7,0.0,0.0,,0.0
2025-12-10 11:00:00,-5.4,-4.5,,-6.0,,78.0,2.7,3.8,149.0,154.0,990.7,0.0,0.0,,0.0
2025-12-10 12:00:00,-5.3,-4.8,0.1,-5.9,-6.0,78.0,2.3,3.4,161.0,149.0,990.9,0.0,0.0,,0.0
2025-12-10 13:00:00,-5.1,-4.6,,-5.8,,74.0,1.1,2.4,0.0,155.0,991.3,0.0,0.0,,0.0
2025-12-10 14:00:00,-4.9,-4.2,,-5.3,,75.0,0.2,1.8,61.0,64.0,991.3,0.0,0.0,,0.0
2025-12-10 15:00:00,-4.0,-3.0,0.1,-4.8,-6.0,65.0,1.9,2.6,98.0,82.0,991.5,0.0,0.0,,0.0
2025-12-10 16:00:00,-3.9,-2.9,,-4.9,,58.0,0.8,1.9,40.0,82.0,991.3,1.0,0.0,,0.0
2025-12-10 17:00:00,-2.9,-2.5,,-3.5,,62.0,1.5,2.3,84.0,50.0,991.1,0.0,0.0,,0.0
2025-12-10 18:00:00,-3.1,-2.7,-2.5,-4.0,-6.0,64.0,2.4,3.2,71.0,71.0,991.3,0.0,0.0,,0.0
2025-12-10 19:00:00,-3.4,-2.7,,-4.1,,75.0,2.4,3.0,84.0,71.0,991.4,0.0,0.0,,0.0
2025-12-10 20:00:00,-3.2,-1.8,,-3.7,,79.0,2.3,3.3,40.0,68.0,991.7,0.0,0.0,,0.0
2025-12-10 21:00:00,-2.1,-1.5,-1.5,-3.2,-6.0,84.0,2.6,4.6,56.0,39.0,991.9,0.0,0.0,,0.0
2025-12-10 22:00:00,-1.3,-1.0,,-1.6,,72.0,3.8,4.9,45.0,54.0,992.2,0.0,0.0,,0.0
2025-12-10 23:00:00,-1.5,-1.3,,-2.6,,77.0,3.9,5.3,35.0,37.0,992.4,0.0,0.0,,0.0
2025-12-11 00:00:00,-1.4,-1.1,-1.0,-1.7,-5.8,74.0,4.1,5.4,33.0,38.0,992.7,0.0,0.0,,0.0
2025-12-11 01:00:00,-1.7,-1.5,,-2.0,,75.0,4.3,5.5,40.0,39.0,992.8,0.0,0.0,,0.0
2025-12-11 02:00:00,-1.9,-1.6,,-2.1,,73.0,4.6,5.8,40.0,41.0,993.0,0.0,0.0,,0.0
2025-12-11 03:00:00,-1.6,-1.4,-1.0,-1.8,-4.9,69.0,4.2,5.1,38.0,38.0,993.1,0.0,0.0,,0.0
2025-12-11 04:00:00,-1.6,-1.4,,-1.8,,69.0,4.5,5.5,43.0,41.0,993.5,0.0,0.0,,0.0
2025-12-11 05:00:00,-1.4,-1.2,,-1.6,,69.0,3.4,4.6,35.0,36.0,993.7,0.0,0.0,,0.0
2025-12-11 06:00:00,-1.4,-1.1,-1.0,-1.9,-4.1,69.0,2.2,2.9,35.0,35.0,994.1,0.0,0.0,0.0,0.0
2025-12-11 07:00:00,-1.9,-1.1,,-3.1,,75.0,1.0,2.2,61.0,46.0,994.5,0.0,0.0,,0.0
2025-12-11 08:00:00,-2.5,-1.5,,-3.6,,79.0,1.2,2.4,63.0,65.0,995.0,0.0,0.0,,0.0
2025-12-11 09:00:00,-3.8,-2.8,-1.0,-4.6,-4.6,84.0,0.6,2.4,0.0,95.0,995.3,0.0,0.0,,0.0
2025-12-11 10:00:00,-3.1,-2.4,,-3.8,,75.0,0.4,2.2,59.0,52.0,995.9,0.0,0.0,,0.0
2025-12-11 11:00:00,-3.8,-3.4,,-4.3,,81.0,1.4,2.3,71.0,67.0,996.3,0.0,0.0,,0.0
2025-12-11 12:00:00,-2.8,-2.0,-1.1,-4.7,-4.7,59.0,2.4,3.4,65.0,62.0,996.4,0.0,,,0.0
2025-12-11 13:00:00,-3.7,-2.4,,-5.3,,65.0,1.8,3.1,84.0,81.0,996.8,0.0,0.0,,0.0
2025-12-11 14:00:00,-5.0,-4.2,,-6.0,,74.0,0.3,1.4,194.0,184.0,997.1,0.0,0.0,,0.0
2025-12-11 15:00:00,-4.5,-3.8,-1.1,-4.9,-6.0,67.0,0.2,1.0,0.0,186.0,997.2,0.0,0.0,,0.0
2025-12-11 16:00:00,-3.9,-3.1,,-4.4,,64.0,0.1,1.0,284.0,285.0,997.4,1.0,0.0,,0.0
2025-12-11 17:00:00,-3.5,-3.1,,-4.2,,73.0,0.4,2.3,41.0,37.0,997.6,0.0,0.0,,0.0
2025-12-11 18:00:00,-3.6,-2.6,-1.1,-4.1,-6.0,71.0,1.6,4.2,43.0,46.0,997.8,0.0,0.0,,0.0
2025-12-11 19:00:00,-2.5,-1.9,,-3.0,,61.0,2.1,3.6,15.0,30.0,997.9,0.0,0.0,,0.0
2025-12-11 20:00:00,-2.7,-2.1,,-3.0,,60.0,2.6,5.9,2.0,12.0,998.0,0.0,0.0,,0.0
2025-12-11 21:00:00,-2.1,-1.9,-1.9,-2.7,-6.0,64.0,4.7,7.2,357.0,359.0,998.2,0.0,0.0,,0.0
2025-12-11 22:00:00,-2.0,-1.9,,-2.2,,62.0,5.8,8.3,360.0,358.0,998.2,0.0,0.0,,0.0
2025-12-11 23:00:00,-2.4,-2.1,,-2.7,,62.0,4.7,7.9,18.0,13.0,998.3,0.0,0.0,,0.0
2025-12-12 00:00:00,-2.6,-2.3,-1.9,-2.9,-6.0,66.0,3.8,6.8,359.0,8.0,998.2,0.0,0.0,,0.0
2025-12-12 01:00:00,-2.4,-2.3,,-2.7,,62.0,4.1,5.9,355.0,353.0,997.9,0.0,0.0,,0.0
2025-12-12 02:00:00,-2.6,-2.4,,-3.0,,60.0,4.5,6.4,4.0,359.0,997.4,0.0,0.0,,0.0
2025-12-12 03:00:00,-2.8,-2.6,-1.9,-2.9,-4.4,60.0,5.0,7.4,9.0,4.0,996.9,0.0,0.0,,0.0
2025-12-12 04:00:00,-2.9,-2.7,,-3.2,,61.0,5.0,7.5,20.0,16.0,996.5,0.0,0.0,,0.0
2025-12-12 05:00:00,-3.1,-2.9,,-3.5,,60.0,5.0,7.3,31.0,25.0,996.2,0.0,0.0,,0.0
2025-12-12 06:00:00,-3.6,-3.3,-1.9,-3.8,-3.8,62.0,4.1,5.9,27.0,30.0,995.8,0.0,0.0,,0.0
2025-12-12 07:00:00,-3.7,-3.3,,-4.1,,67.0,3.1,4.8,9.0,17.0,995.5,0.0,0.0,,0.0
2025-12-12 08:00:00,-3.6,-3.4,,-3.9,,62.0,3.6,6.0,6.0,12.0,995.3,0.0,0.0,,0.0
2025-12-12 09:00:00,-3.8,-3.4,-1.9,-4.1,-4.1,63.0,3.5,5.8,11.0,8.0,994.7,0.0,0.0,,50.0
2025-12-12 10:00:00,-3.6,-3.4,,-3.8,,62.0,4.0,6.5,28.0,4.0,994.0,0.0,0.0,,75.0
2025-12-12 11:00:00,-3.9,-3.6,,-4.2,,62.0,3.8,5.6,48.0,37.0,993.8,0.0,0.0,,100.0
2025-12-12 12:00:00,-3.8,-3.5,-2.2,-4.3,-4.3,66.0,2.6,5.0,19.0,23.0,993.0,0.0,0.0,,25.0
2025-12-12 13:00:00,-3.8,-3.5,,-4.2,,62.0,2.5,5.1,30.0,25.0,992.5,0.0,0.0,,0.0
2025-12-12 14:00:00,-4.1,-3.9,,-4.4,,64.0,3.1,4.6,52.0,44.0,991.9,0.0,0.0,,40.0
2025-12-12 15:00:00,-4.9,-3.9,-2.7,-6.4,-6.4,67.0,2.2,3.6,128.0,66.0,991.3,0.0,0.0,,0.0
2025-12-12 16:00:00,-5.9,-5.6,,-6.5,,76.0,0.9,1.6,129.0,149.0,990.5,0.0,0.0,,0.0
2025-12-12 17:00:00,-6.4,-6.1,,-6.7,,78.0,1.4,2.5,124.0,129.0,989.8,0.0,0.0,,0.0
2025-12-12 18:00:00,-6.6,-6.0,-3.3,-7.3,-7.3,79.0,1.8,2.5,143.0,121.0,989.4,0.0,0.0,,0.0
2025-12-12 19:00:00,-7.0,-6.8,,-7.3,,78.0,1.6,2.6,137.0,139.0,989.2,0.0,0.0,,0.0
2025-12-12 20:00:00,-7.2,-6.7,,-7.5,,77.0,1.6,2.6,157.0,155.0,989.0,0.0,0.0,,10.0
2025-12-12 21:00:00,-6.9,-6.0,-3.4,-7.6,-7.6,78.0,1.4,3.7,80.0,122.0,988.7,0.0,0.0,,75.0
2025-12-12 22:00:00,-6.1,-5.6,,-6.5,,78.0,3.6,4.8,90.0,81.0,988.4,0.0,0.0,,50.0
2025-12-12 23:00:00,-6.6,-6.1,,-6.9,,81.0,3.0,3.9,84.0,89.0,988.2,0.0,0.0,,75.0
2025-12-13 00:00:00,-6.2,-5.8,-3.5,-6.6,-7.6,80.0,3.3,4.4,76.0,74.0,987.9,0.0,0.0,,90.0
2025-12-13 01:00:00,-6.4,-6.1,,-6.8,,81.0,3.3,5.4,51.0,66.0,987.3,0.0,0.0,,50.0
2025-12-13 02:00:00,-6.1,-5.8,,-6.3,,74.0,4.9,8.2,36.0,41.0,986.8,0.0,0.0,,25.0
2025-12-13 03:00:00,-5.8,-5.3,-5.3,-6.0,-7.6,70.0,5.8,8.3,29.0,35.0,986.2,0.0,0.0,,0.0
2025-12-13 04:00:00,-5.3,-5.1,,-5.5,,69.0,6.2,9.1,28.0,29.0,985.8,0.0,0.0,,50.0
2025-12-13 05:00:00,-5.1,-4.9,,-5.4,,69.0,6.2,9.9,20.0,18.0,985.5,0.0,0.0,,60.0
2025-12-13 06:00:00,-5.1,-4.9,-4.9,-5.3,-7.6,68.0,7.0,11.3,16.0,15.0,985.1,0.0,0.0,0.0,0.0
2025-12-13 07:00:00,-5.2,-5.1,,-5.3,,69.0,7.1,11.0,4.0,5.0,984.5,0.0,0.0,,60.0
2025-12-13 08:00:00,-4.9,-4.8,,-5.1,,70.0,6.4,11.3,25.0,13.0,984.4,0.0,0.0,,100.0
2025-12-13 09:00:00,-5.0,-4.9,-4.8,-5.1,-6.9,69.0,6.6,11.2,16.0,22.0,984.0,0.0,0.0,,100.0
2025-12-13 10:00:00,-4.4,-4.2,,-4.9,,71.0,9.9,15.6,360.0,2.0,983.1,0.0,0.0,,90.0
2025-12-13 11:00:00,-4.2,-3.9,,-4.5,,70.0,10.0,15.5,1.0,6.0,982.4,0.0,0.0,,100.0
2025-12-13 12:00:00,-3.9,-3.9,-3.9,-4.0,-6.8,70.0,11.2,16.0,4.0,2.0,982.2,0.0,0.0,,75.0
2025-12-13 13:00:00,-3.8,-3.6,,-4.0,,70.0,10.2,14.4,5.0,7.0,981.8,0.0,0.0,,25.0
2025-12-13 14:00:00,-3.6,-3.4,,-3.8,,69.0,9.1,13.3,3.0,11.0,981.0,0.0,0.0,,25.0
2025-12-13 15:00:00,-3.4,-3.2,-3.2,-3.6,-5.5,69.0,10.6,15.1,11.0,4.0,980.7,0.0,0.0,,0.0
2025-12-13 16:00:00,-3.2,-3.1,,-3.3,,67.0,8.1,13.1,15.0,15.0,980.8,0.0,0.0,,40.0
2025-12-13 17:00:00,-3.1,-3.0,,-3.2,,68.0,7.9,12.1,11.0,16.0,980.5,0.0,0.0,,25.0
2025-12-13 18:00:00,-3.0,-2.9,-2.9,-3.1,-5.3,69.0,8.1,13.1,5.0,11.0,980.1,0.0,0.0,,0.0
2025-12-13 19:00:00,-2.8,-2.6,,-2.9,,69.0,7.8,12.1,24.0,12.0,980.5,0.0,0.0,,0.0
2025-12-13 20:00:00,-3.0,-2.6,,-3.3,,65.0,6.1,10.0,32.0,30.0,980.8,0.0,0.0,,0.0
2025-12-13 21:00:00,-3.3,-3.0,-2.6,-3.6,-4.9,63.0,5.4,8.6,25.0,29.0,980.8,0.0,0.0,,0.0
2025-12-13 22:00:00,-3.1,-2.9,,-3.6,,64.0,5.9,9.0,37.0,28.0,980.9,0.0,0.0,,10.0
2025-12-13 23:00:00,-3.3,-3.1,,-3.5,,67.0,5.3,8.3,38.0,34.0,981.0,0.0,0.0,,100.0
2025-12-14 00:00:00,-3.4,-3.1,-2.6,-3.6,-4.0,68.0,4.9,7.6,30.0,34.0,981.0,0.0,0.0,,100.0
2025-12-14 01:00:00,-3.1,-2.9,,-3.3,,66.0,5.5,8.3,27.0,28.0,981.1,0.0,0.0,,100.0
2025-12-14 02:00:00,-3.2,-2.9,,-3.6,,69.0,4.7,7.5,21.0,25.0,981.0,0.0,0.0,,100.0
2025-12-14 03:00:00,-3.2,-3.0,-2.6,-3.4,-3.6,68.0,4.3,6.5,23.0,26.0,981.0,0.0,0.0,,50.0
2025-12-14 04:00:00,-3.4,-3.1,,-3.5,,67.0,4.7,7.3,10.0,13.0,981.1,0.0,0.0,,0.0
2025-12-14 05:00:00,-3.7,-3.4,,-4.0,,71.0,3.7,7.4,16.0,18.0,981.2,0.0,0.0,,0.0
2025-12-14 06:00:00,-3.8,-3.6,-2.6,-4.2,-4.2,71.0,4.6,7.9,1.0,2.0,981.3,0.0,0.1,0.0,0.0
2025-12-14 07:00:00,-4.4,-3.7,,-6.0,,76.0,4.2,7.4,63.0,27.0,981.7,0.0,0.0,,0.0
2025-12-14 08:00:00,-6.3,-5.9,,-6.9,,82.0,1.6,3.2,97.0,71.0,982.4,0.0,0.0,,0.0
2025-12-14 09:00:00,-5.9,-5.2,-2.9,-6.6,-6.9,79.0,0.4,1.6,343.0,77.0,982.6,0.0,0.0,,10.0
2025-12-14 10:00:00,-5.4,-4.7,,-6.4,,80.0,0.4,2.7,308.0,320.0,983.0,0.0,0.0,,0.0
2025-12-14 11:00:00,-4.3,-3.8,,-5.5,,74.0,1.2,4.4,318.0,329.0,983.3,0.0,0.0,,40.0
2025-12-14 12:00:00,-4.0,-3.7,-2.9,-4.5,-6.9,72.0,0.8,3.1,0.0,338.0,983.8,0.0,0.0,,40.0
2025-12-14 13:00:00,-4.4,-3.8,,-4.8,,73.0,0.2,2.9,0.0,46.0,984.5,0.0,0.0,,100.0
2025-12-14 14:00:00,-4.2,-3.7,,-5.4,,73.0,1.9,4.0,165.0,68.0,984.8,0.0,0.0,,100.0
2025-12-14 15:00:00,-5.5,-5.4,-3.1,-5.6,-6.9,90.0,3.7,4.9,160.0,170.0,985.2,0.0,0.1,,100.0
2025-12-14 16:00:00,-5.3,-5.1,,-5.5,,90.0,2.6,4.3,160.0,162.0,985.8,1.0,0.0,,100.0
2025-12-14 17:00:00,-5.3,-5.3,,-5.5,,92.0,2.9,4.1,172.0,168.0,986.2,0.0,0.1,,100.0
2025-12-14 18:00:00,-5.6,-5.4,-3.7,-5.7,-6.9,94.0,2.1,3.0,171.0,177.0,986.8,0.0,0.0,,100.0
2025-12-14 19:00:00,-5.3,-5.1,,-5.4,,94.0,1.9,2.8,165.0,164.0,987.7,0.0,0.1,,100.0
2025-12-14 20:00:00,-5.1,-4.9,,-5.3,,93.0,2.6,3.7,169.0,157.0,988.3,0.0,0.0,,100.0
2025-12-14 21:00:00,-5.2,-4.9,-3.7,-5.5,-6.4,86.0,2.5,3.8,151.0,143.0,989.2,0.0,0.0,,100.0
2025-12-14 22:00:00,-5.1,-4.8,,-5.3,,83.0,0.7,2.8,20.0,139.0,990.0,0.0,0.0,,100.0
2025-12-14 23:00:00,-4.8,-4.5,,-5.2,,69.0,0.2,0.9,0.0,5.0,990.5,0.0,0.0,,100.0
2025-12-15 00:00:00,-4.6,-4.4,-3.7,-4.8,-5.7,65.0,0.0,0.8,45.0,0.0,991.0,0.0,0.0,,100.0
2025-12-15 01:00:00,-4.7,-4.5,,-4.8,,73.0,0.4,7.2,14.0,17.0,991.2,0.0,0.0,,100.0
2025-12-15 02:00:00,-5.2,-4.7,,-5.3,,83.0,2.0,3.4,42.0,42.0,991.7,0.0,0.1,,100.0
2025-12-15 03:00:00,-5.3,-5.3,-4.4,-5.4,-5.7,92.0,0.5,3.5,259.0,264.0,992.0,0.0,0.6,,
2025-12-15 04:00:00,-5.4,-5.3,,-5.7,,95.0,1.5,5.1,329.0,323.0,992.4,0.0,1.9,,
2025-12-15 05:00:00,-5.7,-5.6,,-5.8,,95.0,3.3,6.6,294.0,309.0,992.6,0.0,0.4,,100.0
2025-12-15 06:00:00,-5.6,-5.5,-4.4,-5.8,-5.8,94.0,4.6,8.0,315.0,306.0,992.8,0.0,0.1,3.3,100.0
2025-12-15 07:00:00,-5.6,-5.5,,-5.8,,94.0,4.2,8.3,37.0,325.0,993.2,0.0,0.2,,
2025-12-15 08:00:00,-5.5,-5.1,,-5.8,,83.0,4.8,7.7,51.0,64.0,993.7,0.0,,,100.0
2025-12-15 09:00:00,-5.0,-4.9,,-5.1,,70.0,4.4,7.2,44.0,43.0,994.3,0.0,0.0,,100.0
2025-12-15 10:00:00,-5.1,-5.0,,-5.4,,72.0,3.9,6.2,42.0,45.0,994.5,0.0,0.0,,100.0
2025-12-15 11:00:00,-5.4,-5.1,,-5.5,,74.0,3.9,6.6,64.0,59.0,994.7,0.0,0.0,,100.0
2025-12-15 12:00:00,-5.3,-5.1,-4.5,-5.5,-5.8,79.0,3.4,5.7,65.0,59.0,994.7,0.0,0.0,,100.0
2025-12-15 13:00:00,-5.4,-5.3,,-5.5,,81.0,3.5,5.3,66.0,67.0,994.7,0.0,0.0,,100.0
2025-12-15 14:00:00,-5.5,-5.3,,-5.8,,83.0,4.0,6.2,84.0,81.0,994.9,0.0,0.3,,100.0
2025-12-15 15:00:00,-5.9,-5.8,-4.9,-6.0,-6.0,90.0,3.0,5.4,93.0,88.0,995.0,0.0,0.2,,100.0
2025-12-15 16:00:00,-6.1,-6.0,,-6.3,,91.0,1.6,7.6,12.0,86.0,994.7,0.0,0.5,,100.0
2025-12-15 17:00:00,-5.8,-5.4,,-6.3,,86.0,5.9,9.8,2.0,15.0,994.4,0.0,0.6,,100.0
2025-12-15 18:00:00,-5.5,-5.3,-4.9,-5.8,-6.3,82.0,5.8,9.8,8.0,14.0,994.5,0.0,0.1,,100.0
2025-12-15 19:00:00,-5.4,-5.3,,-5.6,,84.0,6.6,10.4,18.0,15.0,994.4,0.0,0.1,,90.0
2025-12-15 20:00:00,-5.6,-5.5,,-5.7,,86.0,6.6,9.8,13.0,14.0,994.2,0.0,0.1,,100.0
2025-12-15 21:00:00,-5.8,-5.4,-5.0,-6.3,-6.3,89.0,4.2,10.4,86.0,26.0,994.6,0.0,0.8,,100.0
2025-12-15 22:00:00,-6.3,-6.3,,-6.5,,93.0,1.0,4.4,105.0,102.0,994.4,0.0,1.0,,100.0
2025-12-15 23:00:00,-6.2,-5.9,,-6.5,,86.0,3.3,9.4,29.0,52.0,993.5,0.0,0.2,,
2025-12-16 00:00:00,-5.8,-5.5,-5.2,-6.1,-6.5,87.0,6.3,10.6,9.0,21.0,992.9,0.0,0.2,,100.0
2025-12-16 01:00:00,-5.6,-5.4,,-5.9,,86.0,6.9,11.2,21.0,11.0,992.4,0.0,0.1,,100.0
2025-12-16 02:00:00,-5.8,-5.6,,-6.1,,86.0,5.9,9.0,37.0,25.0,991.7,0.0,0.1,,90.0
2025-12-16 03:00:00,-6.3,-6.1,-5.3,-6.4,-6.5,90.0,5.6,8.2,41.0,41.0,991.0,0.0,0.1,,90.0
2025-12-16 04:00:00,-6.6,-6.2,,-7.1,,92.0,4.3,6.9,137.0,78.0,990.8,0.0,0.3,,100.0
2025-12-16 05:00:00,-7.3,-7.1,,-7.6,,92.0,3.6,4.7,131.0,135.0,990.1,0.0,0.5,,
2025-12-16 06:00:00,-7.6,-7.3,-5.3,-7.8,-7.8,91.0,2.8,4.5,129.0,130.0,989.5,0.0,0.1,,100.0
2025-12-16 07:00:00,-6.9,-6.5,,-7.6,,88.0,4.4,7.8,172.0,161.0,988.5,0.0,0.1,,100.0
2025-12-16 08:00:00,-7.0,-6.8,,-7.4,,89.0,6.6,9.0,169.0,167.0,987.8,0.0,0.0,,100.0
2025-12-16 09:00:00,-7.0,-6.8,-5.4,-7.4,-7.8,86.0,6.3,9.1,182.0,183.0,987.3,0.0,0.0,,60.0
2025-12-16 10:00:00,-7.6,-7.3,,-9.1,,82.0,6.1,9.2,142.0,160.0,987.0,0.0,0.0,,0.0
2025-12-16 11:00:00,-10.2,-8.9,,-11.4,,84.0,4.2,6.0,113.0,115.0,986.3,0.0,0.0,,0.0
2025-12-16 12:00:00,-9.8,-9.1,-5.4,-11.2,-11.4,81.0,4.1,5.5,83.0,91.0,986.0,0.0,0.0,,0.0
2025-12-16 13:00:00,-8.9,-7.4,,-9.9,,80.0,4.1,6.2,58.0,72.0,984.2,0.0,0.0,,40.0
2025-12-16 14:00:00,-6.9,-6.6,,-7.4,,66.0,7.9,11.6,28.0,28.0,982.7,0.0,0.0,,0.0
2025-12-16 15:00:00,-7.0,-6.7,-6.2,-7.3,-11.4,68.0,9.2,14.1,27.0,28.0,981.7,0.0,0.0,,0.0
2025-12-16 16:00:00,-6.9,-6.7,,-7.2,,67.0,8.7,13.1,26.0,27.0,980.3,0.0,0.0,,0.0
2025-12-16 17:00:00,-6.8,-6.6,,-7.1,,70.0,9.5,14.1,28.0,29.0,979.9,0.0,0.0,,0.0
2025-12-16 18:00:00,-6.7,-6.5,-6.5,-7.0,-11.4,66.0,9.4,14.4,28.0,27.0,979.9,0.0,0.0,,50.0
2025-12-16 19:00:00,-6.8,-6.6,,-7.2,,67.0,8.2,12.9,25.0,26.0,979.9,0.0,0.0,,75.0
2025-12-16 20:00:00,-6.6,-6.4,,-7.0,,67.0,7.4,12.8,16.0,18.0,980.6,0.0,0.0,,25.0
2025-12-16 21:00:00,-6.8,-6.4,-6.4,-7.7,-11.4,63.0,6.2,10.0,42.0,28.0,980.8,0.0,0.0,,90.0
2025-12-16 22:00:00,-8.0,-7.8,,-8.3,,68.0,4.2,6.2,65.0,56.0,981.3,0.0,0.0,,25.0
2025-12-16 23:00:00,-9.2,-8.0,,-11.0,,71.0,2.2,4.0,168.0,108.0,981.3,0.0,0.0,,40.0
2025-12-17 00:00:00,-10.4,-9.6,-6.4,-10.9,-11.0,85.0,2.7,4.6,179.0,167.0,981.7,0.0,0.0,,0.0
2025-12-17 01:00:00,-10.1,-9.5,,-10.9,,85.0,2.9,4.3,167.0,173.0,982.1,0.0,0.0,,0.0
2025-12-17 02:00:00,-9.5,-9.3,,-9.7,,84.0,2.9,4.5,172.0,169.0,982.2,0.0,0.0,,0.0
2025-12-17 03:00:00,-9.6,-9.1,-6.4,-10.0,-11.0,84.0,4.1,5.7,175.0,173.0,982.2,0.0,0.0,,40.0
2025-12-17 04:00:00,-9.6,-9.2,,-9.8,,85.0,3.0,4.6,169.0,175.0,982.1,0.0,0.0,,10.0
2025-12-17 05:00:00,-9.2,-9.0,,-9.5,,84.0,3.1,4.3,175.0,169.0,982.1,0.0,0.0,,50.0
2025-12-17 06:00:00,-9.1,-8.8,-6.4,-9.3,-11.0,84.0,2.6,3.6,176.0,171.0,982.1,0.0,0.0,0.1,10.0
2025-12-17 07:00:00,-8.2,-7.4,,-8.9,,81.0,0.8,2.2,45.0,185.0,982.2,0.0,0.0,,50.0
2025-12-17 08:00:00,-9.0,-7.8,,-9.8,,84.0,2.7,4.6,108.0,96.0,982.5,0.0,0.0,,50.0
2025-12-17 09:00:00,-9.8,-9.4,-7.4,-10.1,-11.0,86.0,2.3,3.6,102.0,106.0,982.7,0.0,0.0,,0.0
2025-12-17 10:00:00,-9.2,-8.8,,-9.8,,83.0,1.5,2.6,138.0,121.0,983.1,0.0,0.0,,0.0
2025-12-17 11:00:00,-9.1,-8.9,,-9.4,,82.0,1.1,2.5,168.0,157.0,983.4,0.0,0.0,,40.0
2025-12-17 12:00:00,-9.0,-8.2,-7.4,-9.8,-10.9,88.0,2.2,4.4,158.0,155.0,983.9,0.0,0.0,,60.0
2025-12-17 13:00:00,-8.0,-7.7,,-8.3,,88.0,3.9,6.4,167.0,163.0,984.1,0.0,0.0,,100.0
2025-12-17 14:00:00,-7.6,-7.3,,-7.8,,86.0,5.4,7.2,167.0,169.0,984.7,0.0,0.0,,100.0
2025-12-17 15:00:00,-7.4,-7.2,-7.2,-7.8,-10.1,85.0,5.1,7.7,166.0,167.0,985.2,0.0,0.0,,90.0
2025-12-17 16:00:00,-7.4,-7.3,,-7.6,,85.0,5.0,7.5,165.0,163.0,985.6,2.0,0.0,,50.0
2025-12-17 17:00:00,-8.0,-7.5,,-8.3,,86.0,4.4,6.4,169.0,170.0,986.2,0.0,0.0,,10.0
2025-12-17 18:00:00,-8.2,-8.0,-7.2,-8.5,-10.1,87.0,4.2,5.1,174.0,177.0,987.1,0.0,0.0,,10.0
2025-12-17 19:00:00,-7.9,-7.4,,-8.5,,88.0,4.8,6.1,170.0,170.0,987.8,0.0,0.0,,75.0
2025-12-17 20:00:00,-7.1,-6.9,,-7.4,,86.0,4.6,5.8,168.0,168.0,988.7,0.0,0.0,,100.0
2025-12-17 21:00:00,-6.9,-6.6,-6.6,-7.1,-9.8,85.0,4.9,6.5,171.0,173.0,989.3,0.0,0.0,,100.0
2025-12-17 22:00:00,-6.7,-6.5,,-6.9,,86.0,5.1,6.4,171.0,172.0,989.5,0.0,0.0,,100.0
2025-12-17 23:00:00,-7.2,-6.7,,-7.8,,87.0,5.0,6.3,180.0,173.0,989.8,0.0,0.0,,50.0
2025-12-18 00:00:00,-7.4,-7.0,-6.5,-7.8,-8.5,89.0,5.3,6.6,173.0,174.0,989.9,0.0,0.0,,100.0
2025-12-18 01:00:00,-7.5,-7.3,,-7.9,,90.0,4.6,5.8,175.0,172.0,989.8,0.0,0.0,,50.0
2025-12-18 02:00:00,-8.0,-7.6,,-8.3,,91.0,3.8,4.7,174.0,174.0,989.6,0.0,0.0,,0.0
2025-12-18 03:00:00,-7.5,-6.9,-6.5,-8.4,-8.5,91.0,3.2,4.6,179.0,178.0,989.0,0.0,0.0,,50.0
2025-12-18 04:00:00,-7.2,-6.8,,-7.6,,90.0,2.6,4.7,124.0,154.0,988.6,0.0,0.0,,100.0
2025-12-18 05:00:00,-6.8,-6.6,,-7.1,,85.0,3.7,6.1,92.0,102.0,988.3,0.0,0.0,,100.0
2025-12-18 06:00:00,-7.2,-7.0,-6.5,-7.5,-8.5,85.0,2.6,4.0,77.0,82.0,987.4,0.0,0.0,0.0,60.0
2025-12-18 07:00:00,-6.2,-5.3,,-7.2,,79.0,3.4,8.5,38.0,45.0,986.6,0.0,0.0,,100.0
2025-12-18 08:00:00,-5.5,-5.3,,-5.6,,74.0,5.1,8.8,31.0,31.0,985.5,0.0,0.0,,90.0
2025-12-18 09:00:00,-5.9,-5.5,-5.2,-6.3,-8.4,75.0,5.2,8.8,39.0,33.0,984.8,0.0,0.0,,100.0
2025-12-18 10:00:00,-6.5,-6.2,,-7.1,,75.0,3.6,5.7,83.0,58.0,984.4,0.0,0.0,,100.0
2025-12-18 11:00:00,-8.1,-7.1,,-9.6,,84.0,4.4,7.6,89.0,98.0,984.1,0.0,0.0,,100.0
2025-12-18 12:00:00,-9.1,-8.9,-5.2,-9.4,-9.6,74.0,4.7,7.5,128.0,105.0,984.3,0.0,0.0,,100.0
2025-12-18 13:00:00,-9.8,-9.1,,-10.5,,74.0,3.8,5.6,158.0,137.0,984.5,0.0,0.0,,0.0
2025-12-18 14:00:00,-10.1,-9.4,,-10.7,,82.0,1.8,4.0,352.0,164.0,984.6,0.0,0.0,,0.0
2025-12-18 15:00:00,-10.0,-9.4,-5.2,-10.6,-10.7,82.0,2.0,4.6,69.0,119.0,984.2,0.0,0.0,,100.0
2025-12-18 16:00:00,-9.3,-8.2,,-10.6,,79.0,2.3,4.0,166.0,151.0,983.8,0.0,0.0,,10.0
2025-12-18 17:00:00,-9.0,-7.9,,-10.6,,82.0,1.1,3.0,165.0,181.0,983.4,0.0,0.0,,100.0
2025-12-18 18:00:00,-8.8,-8.1,-5.2,-9.6,-10.7,83.0,1.4,3.2,169.0,172.0,982.8,0.0,0.0,,10.0
2025-12-18 19:00:00,-8.6,-8.1,,-9.8,,85.0,0.9,2.3,178.0,180.0,982.8,0.0,0.0,,90.0
2025-12-18 20:00:00,-8.6,-8.1,,-9.1,,88.0,1.8,2.7,170.0,178.0,982.7,0.0,0.0,,0.0
2025-12-18 21:00:00,-7.9,-6.8,-6.2,-9.0,-10.7,83.0,0.8,1.9,68.0,114.0,982.5,0.0,0.0,,0.0
2025-12-18 22:00:00,-7.2,-6.4,,-8.2,,69.0,1.7,3.5,84.0,81.0,982.5,0.0,0.0,,0.0
2025-12-18 23:00:00,-8.7,-7.9,,-9.8,,79.0,4.5,5.7,109.0,93.0,982.3,0.0,0.0,,0.0
2025-12-19 00:00:00,-7.5,-6.8,-6.4,-8.5,-10.7,72.0,3.6,5.0,130.0,125.0,981.8,0.0,0.0,,0.0
2025-12-19 01:00:00,-6.3,-5.4,,-7.2,,67.0,2.9,5.3,50.0,90.0,981.5,0.0,0.0,,0.0
2025-12-19 02:00:00,-5.3,-4.6,,-5.8,,73.0,4.5,5.9,73.0,62.0,981.3,0.0,0.0,,0.0
2025-12-19 03:00:00,-4.4,-3.0,-3.0,-6.2,-10.6,77.0,4.1,5.9,49.0,65.0,980.6,0.0,0.0,,0.0
2025-12-19 04:00:00,-3.0,-2.8,,-3.3,,68.0,5.5,6.9,53.0,51.0,980.4,0.0,0.0,,0.0
2025-12-19 05:00:00,-2.4,-2.0,,-3.0,,66.0,4.5,6.5,34.0,47.0,979.9,0.0,0.0,,0.0
2025-12-19 06:00:00,-2.4,-1.6,-1.6,-4.3,-9.8,70.0,3.6,5.7,83.0,42.0,979.9,0.0,0.0,0.0,0.0
2025-12-19 07:00:00,-4.6,-3.5,,-5.7,,76.0,3.5,7.2,94.0,97.0,980.1,0.0,0.0,,60.0
2025-12-19 08:00:00,-3.9,-3.0,,-4.3,,66.0,5.0,7.5,68.0,70.0,980.9,0.0,0.0,,0.0
2025-12-19 09:00:00,-3.3,-2.6,-1.6,-4.6,-9.8,69.0,4.0,5.9,80.0,63.0,981.6,0.0,0.0,,0.0
2025-12-19 10:00:00,-4.3,-3.4,,-5.2,,74.0,3.2,5.0,96.0,88.0,982.5,0.0,0.0,,0.0
2025-12-19 11:00:00,-4.2,-3.0,,-4.8,,66.0,2.8,5.2,125.0,93.0,983.6,0.0,0.0,,0.0
2025-12-19 12:00:00,-4.6,-3.8,-1.6,-5.8,-7.2,69.0,2.2,5.0,158.0,148.0,985.1,0.0,0.0,,0.0
2025-12-19 13:00:00,-5.6,-5.0,,-6.6,,72.0,3.0,5.1,156.0,164.0,986.7,0.0,0.0,,0.0
2025-12-19 14:00:00,-5.0,-3.5,,-6.6,,76.0,4.9,10.6,163.0,152.0,988.1,0.0,0.0,,75.0
2025-12-19 15:00:00,-3.4,-3.0,-1.6,-3.9,-6.6,87.0,8.5,12.8,220.0,211.0,990.5,0.0,0.0,,100.0
2025-12-19 16:00:00,-4.8,-3.9,,-5.6,,88.0,10.4,15.0,220.0,219.0,992.6,0.0,0.0,,100.0
2025-12-19 17:00:00,-5.6,-5.4,,-5.7,,80.0,9.8,14.1,226.0,225.0,994.7,0.0,0.0,,100.0
2025-12-19 18:00:00,-5.9,-5.7,-2.6,-6.1,-6.6,78.0,8.6,12.7,228.0,229.0,996.4,0.0,0.0,,100.0
2025-12-19 19:00:00,-6.7,-6.2,,-7.1,,81.0,9.0,13.1,226.0,224.0,997.7,0.0,0.0,,100.0
2025-12-19 20:00:00,-6.7,-6.6,,-6.8,,67.0,8.9,13.2,226.0,227.0,998.7,0.0,0.0,,100.0
2025-12-19 21:00:00,-7.1,-6.8,-3.0,-7.3,-7.3,74.0,7.6,13.1,235.0,233.0,1000.0,0.0,0.0,,100.0
2025-12-19 22:00:00,-7.3,-7.2,,-7.4,,67.0,6.5,10.9,244.0,239.0,1000.9,0.0,0.0,,100.0
2025-12-19 23:00:00,-7.3,-7.2,,-7.4,,65.0,5.3,8.5,249.0,245.0,1001.7,0.0,0.0,,100.0
2025-12-20 00:00:00,-7.4,-7.3,-3.0,-7.6,-7.6,67.0,3.5,6.3,238.0,245.0,1002.3,0.0,0.0,,90.0
2025-12-20 01:00:00,-8.0,-7.6,,-8.4,,74.0,1.4,3.2,177.0,205.0,1002.8,0.0,0.0,,100.0
2025-12-20 02:00:00,-8.0,-7.7,,-8.4,,77.0,1.5,4.0,159.0,163.0,1003.2,0.0,0.0,,100.0
2025-12-20 03:00:00,-7.9,-7.4,-3.9,-8.3,-8.4,78.0,3.0,6.6,159.0,149.0,1003.6,0.0,0.0,,90.0
2025-12-20 04:00:00,-7.7,-7.4,,-7.9,,79.0,5.6,8.1,152.0,152.0,1004.0,0.0,0.0,,90.0
2025-12-20 05:00:00,-7.8,-7.7,,-8.0,,77.0,6.5,8.9,151.0,149.0,1004.0,0.0,0.0,,100.0
2025-12-20 06:00:00,-7.8,-7.7,-6.2,-7.9,-8.4,76.0,6.5,8.6,137.0,143.0,1004.2,0.0,0.0,0.0,100.0
2025-12-20 07:00:00,-7.8,-7.6,,-7.9,,76.0,5.9,8.4,130.0,133.0,1003.8,0.0,0.0,,60.0
2025-12-20 08:00:00,-7.9,-7.8,,-8.0,,77.0,5.5,7.6,125.0,124.0,1004.1,0.0,0.0,,10.0
2025-12-20 09:00:00,-8.3,-8.0,-7.2,-8.5,-8.5,83.0,5.1,7.1,124.0,122.0,1003.4,0.0,0.0,,0.0
2025-12-20 10:00:00,-9.1,-8.5,,-9.5,,87.0,4.7,6.6,120.0,122.0,1002.5,0.0,0.0,,0.0
2025-12-20 11:00:00,-9.6,-9.3,,-9.9,,86.0,4.5,6.2,129.0,125.0,1002.3,0.0,0.0,,0.0
2025-12-20 12:00:00,-9.7,-9.3,-7.4,-10.2,-10.2,83.0,5.3,7.2,119.0,127.0,1001.8,0.0,0.0,,0.0
2025-12-20 13:00:00,-9.7,-9.4,,-10.4,,82.0,5.0,7.1,105.0,116.0,1000.4,0.0,0.0,,10.0
2025-12-20 14:00:00,-10.5,-9.6,,-11.1,,82.0,4.2,5.8,113.0,101.0,999.4,0.0,0.0,,25.0
2025-12-20 15:00:00,-10.6,-10.0,-7.4,-11.0,-11.1,79.0,5.9,7.8,82.0,78.0,998.2,0.0,0.0,,0.0
2025-12-20 16:00:00,-10.7,-10.0,,-11.3,,77.0,4.3,6.6,81.0,84.0,995.7,0.0,0.0,,25.0
2025-12-20 17:00:00,-9.6,-9.2,,-10.1,,75.0,4.1,5.5,76.0,73.0,994.0,0.0,0.0,,0.0
2025-12-20 18:00:00,-8.8,-7.8,-7.6,-9.5,-11.3,69.0,4.5,9.4,34.0,56.0,990.9,0.0,0.0,,0.0
2025-12-20 19:00:00,-7.6,-7.3,,-7.8,,65.0,8.3,12.4,28.0,27.0,987.8,0.0,0.0,,0.0
2025-12-20 20:00:00,-7.3,-6.9,,-7.7,,65.0,9.7,13.5,30.0,28.0,985.0,0.0,0.0,,50.0
2025-12-20 21:00:00,-6.8,-6.6,-6.6,-7.0,-11.3,65.0,9.4,13.2,22.0,27.0,983.1,0.0,0.0,,75.0
2025-12-20 22:00:00,-6.3,-6.0,,-6.6,,62.0,8.6,13.6,17.0,14.0,979.3,0.0,0.0,,100.0
2025-12-20 23:00:00,-5.6,-5.2,,-6.0,,63.0,10.7,15.5,25.0,24.0,978.0,0.0,0.0,,100.0
2025-12-21 00:00:00,-4.9,-4.6,-4.6,-5.2,-11.3,63.0,8.2,13.3,19.0,23.0,976.8,0.0,0.0,,100.0
2025-12-21 01:00:00,-4.4,-4.2,,-4.6,,64.0,5.1,8.3,26.0,22.0,975.8,0.0,0.0,,100.0
2025-12-21 02:00:00,-6.2,-4.3,,-6.9,,69.0,2.5,5.7,114.0,116.0,974.5,0.0,0.0,,60.0
2025-12-21 03:00:00,-6.4,-6.1,-4.2,-6.6,-11.3,71.0,1.9,3.3,106.0,126.0,973.9,0.0,0.0,,90.0
2025-12-21 04:00:00,-6.6,-6.2,,-7.2,,72.0,3.1,4.8,74.0,86.0,972.9,0.0,0.0,,100.0
2025-12-21 05:00:00,-7.1,-6.7,,-7.4,,82.0,5.1,7.5,67.0,73.0,971.7,0.0,0.1,,100.0
2025-12-21 06:00:00,-6.2,-5.0,-4.2,-6.8,-7.8,94.0,6.6,9.9,70.0,66.0,970.9,0.0,0.3,0.4,100.0
2025-12-21 07:00:00,-4.1,-3.1,,-5.0,,95.0,6.7,9.5,80.0,72.0,971.2,0.0,0.1,,
2025-12-21 08:00:00,-1.5,1.6,,-3.1,,96.0,5.0,11.0,123.0,92.0,970.9,0.0,1.3,,
2025-12-21 09:00:00,2.1,3.2,3.2,0.8,-7.4,83.0,5.6,12.1,109.0,106.0,970.8,0.0,0.6,,100.0
2025-12-21 10:00:00,3.4,3.9,,3.1,,71.0,8.6,13.6,140.0,138.0,970.4,0.0,0.0,,75.0
2025-12-21 11:00:00,3.7,4.2,,3.2,,73.0,11.1,18.7,159.0,142.0,970.4,0.0,0.0,,100.0
2025-12-21 12:00:00,3.5,4.9,4.9,2.5,-7.4,71.0,6.4,13.7,199.0,183.0,970.8,0.0,0.0,,100.0
2025-12-21 13:00:00,3.3,4.6,,2.1,,70.0,3.9,14.5,157.0,153.0,970.7,0.0,0.0,,100.0
2025-12-21 14:00:00,3.6,4.0,,3.3,,66.0,9.5,14.8,149.0,148.0,970.4,0.0,0.0,,60.0
2025-12-21 15:00:00,3.4,3.8,4.9,3.1,-7.4,68.0,10.7,16.2,161.0,151.0,970.9,0.0,0.0,,60.0
2025-12-21 16:00:00,3.2,3.5,,2.7,,65.0,6.9,11.8,168.0,153.0,971.4,0.0,0.0,,50.0
2025-12-21 17:00:00,1.3,2.4,,0.6,,81.0,1.6,5.0,308.0,216.0,971.6,0.0,0.0,,40.0
2025-12-21 18:00:00,1.5,2.5,4.9,0.6,-5.0,79.0,1.6,3.9,49.0,35.0,971.5,0.0,0.0,,100.0
2025-12-21 19:00:00,1.2,2.5,,-0.1,,71.0,2.1,4.7,229.0,150.0,971.9,0.0,0.0,,10.0
2025-12-21 20:00:00,0.1,0.4,,-0.5,,90.0,2.4,5.1,229.0,251.0,972.4,0.0,0.0,,25.0
2025-12-21 21:00:00,0.5,0.7,4.9,0.1,-0.5,93.0,1.1,3.7,282.0,276.0,973.2,0.0,0.0,,40.0
2025-12-21 22:00:00,0.3,0.6,,-0.2,,94.0,0.0,0.7,0.0,0.0,974.5,0.0,0.0,,60.0
2025-12-21 23:00:00,0.1,0.7,,-0.5,,93.0,1.2,3.9,76.0,76.0,975.2,0.0,0.0,,100.0
2025-12-22 00:00:00,0.1,0.9,4.6,-0.8,-0.8,89.0,3.4,6.1,96.0,76.0,976.1,0.0,0.0,,100.0
2025-12-22 01:00:00,0.3,0.9,,-0.3,,73.0,4.0,6.6,74.0,85.0,976.8,0.0,0.0,,50.0
2025-12-22 02:00:00,0.4,1.2,,-0.1,,66.0,5.7,12.9,117.0,100.0,977.1,0.0,0.0,,0.0
2025-12-22 03:00:00,1.2,1.8,3.5,0.8,-0.8,62.0,11.5,17.2,137.0,139.0,977.8,0.0,0.0,,40.0
2025-12-22 04:00:00,0.3,1.1,,-0.5,,58.0,13.5,19.2,142.0,142.0,978.7,0.0,0.0,,0.0
2025-12-22 05:00:00,-0.9,-0.2,,-2.1,,68.0,14.0,22.6,167.0,158.0,980.9,0.0,0.0,,100.0
2025-12-22 06:00:00,-1.6,-1.2,2.5,-2.0,-2.1,86.0,11.0,16.1,196.0,191.0,983.0,0.0,0.0,1.9,100.0
2025-12-22 07:00:00,-2.5,-2.0,,-3.7,,89.0,7.3,18.4,190.0,168.0,984.2,0.0,0.0,,100.0
2025-12-22 08:00:00,-4.0,-3.7,,-4.2,,79.0,14.7,23.3,164.0,175.0,984.1,0.0,0.0,,100.0
2025-12-22 09:00:00,-4.3,-4.1,1.8,-4.5,-4.5,74.0,18.5,28.9,158.0,163.0,984.2,0.0,0.0,,100.0
2025-12-22 10:00:00,-4.5,-4.1,,-4.8,,89.0,18.1,27.9,175.0,163.0,986.6,0.0,0.0,,100.0
2025-12-22 11:00:00,-4.3,-3.9,,-4.6,,90.0,15.4,22.1,205.0,199.0,989.5,0.0,0.0,,100.0
2025-12-22 12:00:00,-4.8,-4.6,1.8,-4.9,-4.9,75.0,12.0,17.2,210.0,209.0,991.1,0.0,0.0,,100.0
2025-12-22 13:00:00,-4.7,-4.6,,-4.8,,70.0,10.5,14.5,211.0,212.0,991.7,0.0,0.0,,100.0
2025-12-22 14:00:00,-4.8,-4.7,,-4.9,,64.0,8.5,13.0,208.0,210.0,992.1,0.0,0.0,,100.0
2025-12-22 15:00:00,-4.9,-4.8,1.1,-5.1,-5.1,60.0,7.7,12.6,210.0,212.0,992.3,0.0,0.0,,60.0
2025-12-22 16:00:00,-5.0,-4.9,,-5.3,,64.0,5.5,8.4,234.0,227.0,992.2,0.0,0.0,,50.0
2025-12-22 17:00:00,-5.3,-5.1,,-5.4,,64.0,3.3,6.6,247.0,236.0,991.7,0.0,0.0,,100.0
2025-12-22 18:00:00,-5.2,-5.1,-2.0,-5.3,-5.4,62.0,2.6,4.9,253.0,245.0,991.5,0.0,0.0,,100.0
2025-12-22 19:00:00,-5.4,-5.2,,-5.9,,66.0,2.6,4.3,211.0,231.0,992.2,0.0,0.0,,100.0
2025-12-22 20:00:00,-6.3,-5.9,,-6.6,,87.0,5.1,8.8,171.0,175.0,992.8,0.0,0.3,,
2025-12-22 21:00:00,-6.5,-6.1,-3.9,-6.9,-6.9,90.0,9.9,14.3,179.0,176.0,993.4,0.0,0.3,,100.0
2025-12-22 22:00:00,-5.9,-5.7,,-6.1,,74.0,12.3,16.5,198.0,192.0,993.8,0.0,0.0,,60.0
2025-12-22 23:00:00,-6.0,-5.9,,-6.2,,65.0,11.6,15.1,193.0,197.0,995.1,0.0,0.0,,50.0
2025-12-23 00:00:00,-6.2,-5.9,-4.6,-6.6,-6.9,62.0,11.2,14.9,196.0,196.0,995.9,0.0,0.0,,60.0
2025-12-23 01:00:00,-6.4,-6.3,,-6.6,,58.0,9.9,12.9,199.0,195.0,996.4,0.0,0.0,,100.0
2025-12-23 02:00:00,-6.6,-6.4,,-7.0,,60.0,10.0,13.6,198.0,195.0,996.4,0.0,0.0,,90.0
2025-12-23 03:00:00,-7.2,-6.6,-4.9,-7.9,-7.9,64.0,9.2,14.2,211.0,198.0,997.2,0.0,0.0,,100.0
2025-12-23 04:00:00,-6.7,-6.6,,-6.9,,53.0,8.0,11.2,213.0,207.0,997.5,0.0,0.0,,50.0
2025-12-23 05:00:00,-7.1,-6.8,,-7.9,,52.0,6.2,9.6,201.0,206.0,998.2,0.0,0.0,,10.0
2025-12-23 06:00:00,-7.1,-7.0,-5.2,-7.7,-7.9,64.0,5.4,7.8,148.0,157.0,998.4,0.0,0.0,0.5,100.0
2025-12-23 07:00:00,-7.3,-6.9,,-7.9,,69.0,5.6,7.5,146.0,150.0,999.1,0.0,0.0,,75.0
2025-12-23 08:00:00,-8.4,-7.9,,-8.9,,70.0,5.5,8.2,139.0,140.0,999.4,0.0,0.0,,0.0
2025-12-23 09:00:00,-8.6,-7.8,-5.7,-8.9,-8.9,65.0,5.4,8.7,138.0,140.0,999.8,0.0,0.0,,0.0
2025-12-23 10:00:00,-8.6,-8.0,,-9.1,,67.0,5.5,7.7,134.0,142.0,1000.5,0.0,0.0,,0.0
2025-12-23 11:00:00,-8.6,-8.1,,-9.3,,74.0,6.0,8.8,128.0,137.0,1000.9,0.0,0.0,,0.0
2025-12-23 12:00:00,-9.0,-8.6,-6.3,-9.5,-9.5,74.0,4.9,6.8,131.0,132.0,1001.3,0.0,0.0,,0.0
2025-12-23 13:00:00,-9.5,-8.5,,-10.1,,75.0,4.4,6.1,149.0,143.0,1001.5,0.0,0.0,,75.0
2025-12-23 14:00:00,-9.1,-8.6,,-9.5,,67.0,4.2,5.9,143.0,136.0,1001.9,0.0,0.0,,90.0
2025-12-23 15:00:00,-8.6,-8.1,-6.6,-9.1,-10.1,66.0,3.7,6.1,145.0,142.0,1002.3,0.0,0.0,,10.0
2025-12-23 16:00:00,-8.4,-8.0,,-9.1,,71.0,4.0,6.9,164.0,156.0,1002.2,1.0,0.0,,0.0
2025-12-23 17:00:00,-8.3,-8.0,,-8.9,,75.0,4.8,7.2,167.0,166.0,1002.2,0.0,0.0,,0.0
2025-12-23 18:00:00,-8.4,-8.1,-6.9,-9.0,-10.1,76.0,6.2,8.3,168.0,168.0,1002.5,0.0,0.0,,0.0
2025-12-23 19:00:00,-8.8,-8.4,,-9.2,,80.0,5.7,7.9,174.0,170.0,1002.8,0.0,0.0,,0.0
2025-12-23 20:00:00,-8.5,-8.2,,-8.9,,86.0,7.2,9.9,197.0,180.0,1003.0,0.0,0.0,,50.0
2025-12-23 21:00:00,-8.6,-8.2,-8.0,-9.6,-10.1,86.0,4.2,6.9,178.0,200.0,1003.3,0.0,0.0,,50.0
2025-12-23 22:00:00,-8.6,-8.5,,-8.8,,83.0,4.1,6.1,155.0,157.0,1003.4,0.0,0.0,,0.0
2025-12-23 23:00:00,-9.3,-8.3,,-10.2,,79.0,3.9,6.2,123.0,137.0,1003.7,0.0,0.0,,10.0
2025-12-24 00:00:00,-10.3,-9.6,-8.0,-10.6,-10.6,80.0,6.0,7.7,140.0,141.0,1003.7,0.0,0.0,,0.0
2025-12-24 01:00:00,-10.3,-9.9,,-10.6,,79.0,5.4,7.2,125.0,134.0,1003.5,0.0,0.0,,0.0
2025-12-24 02:00:00,-10.3,-10.1,,-10.6,,77.0,5.1,7.1,126.0,124.0,1003.1,0.0,0.0,,0.0
2025-12-24 03:00:00,-10.4,-10.2,-8.0,-10.8,-10.8,76.0,4.8,7.1,112.0,113.0,1003.1,0.0,0.0,,25.0
2025-12-24 04:00:00,-10.7,-10.5,,-10.9,,73.0,6.4,9.2,115.0,117.0,1003.2,0.0,0.0,,60.0
2025-12-24 05:00:00,-10.9,-10.7,,-11.2,,72.0,5.5,8.3,93.0,102.0,1003.5,0.0,0.0,,50.0
2025-12-24 06:00:00,-10.4,-9.6,-8.2,-11.2,-11.2,67.0,5.3,8.8,146.0,126.0,1003.5,0.0,0.0,0.0,25.0
2025-12-24 07:00:00,-9.6,-8.9,,-10.1,,65.0,6.3,9.4,141.0,142.0,1004.3,0.0,0.0,,0.0
2025-12-24 08:00:00,-9.1,-8.6,,-9.5,,66.0,5.6,9.0,148.0,140.0,1004.9,0.0,0.0,,0.0
2025-12-24 09:00:00,-8.8,-8.5,-8.3,-9.7,-11.2,67.0,5.8,8.6,134.0,145.0,1005.3,0.0,0.0,,75.0
2025-12-24 10:00:00,-9.0,-8.5,,-9.9,,67.0,6.3,10.3,146.0,147.0,1006.1,0.0,0.0,,60.0
2025-12-24 11:00:00,-8.6,-8.5,,-9.1,,66.0,6.6,9.7,127.0,144.0,1006.6,0.0,0.0,,50.0
2025-12-24 12:00:00,-9.9,-9.0,-8.5,-10.6,-11.2,68.0,5.3,7.5,132.0,132.0,1007.0,0.0,0.0,,0.0
2025-12-24 13:00:00,-10.0,-9.4,,-10.7,,70.0,4.8,7.1,114.0,124.0,1006.9,0.0,0.0,,0.0
2025-12-24 14:00:00,-10.4,-9.9,,-10.9,,72.0,4.2,6.8,100.0,119.0,1006.9,0.0,0.0,,0.0
2025-12-24 15:00:00,-10.4,-9.8,-8.5,-11.2,-11.2,64.0,4.6,8.2,97.0,109.0,1006.5,0.0,0.0,,0.0
2025-12-24 16:00:00,-11.6,-10.8,,-12.4,,67.0,4.5,7.4,89.0,92.0,1005.6,0.0,0.0,,0.0
2025-12-24 17:00:00,-11.7,-11.5,,-11.9,,65.0,6.5,9.2,79.0,77.0,1004.9,0.0,0.0,,0.0
2025-12-24 18:00:00,-11.5,-11.0,-8.5,-11.9,-12.4,63.0,6.1,8.8,91.0,90.0,1004.4,0.0,0.0,,0.0
2025-12-24 19:00:00,-10.8,-10.6,,-11.1,,62.0,5.7,7.8,78.0,82.0,1003.9,0.0,0.0,,0.0
2025-12-24 20:00:00,-10.8,-10.5,,-11.1,,70.0,5.0,6.4,78.0,77.0,1003.5,0.0,0.0,,0.0
2025-12-24 21:00:00,-11.3,-10.7,-8.5,-12.0,-12.4,68.0,4.4,6.6,108.0,88.0,1003.1,0.0,0.0,,0.0
2025-12-24 22:00:00,-11.9,-11.5,,-12.2,,63.0,4.0,5.3,131.0,119.0,1002.6,0.0,0.0,,0.0
2025-12-24 23:00:00,-12.3,-11.7,,-13.2,,61.0,3.7,4.8,121.0,125.0,1001.9,0.0,0.0,,0.0
2025-12-25 00:00:00,-12.2,-11.9,-9.4,-12.9,-13.2,64.0,3.8,5.1,126.0,124.0,1001.4,0.0,0.0,,0.0
2025-12-25 01:00:00,-12.7,-12.1,,-13.4,,71.0,2.8,4.0,166.0,137.0,1000.9,0.0,0.0,,0.0
2025-12-25 02:00:00,-12.4,-12.0,,-13.1,,73.0,1.9,3.8,146.0,162.0,1001.0,0.0,0.0,,0.0
2025-12-25 03:00:00,-12.2,-11.4,-10.5,-12.8,-13.4,78.0,1.4,2.5,163.0,156.0,1001.1,0.0,0.0,,0.0
2025-12-25 04:00:00,-12.7,-12.1,,-13.7,,78.0,2.2,4.1,161.0,160.0,1001.3,0.0,0.0,,40.0
2025-12-25 05:00:00,-12.5,-11.9,,-13.2,,78.0,2.7,4.3,154.0,154.0,1002.0,0.0,0.0,,0.0
2025-12-25 06:00:00,-12.5,-11.4,-10.5,-13.9,-13.9,78.0,3.4,5.7,151.0,151.0,1003.2,0.0,0.0,0.0,75.0
2025-12-25 07:00:00,-10.8,-10.4,,-11.6,,70.0,4.8,7.3,140.0,149.0,1004.5,0.0,0.0,,100.0
2025-12-25 08:00:00,-10.0,-9.6,,-11.1,,68.0,6.9,11.2,145.0,149.0,1005.6,0.0,0.0,,25.0
2025-12-25 09:00:00,-9.7,-9.2,-9.2,-10.2,-13.9,71.0,7.5,11.8,155.0,148.0,1006.8,0.0,0.0,,100.0
2025-12-25 10:00:00,-9.5,-9.4,,-9.6,,72.0,9.9,13.6,156.0,154.0,1008.1,0.0,0.0,,0.0
2025-12-25 11:00:00,-9.7,-9.4,,-10.0,,81.0,9.3,13.5,155.0,154.0,1009.5,0.0,0.0,,100.0
2025-12-25 12:00:00,-9.4,-9.1,-9.1,-9.8,-13.9,73.0,8.3,12.4,142.0,153.0,1011.2,0.0,0.0,,10.0
2025-12-25 13:00:00,-10.1,-9.6,,-10.3,,72.0,6.7,9.7,116.0,121.0,1012.6,0.0,0.0,,90.0
2025-12-25 14:00:00,-9.9,-9.7,,-10.2,,70.0,6.1,8.7,121.0,123.0,1013.4,0.0,0.0,,90.0
2025-12-25 15:00:00,-9.3,-8.3,-8.3,-10.2,-13.9,66.0,6.2,8.6,117.0,124.0,1013.7,0.0,0.0,,10.0
2025-12-25 16:00:00,-9.7,-8.5,,-10.3,,65.0,7.5,11.4,112.0,112.0,1014.2,0.0,0.0,,10.0
2025-12-25 17:00:00,-10.3,-10.0,,-10.6,,62.0,8.8,12.8,119.0,117.0,1014.7,0.0,0.0,,0.0
2025-12-25 18:00:00,-10.2,-10.0,-8.3,-10.5,-11.6,62.0,8.2,11.0,130.0,126.0,1015.3,0.0,0.0,,100.0
2025-12-25 19:00:00,-10.1,-10.0,,-10.3,,62.0,6.9,9.9,120.0,113.0,1016.0,0.0,0.0,,100.0
2025-12-25 20:00:00,-10.2,-9.9,,-10.5,,61.0,8.6,12.6,115.0,113.0,1016.9,0.0,0.0,,10.0
2025-12-25 21:00:00,-10.9,-10.2,-8.3,-11.6,-11.6,66.0,6.7,10.2,101.0,100.0,1017.1,0.0,0.0,,0.0
2025-12-25 22:00:00,-10.6,-10.3,,-11.0,,66.0,6.5,8.7,106.0,97.0,1017.5,0.0,0.0,,0.0
2025-12-25 23:00:00,-10.5,-9.8,,-10.8,,64.0,6.9,10.5,87.0,99.0,1017.2,0.0,0.0,,0.0
2025-12-26 00:00:00,-10.2,-9.7,-8.3,-10.6,-11.6,63.0,8.0,11.5,88.0,95.0,1017.5,0.0,0.0,,10.0
2025-12-26 01:00:00,-10.1,-9.7,,-10.6,,63.0,8.9,13.0,85.0,91.0,1017.6,0.0,0.0,,100.0
2025-12-26 02:00:00,-8.8,-7.9,,-10.3,,57.0,8.1,14.2,132.0,113.0,1017.0,0.0,0.0,,50.0
2025-12-26 03:00:00,-8.0,-7.4,-7.4,-8.4,-11.6,57.0,9.6,14.9,146.0,136.0,1018.1,0.0,0.0,,100.0
2025-12-26 04:00:00,-7.1,-6.7,,-7.5,,59.0,10.8,16.6,160.0,156.0,1019.1,0.0,0.0,,100.0
2025-12-26 05:00:00,-6.7,-6.5,,-7.1,,64.0,12.1,17.2,171.0,169.0,1020.5,0.0,0.0,,100.0
2025-12-26 06:00:00,-6.8,-6.6,-6.5,-7.0,-11.6,76.0,7.5,11.9,150.0,160.0,1022.0,0.0,0.0,0.0,100.0
2025-12-26 07:00:00,-6.4,-6.2,,-6.9,,81.0,5.4,8.8,129.0,145.0,1022.9,0.0,0.0,,60.0
2025-12-26 08:00:00,-7.2,-6.9,,-7.4,,76.0,6.7,9.6,131.0,137.0,1023.0,0.0,0.0,,90.0
2025-12-26 09:00:00,-7.3,-7.0,-6.2,-7.9,-11.0,67.0,4.8,7.6,105.0,118.0,1022.7,0.0,0.0,,25.0
2025-12-26 10:00:00,-7.1,-6.6,,-7.7,,67.0,6.2,11.4,129.0,118.0,1022.7,0.0,0.0,,75.0
2025-12-26 11:00:00,-6.7,-6.5,,-7.0,,63.0,9.0,13.1,126.0,123.0,1022.2,0.0,0.0,,10.0
2025-12-26 12:00:00,-7.0,-6.7,-6.2,-7.2,-10.6,64.0,8.8,12.6,137.0,132.0,1021.8,0.0,0.0,,0.0
2025-12-26 13:00:00,-6.7,-6.4,,-6.8,,64.0,7.8,11.4,139.0,135.0,1021.5,0.0,0.0,,100.0
2025-12-26 14:00:00,-5.9,-5.4,,-6.3,,62.0,8.0,14.2,135.0,139.0,1021.0,0.0,0.0,,100.0
2025-12-26 15:00:00,-6.3,-6.1,-5.4,-6.7,-7.9,64.0,6.1,9.3,113.0,126.0,1019.8,0.0,0.0,,75.0
2025-12-26 16:00:00,-6.9,-6.5,,-7.4,,66.0,4.4,7.4,116.0,124.0,1018.3,0.0,0.0,,75.0
2025-12-26 17:00:00,-7.3,-6.5,,-7.8,,64.0,3.6,6.8,134.0,112.0,1016.9,0.0,0.0,,75.0
2025-12-26 18:00:00,-7.4,-6.8,-5.4,-8.0,-8.0,59.0,1.5,3.0,221.0,162.0,1016.0,0.0,0.0,,0.0
2025-12-26 19:00:00,-7.4,-6.6,,-7.9,,64.0,1.4,2.4,229.0,228.0,1015.8,0.0,0.0,,50.0
2025-12-26 20:00:00,-7.2,-6.7,,-7.6,,65.0,2.1,3.3,202.0,213.0,1015.4,0.0,0.0,,100.0
2025-12-26 21:00:00,-6.8,-6.3,-5.4,-7.3,-8.0,70.0,2.2,3.4,203.0,204.0,1015.3,0.0,0.0,,60.0
2025-12-26 22:00:00,-5.7,-5.3,,-6.7,,85.0,6.0,10.8,299.0,295.0,1015.6,0.0,0.0,,100.0
2025-12-26 23:00:00,-6.2,-6.1,,-6.4,,85.0,6.5,10.8,296.0,294.0,1015.8,0.0,0.0,,100.0
2025-12-27 00:00:00,-6.3,-6.2,-5.3,-6.5,-8.0,80.0,6.4,11.1,316.0,305.0,1015.4,0.0,0.0,,100.0
2025-12-27 01:00:00,-6.5,-6.4,,-6.6,,79.0,7.3,12.5,321.0,318.0,1015.4,0.0,0.0,,100.0
2025-12-27 02:00:00,-6.4,-6.3,,-6.5,,77.0,6.4,10.4,327.0,326.0,1014.8,0.0,0.0,,100.0
2025-12-27 03:00:00,-6.0,-5.7,-5.3,-6.2,-8.0,76.0,6.0,9.3,328.0,329.0,1013.8,0.0,0.0,,100.0
2025-12-27 04:00:00,-5.6,-5.5,,-5.7,,76.0,7.5,11.6,328.0,329.0,1012.9,0.0,0.0,,100.0
2025-12-27 05:00:00,-5.3,-5.1,,-5.5,,75.0,7.7,10.9,331.0,331.0,1012.0,0.0,0.0,,75.0
2025-12-27 06:00:00,-5.1,-5.0,-5.0,-5.1,-7.9,72.0,6.8,10.2,329.0,332.0,1011.7,0.0,0.0,0.0,100.0
2025-12-27 07:00:00,-5.2,-5.1,,-5.3,,73.0,5.8,9.3,319.0,323.0,1011.6,0.0,0.0,,100.0
2025-12-27 08:00:00,-5.4,-5.3,,-5.4,,67.0,5.2,9.2,301.0,310.0,1012.3,0.0,0.0,,100.0
2025-12-27 09:00:00,-5.5,-5.4,-5.0,-5.6,-6.7,67.0,4.8,8.9,280.0,286.0,1013.9,0.0,0.0,,100.0
2025-12-27 10:00:00,-5.6,-5.6,,-5.7,,66.0,3.4,6.8,266.0,267.0,1015.6,0.0,0.0,,100.0
2025-12-27 11:00:00,-5.7,-5.6,,-6.0,,65.0,1.8,3.4,214.0,242.0,1017.0,0.0,0.0,,100.0
2025-12-27 12:00:00,-6.0,-5.7,-5.0,-6.3,-6.6,71.0,1.6,3.1,203.0,220.0,1018.3,0.0,0.0,,100.0
2025-12-27 13:00:00,-6.1,-5.8,,-6.3,,77.0,2.2,3.6,223.0,211.0,1019.6,0.0,0.0,,100.0
2025-12-27 14:00:00,-5.9,-5.6,,-6.2,,73.0,1.6,3.0,230.0,231.0,1021.1,0.0,0.0,,100.0
2025-12-27 15:00:00,-5.4,-5.2,-5.0,-5.7,-6.3,72.0,2.5,4.7,266.0,264.0,1022.3,0.0,0.0,,100.0
2025-12-27 16:00:00,-5.2,-5.0,,-5.4,,72.0,2.0,4.4,273.0,269.0,1023.5,1.0,0.0,,100.0
2025-12-27 17:00:00,-5.2,-5.0,,-5.4,,72.0,3.1,5.4,270.0,268.0,1024.3,0.0,0.0,,100.0
2025-12-27 18:00:00,-5.8,-5.5,-5.0,-6.0,-6.3,73.0,3.0,5.5,255.0,256.0,1025.7,0.0,0.0,,100.0
2025-12-27 19:00:00,-5.8,-5.8,,-6.0,,73.0,2.7,4.4,252.0,257.0,1026.4,0.0,0.0,,90.0
2025-12-27 20:00:00,-5.7,-5.6,,-5.9,,72.0,2.5,4.4,259.0,264.0,1027.3,0.0,0.0,,100.0
2025-12-27 21:00:00,-5.9,-5.7,-5.0,-6.3,-6.3,71.0,2.3,3.5,237.0,241.0,1028.1,0.0,0.0,,100.0
2025-12-27 22:00:00,-5.8,-5.6,,-6.1,,71.0,2.4,4.4,235.0,239.0,1028.6,0.0,0.0,,100.0
2025-12-27 23:00:00,-6.0,-5.8,,-6.2,,71.0,2.2,3.5,246.0,241.0,1029.1,0.0,0.0,,100.0
2025-12-28 00:00:00,-6.3,-6.1,-5.0,-6.6,-6.6,69.0,1.8,3.0,237.0,235.0,1029.3,0.0,0.0,,40.0
2025-12-28 01:00:00,-6.7,-6.3,,-7.1,,71.0,1.4,2.1,223.0,208.0,1029.9,0.0,0.0,,10.0
2025-12-28 02:00:00,-6.6,-6.2,,-7.4,,71.0,1.1,1.9,222.0,219.0,1029.5,0.0,0.0,,60.0
2025-12-28 03:00:00,-6.5,-6.2,-5.0,-6.8,-7.4,70.0,0.3,1.4,180.0,201.0,1029.3,0.0,0.0,,100.0
2025-12-28 04:00:00,-6.3,-6.1,,-6.9,,70.0,0.2,1.4,119.0,126.0,1028.9,0.0,0.0,,100.0
2025-12-28 05:00:00,-6.2,-5.7,,-6.9,,75.0,0.6,1.8,63.0,103.0,1028.0,0.0,0.0,,100.0
2025-12-28 06:00:00,-6.0,-5.6,-5.6,-6.4,-7.4,78.0,0.7,1.4,72.0,95.0,1027.8,0.0,0.0,0.0,100.0
2025-12-28 07:00:00,-5.6,-5.1,,-5.8,,88.0,1.2,2.8,347.0,1.0,1027.3,0.0,0.0,,100.0
2025-12-28 08:00:00,-4.8,-4.5,,-5.1,,88.0,3.2,6.3,52.0,33.0,1027.0,0.0,0.0,,100.0
2025-12-28 09:00:00,-4.8,-4.6,-4.5,-4.9,-7.4,86.0,4.3,7.2,51.0,37.0,1027.1,0.0,0.1,,100.0
2025-12-28 10:00:00,-4.5,-4.3,,-4.9,,85.0,4.3,7.4,37.0,33.0,1026.8,0.0,0.0,,100.0
2025-12-28 11:00:00,-4.2,-4.0,,-4.4,,83.0,5.0,8.5,31.0,34.0,1026.1,0.0,0.0,,100.0
2025-12-28 12:00:00,-4.0,-3.9,-3.9,-4.2,-7.4,82.0,5.9,8.9,30.0,31.0,1025.2,0.0,0.0,,75.0
2025-12-28 13:00:00,-3.9,-3.8,,-4.0,,83.0,6.1,8.6,45.0,36.0,1025.0,0.0,0.0,,60.0
2025-12-28 14:00:00,-3.8,-3.6,,-4.0,,84.0,5.8,8.6,39.0,44.0,1024.2,0.0,0.0,,100.0
2025-12-28 15:00:00,-3.7,-3.5,-3.5,-4.0,-6.9,86.0,5.5,8.1,58.0,45.0,1023.8,0.0,0.0,,100.0
2025-12-28 16:00:00,-4.0,-3.8,,-4.3,,87.0,3.9,6.7,49.0,54.0,1023.0,0.0,0.0,,75.0
2025-12-28 17:00:00,-4.0,-3.8,,-4.1,,87.0,3.8,5.5,85.0,66.0,1022.7,0.0,0.0,,100.0
2025-12-28 18:00:00,-4.2,-4.0,-3.5,-4.3,-5.8,87.0,3.0,5.7,73.0,71.0,1022.4,0.0,0.0,,100.0
2025-12-28 19:00:00,-3.6,-3.0,,-4.1,,83.0,3.7,6.1,139.0,108.0,1022.6,0.0,0.0,,100.0
2025-12-28 20:00:00,-2.6,-2.3,,-3.2,,81.0,1.9,5.0,26.0,137.0,1022.4,0.0,0.0,,90.0
2025-12-28 21:00:00,-2.4,-2.0,-2.0,-2.6,-4.9,87.0,2.3,5.7,83.0,78.0,1022.0,0.0,0.1,,100.0
2025-12-28 22:00:00,-0.8,0.9,,-2.1,,82.0,4.4,6.8,145.0,117.0,1022.0,0.0,0.1,,100.0
2025-12-28 23:00:00,1.8,2.4,,1.0,,74.0,6.6,12.8,160.0,153.0,1022.1,0.0,0.0,,100.0
2025-12-29 00:00:00,1.6,2.1,2.4,1.2,-4.3,78.0,6.0,9.9,168.0,165.0,1023.0,0.0,0.0,,100.0
2025-12-29 01:00:00,1.3,1.5,,1.2,,84.0,5.0,9.2,154.0,157.0,1023.3,0.0,0.1,,100.0
2025-12-29 02:00:00,1.7,2.4,,1.1,,85.0,6.9,12.9,169.0,156.0,1022.8,0.0,0.4,,100.0
2025-12-29 03:00:00,1.9,2.4,2.4,1.6,-4.3,90.0,7.7,11.7,179.0,177.0,1023.1,0.0,0.3,,100.0
2025-12-29 04:00:00,1.4,1.7,,1.1,,92.0,4.5,7.9,165.0,174.0,1023.5,0.0,0.2,,100.0
2025-12-29 05:00:00,1.4,1.9,,1.1,,88.0,2.0,4.1,188.0,148.0,1023.6,0.0,0.2,,100.0
2025-12-29 06:00:00,1.0,1.3,2.4,0.6,-4.1,90.0,0.0,0.7,19.0,0.0,1023.9,0.0,0.2,1.6,100.0
2025-12-29 07:00:00,0.4,0.6,,0.2,,96.0,0.9,1.9,329.0,349.0,1024.0,0.0,0.0,,100.0
2025-12-29 08:00:00,0.2,0.2,,0.1,,99.0,0.3,1.6,20.0,331.0,1024.0,0.0,0.0,,100.0
2025-12-29 09:00:00,0.2,0.6,2.4,-0.1,-2.1,99.0,1.8,3.1,71.0,55.0,1024.0,0.0,0.1,,100.0
2025-12-29 10:00:00,1.0,1.4,,0.4,,97.0,2.1,4.3,143.0,139.0,1023.6,0.0,0.1,,100.0
2025-12-29 11:00:00,1.6,1.9,,1.4,,93.0,2.1,3.8,114.0,134.0,1023.3,0.0,0.0,,100.0
2025-12-29 12:00:00,1.6,2.1,2.4,1.2,-0.1,92.0,1.2,3.0,0.0,128.0,1023.0,0.0,0.0,,100.0
2025-12-29 13:00:00,2.1,2.5,,1.4,,90.0,0.6,4.4,0.0,151.0,1022.9,0.0,0.0,,100.0
2025-12-29 14:00:00,1.8,2.4,,1.3,,91.0,2.1,4.9,57.0,66.0,1022.1,0.0,0.1,,100.0
2025-12-29 15:00:00,1.6,1.9,2.5,1.4,-0.1,91.0,3.9,5.2,75.0,68.0,1021.3,0.0,0.2,,100.0
2025-12-29 16:00:00,1.4,1.6,,1.0,,92.0,5.1,7.4,73.0,77.0,1020.1,0.0,0.8,,100.0
2025-12-29 17:00:00,1.3,1.7,,0.9,,86.0,5.8,8.3,75.0,70.0,1019.0,0.0,0.1,,100.0
2025-12-29 18:00:00,1.6,2.3,2.5,1.0,-0.1,80.0,6.0,9.3,79.0,79.0,1017.8,0.0,0.0,,100.0
2025-12-29 19:00:00,1.7,2.5,,1.4,,79.0,5.8,9.5,63.0,68.0,1016.8,0.0,0.0,,100.0
2025-12-29 20:00:00,1.9,3.0,,1.2,,83.0,4.8,8.8,111.0,86.0,1015.6,0.0,0.1,,100.0
2025-12-29 21:00:00,2.5,2.7,3.0,2.3,0.4,82.0,4.0,7.3,105.0,104.0,1014.8,0.0,0.1,,100.0
2025-12-29 22:00:00,2.5,2.8,,1.9,,86.0,6.1,8.1,84.0,96.0,1013.7,0.0,0.1,,100.0
2025-12-29 23:00:00,2.1,2.3,,1.9,,89.0,5.7,7.7,76.0,80.0,1012.8,0.0,0.1,,100.0
2025-12-30 00:00:00,2.3,2.5,3.0,2.1,0.9,91.0,5.3,7.4,65.0,75.0,1011.3,0.0,0.3,,100.0
2025-12-30 01:00:00,3.2,4.0,,2.2,,87.0,6.0,9.7,105.0,88.0,1010.1,0.0,0.0,,100.0
2025-12-30 02:00:00,4.2,4.5,,3.9,,82.0,7.1,10.1,134.0,128.0,1009.4,0.0,0.0,,100.0
2025-12-30 03:00:00,3.9,4.8,4.8,3.6,0.9,81.0,5.6,8.1,150.0,141.0,1009.0,0.0,0.1,,100.0
2025-12-30 04:00:00,3.3,5.0,,2.7,,85.0,5.1,7.9,226.0,216.0,1010.4,0.0,0.1,,100.0
2025-12-30 05:00:00,1.8,2.7,,1.1,,92.0,13.5,21.9,191.0,199.0,1009.3,0.0,1.0,,100.0
2025-12-30 06:00:00,1.6,1.9,5.0,1.4,1.1,85.0,17.5,24.8,194.0,192.0,1009.8,0.0,0.0,3.0,100.0
2025-12-30 07:00:00,1.8,2.1,,1.5,,78.0,19.1,27.7,191.0,193.0,1012.3,0.0,0.0,,0.0
2025-12-30 08:00:00,1.8,2.0,,1.6,,79.0,16.1,23.7,187.0,187.0,1013.1,0.0,0.0,,90.0
2025-12-30 09:00:00,1.8,2.1,5.0,1.6,1.1,81.0,16.8,23.7,187.0,186.0,1015.2,0.0,0.0,,100.0
2025-12-30 10:00:00,1.6,1.7,,1.4,,84.0,15.2,21.5,186.0,185.0,1017.3,0.0,0.0,,100.0
2025-12-30 11:00:00,-0.2,1.5,,-1.4,,93.0,11.2,20.6,210.0,203.0,1021.0,0.0,0.0,,100.0
2025-12-30 12:00:00,-1.9,-1.4,5.0,-2.1,-2.1,92.0,8.6,12.1,205.0,208.0,1023.5,0.0,0.0,,100.0
2025-12-30 13:00:00,-2.3,-2.1,,-2.5,,93.0,7.8,10.6,206.0,208.0,1025.5,0.0,0.0,,100.0
2025-12-30 14:00:00,-2.6,-2.5,,-2.8,,96.0,6.0,9.6,200.0,205.0,1027.4,0.0,0.0,,100.0
2025-12-30 15:00:00,-2.8,-2.7,5.0,-2.8,-2.8,98.0,3.3,5.8,210.0,210.0,1028.5,0.0,0.0,,100.0
2025-12-30 16:00:00,-2.7,-2.6,,-2.8,,98.0,0.9,2.2,106.0,189.0,1029.5,0.0,0.0,,100.0
2025-12-30 17:00:00,-2.5,-2.4,,-2.6,,98.0,1.4,2.6,67.0,74.0,1029.9,0.0,0.0,,100.0
2025-12-30 18:00:00,-2.2,-2.0,2.1,-2.4,-2.8,97.0,1.5,3.4,68.0,70.0,1030.1,0.0,0.0,,100.0
2025-12-30 19:00:00,-1.8,-1.4,,-2.1,,97.0,4.2,7.6,67.0,64.0,1030.2,0.0,0.0,,100.0
2025-12-30 20:00:00,-1.1,-0.9,,-1.4,,97.0,4.4,6.2,64.0,71.0,1030.1,0.0,0.0,,60.0
2025-12-30 21:00:00,-1.3,-1.1,1.7,-1.4,-2.8,98.0,4.4,6.5,58.0,63.0,1030.3,0.0,0.0,,0.0
2025-12-30 22:00:00,-1.1,-0.9,,-1.2,,99.0,4.9,7.7,50.0,46.0,1030.5,0.0,0.1,,10.0
2025-12-30 23:00:00,-1.1,-0.9,,-1.1,,98.0,4.7,7.8,50.0,46.0,1030.3,0.0,0.0,,10.0
2025-12-31 00:00:00,-1.1,-0.8,-0.8,-1.3,-2.8,98.0,4.1,6.1,35.0,40.0,1030.0,0.0,0.0,,100.0
2025-12-31 01:00:00,-0.5,-0.3,,-0.9,,95.0,3.6,6.7,52.0,46.0,1030.5,0.0,0.0,,100.0
2025-12-31 02:00:00,-0.3,-0.2,,-0.3,,95.0,3.3,6.0,33.0,46.0,1029.9,0.0,0.0,,100.0
2025-12-31 03:00:00,-0.3,-0.2,-0.2,-0.4,-2.8,96.0,4.7,7.5,46.0,38.0,1029.0,0.0,0.1,,100.0
2025-12-31 04:00:00,-0.1,0.0,,-0.2,,94.0,4.7,7.6,73.0,52.0,1028.4,0.0,0.1,,100.0
2025-12-31 05:00:00,0.1,0.3,,-0.1,,91.0,5.9,9.0,81.0,74.0,1028.1,0.0,0.0,,100.0
2025-12-31 06:00:00,1.0,1.3,1.3,0.2,-2.1,84.0,6.1,8.7,70.0,72.0,1027.4,0.0,0.3,0.5,100.0
2025-12-31 07:00:00,0.6,1.3,,0.1,,90.0,4.8,8.3,33.0,46.0,1026.9,0.0,0.2,,100.0
2025-12-31 08:00:00,0.3,0.3,,0.2,,91.0,5.4,7.9,25.0,28.0,1026.8,0.0,0.0,,100.0
2025-12-31 09:00:00,0.5,0.6,1.3,0.3,-1.3,89.0,3.7,6.8,49.0,38.0,1027.2,0.0,0.0,,100.0
2025-12-31 10:00:00,1.1,1.7,,0.6,,82.0,4.8,7.9,29.0,34.0,1026.5,0.0,0.0,,100.0
2025-12-31 11:00:00,1.6,1.9,,1.3,,79.0,6.1,8.9,25.0,28.0,1025.5,0.0,0.0,,100.0
2025-12-31 12:00:00,1.7,1.9,1.9,1.4,-0.9,81.0,6.5,9.3,36.0,30.0,1024.9,0.0,0.0,,100.0
2025-12-31 13:00:00,1.2,1.6,,0.7,,88.0,6.1,10.3,62.0,51.0,1025.2,0.0,0.0,,100.0
2025-12-31 14:00:00,1.1,1.3,,0.9,,88.0,5.3,8.4,44.0,56.0,1024.6,0.0,0.0,,100.0
2025-12-31 15:00:00,1.1,1.2,1.9,0.9,-0.2,88.0,6.0,9.0,50.0,53.0,1024.4,0.0,0.0,,100.0
2025-12-31 16:00:00,0.8,1.1,,0.5,,90.0,5.9,8.5,59.0,49.0,1024.2,0.0,0.0,,90.0
2025-12-31 17:00:00,0.5,0.7,,0.1,,90.0,5.7,8.2,57.0,60.0,1023.9,0.0,0.0,,100.0
2025-12-31 18:00:00,0.4,0.6,1.9,0.3,0.1,90.0,6.1,9.1,61.0,56.0,1023.3,0.0,0.0,,25.0
2025-12-31 19:00:00,0.5,0.7,,0.3,,88.0,6.3,8.8,50.0,59.0,1022.5,0.0,0.0,,0.0
2025-12-31 20:00:00,0.6,0.8,,0.5,,87.0,6.6,9.2,55.0,50.0,1022.2,0.0,0.0,,0.0
2025-12-31 21:00:00,0.6,0.7,1.9,0.4,0.1,87.0,5.7,8.5,48.0,48.0,1021.3,0.0,0.0,,40.0
2025-12-31 22:00:00,0.4,0.7,,0.2,,88.0,5.3,8.6,40.0,40.0,1020.4,0.0,0.0,,10.0
2025-12-31 23:00:00,0.7,1.1,,0.4,,84.0,6.8,11.8,44.0,42.0,1019.3,0.0,0.0,,0.0
