ts,101,112,113,122,123,201,301,305,365,371,401,550,601,609,801
2023-04-08 00:00:00,-7.4,,,,,67.0,4.1,6.5,319.0,330.0,996.1,,,,
2023-04-08 01:00:00,-7.0,,,,,69.0,4.0,6.4,335.0,321.0,994.8,,,,
2023-04-08 02:00:00,-6.7,,,,,65.0,3.9,5.7,320.0,326.0,993.5,,,,
2023-04-08 03:00:00,-6.4,,,,,60.0,3.3,5.7,330.0,336.0,992.0,,,,
2023-04-08 04:00:00,-8.2,,,,,72.0,4.1,6.0,262.0,284.0,990.8,,,,50.0
2023-04-08 05:00:00,-7.6,,,,,80.0,4.3,6.1,266.0,269.0,989.8,,,,100.0
2023-04-08 06:00:00,-7.7,,-6.2,,-8.8,81.0,3.1,4.7,216.0,232.0,989.2,,,,100.0
2023-04-08 07:00:00,-7.1,,,,,82.0,3.4,4.1,244.0,232.0,988.6,,,,100.0
2023-04-08 08:00:00,-8.3,,,,,81.0,2.4,3.2,207.0,198.0,988.5,,,,90.0
2023-04-08 09:00:00,-7.4,,,,,84.0,3.4,4.7,189.0,187.0,988.0,,,,90.0
2023-04-08 10:00:00,-7.8,,,,,83.0,4.0,5.5,196.0,196.0,987.8,,,,
2023-04-08 11:00:00,-7.2,,,,,81.0,3.6,5.0,209.0,211.0,987.7,,,,
2023-04-08 12:00:00,-7.0,,,,,77.0,2.6,3.8,169.0,165.0,987.7,,,,
2023-04-08 13:00:00,-5.2,,,,,73.0,2.3,4.2,80.0,155.0,987.5,,,,90.0
2023-04-08 14:00:00,-5.2,,,,,67.0,2.0,3.8,75.0,90.0,987.2,,,,90.0
2023-04-08 15:00:00,-5.8,,,,,73.0,3.0,5.0,82.0,96.0,987.6,,,,50.0
2023-04-08 16:00:00,-5.1,,,,,77.0,1.8,3.8,26.0,42.0,987.4,,,,10.0
2023-04-08 17:00:00,-4.3,,,,,75.0,1.9,4.6,354.0,334.0,987.1,,,,90.0
2023-04-08 18:00:00,-4.1,,-4.0,,-8.9,75.0,3.3,5.4,343.0,357.0,986.6,,,,90.0
2023-04-08 19:00:00,-4.1,,,,,70.0,3.0,4.4,14.0,359.0,987.1,,,,60.0
2023-04-08 20:00:00,-4.5,,,,,73.0,3.8,6.5,38.0,20.0,986.9,,,,90.0
2023-04-08 21:00:00,-5.4,,,,,82.0,4.3,6.3,60.0,47.0,986.6,,,,50.0
2023-04-08 22:00:00,-6.5,,,,,84.0,2.0,4.1,87.0,83.0,986.4,,,,50.0
2023-04-08 23:00:00,-7.1,,,,,84.0,1.8,3.4,77.0,31.0,986.3,,,,90.0
2023-04-09 00:00:00,-7.6,,,,,83.0,2.0,2.9,141.0,114.0,986.2,,,,90.0
2023-04-09 01:00:00,-8.3,,,,,83.0,2.3,3.9,156.0,137.0,986.9,,,,90.0
2023-04-09 02:00:00,-7.9,,,,,82.0,6.5,8.7,172.0,173.0,987.9,,,,
2023-04-09 03:00:00,-6.0,,,,,83.0,6.2,10.3,169.0,167.0,989.6,,,,90.0
2023-04-09 04:00:00,-5.2,,,,,83.0,9.2,12.5,208.0,198.0,991.8,,,,100.0
2023-04-09 05:00:00,-6.1,,,,,80.0,7.6,11.6,218.0,220.0,994.3,,,,100.0
2023-04-09 06:00:00,-6.8,,-3.9,,-8.7,80.0,6.1,8.3,207.0,211.0,996.3,,,,100.0
2023-04-09 07:00:00,-7.2,,,,,82.0,4.0,6.6,166.0,190.0,997.9,,,,100.0
2023-04-09 08:00:00,-7.7,,,,,82.0,4.2,5.6,197.0,189.0,998.2,,,,100.0
2023-04-09 09:00:00,-7.9,,,,,83.0,2.8,4.5,173.0,198.0,999.0,,,,100.0
2023-04-09 10:00:00,-7.6,,,,,83.0,2.5,3.3,229.0,194.0,999.4,,,,100.0
2023-04-09 11:00:00,-7.5,,,,,82.0,2.7,3.7,230.0,232.0,999.8,,,,100.0
2023-04-09 12:00:00,-7.1,,,,,82.0,3.1,4.8,228.0,227.0,999.8,,,,100.0
2023-04-09 13:00:00,-6.6,,,,,81.0,3.3,5.0,259.0,258.0,999.7,,,,100.0
2023-04-09 14:00:00,-6.2,,,,,81.0,2.7,4.3,249.0,258.0,999.9,,,,100.0
2023-04-09 15:00:00,-5.7,,,,,79.0,1.8,3.4,225.0,240.0,999.6,,,,100.0
2023-04-09 16:00:00,-6.1,,,,,79.0,2.2,3.9,255.0,259.0,999.9,,,,100.0
2023-04-09 17:00:00,-6.1,,,,,80.0,2.6,4.9,258.0,254.0,999.3,,,,100.0
2023-04-09 18:00:00,-5.8,,-5.5,,-8.0,80.0,3.9,5.3,266.0,257.0,998.8,,,,90.0
2023-04-09 19:00:00,-5.7,,,,,81.0,3.6,5.5,254.0,255.0,998.9,,,,100.0
2023-04-09 20:00:00,-5.5,,,,,85.0,3.2,5.3,255.0,275.0,999.2,,,,100.0
2023-04-09 21:00:00,-5.3,,,,,83.0,2.1,3.2,194.0,216.0,998.8,,,,90.0
2023-04-09 22:00:00,-6.6,,,,,84.0,2.4,3.4,181.0,170.0,998.3,,,,50.0
2023-04-09 23:00:00,-6.1,,,,,86.0,3.5,4.6,184.0,184.0,998.2,,,,100.0
2023-04-10 00:00:00,-6.1,,,,,86.0,3.2,4.3,183.0,181.0,998.0,,,,100.0
2023-04-10 01:00:00,-6.1,,,,,86.0,2.6,3.9,162.0,165.0,997.6,,,,100.0
2023-04-10 02:00:00,-5.8,,,,,87.0,2.4,3.7,122.0,144.0,997.4,,,,100.0
2023-04-10 03:00:00,-6.2,,,,,89.0,2.3,3.3,128.0,122.0,997.0,,,,100.0
2023-04-10 04:00:00,-6.6,,,,,92.0,1.6,3.2,133.0,138.0,996.7,,,,100.0
2023-04-10 05:00:00,-6.7,,,,,93.0,1.3,2.8,165.0,145.0,996.4,,,,100.0
2023-04-10 06:00:00,-6.6,,-4.9,,-6.7,93.0,0.5,1.3,144.0,168.0,996.1,,,,100.0
2023-04-10 07:00:00,-6.3,,,,,93.0,1.3,3.0,82.0,79.0,996.0,,,,100.0
2023-04-10 08:00:00,-6.4,,,,,93.0,1.2,2.6,137.0,118.0,995.7,,,,100.0
2023-04-10 09:00:00,-6.4,,,,,92.0,1.9,3.0,165.0,148.0,995.9,,,,100.0
2023-04-10 10:00:00,-6.1,,,,,92.0,1.5,2.8,182.0,180.0,995.9,,,,100.0
2023-04-10 11:00:00,-5.5,,,,,92.0,0.7,2.8,64.0,103.0,995.6,,,,100.0
2023-04-10 12:00:00,-5.0,,,,,93.0,2.0,4.6,52.0,52.0,995.4,,,,100.0
2023-04-10 13:00:00,-4.7,,,,,93.0,3.2,5.5,44.0,41.0,995.2,,,,100.0
2023-04-10 14:00:00,-3.7,,,,,93.0,2.8,4.6,31.0,32.0,994.6,,,,
2023-04-10 15:00:00,-3.6,,,,,94.0,5.0,6.9,35.0,43.0,994.3,,,,100.0
2023-04-10 16:00:00,-3.6,,,,,94.0,5.4,7.2,31.0,44.0,993.9,,,,
2023-04-10 17:00:00,-3.8,,,,,94.0,4.8,6.1,32.0,31.0,993.8,,,,
2023-04-10 18:00:00,-3.5,,-3.4,,-6.6,94.0,4.2,5.8,37.0,39.0,993.5,,,,
2023-04-10 19:00:00,-3.2,,,,,94.0,4.4,5.6,45.0,41.0,993.1,,,,
2023-04-10 20:00:00,-3.1,,,,,94.0,3.8,5.0,53.0,49.0,992.8,,,,90.0
2023-04-10 21:00:00,-2.9,,,,,94.0,3.2,4.1,78.0,69.0,992.9,,,,
2023-04-10 22:00:00,-2.8,,,,,95.0,3.6,5.2,69.0,77.0,993.1,,,,25.0
2023-04-10 23:00:00,-3.1,,,,,95.0,2.9,4.8,81.0,78.0,993.6,,,,
2023-04-11 00:00:00,-3.4,,,,,95.0,3.4,4.4,68.0,74.0,993.9,,,,
2023-04-11 01:00:00,-3.2,,,,,93.0,4.5,6.6,96.0,91.0,994.3,,,,
2023-04-11 02:00:00,-2.6,,,,,85.0,4.5,6.5,92.0,91.0,994.5,,,,
2023-04-11 03:00:00,-2.4,,,,,82.0,3.9,6.0,81.0,80.0,994.6,,,,
2023-04-11 04:00:00,-1.2,,,,,69.0,6.0,7.9,74.0,84.0,994.8,,,,
2023-04-11 05:00:00,-1.5,1.1,,,,66.0,5.5,8.1,75.0,81.0,994.9,,,,
2023-04-11 06:00:00,-0.8,0.8,1.1,,-4.1,63.0,5.0,6.9,72.0,85.0,995.0,,,,
2023-04-11 07:00:00,0.6,2.1,,,,58.0,4.9,11.3,65.0,84.0,995.5,,,,
2023-04-11 08:00:00,0.3,2.8,,,,57.0,3.8,8.0,137.0,97.0,996.3,,,,
2023-04-11 09:00:00,0.4,2.4,,,,55.0,3.4,6.6,51.0,83.0,996.9,,,,
2023-04-11 10:00:00,-0.8,0.2,,,,63.0,4.0,7.4,121.0,101.0,997.6,,,,
2023-04-11 11:00:00,-1.1,,,,,58.0,3.9,5.5,100.0,108.0,998.1,,,,
2023-04-11 12:00:00,0.3,1.1,,,,56.0,4.9,6.5,114.0,110.0,998.7,,,,
2023-04-11 13:00:00,1.1,1.8,,0.2,,56.0,4.3,6.5,89.0,99.0,999.4,,,,
2023-04-11 14:00:00,1.5,2.1,,0.7,,57.0,3.2,4.8,57.0,85.0,999.8,,,,
2023-04-11 15:00:00,1.3,2.9,,0.7,,67.0,1.4,2.9,61.0,40.0,1000.2,,,,75.0
2023-04-11 16:00:00,1.8,2.3,,1.1,,63.0,2.1,3.3,102.0,78.0,1000.5,,,,90.0
2023-04-11 17:00:00,1.2,2.8,,0.5,,71.0,0.9,3.3,87.0,62.0,1000.8,,,,10.0
2023-04-11 18:00:00,1.1,1.6,2.9,0.7,-2.5,73.0,0.4,2.4,28.0,349.0,1001.1,,,,
2023-04-11 19:00:00,1.1,2.7,,0.4,,73.0,0.2,2.7,224.0,203.0,1001.4,,,,
2023-04-11 20:00:00,-1.3,1.2,,,,82.0,2.5,4.2,255.0,260.0,1002.2,,,,
2023-04-11 21:00:00,-2.9,,,,,88.0,4.1,5.5,254.0,254.0,1002.7,,,,25.0
2023-04-11 22:00:00,-3.2,,,,,94.0,4.3,5.9,249.0,248.0,1003.3,,,,60.0
2023-04-11 23:00:00,-4.1,,,,,95.0,4.2,5.9,243.0,252.0,1003.5,,,,
2023-04-12 00:00:00,-4.1,,,,,94.0,4.8,6.2,232.0,232.0,1004.3,,,,
2023-04-12 01:00:00,-3.6,,,,,94.0,5.3,6.8,227.0,227.0,1004.9,,,,
2023-04-12 02:00:00,-3.6,,,,,95.0,5.0,6.4,246.0,237.0,1005.2,,,,100.0
2023-04-12 03:00:00,-4.2,,,,,94.0,4.2,5.9,229.0,241.0,1005.6,,,,100.0
2023-04-12 04:00:00,-4.4,,,,,94.0,4.1,5.4,230.0,235.0,1005.8,,,,100.0
2023-04-12 05:00:00,-4.4,,,,,94.0,3.3,4.7,221.0,227.0,1006.1,,,,100.0
2023-04-12 06:00:00,-4.3,,2.7,,-4.8,94.0,3.9,5.7,267.0,246.0,1005.8,,,,100.0
2023-04-12 07:00:00,-4.4,,,,,94.0,3.2,5.7,297.0,277.0,1006.5,,,,100.0
2023-04-12 08:00:00,-4.6,,,,,94.0,2.3,4.1,223.0,254.0,1006.5,,,,100.0
2023-04-12 09:00:00,-4.6,,,,,93.0,2.1,3.4,228.0,244.0,1006.6,,,,100.0
2023-04-12 10:00:00,-4.7,,,,,94.0,2.0,3.8,274.0,260.0,1006.6,,,,100.0
2023-04-12 11:00:00,-4.6,,,,,93.0,1.5,3.2,244.0,227.0,1006.6,,,,100.0
2023-04-12 12:00:00,-4.8,,,,,93.0,2.6,4.5,258.0,252.0,1006.4,,,,100.0
2023-04-12 13:00:00,-4.0,,,,,94.0,2.2,3.6,201.0,231.0,1006.4,,,,100.0
2023-04-12 14:00:00,-3.9,,,,,94.0,2.0,4.0,211.0,224.0,1006.7,,,,100.0
2023-04-12 15:00:00,-3.6,,,,,94.0,3.2,5.4,211.0,202.0,1006.6,,,,100.0
2023-04-12 16:00:00,-2.8,,,,,94.0,4.7,7.7,223.0,212.0,1006.4,,,,100.0
2023-04-12 17:00:00,-3.2,,,,,94.0,4.6,6.2,255.0,252.0,1006.5,,,,90.0
2023-04-12 18:00:00,-3.4,,-2.5,,-4.9,94.0,4.0,5.4,250.0,259.0,1007.0,,,,100.0
2023-04-12 19:00:00,-3.7,,,,,94.0,3.5,4.5,265.0,254.0,1007.4,,,,100.0
2023-04-12 20:00:00,-3.9,,,,,94.0,2.8,4.1,276.0,279.0,1007.7,,,,100.0
2023-04-12 21:00:00,-3.8,,,,,93.0,1.5,3.1,278.0,276.0,1007.8,,,,90.0
2023-04-12 22:00:00,-4.3,,,,,92.0,2.6,4.2,261.0,270.0,1007.9,,,,100.0
2023-04-12 23:00:00,-4.4,,,,,90.0,2.4,4.1,241.0,247.0,1008.0,,,,100.0
2023-04-13 00:00:00,-4.7,,,,,89.0,2.2,3.6,286.0,269.0,1008.3,,,,100.0
2023-04-13 01:00:00,-4.7,,,,,90.0,1.5,3.5,186.0,232.0,1008.4,,,,100.0
2023-04-13 02:00:00,-4.7,,,,,90.0,1.3,3.2,222.0,230.0,1008.5,,,,100.0
2023-04-13 03:00:00,-4.9,,,,,91.0,1.4,3.7,323.0,342.0,1008.4,,,,100.0
2023-04-13 04:00:00,-4.9,,,,,93.0,0.8,2.8,126.0,210.0,1008.3,,,,100.0
2023-04-13 05:00:00,-5.2,,,,,94.0,1.4,3.2,16.0,333.0,1008.3,,,,100.0
2023-04-13 06:00:00,-5.4,,-3.3,,-5.4,94.0,1.2,3.5,61.0,49.0,1008.4,,,,100.0
2023-04-13 07:00:00,-5.4,,,,,93.0,1.0,2.5,205.0,172.0,1008.3,,,,100.0
2023-04-13 08:00:00,-5.3,,,,,93.0,0.9,2.4,121.0,195.0,1008.7,,,,100.0
2023-04-13 09:00:00,-5.4,,,,,93.0,1.2,2.9,100.0,115.0,1008.6,,,,100.0
2023-04-13 10:00:00,-5.5,,,,,93.0,1.5,3.3,119.0,136.0,1008.7,,,,100.0
2023-04-13 11:00:00,-5.6,,,,,93.0,2.1,3.7,111.0,120.0,1008.8,,,,100.0
2023-04-13 12:00:00,-5.4,,,,,93.0,1.5,3.5,145.0,123.0,1008.9,,,,100.0
2023-04-13 13:00:00,-5.3,,,,,93.0,2.0,4.1,54.0,97.0,1009.0,,,,100.0
2023-04-13 14:00:00,-5.1,,,,,92.0,2.0,3.6,64.0,54.0,1008.9,,,,100.0
2023-04-13 15:00:00,-4.6,,,,,93.0,1.8,3.6,79.0,90.0,1008.8,,,,100.0
2023-04-13 16:00:00,-4.8,,,,,93.0,1.3,3.1,78.0,86.0,1009.0,,,,100.0
2023-04-13 17:00:00,-4.8,,,,,92.0,1.4,3.0,79.0,85.0,1009.1,,,,100.0
2023-04-13 18:00:00,-4.8,,-4.3,,-5.7,92.0,1.1,3.0,344.0,39.0,1009.4,,,,100.0
2023-04-13 19:00:00,-4.8,,,,,92.0,0.8,2.8,36.0,347.0,1009.6,,,,100.0
2023-04-13 20:00:00,-5.1,,,,,92.0,1.1,2.7,107.0,40.0,1010.2,,,,100.0
2023-04-13 21:00:00,-5.4,,,,,93.0,1.3,3.2,41.0,94.0,1010.5,,,,100.0
2023-04-13 22:00:00,-5.4,,,,,93.0,1.5,3.0,46.0,68.0,1010.8,,,,100.0
2023-04-13 23:00:00,-5.6,,,,,93.0,1.1,2.5,128.0,88.0,1011.2,,,,100.0
2023-04-14 00:00:00,-5.8,,,,,93.0,1.4,2.4,144.0,126.0,1011.5,,,,
2023-04-14 01:00:00,-6.2,,,,,93.0,1.6,2.4,158.0,155.0,1012.1,,,,
2023-04-14 02:00:00,-6.2,,,,,93.0,1.4,3.1,175.0,170.0,1012.5,,,,
2023-04-14 03:00:00,-5.8,,,,,93.0,2.0,2.9,189.0,180.0,1012.8,,,,
2023-04-14 04:00:00,-5.4,,,,,93.0,1.0,1.9,267.0,218.0,1013.1,,,,
2023-04-14 05:00:00,-5.4,,,,,93.0,1.2,2.7,53.0,339.0,1013.7,,,,
2023-04-14 06:00:00,-5.4,,-4.3,,-6.3,93.0,1.4,3.1,340.0,357.0,1014.0,,,,
2023-04-14 07:00:00,-5.5,,,,,93.0,1.6,3.4,55.0,18.0,1014.5,,,,
2023-04-14 08:00:00,-5.7,,,,,93.0,1.5,3.0,19.0,34.0,1015.0,,,,100.0
2023-04-14 09:00:00,-5.6,,,,,93.0,1.1,3.3,36.0,38.0,1015.2,,,,100.0
2023-04-14 10:00:00,-5.7,,,,,93.0,1.6,4.1,91.0,53.0,1015.5,,,,
2023-04-14 11:00:00,-5.9,,,,,92.0,2.5,3.8,92.0,90.0,1015.6,,,,
2023-04-14 12:00:00,-5.9,,,,,92.0,3.0,4.8,65.0,80.0,1015.7,,,,100.0
2023-04-14 13:00:00,-5.9,,,,,92.0,2.6,4.7,63.0,64.0,1015.9,,,,100.0
2023-04-14 14:00:00,-5.8,,,,,92.0,2.1,3.9,56.0,66.0,1015.8,,,,
2023-04-14 15:00:00,-5.4,,,,,92.0,2.1,3.7,45.0,49.0,1015.6,,,,90.0
2023-04-14 16:00:00,-4.3,,,,,92.0,1.0,2.5,15.0,28.0,1015.1,,,,
2023-04-14 17:00:00,-4.3,,,,,93.0,1.2,3.1,359.0,3.0,1014.9,,,,90.0
2023-04-14 18:00:00,-3.8,,-3.5,,-6.3,93.0,2.2,3.8,345.0,347.0,1014.6,,,,100.0
2023-04-14 19:00:00,-2.9,,,,,94.0,1.5,2.9,263.0,330.0,1014.2,,,,50.0
2023-04-14 20:00:00,-2.6,,,,,94.0,2.2,4.6,329.0,292.0,1014.0,,,,
2023-04-14 21:00:00,-1.9,,,,,92.0,4.4,5.5,331.0,332.0,1013.8,,,,
2023-04-14 22:00:00,-1.9,,,,,86.0,4.5,5.8,333.0,332.0,1013.5,,,,
2023-04-14 23:00:00,-2.4,,,,,82.0,3.8,4.8,318.0,325.0,1013.2,,,,
2023-04-15 00:00:00,-4.2,,,,,87.0,3.6,5.0,268.0,270.0,1013.1,,,,
2023-04-15 01:00:00,-4.7,,,,,92.0,4.5,5.7,276.0,274.0,1013.0,,,,
2023-04-15 02:00:00,-5.0,,,,,94.0,3.8,4.9,256.0,267.0,1012.6,,,,10.0
2023-04-15 03:00:00,-5.0,,,,,94.0,3.6,4.3,257.0,258.0,1012.1,,,,90.0
2023-04-15 04:00:00,-4.7,,,,,94.0,3.6,4.8,269.0,267.0,1011.6,,,,90.0
2023-04-15 05:00:00,-5.2,,,,,93.0,2.3,4.0,272.0,266.0,1011.3,,,,90.0
2023-04-15 06:00:00,-4.9,,-1.8,,-5.7,93.0,4.2,5.4,268.0,270.0,1011.1,,,,90.0
2023-04-15 07:00:00,-4.9,,,,,93.0,3.1,4.7,247.0,258.0,1011.1,,,,
2023-04-15 08:00:00,-5.3,,,,,93.0,2.6,3.4,256.0,240.0,1011.0,,,,
2023-04-15 09:00:00,-4.9,,,,,93.0,1.8,3.0,50.0,7.0,1010.9,,,,
2023-04-15 10:00:00,-6.1,,,,,92.0,1.4,2.0,100.0,68.0,1011.0,,,,
2023-04-15 11:00:00,-5.7,,,,,92.0,1.2,2.8,57.0,76.0,1011.1,,,,
2023-04-15 12:00:00,-5.3,,,,,92.0,1.3,2.3,78.0,80.0,1010.9,,,,
2023-04-15 13:00:00,-6.4,,,,,92.0,3.2,4.5,83.0,77.0,1010.8,,,,
2023-04-15 14:00:00,-6.2,,,,,91.0,3.0,4.1,80.0,83.0,1010.9,,,,90.0
2023-04-15 15:00:00,-5.7,,,,,91.0,2.3,3.6,67.0,81.0,1010.7,,,,90.0
2023-04-15 16:00:00,-5.2,,,,,91.0,1.3,3.1,26.0,60.0,1010.5,,,,60.0
2023-04-15 17:00:00,-5.1,,,,,91.0,1.4,2.7,6.0,351.0,1010.6,,,,50.0
2023-04-15 18:00:00,-4.2,,-4.2,,-6.7,92.0,1.0,2.1,3.0,7.0,1010.5,,,,
2023-04-15 19:00:00,-3.8,,,,,91.0,0.5,2.3,272.0,268.0,1010.3,,,,
2023-04-15 20:00:00,-1.8,,,,,85.0,0.1,4.9,250.0,269.0,1010.5,,,,
2023-04-15 21:00:00,-2.2,0.0,,,,68.0,0.9,3.7,309.0,307.0,1010.6,,,,
2023-04-15 22:00:00,-2.4,,,,,77.0,3.2,4.1,299.0,306.0,1010.5,,,,
2023-04-15 23:00:00,-4.1,,,,,77.0,2.2,3.4,251.0,263.0,1010.6,,,,
2023-04-16 00:00:00,-6.1,,,,,84.0,2.3,2.9,228.0,233.0,1010.7,,,,
2023-04-16 01:00:00,-4.6,,,,,89.0,1.9,2.6,222.0,232.0,1010.9,,,,
2023-04-16 02:00:00,-6.1,,,,,91.0,1.8,2.6,182.0,193.0,1010.8,,,,
2023-04-16 03:00:00,-6.7,,,,,91.0,2.2,3.2,177.0,183.0,1010.7,,,,
2023-04-16 04:00:00,-6.5,,,,,91.0,1.8,2.9,221.0,192.0,1010.5,,,,
2023-04-16 05:00:00,-6.2,,,,,89.0,1.0,3.0,259.0,239.0,1010.4,,,,
2023-04-16 06:00:00,-5.2,,0.0,,-7.0,90.0,1.5,2.7,306.0,277.0,1010.5,,,,
2023-04-16 07:00:00,-5.7,,,,,93.0,1.8,3.0,76.0,60.0,1010.9,,,,
2023-04-16 08:00:00,-5.9,,,,,93.0,1.7,3.3,71.0,70.0,1011.1,,,,
2023-04-16 09:00:00,-6.1,,,,,93.0,2.7,4.3,53.0,59.0,1011.2,,,,100.0
2023-04-16 10:00:00,-6.0,,,,,92.0,3.3,5.6,66.0,57.0,1011.4,,,,100.0
2023-04-16 11:00:00,-5.7,,,,,92.0,4.2,6.0,72.0,73.0,1011.6,,,,100.0
2023-04-16 12:00:00,-5.2,,,,,92.0,2.2,4.3,123.0,107.0,1011.4,,,,100.0
2023-04-16 13:00:00,-3.7,,,,,93.0,1.0,2.6,105.0,133.0,1011.3,,,,90.0
2023-04-16 14:00:00,-4.0,,,,,92.0,2.2,3.7,266.0,257.0,1011.2,,,,100.0
2023-04-16 15:00:00,-3.7,,,,,89.0,3.7,5.2,270.0,267.0,1010.8,,,,90.0
2023-04-16 16:00:00,-3.3,,,,,85.0,3.9,4.9,261.0,265.0,1010.4,,,,100.0
2023-04-16 17:00:00,-3.1,,,,,82.0,3.6,4.5,258.0,260.0,1010.3,,,,100.0
2023-04-16 18:00:00,-2.8,,-2.7,,-6.2,79.0,3.3,4.9,257.0,261.0,1010.1,,,,100.0
2023-04-16 19:00:00,-2.8,,,,,74.0,2.6,3.7,257.0,265.0,1009.9,,,,100.0
2023-04-16 20:00:00,-3.4,,,,,76.0,3.2,6.0,291.0,270.0,1009.8,,,,90.0
2023-04-16 21:00:00,-3.7,,,,,83.0,4.6,5.9,294.0,297.0,1009.9,,,,100.0
2023-04-16 22:00:00,-3.6,,,,,81.0,4.2,6.0,271.0,284.0,1009.7,,,,100.0
2023-04-16 23:00:00,-4.1,,,,,82.0,4.3,6.1,272.0,270.0,1009.6,,,,100.0
2023-04-17 00:00:00,-4.4,,,,,82.0,4.5,6.1,259.0,268.0,1009.5,,,,90.0
2023-04-17 01:00:00,-4.6,,,,,80.0,4.2,6.0,250.0,253.0,1009.2,,,,100.0
2023-04-17 02:00:00,-4.7,,,,,81.0,2.2,3.7,241.0,240.0,1008.9,,,,100.0
2023-04-17 03:00:00,-4.7,,,,,83.0,0.4,1.5,0.0,206.0,1008.6,,,,100.0
2023-04-17 04:00:00,-4.9,,,,,82.0,0.6,1.6,207.0,209.0,1008.1,,,,100.0
2023-04-17 05:00:00,-4.8,,,,,82.0,1.1,2.2,234.0,249.0,1007.6,,,,100.0
2023-04-17 06:00:00,-4.3,,-2.7,,-4.9,81.0,2.3,3.5,277.0,250.0,1007.3,,,,100.0
2023-04-17 07:00:00,-4.0,,,,,81.0,2.5,3.9,286.0,290.0,1007.0,,,,100.0
2023-04-17 08:00:00,-3.6,,,,,79.0,2.1,3.8,333.0,329.0,1006.7,,,,100.0
2023-04-17 09:00:00,-3.5,,,,,69.0,1.8,5.2,25.0,360.0,1006.5,,,,100.0
2023-04-17 10:00:00,-3.8,,,,,73.0,1.9,6.8,328.0,83.0,1006.7,,,,100.0
2023-04-17 11:00:00,-4.0,,,,,84.0,5.4,7.1,334.0,328.0,1006.7,,,,90.0
2023-04-17 12:00:00,-4.1,,,,,83.0,5.1,6.8,329.0,330.0,1006.8,,,,100.0
2023-04-17 13:00:00,-4.2,,,,,83.0,5.1,6.7,330.0,328.0,1006.7,,,,100.0
2023-04-17 14:00:00,-4.3,,,,,83.0,4.7,6.5,321.0,323.0,1006.6,,,,100.0
2023-04-17 15:00:00,-4.3,,,,,82.0,4.8,6.2,320.0,321.0,1006.6,,,,100.0
2023-04-17 16:00:00,-4.2,,,,,81.0,4.3,5.4,323.0,320.0,1006.3,,,,100.0
2023-04-17 17:00:00,-4.2,,,,,81.0,4.3,5.7,320.0,319.0,1006.0,,,,100.0
2023-04-17 18:00:00,-4.3,,-3.4,,-4.4,82.0,3.8,5.0,311.0,318.0,1005.9,,,,100.0
2023-04-17 19:00:00,-4.1,,,,,82.0,2.9,4.2,293.0,301.0,1005.9,,,,100.0
2023-04-17 20:00:00,-3.8,,,,,81.0,2.5,3.8,312.0,312.0,1006.0,,,,100.0
2023-04-17 21:00:00,-3.6,,,,,80.0,2.2,3.5,287.0,286.0,1006.0,,,,100.0
2023-04-17 22:00:00,-3.7,,,,,78.0,2.5,3.6,277.0,290.0,1006.1,,,,100.0
2023-04-17 23:00:00,-3.8,,,,,79.0,2.7,3.7,244.0,252.0,1006.6,,,,100.0
2023-04-18 00:00:00,-4.1,,,,,80.0,3.1,4.8,307.0,299.0,1007.1,,,,100.0
2023-04-18 01:00:00,-4.2,,,,,80.0,2.9,4.7,254.0,290.0,1007.6,,,,100.0
2023-04-18 02:00:00,-4.4,,,,,81.0,1.9,2.9,226.0,226.0,1007.9,,,,100.0
2023-04-18 03:00:00,-4.6,,,,,82.0,2.2,3.4,227.0,231.0,1008.2,,,,100.0
2023-04-18 04:00:00,-4.9,,,,,84.0,3.0,4.4,236.0,237.0,1008.5,,,,100.0
2023-04-18 05:00:00,-4.6,,,,,83.0,2.9,4.1,185.0,214.0,1008.9,,,,100.0
2023-04-18 06:00:00,-4.8,,-3.6,,-4.9,84.0,2.9,4.5,195.0,186.0,1009.2,,,,100.0
2023-04-18 07:00:00,-4.7,,,,,85.0,2.8,4.4,146.0,174.0,1009.9,,,,100.0
2023-04-18 08:00:00,-4.9,,,,,84.0,3.1,5.2,162.0,158.0,1010.3,,,,100.0
2023-04-18 09:00:00,-4.9,,,,,83.0,4.1,6.0,168.0,163.0,1010.6,,,,100.0
2023-04-18 10:00:00,-4.7,,,,,82.0,4.8,6.8,164.0,171.0,1011.0,,,,100.0
2023-04-18 11:00:00,-4.7,,,,,82.0,4.6,6.6,170.0,165.0,1011.6,,,,100.0
2023-04-18 12:00:00,-4.4,,,,,84.0,3.4,6.0,130.0,157.0,1012.4,,,,100.0
2023-04-18 13:00:00,-4.1,,,,,80.0,0.6,2.0,44.0,70.0,1012.5,,,,100.0
2023-04-18 14:00:00,-3.9,,,,,73.0,1.1,2.8,91.0,58.0,1012.7,,,,100.0
2023-04-18 15:00:00,-4.1,,,,,74.0,0.5,2.1,326.0,3.0,1012.7,,,,100.0
2023-04-18 16:00:00,-4.2,,,,,80.0,0.1,2.3,279.0,308.0,1012.8,,,,100.0
2023-04-18 17:00:00,-4.2,,,,,90.0,1.1,2.4,279.0,260.0,1013.1,,,,100.0
2023-04-18 18:00:00,-3.8,,-3.4,,-4.9,91.0,2.5,3.7,271.0,269.0,1013.5,,,,100.0
2023-04-18 19:00:00,-3.3,,,,,91.0,2.7,3.9,280.0,267.0,1013.9,,,,100.0
2023-04-18 20:00:00,-3.8,,,,,89.0,5.5,8.7,318.0,312.0,1014.8,,,,100.0
2023-04-18 21:00:00,-4.3,,,,,89.0,7.1,8.7,303.0,309.0,1015.9,,,,100.0
2023-04-18 22:00:00,-4.6,,,,,88.0,7.1,8.8,294.0,298.0,1016.7,,,,100.0
2023-04-18 23:00:00,-4.7,,,,,87.0,6.3,8.0,283.0,289.0,1017.8,,,,100.0
2023-04-19 00:00:00,-5.1,,,,,85.0,6.1,7.6,270.0,276.0,1018.7,,,,100.0
2023-04-19 01:00:00,-5.2,,,,,83.0,6.4,8.1,276.0,270.0,1019.7,,,,100.0
2023-04-19 02:00:00,-5.4,,,,,82.0,4.9,7.0,268.0,268.0,1020.8,,,,100.0
2023-04-19 03:00:00,-5.7,,,,,84.0,4.7,6.4,256.0,265.0,1021.6,,,,100.0
2023-04-19 04:00:00,-5.8,,,,,85.0,3.7,4.9,256.0,257.0,1022.4,,,,100.0
2023-04-19 05:00:00,-6.1,,,,,80.0,4.1,6.2,237.0,247.0,1023.0,,,,100.0
2023-04-19 06:00:00,-5.8,,-3.2,,-6.1,79.0,4.2,5.8,220.0,225.0,1023.8,,,,100.0
2023-04-19 07:00:00,-5.9,,,,,80.0,4.4,6.1,212.0,211.0,1024.7,,,,100.0
2023-04-19 08:00:00,-6.2,,,,,80.0,4.1,5.6,226.0,223.0,1025.6,,,,100.0
2023-04-19 09:00:00,-6.2,,,,,79.0,4.0,5.9,232.0,226.0,1026.3,,,,100.0
2023-04-19 10:00:00,-6.3,,,,,76.0,3.9,5.2,248.0,232.0,1026.8,,,,100.0
2023-04-19 11:00:00,-6.2,,,,,76.0,3.3,5.7,210.0,229.0,1027.5,,,,100.0
2023-04-19 12:00:00,-6.0,,,,,76.0,2.6,4.4,213.0,224.0,1028.2,,,,100.0
2023-04-19 13:00:00,-6.1,,,,,77.0,3.3,5.8,219.0,210.0,1029.1,,,,100.0
2023-04-19 14:00:00,-6.5,,,,,82.0,4.4,6.8,246.0,243.0,1029.7,,,,100.0
2023-04-19 15:00:00,-6.3,,,,,83.0,4.8,6.6,234.0,243.0,1030.4,,,,90.0
2023-04-19 16:00:00,-6.4,,,,,77.0,4.6,6.8,243.0,242.0,1030.9,,,,90.0
2023-04-19 17:00:00,-6.3,,,,,76.0,4.7,6.6,236.0,241.0,1031.4,,,,90.0
2023-04-19 18:00:00,-6.3,,-5.8,,-6.8,69.0,4.2,6.3,221.0,225.0,1032.0,,,,90.0
2023-04-19 19:00:00,-6.9,,,,,73.0,3.8,5.3,233.0,222.0,1032.7,,,,90.0
2023-04-19 20:00:00,-7.1,,,,,74.0,4.0,5.7,235.0,240.0,1033.1,,,,100.0
2023-04-19 21:00:00,-7.0,,,,,71.0,3.2,5.2,194.0,190.0,1033.7,,,,100.0
2023-04-19 22:00:00,-7.2,,,,,74.0,3.1,4.3,197.0,195.0,1034.1,,,,100.0
2023-04-19 23:00:00,-7.4,,,,,74.0,3.2,4.3,184.0,190.0,1034.6,,,,100.0
2023-04-20 00:00:00,-7.4,,,,,73.0,3.1,4.1,180.0,184.0,1034.9,,,,100.0
2023-04-20 01:00:00,-7.3,,,,,74.0,2.7,3.7,156.0,172.0,1035.2,,,,100.0
2023-04-20 02:00:00,-7.3,,,,,76.0,2.1,3.0,167.0,159.0,1035.6,,,,100.0
2023-04-20 03:00:00,-7.2,,,,,75.0,1.3,2.9,112.0,152.0,1035.7,,,,100.0
2023-04-20 04:00:00,-7.1,,,,,73.0,3.3,7.2,41.0,51.0,1035.7,,,,90.0
2023-04-20 05:00:00,-7.7,,,,,73.0,2.2,4.3,109.0,106.0,1036.0,,,,90.0
2023-04-20 06:00:00,-7.5,,-6.3,,-7.8,73.0,0.9,1.8,116.0,134.0,1036.4,,,,90.0
2023-04-20 07:00:00,-6.6,,,,,74.0,1.2,3.6,25.0,74.0,1036.7,,,,90.0
2023-04-20 08:00:00,-6.1,,,,,74.0,2.4,3.6,19.0,32.0,1036.7,,,,90.0
2023-04-20 09:00:00,-4.8,,,,,74.0,3.9,7.5,40.0,20.0,1036.6,,,,90.0
2023-04-20 10:00:00,-4.7,,,,,67.0,5.8,8.5,47.0,50.0,1036.6,,,,90.0
2023-04-20 11:00:00,-4.0,,,,,68.0,5.5,8.8,37.0,47.0,1036.7,,,,50.0
2023-04-20 12:00:00,-3.5,,,,,71.0,4.9,6.6,33.0,28.0,1036.6,,,,10.0
2023-04-20 13:00:00,-3.7,,,,,68.0,6.4,8.4,42.0,42.0,1036.6,,,,50.0
2023-04-20 14:00:00,-3.6,,,,,72.0,6.6,9.1,41.0,44.0,1036.2,,,,90.0
2023-04-20 15:00:00,-3.3,,,,,73.0,6.2,8.5,52.0,45.0,1036.5,,,,
2023-04-20 16:00:00,-3.3,,,,,70.0,6.0,8.2,48.0,50.0,1036.2,,,,
2023-04-20 17:00:00,-2.9,,,,,67.0,6.6,8.3,46.0,47.0,1036.2,,,,
2023-04-20 18:00:00,-2.6,,-2.4,,-7.8,66.0,7.1,9.0,38.0,40.0,1035.9,,,,
2023-04-20 19:00:00,-2.7,,,,,71.0,7.6,9.6,43.0,41.0,1035.5,,,,
2023-04-20 20:00:00,-2.5,,,,,66.0,7.3,8.8,38.0,40.0,1035.2,,,,
2023-04-20 21:00:00,-2.5,,,,,66.0,6.8,8.7,38.0,38.0,1035.0,,,,
2023-04-20 22:00:00,-2.9,,,,,70.0,5.5,7.7,9.0,22.0,1034.6,,,,
2023-04-20 23:00:00,-3.0,,,,,74.0,4.7,5.9,8.0,7.0,1034.2,,,,
2023-04-21 00:00:00,-2.7,,,,,78.0,3.7,5.3,21.0,11.0,1034.2,,,,
2023-04-21 01:00:00,-2.6,,,,,74.0,4.0,5.1,28.0,27.0,1033.8,,,,25.0
2023-04-21 02:00:00,-3.2,,,,,78.0,3.7,5.4,4.0,4.0,1033.5,,,,
2023-04-21 03:00:00,-2.9,,,,,78.0,4.5,5.7,13.0,11.0,1032.9,,,,90.0
2023-04-21 04:00:00,-3.2,,,,,75.0,4.2,5.5,2.0,13.0,1032.6,,,,
2023-04-21 05:00:00,-2.8,,,,,78.0,3.4,5.0,354.0,354.0,1032.5,,,,90.0
2023-04-21 06:00:00,-2.8,,-2.3,,-3.5,79.0,2.9,4.3,355.0,354.0,1032.3,,,,90.0
2023-04-21 07:00:00,-2.4,,,,,75.0,3.3,4.7,357.0,350.0,1032.2,,,,90.0
2023-04-21 08:00:00,-2.5,,,,,75.0,3.5,4.8,8.0,1.0,1032.1,,,,90.0
2023-04-21 09:00:00,-2.3,,,,,74.0,3.1,4.2,20.0,14.0,1032.2,,,,90.0
2023-04-21 10:00:00,-2.2,,,,,75.0,2.0,3.3,14.0,4.0,1032.4,,,,100.0
2023-04-21 11:00:00,-1.7,,,,,75.0,2.2,3.1,355.0,7.0,1032.6,,,,90.0
2023-04-21 12:00:00,-1.2,,,,,76.0,2.6,5.9,6.0,360.0,1032.8,,,,90.0
2023-04-21 13:00:00,-1.1,,,,,71.0,2.9,5.0,19.0,24.0,1032.9,,,,90.0
2023-04-21 14:00:00,-0.8,,,,,69.0,2.5,3.5,352.0,5.0,1033.1,,,,90.0
2023-04-21 15:00:00,-0.8,,,,,72.0,2.9,6.9,38.0,22.0,1032.8,,,,90.0
2023-04-21 16:00:00,-0.7,,,,,73.0,2.7,4.0,33.0,39.0,1033.0,,,,90.0
2023-04-21 17:00:00,-0.8,,,,,74.0,2.1,7.2,18.0,23.0,1032.9,,,,75.0
2023-04-21 18:00:00,-1.1,,-0.5,,-2.8,73.0,1.9,2.9,22.0,24.0,1033.0,,,,90.0
2023-04-21 19:00:00,-1.4,,,,,73.0,2.5,3.2,37.0,27.0,1033.1,,,,75.0
2023-04-21 20:00:00,-1.3,,,,,75.0,1.8,2.9,51.0,56.0,1033.5,,,,90.0
2023-04-21 21:00:00,-1.7,,,,,77.0,2.2,2.9,72.0,71.0,1033.4,,,,10.0
2023-04-21 22:00:00,-1.6,,,,,81.0,2.2,3.0,90.0,85.0,1033.7,,,,
2023-04-21 23:00:00,-2.0,,,,,82.0,2.0,2.6,98.0,105.0,1033.9,,,,10.0
2023-04-22 00:00:00,-2.2,,,,,84.0,1.8,2.5,81.0,95.0,1034.1,,,,90.0
2023-04-22 01:00:00,-3.2,,,,,81.0,1.1,2.6,0.0,115.0,1034.5,,,,
2023-04-22 02:00:00,-4.2,,,,,81.0,0.8,1.8,225.0,193.0,1034.6,,,,
2023-04-22 03:00:00,-3.1,,,,,86.0,4.0,7.0,201.0,198.0,1034.8,,,,75.0
2023-04-22 04:00:00,-1.8,,,,,92.0,5.4,7.9,217.0,216.0,1034.8,,,,100.0
2023-04-22 05:00:00,-1.6,,,,,90.0,6.0,8.5,222.0,225.0,1035.2,,,,100.0
2023-04-22 06:00:00,-1.6,,-0.8,,-4.6,91.0,5.6,8.0,231.0,228.0,1035.4,,,,100.0
2023-04-22 07:00:00,-1.3,,,,,90.0,4.5,7.2,234.0,233.0,1035.4,,,,100.0
2023-04-22 08:00:00,-0.9,,,,,86.0,3.1,5.2,229.0,231.0,1035.5,,,,100.0
2023-04-22 09:00:00,-1.0,,,,,88.0,2.3,3.7,236.0,233.0,1035.4,,,,90.0
2023-04-22 10:00:00,-0.8,,,,,91.0,1.3,2.3,189.0,187.0,1035.6,,,,100.0
2023-04-22 11:00:00,-0.5,,,,,91.0,1.0,2.0,132.0,142.0,1035.5,,,,100.0
2023-04-22 12:00:00,-0.2,,,,,85.0,1.8,2.2,155.0,146.0,1035.6,,,,100.0
2023-04-22 13:00:00,-0.1,,,,,83.0,2.1,2.5,218.0,,1035.5,,,,100.0
2023-04-22 14:00:00,-0.1,0.0,,,,83.0,2.2,3.0,199.0,203.0,1035.5,,,,100.0
2023-04-22 15:00:00,0.0,0.0,,,,76.0,2.5,3.3,226.0,227.0,1035.4,,,,100.0
2023-04-22 16:00:00,-0.2,0.0,,,,79.0,2.3,3.2,213.0,217.0,1035.3,,,,100.0
2023-04-22 17:00:00,-0.4,0.0,,,,80.0,2.2,3.4,186.0,197.0,1035.0,,,,100.0
2023-04-22 20:00:00,-0.4,,,,,,1.9,,147.0,,1034.9,,,,100.0
2023-04-22 21:00:00,-0.7,,,,,87.0,2.0,2.8,156.0,152.0,1034.8,,,,90.0
2023-04-22 22:00:00,-0.8,,,,,87.0,3.3,5.2,105.0,115.0,1034.5,,,,100.0
2023-04-22 23:00:00,-1.1,,,,,86.0,4.1,5.8,105.0,109.0,1034.1,,,,100.0
2023-04-23 00:00:00,-1.1,,,,,88.0,4.0,5.3,99.0,96.0,1033.8,,,,100.0
2023-04-23 01:00:00,-1.3,,,,,90.0,2.4,3.6,79.0,83.0,1033.9,,,,100.0
2023-04-23 02:00:00,-1.3,,,,,91.0,3.0,3.9,80.0,75.0,1033.4,,,,100.0
2023-04-23 03:00:00,-1.4,,,,,89.0,3.8,5.0,78.0,84.0,1033.3,,,,100.0
2023-04-23 04:00:00,-1.5,,,,,93.0,3.8,5.0,73.0,82.0,1032.9,,,,100.0
2023-04-23 05:00:00,-1.4,,,,,95.0,4.8,6.5,88.0,80.0,1032.2,,,,100.0
2023-04-23 06:00:00,-1.3,,0.0,,-1.7,96.0,5.0,6.5,104.0,100.0,1031.8,,,,100.0
2023-04-23 07:00:00,-1.1,,,,,96.0,5.2,6.5,99.0,98.0,1031.2,,,,100.0
2023-04-23 08:00:00,-0.4,,,,,97.0,5.3,6.8,112.0,103.0,1030.8,,,,100.0
2023-04-23 09:00:00,0.0,0.1,,,,97.0,4.7,6.1,108.0,110.0,1030.5,,,,100.0
2023-04-23 10:00:00,0.1,0.2,,,,97.0,3.8,5.4,94.0,95.0,1030.3,,,,100.0
2023-04-23 11:00:00,0.3,0.7,,0.1,,97.0,2.5,3.5,135.0,110.0,1030.4,,,,90.0
2023-04-23 12:00:00,0.6,0.8,,0.5,,96.0,1.9,2.6,137.0,141.0,1030.4,,,,100.0
2023-04-23 13:00:00,0.5,0.6,,0.4,,96.0,2.8,4.8,170.0,155.0,1030.4,,,,100.0
2023-04-23 14:00:00,0.8,1.1,,0.6,,96.0,5.1,7.6,194.0,184.0,1030.1,,,,90.0
2023-04-23 15:00:00,0.9,1.2,,0.7,,95.0,5.6,8.2,177.0,178.0,1029.9,,,,100.0
2023-04-23 16:00:00,1.2,1.3,,1.0,,93.0,6.0,8.5,182.0,176.0,1029.6,,,,100.0
2023-04-23 17:00:00,1.0,1.3,,0.8,,93.0,5.1,7.9,194.0,193.0,1029.6,,,,100.0
2023-04-23 18:00:00,0.6,0.8,1.3,0.6,-1.3,94.0,4.1,6.0,198.0,194.0,1029.7,,,,100.0
2023-04-23 19:00:00,0.5,0.6,,0.5,,95.0,3.4,5.4,189.0,194.0,1029.6,,,,100.0
2023-04-23 20:00:00,0.6,0.6,,0.5,,95.0,3.6,5.4,199.0,195.0,1029.5,,,,90.0
2023-04-23 21:00:00,0.5,0.6,,0.4,,95.0,4.5,6.0,210.0,205.0,1029.6,,,,90.0
2023-04-23 22:00:00,0.4,0.4,,0.4,,95.0,3.4,5.1,219.0,215.0,1029.7,,,,100.0
2023-04-23 23:00:00,0.3,0.4,,0.3,,96.0,3.7,4.8,227.0,226.0,1029.8,,,,100.0
2023-04-24 00:00:00,0.2,0.3,,0.2,,96.0,3.5,5.1,237.0,234.0,1030.2,,,,100.0
2023-04-24 01:00:00,0.2,0.2,,0.0,,96.0,2.5,3.6,238.0,228.0,1030.3,,,,100.0
2023-04-24 02:00:00,-0.2,0.1,,,,96.0,2.0,2.6,256.0,258.0,1030.5,,,,
2023-04-24 03:00:00,-0.1,,,,,97.0,0.4,1.8,0.0,254.0,1030.6,,,,
2023-04-24 04:00:00,0.0,0.0,,,,97.0,0.3,2.2,195.0,,1030.6,,,,
2023-04-24 05:00:00,0.0,0.1,,0.0,,97.0,1.0,2.8,190.0,194.0,1030.7,,,,90.0
2023-04-24 06:00:00,0.0,0.1,0.6,0.0,-0.2,97.0,2.5,3.5,198.0,194.0,1030.8,,,,
2023-04-24 07:00:00,0.1,0.1,,0.1,,97.0,2.7,4.0,218.0,211.0,1031.0,,,,
2023-04-24 08:00:00,0.1,0.1,,0.1,,97.0,0.5,2.8,0.0,245.0,1031.1,,,,
2023-04-24 09:00:00,0.2,0.2,,0.1,,97.0,,0.0,,,1031.3,,,,
2023-04-24 10:00:00,0.1,0.2,,,,97.0,0.0,0.9,0.0,0.0,1031.3,,,,
2023-04-24 11:00:00,0.1,0.3,,,,97.0,1.1,1.4,357.0,,1031.0,,,,
2023-04-24 12:00:00,0.2,0.4,,0.0,,97.0,0.3,1.5,0.0,25.0,1031.2,,,,
2023-04-24 13:00:00,0.3,0.5,,0.2,,97.0,0.3,1.5,0.0,17.0,1031.3,,,,
2023-04-24 14:00:00,0.2,0.4,,0.1,,97.0,1.7,2.4,38.0,18.0,1031.1,,,,
2023-04-24 15:00:00,0.5,0.7,,0.3,,97.0,2.7,3.8,61.0,64.0,1031.0,,,,100.0
2023-04-24 16:00:00,0.3,0.5,,0.2,,97.0,3.5,4.2,74.0,66.0,1030.7,,,,
2023-04-24 17:00:00,0.2,0.3,,0.1,,97.0,4.0,5.0,83.0,77.0,1030.4,,,,100.0
2023-04-24 18:00:00,0.1,0.4,0.7,,-0.2,97.0,3.4,5.1,76.0,82.0,1030.1,,,,
2023-04-24 19:00:00,-0.6,,,,,97.0,3.2,4.9,65.0,60.0,1029.9,,,,
2023-04-24 20:00:00,-1.2,,,,,97.0,3.5,4.9,60.0,61.0,1029.9,,,,
2023-04-24 21:00:00,-1.6,,,,,97.0,2.4,3.2,74.0,66.0,1029.6,,,,
2023-04-24 22:00:00,-1.9,,,,,96.0,2.0,2.8,77.0,78.0,1029.2,,,,
2023-04-24 23:00:00,-2.1,,,,,96.0,2.3,2.9,68.0,70.0,1028.8,,,,
2023-04-25 00:00:00,-1.9,,,,,96.0,1.3,2.6,90.0,62.0,1028.8,,,,
2023-04-25 01:00:00,-1.2,,,,,97.0,1.0,1.7,28.0,46.0,1028.6,,,,100.0
2023-04-25 02:00:00,-0.8,,,,,97.0,1.4,2.5,64.0,44.0,1028.2,,,,100.0
2023-04-25 03:00:00,-0.8,,,,,97.0,1.5,2.5,75.0,65.0,1027.6,,,,100.0
2023-04-25 04:00:00,-0.7,,,,,97.0,2.6,3.3,78.0,73.0,1027.2,,,,100.0
2023-04-25 05:00:00,-0.6,,,,,97.0,3.0,3.8,67.0,71.0,1026.9,,,,100.0
2023-04-25 06:00:00,-0.7,,0.0,,-2.1,96.0,3.6,4.5,66.0,70.0,1026.6,,,,100.0
2023-04-25 07:00:00,-0.8,,,,,93.0,3.9,4.9,72.0,68.0,1026.2,,,,100.0
2023-04-25 08:00:00,-1.1,,,,,92.0,3.2,4.6,67.0,69.0,1025.9,,,,90.0
2023-04-25 09:00:00,-1.0,,,,,95.0,3.5,5.0,69.0,70.0,1025.9,,,,90.0
2023-04-25 10:00:00,-0.8,,,,,96.0,3.6,4.4,74.0,75.0,1025.7,,,,90.0
2023-04-25 11:00:00,-0.6,,,,,93.0,4.1,5.5,83.0,79.0,1025.7,,,,100.0
2023-04-25 12:00:00,-0.4,,,,,88.0,3.9,4.9,87.0,85.0,1025.9,,,,100.0
2023-04-25 13:00:00,0.1,0.1,,,,85.0,2.8,3.9,89.0,96.0,1025.3,,,,90.0
2023-04-25 14:00:00,0.5,1.2,,0.1,,85.0,2.1,2.9,122.0,100.0,1025.1,,,,90.0
2023-04-25 15:00:00,1.3,1.6,,1.0,,84.0,1.8,4.0,201.0,201.0,1025.1,,,,100.0
2023-04-25 16:00:00,0.8,1.1,,0.7,,93.0,3.0,4.4,225.0,210.0,1025.1,,,,100.0
2023-04-25 17:00:00,0.7,0.8,,0.6,,95.0,1.9,3.2,161.0,195.0,1024.9,,,,100.0
2023-04-25 18:00:00,0.9,1.1,1.6,0.8,-1.2,95.0,2.6,4.5,188.0,173.0,1025.0,,,,90.0
2023-04-25 19:00:00,0.9,1.1,,0.8,,94.0,3.6,5.0,196.0,194.0,1024.8,,,,100.0
2023-04-25 20:00:00,0.7,0.8,,0.6,,95.0,3.9,5.3,202.0,199.0,1024.8,,,,100.0
2023-04-25 21:00:00,0.5,0.6,,0.5,,96.0,3.7,4.9,200.0,200.0,1024.7,,,,100.0
2023-04-25 22:00:00,0.4,0.5,,0.3,,96.0,3.8,5.0,194.0,198.0,1024.8,,,,100.0
2023-04-25 23:00:00,0.4,0.4,,0.3,,96.0,3.8,5.7,198.0,198.0,1024.9,,,,100.0
2023-04-26 00:00:00,0.3,0.3,,0.3,,96.0,4.0,5.3,199.0,200.0,1024.7,,,,100.0
2023-04-26 01:00:00,0.3,0.3,,0.3,,96.0,4.1,6.5,198.0,195.0,1024.7,,,,100.0
2023-04-26 02:00:00,0.3,0.3,,0.3,,96.0,5.7,7.9,206.0,201.0,1024.9,,,,100.0
2023-04-26 03:00:00,0.2,0.3,,0.2,,96.0,5.8,8.4,225.0,219.0,1024.8,,,,90.0
2023-04-26 04:00:00,0.0,0.2,,,,96.0,6.2,8.5,225.0,227.0,1024.9,,,,90.0
2023-04-26 05:00:00,-0.1,,,,,96.0,4.9,6.9,230.0,229.0,1025.0,,,,90.0
2023-04-26 06:00:00,-0.1,,1.1,,-0.2,96.0,4.6,6.1,240.0,234.0,1025.1,,,,90.0
2023-04-26 07:00:00,-0.1,,,,,96.0,4.6,6.5,238.0,237.0,1025.4,,,,100.0
2023-04-26 08:00:00,-0.1,,,,,96.0,4.2,5.8,237.0,237.0,1025.6,,,,100.0
2023-04-26 09:00:00,-0.1,0.0,,,,96.0,3.9,5.1,229.0,234.0,1025.8,,,,100.0
2023-04-26 10:00:00,-0.1,0.0,,,,96.0,3.3,4.4,222.0,220.0,1026.0,,,,100.0
2023-04-26 11:00:00,0.0,0.0,,,,97.0,3.5,4.4,213.0,217.0,1026.0,,,,
2023-04-26 12:00:00,-0.1,0.0,,,,97.0,3.3,4.2,230.0,227.0,1026.1,,,,
2023-04-26 13:00:00,-0.1,0.0,,,,97.0,3.6,4.5,227.0,230.0,1026.2,,,,100.0
2023-04-26 14:00:00,0.1,0.1,,,,97.0,2.9,3.8,227.0,225.0,1026.2,,,,100.0
2023-04-26 15:00:00,0.1,0.2,,0.0,,96.0,1.9,3.0,240.0,236.0,1026.3,,,,100.0
2023-04-26 16:00:00,0.0,0.2,,,,96.0,2.5,3.3,263.0,259.0,1026.2,,,,90.0
2023-04-26 17:00:00,0.1,0.1,,0.0,,96.0,2.1,2.8,284.0,273.0,1026.3,,,,100.0
2023-04-26 18:00:00,0.2,0.3,0.3,0.1,-0.1,95.0,0.0,0.0,0.0,0.0,1026.5,,,,100.0
2023-04-26 19:00:00,0.2,0.2,,0.1,,94.0,1.8,3.0,273.0,270.0,1026.9,,,,100.0
2023-04-26 20:00:00,0.2,0.3,,0.2,,94.0,1.9,2.8,271.0,269.0,1027.1,,,,100.0
2023-04-26 21:00:00,0.1,0.2,,0.0,,95.0,2.6,3.4,316.0,290.0,1027.4,,,,100.0
2023-04-26 22:00:00,-0.3,0.1,,,,96.0,2.2,3.1,349.0,344.0,1027.7,,,,90.0
2023-04-26 23:00:00,-0.5,,,,,97.0,2.4,3.0,354.0,351.0,1027.8,,,,
2023-04-27 00:00:00,-0.8,,,,,97.0,2.5,3.1,15.0,5.0,1028.1,,,,90.0
2023-04-27 01:00:00,-0.7,,,,,97.0,2.2,3.0,48.0,33.0,1028.4,,,,90.0
2023-04-27 02:00:00,-0.6,,,,,97.0,2.2,3.2,44.0,47.0,1028.6,,,,100.0
2023-04-27 03:00:00,-0.6,,,,,97.0,1.9,3.1,47.0,39.0,1028.7,,,,100.0
2023-04-27 04:00:00,-0.7,,,,,96.0,1.4,3.1,64.0,57.0,1028.6,,,,100.0
2023-04-27 05:00:00,-1.1,,,,,97.0,0.6,2.3,348.0,55.0,1028.6,,,,
2023-04-27 06:00:00,-1.1,,0.3,,-1.2,97.0,1.9,3.6,345.0,351.0,1028.9,,,,
2023-04-27 07:00:00,-1.4,,,,,97.0,2.5,3.8,69.0,8.0,1029.1,,,,100.0
2023-04-27 08:00:00,-1.6,,,,,97.0,1.1,2.9,37.0,42.0,1029.3,,,,100.0
2023-04-27 09:00:00,-1.4,,,,,97.0,0.7,2.3,75.0,84.0,1029.4,,,,100.0
2023-04-27 10:00:00,-1.2,,,,,96.0,2.0,4.1,86.0,71.0,1029.4,,,,100.0
2023-04-27 11:00:00,-0.9,,,,,92.0,2.7,4.6,68.0,65.0,1029.4,,,,100.0
2023-04-27 12:00:00,-0.9,,,,,90.0,3.2,5.3,100.0,81.0,1029.4,,,,100.0
2023-04-27 13:00:00,-1.7,,,,,92.0,3.4,5.1,70.0,81.0,1029.4,,,,100.0
2023-04-27 14:00:00,-0.8,,,,,93.0,1.2,4.4,68.0,85.0,1029.3,,,,100.0
2023-04-27 15:00:00,-0.9,,,,,91.0,3.0,4.8,68.0,80.0,1029.2,,,,100.0
2023-04-27 16:00:00,-0.8,,,,,90.0,3.0,4.5,45.0,62.0,1029.1,,,,100.0
2023-04-27 17:00:00,-0.5,,,,,90.0,2.9,3.8,33.0,43.0,1029.1,,,,100.0
2023-04-27 18:00:00,-0.3,,-0.3,,-1.7,89.0,2.8,3.9,28.0,31.0,1028.9,,,,100.0
2023-04-27 19:00:00,-0.4,,,,,89.0,3.2,3.9,10.0,14.0,1028.8,,,,100.0
2023-04-27 20:00:00,-0.6,,,,,89.0,2.9,3.9,350.0,3.0,1028.8,,,,100.0
2023-04-27 21:00:00,-0.6,,,,,89.0,2.4,3.5,344.0,351.0,1028.9,,,,100.0
2023-04-27 22:00:00,-1.0,,,,,90.0,2.2,3.5,350.0,352.0,1028.8,,,,100.0
2023-04-27 23:00:00,-1.4,,,,,91.0,2.1,3.6,328.0,340.0,1028.9,,,,100.0
2023-04-28 00:00:00,-1.6,,,,,91.0,1.5,3.3,344.0,344.0,1029.1,,,,100.0
2023-04-28 01:00:00,-1.8,,,,,91.0,1.3,3.0,335.0,358.0,1029.2,,,,100.0
2023-04-28 02:00:00,-2.2,,,,,92.0,1.2,3.1,348.0,341.0,1029.1,,,,100.0
2023-04-28 03:00:00,-2.2,,,,,93.0,0.8,3.2,8.0,87.0,1029.0,,,,100.0
2023-04-28 04:00:00,-2.2,,,,,92.0,0.7,2.0,77.0,328.0,1028.9,,,,100.0
2023-04-28 05:00:00,-2.3,,,,,93.0,1.2,2.9,48.0,20.0,1028.9,,,,100.0
2023-04-28 06:00:00,-2.2,,-0.2,,-2.4,94.0,2.1,2.9,42.0,54.0,1029.0,,,,100.0
2023-04-28 07:00:00,-2.4,,,,,88.0,1.6,2.7,70.0,52.0,1029.1,,,,100.0
2023-04-28 08:00:00,-2.6,,,,,89.0,1.6,3.0,50.0,59.0,1029.4,,,,100.0
2023-04-28 09:00:00,-2.9,,,,,89.0,1.9,3.5,62.0,59.0,1029.8,,,,100.0
2023-04-28 10:00:00,-3.2,,,,,90.0,2.1,3.4,1.0,15.0,1029.9,,,,100.0
2023-04-28 11:00:00,-3.1,,,,,89.0,2.1,3.9,97.0,55.0,1030.1,,,,100.0
2023-04-28 12:00:00,-3.0,,,,,89.0,2.0,3.6,31.0,36.0,1030.0,,,,100.0
2023-04-28 13:00:00,-2.5,,,,,88.0,1.7,3.9,95.0,65.0,1030.1,,,,100.0
2023-04-28 14:00:00,-2.7,,,,,88.0,1.9,4.1,45.0,59.0,1030.1,,,,100.0
2023-04-28 15:00:00,-1.7,,,,,83.0,2.1,4.5,45.0,48.0,1029.9,,,,90.0
2023-04-28 16:00:00,-1.8,,,,,79.0,2.0,4.8,28.0,29.0,1029.7,,,,90.0
2023-04-28 17:00:00,-1.3,,,,,78.0,2.1,3.2,24.0,23.0,1029.5,,,,50.0
2023-04-28 18:00:00,-1.2,,-0.8,,-3.3,73.0,2.7,4.2,18.0,16.0,1029.4,,,,
2023-04-28 19:00:00,-1.0,,,,,65.0,3.3,6.2,34.0,26.0,1029.2,,,,
2023-04-28 20:00:00,-1.0,,,,,66.0,3.1,4.2,17.0,26.0,1029.1,,,,
2023-04-28 21:00:00,-0.8,,,,,65.0,3.7,4.9,27.0,22.0,1028.9,,,,
2023-04-28 22:00:00,-0.9,,,,,71.0,3.7,4.7,26.0,26.0,1028.8,,,,
2023-04-28 23:00:00,-1.1,,,,,74.0,3.4,4.3,17.0,22.0,1028.7,,,,
2023-04-29 00:00:00,-1.3,,,,,78.0,2.8,3.7,13.0,12.0,1028.8,,,,
2023-04-29 01:00:00,-1.3,,,,,79.0,2.9,3.8,15.0,13.0,1028.7,,,,
2023-04-29 02:00:00,-1.3,,,,,80.0,2.5,3.1,12.0,14.0,1028.4,,,,
2023-04-29 03:00:00,-1.4,,,,,77.0,2.6,3.6,35.0,22.0,1028.0,,,,
2023-04-29 04:00:00,-1.4,,,,,77.0,2.6,3.6,33.0,31.0,1027.9,,,,
2023-04-29 05:00:00,-2.1,,,,,79.0,2.3,3.2,57.0,46.0,1027.6,,,,
2023-04-29 06:00:00,-1.9,,-0.6,,-2.2,83.0,1.8,2.5,67.0,65.0,1027.3,,,,
2023-04-29 07:00:00,-1.7,,,,,87.0,2.2,3.3,50.0,63.0,1027.2,,,,
2023-04-29 08:00:00,-1.7,,,,,88.0,2.2,3.2,82.0,70.0,1027.3,,,,
2023-04-29 09:00:00,-1.9,,,,,90.0,2.9,3.7,79.0,77.0,1027.2,,,,75.0
2023-04-29 10:00:00,-2.1,,,,,91.0,3.3,4.2,77.0,81.0,1027.1,,,,
2023-04-29 11:00:00,-1.9,,,,,89.0,3.3,3.9,81.0,82.0,1026.8,,,,
2023-04-29 12:00:00,-1.5,,,,,81.0,3.5,5.3,80.0,82.0,1026.5,,,,
2023-04-29 13:00:00,-1.1,,,,,71.0,4.7,6.2,68.0,61.0,1026.2,,,,
2023-04-29 14:00:00,-1.1,,,,,71.0,5.5,7.0,64.0,62.0,1026.0,,,,
2023-04-29 15:00:00,-0.6,,,,,70.0,5.3,6.8,53.0,59.0,1025.6,,,,
2023-04-29 16:00:00,-0.2,0.1,,,,66.0,5.6,6.9,55.0,54.0,1025.2,,,,
2023-04-29 17:00:00,0.1,0.3,,,,63.0,6.1,7.5,55.0,54.0,1024.8,,,,
2023-04-29 18:00:00,0.5,0.8,0.8,0.3,-2.4,62.0,5.6,7.1,50.0,50.0,1024.3,,,,
2023-04-29 19:00:00,0.8,1.1,,0.5,,65.0,5.9,7.6,46.0,50.0,1024.0,,,,
2023-04-29 20:00:00,1.0,1.2,,0.8,,68.0,5.9,7.8,47.0,48.0,1023.5,,,,
2023-04-29 21:00:00,1.2,1.3,,1.1,,68.0,6.4,8.6,45.0,47.0,1023.2,,,,
2023-04-29 22:00:00,1.1,1.3,,1.0,,71.0,5.8,7.4,42.0,42.0,1022.8,,,,
2023-04-29 23:00:00,1.0,1.1,,0.9,,73.0,6.1,7.6,42.0,43.0,1022.5,,,,
2023-04-30 00:00:00,0.8,0.9,,0.7,,75.0,5.6,7.1,45.0,44.0,1022.1,,,,
2023-04-30 01:00:00,0.7,0.8,,0.6,,74.0,6.5,8.4,54.0,50.0,1021.7,,,,
2023-04-30 02:00:00,0.0,0.6,,,,78.0,5.5,7.5,68.0,68.0,1021.3,,,,
2023-04-30 03:00:00,-0.7,,,,,83.0,4.6,6.1,80.0,79.0,1021.3,,,,
2023-04-30 04:00:00,-1.4,,,,,85.0,4.2,6.3,75.0,78.0,1021.1,,,,
2023-04-30 05:00:00,-1.6,,,,,79.0,5.1,6.9,84.0,79.0,1020.8,,,,
2023-04-30 06:00:00,-2.1,,1.3,,-2.2,68.0,6.0,8.7,90.0,88.0,1020.7,,,,
2023-04-30 07:00:00,-2.7,,,,,66.0,5.1,7.0,86.0,95.0,1020.6,,,,
2023-04-30 08:00:00,-2.4,,,,,69.0,4.4,6.5,94.0,91.0,1020.6,,,,
2023-04-30 09:00:00,-1.7,,,,,63.0,6.0,8.3,90.0,90.0,1020.5,,,,
2023-04-30 10:00:00,-1.3,,,,,63.0,5.3,8.2,86.0,88.0,1020.5,,,,
2023-04-30 11:00:00,-0.6,,,,,65.0,4.2,6.0,95.0,91.0,1020.6,,,,
2023-04-30 12:00:00,0.0,0.0,,,,65.0,3.8,5.5,84.0,85.0,1020.5,,,,
2023-04-30 13:00:00,0.3,0.8,,,,69.0,4.8,8.0,68.0,71.0,1020.7,,,,
2023-04-30 14:00:00,0.5,0.9,,0.2,,72.0,5.8,7.2,65.0,67.0,1020.5,,,,
2023-04-30 15:00:00,0.9,1.2,,0.6,,72.0,5.7,7.3,82.0,70.0,1020.5,,,,
2023-04-30 16:00:00,1.5,1.8,,1.0,,67.0,4.3,5.4,82.0,79.0,1020.5,,,,
2023-04-30 17:00:00,2.2,2.9,,1.8,,54.0,2.5,4.6,83.0,86.0,1020.8,,,,
2023-04-30 18:00:00,2.7,3.2,3.2,2.5,-2.9,53.0,0.3,3.0,0.0,83.0,1021.1,,,,
2023-04-30 19:00:00,2.9,3.6,,2.4,,54.0,1.0,2.7,166.0,104.0,1021.6,,,,
2023-04-30 20:00:00,2.6,3.6,,0.6,,55.0,3.7,8.4,236.0,219.0,1022.6,,,,
2023-04-30 21:00:00,0.3,0.7,,,,82.0,6.7,8.5,220.0,227.0,1023.3,,,,
2023-04-30 22:00:00,-0.6,,,,,82.0,5.9,8.1,232.0,225.0,1023.9,,,,90.0
2023-04-30 23:00:00,-0.6,,,,,84.0,5.8,8.9,235.0,228.0,1024.6,,,,100.0
2023-05-01 00:00:00,-0.6,,,,,84.0,5.5,7.7,241.0,234.0,1025.0,,,,100.0
2023-05-01 01:00:00,-0.4,,,,,84.0,4.2,6.3,238.0,243.0,1025.3,,,,100.0
2023-05-01 02:00:00,-0.4,,,,,82.0,4.8,7.6,227.0,232.0,1025.7,,,,100.0
2023-05-01 03:00:00,-0.3,,,,,82.0,3.2,6.0,228.0,222.0,1026.1,,,,100.0
2023-05-01 04:00:00,-0.1,,,,,81.0,1.2,4.0,117.0,192.0,1026.2,,,,100.0
2023-05-01 05:00:00,-0.2,,,,,80.0,1.5,2.3,91.0,88.0,1026.5,,,,100.0
2023-05-01 06:00:00,-0.6,,3.6,,-0.8,84.0,2.8,4.8,52.0,70.0,1026.9,,,,100.0
2023-05-01 07:00:00,-0.8,,,,,91.0,5.1,7.3,58.0,55.0,1027.1,,,,100.0
2023-05-01 08:00:00,-0.8,,,,,87.0,6.2,7.5,54.0,58.0,1027.2,,,,100.0
2023-05-01 09:00:00,-1.2,,,,,83.0,5.6,7.6,38.0,48.0,1027.4,,,,100.0
2023-05-01 10:00:00,-0.4,,,,,81.0,4.6,6.6,46.0,46.0,1027.4,,,,90.0
2023-05-01 11:00:00,-0.6,,,,,70.0,4.7,6.2,55.0,55.0,1027.3,,,,
2023-05-01 12:00:00,-0.8,,,,,69.0,4.3,5.4,79.0,61.0,1027.1,,,,
2023-05-01 13:00:00,-0.4,,,,,71.0,3.3,5.3,78.0,78.0,1027.1,,,,
2023-05-01 14:00:00,-0.2,0.1,,,,71.0,3.2,4.3,53.0,69.0,1027.1,,,,
2023-05-01 15:00:00,0.4,0.4,,,,73.0,3.7,5.8,63.0,58.0,1027.1,,,,
2023-05-01 16:00:00,0.4,0.8,,,,67.0,4.4,5.6,64.0,63.0,1027.0,,,,
2023-05-01 17:00:00,0.7,1.2,,0.3,,65.0,4.2,5.6,60.0,63.0,1027.0,,,,
2023-05-01 18:00:00,0.6,1.2,1.3,0.3,-1.3,68.0,4.2,5.3,66.0,62.0,1027.0,,,,
2023-05-01 19:00:00,0.7,1.1,,0.4,,66.0,3.8,4.8,60.0,61.0,1027.0,,,,
2023-05-01 20:00:00,0.8,1.0,,0.6,,65.0,3.0,3.9,59.0,60.0,1027.1,,,,
2023-05-01 21:00:00,0.7,0.9,,0.5,,67.0,2.6,3.5,83.0,67.0,1027.2,,,,
2023-05-01 22:00:00,0.7,0.9,,0.6,,69.0,2.2,2.9,85.0,83.0,1027.1,,,,
2023-05-01 23:00:00,0.5,0.6,,0.4,,70.0,1.3,2.3,105.0,92.0,1027.2,,,,
2023-05-02 00:00:00,0.6,0.9,,0.2,,70.0,0.2,1.0,0.0,87.0,1027.2,,,,
2023-05-02 01:00:00,-2.1,0.1,,,,74.0,1.0,2.1,234.0,219.0,1027.4,,,,
2023-05-02 02:00:00,-1.4,,,,,76.0,0.9,2.0,0.0,251.0,1027.1,,,,
2023-05-02 03:00:00,-1.7,,,,,75.0,0.0,0.4,0.0,0.0,1027.0,,,,
2023-05-02 04:00:00,-1.0,,,,,82.0,1.0,2.3,102.0,152.0,1027.1,,,,
2023-05-02 05:00:00,-1.1,,,,,80.0,1.3,2.0,87.0,104.0,1026.9,,,,
2023-05-02 06:00:00,-2.4,,1.1,,-2.9,77.0,1.3,1.9,154.0,134.0,1027.3,,,,
2023-05-02 07:00:00,-2.4,,,,,77.0,0.4,1.6,145.0,150.0,1027.6,,,,
2023-05-02 08:00:00,-1.8,,,,,73.0,0.1,1.3,0.0,132.0,1027.5,,,,
2023-05-02 09:00:00,-1.4,,,,,75.0,2.1,3.5,104.0,102.0,1027.4,,,,
2023-05-02 10:00:00,-1.3,,,,,71.0,2.3,3.5,92.0,105.0,1027.6,,,,
2023-05-02 11:00:00,-1.1,,,,,72.0,2.8,4.2,87.0,80.0,1027.7,,,,
2023-05-02 12:00:00,-0.9,,,,,66.0,4.1,5.4,81.0,88.0,1027.8,,,,
2023-05-02 13:00:00,-0.4,,,,,65.0,4.9,5.9,83.0,82.0,1027.5,,,,
2023-05-02 14:00:00,0.2,0.4,,,,65.0,4.2,5.2,69.0,73.0,1027.3,,,,
2023-05-02 15:00:00,0.1,0.7,,,,66.0,4.6,5.7,64.0,69.0,1027.3,,,,
2023-05-02 16:00:00,0.6,0.8,,0.3,,68.0,3.7,5.1,56.0,57.0,1027.0,,,,
2023-05-02 17:00:00,0.9,1.2,,0.5,,68.0,4.1,5.4,59.0,60.0,1026.7,,,,
2023-05-02 18:00:00,1.0,1.4,1.4,0.7,-2.9,71.0,4.3,5.3,62.0,61.0,1026.6,,,,
2023-05-02 19:00:00,1.1,1.4,,0.9,,73.0,4.0,4.8,58.0,61.0,1026.6,,,,
2023-05-02 20:00:00,1.0,1.3,,0.7,,74.0,3.9,5.0,66.0,65.0,1026.4,,,,
2023-05-02 21:00:00,1.0,1.2,,0.8,,76.0,4.0,4.8,66.0,66.0,1026.1,,,,
2023-05-02 22:00:00,0.9,1.1,,0.5,,76.0,4.0,5.2,77.0,70.0,1025.8,,,,
2023-05-02 23:00:00,0.3,0.5,,,,78.0,4.0,5.1,83.0,82.0,1025.6,,,,
2023-05-03 00:00:00,0.0,0.1,,,,81.0,3.8,4.6,93.0,90.0,1025.4,,,,
2023-05-03 01:00:00,-0.4,,,,,83.0,3.7,5.1,95.0,93.0,1025.0,,,,100.0
2023-05-03 02:00:00,-0.7,,,,,82.0,4.1,5.5,87.0,90.0,1024.5,,,,90.0
2023-05-03 03:00:00,-0.3,,,,,77.0,3.8,5.2,121.0,104.0,1024.3,,,,90.0
2023-05-03 04:00:00,-0.7,,,,,73.0,1.4,3.2,0.0,127.0,1023.8,,,,100.0
2023-05-03 05:00:00,-0.8,,,,,76.0,1.3,2.4,227.0,240.0,1023.4,,,,90.0
2023-05-03 06:00:00,-0.7,,1.4,,-1.0,85.0,1.0,2.6,248.0,242.0,1023.2,,,,100.0
2023-05-03 07:00:00,-0.4,,,,,92.0,0.4,1.6,0.0,172.0,1022.9,,,,100.0
2023-05-03 08:00:00,-0.6,,,,,92.0,0.5,1.6,105.0,107.0,1022.4,,,,100.0
2023-05-03 09:00:00,-0.4,,,,,87.0,2.2,3.7,110.0,104.0,1022.2,,,,90.0
2023-05-03 10:00:00,-0.2,0.1,,,,71.0,3.9,5.7,93.0,105.0,1021.7,,,,90.0
2023-05-03 11:00:00,0.6,1.2,,,,67.0,1.7,3.9,301.0,115.0,1021.7,,,,90.0
2023-05-03 12:00:00,1.1,1.3,,0.9,,67.0,1.4,2.8,70.0,74.0,1020.9,,,,100.0
2023-05-03 13:00:00,1.1,1.4,,0.4,,70.0,1.2,4.3,257.0,86.0,1020.9,,,,100.0
2023-05-03 14:00:00,0.6,1.1,,0.3,,83.0,1.0,2.7,57.0,89.0,1020.2,,,,100.0
2023-05-03 15:00:00,0.6,0.7,,0.4,,85.0,2.7,5.0,69.0,70.0,1019.5,,,,100.0
2023-05-03 16:00:00,0.0,0.3,,,,92.0,3.8,5.2,97.0,83.0,1018.9,,,,100.0
2023-05-03 17:00:00,0.3,0.4,,,,96.0,3.6,5.2,113.0,111.0,1018.5,,,,100.0
2023-05-03 18:00:00,0.5,0.7,1.4,0.4,-0.8,95.0,2.9,5.1,101.0,115.0,1018.3,,,,100.0
2023-05-03 19:00:00,0.4,0.5,,0.3,,96.0,1.9,2.9,103.0,102.0,1018.5,,,,100.0
2023-05-03 20:00:00,0.2,0.4,,0.1,,96.0,0.9,2.6,77.0,232.0,1019.0,,,,
2023-05-03 21:00:00,0.3,0.8,,0.0,,95.0,2.9,9.5,189.0,142.0,1019.0,,,,100.0
2023-05-03 22:00:00,0.5,0.9,,0.3,,93.0,8.0,13.5,192.0,184.0,1018.9,,,,100.0
2023-05-03 23:00:00,0.2,0.3,,0.2,,96.0,7.5,10.7,190.0,191.0,1018.9,,,,100.0
2023-05-04 00:00:00,0.2,0.2,,0.2,,97.0,7.1,10.0,196.0,190.0,1019.1,,,,100.0
2023-05-04 01:00:00,0.2,0.2,,0.2,,97.0,7.6,10.7,201.0,200.0,1019.2,,,,100.0
2023-05-04 02:00:00,0.1,0.2,,0.1,,97.0,8.1,12.0,202.0,201.0,1019.4,,,,
2023-05-04 03:00:00,0.1,0.1,,0.1,,97.0,6.6,9.9,214.0,207.0,1019.6,,,,100.0
2023-05-04 04:00:00,0.0,0.1,,0.0,,97.0,6.7,8.8,225.0,221.0,1019.9,,,,90.0
2023-05-04 05:00:00,-0.1,0.0,,,,97.0,6.1,8.1,235.0,233.0,1020.5,,,,100.0
2023-05-04 06:00:00,-0.1,,0.9,,-0.1,97.0,4.5,6.4,240.0,239.0,1021.1,,,,90.0
2023-05-04 07:00:00,-0.2,,,,,97.0,4.1,6.1,245.0,247.0,1021.8,,,,100.0
2023-05-04 08:00:00,-1.1,,,,,97.0,5.0,6.3,279.0,276.0,1022.6,,,,100.0
2023-05-04 09:00:00,-1.6,,,,,97.0,5.0,6.4,279.0,281.0,1023.0,,,,100.0
2023-05-04 10:00:00,-1.7,,,,,95.0,4.9,6.3,271.0,270.0,1023.5,,,,100.0
2023-05-04 11:00:00,-2.2,,,,,92.0,5.5,7.1,284.0,275.0,1023.9,,,,100.0
2023-05-04 12:00:00,-2.4,,,,,90.0,5.5,7.1,286.0,282.0,1024.0,,,,100.0
2023-05-04 13:00:00,-2.3,,,,,88.0,5.0,6.6,282.0,278.0,1024.3,,,,100.0
2023-05-04 14:00:00,-2.3,,,,,87.0,5.3,7.1,279.0,278.0,1024.3,,,,100.0
2023-05-04 15:00:00,-2.6,,,,,86.0,5.5,7.6,272.0,277.0,1024.4,,,,100.0
2023-05-04 16:00:00,-2.3,,,,,84.0,5.3,7.5,267.0,275.0,1024.3,,,,100.0
2023-05-04 17:00:00,-2.2,,,,,83.0,5.8,8.3,277.0,275.0,1024.2,,,,100.0
2023-05-04 18:00:00,-2.0,,-0.1,,-2.6,84.0,6.6,8.7,285.0,285.0,1024.2,,,,100.0
2023-05-04 19:00:00,-2.2,,,,,83.0,6.6,8.8,277.0,278.0,1024.2,,,,100.0
2023-05-04 20:00:00,-2.3,,,,,84.0,6.9,8.9,280.0,279.0,1024.0,,,,100.0
2023-05-04 21:00:00,-1.8,,,,,86.0,7.4,9.1,275.0,275.0,1023.5,,,,100.0
2023-05-04 22:00:00,-1.3,,,,,88.0,8.2,10.7,283.0,285.0,1023.2,,,,100.0
2023-05-04 23:00:00,-1.4,,,,,85.0,6.8,10.6,311.0,300.0,1023.1,,,,90.0
2023-05-05 00:00:00,-1.5,,,,,85.0,5.7,7.3,316.0,311.0,1023.0,,,,90.0
2023-05-05 01:00:00,-1.2,,,,,87.0,4.7,6.7,1.0,333.0,1022.6,,,,100.0
2023-05-05 02:00:00,-1.3,,,,,90.0,4.8,7.8,34.0,24.0,1022.5,,,,100.0
2023-05-05 03:00:00,-1.7,,,,,91.0,6.0,7.9,38.0,50.0,1022.5,,,,100.0
2023-05-05 04:00:00,-1.6,,,,,85.0,5.0,7.4,72.0,60.0,1022.1,,,,100.0
2023-05-05 05:00:00,-1.7,,,,,85.0,4.7,7.8,48.0,61.0,1021.9,,,,100.0
2023-05-05 06:00:00,-2.1,,-0.9,,-2.3,82.0,3.8,6.0,92.0,86.0,1021.9,,,,100.0
2023-05-05 07:00:00,-2.1,,,,,81.0,3.0,5.5,103.0,95.0,1021.8,,,,100.0
2023-05-05 08:00:00,-2.4,,,,,82.0,3.4,5.5,96.0,103.0,1021.4,,,,100.0
2023-05-05 09:00:00,-2.3,,,,,81.0,3.0,5.4,97.0,93.0,1021.2,,,,100.0
2023-05-05 10:00:00,-2.2,,,,,81.0,3.0,5.3,117.0,107.0,1020.6,,,,100.0
2023-05-05 11:00:00,-2.1,,,,,82.0,3.4,5.1,128.0,113.0,1019.7,,,,100.0
2023-05-05 12:00:00,-2.1,,,,,82.0,3.2,5.1,137.0,132.0,1019.1,,,,100.0
2023-05-05 13:00:00,-2.0,,,,,82.0,3.0,5.5,122.0,129.0,1018.5,,,,100.0
2023-05-05 14:00:00,-1.7,,,,,82.0,3.2,4.8,129.0,123.0,1017.5,,,,100.0
2023-05-05 15:00:00,-1.6,,,,,81.0,2.8,4.9,150.0,142.0,1016.6,,,,100.0
2023-05-05 16:00:00,-1.6,,,,,81.0,2.7,3.8,145.0,143.0,1015.6,,,,100.0
2023-05-05 17:00:00,-1.7,,,,,83.0,2.7,3.9,158.0,153.0,1014.7,,,,100.0
2023-05-05 18:00:00,-1.7,,-0.7,,-2.4,84.0,3.0,4.3,165.0,159.0,1013.6,,,,100.0
2023-05-05 19:00:00,-1.6,,,,,84.0,3.1,4.3,156.0,162.0,1012.6,,,,100.0
2023-05-05 20:00:00,-1.7,,,,,85.0,3.3,4.6,180.0,171.0,1011.8,,,,100.0
2023-05-05 21:00:00,-1.8,,,,,86.0,3.2,4.3,175.0,176.0,1011.0,,,,100.0
2023-05-05 22:00:00,-2.1,,,,,88.0,2.9,3.9,170.0,169.0,1010.2,,,,100.0
2023-05-05 23:00:00,-2.1,,,,,91.0,2.7,3.7,176.0,175.0,1009.5,,,,100.0
2023-05-06 00:00:00,-2.2,,,,,92.0,3.0,3.7,171.0,170.0,1008.6,,,,100.0
2023-05-06 01:00:00,-2.2,,,,,92.0,2.8,4.1,187.0,184.0,1008.0,,,,100.0
2023-05-06 02:00:00,-2.4,,,,,93.0,2.0,2.7,209.0,206.0,1007.6,,,,90.0
2023-05-06 03:00:00,-2.4,,,,,93.0,2.1,2.6,193.0,197.0,1007.0,,,,90.0
2023-05-06 04:00:00,-2.3,,,,,93.0,2.2,2.8,172.0,180.0,1006.5,,,,90.0
2023-05-06 05:00:00,-2.2,,,,,93.0,2.2,2.8,193.0,191.0,1006.3,,,,90.0
2023-05-06 06:00:00,-2.3,,-1.6,,-2.5,92.0,1.8,2.3,165.0,177.0,1006.0,,,,100.0
2023-05-06 07:00:00,-2.3,,,,,92.0,1.9,2.5,165.0,169.0,1005.8,,,,100.0
2023-05-06 08:00:00,-2.4,,,,,92.0,1.9,2.7,148.0,150.0,1005.2,,,,100.0
2023-05-06 09:00:00,-2.5,,,,,90.0,1.0,2.1,157.0,153.0,1005.1,,,,90.0
2023-05-06 10:00:00,-2.3,,,,,89.0,0.5,1.5,196.0,172.0,1005.0,,,,90.0
2023-05-06 11:00:00,-1.8,,,,,90.0,0.4,1.4,91.0,121.0,1004.8,,,,90.0
2023-05-06 12:00:00,-1.3,,,,,88.0,1.2,1.9,75.0,83.0,1004.8,,,,90.0
2023-05-06 13:00:00,-1.3,,,,,87.0,1.2,2.0,91.0,88.0,1004.6,,,,90.0
2023-05-06 14:00:00,-0.4,,,,,85.0,0.8,1.6,114.0,117.0,1004.5,,,,90.0
2023-05-06 15:00:00,-0.5,0.3,,,,82.0,0.8,2.2,56.0,82.0,1004.4,,,,90.0
2023-05-06 16:00:00,-0.6,0.1,,,,84.0,0.7,2.7,22.0,57.0,1004.3,,,,90.0
2023-05-06 17:00:00,-0.7,,,,,83.0,0.6,1.9,344.0,342.0,1004.4,,,,90.0
2023-05-06 18:00:00,-0.9,,0.3,,-3.0,84.0,1.7,2.8,5.0,5.0,1004.3,,,,100.0
2023-05-06 19:00:00,-1.1,,,,,87.0,1.9,2.7,21.0,20.0,1004.3,,,,90.0
2023-05-06 20:00:00,-1.1,,,,,91.0,2.3,3.4,26.0,21.0,1004.3,,,,90.0
2023-05-06 21:00:00,-1.2,,,,,91.0,1.6,2.8,11.0,25.0,1004.4,,,,90.0
2023-05-06 22:00:00,-1.3,,,,,90.0,1.6,2.4,23.0,17.0,1004.4,,,,90.0
2023-05-06 23:00:00,-1.2,,,,,89.0,1.3,2.2,13.0,11.0,1004.4,,,,100.0
2023-05-07 00:00:00,-1.2,,,,,89.0,0.9,1.6,360.0,10.0,1004.3,,,,100.0
2023-05-07 01:00:00,-1.4,,,,,91.0,0.9,1.5,14.0,2.0,1004.3,,,,100.0
2023-05-07 02:00:00,-1.7,,,,,93.0,0.0,0.0,0.0,0.0,1004.2,,,,90.0
2023-05-07 03:00:00,-1.7,,,,,94.0,,,,,1004.0,,,,90.0
2023-05-07 04:00:00,-1.7,,,,,95.0,1.4,2.3,211.0,201.0,1003.9,,,,90.0
2023-05-07 05:00:00,-1.3,,,,,95.0,1.6,3.6,297.0,253.0,1003.7,,,,90.0
2023-05-07 06:00:00,-1.3,,-0.7,,-2.0,91.0,2.6,3.7,314.0,312.0,1003.8,,,,100.0
2023-05-07 07:00:00,-1.4,,,,,88.0,2.6,3.8,296.0,295.0,1003.9,,,,100.0
2023-05-07 08:00:00,-1.5,,,,,86.0,2.0,4.0,265.0,273.0,1003.9,,,,100.0
2023-05-07 09:00:00,-1.6,,,,,85.0,1.3,3.4,222.0,241.0,1004.0,,,,100.0
2023-05-07 10:00:00,-1.5,,,,,85.0,1.7,3.1,217.0,224.0,1004.0,,,,100.0
2023-05-07 11:00:00,-1.4,,,,,85.0,1.4,2.4,259.0,235.0,1004.0,,,,90.0
2023-05-07 12:00:00,-0.7,,,,,90.0,1.5,3.5,326.0,286.0,1004.1,,,,100.0
2023-05-07 13:00:00,-0.6,,,,,85.0,2.8,3.9,318.0,312.0,1004.3,,,,100.0
2023-05-07 14:00:00,0.1,0.2,,,,82.0,1.5,2.6,5.0,346.0,1004.2,,,,100.0
2023-05-07 15:00:00,0.9,1.9,,0.2,,74.0,0.3,1.3,17.0,355.0,1003.9,,,,90.0
2023-05-07 16:00:00,0.5,1.2,,0.1,,76.0,0.6,2.0,354.0,360.0,1003.9,,,,100.0
2023-05-07 17:00:00,0.4,0.7,,0.2,,78.0,0.6,1.7,335.0,342.0,1003.9,,,,100.0
2023-05-07 18:00:00,0.4,0.6,1.9,0.2,-1.7,81.0,1.2,2.4,344.0,345.0,1004.1,,,,100.0
2023-05-07 19:00:00,0.4,0.7,,0.2,,84.0,2.0,3.0,343.0,348.0,1004.2,,,,60.0
2023-05-07 20:00:00,0.1,0.4,,,,90.0,1.1,2.5,315.0,319.0,1004.2,,,,100.0
2023-05-07 21:00:00,-0.2,0.2,,,,91.0,0.5,1.4,325.0,6.0,1004.5,,,,100.0
2023-05-07 22:00:00,0.2,0.3,,,,92.0,1.7,3.2,356.0,342.0,1004.7,,,,90.0
2023-05-07 23:00:00,-0.6,0.2,,,,91.0,3.9,6.4,318.0,346.0,1004.9,,,,100.0
2023-05-08 00:00:00,-0.7,,,,,91.0,5.6,6.6,324.0,325.0,1005.2,,,,100.0
2023-05-08 01:00:00,-0.8,,,,,88.0,4.8,6.2,324.0,324.0,1005.7,,,,100.0
2023-05-08 02:00:00,-0.9,,,,,87.0,4.6,5.7,313.0,320.0,1005.7,,,,100.0
2023-05-08 03:00:00,-1.1,,,,,87.0,4.9,6.0,313.0,315.0,1005.9,,,,100.0
2023-05-08 04:00:00,-1.3,,,,,86.0,4.9,6.1,301.0,312.0,1005.9,,,,100.0
2023-05-08 05:00:00,-1.4,,,,,87.0,4.7,6.2,286.0,292.0,1006.0,,,,100.0
2023-05-08 06:00:00,-1.2,,0.7,,-1.4,87.0,3.7,5.1,289.0,288.0,1006.3,,,,90.0
2023-05-08 07:00:00,-1.1,,,,,87.0,2.8,3.6,270.0,283.0,1006.6,,,,100.0
2023-05-08 08:00:00,-1.1,,,,,90.0,2.6,3.6,283.0,273.0,1006.5,,,,100.0
2023-05-08 09:00:00,-1.1,,,,,93.0,2.3,3.2,273.0,269.0,1006.8,,,,90.0
2023-05-08 10:00:00,-0.9,,,,,92.0,1.9,3.7,285.0,276.0,1007.1,,,,100.0
2023-05-08 11:00:00,-0.8,,,,,90.0,2.8,3.8,257.0,269.0,1007.3,,,,100.0
2023-05-08 12:00:00,-0.7,,,,,91.0,4.2,5.8,280.0,276.0,1007.5,,,,90.0
2023-05-08 13:00:00,-0.6,,,,,91.0,4.9,6.4,304.0,297.0,1007.7,,,,90.0
2023-05-08 14:00:00,-0.4,,,,,89.0,4.5,5.8,306.0,298.0,1007.8,,,,100.0
2023-05-08 15:00:00,-0.7,,,,,88.0,4.9,7.0,300.0,294.0,1008.1,,,,100.0
2023-05-08 16:00:00,-0.8,,,,,88.0,5.4,6.7,296.0,306.0,1008.0,,,,100.0
2023-05-08 17:00:00,-1.1,,,,,88.0,6.0,7.5,297.0,300.0,1008.2,,,,100.0
2023-05-08 18:00:00,-1.4,,-0.3,,-1.5,88.0,5.9,7.7,294.0,301.0,1008.5,,,,100.0
2023-05-08 19:00:00,-1.8,,,,,88.0,6.3,7.7,297.0,296.0,1008.5,,,,100.0
2023-05-08 20:00:00,-2.1,,,,,87.0,6.6,8.2,296.0,295.0,1008.8,,,,100.0
2023-05-08 21:00:00,-2.3,,,,,86.0,6.3,7.5,290.0,291.0,1009.1,,,,100.0
2023-05-08 22:00:00,-2.7,,,,,85.0,5.9,7.4,277.0,285.0,1009.2,,,,100.0
2023-05-08 23:00:00,-2.8,,,,,85.0,5.4,7.2,272.0,277.0,1009.4,,,,100.0
2023-05-09 00:00:00,-2.9,,,,,85.0,5.2,6.7,270.0,273.0,1009.6,,,,100.0
2023-05-09 01:00:00,-2.9,,,,,85.0,4.7,6.1,266.0,266.0,1009.7,,,,90.0
2023-05-09 02:00:00,-2.8,,,,,84.0,4.2,5.4,262.0,261.0,1009.8,,,,100.0
2023-05-09 03:00:00,-2.8,,,,,84.0,4.3,5.6,256.0,261.0,1009.8,,,,100.0
2023-05-09 04:00:00,-2.9,,,,,82.0,3.6,5.5,239.0,242.0,1009.7,,,,100.0
2023-05-09 05:00:00,-3.1,,,,,81.0,3.2,4.0,231.0,228.0,1009.7,,,,90.0
2023-05-09 06:00:00,-2.8,,-1.4,,-3.1,82.0,2.4,3.3,195.0,216.0,1009.9,,,,90.0
2023-05-09 07:00:00,-2.8,,,,,81.0,3.5,4.6,170.0,175.0,1010.1,,,,100.0
2023-05-09 08:00:00,-2.6,,,,,82.0,3.8,4.8,163.0,170.0,1010.3,,,,100.0
2023-05-09 09:00:00,-2.5,,,,,82.0,3.8,5.9,160.0,161.0,1010.6,,,,100.0
2023-05-09 10:00:00,-2.4,,,,,80.0,4.0,6.1,156.0,155.0,1011.0,,,,100.0
2023-05-09 11:00:00,-1.7,,,,,80.0,3.1,5.0,134.0,144.0,1011.2,,,,100.0
2023-05-09 12:00:00,-1.4,,,,,77.0,2.3,3.5,130.0,136.0,1011.6,,,,100.0
2023-05-09 13:00:00,-1.4,,,,,75.0,2.5,4.1,97.0,115.0,1012.0,,,,100.0
2023-05-09 14:00:00,-1.3,,,,,77.0,2.8,4.6,84.0,91.0,1012.2,,,,100.0
2023-05-09 15:00:00,-0.6,,,,,74.0,2.1,3.5,108.0,72.0,1012.4,,,,100.0
2023-05-09 16:00:00,-0.7,0.0,,,,71.0,1.1,4.2,17.0,33.0,1012.7,,,,100.0
2023-05-09 17:00:00,-0.6,,,,,72.0,1.8,2.9,54.0,37.0,1012.9,,,,100.0
2023-05-09 18:00:00,-0.6,,0.0,,-2.9,78.0,2.2,3.4,29.0,36.0,1013.1,,,,100.0
2023-05-09 19:00:00,-0.5,,,,,84.0,2.1,3.2,3.0,8.0,1013.3,,,,100.0
2023-05-09 20:00:00,-0.7,,,,,85.0,2.3,3.3,335.0,340.0,1013.4,,,,100.0
2023-05-09 21:00:00,-0.5,,,,,86.0,1.9,5.8,19.0,350.0,1013.6,,,,100.0
2023-05-09 22:00:00,-1.5,,,,,85.0,3.9,7.1,327.0,352.0,1013.9,,,,100.0
2023-05-09 23:00:00,-1.8,,,,,83.0,5.3,6.8,322.0,324.0,1014.1,,,,100.0
2023-05-10 00:00:00,-2.2,,,,,80.0,4.8,6.5,317.0,318.0,1014.2,,,,100.0
2023-05-10 01:00:00,-2.4,,,,,78.0,4.6,6.0,299.0,307.0,1014.5,,,,100.0
2023-05-10 02:00:00,-2.7,,,,,78.0,4.4,5.6,302.0,303.0,1014.5,,,,90.0
2023-05-10 03:00:00,-2.7,,,,,78.0,3.9,4.9,306.0,302.0,1014.4,,,,90.0
2023-05-10 04:00:00,-2.8,,,,,77.0,3.5,4.9,290.0,294.0,1014.2,,,,90.0
2023-05-10 05:00:00,-2.9,,,,,78.0,3.3,4.8,296.0,294.0,1014.1,,,,90.0
2023-05-10 06:00:00,-3.0,,-0.3,,-3.1,78.0,2.8,4.0,273.0,278.0,1014.1,,,,100.0
2023-05-10 07:00:00,-3.1,,,,,79.0,2.6,3.6,283.0,273.0,1013.9,,,,90.0
2023-05-10 08:00:00,-3.1,,,,,80.0,2.7,3.8,270.0,268.0,1013.7,,,,100.0
2023-05-10 09:00:00,-2.9,,,,,79.0,1.9,2.9,271.0,274.0,1013.5,,,,100.0
2023-05-10 10:00:00,-2.6,,,,,78.0,1.9,3.3,278.0,279.0,1013.1,,,,100.0
2023-05-10 11:00:00,-2.3,,,,,77.0,2.3,3.3,311.0,287.0,1012.6,,,,100.0
2023-05-10 12:00:00,-1.7,,,,,76.0,1.9,3.2,337.0,340.0,1012.3,,,,100.0
2023-05-10 13:00:00,-1.4,,,,,77.0,4.1,5.8,355.0,355.0,1011.9,,,,100.0
2023-05-10 14:00:00,-1.3,,,,,69.0,4.5,7.2,23.0,10.0,1011.2,,,,100.0
2023-05-10 15:00:00,-1.1,,,,,67.0,4.6,7.4,16.0,10.0,1010.3,,,,100.0
2023-05-10 16:00:00,-0.8,,,,,69.0,6.1,9.2,17.0,14.0,1009.4,,,,90.0
2023-05-10 17:00:00,-0.9,,,,,71.0,6.5,8.6,6.0,12.0,1008.4,,,,75.0
2023-05-10 18:00:00,-0.8,,-0.6,,-3.2,72.0,6.2,8.1,359.0,3.0,1007.5,,,,50.0
2023-05-10 19:00:00,-0.9,,,,,71.0,5.9,7.7,353.0,358.0,1006.6,,,,75.0
2023-05-10 20:00:00,-0.8,,,,,70.0,5.4,7.2,344.0,348.0,1005.8,,,,50.0
2023-05-10 21:00:00,-0.8,,,,,68.0,4.3,6.3,333.0,344.0,1005.1,,,,40.0
2023-05-10 22:00:00,-1.3,,,,,67.0,3.8,5.4,340.0,345.0,1004.6,,,,60.0
2023-05-10 23:00:00,-1.4,,,,,67.0,2.6,4.8,355.0,337.0,1004.2,,,,90.0
2023-05-11 00:00:00,-1.9,,,,,69.0,2.1,3.7,271.0,290.0,1003.9,,,,90.0
2023-05-11 01:00:00,-2.7,,,,,72.0,1.7,2.6,214.0,221.0,1003.7,,,,90.0
2023-05-11 02:00:00,-3.4,,,,,74.0,2.7,3.9,200.0,205.0,1003.2,,,,
2023-05-11 03:00:00,-3.7,,,,,76.0,2.4,3.3,194.0,202.0,1002.9,,,,60.0
2023-05-11 04:00:00,-2.7,,,,,76.0,2.3,3.7,195.0,181.0,1002.6,,,,100.0
2023-05-11 05:00:00,-1.9,,,,,76.0,3.7,7.2,76.0,158.0,1002.4,,,,100.0
2023-05-11 06:00:00,-1.8,,-0.6,,-4.4,74.0,5.8,7.5,62.0,70.0,1002.4,,,,90.0
2023-05-11 07:00:00,-2.0,,,,,72.0,5.5,7.8,73.0,66.0,1002.3,,,,100.0
2023-05-11 08:00:00,-1.8,,,,,72.0,6.1,8.8,26.0,39.0,1002.3,,,,100.0
2023-05-11 09:00:00,-1.9,,,,,69.0,5.6,8.0,6.0,5.0,1002.0,,,,100.0
2023-05-11 10:00:00,-2.1,,,,,72.0,5.9,8.0,56.0,45.0,1002.1,,,,100.0
2023-05-11 11:00:00,-1.9,,,,,70.0,3.8,6.9,351.0,44.0,1001.8,,,,100.0
2023-05-11 12:00:00,-1.6,,,,,68.0,2.3,4.0,10.0,10.0,1001.3,,,,90.0
2023-05-11 13:00:00,-1.5,,,,,67.0,2.7,4.2,10.0,16.0,1000.9,,,,100.0
2023-05-11 14:00:00,-1.2,,,,,66.0,1.7,3.1,330.0,7.0,1000.5,,,,100.0
2023-05-11 15:00:00,-0.9,,,,,65.0,1.2,4.5,338.0,18.0,999.9,,,,90.0
2023-05-11 16:00:00,-1.2,,,,,65.0,1.2,2.4,13.0,10.0,999.6,,,,90.0
2023-05-11 17:00:00,-1.1,,,,,66.0,1.8,5.8,67.0,43.0,999.3,,,,90.0
2023-05-11 18:00:00,-1.3,,-0.4,,-2.1,69.0,2.7,4.1,69.0,61.0,999.2,,,,100.0
2023-05-11 19:00:00,-1.2,,,,,65.0,2.8,5.2,145.0,107.0,999.4,,,,100.0
2023-05-11 20:00:00,-0.9,,,,,66.0,2.4,4.9,137.0,129.0,999.5,,,,100.0
2023-05-11 21:00:00,-1.3,,,,,68.0,2.4,4.0,163.0,159.0,999.9,,,,90.0
2023-05-11 22:00:00,-1.8,,,,,71.0,2.9,4.8,133.0,141.0,1000.2,,,,100.0
2023-05-11 23:00:00,-2.1,,,,,83.0,3.1,4.6,199.0,170.0,1000.6,,,,90.0
2023-05-12 00:00:00,-2.3,,,,,86.0,4.3,5.3,186.0,181.0,1001.0,,,,100.0
2023-05-12 01:00:00,-2.4,,,,,84.0,4.2,5.5,174.0,180.0,1001.4,,,,100.0
2023-05-12 02:00:00,-2.5,,,,,87.0,3.7,4.7,182.0,179.0,1001.7,,,,100.0
2023-05-12 03:00:00,-2.6,,,,,86.0,3.4,4.4,174.0,175.0,1001.9,,,,100.0
2023-05-12 04:00:00,-2.7,,,,,87.0,3.3,4.7,169.0,178.0,1002.2,,,,90.0
2023-05-12 05:00:00,-2.9,,,,,87.0,2.7,3.7,125.0,132.0,1002.4,,,,90.0
2023-05-12 06:00:00,-2.5,,-0.8,,-3.0,87.0,3.0,4.4,145.0,134.0,1002.9,,,,100.0
2023-05-12 07:00:00,-2.2,,,,,83.0,1.9,3.6,115.0,135.0,1003.3,,,,100.0
2023-05-12 08:00:00,-2.2,,,,,87.0,3.8,5.2,120.0,114.0,1003.8,,,,100.0
2023-05-12 09:00:00,-1.8,,,,,83.0,3.9,6.3,81.0,98.0,1004.1,,,,100.0
2023-05-12 10:00:00,-1.7,,,,,77.0,5.0,6.2,72.0,75.0,1004.4,,,,100.0
2023-05-12 11:00:00,-1.6,,,,,75.0,4.9,6.6,71.0,71.0,1004.8,,,,100.0
2023-05-12 12:00:00,-1.3,,,,,74.0,4.7,5.8,64.0,69.0,1005.3,,,,100.0
2023-05-12 13:00:00,-0.9,,,,,73.0,4.4,7.4,61.0,63.0,1005.6,,,,90.0
2023-05-12 14:00:00,-1.1,,,,,74.0,4.6,5.7,65.0,61.0,1005.7,,,,100.0
2023-05-12 15:00:00,-0.8,,,,,73.0,4.1,5.9,69.0,77.0,1005.8,,,,100.0
2023-05-12 16:00:00,-0.9,,,,,73.0,3.9,5.8,77.0,77.0,1005.8,,,,100.0
2023-05-12 17:00:00,-0.9,,,,,72.0,3.2,5.8,57.0,62.0,1006.2,,,,100.0
2023-05-12 18:00:00,-0.9,,-0.6,,-2.5,72.0,2.1,3.0,74.0,56.0,1006.3,,,,100.0
2023-05-12 19:00:00,-0.9,,,,,72.0,1.3,2.8,357.0,58.0,1006.6,,,,100.0
2023-05-12 20:00:00,-1.8,,,,,82.0,4.1,6.6,317.0,317.0,1006.9,,,,100.0
2023-05-12 21:00:00,-2.0,,,,,83.0,4.6,6.3,308.0,308.0,1007.3,,,,100.0
2023-05-12 22:00:00,-2.3,,,,,82.0,4.9,6.7,305.0,307.0,1007.8,,,,100.0
2023-05-12 23:00:00,-2.5,,,,,80.0,4.3,6.2,288.0,297.0,1008.1,,,,100.0
2023-05-13 00:00:00,-2.7,,,,,79.0,4.0,5.2,290.0,291.0,1008.4,,,,90.0
2023-05-13 01:00:00,-3.0,,,,,77.0,3.4,4.6,270.0,273.0,1008.8,,,,90.0
2023-05-13 02:00:00,-3.4,,,,,78.0,3.3,4.7,238.0,251.0,1008.9,,,,90.0
2023-05-13 03:00:00,-3.9,,,,,78.0,3.4,5.1,243.0,240.0,1009.0,,,,90.0
2023-05-13 04:00:00,-4.2,,,,,76.0,3.4,5.3,221.0,228.0,1009.1,,,,90.0
2023-05-13 05:00:00,-3.9,,,,,79.0,3.8,5.5,189.0,193.0,1009.2,,,,90.0
2023-05-13 06:00:00,-3.3,,-0.8,,-4.4,79.0,5.1,7.1,183.0,190.0,1009.0,,,,100.0
2023-05-13 07:00:00,-2.7,,,,,81.0,5.8,7.9,186.0,182.0,1009.1,,,,100.0
2023-05-13 08:00:00,-2.7,,,,,81.0,6.2,9.3,181.0,189.0,1009.3,,,,100.0
2023-05-13 09:00:00,-1.8,,,,,76.0,4.6,7.2,248.0,213.0,1009.6,,,,100.0
2023-05-13 10:00:00,-1.4,,,,,70.0,4.6,6.8,263.0,248.0,1010.0,,,,100.0
2023-05-13 11:00:00,-1.3,,,,,71.0,5.1,6.3,297.0,289.0,1010.5,,,,100.0
2023-05-13 12:00:00,-1.4,,,,,72.0,4.7,6.5,286.0,298.0,1010.9,,,,100.0
2023-05-13 13:00:00,-1.4,,,,,76.0,4.5,6.0,333.0,314.0,1011.4,,,,100.0
2023-05-13 14:00:00,-1.4,,,,,76.0,3.8,5.4,314.0,330.0,1011.8,,,,100.0
2023-05-13 15:00:00,-1.4,,,,,75.0,3.8,4.9,313.0,308.0,1012.0,,,,100.0
2023-05-13 16:00:00,-1.8,,,,,80.0,6.4,8.8,298.0,302.0,1012.2,,,,90.0
2023-05-13 17:00:00,-1.8,,,,,83.0,6.9,9.0,291.0,295.0,1012.3,,,,90.0
2023-05-13 18:00:00,-1.9,,-1.2,,-3.3,80.0,6.9,9.2,300.0,294.0,1012.5,,,,90.0
2023-05-13 19:00:00,-2.2,,,,,80.0,7.3,9.8,299.0,299.0,1012.6,,,,100.0
2023-05-13 20:00:00,-2.5,,,,,80.0,7.4,9.2,288.0,291.0,1012.9,,,,100.0
2023-05-13 21:00:00,-2.3,,,,,79.0,6.5,8.2,286.0,288.0,1013.0,,,,100.0
2023-05-13 22:00:00,-2.5,,,,,78.0,6.6,8.2,284.0,282.0,1013.2,,,,100.0
2023-05-13 23:00:00,-2.7,,,,,75.0,5.8,7.9,262.0,274.0,1013.0,,,,100.0
2023-05-14 00:00:00,-2.9,,,,,73.0,4.9,7.1,269.0,265.0,1013.0,,,,100.0
2023-05-14 01:00:00,-3.3,,,,,72.0,6.0,7.5,270.0,270.0,1013.0,,,,90.0
2023-05-14 02:00:00,-3.6,,,,,71.0,5.6,7.4,264.0,264.0,1012.7,,,,90.0
2023-05-14 03:00:00,-3.7,,,,,72.0,5.5,7.4,265.0,264.0,1012.4,,,,90.0
2023-05-14 04:00:00,-3.9,,,,,71.0,4.4,6.1,236.0,247.0,1012.3,,,,100.0
2023-05-14 05:00:00,-3.9,,,,,70.0,3.3,5.7,242.0,240.0,1012.2,,,,100.0
2023-05-14 06:00:00,-4.1,,-1.8,,-4.1,70.0,2.8,4.8,225.0,233.0,1011.9,,,,100.0
2023-05-14 07:00:00,-4.1,,,,,71.0,2.7,4.7,224.0,230.0,1011.7,,,,100.0
2023-05-14 08:00:00,-4.0,,,,,71.0,2.2,5.1,234.0,242.0,1011.5,,,,100.0
2023-05-14 09:00:00,-4.0,,,,,68.0,2.5,5.0,232.0,228.0,1011.5,,,,100.0
2023-05-14 10:00:00,-3.7,,,,,65.0,2.5,4.3,206.0,230.0,1011.3,,,,100.0
2023-05-14 11:00:00,-3.8,,,,,67.0,2.0,4.4,218.0,227.0,1011.3,,,,100.0
2023-05-14 12:00:00,-3.7,,,,,66.0,1.5,2.8,214.0,230.0,1011.2,,,,100.0
2023-05-14 13:00:00,-3.4,,,,,69.0,1.2,2.3,208.0,215.0,1011.0,,,,100.0
2023-05-14 14:00:00,-3.7,,,,,72.0,1.6,2.7,161.0,173.0,1010.7,,,,100.0
2023-05-14 15:00:00,-3.0,,,,,73.0,1.2,2.7,95.0,108.0,1010.4,,,,90.0
2023-05-14 16:00:00,-2.5,,,,,69.0,1.3,3.3,49.0,90.0,1010.4,,,,90.0
2023-05-14 17:00:00,-2.4,,,,,66.0,2.2,3.4,52.0,39.0,1010.3,,,,90.0
2023-05-14 18:00:00,-2.4,,-2.1,,-4.1,65.0,3.0,5.0,58.0,66.0,1010.1,,,,100.0
2023-05-14 19:00:00,-2.2,,,,,65.0,3.9,5.5,62.0,62.0,1009.9,,,,90.0
2023-05-14 20:00:00,-2.3,,,,,65.0,4.3,5.9,69.0,67.0,1009.8,,,,100.0
2023-05-14 21:00:00,-2.1,,,,,66.0,4.4,5.8,72.0,67.0,1009.9,,,,100.0
2023-05-14 22:00:00,-2.1,,,,,68.0,4.2,6.4,72.0,74.0,1009.6,,,,90.0
2023-05-14 23:00:00,-2.1,,,,,71.0,4.4,5.7,79.0,78.0,1009.6,,,,100.0
2023-05-15 00:00:00,-2.1,,,,,72.0,4.8,6.2,84.0,81.0,1009.6,,,,90.0
2023-05-15 01:00:00,-2.1,,,,,73.0,4.9,6.1,83.0,81.0,1009.5,,,,75.0
2023-05-15 02:00:00,-2.4,,,,,74.0,5.0,6.4,81.0,81.0,1009.3,,,,25.0
2023-05-15 03:00:00,-2.2,,,,,75.0,4.9,6.2,69.0,73.0,1008.9,,,,50.0
2023-05-15 04:00:00,-2.2,,,,,74.0,4.9,6.3,72.0,70.0,1008.7,,,,90.0
2023-05-15 05:00:00,-1.9,,,,,75.0,4.9,6.1,67.0,69.0,1008.2,,,,75.0
2023-05-15 06:00:00,-1.7,,-1.4,,-2.7,71.0,5.1,6.6,65.0,61.0,1007.8,,,,90.0
2023-05-15 07:00:00,-1.5,,,,,67.0,5.3,6.9,50.0,60.0,1007.4,,,,90.0
2023-05-15 08:00:00,-1.7,,,,,69.0,6.2,8.0,52.0,51.0,1007.0,,,,90.0
2023-05-15 09:00:00,-2.1,,,,,70.0,6.9,8.4,41.0,44.0,1006.6,,,,90.0
2023-05-15 10:00:00,-1.6,,,,,71.0,7.0,8.7,45.0,41.0,1006.1,,,,75.0
2023-05-15 11:00:00,-1.2,,,,,69.0,7.5,9.9,45.0,45.0,1005.5,,,,90.0
2023-05-15 12:00:00,-0.8,,,,,66.0,8.0,10.2,52.0,47.0,1005.1,,,,75.0
2023-05-15 13:00:00,-0.8,,,,,64.0,8.4,10.8,50.0,52.0,1004.5,,,,90.0
2023-05-15 14:00:00,-0.7,,,,,62.0,7.7,10.2,47.0,52.0,1004.3,,,,75.0
2023-05-15 15:00:00,-0.6,,,,,62.0,7.1,9.2,38.0,44.0,1003.8,,,,90.0
2023-05-15 16:00:00,-0.3,,,,,67.0,7.2,8.9,40.0,39.0,1003.3,,,,40.0
2023-05-15 17:00:00,-0.1,0.0,,,,65.0,7.1,8.7,36.0,36.0,1003.1,,,,60.0
2023-05-15 18:00:00,0.2,0.3,0.3,,-2.1,62.0,6.0,7.2,33.0,30.0,1002.6,,,,50.0
2023-05-15 19:00:00,0.1,0.3,,0.0,,60.0,5.5,6.8,14.0,22.0,1002.2,,,,
2023-05-15 20:00:00,0.1,0.3,,,,62.0,6.1,7.9,343.0,8.0,1001.9,,,,
2023-05-15 21:00:00,0.0,0.0,,,,64.0,4.9,6.0,330.0,332.0,1002.1,,,,60.0
2023-05-15 22:00:00,0.1,0.2,,,,60.0,4.5,6.1,311.0,318.0,1002.2,,,,90.0
2023-05-15 23:00:00,0.0,0.1,,,,61.0,4.7,5.8,310.0,312.0,1002.2,,,,90.0
2023-05-16 00:00:00,-0.1,0.1,,,,61.0,4.6,6.3,296.0,303.0,1002.4,,,,40.0
2023-05-16 01:00:00,-0.6,,,,,66.0,4.1,5.7,289.0,294.0,1002.4,,,,
2023-05-16 02:00:00,-0.8,,,,,72.0,3.3,4.3,288.0,287.0,1002.6,,,,
2023-05-16 03:00:00,-2.1,,,,,74.0,1.9,3.0,254.0,270.0,1002.5,,,,40.0
2023-05-16 04:00:00,-2.2,,,,,79.0,1.7,2.6,171.0,193.0,1002.6,,,,90.0
2023-05-16 05:00:00,-2.4,,,,,81.0,1.6,2.2,186.0,208.0,1002.9,,,,100.0
2023-05-16 06:00:00,-1.4,,0.3,,-2.7,78.0,1.1,1.8,289.0,259.0,1002.6,,,,90.0
2023-05-16 07:00:00,-1.1,,,,,81.0,0.6,1.7,83.0,35.0,1002.7,,,,90.0
2023-05-16 08:00:00,-0.4,,,,,80.0,2.3,4.4,40.0,47.0,1002.7,,,,60.0
2023-05-16 09:00:00,0.2,0.2,,,,74.0,3.4,4.5,47.0,49.0,1002.7,,,,
2023-05-16 10:00:00,0.1,0.2,,0.0,,75.0,4.5,6.5,41.0,43.0,1002.8,,,,
2023-05-16 11:00:00,0.4,0.6,,0.2,,74.0,4.9,6.4,39.0,42.0,1002.8,,,,25.0
2023-05-16 12:00:00,0.7,0.9,,0.5,,68.0,4.9,6.2,40.0,40.0,1002.7,,,,
2023-05-16 13:00:00,0.7,0.9,,0.4,,64.0,5.1,8.1,357.0,16.0,1002.5,,,,
2023-05-16 14:00:00,0.7,1.0,,0.4,,69.0,4.0,5.0,315.0,334.0,1002.4,,,,
2023-05-16 15:00:00,1.1,1.3,,0.8,,66.0,3.8,5.0,294.0,307.0,1002.1,,,,
2023-05-16 16:00:00,0.9,1.1,,0.7,,72.0,4.4,5.8,285.0,285.0,1001.8,,,,
2023-05-16 17:00:00,1.0,1.2,,0.8,,71.0,4.4,5.5,281.0,282.0,1001.6,,,,
2023-05-16 18:00:00,1.1,1.4,1.4,0.9,-1.6,68.0,3.3,4.3,280.0,277.0,1001.4,,,,
2023-05-16 19:00:00,1.0,1.2,,0.9,,72.0,3.3,4.4,269.0,270.0,1001.3,,,,
2023-05-16 20:00:00,1.1,1.3,,0.9,,71.0,2.8,3.7,275.0,271.0,1001.0,,,,
2023-05-16 21:00:00,1.2,1.3,,1.1,,71.0,2.8,3.7,270.0,272.0,1001.1,,,,
2023-05-16 22:00:00,1.1,1.2,,1.1,,74.0,2.0,2.6,278.0,271.0,1001.0,,,,
2023-05-16 23:00:00,1.5,1.9,,1.2,,72.0,0.7,1.8,201.0,300.0,1000.9,,,,
2023-05-17 00:00:00,0.7,1.4,,0.2,,74.0,1.7,3.1,184.0,182.0,1000.8,,,,
2023-05-17 01:00:00,-0.2,0.2,,,,78.0,2.8,3.7,182.0,186.0,1000.8,,,,
2023-05-17 02:00:00,-0.6,,,,,78.0,2.4,3.7,158.0,166.0,1000.8,,,,
2023-05-17 03:00:00,-1.2,,,,,69.0,1.7,2.4,148.0,147.0,1000.8,,,,
2023-05-17 04:00:00,-1.9,,,,,71.0,2.1,2.7,170.0,163.0,1000.8,,,,
2023-05-17 05:00:00,-2.3,,,,,82.0,2.6,3.2,173.0,171.0,1000.8,,,,
2023-05-17 06:00:00,-2.6,,1.9,,-2.7,88.0,2.9,3.7,181.0,178.0,1000.9,,,,
2023-05-17 07:00:00,-2.2,,,,,90.0,3.1,3.8,177.0,186.0,1001.1,,,,
2023-05-17 08:00:00,-2.1,,,,,89.0,2.5,3.2,170.0,175.0,1001.1,,,,
2023-05-17 09:00:00,-1.4,,,,,86.0,2.9,3.8,176.0,173.0,1001.0,,,,
2023-05-17 10:00:00,-0.6,,,,,81.0,2.1,3.2,175.0,166.0,1001.0,,,,10.0
2023-05-17 11:00:00,-0.2,0.2,,,,78.0,1.2,2.8,126.0,168.0,1001.2,,,,90.0
2023-05-17 12:00:00,-0.1,0.2,,,,78.0,1.5,4.3,27.0,48.0,1001.0,,,,90.0
2023-05-17 13:00:00,0.0,0.3,,,,77.0,1.8,3.1,26.0,33.0,1000.9,,,,90.0
2023-05-17 14:00:00,0.5,0.8,,0.0,,75.0,2.1,3.2,39.0,38.0,1000.6,,,,40.0
2023-05-17 15:00:00,0.8,1.1,,0.5,,77.0,2.5,4.9,51.0,45.0,1000.2,,,,
2023-05-17 16:00:00,0.7,1.1,,0.5,,78.0,3.7,4.6,56.0,55.0,999.5,,,,90.0
2023-05-17 17:00:00,0.9,1.4,,0.6,,76.0,4.4,5.3,64.0,63.0,999.3,,,,100.0
2023-05-17 18:00:00,0.8,1.0,1.4,0.5,-2.7,76.0,4.2,4.9,58.0,61.0,999.0,,,,100.0
2023-05-17 19:00:00,0.8,1.1,,0.5,,76.0,4.2,5.2,65.0,61.0,998.5,,,,100.0
2023-05-17 20:00:00,0.6,0.9,,0.4,,78.0,3.4,4.6,58.0,66.0,998.2,,,,90.0
2023-05-17 21:00:00,0.8,1.2,,0.5,,77.0,3.1,3.8,63.0,56.0,997.8,,,,
2023-05-17 22:00:00,0.6,0.8,,0.4,,78.0,3.0,4.1,63.0,62.0,997.4,,,,90.0
2023-05-17 23:00:00,0.5,0.7,,0.3,,79.0,3.0,3.8,67.0,69.0,996.9,,,,75.0
2023-05-18 00:00:00,0.5,0.7,,0.4,,79.0,2.7,3.9,80.0,74.0,996.8,,,,40.0
2023-05-18 01:00:00,0.4,0.5,,0.2,,78.0,1.9,2.6,105.0,86.0,996.6,,,,40.0
2023-05-18 02:00:00,0.1,0.2,,0.1,,80.0,0.9,2.0,110.0,105.0,996.3,,,,60.0
2023-05-18 03:00:00,0.1,0.3,,0.0,,80.0,1.3,2.7,79.0,82.0,995.8,,,,90.0
2023-05-18 04:00:00,0.2,0.4,,0.1,,86.0,2.7,3.6,85.0,75.0,995.8,,,,90.0
2023-05-18 05:00:00,0.2,0.3,,0.2,,85.0,2.5,3.3,91.0,91.0,995.5,,,,100.0
2023-05-18 06:00:00,0.4,0.5,1.2,0.2,0.0,83.0,2.7,3.9,97.0,91.0,995.8,,,,100.0
2023-05-18 07:00:00,0.4,0.6,,0.3,,84.0,3.1,4.2,95.0,96.0,995.9,,,,90.0
2023-05-18 08:00:00,0.0,0.6,,,,88.0,3.4,5.3,89.0,101.0,996.2,,,,100.0
2023-05-18 09:00:00,0.1,0.3,,,,95.0,1.9,2.4,115.0,111.0,996.1,,,,100.0
2023-05-18 10:00:00,0.6,0.9,,0.3,,96.0,1.9,2.7,174.0,134.0,996.6,,,,100.0
2023-05-18 11:00:00,1.0,1.0,,0.9,,94.0,2.6,4.1,229.0,220.0,996.9,,,,90.0
2023-05-18 12:00:00,1.0,1.2,,0.9,,88.0,2.3,3.4,209.0,226.0,997.2,,,,90.0
2023-05-18 13:00:00,1.2,1.3,,1.0,,83.0,2.3,3.2,233.0,217.0,997.2,,,,100.0
2023-05-18 14:00:00,1.1,1.2,,0.9,,83.0,1.8,2.6,321.0,289.0,997.3,,,,90.0
2023-05-18 15:00:00,1.4,1.8,,1.0,,81.0,1.0,2.4,358.0,340.0,997.4,,,,90.0
2023-05-18 16:00:00,1.2,1.3,,1.0,,82.0,2.7,3.6,4.0,3.0,997.2,,,,90.0
2023-05-18 17:00:00,1.4,1.7,,1.0,,79.0,2.9,5.2,356.0,1.0,996.7,,,,90.0
2023-05-18 18:00:00,1.6,1.9,1.9,1.2,-0.3,79.0,3.4,4.6,356.0,360.0,996.3,,,,90.0
2023-05-18 19:00:00,1.8,2.1,,1.6,,76.0,3.4,4.6,352.0,353.0,995.5,,,,
2023-05-18 20:00:00,1.9,2.2,,1.7,,79.0,3.3,4.5,350.0,349.0,994.3,,,,
2023-05-18 21:00:00,1.8,2.1,,1.4,,82.0,3.4,4.9,357.0,356.0,992.8,,,,40.0
2023-05-18 22:00:00,2.0,2.3,,1.7,,81.0,3.3,5.2,353.0,353.0,991.8,,,,
2023-05-18 23:00:00,2.2,2.3,,2.0,,82.0,2.8,4.4,335.0,335.0,990.2,,,,
2023-05-19 00:00:00,1.9,2.1,,1.6,,81.0,4.2,5.8,327.0,334.0,988.6,,,,
2023-05-19 01:00:00,1.7,2.1,,1.6,,82.0,4.0,5.8,300.0,311.0,987.0,,,,
2023-05-19 02:00:00,1.6,1.9,,1.4,,82.0,3.6,5.9,289.0,298.0,985.3,,,,75.0
2023-05-19 03:00:00,1.7,2.3,,1.4,,81.0,4.0,6.1,342.0,323.0,983.6,,,,
2023-05-19 04:00:00,1.9,2.1,,1.7,,81.0,3.7,5.2,338.0,339.0,982.3,,,,40.0
2023-05-19 05:00:00,2.0,2.2,,1.7,,80.0,4.2,7.6,51.0,37.0,980.9,,,,90.0
2023-05-19 06:00:00,1.6,2.1,2.3,1.0,1.0,82.0,5.7,8.7,83.0,65.0,979.6,,,,25.0
2023-05-19 07:00:00,0.7,1.1,,0.5,,89.0,4.7,7.5,102.0,87.0,978.4,,,,90.0
2023-05-19 08:00:00,0.4,0.7,,0.3,,91.0,3.6,5.8,90.0,91.0,977.6,,,,90.0
2023-05-19 09:00:00,0.6,0.9,,0.4,,90.0,3.7,5.6,91.0,90.0,977.2,,,,75.0
2023-05-19 10:00:00,1.4,1.8,,0.9,,87.0,3.0,4.7,147.0,111.0,976.5,,,,90.0
2023-05-19 11:00:00,2.1,2.9,,1.6,,82.0,3.0,4.3,158.0,164.0,976.1,,,,90.0
2023-05-19 12:00:00,3.1,3.7,,2.5,,76.0,4.1,6.5,186.0,170.0,975.6,,,,25.0
2023-05-19 13:00:00,2.4,2.7,,2.1,,79.0,5.9,8.1,180.0,180.0,975.8,,,,
2023-05-19 14:00:00,2.3,2.4,,2.2,,78.0,5.3,7.9,176.0,177.0,976.3,,,,90.0
2023-05-19 15:00:00,2.3,2.4,,1.9,,80.0,3.2,4.9,208.0,201.0,976.3,,,,100.0
2023-05-19 16:00:00,2.3,2.5,,2.1,,83.0,2.1,4.1,216.0,193.0,976.7,,,,100.0
2023-05-19 17:00:00,2.3,2.8,,1.4,,83.0,2.5,4.9,262.0,221.0,977.1,,,,90.0
2023-05-19 18:00:00,1.6,2.1,3.7,0.8,0.3,87.0,4.0,8.2,232.0,238.0,978.1,,,,100.0
2023-05-19 19:00:00,0.5,0.9,,0.0,,88.0,7.3,10.6,219.0,225.0,979.1,,,,100.0
2023-05-19 20:00:00,-0.3,0.1,,,,88.0,9.8,13.0,223.0,219.0,979.8,,,,100.0
2023-05-19 21:00:00,-0.3,,,,,88.0,10.1,13.3,224.0,225.0,981.1,,,,100.0
2023-05-19 22:00:00,-0.9,,,,,89.0,9.9,13.2,231.0,230.0,982.6,,,,100.0
2023-05-19 23:00:00,-1.2,,,,,91.0,10.3,14.3,227.0,228.0,983.3,,,,100.0
2023-05-20 00:00:00,-1.1,,,,,90.0,10.6,14.4,225.0,223.0,984.3,,,,90.0
2023-05-20 01:00:00,-1.2,,,,,92.0,10.6,14.0,225.0,224.0,985.3,,,,90.0
2023-05-20 02:00:00,-1.4,,,,,91.0,10.7,13.9,227.0,228.0,986.3,,,,90.0
2023-05-20 03:00:00,-1.8,,,,,92.0,10.8,13.5,232.0,232.0,987.3,,,,90.0
2023-05-20 04:00:00,-1.9,,,,,90.0,10.9,14.2,232.0,232.0,988.0,,,,100.0
2023-05-20 05:00:00,-2.1,,,,,89.0,11.3,14.6,231.0,231.0,988.9,,,,100.0
2023-05-20 06:00:00,-2.1,,0.9,,-2.2,89.0,10.6,14.3,232.0,232.0,990.1,,,,100.0
2023-05-20 07:00:00,-2.3,,,,,90.0,10.8,14.1,226.0,229.0,991.0,,,,100.0
2023-05-20 08:00:00,-2.4,,,,,91.0,11.0,14.2,229.0,229.0,991.8,,,,100.0
2023-05-20 09:00:00,-2.2,,,,,91.0,11.0,14.3,229.0,229.0,992.4,,,,100.0
2023-05-20 10:00:00,-2.1,,,,,91.0,10.5,13.4,230.0,231.0,993.3,,,,90.0
2023-05-20 11:00:00,-2.2,,,,,89.0,9.9,12.7,236.0,232.0,994.5,,,,90.0
2023-05-20 12:00:00,-2.0,,,,,90.0,9.0,11.9,232.0,235.0,995.4,,,,100.0
2023-05-20 13:00:00,-1.7,,,,,90.0,9.4,11.5,233.0,234.0,996.3,,,,90.0
2023-05-20 14:00:00,-1.6,,,,,88.0,8.2,10.4,240.0,236.0,996.9,,,,90.0
2023-05-20 15:00:00,-1.2,,,,,84.0,8.0,11.3,230.0,236.0,997.2,,,,100.0
2023-05-20 16:00:00,-1.3,,,,,84.0,7.3,10.0,237.0,236.0,997.8,,,,90.0
2023-05-20 17:00:00,-1.1,,,,,84.0,6.6,9.0,238.0,237.0,998.3,,,,90.0
2023-05-20 18:00:00,-1.2,,-1.1,,-2.5,86.0,5.9,7.8,238.0,240.0,998.8,,,,90.0
2023-05-20 19:00:00,-1.1,,,,,85.0,5.7,7.4,240.0,237.0,999.1,,,,90.0
2023-05-20 20:00:00,-0.9,,,,,81.0,5.9,7.9,230.0,233.0,999.4,,,,90.0
2023-05-20 21:00:00,-0.9,,,,,78.0,5.9,7.9,242.0,237.0,999.7,,,,90.0
2023-05-20 22:00:00,-1.3,,,,,77.0,5.1,7.1,237.0,240.0,1000.0,,,,90.0
2023-05-20 23:00:00,-1.4,,,,,81.0,4.7,6.3,234.0,232.0,1000.3,,,,90.0
2023-05-21 00:00:00,-1.5,,,,,80.0,4.2,5.8,247.0,235.0,1000.8,,,,100.0
2023-05-21 01:00:00,-1.8,,,,,88.0,3.9,5.1,221.0,232.0,1001.1,,,,90.0
2023-05-21 02:00:00,-1.9,,,,,91.0,3.4,5.2,305.0,266.0,1001.4,,,,100.0
2023-05-21 03:00:00,-1.9,,,,,85.0,3.7,5.4,308.0,303.0,1001.7,,,,100.0
2023-05-21 04:00:00,-2.3,,,,,82.0,4.4,5.8,312.0,312.0,1002.4,,,,100.0
2023-05-21 05:00:00,-2.8,,,,,83.0,4.2,5.8,293.0,306.0,1002.8,,,,100.0
2023-05-21 06:00:00,-2.9,,-0.6,,-2.9,85.0,5.0,6.8,296.0,296.0,1003.2,,,,90.0
2023-05-21 07:00:00,-3.1,,,,,84.0,5.7,7.0,295.0,295.0,1003.7,,,,90.0
2023-05-21 08:00:00,-3.1,,,,,83.0,5.8,7.3,293.0,294.0,1004.1,,,,90.0
2023-05-21 09:00:00,-2.8,,,,,80.0,5.3,7.3,278.0,281.0,1004.5,,,,90.0
2023-05-21 10:00:00,-2.4,,,,,76.0,5.7,7.8,276.0,273.0,1004.8,,,,100.0
2023-05-21 11:00:00,-2.6,,,,,76.0,5.4,7.4,271.0,277.0,1005.2,,,,100.0
2023-05-21 12:00:00,-2.7,,,,,77.0,6.0,7.8,249.0,258.0,1005.7,,,,100.0
2023-05-21 13:00:00,-2.6,,,,,76.0,6.0,8.4,254.0,256.0,1006.0,,,,100.0
2023-05-21 14:00:00,-2.4,,,,,72.0,6.8,10.0,256.0,257.0,1006.2,,,,100.0
2023-05-21 15:00:00,-2.4,,,,,71.0,7.2,9.7,257.0,259.0,1006.5,,,,100.0
2023-05-21 16:00:00,-2.6,,,,,71.0,7.0,9.8,253.0,254.0,1006.6,,,,100.0
2023-05-21 17:00:00,-2.7,,,,,70.0,5.6,7.7,242.0,247.0,1006.7,,,,100.0
2023-05-21 18:00:00,-2.9,,-2.2,,-3.2,71.0,5.0,7.0,232.0,235.0,1006.9,,,,100.0
2023-05-21 19:00:00,-2.4,,,,,70.0,4.4,6.0,243.0,234.0,1007.0,,,,100.0
2023-05-21 20:00:00,-2.4,,,,,71.0,4.6,6.2,238.0,233.0,1007.0,,,,100.0
2023-05-21 21:00:00,-2.5,,,,,71.0,4.4,6.3,240.0,248.0,1007.0,,,,100.0
2023-05-21 22:00:00,-2.4,,,,,75.0,4.1,6.0,267.0,239.0,1006.9,,,,100.0
2023-05-21 23:00:00,-2.5,,,,,75.0,3.3,5.7,270.0,259.0,1006.9,,,,100.0
2023-05-22 00:00:00,-2.6,,,,,73.0,2.6,5.2,275.0,255.0,1006.9,,,,100.0
2023-05-22 01:00:00,-2.8,,,,,72.0,2.3,5.1,204.0,257.0,1006.6,,,,100.0
2023-05-22 02:00:00,-2.9,,,,,72.0,1.8,3.2,228.0,266.0,1006.3,,,,100.0
2023-05-22 03:00:00,-2.9,,,,,74.0,1.6,3.1,161.0,195.0,1005.8,,,,100.0
2023-05-22 04:00:00,-2.9,,,,,78.0,2.4,3.6,169.0,183.0,1005.2,,,,100.0
2023-05-22 05:00:00,-3.1,,,,,74.0,1.4,3.5,172.0,141.0,1004.6,,,,100.0
2023-05-22 06:00:00,-3.0,,-2.2,,-3.1,73.0,0.0,0.5,0.0,0.0,1003.8,,,,100.0
2023-05-22 07:00:00,-2.9,,,,,77.0,1.9,5.0,74.0,84.0,1003.0,,,,90.0
2023-05-22 08:00:00,-2.4,,,,,73.0,4.3,6.6,54.0,68.0,1001.9,,,,100.0
2023-05-22 09:00:00,-2.1,,,,,66.0,5.1,7.2,59.0,49.0,1001.0,,,,40.0
2023-05-22 10:00:00,-2.1,,,,,68.0,5.5,7.6,47.0,52.0,1000.1,,,,90.0
2023-05-22 11:00:00,-1.3,,,,,70.0,6.9,9.4,46.0,48.0,999.1,,,,75.0
2023-05-22 12:00:00,-1.1,,,,,72.0,8.3,11.2,41.0,38.0,997.9,,,,90.0
2023-05-22 13:00:00,-1.2,,,,,74.0,9.1,11.5,32.0,35.0,996.8,,,,40.0
2023-05-22 14:00:00,-0.8,,,,,72.0,9.1,11.9,33.0,33.0,995.6,,,,
2023-05-22 15:00:00,-0.7,,,,,68.0,10.1,12.3,26.0,29.0,994.3,,,,
2023-05-22 16:00:00,-0.3,,,,,68.0,10.3,13.1,32.0,25.0,993.0,,,,
2023-05-22 17:00:00,-0.1,0.1,,,,68.0,10.2,12.5,16.0,23.0,992.3,,,,
2023-05-22 18:00:00,0.0,0.3,0.3,,-3.0,66.0,8.0,13.1,328.0,349.0,991.4,,,,10.0
2023-05-22 19:00:00,0.2,0.2,,,,64.0,5.1,7.0,312.0,322.0,990.5,,,,
2023-05-22 20:00:00,0.2,0.4,,0.1,,64.0,5.7,7.3,303.0,306.0,989.9,,,,
2023-05-22 21:00:00,0.4,0.5,,0.2,,64.0,6.0,7.3,291.0,295.0,989.6,,,,
2023-05-22 22:00:00,0.5,0.7,,0.4,,65.0,5.4,6.5,266.0,274.0,989.6,,,,
2023-05-22 23:00:00,0.3,0.6,,0.1,,69.0,4.7,5.9,253.0,257.0,989.7,,,,
2023-05-23 00:00:00,-0.5,0.1,,,,76.0,4.8,6.2,253.0,251.0,990.0,,,,
2023-05-23 01:00:00,-0.7,,,,,79.0,4.7,6.7,251.0,247.0,990.6,,,,90.0
2023-05-23 02:00:00,-0.9,,,,,79.0,6.0,8.7,247.0,249.0,991.1,,,,90.0
2023-05-23 03:00:00,-1.0,,,,,80.0,8.0,10.7,251.0,255.0,991.5,,,,100.0
2023-05-23 04:00:00,-0.8,,,,,79.0,9.5,12.2,260.0,259.0,992.1,,,,90.0
2023-05-23 05:00:00,-0.7,,,,,78.0,11.1,14.3,266.0,266.0,992.9,,,,100.0
2023-05-23 06:00:00,-0.8,,0.7,,-1.0,78.0,11.5,14.9,274.0,269.0,994.2,,,,100.0
2023-05-23 07:00:00,-1.2,,,,,83.0,13.2,17.1,283.0,278.0,995.8,,,,100.0
2023-05-23 08:00:00,-2.2,,,,,85.0,14.0,18.1,281.0,283.0,997.6,,,,100.0
2023-05-23 09:00:00,-2.7,,,,,88.0,14.1,18.2,276.0,279.0,999.4,,,,100.0
2023-05-23 10:00:00,-3.2,,,,,92.0,12.9,16.7,276.0,277.0,1001.0,,,,100.0
2023-05-23 11:00:00,-3.6,,,,,89.0,12.0,15.1,270.0,274.0,1002.5,,,,90.0
2023-05-23 12:00:00,-3.7,,,,,86.0,11.7,14.4,271.0,271.0,1004.0,,,,90.0
2023-05-23 13:00:00,-4.3,,,,,87.0,10.6,13.8,261.0,267.0,1005.3,,,,90.0
2023-05-23 14:00:00,-3.9,,,,,84.0,11.3,14.0,260.0,262.0,1006.6,,,,90.0
2023-05-23 15:00:00,-4.4,,,,,82.0,9.8,13.6,249.0,252.0,1007.7,,,,90.0
2023-05-23 16:00:00,-4.1,,,,,84.0,9.0,13.0,246.0,240.0,1008.4,,,,90.0
2023-05-23 17:00:00,-3.7,,,,,78.0,9.3,12.5,249.0,243.0,1009.2,,,,90.0
2023-05-23 18:00:00,-3.5,,-0.7,,-4.6,73.0,9.9,13.0,259.0,254.0,1010.4,,,,90.0
2023-05-23 19:00:00,-4.2,,,,,85.0,7.7,11.5,253.0,251.0,1011.4,,,,90.0
2023-05-23 20:00:00,-3.3,,,,,74.0,6.7,9.6,237.0,244.0,1012.1,,,,90.0
2023-05-23 21:00:00,-3.0,,,,,70.0,5.3,8.4,241.0,240.0,1012.5,,,,100.0
2023-05-23 22:00:00,-2.7,,,,,64.0,5.5,7.5,214.0,221.0,1012.9,,,,100.0
2023-05-23 23:00:00,-2.8,,,,,65.0,5.3,7.6,197.0,195.0,1013.3,,,,90.0
2023-05-24 00:00:00,-2.7,,,,,66.0,3.7,5.7,172.0,181.0,1013.7,,,,100.0
2023-05-24 01:00:00,-3.3,,,,,77.0,4.1,6.3,139.0,154.0,1013.8,,,,100.0
2023-05-24 02:00:00,-3.7,,,,,82.0,5.1,8.0,138.0,143.0,1014.0,,,,100.0
2023-05-24 03:00:00,-3.2,,,,,82.0,5.2,8.1,138.0,131.0,1013.6,,,,100.0
2023-05-24 04:00:00,-3.1,,,,,80.0,5.5,8.6,118.0,131.0,1013.4,,,,100.0
2023-05-24 05:00:00,-2.7,,,,,80.0,5.7,8.2,129.0,125.0,1013.4,,,,100.0
2023-05-24 06:00:00,-2.9,,-2.5,,-4.6,79.0,5.7,7.8,142.0,129.0,1013.7,,,,100.0
2023-05-24 07:00:00,-2.8,,,,,88.0,5.8,8.6,134.0,136.0,1013.9,,,,100.0
2023-05-24 08:00:00,-2.4,,,,,86.0,5.6,8.6,132.0,127.0,1013.7,,,,100.0
2023-05-24 09:00:00,-2.0,,,,,82.0,5.7,8.5,144.0,140.0,1013.9,,,,90.0
2023-05-24 10:00:00,-1.8,,,,,80.0,5.8,8.3,138.0,141.0,1014.0,,,,90.0
2023-05-24 11:00:00,-0.8,,,,,77.0,4.7,7.1,133.0,133.0,1014.0,,,,90.0
2023-05-24 12:00:00,-0.8,,,,,77.0,4.1,6.1,147.0,136.0,1014.2,,,,100.0
2023-05-24 13:00:00,-0.2,0.7,,,,77.0,3.8,5.4,119.0,126.0,1014.1,,,,100.0
2023-05-24 14:00:00,0.3,0.8,,,,73.0,4.1,5.7,102.0,108.0,1014.2,,,,90.0
2023-05-24 15:00:00,1.0,1.5,,0.7,,70.0,4.8,6.8,81.0,92.0,1014.2,,,,90.0
2023-05-24 16:00:00,0.8,0.9,,0.7,,71.0,5.5,7.0,72.0,79.0,1014.2,,,,90.0
2023-05-24 17:00:00,0.7,1.0,,0.4,,72.0,6.0,7.3,73.0,72.0,1014.3,,,,90.0
2023-05-24 18:00:00,0.9,1.2,1.6,0.6,-2.9,69.0,5.7,6.8,69.0,68.0,1014.7,,,,90.0
2023-05-24 19:00:00,1.0,1.3,,0.8,,66.0,5.6,6.7,67.0,64.0,1014.8,,,,90.0
2023-05-24 20:00:00,1.1,1.6,,0.8,,65.0,5.4,6.5,66.0,65.0,1015.2,,,,90.0
2023-05-24 21:00:00,1.1,1.4,,0.8,,67.0,5.7,6.8,62.0,63.0,1015.4,,,,100.0
2023-05-24 22:00:00,0.6,0.9,,0.4,,71.0,6.2,7.7,61.0,62.0,1015.6,,,,100.0
2023-05-24 23:00:00,0.5,0.7,,0.4,,72.0,6.4,7.6,67.0,64.0,1015.9,,,,100.0
2023-05-25 00:00:00,0.5,0.6,,0.4,,72.0,6.4,7.6,71.0,67.0,1016.1,,,,100.0
2023-05-25 01:00:00,0.4,0.5,,0.2,,74.0,5.1,6.6,79.0,75.0,1016.3,,,,100.0
2023-05-25 02:00:00,0.3,0.4,,0.2,,78.0,4.4,5.5,84.0,83.0,1016.3,,,,100.0
2023-05-25 03:00:00,-0.7,0.3,,,,81.0,3.4,5.1,100.0,95.0,1016.2,,,,90.0
2023-05-25 04:00:00,-0.2,,,,,84.0,3.3,4.5,102.0,97.0,1016.3,,,,100.0
2023-05-25 05:00:00,-0.1,0.2,,,,79.0,3.2,5.9,94.0,98.0,1016.2,,,,100.0
2023-05-25 06:00:00,-0.3,0.0,1.7,,-0.7,67.0,4.8,6.5,88.0,87.0,1016.4,,,,100.0
2023-05-25 07:00:00,-0.4,0.0,,,,60.0,3.8,5.2,108.0,101.0,1016.9,,,,100.0
2023-05-25 08:00:00,-0.4,,,,,58.0,3.6,5.3,106.0,98.0,1017.0,,,,75.0
2023-05-25 09:00:00,0.1,0.1,,,,59.0,4.3,5.5,90.0,91.0,1017.0,,,,
2023-05-25 10:00:00,0.2,0.4,,,,59.0,4.8,6.5,98.0,96.0,1016.9,,,,
2023-05-25 11:00:00,0.5,0.8,,0.4,,57.0,5.4,6.9,89.0,89.0,1017.0,,,,
2023-05-25 12:00:00,0.8,1.2,,0.5,,52.0,5.8,7.6,98.0,88.0,1016.8,,,,
2023-05-25 13:00:00,1.3,1.8,,1.0,,54.0,5.7,7.4,91.0,92.0,1016.8,,,,
2023-05-25 14:00:00,1.7,2.1,,1.4,,53.0,5.3,6.8,94.0,96.0,1016.7,,,,
2023-05-25 15:00:00,1.9,2.1,,1.6,,56.0,5.4,6.7,80.0,85.0,1016.1,,,,
2023-05-25 16:00:00,1.9,2.2,,1.7,,62.0,5.3,6.3,64.0,73.0,1015.8,,,,
2023-05-25 17:00:00,2.2,2.6,,1.8,,58.0,5.0,6.2,68.0,77.0,1015.2,,,,
2023-05-25 18:00:00,1.9,2.3,2.6,1.6,-0.6,64.0,4.8,5.8,67.0,63.0,1014.9,,,,
2023-05-25 19:00:00,2.0,2.5,,1.7,,67.0,4.4,5.4,78.0,63.0,1014.7,,,,
2023-05-25 20:00:00,2.1,2.7,,1.7,,68.0,4.6,6.2,73.0,69.0,1014.4,,,,90.0
2023-05-25 21:00:00,1.7,2.1,,1.5,,70.0,5.1,6.1,68.0,71.0,1014.0,,,,90.0
2023-05-25 22:00:00,1.7,1.9,,1.6,,69.0,5.3,6.5,81.0,77.0,1013.6,,,,90.0
2023-05-25 23:00:00,1.9,2.2,,1.6,,70.0,4.5,8.4,239.0,118.0,1013.7,,,,40.0
2023-05-26 00:00:00,1.3,2.1,,0.3,,82.0,5.6,7.9,230.0,231.0,1013.9,,,,90.0
2023-05-26 01:00:00,-0.6,0.2,,,,87.0,6.2,8.0,225.0,228.0,1014.1,,,,90.0
2023-05-26 02:00:00,-1.1,,,,,83.0,6.4,8.6,226.0,227.0,1013.9,,,,90.0
2023-05-26 03:00:00,-0.9,,,,,83.0,7.5,10.5,211.0,215.0,1013.7,,,,75.0
2023-05-26 04:00:00,-0.8,,,,,82.0,7.3,9.9,207.0,210.0,1013.8,,,,90.0
2023-05-26 05:00:00,-0.5,,,,,82.0,6.9,9.5,210.0,208.0,1013.5,,,,90.0
2023-05-26 06:00:00,-0.6,,2.7,,-1.2,82.0,6.1,9.2,199.0,203.0,1013.3,,,,90.0
2023-05-26 07:00:00,-0.4,,,,,81.0,5.2,7.9,196.0,197.0,1013.4,,,,90.0
2023-05-26 08:00:00,-0.4,,,,,81.0,4.5,5.9,194.0,192.0,1013.5,,,,100.0
2023-05-26 09:00:00,-0.5,,,,,81.0,3.5,4.8,180.0,184.0,1013.4,,,,100.0
2023-05-26 10:00:00,-0.5,,,,,83.0,2.6,4.3,214.0,187.0,1013.5,,,,100.0
2023-05-26 11:00:00,-0.4,,,,,83.0,2.8,3.9,206.0,208.0,1013.3,,,,100.0
2023-05-26 12:00:00,-0.3,,,,,82.0,2.0,3.0,135.0,166.0,1013.0,,,,100.0
2023-05-26 13:00:00,-0.2,,,,,85.0,2.1,3.0,111.0,123.0,1012.7,,,,100.0
2023-05-26 14:00:00,-0.4,,,,,89.0,1.8,3.3,55.0,78.0,1012.4,,,,90.0
2023-05-26 15:00:00,-0.4,,,,,92.0,2.5,4.2,76.0,72.0,1012.1,,,,90.0
2023-05-26 16:00:00,-0.3,,,,,91.0,4.3,6.0,80.0,75.0,1011.6,,,,90.0
2023-05-26 17:00:00,-0.1,,,,,93.0,4.9,6.6,102.0,90.0,1011.5,,,,100.0
2023-05-26 18:00:00,0.1,0.3,0.3,,-0.7,96.0,4.5,6.8,118.0,108.0,1011.2,,,,100.0
2023-05-26 19:00:00,0.4,0.5,,0.2,,96.0,4.2,7.0,128.0,126.0,1011.0,,,,100.0
2023-05-26 20:00:00,0.5,0.6,,0.4,,96.0,4.2,6.7,151.0,135.0,1011.0,,,,100.0
2023-05-26 21:00:00,0.4,0.5,,0.3,,96.0,4.5,7.1,163.0,157.0,1010.9,,,,100.0
2023-05-26 22:00:00,0.4,0.4,,0.3,,96.0,4.8,7.2,162.0,160.0,1010.8,,,,100.0
2023-05-26 23:00:00,0.4,0.6,,0.4,,96.0,5.4,8.0,159.0,161.0,1010.8,,,,100.0
2023-05-27 00:00:00,0.6,0.7,,0.4,,96.0,6.4,10.5,164.0,165.0,1010.7,,,,100.0
2023-05-27 01:00:00,0.4,0.6,,0.3,,96.0,4.6,7.5,160.0,159.0,1010.5,,,,100.0
2023-05-27 02:00:00,0.4,0.4,,0.3,,96.0,3.4,6.7,164.0,164.0,1010.2,,,,100.0
2023-05-27 03:00:00,0.2,0.3,,0.2,,97.0,2.7,4.1,164.0,172.0,1010.1,,,,100.0
2023-05-27 04:00:00,0.1,0.2,,0.1,,97.0,1.7,2.7,150.0,150.0,1009.5,,,,100.0
2023-05-27 05:00:00,0.1,0.2,,0.1,,97.0,1.9,2.9,137.0,138.0,1008.9,,,,100.0
2023-05-27 06:00:00,0.1,0.2,0.7,0.1,0.1,97.0,2.0,2.9,84.0,94.0,1008.5,,,,100.0
2023-05-27 07:00:00,0.1,0.2,,0.1,,97.0,3.2,4.4,85.0,82.0,1007.6,,,,100.0
2023-05-27 08:00:00,0.2,0.3,,0.2,,97.0,3.4,4.5,105.0,95.0,1006.6,,,,100.0
2023-05-27 09:00:00,0.3,0.4,,0.2,,97.0,4.4,7.5,129.0,121.0,1005.7,,,,100.0
2023-05-27 10:00:00,0.4,0.7,,0.3,,96.0,5.2,7.5,123.0,126.0,1004.7,,,,100.0
2023-05-27 11:00:00,0.7,0.8,,0.6,,94.0,6.4,10.0,143.0,135.0,1004.1,,,,100.0
2023-05-27 12:00:00,0.9,1.2,,0.6,,92.0,2.7,6.7,150.0,138.0,1003.5,,,,90.0
2023-05-27 13:00:00,1.1,1.4,,0.8,,92.0,4.3,6.7,151.0,147.0,1003.2,,,,90.0
2023-05-27 14:00:00,0.7,0.9,,0.6,,94.0,3.2,6.1,203.0,176.0,1003.5,,,,100.0
2023-05-27 15:00:00,-2.4,0.6,,,,94.0,11.2,15.0,305.0,301.0,1005.0,,,,100.0
2023-05-27 16:00:00,-2.6,,,,,90.0,13.1,16.8,285.0,289.0,1007.5,,,,90.0
2023-05-27 17:00:00,-2.9,,,,,78.0,13.3,16.6,262.0,270.0,1009.8,,,,90.0
2023-05-27 18:00:00,-3.3,,1.4,,-3.4,73.0,11.9,15.7,262.0,260.0,1011.8,,,,75.0
2023-05-27 19:00:00,-3.2,,,,,65.0,11.0,13.9,261.0,265.0,1013.3,,,,40.0
2023-05-27 20:00:00,-3.1,,,,,64.0,9.1,12.6,248.0,252.0,1014.4,,,,75.0
2023-05-27 21:00:00,-3.4,,,,,67.0,8.2,11.3,249.0,247.0,1015.1,,,,90.0
2023-05-27 22:00:00,-3.7,,,,,66.0,7.1,9.9,240.0,246.0,1015.7,,,,90.0
2023-05-27 23:00:00,-3.7,,,,,65.0,5.8,7.7,228.0,233.0,1016.1,,,,90.0
2023-05-28 00:00:00,-3.7,,,,,67.0,5.4,8.0,238.0,239.0,1016.4,,,,100.0
2023-05-28 01:00:00,-3.7,,,,,67.0,4.4,6.0,246.0,236.0,1016.6,,,,100.0
2023-05-28 02:00:00,-3.7,,,,,69.0,3.9,5.7,261.0,249.0,1016.7,,,,100.0
2023-05-28 03:00:00,-3.4,,,,,73.0,4.2,8.3,272.0,274.0,1016.4,,,,100.0
2023-05-28 04:00:00,-3.5,,,,,66.0,5.9,9.4,294.0,291.0,1016.2,,,,90.0
2023-05-28 05:00:00,-3.8,,,,,69.0,4.5,8.2,290.0,290.0,1015.9,,,,90.0
2023-05-28 06:00:00,-3.9,,-2.9,,-4.1,77.0,4.5,7.3,330.0,297.0,1015.8,,,,90.0
2023-05-28 07:00:00,-4.1,,,,,75.0,5.0,8.3,331.0,321.0,1015.6,,,,90.0
2023-05-28 08:00:00,-3.7,,,,,75.0,4.3,6.7,319.0,325.0,1015.6,,,,90.0
2023-05-28 09:00:00,-3.7,,,,,77.0,4.3,7.3,304.0,306.0,1015.6,,,,90.0
2023-05-28 10:00:00,-4.0,,,,,77.0,3.7,5.7,348.0,331.0,1015.6,,,,90.0
2023-05-28 11:00:00,-4.5,,,,,83.0,3.1,9.8,299.0,334.0,1015.5,,,,90.0
2023-05-28 12:00:00,-3.1,,,,,77.0,3.3,6.7,313.0,329.0,1015.3,,,,100.0
2023-05-28 13:00:00,-2.6,,,,,60.0,4.8,6.8,325.0,321.0,1015.1,,,,90.0
2023-05-28 14:00:00,-2.6,,,,,55.0,4.9,7.1,313.0,318.0,1015.3,,,,90.0
2023-05-28 15:00:00,-2.4,,,,,59.0,5.3,7.3,312.0,313.0,1015.4,,,,90.0
2023-05-28 16:00:00,-2.6,,,,,61.0,6.0,8.1,304.0,308.0,1015.6,,,,90.0
2023-05-28 17:00:00,-2.5,,,,,61.0,5.3,7.0,324.0,311.0,1015.7,,,,90.0
2023-05-28 18:00:00,-2.6,,-2.3,,-4.6,65.0,4.8,6.3,310.0,313.0,1016.1,,,,100.0
2023-05-28 19:00:00,-2.7,,,,,66.0,4.1,6.0,305.0,313.0,1016.4,,,,90.0
2023-05-28 20:00:00,-2.6,,,,,66.0,3.4,5.1,299.0,309.0,1016.4,,,,90.0
2023-05-28 21:00:00,-2.7,,,,,66.0,2.9,4.5,290.0,301.0,1016.5,,,,100.0
2023-05-28 22:00:00,-2.3,,,,,65.0,2.1,3.5,281.0,286.0,1016.6,,,,100.0
2023-05-28 23:00:00,-3.2,,,,,62.0,1.0,2.8,221.0,239.0,1016.6,,,,50.0
2023-05-29 00:00:00,-5.4,,,,,70.0,1.8,2.5,223.0,226.0,1016.5,,,,
2023-05-29 01:00:00,-6.4,,,,,76.0,1.9,2.2,234.0,233.0,1016.4,,,,
2023-05-29 02:00:00,-5.7,,,,,76.0,1.8,2.4,222.0,228.0,1016.0,,,,
2023-05-29 03:00:00,-6.7,,,,,75.0,1.2,1.7,212.0,212.0,1015.5,,,,
2023-05-29 04:00:00,-6.3,,,,,75.0,1.0,1.4,193.0,208.0,1014.9,,,,25.0
2023-05-29 05:00:00,-4.3,,,,,76.0,0.9,1.9,242.0,209.0,1014.2,,,,100.0
2023-05-29 06:00:00,-3.9,,-1.7,,-7.0,71.0,0.6,1.7,0.0,242.0,1013.2,,,,90.0
2023-05-29 07:00:00,-3.6,,,,,69.0,0.3,1.4,137.0,177.0,1012.2,,,,
2023-05-29 08:00:00,-3.8,,,,,67.0,0.2,1.5,0.0,132.0,1011.4,,,,60.0
2023-05-29 09:00:00,-3.1,,,,,64.0,1.3,3.3,107.0,97.0,1010.2,,,,90.0
2023-05-29 10:00:00,-2.4,,,,,64.0,2.4,4.7,69.0,94.0,1009.5,,,,25.0
2023-05-29 11:00:00,-2.1,,,,,59.0,3.3,5.2,46.0,44.0,1008.8,,,,25.0
2023-05-29 12:00:00,-1.7,,,,,60.0,3.4,6.0,41.0,35.0,1007.8,,,,50.0
2023-05-29 13:00:00,-1.9,,,,,64.0,3.6,5.6,44.0,47.0,1007.4,,,,40.0
2023-05-29 14:00:00,-1.6,,,,,63.0,3.0,4.9,41.0,37.0,1007.0,,,,10.0
2023-05-29 15:00:00,-1.5,,,,,63.0,2.2,5.0,28.0,17.0,1006.7,,,,10.0
2023-05-29 16:00:00,-1.3,,,,,64.0,2.1,3.6,38.0,32.0,1006.3,,,,60.0
2023-05-29 17:00:00,-0.8,,,,,63.0,0.9,2.1,87.0,61.0,1006.3,,,,40.0
2023-05-29 18:00:00,-0.7,,-0.7,,-4.6,63.0,0.8,2.0,85.0,80.0,1006.3,,,,
2023-05-29 19:00:00,-0.6,0.1,,,,62.0,0.6,2.0,121.0,79.0,1006.4,,,,10.0
2023-05-29 20:00:00,-1.2,,,,,65.0,1.8,2.7,57.0,67.0,1006.6,,,,25.0
2023-05-29 21:00:00,-1.3,,,,,67.0,3.1,5.0,74.0,70.0,1006.4,,,,75.0
2023-05-29 22:00:00,-0.9,,,,,69.0,4.5,6.1,89.0,82.0,1006.9,,,,90.0
2023-05-29 23:00:00,-0.3,,,,,68.0,4.7,7.0,119.0,105.0,1007.2,,,,90.0
2023-05-30 00:00:00,-0.2,0.1,,,,70.0,3.9,6.0,183.0,196.0,1007.7,,,,100.0
2023-05-30 01:00:00,-1.2,,,,,82.0,4.0,5.8,151.0,170.0,1007.7,,,,100.0
2023-05-30 02:00:00,-0.8,,,,,91.0,4.4,7.6,137.0,139.0,1007.8,,,,100.0
2023-05-30 03:00:00,-0.6,,,,,90.0,5.3,8.6,106.0,118.0,1007.6,,,,100.0
2023-05-30 04:00:00,-0.3,,,,,87.0,7.7,10.5,107.0,109.0,1007.3,,,,90.0
2023-05-30 05:00:00,-0.1,,,,,89.0,8.2,11.6,104.0,107.0,1007.1,,,,90.0
2023-05-30 06:00:00,0.1,0.4,0.4,,-1.3,90.0,6.9,9.3,99.0,103.0,1007.1,,,,90.0
2023-05-30 07:00:00,0.8,1.4,,0.4,,86.0,5.8,8.0,100.0,97.0,1006.7,,,,100.0
2023-05-30 08:00:00,1.9,2.4,,1.4,,75.0,5.3,7.6,116.0,109.0,1007.0,,,,100.0
2023-05-30 09:00:00,2.7,3.3,,2.4,,70.0,3.1,6.2,120.0,116.0,1006.8,,,,90.0
2023-05-30 10:00:00,3.5,3.8,,3.3,,66.0,1.8,3.7,163.0,125.0,1006.7,,,,90.0
2023-05-30 11:00:00,3.1,3.6,,2.6,,70.0,2.2,4.9,212.0,226.0,1007.2,,,,100.0
2023-05-30 12:00:00,3.0,3.8,,2.2,,76.0,5.8,10.8,203.0,186.0,1007.2,,,,100.0
2023-05-30 13:00:00,1.3,2.2,,0.5,,91.0,5.4,8.8,190.0,202.0,1008.0,,,,100.0
2023-05-30 14:00:00,1.0,1.4,,0.5,,93.0,5.6,10.2,199.0,189.0,1008.7,,,,100.0
2023-05-30 15:00:00,0.8,1.2,,0.5,,94.0,6.4,10.4,182.0,184.0,1009.2,,,,100.0
2023-05-30 16:00:00,1.6,2.0,,1.2,,89.0,10.7,16.4,186.0,181.0,1009.3,,,,100.0
2023-05-30 17:00:00,1.4,1.8,,0.8,,89.0,12.8,19.3,192.0,189.0,1010.3,,,,100.0
2023-05-30 18:00:00,0.6,0.8,3.8,0.4,0.4,95.0,11.3,15.7,188.0,190.0,1011.3,,,,100.0
2023-05-30 19:00:00,0.7,0.8,,0.5,,95.0,8.9,13.9,186.0,187.0,1012.0,,,,100.0
2023-05-30 20:00:00,0.5,0.6,,0.4,,95.0,9.2,13.5,196.0,189.0,1012.8,,,,100.0
2023-05-30 21:00:00,0.5,0.6,,0.4,,96.0,6.9,13.4,170.0,189.0,1013.2,,,,100.0
2023-05-30 22:00:00,1.3,1.7,,0.6,,88.0,3.6,7.6,101.0,167.0,1013.5,,,,90.0
2023-05-30 23:00:00,1.7,3.1,,0.8,,84.0,3.6,7.3,242.0,187.0,1013.1,,,,100.0
2023-05-31 00:00:00,2.0,2.6,,1.4,,81.0,3.9,7.2,111.0,134.0,1014.3,,,,100.0
2023-05-31 01:00:00,1.6,1.8,,1.3,,90.0,4.3,7.2,95.0,102.0,1014.2,,,,100.0
2023-05-31 02:00:00,1.3,1.4,,1.1,,93.0,3.7,5.4,81.0,90.0,1013.7,,,,100.0
2023-05-31 03:00:00,1.0,1.1,,0.9,,95.0,5.4,7.2,85.0,83.0,1013.6,,,,100.0
2023-05-31 04:00:00,1.1,1.2,,0.9,,96.0,3.8,5.1,83.0,79.0,1013.1,,,,100.0
2023-05-31 05:00:00,1.2,1.3,,1.0,,96.0,3.6,5.1,84.0,86.0,1012.6,,,,100.0
2023-05-31 06:00:00,1.3,1.4,3.1,1.2,0.3,97.0,3.2,4.4,94.0,86.0,1012.3,,,,100.0
2023-05-31 07:00:00,1.5,1.8,,1.3,,96.0,4.6,6.1,85.0,86.0,1011.8,,,,100.0
2023-05-31 08:00:00,1.9,2.2,,1.7,,95.0,4.2,6.2,76.0,91.0,1012.0,,,,90.0
2023-05-31 09:00:00,4.1,4.8,,1.8,,89.0,5.8,10.4,183.0,158.0,1012.2,,,,90.0
2023-05-31 10:00:00,3.7,4.6,,3.3,,89.0,7.3,11.1,224.0,206.0,1012.5,,,,90.0
2023-05-31 11:00:00,3.2,3.4,,3.0,,88.0,6.5,10.4,221.0,221.0,1013.0,,,,90.0
2023-05-31 12:00:00,2.8,3.2,,2.6,,87.0,7.1,11.0,209.0,215.0,1013.0,,,,90.0
2023-05-31 13:00:00,2.5,2.6,,2.4,,89.0,8.5,11.5,211.0,209.0,1013.6,,,,90.0
2023-05-31 14:00:00,2.5,2.6,,2.3,,88.0,8.4,12.0,205.0,207.0,1013.7,,,,100.0
2023-05-31 15:00:00,2.7,2.9,,2.3,,87.0,6.0,8.9,205.0,210.0,1013.7,,,,100.0
2023-05-31 16:00:00,2.6,2.8,,2.4,,90.0,4.6,7.4,200.0,198.0,1013.6,,,,100.0
2023-05-31 17:00:00,2.7,2.9,,2.6,,90.0,5.6,8.2,207.0,206.0,1013.0,,,,100.0
2023-05-31 18:00:00,2.6,2.8,4.8,2.5,1.3,89.0,5.7,7.8,208.0,206.0,1013.0,,,,100.0
2023-05-31 19:00:00,2.6,2.8,,2.5,,90.0,4.9,8.6,186.0,204.0,1012.8,,,,100.0
2023-05-31 20:00:00,2.6,2.7,,2.5,,91.0,2.9,4.8,175.0,180.0,1012.6,,,,100.0
2023-05-31 21:00:00,2.3,2.8,,1.8,,93.0,2.4,5.1,96.0,112.0,1012.6,,,,100.0
2023-05-31 22:00:00,1.7,1.8,,1.6,,95.0,3.7,5.3,96.0,94.0,1012.7,,,,100.0
2023-05-31 23:00:00,1.5,1.6,,1.4,,95.0,3.3,4.6,94.0,97.0,1013.0,,,,100.0
2023-06-01 00:00:00,1.4,1.4,,1.3,,95.0,3.4,5.0,85.0,87.0,1013.1,,,,100.0
2023-06-01 01:00:00,1.4,1.4,,1.3,,95.0,2.1,3.6,45.0,63.0,1013.3,,,,100.0
2023-06-01 02:00:00,1.4,1.4,,1.4,,95.0,1.6,2.9,41.0,24.0,1013.8,,,,100.0
2023-06-01 03:00:00,1.4,1.4,,1.3,,95.0,1.3,2.5,36.0,38.0,1014.0,,,,100.0
2023-06-01 04:00:00,1.2,1.3,,1.1,,95.0,0.8,1.7,50.0,43.0,1014.2,,,,100.0
2023-06-01 05:00:00,0.9,1.1,,0.7,,95.0,1.6,3.4,69.0,55.0,1014.6,,,,100.0
2023-06-01 06:00:00,0.9,1.1,2.8,0.7,0.7,96.0,4.2,6.0,81.0,75.0,1014.7,,,,100.0
2023-06-01 07:00:00,1.1,1.2,,1.0,,95.0,4.0,5.8,69.0,73.0,1015.1,,,,90.0
2023-06-01 08:00:00,1.2,1.2,,1.1,,94.0,3.4,4.5,61.0,61.0,1014.8,,,,90.0
2023-06-01 09:00:00,1.2,1.2,,1.1,,95.0,3.6,4.5,55.0,52.0,1014.9,,,,90.0
2023-06-01 10:00:00,1.1,1.2,,1.0,,95.0,4.1,5.6,36.0,42.0,1014.6,,,,100.0
2023-06-01 11:00:00,1.2,1.4,,1.1,,95.0,3.5,4.9,48.0,41.0,1014.5,,,,90.0
2023-06-01 12:00:00,1.6,1.9,,1.3,,94.0,2.2,3.7,15.0,37.0,1014.8,,,,90.0
2023-06-01 13:00:00,2.1,2.6,,1.8,,91.0,1.5,2.6,310.0,331.0,1015.0,,,,90.0
2023-06-01 14:00:00,2.4,2.8,,2.2,,90.0,3.5,5.7,264.0,273.0,1015.3,,,,90.0
2023-06-01 15:00:00,2.6,2.9,,2.3,,90.0,4.8,6.8,253.0,259.0,1015.6,,,,90.0
2023-06-01 16:00:00,2.2,2.6,,1.9,,90.0,4.4,6.7,227.0,236.0,1015.6,,,,90.0
2023-06-01 17:00:00,2.4,2.7,,2.2,,85.0,5.8,8.5,211.0,213.0,1015.5,,,,90.0
2023-06-01 18:00:00,2.0,2.2,2.9,1.8,1.0,85.0,6.3,9.8,201.0,208.0,1015.8,,,,90.0
2023-06-01 19:00:00,1.2,1.9,,0.8,,88.0,5.7,8.2,225.0,221.0,1016.1,,,,90.0
2023-06-01 20:00:00,0.6,1.0,,0.4,,85.0,6.1,8.2,216.0,220.0,1016.2,,,,90.0
2023-06-01 21:00:00,0.4,0.7,,0.2,,83.0,6.4,8.6,223.0,222.0,1016.4,,,,90.0
2023-06-01 22:00:00,0.2,0.3,,0.0,,83.0,6.9,9.5,210.0,214.0,1016.3,,,,90.0
2023-06-01 23:00:00,-0.3,0.1,,,,84.0,7.0,9.9,207.0,216.0,1016.7,,,,90.0
2023-06-02 00:00:00,-0.6,,,,,81.0,6.0,8.9,208.0,205.0,1017.1,,,,100.0
2023-06-02 01:00:00,-1.1,,,,,84.0,5.5,7.9,196.0,200.0,1017.3,,,,100.0
2023-06-02 02:00:00,-1.3,,,,,91.0,6.3,9.1,193.0,194.0,1017.3,,,,90.0
2023-06-02 03:00:00,-1.2,,,,,93.0,7.7,10.5,189.0,189.0,1017.3,,,,90.0
2023-06-02 04:00:00,-1.4,,,,,93.0,7.1,10.1,200.0,192.0,1017.6,,,,100.0
2023-06-02 05:00:00,-1.4,,,,,92.0,6.8,10.1,202.0,200.0,1018.0,,,,100.0
2023-06-02 06:00:00,-1.4,,1.9,,-1.6,91.0,7.7,10.5,203.0,203.0,1018.6,,,,100.0
2023-06-02 07:00:00,-1.2,,,,,92.0,6.5,9.1,203.0,204.0,1019.2,,,,100.0
2023-06-02 08:00:00,-0.9,,,,,92.0,5.1,6.9,225.0,217.0,1019.7,,,,100.0
2023-06-02 09:00:00,-0.8,,,,,93.0,5.7,7.5,236.0,230.0,1020.4,,,,100.0
2023-06-02 10:00:00,-0.3,,,,,93.0,4.4,6.6,238.0,241.0,1021.2,,,,100.0
2023-06-02 11:00:00,0.0,0.0,,,,91.0,4.3,6.3,291.0,270.0,1022.2,,,,90.0
2023-06-02 12:00:00,0.2,0.6,,,,85.0,5.4,7.6,292.0,298.0,1023.2,,,,90.0
2023-06-02 13:00:00,-0.4,0.6,,,,88.0,7.3,9.1,277.0,282.0,1024.4,,,,100.0
2023-06-02 14:00:00,-0.8,,,,,86.0,7.1,8.8,273.0,276.0,1025.1,,,,100.0
2023-06-02 15:00:00,-1.3,,,,,87.0,6.8,8.5,270.0,270.0,1025.5,,,,100.0
2023-06-02 16:00:00,-1.4,,,,,81.0,7.6,9.0,270.0,269.0,1026.0,,,,90.0
2023-06-02 17:00:00,-1.2,,,,,77.0,6.4,8.5,258.0,261.0,1026.6,,,,60.0
2023-06-02 18:00:00,-1.5,,0.6,,-1.6,75.0,5.8,8.6,252.0,251.0,1026.4,,,,90.0
2023-06-02 19:00:00,-1.3,,,,,74.0,5.2,7.1,245.0,244.0,1026.6,,,,90.0
2023-06-02 20:00:00,-1.1,,,,,72.0,4.9,6.9,227.0,235.0,1026.4,,,,
2023-06-02 21:00:00,-1.6,,,,,73.0,4.5,7.3,237.0,233.0,1026.5,,,,75.0
2023-06-02 22:00:00,-1.8,,,,,76.0,4.2,6.1,235.0,239.0,1026.0,,,,50.0
2023-06-02 23:00:00,-1.9,,,,,76.0,3.0,5.0,234.0,230.0,1025.9,,,,75.0
2023-06-03 00:00:00,-2.1,,,,,77.0,2.4,4.0,221.0,227.0,1025.5,,,,90.0
2023-06-03 01:00:00,-2.0,,,,,78.0,1.6,2.7,223.0,222.0,1025.0,,,,100.0
2023-06-03 02:00:00,-1.9,,,,,79.0,0.7,1.8,170.0,193.0,1024.3,,,,100.0
2023-06-03 03:00:00,-1.7,,,,,79.0,1.6,3.2,125.0,134.0,1023.2,,,,100.0
2023-06-03 04:00:00,-1.4,,,,,79.0,2.6,3.9,137.0,135.0,1022.5,,,,100.0
2023-06-03 05:00:00,-1.2,,,,,80.0,1.4,2.9,122.0,148.0,1021.5,,,,100.0
2023-06-03 06:00:00,-1.2,,-0.9,,-2.2,80.0,0.4,1.6,181.0,167.0,1020.5,,,,100.0
2023-06-03 07:00:00,-1.2,,,,,80.0,0.6,2.1,85.0,131.0,1019.5,,,,100.0
2023-06-03 08:00:00,-1.1,,,,,81.0,2.3,3.5,110.0,96.0,1018.8,,,,100.0
2023-06-03 09:00:00,-0.8,,,,,79.0,2.7,3.8,109.0,109.0,1018.3,,,,100.0
2023-06-03 10:00:00,-1.5,,,,,79.0,2.8,4.3,198.0,166.0,1017.8,,,,100.0
2023-06-03 11:00:00,-2.1,,,,,92.0,3.3,5.2,193.0,198.0,1017.0,,,,100.0
2023-06-03 12:00:00,-1.6,,,,,94.0,2.3,3.6,166.0,187.0,1016.4,,,,100.0
2023-06-03 13:00:00,-0.5,,,,,94.0,2.0,3.1,158.0,155.0,1015.8,,,,90.0
2023-06-03 14:00:00,-1.1,,,,,91.0,2.9,4.2,110.0,123.0,1014.9,,,,100.0
2023-06-03 15:00:00,-0.6,,,,,88.0,4.3,5.8,112.0,115.0,1014.3,,,,90.0
2023-06-03 16:00:00,-0.5,,,,,89.0,4.7,6.6,110.0,110.0,1013.5,,,,100.0
2023-06-03 17:00:00,0.0,0.1,,,,95.0,4.4,6.8,149.0,135.0,1012.6,,,,100.0
2023-06-03 18:00:00,0.2,0.5,0.5,,-2.1,95.0,5.1,7.8,166.0,163.0,1012.0,,,,100.0
2023-06-03 19:00:00,0.2,0.5,,,,95.0,6.3,8.5,221.0,199.0,1011.6,,,,100.0
2023-06-03 20:00:00,-0.7,,,,,92.0,7.3,10.7,239.0,241.0,1011.8,,,,90.0
2023-06-03 21:00:00,-1.0,,,,,93.0,6.7,10.2,249.0,240.0,1012.1,,,,90.0
2023-06-03 22:00:00,-2.2,,,,,92.0,10.0,12.7,267.0,270.0,1013.0,,,,90.0
2023-06-03 23:00:00,-2.3,,,,,82.0,9.1,12.7,251.0,259.0,1013.4,,,,90.0
2023-06-04 00:00:00,-2.1,,,,,86.0,8.5,11.9,235.0,242.0,1013.9,,,,90.0
2023-06-04 01:00:00,-1.8,,,,,85.0,9.2,13.5,238.0,233.0,1014.0,,,,90.0
2023-06-04 02:00:00,-1.9,,,,,80.0,8.6,12.0,249.0,248.0,1014.9,,,,90.0
2023-06-04 03:00:00,-2.2,,,,,79.0,7.7,10.3,258.0,268.0,1015.7,,,,90.0
2023-06-04 04:00:00,-2.7,,,,,78.0,6.9,10.5,244.0,251.0,1016.4,,,,90.0
2023-06-04 05:00:00,-2.1,,,,,79.0,6.4,8.8,261.0,249.0,1016.8,,,,90.0
2023-06-04 06:00:00,-2.2,,0.5,,-2.8,80.0,5.6,8.1,224.0,236.0,1017.2,,,,100.0
2023-06-04 07:00:00,-2.2,,,,,82.0,5.7,8.1,215.0,219.0,1017.8,,,,100.0
2023-06-04 08:00:00,-1.9,,,,,84.0,5.8,7.9,235.0,228.0,1018.0,,,,100.0
2023-06-04 09:00:00,-1.9,,,,,86.0,4.9,7.1,236.0,237.0,1018.1,,,,90.0
2023-06-04 10:00:00,-1.7,,,,,85.0,4.2,5.8,239.0,230.0,1018.3,,,,90.0
2023-06-04 11:00:00,-1.6,,,,,82.0,3.3,4.8,253.0,248.0,1018.6,,,,100.0
2023-06-04 12:00:00,-1.4,,,,,79.0,2.1,3.1,223.0,235.0,1018.6,,,,90.0
2023-06-04 13:00:00,-1.4,,,,,80.0,2.5,3.4,266.0,261.0,1018.6,,,,90.0
2023-06-04 14:00:00,-1.1,,,,,78.0,2.9,4.1,274.0,271.0,1018.3,,,,90.0
2023-06-04 15:00:00,-1.1,,,,,76.0,3.0,4.0,293.0,281.0,1018.0,,,,90.0
2023-06-04 16:00:00,-1.2,,,,,76.0,2.9,4.2,288.0,288.0,1017.9,,,,90.0
2023-06-04 17:00:00,-1.1,,,,,77.0,3.2,4.5,292.0,288.0,1017.6,,,,90.0
2023-06-04 18:00:00,-0.8,,-0.4,,-2.2,76.0,3.7,5.0,292.0,290.0,1017.6,,,,90.0
2023-06-04 19:00:00,-0.5,,,,,75.0,3.6,5.4,279.0,285.0,1017.4,,,,90.0
2023-06-04 20:00:00,-0.7,,,,,75.0,4.6,6.2,293.0,286.0,1017.4,,,,60.0
2023-06-04 21:00:00,-1.0,,,,,76.0,4.6,5.9,293.0,288.0,1017.6,,,,90.0
2023-06-04 22:00:00,-0.6,,,,,75.0,4.2,5.7,285.0,291.0,1017.8,,,,90.0
2023-06-04 23:00:00,-1.1,,,,,76.0,4.1,5.4,286.0,287.0,1018.0,,,,40.0
2023-06-05 00:00:00,-1.5,,,,,74.0,3.7,5.4,288.0,287.0,1018.1,,,,60.0
2023-06-05 01:00:00,-1.8,,,,,73.0,2.8,4.3,281.0,289.0,1018.2,,,,25.0
2023-06-05 02:00:00,-2.2,,,,,73.0,2.3,3.7,309.0,300.0,1018.1,,,,40.0
2023-06-05 03:00:00,-2.4,,,,,74.0,2.2,3.1,313.0,314.0,1018.2,,,,
2023-06-05 04:00:00,-2.7,,,,,75.0,2.0,3.1,314.0,312.0,1018.2,,,,10.0
2023-06-05 05:00:00,-2.4,,,,,76.0,1.2,3.0,321.0,311.0,1018.2,,,,
2023-06-05 06:00:00,-2.4,,-0.2,,-3.5,74.0,2.4,3.5,321.0,316.0,1018.4,,,,100.0
2023-06-05 07:00:00,-2.3,,,,,73.0,1.3,2.6,315.0,308.0,1018.6,,,,100.0
2023-06-05 08:00:00,-2.2,,,,,73.0,0.9,1.9,280.0,299.0,1018.7,,,,100.0
2023-06-05 09:00:00,-2.2,,,,,74.0,1.0,2.1,277.0,289.0,1018.9,,,,100.0
2023-06-05 10:00:00,-2.1,,,,,75.0,0.3,1.5,254.0,256.0,1019.3,,,,100.0
2023-06-05 11:00:00,-2.1,,,,,77.0,1.4,2.6,243.0,241.0,1019.5,,,,100.0
2023-06-05 12:00:00,-1.7,,,,,75.0,1.5,4.3,246.0,233.0,1019.8,,,,100.0
2023-06-05 13:00:00,-2.6,,,,,83.0,4.0,6.0,275.0,268.0,1020.2,,,,100.0
2023-06-05 14:00:00,-2.5,,,,,86.0,3.1,4.1,264.0,262.0,1020.6,,,,90.0
2023-06-05 15:00:00,-2.4,,,,,86.0,3.1,4.4,258.0,263.0,1020.7,,,,100.0
2023-06-05 16:00:00,-2.6,,,,,83.0,3.0,6.1,233.0,250.0,1021.0,,,,90.0
2023-06-05 17:00:00,-1.5,,,,,76.0,4.8,7.2,225.0,223.0,1021.4,,,,90.0
2023-06-05 18:00:00,-1.8,,-1.2,,-2.8,78.0,5.5,7.8,203.0,213.0,1021.8,,,,90.0
2023-06-05 19:00:00,-1.1,,,,,81.0,5.0,8.5,203.0,200.0,1022.0,,,,100.0
2023-06-05 20:00:00,-1.1,,,,,83.0,6.7,9.3,216.0,210.0,1022.4,,,,100.0
2023-06-05 21:00:00,-0.9,,,,,85.0,7.1,9.1,211.0,212.0,1022.7,,,,90.0
2023-06-05 22:00:00,-0.9,,,,,87.0,6.5,9.0,203.0,204.0,1023.0,,,,100.0
2023-06-05 23:00:00,-0.4,,,,,84.0,6.1,8.7,189.0,192.0,1023.1,,,,90.0
2023-06-06 00:00:00,-0.1,,,,,78.0,4.8,7.0,180.0,187.0,1023.1,,,,100.0
2023-06-06 01:00:00,0.1,0.1,,,,77.0,2.4,5.2,147.0,164.0,1022.9,,,,90.0
2023-06-06 02:00:00,0.1,0.2,,,,76.0,2.5,3.9,117.0,117.0,1022.3,,,,100.0
2023-06-06 03:00:00,-0.3,0.2,,,,76.0,1.1,2.4,193.0,143.0,1021.9,,,,90.0
2023-06-06 04:00:00,-0.8,,,,,83.0,1.6,3.3,256.0,232.0,1021.7,,,,100.0
2023-06-06 05:00:00,-1.6,,,,,92.0,2.3,3.5,233.0,234.0,1021.5,,,,100.0
2023-06-06 06:00:00,-1.5,,0.2,,-1.8,93.0,2.0,2.7,160.0,193.0,1021.2,,,,100.0
2023-06-06 07:00:00,-1.3,,,,,92.0,2.3,4.0,228.0,180.0,1021.2,,,,90.0
2023-06-06 08:00:00,-1.4,,,,,92.0,1.7,2.5,224.0,239.0,1020.9,,,,90.0
2023-06-06 09:00:00,-1.3,,,,,92.0,1.1,3.3,228.0,219.0,1020.8,,,,90.0
2023-06-06 10:00:00,-1.9,,,,,92.0,3.7,5.3,243.0,257.0,1021.1,,,,100.0
2023-06-06 11:00:00,-1.4,,,,,90.0,2.6,4.0,229.0,229.0,1021.0,,,,100.0
2023-06-06 12:00:00,-1.5,,,,,88.0,3.1,5.1,234.0,230.0,1021.0,,,,100.0
2023-06-06 13:00:00,-1.1,,,,,86.0,3.7,5.1,228.0,236.0,1020.9,,,,90.0
2023-06-06 14:00:00,-0.9,,,,,81.0,3.7,5.5,234.0,233.0,1021.0,,,,90.0
2023-06-06 15:00:00,-1.0,,,,,77.0,3.8,5.3,273.0,256.0,1020.9,,,,100.0
2023-06-06 16:00:00,-1.2,,,,,75.0,3.2,4.2,276.0,272.0,1020.7,,,,100.0
2023-06-06 17:00:00,-1.6,,,,,74.0,3.2,5.6,280.0,273.0,1020.6,,,,100.0
2023-06-06 18:00:00,-1.9,,-0.7,,-2.1,77.0,3.3,4.9,284.0,276.0,1020.5,,,,100.0
2023-06-06 19:00:00,-2.1,,,,,81.0,2.4,3.6,264.0,280.0,1020.3,,,,100.0
2023-06-06 20:00:00,-1.9,,,,,79.0,1.6,3.2,289.0,286.0,1020.0,,,,100.0
2023-06-06 21:00:00,-1.6,,,,,80.0,2.1,3.2,291.0,299.0,1019.8,,,,90.0
2023-06-06 22:00:00,-1.9,,,,,76.0,2.9,4.1,291.0,285.0,1019.7,,,,90.0
2023-06-06 23:00:00,-1.7,,,,,74.0,2.9,4.1,299.0,298.0,1019.8,,,,90.0
2023-06-07 00:00:00,-1.9,,,,,74.0,3.2,4.2,293.0,293.0,1020.0,,,,90.0
2023-06-07 01:00:00,-2.1,,,,,71.0,3.0,4.2,285.0,293.0,1020.0,,,,90.0
2023-06-07 02:00:00,-2.1,,,,,74.0,3.1,4.5,283.0,283.0,1019.8,,,,90.0
2023-06-07 03:00:00,-2.1,,,,,75.0,4.0,5.2,285.0,282.0,1019.8,,,,100.0
2023-06-07 04:00:00,-2.1,,,,,74.0,4.1,5.3,271.0,279.0,1020.0,,,,90.0
2023-06-07 05:00:00,-2.2,,,,,74.0,4.4,5.7,270.0,271.0,1020.0,,,,90.0
2023-06-07 06:00:00,-2.3,,-1.4,,-2.6,73.0,4.1,5.4,244.0,261.0,1020.2,,,,90.0
2023-06-07 07:00:00,-1.9,,,,,74.0,4.1,5.4,246.0,246.0,1020.7,,,,100.0
2023-06-07 08:00:00,-1.9,,,,,74.0,4.3,5.6,234.0,244.0,1021.1,,,,100.0
2023-06-07 09:00:00,-1.3,,,,,75.0,4.3,5.4,242.0,230.0,1021.7,,,,90.0
2023-06-07 10:00:00,-1.1,,,,,77.0,5.4,7.4,276.0,266.0,1022.2,,,,90.0
2023-06-07 11:00:00,-0.9,,,,,76.0,5.4,7.6,253.0,263.0,1022.6,,,,90.0
2023-06-07 12:00:00,-0.8,,,,,78.0,5.5,7.3,245.0,247.0,1023.1,,,,90.0
2023-06-07 13:00:00,-1.3,,,,,82.0,5.5,7.1,262.0,264.0,1023.8,,,,100.0
2023-06-07 14:00:00,-1.0,,,,,80.0,6.1,7.8,266.0,267.0,1023.9,,,,100.0
2023-06-07 15:00:00,-0.9,,,,,80.0,6.0,7.8,266.0,265.0,1024.3,,,,90.0
2023-06-07 16:00:00,-1.1,,,,,77.0,6.0,8.1,260.0,263.0,1024.3,,,,90.0
2023-06-07 17:00:00,-1.1,,,,,76.0,5.3,7.6,247.0,251.0,1024.8,,,,90.0
2023-06-07 18:00:00,-1.0,,-0.3,,-2.4,75.0,5.9,8.2,240.0,244.0,1024.8,,,,90.0
2023-06-07 19:00:00,-0.8,,,,,75.0,5.5,7.8,244.0,245.0,1024.9,,,,90.0
2023-06-07 20:00:00,-0.8,,,,,73.0,5.4,7.2,217.0,227.0,1024.8,,,,90.0
2023-06-07 21:00:00,-0.7,,,,,75.0,5.5,7.3,228.0,230.0,1024.6,,,,90.0
2023-06-07 22:00:00,-0.8,,,,,78.0,4.8,6.5,244.0,241.0,1024.5,,,,90.0
2023-06-07 23:00:00,-0.8,,,,,82.0,4.4,6.0,237.0,243.0,1024.3,,,,90.0
2023-06-08 00:00:00,-1.1,,,,,84.0,4.6,6.8,232.0,235.0,1024.2,,,,90.0
2023-06-08 01:00:00,-1.6,,,,,87.0,3.5,5.5,233.0,238.0,1023.8,,,,90.0
2023-06-08 02:00:00,-2.0,,,,,91.0,2.3,3.6,228.0,233.0,1023.4,,,,90.0
2023-06-08 03:00:00,-2.3,,,,,91.0,1.1,1.9,173.0,193.0,1023.0,,,,75.0
2023-06-08 04:00:00,-1.7,,,,,90.0,1.1,2.0,114.0,133.0,1022.7,,,,90.0
2023-06-08 05:00:00,-1.9,,,,,88.0,1.9,3.0,96.0,99.0,1022.3,,,,75.0
2023-06-08 06:00:00,-2.1,,-0.4,,-2.7,86.0,2.3,3.1,113.0,107.0,1022.0,,,,25.0
2023-06-08 07:00:00,-1.7,,,,,84.0,2.6,3.1,109.0,107.0,1021.8,,,,
2023-06-08 08:00:00,-1.0,,,,,84.0,2.2,3.0,102.0,104.0,1021.5,,,,
2023-06-08 09:00:00,-0.8,,,,,83.0,3.1,4.7,107.0,105.0,1021.0,,,,
2023-06-08 10:00:00,-0.2,,,,,78.0,4.0,5.6,109.0,107.0,1020.7,,,,
2023-06-08 11:00:00,-0.1,0.2,,,,75.0,4.4,6.4,81.0,93.0,1020.3,,,,75.0
2023-06-08 12:00:00,0.1,0.6,,,,76.0,5.7,7.2,73.0,72.0,1019.9,,,,75.0
2023-06-08 13:00:00,0.2,0.5,,0.0,,73.0,5.4,6.8,71.0,74.0,1019.5,,,,90.0
2023-06-08 14:00:00,0.4,0.9,,0.1,,73.0,5.1,6.4,60.0,65.0,1019.0,,,,90.0
2023-06-08 15:00:00,0.7,1.0,,0.4,,73.0,4.5,5.8,60.0,57.0,1018.4,,,,40.0
2023-06-08 16:00:00,1.0,1.3,,0.7,,69.0,4.9,6.7,59.0,58.0,1017.7,,,,
2023-06-08 17:00:00,1.2,1.5,,0.9,,66.0,4.7,6.4,55.0,57.0,1017.3,,,,
2023-06-08 18:00:00,1.3,1.6,1.7,1.1,-2.1,68.0,5.1,6.4,57.0,57.0,1016.9,,,,
2023-06-08 19:00:00,1.4,1.9,,1.2,,69.0,5.7,6.9,55.0,56.0,1016.6,,,,
2023-06-08 20:00:00,1.4,1.7,,1.1,,71.0,6.0,7.0,59.0,58.0,1016.0,,,,
2023-06-08 21:00:00,1.4,1.6,,1.1,,73.0,5.9,6.9,58.0,60.0,1015.6,,,,10.0
2023-06-08 22:00:00,1.1,1.4,,0.9,,75.0,5.8,7.1,61.0,61.0,1015.5,,,,100.0
2023-06-08 23:00:00,1.1,1.3,,0.9,,77.0,5.7,6.7,67.0,65.0,1015.1,,,,100.0
2023-06-09 00:00:00,1.0,1.2,,0.9,,78.0,5.7,6.7,71.0,70.0,1014.6,,,,100.0
2023-06-09 01:00:00,1.1,1.1,,1.0,,76.0,5.5,7.0,80.0,77.0,1014.3,,,,100.0
2023-06-09 02:00:00,1.0,1.0,,0.9,,77.0,5.1,6.6,79.0,79.0,1013.9,,,,100.0
2023-06-09 03:00:00,1.0,1.1,,0.9,,79.0,4.6,6.2,82.0,82.0,1013.3,,,,100.0
2023-06-09 04:00:00,1.2,1.4,,1.1,,81.0,4.2,5.6,82.0,83.0,1013.1,,,,100.0
2023-06-09 05:00:00,1.5,1.6,,1.4,,76.0,4.0,5.5,97.0,93.0,1012.8,,,,100.0
2023-06-09 06:00:00,1.3,1.5,1.9,1.2,0.9,75.0,3.8,4.8,87.0,94.0,1012.4,,,,100.0
2023-06-09 07:00:00,1.2,1.3,,1.2,,76.0,4.4,5.8,82.0,85.0,1012.1,,,,100.0
2023-06-09 08:00:00,1.2,1.3,,1.1,,75.0,5.4,7.3,86.0,87.0,1011.8,,,,100.0
2023-06-09 09:00:00,1.1,1.1,,1.0,,74.0,6.1,7.9,92.0,88.0,1011.3,,,,100.0
2023-06-09 10:00:00,1.1,1.2,,1.0,,74.0,6.4,8.5,88.0,87.0,1010.5,,,,100.0
2023-06-09 11:00:00,1.3,1.6,,1.1,,74.0,6.9,8.8,76.0,78.0,1010.3,,,,90.0
2023-06-09 12:00:00,1.5,1.7,,1.3,,72.0,6.5,8.9,73.0,74.0,1009.8,,,,90.0
2023-06-09 13:00:00,1.5,1.7,,1.4,,75.0,5.4,7.4,77.0,71.0,1009.3,,,,100.0
2023-06-09 14:00:00,1.5,1.6,,1.4,,76.0,4.7,7.9,66.0,78.0,1009.0,,,,100.0
2023-06-09 15:00:00,1.4,1.8,,1.1,,84.0,5.3,6.9,60.0,59.0,1008.2,,,,100.0
2023-06-09 16:00:00,1.0,1.4,,0.8,,88.0,6.6,8.5,68.0,63.0,1007.5,,,,100.0
2023-06-09 17:00:00,0.8,0.9,,0.7,,89.0,6.8,8.5,79.0,74.0,1007.0,,,,100.0
2023-06-09 18:00:00,0.7,0.8,1.8,0.6,0.6,93.0,6.1,7.6,79.0,77.0,1006.4,,,,100.0
2023-06-09 19:00:00,0.9,1.2,,0.8,,95.0,5.3,6.7,81.0,80.0,1005.8,,,,100.0
2023-06-09 20:00:00,1.5,1.7,,1.2,,95.0,4.8,6.4,88.0,83.0,1005.2,,,,100.0
2023-06-09 21:00:00,2.0,2.6,,1.7,,94.0,4.5,6.3,119.0,103.0,1004.8,,,,100.0
2023-06-09 22:00:00,2.5,2.6,,2.5,,91.0,4.4,5.9,106.0,115.0,1004.3,,,,100.0
2023-06-09 23:00:00,2.5,2.7,,2.3,,93.0,4.3,6.1,82.0,97.0,1003.6,,,,100.0
2023-06-10 00:00:00,2.5,2.7,,2.2,,94.0,5.1,7.3,105.0,96.0,1003.2,,,,90.0
2023-06-10 01:00:00,2.6,3.0,,2.3,,93.0,4.1,5.8,108.0,95.0,1002.8,,,,100.0
2023-06-10 02:00:00,3.1,3.3,,2.9,,91.0,4.2,6.3,106.0,111.0,1002.3,,,,100.0
2023-06-10 03:00:00,2.8,3.0,,2.7,,93.0,4.7,6.5,100.0,96.0,1001.2,,,,100.0
2023-06-10 04:00:00,3.3,3.6,,2.9,,91.0,6.3,8.9,114.0,109.0,1000.4,,,,100.0
2023-06-10 05:00:00,3.8,4.1,,3.5,,88.0,7.2,10.1,122.0,120.0,999.9,,,,90.0
2023-06-10 06:00:00,4.2,4.7,4.7,3.9,0.8,85.0,5.9,8.7,125.0,122.0,999.4,,,,100.0
2023-06-10 07:00:00,4.8,5.4,,4.1,,81.0,4.5,8.6,132.0,166.0,999.4,,,,90.0
2023-06-10 08:00:00,4.1,4.6,,3.4,,87.0,2.8,4.7,89.0,103.0,998.7,,,,90.0
2023-06-10 09:00:00,3.7,4.3,,3.3,,89.0,3.3,4.6,102.0,97.0,998.2,,,,100.0
2023-06-10 10:00:00,4.7,5.4,,4.2,,83.0,1.5,4.2,209.0,181.0,998.1,,,,90.0
2023-06-10 11:00:00,4.4,5.3,,3.7,,85.0,2.6,4.3,264.0,251.0,998.6,,,,90.0
2023-06-10 12:00:00,5.3,6.6,,4.3,,80.0,2.5,8.2,205.0,230.0,998.7,,,,100.0
2023-06-10 13:00:00,5.1,5.6,,4.4,,73.0,3.6,6.8,186.0,204.0,998.5,,,,90.0
2023-06-10 14:00:00,4.5,4.9,,4.2,,78.0,5.5,10.5,198.0,197.0,997.7,,,,90.0
2023-06-10 15:00:00,4.7,5.1,,4.5,,76.0,7.2,12.5,200.0,200.0,997.7,,,,90.0
2023-06-10 16:00:00,4.6,5.1,,3.9,,76.0,9.7,15.0,212.0,207.0,998.5,,,,100.0
2023-06-10 17:00:00,4.1,4.5,,3.7,,76.0,9.8,14.1,214.0,209.0,999.0,,,,90.0
2023-06-10 18:00:00,4.0,4.2,6.6,3.8,3.3,69.0,8.9,12.9,209.0,210.0,999.2,,,,90.0
2023-06-10 19:00:00,4.0,4.2,,3.8,,65.0,8.4,14.0,212.0,208.0,999.7,,,,100.0
2023-06-10 20:00:00,3.5,4.1,,3.2,,75.0,8.3,12.9,211.0,214.0,1000.2,,,,100.0
2023-06-10 21:00:00,3.1,3.3,,2.8,,84.0,9.0,14.2,215.0,214.0,1000.6,,,,90.0
2023-06-10 22:00:00,2.4,2.8,,1.9,,89.0,8.5,12.3,222.0,217.0,1001.0,,,,100.0
2023-06-10 23:00:00,1.4,1.9,,1.0,,93.0,8.5,11.8,238.0,230.0,1001.4,,,,90.0
2023-06-11 00:00:00,0.7,1.1,,0.4,,94.0,7.8,11.5,237.0,236.0,1001.9,,,,100.0
2023-06-11 01:00:00,0.3,0.4,,0.2,,95.0,6.5,8.9,239.0,237.0,1002.3,,,,90.0
2023-06-11 02:00:00,0.0,0.2,,,,96.0,5.0,7.2,242.0,241.0,1002.8,,,,100.0
2023-06-11 03:00:00,-0.3,,,,,96.0,4.1,5.6,256.0,250.0,1003.2,,,,100.0
2023-06-11 04:00:00,-1.1,,,,,96.0,4.7,6.2,267.0,267.0,1003.8,,,,90.0
2023-06-11 05:00:00,-1.8,,,,,96.0,4.6,6.2,276.0,277.0,1004.5,,,,90.0
2023-06-11 06:00:00,-1.7,,4.2,,-2.0,96.0,3.4,5.2,260.0,271.0,1004.9,,,,100.0
2023-06-11 07:00:00,-1.6,,,,,96.0,2.9,4.4,243.0,249.0,1005.2,,,,100.0
2023-06-11 08:00:00,-1.6,,,,,95.0,3.9,6.3,262.0,259.0,1005.5,,,,100.0
2023-06-11 09:00:00,-1.0,,,,,93.0,3.8,6.5,241.0,255.0,1006.0,,,,100.0
2023-06-11 10:00:00,-1.3,,,,,91.0,3.3,5.3,264.0,252.0,1006.4,,,,100.0
2023-06-11 11:00:00,-0.8,,,,,91.0,2.9,4.4,269.0,256.0,1006.6,,,,100.0
2023-06-11 12:00:00,-0.9,,,,,90.0,2.5,4.3,284.0,278.0,1006.7,,,,100.0
2023-06-11 13:00:00,-0.4,,,,,89.0,1.3,3.1,294.0,272.0,1007.1,,,,100.0
2023-06-11 14:00:00,0.0,0.3,,,,84.0,2.0,3.6,144.0,158.0,1006.5,,,,90.0
2023-06-11 15:00:00,0.7,1.2,,0.2,,83.0,2.1,3.6,119.0,140.0,1005.9,,,,90.0
2023-06-11 16:00:00,0.9,1.7,,0.3,,85.0,4.0,6.8,78.0,88.0,1004.9,,,,100.0
2023-06-11 17:00:00,0.8,1.1,,0.6,,89.0,6.0,7.9,87.0,84.0,1004.2,,,,100.0
2023-06-11 18:00:00,0.8,1.0,1.7,0.6,-1.9,94.0,5.6,7.1,81.0,83.0,1003.2,,,,100.0
2023-06-11 19:00:00,1.6,2.1,,1.0,,94.0,4.6,6.9,87.0,87.0,1002.1,,,,100.0
2023-06-11 20:00:00,1.9,2.2,,1.7,,93.0,3.4,5.2,79.0,80.0,1000.9,,,,100.0
2023-06-11 21:00:00,1.4,1.8,,1.2,,94.0,3.8,5.3,64.0,70.0,1000.4,,,,90.0
2023-06-11 22:00:00,1.3,1.5,,1.2,,94.0,1.5,3.5,36.0,35.0,999.5,,,,100.0
2023-06-11 23:00:00,1.0,1.3,,0.8,,94.0,1.3,2.1,316.0,352.0,998.7,,,,100.0
2023-06-12 00:00:00,0.7,0.9,,0.6,,94.0,1.2,3.2,329.0,8.0,997.7,,,,100.0
2023-06-12 01:00:00,0.7,0.9,,0.6,,94.0,0.7,2.1,45.0,19.0,996.4,,,,100.0
2023-06-12 02:00:00,0.8,0.9,,0.8,,93.0,1.5,3.3,85.0,85.0,994.9,,,,90.0
2023-06-12 03:00:00,0.9,1.1,,0.8,,93.0,3.3,5.2,102.0,91.0,994.1,,,,90.0
2023-06-12 04:00:00,1.2,1.4,,1.1,,92.0,2.5,4.8,70.0,101.0,993.5,,,,90.0
2023-06-12 05:00:00,1.6,2.8,,1.2,,90.0,1.4,4.3,273.0,236.0,993.5,,,,100.0
2023-06-12 06:00:00,2.8,3.5,3.5,1.6,0.6,79.0,7.1,15.4,205.0,215.0,993.3,,,,90.0
2023-06-12 07:00:00,2.1,2.4,,1.9,,87.0,10.9,16.9,207.0,205.0,992.6,,,,90.0
2023-06-12 08:00:00,1.9,1.9,,1.8,,87.0,13.1,19.4,211.0,207.0,992.8,,,,90.0
2023-06-12 09:00:00,1.5,1.9,,1.3,,88.0,15.4,21.7,214.0,217.0,993.7,,,,90.0
2023-06-12 10:00:00,1.0,1.3,,0.8,,91.0,11.7,17.9,208.0,209.0,995.3,,,,100.0
2023-06-12 11:00:00,0.9,1.1,,0.8,,92.0,9.3,14.1,201.0,204.0,996.1,,,,100.0
2023-06-12 12:00:00,1.3,1.4,,0.9,,85.0,8.5,14.0,202.0,200.0,997.0,,,,100.0
2023-06-12 13:00:00,1.5,1.8,,1.4,,81.0,8.2,13.5,204.0,205.0,998.1,,,,90.0
2023-06-12 14:00:00,2.2,2.6,,1.7,,77.0,9.3,14.8,205.0,204.0,998.6,,,,25.0
2023-06-12 15:00:00,2.8,3.0,,2.6,,72.0,9.0,13.5,202.0,204.0,999.5,,,,10.0
2023-06-12 16:00:00,2.7,3.1,,2.3,,69.0,10.2,14.6,206.0,206.0,1000.5,,,,40.0
2023-06-12 17:00:00,3.0,3.2,,2.6,,64.0,9.0,14.3,205.0,201.0,1001.4,,,,50.0
2023-06-12 18:00:00,3.0,3.3,3.3,2.6,0.8,62.0,9.5,13.9,210.0,205.0,1002.3,,,,40.0
2023-06-12 19:00:00,3.0,3.2,,2.8,,62.0,10.4,15.6,208.0,207.0,1003.2,,,,10.0
2023-06-12 20:00:00,2.9,3.2,,2.7,,62.0,10.3,14.9,210.0,207.0,1003.8,,,,100.0
2023-06-12 21:00:00,2.6,2.9,,2.2,,68.0,10.3,14.8,209.0,210.0,1005.1,,,,90.0
2023-06-12 22:00:00,1.9,2.2,,1.7,,76.0,9.0,12.9,216.0,213.0,1006.2,,,,100.0
2023-06-12 23:00:00,1.6,1.7,,1.5,,79.0,7.3,10.4,216.0,216.0,1007.2,,,,100.0
2023-06-13 00:00:00,1.4,1.6,,1.3,,80.0,6.0,8.7,215.0,215.0,1008.3,,,,100.0
2023-06-13 01:00:00,1.3,1.4,,1.3,,81.0,5.0,7.0,225.0,218.0,1008.7,,,,90.0
2023-06-13 02:00:00,1.1,1.3,,0.8,,82.0,3.6,5.7,233.0,219.0,1008.2,,,,75.0
2023-06-13 03:00:00,0.7,0.8,,0.7,,84.0,2.9,5.3,243.0,239.0,1008.5,,,,50.0
2023-06-13 04:00:00,0.6,0.9,,0.3,,84.0,1.4,4.4,172.0,174.0,1008.6,,,,10.0
2023-06-13 05:00:00,0.3,0.4,,0.2,,84.0,2.0,2.7,125.0,150.0,1008.5,,,,90.0
2023-06-13 06:00:00,0.5,0.7,3.2,0.3,0.2,85.0,2.3,3.2,126.0,124.0,1008.6,,,,90.0
2023-06-13 07:00:00,0.7,0.8,,0.6,,85.0,2.5,3.4,130.0,128.0,1008.4,,,,90.0
2023-06-13 08:00:00,1.0,1.2,,0.8,,82.0,1.8,2.7,101.0,120.0,1008.4,,,,90.0
2023-06-13 09:00:00,1.3,1.4,,1.2,,80.0,0.2,1.2,0.0,112.0,1008.4,,,,90.0
2023-06-13 10:00:00,1.3,1.6,,1.0,,80.0,1.0,1.9,84.0,74.0,1008.3,,,,90.0
2023-06-13 11:00:00,1.4,1.7,,1.2,,80.0,1.6,2.5,66.0,76.0,1008.1,,,,90.0
2023-06-13 12:00:00,1.6,1.7,,1.5,,78.0,1.4,2.1,48.0,59.0,1008.1,,,,100.0
2023-06-13 13:00:00,1.8,2.1,,1.6,,73.0,1.0,2.4,32.0,34.0,1008.1,,,,90.0
2023-06-13 14:00:00,1.8,2.1,,1.6,,74.0,1.2,1.8,29.0,43.0,1008.3,,,,100.0
2023-06-13 15:00:00,2.0,2.3,,1.8,,72.0,1.5,2.2,27.0,31.0,1008.5,,,,90.0
2023-06-13 16:00:00,2.1,2.4,,1.9,,72.0,1.9,3.2,12.0,38.0,1008.5,,,,90.0
2023-06-13 17:00:00,2.0,2.3,,1.7,,75.0,1.7,2.7,80.0,43.0,1008.9,,,,100.0
2023-06-13 18:00:00,1.4,2.4,2.4,1.0,0.6,83.0,4.4,6.5,266.0,259.0,1009.2,,,,100.0
2023-06-13 19:00:00,1.6,2.2,,1.3,,81.0,4.2,5.5,273.0,270.0,1009.5,,,,90.0
2023-06-13 20:00:00,1.7,1.9,,1.3,,78.0,4.4,5.9,271.0,272.0,1009.6,,,,90.0
2023-06-13 21:00:00,1.9,2.3,,1.6,,76.0,3.2,4.6,287.0,282.0,1009.4,,,,90.0
2023-06-13 22:00:00,1.8,2.2,,1.3,,75.0,3.5,4.4,270.0,271.0,1009.5,,,,10.0
2023-06-13 23:00:00,1.2,1.5,,0.9,,79.0,3.4,4.4,281.0,275.0,1009.4,,,,50.0
2023-06-14 00:00:00,1.1,1.3,,0.7,,79.0,3.6,6.0,232.0,257.0,1009.3,,,,75.0
2023-06-14 01:00:00,0.6,0.9,,0.4,,80.0,4.7,6.7,238.0,237.0,1009.4,,,,90.0
2023-06-14 02:00:00,0.1,0.5,,,,82.0,4.9,7.6,238.0,243.0,1009.2,,,,90.0
2023-06-14 03:00:00,-0.9,,,,,84.0,4.7,6.6,242.0,248.0,1008.9,,,,40.0
2023-06-14 04:00:00,-1.2,,,,,84.0,3.8,5.4,228.0,234.0,1009.0,,,,50.0
2023-06-14 05:00:00,-1.2,,,,,83.0,4.1,6.2,229.0,221.0,1009.6,,,,
2023-06-14 06:00:00,-1.2,,2.3,,-1.3,83.0,2.3,3.5,191.0,204.0,1009.9,,,,40.0
2023-06-14 07:00:00,-0.6,,,,,83.0,1.9,3.0,225.0,207.0,1010.1,,,,90.0
2023-06-14 08:00:00,-0.7,,,,,78.0,1.9,3.7,226.0,227.0,1010.5,,,,100.0
2023-06-14 09:00:00,-0.6,,,,,78.0,1.8,3.9,235.0,223.0,1010.6,,,,100.0
2023-06-14 10:00:00,0.2,0.2,,,,76.0,0.6,1.9,13.0,300.0,1010.6,,,,100.0
2023-06-14 11:00:00,0.2,0.4,,0.0,,74.0,1.3,2.8,349.0,339.0,1010.7,,,,60.0
2023-06-14 12:00:00,0.2,0.6,,,,75.0,2.1,3.8,353.0,349.0,1010.6,,,,90.0
2023-06-14 13:00:00,-0.3,0.2,,,,78.0,3.0,3.8,359.0,355.0,1010.4,,,,90.0
2023-06-14 14:00:00,0.1,0.6,,,,76.0,2.3,3.2,345.0,345.0,1010.3,,,,90.0
2023-06-14 15:00:00,0.4,0.7,,0.2,,74.0,2.1,3.2,297.0,316.0,1010.0,,,,90.0
2023-06-14 16:00:00,0.6,1.1,,0.3,,75.0,3.1,4.9,285.0,301.0,1010.0,,,,90.0
2023-06-14 17:00:00,0.5,0.9,,0.1,,76.0,3.9,5.2,287.0,285.0,1010.1,,,,90.0
2023-06-14 18:00:00,0.3,0.7,1.1,,-1.3,76.0,3.3,4.5,285.0,286.0,1010.5,,,,90.0
2023-06-14 19:00:00,0.2,0.9,,,,77.0,4.0,5.4,274.0,283.0,1010.8,,,,90.0
2023-06-14 20:00:00,0.0,0.5,,,,79.0,4.0,5.1,279.0,276.0,1011.1,,,,90.0
2023-06-14 21:00:00,-0.3,0.3,,,,81.0,3.5,4.5,269.0,281.0,1011.7,,,,90.0
2023-06-14 22:00:00,-0.2,,,,,82.0,3.4,4.5,265.0,267.0,1011.9,,,,90.0
2023-06-14 23:00:00,-0.4,,,,,84.0,3.2,4.5,267.0,268.0,1012.1,,,,90.0
2023-06-15 00:00:00,-0.9,,,,,85.0,2.8,3.6,271.0,267.0,1012.4,,,,90.0
2023-06-15 01:00:00,-0.7,,,,,86.0,1.7,2.8,205.0,264.0,1012.6,,,,50.0
2023-06-15 02:00:00,-0.9,,,,,85.0,1.1,1.9,215.0,208.0,1012.8,,,,10.0
2023-06-15 03:00:00,-0.7,,,,,86.0,1.3,2.2,290.0,251.0,1012.4,,,,90.0
2023-06-15 04:00:00,-0.7,,,,,87.0,0.7,1.8,208.0,239.0,1012.3,,,,90.0
2023-06-15 05:00:00,-0.7,,,,,89.0,0.8,2.2,225.0,271.0,1012.4,,,,90.0
2023-06-15 06:00:00,-0.4,,0.9,,-1.0,89.0,0.2,1.5,137.0,222.0,1012.4,,,,90.0
2023-06-15 07:00:00,-0.6,,,,,89.0,1.3,2.4,78.0,76.0,1012.4,,,,75.0
2023-06-15 08:00:00,-0.6,,,,,90.0,0.6,2.1,339.0,36.0,1012.7,,,,100.0
2023-06-15 09:00:00,-0.4,,,,,89.0,1.5,2.6,314.0,322.0,1012.9,,,,90.0
2023-06-15 10:00:00,-0.1,,,,,89.0,2.4,3.6,294.0,300.0,1013.1,,,,90.0
2023-06-15 11:00:00,0.2,0.2,,,,89.0,3.2,4.1,293.0,286.0,1013.1,,,,100.0
2023-06-15 12:00:00,0.2,0.4,,0.0,,90.0,4.0,5.2,277.0,279.0,1013.4,,,,90.0
2023-06-15 13:00:00,-0.3,0.3,,,,93.0,3.7,4.9,296.0,284.0,1013.6,,,,90.0
2023-06-15 14:00:00,-0.3,0.1,,,,93.0,3.2,4.3,293.0,291.0,1013.9,,,,90.0
2023-06-15 15:00:00,0.1,0.4,,,,92.0,3.7,4.7,290.0,287.0,1014.0,,,,90.0
2023-06-15 16:00:00,0.3,0.6,,0.0,,90.0,4.4,5.5,293.0,295.0,1013.9,,,,90.0
2023-06-15 17:00:00,0.2,0.4,,0.0,,90.0,5.3,7.2,281.0,286.0,1014.4,,,,100.0
2023-06-15 18:00:00,-0.3,0.2,0.6,,-0.7,89.0,6.1,7.5,281.0,284.0,1014.8,,,,90.0
2023-06-15 19:00:00,-0.6,,,,,90.0,6.4,8.2,281.0,285.0,1015.1,,,,100.0
2023-06-15 20:00:00,-0.9,,,,,90.0,6.8,8.3,280.0,280.0,1015.5,,,,100.0
2023-06-15 21:00:00,-0.9,,,,,90.0,6.5,8.0,278.0,280.0,1016.0,,,,100.0
2023-06-15 22:00:00,-1.3,,,,,92.0,6.2,7.7,280.0,282.0,1016.3,,,,100.0
2023-06-15 23:00:00,-1.2,,,,,92.0,6.2,7.8,283.0,285.0,1016.5,,,,100.0
2023-06-16 00:00:00,-1.2,,,,,92.0,6.1,8.0,283.0,279.0,1016.8,,,,90.0
2023-06-16 01:00:00,-1.4,,,,,90.0,6.3,8.3,286.0,281.0,1017.2,,,,90.0
2023-06-16 02:00:00,-1.6,,,,,90.0,6.6,8.6,280.0,280.0,1017.5,,,,100.0
2023-06-16 03:00:00,-1.6,,,,,89.0,6.4,8.2,266.0,277.0,1017.8,,,,100.0
2023-06-16 04:00:00,-1.5,,,,,85.0,6.5,8.6,265.0,270.0,1018.3,,,,100.0
2023-06-16 05:00:00,-1.2,,,,,83.0,6.0,8.1,265.0,259.0,1018.9,,,,100.0
2023-06-16 06:00:00,-1.1,,-0.1,,-1.8,81.0,6.5,8.5,273.0,271.0,1019.5,,,,100.0
2023-06-16 07:00:00,-1.1,,,,,83.0,5.6,7.6,269.0,278.0,1020.0,,,,100.0
2023-06-16 08:00:00,-1.1,,,,,86.0,5.4,7.4,267.0,265.0,1020.7,,,,100.0
2023-06-16 09:00:00,-0.9,,,,,80.0,5.9,8.1,264.0,265.0,1021.4,,,,100.0
2023-06-16 10:00:00,-0.9,,,,,77.0,6.0,7.9,262.0,261.0,1022.4,,,,100.0
2023-06-16 11:00:00,-0.6,,,,,74.0,5.4,7.3,244.0,249.0,1022.7,,,,100.0
2023-06-16 12:00:00,-0.4,,,,,72.0,5.6,7.8,249.0,245.0,1023.5,,,,100.0
2023-06-16 13:00:00,-0.4,,,,,72.0,5.5,7.6,250.0,252.0,1024.0,,,,100.0
2023-06-16 14:00:00,-0.5,,,,,75.0,5.0,7.5,254.0,255.0,1024.7,,,,100.0
2023-06-16 15:00:00,-0.4,,,,,76.0,4.9,7.0,257.0,252.0,1025.2,,,,90.0
2023-06-16 16:00:00,0.3,0.3,,,,71.0,4.8,6.9,249.0,250.0,1025.4,,,,100.0
2023-06-16 17:00:00,0.4,0.7,,0.1,,67.0,4.6,7.1,238.0,241.0,1025.6,,,,90.0
2023-06-16 18:00:00,0.7,1.0,1.0,0.4,-1.5,69.0,4.6,6.7,232.0,236.0,1026.0,,,,90.0
2023-06-16 19:00:00,0.6,0.8,,0.3,,72.0,5.0,7.0,242.0,242.0,1026.1,,,,100.0
2023-06-16 20:00:00,0.2,0.4,,,,79.0,4.1,6.4,242.0,243.0,1026.3,,,,100.0
2023-06-16 21:00:00,0.2,0.3,,,,87.0,3.1,4.9,206.0,215.0,1026.5,,,,100.0
2023-06-16 22:00:00,0.3,0.3,,0.2,,81.0,3.9,5.5,218.0,223.0,1026.7,,,,90.0
2023-06-16 23:00:00,0.0,0.3,,,,83.0,4.1,5.7,240.0,223.0,1026.9,,,,100.0
2023-06-17 00:00:00,-0.7,,,,,88.0,3.7,4.9,259.0,258.0,1026.8,,,,90.0
2023-06-17 01:00:00,-0.6,,,,,86.0,2.9,3.9,261.0,258.0,1026.7,,,,90.0
2023-06-17 02:00:00,-1.0,,,,,88.0,2.5,3.6,270.0,264.0,1026.9,,,,100.0
2023-06-17 03:00:00,-1.1,,,,,92.0,1.1,2.2,0.0,258.0,1026.7,,,,100.0
2023-06-17 04:00:00,-0.9,,,,,91.0,0.0,0.4,0.0,0.0,1026.6,,,,100.0
2023-06-17 05:00:00,-1.1,,,,,87.0,1.3,2.9,200.0,229.0,1026.3,,,,90.0
2023-06-17 06:00:00,-1.3,,0.9,,-1.4,87.0,1.2,2.6,242.0,234.0,1026.4,,,,50.0
2023-06-17 07:00:00,-1.6,,,,,88.0,1.9,3.0,279.0,280.0,1026.3,,,,60.0
2023-06-17 08:00:00,-1.8,,,,,90.0,2.1,3.6,276.0,274.0,1026.4,,,,90.0
2023-06-17 09:00:00,-1.8,,,,,92.0,2.3,3.4,256.0,264.0,1026.3,,,,90.0
2023-06-17 10:00:00,-1.6,,,,,90.0,1.5,2.6,293.0,280.0,1026.4,,,,90.0
2023-06-17 11:00:00,-1.3,,,,,88.0,1.4,2.3,291.0,301.0,1026.5,,,,90.0
2023-06-17 12:00:00,-0.9,,,,,88.0,1.7,3.2,316.0,292.0,1026.4,,,,90.0
2023-06-17 13:00:00,-0.8,,,,,89.0,2.4,4.5,350.0,355.0,1026.3,,,,100.0
2023-06-17 14:00:00,0.1,0.1,,,,86.0,1.3,2.7,304.0,340.0,1026.2,,,,90.0
2023-06-17 15:00:00,0.0,0.2,,,,85.0,2.1,3.3,316.0,308.0,1026.0,,,,90.0
2023-06-17 16:00:00,0.2,0.2,,,,84.0,1.6,3.5,309.0,320.0,1026.0,,,,90.0
2023-06-17 17:00:00,0.4,0.9,,0.1,,83.0,1.4,2.7,300.0,313.0,1025.8,,,,90.0
2023-06-17 18:00:00,1.3,1.9,1.9,0.6,-2.1,79.0,1.3,2.4,339.0,307.0,1025.7,,,,90.0
2023-06-17 19:00:00,0.7,1.2,,0.5,,83.0,1.4,3.0,6.0,359.0,1025.7,,,,90.0
2023-06-17 20:00:00,0.9,1.2,,0.5,,82.0,1.0,2.6,9.0,353.0,1025.8,,,,100.0
2023-06-17 21:00:00,0.9,1.3,,0.6,,82.0,1.2,2.3,25.0,21.0,1025.9,,,,100.0
2023-06-17 22:00:00,0.5,0.8,,0.3,,85.0,1.5,2.3,36.0,30.0,1025.8,,,,100.0
2023-06-17 23:00:00,0.4,0.7,,0.2,,84.0,1.2,2.1,41.0,41.0,1025.8,,,,100.0
2023-06-18 00:00:00,1.0,1.2,,0.7,,81.0,1.4,2.4,79.0,67.0,1025.6,,,,100.0
2023-06-18 01:00:00,1.3,1.6,,1.0,,80.0,1.4,2.4,70.0,89.0,1025.5,,,,90.0
2023-06-18 02:00:00,0.9,1.1,,0.8,,84.0,2.1,2.9,106.0,84.0,1025.6,,,,90.0
2023-06-18 03:00:00,1.1,1.3,,0.9,,79.0,2.0,3.2,98.0,99.0,1025.2,,,,
2023-06-18 04:00:00,0.7,0.9,,0.5,,72.0,2.3,3.1,120.0,108.0,1025.2,,,,
2023-06-18 05:00:00,0.5,0.8,,0.3,,70.0,3.0,3.9,107.0,110.0,1025.1,,,,
2023-06-18 06:00:00,0.7,0.8,1.6,0.4,0.2,70.0,2.5,3.4,106.0,103.0,1024.8,,,,
2023-06-18 07:00:00,1.0,1.3,,0.7,,70.0,2.6,3.6,89.0,97.0,1025.0,,,,
2023-06-18 08:00:00,1.2,1.4,,1.1,,75.0,3.3,4.4,84.0,85.0,1024.6,,,,75.0
2023-06-18 09:00:00,1.2,1.5,,1.1,,82.0,3.6,5.0,81.0,76.0,1024.6,,,,90.0
2023-06-18 10:00:00,1.7,2.1,,1.3,,83.0,3.3,4.4,59.0,63.0,1024.4,,,,50.0
2023-06-18 11:00:00,2.3,2.8,,2.1,,80.0,4.2,5.5,62.0,60.0,1024.3,,,,90.0
2023-06-18 12:00:00,2.2,2.7,,1.8,,76.0,5.4,7.1,64.0,64.0,1023.9,,,,90.0
2023-06-18 13:00:00,2.1,2.4,,1.9,,79.0,5.3,6.7,64.0,63.0,1023.5,,,,100.0
2023-06-18 14:00:00,2.2,2.5,,1.9,,79.0,4.9,6.4,62.0,62.0,1023.3,,,,100.0
2023-06-18 15:00:00,2.3,2.7,,2.0,,77.0,4.7,6.3,61.0,63.0,1023.0,,,,100.0
2023-06-18 16:00:00,2.7,3.2,,2.3,,74.0,4.1,5.1,37.0,50.0,1022.6,,,,100.0
2023-06-18 17:00:00,2.3,2.6,,2.0,,77.0,3.3,4.9,34.0,33.0,1022.4,,,,100.0
2023-06-18 18:00:00,2.7,3.4,3.4,2.2,0.7,75.0,3.1,4.2,48.0,38.0,1022.1,,,,100.0
2023-06-18 19:00:00,2.9,3.3,,2.7,,63.0,3.8,4.8,61.0,59.0,1022.0,,,,100.0
2023-06-18 20:00:00,2.9,3.4,,2.5,,62.0,3.6,4.7,64.0,62.0,1021.6,,,,90.0
2023-06-18 21:00:00,2.8,3.2,,2.4,,68.0,3.6,4.5,76.0,66.0,1021.3,,,,90.0
2023-06-18 22:00:00,2.4,3.0,,2.1,,73.0,3.9,4.7,66.0,67.0,1021.2,,,,90.0
2023-06-18 23:00:00,2.4,2.6,,2.2,,79.0,3.6,4.9,63.0,67.0,1021.4,,,,90.0
2023-06-19 00:00:00,2.6,2.8,,2.3,,78.0,3.3,4.6,80.0,71.0,1021.2,,,,90.0
2023-06-19 01:00:00,2.7,2.9,,2.6,,75.0,3.8,5.1,80.0,80.0,1020.9,,,,90.0
2023-06-19 02:00:00,2.7,2.9,,2.6,,77.0,4.5,5.8,83.0,76.0,1020.7,,,,100.0
2023-06-19 03:00:00,2.6,2.7,,2.4,,80.0,4.2,5.7,95.0,89.0,1020.3,,,,90.0
2023-06-19 04:00:00,2.3,2.5,,1.9,,82.0,3.0,4.4,74.0,84.0,1020.3,,,,60.0
2023-06-19 05:00:00,1.9,2.1,,1.8,,87.0,2.9,3.7,75.0,71.0,1020.4,,,,90.0
2023-06-19 06:00:00,1.8,2.1,3.4,1.7,1.7,89.0,3.3,4.6,82.0,79.0,1020.1,,,,90.0
2023-06-19 07:00:00,2.3,2.6,,2.0,,87.0,4.1,5.6,100.0,89.0,1020.0,,,,
2023-06-19 08:00:00,2.8,2.9,,2.7,,83.0,3.4,4.4,81.0,90.0,1019.9,,,,
2023-06-19 09:00:00,3.5,4.3,,2.8,,82.0,3.1,4.2,82.0,79.0,1019.7,,,,60.0
2023-06-19 10:00:00,3.5,4.7,,2.6,,82.0,2.5,3.9,59.0,65.0,1020.0,,,,90.0
2023-06-19 11:00:00,2.9,3.7,,2.2,,85.0,1.7,3.1,71.0,51.0,1019.7,,,,90.0
2023-06-19 12:00:00,3.3,4.1,,2.6,,83.0,1.9,4.0,353.0,37.0,1020.0,,,,90.0
2023-06-19 13:00:00,3.1,3.7,,2.5,,84.0,1.9,3.6,30.0,37.0,1019.8,,,,90.0
2023-06-19 14:00:00,3.3,3.8,,2.9,,81.0,2.2,3.8,60.0,43.0,1019.5,,,,90.0
2023-06-19 15:00:00,3.6,4.0,,3.2,,78.0,3.2,6.2,71.0,62.0,1019.3,,,,90.0
2023-06-19 16:00:00,3.7,4.7,,3.1,,78.0,3.0,4.9,75.0,63.0,1019.1,,,,90.0
2023-06-19 17:00:00,4.2,4.8,,3.8,,75.0,4.1,5.7,65.0,76.0,1019.0,,,,100.0
2023-06-19 18:00:00,4.0,4.4,4.8,3.6,2.0,77.0,3.6,5.1,63.0,59.0,1019.0,,,,90.0
2023-06-19 19:00:00,4.5,5.1,,4.1,,73.0,4.7,6.4,70.0,74.0,1018.7,,,,90.0
2023-06-19 20:00:00,4.9,5.2,,4.5,,72.0,4.9,7.0,76.0,79.0,1018.2,,,,90.0
2023-06-19 21:00:00,5.2,5.7,,4.8,,66.0,5.1,6.5,82.0,82.0,1017.9,,,,100.0
2023-06-19 22:00:00,5.4,5.7,,4.8,,65.0,4.0,5.8,78.0,78.0,1017.7,,,,100.0
2023-06-19 23:00:00,4.6,5.3,,4.1,,71.0,1.5,3.5,65.0,65.0,1017.4,,,,100.0
2023-06-20 00:00:00,4.2,4.7,,3.8,,73.0,0.4,1.8,0.0,46.0,1017.1,,,,90.0
2023-06-20 01:00:00,4.4,4.7,,4.1,,74.0,1.6,2.9,53.0,68.0,1016.6,,,,100.0
2023-06-20 02:00:00,4.2,4.4,,3.9,,76.0,2.0,3.0,81.0,74.0,1016.0,,,,100.0
2023-06-20 03:00:00,4.0,4.3,,3.3,,77.0,1.6,3.6,59.0,74.0,1015.5,,,,100.0
2023-06-20 04:00:00,3.9,4.1,,3.4,,78.0,1.7,2.6,84.0,86.0,1014.7,,,,90.0
2023-06-20 05:00:00,3.8,4.3,,3.5,,83.0,1.7,4.1,107.0,88.0,1013.9,,,,100.0
2023-06-20 06:00:00,3.7,4.7,5.7,2.9,2.9,85.0,1.5,3.5,92.0,87.0,1013.6,,,,100.0
2023-06-20 07:00:00,5.1,5.8,,4.2,,79.0,2.0,3.7,113.0,99.0,1013.4,,,,90.0
2023-06-20 08:00:00,6.2,6.7,,5.8,,76.0,2.7,3.7,109.0,116.0,1013.2,,,,60.0
2023-06-20 09:00:00,6.4,6.9,,6.1,,75.0,3.3,4.7,104.0,105.0,1012.6,,,,90.0
2023-06-20 10:00:00,7.8,8.2,,6.9,,68.0,3.9,6.2,108.0,99.0,1012.1,,,,100.0
2023-06-20 11:00:00,8.4,8.7,,8.2,,62.0,4.8,7.2,107.0,110.0,1011.6,,,,90.0
2023-06-20 12:00:00,8.4,8.7,,8.2,,62.0,4.6,6.2,110.0,110.0,1011.3,,,,100.0
2023-06-20 13:00:00,8.8,9.2,,8.4,,62.0,3.5,6.2,106.0,107.0,1010.9,,,,90.0
2023-06-20 14:00:00,8.2,9.1,,4.0,,67.0,3.0,4.3,50.0,93.0,1010.4,,,,90.0
2023-06-20 15:00:00,4.4,5.1,,3.9,,82.0,1.6,2.5,67.0,62.0,1009.7,,,,90.0
2023-06-20 16:00:00,3.8,4.7,,3.2,,84.0,1.8,4.9,279.0,350.0,1009.7,,,,90.0
2023-06-20 17:00:00,4.1,4.4,,3.8,,85.0,3.6,6.2,332.0,300.0,1010.0,,,,100.0
2023-06-20 18:00:00,4.6,5.4,9.2,3.8,3.2,85.0,0.9,4.0,265.0,284.0,1009.2,,,,100.0
2023-06-20 19:00:00,5.4,5.8,,4.8,,84.0,2.8,5.4,191.0,218.0,1008.1,,,,100.0
2023-06-20 20:00:00,5.1,5.4,,4.5,,88.0,0.8,3.1,7.0,190.0,1007.5,,,,100.0
2023-06-20 21:00:00,4.1,4.8,,3.0,,92.0,1.9,3.7,94.0,81.0,1007.2,,,,100.0
2023-06-20 22:00:00,2.5,3.2,,2.2,,94.0,4.0,6.1,97.0,96.0,1006.3,,,,100.0
2023-06-20 23:00:00,2.3,2.6,,2.1,,95.0,3.7,6.7,93.0,73.0,1005.7,,,,90.0
2023-06-21 00:00:00,2.5,2.7,,2.3,,95.0,4.5,7.1,94.0,94.0,1005.3,,,,100.0
2023-06-21 01:00:00,2.7,2.8,,2.4,,94.0,3.3,6.7,299.0,124.0,1005.3,,,,100.0
2023-06-21 02:00:00,2.9,3.8,,2.4,,95.0,2.2,11.7,203.0,126.0,1004.2,,,,100.0
2023-06-21 03:00:00,3.4,3.8,,3.3,,93.0,6.5,11.6,206.0,199.0,1003.0,,,,90.0
2023-06-21 04:00:00,2.9,3.3,,2.7,,93.0,7.1,11.0,201.0,203.0,1002.2,,,,100.0
2023-06-21 05:00:00,2.6,2.7,,2.3,,93.0,8.3,12.9,206.0,200.0,1001.5,,,,100.0
2023-06-21 06:00:00,1.6,2.3,5.8,0.8,0.8,93.0,8.4,11.4,222.0,216.0,1001.1,,,,100.0
2023-06-21 07:00:00,0.6,0.8,,0.4,,96.0,6.8,9.7,232.0,225.0,1001.0,,,,100.0
2023-06-21 08:00:00,0.3,0.5,,0.2,,96.0,6.2,8.7,247.0,238.0,1000.7,,,,100.0
2023-06-21 09:00:00,0.5,0.8,,0.3,,96.0,6.3,9.8,241.0,244.0,1000.3,,,,90.0
2023-06-21 10:00:00,0.8,1.1,,0.6,,94.0,6.5,9.2,255.0,254.0,1000.5,,,,90.0
2023-06-21 11:00:00,0.5,0.8,,0.2,,94.0,6.0,7.7,256.0,261.0,1000.3,,,,90.0
2023-06-21 12:00:00,0.3,0.5,,0.1,,94.0,5.0,6.4,261.0,261.0,1000.2,,,,100.0
2023-06-21 13:00:00,-0.3,0.2,,,,96.0,5.0,6.4,260.0,261.0,1000.3,,,,90.0
2023-06-21 14:00:00,0.1,0.6,,,,95.0,4.8,6.9,260.0,252.0,1000.4,,,,90.0
2023-06-21 15:00:00,0.8,1.8,,,,91.0,4.1,6.5,235.0,249.0,1000.0,,,,90.0
2023-06-21 16:00:00,1.3,1.9,,0.9,,90.0,4.6,7.2,263.0,264.0,1000.1,,,,90.0
2023-06-21 17:00:00,2.1,3.2,,1.1,,88.0,3.7,5.4,235.0,237.0,999.8,,,,90.0
2023-06-21 18:00:00,2.5,3.3,3.3,2.0,-0.5,86.0,4.3,7.4,260.0,252.0,999.8,,,,100.0
2023-06-21 19:00:00,2.0,2.6,,1.3,,89.0,5.2,6.7,261.0,266.0,999.7,,,,100.0
2023-06-21 20:00:00,1.3,1.7,,1.0,,94.0,4.8,6.2,258.0,259.0,999.7,,,,100.0
2023-06-21 21:00:00,0.9,1.1,,0.7,,96.0,4.5,6.0,267.0,264.0,999.4,,,,100.0
2023-06-21 22:00:00,0.7,0.9,,0.6,,96.0,4.0,5.3,271.0,269.0,999.3,,,,100.0
2023-06-21 23:00:00,0.6,0.9,,0.4,,94.0,4.6,5.3,274.0,271.0,999.1,,,,100.0
2023-06-22 00:00:00,0.3,0.6,,0.2,,95.0,3.9,4.7,273.0,270.0,999.1,,,,100.0
2023-06-22 01:00:00,0.1,0.3,,,,96.0,3.9,5.2,276.0,281.0,999.2,,,,100.0
2023-06-22 02:00:00,0.1,0.2,,,,93.0,3.5,4.7,266.0,267.0,998.9,,,,100.0
2023-06-22 03:00:00,0.1,0.2,,,,91.0,3.1,4.3,253.0,263.0,998.7,,,,100.0
2023-06-22 04:00:00,-0.1,0.1,,,,90.0,3.0,4.5,250.0,247.0,998.4,,,,100.0
2023-06-22 05:00:00,0.0,0.1,,,,87.0,2.9,4.1,246.0,248.0,998.2,,,,100.0
2023-06-22 06:00:00,0.0,0.1,2.7,,-0.1,88.0,2.6,3.8,249.0,249.0,998.0,,,,100.0
2023-06-22 07:00:00,0.1,0.3,,0.1,,92.0,3.1,4.2,233.0,235.0,998.0,,,,100.0
2023-06-22 08:00:00,0.2,0.4,,0.1,,93.0,3.2,4.1,259.0,242.0,998.0,,,,100.0
2023-06-22 09:00:00,0.1,0.2,,0.0,,95.0,2.8,3.6,260.0,258.0,998.1,,,,100.0
2023-06-22 10:00:00,0.2,0.4,,0.1,,95.0,2.1,3.2,238.0,243.0,998.2,,,,100.0
2023-06-22 11:00:00,0.5,0.7,,0.3,,94.0,2.3,3.9,244.0,250.0,998.2,,,,100.0
2023-06-22 12:00:00,0.8,1.0,,0.6,,92.0,3.0,4.3,268.0,260.0,998.6,,,,90.0
2023-06-22 13:00:00,0.8,1.0,,0.6,,91.0,3.3,4.4,260.0,265.0,999.0,,,,100.0
2023-06-22 14:00:00,0.9,1.2,,0.8,,91.0,3.2,4.5,269.0,269.0,999.2,,,,100.0
2023-06-22 15:00:00,0.9,1.1,,0.8,,89.0,3.5,4.4,280.0,280.0,999.3,,,,90.0
2023-06-22 16:00:00,1.0,1.2,,0.6,,90.0,3.1,5.8,291.0,288.0,999.2,,,,90.0
2023-06-22 17:00:00,0.9,1.3,,0.5,,90.0,2.9,3.7,295.0,298.0,999.4,,,,90.0
2023-06-22 18:00:00,1.0,1.5,1.5,0.7,0.0,90.0,2.5,3.6,288.0,293.0,999.5,,,,90.0
2023-06-22 19:00:00,1.2,1.6,,0.7,,89.0,3.1,3.8,289.0,287.0,999.7,,,,90.0
2023-06-22 20:00:00,0.9,1.2,,0.6,,90.0,2.8,3.6,279.0,289.0,1000.1,,,,90.0
2023-06-22 21:00:00,1.0,1.2,,0.8,,90.0,3.6,4.7,270.0,272.0,1000.1,,,,90.0
2023-06-22 22:00:00,1.0,1.2,,0.8,,89.0,3.6,5.1,241.0,249.0,1000.6,,,,90.0
2023-06-22 23:00:00,1.0,1.1,,0.8,,89.0,3.0,4.9,206.0,228.0,1001.0,,,,90.0
2023-06-23 00:00:00,1.1,1.3,,1.0,,88.0,2.2,3.6,180.0,202.0,1001.2,,,,100.0
2023-06-23 01:00:00,1.3,1.5,,1.2,,88.0,3.0,4.3,206.0,194.0,1001.6,,,,100.0
2023-06-23 02:00:00,1.3,1.5,,0.9,,88.0,2.1,3.8,336.0,259.0,1001.4,,,,100.0
2023-06-23 03:00:00,0.9,1.1,,0.8,,91.0,0.8,1.7,311.0,331.0,1001.4,,,,90.0
2023-06-23 04:00:00,0.8,1.0,,0.7,,91.0,0.8,2.1,300.0,350.0,1001.4,,,,100.0
2023-06-23 05:00:00,1.0,1.1,,0.8,,92.0,0.6,2.0,281.0,232.0,1001.5,,,,100.0
2023-06-23 06:00:00,1.0,1.2,1.7,0.8,0.6,92.0,0.9,2.2,64.0,84.0,1001.8,,,,90.0
2023-06-23 07:00:00,1.0,1.2,,0.8,,93.0,2.2,3.6,86.0,84.0,1002.1,,,,90.0
2023-06-23 08:00:00,1.6,2.1,,1.3,,90.0,3.1,4.0,119.0,101.0,1002.4,,,,100.0
2023-06-23 09:00:00,2.5,3.0,,2.1,,82.0,3.3,4.8,138.0,130.0,1002.6,,,,90.0
2023-06-23 10:00:00,2.3,3.1,,1.7,,85.0,3.7,5.8,201.0,188.0,1002.9,,,,90.0
2023-06-23 11:00:00,2.0,2.5,,1.6,,91.0,3.1,4.6,195.0,198.0,1003.1,,,,90.0
2023-06-23 12:00:00,3.0,3.4,,2.5,,83.0,2.6,4.0,198.0,195.0,1003.4,,,,90.0
2023-06-23 13:00:00,3.1,3.6,,2.3,,83.0,2.9,5.4,226.0,224.0,1003.7,,,,90.0
2023-06-23 14:00:00,2.6,3.4,,2.2,,85.0,3.0,7.8,278.0,271.0,1004.3,,,,100.0
2023-06-23 15:00:00,2.0,2.6,,1.4,,89.0,3.2,4.7,317.0,295.0,1004.5,,,,90.0
2023-06-23 16:00:00,1.7,2.1,,1.4,,89.0,2.4,7.4,350.0,332.0,1004.5,,,,100.0
2023-06-23 17:00:00,1.7,2.4,,1.4,,87.0,3.2,4.3,289.0,302.0,1004.8,,,,100.0
2023-06-23 18:00:00,1.8,2.3,3.7,1.4,0.8,87.0,2.9,4.1,294.0,289.0,1004.9,,,,100.0
2023-06-23 19:00:00,1.6,2.1,,1.2,,88.0,3.0,4.1,299.0,301.0,1005.1,,,,100.0
2023-06-23 20:00:00,1.6,1.9,,1.3,,87.0,3.1,4.3,292.0,298.0,1005.4,,,,90.0
2023-06-23 21:00:00,1.5,1.8,,1.1,,88.0,3.1,4.0,301.0,299.0,1005.4,,,,90.0
2023-06-23 22:00:00,1.7,2.1,,1.2,,85.0,2.2,3.8,276.0,299.0,1005.7,,,,25.0
2023-06-23 23:00:00,0.7,1.3,,0.2,,91.0,2.3,4.1,270.0,287.0,1005.6,,,,90.0
2023-06-24 00:00:00,1.4,1.8,,0.9,,84.0,1.2,2.4,299.0,284.0,1005.6,,,,
2023-06-24 01:00:00,0.7,0.9,,0.2,,89.0,1.6,2.4,13.0,306.0,1005.7,,,,40.0
2023-06-24 02:00:00,-0.6,0.3,,,,94.0,1.9,2.8,48.0,37.0,1005.7,,,,
2023-06-24 03:00:00,-0.6,,,,,96.0,1.1,2.0,46.0,54.0,1005.4,,,,90.0
2023-06-24 04:00:00,-0.4,,,,,96.0,0.6,1.6,31.0,37.0,,,,,40.0
2023-06-24 05:00:00,-0.4,,,,,96.0,0.9,1.5,334.0,6.0,,,,,40.0
2023-06-24 06:00:00,-0.3,,2.1,,-0.9,96.0,0.1,1.0,119.0,116.0,,,,,
2023-06-24 07:00:00,0.1,1.0,,,,95.0,0.1,0.8,11.0,325.0,,,,,90.0
2023-06-24 08:00:00,0.3,0.9,,0.1,,92.0,0.3,1.5,337.0,330.0,,,,,90.0
2023-06-24 09:00:00,0.5,0.9,,0.3,,91.0,0.7,1.6,316.0,315.0,,,,,90.0
2023-06-24 10:00:00,1.5,2.1,,0.8,,84.0,0.5,2.2,273.0,310.0,,,,,10.0
2023-06-24 11:00:00,2.3,2.7,,1.8,,80.0,1.9,3.0,284.0,272.0,1003.8,,,,
2023-06-24 12:00:00,2.8,3.3,,2.2,,82.0,1.7,2.7,293.0,281.0,1003.9,,,,
2023-06-24 13:00:00,3.3,3.7,,3.0,,76.0,1.2,2.4,289.0,297.0,1003.7,,,,90.0
2023-06-24 14:00:00,3.3,3.7,,2.9,,80.0,2.0,2.6,294.0,287.0,1003.4,,,,90.0
2023-06-24 15:00:00,3.6,4.3,,3.1,,80.0,2.4,3.4,278.0,278.0,1003.4,,,,100.0
2023-06-24 16:00:00,5.0,5.6,,4.4,,72.0,1.4,2.7,296.0,291.0,1003.4,,,,100.0
2023-06-24 17:00:00,5.3,6.2,,4.8,,71.0,2.2,3.1,286.0,284.0,1003.4,,,,90.0
2023-06-24 18:00:00,5.6,6.2,6.2,5.2,1.8,67.0,2.6,3.5,279.0,280.0,1003.2,,,,60.0
2023-06-24 19:00:00,5.2,6.1,,4.4,,71.0,3.6,6.2,260.0,274.0,1003.2,,,,90.0
2023-06-24 20:00:00,4.3,4.9,,3.7,,79.0,4.6,5.7,264.0,262.0,1003.3,,,,75.0
2023-06-24 21:00:00,3.7,4.5,,3.3,,81.0,4.4,5.7,254.0,260.0,1003.6,,,,90.0
2023-06-24 22:00:00,3.3,3.7,,2.9,,82.0,4.3,5.8,272.0,265.0,1004.0,,,,90.0
2023-06-24 23:00:00,3.2,3.7,,2.7,,81.0,4.5,5.4,270.0,265.0,1004.2,,,,100.0
2023-06-25 00:00:00,2.7,3.1,,2.3,,84.0,3.9,5.0,238.0,256.0,1004.5,,,,40.0
2023-06-25 01:00:00,2.7,3.2,,2.2,,82.0,4.0,6.2,222.0,219.0,1004.8,,,,
2023-06-25 02:00:00,2.1,2.3,,1.9,,85.0,4.0,5.7,208.0,216.0,1005.2,,,,90.0
2023-06-25 03:00:00,1.7,1.9,,1.5,,88.0,4.1,5.5,216.0,212.0,1005.4,,,,75.0
2023-06-25 04:00:00,1.3,1.4,,1.3,,90.0,3.8,5.5,206.0,205.0,1005.7,,,,90.0
2023-06-25 05:00:00,1.1,1.3,,0.9,,91.0,3.1,4.8,215.0,214.0,1006.0,,,,90.0
2023-06-25 06:00:00,0.6,0.9,6.2,0.4,0.4,94.0,2.2,4.1,201.0,212.0,1006.4,,,,100.0
2023-06-25 07:00:00,0.4,0.7,,0.3,,96.0,2.0,3.3,204.0,206.0,1006.8,,,,100.0
2023-06-25 08:00:00,0.7,1.0,,0.6,,95.0,1.6,3.1,216.0,209.0,1007.1,,,,90.0
2023-06-25 09:00:00,1.5,2.0,,0.9,,92.0,1.1,2.2,192.0,213.0,1007.6,,,,90.0
2023-06-25 10:00:00,2.4,3.2,,2.1,,87.0,1.2,2.2,311.0,290.0,1007.7,,,,90.0
2023-06-25 11:00:00,2.4,2.8,,2.1,,88.0,1.5,2.3,316.0,310.0,1008.2,,,,
2023-06-25 12:00:00,2.9,3.3,,2.7,,86.0,1.4,2.3,359.0,342.0,1008.3,,,,
2023-06-25 13:00:00,2.6,3.0,,2.2,,87.0,1.6,2.7,318.0,323.0,1008.6,,,,
2023-06-25 14:00:00,3.0,3.7,,2.4,,85.0,1.5,2.3,318.0,317.0,1008.9,,,,75.0
2023-06-25 15:00:00,2.7,3.4,,2.1,,86.0,2.6,3.7,285.0,291.0,1009.2,,,,
2023-06-25 16:00:00,2.3,2.8,,1.7,,87.0,3.0,4.2,285.0,284.0,1008.9,,,,60.0
2023-06-25 17:00:00,3.1,3.7,,2.3,,84.0,2.1,3.2,282.0,289.0,1008.8,,,,
2023-06-25 18:00:00,3.8,4.5,4.5,3.3,0.3,81.0,2.5,3.7,278.0,281.0,1008.8,,,,
2023-06-25 19:00:00,4.0,4.3,,3.7,,79.0,1.5,3.2,1.0,328.0,1008.8,,,,
2023-06-25 20:00:00,4.7,5.4,,4.3,,75.0,1.7,2.7,319.0,334.0,1008.9,,,,
2023-06-25 21:00:00,4.9,5.5,,4.4,,76.0,2.0,3.4,9.0,8.0,1009.0,,,,
2023-06-25 22:00:00,4.7,4.9,,4.2,,79.0,2.4,3.4,8.0,13.0,1008.4,,,,
2023-06-25 23:00:00,4.2,4.6,,4.0,,82.0,2.4,3.1,44.0,46.0,1008.3,,,,
2023-06-26 00:00:00,4.3,4.6,,4.0,,82.0,2.2,3.2,56.0,57.0,1007.6,,,,
2023-06-26 01:00:00,4.5,4.8,,4.3,,81.0,2.7,3.7,60.0,61.0,1007.4,,,,
2023-06-26 02:00:00,4.1,4.5,,3.8,,83.0,1.4,2.5,21.0,44.0,1007.0,,,,
2023-06-26 03:00:00,3.6,3.8,,3.3,,87.0,0.9,2.1,345.0,355.0,1006.3,,,,
2023-06-26 04:00:00,3.6,3.7,,3.4,,84.0,1.0,2.6,1.0,1.0,1005.9,,,,
2023-06-26 05:00:00,3.7,4.0,,3.3,,81.0,0.6,1.9,65.0,32.0,1005.2,,,,
2023-06-26 06:00:00,4.2,4.5,5.5,3.9,3.3,79.0,0.5,1.4,0.0,48.0,1004.7,,,,
2023-06-26 07:00:00,4.7,5.3,,4.4,,73.0,0.6,1.9,59.0,65.0,1003.9,,,,
2023-06-26 08:00:00,5.3,5.7,,4.9,,69.0,0.8,1.9,94.0,97.0,1003.7,,,,
2023-06-26 09:00:00,5.6,5.8,,5.4,,68.0,0.7,1.7,29.0,39.0,1003.0,,,,
2023-06-26 10:00:00,5.4,5.7,,5.1,,66.0,0.6,1.7,34.0,358.0,1003.2,,,,
2023-06-26 11:00:00,5.5,5.8,,5.2,,65.0,0.9,1.7,6.0,359.0,1002.7,,,,
2023-06-26 12:00:00,5.6,6.0,,4.9,,68.0,1.2,2.1,9.0,18.0,1002.2,,,,
2023-06-26 13:00:00,4.5,4.9,,3.7,,81.0,2.1,3.7,281.0,302.0,1002.0,,,,
2023-06-26 14:00:00,5.0,5.4,,4.7,,77.0,1.3,2.6,8.0,330.0,1001.4,,,,
2023-06-26 15:00:00,5.1,5.7,,4.6,,73.0,2.6,4.6,46.0,35.0,1000.9,,,,
2023-06-26 16:00:00,6.6,7.2,,5.8,,64.0,4.6,6.4,57.0,62.0,1000.8,,,,
2023-06-26 17:00:00,6.7,7.2,,6.3,,69.0,4.2,6.6,60.0,58.0,1000.4,,,,
2023-06-26 18:00:00,6.6,7.2,7.2,6.2,3.7,73.0,5.7,7.0,65.0,64.0,1000.1,,,,
2023-06-26 19:00:00,6.5,7.6,,5.8,,80.0,3.8,6.4,35.0,54.0,1000.0,,,,75.0
2023-06-26 20:00:00,6.4,6.8,,5.9,,78.0,4.6,7.0,76.0,65.0,999.6,,,,90.0
2023-06-26 21:00:00,6.1,6.5,,5.8,,78.0,6.0,8.7,90.0,88.0,999.7,,,,100.0
2023-06-26 22:00:00,6.0,6.2,,5.7,,80.0,4.6,7.3,70.0,82.0,999.7,,,,90.0
2023-06-26 23:00:00,5.4,5.8,,5.1,,87.0,3.3,4.9,60.0,63.0,999.6,,,,100.0
2023-06-27 00:00:00,5.4,5.7,,4.9,,88.0,3.7,6.2,77.0,70.0,999.2,,,,100.0
2023-06-27 01:00:00,5.5,5.7,,5.2,,84.0,2.1,4.4,5.0,59.0,998.8,,,,100.0
2023-06-27 02:00:00,5.4,5.9,,5.0,,90.0,0.3,1.8,202.0,212.0,998.3,,,,100.0
2023-06-27 03:00:00,5.5,6.6,,4.8,,91.0,1.7,4.2,256.0,239.0,997.9,,,,100.0
2023-06-27 04:00:00,4.8,5.9,,4.3,,86.0,5.9,10.0,243.0,239.0,998.4,,,,90.0
2023-06-27 05:00:00,4.4,4.7,,4.2,,86.0,6.7,9.9,236.0,242.0,998.8,,,,100.0
2023-06-27 06:00:00,4.3,4.7,7.6,4.0,4.0,89.0,6.4,10.2,204.0,216.0,999.5,,,,100.0
2023-06-27 07:00:00,4.4,4.9,,4.2,,85.0,4.5,6.8,246.0,220.0,1000.1,,,,100.0
2023-06-27 08:00:00,4.3,4.9,,3.7,,82.0,5.2,8.3,230.0,234.0,1000.7,,,,75.0
2023-06-27 09:00:00,4.3,4.7,,4.1,,83.0,4.0,7.3,217.0,222.0,1001.4,,,,
2023-06-27 10:00:00,5.2,5.9,,4.7,,82.0,3.2,5.3,193.0,203.0,1002.1,,,,40.0
2023-06-27 11:00:00,6.1,6.2,,5.7,,78.0,5.5,9.6,205.0,200.0,1003.2,,,,90.0
2023-06-27 12:00:00,6.2,7.1,,5.6,,76.0,6.6,9.7,200.0,204.0,1004.1,,,,60.0
2023-06-27 13:00:00,7.0,7.4,,6.6,,71.0,7.9,13.2,209.0,204.0,1004.7,,,,100.0
2023-06-27 14:00:00,7.6,8.0,,6.9,,67.0,9.1,14.1,207.0,207.0,1005.3,,,,10.0
2023-06-27 15:00:00,7.2,7.4,,6.9,,67.0,10.3,15.1,210.0,210.0,1005.6,,,,90.0
2023-06-27 16:00:00,7.1,7.8,,6.7,,67.0,8.5,12.1,206.0,210.0,1006.2,,,,90.0
2023-06-27 17:00:00,6.3,6.7,,6.2,,71.0,7.2,11.9,204.0,208.0,1006.3,,,,90.0
2023-06-27 18:00:00,6.7,7.0,8.0,6.5,3.7,71.0,5.8,8.6,213.0,210.0,1006.5,,,,90.0
2023-06-27 19:00:00,6.2,6.6,,5.5,,76.0,5.4,8.2,250.0,239.0,1006.6,,,,90.0
2023-06-27 20:00:00,5.1,5.6,,3.5,,82.0,2.8,4.4,341.0,243.0,1006.7,,,,100.0
2023-06-27 21:00:00,4.0,4.5,,3.5,,87.0,1.4,2.7,275.0,318.0,1006.9,,,,100.0
2023-06-27 22:00:00,5.1,5.5,,4.3,,83.0,1.0,1.7,278.0,272.0,1006.8,,,,100.0
2023-06-27 23:00:00,4.1,5.3,,3.3,,86.0,1.1,2.5,326.0,357.0,1007.0,,,,100.0
2023-06-28 00:00:00,4.3,4.9,,3.4,,87.0,1.2,4.0,256.0,261.0,1007.1,,,,100.0
2023-06-28 01:00:00,3.9,5.2,,3.2,,93.0,2.3,4.2,279.0,262.0,1007.1,,,,100.0
2023-06-28 02:00:00,3.1,3.3,,2.8,,96.0,0.4,1.9,0.0,278.0,1007.1,,,,100.0
2023-06-28 03:00:00,3.9,4.1,,3.3,,96.0,0.7,1.8,151.0,168.0,1007.1,,,,100.0
2023-06-28 04:00:00,3.4,3.9,,3.1,,95.0,0.6,1.9,80.0,86.0,1007.2,,,,90.0
2023-06-28 05:00:00,3.9,4.3,,3.5,,94.0,1.6,2.4,135.0,116.0,1007.5,,,,90.0
2023-06-28 06:00:00,4.7,4.8,6.6,4.3,2.8,87.0,1.7,3.3,141.0,147.0,1007.9,,,,90.0
2023-06-28 07:00:00,4.8,5.1,,4.6,,86.0,1.8,3.0,102.0,115.0,1008.1,,,,90.0
2023-06-28 08:00:00,4.6,4.8,,4.6,,88.0,3.2,4.5,93.0,90.0,1008.2,,,,90.0
2023-06-28 09:00:00,5.0,5.4,,4.6,,87.0,3.2,5.0,115.0,99.0,1008.6,,,,90.0
2023-06-28 10:00:00,5.0,5.9,,3.4,,86.0,2.4,4.3,268.0,195.0,1009.1,,,,90.0
2023-06-28 11:00:00,4.3,5.6,,3.4,,91.0,3.3,4.6,265.0,264.0,1009.2,,,,90.0
2023-06-28 12:00:00,4.8,5.8,,4.1,,86.0,2.0,3.8,307.0,290.0,1009.2,,,,90.0
2023-06-28 13:00:00,4.9,5.4,,4.1,,84.0,2.0,5.1,48.0,17.0,1009.2,,,,90.0
2023-06-28 14:00:00,4.6,5.2,,4.2,,87.0,3.6,5.2,43.0,46.0,1008.9,,,,90.0
2023-06-28 15:00:00,5.3,6.1,,4.3,,85.0,3.8,5.7,44.0,48.0,1008.3,,,,90.0
2023-06-28 16:00:00,5.3,6.1,,4.4,,87.0,3.3,5.2,84.0,54.0,1007.8,,,,90.0
2023-06-28 17:00:00,5.7,6.2,,5.2,,88.0,4.0,6.5,56.0,66.0,1007.2,,,,90.0
2023-06-28 18:00:00,5.3,6.2,6.2,4.6,3.3,87.0,3.5,4.8,59.0,56.0,1006.4,,,,60.0
2023-06-28 19:00:00,5.7,5.9,,5.5,,82.0,4.3,6.2,86.0,74.0,1005.4,,,,90.0
2023-06-28 20:00:00,5.6,5.8,,5.3,,82.0,5.6,7.7,70.0,76.0,1004.6,,,,90.0
2023-06-28 21:00:00,5.7,6.1,,5.2,,81.0,6.6,9.3,78.0,74.0,1004.1,,,,90.0
2023-06-28 22:00:00,5.3,5.8,,5.1,,83.0,5.0,7.6,81.0,89.0,1003.3,,,,100.0
2023-06-28 23:00:00,5.7,6.4,,5.2,,77.0,3.9,7.6,134.0,123.0,1003.4,,,,100.0
2023-06-29 00:00:00,5.6,6.8,,4.2,,78.0,3.2,5.3,259.0,229.0,1003.2,,,,90.0
2023-06-29 01:00:00,4.3,4.6,,4.0,,89.0,2.7,3.7,241.0,261.0,1002.8,,,,90.0
2023-06-29 02:00:00,4.9,5.2,,4.5,,87.0,1.3,2.4,226.0,243.0,1002.4,,,,100.0
2023-06-29 03:00:00,5.0,5.3,,4.7,,88.0,0.7,2.0,96.0,122.0,1002.0,,,,90.0
2023-06-29 04:00:00,5.1,5.3,,4.8,,88.0,1.5,3.6,115.0,95.0,1002.1,,,,100.0
2023-06-29 05:00:00,4.7,5.1,,4.0,,91.0,3.8,7.5,263.0,242.0,1001.9,,,,90.0
2023-06-29 06:00:00,4.3,4.6,6.8,4.2,4.0,91.0,2.2,3.7,247.0,253.0,1001.9,,,,100.0
2023-06-29 07:00:00,4.6,4.7,,4.4,,88.0,3.8,5.4,233.0,234.0,1001.9,,,,100.0
2023-06-29 08:00:00,4.2,4.4,,4.0,,89.0,3.9,6.1,242.0,234.0,1002.2,,,,100.0
2023-06-29 09:00:00,3.7,4.1,,3.3,,91.0,3.5,5.4,243.0,238.0,1002.4,,,,100.0
2023-06-29 10:00:00,3.1,3.3,,2.7,,94.0,3.7,5.0,266.0,250.0,1002.8,,,,100.0
2023-06-29 11:00:00,2.5,2.7,,2.2,,96.0,3.3,4.8,260.0,264.0,1003.2,,,,100.0
2023-06-29 12:00:00,2.3,2.5,,2.0,,96.0,2.3,3.2,317.0,294.0,1003.2,,,,
2023-06-29 13:00:00,2.2,2.6,,2.0,,96.0,0.6,1.9,0.0,323.0,1003.3,,,,100.0
2023-06-29 14:00:00,2.5,2.9,,2.3,,96.0,1.1,2.2,48.0,31.0,1003.3,,,,100.0
2023-06-29 15:00:00,2.9,3.3,,2.6,,94.0,1.5,2.1,28.0,28.0,1003.2,,,,100.0
2023-06-29 16:00:00,3.4,3.9,,2.9,,92.0,1.8,4.2,41.0,42.0,1003.5,,,,90.0
2023-06-29 17:00:00,3.4,3.7,,3.2,,92.0,2.0,2.8,49.0,42.0,1003.7,,,,100.0
2023-06-29 18:00:00,3.7,4.2,4.7,3.4,1.9,90.0,1.7,3.2,42.0,37.0,1003.9,,,,90.0
2023-06-29 19:00:00,4.2,4.7,,3.8,,89.0,2.0,3.0,45.0,38.0,1004.4,,,,90.0
2023-06-29 20:00:00,4.4,4.9,,4.0,,87.0,2.3,3.3,63.0,51.0,1004.8,,,,90.0
2023-06-29 21:00:00,5.4,5.8,,4.8,,83.0,2.6,3.7,58.0,67.0,1005.1,,,,90.0
2023-06-29 22:00:00,5.6,6.2,,5.3,,81.0,3.0,4.0,82.0,68.0,1005.6,,,,
2023-06-29 23:00:00,5.6,6.8,,4.3,,80.0,1.6,3.9,30.0,41.0,1006.3,,,,
2023-06-30 00:00:00,5.1,5.8,,4.0,,81.0,1.5,3.1,288.0,299.0,1006.8,,,,
2023-06-30 01:00:00,4.3,5.1,,3.4,,85.0,2.7,5.4,262.0,260.0,1007.5,,,,
2023-06-30 02:00:00,2.9,3.6,,2.4,,91.0,4.5,5.9,266.0,264.0,1008.2,,,,
2023-06-30 03:00:00,3.0,3.2,,2.7,,89.0,4.3,6.2,229.0,232.0,1009.1,,,,60.0
2023-06-30 04:00:00,3.3,3.4,,3.2,,88.0,4.0,6.1,216.0,222.0,1009.5,,,,90.0
2023-06-30 05:00:00,3.5,3.7,,3.4,,88.0,3.8,6.0,212.0,214.0,1010.1,,,,90.0
2023-06-30 06:00:00,3.7,3.7,6.8,3.6,2.4,86.0,4.6,7.0,208.0,216.0,1010.9,,,,100.0
2023-06-30 07:00:00,3.9,3.9,,3.7,,85.0,4.1,6.7,208.0,210.0,1011.3,,,,90.0
2023-06-30 08:00:00,3.9,4.0,,3.8,,87.0,3.6,6.7,204.0,201.0,1011.9,,,,90.0
2023-06-30 09:00:00,3.9,4.1,,3.2,,85.0,3.8,6.3,259.0,224.0,1012.7,,,,100.0
2023-06-30 10:00:00,3.4,3.6,,3.3,,88.0,3.7,5.6,227.0,233.0,1013.5,,,,100.0
2023-06-30 11:00:00,3.3,3.5,,3.1,,83.0,2.9,4.3,231.0,230.0,1013.9,,,,90.0
2023-06-30 12:00:00,3.6,3.9,,3.2,,80.0,2.8,4.5,211.0,217.0,1014.4,,,,100.0
2023-06-30 13:00:00,3.3,3.7,,2.9,,82.0,1.9,3.7,191.0,193.0,1014.8,,,,100.0
2023-06-30 14:00:00,3.9,4.2,,3.6,,80.0,2.9,5.1,278.0,254.0,1015.1,,,,90.0
2023-06-30 15:00:00,3.8,4.2,,3.2,,81.0,2.8,4.4,318.0,302.0,1015.2,,,,90.0
2023-06-30 16:00:00,3.6,4.0,,3.2,,82.0,2.6,3.7,298.0,300.0,1015.4,,,,90.0
2023-06-30 17:00:00,3.5,3.8,,3.3,,82.0,1.8,2.7,17.0,354.0,1015.5,,,,90.0
2023-06-30 18:00:00,3.3,3.6,4.2,3.1,2.9,84.0,2.4,3.0,33.0,33.0,1015.7,,,,90.0
2023-06-30 19:00:00,3.4,3.8,,3.1,,82.0,2.0,2.7,29.0,32.0,1015.9,,,,60.0
2023-06-30 20:00:00,3.7,4.1,,3.5,,80.0,2.3,2.9,33.0,30.0,1016.1,,,,10.0
2023-06-30 21:00:00,4.1,4.7,,3.5,,78.0,2.6,3.4,35.0,35.0,1016.4,,,,
2023-06-30 22:00:00,4.3,4.6,,4.0,,75.0,2.4,3.5,55.0,46.0,1016.5,,,,
2023-06-30 23:00:00,4.8,5.1,,4.4,,69.0,2.8,3.8,55.0,60.0,1016.7,,,,
2023-07-01 00:00:00,4.4,4.8,,4.2,,73.0,2.5,3.4,57.0,58.0,1017.0,,,,
2023-07-01 01:00:00,4.1,4.6,,3.9,,78.0,2.3,3.4,62.0,60.0,1017.2,,,,
2023-07-01 02:00:00,3.8,3.9,,3.7,,82.0,2.2,3.1,66.0,65.0,1017.5,,,,
2023-07-01 03:00:00,3.6,3.7,,3.6,,82.0,1.4,2.4,50.0,60.0,1017.8,,,,90.0
2023-07-01 04:00:00,3.4,3.7,,3.3,,86.0,0.4,1.4,275.0,302.0,1018.1,,,,100.0
2023-07-01 05:00:00,3.8,4.1,,3.5,,82.0,0.3,1.0,273.0,256.0,1018.2,,,,100.0
2023-07-01 06:00:00,4.1,4.5,5.1,3.2,3.1,76.0,1.0,4.1,269.0,267.0,1018.5,,,,100.0
2023-07-01 07:00:00,3.2,3.3,,3.1,,86.0,3.1,4.2,269.0,259.0,1018.7,,,,100.0
2023-07-01 08:00:00,3.2,3.3,,3.0,,89.0,3.4,4.5,266.0,267.0,1018.9,,,,100.0
2023-07-01 09:00:00,3.3,3.4,,3.1,,90.0,3.7,4.8,264.0,266.0,1019.0,,,,100.0
2023-07-01 10:00:00,3.5,3.7,,3.3,,89.0,3.2,4.5,276.0,274.0,1019.1,,,,100.0
2023-07-01 11:00:00,3.9,4.3,,3.5,,86.0,2.6,3.5,306.0,292.0,1019.0,,,,100.0
2023-07-01 12:00:00,4.4,4.6,,4.2,,81.0,2.6,3.8,297.0,296.0,1018.9,,,,90.0
2023-07-01 13:00:00,4.7,4.9,,4.3,,79.0,2.6,3.5,280.0,286.0,1018.8,,,,100.0
2023-07-01 14:00:00,4.8,5.1,,4.6,,78.0,2.6,3.4,283.0,285.0,1018.5,,,,100.0
2023-07-01 15:00:00,5.1,5.4,,4.6,,75.0,2.7,4.1,287.0,286.0,1018.2,,,,90.0
2023-07-01 16:00:00,5.2,5.6,,5.0,,74.0,3.1,4.5,286.0,290.0,1018.2,,,,90.0
2023-07-01 17:00:00,5.2,5.6,,4.8,,77.0,3.6,4.7,284.0,287.0,1017.9,,,,10.0
2023-07-01 18:00:00,5.1,5.6,5.6,4.8,3.0,79.0,4.5,5.6,274.0,273.0,1017.9,,,,
2023-07-01 19:00:00,5.2,5.4,,4.9,,77.0,4.4,5.5,265.0,270.0,1018.1,,,,
2023-07-01 20:00:00,4.9,5.3,,4.6,,76.0,4.0,5.4,273.0,268.0,1018.4,,,,
2023-07-01 21:00:00,4.8,5.2,,4.4,,77.0,3.7,4.8,271.0,271.0,1018.7,,,,
2023-07-01 22:00:00,4.7,5.0,,4.4,,80.0,2.9,3.9,273.0,275.0,1018.9,,,,
2023-07-01 23:00:00,4.7,5.1,,4.4,,81.0,2.2,3.1,278.0,284.0,1019.0,,,,
2023-07-02 00:00:00,4.7,5.1,,4.4,,82.0,2.5,3.3,270.0,271.0,1019.3,,,,
2023-07-02 01:00:00,4.4,4.7,,4.1,,85.0,2.1,3.0,285.0,274.0,1019.8,,,,
2023-07-02 02:00:00,4.1,4.4,,3.6,,86.0,1.2,2.4,23.0,356.0,1020.2,,,,
2023-07-02 03:00:00,3.6,3.7,,3.3,,90.0,1.2,2.4,14.0,4.0,1020.2,,,,
2023-07-02 04:00:00,3.7,3.7,,3.6,,92.0,0.9,1.8,32.0,30.0,1020.1,,,,
2023-07-02 05:00:00,3.9,4.1,,3.7,,92.0,0.9,2.0,58.0,19.0,1020.3,,,,
2023-07-02 06:00:00,4.4,5.1,5.5,4.1,3.3,89.0,0.5,1.4,0.0,33.0,1020.4,,,,
2023-07-02 07:00:00,4.7,4.9,,4.6,,87.0,1.2,2.7,50.0,56.0,1020.2,,,,
2023-07-02 08:00:00,4.8,5.0,,4.6,,85.0,2.1,3.9,62.0,51.0,1020.2,,,,
2023-07-02 09:00:00,5.0,5.1,,4.9,,85.0,4.1,6.1,66.0,64.0,1019.9,,,,
2023-07-02 10:00:00,5.1,5.6,,4.9,,85.0,5.3,6.7,71.0,68.0,1020.0,,,,
2023-07-02 11:00:00,5.4,5.8,,5.2,,84.0,4.2,5.6,66.0,64.0,1020.1,,,,
2023-07-02 12:00:00,5.6,6.2,,5.3,,83.0,5.1,6.3,64.0,66.0,1020.2,,,,
2023-07-02 13:00:00,6.7,7.3,,6.2,,77.0,4.9,6.9,60.0,61.0,1020.2,,,,
2023-07-02 14:00:00,6.4,7.0,,6.0,,76.0,5.9,7.7,67.0,63.0,1020.2,,,,
2023-07-02 15:00:00,6.6,7.8,,5.9,,75.0,5.8,7.7,68.0,67.0,1020.1,,,,
2023-07-02 16:00:00,7.6,8.1,,7.0,,70.0,5.7,7.3,78.0,74.0,1019.9,,,,
2023-07-02 17:00:00,8.1,8.9,,7.6,,68.0,6.4,8.4,67.0,68.0,1019.8,,,,
2023-07-02 18:00:00,8.1,8.9,9.0,7.1,4.6,69.0,6.3,8.4,75.0,70.0,1019.5,,,,
2023-07-02 19:00:00,8.2,8.8,,7.6,,67.0,5.5,8.1,79.0,77.0,1019.6,,,,
2023-07-02 20:00:00,8.0,8.6,,7.3,,68.0,5.1,7.0,80.0,78.0,1019.2,,,,
2023-07-02 21:00:00,8.3,8.8,,7.7,,67.0,6.0,8.2,71.0,72.0,1018.6,,,,
2023-07-02 22:00:00,9.6,10.8,,8.4,,61.0,4.7,7.1,73.0,73.0,1018.6,,,,
2023-07-02 23:00:00,10.0,10.9,,9.1,,56.0,4.0,5.9,78.0,73.0,1018.2,,,,
2023-07-03 00:00:00,8.8,11.1,,7.9,,61.0,4.2,6.0,81.0,73.0,1018.1,,,,
2023-07-03 01:00:00,8.3,9.1,,7.3,,64.0,3.5,5.4,91.0,83.0,1018.1,,,,
2023-07-03 02:00:00,8.6,9.0,,8.2,,62.0,4.0,5.8,89.0,93.0,1018.0,,,,10.0
2023-07-03 03:00:00,8.2,8.4,,7.9,,64.0,3.9,5.4,112.0,99.0,1018.0,,,,
2023-07-03 04:00:00,9.8,10.7,,8.4,,51.0,3.2,5.1,145.0,134.0,1018.1,,,,
2023-07-03 05:00:00,9.8,10.5,,9.4,,46.0,2.5,3.9,189.0,167.0,1018.5,,,,
2023-07-03 06:00:00,9.3,10.2,11.1,8.9,7.3,51.0,3.1,5.0,192.0,206.0,1018.8,,,,
2023-07-03 07:00:00,8.3,9.2,,6.9,,57.0,1.9,3.9,298.0,239.0,1019.0,,,,
2023-07-03 08:00:00,8.1,8.7,,7.5,,58.0,0.8,1.8,261.0,286.0,1018.4,,,,
2023-07-03 09:00:00,9.7,10.7,,8.7,,53.0,0.7,2.4,65.0,57.0,1017.8,,,,
2023-07-03 10:00:00,10.2,10.7,,9.9,,51.0,1.8,3.4,142.0,86.0,1017.5,,,,
2023-07-03 11:00:00,11.0,11.5,,10.5,,48.0,3.2,5.0,102.0,103.0,1017.2,,,,
2023-07-03 12:00:00,11.5,12.0,,9.9,,45.0,2.8,4.8,124.0,116.0,1017.4,,,,90.0
2023-07-03 13:00:00,,,,,,,2.0,2.8,86.0,,1017.6,,,,100.0
2023-07-03 14:00:00,,,,,,,2.6,3.9,99.0,87.0,1017.7,,,,100.0
2023-07-03 15:00:00,10.6,10.9,,10.1,,63.0,1.9,3.7,192.0,145.0,1018.1,,,,100.0
2023-07-03 16:00:00,8.1,10.6,,6.7,,79.0,0.5,1.7,73.0,33.0,1018.0,,,,90.0
2023-07-03 17:00:00,6.5,7.4,,5.9,,84.0,1.0,2.0,56.0,56.0,1017.9,,,,100.0
2023-07-03 18:00:00,5.8,6.2,10.9,5.2,5.2,89.0,0.9,2.3,37.0,48.0,1018.2,,,,100.0
2023-07-03 19:00:00,6.2,7.2,,5.2,,92.0,0.3,1.7,353.0,17.0,1018.4,,,,100.0
2023-07-03 20:00:00,6.7,7.1,,6.2,,91.0,0.6,1.7,30.0,28.0,1018.6,,,,90.0
2023-07-03 21:00:00,6.0,6.6,,5.7,,94.0,1.2,2.0,56.0,50.0,1018.7,,,,100.0
2023-07-03 22:00:00,5.4,5.9,,5.2,,95.0,1.1,1.9,24.0,36.0,1018.8,,,,100.0
2023-07-03 23:00:00,5.2,5.4,,5.1,,94.0,1.2,3.6,348.0,29.0,1019.2,,,,100.0
2023-07-04 00:00:00,5.2,6.1,,4.4,,95.0,4.0,7.6,271.0,266.0,1019.4,,,,90.0
2023-07-04 01:00:00,4.8,4.9,,4.4,,97.0,5.3,7.2,292.0,290.0,1019.7,,,,100.0
2023-07-04 02:00:00,4.8,4.9,,4.7,,95.0,2.4,4.4,278.0,277.0,1019.8,,,,100.0
2023-07-04 03:00:00,4.7,4.9,,4.3,,95.0,0.7,1.8,67.0,25.0,1019.6,,,,100.0
2023-07-04 04:00:00,4.6,4.9,,4.4,,95.0,1.9,2.8,106.0,85.0,1019.4,,,,100.0
2023-07-04 05:00:00,5.0,5.1,,4.7,,96.0,3.2,4.9,94.0,101.0,1019.2,,,,100.0
2023-07-04 06:00:00,5.0,5.2,7.2,4.8,4.3,96.0,4.1,6.2,84.0,87.0,1018.8,,,,100.0
2023-07-04 07:00:00,4.9,5.0,,4.8,,96.0,4.9,7.2,93.0,91.0,1018.6,,,,100.0
2023-07-04 08:00:00,5.0,5.1,,4.9,,96.0,4.0,5.6,91.0,94.0,1018.3,,,,100.0
2023-07-04 09:00:00,5.1,5.3,,4.8,,97.0,3.8,5.5,98.0,97.0,1018.2,,,,90.0
2023-07-04 10:00:00,5.4,5.6,,5.2,,96.0,4.2,5.8,98.0,99.0,1017.9,,,,100.0
2023-07-04 11:00:00,5.6,5.8,,5.3,,96.0,4.3,6.2,104.0,98.0,1017.7,,,,90.0
2023-07-04 12:00:00,5.9,6.2,,5.6,,96.0,4.6,8.1,85.0,98.0,1016.9,,,,90.0
2023-07-04 13:00:00,6.1,6.6,,5.9,,96.0,5.9,8.5,91.0,89.0,1016.9,,,,90.0
2023-07-04 14:00:00,6.8,7.3,,6.4,,94.0,3.2,5.5,104.0,91.0,1017.4,,,,90.0
2023-07-04 15:00:00,6.0,7.7,,4.9,,95.0,4.4,8.5,261.0,246.0,1018.1,,,,90.0
2023-07-04 16:00:00,5.4,6.4,,4.7,,96.0,4.4,8.2,229.0,252.0,1018.0,,,,100.0
2023-07-04 17:00:00,6.6,7.1,,6.2,,91.0,4.8,7.3,221.0,217.0,1018.2,,,,90.0
2023-07-04 18:00:00,7.2,7.3,7.7,6.9,4.7,90.0,3.8,5.9,215.0,212.0,1018.7,,,,100.0
2023-07-04 19:00:00,7.8,8.6,,6.7,,84.0,3.9,6.7,229.0,230.0,1019.0,,,,100.0
2023-07-04 20:00:00,7.5,8.4,,6.6,,82.0,3.7,6.9,275.0,260.0,1019.4,,,,75.0
2023-07-04 21:00:00,6.8,7.2,,6.1,,84.0,3.1,4.4,271.0,270.0,1019.8,,,,100.0
2023-07-04 22:00:00,6.2,7.0,,5.7,,89.0,2.8,6.0,94.0,71.0,1020.3,,,,100.0
2023-07-04 23:00:00,6.0,6.3,,5.8,,95.0,3.8,5.4,91.0,92.0,1020.1,,,,100.0
2023-07-05 00:00:00,5.8,6.2,,5.3,,95.0,3.8,5.5,82.0,88.0,1019.7,,,,90.0
2023-07-05 01:00:00,5.8,6.0,,5.3,,95.0,5.1,7.6,89.0,92.0,1019.7,,,,90.0
2023-07-05 02:00:00,5.8,5.9,,5.6,,93.0,5.0,7.3,89.0,93.0,1019.7,,,,100.0
2023-07-05 03:00:00,5.5,5.6,,5.2,,92.0,4.4,6.7,78.0,87.0,1019.8,,,,90.0
2023-07-05 04:00:00,5.3,5.5,,5.0,,92.0,4.1,6.9,90.0,89.0,1019.0,,,,90.0
2023-07-05 05:00:00,5.4,5.6,,5.3,,92.0,2.8,5.0,79.0,83.0,1019.2,,,,100.0
2023-07-05 06:00:00,5.6,5.7,8.6,5.5,5.0,94.0,2.2,3.3,82.0,87.0,1018.6,,,,90.0
2023-07-05 07:00:00,4.8,5.5,,4.2,,95.0,1.1,3.1,86.0,60.0,1017.7,,,,90.0
2023-07-05 08:00:00,4.8,5.4,,4.3,,95.0,1.6,2.4,71.0,62.0,1017.1,,,,90.0
2023-07-05 09:00:00,4.6,5.1,,4.3,,96.0,1.2,2.4,200.0,63.0,1016.5,,,,90.0
2023-07-05 10:00:00,4.5,5.4,,3.9,,96.0,0.7,1.8,61.0,58.0,1015.7,,,,100.0
2023-07-05 11:00:00,4.8,5.1,,4.4,,96.0,1.5,2.7,49.0,57.0,1015.0,,,,100.0
2023-07-05 12:00:00,4.7,5.2,,4.3,,96.0,2.0,4.5,86.0,65.0,1014.2,,,,100.0
2023-07-05 13:00:00,5.2,5.8,,4.9,,96.0,3.8,5.6,104.0,96.0,1014.3,,,,100.0
2023-07-05 14:00:00,5.4,5.9,,5.1,,96.0,3.9,5.6,86.0,86.0,1013.9,,,,100.0
2023-07-05 15:00:00,5.7,6.2,,5.2,,96.0,3.2,5.2,93.0,92.0,1013.8,,,,100.0
2023-07-05 16:00:00,5.3,5.6,,5.1,,97.0,4.6,6.3,77.0,83.0,1013.7,,,,90.0
2023-07-05 17:00:00,5.9,6.3,,5.2,,97.0,3.6,5.6,99.0,97.0,1014.2,,,,100.0
2023-07-05 18:00:00,6.6,6.9,7.0,6.1,3.9,97.0,3.6,5.2,94.0,99.0,1013.9,,,,100.0
2023-07-05 19:00:00,7.5,8.1,,6.8,,97.0,3.4,5.0,104.0,99.0,1014.0,,,,90.0
2023-07-05 20:00:00,8.7,9.0,,8.2,,96.0,2.8,5.2,122.0,121.0,1014.5,,,,90.0
2023-07-05 21:00:00,7.4,9.0,,5.2,,95.0,2.6,5.8,301.0,42.0,1015.4,,,,100.0
2023-07-05 22:00:00,6.1,6.6,,5.1,,95.0,4.8,9.0,224.0,244.0,1015.4,,,,100.0
2023-07-05 23:00:00,6.5,6.7,,6.3,,90.0,7.4,10.7,222.0,227.0,1015.7,,,,100.0
2023-07-06 00:00:00,6.2,6.4,,6.1,,92.0,8.1,11.6,217.0,216.0,1016.1,,,,100.0
2023-07-06 01:00:00,6.0,6.2,,5.7,,92.0,6.8,10.9,207.0,210.0,1016.3,,,,100.0
2023-07-06 02:00:00,5.6,5.7,,5.5,,94.0,5.3,7.7,210.0,207.0,1016.9,,,,100.0
2023-07-06 03:00:00,5.4,5.6,,5.3,,94.0,6.3,8.6,208.0,210.0,1017.0,,,,100.0
2023-07-06 04:00:00,5.3,5.4,,5.3,,94.0,5.6,8.2,207.0,212.0,1017.3,,,,90.0
2023-07-06 05:00:00,5.2,5.3,,5.1,,95.0,5.2,7.9,206.0,202.0,1017.5,,,,100.0
2023-07-06 06:00:00,5.4,5.6,9.0,5.3,5.1,94.0,5.4,8.2,209.0,205.0,1017.5,,,,100.0
2023-07-06 07:00:00,5.5,5.6,,5.5,,95.0,4.8,7.4,211.0,211.0,1017.8,,,,100.0
2023-07-06 08:00:00,5.5,5.5,,5.4,,95.0,3.2,5.1,229.0,216.0,1018.4,,,,100.0
2023-07-06 09:00:00,5.4,5.6,,5.3,,96.0,1.3,2.8,72.0,148.0,1018.6,,,,100.0
2023-07-06 10:00:00,4.7,5.2,,4.6,,97.0,3.8,6.2,86.0,85.0,1018.1,,,,
2023-07-06 11:00:00,4.6,4.8,,4.3,,97.0,4.7,6.3,70.0,78.0,1018.5,,,,
2023-07-06 12:00:00,4.6,4.9,,4.4,,97.0,5.5,7.0,76.0,78.0,1018.1,,,,100.0
2023-07-06 13:00:00,4.9,5.1,,4.7,,98.0,5.0,6.8,82.0,79.0,1017.5,,,,100.0
2023-07-06 14:00:00,5.4,5.6,,5.1,,98.0,5.0,7.2,88.0,87.0,1017.5,,,,100.0
2023-07-06 15:00:00,5.8,6.2,,5.5,,95.0,4.2,5.8,70.0,83.0,1016.6,,,,100.0
2023-07-06 16:00:00,5.6,6.1,,5.3,,93.0,4.1,6.6,81.0,75.0,1015.6,,,,100.0
2023-07-06 17:00:00,5.5,5.7,,5.3,,94.0,5.0,7.0,86.0,85.0,1015.6,,,,100.0
2023-07-06 18:00:00,5.4,5.6,6.2,5.1,4.3,95.0,4.2,6.0,79.0,78.0,1014.8,,,,100.0
2023-07-06 19:00:00,5.2,5.6,,4.9,,96.0,3.8,5.4,85.0,82.0,1014.6,,,,100.0
2023-07-06 20:00:00,5.5,5.8,,5.3,,96.0,3.8,6.3,80.0,82.0,1014.1,,,,90.0
2023-07-06 21:00:00,5.4,5.5,,5.2,,96.0,4.9,6.8,80.0,84.0,1013.3,,,,90.0
2023-07-06 22:00:00,5.7,7.1,,4.8,,97.0,3.8,6.2,100.0,96.0,1013.3,,,,100.0
2023-07-06 23:00:00,8.1,8.9,,6.9,,97.0,3.6,5.4,104.0,110.0,1012.9,,,,100.0
2023-07-07 00:00:00,8.2,8.7,,7.7,,96.0,3.9,5.3,122.0,111.0,1012.8,,,,90.0
2023-07-07 01:00:00,8.8,9.1,,8.5,,95.0,4.0,6.6,113.0,113.0,1012.1,,,,90.0
2023-07-07 02:00:00,8.8,9.1,,7.3,,94.0,3.4,4.5,102.0,109.0,1011.9,,,,100.0
2023-07-07 03:00:00,7.4,8.0,,6.8,,96.0,3.0,5.7,95.0,89.0,1011.6,,,,90.0
2023-07-07 04:00:00,7.2,7.6,,6.4,,96.0,5.2,6.6,85.0,91.0,1010.9,,,,100.0
2023-07-07 05:00:00,6.2,6.6,,5.8,,96.0,5.3,7.1,102.0,96.0,1011.1,,,,90.0
2023-07-07 06:00:00,5.7,6.4,9.1,4.8,4.8,96.0,1.5,5.3,170.0,169.0,1011.3,,,,100.0
2023-07-07 07:00:00,5.9,7.0,,5.1,,96.0,0.4,1.5,191.0,228.0,1011.7,,,,90.0
2023-07-07 08:00:00,5.6,7.0,,4.9,,96.0,1.1,4.6,33.0,301.0,1011.7,,,,100.0
2023-07-07 09:00:00,5.0,5.7,,4.1,,97.0,2.0,3.8,11.0,31.0,1012.2,,,,90.0
2023-07-07 10:00:00,4.3,4.6,,4.1,,97.0,2.0,4.2,336.0,343.0,1012.9,,,,
2023-07-07 11:00:00,4.8,5.4,,4.4,,97.0,3.9,8.5,270.0,283.0,1013.9,,,,100.0
2023-07-07 12:00:00,5.6,5.8,,5.1,,92.0,3.9,5.8,212.0,226.0,1014.3,,,,100.0
2023-07-07 13:00:00,5.5,5.6,,5.4,,89.0,4.2,6.8,186.0,202.0,1014.2,,,,100.0
2023-07-07 14:00:00,5.6,5.8,,5.5,,92.0,3.9,5.7,177.0,186.0,1014.0,,,,100.0
2023-07-07 15:00:00,5.6,5.9,,5.0,,94.0,2.4,4.1,254.0,198.0,1014.7,,,,100.0
2023-07-07 16:00:00,5.1,5.7,,4.6,,95.0,2.6,3.9,220.0,250.0,1015.1,,,,100.0
2023-07-07 17:00:00,5.3,5.8,,4.6,,95.0,3.3,5.0,241.0,247.0,1015.8,,,,100.0
2023-07-07 18:00:00,5.2,6.0,7.0,3.9,3.9,96.0,1.8,3.7,360.0,250.0,1016.6,,,,100.0
2023-07-07 19:00:00,5.8,6.1,,4.4,,96.0,2.3,4.0,176.0,178.0,1017.7,,,,100.0
2023-07-07 20:00:00,6.4,6.7,,6.0,,95.0,4.4,11.6,206.0,196.0,1018.4,,,,100.0
2023-07-07 21:00:00,6.6,6.7,,6.5,,89.0,8.6,12.9,207.0,205.0,1019.2,,,,90.0
2023-07-07 22:00:00,6.5,6.6,,6.3,,87.0,7.6,12.5,203.0,204.0,1019.8,,,,90.0
2023-07-07 23:00:00,6.3,6.5,,6.2,,88.0,6.9,10.5,202.0,201.0,1020.6,,,,90.0
2023-07-08 00:00:00,6.1,6.3,,5.9,,89.0,5.4,9.1,224.0,211.0,1021.6,,,,100.0
2023-07-08 01:00:00,5.1,5.9,,4.7,,92.0,4.8,7.0,231.0,236.0,1022.1,,,,100.0
2023-07-08 02:00:00,4.4,4.7,,4.2,,94.0,4.6,6.9,191.0,215.0,1022.3,,,,100.0
2023-07-08 03:00:00,4.4,4.5,,4.2,,96.0,4.5,7.3,188.0,198.0,1022.7,,,,100.0
2023-07-08 04:00:00,4.5,4.6,,4.3,,96.0,3.3,5.8,227.0,221.0,1023.1,,,,100.0
2023-07-08 05:00:00,4.7,4.8,,4.4,,96.0,2.2,4.6,145.0,186.0,1023.3,,,,100.0
2023-07-08 06:00:00,5.0,5.2,6.7,4.8,4.2,96.0,1.6,3.1,178.0,196.0,1023.6,,,,100.0
2023-07-08 07:00:00,4.4,5.0,,3.8,,96.0,0.9,2.5,71.0,52.0,1023.7,,,,
2023-07-08 08:00:00,4.7,4.9,,4.4,,97.0,1.7,2.9,66.0,72.0,1023.8,,,,100.0
2023-07-08 09:00:00,4.7,4.8,,4.4,,97.0,2.7,3.8,79.0,78.0,1023.8,,,,
2023-07-08 10:00:00,4.5,4.8,,4.3,,97.0,3.2,4.2,72.0,78.0,1023.8,,,,100.0
2023-07-08 11:00:00,4.6,5.1,,4.3,,98.0,3.3,5.1,87.0,80.0,1023.3,,,,90.0
2023-07-08 12:00:00,5.5,5.9,,5.1,,97.0,3.9,5.1,70.0,78.0,1023.2,,,,90.0
2023-07-08 13:00:00,4.9,5.8,,4.3,,96.0,2.6,4.4,48.0,50.0,1022.9,,,,
2023-07-08 14:00:00,4.6,4.9,,4.0,,96.0,3.0,4.3,56.0,52.0,1022.5,,,,100.0
2023-07-08 15:00:00,5.6,6.3,,4.8,,93.0,3.8,4.6,57.0,61.0,1021.9,,,,
2023-07-08 16:00:00,6.6,7.3,,6.0,,88.0,4.0,5.0,65.0,62.0,1021.4,,,,
2023-07-08 17:00:00,7.3,7.7,,7.0,,86.0,3.4,4.5,53.0,57.0,1020.9,,,,60.0
2023-07-08 18:00:00,7.0,7.6,7.7,5.8,3.8,85.0,3.0,6.1,33.0,54.0,1020.8,,,,50.0
2023-07-08 19:00:00,5.7,6.1,,5.4,,90.0,1.8,2.8,42.0,34.0,1020.7,,,,90.0
2023-07-08 20:00:00,5.5,5.8,,5.2,,94.0,1.4,2.1,39.0,32.0,1020.6,,,,100.0
2023-07-08 21:00:00,5.5,5.7,,5.3,,94.0,1.8,2.7,34.0,32.0,1020.1,,,,100.0
2023-07-08 22:00:00,5.8,6.1,,5.5,,93.0,1.5,2.6,16.0,14.0,1020.1,,,,90.0
2023-07-08 23:00:00,5.6,5.8,,5.4,,92.0,2.4,3.6,38.0,35.0,1019.5,,,,90.0
2023-07-09 00:00:00,5.9,6.1,,5.7,,91.0,1.8,2.8,63.0,52.0,1019.3,,,,40.0
2023-07-09 01:00:00,5.8,6.1,,5.6,,91.0,0.5,1.6,45.0,54.0,1019.2,,,,90.0
2023-07-09 02:00:00,5.5,5.8,,5.3,,92.0,0.8,1.9,335.0,317.0,1019.2,,,,100.0
2023-07-09 03:00:00,5.7,5.8,,5.6,,91.0,1.1,2.3,257.0,15.0,1019.5,,,,90.0
2023-07-09 04:00:00,6.0,6.3,,5.8,,90.0,0.5,1.5,129.0,43.0,1019.6,,,,90.0
2023-07-09 05:00:00,6.3,6.6,,6.0,,89.0,1.0,2.6,60.0,87.0,1019.5,,,,90.0
2023-07-09 06:00:00,6.2,6.5,6.6,6.0,5.2,90.0,1.5,2.9,110.0,106.0,1019.9,,,,100.0
2023-07-09 07:00:00,6.4,6.8,,6.1,,90.0,1.1,3.8,105.0,98.0,1019.7,,,,90.0
2023-07-09 08:00:00,6.7,7.2,,5.9,,89.0,1.9,4.0,288.0,200.0,1020.5,,,,75.0
2023-07-09 09:00:00,6.1,7.3,,4.9,,90.0,0.7,1.8,19.0,7.0,1020.7,,,,
2023-07-09 10:00:00,7.9,10.0,,6.2,,85.0,1.4,4.0,315.0,270.0,1021.0,,,,75.0
2023-07-09 11:00:00,8.4,9.3,,7.4,,84.0,0.8,2.0,43.0,12.0,1021.2,,,,50.0
2023-07-09 12:00:00,7.7,8.5,,7.4,,86.0,2.0,3.2,57.0,48.0,1021.2,,,,90.0
2023-07-09 13:00:00,7.7,8.4,,6.6,,85.0,2.5,4.0,79.0,69.0,1021.4,,,,90.0
2023-07-09 14:00:00,8.7,9.3,,8.2,,83.0,2.8,3.8,75.0,69.0,1021.8,,,,90.0
2023-07-09 15:00:00,8.1,9.4,,6.8,,84.0,2.2,3.1,68.0,70.0,1021.9,,,,100.0
2023-07-09 16:00:00,7.5,8.7,,6.7,,86.0,2.7,4.3,75.0,65.0,1021.7,,,,100.0
2023-07-09 17:00:00,8.3,9.9,,6.6,,80.0,2.4,3.5,52.0,58.0,1021.9,,,,90.0
2023-07-09 18:00:00,7.7,8.7,10.1,6.8,4.9,80.0,1.7,3.2,53.0,54.0,1021.9,,,,100.0
2023-07-09 19:00:00,7.6,8.5,,7.1,,81.0,1.3,2.2,44.0,39.0,1022.2,,,,100.0
2023-07-09 20:00:00,7.7,8.9,,6.7,,82.0,1.5,2.5,57.0,57.0,1022.3,,,,100.0
2023-07-09 21:00:00,8.6,10.6,,6.8,,81.0,1.5,3.2,266.0,259.0,1022.7,,,,100.0
2023-07-09 22:00:00,8.4,9.2,,7.7,,87.0,1.8,3.0,256.0,268.0,1022.7,,,,100.0
2023-07-09 23:00:00,9.9,10.9,,8.9,,85.0,1.3,3.0,86.0,82.0,1022.8,,,,100.0
2023-07-10 00:00:00,9.1,11.1,,6.9,,84.0,1.2,3.7,246.0,233.0,1023.4,,,,100.0
2023-07-10 01:00:00,9.6,10.7,,8.4,,85.0,2.0,3.5,114.0,108.0,1023.3,,,,100.0
2023-07-10 02:00:00,8.2,10.8,,6.5,,88.0,2.1,5.5,269.0,273.0,1024.0,,,,100.0
2023-07-10 03:00:00,6.9,8.3,,6.1,,93.0,2.3,4.0,266.0,268.0,1023.9,,,,100.0
2023-07-10 04:00:00,5.8,6.2,,5.1,,95.0,2.7,5.4,264.0,259.0,1024.0,,,,90.0
2023-07-10 05:00:00,5.0,5.2,,4.8,,95.0,3.6,5.6,264.0,261.0,1024.3,,,,100.0
2023-07-10 06:00:00,4.9,5.1,11.1,4.7,4.7,94.0,3.6,4.8,264.0,261.0,1024.2,,,,90.0
2023-07-10 07:00:00,4.9,5.8,,4.4,,93.0,1.7,3.0,273.0,256.0,1024.4,,,,100.0
2023-07-10 08:00:00,4.7,4.9,,4.3,,93.0,2.1,3.1,262.0,270.0,1024.7,,,,100.0
2023-07-10 09:00:00,4.9,5.1,,4.7,,92.0,1.2,2.8,333.0,293.0,1024.7,,,,90.0
2023-07-10 10:00:00,4.6,5.0,,4.3,,92.0,0.8,1.7,25.0,9.0,1024.7,,,,100.0
2023-07-10 11:00:00,4.6,4.9,,4.3,,92.0,1.1,2.3,27.0,36.0,1024.8,,,,100.0
2023-07-10 12:00:00,5.0,5.6,,4.4,,90.0,1.5,2.5,58.0,47.0,1024.7,,,,100.0
2023-07-10 13:00:00,5.1,5.6,,4.6,,89.0,1.8,2.7,30.0,44.0,1024.8,,,,90.0
2023-07-10 14:00:00,5.7,6.0,,5.3,,88.0,1.6,2.3,7.0,32.0,1024.6,,,,90.0
2023-07-10 15:00:00,5.9,6.4,,5.4,,87.0,1.8,5.0,32.0,12.0,1024.3,,,,75.0
2023-07-10 16:00:00,7.2,7.6,,6.5,,85.0,2.0,3.0,42.0,45.0,1024.1,,,,90.0
2023-07-10 17:00:00,7.1,7.9,,6.6,,86.0,2.0,2.7,24.0,28.0,1024.1,,,,40.0
2023-07-10 18:00:00,7.2,7.4,7.9,6.8,4.2,87.0,2.5,3.5,39.0,35.0,1023.7,,,,90.0
2023-07-10 19:00:00,7.0,7.4,,6.5,,88.0,2.1,3.7,11.0,24.0,1023.5,,,,
2023-07-10 20:00:00,6.6,6.9,,6.2,,89.0,2.1,4.0,32.0,26.0,1023.5,,,,10.0
2023-07-10 21:00:00,6.5,6.8,,6.4,,89.0,1.9,2.9,23.0,31.0,1023.3,,,,90.0
2023-07-10 22:00:00,6.6,7.0,,6.2,,90.0,1.7,2.9,42.0,48.0,1022.8,,,,90.0
2023-07-10 23:00:00,7.0,7.6,,6.6,,89.0,1.4,2.3,71.0,56.0,1022.4,,,,90.0
