ts,101,112,113,122,123,201,301,305,365,371,401,550,601,609,801
2023-04-08 00:00:00,1.8,2.5,,1.2,,77.0,7.9,17.3,32.0,40.0,984.9,0.0,0.3,,90.0
2023-04-08 01:00:00,2.8,3.3,,2.4,,68.0,7.9,17.1,28.0,30.0,983.7,0.0,0.0,,100.0
2023-04-08 02:00:00,1.9,2.8,,0.9,,80.0,7.3,16.6,28.0,25.0,982.9,0.0,0.4,,
2023-04-08 03:00:00,1.2,2.0,,0.5,,89.0,5.3,14.1,27.0,12.0,981.5,0.0,1.3,,
2023-04-08 04:00:00,1.7,2.4,,1.2,,85.0,6.1,14.7,57.0,47.0,981.7,0.0,2.6,,
2023-04-08 05:00:00,2.3,3.2,,1.3,,80.0,8.5,23.5,60.0,61.0,981.9,0.0,1.6,,
2023-04-08 06:00:00,2.6,3.4,3.4,2.0,0.2,78.0,10.1,21.1,71.0,64.0,982.5,0.0,1.4,15.8,100.0
2023-04-08 07:00:00,2.7,3.3,,1.6,,80.0,11.8,19.8,86.0,83.0,983.6,0.0,2.5,,
2023-04-08 08:00:00,3.0,3.9,,1.8,,79.0,11.8,22.8,81.0,84.0,983.6,4.0,1.3,,90.0
2023-04-08 09:00:00,3.7,4.1,,3.4,,75.0,12.3,19.8,82.0,84.0,985.3,33.0,0.3,,90.0
2023-04-08 10:00:00,3.6,4.0,,3.2,,73.0,12.6,20.4,76.0,82.0,986.9,113.0,0.0,,90.0
2023-04-08 11:00:00,3.5,3.8,,3.0,,72.0,11.3,20.3,87.0,83.0,988.1,199.0,0.3,,90.0
2023-04-08 12:00:00,2.7,3.7,,1.8,,79.0,10.5,17.2,87.0,84.0,989.6,206.0,0.5,,90.0
2023-04-08 13:00:00,3.1,3.6,,2.4,,77.0,11.6,19.9,83.0,84.0,990.7,160.0,1.2,,90.0
2023-04-08 14:00:00,3.5,3.9,,3.0,,73.0,10.7,19.5,86.0,87.0,992.1,181.0,0.3,,90.0
2023-04-08 15:00:00,3.6,3.9,,3.3,,73.0,10.8,18.7,85.0,85.0,992.9,238.0,0.6,,90.0
2023-04-08 16:00:00,2.9,3.7,,2.1,,78.0,10.1,17.0,88.0,86.0,993.8,219.0,1.0,,90.0
2023-04-08 17:00:00,2.8,3.4,,2.3,,79.0,10.8,17.7,88.0,87.0,994.6,276.0,0.2,,60.0
2023-04-08 18:00:00,2.6,3.2,4.1,1.8,1.6,81.0,8.5,17.0,90.0,91.0,995.4,146.0,0.8,,90.0
2023-04-08 19:00:00,2.9,3.4,,1.9,,78.0,6.4,13.0,91.0,86.0,995.9,117.0,0.6,,90.0
2023-04-08 20:00:00,3.3,3.8,,2.8,,76.0,6.8,13.3,88.0,83.0,996.2,80.0,0.2,,90.0
2023-04-08 21:00:00,3.6,4.4,,2.9,,75.0,5.1,12.1,71.0,72.0,996.1,37.0,0.1,,90.0
2023-04-08 22:00:00,3.9,4.3,,3.2,,71.0,4.5,11.1,46.0,54.0,995.6,9.0,0.0,,90.0
2023-04-08 23:00:00,3.0,3.4,,2.7,,80.0,3.8,9.5,34.0,42.0,995.5,0.0,0.6,,90.0
2023-04-09 00:00:00,3.4,3.8,,2.9,,78.0,4.8,11.0,71.0,67.0,995.9,0.0,0.7,,90.0
2023-04-09 01:00:00,4.0,4.5,,3.4,,75.0,6.6,15.5,74.0,76.0,995.8,0.0,0.5,,90.0
2023-04-09 02:00:00,3.8,4.2,,3.6,,75.0,4.6,14.8,50.0,57.0,995.3,0.0,0.0,,100.0
2023-04-09 03:00:00,3.6,4.3,,3.3,,76.0,4.4,10.1,38.0,51.0,994.6,0.0,0.2,,90.0
2023-04-09 04:00:00,3.3,3.7,,2.9,,79.0,4.6,10.1,41.0,45.0,994.6,0.0,1.4,,100.0
2023-04-09 05:00:00,3.6,4.1,,3.1,,78.0,4.6,10.5,59.0,51.0,994.2,0.0,0.7,,90.0
2023-04-09 06:00:00,4.1,4.7,4.7,3.5,1.9,76.0,6.0,13.9,54.0,60.0,994.2,0.0,0.8,14.8,90.0
2023-04-09 07:00:00,3.9,4.3,,3.5,,78.0,6.0,14.1,55.0,60.0,994.6,0.0,1.5,,90.0
2023-04-09 08:00:00,3.9,4.4,,3.5,,78.0,5.9,14.5,64.0,62.0,994.8,2.0,1.9,,90.0
2023-04-09 09:00:00,4.2,4.6,,3.7,,77.0,7.2,16.3,59.0,63.0,995.4,18.0,1.7,,90.0
2023-04-09 10:00:00,4.3,4.9,,4.0,,75.0,8.1,17.3,60.0,57.0,996.2,42.0,1.8,,90.0
2023-04-09 11:00:00,4.2,4.6,,3.7,,77.0,7.8,18.4,67.0,52.0,996.6,65.0,2.2,,90.0
2023-04-09 12:00:00,4.5,5.1,,4.1,,76.0,6.9,16.4,54.0,59.0,996.3,103.0,2.2,,90.0
2023-04-09 13:00:00,4.9,5.2,,4.5,,72.0,7.3,18.1,39.0,42.0,995.9,167.0,0.7,,90.0
2023-04-09 14:00:00,5.1,5.8,,4.6,,71.0,7.5,15.3,42.0,40.0,994.8,250.0,0.5,,90.0
2023-04-09 15:00:00,7.0,7.8,,5.6,,58.0,8.8,19.2,48.0,42.0,993.1,281.0,0.0,,90.0
2023-04-09 16:00:00,7.8,8.2,,7.1,,52.0,10.8,25.8,52.0,50.0,992.0,226.0,0.0,,90.0
2023-04-09 17:00:00,7.8,8.3,,7.4,,53.0,10.5,27.4,51.0,56.0,990.9,237.0,0.3,,90.0
2023-04-09 18:00:00,7.3,8.0,8.3,6.7,3.5,57.0,9.0,18.9,47.0,53.0,991.2,187.0,0.0,,90.0
2023-04-09 19:00:00,6.3,6.9,,5.8,,65.0,8.3,20.0,41.0,45.0,990.9,105.0,0.6,,90.0
2023-04-09 20:00:00,5.6,6.1,,5.0,,71.0,5.9,15.6,25.0,39.0,990.6,45.0,1.1,,90.0
2023-04-09 21:00:00,5.2,5.6,,4.7,,74.0,6.7,15.5,40.0,34.0,990.4,17.0,2.8,,90.0
2023-04-09 22:00:00,5.4,5.8,,5.0,,73.0,7.6,17.5,29.0,35.0,989.8,3.0,2.4,,90.0
2023-04-09 23:00:00,5.4,5.8,,5.0,,73.0,7.3,14.7,47.0,45.0,989.9,0.0,2.5,,90.0
2023-04-10 00:00:00,4.9,5.4,,4.5,,76.0,5.9,14.6,53.0,44.0,990.0,0.0,2.0,,90.0
2023-04-10 01:00:00,4.9,5.4,,4.4,,75.0,6.1,13.6,48.0,45.0,990.3,0.0,2.2,,90.0
2023-04-10 02:00:00,4.5,5.2,,4.0,,77.0,4.2,12.0,43.0,45.0,990.3,0.0,1.4,,90.0
2023-04-10 03:00:00,3.6,4.0,,3.3,,83.0,1.1,5.1,348.0,22.0,990.7,0.0,1.2,,90.0
2023-04-10 04:00:00,3.2,3.5,,2.9,,85.0,1.2,3.2,156.0,191.0,991.2,0.0,1.5,,90.0
2023-04-10 05:00:00,3.1,3.6,,2.6,,84.0,2.6,9.0,326.0,80.0,991.4,0.0,2.6,,
2023-04-10 06:00:00,2.0,2.6,6.9,1.5,1.5,89.0,1.4,3.1,195.0,228.0,991.9,0.0,2.9,36.0,
2023-04-10 07:00:00,2.3,2.7,,1.9,,86.0,1.6,6.2,172.0,195.0,992.8,0.0,2.0,,
2023-04-10 08:00:00,2.8,3.0,,2.5,,81.0,3.9,10.1,58.0,58.0,993.6,2.0,1.5,,
2023-04-10 09:00:00,2.9,3.2,,2.5,,78.0,5.3,11.8,54.0,48.0,994.2,15.0,0.6,,100.0
2023-04-10 10:00:00,2.9,3.2,,2.7,,76.0,5.3,12.2,29.0,45.0,995.1,38.0,0.3,,100.0
2023-04-10 11:00:00,3.1,3.5,,2.7,,74.0,3.7,9.6,57.0,24.0,995.6,98.0,0.0,,100.0
2023-04-10 12:00:00,3.2,3.3,,3.0,,76.0,3.2,9.7,46.0,40.0,996.3,127.0,0.0,,100.0
2023-04-10 13:00:00,3.7,4.3,,3.1,,72.0,2.0,8.3,52.0,33.0,996.9,288.0,0.1,,90.0
2023-04-10 14:00:00,4.5,4.8,,4.1,,67.0,4.5,12.0,39.0,51.0,997.2,641.0,0.0,,100.0
2023-04-10 15:00:00,4.5,4.7,,4.4,,64.0,3.9,9.4,37.0,30.0,997.6,350.0,0.0,,100.0
2023-04-10 16:00:00,4.5,4.7,,4.3,,65.0,2.7,8.5,352.0,19.0,997.8,244.0,0.0,,100.0
2023-04-10 17:00:00,4.1,4.4,,3.9,,68.0,2.4,6.0,327.0,339.0,998.4,221.0,0.0,,100.0
2023-04-10 18:00:00,4.1,4.7,4.8,3.8,1.9,67.0,3.2,6.9,335.0,327.0,998.6,250.0,0.0,,100.0
2023-04-10 19:00:00,4.6,5.0,,4.3,,64.0,2.2,4.7,9.0,351.0,999.1,330.0,0.0,,100.0
2023-04-10 20:00:00,4.0,4.4,,3.8,,67.0,0.9,3.4,144.0,315.0,999.6,92.0,0.0,,100.0
2023-04-10 21:00:00,3.9,4.2,,3.7,,65.0,1.2,3.2,306.0,313.0,1000.0,37.0,0.0,,100.0
2023-04-10 22:00:00,3.2,4.3,,2.1,,70.0,2.5,4.8,157.0,160.0,1000.4,8.0,0.0,,100.0
2023-04-10 23:00:00,2.6,3.4,,2.0,,73.0,2.0,4.3,153.0,169.0,1000.6,0.0,0.0,,100.0
2023-04-11 00:00:00,3.1,3.3,,2.4,,69.0,1.2,3.9,317.0,259.0,1001.2,0.0,0.0,,100.0
2023-04-11 01:00:00,2.8,3.5,,2.4,,72.0,1.2,2.9,337.0,329.0,1001.3,0.0,0.0,,100.0
2023-04-11 02:00:00,1.8,2.5,,1.4,,85.0,1.3,2.8,270.0,295.0,1000.9,0.0,0.2,,100.0
2023-04-11 03:00:00,1.1,1.5,,0.5,,92.0,0.8,1.7,293.0,274.0,1000.5,0.0,1.0,,
2023-04-11 04:00:00,0.3,0.5,,0.1,,96.0,0.8,2.2,156.0,218.0,1000.4,0.0,1.1,,
2023-04-11 05:00:00,0.2,0.4,,0.0,,98.0,1.1,2.9,325.0,202.0,999.9,0.0,1.1,,100.0
2023-04-11 06:00:00,-0.1,0.0,5.0,-0.2,-0.2,98.0,0.7,1.7,68.0,12.0,999.4,0.0,1.1,9.0,100.0
2023-04-11 07:00:00,0.2,1.1,,-0.1,,98.0,1.8,4.8,270.0,127.0,999.8,0.0,1.9,,
2023-04-11 08:00:00,0.0,0.5,,-0.2,,98.0,0.8,2.7,352.0,10.0,999.8,6.0,1.0,,
2023-04-11 09:00:00,0.0,0.2,,-0.1,,99.0,0.5,1.6,267.0,348.0,999.5,28.0,1.1,,
2023-04-11 10:00:00,0.3,0.6,,0.1,,98.0,0.6,1.4,194.0,335.0,999.3,109.0,0.5,,90.0
2023-04-11 11:00:00,0.5,0.9,,0.2,,96.0,2.8,4.6,152.0,154.0,999.7,175.0,1.4,,90.0
2023-04-11 12:00:00,0.9,1.6,,0.3,,94.0,1.3,3.5,29.0,174.0,999.8,228.0,0.1,,90.0
2023-04-11 13:00:00,2.3,2.9,,1.6,,86.0,1.1,2.6,165.0,140.0,999.7,491.0,0.0,,90.0
2023-04-11 14:00:00,2.6,3.4,,2.1,,85.0,0.8,2.2,144.0,115.0,1000.0,528.0,0.0,,90.0
2023-04-11 15:00:00,3.4,3.9,,2.7,,78.0,1.6,3.1,159.0,133.0,999.8,460.0,0.0,,90.0
2023-04-11 16:00:00,3.5,3.9,,2.5,,78.0,1.1,2.9,34.0,94.0,999.7,373.0,0.0,,90.0
2023-04-11 17:00:00,2.8,3.3,,2.3,,81.0,2.3,5.4,158.0,137.0,1000.2,234.0,0.0,,90.0
2023-04-11 18:00:00,2.7,2.9,3.9,2.5,-0.2,78.0,2.1,4.3,168.0,154.0,1000.3,159.0,0.0,,100.0
2023-04-11 19:00:00,2.5,2.8,,2.2,,79.0,2.0,4.8,162.0,159.0,1000.8,123.0,0.0,,100.0
2023-04-11 20:00:00,2.2,2.3,,1.9,,82.0,2.1,4.5,161.0,157.0,1001.6,73.0,0.0,,90.0
2023-04-11 21:00:00,1.9,2.2,,1.6,,85.0,1.8,4.7,197.0,173.0,1002.0,21.0,0.3,,100.0
2023-04-11 22:00:00,1.4,1.7,,1.1,,90.0,1.8,3.7,247.0,286.0,1002.2,6.0,0.2,,100.0
2023-04-11 23:00:00,1.6,1.8,,1.2,,89.0,1.9,3.7,0.0,258.0,1002.4,0.0,0.1,,90.0
2023-04-12 00:00:00,0.9,1.2,,0.6,,94.0,0.4,1.4,321.0,333.0,1002.6,0.0,0.4,,90.0
2023-04-12 01:00:00,0.6,0.7,,0.6,,96.0,0.0,1.0,345.0,0.0,1002.2,0.0,0.0,,100.0
2023-04-12 02:00:00,0.7,1.2,,0.5,,95.0,1.0,3.1,268.0,340.0,1001.5,0.0,0.0,,90.0
2023-04-12 03:00:00,1.2,1.7,,0.8,,91.0,2.0,5.8,147.0,138.0,1002.8,0.0,0.0,,100.0
2023-04-12 04:00:00,1.1,1.4,,0.8,,92.0,2.1,4.3,91.0,162.0,1002.6,0.0,0.3,,100.0
2023-04-12 05:00:00,1.0,1.3,,0.8,,93.0,1.2,3.4,356.0,305.0,1002.3,0.0,0.0,,90.0
2023-04-12 06:00:00,0.8,1.1,2.8,0.5,0.5,94.0,1.9,3.8,271.0,306.0,1002.2,0.0,0.0,7.3,90.0
2023-04-12 07:00:00,1.6,2.7,,0.8,,86.0,3.1,9.8,313.0,299.0,1002.4,0.0,0.0,,90.0
2023-04-12 08:00:00,2.0,2.5,,1.7,,81.0,1.8,6.9,21.0,15.0,1003.2,10.0,0.0,,100.0
2023-04-12 09:00:00,2.1,2.4,,1.7,,82.0,2.0,6.5,343.0,8.0,1003.6,33.0,0.0,,100.0
2023-04-12 10:00:00,2.1,2.4,,1.7,,83.0,1.6,5.0,195.0,91.0,1004.2,113.0,0.0,,90.0
2023-04-12 11:00:00,2.5,2.8,,2.2,,81.0,1.3,2.9,344.0,225.0,1004.7,163.0,0.0,,90.0
2023-04-12 12:00:00,2.7,2.9,,2.5,,80.0,1.6,3.3,276.0,287.0,1005.1,221.0,0.0,,100.0
2023-04-12 13:00:00,3.7,4.6,,2.6,,74.0,1.2,4.3,240.0,279.0,1005.6,235.0,0.0,,
2023-04-12 14:00:00,4.4,4.7,,3.6,,69.0,1.5,4.1,116.0,98.0,1006.6,223.0,0.0,,100.0
2023-04-12 15:00:00,4.0,4.7,,3.3,,71.0,1.7,4.6,323.0,164.0,1007.3,216.0,0.0,,90.0
2023-04-12 16:00:00,4.5,4.6,,4.1,,69.0,2.0,7.2,42.0,23.0,1007.7,231.0,0.0,,100.0
2023-04-12 17:00:00,4.3,4.6,,4.1,,69.0,2.7,7.5,43.0,36.0,1008.0,208.0,0.0,,100.0
2023-04-12 18:00:00,4.5,4.7,4.7,4.2,0.8,66.0,3.2,8.6,63.0,59.0,1008.6,177.0,0.0,,100.0
2023-04-12 19:00:00,4.2,4.7,,2.8,,68.0,1.8,5.2,141.0,83.0,1008.8,175.0,0.0,,100.0
2023-04-12 20:00:00,3.0,3.3,,2.6,,74.0,3.6,5.8,145.0,143.0,1009.3,110.0,0.0,,100.0
2023-04-12 21:00:00,2.8,3.3,,2.2,,74.0,3.0,6.3,143.0,140.0,1009.5,55.0,0.0,,60.0
2023-04-12 22:00:00,3.4,3.6,,3.0,,67.0,1.9,4.7,234.0,192.0,1009.7,15.0,0.0,,90.0
2023-04-12 23:00:00,3.3,3.8,,1.9,,67.0,1.8,4.8,206.0,246.0,1010.0,1.0,0.0,,90.0
2023-04-13 00:00:00,1.9,2.2,,1.6,,77.0,2.6,4.3,163.0,160.0,1010.1,0.0,0.0,,60.0
2023-04-13 01:00:00,1.9,2.1,,1.5,,76.0,2.8,5.3,164.0,167.0,1010.4,0.0,0.0,,100.0
2023-04-13 02:00:00,2.1,2.2,,1.7,,74.0,1.9,3.1,104.0,141.0,1010.2,0.0,0.0,,100.0
2023-04-13 03:00:00,1.0,1.7,,0.6,,81.0,1.1,2.8,200.0,222.0,1009.9,0.0,0.0,,40.0
2023-04-13 04:00:00,0.9,1.3,,0.2,,79.0,0.4,1.4,160.0,196.0,1010.1,0.0,0.0,,10.0
2023-04-13 05:00:00,0.4,0.7,,-0.1,,81.0,1.0,2.7,209.0,219.0,1010.5,0.0,0.0,,40.0
2023-04-13 06:00:00,0.3,0.7,4.7,0.1,-0.1,79.0,0.4,1.8,195.0,206.0,1010.8,0.0,0.0,0.0,100.0
2023-04-13 07:00:00,0.5,0.8,,0.2,,82.0,0.4,1.6,172.0,203.0,1011.1,0.0,0.0,,100.0
2023-04-13 08:00:00,0.5,0.9,,0.3,,82.0,1.1,2.5,309.0,258.0,1011.5,22.0,0.0,,90.0
2023-04-13 09:00:00,0.9,1.8,,0.1,,81.0,1.0,2.2,295.0,319.0,1011.8,116.0,0.0,,90.0
2023-04-13 10:00:00,1.8,2.1,,1.6,,76.0,0.7,2.1,351.0,10.0,1012.2,171.0,0.0,,90.0
2023-04-13 11:00:00,2.1,2.3,,2.0,,74.0,1.4,3.7,322.0,328.0,1012.7,174.0,0.0,,100.0
2023-04-13 12:00:00,2.2,2.4,,2.1,,72.0,2.1,5.2,1.0,345.0,1013.1,201.0,0.0,,100.0
2023-04-13 13:00:00,2.2,2.4,,2.0,,65.0,3.7,6.8,6.0,5.0,1013.7,257.0,0.0,,100.0
2023-04-13 14:00:00,2.8,3.4,,2.1,,66.0,2.0,5.6,304.0,347.0,1013.8,359.0,0.0,,90.0
2023-04-13 15:00:00,3.3,3.5,,3.2,,65.0,2.1,4.4,12.0,12.0,1014.2,406.0,0.0,,90.0
2023-04-13 16:00:00,3.7,4.4,,3.3,,61.0,2.1,4.2,8.0,6.0,1014.4,507.0,0.0,,90.0
2023-04-13 17:00:00,4.6,5.0,,4.0,,61.0,1.1,2.5,144.0,87.0,1014.8,603.0,0.0,,60.0
2023-04-13 18:00:00,3.9,4.3,5.0,3.5,0.1,67.0,1.4,2.6,183.0,167.0,1015.1,496.0,0.0,,10.0
2023-04-13 19:00:00,4.0,4.3,,3.6,,66.0,1.6,3.1,254.0,234.0,1015.5,380.0,0.0,,10.0
2023-04-13 20:00:00,3.3,4.0,,2.5,,68.0,1.5,2.6,185.0,204.0,1015.9,264.0,0.0,,0.0
2023-04-13 21:00:00,3.0,3.2,,2.6,,68.0,2.1,3.2,261.0,253.0,1016.3,136.0,0.0,,0.0
2023-04-13 22:00:00,1.8,2.5,,1.4,,73.0,1.5,3.1,258.0,245.0,1016.6,19.0,0.0,,0.0
2023-04-13 23:00:00,1.4,1.8,,0.3,,72.0,1.7,2.9,194.0,240.0,1016.9,1.0,0.0,,0.0
2023-04-14 00:00:00,0.5,1.0,,-0.2,,77.0,1.1,2.3,269.0,247.0,1017.2,0.0,0.0,,0.0
2023-04-14 01:00:00,0.3,1.1,,-0.2,,74.0,1.0,2.2,261.0,269.0,1017.4,0.0,0.0,,0.0
2023-04-14 02:00:00,0.2,0.5,,-0.2,,74.0,0.4,1.6,292.0,357.0,1017.6,0.0,0.0,,0.0
2023-04-14 03:00:00,-0.1,0.3,,-0.7,,73.0,0.5,2.1,256.0,280.0,1017.6,0.0,0.0,,10.0
2023-04-14 04:00:00,-0.3,0.2,,-0.8,,72.0,0.9,3.0,262.0,256.0,1017.6,0.0,0.0,,0.0
2023-04-14 05:00:00,-0.7,-0.1,,-1.1,,73.0,1.4,3.0,280.0,274.0,1017.6,0.0,0.0,,0.0
2023-04-14 06:00:00,-0.7,-0.2,4.3,-1.3,-1.3,72.0,1.6,3.2,270.0,269.0,1017.5,0.0,0.0,0.0,0.0
2023-04-14 07:00:00,-0.8,-0.3,,-1.4,,71.0,1.5,2.8,276.0,266.0,1017.4,1.0,0.0,,0.0
2023-04-14 08:00:00,-1.1,-0.6,,-1.6,,73.0,0.4,1.2,149.0,253.0,1017.4,27.0,0.0,,0.0
2023-04-14 09:00:00,-0.2,0.7,,-1.0,,69.0,0.3,0.9,139.0,146.0,1017.2,127.0,0.0,,0.0
2023-04-14 10:00:00,0.0,0.8,,-0.9,,71.0,0.0,1.2,0.0,0.0,1016.8,248.0,0.0,,0.0
2023-04-14 11:00:00,1.4,2.0,,0.6,,58.0,0.6,1.9,47.0,13.0,1016.5,370.0,0.0,,0.0
2023-04-14 12:00:00,1.8,2.3,,1.2,,54.0,0.9,2.4,62.0,82.0,1016.2,482.0,0.0,,0.0
2023-04-14 13:00:00,2.4,2.7,,1.9,,51.0,0.8,2.7,347.0,342.0,1015.7,580.0,0.0,,0.0
2023-04-14 14:00:00,2.2,2.5,,1.7,,52.0,2.1,5.1,131.0,37.0,1015.3,630.0,0.0,,0.0
2023-04-14 15:00:00,1.7,1.9,,1.5,,60.0,2.0,3.1,163.0,159.0,1014.7,655.0,0.0,,0.0
2023-04-14 16:00:00,1.7,2.9,,1.3,,60.0,2.1,3.4,191.0,163.0,1014.1,640.0,0.0,,0.0
2023-04-14 17:00:00,2.2,3.1,,1.6,,58.0,1.9,3.1,163.0,158.0,1013.5,586.0,0.0,,0.0
2023-04-14 18:00:00,1.9,2.2,3.1,1.6,-1.6,57.0,2.2,3.3,155.0,153.0,1013.3,502.0,0.0,,0.0
2023-04-14 19:00:00,2.0,2.5,,1.8,,56.0,1.7,2.9,179.0,162.0,1013.0,391.0,0.0,,0.0
2023-04-14 20:00:00,2.0,2.7,,1.6,,57.0,1.0,2.4,164.0,167.0,1013.0,268.0,0.0,,0.0
2023-04-14 21:00:00,1.6,1.8,,1.3,,55.0,2.6,4.7,150.0,156.0,1012.9,150.0,0.0,,10.0
2023-04-14 22:00:00,1.1,1.7,,0.7,,59.0,1.8,3.6,168.0,162.0,1013.0,31.0,0.0,,90.0
2023-04-14 23:00:00,0.3,0.7,,-0.1,,65.0,1.5,3.4,259.0,215.0,1012.9,2.0,0.0,,100.0
2023-04-15 00:00:00,0.3,0.5,,0.2,,65.0,2.0,4.5,267.0,269.0,1013.0,0.0,0.0,,100.0
2023-04-15 01:00:00,0.2,0.6,,-0.1,,68.0,1.5,3.3,289.0,272.0,1012.9,0.0,0.0,,100.0
2023-04-15 02:00:00,0.3,0.6,,0.1,,70.0,1.5,4.5,339.0,293.0,1012.2,0.0,0.0,,100.0
2023-04-15 03:00:00,0.4,0.7,,0.1,,71.0,0.7,2.4,304.0,339.0,1011.7,0.0,0.0,,100.0
2023-04-15 04:00:00,1.0,1.2,,0.6,,69.0,0.0,1.3,0.0,0.0,1011.3,0.0,0.0,,100.0
2023-04-15 05:00:00,1.1,1.4,,0.8,,66.0,0.7,3.0,0.0,359.0,1011.2,0.0,0.0,,100.0
2023-04-15 06:00:00,1.3,1.7,2.7,1.0,-0.1,65.0,1.0,2.7,315.0,278.0,1011.3,0.0,0.0,0.0,100.0
2023-04-15 07:00:00,1.0,1.2,,0.9,,69.0,0.8,3.1,357.0,346.0,1011.6,0.0,0.0,,100.0
2023-04-15 08:00:00,1.0,1.6,,0.5,,76.0,0.9,2.5,207.0,276.0,1011.7,11.0,0.0,,100.0
2023-04-15 09:00:00,2.0,2.8,,1.2,,76.0,1.7,3.7,263.0,261.0,1011.9,39.0,0.0,,100.0
2023-04-15 10:00:00,3.0,3.6,,2.5,,72.0,1.4,4.2,348.0,314.0,1011.9,121.0,0.0,,100.0
2023-04-15 11:00:00,3.7,4.1,,3.5,,66.0,2.2,4.4,7.0,359.0,1012.0,196.0,0.0,,90.0
2023-04-15 12:00:00,4.2,4.7,,3.9,,63.0,1.2,3.4,43.0,27.0,1012.2,231.0,0.0,,90.0
2023-04-15 13:00:00,4.6,4.8,,4.4,,59.0,1.7,4.5,38.0,36.0,1012.1,238.0,0.0,,90.0
2023-04-15 14:00:00,5.3,5.9,,4.4,,54.0,2.6,5.5,45.0,42.0,1012.2,552.0,0.0,,
2023-04-15 15:00:00,5.7,5.9,,5.4,,52.0,2.6,6.1,38.0,33.0,1012.3,625.0,0.0,,90.0
2023-04-15 16:00:00,5.3,5.5,,5.1,,53.0,2.2,4.9,14.0,34.0,1012.2,398.0,0.0,,100.0
2023-04-15 17:00:00,5.1,5.4,,4.9,,53.0,2.3,5.6,22.0,34.0,1012.3,325.0,0.0,,60.0
2023-04-15 18:00:00,5.0,5.1,5.9,4.9,0.5,52.0,2.1,5.1,59.0,36.0,1012.3,279.0,0.0,,90.0
2023-04-15 19:00:00,4.8,5.1,,4.5,,53.0,2.0,5.6,14.0,25.0,1012.3,189.0,0.0,,90.0
2023-04-15 20:00:00,4.6,4.9,,4.4,,53.0,2.4,4.7,25.0,15.0,1012.5,143.0,0.0,,100.0
2023-04-15 21:00:00,4.4,4.6,,4.2,,52.0,2.3,7.9,48.0,31.0,1012.8,36.0,0.0,,100.0
2023-04-15 22:00:00,4.3,4.6,,3.9,,52.0,2.5,8.2,39.0,37.0,1013.2,12.0,0.0,,100.0
2023-04-15 23:00:00,4.2,4.5,,3.8,,51.0,2.4,7.5,81.0,61.0,1013.2,1.0,0.0,,100.0
2023-04-16 00:00:00,3.9,4.2,,3.7,,53.0,1.3,4.3,100.0,75.0,1013.4,0.0,0.0,,100.0
2023-04-16 01:00:00,3.4,4.0,,3.0,,57.0,0.7,3.1,311.0,23.0,1013.7,0.0,0.0,,100.0
2023-04-16 02:00:00,3.0,3.2,,2.8,,60.0,0.6,1.7,330.0,261.0,1013.4,0.0,0.0,,90.0
2023-04-16 03:00:00,2.7,3.0,,2.5,,62.0,1.1,3.6,5.0,14.0,1013.0,0.0,0.0,,90.0
2023-04-16 04:00:00,2.3,2.7,,2.0,,64.0,1.2,2.6,307.0,314.0,1012.6,0.0,0.0,,90.0
2023-04-16 05:00:00,1.8,2.2,,1.3,,67.0,2.0,4.5,279.0,298.0,1012.1,0.0,0.0,,90.0
2023-04-16 06:00:00,1.6,1.9,5.1,1.2,1.2,69.0,1.7,3.5,329.0,316.0,1011.8,0.0,0.0,0.0,90.0
2023-04-16 07:00:00,1.5,1.8,,1.0,,69.0,1.1,4.3,157.0,59.0,1011.8,1.0,0.0,,90.0
2023-04-16 08:00:00,0.9,1.3,,0.8,,72.0,3.1,5.3,160.0,164.0,1012.1,15.0,0.0,,90.0
2023-04-16 09:00:00,1.1,1.3,,1.0,,70.0,1.9,3.4,155.0,161.0,1011.7,68.0,0.0,,90.0
2023-04-16 10:00:00,1.0,1.4,,0.9,,71.0,2.1,3.3,147.0,159.0,1011.5,145.0,0.0,,90.0
2023-04-16 11:00:00,1.1,1.6,,0.7,,70.0,2.6,4.5,165.0,164.0,1011.4,229.0,0.0,,90.0
2023-04-16 12:00:00,1.1,1.3,,0.9,,68.0,2.8,4.9,167.0,165.0,1011.1,281.0,0.0,,90.0
2023-04-16 13:00:00,2.4,3.3,,1.4,,61.0,0.9,2.6,55.0,160.0,1010.3,476.0,0.0,,60.0
2023-04-16 14:00:00,2.4,2.9,,2.0,,62.0,2.0,3.6,153.0,142.0,1009.7,487.0,0.0,,40.0
2023-04-16 15:00:00,2.6,7.0,,1.9,,61.0,1.2,2.7,140.0,162.0,1008.6,470.0,0.0,,60.0
2023-04-16 16:00:00,2.1,2.6,,1.8,,64.0,2.6,4.9,164.0,158.0,1007.7,515.0,0.0,,60.0
2023-04-16 17:00:00,1.5,2.0,,1.1,,66.0,3.1,5.0,160.0,161.0,1006.5,489.0,0.0,,90.0
2023-04-16 18:00:00,1.5,2.2,7.0,1.0,0.7,65.0,1.7,3.9,175.0,161.0,1005.0,355.0,0.0,,90.0
2023-04-16 19:00:00,1.5,2.5,,0.6,,69.0,2.3,4.3,156.0,153.0,1004.4,246.0,0.0,,90.0
2023-04-16 20:00:00,1.1,1.7,,0.6,,68.0,1.8,4.0,194.0,171.0,1003.4,112.0,0.0,,90.0
2023-04-16 21:00:00,1.1,1.8,,0.6,,72.0,1.5,3.6,313.0,293.0,1001.6,49.0,0.0,,100.0
2023-04-16 22:00:00,1.3,1.9,,1.0,,72.0,2.7,7.6,155.0,276.0,1000.8,9.0,0.0,,100.0
2023-04-16 23:00:00,3.0,4.4,,0.7,,62.0,2.7,6.8,305.0,73.0,1000.9,0.0,0.0,,100.0
2023-04-17 00:00:00,2.7,3.2,,2.1,,75.0,1.6,3.6,3.0,25.0,1000.7,0.0,0.0,,100.0
2023-04-17 01:00:00,1.1,2.1,,0.8,,91.0,1.3,3.0,325.0,320.0,999.7,0.0,0.5,,100.0
2023-04-17 02:00:00,1.6,2.2,,0.9,,88.0,1.3,4.2,229.0,259.0,999.6,0.0,0.2,,100.0
2023-04-17 03:00:00,1.7,2.2,,1.2,,87.0,2.4,4.4,251.0,249.0,999.8,0.0,0.5,,100.0
2023-04-17 04:00:00,2.9,3.8,,1.8,,76.0,1.5,6.1,331.0,208.0,999.5,0.0,0.0,,100.0
2023-04-17 05:00:00,3.5,3.9,,3.1,,68.0,2.4,5.7,313.0,316.0,999.2,0.0,0.0,,100.0
2023-04-17 06:00:00,4.0,4.4,4.4,3.5,0.6,64.0,2.2,6.0,310.0,315.0,999.5,0.0,0.0,1.2,100.0
2023-04-17 07:00:00,3.8,4.5,,3.5,,66.0,2.9,6.4,2.0,347.0,1000.1,0.0,0.0,,100.0
2023-04-17 08:00:00,3.2,3.7,,2.8,,73.0,3.1,6.6,337.0,354.0,1000.4,10.0,0.0,,100.0
2023-04-17 09:00:00,3.2,3.8,,2.7,,73.0,3.0,6.3,334.0,331.0,1000.6,35.0,0.0,,100.0
2023-04-17 10:00:00,3.8,4.3,,3.3,,68.0,2.3,5.0,347.0,331.0,1000.8,57.0,0.0,,90.0
2023-04-17 11:00:00,4.5,4.9,,4.1,,63.0,2.4,5.5,52.0,348.0,1001.2,104.0,0.0,,100.0
2023-04-17 12:00:00,5.1,5.6,,4.8,,62.0,2.9,8.3,349.0,43.0,1001.5,155.0,0.0,,100.0
2023-04-17 13:00:00,5.6,5.8,,5.4,,59.0,4.2,12.3,68.0,65.0,1001.6,221.0,0.0,,100.0
2023-04-17 14:00:00,5.9,6.4,,5.6,,56.0,5.2,13.3,13.0,44.0,1001.9,206.0,0.0,,100.0
2023-04-17 15:00:00,6.0,6.8,,4.6,,56.0,3.3,8.4,100.0,125.0,1002.1,202.0,0.0,,100.0
2023-04-17 16:00:00,4.5,5.9,,3.5,,62.0,3.2,7.0,276.0,181.0,1002.2,155.0,0.0,,100.0
2023-04-17 17:00:00,5.4,6.0,,4.7,,59.0,2.2,5.2,346.0,338.0,1002.5,158.0,0.0,,100.0
2023-04-17 18:00:00,5.2,5.8,6.8,4.5,2.7,62.0,2.6,8.1,45.0,23.0,1002.5,187.0,0.0,,90.0
2023-04-17 19:00:00,5.6,5.9,,5.4,,60.0,2.9,8.9,75.0,72.0,1002.7,132.0,0.0,,100.0
2023-04-17 20:00:00,6.1,6.5,,5.7,,55.0,3.2,8.3,77.0,69.0,1002.9,92.0,0.0,,90.0
2023-04-17 21:00:00,6.4,7.0,,6.0,,51.0,3.0,8.9,353.0,38.0,1003.0,52.0,0.0,,90.0
2023-04-17 22:00:00,6.0,6.4,,5.6,,53.0,2.6,5.1,352.0,353.0,1002.9,12.0,0.0,,90.0
2023-04-17 23:00:00,5.6,6.0,,5.2,,56.0,2.1,5.7,312.0,338.0,1003.3,1.0,0.0,,100.0
2023-04-18 00:00:00,5.5,5.9,,5.2,,58.0,2.2,7.2,355.0,357.0,1003.8,0.0,0.0,,90.0
2023-04-18 01:00:00,5.1,5.6,,4.6,,65.0,1.4,7.2,87.0,359.0,1004.2,0.0,0.0,,100.0
2023-04-18 02:00:00,3.6,5.2,,2.8,,77.0,3.3,6.7,194.0,178.0,1004.9,0.0,0.1,,90.0
2023-04-18 03:00:00,3.9,4.7,,2.9,,80.0,4.2,10.0,92.0,137.0,1005.8,0.0,1.0,,90.0
2023-04-18 04:00:00,4.6,4.8,,4.2,,73.0,4.6,11.0,54.0,72.0,1006.2,0.0,0.4,,90.0
2023-04-18 05:00:00,4.5,4.8,,4.2,,72.0,2.8,8.1,46.0,61.0,1006.6,0.0,0.0,,100.0
2023-04-18 06:00:00,4.9,5.2,7.0,4.3,2.8,70.0,3.4,9.2,56.0,64.0,1007.1,0.0,0.0,1.5,100.0
2023-04-18 07:00:00,4.8,5.1,,4.4,,72.0,2.0,7.7,341.0,28.0,1007.8,1.0,0.0,,100.0
2023-04-18 08:00:00,4.4,4.9,,3.7,,75.0,1.6,6.3,89.0,25.0,1008.5,10.0,0.0,,100.0
2023-04-18 09:00:00,3.8,4.0,,3.6,,80.0,0.6,2.6,30.0,357.0,1009.0,32.0,0.0,,100.0
2023-04-18 10:00:00,4.1,5.5,,3.7,,78.0,1.2,5.8,12.0,34.0,1009.6,69.0,0.0,,100.0
2023-04-18 11:00:00,4.4,5.0,,3.9,,78.0,1.5,3.7,341.0,38.0,1010.2,59.0,0.4,,100.0
2023-04-18 12:00:00,4.8,5.0,,4.7,,76.0,1.1,4.8,16.0,325.0,1011.0,83.0,0.2,,100.0
2023-04-18 13:00:00,4.7,5.0,,4.5,,75.0,2.1,6.0,351.0,9.0,1011.5,99.0,0.0,,100.0
2023-04-18 14:00:00,4.9,5.0,,4.6,,75.0,1.4,6.2,20.0,10.0,1012.3,119.0,0.5,,100.0
2023-04-18 15:00:00,5.0,5.3,,4.6,,73.0,4.9,11.4,87.0,92.0,1013.4,180.0,0.1,,90.0
2023-04-18 16:00:00,4.6,4.9,,4.2,,74.0,3.7,10.7,52.0,73.0,1013.8,167.0,0.0,,90.0
2023-04-18 17:00:00,4.5,4.7,,4.1,,75.0,1.4,4.7,298.0,330.0,1014.5,133.0,0.2,,100.0
2023-04-18 18:00:00,4.9,5.2,5.5,4.6,3.6,73.0,1.8,6.6,342.0,1.0,1015.2,109.0,0.0,,100.0
2023-04-18 19:00:00,4.7,4.9,,4.3,,77.0,0.6,2.9,355.0,5.0,1016.1,67.0,0.5,,90.0
2023-04-18 20:00:00,4.2,4.5,,3.8,,81.0,1.3,3.6,253.0,346.0,1017.2,51.0,1.2,,100.0
2023-04-18 21:00:00,4.4,4.8,,4.0,,79.0,1.5,5.9,40.0,44.0,1018.2,27.0,0.4,,90.0
2023-04-18 22:00:00,4.3,4.6,,4.1,,77.0,2.1,5.0,72.0,63.0,1018.8,8.0,0.1,,100.0
2023-04-18 23:00:00,4.4,4.6,,4.2,,77.0,1.9,5.4,56.0,54.0,1019.7,0.0,0.0,,100.0
2023-04-19 00:00:00,4.4,4.6,,4.2,,78.0,2.1,5.3,73.0,63.0,1020.6,0.0,0.0,,100.0
2023-04-19 01:00:00,4.4,4.6,,3.9,,79.0,2.4,6.1,103.0,92.0,1021.3,0.0,0.8,,90.0
2023-04-19 02:00:00,4.0,4.1,,3.7,,82.0,0.7,2.9,74.0,81.0,1022.0,0.0,1.0,,100.0
2023-04-19 03:00:00,3.5,3.9,,3.3,,85.0,1.0,2.8,271.0,206.0,1022.7,0.0,1.3,,90.0
2023-04-19 04:00:00,3.4,3.7,,3.2,,85.0,1.0,3.1,282.0,304.0,1023.4,0.0,1.7,,90.0
2023-04-19 05:00:00,3.3,3.6,,3.0,,87.0,1.5,3.6,163.0,227.0,1024.1,0.0,1.6,,90.0
2023-04-19 06:00:00,3.4,3.6,4.9,3.2,3.0,86.0,0.8,2.2,169.0,195.0,1025.0,0.0,0.5,10.5,100.0
2023-04-19 07:00:00,3.2,3.5,,3.0,,88.0,0.7,1.7,241.0,201.0,1025.8,1.0,0.5,,100.0
2023-04-19 08:00:00,3.2,3.9,,2.9,,88.0,1.9,2.9,255.0,254.0,1026.9,18.0,0.1,,100.0
2023-04-19 09:00:00,3.7,4.0,,3.4,,85.0,0.6,1.7,251.0,239.0,1027.4,48.0,0.1,,100.0
2023-04-19 10:00:00,4.0,4.4,,3.5,,84.0,0.7,1.5,0.0,256.0,1027.7,103.0,0.0,,100.0
2023-04-19 11:00:00,4.5,4.8,,4.3,,81.0,0.5,1.4,272.0,250.0,1028.1,151.0,0.0,,100.0
2023-04-19 12:00:00,5.0,5.2,,4.8,,80.0,0.0,1.6,72.0,0.0,1028.6,159.0,0.0,,100.0
2023-04-19 13:00:00,5.1,5.3,,5.0,,79.0,0.6,1.9,91.0,73.0,1028.9,185.0,0.0,,100.0
2023-04-19 14:00:00,5.0,5.4,,4.7,,81.0,1.9,3.7,107.0,141.0,1029.3,188.0,0.0,,100.0
2023-04-19 15:00:00,5.0,5.4,,4.7,,80.0,2.6,4.2,126.0,118.0,1029.6,160.0,0.0,,100.0
2023-04-19 16:00:00,4.4,4.7,,4.1,,85.0,2.4,3.7,150.0,139.0,1029.7,193.0,0.0,,100.0
2023-04-19 17:00:00,4.0,4.2,,3.8,,91.0,1.7,2.6,152.0,151.0,1029.8,189.0,0.4,,100.0
2023-04-19 18:00:00,3.8,3.9,5.4,3.7,2.9,95.0,1.5,2.9,97.0,124.0,1029.9,156.0,0.5,,100.0
2023-04-19 19:00:00,3.8,4.0,,3.6,,96.0,0.6,1.6,160.0,130.0,1030.1,112.0,0.3,,100.0
2023-04-19 20:00:00,3.8,4.0,,3.5,,96.0,0.9,2.6,257.0,146.0,1030.0,100.0,0.0,,100.0
2023-04-19 21:00:00,3.3,3.6,,3.0,,96.0,2.2,2.9,257.0,258.0,1030.0,50.0,0.0,,100.0
2023-04-19 22:00:00,3.2,3.4,,3.1,,94.0,1.8,2.4,268.0,261.0,1030.0,14.0,0.0,,100.0
2023-04-19 23:00:00,3.0,3.2,,2.8,,94.0,1.6,2.2,265.0,265.0,1029.8,1.0,0.0,,100.0
2023-04-20 00:00:00,2.8,2.9,,2.6,,94.0,1.8,2.6,262.0,262.0,1029.6,0.0,0.0,,100.0
2023-04-20 01:00:00,2.6,2.9,,2.4,,93.0,0.9,2.0,231.0,263.0,1029.4,0.0,0.0,,100.0
2023-04-20 02:00:00,2.2,2.5,,1.8,,95.0,0.6,2.0,153.0,227.0,1029.1,0.0,0.0,,90.0
2023-04-20 03:00:00,1.9,2.2,,0.9,,97.0,0.4,1.9,282.0,169.0,1028.5,0.0,0.0,,
2023-04-20 04:00:00,1.3,1.9,,0.8,,99.0,0.6,2.0,0.0,270.0,1028.1,0.0,0.0,,40.0
2023-04-20 05:00:00,1.0,1.6,,0.7,,99.0,0.4,1.5,235.0,278.0,1027.9,0.0,0.0,,40.0
2023-04-20 06:00:00,0.7,1.2,4.0,0.1,0.1,99.0,0.3,1.3,0.0,209.0,1027.7,0.0,0.0,1.9,0.0
2023-04-20 07:00:00,0.6,1.6,,-0.2,,97.0,0.7,2.2,254.0,257.0,1027.7,4.0,0.0,,10.0
2023-04-20 08:00:00,1.5,2.6,,0.1,,86.0,0.8,3.5,21.0,310.0,1027.5,48.0,0.0,,0.0
2023-04-20 09:00:00,2.7,3.3,,1.7,,73.0,2.7,6.0,285.0,292.0,1027.1,158.0,0.0,,0.0
2023-04-20 10:00:00,2.5,3.1,,1.9,,46.0,8.8,12.9,272.0,273.0,1026.6,260.0,0.0,,0.0
2023-04-20 11:00:00,3.0,3.5,,2.6,,45.0,3.9,9.6,350.0,333.0,1026.4,227.0,0.0,,0.0
2023-04-20 12:00:00,3.1,3.7,,2.6,,46.0,4.8,10.8,358.0,357.0,1026.4,362.0,0.0,,0.0
2023-04-20 13:00:00,3.4,3.9,,2.9,,44.0,4.6,11.8,323.0,320.0,1026.3,375.0,0.0,,10.0
2023-04-20 14:00:00,3.8,4.7,,3.2,,40.0,7.3,13.7,309.0,309.0,1026.0,493.0,0.0,,10.0
2023-04-20 15:00:00,3.6,4.6,,3.1,,35.0,13.9,20.4,286.0,287.0,1025.6,471.0,0.0,,10.0
2023-04-20 16:00:00,3.9,4.6,,3.1,,34.0,13.3,19.2,282.0,285.0,1025.5,597.0,0.0,,10.0
2023-04-20 17:00:00,3.8,4.5,,3.4,,36.0,13.4,17.5,282.0,280.0,1025.5,450.0,0.0,,10.0
2023-04-20 18:00:00,4.8,5.3,5.3,4.3,-0.2,33.0,7.5,15.5,302.0,293.0,1026.1,541.0,0.0,,0.0
2023-04-20 19:00:00,5.0,5.8,,4.4,,33.0,4.2,9.7,356.0,347.0,1026.2,453.0,0.0,,0.0
2023-04-20 20:00:00,5.0,5.6,,4.3,,35.0,4.7,9.6,306.0,346.0,1026.3,275.0,0.0,,0.0
2023-04-20 21:00:00,4.6,5.4,,4.1,,34.0,3.5,8.9,5.0,329.0,1026.9,80.0,0.0,,0.0
2023-04-20 22:00:00,4.0,4.9,,3.5,,40.0,2.6,6.0,342.0,347.0,1027.6,80.0,0.0,,0.0
2023-04-20 23:00:00,3.3,3.6,,2.9,,43.0,1.4,4.1,349.0,321.0,1028.5,8.0,0.0,,0.0
2023-04-21 00:00:00,2.6,3.1,,2.0,,45.0,1.1,3.5,276.0,317.0,1029.4,0.0,0.0,,0.0
2023-04-21 01:00:00,2.5,2.8,,1.9,,43.0,0.9,2.9,71.0,336.0,1030.1,0.0,0.0,,0.0
2023-04-21 02:00:00,2.3,3.0,,1.5,,43.0,1.0,3.2,343.0,325.0,1031.2,0.0,0.0,,0.0
2023-04-21 03:00:00,2.6,2.9,,2.4,,39.0,1.4,5.0,328.0,325.0,1032.3,0.0,0.0,,0.0
2023-04-21 04:00:00,2.8,3.5,,2.1,,39.0,2.6,9.5,121.0,58.0,1033.7,0.0,0.0,,0.0
2023-04-21 05:00:00,2.0,2.4,,1.6,,53.0,5.4,10.6,124.0,124.0,1035.3,0.0,0.0,,0.0
2023-04-21 06:00:00,0.5,1.5,5.8,-0.3,-0.3,61.0,3.8,6.7,142.0,133.0,1036.7,0.0,0.0,0.0,0.0
2023-04-21 07:00:00,-0.8,-0.3,,-1.2,,68.0,3.4,5.9,151.0,158.0,1037.8,6.0,0.0,,0.0
2023-04-21 08:00:00,-1.3,-1.0,,-1.5,,72.0,2.9,5.4,151.0,159.0,1039.2,55.0,0.0,,0.0
2023-04-21 09:00:00,-1.0,-0.8,,-1.2,,72.0,3.0,4.9,157.0,168.0,1040.4,165.0,0.0,,0.0
2023-04-21 10:00:00,-1.1,-0.9,,-1.2,,73.0,3.3,5.7,148.0,148.0,1041.3,287.0,0.0,,0.0
2023-04-21 11:00:00,-0.9,-0.6,,-1.2,,71.0,2.6,5.1,140.0,146.0,1041.8,410.0,0.0,,0.0
2023-04-21 12:00:00,0.1,0.8,,-0.7,,64.0,1.2,2.6,75.0,129.0,1042.1,511.0,0.0,,0.0
2023-04-21 13:00:00,0.7,1.1,,0.2,,63.0,0.9,2.4,32.0,32.0,1042.0,591.0,0.0,,0.0
2023-04-21 14:00:00,1.2,2.1,,0.8,,61.0,1.1,2.4,33.0,6.0,1042.0,623.0,0.0,,0.0
2023-04-21 15:00:00,1.7,2.9,,1.1,,59.0,1.3,2.9,134.0,59.0,1041.8,715.0,0.0,,10.0
2023-04-21 16:00:00,2.3,3.0,,2.0,,56.0,1.3,2.7,157.0,153.0,1041.5,655.0,0.0,,0.0
2023-04-21 17:00:00,2.4,2.9,,2.1,,56.0,1.5,2.8,140.0,148.0,1041.3,631.0,0.0,,0.0
2023-04-21 18:00:00,2.1,2.5,3.0,1.8,-1.5,51.0,2.3,4.0,146.0,141.0,1041.2,539.0,0.0,,0.0
2023-04-21 19:00:00,1.9,2.2,,1.7,,50.0,1.7,3.4,145.0,136.0,1041.0,413.0,0.0,,0.0
2023-04-21 20:00:00,1.7,2.4,,1.1,,54.0,1.6,2.7,135.0,142.0,1040.6,305.0,0.0,,0.0
2023-04-21 21:00:00,0.3,1.1,,-0.5,,74.0,2.6,4.2,153.0,151.0,1040.3,179.0,0.0,,0.0
2023-04-21 22:00:00,-1.0,-0.5,,-1.6,,85.0,3.1,3.9,157.0,154.0,1040.0,63.0,0.0,,0.0
2023-04-21 23:00:00,-1.9,-1.6,,-2.2,,91.0,2.2,3.5,170.0,157.0,1039.8,6.0,0.0,,0.0
2023-04-22 00:00:00,-2.1,-1.8,,-2.4,,90.0,0.9,1.9,246.0,222.0,1039.5,0.0,0.0,,0.0
2023-04-22 01:00:00,-2.3,-2.0,,-2.5,,89.0,0.6,1.8,162.0,212.0,1039.2,0.0,0.0,,0.0
2023-04-22 02:00:00,-2.6,-2.2,,-2.9,,89.0,0.7,2.1,255.0,213.0,1038.5,0.0,0.0,,0.0
2023-04-22 03:00:00,-2.8,-2.4,,-3.1,,87.0,1.1,3.0,188.0,222.0,1037.6,0.0,0.0,,0.0
2023-04-22 04:00:00,-3.2,-2.8,,-3.6,,88.0,0.8,2.5,308.0,241.0,1037.1,0.0,0.0,,0.0
2023-04-22 05:00:00,-3.3,-2.9,,-3.6,,88.0,0.8,1.8,201.0,250.0,1036.8,0.0,0.0,,
2023-04-22 06:00:00,-3.1,-2.8,2.4,-3.4,-3.6,83.0,0.4,1.3,300.0,220.0,1036.5,0.0,0.0,0.0,0.0
2023-04-22 07:00:00,-3.3,-3.1,,-3.7,,82.0,0.4,1.6,202.0,231.0,1036.3,6.0,0.0,,0.0
2023-04-22 08:00:00,-2.9,-2.2,,-3.1,,81.0,0.4,1.4,184.0,237.0,1036.1,59.0,0.0,,0.0
2023-04-22 09:00:00,-1.6,-1.3,,-2.2,,71.0,0.7,1.7,136.0,107.0,1036.0,172.0,0.0,,0.0
2023-04-22 10:00:00,-1.5,-0.8,,-2.3,,72.0,1.0,2.1,34.0,71.0,1035.8,292.0,0.0,,0.0
2023-04-22 11:00:00,-0.6,0.6,,-1.3,,71.0,0.4,1.1,48.0,41.0,1035.5,404.0,0.0,,0.0
2023-04-22 12:00:00,0.6,1.2,,-0.3,,64.0,0.5,1.6,45.0,79.0,1035.6,519.0,0.0,,0.0
2023-04-22 13:00:00,0.7,1.1,,0.5,,60.0,1.2,2.3,34.0,40.0,1035.7,612.0,0.0,,0.0
2023-04-22 14:00:00,1.1,1.4,,0.8,,59.0,1.3,2.5,37.0,36.0,1035.7,671.0,0.0,,0.0
2023-04-22 15:00:00,1.4,1.9,,1.0,,61.0,1.8,2.9,151.0,143.0,1035.7,675.0,0.0,,0.0
2023-04-22 16:00:00,1.9,2.6,,1.4,,58.0,1.1,2.7,352.0,86.0,1035.5,665.0,0.0,,0.0
2023-04-22 17:00:00,1.4,1.9,,1.0,,62.0,1.6,3.3,38.0,28.0,1035.2,580.0,0.0,,0.0
2023-04-22 20:00:00,-0.3,,,,,,1.0,,23.0,,1034.3,,0.0,,0.0
2023-04-22 21:00:00,-0.3,-0.1,,-0.7,,81.0,0.6,1.8,346.0,72.0,1033.9,137.0,0.0,,0.0
2023-04-22 22:00:00,-0.9,-0.5,,-1.4,,84.0,0.8,1.6,33.0,2.0,1033.7,59.0,0.0,,10.0
2023-04-22 23:00:00,-1.5,-1.4,,-1.6,,87.0,0.0,0.8,343.0,0.0,1033.0,7.0,0.0,,90.0
2023-04-23 00:00:00,-1.8,-1.6,,-2.0,,91.0,0.9,1.9,5.0,341.0,1032.6,0.0,0.0,,90.0
2023-04-23 01:00:00,-2.0,-2.0,,-2.0,,93.0,0.3,0.7,0.0,353.0,1032.2,0.0,0.0,,90.0
2023-04-23 02:00:00,-1.9,-1.8,,-2.0,,92.0,0.5,1.3,332.0,337.0,1031.8,0.0,0.0,,90.0
2023-04-23 03:00:00,-1.9,-1.7,,-2.0,,92.0,0.4,1.3,0.0,323.0,1031.1,0.0,0.0,,100.0
2023-04-23 04:00:00,-1.6,-1.5,,-1.7,,89.0,0.4,1.2,330.0,321.0,1030.6,0.0,0.0,,90.0
2023-04-23 05:00:00,-1.7,-1.6,,-1.7,,90.0,0.0,1.0,312.0,0.0,1029.9,0.0,0.0,,90.0
2023-04-23 06:00:00,-2.0,-1.6,1.1,-2.4,-2.4,93.0,1.3,2.2,163.0,175.0,1029.4,0.0,0.0,0.0,100.0
2023-04-23 07:00:00,-2.4,-2.2,,-2.4,,94.0,0.6,2.1,197.0,186.0,1029.2,5.0,0.0,,100.0
2023-04-23 08:00:00,-1.9,-1.2,,-2.3,,91.0,0.0,1.0,0.0,0.0,1029.1,61.0,0.0,,90.0
2023-04-23 09:00:00,-1.4,-1.2,,-1.6,,89.0,0.9,2.1,343.0,310.0,1029.2,187.0,0.0,,40.0
2023-04-23 10:00:00,-0.9,-0.4,,-1.2,,85.0,0.6,1.8,269.0,326.0,1028.8,256.0,0.0,,90.0
2023-04-23 11:00:00,-0.5,-0.2,,-1.0,,84.0,0.9,2.0,166.0,128.0,1028.8,258.0,0.0,,90.0
2023-04-23 12:00:00,-0.6,-0.4,,-0.9,,84.0,1.4,2.9,139.0,154.0,1028.6,285.0,0.0,,90.0
2023-04-23 13:00:00,-0.2,0.4,,-0.8,,82.0,1.5,2.6,133.0,140.0,1028.7,403.0,0.0,,90.0
2023-04-23 14:00:00,0.2,0.9,,-0.6,,81.0,1.7,3.7,133.0,131.0,1028.5,521.0,0.0,,90.0
2023-04-23 15:00:00,0.4,1.0,,0.0,,82.0,1.7,2.7,155.0,156.0,1028.0,486.0,0.0,,90.0
2023-04-23 16:00:00,0.2,0.9,,-0.2,,83.0,2.0,3.2,141.0,150.0,1027.9,433.0,0.0,,90.0
2023-04-23 17:00:00,0.4,1.1,,0.0,,81.0,1.6,3.0,159.0,148.0,1027.7,360.0,0.0,,90.0
2023-04-23 18:00:00,0.7,1.1,1.1,0.4,-2.4,78.0,1.1,2.1,168.0,155.0,1027.7,223.0,0.0,,90.0
2023-04-23 19:00:00,1.3,1.5,,0.9,,76.0,0.5,1.5,140.0,145.0,1027.7,156.0,0.0,,90.0
2023-04-23 20:00:00,1.1,1.3,,0.9,,79.0,1.0,2.2,148.0,138.0,1027.4,135.0,0.0,,90.0
2023-04-23 21:00:00,1.2,1.4,,1.1,,78.0,0.4,1.1,42.0,86.0,1027.2,82.0,0.0,,100.0
2023-04-23 22:00:00,1.2,1.3,,1.0,,78.0,0.9,2.1,257.0,290.0,1027.2,37.0,0.0,,100.0
2023-04-23 23:00:00,0.8,0.9,,0.7,,83.0,1.6,2.3,255.0,257.0,1027.0,6.0,0.0,,100.0
2023-04-24 00:00:00,0.9,1.0,,0.7,,83.0,0.5,1.5,263.0,266.0,1027.2,0.0,0.0,,100.0
2023-04-24 01:00:00,0.9,1.1,,0.9,,83.0,0.5,1.0,263.0,268.0,1027.0,0.0,0.0,,100.0
2023-04-24 02:00:00,1.2,1.3,,1.0,,82.0,1.4,2.6,254.0,255.0,1026.9,0.0,0.0,,100.0
2023-04-24 03:00:00,0.9,1.4,,0.4,,84.0,1.1,3.0,209.0,217.0,1026.9,0.0,0.0,,100.0
2023-04-24 04:00:00,0.1,0.7,,-0.2,,91.0,2.1,4.3,161.0,178.0,1026.9,0.0,0.0,,100.0
2023-04-24 05:00:00,-0.4,-0.2,,-0.5,,92.0,2.8,4.5,171.0,167.0,1027.1,0.0,0.0,,100.0
2023-04-24 06:00:00,-0.3,-0.3,1.5,-0.4,-0.5,95.0,0.6,2.3,0.0,158.0,1027.4,0.0,0.2,0.2,100.0
2023-04-24 07:00:00,-0.4,-0.2,,-0.6,,97.0,0.8,2.6,164.0,153.0,1027.8,5.0,0.3,,100.0
2023-04-24 08:00:00,-0.5,-0.4,,-0.6,,95.0,2.0,3.0,177.0,166.0,1028.2,41.0,0.1,,90.0
2023-04-24 09:00:00,0.0,0.4,,-0.5,,84.0,1.4,3.0,129.0,153.0,1028.6,144.0,0.0,,90.0
2023-04-24 10:00:00,-0.4,0.2,,-1.3,,84.0,2.6,5.7,165.0,155.0,1029.3,257.0,0.0,,90.0
2023-04-24 11:00:00,-0.7,-0.5,,-0.9,,82.0,3.0,5.4,147.0,153.0,1029.9,297.0,0.0,,90.0
2023-04-24 12:00:00,-0.2,0.5,,-0.7,,81.0,1.3,3.3,119.0,144.0,1029.9,290.0,0.0,,90.0
2023-04-24 13:00:00,0.7,1.3,,0.2,,83.0,0.7,1.8,55.0,53.0,1030.0,433.0,0.0,,100.0
2023-04-24 14:00:00,1.2,1.8,,0.6,,82.0,0.8,1.8,192.0,76.0,1030.2,479.0,0.0,,90.0
2023-04-24 15:00:00,2.1,2.9,,1.6,,72.0,0.8,2.8,308.0,304.0,1030.3,561.0,0.0,,60.0
2023-04-24 16:00:00,2.5,3.2,,2.1,,70.0,1.5,3.1,266.0,279.0,1030.3,524.0,0.0,,100.0
2023-04-24 17:00:00,2.0,2.3,,1.5,,74.0,1.8,3.0,145.0,143.0,1030.3,330.0,0.0,,100.0
2023-04-24 18:00:00,2.0,2.5,3.2,1.7,-1.3,71.0,1.4,2.9,141.0,148.0,1030.6,229.0,0.0,,100.0
2023-04-24 19:00:00,1.9,2.2,,1.6,,66.0,1.7,2.9,127.0,134.0,1030.7,213.0,0.0,,90.0
2023-04-24 20:00:00,1.6,1.8,,1.4,,68.0,2.0,3.2,135.0,138.0,1030.8,255.0,0.0,,10.0
2023-04-24 21:00:00,1.3,1.6,,0.7,,66.0,1.9,3.4,140.0,154.0,1031.2,179.0,0.0,,60.0
2023-04-24 22:00:00,-0.1,0.7,,-0.9,,80.0,1.9,3.6,161.0,152.0,1031.3,36.0,0.0,,60.0
2023-04-24 23:00:00,-1.3,-0.6,,-1.8,,91.0,1.8,3.2,203.0,170.0,1031.6,7.0,0.0,,90.0
2023-04-25 00:00:00,-1.5,-1.3,,-1.7,,92.0,1.0,2.0,310.0,284.0,1031.9,0.0,0.0,,90.0
2023-04-25 01:00:00,-1.6,-1.3,,-1.7,,91.0,0.5,1.5,0.0,309.0,1031.9,0.0,0.0,,60.0
2023-04-25 02:00:00,-2.3,-1.6,,-2.6,,85.0,2.0,3.0,160.0,170.0,1031.9,0.0,0.0,,10.0
2023-04-25 03:00:00,-2.8,-2.3,,-3.2,,84.0,1.3,2.7,157.0,174.0,1031.8,0.0,0.0,,90.0
2023-04-25 04:00:00,-2.7,-2.5,,-3.3,,83.0,0.6,2.0,189.0,172.0,1031.7,0.0,0.0,,0.0
2023-04-25 05:00:00,-3.1,-2.5,,-3.6,,87.0,0.8,1.5,220.0,247.0,1031.6,0.0,0.0,,0.0
2023-04-25 06:00:00,-3.8,-3.1,2.2,-4.2,-4.2,82.0,1.4,2.5,165.0,161.0,1032.0,0.0,0.0,0.4,90.0
2023-04-25 07:00:00,-3.7,-3.3,,-4.2,,83.0,0.3,1.7,0.0,204.0,1032.3,8.0,0.0,,100.0
2023-04-25 08:00:00,-3.1,-2.7,,-3.4,,87.0,0.0,1.0,0.0,0.0,1032.4,34.0,0.0,,100.0
2023-04-25 09:00:00,-2.6,-2.3,,-2.9,,87.0,0.3,1.5,337.0,291.0,1032.5,109.0,0.0,,100.0
2023-04-25 10:00:00,-2.0,-1.2,,-2.3,,85.0,0.3,1.2,0.0,358.0,1032.7,154.0,0.0,,100.0
2023-04-25 11:00:00,-0.7,0.5,,-1.4,,78.0,0.3,1.4,0.0,14.0,1032.9,340.0,0.0,,90.0
2023-04-25 12:00:00,0.6,1.0,,0.3,,69.0,0.8,2.0,37.0,21.0,1032.9,548.0,0.0,,90.0
2023-04-25 13:00:00,1.3,1.9,,0.8,,68.0,1.1,2.3,19.0,37.0,1032.8,658.0,0.0,,90.0
2023-04-25 14:00:00,2.0,2.8,,1.5,,66.0,1.3,3.4,143.0,45.0,1032.6,705.0,0.0,,90.0
2023-04-25 15:00:00,1.5,1.9,,1.2,,68.0,2.6,3.7,131.0,138.0,1032.5,712.0,0.0,,90.0
2023-04-25 16:00:00,1.5,1.9,,1.3,,67.0,2.5,3.8,144.0,141.0,1032.6,658.0,0.0,,90.0
2023-04-25 17:00:00,1.8,2.2,,1.2,,62.0,2.1,4.1,138.0,147.0,1032.4,571.0,0.0,,100.0
2023-04-25 18:00:00,1.9,2.3,2.8,1.6,-4.2,59.0,2.0,3.4,140.0,141.0,1032.3,541.0,0.0,,90.0
2023-04-25 19:00:00,2.1,2.4,,1.6,,58.0,1.5,2.6,140.0,140.0,1032.2,450.0,0.0,,0.0
2023-04-25 20:00:00,1.7,2.1,,1.3,,60.0,1.7,2.7,160.0,163.0,1032.2,318.0,0.0,,0.0
2023-04-25 21:00:00,1.3,1.6,,1.0,,62.0,1.4,2.6,155.0,162.0,1032.2,177.0,0.0,,0.0
2023-04-25 22:00:00,0.1,1.0,,-0.8,,71.0,1.1,1.9,211.0,173.0,1032.3,56.0,0.0,,0.0
2023-04-25 23:00:00,-0.5,-0.2,,-0.7,,74.0,2.2,2.9,265.0,260.0,1032.1,9.0,0.0,,0.0
2023-04-26 00:00:00,-1.1,-0.7,,-1.5,,76.0,2.0,2.9,261.0,264.0,1032.1,0.0,0.0,,0.0
2023-04-26 01:00:00,-1.4,-1.2,,-1.7,,76.0,1.8,2.8,256.0,264.0,1031.9,0.0,0.0,,0.0
2023-04-26 02:00:00,-1.8,-1.3,,-2.1,,76.0,1.9,2.6,264.0,262.0,1031.4,0.0,0.0,,0.0
2023-04-26 03:00:00,-2.5,-1.9,,-2.8,,80.0,0.7,2.4,274.0,240.0,1031.2,0.0,0.0,,0.0
2023-04-26 04:00:00,-2.9,-2.6,,-3.2,,81.0,0.5,1.4,256.0,271.0,1030.7,0.0,0.0,,0.0
2023-04-26 05:00:00,-2.8,-2.4,,-3.3,,77.0,1.7,3.0,263.0,262.0,1030.2,0.0,0.0,,0.0
2023-04-26 06:00:00,-3.1,-2.4,2.4,-3.8,-3.8,77.0,1.8,2.8,274.0,270.0,1030.0,0.0,0.0,0.0,0.0
2023-04-26 07:00:00,-2.8,-2.5,,-3.1,,76.0,1.7,2.6,265.0,267.0,1029.7,12.0,0.0,,0.0
2023-04-26 08:00:00,-2.6,-1.7,,-3.1,,75.0,1.2,2.7,0.0,267.0,1029.4,82.0,0.0,,0.0
2023-04-26 09:00:00,-1.7,-1.4,,-2.1,,71.0,1.0,2.0,283.0,270.0,1029.0,195.0,0.0,,0.0
2023-04-26 10:00:00,-0.9,-0.1,,-1.4,,72.0,0.8,1.8,161.0,219.0,1028.5,315.0,0.0,,10.0
2023-04-26 11:00:00,-0.4,0.1,,-1.1,,71.0,0.6,1.6,36.0,89.0,1028.0,417.0,0.0,,40.0
2023-04-26 12:00:00,-0.3,0.2,,-0.7,,73.0,0.8,1.8,160.0,145.0,1027.6,508.0,0.0,,10.0
2023-04-26 13:00:00,0.4,1.0,,-0.2,,69.0,1.5,2.7,144.0,153.0,1027.0,581.0,0.0,,40.0
2023-04-26 14:00:00,0.5,0.9,,0.0,,70.0,2.0,3.1,157.0,146.0,1026.5,595.0,0.0,,90.0
2023-04-26 15:00:00,1.3,1.8,,0.3,,66.0,1.5,2.8,31.0,83.0,1025.8,678.0,0.0,,90.0
2023-04-26 16:00:00,1.6,2.1,,1.4,,62.0,1.6,2.8,25.0,34.0,1025.3,561.0,0.0,,90.0
2023-04-26 17:00:00,1.2,1.6,,0.7,,65.0,1.8,3.0,322.0,340.0,1024.8,451.0,0.0,,90.0
2023-04-26 18:00:00,1.0,1.2,2.1,0.7,-3.1,65.0,2.1,3.6,316.0,289.0,1024.6,389.0,0.0,,90.0
2023-04-26 19:00:00,0.7,1.0,,0.4,,64.0,2.2,3.8,289.0,301.0,1024.8,323.0,0.0,,90.0
2023-04-26 20:00:00,0.4,0.9,,-0.7,,66.0,1.9,3.4,324.0,302.0,1024.8,255.0,0.0,,90.0
2023-04-26 21:00:00,-1.1,-0.6,,-1.6,,78.0,1.3,3.0,160.0,183.0,1025.0,112.0,0.0,,100.0
2023-04-26 22:00:00,-1.4,-0.9,,-1.8,,81.0,1.3,2.8,154.0,203.0,1025.2,51.0,0.0,,100.0
2023-04-26 23:00:00,-1.7,-1.5,,-1.9,,80.0,1.2,2.5,196.0,171.0,1025.4,12.0,0.0,,100.0
2023-04-27 00:00:00,-1.4,-1.3,,-1.5,,77.0,0.8,1.5,350.0,318.0,1025.6,0.0,0.0,,100.0
2023-04-27 01:00:00,-1.3,-1.2,,-1.4,,78.0,0.4,1.5,145.0,23.0,1025.7,0.0,0.0,,100.0
2023-04-27 02:00:00,-1.7,-1.4,,-1.9,,88.0,0.5,1.5,163.0,149.0,1025.7,0.0,0.2,,100.0
2023-04-27 03:00:00,-2.1,-1.8,,-2.3,,94.0,0.5,1.3,39.0,360.0,1025.8,0.0,0.2,,100.0
2023-04-27 04:00:00,-2.3,-2.2,,-2.3,,96.0,0.0,0.7,0.0,0.0,1026.0,0.0,0.2,,100.0
2023-04-27 05:00:00,-2.1,-1.9,,-2.2,,96.0,0.0,0.5,0.0,0.0,1025.9,0.0,0.1,,100.0
2023-04-27 06:00:00,-1.9,-1.9,1.0,-2.0,-2.3,95.0,0.0,0.7,0.0,0.0,1026.1,0.0,0.1,0.8,100.0
2023-04-27 07:00:00,-1.9,-1.8,,-2.1,,95.0,0.0,0.7,118.0,0.0,1026.5,13.0,0.1,,100.0
2023-04-27 08:00:00,-1.7,-1.5,,-2.0,,90.0,0.7,1.5,256.0,218.0,1026.6,83.0,0.0,,90.0
2023-04-27 09:00:00,-1.1,-0.7,,-1.5,,84.0,0.6,2.1,288.0,270.0,1027.0,162.0,0.0,,100.0
2023-04-27 10:00:00,-0.8,-0.2,,-1.2,,81.0,2.1,3.2,251.0,255.0,1027.0,345.0,0.0,,90.0
2023-04-27 11:00:00,0.1,0.4,,-0.2,,72.0,2.3,3.9,254.0,254.0,1027.2,447.0,0.0,,90.0
2023-04-27 12:00:00,0.7,1.2,,0.3,,67.0,1.4,3.5,286.0,271.0,1027.3,450.0,0.0,,100.0
2023-04-27 13:00:00,1.5,2.0,,0.9,,62.0,1.1,3.4,42.0,352.0,1027.3,490.0,0.0,,100.0
2023-04-27 14:00:00,1.4,1.9,,1.0,,63.0,1.7,3.5,152.0,97.0,1027.5,466.0,0.0,,100.0
2023-04-27 15:00:00,1.5,1.9,,1.0,,64.0,1.5,3.2,132.0,129.0,1027.5,476.0,0.0,,100.0
2023-04-27 16:00:00,1.3,1.8,,1.0,,66.0,2.1,3.7,142.0,149.0,1027.4,435.0,0.0,,100.0
2023-04-27 17:00:00,1.0,1.3,,0.7,,67.0,2.7,4.4,162.0,154.0,1027.5,412.0,0.0,,90.0
2023-04-27 18:00:00,0.5,1.0,2.0,0.3,-2.1,71.0,2.8,4.7,162.0,161.0,1027.4,444.0,0.0,,100.0
2023-04-27 19:00:00,0.7,1.2,,0.2,,71.0,2.8,5.6,155.0,152.0,1027.7,552.0,0.0,,90.0
2023-04-27 20:00:00,-0.4,0.3,,-0.6,,73.0,2.8,4.7,153.0,154.0,1028.0,169.0,0.0,,100.0
2023-04-27 21:00:00,-0.6,-0.5,,-0.7,,69.0,2.2,3.6,138.0,148.0,1028.5,108.0,0.0,,90.0
2023-04-27 22:00:00,-0.7,-0.5,,-1.1,,68.0,1.8,2.9,147.0,138.0,1028.8,46.0,0.0,,60.0
2023-04-27 23:00:00,-1.3,-1.0,,-1.6,,72.0,0.6,2.0,231.0,199.0,1029.1,12.0,0.0,,0.0
2023-04-28 01:00:00,-2.4,-2.1,,-2.5,,78.0,0.9,1.9,181.0,225.0,1030.1,0.0,0.0,,0.0
2023-04-28 02:00:00,-2.7,-2.4,,-3.0,,78.0,0.5,1.7,0.0,248.0,1030.5,0.0,0.0,,0.0
2023-04-28 03:00:00,-3.4,-2.9,,-4.4,,83.0,0.8,2.6,185.0,227.0,1030.9,0.0,0.0,,0.0
2023-04-28 04:00:00,-5.4,-4.5,,-5.9,,95.0,2.8,4.0,160.0,166.0,1031.5,0.0,0.0,,0.0
2023-04-28 05:00:00,-5.9,-5.2,,-6.3,,97.0,3.1,4.6,179.0,163.0,1032.1,0.0,0.0,,
2023-04-28 06:00:00,-5.0,-4.8,1.2,-5.3,-6.3,96.0,1.1,3.0,323.0,221.0,1032.7,0.0,0.0,0.1,
2023-04-28 07:00:00,-5.2,-5.1,,-5.3,,95.0,0.7,1.6,271.0,297.0,1033.4,9.0,0.0,,90.0
2023-04-28 08:00:00,-5.0,-4.8,,-5.3,,95.0,0.7,1.7,342.0,312.0,1034.0,37.0,0.0,,
2023-04-28 09:00:00,-4.8,-4.5,,-5.0,,95.0,0.7,1.7,334.0,337.0,1034.7,84.0,0.0,,100.0
2023-04-28 10:00:00,-4.4,-4.1,,-4.6,,94.0,1.3,3.2,309.0,319.0,1035.1,193.0,0.0,,100.0
2023-04-28 11:00:00,-4.3,-3.8,,-4.7,,92.0,1.9,3.6,308.0,308.0,1035.1,372.0,0.0,,40.0
2023-04-28 12:00:00,-3.5,-2.3,,-4.1,,87.0,1.1,3.0,138.0,62.0,1035.1,558.0,0.0,,0.0
2023-04-28 13:00:00,-1.2,-0.4,,-2.3,,75.0,0.9,2.1,49.0,69.0,1035.0,650.0,0.0,,0.0
2023-04-28 14:00:00,-0.2,0.9,,-0.9,,63.0,0.9,2.1,331.0,2.0,1034.9,712.0,0.0,,0.0
2023-04-28 15:00:00,1.3,1.9,,0.7,,52.0,1.3,3.6,268.0,319.0,1034.2,736.0,0.0,,0.0
2023-04-28 16:00:00,2.1,2.8,,1.5,,39.0,1.3,3.1,85.0,296.0,1033.9,719.0,0.0,,0.0
2023-04-28 17:00:00,1.7,2.8,,1.0,,50.0,2.3,4.0,136.0,132.0,1033.3,668.0,0.0,,0.0
2023-04-28 18:00:00,1.4,1.6,2.8,1.0,-5.3,46.0,2.5,4.0,158.0,150.0,1032.9,585.0,0.0,,0.0
2023-04-28 19:00:00,1.3,1.7,,1.1,,42.0,2.3,4.3,143.0,146.0,1032.3,476.0,0.0,,0.0
2023-04-28 20:00:00,0.9,1.4,,0.0,,49.0,2.1,4.0,145.0,146.0,1031.9,350.0,0.0,,0.0
2023-04-28 21:00:00,-0.1,0.3,,-0.5,,56.0,2.2,3.8,149.0,145.0,1031.7,215.0,0.0,,0.0
2023-04-28 22:00:00,-1.4,0.1,,-3.0,,65.0,1.9,3.8,158.0,161.0,1031.6,101.0,0.0,,0.0
2023-04-28 23:00:00,-2.7,-2.2,,-3.1,,76.0,0.3,1.4,263.0,249.0,1031.6,13.0,0.0,,0.0
2023-04-29 00:00:00,-2.5,-2.3,,-2.9,,64.0,1.5,2.6,262.0,262.0,1031.7,1.0,0.0,,0.0
2023-04-29 01:00:00,-3.1,-2.7,,-3.4,,59.0,2.4,3.1,255.0,260.0,1031.6,0.0,0.0,,0.0
2023-04-29 02:00:00,-3.4,-2.7,,-3.8,,58.0,2.5,3.5,257.0,258.0,1031.0,0.0,0.0,,0.0
2023-04-29 03:00:00,-3.8,-3.4,,-4.3,,58.0,1.4,3.1,0.0,278.0,1030.8,0.0,0.0,,0.0
2023-04-29 04:00:00,-4.3,-4.1,,-4.5,,59.0,2.1,3.1,267.0,268.0,1030.7,0.0,0.0,,0.0
2023-04-29 05:00:00,-4.5,-4.4,,-4.7,,59.0,2.1,2.9,266.0,268.0,1030.2,0.0,0.0,,60.0
2023-04-29 06:00:00,-4.3,-4.1,1.7,-4.6,-4.7,57.0,2.3,3.7,301.0,270.0,1030.1,1.0,0.0,0.0,60.0
2023-04-29 07:00:00,-4.6,-4.3,,-5.0,,63.0,0.0,1.3,0.0,0.0,1030.0,22.0,0.0,,10.0
2023-04-29 08:00:00,-3.8,-3.2,,-4.4,,57.0,1.0,3.0,255.0,288.0,1030.1,114.0,0.0,,90.0
2023-04-29 09:00:00,-3.1,-2.6,,-3.6,,55.0,1.2,3.1,39.0,309.0,1030.2,170.0,0.0,,10.0
2023-04-29 10:00:00,-2.1,-1.6,,-2.7,,55.0,0.4,1.5,4.0,4.0,1030.2,292.0,0.0,,10.0
2023-04-29 11:00:00,-1.3,-0.8,,-2.0,,53.0,0.7,3.9,16.0,349.0,1030.1,409.0,0.0,,0.0
2023-04-29 12:00:00,-0.7,-0.2,,-1.1,,53.0,1.6,4.0,24.0,30.0,1030.1,535.0,0.0,,0.0
2023-04-29 13:00:00,-0.1,0.4,,-0.4,,51.0,1.5,2.9,258.0,327.0,1029.9,584.0,0.0,,10.0
2023-04-29 14:00:00,0.9,1.4,,0.3,,45.0,1.4,3.2,51.0,24.0,1029.6,749.0,0.0,,60.0
2023-04-29 15:00:00,1.2,1.8,,0.8,,43.0,1.2,2.5,85.0,59.0,1029.3,741.0,0.0,,40.0
2023-04-29 16:00:00,1.5,2.0,,1.1,,44.0,1.5,3.8,134.0,81.0,1029.1,738.0,0.0,,60.0
2023-04-29 17:00:00,1.8,2.2,,1.4,,42.0,1.3,3.6,36.0,53.0,1028.9,674.0,0.0,,0.0
2023-04-29 18:00:00,1.9,2.1,2.2,1.8,-5.0,41.0,1.3,2.7,42.0,41.0,1028.7,571.0,0.0,,0.0
2023-04-29 19:00:00,2.1,3.0,,1.4,,41.0,1.2,2.6,153.0,57.0,1028.6,490.0,0.0,,0.0
2023-04-29 20:00:00,1.9,2.3,,1.2,,41.0,1.3,2.7,174.0,214.0,1028.5,364.0,0.0,,0.0
2023-04-29 21:00:00,1.3,2.0,,0.8,,43.0,1.8,3.5,160.0,207.0,1028.3,228.0,0.0,,0.0
2023-04-29 22:00:00,-0.1,0.7,,-0.7,,51.0,2.5,3.7,163.0,154.0,1028.4,111.0,0.0,,0.0
2023-04-29 23:00:00,-0.9,-0.6,,-1.2,,56.0,1.4,2.7,154.0,150.0,1028.6,23.0,0.0,,10.0
2023-04-30 00:00:00,-1.7,-1.2,,-2.0,,61.0,0.6,1.5,164.0,233.0,1028.6,2.0,0.0,,0.0
2023-04-30 01:00:00,-2.2,-1.7,,-2.7,,62.0,0.8,1.7,264.0,203.0,1028.6,0.0,0.0,,40.0
2023-04-30 02:00:00,-2.7,-2.2,,-3.0,,64.0,0.3,1.2,236.0,257.0,1028.6,0.0,0.0,,10.0
2023-04-30 03:00:00,-3.1,-2.6,,-3.4,,62.0,1.0,2.2,251.0,254.0,1028.9,0.0,0.0,,90.0
2023-04-30 04:00:00,-3.3,-2.9,,-3.6,,68.0,0.4,1.5,0.0,226.0,1028.9,0.0,0.0,,10.0
2023-04-30 05:00:00,-3.6,-3.2,,-4.0,,63.0,1.6,3.6,267.0,264.0,1029.1,0.0,0.0,,0.0
2023-04-30 06:00:00,-3.6,-3.1,3.0,-4.2,-4.2,59.0,1.7,2.9,269.0,264.0,1029.5,1.0,0.0,0.0,0.0
2023-04-30 07:00:00,-3.9,-3.3,,-4.3,,60.0,1.6,2.5,296.0,275.0,1029.9,21.0,0.0,,60.0
2023-04-30 08:00:00,-3.2,-2.6,,-4.0,,59.0,0.6,1.8,198.0,261.0,1030.4,67.0,0.0,,40.0
2023-04-30 09:00:00,-3.2,-2.8,,-3.6,,65.0,0.9,2.4,278.0,163.0,1031.0,164.0,0.0,,0.0
2023-04-30 10:00:00,-2.6,-2.1,,-3.1,,64.0,0.4,1.2,0.0,340.0,1031.4,317.0,0.0,,0.0
2023-04-30 11:00:00,-1.5,-0.7,,-2.2,,61.0,0.4,1.5,29.0,14.0,1032.0,407.0,0.0,,0.0
2023-04-30 12:00:00,-0.3,0.6,,-1.3,,54.0,0.8,2.3,298.0,66.0,1032.3,558.0,0.0,,40.0
2023-04-30 13:00:00,0.7,1.2,,0.3,,53.0,0.7,2.1,293.0,10.0,1032.4,459.0,0.0,,60.0
2023-04-30 14:00:00,1.9,2.5,,1.1,,42.0,1.2,3.0,163.0,47.0,1032.5,607.0,0.0,,40.0
2023-04-30 15:00:00,2.6,3.5,,1.7,,38.0,1.7,3.5,145.0,159.0,1032.4,734.0,0.0,,10.0
2023-04-30 16:00:00,2.8,3.5,,2.1,,36.0,2.3,4.6,155.0,153.0,1032.4,683.0,0.0,,0.0
2023-04-30 17:00:00,3.3,4.0,,2.9,,32.0,2.1,3.6,163.0,154.0,1032.2,658.0,0.0,,10.0
2023-04-30 18:00:00,4.0,4.5,4.5,3.4,-4.3,29.0,1.4,3.2,67.0,111.0,1032.1,626.0,0.0,,0.0
2023-04-30 19:00:00,4.3,4.7,,4.0,,27.0,1.0,3.6,43.0,75.0,1032.3,490.0,0.0,,0.0
2023-04-30 20:00:00,3.5,4.2,,3.1,,32.0,2.0,4.5,357.0,9.0,1032.3,358.0,0.0,,0.0
2023-04-30 21:00:00,2.8,3.5,,2.4,,32.0,3.2,4.5,266.0,263.0,1032.3,238.0,0.0,,10.0
2023-04-30 22:00:00,2.0,2.5,,1.3,,34.0,3.1,5.1,260.0,262.0,1032.3,111.0,0.0,,10.0
2023-04-30 23:00:00,1.0,1.2,,0.9,,37.0,1.2,3.0,37.0,298.0,1032.6,20.0,0.0,,0.0
2023-05-01 00:00:00,0.3,0.9,,-0.1,,41.0,0.4,1.1,0.0,122.0,1032.6,2.0,0.0,,40.0
2023-05-01 01:00:00,-0.2,0.2,,-0.6,,40.0,2.5,3.9,265.0,256.0,1032.3,0.0,0.0,,0.0
2023-05-01 02:00:00,-0.6,-0.1,,-1.1,,39.0,3.0,3.8,265.0,263.0,1032.0,0.0,0.0,,0.0
2023-05-01 03:00:00,-0.8,-0.4,,-1.2,,39.0,1.8,3.8,314.0,277.0,1031.9,0.0,0.0,,0.0
2023-05-01 04:00:00,-1.4,-0.9,,-1.9,,44.0,0.3,2.4,33.0,333.0,1031.8,0.0,0.0,,0.0
2023-05-01 05:00:00,-2.1,-1.8,,-2.7,,47.0,0.7,3.0,269.0,357.0,1031.8,0.0,0.0,,0.0
2023-05-01 06:00:00,-1.7,-1.3,4.7,-2.3,-2.7,42.0,1.6,2.7,276.0,275.0,1032.1,1.0,0.0,0.0,0.0
2023-05-01 07:00:00,-1.5,-0.7,,-1.9,,41.0,0.9,2.7,332.0,298.0,1032.2,24.0,0.0,,0.0
2023-05-01 08:00:00,-1.2,-0.8,,-1.6,,41.0,1.4,2.9,287.0,288.0,1032.3,90.0,0.0,,40.0
2023-05-01 09:00:00,-0.7,-0.3,,-1.1,,43.0,0.7,2.3,25.0,353.0,1032.5,121.0,0.0,,90.0
2023-05-01 10:00:00,-0.1,0.4,,-0.5,,44.0,0.9,2.7,352.0,327.0,1032.6,191.0,0.0,,90.0
2023-05-01 11:00:00,0.8,1.3,,0.3,,43.0,0.7,3.0,16.0,357.0,1032.7,244.0,0.0,,90.0
2023-05-01 12:00:00,1.4,2.0,,1.0,,43.0,2.2,4.6,286.0,335.0,1032.7,342.0,0.0,,100.0
2023-05-01 13:00:00,2.8,3.3,,1.8,,38.0,1.8,4.2,19.0,353.0,1032.5,593.0,0.0,,90.0
2023-05-01 14:00:00,3.2,3.5,,3.0,,40.0,3.2,6.0,12.0,14.0,1032.3,746.0,0.0,,10.0
2023-05-01 15:00:00,3.5,3.9,,3.1,,38.0,3.0,5.8,12.0,12.0,1032.1,725.0,0.0,,0.0
2023-05-01 16:00:00,3.8,4.1,,3.4,,36.0,3.3,5.7,9.0,10.0,1032.0,723.0,0.0,,0.0
2023-05-01 17:00:00,4.1,4.4,,3.8,,35.0,2.0,5.2,50.0,33.0,1031.8,672.0,0.0,,0.0
2023-05-01 18:00:00,3.9,4.1,4.4,3.6,-1.9,34.0,1.1,2.7,36.0,42.0,1031.4,589.0,0.0,,0.0
2023-05-01 19:00:00,3.7,4.2,,3.2,,40.0,1.5,2.5,164.0,102.0,1031.2,482.0,0.0,,0.0
2023-05-01 20:00:00,3.5,4.2,,2.7,,48.0,1.0,2.0,184.0,173.0,1031.1,357.0,0.0,,0.0
2023-05-01 21:00:00,3.6,4.2,,3.2,,40.0,1.3,2.8,242.0,280.0,1031.0,231.0,0.0,,0.0
2023-05-01 22:00:00,2.8,3.2,,2.1,,44.0,0.9,2.0,262.0,234.0,1030.9,111.0,0.0,,0.0
2023-05-01 23:00:00,1.5,2.6,,0.7,,47.0,0.7,2.5,338.0,290.0,1031.0,18.0,0.0,,0.0
2023-05-02 00:00:00,0.3,0.8,,0.0,,53.0,0.0,0.9,345.0,0.0,1031.0,2.0,0.0,,0.0
2023-05-02 01:00:00,-0.1,0.2,,-0.6,,54.0,0.3,1.0,272.0,355.0,1030.8,0.0,0.0,,0.0
2023-05-02 02:00:00,-0.7,-0.1,,-1.0,,56.0,0.5,1.8,0.0,296.0,1030.7,0.0,0.0,,0.0
2023-05-02 03:00:00,-1.7,-0.9,,-2.0,,69.0,2.5,4.7,171.0,163.0,1030.4,0.0,0.0,,0.0
2023-05-02 04:00:00,-2.5,-1.6,,-3.3,,69.0,1.0,2.2,181.0,207.0,1030.3,0.0,0.0,,0.0
2023-05-02 05:00:00,-3.4,-2.9,,-3.7,,72.0,0.7,1.9,197.0,226.0,1030.2,0.0,0.0,,0.0
2023-05-02 06:00:00,-3.4,-2.9,4.2,-3.7,-3.7,70.0,0.7,2.7,265.0,215.0,1030.4,2.0,0.0,0.0,0.0
2023-05-02 07:00:00,-3.1,-2.8,,-3.3,,62.0,1.4,2.7,271.0,263.0,1030.6,25.0,0.0,,0.0
2023-05-02 08:00:00,-2.8,-2.3,,-3.1,,63.0,0.7,2.5,265.0,282.0,1030.8,114.0,0.0,,0.0
2023-05-03 17:00:00,2.6,3.3,,1.7,,51.0,1.8,3.4,168.0,165.0,1029.2,687.0,0.0,,0.0
2023-05-03 18:00:00,2.4,2.8,,2.0,,50.0,2.7,4.1,145.0,148.0,1029.0,610.0,0.0,,10.0
2023-05-03 19:00:00,2.5,2.8,,2.3,,50.0,2.3,3.7,137.0,140.0,1028.9,432.0,0.0,,90.0
2023-05-03 20:00:00,2.5,2.8,,2.3,,50.0,2.0,3.1,141.0,153.0,1028.9,204.0,0.0,,100.0
2023-05-03 21:00:00,2.5,2.7,,2.3,,49.0,1.4,2.9,147.0,140.0,1028.6,124.0,0.0,,100.0
2023-05-03 22:00:00,1.3,2.3,,0.6,,55.0,2.1,3.6,162.0,149.0,1028.4,39.0,0.0,,100.0
2023-05-03 23:00:00,1.2,1.8,,0.6,,61.0,0.7,2.3,149.0,180.0,1028.4,14.0,0.0,,100.0
2023-05-04 00:00:00,0.9,1.2,,0.7,,63.0,0.4,1.3,0.0,174.0,1028.4,1.0,0.0,,100.0
2023-05-04 01:00:00,1.0,1.3,,0.6,,67.0,1.1,2.9,161.0,157.0,1028.3,0.0,0.0,,100.0
2023-05-04 02:00:00,0.5,0.7,,0.3,,72.0,1.0,2.7,0.0,68.0,1027.9,0.0,0.0,,100.0
2023-05-04 03:00:00,0.3,0.5,,0.2,,77.0,0.3,1.3,131.0,7.0,1027.4,0.0,0.0,,100.0
2023-05-04 04:00:00,-0.3,0.2,,-0.5,,85.0,1.8,2.7,171.0,168.0,1026.8,0.0,0.0,,100.0
2023-05-04 05:00:00,-0.1,0.2,,-0.5,,84.0,0.3,1.8,225.0,214.0,1026.4,0.0,0.0,,100.0
2023-05-04 06:00:00,-0.1,0.0,2.8,-0.3,-0.5,83.0,0.0,0.5,0.0,0.0,1025.9,2.0,0.0,,90.0
2023-05-04 07:00:00,0.2,0.4,,-0.1,,82.0,0.0,0.5,0.0,0.0,1025.4,17.0,0.0,,90.0
2023-05-04 08:00:00,0.3,0.8,,-0.1,,84.0,0.3,1.0,117.0,192.0,1024.9,49.0,0.0,,100.0
2023-05-04 09:00:00,1.1,1.6,,0.7,,80.0,0.0,1.0,0.0,0.0,1024.5,168.0,0.0,,90.0
2023-05-04 10:00:00,1.9,2.6,,1.4,,72.0,0.5,1.4,326.0,7.0,1023.8,275.0,0.0,,90.0
2023-05-04 11:00:00,3.1,3.7,,2.6,,64.0,1.1,2.2,22.0,6.0,1023.1,401.0,0.0,,60.0
2023-05-04 12:00:00,3.9,4.8,,2.8,,59.0,1.1,2.6,165.0,67.0,1022.5,542.0,0.0,,40.0
2023-05-04 14:00:00,5.2,,,,,51.0,0.9,2.3,103.0,,1020.8,596.0,,,60.0
2023-05-04 15:00:00,5.4,6.2,,4.9,,51.0,1.2,2.9,148.0,59.0,1019.8,676.0,0.0,,90.0
2023-05-04 16:00:00,6.2,6.7,,5.9,,49.0,1.0,3.6,39.0,96.0,1019.0,712.0,0.0,,10.0
2023-05-04 17:00:00,6.3,6.7,,6.0,,46.0,1.8,3.3,133.0,106.0,1018.0,681.0,0.0,,0.0
2023-05-04 18:00:00,4.2,6.7,,2.5,,57.0,2.3,4.3,187.0,166.0,1017.4,600.0,0.0,,0.0
2023-05-04 19:00:00,4.5,5.2,,4.0,,52.0,1.3,2.8,305.0,323.0,1016.7,494.0,0.0,,0.0
2023-05-04 20:00:00,4.4,5.1,,3.7,,50.0,1.2,2.2,334.0,346.0,1016.1,372.0,0.0,,0.0
2023-05-04 21:00:00,3.7,4.2,,3.0,,54.0,0.8,2.6,103.0,33.0,1015.7,249.0,0.0,,0.0
2023-05-04 22:00:00,1.3,2.9,,0.5,,62.0,2.1,3.7,186.0,172.0,1015.4,129.0,0.0,,0.0
2023-05-04 23:00:00,0.6,1.5,,-0.5,,66.0,1.3,3.2,166.0,199.0,1015.1,24.0,0.0,,0.0
2023-05-05 00:00:00,-0.4,-0.1,,-0.8,,70.0,1.0,2.7,194.0,176.0,1015.0,3.0,0.0,,0.0
2023-05-05 01:00:00,-0.4,0.0,,-1.1,,71.0,0.4,1.5,224.0,212.0,1014.7,0.0,0.0,,0.0
2023-05-05 02:00:00,-0.9,-0.5,,-1.3,,72.0,0.7,1.9,269.0,216.0,1014.3,0.0,0.0,,0.0
2023-05-05 03:00:00,-0.6,-0.4,,-1.0,,68.0,1.7,2.8,270.0,270.0,1013.8,0.0,0.0,,0.0
2023-05-05 04:00:00,-1.2,-0.8,,-1.4,,71.0,0.7,2.1,264.0,240.0,1013.6,0.0,0.0,,0.0
2023-05-05 05:00:00,-1.3,-0.8,,-2.0,,69.0,2.0,3.4,272.0,270.0,1013.5,0.0,0.0,,0.0
2023-05-05 06:00:00,-1.0,-0.5,5.2,-1.6,-2.0,66.0,1.8,3.8,316.0,279.0,1013.4,4.0,0.0,,0.0
2023-05-05 07:00:00,-1.1,-0.2,,-1.9,,68.0,0.8,2.0,186.0,217.0,1013.6,38.0,0.0,,0.0
2023-05-05 08:00:00,-0.5,0.5,,-1.8,,65.0,0.7,2.1,0.0,296.0,1013.8,126.0,0.0,,0.0
2023-05-05 09:00:00,0.2,0.6,,-0.1,,66.0,0.5,1.4,173.0,197.0,1014.0,240.0,0.0,,0.0
2023-05-05 10:00:00,0.6,1.1,,-0.2,,67.0,0.4,1.4,333.0,13.0,1014.2,364.0,0.0,,0.0
2023-05-05 11:00:00,1.7,2.5,,0.8,,60.0,0.8,4.5,92.0,32.0,1014.1,486.0,0.0,,0.0
2023-05-05 12:00:00,2.0,3.1,,0.5,,64.0,1.8,4.0,159.0,155.0,1014.0,590.0,0.0,,0.0
2023-05-05 13:00:00,1.9,2.6,,1.3,,67.0,1.9,3.2,179.0,169.0,1014.2,676.0,0.0,,0.0
2023-05-05 14:00:00,3.5,4.5,,2.3,,57.0,1.3,2.5,149.0,118.0,1013.9,731.0,0.0,,0.0
2023-05-05 15:00:00,3.5,4.0,,3.0,,56.0,2.4,3.7,142.0,139.0,1013.6,753.0,0.0,,0.0
2023-05-05 16:00:00,3.9,4.5,,3.4,,54.0,2.2,3.5,147.0,145.0,1013.4,734.0,0.0,,0.0
2023-05-05 17:00:00,4.1,4.6,,3.7,,53.0,2.5,3.8,151.0,152.0,1013.0,682.0,0.0,,0.0
2023-05-05 18:00:00,4.1,4.4,4.6,3.8,-1.9,53.0,2.3,3.5,149.0,155.0,1013.0,599.0,0.0,,10.0
2023-05-05 19:00:00,4.1,4.4,,3.9,,50.0,2.5,3.9,152.0,143.0,1013.0,494.0,0.0,,0.0
2023-05-05 20:00:00,4.0,4.5,,3.7,,52.0,2.2,3.3,159.0,156.0,1012.8,373.0,0.0,,0.0
2023-05-05 21:00:00,3.0,3.8,,2.2,,58.0,2.7,4.7,156.0,157.0,1012.8,247.0,0.0,,0.0
2023-05-05 22:00:00,1.4,2.3,,0.6,,69.0,2.9,4.3,176.0,162.0,1013.0,131.0,0.0,,0.0
2023-05-05 23:00:00,0.9,1.3,,0.3,,74.0,0.4,1.2,151.0,190.0,1013.0,30.0,0.0,,90.0
2023-05-06 00:00:00,0.5,0.7,,0.0,,77.0,0.5,1.5,317.0,202.0,1013.0,3.0,0.0,,40.0
2023-05-06 01:00:00,-0.4,-0.1,,-0.6,,81.0,0.0,1.0,0.0,0.0,1012.7,0.0,0.0,,0.0
2023-05-06 02:00:00,-0.1,0.4,,-0.5,,76.0,1.2,2.3,264.0,271.0,1012.4,0.0,0.0,,40.0
2023-05-06 03:00:00,0.1,0.4,,-0.4,,73.0,1.5,2.4,262.0,266.0,1011.8,0.0,0.0,,0.0
2023-05-06 04:00:00,-0.3,0.4,,-0.9,,74.0,1.2,2.2,135.0,166.0,1011.8,0.0,0.0,,0.0
2023-05-06 05:00:00,-1.0,-0.5,,-1.5,,76.0,1.5,2.7,267.0,249.0,1011.6,0.0,0.0,,0.0
2023-05-06 06:00:00,-1.1,-0.7,4.5,-1.7,-1.7,75.0,1.3,2.9,250.0,245.0,1011.5,5.0,0.0,0.0,0.0
2023-05-06 07:00:00,-1.3,-0.9,,-2.0,,79.0,1.5,2.8,161.0,193.0,1011.6,42.0,0.0,,0.0
2023-05-06 08:00:00,-1.2,-0.8,,-1.7,,81.0,0.9,2.5,0.0,160.0,1011.8,133.0,0.0,,0.0
2023-05-06 09:00:00,-0.2,0.4,,-0.8,,77.0,0.3,1.0,74.0,92.0,1011.7,248.0,0.0,,0.0
2023-05-06 10:00:00,-1.0,0.0,,-1.8,,80.0,1.9,3.4,165.0,137.0,1012.0,375.0,0.0,,0.0
2023-05-06 11:00:00,-0.8,0.5,,-1.6,,81.0,2.0,3.4,154.0,163.0,1011.9,497.0,0.0,,0.0
2023-05-06 12:00:00,1.1,1.8,,0.5,,73.0,0.9,2.5,26.0,49.0,1012.1,598.0,0.0,,0.0
2023-05-06 13:00:00,2.1,2.9,,1.4,,69.0,1.2,4.0,135.0,56.0,1011.9,688.0,0.0,,0.0
2023-05-06 14:00:00,3.4,4.2,,2.7,,60.0,1.8,3.9,147.0,151.0,1011.6,746.0,0.0,,0.0
2023-05-06 15:00:00,4.0,4.7,,3.6,,57.0,2.1,3.8,182.0,154.0,1011.4,763.0,0.0,,0.0
2023-05-06 16:00:00,4.7,5.2,,3.6,,54.0,2.1,5.0,149.0,120.0,1011.4,746.0,0.0,,0.0
2023-05-06 17:00:00,3.9,4.3,,3.5,,55.0,2.9,4.5,156.0,151.0,1011.1,695.0,0.0,,0.0
2023-05-06 18:00:00,4.2,4.9,5.2,3.7,-2.0,51.0,2.4,4.1,145.0,153.0,1010.8,609.0,0.0,,0.0
2023-05-06 19:00:00,4.5,5.1,,4.1,,47.0,2.2,4.3,154.0,140.0,1010.9,502.0,0.0,,0.0
2023-05-06 20:00:00,4.3,4.7,,3.9,,46.0,2.0,3.8,159.0,151.0,1010.7,382.0,0.0,,0.0
2023-05-06 21:00:00,4.1,4.3,,3.7,,46.0,1.7,3.1,156.0,159.0,1010.7,268.0,0.0,,60.0
2023-05-06 22:00:00,3.0,3.6,,2.2,,54.0,1.5,2.9,143.0,143.0,1011.0,87.0,0.0,,90.0
2023-05-06 23:00:00,1.9,2.8,,0.9,,65.0,1.4,3.0,152.0,151.0,1011.1,16.0,0.0,,100.0
2023-05-07 00:00:00,1.8,2.2,,1.2,,63.0,0.6,2.4,0.0,231.0,1010.8,2.0,0.0,,100.0
2023-05-07 01:00:00,1.4,1.5,,1.3,,71.0,0.4,1.4,303.0,344.0,1010.8,0.0,0.0,,100.0
2023-05-07 02:00:00,1.5,2.1,,0.6,,67.0,1.5,3.6,156.0,222.0,1010.6,0.0,0.0,,100.0
2023-05-07 03:00:00,1.0,1.4,,0.6,,72.0,1.5,2.8,132.0,160.0,1010.3,0.0,0.0,,100.0
2023-05-07 04:00:00,1.1,1.3,,0.8,,74.0,1.3,2.8,159.0,137.0,1010.0,0.0,0.0,,100.0
2023-05-07 05:00:00,0.4,0.8,,0.1,,84.0,0.8,2.4,334.0,240.0,1009.9,0.0,0.1,,100.0
2023-05-07 06:00:00,0.1,0.1,5.1,0.0,0.0,88.0,0.6,2.2,146.0,56.0,1009.4,1.0,0.1,0.2,100.0
2023-05-07 07:00:00,0.4,0.6,,0.0,,89.0,1.0,2.0,320.0,207.0,1009.5,13.0,0.0,,100.0
2023-05-07 08:00:00,0.0,0.3,,-0.1,,90.0,0.6,1.3,336.0,332.0,1009.3,39.0,0.0,,100.0
2023-05-07 09:00:00,0.4,0.8,,0.1,,89.0,0.8,1.5,19.0,344.0,1009.1,105.0,0.0,,90.0
2023-05-07 10:00:00,0.9,1.3,,0.6,,89.0,1.2,2.9,138.0,101.0,1008.9,194.0,0.0,,90.0
2023-05-07 11:00:00,1.4,2.2,,0.8,,84.0,0.9,2.4,192.0,162.0,1008.8,231.0,0.0,,
2023-05-07 12:00:00,1.9,2.3,,1.7,,81.0,1.4,3.1,137.0,69.0,1008.6,283.0,0.0,,90.0
2023-05-07 13:00:00,1.8,2.3,,1.4,,80.0,2.5,4.0,137.0,140.0,1008.3,458.0,0.0,,90.0
2023-05-07 14:00:00,3.1,3.8,,2.0,,71.0,1.9,3.0,137.0,139.0,1007.9,613.0,0.0,,60.0
2023-05-07 15:00:00,3.8,4.5,,3.4,,66.0,1.3,2.6,108.0,141.0,1007.4,483.0,0.0,,90.0
2023-05-07 16:00:00,4.2,4.9,,3.7,,66.0,1.2,3.0,148.0,128.0,1007.1,465.0,0.0,,90.0
2023-05-07 17:00:00,3.8,4.3,,3.5,,69.0,1.9,3.2,137.0,142.0,1006.6,328.0,0.0,,90.0
2023-05-07 18:00:00,3.6,3.8,4.9,3.3,-0.1,64.0,1.9,3.3,138.0,139.0,1006.5,256.0,0.0,,90.0
2023-05-07 19:00:00,3.0,3.4,,2.8,,67.0,1.6,3.5,156.0,153.0,1006.3,127.0,0.0,,90.0
2023-05-07 20:00:00,2.8,3.0,,2.5,,69.0,1.9,3.7,143.0,148.0,1006.5,80.0,0.0,,90.0
2023-05-07 21:00:00,3.0,3.2,,2.5,,72.0,0.9,1.9,264.0,175.0,1006.5,68.0,0.0,,90.0
2023-05-07 22:00:00,2.7,2.9,,2.4,,75.0,1.1,2.4,9.0,340.0,1006.3,48.0,0.0,,90.0
2023-05-07 23:00:00,2.9,3.1,,2.8,,75.0,1.7,4.1,265.0,295.0,1006.2,17.0,0.0,,90.0
2023-05-08 00:00:00,2.9,3.2,,2.6,,78.0,1.8,4.4,328.0,281.0,1006.5,1.0,0.1,,
2023-05-08 01:00:00,1.9,2.5,,1.1,,88.0,0.7,1.8,305.0,352.0,1006.4,0.0,1.0,,
2023-05-08 02:00:00,0.9,1.1,,0.7,,94.0,1.8,3.1,269.0,270.0,1005.8,0.0,0.6,,90.0
2023-05-08 03:00:00,0.9,1.2,,0.7,,95.0,0.8,2.2,253.0,270.0,1005.4,0.0,0.2,,90.0
2023-05-08 04:00:00,1.0,1.3,,0.8,,95.0,1.6,2.9,167.0,167.0,1005.1,0.0,0.0,,90.0
2023-05-08 05:00:00,0.9,1.1,,0.8,,96.0,1.0,2.6,180.0,166.0,1004.8,0.0,0.1,,90.0
2023-05-08 06:00:00,0.9,1.0,3.4,0.8,0.7,96.0,0.8,2.2,101.0,148.0,1004.8,1.0,0.1,2.1,90.0
2023-05-08 07:00:00,0.8,0.9,,0.7,,97.0,0.6,1.8,332.0,349.0,1005.2,15.0,0.0,,90.0
2023-05-08 08:00:00,0.9,1.1,,0.7,,98.0,0.8,2.2,350.0,318.0,1005.3,38.0,0.2,,90.0
2023-05-08 09:00:00,1.2,1.8,,0.8,,96.0,1.2,3.4,270.0,298.0,1005.5,55.0,0.6,,90.0
2023-05-08 10:00:00,2.3,2.6,,1.8,,94.0,1.3,3.2,344.0,307.0,1005.6,103.0,0.3,,90.0
2023-05-08 11:00:00,3.3,3.8,,2.7,,93.0,0.3,1.4,0.0,60.0,1005.7,135.0,0.2,,90.0
2023-05-08 12:00:00,4.1,4.7,,3.6,,91.0,0.6,2.9,148.0,74.0,1005.9,196.0,0.4,,90.0
2023-05-08 13:00:00,4.3,4.7,,3.7,,79.0,2.0,3.7,166.0,160.0,1006.0,261.0,0.2,,90.0
2023-05-08 14:00:00,4.3,4.7,,3.9,,71.0,1.6,3.5,154.0,156.0,1006.2,227.0,0.0,,90.0
2023-05-08 15:00:00,4.5,4.8,,4.2,,69.0,1.7,4.1,138.0,154.0,1006.5,315.0,0.0,,90.0
2023-05-08 16:00:00,4.8,5.2,,4.4,,68.0,0.9,2.6,164.0,126.0,1006.6,285.0,0.0,,90.0
2023-05-08 17:00:00,4.6,4.8,,4.4,,64.0,1.3,3.2,144.0,139.0,1006.6,259.0,0.0,,90.0
2023-05-08 18:00:00,4.0,4.6,5.2,3.5,0.7,70.0,1.8,3.7,138.0,141.0,1006.8,182.0,0.0,,90.0
2023-05-08 19:00:00,3.7,4.0,,3.5,,76.0,1.0,2.3,28.0,123.0,1006.9,143.0,0.0,,100.0
2023-05-08 20:00:00,3.3,3.6,,3.0,,81.0,1.2,2.8,169.0,144.0,1007.3,94.0,0.2,,100.0
2023-05-08 21:00:00,2.9,3.6,,2.4,,86.0,0.9,3.0,2.0,296.0,1007.4,49.0,0.6,,100.0
2023-05-08 22:00:00,2.6,2.6,,2.5,,89.0,0.8,1.8,274.0,306.0,1007.5,23.0,1.3,,90.0
2023-05-08 23:00:00,2.6,2.7,,2.6,,90.0,0.6,1.5,0.0,262.0,1007.6,10.0,0.5,,90.0
2023-05-09 00:00:00,2.3,2.6,,1.8,,93.0,0.7,2.2,179.0,270.0,1007.9,2.0,0.0,,100.0
2023-05-09 01:00:00,2.2,2.4,,1.8,,93.0,1.8,3.1,261.0,249.0,1007.9,0.0,0.0,,100.0
2023-05-09 02:00:00,2.4,2.6,,2.2,,91.0,1.3,2.8,258.0,275.0,1007.6,0.0,0.0,,100.0
2023-05-09 03:00:00,2.2,2.4,,1.8,,91.0,0.9,3.0,0.0,216.0,1007.6,0.0,0.0,,90.0
2023-05-09 04:00:00,2.3,2.5,,1.9,,90.0,0.6,1.9,0.0,223.0,1007.3,0.0,0.0,,90.0
2023-05-09 05:00:00,2.1,2.4,,1.6,,90.0,1.2,2.1,293.0,271.0,1007.4,0.0,0.0,,90.0
2023-05-09 06:00:00,1.7,2.1,4.0,1.5,1.5,92.0,0.6,2.2,273.0,284.0,1007.3,4.0,0.0,4.5,90.0
2023-05-09 07:00:00,2.2,2.6,,1.9,,87.0,0.8,2.2,267.0,265.0,1007.5,21.0,0.0,,90.0
2023-05-09 08:00:00,2.4,3.7,,1.9,,89.0,0.0,0.9,0.0,0.0,1007.6,112.0,0.0,,90.0
2023-05-09 09:00:00,3.6,4.0,,3.2,,85.0,0.5,1.5,285.0,290.0,1007.9,240.0,0.0,,90.0
2023-05-09 10:00:00,4.3,5.0,,3.6,,82.0,0.5,1.3,25.0,346.0,1007.9,411.0,0.0,,90.0
2023-05-09 11:00:00,4.7,6.0,,4.1,,78.0,1.0,2.2,140.0,107.0,1008.1,443.0,0.0,,0.0
2023-05-09 12:00:00,5.3,5.9,,5.0,,71.0,1.8,3.0,146.0,148.0,1008.4,617.0,0.0,,90.0
2023-05-09 13:00:00,5.4,6.1,,4.9,,71.0,1.5,3.5,141.0,111.0,1008.5,479.0,0.0,,90.0
2023-05-09 14:00:00,4.2,5.2,,3.2,,78.0,2.9,4.5,149.0,145.0,1008.6,567.0,0.0,,90.0
2023-05-09 15:00:00,4.4,5.3,,4.0,,79.0,2.4,4.0,150.0,151.0,1008.6,605.0,0.0,,60.0
2023-05-09 16:00:00,5.5,6.1,,4.7,,71.0,2.0,3.1,173.0,156.0,1008.5,742.0,0.0,,0.0
2023-05-09 17:00:00,6.8,7.4,,5.8,,68.0,1.3,2.3,37.0,99.0,1008.5,694.0,0.0,,0.0
2023-05-09 18:00:00,6.4,6.8,7.4,6.0,1.9,69.0,1.4,2.3,31.0,31.0,1008.5,615.0,0.0,,0.0
2023-05-09 19:00:00,6.5,6.7,,6.2,,68.0,1.0,2.1,36.0,32.0,1008.5,510.0,0.0,,0.0
2023-05-09 20:00:00,6.5,6.8,,6.3,,68.0,0.9,1.6,354.0,22.0,1008.7,379.0,0.0,,0.0
2023-05-09 21:00:00,6.3,6.9,,5.6,,69.0,1.0,2.3,323.0,325.0,1008.7,269.0,0.0,,0.0
2023-05-09 22:00:00,5.5,5.9,,5.2,,74.0,0.9,2.4,303.0,309.0,1009.0,147.0,0.0,,0.0
2023-05-09 23:00:00,4.6,5.6,,3.6,,78.0,0.4,1.1,0.0,301.0,1009.3,39.0,0.0,,0.0
2023-05-10 00:00:00,2.9,3.6,,2.7,,85.0,0.0,1.5,0.0,0.0,1009.5,6.0,0.0,,0.0
2023-05-10 01:00:00,2.4,3.1,,1.5,,88.0,0.0,0.9,0.0,0.0,1009.8,0.0,0.0,,40.0
2023-05-10 02:00:00,2.4,2.6,,2.1,,88.0,0.3,1.9,0.0,335.0,1009.9,0.0,0.0,,10.0
2023-05-10 03:00:00,2.8,3.6,,2.2,,86.0,0.5,1.9,0.0,281.0,1009.9,0.0,0.0,,0.0
2023-05-10 04:00:00,1.6,3.3,,1.0,,90.0,0.6,1.8,219.0,268.0,1009.9,0.0,0.0,,10.0
2023-05-10 05:00:00,1.6,2.6,,0.2,,89.0,0.6,1.8,68.0,151.0,1010.1,0.0,0.0,,10.0
2023-05-10 06:00:00,1.3,2.6,6.9,0.1,0.1,92.0,0.4,1.4,256.0,189.0,1010.2,8.0,0.0,0.0,0.0
2023-05-10 07:00:00,2.4,3.0,,1.6,,86.0,0.5,1.7,55.0,308.0,1010.5,51.0,0.0,,0.0
2023-05-10 08:00:00,2.8,3.0,,2.7,,83.0,0.8,2.0,329.0,1.0,1010.6,144.0,0.0,,0.0
2023-05-10 09:00:00,3.3,3.6,,2.9,,81.0,0.6,1.3,19.0,1.0,1011.1,258.0,0.0,,0.0
2023-05-10 10:00:00,3.8,4.1,,3.5,,79.0,0.6,1.5,29.0,23.0,1011.4,382.0,0.0,,0.0
2023-05-10 11:00:00,4.3,4.8,,3.5,,78.0,1.0,2.2,32.0,37.0,1011.6,504.0,0.0,,10.0
2023-05-10 12:00:00,4.5,5.1,,3.7,,78.0,1.4,3.5,153.0,142.0,1011.9,375.0,0.0,,40.0
2023-05-10 13:00:00,4.6,4.9,,4.3,,77.0,0.9,2.7,338.0,30.0,1011.9,396.0,0.0,,10.0
2023-05-10 14:00:00,4.9,5.5,,4.5,,75.0,0.8,2.7,359.0,342.0,1012.4,460.0,0.0,,10.0
2023-05-10 15:00:00,5.6,6.6,,4.9,,72.0,1.2,3.0,357.0,352.0,1012.5,685.0,0.0,,90.0
2023-05-10 16:00:00,6.7,7.4,,6.1,,67.0,0.9,2.4,17.0,358.0,1012.4,715.0,0.0,,90.0
2023-05-10 17:00:00,6.7,7.2,,6.4,,67.0,0.8,2.0,216.0,352.0,1012.2,505.0,0.0,,100.0
2023-05-10 18:00:00,4.7,6.7,7.4,3.8,1.6,75.0,1.9,3.6,197.0,181.0,1012.5,420.0,0.0,,90.0
2023-05-10 19:00:00,5.1,6.2,,3.5,,75.0,1.1,2.7,33.0,284.0,1012.6,381.0,0.0,,90.0
2023-05-10 20:00:00,4.7,5.9,,3.3,,76.0,1.0,2.4,214.0,276.0,1012.6,196.0,0.0,,100.0
2023-05-10 21:00:00,3.9,4.5,,3.2,,80.0,0.6,2.3,292.0,236.0,1012.5,65.0,0.0,,100.0
2023-05-10 22:00:00,3.9,4.6,,3.1,,79.0,1.3,3.3,161.0,228.0,1012.7,30.0,0.0,,100.0
2023-05-10 23:00:00,3.6,4.5,,2.2,,80.0,1.6,4.2,136.0,120.0,1013.0,15.0,0.0,,100.0
2023-05-11 00:00:00,2.6,3.1,,1.9,,87.0,1.4,3.9,42.0,106.0,1012.9,2.0,0.0,,100.0
2023-05-11 01:00:00,3.1,3.7,,2.3,,83.0,0.8,2.5,135.0,20.0,1012.6,0.0,0.0,,100.0
2023-05-11 02:00:00,3.2,3.7,,2.8,,80.0,2.0,3.2,141.0,147.0,1012.1,0.0,0.0,,100.0
2023-05-11 03:00:00,3.3,3.5,,3.1,,79.0,1.2,2.2,155.0,149.0,1011.4,0.0,0.0,,100.0
2023-05-11 04:00:00,3.8,4.2,,3.3,,76.0,2.1,3.8,147.0,151.0,1010.8,0.0,0.0,,100.0
2023-05-11 05:00:00,4.0,4.3,,3.7,,76.0,2.6,5.6,102.0,119.0,1010.1,0.0,0.1,,100.0
2023-05-11 06:00:00,4.1,4.3,6.2,3.9,1.9,74.0,4.5,9.5,90.0,98.0,1009.5,0.0,0.1,0.2,100.0
2023-05-11 07:00:00,3.9,4.0,,3.7,,75.0,4.1,9.0,80.0,78.0,1009.0,4.0,0.1,,100.0
2023-05-11 08:00:00,3.4,3.7,,3.3,,77.0,3.8,9.1,84.0,79.0,1008.2,17.0,0.2,,100.0
2023-05-11 09:00:00,2.9,3.5,,2.4,,79.0,6.1,12.1,69.0,86.0,1008.1,32.0,0.7,,100.0
2023-05-11 10:00:00,2.9,3.2,,2.7,,79.0,4.3,9.2,58.0,64.0,1007.4,51.0,0.3,,100.0
2023-05-11 11:00:00,2.8,2.9,,2.6,,80.0,3.3,9.5,38.0,40.0,1007.0,41.0,0.5,,100.0
2023-05-11 12:00:00,2.8,3.1,,2.5,,82.0,2.0,6.7,296.0,2.0,1006.7,64.0,0.6,,90.0
2023-05-11 13:00:00,3.0,3.2,,2.6,,80.0,2.0,8.4,297.0,5.0,1006.6,70.0,0.9,,100.0
2023-05-11 14:00:00,2.9,3.6,,2.3,,83.0,1.4,3.4,128.0,187.0,1006.9,135.0,0.4,,100.0
2023-05-11 15:00:00,3.1,3.8,,2.2,,81.0,4.4,10.8,143.0,120.0,1007.5,167.0,0.1,,100.0
2023-05-11 16:00:00,2.4,2.7,,2.2,,84.0,3.2,7.1,135.0,156.0,1007.5,159.0,0.0,,100.0
2023-05-11 17:00:00,2.8,3.2,,2.5,,80.0,4.4,8.2,116.0,115.0,1007.8,165.0,0.0,,100.0
2023-05-11 18:00:00,2.3,2.7,4.0,2.0,2.0,84.0,3.8,7.6,94.0,125.0,1007.7,152.0,0.1,,100.0
2023-05-11 19:00:00,2.3,2.7,,2.0,,86.0,2.2,6.3,192.0,125.0,1007.7,178.0,0.0,,100.0
2023-05-11 20:00:00,2.7,2.8,,2.3,,84.0,1.5,3.5,156.0,161.0,1007.7,116.0,0.0,,100.0
2023-05-11 21:00:00,2.0,2.7,,1.6,,84.0,2.6,4.7,175.0,146.0,1007.5,63.0,0.1,,100.0
2023-05-11 22:00:00,1.6,1.9,,1.0,,88.0,2.5,5.3,158.0,172.0,1007.9,30.0,0.2,,100.0
2023-05-11 23:00:00,0.4,1.0,,0.2,,95.0,2.3,4.8,172.0,160.0,1007.9,10.0,0.6,,100.0
2023-05-12 00:00:00,0.4,0.7,,0.2,,96.0,2.0,3.4,172.0,168.0,1008.1,2.0,0.6,,100.0
2023-05-12 01:00:00,0.6,0.9,,0.4,,96.0,1.1,2.7,266.0,253.0,1007.9,0.0,0.7,,100.0
2023-05-12 02:00:00,0.7,1.1,,0.4,,95.0,1.4,2.9,253.0,273.0,1007.7,0.0,0.0,,100.0
2023-05-12 03:00:00,0.8,1.1,,0.6,,94.0,2.2,2.9,273.0,260.0,1007.3,0.0,0.1,,100.0
2023-05-12 04:00:00,0.7,1.1,,0.5,,94.0,1.3,2.8,0.0,269.0,1006.8,0.0,0.3,,100.0
2023-05-12 05:00:00,0.5,0.7,,0.4,,96.0,0.7,1.9,270.0,268.0,1006.7,0.0,0.4,,100.0
2023-05-12 06:00:00,0.4,0.7,2.8,0.2,0.2,96.0,0.9,2.3,254.0,271.0,1006.4,5.0,0.5,7.4,100.0
2023-05-12 07:00:00,0.4,0.7,,0.3,,97.0,0.3,1.7,0.0,301.0,1006.5,41.0,0.1,,100.0
2023-05-12 08:00:00,0.8,1.0,,0.5,,96.0,0.0,0.4,0.0,0.0,1006.4,103.0,0.2,,100.0
2023-05-12 09:00:00,1.2,1.5,,1.0,,94.0,0.7,1.8,307.0,292.0,1006.2,164.0,0.1,,100.0
2023-05-12 10:00:00,1.7,2.1,,1.4,,94.0,0.8,2.0,31.0,7.0,1005.9,190.0,0.0,,100.0
2023-05-12 11:00:00,2.5,2.8,,2.1,,90.0,1.0,1.6,41.0,25.0,1005.6,251.0,0.0,,90.0
2023-05-12 12:00:00,2.2,2.7,,1.8,,93.0,1.5,3.9,168.0,141.0,1005.4,307.0,0.0,,90.0
2023-05-12 13:00:00,3.4,4.0,,2.6,,86.0,1.2,2.3,33.0,53.0,1005.1,410.0,0.0,,90.0
2023-05-12 14:00:00,4.4,5.1,,3.9,,81.0,1.5,3.1,338.0,20.0,1004.6,560.0,0.0,,60.0
2023-05-12 15:00:00,5.2,5.5,,4.7,,75.0,1.7,3.6,36.0,20.0,1004.1,531.0,0.0,,10.0
2023-05-12 16:00:00,4.8,5.6,,4.1,,77.0,2.4,4.3,155.0,122.0,1003.7,653.0,0.0,,10.0
2023-05-12 17:00:00,4.4,4.9,,3.9,,80.0,2.9,4.5,153.0,151.0,1003.3,677.0,0.0,,10.0
2023-05-12 18:00:00,4.2,4.5,5.6,3.9,0.3,79.0,2.7,4.3,142.0,157.0,1003.1,534.0,0.0,,10.0
2023-05-12 19:00:00,4.2,4.6,,3.9,,77.0,3.0,4.7,145.0,139.0,1002.7,525.0,0.0,,0.0
2023-05-12 20:00:00,3.8,4.6,,2.6,,80.0,2.5,4.0,168.0,151.0,1002.6,400.0,0.0,,0.0
2023-05-12 21:00:00,2.9,3.5,,2.2,,83.0,1.4,2.7,329.0,255.0,1002.5,277.0,0.0,,0.0
2023-05-12 22:00:00,3.2,3.5,,2.9,,82.0,0.7,2.0,344.0,5.0,1002.5,156.0,0.0,,0.0
2023-05-12 23:00:00,2.0,3.0,,1.6,,87.0,0.3,1.2,0.0,356.0,1002.5,47.0,0.0,,0.0
2023-05-13 00:00:00,0.8,1.6,,-0.3,,92.0,1.2,3.1,166.0,112.0,1002.5,8.0,0.0,,0.0
2023-05-13 01:00:00,-0.1,0.2,,-0.4,,95.0,1.5,2.9,158.0,169.0,1002.5,0.0,0.0,,0.0
2023-05-13 02:00:00,-0.3,-0.1,,-0.6,,95.0,0.9,2.8,179.0,178.0,1002.4,0.0,0.0,,0.0
2023-05-13 03:00:00,-0.5,0.1,,-1.0,,95.0,0.7,1.8,0.0,138.0,1002.1,0.0,0.0,,0.0
2023-05-13 04:00:00,-0.7,-0.4,,-1.0,,96.0,0.3,1.2,286.0,284.0,1001.9,0.0,0.0,,0.0
2023-05-13 05:00:00,-0.8,-0.4,,-1.5,,95.0,0.8,2.6,152.0,204.0,1001.9,1.0,0.0,,0.0
2023-05-13 06:00:00,-1.7,-1.4,4.6,-1.9,-1.9,97.0,0.6,2.3,0.0,230.0,1001.7,10.0,0.0,0.4,0.0
2023-05-13 07:00:00,-1.1,-0.5,,-1.8,,93.0,0.0,1.1,0.0,0.0,1001.9,61.0,0.0,,0.0
2023-05-13 08:00:00,-0.1,0.6,,-0.7,,88.0,0.0,1.1,0.0,0.0,1002.0,156.0,0.0,,0.0
2023-05-13 09:00:00,1.0,2.1,,0.2,,84.0,0.5,1.4,331.0,307.0,1002.2,273.0,0.0,,0.0
2023-05-13 10:00:00,2.1,3.3,,0.8,,79.0,0.9,2.1,115.0,122.0,1002.4,406.0,0.0,,0.0
2023-05-13 11:00:00,3.5,4.1,,3.0,,65.0,0.9,2.4,86.0,54.0,1002.4,532.0,0.0,,0.0
2023-05-13 12:00:00,3.1,4.0,,2.6,,76.0,2.5,4.1,157.0,151.0,1002.7,622.0,0.0,,0.0
2023-05-13 13:00:00,3.5,3.9,,3.0,,72.0,2.4,3.7,162.0,158.0,1002.7,721.0,0.0,,0.0
2023-05-13 14:00:00,4.0,4.5,,3.5,,70.0,2.6,4.1,160.0,149.0,1002.9,767.0,0.0,,60.0
2023-05-13 15:00:00,4.3,5.0,,3.4,,67.0,2.6,4.4,143.0,150.0,1003.2,674.0,0.0,,90.0
2023-05-13 16:00:00,3.0,3.7,,2.5,,73.0,3.3,5.8,142.0,144.0,1003.3,463.0,0.0,,90.0
2023-05-13 17:00:00,2.8,3.2,,2.4,,79.0,3.2,5.4,142.0,147.0,1003.4,463.0,0.0,,90.0
2023-05-13 18:00:00,4.0,4.8,5.0,3.1,-1.7,72.0,2.0,3.9,133.0,138.0,1003.3,563.0,0.0,,10.0
2023-05-13 19:00:00,3.8,4.4,,3.2,,73.0,2.5,4.1,138.0,135.0,1003.3,522.0,0.0,,0.0
2023-05-13 20:00:00,2.7,3.4,,2.3,,76.0,3.1,4.7,140.0,142.0,1003.7,408.0,0.0,,0.0
2023-05-13 21:00:00,3.4,3.9,,2.7,,74.0,1.5,3.0,340.0,278.0,1003.9,273.0,0.0,,0.0
2023-05-13 22:00:00,2.6,3.2,,2.1,,74.0,2.6,5.1,326.0,315.0,1004.1,131.0,0.0,,0.0
2023-05-13 23:00:00,2.3,2.8,,2.0,,75.0,1.4,3.8,261.0,327.0,1004.3,42.0,0.0,,0.0
2023-05-14 00:00:00,2.2,2.5,,1.9,,76.0,0.8,2.1,160.0,247.0,1004.7,10.0,0.0,,0.0
2023-05-14 01:00:00,0.9,2.1,,-0.2,,83.0,1.2,2.7,316.0,243.0,1005.0,1.0,0.0,,0.0
2023-05-14 02:00:00,0.4,0.9,,-0.2,,85.0,0.8,1.8,240.0,239.0,1005.0,0.0,0.0,,0.0
2023-05-14 03:00:00,-0.2,0.8,,-0.8,,87.0,0.8,2.4,216.0,265.0,1004.9,0.0,0.0,,0.0
2023-05-14 04:00:00,-0.1,0.6,,-0.6,,85.0,0.7,2.7,294.0,298.0,1004.8,0.0,0.0,,40.0
2023-05-14 05:00:00,-0.2,0.4,,-0.7,,85.0,1.8,3.9,171.0,188.0,1004.8,1.0,0.0,,100.0
2023-05-14 06:00:00,-0.5,0.2,4.4,-0.8,-0.8,85.0,1.9,3.1,162.0,155.0,1004.8,10.0,0.0,0.0,100.0
2023-05-14 07:00:00,0.4,0.8,,-0.3,,74.0,1.0,2.6,171.0,150.0,1004.8,36.0,0.0,,100.0
2023-05-14 08:00:00,0.1,0.4,,-0.4,,81.0,0.4,1.7,156.0,166.0,1005.0,75.0,0.0,,100.0
2023-05-14 09:00:00,0.3,0.8,,0.1,,78.0,0.9,2.4,318.0,296.0,1004.7,149.0,0.0,,90.0
2023-05-14 10:00:00,1.5,2.0,,0.8,,63.0,0.8,2.5,28.0,54.0,1004.7,293.0,0.0,,60.0
2023-05-14 11:00:00,1.5,2.0,,0.8,,60.0,2.1,3.8,144.0,129.0,1004.7,376.0,0.0,,90.0
2023-05-14 12:00:00,0.6,1.0,,0.0,,73.0,2.7,4.0,146.0,153.0,1004.6,363.0,0.0,,90.0
2023-05-14 13:00:00,0.7,1.5,,0.0,,74.0,2.9,4.2,148.0,144.0,1004.3,484.0,0.0,,60.0
2023-05-14 14:00:00,2.1,2.9,,1.1,,67.0,2.1,4.1,146.0,147.0,1004.0,705.0,0.0,,60.0
2023-05-14 15:00:00,1.6,2.2,,1.2,,77.0,3.2,4.9,143.0,142.0,1003.7,749.0,0.0,,10.0
2023-05-14 16:00:00,1.6,2.2,,1.1,,78.0,3.6,5.0,150.0,147.0,1003.6,789.0,0.0,,0.0
2023-05-14 17:00:00,1.9,2.4,,1.6,,71.0,3.3,4.9,158.0,152.0,1003.6,729.0,0.0,,10.0
2023-05-14 18:00:00,1.9,2.3,2.9,1.5,-0.4,68.0,2.6,4.2,160.0,154.0,1003.5,496.0,0.0,,100.0
2023-05-14 19:00:00,1.9,2.8,,0.8,,71.0,2.4,4.3,140.0,146.0,1003.6,280.0,0.0,,90.0
2023-05-14 20:00:00,0.7,1.1,,0.5,,86.0,3.0,4.1,156.0,154.0,1003.8,207.0,0.0,,100.0
2023-05-14 21:00:00,1.1,1.4,,0.7,,83.0,2.5,4.3,157.0,161.0,1003.9,229.0,0.0,,0.0
2023-05-14 22:00:00,0.9,1.7,,0.5,,85.0,1.3,2.3,187.0,162.0,1004.2,157.0,0.0,,40.0
2023-05-14 23:00:00,0.3,0.9,,-1.1,,89.0,1.3,3.7,146.0,165.0,1004.9,53.0,0.0,,0.0
2023-05-15 00:00:00,-1.6,-1.1,,-2.0,,98.0,2.3,3.7,161.0,161.0,1005.5,10.0,0.0,,60.0
2023-05-15 01:00:00,-2.1,-1.8,,-2.2,,99.0,2.0,3.8,127.0,150.0,1006.3,1.0,0.0,,
2023-05-15 02:00:00,-1.8,-1.5,,-2.2,,99.0,0.0,1.1,71.0,0.0,1006.8,0.0,0.0,,
2023-05-15 03:00:00,-1.5,-1.3,,-1.7,,99.0,1.1,2.2,16.0,346.0,1007.4,0.0,0.0,,100.0
2023-05-15 04:00:00,-1.2,-1.1,,-1.3,,94.0,2.5,3.9,265.0,278.0,1008.1,0.0,0.0,,10.0
2023-05-15 05:00:00,-1.6,-1.2,,-2.0,,90.0,3.2,4.4,267.0,266.0,1009.1,1.0,0.0,,10.0
2023-05-15 06:00:00,-1.8,-1.6,2.8,-2.0,-2.2,89.0,2.4,3.2,251.0,255.0,1010.0,9.0,0.0,0.0,
2023-05-15 07:00:00,-1.4,-1.1,,-1.8,,85.0,1.0,2.6,0.0,260.0,1010.9,24.0,0.0,,100.0
2023-05-15 08:00:00,-0.8,-0.7,,-1.1,,69.0,1.0,2.9,62.0,16.0,1011.8,56.0,0.0,,100.0
2023-05-15 09:00:00,-0.5,-0.3,,-0.8,,54.0,0.8,2.3,1.0,34.0,1012.7,115.0,0.0,,100.0
2023-05-15 10:00:00,-0.2,0.1,,-0.3,,46.0,1.5,2.9,43.0,24.0,1013.4,160.0,0.0,,100.0
2023-05-15 11:00:00,-0.2,0.2,,-0.6,,73.0,1.9,4.0,158.0,125.0,1014.6,219.0,0.0,,100.0
2023-05-15 12:00:00,-0.3,-0.1,,-0.6,,80.0,2.5,5.1,140.0,151.0,1015.4,289.0,0.0,,100.0
2023-05-15 13:00:00,0.0,0.3,,-0.2,,75.0,2.3,4.9,143.0,136.0,1016.1,308.0,0.0,,100.0
2023-05-15 14:00:00,0.3,0.7,,-0.2,,73.0,1.6,3.2,137.0,147.0,1016.6,285.0,0.0,,100.0
2023-05-15 15:00:00,0.8,1.6,,0.0,,71.0,1.4,3.0,37.0,107.0,1016.6,298.0,0.0,,90.0
2023-05-15 16:00:00,1.4,1.9,,0.9,,64.0,1.2,2.4,350.0,20.0,1016.8,478.0,0.0,,100.0
2023-05-15 17:00:00,1.9,2.3,,1.6,,63.0,1.9,3.9,147.0,131.0,1017.1,427.0,0.0,,100.0
2023-05-15 18:00:00,1.9,2.1,2.3,1.7,-1.8,61.0,1.8,3.7,161.0,148.0,1017.3,328.0,0.0,,90.0
2023-05-15 19:00:00,1.6,1.9,,1.3,,62.0,2.2,3.6,155.0,153.0,1017.3,250.0,0.0,,90.0
2023-05-15 20:00:00,1.2,1.8,,0.8,,68.0,2.6,4.7,142.0,151.0,1017.3,196.0,0.0,,90.0
2023-05-15 21:00:00,0.8,1.2,,0.3,,74.0,2.2,3.4,138.0,136.0,1017.5,132.0,0.0,,90.0
2023-05-15 22:00:00,0.3,0.5,,0.2,,75.0,1.8,3.1,145.0,136.0,1017.4,74.0,0.0,,90.0
2023-05-15 23:00:00,0.1,0.4,,0.0,,79.0,1.4,2.2,162.0,154.0,1017.5,35.0,0.0,,90.0
2023-05-16 00:00:00,-0.4,0.0,,-0.7,,84.0,1.5,2.2,164.0,160.0,1017.4,10.0,0.0,,90.0
2023-05-16 01:00:00,-0.6,-0.5,,-0.8,,87.0,0.6,2.1,0.0,186.0,1016.9,1.0,0.0,,100.0
2023-05-16 02:00:00,-0.6,-0.6,,-0.7,,85.0,0.5,1.3,0.0,307.0,1016.3,0.0,0.0,,100.0
2023-05-16 03:00:00,-0.6,-0.5,,-0.7,,84.0,0.0,0.8,0.0,0.0,1015.7,0.0,0.0,,90.0
2023-05-16 04:00:00,-1.1,-0.7,,-1.4,,89.0,1.2,2.3,162.0,120.0,1015.0,0.0,0.0,,90.0
2023-05-16 05:00:00,-1.7,-1.3,,-1.9,,93.0,2.9,4.1,156.0,152.0,1014.6,0.0,0.0,,100.0
2023-05-16 06:00:00,-1.7,-1.6,1.9,-1.9,-1.9,93.0,1.9,3.0,161.0,161.0,1014.2,13.0,0.0,0.0,90.0
2023-05-16 07:00:00,-1.5,-1.2,,-1.7,,92.0,0.8,2.2,299.0,212.0,1013.7,45.0,0.0,,90.0
2023-05-16 08:00:00,-1.1,-0.5,,-1.2,,91.0,1.0,2.7,267.0,305.0,1012.8,66.0,0.0,,100.0
2023-05-16 09:00:00,-0.1,0.1,,-0.5,,84.0,1.7,3.0,264.0,263.0,1012.3,141.0,0.0,,100.0
2023-05-16 10:00:00,0.5,0.8,,0.0,,82.0,1.7,4.0,316.0,288.0,1011.6,204.0,0.0,,100.0
2023-05-16 11:00:00,1.3,1.7,,0.7,,75.0,2.7,5.0,5.0,342.0,1010.5,264.0,0.0,,90.0
2023-05-16 12:00:00,1.9,2.4,,1.4,,70.0,3.5,6.1,12.0,6.0,1009.4,326.0,0.0,,90.0
2023-05-16 13:00:00,2.4,2.7,,2.0,,69.0,2.9,5.3,8.0,2.0,1008.7,296.0,0.0,,100.0
2023-05-16 14:00:00,1.6,2.1,,1.3,,83.0,2.5,5.3,2.0,346.0,1007.9,233.0,0.0,,
2023-05-16 15:00:00,1.7,2.0,,1.4,,85.0,1.9,4.0,334.0,357.0,1006.8,218.0,0.2,,
2023-05-16 16:00:00,1.9,2.1,,1.7,,85.0,2.3,5.4,333.0,334.0,1005.7,135.0,0.6,,100.0
2023-05-16 17:00:00,2.2,2.6,,1.8,,85.0,2.7,5.9,10.0,347.0,1004.7,142.0,0.2,,100.0
2023-05-16 18:00:00,2.6,2.9,2.9,2.3,-1.7,83.0,2.6,5.5,314.0,351.0,1003.8,104.0,0.2,,100.0
2023-05-16 19:00:00,3.4,3.7,,2.9,,78.0,3.4,7.5,11.0,6.0,1003.1,85.0,0.2,,100.0
2023-05-16 20:00:00,2.9,3.3,,2.7,,84.0,2.6,6.5,319.0,328.0,1002.7,56.0,0.6,,100.0
2023-05-16 21:00:00,3.6,3.8,,3.2,,79.0,1.8,4.3,31.0,18.0,1002.3,44.0,0.0,,90.0
2023-05-16 22:00:00,3.7,3.9,,3.5,,78.0,0.7,2.5,151.0,128.0,1002.4,23.0,0.1,,100.0
2023-05-16 23:00:00,3.0,3.8,,2.0,,83.0,3.0,6.4,158.0,152.0,1002.7,8.0,0.2,,100.0
2023-05-17 01:00:00,1.0,1.3,,0.8,,93.0,3.4,5.7,160.0,155.0,1002.6,0.0,0.0,,100.0
2023-05-17 02:00:00,1.5,1.6,,1.3,,89.0,2.5,4.0,150.0,146.0,1002.5,0.0,0.0,,100.0
2023-05-17 03:00:00,1.6,1.7,,1.5,,86.0,2.5,4.6,145.0,148.0,1002.4,0.0,0.0,,90.0
2023-05-17 04:00:00,1.6,1.7,,1.4,,85.0,1.8,4.1,168.0,152.0,1002.4,0.0,0.0,,90.0
2023-05-17 05:00:00,1.6,1.8,,1.2,,84.0,2.0,4.2,173.0,165.0,1002.5,1.0,0.0,,90.0
2023-05-17 06:00:00,1.4,1.5,3.9,1.2,0.8,84.0,2.4,4.3,164.0,168.0,1002.4,9.0,0.0,2.5,90.0
2023-05-17 07:00:00,1.2,1.3,,1.0,,86.0,2.1,3.9,168.0,163.0,1002.6,33.0,0.0,,90.0
2023-05-17 08:00:00,1.2,1.5,,1.0,,87.0,1.2,2.7,158.0,143.0,1002.6,79.0,0.0,,90.0
2023-05-17 09:00:00,1.2,1.4,,1.0,,89.0,2.1,3.4,143.0,157.0,1002.7,155.0,0.0,,90.0
2023-05-17 10:00:00,1.4,2.0,,0.6,,90.0,2.0,4.2,152.0,140.0,1002.9,237.0,0.0,,90.0
2023-05-17 11:00:00,0.5,0.7,,0.4,,94.0,3.2,4.6,145.0,144.0,1002.9,355.0,0.0,,90.0
2023-05-17 12:00:00,0.3,0.6,,0.1,,95.0,3.0,4.7,153.0,143.0,1002.9,389.0,0.0,,90.0
2023-05-17 13:00:00,0.8,1.3,,0.3,,93.0,1.7,2.9,167.0,155.0,1002.9,315.0,0.0,,90.0
2023-05-17 14:00:00,1.3,2.1,,0.6,,92.0,1.5,2.7,148.0,141.0,1002.6,330.0,0.0,,90.0
2023-05-17 15:00:00,1.1,1.6,,0.5,,92.0,2.5,3.9,143.0,144.0,1002.7,328.0,0.0,,90.0
2023-05-17 16:00:00,0.5,0.7,,0.2,,95.0,2.7,4.2,140.0,141.0,1002.6,289.0,0.0,,90.0
2023-05-17 17:00:00,0.4,0.9,,0.1,,96.0,2.3,4.2,204.0,152.0,1002.2,233.0,0.0,,90.0
2023-05-17 18:00:00,1.4,1.7,2.1,1.0,0.1,90.0,1.5,3.0,131.0,95.0,1002.4,233.0,0.0,,90.0
2023-05-17 19:00:00,0.9,1.2,,0.7,,94.0,2.1,3.4,144.0,148.0,1002.2,162.0,0.0,,90.0
2023-05-17 20:00:00,0.5,0.9,,0.0,,95.0,2.2,3.6,145.0,142.0,1001.9,143.0,0.0,,90.0
2023-05-17 21:00:00,0.3,0.8,,-0.1,,98.0,1.8,3.3,139.0,147.0,1001.7,94.0,0.0,,90.0
2023-05-17 22:00:00,0.0,0.2,,-0.2,,96.0,2.4,4.3,157.0,156.0,1001.8,36.0,0.0,,90.0
2023-05-17 23:00:00,0.1,0.4,,-0.2,,95.0,1.4,3.4,32.0,115.0,1001.4,18.0,0.0,,90.0
2023-05-18 00:00:00,0.4,0.7,,0.1,,94.0,1.0,2.4,110.0,138.0,1001.7,7.0,0.0,,90.0
2023-05-18 01:00:00,0.3,0.5,,0.2,,95.0,0.6,2.1,164.0,37.0,1001.4,1.0,0.0,,90.0
2023-05-18 02:00:00,0.8,1.3,,0.3,,92.0,2.2,4.0,166.0,163.0,1001.4,0.0,0.0,,90.0
2023-05-18 03:00:00,1.0,1.7,,0.4,,90.0,1.0,3.3,325.0,63.0,1001.0,0.0,0.0,,90.0
2023-05-18 04:00:00,0.4,0.7,,0.4,,95.0,0.3,1.5,140.0,26.0,1000.7,0.0,0.0,,90.0
2023-05-18 05:00:00,0.9,1.1,,0.7,,91.0,0.8,2.4,79.0,107.0,1000.7,0.0,0.0,,90.0
2023-05-18 06:00:00,0.5,0.8,1.7,0.3,-0.2,94.0,0.0,1.3,0.0,0.0,1001.0,3.0,0.3,0.3,90.0
2023-05-18 07:00:00,0.2,0.3,,0.1,,97.0,0.0,0.7,0.0,0.0,1001.1,16.0,0.8,,90.0
2023-05-18 08:00:00,0.1,0.1,,0.0,,98.0,0.0,0.7,0.0,0.0,1001.1,39.0,0.9,,
2023-05-18 09:00:00,0.1,0.2,,0.0,,98.0,0.0,1.0,0.0,0.0,1001.2,84.0,0.8,,100.0
2023-05-18 10:00:00,0.1,0.2,,0.1,,98.0,0.5,1.3,352.0,9.0,1001.6,123.0,0.8,,
2023-05-18 11:00:00,0.4,0.7,,0.1,,97.0,0.6,1.2,14.0,336.0,1001.9,189.0,0.7,,100.0
2023-05-18 12:00:00,0.5,0.9,,0.2,,96.0,1.6,3.8,141.0,106.0,1002.2,248.0,0.4,,
2023-05-18 13:00:00,0.4,0.8,,0.2,,97.0,2.2,3.5,142.0,145.0,1002.6,298.0,0.0,,100.0
2023-05-18 14:00:00,1.1,1.8,,0.7,,95.0,1.4,2.6,26.0,2.0,1002.8,333.0,0.2,,100.0
2023-05-18 15:00:00,2.0,2.4,,1.3,,93.0,1.3,2.4,41.0,35.0,1002.7,478.0,0.0,,100.0
2023-05-18 16:00:00,2.7,3.2,,2.2,,88.0,1.4,3.1,32.0,34.0,1003.0,492.0,0.0,,100.0
2023-05-18 17:00:00,3.6,4.0,,3.0,,81.0,3.7,7.5,257.0,258.0,1002.9,429.0,0.0,,90.0
2023-05-18 18:00:00,3.8,4.0,4.0,3.5,0.0,78.0,3.3,6.6,259.0,271.0,1003.0,361.0,0.0,,90.0
2023-05-18 19:00:00,3.7,4.0,,3.4,,79.0,2.7,5.5,20.0,297.0,1002.2,309.0,0.0,,90.0
2023-05-18 20:00:00,3.3,4.7,,2.0,,82.0,2.2,5.8,118.0,196.0,1003.1,255.0,0.0,,100.0
2023-05-18 21:00:00,1.4,2.7,,0.2,,92.0,2.7,4.9,141.0,127.0,1003.5,80.0,0.0,,100.0
2023-05-18 22:00:00,0.3,0.5,,0.2,,98.0,2.6,4.3,121.0,121.0,1003.0,25.0,0.0,,100.0
2023-05-18 23:00:00,0.3,0.4,,0.2,,98.0,1.5,3.9,212.0,142.0,1002.2,11.0,0.0,,100.0
2023-05-19 00:00:00,0.5,0.6,,0.3,,97.0,0.7,1.5,0.0,280.0,1001.6,3.0,0.0,,100.0
2023-05-19 01:00:00,0.6,0.8,,0.5,,95.0,0.6,1.8,145.0,344.0,1000.4,0.0,0.0,,100.0
2023-05-19 02:00:00,1.7,2.5,,0.8,,85.0,2.5,8.2,104.0,126.0,998.8,0.0,0.0,,100.0
2023-05-19 03:00:00,2.7,2.9,,2.5,,78.0,5.6,10.8,78.0,87.0,996.9,0.0,0.1,,100.0
2023-05-19 04:00:00,2.8,3.0,,2.6,,77.0,4.8,10.0,77.0,85.0,994.0,0.0,0.1,,100.0
2023-05-19 05:00:00,2.9,3.1,,2.7,,77.0,4.3,8.8,49.0,57.0,990.7,0.0,0.2,,100.0
2023-05-19 06:00:00,2.9,3.2,4.7,2.5,0.2,77.0,4.5,11.5,49.0,53.0,987.7,1.0,0.2,5.2,100.0
2023-05-19 07:00:00,2.6,2.9,,2.3,,82.0,5.4,14.9,65.0,51.0,984.7,6.0,1.3,,90.0
2023-05-19 08:00:00,2.7,2.9,,2.4,,82.0,8.1,21.2,71.0,68.0,981.9,16.0,2.1,,
2023-05-19 09:00:00,2.7,3.1,,2.1,,82.0,11.8,26.9,57.0,64.0,979.7,19.0,4.2,,
2023-05-19 10:00:00,2.1,2.4,,1.6,,86.0,10.0,23.4,49.0,57.0,977.3,28.0,4.9,,
2023-05-19 11:00:00,2.3,3.0,,1.6,,84.0,8.4,23.0,66.0,55.0,976.1,42.0,2.7,,
2023-05-19 12:00:00,3.2,3.5,,2.7,,79.0,7.4,17.1,70.0,63.0,974.9,157.0,1.3,,90.0
2023-05-19 13:00:00,3.5,3.8,,3.4,,75.0,7.2,16.3,69.0,78.0,974.6,230.0,0.0,,100.0
2023-05-19 14:00:00,3.6,3.9,,3.4,,73.0,6.6,17.3,41.0,57.0,974.2,346.0,0.0,,100.0
2023-05-19 15:00:00,3.3,3.6,,2.9,,75.0,4.2,9.0,45.0,57.0,974.4,213.0,0.0,,90.0
2023-05-19 16:00:00,3.1,3.4,,2.9,,78.0,2.2,6.4,317.0,340.0,974.5,186.0,0.0,,90.0
2023-05-19 17:00:00,3.2,3.5,,2.8,,81.0,1.2,3.4,344.0,332.0,975.1,237.0,0.3,,100.0
2023-05-19 18:00:00,3.1,3.4,3.9,2.8,1.6,87.0,1.4,3.6,154.0,103.0,976.1,338.0,0.2,,90.0
2023-05-19 20:00:00,3.5,3.9,,2.9,,83.0,3.5,6.5,251.0,278.0,978.1,244.0,0.1,,90.0
2023-05-19 21:00:00,3.6,3.8,,3.4,,79.0,5.0,8.2,242.0,241.0,979.0,242.0,0.0,,90.0
2023-05-19 22:00:00,3.9,4.3,,3.5,,78.0,3.3,8.3,314.0,273.0,979.5,179.0,0.0,,40.0
2023-05-20 00:00:00,3.6,3.9,,3.3,,73.0,7.0,12.7,230.0,237.0,981.3,13.0,0.0,,0.0
2023-05-20 02:00:00,1.6,1.9,,1.3,,84.0,7.4,14.5,226.0,225.0,982.5,0.0,0.0,,0.0
2023-05-20 03:00:00,2.1,5.5,,1.8,,80.0,4.4,11.6,234.0,229.0,982.5,0.0,0.0,,10.0
2023-05-20 04:00:00,1.6,6.2,,1.0,,81.0,1.4,4.1,96.0,144.0,982.7,0.0,0.0,,10.0
2023-05-20 06:00:00,0.8,1.6,6.2,0.3,-0.1,88.0,0.8,2.3,295.0,321.0,983.1,25.0,0.0,17.3,100.0
2023-05-20 08:00:00,1.1,1.7,,0.7,,87.0,1.4,2.9,1.0,338.0,983.8,144.0,0.0,,10.0
2023-05-20 09:00:00,2.3,3.4,,1.5,,80.0,1.5,4.2,1.0,318.0,983.6,303.0,0.0,,60.0
2023-05-20 10:00:00,3.3,3.7,,2.8,,71.0,2.0,4.2,7.0,354.0,983.6,479.0,0.0,,60.0
2023-05-20 12:00:00,4.8,5.2,,4.2,,53.0,1.5,3.2,12.0,61.0,984.1,650.0,0.0,,0.0
2023-05-20 15:00:00,6.4,7.0,,5.3,,42.0,3.4,8.6,279.0,341.0,984.6,817.0,0.0,,0.0
2023-05-20 16:00:00,6.4,6.7,,6.1,,38.0,6.2,11.4,258.0,261.0,984.3,805.0,0.0,,0.0
2023-05-20 18:00:00,6.8,7.2,7.2,6.5,0.7,40.0,3.6,8.0,260.0,272.0,984.5,666.0,0.0,,0.0
2023-05-20 19:00:00,5.1,6.7,,4.2,,53.0,3.1,5.6,142.0,147.0,984.5,562.0,0.0,,0.0
2023-05-20 20:00:00,4.4,4.7,,3.9,,56.0,3.0,5.1,145.0,149.0,984.2,440.0,0.0,,0.0
2023-05-20 22:00:00,3.1,3.8,,2.6,,61.0,3.3,5.2,152.0,148.0,983.9,196.0,0.0,,10.0
2023-05-20 23:00:00,3.0,3.6,,2.4,,62.0,1.0,2.9,294.0,196.0,983.7,61.0,0.0,,60.0
2023-05-21 00:00:00,2.9,3.4,,2.3,,62.0,0.7,2.2,119.0,60.0,983.6,20.0,0.0,,10.0
2023-05-21 01:00:00,3.0,3.7,,1.7,,48.0,4.6,10.2,276.0,270.0,983.3,3.0,0.0,,0.0
2023-05-21 07:00:00,1.1,1.5,,0.8,,44.0,6.2,12.9,292.0,288.0,982.3,53.0,0.0,,90.0
2023-05-21 08:00:00,1.3,1.8,,1.1,,43.0,5.3,10.8,289.0,300.0,982.4,113.0,0.0,,90.0
2023-05-21 13:00:00,2.9,3.2,,2.7,,44.0,5.5,9.2,18.0,9.0,984.9,483.0,0.0,,90.0
2023-05-21 14:00:00,3.5,3.8,,3.0,,41.0,5.1,10.2,23.0,17.0,986.0,537.0,0.0,,90.0
2023-05-21 15:00:00,3.9,4.6,,3.1,,44.0,3.2,7.6,147.0,90.0,987.2,555.0,0.0,,90.0
2023-05-21 16:00:00,3.3,3.7,,2.9,,54.0,3.2,5.3,142.0,142.0,988.2,464.0,0.0,,90.0
2023-05-21 18:00:00,3.0,3.5,4.6,2.7,0.8,59.0,2.6,5.1,142.0,145.0,990.3,488.0,0.0,,90.0
2023-05-21 19:00:00,3.7,5.0,,3.1,,55.0,1.8,4.0,180.0,148.0,991.2,456.0,0.0,,90.0
2023-05-21 20:00:00,3.9,4.7,,3.5,,51.0,4.2,6.9,235.0,234.0,992.4,370.0,0.0,,90.0
2023-05-21 21:00:00,3.6,3.9,,3.4,,48.0,4.6,8.2,227.0,228.0,993.4,212.0,0.0,,0.0
2023-05-21 23:00:00,3.4,3.7,,3.1,,47.0,3.2,5.8,211.0,219.0,995.4,75.0,0.0,,0.0
2023-05-22 00:00:00,2.9,3.2,,2.4,,49.0,1.7,4.4,185.0,202.0,996.2,16.0,0.0,,0.0
2023-05-22 01:00:00,1.7,2.4,,1.4,,60.0,0.5,1.8,168.0,120.0,996.9,4.0,0.0,,0.0
2023-05-22 02:00:00,1.0,1.9,,-0.1,,66.0,0.9,4.9,58.0,292.0,997.7,0.0,0.0,,0.0
2023-05-22 03:00:00,-0.3,-0.1,,-0.6,,76.0,0.6,2.4,0.0,23.0,998.2,0.0,0.0,,0.0
2023-05-22 05:00:00,-0.4,0.2,,-0.6,,72.0,2.0,3.2,262.0,268.0,998.7,4.0,0.0,,0.0
2023-05-22 06:00:00,-0.7,-0.4,5.0,-1.0,-1.0,73.0,0.5,2.7,269.0,295.0,999.3,23.0,0.0,0.0,0.0
2023-05-22 07:00:00,0.2,0.6,,-0.4,,68.0,0.4,1.6,281.0,318.0,999.6,97.0,0.0,,0.0
2023-05-22 08:00:00,0.6,0.9,,0.1,,64.0,0.7,2.0,341.0,340.0,999.8,181.0,0.0,,0.0
2023-05-22 09:00:00,1.6,2.2,,0.9,,55.0,1.1,3.2,14.0,3.0,999.9,295.0,0.0,,10.0
2023-05-22 11:00:00,2.5,3.1,,2.0,,51.0,3.2,6.0,10.0,8.0,1000.2,457.0,0.0,,10.0
2023-05-22 12:00:00,3.1,3.5,,2.7,,50.0,3.0,5.4,7.0,10.0,1000.3,475.0,0.0,,40.0
2023-05-22 13:00:00,3.6,4.0,,3.1,,52.0,2.5,4.7,142.0,86.0,1000.3,479.0,0.0,,10.0
2023-05-22 14:00:00,4.4,5.2,,3.2,,50.0,3.5,6.5,83.0,84.0,999.9,663.0,0.0,,90.0
2023-05-22 15:00:00,4.7,5.5,,4.3,,50.0,4.1,7.7,94.0,78.0,999.5,596.0,0.0,,90.0
2023-05-22 16:00:00,4.1,4.7,,3.8,,53.0,4.3,7.3,55.0,88.0,999.4,340.0,0.0,,90.0
2023-05-22 17:00:00,3.7,4.3,,2.9,,64.0,3.9,8.2,58.0,79.0,999.1,327.0,0.0,,90.0
2023-05-22 18:00:00,3.5,4.3,5.5,2.8,-0.4,70.0,3.4,8.6,74.0,59.0,998.9,249.0,0.0,,90.0
2023-05-22 20:00:00,1.3,1.6,,1.1,,83.0,5.4,9.7,83.0,89.0,997.5,113.0,0.0,,90.0
2023-05-22 21:00:00,1.5,1.6,,1.4,,79.0,5.1,9.3,87.0,90.0,996.7,79.0,0.0,,90.0
2023-05-22 22:00:00,1.3,1.6,,0.8,,80.0,2.8,6.9,6.0,63.0,995.5,39.0,0.0,,90.0
2023-05-22 23:00:00,0.5,1.1,,0.3,,89.0,1.1,3.3,341.0,334.0,993.8,23.0,0.2,,90.0
2023-05-23 00:00:00,1.3,1.5,,1.2,,77.0,1.6,5.4,23.0,39.0,991.3,4.0,0.1,,90.0
2023-05-23 04:00:00,0.1,0.2,,0.0,,95.0,3.8,7.2,325.0,322.0,984.1,0.0,0.4,,
2023-05-23 08:00:00,1.5,1.8,,1.4,,84.0,8.6,11.6,265.0,267.0,983.6,60.0,0.0,,90.0
2023-05-23 10:00:00,2.7,3.4,,2.3,,76.0,2.5,6.9,314.0,281.0,983.4,245.0,0.0,,90.0
2023-05-23 11:00:00,4.0,4.5,,3.4,,68.0,1.3,4.1,287.0,309.0,983.3,442.0,0.0,,60.0
2023-05-23 12:00:00,4.4,4.9,,4.0,,59.0,6.0,11.6,265.0,282.0,983.3,675.0,0.0,,10.0
2023-05-23 13:00:00,4.2,5.1,,3.7,,52.0,9.3,15.6,310.0,282.0,983.6,735.0,0.0,,0.0
2023-05-23 14:00:00,4.4,4.8,,4.0,,48.0,11.3,22.0,314.0,318.0,983.5,801.0,0.0,,0.0
2023-05-23 15:00:00,4.4,5.0,,4.2,,43.0,14.7,23.7,319.0,319.0,984.7,836.0,0.0,,40.0
2023-05-23 16:00:00,4.8,5.1,,4.3,,40.0,14.4,27.2,315.0,317.0,985.2,802.0,0.3,,0.0
2023-05-23 17:00:00,4.8,5.1,,4.4,,37.0,18.0,28.3,318.0,317.0,986.5,745.0,0.2,,0.0
2023-05-23 19:00:00,4.7,4.9,,4.4,,32.0,19.3,33.1,319.0,318.0,987.8,587.0,0.5,,0.0
2023-05-23 21:00:00,3.9,4.3,,3.4,,32.0,19.9,33.2,317.0,319.0,989.5,302.0,0.2,,0.0
2023-05-24 00:00:00,1.8,2.3,,1.3,,31.0,21.2,32.7,317.0,318.0,991.6,21.0,0.4,,10.0
2023-05-24 01:00:00,1.2,1.6,,0.8,,32.0,18.9,30.1,307.0,312.0,993.0,4.0,0.1,,0.0
2023-05-24 02:00:00,0.7,1.1,,0.2,,34.0,17.7,28.8,317.0,313.0,993.1,0.0,0.1,,10.0
2023-05-24 03:00:00,0.1,0.8,,-0.3,,38.0,16.6,25.2,322.0,319.0,993.8,0.0,0.0,,0.0
2023-05-24 04:00:00,-0.3,0.0,,-0.5,,38.0,16.3,25.5,319.0,320.0,994.4,1.0,0.0,,60.0
2023-05-24 06:00:00,-0.2,0.1,4.9,-0.7,-0.7,37.0,8.5,19.2,292.0,311.0,995.4,16.0,0.0,2.9,0.0
2023-05-24 07:00:00,-0.4,0.4,,-1.0,,40.0,8.7,15.9,284.0,285.0,995.9,77.0,0.0,,0.0
2023-05-24 08:00:00,0.2,0.8,,-0.5,,40.0,8.0,16.7,282.0,284.0,996.1,199.0,0.0,,0.0
2023-05-24 09:00:00,0.0,0.5,,-0.4,,43.0,9.7,15.2,274.0,274.0,996.8,291.0,0.0,,0.0
2023-05-24 10:00:00,0.3,0.6,,0.0,,43.0,10.8,16.1,266.0,266.0,997.4,441.0,0.0,,0.0
2023-05-24 11:00:00,0.9,1.5,,0.4,,42.0,8.6,12.1,274.0,268.0,997.5,561.0,0.0,,0.0
2023-05-24 12:00:00,2.0,2.7,,1.4,,41.0,5.3,10.8,284.0,275.0,997.8,660.0,0.0,,0.0
2023-05-24 14:00:00,4.0,4.6,,3.4,,37.0,4.3,8.3,6.0,5.0,998.1,802.0,0.0,,0.0
2023-05-24 15:00:00,4.1,4.5,,3.6,,38.0,5.0,11.1,293.0,316.0,998.8,784.0,0.0,,10.0
2023-05-24 16:00:00,4.5,5.0,,3.9,,37.0,3.5,6.5,13.0,15.0,999.2,816.0,0.0,,0.0
2023-05-24 17:00:00,4.8,5.2,,4.3,,38.0,2.0,5.0,143.0,68.0,999.4,761.0,0.0,,0.0
2023-05-24 18:00:00,4.9,5.9,5.9,4.4,-1.0,37.0,2.2,4.2,136.0,136.0,999.9,679.0,0.0,,0.0
2023-05-24 19:00:00,3.6,5.1,,1.9,,50.0,3.0,5.6,139.0,133.0,1000.5,532.0,0.0,,0.0
2023-05-24 20:00:00,2.6,3.3,,1.9,,50.0,2.6,4.4,147.0,140.0,1001.0,229.0,0.0,,90.0
2023-05-24 21:00:00,2.7,3.6,,1.4,,47.0,2.0,4.8,153.0,130.0,1001.6,175.0,0.0,,100.0
2023-05-24 22:00:00,2.8,3.7,,1.5,,45.0,1.3,2.8,49.0,110.0,1002.0,187.0,0.0,,90.0
2023-05-24 23:00:00,2.9,3.6,,2.1,,50.0,0.8,2.2,217.0,124.0,1002.9,71.0,0.0,,0.0
2023-05-25 00:00:00,2.6,2.9,,2.3,,49.0,1.9,3.5,303.0,281.0,1003.8,16.0,0.0,,0.0
2023-05-25 01:00:00,2.1,2.5,,1.6,,50.0,1.1,3.2,268.0,266.0,1004.7,5.0,0.0,,0.0
2023-05-25 02:00:00,1.7,2.1,,1.3,,51.0,0.5,2.2,207.0,243.0,1005.7,0.0,0.0,,0.0
2023-05-25 03:00:00,1.2,2.0,,0.7,,55.0,0.8,2.0,282.0,207.0,1006.9,0.0,0.0,,0.0
2023-05-25 04:00:00,0.2,1.1,,-0.3,,60.0,0.8,2.0,302.0,284.0,1008.0,0.0,0.0,,0.0
2023-05-25 05:00:00,0.2,0.6,,-0.1,,58.0,1.0,3.3,269.0,256.0,1009.1,5.0,0.0,,0.0
2023-05-25 06:00:00,0.3,1.0,5.1,-0.3,-0.3,55.0,1.8,3.1,279.0,267.0,1010.0,28.0,0.0,0.0,0.0
2023-05-25 07:00:00,0.9,1.1,,0.7,,52.0,1.0,2.3,18.0,311.0,1011.2,104.0,0.0,,0.0
2023-05-25 08:00:00,1.5,2.1,,0.9,,48.0,0.7,1.9,48.0,1.0,1012.1,201.0,0.0,,0.0
2023-05-25 09:00:00,2.2,2.6,,2.0,,45.0,1.4,3.5,74.0,31.0,1013.8,318.0,0.0,,0.0
2023-05-25 10:00:00,1.4,2.5,,0.8,,60.0,3.0,5.7,148.0,147.0,1014.7,443.0,0.0,,0.0
2023-05-25 11:00:00,2.4,3.1,,1.8,,54.0,2.3,4.2,135.0,136.0,1015.7,562.0,0.0,,0.0
2023-05-25 12:00:00,3.7,4.7,,2.8,,49.0,1.3,3.2,159.0,88.0,1016.3,661.0,0.0,,0.0
2023-05-25 13:00:00,4.5,5.1,,4.0,,47.0,2.1,3.6,149.0,143.0,1016.7,748.0,0.0,,0.0
2023-05-25 15:00:00,3.7,4.1,,3.3,,53.0,2.8,4.9,141.0,154.0,1017.7,771.0,0.0,,0.0
2023-05-25 16:00:00,4.0,4.8,,3.4,,53.0,3.0,5.1,121.0,140.0,1017.8,807.0,0.0,,10.0
2023-05-25 17:00:00,4.7,5.0,,4.3,,48.0,3.0,6.4,128.0,109.0,1018.0,621.0,0.0,,40.0
2023-05-25 18:00:00,3.7,4.7,,2.9,,55.0,3.2,5.2,142.0,146.0,1018.0,405.0,0.0,,60.0
2023-05-25 19:00:00,3.2,3.9,,2.9,,60.0,3.1,5.4,143.0,143.0,1018.0,372.0,0.0,,90.0
2023-05-25 20:00:00,3.8,4.4,,3.4,,59.0,3.2,5.8,144.0,126.0,1017.9,376.0,0.0,,60.0
2023-05-25 21:00:00,3.2,3.7,,2.9,,58.0,3.4,6.0,157.0,156.0,1017.7,268.0,0.0,,90.0
2023-05-25 22:00:00,2.5,3.2,,2.0,,60.0,3.3,5.7,152.0,154.0,1017.3,132.0,0.0,,40.0
2023-05-25 23:00:00,2.2,2.4,,1.9,,59.0,2.2,4.1,158.0,156.0,1017.2,65.0,0.0,,90.0
2023-05-26 00:00:00,2.2,2.4,,2.0,,56.0,1.3,2.3,136.0,151.0,1016.9,29.0,0.0,,90.0
2023-05-26 01:00:00,1.8,2.0,,1.6,,59.0,1.2,2.3,247.0,196.0,1016.4,8.0,0.0,,10.0
2023-05-26 02:00:00,1.1,1.6,,0.7,,60.0,2.0,2.8,260.0,258.0,1015.9,1.0,0.0,,0.0
2023-05-26 03:00:00,0.7,1.1,,0.1,,63.0,1.5,2.9,188.0,238.0,1015.2,0.0,0.0,,0.0
2023-05-26 04:00:00,0.1,0.3,,-0.1,,66.0,0.4,1.7,0.0,261.0,1014.6,1.0,0.0,,60.0
2023-05-26 05:00:00,0.0,0.3,,-0.1,,64.0,0.5,1.5,259.0,274.0,1014.0,7.0,0.0,,0.0
2023-05-26 06:00:00,-0.2,0.0,4.4,-0.5,-0.5,64.0,1.6,2.7,274.0,266.0,1013.3,29.0,0.0,,0.0
2023-05-26 07:00:00,0.2,0.7,,-0.1,,64.0,1.1,2.8,261.0,278.0,1012.8,101.0,0.0,,0.0
2023-05-26 08:00:00,0.9,1.5,,0.5,,61.0,0.8,2.5,40.0,344.0,1012.7,199.0,0.0,,0.0
2023-05-26 09:00:00,2.0,2.3,,1.4,,56.0,1.0,2.5,27.0,40.0,1012.2,315.0,0.0,,0.0
2023-05-26 10:00:00,2.6,3.3,,2.1,,53.0,1.3,2.5,35.0,38.0,1011.7,443.0,0.0,,0.0
2023-05-26 11:00:00,3.4,3.9,,3.0,,48.0,1.2,2.5,129.0,94.0,1011.2,553.0,0.0,,0.0
2023-05-26 12:00:00,3.9,4.4,,3.1,,49.0,2.0,3.9,124.0,96.0,1010.8,666.0,0.0,,0.0
2023-05-26 13:00:00,3.5,4.8,,2.4,,53.0,2.2,4.0,37.0,117.0,1010.6,751.0,0.0,,0.0
2023-05-26 14:00:00,4.4,5.0,,3.7,,50.0,1.8,4.1,151.0,81.0,1010.5,804.0,0.0,,0.0
2023-05-26 15:00:00,4.4,4.8,,4.0,,43.0,2.5,4.7,253.0,227.0,1010.3,830.0,0.0,,0.0
2023-05-26 16:00:00,4.6,5.2,,4.1,,39.0,3.2,6.3,260.0,260.0,1010.2,821.0,0.0,,0.0
2023-05-26 17:00:00,5.1,5.6,,4.5,,34.0,3.7,6.9,222.0,231.0,1010.3,766.0,0.0,,0.0
2023-05-26 18:00:00,4.8,5.4,5.6,4.1,-0.1,33.0,5.1,8.4,237.0,232.0,1010.5,689.0,0.0,,0.0
2023-05-26 19:00:00,4.4,5.0,,3.9,,35.0,4.6,7.9,250.0,244.0,1010.6,579.0,0.0,,0.0
2023-05-26 20:00:00,5.0,5.5,,4.7,,33.0,1.9,6.0,268.0,203.0,1011.1,453.0,0.0,,0.0
2023-05-26 21:00:00,4.5,5.2,,4.1,,35.0,1.4,2.9,85.0,49.0,1011.4,313.0,0.0,,0.0
2023-05-26 22:00:00,4.0,4.8,,2.3,,40.0,1.5,3.6,1.0,77.0,1012.0,179.0,0.0,,0.0
2023-05-26 23:00:00,2.0,2.5,,1.7,,56.0,1.7,3.6,222.0,316.0,1012.2,84.0,0.0,,0.0
2023-05-27 00:00:00,2.2,2.6,,1.1,,53.0,1.7,4.3,329.0,180.0,1012.4,31.0,0.0,,10.0
2023-05-27 01:00:00,1.5,2.2,,0.9,,57.0,1.4,3.2,148.0,241.0,1012.4,10.0,0.0,,0.0
2023-05-27 02:00:00,1.3,2.3,,0.1,,58.0,1.5,3.8,214.0,221.0,1012.8,1.0,0.0,,40.0
2023-05-27 03:00:00,1.6,2.4,,0.9,,54.0,1.1,2.6,275.0,272.0,1012.2,0.0,0.0,,0.0
2023-05-27 04:00:00,1.5,3.1,,-0.6,,54.0,2.1,4.2,235.0,240.0,1012.5,2.0,0.0,,0.0
2023-05-27 05:00:00,1.9,2.5,,1.4,,50.0,1.3,3.0,304.0,292.0,1012.0,9.0,0.0,,10.0
2023-05-27 06:00:00,2.1,3.0,5.5,-0.6,-0.6,49.0,0.9,3.2,160.0,220.0,1012.2,26.0,0.0,0.0,0.0
2023-05-27 07:00:00,0.1,1.2,,-0.6,,64.0,2.1,4.0,156.0,163.0,1012.4,60.0,0.0,,0.0
2023-05-27 08:00:00,1.5,2.6,,0.3,,57.0,1.7,3.8,166.0,170.0,1012.4,144.0,0.0,,0.0
2023-05-27 09:00:00,2.7,3.6,,1.8,,51.0,2.7,4.3,150.0,158.0,1012.3,307.0,0.0,,0.0
2023-05-27 10:00:00,4.3,5.0,,3.3,,43.0,1.0,2.4,16.0,118.0,1012.4,446.0,0.0,,0.0
2023-05-27 11:00:00,5.1,5.8,,4.7,,39.0,1.3,3.1,142.0,74.0,1012.3,559.0,0.0,,0.0
2023-05-27 12:00:00,5.5,6.6,,4.9,,38.0,2.1,4.7,17.0,138.0,1011.8,661.0,0.0,,0.0
2023-05-27 13:00:00,6.2,7.4,,4.7,,35.0,2.2,5.7,150.0,70.0,1011.4,745.0,0.0,,0.0
2023-05-27 14:00:00,5.0,5.8,,4.3,,46.0,4.0,6.1,143.0,138.0,1011.4,802.0,0.0,,0.0
2023-05-27 15:00:00,4.1,5.3,,3.4,,56.0,3.1,5.1,165.0,149.0,1011.2,825.0,0.0,,0.0
2023-05-27 16:00:00,5.6,6.3,,4.9,,47.0,1.5,3.5,324.0,290.0,1010.7,803.0,0.0,,0.0
2023-05-27 17:00:00,5.8,7.2,,4.8,,49.0,1.4,3.8,192.0,175.0,1010.0,759.0,0.0,,0.0
2023-05-27 18:00:00,5.6,6.2,7.4,4.7,-0.6,51.0,1.5,3.0,336.0,263.0,1009.7,632.0,0.0,,10.0
2023-05-27 19:00:00,5.9,6.5,,5.0,,50.0,1.9,4.3,331.0,338.0,1009.2,579.0,0.0,,0.0
2023-05-27 20:00:00,6.8,8.0,,6.1,,45.0,1.0,3.1,329.0,72.0,1008.6,445.0,0.0,,0.0
2023-05-27 21:00:00,5.2,6.6,,4.1,,57.0,1.2,2.5,327.0,285.0,1008.4,311.0,0.0,,0.0
2023-05-27 22:00:00,4.8,5.4,,4.2,,57.0,0.9,2.0,15.0,9.0,1008.4,192.0,0.0,,0.0
2023-05-27 23:00:00,4.6,7.8,,3.7,,60.0,2.1,7.9,301.0,5.0,1007.8,83.0,0.0,,0.0
2023-05-28 00:00:00,7.8,8.6,,7.0,,30.0,6.4,11.1,289.0,293.0,1007.4,21.0,0.0,,0.0
2023-05-28 01:00:00,6.8,7.2,,6.3,,33.0,8.1,13.3,274.0,274.0,1007.0,7.0,0.0,,0.0
2023-05-28 02:00:00,6.3,6.9,,6.0,,32.0,9.1,13.6,280.0,276.0,1007.0,2.0,0.0,,0.0
2023-05-28 03:00:00,5.7,6.1,,5.3,,33.0,8.9,12.4,276.0,276.0,1006.6,1.0,0.0,,0.0
2023-05-28 04:00:00,5.2,5.7,,4.7,,34.0,7.5,10.8,278.0,277.0,1006.4,2.0,0.0,,0.0
2023-05-28 05:00:00,5.1,5.9,,4.5,,31.0,6.6,11.7,300.0,291.0,1006.4,8.0,0.0,,0.0
2023-05-28 06:00:00,4.5,4.9,8.6,4.2,3.7,32.0,7.1,11.3,287.0,291.0,1006.1,39.0,0.0,0.0,0.0
2023-05-28 07:00:00,4.8,5.4,,4.5,,30.0,7.7,12.6,280.0,286.0,1005.3,81.0,0.0,,10.0
2023-05-28 08:00:00,4.9,5.9,,4.5,,30.0,9.3,15.4,294.0,282.0,1004.9,182.0,0.0,,0.0
2023-05-28 09:00:00,5.4,5.9,,5.1,,30.0,4.2,11.1,292.0,302.0,1004.9,269.0,0.0,,0.0
2023-05-28 10:00:00,5.9,6.6,,5.2,,28.0,2.2,7.3,13.0,343.0,1004.2,318.0,0.0,,10.0
2023-05-28 11:00:00,6.5,7.0,,6.2,,28.0,2.5,5.7,6.0,9.0,1004.3,416.0,0.0,,10.0
2023-05-28 12:00:00,6.1,6.9,,5.4,,32.0,3.0,6.4,151.0,93.0,1005.1,545.0,0.0,,0.0
2023-05-28 13:00:00,6.2,7.2,,5.5,,34.0,2.4,4.8,150.0,146.0,1005.5,665.0,0.0,,0.0
2023-05-28 14:00:00,7.6,8.3,,7.0,,28.0,1.1,3.1,52.0,70.0,1005.5,743.0,0.0,,0.0
2023-05-28 15:00:00,7.3,8.0,,6.4,,31.0,2.7,4.9,156.0,150.0,1005.5,766.0,0.0,,0.0
2023-05-28 16:00:00,7.7,8.2,,7.1,,30.0,3.0,4.7,150.0,151.0,1005.5,689.0,0.0,,10.0
2023-05-28 17:00:00,7.4,8.1,,6.9,,30.0,3.2,5.3,150.0,147.0,1005.5,685.0,0.0,,10.0
2023-05-28 18:00:00,7.6,8.2,8.3,7.2,4.5,29.0,2.7,4.8,154.0,149.0,1005.8,591.0,0.0,,40.0
2023-05-28 19:00:00,7.4,7.9,,6.9,,32.0,2.5,4.2,126.0,136.0,1006.1,549.0,0.0,,60.0
2023-05-28 20:00:00,5.7,7.8,,3.9,,46.0,2.1,3.4,161.0,164.0,1006.7,323.0,0.0,,90.0
2023-05-28 21:00:00,4.5,5.9,,2.7,,54.0,1.3,3.6,169.0,182.0,1006.8,215.0,0.0,,60.0
2023-05-28 22:00:00,3.3,4.2,,2.3,,64.0,1.4,4.0,303.0,241.0,1007.1,160.0,0.0,,10.0
2023-05-28 23:00:00,2.3,3.9,,1.5,,72.0,1.7,3.9,163.0,187.0,1007.4,90.0,0.0,,0.0
2023-05-29 00:00:00,2.3,2.8,,1.9,,72.0,0.8,3.8,0.0,246.0,1007.5,29.0,0.0,,40.0
2023-05-29 01:00:00,2.0,2.4,,1.7,,75.0,0.5,1.9,0.0,172.0,1007.4,7.0,0.0,,90.0
2023-05-29 02:00:00,2.3,2.5,,2.0,,75.0,0.4,1.2,0.0,277.0,1007.3,1.0,0.0,,100.0
2023-05-29 03:00:00,1.9,2.7,,1.4,,76.0,2.0,5.2,163.0,217.0,1007.3,0.0,0.0,,100.0
2023-05-29 04:00:00,2.2,2.4,,1.8,,74.0,0.8,2.4,0.0,309.0,1007.4,0.0,0.0,,100.0
2023-05-29 05:00:00,2.1,2.5,,1.9,,76.0,0.0,0.8,316.0,0.0,1007.1,2.0,0.0,,100.0
2023-05-29 06:00:00,2.6,3.9,7.9,1.4,1.4,69.0,1.6,5.6,151.0,37.0,1007.3,8.0,0.0,0.0,90.0
2023-05-29 07:00:00,2.4,3.2,,1.3,,61.0,1.9,5.4,337.0,167.0,1007.1,30.0,0.0,,90.0
2023-05-29 08:00:00,3.4,3.9,,2.9,,60.0,1.1,3.4,99.0,123.0,1007.4,30.0,0.0,,100.0
2023-05-29 09:00:00,3.0,3.7,,2.1,,78.0,1.6,4.7,265.0,353.0,1006.4,79.0,0.6,,100.0
2023-05-29 10:00:00,2.5,3.0,,2.1,,87.0,2.2,3.9,324.0,282.0,1005.5,93.0,0.1,,100.0
2023-05-29 11:00:00,3.0,3.1,,2.8,,84.0,1.8,5.2,340.0,1.0,1004.5,91.0,0.2,,100.0
2023-05-29 12:00:00,2.6,3.1,,2.4,,87.0,2.7,5.5,10.0,22.0,1003.1,113.0,0.7,,
2023-05-29 13:00:00,2.4,2.7,,2.3,,87.0,3.1,6.1,17.0,16.0,1002.5,114.0,0.5,,100.0
2023-05-29 14:00:00,1.7,2.5,,1.1,,90.0,2.2,6.0,264.0,330.0,1002.0,68.0,1.9,,
2023-05-29 15:00:00,1.6,2.1,,1.1,,93.0,0.9,2.4,204.0,276.0,1001.8,174.0,0.9,,
2023-05-29 16:00:00,1.8,2.1,,1.5,,91.0,1.4,3.6,292.0,245.0,1002.1,103.0,2.8,,
2023-05-29 17:00:00,1.5,2.1,,1.3,,94.0,1.1,2.6,26.0,30.0,1002.3,216.0,0.6,,100.0
2023-05-29 18:00:00,2.9,3.7,3.9,2.0,1.1,93.0,1.4,4.1,155.0,32.0,1003.2,478.0,0.0,,90.0
2023-05-29 19:00:00,2.2,2.5,,1.9,,94.0,3.3,5.1,152.0,144.0,1004.0,320.0,0.0,,100.0
2023-05-29 20:00:00,2.7,3.0,,2.2,,90.0,2.5,4.0,142.0,147.0,1005.1,292.0,0.0,,90.0
2023-05-29 21:00:00,2.4,3.0,,2.1,,90.0,2.2,3.7,224.0,158.0,1006.2,242.0,0.0,,90.0
2023-05-29 22:00:00,2.8,4.1,,2.3,,89.0,1.3,9.1,258.0,337.0,1007.4,79.0,0.0,,90.0
2023-05-29 23:00:00,4.2,4.5,,3.9,,77.0,6.0,11.0,219.0,232.0,1008.2,36.0,0.1,,90.0
2023-05-30 01:00:00,3.9,4.2,,3.5,,69.0,5.7,14.2,224.0,227.0,1009.8,6.0,0.0,,10.0
2023-05-30 02:00:00,3.5,3.8,,3.1,,71.0,8.6,14.7,227.0,226.0,1010.9,1.0,0.0,,0.0
2023-05-30 03:00:00,3.2,3.4,,3.0,,73.0,8.5,13.2,228.0,228.0,1011.4,0.0,0.0,,0.0
2023-05-30 04:00:00,3.1,3.5,,2.7,,72.0,6.1,10.6,271.0,249.0,1011.7,1.0,0.0,,0.0
2023-05-30 05:00:00,2.6,2.9,,2.1,,74.0,2.5,5.7,163.0,242.0,1012.1,7.0,0.0,,0.0
2023-05-30 06:00:00,2.3,2.9,4.5,1.9,1.9,75.0,1.5,3.4,325.0,233.0,1012.8,29.0,0.0,8.4,0.0
2023-05-30 07:00:00,2.6,3.9,,1.5,,68.0,1.0,4.0,35.0,347.0,1013.2,84.0,0.0,,0.0
2023-05-30 08:00:00,4.2,4.8,,3.7,,51.0,1.2,4.3,73.0,39.0,1014.0,150.0,0.0,,10.0
2023-05-30 09:00:00,5.4,5.9,,4.8,,41.0,1.3,4.2,38.0,359.0,1014.5,274.0,0.0,,0.0
2023-05-30 10:00:00,5.2,6.3,,4.0,,46.0,1.3,4.2,30.0,68.0,1015.1,410.0,0.0,,0.0
2023-05-30 11:00:00,5.6,6.9,,3.7,,49.0,1.5,3.1,164.0,104.0,1015.6,491.0,0.0,,0.0
2023-05-30 12:00:00,7.3,8.3,,6.3,,41.0,1.5,3.4,163.0,132.0,1016.1,591.0,0.0,,0.0
2023-05-30 13:00:00,4.5,8.8,,2.6,,63.0,4.3,7.2,151.0,149.0,1016.9,683.0,0.0,,0.0
2023-05-30 14:00:00,4.0,5.2,,3.1,,68.0,3.9,6.7,142.0,142.0,1018.1,728.0,0.0,,0.0
2023-05-30 15:00:00,4.3,5.7,,3.0,,66.0,2.4,5.4,143.0,111.0,1018.6,757.0,0.0,,0.0
2023-05-30 16:00:00,4.4,6.0,,3.2,,68.0,3.1,5.1,154.0,153.0,1019.0,745.0,0.0,,0.0
2023-05-30 17:00:00,5.3,6.1,,4.5,,61.0,3.2,5.0,151.0,150.0,1019.2,685.0,0.0,,0.0
2023-05-30 18:00:00,5.4,6.7,8.8,3.9,1.5,58.0,2.5,6.1,150.0,133.0,1019.5,610.0,0.0,,10.0
2023-05-30 19:00:00,5.4,6.5,,4.1,,59.0,3.0,6.4,158.0,151.0,1020.1,549.0,0.0,,0.0
2023-05-30 20:00:00,3.1,4.5,,2.4,,73.0,4.2,6.2,156.0,150.0,1021.0,443.0,0.0,,0.0
2023-05-30 21:00:00,3.8,4.6,,3.1,,69.0,2.0,4.6,334.0,297.0,1021.5,308.0,0.0,,10.0
2023-05-30 22:00:00,5.3,6.3,,4.4,,60.0,1.5,3.5,281.0,304.0,1021.6,195.0,0.0,,0.0
2023-05-30 23:00:00,2.9,6.4,,1.7,,76.0,2.6,4.9,203.0,185.0,1022.6,90.0,0.0,,0.0
2023-05-31 00:00:00,2.5,3.0,,2.2,,79.0,1.2,3.6,162.0,288.0,1023.0,28.0,0.0,,0.0
2023-05-31 01:00:00,1.7,2.5,,1.2,,83.0,1.8,4.6,294.0,260.0,1023.5,6.0,0.0,,60.0
2023-05-31 02:00:00,2.2,3.0,,1.3,,82.0,1.7,3.8,112.0,199.0,1023.7,1.0,0.0,,90.0
2023-05-31 03:00:00,1.5,2.0,,0.8,,85.0,1.0,3.4,324.0,255.0,1024.1,0.0,0.0,,90.0
2023-05-31 04:00:00,1.3,1.8,,0.7,,88.0,0.8,2.6,309.0,291.0,1024.1,1.0,0.0,,60.0
2023-05-31 05:00:00,1.8,2.7,,1.2,,85.0,1.0,2.9,188.0,256.0,1024.1,7.0,0.0,,60.0
2023-05-31 06:00:00,1.0,1.4,6.5,0.2,0.2,87.0,2.4,4.5,205.0,162.0,1024.7,37.0,0.0,0.0,60.0
2023-05-31 07:00:00,1.2,1.5,,0.4,,88.0,0.6,2.1,325.0,297.0,1024.7,88.0,0.0,,60.0
2023-05-31 08:00:00,1.6,2.0,,1.3,,86.0,0.5,1.5,333.0,297.0,1024.8,167.0,0.0,,60.0
2023-05-31 09:00:00,2.5,3.4,,1.9,,82.0,1.0,2.2,175.0,110.0,1025.2,265.0,0.0,,90.0
2023-05-31 10:00:00,1.9,2.7,,1.1,,85.0,1.5,4.0,234.0,171.0,1025.4,252.0,0.0,,90.0
2023-05-31 11:00:00,3.4,4.4,,2.7,,78.0,1.0,2.2,131.0,50.0,1025.5,453.0,0.0,,90.0
2023-05-31 12:00:00,4.2,5.2,,3.7,,75.0,1.4,3.2,146.0,86.0,1025.6,452.0,0.0,,90.0
2023-05-31 13:00:00,3.3,4.2,,2.7,,81.0,2.0,4.1,176.0,164.0,1025.8,417.0,0.0,,90.0
2023-05-31 14:00:00,3.9,4.8,,2.9,,80.0,1.8,4.6,161.0,147.0,1026.1,452.0,0.0,,90.0
2023-05-31 15:00:00,3.3,4.4,,2.3,,83.0,2.5,5.5,143.0,157.0,1026.2,610.0,0.0,,10.0
2023-05-31 16:00:00,4.4,5.3,,3.4,,78.0,1.8,3.6,139.0,126.0,1026.2,518.0,0.0,,90.0
2023-05-31 17:00:00,5.1,6.2,,4.1,,74.0,1.7,3.3,159.0,145.0,1025.4,630.0,0.0,,40.0
2023-05-31 18:00:00,3.2,4.4,6.2,2.5,0.4,81.0,3.2,5.9,165.0,157.0,1025.7,445.0,0.0,,60.0
2023-05-31 19:00:00,2.5,3.4,,1.7,,85.0,2.1,5.0,190.0,175.0,1025.8,276.0,0.0,,90.0
2023-05-31 20:00:00,3.2,3.7,,2.0,,82.0,1.8,4.1,152.0,248.0,1026.0,235.0,0.0,,90.0
2023-05-31 21:00:00,2.7,3.2,,2.2,,85.0,1.3,4.1,113.0,315.0,1025.8,134.0,0.0,,90.0
2023-05-31 22:00:00,2.6,3.2,,2.1,,85.0,1.2,3.0,167.0,99.0,1025.6,66.0,0.0,,100.0
2023-05-31 23:00:00,2.2,2.7,,1.9,,86.0,1.5,3.1,58.0,143.0,1025.7,14.0,0.0,,100.0
2023-06-01 00:00:00,2.0,2.3,,1.8,,89.0,0.8,2.3,289.0,236.0,1025.7,3.0,0.4,,90.0
2023-06-01 01:00:00,2.3,2.6,,2.0,,91.0,0.8,2.1,352.0,348.0,1025.4,1.0,1.2,,100.0
2023-06-01 02:00:00,2.6,3.1,,2.0,,94.0,0.4,1.3,3.0,336.0,1025.2,0.0,0.7,,90.0
2023-06-01 03:00:00,2.8,3.1,,2.5,,95.0,0.0,1.2,0.0,0.0,1024.3,0.0,0.7,,100.0
2023-06-01 04:00:00,2.9,3.1,,2.6,,96.0,0.0,1.4,29.0,0.0,1023.8,0.0,0.0,,100.0
2023-06-01 05:00:00,3.0,3.4,,2.5,,97.0,0.0,1.0,0.0,0.0,1023.6,1.0,0.0,,100.0
2023-06-01 06:00:00,3.1,3.8,3.8,2.0,1.7,97.0,1.3,4.4,141.0,146.0,1023.6,4.0,0.1,3.1,
2023-06-01 07:00:00,2.7,3.0,,2.2,,98.0,1.5,3.7,310.0,181.0,1023.4,26.0,0.0,,
2023-06-01 08:00:00,2.7,3.0,,2.4,,98.0,0.5,1.1,28.0,349.0,1023.4,67.0,0.0,,
2023-06-01 09:00:00,3.1,3.5,,2.8,,98.0,1.0,2.2,177.0,127.0,1023.1,140.0,0.0,,90.0
2023-06-01 10:00:00,3.3,4.1,,2.8,,98.0,1.2,2.9,191.0,129.0,1023.0,201.0,0.0,,90.0
2023-06-01 11:00:00,3.6,4.2,,3.3,,97.0,1.1,2.7,10.0,37.0,1022.7,315.0,0.0,,
2023-06-01 12:00:00,4.7,6.0,,3.8,,97.0,0.8,2.3,66.0,103.0,1022.7,398.0,0.0,,90.0
2023-06-01 13:00:00,4.7,5.9,,3.8,,94.0,1.8,3.7,346.0,115.0,1022.7,358.0,0.0,,90.0
2023-06-01 14:00:00,5.2,5.9,,4.6,,91.0,1.5,2.7,29.0,25.0,1022.3,534.0,0.0,,90.0
2023-06-01 15:00:00,5.7,6.3,,5.3,,88.0,1.6,3.5,111.0,37.0,1022.2,558.0,0.0,,90.0
2023-06-01 17:00:00,5.9,6.7,,4.9,,85.0,1.8,4.1,336.0,66.0,1021.4,560.0,0.0,,90.0
2023-06-01 18:00:00,4.3,6.3,6.7,3.5,2.2,89.0,2.2,4.0,27.0,23.0,1020.9,435.0,0.0,,90.0
2023-06-01 20:00:00,2.9,4.8,,2.0,,90.0,1.5,2.9,6.0,18.0,1020.4,241.0,0.0,,90.0
2023-06-01 21:00:00,3.0,3.6,,2.4,,90.0,1.3,3.0,247.0,91.0,1020.2,201.0,0.0,,10.0
2023-06-01 22:00:00,1.5,3.1,,0.2,,93.0,2.4,5.2,160.0,163.0,1020.2,113.0,0.0,,90.0
2023-06-01 23:00:00,0.3,0.7,,-0.1,,97.0,1.8,3.1,152.0,167.0,1020.1,45.0,0.0,,90.0
2023-06-02 00:00:00,0.7,0.9,,0.3,,98.0,1.1,2.3,22.0,127.0,1020.2,16.0,0.0,,
2023-06-02 01:00:00,0.3,0.6,,-0.1,,98.0,1.0,2.3,154.0,123.0,1020.1,4.0,0.0,,
2023-06-02 02:00:00,0.0,0.6,,-0.3,,99.0,0.8,2.4,191.0,144.0,1019.8,1.0,0.0,,
2023-06-02 03:00:00,-0.5,0.0,,-0.9,,99.0,1.8,4.0,153.0,160.0,1019.5,0.0,0.0,,90.0
2023-06-02 04:00:00,-0.4,0.3,,-0.9,,99.0,1.3,3.7,147.0,173.0,1019.6,0.0,0.0,,90.0
2023-06-02 05:00:00,-0.3,0.3,,-0.9,,99.0,0.8,2.9,236.0,200.0,1019.4,2.0,0.0,,90.0
2023-06-02 06:00:00,0.5,0.7,4.8,0.3,-0.9,99.0,0.5,1.3,357.0,348.0,1018.8,13.0,0.0,0.0,90.0
2023-06-02 07:00:00,0.7,1.4,,0.3,,99.0,0.7,2.1,0.0,76.0,1018.6,37.0,0.0,,90.0
2023-06-02 08:00:00,1.4,1.8,,1.2,,98.0,0.5,1.4,94.0,123.0,1018.5,64.0,0.0,,90.0
2023-06-02 09:00:00,1.8,2.1,,1.4,,98.0,0.5,2.0,24.0,47.0,1018.5,54.0,0.1,,
2023-06-02 10:00:00,2.0,2.3,,1.7,,99.0,0.7,2.4,52.0,57.0,1018.6,75.0,0.1,,
2023-06-02 11:00:00,2.3,2.5,,2.1,,99.0,0.9,2.2,111.0,79.0,1018.7,101.0,0.4,,90.0
2023-06-02 12:00:00,1.9,2.5,,1.4,,98.0,1.9,3.7,150.0,145.0,1019.1,118.0,0.0,,100.0
2023-06-02 13:00:00,1.8,2.2,,1.6,,99.0,0.8,1.9,110.0,104.0,1018.9,135.0,0.0,,
2023-06-02 14:00:00,1.6,1.8,,1.4,,99.0,1.9,3.2,144.0,145.0,1019.0,174.0,0.0,,100.0
2023-06-02 15:00:00,1.7,2.0,,1.5,,98.0,1.9,2.7,139.0,140.0,1018.9,251.0,0.0,,100.0
2023-06-02 16:00:00,1.5,2.2,,1.2,,98.0,2.2,3.2,143.0,138.0,1018.8,176.0,0.0,,100.0
2023-06-02 17:00:00,1.6,2.3,,1.4,,97.0,1.0,2.7,139.0,153.0,1018.5,167.0,0.0,,100.0
2023-06-02 18:00:00,1.5,2.4,2.5,1.0,0.3,96.0,2.0,3.4,162.0,140.0,1018.4,135.0,0.0,,100.0
2023-06-02 19:00:00,1.6,1.8,,1.3,,97.0,1.5,2.7,136.0,150.0,1018.5,155.0,0.0,,100.0
2023-06-02 20:00:00,1.7,1.9,,1.5,,97.0,2.0,3.1,131.0,137.0,1018.3,159.0,0.0,,100.0
2023-06-02 21:00:00,1.5,1.6,,1.3,,97.0,1.7,3.2,147.0,146.0,1018.3,63.0,0.0,,100.0
2023-06-02 22:00:00,1.5,1.7,,1.4,,98.0,1.2,2.2,129.0,144.0,1018.0,50.0,0.0,,100.0
2023-06-02 23:00:00,1.6,1.9,,1.2,,98.0,1.5,2.7,149.0,145.0,1018.0,38.0,0.0,,100.0
2023-06-03 00:00:00,1.3,1.5,,1.1,,98.0,1.6,2.6,155.0,150.0,1017.9,29.0,0.0,,100.0
2023-06-03 01:00:00,0.9,1.2,,0.7,,98.0,2.2,3.2,152.0,148.0,1017.7,9.0,0.0,,90.0
2023-06-03 02:00:00,0.9,1.0,,0.8,,99.0,1.3,2.3,157.0,157.0,1017.3,2.0,0.0,,
2023-06-03 03:00:00,1.1,1.3,,0.9,,99.0,0.7,1.8,0.0,161.0,1016.9,1.0,0.0,,
2023-06-03 04:00:00,1.2,1.3,,0.9,,99.0,0.5,1.6,169.0,118.0,1016.7,1.0,0.0,,100.0
2023-06-03 05:00:00,0.9,1.0,,0.8,,99.0,0.7,2.0,311.0,257.0,1016.2,4.0,0.0,,
2023-06-03 06:00:00,0.6,0.8,1.9,0.4,0.4,99.0,0.6,2.2,158.0,258.0,1016.0,17.0,0.0,0.6,
2023-06-03 07:00:00,0.3,0.6,,0.1,,99.0,0.7,1.6,297.0,177.0,1015.9,48.0,0.0,,
2023-06-03 08:00:00,0.2,0.4,,0.0,,99.0,0.7,2.2,130.0,81.0,1015.9,92.0,0.0,,
2023-06-03 09:00:00,0.2,0.4,,0.0,,99.0,0.9,2.2,28.0,96.0,1015.9,179.0,0.0,,
2023-06-03 10:00:00,0.5,0.9,,0.1,,98.0,1.0,2.6,105.0,55.0,1015.8,307.0,0.0,,
2023-06-03 11:00:00,1.3,2.3,,0.7,,95.0,1.3,3.2,135.0,146.0,1015.8,567.0,0.0,,0.0
2023-06-03 12:00:00,-0.1,1.0,,-1.1,,94.0,4.0,6.7,136.0,141.0,1016.2,627.0,0.0,,
2023-06-03 13:00:00,-0.2,1.0,,-1.1,,93.0,3.0,5.5,127.0,132.0,1016.5,754.0,0.0,,90.0
2023-06-03 14:00:00,0.8,1.3,,0.2,,88.0,2.5,3.8,143.0,146.0,1016.3,823.0,0.0,,0.0
2023-06-03 15:00:00,0.9,1.4,,0.5,,88.0,3.3,4.9,148.0,150.0,1016.0,791.0,0.0,,0.0
2023-06-03 16:00:00,1.3,2.1,,0.5,,87.0,3.4,5.0,150.0,152.0,1015.8,833.0,0.0,,0.0
2023-06-03 17:00:00,1.5,2.2,,0.8,,87.0,3.7,6.0,154.0,152.0,1015.7,781.0,0.0,,0.0
2023-06-03 18:00:00,0.7,1.3,2.3,0.1,-1.1,90.0,3.9,5.9,153.0,153.0,1015.7,684.0,0.0,,40.0
2023-06-03 19:00:00,0.9,1.5,,0.4,,90.0,3.0,4.3,157.0,154.0,1015.3,582.0,0.0,,0.0
2023-06-03 20:00:00,0.8,1.2,,0.4,,90.0,2.4,3.9,159.0,166.0,1015.1,492.0,0.0,,0.0
2023-06-03 21:00:00,-0.2,0.8,,-0.5,,93.0,3.3,4.4,158.0,158.0,1015.2,323.0,0.0,,0.0
2023-06-03 22:00:00,-0.7,0.0,,-0.9,,94.0,2.3,4.3,207.0,170.0,1015.2,245.0,0.0,,0.0
2023-06-03 23:00:00,-1.2,0.0,,-1.8,,94.0,2.2,4.1,176.0,165.0,1015.4,103.0,0.0,,60.0
2023-06-04 00:00:00,-1.2,-1.0,,-1.7,,97.0,0.8,1.9,38.0,103.0,1015.2,39.0,0.0,,100.0
2023-06-04 01:00:00,-1.6,-1.3,,-2.0,,98.0,0.6,1.9,153.0,83.0,1015.2,15.0,0.0,,
2023-06-04 02:00:00,-2.2,-2.0,,-2.4,,98.0,1.0,2.6,300.0,190.0,1015.1,3.0,0.0,,
2023-06-04 03:00:00,-2.0,-1.8,,-2.1,,98.0,0.4,1.2,50.0,351.0,1014.7,1.0,0.0,,
2023-06-04 04:00:00,-2.0,-1.7,,-2.3,,98.0,1.2,3.3,314.0,77.0,1014.5,2.0,0.0,,
2023-06-04 05:00:00,-2.2,-2.0,,-2.5,,98.0,1.2,4.4,154.0,75.0,1014.9,6.0,0.0,,90.0
2023-06-04 06:00:00,-2.0,-1.7,1.5,-2.5,-2.5,98.0,1.4,3.2,337.0,20.0,1014.7,15.0,0.0,0.0,90.0
2023-06-04 07:00:00,-1.4,-1.0,,-1.7,,98.0,0.7,2.3,96.0,14.0,1014.7,36.0,0.0,,90.0
2023-06-04 08:00:00,-0.9,-0.7,,-1.1,,96.0,1.2,3.7,145.0,145.0,1014.7,90.0,0.0,,90.0
2023-06-04 09:00:00,-0.2,0.2,,-0.8,,92.0,0.8,2.3,27.0,103.0,1015.1,117.0,0.0,,90.0
2023-06-04 10:00:00,0.8,1.9,,0.0,,87.0,1.5,4.7,132.0,211.0,1015.6,117.0,0.0,,90.0
2023-06-04 11:00:00,1.3,1.9,,0.9,,81.0,1.3,4.3,323.0,79.0,1016.0,87.0,0.0,,90.0
2023-06-04 12:00:00,2.3,3.6,,1.4,,83.0,0.7,2.8,200.0,248.0,1016.7,105.0,0.2,,100.0
2023-06-04 13:00:00,3.9,4.7,,3.5,,73.0,1.8,4.0,142.0,131.0,1016.7,282.0,0.0,,90.0
2023-06-04 14:00:00,4.7,5.0,,4.1,,68.0,1.8,4.6,160.0,72.0,1017.0,406.0,0.0,,90.0
2023-06-04 15:00:00,3.8,4.4,,3.5,,73.0,2.3,4.7,147.0,154.0,1017.3,306.0,0.0,,100.0
2023-06-04 16:00:00,3.7,4.0,,3.3,,80.0,2.6,4.8,136.0,139.0,1017.7,498.0,0.0,,90.0
2023-06-04 17:00:00,2.2,3.5,,1.1,,84.0,3.7,5.6,137.0,142.0,1017.9,549.0,0.0,,90.0
2023-06-04 18:00:00,2.2,3.6,5.0,1.2,-1.7,84.0,2.3,5.4,54.0,122.0,1017.7,452.0,0.0,,90.0
2023-06-04 19:00:00,3.1,3.8,,2.1,,79.0,1.8,5.6,128.0,21.0,1018.2,428.0,0.0,,90.0
2023-06-04 20:00:00,1.1,2.3,,0.6,,85.0,4.1,6.6,130.0,134.0,1018.9,434.0,0.0,,10.0
2023-06-04 21:00:00,1.8,2.2,,0.9,,82.0,1.5,3.7,259.0,156.0,1019.2,342.0,0.0,,10.0
2023-06-04 22:00:00,1.5,2.3,,1.0,,83.0,2.4,3.7,319.0,316.0,1019.7,219.0,0.0,,10.0
2023-06-04 23:00:00,0.9,1.1,,0.7,,86.0,2.1,3.4,360.0,325.0,1020.2,97.0,0.0,,10.0
2023-06-05 00:00:00,0.6,0.8,,0.4,,88.0,1.4,2.2,322.0,334.0,1020.3,36.0,0.0,,40.0
2023-06-05 01:00:00,0.3,0.5,,0.2,,89.0,1.2,2.3,331.0,347.0,1020.4,9.0,0.0,,90.0
2023-06-05 02:00:00,0.4,1.0,,0.2,,89.0,1.4,5.8,267.0,319.0,1020.5,3.0,0.0,,90.0
2023-06-05 03:00:00,0.4,1.2,,-0.2,,88.0,0.8,4.8,30.0,326.0,1020.7,2.0,0.0,,60.0
2023-06-05 04:00:00,0.3,0.7,,-0.1,,90.0,0.9,2.1,139.0,179.0,1020.8,3.0,0.0,,90.0
2023-06-05 05:00:00,0.3,0.6,,0.1,,91.0,0.5,2.1,131.0,139.0,1021.2,8.0,0.0,,90.0
2023-06-05 06:00:00,0.1,0.6,3.8,0.0,-0.2,92.0,0.4,1.4,0.0,22.0,1021.6,22.0,0.0,0.2,90.0
2023-06-05 07:00:00,0.4,0.6,,0.2,,91.0,0.3,0.9,343.0,339.0,1021.7,57.0,0.0,,90.0
2023-06-05 08:00:00,0.9,1.0,,0.6,,89.0,0.6,1.4,356.0,6.0,1022.0,109.0,0.0,,90.0
2023-06-05 09:00:00,1.5,2.1,,1.0,,86.0,0.4,2.7,96.0,33.0,1022.5,116.0,0.0,,90.0
2023-06-05 10:00:00,1.0,2.0,,0.7,,88.0,2.9,4.3,152.0,151.0,1023.2,148.0,0.0,,100.0
2023-06-05 11:00:00,1.4,1.9,,0.8,,90.0,1.3,3.5,148.0,158.0,1023.6,198.0,0.0,,100.0
2023-06-05 12:00:00,1.1,1.8,,0.6,,94.0,2.5,4.5,157.0,155.0,1024.4,178.0,0.6,,90.0
2023-06-05 13:00:00,0.5,0.7,,0.3,,96.0,3.0,4.5,166.0,155.0,1025.0,185.0,0.5,,100.0
2023-06-05 14:00:00,0.9,1.5,,0.5,,95.0,1.7,3.5,126.0,143.0,1025.3,201.0,0.3,,100.0
2023-06-05 15:00:00,1.6,2.0,,1.4,,94.0,0.7,1.8,113.0,137.0,1025.4,166.0,0.3,,100.0
2023-06-05 16:00:00,1.9,2.1,,1.5,,94.0,1.0,2.5,149.0,127.0,1025.6,228.0,0.4,,100.0
2023-06-05 17:00:00,2.0,2.2,,1.7,,92.0,1.5,2.7,147.0,144.0,1025.9,264.0,0.1,,100.0
2023-06-05 18:00:00,2.0,2.3,2.3,1.9,0.2,90.0,1.6,3.4,147.0,145.0,1026.1,221.0,0.0,,100.0
2023-06-05 19:00:00,2.0,2.2,,1.9,,90.0,2.3,3.8,154.0,154.0,1026.3,261.0,0.0,,100.0
2023-06-05 20:00:00,2.0,2.3,,1.7,,89.0,2.0,3.2,134.0,136.0,1026.5,187.0,0.0,,100.0
2023-06-05 21:00:00,1.8,2.0,,1.5,,90.0,1.9,3.1,144.0,137.0,1026.5,84.0,0.0,,100.0
2023-06-05 22:00:00,1.3,1.9,,0.9,,89.0,2.7,4.1,138.0,139.0,1026.7,62.0,0.0,,100.0
2023-06-05 23:00:00,1.1,1.5,,0.9,,89.0,2.0,4.1,151.0,135.0,1026.8,35.0,0.0,,100.0
2023-06-06 01:00:00,0.7,0.9,,0.6,,92.0,1.3,2.6,315.0,324.0,1027.1,10.0,0.0,,90.0
2023-06-06 02:00:00,0.5,0.6,,0.4,,93.0,0.4,1.1,304.0,328.0,1026.7,3.0,0.0,,40.0
2023-06-06 03:00:00,0.7,1.1,,0.4,,91.0,1.0,2.5,240.0,271.0,1026.1,2.0,0.0,,10.0
2023-06-06 04:00:00,0.4,0.8,,0.0,,91.0,1.1,2.4,167.0,195.0,1025.8,4.0,0.0,,0.0
2023-06-06 05:00:00,-0.3,0.2,,-0.5,,94.0,0.5,1.5,308.0,279.0,1025.8,11.0,0.0,,0.0
2023-06-06 06:00:00,0.3,1.2,2.3,-0.5,-0.5,92.0,1.5,3.3,278.0,264.0,1025.6,42.0,0.0,2.2,0.0
2023-06-06 07:00:00,0.3,1.2,,0.0,,91.0,0.7,2.6,0.0,356.0,1025.4,118.0,0.0,,0.0
2023-06-06 08:00:00,1.6,2.5,,0.4,,86.0,0.8,2.2,97.0,176.0,1025.1,213.0,0.0,,0.0
2023-06-06 09:00:00,2.7,3.3,,2.2,,79.0,0.9,2.2,34.0,44.0,1024.8,327.0,0.0,,0.0
2023-06-06 10:00:00,3.2,4.1,,2.7,,75.0,1.2,2.7,271.0,344.0,1024.6,428.0,0.0,,0.0
2023-06-06 11:00:00,4.2,4.7,,3.7,,72.0,1.4,3.2,25.0,344.0,1024.5,518.0,0.0,,0.0
2023-06-06 12:00:00,3.7,4.4,,3.5,,73.0,1.5,2.8,24.0,33.0,1024.3,611.0,0.0,,10.0
2023-06-06 13:00:00,4.4,5.2,,3.8,,72.0,1.4,2.8,152.0,53.0,1023.8,692.0,0.0,,10.0
2023-06-06 14:00:00,4.9,5.8,,4.2,,69.0,2.0,3.2,25.0,49.0,1023.7,766.0,0.0,,10.0
2023-06-06 15:00:00,4.5,5.3,,3.7,,68.0,1.6,2.7,29.0,28.0,1023.4,791.0,0.0,,10.0
2023-06-06 16:00:00,5.7,6.5,,5.3,,64.0,2.1,3.5,11.0,24.0,1022.9,729.0,0.0,,10.0
2023-06-06 17:00:00,6.3,7.3,,5.4,,57.0,3.1,7.1,292.0,296.0,1022.4,666.0,0.0,,0.0
2023-06-06 18:00:00,5.7,7.2,7.3,4.6,0.0,61.0,3.0,6.4,354.0,326.0,1022.4,663.0,0.0,,10.0
2023-06-06 19:00:00,4.1,5.1,,3.4,,69.0,2.4,4.6,327.0,332.0,1022.4,514.0,0.0,,0.0
2023-06-06 20:00:00,2.6,4.0,,2.0,,76.0,2.4,4.6,321.0,323.0,1022.4,319.0,0.0,,60.0
2023-06-06 21:00:00,1.8,2.3,,1.1,,82.0,2.2,3.8,333.0,323.0,1022.2,190.0,0.0,,90.0
2023-06-06 22:00:00,1.4,1.7,,1.1,,84.0,2.2,3.6,318.0,313.0,1022.0,142.0,0.0,,90.0
2023-06-06 23:00:00,0.9,1.3,,0.5,,87.0,2.4,4.8,314.0,320.0,1021.9,61.0,0.0,,90.0
2023-06-07 00:00:00,0.6,1.0,,0.3,,89.0,1.3,2.9,142.0,213.0,1021.7,19.0,0.0,,90.0
2023-06-07 01:00:00,0.3,1.3,,-0.2,,91.0,2.7,4.8,132.0,153.0,1021.4,2.0,0.0,,90.0
2023-06-07 02:00:00,0.3,0.5,,-0.2,,94.0,1.3,4.3,190.0,254.0,1020.8,0.0,0.0,,90.0
2023-06-07 03:00:00,0.4,0.6,,0.1,,94.0,0.8,2.2,144.0,170.0,1020.0,0.0,0.1,,90.0
2023-06-07 04:00:00,-0.1,0.1,,-0.2,,96.0,1.7,2.7,148.0,153.0,1019.3,0.0,0.5,,90.0
2023-06-07 05:00:00,-0.2,-0.2,,-0.3,,97.0,1.6,2.4,140.0,147.0,1018.7,3.0,0.7,,90.0
2023-06-07 06:00:00,-0.2,-0.2,5.1,-0.3,-0.3,97.0,1.5,2.2,145.0,146.0,1018.3,9.0,0.5,1.8,90.0
2023-06-07 07:00:00,0.0,0.1,,-0.2,,97.0,0.9,1.6,139.0,143.0,1017.8,17.0,0.1,,90.0
2023-06-07 08:00:00,0.1,0.1,,0.0,,97.0,0.6,1.6,331.0,72.0,1017.4,34.0,0.3,,90.0
2023-06-07 10:00:00,0.4,0.5,,0.2,,98.0,0.3,0.9,0.0,325.0,1016.4,129.0,0.3,,90.0
2023-06-07 11:00:00,0.7,1.2,,0.5,,97.0,0.5,1.7,0.0,329.0,1015.9,140.0,0.1,,90.0
2023-06-07 12:00:00,1.1,1.4,,0.8,,97.0,0.5,1.4,284.0,336.0,1015.3,147.0,0.1,,90.0
2023-06-07 13:00:00,1.7,2.0,,1.3,,97.0,0.9,2.1,32.0,320.0,1014.6,165.0,0.2,,100.0
2023-06-07 14:00:00,2.0,2.4,,1.7,,97.0,0.5,2.0,304.0,319.0,1014.0,177.0,0.2,,100.0
2023-06-07 15:00:00,2.5,2.8,,2.3,,96.0,1.0,2.7,163.0,177.0,1013.2,211.0,0.5,,100.0
2023-06-07 16:00:00,2.6,2.8,,2.2,,94.0,2.0,3.7,163.0,167.0,1012.5,279.0,1.2,,
2023-06-07 17:00:00,2.1,2.5,,1.7,,94.0,2.1,3.7,140.0,147.0,1011.6,286.0,0.8,,100.0
2023-06-07 18:00:00,1.6,2.1,2.8,1.3,-0.2,96.0,2.1,4.7,164.0,138.0,1010.7,204.0,1.0,,100.0
2023-06-07 19:00:00,1.0,1.7,,0.6,,97.0,3.1,6.2,157.0,150.0,1009.7,133.0,0.9,,100.0
2023-06-07 20:00:00,0.5,0.6,,0.3,,98.0,3.9,7.4,118.0,131.0,1008.6,98.0,1.7,,100.0
2023-06-07 21:00:00,0.7,0.8,,0.6,,95.0,5.6,10.8,108.0,101.0,1008.0,58.0,0.5,,100.0
2023-06-07 22:00:00,0.4,0.7,,0.2,,94.0,3.7,7.0,113.0,125.0,1007.8,36.0,0.0,,100.0
2023-06-07 23:00:00,0.3,0.4,,0.2,,89.0,3.2,6.6,121.0,104.0,1006.9,44.0,0.0,,60.0
2023-06-08 00:00:00,0.5,0.7,,0.4,,85.0,2.2,4.3,244.0,225.0,1006.5,25.0,0.0,,60.0
2023-06-08 01:00:00,1.0,1.1,,0.7,,81.0,1.9,3.6,269.0,266.0,1006.3,6.0,0.0,,100.0
2023-06-08 02:00:00,0.7,0.9,,0.3,,86.0,2.5,3.8,296.0,295.0,1005.8,1.0,0.1,,
2023-06-08 03:00:00,0.4,0.8,,0.2,,90.0,3.3,5.3,265.0,265.0,1005.0,1.0,0.0,,90.0
2023-06-08 04:00:00,0.4,1.0,,-0.2,,87.0,2.4,5.1,171.0,216.0,1005.0,3.0,0.0,,90.0
2023-06-08 05:00:00,-0.1,0.1,,-0.2,,91.0,1.3,2.7,102.0,153.0,1004.7,9.0,0.0,,100.0
2023-06-08 06:00:00,-0.1,0.1,1.7,-0.3,-0.3,92.0,1.0,2.3,314.0,72.0,1004.0,30.0,0.0,9.0,100.0
2023-06-08 07:00:00,0.2,0.5,,-0.2,,92.0,0.7,1.7,331.0,348.0,1003.4,117.0,0.0,,0.0
2023-06-08 08:00:00,-0.2,0.9,,-0.9,,92.0,1.5,4.3,141.0,115.0,1003.4,171.0,0.0,,10.0
2023-06-08 09:00:00,-0.5,0.4,,-1.4,,92.0,1.6,4.1,34.0,99.0,1002.9,327.0,0.0,,60.0
2023-06-08 10:00:00,-0.3,0.4,,-0.7,,92.0,1.6,3.0,39.0,37.0,1002.2,376.0,0.0,,10.0
2023-06-08 11:00:00,0.8,1.5,,0.1,,87.0,1.5,2.8,39.0,41.0,1002.1,589.0,0.0,,10.0
2023-06-08 12:00:00,1.9,2.5,,1.0,,80.0,1.8,4.3,86.0,49.0,1002.2,703.0,0.0,,10.0
2023-06-08 13:00:00,1.1,2.0,,0.6,,84.0,3.7,6.7,174.0,152.0,1002.5,732.0,0.0,,40.0
2023-06-08 14:00:00,2.6,3.9,,1.2,,76.0,2.7,5.2,32.0,113.0,1002.5,781.0,0.0,,60.0
2023-06-08 15:00:00,3.6,4.1,,3.0,,63.0,2.7,5.5,76.0,35.0,1003.3,626.0,0.0,,90.0
2023-06-08 16:00:00,3.9,4.3,,3.5,,60.0,2.9,6.1,37.0,42.0,1003.5,531.0,0.0,,90.0
2023-06-08 17:00:00,4.3,4.7,,3.9,,56.0,3.2,7.0,89.0,50.0,1004.1,472.0,0.0,,90.0
2023-06-08 18:00:00,4.2,4.7,4.7,3.8,-1.4,57.0,2.1,5.2,75.0,69.0,1004.6,458.0,0.0,,60.0
2023-06-08 19:00:00,3.6,4.4,,3.0,,63.0,4.6,8.1,104.0,101.0,1005.3,543.0,0.0,,60.0
2023-06-08 20:00:00,3.0,3.5,,2.6,,64.0,4.6,7.8,103.0,100.0,1005.7,331.0,0.0,,40.0
2023-06-08 21:00:00,2.9,3.4,,2.4,,63.0,2.7,5.1,167.0,156.0,1006.2,240.0,0.0,,10.0
2023-06-08 22:00:00,2.8,3.2,,2.3,,62.0,1.6,3.7,153.0,158.0,1006.4,136.0,0.0,,0.0
2023-06-08 23:00:00,2.0,2.4,,1.5,,68.0,2.0,3.1,153.0,154.0,1006.7,48.0,0.0,,10.0
2023-06-09 00:00:00,0.9,1.8,,0.1,,78.0,1.7,3.0,187.0,175.0,1006.7,31.0,0.0,,90.0
2023-06-09 01:00:00,1.1,1.8,,0.7,,79.0,0.9,2.5,331.0,323.0,1006.9,10.0,0.0,,40.0
2023-06-09 02:00:00,1.0,1.2,,0.8,,77.0,0.8,2.1,324.0,307.0,1006.6,3.0,0.0,,60.0
2023-06-09 03:00:00,0.9,1.1,,0.6,,77.0,0.8,2.0,150.0,203.0,1006.9,2.0,0.0,,90.0
2023-06-09 04:00:00,0.1,1.1,,-0.4,,89.0,2.6,6.0,201.0,127.0,1007.4,0.0,0.6,,
2023-06-09 05:00:00,-0.2,0.0,,-0.3,,95.0,1.8,4.9,259.0,301.0,1007.4,7.0,0.0,,90.0
2023-06-09 06:00:00,0.2,0.5,4.4,0.0,-0.4,90.0,2.0,5.6,314.0,313.0,1007.8,22.0,0.0,0.6,90.0
2023-06-09 07:00:00,0.7,0.9,,0.4,,85.0,4.3,6.5,269.0,276.0,1007.7,53.0,0.0,,90.0
2023-06-09 08:00:00,0.9,1.5,,0.7,,81.0,1.2,3.9,0.0,330.0,1007.8,123.0,0.2,,60.0
2023-06-09 09:00:00,2.2,3.2,,1.5,,71.0,0.7,2.1,312.0,300.0,1007.1,338.0,0.0,,0.0
2023-06-09 10:00:00,3.1,3.6,,2.9,,70.0,1.3,2.6,30.0,22.0,1007.0,458.0,0.0,,0.0
2023-06-09 11:00:00,4.0,4.7,,3.6,,61.0,3.3,6.8,241.0,291.0,1006.3,579.0,0.0,,0.0
2023-06-09 12:00:00,4.7,5.1,,4.3,,49.0,5.1,10.8,238.0,235.0,1005.4,681.0,0.0,,0.0
2023-06-09 13:00:00,4.7,5.4,,4.3,,50.0,6.6,10.9,239.0,233.0,1004.0,768.0,0.0,,0.0
2023-06-09 14:00:00,5.4,6.1,,4.9,,44.0,5.6,10.5,230.0,231.0,1003.0,824.0,0.0,,0.0
2023-06-09 15:00:00,6.3,6.8,,5.8,,37.0,5.6,9.3,233.0,234.0,1002.0,848.0,0.0,,0.0
2023-06-09 16:00:00,7.7,8.6,,6.6,,34.0,4.4,8.3,244.0,241.0,1001.3,831.0,0.0,,0.0
2023-06-09 17:00:00,7.6,8.3,,6.9,,36.0,2.5,6.1,63.0,2.0,1001.3,779.0,0.0,,0.0
2023-06-09 18:00:00,4.2,8.1,8.6,1.8,0.4,56.0,3.4,6.9,143.0,101.0,1001.9,706.0,0.0,,10.0
2023-06-09 19:00:00,2.7,3.3,,1.9,,62.0,2.4,4.3,148.0,150.0,1002.1,606.0,0.0,,0.0
2023-06-09 20:00:00,3.9,4.6,,3.0,,57.0,1.5,3.1,184.0,166.0,1002.3,487.0,0.0,,0.0
2023-06-09 21:00:00,4.6,5.0,,3.9,,57.0,1.5,3.0,163.0,164.0,1002.9,364.0,0.0,,0.0
2023-06-09 22:00:00,4.8,5.6,,4.3,,57.0,1.0,3.1,270.0,180.0,1003.6,239.0,0.0,,0.0
2023-06-09 23:00:00,4.9,5.7,,4.1,,59.0,0.6,1.8,334.0,355.0,1004.3,128.0,0.0,,0.0
2023-06-10 00:00:00,3.9,5.1,,2.8,,63.0,1.7,4.0,161.0,172.0,1005.4,46.0,0.0,,0.0
2023-06-10 01:00:00,3.3,3.6,,3.0,,65.0,1.4,3.3,287.0,242.0,1006.1,12.0,0.0,,0.0
2023-06-10 02:00:00,3.1,3.7,,2.5,,64.0,1.5,2.8,180.0,224.0,1006.6,4.0,0.0,,0.0
2023-06-10 03:00:00,2.3,3.9,,1.4,,69.0,1.4,2.8,158.0,183.0,1007.2,3.0,0.0,,0.0
2023-06-10 04:00:00,1.4,1.8,,1.0,,74.0,1.2,3.2,0.0,214.0,1007.7,5.0,0.0,,0.0
2023-06-10 05:00:00,1.4,2.5,,0.6,,74.0,0.9,3.7,356.0,75.0,1008.5,14.0,0.0,,0.0
2023-06-10 06:00:00,0.9,1.9,5.7,0.2,0.2,77.0,1.1,2.6,252.0,268.0,1009.2,46.0,0.0,0.2,0.0
2023-06-10 07:00:00,1.7,2.5,,0.8,,74.0,1.1,2.6,162.0,178.0,1009.8,102.0,0.0,,10.0
2023-06-10 08:00:00,2.2,3.0,,1.7,,75.0,0.9,2.4,330.0,59.0,1010.4,207.0,0.0,,0.0
2023-06-10 09:00:00,2.7,3.4,,1.9,,74.0,0.7,2.0,27.0,33.0,1010.7,327.0,0.0,,0.0
2023-06-10 10:00:00,3.3,4.6,,2.7,,71.0,0.9,3.1,64.0,7.0,1010.9,363.0,0.0,,0.0
2023-06-10 11:00:00,3.7,4.6,,3.2,,68.0,3.0,6.1,159.0,142.0,1011.2,557.0,0.0,,0.0
2023-06-10 12:00:00,3.6,4.1,,3.2,,69.0,3.0,5.7,157.0,152.0,1011.0,602.0,0.0,,90.0
2023-06-10 13:00:00,4.2,4.8,,3.7,,67.0,2.8,4.8,153.0,156.0,1010.7,736.0,0.0,,40.0
2023-06-10 14:00:00,4.5,5.3,,3.9,,65.0,3.0,5.4,104.0,130.0,1010.5,671.0,0.0,,10.0
2023-06-10 15:00:00,5.3,5.7,,4.9,,61.0,1.6,3.3,44.0,39.0,1009.8,740.0,0.0,,40.0
2023-06-10 16:00:00,6.2,7.0,,5.4,,59.0,1.6,3.9,27.0,42.0,1009.4,765.0,0.0,,0.0
2023-06-10 17:00:00,7.6,8.9,,6.3,,51.0,1.5,3.4,349.0,27.0,1008.7,754.0,0.0,,0.0
2023-06-10 18:00:00,8.9,10.6,10.6,7.4,0.8,46.0,1.8,5.1,22.0,77.0,1008.5,628.0,0.0,,10.0
2023-06-10 19:00:00,8.5,9.8,,8.0,,48.0,2.0,3.6,22.0,24.0,1008.4,596.0,0.0,,10.0
2023-06-10 20:00:00,9.3,10.2,,8.2,,46.0,1.3,3.0,2.0,91.0,1007.9,405.0,0.0,,0.0
2023-06-10 21:00:00,9.8,10.9,,9.0,,45.0,1.1,3.0,41.0,20.0,1007.5,295.0,0.0,,0.0
2023-06-10 22:00:00,9.1,9.9,,8.4,,46.0,1.2,4.5,329.0,346.0,1007.6,149.0,0.0,,10.0
2023-06-10 23:00:00,7.2,8.9,,6.1,,56.0,0.5,1.4,312.0,333.0,1007.9,75.0,0.0,,10.0
2023-06-11 00:00:00,5.8,6.4,,5.5,,56.0,0.7,1.4,326.0,313.0,1007.8,26.0,0.0,,0.0
2023-06-11 01:00:00,4.5,5.9,,3.6,,60.0,2.2,5.8,205.0,188.0,1007.8,8.0,0.0,,90.0
2023-06-11 02:00:00,3.4,4.9,,2.0,,67.0,2.0,5.6,174.0,191.0,1007.4,3.0,0.0,,90.0
2023-06-11 03:00:00,2.8,3.3,,2.3,,71.0,0.6,2.0,333.0,87.0,1007.4,2.0,0.0,,10.0
2023-06-11 04:00:00,2.3,2.8,,1.7,,76.0,1.0,3.2,149.0,112.0,1007.0,4.0,0.0,,60.0
2023-06-11 05:00:00,2.1,2.6,,1.9,,79.0,1.0,2.7,325.0,343.0,1007.1,18.0,0.0,,0.0
2023-06-11 06:00:00,2.3,2.7,10.9,2.0,1.7,78.0,1.2,3.0,111.0,208.0,1007.3,48.0,0.0,0.0,0.0
2023-06-11 07:00:00,2.2,2.7,,1.9,,79.0,0.8,2.4,60.0,32.0,1007.4,99.0,0.0,,0.0
2023-06-11 08:00:00,1.9,2.7,,1.6,,81.0,1.4,2.7,19.0,84.0,1007.5,204.0,0.0,,0.0
2023-06-11 09:00:00,1.6,2.0,,1.4,,83.0,1.4,3.1,23.0,18.0,1007.4,323.0,0.0,,0.0
2023-06-11 10:00:00,1.7,2.3,,1.2,,83.0,2.0,3.6,32.0,74.0,1007.5,452.0,0.0,,0.0
2023-06-11 11:00:00,1.5,2.0,,1.0,,84.0,1.7,3.8,98.0,43.0,1007.3,570.0,0.0,,0.0
2023-06-11 12:00:00,2.1,2.7,,1.0,,81.0,2.1,4.0,29.0,73.0,1007.2,667.0,0.0,,0.0
2023-06-11 13:00:00,2.1,4.0,,0.8,,80.0,2.3,4.6,96.0,121.0,1007.2,754.0,0.0,,0.0
2023-06-11 14:00:00,3.1,4.1,,2.6,,76.0,2.0,4.0,159.0,73.0,1006.8,799.0,0.0,,0.0
2023-06-11 15:00:00,4.0,4.7,,3.0,,74.0,1.4,3.1,25.0,46.0,1006.5,811.0,0.0,,0.0
2023-06-11 16:00:00,4.7,5.6,,4.1,,71.0,1.5,5.3,97.0,77.0,1006.3,800.0,0.0,,0.0
2023-06-11 17:00:00,4.8,5.4,,4.4,,70.0,1.5,3.9,85.0,35.0,1005.8,755.0,0.0,,0.0
2023-06-11 18:00:00,4.9,5.6,5.6,3.9,0.8,70.0,1.8,3.6,25.0,80.0,1005.6,679.0,0.0,,0.0
2023-06-11 19:00:00,5.7,6.2,,5.1,,68.0,1.3,2.6,17.0,25.0,1005.6,577.0,0.0,,0.0
2023-06-11 20:00:00,5.5,6.2,,4.8,,69.0,1.3,2.9,88.0,36.0,1005.4,465.0,0.0,,0.0
2023-06-11 21:00:00,5.2,6.0,,4.5,,70.0,1.5,3.7,23.0,95.0,1005.6,349.0,0.0,,0.0
2023-06-11 22:00:00,4.5,4.9,,3.2,,73.0,1.2,3.2,155.0,56.0,1005.7,233.0,0.0,,0.0
2023-06-11 23:00:00,3.2,3.7,,2.6,,78.0,1.5,3.1,21.0,124.0,1006.2,127.0,0.0,,0.0
2023-06-12 00:00:00,2.1,2.6,,1.3,,82.0,0.8,2.3,54.0,7.0,1006.7,49.0,0.0,,0.0
2023-06-12 01:00:00,1.0,1.4,,0.6,,87.0,0.8,2.7,199.0,178.0,1007.0,15.0,0.0,,0.0
2023-06-12 02:00:00,0.7,1.1,,0.2,,88.0,0.8,1.8,21.0,67.0,1007.2,5.0,0.0,,0.0
2023-06-12 03:00:00,0.2,0.3,,0.2,,91.0,0.4,1.3,345.0,7.0,1007.4,3.0,0.0,,0.0
2023-06-12 04:00:00,0.2,0.3,,0.1,,92.0,0.7,2.2,8.0,13.0,1007.8,4.0,0.0,,0.0
2023-06-12 05:00:00,-0.4,0.1,,-0.6,,95.0,1.3,2.6,84.0,6.0,1008.3,12.0,0.0,,60.0
2023-06-12 06:00:00,-0.4,-0.3,6.2,-0.5,-0.6,96.0,0.4,1.2,50.0,31.0,1008.6,31.0,0.0,0.0,90.0
2023-06-12 07:00:00,-1.1,-0.5,,-1.5,,97.0,1.8,3.4,117.0,131.0,1009.4,57.0,0.0,,
2023-06-12 08:00:00,-1.1,-0.8,,-1.5,,98.0,0.8,2.3,34.0,61.0,1009.9,111.0,0.0,,
2023-06-12 09:00:00,-0.9,-0.7,,-1.1,,98.0,1.0,1.9,35.0,34.0,1010.3,177.0,0.0,,
2023-06-12 10:00:00,-1.0,-0.7,,-1.2,,97.0,2.1,3.4,142.0,126.0,1010.7,263.0,0.0,,90.0
2023-06-12 11:00:00,-0.6,0.3,,-1.2,,96.0,1.8,4.0,36.0,123.0,1011.4,368.0,0.0,,90.0
2023-06-12 12:00:00,0.6,1.2,,0.2,,90.0,1.1,2.4,356.0,61.0,1012.1,369.0,0.0,,90.0
2023-06-12 13:00:00,1.4,2.0,,1.1,,89.0,1.3,3.4,41.0,69.0,1012.2,363.0,0.0,,90.0
2023-06-12 14:00:00,2.2,3.2,,1.3,,85.0,1.6,3.1,29.0,30.0,1012.2,665.0,0.0,,10.0
2023-06-12 15:00:00,3.7,5.2,,3.2,,81.0,1.8,4.4,135.0,59.0,1012.5,834.0,0.0,,60.0
2023-06-12 16:00:00,4.8,5.6,,4.4,,83.0,2.1,4.3,119.0,125.0,1012.8,538.0,0.0,,100.0
2023-06-12 17:00:00,4.8,5.2,,4.3,,86.0,2.3,4.8,88.0,125.0,1013.2,263.0,0.0,,100.0
2023-06-12 18:00:00,3.1,4.4,5.6,2.3,-1.5,95.0,3.3,4.9,138.0,139.0,1013.6,194.0,0.0,,100.0
2023-06-12 19:00:00,2.8,3.1,,2.5,,92.0,2.8,5.6,147.0,142.0,1013.8,188.0,0.0,,100.0
2023-06-12 20:00:00,3.6,3.9,,3.1,,86.0,1.5,4.2,107.0,150.0,1014.2,144.0,0.0,,100.0
2023-06-12 21:00:00,3.6,4.1,,3.1,,89.0,1.5,3.2,150.0,134.0,1014.5,87.0,0.0,,100.0
2023-06-12 22:00:00,2.8,3.1,,2.6,,96.0,2.3,3.6,171.0,152.0,1014.7,28.0,0.0,,100.0
2023-06-12 23:00:00,2.8,3.0,,2.7,,98.0,2.1,3.4,146.0,153.0,1015.2,10.0,0.0,,100.0
2023-06-13 00:00:00,3.2,3.6,,2.9,,98.0,1.3,3.1,0.0,164.0,1015.4,4.0,0.0,,100.0
2023-06-13 01:00:00,3.4,3.7,,3.2,,98.0,0.7,1.7,320.0,5.0,1015.5,1.0,0.1,,
2023-06-13 02:00:00,3.6,3.8,,3.3,,98.0,0.5,1.6,301.0,324.0,1015.6,0.0,0.0,,100.0
2023-06-13 03:00:00,3.7,3.8,,3.5,,98.0,0.7,2.4,306.0,344.0,1015.4,0.0,0.1,,100.0
2023-06-13 04:00:00,4.0,4.3,,3.8,,98.0,1.4,3.4,293.0,296.0,1015.0,0.0,0.0,,100.0
2023-06-13 05:00:00,3.2,4.1,,2.7,,98.0,1.8,4.1,0.0,169.0,1014.6,2.0,0.0,,100.0
2023-06-13 06:00:00,3.8,3.9,4.3,3.6,2.5,98.0,0.6,1.9,335.0,330.0,1014.7,9.0,0.0,0.2,100.0
2023-06-13 07:00:00,3.9,4.6,,3.6,,99.0,0.8,3.2,257.0,311.0,1014.5,24.0,0.0,,100.0
2023-06-13 08:00:00,4.3,4.8,,3.9,,98.0,1.0,3.0,0.0,350.0,1014.5,32.0,0.0,,100.0
2023-06-13 09:00:00,4.8,5.2,,4.2,,98.0,0.6,1.4,35.0,343.0,1014.3,92.0,0.0,,100.0
2023-06-13 10:00:00,5.4,5.9,,5.0,,96.0,1.0,2.1,50.0,357.0,1014.1,131.0,0.0,,100.0
2023-06-13 11:00:00,5.6,6.7,,4.4,,94.0,0.8,2.5,9.0,133.0,1013.8,274.0,0.0,,100.0
2023-06-13 12:00:00,7.1,7.3,,6.7,,89.0,1.0,1.9,26.0,21.0,1013.4,275.0,0.2,,100.0
2023-06-13 13:00:00,7.5,8.0,,7.1,,89.0,1.0,1.8,33.0,33.0,1013.0,304.0,0.0,,100.0
2023-06-13 14:00:00,8.2,8.4,,7.8,,84.0,1.0,2.1,17.0,21.0,1012.5,253.0,0.1,,100.0
2023-06-13 15:00:00,8.0,8.4,,7.8,,82.0,2.0,3.9,6.0,3.0,1012.0,238.0,0.0,,100.0
2023-06-13 16:00:00,7.9,8.4,,7.7,,82.0,2.1,4.6,11.0,9.0,1011.9,208.0,0.1,,100.0
2023-06-13 17:00:00,7.8,7.9,,7.7,,83.0,1.1,3.3,350.0,340.0,1011.6,142.0,0.2,,100.0
2023-06-13 18:00:00,7.6,7.9,8.4,7.4,3.6,83.0,1.0,2.7,20.0,20.0,1011.2,127.0,0.2,,100.0
2023-06-13 19:00:00,7.4,7.9,,6.9,,88.0,0.7,1.8,155.0,114.0,1011.2,83.0,0.6,,100.0
2023-06-13 20:00:00,7.1,7.3,,6.9,,94.0,0.4,1.4,0.0,85.0,1011.0,65.0,0.9,,90.0
2023-06-13 21:00:00,7.4,7.6,,7.2,,95.0,0.4,1.3,347.0,2.0,1011.1,41.0,0.7,,100.0
2023-06-13 22:00:00,7.4,7.5,,7.2,,96.0,0.9,2.2,258.0,262.0,1011.2,26.0,0.5,,100.0
2023-06-13 23:00:00,7.3,7.5,,7.1,,97.0,1.5,2.4,261.0,256.0,1011.4,11.0,0.5,,100.0
2023-06-14 00:00:00,7.2,7.4,,7.0,,97.0,1.5,2.6,264.0,263.0,1011.5,5.0,0.4,,90.0
2023-06-14 01:00:00,7.0,7.3,,6.9,,97.0,0.6,1.5,194.0,265.0,1011.6,2.0,1.5,,90.0
2023-06-14 02:00:00,7.0,7.2,,6.8,,98.0,0.6,1.5,318.0,272.0,1011.6,0.0,3.4,,90.0
2023-06-14 03:00:00,6.9,7.0,,6.8,,99.0,0.3,1.3,0.0,350.0,1011.5,0.0,4.4,,90.0
2023-06-14 04:00:00,5.9,6.9,,4.7,,98.0,1.3,2.9,167.0,146.0,1011.4,0.0,1.8,,90.0
2023-06-14 05:00:00,6.3,6.8,,4.9,,99.0,1.0,3.4,2.0,60.0,1011.3,1.0,0.3,,100.0
2023-06-14 06:00:00,6.2,6.8,7.9,5.8,4.7,99.0,0.3,1.3,0.0,21.0,1011.5,4.0,1.0,16.8,90.0
2023-06-14 07:00:00,6.5,6.9,,5.8,,99.0,0.7,2.2,178.0,130.0,1011.8,9.0,2.2,,90.0
2023-06-14 08:00:00,6.6,7.5,,6.1,,98.0,1.2,5.0,26.0,104.0,1011.9,22.0,2.1,,90.0
2023-06-14 09:00:00,6.4,7.2,,5.6,,98.0,0.8,2.9,95.0,93.0,1012.0,15.0,0.2,,90.0
2023-06-14 10:00:00,6.4,6.7,,6.0,,99.0,0.5,1.9,0.0,41.0,1012.3,22.0,1.8,,90.0
2023-06-14 11:00:00,6.7,6.8,,6.6,,99.0,0.6,2.1,44.0,51.0,1012.6,31.0,1.4,,100.0
2023-06-14 12:00:00,7.1,7.7,,6.8,,97.0,0.9,4.7,252.0,92.0,1012.5,50.0,0.8,,90.0
2023-06-14 13:00:00,7.6,8.2,,7.1,,96.0,1.5,3.5,158.0,244.0,1012.8,66.0,1.4,,90.0
2023-06-14 14:00:00,7.1,7.4,,6.8,,94.0,3.8,7.7,164.0,164.0,1013.0,80.0,2.0,,90.0
2023-06-14 15:00:00,7.7,8.0,,6.9,,93.0,1.3,4.6,354.0,104.0,1012.9,71.0,0.6,,90.0
2023-06-14 16:00:00,7.9,8.2,,7.8,,94.0,1.7,2.9,269.0,265.0,1013.1,59.0,1.1,,100.0
2023-06-14 17:00:00,7.9,7.9,,7.8,,95.0,1.0,2.3,265.0,284.0,1012.9,57.0,1.2,,90.0
2023-06-14 18:00:00,7.7,7.9,8.2,7.6,5.6,95.0,1.9,3.2,266.0,269.0,1013.0,45.0,1.0,,90.0
2023-06-14 19:00:00,7.8,7.9,,7.8,,94.0,1.0,2.9,244.0,262.0,1013.3,41.0,3.1,,90.0
2023-06-14 20:00:00,7.9,8.0,,7.8,,92.0,2.0,4.4,152.0,165.0,1013.7,25.0,3.5,,90.0
2023-06-14 21:00:00,7.8,8.0,,7.6,,89.0,2.7,4.3,145.0,149.0,1013.7,18.0,1.7,,100.0
2023-06-14 22:00:00,8.0,8.5,,7.8,,87.0,2.9,4.7,124.0,140.0,1013.8,9.0,0.2,,90.0
2023-06-14 23:00:00,8.2,8.5,,7.9,,89.0,1.8,4.9,163.0,130.0,1013.6,5.0,2.2,,90.0
2023-06-15 00:00:00,8.7,9.0,,8.3,,85.0,1.4,3.9,256.0,169.0,1013.0,3.0,0.0,,100.0
2023-06-15 01:00:00,8.7,9.0,,8.3,,87.0,1.6,4.1,202.0,244.0,1012.9,0.0,1.8,,90.0
2023-06-15 02:00:00,9.4,9.9,,8.9,,83.0,1.6,6.8,257.0,118.0,1012.5,0.0,1.6,,100.0
2023-06-15 03:00:00,9.6,9.9,,9.3,,83.0,1.3,3.8,126.0,115.0,1011.9,0.0,3.0,,90.0
2023-06-15 04:00:00,9.9,10.3,,9.6,,82.0,1.6,5.5,107.0,133.0,1011.4,0.0,1.8,,100.0
2023-06-15 05:00:00,9.2,10.2,,7.9,,85.0,4.6,9.3,136.0,123.0,1011.6,0.0,1.1,,100.0
2023-06-15 06:00:00,8.1,9.6,10.3,7.4,7.4,89.0,4.4,8.5,102.0,133.0,1011.6,2.0,0.0,35.8,90.0
2023-06-15 07:00:00,9.6,9.9,,8.9,,81.0,2.8,6.7,101.0,110.0,1011.8,7.0,0.0,,100.0
2023-06-15 08:00:00,9.7,10.0,,9.4,,80.0,3.2,6.6,85.0,93.0,1012.2,9.0,0.0,,90.0
2023-06-15 09:00:00,9.3,9.5,,8.7,,82.0,3.2,7.1,104.0,108.0,1012.3,26.0,0.2,,100.0
2023-06-15 10:00:00,9.1,9.6,,7.8,,80.0,3.9,9.3,137.0,113.0,1012.4,37.0,0.0,,100.0
2023-06-15 11:00:00,7.2,7.8,,6.6,,85.0,4.9,8.3,156.0,150.0,1012.7,31.0,0.0,,100.0
2023-06-15 12:00:00,6.0,6.6,,5.6,,91.0,6.0,10.6,137.0,149.0,1013.2,43.0,2.7,,100.0
2023-06-15 13:00:00,6.6,6.9,,5.8,,88.0,7.5,12.9,120.0,119.0,1013.2,59.0,2.2,,100.0
2023-06-15 14:00:00,6.2,7.0,,5.4,,87.0,6.7,11.6,127.0,127.0,1013.2,62.0,2.3,,100.0
2023-06-15 15:00:00,5.9,6.2,,5.5,,89.0,6.1,11.0,116.0,123.0,1013.6,106.0,2.5,,100.0
2023-06-15 16:00:00,5.6,6.2,,5.1,,90.0,5.6,9.3,124.0,129.0,1013.3,116.0,2.4,,100.0
2023-06-15 17:00:00,5.6,6.0,,5.4,,91.0,4.4,8.3,143.0,120.0,1013.5,70.0,3.6,,100.0
2023-06-15 18:00:00,5.6,6.4,10.0,4.7,4.7,92.0,4.2,7.9,109.0,136.0,1013.4,48.0,3.2,,100.0
2023-06-15 19:00:00,5.9,6.2,,5.5,,92.0,2.7,5.1,155.0,149.0,1013.4,52.0,3.4,,100.0
2023-06-15 20:00:00,6.1,6.3,,5.9,,93.0,2.1,3.9,144.0,148.0,1013.5,48.0,2.4,,100.0
2023-06-15 21:00:00,5.8,6.2,,5.1,,94.0,2.1,4.7,201.0,155.0,1013.3,33.0,3.7,,90.0
2023-06-15 22:00:00,6.4,6.7,,5.7,,94.0,1.6,2.6,255.0,248.0,1012.9,42.0,0.5,,90.0
2023-06-15 23:00:00,6.9,7.0,,6.7,,89.0,2.6,4.3,256.0,258.0,1013.1,17.0,0.0,,100.0
2023-06-16 00:00:00,7.0,7.2,,6.7,,89.0,2.6,4.1,248.0,252.0,1013.4,13.0,0.1,,100.0
2023-06-16 01:00:00,6.6,6.9,,6.3,,93.0,2.7,3.8,254.0,250.0,1013.6,5.0,0.0,,100.0
2023-06-16 02:00:00,6.3,6.5,,6.2,,95.0,2.8,3.7,254.0,253.0,1013.6,2.0,0.0,,100.0
2023-06-16 03:00:00,6.2,6.6,,5.5,,95.0,2.3,3.5,165.0,232.0,1013.8,1.0,0.0,,100.0
2023-06-16 04:00:00,5.2,5.5,,5.0,,95.0,2.5,3.6,158.0,160.0,1013.9,1.0,0.1,,100.0
2023-06-16 05:00:00,4.6,5.2,,3.9,,97.0,0.6,2.8,346.0,51.0,1013.9,5.0,0.2,,100.0
2023-06-16 06:00:00,4.4,4.8,7.2,3.8,3.8,98.0,0.4,1.2,146.0,19.0,1014.1,12.0,0.0,29.5,100.0
2023-06-16 07:00:00,4.3,4.8,,4.1,,98.0,0.0,1.3,0.0,0.0,1014.5,26.0,0.2,,
2023-06-16 08:00:00,4.4,4.6,,4.1,,99.0,0.4,1.0,348.0,29.0,1014.7,52.0,0.2,,100.0
2023-06-16 09:00:00,4.6,4.7,,4.4,,99.0,0.0,0.7,335.0,0.0,1015.0,58.0,0.1,,90.0
2023-06-16 10:00:00,4.5,4.7,,4.2,,99.0,0.4,1.2,332.0,352.0,1015.2,77.0,0.0,,90.0
2023-06-16 11:00:00,4.8,5.3,,4.5,,99.0,0.3,0.8,0.0,358.0,1015.0,135.0,0.0,,90.0
2023-06-16 12:00:00,5.1,6.1,,4.3,,98.0,0.0,1.0,201.0,0.0,1014.9,203.0,0.0,,90.0
2023-06-16 13:00:00,5.9,6.4,,5.4,,97.0,0.8,2.4,167.0,65.0,1014.7,373.0,0.0,,90.0
2023-06-16 14:00:00,6.2,7.3,,5.4,,94.0,1.3,2.5,17.0,81.0,1014.7,639.0,0.0,,40.0
2023-06-16 15:00:00,7.3,7.9,,6.9,,89.0,1.6,3.0,20.0,32.0,1014.4,861.0,0.0,,10.0
2023-06-16 16:00:00,7.2,7.8,,6.1,,86.0,2.0,3.5,20.0,20.0,1014.2,817.0,0.0,,0.0
2023-06-16 17:00:00,5.1,6.1,,4.7,,87.0,1.8,3.7,20.0,21.0,1013.9,777.0,0.0,,40.0
2023-06-16 18:00:00,4.9,5.9,7.9,2.7,2.6,85.0,2.3,5.4,153.0,89.0,1013.8,706.0,0.0,,0.0
2023-06-16 19:00:00,1.8,2.6,,1.1,,91.0,3.6,6.2,177.0,161.0,1013.8,617.0,0.0,,10.0
2023-06-16 20:00:00,3.7,4.3,,2.6,,88.0,1.1,2.3,39.0,53.0,1013.2,487.0,0.0,,0.0
2023-06-16 21:00:00,6.8,10.1,,3.9,,62.0,4.3,11.3,266.0,333.0,1012.7,376.0,0.0,,0.0
2023-06-16 22:00:00,9.6,10.0,,9.0,,33.0,7.7,13.6,273.0,275.0,1012.5,254.0,0.0,,0.0
2023-06-16 23:00:00,8.8,9.4,,8.4,,31.0,9.6,16.1,291.0,283.0,1012.9,145.0,0.0,,0.0
2023-06-17 00:00:00,7.9,8.4,,7.6,,29.0,9.5,15.1,302.0,298.0,1013.0,64.0,0.0,,0.0
2023-06-17 01:00:00,7.3,7.6,,6.9,,27.0,9.8,16.6,312.0,303.0,1013.4,16.0,0.0,,0.0
2023-06-17 02:00:00,6.7,7.1,,6.2,,26.0,11.4,20.4,304.0,315.0,1013.4,7.0,0.0,,0.0
2023-06-17 03:00:00,5.7,6.2,,5.3,,28.0,10.2,17.2,299.0,294.0,1013.7,4.0,0.0,,0.0
2023-06-17 04:00:00,5.1,5.6,,4.8,,27.0,9.2,14.8,299.0,299.0,1013.2,6.0,0.0,,0.0
2023-06-17 05:00:00,4.6,5.0,,4.4,,28.0,9.9,17.3,287.0,288.0,1013.3,15.0,0.0,,0.0
2023-06-17 06:00:00,4.3,4.9,10.1,4.0,1.1,28.0,10.3,16.9,297.0,291.0,1012.6,47.0,0.0,0.5,0.0
2023-06-17 07:00:00,4.9,5.4,,4.4,,27.0,9.7,16.6,298.0,300.0,1013.3,134.0,0.0,,0.0
2023-06-17 08:00:00,4.2,5.0,,3.7,,31.0,11.4,17.8,271.0,279.0,1013.6,232.0,0.0,,0.0
2023-06-17 09:00:00,4.8,5.5,,4.0,,31.0,9.8,17.3,299.0,285.0,1013.1,347.0,0.0,,0.0
2023-06-17 10:00:00,5.4,5.8,,5.1,,31.0,9.6,17.5,292.0,293.0,1013.1,468.0,0.0,,0.0
2023-06-17 11:00:00,6.0,6.5,,5.3,,31.0,9.0,17.9,281.0,286.0,1013.0,587.0,0.0,,0.0
2023-06-17 12:00:00,6.6,7.2,,5.9,,30.0,9.5,18.0,289.0,282.0,1013.3,685.0,0.0,,0.0
2023-06-17 13:00:00,7.5,8.1,,6.5,,29.0,8.9,16.3,280.0,291.0,1013.0,770.0,0.0,,0.0
2023-06-17 14:00:00,8.3,9.2,,7.4,,27.0,8.1,15.1,324.0,294.0,1013.0,825.0,0.0,,0.0
2023-06-17 15:00:00,8.8,9.1,,8.3,,25.0,8.1,14.7,350.0,336.0,1012.7,847.0,0.0,,0.0
2023-06-17 16:00:00,8.9,9.4,,8.7,,24.0,8.7,15.5,326.0,341.0,1013.0,837.0,0.0,,0.0
2023-06-17 17:00:00,9.3,9.8,,8.9,,23.0,8.4,16.7,323.0,322.0,1013.0,787.0,0.0,,0.0
2023-06-17 18:00:00,9.5,10.0,10.0,9.1,3.7,23.0,7.4,15.8,299.0,311.0,1013.0,711.0,0.0,,0.0
2023-06-17 19:00:00,9.5,9.8,,9.1,,22.0,9.3,19.9,310.0,307.0,1013.0,610.0,0.0,,0.0
2023-06-17 20:00:00,9.0,9.4,,8.6,,21.0,11.0,19.5,312.0,317.0,1012.9,497.0,0.0,,0.0
2023-06-17 21:00:00,9.0,9.2,,8.9,,21.0,11.5,21.8,306.0,311.0,1012.7,373.0,0.0,,0.0
2023-06-17 22:00:00,8.5,9.0,,8.3,,21.0,11.4,20.8,299.0,314.0,1012.2,252.0,0.0,,0.0
2023-06-17 23:00:00,7.9,8.3,,7.6,,22.0,10.5,18.8,305.0,304.0,1012.6,145.0,0.0,,0.0
2023-06-18 00:00:00,7.3,7.6,,6.7,,21.0,10.5,19.0,305.0,308.0,1012.6,62.0,0.0,,0.0
2023-06-18 01:00:00,6.5,6.9,,6.2,,22.0,10.7,20.2,303.0,306.0,1012.2,14.0,0.0,,0.0
2023-06-18 02:00:00,5.9,6.3,,5.2,,22.0,9.7,19.4,296.0,297.0,1011.7,6.0,0.0,,0.0
2023-06-18 03:00:00,5.3,5.6,,4.9,,25.0,8.5,14.7,288.0,293.0,1010.9,3.0,0.0,,60.0
2023-06-18 04:00:00,4.5,5.0,,3.9,,28.0,10.1,16.0,273.0,276.0,1010.0,6.0,0.0,,90.0
2023-06-18 05:00:00,4.4,4.8,,3.8,,30.0,7.7,15.6,291.0,286.0,1010.3,21.0,0.0,,10.0
2023-06-18 06:00:00,4.3,4.6,9.8,3.9,3.8,30.0,7.3,13.4,325.0,300.0,1010.4,52.0,0.0,0.0,0.0
2023-06-18 07:00:00,4.7,5.2,,3.7,,29.0,7.7,13.4,287.0,296.0,1010.5,132.0,0.0,,0.0
2023-06-18 08:00:00,5.0,5.4,,4.5,,29.0,6.3,12.0,304.0,305.0,1011.0,230.0,0.0,,0.0
2023-06-18 09:00:00,5.6,5.9,,5.3,,29.0,5.9,12.2,289.0,294.0,1011.5,339.0,0.0,,0.0
2023-06-18 10:00:00,5.9,6.8,,5.3,,30.0,6.4,13.5,290.0,282.0,1012.1,460.0,0.0,,0.0
2023-06-18 11:00:00,6.6,7.2,,6.2,,30.0,5.2,9.8,334.0,313.0,1012.4,576.0,0.0,,0.0
2023-06-18 12:00:00,7.5,8.0,,6.9,,29.0,3.8,9.4,5.0,339.0,1012.8,673.0,0.0,,0.0
2023-06-18 13:00:00,7.8,8.2,,7.6,,30.0,4.4,7.9,43.0,12.0,1013.6,758.0,0.0,,0.0
2023-06-18 14:00:00,4.9,8.2,,3.6,,54.0,4.7,7.5,154.0,154.0,1014.2,814.0,0.0,,0.0
2023-06-18 15:00:00,5.0,5.6,,4.4,,50.0,3.9,6.1,136.0,149.0,1014.2,838.0,0.0,,0.0
2023-06-18 16:00:00,4.4,5.2,,3.7,,55.0,4.4,6.5,156.0,152.0,1014.6,831.0,0.0,,0.0
2023-06-18 17:00:00,4.8,5.5,,4.0,,53.0,3.8,6.1,143.0,151.0,1015.0,784.0,0.0,,0.0
2023-06-18 18:00:00,5.0,5.5,8.2,4.5,3.6,52.0,3.7,6.5,155.0,151.0,1015.6,708.0,0.0,,0.0
2023-06-18 19:00:00,4.8,5.2,,4.4,,54.0,4.4,6.9,150.0,156.0,1016.1,606.0,0.0,,0.0
2023-06-18 20:00:00,4.9,5.6,,4.2,,56.0,4.1,6.7,182.0,171.0,1016.6,488.0,0.0,,0.0
2023-06-18 21:00:00,5.1,5.9,,4.4,,54.0,2.6,5.5,136.0,166.0,1016.9,366.0,0.0,,0.0
2023-06-18 22:00:00,4.6,5.1,,4.2,,49.0,3.3,6.0,183.0,180.0,1017.4,183.0,0.0,,0.0
2023-06-18 23:00:00,4.5,4.7,,4.3,,52.0,1.3,2.9,311.0,308.0,1017.8,110.0,0.0,,0.0
2023-06-19 00:00:00,3.9,4.4,,3.4,,54.0,1.0,2.9,319.0,326.0,1018.0,39.0,0.0,,10.0
2023-06-19 01:00:00,3.3,3.5,,2.8,,56.0,1.1,2.7,341.0,319.0,1017.9,16.0,0.0,,0.0
2023-06-19 02:00:00,2.8,3.0,,2.7,,59.0,0.6,2.0,0.0,224.0,1017.9,6.0,0.0,,0.0
2023-06-19 03:00:00,2.4,2.9,,2.1,,60.0,0.4,1.4,0.0,304.0,1017.7,4.0,0.0,,0.0
2023-06-19 04:00:00,2.3,2.7,,1.7,,59.0,0.4,1.1,335.0,270.0,1018.0,6.0,0.0,,0.0
2023-06-19 05:00:00,2.4,3.3,,1.3,,57.0,0.3,1.2,0.0,276.0,1018.0,15.0,0.0,,0.0
2023-06-19 06:00:00,3.0,3.5,5.9,2.2,1.3,54.0,0.0,1.5,0.0,0.0,1018.3,46.0,0.0,0.0,0.0
2023-06-19 07:00:00,3.4,4.0,,2.8,,56.0,1.4,3.7,157.0,157.0,1018.6,130.0,0.0,,0.0
2023-06-19 08:00:00,1.5,2.7,,0.8,,71.0,4.0,5.9,154.0,155.0,1019.2,226.0,0.0,,0.0
2023-06-19 09:00:00,-0.3,0.9,,-0.6,,82.0,4.3,5.6,160.0,152.0,1019.7,339.0,0.0,,0.0
2023-06-19 10:00:00,-0.8,-0.5,,-1.4,,84.0,4.3,6.0,154.0,159.0,1020.0,463.0,0.0,,0.0
2023-06-19 11:00:00,-1.2,,,,,89.0,4.2,5.6,162.0,,1020.2,635.0,,,0.0
2023-06-19 12:00:00,-0.9,-0.5,,-1.2,,87.0,3.7,5.5,163.0,163.0,1020.4,690.0,0.0,,0.0
2023-06-19 13:00:00,-0.4,0.1,,-0.9,,86.0,3.2,5.1,150.0,155.0,1020.6,773.0,0.0,,0.0
2023-06-19 14:00:00,-0.2,0.3,,-0.6,,87.0,3.7,5.9,147.0,146.0,1020.6,826.0,0.0,,0.0
2023-06-19 15:00:00,-0.2,0.7,,-0.7,,88.0,3.6,6.1,152.0,152.0,1020.7,816.0,0.0,,40.0
2023-06-19 16:00:00,0.3,1.0,,-0.4,,86.0,3.1,5.0,150.0,150.0,1020.5,834.0,0.0,,0.0
2023-06-19 17:00:00,0.8,1.4,,0.2,,83.0,3.2,4.9,152.0,154.0,1020.3,784.0,0.0,,0.0
2023-06-19 18:00:00,0.9,1.4,,0.0,,82.0,3.4,5.0,160.0,152.0,1020.3,716.0,0.0,,0.0
2023-06-19 19:00:00,0.6,1.2,,0.2,,84.0,3.2,4.6,159.0,158.0,1020.2,614.0,0.0,,0.0
2023-06-19 20:00:00,-0.1,0.5,,-0.4,,87.0,2.7,4.5,159.0,162.0,1020.1,498.0,0.0,,0.0
2023-06-19 21:00:00,-0.4,0.0,,-0.8,,88.0,2.6,4.1,153.0,160.0,1019.8,373.0,0.0,,0.0
2023-06-19 22:00:00,-0.9,-0.6,,-1.3,,91.0,2.1,3.6,171.0,170.0,1019.7,250.0,0.0,,0.0
2023-06-19 23:00:00,-1.2,-0.2,,-1.8,,94.0,1.5,3.1,0.0,186.0,1019.4,128.0,0.0,,0.0
2023-06-20 00:00:00,-0.5,-0.2,,-1.3,,90.0,0.6,1.8,0.0,59.0,1019.2,53.0,0.0,,0.0
2023-06-20 01:00:00,-2.3,-1.0,,-3.1,,95.0,1.4,2.8,176.0,176.0,1019.3,19.0,0.0,,0.0
2023-06-20 02:00:00,-2.5,-2.2,,-3.0,,97.0,0.5,2.3,0.0,185.0,1018.9,8.0,0.0,,40.0
2023-06-20 03:00:00,-2.5,-2.3,,-2.8,,98.0,0.4,1.1,0.0,100.0,1018.6,5.0,0.0,,
2023-06-20 04:00:00,-3.0,-2.8,,-3.1,,98.0,0.0,0.8,0.0,0.0,1018.2,6.0,0.0,,
2023-06-20 05:00:00,-3.2,-3.1,,-3.3,,98.0,0.0,0.7,0.0,0.0,1017.8,15.0,0.0,,
2023-06-20 06:00:00,-3.2,-3.0,1.2,-3.2,-3.3,98.0,0.0,0.8,0.0,0.0,1017.4,40.0,0.0,,
2023-06-20 07:00:00,-2.5,-1.9,,-3.1,,97.0,0.3,1.4,21.0,21.0,1017.0,123.0,0.0,,40.0
2023-06-20 08:00:00,-1.5,-0.7,,-2.4,,95.0,0.5,1.7,38.0,44.0,1016.7,219.0,0.0,,10.0
2023-06-20 09:00:00,-0.3,1.3,,-1.1,,91.0,0.5,1.6,30.0,31.0,1016.2,335.0,0.0,,0.0
2023-06-20 10:00:00,1.4,2.5,,0.6,,82.0,0.8,1.9,32.0,37.0,1015.9,459.0,0.0,,0.0
2023-06-20 11:00:00,3.0,3.8,,2.2,,75.0,0.8,2.0,15.0,16.0,1015.6,567.0,0.0,,0.0
2023-06-20 12:00:00,4.3,5.4,,3.1,,70.0,1.0,2.4,0.0,69.0,1015.5,674.0,0.0,,0.0
2023-06-20 13:00:00,3.9,5.5,,3.2,,68.0,2.5,4.0,162.0,161.0,1015.1,762.0,0.0,,0.0
2023-06-20 14:00:00,4.4,5.2,,3.5,,67.0,3.7,5.2,152.0,150.0,1014.8,818.0,0.0,,0.0
2023-06-20 15:00:00,5.2,5.8,,4.7,,61.0,3.2,5.0,140.0,143.0,1014.5,838.0,0.0,,0.0
2023-06-20 16:00:00,4.9,5.3,,4.5,,62.0,3.8,5.5,149.0,144.0,1014.1,826.0,0.0,,0.0
2023-06-20 17:00:00,4.7,5.8,,3.5,,67.0,3.4,6.6,144.0,142.0,1013.9,776.0,0.0,,0.0
2023-06-20 18:00:00,4.6,5.1,5.8,4.1,-3.1,73.0,3.2,5.0,149.0,144.0,1013.6,701.0,0.0,,0.0
2023-06-20 19:00:00,5.3,6.3,,4.5,,65.0,2.7,4.3,146.0,148.0,1012.9,598.0,0.0,,0.0
2023-06-20 20:00:00,4.3,4.9,,3.6,,74.0,3.6,5.6,148.0,145.0,1012.8,486.0,0.0,,0.0
2023-06-20 21:00:00,3.8,4.3,,3.1,,77.0,3.7,5.0,150.0,148.0,1012.4,315.0,0.0,,0.0
2023-06-20 22:00:00,3.4,3.9,,2.8,,75.0,2.8,4.5,145.0,150.0,1011.9,185.0,0.0,,60.0
2023-06-20 23:00:00,2.5,3.1,,2.0,,82.0,2.9,5.6,147.0,152.0,1011.5,60.0,0.0,,90.0
2023-06-21 00:00:00,2.8,3.2,,2.5,,79.0,1.2,3.5,161.0,131.0,1010.7,35.0,0.0,,90.0
2023-06-21 01:00:00,2.8,3.0,,2.5,,76.0,0.7,1.9,158.0,168.0,1010.2,22.0,0.0,,90.0
2023-06-21 02:00:00,2.3,2.7,,1.6,,79.0,1.5,2.6,171.0,161.0,1009.3,6.0,0.0,,60.0
2023-06-21 03:00:00,1.7,1.9,,1.4,,83.0,1.4,2.7,161.0,161.0,1008.9,3.0,0.0,,100.0
2023-06-21 04:00:00,1.6,1.9,,1.0,,84.0,1.6,2.7,202.0,173.0,1008.3,3.0,0.0,,90.0
2023-06-21 05:00:00,1.8,2.2,,1.4,,85.0,0.5,1.6,242.0,153.0,1007.6,10.0,0.0,,90.0
2023-06-21 06:00:00,2.0,2.1,6.3,1.8,1.0,84.0,0.6,1.5,168.0,198.0,1007.2,26.0,0.0,0.0,90.0
2023-06-21 07:00:00,2.4,2.7,,2.1,,81.0,1.0,2.5,129.0,134.0,1006.8,78.0,0.0,,90.0
2023-06-21 08:00:00,2.4,3.0,,2.0,,84.0,0.6,2.3,166.0,173.0,1006.4,146.0,0.0,,90.0
2023-06-21 09:00:00,2.3,2.8,,1.9,,83.0,1.9,3.6,142.0,154.0,1006.1,212.0,0.0,,10.0
2023-06-21 10:00:00,3.0,4.2,,2.1,,78.0,1.4,2.8,37.0,135.0,1005.8,393.0,0.0,,0.0
2023-06-21 11:00:00,4.7,5.8,,3.9,,69.0,1.0,3.4,106.0,79.0,1005.1,558.0,0.0,,0.0
2023-06-21 12:00:00,5.4,6.3,,4.8,,66.0,2.2,4.6,143.0,126.0,1004.9,658.0,0.0,,0.0
2023-06-21 13:00:00,5.1,5.9,,4.7,,66.0,3.3,5.1,141.0,143.0,1004.5,747.0,0.0,,0.0
2023-06-21 14:00:00,4.8,5.5,,4.3,,68.0,4.2,6.5,140.0,143.0,1004.2,801.0,0.0,,0.0
2023-06-21 15:00:00,3.6,4.6,,3.0,,73.0,5.0,6.7,138.0,141.0,1004.4,816.0,0.0,,0.0
2023-06-21 16:00:00,4.0,5.8,,2.4,,72.0,3.3,7.4,151.0,156.0,1004.0,821.0,0.0,,0.0
2023-06-21 17:00:00,3.0,4.3,,1.8,,80.0,4.6,7.3,149.0,149.0,1004.0,732.0,0.0,,10.0
2023-06-21 18:00:00,3.5,4.9,6.3,1.8,1.8,76.0,3.2,5.8,130.0,134.0,1004.3,699.0,0.0,,0.0
2023-06-21 19:00:00,1.4,3.0,,0.9,,89.0,4.1,6.1,157.0,150.0,1004.3,535.0,0.0,,10.0
2023-06-21 20:00:00,1.2,1.6,,0.5,,93.0,4.0,6.0,143.0,149.0,1004.3,369.0,0.0,,
2023-06-21 21:00:00,0.5,0.7,,0.3,,96.0,3.4,5.9,144.0,144.0,1004.8,205.0,0.0,,
2023-06-21 22:00:00,1.0,1.6,,0.5,,96.0,1.3,2.9,129.0,147.0,1004.9,112.0,0.0,,90.0
2023-06-21 23:00:00,1.7,1.9,,1.4,,93.0,0.9,2.6,72.0,132.0,1005.1,62.0,0.0,,90.0
2023-06-22 00:00:00,1.6,2.0,,1.4,,93.0,1.2,2.7,153.0,129.0,1005.5,18.0,0.0,,90.0
2023-06-22 01:00:00,1.7,1.8,,1.5,,93.0,0.6,1.8,158.0,160.0,1005.6,8.0,0.0,,90.0
2023-06-22 02:00:00,2.0,2.2,,1.7,,93.0,0.5,1.2,0.0,134.0,1005.7,1.0,0.0,,90.0
2023-06-22 03:00:00,2.2,2.3,,2.2,,94.0,0.6,1.2,325.0,251.0,1005.8,0.0,0.0,,90.0
2023-06-22 04:00:00,2.4,2.6,,2.3,,96.0,0.8,1.6,334.0,313.0,1005.7,0.0,0.1,,90.0
2023-06-22 05:00:00,2.6,2.7,,2.6,,97.0,0.6,1.2,318.0,334.0,1005.5,5.0,0.1,,90.0
2023-06-22 06:00:00,3.1,3.3,3.3,2.7,0.3,96.0,0.7,1.9,315.0,303.0,1005.7,11.0,0.0,0.2,90.0
2023-06-22 07:00:00,3.3,3.8,,3.2,,96.0,0.7,2.2,275.0,325.0,1005.8,14.0,0.0,,90.0
2023-06-22 08:00:00,3.9,4.1,,3.7,,94.0,1.0,2.4,341.0,320.0,1005.9,27.0,0.1,,90.0
2023-06-22 09:00:00,4.0,4.2,,3.8,,95.0,0.5,1.1,330.0,333.0,1006.2,32.0,0.4,,90.0
2023-06-22 10:00:00,4.4,4.9,,4.1,,96.0,0.8,1.6,5.0,9.0,1006.1,109.0,0.1,,90.0
2023-06-22 11:00:00,5.7,6.3,,4.9,,91.0,1.2,2.2,37.0,26.0,1006.1,447.0,0.0,,90.0
2023-06-22 12:00:00,6.7,7.6,,5.9,,80.0,1.5,4.1,115.0,57.0,1006.2,524.0,0.0,,60.0
2023-06-22 13:00:00,7.4,7.9,,7.1,,70.0,3.0,5.5,99.0,87.0,1006.3,470.0,0.0,,90.0
2023-06-22 14:00:00,7.2,7.6,,6.9,,70.0,2.6,4.6,94.0,121.0,1006.3,357.0,0.0,,90.0
2023-06-22 15:00:00,7.3,7.8,,6.7,,68.0,2.5,5.8,139.0,126.0,1006.3,288.0,0.0,,90.0
2023-06-22 16:00:00,7.1,7.4,,6.6,,68.0,2.4,4.8,137.0,149.0,1006.2,347.0,0.0,,90.0
2023-06-22 17:00:00,7.3,7.8,,6.8,,66.0,3.2,5.1,156.0,151.0,1005.9,551.0,0.0,,60.0
2023-06-22 18:00:00,7.8,8.2,8.2,7.6,3.2,62.0,2.9,5.3,130.0,130.0,1005.7,472.0,0.0,,90.0
2023-06-22 19:00:00,7.6,8.1,,7.3,,62.0,3.2,5.7,158.0,155.0,1005.5,434.0,0.0,,90.0
2023-06-22 20:00:00,7.0,7.3,,6.8,,65.0,3.1,6.4,168.0,158.0,1005.6,226.0,0.0,,90.0
2023-06-22 21:00:00,6.9,7.1,,6.7,,67.0,2.7,4.7,140.0,145.0,1005.2,245.0,0.0,,90.0
2023-06-22 22:00:00,6.8,7.1,,6.6,,67.0,1.6,4.1,120.0,146.0,1005.0,168.0,0.0,,10.0
2023-06-22 23:00:00,7.5,7.9,,7.0,,63.0,0.5,1.2,360.0,126.0,1004.7,146.0,0.0,,0.0
2023-06-23 00:00:00,7.1,7.8,,6.6,,66.0,0.5,1.5,0.0,320.0,1004.3,71.0,0.0,,0.0
2023-06-23 01:00:00,6.5,6.7,,6.1,,67.0,1.3,2.5,176.0,247.0,1003.9,21.0,0.0,,0.0
2023-06-23 02:00:00,5.9,6.4,,5.3,,68.0,1.1,2.0,269.0,253.0,1003.1,6.0,0.0,,0.0
2023-06-23 03:00:00,5.6,6.0,,5.3,,67.0,2.1,3.1,255.0,260.0,1002.2,3.0,0.0,,0.0
2023-06-23 04:00:00,5.4,5.8,,5.1,,67.0,0.8,2.7,0.0,261.0,1001.6,5.0,0.0,,0.0
2023-06-23 05:00:00,5.2,5.6,,4.7,,70.0,0.4,1.2,261.0,199.0,1001.1,13.0,0.0,,60.0
2023-06-23 06:00:00,5.2,5.4,8.1,4.8,4.7,70.0,1.8,3.2,265.0,263.0,1000.4,25.0,0.0,0.6,90.0
2023-06-23 07:00:00,5.7,6.1,,5.1,,69.0,1.0,3.4,53.0,253.0,1000.0,50.0,0.0,,90.0
2023-06-23 08:00:00,5.3,6.1,,4.6,,74.0,1.8,4.2,131.0,152.0,999.6,86.0,0.0,,90.0
2023-06-23 09:00:00,5.4,5.7,,5.1,,73.0,0.6,1.8,144.0,128.0,999.3,92.0,0.0,,90.0
2023-06-23 10:00:00,5.0,5.7,,3.5,,76.0,1.2,4.1,335.0,56.0,999.0,76.0,0.0,,90.0
2023-06-23 11:00:00,6.0,8.5,,4.4,,71.0,3.6,9.1,281.0,312.0,997.1,93.0,0.0,,100.0
2023-06-23 12:00:00,7.8,8.6,,6.6,,60.0,2.3,7.7,178.0,335.0,996.8,143.0,0.0,,90.0
2023-06-23 13:00:00,8.0,9.1,,6.5,,55.0,1.7,4.6,153.0,274.0,995.9,186.0,0.0,,100.0
2023-06-23 14:00:00,7.8,8.5,,7.1,,60.0,1.7,3.9,125.0,152.0,995.1,188.0,0.1,,100.0
2023-06-23 15:00:00,7.1,8.3,,4.2,,68.0,2.2,5.6,146.0,159.0,995.6,147.0,0.0,,100.0
2023-06-23 16:00:00,3.2,4.5,,2.2,,86.0,4.0,6.8,157.0,140.0,995.7,167.0,0.4,,100.0
2023-06-23 17:00:00,3.6,4.0,,2.9,,88.0,1.7,3.9,330.0,251.0,995.6,172.0,0.4,,100.0
2023-06-23 18:00:00,3.5,3.8,9.1,3.4,2.2,90.0,1.2,2.4,51.0,353.0,995.5,98.0,0.3,,100.0
2023-06-23 19:00:00,3.7,4.1,,3.4,,92.0,0.3,1.2,344.0,360.0,995.4,41.0,0.5,,100.0
2023-06-23 20:00:00,4.1,4.4,,4.0,,92.0,0.6,1.5,72.0,38.0,995.3,32.0,0.0,,100.0
2023-06-23 21:00:00,4.4,4.8,,4.1,,93.0,0.6,2.1,322.0,17.0,995.2,40.0,0.0,,100.0
2023-06-23 22:00:00,4.7,5.0,,4.3,,92.0,1.1,3.5,84.0,94.0,995.7,25.0,0.6,,90.0
2023-06-23 23:00:00,4.6,4.8,,4.4,,94.0,0.7,2.4,212.0,74.0,995.8,15.0,2.3,,90.0
2023-06-24 00:00:00,4.2,4.6,,3.7,,96.0,2.5,6.3,141.0,99.0,996.5,7.0,2.1,,90.0
2023-06-24 01:00:00,4.4,4.8,,3.5,,96.0,2.2,5.0,138.0,143.0,996.9,1.0,2.1,,90.0
2023-06-24 02:00:00,5.0,5.4,,4.8,,96.0,1.9,3.9,134.0,142.0,997.7,0.0,1.8,,100.0
2023-06-24 03:00:00,7.7,8.5,,5.4,,84.0,6.6,14.3,88.0,96.0,998.4,0.0,0.4,,90.0
2023-06-24 04:00:00,8.2,8.4,,8.0,,80.0,6.2,13.8,82.0,77.0,999.1,0.0,0.0,,100.0
2023-06-24 05:00:00,8.2,8.5,,8.0,,81.0,5.5,11.2,71.0,84.0,1000.1,1.0,0.0,,100.0
2023-06-24 06:00:00,8.6,9.0,9.0,8.3,3.4,78.0,4.7,10.5,88.0,83.0,1000.9,4.0,0.0,11.0,100.0
2023-06-24 07:00:00,8.4,8.8,,7.9,,78.0,4.3,11.2,152.0,119.0,1001.6,8.0,0.0,,90.0
2023-06-24 08:00:00,8.9,9.8,,8.1,,77.0,2.1,5.9,236.0,229.0,1001.9,60.0,0.0,,90.0
2023-06-24 09:00:00,9.6,10.1,,9.2,,74.0,2.0,4.6,164.0,168.0,1002.3,138.0,0.0,,90.0
2023-06-24 10:00:00,9.4,9.9,,8.7,,76.0,2.3,3.2,168.0,161.0,1002.5,231.0,0.0,,90.0
2023-06-24 11:00:00,8.9,9.8,,8.2,,77.0,2.9,4.5,160.0,164.0,1002.5,125.0,0.0,,100.0
2023-06-24 12:00:00,9.4,10.2,,8.1,,79.0,2.6,5.5,157.0,156.0,1002.6,179.0,0.0,,100.0
2023-06-24 13:00:00,8.4,8.8,,8.0,,85.0,3.1,4.5,155.0,158.0,1002.5,156.0,0.0,,100.0
2023-06-24 14:00:00,7.9,8.4,,7.4,,89.0,2.7,4.7,134.0,144.0,1002.5,144.0,0.0,,
2023-06-24 15:00:00,7.9,8.5,,7.1,,90.0,1.6,3.3,134.0,135.0,1002.1,157.0,0.0,,90.0
2023-06-24 16:00:00,7.6,8.7,,6.9,,89.0,1.6,3.1,329.0,351.0,1001.6,301.0,0.0,,90.0
2023-06-24 17:00:00,8.2,8.5,,7.9,,88.0,1.4,2.9,160.0,53.0,1001.4,176.0,0.0,,100.0
2023-06-24 18:00:00,7.4,8.4,10.2,5.9,5.9,88.0,1.3,3.4,32.0,121.0,1001.6,147.0,0.0,,90.0
2023-06-24 19:00:00,6.1,6.8,,5.1,,91.0,1.6,3.2,195.0,163.0,1001.2,165.0,0.0,,90.0
2023-06-24 20:00:00,6.5,7.1,,5.5,,90.0,1.5,4.2,191.0,88.0,1000.9,137.0,0.0,,100.0
2023-06-24 21:00:00,5.7,6.9,,4.6,,94.0,2.9,5.1,168.0,140.0,1001.1,83.0,0.0,,90.0
2023-06-24 22:00:00,5.4,6.0,,4.8,,96.0,2.2,3.7,145.0,165.0,1000.6,69.0,0.0,,90.0
2023-06-24 23:00:00,3.2,5.7,,1.0,,96.0,3.8,7.6,142.0,135.0,1002.2,15.0,0.0,,
2023-06-25 00:00:00,2.0,2.7,,1.2,,99.0,1.8,5.7,309.0,243.0,1002.3,4.0,0.3,,100.0
2023-06-25 01:00:00,2.8,3.1,,2.6,,99.0,0.7,2.0,35.0,9.0,1002.0,2.0,1.0,,90.0
2023-06-25 02:00:00,3.5,3.9,,2.9,,99.0,0.3,1.2,87.0,70.0,1002.1,0.0,0.1,,100.0
2023-06-25 03:00:00,4.1,4.4,,3.9,,98.0,1.2,3.5,6.0,327.0,1001.7,0.0,0.0,,100.0
2023-06-25 04:00:00,4.3,4.7,,4.1,,97.0,0.9,2.7,122.0,78.0,1001.7,1.0,0.0,,100.0
2023-06-25 05:00:00,4.8,4.8,,4.7,,96.0,0.6,1.5,316.0,3.0,1001.2,5.0,0.1,,100.0
2023-06-25 06:00:00,4.9,5.1,7.1,4.7,1.0,96.0,0.4,2.0,335.0,268.0,1000.9,11.0,0.0,1.5,90.0
2023-06-25 07:00:00,4.0,4.9,,2.6,,96.0,2.1,4.1,163.0,117.0,1001.4,22.0,0.3,,100.0
2023-06-25 08:00:00,3.1,3.6,,2.5,,98.0,1.3,2.9,161.0,158.0,1001.7,36.0,0.2,,90.0
2023-06-25 09:00:00,3.7,4.0,,3.5,,98.0,0.4,1.5,8.0,15.0,1001.5,62.0,0.5,,90.0
2023-06-25 10:00:00,4.2,5.0,,3.8,,98.0,0.7,2.3,112.0,24.0,1001.1,101.0,0.7,,90.0
2023-06-25 11:00:00,5.2,5.8,,4.6,,97.0,1.4,2.9,354.0,247.0,1000.2,124.0,0.5,,90.0
2023-06-25 12:00:00,5.6,6.4,,4.9,,97.0,1.5,4.5,151.0,77.0,999.7,231.0,0.1,,90.0
2023-06-25 13:00:00,5.8,6.6,,4.9,,96.0,1.8,5.0,336.0,184.0,998.8,145.0,0.6,,90.0
2023-06-25 14:00:00,6.2,6.6,,5.8,,96.0,2.5,6.1,148.0,184.0,998.6,168.0,0.5,,100.0
2023-06-25 15:00:00,5.1,6.1,,3.1,,96.0,4.3,8.2,177.0,149.0,999.2,193.0,0.8,,90.0
2023-06-25 16:00:00,5.5,6.2,,5.2,,96.0,1.3,4.4,353.0,18.0,998.7,228.0,0.2,,90.0
2023-06-25 17:00:00,6.6,7.2,,5.6,,96.0,1.2,2.9,97.0,31.0,998.1,174.0,0.1,,100.0
2023-06-25 18:00:00,7.1,7.7,7.7,6.4,2.5,91.0,3.2,7.1,206.0,168.0,998.0,206.0,0.2,,90.0
2023-06-25 19:00:00,5.4,7.6,,4.5,,92.0,2.0,4.5,1.0,273.0,999.5,152.0,0.0,,90.0
2023-06-25 20:00:00,4.0,4.7,,3.4,,96.0,3.4,6.5,318.0,318.0,999.5,96.0,0.3,,90.0
2023-06-25 21:00:00,4.4,4.8,,3.9,,98.0,0.6,2.5,106.0,352.0,999.2,62.0,1.1,,90.0
2023-06-25 22:00:00,4.5,4.8,,4.2,,98.0,0.6,1.5,117.0,72.0,998.6,38.0,1.2,,90.0
2023-06-25 23:00:00,4.6,5.1,,4.3,,98.0,1.0,1.9,337.0,4.0,998.4,23.0,2.1,,90.0
2023-06-26 00:00:00,4.9,5.4,,4.3,,98.0,1.5,4.0,308.0,310.0,997.2,12.0,1.8,,100.0
2023-06-26 01:00:00,4.8,5.6,,4.2,,98.0,2.2,5.1,144.0,106.0,997.1,4.0,0.8,,90.0
2023-06-26 02:00:00,4.4,5.3,,3.6,,98.0,2.2,4.1,329.0,66.0,996.7,1.0,1.0,,90.0
2023-06-26 03:00:00,4.7,5.2,,4.2,,98.0,1.1,3.4,8.0,14.0,995.8,1.0,0.5,,100.0
2023-06-26 04:00:00,5.4,5.6,,4.9,,98.0,0.7,2.1,82.0,19.0,995.4,2.0,0.5,,90.0
2023-06-26 05:00:00,4.7,5.7,,3.3,,98.0,1.7,4.8,87.0,132.0,994.7,6.0,0.2,,90.0
2023-06-26 06:00:00,4.6,5.6,7.6,3.4,3.3,98.0,2.2,4.4,152.0,156.0,994.5,19.0,0.0,14.2,100.0
2023-06-26 07:00:00,4.7,6.1,,3.3,,98.0,2.6,6.7,133.0,233.0,993.6,54.0,0.0,,100.0
2023-06-26 08:00:00,6.1,7.0,,4.6,,97.0,1.2,3.9,350.0,352.0,993.2,181.0,0.0,,10.0
2023-06-26 09:00:00,6.9,7.5,,5.2,,93.0,1.9,4.7,147.0,138.0,993.6,265.0,0.0,,40.0
2023-06-26 10:00:00,5.2,6.9,,1.5,,95.0,3.6,7.5,143.0,148.0,995.1,249.0,0.0,,
2023-06-26 11:00:00,3.7,4.6,,1.6,,98.0,3.9,9.6,309.0,157.0,998.1,50.0,1.3,,90.0
2023-06-26 12:00:00,7.3,8.6,,3.8,,76.0,6.7,16.2,47.0,16.0,999.9,101.0,1.8,,90.0
2023-06-26 13:00:00,7.7,8.5,,7.3,,72.0,8.7,18.6,42.0,44.0,1001.9,98.0,2.1,,90.0
2023-06-26 14:00:00,7.4,7.8,,7.1,,74.0,5.7,14.4,31.0,37.0,1002.9,152.0,0.9,,90.0
2023-06-26 15:00:00,7.6,8.2,,7.0,,75.0,4.7,11.1,10.0,21.0,1004.0,105.0,2.0,,90.0
2023-06-26 16:00:00,8.0,8.5,,7.2,,74.0,5.9,13.4,24.0,29.0,1004.7,130.0,0.5,,90.0
2023-06-26 17:00:00,8.3,8.6,,8.0,,75.0,4.9,10.9,27.0,30.0,1005.5,85.0,0.5,,90.0
2023-06-26 18:00:00,8.4,8.8,8.8,8.1,1.5,78.0,4.3,11.8,9.0,23.0,1005.8,83.0,0.6,,90.0
2023-06-26 19:00:00,8.7,9.4,,8.1,,76.0,3.0,7.7,12.0,347.0,1005.9,89.0,0.1,,90.0
2023-06-26 20:00:00,9.9,10.6,,9.3,,66.0,3.1,8.0,355.0,5.0,1005.8,131.0,0.0,,90.0
2023-06-26 21:00:00,10.7,10.9,,10.5,,62.0,2.1,7.4,10.0,5.0,1005.9,145.0,0.0,,90.0
2023-06-26 22:00:00,11.4,11.7,,10.8,,59.0,0.6,3.4,238.0,298.0,1005.8,73.0,0.0,,90.0
2023-06-26 23:00:00,10.3,11.9,,8.2,,63.0,2.6,5.5,164.0,214.0,1006.4,54.0,0.0,,90.0
2023-06-27 00:00:00,9.6,10.1,,9.0,,67.0,2.5,4.3,138.0,160.0,1006.8,28.0,0.0,,90.0
2023-06-27 01:00:00,9.4,10.9,,8.5,,69.0,1.1,4.3,168.0,170.0,1007.3,6.0,0.0,,90.0
2023-06-27 02:00:00,8.8,9.3,,8.4,,74.0,1.8,5.1,254.0,201.0,1007.4,0.0,0.1,,90.0
2023-06-27 03:00:00,9.2,9.5,,8.7,,72.0,2.4,5.1,265.0,264.0,1007.5,0.0,0.1,,90.0
2023-06-27 04:00:00,7.0,8.8,,4.8,,81.0,2.5,7.4,215.0,205.0,1008.3,0.0,0.3,,90.0
2023-06-27 05:00:00,5.0,5.7,,3.7,,88.0,2.0,7.9,57.0,152.0,1008.6,2.0,0.2,,90.0
2023-06-27 06:00:00,4.7,4.9,11.9,4.4,3.7,91.0,0.8,3.6,326.0,11.0,1008.7,15.0,0.0,10.5,90.0
2023-06-27 07:00:00,5.2,5.5,,4.8,,90.0,0.7,2.1,286.0,334.0,1008.8,41.0,0.0,,90.0
2023-06-27 08:00:00,5.8,6.2,,5.5,,88.0,0.3,1.6,0.0,26.0,1008.9,119.0,0.0,,90.0
2023-06-27 09:00:00,7.1,7.7,,6.1,,84.0,0.7,2.2,141.0,46.0,1008.9,272.0,0.0,,10.0
2023-06-27 10:00:00,6.0,7.7,,3.1,,87.0,1.8,6.3,148.0,145.0,1009.4,315.0,0.0,,90.0
2023-06-27 11:00:00,3.2,3.9,,2.7,,95.0,3.1,6.4,158.0,157.0,1009.8,286.0,0.0,,90.0
2023-06-27 12:00:00,3.9,4.9,,3.5,,93.0,1.2,2.7,358.0,162.0,1010.0,305.0,0.0,,90.0
2023-06-27 13:00:00,5.5,6.5,,4.7,,87.0,1.1,2.7,39.0,6.0,1010.1,644.0,0.0,,0.0
2023-06-27 14:00:00,6.3,7.2,,5.3,,84.0,2.6,5.0,153.0,145.0,1010.2,753.0,0.0,,10.0
2023-06-27 15:00:00,5.0,5.8,,4.2,,86.0,3.4,6.5,166.0,154.0,1010.3,822.0,0.0,,0.0
2023-06-27 16:00:00,5.9,6.8,,5.3,,83.0,1.7,3.1,14.0,30.0,1010.5,807.0,0.0,,0.0
2023-06-27 17:00:00,4.4,6.2,,3.0,,85.0,2.6,5.0,158.0,131.0,1010.9,767.0,0.0,,0.0
2023-06-27 18:00:00,5.0,5.8,7.7,3.8,2.7,83.0,1.6,2.9,329.0,243.0,1010.8,696.0,0.0,,0.0
2023-06-27 19:00:00,5.6,6.3,,5.2,,82.0,1.8,3.5,346.0,335.0,1010.7,595.0,0.0,,0.0
2023-06-27 20:00:00,6.3,6.8,,5.8,,81.0,1.2,2.7,34.0,8.0,1010.6,480.0,0.0,,0.0
2023-06-27 21:00:00,6.7,7.2,,6.1,,79.0,1.2,3.1,5.0,348.0,1010.4,359.0,0.0,,0.0
2023-06-27 22:00:00,6.7,7.8,,6.0,,79.0,0.8,1.8,12.0,358.0,1010.3,240.0,0.0,,0.0
2023-06-27 23:00:00,6.2,7.1,,5.8,,81.0,0.7,2.1,245.0,345.0,1010.0,137.0,0.0,,0.0
2023-06-28 00:00:00,4.9,7.1,,3.2,,85.0,2.2,4.0,167.0,164.0,1010.0,40.0,0.0,,40.0
2023-06-28 01:00:00,4.0,4.4,,3.1,,90.0,1.0,3.6,170.0,176.0,1009.5,17.0,0.0,,10.0
2023-06-28 02:00:00,3.8,4.2,,3.3,,90.0,0.9,2.9,187.0,179.0,1009.0,7.0,0.0,,90.0
2023-06-28 03:00:00,3.5,4.1,,2.5,,91.0,0.6,2.6,190.0,193.0,1008.4,5.0,0.0,,100.0
2023-06-28 04:00:00,2.2,2.7,,1.9,,94.0,1.3,3.2,188.0,185.0,1007.9,6.0,0.0,,10.0
2023-06-28 05:00:00,1.8,2.4,,1.3,,96.0,0.8,2.9,0.0,214.0,1007.3,13.0,0.0,,0.0
2023-06-28 06:00:00,1.1,2.5,7.8,0.2,0.2,96.0,1.8,4.2,197.0,181.0,1006.8,41.0,0.0,0.0,10.0
2023-06-28 07:00:00,0.6,1.0,,0.2,,97.0,1.6,3.4,192.0,186.0,1006.2,119.0,0.0,,10.0
2023-06-28 08:00:00,2.0,2.4,,0.6,,95.0,0.8,1.9,40.0,355.0,1005.2,218.0,0.0,,40.0
2023-06-28 09:00:00,1.6,2.1,,0.9,,95.0,0.9,3.0,256.0,69.0,1004.7,259.0,0.0,,100.0
2023-06-28 10:00:00,1.9,2.5,,1.5,,95.0,1.1,2.3,50.0,30.0,1003.5,363.0,0.0,,60.0
2023-06-28 11:00:00,2.3,3.4,,1.4,,92.0,1.4,3.3,27.0,118.0,1002.5,527.0,0.0,,10.0
2023-06-28 12:00:00,3.4,4.0,,2.8,,87.0,1.3,2.8,32.0,35.0,1001.4,660.0,0.0,,0.0
2023-06-28 13:00:00,4.6,5.5,,3.8,,83.0,1.3,2.6,42.0,38.0,1000.1,746.0,0.0,,0.0
2023-06-28 14:00:00,5.8,6.9,,4.9,,79.0,1.5,3.9,17.0,70.0,999.3,802.0,0.0,,0.0
2023-06-28 15:00:00,5.9,6.7,,4.4,,77.0,1.7,4.1,159.0,72.0,998.2,827.0,0.0,,0.0
2023-06-28 16:00:00,4.3,5.6,,3.3,,81.0,2.8,5.0,176.0,166.0,997.4,822.0,0.0,,0.0
2023-06-28 17:00:00,6.2,7.9,,4.3,,75.0,1.4,4.1,153.0,158.0,996.9,774.0,0.0,,0.0
2023-06-28 18:00:00,6.3,8.8,8.8,4.6,0.2,74.0,2.0,4.3,96.0,155.0,996.8,703.0,0.0,,0.0
2023-06-28 19:00:00,8.8,11.2,,6.0,,64.0,2.4,5.3,137.0,107.0,997.0,601.0,0.0,,0.0
2023-06-28 20:00:00,9.0,10.7,,6.5,,61.0,3.6,6.6,162.0,145.0,997.5,488.0,0.0,,0.0
2023-06-28 21:00:00,8.1,9.6,,6.5,,65.0,2.9,4.6,148.0,151.0,997.9,367.0,0.0,,0.0
2023-06-28 22:00:00,8.7,9.0,,8.2,,60.0,2.8,5.0,128.0,135.0,998.6,247.0,0.0,,0.0
2023-06-28 23:00:00,5.9,8.5,,3.8,,69.0,3.4,6.0,151.0,150.0,999.7,143.0,0.0,,0.0
2023-06-29 00:00:00,4.7,5.4,,3.2,,76.0,2.7,5.8,146.0,149.0,1000.4,60.0,0.0,,10.0
2023-06-29 01:00:00,3.8,4.7,,3.3,,83.0,0.5,1.8,184.0,198.0,1001.1,14.0,0.0,,0.0
2023-06-29 02:00:00,4.1,5.0,,3.6,,81.0,0.8,2.8,322.0,171.0,1001.9,6.0,0.0,,0.0
2023-06-29 03:00:00,3.5,3.7,,3.3,,86.0,0.0,1.2,287.0,0.0,1002.2,3.0,0.0,,0.0
2023-06-29 04:00:00,4.2,4.8,,3.5,,82.0,1.6,3.8,212.0,176.0,1002.8,5.0,0.0,,10.0
2023-06-29 05:00:00,3.3,3.9,,3.1,,87.0,0.5,2.0,0.0,308.0,1003.5,13.0,0.0,,0.0
2023-06-29 06:00:00,3.0,3.8,11.2,2.5,2.5,88.0,0.5,1.3,318.0,322.0,1003.8,39.0,0.0,0.0,0.0
2023-06-29 07:00:00,2.0,3.9,,0.3,,90.0,1.6,4.3,151.0,218.0,1004.3,122.0,0.0,,0.0
2023-06-29 08:00:00,1.9,2.4,,1.3,,90.0,0.8,2.3,45.0,93.0,1005.0,183.0,0.0,,10.0
2023-06-29 09:00:00,2.0,2.3,,1.7,,91.0,0.9,1.9,26.0,32.0,1005.3,171.0,0.0,,100.0
2023-06-29 10:00:00,3.0,3.5,,2.3,,90.0,1.0,2.0,44.0,36.0,1005.5,252.0,0.0,,100.0
2023-06-29 11:00:00,4.1,4.8,,3.1,,89.0,1.4,2.5,32.0,38.0,1005.4,351.0,0.0,,40.0
2023-06-29 12:00:00,5.0,5.9,,4.6,,84.0,3.1,5.8,132.0,120.0,1006.2,561.0,0.0,,90.0
2023-06-29 13:00:00,5.6,,,,,81.0,2.3,3.6,138.0,,1006.3,637.0,,,40.0
2023-06-29 14:00:00,6.1,6.8,,5.6,,80.0,2.7,4.3,125.0,136.0,1006.3,796.0,0.0,,10.0
2023-06-29 15:00:00,7.1,7.7,,6.4,,76.0,3.1,6.3,149.0,145.0,1006.6,789.0,0.0,,10.0
2023-06-29 16:00:00,7.7,8.3,,7.0,,73.0,2.7,5.0,136.0,146.0,1006.3,828.0,0.0,,0.0
2023-06-29 17:00:00,8.1,8.7,,7.5,,72.0,3.0,5.5,162.0,147.0,1006.2,750.0,0.0,,0.0
2023-06-29 18:00:00,8.5,9.1,,7.9,,71.0,3.0,5.4,151.0,161.0,1006.1,714.0,0.0,,10.0
2023-06-29 19:00:00,8.6,9.3,,8.0,,69.0,3.2,4.9,163.0,160.0,1006.0,540.0,0.0,,10.0
2023-06-29 20:00:00,8.6,8.9,,8.1,,68.0,3.3,8.1,145.0,155.0,1005.5,371.0,0.0,,10.0
2023-06-29 21:00:00,8.6,9.0,,8.1,,68.0,3.1,6.9,153.0,152.0,1005.3,314.0,0.0,,10.0
2023-06-29 22:00:00,8.3,8.8,,8.0,,70.0,3.0,7.1,176.0,169.0,1005.3,125.0,0.0,,
2023-06-29 23:00:00,8.0,8.2,,7.6,,71.0,2.7,6.2,137.0,163.0,1005.0,53.0,0.0,,90.0
2023-06-30 00:00:00,7.8,8.1,,6.9,,72.0,1.5,3.9,179.0,190.0,1004.8,33.0,0.0,,100.0
2023-06-30 01:00:00,7.8,8.1,,7.0,,72.0,1.4,4.0,228.0,211.0,1004.6,13.0,0.0,,100.0
2023-06-30 02:00:00,7.5,8.1,,5.2,,72.0,1.8,4.1,198.0,221.0,1004.2,2.0,0.0,,100.0
2023-06-30 03:00:00,6.4,7.6,,6.0,,79.0,0.7,3.3,0.0,309.0,1003.7,1.0,0.0,,90.0
2023-06-30 04:00:00,6.0,6.6,,5.4,,81.0,0.8,2.6,0.0,176.0,1003.6,2.0,0.0,,90.0
2023-06-30 05:00:00,4.9,5.4,,3.2,,85.0,0.8,4.2,167.0,269.0,1003.6,7.0,0.0,,90.0
2023-06-30 06:00:00,4.1,5.2,9.3,3.1,3.1,88.0,1.0,3.3,0.0,177.0,1003.8,18.0,0.0,,90.0
2023-06-30 07:00:00,5.3,5.5,,5.0,,85.0,0.5,1.8,171.0,141.0,1003.6,44.0,0.0,,90.0
2023-06-30 08:00:00,5.3,5.8,,4.9,,85.0,0.5,1.5,349.0,299.0,1003.9,65.0,0.0,,90.0
2023-06-30 09:00:00,5.6,6.1,,5.0,,84.0,0.0,1.2,50.0,0.0,1004.1,97.0,0.0,,90.0
2023-06-30 10:00:00,6.6,7.1,,6.1,,83.0,2.1,3.9,147.0,141.0,1004.4,158.0,0.0,,60.0
2023-06-30 11:00:00,7.1,7.5,,6.7,,81.0,0.9,2.3,2.0,31.0,1004.6,263.0,0.0,,60.0
2023-06-30 12:00:00,7.9,9.1,,7.2,,78.0,1.1,2.7,339.0,1.0,1004.8,488.0,0.0,,90.0
2023-06-30 13:00:00,8.6,9.9,,7.4,,70.0,1.6,3.4,167.0,74.0,1005.0,721.0,0.0,,90.0
2023-06-30 14:00:00,5.3,7.5,,3.6,,78.0,4.9,7.7,143.0,153.0,1005.6,818.0,0.0,,90.0
2023-06-30 15:00:00,3.8,4.4,,3.2,,85.0,4.7,7.4,163.0,153.0,1006.4,620.0,0.0,,100.0
2023-06-30 16:00:00,4.6,6.2,,3.3,,83.0,3.2,5.8,142.0,158.0,1006.6,689.0,0.0,,90.0
2023-06-30 17:00:00,6.1,6.5,,5.7,,78.0,2.7,4.3,154.0,147.0,1006.7,571.0,0.0,,90.0
2023-06-30 18:00:00,6.0,6.4,9.9,5.1,3.2,77.0,2.8,4.9,139.0,149.0,1007.1,423.0,0.0,,90.0
2023-06-30 19:00:00,5.0,5.4,,4.6,,81.0,2.9,4.4,143.0,149.0,1007.4,226.0,0.0,,100.0
2023-06-30 20:00:00,5.0,5.4,,4.6,,81.0,1.7,3.8,182.0,162.0,1007.8,157.0,0.0,,100.0
2023-06-30 21:00:00,5.2,5.5,,4.9,,82.0,1.3,2.6,161.0,166.0,1008.3,133.0,0.0,,90.0
2023-06-30 22:00:00,5.7,6.1,,5.4,,83.0,1.0,2.4,330.0,258.0,1008.6,90.0,0.0,,100.0
2023-06-30 23:00:00,5.7,5.9,,5.6,,85.0,0.8,2.4,32.0,360.0,1008.8,40.0,0.0,,100.0
2023-07-01 00:00:00,5.5,5.7,,5.4,,88.0,0.4,1.0,0.0,41.0,1009.0,22.0,0.1,,100.0
2023-07-01 01:00:00,5.4,5.6,,5.2,,91.0,0.4,1.0,33.0,38.0,1009.4,6.0,0.3,,100.0
2023-07-01 02:00:00,5.3,5.5,,5.1,,92.0,0.0,0.6,25.0,0.0,1009.6,1.0,0.4,,90.0
2023-07-01 03:00:00,5.5,5.9,,5.3,,94.0,0.4,3.2,126.0,55.0,1010.1,0.0,0.0,,100.0
2023-07-01 04:00:00,5.6,5.9,,5.3,,93.0,2.9,5.3,156.0,147.0,1010.4,0.0,0.2,,90.0
2023-07-01 05:00:00,5.4,5.7,,5.3,,91.0,1.9,5.1,0.0,149.0,1010.5,1.0,0.4,,100.0
2023-07-01 06:00:00,5.5,6.1,6.1,5.2,4.6,92.0,0.9,2.3,261.0,346.0,1010.4,12.0,0.0,1.4,100.0
2023-07-01 07:00:00,5.5,6.3,,5.1,,93.0,0.5,2.2,39.0,9.0,1010.2,43.0,0.0,,100.0
2023-07-01 08:00:00,6.4,6.7,,5.9,,93.0,0.3,1.1,0.0,69.0,1010.1,79.0,0.2,,100.0
2023-07-01 09:00:00,7.0,7.2,,6.6,,91.0,0.6,1.4,41.0,28.0,1009.8,149.0,0.1,,100.0
2023-07-01 10:00:00,7.9,8.6,,7.2,,87.0,0.7,1.7,54.0,63.0,1009.5,247.0,0.0,,100.0
2023-07-01 11:00:00,8.9,9.5,,8.4,,81.0,0.8,1.9,39.0,47.0,1009.1,285.0,0.0,,100.0
2023-07-01 12:00:00,9.9,10.9,,9.4,,71.0,2.0,4.9,282.0,295.0,1008.7,490.0,0.0,,90.0
2023-07-01 13:00:00,10.5,11.1,,10.0,,70.0,1.8,5.1,138.0,145.0,1008.6,594.0,0.0,,90.0
2023-07-01 14:00:00,11.3,12.1,,10.9,,62.0,3.0,6.0,242.0,233.0,1008.7,692.0,0.0,,90.0
2023-07-01 15:00:00,11.8,12.2,,11.5,,59.0,3.0,6.1,221.0,249.0,1008.8,580.0,0.0,,90.0
2023-07-01 16:00:00,11.9,12.2,,11.6,,59.0,2.0,5.4,127.0,157.0,1009.1,483.0,0.0,,60.0
2023-07-01 17:00:00,12.4,12.7,,11.9,,57.0,2.2,4.5,128.0,123.0,1009.8,708.0,0.0,,10.0
2023-07-01 18:00:00,12.2,12.6,12.7,11.9,5.1,57.0,2.7,4.3,139.0,141.0,1010.9,666.0,0.0,,90.0
2023-07-01 19:00:00,10.9,12.1,,8.3,,61.0,2.3,3.9,157.0,148.0,1012.2,322.0,0.0,,90.0
2023-07-01 20:00:00,7.1,8.5,,4.3,,76.0,2.7,8.2,156.0,157.0,1014.0,119.0,0.0,,90.0
2023-07-01 21:00:00,5.8,6.1,,5.0,,82.0,3.9,7.6,142.0,147.0,1015.3,78.0,0.0,,90.0
2023-07-01 22:00:00,5.4,6.0,,4.9,,84.0,4.7,8.2,149.0,151.0,1016.4,40.0,0.0,,90.0
2023-07-01 23:00:00,5.1,5.3,,4.8,,84.0,3.2,6.8,149.0,140.0,1017.2,18.0,0.0,,90.0
2023-07-02 00:00:00,5.5,5.7,,5.2,,82.0,1.6,4.0,149.0,154.0,1018.0,6.0,0.0,,90.0
2023-07-02 01:00:00,5.9,6.0,,5.5,,83.0,0.5,1.4,76.0,158.0,1018.5,2.0,0.0,,90.0
2023-07-02 02:00:00,5.8,5.9,,5.5,,89.0,1.6,2.7,293.0,283.0,1019.1,0.0,0.4,,90.0
2023-07-02 03:00:00,6.2,6.4,,5.8,,89.0,1.7,2.8,265.0,271.0,1019.3,0.0,0.2,,90.0
2023-07-02 04:00:00,6.3,6.5,,6.1,,91.0,1.0,2.9,290.0,274.0,1019.7,1.0,0.4,,90.0
2023-07-02 05:00:00,6.6,7.1,,6.0,,87.0,2.3,4.9,264.0,292.0,1019.5,3.0,0.9,,90.0
2023-07-02 06:00:00,5.9,7.1,12.1,4.9,4.3,90.0,2.3,4.2,177.0,164.0,1020.2,51.0,0.1,2.3,90.0
2023-07-02 07:00:00,6.9,7.2,,6.3,,85.0,1.0,2.5,31.0,81.0,1020.5,139.0,0.0,,10.0
2023-07-02 08:00:00,7.1,7.6,,6.6,,85.0,0.5,1.4,36.0,23.0,1020.7,156.0,0.0,,40.0
2023-07-02 09:00:00,6.4,6.9,,5.6,,88.0,1.8,3.7,164.0,138.0,1020.8,139.0,0.0,,90.0
2023-07-02 10:00:00,7.1,7.8,,6.4,,87.0,0.7,2.1,0.0,326.0,1020.7,191.0,0.0,,90.0
2023-07-02 11:00:00,6.8,8.2,,5.9,,84.0,2.8,4.8,150.0,133.0,1021.4,149.0,0.0,,90.0
2023-07-02 12:00:00,7.5,8.8,,6.3,,80.0,2.4,4.1,144.0,149.0,1021.5,327.0,0.0,,90.0
2023-07-02 13:00:00,7.4,9.0,,5.7,,80.0,3.1,6.1,142.0,136.0,1022.5,287.0,0.0,,90.0
2023-07-02 14:00:00,7.1,8.1,,5.8,,83.0,1.6,4.3,165.0,147.0,1022.4,230.0,0.0,,90.0
2023-07-02 15:00:00,7.5,7.9,,7.1,,79.0,1.5,3.7,178.0,116.0,1022.7,240.0,0.0,,90.0
2023-07-02 16:00:00,7.6,8.2,,7.1,,80.0,1.3,2.7,7.0,16.0,1022.4,254.0,0.0,,90.0
2023-07-02 17:00:00,8.3,8.8,,7.8,,81.0,1.3,3.0,337.0,22.0,1021.8,209.0,0.0,,90.0
2023-07-02 18:00:00,8.9,9.6,9.6,8.1,5.6,79.0,1.9,5.0,147.0,85.0,1022.3,149.0,0.0,,90.0
2023-07-02 19:00:00,8.0,8.2,,7.8,,79.0,2.8,4.3,140.0,141.0,1023.0,183.0,0.0,,90.0
2023-07-02 20:00:00,7.6,8.0,,6.8,,78.0,3.0,5.2,129.0,134.0,1023.7,227.0,0.0,,90.0
2023-07-02 21:00:00,8.4,9.1,,7.8,,75.0,1.4,4.1,335.0,72.0,1023.7,275.0,0.0,,10.0
2023-07-02 22:00:00,9.0,9.8,,8.4,,73.0,1.0,2.0,19.0,337.0,1023.7,238.0,0.0,,0.0
2023-07-02 23:00:00,8.8,9.3,,8.0,,73.0,1.2,3.0,155.0,94.0,1023.9,133.0,0.0,,0.0
2023-07-03 00:00:00,7.9,8.2,,7.5,,75.0,2.2,3.3,161.0,161.0,1024.3,55.0,0.0,,10.0
2023-07-03 01:00:00,7.2,7.7,,6.8,,80.0,0.5,2.0,0.0,157.0,1024.7,20.0,0.0,,90.0
2023-07-03 02:00:00,6.8,7.2,,6.4,,85.0,0.7,2.4,328.0,143.0,1024.4,4.0,0.0,,100.0
2023-07-03 03:00:00,7.1,7.5,,6.4,,82.0,1.4,3.9,335.0,297.0,1023.7,2.0,0.0,,100.0
2023-07-03 04:00:00,8.8,9.4,,6.5,,72.0,1.8,4.5,250.0,308.0,1023.3,4.0,0.0,,90.0
2023-07-03 05:00:00,8.7,9.2,,8.2,,72.0,0.6,1.6,184.0,219.0,1023.0,10.0,0.0,,60.0
2023-07-03 06:00:00,8.7,9.2,9.8,8.1,6.4,73.0,0.5,3.1,239.0,198.0,1022.8,34.0,0.0,0.0,90.0
2023-07-03 07:00:00,9.8,10.8,,9.2,,69.0,1.1,3.6,270.0,243.0,1022.5,125.0,0.0,,10.0
2023-07-03 08:00:00,9.6,11.0,,8.5,,70.0,1.8,3.3,165.0,198.0,1022.5,146.0,0.0,,90.0
2023-07-03 09:00:00,10.9,11.7,,9.2,,63.0,1.2,2.7,157.0,113.0,1022.4,321.0,0.0,,10.0
2023-07-03 10:00:00,12.3,13.7,,10.8,,59.0,0.6,2.2,73.0,91.0,1022.1,435.0,0.0,,0.0
2023-07-03 11:00:00,14.0,14.8,,13.3,,49.0,0.9,2.7,81.0,74.0,1021.8,551.0,0.0,,0.0
2023-07-03 12:00:00,13.3,14.8,,12.1,,52.0,2.4,4.4,44.0,143.0,1021.9,651.0,0.0,,0.0
2023-07-03 13:00:00,14.1,15.2,,13.5,,51.0,1.1,2.9,36.0,349.0,1021.7,736.0,0.0,,0.0
2023-07-03 14:00:00,14.2,16.3,,13.0,,50.0,1.5,3.6,165.0,141.0,1021.6,792.0,0.0,,0.0
2023-07-03 15:00:00,15.5,16.6,,14.7,,46.0,1.4,3.2,158.0,102.0,1021.2,816.0,0.0,,0.0
2023-07-03 16:00:00,16.1,16.4,,15.5,,43.0,2.2,3.4,160.0,160.0,1020.6,809.0,0.0,,0.0
2023-07-03 17:00:00,16.1,16.4,,15.7,,41.0,2.5,3.4,163.0,165.0,1020.2,765.0,0.0,,0.0
2023-07-03 18:00:00,16.0,16.5,16.6,15.7,8.5,40.0,2.5,3.4,155.0,164.0,1019.9,691.0,0.0,,0.0
2023-07-03 19:00:00,15.5,16.1,,14.2,,41.0,3.3,4.5,159.0,161.0,1019.5,586.0,0.0,,0.0
2023-07-03 20:00:00,13.5,14.2,,13.0,,47.0,3.9,5.0,149.0,152.0,1019.2,485.0,0.0,,0.0
2023-07-03 21:00:00,13.3,14.8,,12.2,,50.0,1.3,3.8,325.0,206.0,1018.9,366.0,0.0,,0.0
2023-07-03 22:00:00,13.8,16.0,,11.2,,51.0,1.0,3.2,152.0,162.0,1018.6,248.0,0.0,,0.0
2023-07-03 23:00:00,12.7,13.4,,11.5,,56.0,0.4,2.0,186.0,166.0,1018.4,140.0,0.0,,0.0
2023-07-04 00:00:00,11.4,12.8,,9.9,,64.0,0.0,0.7,0.0,0.0,1018.0,51.0,0.0,,0.0
2023-07-04 01:00:00,9.7,10.3,,8.9,,71.0,0.3,1.3,303.0,172.0,1017.9,13.0,0.0,,0.0
2023-07-04 02:00:00,9.6,10.9,,8.7,,68.0,0.5,2.6,223.0,265.0,1017.6,5.0,0.0,,0.0
2023-07-04 03:00:00,9.3,11.1,,8.5,,68.0,0.5,2.9,153.0,266.0,1017.1,3.0,0.0,,0.0
2023-07-04 04:00:00,8.4,11.1,,7.3,,72.0,0.6,2.2,268.0,228.0,1016.9,4.0,0.0,,0.0
2023-07-04 05:00:00,7.1,7.6,,6.8,,76.0,0.3,1.4,0.0,238.0,1016.8,11.0,0.0,,0.0
2023-07-04 06:00:00,6.5,7.1,16.1,6.1,6.1,80.0,0.0,1.2,0.0,0.0,1016.5,36.0,0.0,0.0,10.0
2023-07-04 07:00:00,6.8,7.4,,6.2,,77.0,0.0,1.4,284.0,0.0,1016.4,107.0,0.0,,0.0
2023-07-04 08:00:00,7.5,8.3,,6.8,,75.0,0.3,1.5,0.0,291.0,1016.3,198.0,0.0,,0.0
2023-07-04 09:00:00,8.4,9.7,,7.4,,71.0,0.3,1.4,82.0,42.0,1016.4,311.0,0.0,,0.0
2023-07-04 10:00:00,9.5,10.3,,8.5,,67.0,0.5,2.9,139.0,54.0,1016.5,432.0,0.0,,0.0
2023-07-04 11:00:00,9.7,10.8,,8.4,,62.0,1.7,4.0,119.0,110.0,1016.7,552.0,0.0,,0.0
2023-07-04 12:00:00,9.5,11.9,,5.9,,55.0,3.8,7.0,145.0,138.0,1017.3,652.0,0.0,,0.0
2023-07-04 13:00:00,8.1,8.9,,7.5,,55.0,5.2,7.9,134.0,145.0,1017.7,741.0,0.0,,0.0
2023-07-04 14:00:00,9.1,10.5,,7.7,,54.0,2.3,6.1,28.0,80.0,1017.7,790.0,0.0,,0.0
2023-07-04 15:00:00,10.7,13.1,,9.3,,49.0,1.4,3.8,102.0,49.0,1017.4,813.0,0.0,,0.0
2023-07-04 16:00:00,13.6,14.3,,13.1,,37.0,2.5,5.3,138.0,133.0,1017.3,805.0,0.0,,0.0
2023-07-04 17:00:00,13.3,13.8,,12.4,,40.0,3.0,4.7,149.0,144.0,1017.4,755.0,0.0,,0.0
2023-07-04 18:00:00,11.5,12.8,14.3,10.3,5.9,45.0,4.1,6.0,146.0,146.0,1017.5,688.0,0.0,,0.0
2023-07-04 19:00:00,10.0,11.0,,9.3,,49.0,3.7,6.5,156.0,151.0,1017.7,599.0,0.0,,0.0
2023-07-04 20:00:00,9.1,10.3,,7.9,,52.0,4.0,6.1,145.0,158.0,1018.0,487.0,0.0,,0.0
2023-07-04 21:00:00,8.1,8.5,,7.6,,55.0,4.8,7.3,166.0,162.0,1018.3,367.0,0.0,,0.0
2023-07-04 22:00:00,8.5,9.2,,8.1,,52.0,4.0,6.6,168.0,159.0,1018.3,247.0,0.0,,0.0
2023-07-04 23:00:00,8.3,9.3,,6.8,,53.0,3.2,6.0,163.0,162.0,1018.7,136.0,0.0,,0.0
2023-07-05 00:00:00,6.8,7.3,,6.3,,60.0,2.5,5.0,128.0,149.0,1018.7,49.0,0.0,,0.0
2023-07-05 01:00:00,5.9,6.3,,5.5,,68.0,1.6,4.2,314.0,51.0,1018.7,14.0,0.0,,0.0
2023-07-05 02:00:00,5.3,5.6,,5.1,,72.0,0.5,2.7,0.0,327.0,1018.5,5.0,0.0,,0.0
2023-07-05 03:00:00,5.1,5.3,,5.0,,73.0,0.3,2.2,183.0,339.0,1018.4,2.0,0.0,,0.0
2023-07-05 04:00:00,5.0,5.5,,4.5,,76.0,0.6,2.6,0.0,150.0,1018.2,4.0,0.0,,0.0
2023-07-05 05:00:00,4.5,4.7,,4.4,,77.0,0.0,0.6,0.0,0.0,1018.2,10.0,0.0,,0.0
2023-07-05 06:00:00,4.9,5.3,11.0,4.5,4.4,76.0,0.0,0.7,139.0,0.0,1018.1,35.0,0.0,0.0,0.0
2023-07-05 07:00:00,6.0,6.4,,5.3,,75.0,0.3,1.0,96.0,125.0,1018.3,110.0,0.0,,0.0
2023-07-05 08:00:00,6.6,7.1,,6.1,,73.0,0.5,1.3,42.0,38.0,1018.2,210.0,0.0,,0.0
2023-07-05 09:00:00,7.8,8.6,,7.2,,65.0,0.5,1.5,9.0,28.0,1018.1,313.0,0.0,,0.0
2023-07-05 10:00:00,8.7,9.3,,8.3,,63.0,0.9,1.6,29.0,39.0,1017.7,439.0,0.0,,0.0
2023-07-05 11:00:00,9.9,11.0,,9.0,,56.0,1.1,2.8,147.0,61.0,1017.6,554.0,0.0,,0.0
2023-07-05 12:00:00,11.3,12.1,,10.5,,49.0,1.5,3.8,135.0,119.0,1017.2,652.0,0.0,,0.0
2023-07-05 13:00:00,11.6,12.5,,10.9,,48.0,2.7,4.1,142.0,141.0,1017.2,737.0,0.0,,0.0
2023-07-05 14:00:00,12.9,13.3,,12.3,,43.0,2.4,3.9,138.0,142.0,1016.9,785.0,0.0,,0.0
2023-07-05 15:00:00,13.2,13.7,,12.5,,43.0,2.7,4.5,151.0,141.0,1017.2,814.0,0.0,,0.0
2023-07-05 16:00:00,13.5,15.0,,12.7,,42.0,2.5,4.0,144.0,154.0,1017.1,807.0,0.0,,0.0
2023-07-05 17:00:00,11.0,12.8,,9.3,,51.0,3.8,5.4,176.0,156.0,1017.2,767.0,0.0,,0.0
2023-07-05 18:00:00,10.6,12.8,15.0,8.8,5.3,54.0,2.0,4.6,317.0,241.0,1017.3,689.0,0.0,,0.0
2023-07-05 19:00:00,12.0,13.1,,10.9,,49.0,1.0,2.3,81.0,3.0,1017.7,591.0,0.0,,0.0
2023-07-05 20:00:00,8.7,11.6,,7.1,,61.0,1.9,3.7,201.0,190.0,1018.1,477.0,0.0,,0.0
2023-07-05 21:00:00,10.2,12.1,,7.5,,56.0,1.1,4.1,172.0,218.0,1018.2,282.0,0.0,,0.0
2023-07-05 22:00:00,7.5,8.4,,6.5,,64.0,2.0,4.9,204.0,174.0,1018.8,109.0,0.0,,40.0
2023-07-05 23:00:00,7.6,8.7,,7.1,,62.0,2.1,3.7,135.0,157.0,1018.8,75.0,0.0,,90.0
2023-07-06 00:00:00,8.0,8.8,,7.7,,67.0,0.4,1.2,0.0,93.0,1018.9,32.0,0.0,,90.0
2023-07-06 01:00:00,6.9,8.4,,5.6,,69.0,1.4,3.2,190.0,158.0,1019.1,10.0,0.0,,90.0
2023-07-06 02:00:00,5.2,6.3,,4.9,,74.0,2.9,4.0,163.0,170.0,1019.1,2.0,0.0,,90.0
2023-07-06 03:00:00,5.6,5.8,,5.1,,74.0,1.0,3.9,257.0,189.0,1019.5,1.0,0.0,,90.0
2023-07-06 04:00:00,5.4,5.5,,5.2,,79.0,0.4,2.0,0.0,299.0,1019.2,2.0,0.0,,90.0
2023-07-06 05:00:00,5.2,5.5,,5.1,,80.0,0.3,1.0,0.0,276.0,1019.3,12.0,0.0,,90.0
2023-07-06 06:00:00,5.2,5.5,13.1,5.0,4.9,82.0,0.5,1.6,0.0,124.0,1019.6,33.0,0.0,0.0,60.0
2023-07-06 07:00:00,5.4,5.6,,5.2,,82.0,0.4,1.2,81.0,67.0,1020.2,71.0,0.0,,10.0
2023-07-06 08:00:00,5.9,6.6,,5.3,,76.0,1.0,2.2,353.0,346.0,1020.6,196.0,0.0,,60.0
2023-07-06 09:00:00,7.4,8.4,,6.5,,69.0,0.6,1.6,28.0,346.0,1020.5,271.0,0.0,,40.0
2023-07-06 10:00:00,7.6,8.9,,5.6,,67.0,1.2,3.0,166.0,123.0,1020.5,361.0,0.0,,90.0
2023-07-06 11:00:00,4.9,5.6,,4.5,,75.0,3.8,5.0,157.0,167.0,1020.5,439.0,0.0,,10.0
2023-07-06 12:00:00,6.0,7.0,,5.4,,70.0,3.3,4.7,149.0,154.0,1020.6,610.0,0.0,,60.0
2023-07-06 13:00:00,5.7,7.1,,3.5,,71.0,3.6,5.8,150.0,147.0,1021.0,531.0,0.0,,90.0
2023-07-06 14:00:00,4.5,5.3,,3.5,,78.0,2.5,4.6,180.0,165.0,1020.9,410.0,0.0,,40.0
2023-07-06 15:00:00,6.8,8.1,,5.4,,71.0,1.4,3.3,158.0,160.0,1020.9,709.0,0.0,,0.0
2023-07-06 16:00:00,6.6,7.4,,5.9,,70.0,2.8,4.5,161.0,158.0,1020.6,641.0,0.0,,10.0
2023-07-06 17:00:00,6.3,7.0,,5.6,,69.0,3.4,5.1,153.0,155.0,1020.6,740.0,0.0,,0.0
2023-07-06 18:00:00,6.6,7.2,8.9,5.8,3.5,68.0,2.9,4.7,163.0,155.0,1021.0,672.0,0.0,,0.0
2023-07-06 19:00:00,7.8,8.1,,7.2,,64.0,2.4,4.2,150.0,154.0,1020.8,485.0,0.0,,0.0
2023-07-06 20:00:00,7.9,8.4,,7.6,,66.0,2.8,4.6,132.0,147.0,1021.1,442.0,0.0,,0.0
2023-07-06 21:00:00,7.6,8.0,,7.0,,70.0,2.7,4.6,153.0,132.0,1021.0,285.0,0.0,,0.0
2023-07-06 22:00:00,6.5,7.4,,5.2,,74.0,2.4,4.7,160.0,149.0,1021.3,173.0,0.0,,10.0
2023-07-06 23:00:00,5.5,6.1,,4.9,,81.0,1.8,2.9,146.0,155.0,1021.3,80.0,0.0,,10.0
2023-07-07 00:00:00,5.6,6.1,,5.2,,81.0,1.6,2.9,159.0,152.0,1021.4,41.0,0.0,,10.0
2023-07-07 01:00:00,4.9,5.6,,4.4,,86.0,1.8,3.1,191.0,168.0,1021.2,12.0,0.0,,60.0
2023-07-07 02:00:00,5.1,5.3,,4.9,,88.0,0.0,1.3,0.0,0.0,1021.0,2.0,0.0,,90.0
2023-07-07 03:00:00,5.1,5.2,,5.0,,89.0,0.0,0.5,0.0,0.0,1021.0,1.0,0.0,,90.0
2023-07-07 04:00:00,5.1,5.2,,5.0,,89.0,0.0,0.7,0.0,0.0,1020.9,2.0,0.0,,90.0
2023-07-07 05:00:00,5.1,5.2,,5.0,,87.0,0.0,0.4,0.0,0.0,1020.8,6.0,0.0,,90.0
2023-07-07 06:00:00,5.5,5.6,8.4,5.3,4.4,85.0,0.0,0.5,308.0,0.0,1021.0,20.0,0.0,0.0,90.0
2023-07-07 07:00:00,5.8,6.8,,5.5,,85.0,0.0,0.8,0.0,0.0,1021.0,38.0,0.0,,90.0
2023-07-07 08:00:00,6.1,6.8,,5.7,,83.0,0.0,1.0,7.0,0.0,1021.1,101.0,0.0,,90.0
2023-07-07 09:00:00,7.1,7.8,,6.3,,77.0,0.4,1.5,51.0,17.0,1021.3,273.0,0.0,,0.0
2023-07-07 10:00:00,7.5,8.1,,6.8,,75.0,0.7,2.2,29.0,15.0,1021.5,375.0,0.0,,10.0
2023-07-07 11:00:00,8.0,8.8,,6.0,,71.0,1.4,3.6,160.0,80.0,1021.7,503.0,0.0,,90.0
2023-07-07 12:00:00,7.8,8.9,,6.4,,71.0,1.4,3.2,168.0,160.0,1021.7,436.0,0.0,,90.0
2023-07-07 13:00:00,9.0,9.6,,7.9,,66.0,0.9,2.3,38.0,94.0,1021.6,598.0,0.0,,40.0
2023-07-07 14:00:00,8.7,9.6,,8.1,,65.0,1.6,2.7,177.0,156.0,1021.6,689.0,0.0,,60.0
2023-07-07 15:00:00,9.7,10.5,,8.9,,62.0,1.5,2.8,335.0,331.0,1021.3,741.0,0.0,,40.0
2023-07-07 16:00:00,10.6,11.5,,9.5,,57.0,1.4,2.8,34.0,9.0,1021.0,748.0,0.0,,10.0
2023-07-07 17:00:00,7.7,10.4,,6.3,,69.0,2.6,4.5,200.0,165.0,1020.9,579.0,0.0,,10.0
2023-07-07 18:00:00,6.9,7.9,11.5,5.8,5.5,72.0,2.7,4.9,328.0,224.0,1021.0,539.0,0.0,,0.0
2023-07-07 19:00:00,7.6,8.7,,6.4,,70.0,1.9,4.9,40.0,353.0,1020.8,380.0,0.0,,0.0
2023-07-07 20:00:00,8.1,8.4,,7.5,,68.0,1.1,2.2,16.0,8.0,1020.7,275.0,0.0,,10.0
2023-07-07 21:00:00,6.3,7.5,,5.6,,75.0,2.0,4.4,171.0,150.0,1020.6,151.0,0.0,,10.0
2023-07-07 22:00:00,5.7,6.6,,4.6,,78.0,1.6,3.3,178.0,181.0,1020.4,150.0,0.0,,0.0
2023-07-07 23:00:00,4.8,5.5,,3.6,,83.0,2.0,4.1,171.0,177.0,1020.3,91.0,0.0,,0.0
2023-07-08 00:00:00,3.3,3.7,,2.9,,89.0,2.4,4.2,190.0,175.0,1020.3,41.0,0.0,,0.0
2023-07-08 01:00:00,4.2,4.5,,3.6,,86.0,0.6,2.2,169.0,162.0,1019.9,11.0,0.0,,0.0
2023-07-08 02:00:00,3.3,3.6,,3.0,,90.0,1.4,2.8,163.0,168.0,1019.5,2.0,0.0,,0.0
2023-07-08 03:00:00,3.2,3.5,,2.9,,91.0,1.1,2.7,160.0,167.0,1019.4,1.0,0.0,,0.0
2023-07-08 04:00:00,3.4,3.8,,3.0,,90.0,0.6,2.1,0.0,163.0,1019.0,1.0,0.0,,40.0
2023-07-08 05:00:00,3.5,3.8,,3.3,,90.0,0.6,1.8,208.0,186.0,1018.7,7.0,0.0,,0.0
2023-07-08 06:00:00,3.8,4.2,8.7,3.6,2.9,90.0,0.0,1.2,342.0,0.0,1018.3,28.0,0.0,0.0,10.0
2023-07-08 07:00:00,4.2,4.8,,3.9,,88.0,0.5,1.9,0.0,43.0,1018.2,84.0,0.0,,0.0
2023-07-08 08:00:00,4.8,5.1,,4.6,,84.0,0.8,2.7,140.0,58.0,1018.1,162.0,0.0,,0.0
2023-07-08 09:00:00,4.3,5.2,,3.7,,82.0,2.1,4.0,159.0,158.0,1018.6,226.0,0.0,,0.0
2023-07-08 10:00:00,4.7,5.6,,4.2,,80.0,1.5,3.4,253.0,180.0,1018.5,374.0,0.0,,10.0
2023-07-08 11:00:00,5.8,6.9,,5.2,,76.0,1.5,4.1,157.0,104.0,1018.6,388.0,0.0,,0.0
2023-07-08 12:00:00,6.5,7.9,,5.3,,73.0,2.4,4.6,144.0,153.0,1018.6,612.0,0.0,,0.0
2023-07-08 13:00:00,7.2,8.2,,6.5,,70.0,2.2,3.8,176.0,161.0,1018.7,625.0,0.0,,10.0
2023-07-08 14:00:00,8.7,9.3,,8.2,,63.0,1.5,3.7,176.0,63.0,1018.2,699.0,0.0,,0.0
2023-07-08 15:00:00,8.7,10.1,,7.7,,64.0,2.4,4.9,136.0,154.0,1018.0,664.0,0.0,,0.0
2023-07-08 16:00:00,9.6,10.7,,8.7,,62.0,1.9,3.8,22.0,337.0,1017.6,774.0,0.0,,0.0
2023-07-08 17:00:00,11.0,12.1,,10.3,,58.0,1.1,2.2,88.0,45.0,1016.9,732.0,0.0,,0.0
2023-07-08 18:00:00,8.8,13.0,13.0,6.4,3.7,66.0,2.4,4.8,187.0,157.0,1017.1,662.0,0.0,,0.0
2023-07-08 19:00:00,8.3,9.9,,5.8,,68.0,2.0,3.9,167.0,258.0,1017.5,565.0,0.3,,0.0
2023-07-08 20:00:00,5.6,7.2,,4.9,,79.0,2.5,4.2,303.0,193.0,1017.7,465.0,0.0,,0.0
2023-07-08 21:00:00,6.2,7.2,,5.8,,77.0,1.5,3.6,17.0,358.0,1017.6,346.0,0.0,,0.0
2023-07-08 22:00:00,5.8,6.9,,4.0,,79.0,1.4,3.6,185.0,127.0,1017.7,213.0,0.0,,0.0
2023-07-08 23:00:00,5.1,6.2,,4.0,,82.0,1.3,3.2,328.0,213.0,1018.0,126.0,0.0,,0.0
2023-07-09 00:00:00,5.4,6.1,,4.8,,82.0,0.7,2.4,176.0,201.0,1017.8,41.0,0.0,,0.0
2023-07-09 01:00:00,4.9,5.2,,4.5,,84.0,0.5,1.3,10.0,325.0,1017.8,15.0,0.0,,0.0
2023-07-09 02:00:00,4.6,4.8,,4.5,,86.0,0.0,0.8,353.0,0.0,1017.5,4.0,0.0,,0.0
2023-07-09 03:00:00,4.2,4.9,,3.6,,88.0,1.9,4.6,163.0,107.0,1017.3,1.0,0.0,,0.0
2023-07-09 04:00:00,4.0,4.4,,3.6,,87.0,1.0,4.3,264.0,219.0,1017.6,5.0,0.0,,0.0
2023-07-09 05:00:00,3.9,4.3,,3.5,,89.0,0.3,1.1,53.0,355.0,1017.8,12.0,0.0,,10.0
2023-07-09 06:00:00,3.5,4.4,9.9,2.6,2.6,91.0,1.0,4.5,352.0,242.0,1017.9,34.0,0.0,0.3,90.0
2023-07-09 07:00:00,4.1,4.9,,3.3,,88.0,0.6,2.7,0.0,125.0,1018.1,52.0,0.0,,10.0
2023-07-09 08:00:00,5.0,6.0,,4.2,,84.0,0.4,1.6,47.0,314.0,1018.3,163.0,0.0,,0.0
2023-07-09 09:00:00,7.9,9.1,,5.9,,75.0,0.4,1.5,34.0,32.0,1018.4,297.0,0.0,,0.0
2023-07-09 10:00:00,9.8,11.1,,8.1,,69.0,0.4,1.4,155.0,84.0,1018.7,415.0,0.0,,0.0
2023-07-09 11:00:00,9.3,11.2,,8.3,,67.0,1.1,2.9,158.0,154.0,1018.9,532.0,0.0,,0.0
2023-07-09 12:00:00,7.6,9.1,,6.8,,70.0,3.9,5.9,151.0,157.0,1019.5,632.0,0.0,,0.0
2023-07-09 13:00:00,8.3,9.3,,7.2,,68.0,2.7,4.9,158.0,152.0,1019.9,718.0,0.0,,0.0
2023-07-09 14:00:00,10.0,11.2,,8.5,,63.0,1.4,2.7,149.0,158.0,1019.9,768.0,0.0,,0.0
2023-07-09 15:00:00,11.8,13.1,,10.9,,57.0,1.2,3.1,131.0,103.0,1019.7,792.0,0.0,,0.0
2023-07-09 16:00:00,12.6,13.5,,11.5,,54.0,2.6,4.0,157.0,156.0,1019.7,785.0,0.0,,0.0
2023-07-09 17:00:00,13.6,14.5,,12.8,,51.0,2.0,3.3,81.0,137.0,1019.5,740.0,0.0,,0.0
2023-07-09 18:00:00,12.5,14.3,14.5,11.1,3.3,55.0,2.2,4.0,157.0,155.0,1019.5,672.0,0.0,,0.0
2023-07-09 19:00:00,10.8,11.5,,10.0,,60.0,2.7,4.2,152.0,155.0,1019.7,579.0,0.0,,0.0
2023-07-09 20:00:00,9.8,11.0,,8.6,,64.0,1.8,3.5,179.0,164.0,1020.0,463.0,0.0,,0.0
2023-07-09 21:00:00,9.4,10.4,,8.1,,67.0,1.5,3.4,317.0,232.0,1020.0,336.0,0.0,,0.0
2023-07-09 22:00:00,10.0,10.5,,8.8,,65.0,0.9,2.3,209.0,277.0,1019.9,213.0,0.0,,0.0
2023-07-09 23:00:00,9.4,10.0,,8.1,,67.0,0.6,2.0,202.0,297.0,1020.0,91.0,0.0,,0.0
2023-07-10 00:00:00,6.8,8.2,,5.7,,79.0,1.2,4.0,329.0,212.0,1020.4,28.0,0.0,,0.0
2023-07-10 01:00:00,7.1,7.7,,6.7,,79.0,0.0,1.0,321.0,0.0,1020.4,11.0,0.0,,0.0
2023-07-10 02:00:00,6.6,6.8,,6.4,,83.0,0.0,0.5,0.0,0.0,1020.4,4.0,0.0,,10.0
2023-07-10 03:00:00,6.4,6.9,,5.9,,85.0,0.0,0.7,0.0,0.0,1020.0,3.0,0.0,,90.0
2023-07-10 04:00:00,6.7,7.2,,6.1,,85.0,0.0,1.4,265.0,0.0,1019.7,5.0,0.0,,60.0
2023-07-10 05:00:00,6.7,7.8,,5.8,,86.0,0.0,1.1,0.0,0.0,1019.8,16.0,0.0,,40.0
2023-07-10 06:00:00,6.7,7.6,11.5,6.1,5.7,82.0,1.3,3.5,152.0,167.0,1020.2,37.0,0.0,0.0,40.0
2023-07-10 07:00:00,6.4,7.2,,5.9,,82.0,0.5,2.6,34.0,126.0,1020.7,85.0,0.0,,40.0
2023-07-10 08:00:00,6.8,7.3,,6.3,,84.0,0.3,1.2,28.0,51.0,1021.2,127.0,0.0,,10.0
2023-07-10 09:00:00,7.7,8.3,,7.1,,81.0,0.5,1.2,30.0,31.0,1021.7,225.0,0.0,,90.0
2023-07-10 10:00:00,7.9,8.5,,7.2,,76.0,2.3,4.1,169.0,160.0,1022.1,275.0,0.0,,40.0
2023-07-10 11:00:00,7.7,8.4,,7.1,,76.0,2.6,4.7,157.0,155.0,1022.5,406.0,0.0,,0.0
2023-07-10 12:00:00,9.5,10.2,,8.5,,70.0,1.3,2.8,158.0,141.0,1022.7,603.0,0.0,,0.0
2023-07-10 13:00:00,9.1,10.5,,7.2,,67.0,2.8,4.9,164.0,157.0,1023.1,698.0,0.0,,0.0
2023-07-10 14:00:00,8.9,10.0,,7.8,,65.0,2.2,4.3,162.0,175.0,1023.5,759.0,0.0,,0.0
2023-07-10 15:00:00,9.5,10.3,,9.1,,62.0,2.2,4.0,189.0,173.0,1023.4,787.0,0.0,,0.0
2023-07-10 16:00:00,11.4,12.4,,10.2,,57.0,1.2,3.0,163.0,208.0,1023.3,778.0,0.0,,0.0
2023-07-10 17:00:00,12.6,13.3,,11.6,,53.0,1.2,2.7,345.0,162.0,1023.3,729.0,0.0,,0.0
2023-07-10 18:00:00,12.9,13.4,13.4,12.5,5.9,52.0,1.2,2.7,284.0,310.0,1023.2,666.0,0.0,,0.0
2023-07-10 19:00:00,12.6,13.3,,12.2,,54.0,1.3,2.5,326.0,337.0,1023.2,541.0,0.0,,0.0
2023-07-10 20:00:00,12.3,13.1,,11.4,,52.0,1.2,2.4,207.0,280.0,1023.3,349.0,0.0,,10.0
2023-07-10 21:00:00,11.6,12.3,,11.0,,53.0,2.4,4.2,321.0,320.0,1023.0,278.0,0.0,,0.0
2023-07-10 22:00:00,11.1,12.1,,9.0,,55.0,1.2,2.9,155.0,35.0,1023.1,180.0,0.0,,10.0
2023-07-10 23:00:00,9.4,10.8,,6.8,,63.0,1.2,3.0,185.0,201.0,1023.0,118.0,0.0,,10.0
