ts,101,112,113,122,123,201,301,305,365,371,401,550,601,609,801
2025-03-23 15:00:00,,,,,,,,,,,,432.0,0.0,,
2025-03-23 16:00:00,,,,,,,,,,,,385.0,0.0,,
2025-03-23 17:00:00,,,,,,,,,,,,292.0,0.0,,
2025-03-23 18:00:00,,,,,,,,,,,,242.0,0.0,,
2025-03-23 19:00:00,,,,,,,,,,,,106.0,0.0,,
2025-03-23 20:00:00,,,,,,,,,,,,53.0,0.0,,
2025-03-23 21:00:00,,,,,,,,,,,,11.0,0.0,,
2025-03-23 22:00:00,,,,,,,,,,,,0.0,0.0,,
2025-03-23 23:00:00,,,,,,,,,,,,0.0,0.0,,
2025-03-24 00:00:00,,,,,,,,,,,,0.0,0.0,,
2025-03-24 01:00:00,,,,,,,,,,,,0.0,0.0,,
2025-03-24 02:00:00,,,,,,,,,,,,0.0,0.0,,
2025-03-24 03:00:00,,,,,,,,,,,,0.0,0.0,,
2025-03-24 04:00:00,,,,,,,,,,,,0.0,0.0,,
2025-03-24 05:00:00,,,,,,,,,,,,0.0,0.0,,
2025-03-24 06:00:00,,,,,,,,,,,,0.0,0.0,,
2025-03-24 07:00:00,,,,,,,,,,,,0.0,0.0,,
2025-03-24 08:00:00,,,,,,,,,,,,0.0,0.0,,
2025-03-24 09:00:00,,,,,,,,,,,,6.0,0.1,,
2025-03-24 10:00:00,,,,,,,,,,,,35.0,0.0,,
2025-03-24 11:00:00,,,,,,,,,,,,83.0,0.0,,
2025-03-24 12:00:00,,,,,,,,,,,,172.0,0.0,,
2025-03-24 13:00:00,,,,,,,,,,,,184.0,0.0,,
2025-03-24 14:00:00,,,,,,,,,,,,231.0,0.0,,
2025-03-24 15:00:00,-3.8,-3.4,,-4.3,,81.0,2.2,5.1,16.0,66.0,1005.9,246.0,0.0,,100.0
2025-03-24 16:00:00,-3.9,-2.9,,-4.6,,82.0,2.1,5.1,160.0,150.0,1005.8,223.0,0.0,,100.0
2025-03-24 17:00:00,-4.4,-3.7,,-5.1,,83.0,2.4,5.4,65.0,151.0,1005.7,206.0,0.0,,100.0
2025-03-24 18:00:00,-3.7,-3.3,-2.9,-3.9,-5.7,82.0,0.7,2.7,14.0,29.0,1006.0,208.0,0.0,0.0,100.0
2025-03-24 19:00:00,-4.1,-3.9,,-4.5,,83.0,1.4,2.6,264.0,316.0,1006.1,137.0,0.0,,100.0
2025-03-24 20:00:00,-4.4,-4.0,,-4.7,,85.0,1.7,3.8,250.0,257.0,1006.3,63.0,0.0,,100.0
2025-03-24 21:00:00,-4.4,-3.9,,-4.8,,81.0,2.3,3.8,265.0,265.0,1006.3,19.0,0.0,,100.0
2025-03-24 22:00:00,-4.1,-3.3,,-4.7,,71.0,2.2,5.5,165.0,198.0,1006.2,1.0,0.0,,100.0
2025-03-24 23:00:00,-4.3,-4.1,,-4.6,,70.0,4.3,7.4,159.0,164.0,1006.6,0.0,0.0,,100.0
2025-03-25 00:00:00,-5.2,-4.6,-2.9,-6.0,-6.0,71.0,2.5,5.9,167.0,156.0,1006.8,0.0,0.0,0.0,100.0
2025-03-25 01:00:00,-5.9,-5.7,,-6.5,,67.0,1.8,3.1,249.0,211.0,1006.5,0.0,0.0,,100.0
2025-03-25 02:00:00,-6.3,-5.6,,-7.0,,71.0,1.0,2.4,178.0,226.0,1006.3,0.0,0.0,,100.0
2025-03-25 03:00:00,-6.7,-6.1,,-7.7,,66.0,1.2,2.1,272.0,220.0,1006.0,0.0,0.0,,100.0
2025-03-25 04:00:00,-7.9,-7.1,,-8.8,,70.0,0.8,2.4,258.0,240.0,1005.7,0.0,0.0,,100.0
2025-03-25 05:00:00,-7.4,-6.5,,-8.3,,71.0,1.8,3.0,255.0,259.0,1005.1,0.0,0.0,,100.0
2025-03-25 06:00:00,-7.6,-7.1,-3.3,-8.1,-8.8,73.0,1.5,2.7,0.0,260.0,1004.9,0.0,0.0,0.0,100.0
2025-03-25 07:00:00,-7.9,-7.2,,-8.2,,76.0,0.4,2.0,253.0,257.0,1005.2,0.0,0.0,,100.0
2025-03-25 08:00:00,-8.4,-7.1,,-10.0,,76.0,1.1,3.0,269.0,265.0,1005.0,0.0,0.0,,40.0
2025-03-25 09:00:00,-9.0,-8.1,,-10.1,,75.0,1.6,3.2,261.0,262.0,1005.1,12.0,0.0,,
2025-03-25 10:00:00,-8.4,-8.0,,-9.1,,73.0,2.0,2.9,265.0,264.0,1005.2,75.0,0.0,,
2025-03-25 11:00:00,-8.3,-7.8,,-8.7,,72.0,2.2,3.4,258.0,265.0,1005.2,307.0,0.0,,
2025-03-25 12:00:00,-8.1,-7.4,-5.6,-8.9,-10.1,72.0,1.3,3.6,70.0,277.0,1005.3,374.0,0.0,0.0,
2025-03-25 13:00:00,-6.9,-5.8,,-7.8,,66.0,0.6,1.8,272.0,276.0,1005.4,402.0,0.0,,
2025-03-25 14:00:00,-6.2,-4.8,,-7.4,,66.0,0.7,1.6,311.0,287.0,1005.3,474.0,0.0,,100.0
2025-03-25 15:00:00,-5.9,-5.3,,-6.5,,68.0,1.6,3.7,275.0,271.0,1004.7,481.0,0.0,,90.0
2025-03-25 16:00:00,-4.9,-4.0,,-5.9,,69.0,1.0,3.8,0.0,157.0,1004.7,447.0,0.3,,25.0
2025-03-25 17:00:00,-4.8,-3.2,,-6.0,,67.0,0.2,1.2,220.0,164.0,1004.2,403.0,0.0,,
2025-03-25 18:00:00,-5.8,-4.8,-3.2,-6.3,-10.1,69.0,0.8,2.4,284.0,253.0,1004.0,332.0,0.0,0.2,
2025-03-25 19:00:00,,,,,,,1.2,2.6,272.0,254.0,,155.0,0.0,,90.0
2025-03-25 20:00:00,-6.4,-6.1,,-6.7,,74.0,0.9,2.9,0.0,280.0,1004.5,85.0,0.0,,100.0
2025-03-25 21:00:00,-6.3,-6.1,,-6.6,,76.0,0.1,0.7,0.0,281.0,1004.5,19.0,0.0,,100.0
2025-03-25 22:00:00,-6.1,-5.7,,-6.8,,73.0,0.8,2.0,270.0,182.0,1004.4,1.0,0.0,,100.0
2025-03-25 23:00:00,-5.9,-5.3,,-6.4,,72.0,1.2,2.6,263.0,266.0,1004.1,0.0,0.0,,100.0
2025-03-26 00:00:00,-5.4,-5.1,-3.2,-5.9,-7.8,69.0,0.7,2.0,244.0,200.0,1004.0,0.0,0.0,0.2,100.0
2025-03-26 01:00:00,-5.7,-5.2,,-6.0,,72.0,1.0,2.6,244.0,268.0,1003.8,0.0,0.0,,100.0
2025-03-26 02:00:00,-5.6,-5.2,,-6.0,,74.0,2.0,3.8,195.0,166.0,1003.4,0.0,0.0,,100.0
2025-03-26 03:00:00,-5.6,-5.3,,-6.0,,72.0,1.4,2.7,170.0,239.0,1003.1,0.0,0.0,,100.0
2025-03-26 04:00:00,-5.3,-5.0,,-5.7,,72.0,1.6,2.5,173.0,159.0,1002.8,0.0,0.0,,100.0
2025-03-26 05:00:00,-5.3,-4.9,,-5.8,,72.0,1.2,2.3,266.0,243.0,1002.6,0.0,0.0,,100.0
2025-03-26 06:00:00,-5.5,-5.3,-4.9,-5.7,-7.8,75.0,1.4,3.0,247.0,257.0,1002.3,0.0,0.0,0.2,100.0
2025-03-26 07:00:00,-5.8,-5.3,,-5.8,,80.0,1.8,2.9,154.0,160.0,1002.3,0.0,0.0,,100.0
2025-03-26 08:00:00,-6.1,-5.7,,-6.4,,85.0,1.6,2.8,123.0,144.0,1002.3,0.0,0.0,,100.0
2025-03-26 09:00:00,-6.3,-6.1,,-6.6,,87.0,1.5,2.4,189.0,162.0,1002.5,12.0,0.0,,100.0
2025-03-26 10:00:00,-6.1,-5.7,,-6.5,,88.0,0.5,1.5,253.0,267.0,1002.6,67.0,0.1,,100.0
2025-03-26 11:00:00,-5.7,-5.1,,-5.9,,86.0,0.3,1.3,166.0,244.0,1002.7,132.0,0.0,,100.0
2025-03-26 12:00:00,-5.3,-4.0,-4.0,-6.0,-6.6,85.0,0.9,3.3,166.0,159.0,1002.7,195.0,0.2,0.5,100.0
2025-03-26 13:00:00,-5.5,-5.0,,-6.0,,86.0,1.1,2.7,317.0,255.0,1002.6,291.0,0.0,,100.0
2025-03-26 14:00:00,-4.8,-4.3,,-5.0,,84.0,0.7,1.7,41.0,349.0,1002.4,343.0,0.0,,100.0
2025-03-26 15:00:00,-4.4,-3.6,,-5.1,,81.0,0.6,2.3,142.0,137.0,1002.2,332.0,0.0,,100.0
2025-03-26 16:00:00,-5.1,-4.7,,-5.3,,85.0,1.6,2.4,166.0,146.0,1002.2,313.0,0.0,,100.0
2025-03-26 17:00:00,-4.9,-4.5,,-5.2,,84.0,1.5,2.5,167.0,158.0,1002.3,287.0,0.0,,100.0
2025-03-26 18:00:00,-5.0,-4.6,-3.6,-5.3,-6.6,85.0,0.6,2.7,254.0,175.0,1002.5,153.0,0.0,0.3,100.0
2025-03-26 19:00:00,-5.8,-5.2,,-7.0,,86.0,1.6,4.9,152.0,152.0,1002.9,74.0,0.2,,100.0
2025-03-26 20:00:00,-7.1,-7.0,,-7.2,,84.0,2.4,4.1,173.0,153.0,1003.4,59.0,0.0,,100.0
2025-03-26 21:00:00,-7.0,-6.8,,-7.3,,86.0,1.3,2.4,157.0,164.0,1004.1,36.0,0.0,,100.0
2025-03-26 22:00:00,-6.5,-6.4,,-6.8,,89.0,1.1,2.6,147.0,161.0,1004.4,1.0,0.1,,100.0
2025-03-26 23:00:00,-7.0,-6.5,,-7.2,,90.0,0.8,2.0,258.0,264.0,1004.6,0.0,0.2,,100.0
2025-03-27 00:00:00,-7.1,-7.0,-3.6,-7.2,-7.3,91.0,0.2,1.0,289.0,297.0,1004.7,0.0,0.0,0.7,100.0
2025-03-27 01:00:00,-6.6,-6.2,,-7.1,,85.0,2.6,5.2,247.0,251.0,1004.4,0.0,0.0,,100.0
2025-03-27 02:00:00,-6.1,-5.7,,-6.7,,74.0,3.3,5.6,257.0,250.0,1004.4,0.0,0.0,,100.0
2025-03-27 03:00:00,-7.2,-6.8,,-7.5,,85.0,1.0,2.7,345.0,12.0,1004.2,0.0,0.0,,100.0
2025-03-27 04:00:00,-7.3,-7.0,,-7.5,,85.0,1.6,4.8,5.0,12.0,1004.0,0.0,0.0,,100.0
2025-03-27 05:00:00,-7.2,-6.4,,-7.5,,83.0,1.4,4.5,358.0,343.0,1003.8,0.0,0.0,,100.0
2025-03-27 06:00:00,-6.8,-6.6,-5.2,-6.9,-7.5,78.0,0.8,2.4,347.0,36.0,1004.3,0.0,0.0,0.7,100.0
2025-03-27 07:00:00,-7.6,-6.2,,-8.8,,80.0,2.2,3.7,151.0,158.0,1005.0,0.0,0.0,,100.0
2025-03-27 08:00:00,-8.6,-7.4,,-9.3,,82.0,2.5,4.5,255.0,250.0,1005.0,0.0,0.0,,100.0
2025-03-27 09:00:00,-8.3,-8.0,,-8.7,,80.0,1.9,3.8,292.0,271.0,1005.1,19.0,0.0,,100.0
2025-03-27 10:00:00,-7.6,-7.2,,-8.1,,81.0,1.0,2.6,90.0,345.0,1005.5,61.0,0.0,,100.0
2025-03-27 11:00:00,-7.1,-7.0,,-7.4,,80.0,2.0,4.3,162.0,161.0,1005.7,130.0,0.0,,100.0
2025-03-27 12:00:00,-6.8,-6.1,-5.7,-7.1,-9.3,79.0,1.1,3.7,338.0,148.0,1006.0,194.0,0.0,0.4,100.0
2025-03-27 13:00:00,-6.4,-6.0,,-6.6,,77.0,0.8,1.8,3.0,359.0,1006.1,257.0,0.0,,100.0
2025-03-27 14:00:00,-5.6,-5.3,,-6.1,,75.0,0.2,0.9,0.0,329.0,1006.3,309.0,0.0,,100.0
2025-03-27 15:00:00,-5.8,-5.3,,-6.1,,77.0,1.0,2.0,153.0,173.0,1006.3,320.0,0.0,,100.0
2025-03-27 16:00:00,-5.7,-4.9,,-6.1,,77.0,1.1,2.6,231.0,154.0,1006.4,318.0,0.0,,100.0
2025-03-27 17:00:00,-5.1,-4.3,,-5.8,,73.0,0.7,3.0,143.0,151.0,1006.7,287.0,0.0,,100.0
2025-03-27 18:00:00,-5.9,-5.7,-4.3,-6.0,-9.3,72.0,1.9,4.6,167.0,173.0,1006.8,213.0,0.0,0.4,100.0
2025-03-27 19:00:00,,,,,,,,5.3,,,1007.2,135.0,,,100.0
2025-03-27 20:00:00,-6.8,-6.6,,-7.0,,69.0,2.7,4.6,151.0,166.0,1007.6,79.0,0.0,,100.0
2025-03-27 21:00:00,-7.3,-7.0,,-7.4,,67.0,2.7,4.8,162.0,172.0,1007.8,32.0,0.0,,100.0
2025-03-27 22:00:00,-7.4,-7.1,,-7.5,,65.0,1.4,2.8,162.0,156.0,1007.9,2.0,0.0,,100.0
2025-03-27 23:00:00,-7.4,-7.3,,-7.8,,62.0,0.7,1.4,176.0,161.0,1008.2,0.0,0.0,,100.0
2025-03-28 00:00:00,-7.5,-7.2,-4.3,-8.0,-8.0,61.0,0.7,1.9,158.0,177.0,1008.4,0.0,0.0,0.0,100.0
2025-03-28 01:00:00,-7.4,-7.2,,-8.0,,59.0,0.7,1.9,207.0,184.0,1008.5,0.0,0.0,,100.0
2025-03-28 02:00:00,-7.8,-7.5,,-8.0,,62.0,0.7,2.1,275.0,270.0,1008.6,0.0,0.0,,100.0
2025-03-28 03:00:00,-8.1,-7.9,,-8.4,,66.0,0.3,1.7,0.0,279.0,1008.5,0.0,0.0,,100.0
2025-03-28 04:00:00,-7.9,-7.6,,-8.2,,68.0,0.1,1.4,0.0,287.0,1008.3,0.0,0.0,,100.0
2025-03-28 05:00:00,-8.0,-7.9,,-8.3,,65.0,0.8,2.0,262.0,253.0,1008.0,0.0,0.0,,100.0
2025-03-28 06:00:00,-8.4,-7.9,-6.0,-9.1,-9.1,62.0,2.0,2.8,240.0,250.0,1008.2,0.0,0.0,0.0,100.0
2025-03-28 07:00:00,-9.4,-8.6,,-10.2,,64.0,0.6,2.5,193.0,186.0,1008.5,0.0,0.0,,100.0
2025-03-28 08:00:00,-9.5,-9.0,,-10.4,,70.0,0.7,1.6,214.0,207.0,1008.7,1.0,0.0,,100.0
2025-03-28 09:00:00,-9.1,-8.6,,-9.4,,67.0,0.2,1.4,123.0,239.0,1008.7,18.0,0.0,,100.0
2025-03-28 10:00:00,-8.7,-8.4,,-9.2,,64.0,0.2,1.3,190.0,175.0,1008.8,63.0,0.0,,100.0
2025-03-28 11:00:00,-8.1,-7.8,,-8.5,,61.0,0.5,1.9,325.0,333.0,1008.7,161.0,0.0,,100.0
2025-03-28 12:00:00,-7.5,-7.1,-7.1,-7.9,-10.4,59.0,2.2,5.3,8.0,360.0,1008.4,376.0,0.0,0.0,40.0
2025-03-28 13:00:00,-7.3,-7.1,,-7.5,,57.0,2.6,6.1,343.0,2.0,1008.3,416.0,0.0,,
2025-03-28 14:00:00,-7.4,-6.6,,-8.3,,55.0,1.2,4.7,256.0,295.0,1008.0,387.0,0.0,,90.0
2025-03-28 15:00:00,-7.1,-6.3,,-7.6,,54.0,1.8,3.6,312.0,264.0,1007.5,526.0,0.0,,
2025-03-28 16:00:00,-6.7,-5.7,,-7.6,,51.0,1.6,3.6,307.0,285.0,,488.0,0.0,,
2025-03-28 17:00:00,-5.4,-4.8,,-6.4,,44.0,2.2,5.2,347.0,342.0,1006.4,395.0,0.0,,100.0
2025-03-28 18:00:00,-5.2,-4.7,-4.7,-5.7,-10.4,47.0,2.6,6.6,12.0,354.0,1005.8,261.0,0.0,0.0,90.0
2025-03-28 19:00:00,,,,,,,,,,,1005.3,177.0,,,100.0
2025-03-28 20:00:00,-4.9,-4.7,,-5.2,,51.0,2.0,4.0,3.0,350.0,1005.0,74.0,0.0,,100.0
2025-03-28 21:00:00,-5.2,-4.8,,-5.7,,55.0,1.9,5.1,19.0,7.0,1005.0,27.0,0.0,,100.0
2025-03-28 22:00:00,-5.6,-5.1,,-6.1,,57.0,3.9,7.0,360.0,10.0,1004.9,1.0,0.0,,100.0
2025-03-28 23:00:00,-5.6,-5.3,,-5.8,,58.0,1.3,5.0,146.0,186.0,1005.3,0.0,0.0,,100.0
2025-03-29 00:00:00,-5.6,-5.2,-4.6,-5.8,-8.3,61.0,1.5,3.6,154.0,157.0,1005.4,0.0,0.0,0.0,100.0
2025-03-29 01:00:00,-5.4,-5.1,,-5.8,,65.0,0.6,2.5,26.0,168.0,1005.6,0.0,0.0,,100.0
2025-03-29 02:00:00,-6.2,-5.8,,-6.6,,81.0,1.0,2.7,203.0,237.0,1005.4,0.0,0.1,,100.0
2025-03-29 03:00:00,-6.8,-6.4,,-7.0,,87.0,1.2,2.5,157.0,153.0,1005.3,0.0,0.1,,100.0
2025-03-29 04:00:00,-7.1,-7.0,,-7.3,,90.0,1.1,2.4,166.0,179.0,1005.2,0.0,0.1,,100.0
2025-03-29 05:00:00,-7.0,-6.5,,-7.3,,86.0,2.2,4.2,162.0,243.0,1005.0,0.0,0.0,,100.0
2025-03-29 06:00:00,-7.1,-7.0,-4.6,-7.3,-7.3,90.0,3.4,5.8,160.0,163.0,1005.7,0.0,0.2,0.4,100.0
2025-03-29 07:00:00,-7.4,-7.2,,-7.7,,90.0,2.7,4.3,168.0,170.0,1006.5,0.0,0.6,,
2025-03-29 08:00:00,-7.5,-7.2,,-8.0,,91.0,2.1,3.8,164.0,158.0,1006.9,0.0,0.9,,100.0
2025-03-29 09:00:00,-7.8,-7.7,,-8.1,,89.0,2.3,4.1,140.0,151.0,1007.5,19.0,0.3,,100.0
2025-03-29 10:00:00,-8.1,-7.9,,-8.2,,87.0,3.2,6.0,93.0,111.0,1008.1,58.0,0.3,,100.0
2025-03-29 11:00:00,-7.9,-7.7,,-8.1,,87.0,2.0,4.5,71.0,86.0,1008.3,70.0,0.2,,100.0
2025-03-29 12:00:00,-7.4,-6.5,-5.1,-7.8,-8.2,87.0,0.3,1.2,16.0,99.0,1008.8,113.0,0.5,3.1,
2025-03-29 13:00:00,-7.1,-6.9,,-7.3,,86.0,1.2,2.6,322.0,321.0,1009.1,217.0,0.7,,
2025-03-29 14:00:00,-6.8,-6.5,,-7.1,,84.0,1.2,2.6,164.0,229.0,1009.5,255.0,0.7,,
2025-03-29 15:00:00,-6.6,-6.0,,-6.9,,84.0,1.2,2.0,173.0,159.0,1009.4,284.0,0.5,,100.0
2025-03-29 16:00:00,-6.1,-5.2,,-6.6,,83.0,0.6,1.8,311.0,201.0,1009.3,320.0,0.1,,100.0
2025-03-29 17:00:00,-5.9,-5.0,,-6.5,,82.0,0.5,1.6,167.0,142.0,1009.2,259.0,0.4,,100.0
2025-03-29 18:00:00,-6.4,-5.1,-5.0,-6.8,-8.2,85.0,0.5,1.9,210.0,154.0,1009.1,157.0,0.9,6.4,
2025-03-29 19:00:00,,,,,,,,,,,1009.2,125.0,,,
2025-03-29 20:00:00,-6.6,-6.5,,-6.8,,90.0,0.7,1.2,147.0,155.0,1009.3,71.0,0.9,,100.0
2025-03-29 21:00:00,-6.9,-6.7,,-7.0,,90.0,0.6,1.9,108.0,135.0,1009.2,19.0,0.5,,100.0
2025-03-29 22:00:00,-7.1,-7.0,,-7.2,,92.0,0.7,1.8,142.0,141.0,1009.1,2.0,0.2,,100.0
2025-03-29 23:00:00,-7.1,-6.9,,-7.3,,89.0,0.9,3.8,15.0,14.0,1008.5,0.0,0.1,,100.0
2025-03-30 00:00:00,-7.4,-7.0,-5.0,-7.5,-7.5,90.0,2.7,5.7,3.0,17.0,1008.2,0.0,1.2,11.1,
2025-03-30 01:00:00,-7.4,-7.4,,-7.5,,92.0,2.1,3.9,358.0,3.0,1007.6,0.0,0.8,,100.0
2025-03-30 02:00:00,-7.5,-7.4,,-7.6,,92.0,2.6,6.0,25.0,20.0,,0.0,0.3,,100.0
2025-03-30 03:00:00,-7.2,-7.0,,-7.4,,93.0,1.2,3.7,249.0,271.0,1006.4,0.0,0.4,,
2025-03-30 04:00:00,-6.6,-6.5,,-7.0,,94.0,0.5,2.3,0.0,279.0,1005.7,0.0,2.2,,
2025-03-30 05:00:00,-6.4,-6.4,,-6.5,,94.0,0.7,2.1,178.0,148.0,1005.3,0.0,2.9,,
2025-03-30 06:00:00,-6.5,-6.4,-6.4,-6.6,-7.6,94.0,1.2,4.4,348.0,256.0,1005.0,0.0,0.8,18.1,100.0
2025-03-30 07:00:00,-6.5,-6.3,,-6.8,,93.0,1.8,4.8,144.0,69.0,1005.0,0.0,0.2,,100.0
2025-03-30 08:00:00,-6.8,-6.4,,-6.9,,93.0,1.1,5.9,33.0,162.0,1004.5,1.0,0.1,,100.0
2025-03-30 09:00:00,-6.0,-5.4,,-6.4,,93.0,4.8,12.0,63.0,56.0,1004.0,21.0,0.3,,100.0
2025-03-30 10:00:00,-5.0,-4.3,,-5.4,,88.0,3.7,11.2,81.0,80.0,1003.3,62.0,0.0,,100.0
2025-03-30 11:00:00,-4.0,-3.7,,-4.3,,76.0,4.0,10.5,96.0,70.0,1002.5,87.0,0.0,,100.0
2025-03-30 12:00:00,-4.3,-3.9,-3.7,-4.7,-7.6,85.0,2.7,7.2,292.0,339.0,1001.2,109.0,0.6,16.6,
2025-03-30 13:00:00,-4.2,-3.8,,-4.5,,89.0,2.7,10.7,335.0,306.0,1000.3,155.0,0.9,,
2025-03-30 14:00:00,-3.2,-2.6,,-3.7,,81.0,3.8,11.9,6.0,4.0,999.5,223.0,0.4,,100.0
2025-03-30 15:00:00,-2.4,-2.1,,-2.5,,74.0,4.4,12.9,6.0,15.0,998.8,266.0,0.0,,100.0
2025-03-30 16:00:00,-1.7,-1.0,,-2.1,,69.0,4.1,9.5,355.0,3.0,997.8,308.0,0.0,,100.0
2025-03-30 17:00:00,-0.8,-0.4,,-1.3,,57.0,3.1,8.6,12.0,1.0,997.4,282.0,0.0,,100.0
2025-03-30 18:00:00,-0.4,-0.1,-0.1,-0.7,-6.9,49.0,3.7,11.1,13.0,356.0,996.9,292.0,0.0,14.5,60.0
2025-03-30 19:00:00,,,,,,,,4.8,,,996.7,182.0,,,90.0
2025-03-30 20:00:00,-3.8,-2.1,,-5.5,,60.0,3.4,8.1,156.0,169.0,996.9,90.0,0.0,,
2025-03-30 21:00:00,-6.6,-5.6,,-7.0,,62.0,5.3,10.3,152.0,161.0,997.9,29.0,0.0,,75.0
2025-03-30 22:00:00,-7.4,-6.9,,-7.8,,60.0,3.9,6.5,172.0,167.0,998.2,3.0,0.0,,100.0
2025-03-30 23:00:00,-7.7,-7.4,,-8.6,,60.0,1.6,4.9,171.0,159.0,998.4,0.0,0.0,,100.0
2025-03-31 00:00:00,-8.2,-7.9,-0.1,-8.6,-8.6,64.0,1.2,3.8,251.0,258.0,998.2,0.0,0.0,9.8,100.0
2025-03-31 01:00:00,-8.5,-8.1,,-8.9,,65.0,2.6,3.7,265.0,258.0,998.4,0.0,0.0,,100.0
2025-03-31 02:00:00,-8.5,-8.1,,-9.2,,66.0,2.0,3.9,278.0,269.0,998.7,0.0,0.0,,100.0
2025-03-31 03:00:00,-8.4,-7.9,,-9.0,,66.0,1.7,4.3,311.0,273.0,997.9,0.0,0.0,,100.0
2025-03-31 04:00:00,-9.6,-8.9,,-11.0,,72.0,0.8,3.0,345.0,358.0,997.7,0.0,0.0,,
2025-03-31 05:00:00,-9.9,-8.6,,-10.5,,69.0,1.2,3.2,273.0,270.0,997.3,0.0,0.0,,
2025-03-31 06:00:00,-9.4,-8.5,-0.4,-10.6,-11.0,65.0,1.2,3.0,262.0,258.0,998.2,0.0,0.0,2.4,100.0
2025-03-31 07:00:00,,,,,,,0.9,3.2,340.0,291.0,,0.0,0.0,,90.0
2025-03-31 08:00:00,-10.1,-9.5,,-10.4,,69.0,0.5,2.2,338.0,346.0,998.8,2.0,0.0,,100.0
2025-03-31 09:00:00,-8.4,-7.8,,-9.5,,61.0,0.7,2.2,248.0,168.0,999.0,34.0,0.0,,100.0
2025-03-31 10:00:00,-7.2,-6.2,,-8.6,,59.0,1.0,2.7,154.0,204.0,999.2,97.0,0.0,,100.0
2025-03-31 11:00:00,-5.7,-5.2,,-6.4,,56.0,0.6,2.1,191.0,151.0,999.3,180.0,0.0,,100.0
2025-03-31 12:00:00,-5.4,-4.7,-4.7,-6.3,-11.0,56.0,0.9,3.0,266.0,272.0,999.6,226.0,0.0,1.3,100.0
2025-03-31 13:00:00,-4.9,-3.9,,-5.5,,57.0,,,,,,,,,
2025-03-31 14:00:00,-4.4,-3.5,,-5.0,,55.0,0.9,3.1,270.0,291.0,999.8,387.0,0.0,,100.0
2025-03-31 15:00:00,-4.0,-2.5,,-4.9,,56.0,1.2,3.2,226.0,264.0,999.6,421.0,0.0,,100.0
2025-03-31 16:00:00,-3.6,-2.6,,-4.1,,56.0,0.9,2.2,312.0,355.0,999.5,383.0,0.0,,100.0
2025-03-31 17:00:00,-4.3,-3.8,,-4.7,,59.0,1.5,2.6,268.0,267.0,999.2,273.0,0.0,,100.0
2025-03-31 18:00:00,-4.0,-3.7,-2.5,-4.4,-10.4,61.0,1.5,4.2,165.0,163.0,999.4,241.0,0.0,0.0,100.0
2025-03-31 19:00:00,,,,,,,,,,,999.4,164.0,,,100.0
2025-03-31 20:00:00,-4.5,-4.1,,-5.0,,73.0,0.2,1.4,0.0,47.0,1000.0,76.0,0.0,,100.0
2025-03-31 21:00:00,-5.1,-4.7,,-5.5,,78.0,2.0,3.8,252.0,256.0,,31.0,0.0,,100.0
2025-03-31 22:00:00,-5.2,-5.0,,-5.5,,83.0,0.6,2.2,0.0,199.0,1000.6,3.0,0.0,,100.0
2025-03-31 23:00:00,-5.8,-5.6,,-6.0,,89.0,1.7,2.6,253.0,257.0,1000.5,0.0,0.0,,100.0
2025-04-01 00:00:00,-5.9,-5.7,-2.5,-6.1,-6.1,89.0,1.8,3.0,318.0,273.0,1000.5,0.0,0.1,0.1,100.0
2025-04-01 01:00:00,-6.1,-5.9,,-6.3,,91.0,0.9,2.9,36.0,8.0,1000.7,0.0,0.0,,100.0
2025-04-01 02:00:00,-5.5,-4.8,,-6.0,,85.0,0.6,2.5,43.0,301.0,1000.9,0.0,0.0,,100.0
2025-04-01 03:00:00,-4.6,-3.9,,-5.2,,79.0,1.0,4.8,64.0,267.0,1001.5,0.0,0.0,,100.0
2025-04-01 04:00:00,-4.9,-4.5,,-5.2,,87.0,1.0,2.0,159.0,145.0,1002.1,0.0,0.2,,100.0
2025-04-01 05:00:00,-5.4,-5.2,,-5.6,,92.0,0.8,2.1,336.0,242.0,1002.5,0.0,0.2,,100.0
2025-04-01 06:00:00,-5.6,-5.4,-3.9,-5.7,-6.3,94.0,0.3,1.3,184.0,344.0,1003.3,0.0,0.0,0.4,100.0
2025-04-01 07:00:00,-5.4,-5.3,,-5.6,,93.0,0.6,1.4,306.0,296.0,1004.0,0.0,0.1,,100.0
2025-04-01 08:00:00,-5.2,-4.9,,-5.6,,92.0,0.6,1.5,293.0,295.0,1004.7,2.0,0.1,,100.0
2025-04-01 09:00:00,-5.0,-4.9,,-5.1,,92.0,0.3,1.2,315.0,348.0,1005.5,32.0,0.1,,100.0
2025-04-01 10:00:00,-4.9,-4.6,,-5.1,,89.0,0.9,2.0,163.0,167.0,1006.4,75.0,0.0,,100.0
2025-04-01 11:00:00,-4.6,-4.4,,-4.9,,91.0,1.6,3.5,139.0,130.0,1007.3,101.0,0.3,,100.0
2025-04-01 12:00:00,-4.9,-4.9,-3.9,-5.0,-6.3,91.0,2.6,4.4,140.0,141.0,1008.0,166.0,0.2,1.2,100.0
2025-04-01 13:00:00,-4.9,-4.7,,-5.0,,88.0,2.4,4.0,152.0,152.0,1008.7,245.0,0.1,,100.0
2025-04-01 14:00:00,-4.6,-4.4,,-4.8,,85.0,2.4,4.3,161.0,154.0,1009.5,353.0,0.0,,100.0
2025-04-01 15:00:00,-4.5,-4.1,,-4.7,,82.0,2.7,4.3,159.0,158.0,1009.9,406.0,0.0,,100.0
2025-04-01 16:00:00,-4.3,-4.0,,-4.6,,81.0,2.5,3.8,156.0,154.0,1010.2,410.0,0.0,,100.0
2025-04-01 17:00:00,-4.5,-4.3,,-4.6,,81.0,2.2,3.8,163.0,160.0,1010.6,329.0,0.0,,100.0
2025-04-01 18:00:00,-4.5,-4.3,-4.0,-4.8,-5.6,83.0,2.1,3.2,145.0,157.0,1011.1,254.0,0.0,1.2,100.0
2025-04-01 19:00:00,,,,,,,2.5,3.9,151.0,144.0,1011.8,138.0,,,100.0
2025-04-01 20:00:00,-5.0,-5.0,,-5.1,,87.0,2.2,3.7,166.0,161.0,1012.5,80.0,0.0,,100.0
2025-04-01 21:00:00,-5.0,-4.9,,-5.0,,87.0,1.0,2.7,160.0,171.0,1013.1,37.0,0.0,,100.0
2025-04-01 22:00:00,-5.0,-5.0,,-5.1,,88.0,0.8,1.2,147.0,156.0,1013.7,4.0,0.0,,100.0
2025-04-01 23:00:00,-5.3,-5.1,,-5.4,,91.0,1.7,2.9,163.0,162.0,1014.1,0.0,0.1,,100.0
2025-04-02 00:00:00,-5.5,-5.4,-4.0,-5.7,-5.7,91.0,1.4,2.2,163.0,159.0,1014.2,0.0,0.0,1.2,100.0
2025-04-02 01:00:00,-5.8,-5.6,,-6.3,,91.0,1.6,2.7,176.0,166.0,1014.3,0.0,0.1,,100.0
2025-04-02 02:00:00,-5.9,-5.7,,-6.3,,91.0,1.1,2.1,260.0,186.0,1014.4,0.0,0.1,,100.0
2025-04-02 03:00:00,-5.9,-5.7,,-6.1,,92.0,1.7,2.7,280.0,272.0,1014.1,0.0,0.2,,100.0
2025-04-02 04:00:00,-5.7,-5.6,,-5.9,,91.0,0.9,2.1,132.0,190.0,1014.4,0.0,0.0,,100.0
2025-04-02 05:00:00,-5.5,-5.4,,-5.8,,90.0,0.8,1.9,277.0,160.0,1014.5,0.0,0.0,,100.0
2025-04-02 06:00:00,-5.5,-5.1,-4.7,-5.8,-6.3,87.0,1.6,2.7,211.0,247.0,1014.7,0.0,0.0,1.1,100.0
2025-04-02 07:00:00,-5.4,-5.2,,-5.6,,87.0,0.7,2.1,262.0,253.0,1015.1,0.0,0.0,,100.0
2025-04-02 08:00:00,-5.8,-5.4,,-6.2,,85.0,1.1,2.6,275.0,270.0,1015.2,4.0,0.0,,100.0
2025-04-02 09:00:00,-5.3,-5.0,,-6.0,,81.0,1.9,3.2,279.0,271.0,1015.3,60.0,0.0,,100.0
2025-04-02 10:00:00,-5.4,-4.9,,-5.9,,78.0,1.0,2.9,266.0,274.0,1015.4,158.0,0.0,,25.0
2025-04-02 11:00:00,-4.6,-3.9,,-5.5,,72.0,1.0,2.8,278.0,275.0,1015.8,417.0,0.0,,60.0
2025-04-02 12:00:00,-3.9,-2.5,-2.5,-4.8,-6.3,64.0,0.4,2.7,341.0,335.0,1016.0,461.0,0.0,0.3,25.0
2025-04-02 13:00:00,-3.0,-2.1,,-3.9,,59.0,0.6,2.5,11.0,23.0,1016.3,543.0,0.0,,90.0
2025-04-02 14:00:00,-3.0,-1.0,,-4.2,,60.0,1.4,3.3,262.0,292.0,1016.1,573.0,0.0,,10.0
2025-04-02 15:00:00,-2.7,-1.6,,-3.6,,65.0,0.8,2.9,274.0,251.0,1016.3,515.0,0.0,,
2025-04-02 16:00:00,-2.3,-1.3,,-3.3,,64.0,1.2,3.1,255.0,259.0,1016.5,336.0,0.0,,100.0
2025-04-02 17:00:00,-2.0,-1.8,,-2.3,,62.0,1.3,3.1,325.0,142.0,1016.8,217.0,0.3,,100.0
2025-04-02 18:00:00,-2.4,-2.0,-1.0,-2.9,-6.2,65.0,1.7,3.3,258.0,270.0,1017.2,133.0,0.0,0.5,100.0
2025-04-02 19:00:00,,,,,,,,,,,1017.6,146.0,,,100.0
2025-04-02 20:00:00,-1.9,-1.7,,-2.0,,67.0,0.6,2.0,0.0,6.0,1018.0,77.0,0.0,,100.0
2025-04-02 21:00:00,-2.0,-1.6,,-2.6,,74.0,0.9,2.6,283.0,257.0,1018.8,28.0,0.2,,100.0
2025-04-02 22:00:00,-2.6,-2.0,,-3.1,,90.0,1.3,3.3,253.0,285.0,1019.6,3.0,0.4,,
2025-04-02 23:00:00,-2.7,-2.5,,-3.0,,95.0,0.4,1.7,314.0,48.0,1020.4,0.0,1.4,,100.0
2025-04-03 00:00:00,-3.0,-3.0,-1.0,-3.1,-4.2,95.0,1.0,2.2,0.0,284.0,1020.8,0.0,0.1,2.5,100.0
2025-04-03 01:00:00,-3.1,-3.1,,-3.3,,95.0,0.4,1.4,266.0,271.0,1021.0,0.0,0.0,,100.0
2025-04-03 02:00:00,-2.5,-1.9,,-3.1,,91.0,1.3,2.4,269.0,258.0,1021.4,0.0,0.0,,100.0
2025-04-03 03:00:00,-2.0,-1.6,,-2.3,,87.0,0.5,1.9,259.0,261.0,1021.7,0.0,0.0,,100.0
2025-04-03 04:00:00,-1.8,-1.6,,-2.2,,87.0,1.6,3.4,256.0,261.0,1021.6,0.0,0.1,,100.0
2025-04-03 05:00:00,-1.7,-1.2,,-2.1,,86.0,1.9,3.7,293.0,266.0,1021.7,0.0,0.0,,100.0
2025-04-03 06:00:00,-1.1,-0.7,-0.7,-1.6,-3.2,80.0,1.4,4.5,5.0,311.0,1021.7,0.0,0.0,2.3,100.0
2025-04-03 07:00:00,-0.8,-0.6,,-1.0,,77.0,2.6,5.5,36.0,20.0,1021.8,0.0,0.0,,100.0
2025-04-03 08:00:00,-0.4,-0.1,,-0.7,,74.0,3.1,6.1,7.0,16.0,1022.0,2.0,0.0,,100.0
2025-04-03 09:00:00,0.0,0.4,,-0.4,,72.0,4.0,7.8,4.0,13.0,1022.2,20.0,0.0,,100.0
2025-04-03 10:00:00,-0.1,0.1,,-0.4,,74.0,4.1,7.5,359.0,4.0,1022.3,49.0,0.0,,100.0
2025-04-03 11:00:00,-0.1,0.2,,-0.5,,77.0,3.5,7.6,5.0,4.0,1022.4,105.0,0.0,,100.0
2025-04-03 12:00:00,0.2,0.7,0.7,-0.2,-3.2,77.0,3.7,7.3,5.0,6.0,1021.7,154.0,0.0,2.3,100.0
2025-04-03 13:00:00,0.6,1.0,,0.2,,77.0,3.7,7.8,7.0,6.0,1021.2,218.0,0.0,,100.0
2025-04-03 14:00:00,0.7,1.0,,0.4,,82.0,3.4,9.0,3.0,7.0,1021.5,218.0,0.2,,100.0
2025-04-03 15:00:00,0.8,1.8,,0.2,,87.0,2.4,6.3,5.0,349.0,1020.5,220.0,0.4,,100.0
2025-04-03 16:00:00,1.9,2.2,,1.5,,78.0,1.8,5.8,24.0,13.0,1020.0,176.0,0.0,,100.0
2025-04-03 17:00:00,1.8,2.1,,1.6,,80.0,3.8,9.4,54.0,39.0,1020.0,139.0,0.4,,100.0
2025-04-03 18:00:00,1.7,1.8,2.2,1.6,-1.0,82.0,3.8,8.8,70.0,60.0,1020.0,99.0,0.4,3.4,100.0
2025-04-03 19:00:00,,,,,,,,,,,1019.9,72.0,,,100.0
2025-04-03 20:00:00,2.0,2.2,,1.7,,78.0,4.2,9.6,56.0,65.0,1019.6,45.0,0.1,,100.0
2025-04-03 21:00:00,1.8,1.9,,1.6,,81.0,4.9,12.1,73.0,66.0,1019.9,21.0,0.2,,100.0
2025-04-03 22:00:00,1.9,2.0,,1.7,,81.0,4.2,10.8,72.0,68.0,1019.6,2.0,0.2,,100.0
2025-04-03 23:00:00,1.9,2.2,,1.6,,82.0,4.1,9.7,67.0,63.0,1019.1,0.0,0.4,,100.0
2025-04-04 00:00:00,2.1,2.4,2.4,1.9,0.2,81.0,3.4,8.0,69.0,61.0,1019.3,0.0,0.3,3.2,100.0
2025-04-04 01:00:00,2.4,2.7,,2.2,,82.0,2.3,6.6,61.0,64.0,1018.9,0.0,0.7,,100.0
2025-04-04 02:00:00,2.6,2.9,,2.5,,81.0,3.7,9.5,70.0,63.0,1018.7,0.0,0.9,,100.0
2025-04-04 03:00:00,3.0,3.5,,2.6,,80.0,3.8,11.5,86.0,84.0,1018.7,0.0,0.4,,100.0
2025-04-04 04:00:00,3.0,3.3,,2.7,,79.0,7.2,14.3,86.0,86.0,1018.5,0.0,1.0,,100.0
2025-04-04 05:00:00,2.7,3.0,,2.6,,80.0,6.4,13.6,81.0,85.0,1018.7,0.0,1.0,,100.0
2025-04-04 06:00:00,2.7,2.9,3.5,2.5,1.5,81.0,3.3,10.8,91.0,85.0,1018.9,0.0,0.6,7.7,100.0
2025-04-04 07:00:00,3.0,3.5,,2.8,,80.0,2.8,8.2,63.0,73.0,1019.1,0.0,0.5,,100.0
2025-04-04 08:00:00,3.5,3.7,,3.3,,77.0,5.6,14.5,84.0,82.0,1019.6,1.0,0.1,,100.0
2025-04-04 09:00:00,3.3,3.5,,3.1,,79.0,6.6,13.0,83.0,84.0,1020.0,20.0,1.0,,100.0
2025-04-04 10:00:00,3.4,3.6,,3.2,,80.0,8.4,14.3,86.0,86.0,1020.6,51.0,0.8,,100.0
2025-04-04 11:00:00,3.3,3.6,,3.1,,83.0,8.1,13.6,86.0,85.0,1020.7,122.0,0.0,,100.0
2025-04-04 12:00:00,4.2,4.6,4.6,3.6,2.2,78.0,7.5,13.3,88.0,87.0,1020.8,240.0,0.0,10.0,100.0
2025-04-04 13:00:00,4.5,4.7,,3.8,,79.0,6.4,12.4,112.0,97.0,1021.1,226.0,0.0,,100.0
2025-04-04 14:00:00,3.0,4.0,,2.4,,89.0,5.0,8.5,134.0,141.0,1021.2,189.0,1.1,,100.0
2025-04-04 15:00:00,4.5,4.9,,3.6,,82.0,6.1,11.1,115.0,98.0,1020.8,163.0,0.0,,100.0
2025-04-04 16:00:00,4.5,5.1,,4.1,,81.0,4.0,9.5,146.0,130.0,1020.8,109.0,0.0,,100.0
2025-04-04 17:00:00,4.5,5.1,,4.0,,82.0,2.8,6.4,117.0,133.0,1020.3,125.0,0.2,,100.0
2025-04-04 18:00:00,4.4,4.8,5.1,4.0,2.4,84.0,1.9,5.7,223.0,125.0,1019.8,80.0,0.5,10.3,100.0
2025-04-04 19:00:00,4.2,4.5,,3.5,,,2.4,6.7,139.0,145.0,1019.6,46.0,,,100.0
2025-04-04 20:00:00,4.0,4.4,,3.5,,88.0,2.1,5.4,174.0,148.0,1019.4,28.0,1.0,,100.0
2025-04-04 21:00:00,4.0,4.5,,3.6,,88.0,2.1,5.8,134.0,147.0,1019.3,6.0,1.2,,100.0
2025-04-04 22:00:00,4.4,5.0,,3.8,,83.0,3.6,10.9,88.0,99.0,1019.5,1.0,0.1,,100.0
2025-04-04 23:00:00,4.6,4.9,,4.3,,81.0,7.2,13.5,86.0,86.0,1019.7,0.0,0.0,,100.0
2025-04-05 00:00:00,4.1,4.4,5.1,3.8,2.4,86.0,4.5,11.3,91.0,86.0,1019.7,0.0,0.0,11.8,100.0
2025-04-05 01:00:00,4.1,4.3,,4.0,,88.0,3.9,7.8,86.0,86.0,1019.3,0.0,0.1,,100.0
2025-04-05 02:00:00,4.5,4.6,,4.3,,86.0,5.4,9.4,84.0,85.0,1019.0,0.0,0.0,,100.0
2025-04-05 03:00:00,4.6,4.8,,4.4,,86.0,6.7,11.2,92.0,86.0,1018.6,0.0,0.0,,100.0
2025-04-05 04:00:00,4.7,5.0,,4.4,,83.0,5.4,12.3,87.0,88.0,1018.1,0.0,0.0,,100.0
2025-04-05 05:00:00,4.5,5.0,,4.0,,85.0,5.6,10.6,92.0,92.0,1017.8,0.0,0.0,,100.0
2025-04-05 06:00:00,3.9,4.2,5.0,3.6,3.5,88.0,5.7,10.7,85.0,89.0,1017.3,0.0,1.3,8.6,100.0
2025-04-05 07:00:00,4.6,5.0,,4.1,,79.0,4.1,9.4,96.0,91.0,1016.8,0.0,0.1,,100.0
2025-04-05 08:00:00,4.7,5.0,,4.4,,78.0,5.0,9.5,95.0,94.0,1017.0,0.0,0.0,,100.0
2025-04-05 09:00:00,4.4,4.7,,4.1,,80.0,4.4,8.9,105.0,106.0,1016.9,13.0,0.1,,100.0
2025-04-05 10:00:00,4.4,4.7,,4.0,,79.0,3.5,7.3,99.0,102.0,1017.0,41.0,0.2,,100.0
2025-04-05 11:00:00,4.8,5.0,,4.3,,76.0,2.7,6.7,93.0,86.0,1016.9,82.0,0.1,,100.0
2025-04-05 12:00:00,4.9,5.2,5.2,4.7,3.6,74.0,2.6,6.5,71.0,76.0,1016.8,117.0,0.0,6.8,100.0
2025-04-05 13:00:00,4.9,5.0,,4.7,,75.0,2.7,6.6,81.0,76.0,1016.7,159.0,0.0,,100.0
2025-04-05 14:00:00,5.0,5.3,,4.9,,75.0,2.1,5.6,94.0,85.0,1016.6,197.0,0.1,,100.0
2025-04-05 15:00:00,5.1,5.2,,4.9,,74.0,3.0,8.0,95.0,90.0,1016.2,140.0,0.0,,100.0
2025-04-05 16:00:00,5.1,5.3,,4.9,,74.0,3.6,6.9,91.0,89.0,1016.1,116.0,0.1,,100.0
2025-04-05 17:00:00,5.0,5.2,,4.8,,76.0,4.0,7.9,100.0,97.0,1015.9,81.0,0.1,,100.0
2025-04-05 18:00:00,5.1,5.2,5.3,4.8,4.0,75.0,3.4,8.7,99.0,92.0,1015.8,57.0,0.0,5.3,100.0
2025-04-05 19:00:00,4.5,5.0,,4.0,,79.0,2.5,5.8,145.0,101.0,,33.0,0.8,,
2025-04-05 20:00:00,4.5,4.8,,4.0,,80.0,4.5,9.5,90.0,96.0,1016.0,19.0,0.6,,100.0
2025-04-05 21:00:00,4.4,4.6,,4.2,,80.0,3.3,10.0,78.0,85.0,1016.0,6.0,0.4,,100.0
2025-04-05 22:00:00,4.6,5.1,,4.3,,79.0,3.1,10.8,79.0,82.0,1016.4,1.0,0.0,,100.0
2025-04-05 23:00:00,4.9,5.1,,4.6,,78.0,5.3,10.4,97.0,93.0,1016.9,0.0,0.0,,100.0
2025-04-06 00:00:00,5.0,5.2,5.3,4.7,4.0,77.0,5.1,10.8,101.0,94.0,1017.1,0.0,0.0,3.8,100.0
2025-04-06 01:00:00,4.6,4.9,,4.3,,79.0,3.4,8.9,122.0,108.0,1017.1,0.0,0.0,,100.0
2025-04-06 02:00:00,4.1,4.5,,3.6,,83.0,3.2,6.1,136.0,130.0,1017.2,0.0,0.0,,100.0
2025-04-06 03:00:00,3.3,3.9,,3.0,,89.0,3.0,7.3,159.0,132.0,1017.3,0.0,0.4,,100.0
2025-04-06 04:00:00,3.5,4.0,,3.2,,85.0,3.3,6.8,137.0,147.0,1017.3,0.0,0.4,,100.0
2025-04-06 05:00:00,3.4,3.6,,3.2,,85.0,3.0,6.0,169.0,149.0,1017.3,0.0,0.2,,100.0
2025-04-06 06:00:00,3.2,3.6,5.2,2.9,2.9,86.0,2.5,4.7,168.0,156.0,1017.6,0.0,0.0,3.5,100.0
2025-04-06 07:00:00,3.1,3.4,,2.9,,88.0,2.8,4.6,150.0,151.0,1017.8,0.0,0.9,,100.0
2025-04-06 08:00:00,2.9,3.1,,2.8,,91.0,1.9,4.2,176.0,137.0,1017.4,0.0,0.2,,100.0
2025-04-06 09:00:00,3.3,3.9,,2.8,,87.0,3.4,8.5,94.0,115.0,1017.2,6.0,0.8,,100.0
2025-04-06 10:00:00,3.7,3.9,,3.4,,84.0,5.1,10.4,89.0,92.0,1017.3,23.0,1.7,,100.0
2025-04-06 11:00:00,3.5,3.7,,3.2,,,5.1,10.2,98.0,93.0,1017.3,47.0,,,100.0
2025-04-06 12:00:00,3.4,3.5,4.9,3.2,2.8,88.0,4.5,9.2,101.0,106.0,1017.0,36.0,3.4,12.2,100.0
2025-04-06 13:00:00,3.5,3.7,,3.2,,89.0,6.0,11.4,90.0,90.0,1016.9,40.0,2.1,,100.0
2025-04-06 14:00:00,3.6,3.8,,3.4,,88.0,5.1,11.0,104.0,98.0,1016.8,58.0,2.5,,100.0
2025-04-06 15:00:00,3.5,3.8,,3.3,,89.0,4.8,9.4,108.0,108.0,1016.4,56.0,4.4,,100.0
2025-04-06 16:00:00,3.7,4.2,,3.3,,88.0,5.4,10.7,91.0,91.0,1015.6,54.0,3.1,,100.0
2025-04-06 17:00:00,3.9,4.3,,3.5,,86.0,4.2,10.1,136.0,120.0,1015.4,37.0,1.9,,100.0
2025-04-06 18:00:00,3.7,4.1,4.3,3.5,2.8,87.0,3.8,8.3,110.0,125.0,1015.0,35.0,2.2,28.2,100.0
2025-04-06 19:00:00,,,,,,86.0,4.6,9.8,117.0,108.0,,30.0,1.1,,100.0
2025-04-06 20:00:00,3.7,4.1,,3.4,,89.0,3.3,8.0,141.0,134.0,1014.9,19.0,1.6,,100.0
2025-04-06 21:00:00,3.6,4.1,,3.4,,89.0,3.1,6.0,146.0,144.0,1014.9,6.0,0.9,,100.0
2025-04-06 22:00:00,3.8,4.0,,3.6,,89.0,2.7,5.1,141.0,141.0,1014.8,0.0,1.0,,100.0
2025-04-06 23:00:00,3.3,4.0,,1.8,,90.0,1.7,4.2,179.0,148.0,1014.8,0.0,0.9,,100.0
2025-04-07 00:00:00,2.4,2.8,4.4,1.9,1.8,96.0,0.1,1.1,0.0,85.0,1014.5,0.0,0.6,32.3,100.0
2025-04-07 01:00:00,2.5,3.1,,2.1,,94.0,0.5,1.9,265.0,268.0,1014.4,0.0,0.1,,100.0
2025-04-07 02:00:00,2.6,3.0,,2.3,,93.0,0.2,1.5,55.0,332.0,1014.2,0.0,0.1,,100.0
2025-04-07 03:00:00,2.7,3.1,,2.4,,92.0,0.5,1.6,174.0,190.0,1014.2,0.0,0.0,,100.0
2025-04-07 04:00:00,2.3,2.5,,1.9,,93.0,0.6,2.3,0.0,162.0,1014.1,0.0,0.0,,100.0
2025-04-07 05:00:00,,,,,,,1.8,3.4,256.0,253.0,1013.9,0.0,0.0,,100.0
2025-04-07 06:00:00,2.3,2.8,4.4,1.9,1.8,92.0,0.8,3.0,274.0,267.0,1014.0,0.0,0.0,31.4,100.0
2025-04-07 07:00:00,2.6,3.0,,2.3,,92.0,1.3,3.0,159.0,179.0,1014.2,0.0,0.0,,100.0
2025-04-07 08:00:00,2.2,3.0,,1.7,,93.0,1.1,2.8,300.0,157.0,1014.7,2.0,0.0,,100.0
2025-04-07 09:00:00,1.5,1.7,,1.1,,95.0,0.7,2.2,188.0,206.0,1015.3,27.0,0.0,,100.0
2025-04-07 10:00:00,1.5,1.7,,1.2,,94.0,0.1,1.2,258.0,264.0,1015.7,72.0,0.0,,100.0
2025-04-07 11:00:00,1.6,1.9,,1.3,,93.0,0.2,1.9,312.0,319.0,1016.1,126.0,0.0,,100.0
2025-04-07 12:00:00,2.0,2.8,3.1,1.4,1.1,91.0,0.9,2.5,197.0,270.0,1016.6,250.0,0.0,22.2,100.0
2025-04-07 13:00:00,2.5,3.1,,2.1,,88.0,0.5,2.1,270.0,283.0,1016.8,327.0,0.0,,100.0
2025-04-07 14:00:00,3.5,5.9,,2.5,,84.0,0.5,2.0,42.0,287.0,1016.9,428.0,0.0,,25.0
2025-04-07 15:00:00,3.8,5.2,,2.9,,82.0,1.0,3.3,147.0,164.0,1017.2,537.0,0.0,,
2025-04-07 16:00:00,3.1,4.1,,2.7,,86.0,1.4,3.3,227.0,156.0,1017.9,492.0,0.0,,90.0
2025-04-07 17:00:00,3.2,3.9,,2.8,,86.0,1.8,3.0,263.0,264.0,1018.1,402.0,0.0,,100.0
2025-04-07 18:00:00,3.2,3.4,5.9,2.9,1.1,86.0,2.5,3.7,258.0,264.0,1018.5,352.0,0.0,6.0,90.0
2025-04-07 19:00:00,,,,,,,1.0,2.3,261.0,264.0,1018.8,189.0,,,100.0
2025-04-07 20:00:00,2.9,3.2,,2.6,,89.0,1.3,2.4,289.0,258.0,1019.4,104.0,0.0,,100.0
2025-04-07 21:00:00,2.8,3.4,,2.2,,89.0,1.2,2.6,298.0,271.0,1019.7,37.0,0.0,,100.0
2025-04-07 22:00:00,3.0,3.9,,2.5,,87.0,1.0,2.6,50.0,250.0,1020.3,7.0,0.0,,100.0
2025-04-07 23:00:00,3.5,4.1,,2.8,,84.0,2.7,4.8,254.0,258.0,1020.6,0.0,0.0,,100.0
2025-04-08 00:00:00,4.1,4.6,5.9,3.5,2.1,79.0,1.9,4.3,260.0,264.0,1021.0,0.0,0.0,0.1,100.0
2025-04-08 01:00:00,4.5,5.1,,3.8,,77.0,1.8,3.6,192.0,254.0,1021.4,0.0,0.0,,100.0
2025-04-08 02:00:00,5.0,6.3,,3.7,,76.0,1.1,4.2,67.0,243.0,1022.0,0.0,0.0,,100.0
2025-04-08 03:00:00,6.0,6.8,,5.2,,76.0,1.8,7.9,22.0,72.0,1022.4,0.0,0.1,,100.0
2025-04-08 04:00:00,5.7,6.1,,4.9,,,2.8,12.4,40.0,73.0,1022.3,0.0,,,100.0
2025-04-08 05:00:00,5.1,5.7,,4.2,,,3.0,8.8,75.0,86.0,1022.7,0.0,,,100.0
2025-04-08 06:00:00,5.3,5.7,6.8,4.6,2.2,68.0,2.5,11.2,66.0,69.0,1023.3,0.0,0.0,0.6,100.0
2025-04-08 07:00:00,5.6,5.9,,5.3,,65.0,3.6,12.3,87.0,71.0,1023.3,0.0,0.0,,100.0
2025-04-08 08:00:00,5.6,6.0,,5.2,,65.0,5.1,12.3,66.0,66.0,1023.8,0.0,0.0,,100.0
2025-04-08 09:00:00,5.3,5.4,,5.1,,66.0,6.0,14.6,63.0,70.0,1023.8,10.0,0.0,,100.0
2025-04-08 10:00:00,5.3,5.6,,5.1,,66.0,4.9,12.7,48.0,54.0,1024.0,28.0,0.0,,100.0
2025-04-08 11:00:00,5.5,5.9,,5.1,,66.0,2.3,9.3,341.0,52.0,1024.5,43.0,0.0,,100.0
2025-04-08 12:00:00,5.3,5.8,6.8,4.9,3.7,66.0,5.0,13.2,83.0,87.0,1024.9,44.0,0.0,0.6,100.0
2025-04-08 13:00:00,4.5,5.0,,4.2,,68.0,6.4,12.6,93.0,91.0,1025.2,51.0,0.0,,100.0
2025-04-08 14:00:00,3.7,4.2,,3.2,,72.0,6.7,12.3,96.0,94.0,1025.1,87.0,0.0,,100.0
2025-04-08 15:00:00,3.5,3.9,,3.1,,72.0,5.6,11.1,87.0,92.0,1024.7,74.0,0.0,,100.0
2025-04-08 16:00:00,3.9,4.1,,3.6,,71.0,3.8,10.7,77.0,78.0,1024.3,90.0,0.0,,100.0
2025-04-08 17:00:00,4.2,4.5,,3.9,,72.0,4.4,10.1,65.0,84.0,1023.5,70.0,0.0,,100.0
2025-04-08 18:00:00,4.5,4.8,6.0,4.3,3.1,74.0,3.0,8.9,51.0,55.0,1022.9,43.0,0.2,0.8,100.0
2025-04-08 19:00:00,4.6,5.0,,3.9,,75.0,2.9,9.0,58.0,44.0,1022.2,28.0,0.4,,100.0
2025-04-08 20:00:00,4.9,5.2,,4.4,,75.0,3.4,9.7,106.0,78.0,1021.9,15.0,0.6,,100.0
2025-04-08 21:00:00,4.8,5.2,,4.5,,76.0,2.6,7.6,77.0,58.0,1021.5,9.0,0.8,,100.0
2025-04-08 22:00:00,5.0,5.4,,4.6,,74.0,4.3,9.9,62.0,73.0,1021.1,0.0,0.9,,100.0
2025-04-08 23:00:00,4.7,5.0,,4.4,,76.0,4.1,11.5,81.0,76.0,1021.1,0.0,1.6,,100.0
2025-04-09 00:00:00,4.7,5.1,5.4,4.4,3.1,77.0,,,,,,,,,100.0
2025-04-09 01:00:00,4.9,5.2,,4.5,,76.0,,,,,,,,,100.0
2025-04-09 02:00:00,5.2,5.7,,4.5,,74.0,,,,,,,,,100.0
2025-04-09 03:00:00,5.2,5.9,,4.8,,75.0,,,,,,,0.2,,100.0
2025-04-09 04:00:00,5.2,5.7,,4.9,,76.0,,,,,,,1.6,,100.0
2025-04-09 05:00:00,5.4,5.8,,,,,,,,,,,,,
2025-04-09 06:00:00,5.9,6.2,6.2,5.3,3.9,73.0,,,,,,,,,100.0
2025-04-09 07:00:00,6.1,6.4,,5.7,,72.0,,,,,,,,,100.0
2025-04-09 08:00:00,6.2,6.4,,5.9,,73.0,,,,,,,,,100.0
2025-04-09 09:00:00,6.5,6.8,,6.1,,72.0,4.1,10.9,76.0,74.0,1012.4,11.0,0.0,,100.0
2025-04-09 10:00:00,6.5,6.8,,6.3,,73.0,4.0,8.2,80.0,87.0,1011.4,30.0,0.1,,100.0
2025-04-09 11:00:00,,,,,,,4.5,10.7,93.0,91.0,1010.9,50.0,,,100.0
2025-04-09 12:00:00,6.1,6.7,6.8,5.2,4.5,77.0,4.0,9.3,89.0,106.0,1010.4,69.0,1.5,9.7,100.0
2025-04-09 13:00:00,6.2,7.0,,5.3,,76.0,3.2,10.1,73.0,86.0,1009.4,101.0,0.1,,100.0
2025-04-09 14:00:00,6.6,6.9,,6.4,,73.0,3.2,9.2,84.0,75.0,1009.1,88.0,0.1,,100.0
2025-04-09 15:00:00,6.1,6.5,,5.8,,78.0,4.0,9.1,81.0,79.0,1008.4,89.0,1.3,,100.0
2025-04-09 16:00:00,5.8,6.2,,4.9,,79.0,5.6,11.9,100.0,98.0,1008.0,75.0,2.1,,100.0
2025-04-09 17:00:00,5.0,5.9,,4.1,,81.0,5.1,11.9,146.0,117.0,1007.9,61.0,3.0,,100.0
2025-04-09 18:00:00,3.9,4.4,7.0,3.6,3.6,87.0,4.1,7.6,141.0,143.0,1007.8,51.0,2.1,18.1,100.0
2025-04-09 19:00:00,4.7,5.3,,4.1,,84.0,3.7,8.2,124.0,118.0,1007.9,54.0,0.6,,100.0
2025-04-09 20:00:00,4.8,5.2,,4.6,,82.0,3.1,6.4,144.0,133.0,1007.8,110.0,0.1,,100.0
2025-04-09 21:00:00,4.6,5.0,,4.3,,84.0,2.1,3.0,171.0,160.0,1007.6,36.0,0.0,,100.0
2025-04-09 22:00:00,4.5,4.9,,4.1,,83.0,2.1,4.2,153.0,162.0,1007.6,6.0,0.0,,100.0
2025-04-09 23:00:00,4.5,4.8,,4.2,,84.0,3.0,4.6,148.0,152.0,1007.4,0.0,0.0,,100.0
2025-04-10 00:00:00,4.4,4.7,7.0,4.2,3.6,85.0,3.8,6.7,158.0,148.0,1007.5,0.0,0.0,13.7,100.0
2025-04-10 01:00:00,3.6,4.2,,3.2,,91.0,4.4,6.4,148.0,153.0,1007.5,0.0,0.0,,100.0
2025-04-10 02:00:00,3.2,3.5,,2.9,,95.0,3.9,6.3,154.0,159.0,1007.1,0.0,0.2,,100.0
2025-04-10 03:00:00,2.9,3.1,,2.4,,96.0,4.2,8.6,140.0,153.0,1007.2,0.0,0.1,,100.0
2025-04-10 04:00:00,2.0,2.4,,1.4,,94.0,5.3,10.3,133.0,139.0,1006.6,0.0,0.3,,100.0
2025-04-10 05:00:00,1.2,1.6,,0.9,,89.0,5.5,9.9,132.0,128.0,1006.2,0.0,0.0,,100.0
2025-04-10 06:00:00,0.9,1.0,5.3,0.7,0.7,87.0,5.4,9.3,126.0,122.0,1005.7,0.0,0.0,11.7,100.0
2025-04-10 07:00:00,0.4,0.6,,0.2,,86.0,3.6,6.4,164.0,143.0,1004.8,0.0,0.0,,100.0
2025-04-10 08:00:00,0.3,0.5,,0.0,,85.0,5.5,9.8,176.0,171.0,1004.2,7.0,0.0,,100.0
2025-04-10 09:00:00,0.7,1.4,,0.2,,82.0,5.0,8.8,181.0,174.0,1003.0,26.0,0.0,,100.0
2025-04-10 10:00:00,0.5,0.8,,0.3,,80.0,5.1,9.7,171.0,168.0,1002.0,59.0,0.0,,100.0
2025-04-10 11:00:00,0.1,0.5,,-0.4,,80.0,5.1,8.9,147.0,154.0,1000.5,74.0,0.0,,100.0
2025-04-10 12:00:00,-0.2,0.6,4.2,-0.5,-0.5,80.0,5.7,9.6,134.0,159.0,998.5,77.0,0.0,9.8,100.0
2025-04-10 13:00:00,1.1,2.2,,-0.3,,79.0,3.0,9.4,186.0,155.0,996.3,73.0,0.1,,100.0
2025-04-10 14:00:00,2.0,2.3,,1.7,,80.0,4.3,14.5,58.0,74.0,993.7,103.0,0.8,,100.0
2025-04-10 15:00:00,2.4,2.7,,2.0,,76.0,5.1,13.9,54.0,58.0,992.0,123.0,0.2,,100.0
2025-04-10 16:00:00,2.3,2.8,,1.6,,77.0,6.3,14.8,65.0,62.0,990.2,97.0,0.3,,100.0
2025-04-10 17:00:00,2.3,3.0,,1.7,,77.0,7.8,17.0,75.0,73.0,989.2,81.0,0.0,,100.0
2025-04-10 18:00:00,1.8,2.0,3.0,1.4,-0.5,79.0,6.4,15.0,72.0,67.0,988.2,79.0,1.2,3.7,100.0
2025-04-10 19:00:00,1.2,1.8,,0.7,,,9.3,16.9,86.0,87.0,988.7,79.0,,,100.0
2025-04-10 20:00:00,0.4,0.7,,0.1,,84.0,10.3,19.3,86.0,88.0,988.4,49.0,0.0,,100.0
2025-04-10 21:00:00,0.8,1.0,,0.5,,76.0,,,,,,,,,
2025-04-10 22:00:00,0.7,1.0,,0.5,,75.0,7.9,14.0,85.0,88.0,987.4,6.0,0.0,,100.0
2025-04-10 23:00:00,0.6,0.7,,0.4,,78.0,3.3,8.8,57.0,70.0,986.4,0.0,0.0,,100.0
2025-04-11 00:00:00,0.7,0.9,3.0,0.6,-0.3,76.0,,,,,,,0.0,,
2025-04-11 01:00:00,0.7,0.7,,0.6,,75.0,3.9,9.1,51.0,55.0,985.9,0.0,0.0,,100.0
2025-04-11 02:00:00,0.4,0.7,,0.2,,76.0,1.0,4.4,293.0,5.0,985.5,0.0,0.0,,100.0
2025-04-11 03:00:00,0.8,1.2,,0.3,,71.0,2.5,5.8,19.0,29.0,985.5,0.0,0.0,,100.0
2025-04-11 04:00:00,1.1,1.3,,0.9,,70.0,2.0,4.9,338.0,31.0,985.2,0.0,0.0,,90.0
2025-04-11 05:00:00,1.3,1.7,,1.0,,69.0,1.7,4.4,360.0,324.0,985.4,0.0,0.0,,100.0
2025-04-11 06:00:00,0.4,1.4,1.8,-0.1,-0.1,86.0,,,,,,,,,
2025-04-11 07:00:00,-0.2,0.0,,-0.4,,90.0,1.5,3.9,297.0,303.0,986.5,0.0,0.4,,
2025-04-11 08:00:00,-0.6,-0.5,,-0.7,,97.0,1.4,2.5,251.0,265.0,986.8,7.0,0.7,,100.0
2025-04-11 09:00:00,-0.5,-0.2,,-0.7,,97.0,0.4,1.5,30.0,262.0,987.4,37.0,0.1,,100.0
2025-04-11 10:00:00,-0.3,0.0,,-0.5,,95.0,1.4,2.9,256.0,220.0,987.6,111.0,0.1,,100.0
2025-04-11 11:00:00,0.2,0.9,,-0.3,,93.0,1.2,3.1,265.0,267.0,988.0,174.0,0.0,,100.0
2025-04-11 12:00:00,0.6,1.0,1.7,-0.8,-0.8,89.0,1.4,6.0,146.0,176.0,988.7,184.0,0.3,5.1,100.0
2025-04-11 13:00:00,-1.4,-0.9,,-1.6,,94.0,3.9,6.5,130.0,149.0,989.5,169.0,1.3,,100.0
2025-04-11 14:00:00,-1.2,-0.9,,-1.5,,88.0,4.8,9.0,99.0,105.0,990.4,252.0,0.3,,100.0
2025-04-11 15:00:00,-1.1,-1.0,,-1.2,,84.0,4.7,8.9,109.0,106.0,991.3,262.0,0.4,,100.0
2025-04-11 16:00:00,-0.9,-0.8,,-1.1,,83.0,5.3,10.4,97.0,100.0,992.0,368.0,0.4,,100.0
2025-04-11 17:00:00,-1.1,-0.8,,-1.3,,81.0,5.7,10.6,90.0,92.0,992.9,269.0,0.3,,100.0
2025-04-11 18:00:00,-1.2,-1.0,1.0,-1.3,-1.6,76.0,5.1,11.7,69.0,85.0,993.6,156.0,0.0,5.2,100.0
2025-04-11 19:00:00,-1.1,-0.8,,-1.4,,75.0,2.5,8.0,93.0,70.0,,125.0,0.0,,
2025-04-11 20:00:00,-0.9,-0.8,,-1.0,,70.0,2.7,6.5,73.0,75.0,995.2,95.0,0.0,,100.0
2025-04-11 21:00:00,-1.1,-0.8,,-1.4,,70.0,3.6,8.0,124.0,114.0,996.2,56.0,0.0,,100.0
2025-04-11 22:00:00,-1.9,-1.4,,-2.6,,75.0,3.9,7.2,132.0,122.0,997.0,14.0,0.0,,100.0
2025-04-11 23:00:00,-2.7,-2.5,,-2.9,,80.0,2.3,4.1,170.0,156.0,997.8,0.0,0.0,,100.0
2025-04-12 00:00:00,-2.6,-2.4,-0.8,-2.7,-2.9,81.0,2.8,4.1,175.0,168.0,998.3,0.0,0.0,4.2,100.0
2025-04-12 01:00:00,-2.4,-2.2,,-2.6,,81.0,3.0,4.7,167.0,177.0,999.0,0.0,0.0,,100.0
2025-04-12 02:00:00,-2.3,-2.1,,-2.9,,80.0,1.8,3.9,213.0,195.0,999.4,0.0,0.0,,100.0
2025-04-12 03:00:00,-2.1,-1.6,,-2.7,,76.0,1.7,3.7,269.0,269.0,999.5,0.0,0.0,,100.0
2025-04-12 04:00:00,-1.7,-1.5,,-1.8,,72.0,0.8,2.1,194.0,206.0,999.5,0.0,0.0,,100.0
2025-04-12 05:00:00,-2.1,-1.5,,-2.8,,76.0,2.2,4.7,162.0,212.0,999.5,0.0,0.0,,100.0
2025-04-12 06:00:00,-2.5,-2.1,-0.8,-3.1,-3.1,76.0,0.6,2.5,243.0,231.0,999.4,0.0,0.0,4.2,100.0
2025-04-12 07:00:00,-2.6,-2.0,,-3.3,,81.0,2.0,4.4,41.0,129.0,999.8,1.0,0.0,,100.0
2025-04-12 08:00:00,-2.1,-1.4,,-2.7,,77.0,1.9,5.0,22.0,274.0,999.9,24.0,0.0,,100.0
2025-04-12 09:00:00,-2.6,-1.7,,-3.7,,79.0,1.4,4.3,157.0,165.0,999.9,75.0,0.0,,10.0
2025-04-12 10:00:00,-3.6,-3.2,,-4.0,,86.0,2.7,5.9,240.0,168.0,1000.2,168.0,0.0,,90.0
2025-04-12 11:00:00,-3.2,-2.6,,-3.8,,82.0,1.8,4.0,174.0,291.0,999.9,319.0,0.0,,100.0
2025-04-12 12:00:00,-2.5,-1.8,-1.4,-3.3,-4.0,79.0,1.3,3.1,263.0,257.0,999.8,456.0,0.0,2.6,
2025-04-12 13:00:00,,,,,,,1.3,3.6,12.0,282.0,999.9,397.0,0.0,,100.0
2025-04-12 14:00:00,-0.8,-0.2,,-1.3,,70.0,0.8,2.2,162.0,154.0,999.9,377.0,0.0,,100.0
2025-04-12 15:00:00,0.5,3.0,,-0.7,,62.0,1.2,4.3,154.0,179.0,999.8,573.0,0.0,,25.0
2025-04-12 16:00:00,0.1,0.8,,-1.3,,62.0,2.5,4.5,156.0,109.0,999.6,562.0,0.0,,
2025-04-12 17:00:00,-1.1,-0.4,,-1.8,,70.0,2.0,3.6,167.0,163.0,999.7,372.0,0.0,,60.0
2025-04-12 18:00:00,-1.2,-0.2,3.0,-1.8,-4.0,74.0,,,,,,,0.0,,
2025-04-12 19:00:00,-1.8,-1.3,,-2.2,,,2.9,4.7,162.0,176.0,1000.5,355.0,,,
2025-04-12 20:00:00,-2.4,-1.9,,-2.8,,75.0,2.6,4.0,172.0,168.0,1000.8,234.0,0.0,,
2025-04-12 21:00:00,-3.2,-2.7,,-3.8,,74.0,2.5,4.2,166.0,161.0,1001.2,118.0,0.0,,
2025-04-12 22:00:00,-4.2,-3.8,,-4.4,,74.0,2.4,4.2,155.0,158.0,1001.8,13.0,0.0,,
2025-04-12 23:00:00,-4.8,-4.3,,-5.1,,75.0,2.1,3.4,160.0,160.0,1002.2,0.0,0.0,,50.0
2025-04-13 00:00:00,-5.2,-4.7,3.0,-5.9,-5.9,76.0,2.2,3.7,255.0,231.0,1002.5,0.0,0.0,0.0,
2025-04-13 01:00:00,-5.7,-5.1,,-6.6,,79.0,1.9,3.0,227.0,250.0,1003.1,0.0,0.0,,
2025-04-13 02:00:00,-6.4,-5.5,,-7.0,,82.0,2.1,3.1,162.0,170.0,1003.5,0.0,0.0,,
2025-04-13 03:00:00,-6.3,-6.0,,-6.6,,81.0,2.4,4.3,159.0,160.0,1003.9,0.0,0.0,,100.0
2025-04-13 04:00:00,-6.0,-5.8,,-6.4,,81.0,1.4,3.0,134.0,144.0,1004.2,0.0,0.0,,100.0
2025-04-13 05:00:00,-6.8,-6.4,,-6.9,,84.0,1.9,4.1,153.0,148.0,1004.6,0.0,0.0,,100.0
2025-04-13 06:00:00,-6.9,-6.7,-1.3,-7.0,-7.0,83.0,2.3,4.1,160.0,158.0,1005.0,0.0,0.0,0.0,100.0
2025-04-13 07:00:00,-7.1,-6.8,,-7.3,,86.0,2.4,4.2,168.0,161.0,1005.4,0.0,0.0,,100.0
2025-04-13 08:00:00,-7.1,-6.8,,-7.3,,86.0,1.5,3.1,150.0,160.0,1006.1,15.0,0.0,,100.0
2025-04-13 09:00:00,-6.8,-6.7,,-6.9,,85.0,1.8,3.0,150.0,146.0,1006.5,46.0,0.0,,100.0
2025-04-13 10:00:00,-6.6,-6.3,,-6.8,,83.0,1.5,2.9,173.0,162.0,1006.6,107.0,0.0,,100.0
2025-04-13 11:00:00,-5.8,-5.1,,-6.3,,76.0,,,,,,,,,
2025-04-13 12:00:00,-5.2,-4.7,-4.7,-5.5,-7.3,72.0,1.0,2.1,145.0,154.0,1007.4,309.0,0.0,0.0,100.0
2025-04-13 13:00:00,-5.2,-4.8,,-5.6,,73.0,1.4,2.5,134.0,137.0,1008.0,314.0,0.0,,100.0
2025-04-13 14:00:00,-5.1,-4.9,,-5.3,,75.0,1.8,3.1,170.0,157.0,1008.5,352.0,0.0,,100.0
2025-04-13 15:00:00,-5.0,-4.7,,-5.1,,74.0,1.7,3.2,137.0,142.0,1008.8,374.0,0.0,,100.0
2025-04-13 16:00:00,-4.4,-3.9,,-5.0,,72.0,1.3,2.4,149.0,137.0,1009.0,494.0,0.0,,100.0
2025-04-13 17:00:00,-4.3,-3.7,,-4.6,,73.0,1.4,2.5,169.0,164.0,1009.3,444.0,0.0,,100.0
2025-04-13 18:00:00,-4.7,-4.6,-3.7,-4.8,-7.3,74.0,1.8,2.9,145.0,155.0,1009.6,347.0,0.0,0.0,100.0
2025-04-13 19:00:00,,,,,,,,,,,1009.8,248.0,,,100.0
2025-04-13 20:00:00,-4.8,-4.5,,-4.8,,74.0,0.8,2.1,263.0,263.0,1010.0,145.0,0.0,,100.0
2025-04-13 21:00:00,-5.0,-4.7,,-5.3,,77.0,1.0,2.2,158.0,161.0,1010.1,73.0,0.0,,100.0
2025-04-13 22:00:00,-5.4,-5.2,,-5.4,,79.0,1.6,3.0,142.0,154.0,1010.5,22.0,0.0,,100.0
2025-04-13 23:00:00,-5.9,-5.4,,-6.0,,81.0,2.0,4.3,161.0,160.0,1010.7,0.0,0.0,,100.0
2025-04-14 00:00:00,-5.9,-5.8,-3.7,-6.2,-6.2,69.0,1.3,2.5,168.0,167.0,1010.8,0.0,0.0,0.0,100.0
2025-04-14 01:00:00,-6.2,-6.0,,-6.5,,67.0,0.9,1.8,161.0,165.0,1010.8,0.0,0.0,,100.0
2025-04-14 02:00:00,-6.4,-6.1,,-6.7,,72.0,1.2,2.8,248.0,244.0,1010.7,0.0,0.0,,100.0
2025-04-14 03:00:00,-6.7,-6.5,,-7.0,,77.0,1.9,3.0,256.0,254.0,1010.4,0.0,0.0,,100.0
2025-04-14 04:00:00,-6.7,-6.4,,-7.0,,78.0,2.3,3.2,258.0,252.0,1010.1,0.0,0.0,,100.0
2025-04-14 05:00:00,-6.3,-6.1,,-6.6,,78.0,0.6,3.2,0.0,340.0,1010.1,0.0,0.0,,100.0
2025-04-14 06:00:00,-6.5,-6.3,-4.5,-6.8,-7.0,78.0,1.1,2.6,249.0,233.0,1010.3,0.0,0.0,0.0,100.0
2025-04-14 07:00:00,-6.4,-6.2,,-6.6,,78.0,1.3,3.0,148.0,157.0,1010.5,1.0,0.0,,100.0
2025-04-14 08:00:00,-6.7,-6.4,,-6.9,,80.0,1.2,1.8,157.0,153.0,1010.9,17.0,0.0,,100.0
2025-04-14 09:00:00,-6.9,-6.4,,-7.4,,78.0,1.1,1.8,238.0,183.0,1011.2,67.0,0.0,,100.0
2025-04-14 10:00:00,-6.1,-5.8,,-6.6,,76.0,0.6,1.6,278.0,259.0,1011.7,134.0,0.0,,100.0
2025-04-14 11:00:00,-5.5,-5.4,,-5.9,,76.0,0.2,0.7,259.0,278.0,1012.1,197.0,0.0,,100.0
2025-04-14 12:00:00,-5.3,-4.5,-4.5,-5.6,-7.4,80.0,0.3,1.4,156.0,187.0,1012.4,256.0,0.0,0.0,100.0
2025-04-14 13:00:00,-4.9,-4.5,,-5.1,,80.0,0.7,1.5,0.0,163.0,1012.8,358.0,0.0,,100.0
2025-04-14 14:00:00,-4.4,-3.8,,-5.0,,78.0,0.3,1.0,264.0,260.0,1013.2,352.0,0.0,,100.0
2025-04-14 15:00:00,-4.2,-3.7,,-4.5,,78.0,1.2,2.3,150.0,155.0,1013.3,467.0,0.0,,100.0
2025-04-14 16:00:00,-4.5,-4.3,,-4.6,,78.0,1.9,3.0,166.0,158.0,1013.5,391.0,0.0,,100.0
2025-04-14 17:00:00,-4.6,-4.4,,-4.7,,76.0,2.2,3.3,161.0,164.0,1013.9,350.0,0.0,,100.0
2025-04-14 18:00:00,-4.7,-4.5,-3.7,-4.8,-7.4,77.0,2.1,3.6,151.0,160.0,1014.4,303.0,0.0,0.0,100.0
2025-04-14 19:00:00,,,,,,,1.8,3.2,139.0,140.0,1014.9,213.0,,,100.0
2025-04-14 20:00:00,-4.4,-4.3,,-4.6,,79.0,0.7,1.8,304.0,226.0,1015.3,135.0,0.0,,100.0
2025-04-14 21:00:00,-4.7,-4.5,,-4.8,,81.0,1.6,2.4,320.0,304.0,1015.7,65.0,0.0,,100.0
2025-04-14 22:00:00,-4.9,-4.8,,-5.1,,81.0,1.1,2.2,290.0,307.0,1016.2,18.0,0.0,,100.0
2025-04-14 23:00:00,-5.2,-4.9,,-5.5,,83.0,0.5,1.8,266.0,264.0,1016.5,1.0,0.0,,100.0
2025-04-15 00:00:00,-5.1,-4.9,-3.7,-5.3,-5.5,81.0,0.5,1.5,0.0,265.0,1017.0,0.0,0.0,0.0,100.0
2025-04-15 01:00:00,-5.2,-5.0,,-5.3,,82.0,0.4,1.6,206.0,210.0,1017.3,0.0,0.0,,100.0
2025-04-15 02:00:00,-5.0,-4.8,,-5.3,,79.0,0.6,2.6,269.0,266.0,1017.4,0.0,0.0,,100.0
2025-04-15 03:00:00,-5.3,-5.1,,-5.7,,81.0,0.3,1.1,171.0,180.0,1017.6,0.0,0.0,,100.0
2025-04-15 04:00:00,-5.3,-5.0,,-5.8,,79.0,1.1,2.0,193.0,244.0,1017.8,0.0,0.0,,100.0
2025-04-15 05:00:00,-5.3,-5.0,,-5.8,,79.0,0.6,1.4,260.0,201.0,1017.9,0.0,0.0,,100.0
2025-04-15 06:00:00,-5.3,-4.9,-4.3,-6.0,-6.0,75.0,1.3,1.9,163.0,227.0,1018.4,0.0,0.0,0.0,100.0
2025-04-15 07:00:00,-5.4,-5.2,,-5.8,,75.0,1.2,2.2,149.0,152.0,1019.0,2.0,0.0,,100.0
2025-04-15 08:00:00,-6.0,-5.3,,-6.4,,74.0,1.5,2.3,164.0,160.0,1019.5,19.0,0.0,,
2025-04-15 09:00:00,-5.6,-5.2,,-6.0,,72.0,1.3,2.2,163.0,153.0,1019.9,110.0,0.0,,
2025-04-15 10:00:00,-5.2,-4.6,,-6.2,,64.0,0.8,1.8,173.0,141.0,1020.4,261.0,0.0,,
2025-04-15 11:00:00,-4.3,-2.6,,-5.5,,60.0,0.3,1.6,224.0,214.0,1020.7,405.0,0.0,,
2025-04-15 12:00:00,-4.0,-2.8,-2.6,-5.3,-6.4,59.0,0.4,1.5,164.0,220.0,1021.1,498.0,0.0,0.0,
2025-04-15 13:00:00,-3.5,-3.0,,-4.1,,62.0,1.8,2.7,150.0,152.0,1021.5,560.0,0.0,,
2025-04-15 14:00:00,-3.8,-3.5,,-4.2,,68.0,2.1,2.9,154.0,154.0,1022.0,610.0,0.0,,
2025-04-15 15:00:00,-3.6,-3.2,,-4.0,,68.0,2.0,3.3,151.0,156.0,1022.3,628.0,0.0,,
2025-04-15 16:00:00,-3.6,-3.4,,-4.0,,64.0,2.4,3.6,166.0,157.0,1022.3,610.0,0.0,,
2025-04-15 17:00:00,-3.8,-3.2,,-4.2,,67.0,2.5,3.9,161.0,158.0,1022.7,557.0,0.0,,
2025-04-15 18:00:00,-3.8,-3.5,-2.6,-4.2,-6.4,67.0,2.1,3.6,169.0,170.0,1022.9,477.0,0.0,0.0,
2025-04-15 19:00:00,,,,,,,,,,,1023.1,372.0,,,
2025-04-15 20:00:00,-5.0,-4.6,,-5.7,,78.0,2.0,2.8,160.0,157.0,1023.1,255.0,0.0,,
2025-04-15 21:00:00,-5.7,-5.2,,-6.7,,79.0,1.6,2.6,198.0,163.0,1023.4,137.0,0.0,,
2025-04-15 22:00:00,-7.0,-5.8,,-8.1,,82.0,0.9,1.8,192.0,179.0,1023.6,23.0,0.0,,
2025-04-15 23:00:00,-7.8,-7.3,,-9.6,,82.0,1.1,2.0,205.0,171.0,1023.9,1.0,0.0,,
2025-04-16 00:00:00,-8.5,-8.2,-3.0,-9.2,-9.6,83.0,0.4,1.6,0.0,217.0,1024.2,0.0,0.0,0.0,
2025-04-16 01:00:00,-9.0,-8.2,,-9.5,,81.0,0.6,2.2,257.0,249.0,1024.5,0.0,0.0,,
2025-04-16 02:00:00,-8.9,-8.0,,-9.7,,80.0,1.5,3.0,264.0,261.0,1024.6,0.0,0.0,,
2025-04-16 03:00:00,-9.7,-8.8,,-10.5,,83.0,1.8,2.5,266.0,260.0,1024.7,0.0,0.0,,90.0
2025-04-16 04:00:00,-9.1,-8.4,,-10.3,,81.0,1.9,2.7,261.0,260.0,1025.0,0.0,0.0,,
2025-04-16 05:00:00,-9.7,-8.6,,-10.5,,81.0,1.8,2.7,250.0,259.0,1025.2,0.0,0.0,,
2025-04-16 06:00:00,-10.2,-9.4,-4.0,-11.1,-11.1,77.0,1.8,3.0,268.0,264.0,1025.4,0.0,0.0,0.0,
2025-04-16 07:00:00,-10.5,-9.9,,-11.1,,77.0,1.6,2.7,237.0,266.0,1025.9,1.0,0.0,,
2025-04-16 08:00:00,-10.4,-9.9,,-11.1,,77.0,0.8,2.8,225.0,259.0,1026.3,19.0,0.0,,
2025-04-16 09:00:00,-9.9,-8.9,,-10.5,,76.0,0.3,1.6,187.0,250.0,1026.6,117.0,0.0,,
2025-04-16 10:00:00,-9.1,-8.6,,-9.6,,72.0,0.1,0.7,213.0,211.0,1027.0,266.0,0.0,,
2025-04-16 11:00:00,-7.2,-5.7,,-8.5,,64.0,0.4,1.5,27.0,267.0,1027.5,410.0,0.0,,
2025-04-16 12:00:00,-6.6,-5.1,-5.1,-7.9,-11.1,62.0,0.4,1.8,242.0,222.0,1027.8,505.0,0.0,0.0,
2025-04-16 13:00:00,-5.9,-4.8,,-6.4,,62.0,1.5,2.9,160.0,148.0,1028.2,567.0,0.0,,
2025-04-16 14:00:00,-6.0,-5.7,,-6.2,,60.0,2.3,3.4,163.0,161.0,1028.4,617.0,0.0,,
2025-04-16 15:00:00,-5.6,-5.0,,-5.8,,56.0,2.2,3.5,162.0,165.0,1028.5,634.0,0.0,,
2025-04-16 16:00:00,-4.6,-3.9,,-5.2,,54.0,1.2,2.4,168.0,165.0,1028.5,617.0,0.0,,
2025-04-16 17:00:00,-5.0,-4.4,,-5.6,,56.0,2.1,3.7,155.0,163.0,1028.7,565.0,0.0,,
2025-04-16 18:00:00,-5.3,-5.2,-3.9,-5.5,-11.1,59.0,2.1,3.5,163.0,163.0,1028.8,484.0,0.0,0.0,
2025-04-16 19:00:00,-5.9,-5.2,,-6.8,,59.0,2.0,2.9,185.0,177.0,1029.0,378.0,0.0,,
2025-04-16 20:00:00,-6.6,-6.3,,-7.4,,54.0,1.5,2.7,191.0,193.0,1029.4,261.0,0.0,,
2025-04-16 21:00:00,-7.4,-5.9,,-8.6,,54.0,1.0,1.5,208.0,194.0,1029.6,141.0,0.0,,
2025-04-16 22:00:00,-7.9,-7.2,,-9.5,,58.0,1.8,2.5,246.0,247.0,1030.1,28.0,0.0,,
2025-04-16 23:00:00,-8.3,-7.3,,-9.5,,59.0,2.1,3.0,261.0,253.0,1030.5,1.0,0.0,,
2025-04-17 00:00:00,-8.9,-8.1,-3.9,-10.0,-10.0,61.0,2.0,3.2,253.0,255.0,1030.6,0.0,0.0,0.0,
2025-04-17 01:00:00,-9.6,-8.8,,-10.5,,64.0,1.8,2.8,229.0,259.0,1030.8,0.0,0.0,,
2025-04-17 02:00:00,-10.1,-9.3,,-11.0,,65.0,1.3,2.7,266.0,263.0,1030.9,0.0,0.0,,
2025-04-17 03:00:00,-10.3,-9.2,,-11.1,,63.0,1.6,2.7,252.0,260.0,1030.8,0.0,0.0,,
2025-04-17 04:00:00,-10.7,-10.1,,-11.2,,63.0,1.5,2.7,263.0,259.0,1030.8,0.0,0.0,,
2025-04-17 05:00:00,-11.0,-10.3,,-11.5,,63.0,0.8,2.7,249.0,253.0,1030.7,0.0,0.0,,
2025-04-17 06:00:00,-11.4,-10.3,-5.2,-11.9,-11.9,65.0,0.7,2.3,176.0,250.0,1030.8,0.0,0.0,0.0,
2025-04-17 07:00:00,-11.3,-10.3,,-12.5,,68.0,1.0,1.8,146.0,202.0,1031.1,3.0,0.0,,
2025-04-17 08:00:00,-11.7,-11.0,,-12.1,,72.0,0.3,1.8,0.0,193.0,1031.3,21.0,0.0,,
2025-04-17 09:00:00,-11.0,-10.4,,-11.9,,71.0,0.3,1.5,206.0,237.0,1031.3,127.0,0.0,,
2025-04-17 10:00:00,-9.8,-8.3,,-10.5,,68.0,0.5,1.4,0.0,242.0,1031.2,275.0,0.0,,
2025-04-17 11:00:00,,,,,,,0.4,1.3,286.0,,1031.5,416.0,,,
2025-04-17 12:00:00,-8.3,-7.3,-7.3,-8.9,-12.5,60.0,0.3,1.1,0.0,285.0,1031.4,511.0,0.0,0.0,
2025-04-17 13:00:00,-7.0,-5.0,,-7.9,,59.0,0.2,0.9,172.0,236.0,1031.2,576.0,0.0,,
2025-04-17 14:00:00,-5.7,-5.0,,-6.3,,60.0,1.0,2.0,158.0,158.0,1031.2,626.0,0.0,,
2025-04-17 15:00:00,-5.6,-4.9,,-6.3,,60.0,0.3,1.4,203.0,214.0,1031.0,643.0,0.0,,
2025-04-17 16:00:00,-4.9,-4.2,,-5.3,,58.0,0.6,1.9,334.0,253.0,1030.8,624.0,0.0,,
2025-04-17 17:00:00,-4.8,-3.3,,-5.4,,60.0,0.7,2.4,303.0,23.0,1030.4,573.0,0.0,,
2025-04-17 18:00:00,-4.9,-4.3,-3.2,-5.4,-12.5,57.0,0.7,1.9,222.0,251.0,1030.0,489.0,0.0,0.0,
2025-04-17 19:00:00,,,,,,,0.9,1.6,244.0,176.0,1029.8,385.0,,,
2025-04-17 20:00:00,-5.3,-4.6,,-6.1,,58.0,0.9,1.8,207.0,254.0,1029.8,268.0,0.0,,
2025-04-17 21:00:00,,,,,,,,3.4,,,1029.7,148.0,,,
2025-04-17 22:00:00,-7.4,-6.4,,-8.8,,67.0,1.3,3.0,212.0,226.0,1029.7,33.0,0.0,,
2025-04-17 23:00:00,-7.7,-7.2,,-9.3,,71.0,1.5,2.8,258.0,239.0,1029.8,2.0,0.0,,
2025-04-18 00:00:00,-8.3,-7.4,-3.2,-9.4,-9.4,71.0,1.9,3.2,258.0,255.0,1030.0,0.0,0.0,0.0,
2025-04-18 01:00:00,,,,,,,1.0,2.3,215.0,259.0,1029.9,0.0,0.0,,
2025-04-18 02:00:00,-9.7,-8.9,,-10.5,,75.0,0.5,2.0,258.0,243.0,1029.9,0.0,0.0,,
2025-04-18 03:00:00,-9.6,-8.6,,-10.6,,76.0,0.5,2.9,256.0,244.0,1029.7,0.0,0.0,,
2025-04-18 04:00:00,-9.6,-8.6,,-10.5,,69.0,1.3,3.4,246.0,264.0,1029.6,0.0,0.0,,
2025-04-18 05:00:00,-9.8,-9.2,,-10.5,,71.0,0.4,1.9,269.0,222.0,,0.0,0.0,,
2025-04-18 06:00:00,-10.5,-10.1,-3.7,-11.0,-11.0,72.0,0.3,2.0,228.0,227.0,1029.4,0.0,0.0,0.0,
2025-04-18 07:00:00,-10.0,-9.5,,-10.6,,68.0,0.9,2.4,275.0,284.0,1029.1,3.0,0.0,,
2025-04-18 08:00:00,-9.0,-8.4,,-9.7,,64.0,0.6,2.8,71.0,159.0,1029.3,28.0,0.0,,
2025-04-18 09:00:00,-9.1,-7.7,,-9.8,,67.0,0.1,1.0,0.0,248.0,1029.5,143.0,0.0,,
2025-04-18 10:00:00,-8.0,-7.5,,-8.8,,61.0,0.1,1.1,0.0,281.0,1029.6,280.0,0.0,,
2025-04-18 11:00:00,-7.0,-6.5,,-7.5,,56.0,0.5,1.8,299.0,290.0,1029.8,412.0,0.0,,
2025-04-18 12:00:00,-5.5,-4.4,-4.4,-6.5,-11.0,53.0,0.2,1.3,0.0,302.0,1029.6,509.0,0.0,0.0,
2025-04-18 13:00:00,-3.8,-2.2,,-5.0,,49.0,0.6,3.4,287.0,292.0,1029.3,570.0,0.0,,
2025-04-18 14:00:00,-3.1,-1.6,,-4.2,,56.0,2.4,6.4,158.0,174.0,1029.4,520.0,0.0,,100.0
2025-04-18 15:00:00,-4.0,-3.7,,-4.4,,69.0,3.2,7.5,146.0,160.0,1029.5,495.0,0.3,,100.0
2025-04-18 16:00:00,-3.1,-2.2,,-3.9,,59.0,1.4,4.5,35.0,134.0,1028.9,457.0,0.0,,100.0
2025-04-18 17:00:00,-2.5,-2.0,,-2.9,,59.0,0.9,2.1,148.0,65.0,1028.5,415.0,0.0,,100.0
2025-04-18 18:00:00,-2.0,-1.0,-1.0,-2.6,-10.6,60.0,0.5,2.0,19.0,142.0,1028.2,350.0,0.0,0.2,100.0
2025-04-18 19:00:00,-2.2,-1.8,,-2.4,,64.0,1.2,2.2,332.0,330.0,1028.0,270.0,0.0,,100.0
2025-04-18 20:00:00,-2.1,-2.0,,-2.2,,64.0,1.2,2.4,269.0,307.0,1027.6,168.0,0.0,,100.0
2025-04-18 21:00:00,-2.0,-1.8,,-2.2,,65.0,0.6,1.7,165.0,142.0,1027.3,80.0,0.0,,100.0
2025-04-18 22:00:00,,,,,,,0.1,0.7,0.0,150.0,1026.9,25.0,0.0,,100.0
2025-04-18 23:00:00,-2.4,-2.0,,-2.9,,70.0,1.8,4.3,168.0,214.0,1026.7,3.0,0.0,,100.0
2025-04-19 00:00:00,-2.8,-2.5,-1.0,-3.0,-5.0,80.0,0.8,2.8,269.0,201.0,1026.5,0.0,0.0,0.2,100.0
2025-04-19 01:00:00,-2.8,-2.5,,-3.3,,78.0,1.1,2.6,257.0,221.0,1025.8,0.0,0.0,,100.0
2025-04-19 02:00:00,-2.8,-2.4,,-3.4,,76.0,1.2,3.0,164.0,183.0,1025.2,0.0,0.0,,100.0
2025-04-19 03:00:00,-3.1,-2.8,,-3.3,,79.0,1.1,2.8,274.0,185.0,1024.7,0.0,0.0,,100.0
2025-04-19 04:00:00,-3.3,-2.9,,-3.6,,81.0,0.8,2.6,280.0,181.0,1024.2,0.0,0.0,,100.0
2025-04-19 05:00:00,-3.3,-2.9,,-3.6,,76.0,1.1,2.9,168.0,199.0,1023.6,0.0,0.0,,100.0
2025-04-19 06:00:00,-3.4,-2.8,-1.8,-3.8,-3.8,70.0,1.2,3.3,292.0,165.0,1023.1,0.0,0.0,0.2,100.0
2025-04-19 07:00:00,-3.6,-2.9,,-4.3,,67.0,2.1,4.3,179.0,256.0,1022.8,4.0,0.0,,75.0
2025-04-19 08:00:00,-3.4,-2.9,,-3.8,,71.0,2.2,3.9,271.0,168.0,1022.8,31.0,0.0,,100.0
2025-04-19 09:00:00,-3.3,-2.9,,-3.7,,63.0,2.5,3.5,261.0,261.0,1022.6,88.0,0.0,,50.0
2025-04-19 10:00:00,-2.4,-1.3,,-3.5,,60.0,1.6,3.4,175.0,222.0,1022.5,284.0,0.0,,100.0
2025-04-19 11:00:00,-1.0,0.6,,-2.5,,54.0,0.2,0.8,290.0,230.0,1022.6,354.0,0.0,,10.0
2025-04-19 12:00:00,-1.1,-0.7,0.6,-1.5,-4.3,52.0,0.7,1.6,265.0,262.0,1022.6,407.0,0.0,0.2,10.0
2025-04-19 13:00:00,0.0,1.7,,-1.0,,51.0,0.4,1.4,200.0,251.0,1022.7,502.0,0.0,,10.0
2025-04-19 14:00:00,0.3,1.5,,-0.1,,50.0,0.4,2.0,306.0,289.0,1022.8,572.0,0.0,,60.0
2025-04-19 15:00:00,1.9,3.6,,0.1,,50.0,0.2,1.3,261.0,209.0,1022.7,477.0,0.0,,100.0
2025-04-19 16:00:00,1.0,3.1,,0.0,,54.0,0.9,2.6,180.0,176.0,1022.6,345.0,0.0,,100.0
2025-04-19 17:00:00,0.9,1.5,,0.0,,55.0,0.7,1.9,323.0,284.0,1022.6,266.0,0.0,,100.0
2025-04-19 18:00:00,1.0,1.4,3.6,0.7,-4.3,57.0,1.0,2.8,262.0,266.0,1022.6,226.0,0.0,0.0,100.0
2025-04-19 19:00:00,,,,,,,0.3,1.7,41.0,330.0,1022.7,146.0,,,100.0
2025-04-19 20:00:00,1.1,1.6,,0.8,,66.0,1.5,2.9,253.0,251.0,1022.9,115.0,0.0,,100.0
2025-04-19 21:00:00,1.0,1.2,,0.8,,71.0,1.5,2.5,257.0,266.0,1022.9,68.0,0.0,,100.0
2025-04-19 22:00:00,1.0,1.4,,0.4,,72.0,0.9,2.4,134.0,269.0,1023.1,26.0,0.0,,100.0
2025-04-19 23:00:00,0.5,0.9,,-0.4,,74.0,1.2,4.3,321.0,239.0,1023.1,3.0,0.0,,100.0
2025-04-20 00:00:00,,,,,,,2.6,6.1,329.0,348.0,1023.0,0.0,0.0,0.0,90.0
2025-04-20 01:00:00,0.9,1.3,,0.7,,61.0,1.2,3.6,266.0,291.0,1022.9,0.0,0.0,,90.0
2025-04-20 02:00:00,0.4,1.0,,-0.3,,64.0,1.0,4.9,348.0,340.0,1022.5,0.0,0.0,,100.0
2025-04-20 03:00:00,0.1,0.9,,-0.3,,67.0,0.8,4.2,225.0,248.0,1022.3,0.0,0.0,,100.0
2025-04-20 04:00:00,-0.6,0.6,,-2.1,,71.0,1.6,5.7,357.0,83.0,1022.0,0.0,0.0,,100.0
2025-04-20 05:00:00,0.5,0.8,,0.3,,59.0,2.5,6.5,351.0,352.0,1021.8,0.0,0.0,,100.0
2025-04-20 06:00:00,0.5,0.8,1.8,0.2,-2.1,61.0,2.0,6.7,2.0,355.0,1021.3,0.0,0.0,0.0,100.0
2025-04-20 07:00:00,0.6,0.8,,0.4,,61.0,2.2,6.1,358.0,337.0,1021.4,4.0,0.0,,100.0
2025-04-20 08:00:00,0.7,0.9,,0.5,,62.0,3.0,6.8,2.0,360.0,1022.1,17.0,0.0,,100.0
2025-04-20 09:00:00,0.6,0.7,,0.3,,62.0,2.1,5.7,2.0,352.0,1022.1,43.0,0.0,,100.0
2025-04-20 10:00:00,1.0,1.4,,0.6,,63.0,2.0,5.5,3.0,359.0,1022.3,91.0,0.0,,100.0
2025-04-20 11:00:00,1.2,1.5,,0.9,,61.0,2.1,4.7,19.0,4.0,1022.6,106.0,0.0,,100.0
2025-04-20 12:00:00,,,,,,,2.3,4.5,262.0,266.0,,168.0,,0.4,100.0
2025-04-20 13:00:00,0.3,1.1,,-0.3,,88.0,2.2,3.7,261.0,255.0,1022.9,215.0,0.1,,100.0
2025-04-20 14:00:00,1.2,1.5,,1.0,,84.0,0.7,2.3,261.0,264.0,1023.0,264.0,0.2,,100.0
2025-04-20 15:00:00,1.8,2.9,,1.3,,82.0,1.0,2.5,164.0,241.0,1023.1,298.0,0.0,,100.0
2025-04-20 16:00:00,2.4,2.8,,2.1,,75.0,1.9,2.9,159.0,160.0,1023.2,393.0,0.0,,100.0
2025-04-20 17:00:00,2.5,3.4,,1.3,,73.0,2.0,5.3,172.0,170.0,1023.1,439.0,0.0,,100.0
2025-04-20 18:00:00,1.5,1.8,3.4,1.1,-0.6,72.0,3.8,6.2,168.0,166.0,1023.7,310.0,0.0,0.7,100.0
2025-04-20 19:00:00,1.1,1.4,,0.8,,75.0,3.0,5.0,154.0,162.0,1023.7,210.0,0.0,,100.0
2025-04-20 20:00:00,1.3,1.5,,1.0,,75.0,1.2,3.5,166.0,159.0,1023.9,167.0,0.0,,100.0
2025-04-20 21:00:00,0.8,1.5,,0.2,,79.0,2.0,4.2,154.0,153.0,1024.2,89.0,0.0,,100.0
2025-04-20 22:00:00,-0.5,0.4,,-1.5,,86.0,2.9,6.4,164.0,154.0,1024.6,54.0,0.0,,10.0
2025-04-20 23:00:00,,,,,,,4.1,6.3,156.0,160.0,,7.0,0.0,,25.0
2025-04-21 00:00:00,-3.8,-3.6,3.4,-4.1,-4.1,82.0,2.6,5.1,154.0,158.0,1025.1,0.0,0.0,0.7,
2025-04-21 01:00:00,-4.4,-4.1,,-4.9,,81.0,2.6,4.9,153.0,151.0,1025.2,0.0,0.0,,
2025-04-21 02:00:00,-4.9,-4.5,,-5.2,,83.0,1.4,3.7,200.0,183.0,1025.1,0.0,0.0,,100.0
2025-04-21 03:00:00,-4.7,-4.4,,-5.0,,81.0,0.5,2.0,163.0,160.0,1025.1,0.0,0.0,,100.0
2025-04-21 04:00:00,-4.9,-4.7,,-5.2,,82.0,1.8,4.3,184.0,161.0,1024.9,0.0,0.0,,100.0
2025-04-21 05:00:00,-4.9,-4.4,,-5.3,,82.0,1.0,3.4,171.0,188.0,1024.9,0.0,0.0,,100.0
2025-04-21 06:00:00,,,,,,,2.6,4.0,159.0,159.0,1025.1,0.0,0.0,0.7,100.0
2025-04-21 07:00:00,-5.8,-5.6,,-6.0,,86.0,2.7,4.2,163.0,158.0,1025.6,5.0,0.0,,100.0
2025-04-21 08:00:00,-5.7,-5.6,,-6.0,,86.0,1.4,3.2,163.0,160.0,1025.9,29.0,0.0,,100.0
2025-04-21 09:00:00,-5.4,-5.3,,-5.6,,84.0,1.4,2.8,160.0,156.0,1026.2,59.0,0.0,,100.0
2025-04-21 10:00:00,-4.9,-4.5,,-5.3,,81.0,0.6,1.5,78.0,134.0,1026.5,81.0,0.0,,100.0
2025-04-21 11:00:00,-4.3,-4.0,,-4.6,,81.0,0.5,1.8,126.0,116.0,1026.8,144.0,0.0,,100.0
2025-04-21 12:00:00,-4.1,-3.7,-3.7,-4.3,-6.0,80.0,1.2,2.3,138.0,144.0,1027.3,184.0,0.0,0.3,100.0
2025-04-21 13:00:00,-3.5,-3.0,,-3.9,,80.0,1.0,2.9,144.0,146.0,1027.7,240.0,0.0,,100.0
2025-04-21 14:00:00,-3.1,-2.8,,-3.3,,83.0,0.8,2.6,12.0,22.0,1027.7,290.0,0.0,,100.0
2025-04-21 15:00:00,-2.3,-1.6,,-3.3,,79.0,0.2,1.7,0.0,317.0,1027.9,354.0,0.0,,100.0
2025-04-21 16:00:00,-2.0,-1.2,,-2.5,,79.0,0.6,2.3,1.0,38.0,1027.6,383.0,0.0,,100.0
2025-04-21 17:00:00,-1.0,-0.3,,-1.8,,71.0,0.5,1.6,281.0,270.0,1027.6,480.0,0.0,,10.0
2025-04-21 18:00:00,-0.8,0.1,0.1,-1.2,-6.0,72.0,0.9,2.2,336.0,321.0,1027.3,470.0,0.0,0.0,50.0
2025-04-21 19:00:00,-1.0,-0.6,,-1.3,,72.0,1.6,3.3,343.0,322.0,1027.3,314.0,0.0,,
2025-04-21 20:00:00,-1.1,-0.4,,-2.2,,71.0,1.9,4.9,166.0,170.0,1027.5,204.0,0.0,,100.0
2025-04-21 21:00:00,-2.3,-2.1,,-2.5,,79.0,2.9,5.0,161.0,164.0,1027.6,97.0,0.0,,100.0
2025-04-21 22:00:00,-2.0,-1.5,,-2.3,,75.0,2.3,4.2,154.0,174.0,1027.7,40.0,0.0,,100.0
2025-04-21 23:00:00,-2.1,-2.0,,-2.2,,74.0,2.2,3.9,137.0,151.0,1027.9,6.0,0.0,,100.0
2025-04-22 00:00:00,-2.1,-1.9,0.1,-2.3,-3.9,75.0,0.8,2.6,326.0,189.0,1027.9,0.0,0.0,0.0,100.0
2025-04-22 01:00:00,-2.3,-2.1,,-2.4,,79.0,0.2,2.0,264.0,269.0,1027.8,0.0,0.0,,100.0
2025-04-22 02:00:00,-2.0,-1.9,,-2.2,,74.0,1.1,2.7,288.0,260.0,1027.7,0.0,0.0,,100.0
2025-04-22 03:00:00,-2.4,-2.2,,-2.8,,77.0,0.2,1.1,325.0,313.0,1027.7,0.0,0.0,,100.0
2025-04-22 04:00:00,-3.0,-2.6,,-3.3,,79.0,0.4,2.1,165.0,215.0,1027.8,0.0,0.0,,100.0
2025-04-22 05:00:00,-3.2,-2.9,,-3.8,,78.0,0.2,0.9,244.0,288.0,1027.6,0.0,0.0,,90.0
2025-04-22 06:00:00,-3.3,-3.0,-0.4,-3.7,-3.8,80.0,1.6,2.7,150.0,164.0,1027.9,0.0,0.0,0.0,100.0
2025-04-22 07:00:00,-3.4,-2.7,,-3.8,,82.0,0.9,3.5,276.0,144.0,1028.0,7.0,0.0,,100.0
2025-04-22 08:00:00,-3.6,-3.4,,-3.9,,78.0,1.2,2.4,259.0,269.0,1027.9,51.0,0.0,,10.0
2025-04-22 09:00:00,-3.6,-3.1,,-3.8,,74.0,1.9,2.7,275.0,264.0,1027.9,121.0,0.0,,
2025-04-22 10:00:00,-2.9,-2.0,,-3.5,,69.0,0.8,2.1,0.0,273.0,1028.0,248.0,0.0,,40.0
2025-04-22 11:00:00,-1.6,-1.0,,-2.4,,66.0,0.8,1.9,151.0,161.0,1028.4,420.0,0.0,,100.0
2025-04-22 12:00:00,-1.2,-0.5,-0.5,-1.8,-3.9,68.0,1.5,2.7,141.0,142.0,1028.7,428.0,0.0,0.0,100.0
2025-04-22 13:00:00,-0.9,-0.6,,-1.1,,61.0,1.1,2.3,193.0,158.0,1028.4,398.0,0.0,,100.0
2025-04-22 14:00:00,0.4,1.7,,-0.9,,56.0,0.5,2.2,261.0,241.0,1028.4,544.0,0.0,,100.0
2025-04-22 15:00:00,,,,,,,1.0,2.2,278.0,242.0,1028.1,664.0,0.0,,10.0
2025-04-22 16:00:00,0.4,0.7,,-0.1,,56.0,1.5,3.8,287.0,286.0,1028.0,628.0,0.0,,40.0
2025-04-22 17:00:00,,,,,,,1.9,3.3,142.0,150.0,1027.2,556.0,,,100.0
2025-04-22 18:00:00,-0.1,0.4,1.7,-0.5,-3.9,61.0,2.3,4.0,161.0,156.0,1027.0,502.0,0.0,0.0,75.0
2025-04-22 19:00:00,,,,,,,2.7,4.0,172.0,165.0,1027.2,409.0,,,
2025-04-22 20:00:00,-1.2,-0.6,,-1.7,,67.0,2.8,4.2,170.0,169.0,1027.5,274.0,0.0,,10.0
2025-04-22 21:00:00,-1.6,-1.4,,-1.8,,66.0,1.4,3.3,142.0,158.0,1027.6,132.0,0.0,,
2025-04-22 22:00:00,-2.1,-1.5,,-2.6,,65.0,1.4,2.9,175.0,172.0,1028.0,48.0,0.0,,
2025-04-22 23:00:00,-2.9,-2.2,,-4.0,,65.0,1.0,2.1,202.0,181.0,1028.1,6.0,0.0,,50.0
2025-04-23 00:00:00,-3.5,-3.0,1.7,-4.1,-4.1,69.0,1.2,2.1,229.0,239.0,1028.1,0.0,0.0,0.0,
2025-04-23 01:00:00,-3.9,-3.7,,-4.4,,71.0,0.8,2.8,264.0,255.0,1028.0,0.0,0.0,,100.0
2025-04-23 02:00:00,-3.6,-2.9,,-4.3,,70.0,1.6,2.8,255.0,248.0,1027.9,0.0,0.0,,90.0
2025-04-23 03:00:00,-4.3,-3.9,,-4.9,,72.0,1.6,2.7,260.0,263.0,1027.8,0.0,0.0,,90.0
2025-04-23 04:00:00,-4.0,-3.7,,-4.4,,71.0,2.2,3.1,259.0,261.0,1027.3,0.0,0.0,,90.0
2025-04-23 05:00:00,-4.1,-3.8,,-4.4,,72.0,2.1,3.4,274.0,263.0,1026.9,0.0,0.0,,50.0
2025-04-23 06:00:00,-4.0,-3.4,-0.4,-4.5,-4.9,69.0,2.1,3.2,279.0,261.0,1027.0,0.0,0.0,0.0,75.0
2025-04-23 07:00:00,,,,,,,0.4,1.4,190.0,189.0,1026.9,6.0,0.0,,100.0
2025-04-23 08:00:00,-4.1,-3.7,,-4.8,,69.0,1.4,3.0,163.0,240.0,1027.0,40.0,0.0,,100.0
2025-04-23 09:00:00,-3.5,-3.1,,-4.2,,68.0,0.6,1.8,262.0,251.0,1027.0,95.0,0.0,,100.0
2025-04-23 10:00:00,-2.6,-2.0,,-3.2,,62.0,0.7,2.0,185.0,264.0,1027.1,256.0,0.0,,100.0
2025-04-23 11:00:00,-2.0,-0.8,,-2.6,,61.0,0.5,1.9,290.0,259.0,1027.1,293.0,0.0,,100.0
2025-04-23 12:00:00,-1.0,-0.5,-0.5,-1.8,-4.9,53.0,0.9,2.3,290.0,278.0,1026.9,361.0,0.0,0.0,100.0
2025-04-23 13:00:00,-0.4,0.3,,-1.2,,51.0,1.2,3.0,309.0,301.0,1026.7,406.0,0.0,,100.0
2025-04-23 14:00:00,0.4,1.1,,0.0,,45.0,0.9,3.2,184.0,4.0,1026.6,407.0,0.0,,100.0
2025-04-23 15:00:00,,,,,,,1.2,2.6,6.0,341.0,1026.1,522.0,,,100.0
2025-04-23 16:00:00,1.5,2.4,,1.2,,37.0,0.8,2.6,163.0,12.0,1025.7,470.0,0.0,,100.0
2025-04-23 17:00:00,0.6,1.3,,0.1,,47.0,2.0,3.5,187.0,169.0,1025.2,388.0,0.0,,100.0
2025-04-23 18:00:00,0.9,1.1,2.4,0.4,-4.8,43.0,1.4,2.6,179.0,165.0,1025.0,299.0,0.0,0.0,100.0
2025-04-23 19:00:00,,,,,,,1.4,3.7,236.0,181.0,1024.7,183.0,,,100.0
2025-04-23 20:00:00,1.1,1.4,,0.9,,43.0,1.0,3.9,8.0,315.0,1024.4,142.0,0.0,,100.0
2025-04-23 21:00:00,,,,,,,1.9,3.9,329.0,6.0,1024.2,81.0,0.0,,100.0
2025-04-23 22:00:00,0.4,0.7,,-0.1,,52.0,0.6,1.8,95.0,189.0,1024.2,33.0,0.0,,100.0
2025-04-23 23:00:00,0.2,0.8,,-0.2,,55.0,0.7,3.0,343.0,179.0,1024.3,4.0,0.0,,100.0
2025-04-24 00:00:00,1.2,1.5,2.4,0.6,-1.2,48.0,1.5,4.0,317.0,332.0,1023.9,0.0,0.0,0.0,100.0
2025-04-24 01:00:00,1.0,1.4,,0.7,,56.0,3.1,5.6,261.0,277.0,1023.3,0.0,0.0,,100.0
2025-04-24 02:00:00,0.7,0.9,,0.4,,61.0,1.8,4.3,279.0,293.0,1022.5,0.0,0.0,,100.0
2025-04-24 03:00:00,0.0,0.8,,-1.2,,68.0,1.8,4.9,174.0,151.0,1021.7,0.0,0.0,,100.0
2025-04-24 04:00:00,0.5,0.9,,-0.5,,65.0,3.0,7.0,37.0,36.0,1021.4,0.0,0.0,,100.0
2025-04-24 05:00:00,0.3,1.0,,-0.5,,64.0,2.9,6.7,174.0,139.0,1021.2,0.0,0.0,,100.0
2025-04-24 06:00:00,0.4,0.8,1.5,0.0,-1.2,65.0,2.0,3.7,258.0,256.0,1020.6,0.0,0.0,0.0,100.0
2025-04-24 07:00:00,0.7,1.5,,0.1,,64.0,2.5,4.5,264.0,258.0,1020.3,5.0,0.0,,100.0
2025-04-24 08:00:00,2.1,2.8,,1.1,,58.0,1.7,4.5,281.0,282.0,1020.1,44.0,0.0,,100.0
2025-04-24 09:00:00,2.0,2.6,,0.4,,66.0,2.8,4.9,158.0,238.0,1020.1,83.0,0.0,,100.0
2025-04-24 10:00:00,1.3,2.8,,0.3,,64.0,3.1,7.1,178.0,171.0,1019.8,133.0,0.0,,100.0
2025-04-24 11:00:00,2.1,2.9,,1.3,,,1.7,5.1,165.0,171.0,1019.8,187.0,,,100.0
2025-04-24 12:00:00,2.0,2.6,2.9,1.4,-1.2,59.0,3.1,5.9,169.0,169.0,1019.6,254.0,0.0,0.0,100.0
2025-04-24 13:00:00,2.9,3.6,,2.3,,52.0,2.1,4.9,153.0,170.0,1019.4,344.0,0.0,,100.0
2025-04-24 14:00:00,3.0,3.5,,2.2,,53.0,2.4,4.4,165.0,156.0,1018.5,432.0,0.0,,100.0
2025-04-24 15:00:00,3.5,4.4,,2.9,,50.0,2.7,5.9,140.0,165.0,1018.1,425.0,0.0,,100.0
2025-04-24 16:00:00,,,,,,48.0,0.9,4.2,204.0,241.0,,382.0,0.0,,75.0
2025-04-24 17:00:00,4.4,5.1,,3.9,,47.0,1.0,2.7,184.0,214.0,1017.4,369.0,0.0,,100.0
2025-04-24 18:00:00,3.5,5.2,5.2,2.5,0.1,48.0,3.1,5.8,154.0,157.0,1017.5,274.0,0.0,0.0,100.0
2025-04-24 19:00:00,,,,,,50.0,,6.5,,,,252.0,0.0,,100.0
2025-04-24 20:00:00,4.1,4.5,,3.6,,44.0,2.8,6.7,360.0,349.0,1017.2,144.0,0.0,,100.0
2025-04-24 21:00:00,3.6,4.0,,3.1,,47.0,2.5,6.5,3.0,2.0,1017.2,66.0,0.0,,100.0
2025-04-24 22:00:00,2.9,3.5,,2.6,,52.0,1.6,5.5,302.0,326.0,1016.8,33.0,0.0,,100.0
2025-04-24 23:00:00,3.4,4.4,,2.2,,52.0,2.0,6.9,20.0,161.0,1016.6,5.0,0.0,,100.0
2025-04-25 00:00:00,4.3,4.7,5.2,4.0,2.1,53.0,4.7,12.1,18.0,8.0,1016.2,0.0,0.0,0.0,100.0
2025-04-25 01:00:00,3.8,4.3,,3.4,,61.0,4.5,11.6,24.0,14.0,1016.0,0.0,0.0,,100.0
2025-04-25 02:00:00,1.3,3.9,,0.0,,73.0,4.2,7.9,159.0,160.0,1015.5,0.0,0.0,,100.0
2025-04-25 03:00:00,0.2,0.5,,0.1,,78.0,4.5,7.3,164.0,167.0,1014.7,0.0,0.0,,100.0
2025-04-25 04:00:00,0.4,0.6,,0.1,,77.0,3.0,5.0,168.0,163.0,1014.4,0.0,0.0,,100.0
2025-04-25 05:00:00,-0.1,0.4,,-0.6,,84.0,3.7,6.0,169.0,167.0,1014.3,0.0,0.2,,100.0
2025-04-25 06:00:00,-0.7,-0.6,4.7,-0.8,-0.8,93.0,2.5,3.9,153.0,160.0,1014.0,0.0,0.7,0.8,100.0
2025-04-25 07:00:00,-0.8,-0.6,,-0.8,,94.0,1.5,2.3,161.0,166.0,1013.6,2.0,0.5,,100.0
2025-04-25 08:00:00,-0.9,-0.7,,-1.0,,96.0,1.1,3.6,158.0,160.0,1013.4,13.0,0.1,,100.0
2025-04-25 09:00:00,-0.3,0.2,,-0.9,,91.0,2.1,3.7,328.0,166.0,1013.2,51.0,0.0,,100.0
2025-04-25 10:00:00,-0.4,0.3,,-0.8,,94.0,0.5,2.8,0.0,2.0,1012.9,114.0,0.0,,100.0
2025-04-25 11:00:00,0.1,0.7,,-0.4,,89.0,1.0,3.3,130.0,151.0,1012.5,152.0,0.0,,100.0
2025-04-25 12:00:00,0.5,1.0,4.3,0.1,-1.0,82.0,1.4,3.8,357.0,133.0,1012.2,184.0,0.0,1.3,100.0
2025-04-25 13:00:00,0.3,0.6,,0.0,,89.0,1.4,4.1,249.0,264.0,1011.5,186.0,0.0,,100.0
2025-04-25 14:00:00,0.2,0.7,,0.0,,92.0,2.0,3.3,185.0,244.0,1010.9,148.0,0.3,,100.0
2025-04-25 15:00:00,0.4,0.6,,0.2,,94.0,1.4,3.2,170.0,178.0,1010.2,184.0,0.1,,100.0
2025-04-25 16:00:00,1.0,1.6,,0.4,,90.0,0.9,2.2,156.0,169.0,1009.7,210.0,0.0,,100.0
2025-04-25 17:00:00,1.0,1.5,,0.6,,87.0,2.5,4.7,160.0,152.0,1009.8,170.0,0.0,,100.0
2025-04-25 18:00:00,0.5,1.0,1.6,-0.1,-1.0,85.0,2.7,4.8,158.0,156.0,1009.8,154.0,0.2,1.9,100.0
2025-04-25 19:00:00,-0.1,0.1,,-0.2,,89.0,1.6,3.7,173.0,150.0,1009.7,106.0,0.0,,100.0
2025-04-25 20:00:00,0.0,0.2,,-0.3,,90.0,1.2,4.1,343.0,305.0,1009.4,72.0,0.0,,100.0
2025-04-25 21:00:00,0.3,0.4,,0.0,,90.0,1.3,4.4,152.0,283.0,1009.1,63.0,0.1,,100.0
2025-04-25 22:00:00,0.1,0.7,,-0.2,,91.0,2.2,3.4,151.0,164.0,1008.8,33.0,0.0,,100.0
2025-04-25 23:00:00,0.4,0.8,,-0.1,,88.0,1.3,3.0,171.0,164.0,1008.5,7.0,0.0,,100.0
2025-04-26 00:00:00,0.3,0.7,1.6,-0.1,-0.3,86.0,1.7,4.2,317.0,152.0,1008.3,0.0,0.0,2.0,100.0
2025-04-26 01:00:00,-0.3,0.0,,-0.4,,93.0,0.8,2.5,262.0,289.0,1007.7,0.0,0.0,,100.0
2025-04-26 02:00:00,-0.2,0.1,,-0.4,,91.0,0.8,2.4,164.0,321.0,1007.3,0.0,0.0,,100.0
2025-04-26 03:00:00,0.5,1.2,,-0.2,,85.0,1.4,2.7,59.0,161.0,1006.8,0.0,0.0,,100.0
2025-04-26 04:00:00,-0.1,0.7,,-0.5,,91.0,0.7,2.9,175.0,181.0,1006.2,0.0,0.0,,100.0
2025-04-26 05:00:00,1.0,1.7,,-0.3,,78.0,2.3,4.8,322.0,160.0,1006.0,0.0,0.0,,100.0
2025-04-26 06:00:00,-0.1,0.2,1.7,-0.3,-0.5,89.0,0.2,1.2,299.0,360.0,,0.0,0.0,1.2,
2025-04-26 07:00:00,0.7,1.1,,0.2,,83.0,0.8,3.1,165.0,173.0,1005.3,7.0,0.0,,100.0
2025-04-26 08:00:00,,,,,,,1.1,3.4,141.0,151.0,1005.4,33.0,0.0,,100.0
2025-04-26 09:00:00,0.2,0.7,,-0.6,,86.0,0.7,2.0,256.0,278.0,1005.3,108.0,0.0,,60.0
2025-04-26 10:00:00,,,,,,,0.6,2.3,276.0,275.0,1005.2,271.0,,,90.0
2025-04-26 11:00:00,1.0,1.6,,0.4,,82.0,1.1,2.9,277.0,289.0,1004.9,250.0,0.0,,100.0
2025-04-26 12:00:00,2.2,3.0,3.0,1.6,-0.6,75.0,0.5,2.0,319.0,350.0,1004.4,276.0,0.0,0.6,100.0
2025-04-26 13:00:00,2.9,3.8,,2.2,,71.0,1.4,3.1,32.0,323.0,1004.0,387.0,0.0,,100.0
2025-04-26 14:00:00,2.9,4.3,,1.5,,72.0,2.3,5.4,160.0,150.0,1003.6,464.0,0.0,,100.0
2025-04-26 15:00:00,2.6,4.1,,1.3,,74.0,2.4,4.6,339.0,156.0,1003.3,456.0,0.0,,100.0
2025-04-26 16:00:00,1.9,2.9,,1.2,,79.0,2.1,4.3,146.0,142.0,1003.2,382.0,0.0,,100.0
2025-04-26 17:00:00,2.4,3.1,,2.0,,75.0,0.9,2.4,326.0,150.0,1002.7,287.0,0.0,,100.0
2025-04-26 18:00:00,2.1,2.5,4.3,1.4,-0.6,78.0,1.7,3.4,227.0,282.0,1002.4,176.0,0.0,0.0,100.0
2025-04-26 19:00:00,,,,,,,1.0,2.8,152.0,182.0,1002.1,171.0,,,100.0
2025-04-26 20:00:00,1.7,2.0,,1.2,,82.0,3.2,5.7,162.0,159.0,1002.1,156.0,0.0,,100.0
2025-04-26 21:00:00,,,,,,,1.9,3.8,134.0,161.0,1002.0,84.0,,,100.0
2025-04-26 22:00:00,1.7,2.1,,1.2,,84.0,2.0,4.6,150.0,146.0,1002.2,35.0,0.0,,100.0
2025-04-26 23:00:00,1.5,1.6,,1.2,,86.0,1.0,3.0,334.0,155.0,1002.4,7.0,0.0,,100.0
2025-04-27 00:00:00,1.0,1.2,4.3,0.9,0.9,90.0,0.3,1.1,265.0,286.0,1002.4,0.0,0.2,0.2,100.0
2025-04-27 01:00:00,1.0,1.3,,0.6,,93.0,1.3,2.4,152.0,195.0,1002.2,0.0,0.5,,100.0
2025-04-27 02:00:00,0.8,0.9,,0.6,,94.0,0.5,1.8,0.0,174.0,1002.0,0.0,0.1,,100.0
2025-04-27 03:00:00,0.5,0.7,,0.4,,96.0,0.2,1.5,277.0,274.0,1001.8,0.0,0.3,,100.0
2025-04-27 04:00:00,0.5,0.6,,0.5,,97.0,0.4,1.8,264.0,279.0,1001.6,0.0,0.1,,100.0
2025-04-27 05:00:00,,,,,,,1.8,3.6,150.0,154.0,1001.8,0.0,,,100.0
2025-04-27 06:00:00,1.0,1.2,2.8,0.6,0.4,93.0,1.9,4.1,314.0,147.0,1002.2,0.0,0.2,1.3,100.0
2025-04-27 07:00:00,,,,,,,0.2,1.3,0.0,316.0,1002.5,6.0,,,100.0
2025-04-27 08:00:00,0.8,1.2,,0.6,,96.0,0.5,2.1,283.0,296.0,1002.6,45.0,0.0,,100.0
2025-04-27 09:00:00,2.2,3.5,,1.0,,86.0,1.2,3.5,165.0,197.0,1003.1,70.0,0.0,,100.0
2025-04-27 10:00:00,3.6,4.1,,2.7,,76.0,1.7,4.5,332.0,307.0,1003.6,63.0,0.0,,100.0
2025-04-27 11:00:00,4.4,4.8,,4.1,,71.0,2.5,6.1,358.0,334.0,1003.8,102.0,0.0,,100.0
2025-04-27 12:00:00,4.7,4.9,4.9,4.2,0.4,70.0,1.1,4.1,360.0,339.0,1004.1,122.0,0.0,1.9,100.0
2025-04-27 13:00:00,4.7,5.3,,4.4,,71.0,0.5,2.1,354.0,40.0,1004.4,166.0,0.0,,100.0
2025-04-27 14:00:00,4.8,5.3,,3.2,,71.0,1.6,5.7,173.0,149.0,1005.2,225.0,0.0,,100.0
2025-04-27 15:00:00,4.0,5.0,,3.2,,73.0,1.7,5.9,18.0,166.0,1005.2,221.0,0.0,,100.0
2025-04-27 16:00:00,4.3,5.1,,3.5,,70.0,2.4,4.7,157.0,149.0,1005.7,217.0,0.0,,100.0
2025-04-27 17:00:00,,,,,,75.0,,,,,1006.1,125.0,0.0,,100.0
2025-04-27 18:00:00,2.6,3.0,5.3,2.3,0.5,75.0,4.1,8.0,167.0,171.0,1006.7,103.0,0.0,1.9,100.0
2025-04-27 19:00:00,2.3,2.5,,2.0,,,3.8,6.3,169.0,163.0,1007.4,104.0,,,100.0
2025-04-27 20:00:00,2.1,2.4,,1.8,,78.0,4.3,8.0,179.0,170.0,1008.0,73.0,0.0,,100.0
2025-04-27 21:00:00,1.4,2.2,,1.0,,81.0,4.0,7.3,162.0,158.0,1008.7,46.0,0.0,,100.0
2025-04-27 22:00:00,0.8,1.0,,0.8,,84.0,3.3,6.2,168.0,165.0,1009.5,34.0,0.0,,100.0
2025-04-27 23:00:00,0.9,0.9,,0.8,,84.0,2.1,4.2,149.0,152.0,1009.9,6.0,0.0,,100.0
2025-04-28 00:00:00,0.8,1.0,5.3,0.6,0.6,84.0,2.6,4.9,160.0,157.0,1010.6,0.0,0.0,1.7,100.0
2025-04-28 01:00:00,0.5,0.7,,0.1,,83.0,2.0,3.6,168.0,169.0,1010.8,0.0,0.0,,100.0
2025-04-28 02:00:00,0.0,0.2,,-0.1,,88.0,1.9,2.9,201.0,182.0,1011.3,0.0,0.0,,100.0
2025-04-28 03:00:00,0.1,0.2,,0.0,,87.0,1.4,3.9,123.0,171.0,1011.7,0.0,0.0,,100.0
2025-04-28 04:00:00,-0.1,0.2,,-0.5,,87.0,2.9,5.1,147.0,144.0,1012.2,0.0,0.0,,100.0
2025-04-28 05:00:00,-0.6,-0.5,,-0.8,,86.0,2.4,4.3,159.0,155.0,1012.6,0.0,0.0,,100.0
2025-04-28 06:00:00,-0.6,-0.5,2.5,-0.8,-0.7,86.0,1.6,3.1,166.0,163.0,1013.1,0.0,0.0,0.6,100.0
2025-04-28 07:00:00,-0.4,-0.3,,-0.5,,85.0,0.7,1.9,0.0,161.0,1013.3,9.0,0.0,,100.0
2025-04-28 08:00:00,-0.3,-0.1,,-0.3,,85.0,0.5,1.9,145.0,145.0,1013.9,32.0,0.0,,100.0
2025-04-28 09:00:00,-0.1,0.2,,-0.3,,84.0,2.0,3.9,166.0,155.0,1014.2,84.0,0.0,,100.0
2025-04-28 10:00:00,0.1,0.2,,0.0,,83.0,2.4,4.5,161.0,159.0,1014.6,122.0,0.0,,100.0
2025-04-28 11:00:00,0.2,0.2,,0.1,,82.0,2.1,3.8,164.0,160.0,1014.9,135.0,0.0,,100.0
2025-04-28 12:00:00,0.0,0.1,0.7,-0.1,-0.7,83.0,2.7,4.4,149.0,157.0,1015.3,159.0,0.0,0.0,100.0
2025-04-28 13:00:00,0.2,0.5,,-0.1,,79.0,2.5,4.1,176.0,165.0,1015.5,177.0,0.0,,100.0
2025-04-28 14:00:00,0.6,1.0,,0.4,,76.0,2.7,4.3,142.0,157.0,1015.6,218.0,0.0,,100.0
2025-04-28 15:00:00,,,,,,,3.1,5.6,154.0,155.0,1015.6,177.0,,,100.0
2025-04-28 16:00:00,0.4,0.8,,0.0,,79.0,3.4,6.9,168.0,164.0,1016.0,159.0,0.0,,100.0
2025-04-28 17:00:00,0.2,0.3,,0.0,,82.0,2.3,4.4,160.0,163.0,1015.9,161.0,0.0,,100.0
2025-04-28 18:00:00,-0.1,0.1,1.0,-0.2,-0.5,82.0,3.0,5.8,148.0,157.0,1015.8,160.0,0.1,0.0,100.0
2025-04-28 19:00:00,-0.5,-0.3,,-0.7,,86.0,3.2,5.6,156.0,159.0,,161.0,0.0,,
2025-04-28 20:00:00,,,,,,,,,,,1015.3,113.0,,,100.0
2025-04-28 21:00:00,,,,,,,,,,,1015.0,59.0,,,100.0
2025-04-28 22:00:00,,,,,,,,,,,,20.0,,,100.0
2025-04-28 23:00:00,,,,,,,,,,,,6.0,,,100.0
2025-04-29 00:00:00,,,,,,,,,,,,0.0,,,100.0
2025-04-29 01:00:00,,,,,,,,,,,,0.0,,,100.0
2025-04-29 02:00:00,0.4,0.8,,0.1,,72.0,3.0,4.9,168.0,174.0,1013.0,0.0,0.0,,100.0
2025-04-29 03:00:00,1.0,1.2,,0.8,,71.0,1.4,2.8,257.0,227.0,1012.4,0.0,0.0,,100.0
2025-04-29 04:00:00,1.3,1.8,,0.9,,70.0,1.6,2.8,276.0,259.0,1011.7,0.0,0.0,,100.0
2025-04-29 05:00:00,2.0,2.3,,1.6,,70.0,1.0,2.5,143.0,158.0,1011.1,0.0,0.0,,100.0
2025-04-29 06:00:00,2.2,2.5,2.5,1.8,-0.7,73.0,1.2,3.0,244.0,244.0,1010.7,0.0,0.0,0.0,100.0
2025-04-29 07:00:00,1.6,2.2,,1.1,,82.0,1.5,3.3,264.0,263.0,1010.2,5.0,0.2,,100.0
2025-04-29 08:00:00,1.7,2.6,,1.3,,82.0,1.4,2.9,263.0,255.0,1009.8,21.0,0.0,,100.0
2025-04-29 09:00:00,2.1,2.7,,1.7,,75.0,2.7,5.9,169.0,165.0,1009.7,50.0,0.0,,100.0
2025-04-29 10:00:00,1.6,2.1,,1.1,,73.0,4.2,7.4,170.0,153.0,1009.3,68.0,0.0,,100.0
2025-04-29 11:00:00,,,,,,,4.3,7.3,179.0,165.0,1009.2,106.0,,,100.0
2025-04-29 12:00:00,1.1,1.6,2.7,0.8,-0.2,79.0,3.2,5.9,256.0,192.0,1008.5,118.0,0.0,0.2,100.0
2025-04-29 13:00:00,2.8,3.9,,1.5,,75.0,1.9,5.7,81.0,304.0,1008.0,136.0,0.0,,100.0
2025-04-29 14:00:00,3.8,4.0,,3.5,,73.0,3.0,7.7,60.0,68.0,1007.8,157.0,0.0,,100.0
2025-04-29 15:00:00,3.5,3.7,,3.3,,79.0,,,,,,,,,
2025-04-29 16:00:00,3.4,3.5,,3.2,,79.0,1.8,4.4,17.0,27.0,1006.9,96.0,0.9,,100.0
2025-04-29 17:00:00,3.4,3.6,,3.2,,80.0,1.9,4.9,23.0,1.0,1006.4,81.0,1.1,,100.0
2025-04-29 18:00:00,3.4,3.6,4.0,3.1,0.7,80.0,2.2,6.1,32.0,21.0,1006.2,77.0,1.1,4.1,100.0
2025-04-29 19:00:00,3.8,4.3,,3.3,,75.0,2.2,6.5,33.0,30.0,,117.0,0.2,,
2025-04-29 20:00:00,4.5,4.7,,4.1,,71.0,2.5,6.9,20.0,30.0,1005.4,133.0,0.0,,100.0
2025-04-29 21:00:00,4.5,4.9,,4.1,,70.0,2.4,7.6,15.0,25.0,1005.3,69.0,0.0,,100.0
2025-04-29 22:00:00,4.4,4.8,,4.1,,71.0,2.0,8.4,58.0,27.0,1005.0,31.0,0.0,,100.0
2025-04-29 23:00:00,4.2,4.6,,4.0,,74.0,2.3,8.7,342.0,23.0,1004.6,9.0,0.0,,100.0
2025-04-30 00:00:00,3.9,4.4,4.9,3.6,1.5,75.0,1.6,4.6,307.0,318.0,1004.6,0.0,0.0,4.3,100.0
2025-04-30 01:00:00,4.2,4.8,,3.8,,72.0,1.5,7.7,322.0,321.0,1003.9,0.0,0.0,,90.0
2025-04-30 02:00:00,5.2,5.6,,4.6,,61.0,2.3,5.3,353.0,354.0,1003.5,0.0,0.0,,100.0
2025-04-30 03:00:00,4.2,4.9,,3.7,,68.0,1.8,3.9,277.0,295.0,1003.0,0.0,0.0,,100.0
2025-04-30 04:00:00,3.9,4.4,,3.1,,69.0,1.3,5.4,194.0,265.0,1002.9,0.0,0.0,,100.0
2025-04-30 05:00:00,3.9,4.6,,3.2,,69.0,1.4,4.1,268.0,273.0,1003.1,0.0,0.0,,100.0
2025-04-30 06:00:00,4.3,4.9,5.6,3.5,3.1,66.0,1.8,3.5,278.0,287.0,1002.8,1.0,0.0,4.3,100.0
2025-04-30 07:00:00,3.3,4.4,,2.1,,72.0,2.3,6.2,171.0,179.0,1003.2,10.0,0.0,,100.0
2025-04-30 08:00:00,3.2,4.2,,2.0,,73.0,1.3,4.2,161.0,201.0,1003.5,60.0,0.0,,100.0
2025-04-30 09:00:00,2.5,3.1,,1.8,,79.0,0.9,3.8,217.0,160.0,1004.1,188.0,0.0,,100.0
2025-04-30 10:00:00,2.8,3.2,,2.1,,78.0,1.1,3.4,290.0,283.0,1004.0,160.0,0.0,,100.0
2025-04-30 11:00:00,3.3,3.9,,2.7,,74.0,1.9,3.1,288.0,264.0,1004.1,162.0,0.0,,100.0
2025-04-30 12:00:00,2.3,3.9,5.6,1.0,1.0,81.0,2.3,6.3,162.0,160.0,1004.4,224.0,0.0,4.2,100.0
2025-04-30 13:00:00,1.3,1.9,,0.9,,88.0,3.0,6.0,162.0,154.0,1005.3,264.0,0.0,,100.0
2025-04-30 14:00:00,2.3,3.1,,1.9,,83.0,1.0,2.6,40.0,157.0,1005.8,354.0,0.0,,100.0
2025-04-30 15:00:00,2.9,3.5,,2.6,,76.0,1.4,3.8,188.0,117.0,1006.4,340.0,0.0,,100.0
2025-04-30 16:00:00,3.5,4.1,,2.8,,63.0,0.7,2.5,282.0,144.0,1006.6,369.0,0.0,,100.0
2025-04-30 17:00:00,3.5,4.0,,3.1,,72.0,1.3,2.8,272.0,272.0,1006.7,331.0,0.0,,100.0
2025-04-30 18:00:00,3.8,5.3,5.3,2.6,0.9,70.0,0.4,1.9,169.0,170.0,1007.4,285.0,0.0,0.1,100.0
2025-04-30 19:00:00,3.9,4.6,,3.4,,70.0,0.2,1.3,329.0,321.0,1007.9,205.0,0.0,,100.0
2025-04-30 20:00:00,3.6,4.0,,3.3,,72.0,0.2,1.1,337.0,322.0,1008.0,142.0,0.0,,100.0
2025-04-30 21:00:00,3.1,3.3,,2.9,,76.0,0.2,1.4,354.0,340.0,1008.3,87.0,0.0,,100.0
2025-04-30 22:00:00,4.2,4.8,,3.0,,65.0,2.1,6.3,256.0,259.0,1008.6,43.0,0.0,,100.0
2025-04-30 23:00:00,4.8,5.0,,4.5,,59.0,5.5,9.6,225.0,227.0,1008.9,8.0,0.0,,100.0
2025-05-01 00:00:00,4.8,5.0,5.3,4.6,0.9,60.0,6.2,9.9,234.0,232.0,1009.2,0.0,0.0,0.0,100.0
2025-05-01 01:00:00,4.6,5.0,,4.1,,63.0,4.3,8.4,240.0,241.0,1009.2,0.0,0.0,,100.0
2025-05-01 02:00:00,4.0,4.9,,3.6,,69.0,2.5,5.3,260.0,253.0,1009.3,0.0,0.0,,100.0
2025-05-01 03:00:00,3.2,4.3,,2.6,,73.0,1.4,3.1,229.0,205.0,1009.2,0.0,0.0,,100.0
2025-05-01 04:00:00,2.8,3.3,,1.6,,76.0,0.7,3.2,164.0,202.0,1008.7,0.0,0.0,,100.0
2025-05-01 05:00:00,,,,,,,1.9,3.9,156.0,164.0,1008.5,0.0,0.0,,100.0
2025-05-01 06:00:00,1.3,2.0,5.0,0.8,0.8,85.0,1.6,3.6,332.0,195.0,1008.5,1.0,0.0,0.0,100.0
2025-05-01 07:00:00,2.0,2.6,,0.9,,81.0,0.6,2.4,17.0,339.0,1008.4,13.0,0.0,,100.0
2025-05-01 08:00:00,2.8,3.5,,2.0,,76.0,0.5,2.6,38.0,86.0,1008.3,48.0,0.0,,100.0
2025-05-01 09:00:00,3.8,4.6,,3.2,,72.0,0.9,3.8,319.0,262.0,1008.2,165.0,0.0,,100.0
2025-05-01 10:00:00,4.6,5.1,,3.9,,71.0,3.2,7.2,266.0,258.0,1008.0,293.0,0.0,,100.0
2025-05-01 11:00:00,4.6,4.9,,4.0,,71.0,5.4,9.9,229.0,240.0,1007.8,215.0,0.0,,100.0
2025-05-01 12:00:00,4.6,4.8,5.1,4.4,0.8,71.0,7.1,11.3,229.0,230.0,1007.8,232.0,0.0,0.0,100.0
2025-05-01 13:00:00,4.3,4.4,,3.9,,73.0,6.7,10.2,237.0,233.0,1007.8,365.0,0.0,,100.0
2025-05-01 14:00:00,4.1,4.2,,3.9,,74.0,6.5,11.4,233.0,233.0,1007.6,370.0,0.0,,100.0
2025-05-01 15:00:00,4.4,4.7,,4.0,,69.0,6.0,11.1,237.0,232.0,1007.0,636.0,0.0,,60.0
2025-05-01 16:00:00,4.9,5.9,,4.3,,65.0,2.7,8.2,247.0,237.0,1006.2,706.0,0.0,,
2025-05-01 17:00:00,5.4,6.1,,4.7,,58.0,4.5,11.6,284.0,286.0,1005.8,628.0,0.0,,
2025-05-01 18:00:00,6.0,6.9,6.9,5.3,0.9,43.0,6.2,12.5,289.0,282.0,1005.6,554.0,0.0,0.0,
2025-05-01 19:00:00,6.7,6.9,,6.4,,35.0,7.5,15.6,305.0,288.0,1005.8,454.0,0.0,,
2025-05-01 20:00:00,6.6,6.9,,6.2,,32.0,8.4,18.7,302.0,304.0,1005.9,340.0,0.0,,
2025-05-01 21:00:00,6.4,7.0,,5.5,,32.0,7.5,18.6,296.0,296.0,1006.1,222.0,0.0,,
2025-05-01 22:00:00,6.5,6.9,,5.8,,29.0,5.2,13.6,315.0,278.0,1006.5,109.0,0.0,,
2025-05-01 23:00:00,5.3,6.3,,4.5,,33.0,10.0,20.8,300.0,341.0,1006.6,12.0,0.0,,
2025-05-02 00:00:00,4.3,5.0,7.0,3.6,3.6,36.0,10.6,19.1,297.0,289.0,1007.7,0.0,0.0,0.0,
2025-05-02 01:00:00,4.1,5.2,,3.4,,36.0,10.3,20.4,302.0,290.0,1007.8,0.0,0.0,,
2025-05-02 02:00:00,4.7,5.9,,3.6,,31.0,8.0,16.9,350.0,317.0,1007.2,0.0,0.0,,
2025-05-02 03:00:00,4.2,4.5,,3.6,,33.0,6.6,16.1,290.0,304.0,1007.9,0.0,0.0,,
2025-05-02 04:00:00,3.7,4.4,,3.0,,35.0,6.9,20.5,306.0,290.0,1008.3,0.0,0.0,,
2025-05-02 05:00:00,3.5,4.2,,2.8,,35.0,4.7,15.0,342.0,307.0,1008.3,0.0,0.0,,
2025-05-02 06:00:00,3.8,4.4,7.0,3.1,2.8,34.0,3.4,8.3,343.0,328.0,1008.7,4.0,0.0,0.0,
2025-05-02 07:00:00,4.2,4.6,,3.2,,34.0,2.8,8.5,265.0,341.0,1009.3,28.0,0.0,,
2025-05-02 08:00:00,4.4,4.9,,3.1,,34.0,1.5,5.5,104.0,334.0,1010.3,98.0,0.0,,
2025-05-02 09:00:00,4.4,4.8,,3.5,,38.0,2.1,5.7,38.0,75.0,1011.5,223.0,0.0,,
2025-05-02 10:00:00,4.5,4.8,,4.0,,41.0,1.5,5.0,256.0,8.0,1012.3,350.0,0.0,,
2025-05-02 11:00:00,4.3,5.2,,3.4,,45.0,2.0,3.5,163.0,186.0,1013.5,412.0,0.0,,
2025-05-02 12:00:00,4.8,5.9,5.9,3.9,2.8,44.0,1.8,3.8,273.0,188.0,1014.2,546.0,0.0,0.0,25.0
2025-05-02 13:00:00,6.5,8.1,,5.2,,42.0,0.8,3.9,151.0,226.0,1015.4,634.0,0.0,,75.0
2025-05-02 14:00:00,7.7,8.5,,6.3,,32.0,3.4,6.1,143.0,143.0,1016.6,627.0,0.0,,90.0
2025-05-02 15:00:00,6.7,7.8,,5.8,,36.0,4.6,7.3,147.0,146.0,1017.2,667.0,0.0,,100.0
2025-05-02 16:00:00,6.8,8.0,,6.1,,37.0,4.3,8.6,133.0,143.0,1018.1,626.0,0.0,,100.0
2025-05-02 17:00:00,7.1,8.8,,6.2,,35.0,4.6,8.6,157.0,143.0,1019.2,456.0,0.0,,100.0
2025-05-02 18:00:00,6.2,6.6,8.8,5.8,3.1,39.0,3.8,7.5,154.0,155.0,1019.9,315.0,0.0,0.0,100.0
2025-05-02 19:00:00,,,,,,,,,,,1020.5,145.0,,,100.0
2025-05-02 20:00:00,5.0,6.5,,3.0,,50.0,2.0,4.3,174.0,166.0,1021.0,151.0,0.0,,100.0
2025-05-02 21:00:00,3.5,3.8,,3.1,,59.0,2.9,4.4,158.0,162.0,1021.4,83.0,0.0,,100.0
2025-05-02 22:00:00,3.1,4.1,,2.2,,62.0,3.4,5.2,156.0,159.0,1021.8,46.0,0.0,,100.0
2025-05-02 23:00:00,1.6,2.8,,1.1,,77.0,4.3,7.4,158.0,163.0,1022.8,11.0,0.0,,100.0
2025-05-03 00:00:00,2.1,2.5,8.8,1.6,1.1,70.0,2.1,5.4,123.0,143.0,1023.2,1.0,0.0,0.0,100.0
2025-05-03 01:00:00,1.4,2.5,,1.0,,78.0,0.2,1.2,133.0,326.0,1023.3,0.0,0.0,,100.0
2025-05-03 02:00:00,1.0,1.6,,0.7,,82.0,1.5,4.8,304.0,153.0,1023.4,0.0,0.0,,100.0
2025-05-03 03:00:00,1.5,2.9,,0.6,,78.0,1.5,4.3,34.0,153.0,1023.7,0.0,0.0,,100.0
2025-05-03 04:00:00,0.7,1.1,,0.4,,86.0,0.5,2.1,294.0,328.0,1023.0,0.0,0.0,,100.0
2025-05-03 05:00:00,1.5,3.1,,1.1,,78.0,0.5,2.6,248.0,260.0,1022.9,0.0,0.0,,100.0
2025-05-03 06:00:00,2.0,2.9,6.5,1.3,0.4,73.0,1.2,4.4,158.0,169.0,1022.8,1.0,0.0,0.0,100.0
2025-05-03 07:00:00,2.0,3.1,,0.9,,73.0,1.4,4.7,146.0,147.0,1023.2,9.0,0.0,,100.0
2025-05-03 08:00:00,1.3,2.3,,1.0,,80.0,1.2,2.9,306.0,325.0,1022.8,31.0,0.0,,100.0
2025-05-03 09:00:00,1.8,2.4,,1.4,,76.0,1.0,3.6,0.0,157.0,1022.6,70.0,0.0,,100.0
2025-05-03 10:00:00,2.8,3.6,,1.9,,69.0,1.9,3.9,133.0,159.0,1022.8,104.0,0.0,,100.0
2025-05-03 11:00:00,3.0,3.5,,2.8,,71.0,0.3,3.0,269.0,303.0,1022.4,142.0,0.0,,100.0
2025-05-03 12:00:00,3.8,4.2,4.2,3.2,0.4,65.0,1.7,3.9,298.0,262.0,1022.1,216.0,0.0,0.0,100.0
2025-05-03 13:00:00,4.2,4.8,,3.7,,66.0,0.9,2.1,142.0,209.0,1022.5,195.0,0.2,,100.0
2025-05-03 14:00:00,3.4,4.6,,3.1,,77.0,2.2,6.1,270.0,281.0,1021.8,288.0,0.5,,100.0
2025-05-03 15:00:00,3.9,4.1,,3.5,,79.0,2.2,4.0,270.0,272.0,1021.1,366.0,0.0,,100.0
2025-05-03 16:00:00,4.4,4.9,,4.1,,76.0,2.1,3.8,326.0,284.0,1020.5,264.0,0.0,,100.0
2025-05-03 17:00:00,4.5,5.0,,3.8,,73.0,2.6,7.5,357.0,349.0,1020.1,216.0,0.0,,100.0
2025-05-03 18:00:00,3.6,3.8,5.0,3.3,0.9,77.0,2.7,7.7,327.0,350.0,1020.0,142.0,0.0,0.6,100.0
2025-05-03 19:00:00,3.5,3.7,,3.3,,83.0,2.1,5.4,328.0,344.0,1019.3,119.0,0.4,,100.0
2025-05-03 20:00:00,3.6,4.0,,3.2,,85.0,1.6,4.1,270.0,299.0,1018.7,88.0,0.5,,100.0
2025-05-03 21:00:00,3.5,3.7,,3.3,,86.0,1.9,3.0,256.0,261.0,1018.1,62.0,0.4,,100.0
2025-05-03 22:00:00,3.3,3.7,,2.6,,89.0,1.6,2.7,163.0,245.0,1017.9,34.0,0.4,,100.0
2025-05-03 23:00:00,2.6,2.8,,2.3,,94.0,1.1,2.3,211.0,180.0,1017.5,11.0,0.3,,100.0
2025-05-04 00:00:00,3.0,3.4,5.0,2.5,2.3,91.0,1.6,2.7,264.0,258.0,1016.9,1.0,0.0,2.7,100.0
2025-05-04 01:00:00,2.6,3.2,,2.0,,92.0,1.5,2.3,179.0,203.0,1016.6,0.0,0.0,,100.0
2025-05-04 02:00:00,2.3,2.6,,2.0,,95.0,1.1,2.2,276.0,257.0,1015.7,0.0,0.0,,100.0
2025-05-04 03:00:00,2.7,3.3,,2.3,,93.0,1.6,3.1,162.0,252.0,1015.1,0.0,0.1,,100.0
2025-05-04 04:00:00,2.2,2.6,,1.9,,96.0,1.2,3.5,267.0,237.0,1014.4,0.0,0.4,,100.0
2025-05-04 05:00:00,2.6,3.2,,2.1,,95.0,2.5,5.4,143.0,186.0,1014.0,0.0,0.6,,100.0
2025-05-04 06:00:00,2.2,3.2,4.0,1.4,1.4,97.0,1.4,3.2,273.0,260.0,1013.7,0.0,0.6,4.4,100.0
2025-05-04 07:00:00,2.3,2.6,,1.9,,97.0,1.4,3.3,304.0,275.0,1013.2,12.0,0.2,,100.0
2025-05-04 08:00:00,2.7,3.3,,1.9,,98.0,0.4,1.5,188.0,285.0,1013.0,51.0,0.0,,100.0
2025-05-04 09:00:00,3.4,3.9,,3.0,,96.0,0.2,1.4,268.0,256.0,1012.9,108.0,0.1,,100.0
2025-05-04 10:00:00,4.3,4.6,,4.1,,96.0,0.6,2.4,264.0,271.0,1012.6,135.0,0.0,,100.0
2025-05-04 11:00:00,4.7,4.9,,4.3,,94.0,0.3,1.4,160.0,277.0,1012.7,141.0,0.0,,100.0
2025-05-04 12:00:00,4.4,5.2,5.2,3.8,1.4,95.0,0.5,2.6,240.0,234.0,1012.0,173.0,0.0,4.8,100.0
2025-05-04 13:00:00,5.0,5.8,,4.3,,92.0,1.1,3.1,84.0,249.0,1011.8,261.0,0.0,,100.0
2025-05-04 14:00:00,5.3,5.8,,4.7,,91.0,1.1,2.8,165.0,177.0,1011.3,242.0,0.0,,100.0
2025-05-04 15:00:00,5.5,6.0,,4.9,,90.0,1.4,3.4,257.0,160.0,1010.6,194.0,0.3,,100.0
2025-05-04 16:00:00,5.5,6.2,,4.8,,92.0,1.1,2.4,189.0,240.0,1009.5,184.0,1.9,,100.0
2025-05-04 17:00:00,5.6,6.1,,4.9,,92.0,1.5,4.5,155.0,181.0,1008.8,92.0,1.3,,100.0
2025-05-04 18:00:00,6.9,7.4,7.4,5.5,1.9,79.0,4.8,11.9,87.0,92.0,1008.4,86.0,0.8,8.4,100.0
2025-05-04 19:00:00,,,,,,,5.1,11.8,78.0,85.0,1007.6,96.0,1.2,,100.0
2025-05-04 20:00:00,6.0,6.3,,5.7,,79.0,4.1,12.3,69.0,71.0,1007.2,55.0,1.6,,100.0
2025-05-04 21:00:00,5.8,6.0,,5.7,,78.0,4.9,11.7,75.0,70.0,1006.9,33.0,0.8,,100.0
2025-05-04 22:00:00,5.5,5.9,,5.1,,78.0,6.3,15.3,76.0,77.0,1007.0,14.0,2.1,,100.0
2025-05-04 23:00:00,5.1,5.4,,4.8,,77.0,7.3,18.7,71.0,70.0,1006.6,4.0,1.7,,100.0
2025-05-05 01:00:00,4.9,5.4,,4.6,,77.0,10.0,19.6,87.0,85.0,1007.0,0.0,0.0,,100.0
2025-05-05 02:00:00,4.5,5.0,,4.1,,79.0,11.3,20.3,85.0,86.0,1007.0,0.0,0.0,,100.0
2025-05-05 03:00:00,4.2,4.3,,4.0,,78.0,11.2,18.8,85.0,85.0,1007.0,0.0,0.0,,100.0
2025-05-05 04:00:00,3.7,3.9,,3.4,,79.0,10.7,18.5,85.0,86.0,1007.1,0.0,1.0,,100.0
2025-05-05 05:00:00,3.8,4.0,,3.6,,75.0,11.0,18.7,89.0,88.0,1007.1,0.0,0.0,,100.0
2025-05-05 06:00:00,3.4,3.8,6.7,3.1,3.1,76.0,10.3,17.1,86.0,87.0,1007.5,0.0,0.0,13.6,100.0
2025-05-05 07:00:00,3.1,3.2,,2.7,,79.0,8.4,14.2,89.0,88.0,1007.5,3.0,0.0,,100.0
2025-05-05 08:00:00,3.1,3.3,,2.9,,78.0,5.9,11.9,86.0,92.0,1007.4,22.0,0.0,,100.0
2025-05-05 09:00:00,3.2,3.3,,3.1,,76.0,5.8,12.8,90.0,88.0,1007.2,43.0,0.0,,100.0
2025-05-05 10:00:00,3.3,3.4,,3.2,,75.0,4.6,11.1,67.0,84.0,1006.8,76.0,0.0,,100.0
2025-05-05 11:00:00,3.3,3.4,,3.1,,76.0,3.7,9.2,88.0,83.0,1006.8,88.0,0.0,,100.0
2025-05-05 12:00:00,3.2,3.3,5.4,3.0,2.7,78.0,4.1,8.0,101.0,96.0,1006.7,97.0,0.2,13.4,100.0
2025-05-05 14:00:00,0.8,1.0,,0.7,,93.0,4.1,6.8,149.0,151.0,1007.0,176.0,0.6,,100.0
2025-05-05 16:00:00,1.1,1.3,,0.8,,90.0,3.4,6.8,149.0,151.0,1006.8,194.0,0.3,,100.0
2025-05-05 17:00:00,1.5,1.9,,1.2,,88.0,2.4,5.3,142.0,153.0,1006.4,257.0,0.1,,100.0
2025-05-05 18:00:00,1.9,2.4,3.4,1.6,0.7,87.0,0.7,2.6,0.0,156.0,1006.0,204.0,0.0,11.7,100.0
2025-05-05 19:00:00,2.0,2.2,,1.6,,85.0,1.7,4.5,143.0,155.0,1005.7,112.0,0.0,,100.0
2025-05-05 20:00:00,2.2,2.4,,2.0,,82.0,1.6,3.6,177.0,158.0,1005.1,91.0,0.0,,100.0
2025-05-05 21:00:00,2.4,2.6,,2.3,,82.0,0.9,2.1,161.0,167.0,1004.8,64.0,0.0,,100.0
2025-05-05 22:00:00,2.1,2.4,,1.7,,84.0,1.8,4.0,260.0,244.0,1003.8,35.0,0.0,,100.0
2025-05-05 23:00:00,2.3,2.6,,1.7,,83.0,2.3,4.1,283.0,272.0,1003.2,9.0,0.0,,100.0
2025-05-06 00:00:00,2.8,3.1,3.1,2.6,0.7,79.0,1.1,3.6,9.0,3.0,1002.5,0.0,0.1,3.8,100.0
2025-05-06 01:00:00,2.8,3.1,,2.5,,79.0,2.2,5.7,335.0,352.0,1001.6,0.0,0.1,,100.0
2025-05-06 02:00:00,2.8,3.3,,2.3,,80.0,2.4,6.1,7.0,357.0,1000.4,0.0,0.1,,100.0
2025-05-06 03:00:00,2.5,3.2,,2.0,,82.0,3.0,7.1,360.0,7.0,999.1,0.0,0.0,,100.0
2025-05-06 04:00:00,2.9,3.4,,2.1,,79.0,3.0,5.8,354.0,359.0,998.0,0.0,0.0,,100.0
2025-05-06 05:00:00,2.8,3.1,,2.3,,82.0,2.5,5.8,342.0,355.0,997.1,0.0,1.1,,100.0
2025-05-06 06:00:00,2.3,2.7,3.4,2.1,1.6,88.0,1.6,4.9,321.0,336.0,996.6,1.0,0.5,4.5,100.0
2025-05-06 07:00:00,3.0,3.4,,2.5,,83.0,1.0,3.8,326.0,11.0,996.8,8.0,0.1,,100.0
2025-05-06 08:00:00,3.9,4.4,,3.2,,75.0,3.0,10.8,79.0,71.0,997.2,34.0,0.0,,100.0
2025-05-06 09:00:00,3.3,3.5,,3.2,,78.0,4.1,9.4,64.0,68.0,997.5,64.0,0.0,,100.0
2025-05-06 10:00:00,2.9,3.3,,2.7,,80.0,4.1,7.9,88.0,87.0,998.1,57.0,0.0,,100.0
2025-05-06 11:00:00,2.0,2.6,,1.8,,86.0,5.0,9.5,85.0,89.0,998.7,87.0,0.4,,100.0
2025-05-06 12:00:00,2.4,3.2,4.4,1.8,1.8,85.0,4.4,8.4,85.0,85.0,998.8,230.0,0.0,4.8,100.0
2025-05-06 13:00:00,3.0,3.2,,2.8,,83.0,3.9,7.2,90.0,87.0,999.2,221.0,0.0,,100.0
2025-05-06 14:00:00,3.3,3.7,,2.8,,82.0,3.1,5.8,81.0,86.0,999.3,310.0,0.1,,100.0
2025-05-06 15:00:00,3.6,3.8,,3.1,,79.0,3.4,6.7,81.0,83.0,999.3,282.0,0.0,,100.0
2025-05-06 16:00:00,4.1,4.4,,3.8,,75.0,2.3,6.1,72.0,76.0,999.1,339.0,0.0,,100.0
2025-05-06 17:00:00,4.4,4.6,,4.3,,70.0,2.3,5.7,49.0,68.0,998.7,294.0,0.0,,100.0
2025-05-06 18:00:00,4.4,4.7,4.7,4.2,1.8,68.0,1.9,3.9,30.0,42.0,998.6,267.0,0.0,2.4,100.0
2025-05-06 19:00:00,4.0,4.5,,3.6,,71.0,1.3,3.4,148.0,158.0,,223.0,0.0,,
2025-05-06 20:00:00,4.1,4.8,,3.6,,71.0,0.7,2.1,250.0,216.0,998.3,220.0,0.0,,100.0
2025-05-06 21:00:00,3.3,4.1,,2.9,,76.0,2.0,4.2,197.0,174.0,998.0,121.0,0.0,,100.0
2025-05-06 22:00:00,3.1,3.7,,2.1,,79.0,1.3,4.3,292.0,360.0,997.8,42.0,0.6,,100.0
2025-05-06 23:00:00,1.3,2.1,,0.8,,91.0,2.3,3.7,253.0,253.0,997.3,6.0,1.1,,100.0
2025-05-07 00:00:00,1.5,2.1,4.8,0.7,0.7,91.0,2.8,4.6,273.0,259.0,996.6,2.0,0.2,4.1,100.0
2025-05-07 01:00:00,1.7,2.3,,0.8,,87.0,2.2,4.8,162.0,210.0,995.9,0.0,0.0,,100.0
2025-05-07 02:00:00,0.8,1.1,,0.7,,94.0,2.6,4.3,159.0,160.0,995.2,0.0,0.0,,100.0
2025-05-07 03:00:00,0.9,1.0,,0.6,,95.0,1.1,2.3,337.0,165.0,994.9,0.0,0.0,,100.0
2025-05-07 04:00:00,0.4,0.6,,0.4,,96.0,0.0,0.8,0.0,0.0,994.2,0.0,0.0,,100.0
2025-05-07 05:00:00,0.3,0.5,,0.2,,97.0,0.7,1.9,314.0,323.0,994.0,0.0,0.0,,100.0
2025-05-07 06:00:00,0.5,0.8,4.8,0.2,0.2,97.0,1.2,2.1,249.0,263.0,994.0,4.0,0.0,2.4,100.0
2025-05-07 07:00:00,0.6,2.6,,0.3,,93.0,1.0,7.5,213.0,186.0,993.8,34.0,0.0,,100.0
2025-05-07 08:00:00,3.2,3.6,,2.7,,67.0,4.4,8.0,231.0,230.0,994.2,129.0,0.0,,10.0
2025-05-07 09:00:00,3.6,3.8,,3.1,,60.0,4.4,9.7,247.0,232.0,994.5,254.0,0.0,,10.0
2025-05-07 10:00:00,4.2,4.5,,3.8,,51.0,3.8,7.8,233.0,237.0,994.4,372.0,0.0,,
2025-05-07 11:00:00,4.5,5.2,,3.6,,47.0,2.8,10.1,14.0,181.0,995.1,491.0,0.0,,
2025-05-07 12:00:00,4.4,5.0,5.2,3.8,0.2,49.0,2.1,6.2,172.0,40.0,995.7,587.0,0.0,1.9,
2025-05-07 13:00:00,2.3,4.4,,0.8,,61.0,4.1,8.9,130.0,149.0,996.2,657.0,0.0,,
2025-05-07 14:00:00,1.6,2.5,,0.9,,65.0,4.0,8.0,323.0,136.0,996.8,704.0,0.0,,
2025-05-07 15:00:00,1.7,2.4,,1.3,,69.0,1.8,4.3,160.0,307.0,997.3,719.0,0.0,,
2025-05-07 16:00:00,0.9,1.3,,0.6,,79.0,3.0,4.9,132.0,142.0,997.7,699.0,0.0,,
2025-05-07 17:00:00,1.0,1.8,,0.6,,84.0,2.2,4.7,136.0,137.0,997.9,575.0,0.0,,10.0
2025-05-07 18:00:00,1.6,2.1,5.2,1.3,0.3,78.0,1.3,3.0,151.0,157.0,998.2,526.0,0.0,1.8,10.0
2025-05-07 19:00:00,,,,,,,2.4,3.9,142.0,141.0,998.5,411.0,,,25.0
2025-05-07 20:00:00,0.0,0.4,,-0.6,,91.0,1.6,3.7,196.0,150.0,998.3,264.0,0.0,,10.0
2025-05-07 21:00:00,-0.3,0.5,,-0.6,,89.0,1.2,2.9,167.0,166.0,998.2,115.0,0.0,,100.0
2025-05-07 22:00:00,0.5,0.9,,-0.1,,81.0,0.6,1.8,14.0,145.0,997.9,47.0,0.0,,100.0
2025-05-07 23:00:00,0.0,0.4,,-0.4,,93.0,0.6,2.3,273.0,263.0,997.6,9.0,0.4,,100.0
2025-05-08 00:00:00,-0.3,-0.1,4.4,-0.3,-0.6,97.0,0.6,1.5,303.0,279.0,997.1,1.0,1.3,1.6,100.0
2025-05-08 01:00:00,-0.3,-0.2,,-0.3,,98.0,0.0,0.5,0.0,0.0,996.4,0.0,1.0,,100.0
2025-05-08 02:00:00,0.0,0.2,,-0.3,,98.0,0.4,2.0,165.0,167.0,995.6,0.0,1.2,,100.0
2025-05-08 03:00:00,0.3,0.5,,0.2,,98.0,1.0,1.8,146.0,154.0,994.8,0.0,0.7,,100.0
2025-05-08 04:00:00,0.6,0.7,,0.5,,95.0,1.5,3.2,102.0,130.0,994.3,0.0,0.5,,100.0
2025-05-08 05:00:00,0.9,1.1,,0.6,,91.0,4.2,9.9,86.0,89.0,993.5,0.0,0.8,,100.0
2025-05-08 06:00:00,1.1,1.3,2.2,0.8,-0.6,86.0,5.1,10.9,82.0,85.0,992.9,1.0,0.4,6.1,100.0
2025-05-08 07:00:00,1.1,1.3,,0.8,,84.0,2.9,6.3,72.0,83.0,992.3,15.0,0.1,,100.0
2025-05-08 08:00:00,0.5,1.1,,0.2,,91.0,1.3,3.8,339.0,13.0,991.8,39.0,0.5,,100.0
2025-05-08 09:00:00,0.4,0.6,,0.2,,91.0,1.2,3.8,259.0,315.0,991.0,90.0,0.1,,100.0
2025-05-08 10:00:00,0.9,1.4,,0.4,,85.0,1.0,3.7,308.0,290.0,990.2,124.0,0.2,,100.0
2025-05-08 11:00:00,1.4,1.7,,1.2,,80.0,1.1,3.6,321.0,316.0,989.5,158.0,0.0,,100.0
2025-05-08 12:00:00,2.0,2.2,2.2,1.8,-0.3,74.0,2.4,7.4,7.0,6.0,988.5,236.0,0.0,7.1,100.0
2025-05-08 13:00:00,1.8,2.3,,1.5,,79.0,2.7,5.4,352.0,4.0,987.6,291.0,0.0,,100.0
2025-05-08 14:00:00,2.1,2.4,,1.9,,78.0,2.6,5.1,322.0,355.0,986.9,287.0,0.0,,100.0
2025-05-08 15:00:00,2.9,3.4,,2.2,,71.0,2.8,5.5,355.0,324.0,985.7,360.0,0.0,,100.0
2025-05-08 16:00:00,3.3,3.5,,3.1,,69.0,3.4,7.2,360.0,359.0,984.8,308.0,0.0,,100.0
2025-05-08 17:00:00,3.0,3.5,,2.5,,72.0,2.7,6.1,26.0,12.0,984.1,235.0,0.0,,100.0
2025-05-08 18:00:00,2.4,2.7,3.5,1.9,0.2,78.0,1.6,4.1,262.0,285.0,983.7,209.0,0.0,7.1,100.0
2025-05-08 19:00:00,2.5,2.9,,1.9,,78.0,1.9,3.9,249.0,269.0,,214.0,0.0,,25.0
2025-05-08 20:00:00,2.4,2.6,,2.3,,77.0,1.5,3.7,251.0,262.0,983.2,137.0,0.0,,100.0
2025-05-08 21:00:00,1.7,2.6,,1.3,,86.0,1.1,3.0,172.0,178.0,982.9,127.0,0.0,,100.0
2025-05-08 22:00:00,1.6,2.4,,1.2,,87.0,2.1,4.3,169.0,164.0,982.8,81.0,0.0,,100.0
2025-05-08 23:00:00,1.6,2.4,,1.2,,84.0,2.0,3.5,335.0,172.0,982.6,23.0,0.0,,100.0
2025-05-09 00:00:00,1.2,1.6,3.5,0.6,0.6,89.0,1.2,2.9,158.0,164.0,982.6,3.0,0.0,5.4,100.0
2025-05-09 01:00:00,0.7,1.4,,0.5,,92.0,1.0,4.1,348.0,328.0,982.2,0.0,0.0,,100.0
2025-05-09 02:00:00,1.2,2.0,,0.7,,85.0,0.9,3.5,236.0,313.0,981.9,0.0,0.0,,100.0
2025-05-09 03:00:00,1.3,2.0,,0.8,,81.0,1.9,3.3,191.0,158.0,981.9,0.0,0.0,,75.0
2025-05-09 04:00:00,1.2,1.6,,0.7,,78.0,1.3,3.2,61.0,262.0,981.8,0.0,0.0,,90.0
2025-05-09 05:00:00,1.4,2.3,,-0.2,,70.0,1.6,5.3,158.0,269.0,982.5,0.0,0.0,,90.0
2025-05-09 06:00:00,-0.4,0.5,2.9,-0.8,-0.7,88.0,2.5,4.9,164.0,161.0,982.9,10.0,0.0,0.9,10.0
2025-05-09 07:00:00,-0.5,-0.3,,-0.8,,92.0,1.9,3.8,261.0,174.0,983.0,52.0,0.0,,
2025-05-09 08:00:00,-0.4,0.6,,-0.9,,82.0,1.8,3.8,281.0,250.0,983.2,123.0,0.0,,
2025-05-09 09:00:00,0.8,1.1,,0.2,,59.0,1.4,3.9,36.0,15.0,983.1,202.0,0.0,,
2025-05-09 10:00:00,1.0,1.5,,0.5,,57.0,1.7,4.6,162.0,121.0,983.5,346.0,0.0,,
2025-05-09 11:00:00,1.0,2.3,,0.5,,72.0,2.4,4.6,120.0,146.0,983.8,516.0,0.0,,
2025-05-09 12:00:00,2.2,2.7,2.7,1.6,-0.9,50.0,2.7,6.8,25.0,14.0,984.4,602.0,0.0,0.0,
2025-05-09 13:00:00,0.7,2.3,,-0.1,,74.0,3.7,6.4,153.0,144.0,984.9,677.0,0.0,,
2025-05-09 14:00:00,1.3,1.9,,0.9,,74.0,2.4,3.8,149.0,148.0,985.4,723.0,0.0,,
2025-05-09 15:00:00,1.4,1.9,,0.9,,75.0,2.5,3.7,144.0,147.0,985.7,737.0,0.0,,
2025-05-09 16:00:00,2.1,2.6,,1.5,,69.0,2.3,4.2,141.0,143.0,986.3,718.0,0.0,,
2025-05-09 17:00:00,2.1,2.4,,1.9,,72.0,2.1,3.5,145.0,143.0,987.0,666.0,0.0,,
2025-05-09 18:00:00,2.3,2.8,2.8,1.9,-0.9,74.0,2.5,4.1,131.0,144.0,987.8,590.0,0.0,0.0,25.0
2025-05-09 19:00:00,,,,,,,,4.7,,,988.5,343.0,,,60.0
2025-05-09 20:00:00,1.9,2.7,,1.5,,77.0,2.7,5.4,153.0,134.0,989.1,219.0,0.0,,90.0
2025-05-09 21:00:00,1.4,1.8,,1.1,,80.0,2.1,4.5,178.0,169.0,989.8,179.0,0.0,,40.0
2025-05-09 22:00:00,1.1,1.8,,0.6,,81.0,2.2,3.9,152.0,148.0,990.4,83.0,0.0,,100.0
2025-05-09 23:00:00,0.4,0.7,,0.1,,84.0,1.9,4.3,153.0,160.0,991.2,35.0,0.0,,40.0
2025-05-10 00:00:00,-0.1,0.4,2.8,-0.5,-0.5,74.0,1.4,3.1,248.0,223.0,992.1,4.0,0.0,0.0,
2025-05-10 01:00:00,-0.8,-0.4,,-1.3,,68.0,1.0,4.2,282.0,269.0,992.8,0.0,0.0,,
2025-05-10 02:00:00,-1.1,-0.8,,-1.4,,57.0,1.0,4.2,353.0,258.0,993.2,0.0,0.0,,
2025-05-10 03:00:00,-1.3,-0.6,,-1.7,,51.0,2.3,6.6,295.0,286.0,993.8,0.0,0.0,,
2025-05-10 04:00:00,-1.8,-1.4,,-2.2,,54.0,1.1,4.3,0.0,312.0,994.5,0.0,0.0,,
2025-05-10 05:00:00,-1.8,-1.2,,-2.3,,56.0,1.2,4.0,5.0,13.0,995.4,0.0,0.0,,
2025-05-10 06:00:00,-1.6,-1.4,2.7,-1.8,-2.3,54.0,2.7,6.5,324.0,342.0,996.4,6.0,0.0,0.0,
2025-05-10 07:00:00,-1.6,-1.1,,-2.0,,53.0,2.7,6.2,346.0,338.0,997.2,57.0,0.0,,
2025-05-10 08:00:00,-1.3,-1.2,,-1.5,,50.0,4.2,8.3,336.0,329.0,998.2,100.0,0.0,,
2025-05-10 09:00:00,-1.2,-0.5,,-1.6,,49.0,3.7,7.7,338.0,335.0,999.0,148.0,0.0,,
2025-05-10 10:00:00,-0.1,0.4,,-0.5,,47.0,2.7,6.0,321.0,325.0,999.4,391.0,0.0,,
2025-05-10 11:00:00,0.8,1.3,,0.3,,45.0,2.8,7.6,13.0,358.0,1000.2,511.0,0.0,,
2025-05-10 12:00:00,1.5,1.8,1.8,1.3,-2.3,45.0,3.0,6.4,8.0,3.0,1000.8,599.0,0.0,0.0,
2025-05-10 13:00:00,1.9,2.5,,1.4,,45.0,3.0,5.9,37.0,11.0,1001.3,665.0,0.0,,10.0
2025-05-10 14:00:00,1.9,2.6,,1.2,,51.0,2.2,4.4,148.0,147.0,1001.9,705.0,0.0,,60.0
2025-05-10 15:00:00,2.0,2.8,,0.8,,52.0,2.3,4.6,151.0,144.0,1002.3,643.0,0.0,,75.0
2025-05-10 16:00:00,1.1,1.6,,0.9,,53.0,2.9,5.2,154.0,155.0,1002.8,558.0,0.0,,100.0
2025-05-10 17:00:00,1.3,1.7,,0.9,,58.0,3.1,5.0,164.0,155.0,1003.5,617.0,0.0,,60.0
2025-05-10 18:00:00,1.0,1.3,2.8,0.8,-2.0,65.0,2.8,4.2,155.0,157.0,1004.0,520.0,0.0,0.0,100.0
2025-05-10 19:00:00,1.3,1.6,,1.1,,63.0,2.2,4.0,157.0,150.0,,477.0,0.0,,100.0
2025-05-10 20:00:00,1.6,1.9,,1.4,,56.0,0.9,2.4,316.0,22.0,1005.0,197.0,0.0,,100.0
2025-05-10 21:00:00,1.5,1.8,,1.2,,63.0,0.7,2.4,29.0,125.0,1005.5,127.0,0.0,,100.0
2025-05-10 22:00:00,1.3,1.6,,0.7,,61.0,1.1,3.7,167.0,117.0,1005.7,92.0,0.0,,100.0
2025-05-10 23:00:00,0.9,1.2,,0.4,,64.0,0.9,3.1,269.0,201.0,1005.9,27.0,0.0,,60.0
2025-05-11 00:00:00,0.2,0.7,2.8,-0.4,-0.4,71.0,0.9,1.8,305.0,285.0,1006.3,4.0,0.0,0.0,40.0
2025-05-11 01:00:00,-0.1,0.3,,-0.8,,70.0,1.2,2.2,277.0,280.0,1006.0,0.0,0.0,,
2025-05-11 02:00:00,-0.2,0.6,,-1.1,,64.0,1.1,3.1,260.0,269.0,1005.7,0.0,0.0,,
2025-05-11 03:00:00,-0.6,0.7,,-1.5,,66.0,2.9,7.2,158.0,174.0,1005.6,0.0,0.0,,
2025-05-11 04:00:00,-0.8,0.1,,-1.7,,69.0,3.2,6.4,312.0,169.0,1006.1,0.0,0.0,,
2025-05-11 05:00:00,-2.0,-1.7,,-2.2,,75.0,1.3,4.1,175.0,279.0,1006.1,0.0,0.0,,
2025-05-11 06:00:00,-2.0,-1.5,1.9,-2.5,-2.5,76.0,1.4,4.1,266.0,266.0,1006.4,9.0,0.0,0.0,
2025-05-11 07:00:00,-0.5,1.1,,-2.1,,64.0,2.5,4.5,162.0,259.0,1005.9,44.0,0.0,,
2025-05-11 08:00:00,-0.2,0.6,,-1.1,,66.0,1.1,3.4,58.0,171.0,1005.9,98.0,0.0,,10.0
2025-05-11 09:00:00,1.1,1.8,,0.5,,59.0,2.6,5.5,164.0,208.0,1005.8,241.0,0.0,,50.0
2025-05-11 10:00:00,2.1,3.2,,1.2,,54.0,2.8,5.3,151.0,157.0,1006.2,385.0,0.0,,
2025-05-11 11:00:00,3.4,4.4,,2.4,,54.0,0.8,2.2,31.0,16.0,1006.1,573.0,0.0,,50.0
2025-05-11 12:00:00,4.1,4.7,4.7,3.7,-2.5,52.0,0.8,3.0,272.0,309.0,1005.5,632.0,0.0,0.0,90.0
2025-05-11 13:00:00,4.8,5.9,,3.9,,50.0,1.1,2.8,197.0,262.0,1005.2,672.0,0.0,,100.0
2025-05-11 14:00:00,4.6,6.5,,3.1,,50.0,2.6,5.7,158.0,158.0,1005.1,604.0,0.0,,40.0
2025-05-11 15:00:00,4.7,5.9,,4.2,,49.0,1.8,3.2,168.0,170.0,1004.7,715.0,0.0,,
2025-05-11 16:00:00,4.5,5.5,,3.6,,57.0,2.4,3.9,289.0,167.0,1004.7,689.0,0.0,,
2025-05-11 17:00:00,6.8,8.2,,5.5,,46.0,0.7,2.5,35.0,333.0,1004.2,655.0,0.0,,
2025-05-11 18:00:00,6.4,7.3,8.2,5.4,-2.1,48.0,0.6,2.2,20.0,31.0,1003.9,587.0,0.0,0.0,
2025-05-11 19:00:00,,,,,,,,8.1,,,1003.8,492.0,,,
2025-05-11 20:00:00,7.5,7.9,,6.9,,38.0,2.4,5.0,298.0,319.0,1004.1,381.0,0.0,,
2025-05-11 21:00:00,6.8,7.9,,6.2,,40.0,5.9,9.7,265.0,271.0,1004.5,262.0,0.0,,
2025-05-11 22:00:00,6.5,7.0,,6.0,,37.0,6.7,11.4,269.0,270.0,1004.9,151.0,0.0,,
2025-05-11 23:00:00,5.6,7.2,,4.7,,34.0,7.8,13.5,275.0,274.0,1005.4,40.0,0.0,,
2025-05-12 00:00:00,5.1,5.8,8.2,4.5,3.1,24.0,9.7,18.8,285.0,280.0,1006.1,6.0,0.0,0.0,
2025-05-12 01:00:00,3.0,4.5,,2.2,,26.0,10.4,18.4,287.0,285.0,1006.1,0.0,0.0,,
2025-05-12 02:00:00,2.2,2.7,,1.3,,26.0,10.3,17.8,297.0,287.0,1005.9,0.0,0.0,,
2025-05-12 03:00:00,0.7,1.5,,0.0,,35.0,10.7,17.2,285.0,279.0,1006.1,0.0,0.0,,
2025-05-12 04:00:00,0.5,1.3,,0.0,,34.0,9.8,16.8,294.0,297.0,1006.1,0.0,0.0,,
2025-05-12 05:00:00,0.1,1.0,,-0.5,,35.0,10.5,16.7,283.0,281.0,1006.1,0.0,0.0,,
2025-05-12 06:00:00,-1.0,0.1,8.1,-1.5,-1.5,37.0,11.0,16.2,271.0,272.0,1006.3,6.0,0.0,0.0,
2025-05-12 07:00:00,-0.9,0.0,,-1.7,,35.0,5.8,14.5,333.0,301.0,1006.4,63.0,0.0,,
2025-05-12 08:00:00,-0.2,0.5,,-0.8,,33.0,5.2,15.4,287.0,295.0,1006.4,166.0,0.0,,
2025-05-12 09:00:00,0.3,1.2,,-0.8,,31.0,,,,,,,,,
2025-05-12 10:00:00,1.6,2.1,,1.0,,28.0,3.1,10.5,344.0,324.0,1007.1,279.0,0.0,,100.0
2025-05-12 11:00:00,2.0,2.5,,1.6,,31.0,2.4,6.7,3.0,3.0,1007.4,218.0,0.0,,100.0
2025-05-12 12:00:00,2.1,2.6,4.5,1.6,-1.7,34.0,2.9,5.9,37.0,22.0,1008.5,395.0,0.0,0.0,100.0
2025-05-12 13:00:00,2.7,3.9,,2.1,,34.0,1.3,3.1,139.0,136.0,1009.1,484.0,0.0,,100.0
2025-05-12 14:00:00,2.2,3.4,,1.0,,40.0,3.0,5.2,147.0,149.0,1009.7,541.0,0.0,,100.0
2025-05-12 15:00:00,1.9,2.7,,1.3,,42.0,2.4,4.7,163.0,150.0,1010.2,337.0,0.0,,100.0
2025-05-12 16:00:00,2.1,2.8,,1.5,,40.0,2.9,6.0,172.0,158.0,1010.9,202.0,0.0,,100.0
2025-05-12 17:00:00,0.1,1.5,,-0.8,,79.0,2.5,7.1,177.0,184.0,1011.9,149.0,0.3,,100.0
2025-05-12 18:00:00,-0.1,0.2,3.9,-0.6,-1.7,87.0,0.3,1.2,358.0,14.0,1012.2,188.0,0.2,0.4,100.0
2025-05-12 19:00:00,,,,,,,,,,,1011.4,95.0,,,100.0
2025-05-12 20:00:00,0.0,0.7,,-0.4,,83.0,1.4,3.4,315.0,279.0,1011.4,102.0,0.0,,100.0
2025-05-12 21:00:00,0.8,1.0,,0.7,,75.0,2.9,5.6,9.0,10.0,1011.9,54.0,0.0,,100.0
2025-05-12 22:00:00,0.3,0.6,,-0.4,,79.0,2.5,5.9,13.0,7.0,1012.3,22.0,0.0,,100.0
2025-05-12 23:00:00,-0.9,-0.4,,-1.1,,94.0,1.0,4.5,264.0,4.0,1012.6,8.0,1.2,,
2025-05-13 00:00:00,-1.0,-0.9,3.9,-1.1,-1.1,97.0,1.5,3.0,276.0,270.0,1012.5,4.0,0.7,2.3,100.0
2025-05-13 01:00:00,-0.8,-0.8,,-0.9,,97.0,1.5,2.9,287.0,273.0,1012.6,0.0,0.4,,100.0
2025-05-13 02:00:00,-0.8,-0.7,,-0.8,,97.0,2.0,3.7,264.0,270.0,1012.8,0.0,0.5,,100.0
2025-05-13 03:00:00,-0.6,-0.5,,-0.7,,98.0,2.3,3.3,264.0,267.0,1012.9,0.0,0.5,,100.0
2025-05-13 04:00:00,-0.3,0.0,,-0.5,,98.0,2.4,4.2,281.0,264.0,1013.0,0.0,0.2,,100.0
2025-05-13 05:00:00,0.1,0.2,,0.0,,98.0,2.4,3.6,263.0,264.0,1013.0,0.0,0.2,,100.0
2025-05-13 06:00:00,0.7,1.1,1.1,0.2,-1.1,94.0,1.6,3.3,263.0,269.0,1012.9,3.0,0.1,4.1,100.0
2025-05-13 07:00:00,1.2,1.8,,0.9,,90.0,1.6,3.8,253.0,259.0,1013.3,16.0,0.2,,100.0
2025-05-13 08:00:00,1.5,1.9,,1.3,,89.0,1.8,4.4,259.0,260.0,1013.3,35.0,0.5,,100.0
2025-05-13 09:00:00,1.6,1.9,,1.5,,90.0,1.9,3.1,264.0,258.0,1013.4,64.0,1.0,,100.0
2025-05-13 10:00:00,1.7,2.0,,1.5,,90.0,2.0,3.3,256.0,259.0,1013.6,60.0,2.3,,100.0
2025-05-13 11:00:00,1.7,2.2,,1.4,,91.0,2.3,3.4,249.0,251.0,1013.2,126.0,1.9,,100.0
2025-05-13 12:00:00,2.6,3.2,3.2,2.0,-0.9,87.0,1.7,3.6,349.0,264.0,1013.1,118.0,1.4,11.3,100.0
2025-05-13 13:00:00,3.2,3.7,,2.8,,85.0,1.3,3.8,264.0,264.0,1012.8,193.0,1.0,,100.0
2025-05-13 14:00:00,3.9,4.1,,3.4,,81.0,0.9,3.2,21.0,319.0,1012.9,160.0,0.7,,100.0
2025-05-13 15:00:00,4.1,4.3,,3.8,,81.0,0.8,3.7,180.0,83.0,1012.5,142.0,1.0,,100.0
2025-05-13 16:00:00,4.3,4.5,,4.0,,81.0,0.7,3.3,43.0,79.0,1012.3,137.0,0.9,,100.0
2025-05-13 17:00:00,3.9,4.2,,3.6,,81.0,2.5,7.7,61.0,56.0,1012.2,93.0,1.1,,100.0
2025-05-13 18:00:00,3.6,3.7,4.5,3.4,0.9,81.0,3.3,7.7,91.0,82.0,1012.3,66.0,1.3,16.8,100.0
2025-05-13 19:00:00,3.5,3.6,,3.4,,82.0,3.1,8.3,56.0,64.0,,73.0,1.1,,100.0
2025-05-13 20:00:00,3.2,3.9,,2.8,,83.0,3.2,6.1,245.0,250.0,1012.9,56.0,0.3,,100.0
2025-05-13 21:00:00,3.3,4.2,,2.8,,82.0,2.5,6.7,123.0,237.0,1013.3,39.0,0.1,,100.0
2025-05-13 22:00:00,4.1,4.6,,3.6,,78.0,2.4,6.4,184.0,122.0,1013.7,18.0,0.4,,100.0
2025-05-13 23:00:00,3.3,3.7,,2.8,,85.0,2.6,4.9,251.0,253.0,1014.2,10.0,1.5,,100.0
2025-05-14 00:00:00,3.2,3.5,4.6,3.0,2.8,85.0,2.9,4.2,244.0,244.0,1014.8,2.0,1.8,19.9,100.0
2025-05-14 01:00:00,3.0,3.5,,2.6,,87.0,3.1,4.9,251.0,251.0,1015.0,0.0,1.8,,100.0
2025-05-14 02:00:00,3.2,3.6,,2.8,,86.0,2.9,4.4,252.0,251.0,1015.2,0.0,1.3,,100.0
2025-05-14 03:00:00,3.3,3.8,,3.1,,85.0,3.1,4.5,250.0,250.0,1015.3,0.0,2.3,,100.0
2025-05-14 04:00:00,3.2,3.5,,3.0,,86.0,2.9,4.1,248.0,250.0,1015.5,0.0,1.7,,100.0
2025-05-14 05:00:00,3.3,3.7,,3.0,,87.0,2.4,3.4,254.0,254.0,1015.8,0.0,1.5,,100.0
2025-05-14 06:00:00,3.5,3.9,4.6,3.0,2.6,90.0,1.2,2.8,200.0,205.0,1016.3,3.0,0.9,27.7,100.0
2025-05-14 07:00:00,3.7,3.9,,3.5,,91.0,1.8,3.8,168.0,173.0,1016.8,13.0,0.3,,100.0
2025-05-14 08:00:00,4.4,4.7,,3.7,,87.0,2.5,5.3,112.0,133.0,1017.4,18.0,0.1,,100.0
2025-05-14 09:00:00,4.5,4.7,,4.4,,87.0,1.7,4.3,153.0,156.0,1017.9,29.0,0.1,,100.0
2025-05-14 10:00:00,4.5,4.7,,4.1,,90.0,1.1,2.6,152.0,164.0,1018.4,51.0,0.4,,100.0
2025-05-14 11:00:00,5.0,5.2,,4.7,,86.0,1.7,3.4,142.0,123.0,1018.8,73.0,0.3,,100.0
2025-05-14 12:00:00,4.9,5.3,5.3,4.5,2.6,88.0,1.4,2.8,236.0,183.0,1019.3,83.0,0.4,21.8,100.0
2025-05-14 13:00:00,4.8,5.0,,4.4,,90.0,1.3,2.6,245.0,246.0,1019.9,91.0,0.3,,100.0
2025-05-14 14:00:00,4.6,4.8,,4.3,,93.0,1.3,2.7,254.0,251.0,1020.2,131.0,0.3,,100.0
2025-05-14 15:00:00,4.9,5.2,,4.5,,93.0,1.5,2.6,261.0,260.0,1020.1,192.0,0.5,,100.0
2025-05-14 16:00:00,5.3,6.1,,4.7,,90.0,1.4,2.6,268.0,264.0,1020.4,300.0,0.0,,100.0
2025-05-14 17:00:00,6.3,6.9,,5.6,,84.0,0.6,2.2,61.0,281.0,1020.5,347.0,0.0,,100.0
2025-05-14 18:00:00,5.8,6.3,6.9,5.5,3.5,86.0,1.6,4.2,143.0,140.0,1020.5,159.0,0.0,17.1,100.0
2025-05-14 19:00:00,5.5,5.8,,5.1,,87.0,1.8,3.9,250.0,191.0,,126.0,0.0,,
2025-05-14 20:00:00,5.2,5.8,,4.9,,89.0,2.3,3.9,283.0,261.0,1020.6,83.0,0.0,,100.0
2025-05-14 21:00:00,5.7,6.2,,5.1,,86.0,1.7,3.1,268.0,258.0,1020.8,49.0,0.2,,100.0
2025-05-14 22:00:00,5.0,5.5,,4.7,,89.0,2.8,3.9,265.0,257.0,1020.9,41.0,0.1,,100.0
2025-05-14 23:00:00,5.4,6.0,,5.0,,85.0,1.5,3.1,256.0,259.0,1021.0,21.0,0.0,,100.0
2025-05-15 00:00:00,5.4,6.1,6.9,4.9,4.3,84.0,2.2,3.8,265.0,258.0,1021.3,7.0,0.0,12.4,100.0
2025-05-15 01:00:00,5.7,6.0,,5.2,,82.0,1.5,3.6,298.0,272.0,1021.2,0.0,0.0,,100.0
2025-05-15 02:00:00,5.8,6.1,,5.4,,82.0,1.3,2.8,281.0,278.0,1020.8,0.0,0.0,,100.0
2025-05-15 03:00:00,6.0,6.4,,5.5,,81.0,2.0,4.7,108.0,287.0,1020.4,0.0,0.0,,100.0
2025-05-15 04:00:00,5.9,6.6,,4.6,,80.0,1.4,4.0,275.0,256.0,1019.7,0.0,0.0,,100.0
2025-05-15 05:00:00,6.6,7.0,,5.3,,75.0,1.5,4.5,338.0,297.0,1019.1,0.0,0.0,,100.0
2025-05-15 06:00:00,6.9,7.3,7.3,6.3,4.6,72.0,1.2,3.9,332.0,308.0,1018.7,2.0,0.0,2.9,100.0
2025-05-15 07:00:00,7.5,8.1,,7.1,,70.0,1.9,6.7,48.0,56.0,1018.6,8.0,0.0,,100.0
2025-05-15 08:00:00,7.8,8.2,,7.4,,69.0,2.4,7.8,23.0,36.0,1017.9,16.0,0.0,,100.0
2025-05-15 09:00:00,7.6,8.1,,7.2,,71.0,2.9,6.8,17.0,24.0,1017.5,29.0,0.0,,100.0
2025-05-15 10:00:00,7.8,8.2,,7.3,,72.0,2.4,9.5,29.0,28.0,1016.9,65.0,0.0,,100.0
2025-05-15 11:00:00,7.9,8.3,,7.6,,74.0,3.8,9.4,54.0,54.0,1016.6,102.0,0.6,,100.0
2025-05-15 12:00:00,7.6,8.1,8.3,7.0,4.6,78.0,2.9,9.0,65.0,60.0,1016.3,94.0,1.4,3.4,100.0
2025-05-15 13:00:00,7.9,8.2,,7.5,,76.0,6.2,14.0,90.0,84.0,1016.4,119.0,3.3,,100.0
2025-05-15 14:00:00,7.3,7.4,,6.9,,78.0,6.4,14.1,76.0,83.0,1016.5,124.0,3.4,,100.0
2025-05-15 15:00:00,6.8,7.2,,6.1,,79.0,4.1,12.0,69.0,78.0,1016.9,91.0,4.0,,100.0
2025-05-15 16:00:00,6.1,6.5,,5.9,,83.0,3.6,10.1,89.0,80.0,1017.7,80.0,3.9,,100.0
2025-05-15 17:00:00,5.5,5.9,,5.0,,86.0,4.4,8.8,114.0,102.0,1018.6,78.0,4.6,,100.0
2025-05-15 18:00:00,4.9,5.1,8.3,4.8,4.8,87.0,2.6,6.7,343.0,96.0,1018.5,82.0,2.7,24.1,100.0
2025-05-15 19:00:00,,,,,,,,,,,1019.7,118.0,,,100.0
2025-05-15 20:00:00,3.6,3.8,,3.3,,87.0,4.3,7.6,150.0,160.0,1021.3,193.0,0.0,,100.0
2025-05-15 21:00:00,3.2,3.9,,2.4,,90.0,2.8,5.3,151.0,146.0,1022.9,88.0,0.0,,100.0
2025-05-15 22:00:00,2.5,2.6,,2.4,,95.0,1.9,4.3,156.0,154.0,1023.4,40.0,0.0,,100.0
2025-05-15 23:00:00,2.6,2.9,,2.4,,96.0,0.9,3.1,0.0,143.0,1024.5,20.0,0.0,,100.0
2025-05-16 00:00:00,2.4,2.6,8.2,2.2,2.2,97.0,0.6,2.3,265.0,276.0,1025.0,6.0,0.0,23.8,100.0
2025-05-16 01:00:00,2.6,3.0,,2.1,,94.0,1.2,2.9,0.0,267.0,1025.8,1.0,0.0,,100.0
2025-05-16 02:00:00,2.3,2.6,,2.0,,96.0,0.2,1.1,262.0,304.0,1026.2,0.0,0.0,,90.0
2025-05-16 03:00:00,2.7,3.0,,2.3,,93.0,0.5,2.0,0.0,259.0,1026.4,0.0,0.0,,100.0
2025-05-16 04:00:00,2.6,3.0,,2.3,,93.0,0.9,2.7,258.0,266.0,1026.5,0.0,0.0,,100.0
2025-05-16 05:00:00,2.8,3.2,,2.4,,90.0,1.4,2.9,277.0,265.0,1026.3,1.0,0.0,,100.0
2025-05-16 06:00:00,3.5,4.0,5.2,2.9,2.0,84.0,1.6,3.9,326.0,275.0,1026.1,14.0,0.0,23.8,10.0
2025-05-16 07:00:00,3.1,3.7,,2.5,,86.0,0.7,2.5,337.0,316.0,1026.0,42.0,0.0,,25.0
2025-05-16 08:00:00,3.6,4.2,,3.3,,81.0,1.6,4.1,270.0,267.0,1025.1,144.0,0.0,,40.0
2025-05-16 09:00:00,4.5,5.6,,3.9,,76.0,1.3,4.2,287.0,267.0,1024.6,240.0,0.0,,60.0
2025-05-16 10:00:00,6.0,6.4,,5.5,,69.0,0.8,2.8,193.0,333.0,1024.7,301.0,0.0,,100.0
2025-05-16 11:00:00,4.9,6.9,,3.2,,75.0,4.6,9.9,154.0,155.0,1025.4,306.0,0.0,,100.0
2025-05-16 12:00:00,4.4,5.1,6.9,3.9,2.0,77.0,3.7,8.1,259.0,164.0,1024.3,175.0,0.0,21.8,100.0
2025-05-16 13:00:00,7.0,7.9,,5.0,,60.0,4.1,11.1,43.0,348.0,1023.4,237.0,0.0,,100.0
2025-05-16 14:00:00,8.9,9.5,,7.9,,46.0,4.7,11.8,55.0,46.0,1022.0,183.0,0.0,,100.0
2025-05-16 15:00:00,9.2,9.5,,8.8,,44.0,4.0,13.7,49.0,59.0,1021.1,127.0,0.0,,100.0
2025-05-16 16:00:00,9.4,9.8,,9.0,,43.0,6.5,17.7,71.0,64.0,1019.9,110.0,0.0,,100.0
2025-05-16 17:00:00,8.9,9.5,,8.0,,49.0,6.7,17.3,73.0,69.0,1019.9,99.0,0.1,,100.0
2025-05-16 18:00:00,7.5,8.3,9.8,6.7,2.5,62.0,9.9,21.8,61.0,68.0,1020.5,61.0,1.8,1.9,100.0
2025-05-16 19:00:00,,,,,,,6.6,16.6,33.0,51.0,,61.0,3.8,,100.0
2025-05-16 20:00:00,6.8,7.5,,6.4,,73.0,5.6,13.7,41.0,43.0,1020.6,47.0,1.2,,100.0
2025-05-16 21:00:00,6.5,6.9,,6.2,,76.0,4.8,12.1,26.0,29.0,1021.0,33.0,0.5,,100.0
2025-05-16 22:00:00,6.9,7.5,,6.4,,75.0,4.5,11.3,46.0,38.0,1021.2,17.0,0.1,,100.0
2025-05-16 23:00:00,7.1,7.5,,6.8,,77.0,3.7,10.3,54.0,49.0,1021.6,6.0,0.0,,100.0
2025-05-17 00:00:00,7.6,8.0,9.8,7.1,5.0,77.0,5.3,14.0,79.0,73.0,1022.6,1.0,0.0,7.5,100.0
2025-05-17 01:00:00,7.4,7.7,,7.1,,77.0,7.4,14.2,86.0,86.0,1022.8,0.0,0.0,,100.0
2025-05-17 02:00:00,7.2,7.4,,7.0,,77.0,5.9,10.9,83.0,86.0,1023.5,0.0,0.0,,100.0
2025-05-17 03:00:00,7.1,7.4,,6.7,,80.0,3.1,9.1,124.0,97.0,1024.0,0.0,0.0,,100.0
2025-05-17 04:00:00,5.2,6.6,,4.5,,85.0,4.4,7.5,157.0,153.0,1024.7,0.0,0.0,,100.0
2025-05-17 05:00:00,5.2,5.4,,5.0,,84.0,4.1,7.2,155.0,155.0,1024.9,0.0,0.0,,100.0
2025-05-17 06:00:00,5.2,5.6,8.0,5.0,4.5,84.0,3.2,5.8,172.0,160.0,1025.0,8.0,0.0,7.5,100.0
2025-05-17 07:00:00,5.4,5.8,,5.1,,83.0,3.2,5.4,136.0,168.0,1025.2,25.0,0.0,,100.0
2025-05-17 08:00:00,5.6,6.9,,4.9,,83.0,1.5,3.2,246.0,253.0,1025.3,33.0,0.0,,100.0
2025-05-17 09:00:00,5.6,6.3,,4.2,,83.0,1.9,4.0,244.0,220.0,1025.3,74.0,0.0,,100.0
2025-05-17 10:00:00,5.4,6.7,,4.4,,85.0,1.6,3.4,171.0,191.0,1025.2,73.0,0.2,,100.0
2025-05-17 11:00:00,5.0,5.9,,4.3,,90.0,1.6,3.2,331.0,240.0,1025.0,80.0,1.7,,100.0
2025-05-17 12:00:00,5.2,6.0,7.7,4.3,4.2,94.0,0.3,1.3,174.0,309.0,1024.4,124.0,1.4,10.8,100.0
2025-05-17 13:00:00,5.5,6.1,,4.6,,94.0,1.1,2.8,280.0,248.0,1024.2,134.0,1.7,,100.0
2025-05-17 14:00:00,5.9,7.1,,5.0,,92.0,2.9,4.7,294.0,278.0,1022.9,179.0,0.7,,100.0
2025-05-17 15:00:00,7.1,7.5,,6.7,,81.0,3.1,6.5,360.0,359.0,1022.7,226.0,0.1,,100.0
2025-05-17 16:00:00,7.2,7.4,,6.9,,82.0,2.1,5.9,263.0,345.0,1022.5,148.0,0.2,,100.0
2025-05-17 17:00:00,7.6,8.4,,6.9,,83.0,1.8,3.9,264.0,276.0,1022.2,105.0,0.2,,100.0
2025-05-17 18:00:00,8.6,9.0,9.0,7.8,4.2,78.0,1.4,5.1,49.0,74.0,1022.3,68.0,0.0,11.8,100.0
2025-05-17 19:00:00,8.8,9.1,,8.2,,76.0,2.2,7.8,93.0,84.0,,47.0,0.7,,100.0
2025-05-17 20:00:00,8.3,8.7,,7.8,,81.0,3.7,8.3,97.0,97.0,1023.1,38.0,2.3,,100.0
2025-05-17 21:00:00,7.7,8.0,,7.5,,84.0,1.6,7.5,98.0,94.0,1023.2,24.0,2.6,,100.0
2025-05-17 22:00:00,6.5,8.0,,5.5,,89.0,4.4,9.1,132.0,138.0,1024.3,16.0,3.9,,100.0
2025-05-17 23:00:00,,,,,,92.0,4.5,7.4,149.0,141.0,,7.0,2.7,,100.0
2025-05-18 00:00:00,5.9,6.2,9.1,5.6,4.6,93.0,3.9,7.8,143.0,141.0,1025.8,1.0,1.0,19.3,100.0
2025-05-18 01:00:00,6.3,6.6,,6.1,,89.0,3.6,7.3,149.0,145.0,1026.3,0.0,0.7,,100.0
2025-05-18 02:00:00,6.5,6.8,,6.0,,89.0,2.9,4.8,161.0,157.0,1026.5,0.0,0.8,,100.0
2025-05-18 03:00:00,5.9,6.9,,4.8,,93.0,1.5,3.2,162.0,168.0,1026.9,0.0,1.7,,100.0
2025-05-18 04:00:00,6.5,7.1,,5.9,,91.0,1.9,3.3,231.0,224.0,1026.9,0.0,0.7,,100.0
2025-05-18 05:00:00,6.2,7.0,,5.6,,91.0,1.3,3.4,230.0,220.0,1027.5,0.0,1.2,,100.0
2025-05-18 06:00:00,6.0,6.7,9.1,5.5,4.8,93.0,1.3,3.3,164.0,174.0,1028.3,4.0,0.9,25.3,100.0
2025-05-18 07:00:00,6.5,7.1,,6.0,,92.0,2.2,4.1,250.0,191.0,1028.8,12.0,0.9,,100.0
2025-05-18 08:00:00,6.0,6.8,,4.8,,94.0,2.2,4.3,166.0,234.0,1029.6,26.0,0.4,,100.0
2025-05-18 09:00:00,5.3,6.5,,4.5,,96.0,1.8,3.1,275.0,233.0,1030.1,42.0,0.3,,100.0
2025-05-18 10:00:00,5.7,6.6,,5.2,,95.0,0.8,3.0,181.0,246.0,1030.7,74.0,0.0,,100.0
2025-05-18 11:00:00,6.2,7.2,,4.8,,93.0,0.9,2.8,198.0,189.0,1031.5,97.0,0.0,,100.0
2025-05-18 12:00:00,6.3,6.9,7.2,5.6,4.5,90.0,0.9,2.7,269.0,269.0,1031.6,191.0,0.0,23.6,100.0
2025-05-18 13:00:00,6.6,7.6,,5.6,,90.0,2.1,4.4,164.0,172.0,1031.8,307.0,0.0,,100.0
2025-05-18 14:00:00,6.9,7.6,,6.1,,89.0,1.7,4.7,333.0,157.0,1032.5,326.0,0.0,,100.0
2025-05-18 15:00:00,7.1,7.8,,6.1,,87.0,0.4,1.4,339.0,346.0,1032.4,444.0,0.0,,100.0
2025-05-18 16:00:00,8.2,8.7,,7.6,,83.0,0.5,1.8,360.0,342.0,1032.5,671.0,0.0,,90.0
2025-05-18 17:00:00,8.5,8.9,,7.8,,82.0,0.6,1.6,154.0,11.0,1032.6,543.0,0.0,,100.0
2025-05-18 18:00:00,7.3,8.7,8.9,6.4,4.5,83.0,1.3,2.7,51.0,162.0,1032.6,441.0,0.0,20.7,100.0
2025-05-18 19:00:00,,,,,,82.0,0.8,2.1,283.0,174.0,,404.0,0.0,,
2025-05-18 20:00:00,7.4,8.2,,7.0,,82.0,0.5,1.6,208.0,325.0,1032.9,346.0,0.0,,
2025-05-18 21:00:00,6.0,7.0,,5.7,,86.0,0.7,2.1,309.0,276.0,1033.1,234.0,0.0,,
2025-05-18 22:00:00,5.4,6.2,,4.7,,88.0,0.6,1.9,0.0,329.0,1032.9,140.0,0.0,,
2025-05-18 23:00:00,4.1,5.2,,3.2,,92.0,1.7,3.8,289.0,166.0,1033.3,51.0,0.0,,
2025-05-19 00:00:00,3.4,3.8,8.9,2.9,2.9,95.0,0.2,1.4,290.0,306.0,1033.6,17.0,0.0,7.6,
2025-05-19 01:00:00,2.7,3.2,,2.3,,96.0,0.2,1.2,139.0,179.0,1033.9,3.0,0.0,,
2025-05-19 02:00:00,1.9,2.8,,0.9,,97.0,0.4,2.6,0.0,170.0,1033.7,0.0,0.0,,
2025-05-19 03:00:00,1.9,2.8,,1.4,,97.0,0.4,2.4,305.0,273.0,1033.6,0.0,0.0,,
2025-05-19 04:00:00,1.5,2.3,,1.1,,98.0,0.3,1.3,0.0,289.0,1033.3,0.0,0.0,,
2025-05-19 05:00:00,1.7,2.4,,1.1,,98.0,0.4,1.9,314.0,177.0,1033.2,3.0,0.0,,
2025-05-19 06:00:00,1.8,2.8,8.7,0.7,0.7,97.0,0.6,1.8,0.0,282.0,1032.9,19.0,0.0,1.6,
2025-05-19 07:00:00,3.4,4.3,,2.8,,93.0,0.2,0.9,80.0,305.0,1033.0,71.0,0.0,,
2025-05-19 08:00:00,4.5,5.5,,3.9,,87.0,0.1,1.5,323.0,304.0,1033.0,180.0,0.0,,
2025-05-19 09:00:00,5.9,6.4,,5.3,,81.0,0.2,1.3,297.0,299.0,1033.0,267.0,0.0,,
2025-05-19 10:00:00,6.7,7.7,,5.5,,79.0,0.4,1.3,352.0,324.0,1032.9,385.0,0.0,,
2025-05-19 11:00:00,8.5,10.2,,7.5,,73.0,0.2,1.4,37.0,25.0,1032.8,515.0,0.0,,
2025-05-19 12:00:00,9.2,10.1,10.2,8.5,0.7,72.0,0.2,1.8,163.0,158.0,1032.9,606.0,0.0,0.0,
2025-05-19 13:00:00,8.1,9.2,,7.2,,74.0,0.8,2.2,165.0,176.0,1032.9,680.0,0.0,,
2025-05-19 14:00:00,8.7,9.4,,8.0,,72.0,1.3,2.4,176.0,160.0,1032.8,725.0,0.0,,
2025-05-19 15:00:00,10.1,11.4,,9.1,,69.0,0.4,1.8,13.0,25.0,1032.5,748.0,0.0,,
2025-05-19 16:00:00,10.8,12.2,,9.2,,65.0,0.7,2.5,167.0,172.0,1032.3,722.0,0.0,,
2025-05-19 17:00:00,8.3,9.6,,7.3,,70.0,2.9,4.5,167.0,165.0,1032.1,646.0,0.0,,
2025-05-19 18:00:00,7.7,8.9,12.2,6.2,2.8,72.0,2.6,4.7,157.0,163.0,1032.0,581.0,0.0,0.0,
2025-05-19 19:00:00,,,,,,,,,,,1032.1,512.0,,,
2025-05-19 20:00:00,4.2,5.5,,3.6,,81.0,3.0,5.1,156.0,164.0,1032.3,384.0,0.0,,
2025-05-19 21:00:00,4.9,5.4,,4.5,,79.0,1.0,2.8,193.0,162.0,1032.2,283.0,0.0,,
2025-05-19 22:00:00,3.9,5.5,,1.8,,82.0,0.9,3.2,178.0,194.0,1032.0,170.0,0.0,,
2025-05-19 23:00:00,0.7,1.7,,0.1,,95.0,2.4,4.1,181.0,173.0,1032.2,60.0,0.0,,
2025-05-20 00:00:00,0.1,1.0,12.2,-0.3,-0.3,98.0,1.5,3.5,194.0,191.0,1032.2,14.0,0.0,0.0,
2025-05-20 01:00:00,-0.7,0.0,,-0.9,,99.0,2.1,3.4,163.0,166.0,1032.3,2.0,0.0,,
2025-05-20 02:00:00,-0.8,-0.5,,-1.0,,99.0,1.4,2.3,166.0,168.0,1032.2,0.0,0.0,,
2025-05-20 03:00:00,-0.2,0.0,,-0.5,,99.0,0.4,1.6,31.0,38.0,1032.4,0.0,0.0,,
2025-05-20 04:00:00,-0.3,-0.1,,-0.5,,99.0,0.6,1.5,311.0,323.0,1032.0,0.0,0.0,,
2025-05-20 05:00:00,-0.6,-0.4,,-0.8,,99.0,1.1,2.7,275.0,296.0,1032.2,1.0,0.0,,
2025-05-20 06:00:00,-0.7,-0.5,6.8,-0.8,-1.0,99.0,2.2,4.3,273.0,264.0,1032.1,10.0,0.0,0.0,
2025-05-20 07:00:00,-0.4,-0.3,,-0.5,,99.0,0.2,1.2,10.0,339.0,1032.1,32.0,0.0,,
2025-05-20 08:00:00,-0.3,-0.2,,-0.3,,99.0,0.5,1.8,321.0,358.0,1032.4,72.0,0.0,,
2025-05-20 09:00:00,0.0,0.3,,-0.2,,99.0,0.6,1.9,318.0,342.0,1032.7,107.0,0.0,,
2025-05-20 10:00:00,0.4,0.9,,0.0,,99.0,1.1,2.2,31.0,339.0,1032.5,164.0,0.0,,
2025-05-20 11:00:00,0.8,0.9,,0.6,,98.0,1.3,2.7,22.0,36.0,1032.4,242.0,0.0,,
2025-05-20 12:00:00,1.2,1.4,1.4,0.8,-1.0,98.0,1.1,2.4,329.0,354.0,1032.4,284.0,0.0,0.0,100.0
2025-05-20 13:00:00,1.9,2.5,,1.4,,95.0,1.9,3.6,35.0,348.0,1032.3,387.0,0.0,,100.0
2025-05-20 14:00:00,2.7,3.2,,2.2,,91.0,1.4,2.7,37.0,35.0,1032.6,405.0,0.0,,100.0
2025-05-20 15:00:00,3.6,4.3,,3.0,,87.0,1.4,3.6,359.0,345.0,1032.1,458.0,0.0,,100.0
2025-05-20 16:00:00,4.6,4.9,,4.2,,84.0,2.0,3.3,34.0,18.0,1031.9,471.0,0.0,,100.0
2025-05-20 17:00:00,5.0,5.4,,4.7,,82.0,1.5,3.2,6.0,15.0,1031.7,441.0,0.0,,100.0
2025-05-20 18:00:00,5.3,5.8,5.8,5.1,-0.5,80.0,1.8,3.5,39.0,18.0,1031.4,456.0,0.0,0.0,50.0
2025-05-20 19:00:00,,,,,,,,3.6,,,1031.2,432.0,,,10.0
2025-05-20 20:00:00,5.1,5.8,,4.9,,81.0,2.0,3.7,104.0,131.0,1031.1,420.0,0.0,,90.0
2025-05-20 21:00:00,5.1,6.1,,4.6,,82.0,1.2,2.8,106.0,74.0,1031.1,197.0,0.0,,100.0
2025-05-20 22:00:00,3.6,4.7,,2.4,,89.0,1.7,3.2,164.0,157.0,1031.2,73.0,0.0,,100.0
2025-05-20 23:00:00,2.4,3.3,,2.1,,94.0,1.1,3.2,0.0,171.0,1031.3,26.0,0.0,,100.0
2025-05-21 00:00:00,2.5,3.4,6.3,2.2,1.4,94.0,0.8,2.2,166.0,178.0,1031.7,7.0,0.0,0.0,100.0
2025-05-21 01:00:00,2.3,2.7,,1.9,,95.0,1.0,2.5,195.0,195.0,1031.7,1.0,0.0,,100.0
2025-05-21 02:00:00,2.7,3.1,,1.9,,96.0,1.7,2.7,258.0,240.0,1031.4,0.0,0.0,,100.0
2025-05-21 03:00:00,2.6,3.0,,1.8,,96.0,1.1,2.6,279.0,277.0,1030.7,0.0,0.0,,100.0
2025-05-21 04:00:00,2.5,2.8,,2.3,,98.0,1.0,2.2,315.0,300.0,1029.9,0.0,0.0,,100.0
2025-05-21 05:00:00,2.7,2.9,,2.4,,97.0,0.4,1.4,36.0,316.0,1029.1,2.0,0.0,,100.0
2025-05-21 06:00:00,3.0,3.1,6.3,2.8,1.8,95.0,0.4,1.7,321.0,6.0,1028.4,12.0,0.0,0.0,100.0
2025-05-21 07:00:00,3.4,3.7,,2.9,,89.0,2.2,4.6,311.0,319.0,1027.9,63.0,0.0,,100.0
2025-05-21 08:00:00,3.4,3.5,,3.2,,84.0,3.1,6.9,3.0,343.0,1027.0,195.0,0.0,,40.0
2025-05-21 09:00:00,3.2,3.5,,3.1,,83.0,3.3,6.9,18.0,6.0,1026.3,295.0,0.0,,
2025-05-21 10:00:00,4.0,4.7,,3.5,,79.0,1.6,4.3,61.0,12.0,1025.3,411.0,0.0,,
2025-05-21 11:00:00,3.1,4.0,,1.3,,84.0,3.0,6.1,146.0,141.0,1025.0,492.0,0.0,,40.0
2025-05-21 12:00:00,2.1,3.0,4.7,1.3,1.3,90.0,3.4,7.0,114.0,150.0,1024.4,433.0,0.0,0.0,100.0
2025-05-21 13:00:00,3.0,4.1,,2.4,,86.0,2.2,4.4,148.0,151.0,1023.3,478.0,0.0,,100.0
2025-05-21 14:00:00,3.5,4.6,,2.3,,86.0,2.4,5.3,148.0,143.0,1022.9,476.0,0.0,,100.0
2025-05-21 15:00:00,2.6,2.9,,2.3,,90.0,3.1,4.8,143.0,149.0,1022.3,440.0,0.0,,100.0
2025-05-21 16:00:00,3.1,3.6,,2.8,,88.0,2.4,3.9,148.0,150.0,1021.4,401.0,0.0,,100.0
2025-05-21 17:00:00,3.3,3.7,,2.9,,87.0,2.2,4.0,144.0,144.0,1020.7,323.0,0.0,,100.0
2025-05-21 18:00:00,3.5,4.2,4.7,3.0,1.3,86.0,1.4,2.9,19.0,141.0,1019.9,246.0,0.0,0.0,100.0
2025-05-21 19:00:00,,,,,,,,3.3,,,1019.2,182.0,,,100.0
2025-05-21 20:00:00,3.6,4.0,,3.2,,86.0,1.3,2.2,23.0,75.0,1018.6,184.0,0.0,,100.0
2025-05-21 21:00:00,3.0,3.8,,1.9,,89.0,1.6,4.4,143.0,133.0,1018.3,112.0,0.0,,100.0
2025-05-21 22:00:00,1.8,2.1,,1.4,,94.0,2.5,4.1,156.0,151.0,1017.9,32.0,0.0,,100.0
2025-05-21 23:00:00,1.6,2.3,,1.0,,95.0,1.3,3.0,347.0,169.0,1017.2,42.0,0.0,,100.0
2025-05-22 00:00:00,2.2,2.3,4.6,2.2,1.0,94.0,1.0,3.2,264.0,310.0,1016.1,4.0,0.0,0.0,100.0
2025-05-22 01:00:00,2.4,2.7,,1.9,,93.0,1.6,3.4,161.0,190.0,1015.7,1.0,0.0,,100.0
2025-05-22 02:00:00,1.8,1.9,,1.4,,96.0,2.3,3.8,152.0,155.0,1015.5,0.0,0.0,,100.0
2025-05-22 03:00:00,1.4,1.8,,1.3,,97.0,1.9,4.5,318.0,178.0,1015.0,0.0,0.0,,100.0
2025-05-22 04:00:00,2.0,2.5,,1.7,,95.0,1.9,4.3,264.0,291.0,1013.9,0.0,0.0,,100.0
2025-05-22 05:00:00,2.2,2.5,,1.4,,93.0,1.6,4.2,158.0,138.0,1013.6,2.0,0.0,,100.0
2025-05-22 06:00:00,1.7,2.3,4.1,1.2,1.0,96.0,2.3,3.7,258.0,189.0,1013.1,10.0,0.0,0.0,100.0
2025-05-22 07:00:00,2.0,2.1,,1.9,,95.0,0.7,2.2,351.0,283.0,1012.6,19.0,0.0,,100.0
2025-05-22 08:00:00,2.3,2.7,,1.9,,94.0,0.4,1.6,0.0,345.0,1011.9,52.0,0.0,,100.0
2025-05-22 09:00:00,2.6,2.8,,2.2,,94.0,0.4,1.6,155.0,126.0,1011.4,70.0,0.0,,100.0
2025-05-22 10:00:00,2.7,3.4,,2.2,,94.0,0.1,1.3,0.0,171.0,1010.8,111.0,0.0,,100.0
2025-05-22 11:00:00,2.9,3.4,,2.7,,94.0,0.6,1.4,26.0,107.0,1010.1,90.0,0.0,,100.0
2025-05-22 12:00:00,3.3,3.9,3.9,2.8,1.2,93.0,0.2,1.5,31.0,16.0,1009.2,216.0,0.1,0.0,100.0
2025-05-22 13:00:00,3.5,3.8,,3.3,,94.0,0.3,1.3,18.0,35.0,1008.9,129.0,0.2,,100.0
2025-05-22 14:00:00,3.5,4.1,,3.3,,95.0,0.9,2.7,281.0,313.0,1007.7,153.0,0.3,,100.0
2025-05-22 15:00:00,4.2,4.8,,3.8,,94.0,0.4,1.5,337.0,344.0,1006.5,138.0,0.2,,100.0
2025-05-22 16:00:00,5.3,5.9,,4.6,,90.0,0.3,1.3,38.0,21.0,1005.3,184.0,0.0,,100.0
2025-05-22 17:00:00,5.0,5.9,,4.2,,92.0,0.7,1.9,264.0,214.0,1004.2,190.0,0.3,,100.0
2025-05-22 18:00:00,5.3,5.9,5.9,4.7,1.9,93.0,0.8,2.6,355.0,287.0,1002.8,192.0,0.3,1.3,100.0
2025-05-22 19:00:00,,,,,,,1.1,3.1,348.0,291.0,1001.7,142.0,,,100.0
2025-05-22 20:00:00,6.1,6.4,,5.2,,85.0,1.3,3.1,31.0,35.0,1000.8,105.0,0.4,,100.0
2025-05-22 21:00:00,5.8,6.0,,5.4,,88.0,0.3,2.2,142.0,81.0,999.4,80.0,0.7,,100.0
2025-05-22 22:00:00,5.0,5.8,,3.6,,91.0,1.0,3.3,259.0,209.0,998.0,39.0,0.4,,100.0
2025-05-22 23:00:00,5.6,5.9,,4.8,,88.0,0.7,4.3,71.0,68.0,997.6,15.0,0.4,,100.0
2025-05-23 00:00:00,4.2,4.8,6.4,3.6,3.3,93.0,0.7,2.3,190.0,197.0,996.9,2.0,1.3,4.7,100.0
2025-05-23 01:00:00,3.4,3.9,,3.1,,98.0,2.3,4.1,161.0,162.0,996.5,0.0,2.2,,100.0
2025-05-23 02:00:00,3.7,4.4,,3.0,,98.0,3.0,5.6,163.0,158.0,995.7,0.0,1.3,,100.0
2025-05-23 03:00:00,3.4,3.8,,3.2,,98.0,3.9,6.5,156.0,156.0,995.2,0.0,0.7,,100.0
2025-05-23 04:00:00,2.8,3.3,,2.5,,99.0,1.2,4.9,12.0,144.0,995.0,0.0,0.8,,100.0
2025-05-23 05:00:00,2.1,2.5,,1.9,,99.0,0.8,2.0,282.0,343.0,994.6,0.0,0.5,,
2025-05-23 06:00:00,2.0,2.1,6.4,1.9,1.9,99.0,1.0,3.2,308.0,316.0,994.4,5.0,0.0,10.1,100.0
2025-05-23 07:00:00,2.1,2.4,,2.0,,99.0,1.4,3.2,6.0,329.0,993.8,26.0,0.0,,100.0
2025-05-23 08:00:00,2.4,2.6,,2.2,,99.0,1.2,3.1,168.0,156.0,993.1,63.0,0.0,,90.0
2025-05-23 09:00:00,3.1,4.7,,2.0,,95.0,2.6,8.4,235.0,260.0,993.2,85.0,0.0,,100.0
2025-05-23 10:00:00,4.6,5.0,,3.8,,83.0,4.0,9.4,240.0,238.0,992.8,158.0,0.0,,100.0
2025-05-23 11:00:00,4.9,5.2,,4.7,,82.0,3.9,7.6,248.0,239.0,992.7,277.0,0.0,,100.0
2025-05-23 12:00:00,4.6,5.1,5.2,4.3,1.9,84.0,2.8,6.6,183.0,247.0,992.5,316.0,0.0,10.0,100.0
2025-05-23 13:00:00,5.0,5.3,,4.6,,81.0,2.9,7.3,134.0,240.0,992.5,530.0,0.0,,100.0
2025-05-23 14:00:00,5.0,5.4,,4.6,,79.0,5.1,8.6,236.0,238.0,992.8,365.0,0.0,,100.0
2025-05-23 15:00:00,4.7,5.0,,4.5,,80.0,5.5,8.7,234.0,233.0,993.0,204.0,0.0,,100.0
2025-05-23 16:00:00,4.7,4.9,,4.5,,79.0,5.0,10.3,237.0,239.0,993.0,278.0,0.0,,100.0
2025-05-23 17:00:00,4.6,5.0,,4.3,,77.0,6.0,9.4,240.0,238.0,993.2,375.0,0.0,,100.0
2025-05-23 18:00:00,4.4,4.8,5.4,3.9,2.0,79.0,5.6,9.1,245.0,246.0,993.3,287.0,0.0,8.7,100.0
2025-05-23 19:00:00,,,,,,,,,,,993.4,276.0,,,100.0
2025-05-23 20:00:00,4.2,4.5,,4.1,,79.0,4.1,7.5,246.0,249.0,993.2,242.0,0.0,,100.0
2025-05-23 21:00:00,4.0,4.3,,3.8,,81.0,1.6,5.8,110.0,166.0,993.5,169.0,0.0,,100.0
2025-05-23 22:00:00,2.8,3.7,,2.4,,88.0,2.1,3.6,146.0,151.0,993.5,77.0,0.0,,100.0
2025-05-23 23:00:00,2.6,2.9,,2.4,,89.0,0.6,2.6,29.0,145.0,993.7,35.0,0.0,,100.0
2025-05-24 00:00:00,2.3,2.6,5.4,1.8,1.8,92.0,0.5,1.4,37.0,7.0,993.8,8.0,0.0,5.4,100.0
2025-05-24 01:00:00,1.9,2.0,,1.8,,93.0,0.3,1.3,326.0,294.0,993.8,1.0,0.0,,100.0
2025-05-24 02:00:00,1.8,1.9,,1.7,,95.0,0.1,0.7,195.0,324.0,993.5,0.0,0.0,,
2025-05-24 03:00:00,1.5,1.9,,1.0,,98.0,1.4,3.0,152.0,145.0,993.7,0.0,0.0,,
2025-05-24 04:00:00,1.3,1.6,,0.9,,99.0,1.9,4.7,37.0,223.0,993.1,0.0,0.0,,
2025-05-24 05:00:00,0.9,1.4,,0.7,,99.0,1.3,3.6,338.0,159.0,992.8,2.0,0.0,,
2025-05-24 06:00:00,0.6,1.1,4.6,0.5,0.5,99.0,2.1,2.9,157.0,152.0,992.9,7.0,0.0,0.0,
2025-05-24 07:00:00,0.8,1.1,,0.6,,99.0,2.0,3.6,334.0,155.0,993.3,23.0,0.0,,100.0
2025-05-24 08:00:00,1.2,1.5,,0.9,,99.0,0.8,2.3,155.0,50.0,993.7,59.0,0.0,,100.0
2025-05-24 09:00:00,1.8,2.1,,1.4,,95.0,1.2,2.4,141.0,146.0,993.8,112.0,0.0,,100.0
2025-05-24 10:00:00,2.1,2.1,,1.9,,92.0,0.6,1.7,125.0,129.0,994.0,116.0,0.2,,100.0
2025-05-24 11:00:00,2.1,2.3,,1.9,,93.0,1.5,2.9,157.0,147.0,994.8,132.0,0.7,,100.0
2025-05-24 12:00:00,1.4,2.0,2.3,1.1,0.5,96.0,2.7,4.3,155.0,149.0,995.5,202.0,0.6,1.5,100.0
2025-05-24 13:00:00,1.8,2.0,,1.5,,96.0,1.9,3.3,157.0,154.0,996.2,204.0,0.5,,100.0
2025-05-24 14:00:00,2.2,2.5,,2.0,,95.0,1.4,2.8,151.0,151.0,996.9,201.0,0.0,,100.0
2025-05-24 15:00:00,2.9,3.5,,2.4,,95.0,0.5,2.7,53.0,25.0,997.2,190.0,0.1,,100.0
2025-05-24 16:00:00,3.6,4.2,,3.3,,93.0,1.0,3.0,141.0,147.0,997.7,195.0,0.0,,100.0
2025-05-24 17:00:00,4.4,5.0,,3.6,,84.0,2.3,5.6,139.0,135.0,998.2,290.0,0.0,,100.0
2025-05-24 18:00:00,4.5,5.3,5.3,3.9,0.6,82.0,1.8,4.8,118.0,119.0,998.4,285.0,0.0,2.0,100.0
2025-05-24 19:00:00,4.6,4.9,,4.3,,79.0,1.4,4.0,133.0,138.0,,203.0,0.0,,100.0
2025-05-24 20:00:00,3.8,4.2,,3.0,,81.0,1.9,4.0,157.0,141.0,999.1,97.0,0.0,,100.0
2025-05-24 21:00:00,1.8,2.9,,1.3,,92.0,2.5,4.5,150.0,156.0,999.5,79.0,0.0,,100.0
2025-05-24 22:00:00,2.3,3.1,,1.6,,88.0,1.3,3.0,104.0,133.0,999.6,81.0,0.0,,100.0
2025-05-24 23:00:00,2.5,3.1,,2.1,,83.0,1.3,2.7,130.0,141.0,999.6,56.0,0.0,,100.0
2025-05-25 00:00:00,2.5,2.8,5.3,2.2,1.3,81.0,1.0,2.1,314.0,149.0,999.8,14.0,0.0,2.0,100.0
2025-05-25 01:00:00,2.6,2.8,,2.4,,82.0,1.9,4.0,262.0,255.0,999.4,3.0,0.0,,100.0
2025-05-25 02:00:00,2.8,3.1,,2.5,,82.0,1.1,3.0,276.0,261.0,998.9,0.0,0.0,,100.0
2025-05-25 03:00:00,2.9,3.8,,2.4,,81.0,0.5,2.1,40.0,137.0,998.6,0.0,0.0,,100.0
2025-05-25 04:00:00,2.0,2.5,,1.7,,84.0,1.6,3.6,152.0,147.0,998.6,0.0,0.0,,100.0
2025-05-25 05:00:00,2.0,2.1,,1.6,,82.0,1.8,3.2,150.0,152.0,998.7,2.0,0.0,,100.0
2025-05-25 06:00:00,2.1,2.1,4.9,2.0,1.3,81.0,1.4,3.3,147.0,148.0,999.0,9.0,0.0,2.0,100.0
2025-05-25 07:00:00,2.3,2.3,,2.1,,81.0,0.8,1.7,167.0,149.0,999.2,16.0,0.0,,100.0
2025-05-25 08:00:00,2.2,2.4,,2.0,,84.0,0.3,1.5,325.0,321.0,999.5,65.0,0.0,,100.0
2025-05-25 09:00:00,2.4,2.5,,2.2,,85.0,0.7,2.4,274.0,267.0,999.8,96.0,0.0,,100.0
2025-05-25 10:00:00,2.9,3.5,,2.4,,85.0,3.6,5.3,264.0,264.0,999.9,255.0,0.0,,100.0
2025-05-25 11:00:00,3.8,4.3,,3.6,,80.0,2.8,4.2,259.0,258.0,999.8,255.0,0.0,,100.0
2025-05-25 12:00:00,4.9,5.5,5.5,4.3,1.6,75.0,1.8,3.2,357.0,349.0,1000.1,445.0,0.0,0.5,100.0
2025-05-25 13:00:00,5.9,6.6,,4.9,,71.0,2.4,4.6,31.0,21.0,1000.2,668.0,0.0,,100.0
2025-05-25 14:00:00,5.1,6.6,,4.4,,74.0,2.2,3.8,148.0,148.0,1000.5,436.0,0.0,,100.0
2025-05-25 15:00:00,4.8,5.6,,4.3,,74.0,1.9,3.7,155.0,154.0,1000.5,414.0,0.0,,100.0
2025-05-25 16:00:00,5.9,6.6,,5.5,,70.0,2.1,5.4,320.0,287.0,1000.6,472.0,0.0,,100.0
2025-05-25 17:00:00,6.9,8.0,,6.2,,65.0,2.1,6.2,42.0,289.0,1001.0,665.0,0.0,,100.0
2025-05-25 18:00:00,3.0,7.3,8.0,2.1,2.0,85.0,4.3,7.9,148.0,153.0,1002.1,304.0,0.0,0.0,100.0
2025-05-25 19:00:00,,,,,,,1.8,5.4,5.0,146.0,1002.6,113.0,,,100.0
2025-05-25 20:00:00,2.7,3.1,,2.3,,93.0,0.9,2.6,283.0,319.0,1002.7,120.0,0.3,,100.0
2025-05-25 21:00:00,3.1,3.2,,2.9,,93.0,0.8,2.1,18.0,22.0,1003.2,97.0,0.3,,100.0
2025-05-25 22:00:00,3.2,3.4,,3.0,,92.0,0.2,1.4,79.0,32.0,1003.5,57.0,0.2,,100.0
2025-05-25 23:00:00,3.2,3.4,,3.0,,94.0,0.5,1.4,0.0,154.0,1004.1,24.0,0.2,,100.0
2025-05-26 00:00:00,3.0,3.3,8.0,2.9,2.0,95.0,0.1,0.9,0.0,348.0,1004.6,8.0,0.2,1.1,100.0
2025-05-26 01:00:00,2.9,3.2,,2.5,,92.0,2.0,4.5,256.0,265.0,1004.6,0.0,0.1,,100.0
2025-05-26 02:00:00,3.0,3.2,,2.7,,87.0,2.3,4.7,37.0,265.0,1004.9,0.0,0.0,,100.0
2025-05-26 03:00:00,2.8,3.3,,2.3,,89.0,1.0,4.7,265.0,264.0,1005.0,0.0,0.0,,100.0
2025-05-26 04:00:00,3.0,3.2,,2.6,,86.0,2.3,4.5,279.0,283.0,1005.1,0.0,0.0,,100.0
2025-05-26 05:00:00,2.8,3.2,,2.6,,86.0,2.1,4.0,236.0,265.0,1005.2,1.0,0.0,,100.0
2025-05-26 06:00:00,1.5,2.9,3.4,0.4,0.4,92.0,3.1,5.1,158.0,167.0,1005.5,11.0,0.1,1.4,90.0
2025-05-26 07:00:00,0.7,1.0,,0.6,,97.0,2.6,4.3,147.0,154.0,1005.7,35.0,0.0,,100.0
2025-05-26 08:00:00,1.2,1.3,,1.0,,96.0,1.3,2.2,154.0,146.0,1006.0,82.0,0.0,,100.0
2025-05-26 09:00:00,1.3,1.6,,1.0,,97.0,1.0,2.2,333.0,332.0,1006.2,142.0,0.0,,100.0
2025-05-26 10:00:00,1.9,2.2,,1.5,,96.0,0.7,1.7,50.0,11.0,1006.0,181.0,0.0,,100.0
2025-05-26 11:00:00,2.8,3.4,,2.2,,93.0,0.6,1.9,150.0,121.0,1006.0,267.0,0.0,,100.0
2025-05-26 12:00:00,,,,,,84.0,1.1,2.8,163.0,,,320.0,0.0,1.4,
2025-05-26 13:00:00,,,,,,79.0,2.5,3.8,135.0,,,534.0,0.0,,
2025-05-26 14:00:00,,,,,,82.0,3.8,6.4,141.0,,,330.0,0.0,,
2025-05-26 15:00:00,,,,,,92.0,2.0,6.7,133.0,,,323.0,0.0,,
2025-05-26 16:00:00,,,,,,91.0,1.4,3.4,19.0,,,376.0,0.0,,
2025-05-26 17:00:00,,,,,,87.0,1.5,2.7,51.0,,,370.0,0.0,,
2025-05-26 18:00:00,,,,,,95.0,3.0,6.0,136.0,,,173.0,0.3,1.6,
2025-05-26 19:00:00,,,,,,,2.6,4.8,162.0,146.0,,137.0,0.4,,100.0
2025-05-26 20:00:00,0.8,1.1,,0.6,,97.0,1.4,3.0,154.0,156.0,1005.1,136.0,0.5,,100.0
2025-05-26 21:00:00,1.0,1.3,,0.9,,96.0,1.3,2.7,153.0,149.0,1004.9,90.0,0.3,,100.0
2025-05-26 22:00:00,0.9,1.0,,0.7,,95.0,1.3,2.4,143.0,144.0,1004.6,67.0,0.3,,100.0
2025-05-26 23:00:00,0.8,0.9,,0.6,,96.0,0.3,1.3,133.0,143.0,1004.5,27.0,0.3,,100.0
2025-05-27 00:00:00,0.6,0.7,4.6,0.5,0.5,97.0,0.8,2.1,138.0,138.0,1004.4,9.0,0.5,2.8,100.0
2025-05-27 01:00:00,0.4,0.5,,0.3,,97.0,1.3,2.1,149.0,139.0,1004.4,0.0,0.5,,100.0
2025-05-27 02:00:00,0.3,0.4,,0.2,,97.0,0.9,2.1,0.0,146.0,1004.0,0.0,0.5,,100.0
2025-05-27 03:00:00,0.1,0.2,,0.0,,98.0,0.0,1.0,0.0,0.0,1003.6,0.0,0.7,,100.0
2025-05-27 04:00:00,0.0,0.0,,-0.1,,98.0,0.0,0.0,0.0,0.0,1003.5,0.0,0.7,,
2025-05-27 05:00:00,-0.1,-0.1,,-0.2,,99.0,0.0,0.7,0.0,0.0,1003.4,2.0,0.8,,100.0
2025-05-27 06:00:00,-0.1,-0.1,1.3,-0.2,-0.2,99.0,0.1,1.0,296.0,304.0,1003.2,15.0,0.8,6.6,100.0
2025-05-27 07:00:00,0.4,1.0,,-0.1,,97.0,1.8,4.2,360.0,309.0,1002.9,42.0,0.1,,100.0
2025-05-27 08:00:00,0.6,0.7,,0.3,,95.0,1.0,3.4,0.0,27.0,1003.1,80.0,0.1,,100.0
2025-05-27 09:00:00,0.6,0.8,,0.5,,95.0,0.6,2.2,154.0,155.0,1003.5,100.0,0.3,,100.0
2025-05-27 10:00:00,0.7,1.1,,0.5,,96.0,0.7,2.1,334.0,185.0,1003.4,177.0,0.4,,100.0
2025-05-27 11:00:00,1.1,1.5,,0.8,,96.0,0.9,2.3,28.0,2.0,1003.3,257.0,0.0,,100.0
2025-05-27 12:00:00,1.9,2.2,2.2,1.4,-0.2,91.0,1.0,3.4,285.0,307.0,1003.2,285.0,0.0,7.6,100.0
2025-05-27 13:00:00,2.5,2.8,,2.2,,88.0,1.2,2.5,100.0,61.0,1003.4,347.0,0.0,,100.0
2025-05-27 14:00:00,2.2,2.8,,1.5,,90.0,2.3,4.4,116.0,138.0,1003.3,379.0,0.0,,100.0
2025-05-27 15:00:00,3.0,3.1,,2.7,,70.0,1.5,3.7,143.0,140.0,1003.4,296.0,0.0,,100.0
2025-05-27 16:00:00,3.0,3.3,,2.7,,67.0,1.4,4.1,161.0,155.0,1003.6,339.0,0.0,,100.0
2025-05-27 17:00:00,2.5,2.9,,2.1,,77.0,1.9,3.1,312.0,325.0,1003.8,255.0,0.0,,100.0
2025-05-27 18:00:00,2.7,3.0,3.3,2.5,-0.1,74.0,2.6,4.2,262.0,262.0,1003.6,233.0,0.0,7.3,100.0
2025-05-27 19:00:00,,,,,,70.0,1.2,3.3,105.0,288.0,,296.0,0.0,,
2025-05-27 20:00:00,4.3,4.7,,3.9,,57.0,1.2,4.0,139.0,99.0,1003.7,284.0,0.0,,100.0
2025-05-27 21:00:00,3.6,3.8,,3.4,,55.0,2.0,3.9,146.0,147.0,1003.8,148.0,0.0,,100.0
2025-05-27 22:00:00,3.5,3.8,,3.3,,54.0,0.9,2.5,0.0,153.0,1003.9,63.0,0.0,,100.0
2025-05-27 23:00:00,3.5,3.8,,3.3,,57.0,0.8,2.0,258.0,281.0,1004.0,35.0,0.0,,100.0
2025-05-28 00:00:00,3.1,3.5,4.7,2.4,1.5,61.0,1.6,2.9,172.0,192.0,1004.2,15.0,0.0,4.9,100.0
2025-05-28 01:00:00,2.7,3.0,,2.2,,65.0,0.8,2.0,155.0,160.0,1004.3,2.0,0.0,,100.0
2025-05-28 02:00:00,2.0,2.6,,1.7,,75.0,2.8,5.2,253.0,255.0,1004.1,0.0,0.0,,100.0
2025-05-28 03:00:00,1.5,1.7,,1.5,,81.0,3.0,5.6,254.0,257.0,1004.2,0.0,0.0,,100.0
2025-05-28 04:00:00,1.2,1.7,,0.8,,84.0,1.0,3.3,0.0,187.0,1004.1,0.0,0.0,,100.0
2025-05-28 05:00:00,1.3,1.6,,1.0,,84.0,1.1,3.1,148.0,140.0,1004.2,4.0,0.0,,100.0
2025-05-28 06:00:00,0.9,1.1,4.7,0.7,0.7,87.0,1.2,3.1,326.0,154.0,1004.4,16.0,0.0,0.9,100.0
2025-05-28 07:00:00,0.9,1.1,,0.7,,88.0,1.2,3.7,284.0,278.0,1004.4,34.0,0.0,,100.0
2025-05-28 08:00:00,1.1,1.5,,0.5,,87.0,2.3,4.9,161.0,185.0,1004.6,57.0,0.0,,100.0
2025-05-28 09:00:00,0.9,1.2,,0.5,,84.0,2.1,4.8,170.0,162.0,1004.9,80.0,0.0,,100.0
2025-05-28 10:00:00,1.5,1.7,,1.3,,78.0,1.0,2.9,137.0,129.0,1005.2,147.0,0.0,,100.0
2025-05-28 11:00:00,2.0,2.3,,1.4,,77.0,0.9,2.5,278.0,280.0,1005.1,177.0,0.0,,100.0
2025-05-28 12:00:00,2.4,2.9,3.0,2.1,0.5,78.0,1.3,2.6,144.0,181.0,1005.4,242.0,0.0,0.0,100.0
2025-05-28 13:00:00,2.5,2.9,,2.1,,78.0,1.8,2.5,146.0,147.0,1005.6,299.0,0.0,,100.0
2025-05-28 14:00:00,2.9,3.1,,2.7,,76.0,1.8,3.6,147.0,142.0,1005.5,248.0,0.0,,100.0
2025-05-28 15:00:00,3.2,3.7,,2.7,,75.0,1.2,2.2,143.0,143.0,1005.5,223.0,0.0,,100.0
2025-05-28 16:00:00,4.1,4.7,,3.7,,69.0,0.8,2.0,43.0,129.0,1005.4,292.0,0.0,,100.0
2025-05-28 17:00:00,4.4,4.8,,3.9,,62.0,1.1,2.8,152.0,124.0,1005.4,320.0,0.0,,100.0
2025-05-28 18:00:00,4.5,4.8,4.8,4.3,0.5,56.0,2.1,3.6,135.0,132.0,1005.3,347.0,0.0,0.0,100.0
2025-05-28 19:00:00,,,,,,,2.1,3.9,114.0,132.0,1005.0,487.0,0.0,,75.0
2025-05-28 20:00:00,3.6,5.4,,2.3,,77.0,2.3,3.7,165.0,164.0,1004.9,424.0,0.0,,90.0
2025-05-28 21:00:00,1.8,2.2,,1.4,,87.0,1.7,3.3,150.0,166.0,1004.9,158.0,0.0,,100.0
2025-05-28 22:00:00,2.0,2.2,,1.4,,81.0,1.1,3.4,97.0,122.0,1004.8,103.0,0.0,,100.0
2025-05-28 23:00:00,1.5,1.8,,1.1,,79.0,1.5,3.4,292.0,311.0,1004.8,61.0,0.0,,100.0
2025-05-29 00:00:00,1.0,1.2,5.5,0.7,0.7,81.0,1.0,2.2,137.0,166.0,1004.8,23.0,0.0,0.0,100.0
2025-05-29 01:00:00,0.5,0.8,,0.3,,82.0,1.1,2.3,138.0,146.0,1004.8,4.0,0.0,,100.0
2025-05-29 02:00:00,0.2,0.4,,0.0,,85.0,0.6,2.0,318.0,289.0,1004.7,0.0,0.0,,100.0
2025-05-29 03:00:00,-0.2,0.0,,-0.3,,87.0,0.4,1.3,270.0,279.0,1004.5,0.0,0.0,,100.0
2025-05-29 04:00:00,-0.2,0.0,,-0.4,,88.0,0.3,1.3,295.0,195.0,1004.1,1.0,0.0,,100.0
2025-05-29 05:00:00,-0.5,-0.4,,-0.6,,89.0,0.0,0.5,0.0,0.0,1004.1,8.0,0.0,,100.0
2025-05-29 06:00:00,0.0,0.4,5.5,-0.4,-0.6,86.0,0.3,1.1,0.0,268.0,1004.3,38.0,0.0,0.0,100.0
2025-05-29 07:00:00,0.2,0.6,,-0.1,,87.0,0.2,1.1,0.0,290.0,1004.2,60.0,0.0,,25.0
2025-05-29 08:00:00,1.1,1.7,,0.1,,82.0,0.3,1.4,11.0,15.0,1004.3,228.0,0.0,,50.0
2025-05-29 09:00:00,1.6,2.1,,1.3,,77.0,0.7,1.7,30.0,36.0,1004.3,282.0,0.0,,100.0
2025-05-29 10:00:00,1.9,2.6,,1.6,,77.0,1.4,2.6,166.0,159.0,1004.6,411.0,0.0,,100.0
2025-05-29 11:00:00,2.9,3.5,,2.5,,74.0,1.5,3.2,144.0,154.0,1004.7,623.0,0.0,,100.0
2025-05-29 12:00:00,2.9,4.1,4.1,2.3,-0.6,74.0,1.9,3.3,159.0,152.0,1005.1,661.0,0.0,0.0,60.0
2025-05-29 13:00:00,3.2,4.2,,2.6,,74.0,1.5,3.4,184.0,161.0,1005.3,708.0,0.0,,
2025-05-29 14:00:00,4.3,4.9,,3.3,,68.0,1.5,3.6,145.0,71.0,1005.2,758.0,0.0,,
2025-05-29 15:00:00,3.7,4.6,,3.1,,73.0,2.7,4.4,160.0,152.0,1005.4,781.0,0.0,,
2025-05-29 16:00:00,3.2,3.6,,2.8,,75.0,2.7,4.1,158.0,156.0,1005.6,752.0,0.0,,
2025-05-29 17:00:00,4.0,5.1,,3.0,,71.0,1.8,3.7,316.0,182.0,1005.7,704.0,0.0,,
2025-05-29 18:00:00,4.2,5.0,5.1,3.7,-0.1,70.0,1.8,3.5,341.0,329.0,1005.9,610.0,0.0,0.0,75.0
2025-05-29 19:00:00,4.1,4.5,,3.7,,,1.8,3.1,332.0,335.0,1006.1,519.0,,,
2025-05-29 20:00:00,4.2,4.7,,3.7,,69.0,1.3,2.6,8.0,347.0,1006.1,422.0,0.0,,
2025-05-29 21:00:00,4.0,4.4,,3.7,,68.0,1.0,2.0,32.0,19.0,1006.3,309.0,0.0,,
2025-05-29 22:00:00,3.4,4.0,,3.0,,72.0,1.1,2.3,342.0,358.0,1006.4,200.0,0.0,,
2025-05-29 23:00:00,2.8,3.4,,2.1,,74.0,0.7,1.9,154.0,20.0,1006.5,88.0,0.0,,
2025-05-30 00:00:00,1.4,2.0,5.1,1.1,1.1,81.0,0.5,1.6,0.0,177.0,1006.9,19.0,0.0,0.0,
2025-05-30 01:00:00,0.7,1.4,,0.3,,85.0,0.2,1.6,194.0,193.0,1006.9,6.0,0.0,,
2025-05-30 02:00:00,0.2,0.5,,-0.1,,87.0,0.5,1.8,0.0,182.0,1006.8,1.0,0.0,,
2025-05-30 03:00:00,-0.1,0.3,,-0.7,,88.0,0.4,1.8,176.0,177.0,1006.9,0.0,0.0,,
2025-05-30 04:00:00,-0.4,-0.2,,-0.7,,90.0,0.2,2.1,0.0,183.0,1006.7,1.0,0.0,,
2025-05-30 05:00:00,-0.5,0.0,,-1.1,,91.0,0.1,1.2,198.0,174.0,1006.9,6.0,0.0,,
2025-05-30 06:00:00,-0.3,0.3,4.7,-0.6,-1.1,90.0,0.2,1.3,0.0,190.0,1007.1,34.0,0.0,0.0,
2025-05-30 07:00:00,0.8,1.5,,0.4,,84.0,0.4,1.6,290.0,285.0,1007.2,116.0,0.0,,
2025-05-30 08:00:00,1.4,1.7,,0.8,,83.0,0.2,1.0,34.0,35.0,1007.3,211.0,0.0,,
2025-05-30 09:00:00,2.1,3.7,,0.9,,80.0,0.3,1.7,29.0,43.0,1007.3,321.0,0.0,,
2025-05-30 10:00:00,2.7,3.2,,2.2,,75.0,0.9,2.4,168.0,144.0,1007.4,436.0,0.0,,
2025-05-30 11:00:00,3.7,4.0,,2.9,,70.0,1.1,2.4,35.0,35.0,1007.7,549.0,0.0,,
2025-05-30 12:00:00,4.1,4.5,4.5,3.8,-1.1,64.0,1.4,2.7,19.0,25.0,1008.1,638.0,0.0,0.0,
2025-05-30 13:00:00,3.4,4.9,,2.5,,72.0,2.3,4.2,158.0,161.0,1008.4,710.0,0.0,,
2025-05-30 14:00:00,2.8,3.0,,2.6,,78.0,3.2,4.7,157.0,157.0,1008.7,756.0,0.0,,
2025-05-30 15:00:00,3.3,3.7,,2.9,,77.0,2.4,4.2,156.0,159.0,1009.0,770.0,0.0,,
2025-05-30 16:00:00,3.7,4.3,,3.0,,75.0,2.4,4.2,166.0,156.0,1009.1,753.0,0.0,,
2025-05-30 17:00:00,4.3,4.9,,3.6,,73.0,2.2,4.2,146.0,156.0,1009.2,705.0,0.0,,
2025-05-30 18:00:00,3.7,4.0,4.9,3.6,0.4,77.0,2.7,4.2,169.0,155.0,1009.3,630.0,0.0,0.0,
2025-05-30 19:00:00,,,,,,,,,,,1009.4,485.0,,,
2025-05-30 20:00:00,3.9,4.4,,3.4,,76.0,1.6,3.4,306.0,183.0,1009.6,428.0,0.0,,
2025-05-30 21:00:00,4.3,4.7,,3.6,,72.0,1.5,2.9,333.0,325.0,1009.9,313.0,0.0,,
2025-05-30 22:00:00,3.8,4.1,,3.2,,74.0,1.4,3.3,334.0,327.0,1010.0,202.0,0.0,,
2025-05-30 23:00:00,3.1,3.9,,2.4,,76.0,0.5,2.1,260.0,252.0,1010.3,93.0,0.0,,
2025-05-31 00:00:00,2.3,3.0,5.0,1.9,1.9,82.0,0.2,1.4,321.0,319.0,1010.5,22.0,0.0,0.0,
2025-05-31 01:00:00,1.6,1.9,,1.4,,85.0,0.0,0.1,0.0,0.0,1010.6,7.0,0.0,,
2025-05-31 02:00:00,1.2,1.7,,0.7,,87.0,0.0,0.4,0.0,0.0,1010.7,1.0,0.0,,
2025-05-31 03:00:00,0.9,1.1,,0.7,,86.0,0.2,1.4,0.0,248.0,1010.5,0.0,0.0,,
2025-05-31 04:00:00,0.5,0.8,,0.3,,86.0,0.0,0.9,0.0,0.0,1010.2,2.0,0.0,,
2025-05-31 05:00:00,0.5,1.1,,-0.1,,87.0,0.7,1.9,213.0,256.0,1010.0,8.0,0.0,,
2025-05-31 06:00:00,0.5,1.3,5.0,-0.3,-0.3,87.0,0.7,2.5,162.0,177.0,1009.9,26.0,0.0,0.0,100.0
2025-05-31 07:00:00,0.8,1.1,,0.7,,93.0,0.2,1.3,235.0,181.0,1009.7,50.0,0.0,,100.0
2025-05-31 08:00:00,0.9,1.0,,0.8,,95.0,0.5,1.6,184.0,220.0,1009.5,90.0,0.0,,100.0
2025-05-31 09:00:00,0.9,1.1,,0.7,,96.0,0.8,1.9,76.0,31.0,1009.4,141.0,0.0,,100.0
2025-05-31 10:00:00,0.8,1.2,,0.5,,97.0,1.1,2.1,26.0,30.0,1009.6,206.0,0.0,,
2025-05-31 11:00:00,0.8,1.1,,0.6,,96.0,1.2,2.6,34.0,32.0,1009.6,326.0,0.0,,
2025-05-31 12:00:00,1.4,2.2,2.2,0.8,-0.3,92.0,1.2,3.1,148.0,66.0,1009.7,542.0,0.0,0.0,60.0
2025-05-31 13:00:00,3.3,4.4,,2.0,,77.0,0.9,2.9,183.0,152.0,1009.6,720.0,0.0,,
2025-05-31 14:00:00,3.4,4.4,,2.6,,71.0,2.6,4.3,140.0,146.0,1009.4,764.0,0.0,,
2025-05-31 15:00:00,2.4,3.0,,1.8,,77.0,3.7,5.5,152.0,145.0,1009.3,778.0,0.0,,
2025-05-31 16:00:00,2.1,2.6,,1.7,,77.0,3.8,5.6,154.0,152.0,1009.1,757.0,0.0,,
2025-05-31 17:00:00,1.0,2.1,,0.3,,85.0,4.1,6.5,153.0,151.0,1008.9,712.0,0.0,,
2025-05-31 18:00:00,1.4,1.8,4.4,0.9,0.3,83.0,3.0,4.7,154.0,155.0,1008.6,637.0,0.0,0.0,
2025-05-31 19:00:00,,,,,,83.0,2.2,4.0,167.0,167.0,,542.0,0.0,,
2025-05-31 20:00:00,1.2,1.9,,0.7,,83.0,2.3,3.9,165.0,169.0,1008.1,433.0,0.0,,
2025-05-31 21:00:00,1.5,2.9,,0.2,,82.0,1.3,3.4,189.0,189.0,1007.6,320.0,0.0,,
2025-05-31 22:00:00,1.9,2.8,,0.2,,80.0,0.8,3.2,177.0,121.0,1007.3,208.0,0.0,,
2025-05-31 23:00:00,-1.2,0.0,,-1.9,,93.0,2.4,3.9,179.0,169.0,1007.2,96.0,0.0,,
2025-06-01 00:00:00,-1.1,-0.5,4.4,-1.6,-1.9,96.0,,,,,,,,,
2025-06-01 01:00:00,-1.1,-1.0,,-1.6,,95.0,0.3,2.1,180.0,253.0,1006.8,7.0,0.0,,
2025-06-01 02:00:00,-1.4,-1.2,,-1.6,,96.0,0.1,0.8,0.0,329.0,1006.4,1.0,0.0,,
2025-06-01 03:00:00,-1.5,-1.3,,-1.6,,96.0,0.0,0.7,282.0,0.0,1006.1,0.0,0.0,,
2025-06-01 04:00:00,-1.4,-1.0,,-1.6,,94.0,0.3,1.5,0.0,279.0,1005.4,2.0,0.0,,
2025-06-01 05:00:00,-1.0,-0.5,,-1.6,,92.0,0.2,1.7,0.0,163.0,1005.4,7.0,0.0,,
2025-06-01 06:00:00,-1.0,0.5,2.9,-1.8,-1.9,89.0,0.3,1.4,330.0,299.0,1005.0,36.0,0.0,0.0,
2025-06-01 07:00:00,0.1,0.9,,-0.6,,86.0,0.1,1.0,22.0,9.0,1004.7,123.0,0.0,,
2025-06-01 08:00:00,1.5,2.1,,0.8,,82.0,0.1,1.2,311.0,28.0,1004.1,220.0,0.0,,
2025-06-01 09:00:00,2.4,3.3,,1.6,,78.0,0.5,2.0,30.0,360.0,1003.4,333.0,0.0,,
2025-06-01 10:00:00,4.1,4.9,,3.0,,69.0,1.4,5.1,151.0,130.0,1002.8,449.0,0.0,,
2025-06-01 11:00:00,5.2,5.7,,4.4,,61.0,2.8,5.1,157.0,157.0,1002.4,562.0,0.0,,
2025-06-01 12:00:00,5.5,5.9,5.9,5.0,-1.8,60.0,2.2,3.8,162.0,159.0,1002.1,658.0,0.0,0.0,
2025-06-01 13:00:00,5.8,6.4,,4.9,,55.0,2.4,4.1,161.0,152.0,1001.7,667.0,0.0,,
2025-06-01 14:00:00,6.8,8.0,,5.4,,53.0,1.8,4.2,27.0,153.0,1001.5,774.0,0.0,,
2025-06-01 15:00:00,7.7,8.1,,6.9,,51.0,1.5,3.3,162.0,110.0,1001.0,734.0,0.0,,
2025-06-01 16:00:00,8.0,9.1,,6.9,,52.0,1.4,2.9,31.0,134.0,1000.3,638.0,0.0,,
2025-06-01 17:00:00,8.8,10.1,,7.9,,48.0,1.0,2.8,149.0,117.0,1000.0,589.0,0.0,,
2025-06-01 18:00:00,7.9,8.2,10.1,7.4,-0.6,53.0,1.7,2.7,140.0,151.0,999.9,441.0,0.0,0.0,
2025-06-01 19:00:00,7.7,8.2,,6.9,,56.0,0.8,2.2,334.0,72.0,,361.0,0.0,,
2025-06-01 20:00:00,7.8,8.4,,6.9,,55.0,1.0,2.5,335.0,341.0,999.7,382.0,0.0,,
2025-06-01 21:00:00,7.7,8.6,,6.8,,56.0,0.5,1.9,325.0,271.0,999.9,268.0,0.0,,
2025-06-01 22:00:00,7.0,7.8,,6.0,,58.0,0.3,1.6,312.0,346.0,1000.1,158.0,0.0,,
2025-06-01 23:00:00,5.7,7.0,,4.5,,65.0,0.3,2.0,151.0,189.0,1000.8,75.0,0.0,,
2025-06-02 00:00:00,3.6,4.7,10.1,2.7,2.7,71.0,1.1,3.1,213.0,175.0,1001.6,25.0,0.0,0.0,
2025-06-02 01:00:00,3.6,4.0,,3.4,,75.0,0.5,2.6,267.0,284.0,1001.9,6.0,0.0,,
2025-06-02 02:00:00,4.1,4.6,,3.3,,70.0,0.8,2.3,0.0,267.0,1002.5,0.0,0.0,,
2025-06-02 03:00:00,3.7,4.6,,2.9,,72.0,0.3,1.7,228.0,193.0,1002.5,0.0,0.0,,
2025-06-02 04:00:00,3.3,5.1,,2.3,,73.0,1.1,3.4,238.0,270.0,1002.8,1.0,0.0,,
2025-06-02 05:00:00,5.1,6.2,,3.2,,60.0,1.4,3.8,164.0,219.0,1003.1,6.0,0.0,,
2025-06-02 06:00:00,4.4,5.5,8.6,3.7,2.3,63.0,2.3,4.2,159.0,156.0,1003.8,26.0,0.0,0.0,
2025-06-02 07:00:00,3.1,4.2,,2.7,,67.0,2.1,5.1,279.0,147.0,1004.1,72.0,0.0,,
2025-06-02 08:00:00,2.7,3.2,,2.1,,74.0,2.3,5.0,169.0,175.0,1004.2,140.0,0.0,,
2025-06-02 09:00:00,2.4,3.1,,1.7,,75.0,2.3,4.5,169.0,155.0,1005.0,223.0,0.0,,
2025-06-02 10:00:00,1.2,2.4,,0.1,,79.0,3.1,5.3,155.0,156.0,1005.3,315.0,0.0,,
2025-06-02 11:00:00,-0.3,0.4,,-1.2,,84.0,4.7,7.6,151.0,150.0,1006.0,432.0,0.0,,
2025-06-02 12:00:00,-0.9,-0.6,6.2,-1.4,-1.4,88.0,4.3,6.4,151.0,151.0,1006.7,529.0,0.0,0.0,
2025-06-02 13:00:00,-0.5,0.4,,-1.1,,86.0,4.2,6.5,155.0,152.0,1007.4,597.0,0.0,,
2025-06-02 14:00:00,1.2,2.2,,0.2,,79.0,3.2,5.3,140.0,146.0,1007.8,650.0,0.0,,
2025-06-02 15:00:00,2.1,2.4,,1.7,,75.0,3.2,5.6,152.0,144.0,1008.4,669.0,0.0,,10.0
2025-06-02 16:00:00,2.1,2.4,,1.7,,73.0,3.4,5.4,146.0,149.0,1008.6,642.0,0.0,,
2025-06-02 17:00:00,2.1,2.4,,1.7,,70.0,3.8,6.5,149.0,145.0,1008.9,603.0,0.0,,
2025-06-02 18:00:00,3.3,4.6,4.6,2.4,-1.4,66.0,2.1,4.8,159.0,152.0,1009.0,543.0,0.0,0.0,
2025-06-02 19:00:00,,,,,,,,,,,1009.2,458.0,,,
2025-06-02 20:00:00,1.1,2.5,,-0.4,,77.0,4.6,7.3,144.0,149.0,1009.4,353.0,0.0,,
2025-06-02 21:00:00,0.3,1.2,,-0.4,,84.0,2.8,7.0,357.0,136.0,1009.6,250.0,0.0,,
2025-06-02 22:00:00,0.3,0.6,,0.1,,84.0,2.3,3.8,326.0,338.0,1009.8,153.0,0.0,,
2025-06-02 23:00:00,-0.2,0.2,,-0.6,,87.0,1.5,2.9,342.0,332.0,1009.8,75.0,0.0,,60.0
2025-06-03 00:00:00,-0.5,-0.4,4.6,-0.6,-1.1,90.0,1.2,2.9,323.0,346.0,1009.8,23.0,0.0,0.0,100.0
2025-06-03 01:00:00,-0.6,-0.5,,-0.8,,90.0,1.2,3.1,5.0,327.0,1009.8,4.0,0.0,,100.0
2025-06-03 02:00:00,-1.3,-0.7,,-1.7,,93.0,1.8,4.5,115.0,129.0,1010.1,0.0,0.0,,100.0
2025-06-03 03:00:00,-1.8,-1.6,,-1.9,,95.0,1.8,2.9,145.0,140.0,1010.1,0.0,0.1,,100.0
2025-06-03 04:00:00,-1.6,-1.2,,-1.9,,92.0,1.3,2.7,141.0,153.0,1010.1,2.0,0.0,,100.0
2025-06-03 05:00:00,-1.3,-1.1,,-1.5,,89.0,1.6,3.0,146.0,142.0,1010.3,5.0,0.0,,100.0
2025-06-03 06:00:00,-1.5,-1.3,4.0,-1.6,-1.9,93.0,1.5,3.0,161.0,155.0,1010.9,20.0,0.0,0.1,100.0
2025-06-03 07:00:00,-1.0,-0.8,,-1.3,,86.0,0.9,2.1,125.0,140.0,1011.3,44.0,0.0,,100.0
2025-06-03 08:00:00,-0.6,-0.3,,-0.8,,83.0,1.1,3.2,108.0,109.0,1011.7,79.0,0.0,,100.0
2025-06-03 09:00:00,-0.1,0.4,,-0.3,,79.0,1.6,3.9,325.0,340.0,1011.8,248.0,0.0,,100.0
2025-06-03 10:00:00,1.0,2.0,,0.4,,72.0,2.5,5.4,295.0,327.0,1011.6,492.0,0.0,,100.0
2025-06-03 11:00:00,2.2,2.7,,1.8,,68.0,2.1,4.2,36.0,17.0,1011.3,561.0,0.0,,10.0
2025-06-03 12:00:00,2.9,3.6,3.6,2.4,-1.9,65.0,2.0,3.9,137.0,58.0,1011.4,598.0,0.0,0.1,10.0
2025-06-03 13:00:00,3.0,3.7,,2.6,,67.0,2.3,4.2,150.0,148.0,1010.9,652.0,0.0,,100.0
2025-06-03 14:00:00,3.6,4.6,,2.3,,66.0,2.3,5.0,143.0,132.0,1010.7,724.0,0.0,,50.0
2025-06-03 15:00:00,2.9,4.1,,2.1,,72.0,3.1,5.1,149.0,147.0,1010.3,751.0,0.0,,
2025-06-03 16:00:00,3.8,4.4,,3.1,,68.0,2.5,4.1,142.0,146.0,1009.9,731.0,0.0,,
2025-06-03 17:00:00,3.6,4.3,,2.8,,68.0,2.7,4.5,148.0,154.0,1009.6,641.0,0.0,,75.0
2025-06-03 18:00:00,3.4,3.8,4.6,2.7,-1.3,68.0,3.0,4.0,144.0,147.0,1009.4,496.0,0.0,0.1,75.0
2025-06-03 19:00:00,,,,,,,2.2,3.6,170.0,154.0,,460.0,0.0,,60.0
2025-06-03 20:00:00,4.4,5.0,,3.8,,65.0,1.9,4.0,154.0,155.0,1009.7,329.0,0.0,,90.0
2025-06-03 21:00:00,4.1,4.9,,3.2,,67.0,1.4,3.2,22.0,129.0,1009.6,202.0,0.0,,100.0
2025-06-03 22:00:00,4.2,4.6,,3.9,,67.0,0.6,1.9,52.0,28.0,1009.5,134.0,0.0,,100.0
2025-06-03 23:00:00,3.8,4.6,,3.3,,70.0,0.4,2.0,0.0,125.0,1009.5,60.0,0.0,,100.0
2025-06-04 00:00:00,2.5,4.2,5.3,1.6,1.6,76.0,1.1,3.5,197.0,176.0,1009.3,40.0,0.0,0.1,25.0
2025-06-04 01:00:00,1.4,2.5,,0.9,,80.0,2.0,3.1,177.0,173.0,1009.4,11.0,0.0,,
2025-06-04 02:00:00,1.3,1.9,,0.7,,81.0,1.0,3.4,19.0,170.0,1009.1,2.0,0.0,,
2025-06-04 03:00:00,0.7,0.9,,0.4,,85.0,0.2,1.7,190.0,187.0,1009.1,0.0,0.0,,
2025-06-04 04:00:00,0.5,1.1,,-0.2,,84.0,0.5,2.0,0.0,166.0,1008.9,1.0,0.0,,
2025-06-04 05:00:00,0.1,0.6,,-0.4,,86.0,0.5,1.9,0.0,176.0,1008.9,10.0,0.0,,
2025-06-04 06:00:00,0.4,0.8,5.3,0.0,-0.4,85.0,0.3,2.0,323.0,274.0,1009.0,40.0,0.0,0.0,
2025-06-04 07:00:00,2.0,3.1,,0.3,,79.0,0.5,2.0,296.0,268.0,1008.7,119.0,0.0,,
2025-06-04 08:00:00,2.6,4.1,,1.3,,77.0,0.2,1.3,20.0,26.0,1008.5,220.0,0.0,,
2025-06-04 09:00:00,5.1,5.7,,4.2,,59.0,0.9,2.1,33.0,15.0,1008.1,333.0,0.0,,
2025-06-04 10:00:00,5.9,6.5,,4.9,,51.0,1.0,2.7,131.0,88.0,1007.7,448.0,0.0,,
2025-06-04 11:00:00,6.8,7.0,,6.4,,48.0,1.1,2.8,39.0,42.0,1007.6,545.0,0.0,,
2025-06-04 12:00:00,7.3,7.9,7.9,6.7,-0.4,45.0,1.6,4.7,50.0,26.0,1007.3,625.0,0.0,0.0,
2025-06-04 13:00:00,7.6,8.2,,7.1,,49.0,2.4,6.9,245.0,256.0,1007.1,696.0,0.0,,
2025-06-04 14:00:00,7.9,8.6,,7.2,,51.0,4.0,6.6,232.0,232.0,1006.9,745.0,0.0,,
2025-06-04 15:00:00,7.9,8.3,,7.5,,53.0,4.8,7.5,241.0,230.0,1006.7,745.0,0.0,,
2025-06-04 16:00:00,7.8,8.1,,7.4,,56.0,5.0,8.1,228.0,231.0,1006.4,725.0,0.0,,
2025-06-04 17:00:00,7.8,8.2,,7.4,,55.0,3.9,7.3,224.0,232.0,1006.1,659.0,0.0,,
2025-06-04 18:00:00,7.5,8.1,8.6,7.1,0.3,54.0,3.3,6.9,195.0,185.0,1005.5,588.0,0.0,0.0,
2025-06-04 19:00:00,7.8,8.2,,7.3,,,2.8,6.5,235.0,214.0,1005.5,496.0,,,
2025-06-04 20:00:00,7.5,8.0,,6.9,,50.0,2.2,7.8,234.0,246.0,1005.4,380.0,0.0,,
2025-06-04 21:00:00,7.2,7.6,,7.0,,44.0,3.2,5.9,238.0,228.0,1005.2,262.0,0.0,,
2025-06-04 22:00:00,6.7,7.1,,6.3,,46.0,2.8,5.8,239.0,240.0,1004.8,156.0,0.0,,
2025-06-04 23:00:00,5.3,6.6,,4.1,,56.0,1.0,3.9,29.0,264.0,1004.5,91.0,0.0,,
2025-06-05 00:00:00,2.9,4.1,8.6,2.4,2.4,69.0,0.6,2.5,310.0,354.0,1004.4,31.0,0.0,0.0,
2025-06-05 01:00:00,2.2,2.4,,1.9,,71.0,1.2,2.7,286.0,313.0,1004.3,8.0,0.0,,
2025-06-05 02:00:00,1.8,2.1,,1.5,,72.0,0.9,2.1,303.0,286.0,1003.9,1.0,0.0,,
2025-06-05 03:00:00,1.4,1.7,,1.2,,73.0,0.9,1.9,283.0,284.0,1003.4,0.0,0.0,,
2025-06-05 04:00:00,0.7,1.2,,0.4,,78.0,0.9,1.9,278.0,303.0,1003.1,1.0,0.0,,
2025-06-05 05:00:00,0.3,0.9,,-0.5,,83.0,1.0,2.6,303.0,285.0,1002.9,11.0,0.0,,10.0
2025-06-05 06:00:00,0.2,0.5,8.2,-0.4,-0.5,84.0,1.0,1.9,276.0,280.0,1002.6,42.0,0.0,0.0,50.0
2025-06-05 07:00:00,0.7,1.0,,0.4,,83.0,0.8,2.3,52.0,304.0,1002.4,104.0,0.0,,100.0
2025-06-05 08:00:00,1.7,2.3,,1.0,,79.0,0.7,2.5,311.0,310.0,1002.3,159.0,0.0,,50.0
2025-06-05 09:00:00,,,,,,79.0,,,,,,175.0,0.0,,
2025-06-05 10:00:00,3.1,3.5,,2.6,,76.0,0.5,1.5,329.0,356.0,1002.3,140.0,0.0,,100.0
2025-06-05 11:00:00,,,,,,73.0,,,,,,297.0,0.0,,100.0
2025-06-05 12:00:00,5.2,5.8,5.8,4.1,-0.5,72.0,2.0,4.3,147.0,142.0,1002.0,363.0,0.0,0.0,100.0
2025-06-05 13:00:00,,,,,,76.0,,4.4,,,,418.0,0.0,,100.0
2025-06-05 14:00:00,4.6,4.9,,4.3,,73.0,3.2,5.7,149.0,146.0,1002.3,509.0,0.0,,100.0
2025-06-05 15:00:00,,,,,,,2.6,5.3,130.0,145.0,1002.2,451.0,,,100.0
2025-06-05 16:00:00,,,,,,70.0,,,,,,299.0,0.0,,100.0
2025-06-05 17:00:00,5.0,5.4,,4.7,,70.0,2.1,3.4,147.0,137.0,1002.0,324.0,0.0,,100.0
2025-06-05 18:00:00,,,,,,69.0,,,,,,323.0,0.0,0.0,100.0
2025-06-05 19:00:00,,,,,,67.0,,3.8,,,,282.0,0.0,,100.0
2025-06-05 20:00:00,4.9,5.3,,4.2,,62.0,1.8,3.3,141.0,144.0,1001.7,209.0,0.0,,100.0
2025-06-05 21:00:00,4.9,5.3,,4.5,,59.0,2.1,3.3,141.0,139.0,1001.7,135.0,0.0,,100.0
2025-06-05 22:00:00,4.5,4.6,,4.3,,60.0,1.8,3.2,149.0,139.0,1001.8,77.0,0.0,,100.0
2025-06-05 23:00:00,4.3,4.4,,4.1,,63.0,1.5,2.6,143.0,143.0,1002.0,33.0,0.0,,100.0
2025-06-06 00:00:00,4.0,4.2,5.6,3.9,3.9,65.0,1.3,2.3,144.0,145.0,1002.1,15.0,0.0,0.0,100.0
2025-06-06 01:00:00,3.8,4.0,,3.5,,67.0,0.7,2.1,152.0,143.0,1002.0,8.0,0.0,,100.0
2025-06-06 02:00:00,3.1,3.5,,2.3,,73.0,0.6,1.6,343.0,148.0,1001.9,2.0,0.0,,100.0
2025-06-06 03:00:00,1.8,2.4,,1.5,,81.0,0.2,1.3,0.0,268.0,1001.9,1.0,0.0,,
2025-06-06 04:00:00,1.4,1.7,,1.1,,81.0,0.5,1.6,294.0,272.0,1001.7,3.0,0.0,,
2025-06-06 05:00:00,0.9,1.2,,0.3,,83.0,0.4,3.2,158.0,166.0,1001.7,11.0,0.0,,100.0
2025-06-06 06:00:00,0.6,1.1,5.6,-0.1,-0.1,86.0,2.4,3.8,133.0,157.0,1001.9,35.0,0.0,0.0,50.0
2025-06-06 07:00:00,-0.5,-0.1,,-0.7,,92.0,2.5,4.4,149.0,152.0,1002.2,67.0,0.0,,100.0
2025-06-06 08:00:00,-0.6,-0.2,,-1.1,,93.0,2.3,3.3,159.0,150.0,1002.6,122.0,0.0,,50.0
2025-06-06 09:00:00,-0.1,0.9,,-1.1,,91.0,1.1,2.8,186.0,168.0,1002.8,299.0,0.0,,
2025-06-06 10:00:00,1.6,2.1,,1.1,,81.0,1.1,3.0,141.0,87.0,1003.0,434.0,0.0,,
2025-06-06 11:00:00,1.9,2.3,,1.2,,79.0,2.3,4.4,146.0,151.0,1003.1,548.0,0.0,,10.0
2025-06-06 12:00:00,1.1,1.4,4.0,0.9,-1.1,83.0,3.2,4.7,157.0,151.0,1003.3,650.0,0.0,0.0,
2025-06-06 13:00:00,1.3,1.8,,0.9,,82.0,3.3,4.8,151.0,151.0,1003.5,715.0,0.0,,
2025-06-06 14:00:00,1.4,1.8,,0.7,,81.0,3.3,5.0,147.0,149.0,1003.6,755.0,0.0,,
2025-06-06 15:00:00,0.7,1.3,,-0.1,,84.0,4.0,6.3,143.0,150.0,1003.7,768.0,0.0,,
2025-06-06 16:00:00,0.5,1.4,,0.0,,86.0,3.6,5.7,145.0,145.0,1003.7,760.0,0.0,,
2025-06-06 17:00:00,1.1,1.8,,0.2,,83.0,2.8,5.6,161.0,153.0,1003.7,711.0,0.0,,
2025-06-06 18:00:00,1.4,2.1,2.3,1.1,-1.1,82.0,2.1,4.0,157.0,156.0,1003.7,634.0,0.0,0.0,
2025-06-06 19:00:00,,,,,,87.0,,,,,,545.0,0.0,,
2025-06-06 20:00:00,0.2,0.5,,-0.1,,88.0,2.5,4.2,166.0,160.0,1004.1,437.0,0.0,,10.0
2025-06-06 21:00:00,0.0,0.6,,-0.2,,91.0,1.3,3.2,14.0,152.0,1004.3,168.0,0.0,,100.0
2025-06-06 22:00:00,-0.5,-0.1,,-0.7,,94.0,1.2,2.8,34.0,47.0,1004.4,71.0,0.0,,100.0
2025-06-06 23:00:00,-1.0,-0.6,,-1.2,,97.0,0.9,2.2,35.0,25.0,1004.6,38.0,0.0,,100.0
2025-06-07 00:00:00,-1.2,-1.0,2.1,-1.3,-1.3,98.0,1.2,2.2,31.0,24.0,1004.7,15.0,0.0,0.0,100.0
2025-06-07 01:00:00,-1.4,-1.1,,-1.5,,98.0,1.0,2.4,84.0,43.0,1004.8,4.0,0.0,,100.0
2025-06-07 02:00:00,-1.6,-1.4,,-1.7,,99.0,1.1,2.9,35.0,28.0,1004.7,1.0,0.0,,100.0
2025-06-07 03:00:00,-1.9,-1.6,,-2.0,,99.0,1.1,2.2,311.0,308.0,1004.6,0.0,0.0,,100.0
2025-06-07 04:00:00,-1.9,-1.5,,-2.1,,99.0,0.4,1.5,33.0,40.0,1004.5,1.0,0.0,,100.0
2025-06-07 05:00:00,-1.6,-1.4,,-1.7,,99.0,1.1,2.3,10.0,10.0,1004.4,4.0,0.0,,100.0
2025-06-07 06:00:00,-1.7,-1.5,1.3,-1.8,-2.1,99.0,0.8,1.9,10.0,358.0,1004.5,17.0,0.0,0.0,100.0
2025-06-07 07:00:00,-1.8,-1.7,,-1.9,,99.0,1.0,2.2,22.0,8.0,1004.7,32.0,0.0,,100.0
2025-06-07 08:00:00,-1.8,-1.6,,-1.9,,99.0,1.3,2.4,7.0,351.0,1004.6,61.0,0.0,,100.0
2025-06-07 09:00:00,-1.6,-1.4,,-1.8,,99.0,1.0,2.3,27.0,16.0,1004.7,101.0,0.0,,100.0
2025-06-07 10:00:00,-1.3,-1.1,,-1.6,,98.0,1.5,2.6,40.0,28.0,1004.7,156.0,0.0,,100.0
2025-06-07 11:00:00,-0.9,-0.5,,-1.2,,96.0,1.2,2.6,334.0,32.0,1004.9,225.0,0.0,,100.0
2025-06-07 12:00:00,-0.2,0.1,0.1,-0.5,-2.1,92.0,1.3,2.6,29.0,26.0,1005.2,266.0,0.0,0.0,100.0
2025-06-07 13:00:00,0.0,0.3,,-0.4,,94.0,1.6,3.7,135.0,127.0,1005.5,267.0,0.0,,100.0
2025-06-07 14:00:00,0.4,0.8,,-0.3,,91.0,2.0,3.8,138.0,145.0,1005.4,371.0,0.0,,100.0
2025-06-07 15:00:00,0.6,0.9,,0.0,,89.0,2.4,4.0,143.0,141.0,1005.7,422.0,0.0,,100.0
2025-06-07 16:00:00,0.6,1.0,,0.3,,91.0,2.6,4.4,138.0,139.0,1005.8,386.0,0.0,,100.0
2025-06-07 17:00:00,0.9,1.1,,0.6,,91.0,2.3,3.6,125.0,134.0,1006.1,350.0,0.0,,100.0
2025-06-07 18:00:00,0.6,1.0,1.1,0.2,-1.9,93.0,2.5,4.4,153.0,138.0,1006.2,286.0,0.0,0.0,100.0
2025-06-07 19:00:00,,,,,,,,4.3,,,,377.0,0.0,,40.0
2025-06-07 20:00:00,0.8,1.2,,0.3,,90.0,2.7,4.6,162.0,161.0,1006.6,359.0,0.0,,100.0
2025-06-07 21:00:00,0.2,0.5,,0.0,,93.0,2.3,3.9,154.0,153.0,1006.7,202.0,0.0,,100.0
2025-06-07 22:00:00,-0.2,0.2,,-0.4,,96.0,2.1,3.4,137.0,140.0,1006.8,96.0,0.0,,100.0
2025-06-07 23:00:00,-0.4,-0.2,,-0.5,,98.0,1.6,2.8,139.0,134.0,1007.2,40.0,0.0,,100.0
2025-06-08 00:00:00,-0.7,-0.4,1.4,-0.8,-0.8,99.0,1.4,2.9,142.0,139.0,1007.4,18.0,0.0,0.0,100.0
2025-06-08 01:00:00,-0.4,-0.2,,-0.6,,99.0,0.9,2.2,124.0,59.0,1007.6,5.0,0.0,,100.0
2025-06-08 02:00:00,-0.7,-0.5,,-0.9,,99.0,1.1,2.5,26.0,53.0,1007.9,1.0,0.0,,100.0
2025-06-08 03:00:00,-0.9,-0.7,,-1.1,,99.0,1.3,2.8,11.0,21.0,1008.1,0.0,0.0,,100.0
2025-06-08 04:00:00,-1.1,-1.0,,-1.2,,99.0,1.2,2.9,72.0,17.0,1008.1,1.0,0.0,,100.0
2025-06-08 05:00:00,-1.3,-0.9,,-1.4,,99.0,0.9,2.4,328.0,323.0,1008.3,5.0,0.0,,100.0
2025-06-08 06:00:00,-1.4,-1.2,1.4,-1.4,-1.4,99.0,0.6,1.8,304.0,304.0,1008.4,18.0,0.0,0.0,100.0
2025-06-08 07:00:00,-1.2,-1.1,,-1.3,,99.0,1.4,2.8,268.0,315.0,1008.5,56.0,0.0,,100.0
2025-06-08 08:00:00,-1.2,-0.8,,-1.4,,99.0,0.9,2.6,307.0,276.0,1008.8,98.0,0.0,,100.0
2025-06-08 09:00:00,-0.8,-0.3,,-1.1,,98.0,0.9,2.2,352.0,355.0,1009.1,186.0,0.0,,100.0
2025-06-08 10:00:00,0.2,1.5,,-0.6,,95.0,1.1,2.2,335.0,352.0,1009.0,369.0,0.0,,25.0
2025-06-08 11:00:00,2.1,3.0,,1.5,,85.0,1.5,3.0,40.0,29.0,1009.2,540.0,0.0,,
2025-06-08 12:00:00,2.3,3.9,3.9,1.7,-1.4,83.0,2.8,4.7,156.0,146.0,1009.2,624.0,0.0,0.0,
2025-06-08 13:00:00,2.2,2.9,,1.6,,83.0,3.6,5.0,147.0,147.0,1009.3,702.0,0.0,,
2025-06-08 14:00:00,2.9,3.3,,2.4,,79.0,3.5,5.3,141.0,138.0,1009.6,746.0,0.0,,
2025-06-08 15:00:00,3.9,4.5,,3.2,,74.0,3.0,4.7,137.0,138.0,1009.7,756.0,0.0,,
2025-06-08 16:00:00,4.5,5.1,,3.7,,71.0,2.9,4.6,145.0,139.0,1009.7,740.0,0.0,,
2025-06-08 17:00:00,4.5,5.3,,4.0,,73.0,2.6,4.1,149.0,149.0,1009.7,693.0,0.0,,
2025-06-08 18:00:00,4.5,6.2,6.2,2.6,-1.4,73.0,2.9,5.1,138.0,142.0,1009.8,627.0,0.0,0.0,
2025-06-08 19:00:00,,,,,,,,,,,,536.0,0.0,,
2025-06-08 20:00:00,2.3,3.3,,1.7,,81.0,3.2,5.1,165.0,152.0,1010.4,433.0,0.0,,
2025-06-08 21:00:00,2.9,4.0,,2.3,,79.0,1.3,3.0,310.0,190.0,1010.4,321.0,0.0,,
2025-06-08 22:00:00,2.8,3.7,,2.0,,79.0,1.4,2.8,320.0,212.0,1010.7,214.0,0.0,,
2025-06-08 23:00:00,2.4,3.5,,1.3,,81.0,1.4,3.2,169.0,181.0,1011.0,115.0,0.0,,
2025-06-09 00:00:00,0.7,1.4,6.2,0.4,0.4,91.0,2.4,3.8,179.0,163.0,1011.2,36.0,0.0,0.0,
2025-06-09 01:00:00,0.1,0.6,,-0.1,,93.0,2.2,3.6,156.0,164.0,1011.7,11.0,0.0,,
2025-06-09 02:00:00,-0.3,0.0,,-0.6,,95.0,2.3,3.6,203.0,157.0,1012.0,4.0,0.0,,
2025-06-09 03:00:00,0.1,0.3,,-0.3,,93.0,0.3,1.5,186.0,278.0,1012.0,2.0,0.0,,
2025-06-09 04:00:00,-1.4,-0.3,,-2.1,,97.0,2.5,4.0,164.0,162.0,1012.0,2.0,0.0,,10.0
2025-06-09 05:00:00,-2.2,-2.0,,-2.3,,99.0,2.0,3.8,183.0,168.0,1012.4,10.0,0.0,,100.0
2025-06-09 06:00:00,-1.9,-1.7,4.0,-2.1,-2.3,99.0,0.6,1.9,189.0,182.0,1012.9,22.0,0.0,0.0,100.0
2025-06-09 07:00:00,-1.9,-1.7,,-2.0,,99.0,0.6,1.8,33.0,351.0,1013.2,55.0,0.0,,100.0
2025-06-09 08:00:00,-2.0,-1.9,,-2.1,,98.0,0.8,2.0,28.0,25.0,1013.2,131.0,0.0,,100.0
2025-06-09 09:00:00,-1.6,-0.5,,-2.3,,97.0,1.8,5.0,146.0,138.0,1013.5,283.0,0.0,,75.0
2025-06-09 10:00:00,-2.2,-1.7,,-2.4,,96.0,3.1,4.9,145.0,145.0,1014.2,406.0,0.0,,100.0
2025-06-09 11:00:00,-2.3,-1.9,,-2.6,,95.0,3.4,5.6,128.0,143.0,1014.9,452.0,0.0,,100.0
2025-06-09 12:00:00,-1.1,0.0,0.6,-2.3,-2.6,91.0,1.6,3.5,39.0,108.0,1014.8,619.0,0.0,0.0,40.0
2025-06-09 13:00:00,0.4,1.3,,0.1,,85.0,2.3,3.9,160.0,143.0,1014.7,711.0,0.0,,
2025-06-09 14:00:00,0.5,0.9,,0.0,,83.0,3.3,5.7,153.0,155.0,1014.8,744.0,0.0,,
2025-06-09 15:00:00,0.6,1.4,,0.0,,83.0,3.0,5.0,162.0,152.0,1014.8,752.0,0.0,,
2025-06-09 16:00:00,1.6,2.4,,1.1,,80.0,2.7,4.6,159.0,155.0,1014.5,738.0,0.0,,
2025-06-09 17:00:00,1.4,2.3,,0.6,,80.0,3.1,5.3,160.0,156.0,1014.4,695.0,0.0,,
2025-06-09 18:00:00,2.6,3.9,3.9,1.4,-2.6,75.0,2.2,6.3,154.0,158.0,1014.6,622.0,0.0,0.0,
2025-06-09 19:00:00,,,,,,,4.0,6.1,159.0,157.0,1014.8,540.0,0.0,,
2025-06-09 20:00:00,1.9,2.5,,0.8,,78.0,1.2,2.6,33.0,40.0,1014.3,443.0,0.0,,
2025-06-09 21:00:00,2.2,3.1,,0.9,,77.0,1.3,4.1,166.0,148.0,1014.0,328.0,0.0,,
2025-06-09 22:00:00,0.5,0.9,,-0.2,,84.0,3.4,5.0,136.0,153.0,1014.4,217.0,0.0,,
2025-06-09 23:00:00,-0.8,0.4,,-1.8,,89.0,2.3,5.6,154.0,149.0,1014.6,120.0,0.0,,
2025-06-10 00:00:00,-1.5,-1.0,3.9,-2.0,-2.0,93.0,1.3,3.4,311.0,132.0,1015.0,47.0,0.0,0.0,
2025-06-10 01:00:00,-1.2,-1.0,,-1.3,,93.0,0.6,2.1,28.0,6.0,1014.9,15.0,0.0,,
2025-06-10 02:00:00,-0.7,0.3,,-1.3,,90.0,0.9,2.2,276.0,272.0,1014.8,5.0,0.0,,
2025-06-10 03:00:00,-0.6,0.1,,-1.0,,90.0,0.6,2.8,178.0,285.0,1014.4,1.0,0.0,,
2025-06-10 04:00:00,-0.9,-0.5,,-1.4,,90.0,0.4,2.3,0.0,191.0,1014.3,4.0,0.0,,
2025-06-10 05:00:00,-1.2,-0.3,,-1.9,,91.0,0.8,2.0,170.0,177.0,1014.5,13.0,0.0,,
2025-06-10 06:00:00,-1.4,-0.8,3.1,-2.0,-2.0,92.0,1.0,2.7,323.0,172.0,1014.6,48.0,0.0,0.0,
2025-06-10 07:00:00,-0.5,0.2,,-0.9,,90.0,0.5,1.5,0.0,349.0,1014.7,127.0,0.0,,
2025-06-10 08:00:00,0.9,1.6,,0.3,,85.0,0.3,1.2,9.0,11.0,1014.7,216.0,0.0,,
2025-06-10 09:00:00,2.9,3.9,,1.7,,77.0,0.4,1.2,329.0,345.0,1014.9,325.0,0.0,,
2025-06-10 10:00:00,4.4,5.4,,3.8,,71.0,0.6,1.6,33.0,37.0,1015.0,425.0,0.0,,
2025-06-10 11:00:00,6.4,7.3,,5.4,,60.0,0.8,2.5,119.0,48.0,1015.1,551.0,0.0,,
2025-06-10 12:00:00,7.7,9.0,9.0,6.8,-2.0,54.0,2.0,3.2,135.0,142.0,1015.3,635.0,0.0,0.0,
2025-06-10 13:00:00,8.6,9.6,,8.0,,48.0,2.5,4.1,138.0,146.0,1015.2,712.0,0.0,,
2025-06-10 14:00:00,8.6,8.9,,8.3,,47.0,2.7,4.2,140.0,142.0,1015.1,760.0,0.0,,
2025-06-10 15:00:00,8.3,9.1,,7.7,,48.0,3.4,5.2,151.0,146.0,1015.0,772.0,0.0,,
2025-06-10 16:00:00,7.0,7.9,,5.6,,55.0,4.3,5.8,145.0,146.0,1014.9,720.0,0.0,,
2025-06-10 17:00:00,5.4,6.2,,4.9,,66.0,4.1,6.6,151.0,148.0,1014.8,701.0,0.0,,
2025-06-10 18:00:00,5.7,6.2,9.6,5.1,-0.9,67.0,3.2,5.6,146.0,148.0,1014.7,608.0,0.0,0.0,
2025-06-10 19:00:00,,,,,,,3.2,5.3,153.0,153.0,1014.7,512.0,,,
2025-06-10 20:00:00,4.9,5.3,,3.7,,74.0,2.6,4.9,149.0,152.0,1014.8,395.0,0.0,,
2025-06-10 21:00:00,3.6,3.9,,3.3,,81.0,2.7,4.4,160.0,156.0,1014.7,245.0,0.0,,
2025-06-10 22:00:00,3.4,3.7,,2.8,,82.0,2.4,4.3,154.0,158.0,1014.7,168.0,0.0,,
2025-06-10 23:00:00,2.4,2.9,,2.1,,85.0,2.9,4.3,157.0,152.0,1014.7,73.0,0.0,,
2025-06-11 00:00:00,2.1,2.3,9.6,1.9,1.9,81.0,2.4,4.0,163.0,147.0,1014.9,34.0,0.0,0.0,
2025-06-11 01:00:00,1.4,1.9,,1.2,,77.0,2.3,4.3,164.0,156.0,1014.9,11.0,0.0,,
2025-06-11 02:00:00,1.1,1.3,,0.8,,85.0,0.8,2.6,0.0,321.0,1014.5,3.0,0.0,,
2025-06-11 03:00:00,0.5,0.9,,0.2,,86.0,0.5,1.9,206.0,176.0,1014.0,1.0,0.0,,
2025-06-11 04:00:00,-0.1,0.4,,-0.3,,87.0,1.1,2.3,165.0,170.0,1013.8,2.0,0.0,,
2025-06-11 05:00:00,-0.4,-0.1,,-0.8,,86.0,0.9,1.9,152.0,163.0,1013.5,11.0,0.0,,
2025-06-11 06:00:00,-0.5,-0.1,5.3,-0.8,-0.8,88.0,0.3,1.7,0.0,158.0,1013.2,43.0,0.0,0.0,
2025-06-11 07:00:00,-0.4,0.3,,-1.1,,89.0,0.4,1.6,7.0,206.0,1012.9,120.0,0.0,,
2025-06-11 08:00:00,0.1,0.3,,0.0,,88.0,0.8,1.7,17.0,354.0,1012.7,201.0,0.0,,
2025-06-11 09:00:00,0.8,1.4,,0.3,,84.0,0.7,1.9,34.0,32.0,1012.4,310.0,0.0,,
2025-06-11 10:00:00,1.4,2.0,,1.0,,80.0,0.9,2.2,42.0,36.0,1012.0,441.0,0.0,,
2025-06-11 11:00:00,2.7,3.5,,2.0,,75.0,1.0,2.1,32.0,72.0,1011.6,553.0,0.0,,
2025-06-11 12:00:00,2.8,3.8,3.8,2.1,-1.1,74.0,1.8,3.8,168.0,158.0,1011.3,638.0,0.0,0.0,10.0
2025-06-11 13:00:00,2.1,4.2,,0.9,,77.0,2.2,5.0,27.0,161.0,1011.1,717.0,0.0,,
2025-06-11 14:00:00,3.5,4.4,,2.7,,70.0,2.2,4.8,165.0,143.0,1010.9,759.0,0.0,,
2025-06-11 15:00:00,2.4,4.3,,1.4,,75.0,2.1,4.3,26.0,165.0,1010.6,774.0,0.0,,
2025-06-11 16:00:00,2.6,4.5,,1.8,,75.0,2.1,4.5,166.0,161.0,1010.3,770.0,0.0,,60.0
2025-06-11 17:00:00,2.9,3.9,,2.0,,73.0,2.2,4.6,328.0,328.0,1009.8,718.0,0.0,,
2025-06-11 18:00:00,2.7,3.5,4.5,2.1,-1.1,75.0,2.3,4.1,329.0,326.0,1010.0,682.0,0.0,0.0,25.0
2025-06-11 19:00:00,,,,,,77.0,2.7,4.1,322.0,327.0,,543.0,0.0,,
2025-06-11 20:00:00,3.0,3.5,,1.4,,75.0,1.5,3.5,168.0,355.0,1010.0,427.0,0.0,,
2025-06-11 21:00:00,1.5,2.3,,1.1,,83.0,1.9,3.6,179.0,172.0,1010.1,318.0,0.0,,
2025-06-11 22:00:00,2.3,3.2,,1.1,,82.0,1.2,3.3,165.0,244.0,1010.2,208.0,0.0,,
2025-06-11 23:00:00,0.4,1.2,,0.0,,93.0,2.5,4.1,163.0,159.0,1010.6,113.0,0.0,,50.0
2025-06-12 00:00:00,0.0,0.2,4.5,-0.3,-0.3,98.0,1.0,2.5,10.0,160.0,1010.9,35.0,0.0,0.0,100.0
2025-06-12 01:00:00,-0.3,0.0,,-0.6,,99.0,0.9,2.8,138.0,45.0,1011.4,9.0,0.0,,100.0
2025-06-12 02:00:00,-0.8,-0.6,,-1.0,,99.0,1.5,3.1,147.0,149.0,1011.6,3.0,0.0,,100.0
2025-06-12 03:00:00,-0.6,-0.4,,-1.0,,99.0,1.0,2.3,341.0,334.0,1011.6,2.0,0.0,,100.0
2025-06-12 04:00:00,-0.4,-0.3,,-0.5,,99.0,0.7,1.8,343.0,6.0,1011.7,2.0,0.0,,100.0
2025-06-12 05:00:00,-0.4,-0.3,,-0.6,,99.0,0.3,1.3,198.0,70.0,1011.8,6.0,0.0,,100.0
2025-06-12 06:00:00,-0.7,-0.5,3.5,-0.8,-1.0,99.0,0.5,1.7,33.0,75.0,1011.9,22.0,0.0,0.0,100.0
2025-06-12 07:00:00,-0.7,-0.5,,-0.8,,99.0,0.7,1.6,30.0,34.0,1012.2,37.0,0.0,,100.0
2025-06-12 08:00:00,-0.4,-0.2,,-0.8,,99.0,0.5,1.4,53.0,10.0,1012.5,60.0,0.0,,100.0
2025-06-12 09:00:00,0.2,0.5,,-0.3,,97.0,0.5,2.2,0.0,96.0,1012.7,109.0,0.0,,100.0
2025-06-12 10:00:00,1.0,2.1,,0.6,,92.0,0.5,1.7,336.0,22.0,1012.5,160.0,0.0,,100.0
2025-06-12 11:00:00,2.4,2.9,,1.9,,82.0,1.5,3.4,159.0,157.0,1012.7,264.0,0.0,,100.0
2025-06-12 12:00:00,2.4,2.9,2.9,1.9,-1.0,80.0,1.5,4.0,156.0,157.0,1012.9,223.0,0.0,0.0,100.0
2025-06-12 13:00:00,2.8,3.6,,1.9,,73.0,3.2,5.4,152.0,148.0,1013.3,310.0,0.0,,100.0
2025-06-12 14:00:00,4.3,5.4,,2.7,,65.0,2.3,4.1,117.0,136.0,1013.6,591.0,0.0,,100.0
2025-06-12 15:00:00,4.6,5.7,,3.5,,65.0,2.3,4.5,145.0,144.0,1013.8,414.0,0.0,,100.0
2025-06-12 16:00:00,4.2,5.4,,3.4,,63.0,2.2,4.4,80.0,148.0,1013.7,224.0,0.0,,100.0
2025-06-12 17:00:00,4.8,5.2,,4.2,,66.0,0.7,2.3,33.0,37.0,1013.9,211.0,0.0,,100.0
2025-06-12 18:00:00,5.3,5.9,5.9,4.6,-0.8,64.0,0.8,1.9,30.0,32.0,1014.1,299.0,0.0,0.0,100.0
2025-06-12 19:00:00,,,,,,,,,,,1014.2,386.0,,,100.0
2025-06-12 20:00:00,5.3,6.4,,4.3,,61.0,2.4,3.5,153.0,158.0,1014.5,307.0,0.0,,100.0
2025-06-12 21:00:00,5.4,6.0,,4.6,,64.0,2.6,3.8,150.0,148.0,1014.9,268.0,0.0,,10.0
2025-06-12 22:00:00,4.7,5.3,,4.0,,80.0,2.8,4.5,141.0,145.0,1015.5,139.0,0.0,,100.0
2025-06-12 23:00:00,4.0,4.4,,3.4,,86.0,2.7,4.2,155.0,151.0,1015.8,53.0,0.0,,100.0
2025-06-13 00:00:00,3.6,3.9,6.4,3.2,1.9,91.0,0.9,2.8,28.0,343.0,1016.0,15.0,0.0,0.0,100.0
2025-06-13 01:00:00,3.3,4.0,,2.4,,95.0,2.0,6.7,165.0,160.0,1016.2,11.0,0.0,,100.0
2025-06-13 02:00:00,3.1,3.9,,2.2,,94.0,2.1,4.9,340.0,155.0,1016.8,4.0,0.0,,100.0
2025-06-13 03:00:00,2.4,2.7,,2.0,,97.0,0.6,2.1,355.0,324.0,1016.7,0.0,0.2,,100.0
2025-06-13 04:00:00,3.1,3.9,,2.7,,95.0,0.4,2.4,37.0,85.0,1017.0,1.0,0.2,,100.0
2025-06-13 05:00:00,3.7,4.9,,2.9,,90.0,1.5,5.8,234.0,246.0,1017.0,3.0,0.1,,100.0
2025-06-13 06:00:00,3.9,4.9,6.4,3.3,2.0,88.0,1.2,4.3,357.0,292.0,1017.2,18.0,0.0,0.4,100.0
2025-06-13 07:00:00,4.1,4.5,,3.8,,89.0,0.7,1.5,357.0,357.0,1017.6,75.0,0.0,,100.0
2025-06-13 08:00:00,4.9,5.5,,4.5,,85.0,0.5,1.9,27.0,13.0,1017.8,171.0,0.0,,100.0
2025-06-13 09:00:00,5.2,5.5,,4.9,,84.0,0.4,1.5,35.0,30.0,1018.0,179.0,0.0,,100.0
2025-06-13 10:00:00,6.1,7.0,,5.6,,78.0,1.2,2.4,39.0,32.0,1018.0,452.0,0.0,,100.0
2025-06-13 11:00:00,6.7,7.2,,6.2,,75.0,1.7,3.1,22.0,28.0,1018.1,346.0,0.0,,100.0
2025-06-13 12:00:00,7.2,7.6,7.6,6.6,2.0,72.0,1.5,3.3,35.0,61.0,1018.4,334.0,0.0,0.4,100.0
2025-06-13 13:00:00,8.0,8.5,,7.5,,66.0,1.8,5.6,262.0,284.0,1018.4,511.0,0.0,,100.0
2025-06-13 14:00:00,8.4,8.9,,8.0,,63.0,3.3,6.1,267.0,257.0,1018.4,542.0,0.0,,100.0
2025-06-13 15:00:00,9.1,9.7,,8.4,,58.0,3.8,6.9,238.0,248.0,1018.4,561.0,0.0,,100.0
2025-06-13 16:00:00,9.6,10.0,,9.1,,54.0,3.8,7.2,233.0,232.0,1018.4,631.0,0.0,,100.0
2025-06-13 17:00:00,9.9,10.4,,9.3,,52.0,4.2,7.5,237.0,235.0,1018.2,454.0,0.0,,100.0
2025-06-13 18:00:00,10.2,10.7,10.7,9.8,3.8,48.0,4.7,9.3,236.0,235.0,1018.2,448.0,0.0,0.4,100.0
2025-06-13 19:00:00,,,,,,,,,,,1018.2,369.0,,,100.0
2025-06-13 20:00:00,10.0,10.3,,9.7,,49.0,5.4,7.9,229.0,224.0,1018.2,281.0,0.0,,40.0
2025-06-13 21:00:00,10.1,10.4,,9.8,,49.0,4.2,7.4,240.0,233.0,1018.2,216.0,0.0,,50.0
2025-06-13 22:00:00,9.7,9.9,,9.6,,51.0,3.3,6.1,259.0,245.0,1018.1,146.0,0.0,,25.0
2025-06-13 23:00:00,9.3,9.8,,8.9,,54.0,3.3,6.0,220.0,238.0,1017.7,85.0,0.0,,75.0
2025-06-14 00:00:00,8.7,8.9,10.7,8.6,7.5,55.0,4.1,6.5,223.0,223.0,1017.7,21.0,0.0,0.4,100.0
2025-06-14 01:00:00,8.5,8.6,,8.5,,56.0,4.5,6.9,229.0,228.0,1017.5,10.0,0.0,,100.0
2025-06-14 02:00:00,8.2,8.6,,7.9,,58.0,4.4,7.8,250.0,243.0,1017.3,2.0,0.0,,100.0
2025-06-14 03:00:00,7.9,8.1,,7.6,,61.0,5.8,11.1,229.0,238.0,1017.0,1.0,0.0,,100.0
2025-06-14 04:00:00,7.5,7.9,,7.2,,63.0,6.1,10.7,242.0,243.0,1016.6,2.0,0.0,,100.0
2025-06-14 05:00:00,7.7,8.0,,7.4,,62.0,4.9,9.7,232.0,230.0,1016.4,12.0,0.0,,100.0
2025-06-14 06:00:00,7.7,8.0,10.7,7.3,7.2,61.0,3.9,6.8,225.0,232.0,1016.4,38.0,0.0,0.0,
2025-06-14 07:00:00,8.4,9.0,,7.9,,56.0,3.8,7.0,241.0,234.0,1016.4,100.0,0.0,,
2025-06-14 08:00:00,8.9,9.4,,7.8,,51.0,3.0,6.6,289.0,243.0,1016.3,156.0,0.0,,
2025-06-14 09:00:00,7.6,8.8,,6.8,,59.0,0.5,1.9,10.0,348.0,1016.0,184.0,0.0,,
2025-06-14 10:00:00,9.2,9.7,,8.7,,51.0,0.9,2.2,26.0,26.0,1015.9,397.0,0.0,,10.0
2025-06-14 11:00:00,9.8,10.2,,9.4,,49.0,1.0,2.3,15.0,15.0,1015.8,536.0,0.0,,
2025-06-14 12:00:00,10.1,10.7,10.7,9.4,6.8,47.0,1.4,2.6,19.0,28.0,1015.4,616.0,0.0,0.0,
2025-06-14 13:00:00,11.1,12.7,,10.3,,42.0,1.3,4.2,292.0,9.0,1015.1,690.0,0.0,,
2025-06-14 14:00:00,12.0,12.6,,11.6,,38.0,1.6,5.0,38.0,360.0,1014.9,734.0,0.0,,
2025-06-14 15:00:00,12.5,13.3,,11.7,,36.0,2.8,6.9,250.0,259.0,1014.5,748.0,0.0,,
2025-06-14 16:00:00,12.7,13.3,,12.1,,33.0,4.7,8.9,254.0,243.0,1014.5,717.0,0.0,,
2025-06-14 17:00:00,12.2,12.8,,11.6,,36.0,5.3,9.3,245.0,252.0,1014.2,677.0,0.0,,
2025-06-14 18:00:00,11.7,12.1,13.3,11.4,6.8,39.0,5.7,9.4,256.0,251.0,1013.9,615.0,0.0,0.0,
2025-06-14 19:00:00,,,,,,,,,,,1013.9,479.0,,,
2025-06-14 20:00:00,11.6,11.9,,11.4,,40.0,4.7,7.5,254.0,252.0,1013.7,426.0,0.0,,
2025-06-14 21:00:00,11.6,12.0,,11.3,,40.0,4.0,6.4,260.0,257.0,1013.4,314.0,0.0,,
2025-06-14 22:00:00,11.5,11.8,,11.4,,40.0,2.4,5.0,307.0,274.0,1013.3,211.0,0.0,,
2025-06-14 23:00:00,9.7,11.2,,7.5,,50.0,0.9,2.5,293.0,334.0,1013.3,114.0,0.0,,
2025-06-15 00:00:00,6.0,7.6,13.3,4.7,4.7,68.0,1.4,3.1,327.0,325.0,1013.4,46.0,0.0,0.0,
2025-06-15 01:00:00,4.1,4.8,,3.7,,79.0,1.2,3.0,322.0,327.0,1013.4,11.0,0.0,,
2025-06-15 02:00:00,3.8,3.9,,3.1,,81.0,0.5,2.6,168.0,275.0,1013.2,4.0,0.0,,
2025-06-15 03:00:00,2.9,3.1,,2.7,,88.0,1.3,3.0,183.0,170.0,1013.0,2.0,0.0,,
2025-06-15 04:00:00,2.5,2.8,,2.4,,91.0,1.1,2.7,174.0,173.0,1012.7,4.0,0.0,,
2025-06-15 05:00:00,2.7,2.8,,2.5,,89.0,0.3,1.5,187.0,161.0,1012.6,12.0,0.0,,
2025-06-15 06:00:00,3.0,3.9,12.0,2.7,2.4,88.0,0.0,0.6,194.0,0.0,1012.7,43.0,0.0,0.0,
2025-06-15 07:00:00,3.5,3.9,,3.0,,85.0,0.3,1.4,287.0,157.0,1012.4,124.0,0.0,,
2025-06-15 08:00:00,4.2,4.6,,3.9,,81.0,0.7,1.5,49.0,32.0,1012.2,213.0,0.0,,
2025-06-15 09:00:00,4.5,5.0,,4.1,,80.0,2.2,3.9,148.0,143.0,1012.1,315.0,0.0,,
2025-06-15 10:00:00,5.5,6.3,,4.7,,73.0,1.8,3.9,162.0,140.0,1012.1,427.0,0.0,,
2025-06-15 11:00:00,6.5,7.1,,6.0,,68.0,1.3,2.7,30.0,33.0,1011.8,537.0,0.0,,
2025-06-15 12:00:00,6.6,7.3,7.3,5.3,2.4,64.0,2.8,5.6,143.0,145.0,1011.5,621.0,0.0,0.0,
2025-06-15 13:00:00,5.4,6.2,,4.9,,66.0,3.8,5.6,148.0,140.0,1011.5,693.0,0.0,,
2025-06-15 14:00:00,6.7,7.9,,5.6,,58.0,2.9,4.6,149.0,146.0,1011.3,739.0,0.0,,
2025-06-15 15:00:00,7.4,8.1,,6.4,,56.0,2.4,4.1,159.0,155.0,1010.9,752.0,0.0,,
2025-06-15 16:00:00,7.3,8.1,,6.7,,60.0,2.6,4.1,160.0,161.0,1010.6,739.0,0.0,,
2025-06-15 17:00:00,7.2,8.2,,6.4,,59.0,3.3,5.0,151.0,149.0,1010.7,683.0,0.0,,
2025-06-15 18:00:00,7.3,8.2,8.2,6.6,3.0,61.0,2.5,4.2,150.0,152.0,1011.0,626.0,0.0,0.0,
2025-06-15 19:00:00,,,,,,,,,,,1011.1,421.0,,,90.0
2025-06-15 20:00:00,6.4,7.2,,5.3,,66.0,2.2,3.3,158.0,157.0,1011.1,270.0,0.0,,100.0
2025-06-15 21:00:00,6.1,7.8,,4.4,,66.0,2.0,3.2,159.0,154.0,1011.2,128.0,0.0,,100.0
2025-06-15 22:00:00,5.8,6.9,,4.6,,69.0,1.3,3.0,316.0,232.0,1011.3,112.0,0.0,,100.0
2025-06-15 23:00:00,5.1,5.5,,4.7,,72.0,0.7,2.8,0.0,335.0,1011.4,42.0,0.0,,100.0
2025-06-16 00:00:00,5.6,6.1,9.6,5.2,4.4,71.0,0.5,2.3,130.0,135.0,1011.3,10.0,0.0,0.0,100.0
2025-06-16 01:00:00,5.1,5.7,,4.8,,75.0,0.1,0.8,4.0,19.0,1011.3,2.0,0.0,,100.0
2025-06-16 02:00:00,5.3,5.6,,4.8,,73.0,0.2,1.2,288.0,292.0,1010.9,1.0,0.0,,100.0
2025-06-16 03:00:00,5.8,6.1,,5.6,,72.0,0.3,1.3,151.0,240.0,1010.5,0.0,0.0,,100.0
2025-06-16 04:00:00,5.4,6.1,,4.8,,73.0,1.1,2.5,308.0,194.0,1010.1,1.0,0.0,,100.0
2025-06-16 05:00:00,5.1,5.5,,4.7,,76.0,0.4,1.3,151.0,158.0,1009.6,3.0,0.0,,100.0
2025-06-16 06:00:00,5.2,5.5,9.6,4.8,4.4,75.0,0.8,2.2,224.0,163.0,1009.7,11.0,0.0,0.0,100.0
2025-06-16 07:00:00,5.2,5.5,,5.1,,76.0,0.3,1.6,345.0,120.0,1009.7,22.0,0.0,,100.0
2025-06-16 08:00:00,5.5,6.0,,5.0,,77.0,0.2,1.0,317.0,322.0,1009.7,55.0,0.0,,100.0
2025-06-16 09:00:00,5.7,6.1,,5.5,,74.0,0.9,2.1,166.0,78.0,1009.7,151.0,0.0,,100.0
2025-06-16 10:00:00,6.9,7.7,,5.6,,68.0,0.6,1.9,32.0,45.0,1009.5,238.0,0.0,,100.0
2025-06-16 11:00:00,7.4,7.9,,7.0,,64.0,0.6,1.8,32.0,36.0,1009.2,270.0,0.0,,100.0
2025-06-16 12:00:00,8.3,9.5,9.5,7.8,4.7,60.0,0.8,1.9,20.0,33.0,1008.8,457.0,0.0,0.0,100.0
2025-06-16 13:00:00,9.4,11.0,,8.5,,57.0,0.9,2.0,75.0,44.0,1008.5,518.0,0.0,,100.0
2025-06-16 14:00:00,10.8,11.5,,10.4,,53.0,1.2,3.1,143.0,55.0,1008.1,582.0,0.0,,100.0
2025-06-16 15:00:00,8.9,10.7,,8.1,,60.0,3.4,5.1,148.0,156.0,1007.8,528.0,0.0,,100.0
2025-06-16 16:00:00,9.3,10.4,,8.4,,58.0,2.4,5.5,127.0,139.0,1007.7,513.0,0.0,,100.0
2025-06-16 17:00:00,9.9,10.8,,9.4,,56.0,1.4,3.1,40.0,158.0,1007.2,474.0,0.0,,100.0
2025-06-16 18:00:00,10.4,11.9,11.9,9.8,5.0,56.0,2.1,3.7,161.0,150.0,1007.1,467.0,0.0,0.0,100.0
2025-06-16 19:00:00,,,,,,,,3.7,,,1007.1,397.0,,,100.0
2025-06-16 20:00:00,9.3,10.8,,8.4,,62.0,0.9,2.7,6.0,181.0,1007.3,261.0,0.0,,100.0
2025-06-16 21:00:00,8.5,9.2,,8.2,,64.0,0.8,1.8,37.0,359.0,1007.2,121.0,0.0,,100.0
2025-06-16 22:00:00,8.1,8.4,,7.8,,67.0,0.3,1.3,25.0,7.0,1007.0,96.0,0.0,,100.0
2025-06-16 23:00:00,7.6,8.4,,7.1,,68.0,0.6,2.4,157.0,134.0,1007.0,55.0,0.0,,100.0
2025-06-17 00:00:00,6.7,7.3,11.9,6.3,6.3,72.0,1.8,3.0,148.0,150.0,1007.2,20.0,0.0,0.0,100.0
2025-06-17 01:00:00,6.9,7.2,,6.7,,70.0,1.2,2.8,113.0,136.0,1007.2,8.0,0.0,,100.0
2025-06-17 02:00:00,5.6,6.9,,3.8,,82.0,1.9,5.8,160.0,150.0,1007.5,0.0,0.0,,100.0
2025-06-17 03:00:00,4.6,5.0,,4.4,,71.0,2.9,5.6,152.0,162.0,1007.6,1.0,0.0,,100.0
2025-06-17 04:00:00,4.6,5.0,,4.4,,70.0,2.6,4.6,165.0,164.0,1007.5,1.0,0.0,,100.0
2025-06-17 05:00:00,4.6,4.8,,4.4,,72.0,0.7,3.1,344.0,131.0,1007.6,7.0,0.0,,100.0
2025-06-17 06:00:00,4.6,4.7,10.8,4.4,3.8,75.0,0.3,1.3,0.0,353.0,1007.7,14.0,0.0,0.0,100.0
2025-06-17 07:00:00,4.3,5.2,,3.3,,76.0,1.0,3.1,168.0,170.0,1007.6,42.0,0.0,,100.0
2025-06-17 08:00:00,4.6,5.3,,3.8,,76.0,0.3,1.7,156.0,182.0,1007.9,87.0,0.0,,100.0
2025-06-17 09:00:00,5.2,5.9,,4.1,,73.0,1.5,3.4,125.0,139.0,1008.3,202.0,0.0,,100.0
2025-06-17 10:00:00,6.4,6.9,,5.8,,64.0,1.6,4.4,126.0,138.0,1008.4,338.0,0.0,,90.0
2025-06-17 11:00:00,6.8,7.1,,6.5,,60.0,2.4,4.0,147.0,144.0,1008.6,371.0,0.0,,100.0
2025-06-17 12:00:00,7.0,7.4,7.4,6.5,3.3,60.0,2.4,4.5,144.0,145.0,1008.8,452.0,0.0,0.0,100.0
2025-06-17 13:00:00,7.3,7.8,,6.7,,60.0,2.8,5.0,139.0,142.0,1009.1,546.0,0.0,,100.0
2025-06-17 14:00:00,7.4,8.0,,6.9,,65.0,2.7,6.0,141.0,143.0,1009.3,600.0,0.0,,100.0
2025-06-17 15:00:00,7.4,8.1,,7.1,,71.0,3.1,5.7,137.0,141.0,1009.6,693.0,0.0,,100.0
2025-06-17 16:00:00,7.4,8.3,,6.7,,75.0,3.1,5.6,168.0,150.0,1009.7,642.0,0.0,,100.0
2025-06-17 17:00:00,6.9,7.7,,6.1,,78.0,3.6,6.3,160.0,160.0,1010.0,624.0,0.0,,100.0
2025-06-17 18:00:00,6.2,6.5,8.3,5.8,3.3,82.0,3.6,6.3,156.0,160.0,1010.2,411.0,0.0,0.0,100.0
2025-06-17 19:00:00,,,,,,,3.7,6.7,164.0,,1010.2,317.0,,,100.0
2025-06-17 20:00:00,5.8,6.1,,5.6,,83.0,3.3,6.0,159.0,158.0,1010.4,240.0,0.0,,100.0
2025-06-17 21:00:00,5.8,6.0,,5.6,,83.0,2.9,5.7,150.0,150.0,1010.5,172.0,0.0,,100.0
2025-06-17 22:00:00,5.4,5.6,,5.2,,85.0,3.2,6.2,150.0,152.0,1010.8,89.0,0.0,,100.0
2025-06-17 23:00:00,5.0,5.2,,4.7,,87.0,2.9,5.8,122.0,143.0,1011.1,36.0,0.0,,100.0
2025-06-18 00:00:00,4.5,4.8,8.3,4.2,4.2,90.0,2.3,3.8,157.0,122.0,1011.3,13.0,0.0,0.0,100.0
2025-06-18 01:00:00,4.1,4.2,,3.9,,92.0,2.3,3.6,150.0,154.0,1011.4,4.0,0.0,,100.0
2025-06-18 02:00:00,4.1,4.2,,4.0,,92.0,1.1,2.4,171.0,161.0,1011.2,1.0,0.0,,100.0
2025-06-18 03:00:00,3.9,4.1,,3.5,,93.0,1.1,2.7,160.0,169.0,1011.1,1.0,0.0,,100.0
2025-06-18 04:00:00,3.2,3.5,,2.6,,95.0,1.5,2.4,197.0,168.0,1010.9,2.0,0.0,,100.0
2025-06-18 05:00:00,3.1,3.3,,2.8,,97.0,0.4,1.3,4.0,354.0,1010.9,8.0,0.0,,100.0
2025-06-18 06:00:00,3.5,3.6,6.1,3.3,2.6,96.0,1.0,2.6,314.0,301.0,1010.6,19.0,0.0,0.0,100.0
2025-06-18 07:00:00,3.5,3.7,,3.3,,96.0,0.6,2.2,283.0,269.0,1010.4,38.0,0.0,,100.0
2025-06-18 08:00:00,3.4,3.9,,3.2,,97.0,0.6,1.6,36.0,317.0,1010.5,101.0,0.0,,100.0
2025-06-18 09:00:00,3.7,3.9,,3.4,,95.0,1.3,2.6,53.0,37.0,1010.7,180.0,0.0,,100.0
2025-06-18 10:00:00,3.1,3.6,,2.9,,95.0,1.2,2.4,12.0,24.0,1011.1,206.0,0.0,,100.0
2025-06-18 11:00:00,3.1,3.4,,2.9,,93.0,1.5,3.0,12.0,28.0,1011.3,282.0,0.0,,100.0
2025-06-18 12:00:00,3.6,4.0,4.2,3.2,2.6,90.0,1.8,3.1,21.0,29.0,1011.6,426.0,0.0,0.0,100.0
2025-06-18 13:00:00,4.7,6.1,,3.9,,84.0,1.4,3.9,103.0,28.0,1011.6,660.0,0.0,,10.0
2025-06-18 14:00:00,5.3,6.9,,4.2,,81.0,2.4,4.5,39.0,140.0,1011.8,746.0,0.0,,40.0
2025-06-18 15:00:00,5.8,7.3,,4.9,,79.0,3.0,5.0,143.0,146.0,1012.1,745.0,0.0,,
2025-06-18 16:00:00,6.6,7.6,,5.4,,77.0,2.9,5.8,137.0,132.0,1012.3,724.0,0.0,,
2025-06-18 17:00:00,7.6,8.1,,7.0,,73.0,2.7,5.1,149.0,137.0,1012.4,691.0,0.0,,
2025-06-18 18:00:00,8.0,8.5,8.5,6.7,2.9,72.0,2.7,4.8,148.0,144.0,1012.6,621.0,0.0,0.0,
2025-06-18 19:00:00,7.6,8.4,,6.9,,74.0,2.8,4.7,145.0,146.0,1013.0,531.0,0.0,,
2025-06-18 20:00:00,7.7,8.4,,7.2,,74.0,2.5,4.3,147.0,144.0,1013.3,425.0,0.0,,
2025-06-18 21:00:00,6.7,8.0,,5.1,,79.0,3.1,4.9,151.0,148.0,1013.9,308.0,0.0,,
2025-06-18 22:00:00,5.4,7.1,,4.7,,88.0,2.1,4.1,185.0,161.0,1014.2,171.0,0.0,,10.0
2025-06-18 23:00:00,6.7,7.5,,6.2,,81.0,0.7,2.3,40.0,38.0,1014.7,99.0,0.0,,100.0
2025-06-19 00:00:00,6.3,6.9,8.5,5.9,3.9,85.0,0.3,1.2,66.0,45.0,1015.2,19.0,0.0,0.0,100.0
2025-06-19 01:00:00,6.5,6.9,,6.3,,83.0,0.2,1.0,0.0,34.0,1015.5,6.0,0.0,,100.0
2025-06-19 02:00:00,7.0,7.2,,6.8,,82.0,0.1,0.9,38.0,13.0,1015.7,2.0,0.0,,100.0
2025-06-19 03:00:00,6.8,7.1,,6.7,,83.0,0.1,0.9,0.0,22.0,1015.8,1.0,0.0,,100.0
2025-06-19 04:00:00,6.9,7.1,,6.8,,84.0,0.2,0.9,261.0,251.0,1015.8,1.0,0.0,,100.0
2025-06-19 05:00:00,6.4,7.1,,5.7,,86.0,0.5,2.5,201.0,165.0,1015.8,1.0,0.0,,100.0
2025-06-19 06:00:00,6.7,6.9,8.4,6.4,4.7,86.0,0.3,1.2,359.0,318.0,1015.7,6.0,0.0,0.0,100.0
2025-06-19 07:00:00,6.9,7.4,,6.5,,85.0,1.0,2.2,357.0,272.0,1015.6,34.0,0.1,,100.0
2025-06-19 08:00:00,7.1,7.5,,6.6,,86.0,0.2,1.2,252.0,259.0,1015.6,71.0,0.0,,100.0
2025-06-19 09:00:00,6.8,7.6,,6.3,,88.0,1.7,3.1,159.0,164.0,1015.8,86.0,0.0,,100.0
2025-06-19 10:00:00,7.4,8.0,,6.6,,84.0,1.0,3.9,158.0,167.0,1015.8,127.0,0.0,,100.0
2025-06-19 11:00:00,7.1,8.1,,6.3,,84.0,2.5,4.0,157.0,154.0,1015.6,323.0,0.0,,100.0
2025-06-19 12:00:00,7.9,8.3,8.3,7.6,5.7,77.0,2.3,3.6,148.0,154.0,1015.5,260.0,0.0,0.0,100.0
2025-06-19 13:00:00,8.1,8.7,,7.5,,74.0,2.7,4.8,160.0,153.0,1015.4,322.0,0.0,,100.0
2025-06-19 14:00:00,8.1,8.4,,7.8,,73.0,2.9,4.8,138.0,148.0,1015.2,348.0,0.0,,100.0
2025-06-19 15:00:00,8.6,9.2,,8.1,,71.0,2.6,4.3,139.0,141.0,1014.6,472.0,0.0,,100.0
2025-06-19 16:00:00,8.8,9.2,,8.3,,68.0,2.7,4.9,139.0,145.0,1014.2,379.0,0.0,,100.0
2025-06-19 17:00:00,8.7,9.7,,8.1,,69.0,2.4,4.3,151.0,146.0,1014.0,377.0,0.0,,100.0
2025-06-19 18:00:00,8.7,10.0,10.0,8.0,6.3,69.0,3.1,5.6,151.0,154.0,1014.0,532.0,0.0,0.0,25.0
2025-06-19 19:00:00,8.7,8.9,,8.4,,69.0,2.6,5.1,134.0,152.0,1014.1,437.0,0.0,,90.0
2025-06-19 20:00:00,8.4,8.9,,8.2,,69.0,2.5,4.5,160.0,149.0,1014.1,242.0,0.0,,100.0
2025-06-19 21:00:00,8.7,9.1,,8.4,,67.0,1.8,3.9,148.0,143.0,1014.2,234.0,0.0,,100.0
2025-06-19 22:00:00,8.4,8.6,,8.2,,68.0,1.5,3.1,147.0,140.0,1014.3,107.0,0.0,,100.0
2025-06-19 23:00:00,8.2,8.3,,8.1,,69.0,1.5,2.9,136.0,134.0,1014.4,51.0,0.0,,100.0
2025-06-20 00:00:00,8.1,8.2,10.0,7.9,7.5,69.0,1.3,2.3,131.0,137.0,1014.4,36.0,0.0,0.0,100.0
2025-06-20 01:00:00,7.9,8.0,,7.8,,69.0,0.8,1.4,122.0,132.0,1014.4,11.0,0.0,,100.0
2025-06-20 02:00:00,7.8,8.1,,7.5,,72.0,0.2,1.2,0.0,343.0,1014.4,3.0,0.0,,100.0
2025-06-20 03:00:00,7.3,7.5,,7.1,,75.0,0.3,1.3,164.0,160.0,1014.2,2.0,0.0,,100.0
2025-06-20 04:00:00,6.8,7.2,,6.1,,76.0,0.4,1.2,171.0,165.0,1013.9,3.0,0.0,,100.0
2025-06-20 05:00:00,5.6,6.5,,4.9,,82.0,1.5,3.1,155.0,163.0,1014.0,9.0,0.0,,100.0
2025-06-20 06:00:00,5.6,5.9,9.1,5.3,4.9,84.0,1.7,3.3,145.0,156.0,1014.1,22.0,0.0,0.0,100.0
2025-06-20 07:00:00,6.0,6.3,,5.5,,83.0,0.6,1.7,82.0,114.0,1014.3,42.0,0.0,,100.0
2025-06-20 08:00:00,6.4,6.9,,5.6,,81.0,1.0,2.9,141.0,127.0,1014.6,66.0,0.0,,100.0
2025-06-20 09:00:00,6.9,6.9,,6.8,,79.0,1.4,2.8,126.0,139.0,1014.8,98.0,0.0,,100.0
2025-06-20 10:00:00,6.9,7.2,,6.7,,78.0,0.4,1.8,163.0,130.0,1015.0,67.0,0.0,,100.0
2025-06-20 11:00:00,7.4,7.6,,7.1,,,0.4,1.3,360.0,221.0,1014.9,120.0,,,100.0
2025-06-20 12:00:00,7.5,8.0,8.1,6.9,4.9,75.0,1.5,4.1,165.0,152.0,1015.1,132.0,0.0,0.0,100.0
2025-06-20 13:00:00,7.6,7.9,,7.2,,74.0,2.1,3.9,177.0,151.0,1015.3,132.0,0.0,,100.0
2025-06-20 14:00:00,8.5,8.9,,7.8,,69.0,0.8,3.1,128.0,117.0,1015.0,195.0,0.0,,100.0
2025-06-20 15:00:00,7.8,8.4,,7.0,,72.0,2.7,4.3,144.0,145.0,1014.9,118.0,0.0,,100.0
2025-06-20 16:00:00,7.0,7.2,,6.8,,79.0,2.9,4.6,151.0,145.0,1014.6,198.0,0.0,,100.0
2025-06-20 17:00:00,7.3,7.6,,6.9,,79.0,2.1,3.8,148.0,153.0,1014.5,200.0,0.0,,100.0
2025-06-20 18:00:00,7.1,7.4,8.9,6.9,5.5,80.0,1.5,3.1,161.0,157.0,1014.2,77.0,0.0,0.0,100.0
2025-06-20 19:00:00,7.3,7.4,,7.0,,,1.1,3.3,157.0,165.0,1014.2,70.0,,,100.0
2025-06-20 20:00:00,6.8,7.1,,6.5,,80.0,2.5,4.2,151.0,155.0,1014.0,41.0,0.0,,100.0
2025-06-20 21:00:00,6.7,6.8,,6.5,,77.0,2.1,3.9,152.0,151.0,1013.7,54.0,0.0,,100.0
2025-06-20 22:00:00,6.9,7.1,,6.8,,72.0,1.2,3.0,141.0,133.0,1013.6,38.0,0.0,,100.0
2025-06-20 23:00:00,6.6,6.8,,6.0,,73.0,2.0,4.0,138.0,137.0,1013.3,27.0,0.0,,100.0
2025-06-21 00:00:00,6.1,6.3,8.9,5.8,5.8,76.0,1.6,3.4,135.0,146.0,1012.9,17.0,0.0,0.0,100.0
2025-06-21 01:00:00,5.8,6.2,,5.3,,77.0,1.6,2.9,148.0,144.0,1012.6,5.0,0.0,,100.0
2025-06-21 02:00:00,4.8,5.4,,4.6,,82.0,2.4,4.3,160.0,153.0,1012.3,1.0,0.0,,100.0
2025-06-21 03:00:00,4.8,4.9,,4.7,,86.0,0.8,2.5,327.0,234.0,1011.6,0.0,0.2,,100.0
2025-06-21 04:00:00,4.7,4.9,,4.6,,90.0,0.6,2.4,267.0,289.0,1011.1,0.0,0.2,,100.0
2025-06-21 05:00:00,4.8,5.0,,4.6,,93.0,0.6,2.4,269.0,290.0,1010.9,3.0,0.2,,100.0
2025-06-21 06:00:00,4.9,5.1,7.4,4.6,4.6,93.0,0.4,1.4,332.0,321.0,1010.5,6.0,0.0,0.5,100.0
2025-06-21 07:00:00,5.6,6.4,,4.7,,91.0,0.4,2.6,335.0,312.0,1010.4,24.0,0.0,,100.0
2025-06-21 08:00:00,5.8,6.4,,4.9,,88.0,0.9,2.7,171.0,176.0,1010.3,30.0,0.0,,100.0
2025-06-21 09:00:00,6.0,6.7,,5.6,,89.0,0.8,2.9,336.0,286.0,1010.5,57.0,0.0,,100.0
2025-06-21 10:00:00,6.5,7.5,,5.7,,88.0,1.0,3.2,330.0,285.0,1010.7,81.0,0.0,,100.0
2025-06-21 11:00:00,7.6,9.1,,6.8,,83.0,0.7,3.9,290.0,300.0,1010.6,101.0,0.2,,100.0
2025-06-21 12:00:00,9.0,9.8,9.8,7.9,4.6,71.0,1.6,4.2,152.0,157.0,1010.8,134.0,0.0,0.7,100.0
2025-06-21 13:00:00,7.4,8.0,,6.7,,78.0,3.4,5.4,162.0,155.0,1011.4,126.0,0.2,,100.0
2025-06-21 14:00:00,8.0,8.5,,7.5,,78.0,1.5,4.0,20.0,154.0,1011.6,125.0,0.0,,100.0
2025-06-21 15:00:00,7.5,8.3,,7.1,,87.0,0.3,1.5,299.0,30.0,1012.0,112.0,0.5,,100.0
2025-06-21 16:00:00,8.5,8.7,,8.0,,81.0,0.7,2.1,358.0,315.0,1012.2,99.0,0.3,,100.0
2025-06-21 17:00:00,8.6,8.9,,8.4,,82.0,0.5,2.1,283.0,338.0,1012.6,93.0,0.2,,100.0
2025-06-21 18:00:00,8.6,8.9,9.8,8.4,4.7,82.0,0.5,2.0,275.0,345.0,1012.6,67.0,0.1,1.9,100.0
2025-06-21 19:00:00,,,,,,,,,,,1013.1,119.0,,,100.0
2025-06-21 20:00:00,8.8,9.1,,8.6,,83.0,0.5,2.0,212.0,36.0,1013.7,67.0,0.3,,100.0
2025-06-21 21:00:00,8.6,8.9,,8.5,,83.0,2.0,3.6,255.0,252.0,1013.8,36.0,0.5,,100.0
2025-06-21 22:00:00,8.6,8.8,,8.4,,80.0,2.7,5.4,353.0,283.0,1014.0,49.0,0.2,,100.0
2025-06-21 23:00:00,8.2,8.5,,7.9,,85.0,0.8,2.5,345.0,346.0,1013.9,23.0,0.3,,100.0
2025-06-22 00:00:00,7.9,8.1,9.1,7.7,6.7,88.0,0.9,2.2,278.0,322.0,1013.7,10.0,0.3,3.5,100.0
2025-06-22 01:00:00,7.7,8.0,,7.4,,89.0,0.5,1.9,0.0,14.0,1013.6,5.0,0.2,,100.0
2025-06-22 02:00:00,7.7,8.3,,7.5,,88.0,0.4,2.4,258.0,236.0,1013.1,1.0,0.2,,100.0
2025-06-22 03:00:00,7.6,8.3,,7.0,,87.0,1.4,2.6,290.0,266.0,1012.5,0.0,0.0,,100.0
2025-06-22 04:00:00,7.9,8.9,,7.2,,85.0,1.3,4.5,305.0,324.0,1011.8,2.0,0.0,,100.0
2025-06-22 05:00:00,9.0,9.3,,8.7,,76.0,0.9,4.3,314.0,302.0,1011.3,5.0,0.0,,100.0
2025-06-22 06:00:00,9.6,10.3,10.3,9.1,7.0,72.0,2.1,6.6,292.0,300.0,1011.1,16.0,0.0,3.4,100.0
2025-06-22 07:00:00,9.9,10.4,,9.2,,70.0,1.2,5.5,114.0,307.0,1011.0,53.0,0.0,,100.0
2025-06-22 08:00:00,10.1,10.3,,10.0,,70.0,0.5,1.6,87.0,90.0,1011.0,95.0,0.0,,100.0
2025-06-22 09:00:00,9.9,10.7,,8.4,,75.0,1.2,4.2,160.0,153.0,1011.2,150.0,0.0,,100.0
2025-06-22 10:00:00,7.8,10.1,,6.1,,79.0,4.3,7.4,156.0,158.0,1011.3,267.0,0.0,,60.0
2025-06-22 11:00:00,7.1,7.9,,6.5,,80.0,4.4,6.9,155.0,160.0,1011.6,477.0,0.0,,100.0
2025-06-22 12:00:00,7.1,8.7,10.7,6.4,6.1,78.0,3.5,6.1,153.0,146.0,1011.7,598.0,0.0,3.1,100.0
2025-06-22 13:00:00,8.8,9.5,,8.3,,70.0,2.8,5.5,140.0,157.0,1011.8,725.0,0.0,,25.0
2025-06-22 14:00:00,8.6,9.1,,8.1,,72.0,2.6,4.6,155.0,149.0,1011.8,463.0,0.0,,40.0
2025-06-22 15:00:00,7.6,8.4,,7.1,,72.0,3.8,6.2,164.0,160.0,1011.6,487.0,0.0,,75.0
2025-06-22 16:00:00,7.7,8.4,,7.1,,70.0,3.6,6.7,161.0,163.0,1011.5,644.0,0.0,,100.0
2025-06-22 17:00:00,7.8,8.6,,7.3,,69.0,3.4,5.6,137.0,138.0,1011.4,617.0,0.0,,
2025-06-22 18:00:00,7.6,8.1,10.7,6.6,6.1,70.0,3.5,6.8,134.0,132.0,1011.3,569.0,0.0,1.9,
2025-06-22 19:00:00,7.3,8.2,,6.5,,70.0,4.2,6.9,149.0,144.0,1011.4,528.0,0.0,,
2025-06-22 20:00:00,7.3,7.7,,6.9,,70.0,3.6,6.3,152.0,143.0,1011.3,425.0,0.0,,
2025-06-22 21:00:00,6.8,7.3,,6.5,,72.0,3.1,4.8,156.0,149.0,1011.1,238.0,0.0,,
2025-06-22 22:00:00,7.4,8.3,,6.8,,70.0,1.2,3.7,328.0,143.0,1011.2,210.0,0.0,,
2025-06-22 23:00:00,7.1,7.9,,6.7,,73.0,0.6,1.5,319.0,7.0,1010.8,100.0,0.0,,
2025-06-23 00:00:00,6.8,7.4,9.5,6.3,6.3,75.0,0.8,1.6,328.0,337.0,1010.7,57.0,0.0,0.4,
2025-06-23 01:00:00,6.4,6.5,,6.2,,79.0,0.5,1.4,279.0,308.0,1010.3,17.0,0.0,,
2025-06-23 02:00:00,6.4,6.5,,6.2,,80.0,0.5,1.5,285.0,294.0,1009.9,6.0,0.0,,
2025-06-23 03:00:00,6.4,6.6,,6.2,,79.0,0.4,1.8,267.0,254.0,1009.3,3.0,0.0,,
2025-06-23 04:00:00,5.3,6.2,,4.8,,84.0,1.1,2.3,287.0,154.0,1008.8,4.0,0.0,,
2025-06-23 05:00:00,5.4,5.6,,5.1,,83.0,0.6,2.2,224.0,268.0,1008.4,13.0,0.0,,
2025-06-23 06:00:00,5.3,5.8,8.3,4.8,4.8,85.0,0.2,1.0,0.0,257.0,1008.1,39.0,0.0,0.0,
2025-06-23 07:00:00,6.5,7.2,,5.6,,80.0,0.4,2.3,151.0,151.0,1008.2,103.0,0.0,,
2025-06-23 08:00:00,4.7,5.9,,4.2,,84.0,3.6,5.4,161.0,158.0,1008.5,136.0,0.0,,
2025-06-23 09:00:00,4.4,5.1,,3.9,,84.0,3.3,5.5,153.0,156.0,1008.5,223.0,0.0,,10.0
2025-06-23 10:00:00,5.4,6.1,,4.5,,80.0,1.7,3.4,156.0,133.0,1008.5,396.0,0.0,,
2025-06-23 11:00:00,4.9,5.5,,4.5,,81.0,2.9,4.5,158.0,154.0,1008.9,430.0,0.0,,
2025-06-23 12:00:00,6.2,6.7,7.2,5.3,3.9,76.0,2.4,3.7,136.0,142.0,1008.8,555.0,0.0,0.0,10.0
2025-06-23 13:00:00,6.5,7.3,,5.8,,75.0,2.7,4.2,153.0,149.0,1008.5,702.0,0.0,,
2025-06-23 14:00:00,6.8,8.5,,4.9,,73.0,3.0,6.6,156.0,158.0,1008.4,773.0,0.0,,
2025-06-23 15:00:00,3.8,5.1,,2.5,,83.0,5.0,8.5,156.0,149.0,1008.6,751.0,0.0,,
2025-06-23 16:00:00,5.3,6.1,,4.9,,78.0,2.1,4.0,24.0,13.0,1008.9,654.0,0.0,,
2025-06-23 17:00:00,4.9,5.4,,3.2,,79.0,2.2,5.7,144.0,69.0,1008.9,700.0,0.0,,
2025-06-23 18:00:00,4.1,5.4,8.5,2.8,2.5,83.0,2.4,5.8,38.0,130.0,1008.6,643.0,0.0,0.0,
2025-06-23 19:00:00,,,,,,,,,,,1008.8,522.0,,,
2025-06-23 20:00:00,6.0,6.4,,5.2,,76.0,1.1,2.6,26.0,34.0,1008.7,404.0,0.0,,
2025-06-23 21:00:00,5.7,7.0,,3.5,,76.0,2.6,7.1,141.0,138.0,1009.1,304.0,0.0,,60.0
2025-06-23 22:00:00,2.3,3.5,,1.7,,91.0,3.6,7.2,160.0,148.0,1009.3,117.0,0.0,,100.0
2025-06-23 23:00:00,3.2,3.5,,2.4,,88.0,0.8,2.3,335.0,335.0,1009.3,34.0,0.0,,100.0
2025-06-24 00:00:00,3.6,3.8,8.5,3.3,1.7,88.0,0.5,2.1,306.0,30.0,1009.0,15.0,0.0,0.0,100.0
2025-06-24 01:00:00,4.4,5.3,,3.8,,86.0,1.1,3.9,265.0,269.0,1008.7,6.0,0.0,,100.0
2025-06-24 02:00:00,4.9,5.4,,4.6,,86.0,0.7,3.3,314.0,7.0,1008.9,2.0,0.0,,100.0
2025-06-24 03:00:00,5.3,5.8,,5.1,,84.0,0.4,1.9,0.0,341.0,1008.5,1.0,0.0,,100.0
2025-06-24 04:00:00,5.8,6.0,,5.5,,81.0,0.0,1.1,60.0,0.0,1008.3,1.0,0.0,,100.0
2025-06-24 05:00:00,5.8,6.1,,5.4,,82.0,0.4,1.2,275.0,224.0,1008.3,5.0,0.0,,100.0
2025-06-24 06:00:00,5.9,6.2,7.0,5.6,1.7,84.0,0.2,1.4,0.0,19.0,1008.3,16.0,0.0,0.0,100.0
2025-06-24 07:00:00,,,,,,,,1.1,,,1008.5,61.0,,,100.0
2025-06-24 08:00:00,6.6,7.2,,6.2,,78.0,0.6,2.5,124.0,113.0,1008.9,103.0,0.0,,100.0
2025-06-24 09:00:00,7.1,7.6,,6.7,,73.0,2.0,4.4,148.0,141.0,1009.0,133.0,0.0,,100.0
2025-06-24 10:00:00,7.4,7.6,,7.2,,70.0,2.2,4.2,148.0,143.0,1009.2,215.0,0.0,,100.0
2025-06-24 11:00:00,7.9,8.4,,7.4,,69.0,1.6,4.0,155.0,150.0,1009.2,241.0,0.0,,100.0
2025-06-24 12:00:00,7.9,8.3,8.4,7.5,3.8,68.0,2.5,4.6,159.0,156.0,1009.0,294.0,0.0,0.0,100.0
2025-06-24 13:00:00,7.4,7.8,,7.0,,70.0,2.9,5.1,155.0,151.0,1009.0,230.0,0.0,,100.0
2025-06-24 14:00:00,6.8,7.1,,6.2,,77.0,3.1,5.1,149.0,150.0,1009.0,233.0,0.1,,100.0
2025-06-24 15:00:00,5.8,6.3,,5.6,,87.0,3.3,6.5,143.0,153.0,1009.0,227.0,0.2,,100.0
2025-06-24 16:00:00,5.2,5.7,,4.9,,89.0,2.8,5.4,139.0,149.0,1009.1,148.0,0.5,,100.0
2025-06-24 17:00:00,4.8,5.1,,4.7,,90.0,1.8,4.5,180.0,161.0,1008.4,104.0,1.3,,100.0
2025-06-24 18:00:00,4.6,5.0,8.4,4.3,4.3,90.0,3.1,6.2,154.0,155.0,1008.6,104.0,0.2,2.2,100.0
2025-06-24 19:00:00,4.3,4.5,,4.2,,88.0,2.5,5.2,164.0,154.0,,51.0,0.4,,100.0
2025-06-24 20:00:00,4.6,4.7,,4.5,,87.0,1.4,2.7,166.0,158.0,1008.1,52.0,0.3,,100.0
2025-06-24 21:00:00,4.5,4.7,,4.4,,88.0,1.4,3.2,183.0,154.0,1007.9,39.0,0.0,,100.0
2025-06-24 22:00:00,4.4,4.7,,4.0,,90.0,1.4,3.8,151.0,134.0,1007.9,23.0,0.0,,100.0
2025-06-24 23:00:00,3.9,4.1,,3.8,,91.0,2.2,3.7,188.0,166.0,1007.6,11.0,0.0,,100.0
2025-06-25 00:00:00,4.3,4.4,7.8,4.1,3.8,91.0,0.9,2.3,143.0,152.0,1007.7,8.0,0.0,2.9,100.0
2025-06-25 01:00:00,3.9,4.2,,3.5,,91.0,1.5,2.5,160.0,157.0,1007.5,4.0,0.0,,100.0
2025-06-25 02:00:00,3.3,3.8,,2.9,,96.0,1.1,2.6,157.0,172.0,1007.4,1.0,0.0,,100.0
2025-06-25 03:00:00,3.5,3.7,,3.3,,96.0,0.9,2.6,18.0,307.0,1006.5,0.0,0.3,,100.0
2025-06-25 04:00:00,3.2,3.5,,2.9,,97.0,1.9,4.1,149.0,142.0,1006.5,1.0,0.2,,100.0
2025-06-25 05:00:00,2.7,3.3,,2.3,,97.0,1.8,3.8,124.0,148.0,1006.4,2.0,0.8,,100.0
2025-06-25 06:00:00,2.8,3.1,4.7,2.5,2.3,98.0,1.4,3.7,322.0,293.0,1005.8,12.0,0.4,4.5,100.0
2025-06-25 07:00:00,3.6,4.1,,3.1,,96.0,1.9,3.3,329.0,310.0,1005.7,18.0,0.2,,100.0
2025-06-25 08:00:00,4.1,4.4,,3.9,,94.0,1.3,3.0,358.0,7.0,1005.5,36.0,0.1,,100.0
2025-06-25 09:00:00,4.4,4.7,,3.8,,93.0,1.0,4.4,169.0,160.0,1005.3,68.0,0.1,,100.0
2025-06-25 10:00:00,3.7,4.0,,3.5,,95.0,2.6,4.4,165.0,163.0,1005.3,104.0,0.1,,100.0
2025-06-25 11:00:00,4.6,5.2,,4.0,,93.0,1.1,2.6,162.0,163.0,1005.0,210.0,0.0,,100.0
2025-06-25 12:00:00,5.3,5.9,5.9,4.6,2.3,91.0,0.8,2.3,14.0,122.0,1004.6,327.0,0.0,5.0,100.0
2025-06-25 13:00:00,6.4,7.3,,5.7,,86.0,1.6,5.1,142.0,76.0,1003.9,627.0,0.0,,60.0
2025-06-25 14:00:00,5.3,6.4,,4.7,,87.0,4.9,8.0,149.0,150.0,1004.1,692.0,0.0,,100.0
2025-06-25 15:00:00,6.4,6.9,,5.8,,78.0,3.1,6.0,153.0,152.0,1003.6,704.0,0.0,,100.0
2025-06-25 16:00:00,6.1,7.2,,5.3,,76.0,3.5,5.4,147.0,139.0,1003.4,493.0,0.0,,100.0
2025-06-25 17:00:00,6.4,7.2,,5.4,,75.0,3.4,5.8,149.0,143.0,1003.2,611.0,0.0,,60.0
2025-06-25 18:00:00,7.1,7.5,7.5,6.6,3.1,74.0,2.6,4.8,149.0,143.0,1003.4,459.0,0.0,2.7,100.0
2025-06-25 19:00:00,7.2,7.5,,6.5,,70.0,2.4,5.0,141.0,138.0,,205.0,0.0,,
2025-06-25 20:00:00,6.4,6.9,,6.1,,73.0,2.5,5.4,172.0,152.0,1002.5,176.0,0.0,,100.0
2025-06-25 21:00:00,7.0,7.4,,6.4,,71.0,1.5,3.8,117.0,197.0,1002.4,127.0,0.0,,100.0
2025-06-25 22:00:00,6.5,6.9,,6.2,,74.0,2.1,3.4,149.0,143.0,1001.7,144.0,0.0,,100.0
2025-06-25 23:00:00,5.7,6.4,,5.1,,79.0,1.1,2.7,316.0,176.0,1001.6,74.0,0.0,,100.0
2025-06-26 00:00:00,4.9,5.6,7.5,4.5,4.5,83.0,1.6,3.1,335.0,331.0,1001.4,21.0,0.0,2.1,100.0
2025-06-26 01:00:00,4.9,5.2,,4.4,,84.0,0.6,1.9,0.0,345.0,1000.8,5.0,0.0,,100.0
2025-06-26 02:00:00,4.9,5.2,,4.7,,85.0,0.3,1.5,163.0,137.0,1000.3,2.0,0.0,,100.0
2025-06-26 03:00:00,4.6,5.0,,4.2,,85.0,1.1,2.6,0.0,167.0,999.9,1.0,0.0,,100.0
2025-06-26 04:00:00,4.6,4.9,,4.1,,86.0,0.5,1.9,178.0,139.0,999.7,2.0,0.0,,100.0
2025-06-26 05:00:00,3.8,4.7,,2.9,,87.0,2.0,4.3,177.0,159.0,999.3,9.0,0.0,,100.0
2025-06-26 06:00:00,3.4,3.7,7.5,2.9,2.9,89.0,0.2,1.9,0.0,189.0,998.7,47.0,0.0,0.4,100.0
2025-06-26 07:00:00,4.2,4.4,,3.7,,87.0,0.6,1.6,23.0,324.0,998.6,64.0,0.0,,100.0
2025-06-26 08:00:00,4.6,5.2,,4.2,,87.0,0.6,1.9,9.0,349.0,998.3,55.0,0.0,,90.0
2025-06-26 09:00:00,5.1,5.2,,4.8,,84.0,0.3,1.5,22.0,33.0,997.5,88.0,0.0,,100.0
2025-06-26 10:00:00,5.1,5.6,,4.8,,83.0,1.3,3.5,138.0,92.0,997.6,176.0,0.0,,100.0
2025-06-26 11:00:00,4.8,5.3,,4.1,,82.0,2.7,4.7,142.0,140.0,997.7,255.0,0.0,,100.0
2025-06-26 12:00:00,4.4,5.5,5.6,3.6,2.9,83.0,2.8,4.8,150.0,141.0,997.6,255.0,0.0,0.0,100.0
2025-06-26 13:00:00,5.6,6.1,,4.7,,78.0,0.7,1.9,39.0,34.0,997.4,235.0,0.0,,100.0
2025-06-26 14:00:00,6.1,6.4,,5.9,,76.0,1.1,2.3,22.0,27.0,997.3,228.0,0.0,,100.0
2025-06-26 15:00:00,6.8,7.8,,6.2,,74.0,0.9,1.9,177.0,39.0,997.2,322.0,0.0,,100.0
2025-06-26 16:00:00,8.3,8.7,,7.5,,70.0,1.7,3.3,41.0,16.0,996.6,490.0,0.0,,100.0
2025-06-26 17:00:00,9.0,9.3,,8.6,,66.0,2.3,3.9,131.0,136.0,996.8,595.0,0.0,,100.0
2025-06-26 18:00:00,8.9,9.6,9.6,8.5,3.6,65.0,1.8,3.7,110.0,132.0,996.8,405.0,0.0,0.0,100.0
2025-06-26 19:00:00,9.0,9.4,,8.7,,62.0,1.7,3.8,120.0,131.0,996.8,222.0,0.0,,100.0
2025-06-26 20:00:00,9.8,10.2,,9.3,,59.0,1.0,3.8,130.0,138.0,997.2,179.0,0.0,,100.0
2025-06-26 21:00:00,8.1,10.1,,5.6,,64.0,3.4,6.9,146.0,132.0,997.6,178.0,0.0,,100.0
2025-06-26 22:00:00,6.5,7.6,,5.8,,70.0,2.4,5.6,330.0,121.0,997.6,148.0,0.0,,100.0
2025-06-26 23:00:00,6.5,7.6,,6.1,,72.0,1.5,3.4,321.0,328.0,997.7,89.0,0.0,,100.0
2025-06-27 00:00:00,6.6,6.9,10.2,6.3,4.7,71.0,0.1,1.3,0.0,328.0,998.0,47.0,0.0,0.0,100.0
2025-06-27 01:00:00,7.1,7.4,,6.8,,70.0,0.5,1.6,303.0,189.0,998.0,13.0,0.0,,100.0
2025-06-27 02:00:00,6.7,6.8,,6.6,,74.0,0.5,2.3,185.0,341.0,998.2,2.0,0.0,,100.0
2025-06-27 03:00:00,6.7,6.9,,6.5,,76.0,0.4,1.9,13.0,23.0,998.1,0.0,0.0,,100.0
2025-06-27 04:00:00,6.6,6.6,,6.5,,79.0,0.1,0.8,0.0,39.0,998.1,1.0,0.0,,100.0
2025-06-27 05:00:00,5.9,6.6,,5.3,,82.0,1.9,4.0,151.0,150.0,998.0,3.0,0.0,,100.0
2025-06-27 06:00:00,5.3,5.5,10.2,5.1,5.1,83.0,2.4,3.4,155.0,155.0,997.9,27.0,0.0,0.0,100.0
2025-06-27 07:00:00,4.5,5.5,,3.4,,86.0,2.3,4.4,151.0,156.0,998.0,58.0,0.0,,100.0
2025-06-27 08:00:00,4.9,5.4,,4.4,,84.0,2.3,3.8,139.0,154.0,998.1,119.0,0.0,,100.0
2025-06-27 09:00:00,5.1,5.6,,4.8,,82.0,2.4,5.1,128.0,143.0,998.6,134.0,0.0,,100.0
2025-06-27 10:00:00,4.9,5.1,,4.6,,86.0,2.5,5.0,143.0,126.0,999.0,127.0,0.0,,100.0
2025-06-27 11:00:00,5.6,6.4,,4.6,,84.0,1.4,4.0,75.0,132.0,998.9,321.0,0.0,,100.0
2025-06-27 12:00:00,6.1,6.4,7.4,5.8,3.4,83.0,1.3,3.2,282.0,122.0,999.5,170.0,0.0,0.0,100.0
2025-06-27 13:00:00,6.5,7.2,,6.2,,81.0,2.5,4.5,268.0,263.0,999.4,169.0,0.0,,100.0
2025-06-27 14:00:00,7.7,8.1,,7.2,,74.0,1.8,3.4,254.0,262.0,999.6,197.0,0.0,,100.0
2025-06-27 15:00:00,8.5,8.7,,8.1,,68.0,1.5,3.8,165.0,147.0,999.3,291.0,0.0,,100.0
2025-06-27 16:00:00,8.6,8.9,,8.1,,66.0,2.1,3.9,135.0,151.0,999.0,414.0,0.0,,100.0
2025-06-27 17:00:00,9.4,9.9,,8.8,,63.0,1.6,5.3,175.0,173.0,998.8,489.0,0.0,,100.0
2025-06-27 18:00:00,9.2,9.4,9.9,8.9,3.4,62.0,1.4,4.1,113.0,158.0,998.5,337.0,0.0,0.0,100.0
2025-06-27 19:00:00,,,,,,,2.7,6.3,249.0,241.0,998.6,220.0,,,100.0
2025-06-27 20:00:00,8.0,9.2,,6.3,,68.0,2.1,5.6,146.0,236.0,999.3,151.0,0.0,,100.0
2025-06-27 21:00:00,4.4,6.2,,3.8,,84.0,,,,,,,0.0,,
2025-06-27 22:00:00,5.6,6.1,,5.0,,79.0,2.2,4.4,184.0,174.0,1000.0,87.0,0.0,,100.0
2025-06-27 23:00:00,5.4,6.3,,5.2,,81.0,0.6,2.0,2.0,24.0,1000.3,43.0,0.0,,100.0
2025-06-28 00:00:00,5.7,5.9,9.9,5.5,3.8,80.0,0.1,1.0,334.0,16.0,1000.3,39.0,0.0,0.0,100.0
2025-06-28 01:00:00,5.9,5.9,,5.7,,79.0,0.2,1.0,52.0,28.0,1000.2,17.0,0.0,,100.0
2025-06-28 02:00:00,5.6,5.7,,5.4,,82.0,0.0,0.7,0.0,0.0,1000.1,3.0,0.0,,100.0
2025-06-28 03:00:00,5.6,5.8,,5.4,,80.0,0.0,0.7,0.0,0.0,999.9,1.0,0.0,,100.0
2025-06-28 04:00:00,5.6,5.8,,5.1,,81.0,0.1,0.9,0.0,311.0,1000.2,2.0,0.0,,100.0
2025-06-28 05:00:00,5.2,5.6,,4.9,,85.0,0.4,1.3,274.0,270.0,1000.4,7.0,0.0,,100.0
2025-06-28 06:00:00,5.2,5.6,9.4,4.8,3.8,86.0,0.3,1.4,48.0,318.0,1000.6,14.0,0.0,0.0,100.0
2025-06-28 07:00:00,5.7,6.9,,5.4,,83.0,0.5,5.9,303.0,325.0,1000.9,40.0,0.0,,100.0
2025-06-28 08:00:00,7.4,7.7,,6.9,,72.0,2.2,6.8,18.0,303.0,1001.4,103.0,0.0,,100.0
2025-06-28 09:00:00,7.9,8.1,,7.7,,70.0,0.8,2.6,329.0,14.0,1001.9,131.0,0.0,,100.0
2025-06-28 10:00:00,6.8,8.3,,6.0,,76.0,3.2,7.9,156.0,153.0,1003.2,142.0,0.0,,100.0
2025-06-28 11:00:00,7.1,7.7,,6.4,,75.0,2.4,5.3,166.0,171.0,1003.7,244.0,0.0,,100.0
2025-06-28 12:00:00,6.5,7.0,8.3,6.1,4.8,77.0,3.1,5.5,149.0,160.0,1004.3,370.0,0.0,0.0,100.0
2025-06-28 13:00:00,6.9,7.3,,6.3,,75.0,2.7,4.3,153.0,149.0,1004.6,508.0,0.0,,100.0
2025-06-28 14:00:00,6.7,8.7,,5.4,,76.0,3.7,7.3,143.0,142.0,1005.2,426.0,0.0,,100.0
2025-06-28 15:00:00,7.7,8.5,,6.2,,72.0,1.8,4.7,169.0,71.0,1006.0,421.0,0.0,,100.0
2025-06-28 16:00:00,7.1,7.7,,6.6,,77.0,2.2,4.6,331.0,321.0,1006.1,308.0,0.0,,100.0
2025-06-28 17:00:00,7.5,8.6,,6.9,,76.0,1.2,3.3,136.0,23.0,1006.5,252.0,0.0,,100.0
2025-06-28 18:00:00,7.9,8.7,8.7,7.2,5.4,77.0,2.0,4.2,260.0,161.0,1006.8,138.0,0.1,0.1,100.0
2025-06-28 19:00:00,,,,,,,3.2,5.3,150.0,143.0,1007.8,199.0,,,100.0
2025-06-28 20:00:00,5.1,5.7,,4.5,,89.0,3.2,5.7,306.0,297.0,1008.3,155.0,0.0,,100.0
2025-06-28 21:00:00,6.4,6.8,,5.7,,84.0,2.4,5.4,21.0,316.0,1008.5,110.0,0.0,,100.0
2025-06-28 22:00:00,7.2,7.6,,6.8,,82.0,0.8,1.7,18.0,22.0,1008.4,113.0,0.0,,100.0
2025-06-28 23:00:00,7.7,7.9,,7.3,,79.0,0.6,1.8,45.0,20.0,1008.6,48.0,0.0,,100.0
2025-06-29 00:00:00,7.6,8.3,8.9,7.1,4.5,79.0,1.5,3.2,164.0,154.0,1008.7,42.0,0.0,0.2,100.0
2025-06-29 01:00:00,6.7,7.2,,6.2,,82.0,2.1,3.3,185.0,168.0,1008.9,13.0,0.0,,50.0
2025-06-29 02:00:00,5.9,6.3,,5.4,,86.0,0.8,2.0,180.0,179.0,1008.8,4.0,0.0,,100.0
2025-06-29 03:00:00,5.3,6.1,,4.8,,87.0,1.0,2.9,0.0,178.0,1008.6,2.0,0.0,,100.0
2025-06-29 04:00:00,5.7,5.9,,5.5,,88.0,0.1,1.3,263.0,204.0,1008.2,3.0,0.0,,100.0
2025-06-29 05:00:00,6.0,6.3,,5.8,,87.0,0.4,2.0,277.0,205.0,1008.0,12.0,0.0,,100.0
2025-06-29 06:00:00,6.4,8.1,8.9,5.8,4.5,85.0,0.1,1.2,14.0,315.0,1007.6,48.0,0.0,0.2,60.0
2025-06-29 07:00:00,8.5,9.1,,7.7,,72.0,0.8,2.5,12.0,29.0,1007.5,117.0,0.0,,
2025-06-29 08:00:00,9.3,9.6,,8.9,,67.0,0.5,2.0,138.0,112.0,1007.2,204.0,0.0,,
2025-06-29 09:00:00,9.1,10.4,,7.4,,69.0,1.3,3.2,149.0,149.0,1007.2,308.0,0.0,,
2025-06-29 10:00:00,8.5,8.9,,7.9,,72.0,2.8,4.3,145.0,152.0,1007.1,420.0,0.0,,
2025-06-29 11:00:00,8.5,8.9,,8.2,,72.0,3.2,4.5,144.0,145.0,1007.1,528.0,0.0,,
2025-06-29 12:00:00,8.5,9.2,10.4,7.6,4.8,71.0,3.1,5.1,148.0,145.0,1007.0,610.0,0.0,0.2,
2025-06-29 13:00:00,8.4,9.6,,7.8,,72.0,2.9,5.4,172.0,146.0,1006.8,683.0,0.0,,
2025-06-29 14:00:00,9.6,10.5,,8.7,,65.0,1.6,3.2,328.0,337.0,1006.4,737.0,0.0,,
2025-06-29 15:00:00,10.5,10.9,,9.4,,58.0,3.7,8.6,142.0,143.0,1006.3,708.0,0.0,,
2025-06-29 16:00:00,7.0,9.8,,5.1,,71.0,4.9,7.9,137.0,140.0,1006.4,709.0,0.0,,
2025-06-29 17:00:00,5.9,6.6,,5.1,,76.0,4.3,6.5,150.0,139.0,1006.5,672.0,0.0,,10.0
2025-06-29 18:00:00,5.7,6.3,10.9,5.2,5.1,76.0,4.1,6.4,167.0,158.0,1006.7,500.0,0.0,0.1,60.0
2025-06-29 19:00:00,6.7,7.8,,5.3,,67.0,2.6,4.6,147.0,140.0,1007.0,434.0,0.0,,100.0
2025-06-29 20:00:00,6.3,7.3,,5.5,,71.0,3.2,5.6,146.0,148.0,1007.2,338.0,0.0,,100.0
2025-06-29 21:00:00,5.9,6.3,,5.6,,75.0,3.0,5.4,152.0,153.0,1007.5,264.0,0.0,,90.0
2025-06-29 22:00:00,6.0,6.5,,5.3,,75.0,2.7,5.1,169.0,168.0,1007.6,177.0,0.0,,40.0
2025-06-29 23:00:00,3.4,5.2,,2.7,,90.0,4.3,7.3,149.0,151.0,1008.1,102.0,0.0,,90.0
2025-06-30 00:00:00,2.9,3.2,10.9,2.6,2.6,95.0,4.2,7.8,165.0,154.0,1008.5,45.0,0.0,0.0,100.0
2025-06-30 01:00:00,3.0,3.2,,2.9,,94.0,3.2,6.4,148.0,150.0,1008.6,12.0,0.0,,10.0
2025-06-30 02:00:00,3.0,3.1,,2.9,,93.0,2.2,4.2,150.0,155.0,1008.8,5.0,0.0,,100.0
2025-06-30 03:00:00,3.4,3.5,,3.1,,91.0,1.1,2.7,146.0,159.0,1008.7,3.0,0.0,,100.0
2025-06-30 04:00:00,3.6,3.6,,3.5,,90.0,0.5,1.9,188.0,171.0,1008.8,2.0,0.0,,100.0
2025-06-30 05:00:00,3.7,3.8,,3.6,,88.0,0.6,2.3,40.0,62.0,1008.7,6.0,0.0,,100.0
2025-06-30 06:00:00,3.6,3.7,7.8,3.6,2.6,88.0,0.7,2.3,37.0,61.0,1008.8,14.0,0.0,0.0,100.0
2025-06-30 07:00:00,3.7,3.8,,3.6,,87.0,0.7,2.5,33.0,26.0,1009.0,28.0,0.0,,100.0
2025-06-30 08:00:00,3.8,3.9,,3.7,,87.0,1.3,2.9,319.0,345.0,1008.8,53.0,0.0,,100.0
2025-06-30 09:00:00,3.9,4.2,,3.7,,86.0,1.2,2.7,10.0,335.0,1009.0,80.0,0.0,,100.0
2025-06-30 10:00:00,4.3,4.6,,4.1,,84.0,1.0,2.5,114.0,41.0,1009.3,95.0,0.0,,100.0
2025-06-30 11:00:00,4.6,5.1,,4.3,,81.0,1.1,2.4,29.0,83.0,1009.3,158.0,0.0,,100.0
2025-06-30 12:00:00,5.0,5.4,5.4,4.8,2.9,80.0,1.3,2.6,140.0,47.0,1009.3,188.0,0.0,0.0,100.0
2025-06-30 13:00:00,5.4,5.7,,5.1,,78.0,2.1,3.5,141.0,138.0,1009.2,396.0,0.0,,100.0
2025-06-30 14:00:00,5.7,6.1,,5.4,,76.0,2.2,4.3,121.0,139.0,1009.1,337.0,0.0,,100.0
2025-06-30 15:00:00,5.9,6.4,,5.7,,77.0,2.6,4.6,150.0,137.0,1008.7,402.0,0.0,,100.0
2025-06-30 16:00:00,5.9,6.4,,5.5,,75.0,2.7,4.3,152.0,155.0,1008.2,447.0,0.0,,100.0
2025-06-30 17:00:00,5.8,6.4,,5.3,,74.0,3.2,5.5,154.0,151.0,1008.1,383.0,0.0,,100.0
2025-06-30 18:00:00,5.1,5.7,6.4,4.8,3.6,77.0,3.5,5.7,154.0,153.0,1008.1,279.0,0.0,0.0,100.0
2025-06-30 19:00:00,5.4,5.8,,5.0,,75.0,2.7,4.5,,143.0,,,0.0,,
2025-06-30 20:00:00,,,,,,,2.6,4.5,145.0,152.0,1007.6,185.0,,,100.0
2025-06-30 21:00:00,,,,,,,2.5,3.9,142.0,143.0,1007.6,161.0,,,100.0
2025-06-30 22:00:00,,,,,,,2.5,4.0,140.0,143.0,1007.4,101.0,,,25.0
2025-06-30 23:00:00,,,,,,,1.1,3.0,172.0,149.0,1007.2,88.0,,,100.0
2025-07-01 00:00:00,,,,,,,0.7,2.2,310.0,315.0,1007.1,49.0,,,100.0
2025-07-01 01:00:00,,,,,,,0.4,1.5,197.0,8.0,,13.0,0.0,,
2025-07-01 02:00:00,,,,,,,0.0,0.6,0.0,0.0,1006.8,3.0,,,100.0
2025-07-01 03:00:00,,,,,,,0.4,2.8,152.0,143.0,1006.4,2.0,,,100.0
2025-07-01 04:00:00,,,,,,,0.7,2.8,18.0,149.0,1005.9,3.0,,,100.0
2025-07-01 05:00:00,,,,,,,0.2,1.3,160.0,157.0,1006.0,5.0,,,100.0
2025-07-01 06:00:00,,,,,,,0.1,1.0,0.0,152.0,1006.0,9.0,,,100.0
2025-07-01 07:00:00,,,,,,,0.0,0.7,0.0,0.0,1006.0,23.0,,,100.0
2025-07-01 08:00:00,,,,,,,0.0,0.9,312.0,0.0,1006.1,32.0,,,100.0
2025-07-01 09:00:00,4.5,4.7,,4.4,,90.0,0.5,1.8,262.0,267.0,1006.1,36.0,0.6,,100.0
2025-07-01 10:00:00,4.7,5.0,,4.6,,93.0,0.7,1.7,4.0,342.0,1006.1,65.0,1.1,,100.0
2025-07-01 11:00:00,4.9,5.2,,4.7,,93.0,0.6,1.9,329.0,348.0,1006.1,81.0,0.7,,100.0
2025-07-01 12:00:00,5.4,5.6,5.6,5.2,3.4,92.0,0.6,1.6,12.0,11.0,1006.1,129.0,0.6,3.2,100.0
2025-07-01 13:00:00,5.9,6.2,,5.6,,87.0,1.2,3.2,329.0,4.0,1006.0,166.0,0.1,,100.0
2025-07-01 14:00:00,6.4,6.7,,6.1,,83.0,1.3,3.6,12.0,1.0,1005.8,194.0,0.3,,100.0
2025-07-01 15:00:00,6.8,7.0,,6.6,,82.0,2.5,4.0,18.0,14.0,1005.5,230.0,0.2,,100.0
2025-07-01 16:00:00,7.0,7.1,,6.8,,81.0,2.0,3.4,13.0,14.0,1005.1,157.0,0.2,,100.0
2025-07-01 17:00:00,6.7,6.9,,6.6,,83.0,2.5,4.4,12.0,11.0,1005.0,143.0,0.7,,100.0
2025-07-01 18:00:00,6.9,7.0,7.1,6.7,4.3,84.0,2.0,3.9,3.0,11.0,1004.9,186.0,0.4,5.2,100.0
2025-07-01 19:00:00,7.1,7.3,,6.9,,81.0,1.6,3.0,16.0,5.0,1004.8,180.0,0.0,,100.0
2025-07-01 20:00:00,7.2,7.3,,7.1,,79.0,0.9,1.8,31.0,22.0,1004.7,150.0,0.0,,100.0
2025-07-01 21:00:00,7.2,7.3,,7.1,,78.0,0.6,1.6,67.0,39.0,1004.4,169.0,0.0,,100.0
2025-07-01 22:00:00,7.3,7.4,,7.0,,80.0,0.8,2.3,152.0,132.0,1004.1,136.0,0.0,,100.0
2025-07-01 23:00:00,6.9,7.1,,6.4,,83.0,1.8,2.9,157.0,152.0,1004.2,80.0,0.0,,100.0
2025-07-02 00:00:00,6.4,6.6,7.4,6.3,5.6,84.0,1.9,3.1,144.0,151.0,1004.1,26.0,0.0,5.2,100.0
2025-07-02 01:00:00,6.1,6.3,,5.8,,86.0,1.1,2.3,0.0,145.0,1004.0,8.0,0.0,,100.0
2025-07-02 02:00:00,5.5,5.8,,5.4,,91.0,0.1,0.7,345.0,350.0,1003.8,2.0,0.0,,100.0
2025-07-02 03:00:00,5.3,5.4,,5.2,,93.0,0.0,0.9,0.0,0.0,1003.4,1.0,0.0,,100.0
2025-07-02 04:00:00,4.9,5.2,,4.6,,94.0,0.4,1.3,0.0,298.0,1003.1,2.0,0.0,,100.0
2025-07-02 05:00:00,4.8,4.9,,4.5,,95.0,0.0,0.1,0.0,0.0,1002.9,9.0,0.0,,100.0
2025-07-02 06:00:00,5.0,5.3,7.4,4.9,4.5,93.0,0.2,1.0,264.0,279.0,1002.9,22.0,0.0,5.2,100.0
2025-07-02 07:00:00,5.5,6.3,,5.3,,90.0,0.4,1.1,11.0,282.0,1002.7,105.0,0.0,,100.0
2025-07-02 08:00:00,6.6,7.2,,6.3,,86.0,0.6,2.1,104.0,125.0,1002.5,246.0,0.0,,25.0
2025-07-02 09:00:00,7.1,7.5,,6.6,,82.0,0.8,2.0,12.0,31.0,1002.6,278.0,0.0,,
2025-07-02 10:00:00,7.3,7.7,,6.6,,80.0,0.7,1.8,31.0,34.0,1002.6,356.0,0.0,,
2025-07-02 11:00:00,7.5,7.9,,7.1,,80.0,2.3,3.8,140.0,135.0,1002.4,526.0,0.0,,10.0
2025-07-02 12:00:00,7.6,8.1,8.1,7.3,4.5,79.0,2.8,4.5,143.0,145.0,1002.5,612.0,0.0,2.0,
2025-07-02 13:00:00,8.0,8.5,,7.3,,77.0,2.6,4.2,160.0,150.0,1002.2,682.0,0.0,,
2025-07-02 14:00:00,9.7,10.3,,8.4,,69.0,1.6,3.3,31.0,48.0,1001.8,730.0,0.0,,
2025-07-02 15:00:00,10.7,11.1,,10.1,,65.0,2.1,3.9,36.0,34.0,1001.4,746.0,0.0,,
2025-07-02 16:00:00,11.5,12.2,,11.0,,62.0,2.0,4.5,123.0,128.0,1001.1,734.0,0.0,,
2025-07-02 17:00:00,11.9,12.3,,11.6,,59.0,2.2,3.7,16.0,51.0,1000.8,692.0,0.0,,
2025-07-02 18:00:00,11.4,11.7,12.3,11.1,5.3,59.0,1.6,2.5,38.0,32.0,1000.8,623.0,0.0,0.0,
2025-07-02 19:00:00,,,,,,,3.6,6.7,258.0,264.0,1000.6,537.0,,,
2025-07-02 20:00:00,12.3,12.8,,11.9,,53.0,2.7,6.4,164.0,263.0,1000.6,416.0,0.0,,
2025-07-02 21:00:00,11.9,13.1,,11.1,,55.0,1.6,4.2,284.0,347.0,1000.4,330.0,0.0,,
2025-07-02 22:00:00,10.6,11.8,,9.7,,60.0,1.7,3.7,17.0,338.0,1000.5,221.0,0.0,,
2025-07-02 23:00:00,10.3,11.0,,9.1,,61.0,0.5,2.2,354.0,345.0,1000.6,122.0,0.0,,
2025-07-03 00:00:00,7.7,9.1,13.1,6.7,6.7,70.0,0.9,2.9,56.0,34.0,1000.9,40.0,0.0,0.0,
2025-07-03 01:00:00,4.7,6.6,,4.2,,87.0,1.4,4.1,263.0,338.0,1001.2,9.0,0.0,,
2025-07-03 02:00:00,3.8,4.9,,3.1,,92.0,1.8,4.6,21.0,148.0,1002.0,3.0,0.0,,60.0
2025-07-03 03:00:00,3.1,3.3,,3.0,,98.0,0.4,2.2,178.0,155.0,1001.7,2.0,0.0,,10.0
2025-07-03 04:00:00,3.2,3.4,,3.1,,98.0,0.3,1.3,144.0,243.0,1001.3,3.0,0.0,,
2025-07-03 05:00:00,2.5,3.1,,2.0,,98.0,1.0,2.5,188.0,175.0,1001.4,9.0,0.0,,
2025-07-03 06:00:00,2.5,3.1,13.1,1.6,1.6,99.0,1.3,4.7,152.0,154.0,1001.6,35.0,0.0,0.0,60.0
2025-07-03 07:00:00,2.9,3.2,,2.4,,97.0,1.5,3.1,338.0,348.0,1001.9,111.0,0.0,,100.0
2025-07-03 08:00:00,3.2,3.8,,2.9,,97.0,0.5,1.9,40.0,30.0,1002.1,145.0,0.0,,25.0
2025-07-03 09:00:00,4.2,5.4,,3.6,,93.0,0.9,3.2,140.0,38.0,1002.0,290.0,0.0,,10.0
2025-07-03 10:00:00,3.8,5.0,,3.4,,96.0,3.6,5.5,154.0,147.0,1002.5,268.0,0.0,,100.0
2025-07-03 11:00:00,4.1,4.5,,3.7,,96.0,2.4,4.4,128.0,132.0,1003.0,270.0,0.0,,100.0
2025-07-03 12:00:00,5.4,6.3,6.6,4.5,1.6,88.0,1.9,3.4,144.0,133.0,1002.9,519.0,0.0,0.0,100.0
2025-07-03 13:00:00,6.3,6.7,,5.7,,83.0,2.8,5.0,139.0,139.0,1003.0,591.0,0.0,,60.0
2025-07-03 14:00:00,6.6,6.9,,6.3,,81.0,3.0,5.3,147.0,142.0,1003.0,485.0,0.0,,100.0
2025-07-03 15:00:00,6.5,6.9,,6.2,,82.0,2.7,4.5,142.0,141.0,1002.7,301.0,0.0,,100.0
2025-07-03 16:00:00,6.8,6.9,,6.5,,80.0,3.0,5.1,142.0,150.0,1002.9,385.0,0.0,,100.0
2025-07-03 17:00:00,6.6,7.0,,6.3,,82.0,3.4,5.6,150.0,142.0,1003.1,438.0,0.0,,100.0
2025-07-03 18:00:00,6.8,7.4,7.4,6.3,2.4,82.0,3.4,5.8,151.0,142.0,1003.3,412.0,0.0,0.0,100.0
2025-07-03 19:00:00,6.2,6.4,,5.9,,86.0,3.6,5.9,145.0,142.0,1003.6,337.0,0.0,,100.0
2025-07-03 20:00:00,6.3,6.8,,6.0,,85.0,2.9,4.8,146.0,147.0,1003.5,331.0,0.0,,100.0
2025-07-03 21:00:00,6.0,6.2,,5.7,,86.0,2.6,4.7,147.0,142.0,1003.6,154.0,0.0,,100.0
2025-07-03 22:00:00,6.0,6.2,,5.7,,86.0,2.5,4.2,141.0,143.0,1004.0,90.0,0.0,,100.0
2025-07-03 23:00:00,5.8,5.9,,5.7,,87.0,,,,,1004.1,36.0,0.0,,100.0
2025-07-04 00:00:00,6.0,6.2,7.4,5.8,5.7,85.0,0.9,2.5,56.0,91.0,1004.2,14.0,0.0,0.0,100.0
2025-07-04 01:00:00,6.1,6.1,,6.0,,85.0,0.5,1.9,89.0,82.0,1004.3,7.0,0.0,,100.0
2025-07-04 02:00:00,5.7,6.1,,5.3,,88.0,1.0,2.5,152.0,154.0,1004.7,2.0,0.0,,100.0
2025-07-04 03:00:00,5.4,5.6,,5.2,,89.0,0.6,2.2,0.0,169.0,1004.7,1.0,0.0,,100.0
2025-07-04 04:00:00,5.3,5.6,,4.4,,90.0,0.6,2.4,156.0,160.0,1004.6,1.0,0.0,,100.0
2025-07-04 05:00:00,4.7,5.0,,4.5,,93.0,1.9,2.8,163.0,160.0,1004.9,8.0,0.0,,100.0
2025-07-04 06:00:00,5.0,5.3,6.8,4.8,4.4,92.0,1.5,2.7,171.0,158.0,1005.1,27.0,0.0,0.0,100.0
2025-07-04 07:00:00,5.4,5.6,,5.1,,90.0,0.8,1.8,17.0,7.0,1005.3,80.0,0.0,,100.0
2025-07-04 08:00:00,5.1,5.4,,4.6,,92.0,1.0,2.3,151.0,93.0,1005.4,143.0,0.0,,100.0
2025-07-04 09:00:00,,,,,,,1.1,2.2,27.0,112.0,1005.4,280.0,,,40.0
2025-07-04 10:00:00,5.8,6.3,,5.3,,88.0,1.8,3.4,145.0,144.0,1005.3,332.0,0.0,,
2025-07-04 11:00:00,7.0,7.9,,6.1,,82.0,2.2,3.8,126.0,135.0,1005.4,535.0,0.0,,
2025-07-04 12:00:00,7.6,7.9,7.9,7.3,4.4,78.0,2.8,4.7,141.0,138.0,1005.5,620.0,0.0,0.0,
2025-07-04 13:00:00,8.6,9.3,,7.4,,71.0,1.6,3.6,20.0,50.0,1005.3,694.0,0.0,,
2025-07-04 14:00:00,8.9,9.5,,7.8,,69.0,1.9,4.1,146.0,77.0,1005.0,741.0,0.0,,
2025-07-04 15:00:00,,,,,,,,,,,1005.1,756.0,,,
2025-07-04 16:00:00,7.1,7.8,,6.7,,74.0,1.8,3.0,26.0,17.0,1004.8,744.0,0.0,,
2025-07-04 17:00:00,7.2,7.9,,6.7,,74.0,1.8,3.2,23.0,25.0,1004.5,700.0,0.0,,
2025-07-04 18:00:00,8.0,9.5,9.5,7.3,4.6,71.0,1.2,3.1,52.0,32.0,1004.1,624.0,0.0,0.0,
2025-07-04 19:00:00,8.0,9.2,,7.3,,71.0,1.8,2.9,22.0,24.0,1003.9,529.0,0.0,,
2025-07-04 20:00:00,7.3,7.8,,6.9,,74.0,1.5,2.7,31.0,21.0,1003.5,424.0,0.0,,
2025-07-04 21:00:00,7.5,7.9,,7.0,,73.0,1.3,3.1,152.0,101.0,1003.1,318.0,0.0,,
2025-07-04 22:00:00,6.4,7.5,,5.6,,77.0,2.8,4.6,169.0,162.0,1003.0,210.0,0.0,,
2025-07-04 23:00:00,6.7,7.3,,5.7,,77.0,1.0,2.8,168.0,169.0,1002.6,121.0,0.0,,
2025-07-05 00:00:00,5.8,6.5,9.5,5.2,5.2,81.0,1.4,3.2,166.0,172.0,1001.9,37.0,0.0,0.0,
2025-07-05 01:00:00,5.3,6.0,,4.9,,85.0,1.2,3.9,181.0,177.0,1001.4,14.0,0.0,,
2025-07-05 02:00:00,9.3,12.9,,5.1,,65.0,1.3,4.3,4.0,313.0,1000.7,6.0,0.0,,
2025-07-05 03:00:00,15.2,18.5,,11.8,,40.0,4.7,15.3,279.0,298.0,1000.1,4.0,0.0,,
2025-07-05 04:00:00,16.6,18.8,,15.4,,35.0,5.6,16.0,348.0,311.0,1000.3,1.0,0.0,,
2025-07-05 05:00:00,15.7,16.3,,15.2,,36.0,5.0,10.6,290.0,289.0,999.7,7.0,0.0,,
2025-07-05 06:00:00,15.6,16.5,18.8,15.0,4.9,35.0,6.2,10.4,281.0,288.0,999.3,32.0,0.0,0.0,
2025-07-05 07:00:00,16.1,17.4,,15.5,,31.0,8.1,13.5,271.0,278.0,999.1,110.0,0.0,,
2025-07-05 08:00:00,16.4,17.8,,15.9,,30.0,9.0,16.7,286.0,284.0,998.5,218.0,0.0,,
2025-07-05 09:00:00,17.1,17.8,,16.1,,26.0,8.8,15.4,316.0,306.0,998.8,298.0,0.0,,
2025-07-05 10:00:00,15.6,17.6,,15.0,,29.0,6.8,18.5,323.0,332.0,998.9,434.0,0.0,,
2025-07-05 11:00:00,17.9,18.1,,17.5,,19.0,10.8,19.3,310.0,309.0,998.8,538.0,0.0,,
2025-07-05 12:00:00,16.7,17.8,18.8,15.7,4.9,23.0,10.7,19.4,274.0,281.0,999.1,630.0,0.0,0.0,
2025-07-05 13:00:00,15.9,16.4,,15.4,,24.0,10.5,16.1,268.0,273.0,999.3,710.0,0.0,,
2025-07-05 14:00:00,16.5,17.1,,15.9,,22.0,6.8,13.4,309.0,308.0,999.9,756.0,0.0,,
2025-07-05 15:00:00,16.1,16.6,,15.4,,22.0,7.5,14.5,305.0,286.0,999.8,769.0,0.0,,
2025-07-05 16:00:00,16.4,17.3,,16.0,,20.0,8.5,17.5,292.0,308.0,999.8,755.0,0.0,,
2025-07-05 17:00:00,16.4,16.8,,16.0,,21.0,9.3,16.7,304.0,295.0,999.8,706.0,0.0,,
2025-07-05 18:00:00,16.5,17.0,18.1,16.2,15.0,20.0,9.2,17.6,287.0,293.0,999.8,647.0,0.0,0.0,
2025-07-05 19:00:00,16.7,17.2,,16.2,,17.0,10.5,16.9,265.0,275.0,,550.0,0.0,,
2025-07-05 20:00:00,16.2,16.7,,15.3,,16.0,10.8,16.8,262.0,264.0,1000.2,442.0,0.0,,
2025-07-05 21:00:00,14.9,15.7,,14.0,,20.0,10.5,16.3,272.0,265.0,1000.3,246.0,0.0,,
2025-07-05 22:00:00,14.6,15.2,,14.2,,19.0,12.4,16.0,270.0,268.0,1000.8,165.0,0.0,,40.0
2025-07-05 23:00:00,14.1,14.6,,13.8,,20.0,11.1,16.7,272.0,270.0,1001.0,37.0,0.0,,10.0
2025-07-06 00:00:00,13.9,15.1,17.3,13.1,13.1,19.0,5.9,12.6,280.0,289.0,1001.6,29.0,0.0,0.0,
2025-07-06 01:00:00,13.1,13.9,,12.7,,21.0,7.3,13.2,277.0,275.0,1002.2,9.0,0.0,,50.0
2025-07-06 02:00:00,12.6,13.6,,12.0,,22.0,4.9,14.8,274.0,299.0,1003.0,1.0,0.0,,25.0
2025-07-06 03:00:00,12.4,13.0,,11.9,,22.0,2.5,8.9,6.0,288.0,1003.2,0.0,0.0,,
2025-07-06 04:00:00,12.2,12.8,,11.3,,22.0,2.2,7.7,327.0,350.0,1003.4,2.0,0.0,,40.0
2025-07-06 05:00:00,12.2,13.0,,11.6,,22.0,3.8,10.0,360.0,316.0,1003.9,8.0,0.0,,10.0
2025-07-06 06:00:00,12.3,13.4,17.2,11.9,11.3,21.0,3.4,7.5,302.0,324.0,1004.8,34.0,0.0,0.0,10.0
2025-07-06 07:00:00,12.8,13.7,,12.1,,21.0,2.0,5.6,300.0,317.0,1005.6,92.0,0.0,,40.0
2025-07-06 08:00:00,13.0,13.2,,12.6,,23.0,0.8,3.7,58.0,344.0,1006.2,93.0,0.0,,25.0
2025-07-06 09:00:00,13.2,13.6,,12.5,,22.0,0.7,2.5,317.0,3.0,1006.7,202.0,0.0,,
2025-07-06 10:00:00,14.0,14.7,,13.4,,22.0,0.8,2.9,74.0,14.0,1006.8,382.0,0.0,,
2025-07-06 11:00:00,13.5,14.8,,11.7,,26.0,2.6,5.3,156.0,145.0,1007.4,500.0,0.0,,
2025-07-06 12:00:00,15.2,16.3,16.3,14.4,11.3,22.0,1.3,4.7,138.0,80.0,1007.6,659.0,0.0,0.0,100.0
2025-07-06 13:00:00,15.7,16.4,,15.3,,21.0,2.6,5.0,160.0,152.0,1008.1,564.0,0.0,,100.0
2025-07-06 14:00:00,14.5,15.5,,13.5,,24.0,3.6,6.1,162.0,153.0,1009.0,462.0,0.0,,100.0
2025-07-06 15:00:00,13.6,15.0,,11.5,,30.0,3.6,6.6,142.0,147.0,1009.5,730.0,0.0,,25.0
2025-07-06 16:00:00,12.3,13.7,,11.6,,39.0,3.2,5.4,140.0,142.0,1009.6,639.0,0.0,,75.0
2025-07-06 17:00:00,12.1,12.8,,10.9,,42.0,2.0,6.7,184.0,155.0,1009.2,499.0,0.0,,100.0
2025-07-06 18:00:00,11.2,13.8,16.4,8.9,8.9,48.0,3.3,7.0,155.0,157.0,1009.6,356.0,0.0,0.0,100.0
2025-07-06 19:00:00,9.8,10.8,,8.9,,55.0,2.2,5.8,163.0,161.0,1009.4,259.0,0.0,,60.0
2025-07-06 20:00:00,10.3,11.3,,9.5,,55.0,1.8,4.1,178.0,153.0,1009.4,358.0,0.0,,
2025-07-06 21:00:00,10.9,11.8,,10.4,,53.0,1.3,3.0,316.0,311.0,1009.2,326.0,0.0,,
2025-07-06 22:00:00,11.4,12.4,,10.3,,53.0,0.7,2.6,156.0,157.0,1008.9,225.0,0.0,,
2025-07-06 23:00:00,10.3,11.4,,9.6,,58.0,1.5,3.8,322.0,162.0,1008.8,117.0,0.0,,
2025-07-07 00:00:00,9.5,10.5,16.4,8.9,8.9,62.0,0.2,0.9,2.0,342.0,1008.5,45.0,0.0,0.0,
2025-07-07 01:00:00,9.0,9.4,,8.5,,64.0,0.0,0.5,0.0,0.0,1008.0,17.0,0.0,,
2025-07-07 02:00:00,8.0,9.3,,6.8,,70.0,1.3,3.2,176.0,167.0,1007.8,3.0,0.0,,
2025-07-07 03:00:00,6.9,7.1,,6.8,,75.0,0.8,2.4,154.0,163.0,1007.5,1.0,0.0,,
2025-07-07 04:00:00,6.7,7.2,,6.0,,76.0,0.7,2.3,0.0,236.0,1006.7,1.0,0.0,,
2025-07-07 05:00:00,6.3,7.1,,5.8,,76.0,0.3,2.1,278.0,272.0,1005.9,9.0,0.0,,
2025-07-07 06:00:00,6.1,7.1,12.4,4.8,4.8,79.0,2.0,4.8,165.0,169.0,1005.3,40.0,0.0,0.0,
2025-07-07 07:00:00,5.1,5.6,,4.6,,88.0,3.2,5.7,139.0,151.0,1004.8,103.0,0.0,,100.0
2025-07-07 08:00:00,5.0,5.4,,3.8,,89.0,2.3,5.7,149.0,146.0,1004.8,96.0,0.0,,100.0
2025-07-07 09:00:00,4.7,5.0,,3.8,,92.0,3.7,6.4,153.0,156.0,1005.1,87.0,0.0,,100.0
2025-07-07 10:00:00,4.7,4.8,,4.5,,91.0,2.6,6.4,162.0,149.0,1004.8,70.0,0.0,,100.0
2025-07-07 11:00:00,5.3,5.9,,4.4,,88.0,1.8,6.3,32.0,322.0,,222.0,0.0,,100.0
2025-07-07 12:00:00,6.0,6.7,9.4,5.5,3.8,84.0,0.5,1.7,25.0,39.0,,162.0,0.0,0.0,100.0
2025-07-07 13:00:00,6.9,7.7,,6.4,,78.0,0.9,3.2,122.0,57.0,1002.8,260.0,0.0,,100.0
2025-07-07 14:00:00,7.9,8.3,,7.5,,67.0,1.2,2.5,26.0,108.0,1002.5,274.0,0.0,,100.0
2025-07-07 15:00:00,8.5,9.0,,7.7,,68.0,0.7,1.8,32.0,34.0,1002.0,252.0,0.0,,100.0
2025-07-07 16:00:00,9.3,10.1,,8.6,,65.0,1.2,3.7,28.0,80.0,1001.1,436.0,0.0,,100.0
2025-07-07 17:00:00,10.2,10.4,,9.9,,59.0,1.1,2.7,36.0,26.0,1000.3,336.0,0.0,,100.0
2025-07-07 18:00:00,8.4,10.9,10.9,5.6,3.8,68.0,3.6,8.3,146.0,144.0,1000.2,329.0,0.0,0.0,100.0
2025-07-07 19:00:00,,,,,,,,,,,1000.3,230.0,,,100.0
2025-07-07 20:00:00,6.3,6.9,,5.2,,76.0,1.2,3.6,110.0,76.0,999.7,221.0,0.0,,100.0
2025-07-07 21:00:00,6.1,6.5,,5.8,,76.0,2.5,3.6,143.0,145.0,999.6,140.0,0.0,,100.0
2025-07-07 22:00:00,6.2,6.6,,5.5,,74.0,1.5,3.1,353.0,320.0,999.1,68.0,0.0,,100.0
2025-07-07 23:00:00,6.6,6.9,,6.2,,73.0,0.9,3.2,146.0,99.0,998.5,50.0,0.0,,100.0
2025-07-08 00:00:00,5.7,7.0,10.9,5.0,4.4,75.0,,,,,,,0.0,,100.0
2025-07-08 01:00:00,5.8,6.4,,5.5,,69.0,,,,,,,0.0,,100.0
2025-07-08 02:00:00,5.8,6.2,,5.6,,69.0,0.3,1.9,161.0,345.0,998.3,1.0,0.0,,100.0
2025-07-08 03:00:00,6.2,6.4,,6.0,,69.0,,,,,,,0.0,,100.0
2025-07-08 04:00:00,6.1,6.5,,5.8,,70.0,,,,,,,0.0,,100.0
2025-07-08 05:00:00,6.2,6.5,,6.0,,72.0,,,,,,,0.0,,100.0
2025-07-08 06:00:00,6.4,6.6,7.1,6.2,4.4,73.0,0.6,2.4,355.0,153.0,996.3,11.0,0.0,0.0,100.0
2025-07-08 07:00:00,6.6,6.7,,6.4,,72.0,,,,,,,0.0,,100.0
2025-07-08 08:00:00,5.6,6.8,,4.8,,82.0,,,,,,,0.2,,100.0
2025-07-08 09:00:00,5.6,5.8,,5.2,,84.0,0.6,2.6,358.0,353.0,995.6,54.0,0.5,,100.0
2025-07-08 10:00:00,6.1,6.9,,5.6,,88.0,0.6,2.4,114.0,35.0,995.5,73.0,0.2,,100.0
2025-07-08 11:00:00,7.1,7.6,,6.7,,90.0,2.2,4.2,135.0,140.0,995.4,44.0,0.2,,100.0
2025-07-08 12:00:00,7.2,7.5,7.6,7.1,4.8,87.0,1.6,3.4,121.0,126.0,995.4,74.0,1.0,2.1,100.0
2025-07-08 13:00:00,7.0,7.3,,6.6,,91.0,0.5,2.0,161.0,68.0,995.1,110.0,0.7,,100.0
2025-07-08 14:00:00,7.3,7.5,,7.1,,91.0,0.7,1.8,259.0,176.0,994.7,111.0,0.9,,100.0
2025-07-08 15:00:00,7.2,7.5,,6.9,,92.0,1.0,3.0,157.0,165.0,994.3,79.0,0.2,,100.0
2025-07-08 16:00:00,7.2,7.7,,6.9,,95.0,0.9,2.9,45.0,288.0,993.8,97.0,1.1,,100.0
2025-07-08 17:00:00,7.8,8.8,,6.9,,94.0,0.3,2.1,15.0,348.0,993.6,120.0,1.0,,100.0
2025-07-08 18:00:00,9.2,9.4,9.4,8.8,4.8,85.0,0.8,2.9,314.0,301.0,993.3,112.0,0.7,6.7,100.0
2025-07-08 19:00:00,9.3,9.4,,9.2,,85.0,,,,,,,,,
2025-07-08 20:00:00,9.2,9.7,,7.9,,85.0,1.4,4.5,159.0,162.0,992.8,75.0,0.0,,100.0
2025-07-08 21:00:00,8.1,8.5,,7.8,,91.0,2.0,3.7,171.0,163.0,992.7,42.0,0.0,,100.0
2025-07-08 22:00:00,7.9,8.3,,7.6,,90.0,3.0,4.7,151.0,153.0,992.8,27.0,0.0,,100.0
2025-07-08 23:00:00,8.0,8.3,,7.9,,91.0,2.2,3.6,174.0,170.0,992.8,13.0,0.0,,100.0
2025-07-09 00:00:00,7.5,7.8,9.7,7.1,6.6,94.0,,,,,,,,,100.0
2025-07-09 01:00:00,7.0,7.3,,6.9,,97.0,,,,,,,,,100.0
2025-07-09 02:00:00,6.8,7.0,,6.6,,98.0,,,,,,,,,100.0
2025-07-09 03:00:00,6.3,6.6,,6.2,,98.0,,,,,,,0.2,,100.0
2025-07-09 04:00:00,5.9,6.2,,5.6,,98.0,,,,,,,0.3,,100.0
2025-07-09 05:00:00,5.3,5.6,,5.2,,99.0,,,,,,,0.2,,100.0
2025-07-09 06:00:00,5.6,5.7,9.7,5.5,5.2,99.0,,,,,,,0.4,,100.0
2025-07-09 07:00:00,5.5,5.7,,5.4,,99.0,,,,,,,0.5,,100.0
2025-07-09 08:00:00,5.6,5.9,,5.5,,99.0,,,,,,,0.5,,100.0
2025-07-09 09:00:00,5.9,6.1,,5.8,,99.0,0.3,1.2,16.0,32.0,991.7,41.0,0.2,,100.0
2025-07-09 10:00:00,6.1,6.3,,6.0,,99.0,,,,,,,,,100.0
2025-07-09 11:00:00,6.4,6.6,,6.2,,98.0,,,,,,,,,100.0
2025-07-09 12:00:00,6.8,6.9,7.3,6.5,5.2,97.0,,,,,,,,,100.0
2025-07-09 13:00:00,7.0,7.3,,6.8,,96.0,0.3,1.6,39.0,25.0,991.6,105.0,0.4,,100.0
2025-07-09 14:00:00,7.4,7.8,,7.2,,95.0,0.3,1.4,43.0,27.0,991.4,139.0,0.5,,100.0
2025-07-09 15:00:00,6.9,7.8,,6.3,,97.0,2.1,4.0,141.0,138.0,991.4,110.0,0.2,,100.0
2025-07-09 16:00:00,6.8,6.9,,6.5,,98.0,2.3,3.4,138.0,139.0,991.3,135.0,0.7,,100.0
2025-07-09 17:00:00,6.6,6.9,,6.4,,97.0,2.1,3.4,149.0,144.0,991.1,109.0,0.2,,100.0
2025-07-09 18:00:00,7.1,7.3,7.8,6.8,5.4,96.0,1.2,2.8,151.0,145.0,991.4,96.0,0.5,7.1,100.0
2025-07-09 19:00:00,6.9,7.1,,6.7,,97.0,1.3,2.5,195.0,169.0,991.5,51.0,0.1,,100.0
2025-07-09 20:00:00,7.4,8.0,,6.8,,91.0,1.6,4.2,170.0,162.0,991.7,49.0,0.0,,100.0
2025-07-09 21:00:00,6.7,7.0,,5.9,,89.0,2.9,6.7,166.0,167.0,992.3,33.0,0.1,,100.0
2025-07-09 22:00:00,6.1,6.4,,5.6,,88.0,3.8,7.1,135.0,143.0,993.2,17.0,0.0,,100.0
2025-07-09 23:00:00,6.7,7.0,,6.4,,84.0,0.7,3.0,0.0,166.0,993.5,12.0,0.0,,100.0
2025-07-10 00:00:00,7.2,7.3,8.0,7.1,5.6,83.0,0.9,2.1,139.0,133.0,993.8,9.0,0.0,6.6,100.0
2025-07-10 01:00:00,7.1,7.4,,6.8,,83.0,1.1,2.8,320.0,162.0,994.0,3.0,0.0,,100.0
2025-07-10 02:00:00,7.4,7.7,,7.2,,81.0,1.0,2.7,260.0,264.0,994.0,1.0,0.0,,100.0
2025-07-10 03:00:00,7.4,7.7,,7.1,,82.0,1.5,3.1,252.0,258.0,994.1,0.0,0.0,,100.0
2025-07-10 04:00:00,7.1,7.6,,6.4,,84.0,1.1,3.8,159.0,184.0,994.2,0.0,0.0,,100.0
2025-07-10 05:00:00,6.9,7.1,,6.4,,82.0,1.8,3.1,153.0,157.0,994.4,1.0,0.0,,100.0
2025-07-10 06:00:00,7.3,7.3,8.0,7.1,5.6,80.0,1.1,2.4,0.0,158.0,994.7,4.0,0.0,4.3,100.0
2025-07-10 07:00:00,7.2,7.4,,6.9,,82.0,0.7,4.0,251.0,264.0,995.1,11.0,0.0,,100.0
2025-07-10 08:00:00,7.6,7.9,,7.4,,80.0,1.2,3.5,33.0,268.0,995.4,30.0,0.0,,100.0
2025-07-10 09:00:00,7.7,7.9,,7.6,,81.0,1.3,3.2,261.0,274.0,995.7,44.0,0.1,,100.0
2025-07-10 10:00:00,7.8,8.0,,7.5,,81.0,1.0,2.6,161.0,183.0,996.1,49.0,0.0,,100.0
2025-07-10 11:00:00,7.0,7.6,,6.4,,84.0,2.8,4.9,160.0,166.0,996.7,80.0,0.0,,100.0
2025-07-10 12:00:00,7.4,7.7,8.0,7.3,6.4,84.0,2.4,3.7,164.0,159.0,997.0,157.0,0.1,2.7,100.0
2025-07-10 13:00:00,7.7,8.1,,7.3,,85.0,2.7,4.3,160.0,167.0,997.2,294.0,0.0,,100.0
2025-07-10 14:00:00,8.4,9.0,,7.9,,84.0,1.6,2.7,148.0,155.0,997.3,348.0,0.0,,100.0
2025-07-10 15:00:00,8.4,9.1,,8.0,,83.0,2.5,4.4,145.0,146.0,997.5,316.0,0.0,,100.0
2025-07-10 16:00:00,7.9,8.3,,7.3,,83.0,3.0,5.3,144.0,149.0,997.6,315.0,0.0,,100.0
2025-07-10 17:00:00,7.6,8.0,,7.1,,84.0,3.0,4.8,142.0,145.0,998.0,297.0,0.0,,100.0
2025-07-10 18:00:00,7.5,7.8,9.1,7.3,6.4,85.0,2.3,4.4,135.0,142.0,998.3,174.0,0.0,0.3,100.0
2025-07-10 19:00:00,7.6,8.0,,7.3,,,1.1,2.6,27.0,116.0,998.5,169.0,,,100.0
2025-07-10 20:00:00,7.9,8.1,,7.6,,84.0,1.4,2.8,135.0,132.0,998.8,176.0,0.0,,100.0
2025-07-10 21:00:00,7.7,7.9,,7.7,,83.0,1.6,2.7,139.0,145.0,999.0,111.0,0.0,,100.0
2025-07-10 22:00:00,7.5,7.8,,7.2,,85.0,2.1,3.3,126.0,136.0,999.2,130.0,0.0,,100.0
2025-07-10 23:00:00,6.9,7.4,,6.4,,87.0,1.6,2.5,151.0,159.0,999.7,87.0,0.0,,60.0
2025-07-11 00:00:00,6.7,7.6,9.1,5.9,5.9,88.0,0.9,2.4,309.0,312.0,1000.1,23.0,0.0,0.1,50.0
2025-07-11 01:00:00,5.7,5.8,,5.6,,92.0,0.3,2.0,0.0,320.0,1000.6,7.0,0.0,,100.0
2025-07-11 02:00:00,5.8,6.1,,5.6,,92.0,0.1,1.0,358.0,11.0,1000.8,2.0,0.0,,100.0
2025-07-11 03:00:00,5.8,5.9,,5.5,,93.0,0.2,1.4,155.0,144.0,1000.9,0.0,0.0,,100.0
2025-07-11 04:00:00,5.6,6.0,,5.1,,93.0,0.4,2.2,142.0,123.0,1001.1,0.0,0.0,,100.0
2025-07-11 05:00:00,5.5,5.9,,5.2,,94.0,0.9,2.0,189.0,164.0,1001.2,4.0,0.0,,100.0
2025-07-11 06:00:00,5.8,5.9,8.1,5.6,5.1,93.0,0.1,0.8,0.0,35.0,1001.7,11.0,0.0,0.1,100.0
2025-07-11 07:00:00,6.0,6.3,,5.8,,92.0,0.8,2.6,172.0,150.0,1002.1,22.0,0.0,,100.0
2025-07-11 08:00:00,6.2,6.5,,6.0,,91.0,0.6,1.4,39.0,21.0,1002.5,69.0,0.0,,100.0
2025-07-11 09:00:00,6.5,7.0,,6.1,,91.0,0.2,1.0,40.0,31.0,1002.9,99.0,0.0,,100.0
2025-07-11 10:00:00,7.5,8.1,,7.0,,85.0,0.4,1.8,35.0,24.0,1003.4,184.0,0.0,,100.0
2025-07-11 11:00:00,8.1,8.4,,7.8,,83.0,0.9,2.1,40.0,34.0,1003.8,250.0,0.0,,100.0
2025-07-11 12:00:00,8.9,9.4,9.4,8.2,5.1,80.0,0.9,2.5,139.0,45.0,1004.4,292.0,0.0,0.0,100.0
2025-07-11 13:00:00,9.3,10.1,,8.7,,73.0,1.3,2.9,163.0,155.0,1004.9,295.0,0.0,,100.0
2025-07-11 14:00:00,10.4,10.7,,10.0,,64.0,0.8,2.2,139.0,141.0,1005.4,364.0,0.0,,100.0
2025-07-11 15:00:00,10.9,11.6,,10.6,,59.0,0.8,2.7,137.0,30.0,1005.8,350.0,0.0,,100.0
2025-07-11 16:00:00,11.4,11.7,,11.1,,58.0,1.8,4.5,130.0,117.0,1006.1,581.0,0.0,,90.0
2025-07-11 17:00:00,11.0,11.7,,10.6,,60.0,2.9,5.9,168.0,142.0,1006.5,621.0,0.0,,10.0
2025-07-11 18:00:00,11.4,11.9,11.9,10.9,5.8,55.0,2.6,5.1,163.0,158.0,1007.1,568.0,0.0,0.0,40.0
2025-07-11 19:00:00,10.8,11.0,,10.6,,57.0,2.4,4.4,157.0,158.0,1007.8,272.0,0.0,,100.0
2025-07-11 20:00:00,10.9,11.4,,10.5,,57.0,2.6,4.9,137.0,144.0,1008.2,287.0,0.0,,100.0
2025-07-11 21:00:00,10.6,10.8,,10.5,,58.0,2.1,4.3,125.0,130.0,1008.9,137.0,0.0,,100.0
2025-07-11 22:00:00,10.6,10.9,,10.3,,61.0,1.6,3.5,113.0,141.0,1009.3,126.0,0.0,,100.0
2025-07-11 23:00:00,10.1,11.0,,8.8,,67.0,1.2,2.8,311.0,302.0,1009.8,97.0,0.0,,
2025-07-12 00:00:00,8.7,9.3,11.9,8.4,8.4,75.0,0.8,2.2,276.0,302.0,1010.4,29.0,0.0,0.0,
2025-07-12 01:00:00,7.9,8.9,,6.4,,77.0,0.8,2.5,188.0,227.0,1011.0,7.0,0.0,,
2025-07-12 02:00:00,6.6,7.0,,5.9,,85.0,0.6,2.0,284.0,213.0,1011.4,2.0,0.0,,
2025-07-12 03:00:00,7.2,7.4,,6.9,,80.0,1.2,2.3,263.0,268.0,1011.5,0.0,0.0,,
2025-07-12 04:00:00,7.3,7.5,,7.1,,79.0,2.1,2.9,259.0,259.0,1011.3,1.0,0.0,,
2025-07-12 05:00:00,6.5,7.3,,6.0,,82.0,0.4,2.3,0.0,264.0,1011.7,5.0,0.0,,
2025-07-12 06:00:00,6.4,6.8,11.4,6.0,5.9,82.0,1.0,2.3,272.0,268.0,1011.8,25.0,0.0,0.0,
2025-07-12 07:00:00,7.4,7.8,,6.7,,80.0,0.4,1.8,354.0,286.0,1011.8,99.0,0.0,,
2025-07-12 08:00:00,8.1,8.7,,7.2,,78.0,0.2,1.1,48.0,48.0,1011.9,187.0,0.0,,
2025-07-12 09:00:00,8.5,8.9,,8.1,,73.0,0.5,1.5,19.0,32.0,1012.0,292.0,0.0,,
2025-07-12 10:00:00,9.3,10.0,,8.7,,71.0,0.6,2.1,37.0,38.0,1012.1,403.0,0.0,,
2025-07-12 11:00:00,10.4,11.7,,9.5,,65.0,0.9,2.1,13.0,25.0,1011.6,514.0,0.0,,
2025-07-12 12:00:00,11.7,12.3,12.3,11.3,5.9,59.0,2.3,3.8,149.0,142.0,1011.5,602.0,0.0,0.0,
2025-07-12 13:00:00,11.6,12.5,,11.1,,59.0,2.8,4.4,142.0,143.0,1011.6,676.0,0.0,,
2025-07-12 14:00:00,13.2,14.2,,12.1,,53.0,1.4,3.3,63.0,139.0,1011.3,724.0,0.0,,
2025-07-12 15:00:00,13.9,14.6,,13.1,,50.0,2.4,3.8,140.0,148.0,1010.9,741.0,0.0,,
2025-07-12 16:00:00,15.3,15.8,,14.5,,44.0,1.6,3.3,143.0,133.0,1010.4,729.0,0.0,,
2025-07-12 17:00:00,15.8,16.7,,15.0,,40.0,2.1,3.6,119.0,146.0,1010.0,687.0,0.0,,
2025-07-12 18:00:00,16.6,17.0,17.0,16.0,6.7,36.0,1.3,3.1,287.0,45.0,1009.9,619.0,0.0,0.0,
2025-07-12 19:00:00,16.4,16.8,,16.1,,35.0,3.5,5.8,250.0,254.0,1009.5,542.0,0.0,,
2025-07-12 20:00:00,15.7,16.4,,15.1,,35.0,4.7,8.7,238.0,242.0,1009.5,346.0,0.0,,
2025-07-12 21:00:00,15.2,15.7,,14.8,,33.0,4.8,7.5,233.0,235.0,1009.5,273.0,0.0,,25.0
2025-07-12 22:00:00,14.7,15.0,,14.5,,32.0,4.2,6.8,234.0,234.0,1009.6,135.0,0.0,,100.0
2025-07-12 23:00:00,14.2,14.5,,13.5,,33.0,3.3,5.8,217.0,220.0,1009.6,65.0,0.0,,100.0
2025-07-13 00:00:00,11.9,14.1,17.0,10.8,10.8,49.0,0.9,4.3,18.0,68.0,1009.9,19.0,0.0,0.0,100.0
2025-07-13 01:00:00,10.2,10.7,,9.4,,60.0,0.6,2.9,326.0,325.0,1010.1,3.0,0.0,,100.0
2025-07-13 02:00:00,9.5,9.8,,9.3,,62.0,0.7,2.9,347.0,331.0,1010.1,0.0,0.0,,100.0
2025-07-13 03:00:00,8.4,9.2,,6.8,,70.0,1.3,3.8,184.0,302.0,1010.5,0.0,0.0,,100.0
2025-07-13 04:00:00,6.1,7.1,,5.7,,79.0,2.2,4.2,203.0,178.0,1010.6,0.0,0.0,,75.0
2025-07-13 05:00:00,6.3,6.9,,5.8,,80.0,0.8,3.1,174.0,181.0,1010.7,4.0,0.0,,100.0
2025-07-13 06:00:00,6.6,6.8,16.8,6.4,5.7,82.0,0.8,2.4,359.0,315.0,1011.1,18.0,0.0,0.0,100.0
2025-07-13 07:00:00,6.8,6.9,,6.7,,83.0,0.3,1.0,182.0,342.0,1011.6,46.0,0.0,,75.0
2025-07-13 08:00:00,7.1,7.3,,6.9,,82.0,0.6,1.9,3.0,116.0,1012.0,101.0,0.0,,
2025-07-13 09:00:00,7.5,7.8,,7.3,,81.0,0.4,1.3,29.0,18.0,1012.4,158.0,0.0,,50.0
2025-07-13 10:00:00,8.6,9.1,,7.8,,78.0,1.2,2.7,33.0,32.0,1012.8,316.0,0.0,,90.0
2025-07-13 11:00:00,9.2,9.7,,8.7,,78.0,1.4,3.3,153.0,85.0,1013.4,375.0,0.0,,100.0
2025-07-13 12:00:00,10.1,10.8,10.8,9.5,5.7,74.0,1.0,3.3,132.0,126.0,1013.8,513.0,0.0,0.0,40.0
2025-07-13 13:00:00,10.5,11.2,,10.1,,71.0,2.3,4.2,147.0,151.0,1014.4,718.0,0.0,,
2025-07-13 14:00:00,10.0,10.8,,9.4,,77.0,3.3,5.3,139.0,139.0,1015.0,638.0,0.0,,75.0
2025-07-13 15:00:00,10.0,10.5,,9.2,,77.0,2.9,4.7,136.0,134.0,1015.4,520.0,0.0,,25.0
2025-07-13 16:00:00,10.0,10.8,,9.3,,77.0,2.7,5.3,136.0,131.0,1015.9,543.0,0.0,,10.0
2025-07-13 17:00:00,9.5,10.4,,9.0,,77.0,3.5,5.7,142.0,149.0,1016.5,498.0,0.0,,
2025-07-13 18:00:00,8.9,9.8,11.2,8.4,6.7,78.0,4.0,6.0,152.0,151.0,1017.2,470.0,0.0,0.0,
2025-07-13 19:00:00,,,,,,,4.1,5.9,147.0,152.0,1017.9,478.0,0.0,,
2025-07-13 20:00:00,9.2,10.1,,8.2,,77.0,1.8,3.9,334.0,158.0,1018.5,379.0,0.0,,
2025-07-13 21:00:00,9.5,9.7,,9.3,,75.0,1.8,3.6,329.0,326.0,1019.1,250.0,0.0,,
2025-07-13 22:00:00,9.2,9.6,,8.8,,77.0,1.5,3.1,323.0,322.0,1019.6,125.0,0.0,,
2025-07-13 23:00:00,9.6,10.0,,9.3,,75.0,0.4,1.9,0.0,317.0,1020.2,63.0,0.0,,
2025-07-14 00:00:00,9.3,9.5,11.2,9.0,7.8,77.0,0.0,0.2,0.0,0.0,1020.5,20.0,0.0,0.0,
2025-07-14 01:00:00,8.8,9.0,,8.5,,80.0,0.0,0.1,0.0,0.0,1021.0,7.0,0.0,,
2025-07-14 02:00:00,8.4,8.5,,8.3,,81.0,0.1,1.4,0.0,177.0,1021.3,1.0,0.0,,10.0
2025-07-14 03:00:00,7.6,8.3,,6.8,,86.0,0.3,2.0,0.0,322.0,1021.7,0.0,0.0,,
2025-07-14 04:00:00,6.8,7.0,,6.6,,89.0,0.1,0.8,0.0,298.0,1022.0,0.0,0.0,,
2025-07-14 05:00:00,7.0,7.1,,6.9,,87.0,0.0,0.4,0.0,0.0,1022.4,6.0,0.0,,
2025-07-14 06:00:00,6.9,7.6,10.1,6.7,6.6,87.0,0.3,2.2,170.0,172.0,1022.6,25.0,0.0,0.0,
2025-07-14 07:00:00,7.6,8.2,,7.3,,86.0,0.5,2.0,158.0,163.0,1023.0,93.0,0.0,,
2025-07-14 08:00:00,7.9,8.5,,7.4,,85.0,0.3,2.0,13.0,112.0,1023.3,184.0,0.0,,
2025-07-14 09:00:00,8.9,9.5,,8.3,,81.0,0.4,1.7,137.0,125.0,1023.6,289.0,0.0,,
2025-07-14 10:00:00,9.5,10.1,,9.1,,77.0,0.8,2.2,24.0,35.0,1023.7,396.0,0.0,,
2025-07-14 11:00:00,10.5,11.3,,9.8,,73.0,1.3,2.5,23.0,36.0,1023.6,522.0,0.0,,25.0
2025-07-14 12:00:00,12.3,13.3,13.3,11.4,6.6,64.0,1.2,3.2,49.0,59.0,1023.6,561.0,0.0,0.0,
2025-07-14 13:00:00,13.2,13.8,,12.5,,59.0,1.7,3.6,157.0,152.0,1023.6,649.0,0.0,,
2025-07-14 14:00:00,13.7,14.5,,12.7,,56.0,2.4,4.0,124.0,143.0,1023.5,681.0,0.0,,
2025-07-14 15:00:00,14.4,14.9,,14.1,,52.0,1.8,3.3,31.0,46.0,1023.2,687.0,0.0,,
2025-07-14 16:00:00,14.9,15.5,,14.3,,49.0,2.3,5.6,280.0,276.0,1022.8,676.0,0.0,,
2025-07-14 17:00:00,15.9,16.4,,15.4,,47.0,1.9,5.7,270.0,293.0,1022.5,665.0,0.0,,
2025-07-14 18:00:00,15.8,16.3,16.4,15.4,7.3,46.0,3.7,6.6,260.0,265.0,1022.3,553.0,0.0,0.0,
2025-07-14 19:00:00,,,,,,,,,,,1022.0,514.0,,,
2025-07-14 20:00:00,15.8,16.3,,15.2,,47.0,3.0,6.8,293.0,293.0,1021.8,412.0,0.0,,
2025-07-14 21:00:00,15.5,16.2,,14.8,,47.0,2.9,5.9,286.0,296.0,1021.6,306.0,0.0,,
2025-07-14 22:00:00,14.6,15.5,,13.9,,54.0,1.4,5.9,329.0,332.0,1021.7,203.0,0.0,,
2025-07-14 23:00:00,12.0,13.9,,11.3,,63.0,1.2,2.7,316.0,316.0,1021.6,96.0,0.0,,
2025-07-15 00:00:00,11.1,11.8,16.4,10.4,10.4,66.0,0.5,2.2,0.0,325.0,1021.5,26.0,0.0,0.0,
2025-07-15 01:00:00,9.6,10.4,,9.1,,74.0,0.9,3.1,158.0,179.0,1021.5,7.0,0.0,,
2025-07-15 02:00:00,7.4,9.1,,6.6,,81.0,2.9,4.9,172.0,162.0,1021.2,0.0,0.0,,
2025-07-15 03:00:00,6.6,7.3,,6.0,,86.0,1.6,3.6,165.0,175.0,1020.8,0.0,0.0,,
2025-07-15 04:00:00,6.1,6.7,,5.6,,89.0,1.4,3.6,294.0,178.0,1020.4,1.0,0.0,,
2025-07-15 05:00:00,6.9,7.1,,6.7,,87.0,0.6,1.9,153.0,305.0,1020.0,5.0,0.0,,
2025-07-15 06:00:00,6.5,7.0,16.4,6.1,5.6,88.0,0.6,2.3,167.0,164.0,1019.8,22.0,0.0,0.0,
2025-07-15 07:00:00,7.0,7.8,,6.3,,87.0,0.4,1.5,357.0,226.0,1019.6,87.0,0.0,,
2025-07-15 08:00:00,8.2,8.6,,7.9,,84.0,0.3,1.4,45.0,23.0,1019.4,176.0,0.0,,
2025-07-15 09:00:00,9.3,9.6,,8.7,,79.0,0.4,1.6,52.0,38.0,1019.1,278.0,0.0,,
2025-07-15 10:00:00,10.4,10.9,,9.7,,71.0,1.4,3.7,136.0,132.0,1019.1,389.0,0.0,,
2025-07-15 11:00:00,11.2,12.0,,10.6,,64.0,1.9,3.7,157.0,141.0,1018.9,496.0,0.0,,
2025-07-15 12:00:00,12.4,13.0,13.0,11.9,5.6,59.0,1.6,3.1,23.0,75.0,1018.7,585.0,0.0,0.0,
2025-07-15 13:00:00,12.7,13.6,,12.1,,57.0,1.9,4.2,156.0,113.0,1018.3,661.0,0.0,,
2025-07-15 14:00:00,13.7,14.6,,12.8,,53.0,2.4,4.4,159.0,157.0,1017.9,708.0,0.0,,
2025-07-15 15:00:00,12.8,14.3,,12.0,,57.0,2.6,4.7,14.0,155.0,1017.8,723.0,0.0,,
2025-07-15 16:00:00,12.9,14.1,,11.6,,55.0,2.1,4.4,3.0,322.0,1017.9,700.0,0.0,,
2025-07-15 17:00:00,12.5,13.4,,11.1,,57.0,1.6,3.4,328.0,225.0,1018.1,664.0,0.0,,
2025-07-15 18:00:00,11.5,12.9,14.6,9.0,6.3,63.0,2.5,4.4,163.0,281.0,1018.4,586.0,0.0,0.0,
2025-07-15 19:00:00,9.4,11.2,,8.7,,75.0,2.9,4.8,291.0,162.0,1018.6,495.0,0.0,,
2025-07-15 20:00:00,11.4,12.4,,10.3,,65.0,1.5,3.4,162.0,323.0,1018.7,384.0,0.0,,10.0
2025-07-15 21:00:00,9.9,10.3,,9.4,,73.0,1.9,3.4,170.0,165.0,1018.8,280.0,0.0,,90.0
2025-07-15 22:00:00,9.8,10.6,,9.0,,72.0,2.1,3.9,162.0,167.0,1019.5,188.0,0.0,,100.0
2025-07-15 23:00:00,10.5,10.9,,10.3,,66.0,1.6,3.2,354.0,322.0,1019.1,92.0,0.0,,100.0
2025-07-16 00:00:00,10.1,10.5,14.6,8.8,8.7,68.0,0.9,5.2,158.0,159.0,1019.3,27.0,0.0,0.0,60.0
2025-07-16 01:00:00,8.8,9.5,,8.1,,75.0,2.0,4.5,227.0,153.0,1019.7,6.0,0.0,,50.0
2025-07-16 02:00:00,8.1,8.6,,7.3,,80.0,1.6,4.1,301.0,185.0,1019.9,0.0,0.0,,100.0
2025-07-16 03:00:00,8.8,9.4,,8.5,,78.0,1.0,2.5,302.0,319.0,1019.0,0.0,0.0,,100.0
2025-07-16 04:00:00,8.9,9.7,,7.8,,76.0,1.5,5.8,156.0,155.0,1019.0,0.0,0.0,,100.0
2025-07-16 05:00:00,8.9,9.6,,8.5,,76.0,2.0,4.1,254.0,260.0,1018.7,3.0,0.0,,10.0
2025-07-16 06:00:00,9.0,9.5,12.4,8.5,7.3,77.0,0.6,3.7,320.0,283.0,1019.0,16.0,0.0,0.0,
2025-07-16 07:00:00,9.2,9.9,,8.8,,79.0,0.9,3.1,316.0,173.0,1018.9,89.0,0.0,,
2025-07-16 08:00:00,10.1,10.6,,9.6,,75.0,0.3,2.1,148.0,57.0,1018.7,171.0,0.0,,
2025-07-16 09:00:00,10.9,11.8,,10.2,,67.0,1.3,2.9,16.0,142.0,1018.5,270.0,0.0,,
2025-07-16 10:00:00,11.4,11.9,,11.1,,64.0,1.1,2.3,24.0,28.0,1018.1,371.0,0.0,,
2025-07-16 11:00:00,12.4,12.8,,11.4,,60.0,1.0,3.3,30.0,42.0,1017.8,475.0,0.0,,
2025-07-16 12:00:00,13.9,14.9,14.9,12.7,7.3,51.0,1.0,3.6,141.0,110.0,1017.4,582.0,0.0,0.0,
2025-07-16 13:00:00,14.3,15.1,,13.2,,47.0,3.3,6.0,156.0,149.0,1017.1,654.0,0.0,,
2025-07-16 14:00:00,14.6,15.4,,13.7,,44.0,3.1,5.4,140.0,146.0,1016.8,701.0,0.0,,
2025-07-16 15:00:00,15.7,16.3,,15.0,,43.0,2.2,4.2,131.0,131.0,1016.1,721.0,0.0,,25.0
2025-07-16 16:00:00,15.6,16.4,,15.1,,41.0,3.4,5.6,136.0,140.0,1015.6,522.0,0.0,,100.0
2025-07-16 17:00:00,15.8,16.7,,15.5,,39.0,3.7,6.0,137.0,138.0,1015.4,519.0,0.0,,100.0
2025-07-16 18:00:00,15.4,16.3,16.7,14.4,8.8,41.0,3.8,5.7,151.0,146.0,1015.1,427.0,0.0,0.0,25.0
2025-07-16 19:00:00,14.5,15.3,,13.8,,45.0,2.6,4.7,166.0,157.0,1015.0,315.0,0.0,,40.0
2025-07-16 20:00:00,14.3,15.2,,13.1,,45.0,1.7,4.2,155.0,153.0,1014.8,226.0,0.0,,
2025-07-16 21:00:00,13.2,13.6,,12.6,,47.0,2.0,3.8,149.0,155.0,1014.5,147.0,0.0,,60.0
2025-07-16 22:00:00,13.8,14.3,,13.5,,48.0,0.1,1.0,0.0,311.0,1014.2,90.0,0.0,,60.0
2025-07-16 23:00:00,12.0,13.5,,8.9,,56.0,2.0,7.3,154.0,149.0,1014.4,42.0,0.0,,90.0
2025-07-17 00:00:00,10.9,11.2,16.7,9.7,8.9,50.0,3.1,6.3,157.0,158.0,1014.1,28.0,0.0,0.0,100.0
2025-07-17 01:00:00,11.0,11.8,,10.5,,53.0,1.1,2.9,55.0,339.0,1013.7,6.0,0.0,,100.0
2025-07-17 02:00:00,10.3,10.7,,10.1,,54.0,0.1,0.9,0.0,54.0,1013.2,0.0,0.0,,100.0
2025-07-17 03:00:00,10.9,11.2,,10.5,,53.0,0.4,1.8,212.0,234.0,1012.7,0.0,0.0,,100.0
2025-07-17 04:00:00,9.1,10.2,,8.9,,65.0,2.1,3.4,154.0,156.0,1012.4,0.0,0.0,,100.0
2025-07-17 05:00:00,9.3,9.6,,9.0,,64.0,0.3,2.1,310.0,204.0,1012.2,3.0,0.0,,25.0
2025-07-17 06:00:00,8.8,9.4,15.3,8.4,8.4,72.0,0.0,0.9,257.0,0.0,1012.4,19.0,0.0,0.0,100.0
2025-07-17 07:00:00,9.5,9.8,,9.0,,65.0,0.6,2.1,341.0,278.0,1012.3,40.0,0.0,,10.0
2025-07-17 08:00:00,10.2,11.2,,9.0,,68.0,0.7,2.1,37.0,305.0,1012.0,168.0,0.0,,100.0
2025-07-17 09:00:00,11.8,12.7,,10.4,,57.0,0.4,1.9,9.0,7.0,1011.8,285.0,0.0,,100.0
2025-07-17 10:00:00,11.9,12.6,,11.2,,54.0,1.8,3.1,153.0,145.0,1011.8,164.0,0.0,,100.0
2025-07-17 11:00:00,11.4,11.6,,11.0,,54.0,2.3,3.5,153.0,154.0,1011.8,143.0,0.0,,100.0
2025-07-17 12:00:00,10.9,11.8,12.7,10.4,8.4,55.0,3.1,5.3,157.0,154.0,1011.8,112.0,0.0,0.0,100.0
2025-07-17 13:00:00,10.9,11.4,,10.2,,57.0,1.4,3.3,155.0,163.0,1011.8,54.0,0.0,,100.0
2025-07-17 14:00:00,10.6,11.0,,10.1,,61.0,0.6,2.9,177.0,170.0,1011.8,36.0,0.0,,100.0
2025-07-17 15:00:00,10.4,10.6,,10.2,,71.0,0.1,1.6,323.0,325.0,1011.5,51.0,0.5,,100.0
2025-07-17 16:00:00,9.9,10.3,,9.7,,78.0,0.3,1.8,263.0,307.0,1011.1,56.0,0.4,,100.0
2025-07-17 17:00:00,10.9,11.3,,10.4,,79.0,1.5,2.5,283.0,266.0,1010.9,70.0,0.0,,100.0
2025-07-17 18:00:00,11.7,12.2,12.7,11.2,9.0,81.0,1.0,3.3,335.0,275.0,1010.9,77.0,0.0,0.8,100.0
2025-07-17 19:00:00,11.9,12.4,,10.8,,73.0,0.8,3.2,258.0,174.0,1010.9,37.0,0.0,,100.0
2025-07-17 20:00:00,12.5,12.6,,12.4,,70.0,0.3,1.8,149.0,49.0,1011.1,40.0,0.0,,100.0
2025-07-17 21:00:00,13.0,13.3,,12.7,,73.0,0.4,1.6,275.0,265.0,1011.0,29.0,0.0,,100.0
2025-07-17 22:00:00,12.7,13.4,,11.9,,75.0,0.5,2.0,126.0,144.0,1011.1,22.0,0.0,,100.0
2025-07-17 23:00:00,13.3,13.5,,12.4,,62.0,0.5,2.7,22.0,20.0,1011.2,17.0,0.0,,100.0
2025-07-18 00:00:00,13.1,13.3,13.5,13.0,9.7,63.0,0.6,1.9,163.0,331.0,1011.5,5.0,0.0,0.8,100.0
2025-07-18 01:00:00,13.0,13.3,,12.7,,63.0,0.7,2.8,9.0,30.0,1011.6,0.0,0.0,,100.0
2025-07-18 02:00:00,12.5,12.9,,11.6,,67.0,0.9,3.6,161.0,175.0,1011.8,0.0,0.0,,100.0
2025-07-18 03:00:00,11.8,12.1,,11.4,,72.0,1.9,4.5,320.0,155.0,1011.8,0.0,0.0,,100.0
2025-07-18 04:00:00,11.1,11.5,,10.8,,79.0,0.3,2.0,288.0,304.0,1011.8,0.0,0.0,,100.0
2025-07-18 05:00:00,11.2,11.7,,10.5,,79.0,1.0,3.0,167.0,207.0,1012.0,1.0,0.0,,100.0
2025-07-18 06:00:00,11.1,11.6,13.5,9.3,9.3,77.0,1.2,5.9,141.0,158.0,1012.7,1.0,0.0,0.8,100.0
2025-07-18 07:00:00,8.9,9.8,,8.0,,92.0,2.1,5.9,315.0,158.0,1013.1,7.0,0.5,,100.0
2025-07-18 08:00:00,9.4,9.6,,9.4,,94.0,0.4,1.8,0.0,341.0,1013.4,29.0,0.0,,100.0
2025-07-18 09:00:00,10.0,10.4,,9.4,,92.0,0.0,0.7,0.0,0.0,1014.0,46.0,0.2,,100.0
2025-07-18 10:00:00,10.3,10.6,,10.2,,91.0,0.4,1.7,151.0,152.0,1014.2,59.0,0.1,,100.0
2025-07-18 11:00:00,10.5,10.8,,10.1,,92.0,0.5,2.2,152.0,164.0,1014.4,104.0,0.0,,100.0
2025-07-18 12:00:00,10.4,10.6,13.3,9.9,8.0,90.0,1.9,2.9,161.0,156.0,1014.7,188.0,0.0,1.6,100.0
2025-07-18 13:00:00,10.7,11.4,,9.9,,89.0,0.7,2.3,22.0,159.0,1014.9,213.0,0.0,,100.0
2025-07-18 14:00:00,11.3,11.7,,11.0,,85.0,0.8,2.0,6.0,335.0,1014.7,219.0,0.0,,100.0
2025-07-18 15:00:00,12.0,12.6,,11.7,,82.0,0.7,1.8,31.0,33.0,1014.2,278.0,0.0,,100.0
2025-07-18 16:00:00,13.0,13.6,,12.7,,77.0,0.5,1.6,53.0,38.0,1013.8,333.0,0.0,,100.0
2025-07-18 17:00:00,13.5,14.5,,11.4,,76.0,2.0,4.1,161.0,156.0,1013.5,433.0,0.0,,100.0
2025-07-18 18:00:00,10.9,12.1,14.5,10.4,8.0,82.0,2.3,4.1,221.0,173.0,1013.2,304.0,0.0,0.7,100.0
2025-07-18 19:00:00,10.8,12.4,,9.8,,81.0,1.8,3.5,167.0,173.0,1013.2,346.0,0.0,,100.0
2025-07-18 20:00:00,10.8,12.0,,9.4,,82.0,1.1,3.1,345.0,208.0,1012.8,254.0,0.0,,100.0
2025-07-18 21:00:00,11.6,13.6,,11.2,,81.0,1.1,6.0,266.0,319.0,1012.5,178.0,0.0,,
2025-07-18 22:00:00,13.1,13.7,,11.7,,77.0,2.8,6.7,256.0,258.0,1012.3,149.0,0.0,,25.0
2025-07-18 23:00:00,13.0,13.2,,12.2,,78.0,3.2,6.3,246.0,246.0,1012.0,71.0,0.0,,
2025-07-19 00:00:00,12.6,13.0,14.5,12.3,9.4,79.0,3.7,6.6,246.0,255.0,1011.6,24.0,0.0,0.7,
2025-07-19 01:00:00,12.1,12.5,,11.7,,80.0,3.6,6.3,255.0,255.0,1011.5,5.0,0.0,,
2025-07-19 02:00:00,11.6,11.9,,11.4,,82.0,3.5,5.3,258.0,259.0,1011.2,0.0,0.0,,
2025-07-19 03:00:00,11.6,12.1,,11.2,,80.0,2.4,5.4,265.0,254.0,1010.9,0.0,0.0,,
2025-07-19 04:00:00,10.6,11.4,,9.8,,85.0,1.2,3.9,0.0,289.0,1010.5,0.0,0.0,,60.0
2025-07-19 05:00:00,10.4,10.8,,10.0,,86.0,0.2,1.4,204.0,196.0,1010.1,3.0,0.0,,25.0
2025-07-19 06:00:00,9.9,10.5,13.7,9.2,9.2,87.0,0.3,1.6,266.0,288.0,1010.0,19.0,0.0,0.7,
2025-07-19 07:00:00,10.6,10.9,,10.2,,84.0,0.3,1.5,162.0,185.0,1009.9,63.0,0.0,,
2025-07-19 08:00:00,10.5,11.3,,10.0,,86.0,0.2,1.2,41.0,342.0,1009.7,137.0,0.0,,
2025-07-19 09:00:00,10.9,11.8,,10.1,,83.0,0.5,2.3,3.0,26.0,1009.5,211.0,0.0,,
2025-07-19 10:00:00,10.1,11.1,,9.3,,85.0,2.6,4.3,161.0,161.0,1009.3,306.0,0.0,,
2025-07-19 11:00:00,11.6,12.9,,10.9,,80.0,1.6,3.9,157.0,159.0,1009.0,454.0,0.0,,
2025-07-19 12:00:00,10.8,11.8,12.9,10.1,9.2,82.0,3.7,5.2,142.0,146.0,1009.0,552.0,0.0,0.0,
2025-07-19 13:00:00,11.9,13.7,,9.9,,77.0,2.1,5.1,20.0,144.0,1008.8,624.0,0.0,,
2025-07-19 14:00:00,13.8,14.7,,13.4,,68.0,1.9,2.8,25.0,23.0,1008.8,663.0,0.0,,
2025-07-19 15:00:00,15.4,16.1,,14.7,,60.0,1.4,3.5,60.0,65.0,1008.7,680.0,0.0,,
2025-07-19 16:00:00,14.8,15.4,,13.7,,62.0,2.7,4.4,33.0,53.0,1008.8,669.0,0.0,,
2025-07-19 17:00:00,13.9,14.5,,13.4,,66.0,2.4,4.4,74.0,39.0,1008.8,624.0,0.0,,
2025-07-19 18:00:00,12.6,13.7,16.1,11.0,9.3,71.0,2.3,4.2,14.0,40.0,1009.2,554.0,0.0,0.0,
2025-07-19 19:00:00,10.2,10.9,,9.8,,81.0,1.6,3.0,12.0,15.0,1009.4,458.0,0.0,,
2025-07-19 20:00:00,10.4,10.8,,9.9,,80.0,1.1,2.4,29.0,23.0,1009.2,349.0,0.0,,
2025-07-19 21:00:00,10.8,11.0,,10.4,,80.0,1.2,2.2,20.0,22.0,1009.1,254.0,0.0,,
2025-07-19 22:00:00,10.3,10.9,,9.5,,83.0,1.4,2.2,25.0,23.0,1009.4,136.0,0.0,,10.0
2025-07-19 23:00:00,8.8,9.6,,8.0,,91.0,1.0,2.4,162.0,37.0,1009.5,59.0,0.0,,
2025-07-20 00:00:00,7.7,8.1,16.1,7.4,7.4,96.0,0.8,2.5,359.0,191.0,1009.7,19.0,0.0,0.0,100.0
2025-07-20 01:00:00,7.9,8.1,,7.8,,97.0,0.6,1.4,52.0,17.0,1009.9,2.0,0.0,,100.0
2025-07-20 02:00:00,7.9,8.1,,7.7,,98.0,0.9,2.2,128.0,118.0,1010.0,0.0,0.0,,100.0
2025-07-20 03:00:00,7.7,7.8,,7.5,,99.0,0.8,2.1,80.0,104.0,1010.0,0.0,0.0,,100.0
2025-07-20 04:00:00,7.5,7.8,,7.4,,99.0,0.7,2.5,0.0,129.0,1009.7,0.0,0.0,,100.0
2025-07-20 05:00:00,7.8,7.9,,7.7,,99.0,0.7,1.9,26.0,23.0,1009.3,1.0,0.0,,100.0
2025-07-20 06:00:00,7.8,7.9,11.0,7.6,7.4,99.0,0.8,1.8,149.0,112.0,1009.5,9.0,0.0,0.0,100.0
2025-07-20 07:00:00,7.5,7.7,,7.3,,99.0,1.2,2.4,142.0,142.0,1009.6,18.0,0.0,,100.0
2025-07-20 08:00:00,7.7,7.9,,7.4,,99.0,,,,,1009.5,60.0,0.0,,100.0
2025-07-20 09:00:00,7.8,8.1,,7.4,,98.0,0.7,3.6,323.0,140.0,1009.4,52.0,0.0,,90.0
2025-07-20 10:00:00,8.4,8.5,,8.0,,95.0,0.8,3.1,142.0,112.0,1009.5,64.0,0.0,,100.0
2025-07-20 11:00:00,7.7,8.1,,7.4,,95.0,2.8,4.8,155.0,149.0,1009.7,85.0,0.0,,100.0
2025-07-20 12:00:00,8.7,9.2,9.2,8.1,7.3,91.0,0.9,2.7,71.0,142.0,1009.7,75.0,0.0,0.0,100.0
2025-07-20 13:00:00,8.5,9.2,,7.9,,91.0,2.6,5.1,151.0,148.0,1010.2,87.0,0.0,,100.0
2025-07-20 14:00:00,9.4,9.9,,8.3,,87.0,1.1,3.6,32.0,90.0,1010.1,153.0,0.0,,100.0
2025-07-20 15:00:00,9.9,10.7,,9.4,,85.0,0.7,2.3,36.0,60.0,1010.1,188.0,0.0,,100.0
2025-07-20 16:00:00,10.1,10.4,,9.8,,84.0,1.3,4.9,147.0,107.0,1010.2,165.0,0.0,,100.0
2025-07-20 17:00:00,10.3,10.6,,9.9,,79.0,2.4,4.9,134.0,143.0,1010.3,82.0,0.0,,100.0
2025-07-20 18:00:00,10.2,10.4,10.7,9.8,7.3,78.0,2.1,4.3,141.0,137.0,1010.5,60.0,0.0,0.0,100.0
2025-07-20 19:00:00,9.7,9.9,,9.4,,78.0,2.3,4.2,127.0,131.0,,85.0,0.0,,
2025-07-20 20:00:00,9.5,9.6,,9.4,,74.0,2.0,4.0,126.0,134.0,1010.7,88.0,0.0,,100.0
2025-07-20 21:00:00,9.6,9.8,,9.5,,70.0,0.7,2.4,77.0,120.0,1010.7,66.0,0.0,,100.0
2025-07-20 22:00:00,9.5,9.8,,9.2,,71.0,0.8,2.5,136.0,135.0,1010.7,30.0,0.0,,100.0
2025-07-20 23:00:00,9.3,9.6,,9.1,,74.0,0.3,1.8,0.0,135.0,1010.8,16.0,0.0,,100.0
2025-07-21 00:00:00,8.9,9.1,10.7,8.6,7.9,81.0,0.9,2.4,5.0,340.0,1010.5,5.0,0.0,0.0,100.0
2025-07-21 01:00:00,8.7,8.8,,8.6,,84.0,0.8,2.0,165.0,130.0,1010.5,0.0,0.0,,100.0
2025-07-21 02:00:00,8.3,9.0,,7.3,,83.0,1.9,3.6,152.0,147.0,1010.6,0.0,0.0,,100.0
2025-07-21 03:00:00,7.1,7.3,,6.7,,90.0,2.6,4.4,152.0,152.0,1010.6,0.0,0.0,,100.0
2025-07-21 04:00:00,6.7,7.1,,6.6,,93.0,1.8,3.4,171.0,157.0,1010.3,0.0,0.0,,100.0
2025-07-21 05:00:00,7.3,7.5,,7.0,,90.0,0.3,1.3,17.0,326.0,1010.0,0.0,0.0,,100.0
2025-07-21 06:00:00,7.5,7.5,9.9,7.5,6.6,90.0,0.0,0.5,0.0,0.0,1010.0,3.0,0.0,0.0,100.0
2025-07-21 07:00:00,7.6,7.7,,7.5,,90.0,0.0,0.7,34.0,0.0,1009.9,13.0,0.0,,100.0
2025-07-21 08:00:00,7.9,8.2,,7.7,,90.0,0.0,0.8,0.0,0.0,1009.8,47.0,0.0,,100.0
2025-07-21 09:00:00,8.4,8.7,,8.1,,88.0,0.5,3.4,136.0,111.0,1009.7,88.0,0.0,,100.0
2025-07-21 10:00:00,8.2,8.9,,7.8,,85.0,2.0,3.7,131.0,147.0,1009.7,84.0,0.0,,100.0
2025-07-21 11:00:00,9.1,9.4,,8.9,,82.0,0.4,1.5,135.0,134.0,1009.7,111.0,0.0,,100.0
2025-07-21 12:00:00,9.0,9.4,9.4,8.6,6.6,82.0,1.4,2.6,140.0,135.0,1009.8,154.0,0.0,0.0,100.0
2025-07-21 13:00:00,9.1,9.7,,8.8,,83.0,0.7,2.3,31.0,165.0,1010.0,102.0,0.0,,100.0
2025-07-21 14:00:00,8.9,9.8,,8.5,,85.0,1.5,2.8,162.0,164.0,1010.0,136.0,0.0,,100.0
2025-07-21 15:00:00,8.8,9.5,,8.2,,84.0,2.4,3.8,153.0,154.0,1010.0,112.0,0.0,,100.0
2025-07-21 16:00:00,8.4,8.7,,8.0,,86.0,2.4,4.1,148.0,150.0,1010.0,126.0,0.0,,100.0
2025-07-21 17:00:00,8.9,9.1,,8.6,,84.0,1.4,2.7,162.0,159.0,1009.9,130.0,0.0,,100.0
2025-07-21 18:00:00,9.4,9.7,9.8,9.2,7.5,83.0,0.5,1.8,34.0,132.0,1009.7,122.0,0.0,0.0,100.0
2025-07-21 19:00:00,9.3,9.8,,9.0,,82.0,1.5,3.1,155.0,142.0,1009.9,106.0,0.0,,100.0
2025-07-21 20:00:00,9.3,9.4,,9.1,,82.0,1.2,2.3,161.0,152.0,1009.9,77.0,0.0,,100.0
2025-07-21 21:00:00,9.5,9.7,,9.0,,82.0,0.5,2.0,156.0,154.0,1009.9,75.0,0.0,,100.0
2025-07-21 22:00:00,8.6,9.1,,8.2,,86.0,1.2,2.7,178.0,167.0,1010.1,50.0,0.0,,100.0
2025-07-21 23:00:00,8.9,9.2,,8.5,,85.0,0.8,2.0,0.0,329.0,1010.1,25.0,0.0,,100.0
2025-07-22 00:00:00,8.4,8.8,9.8,8.0,8.0,88.0,1.0,2.5,200.0,172.0,1010.4,8.0,0.0,0.0,100.0
2025-07-22 01:00:00,8.2,8.5,,7.8,,88.0,0.8,2.6,356.0,165.0,1010.5,1.0,0.0,,100.0
2025-07-22 02:00:00,8.3,8.5,,8.1,,90.0,0.2,1.1,0.0,318.0,1010.4,0.0,0.0,,100.0
2025-07-22 03:00:00,8.2,8.3,,8.1,,90.0,0.0,0.2,0.0,0.0,1010.4,0.0,0.0,,100.0
2025-07-22 04:00:00,8.2,8.3,,8.0,,89.0,0.0,0.7,0.0,0.0,1010.3,0.0,0.0,,100.0
2025-07-22 05:00:00,8.4,8.5,,8.3,,89.0,0.6,2.3,153.0,151.0,1010.5,0.0,0.1,,100.0
2025-07-22 06:00:00,8.0,8.3,9.8,7.7,7.7,91.0,1.0,2.1,167.0,162.0,1010.7,3.0,0.0,0.0,100.0
2025-07-22 07:00:00,8.1,8.3,,7.9,,89.0,0.4,1.6,8.0,153.0,1011.0,12.0,0.0,,100.0
2025-07-22 08:00:00,8.3,8.4,,8.2,,91.0,0.0,0.7,0.0,0.0,1011.3,35.0,0.1,,100.0
2025-07-22 09:00:00,8.5,8.7,,8.4,,92.0,1.0,2.1,163.0,161.0,1011.7,51.0,0.0,,100.0
2025-07-22 10:00:00,8.5,8.7,,8.3,,93.0,0.3,1.4,0.0,177.0,1011.9,91.0,0.1,,100.0
2025-07-22 11:00:00,8.9,9.1,,8.6,,91.0,0.9,2.4,166.0,163.0,1012.4,154.0,0.0,,100.0
2025-07-22 12:00:00,9.4,9.6,9.6,9.1,7.7,89.0,0.8,2.3,5.0,62.0,1012.7,176.0,0.0,0.2,100.0
2025-07-22 13:00:00,9.7,9.9,,9.3,,87.0,0.6,2.8,145.0,54.0,1013.0,184.0,0.0,,100.0
2025-07-22 14:00:00,9.7,10.3,,9.4,,84.0,2.4,4.0,138.0,150.0,1013.3,307.0,0.0,,100.0
2025-07-22 15:00:00,9.3,9.5,,8.8,,84.0,3.2,4.7,160.0,151.0,1013.4,369.0,0.0,,100.0
2025-07-22 16:00:00,8.8,8.9,,8.6,,86.0,3.1,4.7,161.0,162.0,1013.3,303.0,0.0,,100.0
2025-07-22 17:00:00,8.7,9.0,,8.2,,87.0,2.9,4.6,163.0,157.0,1013.6,238.0,0.0,,100.0
2025-07-22 18:00:00,7.6,8.4,10.3,7.3,7.3,90.0,4.1,6.4,161.0,160.0,1014.0,217.0,0.0,0.2,100.0
2025-07-22 19:00:00,7.2,7.3,,7.0,,91.0,3.2,5.7,152.0,161.0,,142.0,0.0,,100.0
2025-07-22 20:00:00,7.1,7.2,,6.9,,92.0,2.5,3.8,149.0,156.0,1014.5,92.0,0.0,,100.0
2025-07-22 21:00:00,7.0,7.3,,6.6,,92.0,2.9,4.7,158.0,164.0,1014.6,75.0,0.0,,100.0
2025-07-22 22:00:00,6.8,7.0,,6.6,,94.0,1.8,3.8,170.0,157.0,1014.6,40.0,0.0,,100.0
2025-07-22 23:00:00,6.5,7.0,,6.3,,95.0,2.6,4.9,167.0,165.0,1014.7,25.0,0.0,,100.0
2025-07-23 00:00:00,6.2,6.3,10.3,6.1,6.1,94.0,2.6,4.8,165.0,163.0,1015.0,6.0,0.0,0.2,100.0
2025-07-23 01:00:00,6.2,6.3,,6.1,,93.0,2.5,4.7,147.0,166.0,1015.0,0.0,0.0,,100.0
2025-07-23 02:00:00,6.5,6.7,,6.2,,92.0,1.1,2.6,321.0,160.0,1014.9,0.0,0.0,,100.0
2025-07-23 03:00:00,6.4,6.6,,6.4,,93.0,0.9,2.4,316.0,335.0,1014.6,0.0,0.0,,100.0
2025-07-23 04:00:00,6.7,7.0,,6.6,,93.0,0.8,1.9,56.0,345.0,1014.3,0.0,0.0,,100.0
2025-07-23 05:00:00,6.9,7.1,,6.8,,93.0,0.4,1.3,306.0,180.0,1014.0,0.0,0.0,,100.0
2025-07-23 06:00:00,7.2,7.3,7.3,7.1,6.1,93.0,0.2,1.1,0.0,341.0,1013.6,3.0,0.0,0.2,100.0
2025-07-23 07:00:00,7.6,7.7,,7.3,,92.0,0.2,1.5,153.0,150.0,1013.0,11.0,0.0,,100.0
2025-07-23 08:00:00,7.7,7.8,,7.6,,91.0,1.1,3.2,156.0,160.0,1012.8,25.0,0.0,,100.0
2025-07-23 09:00:00,7.8,8.0,,7.4,,90.0,0.7,2.5,149.0,160.0,1012.7,42.0,0.0,,100.0
2025-07-23 10:00:00,7.4,7.8,,7.2,,89.0,1.1,2.5,164.0,149.0,1012.5,74.0,0.0,,100.0
2025-07-23 11:00:00,8.2,8.7,,7.6,,88.0,0.9,2.4,37.0,349.0,1011.7,159.0,0.0,,100.0
2025-07-23 12:00:00,8.8,9.8,9.8,7.9,6.1,85.0,1.2,3.5,31.0,140.0,1010.9,282.0,0.0,0.0,100.0
2025-07-23 13:00:00,9.5,10.3,,8.4,,82.0,2.0,5.0,145.0,118.0,1010.7,375.0,0.0,,100.0
2025-07-23 14:00:00,8.3,8.6,,7.9,,87.0,3.9,6.2,146.0,147.0,1010.6,325.0,0.0,,100.0
2025-07-23 15:00:00,8.9,9.2,,8.5,,84.0,3.1,4.9,140.0,138.0,1010.3,395.0,0.0,,100.0
2025-07-23 16:00:00,9.0,9.4,,8.6,,82.0,2.2,4.4,150.0,148.0,1009.5,277.0,0.0,,100.0
2025-07-23 17:00:00,8.5,10.0,,7.8,,84.0,3.2,6.4,148.0,148.0,1009.2,225.0,0.0,,100.0
2025-07-23 18:00:00,7.3,8.0,10.3,7.0,7.0,89.0,4.0,6.4,148.0,150.0,1009.3,116.0,0.0,0.0,100.0
2025-07-23 19:00:00,7.1,7.4,,6.9,,90.0,3.0,5.4,168.0,159.0,1009.2,60.0,0.0,,100.0
2025-07-23 20:00:00,7.0,7.3,,6.9,,91.0,1.9,3.6,154.0,156.0,1008.5,36.0,0.0,,100.0
2025-07-23 21:00:00,7.5,7.8,,7.1,,89.0,0.5,2.2,22.0,115.0,1008.3,22.0,0.0,,100.0
2025-07-23 22:00:00,7.6,7.8,,7.5,,89.0,0.2,1.3,92.0,30.0,1008.1,13.0,0.0,,100.0
2025-07-23 23:00:00,8.1,8.4,,7.8,,88.0,0.7,3.4,0.0,111.0,1007.7,3.0,0.0,,100.0
2025-07-24 00:00:00,7.9,8.1,10.3,7.8,6.9,90.0,0.4,2.1,345.0,342.0,1007.1,2.0,0.0,0.0,100.0
2025-07-24 01:00:00,8.2,8.9,,8.0,,91.0,0.6,2.5,270.0,281.0,1006.1,0.0,0.3,,100.0
2025-07-24 02:00:00,9.2,9.7,,8.5,,92.0,1.0,2.2,256.0,256.0,1005.4,0.0,1.2,,100.0
2025-07-24 03:00:00,9.6,9.8,,9.3,,93.0,1.1,2.9,301.0,272.0,1004.7,0.0,1.3,,100.0
2025-07-24 04:00:00,9.3,9.7,,8.7,,95.0,0.4,1.9,46.0,308.0,1003.9,0.0,1.5,,100.0
2025-07-24 05:00:00,9.6,9.7,,9.4,,95.0,0.1,1.1,0.0,271.0,1002.9,0.0,0.8,,100.0
2025-07-24 06:00:00,9.6,9.8,9.8,9.4,6.9,93.0,1.9,3.4,166.0,161.0,1002.5,0.0,0.1,5.1,100.0
2025-07-24 07:00:00,9.8,9.9,,9.6,,90.0,1.2,2.7,151.0,166.0,1002.0,3.0,0.2,,100.0
2025-07-24 08:00:00,9.8,10.0,,9.6,,91.0,0.4,3.0,31.0,121.0,1001.8,6.0,0.5,,100.0
2025-07-24 09:00:00,9.8,10.0,,9.6,,90.0,0.4,2.6,29.0,23.0,1001.3,19.0,0.1,,100.0
2025-07-24 10:00:00,9.3,9.9,,8.9,,93.0,1.9,3.3,157.0,157.0,1000.9,30.0,0.1,,100.0
2025-07-24 11:00:00,8.9,9.1,,8.4,,95.0,1.8,3.7,156.0,153.0,1000.4,49.0,0.1,,100.0
2025-07-24 12:00:00,8.7,9.0,10.0,8.2,8.0,96.0,2.3,4.7,174.0,168.0,999.7,59.0,0.1,6.2,100.0
2025-07-24 13:00:00,8.4,8.8,,8.1,,96.0,2.8,4.8,162.0,158.0,999.4,60.0,0.0,,100.0
2025-07-24 14:00:00,8.7,9.3,,8.3,,92.0,2.5,4.8,167.0,164.0,999.1,61.0,0.0,,100.0
2025-07-24 15:00:00,9.0,9.3,,8.9,,93.0,1.8,3.7,144.0,133.0,998.8,119.0,0.0,,100.0
2025-07-24 16:00:00,9.3,9.6,,9.1,,91.0,1.5,4.3,345.0,156.0,998.7,142.0,0.0,,100.0
2025-07-24 17:00:00,9.4,9.6,,9.1,,89.0,0.9,2.7,6.0,106.0,998.4,107.0,0.0,,100.0
2025-07-24 18:00:00,9.4,9.7,10.0,9.1,8.1,93.0,0.5,1.8,40.0,26.0,998.2,96.0,0.9,7.1,100.0
2025-07-24 19:00:00,9.4,9.7,,9.1,,94.0,1.1,2.3,169.0,153.0,998.2,67.0,0.1,,100.0
2025-07-24 20:00:00,9.9,10.1,,9.6,,93.0,0.5,1.5,15.0,61.0,998.0,71.0,0.7,,100.0
2025-07-24 21:00:00,9.5,9.6,,9.3,,95.0,0.8,2.7,160.0,158.0,997.6,40.0,0.3,,100.0
2025-07-24 22:00:00,8.4,9.3,,8.0,,97.0,2.1,4.3,43.0,155.0,997.3,22.0,0.9,,100.0
2025-07-24 23:00:00,8.9,9.1,,8.6,,96.0,0.8,3.1,124.0,156.0,997.6,9.0,0.0,,100.0
2025-07-25 00:00:00,8.5,8.8,10.1,7.7,7.7,96.0,1.1,3.1,314.0,167.0,997.7,4.0,0.1,9.2,100.0
2025-07-25 01:00:00,9.1,9.6,,8.5,,95.0,2.3,5.7,29.0,270.0,997.2,0.0,0.5,,100.0
2025-07-25 02:00:00,8.9,9.6,,7.5,,95.0,1.9,5.8,143.0,141.0,997.5,0.0,0.2,,100.0
2025-07-25 03:00:00,7.8,8.3,,7.4,,95.0,3.3,6.7,165.0,158.0,997.7,0.0,0.0,,100.0
2025-07-25 04:00:00,8.1,8.5,,7.5,,94.0,0.7,2.4,78.0,37.0,997.6,0.0,0.0,,100.0
2025-07-25 05:00:00,7.9,8.4,,7.5,,96.0,0.6,2.3,268.0,271.0,997.8,1.0,0.0,,100.0
2025-07-25 06:00:00,8.2,8.5,10.1,8.1,7.4,95.0,0.3,1.9,142.0,65.0,998.2,3.0,0.0,4.7,100.0
2025-07-25 07:00:00,8.7,8.9,,8.3,,93.0,0.5,1.8,44.0,131.0,998.5,15.0,0.3,,100.0
2025-07-25 08:00:00,8.4,8.7,,8.2,,96.0,0.7,2.0,75.0,13.0,998.8,54.0,0.2,,100.0
2025-07-25 09:00:00,9.0,9.2,,8.7,,94.0,0.3,1.2,130.0,123.0,999.0,53.0,0.1,,100.0
2025-07-25 10:00:00,9.5,9.7,,9.2,,91.0,0.4,1.5,25.0,28.0,999.0,113.0,0.0,,100.0
2025-07-25 11:00:00,10.0,10.6,,9.2,,89.0,0.8,2.3,21.0,20.0,998.9,354.0,0.0,,100.0
2025-07-25 12:00:00,10.9,11.4,11.4,10.6,7.4,84.0,1.2,4.1,79.0,36.0,998.9,391.0,0.0,4.2,100.0
2025-07-25 13:00:00,11.5,12.1,,11.1,,82.0,1.8,3.9,146.0,141.0,998.6,523.0,0.0,,100.0
2025-07-25 14:00:00,12.1,13.0,,10.4,,79.0,1.5,3.8,159.0,131.0,998.6,480.0,0.0,,100.0
2025-07-25 15:00:00,12.3,13.8,,10.4,,76.0,1.5,3.7,2.0,139.0,998.4,566.0,0.0,,100.0
2025-07-25 16:00:00,12.2,13.6,,11.1,,75.0,3.0,4.5,151.0,142.0,998.5,664.0,0.0,,100.0
2025-07-25 17:00:00,13.3,14.2,,12.1,,70.0,2.0,4.3,160.0,148.0,998.4,538.0,0.0,,100.0
2025-07-25 18:00:00,14.6,15.0,15.0,13.8,8.2,62.0,1.5,4.6,272.0,268.0,998.3,510.0,0.0,3.3,75.0
2025-07-25 19:00:00,14.2,14.7,,13.9,,61.0,2.6,5.9,278.0,274.0,998.4,318.0,0.0,,100.0
2025-07-25 20:00:00,14.2,14.7,,13.8,,61.0,3.0,5.8,267.0,262.0,998.8,303.0,0.0,,90.0
2025-07-25 21:00:00,13.9,14.4,,13.8,,63.0,3.1,5.6,263.0,257.0,998.8,159.0,0.0,,100.0
2025-07-25 22:00:00,13.6,13.9,,13.5,,64.0,3.4,6.1,255.0,267.0,998.9,102.0,0.0,,100.0
2025-07-25 23:00:00,13.3,13.6,,12.9,,65.0,4.0,6.7,254.0,258.0,999.2,71.0,0.0,,90.0
2025-07-26 00:00:00,12.7,13.1,15.0,12.5,10.4,68.0,2.0,5.0,0.0,263.0,999.6,11.0,0.0,1.2,100.0
2025-07-26 01:00:00,11.9,12.4,,11.3,,73.0,0.3,1.5,165.0,154.0,999.7,0.0,0.0,,75.0
2025-07-26 02:00:00,9.9,11.6,,9.3,,80.0,2.5,4.4,163.0,158.0,1000.1,0.0,0.0,,100.0
2025-07-26 03:00:00,9.2,9.6,,8.7,,83.0,2.5,5.0,159.0,161.0,1000.4,0.0,0.0,,100.0
2025-07-26 04:00:00,8.1,8.5,,7.9,,87.0,3.2,4.9,153.0,153.0,1000.7,0.0,0.0,,100.0
2025-07-26 05:00:00,7.9,8.3,,7.5,,89.0,2.7,4.4,149.0,147.0,1000.8,0.0,0.0,,100.0
2025-07-26 06:00:00,7.5,7.7,14.7,7.0,7.0,90.0,1.9,3.1,151.0,139.0,1001.1,5.0,0.0,0.6,100.0
2025-07-26 07:00:00,7.4,7.7,,6.9,,91.0,1.8,3.0,156.0,150.0,1001.4,27.0,0.0,,100.0
2025-07-26 08:00:00,7.3,7.7,,7.0,,92.0,0.5,2.1,0.0,171.0,1001.8,53.0,0.0,,100.0
2025-07-26 09:00:00,7.7,8.1,,7.3,,90.0,0.4,2.4,161.0,163.0,1002.0,121.0,0.0,,100.0
2025-07-26 10:00:00,8.4,8.9,,7.8,,88.0,0.2,2.8,98.0,116.0,1002.2,161.0,0.0,,100.0
2025-07-26 11:00:00,9.0,9.2,,8.9,,86.0,0.5,2.3,21.0,22.0,1002.4,205.0,0.0,,100.0
2025-07-26 12:00:00,9.3,9.7,12.4,8.8,6.9,85.0,0.3,1.5,35.0,38.0,1002.5,266.0,0.0,0.0,100.0
2025-07-26 13:00:00,10.1,10.8,,9.5,,81.0,0.7,2.6,1.0,141.0,1002.7,403.0,0.0,,100.0
2025-07-26 14:00:00,9.5,10.1,,9.0,,81.0,1.9,4.1,324.0,323.0,1002.9,479.0,0.0,,100.0
2025-07-26 15:00:00,9.3,9.9,,8.8,,81.0,2.0,3.9,351.0,330.0,1002.9,462.0,0.0,,100.0
2025-07-26 16:00:00,9.9,10.4,,9.5,,79.0,1.6,3.6,19.0,16.0,1003.1,497.0,0.0,,100.0
2025-07-26 17:00:00,10.0,10.3,,9.6,,79.0,1.7,3.5,33.0,21.0,1003.4,561.0,0.0,,100.0
2025-07-26 18:00:00,9.4,10.0,10.8,8.7,6.9,81.0,1.9,3.3,14.0,19.0,1003.7,579.0,0.0,0.0,
2025-07-26 19:00:00,8.0,9.1,,7.4,,87.0,1.5,3.0,9.0,3.0,1004.1,481.0,0.0,,
2025-07-26 20:00:00,8.4,8.8,,7.9,,85.0,1.4,3.1,3.0,358.0,1004.6,379.0,0.0,,
2025-07-26 21:00:00,8.1,8.5,,7.8,,85.0,1.6,2.6,13.0,12.0,1004.9,270.0,0.0,,
2025-07-26 22:00:00,8.1,8.5,,7.9,,85.0,1.0,2.7,328.0,323.0,1005.4,164.0,0.0,,
2025-07-26 23:00:00,7.1,8.2,,6.9,,90.0,1.1,2.9,308.0,358.0,1005.9,45.0,0.0,,100.0
2025-07-27 00:00:00,6.8,7.0,10.8,6.8,6.8,92.0,1.3,3.4,316.0,320.0,1006.5,9.0,0.0,0.0,100.0
2025-07-27 01:00:00,6.7,6.8,,6.6,,93.0,1.0,3.6,357.0,344.0,1007.2,1.0,0.0,,100.0
2025-07-27 02:00:00,6.6,6.7,,6.5,,95.0,0.6,1.6,39.0,28.0,1007.8,0.0,0.0,,100.0
2025-07-27 03:00:00,6.6,6.7,,6.5,,95.0,0.4,1.6,53.0,31.0,1008.0,0.0,0.0,,100.0
2025-07-27 04:00:00,6.5,6.6,,6.4,,95.0,0.3,1.7,86.0,96.0,1008.4,0.0,0.0,,100.0
2025-07-27 05:00:00,6.4,6.5,,6.3,,96.0,0.2,1.7,118.0,109.0,1008.9,0.0,0.0,,100.0
2025-07-27 06:00:00,6.4,6.5,9.1,6.3,6.3,96.0,0.6,1.9,54.0,97.0,1009.4,3.0,0.0,0.0,100.0
2025-07-27 07:00:00,6.6,6.8,,6.5,,94.0,0.3,1.4,60.0,64.0,1009.7,15.0,0.0,,100.0
2025-07-27 08:00:00,6.9,7.0,,6.8,,93.0,0.7,2.0,49.0,44.0,1010.0,36.0,0.0,,100.0
2025-07-27 09:00:00,7.0,7.1,,6.8,,92.0,0.8,2.9,168.0,35.0,1010.4,58.0,0.0,,100.0
2025-07-27 10:00:00,6.4,6.8,,6.2,,94.0,1.6,3.2,169.0,155.0,1010.7,91.0,0.0,,100.0
2025-07-27 11:00:00,7.2,7.8,,6.5,,90.0,0.5,2.2,97.0,135.0,1011.2,138.0,0.0,,100.0
2025-07-27 12:00:00,7.9,8.1,8.1,7.8,6.2,86.0,1.1,2.5,40.0,29.0,1011.3,227.0,0.0,0.0,100.0
2025-07-27 13:00:00,8.4,9.0,,7.7,,84.0,1.2,4.6,137.0,93.0,1011.8,260.0,0.0,,100.0
2025-07-27 14:00:00,8.2,8.8,,7.5,,85.0,2.6,4.6,139.0,132.0,1011.9,376.0,0.0,,100.0
2025-07-27 15:00:00,7.7,8.2,,7.4,,89.0,3.1,5.1,132.0,136.0,1011.8,445.0,0.0,,100.0
2025-07-27 16:00:00,8.5,9.1,,7.7,,83.0,2.7,5.0,159.0,144.0,1011.5,481.0,0.0,,100.0
2025-07-27 17:00:00,8.9,9.4,,8.3,,81.0,2.7,5.1,139.0,144.0,1011.5,446.0,0.0,,100.0
2025-07-27 18:00:00,8.3,9.1,9.4,8.0,6.2,88.0,3.0,5.4,136.0,146.0,1011.5,293.0,0.0,0.0,100.0
2025-07-27 19:00:00,8.7,9.0,,8.1,,79.0,3.0,5.5,129.0,135.0,1011.3,196.0,0.0,,100.0
2025-07-27 20:00:00,8.5,9.0,,8.1,,80.0,2.6,4.4,143.0,138.0,1011.3,128.0,0.0,,100.0
2025-07-27 21:00:00,8.3,8.7,,8.0,,83.0,1.9,3.6,136.0,141.0,1011.2,114.0,0.0,,100.0
2025-07-27 22:00:00,8.9,9.0,,8.7,,78.0,1.1,2.4,148.0,151.0,1010.9,55.0,0.0,,100.0
2025-07-27 23:00:00,8.4,9.0,,7.5,,82.0,1.3,3.3,148.0,138.0,1010.7,26.0,0.0,,100.0
2025-07-28 00:00:00,7.7,8.1,9.4,7.4,7.4,89.0,1.6,3.3,186.0,161.0,1010.2,8.0,0.0,0.0,100.0
2025-07-28 01:00:00,8.0,8.3,,7.6,,86.0,0.6,2.3,159.0,151.0,1010.0,1.0,0.0,,100.0
2025-07-28 02:00:00,8.0,8.1,,7.9,,86.0,0.2,1.5,265.0,271.0,1009.1,0.0,0.0,,100.0
2025-07-28 03:00:00,8.2,8.6,,8.1,,84.0,0.4,1.6,168.0,311.0,1008.6,0.0,0.0,,100.0
2025-07-28 04:00:00,8.8,8.9,,8.6,,79.0,0.1,0.8,272.0,265.0,1008.1,0.0,0.0,,100.0
2025-07-28 05:00:00,8.9,9.1,,8.8,,79.0,1.1,3.4,320.0,309.0,1007.0,0.0,0.0,,100.0
2025-07-28 06:00:00,9.3,9.5,9.5,9.1,7.4,77.0,0.3,1.9,73.0,347.0,1006.7,5.0,0.0,0.0,100.0
2025-07-28 07:00:00,9.7,9.8,,9.5,,76.0,0.8,2.2,330.0,30.0,1006.3,14.0,0.0,,100.0
2025-07-28 08:00:00,10.0,10.1,,9.9,,76.0,1.2,2.8,343.0,6.0,1005.7,21.0,0.0,,100.0
2025-07-28 09:00:00,10.0,10.2,,9.8,,76.0,3.3,6.4,13.0,11.0,1005.5,22.0,0.0,,100.0
2025-07-28 10:00:00,10.4,10.7,,10.2,,74.0,3.3,6.7,6.0,8.0,1005.0,33.0,0.0,,100.0
2025-07-28 11:00:00,10.9,11.2,,10.5,,75.0,3.1,7.6,32.0,20.0,1004.2,69.0,0.1,,100.0
2025-07-28 12:00:00,11.0,11.1,11.2,10.9,7.6,75.0,4.4,9.8,30.0,37.0,1003.7,76.0,0.0,0.0,100.0
2025-07-28 13:00:00,11.2,11.5,,10.8,,74.0,3.2,8.5,359.0,23.0,1003.3,66.0,0.1,,100.0
2025-07-28 14:00:00,11.1,11.4,,10.8,,76.0,,,,,,,,,
2025-07-28 15:00:00,11.1,11.4,,10.8,,78.0,2.5,6.5,23.0,14.0,1002.2,82.0,0.4,,100.0
2025-07-28 16:00:00,11.5,11.8,,11.4,,75.0,2.7,7.9,35.0,38.0,1001.8,98.0,0.1,,100.0
2025-07-28 17:00:00,11.6,11.8,,11.3,,74.0,3.3,8.8,37.0,37.0,1001.6,85.0,0.1,,100.0
2025-07-28 18:00:00,11.2,11.4,11.8,11.1,9.5,77.0,2.0,6.9,56.0,43.0,1001.5,70.0,0.3,1.0,100.0
2025-07-28 19:00:00,11.2,11.5,,11.0,,73.0,2.8,8.4,21.0,42.0,1001.4,53.0,0.1,,100.0
2025-07-28 20:00:00,11.1,11.2,,10.9,,71.0,4.6,9.5,21.0,30.0,1001.5,37.0,0.0,,100.0
2025-07-28 21:00:00,11.1,11.3,,10.9,,69.0,4.8,11.6,32.0,34.0,1001.2,24.0,0.1,,100.0
2025-07-28 22:00:00,10.9,11.2,,10.7,,69.0,3.8,12.6,18.0,28.0,1001.0,20.0,0.1,,100.0
2025-07-28 23:00:00,10.8,11.1,,10.4,,69.0,3.7,11.0,17.0,18.0,1000.9,5.0,0.0,,100.0
2025-07-29 00:00:00,10.6,11.0,11.8,10.1,10.1,71.0,2.3,5.3,355.0,353.0,1000.4,1.0,0.0,1.2,100.0
2025-07-29 01:00:00,10.1,10.4,,9.9,,77.0,2.7,5.6,352.0,351.0,999.9,0.0,0.0,,100.0
2025-07-29 02:00:00,10.3,10.7,,10.0,,76.0,2.3,5.1,352.0,359.0,999.3,0.0,0.0,,100.0
2025-07-29 03:00:00,10.6,11.5,,10.2,,73.0,1.3,4.0,285.0,314.0,998.3,0.0,0.0,,100.0
2025-07-29 04:00:00,11.1,11.9,,10.4,,70.0,1.8,5.4,354.0,330.0,997.8,0.0,0.0,,100.0
2025-07-29 05:00:00,10.8,11.6,,10.4,,74.0,3.1,6.6,33.0,6.0,997.7,0.0,0.0,,100.0
2025-07-29 06:00:00,7.3,10.4,11.9,6.3,6.3,90.0,4.9,8.6,152.0,158.0,998.3,0.0,0.0,1.2,100.0
2025-07-29 07:00:00,7.2,7.8,,6.3,,96.0,1.7,5.5,45.0,144.0,999.0,4.0,0.8,,100.0
2025-07-29 08:00:00,9.0,10.3,,7.8,,81.0,1.6,9.2,33.0,10.0,998.6,26.0,0.0,,100.0
2025-07-29 09:00:00,10.5,10.7,,10.3,,67.0,2.3,10.7,345.0,35.0,998.6,51.0,0.0,,100.0
2025-07-29 10:00:00,10.5,10.9,,10.2,,70.0,1.5,4.5,358.0,352.0,998.6,79.0,0.0,,100.0
2025-07-29 11:00:00,10.4,10.7,,10.1,,72.0,1.1,3.6,0.0,333.0,998.7,58.0,0.0,,100.0
2025-07-29 12:00:00,10.9,10.9,11.9,10.7,6.3,71.0,0.2,2.0,280.0,300.0,998.9,83.0,0.1,2.1,100.0
2025-07-29 13:00:00,11.4,11.9,,10.9,,70.0,0.8,2.4,355.0,313.0,999.0,177.0,0.1,,100.0
2025-07-29 14:00:00,11.3,12.0,,10.4,,74.0,1.4,3.0,155.0,151.0,999.2,204.0,0.2,,100.0
2025-07-29 15:00:00,10.6,10.9,,10.4,,78.0,2.1,3.1,160.0,144.0,999.4,205.0,0.2,,100.0
2025-07-29 16:00:00,10.5,10.8,,10.2,,81.0,1.1,2.9,139.0,144.0,999.6,193.0,0.2,,100.0
2025-07-29 17:00:00,10.3,10.8,,10.0,,81.0,2.2,4.2,136.0,134.0,1000.2,212.0,0.0,,100.0
2025-07-29 18:00:00,9.5,10.1,12.0,9.0,6.3,85.0,2.1,4.0,154.0,149.0,1000.9,216.0,0.0,1.8,100.0
2025-07-29 19:00:00,,,,,,,,,,,1001.5,277.0,,,100.0
2025-07-29 20:00:00,8.5,9.0,,8.0,,88.0,2.5,5.4,332.0,149.0,1002.1,145.0,0.0,,100.0
2025-07-29 21:00:00,8.8,9.2,,8.4,,89.0,0.8,2.5,6.0,346.0,1002.3,118.0,0.0,,100.0
2025-07-29 22:00:00,9.1,9.7,,8.6,,88.0,1.4,5.6,154.0,149.0,1002.6,118.0,0.0,,100.0
2025-07-29 23:00:00,9.0,9.3,,8.8,,89.0,0.7,2.1,231.0,320.0,1002.8,50.0,0.0,,100.0
2025-07-30 00:00:00,8.2,9.1,12.0,6.9,6.9,91.0,2.1,5.5,144.0,152.0,1003.3,11.0,0.0,1.6,100.0
2025-07-30 01:00:00,6.5,7.3,,6.1,,94.0,2.9,4.6,334.0,293.0,1003.8,1.0,0.0,,100.0
2025-07-30 02:00:00,6.5,6.8,,6.1,,94.0,0.6,2.8,35.0,338.0,1004.2,0.0,0.0,,100.0
2025-07-30 03:00:00,6.4,6.7,,6.3,,94.0,0.9,2.9,28.0,357.0,1004.5,0.0,0.0,,100.0
2025-07-30 04:00:00,6.3,6.4,,6.1,,95.0,0.7,1.9,290.0,322.0,1004.6,0.0,0.0,,100.0
2025-07-30 05:00:00,5.9,6.1,,5.7,,96.0,0.5,1.7,0.0,311.0,1004.8,0.0,0.0,,50.0
2025-07-30 06:00:00,5.6,5.9,9.9,5.3,5.3,97.0,1.8,3.3,170.0,155.0,1005.1,4.0,0.0,1.6,90.0
2025-07-30 07:00:00,5.6,5.8,,5.4,,99.0,0.7,1.5,176.0,173.0,1005.4,28.0,0.0,,90.0
2025-07-30 08:00:00,5.9,6.1,,5.8,,98.0,0.6,1.8,13.0,13.0,1005.7,67.0,0.0,,100.0
2025-07-30 09:00:00,6.0,6.2,,5.8,,98.0,0.2,1.2,351.0,26.0,1005.7,86.0,0.0,,100.0
2025-07-30 10:00:00,6.2,6.4,,6.1,,98.0,0.8,2.0,60.0,35.0,1005.7,192.0,0.0,,100.0
2025-07-30 11:00:00,6.7,7.3,,6.3,,97.0,1.3,3.1,35.0,34.0,1005.9,230.0,0.0,,100.0
2025-07-30 12:00:00,7.3,7.8,7.8,7.0,5.3,92.0,1.6,3.2,35.0,35.0,1006.3,427.0,0.0,0.6,100.0
2025-07-30 13:00:00,7.7,8.5,,7.2,,91.0,1.8,3.9,148.0,115.0,1006.7,413.0,0.0,,100.0
2025-07-30 14:00:00,7.0,7.4,,6.8,,94.0,3.4,4.7,143.0,144.0,1007.3,501.0,0.0,,60.0
2025-07-30 15:00:00,7.1,7.5,,6.8,,93.0,3.6,5.3,138.0,143.0,1007.7,571.0,0.0,,40.0
2025-07-30 16:00:00,8.7,9.9,,7.5,,86.0,3.1,5.1,117.0,129.0,1008.0,668.0,0.0,,
2025-07-30 17:00:00,8.6,9.6,,8.0,,83.0,4.0,6.8,143.0,138.0,1008.3,621.0,0.0,,
2025-07-30 18:00:00,8.7,9.1,9.9,8.1,5.4,84.0,4.0,6.1,152.0,155.0,1008.5,553.0,0.0,0.0,
2025-07-30 19:00:00,8.6,9.0,,8.4,,84.0,4.0,5.7,159.0,151.0,1008.8,463.0,0.0,,
2025-07-30 20:00:00,9.1,9.5,,8.8,,83.0,2.7,4.9,156.0,157.0,1009.0,360.0,0.0,,
2025-07-30 21:00:00,9.9,10.5,,9.5,,78.0,1.3,3.5,138.0,155.0,1009.1,252.0,0.0,,
2025-07-30 22:00:00,9.8,10.6,,8.5,,79.0,1.0,2.5,170.0,163.0,1009.1,148.0,0.0,,
2025-07-30 23:00:00,8.5,8.9,,8.0,,86.0,0.6,2.6,325.0,190.0,1009.3,50.0,0.0,,
2025-07-31 00:00:00,8.1,8.5,10.6,7.4,6.8,89.0,0.3,1.4,313.0,321.0,1009.7,7.0,0.0,0.0,
2025-07-31 01:00:00,7.1,7.4,,7.0,,91.0,0.5,1.5,212.0,293.0,1009.9,0.0,0.0,,
2025-07-31 02:00:00,7.4,7.7,,7.0,,89.0,0.3,1.4,0.0,242.0,1009.9,0.0,0.0,,
2025-07-31 03:00:00,6.7,6.9,,6.5,,92.0,0.0,1.0,157.0,0.0,1009.9,0.0,0.0,,
2025-07-31 04:00:00,6.3,6.7,,6.0,,94.0,1.3,2.8,170.0,163.0,1010.0,0.0,0.0,,
2025-07-31 05:00:00,6.1,6.3,,5.8,,96.0,1.2,4.2,163.0,205.0,1009.8,0.0,0.0,,
2025-07-31 06:00:00,6.1,6.4,10.6,5.9,5.8,98.0,1.3,3.6,0.0,167.0,1010.1,4.0,0.0,0.0,100.0
2025-07-31 07:00:00,5.9,6.0,,5.8,,99.0,0.4,1.5,320.0,296.0,1010.6,18.0,0.0,,100.0
2025-07-31 08:00:00,5.9,6.0,,5.8,,99.0,0.2,1.3,300.0,229.0,1011.0,40.0,0.0,,100.0
2025-07-31 09:00:00,5.8,6.0,,5.5,,99.0,0.8,2.5,41.0,133.0,1011.1,80.0,0.0,,100.0
2025-07-31 10:00:00,5.4,6.1,,4.8,,99.0,1.1,3.1,28.0,132.0,1011.2,145.0,0.0,,100.0
2025-07-31 11:00:00,6.0,6.5,,5.7,,98.0,0.8,2.3,18.0,26.0,1011.2,229.0,0.0,,100.0
2025-07-31 12:00:00,6.6,7.0,7.7,6.1,4.8,96.0,1.0,2.9,151.0,69.0,1011.4,242.0,0.0,0.0,100.0
2025-07-31 13:00:00,7.3,7.8,,6.9,,89.0,2.2,4.4,138.0,135.0,1011.7,362.0,0.0,,100.0
2025-07-31 14:00:00,8.7,9.4,,7.8,,81.0,1.9,4.5,115.0,116.0,1011.7,500.0,0.0,,100.0
2025-07-31 15:00:00,8.6,9.1,,7.9,,82.0,3.1,5.6,140.0,129.0,1011.9,479.0,0.0,,100.0
2025-07-31 16:00:00,7.8,8.1,,7.4,,87.0,2.7,4.9,149.0,146.0,1011.7,338.0,0.0,,100.0
2025-07-31 17:00:00,8.2,8.7,,7.8,,85.0,2.2,4.2,134.0,141.0,1011.5,248.0,0.0,,100.0
2025-07-31 18:00:00,8.1,8.7,9.4,7.8,4.8,86.0,2.8,4.2,139.0,138.0,1011.4,242.0,0.0,0.0,100.0
2025-07-31 19:00:00,8.9,9.5,,8.4,,83.0,1.6,3.8,144.0,124.0,1011.7,184.0,0.0,,100.0
2025-07-31 20:00:00,8.5,8.8,,8.4,,84.0,2.1,3.7,140.0,140.0,1011.6,116.0,0.0,,100.0
2025-07-31 21:00:00,8.9,9.1,,8.5,,84.0,1.4,2.7,125.0,139.0,1011.4,73.0,0.0,,100.0
2025-07-31 22:00:00,8.2,9.1,,7.8,,87.0,2.1,3.7,163.0,148.0,1011.3,56.0,0.0,,100.0
2025-07-31 23:00:00,8.2,8.6,,7.9,,88.0,1.0,2.3,196.0,172.0,1011.2,11.0,0.0,,100.0
2025-08-01 00:00:00,8.5,8.8,9.5,8.3,6.9,90.0,0.3,1.2,178.0,149.0,1011.1,0.0,0.0,0.0,100.0
2025-08-01 01:00:00,8.4,8.6,,8.1,,90.0,0.4,1.3,0.0,129.0,1010.9,0.0,0.4,,100.0
2025-08-01 02:00:00,8.0,8.1,,7.9,,93.0,0.0,0.4,0.0,0.0,1010.3,0.0,1.1,,100.0
2025-08-01 03:00:00,8.1,8.2,,7.9,,95.0,0.1,0.9,52.0,12.0,1009.7,0.0,0.9,,100.0
2025-08-01 04:00:00,8.4,8.6,,8.2,,92.0,0.7,2.4,160.0,146.0,1009.1,0.0,0.1,,100.0
2025-08-01 05:00:00,8.5,8.7,,8.2,,91.0,1.4,3.1,0.0,153.0,1008.7,0.0,0.1,,100.0
2025-08-01 06:00:00,8.4,8.7,9.5,8.1,7.8,92.0,0.2,0.9,0.0,302.0,1008.6,0.0,0.0,2.5,100.0
2025-08-01 07:00:00,8.2,8.3,,8.1,,96.0,0.2,1.1,0.0,326.0,1008.5,4.0,0.0,,100.0
2025-08-01 08:00:00,8.4,8.6,,8.1,,95.0,1.1,2.6,213.0,161.0,1008.2,13.0,0.5,,100.0
2025-08-01 09:00:00,8.6,8.8,,8.3,,94.0,0.2,1.5,188.0,208.0,1007.8,31.0,0.2,,100.0
2025-08-01 10:00:00,8.8,9.2,,8.3,,95.0,0.9,3.1,156.0,233.0,1007.4,57.0,0.2,,100.0
2025-08-01 11:00:00,8.5,8.8,,8.2,,95.0,2.2,3.2,156.0,152.0,1007.1,83.0,0.0,,100.0
2025-08-01 12:00:00,9.1,9.7,9.7,8.8,7.9,93.0,1.0,2.4,333.0,146.0,1006.5,216.0,0.0,3.4,100.0
2025-08-01 13:00:00,9.4,10.1,,8.9,,92.0,1.2,4.1,140.0,93.0,1006.0,332.0,0.0,,100.0
2025-08-01 14:00:00,9.7,10.3,,9.3,,88.0,2.3,3.7,142.0,141.0,1005.5,239.0,0.0,,100.0
2025-08-01 15:00:00,10.6,11.0,,10.0,,82.0,2.3,4.0,131.0,133.0,1004.6,499.0,0.0,,100.0
2025-08-01 16:00:00,11.1,11.7,,10.7,,79.0,2.7,5.5,133.0,126.0,1003.6,496.0,0.0,,100.0
2025-08-01 17:00:00,10.9,11.5,,10.2,,78.0,3.0,5.6,133.0,131.0,1002.8,487.0,0.0,,100.0
2025-08-01 18:00:00,11.5,12.2,12.2,10.1,8.1,74.0,2.0,4.5,113.0,119.0,1001.9,390.0,0.0,3.4,100.0
2025-08-01 19:00:00,9.3,11.8,,7.3,,84.0,1.9,4.4,303.0,171.0,1001.3,256.0,0.0,,100.0
2025-08-01 20:00:00,9.1,10.5,,6.1,,84.0,2.5,7.1,142.0,140.0,1000.8,186.0,0.0,,100.0
2025-08-01 21:00:00,6.3,6.5,,6.1,,94.0,3.9,7.3,130.0,148.0,1000.6,81.0,0.0,,100.0
2025-08-01 22:00:00,6.8,7.2,,6.5,,91.0,1.3,3.7,6.0,144.0,999.6,52.0,0.0,,100.0
2025-08-01 23:00:00,7.2,7.3,,7.1,,90.0,0.4,1.5,102.0,12.0,998.6,18.0,0.0,,100.0
2025-08-02 00:00:00,7.4,7.7,12.2,7.2,6.1,89.0,0.8,2.3,41.0,136.0,997.6,4.0,0.0,3.4,100.0
2025-08-02 01:00:00,7.6,7.8,,7.5,,89.0,0.6,1.6,326.0,51.0,997.0,0.0,0.0,,100.0
2025-08-02 02:00:00,7.6,7.7,,7.4,,90.0,1.5,3.2,45.0,344.0,995.8,0.0,0.0,,100.0
2025-08-02 03:00:00,7.4,7.7,,7.1,,91.0,1.2,2.8,174.0,153.0,994.8,0.0,0.0,,100.0
2025-08-02 04:00:00,7.6,7.9,,7.3,,91.0,0.6,1.8,122.0,191.0,993.9,0.0,0.0,,100.0
2025-08-02 05:00:00,7.5,7.8,,7.1,,90.0,3.0,4.4,146.0,146.0,993.6,0.0,0.0,,100.0
2025-08-02 06:00:00,7.6,7.8,11.8,7.4,6.1,89.0,1.0,3.8,0.0,133.0,992.9,1.0,0.1,1.0,100.0
2025-08-02 07:00:00,7.8,8.0,,7.4,,91.0,0.9,2.9,165.0,91.0,992.3,11.0,0.0,,100.0
2025-08-02 08:00:00,7.7,7.9,,7.5,,91.0,1.0,2.9,327.0,181.0,991.8,17.0,0.0,,100.0
2025-08-02 09:00:00,7.8,8.1,,7.6,,93.0,0.5,1.9,65.0,143.0,990.9,37.0,0.0,,100.0
2025-08-02 10:00:00,8.6,9.1,,8.1,,89.0,0.3,1.2,325.0,31.0,990.5,161.0,0.0,,100.0
2025-08-02 11:00:00,8.5,9.3,,7.7,,86.0,2.0,4.4,154.0,131.0,990.2,254.0,0.0,,100.0
2025-08-02 12:00:00,8.1,8.4,9.3,7.7,7.1,85.0,1.3,3.5,36.0,110.0,989.9,244.0,0.0,0.1,100.0
2025-08-02 13:00:00,7.3,8.6,,6.4,,84.0,3.9,7.4,146.0,137.0,989.7,384.0,0.0,,100.0
2025-08-02 14:00:00,8.1,9.7,,6.7,,79.0,2.6,6.4,30.0,136.0,989.5,470.0,0.0,,100.0
2025-08-02 15:00:00,10.1,11.2,,8.9,,63.0,3.5,10.4,236.0,248.0,988.6,377.0,0.0,,100.0
2025-08-02 16:00:00,11.4,11.8,,10.9,,48.0,5.8,9.9,233.0,236.0,988.7,355.0,0.0,,100.0
2025-08-02 17:00:00,11.5,11.9,,11.2,,53.0,5.4,9.6,233.0,234.0,988.4,321.0,0.0,,90.0
2025-08-02 18:00:00,11.8,12.2,12.2,11.4,6.4,56.0,4.6,7.6,234.0,240.0,988.8,380.0,0.0,0.1,100.0
2025-08-02 19:00:00,11.4,11.8,,11.1,,61.0,5.5,9.8,233.0,241.0,988.9,290.0,0.0,,100.0
2025-08-02 20:00:00,11.0,11.3,,10.8,,63.0,4.7,8.3,236.0,234.0,989.0,158.0,0.0,,100.0
2025-08-02 21:00:00,10.8,10.9,,10.6,,63.0,4.4,8.0,243.0,245.0,989.4,104.0,0.0,,100.0
2025-08-02 22:00:00,10.2,10.6,,9.8,,68.0,4.4,7.5,238.0,243.0,989.8,50.0,0.0,,100.0
2025-08-02 23:00:00,9.7,10.0,,9.5,,72.0,4.2,7.0,240.0,244.0,990.2,10.0,0.0,,100.0
2025-08-03 00:00:00,9.1,9.5,12.2,9.0,6.4,78.0,3.7,6.3,258.0,259.0,990.6,0.0,0.1,0.1,100.0
2025-08-03 01:00:00,9.1,9.2,,8.9,,81.0,2.1,3.8,263.0,253.0,990.8,0.0,0.0,,100.0
2025-08-03 02:00:00,9.4,9.8,,9.1,,75.0,1.4,4.6,263.0,269.0,990.9,0.0,0.0,,100.0
2025-08-03 03:00:00,9.4,9.8,,8.8,,76.0,0.8,2.7,157.0,154.0,991.0,0.0,0.0,,100.0
2025-08-03 04:00:00,8.8,9.1,,8.7,,79.0,1.4,3.1,60.0,160.0,991.2,0.0,0.0,,100.0
2025-08-03 05:00:00,8.6,9.1,,8.2,,81.0,1.2,2.4,306.0,153.0,991.6,0.0,0.0,,100.0
2025-08-03 06:00:00,8.2,8.3,11.8,8.2,8.2,84.0,0.1,1.1,0.0,320.0,992.0,1.0,0.0,0.0,100.0
2025-08-03 07:00:00,7.9,8.3,,7.1,,88.0,1.0,3.0,171.0,166.0,992.3,6.0,0.1,,100.0
2025-08-03 08:00:00,7.1,7.3,,6.9,,92.0,2.1,3.1,165.0,164.0,992.8,27.0,0.0,,100.0
2025-08-03 09:00:00,7.7,8.3,,7.1,,90.0,0.5,2.2,0.0,177.0,993.0,72.0,0.1,,100.0
2025-08-03 10:00:00,8.0,8.3,,7.8,,90.0,0.3,1.2,75.0,39.0,993.6,67.0,0.0,,100.0
2025-08-03 11:00:00,7.2,8.3,,6.6,,90.0,3.3,5.8,145.0,149.0,994.3,160.0,0.0,,100.0
2025-08-03 12:00:00,7.9,8.8,9.8,7.1,6.6,86.0,2.3,4.7,147.0,146.0,994.5,340.0,0.0,0.1,100.0
2025-08-03 13:00:00,8.8,9.0,,8.4,,83.0,1.3,2.8,159.0,147.0,994.6,248.0,0.0,,100.0
2025-08-03 14:00:00,9.6,10.5,,8.9,,79.0,1.3,2.7,24.0,56.0,994.6,477.0,0.0,,100.0
2025-08-03 15:00:00,10.7,11.5,,10.0,,75.0,1.4,3.1,34.0,23.0,994.2,516.0,0.0,,100.0
2025-08-03 16:00:00,12.2,13.9,,10.9,,69.0,1.1,2.3,171.0,59.0,993.9,620.0,0.0,,
2025-08-03 17:00:00,13.9,14.4,,13.1,,61.0,1.2,4.6,243.0,197.0,993.7,525.0,0.0,,100.0
2025-08-03 18:00:00,14.1,14.6,14.6,13.8,6.6,52.0,3.1,7.2,226.0,244.0,993.5,360.0,0.0,0.1,100.0
2025-08-03 19:00:00,,,,,,,,8.6,,,993.5,456.0,,,40.0
2025-08-03 20:00:00,14.1,14.4,,13.7,,47.0,4.0,6.9,261.0,256.0,993.6,324.0,0.0,,25.0
2025-08-03 21:00:00,14.3,14.6,,14.1,,45.0,2.7,6.0,237.0,238.0,993.5,252.0,0.0,,
2025-08-03 22:00:00,13.2,14.3,,12.4,,51.0,1.1,3.0,2.0,326.0,993.8,135.0,0.0,,
2025-08-03 23:00:00,12.2,12.6,,11.8,,48.0,2.3,5.8,265.0,283.0,994.0,38.0,0.0,,
2025-08-04 00:00:00,11.1,11.9,14.6,10.6,8.4,49.0,0.6,3.2,60.0,360.0,994.2,4.0,0.0,0.1,
2025-08-04 01:00:00,6.9,10.7,,5.3,,77.0,3.8,7.6,160.0,158.0,994.8,0.0,0.0,,
2025-08-04 02:00:00,6.2,6.8,,5.3,,77.0,2.0,6.9,335.0,173.0,995.1,0.0,0.0,,
2025-08-04 03:00:00,5.6,6.0,,5.3,,82.0,0.7,3.2,0.0,331.0,995.1,0.0,0.0,,25.0
2025-08-04 04:00:00,6.1,6.6,,5.4,,83.0,1.0,2.7,148.0,150.0,994.9,0.0,0.0,,50.0
2025-08-04 05:00:00,5.8,6.5,,5.2,,86.0,0.2,1.5,167.0,169.0,995.1,0.0,0.0,,25.0
2025-08-04 06:00:00,5.5,6.3,14.6,4.9,4.9,87.0,0.7,2.4,160.0,168.0,995.3,2.0,0.0,0.1,
2025-08-04 07:00:00,5.4,6.2,,4.9,,86.0,0.9,3.4,307.0,222.0,995.6,29.0,0.0,,
2025-08-04 08:00:00,6.2,7.1,,5.3,,84.0,1.1,4.0,12.0,217.0,995.8,112.0,0.0,,
2025-08-04 09:00:00,6.7,7.0,,6.1,,83.0,0.5,2.2,8.0,4.0,995.4,224.0,0.0,,
2025-08-04 10:00:00,6.9,7.6,,6.4,,77.0,1.9,4.4,121.0,143.0,995.1,338.0,0.0,,
2025-08-04 11:00:00,6.1,7.9,,4.1,,82.0,2.6,6.1,126.0,132.0,995.2,396.0,0.0,,100.0
2025-08-04 12:00:00,3.9,4.4,10.7,3.5,3.5,95.0,3.1,6.4,133.0,142.0,995.4,350.0,0.0,0.0,100.0
2025-08-04 13:00:00,5.6,7.6,,3.4,,85.0,2.2,5.8,19.0,142.0,995.7,585.0,0.0,,
2025-08-04 14:00:00,8.5,9.7,,7.6,,71.0,1.3,4.3,113.0,89.0,996.6,662.0,0.0,,
2025-08-04 15:00:00,9.6,10.6,,8.7,,65.0,2.3,4.8,32.0,114.0,997.0,680.0,0.0,,
2025-08-04 16:00:00,10.9,11.4,,10.2,,59.0,3.9,8.6,30.0,24.0,997.3,590.0,0.0,,
2025-08-04 17:00:00,11.6,12.3,,11.1,,55.0,3.2,8.5,13.0,20.0,998.0,519.0,0.0,,
2025-08-04 18:00:00,10.9,12.1,12.3,9.7,3.4,61.0,3.4,7.1,147.0,140.0,998.5,562.0,0.0,0.0,50.0
2025-08-04 19:00:00,9.6,10.2,,9.2,,67.0,4.6,8.5,157.0,149.0,,456.0,0.0,,
2025-08-04 20:00:00,9.4,9.9,,8.9,,66.0,4.1,8.2,177.0,169.0,999.7,327.0,0.0,,25.0
2025-08-04 21:00:00,9.1,9.3,,8.9,,68.0,3.0,6.5,155.0,157.0,999.8,133.0,0.0,,100.0
2025-08-04 22:00:00,8.9,9.2,,8.6,,68.0,3.8,6.4,145.0,146.0,1000.1,135.0,0.0,,
2025-08-04 23:00:00,8.0,8.6,,7.6,,74.0,2.5,6.5,121.0,144.0,1000.7,34.0,0.0,,
2025-08-05 00:00:00,7.3,7.7,12.3,6.7,3.4,77.0,1.1,3.5,300.0,136.0,1000.8,4.0,0.0,0.0,
2025-08-05 01:00:00,6.7,7.0,,6.4,,81.0,1.2,2.1,265.0,271.0,1000.7,0.0,0.0,,
2025-08-05 02:00:00,6.6,7.1,,5.9,,82.0,0.4,1.6,0.0,276.0,1000.4,0.0,0.0,,
2025-08-05 03:00:00,6.8,7.5,,6.0,,78.0,1.5,4.4,254.0,265.0,1000.1,0.0,0.0,,
2025-08-05 04:00:00,6.2,7.0,,5.9,,80.0,,,,,,,0.0,,
2025-08-05 05:00:00,6.7,7.5,,6.1,,75.0,0.6,3.3,256.0,291.0,1000.0,0.0,0.0,,
2025-08-05 06:00:00,6.2,7.2,10.2,5.9,5.9,78.0,0.4,2.9,0.0,263.0,1000.2,2.0,0.0,0.0,
2025-08-05 07:00:00,6.5,7.4,,5.7,,75.0,0.5,2.7,313.0,223.0,1000.3,35.0,0.0,,
2025-08-05 08:00:00,8.0,9.4,,6.4,,70.0,0.4,3.1,0.0,209.0,1000.2,132.0,0.0,,
2025-08-05 09:00:00,8.6,9.1,,7.8,,68.0,1.0,2.6,39.0,44.0,1000.4,184.0,0.0,,
2025-08-05 10:00:00,9.7,10.2,,9.1,,52.0,0.9,2.6,61.0,40.0,1000.4,322.0,0.0,,
2025-08-05 11:00:00,9.0,10.6,,8.4,,65.0,2.9,5.3,140.0,143.0,1000.6,438.0,0.0,,
2025-08-05 12:00:00,9.2,10.1,10.6,8.3,5.7,63.0,3.0,4.7,137.0,140.0,1000.6,529.0,0.0,0.0,
2025-08-05 13:00:00,9.6,10.4,,9.0,,,2.5,4.2,151.0,145.0,1000.6,599.0,,,
2025-08-05 14:00:00,10.3,11.4,,9.2,,62.0,1.1,4.1,39.0,42.0,1000.8,645.0,0.0,,
2025-08-05 15:00:00,10.7,11.7,,10.3,,59.0,2.4,4.7,333.0,335.0,1000.7,661.0,0.0,,
2025-08-05 16:00:00,10.9,11.6,,9.8,,59.0,2.0,4.0,30.0,351.0,1000.6,650.0,0.0,,
2025-08-05 17:00:00,12.2,12.8,,11.4,,53.0,1.8,6.1,284.0,353.0,1000.2,606.0,0.0,,
2025-08-05 18:00:00,12.6,13.2,13.2,12.0,5.7,53.0,3.3,8.0,327.0,272.0,1000.1,536.0,0.0,0.0,
2025-08-05 19:00:00,12.6,12.9,,12.1,,53.0,2.2,6.6,254.0,244.0,1000.0,445.0,0.0,,
2025-08-05 20:00:00,12.3,12.5,,12.1,,52.0,3.6,5.7,257.0,257.0,999.9,342.0,0.0,,
2025-08-05 21:00:00,12.3,12.5,,12.0,,51.0,3.4,5.7,255.0,256.0,999.8,233.0,0.0,,
2025-08-05 22:00:00,11.8,12.2,,11.1,,52.0,2.9,5.5,298.0,267.0,999.7,128.0,0.0,,
2025-08-05 23:00:00,8.2,10.9,,6.4,,72.0,2.8,5.4,161.0,160.0,999.8,29.0,0.0,,
2025-08-06 00:00:00,6.4,6.8,13.2,6.2,6.2,82.0,3.0,4.5,176.0,167.0,999.9,4.0,0.0,0.0,
2025-08-06 01:00:00,6.4,6.8,,6.2,,82.0,0.9,2.4,181.0,188.0,999.9,0.0,0.0,,
2025-08-06 02:00:00,6.1,6.3,,5.7,,84.0,1.1,2.3,159.0,173.0,999.9,0.0,0.0,,
2025-08-06 03:00:00,5.6,5.8,,5.2,,87.0,1.7,3.1,166.0,166.0,999.9,0.0,0.0,,
2025-08-06 04:00:00,5.1,5.5,,4.7,,88.0,3.0,4.9,143.0,147.0,1000.2,0.0,0.0,,
2025-08-06 05:00:00,5.1,5.5,,4.7,,87.0,2.3,3.8,158.0,144.0,1000.5,0.0,0.0,,
2025-08-06 06:00:00,4.0,4.7,12.9,3.6,3.6,95.0,2.9,4.3,168.0,167.0,1000.7,1.0,0.0,0.0,100.0
2025-08-06 07:00:00,3.7,4.1,,3.6,,98.0,1.5,3.4,291.0,167.0,1000.9,27.0,0.0,,
2025-08-06 08:00:00,3.8,4.1,,3.6,,98.0,0.7,2.1,266.0,356.0,1001.0,58.0,0.0,,100.0
2025-08-06 09:00:00,3.9,4.7,,3.6,,98.0,0.4,1.7,0.0,12.0,1001.2,129.0,0.0,,100.0
2025-08-06 10:00:00,5.0,6.1,,4.4,,95.0,1.2,3.1,30.0,77.0,1001.3,305.0,0.0,,25.0
2025-08-06 11:00:00,6.5,7.6,,5.0,,88.0,1.2,3.2,145.0,111.0,1001.5,433.0,0.0,,
2025-08-06 12:00:00,7.7,8.2,8.2,7.4,3.6,80.0,2.3,5.0,137.0,142.0,1001.5,437.0,0.0,0.0,60.0
2025-08-06 13:00:00,7.2,8.3,,6.1,,82.0,2.5,4.4,134.0,146.0,1001.8,341.0,0.0,,100.0
2025-08-06 14:00:00,8.2,9.1,,7.4,,77.0,1.8,3.8,146.0,140.0,1001.9,471.0,0.0,,100.0
2025-08-06 15:00:00,6.5,7.9,,5.8,,85.0,3.6,5.5,156.0,149.0,1001.8,551.0,0.0,,100.0
2025-08-06 16:00:00,7.4,8.5,,7.0,,81.0,2.2,3.7,158.0,163.0,1001.9,360.0,0.0,,100.0
2025-08-06 17:00:00,9.2,10.2,,6.8,,72.0,1.8,4.7,136.0,127.0,1002.2,300.0,0.0,,100.0
2025-08-06 18:00:00,7.3,8.6,10.2,6.3,3.6,80.0,2.8,4.9,144.0,148.0,1002.2,235.0,0.0,0.0,100.0
2025-08-06 19:00:00,7.8,8.4,,6.9,,77.0,2.2,3.8,130.0,141.0,1002.6,245.0,0.0,,100.0
2025-08-06 20:00:00,8.6,9.0,,8.2,,73.0,1.0,2.9,359.0,57.0,1002.7,151.0,0.0,,100.0
2025-08-06 21:00:00,7.7,8.2,,7.5,,79.0,0.4,2.0,315.0,11.0,1002.9,58.0,0.0,,10.0
2025-08-06 22:00:00,7.4,7.6,,7.3,,81.0,0.9,2.2,334.0,321.0,1002.9,41.0,0.0,,90.0
2025-08-06 23:00:00,8.0,8.5,,7.5,,77.0,0.3,1.4,13.0,202.0,1003.0,14.0,0.0,,100.0
2025-08-07 00:00:00,7.8,7.9,10.2,7.7,5.8,79.0,0.2,1.3,316.0,19.0,1003.0,1.0,0.0,0.0,100.0
2025-08-07 01:00:00,7.9,8.1,,7.4,,79.0,1.0,3.4,145.0,141.0,1002.9,0.0,0.0,,100.0
2025-08-07 02:00:00,6.5,7.4,,5.9,,85.0,3.3,4.5,150.0,152.0,1002.9,0.0,0.0,,100.0
2025-08-07 03:00:00,7.0,7.9,,5.6,,83.0,3.2,5.9,263.0,237.0,1002.0,0.0,0.0,,100.0
2025-08-07 04:00:00,7.2,8.4,,6.0,,82.0,3.1,6.1,146.0,202.0,1001.9,0.0,0.0,,100.0
2025-08-07 05:00:00,6.0,6.2,,5.7,,89.0,3.4,5.7,163.0,157.0,1001.7,0.0,0.0,,100.0
2025-08-07 06:00:00,6.3,6.7,9.0,5.9,5.6,87.0,1.0,2.8,33.0,145.0,1001.8,1.0,0.0,0.0,100.0
2025-08-07 07:00:00,6.3,6.7,,6.1,,88.0,0.6,1.5,166.0,284.0,1001.7,12.0,0.0,,100.0
2025-08-07 08:00:00,6.8,6.9,,6.6,,87.0,0.1,1.5,0.0,91.0,,41.0,0.0,,100.0
2025-08-07 09:00:00,,,,,,,0.3,1.7,33.0,345.0,1001.5,119.0,0.0,,100.0
2025-08-07 10:00:00,8.6,9.3,,8.1,,76.0,0.8,2.8,31.0,106.0,1001.3,296.0,0.0,,25.0
2025-08-07 11:00:00,9.7,10.4,,9.2,,69.0,1.2,3.0,25.0,16.0,1000.8,414.0,0.0,,10.0
2025-08-07 12:00:00,10.5,11.0,11.0,10.1,5.6,65.0,1.4,2.6,39.0,30.0,1000.7,365.0,0.0,0.0,100.0
2025-08-07 13:00:00,11.9,12.6,,11.0,,57.0,1.3,2.8,37.0,37.0,1000.2,607.0,0.0,,
2025-08-07 14:00:00,13.1,13.7,,12.5,,52.0,1.4,3.2,144.0,59.0,999.7,639.0,0.0,,
2025-08-07 15:00:00,14.0,14.5,,13.8,,47.0,1.5,3.2,34.0,44.0,999.3,662.0,0.0,,
2025-08-07 16:00:00,14.6,15.2,,14.1,,40.0,1.8,4.5,114.0,55.0,999.1,537.0,0.0,,
2025-08-07 17:00:00,13.1,14.1,,12.2,,51.0,3.0,5.2,131.0,123.0,999.3,430.0,0.0,,10.0
2025-08-07 18:00:00,11.6,13.0,15.2,9.3,6.1,58.0,2.7,6.8,137.0,113.0,999.7,389.0,0.0,0.0,100.0
2025-08-07 19:00:00,,,,,,,,,,,999.7,330.0,,,100.0
2025-08-07 20:00:00,10.0,10.6,,8.4,,64.0,1.0,2.8,25.0,79.0,999.3,348.0,0.0,,25.0
2025-08-07 21:00:00,10.5,10.9,,10.2,,63.0,0.7,1.8,34.0,33.0,999.0,253.0,0.0,,
2025-08-07 22:00:00,10.4,11.1,,8.1,,65.0,1.0,4.4,154.0,145.0,999.0,124.0,0.0,,
2025-08-07 23:00:00,6.7,8.0,,6.4,,80.0,4.0,5.7,151.0,153.0,999.4,28.0,0.0,,
2025-08-08 00:00:00,6.5,6.6,15.2,6.4,6.4,79.0,2.4,4.1,155.0,154.0,999.6,3.0,0.0,0.0,
2025-08-08 01:00:00,6.3,6.6,,6.0,,80.0,0.5,1.8,299.0,189.0,999.4,0.0,0.0,,
2025-08-08 02:00:00,6.0,6.1,,5.8,,79.0,0.1,0.8,0.0,309.0,999.2,0.0,0.0,,
2025-08-08 03:00:00,5.7,6.1,,5.6,,82.0,0.0,0.7,83.0,0.0,998.7,0.0,0.0,,
2025-08-08 04:00:00,5.9,6.2,,5.6,,84.0,1.5,3.3,170.0,170.0,998.5,0.0,0.0,,
2025-08-08 05:00:00,5.8,6.2,,5.6,,83.0,1.7,3.6,165.0,161.0,998.3,0.0,0.0,,
2025-08-08 06:00:00,6.4,7.4,11.1,5.9,5.6,74.0,1.4,4.0,225.0,160.0,998.3,1.0,0.0,0.0,
2025-08-08 07:00:00,,,,,,,0.2,1.6,143.0,170.0,998.2,22.0,,,
2025-08-08 08:00:00,,,,,,,0.2,2.2,0.0,133.0,997.9,85.0,,,
2025-08-08 09:00:00,,,,,,,0.9,2.9,164.0,153.0,997.9,211.0,,,
2025-08-08 10:00:00,,,,,,,2.2,5.3,32.0,36.0,997.9,328.0,,,
2025-08-08 11:00:00,,,,,,,2.2,5.5,141.0,130.0,998.1,443.0,,,
2025-08-08 12:00:00,11.5,12.3,12.3,11.0,5.6,41.0,2.2,3.6,143.0,143.0,998.1,525.0,0.0,0.0,
2025-08-08 13:00:00,12.1,12.8,,11.7,,40.0,2.5,3.9,140.0,145.0,998.3,602.0,0.0,,
2025-08-08 14:00:00,12.8,13.4,,11.9,,38.0,2.4,4.9,135.0,147.0,998.3,655.0,0.0,,
2025-08-08 15:00:00,12.7,13.4,,12.2,,41.0,3.2,5.8,152.0,146.0,998.2,669.0,0.0,,
2025-08-08 16:00:00,10.6,13.0,,8.5,,52.0,4.8,7.6,157.0,153.0,998.3,651.0,0.0,,
2025-08-08 17:00:00,9.3,9.8,,8.5,,62.0,4.4,6.9,154.0,153.0,998.2,603.0,0.0,,
2025-08-08 18:00:00,8.9,9.6,13.4,7.9,7.3,65.0,4.3,7.2,151.0,157.0,998.4,334.0,0.0,0.0,
2025-08-08 19:00:00,8.6,9.3,,8.2,,63.0,3.9,6.1,162.0,158.0,998.3,275.0,0.0,,
2025-08-08 20:00:00,9.0,9.4,,8.6,,63.0,3.2,5.3,148.0,155.0,998.1,252.0,0.0,,
2025-08-08 21:00:00,9.6,10.4,,8.7,,61.0,2.0,5.0,159.0,157.0,997.8,254.0,0.0,,
2025-08-08 22:00:00,8.2,8.7,,7.8,,66.0,3.1,5.1,159.0,152.0,997.5,114.0,0.0,,
2025-08-08 23:00:00,7.2,8.3,,6.8,,75.0,3.3,5.3,163.0,160.0,997.3,23.0,0.0,,
2025-08-09 00:00:00,6.8,7.0,13.4,6.4,6.4,77.0,0.9,3.9,0.0,154.0,997.1,2.0,0.0,0.0,
2025-08-09 01:00:00,6.4,6.9,,5.8,,80.0,1.0,2.4,308.0,282.0,996.9,0.0,0.0,,10.0
2025-08-09 02:00:00,5.7,6.0,,5.4,,84.0,0.9,2.9,158.0,160.0,996.7,0.0,0.0,,25.0
2025-08-09 03:00:00,5.2,5.7,,4.8,,90.0,1.3,2.8,225.0,166.0,996.8,0.0,0.0,,40.0
2025-08-09 04:00:00,4.9,5.2,,4.6,,91.0,0.2,1.4,0.0,205.0,996.8,0.0,0.0,,10.0
2025-08-09 05:00:00,4.7,4.8,,4.5,,92.0,0.0,0.9,0.0,0.0,996.8,0.0,0.0,,10.0
2025-08-09 06:00:00,4.5,4.8,10.4,4.2,4.2,93.0,0.6,2.8,0.0,160.0,997.2,0.0,0.0,0.0,
2025-08-09 07:00:00,4.2,4.7,,4.0,,94.0,0.0,0.1,0.0,0.0,997.7,17.0,0.0,,
2025-08-09 08:00:00,5.7,6.5,,4.6,,89.0,0.0,0.8,26.0,0.0,998.0,79.0,0.0,,
2025-08-09 09:00:00,6.6,6.9,,6.4,,86.0,0.2,1.7,33.0,33.0,998.4,210.0,0.0,,
2025-08-09 10:00:00,7.7,8.4,,6.9,,77.0,0.3,1.3,18.0,24.0,998.6,331.0,0.0,,
2025-08-09 11:00:00,9.4,10.3,,8.3,,66.0,0.9,2.9,135.0,122.0,999.2,404.0,0.0,,
2025-08-09 12:00:00,11.3,12.1,12.1,10.2,4.0,48.0,1.4,3.3,135.0,143.0,999.6,521.0,0.0,0.0,
2025-08-09 13:00:00,11.6,11.9,,11.2,,45.0,2.7,4.9,145.0,150.0,1000.0,595.0,0.0,,
2025-08-09 14:00:00,11.7,12.4,,11.2,,46.0,3.1,5.4,143.0,139.0,1000.4,644.0,0.0,,
2025-08-09 15:00:00,12.1,12.6,,11.5,,46.0,2.4,4.9,133.0,141.0,1000.8,659.0,0.0,,
2025-08-09 16:00:00,12.2,12.5,,11.9,,49.0,2.7,5.4,136.0,136.0,1000.9,642.0,0.0,,
2025-08-09 17:00:00,12.3,12.8,,11.9,,49.0,3.2,5.9,136.0,136.0,1001.2,601.0,0.0,,
2025-08-09 18:00:00,11.7,12.8,12.8,10.8,4.0,47.0,3.6,6.4,136.0,140.0,1001.7,529.0,0.0,0.0,
2025-08-09 19:00:00,10.9,11.7,,10.5,,48.0,3.7,6.5,151.0,139.0,1002.4,437.0,0.0,,
2025-08-09 20:00:00,11.3,11.9,,10.8,,49.0,2.3,4.5,142.0,136.0,1002.8,330.0,0.0,,
2025-08-09 21:00:00,10.4,10.9,,10.0,,54.0,3.1,5.3,158.0,154.0,1003.4,218.0,0.0,,
2025-08-09 22:00:00,9.8,10.1,,9.5,,64.0,2.3,4.4,152.0,160.0,1003.9,113.0,0.0,,
2025-08-09 23:00:00,8.4,9.5,,7.9,,76.0,2.2,4.0,135.0,145.0,1004.9,20.0,0.0,,
2025-08-10 00:00:00,7.3,7.9,12.8,6.7,6.7,87.0,1.4,3.4,0.0,143.0,1005.5,1.0,0.0,0.0,
2025-08-10 01:00:00,7.1,7.6,,6.7,,88.0,0.8,1.9,251.0,267.0,1005.5,0.0,0.0,,
2025-08-10 02:00:00,6.8,7.7,,5.7,,89.0,0.8,2.0,181.0,227.0,1005.9,0.0,0.0,,
2025-08-10 03:00:00,6.3,6.6,,5.9,,91.0,0.2,1.3,0.0,189.0,1006.3,0.0,0.0,,
2025-08-10 04:00:00,6.0,6.7,,5.5,,93.0,0.0,0.5,0.0,0.0,1006.7,0.0,0.0,,
2025-08-10 05:00:00,5.8,6.1,,5.5,,94.0,0.3,1.2,144.0,235.0,1006.8,0.0,0.0,,
2025-08-10 06:00:00,5.7,6.0,11.9,5.5,5.5,95.0,0.2,1.2,0.0,167.0,1007.3,0.0,0.0,0.0,40.0
2025-08-10 07:00:00,5.4,5.6,,5.0,,94.0,0.5,1.4,283.0,253.0,1007.8,13.0,0.0,,75.0
2025-08-10 08:00:00,6.2,6.8,,5.6,,92.0,0.0,0.7,40.0,0.0,1008.1,71.0,0.0,,100.0
2025-08-10 09:00:00,7.0,8.4,,6.2,,91.0,0.1,1.1,0.0,183.0,1008.0,158.0,0.0,,10.0
2025-08-10 10:00:00,7.6,8.4,,7.3,,88.0,0.9,2.0,25.0,31.0,1008.2,307.0,0.0,,
2025-08-10 11:00:00,8.1,8.8,,7.5,,86.0,2.0,4.0,151.0,139.0,1008.4,432.0,0.0,,
2025-08-10 12:00:00,7.9,9.4,9.4,7.1,5.0,84.0,2.5,4.2,135.0,147.0,1008.4,517.0,0.0,0.0,
2025-08-10 13:00:00,9.9,10.3,,9.2,,72.0,2.9,5.3,134.0,127.0,1008.5,592.0,0.0,,
2025-08-10 14:00:00,10.0,10.6,,9.6,,68.0,3.8,6.7,139.0,135.0,1008.5,624.0,0.0,,
2025-08-10 15:00:00,9.2,10.0,,8.8,,69.0,4.3,7.1,138.0,135.0,1008.3,633.0,0.0,,
2025-08-10 16:00:00,9.6,10.3,,9.0,,68.0,3.3,7.8,135.0,134.0,1008.0,576.0,0.0,,
2025-08-10 17:00:00,10.1,10.8,,9.5,,65.0,3.1,5.5,133.0,129.0,1007.8,543.0,0.0,,
2025-08-10 18:00:00,9.3,9.8,10.8,9.0,5.0,70.0,3.8,6.2,134.0,132.0,1007.9,421.0,0.0,0.0,40.0
2025-08-10 19:00:00,8.5,9.6,,7.6,,77.0,3.3,6.0,120.0,142.0,1007.5,278.0,0.0,,10.0
2025-08-10 20:00:00,7.8,8.3,,7.3,,77.0,2.7,4.7,130.0,135.0,1007.6,170.0,0.0,,100.0
2025-08-10 21:00:00,7.8,8.0,,7.4,,76.0,1.9,4.3,130.0,135.0,1007.3,103.0,0.0,,100.0
2025-08-10 22:00:00,8.2,8.4,,8.0,,73.0,1.0,2.3,138.0,143.0,1007.3,46.0,0.0,,100.0
2025-08-10 23:00:00,8.1,8.5,,7.7,,75.0,0.5,1.8,123.0,74.0,1007.2,8.0,0.0,,100.0
2025-08-11 00:00:00,8.6,8.7,10.8,8.4,7.3,73.0,0.8,2.5,141.0,128.0,1006.9,0.0,0.0,0.0,100.0
2025-08-11 01:00:00,8.9,9.2,,8.7,,71.0,2.4,4.5,131.0,133.0,1006.9,0.0,0.0,,100.0
2025-08-11 02:00:00,9.2,9.3,,9.1,,67.0,2.9,4.7,120.0,122.0,1006.8,0.0,0.0,,100.0
2025-08-11 03:00:00,8.9,9.2,,8.4,,70.0,3.0,7.7,112.0,101.0,1006.7,0.0,0.0,,100.0
2025-08-11 04:00:00,8.6,8.7,,8.4,,74.0,2.6,5.8,88.0,98.0,1006.3,0.0,0.0,,100.0
2025-08-11 05:00:00,8.0,8.6,,7.7,,81.0,0.9,4.6,0.0,91.0,1006.2,0.0,0.8,,100.0
2025-08-11 06:00:00,7.4,7.7,9.6,7.2,7.2,87.0,0.5,1.9,244.0,240.0,1006.0,0.0,1.8,2.6,100.0
2025-08-11 07:00:00,7.1,7.2,,7.0,,91.0,0.8,2.8,263.0,262.0,1005.7,2.0,2.0,,100.0
2025-08-11 08:00:00,7.3,7.4,,7.1,,90.0,1.6,2.9,268.0,259.0,1005.8,9.0,2.2,,100.0
2025-08-11 09:00:00,7.5,7.6,,7.4,,89.0,1.5,3.2,263.0,268.0,1005.6,23.0,1.5,,100.0
2025-08-11 10:00:00,7.6,7.6,,7.5,,89.0,1.1,3.2,273.0,288.0,1005.3,31.0,2.7,,100.0
2025-08-11 11:00:00,7.9,8.2,,7.6,,86.0,2.7,6.0,352.0,298.0,1005.1,43.0,1.2,,100.0
2025-08-11 12:00:00,8.3,8.4,9.3,8.1,7.0,77.0,3.5,7.0,359.0,356.0,1005.2,54.0,1.4,13.5,100.0
2025-08-11 13:00:00,8.0,8.1,,7.9,,78.0,3.9,9.0,334.0,339.0,1005.1,56.0,2.3,,100.0
2025-08-11 14:00:00,8.0,8.1,,7.8,,77.0,3.7,7.3,333.0,338.0,1005.0,51.0,2.6,,100.0
2025-08-11 15:00:00,8.1,8.2,,8.0,,78.0,3.0,6.1,355.0,348.0,1005.0,58.0,1.8,,100.0
2025-08-11 16:00:00,8.3,8.4,,8.2,,78.0,2.6,5.8,349.0,354.0,1005.0,66.0,0.5,,100.0
2025-08-11 17:00:00,8.3,8.4,,8.1,,77.0,2.7,5.1,359.0,13.0,1005.4,76.0,0.5,,100.0
2025-08-11 18:00:00,8.2,8.4,8.4,8.1,7.0,75.0,2.4,4.9,6.0,3.0,1005.5,85.0,0.3,21.5,100.0
2025-08-11 19:00:00,8.3,8.4,,8.1,,76.0,2.6,5.6,8.0,6.0,1005.5,76.0,0.1,,100.0
2025-08-11 20:00:00,8.0,8.2,,7.9,,83.0,1.2,4.0,270.0,349.0,1005.6,69.0,0.3,,100.0
2025-08-11 21:00:00,8.1,8.4,,7.9,,80.0,1.1,2.7,172.0,211.0,1005.6,54.0,0.1,,100.0
2025-08-11 22:00:00,7.8,7.9,,7.7,,83.0,1.6,2.9,170.0,157.0,1005.8,21.0,0.0,,100.0
2025-08-11 23:00:00,7.5,7.8,,7.2,,90.0,0.5,1.9,355.0,176.0,1005.8,5.0,0.3,,100.0
2025-08-12 00:00:00,6.9,7.2,8.4,6.9,6.9,94.0,0.3,1.5,358.0,325.0,1005.7,0.0,0.4,22.5,100.0
2025-08-12 01:00:00,6.8,6.9,,6.8,,95.0,0.4,2.0,25.0,27.0,1005.4,0.0,0.2,,100.0
2025-08-12 02:00:00,7.8,8.9,,6.8,,86.0,2.0,5.4,289.0,313.0,1004.8,0.0,0.0,,100.0
2025-08-12 03:00:00,8.6,9.1,,8.3,,78.0,1.1,4.5,28.0,352.0,1004.7,0.0,0.0,,100.0
2025-08-12 04:00:00,8.4,9.0,,7.1,,80.0,2.0,5.8,161.0,157.0,1005.0,0.0,0.0,,100.0
2025-08-12 05:00:00,6.9,7.3,,6.7,,91.0,3.3,6.6,161.0,155.0,1005.3,0.0,0.0,,60.0
2025-08-12 06:00:00,6.6,6.9,9.1,6.3,6.3,92.0,1.2,2.7,264.0,187.0,1005.6,0.0,0.0,20.0,60.0
2025-08-12 07:00:00,6.6,6.8,,6.4,,93.0,1.4,3.3,269.0,312.0,1006.0,7.0,0.0,,100.0
2025-08-12 08:00:00,7.0,7.3,,6.7,,92.0,0.6,2.0,157.0,152.0,1006.2,17.0,0.0,,100.0
2025-08-12 09:00:00,7.4,7.7,,7.2,,90.0,1.3,2.7,165.0,164.0,1006.4,35.0,0.0,,100.0
2025-08-12 10:00:00,7.5,7.7,,7.4,,89.0,2.6,3.9,152.0,151.0,1006.8,80.0,0.0,,100.0
2025-08-12 11:00:00,8.1,8.4,,7.6,,86.0,1.8,3.1,328.0,158.0,1007.2,129.0,0.0,,100.0
2025-08-12 12:00:00,8.4,8.8,9.1,8.1,6.3,85.0,0.5,2.0,3.0,2.0,1007.5,193.0,0.0,9.2,100.0
2025-08-12 13:00:00,8.9,9.5,,8.6,,82.0,0.3,1.3,340.0,14.0,1007.7,154.0,0.0,,100.0
2025-08-12 14:00:00,9.5,9.9,,9.1,,78.0,0.7,2.3,28.0,25.0,1007.5,180.0,0.0,,100.0
2025-08-12 15:00:00,10.2,10.6,,9.6,,74.0,0.6,1.8,43.0,33.0,1007.7,220.0,0.0,,100.0
2025-08-12 16:00:00,10.8,11.0,,10.6,,70.0,1.0,2.8,29.0,18.0,1007.7,211.0,0.0,,100.0
2025-08-12 17:00:00,9.3,10.9,,8.6,,79.0,2.7,5.3,158.0,157.0,1008.1,111.0,0.1,,100.0
2025-08-12 18:00:00,8.8,9.3,11.0,8.4,6.4,79.0,2.7,4.2,138.0,141.0,1008.5,134.0,0.0,1.3,100.0
2025-08-12 19:00:00,8.1,8.5,,8.1,,79.0,2.8,4.8,156.0,153.0,1008.9,62.0,0.0,,100.0
2025-08-12 20:00:00,8.0,8.1,,7.9,,79.0,2.2,3.9,145.0,154.0,1008.9,43.0,0.0,,100.0
2025-08-12 21:00:00,8.1,8.4,,8.0,,79.0,1.1,2.5,38.0,126.0,1009.0,72.0,0.0,,100.0
2025-08-12 22:00:00,8.3,8.4,,8.2,,80.0,0.2,1.1,0.0,332.0,1008.9,61.0,0.0,,100.0
2025-08-12 23:00:00,8.1,8.4,,8.0,,82.0,0.5,2.0,195.0,175.0,1009.1,16.0,0.0,,100.0
2025-08-13 00:00:00,7.8,8.0,11.0,7.6,7.6,84.0,0.7,3.6,161.0,160.0,1009.2,0.0,0.0,0.3,100.0
2025-08-13 01:00:00,7.7,8.1,,7.1,,86.0,1.0,3.0,347.0,120.0,1009.2,0.0,0.1,,100.0
2025-08-13 02:00:00,7.0,7.2,,6.5,,90.0,0.4,2.0,174.0,179.0,1009.1,0.0,0.0,,100.0
2025-08-13 03:00:00,6.8,6.9,,6.6,,91.0,0.1,1.3,0.0,208.0,1008.7,0.0,0.0,,100.0
2025-08-13 04:00:00,6.6,6.8,,6.3,,92.0,0.1,1.4,300.0,287.0,1008.4,0.0,0.0,,90.0
2025-08-13 05:00:00,6.5,7.1,,6.1,,92.0,0.2,1.6,341.0,331.0,1008.3,0.0,0.0,,25.0
2025-08-13 06:00:00,6.7,7.1,8.5,6.3,6.1,77.0,0.6,1.6,123.0,97.0,1008.3,0.0,0.0,0.1,
2025-08-13 07:00:00,6.6,6.9,,6.4,,67.0,1.2,2.7,286.0,87.0,1008.6,14.0,0.0,,
2025-08-13 08:00:00,7.0,7.3,,6.6,,67.0,0.6,2.6,33.0,45.0,1008.6,56.0,0.0,,
2025-08-13 09:00:00,7.1,7.4,,6.8,,71.0,0.6,2.8,301.0,22.0,1008.5,141.0,0.0,,10.0
2025-08-13 10:00:00,7.6,7.9,,7.3,,67.0,1.1,3.1,315.0,317.0,1008.5,178.0,0.0,,50.0
2025-08-13 11:00:00,8.4,8.6,,8.0,,61.0,2.1,4.9,15.0,4.0,1008.4,253.0,0.0,,10.0
2025-08-13 12:00:00,8.4,8.6,8.6,8.1,6.1,63.0,1.6,5.0,48.0,34.0,1008.5,199.0,0.0,0.1,10.0
2025-08-13 13:00:00,8.1,8.5,,7.8,,69.0,1.4,3.4,147.0,147.0,1008.8,226.0,0.0,,90.0
2025-08-13 14:00:00,8.0,8.4,,7.8,,69.0,2.3,3.8,137.0,142.0,1008.7,286.0,0.0,,60.0
2025-08-13 15:00:00,8.9,9.5,,8.3,,64.0,1.7,3.2,125.0,127.0,1008.5,371.0,0.0,,75.0
2025-08-13 16:00:00,9.2,9.5,,8.9,,62.0,1.8,3.3,33.0,114.0,1008.2,365.0,0.0,,90.0
2025-08-13 17:00:00,9.4,9.6,,9.2,,61.0,1.2,2.7,35.0,30.0,1008.0,411.0,0.0,,100.0
2025-08-13 18:00:00,9.8,10.1,10.1,9.4,6.4,58.0,1.3,2.5,144.0,146.0,1008.2,225.0,0.0,0.0,90.0
2025-08-13 19:00:00,10.6,11.1,,10.1,,52.0,1.9,7.9,245.0,226.0,1008.0,389.0,0.0,,75.0
2025-08-13 20:00:00,10.5,10.9,,10.1,,44.0,3.2,6.9,182.0,245.0,1008.0,312.0,0.0,,
2025-08-13 21:00:00,10.7,10.9,,10.4,,40.0,2.4,4.5,253.0,245.0,1008.0,205.0,0.0,,
2025-08-13 22:00:00,9.4,10.5,,8.3,,51.0,1.5,3.3,299.0,319.0,1008.1,87.0,0.0,,
2025-08-13 23:00:00,8.6,9.1,,8.2,,50.0,1.7,5.6,258.0,296.0,1008.1,10.0,0.0,,
2025-08-14 00:00:00,8.7,9.4,11.1,8.3,7.8,45.0,2.8,6.9,278.0,285.0,1008.2,0.0,0.0,0.0,
2025-08-14 01:00:00,8.9,9.4,,8.2,,42.0,3.0,9.5,270.0,270.0,1007.7,0.0,0.0,,
2025-08-14 02:00:00,9.0,9.5,,8.3,,36.0,3.2,11.0,269.0,278.0,1007.5,0.0,0.0,,
2025-08-14 03:00:00,9.0,9.3,,8.7,,32.0,5.8,11.7,276.0,281.0,1007.4,0.0,0.0,,
2025-08-14 04:00:00,9.0,9.5,,8.4,,33.0,2.7,8.8,1.0,8.0,1007.5,0.0,0.0,,
2025-08-14 05:00:00,8.9,9.2,,8.7,,29.0,4.2,9.9,282.0,313.0,1008.0,0.0,0.0,,
2025-08-14 06:00:00,8.8,9.2,11.1,8.3,8.2,28.0,5.1,9.5,337.0,309.0,1008.2,0.0,0.0,0.0,
2025-08-14 07:00:00,8.4,9.1,,8.0,,30.0,5.4,11.5,350.0,338.0,1008.7,9.0,0.0,,60.0
2025-08-14 08:00:00,8.1,8.4,,7.7,,32.0,5.1,12.1,311.0,327.0,1009.0,30.0,0.0,,60.0
2025-08-14 09:00:00,8.7,9.1,,8.1,,31.0,4.4,8.0,322.0,318.0,1009.1,187.0,0.0,,
2025-08-14 10:00:00,8.6,10.3,,4.2,,41.0,2.8,9.6,147.0,153.0,1009.8,271.0,0.0,,10.0
2025-08-14 11:00:00,4.6,5.8,,3.4,,83.0,5.1,9.2,138.0,151.0,1010.8,359.0,0.0,,40.0
2025-08-14 12:00:00,5.9,6.5,10.3,5.4,3.4,73.0,2.3,6.2,359.0,124.0,1011.4,304.0,0.0,0.0,100.0
2025-08-14 13:00:00,6.7,7.9,,5.9,,67.0,0.6,2.3,93.0,2.0,1011.5,156.0,0.0,,100.0
2025-08-14 14:00:00,7.4,8.1,,5.9,,61.0,2.5,5.0,143.0,152.0,1011.8,118.0,0.0,,100.0
2025-08-14 15:00:00,5.4,6.0,,4.8,,82.0,3.3,7.8,76.0,159.0,1013.5,69.0,0.0,,100.0
2025-08-14 16:00:00,5.4,6.1,,4.8,,85.0,2.1,5.5,174.0,164.0,1013.8,68.0,0.2,,100.0
2025-08-14 17:00:00,5.4,5.6,,5.3,,88.0,0.5,2.4,58.0,356.0,1014.6,32.0,2.2,,100.0
2025-08-14 18:00:00,5.0,5.3,10.3,4.6,3.4,92.0,1.1,3.1,135.0,145.0,1015.3,33.0,2.2,4.5,100.0
2025-08-14 19:00:00,5.3,5.6,,5.1,,90.0,0.3,1.6,256.0,240.0,1015.9,38.0,0.2,,100.0
2025-08-14 20:00:00,5.9,6.4,,5.6,,87.0,1.4,2.1,255.0,257.0,1016.2,50.0,0.1,,100.0
2025-08-14 21:00:00,6.8,7.1,,6.4,,79.0,1.2,2.7,318.0,279.0,1016.2,74.0,0.0,,100.0
2025-08-14 22:00:00,7.1,7.2,,7.1,,76.0,0.9,2.4,333.0,329.0,1016.2,17.0,0.0,,100.0
2025-08-14 23:00:00,7.1,7.2,,6.9,,76.0,0.0,1.2,0.0,0.0,1016.8,5.0,0.0,,100.0
2025-08-15 00:00:00,7.0,7.3,8.1,6.7,4.6,77.0,0.8,4.0,13.0,6.0,1017.0,0.0,0.0,4.9,100.0
2025-08-15 01:00:00,6.6,6.7,,6.5,,78.0,1.2,4.9,11.0,360.0,1017.1,0.0,0.0,,100.0
2025-08-15 02:00:00,6.8,6.9,,6.6,,75.0,0.8,3.2,22.0,23.0,1017.1,0.0,0.1,,100.0
2025-08-15 03:00:00,6.5,6.8,,6.3,,80.0,0.2,2.2,263.0,332.0,1016.9,0.0,0.4,,100.0
2025-08-15 04:00:00,6.2,6.3,,6.0,,84.0,0.3,1.7,173.0,196.0,1016.8,0.0,0.1,,100.0
2025-08-15 05:00:00,6.1,6.3,,5.7,,87.0,0.7,1.6,280.0,177.0,1016.7,0.0,0.0,,100.0
2025-08-15 06:00:00,5.7,5.9,7.3,5.6,5.1,91.0,0.4,1.2,266.0,304.0,1016.4,0.0,0.0,5.5,100.0
2025-08-15 07:00:00,6.0,6.2,,5.9,,87.0,0.5,2.2,15.0,168.0,1016.0,3.0,0.0,,100.0
2025-08-15 08:00:00,6.1,6.6,,5.8,,88.0,1.1,3.8,164.0,222.0,1016.6,37.0,0.0,,100.0
2025-08-15 09:00:00,6.3,6.8,,5.9,,86.0,0.8,3.0,132.0,156.0,1015.7,96.0,0.1,,60.0
2025-08-15 10:00:00,6.9,7.1,,6.8,,84.0,0.5,2.2,3.0,107.0,1015.5,136.0,0.0,,100.0
2025-08-15 11:00:00,7.1,8.0,,6.7,,82.0,0.2,2.0,20.0,159.0,1015.2,188.0,0.0,,75.0
2025-08-15 12:00:00,8.1,9.3,9.3,7.4,5.6,78.0,0.8,2.6,138.0,58.0,1014.4,390.0,0.0,5.6,25.0
2025-08-15 13:00:00,9.1,9.4,,8.7,,73.0,1.3,2.5,39.0,90.0,1013.8,356.0,0.0,,25.0
2025-08-15 14:00:00,9.9,10.7,,9.1,,67.0,0.9,4.8,190.0,164.0,1013.2,406.0,0.0,,
2025-08-15 15:00:00,10.2,10.4,,9.9,,52.0,5.3,8.8,232.0,232.0,1012.8,375.0,0.0,,25.0
2025-08-15 16:00:00,10.2,10.6,,9.9,,52.0,5.6,9.2,232.0,234.0,1012.1,559.0,0.0,,
2025-08-15 17:00:00,10.5,11.0,,9.9,,49.0,5.3,8.2,234.0,234.0,1012.1,447.0,0.0,,40.0
2025-08-15 18:00:00,10.5,11.2,11.2,9.9,5.8,48.0,4.7,8.8,241.0,237.0,1011.5,287.0,0.0,1.0,100.0
2025-08-15 19:00:00,10.8,11.2,,10.2,,48.0,3.6,6.5,246.0,246.0,1010.9,204.0,0.0,,100.0
2025-08-15 20:00:00,10.3,10.8,,10.0,,53.0,1.0,4.0,21.0,102.0,1011.2,93.0,0.0,,100.0
2025-08-15 21:00:00,9.2,10.0,,8.1,,60.0,1.4,4.0,20.0,4.0,1010.9,17.0,0.0,,100.0
2025-08-15 22:00:00,8.2,8.8,,7.4,,67.0,1.9,5.1,318.0,278.0,1011.2,7.0,0.0,,100.0
2025-08-15 23:00:00,7.4,7.6,,7.1,,74.0,1.8,5.4,307.0,308.0,1010.8,0.0,0.1,,100.0
2025-08-16 00:00:00,6.4,7.1,11.2,6.0,6.0,84.0,,,,,,,,,100.0
2025-08-16 01:00:00,5.9,6.0,,5.7,,88.0,,,,,,,1.7,,100.0
2025-08-16 02:00:00,5.7,6.0,,5.4,,93.0,,,,,,,,,100.0
2025-08-16 03:00:00,5.3,5.5,,5.3,,96.0,,,,,,,,,100.0
2025-08-16 04:00:00,5.6,5.8,,5.3,,96.0,,,,,,,,,100.0
2025-08-16 05:00:00,5.9,6.1,,5.8,,95.0,0.1,1.2,0.0,189.0,1006.8,0.0,0.0,,100.0
2025-08-16 06:00:00,6.2,6.3,11.2,6.1,5.3,95.0,0.8,2.3,0.0,165.0,1006.5,0.0,0.0,7.9,100.0
2025-08-16 07:00:00,6.5,6.6,,6.4,,93.0,0.5,1.6,322.0,136.0,1006.3,3.0,0.0,,100.0
2025-08-16 08:00:00,6.4,6.4,,6.3,,94.0,0.2,1.3,335.0,341.0,1006.3,20.0,0.0,,100.0
2025-08-16 09:00:00,6.6,6.9,,6.4,,93.0,0.8,3.7,152.0,144.0,1006.5,58.0,0.0,,100.0
2025-08-16 10:00:00,6.6,6.9,,6.4,,91.0,1.2,3.7,323.0,153.0,1006.4,74.0,0.0,,100.0
2025-08-16 11:00:00,6.9,7.4,,6.4,,91.0,0.6,3.0,150.0,135.0,1006.9,133.0,0.0,,100.0
2025-08-16 12:00:00,7.0,7.3,7.4,6.4,5.3,90.0,2.1,3.8,152.0,151.0,1007.4,188.0,0.0,7.8,100.0
2025-08-16 13:00:00,7.8,8.2,,7.1,,85.0,0.9,3.0,22.0,94.0,1007.3,244.0,0.0,,100.0
2025-08-16 14:00:00,8.7,9.4,,8.1,,82.0,1.5,3.7,137.0,122.0,1007.6,467.0,0.0,,50.0
2025-08-16 15:00:00,8.9,9.7,,8.3,,79.0,2.6,4.3,152.0,149.0,1007.8,614.0,0.0,,
2025-08-16 16:00:00,9.6,10.4,,8.8,,76.0,2.2,3.9,146.0,150.0,1008.2,597.0,0.0,,
2025-08-16 17:00:00,10.2,11.0,,9.7,,72.0,1.8,3.2,23.0,46.0,1008.6,556.0,0.0,,
2025-08-16 18:00:00,10.1,10.4,11.0,9.7,6.3,71.0,1.3,2.4,16.0,23.0,1008.9,490.0,0.0,7.8,
2025-08-16 19:00:00,9.8,10.8,,9.1,,73.0,1.4,3.0,6.0,351.0,1009.0,400.0,0.0,,
2025-08-16 20:00:00,9.9,10.3,,9.3,,72.0,1.1,2.5,15.0,14.0,1009.4,295.0,0.0,,
2025-08-16 21:00:00,8.4,9.4,,7.8,,77.0,1.1,2.5,9.0,11.0,1009.9,120.0,0.0,,
2025-08-16 22:00:00,6.9,7.8,,6.2,,84.0,1.0,2.2,335.0,3.0,1010.2,30.0,0.0,,
2025-08-16 23:00:00,5.7,6.1,,5.2,,89.0,1.7,4.1,180.0,150.0,1010.6,7.0,0.0,,
2025-08-17 00:00:00,5.3,5.4,11.0,5.0,5.0,92.0,1.3,4.5,153.0,158.0,1011.0,0.0,0.0,6.1,
2025-08-17 01:00:00,5.1,5.5,,5.0,,92.0,2.9,5.6,154.0,159.0,1011.9,0.0,0.0,,
2025-08-17 02:00:00,5.3,5.6,,5.0,,88.0,0.6,2.8,279.0,171.0,1012.5,0.0,0.0,,40.0
2025-08-17 03:00:00,5.3,5.5,,5.0,,86.0,0.9,2.0,280.0,274.0,1012.6,0.0,0.0,,40.0
2025-08-17 04:00:00,5.4,5.7,,5.0,,88.0,0.7,3.0,158.0,150.0,1012.7,0.0,0.0,,
2025-08-17 05:00:00,5.8,6.0,,5.6,,87.0,1.7,2.7,153.0,149.0,1013.1,0.0,0.0,,
2025-08-17 06:00:00,5.5,6.1,10.8,4.8,4.8,87.0,0.3,1.5,195.0,129.0,1013.7,0.0,0.0,0.0,
2025-08-17 07:00:00,5.3,5.6,,4.8,,88.0,1.3,2.7,152.0,161.0,1014.5,8.0,0.0,,
2025-08-17 08:00:00,5.8,6.2,,5.4,,87.0,0.9,2.7,333.0,269.0,1015.0,43.0,0.0,,
2025-08-17 09:00:00,6.2,6.8,,5.8,,87.0,0.2,1.7,38.0,342.0,1015.4,167.0,0.0,,
2025-08-17 10:00:00,6.6,7.3,,6.1,,86.0,0.4,2.0,38.0,34.0,1015.9,235.0,0.0,,
2025-08-17 11:00:00,7.5,7.8,,6.7,,80.0,,,,,,,,,
2025-08-17 12:00:00,7.4,8.3,8.3,6.6,4.8,82.0,2.5,4.5,132.0,141.0,1017.2,496.0,0.0,0.0,
2025-08-17 13:00:00,7.6,8.6,,6.7,,81.0,2.8,5.0,139.0,136.0,1018.0,557.0,0.0,,
2025-08-17 14:00:00,6.6,6.9,,5.9,,87.0,3.7,6.0,143.0,140.0,1018.6,602.0,0.0,,
2025-08-17 15:00:00,6.8,7.3,,6.3,,87.0,3.1,5.2,138.0,141.0,1019.1,618.0,0.0,,
2025-08-17 16:00:00,7.0,7.7,,6.5,,85.0,3.4,5.9,127.0,132.0,1019.8,603.0,0.0,,
2025-08-17 17:00:00,6.4,7.6,,5.5,,88.0,3.3,5.2,141.0,141.0,1020.4,555.0,0.0,,
2025-08-17 18:00:00,6.7,7.2,8.6,6.4,4.8,87.0,,,,,,,,,
2025-08-17 19:00:00,7.0,7.3,,6.2,,86.0,1.8,3.4,5.0,150.0,1021.8,379.0,0.0,,40.0
2025-08-17 20:00:00,5.9,6.3,,5.7,,92.0,1.2,2.9,310.0,351.0,1022.3,190.0,0.0,,50.0
2025-08-17 21:00:00,6.3,6.7,,6.0,,90.0,0.7,1.6,38.0,22.0,1023.1,149.0,0.0,,10.0
2025-08-17 22:00:00,6.5,7.0,,6.2,,89.0,0.6,2.4,148.0,128.0,1023.6,76.0,0.0,,
2025-08-17 23:00:00,6.0,6.4,,5.6,,90.0,2.4,4.3,153.0,151.0,1024.6,8.0,0.0,,90.0
2025-08-18 00:00:00,,,,,,,2.3,5.1,157.0,,1025.4,0.0,,,100.0
2025-08-18 01:00:00,5.1,5.2,,4.9,,95.0,2.0,3.1,170.0,161.0,1026.1,0.0,0.0,,100.0
2025-08-18 02:00:00,4.8,5.0,,4.8,,98.0,1.8,3.1,176.0,164.0,1027.0,0.0,0.0,,100.0
2025-08-18 03:00:00,5.0,5.1,,4.9,,99.0,0.5,2.3,34.0,34.0,1027.7,0.0,0.0,,100.0
2025-08-18 04:00:00,4.9,5.0,,4.6,,99.0,,,,,,,,,100.0
2025-08-18 05:00:00,4.6,4.7,,4.6,,99.0,1.5,3.2,209.0,191.0,1029.4,0.0,0.0,,100.0
2025-08-18 06:00:00,4.7,4.8,7.3,4.4,4.4,99.0,0.5,2.3,283.0,244.0,1030.4,0.0,0.0,0.0,100.0
2025-08-18 07:00:00,4.5,4.6,,4.3,,98.0,1.2,2.4,262.0,268.0,1031.3,4.0,0.0,,10.0
2025-08-18 08:00:00,4.6,4.8,,4.5,,96.0,0.3,1.6,0.0,267.0,1032.2,30.0,0.0,,40.0
2025-08-18 09:00:00,5.8,6.4,,4.9,,92.0,0.3,1.5,28.0,37.0,1033.1,171.0,0.0,,25.0
2025-08-18 10:00:00,6.7,7.1,,6.4,,85.0,0.6,1.9,30.0,42.0,1033.6,274.0,0.0,,
2025-08-18 11:00:00,7.1,7.6,,6.7,,81.0,2.1,4.1,143.0,123.0,1034.1,391.0,0.0,,
2025-08-18 12:00:00,7.0,7.4,7.6,6.8,4.3,80.0,2.4,4.9,134.0,136.0,1034.6,414.0,0.0,0.0,90.0
2025-08-18 13:00:00,7.4,8.2,,7.0,,78.0,2.4,4.0,133.0,148.0,1035.1,502.0,0.0,,10.0
2025-08-18 14:00:00,7.7,8.2,,7.3,,77.0,2.5,4.1,154.0,146.0,1035.2,580.0,0.0,,
2025-08-18 15:00:00,7.3,7.8,,6.3,,81.0,3.4,5.7,137.0,134.0,1035.4,600.0,0.0,,25.0
2025-08-18 16:00:00,6.5,7.0,,5.9,,85.0,3.9,5.8,139.0,137.0,1035.4,566.0,0.0,,40.0
2025-08-18 17:00:00,7.3,8.2,,6.2,,81.0,2.0,5.3,278.0,133.0,1035.2,545.0,0.0,,
2025-08-18 18:00:00,7.3,8.3,8.3,6.7,4.3,81.0,1.5,3.1,22.0,22.0,1035.0,464.0,0.0,0.0,
2025-08-18 19:00:00,7.1,7.8,,6.8,,83.0,1.4,3.0,146.0,27.0,,373.0,0.0,,
2025-08-18 20:00:00,6.7,7.4,,6.0,,85.0,1.6,3.6,218.0,160.0,1034.6,271.0,0.0,,
2025-08-18 21:00:00,5.4,6.8,,4.6,,91.0,1.3,2.6,17.0,23.0,1034.4,116.0,0.0,,100.0
2025-08-18 22:00:00,4.3,4.5,,4.1,,97.0,1.0,2.5,357.0,4.0,1034.4,27.0,0.0,,100.0
2025-08-18 23:00:00,4.1,4.4,,3.9,,98.0,1.1,2.5,41.0,18.0,1033.9,4.0,0.0,,100.0
2025-08-19 00:00:00,4.1,4.2,8.3,3.9,3.9,99.0,0.4,1.3,10.0,49.0,1033.7,0.0,0.0,0.0,100.0
2025-08-19 01:00:00,4.0,4.2,,3.9,,99.0,0.3,1.7,37.0,358.0,1033.2,0.0,0.0,,100.0
2025-08-19 02:00:00,3.8,4.1,,3.5,,99.0,0.4,1.9,0.0,52.0,1032.5,0.0,0.0,,100.0
2025-08-19 03:00:00,3.6,3.7,,3.5,,99.0,0.2,1.3,92.0,23.0,1031.6,0.0,0.0,,100.0
2025-08-19 04:00:00,3.3,3.5,,3.1,,99.0,0.2,1.5,283.0,62.0,1030.8,0.0,0.0,,100.0
2025-08-19 05:00:00,3.1,3.2,,2.8,,99.0,0.0,0.7,0.0,0.0,1030.0,0.0,0.0,,90.0
2025-08-19 06:00:00,2.7,2.9,7.8,2.5,2.5,99.0,0.0,0.6,0.0,0.0,1029.3,0.0,0.0,0.0,100.0
2025-08-19 07:00:00,2.5,2.7,,2.3,,99.0,0.0,0.8,0.0,0.0,1028.7,2.0,0.0,,50.0
2025-08-19 08:00:00,2.6,3.1,,2.3,,99.0,0.3,1.6,185.0,166.0,1028.3,30.0,0.0,,50.0
2025-08-19 09:00:00,3.2,3.7,,2.9,,99.0,0.2,1.1,26.0,32.0,1028.1,118.0,0.0,,40.0
2025-08-19 10:00:00,4.4,5.2,,3.6,,98.0,0.2,1.2,39.0,29.0,1027.5,247.0,0.0,,
2025-08-19 11:00:00,5.4,6.6,,4.8,,92.0,0.6,1.6,33.0,36.0,1027.1,365.0,0.0,,
2025-08-19 12:00:00,7.1,7.6,7.6,6.4,2.3,84.0,1.4,3.4,165.0,103.0,1027.1,458.0,0.0,0.0,
2025-08-19 13:00:00,8.0,8.3,,7.6,,79.0,1.4,3.1,35.0,109.0,1027.2,524.0,0.0,,
2025-08-19 14:00:00,6.9,7.9,,6.5,,81.0,1.9,3.7,38.0,32.0,1027.2,569.0,0.0,,
2025-08-19 15:00:00,7.3,7.9,,6.8,,80.0,1.5,2.7,23.0,27.0,1026.8,588.0,0.0,,
2025-08-19 16:00:00,8.3,9.4,,7.7,,76.0,1.2,2.8,126.0,33.0,1026.4,568.0,0.0,,
2025-08-19 17:00:00,8.9,9.5,,8.2,,74.0,2.2,3.4,167.0,161.0,1026.3,517.0,0.0,,
2025-08-19 18:00:00,8.8,9.7,9.7,8.2,2.3,75.0,1.5,2.7,65.0,156.0,1026.2,446.0,0.0,0.0,
2025-08-19 19:00:00,8.5,9.1,,8.1,,76.0,0.9,2.0,50.0,42.0,1026.4,350.0,0.0,,
2025-08-19 20:00:00,7.8,8.3,,7.5,,78.0,1.1,2.1,10.0,14.0,1026.7,258.0,0.0,,
2025-08-19 21:00:00,7.1,7.6,,6.8,,82.0,0.8,2.0,14.0,22.0,1027.0,149.0,0.0,,
2025-08-19 22:00:00,6.7,7.1,,6.4,,84.0,0.3,1.4,0.0,331.0,1027.3,51.0,0.0,,
2025-08-19 23:00:00,6.2,6.4,,6.0,,87.0,0.0,1.1,165.0,0.0,1027.7,6.0,0.0,,
2025-08-20 00:00:00,5.8,6.1,9.7,5.6,5.6,90.0,0.4,1.8,358.0,190.0,1027.8,0.0,0.0,0.0,
2025-08-20 01:00:00,5.7,5.8,,5.5,,90.0,0.0,0.1,0.0,0.0,1027.9,0.0,0.0,,
2025-08-20 02:00:00,5.5,5.8,,5.3,,92.0,0.4,1.1,156.0,162.0,1028.3,0.0,0.0,,50.0
2025-08-20 03:00:00,5.2,5.5,,5.0,,94.0,0.7,2.6,278.0,173.0,1028.8,0.0,0.0,,75.0
2025-08-20 04:00:00,5.6,6.2,,5.2,,93.0,0.4,2.5,172.0,189.0,1029.3,0.0,0.0,,100.0
2025-08-20 05:00:00,5.4,6.0,,5.2,,93.0,1.1,3.4,54.0,153.0,1029.7,0.0,0.0,,10.0
2025-08-20 06:00:00,5.4,6.6,9.1,5.0,5.0,93.0,1.1,3.6,150.0,158.0,1029.9,0.0,0.0,0.0,25.0
2025-08-20 07:00:00,5.9,8.5,,5.0,,88.0,0.4,3.9,0.0,116.0,1030.5,4.0,0.0,,50.0
2025-08-20 08:00:00,7.0,7.9,,5.1,,80.0,1.6,4.5,148.0,144.0,1030.9,42.0,0.0,,
2025-08-20 09:00:00,6.8,7.9,,5.3,,76.0,4.2,7.4,158.0,158.0,1031.1,144.0,0.0,,10.0
2025-08-20 10:00:00,5.7,6.3,,5.2,,85.0,3.4,6.1,157.0,158.0,1031.0,204.0,0.0,,
2025-08-20 11:00:00,6.8,7.2,,6.4,,80.0,2.2,4.3,153.0,155.0,1031.0,354.0,0.0,,25.0
2025-08-20 12:00:00,7.1,7.4,8.5,6.8,5.0,79.0,3.0,4.9,150.0,148.0,1031.2,452.0,0.0,0.0,
2025-08-20 13:00:00,,,,,,,2.1,5.0,38.0,135.0,1030.7,509.0,,,
2025-08-20 14:00:00,9.0,9.7,,8.4,,71.0,1.6,3.2,158.0,129.0,1030.2,565.0,0.0,,
2025-08-20 15:00:00,9.4,10.4,,8.4,,69.0,3.2,5.3,144.0,149.0,1030.0,577.0,0.0,,
2025-08-20 16:00:00,10.2,11.9,,8.4,,65.0,2.3,6.0,153.0,144.0,1029.4,559.0,0.0,,
2025-08-20 17:00:00,7.5,8.5,,6.9,,79.0,4.7,6.8,154.0,156.0,1029.1,511.0,0.0,,
2025-08-20 18:00:00,6.5,7.1,11.9,5.9,5.0,83.0,4.3,6.4,160.0,152.0,1028.9,435.0,0.0,0.0,40.0
2025-08-20 19:00:00,,,,4.8,,89.0,4.1,6.9,160.0,161.0,1028.7,335.0,0.0,,100.0
2025-08-20 20:00:00,4.8,5.4,,4.2,,92.0,3.8,6.3,167.0,163.0,1028.4,166.0,0.0,,90.0
2025-08-20 21:00:00,4.0,4.2,,3.8,,97.0,3.0,6.3,155.0,162.0,1028.1,66.0,0.0,,100.0
2025-08-20 22:00:00,4.1,4.3,,3.9,,97.0,1.5,3.2,173.0,161.0,1027.7,40.0,0.0,,100.0
2025-08-20 23:00:00,3.7,3.9,,3.6,,98.0,1.6,3.1,162.0,165.0,1027.2,4.0,0.0,,100.0
2025-08-21 00:00:00,3.7,3.8,11.9,3.5,3.5,99.0,1.2,3.3,163.0,148.0,1026.8,0.0,0.0,0.0,100.0
2025-08-21 01:00:00,3.6,3.7,,3.5,,99.0,0.7,2.9,34.0,62.0,1026.3,0.0,0.0,,100.0
2025-08-21 02:00:00,3.5,3.6,,3.4,,99.0,0.6,1.8,13.0,43.0,1025.6,0.0,0.0,,100.0
2025-08-21 03:00:00,3.3,3.4,,3.3,,99.0,0.9,2.0,13.0,18.0,1024.9,0.0,0.0,,100.0
2025-08-21 04:00:00,3.3,3.4,,3.1,,99.0,0.0,0.7,0.0,0.0,1024.2,0.0,0.0,,100.0
2025-08-21 05:00:00,3.1,3.2,,3.1,,99.0,0.1,1.1,0.0,314.0,1023.6,0.0,0.0,,100.0
2025-08-21 06:00:00,3.3,3.4,5.9,3.1,3.1,99.0,0.2,1.1,5.0,86.0,1022.9,0.0,0.0,0.0,100.0
2025-08-21 07:00:00,3.4,3.5,,3.3,,99.0,0.2,1.1,0.0,319.0,1022.4,2.0,0.0,,100.0
2025-08-21 08:00:00,3.5,3.6,,3.4,,99.0,0.3,1.6,111.0,116.0,1022.2,26.0,0.0,,100.0
2025-08-21 09:00:00,3.6,3.9,,3.4,,99.0,0.1,1.1,19.0,69.0,1021.8,59.0,0.0,,100.0
2025-08-21 10:00:00,3.7,3.8,,3.5,,99.0,0.6,1.9,40.0,32.0,1021.3,135.0,0.0,,100.0
2025-08-21 11:00:00,4.0,4.4,,3.6,,99.0,0.6,2.3,141.0,128.0,1021.2,212.0,0.0,,100.0
2025-08-21 12:00:00,4.7,5.7,5.7,4.1,3.1,95.0,1.4,3.1,140.0,144.0,1021.0,451.0,0.0,0.0,90.0
2025-08-21 13:00:00,5.0,5.4,,4.5,,90.0,2.3,4.2,144.0,150.0,1020.8,498.0,0.0,,10.0
2025-08-21 14:00:00,5.3,6.3,,4.6,,88.0,2.4,4.2,152.0,151.0,1020.6,499.0,0.0,,50.0
2025-08-21 15:00:00,5.6,6.1,,5.0,,85.0,2.7,4.3,141.0,149.0,1020.5,471.0,0.0,,75.0
2025-08-21 16:00:00,4.7,5.2,,4.3,,87.0,3.8,5.7,150.0,147.0,1020.6,418.0,0.0,,100.0
2025-08-21 17:00:00,5.9,6.5,,5.2,,81.0,2.6,4.1,152.0,146.0,1020.3,488.0,0.0,,40.0
2025-08-21 18:00:00,4.8,6.1,6.5,4.1,3.3,89.0,3.5,5.4,145.0,146.0,1020.1,431.0,0.0,0.0,
2025-08-21 19:00:00,,,,,,,4.1,6.2,162.0,152.0,1020.2,350.0,0.0,,100.0
2025-08-21 20:00:00,4.2,4.5,,4.0,,96.0,3.5,6.1,154.0,159.0,1020.3,179.0,0.0,,100.0
2025-08-21 21:00:00,4.2,4.4,,4.1,,98.0,1.6,3.8,164.0,159.0,1020.3,60.0,0.0,,100.0
2025-08-21 22:00:00,3.9,4.2,,3.6,,99.0,1.8,3.3,164.0,170.0,1020.3,18.0,0.0,,100.0
2025-08-21 23:00:00,3.6,3.7,,3.4,,99.0,2.0,3.6,139.0,158.0,1020.5,2.0,0.0,,100.0
2025-08-22 00:00:00,3.5,3.8,6.5,3.4,3.4,99.0,1.1,2.9,0.0,134.0,1020.5,0.0,0.0,0.0,100.0
2025-08-22 01:00:00,3.6,3.9,,3.3,,99.0,0.6,2.5,152.0,162.0,1020.2,0.0,0.0,,100.0
2025-08-22 02:00:00,3.3,3.6,,2.9,,99.0,1.2,2.4,123.0,149.0,1019.9,0.0,0.0,,100.0
2025-08-22 03:00:00,3.1,3.3,,2.9,,100.0,0.8,2.6,310.0,40.0,1019.5,0.0,0.0,,100.0
2025-08-22 04:00:00,3.1,3.2,,3.1,,100.0,0.7,2.1,76.0,40.0,1018.9,0.0,0.0,,100.0
2025-08-22 05:00:00,3.0,3.1,,2.9,,100.0,0.4,2.6,0.0,13.0,1018.8,0.0,0.0,,100.0
2025-08-22 06:00:00,2.9,3.1,5.0,2.8,2.8,100.0,0.2,1.2,110.0,12.0,1018.4,0.0,0.0,0.0,100.0
2025-08-22 07:00:00,2.8,2.9,,2.7,,100.0,0.3,1.2,69.0,45.0,1018.0,2.0,0.0,,100.0
2025-08-22 08:00:00,2.9,3.0,,2.8,,100.0,1.0,2.5,118.0,104.0,1018.1,19.0,0.0,,100.0
2025-08-22 09:00:00,3.0,3.3,,2.8,,99.0,0.3,2.1,29.0,70.0,1017.5,64.0,0.0,,100.0
2025-08-22 10:00:00,3.6,3.9,,3.1,,99.0,1.1,3.0,166.0,123.0,1017.3,174.0,0.0,,100.0
2025-08-22 11:00:00,3.7,4.3,,3.2,,99.0,1.3,3.2,177.0,142.0,1017.2,258.0,0.0,,100.0
2025-08-22 12:00:00,4.2,4.5,4.5,4.0,2.7,98.0,1.0,2.6,33.0,52.0,1016.8,294.0,0.0,0.0,100.0
2025-08-22 13:00:00,5.1,6.1,,4.4,,92.0,1.4,3.9,146.0,91.0,1016.6,455.0,0.0,,40.0
2025-08-22 14:00:00,6.3,7.2,,5.4,,86.0,1.3,3.5,143.0,94.0,1015.7,533.0,0.0,,
2025-08-22 15:00:00,6.0,6.5,,5.6,,84.0,3.0,5.0,148.0,144.0,1015.2,398.0,0.0,,100.0
2025-08-22 16:00:00,7.2,8.0,,6.6,,80.0,2.2,4.6,147.0,137.0,1014.5,553.0,0.0,,50.0
2025-08-22 17:00:00,6.2,6.9,,5.5,,82.0,4.2,6.3,143.0,142.0,1014.5,408.0,0.0,,60.0
2025-08-22 18:00:00,6.1,6.9,8.0,5.3,2.7,84.0,1.9,5.0,162.0,155.0,1013.7,282.0,0.0,0.0,90.0
2025-08-22 19:00:00,6.0,7.2,,5.0,,86.0,2.4,5.8,153.0,155.0,1013.2,200.0,0.0,,75.0
2025-08-22 20:00:00,5.8,6.9,,5.0,,87.0,1.9,4.4,142.0,150.0,1013.1,165.0,0.0,,75.0
2025-08-22 21:00:00,4.4,5.5,,3.5,,94.0,3.3,5.4,153.0,152.0,1013.0,58.0,0.0,,
2025-08-22 22:00:00,3.4,3.6,,3.2,,98.0,2.5,4.0,156.0,154.0,1012.8,18.0,0.0,,100.0
2025-08-22 23:00:00,3.4,3.6,,3.3,,99.0,0.3,1.7,16.0,189.0,1012.6,3.0,0.0,,100.0
2025-08-23 00:00:00,3.1,3.3,8.0,2.8,2.8,99.0,0.0,0.6,0.0,0.0,1011.8,0.0,0.0,0.0,100.0
2025-08-23 01:00:00,3.2,3.6,,2.9,,99.0,2.0,4.3,159.0,159.0,1011.6,0.0,0.0,,100.0
2025-08-23 02:00:00,3.3,3.7,,2.9,,99.0,1.5,3.5,322.0,180.0,1010.9,0.0,0.0,,100.0
2025-08-23 03:00:00,3.5,3.7,,3.3,,99.0,0.6,2.3,268.0,256.0,1010.6,0.0,0.0,,100.0
2025-08-23 04:00:00,3.4,3.4,,3.1,,100.0,1.0,3.0,145.0,248.0,1010.1,0.0,0.0,,100.0
2025-08-23 05:00:00,2.9,3.1,,2.7,,100.0,0.4,2.3,167.0,208.0,1009.5,0.0,0.0,,100.0
2025-08-23 06:00:00,2.7,2.9,7.2,2.5,2.5,100.0,0.7,1.7,306.0,307.0,1008.9,0.0,0.0,0.0,100.0
2025-08-23 07:00:00,2.7,3.1,,2.5,,100.0,0.1,1.1,0.0,350.0,1008.4,0.0,0.0,,100.0
2025-08-23 08:00:00,3.5,4.4,,3.0,,100.0,0.3,2.0,334.0,303.0,1007.9,5.0,0.0,,100.0
2025-08-23 09:00:00,4.2,4.8,,3.8,,100.0,0.3,2.0,186.0,39.0,1007.5,20.0,0.0,,100.0
2025-08-23 10:00:00,5.1,5.5,,4.8,,100.0,0.6,2.9,326.0,323.0,1006.8,41.0,0.0,,100.0
2025-08-23 11:00:00,6.0,6.4,,5.5,,98.0,0.4,1.8,87.0,21.0,1005.9,65.0,0.0,,100.0
2025-08-23 12:00:00,6.5,6.8,6.8,6.3,2.5,95.0,0.3,2.5,262.0,312.0,1005.3,50.0,0.0,0.0,100.0
2025-08-23 13:00:00,8.4,10.2,,7.0,,85.0,1.6,4.8,268.0,284.0,1004.4,45.0,0.0,,100.0
2025-08-23 14:00:00,11.1,11.8,,9.8,,63.0,2.6,6.4,345.0,318.0,1003.7,56.0,0.0,,100.0
2025-08-23 15:00:00,10.7,11.6,,10.1,,70.0,1.5,4.4,345.0,316.0,1002.8,64.0,1.6,,100.0
2025-08-23 16:00:00,9.7,10.1,,9.5,,80.0,2.3,4.6,337.0,333.0,1002.0,64.0,1.2,,100.0
2025-08-23 17:00:00,9.6,9.7,,9.5,,85.0,1.4,4.2,353.0,342.0,1001.2,54.0,1.2,,100.0
2025-08-23 18:00:00,10.4,11.9,11.9,9.6,2.5,84.0,1.0,4.7,291.0,258.0,1000.5,41.0,0.1,4.1,100.0
2025-08-23 19:00:00,12.0,12.7,,11.4,,75.0,,,,,,,0.0,,
2025-08-23 20:00:00,13.2,13.7,,12.7,,68.0,4.2,12.5,15.0,1.0,999.4,28.0,0.0,,100.0
2025-08-23 21:00:00,13.5,13.9,,13.3,,66.0,5.9,18.5,30.0,27.0,999.3,30.0,0.0,,100.0
2025-08-23 22:00:00,13.6,13.8,,13.4,,66.0,5.6,12.9,30.0,43.0,999.4,8.0,0.0,,100.0
2025-08-23 23:00:00,13.8,14.2,,13.4,,65.0,2.9,12.8,77.0,56.0,999.5,1.0,0.0,,100.0
2025-08-24 00:00:00,12.6,14.2,14.2,11.8,7.0,70.0,5.8,13.9,108.0,115.0,1000.1,0.0,0.0,4.1,100.0
2025-08-24 01:00:00,12.1,12.7,,11.8,,72.0,7.2,12.8,93.0,94.0,1000.5,0.0,0.0,,100.0
2025-08-24 02:00:00,11.7,12.0,,11.4,,73.0,6.8,13.5,82.0,86.0,1000.8,0.0,0.0,,100.0
2025-08-24 03:00:00,11.2,11.6,,10.9,,76.0,6.2,14.2,77.0,79.0,1001.2,0.0,0.0,,100.0
2025-08-24 04:00:00,10.7,11.2,,9.9,,77.0,6.7,13.0,116.0,96.0,1001.4,0.0,0.0,,100.0
2025-08-24 05:00:00,8.9,9.9,,8.4,,87.0,5.8,10.8,139.0,140.0,1001.8,0.0,0.0,,100.0
2025-08-24 06:00:00,8.5,8.8,14.2,8.1,8.1,89.0,4.5,7.9,142.0,141.0,1002.3,0.0,0.0,4.1,100.0
2025-08-24 07:00:00,8.9,9.1,,8.7,,87.0,3.7,6.3,148.0,146.0,1002.3,0.0,0.0,,100.0
2025-08-24 08:00:00,9.0,9.2,,8.9,,85.0,3.2,5.8,147.0,153.0,1002.9,4.0,0.0,,100.0
2025-08-24 09:00:00,8.8,9.2,,8.5,,84.0,3.0,6.0,154.0,151.0,1003.3,17.0,0.0,,100.0
2025-08-24 10:00:00,8.3,8.5,,8.2,,85.0,2.0,4.3,173.0,156.0,1003.1,24.0,0.0,,100.0
2025-08-24 11:00:00,8.2,8.3,,8.0,,86.0,2.4,4.3,161.0,164.0,1003.2,64.0,0.0,,100.0
2025-08-24 12:00:00,8.4,8.8,12.7,8.1,8.0,85.0,1.6,3.6,156.0,160.0,1003.0,89.0,0.0,4.1,100.0
2025-08-24 13:00:00,8.8,9.1,,8.5,,84.0,1.2,2.4,160.0,143.0,1003.1,125.0,0.0,,100.0
2025-08-24 14:00:00,8.9,9.4,,8.4,,85.0,1.1,2.4,324.0,309.0,1003.1,159.0,0.0,,100.0
2025-08-24 15:00:00,8.9,9.2,,8.4,,86.0,1.3,3.4,326.0,332.0,1003.0,112.0,0.0,,100.0
2025-08-24 16:00:00,9.0,10.0,,8.4,,85.0,1.1,3.3,140.0,347.0,1002.7,205.0,0.0,,100.0
2025-08-24 17:00:00,10.0,11.0,,9.3,,78.0,1.1,2.8,104.0,133.0,1002.6,209.0,0.0,,100.0
2025-08-24 18:00:00,9.9,10.5,11.0,9.3,8.0,76.0,2.4,5.4,147.0,143.0,1002.7,99.0,0.0,0.0,100.0
2025-08-24 19:00:00,8.8,9.1,,8.6,,81.0,3.2,6.6,219.0,177.0,1002.6,49.0,0.0,,100.0
2025-08-24 20:00:00,8.8,9.1,,8.6,,80.0,2.7,6.8,238.0,230.0,1002.7,40.0,0.0,,100.0
2025-08-24 21:00:00,7.7,8.7,,7.2,,86.0,3.0,8.2,230.0,251.0,1002.3,31.0,0.0,,100.0
2025-08-24 22:00:00,8.2,8.4,,7.9,,82.0,5.7,9.0,230.0,231.0,1002.1,18.0,0.0,,100.0
2025-08-24 23:00:00,7.9,8.0,,7.7,,83.0,5.5,9.4,231.0,230.0,1001.9,1.0,0.0,,100.0
2025-08-25 00:00:00,7.7,8.1,11.0,7.5,7.2,84.0,5.9,9.5,234.0,232.0,1001.7,0.0,0.0,0.0,100.0
2025-08-25 01:00:00,8.0,8.5,,7.8,,80.0,5.9,10.2,232.0,235.0,1001.6,0.0,0.0,,100.0
2025-08-25 02:00:00,7.5,7.9,,7.1,,81.0,5.8,9.1,239.0,233.0,1001.4,0.0,0.0,,100.0
2025-08-25 03:00:00,7.4,7.8,,7.1,,82.0,4.6,8.1,231.0,229.0,1001.1,0.0,0.0,,100.0
2025-08-25 04:00:00,7.5,7.9,,6.8,,80.0,3.3,7.1,153.0,233.0,1001.5,0.0,0.0,,100.0
2025-08-25 05:00:00,6.3,6.7,,5.9,,87.0,1.3,3.3,254.0,162.0,1001.7,0.0,0.0,,100.0
2025-08-25 06:00:00,6.1,6.2,9.1,5.8,5.8,89.0,3.1,4.7,265.0,261.0,1001.9,0.0,0.0,0.0,100.0
2025-08-25 07:00:00,5.5,5.8,,5.4,,94.0,1.9,3.5,325.0,302.0,1002.0,1.0,0.0,,100.0
2025-08-25 08:00:00,5.4,5.4,,5.3,,95.0,0.8,1.8,110.0,42.0,1001.9,19.0,0.0,,50.0
2025-08-25 09:00:00,5.6,6.2,,5.2,,94.0,0.3,1.2,153.0,197.0,1001.9,70.0,0.0,,10.0
2025-08-25 10:00:00,6.4,6.8,,6.0,,89.0,1.3,2.9,146.0,140.0,1002.2,162.0,0.0,,75.0
2025-08-25 11:00:00,6.8,7.3,,6.2,,86.0,1.9,3.4,143.0,144.0,1002.2,337.0,0.0,,100.0
2025-08-25 12:00:00,6.5,6.9,8.5,6.1,5.2,89.0,2.9,4.6,125.0,139.0,1002.9,256.0,0.0,0.0,100.0
2025-08-25 13:00:00,7.0,7.4,,6.8,,85.0,2.4,4.1,141.0,132.0,1003.1,245.0,0.0,,100.0
2025-08-25 14:00:00,6.7,7.2,,6.3,,89.0,2.5,4.5,128.0,137.0,1003.1,273.0,0.0,,100.0
2025-08-25 15:00:00,7.0,7.7,,6.5,,86.0,2.5,4.4,133.0,133.0,1002.7,395.0,0.0,,100.0
2025-08-25 16:00:00,6.1,6.8,,5.6,,91.0,3.2,5.1,143.0,140.0,1002.4,381.0,0.0,,100.0
2025-08-25 17:00:00,7.1,8.0,,6.0,,86.0,1.0,3.8,25.0,137.0,1002.0,371.0,0.0,,25.0
2025-08-25 18:00:00,7.7,8.5,8.5,7.4,5.2,84.0,1.2,3.2,144.0,57.0,1001.6,362.0,0.0,0.0,25.0
2025-08-25 19:00:00,8.4,8.7,,8.1,,82.0,2.3,3.8,139.0,150.0,1001.7,195.0,0.0,,100.0
2025-08-25 20:00:00,8.2,8.4,,7.8,,82.0,2.1,3.7,141.0,144.0,1001.7,126.0,0.0,,100.0
2025-08-25 21:00:00,8.1,8.3,,8.0,,81.0,1.9,3.0,155.0,142.0,1001.7,45.0,0.0,,100.0
2025-08-25 22:00:00,8.2,8.4,,7.7,,81.0,0.8,3.1,141.0,121.0,1001.8,23.0,0.0,,100.0
2025-08-25 23:00:00,7.9,8.1,,7.6,,83.0,1.0,3.1,0.0,154.0,1001.5,0.0,0.0,,100.0
2025-08-26 00:00:00,8.0,8.1,8.7,7.9,5.6,83.0,0.5,1.9,0.0,137.0,1001.4,0.0,0.0,0.0,100.0
2025-08-26 01:00:00,7.9,8.0,,7.6,,87.0,0.8,2.0,34.0,333.0,1001.2,0.0,0.1,,100.0
2025-08-26 02:00:00,7.7,8.0,,7.5,,88.0,0.4,1.6,297.0,284.0,1000.3,0.0,0.1,,100.0
2025-08-26 03:00:00,8.2,8.7,,7.9,,87.0,1.4,3.6,158.0,179.0,999.8,0.0,0.0,,100.0
2025-08-26 04:00:00,8.3,8.6,,8.0,,87.0,1.0,3.0,138.0,142.0,999.6,0.0,0.0,,100.0
2025-08-26 05:00:00,7.8,8.1,,7.1,,87.0,3.4,5.7,152.0,153.0,999.7,0.0,0.0,,100.0
2025-08-26 06:00:00,7.5,7.7,8.7,7.2,7.1,87.0,1.7,3.9,292.0,160.0,999.7,0.0,0.0,0.1,100.0
2025-08-26 07:00:00,7.3,7.8,,7.0,,89.0,0.3,1.8,0.0,309.0,999.4,0.0,0.0,,100.0
2025-08-26 08:00:00,6.4,7.6,,5.5,,91.0,3.7,7.7,156.0,156.0,1000.1,12.0,0.0,,100.0
2025-08-26 09:00:00,6.3,6.7,,5.6,,90.0,1.4,5.7,229.0,168.0,1000.1,28.0,0.0,,100.0
2025-08-26 10:00:00,6.6,6.9,,6.5,,89.0,0.2,1.4,0.0,357.0,1000.2,45.0,0.0,,100.0
2025-08-26 11:00:00,6.9,7.1,,6.7,,89.0,,,,,,,0.0,,
2025-08-26 12:00:00,7.3,7.7,8.7,6.9,5.5,87.0,0.5,1.8,329.0,340.0,999.7,122.0,0.0,0.1,100.0
2025-08-26 13:00:00,8.1,8.5,,7.7,,82.0,0.3,1.4,312.0,333.0,999.6,162.0,0.1,,90.0
2025-08-26 14:00:00,8.8,9.1,,8.5,,81.0,0.4,1.9,219.0,36.0,999.0,205.0,0.0,,100.0
2025-08-26 15:00:00,8.3,9.4,,7.5,,84.0,2.5,4.7,142.0,138.0,999.4,165.0,0.0,,100.0
2025-08-26 16:00:00,6.2,7.5,,5.5,,93.0,3.6,6.0,158.0,151.0,999.9,139.0,0.4,,100.0
2025-08-26 17:00:00,6.5,6.8,,6.1,,94.0,2.7,5.5,161.0,167.0,,112.0,0.5,,100.0
2025-08-26 18:00:00,6.8,7.1,9.4,6.5,5.5,94.0,1.3,4.2,41.0,150.0,999.9,73.0,0.7,1.8,100.0
2025-08-26 19:00:00,6.8,6.9,,6.7,,95.0,1.4,2.6,23.0,336.0,999.9,87.0,0.5,,100.0
2025-08-26 20:00:00,6.8,6.9,,6.8,,95.0,1.2,2.5,123.0,46.0,1000.1,34.0,0.7,,100.0
2025-08-26 21:00:00,6.9,7.1,,6.8,,94.0,0.9,2.0,0.0,141.0,1000.5,19.0,0.6,,100.0
2025-08-26 22:00:00,6.8,7.1,,6.4,,95.0,0.5,1.7,36.0,34.0,1000.5,4.0,0.8,,100.0
2025-08-26 23:00:00,6.3,6.4,,6.1,,97.0,0.4,1.7,144.0,136.0,1000.5,0.0,1.0,,100.0
2025-08-27 00:00:00,5.9,6.2,9.4,5.6,5.5,97.0,1.6,3.0,144.0,143.0,1001.2,0.0,0.7,6.1,100.0
2025-08-27 01:00:00,5.6,5.6,,5.4,,98.0,1.5,3.4,357.0,339.0,1001.0,0.0,0.5,,100.0
2025-08-27 02:00:00,5.6,5.7,,5.6,,98.0,0.4,2.3,41.0,29.0,1000.9,0.0,1.4,,100.0
2025-08-27 03:00:00,6.0,6.2,,5.7,,98.0,0.2,1.0,143.0,130.0,1000.5,0.0,2.1,,100.0
2025-08-27 04:00:00,6.4,6.6,,6.2,,98.0,0.2,2.3,160.0,192.0,1000.6,0.0,1.1,,100.0
2025-08-27 05:00:00,6.2,6.6,,6.0,,97.0,1.9,3.9,167.0,162.0,1000.5,0.0,0.7,,100.0
2025-08-27 06:00:00,6.1,6.4,7.1,5.7,5.4,98.0,1.1,2.8,143.0,146.0,1000.6,0.0,0.6,12.3,100.0
2025-08-27 07:00:00,5.6,5.8,,5.4,,98.0,2.1,3.0,155.0,150.0,1000.6,0.0,0.7,,100.0
2025-08-27 08:00:00,5.8,6.0,,5.5,,99.0,0.7,2.4,356.0,176.0,1000.3,2.0,0.4,,100.0
2025-08-27 09:00:00,6.1,6.3,,6.0,,99.0,0.0,0.4,0.0,0.0,1000.4,13.0,0.3,,100.0
2025-08-27 10:00:00,6.3,6.4,,6.3,,99.0,0.0,0.4,0.0,0.0,1000.3,39.0,0.8,,100.0
2025-08-27 11:00:00,6.6,6.9,,6.4,,99.0,0.2,1.7,149.0,145.0,1000.5,76.0,0.3,,100.0
2025-08-27 12:00:00,7.1,7.5,7.5,6.9,5.4,97.0,0.9,2.4,176.0,151.0,1000.4,152.0,0.0,14.8,100.0
2025-08-27 13:00:00,7.9,8.4,,7.5,,94.0,0.9,2.3,133.0,64.0,1000.1,270.0,0.0,,100.0
2025-08-27 14:00:00,7.4,8.5,,6.9,,94.0,1.6,3.1,183.0,159.0,1000.4,142.0,0.0,,100.0
2025-08-27 15:00:00,6.9,7.5,,6.5,,96.0,1.8,4.1,135.0,327.0,1000.4,113.0,0.0,,90.0
2025-08-27 16:00:00,6.6,7.0,,6.2,,96.0,1.6,4.2,334.0,320.0,1000.6,131.0,0.0,,100.0
2025-08-27 17:00:00,6.0,6.2,,5.8,,97.0,2.3,4.0,13.0,323.0,1000.8,109.0,0.0,,100.0
2025-08-27 18:00:00,6.3,6.8,8.5,5.9,5.4,97.0,0.4,2.3,33.0,360.0,1000.9,82.0,0.0,13.1,100.0
2025-08-27 19:00:00,6.4,6.8,,6.3,,97.0,1.2,2.6,112.0,73.0,1001.2,59.0,0.1,,100.0
2025-08-27 20:00:00,6.2,6.5,,5.9,,98.0,0.9,2.3,56.0,126.0,1001.2,58.0,0.4,,100.0
2025-08-27 21:00:00,6.1,6.4,,5.9,,98.0,0.5,1.4,42.0,201.0,1001.4,20.0,0.8,,100.0
2025-08-27 22:00:00,6.1,6.2,,5.9,,98.0,0.8,2.7,134.0,117.0,1001.6,3.0,0.3,,100.0
2025-08-27 23:00:00,5.8,5.9,,5.7,,98.0,0.7,2.8,141.0,144.0,1001.8,0.0,0.2,,100.0
2025-08-28 00:00:00,5.9,6.0,8.5,5.8,5.7,97.0,0.4,2.1,148.0,149.0,1001.7,0.0,1.1,11.7,100.0
2025-08-28 01:00:00,6.0,6.1,,5.9,,96.0,0.8,1.6,123.0,139.0,1001.9,0.0,0.3,,100.0
2025-08-28 02:00:00,6.1,6.1,,6.0,,96.0,0.3,1.2,158.0,134.0,1001.8,0.0,0.3,,100.0
2025-08-28 03:00:00,6.1,6.1,,6.0,,97.0,0.0,0.6,0.0,0.0,1001.8,0.0,0.2,,100.0
2025-08-28 04:00:00,6.0,6.0,,6.0,,98.0,0.1,0.7,12.0,20.0,1001.8,0.0,0.2,,100.0
2025-08-28 05:00:00,6.0,6.1,,6.0,,97.0,0.1,1.0,42.0,41.0,1002.0,0.0,0.7,,100.0
2025-08-28 06:00:00,6.1,6.1,6.8,5.9,5.7,98.0,0.3,1.9,139.0,122.0,1002.3,0.0,0.2,7.3,100.0
2025-08-28 07:00:00,5.6,5.9,,5.4,,98.0,1.6,2.5,157.0,157.0,1002.7,0.0,0.0,,100.0
2025-08-28 08:00:00,5.7,5.9,,5.5,,98.0,1.2,1.9,138.0,157.0,1003.0,5.0,0.0,,100.0
2025-08-28 09:00:00,6.1,6.2,,5.9,,98.0,0.2,1.0,0.0,45.0,1003.4,15.0,0.1,,100.0
2025-08-28 10:00:00,6.1,6.1,,6.0,,99.0,0.5,1.8,12.0,31.0,1003.6,27.0,0.1,,100.0
2025-08-28 11:00:00,6.2,6.4,,6.1,,99.0,0.3,1.4,336.0,342.0,1003.6,50.0,0.0,,100.0
2025-08-28 12:00:00,6.4,6.7,6.7,6.2,5.4,98.0,0.9,3.2,132.0,92.0,1003.8,80.0,0.0,5.0,100.0
2025-08-28 13:00:00,7.1,7.5,,6.4,,93.0,2.1,3.6,135.0,140.0,1004.0,181.0,0.0,,100.0
2025-08-28 14:00:00,7.8,8.1,,7.4,,90.0,1.1,2.6,18.0,22.0,1004.0,216.0,0.0,,100.0
2025-08-28 15:00:00,7.7,8.1,,7.4,,89.0,0.6,1.8,30.0,31.0,1003.9,165.0,0.0,,100.0
2025-08-28 16:00:00,8.5,8.8,,8.0,,88.0,0.6,1.8,18.0,31.0,1003.8,195.0,0.0,,100.0
2025-08-28 17:00:00,8.8,9.0,,8.6,,87.0,1.0,1.9,18.0,21.0,1003.5,218.0,0.0,,100.0
2025-08-28 18:00:00,9.2,9.4,9.4,8.9,5.4,85.0,1.0,2.0,35.0,22.0,1003.3,187.0,0.0,5.0,100.0
2025-08-28 19:00:00,9.2,9.4,,8.9,,86.0,0.6,1.8,140.0,80.0,1003.1,114.0,0.0,,100.0
2025-08-28 20:00:00,9.1,9.4,,8.8,,87.0,0.7,1.6,334.0,333.0,1003.0,80.0,0.0,,100.0
2025-08-28 21:00:00,8.1,9.0,,7.3,,90.0,1.0,2.4,317.0,193.0,1002.8,52.0,0.0,,
2025-08-28 22:00:00,7.9,8.0,,7.7,,92.0,0.2,1.2,177.0,320.0,1002.6,18.0,0.0,,50.0
2025-08-28 23:00:00,6.8,7.8,,6.2,,95.0,1.5,3.3,162.0,167.0,1002.6,0.0,0.0,,
2025-08-29 00:00:00,6.4,6.5,9.4,6.2,6.2,97.0,0.6,2.3,296.0,196.0,1002.3,0.0,0.0,2.1,
2025-08-29 01:00:00,6.2,6.5,,5.9,,97.0,0.1,0.9,0.0,319.0,1001.9,0.0,0.0,,
2025-08-29 02:00:00,6.3,7.0,,5.9,,98.0,0.1,0.8,345.0,297.0,1001.5,0.0,0.0,,100.0
2025-08-29 03:00:00,7.0,7.1,,6.9,,99.0,0.2,1.4,0.0,314.0,1001.2,0.0,0.0,,100.0
2025-08-29 04:00:00,7.0,7.1,,6.9,,99.0,0.1,1.9,145.0,169.0,1000.6,0.0,0.0,,100.0
2025-08-29 05:00:00,5.9,7.1,,5.6,,99.0,2.7,4.4,169.0,159.0,1000.4,0.0,0.0,,100.0
2025-08-29 06:00:00,5.7,6.1,9.4,5.5,5.5,99.0,1.9,3.6,156.0,157.0,1000.5,0.0,0.0,0.2,100.0
2025-08-29 07:00:00,5.9,6.3,,5.6,,99.0,1.3,2.5,264.0,174.0,1000.7,1.0,0.0,,100.0
2025-08-29 08:00:00,6.1,6.3,,5.9,,99.0,0.8,2.0,357.0,338.0,1000.5,3.0,0.0,,100.0
2025-08-29 09:00:00,6.1,6.3,,5.9,,99.0,0.4,1.7,65.0,130.0,1000.5,17.0,0.0,,100.0
2025-08-29 10:00:00,6.3,6.6,,6.1,,99.0,0.3,1.6,36.0,192.0,1000.5,46.0,0.0,,100.0
2025-08-29 11:00:00,6.6,6.8,,6.5,,99.0,0.5,1.3,134.0,49.0,1000.5,84.0,0.0,,100.0
2025-08-29 12:00:00,6.6,6.9,7.1,6.4,5.5,99.0,1.2,2.5,157.0,154.0,1000.5,104.0,0.0,0.0,100.0
2025-08-29 13:00:00,6.6,7.2,,6.4,,99.0,1.5,2.9,171.0,155.0,1000.7,106.0,0.0,,100.0
2025-08-29 14:00:00,7.2,7.4,,6.9,,98.0,1.2,2.7,26.0,345.0,1000.6,99.0,0.0,,100.0
2025-08-29 15:00:00,7.7,8.2,,7.3,,97.0,0.6,2.2,162.0,109.0,1000.5,123.0,0.0,,100.0
2025-08-29 16:00:00,7.8,8.3,,7.2,,96.0,1.7,3.4,195.0,160.0,1000.5,91.0,0.5,,100.0
2025-08-29 17:00:00,7.9,8.4,,7.4,,97.0,1.1,3.0,161.0,146.0,1000.6,86.0,0.2,,100.0
2025-08-29 18:00:00,7.7,8.0,8.4,7.4,5.6,98.0,1.1,2.2,167.0,162.0,1000.8,67.0,0.0,0.7,100.0
2025-08-29 19:00:00,7.9,8.1,,7.6,,98.0,0.8,2.3,158.0,158.0,1001.0,74.0,0.0,,100.0
2025-08-29 20:00:00,7.5,8.0,,7.3,,98.0,2.1,3.2,160.0,153.0,1001.6,46.0,0.0,,100.0
2025-08-29 21:00:00,7.3,7.4,,7.2,,98.0,1.8,2.9,164.0,153.0,1001.8,16.0,0.2,,100.0
2025-08-29 22:00:00,7.4,7.6,,7.2,,98.0,1.0,2.0,298.0,196.0,1002.0,3.0,0.0,,100.0
2025-08-29 23:00:00,7.4,7.6,,7.2,,98.0,0.3,1.8,143.0,10.0,1002.7,0.0,0.1,,100.0
2025-08-30 00:00:00,6.8,7.2,8.4,6.5,6.4,99.0,2.3,3.9,163.0,154.0,1003.2,0.0,0.1,0.0,100.0
2025-08-30 01:00:00,6.9,7.1,,6.5,,99.0,0.7,2.3,134.0,162.0,1003.5,0.0,1.8,,100.0
2025-08-30 02:00:00,6.8,6.9,,6.5,,99.0,0.2,1.7,0.0,208.0,1003.8,0.0,2.0,,100.0
2025-08-30 03:00:00,6.9,6.9,,6.8,,99.0,0.0,0.7,0.0,0.0,1004.2,0.0,0.6,,100.0
2025-08-30 04:00:00,6.8,6.8,,6.7,,99.0,0.0,0.7,0.0,0.0,1004.5,0.0,2.2,,100.0
2025-08-30 05:00:00,6.8,6.8,,6.7,,99.0,0.0,0.0,0.0,0.0,1005.1,0.0,2.5,,100.0
2025-08-30 06:00:00,6.9,7.1,8.1,6.8,6.5,99.0,0.0,1.0,0.0,0.0,1005.9,0.0,4.0,0.0,100.0
2025-08-30 07:00:00,7.0,7.4,,6.9,,99.0,0.0,0.8,0.0,0.0,1006.8,0.0,3.8,,100.0
2025-08-30 08:00:00,7.6,7.7,,7.4,,99.0,0.0,0.9,0.0,0.0,1007.6,0.0,3.3,,100.0
2025-08-30 09:00:00,7.7,7.7,,7.6,,99.0,0.2,1.1,0.0,331.0,1007.9,5.0,1.3,,100.0
2025-08-30 10:00:00,7.9,8.3,,7.7,,97.0,0.5,2.2,153.0,156.0,1008.3,37.0,0.8,,100.0
2025-08-30 11:00:00,7.5,8.1,,6.9,,96.0,3.3,5.2,155.0,153.0,1009.2,100.0,0.0,,100.0
2025-08-30 12:00:00,7.8,8.1,8.3,7.2,6.5,93.0,2.7,4.5,143.0,153.0,1009.9,115.0,0.0,0.0,100.0
2025-08-30 13:00:00,7.9,8.1,,7.8,,92.0,0.9,2.3,141.0,134.0,1010.4,77.0,0.0,,100.0
2025-08-30 14:00:00,8.2,8.4,,7.9,,91.0,0.7,1.9,328.0,336.0,1010.7,123.0,0.0,,100.0
2025-08-30 15:00:00,8.1,8.3,,7.9,,91.0,0.8,1.9,14.0,345.0,1010.8,126.0,0.0,,100.0
2025-08-30 16:00:00,8.5,8.9,,8.2,,90.0,0.4,1.7,0.0,28.0,1010.9,160.0,0.0,,100.0
2025-08-30 17:00:00,9.4,9.8,,9.0,,87.0,1.0,2.8,158.0,142.0,1011.0,210.0,0.0,,100.0
2025-08-30 18:00:00,9.2,10.5,10.5,6.4,6.4,86.0,2.2,4.9,159.0,145.0,1011.8,159.0,0.0,0.0,100.0
2025-08-30 19:00:00,,,,,,92.0,3.6,4.8,168.0,155.0,,95.0,0.0,,10.0
2025-08-30 20:00:00,7.6,8.1,,7.0,,88.0,1.1,3.4,22.0,103.0,1012.8,76.0,0.0,,100.0
2025-08-30 21:00:00,7.6,7.9,,7.2,,89.0,0.8,2.3,184.0,139.0,1013.1,50.0,0.0,,100.0
2025-08-30 22:00:00,7.3,7.4,,7.1,,91.0,0.1,1.0,0.0,219.0,1013.5,9.0,0.0,,100.0
2025-08-30 23:00:00,7.3,7.4,,7.3,,91.0,0.1,0.7,295.0,294.0,1013.5,0.0,0.0,,100.0
2025-08-31 00:00:00,7.6,7.9,10.5,7.3,6.3,91.0,0.1,1.2,0.0,174.0,1013.5,0.0,0.0,22.2,100.0
2025-08-31 01:00:00,7.3,7.6,,7.0,,92.0,0.2,1.2,0.0,29.0,1013.3,0.0,0.0,,100.0
2025-08-31 02:00:00,7.6,7.9,,7.2,,91.0,0.5,1.9,166.0,164.0,1013.2,0.0,0.0,,100.0
2025-08-31 03:00:00,7.4,7.9,,6.9,,92.0,0.4,1.6,0.0,162.0,1013.1,0.0,0.0,,100.0
2025-08-31 04:00:00,7.2,7.5,,7.0,,92.0,0.0,0.4,138.0,0.0,1012.9,0.0,0.0,,100.0
2025-08-31 05:00:00,7.4,7.6,,7.3,,93.0,0.4,1.5,0.0,183.0,1012.7,0.0,0.0,,100.0
2025-08-31 06:00:00,7.3,7.5,8.1,7.1,6.3,93.0,0.2,1.1,206.0,193.0,1012.5,0.0,0.0,9.2,100.0
2025-08-31 07:00:00,7.1,7.5,,6.9,,94.0,0.1,0.9,0.0,38.0,1012.5,1.0,0.0,,100.0
2025-08-31 08:00:00,6.9,7.1,,6.6,,93.0,0.1,1.3,0.0,162.0,1012.4,11.0,0.0,,
2025-08-31 09:00:00,6.6,7.0,,6.3,,95.0,0.2,1.1,147.0,146.0,1012.5,50.0,0.0,,10.0
2025-08-31 10:00:00,7.8,8.3,,7.0,,90.0,1.1,2.4,145.0,148.0,1012.6,169.0,0.0,,100.0
2025-08-31 11:00:00,7.6,8.0,,7.3,,90.0,1.5,3.6,158.0,151.0,1012.6,123.0,0.0,,100.0
2025-08-31 12:00:00,7.8,8.4,8.4,7.3,6.3,87.0,2.0,3.3,139.0,147.0,1012.4,202.0,0.0,0.0,100.0
2025-08-31 13:00:00,8.2,8.7,,7.5,,86.0,2.2,4.0,145.0,144.0,1012.4,320.0,0.0,,100.0
2025-08-31 14:00:00,7.1,7.6,,6.7,,90.0,3.4,4.8,156.0,151.0,1012.2,364.0,0.0,,90.0
2025-08-31 15:00:00,7.2,7.5,,6.7,,89.0,3.7,5.8,149.0,152.0,1012.0,548.0,0.0,,
2025-08-31 16:00:00,6.5,7.0,,5.9,,92.0,4.3,5.9,151.0,151.0,1011.7,386.0,0.0,,25.0
2025-08-31 17:00:00,6.0,6.4,,5.8,,93.0,3.4,5.3,151.0,156.0,1011.6,257.0,0.0,,100.0
2025-08-31 18:00:00,6.3,6.4,8.7,6.1,5.8,91.0,2.2,4.1,158.0,153.0,1011.4,210.0,0.0,0.0,100.0
2025-08-31 19:00:00,6.3,6.5,,6.2,,91.0,2.0,3.1,151.0,153.0,,151.0,0.0,,100.0
2025-08-31 20:00:00,6.1,6.3,,5.7,,91.0,1.9,3.2,151.0,149.0,1011.2,87.0,0.0,,100.0
2025-08-31 21:00:00,5.7,5.8,,5.4,,93.0,2.2,3.5,155.0,153.0,1011.1,35.0,0.0,,100.0
2025-08-31 22:00:00,5.4,5.6,,5.2,,94.0,1.8,2.8,153.0,154.0,1011.0,6.0,0.0,,100.0
2025-08-31 23:00:00,5.0,5.2,,4.9,,95.0,1.6,2.8,169.0,159.0,1010.8,0.0,0.0,,100.0
2025-09-01 00:00:00,4.9,5.2,8.7,4.7,4.7,96.0,1.5,2.7,179.0,160.0,1010.7,0.0,0.0,0.0,100.0
2025-09-01 01:00:00,5.1,5.2,,5.0,,96.0,0.6,1.8,165.0,172.0,1010.5,0.0,0.0,,100.0
2025-09-01 02:00:00,5.1,5.2,,5.0,,96.0,0.1,0.8,0.0,184.0,1010.1,0.0,0.0,,100.0
2025-09-01 03:00:00,5.4,5.4,,5.2,,95.0,0.7,2.0,0.0,153.0,1009.8,0.0,0.0,,100.0
2025-09-01 04:00:00,5.3,5.4,,5.3,,96.0,0.1,0.8,0.0,339.0,1009.3,0.0,0.0,,100.0
2025-09-01 05:00:00,5.4,5.6,,5.3,,97.0,0.6,2.1,296.0,204.0,1008.9,0.0,0.0,,100.0
2025-09-01 06:00:00,5.3,5.4,6.5,5.2,4.7,97.0,0.3,1.5,146.0,119.0,1008.8,0.0,0.0,0.0,100.0
2025-09-01 07:00:00,5.0,5.2,,4.9,,97.0,0.8,2.0,280.0,183.0,1008.8,0.0,0.0,,100.0
2025-09-01 08:00:00,5.0,5.1,,4.9,,98.0,0.0,0.3,0.0,0.0,1008.6,13.0,0.0,,100.0
2025-09-01 09:00:00,5.7,6.6,,5.2,,98.0,0.3,1.1,36.0,273.0,1008.5,67.0,0.0,,100.0
2025-09-01 10:00:00,6.4,6.8,,6.0,,95.0,0.3,1.6,42.0,123.0,1008.3,134.0,0.0,,100.0
2025-09-01 11:00:00,6.6,7.0,,6.2,,94.0,0.3,1.6,0.0,36.0,1008.2,177.0,0.0,,100.0
2025-09-01 12:00:00,7.3,7.5,7.5,6.8,4.9,90.0,0.2,1.3,36.0,36.0,1008.1,249.0,0.0,0.0,25.0
2025-09-01 13:00:00,8.9,9.8,,7.6,,84.0,0.8,2.7,150.0,141.0,1008.0,451.0,0.0,,100.0
2025-09-01 14:00:00,9.0,9.6,,8.6,,82.0,2.5,4.1,133.0,144.0,1007.8,441.0,0.0,,100.0
2025-09-01 15:00:00,9.1,10.1,,8.4,,79.0,3.0,5.3,138.0,136.0,1007.6,474.0,0.0,,
2025-09-01 16:00:00,10.2,10.6,,9.8,,73.0,2.3,4.0,147.0,138.0,1007.3,509.0,0.0,,
2025-09-01 17:00:00,9.5,9.8,,9.1,,76.0,3.0,4.8,138.0,137.0,1006.9,463.0,0.0,,
2025-09-01 18:00:00,8.5,9.1,10.6,7.7,4.9,78.0,4.0,6.1,143.0,141.0,1006.9,388.0,0.0,0.0,
2025-09-01 19:00:00,8.6,9.9,,7.9,,77.0,2.0,5.0,24.0,145.0,,299.0,0.0,,
2025-09-01 20:00:00,9.3,9.6,,9.0,,73.0,0.9,2.3,316.0,313.0,1006.5,205.0,0.0,,75.0
2025-09-01 21:00:00,8.4,9.1,,7.1,,76.0,0.9,2.6,170.0,222.0,1006.5,80.0,0.0,,40.0
2025-09-01 22:00:00,6.4,7.1,,6.0,,86.0,2.0,3.3,169.0,158.0,1006.6,8.0,0.0,,
2025-09-01 23:00:00,5.9,6.3,,5.6,,88.0,0.7,2.5,307.0,187.0,1006.5,0.0,0.0,,
2025-09-02 01:00:00,5.1,5.5,,4.9,,93.0,0.0,0.8,0.0,0.0,1005.9,0.0,0.0,,25.0
2025-09-02 02:00:00,5.1,5.3,,5.0,,93.0,0.0,0.1,0.0,0.0,1005.5,0.0,0.0,,40.0
2025-09-02 03:00:00,4.9,5.2,,4.7,,93.0,0.2,1.8,163.0,163.0,1004.8,0.0,0.0,,
2025-09-02 04:00:00,5.1,5.4,,4.4,,93.0,1.0,1.9,0.0,160.0,1004.2,0.0,0.0,,
2025-09-02 05:00:00,4.3,4.5,,4.0,,95.0,0.0,0.0,0.0,0.0,1003.9,0.0,0.0,,
2025-09-02 06:00:00,4.6,5.2,9.9,4.2,4.0,92.0,0.0,0.7,0.0,0.0,1003.8,0.0,0.0,0.0,
2025-09-02 07:00:00,4.4,4.9,,4.1,,93.0,0.0,0.0,0.0,0.0,1003.9,0.0,0.0,,
2025-09-02 08:00:00,4.3,4.5,,4.0,,92.0,0.2,1.1,292.0,218.0,1003.8,7.0,0.0,,
2025-09-02 09:00:00,4.7,5.7,,4.1,,93.0,1.1,2.4,153.0,157.0,1003.8,56.0,0.0,,
2025-09-02 10:00:00,5.6,6.6,,4.9,,89.0,0.7,2.3,128.0,136.0,1003.8,200.0,0.0,,50.0
2025-09-02 11:00:00,5.9,7.1,,5.4,,88.0,0.5,1.5,40.0,39.0,1003.8,379.0,0.0,,25.0
2025-09-02 12:00:00,7.1,7.5,7.5,6.6,4.0,83.0,1.2,2.4,28.0,37.0,1003.3,522.0,0.0,0.0,100.0
2025-09-02 13:00:00,8.2,9.1,,7.5,,76.0,1.8,4.4,138.0,109.0,1003.0,534.0,0.0,,100.0
2025-09-02 14:00:00,8.7,9.2,,8.3,,73.0,2.6,4.6,160.0,159.0,1002.9,539.0,0.0,,90.0
2025-09-02 15:00:00,8.6,9.0,,8.3,,72.0,2.9,4.5,160.0,156.0,1002.6,544.0,0.0,,10.0
2025-09-02 16:00:00,8.3,8.7,,7.9,,73.0,3.2,5.0,162.0,160.0,1002.6,468.0,0.0,,90.0
2025-09-02 17:00:00,7.3,8.4,,6.8,,79.0,4.0,6.1,154.0,149.0,1002.7,238.0,0.0,,100.0
2025-09-02 18:00:00,6.7,7.1,9.2,6.4,4.0,82.0,3.2,5.4,152.0,159.0,1002.6,171.0,0.0,0.0,100.0
2025-09-02 19:00:00,6.9,7.2,,6.5,,82.0,2.0,3.6,156.0,151.0,1002.4,102.0,0.0,,100.0
2025-09-02 20:00:00,6.4,6.7,,6.1,,86.0,1.2,3.4,184.0,156.0,1002.2,57.0,0.0,,100.0
2025-09-02 21:00:00,6.2,7.0,,5.6,,87.0,1.8,4.3,151.0,150.0,1002.1,31.0,0.0,,100.0
2025-09-02 22:00:00,5.7,6.0,,5.5,,89.0,1.9,2.9,155.0,154.0,1002.0,5.0,0.0,,100.0
2025-09-02 23:00:00,6.1,6.2,,5.9,,86.0,0.2,1.6,0.0,169.0,1001.9,0.0,0.0,,100.0
2025-09-03 00:00:00,5.9,6.0,9.2,5.7,5.5,85.0,0.5,3.1,0.0,127.0,1002.0,0.0,0.0,0.0,100.0
2025-09-03 01:00:00,5.9,6.0,,5.6,,84.0,0.7,1.8,149.0,164.0,1001.7,0.0,0.0,,100.0
2025-09-03 02:00:00,5.9,6.0,,5.8,,84.0,0.1,0.9,0.0,176.0,1001.6,0.0,0.0,,100.0
2025-09-03 03:00:00,5.9,5.9,,5.8,,87.0,0.6,1.8,340.0,337.0,1001.1,0.0,0.0,,100.0
2025-09-03 04:00:00,5.7,5.8,,5.6,,89.0,0.5,1.1,339.0,318.0,1000.9,0.0,0.1,,100.0
2025-09-03 05:00:00,5.6,5.6,,5.5,,90.0,0.0,0.6,121.0,0.0,1000.7,0.0,0.0,,100.0
2025-09-03 06:00:00,5.7,5.8,7.2,5.6,5.5,90.0,0.5,2.0,0.0,143.0,1000.6,0.0,0.0,0.0,100.0
2025-09-03 07:00:00,5.5,5.6,,5.4,,92.0,0.2,0.9,282.0,318.0,1000.7,0.0,0.2,,100.0
2025-09-03 08:00:00,5.3,5.4,,5.2,,93.0,0.0,0.6,0.0,0.0,1000.9,2.0,0.8,,100.0
2025-09-03 09:00:00,5.3,5.3,,5.2,,95.0,0.0,0.2,0.0,0.0,1000.9,11.0,0.7,,100.0
2025-09-03 10:00:00,5.3,5.4,,5.2,,92.0,0.3,1.1,121.0,112.0,1000.9,25.0,1.0,,100.0
2025-09-03 11:00:00,5.3,5.4,,5.2,,92.0,0.9,1.9,120.0,133.0,1000.8,38.0,1.2,,100.0
2025-09-03 12:00:00,5.4,5.5,6.0,5.3,5.2,90.0,0.5,1.5,7.0,129.0,1000.7,64.0,0.9,4.7,100.0
2025-09-03 13:00:00,5.5,5.7,,5.4,,93.0,0.0,0.9,0.0,0.0,1000.5,83.0,0.6,,100.0
2025-09-03 14:00:00,5.9,6.2,,5.7,,92.0,0.2,1.4,0.0,172.0,1000.1,114.0,0.7,,100.0
2025-09-03 15:00:00,6.3,6.4,,6.1,,87.0,0.9,2.8,263.0,242.0,999.5,126.0,0.8,,100.0
2025-09-03 16:00:00,6.6,6.7,,6.4,,86.0,1.3,2.8,280.0,276.0,998.8,108.0,0.6,,100.0
2025-09-03 17:00:00,6.7,6.7,,6.6,,84.0,1.1,3.0,263.0,269.0,998.3,72.0,0.8,,
2025-09-03 18:00:00,6.3,6.7,6.7,6.2,5.2,91.0,0.2,1.5,0.0,15.0,998.1,48.0,0.5,8.6,100.0
2025-09-03 19:00:00,6.5,6.6,,6.3,,93.0,0.1,2.3,146.0,129.0,998.0,27.0,0.4,,100.0
2025-09-03 20:00:00,6.7,6.8,,6.6,,89.0,1.8,4.6,197.0,148.0,997.6,17.0,0.2,,
2025-09-03 21:00:00,7.0,7.2,,6.8,,85.0,0.7,2.3,176.0,254.0,997.4,5.0,0.1,,100.0
2025-09-03 22:00:00,7.5,7.7,,7.1,,81.0,2.8,6.4,86.0,94.0,996.9,0.0,0.5,,100.0
2025-09-03 23:00:00,7.4,7.8,,7.1,,82.0,2.3,7.3,255.0,85.0,996.6,0.0,0.4,,100.0
2025-09-04 00:00:00,7.2,7.5,7.8,7.0,5.4,84.0,1.3,2.3,243.0,252.0,996.3,0.0,0.8,11.1,100.0
2025-09-04 01:00:00,7.3,7.5,,7.1,,83.0,0.7,2.2,107.0,141.0,995.8,0.0,0.6,,100.0
2025-09-04 02:00:00,7.3,7.4,,7.1,,81.0,0.8,2.7,80.0,139.0,995.6,0.0,0.6,,100.0
2025-09-04 03:00:00,7.0,7.2,,6.8,,80.0,2.0,6.7,73.0,67.0,995.3,0.0,1.2,,100.0
2025-09-04 04:00:00,7.0,7.3,,6.8,,77.0,4.9,12.1,72.0,73.0,995.0,0.0,1.5,,100.0
2025-09-04 05:00:00,6.9,7.1,,6.7,,77.0,3.6,9.8,51.0,60.0,994.8,0.0,0.1,,100.0
2025-09-04 06:00:00,7.2,7.4,7.8,7.0,6.3,73.0,3.8,9.4,57.0,44.0,994.7,0.0,0.0,15.1,100.0
2025-09-04 07:00:00,7.4,7.5,,7.2,,72.0,2.8,8.6,38.0,44.0,994.9,0.0,0.0,,100.0
2025-09-04 08:00:00,7.5,7.7,,7.2,,71.0,1.7,5.4,23.0,6.0,994.6,3.0,0.0,,100.0
2025-09-04 09:00:00,7.7,8.0,,7.5,,72.0,1.2,3.2,334.0,360.0,994.6,34.0,0.0,,100.0
2025-09-04 10:00:00,8.7,9.5,,7.6,,66.0,2.7,8.6,18.0,19.0,994.5,67.0,0.0,,100.0
2025-09-04 11:00:00,9.1,9.4,,8.8,,63.0,2.5,7.6,334.0,354.0,994.6,67.0,0.0,,100.0
2025-09-04 12:00:00,8.9,9.2,9.5,8.8,6.7,66.0,2.5,5.1,329.0,328.0,994.5,90.0,0.0,10.4,100.0
2025-09-04 13:00:00,9.2,9.4,,9.0,,66.0,2.3,5.1,25.0,360.0,995.0,113.0,0.0,,100.0
2025-09-04 14:00:00,8.6,9.1,,7.6,,74.0,1.5,4.5,123.0,31.0,995.5,119.0,0.6,,100.0
2025-09-04 15:00:00,6.8,7.4,,6.6,,87.0,2.9,5.0,163.0,162.0,995.7,120.0,0.5,,100.0
2025-09-04 16:00:00,7.2,7.9,,6.6,,87.0,1.3,4.7,155.0,168.0,995.7,139.0,0.3,,100.0
2025-09-04 17:00:00,7.7,7.8,,7.6,,87.0,0.5,2.1,153.0,161.0,996.0,112.0,0.4,,100.0
2025-09-04 18:00:00,7.8,8.1,9.5,7.5,6.6,85.0,1.5,3.1,149.0,152.0,996.5,130.0,0.4,8.6,100.0
2025-09-04 19:00:00,7.9,8.1,,7.7,,82.0,1.3,3.3,159.0,162.0,997.1,86.0,0.2,,100.0
2025-09-04 20:00:00,7.9,8.1,,7.7,,81.0,1.9,4.1,148.0,149.0,997.7,42.0,0.1,,100.0
2025-09-04 21:00:00,7.7,8.1,,7.4,,78.0,3.3,6.3,146.0,143.0,998.1,16.0,0.0,,100.0
2025-09-04 22:00:00,7.4,7.5,,7.4,,77.0,2.0,5.7,173.0,154.0,998.2,2.0,0.0,,100.0
2025-09-04 23:00:00,7.3,7.5,,6.9,,81.0,0.5,2.2,249.0,249.0,998.6,0.0,0.0,,100.0
2025-09-05 00:00:00,7.3,8.1,9.4,6.9,6.6,82.0,1.5,4.7,259.0,256.0,998.6,0.0,0.0,6.5,100.0
2025-09-05 01:00:00,7.5,8.2,,7.3,,79.0,0.4,2.7,0.0,198.0,998.6,0.0,0.0,,100.0
2025-09-05 02:00:00,7.0,7.3,,6.6,,84.0,0.3,1.8,90.0,114.0,999.0,0.0,0.0,,100.0
2025-09-05 03:00:00,7.3,7.9,,6.8,,80.0,0.8,3.0,0.0,179.0,999.0,0.0,0.0,,100.0
2025-09-05 04:00:00,7.3,8.1,,6.7,,81.0,2.2,5.5,341.0,316.0,999.2,0.0,0.0,,100.0
2025-09-05 05:00:00,7.7,8.4,,7.2,,79.0,1.8,6.7,312.0,294.0,999.3,0.0,0.0,,100.0
2025-09-05 06:00:00,7.3,7.7,8.4,6.6,6.6,82.0,1.0,5.4,154.0,154.0,999.8,0.0,0.0,2.5,100.0
2025-09-05 07:00:00,5.8,6.5,,5.5,,87.0,3.3,5.8,155.0,155.0,1000.8,0.0,0.0,,100.0
2025-09-05 08:00:00,6.0,6.1,,5.8,,87.0,0.7,3.3,271.0,173.0,1001.2,11.0,0.0,,90.0
2025-09-05 09:00:00,6.2,6.5,,5.9,,86.0,0.9,2.8,330.0,133.0,1001.9,59.0,0.0,,100.0
2025-09-05 10:00:00,6.5,7.3,,5.9,,88.0,1.2,2.7,51.0,323.0,1002.3,117.0,0.0,,100.0
2025-09-05 11:00:00,6.9,7.4,,6.5,,84.0,2.6,5.9,143.0,150.0,1003.5,89.0,0.0,,100.0
2025-09-05 12:00:00,7.0,7.5,8.4,6.5,5.5,85.0,0.8,3.5,20.0,343.0,1004.4,72.0,0.0,2.5,100.0
2025-09-05 13:00:00,7.2,7.8,,6.7,,85.0,0.6,2.4,347.0,256.0,1004.6,148.0,0.0,,100.0
2025-09-05 14:00:00,7.4,7.8,,6.9,,83.0,0.4,2.6,0.0,27.0,1005.1,155.0,0.0,,100.0
2025-09-05 15:00:00,8.1,8.5,,7.8,,79.0,0.4,1.8,107.0,51.0,1005.4,111.0,0.0,,100.0
2025-09-05 16:00:00,7.8,8.6,,6.9,,82.0,2.6,5.7,143.0,141.0,1005.8,182.0,0.0,,100.0
2025-09-05 17:00:00,8.2,9.0,,7.6,,79.0,2.2,4.4,132.0,144.0,1006.0,290.0,0.0,,100.0
2025-09-05 18:00:00,8.1,8.4,9.0,7.9,5.5,78.0,2.0,3.5,144.0,141.0,1006.3,156.0,0.0,0.3,100.0
2025-09-05 19:00:00,8.0,8.3,,7.8,,78.0,1.6,2.9,137.0,134.0,1006.7,81.0,0.0,,100.0
2025-09-05 20:00:00,7.8,8.1,,7.2,,80.0,1.7,3.8,178.0,142.0,1007.0,74.0,0.0,,100.0
2025-09-05 21:00:00,7.6,7.9,,7.2,,82.0,0.7,2.3,317.0,312.0,1007.2,64.0,0.0,,100.0
2025-09-05 22:00:00,7.4,7.8,,7.1,,84.0,0.4,3.0,302.0,321.0,1007.4,5.0,0.0,,100.0
2025-09-05 23:00:00,7.3,8.0,,6.9,,83.0,1.1,5.9,336.0,272.0,1007.6,0.0,0.0,,100.0
2025-09-06 00:00:00,7.8,8.5,9.0,7.1,6.7,76.0,2.0,7.5,234.0,244.0,1007.5,0.0,0.0,0.0,100.0
2025-09-06 01:00:00,8.1,8.5,,8.1,,73.0,2.5,5.3,273.0,261.0,1007.5,0.0,0.0,,100.0
2025-09-06 02:00:00,8.0,8.1,,7.9,,74.0,1.8,4.4,238.0,244.0,1007.2,0.0,0.0,,100.0
2025-09-06 03:00:00,7.8,7.9,,7.6,,75.0,3.0,5.7,258.0,263.0,1006.8,0.0,0.0,,100.0
2025-09-06 04:00:00,7.7,7.9,,7.5,,75.0,2.7,5.4,251.0,254.0,1006.4,0.0,0.0,,100.0
2025-09-06 05:00:00,7.7,7.9,,7.5,,73.0,2.4,4.5,247.0,260.0,1006.1,0.0,0.0,,100.0
2025-09-06 06:00:00,7.0,7.4,8.5,6.6,6.6,73.0,2.9,5.8,262.0,247.0,1006.2,0.0,0.0,0.0,50.0
2025-09-06 07:00:00,6.7,7.0,,6.5,,78.0,3.8,8.2,230.0,235.0,1006.4,0.0,0.0,,100.0
2025-09-06 08:00:00,7.2,7.5,,6.9,,74.0,4.9,9.5,217.0,219.0,1006.5,3.0,0.0,,90.0
2025-09-06 09:00:00,7.0,7.3,,6.6,,75.0,3.0,6.4,160.0,192.0,1007.0,45.0,0.0,,40.0
2025-09-06 10:00:00,6.4,6.7,,6.1,,83.0,3.1,5.5,138.0,147.0,1007.2,179.0,0.0,,10.0
2025-09-06 11:00:00,5.6,6.1,,5.4,,90.0,3.1,5.9,127.0,149.0,1007.6,103.0,0.0,,100.0
2025-09-06 12:00:00,5.3,5.4,8.5,5.2,5.2,96.0,1.8,4.6,153.0,144.0,1007.7,97.0,0.4,0.3,100.0
2025-09-06 13:00:00,5.4,5.6,,5.2,,96.0,2.5,5.5,125.0,149.0,1008.0,143.0,0.2,,100.0
2025-09-06 14:00:00,5.4,5.6,,5.2,,97.0,1.7,3.1,124.0,123.0,1008.3,142.0,0.6,,100.0
2025-09-06 15:00:00,5.2,5.3,,5.0,,97.0,0.8,2.2,134.0,139.0,1008.5,92.0,0.8,,100.0
2025-09-06 16:00:00,5.5,5.7,,5.2,,97.0,1.3,3.0,159.0,135.0,1008.6,125.0,0.4,,100.0
2025-09-06 17:00:00,5.6,5.8,,5.2,,98.0,0.8,2.7,192.0,169.0,1008.8,70.0,0.6,,100.0
2025-09-06 18:00:00,5.9,6.0,7.5,5.6,5.0,97.0,1.0,2.6,183.0,184.0,1009.2,87.0,0.0,2.8,100.0
2025-09-06 19:00:00,,,,,,97.0,0.9,2.4,118.0,149.0,,46.0,0.5,,100.0
2025-09-06 20:00:00,6.4,6.5,,6.3,,96.0,1.2,2.8,80.0,78.0,1010.0,46.0,0.0,,100.0
2025-09-06 21:00:00,6.4,6.5,,6.4,,95.0,0.3,1.9,0.0,65.0,1010.4,23.0,0.0,,100.0
2025-09-06 22:00:00,6.4,6.5,,6.3,,95.0,0.0,1.0,162.0,0.0,1010.8,3.0,0.2,,100.0
2025-09-06 23:00:00,6.2,6.3,,6.1,,97.0,0.2,1.5,0.0,98.0,1010.9,0.0,0.3,,100.0
2025-09-07 00:00:00,6.1,6.2,6.5,6.1,5.0,97.0,0.2,1.1,269.0,279.0,1011.1,0.0,0.0,3.9,100.0
2025-09-07 01:00:00,6.3,6.5,,6.2,,94.0,0.5,1.6,282.0,292.0,1011.2,0.0,0.1,,100.0
2025-09-07 02:00:00,6.5,6.6,,6.2,,92.0,1.1,2.0,278.0,267.0,1011.3,0.0,0.0,,100.0
2025-09-07 03:00:00,6.5,6.6,,6.3,,92.0,0.9,2.4,254.0,295.0,1011.4,0.0,0.2,,100.0
2025-09-07 04:00:00,6.6,6.8,,6.4,,91.0,1.3,2.5,282.0,265.0,1011.5,0.0,0.0,,100.0
2025-09-07 05:00:00,7.0,7.1,,6.8,,86.0,1.0,2.5,4.0,297.0,1011.4,0.0,0.0,,100.0
2025-09-07 06:00:00,7.2,7.4,7.4,7.1,5.8,82.0,1.4,3.9,6.0,1.0,1011.6,0.0,0.0,4.1,100.0
2025-09-07 07:00:00,7.4,7.6,,7.2,,81.0,2.2,4.8,13.0,12.0,1012.0,0.0,0.0,,100.0
2025-09-07 08:00:00,7.3,7.6,,7.2,,80.0,2.4,5.4,21.0,10.0,1012.3,2.0,0.0,,100.0
2025-09-07 09:00:00,7.3,7.5,,7.2,,77.0,2.1,4.4,25.0,6.0,1012.5,21.0,0.0,,100.0
2025-09-07 10:00:00,7.5,7.7,,6.9,,80.0,1.8,4.2,157.0,35.0,1012.8,46.0,0.0,,100.0
2025-09-07 11:00:00,7.1,7.6,,6.7,,82.0,2.7,4.4,188.0,172.0,1012.7,102.0,0.0,,100.0
2025-09-07 12:00:00,7.8,8.1,8.1,7.6,6.2,80.0,2.1,5.2,115.0,143.0,1012.7,119.0,0.0,3.7,100.0
2025-09-07 13:00:00,8.2,8.5,,6.7,,78.0,3.2,5.6,134.0,92.0,1012.9,172.0,0.0,,100.0
2025-09-07 14:00:00,5.9,6.7,,5.6,,88.0,4.2,6.8,170.0,158.0,1013.1,187.0,0.0,,100.0
2025-09-07 15:00:00,5.7,6.0,,5.3,,89.0,3.8,7.6,158.0,159.0,1013.1,190.0,0.0,,100.0
2025-09-07 16:00:00,5.7,5.9,,5.3,,88.0,2.2,5.5,152.0,146.0,1013.3,125.0,0.1,,100.0
2025-09-07 17:00:00,5.7,6.0,,5.3,,88.0,2.7,5.3,145.0,137.0,1012.9,138.0,0.3,,100.0
2025-09-07 18:00:00,5.3,5.8,8.5,4.6,4.6,91.0,3.3,6.0,154.0,145.0,1012.6,155.0,0.0,1.6,100.0
2025-09-07 19:00:00,4.9,5.0,,4.6,,93.0,2.6,5.5,142.0,147.0,1012.4,81.0,0.0,,100.0
2025-09-07 20:00:00,4.7,4.9,,4.5,,96.0,2.7,5.4,154.0,152.0,1012.5,26.0,0.1,,100.0
2025-09-07 21:00:00,4.8,4.9,,4.5,,98.0,3.5,6.1,145.0,146.0,1012.4,11.0,0.1,,100.0
2025-09-07 22:00:00,5.0,5.2,,4.8,,95.0,3.0,5.5,156.0,146.0,1012.3,1.0,0.0,,100.0
2025-09-07 23:00:00,4.8,4.9,,4.6,,93.0,2.6,4.8,164.0,160.0,1012.1,0.0,0.0,,100.0
2025-09-08 00:00:00,4.6,4.8,8.5,4.5,4.5,96.0,1.4,3.2,151.0,155.0,1011.7,0.0,0.1,0.8,100.0
2025-09-08 01:00:00,5.0,5.1,,4.8,,92.0,1.2,2.3,135.0,158.0,1011.2,0.0,0.0,,100.0
2025-09-08 02:00:00,5.1,5.3,,5.0,,89.0,1.6,3.1,193.0,169.0,1010.8,0.0,0.0,,100.0
2025-09-08 03:00:00,5.0,5.4,,4.7,,93.0,0.8,1.7,359.0,335.0,1010.0,0.0,0.0,,75.0
2025-09-08 04:00:00,4.2,4.7,,3.8,,95.0,0.4,2.0,207.0,310.0,1009.1,0.0,0.0,,
2025-09-08 05:00:00,3.6,4.0,,3.4,,97.0,1.2,2.5,155.0,168.0,1008.1,0.0,0.0,,
2025-09-08 06:00:00,3.3,3.6,5.4,3.1,3.1,98.0,0.5,1.8,342.0,215.0,1007.7,0.0,0.0,0.6,100.0
2025-09-08 07:00:00,2.8,3.1,,2.2,,98.0,0.4,1.8,287.0,293.0,1007.2,0.0,0.0,,60.0
2025-09-08 08:00:00,2.0,2.6,,1.6,,99.0,0.8,2.6,150.0,219.0,1006.9,4.0,0.0,,25.0
2025-09-08 09:00:00,2.0,2.9,,1.6,,99.0,0.3,1.8,191.0,186.0,1006.1,38.0,0.0,,25.0
2025-09-08 10:00:00,3.0,3.7,,2.4,,98.0,0.5,2.0,46.0,140.0,1005.4,159.0,0.0,,25.0
2025-09-08 11:00:00,3.8,5.1,,2.6,,97.0,1.2,3.9,159.0,152.0,1004.4,372.0,0.0,,
2025-09-08 12:00:00,5.7,6.8,6.8,4.2,1.6,87.0,0.8,2.4,25.0,151.0,1003.7,405.0,0.0,0.6,
2025-09-08 13:00:00,6.8,8.2,,5.4,,67.0,1.2,5.4,342.0,12.0,1002.8,442.0,0.0,,
2025-09-08 14:00:00,8.4,8.6,,8.1,,43.0,3.8,7.6,4.0,6.0,1001.7,487.0,0.0,,0.0
2025-09-08 15:00:00,8.8,9.1,,8.4,,40.0,4.1,8.5,359.0,7.0,1000.8,502.0,0.0,,0.0
2025-09-08 16:00:00,9.3,9.6,,8.9,,39.0,3.2,6.2,11.0,9.0,999.6,484.0,0.0,,0.0
2025-09-08 17:00:00,9.8,10.5,,9.6,,38.0,2.0,4.8,19.0,16.0,998.5,435.0,0.0,,0.0
2025-09-08 18:00:00,10.4,10.8,10.8,10.0,1.6,37.0,0.7,2.4,107.0,130.0,997.5,359.0,0.0,0.2,0.0
2025-09-08 19:00:00,10.4,10.8,,10.0,,38.0,0.6,2.3,154.0,136.0,996.5,263.0,0.0,,0.0
2025-09-08 20:00:00,9.4,10.2,,8.5,,44.0,1.4,2.5,170.0,164.0,995.7,150.0,0.0,,0.0
2025-09-08 21:00:00,7.8,8.4,,7.2,,51.0,0.6,2.3,0.0,170.0,995.0,18.0,0.0,,0.0
2025-09-08 22:00:00,6.6,7.3,,5.7,,60.0,0.3,2.2,290.0,258.0,994.5,2.0,0.0,,0.0
2025-09-08 23:00:00,5.2,5.6,,3.8,,69.0,1.6,4.7,146.0,196.0,994.5,0.0,0.0,,0.0
2025-09-09 00:00:00,3.5,3.8,10.8,3.0,3.0,92.0,2.7,5.3,184.0,157.0,994.5,0.0,0.0,0.0,0.0
2025-09-09 01:00:00,2.9,3.1,,2.6,,90.0,0.1,1.2,0.0,174.0,994.2,0.0,0.0,,0.0
2025-09-09 02:00:00,2.7,2.9,,2.4,,85.0,0.0,0.0,0.0,0.0,994.2,0.0,0.0,,0.0
2025-09-09 03:00:00,3.7,4.8,,2.9,,78.0,1.6,3.3,144.0,160.0,994.6,0.0,0.0,,0.0
2025-09-09 04:00:00,3.8,5.1,,2.6,,80.0,1.1,3.7,164.0,141.0,994.8,0.0,0.0,,0.0
2025-09-09 05:00:00,5.7,6.1,,4.6,,64.0,1.4,4.9,0.0,117.0,994.9,0.0,0.0,,10.0
2025-09-09 06:00:00,6.1,6.5,10.8,5.2,2.4,66.0,1.1,3.3,121.0,129.0,994.9,0.0,0.0,0.0,50.0
2025-09-09 07:00:00,6.2,6.5,,5.4,,70.0,1.6,3.8,178.0,163.0,995.2,0.0,0.0,,100.0
2025-09-09 08:00:00,6.4,6.9,,5.9,,71.0,2.0,3.7,146.0,154.0,995.5,1.0,0.0,,100.0
2025-09-09 09:00:00,6.5,6.9,,6.2,,70.0,1.5,3.3,145.0,161.0,995.8,8.0,0.0,,100.0
2025-09-09 10:00:00,6.2,6.7,,5.8,,74.0,2.1,4.2,287.0,176.0,995.6,33.0,0.0,,100.0
2025-09-09 11:00:00,7.0,7.3,,6.7,,71.0,1.3,3.2,329.0,274.0,995.4,98.0,0.0,,100.0
2025-09-09 12:00:00,7.4,7.5,7.5,7.3,2.4,66.0,0.9,2.8,358.0,344.0,995.5,116.0,0.1,0.1,100.0
2025-09-09 13:00:00,7.5,7.9,,7.2,,70.0,1.6,3.9,286.0,289.0,995.1,160.0,0.1,,100.0
2025-09-09 14:00:00,7.8,8.3,,7.0,,73.0,1.4,2.9,159.0,146.0,994.9,203.0,0.0,,100.0
2025-09-09 15:00:00,6.1,7.1,,5.4,,83.0,3.1,5.4,160.0,148.0,994.9,145.0,0.3,,100.0
2025-09-09 16:00:00,5.9,6.2,,5.5,,86.0,2.1,4.6,151.0,159.0,994.6,175.0,0.1,,100.0
2025-09-09 17:00:00,6.4,6.6,,6.2,,85.0,0.7,2.5,298.0,343.0,994.2,205.0,0.0,,100.0
2025-09-09 18:00:00,6.7,7.0,8.3,6.4,5.4,82.0,0.5,2.1,37.0,21.0,993.6,155.0,0.0,0.6,100.0
2025-09-09 19:00:00,7.0,7.2,,6.6,,82.0,0.1,1.2,38.0,36.0,993.0,119.0,0.0,,50.0
2025-09-09 20:00:00,6.8,7.2,,6.4,,83.0,0.3,1.9,0.0,42.0,992.8,64.0,0.0,,
2025-09-09 21:00:00,6.2,6.5,,5.9,,86.0,0.4,2.1,204.0,200.0,992.5,18.0,0.0,,0.0
2025-09-09 22:00:00,6.0,6.3,,5.7,,87.0,1.6,3.3,153.0,159.0,992.5,1.0,0.0,,25.0
2025-09-09 23:00:00,5.1,5.9,,4.7,,85.0,0.4,2.6,148.0,153.0,992.7,0.0,0.0,,100.0
2025-09-10 00:00:00,4.8,5.1,8.3,4.4,4.4,88.0,0.2,1.5,0.0,153.0,993.1,0.0,0.0,0.6,100.0
2025-09-10 01:00:00,4.5,4.8,,4.3,,88.0,0.0,0.8,300.0,0.0,993.3,0.0,0.0,,100.0
2025-09-10 02:00:00,4.7,5.2,,4.5,,89.0,0.3,2.3,243.0,245.0,993.7,0.0,0.0,,100.0
2025-09-10 03:00:00,4.3,5.0,,3.4,,90.0,1.3,3.2,0.0,162.0,994.1,0.0,0.0,,0.0
2025-09-10 04:00:00,3.9,4.4,,3.5,,92.0,0.0,1.4,253.0,0.0,994.8,0.0,0.0,,100.0
2025-09-10 05:00:00,4.3,4.6,,4.2,,91.0,0.6,1.8,304.0,276.0,995.2,0.0,0.0,,100.0
2025-09-10 06:00:00,4.3,5.4,7.2,3.9,3.4,93.0,0.6,3.2,0.0,271.0,995.6,0.0,0.0,0.6,100.0
2025-09-10 07:00:00,4.9,5.5,,4.5,,86.0,0.8,2.7,287.0,256.0,996.1,0.0,0.0,,100.0
2025-09-10 08:00:00,5.0,5.6,,4.7,,86.0,0.6,2.2,30.0,152.0,1002.2,2.0,0.0,,100.0
2025-09-10 09:00:00,5.8,6.8,,4.8,,84.0,0.6,1.5,116.0,164.0,997.3,18.0,0.0,,100.0
2025-09-10 10:00:00,5.9,7.2,,5.1,,86.0,0.5,2.0,356.0,165.0,997.7,43.0,0.0,,100.0
2025-09-10 11:00:00,6.1,6.5,,5.4,,85.0,0.5,2.8,139.0,119.0,997.8,100.0,0.0,,100.0
2025-09-10 12:00:00,6.7,7.1,7.2,6.4,4.8,83.0,1.9,3.9,141.0,143.0,997.9,140.0,0.0,,100.0
2025-09-10 13:00:00,6.9,7.1,,6.7,,81.0,2.6,4.3,139.0,139.0,998.4,190.0,0.0,,100.0
2025-09-10 14:00:00,7.0,7.3,,6.8,,81.0,2.8,5.1,149.0,150.0,998.7,238.0,0.0,,100.0
2025-09-10 15:00:00,6.7,6.9,,6.5,,83.0,3.0,5.5,150.0,146.0,999.1,260.0,0.0,,100.0
2025-09-10 16:00:00,7.0,7.6,,6.5,,82.0,3.0,5.4,130.0,149.0,998.9,348.0,0.0,,100.0
2025-09-10 17:00:00,6.7,7.4,,6.0,,85.0,3.4,6.0,132.0,138.0,1000.1,211.0,0.0,,100.0
2025-09-10 18:00:00,5.4,5.9,7.6,4.9,4.8,90.0,3.3,7.4,147.0,138.0,1001.1,142.0,0.0,,100.0
2025-09-10 19:00:00,4.8,4.9,,4.6,,95.0,1.8,4.2,158.0,156.0,1002.1,36.0,0.0,,100.0
2025-09-10 20:00:00,5.0,5.3,,4.8,,95.0,0.3,1.7,0.0,181.0,1003.0,27.0,0.3,,100.0
2025-09-10 21:00:00,5.4,5.9,,5.3,,93.0,1.8,4.5,254.0,263.0,1003.3,7.0,1.1,,100.0
2025-09-10 22:00:00,5.8,6.2,,5.6,,92.0,1.6,4.7,314.0,260.0,1003.7,0.0,0.9,,100.0
2025-09-10 23:00:00,6.0,6.4,,5.8,,92.0,1.0,3.0,291.0,300.0,1004.2,0.0,1.1,,100.0
2025-09-11 00:00:00,6.5,6.9,7.6,6.2,4.6,89.0,1.6,3.2,329.0,294.0,1004.3,0.0,0.4,,100.0
2025-09-11 01:00:00,7.0,7.1,,6.9,,82.0,0.9,3.2,326.0,314.0,1004.4,0.0,0.1,,100.0
2025-09-11 02:00:00,7.2,7.3,,6.9,,80.0,1.3,3.0,285.0,272.0,1004.2,0.0,0.0,,100.0
2025-09-11 03:00:00,7.0,7.3,,6.6,,82.0,1.0,3.0,253.0,263.0,1004.2,0.0,0.0,,100.0
2025-09-11 04:00:00,6.1,7.1,,5.5,,88.0,1.8,2.9,166.0,164.0,1004.1,0.0,0.0,,100.0
2025-09-11 05:00:00,6.0,6.2,,5.5,,87.0,1.4,2.4,166.0,163.0,1004.0,0.0,0.0,,100.0
2025-09-11 06:00:00,5.5,6.1,7.3,5.2,4.6,91.0,0.6,2.5,0.0,312.0,1004.1,0.0,0.0,,100.0
2025-09-11 07:00:00,5.1,5.2,,5.0,,94.0,1.1,3.0,311.0,322.0,1004.2,0.0,0.0,,100.0
2025-09-11 08:00:00,5.0,5.2,,4.9,,94.0,0.6,2.3,0.0,301.0,1003.9,1.0,0.0,,100.0
2025-09-11 09:00:00,5.0,5.0,,4.9,,94.0,0.0,0.6,0.0,0.0,1003.8,25.0,0.0,,100.0
2025-09-11 10:00:00,5.4,5.7,,5.0,,93.0,0.9,2.0,30.0,298.0,1003.3,48.0,0.0,,100.0
2025-09-11 11:00:00,5.7,5.9,,5.6,,92.0,0.5,2.2,24.0,309.0,1003.1,60.0,0.0,,100.0
2025-09-11 12:00:00,,,,,,,0.5,2.3,276.0,57.0,1003.2,66.0,0.0,3.7,100.0
2025-09-11 13:00:00,6.0,6.3,,5.6,,90.0,1.3,4.4,162.0,146.0,1003.8,45.0,0.4,,100.0
2025-09-11 14:00:00,6.1,6.4,,5.8,,90.0,1.2,4.3,59.0,158.0,1003.7,67.0,0.8,,100.0
2025-09-11 15:00:00,7.1,8.3,,6.1,,85.0,1.9,4.6,28.0,282.0,1002.9,84.0,0.1,,100.0
2025-09-11 16:00:00,7.6,9.0,,6.2,,81.0,2.4,4.5,158.0,130.0,1003.3,105.0,0.0,,100.0
2025-09-11 17:00:00,7.4,8.7,,6.2,,85.0,1.5,3.3,278.0,229.0,1003.6,67.0,0.0,,100.0
2025-09-11 18:00:00,8.4,8.7,9.0,7.6,4.9,83.0,1.1,3.1,31.0,288.0,1003.8,43.0,0.0,4.9,100.0
2025-09-11 19:00:00,8.3,9.5,,7.3,,86.0,0.7,2.5,13.0,289.0,1004.4,29.0,0.3,,100.0
2025-09-11 20:00:00,7.3,8.2,,6.7,,90.0,3.0,6.4,285.0,157.0,1005.0,14.0,0.8,,100.0
2025-09-11 21:00:00,7.4,7.8,,7.1,,91.0,0.8,3.7,0.0,320.0,1005.3,5.0,0.0,,100.0
2025-09-11 22:00:00,7.5,7.7,,7.3,,92.0,0.7,2.4,329.0,172.0,1005.7,0.0,0.0,,100.0
2025-09-11 23:00:00,6.7,7.4,,6.5,,94.0,0.1,1.4,0.0,43.0,1005.2,0.0,0.0,,100.0
2025-09-12 00:00:00,7.8,9.7,9.7,7.0,5.6,87.0,1.0,4.2,279.0,7.0,1005.0,1.0,0.0,2.4,100.0
2025-09-12 01:00:00,8.5,10.0,,7.5,,81.0,1.2,4.5,171.0,193.0,1005.2,0.0,0.0,,100.0
2025-09-12 02:00:00,6.3,7.6,,5.2,,89.0,2.9,5.1,164.0,152.0,1005.8,0.0,0.0,,100.0
2025-09-12 03:00:00,6.0,6.4,,5.6,,91.0,1.3,3.5,314.0,291.0,1005.4,0.0,0.0,,100.0
2025-09-12 04:00:00,6.5,7.1,,5.9,,90.0,2.1,4.8,262.0,264.0,1004.9,0.0,0.0,,100.0
2025-09-12 05:00:00,6.7,7.1,,6.6,,89.0,0.6,2.1,333.0,321.0,1004.8,0.0,0.0,,100.0
2025-09-12 06:00:00,6.9,7.1,10.0,6.7,5.2,89.0,1.0,3.1,154.0,40.0,1004.6,0.0,0.0,2.3,100.0
2025-09-12 07:00:00,6.7,7.2,,6.4,,89.0,2.2,3.6,198.0,161.0,1004.7,0.0,0.0,,100.0
2025-09-12 08:00:00,6.8,7.1,,6.5,,89.0,1.3,4.2,155.0,270.0,1004.9,1.0,0.0,,100.0
2025-09-12 09:00:00,6.9,7.6,,6.3,,88.0,2.4,4.4,73.0,183.0,1005.2,19.0,0.0,,100.0
2025-09-12 10:00:00,6.6,6.9,,6.4,,92.0,0.2,1.6,83.0,81.0,1004.9,51.0,0.0,,100.0
2025-09-12 11:00:00,7.3,7.8,,6.8,,88.0,2.2,4.2,136.0,152.0,1005.1,165.0,0.0,,100.0
2025-09-12 12:00:00,7.9,9.1,10.0,7.2,5.2,84.0,1.9,4.2,314.0,179.0,1005.3,247.0,0.0,2.3,100.0
2025-09-12 13:00:00,9.5,10.2,,8.6,,78.0,2.0,4.5,269.0,287.0,1004.9,224.0,0.0,,100.0
2025-09-12 14:00:00,9.5,10.2,,8.8,,78.0,1.0,3.2,26.0,130.0,1005.1,172.0,0.0,,100.0
2025-09-12 15:00:00,10.2,10.5,,9.7,,73.0,0.4,1.8,39.0,16.0,1005.1,201.0,0.0,,100.0
2025-09-12 16:00:00,9.9,10.7,,8.6,,76.0,1.1,3.8,160.0,166.0,1005.0,145.0,0.0,,100.0
2025-09-12 17:00:00,9.1,9.9,,8.5,,81.0,1.8,3.8,154.0,161.0,1004.8,128.0,0.0,,100.0
2025-09-12 18:00:00,8.4,9.3,10.7,7.9,6.3,84.0,2.9,4.6,232.0,164.0,1004.9,102.0,0.1,1.1,100.0
2025-09-12 19:00:00,9.0,9.8,,8.7,,85.0,0.8,4.3,0.0,336.0,1005.3,75.0,0.0,,100.0
2025-09-12 20:00:00,9.5,10.1,,8.9,,85.0,0.7,2.3,13.0,296.0,1005.2,37.0,0.0,,100.0
2025-09-12 21:00:00,8.5,9.3,,7.4,,86.0,3.4,5.9,167.0,164.0,1005.8,9.0,0.0,,100.0
2025-09-12 22:00:00,7.0,7.5,,6.6,,91.0,1.6,5.5,0.0,160.0,1005.8,0.0,0.2,,100.0
2025-09-12 23:00:00,7.1,7.3,,6.8,,92.0,0.1,1.4,0.0,43.0,1005.5,0.0,0.0,,100.0
2025-09-13 00:00:00,7.8,8.8,10.7,6.8,6.6,90.0,0.5,2.2,265.0,228.0,1005.3,0.0,0.0,0.2,100.0
2025-09-13 01:00:00,7.8,8.2,,7.5,,90.0,0.1,1.3,0.0,147.0,1005.2,0.0,0.4,,100.0
2025-09-13 02:00:00,8.4,8.7,,8.1,,89.0,1.2,4.0,320.0,263.0,1004.9,0.0,1.0,,100.0
2025-09-13 03:00:00,8.9,9.4,,8.4,,85.0,0.9,2.0,333.0,295.0,1004.3,0.0,0.2,,100.0
2025-09-13 04:00:00,8.6,9.1,,7.8,,85.0,0.7,2.6,160.0,158.0,1003.9,0.0,0.0,,100.0
2025-09-13 05:00:00,8.5,9.1,,7.6,,85.0,0.4,1.8,0.0,162.0,1003.5,0.0,0.0,,100.0
2025-09-13 06:00:00,8.6,9.0,10.1,8.4,6.6,86.0,0.3,1.6,356.0,304.0,1003.2,0.0,0.0,1.8,100.0
2025-09-13 07:00:00,9.0,9.9,,8.4,,81.0,0.6,2.1,278.0,260.0,1002.7,0.0,0.0,,100.0
2025-09-13 08:00:00,9.2,9.9,,8.3,,80.0,0.4,2.1,30.0,273.0,1002.6,1.0,0.0,,100.0
2025-09-13 09:00:00,9.2,10.1,,8.2,,78.0,0.6,2.8,259.0,231.0,1002.7,23.0,0.0,,100.0
2025-09-13 10:00:00,9.8,10.2,,8.9,,78.0,1.8,6.8,120.0,239.0,1004.3,27.0,0.0,,100.0
2025-09-13 11:00:00,9.2,11.4,,7.3,,77.0,6.9,15.6,111.0,103.0,1007.3,23.0,1.3,,100.0
2025-09-13 12:00:00,6.8,7.3,11.4,6.5,6.5,85.0,5.6,9.7,122.0,117.0,1007.8,57.0,0.3,3.3,100.0
2025-09-13 13:00:00,6.8,7.1,,6.5,,85.0,3.1,6.6,126.0,126.0,1008.0,87.0,0.1,,100.0
2025-09-13 14:00:00,7.3,7.6,,7.1,,83.0,1.2,3.2,0.0,153.0,1008.4,106.0,0.4,,100.0
2025-09-13 15:00:00,7.6,7.9,,7.6,,83.0,1.0,2.8,262.0,261.0,1008.6,120.0,0.4,,100.0
2025-09-13 16:00:00,7.9,8.0,,7.8,,84.0,2.0,3.0,256.0,265.0,1008.8,88.0,0.6,,100.0
2025-09-13 17:00:00,7.9,8.1,,7.7,,82.0,1.9,3.4,251.0,253.0,1008.8,92.0,1.2,,100.0
2025-09-13 18:00:00,7.9,8.4,11.4,7.6,6.5,84.0,1.2,3.5,38.0,276.0,1008.8,127.0,0.1,6.0,100.0
2025-09-13 19:00:00,7.8,8.0,,7.7,,86.0,0.1,1.2,162.0,125.0,1008.9,70.0,0.0,,100.0
2025-09-13 20:00:00,7.7,7.9,,7.0,,87.0,1.3,2.6,151.0,150.0,1009.1,36.0,0.0,,100.0
2025-09-13 21:00:00,6.9,7.1,,6.8,,90.0,0.8,2.5,0.0,181.0,1008.9,8.0,0.0,,100.0
2025-09-13 22:00:00,6.4,6.8,,6.2,,92.0,0.7,2.0,172.0,169.0,1008.7,0.0,0.0,,100.0
2025-09-13 23:00:00,5.6,6.3,,5.1,,95.0,0.6,2.6,184.0,184.0,1008.7,0.0,0.0,,100.0
2025-09-14 00:00:00,5.6,5.9,8.4,5.1,5.1,96.0,0.5,2.2,228.0,246.0,1008.6,0.0,0.2,6.1,100.0
2025-09-14 01:00:00,5.3,5.6,,5.1,,96.0,0.6,2.0,0.0,316.0,1008.6,0.0,0.0,,100.0
2025-09-14 02:00:00,5.2,5.2,,5.1,,97.0,0.1,1.2,36.0,332.0,1008.5,0.0,0.0,,100.0
2025-09-14 03:00:00,5.2,5.4,,5.0,,95.0,1.2,2.5,335.0,314.0,1008.4,0.0,0.0,,100.0
2025-09-14 04:00:00,5.6,5.8,,5.4,,89.0,1.1,2.5,359.0,328.0,1008.0,0.0,0.0,,100.0
2025-09-14 05:00:00,5.7,5.8,,5.6,,90.0,0.4,3.0,15.0,20.0,1007.6,0.0,0.1,,100.0
2025-09-14 06:00:00,6.0,6.6,8.0,5.6,5.0,86.0,0.8,4.9,275.0,268.0,1007.6,0.0,0.0,4.5,100.0
2025-09-14 07:00:00,6.5,6.9,,6.0,,82.0,0.1,1.5,352.0,313.0,1007.6,0.0,0.0,,100.0
2025-09-14 08:00:00,6.3,6.7,,6.0,,83.0,0.5,2.3,54.0,14.0,1007.6,1.0,0.0,,0.0
2025-09-14 09:00:00,6.0,6.3,,5.8,,85.0,0.5,2.1,0.0,98.0,1007.7,17.0,0.0,,
2025-09-14 10:00:00,7.2,8.0,,6.3,,81.0,0.7,2.9,154.0,44.0,1007.9,172.0,0.0,,100.0
2025-09-14 11:00:00,8.6,9.0,,8.0,,76.0,0.6,2.2,156.0,145.0,1007.9,401.0,0.0,,75.0
2025-09-14 12:00:00,8.7,9.1,9.1,8.0,5.0,76.0,1.8,3.7,150.0,147.0,1008.2,357.0,0.0,3.0,0.0
2025-09-14 13:00:00,8.5,9.2,,7.9,,76.0,2.5,4.2,157.0,157.0,1008.3,374.0,0.0,,25.0
2025-09-14 14:00:00,8.3,8.7,,7.9,,77.0,2.8,4.4,143.0,148.0,1008.8,360.0,0.0,,100.0
2025-09-14 15:00:00,8.6,9.1,,8.2,,75.0,3.7,7.2,162.0,149.0,1009.3,416.0,0.0,,50.0
2025-09-14 16:00:00,8.4,9.1,,7.8,,73.0,3.1,7.2,140.0,155.0,1009.9,437.0,0.0,,100.0
2025-09-14 17:00:00,8.6,9.1,,8.3,,67.0,2.8,5.9,154.0,141.0,1010.4,275.0,0.0,,100.0
2025-09-14 18:00:00,8.0,8.3,9.2,7.7,5.8,66.0,3.1,6.3,155.0,153.0,1010.7,198.0,0.0,0.2,100.0
2025-09-14 19:00:00,7.8,8.0,,7.6,,67.0,2.5,5.0,143.0,147.0,1011.4,219.0,0.0,,100.0
2025-09-14 20:00:00,6.9,7.8,,6.4,,72.0,1.9,4.2,129.0,136.0,1011.9,69.0,0.0,,100.0
2025-09-14 21:00:00,6.2,6.4,,6.1,,76.0,1.8,3.0,160.0,136.0,1012.0,18.0,0.0,,50.0
2025-09-14 22:00:00,5.6,6.3,,5.1,,80.0,0.4,1.7,315.0,174.0,1012.4,0.0,0.0,,0.0
2025-09-14 23:00:00,5.1,5.4,,4.8,,83.0,1.3,2.3,279.0,284.0,1012.5,0.0,0.0,,100.0
2025-09-15 00:00:00,5.4,5.8,9.2,5.2,4.8,83.0,0.1,1.2,0.0,2.0,1012.8,0.0,0.0,0.0,100.0
2025-09-15 01:00:00,5.5,5.8,,5.3,,82.0,0.5,2.1,271.0,272.0,1012.8,0.0,0.0,,100.0
2025-09-15 02:00:00,6.0,6.4,,5.6,,81.0,0.7,2.4,273.0,280.0,1012.8,0.0,0.0,,100.0
2025-09-15 03:00:00,6.4,6.8,,6.2,,78.0,0.4,2.1,45.0,1.0,1012.7,0.0,0.0,,100.0
2025-09-15 04:00:00,6.8,7.6,,6.4,,76.0,0.9,3.3,257.0,226.0,1012.6,0.0,0.0,,100.0
2025-09-15 05:00:00,7.1,8.0,,6.2,,74.0,2.3,5.7,,293.0,1012.9,0.0,0.0,,100.0
2025-09-15 06:00:00,7.2,7.7,8.0,6.4,4.8,73.0,0.7,2.2,259.0,265.0,1013.0,0.0,0.0,0.0,100.0
2025-09-15 07:00:00,6.7,7.6,,5.8,,77.0,2.1,4.9,185.0,156.0,1013.2,0.0,0.0,,100.0
2025-09-15 08:00:00,6.3,7.1,,5.8,,80.0,1.8,4.7,157.0,171.0,1013.7,0.0,0.0,,100.0
2025-09-15 09:00:00,5.6,5.8,,5.3,,81.0,2.6,4.8,150.0,159.0,1013.9,8.0,0.0,,100.0
2025-09-15 10:00:00,5.3,5.8,,4.9,,85.0,1.5,3.7,159.0,172.0,1014.3,41.0,0.0,,100.0
2025-09-15 11:00:00,5.4,5.9,,5.1,,86.0,2.2,6.1,26.0,168.0,1014.6,49.0,0.1,,100.0
2025-09-15 12:00:00,5.2,5.9,8.0,4.9,4.9,89.0,1.9,4.9,188.0,140.0,1015.0,69.0,0.3,0.3,100.0
2025-09-15 13:00:00,6.4,6.7,,5.9,,82.0,0.9,2.1,21.0,312.0,1015.2,125.0,0.0,,100.0
2025-09-15 14:00:00,6.8,7.2,,6.4,,81.0,0.4,2.1,41.0,34.0,1015.4,194.0,0.0,,100.0
2025-09-15 15:00:00,7.1,7.2,,6.9,,81.0,0.7,1.9,60.0,44.0,1015.6,162.0,0.1,,100.0
2025-09-15 16:00:00,6.4,7.0,,5.4,,88.0,1.8,3.6,141.0,124.0,1015.6,101.0,0.5,,100.0
2025-09-15 17:00:00,5.5,5.7,,5.4,,93.0,2.3,3.5,143.0,148.0,1015.7,98.0,0.2,,100.0
2025-09-15 18:00:00,6.0,6.2,7.6,5.7,4.9,91.0,1.9,3.0,142.0,143.0,1015.9,93.0,0.0,1.2,100.0
2025-09-15 19:00:00,6.2,6.4,,6.0,,90.0,0.9,2.4,329.0,131.0,1016.2,56.0,0.0,,100.0
2025-09-15 20:00:00,6.3,6.5,,6.2,,88.0,0.5,1.8,351.0,340.0,1016.4,42.0,0.0,,100.0
2025-09-15 21:00:00,6.4,6.5,,6.3,,87.0,0.2,1.1,89.0,18.0,1016.6,9.0,0.0,,100.0
2025-09-15 22:00:00,6.3,6.4,,6.2,,90.0,0.7,1.4,149.0,166.0,1016.7,0.0,0.1,,100.0
2025-09-15 23:00:00,6.2,6.4,,6.0,,91.0,1.3,3.0,166.0,164.0,1016.9,0.0,0.1,,100.0
2025-09-16 00:00:00,5.7,5.9,7.2,5.2,5.2,92.0,1.4,2.9,143.0,144.0,1017.2,0.0,0.0,1.4,100.0
2025-09-16 01:00:00,5.1,5.1,,5.0,,93.0,2.0,3.2,138.0,146.0,1017.4,0.0,0.1,,100.0
2025-09-16 02:00:00,5.1,5.3,,5.0,,92.0,0.9,2.3,0.0,151.0,1017.4,0.0,0.1,,100.0
2025-09-16 03:00:00,5.1,5.3,,4.8,,92.0,1.2,3.2,141.0,132.0,1017.6,0.0,0.0,,100.0
2025-09-16 04:00:00,5.4,5.5,,5.2,,91.0,1.1,3.2,113.0,136.0,1018.0,0.0,0.0,,100.0
2025-09-16 05:00:00,5.3,5.5,,5.0,,92.0,1.0,3.2,340.0,144.0,1018.1,0.0,0.0,,100.0
2025-09-16 06:00:00,5.0,5.5,6.5,5.0,4.8,95.0,0.6,3.1,264.0,306.0,1018.3,0.0,0.0,1.5,100.0
2025-09-16 07:00:00,7.8,9.0,,5.7,,80.0,1.9,7.8,336.0,280.0,1018.6,1.0,0.0,,100.0
2025-09-16 08:00:00,10.0,10.5,,9.0,,67.0,3.6,11.8,51.0,44.0,1019.1,0.0,0.0,,100.0
2025-09-16 09:00:00,10.1,10.4,,9.8,,66.0,4.2,12.5,34.0,38.0,1019.6,2.0,0.0,,100.0
2025-09-16 10:00:00,9.9,10.2,,9.6,,66.0,2.8,7.3,40.0,40.0,1020.1,17.0,0.0,,100.0
2025-09-16 11:00:00,9.7,10.0,,9.1,,68.0,1.9,5.6,46.0,40.0,1020.5,33.0,0.1,,100.0
2025-09-16 12:00:00,9.9,10.2,10.5,9.7,4.8,65.0,2.8,8.8,354.0,60.0,1021.1,62.0,0.0,1.2,100.0
2025-09-16 13:00:00,10.2,10.4,,9.9,,60.0,2.6,10.1,107.0,36.0,1021.4,60.0,0.0,,100.0
2025-09-16 14:00:00,9.3,10.4,,8.7,,64.0,2.9,6.7,141.0,151.0,1021.8,109.0,0.0,,100.0
2025-09-16 15:00:00,8.9,9.3,,8.5,,64.0,3.8,6.3,134.0,135.0,1021.8,132.0,0.0,,75.0
2025-09-16 16:00:00,8.6,8.9,,8.3,,62.0,4.5,7.9,115.0,119.0,1021.8,121.0,0.0,,100.0
2025-09-16 17:00:00,7.6,8.6,,7.0,,65.0,4.1,6.9,144.0,151.0,1022.0,122.0,0.0,,100.0
2025-09-16 18:00:00,6.4,7.0,10.5,5.8,5.7,66.0,3.8,7.1,128.0,138.0,1022.7,90.0,0.0,0.4,100.0
2025-09-16 19:00:00,5.6,5.8,,5.3,,69.0,3.6,7.3,187.0,139.0,1023.3,63.0,0.0,,100.0
2025-09-16 20:00:00,5.3,5.8,,4.9,,71.0,3.2,6.1,181.0,180.0,1023.8,30.0,0.0,,100.0
2025-09-16 21:00:00,5.1,5.3,,4.8,,74.0,2.6,5.0,183.0,174.0,1024.4,5.0,0.0,,100.0
2025-09-16 22:00:00,4.4,5.1,,4.1,,77.0,4.3,7.2,170.0,181.0,1024.6,0.0,0.0,,75.0
2025-09-16 23:00:00,4.9,5.8,,4.3,,73.0,2.2,6.8,9.0,169.0,1025.1,0.0,0.0,,100.0
2025-09-17 00:00:00,5.4,5.7,10.4,5.2,4.1,72.0,1.4,5.0,139.0,145.0,1025.8,0.0,0.0,0.2,100.0
2025-09-17 01:00:00,5.1,5.5,,4.7,,66.0,2.4,4.9,132.0,132.0,1026.3,0.0,0.0,,25.0
2025-09-17 02:00:00,4.6,4.8,,4.4,,63.0,2.9,5.0,132.0,127.0,1026.6,0.0,0.0,,25.0
2025-09-17 03:00:00,4.3,4.6,,3.8,,63.0,3.0,6.0,181.0,134.0,1026.9,0.0,0.0,,0.0
2025-09-17 04:00:00,3.8,4.1,,3.6,,65.0,2.2,3.9,171.0,183.0,1027.1,0.0,0.0,,0.0
2025-09-17 05:00:00,3.7,4.0,,3.4,,65.0,1.6,2.8,206.0,185.0,1027.3,0.0,0.0,,50.0
2025-09-17 06:00:00,3.6,3.9,5.8,3.2,3.2,68.0,1.4,2.8,178.0,202.0,1027.4,0.0,0.0,0.0,40.0
2025-09-17 07:00:00,3.2,3.6,,2.9,,72.0,0.8,2.0,153.0,162.0,1027.8,0.0,0.0,,60.0
2025-09-17 08:00:00,3.4,3.7,,3.1,,72.0,1.0,3.1,173.0,176.0,1028.1,0.0,0.0,,100.0
2025-09-17 09:00:00,3.6,3.7,,3.5,,71.0,0.1,1.7,0.0,178.0,1028.3,10.0,0.0,,100.0
2025-09-17 10:00:00,3.6,3.8,,3.5,,77.0,0.0,0.8,0.0,0.0,1028.3,34.0,0.0,,100.0
2025-09-17 11:00:00,3.8,3.9,,3.7,,76.0,1.0,3.7,91.0,85.0,1028.5,63.0,0.0,,100.0
2025-09-17 12:00:00,3.7,3.9,5.5,3.6,2.9,78.0,1.9,3.9,83.0,79.0,1028.4,89.0,0.0,0.0,100.0
2025-09-17 13:00:00,4.1,4.3,,3.7,,76.0,1.0,4.6,122.0,104.0,1028.4,115.0,0.0,,100.0
2025-09-17 14:00:00,3.4,3.7,,3.3,,81.0,3.1,5.7,134.0,129.0,1028.2,127.0,0.0,,100.0
2025-09-17 15:00:00,3.4,3.4,,3.2,,78.0,2.7,4.8,125.0,129.0,1027.6,123.0,0.0,,100.0
2025-09-17 16:00:00,3.3,3.4,,3.0,,79.0,2.2,4.2,166.0,141.0,1027.2,122.0,0.0,,100.0
2025-09-17 17:00:00,2.9,3.1,,2.8,,85.0,2.3,4.2,162.0,162.0,1027.0,134.0,0.0,,100.0
2025-09-17 18:00:00,2.9,3.1,4.3,2.8,2.8,80.0,2.7,6.1,148.0,155.0,1026.8,75.0,0.0,0.0,100.0
2025-09-17 19:00:00,2.6,2.9,,2.5,,81.0,3.7,6.9,121.0,132.0,1026.8,41.0,0.0,,100.0
2025-09-17 20:00:00,2.3,2.5,,2.1,,86.0,2.9,5.7,152.0,143.0,1026.9,26.0,0.0,,100.0
2025-09-17 21:00:00,2.0,2.1,,1.9,,89.0,2.6,5.2,149.0,144.0,1027.0,6.0,0.1,,100.0
2025-09-17 22:00:00,1.9,2.0,,1.9,,89.0,2.1,4.3,156.0,151.0,1026.8,0.0,0.0,,100.0
2025-09-17 23:00:00,2.0,2.0,,1.9,,86.0,2.2,4.4,158.0,162.0,1026.7,0.0,0.0,,100.0
2025-09-18 00:00:00,1.9,1.9,4.3,1.9,1.9,86.0,2.0,4.3,159.0,156.0,1026.7,0.0,0.0,0.1,100.0
2025-09-18 01:00:00,1.9,1.9,,1.9,,87.0,2.4,4.1,142.0,144.0,1026.5,0.0,0.0,,100.0
2025-09-18 02:00:00,1.9,1.9,,1.9,,86.0,2.0,3.7,167.0,153.0,1026.2,0.0,0.0,,100.0
2025-09-18 03:00:00,1.9,1.9,,1.9,,86.0,1.3,3.1,149.0,157.0,1026.1,0.0,0.0,,100.0
2025-09-18 04:00:00,1.9,1.9,,1.9,,86.0,1.4,2.8,144.0,137.0,1026.0,0.0,0.0,,100.0
2025-09-18 05:00:00,1.9,1.9,,1.9,,85.0,1.3,3.1,134.0,138.0,1026.0,0.0,0.0,,100.0
2025-09-18 06:00:00,1.6,1.9,2.9,1.5,1.5,85.0,2.1,3.4,124.0,123.0,1026.1,0.0,0.0,0.1,100.0
2025-09-18 07:00:00,1.3,1.4,,1.2,,91.0,2.2,3.7,136.0,128.0,1026.3,0.0,0.0,,100.0
2025-09-18 08:00:00,1.4,1.5,,1.3,,90.0,1.4,3.2,165.0,152.0,1026.3,0.0,0.0,,100.0
2025-09-18 09:00:00,1.5,1.5,,1.4,,89.0,1.5,3.2,165.0,164.0,1026.5,9.0,0.0,,100.0
2025-09-18 10:00:00,1.5,1.6,,1.4,,91.0,1.8,3.6,161.0,168.0,1026.5,56.0,0.0,,100.0
2025-09-18 11:00:00,1.5,1.6,,1.4,,91.0,2.2,3.8,165.0,163.0,1026.7,86.0,0.0,,100.0
2025-09-18 12:00:00,1.6,1.7,1.9,1.5,1.2,89.0,2.5,4.1,156.0,163.0,1026.7,149.0,0.0,0.1,100.0
2025-09-18 13:00:00,2.1,2.5,,1.7,,85.0,2.5,4.4,168.0,162.0,1026.6,264.0,0.0,,100.0
2025-09-18 14:00:00,2.1,2.4,,1.9,,86.0,2.6,4.9,150.0,158.0,1026.6,229.0,0.0,,100.0
2025-09-18 15:00:00,2.5,2.9,,2.2,,85.0,3.1,5.5,133.0,136.0,1026.2,253.0,0.0,,100.0
2025-09-18 16:00:00,3.3,3.9,,2.7,,80.0,2.6,6.1,148.0,132.0,1025.8,368.0,0.0,,100.0
2025-09-18 17:00:00,3.6,4.1,,3.2,,75.0,2.3,4.9,250.0,235.0,1025.5,295.0,0.0,,100.0
2025-09-18 18:00:00,3.1,3.4,4.1,2.9,1.2,78.0,2.8,5.9,229.0,228.0,1025.2,121.0,0.0,0.1,75.0
2025-09-18 19:00:00,2.9,3.1,,2.9,,75.0,3.6,5.7,228.0,227.0,1025.1,74.0,0.0,,90.0
2025-09-18 20:00:00,3.0,3.1,,2.8,,73.0,2.8,4.9,245.0,232.0,1025.1,48.0,0.0,,100.0
2025-09-18 21:00:00,2.6,2.8,,2.4,,75.0,3.7,5.1,225.0,230.0,1025.1,8.0,0.0,,0.0
2025-09-18 22:00:00,2.4,2.5,,2.3,,75.0,3.7,5.2,228.0,226.0,1024.7,0.0,0.0,,0.0
2025-09-18 23:00:00,2.5,2.6,,2.3,,73.0,3.2,4.7,239.0,233.0,1024.7,0.0,0.0,,0.0
2025-09-19 00:00:00,1.9,2.6,4.1,1.6,1.6,76.0,2.0,4.1,247.0,248.0,1024.7,0.0,0.0,0.0,0.0
2025-09-19 01:00:00,2.3,2.4,,2.0,,73.0,3.4,5.0,235.0,236.0,1024.7,0.0,0.0,,75.0
2025-09-19 02:00:00,2.2,2.4,,2.1,,72.0,3.2,5.3,237.0,236.0,1024.7,0.0,0.0,,100.0
2025-09-19 03:00:00,2.3,2.3,,2.2,,72.0,3.2,4.8,226.0,230.0,1024.6,0.0,0.0,,100.0
2025-09-19 04:00:00,2.1,2.2,,1.9,,72.0,2.7,5.0,236.0,229.0,1024.4,0.0,0.0,,100.0
2025-09-19 05:00:00,1.7,2.0,,1.3,,75.0,1.9,4.3,229.0,238.0,1024.4,0.0,0.0,,100.0
2025-09-19 06:00:00,2.0,2.1,3.1,1.8,1.3,72.0,2.9,4.5,230.0,230.0,1024.6,0.0,0.0,0.0,100.0
2025-09-19 07:00:00,1.8,1.9,,1.7,,72.0,2.7,3.9,228.0,226.0,1025.0,0.0,0.0,,100.0
2025-09-19 08:00:00,1.8,1.9,,1.7,,71.0,2.2,3.7,228.0,224.0,1025.6,0.0,0.0,,100.0
2025-09-19 09:00:00,1.8,1.9,,1.7,,71.0,1.0,2.6,252.0,238.0,1026.5,12.0,0.0,,100.0
2025-09-19 10:00:00,1.9,2.0,,1.8,,70.0,1.0,2.7,252.0,245.0,1027.3,49.0,0.0,,100.0
2025-09-19 11:00:00,2.3,2.5,,2.0,,69.0,0.8,2.5,18.0,313.0,1027.8,117.0,0.0,,100.0
2025-09-19 12:00:00,2.6,3.1,3.1,2.4,1.3,69.0,0.5,2.3,347.0,27.0,1028.4,194.0,0.0,0.0,100.0
2025-09-19 13:00:00,3.1,3.5,,2.9,,67.0,1.0,2.4,23.0,28.0,1028.6,273.0,0.0,,100.0
2025-09-19 14:00:00,3.2,3.4,,3.1,,65.0,0.7,2.5,55.0,43.0,1029.0,211.0,0.0,,90.0
2025-09-19 15:00:00,3.8,4.7,,3.4,,64.0,1.2,3.1,147.0,48.0,1029.0,396.0,0.0,,90.0
2025-09-19 16:00:00,3.9,4.5,,3.6,,64.0,1.5,4.2,110.0,142.0,1029.1,221.0,0.0,,90.0
2025-09-19 17:00:00,4.3,4.9,,3.8,,62.0,0.9,2.5,93.0,118.0,1028.8,270.0,0.0,,10.0
2025-09-19 18:00:00,4.3,4.6,4.9,4.1,1.7,63.0,0.8,2.3,161.0,74.0,1029.0,180.0,0.0,0.0,0.0
2025-09-19 19:00:00,4.0,4.1,,3.8,,64.0,0.9,2.5,234.0,194.0,1029.4,95.0,0.0,,0.0
2025-09-19 20:00:00,3.7,3.8,,3.5,,67.0,1.5,3.1,255.0,254.0,1029.7,34.0,0.0,,75.0
2025-09-19 21:00:00,3.5,3.6,,3.2,,68.0,1.2,2.4,248.0,251.0,1030.1,7.0,0.0,,10.0
2025-09-19 22:00:00,2.9,3.2,,2.7,,72.0,1.3,2.0,257.0,253.0,1030.1,0.0,0.0,,10.0
2025-09-19 23:00:00,2.8,3.1,,2.5,,74.0,0.7,2.0,0.0,238.0,1030.5,0.0,0.0,,100.0
2025-09-20 00:00:00,2.3,2.5,4.9,2.0,2.0,79.0,0.1,0.8,249.0,11.0,1030.3,0.0,0.0,0.0,100.0
2025-09-20 01:00:00,2.3,2.6,,1.9,,78.0,0.2,1.1,0.0,245.0,1030.4,0.0,0.0,,100.0
2025-09-20 02:00:00,2.2,2.5,,1.9,,81.0,0.5,2.2,188.0,196.0,1030.5,0.0,0.0,,100.0
2025-09-20 03:00:00,2.0,2.4,,1.8,,82.0,0.2,1.1,199.0,291.0,1030.5,0.0,0.0,,100.0
2025-09-20 04:00:00,1.9,2.3,,1.7,,83.0,0.2,1.2,0.0,193.0,1030.4,0.0,0.0,,100.0
2025-09-20 05:00:00,1.8,1.9,,1.6,,85.0,0.0,0.0,0.0,0.0,1030.1,0.0,0.0,,100.0
2025-09-20 06:00:00,1.9,2.3,4.1,1.7,1.6,81.0,0.1,1.3,171.0,171.0,1030.0,0.0,0.0,0.0,100.0
2025-09-20 07:00:00,2.1,2.5,,1.5,,82.0,0.2,1.4,0.0,171.0,1030.0,0.0,0.0,,100.0
2025-09-20 08:00:00,1.7,2.1,,1.5,,85.0,0.1,0.9,0.0,240.0,1030.0,0.0,0.0,,100.0
2025-09-20 09:00:00,1.9,2.3,,1.6,,84.0,0.1,1.2,0.0,152.0,1030.1,7.0,0.0,,100.0
2025-09-20 10:00:00,2.1,2.4,,1.9,,85.0,0.0,0.0,0.0,0.0,1030.1,24.0,0.0,,100.0
2025-09-20 11:00:00,2.5,3.0,,2.0,,84.0,0.3,2.5,280.0,284.0,1030.1,48.0,0.0,,100.0
2025-09-20 12:00:00,2.7,3.0,3.0,2.6,1.5,82.0,1.6,2.8,291.0,276.0,1030.1,73.0,0.2,0.2,100.0
2025-09-20 13:00:00,2.7,2.8,,2.6,,83.0,0.9,3.3,329.0,307.0,1030.1,94.0,0.1,,100.0
2025-09-20 14:00:00,2.6,2.8,,2.5,,86.0,0.7,2.2,330.0,334.0,1029.9,78.0,0.4,,100.0
2025-09-20 15:00:00,2.6,2.6,,2.5,,88.0,0.4,1.6,333.0,327.0,1029.3,77.0,0.5,,100.0
2025-09-20 16:00:00,2.8,3.0,,2.6,,90.0,1.3,2.6,333.0,304.0,1028.6,104.0,0.3,,100.0
2025-09-20 17:00:00,3.3,3.5,,2.9,,90.0,1.1,2.8,25.0,301.0,1028.1,80.0,0.5,,100.0
2025-09-20 18:00:00,3.3,3.6,3.6,3.1,1.5,92.0,1.4,2.3,282.0,313.0,1027.4,51.0,0.3,2.2,100.0
2025-09-20 19:00:00,3.6,3.7,,3.5,,92.0,1.5,3.1,320.0,297.0,1027.1,22.0,1.0,,100.0
2025-09-20 20:00:00,3.8,3.9,,3.6,,92.0,1.2,2.8,348.0,305.0,1026.7,18.0,0.6,,100.0
2025-09-20 21:00:00,3.8,3.8,,3.6,,92.0,1.1,2.6,306.0,330.0,1026.1,1.0,0.9,,100.0
2025-09-20 22:00:00,3.7,3.9,,3.6,,92.0,1.3,3.1,334.0,336.0,1025.4,0.0,0.4,,100.0
2025-09-20 23:00:00,3.8,3.9,,3.7,,92.0,1.1,2.9,353.0,348.0,1024.7,0.0,0.6,,100.0
2025-09-21 00:00:00,3.8,3.9,3.9,3.7,2.5,93.0,1.0,2.2,341.0,355.0,1024.1,0.0,0.3,6.1,100.0
2025-09-21 01:00:00,3.8,3.9,,3.7,,93.0,0.3,1.3,0.0,349.0,1023.1,0.0,0.5,,100.0
2025-09-21 02:00:00,3.9,3.9,,3.8,,93.0,0.2,1.4,300.0,340.0,1022.1,0.0,0.3,,100.0
2025-09-21 03:00:00,4.1,4.2,,3.9,,90.0,1.1,3.3,355.0,360.0,1021.0,0.0,0.1,,100.0
2025-09-21 04:00:00,4.1,4.2,,4.0,,91.0,0.4,1.7,332.0,308.0,1019.9,0.0,0.0,,100.0
2025-09-21 05:00:00,4.4,4.6,,4.2,,87.0,0.5,2.7,308.0,333.0,1018.7,0.0,0.0,,100.0
2025-09-21 06:00:00,4.5,4.7,4.7,4.4,3.5,89.0,0.9,3.3,321.0,314.0,1017.3,0.0,0.0,6.9,100.0
2025-09-21 07:00:00,5.1,5.4,,4.6,,88.0,1.5,3.4,339.0,310.0,1016.6,0.0,0.0,,100.0
2025-09-21 08:00:00,5.5,5.9,,4.9,,84.0,1.4,4.0,289.0,331.0,1015.8,0.0,0.0,,100.0
2025-09-21 09:00:00,5.9,6.2,,5.6,,79.0,0.8,3.3,350.0,335.0,1015.3,4.0,0.0,,100.0
2025-09-21 10:00:00,6.2,6.6,,6.0,,75.0,0.9,3.3,1.0,346.0,1015.1,19.0,0.0,,100.0
2025-09-21 11:00:00,6.6,6.8,,6.5,,72.0,0.7,1.9,137.0,105.0,1014.7,41.0,0.0,,100.0
2025-09-21 12:00:00,6.9,7.1,7.1,6.6,3.7,73.0,0.4,1.4,0.0,116.0,1014.0,86.0,0.0,6.7,100.0
2025-09-21 13:00:00,7.4,7.5,,7.1,,70.0,0.2,1.7,163.0,163.0,1013.4,80.0,0.0,,100.0
2025-09-21 14:00:00,7.0,7.5,,6.7,,74.0,0.8,2.7,306.0,218.0,1013.1,89.0,0.0,,100.0
2025-09-21 15:00:00,6.9,7.3,,6.4,,77.0,0.1,1.0,0.0,18.0,1012.8,72.0,0.3,,100.0
2025-09-21 16:00:00,6.6,7.1,,6.4,,82.0,0.1,1.2,44.0,58.0,1012.6,103.0,0.4,,100.0
2025-09-21 17:00:00,6.6,6.8,,6.4,,86.0,0.3,1.5,332.0,358.0,1012.1,75.0,0.1,,100.0
2025-09-21 18:00:00,6.6,6.7,7.5,6.5,4.6,94.0,1.0,2.1,310.0,310.0,1011.6,42.0,0.1,5.5,100.0
2025-09-21 19:00:00,6.7,7.0,,6.4,,97.0,0.5,1.8,260.0,288.0,1011.6,18.0,0.1,,100.0
2025-09-21 20:00:00,7.2,7.4,,7.0,,93.0,0.7,2.7,0.0,286.0,1011.7,5.0,0.2,,100.0
2025-09-21 21:00:00,7.3,7.5,,7.2,,94.0,0.6,2.7,0.0,258.0,1011.7,1.0,0.5,,100.0
2025-09-21 22:00:00,7.7,8.1,,7.4,,91.0,0.6,1.7,235.0,170.0,1011.1,0.0,0.2,,100.0
2025-09-21 23:00:00,8.5,9.5,,7.9,,85.0,2.2,9.8,87.0,89.0,1010.6,0.0,0.0,,100.0
2025-09-22 00:00:00,9.2,9.5,9.5,8.9,6.4,78.0,6.2,12.5,89.0,87.0,1010.8,0.0,0.0,2.5,100.0
2025-09-22 01:00:00,8.3,8.9,,7.9,,77.0,5.6,12.5,59.0,78.0,1011.0,0.0,1.8,,100.0
2025-09-22 02:00:00,8.2,8.5,,8.0,,72.0,5.3,12.6,58.0,55.0,1010.6,0.0,0.6,,100.0
2025-09-22 03:00:00,7.9,8.2,,7.5,,71.0,6.0,14.5,52.0,47.0,1010.3,0.0,0.7,,100.0
2025-09-22 04:00:00,7.7,8.0,,7.5,,68.0,6.3,14.0,49.0,46.0,1010.0,0.0,0.2,,100.0
2025-09-22 05:00:00,7.8,8.1,,7.4,,68.0,5.7,14.6,48.0,52.0,1010.0,0.0,0.0,,100.0
2025-09-22 06:00:00,7.6,7.9,9.5,7.3,6.4,70.0,7.0,16.5,41.0,47.0,1009.8,0.0,0.0,5.0,100.0
2025-09-22 07:00:00,7.3,7.5,,7.1,,70.0,6.8,15.0,41.0,39.0,1009.6,0.0,0.0,,100.0
2025-09-22 08:00:00,7.5,7.8,,7.3,,71.0,7.9,18.0,45.0,41.0,1008.8,0.0,0.0,,100.0
2025-09-22 09:00:00,7.5,7.8,,7.4,,72.0,7.8,17.5,46.0,44.0,1008.7,0.0,0.2,,100.0
2025-09-22 10:00:00,7.5,7.6,,7.3,,72.0,7.8,16.5,44.0,43.0,1008.3,1.0,0.5,,100.0
2025-09-22 11:00:00,7.4,7.6,,7.2,,74.0,6.3,16.0,43.0,46.0,1007.8,9.0,2.2,,100.0
2025-09-22 12:00:00,7.7,8.0,8.9,7.3,7.1,73.0,5.9,15.1,55.0,46.0,1006.9,18.0,0.6,8.6,100.0
2025-09-22 13:00:00,8.3,8.7,,7.9,,70.0,6.7,16.7,35.0,38.0,1005.9,20.0,0.0,,100.0
2025-09-22 14:00:00,8.3,8.5,,8.1,,73.0,6.7,18.2,34.0,31.0,1004.9,27.0,0.8,,100.0
2025-09-22 15:00:00,8.3,8.6,,8.0,,74.0,5.8,16.3,32.0,38.0,1004.4,23.0,2.7,,100.0
2025-09-22 16:00:00,8.3,8.7,,8.0,,75.0,4.8,13.0,33.0,38.0,1002.9,27.0,2.2,,100.0
2025-09-22 17:00:00,8.5,8.7,,8.1,,74.0,4.8,12.7,37.0,44.0,1001.9,16.0,1.7,,100.0
2025-09-22 18:00:00,8.1,8.4,8.7,7.8,7.1,76.0,5.1,15.3,46.0,41.0,1001.2,8.0,3.6,18.8,100.0
2025-09-22 19:00:00,8.2,8.7,,7.8,,73.0,6.6,16.2,44.0,41.0,1000.5,12.0,1.7,,100.0
2025-09-22 20:00:00,8.5,8.8,,8.3,,72.0,7.2,14.9,41.0,39.0,999.7,5.0,0.0,,100.0
2025-09-22 21:00:00,8.6,8.8,,8.4,,73.0,7.3,15.6,45.0,43.0,999.2,0.0,0.0,,100.0
2025-09-22 22:00:00,8.7,9.2,,8.4,,76.0,6.6,15.6,49.0,45.0,998.7,0.0,0.2,,100.0
2025-09-22 23:00:00,9.1,9.4,,8.7,,76.0,6.4,15.5,66.0,57.0,998.9,0.0,0.2,,100.0
2025-09-23 00:00:00,8.9,9.3,9.4,8.5,7.8,79.0,5.8,15.2,76.0,69.0,999.0,0.0,2.0,22.1,100.0
2025-09-23 01:00:00,8.9,9.4,,8.2,,79.0,7.4,15.7,111.0,95.0,999.3,0.0,0.3,,100.0
2025-09-23 02:00:00,7.9,8.4,,7.3,,85.0,6.8,13.2,117.0,112.0,1000.4,0.0,1.2,,100.0
2025-09-23 03:00:00,7.1,7.4,,6.9,,87.0,7.2,12.0,111.0,119.0,1001.4,0.0,0.0,,100.0
2025-09-23 04:00:00,6.9,7.0,,6.8,,88.0,6.4,10.8,109.0,108.0,1001.8,0.0,0.0,,100.0
2025-09-23 05:00:00,6.8,6.9,,6.7,,87.0,7.5,14.6,104.0,111.0,1002.2,0.0,0.0,,100.0
2025-09-23 06:00:00,6.1,6.7,9.4,5.8,5.8,91.0,7.3,15.0,120.0,121.0,1003.0,0.0,0.0,20.3,100.0
2025-09-23 07:00:00,5.4,5.9,,4.9,,94.0,5.3,11.8,138.0,130.0,1003.3,0.0,0.0,,100.0
2025-09-23 08:00:00,5.0,5.1,,4.9,,96.0,4.3,8.6,126.0,131.0,1003.6,0.0,0.3,,100.0
2025-09-23 09:00:00,5.1,5.2,,4.9,,95.0,4.1,8.2,148.0,132.0,1004.1,0.0,0.2,,100.0
2025-09-23 10:00:00,4.9,5.0,,4.8,,95.0,4.8,9.3,139.0,133.0,1004.3,8.0,0.7,,100.0
2025-09-23 11:00:00,4.7,4.8,,4.6,,95.0,3.4,7.4,150.0,150.0,1004.3,37.0,1.3,,100.0
2025-09-23 12:00:00,5.0,5.4,9.4,4.7,4.6,95.0,0.6,2.9,0.0,139.0,1004.2,86.0,0.4,19.7,100.0
2025-09-23 13:00:00,5.5,5.8,,5.3,,95.0,0.0,1.0,0.0,0.0,1004.0,150.0,0.0,,100.0
2025-09-23 14:00:00,6.6,7.1,,5.9,,90.0,0.3,1.6,44.0,36.0,1003.7,212.0,0.0,,100.0
2025-09-23 15:00:00,6.8,7.0,,6.6,,89.0,0.7,1.9,24.0,130.0,1003.6,143.0,0.0,,100.0
2025-09-23 16:00:00,6.5,6.7,,6.3,,87.0,1.9,3.9,135.0,135.0,1003.4,141.0,0.0,,100.0
2025-09-23 17:00:00,6.4,6.5,,6.3,,85.0,2.4,4.1,148.0,157.0,1003.3,127.0,0.0,,100.0
2025-09-23 18:00:00,6.0,6.3,7.1,5.8,4.6,88.0,2.0,3.8,147.0,145.0,1003.2,82.0,0.0,8.6,100.0
2025-09-23 19:00:00,5.8,5.9,,5.7,,91.0,1.8,2.9,157.0,153.0,1003.3,44.0,0.0,,100.0
2025-09-23 20:00:00,5.8,6.0,,5.7,,91.0,0.6,2.4,4.0,147.0,1003.4,14.0,0.0,,100.0
2025-09-23 21:00:00,5.3,5.8,,5.2,,95.0,0.3,1.4,0.0,38.0,1004.0,2.0,0.0,,100.0
2025-09-23 22:00:00,5.2,5.3,,4.8,,96.0,0.3,1.9,144.0,114.0,1004.0,0.0,0.1,,100.0
2025-09-23 23:00:00,4.6,4.9,,4.4,,96.0,1.1,2.7,202.0,161.0,1004.1,0.0,0.1,,100.0
2025-09-24 00:00:00,4.9,5.0,7.1,4.7,4.4,97.0,1.0,2.8,64.0,301.0,1004.7,0.0,0.0,4.7,100.0
2025-09-24 01:00:00,4.5,4.8,,4.1,,97.0,1.6,3.5,144.0,155.0,1004.9,0.0,0.0,,90.0
2025-09-24 02:00:00,4.0,4.8,,3.3,,97.0,1.5,3.9,155.0,156.0,1005.5,0.0,0.0,,100.0
2025-09-24 03:00:00,3.6,4.1,,3.2,,98.0,1.5,3.5,89.0,162.0,1005.9,0.0,0.0,,100.0
2025-09-24 04:00:00,4.7,5.2,,4.1,,89.0,2.4,5.1,113.0,137.0,1006.2,0.0,0.0,,100.0
2025-09-24 05:00:00,5.0,5.2,,4.7,,81.0,3.6,6.2,128.0,113.0,1006.7,0.0,0.0,,100.0
2025-09-24 06:00:00,4.4,4.7,6.0,4.0,3.2,86.0,3.1,5.5,141.0,131.0,1006.9,0.0,0.0,3.1,100.0
2025-09-24 07:00:00,4.0,4.1,,3.8,,88.0,2.4,4.2,150.0,152.0,1007.0,0.0,0.0,,100.0
2025-09-24 08:00:00,3.7,3.8,,3.6,,89.0,1.3,4.2,328.0,164.0,1006.9,0.0,0.0,,100.0
2025-09-24 09:00:00,3.6,3.8,,3.5,,90.0,1.2,2.6,168.0,253.0,1006.2,7.0,0.0,,50.0
2025-09-24 10:00:00,3.6,4.1,,3.3,,89.0,1.5,2.8,275.0,219.0,1005.7,38.0,0.0,,90.0
2025-09-24 11:00:00,4.0,4.3,,3.7,,90.0,0.5,2.0,72.0,357.0,1005.0,71.0,0.0,,100.0
2025-09-24 12:00:00,4.3,4.4,5.2,4.2,3.2,89.0,2.0,3.0,153.0,151.0,1004.3,87.0,0.0,0.1,100.0
2025-09-24 13:00:00,4.3,4.4,,4.2,,89.0,2.0,3.0,160.0,147.0,1003.8,114.0,0.0,,100.0
2025-09-24 14:00:00,4.5,4.9,,4.2,,91.0,1.3,4.8,241.0,249.0,1002.1,55.0,0.6,,100.0
2025-09-24 15:00:00,4.6,5.1,,3.8,,92.0,2.6,4.5,137.0,143.0,1002.2,112.0,0.4,,100.0
2025-09-24 16:00:00,3.7,3.8,,3.6,,96.0,2.4,4.2,168.0,152.0,1001.4,98.0,0.5,,100.0
2025-09-24 17:00:00,3.5,3.8,,3.2,,97.0,2.0,3.5,154.0,147.0,1001.2,87.0,0.1,,100.0
2025-09-24 18:00:00,3.2,3.5,5.1,2.8,2.8,98.0,2.7,4.6,138.0,142.0,1001.3,67.0,0.0,1.7,
2025-09-24 19:00:00,2.8,2.9,,2.6,,98.0,2.9,5.3,140.0,141.0,1002.1,12.0,0.2,,
2025-09-24 20:00:00,3.0,3.2,,2.7,,96.0,2.2,4.9,146.0,147.0,1002.1,3.0,0.1,,100.0
2025-09-24 21:00:00,2.7,3.1,,2.2,,93.0,2.7,5.0,163.0,156.0,1002.5,0.0,0.0,,100.0
2025-09-24 22:00:00,2.5,3.0,,2.2,,94.0,2.1,5.3,263.0,239.0,1002.5,0.0,0.0,,100.0
2025-09-24 23:00:00,3.3,3.6,,3.0,,91.0,2.1,6.4,,278.0,1002.5,0.0,0.0,,75.0
2025-09-25 00:00:00,2.9,3.1,5.1,2.7,2.2,93.0,0.9,2.8,112.0,131.0,1002.6,0.0,0.0,1.9,60.0
2025-09-25 01:00:00,2.8,3.0,,2.6,,93.0,0.9,2.1,296.0,278.0,1002.7,0.0,0.0,,90.0
2025-09-25 02:00:00,2.9,3.2,,2.7,,93.0,1.0,2.7,293.0,275.0,1002.5,0.0,0.0,,100.0
2025-09-25 03:00:00,3.6,3.9,,2.9,,91.0,1.2,2.2,266.0,263.0,1002.0,0.0,0.0,,100.0
2025-09-25 04:00:00,3.3,3.9,,3.0,,93.0,0.1,1.2,0.0,220.0,1001.5,0.0,0.0,,100.0
2025-09-25 05:00:00,3.0,3.1,,2.9,,95.0,0.0,0.8,289.0,0.0,1001.1,0.0,0.0,,100.0
2025-09-25 06:00:00,3.0,3.2,3.9,2.9,2.2,96.0,0.2,1.5,264.0,357.0,1001.1,0.0,0.0,1.9,100.0
2025-09-25 07:00:00,3.2,3.5,,2.9,,94.0,0.2,1.5,192.0,267.0,1000.7,0.0,0.0,,100.0
2025-09-25 08:00:00,3.6,4.0,,2.9,,92.0,0.9,3.8,154.0,166.0,1000.6,0.0,0.0,,100.0
2025-09-25 09:00:00,3.2,3.5,,3.0,,95.0,3.2,4.7,164.0,158.0,1000.8,5.0,0.0,,100.0
2025-09-25 10:00:00,3.3,3.5,,3.1,,94.0,2.6,5.2,144.0,148.0,1000.9,40.0,0.0,,100.0
2025-09-25 11:00:00,3.9,4.1,,3.5,,91.0,1.3,2.5,111.0,126.0,1001.0,98.0,0.0,,100.0
2025-09-25 12:00:00,4.1,4.7,4.7,3.9,2.6,91.0,1.2,2.5,91.0,117.0,1001.0,180.0,0.0,1.9,100.0
2025-09-25 13:00:00,4.3,4.6,,4.1,,89.0,1.1,2.3,145.0,136.0,1001.2,148.0,0.0,,100.0
2025-09-25 14:00:00,4.5,4.9,,4.1,,87.0,1.0,2.3,141.0,141.0,1000.8,167.0,0.0,,100.0
2025-09-25 15:00:00,4.8,5.1,,4.6,,86.0,1.0,2.0,38.0,36.0,1000.5,205.0,0.0,,100.0
2025-09-25 16:00:00,5.0,5.4,,4.6,,84.0,0.7,2.0,42.0,41.0,1000.0,203.0,0.0,,100.0
2025-09-25 17:00:00,5.6,6.1,,5.2,,81.0,0.8,2.2,35.0,43.0,999.7,208.0,0.0,,40.0
2025-09-25 18:00:00,5.8,6.0,6.1,5.4,2.9,79.0,0.9,2.1,33.0,23.0,999.3,232.0,0.0,0.3,0.0
2025-09-25 19:00:00,6.0,6.5,,5.4,,78.0,0.2,1.2,163.0,60.0,999.3,120.0,0.0,,25.0
2025-09-25 20:00:00,5.1,5.4,,5.0,,84.0,1.0,3.1,254.0,244.0,999.1,19.0,0.0,,0.0
2025-09-25 21:00:00,4.5,5.0,,4.0,,87.0,0.6,2.7,0.0,261.0,999.0,2.0,0.0,,90.0
2025-09-25 22:00:00,4.4,4.7,,4.0,,88.0,0.6,2.1,0.0,256.0,998.6,0.0,0.0,,100.0
2025-09-25 23:00:00,4.2,4.4,,4.0,,89.0,0.0,0.0,0.0,0.0,998.2,0.0,0.0,,100.0
2025-09-26 00:00:00,3.9,4.4,6.5,3.5,3.5,91.0,1.4,3.0,164.0,161.0,997.6,0.0,0.0,0.0,90.0
2025-09-26 01:00:00,3.1,3.6,,2.7,,94.0,1.3,2.4,263.0,206.0,996.7,0.0,0.0,,0.0
2025-09-26 02:00:00,2.9,3.4,,2.5,,94.0,1.2,2.7,178.0,202.0,996.0,0.0,0.0,,0.0
2025-09-26 03:00:00,2.9,3.4,,2.2,,92.0,1.1,2.7,252.0,216.0,995.1,0.0,0.0,,100.0
2025-09-26 04:00:00,2.4,2.7,,2.1,,96.0,0.5,1.9,141.0,170.0,994.4,0.0,0.0,,100.0
2025-09-26 05:00:00,2.6,2.9,,2.4,,95.0,1.1,2.9,110.0,166.0,993.8,0.0,0.0,,100.0
2025-09-26 06:00:00,2.3,2.7,6.5,2.1,2.1,96.0,0.5,2.5,0.0,151.0,993.5,0.0,0.0,0.0,100.0
2025-09-26 07:00:00,2.1,2.3,,2.0,,97.0,0.0,0.6,0.0,0.0,993.1,0.0,0.0,,40.0
2025-09-26 08:00:00,2.2,3.0,,1.7,,93.0,1.3,3.1,247.0,264.0,992.5,0.0,0.0,,0.0
2025-09-26 09:00:00,2.0,2.6,,1.8,,92.0,0.5,2.1,260.0,263.0,991.9,4.0,0.0,,0.0
2025-09-26 10:00:00,2.5,4.1,,1.6,,85.0,0.7,2.7,198.0,246.0,991.2,58.0,0.0,,0.0
2025-09-26 11:00:00,5.0,5.7,,4.2,,69.0,0.3,1.3,182.0,159.0,990.7,233.0,0.0,,0.0
2025-09-26 12:00:00,6.1,7.2,7.2,4.9,1.6,71.0,0.2,1.5,0.0,162.0,989.8,277.0,0.0,0.0,0.0
2025-09-26 13:00:00,6.8,7.4,,6.6,,51.0,0.8,3.2,327.0,10.0,989.1,326.0,0.0,,0.0
2025-09-26 14:00:00,7.0,7.2,,6.6,,49.0,1.6,3.8,55.0,33.0,988.4,367.0,0.0,,0.0
2025-09-26 15:00:00,7.2,7.4,,6.9,,47.0,2.6,6.0,9.0,15.0,987.5,379.0,0.0,,0.0
2025-09-26 16:00:00,7.5,8.1,,7.1,,42.0,2.3,5.3,239.0,10.0,987.0,361.0,0.0,,0.0
2025-09-26 17:00:00,7.6,8.0,,7.4,,39.0,1.8,6.2,309.0,307.0,986.6,312.0,0.0,,0.0
2025-09-26 18:00:00,7.1,8.0,8.1,6.8,1.6,42.0,2.6,5.1,17.0,13.0,986.3,236.0,0.0,0.0,0.0
2025-09-26 19:00:00,6.7,7.3,,6.0,,46.0,1.3,4.3,138.0,97.0,986.2,125.0,0.0,,0.0
2025-09-26 20:00:00,5.3,6.0,,4.7,,52.0,1.9,4.8,247.0,203.0,986.4,15.0,0.0,,0.0
2025-09-26 21:00:00,5.2,5.7,,4.7,,45.0,2.4,4.8,350.0,250.0,986.6,1.0,0.0,,0.0
2025-09-26 22:00:00,4.6,5.0,,4.2,,44.0,1.0,5.3,86.0,274.0,986.4,0.0,0.0,,0.0
2025-09-26 23:00:00,3.8,4.9,,2.9,,49.0,1.0,2.4,162.0,175.0,986.5,0.0,0.0,,0.0
2025-09-27 00:00:00,3.5,4.3,8.1,2.6,2.6,48.0,0.5,2.4,231.0,211.0,986.7,0.0,0.0,0.0,0.0
2025-09-27 01:00:00,4.4,5.0,,3.5,,43.0,2.0,6.6,324.0,331.0,987.0,0.0,0.0,,0.0
2025-09-27 02:00:00,3.7,4.7,,2.5,,47.0,1.9,4.1,265.0,291.0,987.4,0.0,0.0,,0.0
2025-09-27 03:00:00,3.8,4.4,,3.4,,43.0,0.9,3.1,12.0,313.0,988.0,0.0,0.0,,0.0
2025-09-27 04:00:00,3.9,4.2,,3.4,,41.0,1.6,4.4,345.0,333.0,988.6,0.0,0.0,,0.0
2025-09-27 05:00:00,3.5,3.9,,3.1,,45.0,1.1,4.1,294.0,319.0,989.4,0.0,0.0,,0.0
2025-09-27 06:00:00,3.0,3.6,7.3,2.3,2.3,48.0,1.1,3.9,311.0,295.0,990.1,0.0,0.0,0.0,0.0
2025-09-27 07:00:00,2.9,3.4,,2.1,,49.0,1.3,3.3,271.0,274.0,991.0,0.0,0.0,,0.0
2025-09-27 08:00:00,2.6,3.3,,1.9,,51.0,1.5,3.9,260.0,271.0,992.0,0.0,0.0,,0.0
2025-09-27 09:00:00,2.5,3.1,,2.0,,51.0,1.7,3.2,254.0,263.0,992.8,5.0,0.0,,0.0
2025-09-27 10:00:00,3.1,4.6,,2.3,,51.0,1.4,3.5,4.0,264.0,993.7,54.0,0.0,,0.0
2025-09-27 11:00:00,4.9,5.7,,4.3,,43.0,0.6,3.5,65.0,10.0,994.5,229.0,0.0,,0.0
2025-09-27 12:00:00,6.2,6.8,6.8,5.6,1.9,41.0,0.5,2.0,91.0,98.0,995.3,273.0,0.0,0.0,0.0
2025-09-27 13:00:00,6.4,6.9,,6.1,,41.0,1.2,3.2,63.0,42.0,996.0,323.0,0.0,,0.0
2025-09-27 14:00:00,7.8,8.7,,6.8,,39.0,0.3,1.4,123.0,97.0,996.5,364.0,0.0,,0.0
2025-09-27 15:00:00,7.8,8.3,,7.5,,42.0,2.1,5.7,122.0,136.0,996.9,375.0,0.0,,0.0
2025-09-27 16:00:00,8.2,8.5,,7.9,,37.0,3.1,6.0,105.0,100.0,997.6,344.0,0.0,,0.0
2025-09-27 17:00:00,8.0,8.4,,7.7,,38.0,4.1,7.0,101.0,108.0,998.1,297.0,0.0,,0.0
2025-09-27 18:00:00,7.6,7.8,8.7,7.5,1.9,39.0,4.1,7.8,117.0,105.0,999.1,226.0,0.0,0.0,0.0
2025-09-27 19:00:00,7.0,7.6,,6.3,,42.0,4.1,8.1,123.0,119.0,1000.1,112.0,0.0,,0.0
2025-09-27 20:00:00,6.0,6.4,,5.8,,46.0,3.9,7.1,124.0,130.0,1001.0,14.0,0.0,,0.0
2025-09-27 21:00:00,5.7,6.0,,5.4,,45.0,2.8,6.1,137.0,131.0,1001.9,0.0,0.0,,40.0
2025-09-27 22:00:00,5.5,5.9,,5.0,,45.0,2.4,4.6,116.0,120.0,1002.7,0.0,0.0,,0.0
2025-09-27 23:00:00,5.3,5.9,,4.8,,49.0,1.7,4.6,329.0,115.0,1003.0,0.0,0.0,,100.0
2025-09-28 00:00:00,5.4,5.9,8.7,4.9,4.8,50.0,2.2,3.9,238.0,248.0,1003.6,0.0,0.0,0.0,100.0
2025-09-28 01:00:00,5.8,6.4,,5.4,,47.0,1.4,3.4,113.0,176.0,1003.9,0.0,0.0,,100.0
2025-09-28 02:00:00,5.9,6.5,,4.9,,46.0,0.6,3.8,0.0,108.0,1004.1,0.0,0.0,,100.0
2025-09-28 03:00:00,5.7,6.4,,5.3,,48.0,0.6,2.3,107.0,160.0,1004.2,0.0,0.0,,100.0
2025-09-28 04:00:00,5.7,6.2,,5.3,,51.0,0.4,1.5,224.0,214.0,1004.2,0.0,0.0,,100.0
2025-09-28 05:00:00,5.8,6.2,,5.3,,57.0,0.4,2.6,119.0,132.0,1004.6,0.0,0.0,,100.0
2025-09-28 06:00:00,5.9,6.2,7.6,5.6,4.8,60.0,0.8,5.3,47.0,67.0,1004.8,0.0,0.0,0.0,100.0
2025-09-28 07:00:00,5.9,6.3,,5.5,,61.0,1.6,4.9,19.0,56.0,1005.2,0.0,0.0,,100.0
2025-09-28 08:00:00,5.7,5.9,,5.5,,62.0,2.8,6.4,18.0,25.0,1005.4,0.0,0.0,,100.0
2025-09-28 09:00:00,5.7,5.8,,5.6,,61.0,3.4,7.5,26.0,19.0,1005.3,1.0,0.0,,100.0
2025-09-28 10:00:00,5.7,5.9,,5.6,,63.0,3.4,7.3,12.0,16.0,1005.5,7.0,0.0,,100.0
2025-09-28 11:00:00,5.7,6.0,,5.5,,66.0,3.1,6.8,33.0,17.0,1005.5,21.0,0.0,,100.0
2025-09-28 12:00:00,6.0,6.2,6.5,5.8,4.9,68.0,3.1,6.8,14.0,23.0,1005.4,27.0,0.0,0.0,100.0
2025-09-28 13:00:00,6.1,6.3,,5.7,,66.0,2.3,5.9,354.0,359.0,1005.1,25.0,0.0,,100.0
2025-09-28 14:00:00,6.5,6.7,,6.3,,64.0,3.4,7.8,22.0,19.0,1004.7,26.0,0.0,,100.0
2025-09-28 15:00:00,6.7,6.9,,6.6,,64.0,4.2,7.8,10.0,14.0,1004.3,20.0,0.0,,100.0
2025-09-28 16:00:00,6.6,6.9,,6.5,,67.0,3.5,7.5,13.0,15.0,1004.1,23.0,0.0,,100.0
2025-09-28 17:00:00,6.6,6.8,,6.4,,71.0,2.5,6.7,13.0,22.0,1003.9,19.0,0.0,,100.0
2025-09-28 18:00:00,6.4,6.6,6.9,6.1,5.5,76.0,3.0,6.9,359.0,7.0,1003.9,11.0,0.1,0.0,100.0
2025-09-28 19:00:00,6.2,6.4,,6.1,,79.0,2.0,5.6,349.0,4.0,1003.7,6.0,0.3,,100.0
2025-09-28 20:00:00,6.4,6.8,,6.1,,78.0,2.1,4.5,358.0,2.0,1003.5,3.0,0.0,,100.0
2025-09-28 21:00:00,6.7,7.0,,6.4,,75.0,3.0,6.6,7.0,6.0,1003.2,0.0,0.0,,100.0
2025-09-28 22:00:00,7.1,7.3,,6.7,,72.0,2.8,6.5,3.0,7.0,1002.9,0.0,0.0,,100.0
2025-09-28 23:00:00,7.4,7.7,,7.0,,68.0,2.2,7.7,36.0,17.0,1002.7,0.0,0.0,,100.0
2025-09-29 00:00:00,7.2,7.6,7.7,6.9,5.7,69.0,2.2,6.0,9.0,7.0,1002.1,0.0,0.0,0.3,100.0
2025-09-29 01:00:00,7.2,7.7,,6.6,,68.0,2.6,7.9,3.0,359.0,1001.2,0.0,0.0,,100.0
2025-09-29 02:00:00,7.1,7.7,,6.9,,68.0,2.7,6.6,4.0,3.0,1000.5,0.0,0.0,,100.0
2025-09-29 03:00:00,6.9,7.1,,6.6,,68.0,2.2,4.6,328.0,341.0,999.7,0.0,0.0,,100.0
2025-09-29 04:00:00,6.5,7.1,,6.2,,71.0,2.4,4.8,265.0,270.0,999.1,0.0,0.0,,100.0
2025-09-29 05:00:00,6.8,7.3,,6.4,,68.0,1.3,3.0,166.0,259.0,998.6,0.0,0.0,,100.0
2025-09-29 06:00:00,6.2,6.7,7.7,5.9,5.9,72.0,1.7,4.1,276.0,172.0,997.9,0.0,0.0,0.3,100.0
2025-09-29 07:00:00,6.5,6.8,,6.2,,69.0,0.8,3.0,254.0,271.0,997.0,0.0,0.0,,100.0
2025-09-29 08:00:00,6.1,6.5,,5.9,,73.0,1.2,3.6,292.0,269.0,996.2,0.0,0.0,,100.0
2025-09-29 09:00:00,6.1,6.4,,5.9,,73.0,1.2,2.4,270.0,267.0,995.3,1.0,0.0,,100.0
2025-09-29 10:00:00,6.2,6.5,,5.9,,72.0,0.7,2.0,170.0,217.0,994.8,20.0,0.0,,100.0
2025-09-29 11:00:00,5.7,6.4,,5.2,,75.0,2.4,3.5,157.0,164.0,994.5,39.0,0.0,,100.0
2025-09-29 12:00:00,6.0,6.7,7.7,5.4,5.2,71.0,2.3,4.7,181.0,164.0,994.5,58.0,0.0,0.3,100.0
2025-09-29 13:00:00,6.1,6.5,,5.6,,65.0,2.4,4.7,148.0,161.0,994.5,61.0,0.0,,100.0
2025-09-29 14:00:00,5.9,6.6,,5.1,,71.0,0.7,2.9,0.0,155.0,994.4,75.0,0.0,,100.0
2025-09-29 15:00:00,5.8,6.4,,5.5,,74.0,0.5,1.8,260.0,337.0,994.2,58.0,0.0,,100.0
2025-09-29 16:00:00,6.4,6.5,,6.2,,72.0,0.7,2.2,157.0,337.0,994.6,40.0,0.0,,100.0
2025-09-29 17:00:00,6.1,6.4,,5.8,,70.0,2.4,4.3,136.0,147.0,994.7,35.0,0.0,,100.0
2025-09-29 18:00:00,6.8,7.9,7.9,5.6,5.1,60.0,2.0,6.3,272.0,132.0,995.3,24.0,0.0,0.2,100.0
2025-09-29 19:00:00,7.3,7.6,,7.1,,58.0,5.3,9.6,327.0,312.0,995.8,11.0,0.0,,100.0
2025-09-29 20:00:00,7.0,7.4,,6.7,,63.0,2.1,7.4,89.0,9.0,996.3,2.0,0.0,,100.0
2025-09-29 21:00:00,6.4,6.8,,6.0,,69.0,1.0,2.5,169.0,139.0,996.8,0.0,0.0,,100.0
2025-09-29 22:00:00,5.6,5.9,,5.1,,76.0,1.5,3.6,224.0,155.0,996.6,0.0,0.0,,100.0
2025-09-29 23:00:00,5.4,5.5,,5.1,,79.0,0.8,1.5,188.0,180.0,996.7,0.0,0.0,,100.0
2025-09-30 00:00:00,4.8,5.2,7.9,4.4,4.4,84.0,0.1,1.1,122.0,93.0,996.7,0.0,0.0,0.0,100.0
2025-09-30 01:00:00,4.5,4.8,,4.2,,85.0,1.1,2.5,266.0,189.0,996.7,0.0,0.0,,100.0
2025-09-30 02:00:00,4.5,4.6,,4.4,,85.0,0.4,1.4,194.0,238.0,996.2,0.0,0.0,,100.0
2025-09-30 03:00:00,4.2,4.7,,3.9,,88.0,1.3,2.7,150.0,157.0,996.3,0.0,0.0,,100.0
2025-09-30 04:00:00,4.0,4.6,,3.4,,87.0,0.7,1.8,288.0,151.0,996.3,0.0,0.0,,100.0
2025-09-30 05:00:00,3.5,3.9,,3.4,,91.0,0.3,1.4,257.0,286.0,995.9,0.0,0.0,,100.0
2025-09-30 06:00:00,4.0,4.2,7.6,3.7,3.4,88.0,0.6,2.4,154.0,138.0,995.8,0.0,0.0,0.0,100.0
2025-09-30 07:00:00,3.9,4.3,,3.8,,88.0,1.5,3.0,312.0,161.0,996.0,0.0,0.1,,100.0
2025-09-30 08:00:00,3.5,3.7,,3.4,,93.0,0.5,1.9,0.0,332.0,995.9,0.0,0.1,,100.0
2025-09-30 09:00:00,3.7,4.2,,3.4,,92.0,0.9,2.6,198.0,180.0,995.3,1.0,0.1,,100.0
2025-09-30 10:00:00,3.8,4.2,,3.6,,90.0,0.9,3.3,290.0,154.0,995.2,15.0,0.0,,100.0
2025-09-30 11:00:00,3.6,3.7,,3.4,,91.0,0.2,1.9,0.0,314.0,994.7,30.0,0.0,,100.0
2025-09-30 12:00:00,3.9,4.2,4.8,3.4,3.4,90.0,1.5,3.6,145.0,152.0,994.8,78.0,0.0,0.2,100.0
2025-09-30 13:00:00,3.6,3.9,,3.0,,92.0,1.6,4.1,139.0,125.0,994.8,136.0,0.0,,100.0
2025-09-30 14:00:00,3.2,3.4,,2.9,,94.0,1.8,3.6,159.0,156.0,994.0,118.0,0.0,,100.0
2025-09-30 15:00:00,3.5,3.7,,3.3,,91.0,0.7,2.4,0.0,144.0,993.1,104.0,0.0,,100.0
2025-09-30 16:00:00,3.8,4.0,,3.6,,90.0,0.9,2.7,149.0,91.0,992.6,120.0,0.0,,100.0
2025-09-30 17:00:00,4.2,4.4,,3.9,,88.0,0.8,2.6,344.0,132.0,991.7,134.0,0.0,,100.0
2025-09-30 18:00:00,4.0,4.1,4.4,3.8,2.9,88.0,0.3,2.4,0.0,16.0,991.1,86.0,0.0,0.2,100.0
2025-09-30 19:00:00,4.2,4.3,,4.0,,87.0,0.3,1.9,86.0,74.0,990.6,51.0,0.0,,100.0
2025-09-30 20:00:00,3.9,4.2,,3.8,,90.0,0.4,2.6,0.0,143.0,990.2,12.0,0.0,,100.0
2025-09-30 21:00:00,3.7,3.9,,3.5,,91.0,0.0,1.1,0.0,0.0,989.6,0.0,0.0,,100.0
2025-09-30 22:00:00,3.4,3.5,,3.3,,93.0,0.0,1.3,175.0,0.0,988.9,0.0,0.0,,100.0
2025-09-30 23:00:00,3.3,3.5,,3.2,,93.0,1.1,2.3,145.0,153.0,988.6,0.0,0.0,,100.0
2025-10-01 00:00:00,3.0,3.3,4.4,2.9,2.9,93.0,0.5,1.9,205.0,121.0,988.2,0.0,0.0,0.2,100.0
2025-10-01 01:00:00,2.6,2.9,,2.5,,95.0,0.8,2.6,106.0,110.0,987.8,0.0,0.0,,100.0
2025-10-01 02:00:00,2.4,2.5,,2.3,,96.0,1.3,4.1,130.0,101.0,987.8,0.0,0.0,,100.0
2025-10-01 03:00:00,2.4,2.4,,2.3,,97.0,0.4,1.4,98.0,129.0,987.5,0.0,0.0,,100.0
2025-10-01 04:00:00,2.4,2.5,,2.4,,96.0,0.5,2.0,15.0,40.0,987.4,0.0,0.0,,100.0
2025-10-01 05:00:00,2.5,2.5,,2.5,,97.0,0.0,0.1,0.0,0.0,987.6,0.0,0.0,,100.0
2025-10-01 06:00:00,2.5,2.6,4.3,2.5,2.3,97.0,0.9,2.1,142.0,149.0,987.6,0.0,0.1,0.3,100.0
2025-10-01 07:00:00,2.5,2.6,,2.4,,96.0,0.7,2.4,198.0,139.0,988.1,0.0,0.0,,100.0
2025-10-01 08:00:00,1.9,2.5,,1.7,,98.0,1.9,3.6,161.0,145.0,988.4,0.0,0.1,,100.0
2025-10-01 09:00:00,2.0,2.1,,1.9,,98.0,0.5,1.9,341.0,304.0,988.8,0.0,0.0,,100.0
2025-10-01 10:00:00,2.1,2.1,,2.0,,98.0,0.5,1.5,0.0,355.0,989.1,7.0,0.0,,100.0
2025-10-01 11:00:00,2.1,2.3,,2.1,,98.0,0.0,0.5,0.0,0.0,989.5,18.0,0.0,,100.0
2025-10-01 12:00:00,2.2,2.3,2.9,2.1,1.7,97.0,0.7,2.0,148.0,152.0,989.6,40.0,0.0,0.2,100.0
2025-10-01 13:00:00,2.3,2.3,,2.1,,97.0,1.2,2.4,44.0,344.0,989.7,34.0,0.5,,100.0
2025-10-01 14:00:00,1.3,2.1,,0.8,,97.0,0.4,1.5,91.0,21.0,989.7,26.0,3.0,,100.0
2025-10-01 15:00:00,0.6,0.7,,0.4,,97.0,1.0,2.7,156.0,151.0,989.6,49.0,1.5,,100.0
2025-10-01 16:00:00,0.4,0.7,,0.3,,98.0,0.6,2.5,0.0,151.0,989.3,94.0,0.8,,100.0
2025-10-01 17:00:00,0.8,0.9,,0.7,,97.0,0.0,0.8,11.0,0.0,989.3,79.0,0.3,,100.0
2025-10-01 18:00:00,0.8,0.9,2.6,0.6,0.3,98.0,0.4,1.4,39.0,27.0,989.2,63.0,0.2,6.4,100.0
2025-10-01 19:00:00,0.8,0.9,,0.7,,98.0,0.0,0.6,0.0,0.0,989.3,25.0,0.5,,100.0
2025-10-01 20:00:00,0.8,0.8,,0.7,,97.0,0.0,0.2,0.0,0.0,989.6,3.0,0.7,,90.0
2025-10-01 21:00:00,0.8,0.9,,0.6,,97.0,0.5,1.6,75.0,288.0,989.5,0.0,0.6,,100.0
2025-10-01 22:00:00,0.9,1.1,,0.8,,98.0,0.5,1.8,0.0,339.0,989.4,0.0,0.1,,100.0
2025-10-01 23:00:00,1.4,1.8,,1.1,,96.0,1.7,3.5,322.0,273.0,989.1,0.0,0.4,,100.0
2025-10-02 00:00:00,1.7,1.8,2.3,1.5,0.3,96.0,0.6,1.9,327.0,333.0,989.1,0.0,0.4,9.0,100.0
2025-10-02 01:00:00,2.1,2.6,,1.8,,94.0,1.5,3.4,263.0,271.0,989.2,0.0,0.1,,100.0
2025-10-02 02:00:00,2.7,3.2,,2.4,,90.0,1.6,2.7,263.0,263.0,989.0,0.0,0.0,,100.0
2025-10-02 03:00:00,3.4,3.9,,3.1,,82.0,2.3,5.5,293.0,265.0,988.4,0.0,0.0,,100.0
2025-10-02 04:00:00,3.6,4.2,,3.1,,82.0,2.2,5.8,154.0,157.0,988.7,0.0,0.2,,100.0
2025-10-02 05:00:00,3.0,3.2,,2.9,,86.0,2.3,5.8,188.0,165.0,988.7,0.0,0.1,,100.0
2025-10-02 06:00:00,3.1,3.3,4.2,2.9,0.6,87.0,0.9,2.0,106.0,126.0,989.0,0.0,0.0,9.2,100.0
2025-10-02 07:00:00,3.0,3.2,,2.9,,87.0,1.2,2.6,255.0,225.0,989.0,0.0,0.0,,100.0
2025-10-02 08:00:00,3.1,3.3,,2.9,,86.0,2.0,2.9,250.0,250.0,989.3,0.0,0.1,,100.0
2025-10-02 09:00:00,3.2,3.3,,3.0,,83.0,2.1,3.3,255.0,248.0,989.3,0.0,0.1,,100.0
2025-10-02 10:00:00,3.1,3.3,,2.9,,85.0,2.0,3.4,261.0,264.0,989.2,16.0,0.0,,100.0
2025-10-02 11:00:00,3.3,3.7,,3.1,,86.0,0.7,2.6,0.0,272.0,989.5,34.0,0.0,,100.0
2025-10-02 12:00:00,3.4,3.5,4.2,3.3,1.8,86.0,1.6,2.9,162.0,161.0,989.4,73.0,0.0,9.3,100.0
2025-10-02 13:00:00,3.5,3.6,,3.4,,84.0,1.2,2.4,161.0,158.0,989.2,81.0,0.0,,100.0
2025-10-02 14:00:00,3.6,3.7,,3.5,,84.0,1.1,2.1,162.0,165.0,989.0,75.0,0.0,,100.0
2025-10-02 15:00:00,3.7,4.1,,3.5,,86.0,1.0,2.3,8.0,156.0,988.8,96.0,0.0,,100.0
2025-10-02 16:00:00,3.8,4.0,,3.6,,85.0,1.0,2.1,141.0,17.0,988.6,101.0,0.0,,100.0
2025-10-02 17:00:00,2.8,3.6,,2.3,,91.0,3.3,6.0,147.0,154.0,988.5,71.0,0.0,,100.0
2025-10-02 18:00:00,3.1,3.3,4.1,2.6,2.3,89.0,0.7,4.1,319.0,143.0,988.5,43.0,0.0,3.0,100.0
2025-10-02 19:00:00,2.8,3.0,,2.7,,91.0,0.2,1.3,0.0,35.0,988.7,25.0,0.3,,100.0
2025-10-02 20:00:00,2.5,2.7,,2.2,,93.0,0.9,3.3,119.0,115.0,988.8,7.0,0.3,,100.0
2025-10-02 21:00:00,1.6,2.2,,1.4,,94.0,2.4,4.5,153.0,136.0,989.0,0.0,0.3,,100.0
2025-10-02 22:00:00,1.4,1.5,,1.3,,94.0,1.5,3.5,133.0,143.0,989.0,0.0,0.3,,100.0
2025-10-02 23:00:00,1.1,1.3,,0.8,,94.0,1.2,2.9,169.0,155.0,989.0,0.0,0.6,,100.0
2025-10-03 00:00:00,0.9,1.1,4.1,0.4,0.4,95.0,0.2,1.4,0.0,156.0,989.3,0.0,0.6,2.8,100.0
2025-10-03 01:00:00,0.6,1.0,,0.3,,97.0,1.2,3.7,56.0,264.0,989.2,0.0,0.7,,100.0
2025-10-03 02:00:00,0.6,0.8,,0.6,,97.0,0.7,1.9,160.0,90.0,989.6,0.0,0.4,,100.0
2025-10-03 03:00:00,0.7,1.0,,0.4,,97.0,0.9,2.1,266.0,172.0,989.9,0.0,0.8,,100.0
2025-10-03 04:00:00,1.3,1.9,,0.8,,93.0,2.0,3.9,240.0,258.0,990.2,0.0,0.0,,100.0
2025-10-03 05:00:00,2.3,3.1,,1.7,,85.0,1.0,3.6,247.0,172.0,990.4,0.0,0.0,,100.0
2025-10-03 06:00:00,3.1,3.3,3.3,2.9,0.3,79.0,0.8,4.1,343.0,151.0,991.0,0.0,0.0,4.4,100.0
2025-10-03 07:00:00,3.1,3.3,,2.6,,80.0,0.7,3.0,26.0,352.0,991.7,0.0,0.0,,100.0
2025-10-03 08:00:00,3.2,3.5,,3.1,,80.0,0.5,2.4,9.0,34.0,992.3,0.0,0.0,,100.0
2025-10-03 09:00:00,3.5,3.7,,3.4,,78.0,2.0,4.4,8.0,11.0,993.0,2.0,0.0,,100.0
2025-10-03 10:00:00,3.5,3.7,,3.3,,77.0,0.5,2.0,348.0,354.0,993.5,32.0,0.0,,75.0
2025-10-03 11:00:00,3.9,4.1,,3.6,,78.0,0.7,2.8,171.0,144.0,994.3,112.0,0.0,,100.0
2025-10-03 12:00:00,4.3,4.6,4.6,3.8,0.3,77.0,1.1,2.8,165.0,155.0,995.0,188.0,0.0,4.2,100.0
2025-10-03 13:00:00,4.9,5.5,,4.5,,71.0,0.6,2.8,54.0,48.0,995.5,271.0,0.0,,100.0
2025-10-03 14:00:00,5.3,5.6,,5.0,,68.0,1.1,3.5,2.0,16.0,995.8,335.0,0.0,,10.0
2025-10-03 15:00:00,5.4,6.0,,4.6,,68.0,1.3,3.6,141.0,120.0,995.9,329.0,0.0,,0.0
2025-10-03 16:00:00,4.7,5.0,,4.4,,77.0,2.6,4.2,158.0,144.0,996.1,283.0,0.0,,0.0
2025-10-03 17:00:00,4.9,5.3,,4.1,,75.0,1.9,3.7,174.0,161.0,996.4,219.0,0.0,,
2025-10-03 18:00:00,4.6,4.8,6.0,4.3,2.6,76.0,0.9,2.7,331.0,282.0,997.0,78.0,0.0,4.2,100.0
2025-10-03 19:00:00,4.4,5.5,,3.8,,76.0,0.1,1.1,0.0,344.0,997.7,61.0,0.0,,60.0
2025-10-03 20:00:00,3.4,3.9,,3.2,,81.0,0.1,1.3,247.0,261.0,998.0,7.0,0.0,,0.0
2025-10-03 21:00:00,3.1,3.8,,2.8,,79.0,0.9,2.8,254.0,246.0,998.4,0.0,0.0,,0.0
2025-10-03 22:00:00,2.8,3.3,,2.3,,78.0,1.2,2.4,263.0,267.0,998.7,0.0,0.0,,0.0
2025-10-03 23:00:00,2.6,3.3,,2.1,,77.0,1.0,2.5,0.0,266.0,998.8,0.0,0.0,,0.0
2025-10-04 00:00:00,2.8,3.8,6.0,2.1,2.1,75.0,0.6,2.1,249.0,255.0,999.1,0.0,0.0,1.9,100.0
2025-10-04 01:00:00,2.5,3.5,,2.1,,81.0,0.1,1.2,0.0,30.0,999.1,0.0,0.0,,25.0
2025-10-04 02:00:00,3.7,4.3,,2.1,,71.0,2.0,3.6,236.0,240.0,999.1,0.0,0.0,,100.0
2025-10-04 03:00:00,4.0,4.3,,3.6,,70.0,2.6,3.9,235.0,236.0,999.2,0.0,0.0,,100.0
2025-10-04 04:00:00,3.8,4.1,,3.5,,73.0,2.1,3.3,250.0,246.0,998.8,0.0,0.0,,100.0
2025-10-04 05:00:00,3.8,4.0,,3.5,,74.0,2.5,3.9,236.0,243.0,998.9,0.0,0.0,,100.0
2025-10-04 06:00:00,4.0,4.2,5.5,3.8,2.1,74.0,2.3,4.2,242.0,238.0,998.8,0.0,0.0,0.0,100.0
2025-10-04 07:00:00,3.3,4.1,,2.9,,78.0,0.2,1.8,0.0,304.0,998.7,0.0,0.0,,100.0
2025-10-04 08:00:00,3.0,3.2,,2.8,,80.0,0.1,1.0,0.0,102.0,998.3,0.0,0.0,,100.0
2025-10-04 09:00:00,2.9,3.1,,2.5,,81.0,0.7,2.4,160.0,172.0,998.3,0.0,0.0,,100.0
2025-10-04 10:00:00,3.0,3.3,,2.8,,80.0,0.6,2.6,0.0,158.0,998.2,18.0,0.0,,100.0
2025-10-04 11:00:00,2.5,2.8,,2.4,,87.0,1.0,2.2,320.0,321.0,998.0,49.0,0.0,,100.0
2025-10-04 12:00:00,2.7,2.8,4.3,2.5,2.1,87.0,0.7,1.9,314.0,323.0,997.8,46.0,0.0,0.0,100.0
2025-10-04 13:00:00,2.8,3.2,,2.5,,86.0,0.3,1.3,0.0,307.0,997.6,65.0,0.0,,100.0
2025-10-04 14:00:00,3.2,3.3,,3.1,,83.0,0.2,1.6,78.0,54.0,997.1,99.0,0.2,,100.0
2025-10-04 15:00:00,2.9,3.1,,2.7,,86.0,0.8,1.9,76.0,35.0,996.3,93.0,0.1,,100.0
2025-10-04 16:00:00,2.5,2.7,,2.2,,88.0,0.5,1.4,140.0,119.0,995.8,54.0,0.4,,100.0
2025-10-04 17:00:00,2.1,2.2,,1.9,,92.0,0.2,1.1,13.0,36.0,995.1,32.0,0.5,,100.0
2025-10-04 18:00:00,1.9,2.1,4.1,1.8,1.8,91.0,0.4,2.2,321.0,337.0,994.5,40.0,0.3,1.5,100.0
2025-10-04 19:00:00,1.9,2.1,,1.9,,90.0,1.6,2.9,330.0,297.0,994.0,38.0,0.2,,100.0
2025-10-04 20:00:00,1.8,1.9,,1.6,,91.0,1.2,2.3,265.0,278.0,993.5,9.0,0.0,,100.0
2025-10-04 21:00:00,1.7,1.8,,1.6,,92.0,0.9,2.5,272.0,263.0,992.7,0.0,0.0,,100.0
2025-10-04 22:00:00,1.6,1.8,,1.4,,90.0,0.6,1.7,163.0,178.0,992.0,0.0,0.0,,100.0
2025-10-04 23:00:00,1.6,1.7,,1.6,,92.0,1.5,2.3,158.0,163.0,991.6,0.0,0.0,,100.0
2025-10-05 00:00:00,1.7,1.7,3.3,1.5,1.4,92.0,1.8,2.6,144.0,150.0,991.2,0.0,0.0,1.7,100.0
2025-10-05 01:00:00,1.4,1.5,,1.3,,93.0,1.5,2.5,139.0,140.0,990.7,0.0,0.0,,100.0
2025-10-05 02:00:00,1.2,1.3,,1.0,,95.0,0.5,2.0,250.0,176.0,990.3,0.0,0.0,,100.0
2025-10-05 03:00:00,0.9,1.1,,0.8,,96.0,2.1,5.2,150.0,159.0,989.6,0.0,0.0,,100.0
2025-10-05 04:00:00,1.2,1.2,,1.0,,91.0,1.1,2.9,52.0,83.0,989.0,0.0,0.0,,100.0
2025-10-05 05:00:00,1.3,1.3,,1.2,,89.0,0.3,1.8,42.0,63.0,988.8,0.0,0.0,,100.0
2025-10-05 06:00:00,1.2,1.2,2.1,1.1,0.8,91.0,1.1,2.8,5.0,347.0,988.5,0.0,0.0,1.7,100.0
2025-10-05 07:00:00,1.2,1.6,,0.9,,89.0,1.8,8.5,272.0,290.0,988.2,0.0,0.0,,100.0
2025-10-05 08:00:00,1.3,1.6,,1.0,,76.0,4.1,8.1,261.0,268.0,987.9,0.0,0.0,,100.0
2025-10-05 09:00:00,1.1,1.3,,0.8,,72.0,3.6,8.0,257.0,257.0,987.7,1.0,0.0,,100.0
2025-10-05 10:00:00,1.0,1.2,,0.8,,71.0,1.4,3.9,262.0,256.0,987.2,18.0,0.0,,100.0
2025-10-05 11:00:00,1.3,1.5,,1.1,,69.0,0.3,1.8,0.0,240.0,986.7,58.0,0.0,,100.0
2025-10-05 12:00:00,1.6,2.0,2.0,1.4,0.8,68.0,0.0,0.4,0.0,0.0,986.4,93.0,0.0,1.7,100.0
2025-10-05 13:00:00,2.1,2.4,,1.9,,61.0,0.8,3.0,11.0,31.0,986.0,136.0,0.0,,100.0
2025-10-05 14:00:00,2.3,2.8,,2.0,,60.0,1.2,3.3,329.0,10.0,985.7,107.0,0.0,,100.0
2025-10-05 15:00:00,3.1,3.3,,2.8,,50.0,0.2,1.7,0.0,12.0,985.2,122.0,0.0,,100.0
2025-10-05 16:00:00,3.1,3.4,,2.6,,56.0,0.9,3.0,198.0,138.0,985.1,130.0,0.0,,100.0
2025-10-05 17:00:00,3.1,3.2,,2.8,,57.0,1.1,3.3,140.0,67.0,984.9,95.0,0.0,,100.0
2025-10-05 18:00:00,3.3,3.7,3.7,2.9,0.8,55.0,0.3,1.5,258.0,257.0,984.8,84.0,0.0,0.1,100.0
2025-10-05 19:00:00,3.9,4.3,,3.6,,48.0,1.3,5.8,312.0,306.0,985.0,42.0,0.0,,100.0
2025-10-05 20:00:00,3.7,3.9,,3.5,,47.0,3.0,6.8,317.0,322.0,985.3,9.0,0.0,,100.0
2025-10-05 21:00:00,3.4,3.8,,2.4,,52.0,2.4,6.5,132.0,87.0,986.4,0.0,0.0,,100.0
2025-10-05 22:00:00,1.9,2.5,,1.6,,84.0,3.1,6.0,171.0,154.0,986.7,0.0,0.0,,100.0
2025-10-05 23:00:00,1.3,1.6,,1.1,,90.0,3.0,5.4,170.0,166.0,986.9,0.0,0.0,,100.0
2025-10-06 00:00:00,1.1,1.2,4.3,0.9,0.9,88.0,1.6,4.0,180.0,180.0,987.1,0.0,0.0,0.0,100.0
2025-10-06 01:00:00,1.4,1.8,,1.0,,80.0,2.3,5.5,270.0,248.0,987.1,0.0,0.0,,100.0
2025-10-06 02:00:00,1.2,1.5,,0.9,,83.0,1.8,4.5,259.0,259.0,987.2,0.0,0.0,,100.0
2025-10-06 03:00:00,1.3,1.4,,1.2,,75.0,3.4,5.4,282.0,278.0,987.5,0.0,0.0,,100.0
2025-10-06 04:00:00,1.1,1.5,,0.7,,59.0,1.8,5.8,306.0,280.0,987.8,0.0,0.0,,100.0
2025-10-06 05:00:00,1.0,1.2,,0.7,,48.0,1.2,4.5,358.0,341.0,988.1,0.0,0.0,,100.0
2025-10-06 06:00:00,0.9,1.0,4.3,0.5,0.5,46.0,1.8,4.8,255.0,336.0,988.3,0.0,0.0,0.0,100.0
2025-10-06 07:00:00,0.1,0.6,,-0.2,,57.0,0.6,1.8,330.0,320.0,988.8,0.0,0.0,,50.0
2025-10-06 08:00:00,0.9,1.1,,0.6,,48.0,1.3,5.4,357.0,349.0,989.3,0.0,0.0,,100.0
2025-10-06 09:00:00,0.7,0.9,,0.6,,51.0,2.5,6.2,335.0,356.0,989.3,0.0,0.0,,100.0
2025-10-06 10:00:00,0.8,0.9,,0.6,,50.0,2.5,5.6,357.0,357.0,989.6,17.0,0.0,,100.0
2025-10-06 11:00:00,0.7,0.9,,0.6,,51.0,2.9,6.5,4.0,1.0,989.4,50.0,0.0,,100.0
2025-10-06 12:00:00,0.9,1.2,1.8,0.6,-0.2,52.0,2.9,6.4,3.0,360.0,989.2,143.0,0.0,0.0,100.0
2025-10-06 13:00:00,0.8,1.0,,0.6,,50.0,3.0,6.0,12.0,13.0,989.2,142.0,0.0,,100.0
2025-10-06 14:00:00,0.6,0.9,,0.4,,52.0,3.2,6.1,5.0,7.0,989.0,115.0,0.0,,0.0
2025-10-06 15:00:00,0.7,0.9,,0.5,,49.0,3.9,8.5,5.0,7.0,988.4,171.0,0.0,,100.0
2025-10-06 16:00:00,1.0,1.3,,0.7,,49.0,3.8,8.4,6.0,7.0,987.7,160.0,0.0,,100.0
2025-10-06 17:00:00,1.3,1.6,,0.9,,48.0,3.4,6.1,6.0,10.0,987.5,199.0,0.0,,50.0
2025-10-06 18:00:00,0.9,1.0,1.6,0.8,-0.2,47.0,3.3,6.1,8.0,7.0,987.6,57.0,0.0,0.0,50.0
2025-10-06 19:00:00,0.9,1.1,,0.8,,45.0,2.8,5.0,3.0,9.0,987.8,40.0,0.0,,10.0
2025-10-06 20:00:00,0.7,0.9,,0.4,,48.0,1.4,4.2,339.0,353.0,988.1,5.0,0.0,,0.0
2025-10-06 21:00:00,0.0,0.6,,-0.5,,54.0,0.9,2.1,276.0,300.0,988.4,0.0,0.0,,0.0
2025-10-06 22:00:00,-0.3,0.0,,-0.6,,57.0,1.7,3.4,263.0,262.0,988.6,0.0,0.0,,60.0
2025-10-06 23:00:00,-0.5,0.1,,-0.8,,60.0,2.5,3.6,251.0,258.0,989.1,0.0,0.0,,90.0
2025-10-07 00:00:00,-0.1,0.2,1.6,-0.4,-0.8,60.0,2.7,3.8,259.0,255.0,989.3,0.0,0.0,0.0,0.0
2025-10-07 01:00:00,-0.1,0.2,,-0.4,,64.0,2.7,3.9,254.0,255.0,989.8,0.0,0.0,,0.0
2025-10-07 02:00:00,-0.1,0.2,,-0.3,,68.0,2.0,3.7,267.0,258.0,990.3,0.0,0.0,,0.0
2025-10-07 03:00:00,0.0,0.3,,-0.3,,69.0,2.0,3.4,257.0,259.0,990.9,0.0,0.0,,0.0
2025-10-07 04:00:00,-0.1,0.6,,-0.6,,70.0,1.3,2.9,217.0,252.0,991.4,0.0,0.0,,50.0
2025-10-07 05:00:00,-0.2,0.3,,-0.7,,71.0,1.4,2.3,268.0,256.0,991.5,0.0,0.0,,0.0
2025-10-07 06:00:00,-0.2,0.6,1.1,-0.8,-0.8,72.0,1.4,3.3,266.0,261.0,992.1,0.0,0.0,0.0,0.0
2025-10-07 07:00:00,-0.3,0.3,,-1.0,,72.0,1.2,2.8,212.0,247.0,992.7,0.0,0.0,,0.0
2025-10-07 08:00:00,-0.5,0.0,,-0.8,,72.0,0.8,2.2,184.0,215.0,993.1,0.0,0.0,,0.0
2025-10-07 09:00:00,-0.6,-0.3,,-1.0,,70.0,0.2,1.4,286.0,216.0,993.3,0.0,0.0,,0.0
2025-10-07 10:00:00,-0.9,-0.5,,-1.3,,71.0,0.9,2.0,274.0,265.0,993.8,11.0,0.0,,0.0
2025-10-07 11:00:00,0.3,0.6,,-0.5,,70.0,1.3,3.8,293.0,267.0,993.8,128.0,0.0,,0.0
2025-10-07 12:00:00,0.9,1.1,1.1,0.2,-1.2,67.0,0.5,1.5,55.0,268.0,994.3,111.0,0.0,0.0,100.0
2025-10-07 13:00:00,1.3,1.6,,1.1,,66.0,0.3,1.9,257.0,274.0,994.4,112.0,0.0,,100.0
2025-10-07 14:00:00,2.0,2.3,,1.6,,62.0,0.5,1.6,0.0,301.0,994.0,130.0,0.0,,75.0
2025-10-07 15:00:00,2.5,3.0,,2.2,,63.0,0.8,2.1,0.0,270.0,993.7,120.0,0.0,,100.0
2025-10-07 16:00:00,2.4,2.9,,2.2,,67.0,0.7,3.0,145.0,160.0,993.5,58.0,0.0,,100.0
2025-10-07 17:00:00,2.6,3.2,,2.2,,67.0,0.5,2.7,22.0,34.0,993.5,95.0,0.0,,100.0
2025-10-07 18:00:00,2.3,2.4,3.2,2.3,-1.2,68.0,0.5,1.4,294.0,297.0,993.0,30.0,0.0,0.0,100.0
2025-10-07 19:00:00,2.2,2.4,,2.1,,72.0,0.7,1.8,258.0,274.0,993.1,14.0,0.0,,100.0
2025-10-07 20:00:00,2.1,2.8,,1.9,,71.0,0.5,5.7,277.0,277.0,993.2,4.0,0.0,,100.0
2025-10-07 21:00:00,2.2,2.9,,1.7,,50.0,2.7,9.6,238.0,252.0,992.8,0.0,0.0,,0.0
2025-10-07 22:00:00,2.6,3.1,,2.2,,47.0,4.4,10.1,239.0,239.0,991.9,0.0,0.0,,100.0
2025-10-07 23:00:00,2.8,3.4,,2.4,,49.0,3.2,7.8,277.0,255.0,991.1,0.0,0.0,,100.0
2025-10-08 00:00:00,3.9,4.9,4.9,3.0,1.1,46.0,4.9,14.0,299.0,275.0,989.8,0.0,0.0,0.0,100.0
2025-10-08 01:00:00,6.0,7.2,,3.4,,35.0,9.3,22.7,299.0,297.0,988.7,0.0,0.0,,75.0
2025-10-08 02:00:00,7.0,7.4,,6.4,,25.0,16.3,28.4,306.0,307.0,987.9,0.0,0.0,,50.0
2025-10-08 03:00:00,6.3,6.8,,6.0,,26.0,15.0,27.3,309.0,314.0,988.1,0.0,0.0,,10.0
2025-10-08 04:00:00,5.9,6.2,,5.7,,27.0,13.6,23.4,325.0,312.0,987.8,0.0,0.0,,100.0
2025-10-08 05:00:00,5.8,6.2,,5.6,,28.0,13.4,23.7,308.0,319.0,987.6,0.0,0.0,,90.0
2025-10-08 06:00:00,6.1,6.3,7.4,5.6,1.7,28.0,16.3,30.0,316.0,310.0,988.0,0.0,0.0,0.0,10.0
2025-10-08 07:00:00,6.1,6.4,,5.8,,26.0,18.8,32.9,313.0,317.0,988.0,0.0,0.0,,0.0
2025-10-08 08:00:00,5.8,6.1,,5.7,,25.0,18.7,33.3,313.0,312.0,988.6,0.0,0.0,,0.0
2025-10-08 09:00:00,6.1,6.4,,5.7,,24.0,20.4,43.9,309.0,313.0,988.1,0.0,0.1,,0.0
2025-10-08 10:00:00,6.5,6.7,,5.9,,22.0,20.8,40.6,316.0,309.0,989.2,14.0,0.0,,0.0
2025-10-08 11:00:00,6.0,6.5,,5.7,,26.0,16.8,29.9,317.0,319.0,989.5,118.0,0.0,,0.0
2025-10-08 12:00:00,7.2,7.8,7.8,6.4,3.4,20.0,19.3,39.2,307.0,312.0,989.4,194.0,1.0,1.0,0.0
2025-10-08 13:00:00,7.5,7.8,,7.1,,19.0,22.7,44.5,303.0,302.0,990.1,253.0,0.1,,0.0
2025-10-08 14:00:00,7.4,7.7,,7.2,,20.0,21.3,43.0,309.0,311.0,990.8,277.0,0.1,,0.0
2025-10-08 15:00:00,7.3,7.6,,7.1,,20.0,18.7,37.8,307.0,312.0,992.0,295.0,0.0,,0.0
2025-10-08 16:00:00,7.4,7.6,,7.1,,20.0,18.5,34.2,303.0,308.0,992.4,282.0,0.0,,0.0
2025-10-08 17:00:00,7.4,7.8,,7.2,,20.0,17.9,36.6,300.0,304.0,994.0,134.0,0.0,,0.0
2025-10-08 18:00:00,7.4,7.6,7.8,7.2,5.7,19.0,19.7,36.8,306.0,301.0,993.8,34.0,0.0,1.1,0.0
2025-10-08 19:00:00,7.0,7.3,,6.8,,21.0,17.3,31.7,302.0,308.0,994.0,20.0,0.0,,0.0
2025-10-08 20:00:00,7.1,7.6,,6.9,,19.0,20.3,38.9,288.0,298.0,992.5,3.0,0.0,,0.0
2025-10-08 21:00:00,7.3,7.9,,6.7,,18.0,21.3,41.6,299.0,296.0,993.6,0.0,0.0,,0.0
2025-10-08 22:00:00,6.4,6.8,,6.2,,21.0,16.8,30.6,302.0,302.0,994.5,0.0,0.0,,0.0
2025-10-08 23:00:00,6.3,6.4,,6.1,,21.0,14.6,29.0,314.0,309.0,994.4,0.0,0.0,,0.0
2025-10-09 00:00:00,6.0,6.3,7.9,5.5,5.5,21.0,12.2,25.2,313.0,317.0,996.0,0.0,0.0,1.1,0.0
2025-10-09 01:00:00,5.6,5.9,,5.3,,21.0,13.2,22.5,316.0,316.0,995.4,0.0,0.0,,0.0
2025-10-09 02:00:00,5.3,5.4,,5.0,,22.0,10.6,20.4,317.0,319.0,995.3,0.0,0.0,,0.0
2025-10-09 03:00:00,5.1,5.3,,4.8,,21.0,9.9,18.5,314.0,319.0,994.1,0.0,0.0,,0.0
2025-10-09 04:00:00,4.7,5.0,,4.5,,23.0,12.2,23.3,313.0,320.0,993.4,0.0,0.0,,0.0
2025-10-09 05:00:00,4.5,4.8,,4.3,,25.0,13.0,23.5,319.0,318.0,992.1,0.0,0.0,,10.0
2025-10-09 06:00:00,4.3,4.7,7.9,4.0,4.0,24.0,8.0,17.3,319.0,326.0,993.3,0.0,0.0,1.1,75.0
2025-10-09 07:00:00,4.2,4.7,,3.8,,23.0,4.7,10.8,183.0,294.0,993.5,0.0,0.0,,10.0
2025-10-09 08:00:00,3.0,3.8,,2.6,,30.0,3.0,7.6,319.0,324.0,993.1,0.0,0.0,,10.0
2025-10-09 09:00:00,2.4,2.6,,1.9,,33.0,2.2,4.9,157.0,307.0,992.7,0.0,0.0,,50.0
2025-10-09 10:00:00,1.8,2.2,,1.4,,37.0,1.3,4.0,300.0,326.0,992.3,13.0,0.0,,90.0
2025-10-09 11:00:00,2.3,2.5,,1.8,,36.0,2.1,4.9,326.0,354.0,992.5,70.0,0.0,,100.0
2025-10-09 12:00:00,2.6,2.7,5.9,2.4,1.4,35.0,0.4,2.9,25.0,14.0,992.6,93.0,0.0,0.1,40.0
2025-10-09 13:00:00,3.1,3.4,,2.7,,35.0,1.1,2.9,359.0,19.0,992.8,157.0,0.0,,100.0
2025-10-09 14:00:00,2.9,3.1,,2.8,,39.0,1.5,3.5,5.0,9.0,992.8,78.0,0.0,,100.0
2025-10-09 15:00:00,3.1,3.3,,2.9,,39.0,0.8,3.2,64.0,13.0,992.7,90.0,0.0,,100.0
2025-10-09 16:00:00,3.6,3.9,,3.3,,39.0,1.8,4.9,94.0,105.0,992.6,108.0,0.0,,100.0
2025-10-09 17:00:00,4.1,4.3,,3.9,,39.0,1.6,4.8,18.0,46.0,992.9,170.0,0.0,,100.0
2025-10-09 18:00:00,3.7,4.0,4.7,3.5,1.4,39.0,1.7,4.3,327.0,31.0,993.5,84.0,0.0,0.0,100.0
2025-10-09 19:00:00,3.4,3.6,,3.1,,37.0,2.0,3.8,348.0,360.0,994.3,36.0,0.0,,25.0
2025-10-09 20:00:00,2.8,3.2,,2.4,,39.0,1.4,3.7,300.0,329.0,995.3,3.0,0.0,,0.0
2025-10-09 21:00:00,1.9,2.2,,1.2,,42.0,1.3,3.5,331.0,314.0,996.4,0.0,0.0,,0.0
2025-10-09 22:00:00,1.3,1.9,,0.6,,41.0,1.1,3.8,258.0,281.0,997.4,0.0,0.0,,0.0
2025-10-09 23:00:00,0.6,0.9,,0.2,,45.0,2.1,6.0,330.0,346.0,998.1,0.0,0.0,,0.0
2025-10-10 00:00:00,0.0,0.2,4.3,-0.4,-0.4,44.0,3.0,6.8,340.0,331.0,999.1,0.0,0.0,0.0,0.0
2025-10-10 01:00:00,-0.4,-0.2,,-0.7,,39.0,3.5,9.4,276.0,309.0,1000.4,0.0,0.0,,0.0
2025-10-10 02:00:00,-0.9,-0.6,,-1.3,,36.0,5.5,9.6,282.0,275.0,1001.1,0.0,0.0,,0.0
2025-10-10 03:00:00,-1.6,-1.0,,-2.2,,41.0,2.8,7.2,254.0,266.0,1001.6,0.0,0.0,,0.0
2025-10-10 04:00:00,-1.7,-1.4,,-2.0,,43.0,2.8,6.7,359.0,282.0,1002.5,0.0,0.0,,0.0
2025-10-10 05:00:00,-2.0,-1.7,,-2.5,,45.0,1.3,4.4,308.0,325.0,1003.3,0.0,0.0,,0.0
2025-10-10 06:00:00,-2.3,-2.0,3.6,-2.6,-2.6,45.0,0.9,3.7,357.0,349.0,1004.2,0.0,0.0,0.0,0.0
2025-10-10 07:00:00,-2.2,-2.0,,-2.5,,43.0,1.2,4.2,2.0,347.0,1004.8,0.0,0.0,,0.0
2025-10-10 08:00:00,-2.2,-1.9,,-2.5,,42.0,1.6,4.8,328.0,340.0,1005.7,0.0,0.0,,75.0
2025-10-10 09:00:00,-2.3,-1.9,,-2.8,,43.0,2.2,5.0,321.0,327.0,1006.5,0.0,0.0,,90.0
2025-10-10 10:00:00,-2.2,-1.9,,-2.7,,44.0,1.2,3.4,348.0,335.0,1007.4,12.0,0.0,,100.0
2025-10-10 11:00:00,-1.6,-1.3,,-1.9,,45.0,3.6,8.5,1.0,360.0,1008.2,82.0,0.0,,90.0
2025-10-10 12:00:00,-1.3,-1.0,-0.2,-1.6,-2.7,47.0,4.1,7.3,7.0,5.0,1009.0,144.0,0.0,0.0,100.0
2025-10-10 13:00:00,-0.9,-0.6,,-1.0,,48.0,3.7,6.6,5.0,7.0,1009.7,130.0,0.0,,90.0
2025-10-10 14:00:00,-0.4,0.0,,-0.8,,48.0,4.1,8.1,8.0,7.0,1010.0,236.0,0.0,,100.0
2025-10-10 15:00:00,-0.3,-0.2,,-0.3,,48.0,4.5,8.1,5.0,5.0,1010.5,170.0,0.0,,100.0
2025-10-10 16:00:00,-0.3,-0.2,,-0.5,,49.0,4.4,8.5,7.0,5.0,1011.3,116.0,0.0,,60.0
2025-10-10 17:00:00,0.0,0.1,,-0.3,,52.0,3.6,7.0,1.0,4.0,1011.9,114.0,0.0,,100.0
2025-10-10 18:00:00,0.0,0.2,0.2,-0.1,-2.7,52.0,3.4,7.1,1.0,3.0,1012.6,72.0,0.0,0.0,100.0
2025-10-10 19:00:00,-0.1,0.0,,-0.2,,52.0,3.4,6.9,3.0,3.0,1013.5,28.0,0.0,,100.0
2025-10-10 20:00:00,0.1,0.1,,-0.1,,53.0,2.8,5.4,10.0,4.0,1014.2,2.0,0.0,,100.0
2025-10-10 21:00:00,0.2,0.3,,0.1,,53.0,2.1,4.2,1.0,3.0,1014.7,0.0,0.0,,100.0
2025-10-10 22:00:00,0.2,0.3,,0.0,,54.0,0.7,3.1,14.0,6.0,1015.3,0.0,0.0,,100.0
2025-10-10 23:00:00,-0.3,0.0,,-0.6,,58.0,0.6,1.7,267.0,272.0,1015.5,0.0,0.0,,100.0
2025-10-11 00:00:00,0.2,0.3,0.3,0.0,-1.0,56.0,0.4,1.5,346.0,335.0,1015.9,0.0,0.0,0.0,100.0
2025-10-11 01:00:00,0.1,0.4,,-0.1,,57.0,0.5,1.7,0.0,293.0,1016.6,0.0,0.0,,100.0
2025-10-11 02:00:00,0.1,0.4,,-0.1,,56.0,0.6,2.4,179.0,118.0,1016.6,0.0,0.0,,0.0
2025-10-11 03:00:00,-0.1,0.2,,-0.7,,55.0,0.7,1.6,254.0,207.0,1016.3,0.0,0.0,,40.0
2025-10-11 04:00:00,-0.4,-0.1,,-0.7,,60.0,0.8,2.5,51.0,156.0,1016.5,0.0,0.0,,75.0
2025-10-11 05:00:00,-0.1,0.0,,-0.3,,55.0,2.2,5.2,9.0,10.0,1016.4,0.0,0.0,,10.0
2025-10-11 06:00:00,0.0,0.2,0.4,-0.1,-0.7,53.0,2.3,5.4,357.0,360.0,1016.0,0.0,0.0,0.0,100.0
2025-10-11 07:00:00,0.4,0.6,,0.2,,51.0,3.0,6.0,10.0,10.0,1015.2,0.0,0.0,,100.0
2025-10-11 08:00:00,0.9,1.3,,0.4,,50.0,2.8,5.3,6.0,8.0,1014.9,0.0,0.0,,100.0
2025-10-11 09:00:00,1.4,1.5,,1.3,,51.0,3.0,7.8,33.0,33.0,1014.3,0.0,0.0,,100.0
2025-10-11 10:00:00,1.0,1.5,,-0.3,,56.0,3.1,7.8,41.0,35.0,1014.5,0.0,0.0,,100.0
2025-10-11 11:00:00,-1.6,-0.4,,-1.9,,92.0,2.3,5.7,5.0,360.0,1013.1,8.0,1.3,,
2025-10-11 12:00:00,-2.0,-1.9,1.5,-2.1,-2.1,97.0,0.9,3.7,289.0,302.0,1011.6,17.0,1.2,2.5,
2025-10-11 13:00:00,-2.0,-1.9,,-2.1,,96.0,1.5,5.3,234.0,295.0,1010.7,19.0,1.3,,
2025-10-11 14:00:00,-1.8,-1.7,,-1.9,,97.0,2.6,6.5,263.0,309.0,1009.4,19.0,2.5,,
2025-10-11 15:00:00,-1.6,-1.5,,-1.7,,98.0,1.1,4.4,359.0,356.0,1007.7,21.0,4.0,,
2025-10-11 16:00:00,-1.2,-0.9,,-1.5,,98.0,2.6,9.0,22.0,19.0,1006.8,17.0,2.4,,
2025-10-11 17:00:00,-0.7,-0.5,,-0.9,,99.0,2.8,9.6,332.0,2.0,1004.9,16.0,1.9,,100.0
2025-10-11 18:00:00,-0.2,0.4,1.5,-0.5,-2.1,98.0,3.1,7.4,21.0,356.0,1005.5,34.0,0.1,14.6,100.0
2025-10-11 19:00:00,1.5,2.3,,0.4,,85.0,3.1,10.8,51.0,15.0,1005.1,16.0,0.0,,100.0
2025-10-11 20:00:00,2.8,3.3,,2.2,,74.0,3.3,9.3,66.0,63.0,1005.3,1.0,0.0,,100.0
2025-10-11 21:00:00,3.3,3.4,,2.9,,71.0,3.2,9.8,354.0,19.0,1005.3,0.0,0.0,,100.0
2025-10-11 22:00:00,3.1,3.3,,2.8,,73.0,2.5,5.6,31.0,43.0,1006.0,0.0,0.0,,100.0
2025-10-11 23:00:00,2.6,3.4,,2.3,,78.0,1.0,4.0,154.0,133.0,1007.0,0.0,0.7,,100.0
2025-10-12 00:00:00,1.9,2.4,3.4,1.5,-2.1,86.0,2.0,4.3,245.0,223.0,1008.3,0.0,0.5,15.9,100.0
2025-10-12 01:00:00,1.5,1.8,,1.1,,90.0,2.3,4.3,244.0,223.0,1009.4,0.0,0.5,,100.0
2025-10-12 02:00:00,1.2,1.3,,1.1,,92.0,1.0,3.5,0.0,198.0,1010.0,0.0,0.2,,100.0
2025-10-12 03:00:00,1.1,1.2,,1.0,,94.0,0.5,1.8,151.0,224.0,1011.0,0.0,0.1,,100.0
2025-10-12 04:00:00,0.9,1.1,,0.9,,97.0,0.3,1.2,0.0,181.0,1011.5,0.0,0.1,,100.0
2025-10-12 05:00:00,0.8,1.0,,0.7,,98.0,1.2,2.6,140.0,145.0,1012.3,0.0,0.2,,100.0
2025-10-12 06:00:00,0.5,0.7,3.4,0.4,0.4,99.0,1.4,3.2,35.0,157.0,1013.1,0.0,0.2,17.2,100.0
2025-10-12 07:00:00,0.4,0.5,,0.3,,99.0,0.8,1.9,289.0,292.0,1014.1,0.0,0.0,,100.0
2025-10-12 08:00:00,0.3,0.4,,0.2,,99.0,0.5,2.6,311.0,322.0,1014.3,0.0,0.0,,
2025-10-12 09:00:00,0.1,0.3,,-0.1,,99.0,1.0,2.6,203.0,269.0,1014.9,0.0,0.0,,100.0
2025-10-12 10:00:00,-0.4,-0.1,,-0.6,,99.0,0.6,1.9,269.0,257.0,1015.4,22.0,0.0,,90.0
2025-10-12 11:00:00,-0.1,0.4,,-0.4,,95.0,1.4,2.7,286.0,263.0,1015.7,108.0,0.0,,100.0
2025-10-12 12:00:00,0.6,1.0,1.8,0.4,-0.6,92.0,0.1,1.1,320.0,337.0,1016.2,175.0,0.0,14.7,100.0
2025-10-12 13:00:00,1.1,1.9,,0.6,,90.0,0.2,1.3,168.0,173.0,1016.8,204.0,0.0,,60.0
2025-10-12 14:00:00,1.5,2.2,,0.9,,84.0,0.8,3.0,272.0,267.0,1016.8,249.0,0.0,,50.0
2025-10-12 15:00:00,1.3,1.6,,1.0,,85.0,1.4,3.3,246.0,264.0,1016.2,190.0,0.0,,100.0
2025-10-12 16:00:00,1.8,2.3,,1.5,,83.0,2.0,3.6,165.0,228.0,1016.0,223.0,0.0,,100.0
2025-10-12 17:00:00,1.4,1.9,,1.2,,89.0,2.3,3.3,161.0,162.0,1016.0,103.0,0.0,,100.0
2025-10-12 18:00:00,1.1,1.4,2.3,0.5,-0.6,89.0,1.0,2.4,193.0,193.0,1015.5,67.0,0.0,2.5,100.0
2025-10-12 19:00:00,0.8,0.9,,0.5,,91.0,2.1,3.4,154.0,160.0,1016.1,23.0,0.0,,40.0
2025-10-12 20:00:00,0.6,0.8,,-0.1,,88.0,2.0,3.6,139.0,202.0,1016.2,1.0,0.0,,100.0
2025-10-12 21:00:00,0.3,0.6,,-0.3,,92.0,1.0,2.2,165.0,147.0,1016.2,0.0,0.0,,10.0
2025-10-12 22:00:00,-0.9,-0.1,,-1.3,,91.0,0.7,2.8,224.0,255.0,1016.0,0.0,0.0,,0.0
2025-10-12 23:00:00,-0.9,0.0,,-1.8,,92.0,0.6,2.0,197.0,191.0,1016.1,0.0,0.0,,0.0
2025-10-13 00:00:00,-1.4,-0.6,2.3,-2.1,-2.1,90.0,1.0,3.0,258.0,249.0,1016.2,0.0,0.0,1.3,0.0
2025-10-13 01:00:00,-1.0,-0.6,,-1.6,,86.0,2.2,3.2,264.0,263.0,1015.5,0.0,0.0,,0.0
2025-10-13 02:00:00,-1.3,-0.4,,-1.9,,85.0,1.1,2.5,260.0,200.0,1015.7,0.0,0.0,,0.0
2025-10-13 03:00:00,-1.2,-0.9,,-1.8,,85.0,2.0,3.3,264.0,266.0,1015.3,0.0,0.0,,0.0
2025-10-13 04:00:00,-1.3,-0.9,,-2.2,,83.0,1.1,2.6,265.0,264.0,1014.7,0.0,0.0,,0.0
2025-10-13 05:00:00,-1.3,-0.8,,-1.8,,80.0,0.5,2.0,41.0,227.0,1014.5,0.0,0.0,,10.0
2025-10-13 06:00:00,-1.3,-0.8,0.9,-2.6,-2.6,86.0,0.8,2.2,162.0,163.0,1014.9,0.0,0.0,0.0,100.0
2025-10-13 07:00:00,-1.3,-0.6,,-1.5,,88.0,0.7,2.1,274.0,271.0,1015.0,0.0,0.0,,100.0
2025-10-13 08:00:00,-0.3,0.4,,-1.3,,84.0,1.1,3.2,0.0,278.0,1015.1,0.0,0.0,,100.0
2025-10-13 09:00:00,1.1,2.8,,-0.5,,74.0,0.3,2.1,84.0,21.0,1014.8,0.0,0.0,,90.0
2025-10-13 10:00:00,2.0,2.7,,0.7,,63.0,0.6,3.9,300.0,8.0,1014.5,6.0,0.0,,10.0
2025-10-13 11:00:00,2.3,2.9,,1.6,,61.0,1.4,4.0,162.0,183.0,1014.8,30.0,0.0,,0.0
2025-10-13 12:00:00,2.0,2.7,2.9,0.9,-2.6,63.0,1.3,3.2,272.0,268.0,1015.1,48.0,0.0,0.0,0.0
2025-10-13 13:00:00,2.3,3.4,,1.5,,59.0,1.6,5.6,68.0,338.0,1014.8,97.0,0.0,,0.0
2025-10-13 14:00:00,3.4,3.8,,2.9,,53.0,1.1,4.3,173.0,151.0,1014.5,260.0,0.0,,0.0
2025-10-13 15:00:00,2.9,3.6,,2.3,,62.0,2.2,3.9,159.0,165.0,1014.2,268.0,0.0,,0.0
2025-10-13 16:00:00,2.5,3.2,,1.7,,65.0,2.3,3.2,186.0,175.0,1014.6,244.0,0.0,,0.0
2025-10-13 17:00:00,2.1,3.0,,1.6,,66.0,3.2,4.8,168.0,161.0,1014.4,90.0,0.0,,0.0
2025-10-13 18:00:00,1.5,2.0,3.8,0.3,-1.5,65.0,2.1,3.2,259.0,181.0,1015.5,28.0,0.0,0.0,0.0
2025-10-13 19:00:00,0.5,1.6,,-0.3,,62.0,1.1,3.8,211.0,237.0,1015.9,15.0,0.0,,0.0
2025-10-13 20:00:00,0.1,1.5,,-0.8,,61.0,1.5,3.7,256.0,257.0,1016.2,1.0,0.0,,0.0
2025-10-13 21:00:00,0.5,1.9,,-0.4,,60.0,1.4,3.4,230.0,177.0,1016.6,0.0,0.0,,0.0
2025-10-13 22:00:00,0.2,1.4,,-1.1,,59.0,2.2,3.8,252.0,256.0,1017.3,0.0,0.0,,0.0
2025-10-13 23:00:00,0.3,1.3,,-0.9,,58.0,2.5,3.6,263.0,262.0,1017.7,0.0,0.0,,0.0
2025-10-14 00:00:00,0.2,0.9,3.8,-0.6,-1.1,60.0,2.5,3.5,271.0,261.0,1017.7,0.0,0.0,0.0,0.0
2025-10-14 01:00:00,-0.4,0.5,,-1.5,,61.0,0.6,3.2,304.0,271.0,1017.9,0.0,0.0,,0.0
2025-10-14 02:00:00,-0.9,-0.4,,-1.7,,64.0,0.2,1.0,221.0,292.0,1017.5,0.0,0.0,,0.0
2025-10-14 03:00:00,-1.3,-0.6,,-2.1,,64.0,1.1,3.0,257.0,253.0,1016.9,0.0,0.0,,0.0
2025-10-14 04:00:00,-0.7,0.3,,-1.5,,62.0,1.5,3.8,166.0,259.0,1016.6,0.0,0.0,,60.0
2025-10-14 05:00:00,-0.1,0.5,,-0.7,,61.0,1.1,2.9,235.0,226.0,1016.6,0.0,0.0,,100.0
2025-10-14 06:00:00,-0.3,0.3,1.9,-0.9,-2.1,65.0,1.4,3.0,264.0,203.0,1016.5,0.0,0.0,0.0,100.0
2025-10-14 07:00:00,0.2,1.6,,-1.1,,63.0,1.3,3.3,272.0,266.0,1016.0,0.0,0.0,,100.0
2025-10-14 08:00:00,0.8,1.6,,0.0,,63.0,0.7,2.6,213.0,243.0,1016.1,0.0,0.0,,100.0
2025-10-14 09:00:00,0.5,1.9,,-0.4,,68.0,0.8,3.2,205.0,172.0,1016.3,0.0,0.0,,100.0
2025-10-14 10:00:00,0.4,1.0,,-0.6,,71.0,0.9,2.7,180.0,188.0,1016.4,11.0,0.0,,100.0
2025-10-14 11:00:00,0.4,1.6,,-0.5,,70.0,0.7,2.9,337.0,157.0,1016.3,33.0,0.0,,100.0
2025-10-14 12:00:00,0.7,1.2,1.9,-0.3,-2.1,64.0,0.6,2.8,216.0,237.0,1016.5,62.0,0.0,0.0,100.0
2025-10-14 13:00:00,1.4,2.5,,0.8,,60.0,0.7,2.9,349.0,352.0,1016.5,87.0,0.0,,10.0
2025-10-14 14:00:00,2.4,2.6,,2.1,,58.0,1.2,3.8,138.0,151.0,1016.3,120.0,0.0,,60.0
2025-10-14 15:00:00,2.1,2.8,,1.3,,64.0,1.0,2.9,152.0,204.0,1016.0,123.0,0.0,,90.0
2025-10-14 16:00:00,1.9,2.6,,1.6,,65.0,0.6,2.5,276.0,251.0,1016.0,110.0,0.0,,100.0
2025-10-14 17:00:00,2.4,3.1,,1.6,,63.0,1.3,4.0,277.0,230.0,1016.1,84.0,0.0,,100.0
2025-10-14 18:00:00,2.0,2.5,3.1,1.8,-1.1,68.0,0.4,1.4,312.0,302.0,1016.6,45.0,0.0,0.0,100.0
2025-10-14 19:00:00,1.8,2.2,,1.5,,69.0,0.5,2.0,228.0,228.0,1017.0,11.0,0.0,,100.0
2025-10-14 20:00:00,1.7,2.2,,1.3,,74.0,1.5,4.2,350.0,161.0,1017.7,0.0,0.0,,100.0
2025-10-14 21:00:00,1.4,1.7,,1.2,,74.0,0.6,1.6,176.0,205.0,1018.2,0.0,0.0,,100.0
2025-10-14 22:00:00,1.5,2.4,,1.1,,75.0,1.7,3.8,264.0,280.0,1018.0,0.0,0.0,,100.0
2025-10-14 23:00:00,2.2,2.9,,1.5,,73.0,1.3,3.0,252.0,208.0,1018.3,0.0,0.0,,100.0
2025-10-15 00:00:00,1.6,2.1,3.1,1.2,0.8,76.0,2.9,4.6,154.0,159.0,1018.6,0.0,0.0,0.0,100.0
2025-10-15 01:00:00,1.0,2.1,,0.4,,79.0,0.9,2.5,284.0,299.0,1019.2,0.0,0.0,,90.0
2025-10-15 02:00:00,0.9,1.6,,0.3,,80.0,1.9,3.6,210.0,261.0,1019.0,0.0,0.0,,100.0
2025-10-15 03:00:00,1.0,1.5,,0.6,,80.0,1.2,3.2,184.0,238.0,1018.9,0.0,0.0,,100.0
2025-10-15 04:00:00,0.9,1.4,,0.7,,81.0,0.2,1.9,0.0,167.0,1019.0,0.0,0.0,,100.0
2025-10-15 05:00:00,0.8,1.4,,0.4,,84.0,0.8,2.0,320.0,303.0,1018.9,0.0,0.0,,100.0
2025-10-15 06:00:00,1.7,2.7,2.9,0.9,0.3,78.0,2.4,6.2,144.0,150.0,1019.5,0.0,0.0,0.0,100.0
2025-10-15 07:00:00,1.4,1.6,,1.1,,83.0,2.5,5.5,173.0,157.0,1020.0,0.0,0.0,,100.0
2025-10-15 08:00:00,1.3,1.7,,1.0,,84.0,0.4,1.5,172.0,245.0,1020.8,0.0,0.0,,100.0
2025-10-15 09:00:00,1.7,2.4,,1.4,,79.0,2.4,5.1,153.0,147.0,1021.8,0.0,0.0,,100.0
2025-10-15 10:00:00,1.0,2.5,,0.3,,83.0,0.4,2.4,273.0,284.0,1022.6,5.0,0.0,,100.0
2025-10-15 11:00:00,1.4,1.7,,0.8,,80.0,0.5,2.3,0.0,276.0,1023.0,48.0,0.0,,90.0
2025-10-15 12:00:00,2.0,2.9,2.9,1.1,0.3,75.0,0.1,2.1,165.0,155.0,1023.5,94.0,0.0,0.0,10.0
2025-10-15 13:00:00,2.7,3.2,,2.1,,75.0,0.8,3.7,0.0,159.0,1024.2,97.0,0.0,,100.0
2025-10-15 14:00:00,2.6,3.4,,1.9,,77.0,1.1,2.7,271.0,279.0,1024.4,152.0,0.0,,100.0
2025-10-15 15:00:00,3.4,4.1,,3.0,,72.0,0.6,2.6,257.0,262.0,1024.1,180.0,0.0,,100.0
2025-10-15 16:00:00,3.7,4.2,,3.4,,71.0,0.4,2.6,145.0,267.0,1024.2,140.0,0.0,,75.0
2025-10-15 17:00:00,3.3,3.6,,2.9,,74.0,0.4,2.3,160.0,156.0,1024.4,98.0,0.0,,40.0
2025-10-15 18:00:00,2.8,3.4,4.2,2.1,0.3,76.0,0.9,3.0,270.0,260.0,1024.8,70.0,0.0,0.0,25.0
2025-10-15 19:00:00,3.3,4.6,,2.6,,70.0,1.6,2.6,249.0,263.0,1025.3,26.0,0.0,,25.0
2025-10-15 20:00:00,2.4,4.4,,1.6,,72.0,0.5,3.0,287.0,207.0,1026.1,0.0,0.0,,0.0
2025-10-15 21:00:00,2.1,3.0,,1.3,,72.0,1.4,2.4,238.0,262.0,1026.2,0.0,0.0,,0.0
2025-10-15 22:00:00,1.9,2.8,,0.6,,70.0,0.4,1.8,0.0,228.0,1026.8,0.0,0.0,,0.0
2025-10-15 23:00:00,1.4,2.2,,0.6,,71.0,1.0,2.8,279.0,264.0,1027.1,0.0,0.0,,0.0
2025-10-16 00:00:00,1.7,2.2,4.6,1.1,0.6,70.0,1.8,3.7,272.0,267.0,1027.2,0.0,0.0,0.0,0.0
2025-10-16 01:00:00,1.3,1.9,,0.8,,70.0,0.8,2.5,263.0,265.0,1027.3,0.0,0.0,,0.0
2025-10-16 02:00:00,0.9,1.5,,0.3,,71.0,0.2,1.5,0.0,157.0,1027.3,0.0,0.0,,0.0
2025-10-16 03:00:00,0.6,1.4,,-0.1,,71.0,1.1,3.2,270.0,271.0,1026.9,0.0,0.0,,0.0
2025-10-16 04:00:00,1.4,2.0,,0.2,,67.0,1.0,2.7,256.0,263.0,1026.5,0.0,0.0,,0.0
2025-10-16 05:00:00,0.4,0.9,,-0.3,,73.0,0.4,2.5,189.0,249.0,1026.3,0.0,0.0,,0.0
2025-10-16 06:00:00,0.2,0.9,4.6,-0.3,-0.3,70.0,0.3,2.0,231.0,233.0,1026.1,0.0,0.0,0.0,0.0
2025-10-16 07:00:00,0.1,1.3,,-0.7,,71.0,1.3,2.9,271.0,267.0,1025.9,0.0,0.0,,0.0
2025-10-16 08:00:00,0.3,0.9,,0.1,,70.0,0.5,2.3,190.0,251.0,1025.4,0.0,0.0,,0.0
2025-10-16 09:00:00,-0.1,1.0,,-0.4,,71.0,0.3,1.9,205.0,194.0,1025.1,0.0,0.0,,0.0
2025-10-16 10:00:00,0.3,1.6,,-0.8,,68.0,0.6,3.0,261.0,226.0,1025.0,4.0,0.0,,0.0
2025-10-17 02:00:00,-0.7,-0.1,,-1.2,,81.0,0.4,1.6,251.0,220.0,1020.3,0.0,0.0,,0.0
2025-10-17 03:00:00,-0.7,-0.2,,-1.0,,83.0,0.3,2.3,250.0,180.0,1019.8,0.0,0.0,,0.0
2025-10-17 04:00:00,-0.8,-0.3,,-1.5,,83.0,0.3,2.1,183.0,253.0,1019.2,0.0,0.0,,0.0
2025-10-17 05:00:00,-0.8,0.1,,-1.4,,81.0,0.7,2.0,149.0,189.0,1018.6,0.0,0.0,,0.0
2025-10-17 06:00:00,-1.0,-0.3,2.2,-1.5,-1.5,83.0,0.5,2.1,169.0,192.0,1018.2,0.0,0.0,0.0,0.0
2025-10-17 07:00:00,-1.2,-0.3,,-1.9,,83.0,0.4,2.0,157.0,171.0,1017.9,0.0,0.0,,0.0
2025-10-17 08:00:00,-1.3,-0.7,,-1.9,,87.0,0.9,2.5,159.0,190.0,1017.7,0.0,0.0,,0.0
2025-10-17 09:00:00,-1.1,-0.6,,-1.6,,91.0,1.2,2.7,165.0,166.0,1017.4,0.0,0.0,,0.0
2025-10-17 10:00:00,-1.7,-1.2,,-2.1,,89.0,0.2,1.4,198.0,227.0,1017.2,4.0,0.0,,0.0
2025-10-17 11:00:00,-1.3,-0.1,,-2.0,,88.0,0.7,1.7,125.0,202.0,1017.1,34.0,0.0,,0.0
2025-10-17 12:00:00,-0.1,0.9,0.9,-0.7,-2.1,84.0,0.3,1.4,213.0,186.0,1016.9,133.0,0.0,0.0,0.0
2025-10-17 13:00:00,0.6,1.5,,-0.5,,79.0,0.4,1.7,308.0,232.0,1016.3,191.0,0.0,,0.0
2025-10-17 14:00:00,1.4,2.2,,0.8,,77.0,0.6,3.1,276.0,151.0,1015.9,226.0,0.0,,0.0
2025-10-17 15:00:00,1.4,2.3,,0.8,,80.0,0.9,3.0,179.0,177.0,1015.2,233.0,0.0,,0.0
2025-10-17 16:00:00,1.6,2.9,,0.7,,79.0,0.2,1.8,277.0,162.0,1014.5,207.0,0.0,,0.0
2025-10-17 17:00:00,0.9,2.0,,0.4,,82.0,0.7,2.1,171.0,208.0,1013.9,66.0,0.0,,0.0
2025-10-17 18:00:00,0.6,1.4,2.9,-0.3,-2.1,83.0,0.6,3.0,0.0,235.0,1013.5,26.0,0.0,0.0,0.0
2025-10-17 19:00:00,0.2,0.7,,-0.3,,86.0,0.9,2.4,306.0,174.0,1013.2,13.0,0.0,,0.0
2025-10-17 20:00:00,-0.2,0.4,,-0.6,,86.0,0.7,2.8,302.0,262.0,1012.7,0.0,0.0,,0.0
2025-10-17 21:00:00,0.5,2.2,,-0.1,,82.0,1.0,4.2,241.0,203.0,1012.1,0.0,0.0,,0.0
2025-10-17 22:00:00,6.0,8.7,,2.8,,56.0,2.2,12.1,346.0,339.0,1011.4,2.0,0.0,,0.0
2025-10-17 23:00:00,8.4,9.9,,6.6,,46.0,4.6,12.9,308.0,334.0,1010.7,0.0,0.0,,0.0
2025-10-18 00:00:00,9.6,10.4,10.4,9.1,-0.6,40.0,8.4,15.7,332.0,314.0,1010.5,0.0,0.0,0.0,0.0
2025-10-18 01:00:00,8.7,9.3,,8.1,,43.0,6.2,12.7,360.0,355.0,1009.8,0.0,0.0,,0.0
2025-10-18 02:00:00,8.9,9.3,,8.4,,39.0,4.6,11.6,306.0,334.0,1010.0,0.0,0.0,,0.0
2025-10-18 03:00:00,8.4,9.1,,7.6,,38.0,4.0,9.1,337.0,325.0,1010.3,0.0,0.0,,0.0
2025-10-18 04:00:00,7.9,8.7,,7.2,,38.0,3.4,8.0,306.0,321.0,1010.5,0.0,0.0,,0.0
2025-10-18 05:00:00,7.1,7.4,,6.8,,42.0,3.8,8.3,1.0,347.0,1010.9,0.0,0.0,,0.0
2025-10-18 06:00:00,6.1,7.3,10.4,5.1,-0.6,45.0,1.6,5.0,261.0,287.0,1011.7,0.0,0.0,0.0,0.0
2025-10-18 07:00:00,6.7,7.6,,5.9,,43.0,1.4,5.0,266.0,253.0,1012.6,0.0,0.0,,0.0
2025-10-18 08:00:00,7.8,8.7,,7.1,,41.0,1.0,3.1,167.0,175.0,1013.6,0.0,0.0,,0.0
2025-10-18 09:00:00,9.4,10.5,,7.2,,36.0,4.6,12.1,90.0,90.0,1015.5,0.0,0.0,,0.0
2025-10-18 10:00:00,8.0,9.1,,7.3,,41.0,5.6,9.5,103.0,105.0,1017.2,2.0,0.0,,0.0
2025-10-18 11:00:00,7.0,7.6,,6.5,,43.0,4.5,8.9,91.0,104.0,1018.8,34.0,0.0,,0.0
2025-10-18 12:00:00,6.3,7.0,10.5,5.8,5.1,46.0,3.0,7.4,89.0,98.0,1019.8,123.0,0.0,0.0,0.0
2025-10-18 13:00:00,6.1,6.5,,5.6,,47.0,1.3,2.9,286.0,337.0,1020.9,183.0,0.0,,0.0
2025-10-18 14:00:00,6.2,6.8,,5.2,,46.0,2.2,4.3,253.0,259.0,1021.6,220.0,0.0,,0.0
2025-10-18 15:00:00,5.8,6.5,,4.8,,49.0,2.7,5.4,159.0,237.0,1021.9,227.0,0.0,,0.0
2025-10-18 16:00:00,5.0,5.3,,4.7,,54.0,3.6,5.7,154.0,157.0,1022.2,199.0,0.0,,0.0
2025-10-18 17:00:00,3.9,4.7,,3.1,,59.0,2.8,5.5,168.0,161.0,1022.7,60.0,0.0,,0.0
2025-10-18 18:00:00,2.6,3.2,10.5,1.6,1.6,65.0,2.4,4.4,260.0,198.0,1022.7,25.0,0.0,0.0,0.0
2025-10-18 19:00:00,1.9,2.8,,0.9,,66.0,0.8,2.3,11.0,227.0,1022.7,10.0,0.0,,0.0
2025-10-18 20:00:00,1.8,2.4,,0.8,,66.0,1.3,2.3,174.0,175.0,1022.8,0.0,0.0,,0.0
2025-10-18 21:00:00,0.6,1.3,,0.1,,78.0,1.5,3.9,277.0,243.0,1022.9,0.0,0.0,,0.0
2025-10-18 22:00:00,0.5,1.1,,-0.1,,82.0,2.2,3.8,251.0,274.0,1022.6,0.0,0.0,,0.0
2025-10-18 23:00:00,0.3,0.9,,-0.3,,79.0,2.1,3.8,202.0,244.0,1022.2,0.0,0.0,,0.0
2025-10-19 00:00:00,-0.2,0.4,6.8,-0.5,-0.5,78.0,1.1,3.0,214.0,239.0,1021.6,0.0,0.0,0.0,0.0
2025-10-19 01:00:00,-0.7,-0.1,,-1.6,,78.0,0.5,1.7,206.0,216.0,1020.8,0.0,0.0,,0.0
2025-10-19 02:00:00,-0.4,0.0,,-1.1,,83.0,1.8,2.6,139.0,168.0,1020.0,0.0,0.0,,0.0
2025-10-19 03:00:00,-1.3,-0.9,,-1.9,,88.0,0.9,2.8,262.0,228.0,1019.4,0.0,0.0,,0.0
2025-10-19 04:00:00,-1.6,-0.9,,-2.0,,84.0,0.8,2.3,49.0,224.0,1018.5,0.0,0.0,,0.0
2025-10-19 05:00:00,-2.1,-1.6,,-2.7,,87.0,0.5,1.8,265.0,267.0,1017.8,0.0,0.0,,0.0
2025-10-19 06:00:00,-1.8,-0.8,2.8,-2.7,-2.7,84.0,1.3,2.7,200.0,258.0,1017.3,0.0,0.0,0.0,100.0
2025-10-19 07:00:00,-2.3,-2.1,,-2.8,,88.0,0.3,1.8,249.0,247.0,1017.0,0.0,0.0,,90.0
2025-10-19 08:00:00,-1.6,-0.7,,-2.5,,86.0,1.1,2.3,169.0,186.0,1016.7,0.0,0.0,,40.0
2025-10-19 09:00:00,-2.7,-2.2,,-3.3,,88.0,0.7,2.3,171.0,189.0,1016.6,0.0,0.0,,0.0
2025-10-19 10:00:00,-2.4,-1.6,,-3.2,,89.0,0.8,2.5,246.0,180.0,1016.8,2.0,0.0,,25.0
2025-10-19 11:00:00,-2.6,-1.6,,-3.4,,88.0,1.2,2.4,160.0,222.0,1016.9,35.0,0.0,,0.0
2025-10-19 12:00:00,-0.4,0.0,0.0,-1.5,-3.4,81.0,1.8,4.6,144.0,152.0,1017.4,104.0,0.0,0.0,0.0
2025-10-19 13:00:00,0.1,0.2,,-0.2,,80.0,2.0,4.5,151.0,147.0,1017.8,164.0,0.0,,0.0
2025-10-19 14:00:00,0.0,0.3,,-0.3,,80.0,1.8,3.5,143.0,130.0,1018.0,118.0,0.0,,90.0
2025-10-19 15:00:00,0.1,0.2,,0.0,,84.0,1.4,3.0,153.0,143.0,1018.4,106.0,0.0,,100.0
2025-10-19 16:00:00,0.1,0.2,,0.1,,82.0,1.7,3.0,189.0,158.0,1018.7,111.0,0.0,,90.0
2025-10-19 17:00:00,0.2,0.4,,-0.1,,78.0,0.9,3.5,311.0,198.0,1019.2,93.0,0.0,,90.0
2025-10-19 18:00:00,0.1,0.3,0.4,-0.3,-3.4,77.0,1.1,3.0,271.0,273.0,1019.5,41.0,0.0,0.0,60.0
2025-10-19 19:00:00,-0.8,-0.3,,-1.5,,75.0,1.2,2.2,218.0,244.0,1020.2,7.0,0.0,,0.0
2025-10-19 20:00:00,-0.8,-0.5,,-1.0,,82.0,2.2,4.9,149.0,169.0,1021.0,0.0,0.0,,0.0
2025-10-19 21:00:00,-0.8,-0.5,,-1.6,,87.0,2.0,3.9,186.0,164.0,1021.3,0.0,0.0,,0.0
2025-10-19 22:00:00,-1.7,-1.4,,-1.9,,85.0,2.1,3.2,255.0,255.0,1021.4,0.0,0.0,,0.0
2025-10-19 23:00:00,-1.9,-1.3,,-2.6,,81.0,1.6,3.9,289.0,270.0,1021.6,0.0,0.0,,0.0
2025-10-20 00:00:00,-2.2,-1.9,0.4,-2.5,-2.6,82.0,0.3,1.2,315.0,335.0,1021.9,0.0,0.0,0.0,0.0
2025-10-20 01:00:00,-2.3,-1.9,,-3.0,,82.0,0.2,1.5,196.0,171.0,1021.7,0.0,0.0,,0.0
2025-10-20 02:00:00,-3.1,-2.4,,-3.7,,85.0,0.6,1.6,241.0,206.0,1021.6,0.0,0.0,,0.0
2025-10-20 03:00:00,-3.0,-2.6,,-3.6,,86.0,1.0,3.0,259.0,262.0,1021.3,0.0,0.0,,60.0
2025-10-20 04:00:00,-2.7,-2.4,,-3.0,,81.0,2.3,3.2,264.0,261.0,1021.0,0.0,0.0,,0.0
2025-10-20 05:00:00,-3.2,-2.4,,-4.2,,79.0,0.7,2.6,265.0,265.0,1021.0,0.0,0.0,,0.0
2025-10-20 06:00:00,-3.5,-2.8,-0.3,-4.1,-4.2,82.0,0.8,2.0,259.0,255.0,1020.7,0.0,0.0,0.0,0.0
2025-10-20 07:00:00,-3.1,-2.6,,-3.9,,79.0,2.0,3.4,269.0,259.0,1020.6,0.0,0.0,,10.0
2025-10-20 08:00:00,-3.6,-2.8,,-4.3,,79.0,1.6,2.4,246.0,260.0,1020.6,0.0,0.0,,0.0
2025-10-20 09:00:00,-3.8,-3.3,,-4.3,,80.0,0.8,2.3,273.0,267.0,1020.6,0.0,0.0,,0.0
2025-10-20 10:00:00,-3.2,-2.8,,-3.7,,74.0,0.8,3.5,257.0,271.0,1020.8,2.0,0.0,,60.0
2025-10-20 11:00:00,-3.3,-2.8,,-3.9,,68.0,1.0,2.6,272.0,263.0,1021.1,26.0,0.0,,
2025-10-20 12:00:00,-2.6,-2.3,-1.9,-3.1,-4.3,58.0,0.6,2.3,279.0,340.0,1021.6,73.0,0.0,0.0,60.0
2025-10-20 13:00:00,-2.6,-2.1,,-3.4,,60.0,0.5,3.2,258.0,248.0,1021.7,80.0,0.0,,100.0
2025-10-20 14:00:00,-1.8,-1.5,,-2.1,,59.0,0.2,1.0,75.0,101.0,1021.5,80.0,0.0,,100.0
2025-10-20 15:00:00,-1.6,-1.5,,-1.8,,58.0,0.4,1.4,151.0,175.0,1021.7,82.0,0.0,,100.0
2025-10-20 16:00:00,-1.6,-1.4,,-1.8,,71.0,1.3,2.9,119.0,122.0,1021.7,43.0,0.0,,100.0
2025-10-20 17:00:00,-1.8,-1.6,,-2.4,,87.0,0.4,1.4,315.0,160.0,1021.8,40.0,0.2,,100.0
2025-10-20 18:00:00,-2.4,-2.4,-1.4,-2.6,-4.3,93.0,1.2,2.2,340.0,275.0,1021.9,15.0,0.1,0.3,100.0
2025-10-20 19:00:00,-2.7,-2.4,,-3.1,,93.0,1.6,3.9,3.0,3.0,1022.1,5.0,0.1,,100.0
2025-10-20 20:00:00,-3.0,-2.9,,-3.1,,90.0,2.2,4.6,4.0,2.0,1022.2,0.0,0.1,,100.0
2025-10-20 21:00:00,-3.1,-3.0,,-3.4,,91.0,1.5,3.8,354.0,354.0,1022.3,0.0,0.2,,100.0
2025-10-20 22:00:00,-3.4,-3.4,,-3.5,,94.0,1.7,4.1,359.0,358.0,1022.7,0.0,0.5,,100.0
2025-10-20 23:00:00,-3.5,-3.4,,-3.6,,96.0,2.5,5.9,7.0,6.0,1023.1,0.0,0.3,,100.0
2025-10-21 00:00:00,-3.9,-3.6,-1.4,-4.1,-4.1,96.0,3.7,6.5,3.0,360.0,1023.3,0.0,0.3,1.8,100.0
2025-10-21 01:00:00,-4.0,-3.9,,-4.2,,92.0,3.4,6.6,360.0,360.0,1023.5,0.0,0.0,,100.0
2025-10-21 02:00:00,-3.6,-3.2,,-3.9,,83.0,2.3,5.7,306.0,338.0,1023.7,0.0,0.0,,100.0
2025-10-21 03:00:00,-3.5,-3.1,,-3.8,,80.0,2.3,6.6,342.0,332.0,1023.8,0.0,0.0,,90.0
2025-10-21 04:00:00,-3.9,-3.7,,-4.0,,76.0,3.0,6.2,338.0,332.0,1023.9,0.0,0.0,,100.0
2025-10-21 05:00:00,-4.2,-3.8,,-4.9,,79.0,1.0,2.5,289.0,306.0,1024.2,0.0,0.0,,100.0
2025-10-21 06:00:00,-4.6,-4.1,-2.4,-5.1,-5.1,79.0,1.1,2.2,278.0,279.0,1024.0,0.0,0.0,1.8,90.0
2025-10-21 07:00:00,-4.9,-4.4,,-5.7,,79.0,1.2,2.8,287.0,283.0,1024.0,0.0,0.0,,0.0
2025-10-21 08:00:00,-5.2,-4.6,,-5.6,,76.0,2.1,3.6,267.0,264.0,1023.9,0.0,0.0,,0.0
2025-10-21 09:00:00,-5.3,-4.8,,-5.8,,71.0,1.3,3.1,325.0,286.0,1023.7,0.0,0.0,,0.0
2025-10-21 10:00:00,-5.5,-4.7,,-6.3,,66.0,1.4,3.9,271.0,280.0,1023.7,1.0,0.0,,0.0
2025-10-21 11:00:00,-5.9,-5.1,,-6.9,,65.0,2.2,3.8,262.0,263.0,1023.3,17.0,0.0,,0.0
2025-10-21 12:00:00,-5.4,-4.2,-3.1,-6.3,-6.9,61.0,0.5,2.8,239.0,268.0,1023.2,80.0,0.0,1.8,0.0
2025-10-21 13:00:00,-5.5,-4.5,,-6.4,,61.0,0.7,3.0,6.0,254.0,1022.9,175.0,0.0,,0.0
2025-10-21 14:00:00,-4.7,-3.8,,-5.3,,58.0,0.4,2.5,0.0,282.0,1022.5,211.0,0.0,,0.0
2025-10-21 15:00:00,-4.9,-4.4,,-5.8,,58.0,0.9,3.4,265.0,261.0,1022.1,221.0,0.0,,0.0
2025-10-21 16:00:00,-4.2,-3.3,,-4.8,,51.0,0.4,2.4,184.0,338.0,1021.7,193.0,0.0,,0.0
2025-10-21 17:00:00,-4.6,-3.5,,-5.5,,48.0,0.5,2.6,26.0,14.0,1021.3,40.0,0.0,,0.0
2025-10-21 18:00:00,-4.8,-4.1,-3.3,-5.6,-6.9,45.0,0.3,1.7,201.0,22.0,1021.5,21.0,0.0,1.4,0.0
2025-10-21 19:00:00,-5.0,-4.1,,-5.7,,44.0,0.6,2.4,158.0,142.0,1021.4,6.0,0.0,,0.0
2025-10-21 20:00:00,-5.2,-4.3,,-5.9,,45.0,0.7,2.4,142.0,149.0,1021.2,0.0,0.0,,0.0
2025-10-21 21:00:00,-6.3,-5.5,,-7.0,,48.0,0.3,2.1,243.0,208.0,1021.0,0.0,0.0,,0.0
2025-10-21 22:00:00,-6.0,-5.5,,-6.7,,46.0,0.4,1.7,0.0,255.0,1020.9,0.0,0.0,,0.0
2025-10-21 23:00:00,-6.5,-6.0,,-7.2,,48.0,0.5,2.4,271.0,264.0,1020.8,0.0,0.0,,0.0
2025-10-22 00:00:00,-6.9,-6.4,-3.3,-7.4,-7.4,53.0,0.1,1.0,153.0,242.0,1020.8,0.0,0.0,0.0,0.0
2025-10-22 01:00:00,-6.7,-6.0,,-7.3,,54.0,0.0,0.7,178.0,0.0,1020.3,0.0,0.0,,0.0
2025-10-22 02:00:00,-6.7,-5.5,,-7.8,,56.0,0.5,2.7,256.0,271.0,1019.7,0.0,0.0,,0.0
2025-10-22 03:00:00,-7.1,-6.6,,-7.7,,58.0,0.2,2.2,261.0,170.0,1019.3,0.0,0.0,,0.0
2025-10-22 04:00:00,-6.8,-6.0,,-7.8,,61.0,1.3,3.0,271.0,262.0,1018.8,0.0,0.0,,0.0
2025-10-22 05:00:00,-6.5,-5.5,,-7.6,,63.0,2.1,3.6,261.0,261.0,1018.5,0.0,0.0,,0.0
2025-10-22 06:00:00,-6.6,-5.9,-4.1,-7.2,-7.8,63.0,1.3,2.9,271.0,266.0,1018.5,0.0,0.0,0.0,0.0
2025-10-22 07:00:00,-7.1,-6.6,,-7.6,,64.0,0.7,2.3,219.0,256.0,1018.4,0.0,0.0,,0.0
2025-10-22 08:00:00,-7.3,-6.6,,-8.0,,65.0,1.5,3.4,181.0,255.0,1018.4,0.0,0.0,,0.0
2025-10-22 09:00:00,-7.1,-6.4,,-8.6,,63.0,2.1,3.1,272.0,264.0,1019.0,0.0,0.0,,60.0
2025-10-22 10:00:00,-6.8,-6.2,,-7.8,,64.0,1.9,3.1,259.0,263.0,1019.0,3.0,0.0,,25.0
2025-10-22 11:00:00,-6.9,-6.2,,-7.4,,65.0,2.2,3.4,259.0,263.0,1019.2,26.0,0.0,,0.0
2025-10-22 12:00:00,-6.2,-5.8,-5.5,-6.7,-8.6,62.0,2.6,3.8,268.0,266.0,1019.4,91.0,0.0,0.0,0.0
2025-10-22 13:00:00,-5.6,-5.2,,-6.0,,62.0,1.5,3.7,277.0,270.0,1019.7,117.0,0.0,,25.0
2025-10-22 14:00:00,-4.6,-3.9,,-5.3,,61.0,0.6,1.8,301.0,306.0,1019.3,125.0,0.0,,25.0
2025-10-22 15:00:00,-4.5,-4.1,,-5.2,,62.0,0.7,1.7,297.0,291.0,1019.2,113.0,0.0,,0.0
2025-10-22 16:00:00,-4.5,-4.1,,-5.0,,63.0,1.4,2.4,262.0,267.0,1019.0,131.0,0.0,,60.0
2025-10-22 17:00:00,-4.6,-4.1,,-5.3,,61.0,1.6,2.5,261.0,265.0,1018.6,59.0,0.0,,10.0
2025-10-22 18:00:00,-4.9,-4.4,-3.9,-5.4,-8.6,62.0,2.7,3.5,256.0,257.0,1018.4,24.0,0.0,0.0,0.0
2025-10-22 19:00:00,-5.6,-4.5,,-6.5,,66.0,1.5,2.7,260.0,257.0,1018.1,6.0,0.0,,0.0
2025-10-22 20:00:00,-5.5,-5.0,,-6.2,,71.0,2.2,3.4,260.0,261.0,1017.8,0.0,0.0,,0.0
2025-10-22 21:00:00,-5.6,-4.9,,-6.3,,69.0,2.2,3.6,272.0,262.0,1017.3,0.0,0.0,,0.0
2025-10-22 22:00:00,-6.3,-5.9,,-7.0,,63.0,0.2,1.3,207.0,210.0,1017.1,0.0,0.0,,0.0
2025-10-22 23:00:00,-6.6,-5.8,,-7.6,,59.0,0.7,2.8,263.0,240.0,1017.0,0.0,0.0,,0.0
2025-10-23 00:00:00,-6.2,-5.3,-3.9,-6.7,-7.6,55.0,1.0,2.8,262.0,263.0,1016.6,0.0,0.0,0.0,0.0
2025-10-23 01:00:00,-6.3,-5.8,,-6.7,,54.0,0.3,2.3,0.0,201.0,1016.4,0.0,0.0,,0.0
2025-10-23 02:00:00,-6.7,-5.8,,-7.4,,57.0,0.7,2.2,256.0,245.0,1015.8,0.0,0.0,,0.0
2025-10-23 03:00:00,-6.5,-6.0,,-7.1,,53.0,1.3,3.0,258.0,255.0,1015.7,0.0,0.0,,0.0
2025-10-23 04:00:00,-6.7,-6.0,,-7.1,,56.0,1.6,2.9,261.0,261.0,1015.1,0.0,0.0,,0.0
2025-10-23 05:00:00,-6.3,-5.7,,-6.9,,57.0,1.5,3.3,261.0,263.0,1014.5,0.0,0.0,,0.0
2025-10-23 06:00:00,-6.3,-5.9,-4.5,-6.7,-7.6,58.0,0.7,2.3,267.0,250.0,1014.5,0.0,0.0,0.0,75.0
2025-10-23 07:00:00,-6.0,-5.3,,-6.8,,55.0,0.8,2.7,251.0,251.0,1014.3,0.0,0.0,,25.0
2025-10-23 08:00:00,-6.4,-5.1,,-6.9,,61.0,0.6,2.1,227.0,233.0,1014.2,0.0,0.0,,75.0
2025-10-23 09:00:00,-6.1,-5.1,,-6.9,,57.0,1.1,2.4,260.0,258.0,1014.0,0.0,0.0,,0.0
2025-10-23 10:00:00,-6.7,-5.9,,-7.5,,60.0,0.9,2.7,232.0,256.0,1013.9,1.0,0.0,,0.0
2025-10-23 11:00:00,-6.1,-5.5,,-6.8,,56.0,1.5,2.7,255.0,260.0,1013.8,14.0,0.0,,0.0
2025-10-23 12:00:00,-5.7,-4.7,-4.7,-6.6,-7.5,55.0,1.0,2.3,269.0,256.0,1013.8,61.0,0.0,0.0,0.0
2025-10-23 13:00:00,-4.8,-3.8,,-6.1,,53.0,0.6,2.1,271.0,270.0,1013.6,160.0,0.0,,0.0
2025-10-23 14:00:00,-4.6,-4.1,,-5.1,,53.0,0.8,2.1,277.0,264.0,1013.3,187.0,0.0,,0.0
2025-10-23 15:00:00,-4.5,-4.1,,-5.1,,55.0,0.6,1.9,221.0,254.0,1013.0,204.0,0.0,,0.0
2025-10-23 16:00:00,-4.1,-3.2,,-5.0,,54.0,0.7,2.6,259.0,260.0,1012.7,154.0,0.0,,0.0
2025-10-23 17:00:00,-5.0,-4.4,,-5.7,,61.0,0.5,2.1,0.0,242.0,1012.8,31.0,0.0,,0.0
2025-10-23 18:00:00,-4.7,-3.9,-3.2,-5.4,-7.5,63.0,1.4,3.2,254.0,258.0,1012.9,20.0,0.0,0.0,0.0
2025-10-23 19:00:00,-4.7,-3.9,,-5.4,,65.0,1.9,2.7,262.0,260.0,1013.1,5.0,0.0,,0.0
2025-10-23 20:00:00,-4.6,-3.8,,-5.4,,69.0,2.0,3.1,271.0,263.0,1013.1,0.0,0.0,,0.0
2025-10-23 21:00:00,-5.1,-4.6,,-5.7,,70.0,0.5,2.0,270.0,247.0,1013.5,0.0,0.0,,0.0
2025-10-23 22:00:00,-5.5,-4.8,,-6.1,,71.0,0.7,2.5,151.0,253.0,1013.5,0.0,0.0,,0.0
2025-10-23 23:00:00,-5.0,-4.5,,-5.6,,73.0,0.8,2.5,287.0,202.0,1013.7,0.0,0.0,,0.0
2025-10-24 00:00:00,-5.4,-4.6,-3.2,-6.2,-6.2,76.0,0.7,2.2,87.0,229.0,1014.5,0.0,0.0,0.0,0.0
2025-10-24 01:00:00,-5.2,-4.4,,-6.3,,75.0,1.5,3.4,262.0,270.0,1014.4,0.0,0.0,,0.0
2025-10-24 02:00:00,-4.2,-2.9,,-5.1,,72.0,2.2,4.2,147.0,213.0,1014.4,0.0,0.0,,0.0
2025-10-24 03:00:00,-5.1,-2.7,,-6.0,,77.0,0.7,3.6,267.0,288.0,1014.9,0.0,0.0,,0.0
2025-10-24 04:00:00,-4.4,-3.6,,-5.1,,73.0,1.1,4.3,218.0,244.0,1015.5,0.0,0.0,,0.0
2025-10-24 05:00:00,-4.9,-4.0,,-6.0,,77.0,1.2,4.3,264.0,267.0,1015.9,0.0,0.0,,0.0
2025-10-24 06:00:00,-3.8,-2.5,-2.5,-5.1,-6.3,75.0,1.5,4.9,253.0,210.0,1017.1,0.0,0.0,0.0,0.0
2025-10-24 07:00:00,-4.9,-3.7,,-5.6,,84.0,1.0,2.9,258.0,277.0,1018.1,0.0,0.0,,10.0
2025-10-24 08:00:00,-4.1,-3.3,,-4.7,,78.0,1.4,3.4,262.0,249.0,1018.8,0.0,0.0,,0.0
2025-10-24 09:00:00,-4.1,-3.5,,-4.4,,76.0,1.7,3.6,271.0,263.0,1019.4,0.0,0.0,,10.0
2025-10-24 10:00:00,-4.4,-3.4,,-4.9,,77.0,1.2,2.6,260.0,264.0,1020.0,1.0,0.0,,25.0
2025-10-24 11:00:00,-3.9,-2.9,,-5.0,,77.0,0.9,2.5,247.0,258.0,1020.9,13.0,0.0,,0.0
2025-10-24 12:00:00,-3.9,-3.2,-2.5,-5.0,-6.3,77.0,0.7,2.7,238.0,261.0,1021.2,55.0,0.0,0.0,0.0
2025-10-24 13:00:00,-3.3,-2.6,,-4.1,,72.0,0.1,1.7,0.0,294.0,1021.5,150.0,0.0,,0.0
2025-10-24 14:00:00,-3.0,-2.4,,-3.7,,70.0,1.4,3.5,263.0,267.0,1021.5,129.0,0.0,,0.0
2025-10-24 15:00:00,-2.9,-2.2,,-3.3,,71.0,0.4,2.3,0.0,216.0,1021.9,91.0,0.0,,0.0
2025-10-24 16:00:00,-2.8,-2.1,,-3.8,,71.0,0.9,3.3,250.0,260.0,1021.7,160.0,0.0,,0.0
2025-10-24 17:00:00,-3.2,-2.7,,-4.2,,73.0,0.8,2.4,204.0,262.0,1022.1,49.0,0.0,,25.0
2025-10-24 18:00:00,-3.4,-2.9,-2.1,-4.1,-5.6,73.0,0.5,1.7,281.0,263.0,1021.8,27.0,0.0,0.0,25.0
2025-10-24 19:00:00,,,,,,,1.2,2.9,256.0,249.0,1022.2,4.0,0.0,,0.0
2025-10-24 20:00:00,-3.4,-2.7,,-4.1,,76.0,0.6,2.0,292.0,257.0,1022.1,0.0,0.0,,60.0
2025-10-24 21:00:00,-3.2,-2.6,,-3.8,,79.0,0.7,2.0,258.0,247.0,1022.5,0.0,0.0,,100.0
2025-10-24 22:00:00,-3.2,-2.7,,-3.5,,80.0,0.3,1.5,271.0,284.0,1021.4,0.0,0.0,,100.0
2025-10-24 23:00:00,-2.4,-1.9,,-2.9,,81.0,0.9,2.2,274.0,248.0,1021.6,0.0,0.0,,90.0
2025-10-25 01:00:00,-2.0,-1.8,,-2.4,,80.0,0.5,2.0,285.0,270.0,1020.6,0.0,0.0,,100.0
2025-10-25 02:00:00,-1.8,-1.7,,-2.0,,82.0,0.4,1.5,300.0,271.0,1020.1,0.0,0.0,,100.0
2025-10-25 03:00:00,-1.5,-1.2,,-2.1,,80.0,1.3,3.1,150.0,200.0,1019.8,0.0,0.0,,100.0
2025-10-25 04:00:00,-1.0,-0.6,,-1.4,,75.0,1.2,4.1,275.0,188.0,1018.7,0.0,0.0,,100.0
2025-10-25 05:00:00,-1.1,-0.9,,-1.4,,75.0,1.0,2.6,264.0,256.0,1018.1,0.0,0.0,,100.0
2025-10-25 06:00:00,-0.9,-0.5,-0.5,-1.2,-4.1,75.0,1.9,4.0,283.0,259.0,1018.0,0.0,0.0,0.0,100.0
2025-10-25 07:00:00,-0.7,0.2,,-1.2,,75.0,1.1,3.0,264.0,259.0,1017.1,0.0,0.0,,100.0
2025-10-25 08:00:00,0.0,0.5,,-0.4,,69.0,1.5,2.9,260.0,257.0,1016.8,0.0,0.0,,100.0
2025-10-25 09:00:00,-0.3,-0.1,,-0.7,,73.0,1.2,2.5,173.0,166.0,1016.4,0.0,0.0,,100.0
2025-10-25 10:00:00,-0.3,0.0,,-0.5,,71.0,0.5,2.0,159.0,158.0,1015.7,0.0,0.0,,100.0
2025-10-25 11:00:00,-0.3,-0.1,,-0.6,,74.0,2.2,3.4,161.0,161.0,1015.5,8.0,0.0,,100.0
2025-10-25 12:00:00,0.0,0.3,0.5,-0.2,-2.4,71.0,1.5,2.9,143.0,151.0,1015.1,25.0,0.0,0.0,100.0
2025-10-25 13:00:00,0.3,0.4,,0.2,,68.0,1.1,1.9,165.0,164.0,1014.5,55.0,0.0,,100.0
2025-10-25 14:00:00,0.3,0.4,,0.2,,71.0,1.8,2.5,156.0,156.0,1013.9,74.0,0.0,,100.0
2025-10-25 15:00:00,0.3,0.6,,0.0,,73.0,1.4,2.7,169.0,148.0,1013.9,52.0,0.0,,100.0
2025-10-25 16:00:00,0.0,0.1,,-0.2,,79.0,1.5,2.4,150.0,153.0,1013.5,67.0,0.0,,100.0
2025-10-25 17:00:00,-0.4,-0.1,,-0.7,,85.0,2.1,3.8,140.0,143.0,1013.6,46.0,0.0,,100.0
2025-10-25 18:00:00,-0.9,-0.7,0.6,-1.0,-1.2,91.0,0.8,2.8,147.0,163.0,1013.7,14.0,0.2,0.2,100.0
2025-10-25 19:00:00,-1.3,-1.0,,-1.5,,94.0,0.8,2.0,160.0,246.0,1013.7,3.0,0.2,,100.0
2025-10-25 20:00:00,-1.6,-1.4,,-1.9,,96.0,0.6,1.8,261.0,163.0,1013.8,0.0,0.0,,100.0
2025-10-25 21:00:00,-2.1,-1.8,,-2.6,,95.0,1.4,2.1,257.0,261.0,1013.5,0.0,0.0,,90.0
2025-10-25 22:00:00,-3.0,-2.6,,-3.5,,95.0,0.3,1.6,284.0,215.0,1013.4,0.0,0.0,,100.0
2025-10-25 23:00:00,-2.7,-2.5,,-2.9,,96.0,0.4,1.5,204.0,267.0,1013.5,0.0,0.0,,100.0
2025-10-26 00:00:00,-2.9,-2.4,0.6,-3.5,-3.5,98.0,1.5,2.9,259.0,259.0,1013.4,0.0,0.0,0.4,
2025-10-26 01:00:00,-2.7,-2.5,,-2.9,,98.0,1.5,2.9,249.0,253.0,1013.2,0.0,0.0,,
2025-10-26 02:00:00,-3.0,-2.6,,-3.3,,98.0,1.5,3.4,276.0,266.0,1012.9,0.0,0.0,,90.0
2025-10-26 03:00:00,-3.1,-2.4,,-3.8,,98.0,0.7,2.1,302.0,283.0,1012.5,0.0,0.0,,90.0
2025-10-26 04:00:00,-2.9,-2.7,,-3.3,,97.0,0.5,2.4,317.0,334.0,1012.2,0.0,0.0,,0.0
2025-10-26 05:00:00,-3.3,-3.0,,-3.6,,97.0,0.5,2.1,43.0,325.0,1012.0,0.0,0.0,,10.0
2025-10-26 06:00:00,-3.7,-3.2,-1.0,-4.4,-4.4,97.0,0.4,1.8,79.0,65.0,1012.1,0.0,0.0,0.4,0.0
2025-10-26 07:00:00,-4.0,-3.3,,-4.8,,96.0,0.2,1.5,195.0,126.0,1012.2,0.0,0.0,,0.0
2025-10-26 08:00:00,-3.7,-3.1,,-4.4,,92.0,0.4,1.5,300.0,293.0,1012.4,0.0,0.0,,0.0
2025-10-26 09:00:00,-4.0,-3.3,,-4.9,,86.0,1.5,2.9,266.0,261.0,1012.8,0.0,0.0,,0.0
2025-10-26 10:00:00,-4.0,-3.2,,-4.9,,81.0,1.6,2.5,265.0,262.0,1013.2,0.0,0.0,,0.0
2025-10-26 11:00:00,-3.5,-3.1,,-3.8,,81.0,1.1,2.6,261.0,267.0,1013.7,12.0,0.0,,100.0
2025-10-26 12:00:00,-3.0,-2.5,-2.4,-3.6,-4.9,82.0,1.9,3.0,274.0,257.0,1014.0,46.0,0.0,0.4,25.0
2025-10-26 13:00:00,-3.2,-2.7,,-3.7,,84.0,0.8,2.0,289.0,290.0,1014.0,46.0,0.0,,100.0
2025-10-26 14:00:00,-2.2,-1.7,,-2.7,,84.0,1.9,3.3,256.0,272.0,1013.8,83.0,0.0,,100.0
2025-10-26 15:00:00,-1.7,-1.6,,-1.9,,84.0,1.4,3.8,279.0,284.0,1013.6,53.0,0.0,,100.0
2025-10-26 16:00:00,-1.2,-0.9,,-1.6,,80.0,1.1,3.0,278.0,270.0,1013.6,47.0,0.0,,100.0
2025-10-26 17:00:00,-1.1,-0.6,,-1.3,,80.0,1.5,2.7,231.0,252.0,1013.5,41.0,0.0,,100.0
2025-10-26 18:00:00,-1.0,-0.8,-0.6,-1.1,-4.9,80.0,1.0,1.9,151.0,162.0,1013.7,17.0,0.0,0.2,100.0
2025-10-26 19:00:00,-1.2,-0.9,,-1.4,,86.0,2.7,5.0,106.0,119.0,1013.7,1.0,0.0,,100.0
2025-10-26 20:00:00,-1.3,-1.3,,-1.4,,86.0,3.0,6.1,108.0,103.0,1013.4,0.0,0.0,,100.0
2025-10-26 22:00:00,-1.5,-1.2,,-1.9,,84.0,0.5,1.8,255.0,269.0,1012.9,0.0,0.0,,100.0
2025-10-26 23:00:00,-2.1,-1.9,,-2.3,,91.0,1.6,2.5,255.0,254.0,1012.5,0.0,0.1,,100.0
2025-10-27 00:00:00,-2.2,-2.1,-0.6,-2.3,-3.7,91.0,1.6,2.6,256.0,255.0,1012.4,0.0,0.0,0.0,100.0
2025-10-27 01:00:00,-2.2,-2.1,,-2.4,,89.0,1.1,2.1,255.0,257.0,1012.2,0.0,0.0,,100.0
2025-10-27 02:00:00,-2.5,-2.3,,-2.6,,90.0,0.8,1.9,0.0,258.0,1011.8,0.0,0.0,,100.0
2025-10-27 03:00:00,-2.7,-2.5,,-2.9,,90.0,0.9,2.1,251.0,252.0,1011.6,0.0,0.0,,100.0
2025-10-27 04:00:00,-2.9,-2.7,,-3.0,,90.0,2.0,2.8,252.0,257.0,1011.3,0.0,0.1,,100.0
2025-10-27 05:00:00,-3.0,-2.8,,-3.1,,87.0,2.5,3.2,254.0,254.0,1011.1,0.0,0.0,,100.0
2025-10-27 07:00:00,-2.9,-2.8,,-3.1,,87.0,2.4,3.2,251.0,252.0,1011.1,0.0,0.0,,100.0
2025-10-27 08:00:00,-3.0,-2.8,,-3.1,,88.0,1.4,3.3,263.0,267.0,1011.0,0.0,0.0,,100.0
2025-10-27 09:00:00,-2.8,-2.7,,-2.9,,88.0,1.6,3.0,249.0,257.0,1011.2,0.0,0.0,,100.0
2025-10-27 10:00:00,-2.8,-2.6,,-2.9,,91.0,0.8,2.8,0.0,268.0,1011.4,0.0,0.1,,100.0
2025-10-27 11:00:00,-3.0,-2.8,,-3.3,,93.0,0.5,1.6,257.0,266.0,1011.5,9.0,0.1,,100.0
2025-10-27 12:00:00,-2.7,-2.6,-2.1,-2.9,-3.3,90.0,1.2,2.6,173.0,227.0,1011.7,40.0,0.0,0.3,100.0
2025-10-27 13:00:00,-2.0,-1.6,,-2.6,,87.0,1.9,3.3,177.0,162.0,1012.1,90.0,0.0,,100.0
2025-10-27 14:00:00,-1.8,-1.5,,-2.3,,87.0,0.7,2.8,328.0,165.0,1012.2,98.0,0.0,,100.0
2025-10-27 15:00:00,-2.1,-1.8,,-2.3,,90.0,0.0,0.8,266.0,0.0,1012.3,95.0,0.1,,100.0
2025-10-27 16:00:00,-1.9,-1.7,,-2.1,,90.0,0.2,1.2,0.0,268.0,1012.2,81.0,0.3,,100.0
2025-10-27 17:00:00,-2.2,-1.8,,-2.4,,93.0,0.1,0.8,0.0,38.0,1012.3,46.0,0.1,,100.0
2025-10-27 18:00:00,-2.3,-2.2,-1.5,-2.4,-3.3,95.0,0.0,0.1,0.0,0.0,1012.4,20.0,0.0,0.8,100.0
2025-10-27 19:00:00,-2.5,-2.4,,-2.5,,96.0,0.0,0.0,0.0,0.0,1012.4,2.0,0.0,,100.0
2025-10-27 20:00:00,-2.4,-2.3,,-2.5,,96.0,0.2,1.2,138.0,143.0,1012.5,0.0,0.0,,100.0
2025-10-27 21:00:00,-2.1,-2.0,,-2.3,,91.0,0.8,2.1,144.0,144.0,1012.6,0.0,0.0,,100.0
2025-10-27 22:00:00,-2.0,-2.0,,-2.2,,89.0,0.4,1.3,0.0,132.0,1012.4,0.0,0.0,,100.0
2025-10-27 23:00:00,-2.3,-2.2,,-2.4,,94.0,0.1,0.8,164.0,176.0,1012.3,0.0,0.1,,100.0
2025-10-28 00:00:00,-2.3,-2.2,-1.5,-2.3,-2.6,95.0,1.0,2.4,134.0,138.0,1012.3,0.0,0.1,0.9,100.0
2025-10-28 01:00:00,-2.3,-2.2,,-2.4,,94.0,1.1,2.0,128.0,134.0,1012.3,0.0,0.3,,100.0
2025-10-28 02:00:00,-2.3,-2.2,,-2.4,,90.0,2.1,4.6,123.0,119.0,1012.3,0.0,0.1,,100.0
2025-10-28 03:00:00,-2.2,-2.2,,-2.3,,85.0,2.9,5.1,109.0,114.0,1012.1,0.0,0.1,,100.0
2025-10-28 04:00:00,-2.4,-2.3,,-2.6,,89.0,2.1,3.3,114.0,118.0,1012.1,0.0,0.1,,100.0
2025-10-28 05:00:00,-2.8,-2.6,,-2.9,,90.0,1.5,3.5,188.0,128.0,1012.1,0.0,0.2,,100.0
2025-10-28 06:00:00,-2.9,-2.7,-2.0,-3.1,-3.1,90.0,0.6,1.4,248.0,207.0,1012.1,0.0,0.1,1.8,100.0
2025-10-28 07:00:00,-3.1,-3.0,,-3.2,,91.0,1.9,2.7,249.0,254.0,1012.3,0.0,0.0,,100.0
2025-10-28 08:00:00,-2.9,-2.6,,-3.2,,86.0,1.3,2.4,272.0,265.0,1012.4,0.0,0.0,,100.0
2025-10-28 09:00:00,-2.7,-2.6,,-2.9,,82.0,1.4,2.7,263.0,275.0,1012.3,0.0,0.0,,100.0
2025-10-28 10:00:00,-2.6,-2.2,,-2.9,,78.0,1.2,2.7,303.0,287.0,1012.5,0.0,0.0,,100.0
2025-10-28 11:00:00,-2.3,-1.9,,-2.6,,72.0,1.2,3.1,346.0,340.0,1012.7,7.0,0.0,,100.0
2025-10-28 12:00:00,-1.9,-1.8,-1.8,-2.0,-3.2,70.0,1.9,4.2,1.0,4.0,1013.1,38.0,0.0,1.6,100.0
2025-10-28 13:00:00,-2.1,-1.9,,-2.3,,72.0,1.0,2.9,284.0,321.0,1013.4,75.0,0.0,,100.0
2025-10-28 14:00:00,-2.2,-1.9,,-2.5,,70.0,0.8,3.1,302.0,275.0,1013.4,78.0,0.0,,100.0
2025-10-28 15:00:00,-2.1,-1.9,,-2.4,,69.0,1.0,2.6,274.0,274.0,1013.4,82.0,0.0,,100.0
2025-10-28 16:00:00,-2.2,-2.0,,-2.6,,69.0,1.8,4.2,283.0,276.0,1013.7,71.0,0.0,,100.0
2025-10-28 17:00:00,-2.1,-1.9,,-2.5,,65.0,1.2,3.0,277.0,283.0,1014.0,47.0,0.0,,100.0
2025-10-28 18:00:00,-1.6,-1.0,-1.0,-2.1,-3.2,52.0,2.5,9.0,53.0,24.0,1014.5,19.0,0.0,1.1,100.0
2025-10-28 19:00:00,-1.3,-1.0,,-1.9,,44.0,2.9,7.5,304.0,48.0,1014.5,1.0,0.0,,100.0
2025-10-28 20:00:00,-2.1,-1.9,,-2.4,,52.0,1.3,2.6,259.0,284.0,1014.8,0.0,0.0,,100.0
2025-10-28 21:00:00,-2.3,-1.9,,-3.0,,57.0,2.1,4.7,256.0,268.0,1014.8,0.0,0.0,,100.0
2025-10-28 22:00:00,-2.7,-2.2,,-3.4,,57.0,1.2,3.1,305.0,276.0,1014.7,0.0,0.0,,100.0
2025-10-28 23:00:00,-2.5,-1.9,,-2.9,,54.0,1.3,4.4,275.0,266.0,1014.7,0.0,0.0,,100.0
2025-10-29 00:00:00,-2.3,-1.9,-1.0,-3.1,-3.4,49.0,1.2,3.2,268.0,267.0,1014.7,0.0,0.0,0.9,100.0
2025-10-29 01:00:00,-2.5,-2.2,,-2.9,,49.0,1.6,3.0,291.0,273.0,1014.5,0.0,0.0,,100.0
2025-10-29 02:00:00,-2.7,-2.5,,-3.1,,53.0,2.2,4.9,339.0,304.0,1014.2,0.0,0.0,,100.0
2025-10-29 03:00:00,-2.2,-1.8,,-2.6,,63.0,2.8,6.5,318.0,355.0,1014.2,0.0,0.0,,100.0
2025-10-29 04:00:00,-2.1,-1.8,,-2.4,,58.0,0.6,2.9,338.0,262.0,1014.2,0.0,0.0,,100.0
2025-10-29 05:00:00,-2.0,-1.7,,-2.2,,56.0,1.6,5.1,321.0,299.0,1013.9,0.0,0.0,,100.0
2025-10-29 06:00:00,-1.9,-1.4,-1.0,-2.2,-3.4,56.0,2.3,4.4,326.0,337.0,1014.0,0.0,0.0,0.0,100.0
2025-10-29 07:00:00,-2.1,-1.8,,-2.2,,62.0,3.0,5.8,322.0,335.0,1014.0,0.0,0.0,,100.0
2025-10-29 08:00:00,-2.3,-1.9,,-2.7,,62.0,3.6,7.0,300.0,319.0,1013.8,0.0,0.0,,100.0
2025-10-29 09:00:00,-2.9,-2.5,,-3.5,,63.0,2.7,5.6,328.0,308.0,1013.6,0.0,0.0,,100.0
2025-10-29 10:00:00,-2.9,-2.4,,-3.3,,63.0,1.9,4.6,356.0,321.0,1013.5,0.0,0.0,,100.0
2025-10-29 11:00:00,-2.6,-2.5,,-2.9,,64.0,2.5,5.5,342.0,353.0,1013.4,7.0,0.0,,100.0
2025-10-29 12:00:00,-2.7,-2.5,-1.4,-3.0,-3.5,62.0,1.6,4.5,352.0,347.0,1013.1,43.0,0.0,0.0,100.0
2025-10-29 13:00:00,-2.6,-2.4,,-2.9,,62.0,1.5,3.9,347.0,349.0,1012.8,90.0,0.0,,100.0
2025-10-29 14:00:00,-2.7,-2.4,,-3.0,,61.0,2.1,4.6,325.0,341.0,1012.3,76.0,0.0,,75.0
2025-10-29 15:00:00,-2.6,-2.3,,-3.0,,59.0,1.3,4.2,321.0,328.0,1011.8,88.0,0.0,,100.0
2025-10-29 16:00:00,-2.3,-2.1,,-2.6,,57.0,1.8,5.0,337.0,332.0,1011.3,103.0,0.0,,100.0
2025-10-29 17:00:00,-2.4,-2.1,,-2.5,,56.0,1.7,5.0,350.0,340.0,1010.9,52.0,0.0,,100.0
2025-10-29 18:00:00,-2.4,-2.2,-1.8,-2.6,-3.5,56.0,2.4,4.7,332.0,332.0,1010.4,23.0,0.0,0.0,40.0
2025-10-29 19:00:00,-2.5,-2.4,,-2.6,,58.0,2.8,7.6,347.0,337.0,1009.8,1.0,0.0,,90.0
2025-10-29 20:00:00,-2.7,-2.4,,-2.9,,60.0,3.4,6.5,305.0,328.0,1009.4,0.0,0.0,,100.0
2025-10-29 21:00:00,-2.9,-2.6,,-3.0,,59.0,3.0,6.4,301.0,307.0,1008.4,0.0,0.0,,60.0
2025-10-29 22:00:00,-3.0,-2.9,,-3.3,,59.0,1.4,5.4,349.0,330.0,1007.6,0.0,0.0,,100.0
2025-10-29 23:00:00,-2.7,-2.6,,-2.9,,57.0,1.6,4.9,356.0,353.0,1007.2,0.0,0.0,,90.0
2025-10-30 00:00:00,-3.0,-2.7,-2.1,-3.4,-3.4,58.0,1.4,4.4,349.0,337.0,1006.7,0.0,0.0,0.0,75.0
2025-10-30 01:00:00,-3.1,-2.9,,-3.3,,54.0,1.8,6.2,352.0,344.0,1006.4,0.0,0.0,,100.0
2025-10-30 02:00:00,-3.0,-2.8,,-3.3,,53.0,1.4,4.5,333.0,353.0,1005.5,0.0,0.0,,100.0
2025-10-30 03:00:00,-3.5,-2.7,,-5.0,,51.0,1.0,4.6,174.0,346.0,1005.1,0.0,0.0,,50.0
2025-10-30 04:00:00,-4.2,-3.6,,-4.8,,51.0,0.8,2.2,222.0,183.0,1004.6,0.0,0.0,,50.0
2025-10-30 05:00:00,-4.0,-2.7,,-4.7,,51.0,1.1,3.8,248.0,242.0,1004.2,0.0,0.0,,40.0
2025-10-30 06:00:00,-4.1,-2.5,-2.4,-4.8,-5.0,52.0,0.8,3.1,327.0,295.0,1004.2,0.0,0.0,0.0,100.0
2025-10-30 07:00:00,-4.0,-3.2,,-4.6,,49.0,0.9,3.8,12.0,342.0,1004.1,0.0,0.0,,0.0
2025-10-30 08:00:00,-3.7,-3.5,,-4.2,,49.0,2.0,5.0,2.0,359.0,1004.0,0.0,0.0,,10.0
2025-10-30 09:00:00,-4.1,-3.3,,-5.4,,47.0,1.4,5.1,342.0,352.0,1004.1,0.0,0.0,,0.0
2025-10-30 10:00:00,-3.8,-3.2,,-4.6,,45.0,1.3,5.5,344.0,330.0,1004.6,0.0,0.0,,0.0
2025-10-30 11:00:00,-3.9,-3.4,,-4.4,,44.0,0.6,2.5,190.0,333.0,1005.1,7.0,0.0,,50.0
2025-10-30 12:00:00,-4.2,-3.4,-2.5,-5.4,-5.4,46.0,0.8,2.4,211.0,173.0,1005.4,21.0,0.0,0.0,0.0
2025-10-30 13:00:00,-3.5,-2.5,,-5.0,,45.0,1.2,3.3,6.0,277.0,1005.9,73.0,0.0,,0.0
2025-10-30 14:00:00,-3.6,-2.8,,-5.1,,45.0,1.3,3.7,150.0,243.0,1006.2,126.0,0.0,,0.0
2025-10-30 15:00:00,-2.4,-1.9,,-3.0,,43.0,1.3,3.2,43.0,113.0,1006.6,148.0,0.0,,40.0
2025-10-30 16:00:00,-3.3,-2.3,,-4.9,,48.0,3.1,5.3,251.0,254.0,1006.6,133.0,0.0,,0.0
2025-10-30 17:00:00,-3.5,-2.9,,-4.1,,48.0,1.2,4.1,257.0,250.0,1006.9,36.0,0.0,,10.0
2025-10-30 18:00:00,-2.8,-2.1,-1.9,-3.3,-5.4,41.0,1.1,2.8,54.0,264.0,1007.3,19.0,0.0,0.0,0.0
2025-10-30 19:00:00,-3.4,-2.4,,-4.3,,48.0,0.5,1.9,219.0,218.0,1007.7,1.0,0.0,,0.0
2025-10-30 20:00:00,-4.4,-3.7,,-5.7,,50.0,1.2,3.3,265.0,257.0,1007.7,0.0,0.0,,10.0
2025-10-30 21:00:00,-3.5,-2.6,,-4.5,,46.0,2.3,3.9,257.0,262.0,1007.4,0.0,0.0,,100.0
2025-10-30 22:00:00,-2.9,-2.2,,-3.4,,46.0,0.7,2.3,229.0,210.0,1007.1,0.0,0.0,,100.0
2025-10-30 23:00:00,-2.6,-1.8,,-3.3,,48.0,1.4,2.8,263.0,259.0,1006.8,0.0,0.0,,100.0
2025-10-31 00:00:00,-1.9,-1.1,-1.1,-2.7,-5.7,44.0,1.6,2.9,242.0,256.0,1006.7,0.0,0.0,0.0,100.0
2025-10-31 01:00:00,-2.2,-1.3,,-3.1,,45.0,1.5,3.3,260.0,260.0,1006.2,0.0,0.0,,75.0
2025-10-31 02:00:00,-1.4,-1.0,,-2.2,,42.0,2.1,3.2,261.0,262.0,1005.7,0.0,0.0,,90.0
2025-10-31 03:00:00,-1.8,-0.7,,-2.4,,42.0,2.3,3.7,257.0,260.0,1005.2,0.0,0.0,,40.0
2025-10-31 04:00:00,-1.9,-0.9,,-2.8,,43.0,2.7,4.7,262.0,261.0,1004.8,0.0,0.0,,100.0
2025-10-31 05:00:00,-1.0,-0.1,,-2.6,,46.0,2.3,4.1,258.0,261.0,1004.5,0.0,0.0,,100.0
2025-10-31 06:00:00,-0.2,0.3,0.3,-1.5,-5.7,50.0,0.9,3.7,189.0,270.0,1004.7,0.0,0.0,0.0,100.0
2025-10-31 07:00:00,0.3,0.7,,-0.3,,55.0,0.3,1.3,170.0,107.0,1004.5,0.0,0.0,,100.0
2025-10-31 08:00:00,0.6,1.6,,-0.3,,63.0,2.1,4.4,237.0,239.0,1004.0,0.0,0.0,,100.0
2025-10-31 09:00:00,0.3,1.7,,-0.7,,61.0,0.7,3.4,64.0,3.0,1004.0,0.0,0.0,,100.0
2025-10-31 10:00:00,0.5,0.9,,-0.1,,51.0,0.5,2.4,201.0,64.0,1003.9,0.0,0.0,,100.0
2025-10-31 11:00:00,-0.3,0.4,,-0.8,,69.0,2.4,5.1,153.0,151.0,1003.6,4.0,0.0,,100.0
2025-10-31 12:00:00,-0.5,-0.3,1.7,-0.7,-3.1,77.0,2.6,5.0,142.0,152.0,1003.7,19.0,0.1,0.0,100.0
2025-10-31 13:00:00,-0.7,-0.4,,-0.8,,86.0,2.2,4.3,183.0,158.0,1003.7,40.0,0.0,,100.0
2025-10-31 14:00:00,-0.9,-0.7,,-1.4,,88.0,0.4,2.5,0.0,181.0,1003.3,55.0,0.0,,100.0
2025-10-31 15:00:00,-0.8,-0.5,,-1.3,,87.0,1.5,5.1,130.0,114.0,1002.9,40.0,0.1,,100.0
2025-10-31 16:00:00,-0.6,-0.3,,-0.7,,86.0,1.3,3.4,233.0,180.0,1002.6,39.0,0.0,,100.0
2025-10-31 17:00:00,-0.7,-0.3,,-0.9,,83.0,2.7,4.6,257.0,250.0,1002.2,23.0,0.0,,100.0
2025-10-31 18:00:00,-0.6,-0.4,1.7,-0.8,-1.4,81.0,2.6,5.0,316.0,296.0,1002.4,8.0,0.0,0.1,100.0
2025-10-31 19:00:00,-0.7,-0.1,,-0.9,,81.0,1.2,4.2,308.0,313.0,1002.2,0.0,0.0,,100.0
2025-10-31 20:00:00,0.3,0.8,,-0.6,,71.0,3.8,6.7,345.0,288.0,1002.1,0.0,0.0,,100.0
2025-10-31 21:00:00,0.3,0.6,,-0.4,,68.0,1.2,3.1,198.0,354.0,1001.9,0.0,0.0,,100.0
2025-10-31 22:00:00,-0.4,0.1,,-1.0,,68.0,1.2,3.0,267.0,263.0,1001.2,0.0,0.0,,100.0
2025-10-31 23:00:00,-0.4,0.3,,-0.9,,67.0,1.3,2.8,328.0,291.0,1000.6,0.0,0.0,,90.0
2025-11-01 00:00:00,0.8,1.2,1.2,0.4,-1.4,55.0,1.6,5.8,20.0,4.0,1000.2,0.0,0.0,0.1,90.0
2025-11-01 01:00:00,1.0,1.4,,0.7,,52.0,0.8,3.0,26.0,55.0,999.8,0.0,0.0,,75.0
2025-11-01 02:00:00,1.3,2.2,,0.8,,52.0,2.6,6.7,141.0,127.0,999.8,0.0,0.0,,100.0
2025-11-01 03:00:00,0.9,1.4,,0.5,,57.0,1.9,4.0,194.0,183.0,999.5,0.0,0.0,,100.0
2025-11-01 04:00:00,0.5,1.0,,0.0,,61.0,1.3,3.5,150.0,186.0,999.1,0.0,0.0,,100.0
2025-11-01 05:00:00,-0.1,0.2,,-0.3,,69.0,0.5,2.9,44.0,270.0,999.6,0.0,0.0,,100.0
2025-11-01 06:00:00,-0.1,0.8,2.2,-0.7,-1.0,67.0,4.2,8.5,271.0,271.0,998.7,0.0,0.0,0.1,100.0
2025-11-01 07:00:00,0.8,2.4,,0.1,,64.0,2.8,7.9,185.0,213.0,998.6,0.0,0.0,,100.0
2025-11-01 08:00:00,0.4,0.8,,-0.2,,66.0,2.1,4.8,253.0,245.0,998.6,0.0,0.0,,100.0
2025-11-01 09:00:00,0.5,1.7,,-0.2,,66.0,1.0,3.5,7.0,307.0,998.3,0.0,0.0,,100.0
2025-11-01 10:00:00,1.4,1.9,,0.8,,57.0,3.2,7.1,154.0,170.0,998.4,0.0,0.0,,100.0
2025-11-01 11:00:00,1.8,2.0,,1.5,,59.0,2.8,5.6,148.0,150.0,998.5,1.0,0.0,,100.0
2025-11-01 12:00:00,0.7,1.5,2.4,0.3,-0.7,68.0,0.6,2.6,282.0,307.0,998.3,12.0,0.0,0.0,100.0
2025-11-01 13:00:00,0.4,0.7,,0.2,,71.0,0.9,3.8,255.0,259.0,998.0,29.0,0.0,,100.0
2025-11-01 14:00:00,0.4,0.7,,0.1,,72.0,0.8,3.1,152.0,159.0,997.9,36.0,0.0,,100.0
2025-11-01 15:00:00,0.5,0.6,,0.4,,75.0,1.2,2.7,261.0,164.0,997.8,34.0,0.0,,100.0
2025-11-01 16:00:00,0.1,0.5,,-0.2,,77.0,0.0,0.9,0.0,0.0,997.4,25.0,0.0,,100.0
2025-11-01 17:00:00,-0.4,0.0,,-0.7,,85.0,0.2,2.3,0.0,59.0,997.5,12.0,0.3,,100.0
2025-11-01 18:00:00,-0.9,-0.7,2.4,-1.2,-1.2,93.0,0.1,1.1,301.0,301.0,997.2,3.0,0.7,0.9,
2025-11-01 19:00:00,-1.1,-0.9,,-1.2,,97.0,0.6,1.9,161.0,240.0,997.2,0.0,0.6,,100.0
2025-11-01 20:00:00,-0.8,-0.3,,-1.2,,96.0,1.6,4.2,283.0,281.0,996.9,0.0,0.3,,100.0
2025-11-01 21:00:00,-0.1,0.4,,-0.6,,91.0,3.9,6.3,287.0,261.0,996.5,0.0,0.0,,100.0
2025-11-01 22:00:00,0.2,1.9,,-0.3,,87.0,0.9,3.5,207.0,261.0,996.1,0.0,0.0,,100.0
2025-11-01 23:00:00,3.0,3.5,,1.2,,64.0,1.8,8.6,50.0,82.0,995.9,1.0,0.0,,100.0
2025-11-02 00:00:00,3.3,3.8,3.8,3.0,-1.2,64.0,3.3,12.0,45.0,47.0,995.2,0.0,0.0,1.9,100.0
2025-11-02 01:00:00,3.5,3.9,,3.3,,64.0,4.6,16.7,21.0,35.0,994.6,0.0,0.0,,100.0
2025-11-02 02:00:00,3.8,4.4,,3.3,,64.0,4.1,11.5,57.0,37.0,993.9,0.0,0.0,,100.0
2025-11-02 03:00:00,3.8,4.6,,2.7,,63.0,4.0,12.5,140.0,126.0,993.3,0.0,0.0,,100.0
2025-11-02 04:00:00,4.1,5.1,,2.6,,59.0,4.9,12.8,69.0,90.0,993.0,0.0,0.0,,100.0
2025-11-02 05:00:00,5.1,5.3,,4.8,,53.0,9.4,21.0,79.0,81.0,992.6,0.0,0.0,,100.0
2025-11-02 06:00:00,5.2,5.4,5.4,4.9,-1.2,52.0,8.9,21.5,73.0,77.0,992.7,0.0,0.0,1.9,100.0
2025-11-02 07:00:00,4.0,5.1,,3.1,,58.0,7.1,19.3,122.0,106.0,992.6,0.0,0.0,,100.0
2025-11-02 08:00:00,3.5,3.9,,3.2,,60.0,6.1,13.5,97.0,104.0,992.5,0.0,0.0,,100.0
2025-11-02 09:00:00,3.5,3.9,,3.1,,59.0,8.3,22.1,99.0,100.0,992.8,0.0,0.0,,100.0
2025-11-02 10:00:00,3.6,4.0,,3.1,,61.0,10.1,20.4,89.0,89.0,992.4,0.0,0.0,,100.0
2025-11-02 11:00:00,3.1,3.8,,2.6,,68.0,8.3,16.6,97.0,97.0,993.0,0.0,0.0,,100.0
2025-11-02 12:00:00,2.8,3.2,5.4,2.4,2.4,70.0,8.0,15.4,98.0,101.0,992.7,5.0,0.0,1.9,100.0
2025-11-02 13:00:00,3.3,3.9,,2.6,,65.0,8.8,20.1,105.0,95.0,992.5,15.0,0.0,,100.0
2025-11-02 14:00:00,3.7,4.3,,3.0,,62.0,8.1,19.8,85.0,92.0,991.9,19.0,0.1,,100.0
2025-11-02 15:00:00,3.9,4.3,,3.4,,60.0,7.3,18.9,61.0,88.0,991.9,23.0,0.0,,100.0
2025-11-02 16:00:00,4.0,4.4,,3.4,,60.0,7.1,18.2,97.0,83.0,991.6,22.0,0.0,,100.0
2025-11-02 17:00:00,3.9,4.4,,2.9,,60.0,6.4,16.0,83.0,86.0,991.4,10.0,0.0,,100.0
2025-11-02 18:00:00,4.0,4.3,5.1,3.6,2.4,60.0,6.4,17.0,49.0,76.0,991.8,1.0,0.0,0.9,100.0
2025-11-02 19:00:00,4.2,4.6,,3.6,,58.0,5.3,15.8,64.0,55.0,991.7,0.0,0.0,,100.0
2025-11-02 20:00:00,4.0,4.4,,3.7,,60.0,5.6,14.0,39.0,49.0,991.6,0.0,0.0,,100.0
2025-11-02 21:00:00,3.8,4.2,,3.3,,62.0,6.6,17.9,48.0,56.0,991.1,0.0,0.0,,100.0
2025-11-02 22:00:00,3.6,4.1,,3.3,,63.0,3.2,10.1,32.0,51.0,991.5,0.0,0.0,,100.0
2025-11-02 23:00:00,3.4,3.6,,3.1,,63.0,3.1,12.2,54.0,65.0,991.7,0.0,0.0,,100.0
2025-11-03 00:00:00,3.0,3.4,4.6,2.6,2.6,65.0,2.3,9.4,337.0,281.0,991.6,0.0,0.0,0.0,90.0
2025-11-03 01:00:00,2.9,3.5,,2.6,,65.0,2.4,8.3,339.0,257.0,991.2,0.0,0.0,,100.0
2025-11-03 02:00:00,3.6,3.9,,3.1,,59.0,3.1,11.3,61.0,70.0,991.0,0.0,0.0,,100.0
2025-11-03 03:00:00,4.0,4.2,,3.7,,53.0,5.7,14.4,88.0,63.0,991.0,0.0,0.0,,100.0
2025-11-03 04:00:00,3.9,4.2,,3.6,,53.0,5.8,13.1,88.0,79.0,990.7,0.0,0.0,,100.0
2025-11-03 05:00:00,3.3,3.6,,2.7,,58.0,2.4,8.0,282.0,93.0,990.8,0.0,0.0,,100.0
2025-11-03 06:00:00,2.4,2.7,4.6,2.1,2.1,64.0,1.2,5.6,285.0,317.0,991.0,0.0,0.0,0.0,100.0
2025-11-03 07:00:00,2.3,2.6,,2.1,,63.0,2.2,4.9,318.0,317.0,991.2,0.0,0.0,,100.0
2025-11-03 08:00:00,2.2,2.6,,1.8,,66.0,1.4,4.8,318.0,318.0,991.3,0.0,0.0,,100.0
2025-11-03 09:00:00,1.7,2.0,,1.5,,77.0,0.9,3.4,179.0,299.0,991.6,0.0,0.0,,100.0
2025-11-03 10:00:00,1.8,2.6,,1.5,,74.0,1.9,3.8,245.0,208.0,991.5,0.0,0.0,,100.0
2025-11-03 11:00:00,1.6,2.2,,1.3,,73.0,1.6,3.1,149.0,155.0,991.7,0.0,0.0,,100.0
2025-11-03 12:00:00,1.4,1.8,4.2,0.9,0.9,77.0,1.4,3.1,123.0,138.0,992.2,9.0,0.0,0.0,100.0
2025-11-03 13:00:00,1.0,1.2,,0.8,,81.0,0.5,2.1,58.0,12.0,992.1,21.0,0.0,,100.0
2025-11-03 14:00:00,0.9,1.2,,0.7,,83.0,0.4,1.9,263.0,261.0,991.6,39.0,0.0,,100.0
2025-11-03 15:00:00,1.3,1.5,,1.1,,78.0,1.0,3.2,129.0,185.0,991.3,44.0,0.0,,100.0
2025-11-03 16:00:00,1.1,1.4,,0.7,,80.0,1.0,2.8,306.0,301.0,991.2,33.0,0.0,,100.0
2025-11-03 17:00:00,1.0,1.2,,0.7,,80.0,1.1,3.6,255.0,265.0,991.2,19.0,0.0,,100.0
2025-11-03 18:00:00,0.8,1.2,2.6,0.6,0.6,80.0,1.9,4.3,268.0,260.0,991.5,6.0,0.0,0.0,100.0
2025-11-03 19:00:00,0.9,1.2,,0.6,,78.0,2.2,3.6,275.0,262.0,991.8,0.0,0.0,,100.0
2025-11-03 20:00:00,1.0,1.4,,0.8,,77.0,1.4,3.3,285.0,268.0,991.6,0.0,0.0,,100.0
2025-11-03 21:00:00,1.1,1.3,,0.7,,76.0,1.2,3.0,45.0,20.0,991.6,0.0,0.0,,100.0
2025-11-03 22:00:00,1.3,1.6,,1.0,,75.0,1.2,3.6,252.0,262.0,991.8,0.0,0.0,,100.0
2025-11-03 23:00:00,1.2,1.6,,1.0,,73.0,1.5,4.0,334.0,266.0,992.1,0.0,0.0,,100.0
2025-11-04 00:00:00,1.3,1.8,1.8,1.1,0.6,72.0,0.4,1.2,344.0,338.0,992.1,0.0,0.0,0.0,100.0
2025-11-04 01:00:00,1.4,1.5,,1.1,,74.0,0.2,1.5,191.0,360.0,992.0,0.0,0.0,,100.0
2025-11-04 02:00:00,1.5,1.9,,1.0,,68.0,0.4,1.9,267.0,271.0,991.9,0.0,0.0,,100.0
2025-11-04 03:00:00,2.0,2.6,,1.3,,68.0,0.9,3.6,261.0,259.0,991.6,0.0,0.0,,100.0
2025-11-04 04:00:00,1.7,2.1,,1.2,,70.0,0.3,1.2,173.0,131.0,991.9,0.0,0.0,,100.0
2025-11-04 05:00:00,1.2,1.5,,0.8,,74.0,0.5,2.5,256.0,251.0,992.0,0.0,0.0,,100.0
2025-11-04 06:00:00,1.4,1.6,2.6,1.2,0.6,74.0,1.3,2.6,0.0,267.0,992.2,0.0,0.0,0.0,100.0
2025-11-04 07:00:00,1.4,1.9,,1.0,,75.0,0.9,2.2,270.0,263.0,992.3,0.0,0.0,,100.0
2025-11-04 08:00:00,1.3,1.6,,0.9,,76.0,0.5,1.9,150.0,162.0,992.8,0.0,0.0,,100.0
2025-11-04 09:00:00,1.2,1.7,,0.8,,75.0,1.2,2.5,262.0,251.0,993.3,0.0,0.0,,100.0
2025-11-04 10:00:00,0.9,1.3,,0.5,,76.0,2.1,3.3,267.0,266.0,993.8,0.0,0.0,,100.0
2025-11-04 11:00:00,1.0,1.3,,0.6,,74.0,1.5,3.3,0.0,266.0,994.2,3.0,0.0,,100.0
2025-11-04 12:00:00,0.6,1.3,2.6,0.3,0.3,75.0,0.6,3.0,269.0,264.0,994.6,18.0,0.0,0.0,100.0
2025-11-04 13:00:00,1.3,2.2,,0.8,,70.0,0.4,1.5,176.0,264.0,994.8,49.0,0.0,,100.0
2025-11-04 14:00:00,1.9,2.8,,1.4,,68.0,1.5,5.1,333.0,150.0,995.4,64.0,0.0,,100.0
2025-11-04 15:00:00,1.7,2.3,,1.0,,70.0,1.3,3.6,258.0,260.0,995.7,57.0,0.0,,100.0
2025-11-04 16:00:00,2.0,2.7,,1.4,,69.0,0.8,2.6,265.0,268.0,996.1,48.0,0.0,,100.0
2025-11-04 17:00:00,2.3,2.5,,1.8,,67.0,1.5,3.5,296.0,263.0,996.7,25.0,0.0,,100.0
2025-11-04 18:00:00,2.4,3.0,3.0,1.7,0.3,65.0,0.8,2.0,275.0,279.0,997.7,7.0,0.0,0.0,100.0
2025-11-04 19:00:00,2.8,3.2,,2.4,,62.0,1.2,3.8,262.0,265.0,998.4,0.0,0.0,,100.0
2025-11-04 20:00:00,2.8,3.4,,1.9,,62.0,0.9,3.4,186.0,197.0,999.5,0.0,0.0,,100.0
2025-11-04 21:00:00,2.6,3.6,,2.0,,63.0,2.4,4.1,254.0,256.0,1000.1,0.0,0.0,,100.0
2025-11-04 22:00:00,2.2,4.1,,1.5,,66.0,0.7,2.9,0.0,245.0,1000.9,0.0,0.0,,100.0
2025-11-04 23:00:00,1.8,2.3,,1.5,,68.0,0.3,1.5,0.0,188.0,1001.7,0.0,0.0,,100.0
2025-11-05 00:00:00,1.9,2.7,4.1,0.8,0.8,67.0,0.3,1.5,279.0,238.0,1002.3,0.0,0.0,0.0,100.0
2025-11-05 01:00:00,1.6,2.6,,0.8,,69.0,0.9,2.3,263.0,266.0,1002.9,0.0,0.0,,100.0
2025-11-05 02:00:00,2.2,2.5,,1.9,,65.0,1.5,3.0,183.0,179.0,1003.8,0.0,0.0,,100.0
2025-11-05 03:00:00,1.6,2.7,,0.6,,69.0,1.6,3.7,262.0,255.0,1004.1,0.0,0.0,,100.0
2025-11-05 04:00:00,2.1,2.5,,1.9,,65.0,2.1,3.5,267.0,266.0,1004.7,0.0,0.0,,100.0
2025-11-05 05:00:00,2.2,2.6,,1.8,,66.0,1.0,2.9,0.0,269.0,1005.4,0.0,0.0,,100.0
2025-11-05 06:00:00,2.3,2.8,4.1,1.5,0.6,66.0,1.6,3.2,285.0,269.0,1006.2,0.0,0.0,0.0,100.0
2025-11-05 07:00:00,2.1,2.7,,1.5,,67.0,0.1,1.2,65.0,36.0,1007.0,0.0,0.0,,100.0
2025-11-05 08:00:00,2.2,3.1,,1.6,,66.0,0.6,2.0,92.0,167.0,1007.7,0.0,0.0,,100.0
2025-11-05 09:00:00,2.6,3.3,,1.5,,63.0,1.4,3.0,138.0,149.0,1007.9,0.0,0.0,,100.0
2025-11-05 10:00:00,2.5,3.3,,1.2,,62.0,1.3,3.2,93.0,139.0,1008.7,0.0,0.0,,100.0
2025-11-05 11:00:00,1.8,2.4,,0.2,,66.0,1.1,2.5,133.0,146.0,1009.3,2.0,0.0,,100.0
2025-11-05 12:00:00,1.7,2.0,3.3,1.2,0.2,69.0,1.3,3.4,145.0,146.0,1010.1,15.0,0.0,0.0,100.0
2025-11-05 13:00:00,1.6,1.8,,1.3,,71.0,1.4,3.7,65.0,170.0,1010.6,42.0,0.0,,100.0
2025-11-05 14:00:00,1.4,1.7,,1.2,,74.0,2.0,4.5,147.0,157.0,1011.0,63.0,0.0,,90.0
2025-11-05 15:00:00,1.6,1.8,,1.4,,74.0,2.1,3.9,183.0,162.0,1011.3,83.0,0.0,,50.0
2025-11-05 16:00:00,1.1,1.7,,0.6,,74.0,1.2,3.1,258.0,255.0,1011.4,68.0,0.0,,100.0
2025-11-05 17:00:00,0.3,0.7,,-0.6,,75.0,2.4,3.8,253.0,255.0,1011.6,21.0,0.0,,0.0
2025-11-05 18:00:00,-0.2,0.6,3.3,-0.7,-0.7,75.0,2.2,4.0,229.0,254.0,1012.1,7.0,0.0,0.0,0.0
2025-11-05 19:00:00,-0.7,0.4,,-1.4,,76.0,0.6,2.7,234.0,227.0,1012.5,0.0,0.0,,0.0
2025-11-05 20:00:00,-0.8,-0.2,,-1.6,,74.0,1.3,3.2,261.0,254.0,1013.2,0.0,0.0,,25.0
2025-11-05 21:00:00,-0.7,-0.2,,-1.3,,71.0,2.3,3.8,262.0,261.0,1013.4,0.0,0.0,,25.0
2025-11-05 22:00:00,-0.5,0.4,,-1.1,,71.0,2.1,3.2,161.0,202.0,1013.8,0.0,0.0,,60.0
2025-11-05 23:00:00,-0.6,0.5,,-1.5,,73.0,0.5,2.4,287.0,130.0,1014.0,0.0,0.0,,100.0
2025-11-06 00:00:00,-0.6,0.1,1.8,-1.7,-1.7,73.0,2.4,3.7,270.0,257.0,1014.2,0.0,0.0,0.0,100.0
2025-11-06 01:00:00,-0.3,0.3,,-0.9,,72.0,1.6,3.7,263.0,260.0,1014.3,0.0,0.0,,100.0
2025-11-06 02:00:00,-0.1,0.1,,-0.5,,72.0,1.7,2.8,154.0,176.0,1014.5,0.0,0.0,,90.0
2025-11-06 03:00:00,-0.7,-0.2,,-1.4,,72.0,0.7,2.3,216.0,200.0,1014.3,0.0,0.0,,100.0
2025-11-06 04:00:00,-0.2,0.1,,-0.5,,68.0,0.3,2.6,297.0,317.0,1014.1,0.0,0.0,,100.0
2025-11-06 05:00:00,-0.1,0.9,,-0.6,,67.0,1.4,3.0,5.0,163.0,1014.5,0.0,0.0,,90.0
2025-11-06 06:00:00,0.1,0.3,0.9,-0.6,-1.7,66.0,1.1,3.1,266.0,313.0,1014.7,0.0,0.0,0.0,100.0
2025-11-06 07:00:00,-0.4,0.2,,-1.0,,68.0,2.2,3.9,276.0,258.0,1015.0,0.0,0.0,,100.0
2025-11-06 08:00:00,-0.2,0.2,,-0.6,,66.0,2.1,3.3,242.0,255.0,1015.0,0.0,0.0,,100.0
2025-11-06 09:00:00,0.2,0.8,,-0.6,,63.0,1.4,3.6,282.0,189.0,1015.3,0.0,0.0,,100.0
2025-11-06 10:00:00,0.4,1.0,,0.1,,60.0,1.1,3.4,103.0,252.0,1015.5,0.0,0.0,,100.0
2025-11-06 11:00:00,0.1,0.4,,-0.5,,65.0,1.1,2.9,163.0,127.0,1016.0,1.0,0.0,,100.0
2025-11-06 12:00:00,-0.2,0.3,1.0,-0.6,-1.4,66.0,0.7,2.4,177.0,174.0,1016.3,16.0,0.0,0.0,100.0
2025-11-06 13:00:00,-0.5,-0.1,,-1.4,,66.0,1.3,2.7,260.0,272.0,1016.4,30.0,0.0,,100.0
2025-11-06 14:00:00,-0.9,-0.6,,-1.6,,66.0,2.4,4.0,262.0,260.0,1016.1,53.0,0.0,,100.0
2025-11-06 15:00:00,-0.3,-0.1,,-0.8,,63.0,1.2,3.8,156.0,274.0,1015.9,54.0,0.0,,100.0
2025-11-06 16:00:00,-0.3,0.3,,-0.8,,65.0,1.2,2.7,131.0,166.0,1015.6,43.0,0.0,,90.0
2025-11-06 17:00:00,-0.9,-0.3,,-2.3,,65.0,1.0,2.0,182.0,170.0,1015.5,19.0,0.0,,100.0
2025-11-06 18:00:00,-1.4,-0.6,1.0,-1.9,-2.3,66.0,0.8,2.5,265.0,234.0,1015.8,5.0,0.0,0.0,10.0
2025-11-06 19:00:00,-1.6,-0.7,,-2.3,,66.0,1.5,2.6,172.0,192.0,1016.0,0.0,0.0,,25.0
2025-11-06 20:00:00,-1.9,-1.1,,-2.6,,66.0,0.9,3.0,168.0,234.0,1016.2,0.0,0.0,,10.0
2025-11-06 21:00:00,-2.1,-1.7,,-2.7,,69.0,1.9,3.8,152.0,162.0,1016.2,0.0,0.0,,0.0
2025-11-06 22:00:00,-2.9,-1.9,,-3.5,,73.0,1.0,2.7,273.0,261.0,1016.3,0.0,0.0,,0.0
2025-11-06 23:00:00,-2.8,-2.2,,-3.4,,70.0,2.5,3.6,258.0,256.0,1016.1,0.0,0.0,,0.0
2025-11-07 00:00:00,-3.1,-2.8,0.3,-3.5,-3.5,67.0,2.0,3.5,270.0,264.0,1016.0,0.0,0.0,0.0,25.0
2025-11-07 01:00:00,-3.4,-2.8,,-3.9,,69.0,0.8,2.3,168.0,230.0,1015.7,0.0,0.0,,0.0
2025-11-07 02:00:00,-3.7,-3.0,,-4.4,,71.0,0.8,3.1,257.0,261.0,1015.3,0.0,0.0,,0.0
2025-11-07 03:00:00,-3.4,-3.0,,-3.7,,65.0,2.0,3.6,271.0,260.0,1014.8,0.0,0.0,,0.0
2025-11-07 04:00:00,-3.4,-2.8,,-4.3,,62.0,2.1,3.6,262.0,266.0,1014.6,0.0,0.0,,0.0
2025-11-07 05:00:00,-3.1,-2.6,,-3.9,,59.0,1.8,4.1,261.0,258.0,1014.4,0.0,0.0,,0.0
2025-11-07 06:00:00,-3.0,-1.4,-0.7,-4.1,-4.4,57.0,2.3,4.3,254.0,264.0,1014.4,0.0,0.0,0.0,0.0
2025-11-07 07:00:00,-2.7,-2.2,,-4.0,,61.0,1.7,3.4,260.0,171.0,1014.6,0.0,0.0,,0.0
2025-11-07 08:00:00,-4.3,-3.9,,-4.7,,69.0,0.5,2.1,259.0,249.0,1014.9,0.0,0.0,,0.0
2025-11-07 09:00:00,-3.9,-3.1,,-4.6,,61.0,1.8,3.3,259.0,259.0,1014.8,0.0,0.0,,0.0
2025-11-07 10:00:00,-4.0,-2.9,,-5.2,,60.0,2.2,4.1,203.0,259.0,1015.0,0.0,0.0,,0.0
2025-11-07 11:00:00,-4.2,-3.2,,-4.9,,62.0,0.7,2.8,254.0,247.0,1015.1,1.0,0.0,,0.0
2025-11-07 12:00:00,-4.0,-3.5,-1.4,-4.7,-5.2,59.0,1.8,3.7,255.0,266.0,1015.1,13.0,0.0,0.0,0.0
2025-11-07 13:00:00,-3.5,-2.7,,-4.2,,57.0,1.1,3.1,270.0,270.0,1014.7,23.0,0.0,,0.0
2025-11-07 14:00:00,-2.5,-1.7,,-3.5,,56.0,1.2,3.6,261.0,250.0,1014.2,37.0,0.0,,0.0
2025-11-07 15:00:00,-3.2,-2.6,,-3.6,,57.0,1.1,3.3,200.0,258.0,1014.0,29.0,0.0,,0.0
2025-11-07 16:00:00,-3.4,-2.4,,-4.1,,65.0,0.6,2.3,251.0,246.0,1013.8,43.0,0.0,,50.0
2025-11-07 17:00:00,-2.8,-2.0,,-4.0,,59.0,2.0,3.2,261.0,264.0,1013.9,22.0,0.0,,100.0
2025-11-07 18:00:00,-2.6,-1.9,-1.7,-3.3,-5.2,60.0,1.4,2.9,266.0,259.0,1014.2,5.0,0.0,0.0,100.0
2025-11-07 19:00:00,-2.5,-2.1,,-2.9,,58.0,2.5,3.5,261.0,263.0,1014.0,0.0,0.0,,90.0
2025-11-07 20:00:00,-2.3,-2.0,,-2.7,,56.0,2.1,3.3,273.0,263.0,1013.9,0.0,0.0,,90.0
2025-11-07 21:00:00,-2.0,-1.1,,-2.7,,57.0,1.0,3.2,117.0,128.0,1014.1,0.0,0.0,,100.0
2025-11-07 22:00:00,-1.8,-0.8,,-2.8,,61.0,1.1,4.9,325.0,104.0,1014.4,0.0,0.0,,100.0
2025-11-07 23:00:00,-2.1,-1.6,,-2.8,,65.0,0.2,1.6,201.0,151.0,1015.0,0.0,0.0,,100.0
2025-11-08 00:00:00,-1.5,-0.9,-0.7,-2.1,-4.2,63.0,1.8,3.8,261.0,252.0,1015.4,0.0,0.0,0.0,100.0
2025-11-08 01:00:00,-1.5,-0.4,,-1.9,,64.0,0.8,2.9,252.0,266.0,1015.4,0.0,0.0,,100.0
2025-11-08 02:00:00,-1.2,-0.8,,-1.7,,64.0,1.2,3.5,266.0,268.0,1015.0,0.0,0.0,,100.0
2025-11-08 03:00:00,0.4,2.0,,-1.1,,56.0,2.5,4.9,169.0,250.0,1014.4,0.0,0.0,,100.0
2025-11-08 04:00:00,1.8,2.7,,0.6,,47.0,1.8,4.4,111.0,158.0,1014.2,0.0,0.0,,100.0
2025-11-08 05:00:00,3.5,4.8,,1.5,,37.0,2.5,10.7,67.0,55.0,1014.1,0.0,0.0,,100.0
2025-11-08 06:00:00,4.4,4.7,4.8,3.8,-2.9,34.0,3.2,9.2,73.0,58.0,1014.5,0.0,0.0,0.0,100.0
2025-11-08 07:00:00,4.6,4.9,,4.2,,34.0,2.9,10.9,83.0,74.0,1015.3,0.0,0.0,,100.0
2025-11-08 08:00:00,4.5,4.8,,4.2,,33.0,3.7,13.3,103.0,79.0,1015.8,0.0,0.0,,100.0
2025-11-08 09:00:00,4.6,4.9,,4.2,,33.0,2.8,12.0,45.0,41.0,1017.1,0.0,0.0,,100.0
2025-11-08 10:00:00,4.7,5.0,,4.3,,33.0,4.0,14.9,67.0,50.0,1018.2,0.0,0.0,,100.0
2025-11-08 11:00:00,4.3,4.6,,4.0,,33.0,3.7,12.3,56.0,51.0,1018.7,0.0,0.0,,100.0
2025-11-08 12:00:00,4.1,4.3,5.0,3.8,-1.9,32.0,5.3,15.6,47.0,47.0,1019.2,7.0,0.0,0.0,100.0
2025-11-08 13:00:00,3.9,4.1,,3.7,,31.0,4.5,12.1,16.0,30.0,1019.8,26.0,0.0,,100.0
2025-11-08 14:00:00,3.8,4.0,,3.6,,31.0,4.4,13.2,62.0,46.0,1020.4,25.0,0.0,,100.0
2025-11-08 15:00:00,3.3,3.8,,2.6,,35.0,3.3,7.1,103.0,82.0,1020.7,40.0,0.0,,100.0
2025-11-08 16:00:00,2.4,2.6,,2.1,,42.0,3.8,8.1,91.0,96.0,1021.3,16.0,0.0,,100.0
2025-11-08 17:00:00,2.1,2.5,,1.7,,46.0,3.6,7.6,69.0,95.0,1021.8,15.0,0.0,,100.0
2025-11-08 18:00:00,1.9,2.4,5.0,1.6,1.6,48.0,2.0,5.7,97.0,87.0,1022.2,4.0,0.0,0.0,100.0
2025-11-08 19:00:00,1.1,1.6,,0.8,,55.0,1.1,4.1,341.0,85.0,1022.9,0.0,0.0,,100.0
2025-11-08 20:00:00,1.1,1.3,,1.0,,55.0,2.1,4.2,358.0,359.0,1023.4,0.0,0.0,,100.0
2025-11-08 21:00:00,1.0,1.2,,0.6,,55.0,1.1,3.7,270.0,22.0,1023.7,0.0,0.0,,100.0
2025-11-08 22:00:00,0.4,0.6,,0.0,,60.0,1.1,4.7,167.0,186.0,1024.1,0.0,0.0,,100.0
2025-11-08 23:00:00,0.2,0.7,,0.1,,61.0,2.8,4.9,182.0,176.0,1024.3,0.0,0.0,,100.0
2025-11-09 00:00:00,-0.1,0.1,4.1,-0.3,-0.3,59.0,2.8,5.3,187.0,190.0,1024.5,0.0,0.0,0.0,100.0
2025-11-09 01:00:00,-0.4,-0.1,,-0.7,,61.0,1.9,3.6,173.0,170.0,1024.3,0.0,0.0,,100.0
2025-11-09 02:00:00,-0.7,-0.6,,-0.9,,66.0,2.0,3.5,167.0,167.0,1023.9,0.0,0.0,,100.0
2025-11-09 03:00:00,-0.9,-0.8,,-1.1,,68.0,1.7,3.1,200.0,182.0,1023.4,0.0,0.0,,100.0
2025-11-09 04:00:00,-1.3,-0.9,,-1.5,,68.0,1.8,2.7,250.0,247.0,1022.8,0.0,0.0,,100.0
2025-11-09 05:00:00,-1.3,-1.0,,-1.6,,67.0,0.4,2.2,0.0,255.0,1022.7,0.0,0.0,,100.0
2025-11-09 06:00:00,-1.9,-1.5,1.6,-2.9,-2.9,69.0,1.4,2.7,179.0,261.0,1022.7,0.0,0.0,0.0,0.0
2025-11-09 07:00:00,-2.9,-2.3,,-3.7,,72.0,1.0,1.9,188.0,183.0,1022.7,0.0,0.0,,0.0
2025-11-09 08:00:00,-2.6,-2.3,,-3.2,,74.0,1.4,2.2,168.0,168.0,1022.8,0.0,0.0,,0.0
2025-11-09 09:00:00,-3.1,-2.6,,-3.9,,79.0,1.0,2.5,200.0,182.0,1022.7,0.0,0.0,,0.0
2025-11-09 10:00:00,-3.7,-2.7,,-4.2,,76.0,1.9,3.6,261.0,251.0,1022.5,0.0,0.0,,0.0
2025-11-09 11:00:00,-4.0,-3.6,,-4.5,,75.0,0.6,2.6,0.0,252.0,1022.7,1.0,0.0,,0.0
2025-11-09 12:00:00,-4.3,-3.9,-0.1,-4.7,-4.7,78.0,0.2,1.4,239.0,212.0,1022.9,15.0,0.0,0.0,0.0
2025-11-09 13:00:00,-4.2,-3.9,,-4.6,,80.0,0.6,3.0,264.0,254.0,1022.8,34.0,0.0,,0.0
2025-11-09 14:00:00,-4.1,-3.5,,-4.5,,78.0,2.5,3.4,254.0,263.0,1022.4,43.0,0.0,,0.0
2025-11-09 15:00:00,-3.8,-3.4,,-4.4,,77.0,2.2,3.7,236.0,254.0,1022.3,40.0,0.0,,0.0
2025-11-09 16:00:00,-4.0,-3.6,,-4.4,,79.0,1.1,2.6,286.0,223.0,1022.6,32.0,0.0,,0.0
2025-11-09 17:00:00,-4.3,-3.7,,-4.6,,83.0,0.5,2.9,266.0,248.0,1022.4,17.0,0.0,,10.0
2025-11-09 18:00:00,-4.6,-4.0,-2.2,-5.3,-5.3,84.0,1.3,2.8,232.0,258.0,1022.7,4.0,0.0,0.0,0.0
2025-11-09 19:00:00,-4.6,-4.1,,-5.1,,84.0,1.8,2.9,254.0,258.0,1022.9,0.0,0.0,,60.0
2025-11-09 20:00:00,-4.3,-4.0,,-4.6,,82.0,2.4,3.0,263.0,259.0,1023.7,0.0,0.0,,60.0
2025-11-09 21:00:00,-4.3,-4.0,,-4.6,,82.0,2.2,3.3,257.0,257.0,1024.0,0.0,0.0,,100.0
2025-11-09 22:00:00,-4.0,-3.7,,-4.2,,82.0,1.3,2.9,269.0,266.0,1024.6,0.0,0.0,,100.0
2025-11-09 23:00:00,-3.6,-3.4,,-3.9,,83.0,0.5,2.2,319.0,271.0,1024.6,0.0,0.0,,100.0
2025-11-10 00:00:00,-3.3,-3.0,-3.0,-3.7,-5.3,84.0,0.6,1.6,293.0,308.0,1024.9,0.0,0.0,0.0,100.0
2025-11-10 01:00:00,-3.1,-2.9,,-3.2,,83.0,0.9,3.2,284.0,300.0,1025.0,0.0,0.0,,100.0
2025-11-10 02:00:00,-2.8,-2.7,,-3.1,,79.0,2.1,4.0,290.0,291.0,1025.1,0.0,0.0,,100.0
2025-11-10 03:00:00,-2.8,-2.7,,-2.9,,79.0,0.9,2.3,311.0,302.0,1025.0,0.0,0.0,,100.0
2025-11-10 04:00:00,-2.7,-2.6,,-2.8,,78.0,0.8,2.2,309.0,296.0,1025.0,0.0,0.0,,100.0
2025-11-10 05:00:00,-2.8,-2.7,,-2.9,,79.0,0.4,2.1,310.0,305.0,1025.2,0.0,0.0,,100.0
2025-11-10 06:00:00,-3.3,-2.8,-2.6,-4.0,-5.1,78.0,2.2,3.5,317.0,295.0,1025.5,0.0,0.0,0.0,0.0
2025-11-10 07:00:00,-3.8,-3.4,,-4.2,,78.0,1.6,4.0,255.0,263.0,1025.6,0.0,0.0,,100.0
2025-11-10 08:00:00,-3.7,-3.4,,-4.0,,79.0,1.4,3.2,273.0,269.0,1025.7,0.0,0.0,,100.0
2025-11-10 09:00:00,-3.3,-3.1,,-3.4,,79.0,1.0,2.4,19.0,319.0,1025.7,0.0,0.0,,100.0
2025-11-10 10:00:00,-2.9,-2.7,,-3.1,,78.0,1.1,3.0,316.0,342.0,1025.6,0.0,0.0,,100.0
2025-11-10 11:00:00,-3.0,-2.8,,-3.0,,79.0,0.4,1.7,30.0,269.0,1025.7,1.0,0.0,,100.0
2025-11-10 12:00:00,-2.9,-2.7,-2.6,-3.1,-4.2,81.0,0.4,2.0,0.0,37.0,1025.9,7.0,0.0,0.0,100.0
2025-11-10 13:00:00,-2.7,-2.6,,-2.9,,80.0,0.2,1.5,0.0,174.0,1025.8,15.0,0.0,,100.0
2025-11-10 14:00:00,-2.7,-2.7,,-2.8,,80.0,0.5,2.3,258.0,245.0,1025.8,22.0,0.0,,100.0
2025-11-10 15:00:00,-2.6,-2.5,,-2.7,,79.0,0.3,2.0,0.0,263.0,1025.6,22.0,0.0,,100.0
2025-11-10 16:00:00,-2.5,-2.4,,-2.7,,77.0,1.3,3.1,253.0,252.0,1025.5,20.0,0.0,,100.0
2025-11-10 17:00:00,-2.6,-2.5,,-2.7,,76.0,1.9,3.2,246.0,248.0,1025.7,10.0,0.0,,100.0
2025-11-10 18:00:00,-2.6,-2.4,-2.4,-2.7,-4.2,73.0,1.2,2.1,231.0,247.0,1026.0,2.0,0.0,0.0,100.0
2025-11-10 19:00:00,-2.6,-2.3,,-2.8,,73.0,1.8,3.9,268.0,251.0,1026.3,0.0,0.0,,100.0
2025-11-10 20:00:00,-2.8,-2.7,,-2.9,,72.0,3.3,4.7,273.0,278.0,1026.6,0.0,0.0,,100.0
2025-11-10 21:00:00,-3.0,-2.9,,-3.1,,75.0,3.2,4.6,266.0,267.0,1026.5,0.0,0.0,,100.0
2025-11-10 22:00:00,-3.2,-3.0,,-3.5,,72.0,3.5,5.4,284.0,272.0,1026.4,0.0,0.0,,100.0
2025-11-10 23:00:00,-3.6,-3.4,,-3.8,,73.0,2.2,4.1,302.0,273.0,1026.7,0.0,0.0,,100.0
2025-11-11 00:00:00,-3.5,-3.3,-2.3,-3.7,-3.8,71.0,2.7,5.3,353.0,356.0,1026.9,0.0,0.0,0.0,25.0
2025-11-11 01:00:00,-4.0,-3.7,,-4.4,,72.0,2.2,4.5,297.0,323.0,1027.1,0.0,0.0,,25.0
2025-11-11 02:00:00,-4.9,-4.2,,-5.6,,74.0,2.4,4.2,257.0,266.0,1026.9,0.0,0.0,,25.0
2025-11-11 03:00:00,-5.5,-5.2,,-5.7,,75.0,2.6,3.6,261.0,257.0,1026.9,0.0,0.0,,100.0
2025-11-11 04:00:00,-5.5,-5.1,,-6.0,,74.0,2.3,3.5,262.0,259.0,1027.0,0.0,0.0,,90.0
2025-11-11 05:00:00,-5.6,-5.4,,-6.0,,75.0,2.4,3.2,254.0,256.0,1027.1,0.0,0.0,,50.0
2025-11-11 06:00:00,-5.7,-5.5,-2.3,-5.9,-6.0,75.0,1.5,2.9,258.0,263.0,1026.9,0.0,0.0,0.0,100.0
2025-11-11 07:00:00,-5.9,-5.8,,-6.1,,77.0,2.4,3.3,258.0,258.0,1026.8,0.0,0.0,,100.0
2025-11-11 08:00:00,-5.4,-5.2,,-5.7,,76.0,2.0,2.9,258.0,258.0,1026.8,0.0,0.0,,100.0
2025-11-11 09:00:00,-5.0,-4.7,,-5.5,,76.0,0.7,2.1,267.0,266.0,1027.1,0.0,0.0,,100.0
2025-11-11 10:00:00,-5.0,-4.7,,-5.2,,77.0,1.4,2.8,251.0,261.0,1027.1,0.0,0.0,,100.0
2025-11-11 11:00:00,-4.6,-4.3,,-4.8,,75.0,0.8,2.0,269.0,258.0,1027.1,1.0,0.0,,100.0
2025-11-11 12:00:00,-4.4,-4.2,-3.7,-4.5,-6.1,76.0,0.7,1.8,325.0,286.0,1027.2,8.0,0.0,0.0,100.0
2025-11-11 13:00:00,-4.2,-4.1,,-4.3,,75.0,0.8,1.8,253.0,256.0,1027.2,22.0,0.0,,100.0
2025-11-11 14:00:00,-4.0,-4.0,,-4.1,,75.0,0.9,1.6,258.0,254.0,1026.9,37.0,0.0,,100.0
2025-11-11 15:00:00,-3.9,-3.7,,-4.0,,75.0,1.1,2.5,324.0,280.0,1026.5,63.0,0.0,,100.0
2025-11-11 16:00:00,-4.0,-3.7,,-4.4,,78.0,2.4,5.0,356.0,354.0,1025.8,49.0,0.0,,90.0
2025-11-11 17:00:00,-4.5,-4.4,,-4.7,,79.0,2.4,5.1,335.0,353.0,1026.1,16.0,0.0,,10.0
2025-11-11 18:00:00,-5.4,-4.7,-3.7,-5.9,-6.1,81.0,2.0,3.6,266.0,271.0,1026.1,3.0,0.0,0.0,0.0
2025-11-11 19:00:00,-5.7,-5.3,,-6.0,,82.0,1.5,3.1,284.0,291.0,1025.6,0.0,0.0,,0.0
2025-11-11 20:00:00,-5.6,-5.2,,-6.0,,81.0,1.2,3.5,349.0,293.0,1025.3,0.0,0.0,,0.0
2025-11-11 21:00:00,-5.8,-5.6,,-6.1,,82.0,0.7,2.6,327.0,329.0,1025.5,0.0,0.0,,0.0
2025-11-11 22:00:00,-6.1,-5.9,,-6.4,,83.0,0.7,2.0,317.0,311.0,1025.2,0.0,0.0,,0.0
2025-11-11 23:00:00,-6.4,-6.1,,-6.7,,83.0,0.6,1.8,215.0,286.0,1025.2,0.0,0.0,,0.0
2025-11-12 00:00:00,-6.8,-6.3,-3.7,-7.5,-7.5,84.0,0.7,2.7,253.0,256.0,1025.0,0.0,0.0,0.0,0.0
2025-11-12 01:00:00,-6.8,-6.4,,-7.4,,83.0,1.1,2.8,263.0,264.0,1025.2,0.0,0.0,,0.0
2025-11-12 02:00:00,-6.8,-6.4,,-7.2,,82.0,2.1,3.8,260.0,266.0,1025.8,0.0,0.0,,10.0
2025-11-12 03:00:00,-6.4,-6.0,,-6.8,,82.0,1.9,3.3,277.0,272.0,1026.6,0.0,0.0,,100.0
2025-11-12 04:00:00,-5.8,-5.6,,-6.0,,82.0,1.3,3.2,294.0,282.0,1026.8,0.0,0.0,,100.0
2025-11-12 05:00:00,-5.4,-5.0,,-5.8,,81.0,0.7,3.1,302.0,319.0,1026.6,0.0,0.0,,100.0
2025-11-12 06:00:00,-5.2,-5.1,-5.0,-5.4,-7.5,82.0,0.5,2.5,269.0,1.0,1027.3,0.0,0.0,0.0,100.0
2025-11-12 07:00:00,-5.6,-5.2,,-5.9,,84.0,0.4,1.5,357.0,318.0,1027.9,0.0,0.0,,100.0
2025-11-12 08:00:00,-5.2,-5.0,,-5.6,,87.0,1.4,3.7,356.0,4.0,1028.6,0.0,0.0,,0.0
2025-11-12 09:00:00,-5.6,-5.0,,-6.3,,88.0,0.5,2.5,164.0,23.0,1029.3,0.0,0.0,,0.0
2025-11-12 10:00:00,-5.7,-5.3,,-6.0,,86.0,0.9,2.2,252.0,255.0,1030.1,0.0,0.0,,10.0
2025-11-12 11:00:00,-5.4,-5.1,,-5.8,,86.0,0.5,1.8,221.0,185.0,1030.8,1.0,0.0,,60.0
2025-11-12 12:00:00,-4.9,-4.5,-4.5,-5.2,-7.4,84.0,1.6,2.7,254.0,261.0,1032.4,11.0,0.0,0.0,100.0
2025-11-12 13:00:00,-4.2,-3.9,,-4.5,,83.0,1.2,1.9,258.0,266.0,1033.0,24.0,0.0,,100.0
2025-11-12 14:00:00,-4.1,-3.9,,-4.4,,84.0,1.0,2.2,251.0,261.0,1032.8,49.0,0.0,,100.0
2025-11-12 15:00:00,-3.7,-3.4,,-3.9,,83.0,0.6,2.0,0.0,263.0,1032.5,65.0,0.0,,100.0
2025-11-12 16:00:00,-3.7,-3.6,,-3.9,,85.0,0.4,1.0,0.0,202.0,1032.3,43.0,0.0,,100.0
2025-11-12 17:00:00,-4.0,-3.7,,-4.3,,88.0,1.0,2.2,195.0,213.0,1032.2,18.0,0.0,,90.0
2025-11-12 18:00:00,-4.2,-3.8,-3.4,-5.0,-6.3,94.0,0.9,2.1,203.0,193.0,1032.2,3.0,0.0,0.0,10.0
2025-11-12 19:00:00,-4.7,-4.4,,-5.0,,95.0,1.4,2.7,255.0,252.0,1032.5,0.0,0.0,,75.0
2025-11-12 20:00:00,-4.6,-4.4,,-4.8,,94.0,1.0,2.6,260.0,259.0,1032.8,0.0,0.0,,0.0
2025-11-12 21:00:00,-4.7,-4.3,,-5.0,,91.0,1.3,3.2,200.0,254.0,1033.2,0.0,0.0,,0.0
2025-11-12 22:00:00,-5.0,-4.5,,-5.6,,90.0,0.4,1.5,245.0,251.0,1033.4,0.0,0.0,,0.0
2025-11-12 23:00:00,-4.9,-4.4,,-5.2,,90.0,1.0,2.0,261.0,258.0,1033.0,0.0,0.0,,10.0
2025-11-13 00:00:00,-5.2,-5.0,-3.4,-5.5,-5.6,90.0,0.8,2.1,264.0,246.0,1032.9,0.0,0.0,0.0,40.0
2025-11-13 01:00:00,-5.1,-4.5,,-5.5,,90.0,1.2,2.1,258.0,257.0,1032.5,0.0,0.0,,0.0
2025-11-13 02:00:00,-4.9,-4.6,,-5.2,,90.0,1.1,2.6,259.0,266.0,1031.8,0.0,0.0,,10.0
2025-11-13 03:00:00,-4.7,-4.4,,-4.9,,90.0,0.3,1.3,183.0,275.0,1030.9,0.0,0.0,,40.0
2025-11-13 04:00:00,-4.8,-4.6,,-5.1,,88.0,0.3,1.7,0.0,270.0,1030.0,0.0,0.0,,75.0
2025-11-13 05:00:00,-4.3,-3.4,,-4.8,,87.0,0.2,1.1,313.0,279.0,1028.7,0.0,0.0,,10.0
2025-11-13 06:00:00,-2.6,-1.0,-1.0,-3.5,-5.6,78.0,0.7,2.3,199.0,107.0,1027.9,0.0,0.0,0.0,25.0
2025-11-13 07:00:00,-2.2,-1.8,,-2.8,,74.0,1.0,2.6,311.0,255.0,1027.2,0.0,0.0,,0.0
2025-11-13 08:00:00,-1.0,1.1,,-2.2,,69.0,1.8,7.1,268.0,263.0,1026.6,0.0,0.0,,0.0
2025-11-13 09:00:00,0.8,1.8,,-1.5,,59.0,4.7,10.0,249.0,259.0,1025.8,0.0,0.0,,0.0
2025-11-13 10:00:00,1.6,1.8,,1.3,,52.0,6.3,10.2,235.0,236.0,1025.1,0.0,0.0,,0.0
2025-11-13 11:00:00,2.1,2.4,,1.6,,50.0,5.8,10.1,226.0,226.0,1024.6,0.0,0.0,,0.0
2025-11-13 12:00:00,0.6,2.8,2.8,-1.3,-5.5,58.0,2.8,7.7,20.0,221.0,1024.2,6.0,0.0,0.0,0.0
2025-11-13 13:00:00,-1.4,-0.7,,-1.7,,69.0,1.1,3.7,340.0,41.0,1023.3,19.0,0.0,,0.0
2025-11-13 14:00:00,-1.4,-1.1,,-1.8,,68.0,2.3,5.8,148.0,28.0,1023.0,24.0,0.0,,0.0
2025-11-13 15:00:00,-1.1,-0.5,,-1.9,,64.0,1.6,3.5,250.0,168.0,1022.6,26.0,0.0,,0.0
2025-11-13 16:00:00,-2.1,-1.6,,-2.7,,67.0,0.5,1.9,257.0,251.0,1022.3,25.0,0.0,,0.0
2025-11-13 17:00:00,-2.2,-1.7,,-3.0,,65.0,1.0,3.2,164.0,244.0,1022.0,17.0,0.0,,0.0
2025-11-13 18:00:00,-2.3,-1.7,2.8,-3.1,-3.1,64.0,1.2,2.3,266.0,234.0,1022.1,3.0,0.0,0.0,0.0
2025-11-13 19:00:00,-2.9,-2.4,,-3.4,,66.0,0.5,1.9,271.0,226.0,1022.3,0.0,0.0,,0.0
2025-11-13 20:00:00,-3.3,-2.6,,-3.8,,67.0,0.8,2.2,185.0,175.0,1022.6,0.0,0.0,,0.0
2025-11-13 21:00:00,-4.0,-2.9,,-4.8,,70.0,0.6,2.0,220.0,269.0,1022.6,0.0,0.0,,0.0
2025-11-13 22:00:00,-3.6,-2.9,,-4.5,,67.0,1.5,3.6,0.0,258.0,1022.7,0.0,0.0,,0.0
2025-11-13 23:00:00,-4.3,-3.8,,-4.9,,69.0,0.6,2.7,270.0,250.0,1023.1,0.0,0.0,,0.0
2025-11-14 00:00:00,-4.2,-3.5,-0.5,-4.7,-4.9,67.0,1.8,3.2,237.0,264.0,1023.5,0.0,0.0,0.0,0.0
2025-11-14 01:00:00,-4.1,-3.2,,-5.0,,72.0,1.0,2.4,321.0,171.0,1024.3,0.0,0.0,,0.0
2025-11-14 02:00:00,-4.6,-3.8,,-5.3,,76.0,0.2,1.9,255.0,272.0,1024.2,0.0,0.0,,0.0
2025-11-14 03:00:00,-3.9,-3.5,,-4.2,,71.0,0.2,1.0,0.0,321.0,1024.7,0.0,0.0,,0.0
2025-11-14 04:00:00,-4.3,-3.8,,-5.1,,77.0,0.9,2.6,269.0,231.0,1024.8,0.0,0.0,,0.0
2025-11-14 05:00:00,-3.8,-2.4,,-4.6,,74.0,1.2,3.6,144.0,179.0,1025.2,0.0,0.0,,0.0
2025-11-14 06:00:00,-4.4,-2.3,-2.3,-5.0,-5.3,78.0,0.6,3.1,266.0,270.0,1025.6,0.0,0.0,0.0,0.0
2025-11-14 07:00:00,-4.0,-3.3,,-4.6,,76.0,2.0,3.4,206.0,253.0,1025.9,0.0,0.0,,0.0
2025-11-14 08:00:00,-4.3,-3.6,,-4.9,,80.0,0.6,2.9,0.0,264.0,1025.8,0.0,0.0,,100.0
2025-11-14 09:00:00,-4.2,-3.4,,-4.7,,82.0,0.6,1.8,267.0,279.0,1025.6,0.0,0.0,,25.0
2025-11-14 10:00:00,-3.7,-3.2,,-4.3,,82.0,0.6,2.4,296.0,202.0,1025.3,0.0,0.0,,0.0
2025-11-14 11:00:00,-4.8,-4.2,,-5.3,,85.0,0.3,2.2,282.0,291.0,1025.0,0.0,0.0,,40.0
2025-11-14 12:00:00,-4.3,-3.3,-2.3,-5.0,-5.3,80.0,2.1,4.4,276.0,261.0,1024.4,8.0,0.0,0.0,0.0
2025-11-14 13:00:00,-4.4,-3.8,,-4.6,,81.0,1.1,2.9,268.0,252.0,1024.2,18.0,0.0,,0.0
2025-11-14 14:00:00,-4.5,-4.2,,-4.9,,80.0,1.2,3.2,264.0,259.0,1023.6,21.0,0.0,,0.0
2025-11-14 15:00:00,-4.3,-3.9,,-4.8,,78.0,1.7,3.2,32.0,247.0,1022.8,24.0,0.0,,10.0
2025-11-14 16:00:00,-4.2,-3.7,,-4.9,,80.0,1.0,3.1,354.0,239.0,1021.8,29.0,0.0,,75.0
2025-11-14 17:00:00,-4.1,-3.1,,-4.7,,82.0,1.2,4.2,224.0,232.0,1021.3,16.0,0.0,,100.0
2025-11-14 18:00:00,-2.2,2.8,2.8,-3.9,-5.3,75.0,1.0,4.9,244.0,265.0,1021.0,3.0,0.0,0.0,100.0
2025-11-14 19:00:00,3.0,6.4,,-0.8,,55.0,1.8,7.9,350.0,318.0,1020.2,2.0,0.0,,90.0
2025-11-14 20:00:00,7.2,9.0,,5.5,,43.0,3.1,8.0,358.0,348.0,1020.2,0.0,0.0,,100.0
2025-11-14 21:00:00,7.6,8.9,,6.4,,40.0,1.9,5.9,321.0,11.0,1019.8,0.0,0.0,,90.0
2025-11-14 22:00:00,7.5,8.3,,6.7,,41.0,0.8,3.2,156.0,305.0,1019.7,0.0,0.0,,100.0
2025-11-14 23:00:00,7.1,8.7,,3.5,,43.0,1.1,3.0,309.0,128.0,1019.6,0.0,0.0,,10.0
2025-11-15 00:00:00,9.3,10.1,10.1,8.6,-4.9,34.0,6.8,12.7,282.0,290.0,1019.2,0.0,0.0,0.0,100.0
2025-11-15 01:00:00,9.1,10.3,,8.0,,34.0,2.8,10.0,66.0,278.0,1019.1,0.0,0.0,,40.0
2025-11-15 02:00:00,4.6,8.8,,1.2,,56.0,3.2,7.0,159.0,150.0,1019.2,0.0,0.0,,0.0
2025-11-15 03:00:00,1.6,3.1,,1.0,,70.0,2.9,6.5,202.0,163.0,1019.2,0.0,0.0,,0.0
2025-11-15 04:00:00,3.2,4.3,,2.1,,57.0,1.9,3.6,142.0,156.0,1019.4,0.0,0.0,,0.0
2025-11-15 05:00:00,2.8,4.2,,0.6,,58.0,1.8,3.7,182.0,174.0,1019.9,0.0,0.0,,100.0
2025-11-15 06:00:00,3.1,4.6,10.3,1.7,-0.8,56.0,1.6,3.7,280.0,201.0,1020.6,0.0,0.0,0.0,100.0
2025-11-15 07:00:00,1.7,4.1,,0.5,,67.0,1.2,4.0,169.0,242.0,1021.3,0.0,0.0,,100.0
2025-11-15 08:00:00,1.8,4.7,,0.6,,67.0,0.9,3.1,221.0,199.0,1021.7,0.0,0.0,,100.0
2025-11-15 09:00:00,5.2,6.0,,4.5,,47.0,2.2,4.4,209.0,254.0,1022.3,0.0,0.0,,0.0
2025-11-15 10:00:00,4.6,5.6,,3.0,,46.0,0.7,2.7,153.0,123.0,1022.6,0.0,0.0,,0.0
2025-11-15 11:00:00,4.8,5.8,,3.5,,43.0,0.5,2.3,345.0,68.0,1023.3,0.0,0.0,,0.0
2025-11-15 12:00:00,4.5,5.8,10.3,3.5,0.5,42.0,0.9,2.2,193.0,166.0,1024.0,6.0,0.0,0.0,0.0
2025-11-15 13:00:00,3.2,4.6,,1.8,,50.0,1.4,3.7,190.0,174.0,1024.8,16.0,0.0,,0.0
2025-11-15 14:00:00,2.8,4.5,,1.5,,50.0,0.6,2.1,266.0,221.0,1025.0,21.0,0.0,,0.0
2025-11-15 15:00:00,2.6,3.8,,2.1,,51.0,1.1,3.1,270.0,261.0,1025.0,22.0,0.0,,0.0
2025-11-15 16:00:00,2.5,3.5,,1.1,,51.0,1.5,2.9,283.0,238.0,1025.1,19.0,0.0,,0.0
2025-11-15 17:00:00,2.1,3.2,,1.1,,52.0,1.0,3.0,264.0,240.0,1025.5,10.0,0.0,,0.0
2025-11-15 18:00:00,2.7,3.4,6.0,1.4,0.5,50.0,2.5,3.9,252.0,260.0,1025.7,2.0,0.0,0.0,0.0
2025-11-15 19:00:00,1.9,3.4,,1.2,,51.0,1.3,3.1,248.0,252.0,1026.3,0.0,0.0,,0.0
2025-11-15 20:00:00,1.7,2.8,,0.5,,51.0,0.5,2.0,228.0,174.0,1026.4,0.0,0.0,,0.0
2025-11-15 21:00:00,2.5,3.5,,1.4,,47.0,2.2,3.5,262.0,258.0,1026.1,0.0,0.0,,0.0
2025-11-15 22:00:00,2.0,3.3,,1.1,,47.0,0.8,3.2,143.0,198.0,1026.3,0.0,0.0,,0.0
2025-11-15 23:00:00,1.2,2.6,,-0.1,,51.0,1.3,2.4,137.0,144.0,1026.7,0.0,0.0,,0.0
2025-11-16 00:00:00,0.5,2.1,4.6,-0.4,-0.4,55.0,1.0,2.7,260.0,206.0,1027.6,0.0,0.0,0.0,0.0
2025-11-16 01:00:00,0.7,1.3,,-0.1,,54.0,3.1,4.6,268.0,264.0,1028.0,0.0,0.0,,0.0
2025-11-16 02:00:00,0.4,1.1,,-0.4,,54.0,1.7,3.7,264.0,272.0,1028.2,0.0,0.0,,0.0
2025-11-16 03:00:00,1.1,1.8,,0.3,,50.0,0.4,2.0,302.0,297.0,1027.9,0.0,0.0,,0.0
2025-11-16 04:00:00,0.5,1.2,,-0.2,,52.0,1.8,3.9,293.0,271.0,1027.8,0.0,0.0,,0.0
2025-11-16 05:00:00,0.6,1.7,,0.3,,52.0,0.9,2.4,297.0,305.0,1027.7,0.0,0.0,,0.0
2025-11-16 06:00:00,0.8,1.6,3.5,0.0,-0.4,52.0,0.9,2.0,135.0,55.0,1028.3,0.0,0.0,0.0,0.0
2025-11-16 07:00:00,0.9,1.7,,0.3,,50.0,1.3,4.6,255.0,256.0,1028.2,0.0,0.0,,0.0
2025-11-16 08:00:00,0.3,1.4,,-0.8,,52.0,1.6,4.5,289.0,273.0,1027.9,0.0,0.0,,0.0
2025-11-16 09:00:00,0.2,1.1,,-1.1,,50.0,0.3,2.5,241.0,209.0,1028.0,0.0,0.0,,0.0
2025-11-16 10:00:00,0.0,0.8,,-0.9,,51.0,0.9,3.6,256.0,248.0,1028.0,0.0,0.0,,0.0
2025-11-16 11:00:00,0.4,1.8,,-0.9,,50.0,2.4,4.4,161.0,230.0,1028.5,0.0,0.0,,0.0
2025-11-16 12:00:00,-1.2,0.6,1.8,-2.5,-2.5,60.0,1.3,3.7,274.0,210.0,1028.6,5.0,0.0,0.0,0.0
2025-11-16 13:00:00,-1.2,-0.6,,-2.1,,58.0,0.8,2.1,244.0,271.0,1028.3,20.0,0.0,,0.0
2025-11-16 14:00:00,-1.0,-0.2,,-1.6,,56.0,0.8,2.2,233.0,240.0,1028.3,22.0,0.0,,0.0
2025-11-16 15:00:00,-0.4,0.8,,-2.2,,58.0,1.8,3.3,309.0,163.0,1028.7,22.0,0.0,,0.0
2025-11-16 16:00:00,-2.2,-2.0,,-2.6,,64.0,0.4,1.3,229.0,312.0,1028.4,13.0,0.0,,0.0
2025-11-16 17:00:00,-1.9,-0.9,,-2.8,,63.0,1.5,3.3,257.0,252.0,1028.2,8.0,0.0,,0.0
2025-11-16 18:00:00,-1.8,-0.8,1.8,-2.4,-2.8,60.0,1.8,3.4,271.0,267.0,1027.8,1.0,0.0,0.0,0.0
2025-11-16 19:00:00,-1.9,-0.9,,-2.6,,60.0,1.1,2.5,267.0,258.0,1028.1,0.0,0.0,,0.0
2025-11-16 20:00:00,-2.5,-1.4,,-3.4,,66.0,1.0,3.1,259.0,267.0,1028.7,0.0,0.0,,40.0
2025-11-16 21:00:00,-1.9,-1.5,,-2.7,,61.0,3.3,4.3,264.0,263.0,1028.3,0.0,0.0,,100.0
2025-11-16 22:00:00,-1.6,-1.1,,-2.0,,61.0,1.1,4.2,76.0,277.0,1028.3,0.0,0.0,,100.0
2025-11-16 23:00:00,-2.1,-1.7,,-2.6,,66.0,0.1,1.0,169.0,117.0,1028.3,0.0,0.0,,50.0
2025-11-17 00:00:00,-2.1,-1.4,0.8,-3.8,-3.8,61.0,0.3,1.6,0.0,146.0,1028.9,0.0,0.0,0.0,0.0
2025-11-17 01:00:00,-2.7,-1.9,,-3.8,,63.0,2.2,4.2,260.0,263.0,1029.4,0.0,0.0,,100.0
2025-11-17 02:00:00,-2.6,-1.9,,-3.9,,62.0,0.9,2.6,0.0,212.0,1029.9,0.0,0.0,,0.0
2025-11-17 03:00:00,-3.7,-3.1,,-4.2,,67.0,0.5,2.0,274.0,245.0,1030.0,0.0,0.0,,40.0
2025-11-17 04:00:00,-3.8,-3.4,,-4.6,,68.0,0.7,2.0,213.0,236.0,1030.8,0.0,0.0,,0.0
2025-11-17 05:00:00,-4.3,-3.3,,-4.9,,71.0,1.3,3.4,259.0,258.0,1030.8,0.0,0.0,,0.0
2025-11-17 06:00:00,-3.9,-3.1,-0.9,-4.4,-4.9,70.0,2.2,3.3,253.0,264.0,1031.2,0.0,0.0,0.0,0.0
2025-11-17 07:00:00,-3.8,-2.9,,-4.3,,69.0,1.5,3.2,306.0,268.0,1032.6,0.0,0.0,,0.0
2025-11-17 08:00:00,-4.2,-3.8,,-4.8,,70.0,1.9,2.9,269.0,269.0,1033.3,0.0,0.0,,0.0
2025-11-17 09:00:00,-3.9,-3.1,,-4.5,,69.0,2.2,3.8,286.0,270.0,1034.2,0.0,0.0,,0.0
2025-11-17 10:00:00,-4.2,-3.8,,-4.6,,72.0,0.8,2.4,284.0,300.0,1034.7,0.0,0.0,,0.0
2025-11-17 11:00:00,-3.6,-3.1,,-4.2,,69.0,1.1,3.0,322.0,278.0,1034.8,0.0,0.0,,0.0
2025-11-17 12:00:00,-3.6,-2.7,-1.9,-4.4,-4.9,70.0,0.7,2.0,0.0,120.0,1035.4,5.0,0.0,0.0,0.0
2025-11-17 13:00:00,-3.0,-2.6,,-3.8,,68.0,0.4,1.6,253.0,271.0,1036.1,26.0,0.0,,0.0
2025-11-17 14:00:00,-3.1,-2.3,,-3.8,,66.0,1.4,3.3,265.0,254.0,1036.8,39.0,0.0,,0.0
2025-11-17 15:00:00,-2.6,-2.1,,-3.3,,64.0,1.8,3.4,210.0,258.0,1036.8,36.0,0.0,,0.0
2025-11-17 16:00:00,-2.9,-2.3,,-4.0,,60.0,0.9,2.8,260.0,258.0,1036.8,20.0,0.0,,0.0
2025-11-17 17:00:00,-2.9,-2.4,,-3.5,,60.0,2.1,3.8,234.0,259.0,1037.0,10.0,0.0,,0.0
2025-11-17 18:00:00,-2.9,-2.2,-2.1,-3.7,-4.8,58.0,1.2,3.2,132.0,150.0,1037.4,0.0,0.0,0.0,0.0
2025-11-17 19:00:00,-3.1,-2.4,,-4.3,,59.0,0.9,2.7,203.0,135.0,1038.0,0.0,0.0,,0.0
2025-11-17 20:00:00,-3.3,-2.2,,-4.9,,57.0,1.2,2.3,173.0,172.0,1038.4,0.0,0.0,,0.0
2025-11-17 21:00:00,-4.1,-3.4,,-4.9,,59.0,0.3,1.5,206.0,193.0,1038.9,0.0,0.0,,0.0
2025-11-17 22:00:00,-4.2,-3.4,,-4.9,,62.0,1.6,3.6,260.0,257.0,1039.3,0.0,0.0,,0.0
2025-11-17 23:00:00,-4.1,-3.4,,-4.7,,62.0,2.1,3.5,266.0,264.0,1039.0,0.0,0.0,,0.0
2025-11-18 00:00:00,-4.1,-3.8,-2.1,-4.6,-4.9,60.0,2.3,3.6,268.0,265.0,1039.0,0.0,0.0,0.0,0.0
2025-11-18 01:00:00,-4.2,-3.8,,-4.7,,60.0,1.0,3.3,285.0,267.0,1039.0,0.0,0.0,,0.0
2025-11-18 02:00:00,-4.7,-4.1,,-5.3,,62.0,0.6,2.3,268.0,260.0,1038.7,0.0,0.0,,0.0
2025-11-18 03:00:00,-4.5,-3.9,,-5.0,,62.0,0.4,1.3,182.0,134.0,1038.3,0.0,0.0,,100.0
2025-11-18 04:00:00,-4.1,-3.4,,-4.6,,64.0,0.2,1.2,0.0,179.0,1038.1,0.0,0.0,,100.0
2025-11-18 05:00:00,-3.8,-3.4,,-4.2,,63.0,0.1,1.5,257.0,250.0,1037.6,0.0,0.0,,100.0
2025-11-18 06:00:00,-4.1,-3.6,-2.2,-4.5,-5.3,66.0,0.4,1.4,331.0,223.0,1037.3,0.0,0.0,0.0,100.0
2025-11-18 07:00:00,-4.1,-3.7,,-4.4,,66.0,0.0,1.1,0.0,0.0,1036.8,0.0,0.0,,100.0
2025-11-18 08:00:00,-3.8,-3.1,,-4.4,,62.0,0.7,2.5,181.0,244.0,1036.2,0.0,0.0,,0.0
2025-11-18 09:00:00,-3.8,-3.1,,-4.2,,61.0,0.5,1.7,191.0,211.0,1036.2,0.0,0.0,,25.0
2025-11-18 10:00:00,-4.1,-3.4,,-4.5,,67.0,0.7,2.5,243.0,275.0,1035.9,0.0,0.0,,10.0
2025-11-18 11:00:00,-3.9,-3.2,,-4.5,,62.0,0.6,2.7,262.0,246.0,1036.1,0.0,0.0,,0.0
2025-11-18 12:00:00,-3.7,-3.2,-3.1,-4.2,-5.3,61.0,1.1,2.6,189.0,238.0,1036.0,2.0,0.0,0.0,100.0
2025-11-18 13:00:00,-3.3,-2.9,,-3.9,,64.0,0.8,2.3,157.0,155.0,1036.4,9.0,0.0,,100.0
2025-11-18 14:00:00,-3.9,-3.4,,-4.4,,73.0,0.3,1.2,235.0,193.0,1036.6,17.0,0.0,,90.0
2025-11-18 15:00:00,-3.3,-2.6,,-3.7,,72.0,0.8,1.4,166.0,149.0,1036.5,17.0,0.0,,90.0
2025-11-18 16:00:00,-3.0,-2.6,,-3.4,,71.0,0.7,2.0,156.0,158.0,1036.3,19.0,0.0,,100.0
2025-11-18 17:00:00,-3.6,-2.6,,-3.8,,75.0,0.2,1.1,278.0,71.0,1036.1,8.0,0.0,,100.0
2025-11-18 18:00:00,-2.6,-1.9,-1.9,-3.8,-4.5,68.0,1.0,2.5,82.0,129.0,1035.7,1.0,0.0,0.0,100.0
2025-11-18 19:00:00,-3.3,-2.6,,-3.8,,76.0,1.0,3.1,258.0,265.0,1035.7,0.0,0.0,,100.0
2025-11-18 20:00:00,-3.2,-2.8,,-3.5,,75.0,0.2,2.0,0.0,277.0,1035.7,0.0,0.0,,100.0
2025-11-18 21:00:00,-3.1,-2.8,,-3.4,,75.0,0.6,2.4,260.0,262.0,1035.3,0.0,0.0,,100.0
2025-11-18 22:00:00,-2.9,-2.6,,-3.3,,75.0,1.4,2.7,261.0,260.0,1034.8,0.0,0.0,,100.0
2025-11-18 23:00:00,-2.9,-2.7,,-3.1,,76.0,0.3,1.3,0.0,10.0,1034.1,0.0,0.0,,100.0
2025-11-19 00:00:00,-3.0,-2.7,-1.9,-3.2,-4.4,76.0,0.8,1.9,257.0,253.0,1033.2,0.0,0.0,0.0,100.0
2025-11-19 01:00:00,-2.9,-2.8,,-3.1,,76.0,1.2,2.2,280.0,268.0,1032.9,0.0,0.0,,100.0
2025-11-19 02:00:00,-2.8,-2.3,,-3.1,,76.0,1.8,3.0,258.0,256.0,1032.4,0.0,0.0,,100.0
2025-11-19 03:00:00,-2.8,-2.5,,-3.0,,77.0,0.7,1.9,253.0,258.0,1031.6,0.0,0.0,,100.0
2025-11-19 04:00:00,-2.6,-2.4,,-2.8,,77.0,0.1,1.6,0.0,247.0,1030.7,0.0,0.0,,100.0
2025-11-19 05:00:00,-2.5,-2.2,,-2.8,,78.0,0.9,2.5,0.0,234.0,1030.1,0.0,0.0,,100.0
2025-11-19 06:00:00,-2.9,-2.7,-2.2,-3.0,-3.8,84.0,0.1,0.8,0.0,177.0,1029.8,0.0,0.0,0.0,100.0
2025-11-19 07:00:00,-2.9,-2.6,,-3.0,,84.0,0.3,1.2,173.0,157.0,1029.6,0.0,0.0,,100.0
2025-11-19 08:00:00,-2.7,-2.4,,-2.9,,83.0,1.8,2.9,261.0,270.0,1029.1,0.0,0.0,,100.0
2025-11-19 09:00:00,-2.3,-2.1,,-2.4,,79.0,0.7,1.9,320.0,282.0,1028.7,0.0,0.0,,100.0
2025-11-19 10:00:00,-2.3,-2.0,,-2.5,,80.0,0.8,2.0,36.0,167.0,1028.4,0.0,0.0,,100.0
2025-11-19 11:00:00,-2.3,-2.1,,-2.4,,78.0,0.7,1.6,161.0,256.0,1027.8,0.0,0.0,,100.0
2025-11-19 12:00:00,-2.3,-2.1,-2.0,-2.4,-3.1,79.0,0.1,1.1,34.0,19.0,1027.3,2.0,0.0,0.0,100.0
2025-11-19 13:00:00,-2.0,-1.7,,-2.4,,76.0,1.4,2.6,151.0,158.0,1027.0,12.0,0.0,,100.0
2025-11-19 14:00:00,-1.7,-1.6,,-1.9,,74.0,0.6,2.7,262.0,263.0,1026.0,22.0,0.0,,100.0
2025-11-19 15:00:00,-1.3,-1.0,,-1.9,,68.0,0.9,2.9,300.0,266.0,1025.6,25.0,0.0,,100.0
2025-11-19 16:00:00,-1.2,-1.0,,-1.3,,71.0,1.7,3.3,178.0,166.0,1024.8,19.0,0.0,,100.0
2025-11-19 17:00:00,-1.2,-0.9,,-1.5,,72.0,1.0,1.9,265.0,269.0,1024.0,11.0,0.0,,100.0
2025-11-19 18:00:00,-0.9,-0.4,-0.4,-1.2,-3.0,67.0,1.8,3.0,260.0,267.0,1023.4,1.0,0.0,0.0,100.0
2025-11-19 19:00:00,-0.9,-0.3,,-1.2,,72.0,2.1,3.7,256.0,264.0,1023.0,0.0,0.0,,100.0
2025-11-19 20:00:00,-1.1,-0.8,,-1.5,,87.0,1.7,3.4,161.0,219.0,1022.4,0.0,0.4,,100.0
2025-11-19 21:00:00,-1.0,-0.6,,-1.5,,93.0,0.5,2.5,248.0,269.0,1021.7,0.0,0.5,,100.0
2025-11-19 22:00:00,-0.5,-0.1,,-0.7,,95.0,0.2,1.0,268.0,165.0,1020.6,0.0,0.3,,100.0
2025-11-19 23:00:00,0.0,0.5,,-0.2,,96.0,1.2,2.1,251.0,265.0,1019.8,0.0,0.0,,100.0
2025-11-20 00:00:00,0.7,1.0,1.0,0.5,-2.4,95.0,1.5,2.8,268.0,267.0,1018.6,0.0,0.0,1.2,100.0
2025-11-20 01:00:00,1.1,1.3,,0.9,,96.0,0.9,2.6,257.0,273.0,1016.9,0.0,0.1,,100.0
2025-11-20 02:00:00,1.4,1.9,,1.1,,95.0,1.8,3.5,282.0,270.0,1015.1,0.0,0.0,,100.0
2025-11-20 03:00:00,1.9,2.4,,1.4,,88.0,1.4,3.4,258.0,242.0,1013.9,0.0,0.0,,100.0
2025-11-20 04:00:00,2.2,2.6,,1.9,,85.0,2.4,4.6,254.0,260.0,1012.1,0.0,0.0,,100.0
2025-11-20 05:00:00,2.9,3.4,,2.4,,80.0,1.9,4.1,262.0,274.0,1009.9,0.0,0.0,,100.0
2025-11-20 06:00:00,3.5,4.0,4.0,3.2,-1.5,76.0,1.4,5.7,15.0,345.0,1007.8,0.0,0.1,1.5,100.0
2025-11-20 07:00:00,4.0,4.4,,3.8,,72.0,2.4,5.4,10.0,342.0,1005.9,0.0,0.0,,100.0
2025-11-20 08:00:00,4.0,4.4,,3.4,,73.0,4.3,9.4,6.0,12.0,1004.1,0.0,0.1,,100.0
2025-11-20 09:00:00,3.9,4.1,,3.6,,74.0,5.1,10.7,8.0,7.0,1002.4,0.0,0.0,,100.0
2025-11-20 10:00:00,3.8,4.1,,3.6,,76.0,4.8,8.5,7.0,6.0,1000.8,0.0,0.1,,100.0
2025-11-20 12:00:00,5.2,5.7,5.7,4.7,0.9,74.0,3.7,7.9,3.0,8.0,998.9,1.0,0.0,1.7,100.0
2025-11-20 13:00:00,6.0,6.6,,5.5,,72.0,3.7,8.3,25.0,20.0,997.7,5.0,0.1,,100.0
2025-11-20 14:00:00,6.3,6.7,,5.9,,74.0,4.3,11.1,38.0,32.0,996.6,9.0,0.1,,100.0
2025-11-20 15:00:00,6.4,6.9,,5.9,,74.0,4.1,8.6,59.0,41.0,996.0,12.0,0.1,,100.0
2025-11-20 16:00:00,6.4,6.8,,5.9,,76.0,2.5,7.9,69.0,58.0,995.6,4.0,0.1,,100.0
2025-11-20 17:00:00,5.6,6.1,,5.0,,80.0,1.1,3.3,193.0,194.0,995.0,2.0,0.2,,100.0
2025-11-20 18:00:00,5.1,5.8,6.9,4.6,3.4,84.0,0.6,3.0,35.0,144.0,994.9,0.0,0.4,2.6,100.0
2025-11-20 19:00:00,5.2,5.7,,4.2,,82.0,2.9,8.5,116.0,131.0,995.1,0.0,0.2,,100.0
2025-11-20 20:00:00,5.0,5.8,,3.8,,81.0,4.5,10.6,151.0,126.0,995.7,0.0,0.2,,100.0
2025-11-20 21:00:00,4.6,4.7,,3.9,,84.0,5.4,11.2,89.0,98.0,995.8,0.0,0.2,,100.0
2025-11-20 22:00:00,4.7,5.0,,3.9,,76.0,7.4,15.4,102.0,90.0,996.1,0.0,0.0,,100.0
2025-11-20 23:00:00,4.8,5.1,,3.8,,69.0,8.9,17.7,91.0,91.0,996.3,0.0,0.0,,100.0
2025-11-21 00:00:00,4.2,4.6,6.9,3.8,3.8,67.0,8.9,16.9,90.0,90.0,997.0,0.0,0.0,2.0,100.0
2025-11-21 01:00:00,3.5,4.2,,2.4,,69.0,7.4,14.3,97.0,93.0,997.5,0.0,0.0,,100.0
2025-11-21 02:00:00,2.4,2.9,,2.1,,71.0,6.6,12.6,94.0,101.0,998.1,0.0,0.0,,100.0
2025-11-21 03:00:00,2.5,2.8,,2.2,,68.0,3.7,10.2,78.0,97.0,998.7,0.0,0.0,,100.0
2025-11-21 04:00:00,2.9,3.1,,2.5,,65.0,2.5,6.4,93.0,67.0,999.4,0.0,0.0,,100.0
2025-11-21 05:00:00,2.8,3.0,,2.7,,65.0,2.6,7.9,94.0,78.0,1000.0,0.0,0.0,,100.0
2025-11-21 06:00:00,2.8,3.0,5.8,2.6,2.1,64.0,3.5,7.6,71.0,75.0,1000.2,0.0,0.0,1.7,100.0
2025-11-21 07:00:00,2.3,2.8,,1.7,,66.0,3.5,6.4,125.0,102.0,1000.5,0.0,0.0,,100.0
2025-11-21 08:00:00,1.1,1.5,,0.9,,74.0,2.6,5.4,157.0,157.0,1001.3,0.0,0.0,,100.0
2025-11-21 09:00:00,0.2,1.2,,-0.6,,86.0,3.0,5.1,154.0,168.0,1002.1,0.0,0.5,,100.0
2025-11-21 10:00:00,-0.6,-0.3,,-0.8,,92.0,2.1,4.0,188.0,174.0,1002.8,0.0,0.3,,100.0
2025-11-21 11:00:00,-0.5,-0.3,,-0.6,,93.0,1.4,2.7,189.0,175.0,1003.5,0.0,0.5,,100.0
2025-11-21 12:00:00,-0.6,-0.5,4.2,-0.8,-0.7,95.0,0.7,1.5,145.0,199.0,1004.1,1.0,0.1,3.0,100.0
2025-11-21 13:00:00,-0.5,-0.3,,-0.7,,94.0,0.7,1.5,233.0,222.0,1004.6,7.0,0.0,,100.0
2025-11-21 14:00:00,-0.6,-0.3,,-1.1,,94.0,1.2,2.9,176.0,177.0,1004.9,12.0,0.3,,100.0
2025-11-21 15:00:00,-1.3,-1.1,,-1.3,,96.0,1.9,3.0,150.0,159.0,1005.2,19.0,0.3,,100.0
2025-11-21 16:00:00,-1.3,-1.3,,-1.4,,96.0,1.4,2.9,153.0,162.0,1005.3,15.0,0.4,,
2025-11-21 17:00:00,-1.5,-1.4,,-1.6,,96.0,1.3,2.6,150.0,162.0,1005.4,6.0,0.4,,100.0
2025-11-21 18:00:00,-1.6,-1.6,2.8,-1.7,-1.7,97.0,1.0,2.0,160.0,158.0,1005.8,0.0,0.4,3.7,100.0
2025-11-21 19:00:00,-1.9,-1.7,,-2.1,,96.0,0.1,0.9,0.0,193.0,1006.0,0.0,0.1,,100.0
2025-11-21 20:00:00,-2.0,-1.9,,-2.1,,97.0,0.1,0.7,0.0,260.0,1006.3,0.0,0.3,,100.0
2025-11-21 21:00:00,-1.8,-1.8,,-1.9,,97.0,0.3,1.0,0.0,264.0,1006.5,0.0,0.3,,100.0
2025-11-21 22:00:00,-1.9,-1.8,,-2.0,,97.0,0.3,1.2,161.0,163.0,1006.6,0.0,0.2,,100.0
2025-11-21 23:00:00,-1.7,-1.6,,-1.8,,97.0,0.7,1.2,152.0,155.0,1006.5,0.0,0.2,,100.0
2025-11-22 00:00:00,-2.0,-1.7,-0.3,-2.3,-2.3,97.0,0.4,1.2,297.0,270.0,1006.3,0.0,0.1,4.2,
2025-11-22 01:00:00,-2.4,-2.2,,-2.6,,97.0,0.8,1.1,258.0,263.0,1006.1,0.0,0.0,,100.0
2025-11-22 02:00:00,-2.4,-2.2,,-2.6,,96.0,0.8,1.3,265.0,254.0,1005.9,0.0,0.0,,100.0
2025-11-22 03:00:00,-2.6,-2.4,,-2.8,,94.0,0.5,1.3,263.0,262.0,1005.6,0.0,0.0,,100.0
2025-11-22 04:00:00,-2.5,-2.1,,-2.8,,92.0,0.4,1.0,264.0,265.0,1005.4,0.0,0.0,,100.0
2025-11-22 05:00:00,-2.8,-2.5,,-3.1,,93.0,0.2,1.0,233.0,294.0,1005.3,0.0,0.0,,100.0
2025-11-22 06:00:00,-2.8,-2.7,-1.6,-3.2,-3.2,91.0,0.2,1.2,254.0,253.0,1005.2,0.0,0.0,4.2,100.0
2025-11-22 07:00:00,-2.6,-2.3,,-3.0,,92.0,0.2,0.7,126.0,183.0,1004.9,0.0,0.0,,100.0
2025-11-22 08:00:00,-2.4,-2.2,,-2.7,,92.0,0.5,1.1,323.0,139.0,1004.7,0.0,0.0,,100.0
2025-11-22 09:00:00,-2.4,-2.3,,-2.5,,93.0,0.0,0.5,0.0,0.0,1004.6,0.0,0.1,,
2025-11-22 11:00:00,-2.3,-2.2,,-2.3,,97.0,0.2,0.9,2.0,17.0,1004.6,0.0,0.7,,
2025-11-22 12:00:00,-2.1,-1.9,-1.9,-2.3,-3.2,98.0,0.5,2.1,138.0,140.0,1004.6,1.0,0.2,4.4,100.0
2025-11-22 13:00:00,-2.1,-2.1,,-2.2,,97.0,0.8,2.0,146.0,144.0,1004.7,10.0,1.0,,100.0
2025-11-22 14:00:00,-2.1,-2.1,,-2.3,,97.0,0.6,2.1,328.0,152.0,1004.6,28.0,0.4,,100.0
2025-11-22 15:00:00,-2.5,-2.3,,-2.7,,97.0,0.3,1.5,3.0,360.0,1004.5,22.0,0.8,,
2025-11-22 16:00:00,-3.1,-2.7,,-3.2,,97.0,0.9,1.8,17.0,15.0,1004.5,15.0,0.4,,
2025-11-22 17:00:00,-2.9,-2.7,,-3.2,,97.0,0.7,2.2,16.0,10.0,1004.8,5.0,0.6,,100.0
2025-11-22 18:00:00,-3.0,-2.6,-1.9,-3.5,-3.5,97.0,1.6,3.6,7.0,11.0,1005.2,0.0,0.1,5.9,100.0
2025-11-22 19:00:00,-3.8,-3.4,,-4.0,,96.0,1.8,3.3,6.0,11.0,1005.6,0.0,0.0,,100.0
2025-11-22 20:00:00,-3.8,-3.5,,-4.0,,92.0,1.0,2.6,278.0,351.0,1006.1,0.0,0.0,,100.0
2025-11-22 21:00:00,-3.7,-3.5,,-3.9,,86.0,1.0,2.0,273.0,263.0,1006.6,0.0,0.0,,90.0
2025-11-22 22:00:00,-4.4,-3.9,,-5.1,,84.0,0.5,2.0,259.0,280.0,1006.9,0.0,0.0,,100.0
2025-11-22 23:00:00,-4.9,-4.3,,-5.6,,84.0,0.6,1.7,252.0,259.0,1007.3,0.0,0.0,,100.0
2025-11-23 00:00:00,-5.1,-4.6,-2.1,-5.7,-5.7,83.0,0.4,1.2,262.0,244.0,1007.8,0.0,0.0,4.7,100.0
2025-11-23 01:00:00,-5.0,-4.5,,-5.9,,79.0,0.4,1.3,252.0,261.0,1008.3,0.0,0.0,,75.0
2025-11-23 02:00:00,-4.6,-4.1,,-5.0,,75.0,0.7,1.3,251.0,259.0,1008.7,0.0,0.0,,100.0
2025-11-23 03:00:00,-4.4,-4.2,,-4.6,,78.0,0.3,1.0,0.0,185.0,1009.0,0.0,0.0,,100.0
2025-11-23 04:00:00,-4.3,-3.8,,-4.6,,77.0,0.3,0.8,250.0,232.0,1009.4,0.0,0.0,,100.0
2025-11-23 05:00:00,-4.1,-3.7,,-4.6,,76.0,1.1,1.6,254.0,255.0,1009.7,0.0,0.0,,100.0
2025-11-23 06:00:00,-4.9,-3.7,-3.4,-5.9,-5.9,76.0,0.5,1.2,200.0,216.0,1010.2,0.0,0.0,4.7,100.0
2025-11-23 07:00:00,-4.7,-4.4,,-5.1,,77.0,0.7,1.3,237.0,261.0,1010.4,0.0,0.0,,100.0
2025-11-23 08:00:00,-4.6,-4.1,,-5.0,,78.0,0.3,1.0,0.0,181.0,1010.9,0.0,0.0,,100.0
2025-11-23 09:00:00,-4.7,-4.4,,-4.9,,82.0,0.2,0.8,248.0,279.0,1011.5,0.0,0.0,,100.0
2025-11-23 10:00:00,-4.3,-3.8,,-4.5,,78.0,0.6,1.6,250.0,264.0,1011.7,0.0,0.0,,100.0
2025-11-23 11:00:00,-4.4,-3.8,,-5.0,,76.0,0.9,1.6,166.0,233.0,1012.2,0.0,0.0,,75.0
2025-11-23 12:00:00,-4.8,-3.8,-3.7,-5.5,-5.9,77.0,0.8,2.1,251.0,246.0,1012.8,1.0,0.0,3.2,90.0
2025-11-23 13:00:00,-4.8,-4.1,,-5.5,,76.0,1.5,2.3,256.0,260.0,1012.9,11.0,0.0,,100.0
2025-11-23 14:00:00,-4.7,-4.1,,-5.4,,77.0,0.5,1.9,63.0,229.0,1013.5,25.0,0.0,,100.0
2025-11-23 15:00:00,-5.1,-4.2,,-5.8,,78.0,0.8,2.2,259.0,262.0,1013.6,22.0,0.0,,40.0
2025-11-23 16:00:00,-5.8,-4.9,,-6.7,,79.0,1.4,2.4,223.0,256.0,1013.8,14.0,0.0,,0.0
2025-11-23 17:00:00,-6.2,-5.7,,-7.0,,78.0,1.1,2.5,257.0,258.0,1014.0,6.0,0.0,,25.0
2025-11-23 18:00:00,-6.0,-5.3,-3.8,-6.6,-7.0,76.0,2.2,3.1,260.0,260.0,1014.3,0.0,0.0,0.0,0.0
2025-11-23 19:00:00,-6.2,-5.4,,-7.1,,76.0,0.7,1.7,224.0,242.0,1014.7,0.0,0.0,,0.0
2025-11-23 20:00:00,-6.8,-6.1,,-7.5,,77.0,1.0,2.8,294.0,261.0,1015.2,0.0,0.0,,100.0
2025-11-23 21:00:00,-6.8,-6.2,,-7.4,,78.0,1.2,2.6,261.0,262.0,1015.3,0.0,0.0,,10.0
2025-11-23 22:00:00,-6.6,-6.0,,-7.2,,77.0,1.0,2.9,280.0,260.0,1015.6,0.0,0.0,,100.0
2025-11-23 23:00:00,-6.6,-6.0,,-7.3,,79.0,0.8,2.5,255.0,269.0,1015.7,0.0,0.0,,100.0
2025-11-24 00:00:00,-6.5,-5.8,-4.1,-7.5,-7.5,76.0,0.5,2.2,210.0,244.0,1015.5,0.0,0.0,0.0,10.0
2025-11-24 01:00:00,-6.7,-6.4,,-7.1,,77.0,0.3,1.3,269.0,271.0,1015.3,0.0,0.0,,100.0
2025-11-24 02:00:00,-6.8,-6.2,,-7.4,,77.0,0.3,1.6,271.0,259.0,1014.9,0.0,0.0,,100.0
2025-11-24 03:00:00,-7.4,-6.9,,-8.0,,79.0,0.8,2.7,271.0,247.0,1014.5,0.0,0.0,,50.0
2025-11-24 04:00:00,-6.7,-5.9,,-7.0,,74.0,2.5,3.6,269.0,265.0,1013.5,0.0,0.0,,25.0
2025-11-24 05:00:00,-6.3,-5.8,,-6.8,,70.0,1.9,3.5,259.0,264.0,1012.8,0.0,0.0,,0.0
2025-11-24 06:00:00,-5.4,-4.4,-4.4,-6.6,-8.0,71.0,2.5,3.7,157.0,158.0,1012.6,0.0,0.0,0.0,0.0
2025-11-24 07:00:00,-6.1,-4.8,,-7.3,,73.0,1.2,3.0,253.0,260.0,1012.3,0.0,0.0,,0.0
2025-11-24 08:00:00,-6.6,-5.9,,-7.5,,73.0,0.7,2.6,291.0,268.0,1012.1,0.0,0.0,,50.0
2025-11-24 09:00:00,,,,,,,2.2,3.6,243.0,259.0,1011.5,0.0,,,0.0
2025-11-24 10:00:00,-7.0,-6.0,,-7.6,,72.0,1.1,2.4,255.0,234.0,1010.8,0.0,0.0,,25.0
2025-11-24 11:00:00,-6.5,-6.0,,-7.2,,69.0,2.6,4.2,256.0,264.0,1009.7,0.0,0.0,,25.0
2025-11-24 12:00:00,-5.1,-4.0,-4.0,-6.4,-8.0,68.0,1.8,4.4,255.0,240.0,1009.4,2.0,,,100.0
2025-11-24 13:00:00,,,,,,,1.1,3.0,261.0,252.0,1008.6,10.0,,,90.0
2025-11-24 14:00:00,-4.2,-3.6,,-5.0,,68.0,1.2,2.6,295.0,241.0,1007.7,16.0,,,100.0
2025-11-24 15:00:00,-3.6,-2.3,,-5.0,,68.0,2.0,4.8,267.0,268.0,1006.3,19.0,0.0,,100.0
2025-11-24 16:00:00,-1.8,-1.1,,-2.5,,62.0,1.5,4.7,270.0,276.0,1005.3,11.0,0.0,,100.0
2025-11-24 17:00:00,-0.8,-0.5,,-1.1,,67.0,0.8,2.2,120.0,239.0,1004.5,3.0,0.0,,100.0
2025-11-24 18:00:00,-0.3,-0.1,-0.1,-0.6,-7.6,67.0,1.8,7.1,14.0,23.0,1003.3,0.0,0.0,,100.0
2025-11-24 19:00:00,-0.3,0.1,,-0.7,,72.0,3.7,7.5,8.0,8.0,1002.5,0.0,0.0,,100.0
2025-11-24 20:00:00,-0.5,0.1,,-1.2,,76.0,4.1,7.7,10.0,13.0,1001.6,0.0,0.0,,100.0
2025-11-24 21:00:00,-1.4,-0.6,,-1.9,,83.0,4.4,8.0,9.0,12.0,1000.7,0.0,0.0,,100.0
2025-11-24 22:00:00,-0.8,-0.1,,-1.5,,82.0,4.8,9.6,13.0,8.0,999.3,0.0,0.0,,100.0
2025-11-24 23:00:00,-0.2,0.8,,-1.1,,79.0,4.7,8.5,359.0,8.0,998.0,0.0,0.0,,100.0
2025-11-25 00:00:00,0.6,1.0,1.0,0.1,-6.3,73.0,4.5,8.1,4.0,10.0,996.8,0.0,0.0,,100.0
2025-11-25 01:00:00,1.0,1.3,,0.5,,68.0,5.6,10.5,357.0,3.0,996.0,0.0,1.1,,100.0
2025-11-25 02:00:00,1.4,1.7,,1.2,,65.0,5.4,11.4,353.0,358.0,995.0,0.0,0.0,,100.0
2025-11-25 03:00:00,1.8,2.1,2.1,1.4,-2.5,67.0,4.0,8.0,355.0,353.0,994.3,0.0,0.0,,100.0
2025-11-25 04:00:00,1.6,1.9,,1.3,,73.0,3.7,7.3,359.0,356.0,993.7,0.0,0.0,,100.0
2025-11-25 05:00:00,1.1,1.5,,0.7,,80.0,2.9,6.4,3.0,2.0,993.6,0.0,0.0,,100.0
2025-11-25 06:00:00,0.3,0.7,2.1,0.2,-1.9,90.0,2.2,6.0,290.0,354.0,993.5,0.0,0.3,,100.0
2025-11-25 07:00:00,0.6,1.0,,0.3,,92.0,1.1,3.1,231.0,244.0,993.3,0.0,0.3,,100.0
2025-11-25 08:00:00,1.3,2.1,,0.6,,86.0,1.1,5.7,40.0,250.0,992.9,0.0,0.1,,100.0
2025-11-25 09:00:00,2.2,2.7,2.7,1.9,-1.5,73.0,4.3,16.0,33.0,30.0,992.8,0.0,0.0,,100.0
2025-11-25 10:00:00,2.6,2.8,,2.4,,67.0,4.3,11.2,44.0,40.0,993.3,0.0,0.0,,100.0
2025-11-25 11:00:00,2.4,2.6,,2.3,,67.0,4.3,10.2,41.0,46.0,993.5,0.0,0.0,,100.0
2025-11-25 12:00:00,2.0,2.4,2.8,1.6,0.2,69.0,4.2,12.7,56.0,51.0,994.6,0.0,0.0,,100.0
2025-11-25 13:00:00,1.0,1.7,,0.3,,81.0,2.6,7.5,193.0,65.0,995.2,3.0,0.2,,100.0
2025-11-25 14:00:00,0.4,0.9,,0.0,,88.0,2.4,5.7,186.0,161.0,995.7,11.0,0.4,,100.0
2025-11-25 15:00:00,1.2,1.6,2.8,0.8,0.0,75.0,1.6,5.8,52.0,74.0,996.1,17.0,0.0,,100.0
2025-11-25 16:00:00,1.6,1.8,,1.5,,64.0,2.6,6.8,87.0,82.0,996.7,19.0,0.0,,100.0
2025-11-25 17:00:00,1.4,1.7,,1.1,,64.0,2.8,6.4,34.0,36.0,997.3,8.0,0.0,,100.0
2025-11-25 18:00:00,1.0,1.3,2.8,0.7,0.0,67.0,2.2,6.4,25.0,24.0,997.8,0.0,0.0,,100.0
2025-11-25 19:00:00,0.7,0.8,,0.5,,71.0,2.7,6.5,10.0,7.0,998.4,0.0,0.0,,100.0
2025-11-25 20:00:00,0.4,0.7,,0.2,,73.0,2.2,5.1,337.0,353.0,998.8,0.0,0.0,,100.0
2025-11-25 21:00:00,0.2,0.4,2.8,0.0,0.0,75.0,2.6,5.8,358.0,4.0,999.5,0.0,0.0,,75.0
2025-11-25 22:00:00,0.1,0.5,,-0.6,,75.0,2.2,5.0,155.0,52.0,1000.0,0.0,0.0,,100.0
2025-11-25 23:00:00,-1.3,-0.6,,-1.7,,81.0,3.1,6.4,184.0,157.0,1000.7,0.0,0.0,,100.0
2025-11-26 00:00:00,-1.6,-1.4,1.8,-1.7,-1.7,81.0,3.0,5.5,166.0,164.0,1000.7,0.0,0.0,,100.0
2025-11-26 01:00:00,-1.6,-1.6,,-1.7,,81.0,1.9,3.4,171.0,164.0,1001.0,0.0,0.0,,100.0
2025-11-26 02:00:00,-1.8,-1.5,,-2.0,,83.0,2.0,3.8,146.0,151.0,1001.1,0.0,0.0,,100.0
2025-11-26 03:00:00,-2.2,-1.9,1.8,-2.6,-2.6,85.0,1.5,3.0,163.0,136.0,1001.4,0.0,0.0,,100.0
2025-11-26 04:00:00,-2.7,-2.5,,-3.2,,86.0,1.1,2.0,156.0,159.0,1001.5,0.0,0.0,,100.0
2025-11-26 05:00:00,-2.4,-2.3,,-2.5,,88.0,0.5,1.3,117.0,127.0,1001.8,0.0,0.0,,100.0
2025-11-26 06:00:00,-2.4,-2.1,0.8,-2.6,-3.2,88.0,1.1,2.4,143.0,153.0,1001.9,0.0,0.0,0.9,100.0
2025-11-26 07:00:00,-2.2,-2.1,,-2.3,,82.0,1.9,3.7,116.0,125.0,1002.1,0.0,0.0,,100.0
2025-11-26 08:00:00,-2.3,-2.3,,-2.4,,82.0,2.0,3.3,135.0,121.0,1002.5,0.0,0.0,,100.0
2025-11-26 09:00:00,-2.6,-2.4,0.5,-2.6,-3.2,85.0,1.6,2.9,149.0,125.0,1003.0,0.0,0.1,,100.0
2025-11-26 10:00:00,-2.6,-2.6,,-2.7,,87.0,1.2,2.4,135.0,148.0,1003.4,0.0,0.1,,100.0
2025-11-26 11:00:00,-2.7,-2.6,,-2.7,,87.0,0.6,2.2,175.0,178.0,1003.6,0.0,0.0,,100.0
2025-11-26 12:00:00,-2.6,-2.5,-1.5,-2.7,-3.2,81.0,1.4,2.7,107.0,124.0,1003.8,2.0,0.0,,100.0
2025-11-26 13:00:00,,,,,,,1.1,2.1,109.0,100.0,1003.8,17.0,0.0,,100.0
2025-11-26 14:00:00,-3.1,-2.5,,-3.4,,82.0,0.3,0.9,177.0,196.0,1003.8,22.0,0.0,,100.0
2025-11-26 15:00:00,-3.0,-2.8,,-3.3,,83.0,0.3,1.9,254.0,228.0,1003.8,22.0,0.0,,100.0
2025-11-26 16:00:00,-3.0,-2.9,,-3.1,,86.0,0.8,2.1,327.0,294.0,1003.6,13.0,0.0,,100.0
2025-11-26 17:00:00,-3.2,-3.1,,-3.4,,92.0,0.7,1.9,306.0,319.0,1003.5,4.0,0.0,,100.0
2025-11-26 18:00:00,-3.4,-3.3,-2.1,-3.4,-3.4,96.0,0.2,1.4,26.0,1.0,1003.7,0.0,0.1,,100.0
2025-11-26 19:00:00,-3.4,-3.3,,-3.6,,97.0,0.3,1.3,0.0,33.0,1003.9,0.0,0.1,,100.0
2025-11-26 20:00:00,-3.9,-3.6,,-4.2,,95.0,0.3,1.0,177.0,183.0,1003.9,0.0,0.0,,100.0
2025-11-26 21:00:00,-3.9,-3.7,,-4.1,,92.0,0.3,1.0,347.0,161.0,1004.1,0.0,0.0,,100.0
2025-11-26 22:00:00,-3.6,-3.4,,-3.7,,96.0,0.4,2.4,66.0,46.0,1004.0,0.0,0.5,,100.0
2025-11-26 23:00:00,-3.5,-3.4,,-3.8,,95.0,2.5,4.2,139.0,135.0,1004.0,0.0,0.7,,100.0
2025-11-27 00:00:00,-3.9,-3.8,-2.5,-4.0,-4.2,93.0,1.8,3.2,137.0,137.0,1003.7,0.0,0.5,,100.0
2025-11-27 01:00:00,-4.1,-4.0,,-4.2,,91.0,1.9,3.2,127.0,119.0,1003.4,0.0,0.0,,100.0
2025-11-27 02:00:00,-4.2,-4.2,,-4.3,,89.0,0.9,2.6,97.0,126.0,1002.9,0.0,0.0,,100.0
2025-11-27 03:00:00,-4.4,-4.3,-2.9,-4.5,-4.5,92.0,0.2,2.0,49.0,59.0,1002.4,0.0,0.0,,100.0
2025-11-27 04:00:00,-4.8,-4.4,,-5.3,,85.0,1.1,3.1,289.0,338.0,1002.1,0.0,0.0,,100.0
2025-11-27 05:00:00,-5.7,-5.3,,-6.1,,88.0,1.0,2.4,256.0,261.0,1001.7,0.0,0.0,,100.0
2025-11-27 06:00:00,-5.4,-5.4,-3.2,-5.7,-6.1,90.0,0.6,2.0,0.0,268.0,1001.6,0.0,0.0,1.9,100.0
2025-11-27 07:00:00,-5.4,-5.2,,-5.4,,94.0,0.7,1.8,268.0,262.0,1001.2,0.0,0.1,,100.0
2025-11-27 08:00:00,-5.4,-5.3,,-5.4,,95.0,1.4,2.1,258.0,263.0,1000.9,0.0,0.0,,100.0
2025-11-27 09:00:00,-5.6,-5.4,-3.4,-5.8,-6.1,95.0,1.2,2.0,270.0,264.0,1000.7,0.0,0.0,,100.0
2025-11-27 10:00:00,-5.7,-5.5,,-6.1,,93.0,0.4,1.4,13.0,350.0,1000.6,0.0,0.0,,100.0
2025-11-27 11:00:00,-6.7,-6.1,,-7.2,,89.0,0.7,1.8,348.0,290.0,1000.5,0.0,0.0,,90.0
2025-11-27 12:00:00,-6.8,-6.3,-4.0,-7.6,-7.6,87.0,0.7,2.5,312.0,330.0,1000.7,0.0,0.0,,40.0
2025-11-27 13:00:00,,,,,,,0.1,1.3,164.0,301.0,1000.6,8.0,,,50.0
2025-11-27 14:00:00,,,,,,,0.1,1.1,271.0,266.0,1000.8,15.0,,,100.0
2025-11-27 15:00:00,,,,,,,,2.8,,,,,,,100.0
2025-11-27 16:00:00,,,,,,,1.5,2.7,298.0,267.0,1001.0,14.0,,,100.0
2025-11-27 17:00:00,,,,,,,0.5,3.1,264.0,273.0,1001.2,3.0,,,10.0
2025-11-27 18:00:00,,,,,,,2.1,3.6,250.0,260.0,1001.5,0.0,,,0.0
2025-11-27 19:00:00,,,,,,,1.3,2.7,252.0,258.0,1002.0,0.0,,,0.0
2025-11-27 20:00:00,,,,,,,1.4,3.2,260.0,258.0,1002.2,0.0,,,0.0
2025-11-27 21:00:00,,,,,,81.0,2.1,3.1,236.0,258.0,1002.3,0.0,,,0.0
2025-11-27 22:00:00,,,,,,,0.5,2.7,180.0,213.0,1002.9,0.0,,,0.0
2025-11-27 23:00:00,,,,,,,0.6,1.4,203.0,188.0,1003.0,0.0,,,0.0
2025-11-28 00:00:00,-9.9,-9.1,-6.9,-10.6,-10.6,78.0,1.5,2.8,241.0,258.0,1003.3,0.0,,,0.0
2025-11-28 01:00:00,,,,,,,1.9,2.7,263.0,264.0,1003.5,0.0,,,0.0
2025-11-28 02:00:00,,,,,,,1.4,2.7,258.0,262.0,1003.5,0.0,,,0.0
2025-11-28 03:00:00,,,,,,,1.9,3.5,264.0,261.0,1003.5,0.0,,,0.0
2025-11-28 04:00:00,,,,,,,2.4,3.4,269.0,263.0,1003.9,0.0,,,0.0
2025-11-28 05:00:00,,,,,,,2.4,3.3,261.0,262.0,1004.1,0.0,,,0.0
2025-11-28 06:00:00,,,,,,,2.3,3.0,262.0,260.0,1004.4,0.0,,,0.0
2025-11-28 07:00:00,,,,,,,,2.9,,,1004.8,,,,0.0
2025-11-28 08:00:00,,,,,,,1.6,3.6,259.0,258.0,1004.8,0.0,,,0.0
2025-11-28 09:00:00,,,,,,,2.0,3.7,276.0,261.0,1005.3,0.0,,,0.0
2025-11-28 10:00:00,,,,,,,1.7,2.8,253.0,259.0,1005.4,0.0,,,0.0
2025-11-28 11:00:00,,,,,,,2.5,3.4,271.0,263.0,1005.4,0.0,,,0.0
2025-11-28 12:00:00,,,,,,,2.1,3.2,269.0,266.0,1005.6,0.0,,,0.0
2025-11-28 13:00:00,,,,,,,1.8,3.1,262.0,263.0,1005.9,11.0,,,0.0
2025-11-28 14:00:00,-10.1,-9.6,,-10.6,,82.0,1.9,3.6,265.0,260.0,1005.8,19.0,,,0.0
2025-11-28 15:00:00,-9.9,-9.5,,-10.7,,83.0,1.3,3.4,184.0,254.0,1005.9,21.0,0.0,,0.0
2025-11-28 16:00:00,-10.4,-9.8,,-10.9,,85.0,0.4,1.8,183.0,246.0,1005.8,17.0,0.0,,0.0
2025-11-28 17:00:00,-10.0,-9.2,,-10.8,,83.0,1.8,2.7,264.0,263.0,1005.8,12.0,0.0,,40.0
2025-11-28 18:00:00,-9.5,-9.2,-9.1,-9.9,-11.2,83.0,1.8,3.3,136.0,257.0,1006.0,0.0,0.0,,50.0
2025-11-28 19:00:00,-9.7,-9.4,,-10.1,,85.0,0.3,1.3,202.0,178.0,1006.2,0.0,0.0,,100.0
2025-11-28 20:00:00,-9.5,-8.4,,-10.1,,84.0,2.1,3.8,257.0,264.0,1006.2,0.0,0.0,,100.0
2025-11-28 21:00:00,-8.5,-8.0,,-8.8,,82.0,1.1,3.3,79.0,272.0,1006.3,0.0,0.0,,100.0
2025-11-28 22:00:00,-7.8,-7.5,,-8.3,,81.0,0.9,3.7,264.0,289.0,1006.3,0.0,0.0,,100.0
2025-11-28 23:00:00,-7.2,-6.8,,-8.2,,78.0,2.9,4.5,259.0,263.0,1005.7,0.0,0.0,,100.0
2025-11-29 00:00:00,-6.5,-6.0,-6.0,-6.9,-10.9,81.0,1.6,4.1,265.0,281.0,1005.5,0.0,0.0,,100.0
2025-11-29 01:00:00,-5.9,-5.5,,-6.1,,88.0,1.5,3.8,351.0,293.0,1005.6,0.0,0.0,,100.0
2025-11-29 02:00:00,-5.2,-5.0,,-5.6,,84.0,1.8,4.8,353.0,350.0,1005.4,0.0,0.0,,100.0
2025-11-29 03:00:00,-5.1,-4.9,-4.9,-5.4,-10.9,85.0,3.0,7.5,356.0,345.0,1005.5,0.0,0.0,,100.0
2025-11-29 04:00:00,-4.9,-4.7,,-5.1,,86.0,4.1,8.1,358.0,2.0,1005.9,0.0,0.0,,100.0
2025-11-29 05:00:00,-4.8,-4.6,,-5.1,,88.0,4.6,8.4,360.0,360.0,1005.9,0.0,0.2,,
2025-11-29 06:00:00,-4.8,-4.5,-4.5,-5.0,-10.1,94.0,3.5,7.0,354.0,353.0,1006.1,0.0,0.5,,100.0
2025-11-29 07:00:00,-5.0,-4.8,,-5.2,,89.0,4.5,9.2,350.0,345.0,1006.0,0.0,0.2,,100.0
2025-11-29 08:00:00,-4.6,-4.3,,-5.0,,86.0,4.1,7.8,4.0,360.0,1006.2,0.0,0.0,,100.0
2025-11-29 09:00:00,-4.7,-4.3,-4.3,-4.9,-8.3,85.0,4.5,9.1,331.0,354.0,1006.7,0.0,0.1,,100.0
2025-11-29 10:00:00,-4.6,-4.2,,-4.9,,84.0,3.1,7.8,352.0,351.0,1006.9,0.0,0.0,,100.0
2025-11-29 11:00:00,-4.1,-3.8,,-4.5,,76.0,4.0,9.0,321.0,344.0,1007.2,0.0,0.0,,100.0
2025-11-29 12:00:00,-3.8,-3.4,-3.4,-4.0,-6.1,73.0,2.9,7.5,357.0,4.0,1007.5,0.0,0.0,,100.0
2025-11-29 13:00:00,-3.4,-2.6,,-3.8,,69.0,4.6,9.4,7.0,4.0,1007.3,5.0,0.0,,100.0
2025-11-29 14:00:00,-2.5,-1.9,,-3.2,,67.0,3.7,6.1,19.0,10.0,1007.2,13.0,0.0,,100.0
2025-11-29 15:00:00,-2.5,-2.1,-1.9,-2.8,-5.2,69.0,2.9,6.0,2.0,11.0,1006.9,15.0,0.0,,100.0
2025-11-29 16:00:00,-2.2,-2.1,,-2.5,,69.0,3.1,6.7,16.0,8.0,1006.5,13.0,0.0,,100.0
2025-11-29 17:00:00,-2.5,-2.3,,-2.7,,71.0,2.8,5.9,20.0,19.0,1006.2,3.0,0.0,,100.0
2025-11-29 18:00:00,-2.4,-2.2,-1.9,-2.5,-5.2,72.0,2.8,6.7,11.0,8.0,1005.9,0.0,0.0,,100.0
2025-11-29 19:00:00,-2.4,-2.2,,-2.6,,69.0,2.7,6.9,360.0,359.0,1005.3,0.0,0.0,,100.0
2025-11-29 20:00:00,-2.1,-2.1,,-2.3,,67.0,2.9,6.9,358.0,359.0,1005.1,0.0,0.0,,100.0
2025-11-29 21:00:00,-1.9,-1.7,-1.7,-2.2,-4.9,65.0,2.6,7.9,4.0,351.0,1004.5,0.0,0.0,,100.0
2025-11-29 22:00:00,-1.7,-1.5,,-1.9,,63.0,3.3,7.8,329.0,5.0,1004.2,0.0,0.0,,100.0
2025-11-29 23:00:00,-1.5,-1.1,,-1.8,,62.0,3.2,7.3,326.0,358.0,1003.6,0.0,0.0,,100.0
2025-11-30 00:00:00,-1.2,-1.0,-1.0,-1.4,-3.8,61.0,3.9,10.5,34.0,13.0,1003.0,0.0,0.0,,100.0
2025-11-30 01:00:00,-1.6,-1.3,,-2.1,,70.0,5.4,12.9,39.0,33.0,1002.2,0.0,0.0,,100.0
2025-11-30 02:00:00,-1.9,-1.4,,-2.1,,75.0,4.4,12.5,32.0,25.0,1001.5,0.0,0.1,,100.0
2025-11-30 03:00:00,-1.3,-1.0,-1.0,-1.6,-2.7,68.0,4.9,12.5,32.0,26.0,1000.9,0.0,0.0,,100.0
2025-11-30 04:00:00,-1.1,-1.0,,-1.2,,66.0,5.6,12.9,35.0,28.0,1000.7,0.0,0.0,,100.0
2025-11-30 05:00:00,-1.4,-1.2,,-1.5,,65.0,4.7,12.8,7.0,35.0,1000.2,0.0,0.0,,100.0
2025-11-30 06:00:00,-1.3,-1.2,-1.0,-1.5,-2.6,60.0,4.0,13.0,321.0,15.0,999.3,0.0,0.0,0.3,100.0
2025-11-30 07:00:00,-1.4,-1.2,,-1.6,,54.0,3.7,15.1,314.0,345.0,999.3,0.0,0.0,,60.0
2025-11-30 08:00:00,-1.6,-1.3,,-1.9,,52.0,3.2,8.2,297.0,313.0,998.7,0.0,0.0,,50.0
2025-11-30 09:00:00,-2.0,-1.4,-1.0,-2.3,-2.3,54.0,2.9,5.3,304.0,299.0,998.7,0.0,0.0,,25.0
2025-11-30 10:00:00,,,,,,,1.7,4.0,287.0,292.0,998.7,0.0,,,0.0
2025-11-30 11:00:00,,,,,,,2.0,4.1,266.0,271.0,998.4,0.0,,,0.0
2025-11-30 12:00:00,,,,,,,1.6,3.7,348.0,286.0,997.6,0.0,,,0.0
2025-11-30 13:00:00,,,,,,,1.5,3.6,164.0,159.0,996.9,8.0,,,90.0
2025-11-30 14:00:00,,,,,,,1.2,4.1,174.0,212.0,995.9,24.0,,,90.0
2025-11-30 15:00:00,,,,,,,2.4,4.8,148.0,152.0,995.3,27.0,,,100.0
2025-11-30 16:00:00,,,,,,,1.8,4.5,272.0,169.0,995.0,15.0,,,100.0
2025-11-30 17:00:00,,,,,,,1.6,4.1,160.0,236.0,995.3,2.0,,,100.0
2025-11-30 18:00:00,,-1.1,-1.1,-3.5,-4.8,65.0,2.0,5.0,189.0,189.0,995.3,0.0,,,100.0
2025-11-30 19:00:00,,,,,,,,4.9,,,995.9,0.0,,,100.0
2025-11-30 20:00:00,,,,,,,2.4,4.9,291.0,186.0,996.3,0.0,,,100.0
2025-11-30 21:00:00,,,,,,,1.4,3.0,151.0,155.0,997.1,0.0,,,100.0
2025-11-30 22:00:00,,,,,,,0.5,2.0,258.0,299.0,997.5,0.0,,,100.0
2025-11-30 23:00:00,,,,,,,0.7,2.2,0.0,257.0,998.0,0.0,,,100.0
2025-12-01 00:00:00,-2.9,-2.7,-1.1,-3.2,-4.8,69.0,1.3,3.0,204.0,246.0,998.2,0.0,,,100.0
2025-12-01 01:00:00,,,,,,,1.1,2.7,287.0,259.0,998.0,0.0,,,100.0
2025-12-01 02:00:00,,,,,,,0.7,1.5,172.0,178.0,998.2,0.0,,,100.0
2025-12-01 03:00:00,,,,,,,1.3,2.1,269.0,198.0,998.6,0.0,,,100.0
2025-12-01 04:00:00,,,,,,,2.0,3.4,257.0,259.0,998.8,0.0,,,75.0
2025-12-01 05:00:00,,,,,,,3.1,4.8,273.0,256.0,998.9,0.0,,,100.0
2025-12-01 06:00:00,,,,,-4.0,73.0,1.5,3.5,167.0,172.0,999.8,0.0,,,100.0
2025-12-01 07:00:00,,,,,,,1.4,2.4,160.0,161.0,1000.4,0.0,,,100.0
2025-12-01 08:00:00,,,,,,,0.9,3.0,226.0,226.0,1001.2,0.0,,,100.0
2025-12-01 09:00:00,-4.2,-3.6,,-4.6,,74.0,1.0,2.5,266.0,244.0,1001.9,0.0,,,100.0
2025-12-01 10:00:00,-4.3,-3.5,,-4.9,,71.0,2.5,3.7,260.0,263.0,1002.3,0.0,0.0,,25.0
2025-12-01 11:00:00,-5.1,-4.5,,-6.0,,70.0,2.5,3.8,262.0,263.0,1003.1,0.0,0.0,,0.0
2025-12-01 12:00:00,-5.4,-4.9,-2.5,-5.9,-6.0,68.0,2.2,3.8,279.0,267.0,1003.8,0.0,,,0.0
2025-12-01 13:00:00,-5.5,-4.6,,-6.0,,69.0,1.9,4.2,279.0,268.0,1004.1,6.0,0.0,,60.0
2025-12-01 14:00:00,-4.6,-3.8,,-5.3,,74.0,0.6,1.8,195.0,115.0,1004.5,14.0,0.0,,100.0
2025-12-01 15:00:00,-3.7,-3.4,,-4.1,,72.0,1.3,3.2,275.0,254.0,1004.8,19.0,0.0,,100.0
2025-12-01 16:00:00,-3.9,-3.3,,-4.5,,74.0,0.6,2.7,311.0,262.0,1005.2,11.0,0.0,,100.0
2025-12-01 17:00:00,-3.7,-3.4,,-4.1,,72.0,0.4,1.6,0.0,276.0,1005.5,2.0,0.0,,100.0
2025-12-01 18:00:00,-4.5,-3.9,-3.0,-4.9,-6.0,72.0,0.7,3.2,250.0,228.0,1006.2,0.0,0.0,,100.0
2025-12-01 19:00:00,-4.8,-4.1,,-5.2,,72.0,0.8,2.7,262.0,270.0,1006.6,0.0,0.0,,10.0
2025-12-01 20:00:00,-4.9,-4.2,,-5.5,,70.0,0.3,2.2,0.0,263.0,1007.1,0.0,0.0,,50.0
2025-12-01 21:00:00,-5.3,-4.6,,-5.9,,70.0,0.2,1.0,54.0,227.0,1007.8,0.0,0.0,,40.0
2025-12-01 22:00:00,-5.2,-4.8,,-5.8,,71.0,0.3,1.4,116.0,252.0,1008.0,0.0,0.0,,0.0
2025-12-01 23:00:00,-5.3,-4.9,,-5.8,,71.0,0.6,1.9,255.0,209.0,1008.4,0.0,0.0,,50.0
2025-12-02 00:00:00,-4.7,-4.4,-3.3,-5.8,-6.0,68.0,0.8,2.2,273.0,265.0,1008.7,0.0,0.0,,100.0
2025-12-02 01:00:00,-4.9,-4.5,,-5.1,,67.0,0.3,1.3,228.0,260.0,1008.8,0.0,0.0,,100.0
2025-12-02 02:00:00,-4.4,-3.6,,-5.1,,67.0,1.2,3.0,262.0,268.0,1008.8,0.0,0.0,,100.0
2025-12-02 03:00:00,-4.7,-3.7,-3.3,-5.1,-5.9,67.0,1.2,3.3,291.0,278.0,1009.1,0.0,0.0,,40.0
2025-12-02 04:00:00,-5.0,-4.5,,-5.5,,66.0,1.5,3.7,264.0,267.0,1009.4,0.0,0.0,,100.0
2025-12-02 05:00:00,-4.6,-3.9,,-5.7,,64.0,2.6,3.8,281.0,267.0,1009.5,0.0,0.0,,50.0
2025-12-02 06:00:00,-5.0,-4.2,-3.6,-5.6,-5.9,63.0,1.5,2.8,261.0,269.0,1009.6,0.0,0.0,,0.0
2025-12-02 07:00:00,-4.8,-3.7,,-6.2,,61.0,1.6,3.9,254.0,260.0,1009.7,0.0,0.0,,0.0
2025-12-02 08:00:00,-5.1,-4.8,,-5.5,,62.0,2.9,4.9,268.0,262.0,1009.7,0.0,,,90.0
2025-12-02 09:00:00,-4.5,-3.9,,-5.5,,62.0,1.9,3.6,260.0,265.0,1009.9,0.0,0.0,,75.0
2025-12-02 10:00:00,-4.6,-3.9,,-5.6,,63.0,0.8,2.4,213.0,243.0,1009.9,0.0,0.0,,100.0
2025-12-02 11:00:00,-4.6,-3.6,,-5.1,,65.0,1.8,3.4,271.0,263.0,1010.1,0.0,0.0,,100.0
2025-12-02 12:00:00,-3.8,-3.1,-3.1,-4.4,-6.2,63.0,1.9,3.7,257.0,262.0,1009.7,0.0,0.0,,100.0
2025-12-02 13:00:00,-3.5,-2.6,,-4.2,,63.0,1.9,3.9,277.0,263.0,1009.3,4.0,0.0,,100.0
2025-12-02 14:00:00,-2.6,-2.2,,-3.0,,61.0,0.8,2.8,306.0,297.0,1008.6,9.0,0.0,,100.0
2025-12-02 15:00:00,-2.0,-1.3,,-2.6,,62.0,2.2,5.1,343.0,310.0,1008.0,13.0,0.0,,100.0
2025-12-02 16:00:00,-0.8,-0.3,,-1.5,,54.0,3.1,6.9,3.0,8.0,1007.8,10.0,0.0,,100.0
2025-12-02 17:00:00,-0.4,0.0,,-0.6,,51.0,2.1,7.9,23.0,27.0,1007.6,2.0,0.0,,100.0
2025-12-02 18:00:00,-0.3,0.0,0.0,-0.5,-6.2,48.0,2.4,7.7,60.0,46.0,1007.8,0.0,0.0,,100.0
2025-12-02 19:00:00,-0.4,-0.2,,-0.7,,50.0,2.1,5.7,23.0,29.0,1007.5,0.0,0.0,,100.0
2025-12-02 20:00:00,-0.2,0.0,,-0.5,,49.0,5.0,10.9,41.0,40.0,1007.3,0.0,0.0,,100.0
2025-12-02 21:00:00,-0.1,0.0,0.0,-0.3,-5.6,52.0,5.0,12.5,41.0,39.0,1006.9,0.0,0.0,,100.0
2025-12-02 22:00:00,-0.1,0.0,,-0.2,,51.0,6.0,15.1,38.0,43.0,1006.7,0.0,0.0,,100.0
2025-12-02 23:00:00,0.0,0.1,,-0.2,,50.0,5.6,11.8,36.0,38.0,1006.6,0.0,0.0,,100.0
2025-12-03 00:00:00,0.0,0.2,0.2,-0.2,-4.2,49.0,4.8,11.1,34.0,45.0,1006.2,0.0,0.0,,100.0
2025-12-03 01:00:00,0.2,0.4,,-0.2,,48.0,5.4,13.0,45.0,44.0,1006.1,0.0,0.0,,100.0
2025-12-03 02:00:00,0.2,0.3,,0.1,,50.0,4.2,11.9,20.0,35.0,1006.0,0.0,0.0,,100.0
2025-12-03 03:00:00,0.2,0.3,0.4,0.1,-1.5,51.0,4.3,14.7,31.0,29.0,1005.6,0.0,0.0,,100.0
2025-12-03 04:00:00,0.2,0.4,,0.0,,50.0,4.9,12.6,8.0,16.0,1005.5,0.0,0.0,,100.0
2025-12-03 05:00:00,0.1,0.3,,-0.2,,48.0,4.1,10.5,12.0,360.0,1005.5,0.0,0.0,,0.0
2025-12-03 06:00:00,-0.1,0.5,0.5,-0.6,-0.7,47.0,2.9,7.6,19.0,22.0,1006.0,0.0,0.0,,100.0
2025-12-03 07:00:00,-0.1,0.3,,-0.4,,45.0,2.4,9.2,21.0,28.0,1006.5,0.0,0.0,,60.0
2025-12-03 08:00:00,-0.1,0.5,,-0.6,,43.0,2.3,10.1,360.0,11.0,1006.7,0.0,0.0,,50.0
2025-12-03 09:00:00,-0.3,0.3,0.5,-0.8,-0.8,44.0,2.5,8.0,7.0,13.0,1007.1,0.0,0.0,,0.0
2025-12-03 10:00:00,-0.4,0.1,,-1.1,,44.0,2.3,6.6,311.0,348.0,1007.5,0.0,0.0,,40.0
2025-12-03 11:00:00,-1.0,-0.2,,-1.6,,46.0,2.6,7.4,343.0,336.0,1007.5,0.0,0.0,,10.0
2025-12-03 12:00:00,-0.6,-0.1,0.5,-1.4,-1.6,43.0,2.0,5.3,314.0,316.0,1007.8,0.0,0.0,,100.0
2025-12-03 13:00:00,-0.2,0.5,,-0.6,,41.0,1.6,6.3,271.0,313.0,1007.9,3.0,0.0,,100.0
2025-12-03 14:00:00,0.3,0.9,,-0.3,,38.0,2.6,7.9,323.0,321.0,1007.9,11.0,0.0,,100.0
2025-12-03 15:00:00,0.5,1.0,1.0,0.1,-1.6,38.0,3.2,7.5,303.0,315.0,1008.0,17.0,0.0,,90.0
2025-12-03 16:00:00,0.2,0.7,,-0.3,,40.0,2.5,6.1,332.0,329.0,1008.2,10.0,0.0,,100.0
2025-12-03 17:00:00,-0.7,-0.3,,-1.1,,47.0,1.7,4.2,322.0,323.0,1008.6,1.0,0.0,,100.0
2025-12-03 18:00:00,-0.7,-0.3,1.0,-1.0,-1.6,47.0,2.6,5.1,11.0,359.0,1008.9,0.0,0.0,,100.0
2025-12-03 19:00:00,-0.7,-0.5,,-0.9,,48.0,2.8,5.9,342.0,346.0,1009.4,0.0,0.0,,100.0
2025-12-03 20:00:00,-0.7,-0.4,,-1.0,,48.0,1.9,4.8,346.0,348.0,1009.9,0.0,0.0,,100.0
2025-12-03 21:00:00,-0.3,0.5,1.0,-1.2,-1.6,46.0,2.2,6.1,7.0,349.0,1010.4,0.0,0.0,,100.0
2025-12-03 22:00:00,0.2,0.6,,-0.1,,48.0,3.4,9.1,352.0,11.0,1011.4,0.0,0.0,,100.0
2025-12-03 23:00:00,-0.4,0.0,,-0.6,,56.0,3.2,8.1,355.0,360.0,1011.7,0.0,0.0,,100.0
2025-12-04 00:00:00,-0.6,-0.4,1.0,-0.8,-1.2,62.0,3.8,9.4,356.0,6.0,1011.5,0.0,0.0,,100.0
2025-12-04 01:00:00,-0.2,0.1,,-0.6,,54.0,3.1,9.5,358.0,10.0,1012.0,0.0,0.0,,100.0
2025-12-04 02:00:00,0.1,0.3,,-0.2,,50.0,2.9,7.5,10.0,21.0,1011.9,0.0,0.0,,100.0
2025-12-04 03:00:00,0.1,0.4,0.7,-0.3,-1.2,48.0,3.7,10.3,13.0,20.0,1011.9,0.0,0.0,,100.0
2025-12-04 04:00:00,0.4,0.6,,0.2,,46.0,4.0,9.6,29.0,29.0,1012.0,0.0,0.0,,100.0
2025-12-04 05:00:00,0.5,0.6,,0.3,,45.0,4.0,9.5,33.0,32.0,1012.2,0.0,0.0,,100.0
2025-12-04 06:00:00,0.3,0.5,0.6,0.1,-1.2,47.0,4.9,12.1,50.0,44.0,1012.6,0.0,0.0,0.0,100.0
2025-12-04 07:00:00,0.1,0.4,,-0.2,,48.0,3.3,8.8,44.0,44.0,1013.3,0.0,0.0,,100.0
2025-12-04 08:00:00,0.0,0.2,,-0.2,,49.0,2.8,7.8,45.0,46.0,1013.9,0.0,0.0,,100.0
2025-12-04 09:00:00,-0.2,0.2,0.6,-0.8,-0.8,51.0,2.1,8.7,13.0,45.0,1014.4,0.0,0.0,,100.0
2025-12-04 10:00:00,-0.4,0.1,,-0.8,,52.0,1.5,5.1,16.0,9.0,1014.7,0.0,0.0,,100.0
2025-12-04 11:00:00,-0.6,0.0,,-1.1,,56.0,1.1,3.6,157.0,23.0,1015.1,0.0,0.0,,100.0
2025-12-04 12:00:00,-1.3,-0.9,0.6,-1.8,-1.8,60.0,2.8,5.9,126.0,128.0,1015.3,0.0,0.0,,100.0
2025-12-04 13:00:00,-2.4,-1.8,,-2.6,,68.0,3.2,6.3,175.0,156.0,1015.4,3.0,0.0,,100.0
2025-12-04 14:00:00,-2.6,-2.2,,-2.8,,67.0,3.0,7.3,161.0,162.0,1015.4,12.0,0.0,,100.0
2025-12-04 15:00:00,-3.1,-2.7,0.6,-3.6,-3.6,68.0,2.2,4.2,165.0,154.0,1015.2,13.0,0.0,,40.0
2025-12-04 16:00:00,-4.0,-3.7,,-4.3,,69.0,2.1,3.8,165.0,171.0,1015.3,9.0,0.0,,0.0
2025-12-04 17:00:00,-4.5,-4.2,,-4.7,,72.0,2.2,3.7,145.0,159.0,1015.3,1.0,0.0,,0.0
2025-12-04 18:00:00,-4.9,-4.6,0.4,-5.2,-5.2,71.0,2.3,3.3,159.0,155.0,1015.7,0.0,0.0,,0.0
2025-12-04 19:00:00,-5.1,-4.6,,-5.4,,69.0,1.6,2.6,167.0,171.0,1016.0,0.0,0.0,,0.0
2025-12-04 20:00:00,-6.0,-5.3,,-6.7,,71.0,2.0,3.5,259.0,254.0,1016.2,0.0,0.0,,0.0
2025-12-04 21:00:00,-6.1,-5.9,0.1,-6.7,-6.7,71.0,3.0,3.9,265.0,256.0,1016.1,0.0,0.0,,0.0
2025-12-04 22:00:00,-6.9,-6.4,,-7.8,,72.0,1.8,3.2,266.0,266.0,1016.3,0.0,0.0,,0.0
2025-12-04 23:00:00,-7.0,-6.5,,-7.5,,73.0,0.2,1.4,61.0,258.0,1016.2,0.0,0.0,,0.0
2025-12-05 00:00:00,-7.2,-6.3,-1.8,-7.8,-7.8,72.0,1.1,3.0,202.0,256.0,1016.0,0.0,0.0,,0.0
2025-12-05 01:00:00,-8.1,-7.4,,-8.7,,75.0,0.9,2.3,152.0,233.0,1015.9,0.0,0.0,,0.0
2025-12-05 02:00:00,-7.6,-6.1,,-8.4,,75.0,1.0,4.4,242.0,221.0,1016.1,0.0,0.0,,0.0
2025-12-05 03:00:00,-8.2,-7.1,-3.7,-9.6,-9.6,75.0,2.0,3.2,268.0,262.0,1016.2,0.0,0.0,,0.0
2025-12-05 04:00:00,-7.9,-7.5,,-8.6,,74.0,2.9,4.5,266.0,261.0,1016.0,0.0,0.0,,0.0
2025-12-05 05:00:00,-7.9,-7.0,,-9.0,,72.0,2.1,3.5,259.0,257.0,1016.0,0.0,0.0,,0.0
2025-12-05 06:00:00,-8.2,-7.7,-4.6,-8.6,-9.6,73.0,2.8,4.0,275.0,263.0,1015.9,0.0,0.0,0.0,0.0
2025-12-05 07:00:00,-8.1,-7.5,,-8.8,,71.0,2.8,4.3,259.0,260.0,1015.7,0.0,0.0,,0.0
2025-12-05 08:00:00,-8.7,-7.8,,-9.4,,69.0,2.1,3.3,267.0,260.0,1015.8,0.0,0.0,,0.0
2025-12-05 09:00:00,-8.3,-7.9,-6.1,-8.8,-9.6,68.0,3.0,4.2,264.0,261.0,1015.7,0.0,0.0,,0.0
2025-12-05 10:00:00,-8.0,-7.4,,-8.4,,63.0,2.5,4.4,273.0,266.0,1015.6,0.0,0.0,,0.0
2025-12-05 11:00:00,-8.2,-7.6,,-9.0,,61.0,3.2,5.1,267.0,263.0,1015.6,0.0,0.0,,0.0
2025-12-05 12:00:00,-7.4,-6.0,-6.0,-8.3,-9.6,55.0,2.3,4.2,282.0,269.0,1015.4,0.0,0.0,,0.0
2025-12-05 13:00:00,-6.4,-5.5,,-7.5,,45.0,1.2,3.1,313.0,285.0,1015.1,4.0,0.0,,0.0
2025-12-05 14:00:00,-6.6,-6.1,,-7.2,,42.0,0.7,2.4,160.0,252.0,1015.3,9.0,0.0,,0.0
2025-12-05 15:00:00,-6.7,-4.9,-4.9,-7.4,-9.4,41.0,1.1,3.3,250.0,245.0,1015.2,11.0,0.0,,0.0
2025-12-05 16:00:00,-6.6,-5.4,,-7.8,,40.0,3.0,4.9,260.0,260.0,1015.0,6.0,0.0,,0.0
2025-12-05 17:00:00,-6.2,-4.8,,-7.4,,39.0,2.5,4.3,259.0,264.0,1014.9,2.0,0.0,,0.0
2025-12-05 18:00:00,-6.7,-5.9,-4.8,-7.6,-9.4,41.0,2.0,4.2,288.0,265.0,1015.0,0.0,0.0,,0.0
2025-12-05 19:00:00,-6.9,-5.4,,-7.8,,43.0,0.3,2.0,0.0,272.0,1015.1,0.0,0.0,,0.0
2025-12-05 20:00:00,-7.5,-6.7,,-8.4,,46.0,0.4,2.2,231.0,231.0,1015.3,0.0,0.0,,0.0
2025-12-05 21:00:00,-7.3,-6.3,-4.8,-8.3,-9.0,43.0,0.6,3.0,261.0,205.0,1015.5,0.0,0.0,,0.0
2025-12-05 22:00:00,-7.1,-6.4,,-8.2,,41.0,2.3,5.1,274.0,267.0,1015.4,0.0,0.0,,0.0
2025-12-05 23:00:00,-7.4,-6.2,,-8.1,,41.0,1.5,4.8,258.0,267.0,1015.1,0.0,0.0,,0.0
2025-12-06 00:00:00,-6.6,-6.0,-4.8,-7.4,-8.4,38.0,2.6,4.3,267.0,262.0,1015.1,0.0,0.0,,0.0
2025-12-06 01:00:00,-6.1,-5.3,,-7.0,,35.0,1.8,3.6,270.0,265.0,1015.1,0.0,0.0,,0.0
2025-12-06 02:00:00,-6.5,-5.4,,-7.7,,36.0,2.2,4.2,285.0,264.0,1015.1,0.0,0.0,,0.0
2025-12-06 03:00:00,-5.9,-5.3,-4.8,-6.7,-8.4,35.0,2.2,4.3,293.0,277.0,1015.2,0.0,0.0,,0.0
2025-12-06 04:00:00,-6.3,-5.4,,-7.5,,38.0,2.0,5.4,316.0,277.0,1014.9,0.0,0.0,,100.0
2025-12-06 05:00:00,-5.1,-4.2,,-5.9,,37.0,0.9,2.9,76.0,269.0,1014.9,0.0,0.0,,100.0
2025-12-06 06:00:00,-3.9,-3.4,-3.4,-4.4,-8.4,35.0,0.6,2.3,74.0,43.0,1015.0,0.0,0.0,0.0,100.0
2025-12-06 07:00:00,-3.5,-3.3,,-3.8,,37.0,0.4,2.1,254.0,187.0,1015.3,0.0,0.0,,100.0
2025-12-06 08:00:00,-3.6,-3.1,,-4.0,,39.0,1.8,3.4,280.0,265.0,1015.5,0.0,0.0,,100.0
2025-12-06 09:00:00,-3.5,-3.0,-3.0,-4.0,-8.2,43.0,2.7,3.8,263.0,264.0,1015.5,0.0,0.0,,100.0
2025-12-06 10:00:00,-3.1,-2.2,,-3.5,,44.0,2.3,3.8,273.0,268.0,1015.5,0.0,0.0,,100.0
2025-12-06 11:00:00,-2.8,-1.6,,-3.2,,44.0,1.5,3.9,281.0,288.0,1015.5,0.0,0.0,,100.0
2025-12-06 12:00:00,-2.2,-1.7,-1.6,-2.7,-7.7,42.0,1.1,2.6,325.0,305.0,1015.5,0.0,0.0,,100.0
2025-12-06 13:00:00,-2.0,-1.6,,-2.2,,40.0,0.7,2.6,340.0,345.0,1015.7,2.0,0.0,,100.0
2025-12-06 14:00:00,-2.4,-1.9,,-2.9,,44.0,0.5,1.9,315.0,299.0,1015.7,7.0,0.0,,100.0
2025-12-06 15:00:00,-2.4,-1.9,-1.6,-3.6,-7.5,45.0,0.9,2.4,285.0,280.0,1015.5,10.0,0.0,,100.0
2025-12-06 16:00:00,-2.4,-1.7,,-3.2,,46.0,0.9,2.5,316.0,311.0,1015.3,8.0,0.0,,100.0
2025-12-06 17:00:00,-2.8,-2.3,,-3.2,,50.0,0.3,1.7,0.0,302.0,1015.3,3.0,0.0,,100.0
2025-12-06 18:00:00,-2.3,-1.9,-1.6,-2.8,-4.0,47.0,0.9,3.4,149.0,280.0,1015.7,0.0,0.0,,100.0
2025-12-06 19:00:00,-1.7,-0.8,,-2.1,,47.0,2.8,5.7,261.0,224.0,1015.8,0.0,0.0,,100.0
2025-12-06 20:00:00,-1.8,-1.1,,-2.4,,48.0,1.8,3.4,265.0,265.0,1016.1,0.0,0.0,,100.0
2025-12-06 21:00:00,-2.1,-1.7,-0.7,-2.4,-3.6,51.0,2.1,3.9,254.0,266.0,1016.0,0.0,0.0,,100.0
2025-12-06 22:00:00,-1.9,-1.7,,-2.1,,50.0,0.8,3.2,259.0,239.0,1016.1,0.0,0.0,,100.0
2025-12-06 23:00:00,-1.8,-1.6,,-2.3,,50.0,0.7,2.3,272.0,265.0,1016.0,0.0,0.0,,100.0
2025-12-07 00:00:00,-1.6,-1.1,-0.7,-2.3,-3.6,50.0,1.5,2.7,257.0,265.0,1016.0,0.0,0.0,,100.0
2025-12-07 01:00:00,-1.6,-1.1,,-2.0,,52.0,1.6,3.3,265.0,266.0,1015.8,0.0,0.0,,100.0
2025-12-07 02:00:00,-1.2,-0.8,,-1.6,,49.0,1.6,3.3,266.0,267.0,1015.5,0.0,0.0,,100.0
2025-12-07 03:00:00,-1.0,-0.6,-0.6,-1.6,-3.2,49.0,0.8,2.3,267.0,221.0,1015.4,0.0,0.0,,100.0
2025-12-07 04:00:00,-1.0,-0.5,,-1.3,,51.0,1.8,3.0,166.0,238.0,1015.2,0.0,0.0,,100.0
2025-12-07 05:00:00,-1.1,-0.5,,-1.9,,58.0,2.1,4.7,294.0,172.0,1015.5,0.0,0.0,,100.0
2025-12-07 06:00:00,-1.7,-1.5,-0.5,-1.9,-2.4,61.0,0.7,2.0,320.0,304.0,1015.3,0.0,0.0,0.0,100.0
2025-12-07 07:00:00,-1.1,-0.3,,-1.7,,58.0,1.9,4.0,157.0,223.0,1015.3,0.0,0.0,,100.0
2025-12-07 08:00:00,-1.2,-0.6,,-1.8,,61.0,1.2,4.4,293.0,211.0,1015.2,0.0,0.0,,100.0
2025-12-07 09:00:00,-1.6,-1.2,-0.3,-2.1,-2.3,63.0,0.8,2.7,315.0,206.0,1015.1,0.0,0.0,,100.0
2025-12-07 10:00:00,-1.8,-1.5,,-2.0,,66.0,0.2,1.3,294.0,289.0,1015.4,0.0,0.0,,100.0
2025-12-07 11:00:00,-1.3,-0.6,,-2.1,,64.0,2.1,3.4,279.0,264.0,1015.2,0.0,0.0,,100.0
2025-12-07 12:00:00,-1.5,-1.0,-0.3,-1.9,-2.1,67.0,0.3,1.8,277.0,325.0,1015.2,0.0,0.0,,100.0
2025-12-07 13:00:00,-1.2,-0.9,,-1.4,,66.0,1.1,3.1,161.0,154.0,1015.1,3.0,0.0,,100.0
2025-12-07 14:00:00,-0.6,0.0,,-1.6,,62.0,1.9,4.6,289.0,158.0,1014.9,7.0,0.0,,100.0
2025-12-07 15:00:00,-2.1,-1.7,0.0,-2.6,-2.6,69.0,1.7,4.5,256.0,260.0,1014.3,8.0,0.0,,0.0
2025-12-07 16:00:00,-1.5,-0.9,,-2.4,,63.0,1.8,3.7,201.0,183.0,1014.2,7.0,0.0,,90.0
2025-12-07 17:00:00,-2.8,-1.9,,-4.3,,65.0,1.4,3.6,178.0,240.0,1014.0,1.0,0.0,,60.0
2025-12-07 18:00:00,-2.8,-2.3,0.0,-3.3,-4.3,66.0,0.7,2.9,31.0,113.0,1014.1,0.0,0.0,,100.0
2025-12-07 19:00:00,-3.3,-2.5,,-3.9,,73.0,0.5,2.6,166.0,257.0,1014.4,0.0,0.0,,75.0
2025-12-07 20:00:00,-2.9,-2.3,,-3.5,,71.0,2.0,3.8,266.0,263.0,1014.4,0.0,0.0,,100.0
2025-12-07 21:00:00,-3.5,-2.7,0.0,-3.8,-4.3,73.0,0.8,2.4,269.0,273.0,1014.1,0.0,0.0,,0.0
2025-12-07 22:00:00,-3.5,-2.9,,-4.3,,73.0,2.6,4.3,272.0,265.0,1013.6,0.0,0.0,,0.0
2025-12-07 23:00:00,-3.9,-3.4,,-4.4,,72.0,1.8,4.7,286.0,274.0,1013.1,0.0,0.0,,0.0
2025-12-08 00:00:00,-3.1,-2.2,0.0,-4.1,-4.4,68.0,1.2,3.3,328.0,276.0,1012.8,0.0,0.0,,0.0
2025-12-08 01:00:00,-2.1,-1.4,,-3.1,,63.0,1.5,5.7,261.0,274.0,1012.3,0.0,0.0,,0.0
2025-12-08 02:00:00,-2.0,-0.8,,-2.5,,63.0,1.7,5.1,289.0,279.0,1011.7,0.0,0.0,,100.0
2025-12-08 03:00:00,-0.8,-0.1,-0.1,-1.5,-4.4,56.0,1.2,4.0,257.0,149.0,1011.2,0.0,0.0,,0.0
2025-12-08 04:00:00,-0.7,0.7,,-1.6,,58.0,2.2,5.6,34.0,204.0,1010.9,0.0,0.0,,0.0
2025-12-08 05:00:00,-0.7,0.3,,-1.9,,55.0,1.9,4.3,166.0,160.0,1010.6,0.0,0.0,,10.0
2025-12-08 06:00:00,-1.6,-0.9,0.7,-2.2,-4.4,62.0,3.1,4.2,160.0,163.0,1010.4,0.0,0.0,0.0,0.0
2025-12-08 07:00:00,-1.1,-0.3,,-1.9,,56.0,1.3,4.3,108.0,139.0,1010.3,0.0,0.0,,0.0
2025-12-08 08:00:00,-2.3,-1.2,,-3.4,,58.0,1.6,4.0,168.0,178.0,1010.1,0.0,0.0,,0.0
2025-12-08 09:00:00,-1.7,-0.4,0.7,-2.7,-4.4,59.0,2.7,5.0,152.0,155.0,1010.3,0.0,0.0,,100.0
2025-12-08 10:00:00,-1.7,-0.3,,-2.6,,56.0,1.1,2.9,250.0,256.0,1010.2,0.0,0.0,,100.0
2025-12-08 11:00:00,-2.2,-1.6,,-2.9,,56.0,1.3,3.8,28.0,290.0,1010.0,0.0,0.0,,100.0
2025-12-08 12:00:00,-2.1,-1.8,0.7,-2.7,-3.4,57.0,1.0,3.2,265.0,243.0,1010.0,0.0,0.0,,100.0
2025-12-08 13:00:00,-1.7,-1.2,,-2.4,,55.0,1.2,3.2,91.0,139.0,1009.9,2.0,0.0,,100.0
2025-12-08 14:00:00,-1.3,-1.0,,-1.9,,53.0,1.3,5.2,173.0,97.0,1009.4,7.0,0.0,,100.0
2025-12-08 15:00:00,-1.5,-0.8,0.7,-1.9,-3.4,56.0,1.6,4.6,27.0,340.0,1009.2,10.0,0.0,,100.0
2025-12-08 16:00:00,-1.2,-0.6,,-1.9,,56.0,1.0,3.2,168.0,250.0,1009.0,7.0,0.0,,100.0
2025-12-08 17:00:00,-0.7,-0.1,,-1.1,,52.0,1.0,3.8,173.0,161.0,1008.8,1.0,0.0,,100.0
2025-12-08 18:00:00,-0.1,0.4,0.4,-1.0,-3.4,50.0,0.9,3.1,200.0,358.0,1008.9,0.0,0.0,,100.0
2025-12-08 19:00:00,0.3,0.8,,-0.1,,50.0,0.9,3.6,125.0,318.0,1008.7,0.0,0.0,,100.0
2025-12-08 20:00:00,0.4,0.6,,0.2,,50.0,1.2,4.0,193.0,118.0,1008.5,0.0,0.0,,100.0
2025-12-08 21:00:00,0.4,0.7,0.8,0.0,-2.9,50.0,1.6,4.5,71.0,312.0,1008.6,0.0,0.0,,100.0
2025-12-08 22:00:00,0.7,1.1,,0.4,,48.0,1.5,4.7,228.0,81.0,1008.5,0.0,0.0,,100.0
2025-12-08 23:00:00,0.8,1.1,,0.4,,48.0,1.6,4.9,284.0,280.0,1008.1,0.0,0.0,,100.0
2025-12-09 00:00:00,0.6,0.9,1.1,0.0,-2.4,49.0,1.9,5.2,105.0,272.0,1008.0,0.0,0.0,,100.0
2025-12-09 01:00:00,0.1,1.1,,-0.6,,54.0,1.6,4.8,255.0,190.0,1007.5,0.0,0.0,,100.0
2025-12-09 02:00:00,-0.3,0.2,,-0.9,,55.0,2.7,4.5,255.0,259.0,1007.0,0.0,0.0,,100.0
2025-12-09 03:00:00,-0.3,0.3,1.1,-0.9,-1.9,55.0,1.6,3.7,177.0,216.0,1006.6,0.0,0.0,,100.0
2025-12-09 04:00:00,-0.9,-0.3,,-1.5,,58.0,1.2,3.3,297.0,249.0,1006.2,0.0,0.0,,100.0
2025-12-09 05:00:00,-1.8,-0.7,,-2.4,,60.0,1.3,4.0,170.0,237.0,1006.1,0.0,0.0,,60.0
2025-12-09 06:00:00,-1.6,-0.9,1.1,-2.6,-2.6,64.0,3.0,6.3,153.0,164.0,1005.8,0.0,0.0,0.0,0.0
2025-12-09 07:00:00,-2.5,-1.4,,-3.8,,69.0,0.9,3.2,258.0,148.0,1005.9,0.0,0.0,,100.0
2025-12-09 08:00:00,-2.5,-1.9,,-3.5,,66.0,2.1,3.3,272.0,262.0,1005.7,0.0,0.0,,100.0
2025-12-09 09:00:00,-2.4,-1.7,1.1,-2.7,-3.8,67.0,1.4,2.9,0.0,271.0,1005.7,0.0,0.0,,100.0
2025-12-09 10:00:00,-2.3,-2.0,,-2.8,,68.0,1.2,3.1,268.0,260.0,1005.8,0.0,0.0,,100.0
2025-12-09 11:00:00,-2.2,-1.7,,-2.5,,69.0,1.5,3.9,267.0,269.0,1005.6,0.0,0.0,,100.0
2025-12-09 12:00:00,-1.6,-0.5,1.1,-2.4,-3.8,67.0,1.3,3.5,267.0,269.0,1005.5,0.0,0.0,,100.0
2025-12-09 13:00:00,-0.6,0.4,,-1.4,,60.0,2.1,4.1,238.0,252.0,1005.0,1.0,0.0,,100.0
2025-12-09 14:00:00,-0.3,0.6,,-1.2,,59.0,1.6,3.7,247.0,261.0,1004.6,4.0,0.0,,100.0
2025-12-09 15:00:00,0.4,1.2,1.2,-0.8,-3.8,54.0,2.3,4.7,203.0,241.0,1004.5,8.0,0.0,,100.0
2025-12-09 16:00:00,0.6,0.9,,0.0,,52.0,1.4,2.9,250.0,256.0,1004.4,6.0,0.0,,100.0
2025-12-09 17:00:00,0.4,0.7,,0.0,,52.0,1.4,3.2,299.0,279.0,1004.0,1.0,0.0,,100.0
2025-12-09 18:00:00,0.4,1.1,1.2,0.0,-3.8,51.0,0.8,3.1,280.0,335.0,1003.9,0.0,0.0,,100.0
2025-12-09 19:00:00,0.3,0.8,,-0.3,,51.0,1.2,3.4,229.0,268.0,1003.7,0.0,0.0,,100.0
2025-12-09 20:00:00,0.7,1.1,,0.2,,47.0,1.1,3.6,300.0,306.0,1003.7,0.0,0.0,,100.0
2025-12-09 21:00:00,0.3,1.0,1.2,0.0,-2.8,51.0,1.5,4.9,257.0,273.0,1003.4,0.0,0.0,,100.0
2025-12-09 22:00:00,0.4,0.9,,0.0,,49.0,1.2,3.9,235.0,261.0,1003.3,0.0,0.0,,100.0
2025-12-09 23:00:00,1.6,2.3,,0.8,,41.0,1.8,6.5,54.0,321.0,1002.6,0.0,0.0,,100.0
2025-12-10 00:00:00,2.2,2.7,2.7,1.6,-1.4,40.0,1.8,9.1,265.0,345.0,1002.0,0.0,0.0,,100.0
2025-12-10 01:00:00,2.1,2.5,,1.3,,44.0,2.0,8.6,358.0,340.0,1001.4,0.0,0.0,,100.0
2025-12-10 02:00:00,2.5,2.9,,1.8,,42.0,2.3,6.9,334.0,20.0,1001.4,0.0,0.0,,100.0
2025-12-10 03:00:00,2.3,2.8,2.9,1.6,-0.3,42.0,2.6,12.4,22.0,20.0,1001.0,0.0,0.0,,100.0
2025-12-10 04:00:00,2.7,2.9,,2.5,,40.0,4.4,10.8,55.0,44.0,1000.9,0.0,0.0,,100.0
2025-12-10 05:00:00,2.7,3.0,,2.4,,41.0,3.1,8.9,52.0,58.0,1000.4,0.0,0.0,,100.0
2025-12-10 06:00:00,2.3,2.9,3.0,1.8,-0.3,45.0,2.7,10.2,24.0,25.0,1000.1,0.0,0.0,0.0,100.0
2025-12-10 07:00:00,1.6,2.3,,0.5,,48.0,1.8,9.3,211.0,28.0,1000.0,0.0,0.0,,100.0
2025-12-10 08:00:00,1.1,1.7,,0.1,,49.0,1.5,5.2,210.0,244.0,999.6,0.0,0.0,,100.0
2025-12-10 09:00:00,1.8,2.5,3.0,1.1,0.0,47.0,2.6,7.5,323.0,301.0,999.7,0.0,0.0,,100.0
2025-12-10 10:00:00,2.1,3.1,,1.5,,47.0,2.5,9.1,350.0,342.0,999.5,0.0,0.0,,100.0
2025-12-10 11:00:00,2.9,3.2,,2.6,,44.0,3.2,12.6,39.0,39.0,999.5,0.0,0.0,,100.0
2025-12-10 12:00:00,2.7,3.1,3.2,2.0,0.1,44.0,2.9,12.4,58.0,50.0,999.8,0.0,0.0,,90.0
2025-12-10 13:00:00,2.6,2.9,,2.2,,43.0,5.0,14.5,72.0,60.0,1000.0,1.0,0.0,,100.0
2025-12-10 14:00:00,2.3,2.6,,1.6,,44.0,2.9,13.1,333.0,31.0,999.2,5.0,0.0,,90.0
2025-12-10 15:00:00,1.9,2.3,3.2,1.1,0.1,44.0,2.4,7.9,32.0,348.0,999.3,7.0,0.0,,90.0
2025-12-10 16:00:00,1.0,1.9,,-0.1,,48.0,1.1,4.7,107.0,249.0,999.0,4.0,0.0,,75.0
2025-12-10 17:00:00,0.4,1.6,,-0.6,,48.0,1.3,3.6,279.0,253.0,998.8,0.0,0.0,,100.0
2025-12-10 18:00:00,0.4,0.8,3.2,-0.1,-0.6,48.0,1.0,3.8,325.0,284.0,998.8,0.0,0.0,,75.0
2025-12-10 19:00:00,-0.1,0.5,,-0.9,,51.0,1.6,3.3,126.0,163.0,998.9,0.0,0.0,,100.0
2025-12-10 20:00:00,-0.7,-0.2,,-1.2,,58.0,2.0,3.5,198.0,187.0,998.8,0.0,0.0,,100.0
2025-12-10 21:00:00,-0.8,-0.2,3.2,-1.6,-1.6,57.0,1.3,3.7,262.0,226.0,998.9,0.0,0.0,,100.0
2025-12-10 22:00:00,-1.0,-0.5,,-1.5,,57.0,1.5,2.8,261.0,264.0,998.5,0.0,0.0,,100.0
2025-12-10 23:00:00,-1.2,-0.7,,-1.8,,57.0,2.0,4.2,266.0,265.0,997.6,0.0,0.0,,100.0
2025-12-11 00:00:00,-1.4,-0.8,2.9,-2.0,-2.0,58.0,2.6,4.9,259.0,264.0,996.7,0.0,0.0,,100.0
2025-12-11 01:00:00,-1.3,0.0,,-2.1,,57.0,2.5,8.6,283.0,283.0,996.0,0.0,0.0,,100.0
2025-12-11 02:00:00,1.2,2.3,,-0.2,,39.0,2.1,6.5,335.0,340.0,995.5,0.0,0.0,,100.0
2025-12-11 03:00:00,2.8,3.4,3.4,2.0,-2.1,33.0,3.3,9.1,347.0,5.0,995.0,0.0,0.0,,100.0
2025-12-11 04:00:00,3.0,3.5,,2.3,,37.0,3.0,8.4,8.0,7.0,994.7,0.0,0.0,,100.0
2025-12-11 05:00:00,3.1,3.8,,2.6,,39.0,2.8,8.4,336.0,351.0,994.6,0.0,0.0,,100.0
2025-12-11 06:00:00,3.9,4.3,4.3,3.3,-2.1,42.0,2.6,11.8,8.0,45.0,994.9,0.0,0.0,0.0,100.0
2025-12-11 07:00:00,3.9,4.4,,3.5,,46.0,2.9,8.8,43.0,37.0,995.4,0.0,0.0,,100.0
2025-12-11 08:00:00,4.1,4.6,,3.8,,46.0,3.3,9.9,4.0,24.0,995.2,0.0,0.0,,100.0
2025-12-11 09:00:00,4.2,4.5,4.6,4.0,-2.1,42.0,4.3,12.5,28.0,32.0,995.2,0.0,0.0,,100.0
2025-12-11 10:00:00,3.9,4.3,,3.5,,41.0,3.0,7.7,75.0,42.0,995.5,0.0,0.0,,100.0
2025-12-11 11:00:00,3.1,3.8,,1.6,,43.0,2.8,5.1,131.0,97.0,995.6,0.0,0.0,,10.0
2025-12-11 12:00:00,1.4,2.7,4.6,0.5,-2.1,49.0,3.0,4.4,256.0,251.0,995.0,0.0,,,10.0
2025-12-11 13:00:00,0.7,1.0,,0.0,,51.0,2.9,4.1,252.0,256.0,994.2,1.0,0.0,,60.0
2025-12-11 14:00:00,0.1,0.9,,-0.5,,54.0,1.8,4.0,0.0,259.0,993.9,4.0,0.0,,90.0
2025-12-11 15:00:00,0.0,0.5,,-0.5,,54.0,0.7,2.5,261.0,217.0,993.1,8.0,0.0,,100.0
2025-12-11 16:00:00,-0.4,0.6,,-1.0,,55.0,3.0,6.1,262.0,265.0,991.8,4.0,0.0,,100.0
2025-12-11 17:00:00,0.3,1.3,,-0.4,,49.0,1.5,4.2,360.0,305.0,991.4,0.0,0.0,,100.0
2025-12-11 18:00:00,0.9,1.9,4.6,0.5,-1.0,49.0,2.8,7.5,220.0,140.0,992.0,0.0,0.0,,100.0
2025-12-11 19:00:00,-0.4,1.3,,-0.9,,60.0,0.9,3.8,218.0,263.0,991.8,0.0,0.0,,100.0
2025-12-11 20:00:00,-0.7,-0.1,,-0.9,,59.0,0.7,2.4,145.0,238.0,991.9,0.0,0.0,,100.0
2025-12-11 21:00:00,-0.8,-0.5,,-1.2,,62.0,1.8,4.1,257.0,190.0,991.9,0.0,0.0,,100.0
2025-12-11 22:00:00,-0.7,-0.3,,-1.0,,58.0,3.8,6.0,262.0,259.0,991.0,0.0,0.0,,100.0
2025-12-11 23:00:00,-0.5,0.2,,-1.0,,54.0,1.1,5.7,341.0,289.0,990.8,0.0,0.0,,60.0
2025-12-12 00:00:00,-0.4,0.0,1.9,-0.8,-1.2,52.0,0.4,2.3,219.0,312.0,990.7,0.0,0.0,,100.0
2025-12-12 01:00:00,-0.3,0.6,,-1.1,,51.0,1.0,3.1,248.0,219.0,990.4,0.0,0.0,,100.0
2025-12-12 02:00:00,-0.1,1.0,,-0.9,,52.0,1.5,2.8,259.0,256.0,990.2,0.0,0.0,,100.0
2025-12-12 03:00:00,0.5,1.8,1.9,-0.4,-1.2,50.0,1.6,4.1,259.0,260.0,989.9,0.0,0.0,,100.0
2025-12-12 04:00:00,0.6,1.7,,-0.7,,52.0,1.2,3.4,224.0,259.0,989.4,0.0,0.0,,100.0
2025-12-12 05:00:00,0.1,1.1,,-0.6,,57.0,1.2,4.1,219.0,231.0,989.0,0.0,0.0,,100.0
2025-12-12 06:00:00,-0.1,0.5,1.8,-0.9,-1.2,60.0,1.4,5.2,213.0,163.0,989.0,0.0,0.0,,100.0
2025-12-12 07:00:00,-0.7,-0.3,,-1.4,,67.0,1.3,3.0,174.0,171.0,989.0,0.0,0.0,,100.0
2025-12-12 08:00:00,-1.3,-0.9,,-1.5,,72.0,1.0,2.4,285.0,295.0,988.9,0.0,0.0,,100.0
2025-12-12 09:00:00,-1.0,-0.8,1.8,-1.3,-1.5,70.0,1.9,3.5,5.0,319.0,989.3,0.0,0.0,,100.0
2025-12-12 10:00:00,-0.8,-0.3,,-1.4,,66.0,1.3,3.7,196.0,279.0,988.9,0.0,0.0,,100.0
2025-12-12 11:00:00,-1.1,-0.5,,-2.1,,64.0,2.0,5.8,183.0,257.0,988.6,0.0,0.0,,40.0
2025-12-12 12:00:00,-1.2,-0.4,1.8,-2.0,-2.1,63.0,1.0,2.8,300.0,188.0,988.5,0.0,0.0,,100.0
2025-12-12 13:00:00,-1.1,-0.4,,-1.5,,67.0,1.1,2.9,168.0,167.0,988.6,1.0,0.0,,100.0
2025-12-12 14:00:00,-0.5,-0.2,,-0.9,,71.0,2.2,4.4,135.0,151.0,988.2,4.0,0.0,,100.0
2025-12-12 15:00:00,-1.3,-0.6,1.7,-1.4,-2.1,75.0,1.2,4.4,254.0,268.0,987.1,6.0,0.0,,100.0
2025-12-12 16:00:00,-0.8,-0.4,,-1.5,,76.0,2.1,5.1,274.0,235.0,986.5,7.0,0.0,,100.0
2025-12-12 17:00:00,-0.9,-0.3,,-1.2,,73.0,2.0,4.5,162.0,215.0,985.8,1.0,0.0,,100.0
2025-12-12 18:00:00,-0.4,0.3,0.3,-0.9,-2.1,70.0,1.9,4.1,261.0,241.0,985.2,0.0,0.0,,100.0
2025-12-12 19:00:00,0.3,0.7,,-0.3,,61.0,1.9,3.8,302.0,281.0,984.9,0.0,0.0,,75.0
2025-12-12 20:00:00,0.9,1.4,,0.4,,53.0,2.1,5.0,348.0,358.0,984.5,0.0,0.0,,100.0
2025-12-12 21:00:00,1.5,2.1,2.1,1.1,-2.1,50.0,1.4,3.6,282.0,295.0,984.3,0.0,0.0,,100.0
2025-12-12 22:00:00,1.8,2.3,,1.1,,48.0,1.5,4.6,269.0,273.0,983.9,0.0,0.0,,100.0
2025-12-12 23:00:00,1.7,2.0,,0.7,,50.0,1.0,4.9,156.0,254.0,984.0,0.0,0.0,,100.0
2025-12-13 00:00:00,0.9,1.4,2.3,0.3,-1.5,55.0,3.1,5.5,158.0,157.0,984.1,0.0,0.0,,60.0
2025-12-13 01:00:00,1.2,1.6,,0.8,,55.0,2.8,6.8,234.0,181.0,983.9,0.0,0.0,,100.0
2025-12-13 02:00:00,0.5,1.4,,-0.1,,63.0,1.5,3.8,197.0,171.0,983.5,0.0,0.0,,100.0
2025-12-13 03:00:00,0.5,1.2,2.3,-0.2,-1.5,61.0,3.3,5.9,329.0,264.0,982.9,0.0,0.0,,100.0
2025-12-13 04:00:00,0.4,0.8,,0.0,,61.0,1.0,2.9,303.0,310.0,982.5,0.0,0.0,,100.0
2025-12-13 05:00:00,0.8,1.5,,0.4,,60.0,1.3,3.7,104.0,262.0,982.0,0.0,0.0,,100.0
2025-12-13 06:00:00,1.1,1.3,2.3,0.8,-0.3,55.0,0.8,2.3,166.0,50.0,981.5,0.0,0.0,0.0,100.0
2025-12-13 07:00:00,1.1,1.8,,0.6,,61.0,1.6,4.3,177.0,224.0,981.0,0.0,0.0,,100.0
2025-12-13 08:00:00,0.7,1.5,,0.3,,67.0,1.6,3.6,157.0,172.0,980.8,0.0,0.0,,100.0
2025-12-13 09:00:00,0.6,1.1,2.3,-0.1,-0.2,67.0,1.2,2.9,102.0,264.0,980.5,0.0,0.0,,100.0
2025-12-13 10:00:00,0.2,0.8,,-0.3,,78.0,2.1,4.1,273.0,227.0,980.0,0.0,0.0,,100.0
2025-12-13 11:00:00,0.2,0.5,,-0.1,,87.0,0.6,2.5,180.0,11.0,980.0,0.0,0.4,,100.0
2025-12-13 12:00:00,-0.8,-0.1,1.8,-1.0,-1.0,95.0,1.0,1.4,169.0,162.0,979.9,0.0,0.5,,100.0
2025-12-13 13:00:00,-0.7,-0.6,,-1.0,,97.0,0.4,1.2,221.0,235.0,979.4,1.0,0.3,,100.0
2025-12-13 14:00:00,-0.1,0.7,,-0.8,,95.0,1.6,3.0,174.0,232.0,979.2,7.0,0.0,,100.0
2025-12-13 15:00:00,1.5,2.3,2.3,0.3,-1.0,78.0,2.8,11.2,139.0,128.0,978.7,13.0,0.0,,100.0
2025-12-13 16:00:00,1.6,2.4,,1.1,,76.0,4.0,9.8,138.0,119.0,978.4,4.0,0.0,,100.0
2025-12-13 17:00:00,2.2,2.7,,1.1,,72.0,4.7,12.3,79.0,82.0,978.6,1.0,0.0,,100.0
2025-12-13 18:00:00,2.4,2.6,2.7,2.0,-1.0,68.0,4.4,11.7,52.0,59.0,978.7,0.0,0.0,,100.0
2025-12-13 19:00:00,2.4,3.0,,2.1,,69.0,3.0,13.1,69.0,51.0,978.7,0.0,0.0,,100.0
2025-12-13 20:00:00,2.1,2.4,,1.8,,71.0,1.6,7.2,257.0,337.0,978.6,0.0,0.0,,100.0
2025-12-13 21:00:00,2.0,2.2,3.0,1.7,-1.0,73.0,1.3,3.9,294.0,331.0,978.6,0.0,0.0,,100.0
2025-12-13 22:00:00,1.4,1.7,,1.2,,76.0,0.8,2.8,160.0,238.0,978.5,0.0,0.0,,100.0
2025-12-13 23:00:00,1.3,1.5,,1.1,,77.0,2.4,4.4,178.0,174.0,978.8,0.0,0.0,,100.0
2025-12-14 00:00:00,1.4,1.9,3.0,1.2,-1.0,74.0,3.2,6.1,144.0,164.0,978.8,0.0,0.0,,100.0
2025-12-14 01:00:00,1.3,1.8,,0.8,,74.0,2.5,5.0,266.0,194.0,979.0,0.0,0.0,,100.0
2025-12-14 02:00:00,1.4,1.7,,0.8,,73.0,2.8,5.8,234.0,283.0,978.4,0.0,0.0,,100.0
2025-12-14 03:00:00,1.9,2.5,3.0,1.2,0.8,69.0,2.0,4.2,270.0,255.0,977.7,0.0,0.0,,100.0
2025-12-14 04:00:00,1.0,2.1,,0.5,,77.0,1.0,3.9,68.0,303.0,978.0,0.0,0.0,,100.0
2025-12-14 05:00:00,1.2,1.5,,0.6,,76.0,1.4,4.4,247.0,216.0,978.1,0.0,0.0,,100.0
2025-12-14 06:00:00,0.4,1.2,3.0,-0.1,-0.1,89.0,2.1,3.6,262.0,259.0,978.6,0.0,0.3,1.4,
2025-12-14 07:00:00,-0.1,0.0,,-0.1,,97.0,1.1,1.9,280.0,258.0,978.9,0.0,0.4,,100.0
2025-12-14 08:00:00,0.1,0.5,,0.0,,97.0,1.5,2.8,249.0,256.0,979.3,0.0,0.1,,100.0
2025-12-14 09:00:00,1.2,1.8,2.5,0.5,-0.1,84.0,2.0,4.6,275.0,257.0,979.7,0.0,0.1,,100.0
2025-12-14 10:00:00,2.1,2.4,,1.8,,73.0,1.5,5.3,14.0,345.0,980.2,0.0,0.0,,100.0
2025-12-14 11:00:00,2.6,3.0,,2.1,,66.0,4.3,13.1,5.0,29.0,980.4,0.0,0.0,,100.0
2025-12-14 12:00:00,2.1,2.6,3.0,1.4,-0.1,71.0,2.1,7.8,310.0,349.0,980.4,0.0,0.0,,60.0
2025-12-14 13:00:00,1.2,1.6,,0.5,,79.0,0.6,3.3,179.0,293.0,980.5,0.0,0.0,,100.0
2025-12-14 14:00:00,0.7,1.1,,-0.2,,81.0,1.6,4.0,163.0,161.0,980.5,3.0,0.0,,100.0
2025-12-14 15:00:00,0.8,1.1,3.0,0.3,-0.2,82.0,2.3,4.9,160.0,156.0,980.7,5.0,0.0,,100.0
2025-12-14 16:00:00,0.4,0.7,,-0.1,,83.0,1.6,3.6,264.0,174.0,980.9,3.0,0.0,,100.0
2025-12-14 17:00:00,0.2,0.9,,-0.3,,83.0,2.7,5.1,245.0,258.0,980.8,0.0,0.0,,100.0
2025-12-14 18:00:00,0.3,0.7,3.0,-0.3,-0.3,82.0,1.8,3.5,298.0,154.0,981.5,0.0,0.0,,100.0
2025-12-14 19:00:00,-0.1,0.8,,-0.6,,82.0,1.5,3.6,263.0,261.0,981.5,0.0,0.0,,100.0
2025-12-14 20:00:00,-0.4,0.1,,-0.8,,81.0,1.5,2.9,281.0,263.0,981.9,0.0,0.0,,100.0
2025-12-14 21:00:00,-0.6,-0.4,3.0,-1.0,-1.0,82.0,0.2,1.3,54.0,22.0,982.4,0.0,0.0,,100.0
2025-12-14 22:00:00,-1.2,-0.8,,-1.9,,83.0,0.3,1.8,278.0,279.0,982.6,0.0,0.0,,100.0
2025-12-14 23:00:00,-2.0,-1.0,,-3.0,,82.0,1.4,3.1,268.0,261.0,983.2,0.0,0.0,,0.0
2025-12-15 00:00:00,-2.4,-1.9,1.6,-2.8,-3.0,77.0,2.9,4.3,263.0,265.0,983.3,0.0,0.0,,0.0
2025-12-15 01:00:00,-2.8,-2.2,,-3.5,,77.0,1.9,4.6,6.0,276.0,983.4,0.0,0.0,,0.0
2025-12-15 02:00:00,-3.3,-2.4,,-4.2,,79.0,0.8,3.5,266.0,256.0,983.4,0.0,0.0,,0.0
2025-12-15 03:00:00,-2.8,-2.3,0.9,-3.7,-4.2,75.0,1.0,2.9,288.0,283.0,983.2,0.0,0.0,,0.0
2025-12-15 04:00:00,-2.8,-2.3,,-3.3,,74.0,0.3,1.5,303.0,308.0,983.4,0.0,0.0,,0.0
2025-12-15 05:00:00,-2.7,-2.3,,-3.1,,74.0,0.8,2.1,122.0,145.0,983.5,0.0,0.0,,0.0
2025-12-15 06:00:00,-3.1,-2.4,0.8,-3.7,-4.2,74.0,0.6,2.6,235.0,191.0,983.5,0.0,0.0,0.6,0.0
2025-12-15 07:00:00,-3.1,-2.3,,-3.7,,71.0,1.2,3.6,238.0,250.0,983.5,0.0,0.0,,0.0
2025-12-15 08:00:00,-2.6,-1.6,,-3.9,,68.0,1.3,3.8,195.0,258.0,983.6,0.0,,,0.0
2025-12-15 09:00:00,-2.6,-1.9,,-3.9,,67.0,2.3,3.6,257.0,260.0,983.8,0.0,0.0,,0.0
2025-12-15 10:00:00,-2.8,-2.1,,-3.6,,67.0,1.5,3.6,244.0,218.0,983.9,0.0,0.0,,0.0
2025-12-15 11:00:00,-3.1,-2.4,,-4.0,,67.0,1.2,2.9,171.0,181.0,984.0,0.0,0.0,,0.0
2025-12-15 12:00:00,-2.9,-2.2,-1.6,-4.2,-4.2,71.0,2.3,3.2,183.0,170.0,984.3,0.0,0.0,,0.0
2025-12-15 13:00:00,-3.3,-2.3,,-4.3,,67.0,2.2,3.6,264.0,260.0,984.3,2.0,0.0,,0.0
2025-12-15 14:00:00,-3.0,-2.1,,-3.8,,65.0,2.6,4.6,256.0,261.0,984.1,9.0,0.0,,0.0
2025-12-15 15:00:00,-3.5,-2.9,,-4.3,,68.0,2.1,4.2,145.0,155.0,983.9,13.0,0.0,,0.0
2025-12-15 16:00:00,-3.5,-3.0,,-4.5,,64.0,1.6,2.8,156.0,142.0,984.2,6.0,0.0,,0.0
2025-12-15 17:00:00,-4.4,-3.3,,-5.4,,66.0,1.2,4.7,253.0,212.0,984.0,0.0,0.0,,0.0
2025-12-15 18:00:00,-4.4,-3.2,-1.6,-5.1,-5.4,66.0,1.7,4.1,223.0,250.0,984.0,0.0,0.0,,0.0
2025-12-15 19:00:00,-4.7,-4.3,,-5.8,,66.0,0.8,2.1,147.0,149.0,984.4,0.0,0.0,,0.0
2025-12-15 20:00:00,-5.4,-4.3,,-6.1,,65.0,1.0,3.6,174.0,207.0,984.5,0.0,0.0,,0.0
2025-12-15 21:00:00,-3.8,-3.1,-2.1,-4.9,-6.1,65.0,1.7,2.5,183.0,177.0,984.8,0.0,0.0,,0.0
2025-12-15 22:00:00,-5.4,-3.9,,-6.5,,69.0,1.2,2.9,246.0,226.0,984.8,0.0,0.0,,0.0
2025-12-15 23:00:00,-5.6,-4.4,,-6.4,,66.0,1.9,3.8,249.0,250.0,984.7,0.0,0.0,,0.0
2025-12-16 00:00:00,-5.8,-4.6,-2.1,-6.6,-6.6,66.0,0.8,2.5,269.0,213.0,984.8,0.0,0.0,,0.0
2025-12-16 01:00:00,-5.6,-4.1,,-6.9,,63.0,2.2,3.0,262.0,264.0,984.9,0.0,0.0,,0.0
2025-12-16 02:00:00,-6.1,-4.4,,-7.2,,63.0,1.6,3.4,258.0,255.0,985.0,0.0,0.0,,0.0
2025-12-16 03:00:00,-6.4,-5.7,-3.0,-7.4,-7.4,64.0,2.5,4.1,266.0,264.0,984.8,0.0,0.0,,0.0
2025-12-16 04:00:00,-6.1,-4.9,,-7.3,,61.0,1.9,3.6,293.0,263.0,985.0,0.0,0.0,,0.0
2025-12-16 05:00:00,-7.0,-5.8,,-7.6,,64.0,0.8,3.1,266.0,247.0,985.1,0.0,0.0,,0.0
2025-12-16 06:00:00,-6.2,-5.3,-3.1,-7.4,-7.6,61.0,1.6,3.7,155.0,259.0,985.7,0.0,0.0,,0.0
2025-12-16 07:00:00,-6.9,-5.6,,-8.3,,66.0,1.6,3.7,257.0,258.0,986.1,0.0,0.0,,0.0
2025-12-16 08:00:00,-6.6,-6.1,,-7.2,,63.0,2.8,4.1,280.0,267.0,986.1,0.0,0.0,,0.0
2025-12-16 09:00:00,-7.3,-6.4,-3.9,-8.4,-8.4,64.0,1.6,3.6,266.0,264.0,985.9,0.0,0.0,,0.0
2025-12-16 10:00:00,-6.8,-6.0,,-8.1,,61.0,2.8,4.5,270.0,271.0,986.1,0.0,0.0,,0.0
2025-12-16 11:00:00,-6.5,-5.8,,-7.3,,60.0,1.9,4.0,269.0,271.0,986.6,0.0,0.0,,0.0
2025-12-16 12:00:00,-6.2,-5.7,-4.1,-6.9,-8.4,58.0,0.6,2.9,242.0,272.0,986.9,0.0,0.0,,100.0
2025-12-16 13:00:00,-6.0,-5.4,,-6.6,,59.0,1.4,3.3,285.0,274.0,986.3,2.0,0.0,,100.0
2025-12-16 14:00:00,-5.3,-4.6,,-5.9,,57.0,1.1,3.0,272.0,281.0,985.7,6.0,0.0,,75.0
2025-12-16 15:00:00,-4.5,-3.9,-3.9,-5.7,-8.4,53.0,0.8,2.2,259.0,258.0,984.9,7.0,0.0,,60.0
2025-12-16 16:00:00,-3.7,-3.2,,-4.5,,51.0,2.2,4.0,258.0,263.0,984.3,5.0,0.0,,100.0
2025-12-16 17:00:00,-2.6,-1.7,,-3.5,,53.0,1.1,3.8,188.0,330.0,984.0,1.0,0.0,,100.0
2025-12-16 18:00:00,-1.4,-0.9,-0.9,-1.8,-8.4,50.0,1.5,5.3,267.0,210.0,983.6,0.0,0.0,,100.0
2025-12-16 19:00:00,-1.3,-0.9,,-1.9,,52.0,1.5,4.1,204.0,267.0,982.8,0.0,0.0,,75.0
2025-12-16 20:00:00,-0.6,0.1,,-1.2,,50.0,1.2,4.6,301.0,306.0,982.3,0.0,0.0,,0.0
2025-12-16 21:00:00,0.2,1.2,1.2,-0.7,-8.1,45.0,1.6,4.8,318.0,337.0,982.0,0.0,0.0,,25.0
2025-12-16 22:00:00,0.8,1.4,,0.1,,42.0,2.2,6.0,348.0,326.0,981.6,0.0,0.0,,25.0
2025-12-16 23:00:00,0.4,1.2,,-0.5,,43.0,1.2,4.9,276.0,332.0,981.4,0.0,0.0,,0.0
2025-12-17 00:00:00,0.2,0.9,1.4,-1.0,-6.6,42.0,1.3,4.0,216.0,256.0,980.9,0.0,0.0,,0.0
2025-12-17 01:00:00,1.4,2.8,,-0.1,,38.0,3.5,11.2,20.0,3.0,979.7,0.0,0.0,,0.0
2025-12-17 02:00:00,3.0,3.5,,2.4,,32.0,5.8,19.5,36.0,39.0,979.1,0.0,0.0,,0.0
2025-12-17 03:00:00,3.3,3.6,3.6,3.0,-4.5,33.0,5.1,17.2,34.0,42.0,978.2,0.0,0.0,,0.0
2025-12-17 04:00:00,3.5,3.9,,3.3,,34.0,5.6,13.2,19.0,33.0,978.1,0.0,0.0,,0.0
2025-12-17 05:00:00,3.8,4.1,,3.4,,37.0,5.9,16.4,49.0,39.0,978.2,0.0,0.0,,50.0
2025-12-17 06:00:00,3.8,4.1,4.1,3.6,-1.9,38.0,5.9,14.1,42.0,46.0,978.4,0.0,0.0,0.0,0.0
2025-12-17 07:00:00,3.7,4.1,,3.4,,40.0,5.7,14.7,71.0,66.0,979.8,0.0,0.0,,60.0
2025-12-17 08:00:00,3.4,3.6,,2.7,,47.0,8.0,19.4,37.0,54.0,979.8,0.0,0.0,,100.0
2025-12-17 09:00:00,2.6,2.7,4.1,2.3,-1.0,56.0,7.0,15.1,53.0,47.0,980.0,0.0,0.0,,25.0
2025-12-17 10:00:00,2.6,2.9,,2.3,,53.0,4.7,15.9,11.0,33.0,980.2,0.0,0.0,,40.0
2025-12-17 11:00:00,2.8,3.2,,2.4,,49.0,2.8,10.6,316.0,355.0,980.0,0.0,0.0,,90.0
2025-12-17 12:00:00,2.7,3.7,4.1,1.5,-0.1,47.0,1.8,9.2,284.0,309.0,980.3,0.0,0.0,,75.0
2025-12-17 13:00:00,1.7,3.1,,0.6,,50.0,1.5,4.3,0.0,262.0,980.6,0.0,0.0,,90.0
2025-12-17 14:00:00,0.8,1.7,,0.1,,58.0,2.4,7.3,158.0,148.0,981.2,4.0,0.0,,100.0
2025-12-17 15:00:00,0.2,0.5,4.1,0.0,0.0,64.0,2.4,4.3,209.0,171.0,981.4,6.0,0.0,,100.0
2025-12-17 16:00:00,-0.1,0.5,,-0.7,,64.0,3.0,6.2,271.0,266.0,981.4,4.0,0.0,,100.0
2025-12-17 17:00:00,0.3,0.9,,-0.3,,61.0,1.0,3.5,324.0,140.0,981.9,0.0,0.0,,100.0
2025-12-17 18:00:00,-0.1,0.5,4.1,-0.6,-0.7,67.0,2.7,5.0,176.0,159.0,982.8,0.0,0.0,,100.0
2025-12-17 19:00:00,-0.4,0.4,,-0.8,,69.0,1.5,4.3,287.0,259.0,983.9,0.0,0.0,,100.0
2025-12-17 20:00:00,-1.0,-0.6,,-1.3,,71.0,0.8,2.9,231.0,267.0,985.0,0.0,0.0,,100.0
2025-12-17 21:00:00,-0.7,0.5,3.7,-1.3,-1.3,66.0,3.1,6.9,248.0,254.0,985.0,0.0,0.0,,100.0
2025-12-17 22:00:00,-0.2,0.6,,-0.8,,61.0,1.9,4.9,334.0,277.0,985.0,0.0,0.0,,100.0
2025-12-17 23:00:00,-0.6,0.4,,-1.6,,59.0,1.1,3.5,140.0,202.0,986.1,0.0,0.0,,90.0
2025-12-18 00:00:00,-0.6,0.0,3.1,-1.2,-1.6,54.0,3.3,5.3,252.0,249.0,986.0,0.0,0.0,,25.0
2025-12-18 01:00:00,-0.3,0.7,,-1.6,,49.0,1.5,5.1,276.0,276.0,986.3,0.0,0.0,,90.0
2025-12-18 02:00:00,0.7,1.4,,-0.4,,43.0,1.1,4.5,340.0,304.0,986.0,0.0,0.0,,100.0
2025-12-18 03:00:00,1.3,2.5,2.5,0.6,-1.6,40.0,1.7,9.7,295.0,313.0,986.0,0.0,0.0,,100.0
2025-12-18 04:00:00,2.0,2.8,,1.1,,38.0,4.4,10.0,23.0,311.0,986.7,0.0,0.0,,90.0
2025-12-18 05:00:00,0.7,1.8,,-0.2,,45.0,2.2,6.8,156.0,137.0,987.4,0.0,0.0,,0.0
2025-12-18 06:00:00,-0.1,0.7,2.8,-1.2,-1.6,48.0,3.4,7.0,133.0,145.0,988.2,0.0,0.0,0.0,10.0
2025-12-18 07:00:00,-1.3,0.1,,-2.4,,51.0,1.3,4.1,193.0,157.0,988.7,0.0,0.0,,0.0
2025-12-18 08:00:00,-2.1,-1.1,,-3.1,,52.0,2.1,3.7,257.0,259.0,989.0,0.0,0.0,,0.0
2025-12-18 09:00:00,-2.3,-1.2,2.8,-3.0,-3.1,52.0,2.3,4.1,262.0,266.0,989.3,0.0,0.0,,50.0
2025-12-18 10:00:00,-3.4,-2.1,,-4.1,,57.0,1.4,3.7,271.0,272.0,989.6,0.0,0.0,,40.0
2025-12-18 11:00:00,-3.6,-2.5,,-4.3,,58.0,1.8,3.4,273.0,278.0,989.6,0.0,0.0,,0.0
2025-12-18 12:00:00,-3.6,-3.1,2.8,-4.1,-4.3,57.0,1.0,3.1,263.0,281.0,989.7,0.0,0.0,,0.0
2025-12-18 13:00:00,-3.6,-3.1,,-4.2,,57.0,1.4,3.7,271.0,269.0,989.7,1.0,0.0,,40.0
2025-12-18 14:00:00,-3.1,-1.8,,-3.7,,56.0,1.9,4.8,265.0,264.0,989.3,6.0,0.0,,50.0
2025-12-18 15:00:00,-2.9,-1.8,2.8,-3.7,-4.3,55.0,0.6,2.2,276.0,306.0,989.0,8.0,0.0,,0.0
2025-12-18 16:00:00,-1.4,-0.9,,-1.8,,47.0,1.5,3.1,34.0,31.0,988.6,5.0,0.0,,0.0
2025-12-18 17:00:00,-1.6,-0.4,,-2.8,,45.0,1.2,4.2,253.0,322.0,988.6,0.0,0.0,,0.0
2025-12-18 18:00:00,-2.9,-1.8,0.1,-3.8,-4.3,52.0,0.9,2.7,254.0,240.0,988.8,0.0,0.0,,0.0
2025-12-18 19:00:00,-3.6,-2.7,,-4.7,,51.0,1.2,3.8,262.0,186.0,988.6,0.0,0.0,,0.0
2025-12-18 20:00:00,-3.5,-3.1,,-4.0,,52.0,1.4,4.3,196.0,257.0,988.3,0.0,0.0,,0.0
2025-12-18 21:00:00,-3.3,-2.7,-0.4,-3.8,-4.7,50.0,1.4,3.1,64.0,135.0,988.4,0.0,0.0,,0.0
2025-12-18 22:00:00,-3.6,-3.0,,-4.3,,51.0,1.1,3.1,177.0,284.0,988.2,0.0,0.0,,0.0
2025-12-18 23:00:00,-4.1,-2.9,,-5.1,,50.0,1.5,3.1,130.0,177.0,988.3,0.0,0.0,,0.0
2025-12-19 00:00:00,-4.4,-3.1,-0.4,-5.6,-5.6,48.0,1.5,3.6,269.0,257.0,988.2,0.0,0.0,,0.0
2025-12-19 01:00:00,-4.3,-3.1,,-5.6,,49.0,2.2,4.0,262.0,264.0,988.0,0.0,0.0,,0.0
2025-12-19 02:00:00,-4.1,-2.7,,-4.7,,48.0,2.4,4.5,271.0,266.0,987.9,0.0,0.0,,0.0
2025-12-19 03:00:00,-4.0,-3.2,-0.4,-5.2,-5.6,48.0,0.7,2.7,257.0,282.0,987.8,0.0,0.0,,90.0
2025-12-19 04:00:00,-3.6,-3.1,,-4.1,,46.0,0.6,3.0,257.0,277.0,987.4,0.0,0.0,,10.0
2025-12-19 05:00:00,-3.4,-2.6,,-4.1,,45.0,2.5,4.4,300.0,261.0,987.3,0.0,0.0,,0.0
2025-12-19 06:00:00,-3.2,-2.1,-2.1,-4.2,-5.6,44.0,1.6,4.3,286.0,273.0,987.0,0.0,0.0,0.0,90.0
2025-12-19 07:00:00,-2.9,-2.3,,-3.7,,44.0,1.2,3.4,264.0,325.0,986.9,0.0,0.0,,100.0
2025-12-19 08:00:00,-1.9,-1.1,,-3.1,,40.0,1.0,3.3,20.0,348.0,987.2,0.0,0.0,,100.0
2025-12-19 09:00:00,-1.9,-1.3,-1.1,-2.7,-5.6,41.0,0.7,2.6,250.0,269.0,987.5,0.0,0.0,,100.0
2025-12-19 10:00:00,-1.9,-1.2,,-2.6,,42.0,1.2,2.4,282.0,278.0,987.3,0.0,0.0,,100.0
2025-12-19 11:00:00,-1.4,-0.6,,-2.1,,40.0,1.0,3.9,341.0,298.0,987.8,0.0,0.0,,100.0
2025-12-19 12:00:00,-1.2,-0.3,-0.3,-1.8,-5.6,41.0,1.1,5.7,292.0,297.0,987.7,0.0,0.0,,100.0
2025-12-19 13:00:00,-1.0,-0.3,,-1.7,,48.0,1.6,4.5,32.0,274.0,987.5,0.0,0.0,,100.0
2025-12-19 14:00:00,-1.2,-1.0,,-1.6,,54.0,3.8,9.2,324.0,350.0,987.6,3.0,0.0,,100.0
2025-12-19 15:00:00,-1.3,-0.9,-0.3,-1.6,-4.2,64.0,2.2,5.0,341.0,318.0,987.1,7.0,0.0,,100.0
2025-12-19 16:00:00,-0.9,-0.8,,-1.0,,62.0,2.6,5.0,295.0,333.0,986.9,5.0,0.0,,100.0
2025-12-19 17:00:00,-0.5,-0.2,,-0.9,,64.0,1.9,4.7,301.0,303.0,987.6,1.0,0.0,,100.0
2025-12-19 18:00:00,-0.7,-0.1,-0.1,-1.2,-3.7,68.0,2.0,4.8,267.0,265.0,987.9,0.0,0.0,,100.0
2025-12-19 19:00:00,-0.8,-0.1,,-1.6,,80.0,2.9,5.0,246.0,260.0,988.6,0.0,0.0,,100.0
2025-12-19 20:00:00,-0.4,0.0,,-0.7,,78.0,1.2,3.2,195.0,195.0,989.4,0.0,0.0,,100.0
2025-12-19 21:00:00,-0.5,0.1,0.1,-0.6,-2.6,80.0,2.9,4.5,249.0,252.0,989.6,0.0,0.0,,100.0
2025-12-19 22:00:00,-0.5,-0.2,,-0.8,,80.0,2.7,4.1,271.0,255.0,989.9,0.0,0.0,,100.0
2025-12-19 23:00:00,-1.3,-0.9,,-1.5,,83.0,0.2,2.2,0.0,340.0,990.3,0.0,0.0,,100.0
2025-12-20 00:00:00,-1.6,-1.0,0.1,-1.7,-1.7,81.0,0.2,1.3,0.0,14.0,990.7,0.0,0.0,,100.0
2025-12-20 01:00:00,-1.3,-0.9,,-1.8,,78.0,0.4,1.5,83.0,74.0,991.1,0.0,0.0,,100.0
2025-12-20 02:00:00,-1.2,-0.9,,-1.6,,77.0,0.8,3.2,262.0,283.0,991.1,0.0,0.0,,100.0
2025-12-20 03:00:00,-1.4,-1.0,0.1,-1.7,-1.8,78.0,1.7,3.3,336.0,279.0,991.2,0.0,0.0,,100.0
2025-12-20 04:00:00,-1.2,-0.9,,-1.4,,78.0,1.6,3.9,163.0,163.0,991.6,0.0,0.0,,100.0
2025-12-20 05:00:00,-1.2,-0.7,,-1.6,,82.0,3.0,5.6,214.0,171.0,992.1,0.0,0.0,,100.0
2025-12-20 06:00:00,-1.3,-0.6,0.1,-1.6,-1.8,77.0,1.1,4.0,148.0,293.0,992.5,0.0,0.0,0.0,100.0
2025-12-20 07:00:00,-1.3,-0.8,,-1.7,,78.0,1.6,3.1,148.0,168.0,993.1,0.0,0.0,,100.0
2025-12-20 08:00:00,-1.4,-1.0,,-1.8,,80.0,1.3,3.3,225.0,215.0,993.7,0.0,0.0,,100.0
2025-12-20 09:00:00,-0.9,-0.3,-0.2,-1.5,-1.8,74.0,1.5,3.4,154.0,183.0,994.7,0.0,0.0,,100.0
2025-12-20 10:00:00,-1.2,-0.8,,-1.5,,80.0,0.6,1.8,176.0,198.0,996.2,0.0,0.0,,100.0
2025-12-20 11:00:00,-1.2,-0.8,,-1.5,,82.0,0.4,1.7,197.0,211.0,996.8,0.0,0.0,,100.0
2025-12-20 12:00:00,-1.3,-1.0,-0.3,-1.6,-1.8,85.0,0.8,2.4,291.0,171.0,997.9,0.0,0.0,,100.0
2025-12-20 13:00:00,-1.1,-0.6,,-1.7,,81.0,1.5,3.2,257.0,258.0,998.9,2.0,0.0,,100.0
2025-12-20 14:00:00,-1.1,-0.4,,-1.6,,83.0,1.0,3.1,191.0,155.0,999.9,4.0,0.0,,100.0
2025-12-20 15:00:00,-1.0,-0.4,-0.3,-1.4,-1.8,84.0,1.1,3.3,178.0,274.0,1001.2,6.0,0.0,,100.0
2025-12-20 16:00:00,-0.3,0.4,,-0.8,,76.0,0.8,2.8,295.0,175.0,1001.4,5.0,0.0,,100.0
2025-12-20 17:00:00,-1.1,-0.7,,-1.3,,81.0,0.6,2.3,173.0,211.0,1002.5,0.0,0.0,,100.0
2025-12-20 18:00:00,-1.0,-0.8,0.4,-1.4,-1.8,82.0,0.5,1.5,99.0,150.0,1002.7,0.0,0.0,,100.0
2025-12-20 19:00:00,-1.4,-1.2,,-1.7,,91.0,1.2,3.1,283.0,174.0,1003.3,0.0,0.0,,100.0
2025-12-20 20:00:00,-1.5,-1.2,,-1.9,,88.0,1.0,2.9,265.0,276.0,1003.1,0.0,0.0,,100.0
2025-12-20 21:00:00,-1.1,-0.9,0.4,-1.5,-1.9,87.0,0.9,2.9,252.0,255.0,1003.6,0.0,0.0,,100.0
2025-12-20 22:00:00,-1.6,-1.1,,-1.9,,93.0,0.3,1.0,299.0,355.0,1004.2,0.0,1.1,,
2025-12-20 23:00:00,-1.6,-1.3,,-1.9,,96.0,0.5,1.3,44.0,282.0,1004.2,0.0,1.3,,
2025-12-21 00:00:00,-1.3,-0.9,0.4,-1.5,-1.9,97.0,1.0,2.6,271.0,252.0,1004.6,0.0,1.0,,100.0
2025-12-21 01:00:00,-1.4,-1.0,,-1.5,,97.0,0.5,2.4,146.0,173.0,1004.0,0.0,1.2,,100.0
2025-12-21 02:00:00,0.3,0.9,,-1.0,,95.0,3.1,6.3,152.0,149.0,1003.5,0.0,0.2,,100.0
2025-12-21 03:00:00,1.5,1.9,1.9,0.8,-1.9,84.0,5.6,11.2,113.0,115.0,1003.7,0.0,0.0,,100.0
2025-12-21 04:00:00,2.0,2.6,,1.1,,79.0,6.6,12.3,92.0,98.0,1003.2,0.0,0.0,,100.0
2025-12-21 05:00:00,2.6,2.7,,2.3,,75.0,6.5,13.7,70.0,81.0,1003.1,0.0,0.0,,100.0
2025-12-21 06:00:00,2.6,2.7,2.7,2.4,-1.9,75.0,5.1,11.0,59.0,63.0,1002.6,0.0,0.0,4.6,100.0
2025-12-21 07:00:00,2.7,2.9,,2.6,,75.0,5.8,13.4,47.0,57.0,1001.5,0.0,0.0,,100.0
2025-12-21 08:00:00,2.8,3.4,,2.4,,77.0,4.9,14.4,82.0,61.0,1000.1,0.0,0.0,,100.0
2025-12-21 09:00:00,3.5,3.8,3.8,3.4,-1.9,74.0,7.5,15.6,83.0,81.0,999.2,0.0,0.0,,100.0
2025-12-21 10:00:00,3.7,3.9,,3.5,,75.0,9.6,19.6,85.0,84.0,998.8,0.0,0.0,,100.0
2025-12-21 11:00:00,3.6,3.9,,3.3,,77.0,10.4,19.4,87.0,86.0,998.4,0.0,0.0,,100.0
2025-12-21 12:00:00,3.2,3.5,3.9,2.9,-1.5,81.0,11.4,19.6,80.0,85.0,997.4,0.0,0.9,,100.0
2025-12-21 13:00:00,3.9,4.3,,3.4,,76.0,11.3,20.5,80.0,81.0,995.4,0.0,1.0,,100.0
2025-12-21 14:00:00,4.4,4.8,,3.8,,75.0,10.7,21.6,81.0,80.0,994.9,0.0,0.0,,100.0
2025-12-21 15:00:00,4.0,4.4,4.8,3.8,1.1,80.0,12.1,21.3,84.0,85.0,993.8,0.0,0.0,,100.0
2025-12-21 16:00:00,4.3,4.6,,3.9,,78.0,12.9,22.9,85.0,85.0,993.0,0.0,1.0,,100.0
2025-12-21 17:00:00,4.2,4.5,,4.0,,77.0,12.1,22.2,87.0,86.0,992.7,0.0,1.0,,100.0
2025-12-21 18:00:00,4.2,4.5,4.8,3.9,2.4,77.0,12.0,22.7,85.0,86.0,991.6,0.0,0.0,,100.0
2025-12-21 19:00:00,4.2,4.7,,4.0,,78.0,12.6,23.7,85.0,86.0,990.8,0.0,2.0,,100.0
2025-12-21 20:00:00,4.8,5.0,,4.5,,74.0,11.0,19.0,82.0,83.0,990.3,0.0,0.0,,100.0
2025-12-21 21:00:00,4.5,5.0,5.0,4.2,2.9,77.0,11.3,19.2,84.0,85.0,990.2,0.0,0.0,,100.0
2025-12-21 22:00:00,4.2,4.5,,4.0,,79.0,11.0,22.3,87.0,85.0,989.8,0.0,0.0,,100.0
2025-12-21 23:00:00,4.5,5.0,,4.2,,79.0,12.4,23.3,85.0,85.0,989.5,0.0,0.0,,100.0
2025-12-22 00:00:00,4.7,4.9,5.0,4.4,3.4,78.0,11.6,21.3,87.0,86.0,988.8,0.0,1.0,,100.0
2025-12-22 01:00:00,4.8,5.0,,4.5,,77.0,11.8,21.5,84.0,85.0,988.4,0.0,2.0,,100.0
2025-12-22 02:00:00,5.1,5.6,,4.6,,77.0,11.4,23.4,87.0,83.0,987.5,0.0,1.0,,100.0
2025-12-22 03:00:00,5.1,5.4,5.6,4.7,3.9,77.0,11.4,22.9,86.0,86.0,987.0,0.0,1.0,,100.0
2025-12-22 04:00:00,4.8,5.2,,4.6,,79.0,11.0,21.7,84.0,84.0,986.3,0.0,3.9,,100.0
2025-12-22 05:00:00,4.8,5.0,,4.7,,79.0,11.1,22.2,83.0,86.0,986.0,0.0,3.0,,100.0
2025-12-22 06:00:00,5.0,5.3,5.6,4.6,4.0,79.0,10.5,19.7,87.0,84.0,985.1,0.0,3.9,21.7,100.0
2025-12-22 07:00:00,5.4,5.9,,5.0,,77.0,9.5,21.0,78.0,77.0,984.5,0.0,3.5,,100.0
2025-12-22 08:00:00,5.9,6.6,,5.3,,73.0,10.6,20.6,82.0,82.0,983.6,0.0,0.8,,100.0
2025-12-22 09:00:00,5.8,6.3,6.6,5.4,4.0,77.0,9.9,18.4,81.0,80.0,982.5,0.0,2.0,,100.0
2025-12-22 10:00:00,5.7,6.0,,5.3,,79.0,10.0,19.3,85.0,81.0,981.1,0.0,2.7,,100.0
2025-12-22 11:00:00,5.6,5.9,,5.3,,81.0,12.0,22.9,84.0,83.0,980.7,0.0,4.0,,100.0
2025-12-22 12:00:00,4.2,5.5,6.6,2.0,2.0,85.0,11.2,22.0,105.0,95.0,983.1,0.0,5.0,,100.0
2025-12-22 13:00:00,2.2,2.4,,1.8,,92.0,6.4,11.6,107.0,104.0,984.0,0.0,1.0,,100.0
2025-12-22 14:00:00,2.8,3.2,,2.4,,83.0,6.5,12.4,92.0,102.0,984.8,14.0,0.0,,100.0
2025-12-22 15:00:00,2.5,3.2,6.6,1.8,1.8,81.0,5.7,13.1,97.0,110.0,985.7,10.0,0.0,,100.0
2025-12-22 16:00:00,2.3,2.6,,1.7,,82.0,5.4,10.2,89.0,102.0,986.6,1.0,0.4,,100.0
2025-12-22 17:00:00,1.6,2.5,,0.3,,84.0,4.7,9.3,134.0,114.0,987.4,0.0,0.1,,100.0
2025-12-22 18:00:00,1.4,1.9,6.6,0.3,0.3,84.0,4.1,9.2,84.0,97.0,987.8,0.0,0.0,,100.0
2025-12-22 19:00:00,1.6,1.9,,1.0,,78.0,4.6,8.9,122.0,104.0,988.5,0.0,0.0,,100.0
2025-12-22 20:00:00,0.7,1.5,,0.3,,81.0,3.3,10.0,109.0,117.0,988.9,0.0,0.0,,100.0
2025-12-22 21:00:00,-0.3,0.7,6.0,-0.6,-0.6,91.0,3.0,8.3,150.0,134.0,989.6,0.0,0.2,,100.0
2025-12-22 22:00:00,0.0,0.6,,-0.5,,86.0,3.1,7.6,105.0,117.0,990.1,0.0,0.0,,100.0
2025-12-22 23:00:00,-0.8,0.0,,-1.2,,94.0,3.2,10.1,147.0,121.0,990.4,0.0,0.7,,100.0
2025-12-23 00:00:00,-0.9,-0.6,3.2,-1.1,-1.2,92.0,4.4,11.4,114.0,115.0,991.0,0.0,0.2,,100.0
2025-12-23 01:00:00,-1.0,-0.7,,-1.2,,87.0,2.9,7.4,108.0,102.0,991.0,0.0,0.0,,50.0
2025-12-23 02:00:00,-0.1,0.2,,-0.6,,76.0,4.7,8.3,91.0,89.0,991.0,0.0,0.0,,75.0
2025-12-23 03:00:00,-0.5,0.2,2.6,-1.2,-1.2,83.0,5.4,11.1,84.0,85.0,990.9,0.0,0.5,,100.0
2025-12-23 04:00:00,-0.5,0.1,,-1.1,,80.0,6.3,11.3,86.0,88.0,991.2,0.0,0.6,,100.0
2025-12-23 05:00:00,-0.8,-0.4,,-1.2,,86.0,6.1,11.7,93.0,90.0,991.6,0.0,0.3,,100.0
2025-12-23 06:00:00,-1.0,-0.3,1.9,-1.5,-1.5,85.0,6.2,11.9,83.0,87.0,991.4,0.0,0.3,22.0,90.0
2025-12-23 07:00:00,-1.4,-0.3,,-1.7,,92.0,4.8,11.4,73.0,80.0,991.4,0.0,1.4,,100.0
2025-12-23 08:00:00,-0.8,-0.3,,-1.2,,88.0,5.1,9.3,88.0,83.0,991.5,0.0,0.6,,100.0
2025-12-23 09:00:00,-0.4,-0.2,0.6,-0.6,-1.7,83.0,6.3,11.4,79.0,83.0,991.9,0.0,0.0,,100.0
2025-12-23 10:00:00,-0.5,-0.2,,-0.9,,87.0,5.8,11.3,82.0,87.0,992.1,0.0,0.3,,
2025-12-23 11:00:00,-0.8,-0.4,,-0.9,,94.0,4.6,9.7,90.0,90.0,991.9,0.0,1.7,,100.0
2025-12-23 12:00:00,-0.1,0.3,0.3,-0.3,-1.7,84.0,5.3,11.7,87.0,89.0,992.2,0.0,0.2,,100.0
2025-12-23 13:00:00,-0.2,0.2,,-0.5,,87.0,5.8,11.6,108.0,93.0,992.7,0.0,0.3,,100.0
2025-12-23 14:00:00,-0.5,0.0,,-0.9,,92.0,5.4,11.1,87.0,93.0,992.7,6.0,1.7,,90.0
2025-12-23 15:00:00,-0.8,-0.6,0.3,-1.0,-1.7,92.0,5.3,9.7,87.0,92.0,993.0,10.0,0.2,,100.0
2025-12-23 16:00:00,-0.7,-0.5,,-1.0,,89.0,5.1,9.1,95.0,89.0,993.6,5.0,0.0,,100.0
2025-12-23 17:00:00,-1.0,-0.8,,-1.1,,94.0,3.0,6.0,152.0,122.0,994.2,1.0,1.0,,100.0
2025-12-23 18:00:00,-1.4,-1.1,0.3,-1.7,-1.7,96.0,1.4,3.5,202.0,154.0,994.7,0.0,0.0,,100.0
2025-12-23 19:00:00,-2.1,-1.5,,-2.6,,90.0,1.3,2.3,165.0,185.0,995.5,0.0,0.0,,10.0
2025-12-23 20:00:00,-3.4,-2.1,,-4.3,,87.0,1.4,2.3,264.0,232.0,996.1,0.0,0.0,,40.0
2025-12-23 21:00:00,-4.1,-3.1,0.3,-4.8,-4.8,86.0,1.3,2.9,275.0,239.0,996.9,0.0,0.0,,0.0
2025-12-23 22:00:00,-4.1,-3.1,,-4.9,,82.0,1.6,3.3,254.0,257.0,997.2,0.0,0.0,,40.0
2025-12-23 23:00:00,-3.9,-2.8,,-4.8,,81.0,1.3,3.3,277.0,255.0,997.6,0.0,0.0,,100.0
2025-12-24 00:00:00,-4.0,-3.7,0.2,-4.3,-4.9,87.0,0.2,1.4,0.0,103.0,998.5,0.0,0.0,,100.0
2025-12-24 01:00:00,-4.0,-3.3,,-4.7,,87.0,0.1,0.9,251.0,202.0,998.7,0.0,0.0,,60.0
2025-12-24 02:00:00,-4.5,-3.9,,-5.1,,85.0,1.8,3.0,274.0,271.0,998.9,0.0,0.0,,0.0
2025-12-24 03:00:00,-4.8,-4.5,-0.5,-5.3,-5.3,82.0,2.1,3.6,252.0,262.0,999.4,0.0,0.0,,0.0
2025-12-24 04:00:00,-5.1,-4.4,,-5.7,,83.0,2.1,3.9,278.0,269.0,1000.3,0.0,0.0,,0.0
2025-12-24 05:00:00,-5.2,-4.8,,-5.7,,83.0,1.1,2.8,272.0,277.0,1000.7,0.0,0.0,,0.0
2025-12-24 06:00:00,-5.0,-4.3,-1.5,-5.4,-5.7,79.0,2.1,3.8,270.0,267.0,1001.3,0.0,0.0,7.3,0.0
2025-12-24 07:00:00,-5.4,-4.7,,-6.2,,78.0,2.0,3.1,271.0,268.0,1002.1,0.0,0.0,,0.0
2025-12-24 08:00:00,-5.1,-4.6,,-5.9,,76.0,2.2,4.0,279.0,267.0,1002.7,0.0,0.0,,0.0
2025-12-24 09:00:00,-5.3,-4.9,-2.8,-5.7,-6.2,76.0,2.1,3.2,265.0,264.0,1003.3,0.0,0.0,,0.0
2025-12-24 10:00:00,-5.3,-4.9,,-5.8,,74.0,2.1,3.8,292.0,266.0,1004.1,0.0,0.0,,0.0
2025-12-24 11:00:00,-4.9,-4.4,,-5.3,,72.0,1.9,3.9,265.0,266.0,1004.6,0.0,0.0,,100.0
2025-12-24 12:00:00,-3.9,-3.3,-3.3,-4.4,-6.2,67.0,1.6,4.0,266.0,275.0,1004.3,0.0,0.0,,100.0
2025-12-24 13:00:00,-3.2,-2.6,,-4.3,,66.0,2.7,8.1,2.0,325.0,1003.9,1.0,0.0,,90.0
2025-12-24 14:00:00,-3.0,-2.6,,-3.1,,69.0,3.7,7.1,6.0,3.0,1003.1,3.0,0.0,,100.0
2025-12-24 15:00:00,-3.2,-3.0,-2.6,-3.9,-6.2,67.0,3.4,7.5,286.0,354.0,1002.1,4.0,0.0,,100.0
2025-12-24 16:00:00,-3.2,-3.1,,-3.5,,65.0,2.1,5.7,330.0,329.0,1001.5,2.0,0.0,,100.0
2025-12-24 17:00:00,-3.4,-3.1,,-4.0,,64.0,1.6,3.7,296.0,284.0,1000.3,0.0,0.0,,100.0
2025-12-24 18:00:00,-2.9,-2.6,-2.6,-3.4,-6.2,60.0,0.9,4.6,299.0,288.0,999.8,0.0,0.0,,90.0
2025-12-24 19:00:00,-2.6,-2.0,,-3.3,,71.0,2.4,5.5,347.0,13.0,998.7,0.0,0.0,,100.0
2025-12-24 20:00:00,-3.7,-3.3,,-3.9,,88.0,2.9,5.6,329.0,332.0,997.0,0.0,0.5,,
2025-12-24 21:00:00,-3.8,-3.1,-2.0,-4.4,-5.8,90.0,4.5,10.0,14.0,2.0,993.8,0.0,0.1,,100.0
2025-12-24 22:00:00,-2.8,-2.2,,-3.5,,79.0,4.6,8.8,3.0,10.0,991.1,0.0,0.0,,100.0
2025-12-24 23:00:00,-1.7,-1.2,,-2.3,,72.0,4.8,9.8,358.0,359.0,988.7,0.0,0.0,,100.0
2025-12-25 00:00:00,-1.0,-0.1,-0.1,-1.6,-4.4,82.0,4.5,13.8,60.0,19.0,987.2,0.0,0.0,,100.0
2025-12-25 01:00:00,-0.2,0.3,,-0.6,,87.0,7.4,19.9,72.0,72.0,985.7,0.0,1.2,,100.0
2025-12-25 02:00:00,0.6,1.0,,0.2,,83.0,8.8,20.5,66.0,69.0,984.1,0.0,0.0,,100.0
2025-12-25 03:00:00,0.6,1.0,1.0,-0.2,-4.4,83.0,7.5,17.9,22.0,49.0,983.5,0.0,0.3,,100.0
2025-12-25 04:00:00,-0.1,0.3,,-0.3,,89.0,3.4,10.7,320.0,354.0,984.8,0.0,1.2,,
2025-12-25 05:00:00,-0.2,-0.1,,-0.3,,96.0,2.2,6.5,274.0,294.0,988.5,0.0,1.1,,
2025-12-25 06:00:00,0.0,0.4,1.0,-0.2,-4.4,95.0,7.5,23.1,211.0,220.0,994.5,0.0,0.0,4.1,
2025-12-25 07:00:00,-0.8,-0.2,,-1.3,,91.0,9.4,26.7,170.0,182.0,998.2,0.0,0.0,,90.0
2025-12-25 08:00:00,-0.2,0.2,,-0.8,,90.0,5.1,13.9,146.0,163.0,1000.0,0.0,0.0,,100.0
2025-12-25 09:00:00,-0.1,0.8,1.0,-0.3,-3.5,94.0,2.4,11.9,161.0,148.0,1000.9,0.0,0.0,,100.0
2025-12-25 10:00:00,1.1,1.3,,0.7,,77.0,5.7,11.7,166.0,154.0,1002.5,0.0,0.0,,90.0
2025-12-25 11:00:00,0.4,0.9,,0.1,,72.0,3.3,8.9,156.0,154.0,1003.9,0.0,0.0,,10.0
2025-12-25 12:00:00,0.0,0.3,1.3,-0.7,-1.3,75.0,2.4,5.1,161.0,157.0,1005.6,0.0,0.0,,10.0
2025-12-25 13:00:00,-0.4,0.0,,-1.0,,69.0,3.1,7.8,171.0,172.0,1007.1,1.0,0.0,,0.0
2025-12-25 14:00:00,-2.0,-0.5,,-3.2,,71.0,1.2,4.8,172.0,159.0,1007.9,3.0,0.0,,0.0
2025-12-25 15:00:00,-3.1,-2.0,1.3,-3.6,-3.6,71.0,0.2,1.8,298.0,211.0,1008.5,11.0,0.0,,10.0
2025-12-25 16:00:00,-2.2,-1.3,,-3.3,,71.0,1.5,2.9,134.0,177.0,1009.3,13.0,0.0,,100.0
2025-12-25 17:00:00,-0.9,0.2,,-1.5,,69.0,2.1,7.7,112.0,120.0,1009.9,3.0,0.0,,75.0
2025-12-25 18:00:00,-0.4,0.3,1.3,-0.9,-3.6,69.0,2.0,6.5,122.0,124.0,1010.7,0.0,0.0,,100.0
2025-12-25 19:00:00,-0.6,-0.3,,-1.0,,68.0,1.7,5.5,174.0,157.0,1011.2,0.0,0.0,,100.0
2025-12-25 20:00:00,-0.2,-0.1,,-0.4,,59.0,2.4,5.1,166.0,162.0,1011.8,0.0,0.0,,100.0
2025-12-25 21:00:00,-0.6,-0.4,1.3,-0.8,-3.6,57.0,2.5,5.3,181.0,182.0,1012.5,0.0,0.0,,100.0
2025-12-25 22:00:00,-1.0,-0.6,,-1.9,,54.0,1.2,2.8,211.0,186.0,1013.3,0.0,0.0,,75.0
2025-12-25 23:00:00,-2.1,-1.6,,-2.5,,59.0,0.9,2.7,259.0,267.0,1014.0,0.0,0.0,,100.0
2025-12-26 00:00:00,-2.1,-1.7,0.3,-2.7,-3.6,59.0,2.2,3.4,248.0,245.0,1014.6,0.0,0.0,,100.0
2025-12-26 01:00:00,-3.0,-2.0,,-3.8,,60.0,2.1,3.9,254.0,256.0,1015.4,0.0,0.0,,0.0
2025-12-26 02:00:00,-3.5,-2.8,,-4.3,,60.0,2.7,4.1,250.0,256.0,1016.4,0.0,0.0,,0.0
2025-12-26 03:00:00,-3.8,-3.1,0.3,-4.3,-4.3,63.0,1.5,4.5,255.0,260.0,1017.6,0.0,0.0,,40.0
2025-12-26 04:00:00,-3.1,-2.5,,-3.8,,68.0,5.9,10.6,273.0,273.0,1019.4,0.0,0.0,,0.0
2025-12-26 05:00:00,-4.3,-3.7,,-4.9,,65.0,5.8,11.0,348.0,286.0,1021.2,0.0,0.0,,0.0
2025-12-26 06:00:00,-5.4,-4.1,-0.1,-7.0,-7.0,61.0,8.6,18.0,269.0,282.0,1022.3,0.0,0.0,0.0,0.0
2025-12-26 07:00:00,-7.1,-6.7,,-7.4,,65.0,9.2,18.5,274.0,282.0,1023.5,0.0,0.0,,0.0
2025-12-26 08:00:00,-7.0,-5.9,,-7.6,,66.0,11.6,19.7,290.0,283.0,1025.0,0.0,0.0,,0.0
2025-12-26 09:00:00,-7.1,-5.9,-0.6,-7.6,-7.6,62.0,11.8,19.6,285.0,287.0,1026.9,0.0,0.0,,0.0
2025-12-26 10:00:00,-6.9,-5.9,,-7.6,,59.0,10.4,20.5,268.0,279.0,1028.0,0.0,0.0,,0.0
2025-12-26 11:00:00,-6.5,-5.9,,-7.0,,55.0,9.2,16.3,279.0,277.0,1029.6,0.0,0.0,,0.0
2025-12-26 12:00:00,-6.0,-5.3,-2.0,-6.4,-7.6,48.0,8.4,15.1,268.0,273.0,1030.7,0.0,0.0,,0.0
2025-12-26 13:00:00,-5.4,-5.0,,-5.7,,47.0,3.3,8.4,11.0,331.0,1031.4,0.0,0.0,,0.0
2025-12-26 14:00:00,-4.9,-4.6,,-5.5,,45.0,1.3,4.6,186.0,355.0,1032.2,4.0,0.0,,100.0
2025-12-26 15:00:00,-4.6,-4.4,-2.5,-4.8,-7.6,42.0,1.5,4.2,166.0,52.0,1033.0,6.0,0.0,,100.0
2025-12-26 16:00:00,-4.4,-4.2,,-4.8,,41.0,1.6,2.7,154.0,153.0,1033.4,3.0,0.0,,100.0
2025-12-26 17:00:00,-4.1,-3.9,,-4.3,,43.0,1.2,2.9,51.0,100.0,1034.2,0.0,0.0,,100.0
2025-12-26 18:00:00,-4.3,-4.0,-3.9,-4.5,-7.6,46.0,1.0,2.9,318.0,354.0,1035.0,0.0,0.0,,100.0
2025-12-26 19:00:00,-4.6,-4.3,,-4.9,,52.0,1.8,3.3,256.0,280.0,1035.5,0.0,0.0,,100.0
2025-12-26 20:00:00,-4.6,-4.3,,-5.0,,54.0,0.6,2.2,311.0,293.0,1036.7,0.0,0.0,,100.0
2025-12-26 21:00:00,-4.4,-4.0,-3.9,-4.8,-7.6,54.0,2.2,3.1,254.0,259.0,1037.2,0.0,0.0,,100.0
2025-12-26 22:00:00,-4.2,-3.7,,-4.5,,52.0,1.3,3.0,253.0,265.0,1037.0,0.0,0.0,,100.0
2025-12-26 23:00:00,-3.8,-3.4,,-4.4,,50.0,1.6,3.7,9.0,261.0,1036.9,0.0,0.0,,100.0
2025-12-27 00:00:00,-3.1,-2.8,-2.7,-3.8,-5.7,45.0,1.0,3.9,249.0,243.0,1036.3,0.0,0.0,,100.0
2025-12-27 01:00:00,-3.1,-2.4,,-3.3,,50.0,2.5,3.6,266.0,260.0,1035.5,0.0,0.0,,100.0
2025-12-27 02:00:00,-2.7,-2.2,,-3.6,,57.0,2.5,4.4,246.0,252.0,1034.6,0.0,0.0,,100.0
2025-12-27 03:00:00,-3.2,-2.8,-2.2,-3.5,-5.0,87.0,3.1,5.4,252.0,254.0,1033.5,0.0,0.2,,100.0
2025-12-27 04:00:00,-2.3,-2.1,,-2.7,,91.0,1.5,3.4,257.0,252.0,1031.7,0.0,0.6,,100.0
2025-12-27 05:00:00,-1.6,-0.7,,-2.4,,94.0,2.4,7.7,112.0,201.0,1030.6,0.0,1.0,,
2025-12-27 06:00:00,-1.0,-0.7,-0.7,-1.3,-5.0,96.0,1.4,5.3,159.0,185.0,1029.2,0.0,1.0,2.8,
2025-12-27 07:00:00,-0.5,-0.4,,-0.6,,96.0,1.8,4.6,145.0,143.0,1028.0,0.0,1.5,,
2025-12-27 08:00:00,-0.1,0.2,,-0.5,,97.0,2.0,4.8,334.0,154.0,1027.7,0.0,1.0,,100.0
2025-12-27 09:00:00,0.1,0.2,0.2,0.0,-4.5,97.0,1.4,2.9,265.0,268.0,1028.2,0.0,1.4,,100.0
2025-12-27 10:00:00,0.1,0.1,,0.0,,98.0,1.7,2.9,262.0,264.0,1028.3,0.0,1.3,,100.0
2025-12-27 11:00:00,0.2,0.3,,0.1,,98.0,1.4,2.7,263.0,268.0,1028.9,0.0,0.8,,100.0
2025-12-27 12:00:00,0.1,0.3,0.3,0.0,-3.6,98.0,0.7,2.7,150.0,105.0,1029.0,0.0,1.0,,100.0
2025-12-27 13:00:00,0.5,0.6,,0.3,,91.0,3.5,6.6,173.0,160.0,1030.2,0.0,0.0,,100.0
2025-12-27 14:00:00,0.6,0.7,,0.5,,85.0,3.1,5.8,185.0,170.0,1030.4,1.0,0.0,,100.0
2025-12-27 15:00:00,0.7,1.0,1.0,0.4,-2.7,85.0,2.2,4.7,161.0,161.0,1030.6,2.0,0.1,,100.0
2025-12-27 16:00:00,0.1,0.3,,-0.3,,94.0,1.2,3.4,0.0,162.0,1031.1,1.0,0.4,,
2025-12-27 17:00:00,-0.4,-0.3,,-0.6,,97.0,0.5,2.1,8.0,40.0,1031.6,0.0,0.5,,100.0
2025-12-27 18:00:00,-0.6,-0.5,1.0,-0.6,-0.6,98.0,1.1,3.1,18.0,337.0,1031.9,0.0,0.1,,
2025-12-27 19:00:00,-0.7,-0.6,,-1.0,,98.0,1.1,2.8,162.0,132.0,1032.0,0.0,0.0,,100.0
2025-12-27 20:00:00,-1.3,-0.9,,-1.5,,98.0,2.0,3.0,174.0,170.0,1032.1,0.0,0.0,,100.0
2025-12-27 21:00:00,-1.7,-1.4,1.0,-2.1,-2.1,99.0,1.2,2.6,35.0,182.0,1032.5,0.0,0.0,,25.0
2025-12-27 22:00:00,-2.2,-1.7,,-2.5,,99.0,0.6,2.3,301.0,324.0,1032.3,0.0,0.0,,
2025-12-27 23:00:00,-2.5,-1.9,,-3.1,,98.0,1.2,4.0,162.0,173.0,1032.1,0.0,0.0,,0.0
2025-12-28 00:00:00,-3.3,-2.2,1.0,-4.1,-4.1,97.0,1.2,3.3,268.0,280.0,1031.9,0.0,0.0,,50.0
2025-12-28 01:00:00,-3.1,-2.4,,-4.0,,93.0,2.0,5.0,169.0,173.0,1031.4,0.0,0.0,,0.0
2025-12-28 02:00:00,-4.0,-2.9,,-4.5,,97.0,2.9,5.1,164.0,168.0,1031.7,0.0,0.0,,
2025-12-28 03:00:00,-4.6,-4.1,0.3,-5.5,-5.5,98.0,1.5,4.3,178.0,184.0,1031.9,0.0,0.0,,100.0
2025-12-28 04:00:00,-3.7,-2.2,,-4.6,,90.0,1.6,5.0,158.0,237.0,1031.8,0.0,0.0,,100.0
2025-12-28 05:00:00,-2.5,-0.7,,-3.5,,88.0,2.1,5.1,119.0,171.0,1032.4,0.0,0.0,,100.0
2025-12-28 06:00:00,-2.6,-1.4,-0.6,-3.1,-5.5,88.0,0.3,1.5,208.0,292.0,1032.3,0.0,0.0,8.0,100.0
2025-12-28 07:00:00,-1.8,-0.3,,-2.7,,85.0,0.6,2.9,0.0,192.0,1032.0,0.0,0.0,,100.0
2025-12-28 08:00:00,-1.4,-0.3,,-2.2,,84.0,1.4,2.8,158.0,173.0,1031.8,0.0,0.0,,100.0
2025-12-28 09:00:00,-1.4,0.1,0.1,-2.3,-5.5,85.0,1.3,4.7,143.0,151.0,1032.8,0.0,0.0,,100.0
2025-12-28 10:00:00,-1.6,-0.8,,-1.9,,89.0,1.1,3.1,258.0,269.0,1033.3,0.0,0.0,,100.0
2025-12-28 11:00:00,-1.1,-0.4,,-1.8,,83.0,1.3,3.3,342.0,293.0,1033.5,0.0,0.0,,100.0
2025-12-28 12:00:00,-1.0,-0.7,0.1,-1.3,-5.5,82.0,0.8,2.5,278.0,194.0,1033.7,0.0,0.0,,100.0
2025-12-28 13:00:00,-0.9,-0.6,,-1.6,,83.0,1.0,2.5,325.0,164.0,1034.6,2.0,0.0,,100.0
2025-12-28 14:00:00,-1.3,-0.9,,-1.6,,86.0,0.5,1.8,224.0,197.0,1035.0,7.0,0.0,,100.0
2025-12-28 15:00:00,-1.3,-0.9,0.1,-1.6,-4.6,83.0,0.6,1.8,154.0,170.0,1035.3,11.0,0.0,,100.0
2025-12-28 16:00:00,-2.1,-1.1,,-2.7,,83.0,0.3,1.9,265.0,269.0,1035.6,7.0,0.0,,100.0
2025-12-28 17:00:00,-1.8,-1.3,,-2.4,,80.0,1.1,2.6,167.0,167.0,1035.8,3.0,0.0,,100.0
2025-12-28 18:00:00,-2.1,-1.4,0.1,-2.7,-2.7,80.0,0.8,2.7,275.0,221.0,1036.2,0.0,0.0,,100.0
2025-12-28 19:00:00,-2.5,-2.0,,-3.6,,79.0,0.2,2.0,0.0,195.0,1037.1,0.0,0.0,,75.0
2025-12-28 20:00:00,-2.5,-1.4,,-3.4,,79.0,0.9,3.0,273.0,264.0,1037.5,0.0,0.0,,100.0
2025-12-28 21:00:00,-1.7,-1.1,-0.4,-2.5,-3.6,79.0,0.4,1.6,77.0,346.0,1037.9,0.0,0.0,,100.0
2025-12-28 22:00:00,-1.1,1.1,,-2.2,,78.0,0.8,4.0,132.0,131.0,1038.6,0.0,0.0,,100.0
2025-12-28 23:00:00,-1.1,0.1,,-1.9,,79.0,0.9,2.9,140.0,126.0,1039.1,0.0,0.0,,100.0
2025-12-29 00:00:00,-1.8,-0.5,1.1,-2.2,-3.6,85.0,0.3,1.8,0.0,326.0,1039.0,0.0,0.0,,100.0
2025-12-29 01:00:00,-1.9,-1.4,,-2.1,,83.0,0.4,1.4,0.0,291.0,1039.1,0.0,0.0,,100.0
2025-12-29 02:00:00,-1.2,-1.0,,-1.3,,79.0,1.4,3.2,154.0,158.0,1039.0,0.0,0.0,,100.0
2025-12-29 03:00:00,-1.6,-1.2,1.1,-2.2,-3.6,82.0,1.8,2.7,155.0,165.0,1039.1,0.0,0.0,,100.0
2025-12-29 04:00:00,-2.5,-1.9,,-2.9,,84.0,0.2,1.0,0.0,308.0,1039.0,0.0,0.0,,100.0
2025-12-29 05:00:00,-2.8,-2.4,,-3.1,,83.0,0.8,2.0,165.0,175.0,1039.1,0.0,0.0,,60.0
2025-12-29 06:00:00,-3.8,-2.8,1.1,-4.2,-4.2,82.0,0.9,2.0,208.0,230.0,1039.1,0.0,0.0,0.0,0.0
2025-12-29 07:00:00,-4.1,-3.6,,-4.9,,79.0,1.8,3.0,199.0,248.0,1039.0,0.0,0.0,,0.0
2025-12-29 08:00:00,-4.5,-3.8,,-5.3,,80.0,0.8,2.5,264.0,238.0,1038.9,0.0,0.0,,0.0
2025-12-29 09:00:00,-4.9,-4.3,1.1,-5.2,-5.3,78.0,1.5,3.4,237.0,266.0,1038.7,0.0,0.0,,0.0
2025-12-29 10:00:00,-4.8,-4.1,,-5.4,,81.0,0.8,2.2,274.0,248.0,1038.4,0.0,0.0,,0.0
2025-12-29 11:00:00,-5.2,-4.5,,-5.8,,80.0,1.0,2.7,175.0,241.0,1038.0,0.0,0.0,,0.0
2025-12-29 12:00:00,-5.6,-4.7,-1.0,-6.1,-6.1,83.0,0.6,2.5,235.0,258.0,1038.1,0.0,0.0,,0.0
2025-12-29 13:00:00,-5.2,-4.9,,-5.9,,78.0,0.6,2.1,173.0,249.0,1038.1,5.0,0.0,,0.0
2025-12-29 14:00:00,-5.6,-4.8,,-5.9,,81.0,0.5,2.3,174.0,244.0,1038.2,8.0,0.0,,0.0
2025-12-29 15:00:00,-5.1,-4.3,-1.9,-5.6,-6.1,76.0,0.5,2.4,279.0,249.0,1037.7,11.0,0.0,,0.0
2025-12-29 16:00:00,-4.3,-3.2,,-5.3,,73.0,1.6,3.3,288.0,270.0,1037.3,8.0,0.0,,0.0
2025-12-29 17:00:00,-3.7,-2.7,,-5.1,,72.0,0.4,2.0,162.0,171.0,1037.0,2.0,0.0,,0.0
2025-12-29 18:00:00,-3.7,-3.1,-2.7,-4.6,-6.1,72.0,0.1,1.1,341.0,280.0,1036.7,0.0,0.0,,0.0
2025-12-29 19:00:00,-3.1,-2.4,,-3.7,,69.0,0.2,1.2,210.0,259.0,1036.5,0.0,0.0,,0.0
2025-12-29 20:00:00,-2.6,-1.8,,-3.2,,69.0,0.4,1.9,198.0,202.0,1036.6,0.0,0.0,,0.0
2025-12-29 21:00:00,-2.4,-1.1,-1.1,-3.1,-6.1,69.0,0.8,2.6,224.0,195.0,1036.8,0.0,0.0,,0.0
2025-12-29 22:00:00,-2.2,-1.1,,-3.9,,69.0,0.9,3.1,214.0,263.0,1036.6,0.0,0.0,,90.0
2025-12-29 23:00:00,-1.3,-0.8,,-2.1,,67.0,0.4,1.8,0.0,222.0,1036.6,0.0,0.0,,100.0
2025-12-30 00:00:00,-1.4,-0.8,-0.8,-2.0,-5.9,68.0,0.7,2.3,289.0,207.0,1036.7,0.0,0.0,,90.0
2025-12-30 01:00:00,-1.1,-0.3,,-1.8,,68.0,0.9,3.2,211.0,247.0,1036.7,0.0,0.0,,90.0
2025-12-30 02:00:00,-1.9,-0.7,,-2.7,,72.0,0.5,3.8,182.0,216.0,1036.6,0.0,0.0,,90.0
2025-12-30 03:00:00,-1.7,-0.9,-0.3,-2.5,-5.3,71.0,0.7,2.3,142.0,163.0,1036.1,0.0,0.0,,90.0
2025-12-30 04:00:00,-1.9,-0.9,,-2.8,,72.0,0.6,2.6,255.0,263.0,1035.6,0.0,0.0,,100.0
2025-12-30 05:00:00,-1.1,-0.1,,-2.0,,71.0,1.0,2.7,147.0,176.0,1035.6,0.0,0.0,,100.0
2025-12-30 06:00:00,-1.6,-1.0,-0.1,-2.1,-3.9,75.0,0.5,2.2,223.0,248.0,1035.2,0.0,0.0,0.0,100.0
2025-12-30 07:00:00,-1.6,-1.1,,-1.9,,77.0,0.6,2.2,250.0,202.0,1035.1,0.0,0.0,,100.0
2025-12-30 08:00:00,-1.5,-0.5,,-2.3,,80.0,0.6,3.1,180.0,191.0,1034.7,0.0,0.0,,100.0
2025-12-30 09:00:00,-1.5,-0.4,-0.1,-2.3,-3.9,80.0,0.6,2.6,299.0,126.0,1035.0,0.0,0.0,,100.0
2025-12-30 10:00:00,-0.4,1.1,,-2.0,,77.0,1.1,4.1,284.0,264.0,1034.6,1.0,0.0,,100.0
2025-12-30 11:00:00,-0.6,1.0,,-1.2,,81.0,0.8,2.5,161.0,200.0,1034.3,0.0,0.0,,100.0
2025-12-30 12:00:00,-0.4,0.2,1.1,-1.0,-2.8,84.0,0.6,1.6,147.0,151.0,1033.8,0.0,0.0,,100.0
2025-12-30 13:00:00,-0.9,-0.4,,-1.3,,84.0,0.9,3.6,142.0,40.0,1033.2,1.0,0.1,,100.0
2025-12-30 14:00:00,-0.5,0.3,,-0.9,,83.0,0.4,2.1,319.0,340.0,1033.2,6.0,0.0,,100.0
2025-12-30 15:00:00,-0.3,0.4,1.1,-1.0,-2.8,86.0,1.2,3.3,268.0,280.0,1032.6,12.0,0.0,,40.0
2025-12-30 16:00:00,0.6,1.8,,-0.7,,86.0,1.4,5.3,303.0,274.0,1031.5,9.0,0.0,,0.0
2025-12-30 17:00:00,1.2,1.6,,0.7,,82.0,1.4,4.0,17.0,355.0,1030.9,1.0,0.0,,0.0
2025-12-30 18:00:00,1.0,2.1,2.1,0.2,-2.3,78.0,1.7,9.8,187.0,191.0,1030.6,0.0,0.0,,0.0
2025-12-30 19:00:00,1.0,3.1,,-0.4,,74.0,1.5,5.6,356.0,224.0,1030.8,0.0,0.0,,0.0
2025-12-30 20:00:00,0.5,1.8,,-0.6,,73.0,1.1,3.2,255.0,140.0,1030.8,0.0,0.0,,0.0
2025-12-30 21:00:00,1.2,2.9,3.1,-0.3,-2.0,68.0,2.9,8.9,329.0,316.0,1031.2,0.0,0.0,,0.0
2025-12-30 22:00:00,3.0,4.6,,0.6,,54.0,3.9,9.5,345.0,331.0,1031.1,0.0,0.0,,0.0
2025-12-30 23:00:00,3.4,4.5,,2.4,,50.0,3.5,8.0,356.0,358.0,1031.2,0.0,0.0,,0.0
2025-12-31 00:00:00,4.6,5.3,5.3,2.9,-1.3,43.0,8.5,19.5,272.0,287.0,1029.9,0.0,0.0,,0.0
2025-12-31 01:00:00,4.6,5.4,,4.0,,40.0,14.2,20.3,269.0,270.0,1029.4,0.0,0.0,,0.0
2025-12-31 02:00:00,4.1,4.8,,3.6,,42.0,11.8,19.5,289.0,275.0,1030.1,0.0,0.0,,0.0
2025-12-31 03:00:00,3.9,4.7,5.4,3.4,-0.7,43.0,10.1,21.5,276.0,277.0,1029.8,0.0,0.0,,0.0
2025-12-31 04:00:00,3.2,4.2,,2.4,,45.0,4.7,11.9,349.0,318.0,1028.8,0.0,0.0,,0.0
2025-12-31 05:00:00,3.1,4.1,,2.5,,45.0,4.7,12.7,11.0,358.0,1028.9,0.0,0.0,,0.0
2025-12-31 06:00:00,3.6,4.3,5.4,2.2,-0.6,43.0,4.2,9.9,257.0,327.0,1029.3,0.0,0.0,0.1,0.0
2025-12-31 07:00:00,3.4,4.3,,2.5,,42.0,2.6,7.2,273.0,261.0,1029.2,0.0,0.0,,0.0
2025-12-31 08:00:00,3.7,4.9,,2.6,,40.0,2.0,6.9,17.0,357.0,1029.3,0.0,0.0,,0.0
2025-12-31 09:00:00,4.1,5.1,5.4,3.2,0.6,39.0,2.7,8.1,320.0,332.0,1029.6,0.0,0.0,,0.0
2025-12-31 10:00:00,4.6,5.7,,3.5,,36.0,1.8,6.8,271.0,311.0,1030.1,0.0,0.0,,0.0
2025-12-31 11:00:00,4.0,4.9,,2.9,,39.0,1.0,3.7,58.0,29.0,1030.9,0.0,0.0,,0.0
2025-12-31 12:00:00,2.8,3.9,5.7,1.7,1.7,43.0,2.4,4.2,263.0,249.0,1031.4,0.0,0.0,,0.0
2025-12-31 13:00:00,2.8,4.1,,1.5,,42.0,2.1,3.9,162.0,213.0,1032.0,3.0,0.0,,0.0
2025-12-31 14:00:00,2.9,3.8,,1.6,,42.0,1.5,3.7,269.0,151.0,1032.3,10.0,0.0,,0.0
2025-12-31 15:00:00,1.2,1.9,5.7,0.3,0.3,47.0,1.7,3.9,264.0,268.0,1032.0,16.0,0.0,,0.0
2025-12-31 16:00:00,1.6,2.8,,0.2,,46.0,3.0,3.9,274.0,267.0,1031.7,13.0,0.0,,0.0
2025-12-31 17:00:00,2.2,2.7,,1.6,,44.0,1.9,3.8,281.0,271.0,1031.2,5.0,0.0,,0.0
2025-12-31 18:00:00,1.8,2.4,5.7,1.1,0.2,45.0,1.4,3.9,276.0,277.0,1030.8,0.0,0.0,,0.0
2025-12-31 19:00:00,1.4,2.1,,0.4,,47.0,0.8,2.6,204.0,188.0,1030.1,0.0,0.0,,0.0
2025-12-31 20:00:00,1.1,2.3,,0.1,,48.0,1.3,3.0,181.0,223.0,1029.3,0.0,0.0,,0.0
2025-12-31 21:00:00,1.6,2.9,5.7,0.9,0.1,47.0,1.0,2.8,208.0,189.0,1028.7,0.0,0.0,,0.0
2025-12-31 22:00:00,2.4,3.2,,1.8,,42.0,0.9,3.2,163.0,154.0,1027.6,0.0,0.0,,0.0
2025-12-31 23:00:00,3.1,4.1,,1.0,,39.0,1.2,4.2,257.0,238.0,1026.5,0.0,0.0,,0.0
