ts,101,112,113,122,123,201,301,305,365,371,401,550,601,609,801
2025-01-02 12:00:00,0.3,0.4,,0.2,,95.0,17.0,25.3,146.0,145.0,1019.5,0.0,0.4,,90.0
2025-01-02 13:00:00,0.2,0.3,,0.0,,97.0,17.0,23.3,146.0,147.0,1019.6,0.0,0.4,,100.0
2025-01-02 14:00:00,0.1,0.2,,0.0,,98.0,17.3,23.7,149.0,148.0,1020.7,2.0,0.4,,100.0
2025-01-02 15:00:00,0.0,0.1,,-0.2,,97.0,17.3,22.8,149.0,149.0,1021.3,4.0,0.5,,90.0
2025-01-02 16:00:00,-0.2,-0.2,,-0.3,,97.0,16.4,22.5,144.0,147.0,1021.3,12.0,0.0,,90.0
2025-01-02 17:00:00,-0.3,-0.2,,-0.3,,98.0,15.0,22.9,143.0,145.0,1022.0,9.0,0.0,,90.0
2025-01-02 18:00:00,-0.3,-0.2,1.2,-0.4,-0.4,98.0,14.8,21.5,146.0,142.0,1022.5,4.0,0.0,,90.0
2025-01-02 19:00:00,-0.3,-0.3,,-0.4,,99.0,14.8,19.6,146.0,147.0,1022.9,0.0,0.0,,90.0
2025-01-02 20:00:00,-0.3,-0.3,,-0.4,,99.0,12.7,17.6,149.0,146.0,1023.8,0.0,0.0,,
2025-01-02 21:00:00,-0.4,-0.3,,-0.5,,100.0,10.9,15.6,148.0,149.0,1024.2,0.0,0.0,,
2025-01-02 22:00:00,-0.3,-0.3,,-0.4,,100.0,9.3,12.6,150.0,149.0,1025.1,0.0,0.3,,
2025-01-02 23:00:00,-0.3,-0.2,,-0.3,,100.0,7.4,10.9,151.0,151.0,1025.4,0.0,0.7,,
2025-01-03 00:00:00,0.1,0.4,,-0.2,,100.0,8.5,11.5,149.0,150.0,1025.3,0.0,1.0,,90.0
2025-01-03 01:00:00,0.6,0.8,,0.3,,100.0,10.3,13.7,151.0,149.0,1025.3,0.0,2.3,,
2025-01-03 02:00:00,0.8,1.0,,0.6,,100.0,12.5,16.9,146.0,149.0,1025.5,0.0,0.9,,90.0
2025-01-03 03:00:00,1.1,1.1,,1.0,,98.0,13.5,18.7,144.0,145.0,1026.2,0.0,0.3,,90.0
2025-01-03 04:00:00,1.0,1.2,,0.8,,98.0,10.8,15.1,138.0,141.0,1026.5,0.0,0.4,,
2025-01-03 05:00:00,1.1,1.5,,0.8,,99.0,11.4,16.3,135.0,136.0,1026.4,0.0,1.0,,90.0
2025-01-03 06:00:00,1.3,1.5,1.5,1.1,-0.5,97.0,10.7,14.5,135.0,136.0,1026.4,0.0,0.0,15.9,
2025-01-03 07:00:00,1.3,1.6,,1.2,,97.0,10.3,14.3,139.0,139.0,1026.7,0.0,0.7,,
2025-01-03 08:00:00,1.3,1.7,,1.1,,97.0,8.6,13.7,141.0,141.0,1026.9,0.0,1.0,,
2025-01-03 09:00:00,1.5,1.7,,1.3,,98.0,10.3,14.6,137.0,138.0,1027.0,0.0,0.8,,
2025-01-03 10:00:00,1.5,1.7,,1.5,,98.0,9.9,15.0,138.0,137.0,1027.0,0.0,0.9,,
2025-01-03 11:00:00,1.5,1.6,,1.5,,99.0,7.9,12.7,144.0,141.0,1027.3,0.0,0.3,,90.0
2025-01-03 12:00:00,1.5,1.5,,1.2,,100.0,6.1,8.7,159.0,150.0,1027.6,0.0,0.3,,
2025-01-03 13:00:00,1.0,1.3,,0.7,,100.0,5.6,8.2,139.0,151.0,1027.7,1.0,0.1,,90.0
2025-01-03 14:00:00,0.7,0.9,,0.4,,100.0,1.6,4.0,53.0,140.0,1027.5,5.0,0.0,,90.0
2025-01-03 15:00:00,0.1,0.6,,-0.5,,100.0,2.2,4.1,4.0,18.0,1026.5,14.0,0.0,,90.0
2025-01-03 16:00:00,-0.4,-0.3,,-0.6,,100.0,4.0,6.0,5.0,3.0,1025.7,21.0,0.0,,60.0
2025-01-03 17:00:00,-0.6,-0.3,,-0.9,,100.0,4.7,7.0,341.0,350.0,1025.1,21.0,0.0,,90.0
2025-01-03 18:00:00,-0.6,-0.4,1.7,-0.9,-0.9,100.0,5.6,7.7,354.0,352.0,1024.4,7.0,0.0,,60.0
2025-01-03 19:00:00,-0.1,0.1,,-0.4,,100.0,6.9,8.7,357.0,3.0,1024.0,1.0,0.0,,90.0
2025-01-03 20:00:00,0.2,0.8,,-0.2,,93.0,6.3,7.9,9.0,3.0,1023.9,0.0,0.0,,90.0
2025-01-03 21:00:00,0.2,0.4,,-0.2,,92.0,5.5,7.3,359.0,351.0,1023.6,0.0,0.0,,90.0
2025-01-03 22:00:00,0.0,0.2,,-0.3,,92.0,4.7,6.7,7.0,9.0,1023.3,0.0,0.0,,90.0
2025-01-03 23:00:00,-0.1,0.6,,-1.1,,90.0,4.9,9.0,158.0,69.0,1023.4,0.0,0.0,,90.0
2025-01-04 00:00:00,-1.6,-1.2,,-1.9,,97.0,8.3,11.3,146.0,146.0,1023.4,0.0,0.0,,90.0
2025-01-04 01:00:00,-1.5,-1.4,,-1.6,,96.0,8.2,10.8,144.0,144.0,1023.3,0.0,0.0,,90.0
2025-01-04 02:00:00,-1.6,-1.4,,-1.7,,95.0,7.9,10.9,142.0,142.0,1023.2,0.0,0.0,,90.0
2025-01-04 03:00:00,-1.6,-1.5,,-1.9,,94.0,7.8,10.2,146.0,144.0,1022.9,0.0,0.0,,90.0
2025-01-04 04:00:00,-2.1,-1.9,,-2.3,,98.0,7.2,9.3,149.0,146.0,1022.7,0.0,0.0,,60.0
2025-01-04 05:00:00,-2.2,-2.0,,-2.3,,97.0,5.8,7.9,129.0,135.0,1022.8,0.0,0.0,,90.0
2025-01-04 06:00:00,-2.2,-2.0,0.8,-2.4,-2.4,96.0,4.2,5.6,151.0,146.0,1022.9,0.0,0.0,4.1,90.0
2025-01-04 07:00:00,-2.6,-2.4,,-2.7,,99.0,4.1,6.1,135.0,142.0,1022.7,0.0,0.0,,60.0
2025-01-04 08:00:00,-2.3,-2.0,,-2.6,,97.0,1.4,2.9,312.0,46.0,1022.5,0.0,0.0,,90.0
2025-01-04 09:00:00,-2.3,-2.0,,-2.7,,93.0,3.2,5.6,21.0,358.0,1022.0,0.0,0.0,,60.0
2025-01-04 10:00:00,-2.6,-2.4,,-2.8,,99.0,4.7,6.1,1.0,360.0,1021.7,0.0,0.0,,40.0
2025-01-04 11:00:00,-2.6,-2.4,,-2.8,,98.0,3.2,5.3,117.0,24.0,1021.6,0.0,0.0,,90.0
2025-01-04 12:00:00,-3.0,-2.6,,-3.3,,96.0,0.9,2.7,66.0,113.0,1021.6,0.0,0.0,,90.0
2025-01-04 13:00:00,-2.9,-2.5,,-3.3,,94.0,1.3,3.9,41.0,171.0,1021.7,1.0,0.0,,90.0
2025-01-04 14:00:00,-2.7,-2.4,,-3.1,,91.0,3.8,6.0,6.0,3.0,1021.2,20.0,0.0,,90.0
2025-01-04 15:00:00,-2.4,-2.1,,-2.6,,88.0,5.1,7.2,18.0,13.0,1021.2,69.0,0.0,,90.0
2025-01-04 16:00:00,-2.6,-2.3,,-3.1,,87.0,3.3,7.7,76.0,43.0,1021.3,84.0,0.0,,90.0
2025-01-04 17:00:00,-2.4,-2.0,,-3.1,,87.0,0.7,1.8,0.0,93.0,1021.1,67.0,0.0,,90.0
2025-01-04 18:00:00,-2.4,-2.0,-2.0,-2.8,-3.3,85.0,1.1,3.0,34.0,41.0,1021.3,25.0,0.0,,90.0
2025-01-04 19:00:00,-2.8,-2.4,,-3.2,,86.0,1.2,2.9,5.0,53.0,1021.6,1.0,0.0,,90.0
2025-01-04 20:00:00,-2.8,-2.5,,-3.0,,83.0,4.3,8.8,17.0,23.0,1021.7,0.0,0.0,,90.0
2025-01-04 21:00:00,-2.7,-2.3,,-3.3,,83.0,5.0,8.8,27.0,25.0,1021.9,0.0,0.0,,90.0
2025-01-04 22:00:00,-2.7,-2.3,,-3.0,,83.0,6.7,9.5,9.0,11.0,1021.9,0.0,0.0,,90.0
2025-01-04 23:00:00,-2.5,-1.8,,-2.8,,81.0,7.1,9.8,9.0,12.0,1021.6,0.0,0.0,,90.0
2025-01-05 00:00:00,-2.7,-2.5,,-2.8,,83.0,7.9,10.6,13.0,16.0,1021.5,0.0,0.0,,90.0
2025-01-05 01:00:00,-2.6,-2.3,,-3.1,,81.0,7.0,10.3,14.0,17.0,1021.4,0.0,0.0,,90.0
2025-01-05 02:00:00,-2.5,-1.9,,-2.9,,79.0,6.8,10.1,11.0,18.0,1021.2,0.0,0.0,,90.0
2025-01-05 03:00:00,-2.4,-1.5,,-2.7,,77.0,6.7,10.9,9.0,15.0,1020.8,0.0,0.0,,90.0
2025-01-05 04:00:00,-2.1,-1.6,,-2.5,,73.0,8.3,11.1,5.0,12.0,1020.4,0.0,0.0,,90.0
2025-01-05 05:00:00,-1.9,-1.2,,-2.3,,68.0,7.8,11.4,10.0,19.0,1020.2,0.0,0.0,,90.0
2025-01-05 06:00:00,-1.7,-1.3,-1.2,-2.1,-3.3,69.0,6.1,11.0,41.0,22.0,1020.3,0.0,0.0,0.0,90.0
2025-01-05 07:00:00,-1.9,-1.4,,-2.8,,69.0,5.4,9.9,58.0,32.0,1020.4,0.0,0.0,,90.0
2025-01-05 08:00:00,-2.0,-1.2,,-2.8,,71.0,4.6,9.2,26.0,28.0,1020.3,0.0,0.0,,90.0
2025-01-05 09:00:00,-2.0,-1.6,,-2.5,,70.0,2.3,6.6,100.0,70.0,1020.6,0.0,0.0,,90.0
2025-01-05 10:00:00,-2.2,-1.9,,-2.7,,74.0,1.5,5.6,62.0,68.0,1020.7,0.0,0.0,,90.0
2025-01-05 11:00:00,-2.1,-1.0,,-3.1,,73.0,3.3,6.1,46.0,21.0,1020.3,0.0,0.0,,90.0
2025-01-05 12:00:00,-1.9,-1.2,,-2.8,,68.0,1.1,2.5,53.0,56.0,1020.2,0.0,0.0,,90.0
2025-01-05 13:00:00,-2.1,-1.8,,-2.5,,72.0,1.5,5.2,178.0,115.0,1020.0,1.0,0.0,,90.0
2025-01-05 14:00:00,-1.9,-1.4,,-2.3,,70.0,2.2,7.1,19.0,308.0,1020.0,9.0,0.0,,90.0
2025-01-05 15:00:00,-2.1,-1.4,,-2.8,,72.0,2.3,6.4,125.0,67.0,1019.9,27.0,0.0,,90.0
2025-01-05 16:00:00,-1.5,-0.9,,-2.0,,68.0,0.7,1.6,67.0,51.0,1019.6,43.0,0.0,,90.0
2025-01-05 17:00:00,-1.9,-1.1,,-2.5,,69.0,2.9,6.7,16.0,22.0,1019.7,32.0,0.0,,90.0
2025-01-05 18:00:00,-2.4,-1.8,-0.9,-3.2,-3.2,74.0,3.4,6.4,36.0,31.0,1019.8,11.0,0.0,,90.0
2025-01-05 19:00:00,-2.5,-1.9,,-3.5,,75.0,2.0,6.5,233.0,94.0,1020.8,1.0,0.0,,90.0
2025-01-05 20:00:00,-2.5,-2.0,,-2.8,,76.0,3.7,8.1,144.0,164.0,1021.2,0.0,0.0,,90.0
2025-01-05 21:00:00,-2.1,-1.8,,-2.4,,71.0,6.9,9.6,151.0,151.0,1021.4,0.0,0.0,,90.0
2025-01-05 22:00:00,-1.3,-0.5,,-2.1,,61.0,5.4,9.7,40.0,120.0,1021.4,0.0,0.0,,90.0
2025-01-05 23:00:00,-1.9,-1.1,,-2.5,,65.0,2.9,4.3,5.0,6.0,1021.2,0.0,0.0,,90.0
2025-01-06 00:00:00,-2.4,-1.5,,-2.9,,71.0,4.4,7.2,16.0,9.0,1021.3,0.0,0.0,,90.0
2025-01-06 01:00:00,-2.7,-2.5,,-2.9,,73.0,4.0,6.8,33.0,26.0,1021.3,0.0,0.0,,90.0
2025-01-06 02:00:00,-3.0,-2.7,,-3.3,,72.0,3.0,4.9,28.0,34.0,1021.1,0.0,0.0,,90.0
2025-01-06 03:00:00,-2.5,-2.3,,-2.8,,73.0,1.6,3.6,32.0,34.0,1020.8,0.0,0.0,,90.0
2025-01-06 04:00:00,-2.6,-2.4,,-2.8,,72.0,1.4,2.7,38.0,34.0,1020.7,0.0,0.0,,90.0
2025-01-06 05:00:00,-3.0,-2.4,,-3.2,,75.0,1.5,2.9,124.0,48.0,1020.4,0.0,0.0,,90.0
2025-01-06 06:00:00,-2.7,-2.3,-0.5,-3.1,-3.5,70.0,0.6,1.5,40.0,103.0,1020.4,0.0,0.0,0.0,90.0
2025-01-06 07:00:00,-3.1,-2.5,,-3.4,,74.0,3.0,4.6,1.0,11.0,1020.3,0.0,0.0,,90.0
2025-01-06 08:00:00,-3.1,-2.8,,-3.2,,72.0,2.8,3.8,10.0,7.0,1020.7,0.0,0.0,,90.0
2025-01-06 09:00:00,-3.4,-3.1,,-3.7,,78.0,3.6,5.1,5.0,13.0,1021.0,0.0,0.0,,90.0
2025-01-06 10:00:00,-3.5,-3.2,,-3.7,,77.0,3.8,5.4,18.0,17.0,1020.8,0.0,0.0,,90.0
2025-01-06 11:00:00,-3.3,-2.9,,-3.6,,68.0,3.0,4.3,28.0,24.0,1020.8,0.0,0.0,,90.0
2025-01-06 12:00:00,-3.6,-3.1,,-4.0,,73.0,3.9,5.4,11.0,27.0,1020.7,0.0,0.0,,90.0
2025-01-06 13:00:00,-3.5,-3.4,,-3.7,,76.0,5.1,6.8,18.0,9.0,1021.1,4.0,0.0,,60.0
2025-01-06 14:00:00,-3.7,-3.4,,-4.0,,84.0,4.2,6.2,3.0,1.0,1021.1,17.0,0.0,,60.0
2025-01-06 15:00:00,-3.4,-3.0,,-3.7,,77.0,4.8,7.3,4.0,8.0,1020.6,49.0,0.0,,40.0
2025-01-06 16:00:00,-3.5,-3.3,,-3.8,,78.0,4.2,6.8,14.0,24.0,1020.8,65.0,0.0,,40.0
2025-01-06 17:00:00,-3.6,-3.3,,-3.9,,81.0,4.5,6.3,355.0,1.0,1020.9,46.0,0.0,,60.0
2025-01-06 18:00:00,-3.9,-3.7,-2.5,-4.1,-4.1,82.0,4.7,6.0,1.0,356.0,1021.4,17.0,0.0,,90.0
2025-01-06 19:00:00,-4.0,-3.8,,-4.2,,81.0,3.8,5.1,353.0,8.0,1021.8,3.0,0.0,,90.0
2025-01-06 20:00:00,-3.9,-3.8,,-4.2,,82.0,3.6,4.7,6.0,356.0,1022.2,0.0,0.0,,90.0
2025-01-06 21:00:00,-4.0,-3.8,,-4.2,,83.0,3.6,5.0,349.0,357.0,1022.4,0.0,0.0,,90.0
2025-01-06 22:00:00,-4.2,-4.0,,-4.5,,89.0,3.7,5.1,350.0,358.0,1022.6,0.0,0.0,,90.0
2025-01-06 23:00:00,-4.2,-3.8,,-4.8,,88.0,4.8,6.2,8.0,352.0,1022.5,0.0,0.0,,90.0
2025-01-07 00:00:00,-3.9,-3.7,,-4.1,,83.0,6.0,7.7,14.0,9.0,1022.4,0.0,0.0,,90.0
2025-01-07 01:00:00,-3.8,-3.7,,-4.0,,83.0,6.3,8.4,17.0,12.0,1022.5,0.0,0.0,,90.0
2025-01-07 02:00:00,-4.2,-3.9,,-4.6,,87.0,5.7,7.7,358.0,5.0,1022.5,0.0,0.0,,90.0
2025-01-07 03:00:00,-4.3,-3.7,,-4.7,,87.0,5.7,8.2,4.0,356.0,1022.2,0.0,0.0,,90.0
2025-01-07 04:00:00,-3.9,-3.6,,-4.4,,83.0,6.5,9.6,6.0,10.0,1022.1,0.0,0.0,,90.0
2025-01-07 05:00:00,-3.9,-3.5,,-4.4,,81.0,5.4,9.5,79.0,27.0,1022.1,0.0,0.0,,90.0
2025-01-07 06:00:00,-4.0,-3.7,-3.5,-4.4,-4.8,82.0,5.7,8.8,1.0,14.0,1021.7,0.0,0.0,0.0,90.0
2025-01-07 07:00:00,-4.1,-3.6,,-4.5,,84.0,6.6,9.1,14.0,6.0,1021.5,0.0,0.0,,90.0
2025-01-07 08:00:00,-3.7,-3.6,,-3.9,,82.0,8.1,11.1,4.0,6.0,1021.0,0.0,0.0,,90.0
2025-01-07 09:00:00,-3.9,-3.7,,-4.4,,83.0,8.3,10.7,,359.0,1020.3,0.0,0.0,,90.0
2025-01-07 10:00:00,-4.0,-3.6,,-4.4,,83.0,7.7,11.4,349.0,358.0,1019.8,0.0,0.0,,90.0
2025-01-07 11:00:00,-3.8,-3.6,,-4.1,,78.0,8.8,11.9,6.0,5.0,1019.4,0.0,0.0,,90.0
2025-01-07 12:00:00,-3.9,-3.6,,-4.4,,76.0,8.4,11.1,8.0,8.0,1018.5,0.0,0.0,,90.0
2025-01-07 13:00:00,-3.8,-3.7,,-3.9,,74.0,9.1,11.2,5.0,11.0,1018.1,1.0,0.0,,90.0
2025-01-07 14:00:00,-3.9,-3.7,,-4.3,,77.0,8.5,10.6,7.0,12.0,1017.4,9.0,0.0,,90.0
2025-01-07 15:00:00,-3.7,-3.5,,-4.2,,75.0,8.5,12.4,357.0,5.0,1016.8,31.0,0.0,,90.0
2025-01-07 16:00:00,-3.8,-3.5,,-4.2,,73.0,7.9,11.8,3.0,3.0,1016.1,47.0,0.0,,90.0
2025-01-07 17:00:00,-3.9,-3.6,,-4.5,,71.0,7.4,9.7,14.0,3.0,1015.8,30.0,0.0,,90.0
2025-01-07 18:00:00,-3.8,-3.7,-3.5,-4.1,-4.5,70.0,6.4,9.3,8.0,2.0,1015.5,16.0,0.0,,90.0
2025-01-07 19:00:00,-4.1,-3.8,,-4.5,,73.0,6.2,9.0,355.0,8.0,1015.4,2.0,0.0,,90.0
2025-01-07 20:00:00,-3.9,-3.7,,-4.5,,68.0,6.9,9.4,11.0,10.0,1015.5,0.0,0.0,,90.0
2025-01-07 21:00:00,-4.1,-3.8,,-4.4,,67.0,5.2,7.0,19.0,24.0,1015.2,0.0,0.0,,90.0
2025-01-07 22:00:00,-4.1,-3.8,,-4.5,,65.0,3.8,8.1,29.0,40.0,1015.3,0.0,0.0,,90.0
2025-01-07 23:00:00,-4.1,-3.9,,-4.4,,66.0,4.9,7.7,27.0,19.0,1015.5,0.0,0.0,,90.0
2025-01-08 00:00:00,-4.1,-3.9,,-4.5,,66.0,4.8,6.7,7.0,20.0,1015.3,0.0,0.0,,90.0
2025-01-08 01:00:00,-4.0,-3.8,,-4.2,,69.0,5.5,8.3,20.0,11.0,1015.4,0.0,0.0,,90.0
2025-01-08 02:00:00,-4.2,-4.1,,-4.5,,72.0,5.3,7.6,17.0,19.0,1015.3,0.0,0.0,,90.0
2025-01-08 03:00:00,-4.2,-4.0,,-4.8,,70.0,4.2,6.8,63.0,30.0,1015.2,0.0,0.0,,90.0
2025-01-08 04:00:00,-4.2,-3.9,,-4.8,,71.0,4.4,6.8,5.0,17.0,1015.1,0.0,0.0,,90.0
2025-01-08 05:00:00,-4.5,-3.9,,-4.9,,69.0,1.5,3.3,44.0,68.0,1015.6,0.0,0.0,,90.0
2025-01-08 06:00:00,-4.3,-4.0,-3.7,-4.5,-4.9,69.0,3.7,6.1,30.0,21.0,1015.5,0.0,0.0,0.0,90.0
2025-01-08 07:00:00,-4.1,-4.0,,-4.5,,73.0,4.7,6.7,33.0,21.0,1016.2,0.0,0.0,,90.0
2025-01-08 08:00:00,-4.2,-3.7,,-4.9,,70.0,1.7,2.9,11.0,50.0,1016.4,0.0,0.0,,90.0
2025-01-08 09:00:00,-3.8,-3.3,,-4.1,,67.0,1.8,2.9,20.0,21.0,1016.7,0.0,0.0,,90.0
2025-01-08 10:00:00,-3.7,-3.3,,-4.2,,66.0,2.2,4.5,3.0,19.0,1017.1,0.0,0.0,,90.0
2025-01-08 11:00:00,-4.2,-3.9,,-4.5,,72.0,3.6,5.6,12.0,15.0,1017.2,0.0,0.0,,90.0
2025-01-08 12:00:00,-4.1,-3.9,,-4.4,,75.0,5.0,6.8,16.0,14.0,1017.3,0.0,0.0,,90.0
2025-01-08 13:00:00,-4.2,-4.0,,-4.6,,74.0,4.4,6.7,13.0,19.0,1017.3,1.0,0.0,,90.0
2025-01-08 14:00:00,-4.1,-3.9,,-4.6,,75.0,4.9,6.6,4.0,13.0,1017.2,12.0,0.0,,60.0
2025-01-08 15:00:00,-4.0,-3.8,,-4.3,,75.0,4.7,7.9,16.0,15.0,1016.9,32.0,0.0,,40.0
2025-01-08 16:00:00,-3.9,-3.6,,-4.2,,76.0,4.1,6.5,41.0,21.0,1016.5,28.0,0.0,,60.0
2025-01-08 17:00:00,-4.1,-3.6,,-4.4,,78.0,5.8,8.4,360.0,19.0,1016.2,23.0,0.0,,90.0
2025-01-08 18:00:00,-4.0,-3.5,-3.3,-5.0,-5.0,75.0,4.6,8.5,13.0,28.0,1016.1,10.0,0.0,,90.0
2025-01-08 19:00:00,-3.8,-3.5,,-4.1,,77.0,6.5,9.2,10.0,8.0,1015.8,1.0,0.0,,90.0
2025-01-08 20:00:00,-3.9,-3.3,,-4.2,,78.0,6.6,9.0,2.0,1.0,1015.4,0.0,0.0,,90.0
2025-01-08 21:00:00,-3.7,-3.1,,-4.2,,76.0,5.9,9.8,6.0,12.0,1014.9,0.0,0.0,,90.0
2025-01-08 22:00:00,-3.5,-3.1,,-4.0,,77.0,7.0,10.6,2.0,359.0,1014.4,0.0,0.0,,90.0
2025-01-08 23:00:00,-3.4,-3.1,,-4.0,,76.0,7.0,9.7,343.0,355.0,1014.0,0.0,0.0,,90.0
2025-01-09 00:00:00,-3.4,-3.1,,-4.0,,77.0,7.8,11.3,1.0,0.0,1013.2,0.0,0.0,,90.0
2025-01-09 01:00:00,-3.4,-3.1,,-4.0,,77.0,8.0,10.2,359.0,353.0,1012.7,0.0,0.0,,90.0
2025-01-09 02:00:00,-4.0,-3.3,,-4.4,,80.0,7.4,9.7,342.0,346.0,1012.2,0.0,0.0,,90.0
2025-01-09 03:00:00,-4.3,-3.8,,-4.6,,79.0,8.3,10.3,345.0,341.0,1011.4,0.0,0.0,,90.0
2025-01-09 04:00:00,-4.0,-3.2,,-4.5,,78.0,7.0,9.9,350.0,350.0,1011.2,0.0,0.0,,90.0
2025-01-09 05:00:00,-4.1,-3.7,,-4.7,,79.0,7.2,9.3,348.0,353.0,1010.4,0.0,0.0,,90.0
2025-01-09 06:00:00,-4.4,-4.1,-3.1,-4.6,-4.7,80.0,6.9,9.7,352.0,351.0,1009.6,0.0,0.0,0.0,90.0
2025-01-09 07:00:00,-3.8,-3.6,,-4.3,,79.0,8.3,12.2,338.0,346.0,1008.8,0.0,0.0,,90.0
2025-01-09 08:00:00,-3.6,-3.2,,-4.2,,78.0,8.6,11.9,348.0,343.0,1008.4,0.0,0.0,,90.0
2025-01-09 09:00:00,-3.3,-3.0,,-4.0,,69.0,8.8,11.4,7.0,3.0,1007.4,0.0,0.0,,90.0
2025-01-09 10:00:00,-3.7,-3.0,,-4.8,,74.0,8.8,11.8,342.0,350.0,1006.9,0.0,0.0,,90.0
2025-01-09 11:00:00,-4.7,-4.4,,-5.0,,75.0,9.5,12.5,343.0,339.0,1006.5,0.0,0.0,,90.0
2025-01-09 12:00:00,-3.9,-3.2,,-4.6,,74.0,8.9,12.4,348.0,351.0,1006.1,0.0,0.0,,90.0
2025-01-09 13:00:00,-3.6,-3.3,,-4.3,,74.0,8.3,11.1,355.0,356.0,1005.7,1.0,0.0,,90.0
2025-01-09 14:00:00,-3.4,-3.1,,-3.6,,67.0,9.2,11.4,11.0,5.0,1004.9,13.0,0.0,,90.0
2025-01-09 15:00:00,-3.4,-3.1,,-4.6,,68.0,9.2,12.0,344.0,2.0,1004.2,37.0,0.0,,60.0
2025-01-09 16:00:00,-4.3,-3.9,,-4.8,,68.0,9.3,11.6,341.0,340.0,1003.4,57.0,0.0,,90.0
2025-01-09 17:00:00,-3.9,-3.4,,-4.3,,70.0,8.1,11.3,335.0,351.0,1003.0,43.0,0.0,,60.0
2025-01-09 18:00:00,-4.5,-4.2,-3.0,-4.9,-5.0,69.0,8.8,10.3,332.0,335.0,1002.6,22.0,0.0,,40.0
2025-01-09 19:00:00,-4.3,-3.7,,-4.8,,67.0,8.9,11.9,343.0,344.0,1002.1,4.0,0.0,,90.0
2025-01-09 20:00:00,-4.4,-4.0,,-5.2,,69.0,8.6,11.4,345.0,348.0,1001.6,0.0,0.0,,90.0
2025-01-09 21:00:00,-3.9,-3.7,,-4.0,,68.0,8.2,11.6,345.0,352.0,1001.5,0.0,0.0,,90.0
2025-01-09 22:00:00,-4.7,-3.8,,-5.3,,64.0,9.6,12.7,348.0,341.0,1001.1,0.0,0.0,,90.0
2025-01-09 23:00:00,-4.9,-4.0,,-5.8,,68.0,9.9,13.5,356.0,341.0,1000.6,0.0,0.0,,90.0
2025-01-10 00:00:00,-4.4,-4.0,,-4.7,,65.0,8.9,12.6,357.0,355.0,1000.2,0.0,0.0,,90.0
2025-01-10 01:00:00,-5.0,-4.0,,-6.1,,67.0,9.5,13.1,338.0,346.0,1000.0,0.0,0.0,,90.0
2025-01-10 02:00:00,-5.5,-4.8,,-6.0,,68.0,9.9,12.9,343.0,342.0,999.6,0.0,0.0,,90.0
2025-01-10 03:00:00,-4.7,-4.4,,-5.6,,66.0,9.0,11.9,355.0,353.0,999.4,0.0,0.0,,90.0
2025-01-10 04:00:00,-5.2,-4.7,,-6.1,,67.0,8.7,11.4,346.0,349.0,998.9,0.0,0.0,,90.0
2025-01-10 05:00:00,-5.2,-4.5,,-6.1,,67.0,9.2,12.5,341.0,351.0,998.6,0.0,0.0,,90.0
2025-01-10 06:00:00,-5.5,-4.7,-3.7,-6.3,-6.3,70.0,8.5,12.9,5.0,354.0,998.7,0.0,0.0,0.0,90.0
2025-01-10 07:00:00,-6.0,-4.8,,-6.5,,70.0,9.1,12.0,336.0,340.0,998.9,0.0,0.0,,90.0
2025-01-10 08:00:00,-6.6,-5.8,,-7.1,,71.0,8.8,10.6,353.0,341.0,999.1,0.0,0.0,,90.0
2025-01-10 09:00:00,-5.7,-5.1,,-6.4,,70.0,7.1,9.6,9.0,355.0,999.1,0.0,0.0,,90.0
2025-01-10 10:00:00,-5.3,-5.2,,-5.5,,70.0,7.4,10.4,18.0,17.0,999.4,0.0,0.0,,90.0
2025-01-10 11:00:00,-5.7,-5.4,,-6.1,,71.0,6.2,8.7,348.0,354.0,1000.2,0.0,0.0,,90.0
2025-01-10 12:00:00,-6.2,-5.9,,-6.4,,67.0,6.6,8.6,347.0,343.0,1000.3,0.0,0.0,,90.0
2025-01-10 13:00:00,-6.0,-5.6,,-6.5,,74.0,5.5,8.0,13.0,357.0,1000.6,1.0,0.0,,90.0
2025-01-10 14:00:00,-5.5,-5.4,,-5.7,,72.0,5.6,7.7,10.0,10.0,1001.0,12.0,0.0,,90.0
2025-01-10 15:00:00,-5.7,-5.3,,-6.1,,74.0,4.5,6.7,14.0,358.0,1001.0,39.0,0.0,,90.0
2025-01-10 16:00:00,-5.6,-5.5,,-6.2,,73.0,5.3,6.9,356.0,12.0,1001.2,55.0,0.0,,90.0
2025-01-10 17:00:00,-6.0,-5.6,,-6.3,,76.0,4.7,6.3,350.0,2.0,1001.4,39.0,0.0,,90.0
2025-01-10 18:00:00,-5.9,-5.7,-4.8,-6.4,-7.1,78.0,4.3,6.1,346.0,356.0,1002.0,13.0,0.0,,90.0
2025-01-10 19:00:00,-6.1,-5.9,,-6.5,,76.0,3.5,4.8,16.0,3.0,1002.5,2.0,0.0,,90.0
2025-01-10 20:00:00,-5.9,-5.7,,-6.0,,74.0,2.7,3.9,340.0,357.0,1003.4,0.0,0.0,,90.0
2025-01-10 21:00:00,-6.3,-5.6,,-6.8,,73.0,1.9,2.8,27.0,47.0,1004.2,0.0,0.0,,90.0
2025-01-10 22:00:00,-6.0,-5.7,,-6.5,,78.0,2.1,3.3,360.0,5.0,1004.7,0.0,0.0,,90.0
2025-01-10 23:00:00,-6.3,-6.1,,-6.5,,82.0,2.6,3.7,357.0,360.0,1005.1,0.0,0.0,,90.0
2025-01-11 00:00:00,-6.2,-6.1,,-6.3,,76.0,3.0,3.8,22.0,25.0,1005.6,0.0,0.0,,90.0
2025-01-11 01:00:00,-6.1,-5.9,,-6.3,,74.0,3.0,4.1,24.0,21.0,1005.9,0.0,0.0,,90.0
2025-01-11 02:00:00,-6.2,-6.0,,-6.4,,75.0,2.8,3.8,15.0,24.0,1006.2,0.0,0.0,,90.0
2025-01-11 03:00:00,-6.5,-6.3,,-6.7,,87.0,3.3,4.4,347.0,347.0,1006.6,0.0,0.0,,90.0
2025-01-11 04:00:00,-6.5,-6.3,,-6.8,,87.0,4.0,6.1,337.0,345.0,1006.7,0.0,0.0,,90.0
2025-01-11 05:00:00,-6.5,-6.2,,-6.8,,87.0,4.2,6.1,14.0,354.0,1006.9,0.0,0.0,,90.0
2025-01-11 06:00:00,-6.2,-5.9,-5.6,-6.4,-6.8,81.0,4.3,5.6,9.0,15.0,1007.0,0.0,0.0,0.0,90.0
2025-01-11 07:00:00,-6.3,-5.8,,-6.8,,82.0,5.3,7.1,336.0,351.0,1007.2,0.0,0.0,,90.0
2025-01-11 08:00:00,-6.8,-6.6,,-7.1,,73.0,6.0,7.8,335.0,340.0,1007.0,0.0,0.0,,90.0
2025-01-11 09:00:00,-6.7,-6.5,,-7.0,,82.0,6.9,8.5,333.0,339.0,1006.9,0.0,0.0,,90.0
2025-01-11 10:00:00,-6.8,-6.6,,-7.3,,78.0,7.6,8.9,334.0,337.0,1006.8,0.0,0.0,,90.0
2025-01-11 11:00:00,-7.0,-6.7,,-7.4,,80.0,7.7,9.2,339.0,339.0,1006.4,0.0,0.0,,90.0
2025-01-11 12:00:00,-7.4,-7.1,,-7.6,,81.0,8.3,10.1,335.0,337.0,1005.7,0.0,0.0,,90.0
2025-01-11 13:00:00,-7.1,-6.7,,-7.7,,83.0,8.4,10.6,341.0,340.0,1005.1,1.0,0.0,,60.0
2025-01-11 14:00:00,-6.8,-5.9,,-7.5,,79.0,9.1,11.8,339.0,342.0,1004.5,12.0,0.0,,90.0
2025-01-11 15:00:00,-7.1,-6.0,,-7.6,,78.0,9.6,12.9,335.0,340.0,1002.9,37.0,0.0,,90.0
2025-01-11 16:00:00,-7.2,-6.6,,-7.6,,73.0,9.6,11.8,340.0,341.0,1001.4,56.0,0.0,,90.0
2025-01-11 17:00:00,-7.4,-6.8,,-7.9,,75.0,9.7,11.6,337.0,340.0,1000.4,49.0,0.0,,90.0
2025-01-11 18:00:00,-7.4,-6.9,-5.8,-7.9,-7.9,74.0,9.7,12.4,337.0,340.0,998.9,22.0,0.0,,90.0
2025-01-11 19:00:00,-7.0,-6.3,,-7.7,,72.0,10.5,13.2,339.0,343.0,997.6,3.0,0.0,,90.0
2025-01-11 20:00:00,-7.6,-7.1,,-8.1,,71.0,11.0,13.0,336.0,337.0,996.6,0.0,0.0,,90.0
2025-01-11 21:00:00,-7.7,-7.4,,-8.1,,65.0,11.0,13.1,338.0,337.0,995.2,0.0,0.0,,60.0
2025-01-11 22:00:00,-7.4,-7.1,,-8.0,,64.0,12.4,14.8,337.0,337.0,993.6,0.0,0.0,,60.0
2025-01-11 23:00:00,-7.0,-6.5,,-7.7,,66.0,12.5,15.4,340.0,339.0,992.5,0.0,0.0,,90.0
2025-01-12 00:00:00,-6.7,-6.2,,-7.3,,64.0,13.4,16.2,336.0,338.0,990.9,0.0,0.0,,90.0
2025-01-12 01:00:00,-6.5,-6.2,,-6.9,,64.0,13.9,18.1,328.0,331.0,990.1,0.0,0.0,,90.0
2025-01-12 02:00:00,-6.3,-5.7,,-6.9,,62.0,15.6,20.6,327.0,328.0,988.6,0.0,0.0,,90.0
2025-01-12 03:00:00,-6.5,-5.9,,-6.8,,63.0,16.1,19.8,328.0,328.0,988.0,0.0,0.0,,90.0
2025-01-12 04:00:00,-6.8,-6.5,,-6.9,,63.0,15.1,17.9,328.0,327.0,987.5,0.0,0.0,,90.0
2025-01-12 05:00:00,-6.9,-6.7,,-7.4,,63.0,15.6,18.7,332.0,329.0,987.1,0.0,0.0,,90.0
2025-01-12 06:00:00,-7.4,-7.2,-5.7,-7.8,-8.1,65.0,13.9,16.7,333.0,333.0,986.9,0.0,0.0,0.0,90.0
2025-01-12 07:00:00,-7.7,-7.5,,-8.1,,67.0,13.0,15.6,333.0,334.0,986.8,0.0,0.0,,90.0
2025-01-12 08:00:00,-8.3,-7.7,,-8.9,,68.0,12.7,15.1,337.0,332.0,986.4,0.0,0.0,,90.0
2025-01-12 09:00:00,-8.8,-8.5,,-9.1,,68.0,12.4,15.4,330.0,338.0,986.2,0.0,0.0,,60.0
2025-01-12 10:00:00,-9.3,-8.9,,-9.6,,69.0,13.1,15.5,327.0,328.0,986.2,0.0,0.0,,40.0
2025-01-12 11:00:00,-9.5,-9.1,,-9.9,,70.0,12.4,15.0,320.0,327.0,986.7,0.0,0.0,,40.0
2025-01-12 12:00:00,-9.6,-9.3,,-10.1,,68.0,11.6,14.4,337.0,330.0,987.0,0.0,0.0,,90.0
2025-01-12 13:00:00,-10.1,-9.7,,-10.5,,71.0,11.7,14.4,327.0,331.0,987.8,1.0,0.0,,90.0
2025-01-12 14:00:00,-10.0,-9.8,,-10.3,,74.0,12.9,17.4,324.0,328.0,988.5,14.0,0.0,,90.0
2025-01-12 15:00:00,-10.2,-9.8,,-10.5,,71.0,12.0,17.0,335.0,334.0,989.7,43.0,0.0,,90.0
2025-01-12 16:00:00,-10.4,-9.8,,-10.9,,73.0,11.3,14.4,330.0,334.0,990.2,60.0,0.0,,90.0
2025-01-12 17:00:00,-10.5,-10.0,,-11.0,,72.0,11.1,14.6,340.0,334.0,991.0,52.0,0.0,,90.0
2025-01-12 18:00:00,-10.6,-9.8,-7.5,-11.4,-11.4,68.0,12.4,15.8,331.0,335.0,991.9,23.0,0.0,,90.0
2025-01-12 19:00:00,-11.0,-10.5,,-11.6,,72.0,10.7,13.5,334.0,334.0,993.1,4.0,0.0,,90.0
2025-01-12 20:00:00,-11.7,-11.4,,-12.0,,70.0,10.7,13.2,328.0,332.0,994.2,0.0,0.0,,90.0
2025-01-12 21:00:00,-11.2,-10.4,,-11.7,,71.0,12.1,18.4,353.0,338.0,994.7,0.0,0.0,,90.0
2025-01-12 22:00:00,-11.2,-10.4,,-11.8,,71.0,12.1,17.0,331.0,333.0,995.8,0.0,0.0,,90.0
2025-01-12 23:00:00,-12.2,-11.6,,-12.4,,68.0,11.7,14.5,328.0,329.0,996.5,0.0,0.0,,90.0
2025-01-13 00:00:00,-12.7,-12.2,,-13.3,,69.0,12.4,14.7,327.0,327.0,997.5,0.0,0.0,,90.0
2025-01-13 01:00:00,-13.1,-12.7,,-13.4,,66.0,12.1,14.8,322.0,330.0,997.8,0.0,0.0,,60.0
2025-01-13 02:00:00,-13.1,-12.8,,-13.3,,66.0,12.5,14.8,324.0,325.0,998.2,0.0,0.0,,90.0
2025-01-13 03:00:00,-13.3,-12.9,,-13.8,,65.0,13.4,15.6,322.0,326.0,998.6,0.0,0.0,,60.0
2025-01-13 04:00:00,-13.6,-13.2,,-13.8,,65.0,13.3,15.4,327.0,325.0,999.1,0.0,0.0,,60.0
2025-01-13 05:00:00,-13.4,-13.2,,-13.5,,65.0,12.7,15.1,330.0,328.0,999.6,0.0,0.0,,60.0
2025-01-13 06:00:00,-13.3,-13.1,-10.4,-13.4,-13.8,64.0,11.4,14.5,326.0,327.0,1000.5,0.0,0.0,0.0,60.0
2025-01-13 07:00:00,-13.6,-13.4,,-13.7,,64.0,10.6,13.3,329.0,330.0,1000.8,0.0,0.0,,60.0
2025-01-13 08:00:00,-14.0,-13.6,,-14.4,,65.0,11.6,13.7,328.0,327.0,1001.4,0.0,0.0,,40.0
2025-01-13 09:00:00,-13.9,-13.8,,-14.1,,66.0,11.5,14.0,330.0,327.0,1001.8,0.0,0.0,,40.0
2025-01-13 10:00:00,-14.1,-13.8,,-14.5,,60.0,11.8,13.9,332.0,328.0,1002.3,0.0,0.0,,60.0
2025-01-13 11:00:00,-14.5,-14.2,,-14.7,,61.0,11.4,13.7,325.0,326.0,1002.9,0.0,0.0,,60.0
2025-01-13 12:00:00,-14.4,-14.2,,-14.6,,63.0,11.0,13.5,325.0,326.0,1003.3,0.0,0.0,,60.0
2025-01-13 13:00:00,-14.5,-14.3,,-14.7,,60.0,11.1,13.6,323.0,326.0,1003.6,2.0,0.0,,40.0
2025-01-13 14:00:00,-14.3,-14.1,,-14.5,,58.0,10.9,13.5,324.0,325.0,1004.2,16.0,0.0,,60.0
2025-01-13 15:00:00,-14.3,-14.0,,-14.5,,56.0,9.7,12.3,327.0,326.0,1004.7,48.0,0.0,,40.0
2025-01-13 16:00:00,-14.1,-14.0,,-14.3,,58.0,9.2,11.3,330.0,329.0,1004.5,66.0,0.0,,60.0
2025-01-13 17:00:00,-14.2,-14.0,,-14.4,,58.0,9.9,12.5,337.0,333.0,1004.4,58.0,0.0,,60.0
2025-01-13 18:00:00,-14.2,-13.8,-13.4,-14.4,-14.7,61.0,10.3,13.2,337.0,333.0,1004.6,27.0,0.0,,40.0
2025-01-13 19:00:00,-13.9,-13.6,,-14.1,,68.0,9.2,11.6,326.0,331.0,1005.0,4.0,0.0,,60.0
2025-01-13 20:00:00,-14.3,-13.9,,-14.6,,65.0,10.0,13.1,330.0,329.0,1004.8,0.0,0.0,,90.0
2025-01-13 21:00:00,-14.4,-13.9,,-14.6,,68.0,10.9,13.8,334.0,332.0,1005.0,0.0,0.0,,60.0
2025-01-13 22:00:00,-13.8,-13.5,,-14.0,,72.0,8.3,12.3,336.0,334.0,1005.1,0.0,0.0,,60.0
2025-01-13 23:00:00,-14.0,-13.8,,-14.4,,78.0,8.7,11.2,335.0,335.0,1004.5,0.0,0.0,,90.0
2025-01-14 00:00:00,-14.1,-13.9,,-14.4,,80.0,9.6,11.5,335.0,333.0,1004.1,0.0,0.0,,60.0
2025-01-14 01:00:00,-14.3,-13.9,,-14.5,,84.0,9.6,12.9,339.0,337.0,1003.6,0.0,0.0,,60.0
2025-01-14 02:00:00,-14.0,-13.3,,-14.3,,82.0,11.0,13.7,339.0,335.0,1003.0,0.0,0.0,,90.0
2025-01-14 03:00:00,-13.4,-13.2,,-13.8,,83.0,8.8,11.7,334.0,339.0,1002.3,0.0,0.0,,90.0
2025-01-14 04:00:00,-13.9,-13.3,,-14.4,,82.0,9.6,11.8,332.0,330.0,1001.5,0.0,0.0,,90.0
2025-01-14 05:00:00,-14.2,-13.9,,-14.4,,80.0,8.5,10.2,335.0,335.0,1000.6,0.0,0.0,,90.0
2025-01-14 06:00:00,-13.8,-13.7,-13.2,-14.1,-14.6,84.0,8.8,11.4,337.0,337.0,999.5,0.0,0.0,0.0,90.0
2025-01-14 07:00:00,-13.6,-13.4,,-14.1,,85.0,8.2,10.6,332.0,336.0,998.9,0.0,0.0,,90.0
2025-01-14 08:00:00,-13.9,-13.6,,-14.1,,80.0,9.4,11.5,334.0,331.0,998.5,0.0,0.0,,90.0
2025-01-14 09:00:00,-14.2,-14.0,,-14.5,,77.0,9.3,11.8,339.0,336.0,997.4,0.0,0.0,,90.0
2025-01-14 10:00:00,-13.8,-13.4,,-14.2,,78.0,9.1,12.1,335.0,330.0,997.2,0.0,0.0,,90.0
2025-01-14 11:00:00,-13.4,-13.1,,-13.6,,75.0,7.1,11.1,343.0,347.0,996.3,0.0,0.0,,90.0
2025-01-14 12:00:00,-13.7,-13.4,,-13.9,,82.0,8.5,11.1,338.0,335.0,995.2,0.0,0.0,,90.0
2025-01-14 13:00:00,-13.7,-13.5,,-14.0,,82.0,9.1,11.8,332.0,335.0,994.5,2.0,0.0,,60.0
2025-01-14 14:00:00,-13.7,-13.6,,-14.0,,81.0,9.5,12.6,336.0,333.0,993.8,23.0,0.0,,60.0
2025-01-14 15:00:00,-13.9,-13.6,,-14.2,,71.0,9.6,12.6,331.0,333.0,993.2,47.0,0.0,,60.0
2025-01-14 16:00:00,-13.7,-13.4,,-14.1,,69.0,7.9,10.2,339.0,335.0,992.5,67.0,0.0,,90.0
2025-01-14 17:00:00,-13.4,-13.2,,-13.6,,71.0,7.2,9.6,329.0,338.0,992.0,60.0,0.0,,90.0
2025-01-14 18:00:00,-13.3,-13.1,-13.1,-13.7,-14.5,71.0,7.5,9.6,323.0,327.0,991.9,29.0,0.0,,90.0
2025-01-14 19:00:00,-13.8,-13.6,,-14.1,,55.0,6.1,8.1,320.0,321.0,992.1,4.0,0.0,,90.0
2025-01-14 20:00:00,-14.0,-13.7,,-14.2,,54.0,4.9,7.2,348.0,337.0,992.3,0.0,0.0,,90.0
2025-01-14 21:00:00,-13.4,-13.0,,-13.8,,59.0,3.3,4.6,330.0,346.0,992.2,0.0,0.0,,90.0
2025-01-14 22:00:00,-13.2,-13.0,,-13.4,,57.0,2.6,3.9,20.0,349.0,992.1,0.0,0.0,,90.0
2025-01-14 23:00:00,-13.0,-12.3,,-13.6,,64.0,1.6,3.0,349.0,35.0,992.3,0.0,0.0,,60.0
2025-01-15 00:00:00,-12.5,-12.2,,-13.0,,66.0,2.1,4.9,77.0,11.0,992.4,0.0,0.0,,90.0
2025-01-15 01:00:00,-12.2,-11.6,,-12.8,,69.0,1.7,3.4,59.0,55.0,992.6,0.0,0.0,,100.0
2025-01-15 02:00:00,-11.3,-11.1,,-11.6,,68.0,0.6,1.7,193.0,195.0,992.8,0.0,0.0,,100.0
2025-01-15 03:00:00,-11.2,-11.1,,-11.6,,72.0,2.1,4.2,86.0,32.0,992.8,0.0,0.0,,100.0
2025-01-15 04:00:00,-10.7,-10.3,,-11.3,,74.0,2.9,4.6,132.0,125.0,992.6,0.0,0.0,,100.0
2025-01-15 05:00:00,-10.3,-10.1,,-10.5,,76.0,4.5,7.4,135.0,137.0,992.5,0.0,0.0,,100.0
2025-01-15 06:00:00,-10.2,-10.1,-10.1,-10.4,-14.2,79.0,5.0,7.1,136.0,139.0,992.7,0.0,0.0,0.0,100.0
2025-01-15 07:00:00,-10.0,-9.8,,-10.2,,82.0,5.6,8.5,141.0,140.0,993.1,0.0,0.0,,100.0
2025-01-15 08:00:00,-9.7,-9.5,,-10.0,,82.0,5.6,8.5,140.0,138.0,993.0,0.0,0.0,,90.0
2025-01-15 09:00:00,-9.5,-9.3,,-9.7,,80.0,5.2,7.6,138.0,137.0,993.3,0.0,0.0,,100.0
2025-01-15 10:00:00,-9.5,-9.2,,-9.8,,84.0,4.8,7.4,135.0,137.0,993.3,0.0,0.6,,90.0
2025-01-15 11:00:00,-9.6,-9.5,,-9.8,,87.0,6.0,10.2,136.0,137.0,993.3,0.0,0.9,,
2025-01-15 12:00:00,-9.4,-9.2,,-9.8,,88.0,8.6,13.5,138.0,136.0,992.9,0.0,1.4,,
2025-01-15 13:00:00,-9.2,-9.0,,-9.4,,85.0,9.5,14.2,135.0,136.0,992.7,1.0,0.4,,
2025-01-15 14:00:00,-9.1,-8.8,,-9.3,,83.0,10.1,14.4,137.0,136.0,992.9,11.0,0.6,,90.0
2025-01-15 15:00:00,-8.9,-8.7,,-9.1,,80.0,10.0,13.8,133.0,133.0,993.1,25.0,0.0,,
2025-01-15 16:00:00,-8.7,-8.1,,-9.1,,78.0,9.9,14.1,124.0,127.0,992.5,26.0,0.0,,90.0
2025-01-15 17:00:00,-8.6,-8.0,,-8.9,,79.0,11.9,16.9,131.0,132.0,992.5,22.0,0.0,,90.0
2025-01-15 18:00:00,-8.6,-8.1,-8.0,-9.0,-10.1,87.0,10.6,22.4,256.0,188.0,993.9,8.0,1.6,,90.0
2025-01-15 19:00:00,-8.7,-8.1,,-9.1,,86.0,8.3,16.2,270.0,262.0,995.2,3.0,0.0,,10.0
2025-01-15 20:00:00,-9.4,-8.9,,-9.7,,85.0,7.2,13.5,270.0,271.0,996.7,0.0,0.0,,90.0
2025-01-15 21:00:00,-9.7,-9.5,,-10.0,,83.0,6.1,12.0,272.0,261.0,997.5,0.0,0.2,,100.0
2025-01-15 22:00:00,-9.7,-9.4,,-10.0,,75.0,6.5,11.7,223.0,259.0,998.1,0.0,0.0,,90.0
2025-01-15 23:00:00,-9.9,-9.4,,-10.3,,72.0,6.8,11.4,246.0,242.0,999.0,0.0,0.0,,100.0
2025-01-16 00:00:00,-10.2,-9.8,,-10.6,,73.0,4.9,9.6,256.0,261.0,999.7,0.0,0.2,,90.0
2025-01-16 01:00:00,-10.5,-10.2,,-10.7,,84.0,4.6,9.3,254.0,252.0,1000.0,0.0,0.5,,90.0
2025-01-16 02:00:00,-9.9,-9.7,,-10.3,,68.0,6.5,9.8,222.0,220.0,1000.6,0.0,0.0,,90.0
2025-01-16 03:00:00,-10.0,-9.8,,-10.2,,71.0,5.1,9.0,247.0,242.0,1000.6,0.0,0.0,,90.0
2025-01-16 04:00:00,-10.0,-9.8,,-10.1,,66.0,4.9,8.9,240.0,246.0,1000.9,0.0,0.0,,100.0
2025-01-16 05:00:00,-9.8,-9.6,,-9.9,,65.0,4.7,8.7,244.0,244.0,1001.1,0.0,0.0,,100.0
2025-01-16 06:00:00,-9.7,-9.7,-8.1,-9.8,-10.7,63.0,4.0,7.7,262.0,258.0,1001.4,0.0,0.0,6.4,100.0
2025-01-16 07:00:00,-9.7,-9.4,,-9.8,,68.0,4.3,7.9,268.0,258.0,1001.8,0.0,0.0,,90.0
2025-01-16 08:00:00,-9.7,-9.4,,-9.8,,67.0,3.5,6.6,262.0,247.0,1002.3,0.0,0.0,,100.0
2025-01-16 09:00:00,-9.8,-9.7,,-9.9,,66.0,2.7,6.5,261.0,260.0,1002.6,0.0,0.0,,100.0
2025-01-16 10:00:00,-10.3,-9.8,,-10.7,,79.0,2.7,5.6,308.0,289.0,1003.1,0.0,0.2,,90.0
2025-01-16 11:00:00,-10.7,-10.7,,-10.8,,87.0,1.7,2.9,358.0,339.0,1003.1,0.0,0.1,,10.0
2025-01-16 12:00:00,-10.7,-10.4,,-10.9,,86.0,2.0,3.7,1.0,5.0,1003.2,0.0,0.0,,60.0
2025-01-16 13:00:00,-10.5,-10.3,,-10.7,,85.0,2.4,3.2,43.0,26.0,1003.7,2.0,0.0,,60.0
2025-01-16 14:00:00,-10.3,-9.9,,-10.6,,82.0,1.4,3.2,125.0,87.0,1003.7,12.0,0.0,,40.0
2025-01-16 15:00:00,-9.3,-8.9,,-10.2,,80.0,3.6,6.4,152.0,148.0,1003.6,26.0,0.0,,60.0
2025-01-16 16:00:00,-9.0,-8.8,,-9.2,,83.0,5.4,8.9,124.0,136.0,1003.3,24.0,0.0,,100.0
2025-01-16 17:00:00,-8.9,-8.7,,-9.0,,78.0,5.6,9.0,127.0,127.0,1003.5,26.0,0.0,,90.0
2025-01-16 18:00:00,-8.8,-8.5,-8.5,-9.0,-10.9,77.0,3.0,6.2,53.0,95.0,1003.6,14.0,0.0,,100.0
2025-01-16 19:00:00,-8.7,-8.3,,-9.0,,74.0,1.9,4.0,92.0,75.0,1003.7,3.0,0.0,,100.0
2025-01-16 20:00:00,-8.6,-8.3,,-8.8,,77.0,1.5,4.1,54.0,58.0,1003.9,0.0,0.0,,
2025-01-16 21:00:00,-8.6,-8.1,,-8.9,,82.0,2.3,7.6,97.0,57.0,1003.7,0.0,0.2,,90.0
2025-01-16 22:00:00,-7.5,-7.0,,-8.6,,74.0,7.9,17.1,132.0,117.0,1002.8,0.0,0.0,,90.0
2025-01-16 23:00:00,-6.9,-6.7,,-7.1,,70.0,11.9,17.7,137.0,134.0,1002.8,0.0,0.0,,90.0
2025-01-17 00:00:00,-6.7,-6.4,,-7.1,,71.0,12.0,17.2,131.0,133.0,1003.3,0.0,0.0,,90.0
2025-01-17 01:00:00,-6.3,-6.1,,-6.5,,69.0,11.9,17.3,132.0,132.0,1004.0,0.0,0.0,,90.0
2025-01-17 02:00:00,-6.0,-5.9,,-6.2,,68.0,11.1,15.4,134.0,135.0,1004.7,0.0,0.0,,90.0
2025-01-17 03:00:00,-6.0,-5.9,,-6.1,,67.0,11.2,16.3,131.0,131.0,1004.8,0.0,0.0,,90.0
2025-01-17 04:00:00,-5.9,-5.8,,-5.9,,65.0,10.7,14.9,136.0,135.0,1005.0,0.0,0.0,,90.0
2025-01-17 05:00:00,-5.9,-5.8,,-5.9,,68.0,10.1,14.0,132.0,134.0,1005.4,0.0,0.0,,60.0
2025-01-17 06:00:00,-5.9,-5.8,-5.8,-6.2,-9.0,70.0,10.8,15.8,132.0,133.0,1005.9,0.0,0.0,0.5,90.0
2025-01-17 07:00:00,-5.7,-5.4,,-6.0,,70.0,10.1,15.2,131.0,132.0,1006.0,0.0,0.0,,90.0
2025-01-17 08:00:00,-6.0,-5.6,,-6.5,,75.0,9.1,15.8,133.0,129.0,1006.9,0.0,0.0,,90.0
2025-01-17 09:00:00,-5.9,-5.3,,-6.4,,74.0,7.4,13.5,126.0,129.0,1007.1,0.0,0.0,,90.0
2025-01-17 10:00:00,-5.5,-5.3,,-5.8,,71.0,8.0,12.3,128.0,130.0,1007.5,0.0,0.0,,90.0
2025-01-17 11:00:00,-5.4,-5.3,,-5.6,,69.0,7.9,12.5,124.0,131.0,1007.8,0.0,0.0,,90.0
2025-01-17 12:00:00,-5.2,-5.0,,-5.4,,64.0,7.3,12.2,127.0,125.0,1008.1,0.0,0.0,,90.0
2025-01-17 13:00:00,-4.7,-4.4,,-5.0,,56.0,6.4,9.9,129.0,127.0,1008.5,4.0,0.0,,90.0
2025-01-17 14:00:00,-4.3,-4.1,,-4.5,,49.0,4.9,9.4,122.0,123.0,1008.8,19.0,0.0,,60.0
2025-01-17 15:00:00,-4.0,-3.8,,-4.2,,44.0,4.4,8.2,132.0,126.0,1009.0,36.0,0.0,,90.0
2025-01-17 16:00:00,-3.9,-3.8,,-4.0,,44.0,4.5,8.1,138.0,140.0,1009.0,44.0,0.0,,90.0
2025-01-17 17:00:00,-4.0,-3.9,,-4.4,,44.0,3.0,5.4,58.0,123.0,1009.2,31.0,0.0,,90.0
2025-01-17 18:00:00,-4.4,-4.2,-3.8,-4.8,-6.5,49.0,0.8,2.9,19.0,7.0,1009.6,15.0,0.0,,90.0
2025-01-17 19:00:00,-4.9,-4.6,,-5.2,,52.0,2.4,4.4,39.0,36.0,1009.8,4.0,0.0,,90.0
2025-01-17 20:00:00,-5.2,-4.7,,-5.6,,51.0,3.0,5.0,21.0,26.0,1009.9,0.0,0.0,,90.0
2025-01-17 21:00:00,-5.7,-5.5,,-5.9,,51.0,4.3,8.1,36.0,35.0,1010.2,0.0,0.0,,40.0
2025-01-17 22:00:00,-5.4,-5.2,,-5.7,,48.0,6.2,10.3,39.0,41.0,1010.5,0.0,0.0,,60.0
2025-01-17 23:00:00,-5.4,-5.0,,-5.8,,46.0,4.5,7.8,40.0,39.0,1010.5,0.0,0.0,,90.0
2025-01-18 00:00:00,-5.4,-4.8,,-5.8,,44.0,2.6,5.8,15.0,37.0,1010.5,0.0,0.0,,90.0
2025-01-18 01:00:00,-5.6,-4.8,,-6.1,,45.0,1.8,6.4,99.0,81.0,1010.7,0.0,0.0,,90.0
2025-01-18 02:00:00,-6.0,-5.5,,-6.3,,43.0,2.2,4.0,36.0,38.0,1010.8,0.0,0.0,,90.0
2025-01-18 03:00:00,-6.2,-5.9,,-6.5,,45.0,2.8,5.2,40.0,31.0,1010.8,0.0,0.0,,60.0
2025-01-18 04:00:00,-6.1,-5.7,,-6.5,,46.0,2.8,4.1,26.0,29.0,1010.9,0.0,0.0,,60.0
2025-01-18 05:00:00,-6.4,-6.0,,-6.7,,50.0,3.1,4.6,39.0,33.0,1011.0,0.0,0.0,,40.0
2025-01-18 06:00:00,-6.2,-5.8,-4.6,-6.4,-6.7,51.0,3.1,6.0,33.0,32.0,1011.1,0.0,0.0,0.0,90.0
2025-01-18 07:00:00,-5.5,-4.7,,-6.2,,51.0,3.4,6.0,36.0,29.0,1011.2,0.0,0.0,,90.0
2025-01-18 08:00:00,-4.0,-3.3,,-5.2,,51.0,4.4,10.0,126.0,109.0,1011.3,0.0,0.0,,90.0
2025-01-18 09:00:00,-3.3,-3.2,,-3.5,,58.0,6.0,10.9,127.0,124.0,1011.3,0.0,0.0,,90.0
2025-01-18 10:00:00,-3.2,-3.0,,-3.3,,61.0,6.4,10.1,127.0,129.0,1011.4,0.0,0.0,,90.0
2025-01-18 11:00:00,-3.3,-2.9,,-3.7,,65.0,7.2,12.1,128.0,128.0,1011.8,0.0,0.0,,90.0
2025-01-18 12:00:00,-3.6,-3.3,,-4.0,,69.0,6.5,11.5,136.0,134.0,1012.4,0.0,0.0,,90.0
2025-01-18 13:00:00,-3.3,-3.1,,-3.5,,65.0,6.3,10.0,139.0,135.0,1012.6,2.0,0.0,,
2025-01-18 14:00:00,-3.3,-3.1,,-3.5,,69.0,8.5,12.5,134.0,133.0,1013.0,15.0,0.0,,90.0
2025-01-18 15:00:00,-3.5,-3.3,,-3.9,,75.0,8.8,12.9,135.0,133.0,1013.0,39.0,0.0,,90.0
2025-01-18 16:00:00,-3.1,-2.9,,-3.5,,72.0,9.2,14.9,134.0,135.0,1013.0,50.0,0.0,,90.0
2025-01-18 17:00:00,-2.9,-2.6,,-3.2,,67.0,8.6,13.6,129.0,132.0,1012.8,53.0,0.0,,90.0
2025-01-18 18:00:00,-2.5,-2.2,-2.2,-2.7,-6.2,62.0,9.4,14.1,127.0,127.0,1013.1,31.0,0.0,,90.0
2025-01-18 19:00:00,-2.3,-2.2,,-2.7,,60.0,8.8,13.8,123.0,126.0,1013.6,8.0,0.0,,90.0
2025-01-18 20:00:00,-2.2,-2.0,,-2.4,,60.0,9.3,14.3,129.0,126.0,1014.0,0.0,0.0,,90.0
2025-01-18 21:00:00,-2.1,-2.0,,-2.2,,60.0,9.7,15.1,127.0,129.0,1014.2,0.0,0.0,,90.0
2025-01-18 22:00:00,-2.3,-2.1,,-2.6,,64.0,8.7,14.6,130.0,129.0,1014.6,0.0,0.0,,90.0
2025-01-18 23:00:00,-2.3,-2.0,,-2.5,,62.0,7.9,13.8,126.0,131.0,1014.6,0.0,0.0,,90.0
2025-01-19 00:00:00,-2.1,-1.9,,-2.6,,60.0,9.4,14.7,135.0,132.0,1014.8,0.0,0.0,,90.0
2025-01-19 01:00:00,-2.4,-2.2,,-2.6,,64.0,8.5,15.2,131.0,134.0,1014.8,0.0,0.0,,90.0
2025-01-19 02:00:00,-1.9,-1.7,,-2.3,,61.0,9.0,15.8,133.0,130.0,1014.9,0.0,0.0,,90.0
2025-01-19 03:00:00,-1.7,-1.4,,-2.0,,60.0,9.5,17.2,131.0,128.0,1014.6,0.0,0.0,,90.0
2025-01-19 04:00:00,-1.9,-1.7,,-2.2,,62.0,11.1,17.5,125.0,130.0,1014.8,0.0,0.0,,90.0
2025-01-19 05:00:00,-1.7,-1.6,,-1.9,,60.0,11.1,20.6,134.0,129.0,1014.5,0.0,0.0,,90.0
2025-01-19 06:00:00,-1.9,-1.7,-1.4,-2.1,-2.7,62.0,11.1,18.4,137.0,134.0,1014.3,0.0,0.0,0.0,100.0
2025-01-19 07:00:00,-1.9,-1.6,,-2.0,,64.0,11.7,17.2,136.0,137.0,1013.8,0.0,0.0,,90.0
2025-01-19 08:00:00,-1.3,-1.1,,-1.5,,59.0,11.9,18.2,132.0,133.0,1014.0,0.0,0.0,,90.0
2025-01-19 09:00:00,-0.9,-0.8,,-1.1,,55.0,9.4,15.7,128.0,126.0,1014.3,0.0,0.0,,90.0
2025-01-19 10:00:00,-0.9,-0.8,,-1.0,,57.0,7.0,15.5,106.0,112.0,1014.2,0.0,0.0,,90.0
2025-01-19 11:00:00,-1.2,-0.9,,-1.5,,63.0,6.5,12.7,112.0,114.0,1014.6,0.0,0.0,,90.0
2025-01-19 12:00:00,-1.4,-0.9,,-1.6,,70.0,7.8,14.5,126.0,122.0,1013.9,0.0,0.0,,90.0
2025-01-19 13:00:00,-1.1,-0.9,,-1.4,,72.0,12.4,20.0,131.0,125.0,1013.4,1.0,0.0,,90.0
2025-01-19 14:00:00,-1.1,-0.7,,-1.5,,75.0,12.3,19.4,125.0,126.0,1012.9,6.0,0.0,,100.0
2025-01-19 15:00:00,-1.0,-0.6,,-1.3,,75.0,14.0,23.9,133.0,129.0,1012.6,15.0,0.0,,100.0
2025-01-19 16:00:00,-0.6,-0.3,,-1.0,,71.0,14.2,21.1,128.0,128.0,1011.7,25.0,0.0,,90.0
2025-01-19 17:00:00,-0.3,-0.2,,-0.5,,67.0,14.8,23.1,125.0,127.0,1011.4,24.0,0.0,,90.0
2025-01-19 18:00:00,-0.1,0.1,0.1,-0.2,-2.0,64.0,14.3,22.0,131.0,130.0,1011.8,13.0,0.0,,90.0
2025-01-19 19:00:00,-0.1,0.2,,-0.2,,65.0,14.3,26.4,132.0,130.0,1011.9,3.0,0.0,,100.0
2025-01-19 20:00:00,0.1,0.2,,-0.1,,64.0,13.7,21.8,123.0,128.0,1010.9,0.0,0.0,,90.0
2025-01-19 21:00:00,0.5,0.8,,0.2,,61.0,14.2,22.8,125.0,127.0,1010.6,0.0,0.0,,90.0
2025-01-19 22:00:00,0.3,0.7,,-0.1,,66.0,14.6,22.9,133.0,130.0,1010.3,0.0,0.0,,90.0
2025-01-19 23:00:00,0.5,0.7,,0.1,,66.0,15.4,24.8,130.0,128.0,1009.0,0.0,0.0,,90.0
2025-01-20 00:00:00,0.6,0.7,,0.4,,67.0,15.8,22.9,136.0,134.0,1009.0,0.0,0.0,,90.0
2025-01-20 01:00:00,0.4,0.7,,0.0,,71.0,15.2,22.3,138.0,136.0,1008.4,0.0,0.0,,90.0
2025-01-20 02:00:00,0.1,0.4,,-0.2,,76.0,15.9,24.1,136.0,137.0,1008.3,0.0,0.0,,90.0
2025-01-20 03:00:00,-0.1,0.1,,-0.4,,82.0,16.3,23.9,138.0,137.0,1007.7,0.0,0.4,,90.0
2025-01-20 04:00:00,-0.3,-0.1,,-0.7,,86.0,16.2,23.4,136.0,137.0,1007.1,0.0,0.9,,90.0
2025-01-20 05:00:00,-0.4,0.0,,-0.6,,88.0,17.8,24.8,137.0,135.0,1006.8,0.0,1.4,,90.0
2025-01-20 06:00:00,-0.4,-0.2,0.8,-0.6,-0.7,90.0,16.7,24.7,136.0,136.0,1006.6,0.0,1.0,3.7,90.0
2025-01-20 07:00:00,-0.3,0.0,,-0.5,,90.0,16.6,22.6,137.0,137.0,1006.4,0.0,1.0,,90.0
2025-01-20 08:00:00,0.1,0.3,,-0.2,,86.0,16.0,23.4,138.0,138.0,1006.7,0.0,0.0,,90.0
2025-01-20 09:00:00,0.1,0.2,,-0.1,,87.0,14.6,20.6,138.0,138.0,1006.9,0.0,0.0,,90.0
2025-01-20 10:00:00,0.0,0.2,,-0.2,,88.0,13.9,20.3,137.0,137.0,1006.3,0.0,0.3,,90.0
2025-01-20 11:00:00,0.5,0.9,,0.2,,81.0,14.1,22.5,138.0,138.0,1005.6,0.0,0.0,,90.0
2025-01-20 12:00:00,1.2,1.6,,0.8,,74.0,14.7,23.9,138.0,138.0,1005.0,0.0,0.0,,90.0
2025-01-20 13:00:00,1.3,1.7,,0.6,,73.0,16.6,25.2,137.0,137.0,1004.3,1.0,0.0,,
2025-01-20 14:00:00,0.0,0.6,,-0.2,,90.0,14.9,21.0,137.0,138.0,1004.6,7.0,0.0,,100.0
2025-01-20 15:00:00,-0.2,-0.1,,-0.3,,96.0,14.6,21.6,140.0,138.0,1004.8,13.0,0.8,,
2025-01-20 16:00:00,0.0,0.1,,-0.2,,95.0,14.0,21.3,141.0,140.0,1004.2,12.0,1.7,,100.0
2025-01-20 17:00:00,-0.2,0.1,,-0.5,,97.0,14.2,20.8,150.0,147.0,1005.0,10.0,1.6,,100.0
2025-01-20 18:00:00,-0.9,-0.5,1.7,-1.0,-1.0,99.0,15.3,22.7,159.0,155.0,1004.7,4.0,1.4,,100.0
2025-01-20 19:00:00,-1.2,-1.0,,-1.4,,99.0,12.1,20.2,166.0,165.0,1005.7,1.0,3.3,,100.0
2025-01-20 20:00:00,-1.6,-1.4,,-2.2,,99.0,9.6,15.6,190.0,176.0,1005.7,0.0,2.7,,90.0
2025-01-20 21:00:00,-2.5,-2.2,,-2.7,,98.0,5.1,9.3,203.0,200.0,1005.3,0.0,2.9,,60.0
2025-01-20 22:00:00,-2.9,-2.5,,-3.4,,98.0,2.2,4.0,297.0,257.0,1004.5,0.0,2.9,,90.0
2025-01-20 23:00:00,-3.3,-3.1,,-3.4,,97.0,2.5,3.5,352.0,317.0,1002.9,0.0,1.9,,60.0
2025-01-21 00:00:00,-3.1,-2.7,,-3.3,,98.0,4.5,6.6,348.0,348.0,1000.9,0.0,0.8,,60.0
2025-01-21 01:00:00,-2.4,-2.1,,-2.7,,98.0,6.7,9.5,356.0,359.0,998.9,0.0,0.4,,60.0
2025-01-21 02:00:00,-1.4,-0.7,,-2.1,,99.0,5.0,8.7,26.0,6.0,997.2,0.0,0.0,,90.0
2025-01-21 03:00:00,-0.6,-0.3,,-0.8,,99.0,3.4,6.9,22.0,26.0,994.6,0.0,0.0,,100.0
2025-01-21 04:00:00,-0.4,-0.3,,-0.5,,97.0,6.9,10.8,37.0,34.0,991.9,0.0,0.0,,90.0
2025-01-21 05:00:00,-0.2,0.1,,-0.4,,94.0,8.5,11.0,37.0,36.0,989.1,0.0,0.0,,100.0
2025-01-21 06:00:00,0.4,0.8,0.8,0.1,-3.4,87.0,7.7,11.3,34.0,34.0,986.4,0.0,0.0,21.7,100.0
2025-01-21 07:00:00,1.7,2.6,,0.7,,77.0,7.4,12.3,44.0,39.0,984.6,0.0,0.0,,90.0
2025-01-21 08:00:00,1.7,2.4,,1.2,,84.0,8.1,11.3,37.0,42.0,982.5,0.0,0.6,,
2025-01-21 09:00:00,1.0,1.3,,0.7,,92.0,7.8,10.8,28.0,25.0,980.0,0.0,0.3,,100.0
2025-01-21 10:00:00,1.8,2.1,,1.3,,87.0,7.9,11.1,34.0,33.0,978.1,0.0,0.0,,100.0
2025-01-21 11:00:00,4.6,7.0,,2.1,,66.0,7.4,15.9,107.0,77.0,976.3,0.0,0.0,,100.0
2025-01-21 12:00:00,6.6,7.2,,6.0,,52.0,6.1,12.7,94.0,91.0,975.7,0.0,0.0,,100.0
2025-01-21 13:00:00,7.2,7.7,,6.7,,48.0,6.9,14.9,76.0,76.0,973.8,1.0,0.0,,90.0
2025-01-21 14:00:00,7.6,8.0,,7.1,,43.0,7.3,15.9,88.0,93.0,973.4,16.0,0.0,,90.0
2025-01-21 15:00:00,7.1,7.7,,6.8,,43.0,12.6,29.2,90.0,93.0,972.4,20.0,0.0,,90.0
2025-01-21 16:00:00,6.5,7.0,,5.9,,45.0,12.1,25.5,92.0,92.0,971.8,20.0,0.0,,90.0
2025-01-21 17:00:00,5.8,6.1,,5.5,,46.0,9.8,19.2,99.0,96.0,970.9,25.0,0.0,,90.0
2025-01-21 18:00:00,5.7,5.9,8.0,5.3,0.7,45.0,10.8,23.9,88.0,92.0,970.1,12.0,0.0,,90.0
2025-01-21 19:00:00,5.7,5.9,,5.4,,43.0,11.0,23.4,101.0,97.0,969.0,4.0,0.0,,100.0
2025-01-21 20:00:00,5.4,5.8,,4.8,,43.0,13.5,32.6,104.0,98.0,968.7,0.0,0.0,,90.0
2025-01-21 21:00:00,4.6,4.9,,4.4,,44.0,13.3,30.8,117.0,103.0,969.3,0.0,0.0,,90.0
2025-01-21 22:00:00,1.6,4.8,,-0.4,,63.0,24.3,39.3,132.0,131.0,970.8,0.0,2.0,,90.0
2025-01-21 23:00:00,-1.5,-0.4,,-2.6,,82.0,25.7,37.6,140.0,136.0,975.3,0.0,1.0,,
2025-01-22 00:00:00,-3.1,-2.6,,-3.4,,85.0,23.4,33.1,147.0,143.0,978.0,0.0,0.0,,90.0
2025-01-22 01:00:00,-3.8,-3.4,,-4.0,,77.0,21.8,30.0,149.0,149.0,979.8,0.0,0.0,,90.0
2025-01-22 02:00:00,-4.1,-3.8,,-4.4,,73.0,18.2,27.2,153.0,151.0,981.7,0.0,0.0,,90.0
2025-01-22 03:00:00,-4.3,-4.2,,-4.6,,72.0,16.5,23.2,151.0,152.0,981.8,0.0,0.0,,90.0
2025-01-22 04:00:00,-4.3,-4.0,,-4.7,,73.0,14.0,19.8,142.0,143.0,982.0,0.0,0.0,,90.0
2025-01-22 05:00:00,-4.6,-4.4,,-4.9,,81.0,12.0,17.7,153.0,143.0,982.7,0.0,0.0,,90.0
2025-01-22 06:00:00,-4.6,-4.5,5.9,-4.8,-4.9,83.0,9.0,14.5,137.0,140.0,983.6,0.0,0.0,3.9,90.0
2025-01-22 07:00:00,-4.8,-4.6,,-5.5,,81.0,7.9,12.7,153.0,138.0,983.7,0.0,0.5,,90.0
2025-01-22 08:00:00,-4.9,-4.6,,-5.9,,77.0,6.5,11.5,179.0,162.0,983.5,0.0,0.0,,100.0
2025-01-22 09:00:00,-5.9,-5.5,,-6.1,,92.0,4.8,9.1,143.0,139.0,983.8,0.0,0.2,,100.0
2025-01-22 10:00:00,-5.6,-5.4,,-5.9,,86.0,4.4,6.5,132.0,133.0,983.6,0.0,0.0,,100.0
2025-01-22 11:00:00,-5.3,-5.2,,-5.5,,79.0,3.7,5.1,141.0,140.0,983.3,0.0,0.0,,100.0
2025-01-22 12:00:00,-5.3,-5.2,,-5.4,,72.0,3.4,6.2,211.0,178.0,983.0,0.0,0.0,,90.0
2025-01-22 13:00:00,-5.4,-5.2,,-5.4,,65.0,3.3,6.2,251.0,263.0,982.9,2.0,0.0,,100.0
2025-01-22 14:00:00,-5.4,-5.3,,-5.5,,61.0,2.9,5.8,260.0,259.0,982.5,23.0,0.0,,60.0
2025-01-22 15:00:00,-5.6,-5.4,,-5.7,,64.0,3.2,6.7,237.0,253.0,982.4,34.0,0.0,,100.0
2025-01-22 16:00:00,-5.7,-5.6,,-5.8,,66.0,3.4,7.1,267.0,267.0,982.0,36.0,0.0,,100.0
2025-01-22 17:00:00,-6.0,-5.7,,-6.2,,68.0,4.0,8.2,262.0,266.0,981.9,32.0,0.0,,100.0
2025-01-22 18:00:00,-6.2,-5.9,-4.6,-6.3,-6.3,68.0,4.6,8.3,257.0,264.0,982.2,21.0,0.0,,100.0
2025-01-22 19:00:00,-6.3,-6.2,,-6.3,,62.0,3.8,6.5,265.0,265.0,982.6,5.0,0.0,,90.0
2025-01-22 20:00:00,-6.5,-6.3,,-6.7,,67.0,3.2,5.5,263.0,265.0,983.1,0.0,0.0,,90.0
2025-01-22 21:00:00,-6.5,-6.4,,-6.6,,68.0,2.5,6.2,271.0,262.0,983.4,0.0,0.0,,90.0
2025-01-22 22:00:00,-6.6,-6.5,,-6.8,,67.0,2.1,5.3,264.0,249.0,983.6,0.0,0.0,,90.0
2025-01-22 23:00:00,-6.7,-6.5,,-6.9,,71.0,3.0,5.3,262.0,265.0,983.7,0.0,0.0,,90.0
2025-01-23 00:00:00,-6.9,-6.9,,-7.0,,77.0,2.7,5.0,258.0,261.0,983.8,0.0,0.0,,90.0
2025-01-23 01:00:00,-6.8,-6.7,,-6.9,,68.0,2.4,4.6,260.0,260.0,983.6,0.0,0.0,,90.0
2025-01-23 02:00:00,-7.1,-6.7,,-7.4,,73.0,2.3,5.6,233.0,242.0,983.5,0.0,0.0,,90.0
2025-01-23 03:00:00,-7.4,-7.2,,-7.6,,80.0,1.5,3.1,98.0,132.0,983.8,0.0,0.0,,90.0
2025-01-23 04:00:00,-7.9,-7.5,,-8.0,,90.0,1.9,5.8,262.0,244.0,983.7,0.0,0.5,,90.0
2025-01-23 05:00:00,-7.8,-7.7,,-7.9,,85.0,2.7,5.1,257.0,261.0,984.0,0.0,0.3,,90.0
2025-01-23 06:00:00,-8.0,-7.8,-6.2,-8.1,-8.1,86.0,2.6,5.0,245.0,260.0,984.2,0.0,0.0,1.5,90.0
2025-01-23 07:00:00,-8.1,-8.0,,-8.1,,84.0,1.6,3.4,257.0,245.0,984.6,0.0,0.0,,90.0
2025-01-23 08:00:00,-8.1,-8.0,,-8.3,,86.0,1.2,2.4,171.0,212.0,984.8,0.0,0.2,,90.0
2025-01-23 09:00:00,-8.4,-8.2,,-8.5,,92.0,1.2,2.1,79.0,92.0,984.8,0.0,0.2,,
2025-01-23 10:00:00,-8.5,-8.4,,-8.6,,91.0,1.3,1.9,60.0,68.0,985.0,0.0,0.0,,90.0
2025-01-23 11:00:00,-8.8,-8.5,,-9.4,,86.0,2.0,2.9,37.0,37.0,984.9,0.0,0.0,,90.0
2025-01-23 12:00:00,-8.4,-8.1,,-8.7,,81.0,2.4,3.2,40.0,33.0,985.0,0.0,0.0,,90.0
2025-01-23 13:00:00,-8.5,-8.1,,-8.6,,85.0,2.0,3.5,316.0,13.0,984.6,7.0,0.2,,60.0
2025-01-23 14:00:00,-8.0,-7.6,,-8.4,,82.0,2.4,7.6,359.0,10.0,984.1,62.0,0.0,,90.0
2025-01-23 15:00:00,-7.6,-7.4,,-7.9,,72.0,4.4,6.6,329.0,345.0,983.6,36.0,0.0,,90.0
2025-01-23 16:00:00,-7.9,-7.3,,-8.4,,77.0,4.7,7.8,33.0,26.0,983.0,52.0,0.0,,90.0
2025-01-23 17:00:00,-8.2,-7.9,,-8.5,,72.0,4.5,6.7,49.0,39.0,982.3,49.0,0.0,,60.0
2025-01-23 18:00:00,-8.9,-8.5,-7.3,-9.1,-9.4,72.0,3.6,5.7,39.0,45.0,981.6,37.0,0.0,,60.0
2025-01-23 19:00:00,-8.8,-8.7,,-9.0,,71.0,4.3,5.9,58.0,50.0,981.3,13.0,0.0,,60.0
2025-01-23 20:00:00,-8.9,-8.4,,-9.3,,74.0,4.1,9.4,342.0,15.0,981.2,1.0,0.0,,90.0
2025-01-23 21:00:00,-8.9,-8.5,,-9.1,,84.0,6.7,8.9,344.0,341.0,980.9,0.0,0.0,,90.0
2025-01-23 22:00:00,-9.2,-9.0,,-9.3,,77.0,4.7,7.4,345.0,342.0,980.2,0.0,0.0,,60.0
2025-01-23 23:00:00,-9.3,-9.2,,-9.6,,68.0,3.2,5.6,355.0,350.0,979.4,0.0,0.0,,90.0
2025-01-24 00:00:00,-9.3,-9.2,,-9.4,,72.0,4.6,6.5,339.0,340.0,978.8,0.0,0.0,,90.0
2025-01-24 01:00:00,-9.1,-9.1,,-9.2,,71.0,5.7,8.0,338.0,340.0,977.8,0.0,0.0,,90.0
2025-01-24 02:00:00,-9.1,-9.0,,-9.3,,72.0,5.7,8.2,343.0,344.0,976.6,0.0,0.0,,90.0
2025-01-24 03:00:00,-9.0,-8.7,,-9.1,,68.0,6.1,8.2,1.0,359.0,975.9,0.0,0.0,,100.0
2025-01-24 04:00:00,-8.6,-8.4,,-8.7,,67.0,6.4,9.5,1.0,355.0,974.6,0.0,0.0,,100.0
2025-01-24 05:00:00,-8.6,-8.5,,-8.7,,71.0,5.5,8.0,350.0,350.0,973.3,0.0,0.0,,90.0
2025-01-24 06:00:00,-8.7,-8.6,-8.4,-8.9,-9.6,70.0,4.3,7.5,345.0,351.0,972.5,0.0,0.0,0.6,90.0
2025-01-24 07:00:00,-8.7,-8.5,,-9.0,,68.0,2.4,4.6,303.0,318.0,972.0,0.0,0.0,,90.0
2025-01-24 08:00:00,-8.9,-8.7,,-9.1,,69.0,3.6,5.8,357.0,336.0,971.5,0.0,0.0,,90.0
2025-01-24 09:00:00,-8.6,-8.3,,-9.0,,71.0,5.1,7.7,6.0,359.0,971.0,0.0,0.0,,100.0
2025-01-24 10:00:00,-8.5,-8.3,,-8.7,,64.0,7.3,10.0,3.0,0.0,970.9,0.0,0.0,,100.0
2025-01-24 11:00:00,-8.8,-8.6,,-9.2,,62.0,6.8,9.3,28.0,16.0,970.8,0.0,0.0,,90.0
2025-01-24 12:00:00,-9.6,-9.0,,-10.0,,68.0,5.4,8.2,46.0,44.0,970.5,0.0,0.0,,60.0
2025-01-24 13:00:00,-10.1,-10.0,,-10.3,,68.0,3.8,6.4,55.0,49.0,970.5,5.0,0.0,,60.0
2025-01-24 14:00:00,-9.4,-8.8,,-10.0,,61.0,1.0,2.9,171.0,69.0,970.5,34.0,0.0,,90.0
2025-01-24 15:00:00,-9.0,-8.7,,-9.4,,63.0,1.4,3.1,286.0,230.0,970.6,93.0,0.0,,90.0
2025-01-24 16:00:00,-9.4,-9.2,,-9.6,,69.0,1.2,2.8,301.0,285.0,970.2,79.0,0.0,,90.0
2025-01-24 17:00:00,-9.5,-8.8,,-9.8,,67.0,1.0,2.6,54.0,303.0,970.7,84.0,0.0,,90.0
2025-01-24 18:00:00,-9.6,-9.4,-8.3,-9.9,-10.3,73.0,2.0,3.2,87.0,74.0,971.4,90.0,0.0,,90.0
2025-01-24 19:00:00,-9.4,-9.3,,-9.6,,68.0,1.2,2.1,77.0,81.0,972.4,13.0,0.0,,60.0
2025-01-24 20:00:00,-9.5,-9.3,,-9.7,,67.0,2.4,4.0,78.0,90.0,972.7,1.0,0.0,,90.0
2025-01-24 21:00:00,-10.0,-9.6,,-10.3,,67.0,4.8,8.5,88.0,75.0,973.4,0.0,0.0,,60.0
2025-01-24 22:00:00,-10.1,-9.8,,-10.3,,66.0,2.7,4.8,67.0,73.0,973.9,0.0,0.0,,40.0
2025-01-24 23:00:00,-9.8,-9.5,,-10.1,,62.0,1.4,2.9,34.0,56.0,974.7,0.0,0.0,,90.0
2025-01-25 00:00:00,-9.6,-9.3,,-10.0,,58.0,2.4,5.7,90.0,63.0,974.6,0.0,0.0,,90.0
2025-01-25 01:00:00,-9.3,-8.4,,-9.9,,59.0,3.2,9.4,342.0,26.0,974.8,0.0,0.0,,90.0
2025-01-25 02:00:00,-9.3,-8.9,,-9.6,,77.0,7.3,9.7,345.0,339.0,975.5,0.0,0.0,,60.0
2025-01-25 03:00:00,-8.9,-8.6,,-9.3,,75.0,7.4,9.7,337.0,335.0,975.6,0.0,0.0,,90.0
2025-01-25 04:00:00,-8.7,-8.5,,-8.9,,70.0,6.1,9.2,327.0,328.0,976.0,0.0,0.0,,60.0
2025-01-25 05:00:00,-8.6,-8.4,,-9.0,,61.0,2.9,5.6,141.0,131.0,976.3,0.0,0.0,,90.0
2025-01-25 06:00:00,-8.5,-8.3,-8.3,-8.9,-10.3,61.0,1.4,3.4,3.0,102.0,976.4,0.0,0.0,0.0,90.0
2025-01-25 07:00:00,-8.2,-7.9,,-8.5,,58.0,1.5,2.8,46.0,7.0,976.9,0.0,0.0,,100.0
2025-01-25 08:00:00,-7.6,-7.1,,-8.0,,49.0,3.2,5.9,41.0,43.0,977.0,0.0,0.0,,90.0
2025-01-25 09:00:00,-7.3,-7.0,,-7.6,,59.0,5.6,7.8,335.0,357.0,977.4,0.0,0.0,,100.0
2025-01-25 10:00:00,-7.1,-6.7,,-7.4,,64.0,5.4,8.5,355.0,347.0,977.9,0.0,0.0,,100.0
2025-01-25 11:00:00,-6.7,-6.6,,-6.9,,55.0,5.0,7.3,42.0,33.0,978.1,0.0,0.0,,90.0
2025-01-25 12:00:00,-6.8,-6.1,,-7.1,,52.0,3.6,8.0,42.0,49.0,978.5,0.0,0.0,,90.0
2025-01-25 13:00:00,-6.3,-5.9,,-6.6,,52.0,2.2,5.4,45.0,33.0,979.0,6.0,0.0,,100.0
2025-01-25 14:00:00,-6.6,-6.2,,-6.9,,54.0,3.5,4.9,55.0,30.0,979.3,28.0,0.0,,90.0
2025-01-25 15:00:00,-6.8,-6.3,,-7.1,,54.0,2.4,4.3,36.0,44.0,979.8,46.0,0.0,,90.0
2025-01-25 16:00:00,-6.8,-6.6,,-6.9,,57.0,2.2,4.3,172.0,66.0,980.4,52.0,0.0,,100.0
2025-01-25 17:00:00,-6.4,-6.2,,-6.7,,58.0,1.8,3.2,266.0,186.0,980.9,47.0,0.0,,100.0
2025-01-25 18:00:00,-6.3,-6.2,-5.9,-6.6,-8.5,62.0,0.5,1.6,172.0,189.0,981.8,39.0,0.0,,100.0
2025-01-25 19:00:00,-6.3,-6.2,,-6.4,,63.0,0.5,2.0,172.0,92.0,982.7,22.0,0.0,,100.0
2025-01-25 20:00:00,-6.3,-6.3,,-6.4,,63.0,0.4,1.3,174.0,194.0,983.3,1.0,0.0,,90.0
2025-01-25 21:00:00,-6.5,-6.2,,-6.9,,65.0,0.7,2.1,52.0,111.0,984.1,0.0,0.0,,90.0
2025-01-25 22:00:00,-6.7,-6.5,,-6.9,,66.0,1.1,2.7,26.0,63.0,984.9,0.0,0.0,,90.0
2025-01-25 23:00:00,-7.0,-6.8,,-7.1,,66.0,2.6,4.5,46.0,46.0,985.3,0.0,0.0,,90.0
2025-01-26 00:00:00,-6.9,-6.5,,-7.1,,63.0,1.6,4.0,25.0,45.0,985.8,0.0,0.0,,90.0
2025-01-26 01:00:00,-6.9,-6.7,,-7.0,,63.0,3.6,6.7,46.0,41.0,986.3,0.0,0.0,,90.0
2025-01-26 02:00:00,-6.9,-6.8,,-7.0,,62.0,3.7,6.1,40.0,42.0,986.6,0.0,0.0,,90.0
2025-01-26 03:00:00,-7.0,-6.8,,-7.4,,58.0,3.8,6.4,47.0,43.0,986.8,0.0,0.0,,90.0
2025-01-26 04:00:00,-7.2,-6.8,,-7.5,,57.0,3.8,5.9,51.0,52.0,987.3,0.0,0.0,,100.0
2025-01-26 05:00:00,-7.0,-6.8,,-7.2,,57.0,2.7,6.9,34.0,37.0,987.8,0.0,0.0,,90.0
2025-01-26 06:00:00,-7.0,-6.8,-6.2,-7.2,-7.5,56.0,2.4,5.9,48.0,44.0,988.4,0.0,0.0,0.0,90.0
2025-01-26 07:00:00,-7.2,-6.9,,-7.4,,58.0,4.8,7.8,46.0,52.0,988.8,0.0,0.0,,10.0
2025-01-26 08:00:00,-7.5,-7.1,,-7.7,,60.0,3.5,7.3,85.0,68.0,989.7,0.0,0.0,,90.0
2025-01-26 09:00:00,-7.4,-7.0,,-7.6,,65.0,1.7,4.2,45.0,46.0,990.4,0.0,0.0,,100.0
2025-01-26 10:00:00,-6.7,-6.4,,-7.3,,64.0,4.6,10.8,129.0,120.0,990.6,0.0,0.0,,100.0
2025-01-26 11:00:00,-6.7,-6.5,,-6.8,,71.0,7.2,10.8,126.0,127.0,991.1,0.0,0.0,,90.0
2025-01-26 12:00:00,-7.3,-6.8,,-7.6,,87.0,7.9,11.5,130.0,129.0,991.8,0.0,0.3,,90.0
2025-01-26 13:00:00,-7.0,-6.7,,-7.4,,77.0,7.8,11.2,134.0,128.0,992.4,5.0,0.0,,
2025-01-26 14:00:00,-6.5,-6.3,,-6.8,,69.0,6.6,11.4,129.0,127.0,993.0,25.0,0.0,,90.0
2025-01-26 15:00:00,-6.3,-6.2,,-6.4,,64.0,5.7,9.4,137.0,132.0,993.0,33.0,0.0,,90.0
2025-01-26 16:00:00,-6.6,-6.4,,-6.9,,66.0,6.4,9.2,134.0,137.0,993.3,38.0,0.0,,100.0
2025-01-26 17:00:00,-6.5,-6.4,,-6.6,,61.0,6.6,10.0,125.0,133.0,993.1,38.0,0.0,,100.0
2025-01-26 18:00:00,-6.4,-6.3,-6.2,-6.8,-7.7,57.0,5.2,8.6,95.0,118.0,993.6,31.0,0.0,,90.0
2025-01-26 19:00:00,-7.0,-6.6,,-7.5,,57.0,3.0,6.1,76.0,85.0,994.0,11.0,0.0,,90.0
2025-01-26 20:00:00,-7.4,-7.1,,-7.6,,56.0,2.4,4.6,66.0,69.0,994.4,1.0,0.0,,90.0
2025-01-26 21:00:00,-6.9,-6.7,,-7.3,,54.0,2.0,5.6,143.0,115.0,994.9,0.0,0.0,,90.0
2025-01-26 22:00:00,-6.9,-6.7,,-7.2,,57.0,4.8,7.9,126.0,129.0,995.1,0.0,0.0,,90.0
2025-01-26 23:00:00,-7.0,-6.9,,-7.4,,60.0,3.3,6.4,89.0,113.0,995.2,0.0,0.0,,90.0
2025-01-27 00:00:00,-7.0,-6.7,,-7.3,,58.0,2.1,4.8,86.0,70.0,995.2,0.0,0.0,,100.0
2025-01-27 01:00:00,-6.8,-6.6,,-7.1,,60.0,1.5,4.1,26.0,58.0,995.2,0.0,0.0,,100.0
2025-01-27 02:00:00,-7.0,-6.6,,-7.2,,59.0,1.5,3.1,44.0,51.0,995.1,0.0,0.0,,90.0
2025-01-27 03:00:00,-6.5,-6.1,,-7.0,,57.0,2.8,6.8,127.0,93.0,995.0,0.0,0.0,,100.0
2025-01-27 04:00:00,-6.3,-5.9,,-7.0,,56.0,3.5,6.8,45.0,97.0,994.7,0.0,0.0,,100.0
2025-01-27 05:00:00,-6.8,-6.4,,-7.1,,59.0,2.3,5.0,22.0,39.0,994.7,0.0,0.0,,100.0
2025-01-27 06:00:00,-6.9,-6.4,-5.9,-7.1,-7.6,60.0,2.6,5.4,68.0,38.0,994.6,0.0,0.0,0.3,100.0
2025-01-27 07:00:00,-7.0,-6.5,,-7.2,,58.0,5.0,9.2,35.0,35.0,994.5,0.0,0.0,,100.0
2025-01-27 08:00:00,-7.2,-7.0,,-7.5,,57.0,4.4,7.2,26.0,30.0,994.5,0.0,0.0,,90.0
2025-01-27 09:00:00,-7.6,-7.2,,-8.0,,56.0,4.6,9.6,28.0,32.0,994.0,0.0,0.0,,90.0
2025-01-27 10:00:00,-7.7,-7.5,,-7.8,,55.0,6.5,9.1,29.0,28.0,994.1,0.0,0.0,,60.0
2025-01-27 11:00:00,-7.6,-7.3,,-7.8,,54.0,8.1,11.8,41.0,36.0,993.7,0.0,0.0,,60.0
2025-01-27 12:00:00,-7.5,-7.3,,-7.8,,51.0,8.5,11.4,54.0,50.0,993.5,0.0,0.0,,40.0
2025-01-27 13:00:00,-7.4,-7.1,,-7.6,,49.0,7.1,10.9,48.0,49.0,993.7,6.0,0.0,,90.0
2025-01-27 14:00:00,-7.4,-6.9,,-7.8,,48.0,4.6,8.4,35.0,36.0,993.5,31.0,0.0,,60.0
2025-01-27 15:00:00,-7.4,-7.1,,-7.6,,47.0,4.6,7.4,33.0,30.0,993.1,59.0,0.0,,40.0
2025-01-27 16:00:00,-7.4,-7.1,,-7.6,,48.0,4.7,7.8,33.0,32.0,992.8,60.0,0.0,,10.0
2025-01-27 17:00:00,-7.3,-7.1,,-7.5,,49.0,5.1,7.6,35.0,31.0,992.3,51.0,0.0,,10.0
2025-01-27 18:00:00,-7.4,-7.2,-6.5,-7.6,-8.0,51.0,6.4,8.7,37.0,35.0,992.1,36.0,0.0,,10.0
2025-01-27 19:00:00,-7.4,-7.2,,-7.6,,50.0,6.5,9.3,29.0,34.0,992.0,12.0,0.0,,60.0
2025-01-27 20:00:00,-7.3,-7.1,,-7.5,,50.0,6.2,9.0,32.0,34.0,991.9,1.0,0.0,,90.0
2025-01-27 21:00:00,-7.1,-6.8,,-7.4,,49.0,5.3,7.9,17.0,28.0,992.0,0.0,0.0,,90.0
2025-01-27 22:00:00,-7.0,-6.6,,-7.2,,48.0,4.3,7.0,30.0,30.0,991.7,0.0,0.0,,90.0
2025-01-27 23:00:00,-6.7,-6.2,,-7.0,,46.0,4.7,7.9,7.0,27.0,991.5,0.0,0.0,,90.0
2025-01-28 00:00:00,-6.4,-6.0,,-6.6,,47.0,5.0,7.7,29.0,31.0,991.1,0.0,0.0,,90.0
2025-01-28 01:00:00,-6.4,-6.2,,-6.6,,50.0,5.5,7.8,30.0,32.0,991.0,0.0,0.0,,90.0
2025-01-28 02:00:00,-6.2,-5.9,,-6.4,,51.0,4.7,6.7,31.0,32.0,990.9,0.0,0.0,,90.0
2025-01-28 03:00:00,-6.1,-5.8,,-6.4,,51.0,3.9,6.7,35.0,33.0,991.1,0.0,0.0,,90.0
2025-01-28 04:00:00,-6.0,-5.6,,-6.2,,50.0,3.7,6.1,35.0,33.0,991.0,0.0,0.0,,90.0
2025-01-28 05:00:00,-5.9,-5.7,,-6.2,,50.0,3.3,5.4,30.0,31.0,991.2,0.0,0.0,,90.0
2025-01-28 06:00:00,-5.8,-5.6,-5.6,-6.1,-7.6,49.0,2.8,5.4,28.0,27.0,991.2,0.0,0.0,0.0,90.0
2025-01-28 07:00:00,-5.8,-5.6,,-6.0,,48.0,4.1,6.4,31.0,31.0,991.5,0.0,0.0,,90.0
2025-01-28 08:00:00,-5.6,-4.9,,-5.9,,48.0,1.7,4.4,16.0,17.0,991.8,0.0,0.0,,90.0
2025-01-28 09:00:00,-5.8,-5.0,,-6.0,,51.0,2.8,5.1,33.0,40.0,992.2,0.0,0.0,,90.0
2025-01-28 10:00:00,-5.8,-5.5,,-5.9,,52.0,4.1,6.4,43.0,39.0,992.6,0.0,0.0,,90.0
2025-01-28 11:00:00,-5.4,-5.2,,-5.5,,53.0,3.0,5.0,32.0,31.0,993.1,0.0,0.0,,90.0
2025-01-28 12:00:00,-5.2,-4.8,,-5.6,,55.0,3.1,5.7,40.0,38.0,993.7,0.0,0.0,,90.0
2025-01-28 13:00:00,-5.5,-5.3,,-5.9,,52.0,3.6,6.3,42.0,40.0,994.2,8.0,0.0,,90.0
2025-01-28 14:00:00,-5.2,-4.9,,-5.5,,52.0,4.6,8.1,30.0,33.0,994.4,50.0,0.0,,90.0
2025-01-28 15:00:00,-5.2,-5.0,,-5.3,,53.0,6.5,11.0,35.0,33.0,994.9,97.0,0.0,,90.0
2025-01-28 16:00:00,-5.1,-4.7,,-5.5,,50.0,4.4,7.9,57.0,41.0,995.2,86.0,0.0,,90.0
2025-01-28 17:00:00,-5.1,-4.7,,-5.3,,49.0,4.7,7.4,31.0,38.0,995.1,60.0,0.0,,60.0
2025-01-28 18:00:00,-5.0,-4.7,-4.7,-5.3,-6.0,50.0,5.8,9.1,35.0,29.0,995.2,81.0,0.0,,90.0
2025-01-28 19:00:00,-5.3,-4.9,,-5.5,,50.0,7.2,10.7,39.0,33.0,995.2,16.0,0.0,,90.0
2025-01-28 20:00:00,-5.1,-4.6,,-5.4,,50.0,7.1,10.5,26.0,34.0,995.6,1.0,0.0,,60.0
2025-01-28 21:00:00,-4.8,-4.5,,-5.1,,48.0,6.8,10.3,42.0,38.0,995.4,0.0,0.0,,90.0
2025-01-28 22:00:00,-4.4,-3.9,,-4.8,,47.0,4.3,8.7,30.0,40.0,995.1,0.0,0.0,,90.0
2025-01-28 23:00:00,-3.8,-3.3,,-4.6,,45.0,5.1,9.5,56.0,52.0,994.4,0.0,0.0,,90.0
2025-01-29 00:00:00,-3.9,-3.5,,-4.1,,46.0,6.1,11.0,69.0,64.0,993.8,0.0,0.0,,90.0
2025-01-29 01:00:00,-3.8,-3.6,,-4.0,,44.0,8.1,13.4,49.0,64.0,993.0,0.0,0.0,,60.0
2025-01-29 02:00:00,-3.8,-3.5,,-4.1,,42.0,6.7,10.9,17.0,32.0,992.0,0.0,0.0,,90.0
2025-01-29 03:00:00,-3.5,-3.1,,-3.9,,40.0,5.0,10.9,63.0,36.0,990.8,0.0,0.0,,60.0
2025-01-29 04:00:00,-3.0,-2.4,,-3.5,,39.0,7.2,12.1,63.0,62.0,989.2,0.0,0.0,,90.0
2025-01-29 05:00:00,-2.4,-2.1,,-2.8,,37.0,8.8,13.4,64.0,59.0,987.9,0.0,0.0,,90.0
2025-01-29 06:00:00,-1.8,-1.4,-1.4,-2.2,-5.5,38.0,9.3,14.7,52.0,58.0,986.7,0.0,0.0,0.0,90.0
2025-01-29 07:00:00,-1.3,-0.7,,-1.7,,42.0,10.1,18.0,51.0,53.0,984.7,0.0,0.0,,90.0
2025-01-29 08:00:00,-0.8,-0.6,,-1.1,,43.0,12.8,17.4,49.0,49.0,982.8,0.0,0.0,,
2025-01-29 09:00:00,-0.2,0.2,,-0.7,,41.0,12.9,16.7,48.0,49.0,981.0,0.0,0.0,,90.0
2025-01-29 10:00:00,0.2,0.7,,-0.3,,41.0,13.8,17.7,47.0,48.0,979.4,0.0,0.0,,90.0
2025-01-29 11:00:00,0.5,1.0,,0.2,,41.0,14.6,19.3,48.0,47.0,977.8,0.0,0.0,,90.0
2025-01-29 12:00:00,0.6,0.8,,0.4,,42.0,15.3,19.8,49.0,49.0,975.8,0.0,0.0,,90.0
2025-01-29 13:00:00,0.6,0.8,,0.4,,41.0,16.1,21.5,47.0,50.0,973.8,4.0,0.0,,90.0
2025-01-29 14:00:00,0.5,1.0,,0.1,,41.0,14.4,20.0,50.0,48.0,971.4,20.0,0.0,,90.0
2025-01-29 15:00:00,0.5,0.9,,0.1,,39.0,12.8,18.9,47.0,44.0,969.8,18.0,0.0,,90.0
2025-01-29 16:00:00,0.3,1.8,,-1.0,,52.0,11.4,17.5,47.0,57.0,966.6,9.0,0.0,,100.0
2025-01-29 17:00:00,1.0,2.1,,-0.3,,51.0,15.0,20.5,44.0,46.0,963.9,10.0,0.0,,90.0
2025-01-29 18:00:00,2.7,4.6,4.6,1.8,-1.7,41.0,15.1,23.8,74.0,54.0,963.5,11.0,0.0,,90.0
2025-01-29 19:00:00,4.7,5.2,,4.3,,36.0,14.1,30.4,102.0,96.0,964.7,17.0,0.0,,60.0
2025-01-29 20:00:00,3.9,4.6,,3.2,,40.0,15.4,33.3,106.0,108.0,964.7,2.0,0.0,,90.0
2025-01-29 21:00:00,3.0,3.6,,2.5,,42.0,10.3,29.1,75.0,91.0,966.5,0.0,0.0,,90.0
2025-01-29 22:00:00,2.3,2.9,,1.9,,43.0,14.2,35.7,111.0,108.0,965.9,0.0,0.1,,90.0
2025-01-29 23:00:00,-1.1,2.0,,-3.3,,71.0,11.2,31.5,162.0,140.0,968.0,0.0,0.0,,90.0
2025-01-30 00:00:00,-2.9,-2.1,,-3.3,,84.0,5.5,14.0,183.0,165.0,967.9,0.0,0.0,,90.0
2025-01-30 01:00:00,-3.4,-2.4,,-3.7,,86.0,5.4,10.0,174.0,178.0,967.4,0.0,0.0,,90.0
2025-01-30 02:00:00,-2.6,-0.6,,-3.5,,72.0,4.8,14.2,171.0,169.0,967.2,0.0,0.0,,90.0
2025-01-30 03:00:00,-4.0,-3.5,,-4.6,,88.0,8.5,14.7,149.0,147.0,966.9,0.0,0.3,,
2025-01-30 04:00:00,-4.4,-4.2,,-4.6,,85.0,10.4,14.2,151.0,151.0,967.9,0.0,0.0,,100.0
2025-01-30 05:00:00,-4.2,-4.0,,-4.3,,70.0,8.4,12.6,155.0,146.0,968.8,0.0,0.0,,90.0
2025-01-30 06:00:00,-4.3,-3.9,5.2,-4.7,-4.7,69.0,5.3,9.9,152.0,155.0,969.8,0.0,0.0,0.4,90.0
2025-01-30 07:00:00,-4.1,-2.7,,-4.5,,65.0,3.4,9.5,54.0,115.0,969.9,0.0,0.0,,90.0
2025-01-30 08:00:00,-2.8,-2.6,,-3.2,,35.0,7.3,14.0,65.0,66.0,970.6,0.0,0.0,,60.0
2025-01-30 09:00:00,-3.0,-2.7,,-3.4,,29.0,7.3,13.8,78.0,69.0,971.0,0.0,0.0,,90.0
2025-01-30 10:00:00,-3.3,-3.0,,-3.7,,27.0,6.9,13.1,110.0,97.0,971.6,0.0,0.0,,90.0
2025-01-30 11:00:00,-3.8,-3.5,,-4.1,,29.0,6.3,11.4,86.0,98.0,971.9,0.0,0.0,,90.0
2025-01-30 12:00:00,-3.9,-3.8,,-4.2,,31.0,6.6,11.9,78.0,78.0,971.9,0.0,0.0,,90.0
2025-01-30 13:00:00,-3.9,-3.5,,-4.2,,32.0,8.8,15.5,77.0,74.0,972.1,6.0,0.0,,90.0
2025-01-30 14:00:00,-3.6,-3.4,,-3.7,,34.0,8.0,15.2,77.0,72.0,972.8,17.0,0.0,,100.0
2025-01-30 15:00:00,-3.5,-3.1,,-3.9,,42.0,7.6,15.4,81.0,83.0,973.0,23.0,0.0,,90.0
2025-01-30 16:00:00,-2.7,-2.2,,-3.2,,42.0,6.0,14.2,88.0,87.0,973.2,27.0,0.0,,90.0
2025-01-30 17:00:00,-2.2,-1.9,,-2.4,,41.0,6.6,16.9,110.0,104.0,973.5,35.0,0.0,,90.0
2025-01-30 18:00:00,-2.0,-1.9,-1.9,-2.1,-4.5,44.0,12.3,20.8,129.0,126.0,973.2,46.0,0.0,,90.0
2025-01-30 19:00:00,-2.2,-1.8,,-2.7,,51.0,12.2,20.7,131.0,132.0,974.9,41.0,0.0,,60.0
2025-01-30 20:00:00,-2.2,-1.7,,-2.8,,49.0,10.2,18.5,145.0,132.0,975.6,5.0,0.0,,90.0
2025-01-30 21:00:00,-2.6,-1.6,,-2.9,,57.0,6.9,13.4,100.0,127.0,975.9,0.0,0.0,,90.0
2025-01-30 22:00:00,-1.6,-1.4,,-1.7,,41.0,7.5,13.4,128.0,124.0,976.0,0.0,0.0,,90.0
2025-01-30 23:00:00,-1.8,-1.5,,-2.1,,44.0,8.8,16.7,132.0,131.0,976.4,0.0,0.0,,90.0
2025-01-31 00:00:00,-1.9,-1.4,,-2.3,,42.0,6.4,12.7,121.0,125.0,976.7,0.0,0.0,,90.0
2025-01-31 01:00:00,-1.7,-1.4,,-1.9,,38.0,6.7,12.4,117.0,126.0,976.5,0.0,0.0,,90.0
2025-01-31 02:00:00,-1.6,-1.4,,-1.9,,33.0,5.9,12.5,106.0,114.0,976.4,0.0,0.0,,90.0
2025-01-31 03:00:00,-1.8,-1.5,,-2.1,,34.0,3.5,9.3,74.0,93.0,976.0,0.0,0.0,,90.0
2025-01-31 04:00:00,-2.2,-1.7,,-2.9,,36.0,5.3,9.8,54.0,61.0,975.2,0.0,0.0,,90.0
2025-01-31 05:00:00,-2.7,-2.4,,-2.9,,39.0,6.9,9.5,58.0,58.0,974.6,0.0,0.0,,90.0
2025-01-31 06:00:00,-2.4,-2.0,-1.4,-2.7,-2.9,38.0,7.0,9.8,57.0,57.0,974.1,0.0,0.0,0.0,90.0
2025-01-31 07:00:00,-2.3,-1.8,,-2.5,,38.0,6.4,9.0,56.0,54.0,973.6,0.0,0.0,,90.0
2025-01-31 08:00:00,-2.3,-1.9,,-2.8,,40.0,5.4,7.7,36.0,43.0,972.7,0.0,0.0,,90.0
2025-01-31 09:00:00,-2.3,-1.8,,-2.7,,41.0,7.0,9.7,35.0,38.0,972.0,0.0,0.0,,90.0
2025-01-31 10:00:00,-2.2,-2.0,,-2.5,,43.0,8.4,11.3,45.0,44.0,970.7,0.0,0.0,,90.0
2025-01-31 11:00:00,-2.2,-1.7,,-2.5,,41.0,6.6,9.8,30.0,37.0,969.5,0.0,0.0,,90.0
2025-01-31 12:00:00,-2.3,-2.1,,-2.6,,46.0,5.0,7.4,21.0,19.0,968.2,0.0,0.0,,90.0
2025-01-31 13:00:00,-2.4,-2.1,,-2.6,,47.0,3.8,5.8,12.0,22.0,966.8,11.0,0.0,,60.0
2025-01-31 14:00:00,-3.0,-2.5,,-3.4,,56.0,3.3,5.1,351.0,4.0,965.4,47.0,0.0,,40.0
2025-01-31 15:00:00,-2.9,-2.5,,-3.3,,59.0,2.5,4.1,313.0,332.0,964.0,104.0,0.0,,40.0
2025-01-31 16:00:00,-3.9,-2.7,,-4.5,,65.0,2.0,3.2,279.0,278.0,963.2,120.0,0.0,,60.0
2025-01-31 17:00:00,-3.8,-3.4,,-4.3,,60.0,1.3,2.3,168.0,226.0,963.0,108.0,0.0,,90.0
2025-01-31 18:00:00,-3.9,-3.8,-1.7,-4.0,-4.5,60.0,3.3,6.8,146.0,148.0,963.4,63.0,0.0,,90.0
2025-01-31 19:00:00,-3.6,-3.4,,-3.8,,66.0,6.9,10.8,146.0,146.0,964.1,22.0,0.0,,90.0
2025-01-31 20:00:00,-3.4,-3.2,,-3.7,,80.0,8.9,12.4,141.0,147.0,965.3,2.0,0.0,,90.0
2025-01-31 21:00:00,-3.6,-3.4,,-3.8,,83.0,10.0,13.4,139.0,141.0,966.0,0.0,0.0,,90.0
2025-01-31 22:00:00,-3.4,-3.0,,-3.6,,83.0,9.6,14.6,160.0,149.0,967.4,0.0,0.0,,90.0
2025-01-31 23:00:00,-3.3,-3.0,,-3.6,,87.0,8.9,13.2,153.0,161.0,968.2,0.0,0.0,,90.0
2025-02-01 00:00:00,-3.7,-3.6,,-3.9,,94.0,7.9,11.9,175.0,160.0,969.5,0.0,0.3,,90.0
2025-02-01 01:00:00,-4.2,-3.8,,-4.6,,90.0,4.0,6.3,270.0,263.0,970.2,0.0,0.0,,90.0
2025-02-01 02:00:00,-4.7,-4.6,,-4.8,,90.0,2.2,4.5,311.0,283.0,970.8,0.0,0.0,,90.0
2025-02-01 03:00:00,-5.0,-4.8,,-5.0,,93.0,0.3,0.8,0.0,38.0,971.3,0.0,0.0,,90.0
2025-02-01 04:00:00,-5.0,-4.9,,-5.1,,93.0,0.4,1.5,0.0,351.0,971.7,0.0,0.0,,90.0
2025-02-01 05:00:00,-5.3,-5.1,,-5.4,,94.0,1.3,2.3,87.0,64.0,971.8,0.0,0.0,,90.0
2025-02-01 06:00:00,-5.0,-4.8,-3.0,-5.3,-5.4,87.0,0.6,1.7,357.0,16.0,972.1,0.0,0.0,0.3,90.0
2025-02-01 07:00:00,-4.7,-4.7,,-4.8,,87.0,0.4,1.1,273.0,306.0,972.1,0.0,0.0,,90.0
2025-02-01 08:00:00,-4.9,-4.8,,-5.0,,88.0,1.8,3.2,279.0,287.0,971.9,0.0,0.0,,100.0
2025-02-01 09:00:00,-5.4,-5.0,,-5.8,,91.0,4.4,7.9,294.0,290.0,971.9,0.0,0.0,,90.0
2025-02-01 10:00:00,-6.0,-5.8,,-6.1,,91.0,6.3,8.9,295.0,294.0,971.8,0.0,0.0,,90.0
2025-02-01 11:00:00,-6.0,-5.7,,-6.3,,86.0,7.2,10.5,287.0,288.0,971.9,0.0,0.0,,90.0
2025-02-01 12:00:00,-6.0,-5.9,,-6.3,,83.0,5.1,7.9,303.0,299.0,971.9,0.0,0.0,,100.0
2025-02-01 13:00:00,-6.1,-6.0,,-6.2,,81.0,4.6,7.7,284.0,290.0,971.8,6.0,0.0,,100.0
2025-02-01 14:00:00,-6.2,-6.0,,-6.7,,80.0,5.8,8.6,285.0,287.0,971.7,23.0,0.0,,
2025-02-01 15:00:00,-6.7,-6.7,,-6.8,,91.0,4.3,7.4,278.0,278.0,971.8,47.0,0.1,,90.0
2025-02-01 16:00:00,-6.9,-6.7,,-7.1,,91.0,5.6,7.9,291.0,284.0,972.0,55.0,0.4,,40.0
2025-02-01 17:00:00,-7.3,-7.0,,-7.5,,91.0,6.3,9.3,281.0,282.0,972.4,59.0,0.3,,40.0
2025-02-01 18:00:00,-7.4,-7.3,-4.7,-7.6,-7.6,90.0,6.6,10.9,287.0,283.0,973.0,48.0,0.2,,90.0
2025-02-01 19:00:00,-7.5,-7.3,,-7.7,,90.0,6.2,8.9,298.0,294.0,973.9,18.0,0.1,,90.0
2025-02-01 20:00:00,-7.4,-7.3,,-7.6,,91.0,8.1,12.4,295.0,294.0,974.9,1.0,0.2,,90.0
2025-02-01 21:00:00,-7.5,-7.4,,-7.6,,91.0,9.3,13.5,299.0,297.0,975.8,0.0,0.2,,90.0
2025-02-01 22:00:00,-7.4,-7.2,,-7.5,,86.0,10.3,14.3,300.0,297.0,976.5,0.0,0.0,,90.0
2025-02-01 23:00:00,-7.4,-7.2,,-7.6,,85.0,11.1,15.0,302.0,301.0,977.5,0.0,0.0,,90.0
2025-02-02 00:00:00,-7.5,-7.3,,-7.6,,85.0,9.5,13.9,305.0,302.0,978.1,0.0,0.0,,90.0
2025-02-02 01:00:00,-7.5,-7.3,,-7.6,,85.0,9.4,13.2,293.0,299.0,978.7,0.0,0.0,,90.0
2025-02-02 02:00:00,-7.6,-7.4,,-7.7,,84.0,9.3,13.1,293.0,293.0,979.5,0.0,0.0,,90.0
2025-02-02 03:00:00,-7.6,-7.5,,-7.7,,83.0,7.5,10.5,280.0,287.0,980.2,0.0,0.0,,90.0
2025-02-02 04:00:00,-7.6,-7.5,,-7.8,,86.0,9.2,13.1,275.0,276.0,980.5,0.0,0.0,,90.0
2025-02-02 05:00:00,-7.8,-7.5,,-8.0,,89.0,8.8,12.3,275.0,276.0,980.9,0.0,0.0,,90.0
2025-02-02 06:00:00,-8.0,-7.8,-7.2,-8.1,-8.1,91.0,9.5,13.2,279.0,277.0,981.3,0.0,0.2,1.7,90.0
2025-02-02 07:00:00,-8.0,-7.9,,-8.1,,90.0,9.7,12.9,279.0,280.0,982.0,0.0,0.0,,90.0
2025-02-02 08:00:00,-8.0,-7.8,,-8.2,,89.0,9.7,13.1,284.0,281.0,982.4,0.0,0.0,,90.0
2025-02-02 09:00:00,-8.1,-8.0,,-8.3,,87.0,10.3,13.3,284.0,284.0,982.8,0.0,0.0,,90.0
2025-02-02 10:00:00,-8.3,-8.1,,-8.5,,83.0,8.7,12.3,294.0,291.0,983.5,0.0,0.0,,90.0
2025-02-02 11:00:00,-8.4,-8.2,,-8.6,,81.0,8.3,11.5,289.0,289.0,983.7,0.0,0.0,,90.0
2025-02-02 12:00:00,-8.4,-8.3,,-8.6,,78.0,7.4,11.6,293.0,293.0,983.9,0.0,0.0,,90.0
2025-02-02 13:00:00,-8.5,-8.4,,-8.7,,81.0,7.8,10.5,282.0,283.0,984.2,9.0,0.0,,90.0
2025-02-02 14:00:00,-8.6,-8.4,,-8.8,,83.0,8.0,12.2,279.0,283.0,984.3,24.0,0.0,,90.0
2025-02-02 15:00:00,-8.6,-8.5,,-8.8,,82.0,7.7,11.8,275.0,274.0,984.6,41.0,0.0,,90.0
2025-02-02 16:00:00,-8.6,-8.4,,-8.9,,77.0,6.7,9.6,274.0,277.0,984.4,60.0,0.0,,90.0
2025-02-02 17:00:00,-8.6,-8.3,,-8.9,,73.0,7.6,11.2,293.0,283.0,984.3,63.0,0.0,,90.0
2025-02-02 18:00:00,-8.6,-8.3,-7.8,-8.8,-8.9,71.0,6.9,10.3,297.0,294.0,984.6,51.0,0.0,,90.0
2025-02-02 19:00:00,-8.6,-8.3,,-9.0,,69.0,6.4,9.1,312.0,298.0,985.1,29.0,0.0,,90.0
2025-02-02 20:00:00,-8.8,-8.6,,-9.0,,74.0,6.7,8.9,325.0,321.0,985.5,4.0,0.0,,90.0
2025-02-02 21:00:00,-8.8,-8.6,,-8.9,,73.0,6.3,8.8,313.0,315.0,985.8,0.0,0.0,,90.0
2025-02-02 22:00:00,-9.0,-8.9,,-9.1,,78.0,4.7,8.7,278.0,303.0,985.9,0.0,0.0,,90.0
2025-02-02 23:00:00,-9.2,-9.0,,-9.6,,84.0,6.2,8.4,284.0,275.0,985.8,0.0,0.0,,90.0
2025-02-03 00:00:00,-9.3,-9.1,,-9.6,,83.0,6.6,8.5,293.0,288.0,985.8,0.0,0.1,,90.0
2025-02-03 01:00:00,-9.1,-9.0,,-9.3,,76.0,5.4,8.6,312.0,304.0,986.0,0.0,0.0,,90.0
2025-02-03 02:00:00,-9.1,-8.9,,-9.3,,72.0,4.6,7.6,336.0,322.0,985.9,0.0,0.0,,90.0
2025-02-03 03:00:00,-9.4,-9.3,,-9.5,,75.0,3.6,5.6,347.0,352.0,986.0,0.0,0.0,,90.0
2025-02-03 04:00:00,-9.4,-9.2,,-9.5,,71.0,3.4,5.8,314.0,323.0,986.0,0.0,0.0,,100.0
2025-02-03 05:00:00,-9.7,-9.4,,-10.0,,77.0,4.0,5.9,305.0,309.0,986.4,0.0,0.0,,90.0
2025-02-03 06:00:00,-10.0,-9.9,-8.3,-10.1,-10.1,77.0,1.8,3.8,102.0,28.0,986.8,0.0,0.0,0.1,90.0
2025-02-03 07:00:00,-9.8,-9.7,,-10.0,,75.0,1.4,2.1,124.0,123.0,987.1,0.0,0.0,,90.0
2025-02-03 08:00:00,-9.7,-9.3,,-9.8,,73.0,1.6,5.1,212.0,159.0,987.5,0.0,0.0,,90.0
2025-02-03 09:00:00,-9.6,-9.3,,-9.9,,85.0,5.7,10.8,258.0,268.0,987.7,0.0,0.6,,40.0
2025-02-03 10:00:00,-9.4,-9.2,,-9.6,,82.0,9.3,14.5,264.0,262.0,988.1,0.0,0.2,,100.0
2025-02-03 11:00:00,-9.4,-9.3,,-9.6,,74.0,7.7,11.1,268.0,260.0,988.6,0.0,0.0,,100.0
2025-02-03 12:00:00,-9.9,-9.6,,-10.4,,84.0,6.4,12.8,255.0,268.0,988.7,0.0,0.3,,90.0
2025-02-03 13:00:00,-10.5,-10.3,,-10.7,,81.0,8.3,12.5,221.0,229.0,989.4,8.0,0.3,,100.0
2025-02-03 14:00:00,-10.4,-10.4,,-10.6,,70.0,6.2,9.8,181.0,194.0,989.8,31.0,0.0,,90.0
2025-02-03 15:00:00,-10.6,-10.4,,-10.7,,59.0,7.0,10.7,171.0,171.0,989.7,62.0,0.0,,40.0
2025-02-03 16:00:00,-10.6,-10.5,,-10.8,,64.0,7.2,10.8,159.0,170.0,989.5,79.0,0.0,,90.0
2025-02-03 17:00:00,-10.7,-10.6,,-10.8,,61.0,8.3,13.2,164.0,161.0,989.2,101.0,0.0,,90.0
2025-02-03 18:00:00,-10.8,-10.7,-9.2,-11.1,-11.1,65.0,7.9,12.0,152.0,155.0,989.1,77.0,0.0,,90.0
2025-02-03 19:00:00,-11.1,-10.9,,-11.2,,67.0,9.0,12.4,140.0,140.0,989.1,39.0,0.0,,60.0
2025-02-03 20:00:00,-11.1,-11.0,,-11.2,,60.0,7.7,11.7,129.0,139.0,989.4,6.0,0.0,,60.0
2025-02-03 21:00:00,-11.3,-11.2,,-11.4,,60.0,6.6,9.6,130.0,129.0,989.5,0.0,0.0,,60.0
2025-02-03 22:00:00,-11.4,-11.3,,-11.6,,57.0,5.8,8.0,122.0,128.0,989.3,0.0,0.0,,60.0
2025-02-03 23:00:00,-11.6,-11.5,,-11.7,,57.0,5.1,7.8,121.0,124.0,989.4,0.0,0.0,,10.0
2025-02-04 00:00:00,-11.7,-11.6,,-11.9,,56.0,4.1,5.9,140.0,131.0,989.2,0.0,0.0,,40.0
2025-02-04 01:00:00,-11.8,-11.8,,-12.0,,56.0,4.5,6.1,135.0,138.0,988.7,0.0,0.0,,40.0
2025-02-04 02:00:00,-11.8,-11.7,,-11.9,,56.0,3.9,5.6,132.0,137.0,988.7,0.0,0.0,,90.0
2025-02-04 03:00:00,-11.7,-11.6,,-11.9,,56.0,4.2,6.3,141.0,138.0,988.2,0.0,0.0,,90.0
2025-02-04 04:00:00,-11.6,-11.5,,-11.8,,58.0,4.4,6.5,137.0,140.0,988.3,0.0,0.0,,90.0
2025-02-04 05:00:00,-11.7,-11.5,,-11.8,,58.0,4.8,7.4,138.0,139.0,987.9,0.0,0.0,,90.0
2025-02-04 06:00:00,-11.7,-11.6,-10.9,-11.8,-12.0,60.0,5.7,8.3,134.0,136.0,987.7,0.0,0.0,1.4,90.0
2025-02-04 07:00:00,-11.7,-11.6,,-11.7,,61.0,7.4,10.6,144.0,138.0,987.6,0.0,0.0,,90.0
2025-02-04 08:00:00,-11.8,-11.6,,-12.2,,64.0,6.2,10.9,126.0,140.0,988.2,0.0,0.0,,
2025-02-04 09:00:00,-12.2,-12.1,,-12.3,,73.0,2.7,7.6,295.0,124.0,988.7,0.0,0.2,,100.0
2025-02-04 10:00:00,-12.2,-12.1,,-12.3,,75.0,1.4,3.1,234.0,257.0,988.9,0.0,0.0,,100.0
2025-02-04 11:00:00,-12.3,-12.0,,-12.5,,77.0,4.5,7.4,338.0,322.0,989.0,0.0,0.0,,100.0
2025-02-04 12:00:00,-12.0,-11.8,,-12.3,,65.0,5.0,7.7,334.0,336.0,989.0,1.0,0.0,,90.0
2025-02-04 13:00:00,-11.9,-11.8,,-12.2,,61.0,4.6,6.6,353.0,344.0,989.2,14.0,0.0,,10.0
2025-02-04 14:00:00,-12.0,-11.7,,-12.2,,57.0,3.7,6.2,55.0,42.0,989.3,65.0,0.0,,40.0
2025-02-04 15:00:00,-12.0,-11.7,,-12.2,,53.0,3.7,5.2,32.0,47.0,989.3,131.0,0.0,,40.0
2025-02-04 16:00:00,-11.5,-11.3,,-11.8,,51.0,3.6,5.1,36.0,31.0,989.2,195.0,0.0,,60.0
2025-02-04 17:00:00,-11.2,-11.1,,-11.4,,49.0,4.5,6.7,36.0,23.0,989.1,172.0,0.0,,10.0
2025-02-04 18:00:00,-11.7,-11.4,-11.1,-11.9,-12.5,59.0,3.8,5.6,52.0,57.0,989.3,99.0,0.0,,40.0
2025-02-04 19:00:00,-11.8,-11.5,,-12.1,,61.0,4.2,6.6,47.0,48.0,989.5,51.0,0.0,,40.0
2025-02-04 20:00:00,-11.9,-11.7,,-12.1,,62.0,5.5,7.9,47.0,43.0,989.5,8.0,0.0,,60.0
2025-02-04 21:00:00,-12.1,-11.9,,-12.2,,60.0,7.1,9.0,40.0,46.0,989.5,0.0,0.0,,10.0
2025-02-04 22:00:00,-12.1,-12.0,,-12.3,,57.0,7.5,9.5,46.0,46.0,989.2,0.0,0.0,,40.0
2025-02-04 23:00:00,-12.3,-12.1,,-12.5,,57.0,6.9,9.4,37.0,41.0,988.9,0.0,0.0,,60.0
2025-02-05 00:00:00,-12.4,-12.1,,-12.6,,60.0,7.3,11.1,46.0,36.0,988.3,0.0,0.0,,40.0
2025-02-05 01:00:00,-12.3,-12.2,,-12.5,,60.0,9.3,12.3,45.0,45.0,988.1,0.0,0.0,,60.0
2025-02-05 02:00:00,-12.4,-12.3,,-12.7,,60.0,9.4,11.6,48.0,47.0,987.3,0.0,0.0,,60.0
2025-02-05 03:00:00,-12.6,-12.4,,-12.8,,60.0,9.4,11.6,52.0,49.0,986.7,0.0,0.0,,60.0
2025-02-05 04:00:00,-12.9,-12.7,,-13.1,,61.0,6.5,10.1,54.0,57.0,986.0,0.0,0.0,,40.0
2025-02-05 05:00:00,-12.8,-12.5,,-13.0,,60.0,7.9,10.9,40.0,35.0,984.8,0.0,0.0,,90.0
2025-02-05 06:00:00,-13.1,-12.8,-11.5,-13.4,-13.4,60.0,6.8,10.3,52.0,50.0,984.1,0.0,0.0,0.2,60.0
2025-02-05 07:00:00,-13.1,-12.8,,-13.4,,61.0,7.1,9.9,40.0,48.0,983.0,0.0,0.0,,40.0
2025-02-05 08:00:00,-13.1,-12.8,,-13.3,,63.0,6.8,9.6,32.0,42.0,982.2,0.0,0.0,,60.0
2025-02-05 09:00:00,-13.0,-12.7,,-13.4,,66.0,6.7,9.8,31.0,25.0,981.4,0.0,0.0,,60.0
2025-02-05 10:00:00,-13.1,-12.9,,-13.5,,66.0,6.9,10.1,20.0,28.0,980.6,0.0,0.0,,10.0
2025-02-05 11:00:00,-13.2,-12.9,,-13.4,,63.0,5.7,9.7,358.0,15.0,979.8,0.0,0.0,,90.0
2025-02-05 12:00:00,-13.5,-13.1,,-13.9,,78.0,9.2,12.0,336.0,337.0,979.0,2.0,0.0,,60.0
2025-02-05 13:00:00,-14.2,-13.9,,-14.5,,75.0,9.8,11.6,333.0,332.0,978.6,24.0,0.0,,60.0
2025-02-05 14:00:00,-14.0,-13.7,,-14.3,,71.0,8.5,11.3,341.0,336.0,978.5,110.0,0.0,,60.0
2025-02-05 15:00:00,-14.2,-13.8,,-14.5,,63.0,7.9,10.1,325.0,327.0,978.5,150.0,0.0,,60.0
2025-02-05 16:00:00,-14.3,-14.1,,-14.4,,56.0,6.7,9.2,338.0,334.0,978.5,119.0,0.0,,40.0
2025-02-05 17:00:00,-14.0,-13.7,,-14.1,,52.0,5.5,8.0,358.0,336.0,978.7,144.0,0.0,,60.0
2025-02-05 18:00:00,-13.4,-13.2,-12.7,-13.7,-14.5,63.0,5.0,9.2,339.0,353.0,979.3,39.0,0.0,,100.0
2025-02-05 19:00:00,-13.3,-13.2,,-13.3,,66.0,4.0,7.0,310.0,323.0,980.1,23.0,0.0,,90.0
2025-02-05 20:00:00,-13.5,-13.3,,-13.7,,67.0,4.6,8.0,354.0,335.0,981.2,6.0,0.0,,90.0
2025-02-05 21:00:00,-13.6,-13.4,,-13.7,,68.0,4.3,6.3,359.0,352.0,982.0,0.0,0.0,,90.0
2025-02-05 22:00:00,-13.2,-13.1,,-13.4,,68.0,3.8,6.4,335.0,345.0,982.8,0.0,0.0,,
2025-02-05 23:00:00,-13.0,-12.8,,-13.2,,63.0,3.2,5.4,57.0,12.0,983.1,0.0,0.0,,60.0
2025-02-06 00:00:00,-13.1,-12.9,,-13.3,,59.0,2.5,4.8,46.0,54.0,983.2,0.0,0.0,,40.0
2025-02-06 01:00:00,-12.9,-12.7,,-13.1,,58.0,2.1,3.3,62.0,72.0,983.5,0.0,0.0,,90.0
2025-02-06 02:00:00,-12.5,-12.3,,-12.9,,58.0,1.2,2.4,153.0,110.0,983.7,0.0,0.0,,90.0
2025-02-06 03:00:00,-12.6,-12.3,,-12.9,,61.0,0.9,2.1,70.0,97.0,984.1,0.0,0.0,,90.0
2025-02-06 04:00:00,-12.6,-12.3,,-12.9,,63.0,1.2,4.6,84.0,86.0,984.1,0.0,0.0,,90.0
2025-02-06 05:00:00,-12.5,-12.3,,-12.9,,66.0,4.5,8.8,121.0,116.0,984.0,0.0,0.0,,90.0
2025-02-06 06:00:00,-12.4,-12.2,-12.2,-12.6,-13.7,71.0,7.9,12.3,129.0,133.0,983.7,0.0,0.0,0.0,90.0
2025-02-06 07:00:00,-12.3,-12.1,,-12.5,,66.0,9.9,15.6,128.0,128.0,983.7,0.0,0.0,,10.0
2025-02-06 08:00:00,-12.3,-12.2,,-12.5,,70.0,11.0,15.3,135.0,133.0,983.7,0.0,0.0,,100.0
2025-02-06 09:00:00,-12.4,-12.2,,-12.6,,65.0,13.5,20.2,132.0,135.0,984.0,0.0,0.0,,
2025-02-06 10:00:00,-12.0,-11.8,,-12.4,,62.0,13.1,19.4,125.0,125.0,985.1,0.0,0.0,,90.0
2025-02-06 11:00:00,-11.6,-11.3,,-11.9,,46.0,10.5,16.4,124.0,126.0,985.7,0.0,0.0,,90.0
2025-02-06 12:00:00,-11.4,-11.2,,-11.7,,54.0,9.0,13.0,140.0,135.0,986.2,1.0,0.0,,100.0
2025-02-06 13:00:00,-11.6,-11.4,,-12.1,,60.0,9.2,13.5,141.0,140.0,987.2,15.0,0.0,,100.0
2025-02-06 14:00:00,-11.6,-11.5,,-11.8,,71.0,8.6,14.0,134.0,133.0,987.3,35.0,0.0,,100.0
2025-02-06 15:00:00,-11.4,-11.2,,-11.7,,79.0,10.3,14.9,121.0,127.0,987.6,49.0,0.0,,60.0
2025-02-06 16:00:00,-11.3,-11.1,,-11.5,,81.0,11.3,15.8,133.0,132.0,987.8,57.0,0.0,,90.0
2025-02-06 17:00:00,-11.5,-11.2,,-11.6,,84.0,11.8,17.4,139.0,135.0,988.3,31.0,0.4,,
2025-02-06 18:00:00,-11.3,-10.8,-10.8,-11.6,-12.6,85.0,11.7,17.3,142.0,136.0,989.0,38.0,1.2,,90.0
2025-02-06 19:00:00,-10.8,-10.6,,-11.0,,76.0,10.7,15.9,135.0,137.0,990.3,21.0,0.0,,90.0
2025-02-06 20:00:00,-10.6,-10.4,,-11.1,,66.0,9.4,16.1,129.0,127.0,990.9,4.0,0.0,,
2025-02-06 21:00:00,-10.7,-10.0,,-11.3,,82.0,13.6,20.6,148.0,130.0,990.9,0.0,0.7,,60.0
2025-02-06 22:00:00,-11.0,-10.0,,-11.8,,85.0,8.5,14.4,267.0,236.0,994.0,0.0,0.0,,90.0
2025-02-06 23:00:00,-12.3,-11.7,,-12.7,,88.0,10.6,14.0,290.0,283.0,995.9,0.0,0.0,,90.0
2025-02-07 00:00:00,-12.6,-12.4,,-12.7,,80.0,7.6,12.6,334.0,307.0,997.5,0.0,0.0,,90.0
2025-02-07 01:00:00,-12.5,-12.2,,-12.8,,75.0,4.4,7.1,3.0,3.0,998.7,0.0,0.0,,90.0
2025-02-07 02:00:00,-12.0,-11.7,,-12.3,,75.0,3.4,6.8,3.0,356.0,999.6,0.0,0.0,,90.0
2025-02-07 03:00:00,-12.1,-11.7,,-12.3,,75.0,2.1,3.7,70.0,50.0,1000.6,0.0,0.0,,90.0
2025-02-07 04:00:00,-12.0,-11.7,,-12.3,,77.0,1.6,2.9,108.0,100.0,1001.6,0.0,0.0,,90.0
2025-02-07 05:00:00,-11.7,-11.3,,-12.2,,70.0,1.2,2.1,91.0,110.0,1002.2,0.0,0.0,,90.0
2025-02-07 06:00:00,-11.2,-11.1,-10.0,-11.5,-12.8,64.0,1.9,2.8,35.0,37.0,1003.0,0.0,0.0,2.3,90.0
2025-02-07 07:00:00,-11.4,-10.9,,-11.6,,78.0,1.5,2.3,96.0,81.0,1004.1,0.0,0.9,,40.0
2025-02-07 08:00:00,-11.5,-11.1,,-11.6,,87.0,1.3,2.3,66.0,68.0,1004.9,0.0,0.3,,90.0
2025-02-07 09:00:00,-10.5,-10.2,,-11.1,,72.0,4.0,8.1,161.0,106.0,1005.6,0.0,0.0,,90.0
2025-02-07 10:00:00,-10.1,-9.9,,-10.3,,65.0,3.3,13.8,266.0,240.0,1006.4,0.0,0.0,,90.0
2025-02-07 11:00:00,-10.0,-9.8,,-10.0,,56.0,3.0,6.6,257.0,261.0,1007.1,0.0,0.0,,90.0
2025-02-07 12:00:00,-10.0,-9.8,,-10.2,,62.0,1.4,3.3,25.0,117.0,1007.6,2.0,0.0,,90.0
2025-02-07 13:00:00,-10.1,-9.7,,-10.3,,60.0,2.3,4.0,52.0,52.0,1008.4,33.0,0.0,,90.0
2025-02-07 14:00:00,-9.5,-9.3,,-9.7,,53.0,2.4,3.4,58.0,54.0,1008.7,102.0,0.0,,90.0
2025-02-07 15:00:00,-9.4,-9.3,,-9.5,,50.0,2.0,3.3,40.0,50.0,1009.4,88.0,0.0,,90.0
2025-02-07 16:00:00,-9.3,-9.1,,-9.4,,47.0,1.8,3.0,19.0,43.0,1009.9,99.0,0.0,,90.0
2025-02-07 17:00:00,-9.6,-9.4,,-9.9,,49.0,4.5,6.5,47.0,43.0,1009.8,123.0,0.0,,60.0
2025-02-07 18:00:00,-9.9,-9.8,-9.1,-10.2,-11.6,53.0,5.6,9.1,70.0,66.0,1010.1,69.0,0.0,,90.0
2025-02-07 19:00:00,-9.9,-9.8,,-10.0,,54.0,5.6,8.4,51.0,56.0,1010.5,33.0,0.0,,90.0
2025-02-07 20:00:00,-10.1,-9.8,,-10.4,,54.0,6.8,10.5,50.0,54.0,1010.8,7.0,0.0,,90.0
2025-02-07 21:00:00,-10.3,-10.1,,-10.4,,52.0,8.2,10.7,56.0,52.0,1011.2,0.0,0.0,,60.0
2025-02-07 22:00:00,-10.7,-10.4,,-11.0,,51.0,8.0,10.7,53.0,54.0,1011.6,0.0,0.0,,60.0
2025-02-07 23:00:00,-10.5,-10.4,,-10.8,,49.0,8.4,11.2,48.0,47.0,1011.7,0.0,0.0,,40.0
2025-02-08 00:00:00,-10.7,-10.5,,-10.9,,50.0,8.4,10.7,46.0,46.0,1011.6,0.0,0.0,,40.0
2025-02-08 01:00:00,-10.9,-10.7,,-11.1,,51.0,7.6,10.1,38.0,41.0,1011.7,0.0,0.0,,40.0
2025-02-08 02:00:00,-11.2,-11.0,,-11.4,,50.0,7.1,10.1,34.0,35.0,1011.3,0.0,0.0,,40.0
2025-02-08 03:00:00,-11.5,-11.1,,-11.8,,53.0,7.9,10.8,37.0,35.0,1010.5,0.0,0.0,,40.0
2025-02-08 04:00:00,-11.6,-11.4,,-11.7,,54.0,8.3,12.3,38.0,37.0,1009.3,0.0,0.0,,60.0
2025-02-08 05:00:00,-11.6,-11.2,,-11.8,,54.0,9.0,12.8,34.0,35.0,1008.5,0.0,0.0,,90.0
2025-02-08 06:00:00,-11.5,-11.2,-9.8,-11.8,-11.8,51.0,8.3,11.3,37.0,32.0,1007.6,0.0,0.0,1.2,90.0
2025-02-08 07:00:00,-11.4,-11.1,,-11.8,,47.0,8.4,12.7,38.0,41.0,1006.3,0.0,0.0,,90.0
2025-02-08 08:00:00,-11.2,-10.6,,-11.6,,47.0,9.5,15.1,42.0,37.0,1005.1,0.0,0.0,,60.0
2025-02-08 09:00:00,-11.1,-10.8,,-11.4,,46.0,8.5,11.7,32.0,38.0,1003.3,0.0,0.0,,60.0
2025-02-08 10:00:00,-11.0,-10.8,,-11.4,,52.0,10.6,14.6,30.0,28.0,1000.7,0.0,0.0,,90.0
2025-02-08 11:00:00,-11.4,-11.1,,-11.6,,52.0,11.0,14.6,38.0,34.0,998.4,0.0,0.0,,60.0
2025-02-08 12:00:00,-11.1,-10.5,,-11.3,,51.0,11.9,15.3,34.0,36.0,996.2,2.0,0.0,,40.0
2025-02-08 13:00:00,-11.0,-10.8,,-11.3,,52.0,10.3,15.0,33.0,38.0,994.2,26.0,0.0,,60.0
2025-02-08 14:00:00,-10.7,-10.4,,-11.0,,54.0,11.0,14.9,30.0,28.0,991.3,52.0,0.0,,60.0
2025-02-08 15:00:00,-10.3,-10.1,,-10.6,,51.0,11.2,14.7,31.0,29.0,989.3,72.0,0.0,,90.0
2025-02-08 16:00:00,-9.8,-9.4,,-10.1,,46.0,9.9,14.1,26.0,28.0,988.2,86.0,0.0,,90.0
2025-02-08 17:00:00,-9.3,-9.1,,-9.5,,46.0,8.1,13.0,26.0,25.0,986.9,72.0,0.0,,60.0
2025-02-08 18:00:00,-8.8,-8.5,-8.5,-9.3,-11.8,46.0,5.5,8.6,20.0,30.0,986.4,42.0,0.0,,90.0
2025-02-08 19:00:00,-8.3,-7.9,,-8.7,,49.0,4.2,8.1,30.0,27.0,986.0,39.0,0.0,,40.0
2025-02-08 20:00:00,-7.9,-7.6,,-8.2,,52.0,4.3,9.2,18.0,31.0,986.0,7.0,0.0,,90.0
2025-02-08 21:00:00,-7.3,-6.9,,-7.7,,57.0,5.9,10.1,12.0,15.0,985.6,0.0,0.0,,100.0
2025-02-08 22:00:00,-6.9,-6.5,,-7.3,,62.0,8.1,10.3,8.0,11.0,985.4,0.0,0.0,,100.0
2025-02-08 23:00:00,-6.5,-6.1,,-6.7,,68.0,8.0,11.1,3.0,6.0,985.3,0.0,0.0,,90.0
2025-02-09 00:00:00,-6.0,-5.8,,-6.4,,74.0,5.9,8.3,356.0,0.0,985.3,0.0,0.0,,90.0
2025-02-09 01:00:00,-6.1,-5.7,,-6.4,,79.0,5.0,6.7,358.0,355.0,985.4,0.0,0.0,,90.0
2025-02-09 02:00:00,-5.9,-5.5,,-6.2,,79.0,3.1,4.7,345.0,356.0,985.3,0.0,0.0,,90.0
2025-02-09 03:00:00,-5.3,-5.2,,-5.5,,79.0,3.1,4.4,360.0,352.0,985.3,0.0,0.0,,90.0
2025-02-09 04:00:00,-4.8,-4.6,,-5.2,,79.0,3.8,5.0,354.0,352.0,985.2,0.0,0.0,,90.0
2025-02-09 05:00:00,-4.4,-4.0,,-4.7,,83.0,2.8,4.5,42.0,23.0,985.1,0.0,0.0,,90.0
2025-02-09 06:00:00,-3.7,-3.5,-3.5,-4.3,-8.7,87.0,5.3,8.7,22.0,25.0,984.8,0.0,0.0,0.0,90.0
2025-02-09 07:00:00,-3.5,-3.3,,-3.7,,83.0,5.3,8.5,42.0,27.0,985.2,0.0,0.2,,90.0
2025-02-09 08:00:00,-3.0,-2.5,,-3.7,,75.0,3.5,6.6,29.0,30.0,985.5,0.0,0.0,,90.0
2025-02-09 09:00:00,-3.0,-2.7,,-3.3,,75.0,3.6,5.8,29.0,33.0,985.8,0.0,0.0,,
2025-02-09 10:00:00,-3.2,-2.5,,-3.9,,85.0,5.5,7.7,351.0,5.0,986.5,0.0,0.2,,90.0
2025-02-09 11:00:00,-3.6,-3.3,,-3.8,,91.0,5.1,7.2,353.0,349.0,987.0,0.0,0.0,,90.0
2025-02-09 12:00:00,-3.7,-3.1,,-4.3,,88.0,5.4,7.4,340.0,354.0,987.5,2.0,0.0,,90.0
2025-02-09 13:00:00,-4.5,-4.2,,-4.8,,88.0,6.0,8.3,327.0,333.0,988.4,29.0,0.0,,60.0
2025-02-09 14:00:00,-5.3,-4.7,,-5.5,,92.0,6.3,8.1,316.0,318.0,988.9,85.0,0.0,,60.0
2025-02-09 15:00:00,-5.7,-5.4,,-5.8,,94.0,7.3,9.8,304.0,308.0,989.7,104.0,0.0,,60.0
2025-02-09 16:00:00,-5.7,-5.6,,-5.9,,95.0,7.2,9.7,297.0,300.0,990.8,89.0,0.0,,100.0
2025-02-09 17:00:00,-6.1,-5.6,,-6.8,,94.0,8.0,11.1,299.0,300.0,992.3,77.0,0.0,,100.0
2025-02-09 18:00:00,-7.0,-6.7,-2.5,-7.4,-7.4,93.0,8.3,11.5,298.0,299.0,993.7,62.0,0.0,,100.0
2025-02-09 19:00:00,-7.5,-7.3,,-7.7,,93.0,8.3,11.1,294.0,296.0,995.1,26.0,0.0,,100.0
2025-02-09 20:00:00,-7.8,-7.6,,-7.9,,93.0,7.6,10.6,294.0,296.0,997.0,6.0,0.0,,100.0
2025-02-09 21:00:00,-7.9,-7.8,,-8.0,,93.0,6.4,9.0,299.0,299.0,998.5,0.0,0.0,,100.0
2025-02-09 22:00:00,-7.8,-7.6,,-8.0,,93.0,5.3,7.2,312.0,303.0,999.5,0.0,0.0,,100.0
2025-02-09 23:00:00,-7.6,-7.5,,-7.7,,94.0,4.5,6.2,311.0,310.0,1000.4,0.0,0.0,,100.0
2025-02-10 00:00:00,-7.5,-7.4,,-7.6,,94.0,3.6,5.1,303.0,308.0,1001.8,0.0,0.0,,100.0
2025-02-10 01:00:00,-7.4,-7.3,,-7.5,,94.0,2.8,3.8,287.0,289.0,1002.7,0.0,0.0,,90.0
2025-02-10 02:00:00,-7.4,-7.3,,-7.4,,94.0,2.3,3.5,285.0,290.0,1003.8,0.0,1.0,,90.0
2025-02-10 03:00:00,-7.5,-7.4,,-7.6,,93.0,2.3,3.1,266.0,271.0,1004.9,0.0,0.8,,90.0
2025-02-10 04:00:00,-7.5,-7.3,,-7.6,,93.0,1.8,2.6,313.0,283.0,1004.8,0.0,0.2,,90.0
2025-02-10 05:00:00,-6.9,-6.3,,-7.3,,94.0,1.1,2.9,190.0,253.0,1005.0,0.0,0.1,,90.0
2025-02-10 06:00:00,-3.9,-3.4,-3.4,-6.3,-8.0,94.0,6.9,10.6,150.0,150.0,1005.1,0.0,0.3,2.8,100.0
2025-02-10 07:00:00,-3.5,-3.4,,-3.6,,85.0,4.7,8.5,137.0,139.0,1005.2,0.0,0.0,,90.0
2025-02-10 08:00:00,-3.0,-2.0,,-3.9,,71.0,4.2,9.2,97.0,53.0,1005.2,0.0,0.0,,100.0
2025-02-10 09:00:00,-2.9,-1.9,,-4.7,,71.0,11.7,25.4,134.0,125.0,1005.2,0.0,0.9,,90.0
2025-02-10 10:00:00,-5.0,-4.7,,-5.4,,88.0,19.7,28.8,137.0,135.0,1005.9,0.0,2.7,,90.0
2025-02-10 11:00:00,-5.4,-5.3,,-5.6,,77.0,18.9,26.5,149.0,143.0,1007.8,0.0,2.3,,90.0
2025-02-10 12:00:00,-5.7,-5.5,,-5.9,,75.0,15.0,23.4,161.0,156.0,1010.2,4.0,0.0,,90.0
2025-02-10 13:00:00,-5.6,-5.5,,-5.9,,83.0,10.6,17.1,137.0,149.0,1010.9,25.0,0.0,,90.0
2025-02-10 14:00:00,-5.4,-5.1,,-5.8,,80.0,8.6,14.6,126.0,132.0,1011.9,45.0,0.0,,90.0
2025-02-10 15:00:00,-5.6,-5.3,,-6.0,,86.0,5.9,8.8,134.0,139.0,1012.4,51.0,0.3,,
2025-02-10 16:00:00,-5.6,-5.1,,-6.0,,93.0,4.2,7.4,133.0,140.0,1012.6,51.0,1.6,,60.0
2025-02-10 17:00:00,-5.1,-4.7,,-5.2,,92.0,3.6,6.2,143.0,145.0,1012.5,60.0,1.0,,40.0
2025-02-10 18:00:00,-4.9,-4.7,-1.9,-5.1,-6.0,89.0,2.4,5.9,43.0,98.0,1012.6,64.0,0.0,,60.0
2025-02-10 19:00:00,-5.2,-5.0,,-5.4,,91.0,3.4,5.6,345.0,0.0,1012.4,49.0,0.0,,90.0
2025-02-10 20:00:00,-5.2,-5.0,,-5.6,,91.0,5.2,7.4,352.0,356.0,1012.1,11.0,0.0,,90.0
2025-02-10 21:00:00,-4.9,-4.5,,-5.3,,81.0,5.9,8.5,23.0,5.0,1011.7,0.0,0.0,,90.0
2025-02-10 22:00:00,-3.9,-3.6,,-4.7,,60.0,7.3,11.6,28.0,24.0,1011.1,0.0,0.0,,90.0
2025-02-10 23:00:00,-3.7,-3.5,,-4.2,,54.0,8.8,12.7,15.0,11.0,1010.2,0.0,0.0,,90.0
2025-02-11 00:00:00,-3.6,-3.4,,-3.8,,46.0,5.6,9.7,6.0,357.0,1009.3,0.0,0.0,,90.0
2025-02-11 01:00:00,-3.2,-2.9,,-3.7,,41.0,6.9,11.9,38.0,29.0,1008.4,0.0,0.0,,90.0
2025-02-11 02:00:00,-2.8,-2.4,,-3.1,,37.0,8.2,13.6,46.0,37.0,1008.0,0.0,0.0,,90.0
2025-02-11 03:00:00,-2.4,-2.2,,-2.7,,37.0,7.3,11.1,37.0,40.0,1006.9,0.0,0.0,,90.0
2025-02-11 04:00:00,-2.3,-2.0,,-2.6,,37.0,5.9,10.0,34.0,40.0,1006.3,0.0,0.0,,90.0
2025-02-11 05:00:00,-2.3,-1.6,,-2.6,,39.0,7.6,11.3,37.0,34.0,1005.0,0.0,0.0,,90.0
2025-02-11 06:00:00,-2.2,-1.8,-1.6,-2.5,-5.6,40.0,8.7,12.9,39.0,37.0,1003.9,0.0,0.0,8.8,90.0
2025-02-11 07:00:00,-2.2,-2.0,,-2.4,,41.0,8.0,11.2,37.0,38.0,1003.0,0.0,0.0,,90.0
2025-02-11 08:00:00,-2.2,-1.9,,-2.5,,47.0,7.6,10.7,21.0,14.0,1001.6,0.0,0.0,,90.0
2025-02-11 09:00:00,-2.1,-1.8,,-2.4,,48.0,8.1,10.9,358.0,6.0,1000.5,0.0,0.0,,90.0
2025-02-11 10:00:00,-2.0,-1.8,,-2.1,,54.0,9.1,10.9,11.0,9.0,999.4,0.0,0.0,,90.0
2025-02-11 11:00:00,-1.6,-1.3,,-1.9,,55.0,7.8,10.6,15.0,18.0,998.3,0.0,0.0,,90.0
2025-02-11 12:00:00,-1.1,-0.9,,-1.6,,53.0,9.1,12.7,22.0,24.0,996.3,2.0,0.0,,90.0
2025-02-11 13:00:00,-0.1,1.3,,-1.0,,57.0,12.1,20.1,53.0,24.0,994.3,15.0,0.0,,90.0
2025-02-11 14:00:00,1.4,1.9,,0.8,,63.0,10.7,18.7,43.0,46.0,993.5,14.0,0.0,,100.0
2025-02-11 15:00:00,0.6,1.5,,0.2,,77.0,10.6,16.2,31.0,37.0,991.9,25.0,0.0,,90.0
2025-02-11 16:00:00,1.3,1.8,,0.8,,71.0,9.7,13.0,15.0,25.0,990.6,40.0,0.0,,90.0
2025-02-11 17:00:00,1.3,2.4,,0.7,,67.0,10.1,12.9,5.0,7.0,989.5,61.0,0.0,,90.0
2025-02-11 18:00:00,2.3,7.7,7.7,1.0,-2.5,56.0,9.9,18.4,49.0,23.0,987.6,54.0,0.0,,90.0
2025-02-11 19:00:00,8.9,9.9,,6.3,,32.0,13.2,23.7,74.0,72.0,987.8,43.0,0.0,,90.0
2025-02-11 20:00:00,9.5,10.0,,8.9,,30.0,15.3,32.4,76.0,76.0,988.4,24.0,0.0,,90.0
2025-02-11 21:00:00,8.4,9.6,,7.9,,35.0,15.9,30.1,82.0,75.0,989.5,0.0,0.0,,90.0
2025-02-11 22:00:00,8.5,8.9,,8.1,,34.0,12.5,24.4,98.0,91.0,991.2,0.0,0.0,,100.0
2025-02-11 23:00:00,8.3,8.5,,8.1,,33.0,14.2,25.5,83.0,78.0,991.8,0.0,0.0,,90.0
2025-02-12 00:00:00,8.0,8.3,,7.7,,34.0,14.6,23.4,73.0,78.0,991.1,0.0,0.0,,90.0
2025-02-12 01:00:00,7.9,8.4,,7.6,,34.0,14.9,24.8,72.0,69.0,991.0,0.0,0.0,,90.0
2025-02-12 02:00:00,8.2,8.5,,7.8,,33.0,14.6,23.0,70.0,66.0,991.2,0.0,0.0,,90.0
2025-02-12 03:00:00,8.5,9.4,,8.0,,32.0,15.0,28.7,87.0,76.0,992.2,0.0,0.0,,90.0
2025-02-12 04:00:00,9.1,9.5,,8.6,,30.0,12.5,28.3,77.0,82.0,993.4,0.0,0.0,,90.0
2025-02-12 05:00:00,8.4,9.1,,7.7,,31.0,13.7,25.0,80.0,75.0,993.7,0.0,0.0,,90.0
2025-02-12 06:00:00,8.5,9.0,10.0,8.2,6.6,29.0,14.4,30.8,78.0,75.0,993.4,0.0,0.1,0.1,90.0
2025-02-12 07:00:00,8.4,8.9,,7.7,,28.0,11.3,26.2,59.0,60.0,995.0,0.0,0.0,,90.0
2025-02-12 08:00:00,8.1,8.9,,7.5,,28.0,10.3,27.8,69.0,52.0,995.3,0.0,0.0,,90.0
2025-02-12 09:00:00,8.2,8.8,,7.2,,27.0,11.9,20.9,59.0,74.0,995.8,0.0,0.0,,90.0
2025-02-12 10:00:00,7.7,8.2,,7.1,,28.0,13.7,23.7,82.0,72.0,995.8,0.0,0.0,,90.0
2025-02-12 11:00:00,7.6,8.0,,7.3,,28.0,12.6,25.3,89.0,87.0,996.4,0.0,0.0,,90.0
2025-02-12 12:00:00,8.1,8.5,,7.6,,26.0,13.7,25.9,70.0,81.0,996.6,4.0,0.0,,90.0
2025-02-12 13:00:00,8.1,8.9,,7.3,,26.0,13.3,22.2,53.0,67.0,996.8,20.0,0.0,,90.0
2025-02-12 14:00:00,8.0,8.9,,7.4,,26.0,11.4,17.6,48.0,51.0,996.9,32.0,0.0,,90.0
2025-02-12 15:00:00,7.4,8.8,,6.5,,27.0,13.7,22.0,44.0,44.0,996.3,56.0,0.0,,60.0
2025-02-12 16:00:00,7.0,7.3,,6.6,,28.0,15.1,21.5,54.0,52.0,995.7,83.0,0.0,,40.0
2025-02-12 17:00:00,7.7,8.6,,7.2,,26.0,11.1,17.6,58.0,54.0,996.7,61.0,0.0,,90.0
2025-02-12 18:00:00,8.5,9.0,9.0,8.0,6.5,24.0,11.2,22.0,68.0,66.0,996.6,39.0,0.0,,90.0
2025-02-12 19:00:00,8.8,9.6,,8.4,,23.0,8.8,21.7,77.0,70.0,998.0,24.0,0.0,,90.0
2025-02-12 20:00:00,9.5,10.0,,8.8,,21.0,12.5,25.7,85.0,78.0,997.9,6.0,0.0,,90.0
2025-02-12 21:00:00,9.9,10.4,,9.0,,20.0,11.8,23.0,91.0,83.0,999.5,1.0,0.0,,90.0
2025-02-12 22:00:00,5.7,10.1,,2.6,,41.0,4.4,11.1,117.0,147.0,1000.8,0.0,0.0,,90.0
2025-02-12 23:00:00,3.4,3.9,,2.9,,52.0,2.4,5.6,221.0,218.0,1001.5,0.0,0.0,,90.0
2025-02-13 00:00:00,3.0,3.7,,2.2,,54.0,1.3,4.0,127.0,224.0,1001.8,0.0,0.0,,90.0
2025-02-13 01:00:00,5.5,8.3,,2.1,,39.0,7.3,24.8,86.0,104.0,1000.8,0.0,0.0,,90.0
2025-02-13 02:00:00,8.1,8.5,,7.6,,26.0,16.5,28.1,79.0,84.0,1000.9,0.0,0.0,,90.0
2025-02-13 03:00:00,7.4,7.8,,7.0,,26.0,13.1,29.7,85.0,88.0,1003.5,0.0,0.0,,60.0
2025-02-13 04:00:00,5.4,7.5,,2.3,,41.0,9.0,20.2,148.0,123.0,1006.0,0.0,0.0,,90.0
2025-02-13 05:00:00,2.5,2.9,,2.3,,60.0,9.2,15.1,147.0,148.0,1006.4,0.0,0.0,,90.0
2025-02-13 06:00:00,1.8,2.6,10.4,0.7,0.7,62.0,4.5,10.6,228.0,201.0,1007.8,0.0,0.0,0.0,90.0
2025-02-13 07:00:00,1.6,2.1,,0.6,,63.0,2.4,9.8,325.0,221.0,1008.5,0.0,0.0,,90.0
2025-02-13 08:00:00,0.5,1.3,,0.0,,70.0,2.9,5.3,341.0,318.0,1008.2,0.0,0.0,,90.0
2025-02-13 09:00:00,0.8,1.4,,0.2,,68.0,2.2,5.2,17.0,1.0,1008.3,0.0,0.0,,90.0
2025-02-13 10:00:00,0.1,0.6,,-0.2,,74.0,4.0,6.6,336.0,355.0,1008.0,0.0,0.0,,90.0
2025-02-13 11:00:00,-0.1,0.0,,-0.4,,73.0,3.6,6.3,356.0,343.0,1007.1,0.0,0.0,,90.0
2025-02-13 12:00:00,0.0,0.2,,-0.3,,69.0,6.9,10.0,357.0,354.0,1006.5,4.0,0.0,,90.0
2025-02-13 13:00:00,1.2,3.6,,-0.3,,61.0,7.2,10.4,20.0,4.0,1006.2,23.0,0.0,,90.0
2025-02-13 14:00:00,2.8,4.4,,1.8,,50.0,5.3,7.1,3.0,358.0,1005.5,31.0,0.0,,90.0
2025-02-13 15:00:00,3.1,5.1,,2.2,,47.0,6.3,9.3,41.0,21.0,1004.1,42.0,0.0,,90.0
2025-02-13 16:00:00,2.7,4.6,,1.9,,48.0,6.3,9.4,28.0,11.0,1003.5,48.0,0.0,,60.0
2025-02-13 17:00:00,6.7,8.4,,2.5,,29.0,10.9,24.9,59.0,46.0,1001.7,105.0,0.0,,60.0
2025-02-13 18:00:00,7.1,7.6,8.4,6.5,-0.4,25.0,11.7,20.6,45.0,49.0,1000.6,103.0,0.0,,90.0
2025-02-13 19:00:00,7.4,8.2,,6.7,,27.0,4.0,14.2,331.0,94.0,1001.2,60.0,0.0,,90.0
2025-02-13 20:00:00,7.8,8.3,,7.5,,27.0,6.2,15.6,112.0,84.0,1002.1,18.0,0.0,,90.0
2025-02-13 21:00:00,3.5,8.4,,0.8,,57.0,14.0,21.7,141.0,137.0,1005.0,0.0,0.0,,90.0
2025-02-13 22:00:00,1.9,3.1,,0.8,,68.0,21.0,36.6,138.0,139.0,1007.1,0.0,0.0,,90.0
2025-02-13 23:00:00,-0.8,1.7,,-1.6,,87.0,26.9,36.6,141.0,139.0,1010.6,0.0,0.0,,100.0
2025-02-14 00:00:00,-1.7,-1.5,,-1.8,,92.0,19.3,32.3,145.0,144.0,1016.2,0.0,0.0,,90.0
2025-02-14 01:00:00,-1.5,-1.2,,-1.8,,88.0,12.4,19.3,145.0,141.0,1018.1,0.0,0.0,,90.0
2025-02-14 02:00:00,-1.6,-1.6,,-1.7,,88.0,10.3,15.3,137.0,140.0,1019.5,0.0,0.0,,90.0
2025-02-14 03:00:00,-1.6,-1.5,,-1.7,,86.0,9.7,15.2,134.0,135.0,1020.3,0.0,0.0,,90.0
2025-02-14 04:00:00,-1.6,-1.5,,-1.7,,83.0,11.2,16.9,135.0,136.0,1021.2,0.0,0.0,,90.0
2025-02-14 05:00:00,-1.6,-1.5,,-1.7,,82.0,11.5,16.6,137.0,135.0,1021.7,0.0,0.0,,90.0
2025-02-14 06:00:00,-1.4,-1.1,8.4,-1.7,-1.8,77.0,12.4,17.8,137.0,139.0,1021.8,0.0,0.0,0.0,90.0
2025-02-14 07:00:00,-1.4,-1.3,,-1.5,,75.0,14.9,21.8,136.0,136.0,1022.1,0.0,0.0,,
2025-02-14 08:00:00,-1.3,-1.1,,-1.6,,73.0,14.7,20.8,135.0,134.0,1022.2,0.0,0.0,,90.0
2025-02-14 09:00:00,-1.0,-0.9,,-1.2,,66.0,14.4,20.1,136.0,135.0,1022.9,0.0,0.0,,90.0
2025-02-14 10:00:00,-1.1,-0.9,,-1.3,,65.0,12.3,18.4,140.0,138.0,1023.9,0.0,0.0,,90.0
2025-02-14 11:00:00,-1.3,-1.1,,-1.5,,68.0,9.6,14.1,146.0,143.0,1024.0,0.0,0.0,,90.0
2025-02-14 12:00:00,-1.2,-1.1,,-1.3,,67.0,8.2,12.9,135.0,138.0,1024.7,5.0,0.0,,40.0
2025-02-14 13:00:00,-1.3,-1.1,,-1.3,,68.0,5.2,8.6,140.0,136.0,1025.1,36.0,0.0,,90.0
2025-02-14 14:00:00,-1.5,-1.0,,-2.4,,73.0,3.7,6.6,2.0,75.0,1024.8,108.0,0.0,,40.0
2025-02-14 15:00:00,-2.5,-2.4,,-2.7,,82.0,4.7,6.4,353.0,353.0,1023.7,164.0,0.0,,10.0
2025-02-14 16:00:00,-2.7,-2.6,,-2.9,,85.0,5.1,7.0,339.0,347.0,1022.3,181.0,0.0,,60.0
2025-02-14 17:00:00,-2.5,-1.6,,-2.8,,82.0,6.6,9.0,14.0,353.0,1021.2,152.0,0.0,,40.0
2025-02-14 18:00:00,-1.5,-1.3,-0.9,-1.7,-2.9,68.0,8.4,11.3,13.0,24.0,1020.1,79.0,0.0,,40.0
2025-02-14 19:00:00,-1.4,-0.9,,-2.0,,69.0,8.3,11.3,350.0,5.0,1019.7,48.0,0.0,,40.0
2025-02-14 20:00:00,-1.5,-0.7,,-2.1,,70.0,7.8,11.6,359.0,360.0,1018.9,17.0,0.0,,40.0
2025-02-14 21:00:00,-1.3,-1.0,,-1.6,,69.0,9.3,12.6,358.0,6.0,1018.2,1.0,0.0,,90.0
2025-02-14 22:00:00,-1.1,-0.4,,-2.1,,67.0,9.2,12.1,12.0,4.0,1017.5,0.0,0.0,,90.0
2025-02-14 23:00:00,-0.5,0.7,,-1.6,,64.0,9.8,13.5,18.0,2.0,1016.5,0.0,0.0,,90.0
2025-02-15 00:00:00,0.0,1.3,,-0.5,,64.0,10.1,13.7,25.0,16.0,1015.4,0.0,0.0,,90.0
2025-02-15 01:00:00,1.8,2.5,,1.2,,52.0,11.5,15.2,25.0,26.0,1014.3,0.0,0.0,,90.0
2025-02-15 02:00:00,3.3,4.2,,2.2,,40.0,11.2,16.4,46.0,40.0,1013.5,0.0,0.0,,90.0
2025-02-15 03:00:00,4.1,4.5,,3.2,,34.0,10.7,18.2,55.0,52.0,1012.5,0.0,0.0,,90.0
2025-02-15 04:00:00,4.0,4.4,,3.6,,31.0,7.1,16.5,65.0,65.0,1012.2,0.0,0.0,,90.0
2025-02-15 05:00:00,3.1,4.1,,1.8,,36.0,4.0,8.8,71.0,76.0,1011.7,0.0,0.0,,100.0
2025-02-15 06:00:00,1.0,3.4,4.5,-0.2,-2.1,52.0,4.0,7.2,114.0,79.0,1011.6,0.0,0.0,0.0,90.0
2025-02-15 07:00:00,1.8,2.9,,1.4,,43.0,1.9,5.5,230.0,182.0,1011.2,0.0,0.0,,100.0
2025-02-15 08:00:00,1.5,2.2,,0.6,,43.0,1.2,4.2,177.0,135.0,1011.2,0.0,0.0,,90.0
2025-02-15 09:00:00,0.9,1.6,,0.1,,49.0,3.2,6.2,10.0,356.0,1010.9,0.0,0.0,,100.0
2025-02-15 10:00:00,1.3,2.1,,-0.5,,48.0,5.5,8.9,17.0,26.0,1010.3,0.0,0.0,,90.0
2025-02-15 11:00:00,3.0,3.6,,1.8,,38.0,8.3,12.0,24.0,23.0,1009.8,0.0,0.0,,90.0
2025-02-15 12:00:00,4.0,4.6,,3.3,,32.0,8.2,13.3,57.0,44.0,1009.1,5.0,0.0,,90.0
2025-02-15 13:00:00,4.4,5.0,,3.4,,30.0,8.8,16.7,72.0,58.0,1008.4,34.0,0.0,,60.0
2025-02-15 14:00:00,4.1,4.7,,3.5,,32.0,8.8,15.6,47.0,50.0,1008.0,88.0,0.0,,40.0
2025-02-15 15:00:00,4.5,5.3,,3.8,,31.0,4.8,13.8,28.0,46.0,1008.2,98.0,0.0,,10.0
2025-02-15 16:00:00,4.6,5.1,,4.0,,31.0,9.1,16.4,33.0,35.0,1007.4,89.0,0.0,,40.0
2025-02-15 17:00:00,4.8,5.4,,4.1,,32.0,7.3,12.7,43.0,42.0,1006.7,139.0,0.0,,10.0
2025-02-15 18:00:00,4.4,4.8,5.4,3.9,-0.5,35.0,11.2,16.6,39.0,35.0,1005.1,123.0,0.0,,10.0
2025-02-15 19:00:00,4.9,5.6,,4.2,,34.0,13.1,17.7,37.0,46.0,1005.4,54.0,0.0,,10.0
2025-02-15 20:00:00,5.6,6.7,,4.6,,32.0,12.4,21.5,49.0,28.0,1003.7,13.0,0.0,,60.0
2025-02-15 21:00:00,5.6,6.6,,3.8,,33.0,8.9,19.2,287.0,1.0,1004.9,0.0,0.0,,90.0
2025-02-15 22:00:00,6.4,7.3,,5.4,,32.0,3.9,9.0,349.0,1.0,1004.9,0.0,0.0,,90.0
2025-02-15 23:00:00,7.6,9.0,,5.4,,30.0,6.6,13.8,86.0,55.0,1004.8,0.0,0.0,,90.0
2025-02-16 00:00:00,8.7,9.9,,7.7,,28.0,8.1,13.3,31.0,53.0,1005.2,0.0,0.0,,90.0
2025-02-16 01:00:00,4.6,7.9,,2.7,,47.0,10.5,16.4,5.0,5.0,1005.3,0.0,0.0,,90.0
2025-02-16 02:00:00,5.5,9.4,,2.1,,44.0,10.2,19.8,44.0,10.0,1004.2,0.0,0.0,,90.0
2025-02-16 03:00:00,10.0,10.8,,9.0,,24.0,10.2,18.5,49.0,54.0,1005.6,0.0,0.0,,90.0
2025-02-16 04:00:00,8.5,10.2,,6.5,,30.0,9.1,13.5,348.0,23.0,1006.0,0.0,0.0,,90.0
2025-02-16 05:00:00,7.7,8.5,,6.4,,32.0,8.5,15.2,350.0,346.0,1005.5,0.0,0.0,,90.0
2025-02-16 06:00:00,7.0,7.8,10.8,5.5,2.1,35.0,9.6,13.8,24.0,15.0,1006.7,0.0,0.0,0.0,100.0
2025-02-16 07:00:00,6.5,8.1,,4.0,,37.0,10.2,15.1,12.0,28.0,1005.9,0.0,0.0,,90.0
2025-02-16 08:00:00,6.4,8.0,,4.0,,37.0,10.8,17.7,41.0,21.0,1005.0,0.0,0.0,,60.0
2025-02-16 09:00:00,6.7,7.6,,5.7,,33.0,13.0,20.2,35.0,37.0,1004.6,0.0,0.0,,60.0
2025-02-16 10:00:00,6.9,7.5,,6.3,,31.0,14.0,20.6,55.0,41.0,1003.3,0.0,0.0,,90.0
2025-02-16 11:00:00,6.8,7.6,,6.0,,32.0,14.7,22.1,41.0,48.0,1003.5,0.0,0.0,,90.0
2025-02-16 12:00:00,6.5,7.1,,5.8,,33.0,10.9,18.1,81.0,55.0,1004.4,6.0,0.0,,10.0
2025-02-16 13:00:00,6.8,8.2,,6.0,,33.0,6.6,14.2,69.0,48.0,1005.7,26.0,0.0,,10.0
2025-02-16 14:00:00,8.2,8.8,,7.6,,29.0,7.7,14.9,43.0,59.0,1004.7,52.0,0.0,,40.0
2025-02-16 15:00:00,7.7,8.6,,7.2,,31.0,10.4,17.2,37.0,43.0,1005.1,73.0,0.0,,40.0
2025-02-16 16:00:00,8.0,8.8,,7.2,,30.0,6.9,14.0,35.0,44.0,1005.7,102.0,0.0,,10.0
2025-02-16 17:00:00,7.6,8.4,,6.8,,32.0,7.5,15.2,40.0,42.0,1006.2,125.0,0.0,,10.0
2025-02-16 18:00:00,7.4,7.9,8.8,6.8,4.0,33.0,6.7,10.8,40.0,42.0,1006.5,93.0,0.0,,10.0
2025-02-16 19:00:00,7.3,7.9,,6.8,,34.0,7.7,13.6,45.0,45.0,1007.3,53.0,0.0,,10.0
2025-02-16 20:00:00,7.5,7.9,,6.9,,34.0,7.3,13.2,49.0,51.0,1008.2,17.0,0.0,,10.0
2025-02-16 21:00:00,7.4,7.7,,7.1,,34.0,7.8,13.1,55.0,49.0,1008.7,2.0,0.0,,90.0
2025-02-16 22:00:00,7.3,8.0,,6.7,,35.0,8.6,15.3,57.0,53.0,1008.8,0.0,0.0,,90.0
2025-02-16 23:00:00,7.7,8.2,,6.9,,32.0,10.1,16.2,47.0,47.0,1008.3,0.0,0.0,,100.0
2025-02-17 00:00:00,7.5,8.0,,7.0,,32.0,12.5,18.1,43.0,45.0,1008.3,0.0,0.0,,90.0
2025-02-17 01:00:00,7.1,7.6,,6.7,,33.0,11.8,18.1,54.0,49.0,1010.2,0.0,0.0,,90.0
2025-02-17 02:00:00,6.8,7.1,,6.5,,33.0,7.8,14.0,71.0,64.0,1010.5,0.0,0.0,,90.0
2025-02-17 03:00:00,6.3,6.9,,5.7,,35.0,8.8,14.0,58.0,53.0,1010.5,0.0,0.0,,90.0
2025-02-17 04:00:00,5.8,6.3,,5.2,,33.0,9.1,16.6,76.0,63.0,1010.4,0.0,0.0,,90.0
2025-02-17 05:00:00,5.3,6.0,,4.4,,32.0,9.4,16.9,63.0,56.0,1010.6,0.0,0.0,,90.0
2025-02-17 06:00:00,4.9,5.6,8.2,4.2,4.2,30.0,10.2,16.5,34.0,45.0,1009.6,0.0,0.0,0.0,90.0
2025-02-17 07:00:00,4.9,5.3,,4.2,,28.0,11.6,18.3,45.0,49.0,1009.9,0.0,0.0,,90.0
2025-02-17 08:00:00,5.1,5.6,,4.7,,30.0,4.2,11.1,79.0,55.0,1010.7,0.0,0.0,,90.0
2025-02-17 09:00:00,3.4,5.2,,1.0,,43.0,2.7,5.4,101.0,91.0,1011.4,0.0,0.0,,90.0
2025-02-17 10:00:00,2.8,4.7,,1.3,,44.0,1.0,2.8,72.0,61.0,1011.0,0.0,0.0,,60.0
2025-02-17 11:00:00,4.3,4.9,,2.7,,34.0,4.7,7.9,82.0,58.0,1011.1,0.0,0.0,,90.0
2025-02-17 12:00:00,3.1,4.7,,1.7,,41.0,1.8,5.5,86.0,169.0,1011.3,8.0,0.0,,40.0
2025-02-17 13:00:00,4.3,4.8,,3.9,,35.0,3.6,7.8,51.0,33.0,1011.8,40.0,0.0,,10.0
2025-02-17 14:00:00,4.3,5.1,,3.6,,37.0,4.4,10.9,50.0,41.0,1011.0,89.0,0.0,,10.0
2025-02-17 15:00:00,4.5,5.3,,3.9,,39.0,4.2,11.8,77.0,37.0,1012.0,131.0,0.0,,10.0
2025-02-17 16:00:00,5.1,6.2,,4.1,,37.0,2.8,8.1,8.0,54.0,1011.8,158.0,0.0,,10.0
2025-02-17 17:00:00,3.3,4.8,,2.4,,49.0,5.6,8.1,27.0,12.0,1011.8,157.0,0.0,,10.0
2025-02-17 18:00:00,3.4,5.2,6.2,2.5,1.0,50.0,5.8,7.9,11.0,13.0,1012.2,125.0,0.0,,10.0
2025-02-17 19:00:00,3.7,4.9,,2.8,,47.0,5.1,7.4,20.0,23.0,1012.1,80.0,0.0,,60.0
2025-02-17 20:00:00,4.9,5.6,,3.6,,38.0,3.1,6.1,34.0,43.0,1012.2,27.0,0.0,,60.0
2025-02-17 21:00:00,4.1,5.0,,2.7,,43.0,1.1,3.4,20.0,58.0,1012.4,2.0,0.0,,90.0
2025-02-17 22:00:00,1.6,3.7,,0.9,,58.0,4.9,6.9,12.0,8.0,1012.2,0.0,0.0,,90.0
2025-02-17 23:00:00,1.0,1.5,,0.4,,63.0,6.2,9.1,15.0,8.0,1011.3,0.0,0.0,,90.0
2025-02-18 00:00:00,0.4,1.0,,-0.3,,66.0,7.4,9.8,10.0,6.0,1010.3,0.0,0.0,,60.0
2025-02-18 01:00:00,0.7,1.3,,0.2,,65.0,8.2,11.4,1.0,4.0,1009.5,0.0,0.0,,90.0
2025-02-18 02:00:00,0.5,1.1,,-0.4,,63.0,7.9,9.8,357.0,353.0,1008.5,0.0,0.0,,90.0
2025-02-18 03:00:00,1.0,1.4,,0.6,,60.0,9.1,11.4,7.0,8.0,1007.3,0.0,0.0,,60.0
2025-02-18 04:00:00,1.0,2.1,,0.4,,57.0,9.8,13.0,5.0,11.0,1005.9,0.0,0.0,,90.0
2025-02-18 05:00:00,0.9,1.9,,-0.6,,55.0,9.8,14.0,345.0,359.0,1004.9,0.0,0.0,,60.0
2025-02-18 06:00:00,1.2,1.8,5.6,0.6,-0.6,51.0,9.0,13.2,13.0,9.0,1003.7,0.0,0.0,0.0,90.0
2025-02-18 07:00:00,1.1,1.7,,0.6,,50.0,9.6,13.3,2.0,2.0,1002.6,0.0,0.0,,90.0
2025-02-18 08:00:00,1.2,1.8,,0.6,,47.0,10.0,14.4,7.0,2.0,1001.3,0.0,0.0,,60.0
2025-02-18 09:00:00,1.2,1.8,,0.6,,45.0,6.9,12.2,1.0,358.0,1001.1,0.0,0.0,,90.0
2025-02-18 10:00:00,-0.2,1.2,,-1.0,,53.0,6.4,9.2,343.0,335.0,1000.8,0.0,0.0,,60.0
2025-02-18 11:00:00,-0.5,-0.1,,-0.8,,52.0,4.7,7.3,350.0,338.0,1000.3,0.0,0.0,,40.0
2025-02-18 12:00:00,-0.4,0.1,,-1.0,,52.0,4.7,7.1,335.0,345.0,1000.0,10.0,0.0,,10.0
2025-02-18 13:00:00,-1.0,-0.7,,-1.3,,55.0,4.2,6.5,332.0,342.0,999.4,67.0,0.0,,10.0
2025-02-18 14:00:00,-0.6,0.2,,-1.1,,58.0,4.3,6.5,352.0,352.0,998.4,161.0,0.0,,10.0
2025-02-18 15:00:00,-0.1,0.6,,-0.7,,61.0,4.0,6.6,356.0,0.0,997.6,218.0,0.0,,10.0
2025-02-18 16:00:00,0.3,1.2,,-0.2,,60.0,4.4,7.2,4.0,356.0,997.0,245.0,0.0,,10.0
2025-02-18 17:00:00,1.0,1.6,,0.2,,56.0,5.6,7.7,351.0,356.0,996.3,238.0,0.0,,10.0
2025-02-18 18:00:00,1.1,1.6,1.8,0.7,-1.3,56.0,5.6,7.8,352.0,354.0,995.4,186.0,0.0,,10.0
2025-02-18 19:00:00,0.3,1.0,,-0.4,,63.0,6.0,8.1,3.0,353.0,995.1,104.0,0.0,,10.0
2025-02-18 20:00:00,1.7,2.9,,0.7,,52.0,5.4,8.5,8.0,10.0,994.7,45.0,0.0,,10.0
2025-02-18 21:00:00,1.4,2.0,,1.1,,55.0,5.4,7.8,6.0,7.0,994.1,3.0,0.0,,90.0
2025-02-18 22:00:00,0.5,1.7,,-0.2,,59.0,5.1,6.6,354.0,357.0,993.9,0.0,0.0,,90.0
2025-02-18 23:00:00,-0.2,0.2,,-0.5,,63.0,5.1,7.8,344.0,347.0,993.1,0.0,0.0,,90.0
2025-02-19 00:00:00,-0.4,0.6,,-1.1,,63.0,6.2,8.6,346.0,345.0,992.6,0.0,0.0,,40.0
2025-02-19 01:00:00,-0.1,0.8,,-1.1,,63.0,6.8,9.2,348.0,347.0,991.9,0.0,0.0,,60.0
2025-02-19 02:00:00,0.1,1.0,,-0.8,,62.0,7.2,8.7,354.0,358.0,990.9,0.0,0.0,,60.0
2025-02-19 03:00:00,0.6,1.4,,-0.4,,59.0,8.0,10.8,352.0,356.0,989.8,0.0,0.0,,90.0
2025-02-19 04:00:00,0.3,1.7,,-0.9,,62.0,6.7,10.1,348.0,343.0,989.2,0.0,0.0,,60.0
2025-02-19 05:00:00,1.0,1.5,,-0.3,,57.0,6.5,9.2,349.0,348.0,988.7,0.0,0.0,,90.0
2025-02-19 06:00:00,0.9,1.6,2.9,0.3,-1.1,58.0,6.7,9.0,333.0,344.0,988.1,0.0,0.0,0.0,90.0
2025-02-19 07:00:00,1.5,2.5,,0.3,,55.0,6.5,8.9,352.0,352.0,987.4,0.0,0.0,,90.0
2025-02-19 08:00:00,1.3,2.4,,0.4,,57.0,6.4,9.4,348.0,348.0,986.7,0.0,0.0,,90.0
2025-02-19 09:00:00,1.1,2.4,,0.3,,60.0,6.7,10.3,334.0,339.0,986.0,0.0,0.0,,90.0
2025-02-19 10:00:00,0.9,2.2,,0.0,,62.0,7.8,11.5,348.0,341.0,985.6,0.0,0.0,,60.0
2025-02-19 11:00:00,0.8,1.8,,0.0,,62.0,7.7,10.4,337.0,339.0,985.3,0.0,0.0,,60.0
2025-02-19 12:00:00,0.6,1.4,,-0.1,,64.0,5.8,8.4,334.0,341.0,984.4,9.0,0.0,,10.0
2025-02-19 13:00:00,0.9,1.8,,0.0,,61.0,7.1,10.7,354.0,349.0,983.5,36.0,0.0,,10.0
2025-02-19 14:00:00,1.5,1.9,,0.8,,57.0,8.1,11.6,348.0,351.0,982.7,85.0,0.0,,10.0
2025-02-19 15:00:00,0.5,1.5,,0.1,,62.0,7.8,11.1,333.0,336.0,982.1,142.0,0.0,,10.0
2025-02-19 16:00:00,0.7,1.4,,0.0,,62.0,6.5,9.0,355.0,343.0,981.1,144.0,0.0,,10.0
2025-02-19 17:00:00,1.0,1.6,,0.6,,60.0,7.4,10.1,350.0,344.0,980.3,164.0,0.0,,0.0
2025-02-19 18:00:00,1.6,2.1,2.5,1.2,-0.1,56.0,8.3,10.5,345.0,353.0,979.1,229.0,0.0,,10.0
2025-02-19 19:00:00,1.2,1.7,,0.5,,57.0,8.8,11.4,347.0,353.0,978.8,114.0,0.0,,0.0
2025-02-19 20:00:00,1.0,1.8,,0.0,,56.0,7.9,12.0,15.0,1.0,978.2,59.0,0.0,,10.0
2025-02-19 21:00:00,0.4,1.8,,-0.2,,61.0,8.1,10.8,353.0,348.0,977.7,6.0,0.0,,10.0
2025-02-19 22:00:00,0.5,1.2,,-0.5,,58.0,8.1,10.9,350.0,350.0,977.6,0.0,0.0,,
2025-02-19 23:00:00,-0.1,0.8,,-0.7,,62.0,8.1,10.6,338.0,341.0,977.9,0.0,0.0,,60.0
2025-02-20 00:00:00,-0.4,0.2,,-1.1,,62.0,4.9,9.2,328.0,332.0,978.2,0.0,0.0,,40.0
2025-02-20 01:00:00,-0.8,-0.4,,-1.2,,58.0,4.0,5.4,347.0,354.0,978.3,0.0,0.0,,60.0
2025-02-20 02:00:00,-1.4,-0.8,,-2.3,,62.0,3.6,5.5,291.0,324.0,978.7,0.0,0.0,,60.0
2025-02-20 03:00:00,-1.5,-0.3,,-2.3,,62.0,1.4,3.4,276.0,322.0,978.8,0.0,0.0,,90.0
2025-02-20 04:00:00,-2.5,-1.8,,-2.9,,76.0,3.0,7.4,309.0,316.0,979.4,0.0,0.0,,90.0
2025-02-20 05:00:00,-3.6,-2.7,,-4.2,,92.0,5.5,8.8,298.0,297.0,979.8,0.0,0.0,,90.0
2025-02-20 06:00:00,-4.5,-4.2,1.8,-4.6,-4.7,95.0,6.1,9.1,296.0,295.0,980.1,0.0,0.0,0.0,90.0
2025-02-20 07:00:00,-4.8,-4.7,,-5.0,,96.0,6.1,8.9,292.0,295.0,980.4,0.0,0.0,,100.0
2025-02-20 08:00:00,-5.1,-4.9,,-5.3,,96.0,5.8,7.7,293.0,289.0,980.6,0.0,0.0,,100.0
2025-02-20 09:00:00,-5.2,-5.1,,-5.3,,95.0,4.5,6.7,302.0,301.0,980.8,0.0,0.0,,100.0
2025-02-20 10:00:00,-5.1,-5.0,,-5.2,,93.0,3.9,6.1,301.0,301.0,980.9,0.0,0.0,,100.0
2025-02-20 11:00:00,-5.0,-4.9,,-5.1,,92.0,3.4,5.7,292.0,294.0,981.1,0.0,0.0,,100.0
2025-02-20 12:00:00,-5.0,-4.8,,-5.1,,92.0,3.9,5.7,276.0,283.0,981.1,6.0,0.0,,100.0
2025-02-20 13:00:00,-5.0,-5.0,,-5.1,,92.0,3.7,5.7,292.0,285.0,981.0,23.0,0.0,,100.0
2025-02-20 14:00:00,-5.1,-5.0,,-5.2,,92.0,4.1,6.6,268.0,276.0,981.1,40.0,0.0,,100.0
2025-02-20 15:00:00,-5.2,-5.1,,-5.3,,92.0,3.9,5.9,256.0,262.0,981.1,61.0,0.0,,100.0
2025-02-20 16:00:00,-5.2,-5.1,,-5.3,,93.0,4.2,6.2,258.0,262.0,980.9,59.0,0.0,,100.0
2025-02-20 17:00:00,-5.2,-5.1,,-5.3,,93.0,3.0,5.1,262.0,261.0,981.0,62.0,0.0,,100.0
2025-02-20 18:00:00,-5.1,-5.0,-4.7,-5.2,-5.3,91.0,2.3,4.0,263.0,260.0,981.2,54.0,0.0,,100.0
2025-02-20 19:00:00,-5.0,-4.9,,-5.1,,91.0,2.4,4.5,270.0,262.0,981.4,26.0,0.0,,100.0
2025-02-20 20:00:00,-5.1,-5.0,,-5.3,,89.0,2.6,4.7,244.0,260.0,981.6,10.0,0.0,,100.0
2025-02-20 21:00:00,-5.1,-5.1,,-5.2,,89.0,1.1,2.7,253.0,248.0,982.0,1.0,0.0,,100.0
2025-02-20 22:00:00,-5.2,-5.1,,-5.3,,92.0,2.2,4.5,260.0,258.0,982.5,0.0,0.0,,100.0
2025-02-20 23:00:00,-5.1,-5.0,,-5.2,,90.0,1.7,3.7,200.0,252.0,982.5,0.0,0.0,,
2025-02-21 00:00:00,-5.1,-5.0,,-5.2,,91.0,2.0,4.1,260.0,265.0,982.8,0.0,0.0,,100.0
2025-02-21 01:00:00,-5.2,-5.1,,-5.3,,91.0,2.2,4.0,263.0,264.0,982.8,0.0,0.0,,100.0
2025-02-21 02:00:00,-5.3,-5.2,,-5.3,,90.0,1.8,3.2,258.0,257.0,982.9,0.0,0.0,,100.0
2025-02-21 03:00:00,-5.3,-5.2,,-5.4,,87.0,2.1,3.8,151.0,205.0,982.8,0.0,0.0,,100.0
2025-02-21 04:00:00,-5.3,-5.2,,-5.4,,86.0,2.9,4.7,134.0,144.0,983.0,0.0,0.0,,100.0
2025-02-21 05:00:00,-5.2,-5.1,,-5.3,,88.0,4.3,6.4,143.0,150.0,982.9,0.0,0.0,,100.0
2025-02-21 06:00:00,-5.2,-5.1,-4.9,-5.3,-5.4,92.0,5.1,8.2,177.0,149.0,983.1,0.0,0.0,0.0,90.0
2025-02-21 07:00:00,-4.9,-4.8,,-5.2,,94.0,3.7,6.9,223.0,200.0,983.3,0.0,0.2,,90.0
2025-02-21 08:00:00,-5.0,-5.0,,-5.1,,93.0,3.3,5.2,205.0,207.0,983.7,0.0,0.0,,90.0
2025-02-21 09:00:00,-5.1,-5.1,,-5.3,,93.0,2.9,7.2,249.0,216.0,984.1,0.0,0.0,,90.0
2025-02-21 10:00:00,-5.4,-5.3,,-5.6,,96.0,6.0,9.9,258.0,259.0,984.4,0.0,0.0,,90.0
2025-02-21 11:00:00,-5.6,-5.4,,-5.9,,95.0,6.5,9.0,259.0,258.0,984.9,1.0,0.0,,90.0
2025-02-21 12:00:00,-5.8,-5.6,,-5.9,,95.0,6.8,9.5,262.0,258.0,985.1,12.0,0.0,,90.0
2025-02-21 13:00:00,-5.9,-5.7,,-6.0,,95.0,6.2,9.2,269.0,265.0,985.4,42.0,0.1,,90.0
2025-02-21 14:00:00,-5.9,-5.8,,-6.1,,94.0,4.9,7.3,288.0,281.0,985.5,71.0,0.0,,100.0
2025-02-21 15:00:00,-6.1,-6.0,,-6.2,,94.0,5.1,7.0,283.0,284.0,985.6,97.0,0.0,,100.0
2025-02-21 16:00:00,-5.9,-5.8,,-6.1,,93.0,3.8,5.2,283.0,281.0,985.6,146.0,0.0,,100.0
2025-02-21 17:00:00,-5.9,-5.8,,-6.0,,89.0,3.7,5.2,277.0,278.0,985.4,111.0,0.0,,100.0
2025-02-21 18:00:00,-5.8,-5.7,-4.8,-5.9,-6.2,85.0,3.2,4.8,267.0,270.0,985.6,81.0,0.0,,100.0
2025-02-21 19:00:00,-5.8,-5.7,,-5.9,,82.0,3.7,5.9,259.0,260.0,985.6,59.0,0.0,,100.0
2025-02-21 20:00:00,-5.8,-5.8,,-5.9,,78.0,1.9,4.8,293.0,291.0,985.9,25.0,0.0,,90.0
2025-02-21 21:00:00,-6.2,-5.9,,-6.5,,89.0,5.2,8.0,296.0,296.0,986.0,3.0,0.0,,100.0
2025-02-21 22:00:00,-6.6,-6.5,,-6.8,,91.0,5.9,8.4,288.0,295.0,986.0,0.0,0.0,,100.0
2025-02-21 23:00:00,-6.7,-6.6,,-6.9,,87.0,5.6,7.4,296.0,294.0,986.1,0.0,0.0,,100.0
2025-02-22 00:00:00,-6.9,-6.8,,-7.0,,86.0,6.3,8.6,282.0,285.0,985.9,0.0,0.0,,100.0
2025-02-22 01:00:00,-6.9,-6.8,,-6.9,,84.0,5.6,8.6,288.0,284.0,985.7,0.0,0.0,,100.0
2025-02-22 02:00:00,-6.5,-6.4,,-6.8,,79.0,4.9,7.3,290.0,298.0,985.6,0.0,0.0,,90.0
2025-02-22 03:00:00,-6.6,-6.4,,-6.8,,76.0,4.3,7.0,294.0,300.0,985.5,0.0,0.0,,90.0
2025-02-22 04:00:00,-7.0,-6.7,,-7.1,,82.0,3.9,7.4,313.0,306.0,985.3,0.0,0.0,,90.0
2025-02-22 05:00:00,-7.1,-7.0,,-7.2,,87.0,4.2,7.9,300.0,297.0,985.1,0.0,0.0,,90.0
2025-02-22 06:00:00,-7.2,-7.1,-5.7,-7.3,-7.3,86.0,4.1,6.6,306.0,305.0,985.1,0.0,0.0,0.3,90.0
2025-02-22 07:00:00,-7.3,-7.1,,-7.4,,86.0,4.4,6.4,296.0,296.0,984.9,0.0,0.0,,90.0
2025-02-22 08:00:00,-7.4,-7.2,,-7.5,,85.0,4.0,6.6,317.0,304.0,984.8,0.0,0.0,,90.0
2025-02-22 09:00:00,-7.4,-7.3,,-7.5,,84.0,3.6,7.7,298.0,317.0,984.6,0.0,0.0,,90.0
2025-02-22 10:00:00,-7.3,-7.2,,-7.4,,84.0,3.3,6.6,306.0,306.0,984.6,0.0,0.0,,90.0
2025-02-22 11:00:00,-7.4,-7.3,,-7.5,,82.0,3.4,6.2,319.0,293.0,984.6,1.0,0.0,,90.0
2025-02-22 12:00:00,-7.4,-7.3,,-7.5,,82.0,3.1,5.6,321.0,309.0,984.5,11.0,0.0,,90.0
2025-02-22 13:00:00,-7.3,-7.2,,-7.4,,79.0,3.4,6.2,342.0,341.0,984.2,35.0,0.0,,90.0
2025-02-22 14:00:00,-7.3,-7.2,,-7.4,,81.0,3.6,7.2,10.0,360.0,984.0,60.0,0.0,,90.0
2025-02-22 15:00:00,-7.3,-7.2,,-7.3,,80.0,3.5,5.6,4.0,340.0,983.8,70.0,0.0,,90.0
2025-02-22 16:00:00,-7.2,-7.1,,-7.3,,79.0,3.2,4.5,341.0,351.0,983.6,73.0,0.0,,90.0
2025-02-22 17:00:00,-7.1,-7.1,,-7.2,,79.0,3.4,5.6,335.0,340.0,983.4,70.0,0.0,,90.0
2025-02-22 18:00:00,-7.1,-7.0,-7.0,-7.2,-7.5,78.0,3.0,5.3,342.0,337.0,983.5,57.0,0.0,,90.0
2025-02-22 19:00:00,-7.1,-7.0,,-7.2,,77.0,3.3,5.8,332.0,342.0,983.8,37.0,0.0,,90.0
2025-02-22 20:00:00,-7.2,-7.1,,-7.2,,77.0,3.1,5.6,334.0,328.0,984.1,15.0,0.0,,90.0
2025-02-22 21:00:00,-7.2,-7.1,,-7.2,,76.0,2.9,5.9,338.0,337.0,984.5,2.0,0.0,,90.0
2025-02-22 22:00:00,-7.2,-7.2,,-7.3,,74.0,3.2,6.1,8.0,347.0,984.4,0.0,0.0,,90.0
2025-02-22 23:00:00,-7.3,-7.2,,-7.4,,74.0,1.6,5.0,86.0,44.0,984.9,0.0,0.0,,90.0
2025-02-23 00:00:00,-7.8,-7.4,,-8.0,,86.0,1.1,2.5,37.0,47.0,985.1,0.0,0.2,,90.0
2025-02-23 01:00:00,-7.9,-7.5,,-8.1,,87.0,1.6,3.5,68.0,74.0,984.6,0.0,0.0,,90.0
2025-02-23 02:00:00,-7.3,-7.1,,-7.5,,76.0,1.4,2.7,351.0,13.0,984.7,0.0,0.0,,90.0
2025-02-23 03:00:00,-7.2,-7.1,,-7.3,,75.0,1.3,4.6,81.0,23.0,984.6,0.0,0.0,,90.0
2025-02-23 04:00:00,-7.3,-7.0,,-7.5,,79.0,3.2,5.3,269.0,264.0,984.6,0.0,0.0,,90.0
2025-02-23 05:00:00,-7.4,-7.4,,-7.5,,78.0,3.7,5.3,269.0,270.0,984.9,0.0,0.0,,90.0
2025-02-23 06:00:00,-7.5,-7.3,-7.0,-7.6,-8.1,76.0,1.8,3.2,267.0,268.0,984.9,0.0,0.0,0.2,90.0
2025-02-23 07:00:00,-7.5,-7.3,,-7.8,,80.0,3.0,5.1,259.0,260.0,985.1,0.0,0.0,,100.0
2025-02-23 08:00:00,-7.8,-7.7,,-7.8,,81.0,2.1,4.6,314.0,273.0,985.1,0.0,0.0,,100.0
2025-02-23 09:00:00,-7.7,-7.5,,-7.9,,80.0,1.8,5.9,251.0,309.0,985.3,0.0,0.0,,100.0
2025-02-23 10:00:00,-7.8,-7.5,,-7.9,,82.0,4.2,8.0,274.0,266.0,985.5,0.0,0.0,,100.0
2025-02-23 11:00:00,-7.6,-7.5,,-7.7,,71.0,3.4,6.9,239.0,259.0,985.6,0.0,0.0,,100.0
2025-02-23 12:00:00,-7.4,-7.3,,-7.6,,69.0,3.4,5.7,188.0,207.0,985.8,7.0,0.0,,90.0
2025-02-23 13:00:00,-7.3,-7.2,,-7.5,,69.0,4.1,7.3,146.0,164.0,985.5,55.0,0.0,,90.0
2025-02-23 14:00:00,-7.0,-6.8,,-7.2,,68.0,6.7,10.5,131.0,135.0,985.1,130.0,0.0,,90.0
2025-02-23 15:00:00,-6.6,-6.3,,-6.9,,59.0,8.0,11.3,132.0,132.0,985.1,205.0,0.0,,90.0
2025-02-23 16:00:00,-6.6,-6.4,,-6.6,,59.0,8.4,11.7,132.0,130.0,984.9,186.0,0.0,,60.0
2025-02-23 17:00:00,-6.5,-6.4,,-6.6,,60.0,8.2,12.5,122.0,124.0,985.1,149.0,0.0,,
2025-02-23 18:00:00,-6.7,-6.5,-6.3,-6.8,-7.9,66.0,8.7,13.1,123.0,125.0,984.8,107.0,0.0,,60.0
2025-02-23 19:00:00,-6.6,-6.4,,-6.8,,66.0,7.1,11.3,124.0,124.0,984.8,80.0,0.0,,60.0
2025-02-23 20:00:00,-6.1,-5.8,,-6.4,,59.0,7.1,12.1,127.0,119.0,984.8,40.0,0.0,,60.0
2025-02-23 21:00:00,-5.6,-5.5,,-5.8,,53.0,9.4,14.6,133.0,132.0,985.7,7.0,0.0,,90.0
2025-02-23 22:00:00,-6.4,-5.6,,-7.6,,69.0,9.7,18.5,150.0,140.0,985.5,0.0,0.0,,
2025-02-23 23:00:00,-7.5,-7.0,,-7.8,,93.0,8.8,16.7,249.0,190.0,987.2,0.0,1.3,,90.0
2025-02-24 00:00:00,-8.0,-7.5,,-8.3,,92.0,5.6,10.0,260.0,258.0,987.8,0.0,0.8,,100.0
2025-02-24 01:00:00,-8.5,-8.3,,-8.8,,90.0,6.5,10.6,261.0,261.0,988.7,0.0,0.0,,90.0
2025-02-24 02:00:00,-8.9,-8.7,,-9.1,,84.0,5.1,9.5,249.0,265.0,989.2,0.0,0.0,,100.0
2025-02-24 03:00:00,-9.3,-8.8,,-9.6,,86.0,5.8,10.6,266.0,263.0,989.7,0.0,0.0,,90.0
2025-02-24 04:00:00,-9.6,-9.4,,-9.8,,76.0,4.0,8.0,271.0,248.0,990.1,0.0,0.0,,100.0
2025-02-24 05:00:00,-9.6,-9.5,,-9.7,,78.0,2.5,6.9,229.0,251.0,990.4,0.0,0.0,,100.0
2025-02-24 06:00:00,-9.8,-9.7,-5.5,-10.0,-10.0,88.0,2.3,7.1,250.0,241.0,990.9,0.0,0.6,2.7,90.0
2025-02-24 07:00:00,-10.1,-9.8,,-10.6,,89.0,5.4,8.2,269.0,277.0,991.8,0.0,0.0,,90.0
2025-02-24 08:00:00,-11.0,-10.6,,-11.1,,87.0,5.0,8.1,307.0,287.0,992.6,0.0,0.1,,100.0
2025-02-24 09:00:00,-11.3,-11.1,,-11.4,,86.0,4.6,7.2,310.0,298.0,993.2,0.0,0.0,,100.0
2025-02-24 10:00:00,-11.5,-11.3,,-11.8,,86.0,5.9,9.3,300.0,298.0,993.9,0.0,0.0,,100.0
2025-02-24 11:00:00,-12.0,-11.7,,-12.3,,86.0,7.8,10.3,287.0,286.0,994.9,1.0,0.0,,100.0
2025-02-24 12:00:00,-12.2,-12.0,,-12.5,,88.0,6.9,9.7,275.0,281.0,995.6,12.0,0.2,,100.0
2025-02-24 13:00:00,-12.5,-12.4,,-12.7,,82.0,6.9,10.0,259.0,268.0,996.3,59.0,0.2,,90.0
2025-02-24 14:00:00,-12.7,-12.5,,-12.9,,80.0,6.9,10.1,269.0,265.0,997.1,101.0,0.0,,100.0
2025-02-24 15:00:00,-12.8,-12.6,,-13.0,,79.0,5.6,7.8,273.0,269.0,997.6,133.0,0.0,,100.0
2025-02-24 16:00:00,-12.9,-12.7,,-12.9,,76.0,3.9,6.2,280.0,272.0,997.9,188.0,0.0,,90.0
2025-02-24 17:00:00,-13.0,-12.8,,-13.1,,78.0,1.7,4.3,1.0,341.0,998.3,98.0,0.0,,90.0
2025-02-24 18:00:00,-13.0,-12.8,-9.8,-13.1,-13.1,82.0,1.8,3.5,322.0,335.0,998.7,77.0,0.3,,60.0
2025-02-24 19:00:00,-12.7,-12.6,,-12.9,,71.0,1.8,3.8,45.0,340.0,999.2,57.0,0.0,,100.0
2025-02-24 20:00:00,-12.8,-12.7,,-12.8,,77.0,1.2,2.6,0.0,60.0,999.5,22.0,0.0,,90.0
2025-02-24 21:00:00,-12.8,-12.6,,-12.9,,81.0,1.8,4.1,28.0,313.0,999.9,5.0,0.1,,100.0
2025-02-24 22:00:00,-12.9,-12.8,,-13.0,,84.0,1.4,2.6,89.0,59.0,1000.0,0.0,0.0,,100.0
2025-02-24 23:00:00,-12.7,-12.4,,-12.8,,84.0,1.0,5.1,203.0,56.0,1000.3,0.0,0.2,,90.0
2025-02-25 00:00:00,-12.4,-12.3,,-12.5,,75.0,1.9,5.3,192.0,237.0,1000.4,0.0,0.1,,100.0
2025-02-25 01:00:00,-12.4,-12.3,,-12.6,,73.0,0.8,2.1,255.0,49.0,1000.6,0.0,0.0,,90.0
2025-02-25 02:00:00,-12.2,-11.8,,-12.4,,67.0,2.5,7.6,184.0,214.0,1000.5,0.0,0.0,,100.0
2025-02-25 03:00:00,-11.8,-11.7,,-11.9,,51.0,4.6,8.1,160.0,158.0,1000.3,0.0,0.0,,100.0
2025-02-25 04:00:00,-12.0,-11.7,,-12.4,,66.0,2.7,6.4,166.0,182.0,1000.3,0.0,0.0,,90.0
2025-02-25 05:00:00,-12.0,-11.6,,-12.3,,67.0,4.7,8.1,121.0,135.0,1000.1,0.0,0.0,,90.0
2025-02-25 06:00:00,-11.8,-11.5,-11.5,-12.2,-13.0,58.0,4.7,7.4,102.0,113.0,999.9,0.0,0.0,1.2,100.0
2025-02-25 07:00:00,-11.4,-11.3,,-11.6,,53.0,4.4,9.4,115.0,112.0,999.8,0.0,0.0,,100.0
2025-02-25 08:00:00,-11.3,-11.1,,-11.4,,50.0,3.3,6.4,101.0,96.0,999.3,0.0,0.0,,90.0
2025-02-25 09:00:00,-11.0,-10.9,,-11.2,,51.0,4.8,8.5,121.0,111.0,998.9,0.0,0.0,,100.0
2025-02-25 10:00:00,-10.8,-10.7,,-10.9,,52.0,6.5,11.9,113.0,120.0,998.1,0.0,0.0,,100.0
2025-02-25 11:00:00,-10.5,-10.2,,-10.7,,54.0,6.0,11.0,105.0,107.0,997.4,3.0,0.0,,90.0
2025-02-25 12:00:00,-10.6,-10.4,,-10.7,,54.0,4.6,8.3,75.0,78.0,996.2,32.0,0.0,,40.0
2025-02-25 13:00:00,-11.0,-10.6,,-11.5,,53.0,6.0,9.6,42.0,65.0,995.1,92.0,0.0,,40.0
2025-02-25 14:00:00,-10.8,-9.9,,-11.6,,54.0,5.3,10.3,67.0,42.0,993.9,121.0,0.0,,10.0
2025-02-25 15:00:00,-9.8,-8.8,,-10.3,,51.0,5.8,10.7,64.0,51.0,992.6,151.0,0.0,,90.0
2025-02-25 16:00:00,-8.1,-7.6,,-8.8,,57.0,3.7,8.4,73.0,77.0,991.3,112.0,0.0,,100.0
2025-02-25 17:00:00,-6.6,-5.5,,-7.6,,66.0,4.4,11.6,109.0,99.0,989.5,115.0,0.0,,100.0
2025-02-25 18:00:00,-5.3,-4.8,-4.8,-5.6,-11.6,63.0,5.4,12.4,88.0,95.0,988.3,121.0,0.0,,40.0
2025-02-25 19:00:00,-4.3,-3.5,,-4.8,,60.0,6.0,13.9,125.0,100.0,986.7,64.0,0.0,,90.0
2025-02-25 20:00:00,-3.3,-3.1,,-3.7,,61.0,11.1,19.2,122.0,121.0,985.4,33.0,0.0,,100.0
2025-02-25 21:00:00,-3.2,-2.9,,-3.5,,69.0,11.3,20.8,122.0,123.0,984.7,4.0,0.0,,90.0
2025-02-25 22:00:00,-2.7,-2.5,,-3.0,,71.0,13.7,22.7,126.0,123.0,983.7,0.0,0.0,,100.0
2025-02-25 23:00:00,-2.7,-2.6,,-2.9,,74.0,14.4,25.4,129.0,128.0,982.9,0.0,0.0,,90.0
2025-02-26 00:00:00,-2.7,-2.5,,-2.8,,79.0,14.4,21.4,133.0,132.0,982.4,0.0,0.0,,90.0
2025-02-26 01:00:00,-2.6,-2.4,,-2.8,,83.0,14.6,21.7,138.0,136.0,982.3,0.0,0.0,,90.0
2025-02-26 02:00:00,-2.7,-2.6,,-2.8,,88.0,16.1,23.3,139.0,138.0,981.6,0.0,1.4,,100.0
2025-02-26 03:00:00,-2.7,-2.5,,-2.7,,90.0,16.0,22.7,138.0,138.0,981.3,0.0,1.5,,90.0
2025-02-26 04:00:00,-2.6,-2.5,,-2.7,,91.0,15.6,22.0,136.0,137.0,981.4,0.0,1.0,,90.0
2025-02-26 05:00:00,-2.6,-2.5,,-2.6,,92.0,15.1,21.9,139.0,137.0,981.4,0.0,0.6,,90.0
2025-02-26 06:00:00,-2.6,-2.4,-2.4,-2.7,-4.8,94.0,14.3,20.7,137.0,137.0,981.3,0.0,1.1,5.6,100.0
2025-02-26 07:00:00,-2.9,-2.4,,-4.3,,95.0,12.0,20.2,274.0,175.0,983.0,0.0,1.9,,60.0
2025-02-26 08:00:00,-5.1,-4.3,,-5.6,,95.0,7.6,14.7,271.0,264.0,985.2,0.0,1.3,,40.0
2025-02-26 09:00:00,-6.0,-5.5,,-6.3,,93.0,5.4,11.3,257.0,270.0,986.8,0.0,0.6,,90.0
2025-02-26 10:00:00,-6.7,-6.3,,-6.9,,92.0,5.5,9.2,214.0,235.0,988.2,0.0,0.7,,90.0
2025-02-26 11:00:00,-7.1,-6.8,,-7.5,,89.0,8.1,13.1,198.0,208.0,989.6,1.0,0.3,,100.0
2025-02-26 12:00:00,-7.6,-7.3,,-7.8,,84.0,9.0,14.7,209.0,201.0,991.3,20.0,0.3,,90.0
2025-02-26 13:00:00,-8.0,-7.7,,-8.2,,75.0,8.4,13.3,199.0,199.0,992.9,51.0,0.0,,90.0
2025-02-26 14:00:00,-8.4,-8.0,,-8.8,,70.0,8.2,13.2,197.0,197.0,994.5,91.0,0.0,,90.0
2025-02-26 15:00:00,-8.4,-8.0,,-8.8,,70.0,7.4,14.5,195.0,197.0,995.2,129.0,0.0,,90.0
2025-02-26 16:00:00,-8.5,-8.2,,-9.0,,69.0,7.9,13.7,186.0,188.0,996.2,151.0,0.0,,90.0
2025-02-26 17:00:00,-8.6,-8.4,,-8.8,,66.0,8.4,13.4,188.0,187.0,997.1,135.0,0.0,,90.0
2025-02-26 18:00:00,-8.9,-8.7,-2.4,-9.0,-9.0,66.0,9.3,13.2,179.0,183.0,998.1,120.0,0.0,,90.0
2025-02-26 19:00:00,-9.1,-8.8,,-9.5,,68.0,9.3,14.0,191.0,184.0,999.0,68.0,0.0,,100.0
2025-02-26 20:00:00,-9.5,-9.1,,-10.1,,74.0,8.8,13.9,189.0,186.0,1000.2,32.0,0.0,,90.0
2025-02-26 21:00:00,-9.7,-9.4,,-10.2,,76.0,7.6,13.7,181.0,185.0,1000.9,8.0,0.0,,90.0
2025-02-26 22:00:00,-9.7,-9.4,,-10.4,,73.0,8.1,14.4,183.0,181.0,1001.3,0.0,0.0,,90.0
2025-02-26 23:00:00,-10.0,-9.4,,-10.5,,75.0,7.7,13.8,169.0,184.0,1001.9,0.0,0.0,,
2025-02-27 00:00:00,-10.2,-10.0,,-10.4,,85.0,7.2,11.5,183.0,180.0,1002.4,0.0,0.4,,
2025-02-27 01:00:00,-10.2,-10.0,,-10.4,,83.0,6.2,9.8,169.0,174.0,1002.4,0.0,0.5,,90.0
2025-02-27 02:00:00,-10.0,-9.8,,-10.4,,85.0,6.0,10.5,182.0,180.0,1002.0,0.0,0.5,,90.0
2025-02-27 03:00:00,-9.9,-9.5,,-10.2,,80.0,5.0,9.0,145.0,181.0,1001.6,0.0,0.0,,
2025-02-27 04:00:00,-10.1,-10.0,,-10.2,,85.0,4.9,7.8,149.0,160.0,1000.9,0.0,0.4,,
2025-02-27 05:00:00,-10.0,-9.7,,-10.2,,80.0,4.2,7.2,162.0,162.0,1000.2,0.0,0.1,,100.0
2025-02-27 06:00:00,-10.4,-10.0,-8.8,-10.6,-10.6,86.0,4.1,8.0,84.0,142.0,999.2,0.0,1.5,8.5,90.0
2025-02-27 07:00:00,-10.5,-10.2,,-10.7,,88.0,3.2,9.0,144.0,146.0,998.2,0.0,0.8,,90.0
2025-02-27 08:00:00,-10.7,-10.5,,-10.9,,90.0,1.9,3.5,352.0,312.0,996.9,0.0,2.7,,60.0
2025-02-27 09:00:00,-10.8,-10.4,,-11.2,,83.0,1.5,3.3,357.0,14.0,995.5,0.0,0.0,,100.0
2025-02-27 10:00:00,-10.5,-10.3,,-10.6,,84.0,5.5,8.7,337.0,334.0,993.3,0.0,0.0,,100.0
2025-02-27 11:00:00,-10.6,-10.4,,-10.9,,79.0,6.4,8.4,329.0,327.0,991.1,2.0,0.0,,90.0
2025-02-27 12:00:00,-10.6,-10.4,,-11.1,,69.0,5.0,7.7,2.0,356.0,988.9,20.0,0.0,,90.0
2025-02-27 13:00:00,-10.6,-10.3,,-11.0,,68.0,7.5,11.7,356.0,355.0,986.5,78.0,0.0,,60.0
2025-02-27 14:00:00,-11.0,-10.9,,-11.2,,65.0,8.8,11.5,353.0,354.0,984.1,144.0,0.0,,90.0
2025-02-27 15:00:00,-11.4,-11.1,,-11.7,,68.0,9.7,13.0,340.0,343.0,981.9,186.0,0.0,,90.0
2025-02-27 16:00:00,-11.9,-11.5,,-12.4,,70.0,9.3,12.0,349.0,340.0,979.6,219.0,0.0,,90.0
2025-02-27 17:00:00,-12.2,-11.6,,-12.8,,67.0,9.8,12.5,346.0,338.0,978.0,198.0,0.0,,90.0
2025-02-27 18:00:00,-12.0,-11.8,-10.2,-12.2,-12.8,60.0,8.6,11.3,330.0,336.0,977.1,161.0,0.0,,90.0
2025-02-27 19:00:00,-12.2,-12.0,,-12.4,,56.0,7.8,10.6,344.0,337.0,976.4,108.0,0.0,,90.0
2025-02-27 20:00:00,-11.7,-11.5,,-12.1,,57.0,6.1,9.2,354.0,348.0,975.7,49.0,0.0,,60.0
2025-02-27 21:00:00,-11.6,-11.4,,-11.7,,61.0,4.5,7.4,1.0,353.0,975.0,11.0,0.0,,60.0
2025-02-27 22:00:00,-11.4,-11.1,,-11.5,,60.0,3.9,5.8,3.0,15.0,975.0,0.0,0.0,,90.0
2025-02-27 23:00:00,-11.0,-10.8,,-11.1,,58.0,4.4,7.3,350.0,353.0,975.1,0.0,0.0,,90.0
2025-02-28 00:00:00,-10.8,-10.7,,-11.1,,55.0,3.9,6.4,4.0,354.0,975.5,0.0,0.0,,90.0
2025-02-28 01:00:00,-11.1,-10.5,,-11.7,,71.0,2.1,4.2,211.0,275.0,976.0,0.0,0.6,,90.0
2025-02-28 02:00:00,-10.5,-9.6,,-11.7,,90.0,7.8,18.5,264.0,237.0,975.8,0.0,1.0,,
2025-02-28 03:00:00,-9.9,-9.5,,-10.2,,89.0,14.8,19.8,258.0,261.0,976.7,0.0,0.9,,
2025-02-28 04:00:00,-10.2,-9.9,,-10.4,,85.0,13.8,18.6,258.0,258.0,978.0,0.0,0.0,,
2025-02-28 05:00:00,-10.1,-9.9,,-10.3,,78.0,11.6,17.6,257.0,257.0,979.4,0.0,0.0,,0.0
2025-02-28 06:00:00,-10.4,-10.1,-9.5,-10.6,-12.4,86.0,8.6,14.2,268.0,265.0,980.9,0.0,0.3,6.3,90.0
2025-02-28 07:00:00,-10.5,-10.2,,-10.7,,89.0,7.0,12.3,273.0,262.0,982.6,0.0,0.8,,90.0
2025-02-28 08:00:00,-10.7,-10.4,,-10.8,,83.0,7.2,13.8,265.0,266.0,984.1,0.0,0.0,,90.0
2025-02-28 09:00:00,-10.7,-10.5,,-10.9,,83.0,7.1,12.0,282.0,251.0,985.5,0.0,0.2,,90.0
2025-02-28 10:00:00,-10.4,-10.3,,-10.6,,73.0,5.3,9.7,257.0,262.0,986.9,0.0,0.0,,90.0
2025-02-28 11:00:00,-10.8,-10.4,,-11.0,,86.0,7.6,12.5,246.0,240.0,988.3,2.0,0.5,,90.0
2025-02-28 12:00:00,-11.1,-10.8,,-11.2,,85.0,7.4,12.6,240.0,241.0,989.7,13.0,0.0,,
2025-02-28 13:00:00,-11.4,-10.9,,-11.9,,87.0,8.1,14.0,264.0,227.0,991.0,23.0,1.2,,60.0
2025-02-28 14:00:00,-11.6,-11.3,,-11.8,,77.0,9.7,15.8,245.0,230.0,992.6,87.0,0.3,,60.0
2025-02-28 15:00:00,-11.5,-11.1,,-11.9,,61.0,8.2,13.4,199.0,211.0,993.9,164.0,0.0,,90.0
2025-02-28 16:00:00,-11.7,-11.2,,-12.1,,51.0,7.3,11.9,206.0,202.0,994.7,233.0,0.0,,90.0
2025-02-28 17:00:00,-12.3,-11.9,,-12.7,,61.0,6.9,11.5,235.0,227.0,995.5,175.0,0.0,,90.0
2025-02-28 18:00:00,-12.5,-12.0,-10.2,-12.9,-12.9,63.0,5.5,10.8,194.0,230.0,996.1,171.0,0.0,,
2025-02-28 19:00:00,-12.4,-12.0,,-12.8,,47.0,5.3,8.9,188.0,174.0,996.5,105.0,0.0,,90.0
2025-02-28 20:00:00,-12.7,-12.5,,-13.0,,61.0,4.3,9.3,186.0,185.0,997.1,51.0,0.0,,90.0
2025-02-28 21:00:00,-12.7,-12.5,,-12.9,,58.0,3.1,6.5,236.0,195.0,997.2,20.0,0.0,,90.0
2025-02-28 22:00:00,-12.9,-12.8,,-13.1,,56.0,1.6,3.7,127.0,166.0,997.2,0.0,0.0,,90.0
2025-02-28 23:00:00,-13.3,-13.0,,-13.5,,62.0,1.8,2.6,33.0,51.0,997.0,0.0,0.0,,90.0
2025-03-01 00:00:00,-13.5,-13.4,,-13.6,,69.0,2.7,5.1,349.0,9.0,997.0,0.0,0.0,,90.0
2025-03-01 01:00:00,-13.4,-13.0,,-13.7,,71.0,3.3,6.0,30.0,9.0,996.4,0.0,0.0,,90.0
2025-03-01 02:00:00,-13.2,-12.9,,-13.4,,68.0,3.7,7.9,35.0,26.0,995.3,0.0,0.0,,90.0
2025-03-01 03:00:00,-12.8,-12.6,,-13.5,,59.0,6.7,9.6,3.0,6.0,994.0,0.0,0.0,,90.0
2025-03-01 04:00:00,-12.7,-12.5,,-13.0,,56.0,6.3,9.5,4.0,5.0,992.5,0.0,0.0,,90.0
2025-03-01 05:00:00,-13.0,-12.5,,-13.4,,81.0,9.4,12.7,333.0,337.0,990.8,0.0,0.0,,90.0
2025-03-01 06:00:00,-13.8,-13.3,-12.0,-14.2,-14.2,83.0,11.2,14.1,333.0,332.0,989.3,0.0,0.0,3.0,60.0
2025-03-01 07:00:00,-14.4,-14.1,,-14.7,,79.0,11.5,13.9,329.0,330.0,987.5,0.0,0.0,,60.0
2025-03-01 08:00:00,-15.1,-14.5,,-15.4,,76.0,11.7,14.4,332.0,331.0,986.0,0.0,0.0,,60.0
2025-03-01 09:00:00,-15.0,-14.8,,-15.4,,72.0,11.7,14.3,329.0,328.0,984.2,0.0,0.0,,60.0
2025-03-01 10:00:00,-15.1,-14.5,,-15.5,,67.0,10.8,13.0,330.0,328.0,983.2,0.0,0.0,,60.0
2025-03-01 11:00:00,-14.6,-14.3,,-15.1,,55.0,10.3,13.3,329.0,338.0,982.1,4.0,0.0,,60.0
2025-03-01 12:00:00,-15.0,-14.5,,-15.4,,60.0,10.7,14.2,338.0,331.0,980.9,38.0,0.0,,90.0
2025-03-01 13:00:00,-14.4,-13.9,,-14.9,,60.0,9.4,14.0,341.0,345.0,979.8,154.0,0.0,,60.0
2025-03-01 14:00:00,-13.7,-13.5,,-13.9,,58.0,9.9,14.0,340.0,342.0,978.8,255.0,0.0,,60.0
2025-03-01 15:00:00,-13.2,-12.9,,-13.6,,58.0,9.0,12.7,339.0,340.0,978.2,302.0,0.0,,60.0
2025-03-01 16:00:00,-13.0,-12.8,,-13.1,,59.0,6.7,10.7,344.0,339.0,978.5,280.0,0.0,,90.0
2025-03-01 17:00:00,-12.6,-12.3,,-12.9,,58.0,4.7,7.7,323.0,329.0,979.2,255.0,0.0,,90.0
2025-03-01 18:00:00,-12.2,-12.0,-12.0,-12.3,-15.5,60.0,4.1,8.1,305.0,308.0,980.2,162.0,0.0,,100.0
2025-03-01 19:00:00,-11.5,-10.7,,-12.0,,68.0,5.0,11.2,273.0,290.0,981.3,55.0,0.0,,100.0
2025-03-01 20:00:00,-10.8,-10.6,,-11.2,,74.0,8.7,12.9,264.0,273.0,982.8,25.0,0.0,,90.0
2025-03-01 21:00:00,-11.0,-10.6,,-11.4,,83.0,10.3,15.4,261.0,263.0,984.4,10.0,0.3,,90.0
2025-03-01 22:00:00,-11.2,-10.9,,-11.4,,80.0,11.4,15.9,260.0,259.0,986.0,0.0,0.0,,
2025-03-01 23:00:00,-11.4,-11.1,,-11.6,,78.0,6.8,13.6,262.0,268.0,987.2,0.0,0.0,,90.0
2025-03-02 00:00:00,-11.5,-11.4,,-11.6,,80.0,6.0,10.0,249.0,249.0,987.9,0.0,0.0,,90.0
2025-03-02 01:00:00,-11.3,-11.1,,-11.5,,78.0,6.2,11.9,259.0,260.0,989.3,0.0,0.0,,40.0
2025-03-02 02:00:00,-11.2,-11.1,,-11.5,,71.0,6.3,11.3,239.0,261.0,991.0,0.0,0.0,,90.0
2025-03-02 03:00:00,-11.7,-11.4,,-12.1,,76.0,8.1,13.7,249.0,248.0,992.0,0.0,0.0,,100.0
2025-03-02 04:00:00,-12.2,-11.9,,-12.4,,77.0,8.8,14.3,246.0,246.0,993.4,0.0,0.0,,90.0
2025-03-02 05:00:00,-12.2,-12.0,,-12.8,,63.0,7.5,12.4,208.0,222.0,994.7,0.0,0.0,,90.0
2025-03-02 06:00:00,-12.8,-12.5,-10.6,-13.2,-13.2,75.0,9.8,16.8,222.0,231.0,996.0,0.0,0.0,0.3,90.0
2025-03-02 07:00:00,-13.0,-12.7,,-13.3,,68.0,7.4,12.7,199.0,202.0,997.1,0.0,0.0,,90.0
2025-03-02 08:00:00,-13.4,-13.3,,-13.6,,61.0,7.3,13.3,239.0,208.0,998.3,0.0,0.0,,90.0
2025-03-02 09:00:00,-13.4,-13.2,,-13.6,,61.0,7.4,12.8,221.0,224.0,999.1,0.0,0.0,,90.0
2025-03-02 10:00:00,-13.1,-13.0,,-13.3,,56.0,5.9,11.3,222.0,208.0,999.9,0.0,0.0,,90.0
2025-03-02 11:00:00,-13.3,-13.0,,-13.6,,65.0,4.3,7.6,198.0,206.0,1000.7,4.0,0.0,,90.0
2025-03-02 12:00:00,-13.2,-13.1,,-13.5,,62.0,2.6,4.7,176.0,170.0,1001.2,35.0,0.0,,90.0
2025-03-02 13:00:00,-13.0,-12.9,,-13.2,,67.0,3.6,7.0,205.0,229.0,1001.7,53.0,0.0,,90.0
2025-03-02 14:00:00,-13.1,-12.8,,-13.4,,69.0,2.7,6.9,259.0,252.0,1002.0,63.0,0.1,,
2025-03-02 15:00:00,-13.4,-13.3,,-13.6,,77.0,2.0,3.9,327.0,301.0,1002.2,84.0,0.2,,100.0
2025-03-02 16:00:00,-13.5,-13.4,,-13.7,,86.0,1.9,3.8,49.0,18.0,1002.4,80.0,1.0,,40.0
2025-03-02 17:00:00,-13.4,-13.3,,-13.5,,86.0,2.2,3.4,35.0,59.0,1002.5,78.0,1.3,,90.0
2025-03-02 18:00:00,-13.2,-13.0,-12.7,-13.4,-13.7,81.0,1.3,2.4,4.0,14.0,1002.7,89.0,0.2,,100.0
2025-03-02 19:00:00,-13.0,-12.8,,-13.1,,81.0,0.9,2.3,66.0,40.0,1002.8,58.0,0.1,,100.0
2025-03-02 20:00:00,-12.9,-12.6,,-13.2,,72.0,1.7,6.6,18.0,4.0,1002.6,29.0,0.0,,90.0
2025-03-02 21:00:00,-12.8,-12.6,,-13.0,,76.0,4.0,8.4,15.0,357.0,1002.5,11.0,0.0,,90.0
2025-03-02 22:00:00,-12.9,-12.7,,-13.1,,58.0,2.5,5.2,76.0,61.0,1002.4,0.0,0.0,,90.0
2025-03-02 23:00:00,-12.9,-12.6,,-13.1,,55.0,3.9,6.3,78.0,80.0,1002.0,0.0,0.0,,90.0
2025-03-03 00:00:00,-13.0,-12.5,,-13.4,,54.0,2.5,4.7,86.0,85.0,1001.6,0.0,0.0,,90.0
2025-03-03 01:00:00,-12.7,-12.4,,-13.2,,52.0,2.3,3.8,104.0,91.0,1001.3,0.0,0.0,,90.0
2025-03-03 02:00:00,-12.9,-12.6,,-13.1,,52.0,2.4,3.6,88.0,88.0,1000.6,0.0,0.0,,90.0
2025-03-03 03:00:00,-12.9,-12.6,,-13.1,,49.0,1.8,3.0,110.0,100.0,999.7,0.0,0.0,,90.0
2025-03-03 04:00:00,-12.8,-12.6,,-13.1,,45.0,1.6,2.4,64.0,89.0,998.9,0.0,0.0,,60.0
2025-03-03 05:00:00,-13.2,-12.7,,-13.5,,52.0,3.7,5.1,45.0,51.0,997.3,0.0,0.0,,90.0
2025-03-03 06:00:00,-13.2,-12.8,-12.4,-13.5,-13.5,56.0,4.5,6.1,53.0,49.0,995.9,0.0,0.0,2.9,90.0
2025-03-03 07:00:00,-13.2,-12.8,,-13.4,,57.0,5.3,7.3,41.0,45.0,994.2,0.0,0.0,,90.0
2025-03-03 08:00:00,-13.1,-12.9,,-13.4,,57.0,6.2,8.5,43.0,39.0,992.7,0.0,0.0,,90.0
2025-03-03 09:00:00,-13.2,-13.0,,-13.6,,57.0,5.2,7.9,4.0,34.0,990.7,0.0,0.0,,90.0
2025-03-03 10:00:00,-13.6,-13.1,,-14.0,,71.0,7.8,10.5,324.0,335.0,988.3,0.0,0.0,,90.0
2025-03-03 11:00:00,-14.2,-13.9,,-14.6,,67.0,8.6,11.3,323.0,326.0,986.5,7.0,0.0,,90.0
2025-03-03 12:00:00,-15.1,-14.4,,-15.6,,64.0,8.4,11.4,301.0,310.0,985.2,36.0,0.0,,90.0
2025-03-03 13:00:00,-15.4,-15.0,,-15.6,,57.0,7.9,10.8,318.0,316.0,983.8,194.0,0.0,,40.0
2025-03-03 14:00:00,-15.4,-15.1,,-15.7,,54.0,6.6,9.8,315.0,316.0,982.9,275.0,0.0,,60.0
2025-03-03 15:00:00,-15.3,-15.1,,-15.6,,56.0,6.3,9.8,342.0,318.0,982.4,244.0,0.0,,90.0
2025-03-03 16:00:00,-14.9,-13.7,,-15.4,,57.0,3.5,5.7,116.0,92.0,981.1,255.0,0.0,,60.0
2025-03-03 17:00:00,-13.4,-13.0,,-13.8,,51.0,2.7,7.2,179.0,148.0,980.6,257.0,0.0,,60.0
2025-03-03 18:00:00,-13.5,-13.2,-12.8,-14.0,-15.7,63.0,6.4,12.0,135.0,151.0,980.3,128.0,0.0,,90.0
2025-03-03 19:00:00,-13.7,-13.2,,-14.0,,81.0,8.6,13.8,146.0,149.0,980.6,90.0,0.6,,90.0
2025-03-03 20:00:00,-13.4,-13.3,,-13.6,,83.0,10.8,16.2,143.0,139.0,980.9,53.0,0.4,,90.0
2025-03-03 21:00:00,-13.5,-13.3,,-13.6,,84.0,11.3,16.3,135.0,142.0,981.6,13.0,0.8,,90.0
2025-03-03 22:00:00,-13.2,-13.1,,-13.4,,87.0,11.7,17.1,139.0,139.0,982.5,0.0,0.9,,
2025-03-03 23:00:00,-12.8,-12.6,,-13.1,,86.0,11.9,18.8,139.0,138.0,983.0,0.0,0.3,,
2025-03-04 00:00:00,-12.8,-12.7,,-12.8,,85.0,12.5,18.3,135.0,137.0,983.9,0.0,0.9,,90.0
2025-03-04 01:00:00,-12.8,-12.7,,-13.0,,84.0,13.7,19.0,135.0,135.0,984.6,0.0,0.0,,
2025-03-04 02:00:00,-12.7,-12.6,,-12.9,,80.0,13.9,19.4,136.0,134.0,985.3,0.0,0.0,,
2025-03-04 03:00:00,-12.7,-12.6,,-12.9,,85.0,12.9,18.5,134.0,136.0,986.0,0.0,0.4,,
2025-03-04 04:00:00,-12.6,-12.4,,-12.7,,86.0,11.9,15.8,135.0,135.0,987.1,0.0,0.3,,90.0
2025-03-04 05:00:00,-12.4,-11.9,,-12.6,,79.0,11.0,15.5,122.0,128.0,988.2,0.0,0.3,,100.0
2025-03-04 06:00:00,-12.0,-11.9,-11.9,-12.2,-14.0,62.0,10.8,15.1,122.0,123.0,989.0,0.0,0.0,4.9,90.0
2025-03-04 07:00:00,-12.0,-11.8,,-12.1,,61.0,9.3,14.7,128.0,126.0,990.1,0.0,0.0,,90.0
2025-03-04 08:00:00,-11.8,-11.7,,-11.9,,62.0,9.2,14.8,141.0,135.0,990.6,0.0,0.0,,90.0
2025-03-04 09:00:00,-11.8,-11.6,,-12.0,,66.0,9.1,14.1,143.0,134.0,991.0,0.0,0.0,,100.0
2025-03-04 10:00:00,-11.7,-11.6,,-11.8,,69.0,8.7,12.8,126.0,137.0,991.5,0.0,0.0,,90.0
2025-03-04 11:00:00,-11.6,-11.4,,-11.6,,65.0,8.8,13.3,146.0,140.0,991.9,7.0,0.0,,60.0
2025-03-04 12:00:00,-11.5,-11.4,,-11.6,,60.0,8.5,12.1,147.0,145.0,992.2,32.0,0.0,,60.0
2025-03-04 13:00:00,-11.3,-11.1,,-11.5,,61.0,7.8,11.4,141.0,142.0,992.6,109.0,0.0,,60.0
2025-03-06 16:00:00,-11.2,-11.1,,-11.5,,81.0,6.3,9.3,342.0,347.0,1003.7,223.0,0.0,,100.0
2025-03-06 17:00:00,-11.2,-11.0,,-11.4,,81.0,5.5,9.2,342.0,335.0,1004.4,158.0,0.0,,100.0
2025-03-06 18:00:00,-11.2,-11.0,-11.0,-11.3,-12.4,81.0,4.1,6.8,337.0,331.0,1005.0,145.0,0.0,,100.0
2025-03-06 19:00:00,-11.0,-10.9,,-11.2,,80.0,3.2,6.4,303.0,327.0,1005.9,95.0,0.0,,100.0
2025-03-06 20:00:00,-10.9,-10.8,,-11.0,,82.0,3.3,5.3,308.0,302.0,1006.1,51.0,0.0,,100.0
2025-03-06 21:00:00,-10.8,-10.7,,-10.9,,80.0,4.0,6.3,286.0,301.0,1007.3,16.0,0.0,,100.0
2025-03-06 22:00:00,-10.9,-10.8,,-11.0,,83.0,4.1,6.3,273.0,281.0,1008.1,1.0,0.0,,100.0
2025-03-06 23:00:00,-11.1,-10.8,,-11.2,,84.0,3.1,5.6,305.0,294.0,1009.0,0.0,0.0,,100.0
2025-03-07 00:00:00,-11.2,-11.1,,-11.4,,85.0,3.1,6.2,283.0,284.0,1009.5,0.0,0.0,,100.0
2025-03-07 01:00:00,-11.3,-11.2,,-11.4,,82.0,2.4,4.2,279.0,275.0,1010.1,0.0,0.0,,100.0
2025-03-07 02:00:00,-11.4,-11.3,,-11.5,,82.0,2.4,4.4,262.0,279.0,1010.4,0.0,0.0,,100.0
2025-03-07 03:00:00,-11.4,-11.3,,-11.5,,84.0,2.6,5.0,275.0,265.0,1010.7,0.0,0.0,,100.0
2025-03-07 04:00:00,-11.4,-11.3,,-11.5,,84.0,1.4,3.6,264.0,229.0,1011.1,0.0,0.0,,100.0
2025-03-07 05:00:00,-11.4,-11.3,,-11.6,,83.0,1.9,4.1,263.0,259.0,1011.6,0.0,0.0,,100.0
2025-03-07 06:00:00,-11.7,-11.6,-10.7,-11.7,-11.7,82.0,2.7,4.3,265.0,270.0,1011.9,0.0,0.0,0.0,100.0
2025-03-07 07:00:00,-11.7,-11.6,,-11.8,,83.0,2.4,4.9,277.0,264.0,1012.3,0.0,0.0,,100.0
2025-03-07 08:00:00,-11.6,-11.3,,-11.7,,85.0,2.0,5.0,283.0,277.0,1012.4,0.0,0.0,,100.0
2025-03-07 09:00:00,-11.4,-11.3,,-11.5,,85.0,0.4,1.8,302.0,329.0,1012.7,0.0,0.0,,100.0
2025-03-07 10:00:00,-11.6,-11.2,,-11.8,,85.0,3.0,5.5,265.0,280.0,1012.7,0.0,0.0,,100.0
2025-03-07 11:00:00,-11.2,-11.1,,-11.5,,84.0,1.5,3.1,277.0,282.0,1013.1,9.0,0.0,,100.0
2025-03-07 12:00:00,-11.0,-10.8,,-11.1,,84.0,1.5,2.7,250.0,275.0,1013.5,43.0,0.0,,100.0
2025-03-07 13:00:00,-10.8,-10.6,,-10.9,,83.0,2.5,5.0,269.0,246.0,1013.9,92.0,0.0,,100.0
2025-03-07 14:00:00,-10.9,-10.7,,-11.0,,83.0,3.0,4.3,290.0,280.0,1014.3,119.0,0.1,,100.0
2025-03-07 15:00:00,-10.6,-10.2,,-10.8,,81.0,2.0,4.2,15.0,312.0,1014.9,135.0,0.2,,90.0
2025-03-07 16:00:00,-10.2,-10.0,,-10.2,,81.0,1.7,4.3,4.0,32.0,1015.2,125.0,0.1,,100.0
2025-03-07 17:00:00,-9.8,-9.5,,-10.1,,79.0,1.3,4.5,150.0,83.0,1015.3,193.0,0.0,,100.0
2025-03-07 18:00:00,-9.6,-9.3,-9.3,-9.8,-11.8,78.0,1.0,3.8,242.0,42.0,1015.2,178.0,0.3,,100.0
2025-03-07 19:00:00,-9.7,-9.4,,-9.9,,76.0,1.6,2.8,47.0,26.0,1015.3,148.0,0.3,,90.0
2025-03-07 20:00:00,-9.7,-9.4,,-9.8,,76.0,3.1,5.6,31.0,36.0,1015.0,99.0,0.3,,40.0
2025-03-07 21:00:00,-9.6,-9.4,,-9.8,,76.0,4.7,6.4,39.0,35.0,1014.6,31.0,0.0,,40.0
2025-03-07 22:00:00,-9.6,-9.4,,-9.8,,81.0,6.5,10.5,38.0,38.0,1014.3,2.0,0.0,,90.0
2025-03-07 23:00:00,-9.5,-9.3,,-9.7,,82.0,6.6,10.7,34.0,37.0,1013.6,0.0,0.2,,90.0
2025-03-08 00:00:00,-9.1,-8.8,,-9.3,,83.0,9.4,13.4,26.0,25.0,1013.1,0.0,0.2,,100.0
2025-03-08 01:00:00,-8.5,-8.1,,-8.9,,83.0,7.2,10.5,34.0,30.0,1012.6,0.0,0.0,,90.0
2025-03-08 02:00:00,-7.9,-7.2,,-8.4,,81.0,4.5,8.3,27.0,41.0,1011.6,0.0,0.0,,100.0
2025-03-08 03:00:00,-7.2,-6.9,,-7.5,,79.0,3.5,7.7,28.0,31.0,1010.9,0.0,0.0,,100.0
2025-03-08 04:00:00,-7.2,-6.4,,-7.7,,79.0,9.1,13.3,20.0,18.0,1009.3,0.0,0.0,,90.0
2025-03-08 05:00:00,-5.9,-4.2,,-7.3,,71.0,10.5,15.6,22.0,21.0,1008.1,0.0,0.0,,100.0
2025-03-08 06:00:00,-4.7,-4.1,-4.1,-5.9,-9.9,65.0,10.1,15.1,35.0,27.0,1006.8,0.0,0.0,1.7,100.0
2025-03-08 07:00:00,-4.8,-3.8,,-5.7,,68.0,12.0,15.6,28.0,31.0,1005.5,0.0,0.0,,100.0
2025-03-08 08:00:00,-4.3,-3.5,,-5.1,,75.0,10.8,13.9,31.0,30.0,1004.6,0.0,0.0,,100.0
2025-03-08 09:00:00,-3.1,-2.5,,-3.9,,72.0,11.4,15.6,36.0,33.0,1003.0,0.0,0.0,,90.0
2025-03-08 10:00:00,-2.7,-2.5,,-3.0,,82.0,13.0,17.0,44.0,40.0,1001.2,0.0,0.0,,90.0
2025-03-08 11:00:00,-2.7,-2.4,,-2.9,,89.0,13.2,17.3,46.0,41.0,999.2,4.0,0.0,,60.0
2025-03-08 12:00:00,-2.3,-1.8,,-2.6,,93.0,11.5,17.4,34.0,28.0,998.4,12.0,0.0,,60.0
2025-03-08 13:00:00,-2.1,-1.8,,-2.5,,93.0,11.7,17.2,40.0,40.0,996.3,26.0,0.0,,40.0
2025-03-08 14:00:00,-1.9,-1.6,,-2.3,,93.0,11.4,17.5,38.0,35.0,994.6,36.0,0.4,,40.0
2025-03-08 15:00:00,-1.7,-1.4,,-2.1,,95.0,12.4,16.3,21.0,20.0,993.2,51.0,0.0,,60.0
2025-03-08 16:00:00,-1.2,-0.9,,-1.5,,97.0,11.1,15.1,15.0,18.0,992.1,34.0,1.7,,10.0
2025-03-08 17:00:00,-0.4,0.4,,-0.9,,96.0,8.3,12.5,25.0,26.0,991.3,40.0,0.8,,90.0
2025-03-08 18:00:00,0.1,0.6,0.6,-0.4,-5.7,96.0,7.2,9.7,19.0,20.0,991.8,47.0,1.6,,100.0
2025-03-08 19:00:00,-0.1,0.5,,-0.7,,97.0,4.6,8.3,31.0,21.0,992.7,31.0,2.6,,100.0
2025-03-08 20:00:00,0.6,1.1,,0.2,,97.0,3.0,5.4,32.0,28.0,992.7,29.0,1.2,,100.0
2025-03-08 21:00:00,0.0,0.7,,-0.3,,98.0,6.0,8.2,18.0,25.0,993.1,15.0,0.5,,100.0
2025-03-08 22:00:00,-0.4,0.1,,-0.7,,99.0,7.9,10.6,15.0,16.0,992.3,0.0,0.2,,100.0
2025-03-08 23:00:00,0.4,1.1,,0.0,,99.0,9.3,11.9,11.0,16.0,992.9,0.0,0.5,,100.0
2025-03-09 00:00:00,0.5,1.1,,-0.1,,98.0,7.6,11.2,13.0,12.0,993.6,0.0,0.4,,100.0
2025-03-09 01:00:00,1.2,1.7,,0.9,,98.0,7.0,8.9,6.0,13.0,993.6,0.0,0.4,,100.0
2025-03-09 02:00:00,0.7,1.5,,-0.1,,98.0,7.5,10.8,4.0,9.0,992.8,0.0,0.0,,90.0
2025-03-09 03:00:00,1.1,3.3,,-0.1,,99.0,4.5,9.1,218.0,45.0,992.9,0.0,0.6,,100.0
2025-03-09 04:00:00,1.3,2.5,,0.1,,98.0,4.7,7.8,9.0,18.0,992.0,0.0,0.0,,100.0
2025-03-09 05:00:00,0.8,2.0,,0.3,,99.0,4.2,8.5,78.0,22.0,992.2,0.0,0.3,,90.0
2025-03-09 06:00:00,2.3,3.4,3.4,0.8,-0.7,94.0,3.6,7.7,140.0,161.0,992.4,0.0,0.0,11.2,90.0
2025-03-09 07:00:00,3.3,3.5,,2.9,,81.0,6.1,11.5,157.0,158.0,994.0,0.0,0.0,,90.0
2025-03-09 08:00:00,2.2,2.9,,1.7,,83.0,13.2,22.1,131.0,138.0,993.9,0.0,0.0,,90.0
2025-03-09 09:00:00,2.2,2.8,,1.8,,73.0,13.0,19.8,149.0,136.0,993.6,0.0,0.0,,90.0
2025-03-09 10:00:00,1.8,2.9,,0.7,,77.0,14.7,24.2,133.0,142.0,995.1,0.0,0.0,,100.0
2025-03-09 11:00:00,1.1,1.7,,0.6,,87.0,10.8,19.2,136.0,131.0,995.5,7.0,0.0,,100.0
2025-03-09 12:00:00,1.7,3.5,,1.0,,79.0,11.8,19.6,122.0,129.0,995.3,42.0,0.0,,90.0
2025-03-09 13:00:00,2.2,3.8,,0.7,,73.0,12.7,22.0,142.0,140.0,996.8,36.0,0.0,,90.0
2025-03-09 14:00:00,1.1,1.4,,0.7,,77.0,15.8,28.2,149.0,143.0,996.4,99.0,0.0,,90.0
2025-03-09 15:00:00,0.4,1.1,,-0.1,,84.0,17.2,28.3,139.0,147.0,996.9,89.0,0.0,,100.0
2025-03-09 16:00:00,0.8,1.4,,0.1,,79.0,20.4,34.4,146.0,142.0,997.4,131.0,0.0,,90.0
2025-03-09 17:00:00,-0.2,0.1,,-0.9,,88.0,17.4,25.2,143.0,144.0,997.4,56.0,0.1,,100.0
2025-03-09 18:00:00,-0.7,0.1,3.8,-1.0,-1.0,95.0,18.7,29.8,138.0,139.0,997.2,70.0,1.5,,90.0
2025-03-09 19:00:00,0.5,0.7,,0.1,,73.0,22.9,35.4,138.0,137.0,997.9,97.0,1.0,,60.0
2025-03-09 20:00:00,1.0,1.4,,0.6,,67.0,23.6,35.6,139.0,140.0,999.5,67.0,0.0,,60.0
2025-03-09 21:00:00,1.5,1.9,,1.1,,68.0,25.5,36.1,140.0,140.0,1001.1,25.0,0.0,,90.0
2025-03-09 22:00:00,1.9,2.1,,1.7,,64.0,23.7,34.4,141.0,140.0,1002.1,1.0,0.0,,90.0
2025-03-09 23:00:00,1.6,2.1,,1.0,,73.0,21.5,32.2,141.0,141.0,1004.1,0.0,0.0,,90.0
2025-03-10 00:00:00,0.7,1.2,,0.4,,89.0,13.4,27.0,151.0,147.0,1005.3,0.0,0.0,,100.0
2025-03-10 01:00:00,2.1,3.3,,0.4,,76.0,10.3,16.6,144.0,145.0,1005.1,0.0,0.0,,100.0
2025-03-10 02:00:00,3.1,3.9,,2.5,,70.0,6.6,12.1,161.0,150.0,1004.8,0.0,0.0,,90.0
2025-03-10 03:00:00,2.8,5.3,,1.2,,70.0,3.5,14.7,149.0,230.0,1004.3,0.0,0.0,,90.0
2025-03-10 04:00:00,4.3,5.3,,3.3,,67.0,7.9,13.2,141.0,133.0,1004.5,0.0,0.3,,100.0
2025-03-10 05:00:00,1.8,3.3,,1.0,,88.0,5.1,8.5,14.0,35.0,1003.3,0.0,1.1,,100.0
2025-03-10 06:00:00,2.2,3.2,5.3,1.9,0.1,87.0,6.3,11.6,35.0,21.0,1001.1,0.0,0.6,4.6,90.0
2025-03-10 07:00:00,2.8,4.8,,2.2,,84.0,4.7,11.2,188.0,87.0,1001.5,0.0,0.0,,90.0
2025-03-10 08:00:00,3.9,5.2,,2.6,,78.0,8.3,16.1,136.0,141.0,1001.5,0.0,0.8,,100.0
2025-03-10 09:00:00,3.9,5.4,,3.1,,82.0,4.4,9.6,140.0,104.0,1001.2,0.0,1.4,,90.0
2025-03-10 10:00:00,5.2,6.5,,3.6,,78.0,8.5,19.6,143.0,143.0,1001.9,0.0,2.1,,100.0
2025-03-10 11:00:00,3.7,4.3,,3.3,,84.0,6.9,16.3,148.0,154.0,1001.5,6.0,0.0,,90.0
2025-03-10 12:00:00,4.0,4.3,,3.6,,79.0,14.1,21.8,142.0,146.0,1001.9,28.0,0.6,,90.0
2025-03-10 13:00:00,3.1,3.7,,2.8,,86.0,14.1,21.1,136.0,140.0,1003.5,67.0,0.6,,90.0
2025-03-10 14:00:00,2.7,3.1,,2.2,,87.0,14.4,22.2,141.0,137.0,1004.5,78.0,0.0,,90.0
2025-03-10 15:00:00,3.1,3.8,,2.6,,79.0,14.2,22.6,141.0,139.0,1005.4,137.0,0.0,,90.0
2025-03-10 16:00:00,4.0,4.3,,3.7,,58.0,14.4,21.5,144.0,143.0,1005.9,206.0,0.0,,90.0
2025-03-10 17:00:00,3.7,4.0,,3.4,,55.0,12.3,18.8,135.0,140.0,1006.9,194.0,0.0,,90.0
2025-03-10 18:00:00,4.0,4.5,6.5,3.2,2.2,55.0,15.8,25.6,136.0,136.0,1008.3,154.0,0.0,,90.0
2025-03-10 19:00:00,3.0,3.5,,2.6,,66.0,13.1,22.6,138.0,133.0,1009.5,107.0,0.0,,90.0
2025-03-10 20:00:00,3.5,3.9,,3.3,,64.0,11.3,19.9,137.0,140.0,1010.2,66.0,0.0,,90.0
2025-03-10 21:00:00,3.7,4.1,,3.4,,63.0,11.7,19.6,143.0,143.0,1010.7,37.0,0.0,,90.0
2025-03-10 22:00:00,3.9,4.1,,3.6,,63.0,11.3,19.7,143.0,144.0,1011.5,2.0,0.0,,90.0
2025-03-10 23:00:00,3.5,3.8,,3.3,,66.0,9.1,15.4,134.0,137.0,1012.1,0.0,0.0,,90.0
2025-03-11 00:00:00,3.9,4.2,,3.4,,62.0,8.2,13.2,128.0,132.0,1012.2,0.0,0.0,,90.0
2025-03-11 01:00:00,4.6,5.3,,1.7,,57.0,5.1,10.8,65.0,117.0,1012.7,0.0,0.0,,90.0
2025-03-11 02:00:00,0.6,1.8,,0.0,,87.0,4.8,7.1,3.0,356.0,1012.7,0.0,0.0,,90.0
2025-03-11 03:00:00,1.0,1.3,,0.4,,86.0,4.2,6.2,345.0,351.0,1012.5,0.0,0.0,,90.0
2025-03-11 04:00:00,1.1,1.5,,0.8,,83.0,4.7,6.3,8.0,2.0,1012.4,0.0,0.0,,90.0
2025-03-11 05:00:00,0.8,1.1,,0.6,,85.0,5.3,7.2,9.0,11.0,1012.4,0.0,0.0,,90.0
2025-03-11 06:00:00,1.5,2.6,5.3,0.6,0.0,80.0,4.9,6.6,41.0,21.0,1012.0,0.0,0.0,5.5,90.0
2025-03-11 07:00:00,2.3,3.4,,1.0,,76.0,2.0,4.7,27.0,46.0,1012.5,0.0,0.0,,90.0
2025-03-11 08:00:00,1.0,1.6,,0.6,,84.0,4.4,6.5,14.0,13.0,1012.5,0.0,0.0,,90.0
2025-03-11 09:00:00,0.9,1.6,,0.3,,84.0,5.4,9.0,13.0,12.0,1012.2,0.0,0.0,,90.0
2025-03-11 10:00:00,1.4,2.1,,0.7,,81.0,6.8,9.1,41.0,18.0,1012.2,1.0,0.0,,90.0
2025-03-11 11:00:00,1.8,4.3,,0.9,,77.0,7.0,10.0,30.0,28.0,1011.7,21.0,0.0,,90.0
2025-03-11 12:00:00,4.0,5.8,,1.8,,59.0,6.2,11.3,25.0,20.0,1011.7,125.0,0.0,,90.0
2025-03-11 13:00:00,5.5,6.2,,4.3,,47.0,3.9,9.8,66.0,39.0,1012.0,213.0,0.0,,90.0
2025-03-11 14:00:00,3.3,4.7,,2.3,,63.0,2.0,4.3,25.0,46.0,1012.2,298.0,0.0,,90.0
2025-03-11 15:00:00,3.1,4.2,,2.1,,62.0,1.9,5.4,241.0,248.0,1011.9,351.0,0.0,,90.0
2025-03-11 16:00:00,4.2,4.8,,3.6,,55.0,0.6,1.5,20.0,76.0,1011.3,378.0,0.0,,60.0
2025-03-11 17:00:00,3.4,4.0,,3.0,,57.0,1.8,2.6,360.0,359.0,1011.2,364.0,0.0,,40.0
2025-03-11 18:00:00,3.4,3.8,6.2,2.7,0.3,56.0,2.0,3.0,327.0,320.0,1011.1,283.0,0.0,,60.0
2025-03-11 19:00:00,3.3,3.5,,2.8,,58.0,2.3,4.1,352.0,339.0,1010.9,248.0,0.0,,60.0
2025-03-11 20:00:00,2.8,3.2,,2.0,,61.0,2.8,4.1,14.0,5.0,1011.3,141.0,0.0,,40.0
2025-03-11 21:00:00,2.5,2.9,,2.2,,63.0,3.7,4.5,16.0,12.0,1011.0,56.0,0.0,,90.0
2025-03-11 22:00:00,2.5,2.9,,1.6,,63.0,4.4,6.1,349.0,357.0,1010.9,4.0,0.0,,90.0
2025-03-11 23:00:00,1.4,2.4,,0.6,,69.0,5.1,7.1,18.0,6.0,1010.9,0.0,0.0,,90.0
2025-03-12 00:00:00,1.9,2.8,,1.1,,64.0,3.9,7.4,255.0,26.0,1011.6,0.0,0.0,,90.0
2025-03-12 01:00:00,3.9,6.3,,1.4,,56.0,2.4,6.8,6.0,92.0,1011.4,0.0,0.0,,90.0
2025-03-12 02:00:00,2.3,4.0,,0.9,,64.0,5.2,8.7,5.0,14.0,1011.1,0.0,0.0,,90.0
2025-03-12 03:00:00,2.4,4.5,,0.8,,64.0,3.8,10.0,181.0,51.0,1011.6,0.0,0.0,,90.0
2025-03-12 04:00:00,3.6,4.9,,3.0,,57.0,5.4,9.4,24.0,40.0,1010.5,0.0,0.0,,90.0
2025-03-12 05:00:00,3.4,3.8,,2.7,,56.0,7.9,11.8,22.0,25.0,1010.0,0.0,0.0,,90.0
2025-03-12 06:00:00,4.3,4.9,6.3,3.1,0.6,54.0,8.3,11.7,15.0,14.0,1010.0,0.0,0.0,0.0,90.0
2025-03-12 07:00:00,4.9,5.7,,3.9,,62.0,8.2,12.5,32.0,32.0,1008.8,0.0,0.0,,90.0
2025-03-12 08:00:00,6.0,7.5,,5.0,,64.0,8.8,14.5,23.0,33.0,1008.1,0.0,0.0,,60.0
2025-03-12 09:00:00,7.1,10.4,,5.4,,61.0,6.4,13.1,177.0,42.0,1007.7,0.0,0.0,,90.0
2025-03-12 10:00:00,8.6,10.7,,7.5,,54.0,2.1,7.1,21.0,15.0,1007.8,0.0,0.0,,90.0
2025-03-12 11:00:00,9.2,10.6,,8.0,,54.0,4.8,14.4,129.0,133.0,1008.6,6.0,0.0,,90.0
2025-03-12 12:00:00,7.9,9.7,,5.0,,64.0,6.3,11.0,41.0,51.0,1008.5,24.0,0.3,,90.0
2025-03-12 13:00:00,6.3,7.9,,4.3,,68.0,5.2,9.8,355.0,16.0,1008.4,76.0,0.0,,90.0
2025-03-12 14:00:00,9.5,11.0,,6.2,,54.0,2.5,8.1,174.0,111.0,1008.9,161.0,0.0,,90.0
2025-03-12 15:00:00,6.1,9.6,,4.9,,66.0,4.9,11.2,157.0,179.0,1010.0,158.0,0.0,,90.0
2025-03-12 16:00:00,5.9,6.2,,5.3,,64.0,5.2,7.5,171.0,161.0,1009.8,153.0,0.0,,90.0
2025-03-12 17:00:00,5.0,5.4,,4.6,,70.0,2.4,6.2,43.0,94.0,1009.6,209.0,0.0,,60.0
2025-03-12 18:00:00,4.2,5.2,11.0,3.3,3.3,72.0,2.6,4.3,332.0,347.0,1009.2,161.0,0.0,,90.0
2025-03-12 19:00:00,4.6,5.0,,4.5,,71.0,2.8,4.2,341.0,337.0,1008.8,108.0,0.0,,40.0
2025-03-12 20:00:00,4.4,4.6,,4.3,,72.0,3.4,4.7,356.0,351.0,1008.0,58.0,0.0,,90.0
2025-03-12 21:00:00,4.2,4.7,,3.6,,73.0,3.6,5.0,3.0,359.0,1007.5,23.0,0.0,,60.0
2025-03-12 22:00:00,3.8,4.4,,2.5,,76.0,4.5,5.8,12.0,359.0,1006.6,2.0,0.0,,90.0
2025-03-12 23:00:00,3.0,3.9,,2.2,,79.0,5.6,8.4,15.0,6.0,1005.8,0.0,0.0,,90.0
2025-03-13 00:00:00,3.3,4.3,,2.4,,78.0,2.6,5.4,59.0,32.0,1005.3,0.0,0.0,,90.0
2025-03-13 01:00:00,3.4,4.3,,2.4,,78.0,3.8,7.0,141.0,136.0,1005.3,0.0,0.0,,90.0
2025-03-13 02:00:00,3.6,4.0,,3.0,,81.0,6.1,7.9,160.0,152.0,1005.2,0.0,0.0,,100.0
2025-03-13 03:00:00,3.4,3.8,,2.9,,86.0,7.0,12.1,151.0,150.0,1004.2,0.0,0.0,,100.0
2025-03-13 04:00:00,3.8,3.9,,3.6,,84.0,9.6,13.4,143.0,147.0,1004.3,0.0,0.0,,100.0
2025-03-13 05:00:00,3.3,3.8,,2.9,,87.0,11.6,17.5,137.0,143.0,1004.1,0.0,0.0,,100.0
2025-03-13 06:00:00,2.6,3.0,5.0,2.4,2.2,88.0,11.9,17.1,134.0,135.0,1003.8,0.0,0.0,0.3,100.0
2025-03-13 07:00:00,2.4,2.6,,2.2,,85.0,12.9,17.4,138.0,136.0,1003.6,0.0,0.0,,100.0
2025-03-13 08:00:00,2.2,2.4,,2.1,,85.0,13.4,17.8,139.0,139.0,1003.3,0.0,0.0,,
2025-03-13 09:00:00,1.9,2.2,,1.3,,87.0,11.2,16.0,148.0,143.0,1003.6,0.0,0.4,,100.0
2025-03-13 10:00:00,1.1,1.3,,0.8,,92.0,9.6,13.5,139.0,143.0,1003.3,1.0,0.6,,100.0
2025-03-13 11:00:00,0.8,0.9,,0.7,,93.0,9.6,13.6,142.0,141.0,1003.2,19.0,0.3,,100.0
2025-03-13 12:00:00,0.5,0.8,,0.3,,95.0,7.9,11.0,146.0,146.0,1002.9,36.0,0.2,,100.0
2025-03-13 13:00:00,0.4,0.6,,0.3,,96.0,10.0,14.4,142.0,144.0,1002.4,71.0,0.4,,100.0
2025-03-13 14:00:00,0.4,0.5,,0.2,,95.0,11.3,16.6,140.0,140.0,1002.2,82.0,0.0,,
2025-03-13 15:00:00,0.1,0.3,,-0.1,,98.0,10.5,15.2,139.0,139.0,1001.6,92.0,0.0,,
2025-03-13 16:00:00,-0.2,0.0,,-0.4,,98.0,12.9,20.5,141.0,141.0,1001.3,79.0,0.4,,100.0
2025-03-13 17:00:00,0.1,0.4,,-0.2,,94.0,13.5,20.6,137.0,138.0,1000.8,180.0,0.0,,60.0
2025-03-13 18:00:00,0.3,0.5,2.6,0.2,-0.4,93.0,10.6,17.2,143.0,139.0,1000.6,140.0,0.4,,100.0
2025-03-13 19:00:00,0.1,0.3,,-0.2,,98.0,9.8,18.0,146.0,139.0,1001.0,40.0,1.0,,
2025-03-13 20:00:00,-0.9,-0.2,,-1.4,,97.0,13.8,19.8,137.0,146.0,1001.7,31.0,1.2,,100.0
2025-03-13 21:00:00,-1.1,-0.7,,-1.4,,89.0,16.7,26.8,139.0,136.0,1001.3,28.0,0.0,,90.0
2025-03-13 22:00:00,-0.9,-0.7,,-1.2,,75.0,20.0,31.6,137.0,140.0,1001.3,7.0,0.0,,40.0
2025-03-13 23:00:00,-0.9,-0.7,,-1.1,,70.0,22.9,33.3,136.0,135.0,1001.4,0.0,0.0,,90.0
2025-03-14 00:00:00,-1.9,-1.0,,-2.9,,79.0,21.2,34.9,177.0,154.0,1006.2,0.0,0.0,,90.0
2025-03-14 01:00:00,-3.1,-2.9,,-3.2,,79.0,12.4,20.8,177.0,174.0,1008.9,0.0,0.0,,90.0
2025-03-14 02:00:00,-3.4,-3.2,,-3.8,,81.0,9.8,15.1,169.0,171.0,1009.7,0.0,0.0,,90.0
2025-03-14 03:00:00,-3.7,-3.3,,-3.9,,79.0,9.3,13.5,183.0,181.0,1010.1,0.0,0.0,,100.0
2025-03-14 04:00:00,-4.0,-3.8,,-4.2,,76.0,6.9,11.3,192.0,191.0,1011.0,0.0,0.0,,90.0
2025-03-14 05:00:00,-4.5,-4.0,,-5.1,,78.0,6.2,9.3,205.0,199.0,1011.7,0.0,0.0,,90.0
2025-03-14 06:00:00,-5.5,-5.1,0.3,-5.9,-5.9,87.0,5.5,9.0,196.0,200.0,1012.4,0.0,0.1,5.0,
2025-03-14 07:00:00,-5.9,-5.8,,-6.0,,88.0,4.7,7.1,188.0,189.0,1012.5,0.0,0.2,,100.0
2025-03-14 08:00:00,-6.2,-5.7,,-6.4,,90.0,4.9,7.4,181.0,193.0,1012.8,0.0,0.2,,
2025-03-14 09:00:00,-6.1,-6.0,,-6.3,,89.0,4.6,6.9,147.0,164.0,1012.9,0.0,0.0,,100.0
2025-03-14 10:00:00,-6.0,-5.8,,-6.0,,87.0,4.0,6.2,169.0,162.0,1012.9,1.0,0.0,,90.0
2025-03-14 11:00:00,-5.9,-5.7,,-5.9,,90.0,3.5,5.6,161.0,156.0,1013.3,13.0,0.3,,90.0
2025-03-14 12:00:00,-5.9,-5.7,,-6.0,,94.0,1.2,3.2,279.0,235.0,1013.3,36.0,1.4,,60.0
2025-03-14 13:00:00,-5.9,-5.7,,-6.0,,94.0,1.6,3.2,41.0,344.0,1013.3,76.0,0.4,,90.0
2025-03-14 14:00:00,-5.3,-4.6,,-5.7,,85.0,1.9,3.7,42.0,43.0,1013.1,195.0,0.0,,90.0
2025-03-14 15:00:00,-3.9,-3.5,,-4.6,,61.0,2.3,6.3,110.0,101.0,1012.8,237.0,0.0,,90.0
2025-03-14 16:00:00,-3.5,-3.2,,-3.8,,60.0,4.8,8.4,126.0,128.0,1012.1,295.0,0.0,,60.0
2025-03-14 17:00:00,-3.4,-3.1,,-3.6,,66.0,6.0,10.7,127.0,131.0,1011.7,249.0,0.0,,90.0
2025-03-14 18:00:00,-3.4,-3.1,-3.1,-3.5,-6.4,67.0,3.8,6.7,133.0,130.0,1011.5,179.0,0.0,,90.0
2025-03-14 19:00:00,-3.6,-3.2,,-3.9,,69.0,3.6,6.0,35.0,64.0,1011.3,143.0,0.0,,90.0
2025-03-14 20:00:00,-4.2,-3.9,,-4.6,,77.0,3.4,6.2,70.0,70.0,1011.3,61.0,0.0,,100.0
2025-03-14 21:00:00,-4.2,-4.0,,-4.6,,77.0,3.5,6.1,40.0,31.0,1010.6,33.0,0.0,,90.0
2025-03-14 22:00:00,-3.9,-3.7,,-4.1,,73.0,4.9,6.7,30.0,37.0,1010.0,4.0,0.0,,100.0
2025-03-14 23:00:00,-3.9,-3.8,,-4.0,,74.0,5.3,7.1,27.0,33.0,1009.1,0.0,0.0,,90.0
2025-03-15 00:00:00,-3.8,-3.7,,-3.9,,71.0,4.9,6.5,28.0,29.0,1008.3,0.0,0.0,,100.0
2025-03-15 01:00:00,-3.9,-3.8,,-4.1,,70.0,4.6,7.0,22.0,31.0,1007.3,0.0,0.0,,90.0
2025-03-15 02:00:00,-4.3,-4.0,,-4.5,,72.0,5.5,7.1,36.0,24.0,1006.6,0.0,0.0,,60.0
2025-03-15 03:00:00,-4.5,-4.2,,-4.8,,75.0,5.4,7.1,30.0,31.0,1005.8,0.0,0.0,,60.0
2025-03-15 04:00:00,-4.6,-4.4,,-4.8,,74.0,4.7,6.0,24.0,23.0,1004.8,0.0,0.0,,60.0
2025-03-15 05:00:00,-4.9,-4.7,,-5.0,,74.0,4.0,5.9,26.0,19.0,1004.1,0.0,0.0,,40.0
2025-03-15 06:00:00,-4.9,-4.4,-3.2,-5.3,-5.3,71.0,5.8,8.6,27.0,27.0,1003.2,0.0,0.0,2.5,40.0
2025-03-15 07:00:00,-4.9,-4.7,,-5.2,,66.0,6.7,9.1,27.0,24.0,1002.6,0.0,0.0,,40.0
2025-03-15 08:00:00,-5.2,-4.7,,-5.6,,71.0,5.9,7.9,21.0,21.0,1002.0,0.0,0.0,,60.0
2025-03-15 09:00:00,-5.8,-5.2,,-6.6,,70.0,6.9,9.6,337.0,360.0,1001.5,0.0,0.0,,60.0
2025-03-15 10:00:00,-6.8,-6.5,,-7.0,,67.0,7.5,9.8,350.0,343.0,1001.2,2.0,0.0,,40.0
2025-03-15 11:00:00,-6.8,-6.5,,-6.9,,74.0,6.7,8.5,335.0,342.0,1000.5,25.0,0.0,,10.0
2025-03-15 12:00:00,-6.1,-5.5,,-6.6,,73.0,6.3,8.3,348.0,345.0,1000.2,159.0,0.0,,10.0
2025-03-15 13:00:00,-5.6,-5.3,,-6.0,,69.0,6.7,9.4,335.0,349.0,999.6,268.0,0.0,,60.0
2025-03-15 14:00:00,-5.5,-5.2,,-6.3,,66.0,6.9,9.1,339.0,9.0,999.2,356.0,0.0,,40.0
2025-03-15 15:00:00,-6.3,-6.1,,-6.4,,70.0,7.9,9.4,337.0,339.0,998.9,416.0,0.0,,40.0
2025-03-15 16:00:00,-6.5,-6.2,,-6.7,,65.0,7.5,9.3,332.0,335.0,998.8,444.0,0.0,,40.0
2025-03-15 17:00:00,-6.2,-5.9,,-6.5,,63.0,7.2,9.0,343.0,337.0,998.7,432.0,0.0,,40.0
2025-03-15 18:00:00,-5.7,-5.4,-4.7,-6.0,-7.0,60.0,4.6,7.1,342.0,349.0,999.0,332.0,0.0,,60.0
2025-03-15 19:00:00,-5.4,-5.3,,-5.7,,62.0,3.9,5.7,345.0,339.0,999.6,295.0,0.0,,60.0
2025-03-15 20:00:00,-5.4,-5.2,,-5.6,,55.0,3.2,4.3,330.0,343.0,1000.0,195.0,0.0,,60.0
2025-03-15 21:00:00,-5.5,-5.3,,-5.8,,48.0,3.1,4.1,4.0,352.0,1000.2,83.0,0.0,,40.0
2025-03-15 22:00:00,-5.6,-5.4,,-5.8,,58.0,2.8,4.0,3.0,2.0,1000.5,9.0,0.0,,60.0
2025-03-15 23:00:00,-5.6,-5.4,,-5.9,,65.0,3.1,4.2,9.0,5.0,1000.5,0.0,0.0,,60.0
2025-03-16 00:00:00,-5.8,-5.6,,-6.0,,66.0,3.7,4.6,7.0,14.0,1000.5,0.0,0.0,,90.0
2025-03-16 01:00:00,-5.8,-5.6,,-6.0,,74.0,4.2,6.4,348.0,350.0,1000.4,0.0,0.0,,90.0
2025-03-16 02:00:00,-5.9,-5.8,,-6.3,,77.0,5.9,7.7,340.0,344.0,1000.5,0.0,0.0,,90.0
2025-03-16 03:00:00,-6.4,-6.1,,-6.8,,72.0,6.6,8.6,336.0,341.0,1000.3,0.0,0.0,,90.0
2025-03-16 04:00:00,-6.4,-6.2,,-6.9,,71.0,6.3,7.8,332.0,338.0,1000.1,0.0,0.0,,90.0
2025-03-16 05:00:00,-6.8,-6.5,,-7.1,,68.0,6.6,8.5,350.0,338.0,999.9,0.0,0.0,,90.0
2025-03-16 06:00:00,-6.8,-6.6,-5.2,-7.1,-7.1,68.0,5.6,8.2,335.0,344.0,999.6,0.0,0.0,0.0,90.0
2025-03-16 07:00:00,-6.8,-6.4,,-7.2,,66.0,5.4,7.2,341.0,337.0,999.7,0.0,0.0,,90.0
2025-03-16 08:00:00,-6.7,-6.5,,-6.9,,62.0,4.3,5.8,339.0,341.0,1000.1,0.0,0.0,,90.0
2025-03-16 09:00:00,-6.6,-6.4,,-6.9,,64.0,4.0,5.5,17.0,351.0,1000.4,0.0,0.0,,90.0
2025-03-16 10:00:00,-6.2,-5.9,,-6.7,,64.0,2.4,3.5,319.0,353.0,1000.7,2.0,0.0,,90.0
2025-03-16 11:00:00,-6.2,-6.0,,-6.3,,70.0,2.3,3.7,306.0,325.0,1001.2,29.0,0.0,,90.0
2025-03-16 12:00:00,-6.1,-5.8,,-6.2,,75.0,2.3,4.7,299.0,294.0,1002.0,113.0,0.0,,60.0
2025-03-16 13:00:00,-5.7,-5.4,,-5.9,,78.0,3.7,6.2,318.0,300.0,1002.7,202.0,0.0,,60.0
2025-03-16 14:00:00,-5.5,-5.1,,-5.9,,70.0,5.1,8.1,309.0,308.0,1004.0,255.0,0.0,,90.0
2025-03-16 15:00:00,-5.1,-4.8,,-5.7,,79.0,9.2,13.3,283.0,286.0,1005.6,221.0,0.0,,90.0
2025-03-16 16:00:00,-5.2,-5.1,,-5.4,,75.0,9.6,12.9,288.0,290.0,1007.1,160.0,0.0,,90.0
2025-03-16 17:00:00,-5.4,-5.2,,-5.5,,76.0,9.1,14.3,303.0,300.0,1008.5,171.0,0.0,,90.0
2025-03-16 18:00:00,-5.4,-5.3,-4.8,-5.5,-7.2,74.0,9.4,12.5,306.0,304.0,1010.1,194.0,0.0,,90.0
2025-03-16 19:00:00,-5.5,-5.4,,-5.6,,74.0,6.6,10.5,310.0,311.0,1011.6,131.0,0.0,,90.0
2025-03-16 20:00:00,-5.5,-5.4,,-5.6,,74.0,6.2,8.9,303.0,309.0,1012.7,91.0,0.0,,90.0
2025-03-16 21:00:00,-5.6,-5.5,,-5.7,,72.0,5.8,9.4,323.0,315.0,1013.8,47.0,0.0,,90.0
2025-03-16 22:00:00,-5.7,-5.6,,-5.8,,72.0,4.2,7.2,311.0,315.0,1014.6,7.0,0.0,,90.0
2025-03-16 23:00:00,-5.7,-5.7,,-5.8,,71.0,4.0,6.4,309.0,318.0,1015.3,0.0,0.0,,90.0
2025-03-17 00:00:00,-5.8,-5.7,,-5.8,,71.0,3.9,6.4,315.0,314.0,1015.8,0.0,0.0,,90.0
2025-03-17 01:00:00,-5.8,-5.8,,-5.9,,71.0,4.0,7.0,321.0,321.0,1015.8,0.0,0.0,,90.0
2025-03-17 02:00:00,-5.9,-5.8,,-6.0,,70.0,3.9,6.2,314.0,313.0,1015.7,0.0,0.0,,90.0
2025-03-17 03:00:00,-6.0,-5.9,,-6.1,,71.0,3.7,7.2,327.0,317.0,1015.6,0.0,0.0,,90.0
2025-03-17 04:00:00,-6.1,-6.0,,-6.2,,71.0,3.5,5.5,317.0,323.0,1015.4,0.0,0.0,,90.0
2025-03-17 05:00:00,-6.4,-6.2,,-6.6,,72.0,3.5,5.8,335.0,328.0,1015.0,0.0,0.0,,90.0
2025-03-17 06:00:00,-6.5,-6.4,-5.4,-6.7,-6.7,74.0,2.7,4.7,24.0,352.0,1014.7,0.0,0.0,0.0,90.0
2025-03-17 07:00:00,-6.7,-6.4,,-7.0,,74.0,3.5,6.5,359.0,12.0,1014.5,0.0,0.0,,90.0
2025-03-17 08:00:00,-6.3,-6.2,,-6.5,,75.0,6.1,8.5,8.0,9.0,1013.7,0.0,0.0,,90.0
2025-03-17 09:00:00,-6.5,-6.2,,-6.8,,76.0,5.1,7.9,49.0,33.0,1013.4,0.0,0.0,,90.0
2025-03-17 10:00:00,-6.4,-6.1,,-6.8,,74.0,5.6,8.3,35.0,40.0,1012.6,5.0,0.0,,90.0
2025-03-17 11:00:00,-6.0,-5.5,,-6.3,,74.0,6.5,11.4,30.0,37.0,1011.5,41.0,0.0,,90.0
2025-03-17 12:00:00,-5.6,-5.3,,-5.8,,71.0,8.3,12.5,33.0,40.0,1010.5,169.0,0.0,,60.0
2025-03-17 13:00:00,-5.2,-5.0,,-5.4,,68.0,8.4,12.4,33.0,32.0,1010.1,275.0,0.0,,90.0
2025-03-17 14:00:00,-4.9,-4.7,,-5.2,,65.0,6.6,11.1,25.0,29.0,1009.9,364.0,0.0,,90.0
2025-03-17 15:00:00,-4.6,-4.3,,-4.8,,64.0,7.0,9.8,19.0,33.0,1008.8,421.0,0.0,,90.0
2025-03-17 16:00:00,-4.3,-3.9,,-4.6,,62.0,5.8,9.1,26.0,37.0,1007.7,415.0,0.0,,60.0
2025-03-17 17:00:00,-4.0,-3.1,,-4.6,,61.0,4.1,9.0,121.0,63.0,1006.9,379.0,0.0,,40.0
2025-03-17 18:00:00,-3.4,-2.7,-2.7,-3.6,-7.0,59.0,1.6,3.1,291.0,268.0,1006.3,312.0,0.0,,10.0
2025-03-17 19:00:00,-3.3,-3.0,,-3.6,,59.0,1.4,2.8,172.0,242.0,1005.9,244.0,0.0,,10.0
2025-03-17 20:00:00,-3.5,-3.1,,-3.7,,60.0,0.4,1.3,316.0,273.0,1005.4,127.0,0.0,,10.0
2025-03-17 21:00:00,-3.6,-3.3,,-3.8,,60.0,1.3,3.7,265.0,328.0,1005.5,61.0,0.0,,40.0
2025-03-17 22:00:00,-3.7,-3.4,,-3.9,,66.0,1.8,4.0,162.0,190.0,1005.5,11.0,0.0,,90.0
2025-03-17 23:00:00,-4.1,-4.0,,-4.3,,73.0,2.7,4.4,124.0,152.0,1005.2,0.0,0.0,,90.0
2025-03-18 00:00:00,-4.1,-3.9,,-4.5,,67.0,2.4,3.9,27.0,43.0,1004.8,0.0,0.0,,90.0
2025-03-18 01:00:00,-3.7,-3.5,,-4.1,,64.0,1.0,2.7,308.0,310.0,1004.9,0.0,0.0,,90.0
2025-03-18 02:00:00,-3.4,-2.4,,-3.9,,60.0,1.8,3.6,34.0,20.0,1004.6,0.0,0.0,,90.0
2025-03-18 03:00:00,-2.6,-2.2,,-3.3,,52.0,1.1,3.7,284.0,357.0,1004.1,0.0,0.0,,
2025-03-18 04:00:00,-3.1,-2.5,,-3.9,,54.0,1.7,4.5,2.0,324.0,1003.7,0.0,0.0,,90.0
2025-03-18 05:00:00,-3.7,-2.7,,-4.1,,68.0,4.1,8.9,12.0,354.0,1003.5,0.0,0.0,,90.0
2025-03-18 06:00:00,-3.8,-3.4,-2.2,-4.3,-4.5,68.0,3.0,5.0,140.0,147.0,1003.5,0.0,0.0,0.0,90.0
2025-03-18 07:00:00,-3.9,-3.7,,-4.1,,71.0,3.2,5.8,291.0,8.0,1003.8,0.0,0.0,,90.0
2025-03-18 08:00:00,-3.8,-3.5,,-4.0,,76.0,4.9,8.0,138.0,175.0,1004.1,0.0,0.0,,90.0
2025-03-18 09:00:00,-3.7,-3.5,,-3.8,,78.0,5.4,8.3,135.0,136.0,1004.1,0.0,0.0,,90.0
2025-03-18 10:00:00,-3.3,-2.8,,-3.8,,66.0,3.7,7.6,110.0,102.0,1004.3,7.0,0.0,,90.0
2025-03-18 11:00:00,-3.3,-2.7,,-3.9,,64.0,1.8,4.2,12.0,45.0,1004.2,79.0,0.0,,10.0
2025-03-18 12:00:00,-0.2,1.0,,-2.8,,46.0,4.6,15.0,140.0,129.0,1003.9,247.0,0.0,,10.0
2025-03-18 13:00:00,0.1,0.7,,-0.2,,47.0,9.2,14.9,138.0,137.0,1004.7,197.0,0.0,,60.0
2025-03-18 14:00:00,-0.4,-0.2,,-0.6,,52.0,6.8,11.1,133.0,135.0,1004.9,140.0,0.0,,90.0
2025-03-18 15:00:00,0.1,0.4,,-0.2,,48.0,5.8,10.1,144.0,148.0,1004.5,140.0,0.0,,90.0
2025-03-18 16:00:00,0.4,0.5,,0.2,,47.0,7.8,14.3,139.0,140.0,1003.9,142.0,0.0,,90.0
2025-03-18 17:00:00,-0.2,0.3,,-0.7,,63.0,8.5,13.6,137.0,135.0,1003.6,153.0,0.0,,100.0
2025-03-18 18:00:00,-0.8,-0.6,1.0,-1.0,-4.1,75.0,6.4,11.3,148.0,141.0,1003.7,152.0,0.0,,100.0
2025-03-18 19:00:00,-0.3,0.1,,-1.0,,74.0,6.6,11.5,136.0,138.0,1003.3,113.0,0.0,,100.0
2025-03-18 20:00:00,-1.1,-0.2,,-1.6,,89.0,6.2,9.0,151.0,150.0,1003.6,87.0,0.3,,100.0
2025-03-18 21:00:00,-1.7,-1.6,,-2.0,,97.0,2.9,7.4,86.0,125.0,1003.6,24.0,0.4,,100.0
2025-03-18 22:00:00,-2.3,-2.0,,-2.5,,98.0,0.7,1.6,14.0,338.0,1003.5,5.0,0.4,,60.0
2025-03-18 23:00:00,-2.2,-2.0,,-2.4,,97.0,2.9,6.0,31.0,22.0,1003.2,0.0,0.2,,90.0
2025-03-19 00:00:00,-1.8,-1.6,,-2.1,,97.0,1.1,3.3,84.0,80.0,1003.2,0.0,0.2,,40.0
2025-03-19 01:00:00,-1.2,-0.4,,-1.7,,94.0,3.0,7.6,136.0,108.0,1002.8,0.0,0.2,,90.0
2025-03-19 02:00:00,-1.2,-0.6,,-1.7,,90.0,2.3,4.8,21.0,78.0,1002.5,0.0,0.0,,90.0
2025-03-19 03:00:00,-2.5,-1.0,,-4.6,,92.0,4.8,12.0,269.0,306.0,1002.8,0.0,0.7,,40.0
2025-03-19 04:00:00,-5.1,-4.6,,-5.5,,95.0,8.1,12.1,276.0,275.0,1003.6,0.0,0.9,,90.0
2025-03-19 05:00:00,-5.7,-5.4,,-6.1,,94.0,8.2,10.9,280.0,278.0,1004.0,0.0,0.5,,90.0
2025-03-19 06:00:00,-6.3,-5.9,0.1,-6.7,-6.7,93.0,8.0,11.2,278.0,278.0,1004.5,0.0,0.2,4.0,90.0
2025-03-19 07:00:00,-6.8,-6.6,,-7.0,,92.0,8.3,11.0,274.0,276.0,1005.0,0.0,0.2,,100.0
2025-03-19 08:00:00,-7.2,-7.0,,-7.4,,90.0,7.9,10.7,278.0,276.0,1005.7,0.0,0.0,,90.0
2025-03-19 09:00:00,-7.7,-7.3,,-8.0,,90.0,7.9,10.7,274.0,275.0,1006.4,0.0,0.0,,90.0
2025-03-19 10:00:00,-8.0,-7.9,,-8.3,,91.0,7.4,10.5,274.0,276.0,1007.2,2.0,0.4,,90.0
2025-03-19 11:00:00,-8.4,-8.1,,-8.5,,90.0,6.8,9.4,278.0,277.0,1007.7,28.0,0.3,,100.0
2025-03-19 12:00:00,-8.5,-8.4,,-8.6,,87.0,5.6,8.5,281.0,279.0,1008.2,78.0,0.0,,90.0
2025-03-19 13:00:00,-8.4,-8.3,,-8.5,,88.0,4.2,6.6,271.0,274.0,1008.3,127.0,0.0,,100.0
2025-03-19 14:00:00,-8.3,-8.1,,-8.5,,86.0,4.7,6.6,271.0,271.0,1008.5,200.0,0.0,,60.0
2025-03-19 15:00:00,-8.1,-7.8,,-8.3,,80.0,4.2,6.4,272.0,270.0,1008.5,245.0,0.0,,100.0
2025-03-19 16:00:00,-8.0,-7.7,,-8.3,,76.0,6.3,8.9,260.0,262.0,1008.7,190.0,0.0,,90.0
2025-03-19 17:00:00,-8.4,-8.1,,-8.7,,76.0,6.6,10.0,261.0,259.0,1009.2,163.0,0.0,,90.0
2025-03-19 18:00:00,-8.4,-8.2,-6.6,-8.8,-8.8,74.0,5.3,7.7,263.0,264.0,1009.7,145.0,0.0,,90.0
2025-03-19 19:00:00,-8.2,-8.0,,-8.3,,63.0,3.5,6.2,305.0,287.0,1010.1,154.0,0.0,,100.0
2025-03-19 20:00:00,-8.2,-8.1,,-8.3,,63.0,1.2,2.8,74.0,322.0,1010.4,107.0,0.0,,100.0
2025-03-19 21:00:00,-8.3,-8.2,,-8.4,,65.0,0.6,2.4,297.0,291.0,1010.6,42.0,0.0,,100.0
2025-03-19 22:00:00,-8.5,-8.3,,-8.7,,68.0,1.2,2.6,93.0,65.0,1010.6,9.0,0.0,,100.0
2025-03-19 23:00:00,-8.8,-8.6,,-9.2,,75.0,0.3,1.4,83.0,104.0,1010.6,0.0,0.0,,90.0
2025-03-20 00:00:00,-9.0,-8.7,,-9.2,,81.0,1.8,2.4,115.0,101.0,1010.7,0.0,0.0,,100.0
2025-03-20 01:00:00,-8.5,-8.4,,-8.7,,74.0,1.3,2.1,107.0,110.0,1010.6,0.0,0.0,,90.0
2025-03-20 02:00:00,-8.4,-8.3,,-8.4,,69.0,0.8,1.4,21.0,55.0,1010.5,0.0,0.0,,90.0
2025-03-20 03:00:00,-8.6,-8.3,,-9.0,,65.0,1.3,2.1,90.0,85.0,1010.3,0.0,0.0,,90.0
2025-03-20 04:00:00,-8.3,-8.2,,-8.5,,67.0,1.0,1.9,103.0,120.0,1010.1,0.0,0.0,,100.0
2025-03-20 05:00:00,-8.7,-8.5,,-8.9,,74.0,2.2,4.3,79.0,78.0,1009.6,0.0,0.0,,100.0
2025-03-20 06:00:00,-8.3,-8.0,-8.0,-8.7,-9.2,65.0,1.9,3.6,76.0,81.0,1009.7,0.0,0.0,0.9,100.0
2025-03-20 07:00:00,-8.1,-7.9,,-8.3,,61.0,2.1,4.7,140.0,92.0,1009.6,0.0,0.0,,90.0
2025-03-20 08:00:00,-7.8,-7.7,,-8.0,,63.0,4.7,7.1,121.0,126.0,1009.4,0.0,0.0,,90.0
2025-03-20 09:00:00,-7.8,-7.7,,-8.1,,61.0,3.2,6.1,127.0,112.0,1009.4,0.0,0.0,,100.0
2025-03-20 10:00:00,-7.6,-7.5,,-7.8,,61.0,5.8,9.5,134.0,128.0,1009.2,4.0,0.0,,90.0
2025-03-20 11:00:00,-7.6,-7.4,,-8.1,,67.0,6.1,10.3,147.0,138.0,1009.0,35.0,0.0,,60.0
2025-03-20 12:00:00,-7.6,-6.8,,-8.1,,70.0,7.1,11.0,139.0,136.0,1008.8,123.0,0.0,,90.0
2025-03-20 13:00:00,-6.8,-6.5,,-7.2,,63.0,6.7,10.8,135.0,133.0,1008.7,252.0,0.0,,90.0
2025-03-20 14:00:00,-7.7,-7.1,,-8.2,,80.0,7.4,10.7,135.0,135.0,1009.0,144.0,0.3,,
2025-03-20 15:00:00,-7.9,-7.8,,-8.0,,88.0,8.4,12.1,137.0,136.0,1008.7,147.0,0.6,,90.0
2025-03-20 16:00:00,-7.6,-7.4,,-7.8,,83.0,8.8,12.4,134.0,134.0,1008.9,222.0,0.4,,90.0
2025-03-20 17:00:00,-7.3,-6.9,,-7.6,,79.0,7.8,11.5,131.0,133.0,1008.9,257.0,0.0,,90.0
2025-03-20 18:00:00,-7.0,-6.7,-6.5,-7.2,-8.3,74.0,6.8,9.3,136.0,135.0,1008.8,269.0,0.0,,90.0
2025-03-20 19:00:00,-6.6,-6.5,,-6.9,,68.0,6.9,9.9,137.0,136.0,1008.7,286.0,0.0,,10.0
2025-03-20 20:00:00,-6.5,-6.4,,-6.6,,62.0,5.6,9.2,132.0,135.0,1008.4,226.0,0.0,,60.0
2025-03-20 21:00:00,-6.6,-6.5,,-6.7,,60.0,4.8,8.3,132.0,128.0,1007.9,104.0,0.0,,40.0
2025-03-20 22:00:00,-6.9,-6.6,,-7.2,,57.0,1.4,5.8,102.0,75.0,1007.6,15.0,0.0,,90.0
2025-03-20 23:00:00,-6.9,-6.6,,-7.1,,53.0,1.0,2.3,317.0,358.0,1007.1,0.0,0.0,,90.0
2025-03-21 00:00:00,-6.8,-6.6,,-7.2,,49.0,1.2,3.1,61.0,34.0,1006.9,0.0,0.0,,90.0
2025-03-21 01:00:00,-6.6,-6.3,,-6.9,,48.0,0.8,2.1,38.0,353.0,1006.4,0.0,0.0,,90.0
2025-03-21 02:00:00,-6.3,-6.0,,-6.6,,46.0,1.2,3.6,135.0,79.0,1005.8,0.0,0.0,,90.0
2025-03-21 03:00:00,-6.2,-5.9,,-6.6,,57.0,0.6,2.7,348.0,54.0,1005.3,0.0,0.0,,90.0
2025-03-21 04:00:00,-6.0,-5.4,,-6.4,,60.0,2.2,7.3,129.0,95.0,1004.5,0.0,0.0,,
2025-03-21 05:00:00,-5.1,-4.9,,-5.3,,66.0,7.4,11.8,135.0,132.0,1003.8,0.0,0.0,,
2025-03-21 06:00:00,-4.8,-4.6,-4.6,-5.0,-7.2,67.0,9.2,15.1,125.0,126.0,1003.5,0.0,0.0,1.3,90.0
2025-03-21 07:00:00,-4.9,-4.7,,-5.0,,72.0,8.5,13.8,126.0,128.0,1003.0,0.0,0.0,,90.0
2025-03-21 08:00:00,-5.0,-4.7,,-5.2,,77.0,7.6,12.1,122.0,127.0,1002.8,0.0,0.0,,90.0
2025-03-21 09:00:00,-4.7,-4.3,,-5.0,,76.0,5.0,10.9,128.0,131.0,1002.5,0.0,0.0,,90.0
2025-03-21 10:00:00,-4.3,-4.0,,-4.5,,75.0,4.0,8.1,146.0,135.0,1002.5,5.0,0.0,,90.0
2025-03-21 11:00:00,-4.3,-4.0,,-4.5,,76.0,3.8,7.6,137.0,139.0,1002.7,39.0,0.0,,90.0
2025-03-21 12:00:00,-4.4,-4.3,,-4.6,,78.0,4.2,7.1,133.0,138.0,1002.8,86.0,0.0,,90.0
2025-03-21 13:00:00,-4.6,-4.5,,-4.8,,84.0,2.6,6.2,166.0,136.0,1002.9,109.0,0.1,,90.0
2025-03-21 14:00:00,-4.0,-3.5,,-4.5,,79.0,2.7,8.3,149.0,161.0,1002.4,179.0,0.0,,90.0
2025-03-21 15:00:00,-3.6,-3.3,,-4.0,,73.0,2.1,6.8,352.0,177.0,1002.0,209.0,0.0,,60.0
2025-03-21 16:00:00,-3.7,-3.3,,-4.0,,67.0,2.0,4.2,14.0,15.0,1001.8,255.0,0.0,,60.0
2025-03-21 17:00:00,-3.4,-3.2,,-3.6,,62.0,2.9,6.8,28.0,22.0,1000.9,291.0,0.0,,60.0
2025-03-21 18:00:00,-3.0,-2.4,-2.4,-3.4,-5.2,58.0,2.3,5.4,32.0,33.0,1000.5,244.0,0.0,,40.0
2025-03-21 19:00:00,-2.8,-2.6,,-3.2,,58.0,3.2,5.2,23.0,34.0,1000.7,183.0,0.0,,90.0
2025-03-21 20:00:00,-2.5,-2.3,,-2.7,,57.0,2.1,3.6,19.0,25.0,1000.7,101.0,0.0,,90.0
2025-03-21 21:00:00,-2.4,-2.0,,-2.6,,56.0,1.6,3.0,35.0,33.0,1000.2,47.0,0.0,,90.0
2025-03-21 22:00:00,-2.2,-1.7,,-2.5,,54.0,1.6,4.1,16.0,26.0,999.5,15.0,0.0,,60.0
2025-03-21 23:00:00,-2.3,-2.0,,-2.7,,55.0,3.4,6.6,37.0,29.0,998.6,0.0,0.0,,90.0
2025-03-22 00:00:00,-2.3,-2.1,,-2.6,,57.0,3.3,6.0,22.0,32.0,998.0,0.0,0.0,,90.0
2025-03-22 01:00:00,-1.9,-1.2,,-2.4,,55.0,1.5,3.3,26.0,40.0,997.4,0.0,0.0,,90.0
2025-03-22 02:00:00,-1.7,-1.2,,-2.1,,55.0,1.1,3.6,14.0,100.0,996.7,0.0,0.0,,90.0
2025-03-22 03:00:00,-2.4,-2.1,,-2.6,,58.0,3.8,5.9,36.0,32.0,995.7,0.0,0.0,,90.0
2025-03-22 04:00:00,-2.6,-2.4,,-2.9,,60.0,4.1,6.2,34.0,35.0,994.5,0.0,0.0,,90.0
2025-03-22 05:00:00,-3.2,-2.9,,-3.6,,77.0,5.4,8.2,42.0,42.0,993.5,0.0,0.0,,90.0
2025-03-22 06:00:00,-3.4,-3.2,-1.2,-3.6,-3.6,90.0,4.2,7.3,37.0,40.0,993.1,0.0,0.2,0.3,90.0
2025-03-22 07:00:00,-3.5,-3.3,,-3.7,,95.0,6.5,9.2,31.0,32.0,992.7,0.0,0.2,,60.0
2025-03-22 08:00:00,-3.4,-3.2,,-3.5,,95.0,5.7,7.8,33.0,31.0,992.5,0.0,0.0,,60.0
2025-03-22 09:00:00,-3.1,-3.0,,-3.2,,95.0,4.7,6.6,33.0,31.0,992.4,0.0,0.3,,10.0
2025-03-22 10:00:00,-3.1,-3.0,,-3.1,,96.0,4.0,5.6,22.0,25.0,992.4,4.0,0.5,,60.0
2025-03-22 11:00:00,-3.1,-3.0,,-3.2,,97.0,4.1,5.8,15.0,16.0,993.3,24.0,0.3,,60.0
2025-03-22 12:00:00,-3.1,-3.0,,-3.2,,97.0,3.8,5.0,335.0,360.0,994.6,66.0,0.4,,10.0
2025-03-22 13:00:00,-3.7,-3.2,,-4.1,,96.0,4.4,7.3,294.0,304.0,996.4,94.0,0.3,,60.0
2025-03-22 14:00:00,-3.5,-3.4,,-3.7,,94.0,3.4,5.9,305.0,302.0,998.1,166.0,0.0,,100.0
2025-03-22 15:00:00,-3.2,-3.1,,-3.4,,91.0,3.0,5.5,297.0,303.0,999.5,206.0,0.0,,100.0
2025-03-22 16:00:00,-2.9,-2.7,,-3.1,,87.0,2.6,4.5,303.0,306.0,1000.6,210.0,0.0,,100.0
2025-03-22 17:00:00,-2.5,-1.9,,-3.1,,84.0,1.0,9.7,297.0,294.0,1001.9,193.0,0.0,,100.0
2025-03-22 18:00:00,-4.1,-3.2,-1.9,-4.4,-4.4,91.0,8.2,11.1,297.0,292.0,1003.5,91.0,0.0,,100.0
2025-03-22 19:00:00,-4.6,-4.4,,-4.9,,91.0,5.4,8.4,321.0,310.0,1004.7,77.0,0.0,,100.0
2025-03-22 20:00:00,-5.1,-4.9,,-5.3,,90.0,6.3,8.8,310.0,312.0,1005.8,61.0,0.0,,100.0
2025-03-22 21:00:00,-5.3,-5.2,,-5.4,,84.0,4.9,7.2,300.0,308.0,1007.0,35.0,0.0,,100.0
2025-03-22 22:00:00,-5.5,-5.4,,-5.7,,80.0,4.8,6.7,317.0,311.0,1007.4,9.0,0.0,,100.0
2025-03-22 23:00:00,-5.8,-5.7,,-5.8,,78.0,5.7,7.3,323.0,320.0,1007.6,0.0,0.0,,100.0
2025-03-23 00:00:00,-5.9,-5.7,,-6.0,,78.0,6.9,9.0,323.0,329.0,1007.3,0.0,0.0,,100.0
2025-03-23 01:00:00,-5.9,-5.8,,-6.0,,78.0,7.9,9.7,328.0,325.0,1007.1,0.0,0.0,,100.0
2025-03-23 02:00:00,-5.9,-5.8,,-6.1,,81.0,9.1,11.3,327.0,326.0,1006.3,0.0,0.0,,90.0
2025-03-23 03:00:00,-6.2,-6.0,,-6.4,,85.0,10.5,12.6,330.0,329.0,1005.2,0.0,0.0,,90.0
2025-03-23 04:00:00,-6.3,-5.9,,-6.7,,85.0,11.4,13.6,330.0,330.0,1004.1,0.0,0.0,,100.0
2025-03-23 05:00:00,-6.9,-6.6,,-7.2,,86.0,11.7,13.9,334.0,332.0,1003.2,0.0,0.0,,90.0
2025-03-23 06:00:00,-6.4,-5.7,-4.4,-6.9,-7.2,89.0,11.2,14.4,343.0,338.0,1002.0,0.0,0.0,2.0,90.0
2025-03-23 07:00:00,-5.8,-4.7,,-6.4,,90.0,11.5,15.0,351.0,343.0,1000.5,0.0,0.0,,90.0
2025-03-23 08:00:00,-4.2,-3.7,,-4.7,,85.0,11.0,14.8,352.0,358.0,999.5,0.0,0.0,,60.0
2025-03-23 09:00:00,-3.9,-3.4,,-4.2,,84.0,11.3,15.6,346.0,352.0,997.9,0.0,0.0,,60.0
2025-03-23 10:00:00,-3.8,-3.2,,-4.2,,83.0,11.7,16.5,352.0,355.0,996.4,10.0,0.0,,90.0
2025-03-23 11:00:00,-3.5,-3.0,,-4.0,,79.0,11.8,16.5,354.0,350.0,995.0,116.0,0.0,,60.0
2025-03-23 12:00:00,-3.1,-2.7,,-3.5,,73.0,11.9,15.6,351.0,354.0,992.7,162.0,0.0,,60.0
2025-03-23 13:00:00,-2.4,-1.8,,-2.8,,66.0,12.3,16.4,1.0,1.0,991.2,175.0,0.0,,40.0
2025-03-23 14:00:00,-2.0,-1.6,,-2.8,,63.0,10.9,15.2,349.0,357.0,989.7,131.0,0.0,,90.0
2025-03-23 15:00:00,-1.2,-0.4,,-1.8,,57.0,7.4,12.1,6.0,355.0,988.5,343.0,0.0,,40.0
2025-03-23 16:00:00,-0.9,-0.5,,-1.2,,55.0,6.5,9.6,25.0,15.0,987.1,232.0,0.0,,60.0
2025-03-23 17:00:00,-1.2,-0.8,,-1.5,,58.0,6.3,8.8,2.0,5.0,986.2,220.0,0.0,,60.0
2025-03-23 18:00:00,-1.4,-1.0,-0.4,-1.8,-6.4,65.0,5.3,8.0,45.0,29.0,985.7,183.0,0.0,,90.0
2025-03-23 19:00:00,-0.6,-0.2,,-1.1,,58.0,2.1,4.0,108.0,95.0,985.5,113.0,0.0,,90.0
2025-03-23 20:00:00,-0.7,-0.4,,-0.8,,67.0,2.3,4.1,199.0,186.0,985.5,96.0,0.0,,60.0
2025-03-23 21:00:00,1.7,3.5,,-0.7,,53.0,4.6,10.1,147.0,175.0,985.4,49.0,0.0,,90.0
2025-03-23 22:00:00,3.3,3.9,,2.3,,45.0,6.3,9.5,151.0,149.0,986.0,8.0,0.0,,100.0
2025-03-23 23:00:00,1.4,2.5,,0.4,,61.0,1.9,6.8,297.0,224.0,986.3,0.0,0.0,,90.0
2025-03-24 00:00:00,-0.5,0.7,,-1.0,,72.0,2.2,4.7,12.0,3.0,986.5,0.0,0.0,,100.0
2025-03-24 01:00:00,-0.7,0.4,,-1.2,,72.0,3.5,5.7,4.0,13.0,986.6,0.0,0.0,,100.0
2025-03-24 02:00:00,-0.2,0.5,,-0.7,,73.0,2.6,5.1,9.0,23.0,986.4,0.0,0.0,,100.0
2025-03-24 03:00:00,0.5,1.6,,-0.4,,72.0,2.9,5.3,5.0,12.0,986.3,0.0,0.0,,90.0
2025-03-24 04:00:00,-0.3,0.1,,-0.6,,74.0,4.3,6.1,30.0,21.0,986.6,0.0,0.0,,100.0
2025-03-24 05:00:00,-0.5,0.0,,-0.9,,77.0,3.1,5.7,177.0,72.0,987.1,0.0,0.0,,100.0
2025-03-24 06:00:00,-0.7,-0.4,3.9,-0.9,-1.2,87.0,1.5,4.5,0.0,108.0,987.4,0.0,1.0,1.0,90.0
2025-03-24 07:00:00,-0.9,-0.7,,-1.0,,96.0,0.9,1.7,261.0,257.0,988.0,0.0,1.3,,90.0
2025-03-24 08:00:00,-0.4,-0.2,,-0.7,,98.0,0.6,2.4,73.0,324.0,988.6,0.0,1.9,,90.0
2025-03-24 09:00:00,0.0,0.3,,-0.4,,98.0,1.9,3.0,9.0,14.0,989.2,0.0,0.7,,90.0
2025-03-24 10:00:00,0.3,1.3,,-0.4,,97.0,1.3,2.7,271.0,300.0,989.9,7.0,0.4,,90.0
2025-03-24 11:00:00,-0.6,-0.3,,-0.9,,98.0,1.4,2.9,237.0,260.0,990.8,26.0,0.9,,100.0
2025-03-24 12:00:00,-0.4,-0.2,,-0.9,,99.0,0.9,2.2,84.0,183.0,991.5,38.0,1.3,,10.0
2025-03-24 13:00:00,0.3,0.6,,-0.2,,99.0,0.7,1.6,307.0,63.0,992.1,73.0,0.9,,10.0
2025-03-24 14:00:00,-0.4,0.1,,-0.7,,98.0,2.1,2.6,10.0,340.0,992.5,85.0,1.0,,60.0
2025-03-24 15:00:00,0.1,0.3,,-0.1,,99.0,3.4,5.9,27.0,17.0,992.8,114.0,1.1,,100.0
2025-03-24 16:00:00,0.2,0.4,,-0.1,,98.0,4.0,5.6,17.0,17.0,993.1,165.0,0.7,,90.0
2025-03-24 17:00:00,0.5,1.1,,0.1,,97.0,3.9,5.2,12.0,15.0,993.5,173.0,0.6,,100.0
2025-03-24 18:00:00,0.8,1.3,1.3,0.3,-1.0,95.0,3.9,5.5,29.0,23.0,994.0,163.0,0.6,,100.0
2025-03-24 19:00:00,1.2,1.3,,1.1,,92.0,4.2,5.4,27.0,29.0,994.5,154.0,0.4,,100.0
2025-03-24 20:00:00,0.7,1.3,,0.1,,94.0,4.3,6.0,15.0,24.0,994.8,66.0,0.0,,100.0
2025-03-24 21:00:00,0.7,1.2,,0.2,,95.0,4.0,5.9,26.0,29.0,995.0,41.0,0.0,,90.0
2025-03-24 22:00:00,0.9,1.2,,0.7,,94.0,2.6,3.7,24.0,24.0,995.5,7.0,0.2,,100.0
2025-03-24 23:00:00,1.2,1.3,,0.7,,92.0,0.8,2.1,259.0,348.0,995.8,0.0,0.2,,100.0
2025-03-25 00:00:00,0.2,0.6,,-0.1,,97.0,0.7,1.4,12.0,2.0,996.3,0.0,0.5,,60.0
2025-03-25 01:00:00,-0.1,0.2,,-0.4,,98.0,1.3,2.0,296.0,288.0,996.5,0.0,0.8,,40.0
2025-03-25 02:00:00,-0.4,-0.3,,-0.6,,99.0,1.5,2.5,254.0,270.0,997.0,0.0,0.6,,100.0
2025-03-25 03:00:00,-0.8,-0.6,,-0.9,,99.0,1.2,2.6,169.0,213.0,997.1,0.0,0.7,,100.0
2025-03-25 04:00:00,-0.9,-0.8,,-0.9,,99.0,2.7,4.6,145.0,153.0,997.1,0.0,0.7,,100.0
2025-03-25 05:00:00,-0.9,-0.8,,-1.0,,99.0,4.3,5.9,144.0,142.0,997.2,0.0,0.6,,100.0
2025-03-25 06:00:00,-1.1,-1.0,1.3,-1.1,-1.1,99.0,4.4,6.1,144.0,145.0,997.4,0.0,0.6,16.7,100.0
2025-03-25 07:00:00,-0.6,-0.5,,-1.0,,100.0,4.1,6.0,148.0,153.0,997.9,0.0,0.6,,90.0
2025-03-25 08:00:00,-0.4,-0.4,,-0.5,,100.0,4.1,5.5,140.0,143.0,998.3,0.0,0.6,,90.0
2025-03-25 09:00:00,-0.4,-0.3,,-0.4,,100.0,3.7,5.1,145.0,142.0,998.7,0.0,0.3,,100.0
2025-03-25 10:00:00,-0.3,-0.2,,-0.4,,100.0,2.7,4.1,127.0,135.0,999.0,9.0,0.1,,100.0
2025-03-25 11:00:00,-0.2,-0.2,,-0.2,,100.0,1.2,2.7,26.0,72.0,999.1,54.0,0.2,,90.0
2025-03-25 12:00:00,-0.3,-0.2,,-0.4,,100.0,2.5,3.6,34.0,23.0,999.4,120.0,0.0,,90.0
2025-03-25 13:00:00,-0.4,-0.4,,-0.5,,99.0,2.9,4.7,43.0,34.0,999.7,170.0,0.0,,90.0
2025-03-25 14:00:00,-0.2,-0.1,,-0.4,,99.0,0.8,2.7,0.0,89.0,1000.3,198.0,1.8,,90.0
2025-03-25 15:00:00,-0.2,0.0,,-0.5,,98.0,4.0,8.4,144.0,139.0,1000.6,276.0,0.3,,90.0
2025-03-25 16:00:00,-0.5,-0.5,,-0.5,,98.0,5.5,8.7,150.0,150.0,1000.8,311.0,0.0,,90.0
2025-03-25 17:00:00,-1.0,-0.5,,-2.0,,98.0,10.5,19.4,150.0,144.0,1001.9,183.0,0.4,,100.0
2025-03-25 18:00:00,-2.2,-2.0,0.0,-2.4,-2.4,97.0,12.1,18.0,149.0,150.0,1001.8,206.0,0.7,,90.0
2025-03-25 19:00:00,-2.6,-2.4,,-2.7,,96.0,13.8,17.8,149.0,151.0,1002.0,220.0,0.0,,40.0
2025-03-25 20:00:00,-2.5,-2.4,,-2.7,,89.0,15.0,21.2,148.0,149.0,1002.4,236.0,0.0,,60.0
2025-03-25 21:00:00,-2.4,-2.1,,-2.5,,84.0,13.2,19.3,151.0,150.0,1003.3,181.0,0.0,,90.0
2025-03-25 22:00:00,-2.9,-2.6,,-3.2,,85.0,11.7,16.3,140.0,143.0,1003.9,25.0,0.0,,60.0
2025-03-25 23:00:00,-3.0,-3.0,,-3.1,,86.0,11.0,15.6,139.0,141.0,1004.0,2.0,0.0,,90.0
2025-03-26 00:00:00,-3.0,-2.9,,-3.1,,85.0,9.7,14.9,145.0,146.0,1004.8,1.0,0.0,,90.0
2025-03-26 01:00:00,-3.1,-3.0,,-3.2,,84.0,7.7,11.1,138.0,140.0,1005.0,0.0,0.0,,90.0
2025-03-26 02:00:00,-3.4,-3.1,,-3.7,,86.0,7.9,11.2,134.0,135.0,1005.1,0.0,0.0,,90.0
2025-03-26 03:00:00,-3.8,-3.7,,-3.9,,89.0,7.1,10.3,131.0,131.0,1005.2,1.0,0.0,,90.0
2025-03-26 04:00:00,-3.9,-3.8,,-4.0,,87.0,6.5,9.5,137.0,134.0,1004.9,0.0,0.0,,90.0
2025-03-26 05:00:00,-4.2,-4.0,,-4.2,,87.0,5.5,8.1,141.0,137.0,1004.8,0.0,0.0,,60.0
2025-03-26 06:00:00,-4.2,-4.0,-2.1,-4.3,-4.3,84.0,3.9,5.8,142.0,136.0,1004.4,0.0,0.0,5.0,90.0
2025-03-26 07:00:00,-4.1,-4.1,,-4.2,,84.0,3.9,6.1,131.0,140.0,1004.3,0.0,0.0,,90.0
2025-03-26 08:00:00,-4.2,-4.2,,-4.3,,85.0,3.6,5.5,144.0,134.0,1004.0,0.0,0.0,,90.0
2025-03-26 09:00:00,-4.2,-4.1,,-4.3,,78.0,2.7,4.9,145.0,144.0,1003.8,0.0,0.0,,90.0
2025-03-26 10:00:00,-4.0,-3.9,,-4.2,,73.0,1.6,2.6,155.0,157.0,1003.5,12.0,0.0,,90.0
2025-03-26 11:00:00,-4.0,-3.9,,-4.0,,73.0,1.4,2.6,193.0,177.0,1003.3,46.0,0.0,,90.0
2025-03-26 12:00:00,-3.8,-3.5,,-4.1,,75.0,1.1,2.8,14.0,241.0,1003.1,96.0,0.0,,90.0
2025-03-26 13:00:00,-4.4,-4.1,,-4.5,,88.0,2.5,3.6,337.0,329.0,1002.8,127.0,0.0,,90.0
2025-03-26 14:00:00,-4.2,-4.1,,-4.4,,86.0,2.6,3.4,337.0,338.0,1002.6,230.0,0.0,,90.0
2025-03-26 15:00:00,-4.0,-3.8,,-4.1,,85.0,2.6,3.4,335.0,339.0,1002.3,260.0,0.0,,90.0
2025-03-26 16:00:00,-3.9,-3.8,,-3.9,,81.0,2.3,3.2,338.0,337.0,1002.1,291.0,0.0,,90.0
2025-03-26 17:00:00,-3.9,-3.9,,-4.1,,80.0,2.5,3.3,321.0,332.0,1002.0,257.0,0.0,,90.0
2025-03-26 18:00:00,-4.1,-4.0,-3.5,-4.2,-4.5,84.0,2.6,3.5,330.0,324.0,1002.0,266.0,0.0,,90.0
2025-03-26 19:00:00,-4.1,-4.0,,-4.2,,82.0,1.9,2.8,332.0,330.0,1002.1,205.0,0.0,,90.0
2025-03-26 20:00:00,-4.2,-4.1,,-4.3,,82.0,1.5,2.2,360.0,0.0,1002.3,139.0,0.0,,90.0
2025-03-26 21:00:00,-4.3,-4.2,,-4.4,,87.0,1.6,2.5,352.0,360.0,1002.7,76.0,0.0,,90.0
2025-03-26 22:00:00,-4.6,-4.4,,-4.8,,91.0,2.3,3.2,321.0,332.0,1003.1,25.0,0.0,,90.0
2025-03-26 23:00:00,-4.7,-4.7,,-4.8,,95.0,2.3,3.1,329.0,319.0,1003.4,1.0,0.5,,90.0
2025-03-27 00:00:00,-4.7,-4.6,,-4.8,,96.0,2.1,3.3,354.0,343.0,1003.7,0.0,0.3,,60.0
2025-03-27 01:00:00,-4.8,-4.6,,-4.9,,95.0,1.1,1.7,189.0,90.0,1004.1,0.0,0.0,,90.0
2025-03-27 02:00:00,-4.7,-4.5,,-4.9,,96.0,1.3,2.4,246.0,240.0,1004.3,0.0,0.2,,90.0
2025-03-27 03:00:00,-4.8,-4.7,,-4.9,,96.0,1.1,2.6,195.0,216.0,1004.5,0.0,0.0,,90.0
2025-03-27 04:00:00,-4.7,-4.6,,-5.0,,94.0,2.5,4.8,149.0,160.0,1004.6,0.0,0.0,,90.0
2025-03-27 05:00:00,-4.7,-4.6,,-4.8,,88.0,2.9,5.1,147.0,155.0,1004.9,0.0,0.0,,90.0
2025-03-27 06:00:00,-4.6,-4.5,-4.0,-4.8,-5.0,87.0,4.0,6.0,143.0,145.0,1005.3,0.0,0.0,1.0,90.0
2025-03-27 07:00:00,-4.7,-4.6,,-4.8,,82.0,3.8,5.5,137.0,141.0,1005.6,0.0,0.0,,90.0
2025-03-27 08:00:00,-4.6,-4.5,,-4.8,,77.0,3.8,5.6,142.0,139.0,1005.9,0.0,0.0,,90.0
2025-03-27 09:00:00,-4.7,-4.6,,-4.8,,76.0,3.3,5.0,135.0,136.0,1006.3,1.0,0.0,,60.0
2025-03-27 10:00:00,-4.7,-4.6,,-4.9,,74.0,2.3,3.3,126.0,133.0,1006.7,22.0,0.0,,40.0
2025-03-27 11:00:00,-4.8,-4.5,,-5.3,,71.0,2.1,3.7,113.0,117.0,1007.1,90.0,0.0,,40.0
2025-03-27 12:00:00,-4.0,-3.8,,-4.5,,69.0,1.2,2.3,122.0,128.0,1007.4,231.0,0.0,,40.0
2025-03-27 13:00:00,-3.7,-3.4,,-4.0,,68.0,1.6,3.0,84.0,103.0,1007.7,315.0,0.0,,60.0
2025-03-27 14:00:00,-3.8,-3.6,,-4.1,,70.0,1.2,2.8,145.0,98.0,1008.1,236.0,0.0,,90.0
2025-03-27 15:00:00,-4.0,-3.8,,-4.1,,76.0,2.4,4.0,130.0,142.0,1008.2,404.0,0.0,,90.0
2025-03-27 16:00:00,-3.9,-3.8,,-4.0,,75.0,2.4,3.7,128.0,129.0,1008.5,439.0,0.0,,90.0
2025-03-27 17:00:00,-3.7,-3.4,,-3.9,,74.0,1.9,3.5,172.0,155.0,1008.7,430.0,0.0,,60.0
2025-03-27 18:00:00,-3.7,-3.4,-3.4,-4.1,-5.3,78.0,1.6,2.7,194.0,190.0,1009.0,361.0,0.0,,90.0
2025-03-27 19:00:00,-4.3,-3.8,,-4.5,,83.0,1.8,2.8,192.0,179.0,1009.2,212.0,0.0,,100.0
2025-03-27 20:00:00,-4.3,-4.1,,-4.7,,85.0,1.7,2.9,275.0,253.0,1009.3,174.0,0.0,,90.0
2025-03-27 21:00:00,-5.1,-4.6,,-5.6,,87.0,4.0,7.6,326.0,304.0,1009.3,50.0,0.3,,100.0
2025-03-27 22:00:00,-5.5,-5.4,,-5.8,,84.0,7.4,10.5,315.0,325.0,1009.2,24.0,0.0,,90.0
2025-03-27 23:00:00,-5.7,-5.4,,-6.0,,72.0,8.4,10.7,331.0,325.0,1009.4,1.0,0.0,,90.0
2025-03-28 00:00:00,-5.8,-5.6,,-6.1,,71.0,7.6,10.4,335.0,334.0,1009.5,0.0,0.0,,100.0
2025-03-28 01:00:00,-6.0,-5.7,,-6.2,,71.0,6.1,8.7,329.0,331.0,1009.7,0.0,0.0,,60.0
2025-03-28 02:00:00,-6.3,-6.0,,-6.6,,77.0,7.4,9.2,331.0,331.0,1009.5,0.0,0.0,,90.0
2025-03-28 03:00:00,-6.7,-6.5,,-6.9,,85.0,8.2,9.9,326.0,329.0,1009.1,0.0,0.0,,90.0
2025-03-28 04:00:00,-7.1,-6.8,,-7.4,,85.0,8.1,9.8,323.0,323.0,1008.9,0.0,0.0,,60.0
2025-03-28 05:00:00,-7.5,-7.3,,-7.7,,84.0,8.5,10.5,322.0,325.0,1008.9,0.0,0.0,,90.0
2025-03-28 06:00:00,-7.9,-7.6,-3.8,-8.0,-8.0,84.0,7.2,9.5,319.0,323.0,1008.8,0.0,0.0,0.3,40.0
2025-03-28 07:00:00,-8.3,-8.0,,-8.4,,85.0,7.4,9.8,322.0,317.0,1008.7,0.0,0.0,,40.0
2025-03-28 08:00:00,-8.3,-8.2,,-8.5,,83.0,7.6,9.8,315.0,322.0,1008.7,0.0,0.0,,90.0
2025-03-28 09:00:00,-8.7,-8.4,,-8.9,,82.0,8.6,10.8,314.0,314.0,1008.5,1.0,0.0,,60.0
2025-03-28 10:00:00,-9.0,-8.7,,-9.2,,83.0,8.2,10.4,310.0,310.0,1008.5,16.0,0.0,,90.0
2025-03-28 11:00:00,-9.1,-8.9,,-9.3,,84.0,7.7,9.8,306.0,310.0,1008.5,71.0,0.0,,100.0
2025-03-28 12:00:00,-9.0,-8.8,,-9.1,,82.0,6.5,9.0,305.0,308.0,1008.2,155.0,0.0,,100.0
2025-03-28 13:00:00,-8.7,-8.6,,-8.9,,80.0,5.4,7.4,294.0,303.0,1008.3,226.0,0.0,,100.0
2025-03-28 14:00:00,-8.5,-8.2,,-8.7,,77.0,5.6,7.9,298.0,295.0,1007.9,273.0,0.0,,100.0
2025-03-28 15:00:00,-8.4,-8.1,,-8.6,,74.0,5.1,7.7,300.0,304.0,1007.7,314.0,0.0,,90.0
2025-03-28 16:00:00,-8.0,-7.7,,-8.3,,75.0,4.5,6.2,298.0,299.0,1007.5,488.0,0.0,,40.0
2025-03-28 17:00:00,-7.8,-7.6,,-8.0,,73.0,4.7,6.7,293.0,295.0,1007.2,524.0,0.0,,90.0
2025-03-28 18:00:00,-8.0,-7.8,-7.6,-8.1,-9.3,78.0,5.8,8.5,303.0,304.0,1007.0,309.0,0.0,,100.0
2025-03-28 19:00:00,-8.1,-8.0,,-8.3,,82.0,7.1,9.5,301.0,299.0,1007.1,183.0,0.0,,100.0
2025-03-28 20:00:00,-7.9,-7.6,,-8.2,,82.0,6.3,8.8,308.0,301.0,1007.4,167.0,0.0,,100.0
2025-03-28 21:00:00,-8.0,-7.8,,-8.1,,79.0,4.0,7.2,325.0,317.0,1007.6,82.0,0.0,,60.0
2025-03-28 22:00:00,-7.8,-7.7,,-7.9,,75.0,2.8,5.9,11.0,350.0,1007.7,19.0,0.0,,90.0
2025-03-28 23:00:00,-7.8,-7.6,,-7.9,,73.0,3.0,4.5,28.0,21.0,1007.9,2.0,0.0,,90.0
2025-03-29 00:00:00,-7.7,-7.4,,-8.0,,70.0,3.8,5.9,16.0,13.0,1008.2,0.0,0.0,,90.0
2025-03-29 01:00:00,-7.5,-7.4,,-7.8,,67.0,3.8,7.7,352.0,7.0,1008.4,0.0,0.0,,90.0
2025-03-29 02:00:00,-7.6,-7.4,,-7.8,,75.0,6.0,7.9,325.0,328.0,1008.7,0.0,0.0,,100.0
2025-03-29 03:00:00,-7.9,-7.8,,-8.0,,66.0,5.8,7.8,314.0,323.0,1009.1,0.0,0.0,,100.0
2025-03-29 04:00:00,-8.0,-7.9,,-8.1,,65.0,4.7,7.1,12.0,352.0,1009.4,0.0,0.0,,90.0
2025-03-29 05:00:00,-7.9,-7.7,,-8.0,,65.0,4.4,6.0,34.0,27.0,1009.8,0.0,0.0,,100.0
2025-03-29 06:00:00,-8.0,-7.8,-7.4,-8.3,-8.3,68.0,3.5,5.8,344.0,17.0,1010.3,0.0,0.0,0.0,90.0
2025-03-29 07:00:00,-7.9,-7.7,,-8.1,,81.0,4.4,6.5,343.0,343.0,1011.0,0.0,0.0,,100.0
2025-03-29 08:00:00,-7.7,-7.4,,-7.9,,76.0,5.1,6.9,350.0,355.0,1011.4,0.0,0.0,,90.0
2025-03-29 09:00:00,-7.7,-7.5,,-7.9,,73.0,4.6,7.1,18.0,358.0,1012.0,1.0,0.0,,100.0
2025-03-29 10:00:00,-7.6,-7.4,,-7.7,,66.0,4.6,6.4,16.0,16.0,1012.5,35.0,0.0,,90.0
2025-03-29 11:00:00,-7.4,-7.2,,-7.7,,65.0,4.2,5.9,36.0,29.0,1013.0,47.0,0.0,,100.0
2025-03-29 12:00:00,-7.4,-7.1,,-7.7,,66.0,3.8,5.6,19.0,33.0,1013.7,94.0,0.0,,90.0
2025-03-29 13:00:00,-7.2,-7.0,,-7.5,,71.0,3.8,6.1,11.0,12.0,1014.2,197.0,0.0,,100.0
2025-03-29 14:00:00,-7.0,-6.7,,-7.3,,71.0,4.0,6.1,50.0,24.0,1014.5,276.0,0.0,,90.0
2025-03-29 15:00:00,-6.8,-6.6,,-6.9,,67.0,4.3,6.2,39.0,40.0,1014.6,333.0,0.0,,100.0
2025-03-29 16:00:00,-6.7,-6.6,,-6.8,,66.0,4.0,5.9,44.0,35.0,1014.7,335.0,0.0,,90.0
2025-03-29 17:00:00,-7.2,-6.7,,-7.5,,76.0,5.5,8.0,335.0,349.0,1014.9,288.0,0.0,,100.0
2025-03-29 18:00:00,-7.2,-7.0,-6.6,-7.5,-8.1,77.0,5.5,7.2,348.0,344.0,1015.0,278.0,0.0,,100.0
2025-03-29 19:00:00,-7.3,-7.2,,-7.4,,75.0,4.7,7.0,350.0,350.0,1015.5,206.0,0.0,,100.0
2025-03-29 20:00:00,-7.3,-7.3,,-7.4,,75.0,4.8,6.6,357.0,352.0,1015.4,144.0,0.0,,100.0
2025-03-29 21:00:00,-7.5,-7.3,,-7.7,,77.0,5.7,7.7,337.0,339.0,1015.4,78.0,0.0,,100.0
2025-03-29 22:00:00,-7.4,-7.3,,-7.6,,67.0,5.4,8.8,348.0,347.0,1015.2,21.0,0.0,,100.0
2025-03-29 23:00:00,-7.7,-7.5,,-7.8,,68.0,6.3,9.5,339.0,336.0,1015.0,2.0,0.0,,90.0
2025-03-30 00:00:00,-8.1,-7.7,,-8.6,,75.0,7.1,9.1,338.0,339.0,1014.6,0.0,0.0,,40.0
2025-03-30 01:00:00,-8.4,-8.2,,-8.6,,78.0,6.9,9.2,352.0,345.0,1014.1,0.0,0.0,,90.0
2025-03-30 02:00:00,-8.6,-8.5,,-8.7,,73.0,7.4,9.8,346.0,347.0,1013.7,0.0,0.0,,40.0
2025-03-30 03:00:00,-8.8,-8.6,,-9.0,,74.0,7.1,10.1,350.0,347.0,1012.9,0.0,0.0,,60.0
2025-03-30 04:00:00,-9.0,-8.9,,-9.2,,75.0,6.7,9.2,346.0,347.0,1011.9,0.0,0.0,,40.0
2025-03-30 05:00:00,-9.3,-9.1,,-9.5,,79.0,7.7,10.1,345.0,340.0,1011.1,0.0,0.0,,40.0
2025-03-30 06:00:00,-9.3,-9.1,-7.2,-9.6,-9.6,77.0,8.1,10.2,335.0,338.0,1010.4,0.0,0.0,0.0,40.0
2025-03-30 07:00:00,-9.2,-8.9,,-9.5,,77.0,7.5,10.1,342.0,336.0,1009.9,0.0,0.0,,90.0
2025-03-30 08:00:00,-9.1,-8.8,,-9.4,,77.0,7.1,9.2,339.0,337.0,1009.3,0.0,0.0,,90.0
2025-03-30 09:00:00,-9.5,-9.3,,-10.1,,84.0,6.6,8.4,333.0,334.0,1008.6,2.0,0.0,,60.0
2025-03-30 10:00:00,-9.8,-9.3,,-10.2,,87.0,7.3,10.3,337.0,337.0,1008.2,49.0,0.0,,60.0
2025-03-30 11:00:00,-9.7,-9.4,,-10.1,,85.0,8.4,10.5,340.0,338.0,1007.9,192.0,0.0,,60.0
2025-03-30 12:00:00,-9.4,-9.0,,-9.6,,80.0,7.4,9.9,344.0,340.0,1007.4,294.0,0.0,,10.0
2025-03-30 13:00:00,-8.8,-8.6,,-9.0,,72.0,5.4,8.0,345.0,357.0,1007.0,398.0,0.0,,60.0
2025-03-30 14:00:00,-8.9,-8.6,,-9.3,,70.0,6.9,8.4,334.0,336.0,1006.6,484.0,0.0,,60.0
2025-03-30 15:00:00,-9.3,-8.9,,-9.4,,74.0,7.2,8.8,336.0,334.0,1006.4,548.0,0.0,,40.0
2025-03-30 16:00:00,-8.7,-8.5,,-9.0,,69.0,6.5,8.3,337.0,333.0,1005.9,565.0,0.0,,10.0
2025-03-30 17:00:00,-8.6,-8.5,,-8.8,,70.0,5.9,7.7,332.0,334.0,1005.7,531.0,0.0,,60.0
2025-03-30 18:00:00,-8.6,-8.5,-8.5,-8.7,-10.2,64.0,5.5,6.9,337.0,337.0,1005.7,428.0,0.0,,60.0
2025-03-30 19:00:00,-8.6,-8.4,,-8.9,,60.0,5.0,6.6,359.0,351.0,1006.1,332.0,0.0,,60.0
2025-03-30 20:00:00,-8.6,-8.3,,-8.8,,63.0,4.8,8.5,359.0,4.0,1006.2,135.0,0.0,,90.0
2025-03-30 21:00:00,-8.1,-7.9,,-8.4,,64.0,4.5,7.2,23.0,11.0,1006.5,59.0,0.0,,100.0
2025-03-30 22:00:00,-7.8,-7.7,,-8.0,,73.0,4.3,5.8,358.0,2.0,1006.6,20.0,0.0,,100.0
2025-03-30 23:00:00,-7.7,-7.6,,-7.8,,76.0,4.4,7.1,5.0,6.0,1006.6,2.0,0.0,,100.0
2025-03-31 00:00:00,-7.7,-7.5,,-7.9,,78.0,3.7,5.4,11.0,20.0,1006.6,0.0,0.0,,90.0
2025-03-31 01:00:00,-7.8,-7.5,,-7.9,,78.0,3.2,5.3,32.0,26.0,1006.7,0.0,0.0,,90.0
2025-03-31 02:00:00,-7.9,-7.7,,-8.1,,78.0,2.7,3.8,42.0,35.0,1006.9,0.0,0.0,,90.0
2025-03-31 03:00:00,-7.7,-7.6,,-7.8,,77.0,2.4,3.3,39.0,37.0,1006.8,0.0,0.0,,90.0
2025-03-31 04:00:00,-7.7,-7.5,,-7.9,,78.0,2.6,4.4,16.0,24.0,1006.7,0.0,0.0,,90.0
2025-03-31 05:00:00,-7.8,-7.7,,-7.9,,80.0,2.0,3.1,30.0,19.0,1006.4,0.0,0.0,,90.0
2025-03-31 06:00:00,-8.0,-7.9,-7.5,-8.0,-8.9,83.0,1.5,2.7,5.0,12.0,1006.6,0.0,0.0,0.0,90.0
2025-03-31 07:00:00,-8.1,-7.8,,-8.2,,87.0,1.3,2.5,118.0,53.0,1006.7,0.0,0.0,,90.0
2025-03-31 08:00:00,-7.7,-7.5,,-8.1,,90.0,1.6,3.6,273.0,214.0,1006.9,0.0,0.0,,90.0
2025-03-31 09:00:00,-7.7,-7.5,,-7.9,,86.0,3.8,5.8,280.0,285.0,1007.1,1.0,0.0,,90.0
2025-03-31 10:00:00,-7.9,-7.8,,-7.9,,89.0,3.0,4.8,311.0,297.0,1007.5,17.0,0.0,,90.0
2025-03-31 11:00:00,-7.9,-7.8,,-7.9,,88.0,1.7,3.7,268.0,293.0,1007.6,37.0,0.0,,90.0
2025-03-31 12:00:00,-7.6,-7.3,,-7.8,,87.0,3.4,8.1,270.0,255.0,1007.4,67.0,0.0,,90.0
2025-03-31 13:00:00,-7.8,-7.5,,-8.3,,86.0,4.1,8.9,285.0,269.0,1007.4,132.0,0.0,,90.0
2025-03-31 14:00:00,-7.5,-7.0,,-8.1,,86.0,1.9,4.2,33.0,340.0,1007.6,208.0,0.0,,90.0
2025-03-31 15:00:00,-7.7,-7.5,,-7.9,,87.0,3.6,6.4,343.0,356.0,1007.8,245.0,0.3,,60.0
2025-03-31 16:00:00,-7.6,-7.5,,-7.7,,83.0,4.1,5.9,333.0,336.0,1007.7,282.0,0.0,,90.0
2025-03-31 17:00:00,-7.7,-7.6,,-7.9,,81.0,3.1,4.8,303.0,315.0,1007.8,243.0,0.0,,90.0
2025-03-31 18:00:00,-7.9,-7.8,-7.0,-8.0,-8.3,84.0,2.3,3.7,288.0,303.0,1008.1,194.0,0.0,,90.0
2025-03-31 19:00:00,-7.9,-7.8,,-8.0,,84.0,2.1,4.0,299.0,297.0,1008.4,137.0,0.0,,90.0
2025-03-31 20:00:00,-8.0,-7.8,,-8.0,,89.0,2.8,5.9,280.0,278.0,1008.5,94.0,0.3,,40.0
2025-03-31 21:00:00,-7.9,-7.8,,-8.0,,88.0,5.6,7.9,293.0,287.0,1008.6,53.0,0.3,,90.0
2025-03-31 22:00:00,-8.0,-7.8,,-8.2,,87.0,6.3,9.0,288.0,291.0,1008.9,19.0,0.0,,90.0
2025-03-31 23:00:00,-8.2,-8.0,,-8.3,,85.0,6.1,9.1,291.0,290.0,1009.3,2.0,0.0,,90.0
2025-04-01 00:00:00,-8.2,-8.1,,-8.4,,82.0,6.0,8.2,282.0,284.0,1009.4,0.0,0.0,,90.0
2025-04-01 01:00:00,-8.4,-8.2,,-8.5,,85.0,6.6,8.5,270.0,270.0,1009.5,0.0,0.0,,90.0
2025-04-01 02:00:00,-8.3,-8.2,,-8.4,,82.0,6.9,9.4,266.0,271.0,1009.9,0.0,0.0,,90.0
2025-04-01 03:00:00,-8.5,-8.3,,-8.7,,80.0,6.0,8.1,270.0,269.0,1010.2,0.0,0.0,,90.0
2025-04-01 04:00:00,-8.6,-8.5,,-8.7,,77.0,5.5,8.1,277.0,273.0,1010.6,0.0,0.0,,90.0
2025-04-01 05:00:00,-8.7,-8.6,,-8.8,,79.0,3.3,5.5,271.0,280.0,1010.9,0.0,0.0,,90.0
2025-04-01 06:00:00,-8.9,-8.7,-7.8,-9.1,-9.1,86.0,4.8,7.1,268.0,270.0,1011.2,0.0,0.0,0.9,90.0
2025-04-01 07:00:00,-9.0,-8.9,,-9.1,,84.0,4.3,7.1,270.0,272.0,1011.7,0.0,0.0,,100.0
2025-04-01 08:00:00,-9.0,-8.9,,-9.1,,82.0,2.7,4.2,266.0,270.0,1012.0,0.0,0.0,,100.0
2025-04-01 09:00:00,-9.2,-9.0,,-9.4,,86.0,2.1,4.4,273.0,264.0,1012.7,1.0,0.3,,90.0
2025-04-01 10:00:00,-9.2,-9.1,,-9.2,,80.0,2.6,4.8,269.0,273.0,1013.2,15.0,0.0,,100.0
2025-04-01 11:00:00,-9.1,-9.0,,-9.3,,79.0,2.4,5.1,265.0,274.0,1013.6,43.0,0.0,,90.0
2025-04-01 12:00:00,-9.2,-9.2,,-9.3,,81.0,3.2,4.8,265.0,268.0,1014.1,107.0,0.0,,90.0
2025-04-01 13:00:00,-9.1,-9.0,,-9.2,,78.0,2.2,4.0,268.0,265.0,1014.3,192.0,0.0,,90.0
2025-04-01 14:00:00,-8.9,-8.7,,-9.0,,77.0,1.4,3.0,274.0,272.0,1014.7,226.0,0.0,,90.0
2025-04-01 15:00:00,-8.8,-8.5,,-9.0,,77.0,1.8,3.9,258.0,233.0,1015.0,233.0,0.0,,90.0
2025-04-01 16:00:00,-8.6,-8.3,,-9.1,,75.0,3.0,5.6,252.0,258.0,1015.2,301.0,0.0,,90.0
2025-04-01 17:00:00,-8.3,-7.7,,-8.6,,76.0,3.1,5.2,261.0,265.0,1015.3,415.0,0.0,,90.0
2025-04-01 18:00:00,-8.6,-8.2,-7.7,-8.7,-9.4,75.0,2.9,4.4,281.0,269.0,1015.5,317.0,0.0,,100.0
2025-04-01 19:00:00,-8.7,-8.5,,-8.8,,76.0,2.6,4.1,305.0,291.0,1015.8,225.0,0.0,,90.0
2025-04-01 20:00:00,-8.7,-8.6,,-8.8,,74.0,1.3,2.4,318.0,322.0,1016.3,159.0,0.0,,90.0
2025-04-01 21:00:00,-8.6,-8.4,,-8.7,,71.0,0.6,1.8,0.0,303.0,1016.5,88.0,0.0,,100.0
2025-04-01 22:00:00,-8.7,-8.3,,-9.0,,74.0,1.1,2.2,8.0,43.0,1016.7,45.0,0.0,,90.0
2025-04-01 23:00:00,-9.2,-8.9,,-9.3,,73.0,1.4,1.9,31.0,47.0,1016.8,3.0,0.0,,60.0
2025-04-02 00:00:00,-9.5,-8.9,,-9.9,,70.0,2.5,3.6,47.0,42.0,1016.8,0.0,0.0,,90.0
2025-04-02 01:00:00,-9.5,-9.3,,-9.6,,69.0,2.6,3.4,39.0,46.0,1016.6,0.0,0.0,,90.0
2025-04-02 02:00:00,-9.1,-9.0,,-9.3,,69.0,2.6,3.6,38.0,32.0,1016.5,0.0,0.0,,90.0
2025-04-02 03:00:00,-9.0,-8.8,,-9.1,,61.0,1.1,2.4,62.0,58.0,1016.3,0.0,0.0,,90.0
2025-04-02 04:00:00,-9.2,-8.8,,-9.5,,63.0,1.4,3.1,44.0,66.0,1016.1,0.0,0.0,,90.0
2025-04-02 05:00:00,-9.2,-8.9,,-9.5,,70.0,2.7,3.8,24.0,22.0,1015.5,0.0,0.0,,90.0
2025-04-02 06:00:00,-9.2,-8.9,-8.3,-9.4,-9.9,71.0,3.1,6.3,349.0,4.0,1015.1,0.0,0.0,0.3,60.0
2025-04-02 07:00:00,-9.4,-9.2,,-9.6,,68.0,4.1,5.8,33.0,32.0,1014.4,0.0,0.0,,40.0
2025-04-02 08:00:00,-9.4,-9.1,,-9.8,,65.0,3.5,5.9,23.0,21.0,1014.3,0.0,0.0,,60.0
2025-04-02 09:00:00,-9.5,-9.3,,-9.7,,61.0,4.9,6.6,35.0,35.0,1013.6,4.0,0.0,,60.0
2025-04-02 10:00:00,-9.3,-8.7,,-9.9,,61.0,6.6,9.9,20.0,26.0,1012.5,49.0,0.0,,60.0
2025-04-02 11:00:00,-8.7,-8.6,,-8.9,,60.0,7.4,10.3,14.0,21.0,1012.0,153.0,0.0,,40.0
2025-04-02 12:00:00,-8.7,-8.5,,-8.9,,59.0,7.5,11.2,15.0,20.0,1011.0,249.0,0.0,,40.0
2025-04-02 13:00:00,-8.7,-8.6,,-8.8,,58.0,9.5,12.9,11.0,14.0,1010.0,294.0,0.0,,60.0
2025-04-02 14:00:00,-8.5,-8.2,,-8.8,,58.0,9.3,12.3,17.0,11.0,1009.5,406.0,0.0,,40.0
2025-04-02 15:00:00,-8.1,-7.9,,-8.5,,53.0,8.3,11.1,8.0,8.0,1009.4,546.0,0.0,,40.0
2025-04-02 16:00:00,-8.2,-7.8,,-8.7,,60.0,9.0,12.6,340.0,350.0,1008.6,555.0,0.0,,40.0
2025-04-02 17:00:00,-8.3,-7.5,,-8.9,,62.0,9.1,12.9,334.0,343.0,1008.1,558.0,0.0,,40.0
2025-04-02 18:00:00,-9.0,-8.8,-7.5,-9.2,-9.9,63.0,10.9,13.1,328.0,330.0,1007.5,444.0,0.0,,10.0
2025-04-02 19:00:00,-8.8,-8.6,,-9.1,,62.0,10.5,12.7,326.0,329.0,1007.3,413.0,0.0,,40.0
2025-04-02 20:00:00,-8.7,-8.4,,-8.9,,63.0,9.4,12.0,330.0,327.0,1007.2,300.0,0.0,,60.0
2025-04-02 21:00:00,-8.8,-8.6,,-9.0,,62.0,9.0,10.9,330.0,330.0,1007.1,191.0,0.0,,40.0
2025-04-02 22:00:00,-8.8,-8.7,,-9.0,,62.0,9.0,10.9,331.0,332.0,1006.7,65.0,0.0,,60.0
2025-04-02 23:00:00,-8.6,-8.5,,-8.8,,69.0,8.0,10.5,338.0,336.0,1006.3,6.0,0.0,,60.0
2025-04-03 00:00:00,-8.7,-8.5,,-8.9,,66.0,8.3,9.8,339.0,338.0,1005.7,0.0,0.0,,90.0
2025-04-03 01:00:00,-8.8,-8.5,,-9.1,,70.0,8.3,10.7,339.0,340.0,1004.8,0.0,0.0,,90.0
2025-04-03 02:00:00,-8.6,-8.4,,-8.9,,70.0,9.1,11.0,340.0,338.0,1004.1,0.0,0.0,,60.0
2025-04-03 03:00:00,-8.6,-8.2,,-8.9,,73.0,8.2,10.0,342.0,340.0,1003.6,0.0,0.0,,60.0
2025-04-03 04:00:00,-8.5,-8.2,,-8.7,,77.0,8.0,10.0,337.0,340.0,1003.0,0.0,0.0,,60.0
2025-04-03 05:00:00,-8.6,-8.4,,-8.8,,75.0,9.2,11.4,340.0,338.0,1002.5,0.0,0.0,,90.0
2025-04-03 06:00:00,-8.8,-8.0,-8.0,-9.3,-9.3,71.0,9.7,11.6,342.0,338.0,1001.8,0.0,0.0,0.0,90.0
2025-04-03 07:00:00,-7.8,-7.1,,-8.4,,71.0,8.5,11.0,345.0,343.0,1001.2,0.0,0.0,,90.0
2025-04-03 08:00:00,-7.7,-7.3,,-8.2,,76.0,8.6,11.1,344.0,339.0,1001.6,0.0,0.0,,60.0
2025-04-03 09:00:00,-7.8,-7.2,,-8.2,,79.0,8.4,10.3,349.0,340.0,1001.0,4.0,0.0,,60.0
2025-04-03 10:00:00,-7.0,-6.5,,-7.6,,76.0,8.5,12.0,341.0,347.0,1000.4,36.0,0.0,,90.0
2025-04-03 11:00:00,-7.2,-6.7,,-7.5,,77.0,8.1,11.1,334.0,342.0,1000.6,118.0,0.0,,90.0
2025-04-03 12:00:00,-6.5,-5.7,,-6.9,,77.0,8.5,11.3,352.0,344.0,999.5,196.0,0.0,,90.0
2025-04-03 13:00:00,-5.5,-5.1,,-5.8,,72.0,7.9,11.1,359.0,354.0,998.9,420.0,0.0,,40.0
2025-04-03 14:00:00,-5.2,-4.9,,-5.5,,73.0,7.9,11.5,343.0,349.0,998.8,448.0,0.0,,10.0
2025-04-03 15:00:00,-5.2,-5.0,,-5.5,,73.0,8.0,10.3,330.0,338.0,998.5,499.0,0.0,,40.0
2025-04-03 16:00:00,-4.9,-3.9,,-5.4,,71.0,5.1,8.1,337.0,329.0,999.2,422.0,0.0,,90.0
2025-04-03 17:00:00,-2.9,-1.5,,-4.2,,64.0,1.6,5.7,146.0,245.0,999.8,601.0,0.0,,90.0
2025-04-03 18:00:00,-1.8,-1.5,-1.5,-2.1,-8.4,78.0,5.1,10.1,177.0,152.0,1000.0,234.0,0.0,,90.0
2025-04-03 19:00:00,-2.0,-1.0,,-2.7,,91.0,6.8,9.6,160.0,167.0,1000.5,157.0,0.0,,100.0
2025-04-03 20:00:00,-2.5,-2.1,,-2.8,,95.0,5.1,7.9,168.0,160.0,1001.3,126.0,0.0,,90.0
2025-04-03 21:00:00,-2.3,-2.0,,-2.5,,94.0,5.4,8.9,162.0,170.0,1002.2,75.0,0.0,,100.0
2025-04-03 22:00:00,-2.3,-2.1,,-2.4,,97.0,4.6,7.6,168.0,161.0,1002.8,20.0,0.0,,
2025-04-03 23:00:00,-2.1,-2.0,,-2.2,,99.0,3.1,5.6,223.0,188.0,1003.5,4.0,0.0,,100.0
2025-04-04 00:00:00,-2.7,-2.1,,-3.3,,98.0,2.5,4.1,278.0,268.0,1004.0,0.0,0.2,,100.0
2025-04-04 01:00:00,-3.2,-3.0,,-3.4,,97.0,3.8,5.9,326.0,334.0,1004.1,0.0,0.1,,100.0
2025-04-04 02:00:00,-3.0,-2.5,,-3.3,,97.0,5.3,6.9,334.0,331.0,1003.7,0.0,0.0,,100.0
2025-04-04 03:00:00,-2.4,-2.2,,-2.7,,98.0,5.8,7.9,347.0,338.0,1003.4,0.0,0.0,,90.0
2025-04-04 04:00:00,-2.0,-1.1,,-2.6,,96.0,7.3,10.2,357.0,355.0,1003.1,0.0,0.0,,90.0
2025-04-04 05:00:00,-0.7,0.0,,-2.0,,87.0,5.4,9.5,355.0,0.0,1003.2,0.0,0.0,,100.0
2025-04-04 06:00:00,-0.7,-0.3,0.0,-1.4,-3.4,86.0,6.5,8.9,10.0,6.0,1003.0,0.0,0.0,0.3,90.0
2025-04-04 07:00:00,0.5,1.6,,-0.4,,75.0,2.3,6.3,39.0,359.0,1002.9,0.0,0.0,,90.0
2025-04-04 08:00:00,1.3,2.3,,0.3,,70.0,4.5,10.1,130.0,113.0,1003.9,0.0,0.0,,100.0
2025-04-04 09:00:00,0.4,0.9,,0.1,,82.0,3.3,7.4,124.0,140.0,1003.9,3.0,0.0,,90.0
2025-04-04 10:00:00,1.8,3.1,,0.5,,69.0,7.8,16.6,133.0,119.0,1004.4,32.0,0.0,,90.0
2025-04-04 11:00:00,-1.5,1.1,,-3.6,,85.0,19.6,32.9,143.0,133.0,1007.8,54.0,2.1,,60.0
2025-04-04 12:00:00,-5.0,-3.6,,-5.8,,89.0,14.0,19.8,175.0,165.0,1012.1,55.0,0.0,,100.0
2025-04-04 13:00:00,-6.1,-5.8,,-6.4,,87.0,13.1,17.9,172.0,172.0,1013.9,180.0,0.0,,90.0
2025-04-04 14:00:00,-6.3,-6.1,,-6.5,,85.0,12.6,18.4,183.0,178.0,1016.4,319.0,0.0,,90.0
2025-04-04 15:00:00,-6.7,-6.4,,-7.0,,79.0,9.3,14.7,194.0,190.0,1018.4,310.0,0.0,,90.0
2025-04-04 16:00:00,-7.0,-6.6,,-7.3,,79.0,7.5,12.7,194.0,193.0,1019.7,377.0,0.0,,90.0
2025-04-04 17:00:00,-7.2,-6.8,,-7.6,,75.0,7.1,11.7,188.0,188.0,1020.9,301.0,0.0,,100.0
2025-04-04 18:00:00,-7.7,-7.4,3.1,-8.0,-8.0,72.0,7.1,11.1,190.0,189.0,1021.4,120.0,0.0,,100.0
2025-04-04 19:00:00,-8.1,-7.8,,-8.3,,70.0,6.3,10.2,200.0,195.0,1022.1,99.0,0.0,,100.0
2025-04-04 20:00:00,-8.3,-8.1,,-8.5,,70.0,5.5,9.1,193.0,194.0,1022.7,77.0,0.0,,90.0
2025-04-04 21:00:00,-8.5,-8.4,,-8.5,,66.0,4.6,7.4,185.0,189.0,1023.0,51.0,0.0,,90.0
2025-04-04 22:00:00,-8.4,-8.4,,-8.5,,68.0,3.3,5.3,184.0,176.0,1023.0,23.0,0.0,,100.0
2025-04-04 23:00:00,-8.6,-8.4,,-8.7,,70.0,2.3,5.5,243.0,245.0,1022.9,3.0,0.0,,100.0
2025-04-05 00:00:00,-8.7,-8.6,,-9.0,,74.0,1.3,4.4,303.0,231.0,1022.7,0.0,0.0,,100.0
2025-04-05 01:00:00,-9.0,-8.9,,-9.0,,77.0,2.5,4.1,18.0,325.0,1022.5,0.0,0.0,,100.0
2025-04-05 02:00:00,-8.8,-8.7,,-9.0,,75.0,1.8,3.3,352.0,338.0,1022.3,0.0,0.0,,90.0
2025-04-05 03:00:00,-9.0,-8.9,,-9.2,,75.0,4.0,6.1,315.0,330.0,1022.2,0.0,0.0,,90.0
2025-04-05 04:00:00,-9.3,-9.2,,-9.4,,76.0,5.4,7.4,330.0,321.0,1021.8,0.0,0.0,,90.0
2025-04-05 05:00:00,-9.4,-9.3,,-9.5,,76.0,6.6,8.9,308.0,316.0,1021.5,0.0,0.0,,90.0
2025-04-05 06:00:00,-9.4,-9.2,-7.8,-9.5,-9.5,78.0,6.3,8.6,305.0,308.0,1021.1,0.0,0.0,2.1,90.0
2025-04-05 07:00:00,-9.3,-9.2,,-9.5,,73.0,6.7,8.5,328.0,318.0,1020.6,0.0,0.0,,90.0
2025-04-05 08:00:00,-9.4,-9.3,,-9.5,,75.0,6.4,8.7,333.0,329.0,1020.6,0.0,0.0,,90.0
2025-04-05 09:00:00,-9.3,-9.1,,-9.6,,72.0,5.1,6.6,341.0,337.0,1020.2,4.0,0.0,,60.0
2025-04-05 10:00:00,-9.0,-8.9,,-9.2,,68.0,3.8,5.8,323.0,340.0,1019.9,34.0,0.0,,90.0
2025-04-05 11:00:00,-9.1,-8.9,,-9.2,,72.0,5.4,7.4,335.0,332.0,1019.7,84.0,0.0,,90.0
2025-04-05 12:00:00,-8.9,-8.8,,-9.1,,70.0,5.9,8.3,342.0,341.0,1019.6,191.0,0.0,,90.0
2025-04-05 13:00:00,-8.7,-8.5,,-8.9,,67.0,6.4,8.0,334.0,335.0,1019.5,313.0,0.0,,90.0
2025-04-05 14:00:00,-8.6,-8.4,,-8.7,,66.0,6.5,8.2,330.0,330.0,1019.7,357.0,0.0,,90.0
2025-04-05 15:00:00,-8.6,-8.4,,-8.6,,67.0,6.8,8.9,335.0,332.0,1019.7,353.0,0.0,,90.0
2025-04-05 16:00:00,-8.4,-8.3,,-8.5,,66.0,7.1,9.3,326.0,328.0,1019.7,444.0,0.0,,90.0
2025-04-05 17:00:00,-8.2,-8.0,,-8.4,,65.0,7.2,9.5,345.0,336.0,1019.6,537.0,0.0,,90.0
2025-04-05 18:00:00,-8.2,-7.9,-7.9,-8.3,-9.6,65.0,7.4,9.7,343.0,342.0,1019.7,371.0,0.0,,90.0
2025-04-05 19:00:00,-8.3,-8.1,,-8.3,,63.0,8.1,10.2,337.0,337.0,1019.9,234.0,0.0,,90.0
2025-04-05 20:00:00,-8.1,-7.9,,-8.3,,62.0,7.9,10.1,332.0,332.0,1019.9,146.0,0.0,,90.0
2025-04-05 21:00:00,-8.1,-7.9,,-8.2,,61.0,8.1,10.4,328.0,332.0,1019.9,108.0,0.0,,90.0
2025-04-05 22:00:00,-8.0,-7.9,,-8.2,,55.0,8.5,10.3,334.0,329.0,1020.3,63.0,0.0,,90.0
2025-04-05 23:00:00,-8.2,-7.9,,-8.9,,57.0,8.1,9.9,310.0,320.0,1020.5,10.0,0.0,,90.0
2025-04-06 00:00:00,-8.6,-8.4,,-8.9,,60.0,8.5,10.2,323.0,325.0,1020.7,0.0,0.0,,90.0
2025-04-06 01:00:00,-8.7,-8.4,,-8.9,,58.0,8.0,9.7,325.0,327.0,1020.9,0.0,0.0,,90.0
2025-04-06 02:00:00,-8.4,-8.2,,-8.9,,59.0,7.5,9.1,331.0,330.0,1020.9,0.0,0.0,,90.0
2025-04-06 03:00:00,-8.9,-8.7,,-9.0,,62.0,7.7,9.4,325.0,326.0,1020.7,0.0,0.0,,
2025-04-06 04:00:00,-9.0,-8.8,,-9.1,,58.0,8.3,10.2,322.0,322.0,1020.8,0.0,0.0,,90.0
2025-04-06 05:00:00,-9.2,-9.0,,-9.5,,55.0,8.5,10.5,327.0,323.0,1020.6,0.0,0.0,,90.0
2025-04-06 06:00:00,-9.7,-9.5,-7.9,-10.0,-10.0,60.0,9.6,11.7,320.0,324.0,1020.3,0.0,0.0,0.0,90.0
2025-04-06 07:00:00,-9.9,-9.8,,-10.1,,62.0,9.1,11.3,322.0,322.0,1020.2,0.0,0.0,,90.0
2025-04-06 08:00:00,-10.0,-9.8,,-10.1,,62.0,9.3,11.2,326.0,324.0,1019.9,0.0,0.0,,90.0
2025-04-06 09:00:00,-10.0,-9.9,,-10.2,,63.0,9.2,10.8,330.0,329.0,1019.6,7.0,0.0,,90.0
2025-04-06 10:00:00,-10.0,-9.8,,-10.2,,67.0,8.3,10.2,326.0,327.0,1019.7,54.0,0.0,,60.0
2025-04-06 11:00:00,-9.9,-9.7,,-10.0,,65.0,7.4,9.2,330.0,328.0,1019.9,122.0,0.0,,90.0
2025-04-06 12:00:00,-9.6,-9.4,,-9.8,,62.0,6.5,8.3,329.0,331.0,1020.1,320.0,0.0,,90.0
2025-04-06 13:00:00,-9.4,-9.2,,-9.6,,56.0,6.1,7.8,339.0,336.0,1020.3,446.0,0.0,,60.0
2025-04-06 14:00:00,-9.1,-8.9,,-9.4,,54.0,5.3,7.2,343.0,342.0,1020.3,536.0,0.0,,60.0
2025-04-06 15:00:00,-8.8,-8.6,,-9.0,,57.0,4.4,6.3,342.0,340.0,1021.0,581.0,0.0,,40.0
2025-04-06 16:00:00,-8.3,-8.0,,-8.6,,59.0,3.0,4.8,346.0,354.0,1021.2,601.0,0.0,,60.0
2025-04-06 17:00:00,-8.1,-7.9,,-8.2,,64.0,3.2,4.8,348.0,351.0,1021.2,585.0,0.0,,60.0
2025-04-06 18:00:00,-8.1,-7.8,-7.8,-8.3,-10.2,67.0,4.2,6.2,323.0,323.0,1021.3,492.0,0.0,,40.0
2025-04-06 19:00:00,-8.3,-8.1,,-8.6,,75.0,3.6,5.5,330.0,331.0,1021.1,382.0,0.0,,40.0
2025-04-06 20:00:00,-8.2,-8.1,,-8.5,,78.0,3.1,5.0,329.0,333.0,1020.9,322.0,0.0,,40.0
2025-04-06 21:00:00,-8.2,-8.1,,-8.3,,74.0,4.2,6.2,332.0,336.0,1020.5,214.0,0.0,,60.0
2025-04-06 22:00:00,-8.2,-8.1,,-8.3,,76.0,6.6,9.5,338.0,336.0,1019.3,91.0,0.0,,60.0
2025-04-06 23:00:00,-8.4,-8.2,,-8.7,,78.0,8.0,10.7,340.0,337.0,1018.4,12.0,0.0,,40.0
2025-04-07 00:00:00,-8.2,-7.9,,-8.5,,73.0,7.6,10.7,11.0,1.0,1017.2,0.0,0.0,,60.0
2025-04-07 01:00:00,-7.9,-7.7,,-8.0,,71.0,8.4,11.2,7.0,7.0,1016.0,0.0,0.0,,90.0
2025-04-07 02:00:00,-7.7,-7.5,,-7.8,,71.0,8.8,12.2,29.0,14.0,1015.0,0.0,0.0,,60.0
2025-04-07 03:00:00,-7.6,-7.4,,-8.2,,74.0,7.4,10.5,5.0,14.0,1014.0,0.0,0.0,,90.0
2025-04-07 04:00:00,-7.6,-7.2,,-8.3,,75.0,8.5,11.7,23.0,13.0,1012.6,0.0,0.0,,60.0
2025-04-07 05:00:00,-7.5,-7.3,,-8.1,,75.0,8.1,12.1,12.0,18.0,1011.6,0.0,0.0,,90.0
2025-04-07 06:00:00,-7.1,-6.5,-6.5,-7.3,-8.7,72.0,8.6,11.8,23.0,20.0,1011.1,0.0,0.0,0.0,60.0
2025-04-07 07:00:00,-6.7,-6.3,,-7.1,,68.0,6.9,10.1,22.0,18.0,1010.6,0.0,0.0,,90.0
2025-04-07 08:00:00,-6.5,-6.1,,-7.0,,66.0,5.5,9.9,12.0,33.0,1010.0,0.0,0.0,,90.0
2025-04-07 09:00:00,-6.3,-5.7,,-7.1,,66.0,5.1,9.6,64.0,33.0,1010.4,9.0,0.0,,60.0
2025-04-07 10:00:00,-5.6,-5.1,,-6.3,,65.0,7.2,10.3,36.0,18.0,1009.7,68.0,0.0,,60.0
2025-04-07 11:00:00,-4.8,-4.4,,-5.7,,63.0,7.3,11.8,13.0,22.0,1009.4,171.0,0.0,,40.0
2025-04-07 12:00:00,-4.2,-3.6,,-4.7,,63.0,6.7,10.5,50.0,20.0,1009.6,289.0,0.0,,60.0
2025-04-07 13:00:00,-3.8,-3.5,,-4.2,,61.0,7.2,10.1,6.0,18.0,1009.6,348.0,0.0,,90.0
2025-04-07 14:00:00,-3.1,-2.4,,-3.5,,63.0,4.1,7.9,12.0,29.0,1009.7,457.0,0.0,,10.0
2025-04-07 15:00:00,-2.7,-2.0,,-3.2,,63.0,5.0,8.9,22.0,20.0,1009.5,489.0,0.0,,10.0
2025-04-07 16:00:00,-3.0,-2.7,,-3.2,,68.0,7.6,9.6,13.0,14.0,1009.2,463.0,0.0,,10.0
2025-04-07 17:00:00,-2.8,-2.5,,-3.1,,67.0,7.5,9.7,13.0,11.0,1009.0,351.0,0.0,,90.0
2025-04-07 18:00:00,-2.5,-2.2,-2.0,-2.7,-7.1,67.0,7.7,10.5,13.0,8.0,1008.6,323.0,0.0,,60.0
2025-04-07 19:00:00,-2.3,-1.8,,-2.4,,68.0,8.3,11.1,7.0,4.0,1008.0,279.0,0.0,,60.0
2025-04-07 20:00:00,-1.7,-0.6,,-2.2,,61.0,8.5,11.1,9.0,13.0,1007.8,247.0,0.0,,60.0
2025-04-07 21:00:00,-1.6,-0.5,,-2.2,,60.0,9.3,12.0,9.0,12.0,1006.9,121.0,0.0,,60.0
2025-04-07 22:00:00,-1.6,-0.8,,-2.1,,61.0,9.8,13.5,10.0,5.0,1005.4,53.0,0.0,,90.0
2025-04-07 23:00:00,-1.1,-0.5,,-1.7,,58.0,10.8,13.7,9.0,9.0,1004.8,7.0,0.0,,90.0
2025-04-08 00:00:00,-0.4,0.5,,-1.2,,53.0,11.7,14.9,18.0,14.0,1003.4,0.0,0.0,,90.0
2025-04-08 01:00:00,-0.4,1.1,,-1.3,,56.0,11.4,14.2,6.0,8.0,1002.2,0.0,0.0,,90.0
2025-04-08 02:00:00,0.3,1.5,,-1.1,,54.0,12.7,16.8,18.0,17.0,1000.7,0.0,0.0,,90.0
2025-04-08 03:00:00,0.6,2.1,,-0.3,,56.0,10.9,16.0,6.0,12.0,999.6,0.0,0.0,,90.0
2025-04-08 04:00:00,1.5,2.5,,0.7,,56.0,9.6,13.2,23.0,18.0,998.9,0.0,0.0,,90.0
2025-04-08 05:00:00,1.6,2.2,,0.8,,56.0,8.0,11.5,14.0,11.0,997.7,0.0,0.0,,90.0
2025-04-08 06:00:00,2.0,3.0,3.0,1.3,-2.4,58.0,6.0,9.5,5.0,14.0,996.6,0.0,0.0,0.0,90.0
2025-04-08 07:00:00,4.2,8.3,,1.0,,57.0,3.0,6.6,69.0,35.0,995.7,0.0,0.0,,90.0
2025-04-08 08:00:00,3.8,5.3,,2.5,,59.0,2.5,5.2,45.0,56.0,995.3,0.0,0.0,,90.0
2025-04-08 09:00:00,4.1,5.1,,3.2,,59.0,1.6,3.9,86.0,75.0,995.1,4.0,0.0,,90.0
2025-04-08 10:00:00,4.4,5.2,,3.4,,59.0,1.6,4.1,6.0,51.0,994.3,24.0,0.0,,90.0
2025-04-08 11:00:00,4.7,5.5,,3.6,,65.0,5.3,6.4,9.0,9.0,993.4,50.0,0.0,,90.0
2025-04-08 12:00:00,5.9,6.3,,5.5,,65.0,6.2,8.4,13.0,11.0,993.3,72.0,0.0,,60.0
2025-04-08 13:00:00,6.0,6.8,,5.2,,68.0,5.6,7.3,4.0,8.0,993.5,159.0,0.0,,40.0
2025-04-08 14:00:00,5.4,6.2,,4.7,,70.0,4.8,7.6,15.0,6.0,993.3,316.0,0.0,,10.0
2025-04-08 15:00:00,5.5,6.1,,4.7,,69.0,6.7,8.9,6.0,10.0,992.9,440.0,0.0,,40.0
2025-04-08 16:00:00,5.8,8.5,,4.2,,69.0,8.5,10.9,10.0,5.0,992.3,351.0,0.0,,10.0
2025-04-08 17:00:00,8.3,15.0,,5.4,,56.0,7.3,13.9,61.0,21.0,992.2,265.0,0.0,,60.0
2025-04-08 18:00:00,15.6,16.6,16.6,12.9,1.0,26.0,9.5,17.3,75.0,72.0,991.2,202.0,0.0,,40.0
2025-04-08 19:00:00,14.5,16.9,,9.7,,29.0,7.4,18.0,132.0,67.0,993.5,189.0,0.0,,60.0
2025-04-08 20:00:00,9.0,10.5,,6.8,,49.0,11.8,16.7,141.0,140.0,994.2,218.0,0.0,,10.0
2025-04-08 21:00:00,5.7,7.0,,5.0,,72.0,10.6,16.3,150.0,150.0,994.8,127.0,0.0,,40.0
2025-04-08 22:00:00,4.4,5.0,,4.0,,81.0,6.4,10.6,155.0,158.0,995.1,49.0,0.0,,90.0
2025-04-08 23:00:00,4.0,4.3,,3.6,,83.0,5.9,8.3,151.0,155.0,995.4,9.0,0.0,,90.0
2025-04-09 00:00:00,3.5,3.7,,3.2,,85.0,6.2,8.9,154.0,156.0,995.9,0.0,0.0,,90.0
2025-04-09 01:00:00,3.3,3.6,,3.1,,86.0,3.5,7.4,173.0,165.0,995.7,0.0,0.0,,90.0
2025-04-09 02:00:00,2.9,3.1,,2.8,,88.0,3.2,5.0,168.0,169.0,996.1,0.0,0.0,,90.0
2025-04-09 03:00:00,3.1,3.5,,2.8,,86.0,6.8,11.5,160.0,158.0,997.0,0.0,0.0,,90.0
2025-04-09 04:00:00,2.0,2.8,,1.2,,91.0,9.6,16.6,153.0,162.0,997.5,0.0,0.0,,90.0
2025-04-09 05:00:00,0.6,1.3,,0.4,,96.0,9.5,15.8,159.0,155.0,998.1,0.0,0.0,,90.0
2025-04-09 06:00:00,0.3,0.5,16.9,0.1,0.1,96.0,9.4,13.2,149.0,148.0,998.3,0.0,0.0,0.0,90.0
2025-04-09 07:00:00,0.1,0.3,,-0.1,,95.0,11.1,14.5,149.0,151.0,998.8,0.0,0.0,,90.0
2025-04-09 08:00:00,-0.1,0.1,,-0.3,,95.0,11.9,15.8,151.0,148.0,999.6,0.0,0.0,,100.0
2025-04-09 09:00:00,-0.5,-0.2,,-0.9,,96.0,13.3,18.2,149.0,149.0,1000.3,2.0,0.3,,
2025-04-09 10:00:00,-0.7,-0.3,,-0.9,,95.0,12.4,18.9,143.0,143.0,1001.2,16.0,0.0,,100.0
2025-04-09 11:00:00,0.0,0.2,,-0.3,,78.0,13.3,18.3,148.0,147.0,1001.9,48.0,0.0,,90.0
2025-04-09 12:00:00,0.0,0.2,,0.0,,75.0,12.8,17.5,150.0,150.0,1002.8,57.0,0.0,,90.0
2025-04-09 13:00:00,0.0,0.2,,-0.1,,77.0,12.3,18.0,150.0,151.0,1003.2,114.0,0.0,,60.0
2025-04-09 14:00:00,-0.3,0.0,,-0.6,,83.0,13.7,19.4,147.0,149.0,1004.3,245.0,0.0,,60.0
2025-04-09 15:00:00,0.1,0.6,,-0.4,,77.0,11.6,16.9,146.0,146.0,1004.5,410.0,0.0,,90.0
2025-04-09 16:00:00,0.4,0.7,,0.3,,75.0,10.8,14.5,149.0,148.0,1005.4,650.0,0.0,,90.0
2025-04-09 17:00:00,0.8,1.0,,0.5,,68.0,9.7,14.1,147.0,148.0,1005.4,579.0,0.0,,90.0
2025-04-09 18:00:00,0.5,0.6,1.0,0.3,-0.9,70.0,5.8,12.0,127.0,138.0,1006.3,455.0,0.0,,90.0
2025-04-09 19:00:00,0.1,0.3,,0.0,,70.0,4.8,7.4,138.0,135.0,1006.0,178.0,0.0,,60.0
2025-04-09 20:00:00,0.0,0.3,,-0.1,,70.0,4.9,7.9,138.0,140.0,1006.0,258.0,0.0,,60.0
2025-04-09 21:00:00,-0.1,0.1,,-0.3,,70.0,2.5,4.9,59.0,102.0,1005.7,93.0,0.0,,90.0
2025-04-09 22:00:00,-0.7,-0.3,,-1.0,,86.0,5.2,7.7,324.0,335.0,1004.7,42.0,0.0,,90.0
2025-04-09 23:00:00,-1.0,-0.7,,-1.1,,89.0,6.6,10.5,350.0,351.0,1002.8,12.0,0.0,,90.0
2025-04-10 00:00:00,-1.2,-0.9,,-1.4,,88.0,8.9,11.5,355.0,358.0,1001.0,0.0,0.0,,60.0
2025-04-10 01:00:00,-1.7,-1.4,,-2.1,,86.0,8.9,11.5,334.0,343.0,999.1,0.0,0.0,,90.0
2025-04-10 02:00:00,-1.9,-1.6,,-2.4,,82.0,9.3,12.1,345.0,341.0,997.1,0.0,0.0,,90.0
2025-04-10 03:00:00,-1.4,-1.1,,-1.7,,78.0,8.5,11.6,4.0,355.0,994.6,0.0,0.0,,90.0
2025-04-10 04:00:00,-1.5,-1.2,,-1.7,,76.0,9.9,13.3,355.0,0.0,992.3,0.0,0.0,,90.0
2025-04-10 05:00:00,-1.5,-1.2,,-1.7,,72.0,7.9,11.6,357.0,357.0,990.2,0.0,0.0,,90.0
2025-04-10 06:00:00,-1.4,-1.1,0.3,-1.8,-2.4,68.0,7.3,9.6,349.0,358.0,988.5,0.0,0.0,0.3,90.0
2025-04-10 07:00:00,-2.2,-1.8,,-2.4,,71.0,7.9,9.9,336.0,334.0,987.4,0.0,0.0,,90.0
2025-04-10 08:00:00,-2.1,-1.9,,-2.3,,70.0,6.9,10.0,343.0,338.0,987.0,0.0,0.0,,90.0
2025-04-10 09:00:00,-0.9,-0.1,,-2.3,,67.0,6.6,11.5,30.0,13.0,986.4,9.0,0.0,,60.0
2025-04-10 10:00:00,0.3,1.3,,-0.6,,57.0,2.6,6.6,48.0,53.0,985.7,44.0,0.0,,90.0
2025-04-10 11:00:00,0.3,1.3,,-0.3,,60.0,7.0,10.7,11.0,9.0,984.8,171.0,0.0,,40.0
2025-04-10 12:00:00,0.6,0.9,,0.1,,63.0,4.2,8.6,351.0,4.0,984.8,344.0,0.0,,90.0
2025-04-10 13:00:00,0.7,1.0,,0.4,,61.0,4.1,8.0,15.0,16.0,984.5,408.0,0.0,,60.0
2025-04-10 14:00:00,0.9,1.3,,0.4,,60.0,5.1,6.9,12.0,17.0,984.1,511.0,0.0,,90.0
2025-04-10 15:00:00,0.7,0.9,,0.4,,67.0,2.5,4.7,320.0,354.0,983.9,590.0,0.0,,60.0
2025-04-10 16:00:00,1.3,2.8,,0.3,,64.0,1.5,2.6,223.0,308.0,983.5,592.0,0.0,,90.0
2025-04-10 17:00:00,1.9,2.9,,1.0,,66.0,1.8,3.6,233.0,244.0,983.9,521.0,0.0,,90.0
2025-04-10 18:00:00,1.8,3.2,3.2,0.9,-2.4,74.0,1.5,2.8,194.0,190.0,984.2,315.0,0.0,,90.0
2025-04-10 19:00:00,2.6,3.1,,1.9,,64.0,2.2,4.4,157.0,183.0,984.8,445.0,0.0,,90.0
2025-04-10 20:00:00,1.0,1.9,,0.6,,83.0,6.5,9.4,148.0,148.0,985.3,164.0,0.0,,60.0
2025-04-10 21:00:00,0.0,0.6,,-0.8,,95.0,8.2,13.7,152.0,148.0,986.2,57.0,0.0,,90.0
2025-04-10 22:00:00,-1.1,-0.7,,-1.3,,94.0,9.9,15.4,152.0,155.0,986.6,37.0,0.0,,
2025-04-10 23:00:00,-0.8,-0.6,,-1.2,,85.0,12.1,16.0,146.0,148.0,987.0,8.0,0.0,,
2025-04-11 00:00:00,-0.9,-0.6,,-1.1,,86.0,13.5,17.8,149.0,148.0,987.1,0.0,0.0,,90.0
2025-04-11 01:00:00,-1.2,-1.0,,-1.5,,90.0,13.6,17.7,148.0,149.0,987.9,0.0,0.0,,90.0
2025-04-11 02:00:00,-1.7,-1.5,,-1.8,,90.0,14.8,20.3,150.0,149.0,988.3,0.0,0.0,,90.0
2025-04-11 03:00:00,-1.8,-1.8,,-1.9,,89.0,14.0,19.3,148.0,148.0,988.8,0.0,0.0,,90.0
2025-04-11 04:00:00,-1.9,-1.8,,-2.0,,87.0,13.2,18.3,147.0,147.0,989.3,0.0,0.0,,90.0
2025-04-11 05:00:00,-2.0,-1.9,,-2.0,,85.0,13.1,17.7,149.0,148.0,990.0,0.0,0.0,,90.0
2025-04-11 06:00:00,-2.1,-2.0,3.1,-2.2,-2.2,87.0,12.7,17.2,151.0,149.0,990.6,0.0,0.0,0.0,90.0
2025-04-11 07:00:00,-2.1,-1.9,,-2.3,,83.0,13.4,18.5,152.0,152.0,990.3,0.0,0.0,,90.0
2025-04-11 08:00:00,-2.0,-1.9,,-2.0,,75.0,13.1,18.6,149.0,148.0,991.5,0.0,0.0,,90.0
2025-04-11 09:00:00,-1.9,-1.9,,-2.0,,77.0,11.4,15.9,151.0,151.0,991.9,10.0,0.0,,90.0
2025-04-11 10:00:00,-1.9,-1.9,,-2.0,,79.0,9.9,14.5,156.0,154.0,993.0,28.0,0.0,,100.0
2025-04-11 11:00:00,-2.2,-1.9,,-2.3,,83.0,9.2,12.6,144.0,148.0,993.1,67.0,0.0,,90.0
2025-04-11 12:00:00,-2.1,-1.9,,-2.3,,85.0,11.3,15.3,151.0,151.0,993.3,209.0,0.0,,40.0
2025-04-11 13:00:00,-1.9,-1.8,,-1.9,,77.0,11.0,14.8,144.0,147.0,994.3,190.0,0.0,,90.0
2025-04-11 14:00:00,-1.9,-1.8,,-2.0,,78.0,10.2,15.1,142.0,141.0,994.9,219.0,0.0,,90.0
2025-04-11 15:00:00,-2.1,-1.9,,-2.3,,81.0,10.9,15.7,147.0,146.0,995.4,195.0,0.0,,90.0
2025-04-11 16:00:00,-2.4,-2.3,,-2.5,,87.0,10.6,14.6,150.0,149.0,995.9,194.0,0.0,,90.0
2025-04-11 17:00:00,-2.5,-2.3,,-2.6,,90.0,9.8,14.2,152.0,151.0,996.4,190.0,0.0,,90.0
2025-04-11 18:00:00,-2.6,-2.5,-1.8,-2.7,-2.7,91.0,9.6,14.4,154.0,154.0,997.3,153.0,0.3,,90.0
2025-04-11 19:00:00,-5.1,-2.6,,-5.8,,92.0,6.6,12.2,293.0,274.0,998.9,121.0,2.1,,10.0
2025-04-11 20:00:00,-5.7,-5.6,,-5.9,,91.0,5.0,7.7,304.0,310.0,999.5,111.0,0.5,,40.0
2025-04-11 21:00:00,-6.1,-5.8,,-6.2,,91.0,5.1,6.8,293.0,297.0,1000.1,62.0,0.4,,90.0
2025-04-11 22:00:00,-6.2,-6.0,,-6.4,,92.0,5.0,6.9,280.0,285.0,1000.8,28.0,0.6,,40.0
2025-04-11 23:00:00,-6.3,-6.2,,-6.4,,92.0,3.8,6.4,301.0,290.0,1001.3,7.0,0.4,,10.0
2025-04-12 00:00:00,-6.4,-6.3,,-6.5,,92.0,4.0,6.0,284.0,283.0,1001.8,0.0,0.1,,40.0
2025-04-12 01:00:00,-6.5,-6.4,,-6.7,,92.0,4.3,7.3,271.0,278.0,1002.2,0.0,0.3,,90.0
2025-04-12 02:00:00,-6.6,-6.5,,-6.7,,91.0,4.8,7.1,307.0,292.0,1002.5,0.0,0.2,,100.0
2025-04-12 03:00:00,-6.8,-6.5,,-6.9,,91.0,5.2,7.6,312.0,304.0,1002.6,0.0,0.1,,90.0
2025-04-12 04:00:00,-6.7,-6.4,,-6.8,,85.0,4.4,6.8,358.0,341.0,1002.5,0.0,0.0,,90.0
2025-04-12 05:00:00,-6.9,-6.8,,-7.0,,88.0,3.6,5.1,44.0,27.0,1002.5,0.0,0.0,,100.0
2025-04-12 06:00:00,-6.8,-6.6,-2.6,-7.0,-7.0,85.0,3.1,4.4,20.0,32.0,1002.6,0.0,0.0,5.0,100.0
2025-04-12 07:00:00,-6.4,-6.3,,-6.6,,84.0,1.2,2.9,159.0,97.0,1002.7,0.0,0.0,,100.0
2025-04-12 08:00:00,-6.4,-6.3,,-6.5,,91.0,0.6,1.8,0.0,187.0,1002.9,0.0,0.3,,100.0
2025-04-12 09:00:00,-6.5,-6.4,,-6.5,,93.0,0.4,0.8,45.0,122.0,1002.9,6.0,0.2,,90.0
2025-04-12 10:00:00,-6.5,-6.4,,-6.6,,93.0,0.5,0.8,56.0,56.0,1002.9,23.0,0.0,,40.0
2025-04-12 11:00:00,-6.1,-5.9,,-6.4,,89.0,0.9,1.6,346.0,344.0,1002.9,61.0,0.0,,100.0
2025-04-12 12:00:00,-5.7,-5.5,,-5.9,,89.0,0.8,1.3,27.0,20.0,1003.1,122.0,0.0,,90.0
2025-04-12 13:00:00,-5.0,-4.0,,-5.5,,85.0,0.0,1.0,25.0,0.0,1003.1,177.0,0.0,,90.0
2025-04-12 14:00:00,-4.3,-3.4,,-4.8,,77.0,0.6,1.5,99.0,46.0,1003.1,267.0,0.0,,90.0
2025-04-12 15:00:00,-3.5,-2.6,,-4.1,,72.0,0.7,4.0,43.0,44.0,1003.1,329.0,0.0,,90.0
2025-04-12 16:00:00,-4.0,-3.8,,-4.3,,73.0,3.2,5.4,33.0,42.0,1003.1,346.0,0.0,,90.0
2025-04-12 17:00:00,-3.1,-1.8,,-4.0,,68.0,1.0,4.2,348.0,345.0,1003.0,366.0,0.0,,60.0
2025-04-12 18:00:00,-3.4,-3.2,-1.8,-3.5,-6.6,69.0,1.8,3.3,15.0,303.0,1003.3,309.0,0.0,,90.0
2025-04-12 19:00:00,-3.3,-3.0,,-3.5,,70.0,1.3,3.2,27.0,27.0,1003.7,226.0,0.0,,90.0
2025-04-12 20:00:00,-3.5,-3.3,,-3.7,,73.0,1.3,4.7,147.0,47.0,1003.8,132.0,0.0,,100.0
2025-04-12 21:00:00,-3.9,-3.6,,-4.1,,83.0,4.5,6.6,140.0,147.0,1004.2,90.0,0.0,,100.0
2025-04-12 22:00:00,-4.1,-4.1,,-4.1,,89.0,4.8,6.8,141.0,138.0,1004.3,36.0,0.0,,90.0
2025-04-12 23:00:00,-4.1,-4.0,,-4.1,,90.0,4.6,6.6,147.0,142.0,1004.5,8.0,0.0,,100.0
2025-04-13 00:00:00,-4.1,-3.9,,-4.1,,88.0,4.6,6.8,135.0,142.0,1004.7,0.0,0.0,,90.0
2025-04-13 01:00:00,-3.7,-3.6,,-3.9,,79.0,4.2,7.4,132.0,122.0,1005.0,0.0,0.0,,90.0
2025-04-13 02:00:00,-4.1,-3.7,,-4.9,,87.0,5.5,8.6,261.0,181.0,1005.5,0.0,0.0,,100.0
2025-04-13 03:00:00,-5.1,-4.9,,-5.3,,91.0,3.9,5.8,267.0,267.0,1005.8,0.0,0.0,,100.0
2025-04-13 04:00:00,-5.3,-5.2,,-5.3,,90.0,2.6,3.9,279.0,271.0,1006.0,0.0,0.0,,100.0
2025-04-13 05:00:00,-5.3,-5.2,,-5.3,,91.0,2.6,4.0,291.0,284.0,1006.1,0.0,0.0,,100.0
2025-04-13 06:00:00,-5.2,-5.1,-3.0,-5.3,-5.3,89.0,2.7,3.9,286.0,289.0,1006.3,0.0,0.0,0.5,100.0
2025-04-13 07:00:00,-5.3,-5.2,,-5.4,,89.0,2.5,3.7,301.0,287.0,1006.4,0.0,0.0,,100.0
2025-04-13 08:00:00,-5.2,-5.2,,-5.3,,89.0,1.4,2.4,34.0,356.0,1006.7,1.0,0.0,,90.0
2025-04-13 09:00:00,-5.2,-5.1,,-5.3,,92.0,1.7,2.6,358.0,21.0,1007.0,9.0,0.0,,100.0
2025-04-13 10:00:00,-4.9,-4.7,,-5.1,,91.0,1.6,2.5,7.0,0.0,1007.1,47.0,0.0,,90.0
2025-04-13 11:00:00,-4.6,-4.5,,-4.8,,91.0,1.8,2.8,331.0,346.0,1007.3,104.0,0.0,,100.0
2025-04-13 12:00:00,-4.4,-4.2,,-4.6,,90.0,1.6,2.4,286.0,301.0,1007.6,177.0,0.0,,100.0
2025-04-13 13:00:00,-4.3,-4.1,,-4.3,,89.0,1.6,2.6,268.0,266.0,1007.9,205.0,0.0,,100.0
2025-04-13 14:00:00,-4.3,-4.2,,-4.4,,90.0,2.0,3.0,256.0,261.0,1008.3,233.0,0.0,,100.0
2025-04-13 15:00:00,-4.1,-3.7,,-4.3,,86.0,1.9,2.8,262.0,265.0,1008.5,402.0,0.0,,100.0
2025-04-13 16:00:00,-3.9,-3.7,,-4.0,,86.0,1.8,2.9,263.0,264.0,1008.7,354.0,0.0,,100.0
2025-04-13 17:00:00,-3.8,-3.7,,-3.9,,86.0,2.1,3.6,265.0,260.0,1008.8,311.0,0.0,,100.0
2025-04-13 18:00:00,-3.7,-3.4,-3.4,-3.9,-5.4,85.0,2.4,3.6,280.0,273.0,1009.1,412.0,0.0,,100.0
2025-04-13 19:00:00,-3.6,-3.4,,-3.9,,84.0,2.1,3.1,265.0,268.0,1009.4,334.0,0.0,,100.0
2025-04-13 20:00:00,-3.8,-3.6,,-3.9,,84.0,1.8,3.2,263.0,261.0,1009.7,209.0,0.0,,100.0
2025-04-13 21:00:00,-3.7,-3.6,,-3.8,,85.0,1.5,2.4,263.0,263.0,1010.0,137.0,0.0,,90.0
2025-04-13 22:00:00,-3.9,-3.8,,-3.9,,85.0,1.6,2.5,270.0,267.0,1010.2,44.0,0.0,,90.0
2025-04-13 23:00:00,-4.0,-3.9,,-4.0,,85.0,1.6,2.5,294.0,284.0,1010.5,15.0,0.0,,90.0
2025-04-14 00:00:00,-4.0,-3.9,,-4.2,,83.0,1.3,2.6,305.0,291.0,1010.9,1.0,0.0,,90.0
2025-04-14 01:00:00,-4.1,-3.8,,-4.4,,80.0,1.1,2.8,360.0,308.0,1011.1,0.0,0.0,,90.0
2025-04-14 02:00:00,-4.0,-3.7,,-4.3,,78.0,2.7,4.3,3.0,15.0,1011.2,0.0,0.0,,90.0
2025-04-14 03:00:00,-4.0,-3.6,,-4.2,,77.0,1.4,4.3,112.0,74.0,1011.5,0.0,0.0,,100.0
2025-04-14 04:00:00,-3.8,-3.7,,-3.9,,76.0,1.4,4.7,4.0,30.0,1011.5,0.0,0.0,,90.0
2025-04-14 05:00:00,-3.7,-3.6,,-3.8,,73.0,3.6,6.2,351.0,0.0,1011.5,0.0,0.0,,100.0
2025-04-14 06:00:00,-3.9,-3.8,-3.4,-3.9,-4.4,73.0,4.3,5.8,357.0,357.0,1011.6,0.0,0.0,0.0,100.0
2025-04-14 07:00:00,-4.0,-3.8,,-4.2,,76.0,4.7,6.9,330.0,340.0,1011.8,0.0,0.0,,100.0
2025-04-14 08:00:00,-4.3,-4.0,,-4.6,,80.0,4.6,7.0,332.0,334.0,1012.3,1.0,0.0,,100.0
2025-04-14 09:00:00,-4.4,-4.1,,-4.6,,81.0,4.8,6.5,1.0,339.0,1012.7,9.0,0.0,,100.0
2025-04-14 10:00:00,-4.3,-4.2,,-4.3,,78.0,4.6,6.1,9.0,359.0,1013.0,36.0,0.0,,100.0
2025-04-14 11:00:00,-4.2,-4.0,,-4.3,,76.0,4.3,6.4,,358.0,1013.3,85.0,0.0,,100.0
2025-04-14 12:00:00,-4.0,-3.7,,-4.1,,73.0,2.7,5.7,348.0,337.0,1013.6,155.0,0.0,,100.0
2025-04-14 13:00:00,-3.8,-3.6,,-4.0,,70.0,3.3,6.1,332.0,352.0,1013.9,259.0,0.0,,100.0
2025-04-14 14:00:00,-3.8,-3.7,,-4.0,,73.0,3.7,5.2,347.0,347.0,1014.4,326.0,0.0,,100.0
2025-04-14 15:00:00,-3.4,-3.1,,-3.8,,69.0,2.7,4.2,348.0,343.0,1014.7,470.0,0.0,,60.0
2025-04-14 16:00:00,-3.0,-2.3,,-3.3,,64.0,1.9,3.5,21.0,6.0,1014.8,643.0,0.0,,90.0
2025-04-14 17:00:00,-2.6,-1.9,,-2.9,,60.0,1.1,2.9,0.0,30.0,1015.2,538.0,0.0,,60.0
2025-04-14 18:00:00,-2.7,-2.2,-1.9,-2.8,-4.6,59.0,0.8,1.8,333.0,343.0,1015.6,411.0,0.0,,100.0
2025-04-14 19:00:00,-2.6,-2.1,,-2.8,,60.0,1.1,2.1,298.0,308.0,1016.2,384.0,0.0,,100.0
2025-04-14 20:00:00,-2.8,-2.6,,-2.9,,63.0,1.0,2.1,344.0,308.0,1016.6,218.0,0.0,,100.0
2025-04-14 21:00:00,-3.2,-2.7,,-3.6,,80.0,3.1,5.8,273.0,280.0,1017.0,100.0,0.0,,100.0
2025-04-14 22:00:00,-3.6,-3.5,,-3.9,,86.0,3.2,4.3,296.0,282.0,1017.4,50.0,0.0,,100.0
2025-04-14 23:00:00,-3.7,-3.7,,-3.8,,85.0,2.2,3.6,288.0,288.0,1017.7,12.0,0.0,,100.0
2025-04-15 00:00:00,-3.6,-3.5,,-3.8,,81.0,1.0,2.1,302.0,287.0,1017.9,1.0,0.0,,100.0
2025-04-15 01:00:00,-3.5,-3.4,,-3.6,,80.0,0.5,1.8,231.0,256.0,1018.3,0.0,0.0,,100.0
2025-04-15 02:00:00,-3.5,-3.4,,-3.5,,77.0,0.7,2.2,0.0,243.0,1018.6,0.0,0.0,,100.0
2025-04-15 03:00:00,-3.7,-3.4,,-4.0,,79.0,1.6,4.8,266.0,162.0,1018.7,0.0,0.0,,90.0
2025-04-15 04:00:00,-3.9,-3.9,,-4.0,,83.0,1.8,3.4,261.0,274.0,1018.6,0.0,0.0,,90.0
2025-04-15 05:00:00,-3.9,-3.8,,-3.9,,80.0,0.8,2.0,265.0,270.0,1018.6,0.0,0.0,,90.0
2025-04-15 06:00:00,-4.0,-3.9,-2.1,-4.0,-4.0,82.0,1.9,3.7,264.0,268.0,1018.7,0.0,0.0,0.0,90.0
2025-04-15 07:00:00,-3.9,-3.8,,-4.0,,80.0,1.8,2.7,258.0,262.0,1018.9,0.0,0.0,,90.0
2025-04-15 08:00:00,-3.8,-3.8,,-3.9,,76.0,1.5,3.8,207.0,257.0,1018.9,0.0,0.0,,90.0
2025-04-15 09:00:00,-3.5,-2.8,,-3.8,,74.0,0.4,2.0,0.0,121.0,1019.0,28.0,0.0,,90.0
2025-04-15 10:00:00,-3.7,-2.8,,-4.1,,69.0,2.9,6.0,45.0,30.0,1019.0,75.0,0.0,,90.0
2025-04-15 11:00:00,-3.8,-3.5,,-4.1,,69.0,3.8,5.6,40.0,44.0,1019.1,233.0,0.0,,60.0
2025-04-15 12:00:00,-3.8,-3.6,,-3.9,,68.0,3.8,6.0,43.0,40.0,1019.3,384.0,0.0,,60.0
2025-04-15 13:00:00,-3.7,-3.5,,-3.8,,68.0,3.8,5.4,38.0,36.0,1019.4,492.0,0.0,,60.0
2025-04-15 14:00:00,-3.6,-3.5,,-3.7,,68.0,4.0,5.8,38.0,37.0,1019.4,573.0,0.0,,60.0
2025-04-15 15:00:00,-3.4,-3.1,,-3.6,,67.0,4.2,5.7,22.0,27.0,1019.4,625.0,0.0,,40.0
2025-04-15 16:00:00,-3.3,-3.2,,-3.4,,66.0,4.9,7.2,24.0,24.0,1019.2,645.0,0.0,,60.0
2025-04-15 17:00:00,-3.1,-3.0,,-3.2,,64.0,4.8,6.6,20.0,22.0,1019.2,626.0,0.0,,60.0
2025-04-15 18:00:00,-3.0,-2.7,-2.7,-3.2,-4.1,64.0,5.1,6.8,23.0,19.0,1019.3,468.0,0.0,,60.0
2025-04-15 19:00:00,-2.8,-2.6,,-2.9,,64.0,5.3,6.5,14.0,15.0,1019.4,481.0,0.0,,40.0
2025-04-15 20:00:00,-2.6,-2.5,,-2.7,,63.0,4.6,6.0,19.0,17.0,1019.5,383.0,0.0,,60.0
2025-04-15 21:00:00,-2.6,-2.6,,-2.7,,65.0,4.2,6.0,14.0,13.0,1019.8,259.0,0.0,,
2025-04-15 22:00:00,-2.6,-2.3,,-2.8,,66.0,3.7,5.7,9.0,10.0,1020.1,122.0,0.0,,10.0
2025-04-15 23:00:00,-2.6,-2.3,,-2.9,,67.0,2.7,4.9,348.0,353.0,1020.4,34.0,0.0,,60.0
2025-04-16 00:00:00,-2.7,-2.6,,-2.9,,68.0,3.3,5.8,10.0,9.0,1020.8,1.0,0.0,,90.0
2025-04-16 01:00:00,-2.7,-2.4,,-2.8,,65.0,3.0,5.1,17.0,11.0,1021.1,0.0,0.0,,90.0
2025-04-16 02:00:00,-2.3,-2.0,,-2.6,,58.0,2.3,3.0,17.0,14.0,1021.3,0.0,0.0,,60.0
2025-04-16 03:00:00,-2.3,-2.1,,-2.5,,58.0,2.3,3.2,27.0,18.0,1021.3,0.0,0.0,,60.0
2025-04-16 04:00:00,-2.5,-2.1,,-2.7,,59.0,3.2,4.6,25.0,23.0,1021.5,0.0,0.0,,90.0
2025-04-16 05:00:00,-2.6,-2.3,,-3.1,,60.0,2.6,4.5,10.0,29.0,1021.8,0.0,0.0,,90.0
2025-04-16 06:00:00,-2.7,-2.3,-2.0,-2.9,-3.1,64.0,3.6,5.3,2.0,17.0,1021.8,0.0,0.0,0.0,90.0
2025-04-16 07:00:00,-2.5,-2.3,,-2.8,,62.0,4.6,8.7,18.0,22.0,1021.8,0.0,0.0,,90.0
2025-04-16 08:00:00,-2.7,-2.4,,-2.8,,69.0,6.6,8.5,30.0,19.0,1022.0,1.0,0.0,,90.0
2025-04-16 09:00:00,-2.7,-2.4,,-2.9,,67.0,7.1,10.1,8.0,20.0,1022.1,23.0,0.0,,90.0
2025-04-16 10:00:00,-2.5,-2.2,,-2.7,,67.0,6.8,9.8,9.0,17.0,1022.4,119.0,0.0,,60.0
2025-04-16 11:00:00,-2.1,-1.7,,-2.4,,62.0,6.1,8.5,11.0,15.0,1022.7,259.0,0.0,,60.0
2025-04-16 12:00:00,-1.8,-1.0,,-2.1,,63.0,5.4,9.1,25.0,21.0,1023.1,381.0,0.0,,60.0
2025-04-16 13:00:00,-1.1,-0.5,,-1.5,,59.0,3.7,6.4,13.0,27.0,1023.4,490.0,0.0,,60.0
2025-04-16 14:00:00,-1.2,-0.9,,-1.4,,59.0,5.9,8.8,13.0,12.0,1023.4,571.0,0.0,,90.0
2025-04-16 15:00:00,-1.1,-0.7,,-1.5,,58.0,7.0,10.0,12.0,11.0,1023.3,622.0,0.0,,60.0
2025-04-16 16:00:00,-1.1,-0.7,,-1.2,,59.0,7.3,10.2,11.0,11.0,1023.6,648.0,0.0,,40.0
2025-04-16 17:00:00,-0.7,-0.3,,-0.9,,57.0,6.4,8.5,11.0,9.0,1023.6,610.0,0.0,,60.0
2025-04-16 18:00:00,-0.4,-0.2,-0.2,-0.6,-2.9,56.0,6.5,8.3,11.0,16.0,1023.7,449.0,0.0,,60.0
2025-04-16 19:00:00,-0.2,0.6,,-0.7,,58.0,5.5,8.1,23.0,14.0,1023.9,420.0,0.0,,10.0
2025-04-16 20:00:00,-0.7,0.6,,-1.0,,66.0,5.6,7.9,347.0,358.0,1024.2,291.0,0.0,,10.0
2025-04-16 21:00:00,-1.2,-0.8,,-1.4,,72.0,5.0,6.3,1.0,356.0,1024.4,169.0,0.0,,40.0
2025-04-16 22:00:00,-1.3,-1.1,,-1.4,,73.0,5.0,6.1,3.0,357.0,1024.3,79.0,0.0,,90.0
2025-04-16 23:00:00,-1.3,-1.1,,-1.6,,75.0,5.3,6.8,351.0,356.0,1024.1,23.0,0.0,,90.0
2025-04-17 00:00:00,-1.7,-1.5,,-1.8,,74.0,5.1,6.7,353.0,349.0,1024.1,2.0,0.0,,90.0
2025-04-17 01:00:00,-1.7,-1.6,,-1.9,,74.0,5.3,6.6,355.0,359.0,1023.9,0.0,0.0,,90.0
2025-04-17 02:00:00,-1.6,-1.5,,-1.7,,76.0,5.9,7.3,355.0,360.0,1023.9,0.0,0.0,,90.0
2025-04-17 03:00:00,-1.3,-1.0,,-1.6,,69.0,6.2,8.4,7.0,2.0,1023.7,0.0,0.0,,90.0
2025-04-17 04:00:00,-1.5,-1.3,,-1.7,,72.0,6.2,8.3,7.0,7.0,1023.8,0.0,0.0,,90.0
2025-04-17 05:00:00,-1.4,-1.1,,-1.6,,71.0,5.2,8.2,29.0,13.0,1023.8,0.0,0.0,,90.0
2025-04-17 06:00:00,-1.2,-0.8,0.6,-1.7,-1.9,62.0,1.9,3.1,104.0,50.0,1024.0,0.0,0.0,0.0,90.0
2025-04-17 07:00:00,-1.5,-1.2,,-2.1,,68.0,1.0,2.2,26.0,78.0,1024.1,0.0,0.0,,90.0
2025-04-17 08:00:00,-1.1,-0.9,,-1.4,,63.0,0.9,1.7,13.0,86.0,1024.0,2.0,0.0,,90.0
2025-04-17 09:00:00,-1.2,-0.9,,-1.5,,59.0,2.1,4.2,47.0,36.0,1023.9,27.0,0.0,,90.0
2025-04-17 10:00:00,-0.8,-0.4,,-1.8,,56.0,3.9,6.1,42.0,35.0,1023.6,123.0,0.0,,90.0
2025-04-17 11:00:00,-0.3,0.2,,-0.6,,56.0,2.9,4.8,39.0,50.0,1023.6,166.0,0.0,,90.0
2025-04-17 12:00:00,0.6,1.0,,0.1,,52.0,2.9,6.6,24.0,57.0,1023.3,323.0,0.0,,90.0
2025-04-17 13:00:00,0.8,1.3,,0.2,,51.0,5.1,8.3,45.0,22.0,1023.2,482.0,0.0,,90.0
2025-04-17 14:00:00,1.6,2.0,,1.1,,48.0,4.1,7.5,18.0,28.0,1022.9,550.0,0.0,,90.0
2025-04-17 15:00:00,1.9,2.5,,1.0,,45.0,6.4,8.8,29.0,23.0,1022.5,547.0,0.0,,60.0
2025-04-17 16:00:00,3.1,3.6,,2.6,,40.0,4.9,7.8,18.0,26.0,1022.0,647.0,0.0,,90.0
2025-04-17 17:00:00,2.9,4.0,,1.5,,44.0,5.3,9.1,7.0,12.0,1021.5,627.0,0.0,,90.0
2025-04-17 18:00:00,2.0,2.4,4.0,1.5,-2.1,46.0,8.5,10.8,9.0,11.0,1021.0,459.0,0.0,,40.0
2025-04-17 19:00:00,2.0,2.4,,1.4,,47.0,8.3,11.3,4.0,11.0,1020.4,476.0,0.0,,60.0
2025-04-17 20:00:00,1.8,2.2,,1.3,,52.0,8.2,10.0,10.0,10.0,1019.8,361.0,0.0,,60.0
2025-04-17 21:00:00,1.4,2.0,,1.0,,53.0,8.3,10.7,10.0,7.0,1019.4,171.0,0.0,,40.0
2025-04-17 22:00:00,1.3,1.8,,0.9,,54.0,6.8,9.0,12.0,5.0,1019.2,79.0,0.0,,40.0
2025-04-17 23:00:00,1.1,1.5,,0.7,,57.0,7.4,9.5,7.0,6.0,1018.8,26.0,0.0,,60.0
2025-04-18 00:00:00,0.8,1.5,,0.2,,63.0,7.8,9.8,8.0,4.0,1018.2,2.0,0.0,,90.0
2025-04-18 01:00:00,1.2,1.7,,0.6,,57.0,8.1,11.1,18.0,13.0,1017.6,0.0,0.0,,90.0
2025-04-18 02:00:00,1.3,1.8,,0.8,,56.0,9.1,11.2,17.0,13.0,1017.3,0.0,0.0,,90.0
2025-04-18 03:00:00,1.2,1.8,,0.9,,59.0,9.1,12.9,9.0,8.0,1017.0,0.0,0.0,,90.0
2025-04-18 04:00:00,1.3,2.0,,0.7,,60.0,8.3,10.4,14.0,7.0,1016.4,0.0,0.0,,90.0
2025-04-18 05:00:00,1.3,3.0,,0.7,,60.0,7.0,11.3,14.0,12.0,1016.3,0.0,0.0,,90.0
2025-04-18 06:00:00,2.8,3.7,3.7,1.9,0.2,48.0,1.6,4.1,40.0,74.0,1016.4,0.0,0.0,0.0,90.0
2025-04-18 07:00:00,2.4,3.0,,1.5,,52.0,0.8,2.0,23.0,90.0,1016.3,0.0,0.0,,90.0
2025-04-18 08:00:00,1.4,2.0,,0.8,,62.0,3.4,7.5,16.0,37.0,1015.9,1.0,0.0,,100.0
2025-04-18 09:00:00,2.6,2.9,,1.8,,54.0,2.1,4.1,12.0,30.0,1015.8,15.0,0.0,,90.0
2025-04-18 10:00:00,2.1,2.9,,1.4,,58.0,4.7,7.8,5.0,14.0,1015.8,34.0,0.0,,90.0
2025-04-18 11:00:00,1.2,1.8,,0.5,,67.0,6.4,9.1,6.0,8.0,1015.6,57.0,0.0,,90.0
2025-04-18 12:00:00,1.8,3.0,,0.9,,64.0,3.2,9.1,1.0,15.0,1015.9,123.0,0.0,,90.0
2025-04-18 13:00:00,1.4,2.0,,1.0,,64.0,6.7,9.6,358.0,7.0,1016.0,150.0,0.0,,90.0
2025-04-18 14:00:00,1.4,1.7,,1.0,,65.0,4.5,7.1,359.0,18.0,1016.2,238.0,0.0,,90.0
2025-04-18 15:00:00,1.6,2.2,,1.3,,65.0,3.2,4.7,353.0,5.0,1016.1,270.0,0.0,,90.0
2025-04-18 16:00:00,1.3,2.4,,1.0,,69.0,3.6,5.1,24.0,13.0,1015.7,162.0,0.0,,100.0
2025-04-18 17:00:00,2.3,4.2,,1.3,,66.0,3.4,5.3,2.0,24.0,1015.8,147.0,0.0,,100.0
2025-04-18 18:00:00,3.3,4.7,4.7,1.2,0.5,62.0,1.1,3.2,0.0,30.0,1015.5,162.0,0.0,,90.0
2025-04-18 19:00:00,3.2,4.7,,1.7,,61.0,0.8,2.4,359.0,332.0,1015.5,154.0,0.0,,90.0
2025-04-18 20:00:00,2.5,2.7,,2.0,,59.0,2.0,3.2,16.0,13.0,1015.4,114.0,0.0,,90.0
2025-04-18 21:00:00,1.6,2.6,,1.3,,66.0,3.7,5.0,10.0,1.0,1015.2,102.0,0.0,,90.0
2025-04-18 22:00:00,1.2,1.5,,0.9,,72.0,4.0,5.7,341.0,4.0,1015.2,63.0,0.0,,90.0
2025-04-18 23:00:00,0.9,1.3,,0.6,,75.0,3.6,5.1,7.0,344.0,1014.8,24.0,0.0,,90.0
2025-04-19 00:00:00,1.1,1.5,,0.7,,76.0,4.1,5.2,10.0,5.0,1014.9,2.0,0.0,,90.0
2025-04-19 01:00:00,1.1,1.6,,0.7,,75.0,4.0,5.9,7.0,15.0,1014.7,0.0,0.0,,90.0
2025-04-19 02:00:00,0.5,0.9,,0.2,,80.0,5.5,7.9,3.0,11.0,1014.2,0.0,0.0,,90.0
2025-04-19 03:00:00,0.6,0.9,,0.3,,81.0,4.7,8.0,11.0,10.0,1013.9,0.0,0.0,,90.0
2025-04-19 04:00:00,0.7,1.0,,0.4,,81.0,6.3,8.4,11.0,9.0,1013.3,0.0,0.0,,90.0
2025-04-19 05:00:00,0.9,1.6,,0.4,,80.0,7.0,9.8,13.0,7.0,1012.9,0.0,0.0,,90.0
2025-04-19 06:00:00,1.1,1.5,4.7,0.8,0.2,79.0,7.2,9.6,6.0,10.0,1012.4,0.0,0.0,0.0,90.0
2025-04-19 07:00:00,1.0,1.7,,0.6,,80.0,5.8,8.3,14.0,15.0,1012.5,0.0,0.0,,90.0
2025-04-19 08:00:00,0.9,1.6,,0.5,,80.0,5.5,8.7,16.0,16.0,1012.5,3.0,0.0,,90.0
2025-04-19 09:00:00,1.1,1.3,,0.9,,79.0,3.2,7.4,14.0,36.0,1012.5,47.0,0.0,,90.0
2025-04-19 10:00:00,1.1,1.6,,0.9,,80.0,3.1,5.9,354.0,33.0,1012.6,158.0,0.0,,60.0
2025-04-19 11:00:00,1.3,1.5,,1.1,,77.0,4.8,6.5,18.0,13.0,1012.4,248.0,0.0,,40.0
2025-04-19 12:00:00,1.3,1.5,,1.1,,77.0,4.8,7.8,16.0,10.0,1012.4,348.0,0.0,,40.0
2025-04-19 13:00:00,1.2,1.7,,1.0,,77.0,5.1,7.9,5.0,9.0,1012.5,458.0,0.0,,10.0
2025-04-19 14:00:00,1.9,2.6,,1.2,,75.0,3.6,6.4,3.0,11.0,1012.3,505.0,0.0,,40.0
2025-04-19 15:00:00,1.6,1.9,,1.4,,73.0,6.0,8.7,,5.0,1012.2,493.0,0.0,,40.0
2025-04-19 16:00:00,1.6,1.8,,1.5,,73.0,5.6,7.3,5.0,2.0,1011.8,577.0,0.0,,40.0
2025-04-19 17:00:00,1.7,1.9,,1.4,,73.0,5.0,6.2,1.0,4.0,1011.7,456.0,0.0,,40.0
2025-04-19 18:00:00,2.0,2.3,2.6,1.6,0.5,72.0,4.8,6.5,6.0,3.0,1011.7,444.0,0.0,,40.0
2025-04-19 19:00:00,2.1,2.3,,1.8,,70.0,4.7,6.1,6.0,4.0,1011.6,444.0,0.0,,40.0
2025-04-19 20:00:00,2.2,2.6,,1.7,,69.0,4.3,5.5,5.0,3.0,1011.7,331.0,0.0,,60.0
2025-04-19 21:00:00,1.9,2.5,,1.1,,71.0,4.5,5.6,5.0,2.0,1011.8,236.0,0.0,,60.0
2025-04-19 22:00:00,1.6,1.9,,1.3,,73.0,4.5,5.2,2.0,2.0,1011.8,123.0,0.0,,60.0
2025-04-19 23:00:00,1.7,2.0,,1.5,,71.0,4.5,5.2,2.0,4.0,1012.0,36.0,0.0,,90.0
2025-04-20 00:00:00,1.6,2.0,,1.0,,71.0,4.3,5.2,350.0,359.0,1012.2,3.0,0.0,,90.0
2025-04-20 01:00:00,1.2,1.6,,1.0,,74.0,4.3,4.8,5.0,4.0,1012.3,0.0,0.0,,90.0
2025-04-20 02:00:00,1.3,1.6,,1.0,,73.0,4.5,5.5,7.0,6.0,1012.3,0.0,0.0,,90.0
2025-04-20 03:00:00,0.8,1.2,,0.5,,77.0,4.3,4.8,8.0,8.0,1012.1,0.0,0.0,,90.0
2025-04-20 04:00:00,0.6,0.8,,0.4,,81.0,4.7,6.4,19.0,9.0,1012.1,0.0,0.0,,90.0
2025-04-20 05:00:00,0.6,0.7,,0.4,,80.0,4.5,6.1,25.0,17.0,1012.1,0.0,0.0,,90.0
2025-04-20 06:00:00,0.6,1.2,2.6,0.3,0.3,80.0,4.6,7.3,25.0,18.0,1012.1,0.0,0.0,0.0,90.0
2025-04-20 07:00:00,0.6,1.1,,0.3,,81.0,2.7,5.3,17.0,29.0,1012.6,0.0,0.0,,90.0
2025-04-20 08:00:00,1.1,1.3,,0.7,,75.0,1.8,3.4,13.0,28.0,1013.0,4.0,0.0,,90.0
2025-04-20 09:00:00,0.9,1.2,,0.6,,77.0,3.2,5.5,9.0,17.0,1013.5,50.0,0.0,,90.0
2025-04-20 10:00:00,1.3,1.4,,1.0,,72.0,4.5,6.6,9.0,12.0,1013.8,151.0,0.0,,90.0
2025-04-20 11:00:00,1.5,1.6,,1.2,,68.0,5.3,6.9,7.0,7.0,1013.8,276.0,0.0,,60.0
2025-04-20 12:00:00,1.8,2.1,,1.5,,65.0,6.5,9.1,11.0,6.0,1014.1,391.0,0.0,,40.0
2025-04-20 13:00:00,1.9,2.2,,1.6,,65.0,6.8,8.7,3.0,8.0,1014.5,436.0,0.0,,
2025-04-20 14:00:00,2.0,2.5,,1.7,,65.0,4.6,7.2,13.0,9.0,1014.8,536.0,0.0,,60.0
2025-04-20 15:00:00,2.0,2.3,,1.7,,66.0,4.8,7.7,348.0,4.0,1015.1,638.0,0.0,,60.0
2025-04-20 16:00:00,1.9,2.3,,1.4,,66.0,3.8,5.9,352.0,348.0,1015.5,627.0,0.0,,60.0
2025-04-20 17:00:00,2.2,2.3,,1.9,,63.0,4.0,5.0,359.0,347.0,1015.5,631.0,0.0,,60.0
2025-04-20 18:00:00,1.7,2.2,2.5,1.4,0.3,69.0,4.4,5.4,354.0,355.0,1015.8,470.0,0.0,,60.0
2025-04-20 19:00:00,2.2,2.5,,1.8,,63.0,4.6,5.9,354.0,357.0,1016.0,494.0,0.0,,60.0
2025-04-20 20:00:00,2.3,2.5,,1.9,,66.0,4.1,5.3,350.0,352.0,1016.3,394.0,0.0,,60.0
2025-04-20 21:00:00,2.3,2.5,,2.1,,66.0,3.7,4.5,354.0,359.0,1016.3,275.0,0.0,,60.0
2025-04-20 22:00:00,1.8,2.1,,1.5,,71.0,3.8,5.1,347.0,351.0,1016.5,154.0,0.0,,60.0
2025-04-20 23:00:00,1.2,1.6,,0.9,,80.0,4.1,5.6,6.0,350.0,1016.6,45.0,0.0,,90.0
2025-04-21 00:00:00,0.3,0.8,,-0.1,,84.0,4.6,6.1,348.0,357.0,1016.8,4.0,0.0,,90.0
2025-04-21 01:00:00,-0.1,0.4,,-0.4,,85.0,4.7,6.3,351.0,348.0,1016.7,0.0,0.0,,90.0
2025-04-21 02:00:00,-0.5,-0.3,,-0.7,,86.0,5.3,6.2,348.0,353.0,1016.7,0.0,0.0,,90.0
2025-04-21 03:00:00,-0.1,0.2,,-0.4,,80.0,4.8,6.4,346.0,347.0,1016.8,0.0,0.0,,90.0
2025-04-21 04:00:00,-0.4,-0.2,,-0.6,,81.0,4.6,6.1,347.0,347.0,1016.8,0.0,0.0,,90.0
2025-04-21 05:00:00,-0.6,-0.3,,-1.3,,83.0,4.3,5.5,350.0,357.0,1016.8,0.0,0.0,,90.0
2025-04-21 06:00:00,-0.9,-0.6,2.5,-1.3,-1.3,83.0,4.5,6.1,338.0,349.0,1017.4,0.0,0.0,0.0,90.0
2025-04-21 07:00:00,-0.8,-0.5,,-1.1,,81.0,4.5,6.5,353.0,348.0,1017.9,0.0,0.0,,90.0
2025-04-21 08:00:00,-1.3,-1.0,,-1.5,,86.0,4.7,6.3,,359.0,1018.3,5.0,0.0,,90.0
2025-04-21 09:00:00,-1.7,-1.5,,-1.9,,89.0,3.8,4.8,5.0,0.0,1018.4,57.0,0.0,,60.0
2025-04-21 10:00:00,-1.5,-1.4,,-1.7,,88.0,3.6,4.5,346.0,359.0,1018.7,166.0,0.0,,60.0
2025-04-21 11:00:00,-1.5,-1.3,,-1.6,,86.0,3.2,4.2,346.0,351.0,1019.0,289.0,0.0,,90.0
2025-04-21 12:00:00,-1.5,-1.2,,-1.7,,86.0,3.5,4.4,357.0,356.0,1019.3,411.0,0.0,,60.0
2025-04-21 13:00:00,-1.1,-0.7,,-1.3,,84.0,3.7,4.8,355.0,354.0,1019.6,517.0,0.0,,90.0
2025-04-21 14:00:00,-0.8,-0.6,,-1.1,,83.0,3.7,4.7,353.0,353.0,1019.8,594.0,0.0,,60.0
2025-04-21 15:00:00,-0.9,-0.7,,-1.1,,86.0,4.1,5.0,351.0,356.0,1020.0,643.0,0.0,,90.0
2025-04-21 16:00:00,-0.5,-0.2,,-0.7,,86.0,4.4,5.5,356.0,355.0,1020.1,659.0,0.0,,90.0
2025-04-21 17:00:00,-0.1,0.3,,-0.4,,86.0,3.9,5.1,352.0,353.0,1020.2,640.0,0.0,,90.0
2025-04-21 18:00:00,0.6,0.9,0.9,0.1,-1.9,84.0,3.4,4.7,346.0,347.0,1020.0,500.0,0.0,,90.0
2025-04-21 19:00:00,0.8,1.0,,0.6,,84.0,3.6,4.9,332.0,343.0,1020.2,503.0,0.0,,90.0
2025-04-21 20:00:00,0.5,1.1,,0.2,,86.0,3.6,5.1,304.0,306.0,1020.5,401.0,0.0,,90.0
2025-04-21 21:00:00,-0.1,0.3,,-0.3,,88.0,4.0,5.4,300.0,303.0,1020.7,282.0,0.0,,90.0
2025-04-21 22:00:00,-0.7,-0.3,,-1.0,,90.0,4.7,6.4,293.0,301.0,1020.9,161.0,0.0,,90.0
2025-04-21 23:00:00,-1.0,-0.8,,-1.3,,91.0,4.1,5.8,323.0,312.0,1021.0,49.0,0.0,,60.0
2025-04-22 00:00:00,-1.7,-1.3,,-2.2,,94.0,4.0,5.3,310.0,313.0,1021.0,5.0,0.0,,90.0
2025-04-22 01:00:00,-2.5,-2.2,,-2.7,,98.0,4.8,6.5,313.0,308.0,1021.0,0.0,0.0,,90.0
2025-04-22 02:00:00,-2.9,-2.5,,-3.2,,99.0,4.6,6.2,352.0,341.0,1020.9,0.0,0.0,,
2025-04-22 03:00:00,-3.2,-3.1,,-3.3,,98.0,4.9,7.1,327.0,347.0,1020.7,0.0,0.0,,
2025-04-22 04:00:00,-3.4,-3.1,,-3.5,,98.0,4.8,7.4,347.0,339.0,1020.7,0.0,0.0,,
2025-04-22 05:00:00,-3.4,-3.3,,-3.6,,98.0,4.4,7.2,339.0,343.0,1020.7,0.0,0.0,,
2025-04-22 06:00:00,-3.5,-3.4,1.1,-3.7,-3.7,97.0,4.3,6.3,346.0,339.0,1020.5,0.0,0.0,0.0,100.0
2025-04-22 07:00:00,-3.7,-3.6,,-3.8,,97.0,4.4,6.1,337.0,345.0,1020.5,0.0,0.0,,90.0
2025-04-22 08:00:00,-3.7,-3.6,,-3.9,,97.0,4.0,5.3,351.0,343.0,1020.4,3.0,0.0,,
2025-04-22 09:00:00,-3.9,-3.8,,-4.0,,97.0,4.2,5.6,348.0,348.0,1020.2,28.0,0.0,,
2025-04-22 10:00:00,-3.9,-3.8,,-4.1,,96.0,4.7,5.8,338.0,344.0,1020.0,86.0,0.0,,
2025-04-22 11:00:00,-3.7,-3.5,,-4.0,,97.0,4.3,5.9,324.0,331.0,1020.1,124.0,0.0,,
2025-04-22 12:00:00,-3.7,-3.5,,-3.9,,96.0,4.0,5.2,331.0,324.0,1020.2,178.0,0.0,,
2025-04-22 13:00:00,-3.8,-3.6,,-4.0,,96.0,3.7,4.7,340.0,335.0,1019.9,356.0,0.0,,
2025-04-22 14:00:00,-3.7,-3.5,,-4.0,,95.0,3.8,4.7,355.0,349.0,1019.6,512.0,0.0,,
2025-04-22 15:00:00,-3.2,-2.8,,-3.7,,96.0,3.6,4.4,353.0,352.0,1019.6,596.0,0.0,,
2025-04-22 16:00:00,-2.9,-2.6,,-3.1,,96.0,3.3,4.2,357.0,356.0,1019.4,599.0,0.0,,
2025-04-22 17:00:00,-2.2,-1.7,,-2.7,,97.0,2.9,3.8,354.0,355.0,1019.1,580.0,0.0,,90.0
2025-04-22 18:00:00,-1.7,-1.4,-1.4,-1.9,-4.1,97.0,3.7,5.2,343.0,350.0,1018.7,518.0,0.0,,60.0
2025-04-22 19:00:00,-1.9,-1.7,,-2.0,,97.0,4.8,5.8,341.0,340.0,1018.7,492.0,0.0,,60.0
2025-04-22 20:00:00,-1.6,-1.5,,-1.8,,97.0,5.4,6.5,339.0,337.0,1018.9,411.0,0.0,,60.0
2025-04-22 21:00:00,-1.5,-1.4,,-1.9,,97.0,5.5,7.4,307.0,321.0,1019.0,291.0,0.0,,60.0
2025-04-22 22:00:00,-1.9,-1.7,,-2.1,,97.0,5.3,7.2,337.0,334.0,1018.9,168.0,0.0,,90.0
2025-04-22 23:00:00,-2.3,-2.1,,-2.4,,97.0,5.6,6.7,339.0,338.0,1019.0,54.0,0.0,,90.0
2025-04-23 00:00:00,-2.5,-2.4,,-2.7,,97.0,5.6,7.2,344.0,338.0,1018.8,6.0,0.0,,90.0
2025-04-23 01:00:00,-2.4,-2.4,,-2.5,,96.0,6.1,7.4,339.0,342.0,1018.6,0.0,0.0,,90.0
2025-04-23 02:00:00,-2.6,-2.5,,-2.8,,97.0,5.4,7.1,334.0,330.0,1018.4,0.0,0.0,,90.0
2025-04-23 03:00:00,-2.8,-2.7,,-2.9,,98.0,5.4,6.6,339.0,340.0,1018.2,0.0,0.0,,90.0
2025-04-23 04:00:00,-3.0,-2.7,,-3.4,,98.0,5.4,7.8,333.0,343.0,1018.0,0.0,0.0,,
2025-04-23 05:00:00,-3.5,-3.3,,-3.6,,98.0,5.5,7.4,341.0,341.0,1017.7,0.0,0.0,,90.0
2025-04-23 06:00:00,-3.5,-3.3,-1.4,-3.7,-3.7,98.0,4.8,6.3,344.0,344.0,1017.7,0.0,0.0,0.0,
2025-04-23 07:00:00,-3.5,-3.4,,-3.7,,97.0,5.2,6.4,338.0,338.0,1017.6,0.0,0.0,,
2025-04-23 08:00:00,-3.7,-3.6,,-3.8,,97.0,4.9,6.6,344.0,346.0,1017.7,3.0,0.0,,
2025-04-23 09:00:00,-3.5,-3.3,,-3.7,,97.0,4.4,6.1,348.0,344.0,1017.6,20.0,0.0,,
2025-04-23 10:00:00,-3.4,-3.2,,-3.6,,97.0,4.4,6.1,356.0,349.0,1017.8,66.0,0.0,,
2025-04-23 11:00:00,-3.7,-3.6,,-3.9,,96.0,4.5,5.9,353.0,349.0,1017.7,166.0,0.0,,90.0
2025-04-23 12:00:00,-3.7,-3.6,,-3.8,,96.0,3.9,5.4,342.0,343.0,1017.6,175.0,0.0,,90.0
2025-04-23 13:00:00,-3.5,-3.3,,-3.7,,96.0,3.8,4.9,353.0,351.0,1017.6,315.0,0.0,,90.0
2025-04-23 14:00:00,-3.2,-3.0,,-3.5,,96.0,3.8,5.0,,356.0,1017.8,421.0,0.0,,
2025-04-23 15:00:00,-2.7,-2.5,,-3.1,,97.0,3.4,4.7,356.0,355.0,1017.8,421.0,0.0,,90.0
2025-04-23 16:00:00,-2.4,-2.3,,-2.6,,97.0,3.2,4.6,335.0,353.0,1017.7,433.0,0.0,,90.0
2025-04-23 17:00:00,-2.3,-2.0,,-2.5,,97.0,3.7,5.3,345.0,346.0,1017.5,496.0,0.0,,100.0
2025-04-23 18:00:00,-2.3,-2.1,-2.0,-2.4,-3.9,97.0,3.9,5.7,327.0,331.0,1017.4,353.0,0.0,,100.0
2025-04-23 19:00:00,-2.4,-2.1,,-2.6,,97.0,4.7,6.8,334.0,335.0,1017.5,299.0,0.0,,100.0
2025-04-23 20:00:00,-2.6,-2.4,,-2.8,,97.0,4.9,6.5,333.0,327.0,1017.5,234.0,0.0,,100.0
2025-04-23 21:00:00,-2.8,-2.6,,-2.9,,97.0,5.3,7.1,327.0,335.0,1017.4,159.0,0.0,,90.0
2025-04-23 22:00:00,-3.0,-2.7,,-3.2,,97.0,5.5,7.8,333.0,335.0,1017.3,81.0,0.0,,100.0
2025-04-23 23:00:00,-3.2,-3.1,,-3.4,,97.0,6.2,8.1,333.0,335.0,1017.0,34.0,0.0,,100.0
2025-04-24 00:00:00,-3.3,-3.1,,-3.4,,97.0,5.8,8.3,342.0,342.0,1016.9,5.0,0.0,,100.0
2025-04-24 01:00:00,-3.2,-3.1,,-3.4,,97.0,6.2,8.4,343.0,346.0,1016.6,0.0,0.0,,100.0
2025-04-24 02:00:00,-3.1,-3.1,,-3.2,,98.0,6.6,7.9,338.0,341.0,1016.5,0.0,0.0,,100.0
2025-04-24 03:00:00,-3.2,-3.0,,-3.3,,98.0,5.9,8.1,343.0,344.0,1016.4,0.0,0.0,,100.0
2025-04-24 04:00:00,-3.0,-2.9,,-3.1,,98.0,6.2,8.1,342.0,341.0,1016.1,0.0,0.0,,
2025-04-24 05:00:00,-3.0,-2.9,,-3.1,,98.0,5.5,7.7,340.0,339.0,1015.8,0.0,0.0,,
2025-04-24 06:00:00,-3.2,-3.1,-2.1,-3.4,-3.4,98.0,5.1,6.8,352.0,347.0,1015.5,0.0,0.0,0.0,
2025-04-24 07:00:00,-3.6,-3.4,,-3.8,,97.0,5.3,6.8,346.0,346.0,1015.5,0.0,0.0,,
2025-04-24 08:00:00,-3.9,-3.7,,-4.0,,97.0,4.8,6.1,330.0,341.0,1015.5,5.0,0.0,,
2025-04-24 09:00:00,-4.0,-4.0,,-4.1,,97.0,4.5,5.7,335.0,326.0,1015.7,31.0,0.0,,
2025-04-24 10:00:00,-4.1,-4.0,,-4.2,,96.0,4.3,5.7,342.0,344.0,1015.4,81.0,0.0,,90.0
2025-04-24 11:00:00,-4.0,-3.8,,-4.1,,96.0,4.4,5.8,338.0,338.0,1015.1,162.0,0.0,,
2025-04-24 12:00:00,-3.9,-3.4,,-4.2,,96.0,4.5,5.8,340.0,341.0,1015.0,249.0,0.0,,90.0
2025-04-24 13:00:00,-3.6,-3.4,,-3.8,,96.0,4.5,5.5,330.0,330.0,1014.8,359.0,0.0,,
2025-04-24 14:00:00,-3.3,-3.1,,-3.5,,96.0,4.1,5.0,341.0,338.0,1014.3,503.0,0.0,,
2025-04-24 15:00:00,-3.1,-2.7,,-3.3,,96.0,4.0,5.2,348.0,342.0,1014.0,584.0,0.0,,90.0
2025-04-24 16:00:00,-2.4,-2.1,,-2.7,,96.0,3.6,4.7,357.0,355.0,1013.2,684.0,0.0,,60.0
2025-04-24 17:00:00,-1.8,-1.7,,-2.2,,96.0,3.4,4.8,357.0,355.0,1012.6,668.0,0.0,,90.0
2025-04-24 18:00:00,-1.6,-1.5,-1.5,-1.8,-4.2,96.0,5.1,6.8,338.0,344.0,1012.2,562.0,0.0,,60.0
2025-04-24 19:00:00,-1.5,-1.3,,-1.6,,96.0,6.5,7.9,332.0,335.0,1011.9,530.0,0.0,,60.0
2025-04-24 20:00:00,-1.2,-1.1,,-1.5,,96.0,6.6,7.9,328.0,330.0,1011.5,425.0,0.0,,60.0
2025-04-24 21:00:00,-1.5,-1.0,,-2.0,,96.0,6.2,8.0,314.0,311.0,1010.8,305.0,0.0,,60.0
2025-04-24 22:00:00,-2.0,-1.8,,-2.4,,96.0,5.7,7.5,347.0,336.0,1010.4,179.0,0.0,,60.0
2025-04-24 23:00:00,-2.0,-1.8,,-2.1,,97.0,6.7,8.5,332.0,337.0,1009.6,92.0,0.0,,90.0
2025-04-25 00:00:00,-2.0,-1.9,,-2.2,,98.0,5.6,7.7,343.0,326.0,1008.8,13.0,0.0,,90.0
2025-04-25 01:00:00,-2.3,-2.0,,-2.4,,98.0,6.8,8.3,339.0,339.0,1008.1,0.0,0.0,,60.0
2025-04-25 02:00:00,-2.2,-2.1,,-2.4,,99.0,7.0,8.2,337.0,339.0,1007.0,0.0,0.0,,90.0
2025-04-25 03:00:00,-2.2,-2.0,,-2.3,,99.0,5.8,7.5,335.0,336.0,1006.1,0.0,0.0,,90.0
2025-04-25 04:00:00,-2.0,-1.9,,-2.1,,98.0,4.6,6.2,314.0,317.0,1005.3,0.0,0.0,,60.0
2025-04-25 05:00:00,-1.8,-1.7,,-1.9,,98.0,3.2,4.9,324.0,322.0,1005.0,0.0,0.0,,90.0
2025-04-25 06:00:00,-1.7,-1.6,-1.0,-1.8,-2.4,98.0,1.9,3.3,261.0,304.0,1004.6,0.0,0.0,0.0,60.0
2025-04-25 07:00:00,-1.6,-1.4,,-1.6,,99.0,2.5,3.4,284.0,273.0,1004.3,0.0,0.0,,60.0
2025-04-25 08:00:00,-1.5,-1.4,,-1.6,,99.0,2.1,3.2,271.0,267.0,1004.3,4.0,0.0,,60.0
2025-04-25 09:00:00,-1.2,-1.2,,-1.4,,99.0,1.5,2.5,226.0,255.0,1004.6,24.0,0.0,,90.0
2025-04-25 10:00:00,-1.0,-0.9,,-1.2,,98.0,2.8,4.3,199.0,208.0,1005.1,86.0,0.0,,90.0
2025-04-25 11:00:00,-0.8,-0.8,,-0.9,,97.0,5.1,8.3,179.0,186.0,1005.4,109.0,0.0,,90.0
2025-04-25 12:00:00,-0.8,-0.6,,-0.8,,96.0,6.7,9.5,184.0,179.0,1005.7,156.0,0.0,,90.0
2025-04-25 13:00:00,-0.9,-0.7,,-1.1,,95.0,5.4,8.3,193.0,188.0,1006.1,164.0,0.0,,90.0
2025-04-25 14:00:00,-1.2,-1.1,,-1.2,,95.0,5.0,7.7,196.0,195.0,1006.3,186.0,0.0,,90.0
2025-04-25 15:00:00,-1.1,-1.0,,-1.3,,94.0,4.6,6.7,199.0,197.0,1006.3,249.0,0.0,,90.0
2025-04-25 16:00:00,-1.1,-1.0,,-1.2,,92.0,5.4,7.6,207.0,204.0,1006.6,334.0,0.0,,90.0
2025-04-25 17:00:00,-1.1,-0.9,,-1.2,,90.0,5.5,7.7,223.0,216.0,1006.6,419.0,0.0,,90.0
2025-04-25 18:00:00,-1.3,-1.1,-0.6,-1.5,-1.6,91.0,3.2,5.9,267.0,256.0,1006.6,227.0,0.0,,90.0
2025-04-25 19:00:00,-1.4,-1.3,,-1.6,,90.0,2.8,5.1,260.0,260.0,1006.7,169.0,0.0,,90.0
2025-04-25 20:00:00,-1.5,-1.4,,-1.6,,91.0,3.0,4.7,256.0,256.0,1006.8,122.0,0.0,,90.0
2025-04-25 21:00:00,-1.6,-1.5,,-1.7,,90.0,3.1,5.4,269.0,263.0,1006.9,103.0,0.0,,90.0
2025-04-25 22:00:00,-1.7,-1.5,,-1.9,,94.0,4.2,8.8,277.0,273.0,1007.0,45.0,0.0,,90.0
2025-04-25 23:00:00,-2.2,-1.8,,-2.4,,98.0,7.7,9.7,281.0,280.0,1007.0,16.0,0.0,,90.0
2025-04-26 00:00:00,-2.6,-2.3,,-2.8,,97.0,8.5,10.9,288.0,286.0,1006.9,5.0,0.0,,90.0
2025-04-26 01:00:00,-2.7,-2.6,,-2.8,,97.0,7.7,9.8,290.0,291.0,1006.9,0.0,0.0,,90.0
2025-04-26 02:00:00,-2.7,-2.6,,-2.8,,96.0,7.2,9.8,291.0,295.0,1007.0,0.0,0.0,,90.0
2025-04-26 03:00:00,-2.9,-2.7,,-3.1,,96.0,7.4,9.8,294.0,293.0,1006.9,0.0,0.0,,90.0
2025-04-26 04:00:00,-3.0,-3.0,,-3.1,,96.0,7.3,10.0,289.0,290.0,1006.9,0.0,0.0,,90.0
2025-04-26 05:00:00,-3.1,-3.0,,-3.2,,96.0,6.5,9.1,294.0,294.0,1006.9,0.0,0.1,,90.0
2025-04-26 06:00:00,-3.2,-3.2,-1.3,-3.3,-3.3,97.0,5.4,7.2,293.0,295.0,1007.3,0.0,0.0,0.1,90.0
2025-04-26 07:00:00,-3.2,-3.2,,-3.3,,96.0,6.2,8.8,290.0,290.0,1007.6,0.0,0.0,,90.0
2025-04-26 08:00:00,-3.2,-3.1,,-3.3,,94.0,7.1,9.3,292.0,289.0,1007.7,4.0,0.0,,90.0
2025-04-26 09:00:00,-3.3,-3.2,,-3.4,,92.0,6.9,9.2,290.0,292.0,1008.0,24.0,0.0,,90.0
2025-04-26 10:00:00,-3.3,-3.2,,-3.4,,92.0,7.0,9.0,291.0,292.0,1008.2,46.0,0.0,,90.0
2025-04-26 11:00:00,-3.2,-3.1,,-3.3,,91.0,6.4,8.5,296.0,295.0,1008.3,88.0,0.0,,90.0
2025-04-26 12:00:00,-3.2,-3.1,,-3.3,,90.0,6.2,8.1,291.0,291.0,1008.4,155.0,0.0,,100.0
2025-04-26 13:00:00,-3.2,-3.1,,-3.3,,89.0,5.9,7.9,294.0,291.0,1008.4,186.0,0.0,,100.0
2025-04-26 14:00:00,-3.2,-3.1,,-3.4,,88.0,5.1,7.2,292.0,294.0,1008.6,237.0,0.0,,100.0
2025-04-26 15:00:00,-3.4,-3.2,,-3.5,,87.0,4.5,6.4,282.0,283.0,1008.7,195.0,0.0,,100.0
2025-04-26 16:00:00,-3.4,-3.3,,-3.6,,86.0,4.2,6.0,275.0,276.0,1008.7,228.0,0.0,,100.0
2025-04-26 17:00:00,-3.4,-3.2,,-3.5,,84.0,3.8,5.4,264.0,272.0,1008.7,272.0,0.0,,100.0
2025-04-26 18:00:00,-3.5,-3.3,-3.1,-3.7,-3.7,84.0,3.1,5.4,261.0,271.0,1009.0,252.0,0.0,,100.0
2025-04-26 19:00:00,-3.6,-3.4,,-3.9,,81.0,2.7,4.8,289.0,271.0,1009.1,208.0,0.0,,100.0
2025-04-26 20:00:00,-3.7,-3.5,,-4.0,,79.0,2.2,4.5,259.0,261.0,1009.2,198.0,0.0,,100.0
2025-04-26 21:00:00,-3.8,-3.5,,-4.0,,79.0,2.1,4.0,236.0,252.0,1009.1,136.0,0.0,,100.0
2025-04-26 22:00:00,-3.9,-3.6,,-4.2,,77.0,1.8,4.6,221.0,191.0,1009.2,77.0,0.0,,100.0
2025-04-26 23:00:00,-3.9,-3.7,,-4.0,,79.0,2.0,4.4,206.0,222.0,1009.1,29.0,0.0,,100.0
2025-04-27 00:00:00,-3.7,-3.6,,-3.8,,81.0,2.7,5.8,162.0,162.0,1009.1,4.0,0.0,,100.0
2025-04-27 01:00:00,-3.8,-3.6,,-3.9,,81.0,4.0,6.2,157.0,170.0,1008.9,0.0,0.0,,100.0
2025-04-27 02:00:00,-3.6,-3.5,,-3.7,,78.0,4.2,7.0,175.0,165.0,1008.8,0.0,0.0,,90.0
2025-04-27 03:00:00,-3.6,-3.5,,-3.7,,77.0,5.0,8.4,149.0,149.0,1008.6,0.0,0.0,,90.0
2025-04-27 04:00:00,-3.6,-3.5,,-3.6,,79.0,6.4,9.0,141.0,143.0,1008.6,0.0,0.0,,90.0
2025-04-27 05:00:00,-3.4,-3.1,,-3.5,,75.0,6.0,9.0,138.0,136.0,1008.5,0.0,0.0,,100.0
2025-04-27 06:00:00,-3.1,-3.0,-3.0,-3.2,-4.2,71.0,4.8,7.9,131.0,142.0,1008.4,0.0,0.0,0.0,90.0
2025-04-27 07:00:00,-2.9,-2.7,,-3.1,,70.0,5.3,7.6,125.0,133.0,1007.9,0.0,0.0,,90.0
2025-04-27 08:00:00,-2.7,-2.6,,-2.8,,68.0,4.5,8.0,128.0,133.0,1007.9,7.0,0.0,,90.0
2025-04-27 09:00:00,-2.7,-2.6,,-2.8,,68.0,4.4,7.2,136.0,137.0,1007.6,34.0,0.0,,100.0
2025-04-27 10:00:00,-2.5,-2.4,,-2.7,,68.0,4.6,7.2,144.0,138.0,1007.2,90.0,0.0,,90.0
2025-04-27 11:00:00,-2.4,-2.2,,-2.6,,68.0,4.4,6.3,144.0,145.0,1006.3,154.0,0.0,,100.0
2025-04-27 12:00:00,-1.9,-1.6,,-2.3,,56.0,5.1,9.4,124.0,118.0,1005.1,276.0,0.0,,90.0
2025-04-27 13:00:00,-1.5,-1.1,,-1.8,,53.0,4.6,8.4,106.0,115.0,1003.9,496.0,0.0,,10.0
2025-04-27 14:00:00,-1.4,-1.2,,-1.7,,53.0,3.6,6.0,139.0,138.0,1003.1,462.0,0.0,,60.0
2025-04-27 15:00:00,-1.6,-1.3,,-1.8,,56.0,4.6,7.3,145.0,144.0,1001.9,306.0,0.0,,90.0
2025-04-27 16:00:00,-1.4,-1.0,,-1.7,,59.0,4.6,6.5,134.0,138.0,1000.7,379.0,0.0,,10.0
2025-04-27 17:00:00,-1.4,-1.2,,-1.6,,60.0,3.7,7.4,11.0,59.0,999.1,303.0,0.0,,90.0
2025-04-27 18:00:00,-0.9,-0.3,-0.3,-1.5,-3.1,62.0,2.6,7.8,270.0,3.0,998.0,203.0,0.0,,90.0
2025-04-27 19:00:00,-0.3,-0.1,,-0.7,,66.0,1.4,5.4,141.0,223.0,997.2,105.0,0.0,,100.0
2025-04-27 20:00:00,-0.6,-0.3,,-0.9,,94.0,7.3,15.5,136.0,132.0,996.1,71.0,1.0,,100.0
2025-04-27 21:00:00,-1.0,-0.2,,-2.8,,96.0,11.6,20.8,187.0,154.0,997.1,53.0,2.3,,90.0
2025-04-27 22:00:00,-3.2,-2.7,,-3.6,,95.0,8.4,13.5,173.0,176.0,998.8,31.0,0.8,,90.0
2025-04-27 23:00:00,-3.9,-3.6,,-4.1,,94.0,8.4,11.8,151.0,159.0,999.4,15.0,0.8,,100.0
2025-04-28 00:00:00,-3.5,-3.2,,-3.8,,92.0,8.8,12.4,140.0,142.0,999.8,4.0,0.0,,90.0
2025-04-28 01:00:00,-3.0,-2.6,,-4.2,,77.0,10.5,16.6,153.0,155.0,1000.2,0.0,0.0,,90.0
2025-04-28 02:00:00,-3.4,-3.1,,-4.1,,78.0,10.9,16.5,159.0,154.0,1000.7,0.0,0.0,,100.0
2025-04-28 03:00:00,-3.3,-3.1,,-3.6,,73.0,9.6,14.9,164.0,159.0,1001.2,0.0,0.0,,100.0
2025-04-28 04:00:00,-3.9,-3.4,,-4.8,,74.0,10.3,15.6,136.0,149.0,1001.2,0.0,0.0,,
2025-04-28 05:00:00,-4.2,-3.7,,-4.6,,86.0,8.7,13.5,144.0,137.0,1001.5,0.0,0.0,,90.0
2025-04-28 06:00:00,-4.3,-3.6,-0.1,-4.6,-4.8,82.0,7.9,12.9,130.0,141.0,1001.5,0.0,0.0,4.9,90.0
2025-04-28 07:00:00,-4.4,-3.8,,-5.1,,88.0,8.1,14.9,135.0,133.0,1001.6,0.0,0.5,,
2025-04-28 08:00:00,-5.0,-4.6,,-5.5,,91.0,9.6,16.2,140.0,135.0,1001.6,4.0,0.6,,
2025-04-28 09:00:00,-4.6,-4.3,,-5.1,,83.0,9.2,13.5,145.0,137.0,1002.0,23.0,0.4,,
2025-04-28 10:00:00,-5.0,-4.8,,-5.2,,90.0,9.8,14.3,127.0,135.0,1001.9,55.0,0.4,,90.0
2025-04-28 11:00:00,-4.7,-4.6,,-4.9,,84.0,8.5,13.6,134.0,130.0,1002.1,130.0,0.0,,90.0
2025-04-28 12:00:00,-4.6,-4.5,,-4.8,,83.0,10.1,17.3,124.0,126.0,1001.6,169.0,0.0,,90.0
2025-04-28 13:00:00,-3.8,-3.1,,-4.5,,66.0,11.2,15.9,126.0,124.0,1001.6,347.0,0.0,,60.0
2025-04-28 14:00:00,-3.3,-2.9,,-3.5,,63.0,11.4,16.2,124.0,126.0,1001.4,449.0,0.0,,60.0
2025-04-28 15:00:00,-2.7,-2.3,,-3.0,,58.0,9.6,16.0,128.0,126.0,1001.4,714.0,0.0,,40.0
2025-04-28 16:00:00,-2.3,-1.9,,-2.5,,52.0,6.2,10.6,108.0,115.0,1001.2,522.0,0.0,,90.0
2025-04-28 17:00:00,-2.0,-1.8,,-2.1,,49.0,6.7,11.4,111.0,121.0,1001.4,410.0,0.0,,90.0
2025-04-28 18:00:00,-1.6,-1.1,-1.1,-1.9,-5.5,52.0,8.0,16.4,138.0,132.0,1001.5,381.0,0.0,,60.0
2025-04-28 19:00:00,-1.6,-1.3,,-1.8,,55.0,11.7,16.7,127.0,134.0,1001.5,393.0,0.0,,90.0
2025-04-28 20:00:00,-1.6,-1.4,,-1.8,,54.0,12.1,16.9,130.0,132.0,1001.6,343.0,0.0,,60.0
2025-04-28 21:00:00,-1.6,-1.4,,-1.8,,55.0,9.9,14.9,129.0,131.0,1001.9,171.0,0.0,,90.0
2025-04-28 22:00:00,-1.6,-1.5,,-1.8,,57.0,10.5,16.7,127.0,127.0,1002.5,77.0,0.0,,90.0
2025-04-28 23:00:00,-1.6,-1.4,,-1.6,,55.0,10.6,19.0,121.0,124.0,1003.0,32.0,0.0,,100.0
2025-04-29 00:00:00,-1.4,-1.3,,-1.5,,50.0,5.4,10.3,114.0,107.0,1002.9,6.0,0.0,,90.0
2025-04-29 01:00:00,-1.3,-1.2,,-1.4,,47.0,6.8,13.2,127.0,117.0,1002.8,0.0,0.0,,90.0
2025-04-29 02:00:00,-1.3,-1.2,,-1.5,,50.0,7.9,13.0,121.0,123.0,1002.8,0.0,0.0,,90.0
2025-04-29 03:00:00,-1.9,-1.3,,-2.9,,61.0,7.8,13.8,122.0,123.0,1003.5,0.0,0.0,,100.0
2025-04-29 04:00:00,-2.3,-2.0,,-2.9,,73.0,11.4,20.4,133.0,126.0,1003.0,0.0,0.0,,90.0
2025-04-29 05:00:00,-3.0,-2.6,,-3.2,,88.0,13.3,18.5,129.0,131.0,1003.3,0.0,0.0,,100.0
2025-04-29 06:00:00,-2.6,-2.1,-1.2,-3.2,-3.2,90.0,10.8,16.6,169.0,144.0,1004.6,0.0,0.0,1.9,90.0
2025-04-29 07:00:00,-2.1,-2.0,,-2.2,,83.0,8.2,11.7,181.0,176.0,1005.6,0.0,0.0,,100.0
2025-04-29 08:00:00,-2.1,-2.1,,-2.3,,82.0,7.8,12.2,193.0,183.0,1006.3,8.0,0.0,,90.0
2025-04-29 09:00:00,-2.3,-2.2,,-2.4,,80.0,7.9,11.4,214.0,208.0,1006.9,45.0,0.0,,90.0
2025-04-29 10:00:00,-2.3,-2.2,,-2.5,,70.0,6.2,9.6,206.0,202.0,1007.3,95.0,0.0,,90.0
2025-04-29 11:00:00,-2.5,-2.3,,-2.6,,71.0,5.6,9.7,215.0,219.0,1007.5,133.0,0.0,,90.0
2025-04-29 12:00:00,-2.3,-2.1,,-2.4,,67.0,2.9,5.5,207.0,205.0,1007.3,210.0,0.0,,90.0
2025-04-29 13:00:00,-2.2,-2.0,,-2.3,,65.0,2.0,3.3,267.0,252.0,1006.7,360.0,0.0,,100.0
2025-04-29 14:00:00,-2.2,-2.0,,-2.4,,65.0,2.1,4.7,322.0,299.0,1006.1,436.0,0.0,,90.0
2025-04-29 15:00:00,-2.1,-1.8,,-2.4,,67.0,2.9,5.4,339.0,340.0,1005.1,676.0,0.0,,40.0
2025-04-29 16:00:00,-1.9,-1.6,,-2.2,,69.0,4.3,6.3,354.0,358.0,1004.0,712.0,0.0,,60.0
2025-04-29 17:00:00,-1.9,-1.6,,-2.0,,70.0,5.0,6.8,353.0,349.0,1003.1,674.0,0.0,,60.0
2025-04-29 18:00:00,-1.7,-1.4,-1.4,-2.0,-2.6,70.0,4.6,6.5,344.0,345.0,1002.1,487.0,0.0,,40.0
2025-04-29 19:00:00,-1.5,-1.3,,-1.6,,70.0,3.5,5.5,333.0,340.0,1001.5,543.0,0.0,,40.0
2025-04-29 20:00:00,-1.4,-1.1,,-1.6,,71.0,2.2,3.8,344.0,335.0,1000.8,412.0,0.0,,40.0
2025-04-29 21:00:00,-1.1,-0.9,,-1.3,,69.0,1.3,3.7,130.0,64.0,1000.1,186.0,0.0,,40.0
2025-04-29 22:00:00,-1.2,-1.1,,-1.4,,67.0,2.6,4.2,150.0,153.0,999.5,102.0,0.0,,60.0
2025-04-29 23:00:00,-1.3,-1.2,,-1.4,,68.0,2.8,4.4,150.0,155.0,998.9,35.0,0.0,,60.0
2025-04-30 00:00:00,-1.5,-1.4,,-1.6,,67.0,3.1,4.7,162.0,158.0,998.6,10.0,0.0,,90.0
2025-04-30 01:00:00,-1.7,-1.6,,-1.7,,70.0,4.2,6.6,159.0,158.0,998.5,0.0,0.0,,90.0
2025-04-30 02:00:00,-1.8,-1.7,,-1.8,,74.0,4.9,8.3,156.0,156.0,998.5,0.0,0.0,,100.0
2025-04-30 03:00:00,-1.8,-1.7,,-2.0,,78.0,4.8,7.2,164.0,154.0,998.4,0.0,0.0,,90.0
2025-04-30 04:00:00,-2.6,-2.0,,-2.8,,92.0,5.0,8.3,136.0,151.0,997.9,0.0,0.8,,60.0
2025-04-30 05:00:00,-2.8,-2.3,,-2.9,,94.0,5.2,7.9,76.0,116.0,996.8,0.0,0.4,,90.0
2025-04-30 06:00:00,-2.2,-1.9,-0.9,-2.7,-2.9,89.0,4.4,8.5,12.0,13.0,996.1,0.0,0.0,1.2,90.0
2025-04-30 07:00:00,-1.2,0.2,,-2.4,,90.0,4.6,12.7,142.0,92.0,995.4,0.0,0.0,,90.0
2025-04-30 08:00:00,0.3,0.4,,0.1,,88.0,11.9,18.4,137.0,136.0,994.5,4.0,0.4,,90.0
2025-04-30 09:00:00,0.4,0.6,,0.1,,89.0,14.0,22.0,138.0,137.0,994.5,18.0,1.0,,90.0
2025-04-30 10:00:00,-0.1,0.2,,-0.1,,94.0,11.2,16.8,139.0,139.0,995.2,43.0,1.1,,90.0
2025-04-30 11:00:00,0.4,0.8,,0.0,,93.0,11.9,18.3,141.0,138.0,994.4,67.0,0.4,,90.0
2025-04-30 12:00:00,0.8,1.0,,0.7,,90.0,11.5,17.5,140.0,141.0,995.1,139.0,0.6,,90.0
2025-04-30 13:00:00,1.2,1.3,,0.9,,89.0,12.1,17.4,141.0,140.0,995.5,237.0,0.5,,90.0
2025-04-30 14:00:00,1.0,1.2,,0.8,,92.0,11.1,16.9,141.0,141.0,996.5,181.0,0.8,,90.0
2025-04-30 15:00:00,0.9,1.2,,0.8,,94.0,12.8,19.0,144.0,145.0,996.7,154.0,0.0,,100.0
2025-04-30 16:00:00,0.8,1.0,,0.6,,95.0,17.0,27.8,139.0,140.0,996.8,175.0,0.0,,90.0
2025-04-30 17:00:00,0.6,0.7,,0.5,,96.0,18.1,25.9,139.0,140.0,997.7,150.0,0.0,,90.0
2025-04-30 18:00:00,0.4,0.7,1.3,0.2,-2.4,96.0,17.2,25.0,140.0,139.0,998.3,106.0,0.0,,90.0
2025-04-30 19:00:00,0.0,0.2,,-0.2,,98.0,15.1,23.3,148.0,145.0,999.8,89.0,1.7,,
2025-04-30 20:00:00,-0.2,-0.2,,-0.3,,99.0,14.3,18.9,150.0,149.0,1000.7,79.0,1.1,,90.0
2025-04-30 21:00:00,-0.5,-0.3,,-0.7,,99.0,9.7,15.4,156.0,154.0,1002.1,41.0,1.3,,
2025-04-30 22:00:00,-0.9,-0.7,,-0.9,,99.0,10.3,14.1,148.0,149.0,1003.2,43.0,0.0,,90.0
2025-04-30 23:00:00,-0.8,-0.8,,-1.2,,98.0,10.0,13.8,179.0,155.0,1005.3,12.0,0.0,,90.0
2025-05-01 00:00:00,-1.9,-1.2,,-2.2,,96.0,6.5,10.2,255.0,261.0,1007.3,4.0,0.0,,90.0
2025-05-01 01:00:00,-2.4,-2.2,,-2.6,,93.0,6.6,9.8,263.0,260.0,1008.9,0.0,0.0,,90.0
2025-05-01 02:00:00,-2.9,-2.6,,-3.0,,93.0,6.1,8.9,266.0,265.0,1010.4,0.0,0.0,,90.0
2025-05-01 03:00:00,-3.3,-3.0,,-3.6,,90.0,6.1,8.0,265.0,268.0,1011.9,0.0,0.0,,90.0
2025-05-01 04:00:00,-3.8,-3.5,,-4.0,,88.0,5.5,8.2,268.0,266.0,1013.0,0.0,0.0,,90.0
2025-05-01 05:00:00,-4.0,-3.9,,-4.1,,85.0,4.0,6.0,279.0,274.0,1014.0,0.0,0.0,,90.0
2025-05-01 06:00:00,-4.2,-4.1,0.2,-4.3,-4.3,83.0,3.7,5.4,275.0,278.0,1015.2,0.0,0.0,8.9,90.0
2025-05-01 07:00:00,-4.3,-4.2,,-4.4,,81.0,3.0,5.0,272.0,277.0,1016.1,1.0,0.0,,90.0
2025-05-01 08:00:00,-4.3,-4.2,,-4.4,,80.0,2.3,3.9,279.0,276.0,1017.0,9.0,0.0,,90.0
2025-05-01 09:00:00,-4.3,-4.2,,-4.4,,80.0,2.3,3.8,265.0,272.0,1017.8,41.0,0.0,,90.0
2025-05-01 10:00:00,-4.3,-4.2,,-4.3,,78.0,3.0,4.7,276.0,271.0,1018.6,89.0,0.0,,90.0
2025-05-01 11:00:00,-4.2,-4.0,,-4.3,,77.0,2.3,3.5,272.0,283.0,1019.1,157.0,0.0,,90.0
2025-05-01 12:00:00,-3.9,-3.5,,-4.1,,76.0,1.2,3.0,356.0,271.0,1019.2,244.0,0.0,,90.0
2025-05-01 13:00:00,-3.6,-3.4,,-3.8,,77.0,2.1,3.9,281.0,321.0,1019.6,341.0,0.2,,100.0
2025-05-01 14:00:00,-3.3,-3.1,,-3.5,,77.0,1.9,3.6,328.0,309.0,1019.5,395.0,0.0,,100.0
2025-05-01 15:00:00,-3.1,-2.9,,-3.3,,78.0,3.9,6.3,338.0,337.0,1018.9,593.0,0.0,,90.0
2025-05-01 16:00:00,-3.0,-2.7,,-3.1,,79.0,4.9,6.6,338.0,338.0,1018.6,725.0,0.0,,40.0
2025-05-01 17:00:00,-2.8,-2.5,,-3.0,,79.0,5.6,7.5,342.0,343.0,1018.1,698.0,0.0,,60.0
2025-05-01 18:00:00,-2.4,-2.1,-2.1,-2.7,-4.4,81.0,6.1,8.2,341.0,342.0,1017.6,489.0,0.0,,60.0
2025-05-01 19:00:00,-2.2,-2.1,,-2.4,,81.0,6.6,8.0,340.0,337.0,1017.4,563.0,0.0,,60.0
2025-05-01 20:00:00,-1.9,-1.7,,-2.3,,81.0,6.3,7.9,341.0,345.0,1016.8,461.0,0.0,,60.0
2025-05-01 21:00:00,-1.7,-1.6,,-1.9,,82.0,6.6,8.9,344.0,344.0,1016.3,332.0,0.0,,40.0
2025-05-01 22:00:00,-1.7,-1.5,,-1.9,,83.0,7.2,8.9,339.0,340.0,1016.0,197.0,0.0,,40.0
2025-05-01 23:00:00,-1.8,-1.6,,-2.0,,85.0,7.4,9.1,340.0,338.0,1015.2,86.0,0.0,,40.0
2025-05-02 00:00:00,-2.0,-1.8,,-2.2,,88.0,7.4,8.9,340.0,339.0,1014.4,24.0,0.0,,90.0
2025-05-02 01:00:00,-1.9,-1.7,,-2.1,,89.0,7.6,8.9,333.0,338.0,1013.6,1.0,0.0,,90.0
2025-05-02 02:00:00,-1.9,-1.8,,-2.0,,89.0,7.8,9.1,332.0,332.0,1013.0,0.0,0.0,,90.0
2025-05-02 03:00:00,-1.8,-1.6,,-2.0,,88.0,7.2,8.6,334.0,334.0,1012.4,0.0,0.0,,90.0
2025-05-02 04:00:00,-1.6,-1.5,,-1.8,,86.0,6.6,8.5,344.0,340.0,1011.7,0.0,0.0,,60.0
2025-05-02 05:00:00,-1.2,-1.0,,-1.7,,88.0,6.0,7.8,342.0,347.0,1011.5,0.0,0.0,,60.0
2025-05-02 06:00:00,-1.3,-0.8,-0.8,-1.5,-2.4,88.0,6.3,7.7,345.0,343.0,1010.8,0.0,0.0,0.2,60.0
2025-05-02 07:00:00,-1.0,-0.9,,-1.6,,87.0,6.0,8.2,339.0,345.0,1010.8,1.0,0.0,,60.0
2025-05-02 08:00:00,-1.6,-1.4,,-1.7,,83.0,6.3,7.7,344.0,335.0,1010.5,14.0,0.0,,60.0
2025-05-02 09:00:00,-1.6,-1.4,,-1.7,,79.0,5.4,7.6,337.0,341.0,1010.5,60.0,0.0,,60.0
2025-05-02 10:00:00,-1.6,-1.3,,-1.9,,80.0,5.8,6.9,345.0,340.0,1010.0,118.0,0.0,,40.0
2025-05-02 11:00:00,-1.2,-0.9,,-1.3,,79.0,5.0,6.6,347.0,353.0,1009.7,189.0,0.0,,40.0
2025-05-02 12:00:00,-0.9,-0.5,,-1.2,,77.0,5.9,7.0,328.0,338.0,1009.3,237.0,0.0,,60.0
2025-05-02 13:00:00,-1.0,-0.9,,-1.1,,77.0,6.0,6.9,337.0,337.0,1009.4,345.0,0.0,,40.0
2025-05-02 14:00:00,-0.8,-0.7,,-0.9,,74.0,5.1,6.7,330.0,332.0,1009.4,322.0,0.0,,60.0
2025-05-02 15:00:00,-0.6,-0.5,,-0.7,,75.0,6.1,8.2,325.0,334.0,1009.5,370.0,0.0,,90.0
2025-05-02 16:00:00,-0.8,-0.7,,-0.9,,79.0,6.7,8.5,333.0,319.0,1009.8,305.0,0.0,,60.0
2025-05-02 17:00:00,-0.8,-0.8,,-1.0,,78.0,6.9,10.1,328.0,331.0,1009.8,312.0,0.0,,90.0
2025-05-02 18:00:00,-0.9,-0.8,-0.5,-1.0,-1.9,70.0,7.2,9.4,324.0,326.0,1010.2,228.0,0.0,,90.0
2025-05-02 19:00:00,-0.9,-0.9,,-1.0,,71.0,6.1,7.9,320.0,321.0,1010.5,190.0,0.0,,90.0
2025-05-02 20:00:00,-1.2,-1.0,,-1.3,,80.0,7.0,10.3,311.0,320.0,1010.8,133.0,0.0,,90.0
2025-05-02 21:00:00,-1.4,-1.3,,-1.7,,86.0,7.6,9.9,322.0,316.0,1011.1,79.0,0.0,,90.0
2025-05-02 22:00:00,-1.7,-1.6,,-1.8,,87.0,6.9,9.5,316.0,324.0,1011.9,51.0,0.0,,90.0
2025-05-02 23:00:00,-2.0,-1.8,,-2.4,,88.0,8.1,11.1,304.0,310.0,1012.2,20.0,0.0,,100.0
2025-05-03 00:00:00,-2.9,-2.4,,-3.2,,94.0,8.4,10.9,302.0,301.0,1013.1,5.0,0.2,,90.0
2025-05-03 01:00:00,-3.5,-3.2,,-3.7,,95.0,9.0,11.9,302.0,303.0,1013.6,0.0,0.1,,40.0
2025-05-03 02:00:00,-3.8,-3.6,,-4.0,,94.0,8.5,11.7,312.0,308.0,1014.2,0.0,0.4,,90.0
2025-05-03 03:00:00,-4.1,-3.9,,-4.3,,95.0,7.8,9.9,315.0,314.0,1014.8,0.0,0.0,,90.0
2025-05-03 04:00:00,-4.3,-4.2,,-4.4,,91.0,6.9,9.5,310.0,311.0,1015.5,0.0,0.0,,90.0
2025-05-03 05:00:00,-4.5,-4.3,,-4.6,,88.0,7.4,10.2,306.0,308.0,1015.8,0.0,0.0,,100.0
2025-05-03 06:00:00,-4.5,-4.4,-0.9,-4.6,-4.6,84.0,7.2,10.1,316.0,307.0,1016.4,0.0,0.0,0.7,100.0
2025-05-03 07:00:00,-4.6,-4.4,,-4.7,,81.0,6.7,8.9,316.0,317.0,1017.1,1.0,0.0,,100.0
2025-05-03 08:00:00,-4.7,-4.6,,-4.8,,80.0,6.9,8.8,312.0,314.0,1017.8,9.0,0.0,,100.0
2025-05-03 09:00:00,-4.7,-4.6,,-4.7,,80.0,6.3,8.3,313.0,314.0,1018.5,29.0,0.0,,100.0
2025-05-03 10:00:00,-4.7,-4.6,,-4.8,,79.0,6.8,8.8,315.0,313.0,1019.1,75.0,0.0,,100.0
2025-05-03 11:00:00,-4.6,-4.5,,-4.7,,77.0,7.4,9.6,325.0,318.0,1019.4,177.0,0.0,,100.0
2025-05-03 12:00:00,-4.3,-4.1,,-4.6,,77.0,7.6,9.5,322.0,323.0,1019.4,324.0,0.0,,100.0
2025-05-03 13:00:00,-4.0,-3.9,,-4.2,,78.0,7.9,9.7,327.0,324.0,1019.1,492.0,0.0,,90.0
2025-05-03 14:00:00,-3.5,-2.9,,-3.9,,80.0,7.7,9.9,345.0,331.0,1018.7,521.0,0.0,,90.0
2025-05-03 15:00:00,-2.7,-2.5,,-3.0,,80.0,7.7,10.3,342.0,343.0,1017.7,578.0,0.0,,100.0
2025-05-03 16:00:00,-2.3,-2.1,,-2.6,,81.0,8.5,11.0,342.0,343.0,1017.2,597.0,0.0,,90.0
2025-05-03 17:00:00,-1.8,-1.3,,-2.2,,81.0,8.1,10.9,354.0,346.0,1016.2,642.0,0.0,,90.0
2025-05-03 18:00:00,-1.3,-1.0,-1.0,-1.5,-4.8,81.0,7.7,10.9,350.0,349.0,1015.5,533.0,0.0,,90.0
2025-05-03 19:00:00,-0.8,-0.4,,-1.2,,81.0,7.5,10.4,355.0,354.0,1014.6,539.0,0.0,,40.0
2025-05-03 20:00:00,-0.7,-0.4,,-1.0,,82.0,8.3,10.8,339.0,342.0,1013.4,453.0,0.0,,10.0
2025-05-03 21:00:00,-0.6,-0.5,,-0.8,,82.0,7.4,9.7,348.0,346.0,1012.3,342.0,0.0,,40.0
2025-05-03 22:00:00,-0.6,-0.4,,-0.7,,84.0,6.6,8.6,353.0,345.0,1011.5,197.0,0.0,,40.0
2025-05-03 23:00:00,-0.6,-0.3,,-1.0,,86.0,6.6,8.6,332.0,338.0,1010.7,90.0,0.0,,40.0
2025-05-04 00:00:00,-1.0,-0.8,,-1.1,,87.0,6.6,7.9,331.0,332.0,1010.0,22.0,0.0,,60.0
2025-05-04 01:00:00,-0.9,-0.8,,-1.1,,87.0,6.1,7.2,344.0,334.0,1009.0,1.0,0.0,,100.0
2025-05-04 02:00:00,-0.9,-0.8,,-1.1,,87.0,4.6,6.4,344.0,344.0,1008.0,0.0,0.0,,90.0
2025-05-04 03:00:00,-0.6,-0.5,,-0.8,,87.0,3.2,4.8,358.0,351.0,1007.1,0.0,0.0,,100.0
2025-05-04 04:00:00,-0.5,-0.4,,-0.6,,88.0,3.1,4.3,17.0,10.0,1006.5,0.0,0.0,,100.0
2025-05-04 05:00:00,-0.3,0.2,,-0.5,,88.0,1.2,2.3,28.0,39.0,1005.8,0.0,0.0,,100.0
2025-05-04 06:00:00,-0.2,0.2,0.2,-0.6,-1.2,88.0,0.7,1.5,40.0,25.0,1005.4,0.0,0.0,0.0,90.0
2025-05-04 07:00:00,-0.2,0.5,,-0.6,,88.0,1.6,4.7,160.0,135.0,1004.9,1.0,0.0,,100.0
2025-05-04 08:00:00,1.1,1.3,,0.5,,83.0,3.2,6.7,134.0,158.0,1004.6,10.0,0.0,,90.0
2025-05-04 09:00:00,1.2,1.5,,0.8,,84.0,5.5,8.6,159.0,148.0,1004.0,52.0,0.0,,90.0
2025-05-04 10:00:00,0.4,0.8,,0.2,,94.0,6.1,8.5,149.0,152.0,1003.8,84.0,0.0,,90.0
2025-05-04 11:00:00,0.1,0.2,,0.0,,97.0,4.2,8.4,158.0,154.0,1003.9,114.0,0.0,,100.0
2025-05-04 12:00:00,0.1,0.3,,0.0,,98.0,1.7,3.7,234.0,166.0,1003.8,109.0,0.2,,100.0
2025-05-04 13:00:00,0.3,0.4,,0.1,,98.0,1.0,2.2,37.0,75.0,1003.4,160.0,0.3,,
2025-05-04 14:00:00,0.3,0.4,,0.1,,97.0,2.5,4.2,16.0,10.0,1002.6,323.0,0.0,,90.0
2025-05-04 15:00:00,0.3,0.5,,0.2,,97.0,4.9,6.6,360.0,4.0,1002.1,425.0,0.3,,40.0
2025-05-04 16:00:00,0.7,0.9,,0.3,,94.0,5.7,8.4,13.0,9.0,1001.3,581.0,0.0,,40.0
2025-05-04 17:00:00,0.8,1.1,,0.6,,93.0,5.4,7.4,1.0,4.0,1000.3,620.0,0.0,,90.0
2025-05-04 18:00:00,1.3,2.0,2.0,0.8,-0.6,91.0,4.9,7.4,,5.0,999.6,474.0,0.0,,90.0
2025-05-04 19:00:00,1.5,1.8,,1.0,,90.0,4.5,6.7,8.0,7.0,999.4,365.0,0.0,,90.0
2025-05-04 20:00:00,1.6,1.8,,1.4,,90.0,4.2,6.6,360.0,0.0,998.9,263.0,0.0,,90.0
2025-05-04 21:00:00,1.7,1.9,,1.5,,89.0,3.9,5.4,343.0,359.0,998.4,188.0,0.0,,90.0
2025-05-04 22:00:00,1.7,2.1,,1.5,,89.0,3.5,4.7,341.0,343.0,998.0,134.0,0.0,,90.0
2025-05-04 23:00:00,1.7,1.9,,1.5,,91.0,3.7,4.6,350.0,345.0,997.4,50.0,0.0,,90.0
2025-05-05 00:00:00,1.4,1.7,,1.1,,92.0,4.3,5.8,355.0,358.0,997.1,17.0,0.0,,90.0
2025-05-05 01:00:00,1.0,1.4,,0.5,,90.0,5.0,6.3,358.0,354.0,996.7,1.0,0.0,,90.0
2025-05-05 02:00:00,0.6,0.6,,0.5,,93.0,5.0,6.1,350.0,357.0,996.1,0.0,0.0,,90.0
2025-05-05 03:00:00,0.6,0.8,,0.5,,94.0,3.7,5.8,340.0,345.0,995.7,0.0,0.0,,90.0
2025-05-05 04:00:00,0.7,0.9,,0.5,,93.0,3.3,4.3,344.0,338.0,995.6,0.0,0.0,,90.0
2025-05-05 05:00:00,0.9,1.4,,0.7,,92.0,3.7,10.8,149.0,79.0,995.9,0.0,0.0,,100.0
2025-05-05 06:00:00,0.5,0.8,2.1,0.3,0.3,97.0,9.7,14.2,146.0,142.0,996.1,0.0,0.0,0.8,100.0
2025-05-05 07:00:00,0.0,0.4,,-0.2,,98.0,10.7,14.5,153.0,147.0,997.0,1.0,0.0,,
2025-05-05 08:00:00,-0.3,-0.2,,-0.3,,100.0,9.3,12.5,157.0,155.0,997.7,8.0,1.0,,
2025-05-05 09:00:00,-0.2,-0.1,,-0.2,,100.0,7.7,11.1,151.0,156.0,998.5,33.0,0.3,,
2025-05-05 10:00:00,-0.1,-0.1,,-0.1,,100.0,7.6,10.1,155.0,152.0,999.2,65.0,0.3,,90.0
2025-05-05 11:00:00,0.0,0.0,,0.0,,100.0,5.8,8.8,165.0,160.0,999.9,138.0,0.8,,90.0
2025-05-05 12:00:00,0.1,0.2,,0.0,,99.0,4.2,6.9,208.0,185.0,1000.7,220.0,0.0,,90.0
2025-05-05 13:00:00,-0.1,0.0,,-0.2,,99.0,2.0,4.3,292.0,253.0,1000.9,241.0,0.2,,90.0
2025-05-05 14:00:00,-0.2,0.0,,-0.3,,99.0,1.6,2.6,339.0,325.0,1001.3,332.0,0.3,,10.0
2025-05-05 15:00:00,-0.2,-0.1,,-0.3,,99.0,2.6,4.0,337.0,339.0,1001.4,378.0,0.0,,90.0
2025-05-05 16:00:00,-0.2,-0.1,,-0.3,,98.0,3.0,3.8,334.0,336.0,1001.7,394.0,0.0,,90.0
2025-05-05 17:00:00,-0.2,-0.2,,-0.3,,97.0,2.7,3.2,329.0,334.0,1002.0,379.0,0.0,,90.0
2025-05-05 18:00:00,-0.1,0.1,0.4,-0.4,-0.4,95.0,3.4,6.3,286.0,311.0,1002.5,263.0,0.0,,90.0
2025-05-05 19:00:00,-0.6,-0.4,,-0.9,,95.0,4.5,6.1,289.0,291.0,1002.8,214.0,0.0,,90.0
2025-05-05 20:00:00,-1.0,-0.8,,-1.3,,94.0,5.0,6.8,290.0,287.0,1003.1,158.0,0.0,,90.0
2025-05-05 21:00:00,-1.5,-1.1,,-1.7,,93.0,6.0,8.0,292.0,286.0,1003.5,111.0,0.0,,90.0
2025-05-05 22:00:00,-1.8,-1.6,,-2.0,,93.0,5.4,7.3,283.0,288.0,1003.8,87.0,0.0,,90.0
2025-05-05 23:00:00,-2.2,-2.0,,-2.5,,92.0,5.8,7.4,288.0,285.0,1003.9,41.0,0.0,,90.0
2025-05-06 00:00:00,-2.6,-2.5,,-2.9,,90.0,5.2,7.1,286.0,283.0,1004.0,15.0,0.0,,90.0
2025-05-06 01:00:00,-3.0,-2.9,,-3.1,,89.0,5.1,6.9,272.0,278.0,1004.1,1.0,0.0,,90.0
2025-05-06 02:00:00,-3.2,-3.1,,-3.3,,88.0,4.3,6.1,272.0,272.0,1004.0,0.0,0.0,,90.0
2025-05-06 03:00:00,-3.3,-3.2,,-3.4,,88.0,3.6,5.7,263.0,269.0,1003.7,0.0,0.0,,90.0
2025-05-06 04:00:00,-3.3,-3.2,,-3.4,,87.0,2.7,4.5,264.0,264.0,1003.2,0.0,0.0,,90.0
2025-05-06 05:00:00,-3.5,-3.4,,-3.6,,87.0,2.2,4.2,258.0,261.0,1002.5,0.0,0.0,,90.0
2025-05-06 06:00:00,-3.5,-3.4,-0.4,-3.6,-3.6,87.0,1.6,3.5,226.0,231.0,1002.2,0.0,0.0,2.9,90.0
2025-05-06 07:00:00,-3.5,-3.4,,-3.5,,87.0,2.6,4.2,216.0,227.0,1001.9,2.0,0.0,,90.0
2025-05-06 08:00:00,-3.4,-3.4,,-3.6,,88.0,3.2,5.2,197.0,202.0,1001.6,7.0,0.0,,90.0
2025-05-06 09:00:00,-3.6,-3.4,,-3.8,,92.0,3.0,4.8,199.0,198.0,1001.4,43.0,0.3,,90.0
2025-05-06 10:00:00,-3.7,-3.6,,-3.9,,93.0,3.2,4.8,182.0,188.0,1001.2,80.0,0.2,,90.0
2025-05-06 11:00:00,-3.6,-3.5,,-3.8,,92.0,3.3,4.9,182.0,181.0,1000.9,103.0,0.2,,90.0
2025-05-06 12:00:00,-3.5,-3.3,,-3.7,,91.0,3.6,4.8,182.0,182.0,1000.5,166.0,0.0,,90.0
2025-05-06 13:00:00,-3.3,-3.1,,-3.5,,90.0,3.7,5.4,176.0,178.0,1000.3,242.0,0.3,,90.0
2025-05-06 14:00:00,-3.0,-2.7,,-3.2,,91.0,3.7,5.9,178.0,173.0,1000.0,333.0,0.0,,90.0
2025-05-06 15:00:00,-2.8,-2.5,,-3.1,,90.0,4.2,6.0,187.0,182.0,1000.0,361.0,0.0,,90.0
2025-05-06 16:00:00,-2.6,-2.4,,-2.9,,89.0,4.3,6.4,181.0,183.0,1000.0,405.0,0.0,,90.0
2025-05-06 17:00:00,-2.5,-2.2,,-2.9,,90.0,3.9,5.9,191.0,200.0,1000.1,494.0,0.0,,90.0
2025-05-06 18:00:00,-2.2,-1.6,-1.6,-2.7,-3.9,86.0,4.2,6.2,168.0,181.0,1000.1,493.0,0.0,,90.0
2025-05-06 19:00:00,-2.5,-2.2,,-2.7,,86.0,4.5,6.7,177.0,170.0,1000.4,230.0,0.0,,100.0
2025-05-06 20:00:00,-2.4,-2.1,,-2.6,,84.0,4.4,6.7,184.0,180.0,1000.7,188.0,0.0,,100.0
2025-05-06 21:00:00,-2.7,-2.3,,-3.1,,87.0,4.6,6.5,161.0,174.0,1000.9,204.0,0.0,,90.0
2025-05-06 22:00:00,-2.9,-2.7,,-3.2,,88.0,4.7,6.6,172.0,171.0,1001.1,79.0,0.0,,100.0
2025-05-06 23:00:00,-3.0,-2.9,,-3.2,,89.0,5.1,7.5,168.0,167.0,1001.4,32.0,0.0,,90.0
2025-05-07 00:00:00,-3.1,-3.0,,-3.2,,89.0,5.5,7.7,156.0,164.0,1001.6,13.0,0.0,,90.0
2025-05-07 01:00:00,-3.1,-3.0,,-3.2,,92.0,6.5,9.2,158.0,158.0,1001.8,1.0,0.0,,90.0
2025-05-07 02:00:00,-3.0,-2.9,,-3.2,,92.0,7.1,10.1,152.0,155.0,1001.8,0.0,0.0,,100.0
2025-05-07 03:00:00,-3.0,-2.7,,-3.2,,95.0,5.8,9.5,222.0,189.0,1002.1,0.0,1.1,,90.0
2025-05-07 04:00:00,-3.1,-2.8,,-3.2,,95.0,5.0,7.4,247.0,238.0,1002.3,0.0,0.2,,90.0
2025-05-07 05:00:00,-3.4,-3.2,,-3.5,,92.0,5.3,9.1,250.0,239.0,1002.7,0.0,0.2,,100.0
2025-05-07 06:00:00,-3.7,-3.4,-2.1,-4.0,-4.0,91.0,5.5,9.8,262.0,261.0,1003.6,0.0,0.0,2.5,100.0
2025-05-07 07:00:00,-3.9,-3.7,,-4.1,,86.0,4.4,9.0,235.0,261.0,1004.1,1.0,0.0,,100.0
2025-05-07 08:00:00,-3.9,-3.7,,-4.2,,81.0,4.6,7.7,257.0,240.0,1004.4,10.0,0.0,,
2025-05-07 09:00:00,-4.2,-4.0,,-4.3,,82.0,4.3,7.1,222.0,234.0,1004.8,33.0,0.3,,100.0
2025-05-07 10:00:00,-4.1,-3.9,,-4.2,,87.0,3.8,5.9,182.0,203.0,1005.0,74.0,0.0,,90.0
2025-05-07 11:00:00,-3.9,-3.7,,-4.1,,90.0,4.2,6.1,175.0,176.0,1005.3,120.0,0.3,,
2025-05-07 12:00:00,-3.8,-3.5,,-4.1,,91.0,5.4,7.9,167.0,165.0,1005.5,225.0,0.4,,90.0
2025-05-07 13:00:00,-3.3,-3.0,,-3.6,,90.0,6.4,9.9,174.0,161.0,1005.5,313.0,0.3,,90.0
2025-05-07 14:00:00,-3.1,-2.8,,-3.3,,89.0,5.6,9.6,192.0,186.0,1005.5,349.0,0.0,,90.0
2025-05-07 15:00:00,-3.3,-3.0,,-3.6,,87.0,5.7,8.3,237.0,224.0,1005.6,348.0,0.0,,90.0
2025-05-07 16:00:00,-3.3,-3.0,,-3.6,,88.0,4.9,8.7,234.0,254.0,1005.8,320.0,0.0,,100.0
2025-05-07 17:00:00,-3.8,-3.4,,-4.1,,88.0,5.5,8.5,206.0,227.0,1005.9,330.0,0.2,,100.0
2025-05-07 18:00:00,-3.9,-3.8,-2.8,-4.1,-4.3,85.0,4.3,7.5,169.0,188.0,1005.8,328.0,0.0,,90.0
2025-05-07 19:00:00,-3.6,-3.5,,-3.8,,82.0,5.0,7.6,184.0,177.0,1006.0,294.0,0.0,,90.0
2025-05-07 20:00:00,-4.8,-3.4,,-5.4,,90.0,7.1,13.0,260.0,253.0,1006.9,150.0,0.8,,40.0
2025-05-07 21:00:00,-5.2,-5.0,,-5.4,,89.0,4.8,7.1,264.0,263.0,1007.5,123.0,0.0,,100.0
2025-05-07 22:00:00,-5.5,-5.4,,-5.6,,88.0,5.1,8.4,271.0,268.0,1007.8,61.0,0.3,,90.0
2025-05-07 23:00:00,-5.5,-5.3,,-5.7,,87.0,4.9,8.9,259.0,269.0,1008.2,31.0,0.2,,100.0
2025-05-08 00:00:00,-5.4,-5.2,,-5.6,,75.0,5.4,8.6,254.0,260.0,1008.5,12.0,0.0,,100.0
2025-05-08 01:00:00,-5.4,-5.2,,-5.9,,69.0,4.4,8.4,282.0,259.0,1008.6,1.0,0.0,,90.0
2025-05-08 02:00:00,-5.6,-5.3,,-5.8,,70.0,4.4,8.6,232.0,246.0,1008.3,0.0,0.0,,100.0
2025-05-08 03:00:00,-5.5,-5.1,,-6.3,,66.0,5.5,9.9,181.0,207.0,1008.5,0.0,0.0,,90.0
2025-05-08 04:00:00,-5.5,-5.3,,-6.1,,75.0,5.2,8.3,173.0,174.0,1008.6,0.0,0.0,,100.0
2025-05-08 05:00:00,-5.5,-5.3,,-5.6,,85.0,5.6,10.9,273.0,227.0,1009.0,0.0,0.0,,90.0
2025-05-08 06:00:00,-5.8,-5.4,-3.4,-6.1,-6.3,91.0,7.0,11.8,269.0,270.0,1009.9,0.0,0.5,3.3,90.0
2025-05-08 07:00:00,-6.0,-5.3,,-6.6,,84.0,5.8,11.5,275.0,269.0,1010.7,3.0,0.6,,90.0
2025-05-08 08:00:00,-5.7,-5.2,,-6.2,,81.0,7.1,10.9,285.0,282.0,1011.4,21.0,0.0,,
2025-05-08 09:00:00,-6.2,-5.9,,-6.4,,85.0,5.5,9.2,301.0,287.0,1012.2,44.0,0.0,,90.0
2025-05-08 10:00:00,-6.5,-6.0,,-6.8,,88.0,6.6,10.9,274.0,266.0,1012.8,69.0,0.5,,90.0
2025-05-08 11:00:00,-6.1,-5.7,,-6.7,,81.0,3.7,8.3,260.0,270.0,1012.9,199.0,0.2,,60.0
2025-05-08 12:00:00,-6.5,-5.8,,-6.8,,87.0,5.8,9.2,286.0,274.0,1013.4,235.0,0.5,,40.0
2025-05-08 13:00:00,-6.5,-6.0,,-6.9,,87.0,2.6,6.6,268.0,282.0,1013.7,311.0,0.4,,60.0
2025-05-08 14:00:00,-5.5,-4.3,,-6.0,,77.0,1.2,4.0,308.0,320.0,1014.0,480.0,0.0,,90.0
2025-05-08 15:00:00,-5.9,-5.1,,-7.1,,79.0,3.1,10.7,282.0,296.0,1014.4,465.0,0.3,,90.0
2025-05-08 16:00:00,-6.0,-5.7,,-6.4,,79.0,4.9,7.3,326.0,327.0,1014.5,612.0,0.0,,60.0
2025-05-08 17:00:00,-6.1,-5.8,,-6.3,,71.0,4.8,7.2,290.0,310.0,1014.8,443.0,0.0,,90.0
2025-05-08 18:00:00,-6.0,-5.4,-4.3,-6.4,-7.1,72.0,3.8,6.5,303.0,306.0,1015.0,500.0,0.0,,60.0
2025-05-08 19:00:00,-6.0,-5.3,,-6.4,,71.0,4.6,6.4,289.0,300.0,1015.6,354.0,0.0,,90.0
2025-05-08 20:00:00,-6.3,-6.1,,-6.5,,73.0,4.0,6.5,284.0,289.0,1015.8,245.0,0.0,,90.0
2025-05-08 21:00:00,-6.2,-6.0,,-6.4,,69.0,3.9,5.4,295.0,296.0,1015.7,234.0,0.0,,90.0
2025-05-08 22:00:00,-6.4,-6.1,,-6.6,,65.0,2.9,4.6,4.0,331.0,1015.6,127.0,0.0,,60.0
2025-05-08 23:00:00,-6.3,-6.2,,-6.5,,63.0,1.8,3.6,144.0,23.0,1015.4,57.0,0.0,,100.0
2025-05-09 00:00:00,-6.4,-6.2,,-6.5,,68.0,0.4,1.3,0.0,122.0,1015.3,23.0,0.0,,90.0
2025-05-09 01:00:00,-6.5,-6.4,,-6.6,,67.0,0.9,2.3,91.0,83.0,1015.2,2.0,0.0,,90.0
2025-05-09 02:00:00,-6.3,-6.2,,-6.8,,69.0,4.6,8.3,140.0,135.0,1014.6,0.0,0.0,,100.0
2025-05-09 03:00:00,-6.5,-6.2,,-7.1,,77.0,5.8,9.0,122.0,128.0,1014.0,0.0,0.2,,100.0
2025-05-09 04:00:00,-6.5,-6.4,,-6.6,,74.0,6.5,9.3,122.0,123.0,1013.2,0.0,0.0,,100.0
2025-05-09 05:00:00,-6.4,-6.2,,-6.6,,70.0,6.8,10.4,125.0,129.0,1012.5,0.0,0.0,,100.0
2025-05-09 06:00:00,-6.1,-5.9,-5.3,-6.3,-7.1,64.0,7.3,10.8,133.0,128.0,1011.6,0.0,0.0,2.7,100.0
2025-05-09 07:00:00,-6.6,-6.1,,-6.8,,74.0,9.9,13.9,131.0,133.0,1010.2,6.0,0.0,,90.0
2025-05-09 08:00:00,-6.6,-6.4,,-6.8,,75.0,10.3,15.0,133.0,134.0,1008.9,23.0,0.0,,90.0
2025-05-09 09:00:00,-6.4,-6.3,,-6.6,,79.0,10.6,14.5,125.0,129.0,1008.2,22.0,0.0,,100.0
2025-05-09 10:00:00,-6.4,-6.1,,-6.7,,85.0,10.1,16.8,117.0,122.0,1006.0,46.0,0.9,,100.0
2025-05-09 11:00:00,-5.3,-4.9,,-6.1,,80.0,11.1,21.1,132.0,127.0,1003.6,163.0,0.4,,90.0
2025-05-09 12:00:00,-4.6,-4.2,,-4.9,,76.0,14.8,21.2,137.0,134.0,1002.5,146.0,0.0,,90.0
2025-05-09 13:00:00,-4.2,-4.1,,-4.4,,73.0,13.5,19.6,131.0,133.0,1002.0,120.0,0.0,,90.0
2025-05-09 14:00:00,-3.6,-3.2,,-4.1,,72.0,13.3,20.5,131.0,129.0,1000.6,146.0,0.0,,
2025-05-09 15:00:00,-3.3,-3.2,,-3.5,,82.0,14.9,22.8,129.0,131.0,999.7,178.0,0.0,,
2025-05-09 16:00:00,-3.2,-2.9,,-3.3,,86.0,15.6,22.5,136.0,133.0,999.3,136.0,0.8,,
2025-05-09 17:00:00,-2.9,-2.8,,-3.1,,88.0,14.5,23.2,137.0,140.0,999.1,89.0,0.8,,90.0
2025-05-09 18:00:00,-2.6,-2.3,-2.3,-2.9,-6.8,89.0,15.8,23.4,140.0,140.0,998.7,137.0,0.8,,100.0
2025-05-09 19:00:00,-2.2,-2.1,,-2.3,,90.0,16.0,25.4,139.0,139.0,999.5,126.0,1.0,,100.0
2025-05-09 20:00:00,-1.8,-1.6,,-2.1,,92.0,16.3,22.8,138.0,138.0,1000.1,63.0,0.7,,100.0
2025-05-09 21:00:00,-1.6,-1.4,,-1.7,,93.0,15.6,22.8,140.0,139.0,1000.6,39.0,0.7,,100.0
2025-05-09 22:00:00,-1.3,-1.3,,-1.4,,95.0,14.1,20.3,149.0,141.0,1001.2,22.0,0.8,,100.0
2025-05-09 23:00:00,-1.3,-1.1,,-1.4,,98.0,13.7,19.0,149.0,148.0,1002.2,10.0,1.0,,
2025-05-10 00:00:00,-1.0,-0.9,,-1.1,,99.0,13.4,17.4,147.0,148.0,1002.5,5.0,0.4,,
2025-05-10 01:00:00,-0.7,-0.6,,-0.9,,100.0,12.8,18.0,150.0,149.0,1003.5,1.0,0.0,,
2025-05-10 02:00:00,-0.6,-0.6,,-0.6,,100.0,11.2,15.8,151.0,151.0,1003.3,1.0,0.0,,
2025-05-10 03:00:00,-0.6,-0.6,,-0.7,,100.0,12.7,17.1,148.0,149.0,1002.5,0.0,0.0,,100.0
2025-05-10 04:00:00,-0.8,-0.7,,-0.8,,99.0,13.6,19.1,143.0,145.0,1001.5,1.0,1.2,,90.0
2025-05-10 05:00:00,-0.7,-0.6,,-0.8,,99.0,13.8,19.3,146.0,146.0,1001.7,1.0,1.5,,100.0
2025-05-10 06:00:00,-0.7,-0.6,-0.6,-0.7,-2.3,98.0,14.8,21.5,142.0,145.0,1000.9,1.0,1.5,12.5,90.0
2025-05-10 07:00:00,-0.6,-0.6,,-0.7,,99.0,15.8,26.4,139.0,141.0,1000.4,1.0,1.8,,90.0
2025-05-10 08:00:00,-0.5,-0.3,,-0.7,,99.0,17.5,24.8,145.0,141.0,999.6,6.0,3.8,,90.0
2025-05-10 09:00:00,-0.5,-0.4,,-0.5,,98.0,18.9,26.3,140.0,145.0,999.1,20.0,4.7,,90.0
2025-05-10 10:00:00,-0.3,-0.2,,-0.4,,98.0,19.4,26.4,137.0,138.0,997.0,26.0,4.1,,90.0
2025-05-10 11:00:00,0.0,0.2,,-0.3,,96.0,20.8,30.6,140.0,139.0,996.4,62.0,3.3,,90.0
2025-05-10 12:00:00,0.3,0.4,,0.1,,94.0,22.6,34.4,145.0,144.0,997.9,38.0,1.0,,90.0
2025-05-10 13:00:00,0.2,0.5,,0.0,,96.0,23.0,32.7,144.0,147.0,998.1,51.0,3.0,,90.0
2025-05-10 14:00:00,0.7,1.0,,0.2,,94.0,21.6,30.6,143.0,143.0,998.7,114.0,4.1,,
2025-05-10 15:00:00,0.8,1.1,,0.5,,89.0,20.1,27.8,152.0,151.0,1000.3,126.0,0.0,,90.0
2025-05-10 16:00:00,0.2,0.6,,0.0,,95.0,19.5,27.4,149.0,151.0,1001.8,117.0,0.0,,90.0
2025-05-10 17:00:00,0.0,0.0,,0.0,,97.0,18.3,24.0,149.0,149.0,1001.4,117.0,0.8,,90.0
2025-05-10 18:00:00,0.1,0.3,1.1,-0.2,-0.7,95.0,15.8,22.8,153.0,157.0,1003.4,83.0,1.5,,
2025-05-10 19:00:00,-0.2,-0.2,,-0.2,,99.0,14.2,21.3,150.0,151.0,1004.4,60.0,1.5,,
2025-05-10 20:00:00,-0.1,-0.1,,-0.2,,100.0,11.9,17.1,155.0,155.0,1005.1,49.0,1.1,,
2025-05-10 21:00:00,-0.2,-0.1,,-0.3,,100.0,10.5,15.2,162.0,159.0,1005.9,37.0,1.4,,90.0
2025-05-10 22:00:00,-0.8,-0.3,,-2.0,,100.0,7.0,13.1,264.0,199.0,1006.9,24.0,1.6,,90.0
2025-05-10 23:00:00,-2.2,-2.0,,-2.5,,99.0,3.7,5.2,277.0,271.0,1007.5,22.0,1.3,,10.0
2025-05-11 00:00:00,-2.9,-2.5,,-3.3,,98.0,3.6,5.6,323.0,303.0,1008.4,6.0,1.3,,10.0
2025-05-11 01:00:00,-3.4,-3.3,,-3.6,,97.0,3.6,5.1,320.0,318.0,1009.3,1.0,1.1,,60.0
2025-05-11 02:00:00,-3.6,-3.5,,-3.6,,97.0,3.1,4.4,318.0,322.0,1009.8,0.0,0.2,,90.0
2025-05-11 03:00:00,-3.8,-3.6,,-4.0,,92.0,4.1,6.1,295.0,299.0,1010.2,0.0,0.0,,90.0
2025-05-11 04:00:00,-4.1,-4.0,,-4.2,,86.0,4.4,6.4,297.0,293.0,1010.8,0.0,0.0,,90.0
2025-05-11 05:00:00,-4.3,-4.2,,-4.3,,82.0,3.8,5.4,298.0,294.0,1011.5,0.0,0.0,,90.0
2025-05-11 06:00:00,-4.3,-4.2,-0.1,-4.4,-4.4,79.0,3.7,5.4,274.0,292.0,1012.0,0.0,0.0,37.6,90.0
2025-05-11 07:00:00,-4.5,-4.4,,-4.7,,77.0,5.6,7.6,270.0,274.0,1012.4,4.0,0.0,,90.0
2025-05-11 08:00:00,-4.8,-4.6,,-5.0,,76.0,6.2,8.6,276.0,276.0,1013.0,24.0,0.0,,
2025-05-11 09:00:00,-5.0,-4.8,,-5.0,,72.0,6.5,8.4,280.0,275.0,1013.6,65.0,0.0,,90.0
2025-05-11 10:00:00,-4.9,-4.7,,-5.0,,69.0,6.6,9.1,275.0,276.0,1014.2,128.0,0.0,,90.0
2025-05-11 11:00:00,-4.9,-4.7,,-5.0,,67.0,5.2,7.4,284.0,282.0,1014.8,209.0,0.0,,90.0
2025-05-11 12:00:00,-4.6,-4.5,,-4.7,,63.0,4.8,6.8,278.0,286.0,1015.4,336.0,0.0,,90.0
2025-05-11 13:00:00,-4.7,-4.5,,-4.8,,65.0,5.3,7.4,283.0,288.0,1015.7,399.0,0.0,,90.0
2025-05-11 14:00:00,-4.3,-4.1,,-4.5,,60.0,4.9,7.2,297.0,289.0,1016.2,534.0,0.9,,90.0
2025-05-11 15:00:00,-4.4,-4.2,,-4.5,,62.0,3.8,6.0,290.0,291.0,1016.5,480.0,0.0,,100.0
2025-05-11 16:00:00,-4.1,-3.7,,-4.3,,63.0,4.3,6.2,308.0,293.0,1016.2,589.0,0.0,,90.0
2025-05-11 17:00:00,-3.8,-3.5,,-4.0,,59.0,4.5,6.1,321.0,311.0,1016.0,720.0,0.0,,90.0
2025-05-11 18:00:00,-3.9,-3.7,-3.5,-4.1,-5.0,66.0,5.7,8.1,310.0,312.0,1015.9,557.0,0.0,,90.0
2025-05-11 19:00:00,-3.8,-3.5,,-3.9,,65.0,6.0,7.9,325.0,318.0,1015.6,602.0,0.0,,60.0
2025-05-11 20:00:00,-4.0,-3.7,,-4.1,,71.0,6.7,8.9,333.0,331.0,1015.5,265.0,0.0,,100.0
2025-05-11 21:00:00,-4.1,-3.9,,-4.1,,71.0,7.6,10.0,333.0,329.0,1015.3,188.0,0.0,,100.0
2025-05-11 22:00:00,-4.2,-4.1,,-4.3,,66.0,8.7,10.7,328.0,327.0,1014.7,130.0,0.0,,100.0
2025-05-11 23:00:00,-4.3,-4.1,,-4.4,,69.0,8.4,10.3,319.0,321.0,1014.3,76.0,0.0,,100.0
2025-05-12 00:00:00,-4.5,-4.4,,-4.6,,70.0,9.1,11.5,324.0,321.0,1013.3,35.0,0.0,,90.0
2025-05-12 01:00:00,-4.8,-4.6,,-5.0,,70.0,9.5,11.4,326.0,323.0,1012.6,6.0,0.0,,90.0
2025-05-12 02:00:00,-4.9,-4.8,,-5.0,,70.0,9.3,11.5,324.0,324.0,1011.5,0.0,0.0,,90.0
2025-05-12 03:00:00,-5.1,-4.9,,-5.3,,71.0,9.8,11.4,329.0,326.0,1010.3,0.0,0.0,,90.0
2025-05-12 04:00:00,-5.4,-5.3,,-5.5,,75.0,9.3,11.0,331.0,328.0,1009.5,0.0,0.0,,
2025-05-12 05:00:00,-5.3,-5.1,,-5.5,,78.0,8.5,10.1,331.0,332.0,1008.5,0.0,0.0,,90.0
2025-05-12 06:00:00,-5.3,-5.1,-3.5,-5.4,-5.5,78.0,8.6,9.9,333.0,333.0,1007.6,0.0,0.0,0.9,90.0
2025-05-12 07:00:00,-5.4,-5.2,,-5.6,,77.0,9.0,10.7,330.0,331.0,1006.3,7.0,0.0,,40.0
2025-05-12 08:00:00,-5.5,-5.4,,-5.6,,76.0,8.3,10.0,327.0,329.0,1005.5,39.0,0.0,,40.0
2025-05-12 09:00:00,-5.5,-5.3,,-5.6,,74.0,8.3,9.9,330.0,328.0,1004.5,73.0,0.0,,60.0
2025-05-12 10:00:00,-5.2,-5.0,,-5.4,,73.0,8.4,9.7,335.0,332.0,1003.8,242.0,0.0,,40.0
2025-05-12 11:00:00,-5.0,-4.7,,-5.3,,74.0,7.9,9.3,339.0,335.0,1002.7,333.0,0.0,,40.0
2025-05-12 12:00:00,-4.3,-4.0,,-4.7,,72.0,7.4,9.0,343.0,341.0,1001.6,517.0,0.0,,60.0
2025-05-12 13:00:00,-3.7,-3.4,,-4.0,,73.0,7.3,9.7,350.0,345.0,1000.5,621.0,0.0,,10.0
2025-05-12 14:00:00,-3.2,-3.0,,-3.4,,73.0,6.6,10.1,347.0,351.0,1000.0,706.0,0.0,,10.0
2025-05-12 15:00:00,-3.3,-2.9,,-3.6,,75.0,8.1,10.5,340.0,341.0,999.5,549.0,0.0,,40.0
2025-05-12 16:00:00,-3.8,-3.6,,-4.0,,75.0,8.9,10.6,340.0,338.0,998.5,351.0,0.0,,40.0
2025-05-12 17:00:00,-3.5,-3.3,,-3.8,,72.0,8.5,9.9,339.0,338.0,997.9,363.0,0.0,,90.0
2025-05-12 18:00:00,-3.2,-3.0,-2.9,-3.4,-5.6,74.0,7.4,9.3,341.0,339.0,998.0,303.0,0.0,,90.0
2025-05-12 19:00:00,-2.9,-2.6,,-3.1,,75.0,6.4,8.5,342.0,341.0,998.2,289.0,0.0,,90.0
2025-05-12 20:00:00,-2.6,-2.5,,-2.7,,75.0,5.6,7.6,346.0,344.0,998.4,215.0,0.0,,90.0
2025-05-12 21:00:00,-2.4,-2.3,,-2.6,,74.0,5.5,7.0,344.0,343.0,998.5,142.0,0.0,,90.0
2025-05-12 22:00:00,-2.2,-2.1,,-2.3,,76.0,5.2,7.8,345.0,348.0,999.0,75.0,0.0,,90.0
2025-05-12 23:00:00,-2.0,-1.9,,-2.1,,76.0,4.9,6.6,353.0,353.0,999.3,54.0,0.0,,90.0
2025-05-13 00:00:00,-1.9,-1.8,,-2.0,,79.0,5.3,7.2,4.0,356.0,999.8,22.0,0.0,,100.0
2025-05-13 01:00:00,-1.8,-1.6,,-1.9,,77.0,5.3,7.3,7.0,350.0,1000.1,3.0,0.0,,100.0
2025-05-13 02:00:00,-1.7,-1.6,,-1.7,,78.0,5.6,7.8,332.0,353.0,1000.3,0.0,0.0,,100.0
2025-05-13 03:00:00,-1.7,-1.4,,-1.8,,80.0,5.6,7.9,357.0,358.0,1000.9,0.0,0.0,,100.0
2025-05-13 04:00:00,-1.9,-1.5,,-2.2,,87.0,5.2,6.7,10.0,6.0,1001.2,0.0,0.0,,100.0
2025-05-13 05:00:00,-2.2,-2.0,,-2.5,,94.0,5.1,6.5,341.0,358.0,1001.8,0.0,0.2,,100.0
2025-05-13 06:00:00,-2.3,-2.3,-1.4,-2.4,-3.0,98.0,4.7,6.4,347.0,347.0,1002.4,0.0,0.4,0.6,100.0
2025-05-13 07:00:00,-2.2,-2.0,,-2.3,,98.0,4.8,6.2,359.0,353.0,1003.1,2.0,0.2,,100.0
2025-05-13 08:00:00,-2.0,-1.9,,-2.1,,98.0,5.3,7.0,343.0,351.0,1003.9,14.0,0.2,,100.0
2025-05-13 09:00:00,-1.9,-1.8,,-2.0,,98.0,5.6,6.5,334.0,338.0,1004.5,40.0,0.2,,100.0
2025-05-13 10:00:00,-1.8,-1.7,,-1.9,,97.0,6.1,7.3,343.0,340.0,1004.6,128.0,0.0,,100.0
2025-05-13 11:00:00,-1.5,-1.2,,-1.7,,96.0,6.1,7.5,337.0,340.0,1005.0,146.0,0.0,,100.0
2025-05-13 12:00:00,-1.1,-1.0,,-1.2,,91.0,4.7,6.5,352.0,346.0,1005.7,186.0,0.0,,100.0
2025-05-13 13:00:00,-0.8,-0.5,,-1.0,,89.0,4.2,5.7,355.0,344.0,1005.7,266.0,0.0,,100.0
2025-05-13 14:00:00,-0.3,-0.1,,-0.7,,84.0,4.0,5.6,348.0,342.0,1006.0,394.0,0.0,,100.0
2025-05-13 15:00:00,0.1,0.4,,-0.3,,80.0,3.8,5.8,341.0,343.0,1006.0,577.0,0.0,,90.0
2025-05-13 16:00:00,0.2,0.3,,0.1,,78.0,4.6,5.8,332.0,337.0,1006.0,573.0,0.0,,100.0
2025-05-13 17:00:00,0.2,0.5,,-0.1,,79.0,4.7,7.8,308.0,314.0,1006.0,627.0,0.0,,90.0
2025-05-13 18:00:00,0.1,0.2,0.5,-0.1,-2.3,81.0,5.8,8.1,309.0,311.0,1006.3,703.0,0.0,,40.0
2025-05-13 19:00:00,-0.2,0.1,,-0.4,,80.0,6.4,8.9,310.0,308.0,1006.4,592.0,0.0,,10.0
2025-05-13 20:00:00,-0.3,-0.2,,-0.4,,80.0,6.6,8.8,303.0,303.0,1006.7,500.0,0.0,,10.0
2025-05-13 21:00:00,-0.5,-0.3,,-0.6,,83.0,6.9,9.2,311.0,308.0,1007.3,388.0,0.0,,10.0
2025-05-13 22:00:00,-0.8,-0.6,,-1.1,,86.0,7.6,9.7,313.0,313.0,1007.8,260.0,0.0,,10.0
2025-05-13 23:00:00,-1.3,-1.0,,-1.5,,88.0,8.1,11.4,311.0,312.0,1008.1,128.0,0.0,,40.0
2025-05-14 00:00:00,-1.6,-1.4,,-1.8,,89.0,7.1,9.9,322.0,319.0,1008.5,53.0,0.0,,40.0
2025-05-14 01:00:00,-1.9,-1.8,,-2.0,,90.0,6.9,9.0,325.0,323.0,1008.3,8.0,0.0,,60.0
2025-05-14 02:00:00,-1.9,-1.9,,-2.0,,91.0,6.7,8.4,326.0,321.0,1008.4,0.0,0.0,,60.0
2025-05-14 03:00:00,-1.9,-1.8,,-2.1,,91.0,6.4,8.4,316.0,323.0,1008.4,0.0,0.0,,90.0
2025-05-14 04:00:00,-2.0,-1.9,,-2.2,,92.0,5.9,8.1,330.0,325.0,1007.8,0.0,0.0,,60.0
2025-05-14 05:00:00,-2.1,-1.9,,-2.3,,94.0,6.2,9.3,339.0,337.0,1007.4,0.0,0.0,,60.0
2025-05-14 06:00:00,-2.5,-2.2,0.1,-2.7,-2.7,96.0,6.7,9.2,326.0,334.0,1007.7,0.0,0.0,0.6,60.0
2025-05-14 07:00:00,-2.2,-2.0,,-2.4,,94.0,5.7,7.3,348.0,329.0,1008.0,7.0,0.0,,60.0
2025-05-14 08:00:00,-2.3,-2.2,,-2.6,,93.0,5.6,7.2,338.0,344.0,1007.5,57.0,0.0,,60.0
2025-05-14 09:00:00,-1.8,-1.6,,-2.2,,91.0,6.1,7.5,338.0,336.0,1007.3,208.0,0.0,,40.0
2025-05-14 10:00:00,-1.4,-1.1,,-1.6,,87.0,6.3,7.5,342.0,334.0,1007.2,303.0,0.0,,40.0
2025-05-14 11:00:00,-0.9,-0.4,,-1.2,,86.0,5.5,7.1,352.0,352.0,1007.1,405.0,0.0,,10.0
2025-05-14 12:00:00,-0.2,0.5,,-0.7,,85.0,5.8,7.6,3.0,351.0,1006.7,521.0,0.0,,40.0
2025-05-14 13:00:00,0.1,0.5,,-0.1,,87.0,6.4,8.7,331.0,335.0,1007.2,621.0,0.0,,10.0
2025-05-14 14:00:00,0.3,0.5,,0.2,,85.0,6.8,9.0,345.0,341.0,1006.4,694.0,0.0,,40.0
2025-05-14 15:00:00,1.1,1.7,,0.4,,84.0,7.2,10.5,20.0,8.0,1005.4,740.0,0.0,,60.0
2025-05-14 16:00:00,1.6,1.9,,1.2,,82.0,8.4,11.2,11.0,15.0,1005.3,751.0,0.0,,40.0
2025-05-14 17:00:00,1.4,1.7,,1.2,,84.0,5.9,7.9,339.0,348.0,1004.7,730.0,0.0,,60.0
2025-05-14 18:00:00,1.9,2.7,2.7,1.4,-2.6,83.0,6.5,10.6,359.0,359.0,1004.0,662.0,0.0,,60.0
2025-05-14 19:00:00,1.9,2.2,,1.5,,83.0,5.8,7.6,6.0,4.0,1003.5,598.0,0.0,,40.0
2025-05-14 20:00:00,2.3,2.7,,1.9,,83.0,5.3,7.2,352.0,358.0,1003.3,498.0,0.0,,60.0
2025-05-14 21:00:00,2.1,2.4,,1.9,,84.0,5.9,7.2,2.0,2.0,1003.0,381.0,0.0,,60.0
2025-05-14 22:00:00,2.3,2.6,,2.0,,84.0,5.2,6.6,12.0,6.0,1003.0,258.0,0.0,,60.0
2025-05-14 23:00:00,3.1,3.6,,2.3,,80.0,4.3,6.5,16.0,20.0,1003.0,123.0,0.0,,60.0
2025-05-15 00:00:00,2.8,3.7,,2.3,,83.0,3.2,4.6,26.0,21.0,1002.9,57.0,0.0,,60.0
2025-05-15 01:00:00,3.1,3.9,,2.6,,82.0,1.9,3.4,1.0,25.0,1002.6,7.0,0.0,,90.0
2025-05-15 02:00:00,3.0,4.1,,2.1,,82.0,3.9,6.2,9.0,10.0,1002.1,0.0,0.0,,90.0
2025-05-15 03:00:00,3.1,3.7,,2.5,,82.0,5.0,7.7,19.0,14.0,1002.1,0.0,0.0,,90.0
2025-05-15 04:00:00,3.1,4.0,,2.7,,83.0,5.3,7.7,13.0,11.0,1001.8,0.0,0.0,,90.0
2025-05-15 05:00:00,4.0,7.4,,2.6,,79.0,4.4,8.8,21.0,24.0,1001.7,0.0,0.0,,90.0
2025-05-15 06:00:00,3.7,6.2,7.4,3.1,1.5,81.0,5.8,7.6,14.0,10.0,1001.6,0.0,0.0,0.0,90.0
2025-05-15 07:00:00,3.4,4.9,,2.9,,82.0,6.2,8.5,13.0,10.0,1001.8,3.0,0.0,,90.0
2025-05-15 08:00:00,3.6,4.5,,3.3,,81.0,5.4,6.9,16.0,5.0,1001.5,21.0,0.0,,90.0
2025-05-15 09:00:00,4.1,5.6,,3.3,,78.0,4.8,6.5,20.0,11.0,1001.2,50.0,0.0,,60.0
2025-05-15 10:00:00,4.1,5.6,,3.8,,77.0,5.8,7.7,13.0,11.0,1000.8,130.0,0.0,,60.0
2025-05-15 11:00:00,5.7,7.3,,4.4,,66.0,4.2,6.5,62.0,16.0,1001.4,109.0,0.0,,90.0
2025-05-15 12:00:00,5.2,8.0,,4.5,,70.0,8.8,14.3,142.0,135.0,1002.6,273.0,0.0,,90.0
2025-05-15 13:00:00,4.1,4.6,,3.6,,78.0,10.5,14.2,144.0,148.0,1003.4,477.0,0.0,,60.0
2025-05-15 14:00:00,4.7,5.1,,4.1,,78.0,8.2,10.9,152.0,150.0,1004.6,590.0,0.0,,90.0
2025-05-15 15:00:00,4.1,5.3,,3.4,,81.0,8.9,12.6,145.0,152.0,1005.6,632.0,0.0,,90.0
2025-05-15 16:00:00,3.9,4.2,,3.6,,81.0,10.3,14.9,149.0,148.0,1006.0,535.0,0.0,,60.0
2025-05-15 17:00:00,4.6,5.0,,4.2,,77.0,8.1,11.8,147.0,147.0,1006.1,770.0,0.0,,60.0
2025-05-15 18:00:00,5.3,5.7,8.0,5.0,2.9,71.0,5.8,9.8,141.0,135.0,1006.9,450.0,0.0,,60.0
2025-05-15 19:00:00,6.1,6.6,,4.4,,65.0,4.0,6.6,53.0,130.0,1008.2,537.0,0.0,,90.0
2025-05-15 20:00:00,4.4,4.8,,4.1,,77.0,4.8,7.8,354.0,6.0,1008.4,256.0,0.0,,90.0
2025-05-15 21:00:00,4.2,4.6,,3.8,,79.0,5.8,9.2,17.0,9.0,1008.7,228.0,0.0,,90.0
2025-05-15 22:00:00,4.4,4.8,,3.9,,78.0,7.4,10.3,357.0,16.0,1008.9,115.0,0.0,,90.0
2025-05-15 23:00:00,4.6,5.2,,3.1,,78.0,7.5,11.5,339.0,360.0,1009.2,94.0,0.0,,60.0
2025-05-16 00:00:00,3.8,4.9,,3.0,,83.0,6.4,10.4,351.0,344.0,1009.4,67.0,0.0,,60.0
2025-05-16 01:00:00,4.6,5.1,,3.7,,79.0,8.5,11.5,13.0,13.0,1010.1,16.0,0.0,,60.0
2025-05-16 02:00:00,4.3,5.0,,3.6,,80.0,6.3,8.9,13.0,14.0,1010.7,0.0,0.0,,90.0
2025-05-16 03:00:00,4.0,4.6,,3.6,,82.0,6.6,9.3,8.0,11.0,1011.2,0.0,0.0,,90.0
2025-05-16 04:00:00,3.9,4.5,,3.2,,83.0,6.7,8.9,1.0,4.0,1011.6,0.0,0.0,,90.0
2025-05-16 05:00:00,3.4,4.0,,3.0,,85.0,6.8,9.2,1.0,3.0,1011.9,0.0,0.0,,90.0
2025-05-16 06:00:00,3.3,4.3,6.6,3.0,3.0,85.0,6.3,8.2,6.0,3.0,1012.3,1.0,0.0,0.0,90.0
2025-05-16 07:00:00,3.8,4.5,,3.4,,82.0,6.9,9.0,12.0,13.0,1012.6,7.0,0.0,,60.0
2025-05-16 08:00:00,3.7,4.2,,3.0,,79.0,6.4,8.6,3.0,8.0,1012.8,31.0,0.0,,10.0
2025-05-16 09:00:00,3.8,5.2,,3.0,,75.0,7.0,10.1,358.0,4.0,1012.5,93.0,0.0,,40.0
2025-05-16 10:00:00,4.9,6.3,,3.5,,64.0,8.2,10.8,2.0,8.0,1011.9,161.0,0.0,,60.0
2025-05-16 11:00:00,5.1,6.1,,4.3,,60.0,7.8,9.7,3.0,7.0,1011.1,274.0,0.0,,90.0
2025-05-16 12:00:00,6.2,7.8,,5.2,,53.0,6.8,9.7,15.0,5.0,1010.0,461.0,0.0,,90.0
2025-05-16 13:00:00,6.2,7.9,,5.3,,53.0,6.3,9.2,357.0,1.0,1009.0,582.0,0.0,,40.0
2025-05-16 14:00:00,6.3,7.4,,5.3,,52.0,6.0,8.5,360.0,352.0,1007.3,531.0,0.0,,10.0
2025-05-16 15:00:00,7.3,8.7,,6.4,,50.0,5.0,7.6,359.0,359.0,1005.9,751.0,0.0,,90.0
2025-05-16 16:00:00,7.2,8.0,,6.9,,52.0,4.5,7.5,11.0,360.0,1004.1,739.0,0.0,,60.0
2025-05-16 17:00:00,7.7,8.8,,5.8,,50.0,6.2,9.8,342.0,357.0,1003.1,734.0,0.0,,40.0
2025-05-16 18:00:00,7.4,8.1,8.8,6.4,3.0,55.0,5.9,8.0,355.0,348.0,1001.7,539.0,0.0,,10.0
2025-05-16 19:00:00,7.2,7.5,,6.9,,56.0,4.7,7.0,2.0,355.0,1001.3,290.0,0.0,,40.0
2025-05-16 20:00:00,7.0,7.6,,6.5,,58.0,4.3,6.2,349.0,351.0,1000.8,525.0,0.0,,10.0
2025-05-16 21:00:00,6.4,7.3,,5.0,,61.0,4.3,6.5,320.0,336.0,1000.5,148.0,0.0,,90.0
2025-05-16 22:00:00,4.7,6.1,,3.4,,71.0,3.1,5.3,348.0,321.0,1000.3,104.0,0.0,,60.0
2025-05-16 23:00:00,3.4,5.1,,2.1,,79.0,3.1,4.7,277.0,298.0,1001.0,51.0,0.0,,60.0
2025-05-17 00:00:00,2.2,3.9,,1.6,,85.0,2.1,4.4,277.0,266.0,1001.8,23.0,0.0,,60.0
2025-05-17 01:00:00,3.4,4.3,,2.0,,76.0,2.4,4.5,9.0,346.0,1002.1,7.0,0.0,,90.0
2025-05-17 02:00:00,2.4,3.5,,1.6,,84.0,2.9,4.8,292.0,332.0,1003.2,1.0,0.0,,90.0
2025-05-17 03:00:00,1.6,2.0,,1.3,,88.0,0.9,2.4,291.0,221.0,1004.6,0.0,0.0,,90.0
2025-05-17 04:00:00,1.9,5.1,,1.1,,88.0,1.8,7.0,177.0,170.0,1005.9,0.0,0.0,,90.0
2025-05-17 05:00:00,2.8,3.8,,1.5,,81.0,4.1,8.1,171.0,174.0,1007.4,0.0,0.0,,90.0
2025-05-17 06:00:00,5.7,6.8,7.6,3.6,1.1,68.0,8.3,15.4,140.0,146.0,1008.8,1.0,0.0,0.0,90.0
2025-05-17 07:00:00,6.3,6.7,,5.8,,67.0,10.1,13.8,141.0,139.0,1010.6,20.0,0.0,,90.0
2025-05-17 08:00:00,5.5,5.9,,5.1,,72.0,8.8,12.5,146.0,147.0,1011.7,40.0,0.0,,90.0
2025-05-17 09:00:00,5.7,6.5,,5.1,,72.0,7.7,11.7,139.0,147.0,1012.4,113.0,0.0,,90.0
2025-05-17 10:00:00,6.4,6.9,,6.0,,72.0,7.4,11.6,133.0,136.0,1013.2,225.0,0.0,,90.0
2025-05-17 11:00:00,7.1,7.5,,6.6,,71.0,5.2,9.1,154.0,150.0,1013.6,379.0,0.0,,60.0
2025-05-17 12:00:00,6.9,7.3,,6.4,,72.0,3.9,6.6,155.0,161.0,1014.5,515.0,0.0,,60.0
2025-05-17 13:00:00,7.4,8.8,,5.5,,71.0,2.3,4.0,171.0,167.0,1014.7,612.0,0.0,,60.0
2025-05-17 14:00:00,5.4,7.6,,4.1,,79.0,1.5,3.2,270.0,239.0,1015.0,688.0,0.0,,90.0
2025-05-17 15:00:00,4.5,5.4,,4.0,,83.0,2.0,3.6,267.0,270.0,1014.7,734.0,0.0,,60.0
2025-05-17 16:00:00,6.0,7.2,,4.2,,78.0,1.2,2.3,322.0,309.0,1014.8,746.0,0.0,,40.0
2025-05-17 17:00:00,6.1,6.6,,5.6,,77.0,1.6,3.5,342.0,308.0,1014.7,728.0,0.0,,60.0
2025-05-17 18:00:00,6.3,6.6,8.8,6.0,4.0,75.0,4.1,5.4,352.0,351.0,1014.8,677.0,0.3,,90.0
2025-05-17 19:00:00,5.9,6.4,,5.6,,76.0,4.8,5.8,3.0,359.0,1015.0,603.0,0.0,,90.0
2025-05-17 20:00:00,6.3,6.9,,6.0,,73.0,4.1,5.5,344.0,349.0,1015.4,511.0,0.0,,60.0
2025-05-17 21:00:00,6.4,7.0,,5.9,,73.0,4.5,6.1,355.0,350.0,1015.6,367.0,0.0,,90.0
2025-05-17 22:00:00,6.5,7.3,,5.9,,73.0,5.6,6.6,341.0,355.0,1016.0,191.0,0.0,,60.0
2025-05-17 23:00:00,6.2,6.8,,5.5,,74.0,4.6,6.3,351.0,352.0,1016.5,105.0,0.0,,60.0
2025-05-18 00:00:00,5.6,6.1,,5.2,,77.0,4.5,5.5,352.0,357.0,1017.1,40.0,0.0,,60.0
2025-05-18 01:00:00,5.9,6.8,,5.0,,75.0,4.1,5.4,11.0,351.0,1017.2,8.0,0.0,,90.0
2025-05-18 02:00:00,6.4,7.4,,5.7,,72.0,3.3,5.1,1.0,9.0,1017.5,1.0,0.0,,90.0
2025-05-18 03:00:00,6.0,8.1,,4.9,,73.0,1.7,3.4,47.0,28.0,1017.7,0.0,0.0,,90.0
2025-05-18 04:00:00,7.5,8.4,,6.2,,62.0,0.5,1.8,0.0,32.0,1018.2,0.0,0.0,,90.0
2025-05-18 05:00:00,6.5,7.9,,4.8,,66.0,1.4,3.1,108.0,192.0,1018.7,0.0,0.0,,90.0
2025-05-18 06:00:00,7.2,7.6,8.4,6.2,4.8,60.0,1.3,5.5,157.0,67.0,1019.4,1.0,0.0,0.3,90.0
2025-05-18 07:00:00,5.7,6.7,,5.1,,65.0,5.0,8.4,139.0,145.0,1019.8,13.0,0.0,,90.0
2025-05-18 08:00:00,4.8,5.3,,4.5,,70.0,5.3,8.8,142.0,141.0,1020.2,72.0,0.0,,90.0
2025-05-18 09:00:00,4.7,4.8,,4.6,,70.0,4.2,6.0,147.0,148.0,1020.2,177.0,0.0,,90.0
2025-05-18 10:00:00,4.8,5.4,,4.5,,71.0,3.5,6.8,169.0,154.0,1020.0,296.0,0.0,,60.0
2025-05-18 11:00:00,4.5,6.0,,2.6,,75.0,0.7,2.9,32.0,204.0,1019.7,412.0,0.0,,90.0
2025-05-18 12:00:00,4.3,4.9,,3.9,,75.0,2.4,5.4,346.0,348.0,1019.1,527.0,0.0,,90.0
2025-05-18 13:00:00,5.2,6.1,,4.1,,73.0,4.5,6.8,10.0,10.0,1019.0,624.0,0.0,,60.0
2025-05-18 14:00:00,5.5,5.9,,5.0,,71.0,5.3,7.3,356.0,358.0,1018.6,694.0,0.0,,90.0
2025-05-18 15:00:00,6.2,7.4,,5.2,,66.0,5.3,7.0,358.0,358.0,1018.3,724.0,0.0,,90.0
2025-05-18 16:00:00,7.3,7.6,,6.7,,60.0,4.4,5.7,2.0,358.0,1018.3,698.0,0.0,,90.0
2025-05-18 17:00:00,7.8,9.0,,6.9,,57.0,4.5,5.4,16.0,0.0,1018.6,479.0,0.0,,90.0
2025-05-18 18:00:00,8.9,9.4,9.4,8.4,2.6,52.0,3.2,4.4,353.0,1.0,1019.2,402.0,0.0,,90.0
2025-05-18 19:00:00,8.9,9.3,,8.7,,52.0,2.9,3.9,359.0,359.0,1020.0,432.0,0.0,,90.0
2025-05-18 20:00:00,9.7,10.5,,8.9,,48.0,2.9,3.8,13.0,9.0,1020.4,174.0,0.0,,90.0
2025-05-18 21:00:00,10.0,10.4,,9.3,,47.0,2.9,4.1,34.0,10.0,1020.9,136.0,0.0,,90.0
2025-05-18 22:00:00,9.3,10.3,,8.6,,52.0,3.9,5.3,20.0,11.0,1021.4,138.0,0.0,,60.0
2025-05-18 23:00:00,9.0,11.0,,7.2,,55.0,3.6,6.4,10.0,18.0,1021.9,76.0,0.0,,60.0
2025-05-19 00:00:00,8.6,9.3,,8.2,,56.0,4.6,6.1,9.0,12.0,1022.5,30.0,0.0,,90.0
2025-05-19 01:00:00,8.9,9.6,,8.2,,54.0,4.3,5.5,13.0,11.0,1023.1,12.0,0.0,,90.0
2025-05-19 02:00:00,9.0,9.3,,8.5,,54.0,3.3,4.4,15.0,12.0,1023.6,2.0,0.0,,60.0
2025-05-19 03:00:00,9.3,10.5,,8.0,,54.0,3.3,4.3,44.0,22.0,1023.9,0.0,0.0,,90.0
2025-05-19 04:00:00,8.9,11.0,,6.8,,57.0,3.7,5.5,10.0,23.0,1024.2,0.0,0.0,,90.0
2025-05-19 05:00:00,8.3,12.3,,6.7,,61.0,2.0,4.5,356.0,39.0,1024.6,0.0,0.0,,90.0
2025-05-19 06:00:00,7.0,8.1,12.3,6.4,6.4,66.0,3.0,5.6,8.0,19.0,1025.1,1.0,0.0,0.0,90.0
2025-05-19 07:00:00,8.2,9.8,,6.5,,61.0,4.6,7.3,15.0,17.0,1025.5,14.0,0.0,,90.0
2025-05-19 08:00:00,8.1,9.7,,6.4,,62.0,3.9,6.3,45.0,31.0,1026.0,62.0,0.0,,90.0
2025-05-19 09:00:00,7.7,9.0,,6.9,,64.0,2.5,4.7,55.0,32.0,1026.4,200.0,0.0,,60.0
2025-05-19 10:00:00,7.5,8.8,,6.9,,66.0,3.4,5.9,19.0,22.0,1026.9,287.0,0.0,,60.0
2025-05-19 11:00:00,9.3,10.6,,8.5,,60.0,1.8,3.7,144.0,98.0,1027.4,402.0,0.0,,40.0
2025-05-19 12:00:00,10.6,11.7,,9.6,,55.0,0.9,2.0,252.0,166.0,1027.7,508.0,0.0,,60.0
2025-05-19 13:00:00,10.2,11.0,,9.2,,56.0,0.9,2.9,262.0,262.0,1028.2,604.0,0.0,,40.0
2025-05-19 14:00:00,7.2,9.2,,6.5,,70.0,3.1,4.5,276.0,265.0,1028.0,677.0,0.0,,40.0
2025-05-19 15:00:00,8.6,9.5,,7.5,,66.0,2.0,3.1,322.0,295.0,1028.1,723.0,0.0,,40.0
2025-05-19 16:00:00,9.3,9.7,,8.9,,63.0,2.8,3.7,345.0,346.0,1028.2,733.0,0.0,,10.0
2025-05-19 17:00:00,8.6,9.8,,7.9,,66.0,2.7,3.8,330.0,321.0,1028.3,716.0,0.0,,40.0
2025-05-19 18:00:00,8.7,9.0,11.7,8.3,6.4,64.0,2.5,4.4,293.0,312.0,1028.6,661.0,0.0,,40.0
2025-05-19 19:00:00,8.2,8.5,,7.5,,62.0,3.4,6.3,2.0,337.0,1028.8,588.0,0.0,,60.0
2025-05-19 20:00:00,7.6,8.3,,6.9,,61.0,4.4,6.1,1.0,356.0,1029.1,502.0,0.0,,60.0
2025-05-19 21:00:00,8.0,8.3,,7.3,,58.0,5.4,7.5,357.0,5.0,1029.2,386.0,0.0,,60.0
2025-05-19 22:00:00,7.4,7.6,,7.2,,73.0,5.8,7.9,1.0,1.0,1029.3,228.0,0.0,,60.0
2025-05-19 23:00:00,7.5,7.8,,7.3,,74.0,4.5,6.7,360.0,356.0,1029.6,109.0,0.0,,60.0
2025-05-20 00:00:00,7.5,7.8,,7.2,,75.0,4.0,6.1,11.0,3.0,1029.6,66.0,0.0,,60.0
2025-05-20 01:00:00,6.9,7.2,,6.7,,77.0,4.8,7.0,356.0,357.0,1029.7,19.0,0.0,,90.0
2025-05-20 02:00:00,6.3,6.7,,5.8,,79.0,5.1,7.6,356.0,356.0,1029.6,1.0,0.0,,90.0
2025-05-20 03:00:00,5.6,6.3,,4.7,,82.0,4.9,7.0,358.0,1.0,1029.7,0.0,0.0,,90.0
2025-05-20 04:00:00,4.5,4.9,,4.2,,88.0,5.2,7.9,359.0,2.0,1029.6,0.0,0.0,,90.0
2025-05-20 05:00:00,4.1,4.5,,3.7,,90.0,5.6,8.0,359.0,360.0,1029.5,0.0,0.0,,90.0
2025-05-20 06:00:00,4.5,5.0,8.5,4.0,3.7,87.0,4.8,7.5,15.0,5.0,1029.5,2.0,0.0,0.0,90.0
2025-05-20 07:00:00,5.4,5.9,,5.0,,83.0,3.9,6.3,347.0,2.0,1029.8,18.0,0.0,,90.0
2025-05-20 08:00:00,5.2,5.7,,4.6,,83.0,4.2,6.8,353.0,355.0,1029.6,71.0,0.0,,
2025-05-20 09:00:00,5.0,5.3,,4.4,,84.0,4.4,5.9,2.0,359.0,1029.7,165.0,0.0,,60.0
2025-05-20 10:00:00,4.2,4.6,,3.9,,86.0,4.0,5.4,331.0,342.0,1029.7,291.0,0.0,,90.0
2025-05-20 11:00:00,4.2,4.8,,3.7,,86.0,4.2,5.6,345.0,348.0,1029.7,412.0,0.0,,90.0
2025-05-20 12:00:00,3.8,4.4,,3.1,,89.0,4.2,6.6,318.0,339.0,1029.6,524.0,0.0,,90.0
2025-05-20 13:00:00,3.2,3.5,,2.8,,91.0,4.3,5.9,324.0,324.0,1029.5,606.0,0.0,,60.0
2025-05-20 14:00:00,2.9,3.2,,2.6,,91.0,6.4,8.3,345.0,337.0,1029.4,698.0,0.0,,90.0
2025-05-20 15:00:00,3.0,3.4,,2.6,,89.0,6.9,10.3,356.0,351.0,1029.0,728.0,0.0,,60.0
2025-05-20 16:00:00,2.8,3.4,,2.4,,90.0,6.6,8.3,338.0,343.0,1028.6,731.0,0.0,,40.0
2025-05-20 17:00:00,2.6,2.9,,2.3,,91.0,6.8,8.6,339.0,338.0,1028.3,736.0,0.0,,60.0
2025-05-20 18:00:00,2.8,3.2,5.9,2.2,2.2,89.0,7.0,9.8,356.0,353.0,1028.1,683.0,0.0,,60.0
2025-05-20 19:00:00,2.5,2.7,,2.3,,90.0,7.1,9.0,359.0,357.0,1028.0,597.0,0.0,,60.0
2025-05-20 20:00:00,2.1,2.6,,1.9,,89.0,7.5,9.8,359.0,360.0,1027.7,515.0,0.0,,60.0
2025-05-20 21:00:00,2.2,2.4,,2.0,,85.0,7.1,10.0,348.0,354.0,1027.5,403.0,0.0,,40.0
2025-05-20 22:00:00,2.0,2.2,,1.7,,84.0,6.1,7.7,340.0,343.0,1027.4,234.0,0.0,,60.0
2025-05-20 23:00:00,1.5,1.7,,1.3,,85.0,6.6,9.0,348.0,344.0,1026.9,137.0,0.0,,60.0
2025-05-21 00:00:00,1.2,1.3,,1.1,,83.0,7.2,9.9,352.0,349.0,1026.6,67.0,0.0,,60.0
2025-05-21 01:00:00,0.9,1.2,,0.7,,83.0,7.1,9.3,344.0,348.0,1026.5,13.0,0.0,,90.0
2025-05-21 02:00:00,0.4,0.8,,0.2,,87.0,6.8,9.0,356.0,353.0,1025.8,1.0,0.0,,90.0
2025-05-21 03:00:00,0.0,0.3,,-0.5,,92.0,7.0,9.1,358.0,355.0,1025.4,0.0,0.0,,90.0
2025-05-21 04:00:00,-0.7,-0.4,,-1.0,,98.0,7.3,9.7,344.0,347.0,1024.6,0.0,0.0,,60.0
2025-05-21 05:00:00,-1.1,-1.0,,-1.2,,99.0,8.3,10.1,342.0,340.0,1023.9,0.0,0.0,,90.0
2025-05-21 06:00:00,-1.0,-0.9,2.7,-1.1,-1.2,99.0,7.5,9.8,338.0,341.0,1023.5,1.0,0.0,0.0,
2025-05-21 07:00:00,-0.8,-0.7,,-1.1,,100.0,7.4,9.8,342.0,339.0,1023.4,12.0,0.0,,90.0
2025-05-21 08:00:00,-0.5,-0.4,,-0.7,,99.0,7.3,9.1,340.0,344.0,1022.7,50.0,0.0,,60.0
2025-05-21 09:00:00,-0.2,0.0,,-0.4,,96.0,5.6,8.8,344.0,347.0,1022.4,118.0,0.0,,40.0
2025-05-21 10:00:00,0.2,0.4,,-0.1,,93.0,5.5,7.1,346.0,340.0,1021.9,237.0,0.0,,10.0
2025-05-21 11:00:00,0.4,0.5,,0.2,,94.0,4.7,6.7,343.0,345.0,1021.3,232.0,0.0,,60.0
2025-05-21 12:00:00,0.9,1.3,,0.4,,91.0,5.1,7.2,346.0,344.0,1020.5,481.0,0.0,,40.0
2025-05-21 13:00:00,1.5,2.1,,1.0,,88.0,4.5,5.9,343.0,348.0,1020.0,598.0,0.0,,60.0
2025-05-21 14:00:00,2.2,2.6,,1.8,,86.0,4.1,5.6,338.0,345.0,1019.4,559.0,0.0,,10.0
2025-05-21 15:00:00,2.7,3.3,,2.3,,85.0,4.3,5.8,354.0,352.0,1018.7,520.0,0.0,,10.0
2025-05-21 16:00:00,3.0,3.4,,2.8,,84.0,5.3,6.9,339.0,347.0,1017.8,406.0,0.0,,60.0
2025-05-21 17:00:00,2.8,3.1,,2.4,,85.0,5.1,6.9,314.0,318.0,1017.4,291.0,0.0,,60.0
2025-05-21 18:00:00,2.4,2.6,3.4,2.2,-1.1,87.0,5.6,8.4,306.0,311.0,1016.8,303.0,0.0,,60.0
2025-05-21 19:00:00,2.1,2.4,,1.9,,87.0,5.9,8.1,309.0,311.0,1016.5,306.0,0.0,,40.0
2025-05-21 20:00:00,1.8,2.1,,1.6,,86.0,6.4,9.3,314.0,312.0,1016.0,263.0,0.0,,40.0
2025-05-21 21:00:00,1.5,1.8,,1.2,,87.0,6.7,9.8,304.0,308.0,1015.8,219.0,0.0,,10.0
2025-05-21 22:00:00,1.3,1.7,,0.8,,87.0,6.3,9.9,304.0,307.0,1015.4,204.0,0.0,,10.0
2025-05-21 23:00:00,1.0,1.3,,0.7,,88.0,6.3,9.8,312.0,309.0,1014.9,161.0,0.0,,40.0
2025-05-22 00:00:00,0.7,1.2,,0.4,,89.0,6.3,8.9,305.0,306.0,1014.5,87.0,0.0,,60.0
2025-05-22 01:00:00,0.3,0.6,,0.0,,91.0,5.8,8.7,313.0,311.0,1014.3,24.0,0.0,,90.0
2025-05-22 02:00:00,-0.1,0.1,,-0.2,,93.0,5.7,8.4,312.0,305.0,1014.1,2.0,0.0,,90.0
2025-05-22 03:00:00,-0.1,0.0,,-0.3,,94.0,4.4,7.2,305.0,307.0,1013.5,0.0,0.0,,90.0
2025-05-22 04:00:00,-0.3,-0.2,,-0.4,,96.0,5.0,7.4,301.0,302.0,1013.2,0.0,0.0,,90.0
2025-05-22 05:00:00,-0.3,0.0,,-0.4,,96.0,3.8,7.0,350.0,321.0,1012.9,0.0,0.0,,100.0
2025-05-22 06:00:00,-0.2,0.0,2.4,-0.3,-0.4,96.0,2.2,3.9,20.0,340.0,1012.9,2.0,0.0,0.0,100.0
2025-05-22 07:00:00,-0.3,-0.2,,-0.4,,98.0,1.5,3.8,4.0,345.0,1013.0,13.0,0.0,,90.0
2025-05-22 08:00:00,-0.1,0.3,,-0.2,,96.0,1.4,2.6,350.0,340.0,1012.8,78.0,0.0,,60.0
2025-05-22 09:00:00,0.3,0.6,,0.1,,93.0,2.0,3.5,357.0,357.0,1012.8,188.0,0.0,,90.0
2025-05-22 10:00:00,1.0,1.5,,0.6,,90.0,1.5,2.3,345.0,348.0,1012.7,305.0,0.0,,90.0
2025-05-22 11:00:00,1.5,1.9,,1.0,,86.0,0.8,1.5,277.0,311.0,1012.5,422.0,0.0,,90.0
2025-05-22 12:00:00,2.2,2.6,,1.3,,83.0,1.3,2.3,306.0,314.0,1012.5,536.0,0.0,,90.0
2025-05-22 13:00:00,3.2,3.8,,2.4,,78.0,2.1,3.4,334.0,337.0,1012.6,634.0,0.0,,90.0
2025-05-22 14:00:00,3.7,4.4,,3.3,,76.0,2.3,3.5,319.0,325.0,1012.6,705.0,0.0,,90.0
2025-05-22 15:00:00,4.0,4.4,,3.5,,75.0,2.7,4.5,325.0,326.0,1012.4,748.0,0.0,,90.0
2025-05-22 16:00:00,4.3,4.7,,3.9,,74.0,3.1,5.8,315.0,315.0,1012.2,758.0,0.0,,90.0
2025-05-22 17:00:00,3.9,4.2,,3.7,,74.0,4.5,6.3,297.0,299.0,1012.0,746.0,0.0,,90.0
2025-05-22 18:00:00,3.9,4.2,4.7,3.7,-0.4,73.0,4.4,6.4,296.0,295.0,1011.9,691.0,0.0,,90.0
2025-05-22 19:00:00,4.0,4.4,,3.6,,73.0,4.5,6.4,319.0,312.0,1011.8,614.0,0.0,,90.0
2025-05-22 20:00:00,3.7,4.0,,3.3,,73.0,4.9,8.7,312.0,320.0,1011.7,522.0,0.0,,90.0
2025-05-22 21:00:00,3.5,4.3,,3.2,,74.0,4.5,8.1,308.0,308.0,1011.6,408.0,0.0,,90.0
2025-05-22 22:00:00,3.2,3.4,,2.5,,73.0,5.1,9.3,312.0,314.0,1011.6,287.0,0.0,,90.0
2025-05-22 23:00:00,2.1,2.6,,1.5,,80.0,5.6,9.1,304.0,307.0,1011.4,148.0,0.0,,60.0
2025-05-23 00:00:00,0.9,1.5,,0.5,,86.0,6.2,9.7,309.0,304.0,1011.4,71.0,0.0,,60.0
2025-05-23 01:00:00,0.2,0.6,,0.0,,90.0,5.9,8.8,306.0,306.0,1011.1,20.0,0.0,,90.0
2025-05-23 02:00:00,-0.1,0.1,,-0.4,,92.0,5.3,8.0,302.0,304.0,1010.9,2.0,0.0,,90.0
2025-05-23 03:00:00,-0.4,-0.3,,-0.5,,94.0,4.6,6.5,299.0,301.0,1010.5,0.0,0.0,,90.0
2025-05-23 04:00:00,-0.5,-0.4,,-0.6,,95.0,5.4,7.6,304.0,303.0,1009.8,0.0,0.0,,60.0
2025-05-23 05:00:00,-0.4,-0.3,,-0.5,,95.0,4.7,8.5,308.0,311.0,1009.6,0.0,0.0,,90.0
2025-05-23 06:00:00,-0.5,-0.4,4.4,-0.8,-0.8,96.0,5.1,8.8,309.0,317.0,1009.2,2.0,0.0,0.0,90.0
2025-05-23 07:00:00,-0.8,-0.7,,-0.8,,97.0,7.4,10.2,301.0,300.0,1009.1,16.0,0.0,,60.0
2025-05-23 08:00:00,-0.9,-0.8,,-1.0,,97.0,6.9,9.5,294.0,297.0,1008.7,57.0,0.0,,90.0
2025-05-23 09:00:00,-0.9,-0.8,,-1.1,,96.0,7.4,10.5,303.0,298.0,1008.4,63.0,0.0,,90.0
2025-05-23 10:00:00,-0.5,-0.1,,-0.8,,94.0,5.2,8.3,302.0,305.0,1007.9,119.0,0.0,,100.0
2025-05-23 11:00:00,0.1,0.5,,-0.2,,90.0,5.7,7.7,302.0,301.0,1007.6,289.0,0.0,,60.0
2025-05-23 12:00:00,0.8,0.9,,0.5,,84.0,6.2,8.2,303.0,299.0,1007.0,555.0,0.0,,60.0
2025-05-23 13:00:00,1.3,1.7,,0.9,,80.0,6.2,8.2,300.0,302.0,1006.4,655.0,0.0,,40.0
2025-05-23 14:00:00,1.9,2.3,,1.6,,73.0,7.1,9.9,301.0,300.0,1006.0,730.0,0.0,,60.0
2025-05-23 15:00:00,2.2,2.4,,2.0,,66.0,9.3,11.9,302.0,300.0,1005.9,770.0,0.0,,60.0
2025-05-23 16:00:00,1.9,2.2,,1.6,,70.0,10.3,13.5,296.0,296.0,1005.6,780.0,0.0,,60.0
2025-05-23 17:00:00,1.7,1.9,,1.5,,72.0,10.6,13.7,298.0,298.0,1005.5,767.0,0.0,,40.0
2025-05-23 18:00:00,1.5,1.7,2.4,1.2,-1.1,78.0,10.2,14.5,293.0,295.0,1005.2,715.0,0.0,,60.0
2025-05-23 19:00:00,1.2,1.4,,1.0,,80.0,10.3,13.8,293.0,290.0,1005.1,650.0,0.0,,40.0
2025-05-23 20:00:00,1.4,1.7,,1.2,,80.0,8.5,13.6,300.0,295.0,1005.0,552.0,0.0,,40.0
2025-05-23 21:00:00,1.7,2.0,,1.6,,78.0,7.6,11.1,313.0,311.0,1004.8,353.0,0.0,,40.0
2025-05-23 22:00:00,1.9,2.0,,1.7,,77.0,10.3,13.2,302.0,303.0,1004.6,255.0,0.0,,60.0
2025-05-23 23:00:00,1.5,1.8,,1.1,,79.0,10.7,13.6,305.0,304.0,1005.0,147.0,0.0,,40.0
2025-05-24 00:00:00,0.8,1.2,,0.4,,85.0,9.7,13.1,301.0,305.0,1005.2,73.0,0.0,,60.0
2025-05-24 01:00:00,0.0,0.4,,-0.2,,90.0,10.0,13.2,297.0,299.0,1005.3,18.0,0.0,,60.0
2025-05-24 02:00:00,-0.3,-0.2,,-0.5,,91.0,8.9,12.0,301.0,298.0,1005.3,3.0,0.0,,90.0
2025-05-24 03:00:00,-0.4,-0.3,,-0.5,,92.0,4.8,9.7,350.0,350.0,1005.3,0.0,0.0,,90.0
2025-05-24 04:00:00,-0.4,-0.3,,-0.6,,91.0,5.3,7.9,333.0,341.0,1005.0,0.0,0.0,,90.0
2025-05-24 05:00:00,-0.7,-0.5,,-0.8,,93.0,8.1,11.2,306.0,310.0,1004.8,0.0,0.0,,90.0
2025-05-24 06:00:00,-0.8,-0.7,2.0,-0.9,-0.9,94.0,9.4,11.8,311.0,310.0,1005.0,3.0,0.0,0.0,60.0
2025-05-24 07:00:00,-0.8,-0.7,,-0.9,,92.0,9.1,11.6,311.0,311.0,1005.2,21.0,0.0,,60.0
2025-05-24 08:00:00,-0.7,-0.5,,-0.8,,91.0,9.4,12.1,312.0,310.0,1005.6,89.0,0.0,,60.0
2025-05-24 09:00:00,-0.4,-0.2,,-0.5,,91.0,9.6,12.1,309.0,310.0,1005.6,196.0,0.0,,60.0
2025-05-24 10:00:00,0.1,0.5,,-0.2,,88.0,9.5,12.0,313.0,310.0,1005.9,316.0,0.0,,40.0
2025-05-24 11:00:00,1.0,1.3,,0.4,,80.0,9.4,11.5,318.0,320.0,1006.1,434.0,0.0,,60.0
2025-05-24 12:00:00,1.6,2.0,,1.2,,74.0,8.9,11.8,321.0,321.0,1006.3,533.0,0.0,,60.0
2025-05-24 13:00:00,2.2,2.5,,1.9,,69.0,8.5,11.4,317.0,321.0,1006.3,647.0,0.0,,60.0
2025-05-24 14:00:00,2.7,2.8,,2.5,,64.0,8.6,12.8,309.0,319.0,1005.9,724.0,0.0,,60.0
2025-05-24 15:00:00,2.6,3.1,,2.4,,73.0,9.6,13.2,316.0,309.0,1005.9,763.0,0.0,,90.0
2025-05-24 16:00:00,2.9,3.3,,2.7,,70.0,10.3,15.0,304.0,311.0,1005.5,773.0,0.0,,60.0
2025-05-24 17:00:00,2.6,2.8,,2.4,,72.0,12.1,15.4,299.0,297.0,1005.6,760.0,0.0,,60.0
2025-05-24 18:00:00,2.4,2.5,3.3,2.3,-0.9,72.0,13.7,18.0,303.0,301.0,1005.2,707.0,0.0,,60.0
2025-05-24 19:00:00,2.6,2.7,,2.4,,71.0,12.6,16.6,303.0,300.0,1005.5,627.0,0.0,,60.0
2025-05-24 20:00:00,2.9,3.1,,2.7,,71.0,11.6,14.9,305.0,306.0,1006.0,534.0,0.0,,60.0
2025-05-24 21:00:00,2.7,3.1,,2.4,,73.0,11.0,14.1,313.0,308.0,1005.9,418.0,0.0,,60.0
2025-05-24 22:00:00,2.4,3.0,,1.9,,76.0,13.3,17.9,314.0,315.0,1005.7,293.0,0.0,,60.0
2025-05-24 23:00:00,2.3,3.0,,1.9,,77.0,11.8,15.8,318.0,311.0,1006.0,149.0,0.0,,60.0
2025-05-25 00:00:00,2.0,2.8,,1.3,,79.0,11.7,15.1,303.0,307.0,1006.6,73.0,0.0,,60.0
2025-05-25 01:00:00,1.0,1.9,,0.6,,86.0,12.0,17.3,315.0,305.0,1006.5,24.0,0.0,,90.0
2025-05-25 02:00:00,1.6,1.9,,1.2,,77.0,8.4,13.6,333.0,329.0,1007.1,3.0,0.0,,90.0
2025-05-25 03:00:00,1.3,1.6,,0.8,,77.0,8.4,11.0,329.0,331.0,1006.8,0.0,0.0,,90.0
2025-05-25 04:00:00,1.0,1.3,,0.2,,76.0,8.5,11.8,312.0,324.0,1006.1,0.0,0.0,,90.0
2025-05-25 05:00:00,0.0,0.3,,-0.3,,88.0,9.5,13.4,314.0,312.0,1006.5,0.0,0.0,,60.0
2025-05-25 06:00:00,-0.4,0.1,3.1,-0.7,-0.7,92.0,8.5,11.8,312.0,311.0,1006.5,4.0,0.0,0.0,90.0
2025-05-25 07:00:00,-0.8,-0.6,,-0.9,,96.0,8.8,11.3,316.0,312.0,1006.4,18.0,0.0,,60.0
2025-05-25 08:00:00,-0.1,0.3,,-0.6,,86.0,7.1,9.7,314.0,321.0,1006.3,93.0,0.0,,60.0
2025-05-25 09:00:00,0.4,1.1,,-0.3,,79.0,5.8,7.2,320.0,326.0,1006.2,205.0,0.0,,60.0
2025-05-25 10:00:00,0.5,0.9,,0.2,,84.0,5.6,7.3,311.0,309.0,1006.3,322.0,0.0,,40.0
2025-05-25 11:00:00,1.5,1.9,,0.9,,73.0,5.4,7.0,329.0,328.0,1006.3,441.0,0.0,,40.0
2025-05-25 12:00:00,1.9,2.3,,1.7,,72.0,4.9,6.7,328.0,329.0,1006.1,555.0,0.0,,60.0
2025-05-25 13:00:00,2.8,3.5,,2.2,,67.0,3.9,5.9,357.0,348.0,1005.9,675.0,0.0,,90.0
2025-05-25 14:00:00,3.0,3.5,,2.7,,66.0,3.7,5.9,343.0,353.0,1005.6,721.0,0.0,,90.0
2025-05-25 15:00:00,3.1,3.4,,2.9,,73.0,5.0,7.5,308.0,318.0,1005.3,758.0,0.0,,90.0
2025-05-25 16:00:00,3.6,4.2,,3.3,,69.0,4.8,6.8,316.0,318.0,1005.1,767.0,0.0,,90.0
2025-05-25 17:00:00,3.9,4.4,,3.4,,69.0,4.6,7.2,338.0,326.0,1004.7,754.0,0.0,,90.0
2025-05-25 18:00:00,4.3,4.6,4.6,3.9,-0.9,63.0,4.6,7.0,328.0,320.0,1004.4,700.0,0.0,,90.0
2025-05-25 19:00:00,3.8,4.8,,3.2,,71.0,4.9,7.9,295.0,303.0,1004.4,621.0,0.0,,90.0
2025-05-25 20:00:00,3.0,3.4,,2.7,,78.0,5.6,7.7,296.0,299.0,1004.2,522.0,0.0,,60.0
2025-05-25 21:00:00,3.0,3.4,,2.7,,78.0,5.5,7.8,321.0,305.0,1004.1,410.0,0.0,,60.0
2025-05-25 22:00:00,3.3,3.7,,3.0,,72.0,4.1,5.4,357.0,342.0,1003.9,320.0,0.0,,60.0
2025-05-25 23:00:00,3.0,3.3,,2.7,,74.0,4.1,5.8,339.0,348.0,1003.9,103.0,0.0,,90.0
2025-05-26 00:00:00,2.6,2.8,,2.1,,76.0,4.2,5.9,308.0,335.0,1003.7,65.0,0.0,,90.0
2025-05-26 01:00:00,2.0,2.1,,1.8,,85.0,3.4,4.5,322.0,320.0,1003.3,15.0,0.0,,90.0
2025-05-26 02:00:00,1.8,2.0,,1.4,,87.0,3.5,4.6,316.0,318.0,1003.1,3.0,0.0,,90.0
2025-05-26 03:00:00,1.4,1.7,,1.3,,88.0,3.8,4.8,329.0,314.0,1002.8,0.0,0.0,,90.0
2025-05-26 04:00:00,1.6,1.7,,1.4,,86.0,4.1,5.2,353.0,340.0,1002.5,0.0,0.0,,90.0
2025-05-26 05:00:00,1.3,1.5,,1.2,,87.0,4.0,4.9,7.0,356.0,1002.4,0.0,0.0,,90.0
2025-05-26 06:00:00,1.2,1.3,4.8,1.2,1.2,91.0,3.2,4.0,354.0,352.0,1002.4,5.0,0.0,0.0,90.0
2025-05-26 07:00:00,1.1,1.3,,1.0,,90.0,3.2,3.9,336.0,330.0,1002.6,22.0,0.0,,60.0
2025-05-26 08:00:00,1.4,1.7,,1.1,,90.0,3.8,4.8,341.0,342.0,1002.8,128.0,0.0,,90.0
2025-05-26 09:00:00,1.8,2.0,,1.6,,89.0,3.6,4.6,4.0,358.0,1003.2,131.0,0.0,,90.0
2025-05-26 10:00:00,1.9,2.3,,1.6,,89.0,3.1,4.3,17.0,352.0,1003.4,151.0,0.0,,90.0
2025-05-26 11:00:00,2.6,3.6,,2.2,,85.0,2.1,3.0,24.0,8.0,1003.9,252.0,0.0,,90.0
2025-05-26 12:00:00,4.3,5.4,,3.5,,75.0,1.2,3.4,271.0,20.0,1004.4,520.0,0.0,,90.0
2025-05-26 13:00:00,4.5,5.3,,3.6,,75.0,2.8,4.8,206.0,178.0,1004.9,676.0,0.0,,90.0
2025-05-26 14:00:00,4.2,5.0,,3.1,,78.0,4.2,6.4,167.0,177.0,1005.3,644.0,0.0,,90.0
2025-05-26 15:00:00,3.1,4.0,,2.4,,84.0,5.6,8.0,163.0,167.0,1005.5,598.0,0.0,,90.0
2025-05-26 16:00:00,2.8,3.8,,2.2,,84.0,6.5,9.2,172.0,167.0,1006.0,580.0,0.0,,90.0
2025-05-26 17:00:00,2.7,3.4,,2.1,,86.0,6.2,9.0,161.0,171.0,1006.1,400.0,0.0,,60.0
2025-05-26 18:00:00,2.5,3.4,5.4,2.0,1.0,87.0,7.1,9.6,178.0,175.0,1006.5,404.0,0.0,,90.0
2025-05-26 19:00:00,2.5,3.4,,2.0,,87.0,7.9,10.9,183.0,172.0,1006.6,505.0,0.0,,90.0
2025-05-26 20:00:00,2.4,2.8,,2.1,,86.0,7.5,10.3,172.0,177.0,1006.9,301.0,0.0,,90.0
2025-05-26 21:00:00,1.9,2.3,,1.2,,89.0,6.6,9.4,183.0,180.0,1007.0,197.0,0.0,,90.0
2025-05-26 22:00:00,1.5,1.9,,1.2,,91.0,7.1,9.7,166.0,170.0,1007.1,110.0,0.0,,90.0
2025-05-26 23:00:00,1.2,1.4,,0.9,,93.0,7.8,10.7,162.0,166.0,1007.2,112.0,0.0,,90.0
2025-05-27 00:00:00,0.8,1.0,,0.6,,96.0,7.7,10.7,171.0,169.0,1007.1,51.0,0.0,,90.0
2025-05-27 01:00:00,0.7,0.9,,0.6,,94.0,6.7,9.2,166.0,171.0,1006.8,9.0,0.0,,90.0
2025-05-27 02:00:00,0.3,0.6,,0.1,,93.0,7.7,10.9,156.0,161.0,1005.8,2.0,0.0,,90.0
2025-05-27 03:00:00,0.1,0.2,,0.0,,95.0,6.7,10.0,166.0,164.0,1005.5,0.0,0.0,,90.0
2025-05-27 04:00:00,0.1,0.2,,0.1,,95.0,5.8,8.7,161.0,164.0,1005.2,0.0,0.0,,90.0
2025-05-27 05:00:00,0.1,0.2,,0.0,,96.0,5.1,7.8,171.0,167.0,1004.8,0.0,0.0,,100.0
2025-05-27 06:00:00,0.0,0.2,3.3,-0.1,-0.1,96.0,5.1,7.3,154.0,164.0,1004.3,1.0,0.0,0.0,100.0
2025-05-27 07:00:00,-0.1,0.0,,-0.2,,97.0,4.7,7.1,151.0,151.0,1003.7,7.0,0.0,,100.0
2025-05-27 08:00:00,-0.2,-0.1,,-0.3,,98.0,6.0,8.0,150.0,151.0,1003.1,12.0,0.0,,100.0
2025-05-27 09:00:00,0.0,0.1,,-0.2,,97.0,5.4,7.9,151.0,151.0,1002.5,66.0,0.0,,100.0
2025-05-27 10:00:00,0.1,0.3,,0.0,,96.0,5.0,6.9,158.0,152.0,1002.0,96.0,0.0,,100.0
2025-05-27 11:00:00,0.4,0.5,,0.2,,94.0,5.1,7.7,158.0,158.0,1001.5,133.0,0.0,,100.0
2025-05-27 12:00:00,0.6,0.7,,0.4,,92.0,6.2,8.8,158.0,153.0,1000.9,176.0,0.0,,100.0
2025-05-27 13:00:00,0.7,0.9,,0.5,,91.0,6.4,9.5,151.0,152.0,1000.4,170.0,0.0,,100.0
2025-05-27 14:00:00,0.7,0.9,,0.5,,93.0,6.4,9.0,143.0,147.0,1000.1,169.0,0.0,,100.0
2025-05-27 15:00:00,1.0,1.3,,0.6,,93.0,6.0,8.6,166.0,158.0,999.6,254.0,0.0,,90.0
2025-05-27 16:00:00,1.0,1.3,,0.8,,95.0,5.1,7.7,162.0,162.0,999.5,242.0,0.0,,90.0
2025-05-27 17:00:00,1.1,1.4,,0.9,,96.0,4.7,6.6,171.0,169.0,999.3,207.0,0.0,,100.0
2025-05-27 18:00:00,0.9,1.1,1.4,0.7,-0.3,97.0,4.9,6.9,171.0,170.0,999.0,192.0,0.0,,90.0
2025-05-27 19:00:00,0.9,1.2,,0.7,,97.0,5.2,7.1,166.0,163.0,999.0,193.0,0.2,,90.0
2025-05-27 20:00:00,0.9,1.1,,0.7,,98.0,4.2,6.8,157.0,162.0,999.0,164.0,0.0,,90.0
2025-05-27 21:00:00,1.1,1.6,,0.8,,96.0,2.1,3.6,166.0,144.0,998.9,130.0,0.2,,90.0
2025-05-27 22:00:00,1.7,2.1,,1.3,,92.0,1.7,3.7,23.0,111.0,999.0,110.0,0.0,,90.0
2025-05-27 23:00:00,1.4,1.6,,1.0,,97.0,1.5,3.0,12.0,20.0,999.1,73.0,0.0,,100.0
2025-05-28 00:00:00,1.2,1.4,,1.0,,96.0,2.7,3.7,10.0,17.0,999.3,24.0,0.0,,100.0
2025-05-28 01:00:00,1.0,1.2,,0.7,,97.0,3.4,4.3,,4.0,999.6,11.0,0.0,,100.0
2025-05-28 02:00:00,0.7,0.8,,0.6,,99.0,3.6,4.9,17.0,9.0,999.6,1.0,0.0,,
2025-05-28 03:00:00,0.7,0.8,,0.6,,99.0,4.3,6.0,7.0,4.0,999.5,0.0,0.0,,90.0
2025-05-28 04:00:00,0.8,0.9,,0.8,,99.0,5.6,7.7,354.0,351.0,999.4,0.0,0.0,,90.0
2025-05-28 05:00:00,1.0,1.1,,0.9,,98.0,6.0,7.8,354.0,354.0,999.6,0.0,0.0,,90.0
2025-05-28 06:00:00,1.2,1.3,2.1,1.1,0.6,97.0,5.9,7.8,1.0,359.0,999.9,3.0,0.0,0.4,90.0
2025-05-28 07:00:00,1.4,1.6,,1.3,,96.0,5.3,7.3,3.0,359.0,1000.2,11.0,0.0,,90.0
2025-05-28 08:00:00,1.5,1.6,,1.5,,96.0,4.4,6.6,353.0,349.0,1000.5,23.0,0.0,,100.0
2025-05-28 09:00:00,1.7,1.8,,1.6,,95.0,4.4,7.3,3.0,352.0,1000.8,56.0,0.0,,100.0
2025-05-28 10:00:00,2.0,2.2,,1.6,,94.0,3.8,5.3,346.0,357.0,1001.1,112.0,0.0,,100.0
2025-05-28 11:00:00,2.0,2.3,,1.7,,94.0,3.7,5.4,342.0,334.0,1001.4,113.0,0.0,,100.0
2025-05-28 12:00:00,2.1,2.5,,1.7,,94.0,2.4,4.2,28.0,7.0,1001.5,188.0,0.0,,100.0
2025-05-28 13:00:00,2.5,2.9,,2.2,,91.0,1.9,3.2,320.0,351.0,1001.5,233.0,0.0,,100.0
2025-05-28 14:00:00,2.1,2.4,,1.3,,93.0,3.0,5.9,272.0,277.0,1001.6,239.0,0.0,,100.0
2025-05-28 15:00:00,1.0,1.3,,0.7,,97.0,4.4,5.9,272.0,272.0,1001.5,241.0,0.0,,
2025-05-28 16:00:00,0.7,0.9,,0.6,,96.0,4.0,5.6,270.0,271.0,1001.3,244.0,0.0,,
2025-05-28 17:00:00,0.7,1.0,,0.4,,95.0,3.9,5.6,274.0,271.0,1001.3,231.0,0.0,,90.0
2025-05-28 18:00:00,0.8,1.1,2.9,0.7,0.4,94.0,3.8,5.2,270.0,272.0,1001.3,231.0,0.0,,100.0
2025-05-28 19:00:00,1.1,1.3,,0.8,,93.0,3.2,4.4,268.0,269.0,1001.2,221.0,0.0,,100.0
2025-05-28 20:00:00,0.9,1.3,,0.7,,94.0,3.0,4.3,266.0,265.0,1001.2,169.0,0.0,,100.0
2025-05-28 21:00:00,0.7,0.8,,0.6,,94.0,2.8,4.3,264.0,262.0,1001.0,130.0,0.0,,100.0
2025-05-28 22:00:00,0.6,0.8,,0.5,,95.0,1.8,2.9,251.0,261.0,1000.9,81.0,0.0,,100.0
2025-05-28 23:00:00,0.7,0.8,,0.5,,96.0,1.9,3.6,250.0,236.0,1000.9,41.0,0.0,,90.0
2025-05-29 00:00:00,0.3,0.6,,0.2,,98.0,2.1,4.1,223.0,254.0,1001.0,17.0,0.0,,
2025-05-29 01:00:00,0.2,0.4,,0.1,,99.0,1.6,3.1,270.0,267.0,1001.1,5.0,0.0,,
2025-05-29 02:00:00,0.1,0.4,,0.0,,99.0,0.7,3.2,15.0,286.0,1001.0,1.0,0.0,,
2025-05-29 03:00:00,0.0,0.2,,-0.1,,99.0,1.0,2.4,275.0,277.0,1001.0,0.0,0.0,,100.0
2025-05-29 04:00:00,0.1,0.2,,0.0,,99.0,1.3,2.8,261.0,256.0,1000.8,0.0,0.0,,90.0
2025-05-29 05:00:00,-0.1,0.0,,-0.1,,99.0,1.4,2.4,267.0,261.0,1000.6,0.0,0.0,,
2025-05-29 06:00:00,-0.1,0.0,1.3,-0.2,-0.2,99.0,1.2,2.5,248.0,261.0,1000.7,1.0,0.0,0.0,
2025-05-29 07:00:00,-0.2,0.0,,-0.3,,100.0,1.1,2.8,146.0,187.0,1000.8,5.0,0.0,,100.0
2025-05-29 08:00:00,-0.3,-0.1,,-0.5,,100.0,1.4,2.7,158.0,169.0,1000.8,12.0,0.0,,
2025-05-29 09:00:00,-0.6,-0.4,,-0.8,,100.0,1.5,3.1,167.0,150.0,1001.0,45.0,0.0,,100.0
2025-05-29 10:00:00,-0.4,0.0,,-0.7,,100.0,0.7,2.3,305.0,193.0,1001.2,74.0,0.0,,100.0
2025-05-29 11:00:00,-0.3,0.0,,-0.5,,99.0,1.2,2.5,236.0,262.0,1001.3,142.0,0.0,,100.0
2025-05-29 12:00:00,-0.2,0.1,,-0.4,,99.0,1.4,2.5,256.0,250.0,1001.3,170.0,0.0,,100.0
2025-05-29 13:00:00,0.0,0.3,,-0.2,,99.0,1.8,3.1,253.0,237.0,1001.6,225.0,0.0,,100.0
2025-05-29 14:00:00,0.2,1.0,,0.0,,97.0,2.1,4.2,228.0,224.0,1001.6,311.0,0.0,,100.0
2025-05-29 15:00:00,0.9,1.3,,0.2,,93.0,1.9,3.7,245.0,229.0,1001.7,394.0,0.0,,100.0
2025-05-29 16:00:00,0.9,1.4,,0.6,,93.0,2.6,4.4,227.0,221.0,1001.9,434.0,0.0,,100.0
2025-05-29 17:00:00,0.8,1.3,,0.4,,92.0,2.8,4.5,242.0,230.0,1002.2,482.0,0.0,,100.0
2025-05-29 18:00:00,1.0,1.8,1.8,0.4,-0.8,91.0,2.3,4.2,274.0,246.0,1002.5,486.0,0.0,,90.0
2025-05-29 19:00:00,2.2,2.8,,1.3,,83.0,1.5,3.0,262.0,264.0,1002.7,636.0,0.0,,90.0
2025-05-29 20:00:00,2.0,2.5,,1.6,,83.0,2.0,3.4,250.0,251.0,1003.1,542.0,0.0,,90.0
2025-05-29 21:00:00,2.2,2.6,,1.7,,83.0,1.9,3.2,260.0,252.0,1003.4,429.0,0.0,,90.0
2025-05-29 22:00:00,2.5,3.0,,2.1,,83.0,2.2,3.9,258.0,264.0,1003.9,306.0,0.0,,90.0
2025-05-29 23:00:00,2.2,2.4,,1.8,,86.0,2.7,4.3,271.0,265.0,1004.1,162.0,0.0,,90.0
2025-05-30 00:00:00,1.4,2.0,,0.7,,90.0,2.8,4.2,261.0,268.0,1004.6,79.0,0.0,,90.0
2025-05-30 01:00:00,0.2,0.7,,-0.4,,96.0,3.1,4.3,256.0,260.0,1005.1,32.0,0.0,,
2025-05-30 02:00:00,-0.8,-0.4,,-1.0,,99.0,2.1,3.2,245.0,253.0,1005.2,3.0,0.0,,
2025-05-30 03:00:00,-1.0,-0.8,,-1.2,,99.0,1.3,2.7,235.0,237.0,1005.6,0.0,0.0,,
2025-05-30 04:00:00,-1.1,-0.9,,-1.2,,100.0,0.8,2.7,250.0,240.0,1005.8,0.0,0.0,,
2025-05-30 05:00:00,-1.1,-0.8,,-1.3,,100.0,1.2,2.6,261.0,264.0,1006.1,0.0,0.0,,
2025-05-30 06:00:00,-1.3,-1.1,3.0,-1.4,-1.4,100.0,0.6,2.6,274.0,257.0,1006.5,2.0,0.0,0.0,
2025-05-30 07:00:00,-1.6,-1.3,,-1.8,,100.0,0.8,2.2,280.0,274.0,1006.9,12.0,0.0,,
2025-05-30 08:00:00,-1.7,-1.5,,-1.8,,100.0,0.8,2.0,254.0,225.0,1007.3,38.0,0.0,,
2025-05-30 09:00:00,-1.9,-1.6,,-2.1,,100.0,1.1,2.5,230.0,246.0,1007.7,79.0,0.0,,
2025-05-30 10:00:00,-2.1,-1.9,,-2.4,,99.0,1.4,2.5,246.0,221.0,1008.1,109.0,0.0,,
2025-05-30 11:00:00,-1.8,-1.6,,-2.0,,99.0,1.7,3.1,222.0,237.0,1008.8,177.0,0.0,,
2025-05-30 12:00:00,-1.5,-1.1,,-1.8,,99.0,1.5,3.0,238.0,240.0,1009.4,264.0,0.0,,100.0
2025-05-30 13:00:00,-1.2,-1.1,,-1.5,,98.0,1.5,2.6,274.0,257.0,1010.1,359.0,0.0,,
2025-05-30 14:00:00,-0.7,-0.2,,-1.3,,98.0,1.4,2.6,273.0,270.0,1010.4,653.0,0.0,,
2025-05-30 15:00:00,0.2,0.5,,-0.3,,97.0,1.8,3.3,225.0,250.0,1010.7,692.0,0.0,,60.0
2025-05-30 16:00:00,0.8,1.2,,0.4,,93.0,2.3,4.1,247.0,236.0,1010.7,784.0,0.0,,90.0
2025-05-30 17:00:00,1.4,1.9,,0.7,,90.0,2.8,4.7,238.0,246.0,1011.0,763.0,0.0,,60.0
2025-05-30 18:00:00,1.8,2.2,2.2,1.2,-2.4,88.0,2.6,4.1,230.0,237.0,1011.3,708.0,0.0,,90.0
2025-05-30 19:00:00,1.8,2.4,,1.4,,87.0,2.7,4.5,226.0,238.0,1011.6,566.0,0.0,,60.0
2025-05-30 20:00:00,1.5,1.9,,1.1,,89.0,2.4,4.2,257.0,243.0,1011.8,407.0,0.0,,90.0
2025-05-30 21:00:00,0.8,1.2,,0.4,,93.0,3.1,4.2,255.0,255.0,1012.2,243.0,0.0,,90.0
2025-05-30 22:00:00,0.3,0.7,,0.0,,94.0,2.4,4.1,276.0,264.0,1012.4,112.0,0.0,,90.0
2025-05-30 23:00:00,0.1,0.3,,0.0,,94.0,2.2,4.1,256.0,263.0,1012.7,68.0,0.0,,100.0
2025-05-31 00:00:00,0.1,0.3,,0.1,,95.0,2.4,3.6,267.0,260.0,1013.0,37.0,0.0,,90.0
2025-05-31 01:00:00,-0.1,0.2,,-0.3,,96.0,2.4,3.4,263.0,268.0,1013.2,14.0,0.0,,90.0
2025-05-31 02:00:00,-0.2,-0.1,,-0.4,,96.0,1.5,2.6,269.0,270.0,1013.2,4.0,0.0,,
2025-05-31 03:00:00,-0.4,-0.2,,-0.4,,98.0,1.8,2.6,274.0,273.0,1012.9,1.0,0.0,,90.0
2025-05-31 04:00:00,-0.2,0.1,,-0.3,,98.0,1.1,2.6,348.0,303.0,1012.8,0.0,0.0,,90.0
2025-05-31 05:00:00,-0.3,-0.1,,-0.6,,98.0,2.0,2.9,340.0,338.0,1012.6,1.0,0.0,,
2025-05-31 06:00:00,-1.0,-0.6,2.4,-1.3,-1.3,99.0,2.9,5.0,359.0,354.0,1012.4,4.0,0.0,0.0,
2025-05-31 07:00:00,-1.4,-1.2,,-1.5,,100.0,3.5,5.1,344.0,344.0,1012.2,27.0,0.0,,
2025-05-31 08:00:00,-1.3,-1.1,,-1.4,,100.0,4.2,5.9,353.0,350.0,1011.9,77.0,0.0,,
2025-05-31 09:00:00,-1.3,-1.0,,-1.5,,99.0,5.1,6.2,355.0,354.0,1011.8,113.0,0.0,,
2025-05-31 10:00:00,-1.1,-1.0,,-1.2,,100.0,4.6,5.9,335.0,345.0,1011.7,144.0,0.0,,
2025-05-31 11:00:00,-0.6,-0.2,,-1.0,,99.0,4.4,5.9,357.0,350.0,1011.5,298.0,0.0,,90.0
2025-05-31 12:00:00,-0.1,0.1,,-0.3,,99.0,5.5,6.7,352.0,356.0,1011.1,533.0,0.0,,10.0
2025-05-31 13:00:00,0.3,1.0,,-0.1,,97.0,5.7,7.4,357.0,356.0,1011.0,642.0,0.0,,10.0
2025-05-31 14:00:00,1.9,3.0,,0.5,,89.0,5.9,7.5,358.0,357.0,1010.6,715.0,0.0,,60.0
2025-05-31 15:00:00,4.0,4.9,,3.0,,76.0,6.3,7.7,358.0,359.0,1010.0,748.0,0.0,,90.0
2025-05-31 16:00:00,5.3,6.0,,4.4,,73.0,5.5,7.4,352.0,357.0,1009.4,772.0,0.0,,90.0
2025-05-31 17:00:00,6.0,6.6,,5.3,,74.0,4.8,6.4,347.0,349.0,1009.0,741.0,0.0,,60.0
2025-05-31 18:00:00,6.8,7.5,7.5,6.2,-1.5,70.0,4.2,5.8,339.0,348.0,1008.7,704.0,0.0,,90.0
2025-05-31 19:00:00,7.2,7.5,,6.8,,68.0,3.4,4.7,352.0,351.0,1008.4,633.0,0.0,,60.0
2025-05-31 20:00:00,6.9,7.3,,6.7,,68.0,3.3,4.9,354.0,354.0,1008.3,546.0,0.0,,90.0
2025-05-31 21:00:00,6.3,7.2,,5.6,,68.0,3.7,4.8,329.0,347.0,1007.9,453.0,0.0,,60.0
2025-05-31 22:00:00,4.7,5.8,,3.3,,76.0,3.0,4.4,280.0,298.0,1007.5,248.0,0.0,,60.0
2025-05-31 23:00:00,2.1,3.6,,1.3,,89.0,5.6,7.9,284.0,284.0,1007.1,179.0,0.0,,60.0
2025-06-01 00:00:00,0.9,1.7,,0.2,,95.0,5.6,7.8,284.0,285.0,1007.0,112.0,0.0,,
2025-06-01 01:00:00,0.2,0.4,,-0.2,,99.0,4.8,7.5,286.0,286.0,1006.8,50.0,0.0,,
2025-06-01 02:00:00,-0.3,0.0,,-0.5,,100.0,4.5,6.2,298.0,293.0,1006.3,6.0,0.0,,
2025-06-01 03:00:00,-0.5,-0.4,,-0.6,,100.0,5.0,6.8,293.0,291.0,1006.5,0.0,0.0,,
2025-06-01 04:00:00,-0.4,-0.3,,-0.5,,100.0,3.9,6.2,294.0,298.0,1006.3,0.0,0.0,,
2025-06-01 05:00:00,-0.6,-0.4,,-0.7,,100.0,2.8,5.5,310.0,293.0,1006.4,0.0,0.0,,
2025-06-01 06:00:00,-0.7,-0.5,7.5,-0.8,-0.8,100.0,2.2,4.2,273.0,282.0,1006.8,2.0,0.0,0.0,
2025-06-01 07:00:00,-0.5,-0.3,,-0.8,,100.0,0.9,2.9,189.0,236.0,1007.5,10.0,0.0,,
2025-06-01 08:00:00,-0.4,-0.2,,-0.6,,100.0,2.5,5.2,172.0,189.0,1007.9,28.0,0.0,,
2025-06-01 09:00:00,-0.5,-0.3,,-0.7,,100.0,3.7,5.8,171.0,182.0,1008.3,61.0,0.0,,100.0
2025-06-01 10:00:00,-0.7,-0.4,,-0.9,,100.0,5.1,7.4,170.0,160.0,1008.5,130.0,0.0,,100.0
2025-06-01 11:00:00,-0.4,-0.1,,-0.7,,99.0,5.7,7.9,172.0,165.0,1009.0,192.0,0.0,,100.0
2025-06-01 12:00:00,-0.1,0.3,,-0.2,,97.0,5.9,8.3,178.0,174.0,1009.3,259.0,0.0,,100.0
2025-06-01 13:00:00,0.4,0.8,,0.2,,94.0,5.4,8.3,177.0,175.0,1009.8,324.0,0.0,,100.0
2025-06-01 14:00:00,0.7,1.1,,0.4,,92.0,4.4,6.7,172.0,177.0,1010.0,364.0,0.0,,100.0
2025-06-01 15:00:00,1.2,1.9,,0.6,,89.0,3.9,6.1,172.0,177.0,1010.1,482.0,0.0,,100.0
2025-06-01 16:00:00,1.5,2.0,,1.0,,88.0,4.2,6.4,207.0,181.0,1010.4,535.0,0.0,,100.0
2025-06-01 17:00:00,1.0,1.4,,0.6,,90.0,3.9,5.8,226.0,216.0,1010.5,519.0,0.0,,100.0
2025-06-01 18:00:00,1.1,1.5,2.0,0.8,-0.9,90.0,3.5,5.6,224.0,221.0,1010.7,537.0,0.0,,90.0
2025-06-01 19:00:00,1.3,1.6,,1.0,,89.0,2.9,5.1,228.0,226.0,1010.6,570.0,0.0,,40.0
2025-06-01 20:00:00,1.1,1.6,,0.8,,90.0,2.5,4.3,230.0,224.0,1010.6,474.0,0.0,,40.0
2025-06-01 21:00:00,2.2,2.7,,1.3,,85.0,1.6,2.7,264.0,257.0,1010.4,402.0,0.0,,90.0
2025-06-01 22:00:00,1.9,2.4,,1.5,,87.0,1.5,3.0,264.0,261.0,1010.4,291.0,0.0,,60.0
2025-06-01 23:00:00,2.3,2.7,,1.8,,87.0,1.9,3.1,271.0,269.0,1010.3,153.0,0.0,,60.0
2025-06-02 00:00:00,1.7,2.7,,0.7,,92.0,1.7,2.9,247.0,243.0,1010.2,73.0,0.0,,
2025-06-02 01:00:00,0.0,0.7,,-0.5,,99.0,2.0,3.3,250.0,257.0,1010.1,18.0,0.0,,
2025-06-02 02:00:00,-0.3,0.0,,-0.7,,100.0,1.5,2.6,195.0,250.0,1009.7,3.0,0.0,,60.0
2025-06-02 03:00:00,-0.7,-0.4,,-0.9,,100.0,0.6,2.2,176.0,202.0,1009.0,0.0,0.0,,10.0
2025-06-02 04:00:00,-0.5,0.0,,-1.0,,100.0,1.7,3.9,356.0,42.0,1008.2,0.0,0.0,,60.0
2025-06-02 05:00:00,-0.3,0.3,,-0.8,,100.0,1.4,3.5,37.0,44.0,1007.5,0.0,0.0,,40.0
2025-06-02 06:00:00,0.1,0.9,2.7,-0.2,-1.0,100.0,3.4,6.5,358.0,348.0,1006.6,4.0,0.0,0.0,60.0
2025-06-02 07:00:00,0.8,1.3,,0.2,,97.0,3.0,5.8,134.0,56.0,1006.5,24.0,0.0,,40.0
2025-06-02 08:00:00,-0.2,0.5,,-1.1,,97.0,2.4,5.1,144.0,151.0,1006.7,64.0,0.0,,
2025-06-02 09:00:00,-1.6,-1.0,,-1.9,,99.0,4.8,6.5,148.0,149.0,1006.2,115.0,0.0,,
2025-06-02 10:00:00,-1.6,-1.3,,-1.9,,99.0,5.8,8.0,152.0,151.0,1006.1,180.0,0.0,,
2025-06-02 11:00:00,-1.4,-1.0,,-1.6,,99.0,6.3,8.4,157.0,157.0,1006.1,235.0,0.0,,
2025-06-02 12:00:00,-0.9,-0.3,,-1.2,,99.0,6.0,8.3,167.0,159.0,1005.5,328.0,0.0,,
2025-06-02 13:00:00,-0.3,0.1,,-0.7,,99.0,5.7,8.1,154.0,163.0,1005.5,416.0,0.0,,90.0
2025-06-02 14:00:00,0.1,0.4,,-0.2,,98.0,6.6,9.5,166.0,161.0,1005.6,458.0,0.0,,90.0
2025-06-02 15:00:00,0.4,0.7,,0.1,,97.0,8.4,13.6,161.0,164.0,1005.2,482.0,0.0,,100.0
2025-06-02 16:00:00,1.1,2.0,,0.5,,92.0,8.4,11.9,175.0,169.0,1004.9,579.0,0.0,,90.0
2025-06-02 17:00:00,2.0,2.8,,1.1,,86.0,7.3,10.3,179.0,173.0,1004.8,729.0,0.0,,60.0
2025-06-02 18:00:00,2.2,2.8,2.8,1.2,-1.9,86.0,6.3,8.3,178.0,177.0,1005.0,684.0,0.0,,40.0
2025-06-02 19:00:00,2.0,2.7,,1.6,,87.0,5.7,8.3,186.0,178.0,1005.7,570.0,0.0,,60.0
2025-06-02 20:00:00,1.4,1.9,,1.0,,89.0,5.5,8.0,185.0,181.0,1006.0,423.0,0.0,,90.0
2025-06-02 21:00:00,0.9,1.4,,0.3,,94.0,6.6,10.6,164.0,175.0,1006.1,250.0,0.0,,90.0
2025-06-02 22:00:00,0.5,0.8,,0.2,,97.0,7.9,10.9,166.0,165.0,1006.3,133.0,0.0,,100.0
2025-06-02 23:00:00,0.2,0.5,,0.0,,99.0,8.4,11.7,171.0,167.0,1006.7,86.0,0.0,,
2025-06-03 00:00:00,0.0,0.2,,-0.2,,100.0,5.4,8.7,154.0,165.0,1007.1,39.0,0.0,,
2025-06-03 01:00:00,-0.2,0.0,,-0.4,,100.0,3.5,5.6,162.0,153.0,1007.2,12.0,0.0,,
2025-06-03 02:00:00,-0.4,-0.2,,-0.5,,100.0,3.0,4.7,156.0,160.0,1007.2,2.0,0.0,,
2025-06-03 03:00:00,-0.5,-0.3,,-0.7,,100.0,2.7,4.2,154.0,157.0,1007.2,0.0,0.0,,
2025-06-03 04:00:00,-0.9,-0.7,,-1.0,,100.0,3.5,5.5,168.0,160.0,1007.3,0.0,0.0,,
2025-06-03 05:00:00,-0.9,-0.8,,-1.1,,100.0,4.3,6.9,157.0,159.0,1007.1,0.0,0.0,,
2025-06-03 06:00:00,-0.9,-0.8,2.6,-1.1,-1.1,100.0,4.9,7.0,163.0,160.0,1007.5,3.0,0.0,0.0,
2025-06-03 07:00:00,-0.8,-0.7,,-1.0,,100.0,3.9,5.6,165.0,163.0,1007.7,14.0,0.0,,
2025-06-03 08:00:00,-0.7,-0.6,,-0.9,,100.0,4.3,6.4,156.0,161.0,1008.0,31.0,0.0,,
2025-06-03 09:00:00,-0.8,-0.6,,-0.9,,100.0,5.0,7.1,152.0,151.0,1007.8,78.0,0.0,,
2025-06-03 10:00:00,-0.6,-0.4,,-0.8,,100.0,4.3,6.3,150.0,148.0,1007.9,135.0,0.0,,
2025-06-03 11:00:00,-0.4,-0.2,,-0.6,,100.0,4.5,6.5,155.0,153.0,1008.2,184.0,0.0,,
2025-06-03 12:00:00,-0.2,-0.1,,-0.4,,100.0,3.1,5.1,171.0,155.0,1008.2,265.0,0.0,,
2025-06-03 13:00:00,-0.1,0.0,,-0.2,,100.0,2.9,4.5,165.0,159.0,1007.9,330.0,0.0,,
2025-06-03 14:00:00,0.1,0.4,,-0.1,,100.0,2.5,4.8,181.0,174.0,1007.9,354.0,0.0,,
2025-06-03 15:00:00,0.3,0.8,,0.0,,99.0,3.0,5.1,168.0,173.0,1008.1,391.0,0.0,,90.0
2025-06-03 16:00:00,0.6,0.9,,0.3,,98.0,4.0,6.1,173.0,177.0,1008.3,406.0,0.0,,100.0
2025-06-03 17:00:00,1.0,1.7,,0.4,,95.0,3.8,5.9,192.0,176.0,1008.3,378.0,0.0,,100.0
2025-06-03 18:00:00,1.1,1.8,1.8,0.7,-1.0,94.0,3.4,5.5,210.0,203.0,1008.4,325.0,0.0,,90.0
2025-06-03 19:00:00,1.0,1.6,,0.5,,95.0,3.0,4.8,226.0,220.0,1008.6,292.0,0.0,,
2025-06-03 20:00:00,0.6,0.8,,0.4,,97.0,2.8,4.7,225.0,228.0,1008.7,188.0,0.0,,
2025-06-03 21:00:00,0.5,1.0,,0.2,,98.0,2.0,4.0,190.0,217.0,1008.8,153.0,0.0,,100.0
2025-06-03 22:00:00,0.6,1.0,,0.3,,98.0,2.6,5.0,179.0,188.0,1008.8,92.0,0.0,,100.0
2025-06-03 23:00:00,0.6,1.0,,0.3,,98.0,2.6,5.0,163.0,178.0,1009.1,51.0,0.0,,100.0
2025-06-04 00:00:00,0.4,0.7,,0.2,,98.0,1.8,3.9,172.0,166.0,1009.1,30.0,0.0,,
2025-06-04 01:00:00,0.1,0.3,,-0.1,,99.0,1.8,3.2,148.0,189.0,1009.5,8.0,0.0,,
2025-06-04 02:00:00,0.1,0.3,,-0.1,,100.0,2.7,4.9,171.0,160.0,1009.3,2.0,0.0,,100.0
2025-06-04 03:00:00,0.1,0.2,,-0.1,,99.0,3.1,5.4,187.0,174.0,1009.4,0.0,0.0,,100.0
2025-06-04 04:00:00,0.0,0.2,,-0.1,,98.0,2.8,5.0,174.0,170.0,1009.2,0.0,0.0,,100.0
2025-06-04 05:00:00,0.1,0.2,,0.0,,99.0,2.5,4.3,145.0,157.0,1009.1,0.0,0.0,,100.0
2025-06-04 06:00:00,0.0,0.1,1.6,0.0,-0.1,100.0,2.3,4.5,134.0,143.0,1009.3,2.0,0.0,0.0,100.0
2025-06-04 07:00:00,0.0,0.0,,-0.1,,100.0,2.0,3.7,106.0,106.0,1009.2,8.0,0.0,,100.0
2025-06-04 08:00:00,0.1,0.2,,0.0,,98.0,2.1,3.5,118.0,113.0,1009.0,23.0,0.0,,100.0
2025-06-04 09:00:00,0.1,0.3,,0.0,,98.0,2.7,4.0,150.0,128.0,1009.0,53.0,0.0,,100.0
2025-06-04 10:00:00,0.4,0.7,,0.3,,97.0,2.6,4.6,140.0,139.0,1008.8,80.0,0.0,,100.0
2025-06-04 11:00:00,0.8,0.9,,0.7,,96.0,3.6,5.8,154.0,149.0,1008.7,105.0,0.0,,100.0
2025-06-04 12:00:00,0.9,1.1,,0.8,,96.0,4.2,6.0,149.0,151.0,1008.5,158.0,0.0,,100.0
2025-06-04 13:00:00,1.1,1.5,,0.8,,97.0,4.8,7.1,154.0,150.0,1008.3,249.0,0.0,,100.0
2025-06-04 14:00:00,1.5,1.9,,1.2,,94.0,5.0,7.7,149.0,148.0,1008.4,265.0,0.0,,100.0
2025-06-04 15:00:00,2.1,2.6,,1.8,,90.0,6.2,9.0,168.0,157.0,1008.5,230.0,0.0,,100.0
2025-06-04 16:00:00,2.2,2.4,,2.0,,87.0,7.9,11.2,166.0,167.0,1008.4,232.0,0.0,,100.0
2025-06-04 17:00:00,2.3,2.6,,2.1,,86.0,7.2,10.9,151.0,153.0,1008.2,265.0,0.0,,100.0
2025-06-04 18:00:00,2.5,2.7,2.7,2.1,-0.1,86.0,7.7,12.1,153.0,155.0,1008.1,235.0,0.0,,100.0
2025-06-04 19:00:00,2.2,2.6,,1.9,,90.0,6.2,9.9,150.0,153.0,1007.7,187.0,0.0,,100.0
2025-06-04 20:00:00,2.2,2.6,,1.9,,90.0,6.2,11.3,138.0,137.0,1007.4,91.0,0.0,,100.0
2025-06-04 21:00:00,2.3,2.4,,2.1,,87.0,7.0,11.5,149.0,146.0,1007.1,70.0,0.0,,100.0
2025-06-04 22:00:00,2.3,2.4,,2.1,,86.0,8.3,12.4,148.0,151.0,1007.0,52.0,0.0,,100.0
2025-06-04 23:00:00,1.9,2.1,,1.7,,89.0,6.8,10.2,147.0,146.0,1006.9,32.0,0.0,,100.0
2025-06-05 00:00:00,1.7,1.8,,1.6,,92.0,5.9,9.1,152.0,149.0,1006.7,24.0,0.0,,100.0
2025-06-05 01:00:00,1.7,1.8,,1.6,,93.0,5.5,8.2,166.0,161.0,1006.7,7.0,0.0,,90.0
2025-06-05 02:00:00,1.6,1.7,,1.5,,94.0,3.7,5.7,137.0,156.0,1006.6,1.0,0.0,,90.0
2025-06-05 03:00:00,1.4,1.5,,1.3,,96.0,5.4,8.1,147.0,148.0,1006.2,0.0,0.0,,90.0
2025-06-05 04:00:00,1.3,1.4,,1.1,,96.0,6.2,9.4,146.0,147.0,1005.6,0.0,0.0,,90.0
2025-06-05 05:00:00,1.0,1.1,,0.9,,99.0,5.7,8.9,137.0,135.0,1005.2,0.0,0.0,,90.0
2025-06-05 06:00:00,0.9,1.0,2.6,0.8,0.8,99.0,5.3,8.1,150.0,141.0,1004.9,2.0,0.0,0.0,90.0
2025-06-05 07:00:00,0.8,1.1,,0.5,,99.0,5.4,7.7,152.0,153.0,1004.7,14.0,0.4,,90.0
2025-06-05 08:00:00,0.6,0.7,,0.5,,99.0,4.1,6.5,151.0,153.0,1004.5,49.0,0.3,,90.0
2025-06-05 09:00:00,0.9,1.1,,0.6,,98.0,3.8,5.8,169.0,161.0,1004.2,89.0,0.0,,90.0
2025-06-05 10:00:00,1.0,1.2,,0.8,,98.0,3.0,5.1,155.0,160.0,1004.2,146.0,0.0,,90.0
2025-06-05 11:00:00,1.3,1.6,,1.1,,97.0,2.8,4.3,157.0,165.0,1004.1,161.0,0.0,,90.0
2025-06-05 12:00:00,1.6,2.0,,1.3,,98.0,2.3,3.8,188.0,179.0,1004.1,231.0,0.0,,90.0
2025-06-05 13:00:00,1.4,1.9,,1.1,,98.0,2.8,4.1,215.0,211.0,1004.2,239.0,0.0,,90.0
2025-06-05 14:00:00,1.7,2.5,,1.1,,97.0,2.2,3.5,209.0,211.0,1004.2,418.0,0.0,,90.0
2025-06-05 15:00:00,2.6,3.5,,2.1,,93.0,2.0,3.6,264.0,223.0,1004.1,579.0,0.0,,90.0
2025-06-05 16:00:00,2.9,3.7,,2.3,,90.0,2.1,4.0,210.0,217.0,1004.2,544.0,0.0,,40.0
2025-06-05 17:00:00,3.2,3.8,,2.2,,88.0,2.7,4.2,209.0,206.0,1004.3,521.0,0.0,,60.0
2025-06-05 18:00:00,2.4,3.0,3.8,2.1,0.5,91.0,2.8,4.2,184.0,206.0,1004.5,250.0,0.0,,90.0
2025-06-05 19:00:00,2.4,2.9,,1.8,,91.0,2.6,4.2,197.0,198.0,1004.8,261.0,0.0,,90.0
2025-06-05 20:00:00,2.3,2.5,,2.0,,91.0,2.6,4.4,205.0,202.0,1005.3,171.0,0.0,,90.0
2025-06-05 21:00:00,2.3,2.9,,1.9,,90.0,2.2,3.6,193.0,197.0,1005.4,173.0,0.0,,90.0
2025-06-05 22:00:00,2.1,2.7,,1.7,,89.0,2.8,4.3,201.0,201.0,1005.6,206.0,0.0,,60.0
2025-06-05 23:00:00,2.6,3.1,,2.2,,84.0,2.1,3.7,184.0,181.0,1006.0,217.0,0.0,,60.0
2025-06-06 00:00:00,1.5,2.2,,1.2,,91.0,3.2,5.0,197.0,198.0,1006.3,50.0,0.0,,90.0
2025-06-06 01:00:00,1.2,1.4,,1.1,,94.0,2.9,4.4,188.0,198.0,1006.6,20.0,0.0,,90.0
2025-06-06 02:00:00,1.3,1.4,,1.2,,93.0,3.4,5.4,171.0,176.0,1006.6,5.0,0.0,,90.0
2025-06-06 03:00:00,1.3,1.4,,1.2,,92.0,4.2,5.9,158.0,172.0,1006.6,1.0,0.0,,90.0
2025-06-06 04:00:00,1.2,1.3,,1.0,,93.0,4.2,6.2,164.0,156.0,1006.6,0.0,0.0,,90.0
2025-06-06 05:00:00,1.2,1.3,,1.1,,95.0,4.6,6.5,148.0,154.0,1006.6,0.0,0.0,,90.0
2025-06-06 06:00:00,1.4,1.6,3.1,1.1,1.0,93.0,5.0,6.8,158.0,151.0,1006.5,3.0,0.0,0.7,
2025-06-06 07:00:00,1.3,1.5,,1.2,,94.0,5.6,7.8,168.0,165.0,1006.7,10.0,0.0,,
2025-06-06 08:00:00,1.3,1.4,,1.2,,95.0,6.0,7.8,155.0,158.0,1007.0,29.0,0.0,,100.0
2025-06-06 09:00:00,1.5,1.6,,1.3,,96.0,6.4,8.3,151.0,152.0,1007.3,66.0,0.0,,100.0
2025-06-06 10:00:00,1.8,2.1,,1.6,,92.0,5.5,8.3,158.0,153.0,1007.6,116.0,0.0,,90.0
2025-06-06 11:00:00,1.9,2.1,,1.6,,93.0,5.9,8.6,156.0,159.0,1007.8,129.0,0.0,,90.0
2025-06-06 12:00:00,2.0,2.4,,1.7,,93.0,6.2,9.5,152.0,151.0,1007.7,216.0,0.0,,90.0
2025-06-06 13:00:00,2.5,2.8,,2.2,,90.0,6.5,9.3,171.0,158.0,1008.0,267.0,0.0,,90.0
2025-06-06 14:00:00,2.7,3.1,,2.3,,90.0,6.4,9.2,157.0,167.0,1008.3,288.0,0.0,,100.0
2025-06-06 15:00:00,2.8,3.2,,2.5,,89.0,5.9,8.9,152.0,158.0,1008.4,266.0,0.0,,100.0
2025-06-06 16:00:00,2.7,3.1,,2.4,,90.0,7.2,9.7,145.0,148.0,1008.3,363.0,0.0,,100.0
2025-06-06 17:00:00,2.7,3.1,,2.5,,91.0,6.5,10.1,155.0,154.0,1008.3,311.0,0.0,,90.0
2025-06-06 18:00:00,3.1,3.5,3.5,2.7,1.2,88.0,6.9,10.1,156.0,154.0,1008.4,352.0,0.0,,100.0
2025-06-06 19:00:00,2.8,3.1,,2.4,,90.0,6.3,9.7,161.0,156.0,1008.9,187.0,0.0,,100.0
2025-06-06 20:00:00,2.4,2.7,,2.2,,95.0,5.4,8.3,170.0,166.0,1008.9,106.0,0.0,,90.0
2025-06-06 21:00:00,2.1,2.3,,1.9,,97.0,4.8,6.6,161.0,169.0,1009.0,46.0,0.0,,100.0
2025-06-06 22:00:00,2.0,2.1,,1.9,,98.0,4.2,6.0,171.0,162.0,1008.8,28.0,0.2,,100.0
2025-06-06 23:00:00,1.8,2.0,,1.8,,98.0,2.8,5.0,151.0,159.0,1008.9,18.0,0.0,,90.0
2025-06-07 00:00:00,1.9,2.1,,1.8,,97.0,2.6,4.1,144.0,150.0,1009.0,7.0,0.0,,100.0
2025-06-07 01:00:00,2.1,2.1,,2.0,,97.0,1.7,3.0,152.0,150.0,1009.1,3.0,0.0,,100.0
2025-06-07 02:00:00,2.2,2.3,,2.1,,96.0,1.2,2.2,164.0,156.0,1008.9,1.0,0.0,,100.0
2025-06-07 03:00:00,1.9,2.2,,1.7,,98.0,0.4,1.3,292.0,269.0,1008.7,0.0,0.0,,90.0
2025-06-07 04:00:00,1.7,1.8,,1.7,,99.0,0.8,1.3,306.0,302.0,1008.6,0.0,0.3,,60.0
2025-06-07 05:00:00,1.9,1.9,,1.8,,99.0,0.8,1.5,267.0,281.0,1008.4,0.0,0.1,,90.0
2025-06-07 06:00:00,1.8,2.0,3.1,1.8,1.7,100.0,0.6,1.5,0.0,307.0,1008.4,1.0,0.0,0.6,100.0
2025-06-07 07:00:00,2.0,2.1,,1.9,,98.0,0.6,1.1,0.0,311.0,1008.4,7.0,0.0,,100.0
2025-06-07 08:00:00,2.1,2.3,,2.0,,98.0,0.8,1.5,344.0,334.0,1008.5,15.0,0.0,,100.0
2025-06-07 09:00:00,2.1,2.2,,2.0,,98.0,1.4,2.1,349.0,346.0,1008.7,30.0,0.0,,100.0
2025-06-07 10:00:00,2.2,2.4,,2.0,,98.0,1.6,2.4,4.0,2.0,1008.8,55.0,0.0,,100.0
2025-06-07 11:00:00,2.4,2.7,,2.3,,97.0,2.0,2.4,356.0,358.0,1009.2,120.0,0.0,,90.0
2025-06-07 12:00:00,2.9,3.1,,2.6,,95.0,2.4,3.4,352.0,353.0,1009.5,173.0,0.0,,100.0
2025-06-07 13:00:00,3.3,3.4,,3.0,,94.0,1.8,2.6,346.0,343.0,1009.9,152.0,0.0,,100.0
2025-06-07 14:00:00,3.7,4.2,,3.3,,93.0,1.3,2.1,301.0,336.0,1010.2,195.0,0.0,,100.0
2025-06-07 15:00:00,3.6,3.9,,3.3,,93.0,1.6,2.7,258.0,264.0,1010.5,254.0,0.0,,100.0
2025-06-07 16:00:00,3.9,4.1,,3.7,,93.0,2.2,3.6,261.0,262.0,1010.7,228.0,0.0,,100.0
2025-06-07 17:00:00,4.0,4.1,,3.9,,91.0,2.1,3.6,264.0,264.0,1011.1,170.0,0.0,,100.0
2025-06-07 18:00:00,4.0,4.2,4.2,3.9,1.9,90.0,2.2,3.6,261.0,260.0,1011.3,196.0,0.0,,100.0
2025-06-07 19:00:00,4.4,4.7,,4.1,,88.0,1.7,3.4,257.0,255.0,1011.5,217.0,0.0,,100.0
2025-06-07 20:00:00,4.0,4.3,,3.4,,89.0,1.9,3.6,241.0,254.0,1011.9,130.0,0.0,,100.0
2025-06-07 21:00:00,3.6,3.8,,3.4,,91.0,1.9,3.4,264.0,260.0,1012.2,70.0,0.0,,100.0
2025-06-07 22:00:00,3.3,3.5,,3.1,,92.0,2.0,3.2,254.0,259.0,1012.5,47.0,0.0,,100.0
2025-06-07 23:00:00,2.8,3.2,,2.6,,95.0,2.2,3.5,252.0,259.0,1012.9,29.0,0.0,,100.0
2025-06-08 00:00:00,2.5,2.6,,2.4,,97.0,1.4,2.4,269.0,266.0,1013.2,13.0,0.0,,100.0
2025-06-08 01:00:00,2.3,2.4,,2.3,,98.0,1.3,2.2,219.0,258.0,1013.4,4.0,0.0,,100.0
2025-06-08 02:00:00,2.2,2.3,,2.1,,98.0,1.4,2.3,239.0,235.0,1013.7,1.0,0.0,,100.0
2025-06-08 03:00:00,2.0,2.1,,1.9,,99.0,1.3,2.2,228.0,253.0,1013.8,0.0,0.0,,90.0
2025-06-08 04:00:00,1.8,1.9,,1.8,,99.0,1.0,2.2,207.0,238.0,1013.7,0.0,0.0,,90.0
2025-06-08 05:00:00,1.7,1.8,,1.7,,100.0,0.9,1.5,240.0,249.0,1013.6,0.0,0.0,,100.0
2025-06-08 06:00:00,1.7,1.8,4.7,1.7,1.7,99.0,1.1,1.9,210.0,226.0,1013.6,1.0,0.0,0.0,100.0
2025-06-08 07:00:00,1.7,1.8,,1.6,,99.0,1.3,1.9,216.0,217.0,1013.8,4.0,0.0,,100.0
2025-06-08 08:00:00,1.8,1.9,,1.7,,98.0,1.4,1.9,171.0,190.0,1014.0,12.0,0.0,,100.0
2025-06-08 09:00:00,1.7,1.9,,1.6,,98.0,1.6,2.4,177.0,167.0,1014.1,22.0,0.0,,
2025-06-08 10:00:00,1.7,1.9,,1.6,,100.0,0.8,2.4,0.0,214.0,1014.0,50.0,0.0,,90.0
2025-06-08 11:00:00,1.8,2.1,,1.6,,100.0,0.7,1.5,302.0,288.0,1014.1,118.0,0.0,,100.0
2025-06-08 12:00:00,2.4,2.9,,2.0,,96.0,1.5,2.7,358.0,328.0,1013.9,206.0,0.0,,100.0
2025-06-08 13:00:00,3.1,3.9,,2.8,,90.0,1.2,2.3,339.0,357.0,1013.8,297.0,0.0,,90.0
2025-06-08 14:00:00,4.0,4.5,,3.6,,86.0,1.3,2.7,268.0,278.0,1013.7,594.0,0.0,,10.0
2025-06-08 15:00:00,4.2,4.5,,3.8,,86.0,1.7,3.6,254.0,260.0,1013.5,512.0,0.0,,90.0
2025-06-08 16:00:00,4.7,5.3,,4.2,,84.0,3.2,5.0,221.0,220.0,1013.4,473.0,0.0,,90.0
2025-06-08 17:00:00,4.6,5.1,,4.3,,85.0,2.4,4.3,259.0,242.0,1013.3,324.0,0.0,,100.0
2025-06-08 18:00:00,5.0,5.4,5.4,4.6,1.6,83.0,2.6,4.2,273.0,264.0,1013.0,380.0,0.0,,100.0
2025-06-08 19:00:00,5.3,5.8,,4.8,,82.0,3.1,4.6,310.0,290.0,1012.8,456.0,0.0,,60.0
2025-06-08 20:00:00,5.8,6.1,,5.5,,80.0,2.9,4.6,305.0,313.0,1012.7,342.0,0.0,,90.0
2025-06-08 21:00:00,5.3,5.8,,4.8,,81.0,3.3,5.0,276.0,288.0,1012.6,238.0,0.0,,100.0
2025-06-08 22:00:00,4.4,4.8,,4.2,,85.0,3.8,6.2,271.0,272.0,1012.3,205.0,0.0,,90.0
2025-06-08 23:00:00,4.0,4.3,,3.6,,88.0,2.7,4.5,277.0,271.0,1012.2,147.0,0.0,,40.0
2025-06-09 00:00:00,3.4,3.7,,2.9,,91.0,1.9,3.4,271.0,272.0,1012.0,68.0,0.0,,60.0
2025-06-09 01:00:00,2.1,2.9,,1.2,,96.0,3.2,4.8,280.0,278.0,1011.7,27.0,0.0,,
2025-06-09 02:00:00,1.2,1.3,,1.0,,100.0,2.7,4.1,304.0,296.0,1011.8,5.0,0.0,,90.0
2025-06-09 03:00:00,0.9,1.1,,0.8,,100.0,2.3,3.4,352.0,315.0,1011.2,1.0,0.0,,90.0
2025-06-09 04:00:00,0.7,0.9,,0.4,,100.0,2.1,3.0,355.0,353.0,1010.8,1.0,0.0,,
2025-06-09 05:00:00,0.3,0.4,,0.2,,100.0,1.8,2.9,340.0,347.0,1010.6,1.0,0.0,,
2025-06-09 06:00:00,0.1,0.3,6.1,-0.1,-0.1,100.0,2.5,4.0,350.0,350.0,1010.0,4.0,0.0,0.0,
2025-06-09 07:00:00,-0.3,-0.1,,-0.4,,100.0,4.0,5.9,333.0,344.0,1009.9,17.0,0.0,,
2025-06-09 08:00:00,-0.1,0.0,,-0.3,,100.0,3.4,4.8,340.0,329.0,1009.6,54.0,0.0,,
2025-06-09 09:00:00,-0.3,-0.1,,-0.4,,100.0,3.9,6.9,355.0,345.0,1008.7,94.0,0.0,,
2025-06-09 10:00:00,0.0,0.6,,-0.4,,100.0,4.5,6.4,4.0,2.0,1008.4,208.0,0.0,,
2025-06-09 11:00:00,0.7,1.1,,0.3,,100.0,4.8,6.9,,356.0,1008.3,303.0,0.0,,
2025-06-09 12:00:00,1.6,2.3,,0.9,,99.0,4.3,6.3,344.0,358.0,1008.5,462.0,0.0,,60.0
2025-06-09 13:00:00,3.0,4.9,,1.7,,92.0,4.0,6.0,1.0,355.0,1007.9,491.0,0.0,,40.0
2025-06-09 14:00:00,5.4,5.8,,4.8,,81.0,4.6,6.5,343.0,354.0,1007.5,598.0,0.0,,60.0
2025-06-09 15:00:00,6.4,7.9,,4.7,,75.0,4.6,6.4,357.0,356.0,1007.1,669.0,0.0,,60.0
2025-06-09 16:00:00,7.9,9.0,,7.4,,68.0,4.3,5.8,357.0,354.0,1006.7,619.0,0.0,,40.0
2025-06-09 17:00:00,8.7,9.1,,8.4,,69.0,3.5,4.6,346.0,352.0,1006.4,515.0,0.0,,10.0
2025-06-09 18:00:00,8.6,9.3,9.3,7.9,-0.4,68.0,3.1,5.3,306.0,316.0,1006.4,513.0,0.0,,10.0
2025-06-09 19:00:00,7.6,8.3,,7.2,,70.0,4.7,6.9,316.0,315.0,1006.2,508.0,0.0,,10.0
2025-06-09 20:00:00,7.2,7.8,,6.6,,71.0,3.5,5.2,309.0,322.0,1006.3,306.0,0.0,,10.0
2025-06-09 21:00:00,6.6,7.5,,6.1,,71.0,4.0,7.2,358.0,344.0,1006.3,223.0,0.0,,40.0
2025-06-09 22:00:00,6.1,6.6,,5.1,,71.0,5.9,8.5,329.0,342.0,1006.4,154.0,0.0,,10.0
2025-06-09 23:00:00,4.8,5.4,,4.2,,78.0,3.8,5.7,309.0,315.0,1006.4,108.0,0.0,,60.0
2025-06-10 00:00:00,3.6,5.0,,2.3,,84.0,4.3,7.3,289.0,311.0,1007.0,56.0,0.0,,60.0
2025-06-10 01:00:00,1.9,2.3,,1.4,,94.0,4.2,6.0,296.0,299.0,1007.4,28.0,0.0,,60.0
2025-06-10 02:00:00,1.0,1.4,,0.9,,98.0,5.4,8.4,298.0,299.0,1007.6,5.0,0.0,,90.0
2025-06-10 03:00:00,0.8,1.0,,0.5,,100.0,5.8,7.9,317.0,313.0,1007.6,1.0,0.0,,90.0
2025-06-10 04:00:00,0.7,0.8,,0.5,,100.0,4.2,6.4,330.0,334.0,1007.8,0.0,0.0,,
2025-06-10 05:00:00,0.6,0.8,,0.4,,100.0,4.2,6.5,345.0,327.0,1008.0,1.0,0.0,,
2025-06-10 06:00:00,0.3,0.4,8.3,0.1,0.1,100.0,4.5,6.8,335.0,333.0,1008.3,3.0,0.0,0.0,
2025-06-10 07:00:00,0.1,0.2,,-0.2,,100.0,4.9,7.5,302.0,322.0,1009.0,13.0,0.0,,
2025-06-10 08:00:00,-0.1,0.1,,-0.2,,100.0,4.7,7.5,304.0,302.0,1009.7,32.0,0.0,,
2025-06-10 09:00:00,0.0,0.2,,-0.2,,100.0,3.1,5.3,304.0,321.0,1010.5,70.0,0.0,,
2025-06-10 10:00:00,0.0,0.3,,-0.2,,100.0,2.7,4.8,287.0,303.0,1010.9,117.0,0.0,,
2025-06-10 11:00:00,0.1,0.3,,-0.1,,100.0,1.5,3.1,277.0,293.0,1011.3,159.0,0.0,,
2025-06-10 12:00:00,0.4,0.8,,0.1,,100.0,1.3,3.5,241.0,243.0,1011.7,230.0,0.0,,
2025-06-10 13:00:00,0.6,0.9,,0.4,,100.0,1.8,3.5,249.0,229.0,1012.2,298.0,0.0,,90.0
2025-06-10 14:00:00,0.9,1.4,,0.5,,99.0,2.2,4.9,202.0,202.0,1012.8,290.0,0.0,,90.0
2025-06-10 15:00:00,1.3,2.0,,0.7,,95.0,3.0,5.3,194.0,178.0,1013.0,342.0,0.0,,90.0
2025-06-10 16:00:00,1.2,1.8,,0.8,,93.0,3.2,5.4,175.0,188.0,1013.2,346.0,0.0,,90.0
2025-06-10 17:00:00,1.1,1.5,,0.6,,94.0,4.0,6.1,194.0,185.0,1013.9,307.0,0.0,,90.0
2025-06-10 18:00:00,1.7,2.2,2.2,1.0,-0.2,91.0,4.3,6.4,186.0,179.0,1014.2,421.0,0.0,,90.0
2025-06-10 19:00:00,1.8,2.4,,1.5,,91.0,4.0,6.4,189.0,191.0,1014.4,288.0,0.0,,90.0
2025-06-10 20:00:00,1.8,2.2,,1.5,,91.0,4.0,6.2,202.0,198.0,1015.0,227.0,0.0,,90.0
2025-06-10 21:00:00,1.4,1.8,,1.1,,93.0,3.9,6.0,209.0,199.0,1015.5,137.0,0.0,,90.0
2025-06-10 22:00:00,1.1,1.3,,0.8,,95.0,3.6,6.1,193.0,206.0,1015.1,92.0,0.0,,90.0
2025-06-10 23:00:00,1.0,1.2,,0.7,,95.0,4.1,6.7,194.0,189.0,1015.6,61.0,0.0,,90.0
2025-06-11 00:00:00,0.8,1.1,,0.5,,96.0,4.6,7.4,192.0,188.0,1015.8,42.0,0.0,,90.0
2025-06-11 01:00:00,0.4,0.6,,0.3,,99.0,4.8,7.8,185.0,187.0,1015.9,10.0,0.0,,
2025-06-11 02:00:00,0.3,0.4,,0.2,,100.0,5.6,8.1,171.0,180.0,1016.0,3.0,0.0,,
2025-06-11 03:00:00,0.4,0.5,,0.2,,100.0,5.4,8.2,183.0,176.0,1016.2,1.0,0.0,,
2025-06-11 04:00:00,0.2,0.4,,0.1,,100.0,5.4,8.2,174.0,181.0,1016.2,0.0,0.0,,
2025-06-11 05:00:00,0.3,0.5,,0.2,,100.0,5.8,8.6,164.0,167.0,1016.0,1.0,0.0,,
2025-06-11 06:00:00,0.5,0.6,2.4,0.4,0.1,100.0,5.6,8.7,162.0,161.0,1015.9,3.0,0.0,0.0,
2025-06-11 07:00:00,0.6,0.6,,0.5,,100.0,4.2,7.4,152.0,160.0,1015.4,10.0,0.0,,
2025-06-11 08:00:00,0.6,0.7,,0.5,,100.0,3.8,6.2,159.0,158.0,1015.3,21.0,0.0,,
2025-06-11 09:00:00,0.6,0.8,,0.5,,100.0,3.3,5.4,148.0,147.0,1015.0,40.0,0.0,,
2025-06-11 10:00:00,0.8,0.9,,0.6,,100.0,2.1,4.3,160.0,144.0,1014.5,71.0,0.0,,
2025-06-11 11:00:00,1.0,1.2,,0.8,,100.0,0.8,2.6,189.0,162.0,1014.0,77.0,0.0,,
2025-06-11 12:00:00,1.1,1.4,,0.9,,100.0,1.4,2.7,177.0,178.0,1013.4,113.0,0.0,,
2025-06-11 13:00:00,1.1,1.4,,1.0,,100.0,1.0,2.1,261.0,265.0,1013.4,127.0,0.0,,
2025-06-11 14:00:00,1.1,1.4,,1.0,,100.0,1.1,2.2,274.0,267.0,1013.0,145.0,0.0,,
2025-06-11 15:00:00,1.3,1.5,,1.1,,100.0,1.7,3.2,213.0,243.0,1012.6,210.0,0.0,,
2025-06-11 16:00:00,1.5,1.8,,1.2,,100.0,1.2,2.9,254.0,225.0,1011.6,234.0,0.0,,
2025-06-11 17:00:00,1.6,1.8,,1.3,,100.0,1.2,2.5,275.0,264.0,1010.6,306.0,0.0,,40.0
2025-06-11 18:00:00,2.0,2.4,2.4,1.6,0.5,99.0,1.3,3.2,199.0,252.0,1010.5,288.0,0.0,,60.0
2025-06-11 19:00:00,2.1,2.4,,1.9,,98.0,1.8,3.6,213.0,223.0,1010.3,276.0,0.0,,60.0
2025-06-11 20:00:00,2.3,2.7,,2.0,,96.0,1.8,3.6,261.0,257.0,1009.8,172.0,0.0,,90.0
2025-06-11 21:00:00,2.9,3.7,,2.5,,93.0,1.7,3.1,25.0,278.0,1009.4,111.0,0.0,,90.0
2025-06-11 22:00:00,3.5,3.7,,3.4,,91.0,4.8,7.7,6.0,6.0,1008.1,89.0,0.0,,90.0
2025-06-11 23:00:00,3.9,4.7,,3.3,,88.0,7.5,11.3,22.0,15.0,1006.9,109.0,0.0,,60.0
2025-06-12 00:00:00,4.1,4.8,,3.7,,86.0,7.5,9.6,18.0,18.0,1006.4,37.0,0.0,,90.0
2025-06-12 01:00:00,4.9,6.1,,3.9,,82.0,3.2,7.2,355.0,102.0,1006.4,7.0,0.0,,100.0
2025-06-12 02:00:00,4.8,5.9,,4.3,,81.0,1.1,2.7,205.0,294.0,1006.3,4.0,0.0,,90.0
2025-06-12 03:00:00,5.1,5.4,,4.8,,72.0,2.5,5.1,167.0,200.0,1005.9,0.0,0.0,,100.0
2025-06-12 04:00:00,4.6,5.1,,4.4,,74.0,3.3,5.1,152.0,150.0,1005.0,0.0,0.0,,100.0
2025-06-12 05:00:00,4.3,4.6,,3.7,,79.0,1.8,3.9,17.0,79.0,1004.0,0.0,0.0,,90.0
2025-06-12 06:00:00,3.1,3.7,6.1,2.9,1.9,91.0,3.7,4.5,9.0,2.0,1003.1,2.0,0.2,0.2,100.0
2025-06-12 07:00:00,3.1,3.5,,2.8,,93.0,4.5,7.9,346.0,2.0,1002.4,15.0,0.0,,90.0
2025-06-12 08:00:00,2.8,3.4,,2.4,,96.0,6.3,8.0,355.0,353.0,1001.5,30.0,0.0,,90.0
2025-06-12 09:00:00,3.2,3.7,,2.9,,95.0,5.3,8.1,10.0,359.0,1000.9,38.0,0.2,,100.0
2025-06-12 10:00:00,3.9,4.0,,3.6,,94.0,5.4,6.9,7.0,8.0,1000.5,57.0,0.1,,100.0
2025-06-12 11:00:00,3.4,3.7,,3.2,,97.0,4.9,6.1,6.0,4.0,999.8,70.0,0.4,,100.0
2025-06-12 12:00:00,3.7,4.2,,3.3,,98.0,6.1,8.9,7.0,9.0,998.3,102.0,0.7,,90.0
2025-06-12 13:00:00,4.1,4.5,,3.7,,97.0,9.5,12.1,9.0,10.0,997.1,196.0,0.0,,90.0
2025-06-12 14:00:00,5.6,6.8,,4.2,,91.0,8.7,11.6,32.0,21.0,996.7,214.0,0.0,,90.0
2025-06-12 15:00:00,6.0,6.8,,5.6,,90.0,6.9,9.8,14.0,21.0,996.1,276.0,0.3,,90.0
2025-06-12 16:00:00,6.0,6.4,,5.5,,92.0,7.1,9.5,359.0,14.0,995.5,228.0,0.2,,90.0
2025-06-12 17:00:00,6.1,7.1,,5.5,,92.0,5.7,7.8,14.0,13.0,995.9,169.0,0.8,,90.0
2025-06-12 18:00:00,6.6,7.6,7.6,5.9,2.4,94.0,1.7,3.9,338.0,4.0,996.0,275.0,0.3,,90.0
2025-06-12 19:00:00,6.8,7.8,,6.1,,93.0,1.3,3.4,2.0,359.0,996.1,238.0,0.0,,60.0
2025-06-12 20:00:00,7.0,7.4,,6.5,,91.0,1.6,3.0,321.0,344.0,996.3,157.0,0.0,,60.0
2025-06-12 21:00:00,7.1,7.3,,6.5,,91.0,2.0,3.6,2.0,329.0,996.6,74.0,0.0,,90.0
2025-06-12 22:00:00,6.8,7.3,,5.7,,92.0,2.9,5.8,356.0,340.0,996.4,45.0,0.2,,100.0
2025-06-12 23:00:00,6.4,6.7,,5.8,,97.0,5.3,6.8,11.0,7.0,996.4,33.0,1.0,,90.0
2025-06-13 00:00:00,6.8,7.1,,6.5,,96.0,5.5,7.6,9.0,8.0,996.3,27.0,0.4,,100.0
2025-06-13 01:00:00,6.6,6.8,,6.4,,96.0,6.0,8.3,18.0,11.0,996.0,11.0,0.7,,100.0
2025-06-13 02:00:00,6.4,6.7,,5.9,,98.0,6.9,8.7,16.0,12.0,995.6,2.0,0.7,,100.0
2025-06-13 03:00:00,6.2,6.5,,6.0,,99.0,6.8,8.4,17.0,13.0,995.3,1.0,0.0,,100.0
2025-06-13 04:00:00,6.3,6.5,,6.1,,97.0,6.0,8.5,19.0,21.0,995.5,0.0,0.0,,90.0
2025-06-13 05:00:00,6.9,7.6,,6.3,,93.0,4.1,6.6,179.0,90.0,996.3,0.0,0.1,,100.0
2025-06-13 06:00:00,5.0,6.4,7.8,4.3,4.3,99.0,5.0,8.2,155.0,149.0,996.9,2.0,0.5,6.6,90.0
2025-06-13 07:00:00,4.8,5.1,,4.7,,100.0,2.5,5.6,201.0,170.0,997.5,10.0,0.3,,100.0
2025-06-13 08:00:00,4.2,5.1,,3.2,,100.0,2.6,6.0,226.0,245.0,998.7,12.0,0.2,,90.0
2025-06-13 09:00:00,3.3,3.4,,3.2,,100.0,1.3,4.8,274.0,264.0,999.0,25.0,0.8,,40.0
2025-06-13 10:00:00,3.5,3.6,,3.4,,100.0,1.5,3.0,350.0,331.0,999.4,47.0,0.8,,90.0
2025-06-13 11:00:00,3.5,3.7,,3.4,,100.0,2.3,3.2,29.0,7.0,1000.0,72.0,0.9,,90.0
2025-06-13 12:00:00,3.9,4.1,,3.6,,100.0,2.2,5.4,156.0,104.0,1000.4,136.0,1.1,,100.0
2025-06-13 13:00:00,4.2,4.6,,3.9,,96.0,6.0,9.8,145.0,148.0,1000.1,195.0,1.3,,100.0
2025-06-13 14:00:00,4.8,5.0,,4.6,,93.0,8.2,11.7,146.0,148.0,1000.5,288.0,0.7,,90.0
2025-06-13 15:00:00,5.1,5.3,,4.9,,91.0,8.3,13.6,143.0,142.0,1000.7,248.0,1.0,,100.0
2025-06-13 16:00:00,5.1,5.3,,4.9,,89.0,9.1,14.4,135.0,137.0,1000.7,228.0,2.2,,100.0
2025-06-13 17:00:00,5.2,5.5,,4.8,,88.0,10.3,16.5,132.0,136.0,1000.8,180.0,2.3,,100.0
2025-06-13 18:00:00,5.7,6.2,6.2,5.5,3.2,84.0,11.1,17.7,135.0,133.0,1001.0,158.0,1.1,,100.0
2025-06-13 19:00:00,5.7,6.1,,5.4,,85.0,11.8,17.8,134.0,135.0,1000.9,153.0,1.2,,100.0
2025-06-13 20:00:00,5.8,6.1,,5.6,,84.0,14.6,21.7,136.0,136.0,1000.6,141.0,0.5,,100.0
2025-06-13 21:00:00,5.7,6.1,,5.4,,86.0,15.8,22.4,136.0,136.0,1001.5,69.0,0.0,,100.0
2025-06-13 22:00:00,5.6,5.8,,5.2,,88.0,15.1,21.1,137.0,137.0,1002.2,62.0,0.0,,100.0
2025-06-13 23:00:00,5.3,5.5,,5.2,,89.0,14.5,20.1,135.0,135.0,1002.6,33.0,0.0,,100.0
2025-06-14 00:00:00,5.4,5.6,,5.3,,85.0,14.2,20.5,137.0,136.0,1003.3,18.0,0.0,,100.0
2025-06-14 01:00:00,5.4,5.7,,5.2,,86.0,13.6,19.9,137.0,138.0,1003.6,11.0,0.0,,100.0
2025-06-14 02:00:00,5.6,5.7,,5.5,,84.0,12.5,18.1,138.0,138.0,1004.3,2.0,0.0,,100.0
2025-06-14 03:00:00,5.8,6.2,,5.6,,83.0,11.8,16.7,136.0,137.0,1004.1,1.0,0.0,,100.0
2025-06-14 04:00:00,6.1,6.4,,5.9,,81.0,12.3,17.9,137.0,138.0,1004.2,1.0,0.0,,90.0
2025-06-14 05:00:00,6.4,6.6,,6.1,,81.0,12.5,17.2,136.0,137.0,1004.6,1.0,0.0,,90.0
2025-06-14 06:00:00,6.4,6.6,6.6,6.3,5.2,82.0,10.2,14.7,138.0,137.0,1005.2,4.0,0.0,14.4,100.0
2025-06-14 07:00:00,6.6,7.0,,6.3,,82.0,9.1,13.0,135.0,134.0,1005.5,14.0,0.0,,100.0
2025-06-14 08:00:00,7.0,7.2,,6.8,,81.0,7.9,12.5,143.0,138.0,1006.1,31.0,0.0,,
2025-06-14 09:00:00,4.7,7.3,,2.7,,90.0,4.1,10.0,265.0,196.0,1006.6,93.0,0.0,,90.0
2025-06-14 10:00:00,3.0,3.4,,2.8,,99.0,2.0,3.3,179.0,199.0,1006.8,130.0,0.0,,90.0
2025-06-14 11:00:00,3.4,3.7,,3.3,,99.0,1.2,3.0,263.0,205.0,1006.9,110.0,0.0,,90.0
2025-06-14 12:00:00,4.1,4.6,,3.4,,99.0,0.5,2.2,351.0,332.0,1006.6,142.0,0.4,,10.0
2025-06-14 13:00:00,4.8,5.7,,4.3,,97.0,1.2,2.4,323.0,315.0,1006.3,431.0,0.0,,60.0
2025-06-14 14:00:00,5.7,6.4,,5.0,,94.0,1.3,2.6,295.0,297.0,1006.4,544.0,0.0,,90.0
2025-06-14 15:00:00,6.3,6.8,,5.9,,92.0,1.3,2.5,266.0,287.0,1006.2,529.0,0.0,,90.0
2025-06-14 16:00:00,6.5,6.7,,6.3,,94.0,2.4,4.3,260.0,259.0,1006.6,372.0,0.0,,100.0
2025-06-14 17:00:00,5.6,6.4,,4.9,,96.0,3.1,4.9,254.0,260.0,1006.9,233.0,0.0,,100.0
2025-06-14 18:00:00,5.0,5.3,7.3,4.7,2.7,98.0,3.6,5.3,267.0,261.0,1006.8,332.0,0.0,,100.0
2025-06-14 19:00:00,5.2,5.4,,5.0,,97.0,2.7,4.2,274.0,270.0,1007.0,247.0,0.0,,100.0
2025-06-14 20:00:00,6.0,6.6,,5.3,,95.0,1.4,2.5,356.0,324.0,1007.2,207.0,0.0,,100.0
2025-06-14 21:00:00,6.3,6.7,,5.5,,94.0,1.5,3.0,254.0,300.0,1007.4,228.0,0.0,,100.0
2025-06-14 22:00:00,5.3,5.5,,5.1,,94.0,2.5,3.7,267.0,263.0,1007.4,82.0,0.0,,100.0
2025-06-14 23:00:00,5.1,5.3,,4.9,,94.0,2.4,3.9,272.0,266.0,1007.3,49.0,0.0,,100.0
2025-06-15 00:00:00,4.9,5.0,,4.6,,95.0,2.0,2.6,259.0,266.0,1007.5,45.0,0.0,,90.0
2025-06-15 01:00:00,4.1,4.6,,3.4,,97.0,2.0,3.5,269.0,261.0,1007.5,17.0,0.0,,90.0
2025-06-15 02:00:00,3.0,3.4,,2.8,,99.0,2.1,3.3,262.0,265.0,1007.5,3.0,0.2,,90.0
2025-06-15 03:00:00,2.6,2.8,,2.4,,100.0,2.5,3.6,255.0,261.0,1007.6,0.0,0.0,,100.0
2025-06-15 04:00:00,2.3,2.5,,2.3,,100.0,2.4,4.0,254.0,257.0,1007.6,0.0,0.0,,
2025-06-15 05:00:00,2.1,2.3,,1.9,,100.0,3.1,4.3,263.0,263.0,1007.5,0.0,0.0,,90.0
2025-06-15 06:00:00,2.0,2.2,6.7,1.9,1.9,100.0,1.9,4.6,267.0,275.0,1007.6,2.0,0.0,0.6,
2025-06-15 07:00:00,2.5,2.7,,2.1,,100.0,1.3,2.1,327.0,339.0,1007.6,9.0,0.0,,90.0
2025-06-15 08:00:00,2.6,2.8,,2.5,,100.0,0.6,1.5,269.0,305.0,1007.9,20.0,0.1,,60.0
2025-06-15 09:00:00,2.3,2.6,,2.2,,100.0,1.6,3.6,255.0,262.0,1008.0,49.0,0.2,,
2025-06-15 10:00:00,2.3,2.4,,2.2,,100.0,1.8,3.2,258.0,258.0,1008.0,71.0,0.0,,
2025-06-15 11:00:00,2.4,2.7,,2.2,,100.0,1.7,2.7,268.0,262.0,1008.2,146.0,0.0,,90.0
2025-06-15 12:00:00,2.6,3.0,,2.3,,100.0,1.8,3.1,236.0,256.0,1008.3,239.0,0.0,,90.0
2025-06-15 13:00:00,2.9,3.5,,2.7,,99.0,2.0,4.1,214.0,230.0,1008.3,370.0,0.0,,90.0
2025-06-15 14:00:00,3.4,3.8,,3.1,,95.0,2.3,3.7,241.0,238.0,1008.4,422.0,0.0,,90.0
2025-06-15 15:00:00,3.3,3.7,,3.0,,93.0,2.5,4.4,259.0,245.0,1008.2,392.0,0.0,,90.0
2025-06-15 16:00:00,3.6,4.0,,3.4,,90.0,2.7,4.6,253.0,258.0,1008.3,430.0,0.0,,90.0
2025-06-15 17:00:00,4.3,5.2,,3.5,,87.0,2.5,4.1,255.0,258.0,1008.2,504.0,0.0,,90.0
2025-06-15 18:00:00,5.3,6.0,6.0,4.5,2.1,82.0,1.9,4.3,261.0,264.0,1008.2,637.0,0.0,,10.0
2025-06-15 19:00:00,5.3,5.9,,4.5,,84.0,3.8,6.6,255.0,258.0,1008.2,518.0,0.0,,90.0
2025-06-15 20:00:00,4.6,5.0,,4.2,,87.0,4.9,6.9,270.0,265.0,1008.4,453.0,0.0,,90.0
2025-06-15 21:00:00,4.1,4.6,,3.7,,87.0,4.1,5.6,287.0,276.0,1008.0,383.0,0.0,,90.0
2025-06-15 22:00:00,4.4,4.7,,4.2,,85.0,4.0,5.5,288.0,291.0,1007.9,291.0,0.0,,90.0
2025-06-15 23:00:00,4.0,4.7,,3.6,,87.0,3.8,6.0,303.0,298.0,1007.6,210.0,0.0,,40.0
2025-06-16 00:00:00,3.1,3.7,,2.8,,91.0,3.3,4.8,306.0,298.0,1007.4,76.0,0.0,,90.0
2025-06-16 01:00:00,2.5,2.8,,2.3,,94.0,3.3,4.3,295.0,301.0,1007.2,14.0,0.0,,90.0
2025-06-16 02:00:00,2.1,2.3,,2.0,,96.0,3.3,4.3,306.0,305.0,1006.8,4.0,0.0,,90.0
2025-06-16 03:00:00,2.0,2.2,,1.8,,97.0,3.0,4.0,274.0,284.0,1006.8,1.0,0.0,,90.0
2025-06-16 04:00:00,1.7,1.8,,1.5,,98.0,2.4,3.7,259.0,270.0,1006.6,0.0,0.0,,
2025-06-16 05:00:00,1.5,1.6,,1.3,,99.0,2.1,3.1,254.0,258.0,1006.5,0.0,0.0,,
2025-06-16 06:00:00,1.3,1.4,5.9,1.1,1.1,100.0,2.1,3.7,271.0,262.0,1006.7,2.0,0.0,0.3,90.0
2025-06-16 07:00:00,1.3,1.4,,1.1,,100.0,2.2,3.8,201.0,226.0,1007.0,11.0,0.0,,
2025-06-16 08:00:00,1.3,1.5,,1.1,,100.0,3.9,7.0,183.0,188.0,1007.4,18.0,0.0,,
2025-06-16 09:00:00,1.0,1.1,,0.9,,100.0,6.6,11.3,161.0,166.0,1007.5,46.0,0.0,,
2025-06-16 10:00:00,1.0,1.2,,0.8,,100.0,8.1,12.0,156.0,157.0,1008.1,57.0,0.0,,
2025-06-16 11:00:00,1.0,1.2,,0.8,,100.0,9.0,13.2,143.0,152.0,1008.6,81.0,0.0,,
2025-06-16 12:00:00,0.9,1.2,,0.8,,100.0,9.1,13.4,156.0,152.0,1008.8,134.0,0.0,,90.0
2025-06-16 13:00:00,1.7,2.3,,1.1,,94.0,8.5,12.8,158.0,151.0,1009.0,299.0,0.0,,90.0
2025-06-16 14:00:00,2.4,2.8,,2.0,,89.0,10.0,14.3,152.0,153.0,1009.5,558.0,0.0,,90.0
2025-06-16 15:00:00,2.6,2.9,,2.2,,90.0,10.8,15.0,159.0,154.0,1009.8,592.0,0.0,,100.0
2025-06-16 16:00:00,2.5,2.9,,2.2,,87.0,8.0,12.8,169.0,167.0,1010.9,304.0,0.0,,100.0
2025-06-16 17:00:00,2.4,2.7,,2.1,,85.0,6.1,9.0,170.0,170.0,1011.4,303.0,0.0,,100.0
2025-06-16 18:00:00,2.2,2.9,2.9,1.8,0.8,84.0,4.9,7.8,181.0,188.0,1011.4,206.0,0.0,,100.0
2025-06-16 19:00:00,2.4,2.8,,1.8,,81.0,6.4,8.6,173.0,175.0,1011.6,423.0,0.0,,100.0
2025-06-16 20:00:00,2.6,3.2,,2.2,,79.0,6.4,8.9,169.0,171.0,1011.7,521.0,0.0,,10.0
2025-06-16 21:00:00,2.7,3.1,,2.4,,78.0,6.1,8.6,173.0,172.0,1011.8,465.0,0.0,,10.0
2025-06-16 22:00:00,2.4,2.7,,2.2,,77.0,6.3,8.8,172.0,171.0,1011.7,324.0,0.0,,10.0
2025-06-16 23:00:00,2.4,2.5,,2.2,,78.0,5.5,7.9,164.0,168.0,1011.6,166.0,0.0,,10.0
2025-06-17 00:00:00,2.3,2.5,,2.0,,79.0,4.6,6.7,174.0,169.0,1011.7,102.0,0.0,,10.0
2025-06-17 01:00:00,2.0,2.1,,1.7,,82.0,3.4,5.6,157.0,169.0,1012.1,51.0,0.0,,40.0
2025-06-17 02:00:00,1.6,1.7,,1.5,,84.0,3.1,5.5,168.0,162.0,1012.0,16.0,0.0,,100.0
2025-06-17 03:00:00,1.8,2.0,,1.8,,83.0,4.8,6.9,152.0,151.0,1011.7,2.0,0.0,,100.0
2025-06-17 04:00:00,2.3,2.6,,2.0,,82.0,5.3,7.6,153.0,146.0,1011.5,0.0,0.0,,100.0
2025-06-17 05:00:00,2.3,2.6,,2.0,,84.0,4.4,7.7,151.0,159.0,1011.4,1.0,0.0,,100.0
2025-06-17 06:00:00,2.5,2.7,3.2,2.2,1.5,82.0,2.4,5.4,25.0,80.0,1011.4,10.0,0.0,0.0,60.0
2025-06-17 07:00:00,2.3,2.5,,2.1,,86.0,3.2,5.2,19.0,16.0,1011.3,34.0,0.0,,90.0
2025-06-17 08:00:00,2.5,2.6,,2.4,,87.0,4.4,6.6,2.0,7.0,1010.9,36.0,0.0,,90.0
2025-06-17 09:00:00,2.8,3.2,,2.6,,88.0,4.8,6.5,13.0,9.0,1010.5,75.0,0.0,,90.0
2025-06-17 10:00:00,3.4,3.7,,3.1,,84.0,4.8,6.3,13.0,18.0,1010.2,140.0,0.0,,40.0
2025-06-17 11:00:00,3.7,4.4,,3.2,,85.0,4.2,5.9,6.0,4.0,1009.9,339.0,0.0,,10.0
2025-06-17 12:00:00,4.3,4.6,,4.0,,84.0,3.5,5.6,360.0,4.0,1009.7,417.0,0.0,,10.0
2025-06-17 13:00:00,4.6,5.0,,4.2,,83.0,3.6,5.2,359.0,1.0,1009.4,451.0,0.0,,40.0
2025-06-17 14:00:00,5.3,5.9,,4.6,,79.0,3.2,4.4,358.0,358.0,1009.1,599.0,0.0,,10.0
2025-06-17 15:00:00,6.5,7.4,,5.3,,70.0,2.5,4.8,290.0,340.0,1008.6,599.0,0.0,,40.0
2025-06-17 16:00:00,6.8,7.8,,5.3,,70.0,2.2,3.9,245.0,272.0,1008.0,598.0,0.0,,40.0
2025-06-17 17:00:00,7.4,8.0,,6.8,,66.0,2.7,5.3,255.0,258.0,1007.3,705.0,0.0,,10.0
2025-06-17 18:00:00,7.5,7.8,8.0,7.1,2.1,67.0,4.6,7.8,266.0,266.0,1006.4,712.0,0.0,,60.0
2025-06-17 19:00:00,7.2,7.6,,6.8,,66.0,6.6,9.3,280.0,273.0,1005.6,593.0,0.0,,60.0
2025-06-17 20:00:00,7.2,7.8,,6.6,,60.0,6.7,9.3,303.0,296.0,1005.1,547.0,0.0,,60.0
2025-06-17 21:00:00,7.4,7.7,,7.0,,55.0,8.2,10.9,309.0,307.0,1004.6,431.0,0.0,,40.0
2025-06-17 22:00:00,7.1,7.6,,6.7,,56.0,7.5,11.1,311.0,309.0,1004.0,226.0,0.0,,60.0
2025-06-17 23:00:00,6.6,6.9,,6.1,,59.0,6.5,9.5,328.0,318.0,1003.6,162.0,0.0,,60.0
2025-06-18 00:00:00,6.7,7.0,,6.0,,60.0,5.2,7.3,334.0,340.0,1003.3,92.0,0.0,,60.0
2025-06-18 01:00:00,6.6,7.0,,6.3,,61.0,3.8,7.0,350.0,351.0,1003.0,31.0,0.0,,60.0
2025-06-18 02:00:00,5.2,6.3,,4.1,,71.0,2.9,4.5,280.0,304.0,1002.7,12.0,0.0,,60.0
2025-06-18 03:00:00,3.5,4.0,,3.2,,85.0,3.7,4.6,285.0,286.0,1002.2,3.0,0.0,,90.0
2025-06-18 04:00:00,3.1,3.4,,2.9,,90.0,2.9,4.5,301.0,302.0,1002.2,2.0,0.0,,90.0
2025-06-18 05:00:00,3.0,3.4,,2.8,,91.0,1.5,3.1,216.0,303.0,1002.8,3.0,0.0,,90.0
2025-06-18 06:00:00,2.4,3.1,7.8,2.1,2.1,95.0,2.4,4.4,254.0,259.0,1003.5,7.0,0.0,0.0,90.0
2025-06-18 07:00:00,2.2,2.3,,2.1,,96.0,2.5,4.4,214.0,245.0,1004.5,20.0,0.0,,60.0
2025-06-18 08:00:00,2.7,3.2,,2.3,,94.0,5.9,10.1,173.0,177.0,1005.5,43.0,0.0,,90.0
2025-06-18 09:00:00,4.1,4.6,,3.2,,84.0,8.4,14.1,149.0,152.0,1006.5,83.0,0.0,,90.0
2025-06-18 10:00:00,3.9,4.2,,3.3,,84.0,10.1,14.4,150.0,148.0,1007.6,131.0,0.0,,90.0
2025-06-18 11:00:00,3.7,4.4,,3.2,,86.0,8.1,11.8,171.0,157.0,1008.3,329.0,0.0,,90.0
2025-06-18 12:00:00,3.9,4.4,,3.5,,87.0,6.3,9.6,172.0,177.0,1009.2,327.0,0.0,,60.0
2025-06-18 13:00:00,5.0,5.6,,4.0,,80.0,6.9,10.3,184.0,178.0,1009.7,653.0,0.0,,90.0
2025-06-18 14:00:00,4.3,5.5,,3.7,,82.0,3.9,6.6,196.0,202.0,1010.5,721.0,0.0,,
2025-06-18 15:00:00,4.9,6.4,,3.8,,79.0,3.9,6.6,196.0,194.0,1010.8,740.0,0.0,,60.0
2025-06-18 16:00:00,5.7,7.4,,4.2,,75.0,4.2,6.8,189.0,197.0,1010.9,771.0,0.0,,40.0
2025-06-18 17:00:00,6.0,7.4,,4.5,,74.0,3.6,6.1,206.0,201.0,1011.2,764.0,0.0,,40.0
2025-06-18 18:00:00,6.6,7.6,7.6,5.3,2.1,71.0,3.4,6.1,209.0,200.0,1011.2,717.0,0.0,,60.0
2025-06-18 19:00:00,6.4,7.6,,5.1,,71.0,2.7,5.2,232.0,220.0,1011.7,641.0,0.0,,40.0
2025-06-18 20:00:00,5.9,6.9,,5.4,,73.0,1.8,4.0,272.0,267.0,1011.6,503.0,0.0,,60.0
2025-06-18 21:00:00,7.1,7.7,,6.3,,69.0,1.7,3.5,272.0,256.0,1011.3,439.0,0.0,,40.0
2025-06-18 22:00:00,7.4,8.1,,6.8,,69.0,2.6,4.2,266.0,261.0,1011.1,321.0,0.0,,60.0
2025-06-18 23:00:00,6.1,7.5,,4.9,,76.0,4.3,7.4,264.0,262.0,1011.4,175.0,0.0,,90.0
2025-06-19 00:00:00,3.9,5.2,,2.8,,84.0,4.4,6.6,281.0,271.0,1011.4,94.0,0.0,,90.0
2025-06-19 01:00:00,3.0,3.4,,2.6,,87.0,2.5,4.9,13.0,319.0,1010.9,45.0,0.0,,90.0
2025-06-19 02:00:00,2.9,3.6,,2.2,,84.0,4.2,6.3,346.0,345.0,1010.4,12.0,0.0,,90.0
2025-06-19 03:00:00,1.9,2.6,,1.4,,90.0,3.9,5.4,333.0,321.0,1009.8,3.0,0.0,,90.0
2025-06-19 04:00:00,1.8,2.3,,1.1,,91.0,5.0,6.2,343.0,354.0,1009.0,2.0,0.0,,90.0
2025-06-19 05:00:00,1.1,1.2,,1.0,,97.0,5.3,6.8,344.0,346.0,1008.4,3.0,0.0,,90.0
2025-06-19 06:00:00,1.2,1.2,8.1,1.1,1.0,97.0,4.8,6.3,332.0,347.0,1007.9,13.0,0.0,0.0,90.0
2025-06-19 07:00:00,1.5,1.7,,1.2,,95.0,5.5,6.5,1.0,353.0,1007.6,51.0,0.0,,90.0
2025-06-19 08:00:00,2.0,2.3,,1.6,,95.0,4.8,7.0,4.0,360.0,1007.8,122.0,0.0,,60.0
2025-06-19 09:00:00,2.7,3.2,,2.3,,92.0,2.2,4.3,1.0,6.0,1008.1,216.0,0.0,,
2025-06-19 10:00:00,2.8,3.5,,2.4,,91.0,1.3,2.8,254.0,271.0,1008.6,325.0,0.0,,60.0
2025-06-19 11:00:00,3.7,4.6,,2.9,,88.0,2.7,7.0,159.0,188.0,1008.8,437.0,0.0,,90.0
2025-06-19 12:00:00,5.2,6.4,,4.0,,82.0,5.1,7.4,168.0,163.0,1009.0,544.0,0.0,,60.0
2025-06-19 13:00:00,6.6,7.6,,5.6,,75.0,4.2,7.0,213.0,182.0,1009.3,641.0,0.0,,60.0
2025-06-19 14:00:00,6.9,8.4,,6.0,,74.0,2.8,4.5,159.0,176.0,1009.1,714.0,0.0,,90.0
2025-06-19 15:00:00,7.4,9.1,,6.3,,72.0,2.1,3.6,189.0,185.0,1008.9,757.0,0.0,,60.0
2025-06-19 16:00:00,7.4,8.7,,6.6,,71.0,2.1,3.7,186.0,190.0,1008.8,769.0,0.0,,60.0
2025-06-19 17:00:00,8.3,9.0,,7.5,,67.0,1.8,3.5,197.0,196.0,1009.0,760.0,0.0,,40.0
2025-06-19 18:00:00,8.8,10.1,10.1,7.9,1.2,59.0,3.0,4.8,166.0,174.0,1009.2,712.0,0.0,,40.0
2025-06-19 19:00:00,9.9,10.5,,9.4,,53.0,2.7,4.1,170.0,169.0,1009.4,633.0,0.0,,60.0
2025-06-19 20:00:00,8.9,11.1,,7.7,,62.0,2.3,3.5,229.0,213.0,1009.9,566.0,0.0,,40.0
2025-06-19 21:00:00,7.8,8.3,,7.4,,70.0,2.0,3.6,275.0,263.0,1010.2,452.0,0.0,,10.0
2025-06-19 22:00:00,7.8,8.2,,7.3,,70.0,2.2,4.4,265.0,266.0,1010.4,328.0,0.0,,40.0
2025-06-19 23:00:00,7.0,7.6,,6.3,,74.0,2.3,3.5,255.0,260.0,1010.8,110.0,0.0,,60.0
2025-06-20 00:00:00,6.4,6.9,,6.0,,76.0,2.3,4.1,276.0,266.0,1011.0,71.0,0.0,,60.0
2025-06-20 01:00:00,6.9,7.2,,6.6,,67.0,1.8,2.9,314.0,289.0,1011.1,42.0,0.0,,90.0
2025-06-20 02:00:00,6.2,6.8,,5.0,,70.0,2.3,4.4,316.0,298.0,1011.4,11.0,0.0,,90.0
2025-06-20 03:00:00,6.2,6.3,,6.1,,64.0,2.2,3.0,335.0,331.0,1011.5,2.0,0.0,,90.0
2025-06-20 04:00:00,5.8,6.3,,4.3,,67.0,1.0,2.2,260.0,300.0,1011.7,0.0,0.0,,90.0
2025-06-20 05:00:00,2.5,4.3,,1.5,,91.0,2.5,3.7,183.0,176.0,1011.7,0.0,0.0,,90.0
2025-06-20 06:00:00,1.7,2.0,11.1,1.2,1.2,96.0,2.5,5.2,169.0,214.0,1011.7,7.0,0.0,0.0,90.0
2025-06-20 07:00:00,2.0,2.6,,1.5,,93.0,2.9,7.0,173.0,174.0,1012.4,33.0,0.0,,90.0
2025-06-20 08:00:00,2.5,2.7,,1.9,,90.0,4.6,7.9,183.0,171.0,1013.5,40.0,0.0,,90.0
2025-06-20 09:00:00,1.7,2.1,,1.3,,96.0,5.9,8.8,149.0,164.0,1014.1,59.0,0.0,,90.0
2025-06-20 10:00:00,3.3,4.0,,2.1,,85.0,6.6,8.9,151.0,150.0,1014.5,94.0,0.0,,90.0
2025-06-20 11:00:00,4.7,5.3,,4.0,,78.0,4.4,7.2,160.0,155.0,1014.7,131.0,0.0,,90.0
2025-06-20 12:00:00,5.4,5.5,,5.2,,77.0,3.8,5.3,180.0,173.0,1015.5,133.0,0.0,,90.0
2025-06-20 13:00:00,5.2,5.6,,4.8,,78.0,3.9,6.6,205.0,195.0,1016.1,188.0,0.0,,90.0
2025-06-20 14:00:00,4.8,5.5,,4.5,,83.0,3.0,5.4,143.0,190.0,1016.1,252.0,0.0,,90.0
2025-06-20 15:00:00,5.4,6.2,,5.0,,78.0,3.0,4.8,156.0,139.0,1015.6,382.0,0.0,,90.0
2025-06-20 16:00:00,6.2,6.6,,5.6,,72.0,3.6,5.7,146.0,147.0,1015.5,337.0,0.0,,90.0
2025-06-20 17:00:00,6.2,6.5,,5.9,,72.0,4.6,6.6,135.0,141.0,1016.0,276.0,0.0,,90.0
2025-06-20 18:00:00,6.6,7.0,7.0,6.3,1.3,70.0,5.1,7.5,136.0,136.0,1016.1,351.0,0.0,,90.0
2025-06-20 19:00:00,6.5,6.8,,6.3,,72.0,5.4,7.4,133.0,134.0,1016.1,386.0,0.0,,40.0
2025-06-20 20:00:00,6.9,7.1,,6.6,,70.0,5.5,8.0,157.0,145.0,1016.2,371.0,0.0,,90.0
2025-06-20 21:00:00,6.6,7.0,,6.4,,71.0,4.9,7.5,163.0,154.0,1016.4,224.0,0.0,,90.0
2025-06-20 22:00:00,6.5,6.9,,6.0,,72.0,3.7,5.9,156.0,174.0,1016.3,170.0,0.0,,90.0
2025-06-20 23:00:00,5.9,6.2,,5.7,,76.0,3.8,6.0,159.0,164.0,1016.5,84.0,0.0,,90.0
2025-06-21 00:00:00,5.5,5.8,,5.4,,77.0,3.7,5.5,150.0,144.0,1016.3,29.0,0.0,,90.0
2025-06-21 01:00:00,5.0,5.5,,4.4,,81.0,3.6,5.1,185.0,176.0,1016.4,13.0,0.0,,90.0
2025-06-21 02:00:00,4.0,4.4,,3.6,,90.0,2.4,4.2,159.0,158.0,1016.5,4.0,0.0,,90.0
2025-06-21 03:00:00,3.7,3.8,,3.5,,95.0,3.2,4.9,170.0,169.0,1016.5,1.0,0.0,,90.0
2025-06-21 04:00:00,3.4,3.6,,3.3,,96.0,2.9,4.2,173.0,177.0,1016.1,0.0,0.0,,90.0
2025-06-21 05:00:00,2.8,3.3,,2.4,,98.0,3.2,4.9,200.0,185.0,1016.3,1.0,0.0,,
2025-06-21 06:00:00,2.1,2.5,7.1,1.6,1.6,100.0,3.7,6.3,255.0,241.0,1016.7,2.0,0.0,0.0,
2025-06-21 07:00:00,1.6,1.7,,1.5,,100.0,2.8,5.4,250.0,256.0,1016.7,12.0,0.2,,
2025-06-21 08:00:00,1.6,1.8,,1.4,,100.0,1.8,3.0,249.0,250.0,1016.8,41.0,0.0,,90.0
2025-06-21 09:00:00,1.6,1.8,,1.4,,98.0,1.6,2.8,245.0,232.0,1017.1,76.0,0.0,,90.0
2025-06-21 10:00:00,1.8,2.1,,1.5,,95.0,1.0,2.4,216.0,213.0,1017.2,106.0,0.0,,100.0
2025-06-21 11:00:00,2.1,2.5,,1.7,,92.0,0.7,2.1,251.0,289.0,1016.9,223.0,0.0,,90.0
2025-06-21 12:00:00,2.8,4.1,,2.3,,86.0,1.0,2.9,240.0,237.0,1016.4,433.0,0.0,,60.0
2025-06-21 13:00:00,3.4,4.1,,3.0,,81.0,2.5,4.7,216.0,222.0,1016.8,520.0,0.0,,100.0
2025-06-21 14:00:00,4.0,4.7,,3.1,,74.0,3.1,4.9,166.0,173.0,1016.5,587.0,0.0,,60.0
2025-06-21 15:00:00,4.0,4.9,,3.1,,76.0,3.9,6.5,212.0,210.0,1016.6,738.0,0.0,,60.0
2025-06-21 16:00:00,4.8,5.4,,3.9,,73.0,3.1,5.3,214.0,205.0,1016.6,779.0,0.0,,60.0
2025-06-21 17:00:00,5.4,6.8,,4.8,,70.0,3.2,5.4,211.0,210.0,1016.5,769.0,0.0,,60.0
2025-06-21 18:00:00,4.7,5.3,6.8,4.3,1.4,76.0,4.8,7.1,201.0,207.0,1016.5,722.0,0.0,,60.0
2025-06-21 19:00:00,4.7,5.7,,3.9,,77.0,3.8,6.1,194.0,202.0,1016.4,629.0,0.0,,60.0
2025-06-21 20:00:00,4.6,5.3,,4.1,,76.0,2.6,4.3,163.0,175.0,1016.5,411.0,0.0,,60.0
2025-06-21 21:00:00,4.7,5.2,,4.1,,77.0,1.9,3.7,201.0,186.0,1016.1,252.0,0.0,,90.0
2025-06-21 22:00:00,4.6,5.2,,4.1,,77.0,2.0,3.6,195.0,202.0,1015.9,307.0,0.0,,60.0
2025-06-21 23:00:00,5.5,6.3,,4.5,,71.0,1.0,2.5,248.0,221.0,1015.9,181.0,0.0,,90.0
2025-06-22 00:00:00,4.9,6.3,,4.0,,76.0,1.4,4.5,260.0,262.0,1015.5,72.0,0.0,,90.0
2025-06-22 01:00:00,3.8,4.0,,3.7,,86.0,2.7,4.6,309.0,285.0,1015.1,30.0,0.0,,90.0
2025-06-22 02:00:00,4.0,4.3,,3.8,,85.0,3.2,5.7,355.0,335.0,1014.9,10.0,0.0,,90.0
2025-06-22 03:00:00,3.9,4.2,,3.8,,87.0,4.9,6.1,1.0,5.0,1014.4,3.0,0.0,,90.0
2025-06-22 04:00:00,3.9,4.0,,3.8,,87.0,4.3,6.2,345.0,353.0,1013.8,1.0,0.0,,90.0
2025-06-22 05:00:00,4.0,4.2,,3.8,,85.0,5.4,7.5,354.0,349.0,1013.3,3.0,0.0,,90.0
2025-06-22 06:00:00,4.1,4.3,6.3,3.8,3.7,85.0,6.2,8.1,1.0,357.0,1012.5,12.0,0.0,0.2,90.0
2025-06-22 07:00:00,4.7,5.1,,4.3,,80.0,6.6,8.7,2.0,360.0,1012.3,51.0,0.0,,60.0
2025-06-22 08:00:00,5.1,5.3,,4.9,,79.0,5.8,8.1,353.0,355.0,1012.7,127.0,0.0,,90.0
2025-06-22 09:00:00,5.5,5.9,,5.2,,79.0,4.9,6.9,359.0,1.0,1013.0,215.0,0.0,,90.0
2025-06-22 10:00:00,6.1,6.4,,5.8,,75.0,5.0,6.9,9.0,11.0,1013.0,319.0,0.0,,60.0
2025-06-22 11:00:00,6.8,7.8,,6.0,,75.0,2.7,5.1,29.0,17.0,1013.3,427.0,0.0,,60.0
2025-06-22 12:00:00,8.3,9.5,,7.1,,68.0,1.8,3.8,132.0,62.0,1012.8,501.0,0.0,,10.0
2025-06-22 13:00:00,9.4,9.8,,8.9,,61.0,7.0,12.0,147.0,148.0,1012.1,443.0,0.0,,60.0
2025-06-22 14:00:00,9.0,9.9,,8.5,,58.0,9.1,12.7,147.0,149.0,1011.6,604.0,0.0,,60.0
2025-06-22 15:00:00,9.3,9.9,,8.7,,58.0,7.1,11.8,172.0,164.0,1011.5,760.0,0.0,,60.0
2025-06-22 16:00:00,9.0,10.0,,8.4,,61.0,5.9,8.5,172.0,173.0,1011.4,713.0,0.0,,40.0
2025-06-22 17:00:00,8.8,9.7,,8.2,,63.0,7.0,9.8,147.0,154.0,1010.8,737.0,0.0,,40.0
2025-06-22 18:00:00,8.6,9.4,10.0,7.8,4.3,63.0,7.8,11.2,154.0,154.0,1010.1,663.0,0.0,,60.0
2025-06-22 19:00:00,8.8,9.3,,8.3,,61.0,7.1,10.3,156.0,153.0,1009.8,589.0,0.0,,
2025-06-22 20:00:00,8.7,9.1,,8.1,,61.0,8.0,11.4,165.0,162.0,1010.3,443.0,0.0,,10.0
2025-06-22 21:00:00,7.1,8.5,,6.5,,64.0,9.4,13.9,145.0,150.0,1010.1,267.0,0.0,,10.0
2025-06-22 22:00:00,8.4,9.6,,7.0,,56.0,11.9,16.5,140.0,141.0,1009.3,193.0,0.0,,40.0
2025-06-22 23:00:00,9.4,9.7,,8.8,,53.0,10.6,15.7,146.0,142.0,1009.5,146.0,0.0,,60.0
2025-06-23 00:00:00,8.7,9.1,,8.0,,64.0,8.8,12.8,149.0,147.0,1009.0,69.0,0.0,,60.0
2025-06-23 01:00:00,7.9,8.3,,7.3,,73.0,8.5,12.6,146.0,150.0,1009.3,29.0,0.0,,60.0
2025-06-23 02:00:00,8.2,8.5,,7.9,,76.0,6.5,10.0,143.0,144.0,1008.7,6.0,0.0,,90.0
2025-06-23 03:00:00,8.4,9.2,,6.9,,71.0,6.4,10.7,161.0,153.0,1008.7,1.0,0.0,,90.0
2025-06-23 04:00:00,8.3,9.2,,7.4,,71.0,7.0,10.9,141.0,145.0,1008.1,1.0,0.0,,90.0
2025-06-23 05:00:00,9.4,9.6,,9.2,,66.0,8.1,11.1,136.0,138.0,1008.3,2.0,0.0,,90.0
2025-06-23 06:00:00,9.6,9.7,9.7,9.3,6.5,68.0,7.2,10.5,133.0,137.0,1008.2,4.0,0.0,0.0,90.0
2025-06-23 07:00:00,9.2,9.5,,8.9,,70.0,5.0,8.4,122.0,128.0,1008.3,11.0,0.0,,100.0
2025-06-23 08:00:00,9.4,9.6,,9.2,,69.0,5.5,7.9,151.0,140.0,1008.3,25.0,0.0,,90.0
2025-06-23 09:00:00,8.8,9.3,,7.8,,73.0,4.9,6.8,175.0,160.0,1008.4,43.0,0.0,,60.0
2025-06-23 10:00:00,5.9,7.8,,4.9,,88.0,2.7,5.8,173.0,214.0,1008.0,89.0,0.0,,60.0
2025-06-23 11:00:00,5.8,6.0,,5.5,,91.0,3.7,5.6,159.0,166.0,1007.8,171.0,0.0,,40.0
2025-06-23 12:00:00,6.0,6.6,,5.7,,90.0,3.5,5.7,169.0,161.0,1007.5,276.0,0.0,,40.0
2025-06-23 13:00:00,6.6,7.1,,6.2,,87.0,4.2,7.0,158.0,157.0,1006.9,229.0,0.0,,90.0
2025-06-23 14:00:00,6.6,7.0,,6.3,,88.0,5.6,7.9,176.0,171.0,1006.7,279.0,0.0,,90.0
2025-06-23 15:00:00,6.4,7.3,,5.8,,91.0,2.6,6.1,210.0,193.0,1006.5,241.0,0.0,,90.0
2025-06-23 16:00:00,5.5,6.3,,5.1,,98.0,2.5,3.9,192.0,200.0,1006.2,244.0,0.4,,90.0
2025-06-23 17:00:00,5.9,6.4,,5.5,,99.0,2.2,3.6,160.0,178.0,1006.1,279.0,0.1,,90.0
2025-06-23 18:00:00,6.2,6.7,9.6,5.8,4.9,99.0,1.9,3.1,156.0,162.0,1006.2,226.0,0.0,,90.0
2025-06-23 19:00:00,6.4,6.9,,5.9,,98.0,2.0,3.6,190.0,185.0,1006.2,210.0,0.3,,90.0
2025-06-23 20:00:00,6.6,6.9,,6.2,,98.0,1.5,3.1,179.0,182.0,1006.1,185.0,0.5,,100.0
2025-06-23 21:00:00,6.7,7.2,,5.4,,95.0,1.9,5.5,200.0,179.0,1006.1,79.0,0.1,,90.0
2025-06-23 22:00:00,5.8,6.2,,5.5,,99.0,2.8,4.1,179.0,185.0,1006.2,83.0,0.8,,100.0
2025-06-23 23:00:00,5.8,6.1,,5.5,,99.0,3.0,4.6,154.0,170.0,1006.2,41.0,0.2,,90.0
2025-06-24 00:00:00,5.5,5.6,,5.3,,98.0,3.5,5.6,150.0,154.0,1006.0,34.0,0.4,,100.0
2025-06-24 01:00:00,5.0,5.4,,4.7,,96.0,3.9,5.3,178.0,169.0,1006.0,16.0,0.0,,100.0
2025-06-24 02:00:00,4.7,4.8,,4.4,,99.0,1.8,4.7,189.0,187.0,1006.2,3.0,0.0,,90.0
2025-06-24 03:00:00,4.4,4.7,,4.2,,99.0,0.3,1.3,0.0,137.0,1006.2,1.0,0.0,,90.0
2025-06-24 04:00:00,4.4,4.5,,4.3,,100.0,1.0,1.8,5.0,353.0,1006.0,0.0,0.0,,90.0
2025-06-24 05:00:00,4.6,4.8,,4.3,,97.0,2.1,2.9,359.0,2.0,1005.7,1.0,0.0,,100.0
2025-06-24 06:00:00,4.7,4.8,7.2,4.6,4.2,96.0,2.2,2.8,337.0,348.0,1005.8,4.0,0.0,2.8,100.0
2025-06-24 07:00:00,4.5,4.6,,4.4,,99.0,2.8,3.3,347.0,352.0,1005.7,11.0,0.0,,100.0
2025-06-24 08:00:00,4.6,4.7,,4.5,,99.0,3.2,4.3,,353.0,1005.5,62.0,0.0,,60.0
2025-06-24 09:00:00,5.0,5.3,,4.6,,95.0,4.3,5.9,6.0,6.0,1005.5,138.0,0.0,,10.0
2025-06-24 10:00:00,5.7,6.2,,5.1,,94.0,4.3,6.0,10.0,13.0,1005.5,190.0,0.0,,10.0
2025-06-24 11:00:00,6.1,6.6,,5.7,,92.0,3.7,4.7,360.0,357.0,1005.5,390.0,0.0,,10.0
2025-06-24 12:00:00,6.6,6.9,,6.3,,89.0,4.5,6.6,6.0,2.0,1005.5,459.0,0.0,,40.0
2025-06-24 13:00:00,6.9,7.3,,6.6,,88.0,4.5,5.9,358.0,2.0,1005.6,433.0,0.0,,90.0
2025-06-24 14:00:00,7.7,8.9,,7.0,,84.0,4.0,5.5,13.0,5.0,1005.5,458.0,0.0,,90.0
2025-06-24 15:00:00,8.7,9.8,,7.9,,79.0,3.5,4.8,359.0,1.0,1005.2,522.0,0.0,,90.0
2025-06-24 16:00:00,9.8,10.2,,9.5,,73.0,2.9,4.0,359.0,0.0,1005.0,416.0,0.0,,90.0
2025-06-24 17:00:00,10.5,10.9,,9.5,,71.0,2.2,3.6,309.0,348.0,1004.7,459.0,0.0,,90.0
2025-06-24 18:00:00,10.4,10.9,10.9,9.5,4.4,74.0,1.3,2.5,237.0,255.0,1004.6,369.0,0.0,,90.0
2025-06-24 19:00:00,10.4,10.9,,9.9,,76.0,2.1,3.7,259.0,264.0,1004.6,336.0,0.0,,90.0
2025-06-24 20:00:00,10.3,10.6,,9.8,,73.0,2.5,4.1,255.0,250.0,1004.5,308.0,0.0,,60.0
2025-06-24 21:00:00,9.7,10.2,,9.2,,74.0,2.2,4.0,266.0,257.0,1004.2,285.0,0.0,,40.0
2025-06-24 22:00:00,8.8,9.4,,8.5,,77.0,2.1,3.9,251.0,266.0,1004.2,213.0,0.0,,10.0
2025-06-24 23:00:00,8.2,9.0,,7.4,,80.0,1.7,3.6,240.0,252.0,1004.2,121.0,0.0,,60.0
2025-06-25 00:00:00,6.9,7.6,,6.5,,86.0,1.9,3.5,267.0,252.0,1004.2,40.0,0.0,,90.0
2025-06-25 01:00:00,6.2,6.9,,5.5,,91.0,1.6,2.7,252.0,255.0,1004.2,22.0,0.0,,90.0
2025-06-25 02:00:00,5.8,6.1,,5.6,,93.0,0.6,1.7,271.0,262.0,1003.8,7.0,0.0,,90.0
2025-06-25 03:00:00,5.6,5.8,,4.9,,94.0,0.8,2.4,179.0,213.0,1003.7,1.0,0.0,,90.0
2025-06-25 04:00:00,4.8,5.2,,4.3,,96.0,2.6,3.8,171.0,178.0,1003.8,0.0,0.0,,90.0
2025-06-25 05:00:00,4.6,4.9,,4.3,,94.0,1.5,3.2,206.0,187.0,1003.8,1.0,0.0,,90.0
2025-06-25 06:00:00,4.3,4.6,10.9,3.9,3.9,95.0,2.1,4.5,185.0,180.0,1003.7,8.0,0.0,0.0,90.0
2025-06-25 07:00:00,3.6,4.0,,3.4,,97.0,2.8,3.7,169.0,173.0,1003.9,21.0,0.0,,90.0
2025-06-25 08:00:00,3.7,4.0,,3.4,,98.0,2.9,4.0,175.0,174.0,1004.1,36.0,0.0,,90.0
2025-06-25 09:00:00,4.3,4.7,,3.8,,94.0,2.2,3.8,180.0,175.0,1004.2,63.0,0.0,,90.0
2025-06-25 10:00:00,3.8,4.3,,3.6,,97.0,2.7,4.2,183.0,184.0,1004.4,65.0,0.0,,90.0
2025-06-25 11:00:00,3.9,4.4,,3.6,,98.0,1.4,2.6,197.0,182.0,1004.6,123.0,0.0,,90.0
2025-06-25 12:00:00,4.3,4.7,,4.1,,96.0,0.9,1.9,265.0,251.0,1004.3,177.0,0.0,,90.0
2025-06-25 13:00:00,4.8,5.2,,4.5,,94.0,1.2,2.3,271.0,266.0,1004.2,260.0,0.0,,90.0
2025-06-25 14:00:00,5.3,5.9,,4.9,,94.0,1.3,2.6,266.0,274.0,1004.2,381.0,0.0,,90.0
2025-06-25 15:00:00,6.0,6.4,,5.6,,90.0,1.9,3.0,265.0,260.0,1004.1,312.0,0.0,,90.0
2025-06-25 16:00:00,6.9,7.5,,6.3,,85.0,2.0,3.9,273.0,265.0,1004.0,411.0,0.0,,90.0
2025-06-25 17:00:00,7.6,8.1,,7.1,,78.0,3.0,4.3,287.0,298.0,1003.8,666.0,0.0,,90.0
2025-06-25 18:00:00,7.7,8.3,8.3,7.4,3.4,77.0,4.3,6.4,268.0,269.0,1003.9,601.0,0.0,,90.0
2025-06-25 19:00:00,7.4,7.8,,6.8,,77.0,5.2,6.8,268.0,268.0,1003.9,601.0,0.0,,60.0
2025-06-25 20:00:00,6.2,6.9,,5.6,,81.0,4.8,7.1,265.0,265.0,1004.0,504.0,0.0,,60.0
2025-06-25 21:00:00,5.1,5.9,,4.5,,84.0,4.8,6.6,265.0,266.0,1004.1,279.0,0.0,,60.0
2025-06-25 22:00:00,4.0,4.6,,3.7,,89.0,4.4,6.1,281.0,278.0,1004.1,235.0,0.0,,60.0
2025-06-25 23:00:00,3.4,3.8,,3.2,,92.0,4.0,5.5,286.0,290.0,1003.9,113.0,0.0,,60.0
2025-06-26 00:00:00,3.1,3.3,,2.9,,93.0,3.9,5.2,294.0,293.0,1004.2,82.0,0.0,,90.0
2025-06-26 01:00:00,2.7,2.9,,2.6,,97.0,4.1,6.2,281.0,285.0,1003.6,9.0,0.0,,90.0
2025-06-26 02:00:00,2.4,2.7,,2.1,,98.0,4.1,6.0,295.0,297.0,1003.5,6.0,0.0,,90.0
2025-06-26 03:00:00,2.2,2.3,,2.1,,98.0,4.4,5.7,303.0,297.0,1003.2,2.0,0.0,,90.0
2025-06-26 04:00:00,2.3,2.4,,2.2,,99.0,4.4,5.9,318.0,312.0,1003.1,1.0,0.0,,90.0
2025-06-26 05:00:00,2.3,2.4,,2.2,,99.0,3.8,5.5,314.0,325.0,1002.7,1.0,0.0,,90.0
2025-06-26 06:00:00,2.1,2.3,7.8,2.0,2.0,99.0,4.0,5.4,327.0,327.0,1002.4,7.0,0.0,0.0,90.0
2025-06-26 07:00:00,2.0,2.1,,1.8,,98.0,3.2,4.8,311.0,329.0,1002.2,16.0,0.0,,
2025-06-26 08:00:00,1.8,2.0,,1.6,,99.0,3.2,5.0,320.0,309.0,1001.8,30.0,0.0,,
2025-06-26 09:00:00,1.7,2.0,,1.5,,100.0,2.6,4.0,340.0,326.0,1001.4,59.0,0.0,,90.0
2025-06-26 10:00:00,1.8,2.0,,1.6,,100.0,2.3,4.0,4.0,341.0,1001.2,95.0,0.0,,90.0
2025-06-26 11:00:00,2.0,2.2,,1.8,,99.0,2.2,3.4,327.0,342.0,1001.0,143.0,0.0,,100.0
2025-06-26 12:00:00,2.2,2.5,,2.0,,99.0,1.8,3.2,357.0,356.0,1000.8,207.0,0.0,,100.0
2025-06-26 13:00:00,2.8,3.2,,2.4,,95.0,1.9,3.0,358.0,357.0,1000.3,333.0,0.0,,100.0
2025-06-26 14:00:00,3.9,4.6,,3.2,,91.0,2.3,3.4,345.0,353.0,1000.0,507.0,0.0,,100.0
2025-06-26 15:00:00,5.1,5.9,,4.3,,87.0,2.1,3.3,285.0,318.0,999.6,769.0,0.0,,40.0
2025-06-26 16:00:00,5.8,6.9,,4.9,,84.0,1.3,2.7,301.0,275.0,999.1,777.0,0.0,,40.0
2025-06-26 17:00:00,7.3,8.6,,6.6,,79.0,1.8,3.4,312.0,280.0,998.8,764.0,0.0,,40.0
2025-06-26 18:00:00,8.2,9.3,9.3,7.5,1.5,75.0,2.6,4.2,330.0,323.0,998.6,720.0,0.0,,40.0
2025-06-26 19:00:00,8.3,9.4,,6.9,,75.0,3.1,5.8,280.0,297.0,998.5,645.0,0.0,,40.0
2025-06-26 20:00:00,7.0,7.8,,6.3,,80.0,5.2,7.9,288.0,288.0,998.5,557.0,0.0,,90.0
2025-06-26 21:00:00,5.5,6.4,,4.7,,85.0,5.8,8.2,303.0,293.0,998.5,454.0,0.0,,60.0
2025-06-26 22:00:00,4.7,5.4,,4.1,,87.0,5.9,7.8,308.0,309.0,998.5,325.0,0.0,,40.0
2025-06-26 23:00:00,3.6,4.3,,3.1,,93.0,5.6,7.6,310.0,307.0,998.3,133.0,0.0,,100.0
2025-06-27 00:00:00,2.8,3.1,,2.5,,97.0,5.9,7.9,309.0,311.0,998.2,43.0,0.0,,90.0
2025-06-27 01:00:00,2.4,2.6,,2.1,,99.0,6.0,8.7,306.0,311.0,998.2,10.0,0.0,,
2025-06-27 02:00:00,2.1,2.4,,1.7,,100.0,5.5,8.5,304.0,318.0,998.1,3.0,0.0,,
2025-06-27 03:00:00,2.0,2.1,,1.7,,100.0,4.8,7.8,313.0,325.0,997.8,1.0,0.0,,
2025-06-27 04:00:00,1.8,2.0,,1.7,,100.0,4.8,8.0,317.0,315.0,997.7,0.0,0.0,,
2025-06-27 05:00:00,1.8,2.0,,1.7,,100.0,5.1,7.4,309.0,313.0,997.7,1.0,0.0,,
2025-06-27 06:00:00,1.6,1.9,9.4,1.5,1.5,100.0,4.9,6.9,302.0,304.0,997.7,4.0,0.0,0.0,
2025-06-27 07:00:00,1.6,1.8,,1.5,,100.0,3.8,5.8,287.0,302.0,997.7,10.0,0.0,,
2025-06-27 08:00:00,1.8,1.9,,1.6,,100.0,3.1,5.4,310.0,296.0,997.8,20.0,0.0,,
2025-06-27 09:00:00,1.9,2.1,,1.8,,100.0,2.9,4.6,306.0,301.0,997.8,40.0,0.0,,
2025-06-27 10:00:00,2.2,2.3,,2.0,,100.0,2.1,4.0,296.0,313.0,998.0,72.0,0.0,,90.0
2025-06-27 11:00:00,2.4,2.6,,2.2,,100.0,2.4,3.7,289.0,282.0,998.1,109.0,0.0,,100.0
2025-06-27 12:00:00,2.5,2.9,,2.3,,100.0,2.0,2.9,268.0,275.0,998.2,138.0,0.0,,100.0
2025-06-27 13:00:00,3.0,3.3,,2.6,,99.0,2.7,4.5,270.0,265.0,998.4,234.0,0.0,,100.0
2025-06-27 14:00:00,3.4,3.7,,3.1,,95.0,3.2,4.7,271.0,269.0,998.4,279.0,0.0,,100.0
2025-06-27 15:00:00,3.6,3.9,,3.3,,91.0,3.9,5.8,271.0,267.0,998.7,344.0,0.0,,100.0
2025-06-27 16:00:00,3.6,4.0,,3.4,,88.0,4.0,5.5,261.0,267.0,998.8,386.0,0.0,,100.0
2025-06-27 17:00:00,3.7,4.1,,3.4,,87.0,3.6,5.1,262.0,262.0,999.2,369.0,0.0,,100.0
2025-06-27 18:00:00,3.5,3.8,4.1,3.3,1.5,88.0,3.4,5.1,257.0,260.0,999.5,299.0,0.0,,100.0
2025-06-27 19:00:00,3.4,3.7,,3.0,,89.0,3.1,4.7,260.0,257.0,999.7,265.0,0.0,,100.0
2025-06-27 20:00:00,3.3,3.6,,3.0,,89.0,2.6,4.7,270.0,266.0,1000.0,200.0,0.0,,100.0
2025-06-27 21:00:00,3.2,3.7,,2.9,,89.0,2.3,3.8,208.0,244.0,1000.4,196.0,0.0,,100.0
2025-06-27 22:00:00,3.0,3.4,,2.8,,89.0,1.8,3.3,244.0,214.0,1000.7,136.0,0.0,,100.0
2025-06-27 23:00:00,2.8,3.2,,2.5,,90.0,2.2,3.7,265.0,228.0,1001.3,82.0,0.0,,100.0
2025-06-28 00:00:00,2.5,2.7,,2.4,,92.0,2.5,4.0,199.0,214.0,1001.4,33.0,0.0,,100.0
2025-06-28 01:00:00,2.2,2.7,,1.9,,95.0,3.3,5.2,199.0,194.0,1001.8,15.0,0.0,,90.0
2025-06-28 02:00:00,1.6,1.9,,1.5,,98.0,3.6,5.7,199.0,204.0,1002.1,6.0,0.0,,
2025-06-28 03:00:00,1.4,1.6,,1.4,,99.0,3.5,5.7,198.0,203.0,1002.3,1.0,0.0,,90.0
2025-06-28 04:00:00,1.5,1.6,,1.4,,99.0,3.2,5.1,189.0,188.0,1002.7,0.0,0.0,,
2025-06-28 05:00:00,1.6,1.7,,1.5,,100.0,3.2,4.9,182.0,184.0,1002.8,1.0,0.0,,
2025-06-28 06:00:00,1.7,1.9,3.7,1.6,1.4,100.0,3.4,5.1,178.0,178.0,1003.1,3.0,0.0,0.0,
2025-06-28 07:00:00,1.8,1.9,,1.7,,100.0,3.4,5.3,159.0,171.0,1003.5,14.0,0.0,,
2025-06-28 08:00:00,1.8,1.9,,1.7,,100.0,3.2,4.9,159.0,166.0,1004.0,36.0,0.0,,
2025-06-28 09:00:00,1.8,2.0,,1.7,,100.0,3.3,5.0,161.0,165.0,1004.6,60.0,0.0,,
2025-06-28 10:00:00,1.9,2.1,,1.7,,100.0,3.0,4.6,154.0,155.0,1004.9,83.0,0.0,,
2025-06-28 11:00:00,2.1,2.3,,2.0,,100.0,3.4,5.5,164.0,157.0,1005.5,143.0,0.0,,100.0
2025-06-28 12:00:00,2.5,2.8,,2.2,,99.0,3.6,5.5,169.0,168.0,1006.2,196.0,0.0,,100.0
2025-06-28 13:00:00,3.0,3.3,,2.7,,93.0,3.1,4.6,156.0,163.0,1006.5,257.0,0.0,,100.0
2025-06-28 14:00:00,3.4,3.8,,3.0,,90.0,3.3,5.2,175.0,165.0,1007.0,306.0,0.0,,100.0
2025-06-28 15:00:00,3.9,4.6,,3.3,,88.0,2.7,4.8,192.0,173.0,1007.5,417.0,0.0,,100.0
2025-06-28 16:00:00,3.9,4.3,,3.5,,88.0,2.4,3.9,217.0,227.0,1007.7,411.0,0.0,,100.0
2025-06-28 17:00:00,3.9,4.3,,3.5,,87.0,2.9,4.8,243.0,235.0,1008.1,460.0,0.0,,100.0
2025-06-28 18:00:00,4.0,4.8,4.8,3.4,1.7,87.0,3.0,4.6,219.0,216.0,1008.2,485.0,0.0,,100.0
2025-06-28 19:00:00,4.0,4.7,,3.7,,87.0,3.3,4.8,224.0,221.0,1008.7,474.0,0.0,,100.0
2025-06-28 20:00:00,3.7,4.1,,3.3,,89.0,3.3,5.5,196.0,222.0,1008.9,363.0,0.0,,90.0
2025-06-28 21:00:00,4.2,5.0,,3.7,,88.0,3.4,5.3,188.0,188.0,1009.3,334.0,0.0,,90.0
2025-06-28 22:00:00,3.6,4.0,,3.2,,92.0,2.7,5.1,184.0,185.0,1009.2,215.0,0.0,,90.0
2025-06-28 23:00:00,2.9,3.7,,2.4,,95.0,2.8,5.0,207.0,206.0,1009.5,117.0,0.0,,
2025-06-29 00:00:00,2.4,2.7,,2.1,,99.0,2.2,4.0,192.0,183.0,1009.8,69.0,0.0,,
2025-06-29 01:00:00,2.0,2.4,,1.7,,99.0,1.5,3.0,150.0,183.0,1010.1,18.0,0.0,,
2025-06-29 02:00:00,1.9,2.0,,1.7,,100.0,0.8,1.9,271.0,212.0,1010.0,5.0,0.0,,
2025-06-29 03:00:00,1.7,1.8,,1.3,,100.0,1.3,2.6,151.0,224.0,1009.9,1.0,0.0,,
2025-06-29 04:00:00,1.4,1.6,,1.1,,100.0,1.0,2.0,144.0,175.0,1009.7,0.0,0.0,,
2025-06-29 05:00:00,0.7,1.2,,0.2,,100.0,1.8,3.6,169.0,156.0,1009.9,1.0,0.0,,
2025-06-29 06:00:00,0.5,0.9,5.0,0.2,0.2,100.0,2.6,4.3,173.0,163.0,1010.0,5.0,0.0,0.0,
2025-06-29 07:00:00,0.4,0.7,,0.2,,100.0,3.6,5.0,172.0,167.0,1010.1,19.0,0.0,,
2025-06-29 08:00:00,0.5,0.9,,0.2,,100.0,3.0,5.3,154.0,159.0,1010.0,56.0,0.0,,
2025-06-29 09:00:00,0.5,1.0,,0.2,,100.0,3.4,4.9,165.0,156.0,1010.0,97.0,0.0,,
2025-06-29 10:00:00,1.2,1.5,,0.7,,100.0,5.0,7.6,179.0,172.0,1010.2,150.0,0.0,,
2025-06-29 11:00:00,1.5,2.0,,1.1,,100.0,5.3,7.9,169.0,173.0,1010.2,259.0,0.0,,
2025-06-29 12:00:00,2.0,2.4,,1.6,,100.0,6.4,10.2,169.0,166.0,1009.8,380.0,0.0,,
2025-06-29 13:00:00,2.7,3.2,,2.3,,99.0,8.3,11.3,160.0,164.0,1009.7,541.0,0.0,,
2025-06-29 14:00:00,3.4,5.1,,2.7,,93.0,8.5,11.5,163.0,164.0,1009.4,705.0,0.0,,40.0
2025-06-29 15:00:00,5.1,5.6,,4.3,,82.0,9.5,13.3,166.0,166.0,1009.0,745.0,0.0,,40.0
2025-06-29 16:00:00,4.5,5.9,,3.9,,83.0,10.1,13.3,162.0,167.0,1008.8,777.0,0.0,,60.0
2025-06-29 17:00:00,4.3,5.4,,3.6,,84.0,9.8,13.4,171.0,164.0,1008.9,747.0,0.0,,60.0
2025-06-29 18:00:00,4.7,5.4,5.9,4.1,0.2,82.0,10.2,15.6,160.0,161.0,1008.5,723.0,0.0,,60.0
2025-06-29 19:00:00,5.1,6.1,,4.0,,81.0,10.8,14.7,154.0,157.0,1008.5,583.0,0.0,,60.0
2025-06-29 20:00:00,5.2,5.5,,4.9,,81.0,10.7,15.5,153.0,153.0,1008.7,338.0,0.0,,40.0
2025-06-29 21:00:00,5.5,6.1,,4.8,,78.0,11.7,15.2,154.0,152.0,1007.9,168.0,0.0,,90.0
2025-06-29 22:00:00,4.7,6.0,,3.7,,83.0,10.1,13.9,172.0,165.0,1007.9,87.0,0.0,,90.0
2025-06-29 23:00:00,4.1,4.7,,3.5,,87.0,9.2,13.0,155.0,160.0,1007.1,39.0,0.0,,90.0
2025-06-30 00:00:00,4.5,6.1,,3.9,,86.0,7.9,12.9,136.0,139.0,1006.9,19.0,0.0,,90.0
2025-06-30 01:00:00,5.5,7.3,,4.5,,84.0,6.8,10.8,153.0,155.0,1006.5,8.0,0.3,,100.0
2025-06-30 02:00:00,5.0,5.5,,4.4,,88.0,5.4,8.9,157.0,156.0,1005.8,2.0,0.8,,100.0
2025-06-30 03:00:00,4.4,4.9,,4.0,,92.0,8.9,12.5,155.0,156.0,1005.3,0.0,1.0,,100.0
2025-06-30 04:00:00,4.1,4.7,,3.8,,94.0,7.4,11.8,141.0,149.0,1004.3,0.0,0.6,,100.0
2025-06-30 05:00:00,4.7,5.0,,4.2,,92.0,7.6,12.8,146.0,143.0,1003.4,0.0,0.3,,100.0
2025-06-30 06:00:00,5.5,6.1,7.3,5.0,3.5,91.0,6.3,10.7,154.0,155.0,1002.6,1.0,0.7,3.7,100.0
2025-06-30 07:00:00,5.5,6.2,,5.1,,95.0,4.4,7.5,137.0,137.0,1001.2,4.0,1.3,,90.0
2025-06-30 08:00:00,6.3,6.6,,6.0,,95.0,4.1,8.0,113.0,134.0,1000.6,12.0,1.6,,90.0
2025-06-30 09:00:00,6.8,7.8,,5.9,,95.0,6.4,12.9,148.0,140.0,999.6,20.0,3.1,,90.0
2025-06-30 10:00:00,7.9,8.4,,7.3,,92.0,12.4,21.9,139.0,141.0,997.9,26.0,3.0,,90.0
2025-06-30 11:00:00,8.9,9.4,,8.3,,84.0,15.1,23.3,141.0,139.0,997.5,67.0,0.0,,90.0
2025-06-30 12:00:00,8.1,9.1,,7.6,,86.0,14.9,21.2,136.0,138.0,996.8,54.0,0.0,,90.0
2025-06-30 13:00:00,7.4,8.1,,6.9,,91.0,14.1,20.5,140.0,141.0,996.8,80.0,0.0,,90.0
2025-06-30 14:00:00,7.7,8.7,,6.0,,85.0,14.7,20.7,157.0,148.0,996.4,105.0,0.0,,90.0
2025-06-30 15:00:00,6.0,6.4,,5.6,,86.0,19.4,29.0,147.0,149.0,995.4,102.0,0.0,,90.0
2025-06-30 16:00:00,5.5,5.9,,5.0,,93.0,19.4,27.4,148.0,147.0,994.3,84.0,0.0,,90.0
2025-06-30 17:00:00,4.4,4.9,,3.8,,97.0,19.8,27.7,148.0,150.0,994.7,119.0,0.0,,90.0
2025-06-30 18:00:00,3.5,3.7,9.4,3.2,3.2,99.0,17.8,24.2,151.0,151.0,995.6,100.0,0.0,,90.0
2025-06-30 19:00:00,3.2,3.3,,3.2,,99.0,17.5,24.2,150.0,150.0,996.2,101.0,0.0,,
2025-06-30 20:00:00,3.2,3.3,,3.1,,100.0,17.0,22.1,149.0,150.0,996.3,90.0,0.0,,90.0
2025-06-30 21:00:00,3.2,3.3,,3.1,,100.0,16.1,21.5,146.0,149.0,996.4,40.0,0.0,,
2025-06-30 22:00:00,3.3,3.4,,3.2,,100.0,16.8,22.9,150.0,148.0,996.6,43.0,1.0,,90.0
2025-06-30 23:00:00,3.3,3.3,,3.2,,99.0,17.2,23.1,151.0,150.0,997.0,27.0,2.0,,90.0
2025-07-01 00:00:00,3.2,3.3,,3.1,,99.0,17.4,23.8,148.0,149.0,997.5,14.0,0.9,,90.0
2025-07-01 01:00:00,3.2,3.3,,3.0,,98.0,16.4,21.5,151.0,148.0,998.2,7.0,1.0,,90.0
2025-07-01 02:00:00,2.9,3.0,,2.7,,99.0,15.1,21.2,155.0,151.0,999.1,2.0,0.7,,
2025-07-01 03:00:00,2.7,2.8,,2.6,,100.0,14.4,19.8,144.0,149.0,998.8,0.0,0.6,,90.0
2025-07-01 04:00:00,2.6,2.7,,2.5,,99.0,14.5,19.7,146.0,146.0,999.0,0.0,0.0,,90.0
2025-07-01 05:00:00,2.4,2.6,,2.2,,99.0,14.6,19.0,147.0,149.0,999.3,0.0,0.5,,90.0
2025-07-01 06:00:00,2.2,2.3,3.4,2.0,2.0,99.0,13.4,19.2,143.0,142.0,1000.0,1.0,0.7,16.4,90.0
2025-07-01 07:00:00,2.0,2.3,,1.9,,99.0,12.4,17.1,147.0,146.0,1000.4,4.0,0.0,,90.0
2025-07-01 08:00:00,2.4,2.5,,2.2,,100.0,12.0,17.6,155.0,151.0,1001.4,13.0,0.4,,
2025-07-01 09:00:00,2.1,2.2,,2.1,,100.0,9.9,14.4,149.0,152.0,1001.9,27.0,0.0,,
2025-07-01 10:00:00,2.2,2.4,,2.1,,100.0,10.4,15.5,154.0,152.0,1002.3,75.0,0.0,,
2025-07-01 11:00:00,2.3,2.4,,2.3,,100.0,10.5,14.3,152.0,155.0,1003.1,86.0,0.0,,
2025-07-01 12:00:00,2.3,2.4,,2.2,,100.0,10.2,15.3,155.0,154.0,1003.9,97.0,0.5,,
2025-07-01 13:00:00,2.3,2.4,,2.2,,100.0,9.4,13.3,153.0,155.0,1004.5,139.0,0.0,,
2025-07-01 14:00:00,2.4,2.6,,2.3,,100.0,8.6,12.0,151.0,153.0,1005.0,196.0,0.3,,
2025-07-01 15:00:00,2.6,2.8,,2.5,,100.0,8.4,11.6,158.0,156.0,1005.5,333.0,0.0,,
2025-07-01 16:00:00,2.6,2.8,,2.4,,100.0,7.5,10.6,155.0,155.0,1005.9,305.0,0.0,,
2025-07-01 17:00:00,2.6,2.9,,2.5,,100.0,7.4,10.5,154.0,157.0,1006.3,353.0,0.3,,100.0
2025-07-01 18:00:00,2.7,3.1,3.1,2.4,1.9,100.0,7.2,10.2,165.0,159.0,1006.9,328.0,0.0,,
2025-07-01 19:00:00,2.7,2.9,,2.5,,100.0,6.9,9.6,161.0,161.0,1007.1,209.0,0.0,,100.0
2025-07-01 20:00:00,2.8,3.0,,2.6,,98.0,6.5,9.5,159.0,163.0,1007.4,180.0,0.0,,100.0
2025-07-01 21:00:00,2.8,3.0,,2.7,,96.0,6.0,8.8,163.0,162.0,1007.6,122.0,0.0,,100.0
2025-07-01 22:00:00,2.8,2.9,,2.7,,98.0,6.3,9.7,154.0,161.0,1007.7,93.0,0.0,,100.0
2025-07-01 23:00:00,2.7,2.9,,2.7,,100.0,5.1,8.5,162.0,162.0,1008.1,74.0,0.0,,
2025-07-02 00:00:00,2.7,2.9,,2.5,,100.0,2.2,5.5,75.0,159.0,1008.2,53.0,0.0,,
2025-07-02 01:00:00,2.6,3.0,,2.3,,100.0,0.8,1.9,299.0,350.0,1008.5,16.0,0.0,,90.0
2025-07-02 02:00:00,2.3,2.4,,2.1,,100.0,1.8,3.2,359.0,333.0,1008.2,5.0,0.0,,
2025-07-02 03:00:00,2.2,2.3,,2.0,,100.0,1.5,2.7,329.0,339.0,1008.2,2.0,0.0,,
2025-07-02 04:00:00,1.8,2.1,,1.5,,100.0,1.7,4.1,360.0,352.0,1007.4,1.0,0.0,,
2025-07-02 05:00:00,2.9,3.8,,1.9,,100.0,5.0,7.4,24.0,11.0,1006.9,2.0,0.0,,
2025-07-02 06:00:00,3.4,4.1,4.1,2.6,1.5,97.0,3.9,7.2,56.0,38.0,1006.7,7.0,0.0,1.5,60.0
2025-07-02 07:00:00,3.5,4.3,,2.8,,94.0,1.7,3.0,231.0,157.0,1006.7,21.0,0.0,,90.0
2025-07-02 08:00:00,4.5,5.2,,4.0,,91.0,1.6,3.9,150.0,3.0,1006.5,101.0,0.0,,60.0
2025-07-02 09:00:00,4.3,5.7,,3.7,,93.0,1.4,3.4,229.0,138.0,1006.3,134.0,0.0,,40.0
2025-07-02 10:00:00,5.4,6.0,,5.0,,89.0,1.1,2.3,186.0,186.0,1006.3,262.0,0.0,,10.0
2025-07-02 11:00:00,5.4,5.9,,5.0,,88.0,2.4,4.8,261.0,245.0,1006.0,436.0,0.0,,40.0
2025-07-02 12:00:00,5.8,6.3,,5.4,,87.0,1.8,3.1,266.0,265.0,1005.6,538.0,0.0,,40.0
2025-07-02 13:00:00,6.2,7.0,,5.7,,85.0,2.1,3.8,227.0,258.0,1005.4,638.0,0.0,,60.0
2025-07-02 14:00:00,7.9,8.6,,6.9,,77.0,1.5,3.5,209.0,229.0,1005.1,639.0,0.0,,10.0
2025-07-02 15:00:00,8.4,9.0,,7.7,,76.0,1.9,3.2,251.0,248.0,1004.8,676.0,0.0,,10.0
2025-07-02 16:00:00,9.2,10.0,,8.3,,75.0,1.4,2.7,264.0,241.0,1004.2,749.0,0.0,,10.0
2025-07-02 17:00:00,9.4,10.2,,8.8,,72.0,1.6,3.0,247.0,237.0,1003.7,723.0,0.0,,10.0
2025-07-02 18:00:00,9.8,10.7,10.7,9.0,2.8,69.0,1.4,2.7,246.0,243.0,1003.2,641.0,0.0,,10.0
2025-07-02 19:00:00,9.3,10.6,,8.5,,68.0,2.4,3.4,220.0,216.0,1002.8,580.0,0.0,,10.0
2025-07-02 20:00:00,10.8,11.7,,10.3,,58.0,1.6,2.7,265.0,235.0,1002.4,436.0,0.0,,10.0
2025-07-02 21:00:00,11.4,12.0,,11.1,,57.0,2.0,3.3,254.0,256.0,1002.0,293.0,0.0,,10.0
2025-07-02 22:00:00,11.4,11.7,,11.1,,58.0,1.9,3.7,259.0,253.0,1001.7,268.0,0.0,,10.0
2025-07-02 23:00:00,11.3,11.7,,10.9,,60.0,1.3,3.3,263.0,251.0,1001.5,160.0,0.0,,10.0
2025-07-03 00:00:00,11.1,11.5,,10.8,,63.0,1.2,2.5,300.0,275.0,1001.3,100.0,0.0,,10.0
2025-07-03 01:00:00,11.1,11.5,,10.9,,65.0,1.2,2.2,321.0,292.0,1001.1,58.0,0.0,,40.0
2025-07-03 02:00:00,10.0,11.2,,8.4,,70.0,1.3,2.4,137.0,76.0,1001.0,14.0,0.0,,60.0
2025-07-03 03:00:00,8.5,8.7,,8.3,,79.0,1.8,2.8,157.0,154.0,1000.7,2.0,0.0,,40.0
2025-07-03 04:00:00,8.1,8.4,,7.2,,79.0,2.1,3.3,147.0,156.0,1000.5,0.0,0.0,,90.0
2025-07-03 05:00:00,6.8,7.2,,6.4,,85.0,2.6,3.4,233.0,177.0,1000.0,2.0,0.0,,60.0
2025-07-03 06:00:00,6.3,6.9,12.0,5.9,5.9,91.0,1.4,2.7,276.0,240.0,999.5,7.0,0.0,0.0,60.0
2025-07-03 07:00:00,7.7,8.5,,6.9,,84.0,1.9,2.7,336.0,309.0,999.2,33.0,0.0,,40.0
2025-07-03 08:00:00,7.4,8.2,,6.4,,82.0,3.9,5.2,359.0,354.0,998.9,68.0,0.0,,40.0
2025-07-03 09:00:00,7.4,8.1,,6.3,,84.0,4.4,5.0,358.0,2.0,998.8,207.0,0.0,,10.0
2025-07-03 10:00:00,7.2,8.0,,6.8,,85.0,4.9,6.1,6.0,358.0,998.5,249.0,0.0,,10.0
2025-07-03 11:00:00,7.7,8.1,,7.3,,84.0,4.3,6.2,345.0,351.0,998.7,368.0,0.0,,10.0
2025-07-03 12:00:00,8.3,9.3,,7.7,,80.0,4.0,6.8,354.0,353.0,998.6,398.0,0.0,,10.0
2025-07-03 13:00:00,11.2,12.1,,9.4,,65.0,3.3,4.6,14.0,14.0,998.7,664.0,0.0,,10.0
2025-07-03 14:00:00,12.3,12.9,,11.7,,62.0,3.5,4.8,359.0,3.0,998.7,634.0,0.0,,10.0
2025-07-03 15:00:00,13.1,14.0,,12.3,,62.0,3.6,4.7,356.0,360.0,998.7,638.0,0.0,,10.0
2025-07-03 16:00:00,14.4,15.3,,13.7,,58.0,3.0,4.2,348.0,354.0,998.8,770.0,0.0,,0.0
2025-07-03 17:00:00,14.1,15.2,,12.2,,58.0,3.4,8.2,292.0,303.0,999.2,753.0,0.0,,0.0
2025-07-03 18:00:00,12.9,13.5,15.3,12.0,6.3,61.0,5.7,9.4,303.0,293.0,999.8,705.0,0.0,,0.0
2025-07-03 19:00:00,13.2,13.7,,12.8,,59.0,4.2,6.2,331.0,309.0,1000.5,633.0,0.0,,0.0
2025-07-03 20:00:00,13.8,14.6,,13.3,,56.0,3.4,5.7,332.0,319.0,1001.1,543.0,0.0,,0.0
2025-07-03 21:00:00,13.8,14.0,,13.5,,54.0,3.1,5.7,341.0,336.0,1001.6,438.0,0.0,,0.0
2025-07-03 22:00:00,12.6,14.3,,11.0,,63.0,3.0,5.5,274.0,281.0,1002.5,319.0,0.0,,10.0
2025-07-03 23:00:00,10.2,11.2,,9.6,,74.0,4.2,6.3,286.0,273.0,1003.2,176.0,0.0,,10.0
2025-07-04 00:00:00,10.0,10.3,,9.5,,74.0,2.4,4.1,341.0,315.0,1003.9,97.0,0.0,,10.0
2025-07-04 01:00:00,9.5,10.0,,9.1,,77.0,2.3,4.4,311.0,301.0,1004.6,43.0,0.0,,10.0
2025-07-04 02:00:00,8.6,9.1,,7.2,,79.0,2.5,4.1,283.0,330.0,1005.4,9.0,0.0,,10.0
2025-07-04 03:00:00,6.7,7.2,,6.2,,90.0,2.2,4.3,269.0,281.0,1005.8,2.0,0.0,,40.0
2025-07-04 04:00:00,6.4,7.0,,6.0,,87.0,2.0,4.7,159.0,237.0,1006.5,0.0,0.0,,60.0
2025-07-04 05:00:00,5.5,6.1,,5.2,,90.0,2.9,4.5,139.0,155.0,1006.9,1.0,0.0,,40.0
2025-07-04 06:00:00,5.0,5.2,14.6,4.8,4.8,89.0,4.6,6.3,140.0,145.0,1007.2,6.0,0.0,0.0,40.0
2025-07-04 07:00:00,5.2,5.5,,4.8,,91.0,5.9,7.7,150.0,151.0,1007.8,35.0,0.0,,10.0
2025-07-04 08:00:00,5.6,6.2,,5.2,,90.0,6.3,9.2,151.0,149.0,1008.2,101.0,0.0,,40.0
2025-07-04 09:00:00,5.9,6.2,,5.6,,89.0,7.6,10.4,148.0,155.0,1008.4,196.0,0.0,,40.0
2025-07-04 10:00:00,6.6,7.2,,5.9,,85.0,7.6,10.8,150.0,152.0,1008.7,303.0,0.0,,60.0
2025-07-04 11:00:00,7.5,8.4,,7.0,,82.0,8.4,11.8,146.0,157.0,1009.1,417.0,0.0,,40.0
2025-07-04 12:00:00,9.9,10.9,,8.4,,72.0,8.6,12.0,147.0,147.0,1009.3,527.0,0.0,,90.0
2025-07-04 13:00:00,10.0,10.9,,9.4,,72.0,9.0,13.3,159.0,164.0,1009.5,619.0,0.0,,60.0
2025-07-04 14:00:00,9.3,9.8,,8.9,,72.0,9.7,13.5,162.0,162.0,1009.8,692.0,0.0,,40.0
2025-07-04 15:00:00,9.7,10.2,,9.2,,65.0,10.5,13.6,168.0,166.0,1010.0,730.0,0.0,,60.0
2025-07-04 16:00:00,9.3,9.9,,8.7,,66.0,10.0,13.5,158.0,162.0,1010.5,758.0,0.0,,10.0
2025-07-04 17:00:00,9.6,10.2,,9.0,,66.0,10.4,14.0,149.0,156.0,1010.4,721.0,0.0,,40.0
2025-07-04 18:00:00,10.5,11.1,11.1,10.1,4.8,61.0,11.5,14.3,151.0,150.0,1010.7,613.0,0.0,,10.0
2025-07-04 19:00:00,10.2,11.0,,9.2,,67.0,9.9,13.3,156.0,159.0,1011.4,577.0,0.0,,40.0
2025-07-04 20:00:00,8.2,9.4,,7.6,,79.0,9.6,12.7,165.0,168.0,1012.0,433.0,0.0,,40.0
2025-07-04 21:00:00,7.3,8.0,,7.0,,83.0,9.4,12.3,164.0,169.0,1012.1,220.0,0.0,,90.0
2025-07-04 22:00:00,8.8,9.1,,8.0,,72.0,9.2,12.0,154.0,160.0,1012.2,301.0,0.0,,40.0
2025-07-04 23:00:00,8.1,8.9,,7.6,,77.0,9.3,12.1,163.0,162.0,1012.3,141.0,0.0,,10.0
2025-07-05 00:00:00,8.2,8.7,,7.7,,77.0,8.0,11.0,160.0,163.0,1012.5,61.0,0.0,,60.0
2025-07-05 01:00:00,7.4,8.6,,6.6,,81.0,6.7,10.1,174.0,175.0,1012.6,28.0,0.0,,90.0
2025-07-05 02:00:00,6.5,6.8,,6.2,,87.0,7.8,11.3,164.0,173.0,1012.2,9.0,0.0,,60.0
2025-07-05 03:00:00,6.8,7.7,,6.5,,85.0,8.4,12.1,154.0,159.0,1011.8,2.0,0.0,,90.0
2025-07-05 04:00:00,7.6,8.3,,7.0,,79.0,9.3,14.2,153.0,153.0,1011.5,1.0,0.0,,90.0
2025-07-05 05:00:00,7.8,8.5,,6.6,,76.0,9.0,13.6,158.0,159.0,1012.0,1.0,0.0,,90.0
2025-07-05 06:00:00,7.5,8.4,11.0,6.7,6.2,77.0,9.2,12.9,150.0,150.0,1011.2,4.0,0.0,0.0,90.0
2025-07-05 07:00:00,9.0,9.5,,8.4,,74.0,11.3,15.9,141.0,141.0,1011.0,16.0,0.0,,90.0
2025-07-05 08:00:00,9.4,9.7,,9.2,,74.0,11.2,15.1,145.0,148.0,1010.9,46.0,0.0,,90.0
2025-07-05 09:00:00,9.8,10.2,,9.6,,71.0,11.1,15.3,148.0,146.0,1010.2,111.0,0.0,,90.0
2025-07-05 10:00:00,10.0,10.9,,8.2,,68.0,10.5,14.5,162.0,152.0,1010.2,242.0,0.0,,90.0
2025-07-05 11:00:00,7.5,8.2,,7.2,,82.0,10.1,13.7,160.0,166.0,1010.5,411.0,0.0,,60.0
2025-07-05 12:00:00,7.8,8.2,,7.1,,81.0,11.6,16.1,148.0,146.0,1009.6,486.0,0.0,,60.0
2025-07-05 13:00:00,9.1,10.1,,8.3,,74.0,12.8,17.3,151.0,151.0,1009.7,640.0,0.0,,90.0
2025-07-05 14:00:00,9.8,10.1,,8.9,,71.0,12.0,17.6,154.0,152.0,1010.3,650.0,0.0,,90.0
2025-07-05 15:00:00,8.0,8.9,,7.3,,80.0,10.1,14.1,142.0,150.0,1010.2,288.0,0.0,,90.0
2025-07-05 16:00:00,9.2,10.0,,8.2,,76.0,11.8,15.2,147.0,147.0,1009.3,287.0,0.0,,90.0
2025-07-05 17:00:00,10.0,10.2,,9.7,,73.0,12.7,17.9,151.0,148.0,1009.5,302.0,0.0,,90.0
2025-07-05 18:00:00,9.3,9.9,10.9,8.9,7.1,76.0,10.6,14.7,145.0,149.0,1009.4,80.0,0.0,,90.0
2025-07-05 19:00:00,10.0,10.6,,9.6,,71.0,11.6,16.6,148.0,148.0,1008.5,193.0,0.0,,90.0
2025-07-05 20:00:00,10.5,11.0,,10.1,,73.0,12.2,15.9,149.0,147.0,1008.1,192.0,0.0,,60.0
2025-07-05 21:00:00,10.7,10.9,,10.3,,73.0,11.8,15.8,149.0,148.0,1007.2,198.0,0.0,,40.0
2025-07-05 22:00:00,10.7,11.2,,10.1,,73.0,12.4,16.9,147.0,148.0,1006.9,163.0,0.0,,40.0
2025-07-05 23:00:00,10.3,10.6,,9.8,,74.0,11.4,16.4,146.0,144.0,1006.5,83.0,0.0,,60.0
2025-07-06 00:00:00,10.1,10.6,,9.7,,74.0,12.3,17.7,144.0,147.0,1006.9,35.0,0.0,,90.0
2025-07-06 01:00:00,10.3,10.6,,9.8,,72.0,12.4,17.9,140.0,139.0,1006.3,12.0,0.0,,60.0
2025-07-06 02:00:00,10.2,10.5,,10.0,,72.0,11.2,16.7,142.0,143.0,1006.1,3.0,0.0,,90.0
2025-07-06 03:00:00,10.3,10.5,,9.7,,73.0,14.3,20.4,137.0,143.0,1005.6,0.0,0.0,,90.0
2025-07-06 04:00:00,9.7,9.9,,9.4,,74.0,13.6,18.2,140.0,138.0,1004.7,0.0,0.0,,90.0
2025-07-06 05:00:00,9.9,10.1,,9.7,,73.0,13.8,19.0,139.0,139.0,1003.7,1.0,0.0,,90.0
2025-07-06 06:00:00,9.7,10.1,11.2,9.1,9.1,74.0,14.1,19.6,149.0,147.0,1003.0,3.0,0.0,0.0,90.0
2025-07-06 07:00:00,8.8,9.3,,8.2,,78.0,15.0,20.1,155.0,152.0,1002.8,9.0,0.0,,90.0
2025-07-06 08:00:00,8.5,8.8,,8.2,,78.0,16.4,22.7,153.0,153.0,1002.0,18.0,0.0,,90.0
2025-07-06 09:00:00,8.1,8.6,,7.6,,79.0,18.0,25.1,150.0,151.0,1001.0,48.0,0.0,,90.0
2025-07-06 10:00:00,8.6,9.3,,8.2,,77.0,18.3,25.8,147.0,149.0,1001.0,121.0,0.0,,90.0
2025-07-06 11:00:00,9.9,10.3,,9.2,,66.0,18.3,25.1,149.0,150.0,1000.3,137.0,0.0,,10.0
2025-07-06 12:00:00,10.6,11.1,,9.9,,60.0,19.1,25.7,147.0,148.0,1000.7,243.0,0.0,,40.0
2025-07-06 13:00:00,11.5,12.0,,10.9,,56.0,17.8,25.7,151.0,147.0,1000.8,640.0,0.0,,10.0
2025-07-06 14:00:00,11.7,11.9,,11.4,,59.0,19.2,27.3,150.0,150.0,1001.2,815.0,0.0,,40.0
2025-07-06 15:00:00,11.4,11.6,,10.8,,62.0,17.4,23.1,153.0,150.0,1001.0,772.0,0.0,,10.0
2025-07-06 16:00:00,10.9,11.3,,10.5,,65.0,15.6,22.2,152.0,152.0,1000.7,713.0,0.0,,10.0
2025-07-06 17:00:00,11.3,11.8,,10.9,,64.0,14.7,21.4,155.0,153.0,1000.2,748.0,0.0,,40.0
2025-07-06 18:00:00,10.5,11.4,12.0,10.0,7.6,65.0,13.4,19.3,152.0,154.0,1000.2,658.0,0.0,,10.0
2025-07-06 19:00:00,10.0,10.4,,9.7,,67.0,13.3,19.2,152.0,151.0,999.9,446.0,0.0,,
2025-07-06 20:00:00,10.1,10.5,,9.8,,68.0,13.4,19.6,150.0,148.0,999.5,218.0,0.0,,90.0
2025-07-06 21:00:00,10.6,10.8,,10.3,,66.0,14.0,20.0,148.0,148.0,998.7,155.0,0.0,,90.0
2025-07-06 22:00:00,10.3,11.0,,9.8,,66.0,13.3,19.8,150.0,149.0,998.5,84.0,0.0,,100.0
2025-07-06 23:00:00,9.5,10.1,,8.5,,70.0,12.3,18.5,133.0,144.0,998.4,54.0,0.0,,90.0
2025-07-07 00:00:00,8.9,9.4,,8.4,,73.0,10.3,15.4,144.0,142.0,997.9,27.0,0.0,,90.0
2025-07-07 01:00:00,8.8,9.2,,8.0,,75.0,9.9,15.2,153.0,149.0,997.9,8.0,0.0,,100.0
2025-07-07 02:00:00,7.5,8.0,,7.2,,83.0,9.8,15.2,138.0,145.0,996.9,2.0,0.0,,100.0
2025-07-07 03:00:00,7.7,7.9,,7.3,,85.0,10.0,14.2,153.0,153.0,996.0,0.0,0.0,,100.0
2025-07-07 04:00:00,7.6,8.2,,7.3,,93.0,10.6,14.6,141.0,149.0,994.9,0.0,0.0,,100.0
2025-07-07 05:00:00,8.6,9.2,,8.2,,89.0,11.2,16.3,149.0,143.0,994.3,0.0,0.0,,100.0
2025-07-07 06:00:00,8.0,8.3,11.0,7.8,7.2,94.0,11.2,16.5,139.0,149.0,993.4,1.0,0.0,0.0,100.0
2025-07-07 07:00:00,8.7,9.2,,8.0,,90.0,12.2,17.5,151.0,142.0,993.1,3.0,0.0,,100.0
2025-07-07 08:00:00,7.7,8.3,,7.4,,96.0,14.0,20.5,145.0,148.0,992.5,7.0,0.0,,100.0
2025-07-07 09:00:00,7.9,8.2,,7.4,,95.0,14.2,21.1,149.0,142.0,992.5,14.0,0.0,,100.0
2025-07-07 10:00:00,7.5,7.7,,7.2,,94.0,15.4,22.0,140.0,144.0,992.0,33.0,1.0,,100.0
2025-07-07 11:00:00,7.3,7.4,,7.2,,94.0,15.4,23.8,144.0,142.0,992.1,76.0,0.0,,100.0
2025-07-07 12:00:00,7.1,7.2,,7.0,,94.0,15.1,20.5,149.0,147.0,991.6,161.0,0.0,,100.0
2025-07-07 13:00:00,6.7,7.1,,6.5,,95.0,16.3,22.0,150.0,150.0,991.8,197.0,0.7,,100.0
2025-07-07 14:00:00,6.8,7.1,,6.5,,94.0,15.6,22.2,145.0,147.0,991.8,266.0,0.0,,90.0
2025-07-07 15:00:00,6.4,7.0,,6.2,,96.0,12.1,20.3,144.0,144.0,991.8,172.0,0.8,,100.0
2025-07-07 16:00:00,6.5,6.7,,6.3,,95.0,11.6,17.2,140.0,142.0,991.8,164.0,0.8,,100.0
2025-07-07 17:00:00,6.7,6.8,,6.4,,94.0,10.8,16.5,146.0,141.0,991.4,221.0,0.0,,100.0
2025-07-07 18:00:00,6.5,6.9,9.2,6.2,6.2,94.0,10.5,16.0,149.0,143.0,990.5,269.0,0.0,,100.0
2025-07-07 19:00:00,6.5,6.8,,6.0,,93.0,11.3,15.9,148.0,145.0,990.0,297.0,0.0,,100.0
2025-07-07 20:00:00,5.8,6.0,,5.6,,94.0,13.2,16.4,149.0,149.0,989.2,439.0,0.0,,90.0
2025-07-07 21:00:00,5.7,6.1,,4.7,,93.0,11.7,16.9,158.0,154.0,989.4,195.0,0.0,,90.0
2025-07-07 22:00:00,3.9,4.7,,3.4,,96.0,10.1,15.2,148.0,149.0,990.5,65.0,0.0,,100.0
2025-07-07 23:00:00,3.7,4.0,,3.4,,94.0,12.3,20.3,145.0,144.0,989.8,33.0,0.0,,90.0
2025-07-08 00:00:00,4.2,4.4,,4.0,,92.0,14.3,21.8,138.0,139.0,990.5,20.0,0.0,,100.0
2025-07-08 01:00:00,4.0,4.2,,3.8,,93.0,14.4,22.1,135.0,137.0,991.3,9.0,0.0,,100.0
2025-07-08 02:00:00,3.8,3.9,,3.7,,97.0,15.0,25.9,141.0,138.0,990.5,1.0,0.0,,100.0
2025-07-08 03:00:00,3.4,3.7,,3.2,,95.0,17.2,26.5,145.0,144.0,990.9,0.0,0.0,,90.0
2025-07-08 04:00:00,3.0,3.2,,2.7,,94.0,18.9,26.5,149.0,149.0,991.0,0.0,0.0,,100.0
2025-07-08 05:00:00,2.4,2.8,,1.9,,94.0,18.3,27.3,143.0,146.0,991.8,0.0,0.0,,100.0
2025-07-08 06:00:00,2.1,2.2,6.8,1.9,1.9,95.0,16.0,23.1,143.0,144.0,992.8,1.0,0.0,3.3,100.0
2025-07-08 07:00:00,2.2,2.4,,1.9,,97.0,17.3,25.2,149.0,148.0,992.6,4.0,0.8,,100.0
2025-07-08 08:00:00,2.3,2.4,,2.2,,97.0,16.8,23.9,148.0,149.0,993.4,11.0,0.8,,100.0
2025-07-08 09:00:00,1.9,2.3,,1.6,,96.0,15.5,21.9,144.0,149.0,993.8,25.0,1.7,,100.0
2025-07-08 10:00:00,2.3,2.6,,2.0,,95.0,15.6,24.6,142.0,142.0,994.3,45.0,1.0,,100.0
2025-07-08 11:00:00,2.8,3.0,,2.6,,92.0,16.0,24.5,141.0,141.0,994.7,79.0,1.0,,100.0
2025-07-08 12:00:00,3.4,3.6,,3.0,,96.0,14.9,21.9,151.0,149.0,994.8,73.0,2.7,,100.0
2025-07-08 13:00:00,3.6,3.7,,3.4,,98.0,15.1,21.9,150.0,152.0,995.1,48.0,0.9,,
2025-07-08 14:00:00,3.9,4.1,,3.7,,97.0,14.8,22.0,146.0,146.0,995.4,58.0,0.9,,100.0
2025-07-08 15:00:00,4.0,4.3,,3.9,,99.0,14.6,21.3,149.0,148.0,995.5,82.0,0.0,,100.0
2025-07-08 16:00:00,4.4,4.6,,4.3,,96.0,14.1,20.2,149.0,147.0,995.8,78.0,0.0,,90.0
2025-07-08 17:00:00,4.6,4.8,,4.3,,93.0,15.7,21.4,147.0,149.0,995.5,186.0,0.0,,100.0
2025-07-08 18:00:00,4.9,5.0,5.0,4.8,1.6,92.0,13.0,19.3,143.0,146.0,996.2,118.0,0.0,,100.0
2025-07-08 19:00:00,5.0,5.4,,4.8,,92.0,12.8,19.3,144.0,147.0,995.9,168.0,0.0,,100.0
2025-07-08 20:00:00,5.3,5.5,,5.2,,91.0,11.4,17.6,147.0,145.0,996.6,95.0,0.0,,100.0
2025-07-08 21:00:00,5.1,5.2,,5.0,,93.0,13.3,18.2,150.0,150.0,996.6,80.0,0.0,,100.0
2025-07-08 22:00:00,4.7,5.0,,4.5,,96.0,12.9,19.3,149.0,150.0,996.7,52.0,0.0,,100.0
2025-07-08 23:00:00,4.5,4.7,,4.3,,98.0,11.7,17.3,150.0,150.0,997.0,36.0,0.0,,100.0
2025-07-09 00:00:00,4.2,4.3,,4.1,,99.0,9.7,14.2,149.0,151.0,997.2,22.0,0.0,,100.0
2025-07-09 01:00:00,4.1,4.2,,4.0,,100.0,9.2,14.4,146.0,145.0,997.3,10.0,0.0,,
2025-07-09 02:00:00,4.0,4.1,,3.9,,100.0,6.1,10.7,158.0,150.0,997.2,3.0,0.0,,100.0
2025-07-09 03:00:00,4.2,4.4,,4.1,,100.0,5.1,7.7,163.0,167.0,996.9,1.0,0.0,,100.0
2025-07-09 04:00:00,4.1,4.3,,4.0,,100.0,4.3,7.6,140.0,153.0,997.0,0.0,0.0,,90.0
2025-07-09 05:00:00,4.1,4.2,,4.1,,100.0,1.9,4.2,73.0,133.0,996.8,1.0,0.0,,90.0
2025-07-09 06:00:00,3.7,4.2,5.5,3.5,3.5,100.0,2.1,3.8,344.0,335.0,996.4,5.0,0.0,9.8,40.0
2025-07-09 07:00:00,4.0,4.1,,3.8,,100.0,4.3,6.9,355.0,351.0,996.3,21.0,0.0,,60.0
2025-07-09 08:00:00,4.4,4.7,,4.1,,98.0,5.4,7.2,351.0,356.0,996.5,84.0,0.0,,90.0
2025-07-09 09:00:00,4.5,4.7,,4.2,,98.0,6.0,8.2,344.0,343.0,996.3,135.0,0.0,,90.0
2025-07-09 10:00:00,5.0,5.3,,4.6,,94.0,5.7,7.4,341.0,349.0,996.4,258.0,0.0,,60.0
2025-07-09 11:00:00,5.5,5.8,,5.1,,93.0,4.7,7.7,328.0,346.0,996.9,251.0,0.0,,100.0
2025-07-09 12:00:00,6.3,7.4,,5.4,,89.0,2.8,6.4,14.0,0.0,996.9,347.0,0.0,,40.0
2025-07-09 13:00:00,7.9,8.7,,7.2,,82.0,2.8,4.1,9.0,8.0,996.9,627.0,0.0,,40.0
2025-07-09 14:00:00,9.0,9.9,,8.4,,78.0,3.1,4.6,6.0,11.0,997.1,700.0,0.0,,40.0
2025-07-09 15:00:00,10.3,11.0,,9.5,,73.0,2.5,3.8,335.0,345.0,997.0,746.0,0.0,,60.0
2025-07-09 16:00:00,10.9,11.5,,10.2,,71.0,2.0,3.2,300.0,314.0,997.0,755.0,0.0,,10.0
2025-07-09 17:00:00,11.2,11.5,,10.4,,68.0,3.0,5.5,274.0,281.0,997.3,745.0,0.0,,40.0
2025-07-09 18:00:00,11.4,12.3,12.3,10.2,3.8,63.0,2.7,5.7,293.0,289.0,997.4,714.0,0.0,,10.0
2025-07-09 19:00:00,11.7,12.5,,10.7,,57.0,6.3,10.0,306.0,316.0,997.8,628.0,0.0,,90.0
2025-07-09 20:00:00,10.6,11.9,,9.5,,60.0,6.2,10.5,300.0,294.0,998.1,447.0,0.0,,90.0
2025-07-09 21:00:00,10.1,10.5,,9.7,,62.0,3.6,9.3,304.0,315.0,998.3,274.0,0.0,,90.0
2025-07-09 22:00:00,8.9,11.0,,7.2,,65.0,9.6,16.3,293.0,297.0,999.6,304.0,0.0,,90.0
2025-07-09 23:00:00,7.4,8.2,,6.3,,72.0,6.5,13.3,293.0,335.0,1000.2,190.0,0.0,,90.0
2025-07-10 00:00:00,6.0,6.3,,5.4,,80.0,6.2,11.1,309.0,319.0,1000.9,72.0,0.0,,60.0
2025-07-10 01:00:00,5.1,5.5,,4.8,,85.0,5.7,8.9,312.0,316.0,1000.9,23.0,0.0,,90.0
2025-07-10 02:00:00,4.8,5.1,,4.4,,85.0,3.5,7.0,302.0,335.0,1001.0,5.0,0.0,,90.0
2025-07-10 03:00:00,4.3,4.4,,4.2,,85.0,4.0,7.3,296.0,304.0,1001.2,1.0,0.0,,90.0
2025-07-10 04:00:00,4.0,4.2,,3.9,,86.0,4.6,8.3,310.0,305.0,1001.0,0.0,0.0,,100.0
2025-07-10 05:00:00,3.8,4.0,,3.7,,86.0,4.1,6.0,318.0,313.0,1000.8,1.0,0.0,,90.0
2025-07-10 06:00:00,3.7,3.8,12.5,3.5,3.5,85.0,3.3,5.6,295.0,312.0,1001.3,4.0,0.0,0.0,
2025-07-10 07:00:00,3.4,3.6,,3.2,,87.0,3.9,6.5,304.0,304.0,1001.6,17.0,0.0,,90.0
2025-07-10 08:00:00,3.1,3.4,,2.5,,94.0,4.6,6.8,303.0,304.0,1001.8,26.0,0.0,,90.0
2025-07-10 09:00:00,2.3,2.6,,2.0,,99.0,5.3,8.8,294.0,298.0,1002.3,37.0,0.0,,90.0
2025-07-10 10:00:00,2.3,2.5,,2.1,,100.0,4.2,6.3,340.0,323.0,1002.3,70.0,0.0,,90.0
2025-07-10 11:00:00,2.6,2.9,,2.2,,99.0,3.8,6.3,328.0,340.0,1002.5,116.0,0.0,,
2025-07-10 12:00:00,3.0,3.3,,2.7,,98.0,4.6,6.7,354.0,350.0,1002.8,259.0,0.0,,90.0
2025-07-10 13:00:00,3.6,4.7,,3.2,,95.0,5.0,6.8,331.0,347.0,1002.8,544.0,0.0,,10.0
2025-07-10 14:00:00,5.7,7.3,,4.1,,84.0,4.5,6.0,1.0,357.0,1003.1,701.0,0.0,,10.0
2025-07-10 15:00:00,9.0,9.8,,7.3,,73.0,3.3,4.5,359.0,4.0,1003.2,742.0,0.0,,60.0
2025-07-10 16:00:00,9.7,10.4,,9.0,,71.0,2.4,3.9,277.0,316.0,1003.3,751.0,0.0,,10.0
2025-07-10 17:00:00,10.6,12.0,,9.4,,70.0,2.1,3.1,278.0,279.0,1003.4,739.0,0.0,,10.0
2025-07-10 18:00:00,12.3,13.0,13.0,11.2,2.0,63.0,2.5,4.2,356.0,331.0,1003.2,689.0,0.0,,10.0
2025-07-10 19:00:00,10.1,13.3,,8.1,,71.0,4.3,8.3,261.0,281.0,1003.6,615.0,0.0,,0.0
2025-07-10 20:00:00,10.6,11.2,,9.7,,66.0,3.7,6.1,263.0,264.0,1004.0,519.0,0.0,,
2025-07-10 21:00:00,11.2,11.7,,10.7,,60.0,2.6,5.5,319.0,283.0,1004.4,421.0,0.0,,40.0
2025-07-10 22:00:00,12.0,12.6,,11.2,,52.0,1.5,3.1,350.0,326.0,1004.2,305.0,0.0,,10.0
2025-07-10 23:00:00,11.8,12.6,,11.0,,56.0,1.2,2.9,259.0,299.0,1004.4,172.0,0.0,,40.0
2025-07-11 00:00:00,10.2,11.3,,9.3,,69.0,1.4,2.8,266.0,264.0,1004.6,93.0,0.0,,10.0
2025-07-11 01:00:00,10.2,10.9,,9.6,,64.0,1.8,3.0,288.0,292.0,1004.7,33.0,0.0,,10.0
2025-07-11 02:00:00,10.0,11.2,,8.8,,59.0,2.0,4.1,347.0,309.0,1004.7,6.0,0.0,,40.0
2025-07-11 03:00:00,10.6,11.3,,10.1,,54.0,2.7,3.2,1.0,5.0,1004.6,1.0,0.0,,40.0
2025-07-11 04:00:00,9.4,10.1,,8.6,,61.0,2.6,3.2,14.0,354.0,1004.6,0.0,0.0,,90.0
2025-07-11 05:00:00,8.9,10.3,,6.7,,68.0,2.2,3.3,288.0,347.0,1005.1,0.0,0.0,,90.0
2025-07-11 06:00:00,7.0,8.2,13.3,6.2,6.2,78.0,0.8,2.1,298.0,291.0,1005.1,4.0,0.0,0.0,
2025-07-11 07:00:00,8.1,8.6,,7.4,,73.0,1.0,2.1,344.0,15.0,1005.3,22.0,0.0,,40.0
2025-07-11 08:00:00,8.0,8.4,,7.6,,74.0,1.5,2.9,16.0,22.0,1005.3,75.0,0.0,,10.0
2025-07-11 09:00:00,8.6,9.8,,7.4,,74.0,0.7,3.0,0.0,334.0,1005.4,164.0,0.0,,60.0
2025-07-11 10:00:00,9.6,10.4,,8.4,,68.0,0.8,1.9,272.0,218.0,1005.6,312.0,0.0,,90.0
2025-07-11 11:00:00,9.8,10.2,,9.5,,66.0,1.0,2.5,187.0,216.0,1005.9,209.0,0.0,,
2025-07-11 12:00:00,8.7,10.0,,7.8,,72.0,1.0,3.8,58.0,156.0,1006.2,84.0,0.0,,90.0
2025-07-11 13:00:00,9.1,9.9,,8.0,,71.0,1.5,3.2,261.0,143.0,1006.2,62.0,0.0,,90.0
2025-07-11 14:00:00,8.9,9.4,,8.3,,68.0,1.9,3.9,155.0,165.0,1006.5,47.0,0.0,,90.0
2025-07-11 15:00:00,8.8,9.1,,8.7,,72.0,2.8,4.1,146.0,150.0,1006.7,73.0,0.4,,100.0
2025-07-11 16:00:00,8.3,8.8,,7.8,,75.0,2.5,3.9,143.0,143.0,1006.5,60.0,1.3,,90.0
2025-07-11 17:00:00,7.6,7.9,,7.0,,84.0,2.0,3.8,119.0,148.0,1006.4,60.0,0.9,,90.0
2025-07-11 18:00:00,8.1,8.4,10.4,7.7,7.0,86.0,2.6,7.2,116.0,108.0,1006.4,77.0,0.8,,90.0
2025-07-11 19:00:00,7.9,8.3,,7.4,,88.0,1.7,3.2,353.0,348.0,1006.7,53.0,0.0,,100.0
2025-07-11 20:00:00,8.3,8.7,,7.5,,88.0,0.7,2.5,203.0,229.0,1006.9,85.0,0.0,,100.0
2025-07-11 21:00:00,8.2,8.6,,7.9,,89.0,0.9,2.1,293.0,235.0,1007.8,60.0,0.0,,100.0
2025-07-11 22:00:00,8.5,8.9,,7.9,,88.0,1.2,3.2,132.0,76.0,1007.8,44.0,0.0,,100.0
2025-07-11 23:00:00,8.5,8.9,,8.2,,90.0,2.0,4.9,184.0,212.0,1008.1,50.0,0.0,,90.0
2025-07-12 00:00:00,8.1,8.5,,7.8,,90.0,5.1,8.8,149.0,158.0,1008.2,50.0,0.0,,
2025-07-12 01:00:00,8.2,8.6,,7.9,,87.0,9.7,16.0,151.0,152.0,1007.7,20.0,0.0,,40.0
2025-07-12 02:00:00,9.2,9.7,,8.5,,80.0,11.6,16.9,143.0,149.0,1008.1,4.0,0.0,,60.0
2025-07-12 03:00:00,9.5,9.9,,9.2,,78.0,11.3,16.2,149.0,149.0,1007.8,1.0,0.0,,90.0
2025-07-12 04:00:00,9.5,10.1,,8.7,,80.0,11.5,16.6,156.0,158.0,1007.3,0.0,0.0,,60.0
2025-07-12 05:00:00,9.1,9.8,,8.4,,82.0,12.4,17.2,150.0,154.0,1008.0,0.0,0.0,,90.0
2025-07-12 06:00:00,9.1,9.6,10.1,8.6,7.4,81.0,12.5,17.6,157.0,155.0,1008.2,3.0,0.0,3.4,90.0
2025-07-12 07:00:00,8.3,9.0,,7.8,,83.0,13.8,20.4,150.0,155.0,1008.7,20.0,0.0,,40.0
2025-07-12 08:00:00,8.6,9.2,,8.0,,78.0,15.8,20.2,148.0,149.0,1008.8,54.0,0.0,,40.0
2025-07-12 09:00:00,9.7,11.7,,8.7,,74.0,14.9,20.8,141.0,147.0,1008.4,106.0,0.0,,60.0
2025-07-12 10:00:00,12.1,12.7,,11.2,,67.0,13.4,20.4,150.0,145.0,1009.1,167.0,0.0,,40.0
2025-07-12 11:00:00,11.3,11.9,,10.8,,71.0,12.0,17.2,152.0,152.0,1009.1,245.0,0.0,,40.0
2025-07-12 12:00:00,11.2,11.7,,10.8,,72.0,12.3,17.2,143.0,150.0,1008.4,321.0,0.0,,60.0
2025-07-12 13:00:00,12.4,12.9,,11.7,,69.0,11.0,15.4,161.0,151.0,1008.9,328.0,0.0,,90.0
2025-07-12 14:00:00,10.0,12.4,,6.9,,76.0,10.6,16.5,187.0,174.0,1010.8,131.0,0.0,,90.0
2025-07-12 15:00:00,7.9,8.1,,7.1,,82.0,8.9,13.0,152.0,165.0,1011.1,173.0,0.0,,90.0
2025-07-12 16:00:00,8.6,9.8,,7.8,,79.0,11.2,18.0,163.0,144.0,1010.2,146.0,0.0,,90.0
2025-07-12 17:00:00,7.7,8.6,,7.2,,85.0,12.1,16.6,164.0,162.0,1010.4,157.0,0.0,,90.0
2025-07-12 18:00:00,8.6,9.6,12.9,7.4,6.9,80.0,13.4,19.7,151.0,154.0,1009.9,126.0,0.0,,90.0
2025-07-12 19:00:00,9.4,10.0,,8.8,,74.0,16.8,25.2,138.0,142.0,1008.4,186.0,0.0,,90.0
2025-07-12 20:00:00,10.4,11.3,,9.5,,75.0,20.3,29.3,135.0,133.0,1007.8,107.0,0.0,,90.0
2025-07-12 21:00:00,11.1,11.7,,9.9,,69.0,17.6,25.6,141.0,142.0,1008.3,85.0,0.0,,60.0
2025-07-12 22:00:00,9.0,9.8,,7.9,,80.0,16.7,22.5,139.0,143.0,1007.5,36.0,0.0,,90.0
2025-07-12 23:00:00,9.8,10.5,,9.1,,75.0,16.0,24.2,144.0,151.0,1007.7,75.0,0.0,,60.0
2025-07-13 00:00:00,11.5,12.6,,9.4,,67.0,16.4,24.3,159.0,148.0,1008.8,46.0,0.0,,60.0
2025-07-13 01:00:00,8.6,9.3,,7.5,,75.0,13.7,19.5,161.0,157.0,1010.2,9.0,0.0,,100.0
2025-07-13 02:00:00,7.4,8.3,,6.6,,81.0,14.2,21.3,149.0,152.0,1010.3,1.0,0.7,,100.0
2025-07-13 03:00:00,7.7,8.2,,7.2,,80.0,16.9,24.0,146.0,145.0,1009.9,0.0,0.0,,100.0
2025-07-13 04:00:00,7.9,8.3,,7.5,,77.0,14.7,22.6,148.0,144.0,1010.0,0.0,0.0,,100.0
2025-07-13 05:00:00,7.5,7.7,,7.0,,77.0,14.0,19.5,156.0,154.0,1010.4,0.0,0.0,,100.0
2025-07-13 06:00:00,6.9,7.3,12.6,6.7,6.6,86.0,11.4,16.8,156.0,153.0,1011.0,1.0,0.0,0.7,100.0
2025-07-13 07:00:00,6.5,6.9,,6.0,,91.0,10.6,14.9,153.0,155.0,1010.8,7.0,0.0,,60.0
2025-07-13 08:00:00,5.9,6.2,,5.4,,94.0,9.9,14.6,165.0,165.0,1011.6,12.0,0.0,,100.0
2025-07-13 09:00:00,5.6,5.8,,5.4,,96.0,9.6,12.6,161.0,161.0,1011.9,42.0,0.0,,90.0
2025-07-13 10:00:00,5.8,6.3,,5.4,,95.0,7.8,13.1,170.0,167.0,1012.3,91.0,0.0,,90.0
2025-07-13 11:00:00,5.3,5.5,,5.2,,97.0,4.3,7.9,174.0,170.0,1012.8,81.0,0.0,,90.0
2025-07-13 12:00:00,5.6,5.8,,5.3,,97.0,3.6,6.1,167.0,163.0,1013.3,83.0,0.0,,100.0
2025-07-13 13:00:00,5.9,6.4,,5.6,,95.0,1.5,3.5,223.0,161.0,1013.5,126.0,0.0,,100.0
2025-07-13 14:00:00,6.4,6.9,,5.6,,92.0,1.2,2.6,212.0,163.0,1013.4,241.0,0.0,,100.0
2025-07-13 15:00:00,7.2,8.0,,6.4,,90.0,1.1,2.6,263.0,258.0,1013.6,531.0,0.0,,100.0
2025-07-13 16:00:00,8.0,9.1,,6.8,,87.0,1.1,2.7,263.0,242.0,1013.6,406.0,0.0,,100.0
2025-07-13 17:00:00,8.1,8.6,,7.7,,86.0,1.5,3.2,270.0,281.0,1013.8,587.0,0.0,,60.0
2025-07-13 18:00:00,8.5,9.2,9.2,7.7,5.2,87.0,2.3,5.0,264.0,252.0,1014.1,711.0,0.0,,40.0
2025-07-13 19:00:00,7.9,8.2,,7.7,,88.0,3.3,5.7,253.0,258.0,1014.4,613.0,0.0,,60.0
2025-07-13 20:00:00,8.5,9.0,,8.0,,86.0,3.1,4.5,258.0,255.0,1014.2,518.0,0.0,,40.0
2025-07-13 21:00:00,8.5,9.1,,7.7,,84.0,3.2,5.6,255.0,258.0,1014.3,411.0,0.0,,40.0
2025-07-13 22:00:00,6.9,7.7,,6.3,,90.0,4.0,6.1,261.0,258.0,1014.9,300.0,0.0,,40.0
2025-07-13 23:00:00,5.8,6.5,,5.3,,94.0,4.1,5.5,263.0,264.0,1014.7,192.0,0.0,,
2025-07-14 00:00:00,5.1,5.3,,4.9,,97.0,3.5,4.7,292.0,276.0,1014.7,86.0,0.0,,
2025-07-14 01:00:00,5.4,5.8,,5.0,,97.0,3.2,5.0,342.0,327.0,1014.4,34.0,0.0,,10.0
2025-07-14 02:00:00,5.2,5.7,,4.8,,98.0,4.6,6.6,329.0,336.0,1014.4,6.0,0.0,,
2025-07-14 03:00:00,4.7,5.1,,4.2,,99.0,1.1,3.4,279.0,309.0,1014.8,0.0,0.0,,
2025-07-14 04:00:00,4.8,5.1,,4.2,,100.0,0.7,1.7,342.0,355.0,1014.9,0.0,0.0,,
2025-07-14 05:00:00,4.5,4.7,,4.2,,100.0,0.5,1.5,208.0,4.0,1015.4,0.0,0.0,,
2025-07-14 06:00:00,4.1,4.5,9.1,3.8,3.8,100.0,1.1,2.4,169.0,181.0,1015.6,2.0,0.0,0.0,
2025-07-14 07:00:00,3.6,3.8,,3.4,,100.0,2.6,4.2,171.0,172.0,1016.3,10.0,0.0,,
2025-07-14 08:00:00,3.3,3.5,,3.1,,100.0,3.2,5.3,159.0,166.0,1016.7,32.0,0.0,,
2025-07-14 09:00:00,3.3,3.6,,3.1,,100.0,3.6,5.4,155.0,155.0,1017.4,79.0,0.0,,
2025-07-14 10:00:00,4.3,5.7,,3.4,,100.0,4.6,7.2,150.0,151.0,1017.9,104.0,0.0,,100.0
2025-07-14 11:00:00,6.3,7.1,,5.3,,98.0,6.6,11.7,155.0,157.0,1018.3,91.0,0.0,,90.0
2025-07-14 12:00:00,6.4,7.0,,6.1,,97.0,8.3,11.8,149.0,152.0,1019.0,147.0,0.0,,100.0
2025-07-14 13:00:00,7.1,7.4,,6.2,,92.0,11.1,16.3,135.0,144.0,1019.9,101.0,0.0,,100.0
2025-07-14 14:00:00,7.4,8.0,,7.1,,89.0,9.8,15.5,148.0,143.0,1019.8,179.0,0.0,,100.0
2025-07-14 15:00:00,8.5,8.9,,7.9,,82.0,12.6,18.2,143.0,150.0,1019.6,725.0,0.0,,40.0
2025-07-14 16:00:00,8.5,8.9,,8.2,,83.0,11.8,15.9,140.0,142.0,1019.4,682.0,0.0,,40.0
2025-07-14 17:00:00,8.6,9.1,,8.3,,82.0,10.1,14.7,139.0,143.0,1020.2,551.0,0.0,,90.0
2025-07-14 18:00:00,8.8,9.5,9.5,8.3,3.1,80.0,8.0,12.6,148.0,142.0,1020.1,537.0,0.0,,40.0
2025-07-14 19:00:00,8.6,9.3,,8.0,,80.0,7.8,12.3,153.0,146.0,1020.3,469.0,0.0,,40.0
2025-07-14 20:00:00,8.6,8.9,,8.1,,79.0,7.6,12.5,154.0,152.0,1020.3,446.0,0.0,,60.0
2025-07-14 21:00:00,8.0,8.5,,7.6,,81.0,6.9,9.5,155.0,156.0,1020.4,157.0,0.0,,90.0
2025-07-14 22:00:00,7.2,7.8,,6.9,,83.0,7.2,11.7,144.0,150.0,1020.6,95.0,0.0,,100.0
2025-07-14 23:00:00,7.3,7.5,,7.1,,82.0,7.4,10.1,150.0,149.0,1020.4,77.0,0.0,,100.0
2025-07-15 00:00:00,8.0,8.4,,7.4,,80.0,4.7,7.0,165.0,153.0,1020.4,51.0,0.0,,60.0
2025-07-15 01:00:00,7.2,7.9,,6.7,,83.0,3.5,5.8,152.0,163.0,1020.2,26.0,0.0,,60.0
2025-07-15 02:00:00,7.0,7.4,,6.6,,83.0,4.3,6.0,132.0,137.0,1019.8,5.0,0.0,,90.0
2025-07-15 03:00:00,7.5,7.6,,7.4,,81.0,4.0,6.1,145.0,141.0,1019.4,0.0,0.0,,100.0
2025-07-15 04:00:00,7.5,7.6,,7.3,,80.0,3.1,4.9,183.0,162.0,1019.0,0.0,0.0,,100.0
2025-07-15 05:00:00,7.3,7.5,,7.0,,81.0,3.8,6.4,159.0,157.0,1018.5,0.0,0.0,,100.0
2025-07-15 06:00:00,7.1,7.3,9.3,7.0,6.6,82.0,2.6,4.0,158.0,150.0,1018.3,1.0,0.0,0.0,90.0
2025-07-15 07:00:00,7.1,7.2,,6.9,,81.0,1.2,2.5,125.0,157.0,1018.3,7.0,0.0,,100.0
2025-07-15 08:00:00,7.1,7.5,,6.9,,81.0,0.7,1.7,253.0,168.0,1018.0,24.0,0.0,,100.0
2025-07-15 09:00:00,7.1,7.3,,7.0,,83.0,1.0,3.0,353.0,331.0,1017.5,48.0,0.0,,100.0
2025-07-15 10:00:00,7.5,7.7,,7.1,,82.0,2.7,3.8,6.0,360.0,1017.6,72.0,0.0,,90.0
2025-07-15 11:00:00,7.9,8.2,,7.6,,80.0,2.2,2.9,352.0,1.0,1017.2,113.0,0.0,,90.0
2025-07-15 12:00:00,8.1,8.3,,7.9,,80.0,3.2,4.3,360.0,356.0,1016.5,225.0,0.0,,90.0
2025-07-15 13:00:00,8.4,8.9,,8.0,,81.0,3.7,5.0,357.0,354.0,1015.7,392.0,0.0,,90.0
2025-07-15 14:00:00,9.2,9.6,,8.8,,78.0,4.2,6.1,357.0,359.0,1014.8,606.0,0.0,,60.0
2025-07-15 15:00:00,10.2,11.0,,9.3,,76.0,4.1,6.0,9.0,3.0,1014.0,699.0,0.0,,10.0
2025-07-15 16:00:00,11.5,12.1,,10.7,,72.0,4.1,6.0,2.0,9.0,1013.4,712.0,0.0,,10.0
2025-07-15 17:00:00,12.4,13.6,,10.5,,68.0,2.8,6.7,183.0,350.0,1013.4,697.0,0.0,,40.0
2025-07-15 18:00:00,11.3,12.2,13.6,10.5,6.9,71.0,4.9,8.0,255.0,248.0,1013.8,652.0,0.0,,10.0
2025-07-15 19:00:00,12.2,12.8,,11.7,,67.0,2.5,4.0,224.0,249.0,1013.4,579.0,0.0,,40.0
2025-07-15 20:00:00,12.0,12.6,,11.5,,63.0,3.2,5.1,215.0,213.0,1013.4,489.0,0.0,,10.0
2025-07-15 21:00:00,11.9,12.1,,11.7,,60.0,3.1,4.4,210.0,211.0,1013.0,394.0,0.0,,10.0
2025-07-15 22:00:00,11.5,12.1,,10.6,,61.0,2.5,3.9,207.0,211.0,1012.6,235.0,0.0,,40.0
2025-07-15 23:00:00,10.1,10.7,,9.6,,67.0,2.4,3.8,198.0,202.0,1012.5,55.0,0.0,,40.0
2025-07-16 00:00:00,9.6,9.7,,9.4,,71.0,1.6,3.5,254.0,254.0,1012.4,31.0,0.0,,40.0
2025-07-16 01:00:00,9.4,9.5,,9.3,,72.0,1.2,2.8,256.0,263.0,1012.0,16.0,0.0,,40.0
2025-07-16 02:00:00,8.4,9.3,,6.4,,77.0,1.3,2.3,170.0,220.0,1012.2,3.0,0.0,,40.0
2025-07-16 03:00:00,6.2,6.5,,5.9,,87.0,2.6,3.7,147.0,151.0,1012.1,0.0,0.0,,
2025-07-16 04:00:00,6.1,6.2,,6.0,,87.0,2.1,4.2,144.0,149.0,1011.8,0.0,0.0,,90.0
2025-07-16 05:00:00,6.4,6.6,,6.1,,84.0,0.7,1.8,237.0,157.0,1011.4,0.0,0.0,,90.0
2025-07-16 06:00:00,6.3,6.4,12.8,6.2,5.9,85.0,1.2,2.3,304.0,297.0,1011.3,2.0,0.0,0.0,90.0
2025-07-16 07:00:00,6.3,6.5,,6.2,,85.0,1.9,2.9,343.0,329.0,1011.4,13.0,0.0,,90.0
2025-07-16 08:00:00,6.4,6.7,,6.3,,85.0,2.9,4.9,10.0,359.0,1011.2,37.0,0.0,,90.0
2025-07-16 09:00:00,6.9,7.1,,6.7,,83.0,4.7,6.6,8.0,8.0,1010.9,66.0,0.0,,90.0
2025-07-16 10:00:00,6.9,7.1,,6.7,,86.0,6.1,7.8,2.0,360.0,1010.3,139.0,0.0,,90.0
2025-07-16 11:00:00,7.3,7.7,,6.8,,83.0,6.4,8.2,10.0,7.0,1010.2,138.0,0.0,,90.0
2025-07-16 12:00:00,7.8,8.2,,7.5,,80.0,6.4,8.5,6.0,8.0,1010.2,171.0,0.0,,90.0
2025-07-16 13:00:00,7.4,7.6,,7.0,,84.0,6.1,7.2,358.0,2.0,1010.3,131.0,0.0,,90.0
2025-07-16 14:00:00,7.6,8.3,,7.0,,83.0,6.0,7.5,9.0,5.0,1010.0,136.0,0.0,,90.0
2025-07-16 15:00:00,9.2,10.0,,8.2,,76.0,6.1,7.8,6.0,9.0,1009.5,421.0,0.0,,60.0
2025-07-16 16:00:00,10.4,11.2,,9.3,,71.0,5.4,7.6,9.0,11.0,1009.1,281.0,0.0,,100.0
2025-07-16 17:00:00,10.5,11.5,,9.7,,71.0,5.5,6.6,7.0,7.0,1008.5,263.0,0.0,,90.0
2025-07-16 18:00:00,12.1,13.2,13.2,11.0,6.2,66.0,4.5,6.1,6.0,11.0,1008.3,277.0,0.0,,90.0
2025-07-16 19:00:00,12.8,14.3,,11.1,,64.0,3.0,4.0,318.0,337.0,1008.2,316.0,0.0,,90.0
2025-07-16 20:00:00,13.8,14.3,,13.6,,62.0,2.3,3.8,310.0,308.0,1008.5,108.0,0.0,,90.0
2025-07-16 21:00:00,13.7,14.0,,13.3,,64.0,3.1,5.7,335.0,309.0,1008.2,183.0,0.0,,
2025-07-16 22:00:00,13.0,13.4,,12.5,,67.0,2.6,5.5,343.0,331.0,1008.1,132.0,0.0,,90.0
2025-07-16 23:00:00,11.6,12.5,,10.4,,70.0,3.7,6.3,302.0,324.0,1008.0,78.0,0.0,,90.0
2025-07-17 00:00:00,9.4,10.4,,8.5,,79.0,2.7,4.6,231.0,262.0,1008.3,29.0,0.0,,100.0
2025-07-17 01:00:00,8.0,8.7,,7.3,,85.0,3.0,5.1,175.0,196.0,1008.5,6.0,0.0,,100.0
2025-07-17 02:00:00,7.2,7.5,,6.8,,88.0,4.0,6.5,159.0,168.0,1008.4,1.0,0.0,,90.0
2025-07-17 03:00:00,7.0,7.4,,6.5,,89.0,6.5,9.3,155.0,153.0,1008.1,0.0,0.0,,100.0
2025-07-17 04:00:00,6.8,7.2,,6.3,,90.0,4.9,7.2,161.0,149.0,1007.9,0.0,0.0,,100.0
2025-07-17 05:00:00,7.4,7.7,,6.8,,88.0,4.7,6.6,150.0,147.0,1007.9,0.0,0.0,,100.0
2025-07-17 06:00:00,8.2,9.6,14.3,7.7,6.3,86.0,4.1,5.3,146.0,144.0,1007.8,1.0,0.0,0.0,100.0
2025-07-17 07:00:00,9.9,11.1,,8.4,,79.0,3.1,4.5,142.0,141.0,1008.0,7.0,0.0,,100.0
2025-07-17 08:00:00,8.0,10.2,,6.6,,86.0,1.8,3.0,163.0,172.0,1008.0,8.0,0.0,,100.0
2025-07-17 09:00:00,7.9,9.2,,7.0,,88.0,2.1,4.2,159.0,171.0,1008.6,18.0,0.0,,100.0
2025-07-17 10:00:00,8.1,8.7,,6.9,,88.0,1.6,4.3,341.0,356.0,1008.2,63.0,0.5,,40.0
2025-07-17 11:00:00,9.0,9.1,,8.6,,84.0,2.4,4.8,330.0,344.0,1008.2,196.0,0.0,,100.0
2025-07-17 12:00:00,9.0,9.3,,8.7,,85.0,3.0,4.9,340.0,327.0,1007.9,268.0,0.0,,100.0
2025-07-17 13:00:00,9.3,9.7,,9.1,,85.0,3.9,5.6,340.0,341.0,1007.9,320.0,0.0,,90.0
2025-07-17 14:00:00,9.8,10.0,,9.6,,83.0,2.7,4.2,314.0,338.0,1008.2,319.0,0.0,,100.0
2025-07-17 15:00:00,9.6,9.9,,9.2,,80.0,5.1,8.4,303.0,309.0,1008.2,227.0,0.0,,100.0
2025-07-17 16:00:00,9.1,9.5,,8.6,,81.0,5.6,8.6,294.0,303.0,1008.4,194.0,0.0,,100.0
2025-07-17 17:00:00,8.4,8.9,,8.0,,86.0,5.8,8.7,295.0,294.0,1008.8,184.0,0.0,,100.0
2025-07-17 18:00:00,8.2,8.4,11.1,8.0,6.6,88.0,5.8,8.2,300.0,301.0,1009.3,174.0,0.0,,90.0
2025-07-17 19:00:00,8.2,8.3,,8.1,,91.0,4.1,6.7,310.0,307.0,1009.6,131.0,0.0,,100.0
2025-07-17 20:00:00,8.2,8.3,,8.0,,91.0,3.2,4.5,271.0,290.0,1010.0,88.0,0.0,,100.0
2025-07-17 21:00:00,7.7,8.0,,7.5,,95.0,2.7,4.2,253.0,260.0,1010.6,50.0,0.0,,100.0
2025-07-17 22:00:00,7.5,7.6,,7.4,,99.0,1.0,2.2,213.0,229.0,1011.2,30.0,0.1,,100.0
2025-07-17 23:00:00,7.5,7.7,,7.3,,99.0,1.3,2.2,138.0,172.0,1011.5,25.0,0.6,,
2025-07-18 00:00:00,7.4,7.5,,7.3,,99.0,2.5,4.0,144.0,141.0,1011.7,32.0,0.2,,100.0
2025-07-18 01:00:00,8.1,8.8,,7.5,,94.0,2.9,4.6,128.0,136.0,1012.1,9.0,0.0,,100.0
2025-07-18 02:00:00,7.6,9.0,,7.2,,96.0,0.8,3.0,252.0,269.0,1012.3,1.0,0.0,,90.0
2025-07-18 03:00:00,7.7,7.9,,7.3,,95.0,1.5,4.0,182.0,190.0,1012.7,0.0,0.0,,100.0
2025-07-18 04:00:00,7.6,8.0,,7.0,,91.0,2.3,3.9,178.0,184.0,1013.0,0.0,0.0,,100.0
2025-07-18 05:00:00,6.6,7.0,,6.4,,95.0,2.6,4.0,176.0,185.0,1013.4,0.0,0.0,,100.0
2025-07-18 06:00:00,6.4,6.5,9.0,6.3,6.3,96.0,3.1,4.2,159.0,157.0,1014.0,1.0,0.0,1.4,100.0
2025-07-18 07:00:00,6.3,6.4,,6.2,,97.0,2.9,4.5,151.0,152.0,1014.6,3.0,0.0,,100.0
2025-07-18 08:00:00,6.0,6.3,,5.7,,97.0,3.3,5.0,172.0,166.0,1014.9,15.0,0.0,,100.0
2025-07-18 09:00:00,5.5,5.8,,5.2,,99.0,3.9,5.9,179.0,178.0,1015.3,40.0,0.0,,
2025-07-18 10:00:00,5.0,5.2,,4.8,,100.0,4.1,5.8,174.0,170.0,1015.6,101.0,0.0,,
2025-07-18 11:00:00,4.8,5.1,,4.5,,100.0,2.9,4.7,193.0,189.0,1016.1,127.0,0.0,,
2025-07-18 12:00:00,4.6,4.9,,4.3,,100.0,3.0,4.5,209.0,207.0,1016.4,173.0,0.0,,
2025-07-18 13:00:00,4.7,5.2,,4.4,,100.0,2.4,4.1,195.0,199.0,1016.6,258.0,0.0,,100.0
2025-07-18 14:00:00,4.9,5.1,,4.6,,96.0,2.7,4.7,192.0,198.0,1016.9,325.0,0.0,,100.0
2025-07-18 15:00:00,4.8,5.4,,4.3,,92.0,3.1,5.1,179.0,187.0,1017.0,281.0,0.0,,100.0
2025-07-18 16:00:00,5.0,6.0,,4.5,,91.0,3.2,4.7,215.0,193.0,1016.9,459.0,0.0,,90.0
2025-07-18 17:00:00,4.9,5.4,,4.4,,89.0,3.9,5.4,209.0,210.0,1017.0,655.0,0.0,,60.0
2025-07-18 18:00:00,5.7,6.3,6.4,4.9,4.3,83.0,2.9,5.4,184.0,192.0,1017.5,359.0,0.0,,90.0
2025-07-18 19:00:00,5.6,6.2,,5.2,,85.0,2.0,3.7,265.0,234.0,1017.4,393.0,0.0,,90.0
2025-07-18 20:00:00,5.9,7.1,,5.2,,84.0,2.2,4.0,237.0,261.0,1017.4,447.0,0.0,,60.0
2025-07-18 21:00:00,6.7,7.3,,6.4,,82.0,2.0,4.0,257.0,258.0,1017.4,402.0,0.0,,60.0
2025-07-18 22:00:00,6.9,7.4,,6.4,,83.0,3.0,5.8,258.0,260.0,1017.4,298.0,0.0,,60.0
2025-07-18 23:00:00,6.5,7.3,,5.7,,85.0,4.1,5.7,274.0,267.0,1016.9,163.0,0.0,,60.0
2025-07-19 00:00:00,5.9,6.4,,5.4,,87.0,3.9,5.3,330.0,308.0,1016.2,110.0,0.0,,90.0
2025-07-19 01:00:00,6.2,6.4,,6.0,,85.0,4.9,5.8,337.0,336.0,1015.6,31.0,0.0,,90.0
2025-07-19 02:00:00,5.6,6.0,,5.5,,86.0,5.0,6.1,335.0,339.0,1015.2,4.0,0.0,,90.0
2025-07-19 03:00:00,5.4,5.5,,5.1,,87.0,4.9,6.3,353.0,350.0,1014.3,0.0,0.0,,90.0
2025-07-19 04:00:00,4.9,5.2,,4.6,,91.0,5.3,6.8,341.0,347.0,1013.4,0.0,0.0,,90.0
2025-07-19 05:00:00,4.8,5.0,,4.7,,93.0,5.2,6.8,343.0,345.0,1012.7,0.0,0.0,,90.0
2025-07-19 06:00:00,5.0,5.2,7.4,4.8,4.6,93.0,5.6,8.0,348.0,346.0,1011.9,1.0,0.0,0.0,90.0
2025-07-19 07:00:00,5.2,5.9,,4.9,,94.0,5.4,7.7,2.0,357.0,1011.2,13.0,0.0,,90.0
2025-07-19 08:00:00,5.9,6.2,,5.6,,92.0,6.9,10.2,7.0,2.0,1010.4,33.0,0.0,,90.0
2025-07-19 09:00:00,6.3,6.6,,6.1,,91.0,6.6,8.8,14.0,9.0,1009.6,62.0,0.0,,10.0
2025-07-19 10:00:00,6.6,7.1,,6.4,,92.0,6.1,9.2,14.0,10.0,1008.6,129.0,0.0,,40.0
2025-07-19 11:00:00,7.2,7.7,,6.8,,89.0,7.5,10.6,5.0,7.0,1007.4,292.0,0.0,,60.0
2025-07-19 12:00:00,7.7,8.2,,7.2,,88.0,7.1,10.7,2.0,6.0,1006.5,315.0,0.0,,10.0
2025-07-19 13:00:00,8.1,8.9,,7.3,,86.0,6.8,9.5,12.0,9.0,1005.5,472.0,0.0,,40.0
2025-07-19 14:00:00,8.3,9.2,,7.7,,86.0,6.3,10.0,359.0,2.0,1004.3,540.0,0.0,,40.0
2025-07-19 15:00:00,10.1,12.2,,8.4,,79.0,5.7,7.7,12.0,8.0,1003.2,537.0,0.0,,60.0
2025-07-19 16:00:00,10.8,12.4,,10.0,,76.0,4.3,5.8,352.0,353.0,1002.0,614.0,0.0,,40.0
2025-07-19 17:00:00,11.4,12.6,,10.4,,73.0,4.9,6.5,7.0,358.0,1000.7,550.0,0.0,,90.0
2025-07-19 18:00:00,13.6,15.1,15.1,12.3,4.9,64.0,5.0,6.6,13.0,15.0,999.8,534.0,0.0,,40.0
2025-07-19 19:00:00,13.9,15.9,,11.9,,63.0,3.9,5.1,7.0,352.0,999.2,427.0,0.0,,10.0
2025-07-19 20:00:00,17.0,17.8,,15.9,,53.0,2.5,4.3,317.0,345.0,998.9,422.0,0.0,,10.0
2025-07-19 21:00:00,17.2,17.9,,16.9,,53.0,1.2,2.7,272.0,292.0,998.8,219.0,0.0,,10.0
2025-07-19 22:00:00,16.5,17.2,,15.5,,57.0,0.7,2.0,181.0,217.0,998.6,129.0,0.0,,10.0
2025-07-19 23:00:00,14.4,15.7,,13.5,,63.0,2.6,6.6,170.0,198.0,998.6,123.0,0.0,,0.0
2025-07-20 00:00:00,13.2,13.8,,12.6,,65.0,8.1,11.8,149.0,150.0,998.4,91.0,0.0,,40.0
2025-07-20 01:00:00,13.0,13.5,,12.2,,66.0,8.6,11.8,156.0,151.0,998.7,40.0,0.0,,40.0
2025-07-20 02:00:00,9.7,12.2,,8.3,,77.0,6.3,8.6,154.0,157.0,998.5,11.0,0.0,,90.0
2025-07-20 03:00:00,9.0,10.5,,8.1,,80.0,4.6,7.3,140.0,146.0,998.1,0.0,0.0,,90.0
2025-07-20 04:00:00,11.3,13.3,,9.2,,71.0,2.5,4.5,153.0,157.0,998.0,0.0,0.0,,90.0
2025-07-20 05:00:00,11.2,13.5,,8.1,,72.0,1.2,2.5,11.0,63.0,997.5,0.0,0.0,,90.0
2025-07-20 06:00:00,10.2,12.4,17.9,9.2,8.1,75.0,3.6,5.6,10.0,7.0,997.3,2.0,0.0,0.0,90.0
2025-07-20 07:00:00,8.9,9.3,,8.3,,84.0,5.6,8.0,353.0,4.0,997.3,9.0,0.0,,90.0
2025-07-20 08:00:00,9.0,9.5,,8.6,,81.0,5.6,7.3,354.0,354.0,997.1,32.0,0.0,,90.0
2025-07-20 09:00:00,9.6,9.9,,9.0,,77.0,5.3,7.8,9.0,7.0,997.3,29.0,0.0,,90.0
2025-07-20 10:00:00,10.1,10.4,,9.8,,75.0,3.7,5.3,359.0,6.0,997.8,41.0,0.0,,90.0
2025-07-20 11:00:00,10.7,11.2,,10.1,,74.0,2.1,3.1,242.0,303.0,998.7,68.0,0.0,,90.0
2025-07-20 12:00:00,10.7,11.5,,10.2,,81.0,1.0,2.4,175.0,202.0,999.2,87.0,0.1,,90.0
2025-07-20 13:00:00,10.5,11.3,,9.8,,85.0,3.0,5.8,140.0,148.0,999.8,143.0,0.0,,40.0
2025-07-20 14:00:00,8.9,9.8,,7.9,,90.0,5.9,9.0,164.0,152.0,1000.5,198.0,0.0,,90.0
2025-07-20 15:00:00,7.1,8.0,,6.6,,92.0,5.5,7.6,172.0,167.0,1001.1,216.0,0.0,,90.0
2025-07-20 16:00:00,7.3,7.7,,7.1,,89.0,4.3,6.6,181.0,180.0,1001.4,332.0,0.0,,90.0
2025-07-20 17:00:00,7.5,7.9,,7.1,,87.0,3.5,5.2,180.0,181.0,1001.7,319.0,0.0,,60.0
2025-07-20 18:00:00,8.5,9.3,11.5,7.6,6.6,84.0,2.7,4.5,198.0,189.0,1002.1,381.0,0.0,,60.0
2025-07-20 19:00:00,9.2,9.7,,8.6,,82.0,1.6,3.0,238.0,202.0,1002.4,298.0,0.0,,90.0
2025-07-20 20:00:00,8.2,9.1,,6.8,,85.0,1.8,3.2,266.0,231.0,1002.7,172.0,0.0,,90.0
2025-07-20 21:00:00,8.6,9.6,,8.2,,83.0,1.4,2.5,258.0,261.0,1003.1,225.0,0.0,,90.0
2025-07-20 22:00:00,10.2,11.1,,9.5,,78.0,1.4,2.3,225.0,250.0,1003.7,287.0,0.0,,90.0
2025-07-20 23:00:00,9.9,10.4,,9.5,,79.0,2.9,6.5,173.0,195.0,1004.6,143.0,0.0,,90.0
2025-07-21 00:00:00,8.4,10.0,,5.4,,84.0,9.2,15.7,167.0,161.0,1006.2,43.0,0.0,,90.0
2025-07-21 01:00:00,6.3,6.9,,5.4,,92.0,9.9,13.5,149.0,152.0,1006.9,9.0,0.0,,90.0
2025-07-21 02:00:00,6.7,6.8,,6.4,,92.0,9.4,12.0,148.0,147.0,1007.7,1.0,0.0,,90.0
2025-07-21 03:00:00,6.3,6.4,,6.2,,98.0,6.5,9.7,151.0,150.0,1008.0,0.0,0.0,,90.0
2025-07-21 04:00:00,6.3,6.5,,6.2,,98.0,4.9,7.9,142.0,144.0,1008.5,0.0,0.0,,90.0
2025-07-21 05:00:00,6.8,7.1,,6.5,,94.0,3.2,5.7,170.0,153.0,1008.7,0.0,0.0,,90.0
2025-07-21 06:00:00,7.2,7.3,11.1,6.9,5.4,89.0,1.0,2.5,256.0,184.0,1008.8,0.0,0.0,0.1,90.0
2025-07-21 07:00:00,6.8,7.2,,6.6,,90.0,3.2,4.8,354.0,341.0,1009.0,4.0,0.0,,90.0
2025-07-21 08:00:00,6.8,6.9,,6.7,,94.0,4.4,6.0,12.0,6.0,1009.1,14.0,0.0,,90.0
2025-07-21 09:00:00,6.8,7.0,,6.7,,96.0,5.5,7.4,352.0,360.0,1008.9,29.0,0.0,,90.0
2025-07-21 10:00:00,7.1,7.2,,6.9,,95.0,6.0,8.3,1.0,1.0,1008.8,103.0,0.0,,90.0
2025-07-21 11:00:00,7.4,7.7,,7.2,,93.0,5.7,7.9,2.0,2.0,1008.5,272.0,0.0,,40.0
2025-07-21 12:00:00,7.7,8.1,,7.3,,91.0,6.4,8.1,3.0,5.0,1008.4,301.0,0.0,,90.0
2025-07-21 13:00:00,8.6,9.1,,8.0,,86.0,7.2,9.3,355.0,4.0,1008.2,516.0,0.0,,60.0
2025-07-21 14:00:00,9.0,9.5,,8.7,,85.0,7.3,9.5,4.0,2.0,1008.4,679.0,0.0,,40.0
2025-07-21 15:00:00,9.6,10.2,,9.0,,82.0,5.4,7.6,1.0,1.0,1008.3,736.0,0.0,,90.0
2025-07-21 16:00:00,10.5,11.7,,9.9,,78.0,4.8,6.3,3.0,2.0,1008.0,728.0,0.0,,40.0
2025-07-21 17:00:00,12.1,13.0,,11.3,,71.0,5.3,7.2,15.0,11.0,1007.8,727.0,0.0,,40.0
2025-07-21 18:00:00,13.6,14.3,14.3,13.0,6.6,66.0,4.1,5.8,1.0,8.0,1007.7,669.0,0.0,,10.0
2025-07-21 19:00:00,14.2,15.0,,13.6,,64.0,2.7,4.0,1.0,2.0,1007.7,525.0,0.0,,60.0
2025-07-21 20:00:00,14.4,14.8,,13.9,,64.0,1.5,3.4,310.0,328.0,1008.0,342.0,0.0,,90.0
2025-07-21 21:00:00,14.5,14.9,,13.9,,64.0,1.9,4.0,304.0,296.0,1008.0,296.0,0.0,,90.0
2025-07-21 22:00:00,13.9,14.8,,13.3,,66.0,3.1,4.9,303.0,296.0,1008.1,280.0,0.0,,90.0
2025-07-21 23:00:00,12.7,13.8,,11.9,,71.0,2.6,4.4,280.0,308.0,1008.3,104.0,0.0,,90.0
2025-07-22 00:00:00,11.1,11.9,,10.1,,78.0,2.7,4.6,277.0,287.0,1008.4,42.0,0.0,,90.0
2025-07-22 01:00:00,9.5,10.1,,9.1,,83.0,2.8,4.5,301.0,288.0,1008.5,12.0,0.0,,90.0
2025-07-22 02:00:00,9.0,10.1,,8.2,,85.0,2.6,4.2,282.0,294.0,1008.4,1.0,0.0,,100.0
2025-07-22 03:00:00,8.3,8.6,,8.1,,87.0,2.8,4.2,303.0,285.0,1008.2,0.0,0.0,,90.0
2025-07-22 04:00:00,9.1,9.5,,8.3,,84.0,3.0,4.6,319.0,346.0,1008.1,0.0,0.0,,90.0
2025-07-22 05:00:00,7.2,8.2,,6.7,,91.0,2.2,4.0,268.0,257.0,1008.2,0.0,0.0,,90.0
2025-07-22 06:00:00,6.7,6.9,15.0,6.6,6.6,93.0,2.0,3.2,185.0,212.0,1008.0,0.0,0.0,0.0,90.0
2025-07-22 07:00:00,6.6,6.7,,6.5,,93.0,2.2,3.2,171.0,179.0,1008.1,5.0,0.0,,90.0
2025-07-22 08:00:00,6.7,6.8,,6.5,,93.0,1.5,2.7,259.0,210.0,1008.2,19.0,0.0,,90.0
2025-07-22 09:00:00,6.9,7.3,,6.6,,93.0,1.2,2.3,302.0,271.0,1008.1,47.0,0.0,,90.0
2025-07-22 10:00:00,7.4,7.6,,7.3,,92.0,1.4,2.3,2.0,330.0,1008.1,95.0,0.0,,40.0
2025-07-22 11:00:00,7.6,7.8,,7.3,,90.0,2.8,3.9,356.0,352.0,1008.1,188.0,0.0,,60.0
2025-07-22 12:00:00,8.1,8.6,,7.8,,88.0,3.3,4.1,336.0,344.0,1008.0,256.0,0.0,,60.0
2025-07-22 13:00:00,8.9,9.6,,8.2,,85.0,3.7,4.7,353.0,348.0,1008.0,471.0,0.0,,40.0
2025-07-22 14:00:00,10.7,11.5,,9.4,,78.0,3.4,4.5,355.0,351.0,1007.9,669.0,0.0,,40.0
2025-07-22 15:00:00,11.6,12.5,,11.1,,76.0,3.7,4.8,359.0,356.0,1007.5,649.0,0.0,,60.0
2025-07-22 16:00:00,12.6,13.3,,12.2,,73.0,3.3,4.7,335.0,346.0,1007.3,719.0,0.0,,40.0
2025-07-22 17:00:00,12.9,13.6,,12.5,,71.0,2.8,4.1,318.0,333.0,1007.2,702.0,0.0,,10.0
2025-07-22 18:00:00,12.6,13.0,13.6,12.0,6.5,71.0,4.1,6.8,306.0,313.0,1007.1,655.0,0.0,,40.0
2025-07-22 19:00:00,11.7,12.3,,11.3,,72.0,5.5,7.6,312.0,308.0,1007.1,588.0,0.0,,40.0
2025-07-22 20:00:00,11.2,11.8,,10.6,,74.0,5.1,7.3,307.0,308.0,1007.2,496.0,0.0,,10.0
2025-07-22 21:00:00,10.2,11.1,,9.6,,78.0,4.9,6.4,299.0,303.0,1007.1,323.0,0.0,,10.0
2025-07-22 22:00:00,9.1,9.9,,8.4,,82.0,5.3,7.5,296.0,296.0,1007.0,288.0,0.0,,40.0
2025-07-22 23:00:00,8.1,8.4,,7.5,,86.0,5.3,7.3,305.0,303.0,1007.0,154.0,0.0,,60.0
2025-07-23 00:00:00,6.9,7.5,,6.6,,91.0,5.6,7.7,314.0,307.0,1006.8,62.0,0.0,,60.0
2025-07-23 01:00:00,6.6,7.0,,6.2,,92.0,4.8,6.2,328.0,319.0,1006.6,23.0,0.0,,60.0
2025-07-23 02:00:00,6.2,6.3,,5.9,,94.0,5.5,6.5,328.0,334.0,1006.7,3.0,0.0,,90.0
2025-07-23 03:00:00,5.8,6.0,,5.1,,95.0,2.9,4.9,292.0,331.0,1006.9,0.0,0.0,,90.0
2025-07-23 04:00:00,5.2,5.2,,5.0,,98.0,1.3,2.6,193.0,262.0,1007.2,0.0,0.0,,
2025-07-23 05:00:00,4.5,5.1,,4.2,,99.0,3.1,7.4,192.0,202.0,1007.0,0.0,0.0,,40.0
2025-07-23 06:00:00,4.5,4.9,12.3,4.1,4.1,100.0,3.2,5.6,176.0,178.0,1006.8,1.0,0.0,0.0,10.0
2025-07-23 07:00:00,4.1,4.3,,3.8,,100.0,3.1,5.3,184.0,186.0,1006.7,8.0,0.0,,
2025-07-23 08:00:00,3.8,4.0,,3.5,,100.0,1.1,3.0,241.0,206.0,1006.3,42.0,0.0,,
2025-07-23 09:00:00,3.9,4.3,,3.7,,100.0,0.8,1.7,346.0,312.0,1005.8,126.0,0.0,,60.0
2025-07-23 10:00:00,4.3,4.6,,4.1,,100.0,3.2,6.3,355.0,342.0,1004.8,184.0,0.0,,
2025-07-23 11:00:00,4.5,5.1,,4.2,,99.0,5.4,7.1,341.0,352.0,1004.0,331.0,0.0,,40.0
2025-07-23 12:00:00,5.4,6.1,,5.0,,99.0,5.4,6.8,360.0,354.0,1003.2,477.0,0.0,,40.0
2025-07-23 13:00:00,7.2,8.6,,5.8,,91.0,5.5,6.6,360.0,356.0,1002.6,579.0,0.0,,10.0
2025-07-23 14:00:00,10.1,12.7,,8.6,,76.0,5.3,6.8,359.0,353.0,1001.4,654.0,0.0,,40.0
2025-07-23 15:00:00,13.7,14.3,,12.8,,62.0,4.9,6.9,360.0,4.0,1000.5,697.0,0.0,,60.0
2025-07-23 16:00:00,14.8,15.6,,14.2,,59.0,3.9,4.9,3.0,2.0,999.5,711.0,0.0,,10.0
2025-07-23 17:00:00,15.9,16.4,,15.5,,58.0,3.0,4.7,350.0,355.0,998.4,701.0,0.0,,10.0
2025-07-23 18:00:00,16.8,17.4,17.4,16.2,3.5,55.0,2.4,3.6,327.0,339.0,997.9,656.0,0.0,,10.0
2025-07-23 19:00:00,17.7,18.2,,17.2,,49.0,2.3,4.3,290.0,304.0,997.4,583.0,0.0,,40.0
2025-07-23 20:00:00,18.6,19.0,,17.9,,45.0,2.7,5.1,298.0,294.0,997.0,494.0,0.0,,10.0
2025-07-23 21:00:00,17.4,18.5,,17.0,,48.0,3.5,5.2,307.0,302.0,996.7,386.0,0.0,,40.0
2025-07-23 22:00:00,17.2,17.7,,16.6,,48.0,3.2,4.7,281.0,295.0,996.3,275.0,0.0,,10.0
2025-07-23 23:00:00,15.6,16.7,,14.5,,55.0,3.1,4.6,272.0,270.0,996.2,145.0,0.0,,40.0
2025-07-24 00:00:00,11.6,14.4,,10.0,,71.0,4.3,6.4,261.0,263.0,996.4,71.0,0.0,,10.0
2025-07-24 01:00:00,9.6,10.1,,8.5,,79.0,2.8,4.7,190.0,219.0,996.5,18.0,0.0,,90.0
2025-07-24 02:00:00,8.2,8.6,,7.8,,86.0,3.6,5.6,168.0,188.0,996.4,2.0,0.0,,90.0
2025-07-24 03:00:00,9.2,10.6,,8.4,,79.0,5.8,9.1,167.0,160.0,996.2,0.0,0.0,,90.0
2025-07-24 04:00:00,10.8,12.0,,10.0,,69.0,9.2,11.8,148.0,152.0,995.9,0.0,0.0,,60.0
2025-07-24 05:00:00,9.2,10.2,,7.7,,75.0,9.2,12.3,155.0,154.0,995.9,0.0,0.0,,90.0
2025-07-24 06:00:00,7.8,8.8,19.0,7.2,7.2,82.0,9.2,12.3,155.0,154.0,995.9,1.0,0.0,0.0,90.0
2025-07-24 07:00:00,7.3,8.3,,6.8,,85.0,7.5,11.2,152.0,160.0,996.3,9.0,0.0,,
2025-07-24 08:00:00,7.5,7.8,,6.8,,84.0,3.4,7.8,184.0,161.0,996.6,33.0,0.0,,60.0
2025-07-24 09:00:00,7.4,8.4,,6.8,,85.0,3.1,6.5,157.0,166.0,996.7,134.0,0.0,,60.0
2025-07-24 10:00:00,8.8,9.4,,8.2,,78.0,3.4,5.3,136.0,142.0,996.9,299.0,0.0,,10.0
2025-07-24 11:00:00,9.3,10.2,,7.8,,77.0,2.0,4.6,187.0,175.0,996.9,414.0,0.0,,10.0
2025-07-24 12:00:00,10.1,11.3,,8.8,,74.0,2.0,3.4,172.0,156.0,997.0,435.0,0.0,,10.0
2025-07-24 13:00:00,8.8,9.7,,7.8,,80.0,1.9,3.1,172.0,179.0,996.9,501.0,0.0,,10.0
2025-07-24 14:00:00,10.8,11.8,,9.5,,72.0,1.8,3.6,159.0,167.0,996.7,669.0,0.0,,40.0
2025-07-24 15:00:00,11.7,12.5,,9.9,,68.0,2.1,4.1,154.0,167.0,996.6,668.0,0.0,,40.0
2025-07-24 16:00:00,11.4,13.3,,9.2,,69.0,2.2,3.9,187.0,172.0,996.8,553.0,0.0,,10.0
2025-07-24 17:00:00,9.6,10.7,,8.8,,76.0,3.6,5.6,167.0,161.0,996.8,391.0,0.0,,40.0
2025-07-24 18:00:00,9.9,10.7,13.3,8.8,6.8,75.0,4.5,6.3,159.0,168.0,997.1,384.0,0.0,,10.0
2025-07-24 19:00:00,10.5,11.6,,9.5,,72.0,6.3,9.2,172.0,169.0,997.1,510.0,0.0,,40.0
2025-07-24 20:00:00,11.6,11.9,,11.1,,65.0,8.2,11.2,166.0,168.0,997.3,501.0,0.0,,10.0
2025-07-24 21:00:00,11.0,11.6,,10.0,,67.0,8.8,12.3,175.0,169.0,997.8,360.0,0.0,,10.0
2025-07-24 22:00:00,9.1,9.9,,8.3,,76.0,9.1,12.1,162.0,170.0,998.0,234.0,0.0,,10.0
2025-07-24 23:00:00,7.8,8.3,,7.2,,83.0,10.2,13.8,168.0,166.0,998.4,139.0,0.0,,60.0
2025-07-25 00:00:00,7.2,7.4,,7.0,,86.0,11.1,14.5,168.0,167.0,998.7,77.0,0.0,,60.0
2025-07-25 01:00:00,6.6,7.2,,6.4,,89.0,9.2,13.5,164.0,166.0,999.3,21.0,0.0,,90.0
2025-07-25 02:00:00,5.4,6.4,,4.2,,94.0,7.5,11.5,158.0,167.0,999.6,2.0,0.0,,
2025-07-25 03:00:00,4.1,4.2,,4.0,,100.0,7.3,10.0,161.0,156.0,999.7,0.0,0.0,,
2025-07-25 04:00:00,4.0,4.2,,3.9,,100.0,7.6,10.8,168.0,163.0,999.9,0.0,0.0,,
2025-07-25 05:00:00,4.0,4.1,,3.9,,100.0,7.6,10.5,161.0,162.0,1000.3,0.0,0.0,,
2025-07-25 06:00:00,3.8,3.9,11.9,3.7,3.7,100.0,8.5,11.7,159.0,159.0,1000.4,0.0,0.0,0.0,
2025-07-25 07:00:00,3.7,3.8,,3.6,,100.0,8.7,12.7,162.0,160.0,1000.8,4.0,0.0,,
2025-07-25 08:00:00,3.8,3.9,,3.7,,100.0,6.9,9.9,169.0,169.0,1001.2,19.0,0.0,,
2025-07-25 09:00:00,3.9,4.1,,3.9,,100.0,5.0,7.9,160.0,161.0,1001.5,54.0,0.0,,
2025-07-25 10:00:00,4.2,4.4,,4.1,,100.0,2.7,4.5,170.0,168.0,1001.9,81.0,0.0,,
2025-07-25 11:00:00,4.3,4.7,,4.0,,100.0,3.0,4.9,171.0,174.0,1002.0,142.0,0.0,,
2025-07-25 12:00:00,4.2,4.7,,3.9,,100.0,2.8,4.7,171.0,159.0,1002.1,254.0,0.0,,
2025-07-25 13:00:00,4.6,5.2,,4.1,,100.0,3.6,5.8,173.0,162.0,1002.3,334.0,0.0,,
2025-07-25 14:00:00,4.8,5.3,,4.6,,99.0,5.1,7.6,183.0,174.0,1002.5,365.0,0.0,,90.0
2025-07-25 15:00:00,4.8,5.3,,4.5,,96.0,5.6,8.2,170.0,178.0,1002.6,345.0,0.0,,90.0
2025-07-25 16:00:00,4.9,5.4,,4.6,,95.0,6.1,9.0,167.0,174.0,1002.5,417.0,0.0,,90.0
2025-07-25 17:00:00,6.0,7.2,,5.0,,89.0,4.5,8.0,173.0,169.0,1002.6,580.0,0.0,,60.0
2025-07-25 18:00:00,6.0,6.9,7.2,4.8,3.6,88.0,3.4,5.5,201.0,194.0,1002.6,537.0,0.0,,10.0
2025-07-25 19:00:00,4.8,5.5,,4.4,,92.0,3.3,4.8,190.0,202.0,1002.6,556.0,0.0,,10.0
2025-07-25 20:00:00,5.2,6.1,,4.5,,88.0,3.0,5.0,180.0,183.0,1002.9,492.0,0.0,,40.0
2025-07-25 21:00:00,4.0,5.0,,3.3,,94.0,3.9,5.3,173.0,176.0,1003.2,364.0,0.0,,60.0
2025-07-25 22:00:00,3.5,3.8,,3.2,,97.0,3.8,5.2,179.0,179.0,1003.3,183.0,0.0,,90.0
2025-07-25 23:00:00,3.3,3.6,,3.0,,99.0,3.3,4.8,173.0,172.0,1003.5,100.0,0.0,,
2025-07-26 00:00:00,3.1,3.4,,2.8,,100.0,3.0,4.7,151.0,166.0,1003.6,34.0,0.0,,
2025-07-26 01:00:00,2.9,3.2,,2.7,,100.0,3.3,5.0,174.0,168.0,1003.7,7.0,0.0,,
2025-07-26 02:00:00,2.7,3.0,,2.6,,100.0,4.0,5.2,172.0,169.0,1003.8,1.0,0.0,,
2025-07-26 03:00:00,2.6,2.9,,2.3,,100.0,3.4,5.2,170.0,174.0,1003.7,0.0,0.0,,
2025-07-26 04:00:00,2.5,2.9,,2.3,,100.0,2.8,4.1,174.0,172.0,1003.8,0.0,0.0,,
2025-07-26 05:00:00,2.5,2.7,,2.3,,100.0,2.1,3.6,165.0,165.0,1003.8,0.0,0.0,,
2025-07-26 06:00:00,2.4,2.6,6.1,2.1,2.1,100.0,1.9,3.4,162.0,169.0,1003.9,0.0,0.0,0.0,
2025-07-26 07:00:00,2.2,2.5,,1.8,,100.0,1.8,3.0,172.0,173.0,1004.3,7.0,0.0,,
2025-07-26 08:00:00,1.9,2.1,,1.8,,100.0,2.0,3.2,158.0,166.0,1004.5,33.0,0.0,,
2025-07-26 09:00:00,2.1,2.3,,1.9,,100.0,1.3,2.3,160.0,148.0,1004.7,86.0,0.0,,
2025-07-26 10:00:00,2.4,2.7,,2.0,,100.0,1.3,2.3,141.0,144.0,1005.2,154.0,0.0,,
2025-07-26 11:00:00,3.2,4.0,,2.4,,99.0,1.8,3.2,132.0,148.0,1005.1,337.0,0.0,,40.0
2025-07-26 12:00:00,3.9,4.9,,3.0,,95.0,0.9,2.2,327.0,190.0,1005.1,485.0,0.0,,10.0
2025-07-26 13:00:00,3.9,4.8,,3.3,,93.0,1.0,2.1,267.0,271.0,1005.5,493.0,0.0,,10.0
2025-07-26 14:00:00,4.5,4.8,,4.1,,91.0,1.8,2.9,219.0,222.0,1005.9,499.0,0.0,,60.0
2025-07-26 15:00:00,6.2,7.6,,4.8,,82.0,1.8,2.9,191.0,200.0,1005.9,686.0,0.0,,40.0
2025-07-26 16:00:00,7.3,8.2,,6.4,,78.0,2.0,3.2,185.0,194.0,1006.2,645.0,0.0,,60.0
2025-07-26 17:00:00,8.2,9.0,,7.3,,74.0,2.3,4.3,183.0,190.0,1006.4,691.0,0.0,,10.0
2025-07-26 18:00:00,8.0,8.4,9.0,7.5,1.8,75.0,2.7,4.1,197.0,190.0,1006.7,648.0,0.0,,60.0
2025-07-26 19:00:00,6.9,7.8,,6.2,,79.0,2.9,4.7,176.0,192.0,1007.2,590.0,0.0,,60.0
2025-07-26 20:00:00,6.4,7.4,,5.4,,80.0,3.3,4.8,215.0,183.0,1007.7,490.0,0.0,,60.0
2025-07-26 21:00:00,5.5,6.3,,4.8,,87.0,2.6,4.3,191.0,199.0,1007.8,384.0,0.0,,40.0
2025-07-26 22:00:00,5.3,6.2,,4.4,,86.0,2.5,4.1,206.0,199.0,1008.0,265.0,0.0,,60.0
2025-07-26 23:00:00,5.0,5.7,,4.5,,87.0,2.1,3.6,196.0,192.0,1008.1,123.0,0.0,,60.0
2025-07-27 00:00:00,4.6,5.3,,4.3,,89.0,2.1,3.7,190.0,201.0,1008.6,47.0,0.0,,90.0
2025-07-27 01:00:00,3.9,4.4,,3.7,,95.0,1.3,2.4,238.0,228.0,1008.5,17.0,0.0,,60.0
2025-07-27 02:00:00,4.0,4.1,,3.8,,96.0,0.5,1.1,246.0,262.0,1008.4,1.0,0.0,,90.0
2025-07-27 03:00:00,4.1,4.4,,4.0,,96.0,0.5,1.5,0.0,237.0,1008.3,0.0,0.0,,90.0
2025-07-27 04:00:00,4.6,5.0,,4.2,,93.0,0.0,1.2,0.0,0.0,1007.8,0.0,0.0,,90.0
2025-07-27 05:00:00,4.5,4.9,,4.2,,93.0,1.1,1.9,318.0,348.0,1007.6,0.0,0.0,,90.0
2025-07-27 06:00:00,4.4,4.8,7.8,3.8,3.7,94.0,0.6,1.7,274.0,329.0,1007.2,0.0,0.0,0.0,90.0
2025-07-27 07:00:00,4.0,4.5,,3.7,,98.0,3.3,6.0,349.0,320.0,1005.9,8.0,0.0,,90.0
2025-07-27 08:00:00,4.8,5.0,,4.5,,97.0,5.5,7.5,344.0,356.0,1005.6,57.0,0.0,,90.0
2025-07-27 09:00:00,5.5,6.3,,4.8,,93.0,5.1,7.7,359.0,353.0,1005.4,136.0,0.0,,60.0
2025-07-27 10:00:00,6.0,7.2,,5.5,,90.0,5.5,8.0,351.0,352.0,1004.9,228.0,0.0,,60.0
2025-07-27 11:00:00,6.9,7.6,,6.4,,86.0,6.3,8.9,1.0,0.0,1004.6,339.0,0.0,,10.0
2025-07-27 12:00:00,7.3,7.6,,6.6,,86.0,6.1,8.3,360.0,0.0,1004.0,461.0,0.0,,40.0
2025-07-27 13:00:00,8.1,8.7,,7.2,,82.0,5.5,7.4,3.0,357.0,1003.3,568.0,0.0,,10.0
2025-07-27 14:00:00,9.6,11.6,,8.2,,76.0,5.9,7.7,8.0,9.0,1002.3,632.0,0.0,,40.0
2025-07-27 15:00:00,12.1,12.8,,11.4,,63.0,5.5,7.2,10.0,6.0,1001.4,676.0,0.0,,40.0
2025-07-27 16:00:00,13.9,15.3,,12.6,,56.0,4.9,7.2,13.0,12.0,1000.2,634.0,0.0,,10.0
2025-07-27 17:00:00,15.5,16.1,,14.8,,50.0,4.4,5.9,11.0,9.0,999.5,598.0,0.0,,10.0
2025-07-27 18:00:00,16.1,16.5,16.5,15.2,3.7,49.0,4.2,6.0,1.0,6.0,998.7,578.0,0.0,,10.0
2025-07-27 19:00:00,15.0,15.5,,14.5,,49.0,3.9,5.1,18.0,15.0,997.8,468.0,0.0,,10.0
2025-07-27 20:00:00,14.8,15.3,,13.5,,49.0,4.3,5.5,358.0,10.0,997.1,403.0,0.0,,60.0
2025-07-27 21:00:00,14.4,15.2,,13.0,,51.0,3.9,4.9,357.0,4.0,996.2,324.0,0.0,,40.0
2025-07-27 22:00:00,14.4,14.9,,13.8,,50.0,4.7,5.8,3.0,359.0,995.5,226.0,0.0,,10.0
2025-07-27 23:00:00,14.0,14.6,,13.5,,51.0,5.5,6.8,5.0,358.0,994.5,94.0,0.0,,40.0
2025-07-28 00:00:00,14.0,14.6,,13.0,,49.0,5.1,6.1,357.0,4.0,993.9,46.0,0.0,,10.0
2025-07-28 01:00:00,12.9,14.1,,11.5,,52.0,6.1,7.4,7.0,10.0,993.6,11.0,0.0,,60.0
2025-07-28 02:00:00,12.5,13.6,,11.5,,53.0,5.3,7.2,11.0,10.0,993.5,1.0,0.0,,60.0
2025-07-28 03:00:00,12.0,12.7,,11.2,,55.0,4.9,6.7,6.0,8.0,993.2,0.0,0.0,,60.0
2025-07-28 04:00:00,12.4,13.7,,11.5,,54.0,3.3,6.3,164.0,99.0,993.1,0.0,0.0,,40.0
2025-07-28 05:00:00,12.7,13.1,,12.4,,61.0,4.9,8.5,137.0,143.0,993.2,0.0,0.0,,10.0
2025-07-28 06:00:00,12.2,13.3,15.5,10.7,10.7,64.0,6.0,8.8,147.0,150.0,993.7,0.0,0.0,0.0,40.0
2025-07-28 07:00:00,10.9,11.8,,10.4,,71.0,4.8,7.7,160.0,158.0,994.3,6.0,0.0,,90.0
2025-07-28 08:00:00,10.7,12.0,,9.8,,72.0,7.3,11.0,145.0,153.0,994.9,28.0,0.0,,90.0
2025-07-28 09:00:00,11.5,11.9,,11.1,,73.0,7.7,10.8,157.0,155.0,995.3,57.0,0.0,,90.0
2025-07-28 10:00:00,10.6,11.2,,10.1,,78.0,4.5,9.2,172.0,167.0,996.0,80.0,0.0,,90.0
2025-07-28 11:00:00,10.4,10.8,,9.8,,78.0,1.1,2.2,332.0,28.0,996.3,110.0,0.0,,90.0
2025-07-28 12:00:00,9.7,10.2,,9.4,,76.0,2.4,4.6,351.0,359.0,996.8,166.0,0.0,,90.0
2025-07-28 13:00:00,10.7,11.7,,10.0,,72.0,2.3,3.6,335.0,351.0,997.0,265.0,0.0,,90.0
2025-07-28 14:00:00,12.7,13.5,,11.6,,66.0,1.5,3.0,232.0,270.0,996.7,338.0,0.0,,90.0
2025-07-28 15:00:00,13.6,14.7,,12.3,,67.0,3.9,7.8,146.0,173.0,997.6,485.0,0.0,,40.0
2025-07-28 16:00:00,12.0,12.6,,11.5,,76.0,7.6,10.5,161.0,152.0,997.7,705.0,0.0,,60.0
2025-07-28 17:00:00,11.5,12.0,,11.1,,78.0,6.4,9.3,160.0,163.0,998.4,611.0,0.0,,90.0
2025-07-28 18:00:00,11.2,12.0,14.7,10.5,9.4,80.0,4.7,8.0,178.0,176.0,998.7,309.0,0.0,,100.0
2025-07-28 19:00:00,10.7,11.8,,9.8,,81.0,2.9,5.2,164.0,180.0,999.3,397.0,0.0,,60.0
2025-07-28 20:00:00,10.9,11.7,,10.5,,79.0,2.0,3.8,177.0,179.0,999.7,309.0,0.0,,90.0
2025-07-28 21:00:00,9.9,10.6,,9.5,,81.0,2.0,3.3,169.0,173.0,999.8,162.0,0.0,,90.0
2025-07-28 22:00:00,9.9,10.2,,9.6,,81.0,1.2,2.4,225.0,169.0,999.9,113.0,0.0,,40.0
2025-07-28 23:00:00,8.1,9.7,,7.7,,87.0,1.4,2.6,215.0,228.0,1000.0,64.0,0.0,,60.0
2025-07-29 00:00:00,8.9,9.6,,8.2,,84.0,1.2,2.9,262.0,234.0,1000.1,29.0,0.0,,60.0
2025-07-29 01:00:00,8.2,8.5,,7.7,,87.0,2.0,3.1,268.0,263.0,1000.1,8.0,0.0,,90.0
2025-07-29 02:00:00,7.2,7.7,,7.0,,92.0,3.9,5.8,268.0,265.0,1000.3,1.0,0.0,,90.0
2025-07-29 03:00:00,6.9,7.1,,6.7,,93.0,3.0,4.3,266.0,262.0,1000.0,0.0,0.0,,90.0
2025-07-29 04:00:00,7.5,8.2,,6.7,,90.0,1.7,2.9,279.0,273.0,999.9,0.0,0.0,,90.0
2025-07-29 05:00:00,8.1,8.4,,7.9,,89.0,1.1,2.7,313.0,279.0,1000.0,0.0,0.0,,90.0
2025-07-29 06:00:00,7.7,8.1,11.8,7.3,6.7,91.0,1.0,2.7,33.0,334.0,1000.2,0.0,0.0,0.0,90.0
2025-07-29 07:00:00,7.4,8.1,,7.0,,90.0,1.3,2.0,52.0,50.0,1000.5,8.0,0.0,,90.0
2025-07-29 08:00:00,7.0,7.7,,6.5,,91.0,0.8,1.7,162.0,74.0,1000.8,54.0,0.0,,60.0
2025-07-29 09:00:00,6.6,7.4,,5.5,,92.0,1.6,2.4,196.0,178.0,1001.2,142.0,0.0,,40.0
2025-07-29 10:00:00,5.5,6.1,,5.2,,97.0,1.9,2.9,199.0,196.0,1001.5,207.0,0.0,,40.0
2025-07-29 11:00:00,6.1,6.9,,5.6,,95.0,2.2,3.6,182.0,184.0,1001.9,350.0,0.0,,40.0
2025-07-29 12:00:00,7.5,8.1,,6.6,,88.0,5.3,9.1,148.0,159.0,1002.6,455.0,0.0,,40.0
2025-07-29 13:00:00,6.5,7.1,,5.8,,88.0,6.7,9.8,165.0,154.0,1003.2,553.0,0.0,,60.0
2025-07-29 14:00:00,6.0,6.6,,5.7,,90.0,7.4,10.5,175.0,169.0,1003.8,510.0,0.0,,100.0
2025-07-29 15:00:00,6.4,7.0,,5.9,,91.0,7.6,10.3,169.0,169.0,1003.7,555.0,0.0,,
2025-07-29 16:00:00,7.7,8.6,,6.8,,87.0,9.0,12.1,168.0,169.0,1004.0,695.0,0.0,,60.0
2025-07-29 17:00:00,7.9,8.5,,7.4,,84.0,7.4,10.3,175.0,172.0,1004.5,638.0,0.0,,10.0
2025-07-29 18:00:00,7.4,8.2,8.6,6.8,5.2,86.0,8.1,11.8,176.0,177.0,1005.0,565.0,0.0,,10.0
2025-07-29 19:00:00,7.2,7.8,,6.8,,85.0,8.1,11.3,181.0,181.0,1005.5,537.0,0.0,,40.0
2025-07-29 20:00:00,6.5,7.1,,6.0,,88.0,8.4,11.2,170.0,171.0,1006.0,433.0,0.0,,60.0
2025-07-29 21:00:00,5.8,6.3,,5.5,,92.0,8.9,11.9,180.0,176.0,1006.1,258.0,0.0,,40.0
2025-07-29 22:00:00,5.6,5.9,,5.1,,92.0,7.1,10.6,181.0,179.0,1006.8,155.0,0.0,,100.0
2025-07-29 23:00:00,5.2,5.6,,4.7,,95.0,5.6,8.1,184.0,180.0,1007.4,64.0,0.0,,
2025-07-30 00:00:00,4.7,4.9,,4.5,,98.0,5.4,7.4,178.0,181.0,1007.8,25.0,0.0,,
2025-07-30 01:00:00,4.5,4.6,,4.4,,98.0,5.5,7.7,174.0,173.0,1008.0,5.0,0.0,,90.0
2025-07-30 02:00:00,4.4,4.6,,4.3,,98.0,5.4,7.7,173.0,171.0,1008.1,0.0,0.0,,100.0
2025-07-30 03:00:00,4.3,4.5,,4.2,,97.0,2.9,5.7,178.0,176.0,1008.3,0.0,0.0,,100.0
2025-07-30 04:00:00,4.3,4.4,,4.1,,98.0,1.4,3.2,210.0,188.0,1008.4,0.0,0.0,,90.0
2025-07-30 05:00:00,4.2,4.3,,4.0,,99.0,2.0,4.6,157.0,180.0,1008.5,0.0,0.0,,
2025-07-30 06:00:00,4.2,4.4,7.8,4.1,4.0,100.0,2.5,4.1,157.0,160.0,1008.7,0.0,0.0,0.0,
2025-07-30 07:00:00,4.2,4.3,,4.1,,100.0,2.1,3.7,140.0,151.0,1008.7,3.0,0.0,,
2025-07-30 08:00:00,4.3,4.6,,4.1,,100.0,0.7,2.3,0.0,114.0,1008.9,19.0,0.0,,
2025-07-30 09:00:00,4.5,4.7,,4.2,,100.0,0.7,1.9,349.0,298.0,1009.0,38.0,0.0,,
2025-07-30 10:00:00,4.5,4.7,,4.3,,100.0,1.8,2.9,34.0,21.0,1009.0,91.0,0.0,,
2025-07-30 11:00:00,4.6,4.9,,4.4,,100.0,1.0,2.4,206.0,316.0,1009.2,161.0,0.0,,
2025-07-30 12:00:00,5.0,5.3,,4.6,,100.0,2.6,6.0,153.0,172.0,1009.6,239.0,0.0,,
2025-07-30 13:00:00,5.3,6.2,,4.7,,98.0,4.1,6.4,171.0,173.0,1009.9,425.0,0.0,,90.0
2025-07-30 14:00:00,6.9,7.5,,5.8,,89.0,5.4,9.3,193.0,180.0,1009.9,570.0,0.0,,40.0
2025-07-30 15:00:00,6.3,7.7,,5.1,,91.0,5.1,7.7,176.0,187.0,1009.9,635.0,0.0,,40.0
2025-07-30 16:00:00,6.5,7.6,,5.5,,88.0,3.7,7.7,215.0,199.0,1009.6,712.0,0.0,,10.0
2025-07-30 17:00:00,6.6,7.6,,5.8,,87.0,2.0,3.6,205.0,208.0,1009.7,561.0,0.0,,90.0
2025-07-30 18:00:00,7.5,8.6,8.6,6.9,4.1,82.0,4.1,7.4,178.0,188.0,1010.0,592.0,0.0,,10.0
2025-07-30 19:00:00,7.4,8.2,,6.9,,82.0,6.0,9.5,173.0,174.0,1010.3,452.0,0.0,,40.0
2025-07-30 20:00:00,6.9,7.3,,5.7,,85.0,6.7,9.8,191.0,180.0,1010.4,354.0,0.0,,40.0
2025-07-30 21:00:00,5.2,5.8,,4.6,,94.0,4.7,6.9,206.0,200.0,1010.4,266.0,0.0,,
2025-07-30 22:00:00,4.4,4.7,,4.2,,98.0,4.7,6.9,212.0,206.0,1010.5,138.0,0.0,,
2025-07-30 23:00:00,4.6,5.3,,4.1,,95.0,2.3,4.7,169.0,191.0,1010.6,61.0,0.0,,90.0
2025-07-31 00:00:00,4.9,5.2,,4.5,,92.0,2.0,3.2,205.0,182.0,1010.5,29.0,0.0,,10.0
2025-07-31 01:00:00,4.4,4.6,,4.2,,96.0,1.3,2.1,225.0,219.0,1010.4,7.0,0.0,,90.0
2025-07-31 02:00:00,4.2,4.3,,4.1,,99.0,1.1,2.2,263.0,256.0,1010.2,0.0,0.0,,90.0
2025-07-31 03:00:00,4.1,4.2,,4.0,,99.0,1.4,2.4,227.0,238.0,1010.0,0.0,0.0,,60.0
2025-07-31 04:00:00,3.8,4.0,,3.7,,100.0,1.3,2.4,263.0,258.0,1009.7,0.0,0.0,,
2025-07-31 05:00:00,4.1,4.3,,3.8,,100.0,1.3,2.0,316.0,301.0,1009.4,0.0,0.0,,90.0
2025-07-31 06:00:00,4.5,4.6,8.2,4.3,3.7,99.0,0.3,1.5,0.0,295.0,1009.3,0.0,0.0,0.0,90.0
2025-07-31 07:00:00,4.3,4.6,,3.8,,99.0,1.8,3.5,279.0,276.0,1009.3,2.0,0.0,,
2025-07-31 08:00:00,4.0,4.1,,3.8,,100.0,2.0,2.9,264.0,270.0,1009.3,10.0,0.0,,
2025-07-31 09:00:00,4.1,4.2,,4.0,,100.0,2.0,3.0,258.0,264.0,1009.2,42.0,0.0,,
2025-07-31 10:00:00,4.2,4.5,,4.0,,100.0,1.8,2.7,260.0,258.0,1009.3,109.0,0.0,,90.0
2025-07-31 11:00:00,4.8,5.1,,4.4,,97.0,1.6,2.7,305.0,286.0,1009.2,168.0,0.0,,90.0
2025-07-31 12:00:00,5.6,6.3,,5.0,,91.0,0.8,2.1,254.0,273.0,1009.2,239.0,0.0,,90.0
2025-07-31 13:00:00,6.4,7.2,,5.9,,87.0,1.4,2.7,234.0,217.0,1009.3,369.0,0.0,,90.0
2025-07-31 14:00:00,7.2,7.9,,6.8,,82.0,1.7,2.7,213.0,211.0,1009.5,433.0,0.0,,90.0
2025-07-31 15:00:00,7.7,8.3,,7.2,,80.0,2.9,4.6,169.0,179.0,1009.7,519.0,0.0,,90.0
2025-07-31 16:00:00,8.1,8.8,,7.3,,76.0,3.0,4.7,214.0,192.0,1009.6,501.0,0.0,,90.0
2025-07-31 17:00:00,7.3,7.9,,6.9,,80.0,2.1,4.2,254.0,251.0,1009.6,371.0,0.0,,90.0
2025-07-31 18:00:00,7.4,7.9,8.8,7.0,3.8,80.0,2.5,4.2,260.0,261.0,1009.6,310.0,0.0,,90.0
2025-07-31 19:00:00,8.2,8.7,,7.8,,76.0,2.8,4.4,254.0,259.0,1009.7,379.0,0.0,,90.0
2025-07-31 20:00:00,8.8,9.6,,8.0,,75.0,2.8,4.3,264.0,261.0,1009.6,421.0,0.0,,90.0
2025-07-31 21:00:00,9.0,9.5,,8.6,,75.0,3.2,4.2,273.0,268.0,1009.5,397.0,0.0,,60.0
2025-07-31 22:00:00,8.6,9.0,,8.1,,79.0,3.1,4.2,297.0,281.0,1009.4,249.0,0.0,,60.0
2025-07-31 23:00:00,8.0,8.5,,7.6,,81.0,3.0,4.1,300.0,303.0,1009.5,114.0,0.0,,90.0
2025-08-01 00:00:00,7.8,8.3,,7.3,,83.0,2.4,4.0,336.0,324.0,1009.6,66.0,0.0,,90.0
2025-08-01 01:00:00,6.5,7.4,,5.6,,90.0,2.3,4.5,344.0,332.0,1009.7,12.0,0.0,,90.0
2025-08-01 02:00:00,5.9,6.4,,5.6,,92.0,3.0,4.5,311.0,329.0,1009.5,0.0,0.0,,90.0
2025-08-01 03:00:00,4.7,5.6,,4.3,,97.0,1.9,2.8,270.0,277.0,1009.3,0.0,0.0,,60.0
2025-08-01 04:00:00,4.2,4.3,,4.1,,100.0,1.4,2.6,266.0,276.0,1009.0,0.0,0.0,,40.0
2025-08-01 05:00:00,3.9,4.1,,3.7,,100.0,1.3,2.5,267.0,269.0,1008.9,0.0,0.0,,
2025-08-01 06:00:00,3.8,4.1,9.6,3.6,3.6,100.0,1.8,4.1,3.0,302.0,1008.7,0.0,0.0,0.0,
2025-08-01 07:00:00,3.8,4.0,,3.5,,100.0,3.2,4.3,336.0,345.0,1008.8,3.0,0.0,,
2025-08-01 08:00:00,3.5,3.7,,3.3,,100.0,2.5,3.9,333.0,338.0,1008.4,19.0,0.0,,
2025-08-01 09:00:00,3.4,3.6,,3.2,,100.0,4.1,5.9,348.0,344.0,1008.2,62.0,0.0,,
2025-08-01 10:00:00,3.5,3.8,,3.3,,100.0,4.4,5.8,346.0,340.0,1008.2,120.0,0.0,,
2025-08-01 11:00:00,3.8,4.2,,3.4,,100.0,4.9,6.4,338.0,339.0,1007.8,208.0,0.0,,
2025-08-01 12:00:00,4.4,4.9,,4.0,,100.0,3.6,5.7,354.0,343.0,1007.8,386.0,0.0,,90.0
2025-08-01 13:00:00,5.9,6.9,,4.9,,96.0,2.9,3.9,352.0,347.0,1007.7,546.0,0.0,,40.0
2025-08-01 14:00:00,7.9,9.4,,6.6,,85.0,2.9,4.1,336.0,349.0,1007.4,621.0,0.0,,40.0
2025-08-01 15:00:00,9.6,10.3,,9.2,,78.0,2.4,3.6,315.0,324.0,1007.1,669.0,0.0,,60.0
2025-08-01 16:00:00,9.9,10.4,,9.5,,76.0,2.3,5.1,269.0,271.0,1006.7,687.0,0.0,,60.0
2025-08-01 17:00:00,9.4,10.0,,8.8,,78.0,4.5,6.6,271.0,274.0,1006.5,680.0,0.0,,40.0
2025-08-01 18:00:00,9.4,10.0,10.4,8.8,3.2,77.0,4.8,7.1,287.0,282.0,1006.3,618.0,0.0,,60.0
2025-08-01 19:00:00,9.9,10.7,,9.3,,75.0,3.8,5.7,278.0,286.0,1006.0,563.0,0.0,,40.0
2025-08-01 20:00:00,9.8,10.6,,9.0,,76.0,3.9,6.3,297.0,291.0,1005.9,472.0,0.0,,40.0
2025-08-01 21:00:00,8.8,9.7,,8.0,,81.0,4.9,6.9,286.0,288.0,1006.0,365.0,0.0,,60.0
2025-08-01 22:00:00,7.5,8.4,,7.0,,87.0,5.0,7.3,287.0,287.0,1005.8,249.0,0.0,,90.0
2025-08-01 23:00:00,7.6,8.4,,7.0,,87.0,3.3,5.3,304.0,298.0,1005.8,119.0,0.0,,60.0
2025-08-02 00:00:00,8.0,8.2,,7.8,,84.0,3.1,4.3,287.0,293.0,1005.5,47.0,0.0,,90.0
2025-08-02 01:00:00,7.1,7.8,,6.6,,86.0,4.1,5.4,270.0,275.0,1005.2,7.0,0.0,,90.0
2025-08-02 02:00:00,6.3,6.6,,6.1,,90.0,4.2,5.6,281.0,281.0,1004.7,0.0,0.0,,90.0
2025-08-02 03:00:00,6.4,6.7,,6.1,,91.0,2.4,4.1,303.0,306.0,1004.3,0.0,0.0,,90.0
2025-08-02 04:00:00,6.2,6.5,,5.9,,92.0,2.2,3.7,297.0,299.0,1003.9,0.0,0.0,,90.0
2025-08-02 05:00:00,6.3,6.7,,5.9,,92.0,2.3,3.9,340.0,337.0,1003.6,0.0,0.0,,90.0
2025-08-02 06:00:00,6.6,6.9,10.7,6.4,5.9,91.0,3.3,4.6,350.0,358.0,1003.7,0.0,0.0,0.0,90.0
2025-08-02 07:00:00,6.4,7.2,,5.8,,92.0,2.3,3.7,326.0,319.0,1003.8,3.0,0.0,,90.0
2025-08-02 08:00:00,6.5,6.8,,6.3,,90.0,2.3,3.7,303.0,312.0,1003.9,25.0,0.0,,90.0
2025-08-02 09:00:00,6.3,6.6,,6.1,,88.0,4.8,7.7,303.0,296.0,1003.9,92.0,0.0,,90.0
2025-08-02 10:00:00,6.7,7.2,,6.4,,87.0,2.7,5.5,321.0,321.0,1003.6,132.0,0.0,,90.0
2025-08-02 11:00:00,7.2,8.1,,6.7,,84.0,1.7,3.0,285.0,302.0,1003.5,254.0,0.0,,90.0
2025-08-02 12:00:00,8.6,9.3,,8.0,,77.0,1.9,3.1,295.0,294.0,1003.6,452.0,0.0,,60.0
2025-08-02 13:00:00,9.2,9.6,,8.7,,75.0,2.5,4.8,284.0,284.0,1003.3,549.0,0.0,,60.0
2025-08-02 14:00:00,10.1,10.9,,9.4,,70.0,2.5,4.9,306.0,309.0,1003.1,624.0,0.0,,60.0
2025-08-02 15:00:00,10.7,11.3,,9.8,,68.0,2.7,4.5,280.0,301.0,1002.9,675.0,0.0,,40.0
2025-08-02 16:00:00,10.2,10.7,,9.8,,71.0,4.0,6.9,271.0,287.0,1002.6,700.0,0.0,,60.0
2025-08-02 17:00:00,9.2,10.0,,8.6,,76.0,5.9,7.8,273.0,272.0,1002.5,694.0,0.0,,60.0
2025-08-02 18:00:00,8.7,9.2,11.3,8.2,5.8,77.0,4.5,6.5,293.0,286.0,1002.3,626.0,0.0,,90.0
2025-08-02 19:00:00,9.2,9.7,,8.8,,72.0,4.2,5.8,312.0,304.0,1002.2,574.0,0.0,,90.0
2025-08-02 20:00:00,9.2,10.3,,8.7,,70.0,3.9,5.0,307.0,323.0,1002.2,479.0,0.0,,60.0
2025-08-02 21:00:00,8.5,9.5,,7.9,,75.0,4.5,6.0,297.0,296.0,1002.4,366.0,0.0,,90.0
2025-08-02 22:00:00,7.6,8.3,,6.7,,81.0,4.4,6.2,277.0,282.0,1002.4,248.0,0.0,,90.0
2025-08-02 23:00:00,6.4,6.8,,6.0,,88.0,4.5,6.1,273.0,275.0,1002.1,120.0,0.0,,90.0
2025-08-03 00:00:00,5.4,6.0,,4.9,,94.0,4.5,5.9,280.0,281.0,1001.9,69.0,0.0,,90.0
2025-08-03 01:00:00,4.5,4.9,,4.1,,99.0,4.6,6.3,288.0,287.0,1001.9,4.0,0.0,,90.0
2025-08-03 02:00:00,4.2,4.4,,4.1,,100.0,3.9,6.5,303.0,292.0,1001.8,0.0,0.0,,
2025-08-03 03:00:00,3.8,4.1,,3.7,,100.0,4.0,5.7,302.0,291.0,1001.7,0.0,0.0,,100.0
2025-08-03 04:00:00,3.7,3.9,,3.5,,97.0,3.1,5.4,307.0,305.0,1001.4,0.0,0.0,,100.0
2025-08-03 05:00:00,3.6,3.8,,3.4,,94.0,2.7,4.9,282.0,295.0,1001.4,0.0,0.0,,100.0
2025-08-03 06:00:00,3.2,3.6,10.3,2.7,2.7,95.0,2.7,5.1,286.0,289.0,1001.7,0.0,0.0,0.0,100.0
2025-08-03 07:00:00,2.7,2.9,,2.6,,97.0,2.2,4.4,287.0,299.0,1001.8,1.0,0.0,,100.0
2025-08-03 08:00:00,2.7,2.9,,2.6,,97.0,2.5,4.2,310.0,292.0,1002.1,9.0,0.0,,100.0
2025-08-03 09:00:00,2.9,3.0,,2.7,,96.0,2.2,3.8,293.0,294.0,1002.1,27.0,0.0,,100.0
2025-08-03 10:00:00,2.9,3.2,,2.7,,94.0,1.3,3.1,308.0,315.0,1002.3,63.0,0.0,,100.0
2025-08-03 11:00:00,3.1,3.4,,2.9,,93.0,1.7,3.3,278.0,312.0,1002.6,108.0,0.0,,100.0
2025-08-03 12:00:00,3.3,3.6,,2.9,,91.0,1.3,2.9,319.0,300.0,1002.9,204.0,0.0,,100.0
2025-08-03 13:00:00,3.6,4.3,,3.4,,88.0,1.8,3.3,317.0,302.0,1003.0,328.0,0.0,,100.0
2025-08-03 14:00:00,4.7,5.5,,4.1,,83.0,1.5,3.4,248.0,266.0,1003.3,487.0,0.0,,60.0
2025-08-03 15:00:00,5.2,5.8,,4.7,,82.0,2.1,3.7,213.0,238.0,1003.5,642.0,0.0,,60.0
2025-08-03 16:00:00,5.7,6.2,,5.3,,81.0,2.9,4.8,212.0,212.0,1003.9,699.0,0.0,,60.0
2025-08-03 17:00:00,6.3,7.6,,5.5,,79.0,2.8,5.0,196.0,195.0,1004.0,681.0,0.0,,60.0
2025-08-03 18:00:00,6.8,7.6,7.6,6.1,2.6,75.0,2.7,4.9,202.0,188.0,1004.4,582.0,0.0,,90.0
2025-08-03 19:00:00,6.5,7.3,,6.0,,78.0,3.5,5.7,182.0,184.0,1004.5,563.0,0.0,,60.0
2025-08-03 20:00:00,6.7,7.2,,6.2,,80.0,3.1,5.4,184.0,187.0,1004.8,474.0,0.0,,60.0
2025-08-03 21:00:00,6.2,6.7,,5.7,,83.0,3.1,4.8,175.0,187.0,1005.3,369.0,0.0,,90.0
2025-08-03 22:00:00,5.3,6.2,,4.8,,90.0,3.8,5.2,179.0,175.0,1005.6,176.0,0.0,,60.0
2025-08-03 23:00:00,4.5,5.1,,4.1,,96.0,3.9,5.3,162.0,171.0,1005.6,73.0,0.0,,90.0
2025-08-04 00:00:00,4.4,4.6,,4.1,,97.0,4.1,5.7,163.0,160.0,1005.9,33.0,0.0,,90.0
2025-08-04 01:00:00,4.2,4.4,,4.0,,100.0,4.5,6.1,158.0,165.0,1006.2,3.0,0.0,,
2025-08-04 02:00:00,4.3,4.5,,4.1,,100.0,4.7,7.1,155.0,162.0,1006.4,0.0,0.0,,
2025-08-04 03:00:00,4.4,4.6,,4.2,,100.0,6.4,8.6,149.0,144.0,1006.2,0.0,0.0,,90.0
2025-08-04 04:00:00,5.1,5.5,,4.6,,97.0,7.1,10.0,161.0,148.0,1006.4,0.0,0.0,,90.0
2025-08-04 05:00:00,5.3,5.6,,5.1,,95.0,5.7,8.8,175.0,165.0,1006.6,0.0,0.0,,90.0
2025-08-04 06:00:00,5.2,5.6,7.3,4.9,4.0,95.0,4.0,6.5,145.0,159.0,1006.5,0.0,0.0,0.0,90.0
2025-08-04 07:00:00,5.0,5.2,,4.9,,96.0,2.1,4.2,151.0,152.0,1006.5,2.0,0.0,,90.0
2025-08-04 08:00:00,5.4,5.9,,5.1,,94.0,1.0,2.3,1.0,41.0,1006.5,28.0,0.0,,90.0
2025-08-04 09:00:00,5.8,6.4,,5.3,,91.0,0.5,1.5,142.0,196.0,1006.9,99.0,0.0,,90.0
2025-08-04 10:00:00,5.3,6.2,,4.9,,95.0,0.4,1.4,0.0,138.0,1007.0,82.0,0.0,,90.0
2025-08-04 11:00:00,6.5,7.0,,6.1,,89.0,1.3,2.4,4.0,14.0,1007.0,329.0,0.0,,90.0
2025-08-04 12:00:00,7.9,8.6,,6.7,,79.0,2.5,4.0,12.0,13.0,1006.9,449.0,0.0,,60.0
2025-08-04 13:00:00,8.8,9.3,,8.4,,71.0,2.7,3.8,1.0,358.0,1006.8,546.0,0.0,,60.0
2025-08-04 14:00:00,9.7,10.4,,8.8,,66.0,2.6,3.3,354.0,357.0,1006.5,613.0,0.0,,60.0
2025-08-04 15:00:00,10.6,11.2,,10.1,,62.0,2.6,3.6,356.0,355.0,1006.2,635.0,0.0,,60.0
2025-08-04 16:00:00,11.3,12.1,,10.8,,59.0,2.1,3.6,328.0,331.0,1005.8,658.0,0.0,,60.0
2025-08-04 17:00:00,12.2,12.9,,11.7,,56.0,1.8,3.9,256.0,277.0,1005.4,671.0,0.0,,40.0
2025-08-04 18:00:00,11.7,12.5,12.9,10.7,4.9,63.0,1.7,4.1,259.0,255.0,1005.1,556.0,0.0,,10.0
2025-08-04 19:00:00,12.6,12.9,,12.1,,62.0,2.5,4.3,266.0,265.0,1004.9,554.0,0.0,,40.0
2025-08-04 20:00:00,12.3,13.1,,11.8,,63.0,3.4,5.9,261.0,260.0,1004.9,426.0,0.0,,10.0
2025-08-04 21:00:00,12.2,12.9,,11.4,,61.0,3.5,6.2,261.0,261.0,1005.1,347.0,0.0,,40.0
2025-08-04 22:00:00,10.8,11.6,,9.6,,66.0,3.3,6.1,273.0,264.0,1005.2,201.0,0.0,,60.0
2025-08-04 23:00:00,9.3,9.6,,9.1,,76.0,1.8,5.2,238.0,261.0,1004.9,67.0,0.0,,40.0
2025-08-05 00:00:00,9.1,9.3,,8.8,,78.0,1.1,2.7,271.0,236.0,1004.8,23.0,0.0,,90.0
2025-08-05 01:00:00,8.5,8.8,,7.9,,79.0,1.3,3.1,197.0,228.0,1004.8,2.0,0.0,,90.0
2025-08-05 02:00:00,7.2,8.0,,6.7,,92.0,2.0,3.9,203.0,201.0,1004.7,0.0,0.0,,90.0
2025-08-05 03:00:00,6.7,6.9,,6.5,,96.0,2.5,4.1,191.0,191.0,1004.4,0.0,0.0,,90.0
2025-08-05 04:00:00,6.1,6.6,,5.8,,96.0,2.3,4.0,214.0,231.0,1004.2,0.0,0.0,,90.0
2025-08-05 05:00:00,5.6,5.9,,5.1,,98.0,1.9,3.7,281.0,240.0,1004.1,0.0,0.0,,
2025-08-05 06:00:00,5.0,5.2,13.1,4.9,4.9,100.0,2.1,3.9,189.0,234.0,1004.0,0.0,0.0,0.0,
2025-08-05 07:00:00,4.9,5.0,,4.7,,100.0,3.1,4.4,180.0,185.0,1004.1,1.0,0.0,,
2025-08-05 08:00:00,5.1,5.2,,4.9,,100.0,3.3,5.4,187.0,187.0,1004.3,9.0,0.0,,
2025-08-05 09:00:00,5.0,5.1,,4.8,,100.0,3.8,5.8,187.0,192.0,1004.5,21.0,0.0,,90.0
2025-08-05 10:00:00,5.1,5.2,,4.9,,99.0,4.6,7.7,173.0,179.0,1004.4,76.0,0.0,,90.0
2025-08-05 11:00:00,5.4,5.8,,5.1,,99.0,6.4,9.2,169.0,171.0,1004.5,136.0,0.0,,90.0
2025-08-05 12:00:00,6.1,6.8,,5.7,,95.0,6.7,9.7,164.0,164.0,1004.6,311.0,0.0,,90.0
2025-08-05 13:00:00,6.7,7.8,,6.1,,90.0,7.5,10.2,174.0,169.0,1004.9,428.0,0.0,,60.0
2025-08-05 14:00:00,7.4,8.1,,6.9,,86.0,6.9,9.5,171.0,173.0,1005.1,569.0,0.0,,40.0
2025-08-05 15:00:00,7.3,8.3,,6.7,,87.0,7.4,9.7,179.0,178.0,1005.1,527.0,0.0,,90.0
2025-08-05 16:00:00,6.7,7.3,,6.4,,90.0,7.7,10.7,162.0,168.0,1004.9,541.0,0.0,,60.0
2025-08-05 17:00:00,6.8,7.6,,6.0,,89.0,7.2,10.1,161.0,166.0,1005.0,506.0,0.0,,40.0
2025-08-05 18:00:00,7.0,8.4,8.4,6.0,4.7,86.0,7.2,10.0,162.0,156.0,1004.9,379.0,0.0,,60.0
2025-08-05 19:00:00,8.6,9.0,,8.1,,72.0,7.5,11.0,169.0,165.0,1004.6,316.0,0.0,,60.0
2025-08-05 20:00:00,7.8,8.4,,7.1,,81.0,8.3,11.3,163.0,164.0,1004.3,197.0,0.0,,90.0
2025-08-05 21:00:00,7.5,7.7,,7.2,,86.0,8.3,11.4,169.0,169.0,1004.3,162.0,0.0,,90.0
2025-08-05 22:00:00,7.6,7.8,,7.5,,84.0,8.8,12.1,165.0,164.0,1003.9,84.0,0.0,,90.0
2025-08-05 23:00:00,7.6,7.9,,7.1,,85.0,9.4,12.8,163.0,161.0,1003.4,54.0,0.0,,90.0
2025-08-06 00:00:00,7.2,7.3,,7.1,,88.0,10.7,14.6,157.0,158.0,1002.9,25.0,0.0,,90.0
2025-08-06 01:00:00,7.1,7.2,,6.9,,89.0,11.8,16.6,157.0,155.0,1002.4,5.0,0.0,,90.0
2025-08-06 02:00:00,7.2,7.5,,6.9,,89.0,12.3,16.8,159.0,158.0,1001.9,0.0,0.0,,90.0
2025-08-06 03:00:00,7.1,7.5,,6.9,,89.0,15.1,20.3,143.0,148.0,1000.9,0.0,0.0,,90.0
2025-08-06 04:00:00,7.0,7.6,,6.6,,91.0,14.4,19.9,146.0,146.0,1000.7,0.0,0.0,,90.0
2025-08-06 05:00:00,6.6,6.8,,6.4,,96.0,15.1,23.4,142.0,144.0,998.7,0.0,0.6,,90.0
2025-08-06 06:00:00,6.7,6.9,9.0,6.5,6.4,95.0,15.8,22.7,154.0,151.0,999.2,0.0,0.0,0.6,100.0
2025-08-06 07:00:00,6.3,6.6,,6.0,,99.0,12.6,18.8,148.0,152.0,1000.3,0.0,0.0,,
2025-08-06 08:00:00,6.1,6.2,,5.9,,100.0,8.9,14.2,155.0,155.0,1000.5,1.0,0.6,,
2025-08-06 09:00:00,6.1,6.4,,5.9,,100.0,9.8,13.5,146.0,145.0,1001.2,29.0,1.9,,
2025-08-06 10:00:00,5.9,6.4,,5.0,,100.0,6.9,11.7,255.0,206.0,1003.3,31.0,0.0,,
2025-08-06 11:00:00,5.5,5.7,,5.3,,100.0,6.7,10.5,302.0,287.0,1004.0,54.0,0.0,,90.0
2025-08-06 12:00:00,5.6,5.8,,5.3,,98.0,5.4,8.8,288.0,286.0,1004.5,111.0,0.0,,100.0
2025-08-06 13:00:00,5.6,5.9,,5.3,,95.0,3.2,5.6,267.0,267.0,1005.3,143.0,0.0,,100.0
2025-08-06 14:00:00,6.1,6.9,,5.3,,88.0,2.5,5.3,251.0,262.0,1005.3,205.0,0.0,,100.0
2025-08-06 15:00:00,7.3,7.9,,6.6,,80.0,1.4,3.6,259.0,233.0,1005.4,327.0,0.0,,100.0
2025-08-06 16:00:00,8.2,8.7,,7.5,,79.0,2.2,4.6,17.0,330.0,1005.5,297.0,0.0,,90.0
2025-08-06 17:00:00,8.9,9.6,,8.7,,75.0,3.2,4.7,340.0,2.0,1005.6,658.0,0.0,,40.0
2025-08-06 18:00:00,9.5,10.2,10.2,9.0,5.0,65.0,4.5,9.2,292.0,310.0,1005.8,533.0,0.0,,40.0
2025-08-06 19:00:00,9.6,10.1,,9.1,,53.0,8.2,12.4,301.0,302.0,1005.8,559.0,0.0,,40.0
2025-08-06 20:00:00,9.6,10.1,,9.1,,50.0,8.0,11.0,284.0,294.0,1006.2,465.0,0.0,,60.0
2025-08-06 21:00:00,9.0,9.2,,8.7,,56.0,6.7,9.8,308.0,305.0,1005.5,354.0,0.0,,60.0
2025-08-06 22:00:00,8.9,9.3,,8.6,,53.0,4.7,8.3,332.0,313.0,1005.1,232.0,0.0,,90.0
2025-08-06 23:00:00,9.0,9.4,,8.7,,51.0,3.3,5.2,2.0,360.0,1004.9,92.0,0.0,,90.0
2025-08-07 00:00:00,8.5,8.7,,8.3,,53.0,3.0,5.3,23.0,14.0,1004.5,20.0,0.0,,60.0
2025-08-07 01:00:00,7.9,8.3,,7.6,,57.0,3.0,5.4,302.0,334.0,1004.0,2.0,0.0,,90.0
2025-08-07 02:00:00,7.2,7.7,,6.6,,62.0,2.1,3.0,282.0,294.0,1003.6,0.0,0.0,,100.0
2025-08-07 03:00:00,6.6,7.1,,6.4,,66.0,2.0,3.0,326.0,310.0,1002.7,0.0,0.0,,90.0
2025-08-07 04:00:00,6.5,6.8,,6.0,,68.0,2.7,3.8,336.0,342.0,1002.4,0.0,0.0,,90.0
2025-08-07 05:00:00,6.2,6.3,,5.9,,74.0,2.6,3.6,356.0,344.0,1002.3,0.0,0.0,,90.0
2025-08-07 06:00:00,5.8,5.9,10.1,5.5,5.5,84.0,3.6,5.0,354.0,350.0,1001.8,0.0,0.0,2.5,90.0
2025-08-07 07:00:00,5.6,5.8,,5.4,,86.0,4.7,6.8,355.0,356.0,1001.8,2.0,0.0,,90.0
2025-08-07 08:00:00,5.9,6.2,,5.4,,82.0,4.9,7.2,357.0,359.0,1001.9,25.0,0.0,,90.0
2025-08-07 09:00:00,6.2,6.9,,5.8,,81.0,5.2,8.1,6.0,357.0,1002.3,99.0,0.0,,60.0
2025-08-07 10:00:00,7.3,8.1,,6.7,,73.0,3.5,5.5,42.0,21.0,1002.2,208.0,0.0,,90.0
2025-08-07 11:00:00,7.3,8.3,,6.8,,74.0,5.4,8.0,9.0,15.0,1002.2,327.0,0.0,,60.0
2025-08-07 12:00:00,8.1,8.6,,7.3,,70.0,4.7,6.9,13.0,21.0,1002.6,464.0,0.0,,40.0
2025-08-07 13:00:00,7.8,8.5,,7.2,,71.0,4.0,5.6,358.0,356.0,1003.7,461.0,0.0,,40.0
2025-08-07 14:00:00,8.7,9.8,,8.1,,65.0,3.7,5.0,20.0,2.0,1003.8,643.0,0.0,,90.0
2025-08-07 15:00:00,10.3,10.9,,9.5,,54.0,3.9,5.1,24.0,24.0,1003.4,533.0,0.0,,40.0
2025-08-07 16:00:00,10.6,11.4,,9.8,,52.0,3.5,5.0,6.0,11.0,1003.7,533.0,0.0,,10.0
2025-08-07 17:00:00,10.9,11.9,,10.5,,51.0,2.9,4.0,16.0,2.0,1003.7,693.0,0.0,,40.0
2025-08-07 18:00:00,10.7,12.3,12.3,9.9,5.4,56.0,3.2,5.6,256.0,271.0,1004.3,432.0,0.0,,40.0
2025-08-07 19:00:00,9.8,10.2,,9.3,,56.0,2.9,5.5,275.0,262.0,1004.8,226.0,0.0,,90.0
2025-08-07 20:00:00,9.3,10.1,,8.6,,59.0,2.0,4.8,219.0,253.0,1005.2,186.0,0.0,,90.0
2025-08-07 21:00:00,8.7,9.4,,7.6,,62.0,2.4,6.5,179.0,199.0,1005.6,44.0,0.0,,90.0
2025-08-07 22:00:00,7.5,8.0,,7.0,,71.0,4.1,6.6,154.0,171.0,1005.7,46.0,0.0,,90.0
2025-08-07 23:00:00,7.1,7.5,,6.8,,74.0,5.6,7.8,141.0,149.0,1005.8,56.0,0.0,,90.0
2025-08-08 00:00:00,7.6,7.9,,7.4,,67.0,8.0,11.5,157.0,148.0,1005.9,23.0,0.0,,90.0
2025-08-08 01:00:00,7.9,8.2,,7.7,,63.0,10.2,13.3,147.0,150.0,1005.8,3.0,0.0,,90.0
2025-08-08 02:00:00,8.4,8.7,,8.1,,56.0,10.9,15.2,142.0,142.0,1005.9,0.0,0.0,,90.0
2025-08-08 03:00:00,8.5,8.7,,8.1,,53.0,10.8,15.4,143.0,146.0,1005.7,0.0,0.0,,90.0
2025-08-08 04:00:00,7.9,8.2,,7.8,,57.0,12.4,18.1,139.0,140.0,1005.3,0.0,0.0,,90.0
2025-08-08 05:00:00,7.9,8.1,,7.8,,59.0,13.4,18.8,142.0,138.0,1005.5,0.0,0.0,,100.0
2025-08-08 06:00:00,7.7,8.0,10.2,7.0,6.8,64.0,11.3,16.9,177.0,155.0,1006.2,0.0,0.0,0.0,90.0
2025-08-08 07:00:00,7.1,7.3,,6.8,,74.0,9.2,14.8,158.0,158.0,1005.9,0.0,0.0,,90.0
2025-08-08 08:00:00,7.0,7.3,,6.8,,69.0,10.1,15.0,159.0,155.0,1006.0,5.0,0.0,,90.0
2025-08-08 09:00:00,6.9,7.6,,6.5,,73.0,10.1,14.5,149.0,150.0,1006.0,39.0,0.0,,100.0
2025-08-08 10:00:00,7.8,8.3,,7.4,,65.0,11.4,16.6,153.0,150.0,1006.3,125.0,0.0,,100.0
2025-08-08 11:00:00,7.7,8.0,,7.4,,68.0,9.8,14.5,151.0,153.0,1006.5,134.0,0.0,,90.0
2025-08-08 12:00:00,7.7,8.0,,7.3,,70.0,9.2,13.8,155.0,154.0,1007.2,273.0,0.0,,100.0
2025-08-08 13:00:00,7.8,8.1,,7.6,,65.0,8.5,12.3,151.0,154.0,1007.3,218.0,0.0,,100.0
2025-08-08 14:00:00,7.7,8.0,,7.5,,68.0,9.6,13.5,151.0,150.0,1007.6,277.0,0.0,,90.0
2025-08-08 15:00:00,7.6,7.9,,7.5,,68.0,9.3,13.4,150.0,150.0,1007.8,267.0,0.0,,100.0
2025-08-08 16:00:00,7.5,7.7,,7.5,,78.0,9.3,12.0,151.0,151.0,1007.9,359.0,0.0,,90.0
2025-08-08 17:00:00,7.9,8.4,,7.5,,81.0,8.2,11.5,158.0,154.0,1008.1,400.0,0.0,,90.0
2025-08-08 18:00:00,8.8,9.6,9.6,7.8,6.5,76.0,7.5,11.8,168.0,159.0,1008.6,479.0,0.0,,90.0
2025-08-08 19:00:00,7.7,9.6,,6.0,,86.0,6.3,8.9,212.0,196.0,1009.1,425.0,0.0,,
2025-08-08 20:00:00,6.2,6.7,,5.7,,97.0,4.3,9.2,258.0,243.0,1010.0,247.0,0.0,,90.0
2025-08-08 21:00:00,7.7,8.5,,6.6,,89.0,1.2,4.0,81.0,250.0,1010.1,257.0,0.0,,90.0
2025-08-08 22:00:00,7.8,8.2,,7.3,,87.0,1.2,2.9,0.0,190.0,1010.7,115.0,0.0,,60.0
2025-08-08 23:00:00,7.7,8.1,,7.2,,87.0,1.2,2.1,262.0,290.0,1011.1,82.0,0.0,,60.0
2025-08-09 00:00:00,6.7,7.6,,5.1,,90.0,2.3,4.1,276.0,267.0,1011.1,33.0,0.0,,90.0
2025-08-09 01:00:00,4.9,5.8,,4.7,,99.0,2.6,3.8,12.0,291.0,1011.5,2.0,0.0,,60.0
2025-08-09 02:00:00,4.6,5.7,,4.1,,99.0,2.7,4.6,273.0,289.0,1011.7,0.0,0.0,,100.0
2025-08-09 03:00:00,5.0,5.4,,4.7,,100.0,3.1,5.3,353.0,318.0,1011.7,0.0,0.0,,90.0
2025-08-09 04:00:00,5.2,5.3,,5.1,,99.0,4.5,6.1,344.0,343.0,1011.7,0.0,0.0,,100.0
2025-08-09 05:00:00,5.1,5.3,,4.9,,99.0,3.6,5.8,345.0,343.0,1011.7,0.0,0.0,,90.0
2025-08-09 06:00:00,5.2,5.3,9.6,5.1,4.1,99.0,2.7,4.2,358.0,357.0,1011.5,0.0,0.0,0.0,
2025-08-09 07:00:00,5.1,5.3,,5.0,,100.0,3.4,4.8,3.0,359.0,1011.5,1.0,0.0,,
2025-08-09 08:00:00,4.9,5.2,,4.6,,100.0,2.3,4.4,12.0,43.0,1011.3,8.0,0.0,,
2025-08-09 09:00:00,4.7,5.0,,4.5,,100.0,3.0,4.2,5.0,9.0,1011.0,37.0,0.0,,
2025-08-09 10:00:00,4.3,4.6,,4.0,,100.0,2.8,4.0,11.0,4.0,1011.1,90.0,0.0,,
2025-08-09 11:00:00,4.5,4.8,,4.1,,100.0,1.2,2.5,23.0,6.0,1010.9,185.0,0.0,,
2025-08-09 12:00:00,5.0,5.4,,4.7,,99.0,1.6,3.2,5.0,17.0,1010.4,384.0,0.0,,10.0
2025-08-09 13:00:00,6.3,7.2,,5.1,,95.0,2.9,4.2,16.0,15.0,1009.9,533.0,0.0,,60.0
2025-08-09 14:00:00,7.9,9.3,,6.8,,85.0,3.4,5.1,20.0,21.0,1009.4,609.0,0.0,,60.0
2025-08-09 15:00:00,8.9,9.5,,8.5,,76.0,3.3,4.3,9.0,7.0,1008.9,657.0,0.0,,60.0
2025-08-09 16:00:00,9.8,10.6,,9.2,,71.0,2.2,3.3,353.0,0.0,1008.3,674.0,0.0,,60.0
2025-08-09 17:00:00,12.3,12.9,,10.6,,53.0,1.4,2.9,275.0,296.0,1008.0,656.0,0.0,,90.0
2025-08-09 18:00:00,12.5,13.3,13.3,12.0,4.0,53.0,1.6,3.0,228.0,249.0,1007.6,474.0,0.0,,40.0
2025-08-09 19:00:00,11.0,13.4,,8.2,,64.0,1.6,5.3,137.0,231.0,1007.1,544.0,0.0,,60.0
2025-08-09 20:00:00,12.2,13.1,,10.7,,61.0,1.1,2.7,223.0,235.0,1006.5,450.0,0.0,,60.0
2025-08-09 21:00:00,11.1,11.7,,10.4,,58.0,2.4,3.6,206.0,207.0,1006.2,339.0,0.0,,40.0
2025-08-09 22:00:00,10.7,11.7,,9.1,,58.0,2.1,3.5,217.0,185.0,1006.1,205.0,0.0,,40.0
2025-08-09 23:00:00,7.9,9.8,,6.1,,75.0,1.8,3.1,221.0,197.0,1006.0,90.0,0.0,,60.0
2025-08-10 00:00:00,5.3,6.1,,4.8,,90.0,2.5,4.4,150.0,210.0,1005.9,21.0,0.0,,90.0
2025-08-10 01:00:00,4.0,5.5,,2.8,,92.0,3.6,5.4,204.0,176.0,1005.8,1.0,0.0,,60.0
2025-08-10 02:00:00,3.0,3.8,,2.7,,98.0,2.9,4.4,144.0,170.0,1005.2,0.0,0.0,,90.0
2025-08-10 03:00:00,3.8,4.3,,3.5,,94.0,2.2,4.3,195.0,188.0,1005.0,0.0,0.0,,60.0
2025-08-10 04:00:00,3.6,3.8,,3.5,,98.0,0.9,3.0,262.0,235.0,1004.9,0.0,0.0,,90.0
2025-08-10 05:00:00,4.0,4.3,,3.6,,96.0,2.0,3.2,166.0,174.0,1004.4,0.0,0.0,,90.0
2025-08-10 06:00:00,4.0,4.2,13.4,3.8,2.7,95.0,2.4,3.7,187.0,164.0,1004.1,0.0,0.0,0.0,90.0
2025-08-10 07:00:00,3.6,4.1,,3.4,,96.0,3.3,5.9,175.0,197.0,1004.2,0.0,0.0,,90.0
2025-08-10 08:00:00,3.7,3.9,,3.5,,98.0,2.1,3.3,149.0,167.0,1004.3,1.0,1.3,,90.0
2025-08-10 09:00:00,3.9,4.1,,3.7,,100.0,2.0,3.6,132.0,144.0,1004.3,8.0,0.8,,90.0
2025-08-10 10:00:00,4.4,4.7,,4.0,,99.0,1.6,3.2,153.0,152.0,1004.3,27.0,0.1,,90.0
2025-08-10 11:00:00,5.2,5.7,,4.7,,96.0,3.0,5.5,144.0,149.0,1004.2,52.0,0.2,,90.0
2025-08-10 12:00:00,6.1,6.6,,5.7,,94.0,4.7,6.9,164.0,158.0,1004.2,56.0,0.0,,90.0
2025-08-10 13:00:00,5.0,6.5,,4.5,,99.0,5.0,7.4,188.0,197.0,1004.3,37.0,0.0,,90.0
2025-08-10 14:00:00,5.1,5.2,,5.0,,100.0,5.0,6.8,185.0,183.0,1004.2,77.0,0.0,,90.0
2025-08-10 15:00:00,5.4,5.6,,5.2,,100.0,5.0,7.3,150.0,175.0,1003.9,209.0,0.0,,
2025-08-10 16:00:00,5.7,6.4,,5.3,,100.0,5.9,8.4,170.0,159.0,1004.2,326.0,0.0,,90.0
2025-08-10 17:00:00,5.7,6.0,,5.4,,100.0,7.0,10.3,147.0,155.0,1004.2,264.0,0.0,,
2025-08-10 18:00:00,5.7,5.9,6.6,5.5,3.4,99.0,8.6,10.7,149.0,149.0,1004.2,213.0,0.0,,90.0
2025-08-10 19:00:00,6.0,6.1,,5.7,,98.0,8.9,11.4,150.0,150.0,1004.3,191.0,0.0,,90.0
2025-08-10 20:00:00,6.0,6.3,,5.8,,96.0,7.3,11.5,173.0,167.0,1004.8,142.0,0.0,,90.0
2025-08-10 21:00:00,6.0,6.4,,5.5,,87.0,7.5,11.1,185.0,181.0,1005.5,125.0,0.0,,100.0
2025-08-10 22:00:00,5.5,5.6,,5.4,,86.0,7.3,9.8,172.0,178.0,1006.1,100.0,0.0,,60.0
2025-08-10 23:00:00,5.5,5.8,,5.4,,86.0,8.8,12.1,164.0,166.0,1006.4,42.0,0.0,,90.0
2025-08-11 00:00:00,5.0,5.5,,4.7,,89.0,9.9,13.5,166.0,167.0,1006.9,10.0,0.0,,100.0
2025-08-11 01:00:00,4.6,4.7,,4.4,,92.0,9.9,13.6,168.0,170.0,1008.0,1.0,0.0,,100.0
2025-08-11 02:00:00,4.3,4.5,,4.1,,96.0,9.5,13.3,166.0,167.0,1008.5,0.0,0.0,,90.0
2025-08-11 03:00:00,4.0,4.2,,3.8,,98.0,8.2,11.9,181.0,177.0,1009.3,0.0,0.0,,100.0
2025-08-11 04:00:00,3.6,3.9,,3.6,,99.0,6.1,9.3,173.0,183.0,1009.7,0.0,0.0,,100.0
2025-08-11 05:00:00,3.6,3.8,,3.4,,100.0,6.1,8.8,191.0,182.0,1010.0,0.0,0.0,,
2025-08-11 06:00:00,3.4,3.5,6.4,3.4,3.4,100.0,6.0,8.3,181.0,179.0,1010.4,0.0,0.0,2.4,
2025-08-11 07:00:00,3.6,3.7,,3.5,,100.0,6.2,8.6,169.0,172.0,1011.0,0.0,0.0,,100.0
2025-08-11 08:00:00,3.7,3.8,,3.6,,100.0,5.8,8.0,170.0,169.0,1011.3,5.0,0.0,,100.0
2025-08-11 09:00:00,3.9,4.1,,3.8,,96.0,5.0,8.2,177.0,172.0,1011.6,29.0,0.0,,90.0
2025-08-11 10:00:00,4.0,4.2,,3.9,,95.0,3.6,5.6,179.0,175.0,1012.0,42.0,0.0,,90.0
2025-08-11 11:00:00,3.9,4.1,,3.7,,98.0,2.9,4.7,169.0,180.0,1012.2,98.0,0.0,,90.0
2025-08-11 12:00:00,4.2,4.6,,3.9,,97.0,3.0,4.2,145.0,160.0,1012.2,216.0,0.0,,100.0
2025-08-11 13:00:00,4.8,5.4,,4.5,,90.0,3.2,4.8,142.0,139.0,1012.3,310.0,0.0,,100.0
2025-08-11 14:00:00,5.6,6.3,,5.1,,82.0,4.3,6.9,152.0,144.0,1011.9,560.0,0.0,,60.0
2025-08-11 15:00:00,6.1,7.1,,5.2,,80.0,4.3,6.8,203.0,185.0,1011.9,463.0,0.0,,60.0
2025-08-11 16:00:00,5.3,5.6,,5.1,,85.0,4.3,6.0,232.0,213.0,1012.0,413.0,0.0,,100.0
2025-08-11 17:00:00,5.6,6.2,,5.2,,81.0,3.1,4.8,219.0,218.0,1012.2,314.0,0.0,,100.0
2025-08-11 18:00:00,6.2,7.2,7.2,5.4,3.5,82.0,2.1,3.7,245.0,234.0,1012.1,445.0,0.0,,90.0
2025-08-11 19:00:00,6.4,6.7,,6.1,,79.0,2.7,4.8,260.0,260.0,1012.2,263.0,0.0,,100.0
2025-08-11 20:00:00,6.3,6.6,,6.1,,79.0,4.2,5.9,253.0,258.0,1012.3,317.0,0.0,,90.0
2025-08-11 21:00:00,6.0,6.3,,5.7,,77.0,4.5,6.2,254.0,255.0,1012.5,206.0,0.0,,100.0
2025-08-11 22:00:00,5.6,6.2,,5.1,,80.0,3.4,5.9,280.0,268.0,1012.1,155.0,0.0,,40.0
2025-08-11 23:00:00,5.1,5.3,,4.8,,84.0,2.6,3.9,287.0,282.0,1012.0,75.0,0.0,,60.0
2025-08-12 00:00:00,4.7,5.0,,4.3,,85.0,2.6,3.9,281.0,283.0,1011.9,18.0,0.0,,90.0
2025-08-12 01:00:00,4.0,4.3,,3.9,,88.0,2.4,3.7,291.0,286.0,1011.8,1.0,0.0,,90.0
2025-08-12 02:00:00,3.9,4.0,,3.7,,90.0,1.9,3.6,287.0,293.0,1011.6,0.0,0.0,,90.0
2025-08-12 03:00:00,3.7,3.8,,3.6,,92.0,1.9,2.9,309.0,293.0,1011.2,0.0,0.0,,90.0
2025-08-12 04:00:00,3.9,4.1,,3.7,,91.0,2.3,3.0,345.0,355.0,1011.1,0.0,0.0,,90.0
2025-08-12 05:00:00,3.8,3.9,,3.7,,92.0,1.8,2.7,5.0,8.0,1010.9,0.0,0.0,,90.0
2025-08-12 06:00:00,3.7,3.9,6.7,3.6,3.6,92.0,2.1,2.8,7.0,359.0,1011.0,0.0,0.0,0.0,90.0
2025-08-12 07:00:00,3.8,3.9,,3.8,,92.0,2.2,2.8,343.0,1.0,1011.1,0.0,0.0,,90.0
2025-08-12 08:00:00,3.8,3.9,,3.6,,92.0,0.8,1.7,0.0,318.0,1011.5,5.0,0.0,,90.0
2025-08-12 09:00:00,4.0,4.2,,3.8,,91.0,0.4,1.0,0.0,303.0,1011.4,23.0,0.0,,90.0
2025-08-12 10:00:00,4.3,4.8,,3.9,,88.0,0.9,1.9,341.0,329.0,1011.5,104.0,0.0,,60.0
2025-08-12 11:00:00,4.8,4.9,,4.7,,87.0,1.1,2.0,263.0,294.0,1011.9,152.0,0.0,,40.0
2025-08-12 12:00:00,4.8,5.4,,4.6,,88.0,1.0,2.0,287.0,273.0,1012.5,152.0,0.0,,90.0
2025-08-12 13:00:00,5.7,5.9,,5.4,,83.0,1.2,2.4,357.0,334.0,1012.4,254.0,0.0,,40.0
2025-08-12 14:00:00,6.1,6.6,,5.8,,81.0,2.4,4.2,,1.0,1012.6,285.0,0.0,,60.0
2025-08-12 15:00:00,6.5,6.9,,6.3,,77.0,3.2,4.3,16.0,9.0,1012.6,303.0,0.0,,40.0
2025-08-12 16:00:00,6.8,7.4,,6.5,,70.0,3.6,4.7,360.0,1.0,1012.6,364.0,0.0,,10.0
2025-08-12 17:00:00,7.0,7.5,,6.8,,68.0,4.0,4.9,2.0,355.0,1012.8,288.0,0.0,,60.0
2025-08-12 18:00:00,7.6,8.2,8.2,7.0,3.6,62.0,3.7,4.9,4.0,13.0,1013.1,205.0,0.0,,10.0
2025-08-12 19:00:00,6.9,8.0,,6.0,,72.0,2.5,3.6,353.0,355.0,1013.4,88.0,0.0,,90.0
2025-08-12 20:00:00,6.9,7.1,,6.6,,77.0,2.1,3.1,354.0,353.0,1013.4,84.0,0.0,,90.0
2025-08-12 21:00:00,7.2,7.4,,6.7,,70.0,2.9,4.0,359.0,356.0,1013.1,108.0,0.0,,60.0
2025-08-12 22:00:00,7.1,7.3,,6.8,,71.0,3.3,4.2,358.0,1.0,1013.0,49.0,0.0,,100.0
2025-08-12 23:00:00,6.7,6.9,,6.6,,77.0,3.3,4.9,341.0,347.0,1013.5,24.0,0.0,,90.0
2025-08-13 00:00:00,6.3,6.8,,5.9,,79.0,3.7,5.2,329.0,333.0,1013.6,7.0,0.0,,100.0
2025-08-13 01:00:00,5.7,6.0,,5.4,,83.0,4.5,6.9,332.0,341.0,1013.0,0.0,0.0,,90.0
2025-08-13 02:00:00,5.4,5.6,,5.2,,87.0,4.8,6.4,343.0,336.0,1012.3,0.0,0.0,,90.0
2025-08-13 03:00:00,5.5,5.6,,5.4,,86.0,5.6,7.4,345.0,343.0,1012.0,0.0,0.0,,100.0
2025-08-13 04:00:00,5.4,5.5,,5.3,,86.0,4.8,6.6,339.0,346.0,1012.2,0.0,0.0,,100.0
2025-08-13 05:00:00,5.2,5.5,,5.1,,90.0,4.8,6.1,334.0,332.0,1011.8,0.0,0.3,,100.0
2025-08-13 06:00:00,5.1,5.2,8.0,5.0,5.0,93.0,4.6,5.5,327.0,333.0,1012.3,0.0,1.3,1.6,100.0
2025-08-13 07:00:00,5.0,5.1,,4.8,,96.0,2.8,4.6,336.0,326.0,1012.1,0.0,1.4,,90.0
2025-08-13 08:00:00,4.9,5.0,,4.6,,98.0,1.2,3.1,264.0,320.0,1012.2,1.0,1.4,,90.0
2025-08-13 09:00:00,4.5,4.7,,4.0,,99.0,2.3,4.1,224.0,258.0,1012.4,7.0,1.4,,90.0
2025-08-13 10:00:00,4.1,4.2,,3.9,,96.0,2.1,3.3,197.0,201.0,1012.7,18.0,1.3,,100.0
2025-08-13 11:00:00,4.0,4.1,,3.8,,92.0,1.4,2.6,202.0,191.0,1012.7,43.0,1.0,,100.0
2025-08-13 12:00:00,4.1,4.8,,3.9,,93.0,1.4,3.2,181.0,199.0,1012.9,125.0,0.3,,90.0
2025-08-13 13:00:00,5.2,5.5,,4.7,,86.0,4.3,6.4,152.0,147.0,1013.0,198.0,0.0,,100.0
2025-08-13 14:00:00,5.6,6.0,,5.3,,82.0,4.3,6.4,141.0,149.0,1012.9,257.0,0.0,,90.0
2025-08-13 15:00:00,5.9,6.1,,5.7,,80.0,3.3,5.6,146.0,151.0,1013.4,182.0,0.0,,100.0
2025-08-13 16:00:00,6.2,6.5,,6.0,,78.0,1.6,3.8,112.0,141.0,1012.7,202.0,0.0,,90.0
2025-08-13 17:00:00,6.6,6.9,,6.4,,79.0,2.1,4.1,7.0,350.0,1012.9,316.0,0.0,,90.0
2025-08-13 18:00:00,6.3,6.6,6.9,6.0,3.8,82.0,4.0,6.1,21.0,17.0,1012.7,166.0,0.0,,100.0
2025-08-13 19:00:00,6.6,7.0,,6.0,,81.0,4.6,8.6,17.0,15.0,1012.3,133.0,0.0,,100.0
2025-08-13 20:00:00,6.6,7.1,,6.0,,82.0,5.3,7.5,22.0,17.0,1012.6,150.0,0.0,,100.0
2025-08-13 21:00:00,6.1,6.9,,5.8,,85.0,6.3,8.6,18.0,9.0,1012.1,53.0,0.0,,100.0
2025-08-13 22:00:00,6.7,7.1,,6.4,,81.0,4.4,7.3,37.0,32.0,1011.7,33.0,0.0,,100.0
2025-08-13 23:00:00,6.5,7.4,,5.6,,85.0,4.1,6.4,11.0,19.0,1011.5,9.0,0.2,,100.0
2025-08-14 00:00:00,5.8,6.5,,5.5,,91.0,4.0,5.5,6.0,8.0,1011.0,3.0,0.3,,100.0
2025-08-14 01:00:00,5.8,6.3,,5.5,,91.0,5.6,8.0,16.0,13.0,1010.0,0.0,0.5,,100.0
2025-08-14 02:00:00,5.7,6.0,,5.4,,94.0,6.1,10.1,23.0,14.0,1009.5,0.0,0.5,,100.0
2025-08-14 03:00:00,6.1,6.9,,5.5,,92.0,5.4,8.1,29.0,22.0,1008.6,0.0,0.0,,100.0
2025-08-14 04:00:00,6.5,6.8,,5.8,,89.0,4.5,7.1,359.0,21.0,1007.5,0.0,0.0,,100.0
2025-08-14 05:00:00,5.9,6.7,,5.6,,94.0,7.7,12.9,20.0,6.0,1005.0,0.0,0.0,,100.0
2025-08-14 06:00:00,6.7,7.1,7.4,6.3,5.4,88.0,9.9,13.6,33.0,28.0,1003.0,0.0,0.0,8.3,90.0
2025-08-14 07:00:00,7.2,7.6,,6.9,,87.0,7.9,12.8,32.0,33.0,1000.6,0.0,0.7,,90.0
2025-08-14 08:00:00,7.0,7.3,,6.7,,88.0,11.7,16.6,33.0,35.0,998.4,1.0,0.0,,90.0
2025-08-14 09:00:00,6.8,7.5,,6.6,,92.0,10.3,15.4,34.0,32.0,996.2,4.0,4.6,,100.0
2025-08-14 10:00:00,8.2,9.4,,7.0,,92.0,4.6,11.5,350.0,17.0,993.4,9.0,2.6,,90.0
2025-08-14 11:00:00,10.8,13.3,,8.8,,93.0,4.5,17.1,148.0,99.0,990.0,9.0,5.0,,90.0
2025-08-14 12:00:00,12.2,14.1,,9.3,,93.0,14.0,21.9,154.0,152.0,989.9,16.0,8.5,,40.0
2025-08-14 13:00:00,9.1,9.4,,8.7,,99.0,21.2,31.1,141.0,151.0,988.9,13.0,1.0,,100.0
2025-08-14 14:00:00,9.0,9.2,,8.8,,99.0,21.7,32.3,145.0,143.0,990.5,19.0,0.0,,100.0
2025-08-14 15:00:00,8.4,9.0,,8.1,,99.0,22.7,30.9,147.0,148.0,991.5,24.0,2.0,,90.0
2025-08-14 16:00:00,8.5,8.8,,8.0,,98.0,23.3,33.2,141.0,142.0,993.0,36.0,1.0,,100.0
2025-08-14 17:00:00,8.9,9.0,,8.8,,98.0,23.9,34.6,140.0,140.0,993.9,59.0,0.0,,90.0
2025-08-14 18:00:00,8.8,9.0,14.1,8.6,6.6,98.0,22.4,33.7,140.0,141.0,994.9,62.0,0.0,,
2025-08-14 19:00:00,8.5,8.9,,8.1,,99.0,20.5,32.6,143.0,143.0,996.2,42.0,0.0,,
2025-08-14 20:00:00,8.4,8.6,,8.2,,99.0,19.7,30.3,141.0,142.0,997.6,22.0,0.0,,90.0
2025-08-14 21:00:00,8.5,8.8,,8.0,,95.0,18.7,27.7,147.0,144.0,999.3,25.0,0.0,,
2025-08-14 22:00:00,8.0,8.3,,7.5,,95.0,18.2,25.5,146.0,145.0,1000.2,10.0,0.0,,90.0
2025-08-14 23:00:00,7.2,7.5,,6.9,,99.0,17.7,24.2,147.0,148.0,1000.9,6.0,0.0,,
2025-08-15 00:00:00,6.7,6.9,,6.5,,100.0,18.2,23.7,148.0,149.0,1002.5,3.0,0.0,,
2025-08-15 01:00:00,6.4,6.5,,6.3,,100.0,17.1,22.5,149.0,149.0,1003.5,0.0,0.0,,
2025-08-15 02:00:00,6.3,6.4,,6.2,,100.0,14.8,20.7,152.0,149.0,1004.5,0.0,0.0,,
2025-08-15 03:00:00,6.3,6.4,,6.2,,100.0,14.1,19.5,150.0,149.0,1005.1,0.0,0.0,,
2025-08-15 04:00:00,6.1,6.3,,5.9,,100.0,12.3,18.5,155.0,153.0,1005.9,0.0,0.0,,
2025-08-15 05:00:00,6.0,6.1,,5.9,,100.0,12.2,17.1,162.0,158.0,1006.4,0.0,0.0,,
2025-08-15 06:00:00,6.0,6.2,8.9,5.9,5.9,100.0,9.9,14.5,153.0,157.0,1007.1,0.0,0.0,25.4,
2025-08-15 07:00:00,5.8,5.9,,5.6,,100.0,8.6,13.3,153.0,152.0,1007.7,0.0,0.0,,90.0
2025-08-15 08:00:00,5.5,5.7,,5.4,,100.0,7.6,11.1,154.0,153.0,1008.1,1.0,0.0,,
2025-08-15 09:00:00,5.5,5.5,,5.4,,100.0,6.7,10.2,157.0,153.0,1008.0,2.0,0.0,,
2025-08-15 10:00:00,5.3,5.5,,5.1,,100.0,7.0,9.7,167.0,161.0,1008.3,10.0,0.0,,
2025-08-15 11:00:00,5.0,5.1,,4.9,,100.0,6.9,9.5,172.0,171.0,1007.8,35.0,0.0,,
2025-08-15 12:00:00,4.9,5.1,,4.8,,100.0,7.3,9.6,171.0,170.0,1007.8,54.0,0.0,,90.0
2025-08-15 13:00:00,5.1,5.4,,4.8,,98.0,7.1,9.3,162.0,163.0,1007.6,98.0,0.0,,90.0
2025-08-15 14:00:00,5.4,5.6,,5.1,,96.0,7.5,9.9,180.0,178.0,1007.6,229.0,0.0,,90.0
2025-08-15 15:00:00,5.4,5.6,,5.0,,98.0,6.4,9.2,187.0,185.0,1007.6,276.0,0.0,,
2025-08-15 16:00:00,5.3,5.5,,5.1,,98.0,5.8,8.3,182.0,184.0,1007.6,265.0,0.0,,90.0
2025-08-15 17:00:00,4.9,5.1,,4.7,,100.0,5.1,7.3,181.0,180.0,1008.2,115.0,0.0,,
2025-08-15 18:00:00,4.7,5.0,5.9,4.5,4.5,100.0,3.7,5.9,257.0,222.0,1008.7,104.0,0.0,,
2025-08-15 19:00:00,4.9,5.0,,4.8,,100.0,3.6,6.9,263.0,259.0,1009.6,104.0,0.0,,
2025-08-15 20:00:00,4.5,5.0,,4.3,,100.0,7.6,10.8,286.0,279.0,1010.7,60.0,0.0,,90.0
2025-08-15 21:00:00,4.6,4.8,,4.2,,93.0,7.5,10.8,282.0,283.0,1011.7,42.0,0.0,,90.0
2025-08-15 22:00:00,4.7,4.8,,4.5,,87.0,7.2,10.5,285.0,285.0,1012.7,35.0,0.0,,100.0
2025-08-15 23:00:00,4.4,4.5,,4.2,,89.0,6.3,10.2,295.0,285.0,1013.7,28.0,0.0,,100.0
2025-08-16 00:00:00,4.2,4.4,,4.0,,87.0,5.6,7.8,278.0,281.0,1014.5,3.0,0.0,,100.0
2025-08-16 01:00:00,4.0,4.1,,3.9,,85.0,4.6,7.1,276.0,279.0,1015.3,0.0,0.0,,100.0
2025-08-16 02:00:00,3.8,3.9,,3.8,,87.0,2.1,4.9,290.0,287.0,1016.2,0.0,0.0,,100.0
2025-08-16 03:00:00,4.0,4.1,,3.8,,82.0,2.1,4.6,302.0,309.0,1016.6,0.0,0.0,,90.0
2025-08-16 04:00:00,3.7,3.8,,3.5,,87.0,3.1,5.6,267.0,280.0,1017.3,0.0,0.0,,100.0
2025-08-16 05:00:00,3.5,3.6,,3.4,,88.0,2.9,5.0,260.0,271.0,1017.7,0.0,0.0,,100.0
2025-08-16 06:00:00,3.2,3.4,5.0,3.1,3.1,93.0,2.4,3.7,269.0,266.0,1017.8,0.0,0.0,0.0,100.0
2025-08-16 07:00:00,3.0,3.1,,2.8,,95.0,2.2,4.2,279.0,271.0,1018.3,0.0,0.0,,90.0
2025-08-16 08:00:00,2.8,3.1,,2.7,,93.0,2.0,3.5,355.0,318.0,1018.6,4.0,0.0,,100.0
2025-08-16 09:00:00,3.1,3.1,,3.0,,92.0,1.8,2.7,340.0,343.0,1019.0,35.0,0.0,,90.0
2025-08-16 10:00:00,3.1,3.3,,3.0,,93.0,2.1,3.1,358.0,3.0,1019.0,101.0,0.0,,90.0
2025-08-16 11:00:00,3.6,4.1,,3.2,,88.0,2.3,3.5,6.0,359.0,1018.8,236.0,0.0,,40.0
2025-08-16 12:00:00,4.1,4.3,,4.0,,80.0,2.9,4.4,3.0,355.0,1018.8,409.0,0.0,,10.0
2025-08-16 13:00:00,4.4,4.8,,4.2,,79.0,3.9,6.1,10.0,15.0,1018.5,429.0,0.0,,10.0
2025-08-16 14:00:00,4.9,5.2,,4.6,,79.0,4.8,6.7,10.0,8.0,1018.2,389.0,0.0,,10.0
2025-08-16 15:00:00,5.0,5.3,,4.7,,77.0,4.8,7.0,11.0,12.0,1017.6,348.0,0.0,,10.0
2025-08-16 16:00:00,5.4,5.8,,5.1,,74.0,5.0,6.6,12.0,13.0,1017.4,469.0,0.0,,90.0
2025-08-16 17:00:00,6.0,6.3,,5.7,,70.0,5.4,7.2,12.0,11.0,1016.5,642.0,0.0,,40.0
2025-08-16 18:00:00,6.4,6.9,6.9,6.1,2.7,67.0,5.9,7.6,14.0,13.0,1016.1,472.0,0.0,,10.0
2025-08-16 19:00:00,7.0,7.3,,6.7,,64.0,5.8,7.6,4.0,6.0,1015.6,511.0,0.0,,40.0
2025-08-16 20:00:00,7.3,7.6,,7.2,,64.0,5.1,6.6,4.0,5.0,1015.1,402.0,0.0,,40.0
2025-08-16 21:00:00,7.4,7.7,,6.8,,64.0,5.0,6.4,3.0,8.0,1014.9,261.0,0.0,,10.0
2025-08-16 22:00:00,6.8,7.2,,6.5,,68.0,4.2,5.8,1.0,355.0,1014.6,157.0,0.0,,10.0
2025-08-16 23:00:00,7.2,7.6,,6.7,,66.0,4.3,5.9,358.0,2.0,1014.1,73.0,0.0,,10.0
2025-08-17 00:00:00,6.6,7.0,,6.2,,69.0,4.8,6.5,8.0,6.0,1013.7,13.0,0.0,,60.0
2025-08-17 01:00:00,6.7,7.0,,6.4,,68.0,4.9,6.6,14.0,16.0,1013.5,0.0,0.0,,90.0
2025-08-17 02:00:00,6.9,7.3,,6.2,,68.0,1.3,3.2,207.0,137.0,1013.4,0.0,0.0,,90.0
2025-08-17 03:00:00,6.9,7.2,,6.4,,70.0,1.0,2.7,218.0,233.0,1013.1,0.0,0.0,,90.0
2025-08-17 04:00:00,6.3,6.6,,6.0,,78.0,4.0,8.1,144.0,165.0,1012.5,0.0,0.0,,90.0
2025-08-17 05:00:00,5.8,6.2,,5.3,,85.0,5.8,8.9,145.0,150.0,1012.4,0.0,0.0,,90.0
2025-08-17 06:00:00,5.7,6.0,7.7,5.2,5.2,83.0,7.4,11.4,163.0,151.0,1012.7,0.0,0.0,0.0,90.0
2025-08-17 07:00:00,5.7,5.9,,5.3,,80.0,7.4,10.0,154.0,148.0,1013.0,0.0,0.0,,90.0
2025-08-17 08:00:00,4.8,5.5,,4.7,,89.0,6.2,9.5,146.0,145.0,1013.2,2.0,0.0,,100.0
2025-08-17 09:00:00,4.9,5.1,,4.7,,87.0,5.3,8.5,164.0,155.0,1013.0,14.0,0.0,,100.0
2025-08-17 10:00:00,5.2,5.4,,4.9,,86.0,4.3,8.3,120.0,141.0,1013.0,49.0,0.0,,90.0
2025-08-17 11:00:00,5.6,5.9,,5.2,,85.0,1.4,2.6,357.0,34.0,1013.2,83.0,0.0,,90.0
2025-08-17 12:00:00,6.0,6.5,,5.5,,83.0,1.2,2.8,60.0,18.0,1013.2,145.0,0.0,,90.0
2025-08-17 13:00:00,6.3,6.8,,5.9,,83.0,1.8,3.0,13.0,22.0,1013.8,149.0,0.0,,90.0
2025-08-17 14:00:00,6.6,7.4,,6.2,,79.0,1.5,2.9,22.0,10.0,1014.1,239.0,0.0,,90.0
2025-08-17 15:00:00,7.4,7.9,,6.9,,77.0,1.2,2.9,134.0,43.0,1014.1,185.0,0.0,,90.0
2025-08-17 16:00:00,8.0,9.0,,7.6,,75.0,2.1,3.9,151.0,130.0,1013.8,172.0,0.0,,90.0
2025-08-17 17:00:00,8.9,9.3,,8.4,,76.0,4.8,10.5,149.0,163.0,1013.9,177.0,0.0,,90.0
2025-08-17 18:00:00,8.8,9.8,9.8,8.4,4.7,81.0,7.3,11.0,136.0,142.0,1013.4,144.0,0.0,,90.0
2025-08-17 19:00:00,9.4,10.1,,8.6,,73.0,4.0,9.3,16.0,69.0,1013.1,165.0,0.0,,60.0
2025-08-17 20:00:00,8.4,9.0,,7.7,,68.0,3.1,7.0,22.0,8.0,1013.4,112.0,0.0,,90.0
2025-08-17 21:00:00,8.7,9.4,,7.9,,71.0,1.5,2.6,66.0,80.0,1013.4,99.0,0.0,,90.0
2025-08-17 22:00:00,9.4,10.6,,8.8,,66.0,1.8,4.8,153.0,70.0,1014.0,70.0,0.0,,90.0
2025-08-17 23:00:00,9.7,10.6,,8.7,,66.0,3.4,9.0,144.0,147.0,1014.0,22.0,0.0,,90.0
2025-08-18 00:00:00,9.8,10.8,,8.7,,61.0,8.0,15.0,144.0,146.0,1013.6,5.0,0.0,,90.0
2025-08-18 01:00:00,10.7,11.3,,9.7,,57.0,6.5,12.1,155.0,148.0,1014.4,0.0,0.0,,90.0
2025-08-18 02:00:00,10.0,10.7,,8.9,,62.0,3.9,7.1,160.0,141.0,1014.9,0.0,0.0,,90.0
2025-08-18 03:00:00,10.6,11.0,,10.3,,57.0,7.3,14.2,141.0,141.0,1014.3,0.0,0.0,,90.0
2025-08-18 04:00:00,9.5,11.0,,8.0,,70.0,9.6,16.2,153.0,146.0,1014.4,0.0,0.3,,100.0
2025-08-18 05:00:00,7.5,8.0,,7.1,,91.0,8.2,14.0,141.0,142.0,1015.4,0.0,1.3,,100.0
2025-08-18 06:00:00,7.8,8.0,11.3,7.6,7.1,95.0,6.0,9.2,134.0,142.0,1016.1,0.0,1.5,3.1,100.0
2025-08-18 07:00:00,8.5,9.4,,7.7,,94.0,7.2,14.3,143.0,132.0,1016.1,0.0,2.9,,100.0
2025-08-18 08:00:00,9.0,9.5,,8.5,,95.0,13.4,21.9,143.0,142.0,1016.2,1.0,1.6,,100.0
2025-08-18 09:00:00,8.3,9.2,,8.0,,97.0,14.3,23.6,143.0,143.0,1016.7,5.0,2.6,,100.0
2025-08-18 10:00:00,8.7,9.1,,8.3,,95.0,13.1,19.5,154.0,151.0,1018.5,17.0,1.5,,100.0
2025-08-18 11:00:00,8.9,9.6,,8.0,,91.0,13.4,19.9,150.0,148.0,1019.1,22.0,0.0,,90.0
2025-08-18 12:00:00,8.9,9.4,,8.6,,95.0,11.8,19.8,150.0,147.0,1020.1,64.0,1.3,,90.0
2025-08-18 13:00:00,9.3,9.8,,9.0,,98.0,6.3,11.0,153.0,151.0,1021.4,113.0,1.7,,100.0
2025-08-18 14:00:00,7.9,9.8,,7.3,,99.0,3.2,6.0,4.0,21.0,1022.0,96.0,3.7,,90.0
2025-08-18 15:00:00,8.7,9.6,,7.4,,100.0,0.6,2.4,0.0,330.0,1022.5,138.0,1.9,,90.0
2025-08-18 16:00:00,8.2,9.3,,7.6,,99.0,0.9,3.8,7.0,41.0,1022.6,115.0,1.5,,90.0
2025-08-18 17:00:00,8.5,8.9,,8.0,,100.0,1.0,2.8,20.0,14.0,1022.9,127.0,1.0,,90.0
2025-08-18 18:00:00,9.0,9.5,9.8,8.2,7.3,100.0,2.5,5.8,358.0,7.0,1023.2,72.0,1.5,,60.0
2025-08-18 19:00:00,9.8,10.6,,8.9,,99.0,1.4,3.8,16.0,44.0,1023.3,54.0,0.5,,10.0
2025-08-18 20:00:00,9.7,10.8,,8.3,,99.0,2.9,7.4,142.0,89.0,1023.3,46.0,0.6,,90.0
2025-08-18 21:00:00,10.9,11.3,,10.6,,97.0,5.7,9.1,146.0,145.0,1023.4,58.0,0.3,,90.0
2025-08-18 22:00:00,11.6,11.9,,11.1,,93.0,6.4,10.9,148.0,145.0,1023.7,21.0,0.9,,100.0
2025-08-18 23:00:00,10.9,11.8,,10.2,,97.0,9.8,18.5,145.0,151.0,1023.8,7.0,2.0,,90.0
2025-08-19 00:00:00,10.0,10.3,,9.6,,98.0,13.4,23.2,144.0,143.0,1024.0,1.0,1.7,,90.0
2025-08-19 01:00:00,9.6,10.1,,9.1,,94.0,14.9,22.7,141.0,142.0,1024.7,0.0,0.8,,100.0
2025-08-19 02:00:00,9.4,9.7,,9.1,,96.0,13.5,20.5,135.0,135.0,1024.9,0.0,0.0,,90.0
2025-08-19 03:00:00,10.7,11.4,,9.4,,91.0,13.4,20.8,139.0,136.0,1024.5,0.0,1.6,,100.0
2025-08-19 04:00:00,10.7,11.3,,10.2,,89.0,14.1,19.7,140.0,138.0,1024.6,0.0,0.0,,100.0
2025-08-19 05:00:00,11.3,11.7,,10.8,,84.0,13.7,21.3,140.0,141.0,1024.6,0.0,0.0,,100.0
2025-08-19 06:00:00,11.6,11.9,11.9,11.4,8.3,81.0,12.6,18.4,138.0,140.0,1024.7,0.0,0.0,29.6,100.0
2025-08-19 07:00:00,11.9,12.0,,11.6,,79.0,12.2,18.7,137.0,138.0,1024.8,0.0,0.0,,100.0
2025-08-19 08:00:00,12.4,12.9,,11.7,,79.0,10.5,16.6,135.0,134.0,1024.6,1.0,0.0,,90.0
2025-08-19 09:00:00,11.4,12.5,,10.3,,84.0,10.6,17.6,139.0,145.0,1025.3,5.0,0.0,,100.0
2025-08-19 10:00:00,10.5,11.0,,9.9,,96.0,9.4,14.8,140.0,138.0,1025.5,17.0,0.3,,90.0
2025-08-19 11:00:00,9.9,10.2,,9.7,,94.0,5.3,10.7,29.0,126.0,1025.4,38.0,0.0,,100.0
2025-08-19 12:00:00,9.3,9.9,,8.7,,97.0,2.2,5.0,351.0,22.0,1025.3,62.0,0.0,,90.0
2025-08-19 13:00:00,9.2,9.5,,8.8,,97.0,2.3,3.8,342.0,356.0,1025.1,63.0,0.0,,100.0
2025-08-19 14:00:00,8.7,9.2,,7.8,,97.0,4.1,6.7,,7.0,1024.7,150.0,0.0,,100.0
2025-08-19 15:00:00,9.1,10.0,,7.8,,94.0,3.2,5.5,23.0,14.0,1024.5,316.0,0.0,,90.0
2025-08-19 16:00:00,9.7,10.6,,9.2,,89.0,2.4,4.1,10.0,12.0,1024.5,123.0,0.0,,100.0
2025-08-19 17:00:00,11.3,12.1,,9.4,,84.0,0.6,2.5,50.0,106.0,1024.1,99.0,0.0,,100.0
2025-08-19 18:00:00,11.2,11.9,12.9,10.4,7.8,85.0,0.0,1.0,0.0,0.0,1023.7,167.0,0.0,,90.0
2025-08-19 19:00:00,12.0,12.3,,11.6,,82.0,0.6,1.8,259.0,213.0,1023.4,156.0,0.0,,60.0
2025-08-19 20:00:00,11.3,11.7,,10.8,,84.0,1.2,3.4,214.0,246.0,1023.1,95.0,0.0,,90.0
2025-08-19 21:00:00,10.5,10.8,,9.9,,89.0,1.8,3.1,216.0,240.0,1022.9,64.0,0.0,,90.0
2025-08-19 22:00:00,9.9,10.1,,9.8,,93.0,1.6,3.9,172.0,189.0,1022.7,23.0,0.0,,90.0
2025-08-19 23:00:00,10.0,10.1,,9.9,,95.0,0.0,0.9,0.0,0.0,1022.8,9.0,0.0,,90.0
2025-08-20 00:00:00,10.5,10.8,,10.1,,92.0,0.0,0.9,178.0,0.0,1023.0,1.0,0.0,,90.0
2025-08-20 01:00:00,10.4,10.9,,9.9,,92.0,0.4,1.2,325.0,276.0,1023.0,0.0,0.2,,90.0
2025-08-20 02:00:00,10.3,10.6,,9.9,,94.0,0.4,1.2,90.0,196.0,1023.2,0.0,0.4,,90.0
2025-08-20 03:00:00,10.1,10.3,,9.9,,95.0,0.5,1.1,8.0,57.0,1022.9,0.0,0.1,,90.0
2025-08-20 04:00:00,9.8,10.0,,9.4,,98.0,1.4,2.2,4.0,7.0,1022.8,0.0,0.0,,90.0
2025-08-20 05:00:00,9.2,9.5,,8.8,,100.0,1.0,1.8,41.0,359.0,1022.7,0.0,0.2,,90.0
2025-08-20 06:00:00,9.3,9.7,12.3,8.7,8.7,99.0,2.7,3.4,15.0,15.0,1022.5,0.0,0.0,1.2,90.0
2025-08-20 07:00:00,8.9,9.3,,8.0,,100.0,2.0,3.7,138.0,68.0,1022.9,0.0,0.0,,90.0
2025-08-20 08:00:00,9.0,9.9,,8.7,,100.0,1.3,2.5,83.0,92.0,1023.0,1.0,0.0,,90.0
2025-08-20 09:00:00,9.8,10.8,,8.8,,96.0,1.4,2.7,341.0,342.0,1023.1,8.0,0.2,,90.0
2025-08-20 10:00:00,8.8,11.0,,8.1,,98.0,2.0,4.6,154.0,105.0,1023.2,18.0,0.0,,90.0
2025-08-20 11:00:00,11.6,12.0,,11.0,,89.0,5.9,9.1,131.0,139.0,1023.1,33.0,0.0,,90.0
2025-08-20 12:00:00,12.3,12.8,,11.8,,85.0,4.8,7.7,151.0,147.0,1023.6,43.0,0.0,,90.0
2025-08-20 13:00:00,12.2,12.6,,11.9,,86.0,3.7,6.3,166.0,154.0,1024.1,37.0,0.0,,90.0
2025-08-20 14:00:00,10.5,12.2,,8.4,,92.0,2.2,4.2,26.0,69.0,1024.2,52.0,0.3,,90.0
2025-08-20 15:00:00,8.5,9.3,,8.0,,98.0,4.3,5.7,7.0,12.0,1024.1,75.0,0.0,,90.0
2025-08-20 16:00:00,8.0,8.4,,7.6,,99.0,4.1,6.1,17.0,12.0,1023.8,96.0,0.0,,90.0
2025-08-20 17:00:00,8.5,9.0,,8.0,,97.0,2.5,4.1,18.0,17.0,1023.8,112.0,0.0,,90.0
2025-08-20 18:00:00,8.8,9.2,12.8,8.5,7.6,96.0,3.0,5.0,13.0,11.0,1023.6,100.0,0.0,,90.0
2025-08-20 19:00:00,8.9,9.5,,8.5,,96.0,3.3,5.1,17.0,15.0,1023.6,83.0,0.0,,90.0
2025-08-20 20:00:00,8.9,9.7,,8.1,,96.0,3.5,4.8,12.0,15.0,1023.4,77.0,0.3,,90.0
2025-08-20 21:00:00,8.4,9.2,,8.1,,99.0,4.9,6.9,7.0,5.0,1023.4,46.0,0.0,,90.0
2025-08-20 22:00:00,8.5,9.9,,8.0,,99.0,5.5,6.6,13.0,7.0,1023.1,23.0,0.0,,90.0
2025-08-20 23:00:00,8.4,8.9,,8.1,,100.0,5.0,6.1,5.0,6.0,1022.9,10.0,0.0,,100.0
2025-08-21 00:00:00,8.7,9.0,,8.4,,99.0,5.1,6.6,13.0,8.0,1022.5,1.0,0.0,,90.0
2025-08-21 01:00:00,8.6,8.9,,8.2,,99.0,5.1,6.0,8.0,8.0,1022.3,0.0,0.0,,90.0
2025-08-21 02:00:00,8.7,9.0,,8.3,,98.0,5.5,6.3,359.0,3.0,1021.8,0.0,0.0,,90.0
2025-08-21 03:00:00,9.3,9.5,,8.9,,97.0,5.2,6.0,359.0,3.0,1021.3,0.0,0.0,,90.0
2025-08-21 04:00:00,8.9,9.3,,8.1,,98.0,4.9,6.1,355.0,345.0,1020.5,0.0,0.0,,90.0
2025-08-21 05:00:00,9.0,9.2,,8.8,,98.0,5.3,6.2,358.0,359.0,1020.2,0.0,0.0,,90.0
2025-08-21 06:00:00,8.8,9.0,9.9,8.1,8.0,99.0,5.7,8.0,1.0,2.0,1019.8,0.0,0.0,0.8,60.0
2025-08-21 07:00:00,8.3,8.6,,8.0,,100.0,5.8,7.4,,4.0,1019.7,0.0,0.0,,90.0
2025-08-21 08:00:00,8.0,8.3,,7.6,,100.0,4.8,6.0,346.0,352.0,1019.3,3.0,0.0,,10.0
2025-08-21 09:00:00,8.1,8.5,,7.7,,100.0,5.7,7.1,2.0,3.0,1018.7,19.0,0.0,,60.0
2025-08-21 10:00:00,7.4,8.2,,6.3,,100.0,6.0,7.2,360.0,1.0,1018.3,85.0,0.0,,10.0
2025-08-21 11:00:00,7.1,7.9,,6.1,,100.0,5.3,6.9,355.0,351.0,1018.0,264.0,0.0,,90.0
2025-08-21 12:00:00,7.9,8.3,,7.5,,100.0,4.6,6.9,343.0,348.0,1018.0,217.0,0.0,,
2025-08-21 13:00:00,7.6,7.9,,7.4,,100.0,5.5,7.3,345.0,355.0,1017.7,327.0,0.0,,
2025-08-21 14:00:00,8.0,8.5,,7.5,,100.0,4.0,5.4,346.0,349.0,1017.4,358.0,0.0,,
2025-08-21 15:00:00,8.5,9.3,,8.1,,100.0,4.0,5.9,4.0,1.0,1016.8,351.0,0.0,,90.0
2025-08-21 16:00:00,10.1,11.0,,9.4,,94.0,4.6,6.3,,4.0,1016.0,589.0,0.0,,60.0
2025-08-21 17:00:00,10.6,11.4,,9.7,,88.0,4.7,9.1,314.0,329.0,1015.6,570.0,0.0,,60.0
2025-08-21 18:00:00,9.1,9.8,11.4,8.6,6.1,90.0,5.3,8.4,330.0,317.0,1015.3,432.0,0.0,,60.0
2025-08-21 19:00:00,9.2,9.9,,8.1,,88.0,4.9,7.6,313.0,340.0,1015.1,467.0,0.0,,60.0
2025-08-21 20:00:00,7.6,8.2,,7.3,,93.0,5.7,8.0,311.0,311.0,1014.8,371.0,0.0,,60.0
2025-08-21 21:00:00,6.8,7.3,,6.0,,95.0,6.2,8.3,304.0,308.0,1014.6,246.0,0.0,,90.0
2025-08-21 22:00:00,5.6,6.0,,5.2,,99.0,5.8,8.9,307.0,306.0,1014.5,70.0,0.0,,
2025-08-21 23:00:00,5.3,5.6,,5.1,,100.0,4.4,6.9,338.0,321.0,1014.3,18.0,0.0,,
2025-08-22 00:00:00,5.0,5.4,,4.7,,100.0,5.3,7.7,343.0,340.0,1013.9,2.0,0.0,,
2025-08-22 01:00:00,4.8,4.9,,4.7,,100.0,5.1,7.6,341.0,341.0,1013.4,0.0,0.0,,
2025-08-22 02:00:00,4.6,4.7,,4.6,,100.0,4.5,6.6,343.0,341.0,1013.0,0.0,0.0,,
2025-08-22 03:00:00,4.6,4.8,,4.5,,100.0,4.8,7.4,331.0,333.0,1012.3,0.0,0.0,,
2025-08-22 04:00:00,4.5,4.7,,4.4,,100.0,6.3,8.0,335.0,337.0,1011.5,0.0,0.0,,
2025-08-22 05:00:00,4.4,4.5,,4.3,,100.0,6.0,8.0,339.0,342.0,1010.9,0.0,0.0,,
2025-08-22 06:00:00,4.3,4.4,9.9,4.2,4.2,100.0,5.5,7.7,338.0,337.0,1011.1,0.0,0.0,0.0,
2025-08-22 07:00:00,4.1,4.4,,3.9,,100.0,4.3,5.4,339.0,339.0,1011.1,0.0,0.0,,
2025-08-22 08:00:00,3.6,4.0,,3.5,,100.0,3.3,4.3,351.0,347.0,1010.9,2.0,0.0,,
2025-08-22 09:00:00,3.6,3.8,,3.4,,100.0,4.2,5.6,9.0,359.0,1011.1,24.0,0.0,,
2025-08-22 10:00:00,3.8,4.1,,3.6,,100.0,4.0,5.2,349.0,4.0,1011.0,67.0,0.0,,40.0
2025-08-22 11:00:00,3.7,4.0,,3.6,,100.0,4.8,6.3,350.0,356.0,1010.9,159.0,0.0,,10.0
2025-08-22 12:00:00,4.1,4.6,,3.6,,100.0,5.7,9.0,1.0,0.0,1010.9,311.0,0.0,,
2025-08-22 13:00:00,4.6,5.2,,4.1,,100.0,5.4,7.0,7.0,1.0,1011.0,420.0,0.0,,10.0
2025-08-22 14:00:00,6.4,7.6,,5.2,,97.0,5.3,7.3,353.0,3.0,1010.8,515.0,0.0,,40.0
2025-08-22 15:00:00,8.2,10.1,,7.1,,90.0,5.0,6.2,3.0,357.0,1010.5,564.0,0.0,,60.0
2025-08-22 16:00:00,11.3,12.1,,10.2,,81.0,4.2,5.8,360.0,3.0,1010.3,576.0,0.0,,60.0
2025-08-22 17:00:00,12.1,12.6,,10.6,,79.0,3.3,4.3,4.0,358.0,1010.0,565.0,0.0,,90.0
2025-08-22 18:00:00,12.7,13.5,13.5,11.9,3.4,77.0,2.7,3.5,6.0,358.0,1009.6,429.0,0.0,,40.0
2025-08-22 19:00:00,13.6,14.1,,13.1,,73.0,2.3,3.3,349.0,354.0,1009.7,450.0,0.0,,90.0
2025-08-22 20:00:00,14.1,14.3,,13.9,,71.0,2.0,3.2,328.0,331.0,1009.5,373.0,0.0,,40.0
2025-08-22 21:00:00,12.4,14.3,,11.3,,74.0,2.4,4.7,280.0,276.0,1009.6,133.0,0.0,,40.0
2025-08-22 22:00:00,11.3,11.7,,11.0,,76.0,2.1,3.1,259.0,272.0,1009.5,94.0,0.0,,90.0
2025-08-22 23:00:00,10.1,11.1,,9.2,,80.0,3.1,4.3,260.0,262.0,1009.3,46.0,0.0,,90.0
2025-08-23 00:00:00,9.1,9.3,,8.9,,84.0,3.0,4.2,267.0,265.0,1009.2,6.0,0.0,,90.0
2025-08-23 01:00:00,8.8,9.5,,7.9,,86.0,1.0,2.4,208.0,210.0,1009.2,0.0,0.0,,90.0
2025-08-23 02:00:00,8.2,8.5,,7.9,,88.0,1.0,1.7,287.0,235.0,1009.1,0.0,0.0,,90.0
2025-08-23 03:00:00,7.9,8.2,,7.7,,89.0,0.8,1.7,255.0,260.0,1009.0,0.0,0.0,,90.0
2025-08-23 04:00:00,7.5,8.2,,7.0,,90.0,0.7,1.7,262.0,221.0,1008.6,0.0,0.0,,90.0
2025-08-23 05:00:00,7.3,7.9,,6.5,,91.0,0.5,1.6,274.0,267.0,1008.2,0.0,0.0,,90.0
2025-08-23 06:00:00,6.7,7.3,14.3,5.8,5.8,92.0,0.6,1.9,197.0,242.0,1008.0,0.0,0.0,0.0,90.0
2025-08-23 07:00:00,6.1,6.3,,5.8,,93.0,1.0,2.1,275.0,264.0,1007.8,0.0,0.0,,90.0
2025-08-23 08:00:00,6.7,7.1,,6.1,,91.0,0.8,1.8,304.0,298.0,1007.6,2.0,0.0,,90.0
2025-08-23 09:00:00,6.2,6.9,,5.2,,94.0,1.2,2.4,293.0,312.0,1007.4,24.0,0.0,,90.0
2025-08-23 10:00:00,6.0,7.3,,5.3,,93.0,1.6,2.8,3.0,313.0,1007.3,127.0,0.0,,60.0
2025-08-23 11:00:00,7.2,7.6,,6.6,,87.0,1.7,2.6,357.0,5.0,1007.1,242.0,0.0,,60.0
2025-08-23 12:00:00,7.6,8.2,,7.1,,86.0,1.8,2.6,319.0,330.0,1006.8,357.0,0.0,,60.0
2025-08-23 13:00:00,8.6,9.6,,7.9,,82.0,2.3,3.4,344.0,324.0,1006.3,458.0,0.0,,90.0
2025-08-23 14:00:00,9.9,10.7,,9.4,,77.0,2.3,3.4,339.0,342.0,1005.8,532.0,0.0,,90.0
2025-08-23 15:00:00,10.7,11.2,,10.2,,74.0,2.8,4.1,336.0,336.0,1005.1,579.0,0.0,,90.0
2025-08-23 16:00:00,11.1,11.8,,10.8,,72.0,2.7,3.9,330.0,331.0,1004.6,594.0,0.0,,90.0
2025-08-23 17:00:00,11.6,11.9,,11.3,,69.0,4.2,7.5,315.0,315.0,1003.6,578.0,0.0,,60.0
2025-08-23 18:00:00,11.4,11.9,11.9,10.9,5.2,68.0,5.8,8.4,304.0,310.0,1003.4,446.0,0.0,,60.0
2025-08-23 19:00:00,11.2,11.5,,10.7,,67.0,5.4,8.3,311.0,309.0,1002.9,457.0,0.0,,90.0
2025-08-23 20:00:00,10.9,11.1,,10.6,,67.0,4.9,8.4,323.0,327.0,1002.6,362.0,0.0,,60.0
2025-08-23 21:00:00,10.8,11.1,,10.4,,68.0,4.6,7.6,328.0,324.0,1002.2,251.0,0.0,,90.0
2025-08-23 22:00:00,10.3,10.9,,9.6,,70.0,3.3,5.8,331.0,333.0,1002.0,136.0,0.0,,90.0
2025-08-23 23:00:00,8.9,9.7,,8.0,,77.0,3.2,5.6,326.0,334.0,1001.8,42.0,0.0,,90.0
2025-08-24 00:00:00,7.6,8.2,,7.4,,83.0,2.9,5.9,347.0,345.0,1001.7,4.0,0.0,,60.0
2025-08-24 01:00:00,7.6,8.0,,7.4,,81.0,3.7,6.5,349.0,355.0,1001.1,0.0,0.0,,90.0
2025-08-24 02:00:00,7.2,8.0,,6.7,,82.0,4.7,7.8,343.0,349.0,1000.7,0.0,0.0,,90.0
2025-08-24 03:00:00,7.3,8.2,,6.6,,76.0,6.0,9.4,353.0,346.0,1000.4,0.0,0.0,,90.0
2025-08-24 04:00:00,7.1,7.6,,6.3,,74.0,5.2,7.7,355.0,352.0,999.9,0.0,0.0,,90.0
2025-08-24 05:00:00,6.7,7.5,,6.1,,74.0,8.4,11.1,332.0,335.0,999.5,0.0,0.0,,90.0
2025-08-24 06:00:00,6.4,7.0,11.5,5.9,5.9,74.0,8.0,10.1,335.0,336.0,999.2,0.0,0.0,0.0,90.0
2025-08-24 07:00:00,6.2,6.7,,5.8,,73.0,6.9,9.0,335.0,336.0,999.4,0.0,0.0,,60.0
2025-08-24 08:00:00,5.5,6.3,,5.1,,78.0,4.9,7.2,335.0,332.0,999.2,2.0,0.0,,10.0
2025-08-24 09:00:00,5.4,5.9,,5.2,,79.0,3.6,6.2,8.0,358.0,999.2,37.0,0.0,,10.0
2025-08-24 10:00:00,5.9,6.2,,5.7,,76.0,3.6,5.5,360.0,6.0,999.1,132.0,0.0,,60.0
2025-08-24 11:00:00,6.3,6.7,,5.8,,76.0,3.9,5.6,349.0,348.0,998.8,244.0,0.0,,60.0
2025-08-24 12:00:00,7.0,7.8,,6.4,,72.0,3.5,5.0,18.0,3.0,998.8,356.0,0.0,,60.0
2025-08-24 13:00:00,8.4,9.2,,7.7,,62.0,3.9,5.0,16.0,15.0,998.7,458.0,0.0,,90.0
2025-08-24 14:00:00,9.3,9.7,,8.7,,57.0,3.1,4.7,1.0,10.0,998.7,533.0,0.0,,90.0
2025-08-24 15:00:00,9.8,10.2,,9.4,,57.0,2.0,3.2,292.0,320.0,998.6,579.0,0.0,,60.0
2025-08-24 16:00:00,10.0,10.5,,9.6,,58.0,2.7,5.9,277.0,287.0,998.5,596.0,0.0,,60.0
2025-08-24 17:00:00,9.2,10.0,,8.7,,67.0,4.7,7.0,266.0,270.0,998.7,583.0,0.0,,60.0
2025-08-24 18:00:00,8.6,9.0,10.5,8.4,5.1,71.0,4.7,7.1,258.0,261.0,999.4,438.0,0.0,,60.0
2025-08-24 19:00:00,8.3,8.5,,7.9,,74.0,4.6,6.3,257.0,256.0,999.9,464.0,0.0,,60.0
2025-08-24 20:00:00,7.4,7.9,,6.6,,78.0,3.8,6.2,276.0,263.0,1000.7,364.0,0.0,,60.0
2025-08-24 21:00:00,6.5,7.1,,5.8,,81.0,3.2,6.1,265.0,272.0,1001.4,250.0,0.0,,90.0
2025-08-24 22:00:00,5.8,6.3,,5.2,,84.0,4.3,6.9,213.0,235.0,1002.2,132.0,0.0,,90.0
2025-08-24 23:00:00,4.9,5.3,,4.6,,88.0,5.6,8.4,199.0,203.0,1002.7,28.0,0.0,,60.0
2025-08-25 00:00:00,4.6,4.8,,4.4,,88.0,6.9,10.3,176.0,179.0,1003.2,2.0,0.0,,90.0
2025-08-25 01:00:00,4.3,4.5,,4.2,,91.0,7.5,10.0,168.0,172.0,1003.7,0.0,0.0,,90.0
2025-08-25 02:00:00,4.1,4.3,,4.0,,93.0,6.4,9.3,164.0,167.0,1003.9,0.0,0.0,,90.0
2025-08-25 03:00:00,4.0,4.1,,3.9,,93.0,6.4,9.0,164.0,165.0,1003.9,0.0,0.0,,90.0
2025-08-25 04:00:00,3.8,3.9,,3.7,,94.0,6.5,9.2,157.0,162.0,1004.1,0.0,0.0,,90.0
2025-08-25 05:00:00,3.9,4.0,,3.8,,90.0,6.7,10.3,150.0,155.0,1004.3,0.0,0.0,,90.0
2025-08-25 06:00:00,3.9,4.0,8.5,3.8,3.7,90.0,6.7,10.1,152.0,150.0,1004.5,0.0,0.0,0.0,90.0
2025-08-25 07:00:00,3.9,4.0,,3.6,,89.0,6.0,8.6,156.0,156.0,1004.8,0.0,0.0,,90.0
2025-08-25 08:00:00,3.7,3.7,,3.6,,91.0,6.6,8.9,161.0,154.0,1005.1,2.0,0.0,,10.0
2025-08-25 09:00:00,3.7,3.7,,3.6,,89.0,6.4,9.6,157.0,159.0,1005.5,20.0,0.0,,10.0
2025-08-25 10:00:00,3.8,4.1,,3.6,,90.0,5.5,8.3,154.0,154.0,1006.0,69.0,0.0,,10.0
2025-08-25 11:00:00,4.6,5.3,,4.0,,82.0,5.6,8.0,137.0,147.0,1006.3,227.0,0.0,,10.0
2025-08-25 12:00:00,5.4,6.3,,5.0,,74.0,4.6,7.2,151.0,141.0,1005.9,354.0,0.0,,40.0
2025-08-25 13:00:00,6.0,6.6,,5.5,,71.0,4.1,6.2,127.0,141.0,1006.3,486.0,0.0,,60.0
2025-08-25 14:00:00,6.1,6.8,,5.2,,71.0,2.0,4.1,255.0,168.0,1006.7,387.0,0.0,,90.0
2025-08-25 15:00:00,5.6,6.5,,5.0,,74.0,1.3,2.9,287.0,297.0,1007.2,329.0,0.0,,90.0
2025-08-25 16:00:00,5.9,6.8,,5.1,,74.0,1.8,3.6,351.0,342.0,1007.3,352.0,0.0,,90.0
2025-08-25 17:00:00,6.6,7.4,,5.3,,73.0,2.2,3.6,348.0,338.0,1007.6,415.0,0.0,,90.0
2025-08-25 18:00:00,7.3,7.9,7.9,6.6,3.6,73.0,2.6,4.1,306.0,326.0,1007.8,362.0,0.0,,90.0
2025-08-25 19:00:00,7.6,8.1,,7.2,,73.0,2.9,5.2,310.0,324.0,1008.4,393.0,0.0,,60.0
2025-08-25 20:00:00,7.5,8.1,,6.8,,71.0,4.3,6.9,281.0,296.0,1008.8,352.0,0.0,,60.0
2025-08-25 21:00:00,6.5,7.1,,6.2,,78.0,5.8,8.2,283.0,283.0,1009.1,239.0,0.0,,60.0
2025-08-25 22:00:00,6.0,6.5,,5.4,,81.0,5.1,6.6,292.0,287.0,1009.6,127.0,0.0,,60.0
2025-08-25 23:00:00,4.9,5.4,,4.3,,87.0,3.9,6.3,317.0,308.0,1009.9,35.0,0.0,,40.0
2025-08-26 00:00:00,4.4,4.5,,4.3,,91.0,4.0,6.6,335.0,320.0,1010.1,2.0,0.0,,40.0
2025-08-26 01:00:00,4.2,4.4,,4.0,,91.0,4.0,6.4,338.0,330.0,1009.9,0.0,0.0,,60.0
2025-08-26 02:00:00,4.0,4.1,,3.8,,92.0,4.1,6.5,345.0,344.0,1010.0,0.0,0.0,,40.0
2025-08-26 03:00:00,3.6,3.9,,3.5,,94.0,2.5,4.6,322.0,333.0,1010.0,0.0,0.0,,40.0
2025-08-26 04:00:00,3.5,3.7,,3.3,,95.0,2.7,4.1,335.0,335.0,1010.0,0.0,0.0,,60.0
2025-08-26 05:00:00,3.4,3.5,,3.3,,96.0,3.1,4.8,320.0,336.0,1010.1,0.0,0.0,,90.0
2025-08-26 06:00:00,3.6,3.7,8.1,3.5,3.3,94.0,3.0,4.5,345.0,338.0,1010.3,0.0,0.0,0.0,100.0
2025-08-26 07:00:00,3.8,3.9,,3.7,,94.0,3.1,5.5,303.0,321.0,1010.4,0.0,0.0,,100.0
2025-08-26 08:00:00,3.7,3.8,,3.5,,95.0,3.0,4.7,331.0,335.0,1010.7,1.0,0.0,,100.0
2025-08-26 09:00:00,3.5,3.6,,3.4,,97.0,3.4,5.5,340.0,325.0,1010.6,8.0,0.0,,90.0
2025-08-26 10:00:00,3.4,3.5,,3.3,,98.0,3.3,5.0,334.0,334.0,1010.6,27.0,0.0,,100.0
2025-08-26 11:00:00,3.4,3.6,,3.3,,99.0,3.2,5.5,337.0,343.0,1010.2,74.0,0.0,,100.0
2025-08-26 12:00:00,3.5,3.8,,3.3,,99.0,4.3,6.1,341.0,335.0,1010.0,137.0,0.0,,100.0
2025-08-26 13:00:00,3.9,4.2,,3.8,,97.0,3.9,5.4,347.0,348.0,1009.9,210.0,0.0,,100.0
2025-08-26 14:00:00,4.4,4.9,,3.9,,94.0,4.3,6.2,360.0,358.0,1009.4,383.0,0.0,,100.0
2025-08-26 15:00:00,4.9,5.3,,4.6,,91.0,4.8,6.6,359.0,3.0,1009.2,576.0,0.0,,60.0
2025-08-26 16:00:00,5.3,5.9,,4.8,,89.0,4.4,5.9,8.0,4.0,1008.9,594.0,0.0,,40.0
2025-08-26 17:00:00,7.4,8.3,,5.9,,80.0,3.4,4.7,5.0,11.0,1008.9,576.0,0.0,,40.0
2025-08-26 18:00:00,7.7,8.7,8.7,6.7,3.3,79.0,2.2,3.1,321.0,319.0,1008.8,428.0,0.0,,60.0
2025-08-26 19:00:00,8.0,8.3,,7.6,,78.0,2.6,3.7,295.0,303.0,1008.6,449.0,0.0,,60.0
2025-08-26 20:00:00,8.2,8.5,,7.7,,76.0,2.8,4.4,350.0,315.0,1008.2,353.0,0.0,,40.0
2025-08-26 21:00:00,7.9,8.2,,7.8,,75.0,2.9,4.1,340.0,348.0,1008.0,241.0,0.0,,60.0
2025-08-26 22:00:00,7.9,8.1,,7.7,,75.0,2.7,4.6,350.0,341.0,1007.5,125.0,0.0,,40.0
2025-08-26 23:00:00,7.3,7.8,,6.7,,77.0,2.7,4.7,347.0,346.0,1007.0,33.0,0.0,,60.0
2025-08-27 00:00:00,6.2,6.7,,5.5,,82.0,3.3,4.6,343.0,337.0,1006.6,2.0,0.0,,90.0
2025-08-27 01:00:00,5.5,5.8,,5.1,,86.0,4.0,5.3,353.0,354.0,1006.2,0.0,0.0,,90.0
2025-08-27 02:00:00,5.2,5.5,,4.9,,89.0,4.3,5.3,355.0,356.0,1005.8,0.0,0.0,,90.0
2025-08-27 03:00:00,5.1,5.2,,4.9,,90.0,4.7,5.6,354.0,353.0,1005.1,0.0,0.0,,90.0
2025-08-27 04:00:00,5.2,5.4,,4.8,,90.0,5.3,6.6,358.0,1.0,1004.4,0.0,0.0,,90.0
2025-08-27 05:00:00,4.7,4.9,,4.5,,94.0,5.8,7.2,359.0,2.0,1003.7,0.0,0.0,,60.0
2025-08-27 06:00:00,4.6,4.9,8.5,4.3,4.3,95.0,5.8,7.6,358.0,358.0,1003.2,0.0,0.0,0.0,60.0
2025-08-27 07:00:00,4.5,4.7,,4.3,,95.0,6.3,8.0,358.0,1.0,1002.6,0.0,0.0,,60.0
2025-08-27 08:00:00,4.6,4.8,,4.3,,95.0,6.5,8.3,358.0,360.0,1002.1,1.0,0.0,,60.0
2025-08-27 09:00:00,5.0,5.3,,4.7,,92.0,7.2,9.2,,0.0,1001.8,26.0,0.0,,40.0
2025-08-27 10:00:00,5.4,5.7,,5.0,,90.0,8.2,10.4,11.0,8.0,1001.2,118.0,0.0,,40.0
2025-08-27 11:00:00,5.5,5.8,,5.3,,89.0,7.9,10.2,2.0,5.0,1000.7,231.0,0.0,,40.0
2025-08-27 12:00:00,6.1,7.0,,5.2,,84.0,7.8,10.0,356.0,3.0,1000.0,346.0,0.0,,40.0
2025-08-27 13:00:00,6.8,7.0,,6.5,,78.0,6.4,9.1,4.0,1.0,999.4,450.0,0.0,,40.0
2025-08-27 14:00:00,7.5,8.3,,7.0,,74.0,4.8,7.0,12.0,8.0,999.1,529.0,0.0,,40.0
2025-08-27 15:00:00,8.8,9.4,,8.0,,66.0,4.8,6.8,7.0,11.0,998.4,578.0,0.0,,60.0
2025-08-27 16:00:00,9.7,10.6,,8.7,,62.0,4.4,5.9,5.0,17.0,997.9,594.0,0.0,,60.0
2025-08-27 17:00:00,9.4,10.4,,8.4,,63.0,4.5,5.8,9.0,10.0,997.4,581.0,0.0,,40.0
2025-08-27 18:00:00,10.3,11.5,11.5,9.1,4.3,57.0,3.2,4.7,3.0,6.0,997.5,430.0,0.0,,60.0
2025-08-27 19:00:00,11.6,12.0,,11.0,,48.0,3.2,4.3,344.0,349.0,997.3,448.0,0.0,,90.0
2025-08-27 20:00:00,12.9,13.7,,12.0,,45.0,3.7,5.9,328.0,340.0,997.6,351.0,0.0,,60.0
2025-08-27 21:00:00,13.2,13.6,,12.9,,48.0,2.4,3.8,300.0,310.0,997.9,238.0,0.0,,60.0
2025-08-27 22:00:00,12.1,13.0,,11.2,,54.0,3.4,5.2,301.0,305.0,998.3,123.0,0.0,,90.0
2025-08-27 23:00:00,10.7,11.4,,8.8,,61.0,1.8,3.6,284.0,298.0,998.8,30.0,0.0,,60.0
2025-08-28 00:00:00,8.1,9.0,,6.9,,74.0,2.9,4.8,202.0,256.0,999.6,2.0,0.0,,60.0
2025-08-28 01:00:00,6.5,7.7,,5.5,,84.0,2.2,3.9,220.0,210.0,1000.0,0.0,0.0,,90.0
2025-08-28 02:00:00,5.5,6.0,,5.1,,91.0,3.7,5.9,215.0,199.0,1000.2,0.0,0.0,,90.0
2025-08-28 03:00:00,5.1,5.2,,5.0,,93.0,3.8,5.0,199.0,206.0,1000.6,0.0,0.0,,90.0
2025-08-28 04:00:00,5.1,5.5,,4.8,,91.0,4.0,5.6,198.0,184.0,1000.9,0.0,0.0,,90.0
2025-08-28 05:00:00,4.8,5.2,,4.6,,94.0,3.2,5.1,198.0,199.0,1001.5,0.0,0.0,,90.0
2025-08-28 06:00:00,4.3,4.7,13.7,3.9,3.9,97.0,2.6,4.6,218.0,217.0,1002.2,0.0,0.0,0.0,40.0
2025-08-28 07:00:00,4.0,4.0,,3.9,,99.0,1.6,2.7,182.0,189.0,1002.7,0.0,0.0,,90.0
2025-08-28 08:00:00,3.9,4.1,,3.5,,98.0,1.7,2.5,193.0,183.0,1003.1,1.0,0.0,,40.0
2025-08-28 09:00:00,3.5,3.7,,3.2,,99.0,1.5,2.4,254.0,197.0,1003.6,17.0,0.0,,
2025-08-28 10:00:00,3.4,3.8,,3.2,,100.0,1.4,3.1,220.0,246.0,1004.1,56.0,0.0,,
2025-08-28 11:00:00,4.1,4.5,,3.7,,100.0,1.2,2.7,208.0,237.0,1004.5,86.0,0.0,,
2025-08-30 10:00:00,5.6,5.7,,5.4,,87.0,15.8,21.5,151.0,150.0,1004.7,11.0,,,100.0
2025-08-30 11:00:00,5.6,5.8,,5.5,,89.0,16.3,22.7,150.0,150.0,1005.2,22.0,0.0,,100.0
2025-08-30 12:00:00,5.5,5.7,5.8,5.4,5.4,91.0,16.2,22.0,149.0,150.0,1005.6,45.0,1.2,,100.0
2025-08-30 13:00:00,5.5,5.6,,5.4,,94.0,15.3,19.9,149.0,149.0,1006.3,55.0,0.0,,100.0
2025-08-30 14:00:00,5.6,5.9,,5.4,,95.0,15.1,20.5,150.0,150.0,1006.7,60.0,1.2,,100.0
2025-08-30 15:00:00,6.0,6.3,,5.7,,93.0,14.7,21.0,148.0,147.0,1006.4,70.0,0.0,,100.0
2025-08-30 16:00:00,6.1,6.2,,6.0,,94.0,16.0,22.3,148.0,148.0,1006.4,88.0,0.0,,100.0
2025-08-30 17:00:00,6.3,6.6,,6.1,,95.0,15.3,21.4,149.0,149.0,1006.6,95.0,1.0,,100.0
2025-08-30 18:00:00,6.4,6.5,6.6,6.3,5.4,94.0,15.4,22.2,147.0,148.0,1006.5,53.0,0.0,,100.0
2025-08-30 19:00:00,6.3,6.5,,6.0,,95.0,15.5,21.3,150.0,148.0,1006.3,53.0,0.9,,100.0
2025-08-30 20:00:00,6.7,7.0,,6.3,,91.0,16.3,25.2,148.0,148.0,1005.8,64.0,0.0,,100.0
2025-08-30 21:00:00,7.2,7.3,,6.9,,88.0,17.0,24.7,139.0,143.0,1005.8,40.0,0.0,,100.0
2025-08-30 22:00:00,6.9,7.1,,6.7,,90.0,13.3,20.3,144.0,141.0,1006.2,12.0,0.0,,100.0
2025-08-30 23:00:00,7.1,7.4,,6.7,,90.0,15.2,21.5,151.0,150.0,1005.6,3.0,0.0,,100.0
2025-08-31 00:00:00,7.0,7.3,7.4,6.6,5.4,89.0,15.0,21.3,147.0,148.0,1006.2,0.0,0.0,,100.0
2025-08-31 01:00:00,7.1,7.5,,6.9,,90.0,13.9,19.8,149.0,148.0,1006.1,0.0,0.0,,100.0
2025-08-31 02:00:00,7.0,7.1,,6.6,,92.0,13.4,21.3,136.0,140.0,1005.8,0.0,0.9,,100.0
2025-08-31 03:00:00,6.5,6.8,,6.3,,99.0,12.4,17.0,141.0,139.0,1005.5,0.0,2.1,,100.0
2025-08-31 04:00:00,7.1,7.2,,6.8,,98.0,13.5,20.9,138.0,137.0,1005.0,0.0,1.4,,100.0
2025-08-31 05:00:00,7.8,8.2,,7.1,,78.0,12.4,19.0,140.0,140.0,1004.5,0.0,0.0,,100.0
2025-08-31 06:00:00,7.6,8.1,8.2,6.5,6.0,77.0,11.1,18.1,163.0,145.0,1004.7,0.0,0.0,,100.0
2025-08-31 07:00:00,7.1,7.6,,6.6,,81.0,10.3,15.7,152.0,153.0,1003.9,0.0,0.0,,100.0
2025-08-31 08:00:00,6.9,7.6,,6.2,,83.0,10.2,17.0,164.0,156.0,1004.0,0.0,0.0,,100.0
2025-08-31 09:00:00,5.8,6.1,,5.4,,91.0,11.8,19.2,147.0,151.0,1002.6,1.0,0.9,,100.0
2025-08-31 10:00:00,6.1,6.4,,5.8,,90.0,15.9,25.4,145.0,146.0,1002.4,9.0,2.5,,100.0
2025-08-31 11:00:00,5.9,5.9,,5.8,,92.0,16.2,24.2,143.0,142.0,1002.5,22.0,3.4,,100.0
2025-08-31 12:00:00,5.7,5.8,8.2,5.6,5.4,95.0,14.6,22.2,144.0,143.0,1003.0,32.0,3.0,17.2,100.0
2025-08-31 13:00:00,5.3,5.6,,4.9,,98.0,13.5,19.2,151.0,149.0,1004.4,31.0,3.2,,100.0
2025-08-31 14:00:00,3.8,4.9,,3.1,,99.0,4.9,15.8,235.0,197.0,1006.1,41.0,2.7,,100.0
2025-08-31 15:00:00,3.0,3.2,,2.8,,100.0,2.3,3.8,242.0,238.0,1006.5,48.0,3.2,,100.0
2025-08-31 16:00:00,2.3,2.7,,1.7,,99.0,2.3,3.7,246.0,250.0,1006.7,60.0,3.3,,100.0
2025-08-31 17:00:00,0.9,1.8,,0.4,,98.0,2.3,3.8,245.0,248.0,1006.7,59.0,2.4,,100.0
2025-08-31 18:00:00,0.2,0.4,7.6,0.1,0.1,100.0,1.2,1.8,220.0,230.0,1007.0,43.0,2.5,32.2,100.0
2025-08-31 19:00:00,0.1,0.2,,0.0,,100.0,0.3,0.9,0.0,218.0,1006.9,46.0,2.6,,100.0
2025-08-31 20:00:00,0.3,0.5,,0.1,,100.0,0.7,1.8,335.0,347.0,1007.0,38.0,1.9,,100.0
2025-08-31 21:00:00,0.1,0.4,,0.0,,100.0,1.1,1.9,5.0,339.0,1006.8,11.0,1.5,,100.0
2025-08-31 22:00:00,0.1,0.3,,-0.1,,100.0,1.0,2.1,291.0,327.0,1006.6,1.0,1.9,,100.0
2025-08-31 23:00:00,-0.1,0.0,,-0.1,,100.0,1.3,2.3,258.0,269.0,1006.9,0.0,1.1,,100.0
2025-09-01 00:00:00,-0.1,0.0,5.6,-0.1,-0.1,100.0,1.5,2.3,293.0,283.0,1007.1,0.0,0.9,41.1,100.0
2025-09-01 01:00:00,-0.1,-0.1,,-0.1,,100.0,0.9,1.6,258.0,280.0,1007.5,0.0,1.0,,100.0
2025-09-01 02:00:00,-0.1,-0.1,,-0.2,,100.0,1.2,1.6,270.0,266.0,1007.4,0.0,1.2,,100.0
2025-09-01 03:00:00,-0.1,0.1,,-0.2,,100.0,0.4,1.2,0.0,269.0,1007.3,0.0,0.6,,100.0
2025-09-01 04:00:00,0.2,0.2,,0.1,,100.0,0.0,0.5,0.0,0.0,1007.2,0.0,0.3,,100.0
2025-09-01 05:00:00,0.5,0.8,,0.2,,100.0,0.6,1.5,133.0,119.0,1007.1,0.0,0.3,,100.0
2025-09-01 06:00:00,0.9,0.9,0.9,0.8,-0.2,100.0,1.7,2.4,144.0,146.0,1007.1,0.0,0.0,40.1,100.0
2025-09-01 07:00:00,1.0,1.1,,0.9,,100.0,2.2,3.1,145.0,140.0,1007.2,0.0,0.1,,100.0
2025-09-01 08:00:00,1.3,1.4,,1.1,,100.0,1.6,2.6,133.0,142.0,1007.2,0.0,0.0,,100.0
2025-09-01 09:00:00,1.5,1.6,,1.4,,100.0,2.0,2.9,140.0,137.0,1007.2,4.0,0.0,,100.0
2025-09-01 10:00:00,1.7,1.9,,1.6,,100.0,1.2,2.6,156.0,133.0,1007.3,40.0,0.0,,100.0
2025-09-01 11:00:00,2.1,2.2,,1.8,,100.0,0.3,1.4,231.0,193.0,1007.4,59.0,0.0,,100.0
2025-09-01 12:00:00,2.1,2.3,2.3,1.9,-0.2,97.0,0.8,2.3,256.0,322.0,1007.1,118.0,0.0,30.4,100.0
2025-09-01 13:00:00,3.0,4.0,,2.3,,90.0,0.6,2.5,157.0,86.0,1006.8,319.0,0.0,,60.0
2025-09-01 14:00:00,4.1,4.9,,3.6,,82.0,1.1,2.5,117.0,134.0,1006.3,562.0,0.0,,100.0
2025-09-01 15:00:00,3.7,4.7,,3.4,,81.0,2.7,4.4,216.0,200.0,1006.2,309.0,0.0,,100.0
2025-09-01 16:00:00,3.5,3.7,,3.3,,79.0,3.8,6.2,210.0,212.0,1006.1,274.0,0.0,,100.0
2025-09-01 17:00:00,3.8,4.3,,3.4,,77.0,4.3,6.5,179.0,207.0,1005.9,408.0,0.0,,75.0
2025-09-01 18:00:00,4.0,4.4,4.9,3.7,0.9,75.0,4.5,7.7,150.0,155.0,1005.4,382.0,0.0,13.2,
2025-09-01 19:00:00,4.1,4.5,,3.8,,76.0,5.4,7.6,170.0,167.0,1005.1,338.0,0.0,,40.0
2025-09-01 20:00:00,4.0,4.4,,3.7,,77.0,5.9,8.9,170.0,180.0,1004.9,205.0,0.0,,10.0
2025-09-01 21:00:00,3.5,3.7,,3.3,,78.0,6.5,9.5,153.0,157.0,1004.2,105.0,0.0,,10.0
2025-09-01 22:00:00,3.4,3.5,,3.3,,80.0,7.2,11.8,138.0,148.0,1003.8,59.0,0.0,,40.0
2025-09-01 23:00:00,3.6,3.7,,3.5,,82.0,9.1,14.4,138.0,137.0,1003.2,6.0,0.0,,25.0
2025-09-02 00:00:00,3.7,3.8,4.9,3.6,2.3,83.0,9.1,13.2,158.0,145.0,1002.8,0.0,0.0,3.4,100.0
2025-09-02 01:00:00,3.6,3.7,,3.4,,86.0,8.8,12.8,154.0,152.0,1002.2,0.0,0.0,,100.0
2025-09-02 02:00:00,3.4,3.5,,3.4,,89.0,8.4,12.9,162.0,158.0,1002.6,0.0,0.0,,100.0
2025-09-02 03:00:00,3.5,3.5,,3.4,,88.0,9.9,15.6,150.0,153.0,1001.2,0.0,0.0,,100.0
2025-09-02 04:00:00,3.4,3.4,,3.3,,88.0,11.6,16.7,153.0,151.0,1000.6,0.0,0.0,,100.0
2025-09-02 05:00:00,3.3,3.4,,3.3,,89.0,10.5,15.3,141.0,148.0,999.7,0.0,0.0,,100.0
2025-09-02 06:00:00,3.5,3.6,4.5,3.4,3.3,87.0,10.2,14.4,148.0,150.0,999.1,0.0,0.0,0.0,100.0
2025-09-02 07:00:00,3.9,4.2,,3.7,,79.0,10.3,15.7,142.0,145.0,998.4,0.0,0.0,,100.0
2025-09-02 08:00:00,4.6,5.0,,3.4,,65.0,12.1,21.4,142.0,140.0,997.9,0.0,0.0,,90.0
2025-09-02 10:00:00,3.0,3.4,,2.4,,76.0,13.3,23.5,139.0,138.0,997.3,7.0,0.0,,100.0
2025-09-02 11:00:00,2.9,3.5,,2.4,,80.0,13.8,21.8,137.0,139.0,997.0,16.0,0.4,,100.0
2025-09-02 12:00:00,2.8,3.6,5.0,2.1,2.1,85.0,13.5,19.2,138.0,139.0,996.4,34.0,1.0,1.4,100.0
2025-09-02 13:00:00,4.0,4.5,,3.6,,80.0,11.8,18.6,146.0,142.0,996.2,45.0,0.0,,90.0
2025-09-02 14:00:00,4.8,5.0,,4.5,,79.0,13.0,19.5,151.0,145.0,996.3,79.0,0.0,,100.0
2025-09-02 15:00:00,4.4,4.6,,4.1,,83.0,12.9,19.7,147.0,147.0,996.7,54.0,0.0,,100.0
2025-09-02 16:00:00,4.0,4.1,,3.9,,91.0,13.7,21.8,142.0,142.0,996.6,94.0,0.0,,100.0
2025-09-02 17:00:00,3.9,4.2,,3.7,,94.0,14.7,21.7,149.0,147.0,997.2,109.0,0.0,,100.0
2025-09-02 18:00:00,3.6,3.7,5.0,3.6,2.1,98.0,14.5,20.2,148.0,149.0,997.7,109.0,0.4,1.8,100.0
2025-09-02 19:00:00,3.9,4.0,,3.8,,97.0,12.4,17.2,147.0,148.0,998.8,83.0,0.0,,100.0
2025-09-02 20:00:00,4.0,4.0,,3.9,,97.0,10.3,14.3,147.0,148.0,999.4,60.0,0.7,,100.0
2025-09-02 22:00:00,4.1,4.2,,4.1,,97.0,9.0,12.5,148.0,148.0,1000.3,15.0,1.0,,100.0
2025-09-02 23:00:00,4.1,4.1,,3.9,,99.0,7.4,11.6,160.0,151.0,1001.2,2.0,0.9,,100.0
2025-09-03 00:00:00,3.9,4.1,5.0,3.4,3.4,100.0,5.7,11.0,219.0,183.0,1001.8,0.0,1.2,6.4,100.0
2025-09-03 01:00:00,2.8,3.4,,2.6,,98.0,5.7,9.9,231.0,234.0,1002.5,0.0,0.1,,100.0
2025-09-03 02:00:00,2.8,2.9,,2.7,,91.0,2.8,5.7,148.0,162.0,1002.4,0.0,0.0,,100.0
2025-09-03 03:00:00,3.2,3.5,,2.7,,91.0,5.8,10.8,184.0,168.0,1002.3,0.0,0.1,,100.0
2025-09-03 04:00:00,2.9,3.3,,2.5,,95.0,7.4,11.7,175.0,166.0,1002.3,0.0,0.3,,100.0
2025-09-03 05:00:00,2.6,2.8,,2.4,,96.0,7.7,11.1,171.0,170.0,1002.3,0.0,0.4,,100.0
2025-09-03 06:00:00,2.8,2.9,4.2,2.6,2.4,95.0,7.8,12.6,166.0,171.0,1002.5,0.0,0.0,7.3,100.0
2025-09-03 07:00:00,2.4,2.7,,1.2,,98.0,8.3,14.0,219.0,177.0,1002.7,0.0,0.9,,100.0
2025-09-03 08:00:00,1.0,1.6,,0.5,,96.0,5.6,13.2,184.0,228.0,1004.2,0.0,0.2,,100.0
2025-09-03 09:00:00,2.1,2.6,,1.7,,91.0,3.9,6.2,187.0,170.0,1004.9,2.0,0.0,,10.0
2025-09-03 10:00:00,2.6,2.8,,2.4,,79.0,5.1,7.6,152.0,171.0,1005.1,23.0,0.0,,50.0
2025-09-03 11:00:00,2.7,3.1,,2.4,,81.0,6.9,11.5,197.0,169.0,1005.3,99.0,0.0,,100.0
2025-09-03 12:00:00,2.0,2.4,3.5,1.4,0.5,90.0,7.8,12.0,149.0,171.0,1005.3,112.0,0.0,7.0,100.0
2025-09-03 13:00:00,2.0,2.5,,1.6,,90.0,8.8,13.2,144.0,144.0,1005.5,177.0,0.0,,100.0
2025-09-03 14:00:00,2.3,2.4,,2.1,,91.0,9.3,13.4,151.0,146.0,1005.6,217.0,0.0,,100.0
2025-09-03 15:00:00,2.1,2.2,,1.9,,95.0,10.2,15.3,148.0,149.0,1005.8,200.0,0.2,,100.0
2025-09-03 16:00:00,2.6,3.0,,2.3,,94.0,7.9,12.8,164.0,151.0,1006.3,120.0,0.3,,90.0
2025-09-03 17:00:00,2.9,3.2,,2.7,,93.0,3.5,7.4,196.0,208.0,1006.8,159.0,0.0,,100.0
2025-09-03 18:00:00,3.1,3.4,3.4,3.0,0.5,89.0,2.4,3.8,179.0,185.0,1007.2,153.0,0.0,7.0,100.0
2025-09-03 19:00:00,3.0,3.3,,2.6,,92.0,2.2,3.9,206.0,195.0,1007.7,84.0,0.4,,100.0
2025-09-03 20:00:00,2.6,2.9,,2.5,,93.0,2.0,5.7,251.0,196.0,1007.9,48.0,0.9,,100.0
2025-09-03 21:00:00,2.6,2.9,,2.4,,93.0,2.6,4.9,246.0,250.0,1008.1,70.0,0.2,,100.0
2025-09-03 22:00:00,2.6,2.8,,2.4,,94.0,2.9,5.1,266.0,254.0,1008.4,10.0,0.1,,100.0
2025-09-03 23:00:00,2.6,2.7,,2.4,,93.0,2.8,5.0,252.0,253.0,1008.6,0.0,0.2,,100.0
2025-09-04 00:00:00,2.3,2.4,3.4,2.3,1.6,93.0,1.8,3.9,203.0,242.0,1008.7,0.0,0.3,4.5,100.0
2025-09-04 01:00:00,2.1,2.3,,1.4,,94.0,2.1,7.4,237.0,213.0,1008.6,0.0,1.1,,100.0
2025-09-04 02:00:00,1.1,1.3,,1.0,,97.0,2.6,5.3,131.0,171.0,1008.5,0.0,0.5,,100.0
2025-09-04 03:00:00,1.3,1.4,,1.1,,97.0,3.8,6.0,145.0,142.0,1007.6,0.0,0.9,,100.0
2025-09-04 04:00:00,1.4,1.5,,1.4,,97.0,4.5,6.5,143.0,143.0,1007.8,0.0,0.4,,100.0
2025-09-04 05:00:00,1.2,1.4,,0.9,,98.0,4.6,7.0,148.0,145.0,1007.8,0.0,0.5,,100.0
2025-09-04 06:00:00,1.4,1.4,3.3,1.4,0.9,97.0,2.9,5.5,154.0,146.0,1008.2,0.0,0.2,7.0,100.0
2025-09-04 07:00:00,1.4,1.5,,1.3,,99.0,1.1,1.8,2.0,57.0,1008.6,0.0,0.2,,100.0
2025-09-04 08:00:00,1.4,1.6,,1.3,,98.0,2.3,5.9,9.0,1.0,1008.8,0.0,0.1,,100.0
2025-09-04 09:00:00,1.6,1.8,,1.5,,97.0,3.5,5.0,37.0,28.0,1009.0,4.0,0.0,,100.0
2025-09-04 10:00:00,1.9,2.0,,1.8,,93.0,3.8,6.1,27.0,24.0,1009.1,51.0,0.0,,10.0
2025-09-04 11:00:00,2.4,2.7,,2.0,,88.0,3.9,5.7,358.0,8.0,1009.6,181.0,0.0,,100.0
2025-09-04 12:00:00,2.6,3.1,3.1,2.4,0.9,87.0,3.9,5.6,2.0,350.0,1009.9,278.0,0.0,6.2,100.0
2025-09-04 13:00:00,3.0,3.2,,2.8,,83.0,3.9,5.5,10.0,10.0,1010.2,353.0,0.0,,50.0
2025-09-04 14:00:00,2.9,3.0,,2.7,,85.0,4.0,5.4,2.0,2.0,1010.2,328.0,0.0,,60.0
2025-09-04 15:00:00,3.1,3.7,,2.8,,83.0,4.1,6.1,17.0,15.0,1010.2,346.0,0.0,,100.0
2025-09-04 16:00:00,3.6,3.9,,3.3,,79.0,3.6,5.0,6.0,2.0,1010.1,418.0,0.0,,60.0
2025-09-04 17:00:00,4.1,4.5,,3.6,,75.0,3.7,5.6,360.0,6.0,1010.5,447.0,0.0,,60.0
2025-09-04 18:00:00,4.4,4.7,4.7,4.1,1.3,71.0,3.2,4.6,348.0,3.0,1010.8,368.0,0.0,0.0,100.0
2025-09-04 19:00:00,4.4,4.6,,4.2,,74.0,3.3,5.5,331.0,343.0,1011.1,227.0,0.0,,100.0
2025-09-04 20:00:00,4.5,4.6,,4.3,,79.0,7.1,10.5,301.0,303.0,1011.2,279.0,0.0,,75.0
2025-09-04 21:00:00,4.3,4.5,,4.0,,82.0,7.4,9.8,300.0,300.0,1011.3,194.0,0.0,,
2025-09-04 22:00:00,3.5,4.0,,2.9,,87.0,7.5,10.1,293.0,296.0,1011.5,73.0,0.0,,75.0
2025-09-04 23:00:00,3.1,3.2,,2.9,,90.0,6.3,9.6,303.0,296.0,1011.9,7.0,0.0,,100.0
2025-09-05 00:00:00,3.1,3.1,4.7,3.0,2.7,89.0,5.5,8.3,305.0,307.0,1012.2,0.0,0.0,0.0,100.0
2025-09-05 01:00:00,3.1,3.1,,3.1,,89.0,3.1,6.4,324.0,321.0,1012.3,0.0,0.0,,100.0
2025-09-05 02:00:00,3.1,3.2,,3.0,,90.0,2.1,4.5,336.0,338.0,1012.0,0.0,0.0,,100.0
2025-09-05 03:00:00,2.8,3.1,,2.5,,93.0,3.8,5.5,338.0,330.0,1011.9,0.0,0.0,,100.0
2025-09-05 04:00:00,2.4,2.6,,2.1,,97.0,3.9,5.3,338.0,337.0,1011.8,0.0,0.0,,100.0
2025-09-05 05:00:00,2.0,2.2,,1.8,,99.0,3.7,5.7,3.0,348.0,1011.8,0.0,0.0,,100.0
2025-09-05 06:00:00,1.8,1.9,4.6,1.7,1.7,100.0,3.8,5.5,320.0,333.0,1011.8,0.0,0.0,0.0,25.0
2025-09-05 07:00:00,1.8,1.9,,1.8,,99.0,3.4,5.6,26.0,356.0,1012.4,0.0,0.0,,40.0
2025-09-05 08:00:00,1.9,2.1,,1.9,,98.0,2.2,4.7,313.0,360.0,1012.5,0.0,0.0,,10.0
2025-09-05 09:00:00,2.1,2.4,,1.8,,98.0,2.9,6.1,39.0,339.0,1012.9,6.0,0.0,,100.0
2025-09-05 10:00:00,2.4,2.5,,2.2,,100.0,3.2,4.7,353.0,359.0,1013.1,49.0,0.1,,100.0
2025-09-05 11:00:00,2.6,2.8,,2.4,,100.0,2.8,5.1,335.0,347.0,1013.4,109.0,0.0,,100.0
2025-09-05 12:00:00,3.0,3.4,3.4,2.8,1.7,99.0,2.7,5.0,11.0,358.0,1013.4,153.0,0.0,0.0,100.0
2025-09-05 13:00:00,3.8,4.5,,3.3,,95.0,2.9,5.7,351.0,4.0,1013.4,321.0,0.0,,10.0
2025-09-05 14:00:00,4.9,5.3,,4.5,,88.0,3.2,4.9,3.0,354.0,1013.4,478.0,0.0,,
2025-09-05 15:00:00,5.8,6.6,,5.2,,79.0,3.1,4.7,2.0,4.0,1013.5,526.0,0.0,,10.0
2025-09-05 16:00:00,6.3,6.6,,5.9,,72.0,2.3,4.0,319.0,340.0,1013.4,541.0,0.0,,10.0
2025-09-05 17:00:00,6.3,6.7,,5.8,,72.0,2.9,7.6,292.0,284.0,1013.7,501.0,0.0,,50.0
2025-09-05 18:00:00,6.1,6.4,6.7,5.9,1.8,77.0,6.1,8.8,280.0,279.0,1014.0,399.0,0.0,0.0,
2025-09-05 19:00:00,6.1,6.4,,5.9,,76.0,5.0,7.3,272.0,275.0,1014.8,386.0,0.0,,
2025-09-05 20:00:00,5.9,6.3,,5.7,,79.0,4.2,6.3,265.0,267.0,1015.4,286.0,0.0,,
2025-09-05 21:00:00,5.3,5.7,,4.8,,83.0,5.0,7.2,276.0,272.0,1015.8,174.0,0.0,,
2025-09-05 22:00:00,4.4,4.8,,4.0,,87.0,5.1,7.5,297.0,283.0,1016.4,63.0,0.0,,
2025-09-05 23:00:00,3.8,4.0,,3.5,,90.0,4.8,7.7,308.0,300.0,1016.5,4.0,0.0,,10.0
2025-09-06 00:00:00,3.4,3.5,6.7,3.1,3.1,92.0,3.3,5.9,325.0,336.0,1016.4,0.0,0.0,0.0,
2025-09-06 01:00:00,3.0,3.2,,2.9,,94.0,3.6,5.5,301.0,298.0,1016.8,0.0,0.0,,
2025-09-06 02:00:00,2.9,3.0,,2.8,,95.0,2.9,5.1,345.0,323.0,1016.9,0.0,0.0,,10.0
2025-09-06 03:00:00,2.7,2.9,,2.6,,96.0,2.7,4.0,311.0,305.0,1016.7,0.0,0.0,,10.0
2025-09-06 04:00:00,2.5,2.7,,2.4,,97.0,2.5,4.0,359.0,337.0,1016.5,0.0,0.0,,
2025-09-06 05:00:00,2.5,2.6,,2.4,,98.0,3.4,5.0,343.0,336.0,1016.4,0.0,0.0,,
2025-09-06 06:00:00,2.4,2.5,6.4,2.3,2.3,99.0,3.3,4.5,346.0,352.0,1016.5,0.0,0.0,0.0,
2025-09-06 07:00:00,2.3,2.3,,2.2,,100.0,3.1,4.2,329.0,342.0,1016.6,0.0,0.0,,10.0
2025-09-06 08:00:00,2.3,2.3,,2.2,,100.0,4.0,5.5,5.0,358.0,1016.5,0.0,0.0,,
2025-09-06 09:00:00,2.3,2.6,,2.2,,100.0,4.5,5.5,2.0,6.0,1016.0,5.0,0.0,,
2025-09-06 10:00:00,2.7,3.4,,2.2,,97.0,4.4,6.2,7.0,7.0,1015.9,71.0,0.0,,
2025-09-06 11:00:00,3.9,4.4,,3.5,,83.0,5.6,7.6,8.0,11.0,1015.1,188.0,0.0,,
2025-09-06 12:00:00,4.1,4.8,4.8,3.7,2.2,85.0,5.5,7.6,360.0,6.0,1014.6,302.0,0.0,0.0,
2025-09-06 13:00:00,4.4,4.8,,4.1,,80.0,5.8,7.4,11.0,5.0,1014.1,397.0,0.0,,
2025-09-06 14:00:00,4.9,5.3,,4.4,,70.0,5.4,7.6,19.0,15.0,1013.2,453.0,0.0,,
2025-09-06 15:00:00,5.3,5.8,,4.6,,63.0,5.4,7.9,16.0,12.0,1012.3,524.0,0.0,,
2025-09-06 16:00:00,5.3,5.6,,4.9,,64.0,6.1,8.3,10.0,10.0,1011.0,541.0,0.0,,
2025-09-06 17:00:00,5.4,5.7,,5.1,,63.0,6.0,8.3,7.0,12.0,1010.7,502.0,0.0,,
2025-09-06 18:00:00,5.4,5.6,5.8,5.1,2.2,62.0,6.0,8.2,2.0,3.0,1010.2,406.0,0.0,0.0,
2025-09-06 19:00:00,5.8,6.2,,5.4,,58.0,5.8,8.0,4.0,10.0,1009.7,351.0,0.0,,
2025-09-06 20:00:00,5.7,5.9,,5.5,,60.0,4.8,6.5,358.0,360.0,1009.4,243.0,0.0,,
2025-09-06 21:00:00,5.7,5.9,,5.4,,61.0,4.6,6.6,4.0,3.0,1009.1,141.0,0.0,,
2025-09-06 22:00:00,5.4,5.6,,5.0,,65.0,4.3,6.1,7.0,5.0,1008.8,59.0,0.0,,
2025-09-06 23:00:00,5.2,5.6,,4.9,,65.0,4.1,6.6,14.0,11.0,1007.6,4.0,0.0,,
2025-09-07 00:00:00,5.1,5.7,6.2,4.4,4.1,65.0,5.6,7.6,5.0,14.0,1007.2,0.0,0.0,0.0,
2025-09-07 01:00:00,5.0,5.4,,4.4,,67.0,6.1,7.9,13.0,18.0,1005.9,0.0,0.0,,
2025-09-07 02:00:00,4.9,5.1,,4.7,,69.0,6.0,8.3,13.0,10.0,1005.8,0.0,0.0,,
2025-09-07 03:00:00,4.9,5.5,,4.6,,70.0,5.5,8.6,16.0,16.0,1005.0,0.0,0.0,,
2025-09-07 04:00:00,4.7,5.2,,4.4,,73.0,4.3,7.6,20.0,23.0,1004.6,0.0,0.0,,
2025-09-07 05:00:00,4.3,4.6,,4.2,,76.0,3.1,6.2,25.0,14.0,1003.9,0.0,0.0,,
2025-09-07 06:00:00,4.5,5.1,6.2,3.8,3.8,74.0,1.5,4.0,225.0,62.0,1003.2,0.0,0.0,0.0,
2025-09-07 07:00:00,4.5,4.7,,4.1,,75.0,1.9,4.1,309.0,232.0,1002.5,0.0,0.0,,
2025-09-07 08:00:00,4.0,4.4,,3.5,,78.0,2.5,5.0,105.0,350.0,1001.6,0.0,0.0,,
2025-09-07 09:00:00,3.6,4.0,,3.2,,82.0,1.6,3.4,95.0,82.0,1000.7,9.0,0.0,,
2025-09-07 10:00:00,4.3,4.8,,3.9,,76.0,2.2,7.6,5.0,28.0,999.6,85.0,0.0,,
2025-09-07 11:00:00,5.3,6.1,,4.7,,64.0,8.5,11.9,26.0,17.0,998.4,88.0,0.2,,90.0
2025-09-07 12:00:00,6.7,8.1,8.1,5.8,3.2,53.0,8.2,13.6,29.0,24.0,998.2,154.0,0.0,0.1,100.0
2025-09-07 13:00:00,7.3,7.8,,6.3,,54.0,2.4,5.8,190.0,141.0,999.5,88.0,0.0,,100.0
2025-09-07 14:00:00,6.9,8.0,,6.1,,59.0,6.3,11.1,154.0,152.0,999.1,56.0,0.0,,100.0
2025-09-07 15:00:00,6.2,6.7,,5.7,,73.0,6.3,13.1,126.0,140.0,998.9,165.0,0.0,,100.0
2025-09-07 16:00:00,5.7,6.9,,4.9,,72.0,3.0,7.9,12.0,357.0,998.8,88.0,0.8,,100.0
2025-09-07 17:00:00,5.4,6.3,,4.9,,77.0,3.1,6.7,137.0,37.0,999.6,58.0,0.3,,100.0
2025-09-07 18:00:00,5.2,6.2,8.1,3.9,3.2,84.0,1.2,2.4,344.0,307.0,999.9,54.0,1.3,2.5,100.0
2025-09-07 19:00:00,4.3,5.5,,3.7,,88.0,2.2,4.3,27.0,11.0,1000.3,50.0,0.1,,100.0
2025-09-07 20:00:00,5.1,5.6,,4.6,,88.0,1.9,3.6,27.0,25.0,1000.9,34.0,0.2,,100.0
2025-09-07 21:00:00,5.2,6.1,,4.7,,83.0,2.1,3.3,41.0,24.0,1001.6,23.0,0.8,,100.0
2025-09-07 22:00:00,6.3,6.5,,6.1,,78.0,1.5,2.2,32.0,40.0,1002.1,9.0,0.6,,100.0
2025-09-07 23:00:00,6.4,6.6,,6.2,,79.0,1.9,2.7,39.0,31.0,1002.6,0.0,0.5,,100.0
2025-09-08 00:00:00,6.2,6.4,8.0,5.8,3.7,85.0,2.3,2.9,19.0,29.0,1002.4,0.0,0.3,5.0,100.0
2025-09-08 01:00:00,6.2,6.4,,5.7,,88.0,2.1,2.8,344.0,8.0,1002.2,0.0,0.2,,100.0
2025-09-08 02:00:00,5.9,6.2,,5.6,,88.0,1.8,2.6,360.0,338.0,1002.1,0.0,0.0,,100.0
2025-09-08 03:00:00,5.7,6.0,,5.3,,88.0,0.4,1.5,33.0,33.0,1002.4,0.0,0.0,,100.0
2025-09-08 04:00:00,4.9,5.4,,4.4,,94.0,1.9,3.2,1.0,3.0,1001.9,0.0,0.5,,100.0
2025-09-08 05:00:00,5.1,5.6,,4.5,,94.0,3.4,4.8,12.0,3.0,1002.0,0.0,1.1,,100.0
2025-09-08 06:00:00,4.9,5.3,6.6,4.6,3.7,94.0,5.5,7.7,14.0,12.0,1001.9,0.0,0.5,7.3,100.0
2025-09-08 07:00:00,5.1,5.5,,4.9,,94.0,6.7,9.2,24.0,23.0,1001.8,0.0,0.6,,100.0
2025-09-08 08:00:00,5.1,5.5,,4.8,,95.0,7.2,9.2,20.0,19.0,1001.8,0.0,0.3,,100.0
2025-09-08 09:00:00,5.6,6.2,,5.1,,92.0,7.7,10.0,29.0,25.0,1001.8,1.0,0.1,,100.0
2025-09-08 10:00:00,5.6,6.0,,5.2,,92.0,8.0,10.6,27.0,24.0,1001.9,21.0,0.3,,100.0
2025-09-08 11:00:00,5.4,6.0,,4.7,,93.0,7.8,10.5,6.0,20.0,1001.8,60.0,0.5,,100.0
2025-09-08 12:00:00,4.8,5.0,6.4,4.6,4.4,96.0,4.9,9.5,16.0,12.0,1002.0,72.0,0.3,9.3,100.0
2025-09-08 13:00:00,4.8,5.4,,4.6,,96.0,3.1,6.1,159.0,21.0,1002.2,83.0,0.4,,100.0
2025-09-08 14:00:00,6.0,6.4,,5.2,,96.0,1.9,3.5,155.0,156.0,1002.0,146.0,0.2,,100.0
2025-09-08 15:00:00,6.3,6.5,,6.1,,96.0,1.3,2.8,302.0,180.0,1001.4,151.0,0.0,,100.0
2025-09-08 16:00:00,5.8,6.4,,5.3,,98.0,1.6,3.1,333.0,328.0,1001.0,184.0,0.0,,100.0
2025-09-08 17:00:00,6.2,6.8,,5.7,,96.0,2.0,3.1,354.0,346.0,1000.6,159.0,0.0,,100.0
2025-09-08 18:00:00,6.7,6.9,6.9,6.6,4.6,93.0,2.6,3.6,8.0,5.0,1000.1,113.0,0.0,7.5,100.0
2025-09-08 19:00:00,6.8,6.9,,6.6,,94.0,3.1,4.6,16.0,16.0,999.8,79.0,0.0,,100.0
2025-09-08 20:00:00,6.6,6.8,,6.3,,96.0,4.4,7.8,322.0,329.0,999.4,51.0,1.2,,100.0
2025-09-08 21:00:00,6.5,6.7,,6.2,,97.0,4.0,5.8,331.0,334.0,999.1,34.0,1.3,,100.0
2025-09-08 22:00:00,6.1,6.3,,5.8,,98.0,4.0,6.3,327.0,327.0,998.6,9.0,0.4,,100.0
2025-09-08 23:00:00,5.9,6.0,,5.7,,96.0,4.8,6.9,346.0,339.0,998.7,0.0,0.0,,100.0
2025-09-09 00:00:00,5.7,5.8,6.9,5.6,4.6,97.0,3.8,6.1,349.0,353.0,998.6,0.0,0.0,8.0,100.0
2025-09-09 01:00:00,5.7,5.9,,5.6,,94.0,3.2,5.7,357.0,349.0,998.1,0.0,0.0,,100.0
2025-09-09 02:00:00,5.6,5.6,,5.5,,94.0,2.6,4.6,352.0,358.0,997.6,0.0,0.0,,100.0
2025-09-09 03:00:00,5.5,5.6,,5.4,,93.0,2.5,4.0,347.0,355.0,997.3,0.0,0.0,,100.0
2025-09-09 04:00:00,4.4,5.4,,4.0,,98.0,2.9,4.3,285.0,286.0,997.1,0.0,0.0,,
2025-09-09 05:00:00,3.9,4.0,,3.7,,100.0,3.3,5.1,293.0,288.0,996.9,0.0,0.0,,
2025-09-09 06:00:00,3.6,3.7,6.9,3.4,3.4,100.0,4.2,6.4,288.0,292.0,997.0,0.0,0.0,5.7,
2025-09-09 07:00:00,3.3,3.4,,3.1,,100.0,4.8,6.7,285.0,286.0,997.3,0.0,0.0,,
2025-09-09 08:00:00,3.1,3.2,,3.1,,100.0,4.2,6.1,291.0,290.0,997.5,0.0,0.0,,
2025-09-09 09:00:00,3.0,3.1,,3.0,,100.0,4.4,6.2,289.0,291.0,997.5,0.0,0.0,,100.0
2025-09-09 10:00:00,3.1,3.1,,3.0,,100.0,3.8,6.1,293.0,291.0,997.8,14.0,0.1,,
2025-09-09 11:00:00,3.2,3.2,,3.1,,100.0,4.1,5.8,284.0,291.0,997.9,30.0,0.0,,
2025-09-09 12:00:00,3.1,3.3,5.9,3.1,3.0,100.0,4.8,6.4,291.0,291.0,998.0,58.0,0.0,3.6,
2025-09-09 13:00:00,3.2,3.3,,3.1,,100.0,4.7,6.4,285.0,288.0,998.3,93.0,0.0,,100.0
2025-09-09 14:00:00,3.3,3.5,,3.1,,100.0,5.1,7.3,288.0,286.0,998.3,158.0,0.0,,100.0
2025-09-09 15:00:00,3.2,3.4,,3.1,,100.0,5.7,7.8,296.0,289.0,998.5,166.0,0.0,,100.0
2025-09-09 16:00:00,3.6,3.7,,3.3,,96.0,4.3,5.8,300.0,291.0,998.6,150.0,0.0,,100.0
2025-09-09 17:00:00,3.7,3.8,,3.5,,94.0,4.6,7.0,283.0,291.0,998.9,127.0,0.0,,100.0
2025-09-09 18:00:00,3.4,3.8,3.8,3.1,3.0,96.0,5.0,6.7,279.0,283.0,999.5,106.0,0.0,3.0,100.0
2025-09-09 20:00:00,3.1,3.4,,2.9,,96.0,4.3,6.4,277.0,279.0,1000.5,52.0,0.0,,100.0
2025-09-09 21:00:00,3.1,3.1,,3.0,,98.0,3.2,4.9,298.0,281.0,1000.9,38.0,0.0,,100.0
2025-09-09 22:00:00,3.2,3.2,,3.1,,100.0,2.7,5.0,280.0,277.0,1001.2,7.0,0.2,,
2025-09-09 23:00:00,3.0,3.2,,2.9,,100.0,4.4,6.5,282.0,281.0,1001.6,0.0,0.2,,100.0
2025-09-10 00:00:00,2.9,3.0,3.8,2.9,2.9,100.0,4.5,7.0,283.0,277.0,1002.0,0.0,0.1,0.4,
2025-09-10 01:00:00,2.9,2.9,,2.9,,100.0,4.1,6.2,286.0,285.0,1002.2,0.0,0.0,,100.0
2025-09-10 02:00:00,2.9,3.0,,2.9,,100.0,3.4,4.9,282.0,289.0,1002.4,0.0,0.0,,100.0
2025-09-10 03:00:00,2.9,3.0,,2.8,,100.0,3.9,5.6,290.0,282.0,1002.9,0.0,0.0,,100.0
2025-09-10 04:00:00,2.8,2.9,,2.8,,99.0,3.8,7.0,298.0,291.0,1003.1,0.0,0.0,,100.0
2025-09-10 05:00:00,3.0,3.1,,2.9,,92.0,4.1,7.1,291.0,295.0,1003.5,0.0,0.0,,100.0
2025-09-10 06:00:00,3.1,3.1,3.4,3.1,2.8,91.0,4.0,6.4,298.0,290.0,1003.9,0.0,0.0,0.4,100.0
2025-09-10 07:00:00,2.9,3.1,,2.9,,91.0,3.9,6.1,295.0,295.0,1004.5,0.0,0.0,,100.0
2025-09-10 08:00:00,3.0,3.0,,2.9,,91.0,3.1,4.7,294.0,295.0,1004.9,0.0,0.0,,100.0
2025-09-10 09:00:00,2.9,2.9,,2.8,,91.0,3.1,5.5,303.0,302.0,1005.4,0.0,0.2,,100.0
2025-09-10 10:00:00,2.8,2.8,,2.7,,92.0,2.6,4.4,301.0,301.0,1005.8,10.0,0.5,,100.0
2025-09-10 11:00:00,2.9,2.9,,2.8,,91.0,2.5,4.5,305.0,305.0,1006.0,18.0,0.1,,100.0
2025-09-10 12:00:00,3.0,3.1,3.1,2.9,2.7,89.0,3.7,5.7,290.0,296.0,1005.9,40.0,0.0,1.2,100.0
2025-09-10 13:00:00,3.0,3.1,,2.9,,91.0,4.6,6.7,294.0,295.0,1006.1,49.0,0.0,,100.0
2025-09-10 14:00:00,3.0,3.2,,2.9,,91.0,4.2,7.2,295.0,291.0,1006.2,80.0,0.0,,100.0
2025-09-10 15:00:00,3.3,3.5,,3.1,,85.0,5.3,7.7,283.0,291.0,1006.2,162.0,0.0,,100.0
2025-09-10 16:00:00,3.3,3.4,,3.2,,85.0,5.1,7.7,284.0,281.0,1006.3,167.0,0.0,,100.0
2025-09-10 17:00:00,3.2,3.3,,3.0,,92.0,4.8,7.8,289.0,282.0,1006.5,185.0,0.0,,100.0
2025-09-10 18:00:00,3.1,3.3,3.5,3.0,2.7,93.0,4.1,6.1,286.0,284.0,1006.9,113.0,0.0,1.2,100.0
2025-09-10 19:00:00,3.2,3.3,,3.1,,89.0,4.7,6.5,276.0,278.0,1007.3,99.0,0.0,,100.0
2025-09-10 20:00:00,3.3,3.4,,3.1,,87.0,4.3,6.0,284.0,285.0,1007.5,106.0,0.0,,100.0
2025-09-10 21:00:00,3.0,3.2,,2.9,,88.0,4.6,6.3,285.0,287.0,1007.7,41.0,0.0,,100.0
2025-09-10 22:00:00,2.9,2.9,,2.8,,88.0,5.3,7.2,301.0,297.0,1008.0,14.0,0.0,,100.0
2025-09-10 23:00:00,2.8,2.9,,2.7,,88.0,4.8,7.3,322.0,307.0,1008.2,1.0,0.0,,100.0
2025-09-11 00:00:00,2.7,2.8,3.5,2.7,2.7,89.0,3.8,7.5,322.0,320.0,1008.4,0.0,0.0,0.8,100.0
2025-09-11 01:00:00,2.6,2.7,,2.6,,90.0,3.9,6.6,320.0,318.0,1008.5,0.0,0.0,,100.0
2025-09-11 02:00:00,2.5,2.6,,2.5,,91.0,3.8,6.7,318.0,324.0,1008.5,0.0,0.0,,100.0
2025-09-11 03:00:00,2.5,2.6,,2.5,,89.0,4.3,7.0,330.0,323.0,1008.6,0.0,0.0,,100.0
2025-09-11 04:00:00,2.4,2.5,,2.3,,91.0,2.8,6.2,333.0,338.0,1008.5,0.0,0.0,,100.0
2025-09-11 05:00:00,2.4,2.4,,2.3,,93.0,2.2,3.4,1.0,356.0,1008.6,0.0,0.0,,100.0
2025-09-11 06:00:00,2.4,2.4,3.4,2.3,2.3,92.0,3.0,4.8,312.0,329.0,1009.0,0.0,0.0,0.8,100.0
2025-09-11 07:00:00,2.2,2.3,,2.1,,93.0,3.6,5.3,358.0,340.0,1009.5,0.0,0.0,,100.0
2025-09-11 08:00:00,2.0,2.1,,1.8,,93.0,3.7,6.0,353.0,345.0,1009.8,0.0,0.0,,100.0
2025-09-11 09:00:00,1.7,1.9,,1.6,,95.0,4.7,7.5,3.0,356.0,1009.9,1.0,0.0,,100.0
2025-09-11 10:00:00,1.8,1.9,,1.7,,96.0,4.0,6.2,333.0,353.0,1010.3,17.0,0.0,,100.0
2025-09-11 11:00:00,1.5,1.8,,1.2,,98.0,4.4,6.3,332.0,326.0,1010.8,60.0,0.0,,100.0
2025-09-11 12:00:00,1.3,1.5,2.7,1.1,1.1,98.0,3.8,5.3,16.0,357.0,1011.6,160.0,0.0,0.0,100.0
2025-09-11 13:00:00,1.7,2.1,,1.3,,99.0,3.3,4.8,25.0,22.0,1012.0,159.0,0.0,,100.0
2025-09-11 14:00:00,2.3,2.6,,1.9,,100.0,3.1,5.4,22.0,17.0,1012.1,144.0,0.0,,100.0
2025-09-11 15:00:00,2.8,3.3,,2.3,,98.0,3.6,5.5,36.0,30.0,1012.1,236.0,0.0,,100.0
2025-09-11 16:00:00,3.5,3.8,,3.1,,91.0,3.8,6.0,25.0,28.0,1012.3,405.0,0.0,,40.0
2025-09-11 17:00:00,4.2,4.6,,3.6,,85.0,3.7,5.6,14.0,16.0,1012.5,481.0,0.0,,0.0
2025-09-11 18:00:00,4.4,4.5,4.6,4.1,1.1,83.0,2.8,4.9,332.0,356.0,1012.8,384.0,0.0,0.0,25.0
2025-09-11 19:00:00,4.8,5.1,,4.1,,80.0,2.4,4.0,345.0,343.0,1013.0,313.0,0.0,,10.0
2025-09-11 20:00:00,5.0,5.2,,4.8,,80.0,3.0,6.1,326.0,334.0,1013.3,233.0,0.0,,90.0
2025-09-11 21:00:00,4.4,4.9,,4.1,,84.0,5.9,8.7,295.0,304.0,1013.2,91.0,0.0,,100.0
2025-09-11 22:00:00,3.8,4.2,,3.4,,86.0,5.8,8.7,311.0,302.0,1013.7,52.0,0.0,,100.0
2025-09-11 23:00:00,3.1,3.3,,2.9,,88.0,4.5,7.3,320.0,317.0,1013.8,1.0,0.0,,0.0
2025-09-12 00:00:00,2.7,2.9,5.2,2.6,1.3,90.0,3.2,4.6,346.0,341.0,1014.2,0.0,0.0,0.0,0.0
2025-09-12 01:00:00,2.5,2.6,,2.3,,90.0,2.8,4.0,337.0,339.0,1014.0,0.0,0.0,,0.0
2025-09-12 02:00:00,2.3,2.4,,2.2,,91.0,1.4,4.2,329.0,338.0,1013.8,0.0,0.0,,40.0
2025-09-12 03:00:00,2.1,2.4,,2.0,,92.0,2.1,3.1,9.0,6.0,1013.6,0.0,0.0,,75.0
2025-09-12 04:00:00,2.0,2.1,,1.9,,92.0,2.6,3.7,15.0,9.0,1013.4,0.0,0.0,,25.0
2025-09-12 05:00:00,2.0,2.1,,1.9,,93.0,2.6,3.6,2.0,5.0,1013.2,0.0,0.0,,100.0
2025-09-12 06:00:00,2.1,2.2,5.2,2.0,1.9,95.0,2.3,3.4,7.0,4.0,1013.0,0.0,0.0,0.0,100.0
2025-09-12 07:00:00,2.1,2.2,,2.0,,96.0,2.7,4.4,351.0,359.0,1012.7,0.0,0.0,,100.0
2025-09-12 08:00:00,2.1,2.2,,2.0,,97.0,3.7,5.9,344.0,347.0,1012.6,0.0,0.0,,100.0
2025-09-12 09:00:00,1.8,2.0,,1.6,,99.0,3.6,5.8,339.0,347.0,1012.5,1.0,0.0,,
2025-09-12 10:00:00,1.5,1.6,,1.3,,100.0,4.0,6.0,338.0,340.0,1012.4,17.0,0.0,,
2025-09-12 11:00:00,1.2,1.4,,1.1,,100.0,3.4,5.1,345.0,345.0,1012.0,56.0,0.0,,
2025-09-12 12:00:00,0.9,1.2,2.6,0.8,0.8,100.0,3.6,5.4,342.0,346.0,1011.9,117.0,0.0,0.0,
2025-09-12 13:00:00,0.9,1.2,,0.6,,100.0,4.1,5.7,342.0,344.0,1012.0,208.0,0.0,,
2025-09-12 14:00:00,0.9,1.2,,0.5,,100.0,4.5,6.5,338.0,345.0,1011.8,297.0,0.0,,
2025-09-12 15:00:00,1.2,1.4,,1.0,,99.0,4.4,6.3,360.0,355.0,1011.6,397.0,0.0,,
2025-09-12 16:00:00,2.0,2.7,,1.3,,98.0,3.9,5.1,8.0,6.0,1011.2,498.0,0.0,,0.0
2025-09-12 17:00:00,3.6,4.9,,2.7,,90.0,3.4,4.7,20.0,13.0,1010.4,481.0,0.0,,0.0
2025-09-12 18:00:00,4.9,5.1,5.1,4.7,0.5,82.0,3.2,4.7,3.0,10.0,1010.5,361.0,0.0,0.0,0.0
2025-09-12 19:00:00,5.1,5.3,,4.9,,79.0,3.0,4.3,354.0,3.0,1010.5,345.0,0.0,,0.0
2025-09-12 20:00:00,5.1,5.3,,4.9,,76.0,3.1,5.1,331.0,342.0,1010.3,243.0,0.0,,0.0
2025-09-12 21:00:00,5.0,5.1,,4.8,,76.0,3.0,6.1,330.0,333.0,1010.3,128.0,0.0,,0.0
2025-09-12 22:00:00,4.4,4.8,,4.0,,78.0,3.5,7.9,347.0,343.0,1010.1,37.0,0.0,,0.0
2025-09-12 23:00:00,3.5,4.0,,3.1,,84.0,2.9,6.2,2.0,339.0,1010.2,0.0,0.0,,0.0
2025-09-13 00:00:00,3.0,3.1,5.3,2.8,0.5,89.0,2.5,4.1,13.0,11.0,1010.1,0.0,0.0,0.0,0.0
2025-09-13 01:00:00,2.6,2.8,,2.5,,90.0,2.9,3.8,4.0,5.0,1009.7,0.0,0.0,,0.0
2025-09-13 02:00:00,2.4,2.5,,2.2,,91.0,2.3,3.0,17.0,7.0,1009.3,0.0,0.0,,0.0
2025-09-13 03:00:00,2.2,2.3,,2.2,,92.0,2.2,3.0,2.0,5.0,1008.7,0.0,0.0,,0.0
2025-09-13 04:00:00,2.1,2.2,,2.0,,93.0,2.5,3.2,355.0,360.0,1008.2,0.0,0.0,,0.0
2025-09-13 05:00:00,1.9,2.1,,1.7,,94.0,3.0,3.7,360.0,348.0,1007.7,0.0,0.0,,0.0
2025-09-13 06:00:00,1.8,1.9,5.3,1.7,1.7,95.0,3.5,4.2,3.0,360.0,1007.6,0.0,0.0,0.0,0.0
2025-09-13 07:00:00,1.6,1.7,,1.5,,97.0,3.6,5.3,6.0,358.0,1007.5,0.0,0.0,,0.0
2025-09-13 08:00:00,1.4,1.6,,1.3,,99.0,4.0,5.1,348.0,359.0,1007.1,0.0,0.0,,0.0
2025-09-13 09:00:00,1.6,1.7,,1.4,,99.0,4.6,6.3,360.0,1.0,1007.1,1.0,0.0,,0.0
2025-09-13 10:00:00,1.5,1.8,,1.4,,98.0,4.9,6.3,14.0,2.0,1007.2,41.0,0.0,,0.0
2025-09-13 11:00:00,1.9,2.0,,1.8,,96.0,4.3,5.4,349.0,359.0,1007.2,149.0,0.0,,0.0
2025-09-13 12:00:00,2.3,2.4,2.8,1.9,1.3,95.0,4.1,5.5,2.0,1.0,1007.1,259.0,0.0,0.0,0.0
2025-09-13 13:00:00,2.6,3.0,,2.3,,92.0,3.6,4.8,360.0,357.0,1007.1,361.0,0.0,,0.0
2025-09-13 14:00:00,3.3,3.7,,2.8,,88.0,3.0,3.8,5.0,1.0,1007.0,438.0,0.0,,0.0
2025-09-13 15:00:00,4.3,5.4,,3.8,,78.0,2.6,3.7,16.0,6.0,1007.0,485.0,0.0,,0.0
2025-09-13 16:00:00,5.9,6.5,,5.4,,65.0,2.6,4.2,3.0,8.0,1006.8,498.0,0.0,,0.0
2025-09-13 17:00:00,6.5,6.8,,6.2,,63.0,1.6,3.0,267.0,324.0,1006.8,478.0,0.0,,0.0
2025-09-13 18:00:00,6.6,6.9,6.9,6.2,1.3,65.0,2.1,3.3,264.0,262.0,1007.0,361.0,0.0,0.0,0.0
2025-09-13 19:00:00,6.6,6.9,,6.1,,63.0,3.3,5.8,267.0,272.0,1007.7,342.0,0.0,,0.0
2025-09-13 20:00:00,5.8,6.4,,5.4,,72.0,3.8,5.7,268.0,268.0,1007.9,239.0,0.0,,0.0
2025-09-13 21:00:00,5.4,5.7,,5.2,,73.0,3.0,4.4,262.0,265.0,1008.4,128.0,0.0,,0.0
2025-09-13 22:00:00,4.6,5.2,,3.9,,79.0,2.6,3.6,255.0,260.0,1008.9,33.0,0.0,,0.0
2025-09-13 23:00:00,3.4,3.9,,3.0,,89.0,2.8,3.7,238.0,249.0,1009.4,0.0,0.0,,0.0
2025-09-14 00:00:00,2.8,3.0,6.9,2.7,2.3,92.0,2.1,3.3,234.0,241.0,1009.8,0.0,0.0,0.0,0.0
2025-09-14 01:00:00,2.6,2.7,,2.4,,94.0,1.3,2.0,217.0,226.0,1010.2,0.0,0.0,,0.0
2025-09-14 02:00:00,2.5,2.7,,2.3,,95.0,1.4,2.3,192.0,199.0,1010.5,0.0,0.0,,0.0
2025-09-14 03:00:00,2.4,2.5,,2.2,,95.0,1.6,2.4,173.0,187.0,1010.7,0.0,0.0,,0.0
2025-09-14 04:00:00,2.2,2.3,,2.0,,96.0,2.3,3.5,173.0,174.0,1011.0,0.0,0.0,,0.0
2025-09-14 05:00:00,1.9,2.1,,1.9,,98.0,3.1,4.1,159.0,167.0,1011.1,0.0,0.0,,0.0
2025-09-14 06:00:00,1.9,1.9,6.9,1.8,1.8,99.0,3.3,4.5,159.0,157.0,1011.4,0.0,0.0,0.0,0.0
2025-09-14 07:00:00,2.0,2.1,,1.9,,100.0,2.3,3.9,192.0,167.0,1011.9,0.0,0.0,,100.0
2025-09-14 08:00:00,2.1,2.2,,2.0,,98.0,1.9,4.0,172.0,187.0,1012.0,0.0,0.0,,100.0
2025-09-14 09:00:00,2.2,2.3,,2.1,,92.0,1.9,4.2,187.0,182.0,1012.6,1.0,0.0,,100.0
2025-09-14 10:00:00,2.1,2.2,,2.0,,90.0,1.7,3.7,149.0,167.0,1012.9,12.0,0.0,,100.0
2025-09-14 11:00:00,2.0,2.2,,1.9,,89.0,1.4,2.8,232.0,213.0,1013.0,46.0,0.0,,100.0
2025-09-14 12:00:00,1.9,2.1,2.7,1.8,1.8,89.0,1.4,3.3,119.0,164.0,1013.2,87.0,0.0,0.0,100.0
2025-09-14 13:00:00,2.1,2.2,,1.9,,88.0,1.3,2.9,244.0,268.0,1013.3,113.0,0.0,,100.0
2025-09-14 14:00:00,2.4,2.6,,2.0,,86.0,0.9,2.7,324.0,135.0,1013.4,143.0,0.0,,100.0
2025-09-14 15:00:00,2.8,3.2,,2.4,,84.0,0.9,2.3,64.0,337.0,1013.2,205.0,0.0,,100.0
2025-09-14 16:00:00,3.2,3.4,,2.9,,82.0,0.9,2.6,273.0,266.0,1013.1,218.0,0.0,,100.0
2025-09-14 17:00:00,3.6,4.0,,3.2,,80.0,0.9,2.6,261.0,280.0,1012.9,252.0,0.0,,100.0
2025-09-14 18:00:00,3.7,4.2,4.2,3.4,1.8,80.0,1.2,2.8,270.0,263.0,1012.8,250.0,0.0,0.0,100.0
2025-09-14 19:00:00,4.0,4.4,,3.5,,79.0,1.6,2.9,252.0,243.0,1012.7,226.0,0.0,,100.0
2025-09-14 20:00:00,3.9,4.2,,3.7,,79.0,2.0,4.3,261.0,232.0,1012.3,124.0,0.0,,90.0
2025-09-14 21:00:00,3.5,3.8,,3.1,,81.0,3.4,5.2,286.0,273.0,1012.7,53.0,0.0,,100.0
2025-09-14 22:00:00,3.1,3.2,,3.0,,84.0,3.8,5.6,278.0,279.0,1012.4,12.0,0.0,,100.0
2025-09-14 23:00:00,2.8,3.0,,2.7,,84.0,4.2,6.3,291.0,286.0,1012.4,0.0,0.0,,100.0
2025-09-15 00:00:00,2.5,2.7,4.4,2.4,1.9,85.0,4.4,6.0,289.0,288.0,1012.3,0.0,0.0,0.0,100.0
2025-09-15 01:00:00,2.2,2.4,,2.1,,85.0,4.0,5.8,290.0,286.0,1012.3,0.0,0.0,,100.0
2025-09-15 02:00:00,2.1,2.1,,2.1,,86.0,3.0,4.2,295.0,290.0,1012.3,0.0,0.0,,100.0
2025-09-15 03:00:00,1.9,2.1,,1.9,,86.0,2.4,3.9,283.0,285.0,1012.2,0.0,0.0,,100.0
2025-09-15 04:00:00,1.8,1.9,,1.7,,88.0,1.4,3.0,238.0,252.0,1012.1,0.0,0.0,,100.0
2025-09-15 05:00:00,1.7,1.8,,1.6,,87.0,0.7,3.1,164.0,222.0,1012.3,0.0,0.0,,100.0
2025-09-15 06:00:00,1.8,1.8,4.4,1.7,1.6,86.0,0.4,2.2,275.0,264.0,1012.4,0.0,0.0,0.0,100.0
2025-09-15 07:00:00,1.8,1.9,,1.8,,86.0,0.7,2.0,238.0,239.0,1012.5,0.0,0.0,,100.0
2025-09-15 08:00:00,1.8,1.9,,1.5,,87.0,1.1,3.1,148.0,164.0,1012.6,0.0,0.0,,100.0
2025-09-15 09:00:00,1.6,1.6,,1.5,,87.0,1.1,3.4,177.0,192.0,1012.8,0.0,0.0,,100.0
2025-09-15 10:00:00,1.5,1.6,,1.4,,88.0,1.0,2.8,185.0,150.0,1013.0,5.0,0.0,,100.0
2025-09-15 11:00:00,1.5,1.6,,1.4,,89.0,0.9,2.5,22.0,115.0,1013.2,14.0,0.0,,100.0
2025-09-15 12:00:00,1.6,1.7,2.4,1.5,1.4,89.0,1.4,2.4,291.0,298.0,1013.2,55.0,0.0,0.0,100.0
2025-09-15 13:00:00,1.7,1.9,,1.6,,88.0,1.2,2.3,347.0,291.0,1013.6,90.0,0.0,,100.0
2025-09-15 14:00:00,1.8,1.9,,1.7,,88.0,1.3,2.2,256.0,274.0,1013.8,97.0,0.0,,100.0
2025-09-15 15:00:00,1.9,2.0,,1.8,,88.0,1.3,2.4,273.0,263.0,1014.0,105.0,0.0,,100.0
2025-09-15 16:00:00,1.9,2.0,,1.8,,87.0,1.3,2.2,298.0,283.0,1014.0,108.0,0.0,,100.0
2025-09-15 17:00:00,2.0,2.1,,1.9,,87.0,1.7,2.6,286.0,282.0,1014.1,111.0,0.0,,100.0
2025-09-15 18:00:00,2.1,2.2,2.2,2.0,1.4,86.0,1.7,2.7,263.0,273.0,1014.6,103.0,0.0,0.0,100.0
2025-09-15 19:00:00,2.3,2.5,,2.2,,86.0,1.4,2.9,294.0,315.0,1014.8,95.0,0.0,,100.0
2025-09-15 20:00:00,2.4,2.7,,2.3,,85.0,1.5,4.1,10.0,345.0,1015.2,91.0,0.0,,100.0
2025-09-15 21:00:00,2.4,2.6,,2.3,,84.0,1.4,3.1,330.0,333.0,1015.4,53.0,0.0,,100.0
2025-09-15 22:00:00,2.3,2.4,,2.1,,87.0,2.3,4.1,10.0,2.0,1015.7,8.0,0.0,,100.0
2025-09-15 23:00:00,1.9,2.2,,1.8,,88.0,2.6,5.1,15.0,352.0,1016.1,0.0,0.0,,100.0
2025-09-16 00:00:00,1.8,1.9,2.7,1.7,1.6,90.0,2.5,4.6,333.0,337.0,1016.2,0.0,0.0,0.0,100.0
2025-09-16 01:00:00,1.8,1.8,,1.7,,92.0,2.9,5.0,341.0,341.0,1016.3,0.0,0.0,,100.0
2025-09-16 02:00:00,1.7,1.8,,1.7,,93.0,3.1,4.4,334.0,341.0,1016.4,0.0,0.0,,100.0
2025-09-16 03:00:00,1.6,1.7,,1.6,,93.0,2.8,4.5,338.0,341.0,1016.3,0.0,0.0,,100.0
2025-09-16 04:00:00,1.7,1.8,,1.6,,94.0,3.4,5.8,339.0,343.0,1016.2,0.0,0.0,,100.0
2025-09-16 05:00:00,1.5,1.6,,1.3,,94.0,4.2,6.2,340.0,340.0,1015.8,0.0,0.0,,100.0
2025-09-16 06:00:00,1.2,1.3,2.7,1.0,1.0,97.0,4.1,5.9,341.0,342.0,1015.8,0.0,0.0,0.0,100.0
2025-09-16 07:00:00,1.0,1.1,,0.9,,98.0,5.3,7.3,342.0,342.0,1015.7,0.0,0.0,,100.0
2025-09-16 08:00:00,0.8,0.9,,0.6,,100.0,6.0,8.0,341.0,342.0,1015.7,0.0,0.0,,100.0
2025-09-16 09:00:00,0.6,0.7,,0.6,,100.0,5.9,8.0,343.0,341.0,1015.6,0.0,0.0,,
2025-09-16 10:00:00,0.7,0.8,,0.6,,100.0,5.8,8.1,352.0,347.0,1015.3,13.0,0.0,,
2025-09-16 11:00:00,0.7,0.9,,0.5,,100.0,6.5,9.5,343.0,347.0,1014.7,50.0,0.0,,
2025-09-16 12:00:00,0.6,0.8,1.8,0.3,0.3,100.0,7.0,9.4,336.0,343.0,1014.7,99.0,0.0,0.0,
2025-09-16 13:00:00,0.4,0.7,,0.2,,100.0,7.2,9.7,342.0,341.0,1014.6,151.0,0.0,,
2025-09-16 14:00:00,0.6,0.8,,0.4,,100.0,7.3,9.3,359.0,351.0,1014.0,277.0,0.0,,
2025-09-16 15:00:00,1.1,1.5,,0.6,,100.0,6.8,8.6,359.0,360.0,1013.5,302.0,0.0,,
2025-09-16 16:00:00,1.8,2.5,,1.5,,99.0,5.0,8.0,359.0,359.0,1013.5,427.0,0.0,,0.0
2025-09-16 17:00:00,3.8,4.7,,2.5,,91.0,2.9,4.4,344.0,359.0,1012.9,452.0,0.0,,0.0
2025-09-16 18:00:00,4.9,5.4,5.4,4.4,0.2,84.0,2.7,4.3,327.0,338.0,1013.2,346.0,0.0,0.0,0.0
2025-09-16 19:00:00,5.5,5.7,,5.2,,81.0,2.9,4.3,325.0,328.0,1013.8,316.0,0.0,,0.0
2025-09-16 20:00:00,5.4,5.7,,5.1,,82.0,3.7,6.6,315.0,318.0,1013.8,214.0,0.0,,0.0
2025-09-16 21:00:00,4.7,5.1,,4.2,,86.0,4.6,6.5,314.0,318.0,1013.9,105.0,0.0,,0.0
2025-09-16 22:00:00,3.8,4.3,,3.4,,91.0,5.1,6.6,314.0,319.0,1013.9,19.0,0.0,,0.0
2025-09-16 23:00:00,3.0,3.4,,2.9,,94.0,4.9,6.4,326.0,318.0,1014.3,0.0,0.0,,0.0
2025-09-17 00:00:00,2.9,3.2,5.7,2.8,0.2,96.0,5.5,6.8,338.0,330.0,1014.7,0.0,0.0,0.0,0.0
2025-09-17 01:00:00,2.9,3.2,,2.5,,96.0,5.9,8.1,342.0,339.0,1014.9,0.0,0.1,,0.0
2025-09-17 02:00:00,2.9,3.1,,2.6,,96.0,4.9,7.2,358.0,347.0,1014.8,0.0,0.0,,0.0
2025-09-17 03:00:00,2.6,3.0,,2.4,,97.0,4.6,6.1,341.0,354.0,1015.0,0.0,0.0,,0.0
2025-09-17 04:00:00,2.6,2.8,,2.2,,97.0,4.1,5.6,332.0,342.0,1015.1,0.0,0.0,,0.0
2025-09-17 05:00:00,2.5,2.9,,2.2,,96.0,3.7,4.8,337.0,342.0,1015.4,0.0,0.0,,0.0
2025-09-17 06:00:00,2.4,2.6,5.7,2.1,2.1,94.0,4.2,5.5,346.0,333.0,1015.8,0.0,0.0,0.0,0.0
2025-09-17 07:00:00,2.3,2.5,,2.1,,91.0,3.7,5.4,333.0,339.0,1015.9,0.0,0.0,,0.0
2025-09-17 08:00:00,1.9,2.5,,1.6,,94.0,3.7,5.9,356.0,353.0,1016.3,0.0,0.0,,0.0
2025-09-17 09:00:00,1.7,1.9,,1.5,,97.0,3.3,4.8,347.0,358.0,1016.6,0.0,0.0,,0.0
2025-09-17 10:00:00,1.7,1.9,,1.6,,99.0,3.1,4.3,2.0,351.0,1016.7,24.0,0.0,,0.0
2025-09-17 11:00:00,2.1,2.4,,1.9,,97.0,2.8,4.6,333.0,353.0,1017.1,127.0,0.0,,0.0
2025-09-17 12:00:00,3.9,5.9,5.9,2.3,1.5,87.0,1.2,3.2,67.0,347.0,1017.6,234.0,0.0,0.0,0.0
2025-09-17 13:00:00,6.8,7.3,,5.8,,71.0,1.5,3.1,178.0,145.0,1018.0,333.0,0.0,,0.0
2025-09-17 14:00:00,7.7,8.8,,6.4,,67.0,1.4,3.2,215.0,181.0,1018.5,407.0,0.0,,0.0
2025-09-17 15:00:00,8.0,8.6,,7.6,,66.0,2.3,5.1,159.0,162.0,1018.6,450.0,0.0,,0.0
2025-09-17 16:00:00,7.5,8.0,,6.9,,70.0,4.9,8.7,163.0,162.0,1018.7,464.0,0.0,,0.0
2025-09-17 17:00:00,6.8,7.8,,6.0,,73.0,5.7,10.3,161.0,171.0,1018.2,424.0,0.0,,10.0
2025-09-17 18:00:00,6.1,7.5,8.8,5.5,1.5,76.0,6.1,9.5,170.0,162.0,1018.9,200.0,0.0,0.0,50.0
2025-09-17 19:00:00,5.7,6.6,,4.8,,78.0,6.0,9.8,173.0,179.0,1019.6,171.0,0.0,,100.0
2025-09-17 20:00:00,3.5,5.1,,2.6,,91.0,5.9,8.9,200.0,206.0,1020.3,92.0,0.0,,90.0
2025-09-17 21:00:00,2.2,3.0,,1.8,,97.0,4.2,6.1,168.0,170.0,1020.1,49.0,0.0,,100.0
2025-09-17 22:00:00,3.0,3.5,,2.3,,94.0,3.6,5.9,166.0,166.0,1020.2,6.0,0.0,,100.0
2025-09-17 23:00:00,3.9,5.1,,3.2,,88.0,3.4,5.1,171.0,171.0,1020.1,0.0,0.0,,100.0
2025-09-18 00:00:00,5.6,6.6,8.8,5.0,1.8,77.0,3.2,6.1,183.0,156.0,1020.2,0.0,0.0,0.0,100.0
2025-09-18 01:00:00,4.9,6.1,,4.3,,83.0,4.9,9.8,165.0,181.0,1020.2,0.0,0.0,,100.0
2025-09-18 02:00:00,5.2,5.6,,4.9,,80.0,6.5,9.9,147.0,152.0,1020.3,0.0,0.0,,100.0
2025-09-18 03:00:00,4.9,5.1,,4.3,,83.0,7.9,14.0,146.0,142.0,1020.0,0.0,0.0,,100.0
2025-09-18 04:00:00,3.7,4.3,,3.3,,94.0,10.3,15.5,148.0,149.0,1020.1,0.0,0.0,,100.0
2025-09-18 05:00:00,3.0,3.3,,2.7,,97.0,10.4,15.5,151.0,149.0,1020.2,0.0,0.0,,100.0
2025-09-18 06:00:00,2.6,2.7,6.6,2.6,1.8,96.0,9.5,14.7,147.0,151.0,1020.2,0.0,0.0,0.0,100.0
2025-09-18 07:00:00,2.9,3.3,,2.8,,96.0,7.9,10.9,151.0,152.0,1020.1,0.0,0.0,,100.0
2025-09-18 08:00:00,4.9,6.3,,3.4,,82.0,6.8,9.8,136.0,144.0,1019.9,0.0,0.0,,100.0
2025-09-18 09:00:00,5.1,6.5,,3.5,,82.0,3.0,5.3,356.0,34.0,1019.6,0.0,0.0,,100.0
2025-09-18 10:00:00,3.9,4.2,,3.7,,90.0,5.1,7.8,357.0,1.0,1018.9,18.0,0.0,,100.0
2025-09-18 11:00:00,4.2,4.4,,4.0,,87.0,6.3,8.8,356.0,357.0,1018.6,62.0,0.0,,100.0
2025-09-18 12:00:00,4.4,4.7,6.5,3.8,2.6,86.0,6.6,9.1,1.0,2.0,1018.1,86.0,0.0,0.0,100.0
2025-09-18 13:00:00,5.1,6.0,,4.6,,82.0,6.2,8.7,18.0,6.0,1017.7,100.0,0.0,,100.0
2025-09-18 14:00:00,5.4,6.0,,4.9,,81.0,6.6,9.9,2.0,9.0,1017.3,119.0,0.0,,100.0
2025-09-18 15:00:00,5.7,6.9,,4.7,,80.0,2.9,7.2,31.0,15.0,1017.1,142.0,0.0,,100.0
2025-09-18 16:00:00,6.8,7.5,,5.9,,73.0,2.4,4.6,14.0,17.0,1016.4,200.0,0.0,,75.0
2025-09-18 17:00:00,7.4,8.4,,6.1,,69.0,3.4,7.3,150.0,143.0,1016.2,241.0,0.0,,75.0
2025-09-18 18:00:00,6.8,7.1,8.4,6.5,2.8,73.0,5.6,10.3,146.0,155.0,1015.4,213.0,0.0,0.0,100.0
2025-09-18 19:00:00,6.4,6.6,,6.3,,75.0,3.2,5.8,177.0,157.0,1015.1,123.0,0.0,,100.0
2025-09-18 20:00:00,6.2,6.6,,5.8,,77.0,0.8,3.4,0.0,189.0,1014.5,82.0,0.0,,90.0
2025-09-18 21:00:00,4.9,5.8,,4.6,,84.0,2.5,4.5,335.0,338.0,1013.9,42.0,0.0,,0.0
2025-09-18 22:00:00,5.1,6.4,,4.4,,82.0,5.8,9.0,15.0,4.0,1012.6,5.0,0.0,,75.0
2025-09-18 23:00:00,5.5,6.0,,5.1,,79.0,6.6,9.9,20.0,19.0,1012.3,0.0,0.0,,100.0
2025-09-19 00:00:00,5.9,6.4,8.4,5.2,4.4,76.0,2.1,5.5,180.0,151.0,1012.3,0.0,0.0,0.0,90.0
2025-09-19 01:00:00,6.1,6.6,,5.9,,74.0,0.8,2.5,306.0,43.0,1011.9,0.0,0.0,,100.0
2025-09-19 02:00:00,5.9,6.2,,5.6,,76.0,1.1,3.3,160.0,160.0,1011.6,0.0,0.0,,100.0
2025-09-19 03:00:00,5.8,6.1,,5.4,,76.0,1.5,3.0,56.0,139.0,1011.0,0.0,0.0,,100.0
2025-09-19 04:00:00,5.9,6.5,,5.4,,75.0,3.3,6.6,3.0,6.0,1009.6,0.0,0.0,,100.0
2025-09-19 05:00:00,6.2,6.9,,5.3,,70.0,6.0,9.7,10.0,7.0,1008.7,0.0,0.0,,100.0
2025-09-19 06:00:00,6.8,7.3,7.3,6.4,4.4,65.0,4.3,10.1,165.0,22.0,1009.2,0.0,0.0,0.0,100.0
2025-09-19 07:00:00,6.7,7.1,,6.3,,67.0,2.9,5.4,149.0,145.0,1009.3,0.0,0.0,,100.0
2025-09-19 08:00:00,7.0,7.4,,6.8,,63.0,2.0,4.2,183.0,159.0,1009.3,0.0,0.0,,100.0
2025-09-19 09:00:00,7.4,7.8,,6.9,,57.0,1.2,2.7,159.0,159.0,1009.3,0.0,0.0,,100.0
2025-09-19 10:00:00,7.6,7.7,,7.1,,55.0,0.8,2.6,11.0,157.0,1009.1,2.0,0.0,,100.0
2025-09-19 11:00:00,7.1,8.0,,6.4,,60.0,2.7,5.8,1.0,26.0,1009.3,6.0,0.0,,100.0
2025-09-19 12:00:00,7.8,9.4,9.4,6.1,5.3,61.0,5.3,11.8,47.0,36.0,1008.7,20.0,0.0,0.0,100.0
2025-09-19 13:00:00,8.8,9.8,,8.2,,59.0,5.6,13.8,37.0,41.0,1008.7,58.0,0.0,,100.0
2025-09-19 14:00:00,8.4,8.7,,8.1,,66.0,6.5,10.0,42.0,39.0,1008.8,68.0,0.0,,100.0
2025-09-19 15:00:00,8.1,8.6,,7.6,,71.0,4.7,9.5,48.0,42.0,1008.7,50.0,0.4,,100.0
2025-09-19 16:00:00,8.3,8.7,,8.0,,70.0,4.4,7.2,56.0,55.0,1008.7,45.0,0.6,,100.0
2025-09-19 17:00:00,7.9,8.4,,7.6,,76.0,2.9,5.4,33.0,39.0,1008.5,66.0,0.4,,100.0
2025-09-19 18:00:00,7.2,7.9,9.8,6.1,6.1,79.0,3.5,5.4,359.0,18.0,1008.6,55.0,0.2,1.5,100.0
2025-09-19 19:00:00,6.1,6.8,,5.6,,84.0,3.9,5.1,33.0,10.0,1008.7,32.0,0.2,,100.0
2025-09-19 20:00:00,7.5,8.5,,6.8,,76.0,3.3,6.1,48.0,38.0,1008.9,25.0,0.0,,100.0
2025-09-19 21:00:00,7.8,8.2,,7.1,,77.0,2.1,4.8,135.0,44.0,1009.3,10.0,0.2,,100.0
2025-09-19 22:00:00,6.6,7.3,,5.5,,85.0,2.0,3.8,210.0,207.0,1009.7,1.0,0.3,,100.0
2025-09-19 23:00:00,5.4,5.9,,5.1,,94.0,1.8,3.7,206.0,217.0,1009.5,0.0,0.3,,100.0
2025-09-20 00:00:00,5.7,6.1,9.8,5.5,5.1,91.0,0.6,1.2,256.0,260.0,1009.7,0.0,0.1,2.6,100.0
2025-09-20 01:00:00,6.0,6.6,,5.4,,89.0,1.0,2.0,213.0,218.0,1009.9,0.0,0.0,,100.0
2025-09-20 02:00:00,5.4,6.1,,5.0,,93.0,0.7,1.5,292.0,259.0,1009.5,0.0,0.2,,100.0
2025-09-20 03:00:00,6.1,6.5,,5.9,,87.0,2.8,5.1,13.0,358.0,1009.0,0.0,0.1,,100.0
2025-09-20 04:00:00,7.4,8.2,,5.8,,75.0,4.4,8.0,42.0,37.0,1008.6,0.0,0.0,,100.0
2025-09-20 05:00:00,7.9,8.1,,7.7,,74.0,7.0,12.6,56.0,54.0,1008.4,0.0,0.0,,100.0
2025-09-20 06:00:00,7.2,7.9,8.5,6.5,5.0,81.0,8.1,14.5,35.0,46.0,1008.2,0.0,0.5,3.4,100.0
2025-09-20 07:00:00,6.5,6.6,,6.3,,87.0,7.9,11.9,25.0,23.0,1007.1,0.0,0.8,,100.0
2025-09-20 08:00:00,6.1,6.3,,6.0,,91.0,8.9,12.3,22.0,20.0,1006.5,0.0,0.9,,100.0
2025-09-20 09:00:00,6.2,6.4,,6.0,,90.0,9.0,12.9,23.0,25.0,1005.9,0.0,1.4,,100.0
2025-09-20 10:00:00,5.7,6.5,,5.2,,93.0,8.4,11.5,18.0,12.0,1005.1,1.0,0.4,,100.0
2025-09-20 11:00:00,5.8,6.3,,5.3,,92.0,7.1,10.4,9.0,12.0,1004.6,6.0,1.9,,100.0
2025-09-20 12:00:00,5.7,6.0,8.2,5.3,5.0,93.0,7.3,9.7,7.0,12.0,1004.0,24.0,1.5,10.3,100.0
2025-09-20 13:00:00,5.6,6.2,,5.0,,94.0,8.1,11.1,19.0,12.0,1003.2,31.0,1.8,,100.0
2025-09-20 14:00:00,6.2,6.8,,5.6,,91.0,8.4,13.2,1.0,9.0,1002.3,52.0,0.8,,100.0
2025-09-20 15:00:00,6.9,7.7,,6.2,,89.0,9.3,12.8,6.0,17.0,1001.0,75.0,0.2,,100.0
2025-09-20 16:00:00,6.2,7.0,,5.8,,93.0,8.9,11.7,17.0,5.0,1000.0,57.0,0.0,,100.0
2025-09-20 17:00:00,6.7,7.9,,6.1,,92.0,10.0,12.8,20.0,14.0,999.4,64.0,0.3,,100.0
2025-09-20 18:00:00,7.2,8.0,8.0,5.8,5.0,88.0,8.6,12.1,8.0,14.0,999.0,42.0,0.0,11.8,100.0
2025-09-20 19:00:00,7.3,7.9,,6.6,,88.0,9.0,12.3,12.0,13.0,999.1,28.0,0.6,,100.0
2025-09-20 20:00:00,7.3,8.2,,6.8,,89.0,8.4,11.2,13.0,15.0,998.9,11.0,0.9,,100.0
2025-09-20 21:00:00,8.1,10.0,,7.1,,87.0,8.3,12.9,13.0,21.0,999.2,5.0,0.4,,100.0
2025-09-20 22:00:00,8.4,9.5,,7.3,,87.0,9.0,12.7,14.0,18.0,999.1,0.0,0.7,,100.0
2025-09-20 23:00:00,8.5,10.3,,6.8,,86.0,5.6,9.3,3.0,18.0,999.5,0.0,0.0,,100.0
2025-09-21 00:00:00,8.5,9.4,10.3,7.0,5.0,86.0,7.9,12.1,6.0,13.0,999.5,0.0,0.0,13.3,100.0
2025-09-21 01:00:00,10.2,11.3,,7.0,,78.0,7.7,11.8,31.0,26.0,1000.0,0.0,0.0,,100.0
2025-09-21 02:00:00,9.8,10.7,,8.3,,80.0,9.2,13.3,8.0,25.0,999.4,0.0,0.2,,100.0
2025-09-21 03:00:00,8.5,9.6,,7.5,,88.0,8.2,12.5,20.0,15.0,999.6,0.0,0.0,,100.0
2025-09-21 05:00:00,7.0,8.0,,6.2,,94.0,5.2,8.5,162.0,153.0,999.1,0.0,0.0,,75.0
2025-09-21 06:00:00,6.7,7.2,11.3,6.1,6.1,95.0,0.8,3.0,281.0,199.0,998.8,0.0,0.0,12.7,100.0
2025-09-21 07:00:00,6.7,7.1,,6.4,,97.0,2.7,4.3,356.0,324.0,998.4,0.0,0.0,,
2025-09-21 08:00:00,6.3,6.5,,5.9,,100.0,4.0,6.2,348.0,359.0,997.7,0.0,0.0,,
2025-09-21 09:00:00,6.1,6.3,,5.7,,100.0,4.8,6.5,355.0,357.0,996.7,0.0,0.1,,90.0
2025-09-21 10:00:00,5.6,6.1,,5.3,,100.0,4.5,6.1,341.0,351.0,996.2,4.0,0.0,,100.0
2025-09-21 11:00:00,5.7,6.6,,5.0,,100.0,3.4,5.3,14.0,356.0,995.7,34.0,0.0,,100.0
2025-09-21 12:00:00,6.4,6.7,11.3,5.7,5.0,99.0,3.7,6.5,32.0,20.0,995.0,95.0,0.0,5.9,100.0
2025-09-21 13:00:00,6.1,6.8,,5.6,,99.0,2.7,4.4,11.0,5.0,995.1,155.0,0.0,,100.0
2025-09-21 14:00:00,6.5,7.7,,6.0,,96.0,4.7,8.4,22.0,9.0,994.4,244.0,0.0,,100.0
2025-09-21 15:00:00,7.6,10.6,,6.9,,85.0,6.0,8.1,11.0,14.0,994.2,425.0,0.0,,100.0
2025-09-21 16:00:00,8.2,9.9,,7.1,,77.0,5.9,8.9,9.0,11.0,993.7,234.0,0.0,,100.0
2025-09-21 17:00:00,10.4,12.6,,8.1,,61.0,4.8,7.9,21.0,18.0,993.9,283.0,0.0,,50.0
2025-09-21 18:00:00,12.0,14.6,14.6,10.4,5.0,53.0,1.8,4.4,105.0,36.0,993.9,203.0,0.0,2.8,100.0
2025-09-21 19:00:00,14.6,15.1,,13.8,,44.0,1.6,4.0,149.0,162.0,994.4,215.0,0.0,,90.0
2025-09-21 20:00:00,12.8,14.6,,11.9,,48.0,3.1,5.5,142.0,162.0,995.4,168.0,0.0,,100.0
2025-09-21 21:00:00,11.2,13.7,,7.1,,58.0,9.8,23.9,139.0,142.0,996.8,56.0,0.1,,100.0
2025-09-21 22:00:00,6.7,7.1,,6.3,,78.0,15.6,23.1,144.0,141.0,998.2,8.0,0.0,,10.0
2025-09-21 23:00:00,5.2,6.8,,4.6,,84.0,16.7,23.1,147.0,149.0,998.8,0.0,0.0,,60.0
2025-09-22 00:00:00,4.7,4.8,15.1,4.6,4.6,87.0,15.4,21.3,149.0,146.0,999.7,0.0,0.0,0.2,100.0
2025-09-22 01:00:00,4.8,4.9,,4.8,,84.0,13.4,18.6,150.0,149.0,1000.7,0.0,0.0,,100.0
2025-09-22 02:00:00,4.8,4.8,,4.7,,83.0,11.9,16.4,148.0,149.0,1001.3,0.0,0.0,,100.0
2025-09-22 03:00:00,5.0,5.1,,4.8,,80.0,10.6,14.8,147.0,146.0,1002.4,0.0,0.0,,100.0
2025-09-22 04:00:00,5.1,5.3,,5.0,,79.0,10.6,14.5,151.0,149.0,1002.5,0.0,0.0,,100.0
2025-09-22 05:00:00,5.0,5.0,,4.9,,81.0,9.0,12.3,150.0,151.0,1003.5,0.0,0.0,,100.0
2025-09-22 06:00:00,4.9,5.1,15.1,4.5,4.5,82.0,7.9,12.1,143.0,147.0,1004.1,0.0,0.0,0.1,100.0
2025-09-22 07:00:00,4.5,4.6,,4.4,,86.0,5.5,8.8,140.0,142.0,1004.5,0.0,0.1,,100.0
2025-09-22 08:00:00,4.8,4.9,,4.6,,82.0,5.1,7.7,151.0,147.0,1004.4,0.0,0.0,,100.0
2025-09-22 09:00:00,4.9,4.9,,4.8,,80.0,5.2,8.1,141.0,143.0,1004.9,0.0,0.0,,100.0
2025-09-22 10:00:00,4.6,4.9,,4.3,,83.0,3.7,6.1,151.0,152.0,1005.6,13.0,0.0,,0.0
2025-09-22 11:00:00,4.3,4.5,,4.1,,87.0,1.2,3.7,347.0,151.0,1006.4,55.0,0.0,,100.0
2025-09-22 12:00:00,4.6,4.8,5.3,4.4,4.1,84.0,0.4,1.5,0.0,2.0,1006.1,81.0,0.0,0.1,100.0
2025-09-22 13:00:00,4.8,5.2,,4.6,,83.0,0.9,1.9,354.0,344.0,1006.6,133.0,0.0,,100.0
2025-09-22 14:00:00,4.8,5.4,,4.4,,85.0,1.2,2.2,51.0,30.0,1006.7,153.0,0.0,,100.0
2025-09-22 15:00:00,5.4,5.8,,5.1,,81.0,0.7,1.6,261.0,314.0,1006.5,213.0,0.0,,100.0
2025-09-22 16:00:00,5.6,6.1,,5.4,,78.0,1.3,2.7,250.0,263.0,1006.4,445.0,0.0,,100.0
2025-09-22 17:00:00,6.2,6.9,,5.6,,75.0,1.8,3.4,242.0,246.0,1006.6,439.0,0.0,,100.0
2025-09-22 18:00:00,5.8,6.6,6.9,5.2,4.1,77.0,2.0,3.4,191.0,203.0,1006.4,212.0,0.0,0.1,100.0
2025-09-22 19:00:00,5.8,6.3,,5.5,,74.0,1.5,3.9,234.0,206.0,1006.4,157.0,0.0,,100.0
2025-09-22 20:00:00,6.3,6.9,,5.9,,71.0,0.9,2.1,262.0,263.0,1006.3,155.0,0.0,,100.0
2025-09-22 21:00:00,5.6,6.6,,5.1,,81.0,3.0,6.0,272.0,266.0,1006.4,102.0,0.0,,100.0
2025-09-22 22:00:00,5.0,5.3,,4.6,,83.0,3.1,5.3,309.0,309.0,1006.6,8.0,0.0,,100.0
2025-09-22 23:00:00,4.6,4.8,,4.4,,88.0,3.1,4.9,358.0,337.0,1006.4,0.0,0.0,,100.0
2025-09-23 00:00:00,4.2,4.6,6.9,4.0,4.0,89.0,3.3,5.4,356.0,353.0,1006.4,0.0,0.0,0.0,100.0
2025-09-23 01:00:00,4.1,4.3,,3.9,,89.0,2.5,3.9,332.0,356.0,1006.1,0.0,0.0,,60.0
2025-09-23 02:00:00,3.6,3.9,,3.4,,92.0,2.5,5.1,16.0,353.0,1006.1,0.0,0.0,,100.0
2025-09-23 03:00:00,3.6,3.8,,3.4,,92.0,4.1,6.1,342.0,360.0,1005.3,0.0,0.0,,100.0
2025-09-23 04:00:00,3.5,3.7,,3.3,,91.0,4.0,5.8,4.0,353.0,1005.2,0.0,0.0,,60.0
2025-09-23 05:00:00,3.5,3.5,,3.4,,90.0,3.6,5.5,358.0,7.0,1004.9,0.0,0.0,,100.0
2025-09-23 06:00:00,3.3,3.5,6.9,3.1,3.1,91.0,3.8,6.1,331.0,349.0,1004.6,0.0,0.0,0.0,100.0
2025-09-23 07:00:00,3.0,3.1,,3.0,,95.0,2.8,4.9,353.0,346.0,1004.4,0.0,0.0,,100.0
2025-09-23 08:00:00,3.1,3.1,,3.0,,96.0,3.7,5.3,317.0,326.0,1004.1,0.0,0.0,,100.0
2025-09-23 09:00:00,3.0,3.0,,2.9,,97.0,3.7,5.0,327.0,325.0,1004.0,0.0,0.0,,100.0
2025-09-23 10:00:00,2.9,2.9,,2.8,,99.0,2.6,4.1,342.0,338.0,1003.8,6.0,0.1,,
2025-09-23 11:00:00,2.9,3.0,,2.8,,100.0,3.8,5.3,338.0,336.0,1003.4,25.0,0.2,,100.0
2025-09-23 12:00:00,3.0,3.1,4.3,2.8,2.8,100.0,2.5,4.6,359.0,347.0,1003.5,30.0,0.1,0.3,100.0
2025-09-23 13:00:00,3.1,3.2,,3.0,,100.0,2.5,4.0,328.0,323.0,1003.1,54.0,0.0,,100.0
2025-09-23 14:00:00,3.3,3.4,,3.2,,99.0,2.9,5.1,321.0,322.0,1002.9,84.0,0.0,,100.0
2025-09-23 15:00:00,3.3,3.4,,3.1,,99.0,3.8,6.0,300.0,311.0,1002.6,105.0,0.0,,100.0
2025-09-23 16:00:00,3.2,3.4,,3.1,,99.0,3.3,4.8,331.0,304.0,1002.3,140.0,0.0,,100.0
2025-09-23 17:00:00,3.7,4.0,,3.4,,97.0,2.0,3.1,299.0,330.0,1002.4,152.0,0.0,,100.0
2025-09-23 18:00:00,4.1,4.4,4.4,3.8,2.8,94.0,1.2,4.8,260.0,291.0,1002.3,128.0,0.0,0.4,100.0
2025-09-23 19:00:00,3.8,3.9,,3.7,,97.0,2.9,4.9,273.0,271.0,1002.5,64.0,0.0,,100.0
2025-09-23 20:00:00,4.2,4.6,,3.8,,95.0,1.8,3.2,14.0,311.0,1003.0,85.0,0.0,,100.0
2025-09-23 21:00:00,4.5,4.7,,4.2,,91.0,3.1,5.1,360.0,14.0,1003.5,75.0,0.0,,10.0
2025-09-23 22:00:00,4.1,4.4,,3.9,,92.0,2.7,5.3,133.0,25.0,1004.1,4.0,0.0,,0.0
2025-09-23 23:00:00,3.0,3.8,,2.0,,97.0,3.7,6.3,180.0,163.0,1004.8,0.0,0.0,,
2025-09-24 00:00:00,2.3,2.6,4.7,1.8,1.8,100.0,5.3,8.5,156.0,167.0,1005.7,0.0,0.0,0.4,100.0
2025-09-24 01:00:00,2.2,2.3,,2.1,,100.0,4.5,6.8,165.0,162.0,1006.3,0.0,0.0,,0.0
2025-09-24 02:00:00,2.2,2.4,,2.1,,100.0,3.1,5.0,170.0,197.0,1006.8,0.0,0.0,,25.0
2025-09-24 03:00:00,2.2,2.3,,2.1,,100.0,2.9,4.5,206.0,173.0,1007.2,0.0,0.0,,90.0
2025-09-24 04:00:00,2.4,2.5,,2.3,,99.0,1.9,3.3,115.0,138.0,1007.5,0.0,0.0,,100.0
2025-09-24 05:00:00,2.4,2.5,,1.9,,98.0,1.7,3.0,14.0,76.0,1007.8,0.0,0.0,,0.0
2025-09-24 06:00:00,1.8,1.9,4.7,1.7,1.7,99.0,1.8,3.4,350.0,359.0,1007.9,0.0,0.0,0.4,100.0
2025-09-24 07:00:00,1.6,1.8,,1.3,,100.0,2.2,4.1,27.0,17.0,1008.5,0.0,0.0,,
2025-09-24 08:00:00,1.3,1.4,,1.1,,100.0,1.6,3.0,28.0,32.0,1008.8,0.0,0.0,,60.0
2025-09-24 09:00:00,1.0,1.7,,0.8,,100.0,2.0,3.9,18.0,359.0,1009.1,0.0,0.0,,100.0
2025-09-24 10:00:00,1.2,1.7,,1.0,,100.0,2.1,3.8,105.0,35.0,1009.0,5.0,0.0,,100.0
2025-09-24 11:00:00,1.4,1.7,,1.1,,100.0,1.0,2.1,211.0,167.0,1009.2,46.0,0.0,,
2025-09-24 12:00:00,1.1,1.4,2.5,0.9,0.8,100.0,0.5,2.2,261.0,265.0,1009.5,85.0,0.0,0.0,
2025-09-24 13:00:00,1.0,1.3,,0.7,,100.0,1.1,2.7,23.0,331.0,1009.3,181.0,0.0,,
2025-09-24 14:00:00,1.6,2.1,,1.0,,99.0,0.5,1.5,137.0,31.0,1009.0,264.0,0.0,,90.0
2025-09-24 15:00:00,1.3,2.1,,0.9,,99.0,1.4,3.4,203.0,222.0,1008.9,287.0,0.0,,
2025-09-24 16:00:00,1.6,2.0,,1.1,,100.0,2.3,3.8,157.0,149.0,1008.4,309.0,0.0,,90.0
2025-09-24 17:00:00,2.4,3.1,,1.7,,99.0,2.5,4.2,181.0,176.0,1007.9,379.0,0.0,,60.0
2025-09-24 18:00:00,2.5,2.9,3.1,2.2,0.7,97.0,3.8,5.9,173.0,165.0,1007.7,293.0,0.0,0.0,0.0
2025-09-24 19:00:00,2.3,2.8,,1.8,,96.0,4.3,5.9,174.0,175.0,1007.6,234.0,0.0,,
2025-09-24 20:00:00,1.8,2.2,,1.5,,97.0,4.4,6.5,136.0,152.0,1007.1,107.0,0.0,,50.0
2025-09-24 21:00:00,1.8,2.3,,1.4,,95.0,5.3,7.6,152.0,155.0,1007.0,39.0,0.0,,0.0
2025-09-24 22:00:00,1.2,2.3,,0.4,,97.0,5.4,7.7,179.0,186.0,1006.9,2.0,0.0,,40.0
2025-09-24 23:00:00,0.3,0.6,,0.0,,100.0,5.4,8.2,156.0,158.0,1006.3,0.0,0.0,,
2025-09-25 00:00:00,0.0,0.1,3.1,-0.1,-0.1,100.0,6.4,9.2,148.0,159.0,1005.9,0.0,0.0,0.0,90.0
2025-09-25 01:00:00,0.0,0.1,,-0.1,,100.0,7.5,10.5,155.0,155.0,1005.3,0.0,0.0,,40.0
2025-09-25 02:00:00,0.1,0.2,,-0.1,,100.0,7.2,9.9,153.0,153.0,1004.1,0.0,0.0,,90.0
2025-09-25 03:00:00,0.1,0.2,,0.1,,100.0,8.1,11.7,154.0,157.0,1002.7,0.0,0.0,,100.0
2025-09-25 04:00:00,0.3,0.4,,0.3,,99.0,7.4,10.8,143.0,148.0,1001.9,0.0,0.0,,100.0
2025-09-25 05:00:00,0.4,0.6,,0.3,,98.0,8.3,13.4,151.0,152.0,1000.4,0.0,0.0,,100.0
2025-09-25 06:00:00,0.7,0.8,2.8,0.6,-0.1,96.0,9.0,13.0,161.0,150.0,999.7,0.0,0.0,0.0,100.0
2025-09-25 07:00:00,0.8,0.9,,0.6,,93.0,10.1,14.9,149.0,150.0,998.4,0.0,0.0,,100.0
2025-09-25 08:00:00,0.9,1.1,,0.8,,92.0,10.3,14.0,151.0,150.0,997.2,0.0,0.0,,100.0
2025-09-25 09:00:00,2.1,3.1,,1.1,,80.0,11.2,17.4,138.0,143.0,995.4,0.0,0.0,,100.0
2025-09-25 10:00:00,2.9,3.2,,2.5,,71.0,10.9,17.2,135.0,138.0,995.0,0.0,0.0,,100.0
2025-09-25 11:00:00,2.1,2.4,,1.6,,82.0,11.9,20.0,138.0,139.0,994.1,6.0,0.3,,100.0
2025-09-25 12:00:00,1.5,1.9,3.2,1.2,-0.1,90.0,13.7,20.5,136.0,134.0,993.1,25.0,1.2,1.4,100.0
2025-09-25 13:00:00,2.7,3.0,,2.1,,85.0,14.9,22.3,133.0,135.0,991.9,62.0,1.0,,100.0
2025-09-25 14:00:00,2.9,3.0,,2.8,,87.0,15.0,23.0,138.0,138.0,990.8,57.0,0.4,,100.0
2025-09-25 15:00:00,3.2,3.4,,3.0,,86.0,17.1,26.4,138.0,138.0,990.1,60.0,0.5,,100.0
2025-09-25 16:00:00,3.1,3.3,,2.9,,88.0,16.0,23.8,143.0,143.0,989.5,53.0,1.8,,100.0
2025-09-25 17:00:00,3.3,3.7,,2.9,,87.0,15.0,22.3,140.0,141.0,989.6,82.0,1.8,,100.0
2025-09-25 18:00:00,4.1,4.5,4.5,3.8,0.6,84.0,13.1,23.1,143.0,142.0,989.8,79.0,0.5,7.2,100.0
2025-09-25 19:00:00,4.2,4.6,,3.8,,83.0,13.7,21.0,150.0,148.0,990.4,77.0,0.0,,100.0
2025-09-25 20:00:00,4.4,4.6,,4.0,,83.0,13.1,18.8,156.0,152.0,990.7,45.0,0.0,,100.0
2025-09-25 21:00:00,4.1,4.4,,3.9,,85.0,12.1,18.2,151.0,152.0,991.3,20.0,0.4,,100.0
2025-09-25 22:00:00,4.4,4.7,,4.2,,83.0,8.0,14.8,153.0,150.0,992.1,0.0,0.2,,100.0
2025-09-25 23:00:00,4.1,4.3,,3.8,,86.0,3.9,11.3,354.0,137.0,992.6,0.0,0.0,,100.0
2025-09-26 00:00:00,3.4,3.9,4.7,2.8,2.1,93.0,1.3,3.2,126.0,307.0,992.8,0.0,0.1,8.0,100.0
2025-09-26 01:00:00,3.1,3.4,,2.8,,95.0,0.6,2.4,182.0,15.0,993.0,0.0,0.0,,100.0
2025-09-26 02:00:00,3.5,3.7,,3.1,,91.0,1.4,4.0,115.0,133.0,993.2,0.0,0.0,,100.0
2025-09-26 03:00:00,4.1,4.3,,3.7,,88.0,5.0,9.6,136.0,137.0,993.2,0.0,0.0,,100.0
2025-09-26 04:00:00,4.1,4.3,,4.0,,89.0,6.4,12.6,140.0,139.0,993.5,0.0,0.0,,100.0
2025-09-26 05:00:00,3.9,4.1,,3.8,,94.0,6.2,9.9,146.0,139.0,993.7,0.0,0.0,,100.0
2025-09-26 06:00:00,3.7,3.9,4.7,3.6,2.8,95.0,6.6,9.9,145.0,149.0,993.7,0.0,0.3,8.3,100.0
2025-09-26 07:00:00,3.8,4.0,,3.6,,94.0,4.2,7.8,138.0,142.0,994.0,0.0,0.0,,100.0
2025-09-26 08:00:00,4.0,4.2,,4.0,,92.0,2.7,4.9,138.0,132.0,994.3,0.0,0.0,,100.0
2025-09-26 09:00:00,4.3,4.4,,4.0,,90.0,2.2,4.5,153.0,135.0,994.7,0.0,0.0,,100.0
2025-09-26 10:00:00,3.9,4.0,,3.8,,94.0,2.6,4.5,162.0,154.0,995.2,4.0,0.0,,100.0
2025-09-26 11:00:00,3.8,4.0,,3.8,,94.0,2.5,4.3,147.0,152.0,995.7,15.0,0.0,,100.0
2025-09-26 12:00:00,4.1,4.4,4.4,4.0,2.8,93.0,1.7,2.9,168.0,138.0,995.6,77.0,0.0,6.9,100.0
2025-09-26 13:00:00,4.4,4.8,,4.3,,91.0,2.0,3.3,128.0,139.0,995.9,183.0,0.0,,75.0
2025-09-26 14:00:00,4.3,5.0,,3.9,,90.0,2.5,3.8,25.0,2.0,996.3,288.0,0.0,,90.0
2025-09-26 15:00:00,4.7,5.0,,4.5,,86.0,3.8,5.6,31.0,18.0,996.6,421.0,0.0,,60.0
2025-09-26 16:00:00,5.2,5.6,,4.8,,82.0,3.0,4.8,354.0,20.0,996.9,399.0,0.0,,40.0
2025-09-26 17:00:00,5.0,5.4,,4.6,,83.0,2.1,3.6,46.0,17.0,996.8,200.0,0.0,,90.0
2025-09-26 18:00:00,5.4,5.7,5.7,4.9,3.6,83.0,2.4,4.2,185.0,175.0,997.2,200.0,0.0,1.0,40.0
2025-09-26 19:00:00,5.1,5.3,,4.9,,87.0,3.1,5.0,158.0,169.0,997.3,163.0,0.0,,100.0
2025-09-26 20:00:00,4.9,5.6,,4.2,,88.0,4.0,7.6,150.0,152.0,997.5,105.0,0.0,,90.0
2025-09-26 21:00:00,4.1,4.3,,3.8,,91.0,4.9,7.2,146.0,145.0,997.6,39.0,0.0,,100.0
2025-09-26 22:00:00,3.6,3.8,,3.4,,95.0,4.1,6.5,156.0,152.0,997.8,1.0,0.0,,10.0
2025-09-26 23:00:00,3.3,3.4,,3.2,,96.0,2.5,4.5,145.0,151.0,997.5,0.0,0.0,,0.0
2025-09-27 00:00:00,3.0,3.1,5.7,2.8,2.8,98.0,1.3,3.0,236.0,204.0,997.6,0.0,0.0,0.3,100.0
2025-09-27 01:00:00,2.7,2.8,,2.5,,99.0,1.0,2.0,261.0,247.0,997.3,0.0,0.0,,100.0
2025-09-27 02:00:00,2.9,3.0,,2.5,,99.0,0.9,2.5,337.0,330.0,997.0,0.0,0.0,,100.0
2025-09-27 03:00:00,3.0,3.1,,3.0,,98.0,2.6,4.5,8.0,7.0,996.5,0.0,0.0,,100.0
2025-09-27 04:00:00,2.9,3.1,,2.8,,97.0,4.2,7.1,358.0,356.0,995.8,0.0,0.1,,100.0
2025-09-27 05:00:00,2.6,2.8,,2.5,,99.0,4.8,6.9,14.0,8.0,995.3,0.0,0.0,,100.0
2025-09-27 06:00:00,2.2,2.5,5.6,2.1,2.1,100.0,6.4,8.3,360.0,6.0,994.8,0.0,0.1,0.2,
2025-09-27 07:00:00,2.0,2.2,,1.7,,100.0,7.4,10.6,8.0,3.0,994.2,0.0,0.0,,
2025-09-27 08:00:00,1.7,1.8,,1.5,,100.0,7.0,10.1,10.0,4.0,993.4,0.0,0.0,,
2025-09-27 09:00:00,1.2,1.4,,1.1,,100.0,8.1,10.6,3.0,6.0,993.0,0.0,0.0,,60.0
2025-09-27 10:00:00,1.6,1.8,,1.4,,100.0,6.3,11.7,4.0,359.0,993.0,7.0,0.0,,0.0
2025-09-27 11:00:00,2.0,2.2,,1.7,,94.0,5.9,8.4,354.0,360.0,992.7,53.0,0.0,,0.0
2025-09-27 12:00:00,2.4,2.8,3.1,2.1,1.1,90.0,5.7,8.2,3.0,5.0,992.1,180.0,0.0,0.2,0.0
2025-09-27 13:00:00,3.0,3.5,,2.7,,83.0,5.4,8.0,3.0,2.0,991.5,274.0,0.0,,0.0
2025-09-27 14:00:00,3.7,4.1,,3.2,,77.0,5.1,7.9,6.0,360.0,991.8,350.0,0.0,,0.0
2025-09-27 15:00:00,4.2,4.4,,4.0,,71.0,3.4,4.9,340.0,347.0,991.5,390.0,0.0,,0.0
2025-09-27 16:00:00,4.5,5.1,,3.8,,69.0,2.9,4.7,2.0,359.0,991.4,382.0,0.0,,0.0
2025-09-27 17:00:00,5.3,5.9,,5.0,,60.0,2.4,3.8,7.0,12.0,991.5,368.0,0.0,,0.0
2025-09-27 18:00:00,6.6,7.8,7.8,5.0,1.1,52.0,2.9,5.1,337.0,21.0,991.6,277.0,0.0,0.2,0.0
2025-09-27 19:00:00,5.8,6.5,,5.3,,55.0,2.2,4.1,46.0,5.0,991.9,193.0,0.0,,0.0
2025-09-27 20:00:00,6.5,6.8,,6.0,,57.0,0.6,2.1,207.0,135.0,992.3,94.0,0.0,,0.0
2025-09-27 21:00:00,6.2,7.0,,5.9,,61.0,0.3,1.1,212.0,162.0,992.2,35.0,0.0,,0.0
2025-09-27 22:00:00,5.9,6.3,,5.5,,66.0,1.0,1.5,176.0,205.0,992.7,2.0,0.0,,60.0
2025-09-27 23:00:00,5.1,5.6,,4.5,,72.0,0.4,1.2,100.0,149.0,992.6,0.0,0.0,,90.0
2025-09-28 00:00:00,4.3,4.7,7.8,4.0,2.7,72.0,1.0,2.5,360.0,40.0,992.6,0.0,0.0,0.2,0.0
2025-09-28 01:00:00,4.0,4.8,,2.8,,68.0,3.7,6.3,2.0,7.0,992.6,0.0,0.0,,0.0
2025-09-28 02:00:00,2.6,3.2,,2.1,,82.0,6.0,7.4,7.0,2.0,992.2,0.0,0.0,,100.0
2025-09-28 03:00:00,2.6,3.1,,2.1,,79.0,5.3,6.7,358.0,4.0,992.3,0.0,0.0,,100.0
2025-09-28 04:00:00,2.8,3.3,,2.3,,74.0,5.4,7.0,351.0,352.0,992.1,0.0,0.0,,100.0
2025-09-28 05:00:00,2.6,2.9,,2.3,,76.0,5.1,6.7,358.0,2.0,992.4,0.0,0.0,,100.0
2025-09-28 06:00:00,3.0,3.3,7.0,2.6,2.1,72.0,5.0,7.1,349.0,352.0,992.4,0.0,0.0,0.0,100.0
2025-09-28 07:00:00,2.9,3.3,,2.4,,74.0,4.7,6.6,357.0,360.0,992.8,0.0,0.0,,60.0
2025-09-28 08:00:00,3.3,3.6,,3.1,,69.0,5.0,7.3,7.0,3.0,992.8,0.0,0.0,,100.0
2025-09-28 09:00:00,2.9,3.3,,2.6,,73.0,4.5,6.7,341.0,359.0,992.9,0.0,0.0,,100.0
2025-09-28 10:00:00,3.0,3.5,,2.6,,70.0,5.4,6.8,340.0,341.0,993.3,5.0,0.0,,100.0
2025-09-28 11:00:00,2.9,3.1,,2.8,,70.0,4.5,6.3,3.0,355.0,993.8,59.0,0.0,,100.0
2025-09-28 12:00:00,2.9,3.1,4.8,2.7,2.1,72.0,4.0,5.9,348.0,359.0,994.0,105.0,0.0,0.0,90.0
2025-09-28 13:00:00,2.9,3.1,,2.6,,73.0,3.4,5.4,3.0,351.0,994.1,105.0,0.0,,100.0
2025-09-28 14:00:00,3.3,3.7,,3.0,,69.0,3.2,4.8,13.0,4.0,994.0,148.0,0.0,,100.0
2025-09-28 15:00:00,3.9,4.1,,3.7,,61.0,3.3,4.3,8.0,12.0,994.3,176.0,0.0,,100.0
2025-09-28 16:00:00,4.4,4.8,,4.1,,61.0,2.7,3.7,16.0,4.0,994.0,200.0,0.0,,100.0
2025-09-28 17:00:00,5.0,5.2,,4.8,,65.0,2.4,3.3,16.0,14.0,993.9,222.0,0.0,,100.0
2025-09-28 18:00:00,5.4,5.5,5.5,5.2,2.4,61.0,2.5,3.5,4.0,14.0,994.2,194.0,0.0,0.0,100.0
2025-09-28 19:00:00,5.4,5.6,,5.3,,55.0,2.2,2.9,1.0,7.0,994.3,179.0,0.0,,100.0
2025-09-28 20:00:00,5.4,5.6,,4.8,,53.0,1.9,2.5,360.0,3.0,994.9,128.0,0.0,,100.0
2025-09-28 21:00:00,4.7,4.9,,4.6,,56.0,2.1,2.7,16.0,10.0,995.0,41.0,0.0,,100.0
2025-09-28 22:00:00,5.1,5.3,,4.9,,54.0,2.5,3.1,5.0,13.0,995.2,2.0,0.0,,100.0
2025-09-28 23:00:00,3.3,4.9,,2.7,,71.0,2.8,4.2,5.0,352.0,995.1,0.0,0.0,,25.0
2025-09-29 00:00:00,3.4,3.7,5.6,2.9,2.6,66.0,3.8,5.1,8.0,8.0,995.3,0.0,0.0,0.0,75.0
2025-09-29 01:00:00,2.8,3.7,,1.9,,73.0,4.7,7.0,358.0,4.0,994.9,0.0,0.0,,10.0
2025-09-29 02:00:00,2.1,2.2,,1.9,,82.0,4.7,6.4,359.0,360.0,994.9,0.0,0.0,,90.0
2025-09-29 03:00:00,2.1,2.3,,1.9,,83.0,5.1,7.1,6.0,1.0,994.7,0.0,0.0,,10.0
2025-09-29 04:00:00,2.3,2.5,,2.1,,81.0,5.0,6.8,359.0,2.0,994.5,0.0,0.0,,75.0
2025-09-29 05:00:00,2.1,2.3,,1.8,,82.0,4.8,6.3,356.0,355.0,994.5,0.0,0.0,,100.0
2025-09-29 06:00:00,2.1,2.3,5.6,1.8,1.8,80.0,4.7,6.4,346.0,355.0,994.5,0.0,0.0,0.0,100.0
2025-09-29 07:00:00,2.2,2.3,,1.9,,79.0,4.6,6.1,360.0,356.0,994.6,0.0,0.0,,0.0
2025-09-29 08:00:00,2.0,2.5,,1.7,,81.0,4.3,5.4,352.0,360.0,994.7,0.0,0.0,,60.0
2025-09-29 09:00:00,1.8,1.9,,1.6,,83.0,4.7,5.7,357.0,360.0,994.6,0.0,0.0,,0.0
2025-09-29 10:00:00,1.7,2.1,,1.3,,86.0,4.3,5.8,2.0,360.0,994.7,5.0,0.0,,0.0
2025-09-29 11:00:00,1.4,1.8,,1.2,,89.0,4.1,5.8,10.0,6.0,994.8,37.0,0.0,,100.0
2025-09-29 12:00:00,2.2,2.4,3.7,1.8,1.2,80.0,4.0,5.7,342.0,355.0,994.9,156.0,0.0,0.0,100.0
2025-09-29 13:00:00,2.6,3.2,,2.1,,78.0,4.1,6.0,353.0,360.0,994.2,187.0,0.0,,100.0
2025-09-29 14:00:00,2.3,2.4,,2.1,,81.0,3.9,5.3,359.0,357.0,994.4,176.0,0.0,,100.0
2025-09-29 15:00:00,2.7,3.4,,2.2,,79.0,4.4,5.5,356.0,360.0,994.1,326.0,0.0,,10.0
2025-09-29 16:00:00,3.3,4.0,,2.7,,73.0,4.3,6.2,6.0,357.0,993.9,386.0,0.0,,0.0
2025-09-29 17:00:00,4.1,5.1,,3.3,,69.0,4.8,6.4,6.0,3.0,993.7,368.0,0.0,,0.0
2025-09-29 18:00:00,5.5,5.6,5.6,5.1,1.2,61.0,3.6,5.0,7.0,2.0,993.7,269.0,0.0,0.0,0.0
2025-09-29 19:00:00,5.0,5.7,,4.1,,65.0,4.1,5.1,9.0,11.0,994.3,214.0,0.0,,0.0
2025-09-29 20:00:00,5.1,6.1,,3.9,,67.0,3.9,4.7,5.0,9.0,994.5,115.0,0.0,,0.0
2025-09-29 21:00:00,5.9,6.4,,5.1,,64.0,4.3,5.3,360.0,3.0,994.2,44.0,0.0,,0.0
2025-09-29 22:00:00,4.7,5.9,,3.5,,70.0,4.6,5.5,358.0,358.0,994.4,2.0,0.0,,0.0
2025-09-29 23:00:00,4.3,4.8,,3.7,,72.0,5.3,6.5,2.0,2.0,994.3,0.0,0.0,,0.0
2025-09-30 00:00:00,3.9,4.8,6.4,3.0,2.1,75.0,6.3,8.8,356.0,2.0,994.9,0.0,0.0,0.0,0.0
2025-09-30 01:00:00,3.1,3.6,,2.3,,81.0,6.9,9.1,360.0,357.0,994.6,0.0,0.0,,60.0
2025-09-30 02:00:00,4.1,5.1,,3.4,,71.0,7.1,9.8,356.0,353.0,994.4,0.0,0.0,,100.0
2025-09-30 03:00:00,4.1,4.6,,3.7,,69.0,7.4,10.7,352.0,357.0,994.6,0.0,0.0,,60.0
2025-09-30 04:00:00,4.0,4.5,,3.5,,66.0,6.9,10.4,349.0,360.0,995.2,0.0,0.0,,100.0
2025-09-30 05:00:00,3.9,4.4,,3.6,,64.0,6.1,10.5,347.0,345.0,995.2,0.0,0.0,,90.0
2025-09-30 06:00:00,3.5,3.9,6.4,3.1,2.3,68.0,6.9,10.5,347.0,347.0,995.5,0.0,0.0,0.0,100.0
2025-09-30 07:00:00,3.4,3.8,,2.8,,69.0,6.9,10.6,6.0,358.0,995.8,0.0,0.0,,25.0
2025-09-30 08:00:00,3.3,3.5,,3.0,,69.0,7.3,12.5,351.0,358.0,995.7,0.0,0.0,,90.0
2025-09-30 09:00:00,3.2,3.5,,2.9,,68.0,8.5,13.6,1.0,348.0,996.1,0.0,0.0,,40.0
2025-09-30 10:00:00,3.2,3.5,,2.8,,66.0,9.5,16.4,344.0,356.0,995.8,2.0,0.0,,100.0
2025-09-30 11:00:00,3.4,3.8,,3.0,,64.0,9.7,15.9,350.0,357.0,996.7,26.0,0.0,,100.0
2025-09-30 12:00:00,2.9,3.3,5.1,2.6,2.3,69.0,8.5,13.7,343.0,337.0,996.5,50.0,0.0,0.0,25.0
2025-09-30 13:00:00,3.5,3.8,,3.1,,59.0,12.6,18.7,343.0,343.0,996.5,186.0,0.0,,50.0
2025-09-30 14:00:00,3.8,4.2,,3.5,,57.0,11.5,17.0,351.0,347.0,996.7,302.0,0.0,,75.0
2025-09-30 15:00:00,4.1,4.5,,3.8,,55.0,12.5,17.7,358.0,353.0,997.1,304.0,0.0,,10.0
2025-09-30 16:00:00,4.4,4.6,,4.2,,53.0,13.5,18.6,358.0,360.0,996.4,379.0,0.0,,0.0
2025-09-30 17:00:00,4.6,4.8,,4.4,,53.0,13.2,18.0,360.0,1.0,996.7,355.0,0.0,,0.0
2025-09-30 18:00:00,4.5,4.8,4.8,4.2,2.6,56.0,12.7,16.8,1.0,360.0,997.0,254.0,0.0,0.0,0.0
2025-09-30 19:00:00,4.3,4.8,,4.1,,59.0,12.0,17.1,346.0,353.0,997.4,217.0,0.0,,0.0
2025-09-30 20:00:00,4.1,4.4,,3.8,,59.0,12.4,17.7,358.0,351.0,997.9,114.0,0.0,,0.0
2025-09-30 21:00:00,3.6,3.9,,3.2,,61.0,11.6,16.4,354.0,355.0,999.2,16.0,0.0,,0.0
2025-09-30 22:00:00,3.2,3.4,,3.1,,62.0,10.9,14.5,341.0,350.0,998.3,0.0,0.0,,0.0
2025-09-30 23:00:00,3.0,3.4,,2.5,,61.0,10.9,14.8,331.0,338.0,999.5,0.0,0.0,,0.0
2025-10-01 00:00:00,2.5,2.7,4.8,2.3,2.3,65.0,9.9,14.9,349.0,342.0,999.1,0.0,0.0,0.0,0.0
2025-10-01 01:00:00,2.5,2.8,,2.2,,63.0,13.3,17.8,333.0,338.0,998.7,0.0,0.0,,0.0
2025-10-01 02:00:00,2.1,2.3,,2.0,,64.0,14.1,18.5,332.0,332.0,998.6,0.0,0.0,,0.0
2025-10-01 03:00:00,2.0,2.1,,1.8,,61.0,14.2,19.3,333.0,331.0,998.2,0.0,0.0,,0.0
2025-10-01 04:00:00,1.8,2.1,,1.5,,59.0,13.8,18.6,330.0,334.0,999.1,0.0,0.0,,0.0
2025-10-01 05:00:00,1.4,1.5,,1.1,,62.0,12.1,15.6,349.0,340.0,999.9,0.0,0.0,,10.0
2025-10-01 06:00:00,1.5,1.6,4.8,1.3,1.1,58.0,11.1,17.1,354.0,351.0,1000.0,0.0,0.0,0.0,50.0
2025-10-01 07:00:00,1.2,1.5,,0.9,,60.0,11.3,16.3,331.0,337.0,999.7,0.0,0.0,,25.0
2025-10-01 08:00:00,0.9,1.1,,0.7,,60.0,11.7,16.0,342.0,335.0,1000.4,0.0,0.0,,10.0
2025-10-01 09:00:00,1.0,1.1,,0.9,,59.0,11.9,16.6,322.0,330.0,999.9,0.0,0.0,,0.0
2025-10-01 10:00:00,1.0,1.1,,0.9,,56.0,13.7,17.9,321.0,322.0,1000.6,3.0,0.0,,50.0
2025-10-01 11:00:00,1.1,1.2,,1.0,,57.0,12.7,15.7,325.0,325.0,1001.2,41.0,0.0,,100.0
2025-10-01 12:00:00,1.1,1.2,2.8,1.0,0.7,56.0,11.9,15.3,338.0,333.0,1001.5,61.0,0.0,0.0,10.0
2025-10-01 13:00:00,1.4,2.0,,1.0,,52.0,12.0,16.3,340.0,336.0,1001.1,203.0,0.0,,100.0
2025-10-01 14:00:00,2.1,2.2,,1.9,,47.0,12.9,17.1,343.0,341.0,1001.8,298.0,0.0,,40.0
2025-10-01 15:00:00,2.1,2.2,,1.7,,52.0,9.8,13.8,358.0,355.0,1001.5,382.0,0.0,,25.0
2025-10-01 16:00:00,2.3,2.7,,2.0,,49.0,9.6,12.3,341.0,358.0,1001.2,317.0,0.0,,90.0
2025-10-01 17:00:00,2.2,2.4,,1.9,,49.0,10.2,14.9,336.0,338.0,1001.2,75.0,0.0,,100.0
2025-10-01 18:00:00,2.1,2.5,2.7,1.8,0.7,55.0,10.5,20.3,337.0,332.0,1000.7,92.0,0.0,0.0,100.0
2025-10-01 19:00:00,2.0,2.4,,1.2,,58.0,9.5,16.8,347.0,340.0,1001.2,148.0,0.0,,100.0
2025-10-01 20:00:00,1.2,1.4,,0.2,,68.0,8.3,14.0,329.0,332.0,1001.5,42.0,0.2,,100.0
2025-10-01 21:00:00,0.5,0.9,,0.3,,76.0,10.6,15.8,318.0,318.0,1001.3,7.0,0.2,,100.0
2025-10-01 22:00:00,0.2,0.9,,-0.4,,78.0,10.0,16.2,331.0,319.0,1001.1,0.0,0.0,,10.0
2025-10-01 23:00:00,0.7,1.1,,0.3,,63.0,11.0,16.5,331.0,336.0,1001.2,0.0,0.0,,0.0
2025-10-02 00:00:00,0.4,0.7,2.7,0.2,-0.4,55.0,11.7,16.2,330.0,328.0,1001.1,0.0,0.0,0.4,100.0
2025-10-02 01:00:00,0.5,0.6,,0.4,,56.0,10.6,15.5,342.0,340.0,1001.1,0.0,0.0,,10.0
2025-10-02 02:00:00,0.2,0.4,,0.1,,59.0,10.2,13.9,343.0,344.0,1000.9,0.0,0.0,,0.0
2025-10-02 03:00:00,0.0,0.1,,-0.2,,63.0,11.5,14.4,342.0,340.0,1000.7,0.0,0.0,,0.0
2025-10-02 04:00:00,-0.2,0.0,,-0.3,,64.0,10.9,15.2,347.0,344.0,1000.5,0.0,0.0,,0.0
2025-10-02 05:00:00,-0.3,-0.2,,-0.4,,60.0,11.3,16.1,343.0,346.0,1000.3,0.0,0.0,,0.0
2025-10-02 06:00:00,-0.5,-0.4,2.4,-0.6,-0.6,62.0,10.2,14.9,345.0,348.0,1000.5,0.0,0.0,0.4,0.0
2025-10-02 07:00:00,-0.6,-0.4,,-0.9,,62.0,11.8,16.4,351.0,342.0,999.9,0.0,0.0,,0.0
2025-10-02 08:00:00,-0.7,-0.4,,-1.1,,59.0,12.2,16.0,337.0,344.0,999.8,0.0,0.0,,0.0
2025-10-02 09:00:00,-0.8,-0.7,,-0.9,,53.0,13.7,18.2,343.0,341.0,1000.0,0.0,0.0,,0.0
2025-10-02 10:00:00,-1.1,-0.9,,-1.2,,52.0,12.5,17.5,341.0,344.0,999.7,2.0,0.0,,0.0
2025-10-02 11:00:00,-1.1,-0.9,,-1.1,,50.0,13.5,17.4,341.0,342.0,999.4,37.0,0.0,,0.0
2025-10-02 12:00:00,-0.9,-0.6,0.6,-1.0,-1.2,49.0,13.5,19.2,358.0,351.0,998.8,152.0,0.0,0.4,0.0
2025-10-02 13:00:00,-0.7,-0.6,,-0.8,,47.0,12.6,18.6,352.0,350.0,998.3,250.0,0.0,,0.0
2025-10-02 14:00:00,-0.5,-0.3,,-0.6,,48.0,12.8,17.0,359.0,356.0,997.7,326.0,0.0,,0.0
2025-10-02 15:00:00,-0.1,0.0,,-0.3,,44.0,12.9,17.2,357.0,355.0,996.7,369.0,0.0,,0.0
2025-10-02 16:00:00,-0.1,0.1,,-0.2,,42.0,14.1,20.5,345.0,350.0,995.7,381.0,0.0,,0.0
2025-10-02 17:00:00,0.0,0.1,,-0.1,,42.0,13.1,19.6,359.0,354.0,995.9,355.0,0.0,,0.0
2025-10-02 18:00:00,0.3,0.5,0.5,0.1,-1.2,41.0,10.8,14.7,356.0,352.0,995.5,255.0,0.0,0.4,0.0
2025-10-02 19:00:00,0.5,0.6,,0.5,,40.0,9.2,13.1,352.0,354.0,995.0,214.0,0.0,,0.0
2025-10-02 20:00:00,0.7,0.7,,0.6,,38.0,8.9,12.8,356.0,352.0,994.8,115.0,0.0,,0.0
2025-10-02 21:00:00,0.3,0.6,,0.0,,44.0,7.4,11.2,353.0,354.0,994.8,16.0,0.0,,0.0
2025-10-02 22:00:00,-0.2,0.0,,-0.4,,53.0,6.3,9.6,359.0,351.0,994.0,0.0,0.0,,0.0
2025-10-02 23:00:00,-0.5,-0.3,,-0.7,,57.0,6.1,10.3,1.0,356.0,993.6,0.0,0.0,,0.0
2025-10-03 00:00:00,-0.8,-0.6,0.7,-1.0,-1.0,60.0,6.0,8.5,348.0,354.0,992.7,0.0,0.0,0.0,0.0
2025-10-03 01:00:00,-0.9,-0.6,,-1.5,,60.0,6.5,9.6,7.0,350.0,991.4,0.0,0.0,,0.0
2025-10-03 02:00:00,-0.8,-0.6,,-1.1,,57.0,6.4,9.2,360.0,5.0,990.9,0.0,0.0,,0.0
2025-10-03 03:00:00,-1.4,-0.8,,-1.8,,65.0,5.5,8.3,346.0,349.0,990.3,0.0,0.0,,0.0
2025-10-03 04:00:00,-1.2,-0.7,,-1.6,,59.0,4.6,7.2,352.0,7.0,989.9,0.0,0.0,,40.0
2025-10-03 05:00:00,-1.4,-1.0,,-1.7,,62.0,2.6,5.8,356.0,350.0,989.2,0.0,0.0,,0.0
2025-10-03 06:00:00,-1.1,-0.7,0.7,-1.5,-1.8,54.0,0.6,1.4,329.0,19.0,988.8,0.0,0.0,0.0,60.0
2025-10-03 07:00:00,-0.8,-0.6,,-0.9,,47.0,0.9,2.3,335.0,337.0,988.4,0.0,0.0,,100.0
2025-10-03 08:00:00,0.6,1.5,,-0.6,,46.0,5.0,14.9,147.0,150.0,986.8,0.0,0.0,,100.0
2025-10-03 09:00:00,1.1,1.3,,0.9,,47.0,10.7,16.1,144.0,143.0,986.1,0.0,0.0,,100.0
2025-10-03 10:00:00,0.7,0.9,,0.6,,55.0,9.6,14.9,141.0,142.0,985.8,1.0,0.0,,100.0
2025-10-03 11:00:00,0.9,1.0,,0.7,,61.0,10.3,15.9,139.0,139.0,985.5,5.0,0.0,,100.0
2025-10-03 12:00:00,1.0,1.2,1.5,0.7,-1.8,68.0,11.4,19.4,131.0,134.0,984.2,15.0,0.0,0.0,100.0
2025-10-03 13:00:00,0.3,1.2,,-0.5,,84.0,12.6,21.0,140.0,133.0,983.8,24.0,0.6,,100.0
2025-10-03 14:00:00,0.0,1.5,,-0.4,,94.0,10.9,22.4,138.0,137.0,981.8,41.0,0.8,,100.0
2025-10-03 15:00:00,1.8,2.0,,1.4,,86.0,17.0,26.3,137.0,136.0,979.9,46.0,0.6,,100.0
2025-10-03 16:00:00,2.1,2.3,,1.9,,88.0,17.4,27.6,140.0,140.0,978.7,44.0,1.3,,100.0
2025-10-03 17:00:00,2.3,2.4,,2.3,,92.0,21.1,30.9,137.0,139.0,979.3,32.0,1.8,,100.0
2025-10-03 18:00:00,2.7,2.9,2.9,2.5,-0.9,89.0,20.4,31.4,141.0,141.0,981.9,28.0,0.9,5.9,100.0
2025-10-03 19:00:00,2.9,3.1,,2.8,,90.0,19.4,28.4,151.0,145.0,983.6,27.0,0.0,,100.0
2025-10-03 20:00:00,2.8,3.0,,2.6,,93.0,19.2,29.9,148.0,147.0,984.2,18.0,0.0,,100.0
2025-10-03 21:00:00,2.6,2.6,,2.6,,95.0,18.1,26.0,142.0,145.0,985.0,4.0,0.0,,100.0
2025-10-03 22:00:00,2.6,2.7,,2.6,,97.0,17.6,26.5,144.0,144.0,986.4,0.0,0.0,,100.0
2025-10-03 23:00:00,2.6,2.7,,2.6,,98.0,16.9,24.8,150.0,147.0,987.6,0.0,0.0,,100.0
2025-10-04 00:00:00,2.5,2.6,3.1,2.5,-0.5,99.0,16.3,23.0,150.0,150.0,989.0,0.0,0.8,6.8,100.0
2025-10-04 01:00:00,2.5,2.5,,2.5,,100.0,14.4,21.4,152.0,151.0,989.9,0.0,0.3,,100.0
2025-10-04 02:00:00,2.4,2.5,,2.4,,100.0,12.4,17.3,149.0,149.0,990.2,0.0,0.0,,100.0
2025-10-04 03:00:00,2.3,2.4,,2.3,,100.0,11.1,16.5,141.0,147.0,990.8,0.0,0.0,,100.0
2025-10-04 04:00:00,2.4,2.4,,2.3,,100.0,10.4,15.2,140.0,141.0,991.1,0.0,0.0,,100.0
2025-10-04 05:00:00,2.4,2.5,,2.4,,100.0,10.6,15.8,140.0,140.0,991.3,0.0,0.8,,100.0
2025-10-04 06:00:00,2.5,2.5,3.1,2.5,2.3,100.0,9.7,14.8,145.0,142.0,991.6,0.0,0.0,7.9,100.0
2025-10-04 07:00:00,2.5,2.5,,2.5,,100.0,9.0,13.6,149.0,152.0,992.3,0.0,0.9,,100.0
2025-10-04 08:00:00,2.6,2.6,,2.5,,100.0,6.7,9.7,150.0,149.0,993.0,0.0,0.0,,100.0
2025-10-04 09:00:00,2.6,2.6,,2.6,,99.0,6.2,8.9,145.0,147.0,993.9,0.0,0.0,,100.0
2025-10-04 10:00:00,2.7,2.8,,2.6,,96.0,5.3,10.9,182.0,159.0,994.5,0.0,0.0,,100.0
2025-10-04 11:00:00,2.1,2.8,,1.8,,91.0,4.7,10.8,194.0,230.0,995.7,8.0,0.0,,100.0
2025-10-04 12:00:00,2.4,2.7,2.8,2.2,1.8,88.0,1.9,4.2,167.0,163.0,996.6,66.0,0.0,8.7,100.0
2025-10-04 13:00:00,2.7,2.8,,2.5,,86.0,4.0,7.2,180.0,171.0,997.3,102.0,0.0,,10.0
2025-10-04 14:00:00,2.7,3.0,,2.5,,87.0,4.5,6.6,171.0,175.0,998.0,161.0,0.0,,100.0
2025-10-04 15:00:00,2.1,2.7,,1.8,,94.0,4.4,7.8,245.0,217.0,998.7,89.0,0.5,,100.0
2025-10-04 16:00:00,2.1,2.4,,1.9,,95.0,5.9,10.2,270.0,268.0,999.6,146.0,0.2,,100.0
2025-10-04 17:00:00,1.6,2.3,,0.5,,94.0,6.8,10.9,278.0,277.0,1000.7,112.0,0.8,,100.0
2025-10-04 18:00:00,1.8,2.2,3.0,1.4,0.5,93.0,7.7,12.3,282.0,278.0,1001.9,85.0,0.1,4.3,100.0
2025-10-04 19:00:00,1.8,2.1,,1.5,,92.0,9.2,14.1,298.0,290.0,1002.6,66.0,0.2,,100.0
2025-10-04 20:00:00,2.1,2.2,,2.0,,83.0,10.1,16.1,287.0,292.0,1004.0,47.0,0.0,,100.0
2025-10-04 21:00:00,1.8,1.9,,1.6,,84.0,8.4,12.3,288.0,290.0,1005.3,5.0,0.0,,100.0
2025-10-04 22:00:00,1.6,1.7,,1.5,,80.0,7.5,12.4,297.0,293.0,1006.0,0.0,0.0,,100.0
2025-10-04 23:00:00,1.4,1.5,,1.2,,76.0,7.8,11.5,290.0,293.0,1007.0,0.0,0.0,,100.0
2025-10-05 00:00:00,1.1,1.2,3.0,1.0,0.5,72.0,6.4,10.7,314.0,304.0,1008.0,0.0,0.0,3.6,100.0
2025-10-05 01:00:00,1.1,1.2,,1.1,,73.0,6.8,10.5,302.0,300.0,1008.6,0.0,0.0,,100.0
2025-10-05 02:00:00,1.0,1.1,,0.9,,73.0,6.4,10.3,303.0,297.0,1008.8,0.0,0.0,,100.0
2025-10-05 03:00:00,0.8,0.9,,0.7,,71.0,6.2,10.6,306.0,303.0,1009.4,0.0,0.0,,100.0
2025-10-05 04:00:00,0.7,0.8,,0.7,,73.0,5.4,8.5,306.0,304.0,1009.6,0.0,0.0,,100.0
2025-10-05 05:00:00,0.8,0.8,,0.7,,71.0,4.6,7.3,313.0,311.0,1009.9,0.0,0.0,,100.0
2025-10-05 06:00:00,0.6,0.8,2.2,0.5,0.5,68.0,4.6,7.9,299.0,305.0,1010.1,0.0,0.0,2.5,90.0
2025-10-05 07:00:00,0.7,0.7,,0.5,,68.0,4.3,7.3,294.0,298.0,1010.0,0.0,0.0,,100.0
2025-10-05 08:00:00,0.7,0.9,,0.6,,70.0,5.5,8.6,296.0,291.0,1009.8,0.0,0.0,,100.0
2025-10-05 09:00:00,0.9,0.9,,0.9,,75.0,7.5,11.4,294.0,296.0,1009.8,0.0,0.0,,100.0
2025-10-05 10:00:00,0.7,0.9,,0.2,,80.0,7.5,11.0,329.0,306.0,1010.2,0.0,0.0,,25.0
2025-10-05 11:00:00,0.0,0.2,,-0.2,,80.0,6.6,9.3,325.0,331.0,1010.7,16.0,0.0,,0.0
2025-10-05 12:00:00,0.0,0.3,1.2,-0.3,-0.3,82.0,7.0,9.3,325.0,325.0,1011.0,100.0,0.0,1.7,10.0
2025-10-05 13:00:00,0.6,0.9,,0.3,,76.0,6.4,9.9,333.0,333.0,1011.5,222.0,0.0,,0.0
2025-10-05 14:00:00,0.9,1.1,,0.8,,73.0,6.0,7.7,355.0,337.0,1011.4,296.0,0.0,,0.0
2025-10-05 15:00:00,1.3,1.6,,1.0,,69.0,4.6,6.3,5.0,1.0,1011.2,340.0,0.0,,0.0
2025-10-05 16:00:00,1.6,1.9,,1.5,,63.0,4.2,6.6,351.0,2.0,1011.3,350.0,0.0,,0.0
2025-10-05 17:00:00,1.8,1.9,,1.6,,61.0,4.2,5.9,25.0,12.0,1011.1,325.0,0.0,,0.0
2025-10-05 18:00:00,1.9,2.0,2.0,1.7,-0.3,57.0,3.9,5.9,17.0,14.0,1010.9,224.0,0.0,0.1,0.0
2025-10-05 19:00:00,1.7,1.8,,1.6,,57.0,4.4,6.4,4.0,8.0,1011.2,183.0,0.0,,0.0
2025-10-05 20:00:00,1.4,1.6,,1.3,,61.0,4.1,5.6,16.0,9.0,1011.1,79.0,0.0,,0.0
2025-10-05 21:00:00,1.1,1.3,,1.0,,64.0,3.6,6.0,33.0,18.0,1011.1,9.0,0.0,,0.0
2025-10-05 22:00:00,0.9,1.1,,0.6,,62.0,5.7,8.0,40.0,35.0,1010.4,0.0,0.0,,0.0
2025-10-05 23:00:00,0.6,0.7,,0.5,,63.0,4.4,7.1,29.0,34.0,1010.6,0.0,0.0,,0.0
2025-10-06 00:00:00,0.4,0.5,2.0,0.4,0.3,64.0,4.4,6.7,45.0,37.0,1009.7,0.0,0.0,0.0,0.0
2025-10-06 01:00:00,0.3,0.4,,0.2,,60.0,5.1,7.5,35.0,42.0,1009.3,0.0,0.0,,25.0
2025-10-06 02:00:00,0.2,0.4,,0.2,,57.0,3.0,5.8,38.0,36.0,1008.6,0.0,0.0,,25.0
2025-10-06 03:00:00,0.1,0.2,,0.0,,57.0,4.9,6.7,20.0,21.0,1008.4,0.0,0.0,,0.0
2025-10-06 04:00:00,-0.1,0.1,,-0.3,,58.0,4.3,6.4,31.0,23.0,1007.9,0.0,0.0,,0.0
2025-10-06 05:00:00,-0.4,-0.2,,-0.4,,57.0,4.8,7.8,38.0,41.0,1007.3,0.0,0.0,,0.0
2025-10-06 06:00:00,-0.4,-0.3,1.8,-0.5,-0.5,54.0,3.9,7.2,20.0,29.0,1006.0,0.0,0.0,0.0,100.0
2025-10-06 07:00:00,-0.7,-0.5,,-0.9,,58.0,5.1,8.1,38.0,29.0,1004.9,0.0,0.0,,60.0
2025-10-06 08:00:00,-0.8,-0.7,,-1.0,,57.0,6.0,8.8,39.0,31.0,1004.5,0.0,0.0,,10.0
2025-10-06 09:00:00,-0.8,-0.6,,-1.0,,53.0,4.6,7.5,43.0,45.0,1004.3,0.0,0.0,,0.0
2025-10-06 10:00:00,-0.7,-0.6,,-1.0,,53.0,2.9,5.4,91.0,56.0,1003.8,1.0,0.0,,60.0
2025-10-06 11:00:00,-0.4,-0.3,,-0.7,,57.0,1.9,3.4,192.0,135.0,1003.1,24.0,0.0,,25.0
2025-10-06 12:00:00,-0.5,-0.4,0.4,-0.6,-1.0,58.0,1.6,4.8,34.0,16.0,1002.1,72.0,0.0,0.0,25.0
2025-10-06 13:00:00,-0.3,0.4,,-0.6,,53.0,1.4,4.1,196.0,37.0,1001.6,153.0,0.0,,40.0
2025-10-06 14:00:00,0.9,1.3,,0.4,,49.0,3.4,5.4,140.0,134.0,1000.8,296.0,0.0,,60.0
2025-10-06 15:00:00,1.2,1.8,,0.9,,51.0,4.6,8.5,150.0,147.0,1000.5,336.0,0.0,,10.0
2025-10-06 16:00:00,1.2,1.6,,0.9,,47.0,6.5,9.9,150.0,152.0,999.6,329.0,0.0,,0.0
2025-10-06 17:00:00,1.5,1.9,,1.2,,46.0,7.4,10.9,151.0,152.0,999.8,311.0,0.0,,0.0
2025-10-06 18:00:00,1.4,1.6,1.9,1.1,-1.0,52.0,4.9,8.7,155.0,154.0,999.0,139.0,0.0,0.0,100.0
2025-10-06 19:00:00,1.3,1.5,,1.2,,53.0,4.2,7.6,157.0,153.0,998.7,101.0,0.0,,100.0
2025-10-06 20:00:00,1.2,1.5,,0.7,,56.0,1.3,3.5,137.0,173.0,997.9,51.0,0.0,,100.0
2025-10-06 21:00:00,0.6,1.2,,0.1,,58.0,1.0,2.2,30.0,60.0,997.3,9.0,0.0,,100.0
2025-10-06 22:00:00,0.4,0.7,,0.2,,54.0,1.2,3.3,19.0,20.0,996.5,0.0,0.0,,10.0
2025-10-06 23:00:00,0.2,0.6,,-0.1,,50.0,1.5,3.7,26.0,15.0,995.3,0.0,0.0,,0.0
2025-10-07 00:00:00,0.1,0.6,1.9,-0.1,-0.6,51.0,1.8,3.5,29.0,26.0,994.5,0.0,0.0,0.0,10.0
2025-10-07 01:00:00,0.1,0.3,,-0.1,,57.0,1.4,2.3,127.0,112.0,993.7,0.0,0.0,,100.0
2025-10-07 02:00:00,0.4,0.6,,0.1,,58.0,0.6,1.4,249.0,231.0,992.7,0.0,0.0,,100.0
2025-10-07 03:00:00,0.4,0.7,,0.1,,59.0,0.7,2.1,147.0,122.0,991.3,0.0,0.0,,100.0
2025-10-07 04:00:00,0.6,1.3,,0.4,,54.0,1.8,4.6,196.0,51.0,989.1,0.0,0.0,,100.0
2025-10-07 05:00:00,0.6,0.8,,0.5,,64.0,1.9,3.9,153.0,227.0,986.9,0.0,0.0,,100.0
2025-10-07 06:00:00,0.6,1.2,1.5,0.2,-0.1,67.0,3.3,8.0,19.0,9.0,985.7,0.0,0.0,0.0,100.0
2025-10-07 07:00:00,-0.3,1.1,,-0.9,,75.0,7.4,11.7,28.0,21.0,983.4,0.0,0.1,,100.0
2025-10-07 08:00:00,0.3,1.4,,-0.2,,90.0,5.6,11.6,336.0,28.0,982.3,0.0,2.6,,100.0
2025-10-07 09:00:00,2.4,4.1,,0.8,,90.0,4.9,17.4,140.0,149.0,980.2,0.0,2.2,,100.0
2025-10-07 10:00:00,4.0,4.5,,3.6,,92.0,12.9,20.5,139.0,139.0,979.2,0.0,1.7,,100.0
2025-10-07 11:00:00,3.5,3.8,,3.3,,98.0,17.7,27.3,145.0,139.0,979.9,4.0,2.4,,100.0
2025-10-07 12:00:00,3.5,3.8,4.5,3.2,-0.9,99.0,16.2,23.6,168.0,156.0,984.1,5.0,0.8,9.7,100.0
2025-10-07 13:00:00,2.9,3.2,,2.8,,98.0,14.1,21.5,164.0,162.0,986.5,9.0,0.0,,100.0
2025-10-07 14:00:00,2.6,2.8,,2.6,,96.0,14.2,23.3,161.0,162.0,989.1,16.0,0.0,,100.0
2025-10-07 15:00:00,2.8,2.9,,2.6,,91.0,13.0,20.6,175.0,168.0,991.2,41.0,0.0,,100.0
2025-10-07 16:00:00,2.7,2.9,,2.5,,86.0,12.7,21.0,176.0,176.0,993.4,74.0,0.0,,100.0
2025-10-07 17:00:00,2.5,2.9,,1.9,,84.0,12.8,21.0,179.0,177.0,995.4,56.0,0.0,,100.0
2025-10-07 18:00:00,2.5,2.9,4.5,1.9,-0.9,83.0,13.2,20.4,175.0,178.0,997.2,55.0,0.0,9.7,100.0
2025-10-07 19:00:00,2.9,3.0,,2.6,,76.0,12.9,19.9,177.0,177.0,998.4,90.0,0.0,,60.0
2025-10-07 20:00:00,2.1,2.6,,1.9,,84.0,13.2,19.1,178.0,172.0,1000.0,26.0,0.0,,100.0
2025-10-07 21:00:00,2.4,2.6,,1.9,,81.0,11.4,18.3,186.0,176.0,1002.2,1.0,0.0,,100.0
2025-10-07 22:00:00,2.3,2.6,,2.1,,83.0,10.2,15.5,164.0,173.0,1003.0,0.0,0.0,,100.0
2025-10-07 23:00:00,1.9,2.3,,1.7,,87.0,10.5,16.8,164.0,173.0,1004.3,0.0,0.0,,100.0
2025-10-08 00:00:00,2.0,2.5,3.2,1.7,1.7,87.0,9.5,14.3,164.0,162.0,1005.7,0.0,0.0,9.7,100.0
2025-10-08 01:00:00,1.9,2.5,,1.0,,86.0,9.4,15.1,192.0,171.0,1006.7,0.0,0.0,,100.0
2025-10-08 02:00:00,1.9,2.4,,0.8,,86.0,9.3,15.5,159.0,164.0,1006.7,0.0,0.2,,100.0
2025-10-08 03:00:00,2.4,2.5,,2.3,,85.0,11.0,16.0,164.0,158.0,1007.2,0.0,0.0,,100.0
2025-10-08 04:00:00,2.5,2.5,,2.4,,85.0,10.6,16.1,164.0,163.0,1007.5,0.0,0.0,,100.0
2025-10-08 05:00:00,2.3,2.5,,2.1,,88.0,10.7,17.6,161.0,160.0,1007.9,0.0,0.0,,100.0
2025-10-08 06:00:00,2.5,2.6,3.0,2.2,0.8,87.0,11.2,17.0,152.0,154.0,1008.1,0.0,0.0,9.9,100.0
2025-10-08 07:00:00,2.5,2.5,,2.4,,85.0,11.8,17.3,152.0,152.0,1008.6,0.0,0.0,,100.0
2025-10-08 08:00:00,2.1,2.5,,2.0,,90.0,11.3,17.3,154.0,151.0,1009.2,0.0,0.0,,100.0
2025-10-08 09:00:00,1.9,2.2,,1.4,,93.0,11.3,17.0,150.0,149.0,1009.3,0.0,0.0,,100.0
2025-10-08 10:00:00,1.7,1.9,,1.2,,94.0,12.0,18.8,147.0,150.0,1009.3,0.0,0.5,,100.0
2025-10-08 11:00:00,1.6,1.8,,1.4,,95.0,13.1,20.0,140.0,144.0,1008.9,6.0,0.0,,100.0
2025-10-08 12:00:00,1.7,1.8,2.6,1.5,0.8,94.0,13.8,20.3,142.0,141.0,1009.1,27.0,0.0,0.7,100.0
2025-10-08 13:00:00,2.0,2.3,,1.8,,90.0,14.3,20.8,142.0,140.0,1009.1,95.0,0.0,,100.0
2025-10-08 14:00:00,2.6,2.8,,2.3,,85.0,12.8,21.0,139.0,141.0,1009.1,103.0,0.0,,100.0
2025-10-08 15:00:00,2.9,3.0,,2.8,,83.0,12.6,19.5,154.0,143.0,1009.3,109.0,0.0,,100.0
2025-10-08 16:00:00,2.9,3.1,,2.9,,82.0,10.8,16.2,150.0,149.0,1009.1,139.0,0.0,,100.0
2025-10-08 17:00:00,3.0,3.2,,2.9,,82.0,10.6,17.1,151.0,155.0,1009.1,146.0,0.0,,60.0
2025-10-08 18:00:00,3.0,3.3,3.3,2.9,1.2,80.0,10.5,15.6,145.0,151.0,1008.9,138.0,0.0,0.7,25.0
2025-10-08 19:00:00,3.1,3.2,,3.0,,78.0,7.7,11.6,155.0,148.0,1008.6,111.0,0.0,,10.0
2025-10-08 20:00:00,2.6,3.0,,2.3,,84.0,5.2,8.5,142.0,156.0,1008.2,39.0,0.0,,60.0
2025-10-08 21:00:00,2.4,2.5,,2.3,,84.0,4.9,7.2,163.0,154.0,1007.9,3.0,0.0,,100.0
2025-10-08 22:00:00,2.5,2.6,,2.4,,81.0,4.2,6.6,131.0,142.0,1007.0,0.0,0.0,,100.0
2025-10-08 23:00:00,2.5,2.6,,2.2,,78.0,1.8,3.9,286.0,144.0,1006.4,0.0,0.0,,100.0
2025-10-09 00:00:00,2.2,2.6,3.3,1.9,1.8,82.0,1.6,3.3,302.0,300.0,1005.9,0.0,0.0,0.7,75.0
2025-10-09 01:00:00,1.9,2.1,,1.7,,84.0,1.6,3.8,5.0,335.0,1005.2,0.0,0.0,,100.0
2025-10-09 02:00:00,1.7,1.9,,1.5,,85.0,3.2,4.1,17.0,11.0,1004.3,0.0,0.0,,100.0
2025-10-09 03:00:00,1.4,1.7,,1.1,,89.0,3.1,4.5,320.0,340.0,1003.7,0.0,0.0,,100.0
2025-10-09 04:00:00,1.5,2.3,,1.1,,86.0,2.4,4.7,29.0,328.0,1003.1,0.0,0.0,,100.0
2025-10-09 05:00:00,1.6,2.3,,1.2,,81.0,1.1,2.5,293.0,18.0,1002.9,0.0,0.0,,100.0
2025-10-09 06:00:00,1.1,1.3,3.2,0.9,0.9,87.0,1.2,2.9,39.0,352.0,1002.6,0.0,0.0,0.5,100.0
2025-10-09 07:00:00,1.3,1.5,,1.0,,84.0,1.2,2.8,102.0,86.0,1002.5,0.0,0.0,,100.0
2025-10-09 08:00:00,1.4,1.5,,1.3,,86.0,2.4,3.7,153.0,150.0,1002.8,0.0,0.0,,100.0
2025-10-09 09:00:00,1.4,1.6,,1.2,,87.0,3.5,5.6,149.0,151.0,1002.9,0.0,0.0,,100.0
2025-10-09 10:00:00,1.4,1.6,,1.1,,87.0,4.5,6.9,145.0,149.0,1003.2,0.0,0.0,,100.0
2025-10-09 11:00:00,0.8,1.1,,0.6,,96.0,5.8,8.2,143.0,139.0,1003.6,12.0,0.2,,100.0
2025-10-09 12:00:00,0.9,1.1,2.3,0.5,0.5,95.0,6.7,10.1,143.0,143.0,1003.9,37.0,0.6,0.8,100.0
2025-10-09 13:00:00,0.6,0.8,,0.3,,97.0,5.6,9.2,162.0,151.0,1004.9,44.0,0.5,,100.0
2025-10-09 14:00:00,0.6,0.9,,0.3,,98.0,3.1,6.7,230.0,179.0,1005.5,76.0,0.2,,100.0
2025-10-09 15:00:00,0.9,1.1,,0.5,,95.0,3.9,6.5,253.0,251.0,1006.0,112.0,0.0,,100.0
2025-10-09 16:00:00,0.3,0.5,,0.1,,95.0,3.6,5.8,237.0,247.0,1006.3,140.0,0.0,,100.0
2025-10-09 17:00:00,0.3,0.6,,0.1,,94.0,2.3,4.3,237.0,240.0,1006.7,141.0,0.0,,100.0
2025-10-09 18:00:00,0.5,0.6,1.6,0.3,0.1,89.0,2.6,4.6,211.0,212.0,1007.3,148.0,0.0,1.5,100.0
2025-10-09 19:00:00,0.6,1.0,,0.4,,85.0,2.6,4.2,174.0,183.0,1007.8,114.0,0.0,,100.0
2025-10-09 20:00:00,0.4,0.6,,0.3,,86.0,3.8,6.0,152.0,154.0,1008.0,46.0,0.0,,100.0
2025-10-09 21:00:00,0.3,0.4,,0.2,,87.0,4.5,6.6,141.0,144.0,1008.4,3.0,0.0,,100.0
2025-10-09 22:00:00,0.1,0.3,,0.1,,88.0,5.6,8.0,141.0,143.0,1008.5,0.0,0.0,,100.0
2025-10-09 23:00:00,0.0,0.1,,-0.1,,91.0,5.8,8.9,143.0,143.0,1008.7,0.0,0.0,,100.0
2025-10-10 00:00:00,-0.1,0.0,1.1,-0.1,-0.1,90.0,5.9,9.0,137.0,139.0,1008.9,0.0,0.0,1.5,100.0
2025-10-10 01:00:00,-0.1,0.0,,-0.1,,89.0,6.1,8.7,148.0,145.0,1008.7,0.0,0.0,,25.0
2025-10-10 02:00:00,-0.1,-0.1,,-0.2,,91.0,5.8,8.8,139.0,144.0,1008.5,0.0,0.0,,100.0
2025-10-10 03:00:00,-0.2,-0.1,,-0.4,,93.0,5.9,9.1,146.0,140.0,1008.7,0.0,0.1,,100.0
2025-10-10 04:00:00,-0.3,-0.1,,-0.4,,93.0,5.8,9.2,139.0,137.0,1008.5,0.0,0.0,,75.0
2025-10-10 05:00:00,0.0,0.1,,-0.2,,86.0,4.5,7.5,134.0,133.0,1008.4,0.0,0.0,,100.0
2025-10-10 06:00:00,0.1,0.2,1.0,0.0,-0.4,81.0,2.4,5.9,102.0,122.0,1008.4,0.0,0.0,1.6,100.0
2025-10-10 07:00:00,0.1,0.2,,0.0,,79.0,0.5,1.9,323.0,355.0,1008.3,0.0,0.0,,25.0
2025-10-10 08:00:00,-0.3,0.1,,-0.6,,78.0,1.8,2.9,48.0,28.0,1007.5,0.0,0.0,,0.0
2025-10-10 09:00:00,-0.4,-0.2,,-0.7,,76.0,1.3,3.0,29.0,32.0,1007.1,0.0,0.0,,0.0
2025-10-10 10:00:00,-0.8,-0.7,,-0.9,,77.0,1.8,3.2,64.0,37.0,1006.7,0.0,0.0,,0.0
2025-10-10 11:00:00,-0.5,-0.1,,-0.7,,73.0,0.7,1.5,206.0,95.0,1006.2,12.0,0.0,,0.0
2025-10-10 12:00:00,-0.3,0.0,0.2,-0.7,-0.9,72.0,0.5,1.8,7.0,317.0,1005.7,91.0,0.0,0.8,0.0
2025-10-10 13:00:00,0.4,0.8,,0.1,,72.0,0.9,2.2,32.0,42.0,1005.4,189.0,0.0,,0.0
2025-10-10 14:00:00,1.0,1.4,,0.4,,71.0,0.7,2.3,202.0,169.0,1004.9,261.0,0.0,,0.0
2025-10-10 15:00:00,0.5,1.3,,0.2,,76.0,1.0,2.0,343.0,281.0,1004.4,289.0,0.0,,0.0
2025-10-10 16:00:00,1.0,1.8,,0.7,,73.0,0.7,2.7,231.0,253.0,1003.9,315.0,0.0,,0.0
2025-10-10 17:00:00,0.7,1.0,,0.5,,74.0,1.5,2.3,303.0,260.0,1003.6,291.0,0.0,,0.0
2025-10-10 18:00:00,1.0,1.4,1.8,0.8,-0.9,71.0,1.1,2.1,325.0,300.0,1003.1,196.0,0.0,0.0,0.0
2025-10-10 19:00:00,1.0,1.6,,0.8,,69.0,1.4,4.2,175.0,311.0,1002.8,151.0,0.0,,100.0
2025-10-10 20:00:00,1.1,1.6,,0.6,,64.0,1.8,4.2,341.0,163.0,1002.3,37.0,0.0,,50.0
2025-10-10 21:00:00,0.4,0.6,,0.1,,68.0,1.4,2.8,295.0,325.0,1001.9,4.0,0.0,,0.0
2025-10-10 22:00:00,0.3,0.5,,0.2,,65.0,1.4,2.9,314.0,314.0,1001.0,0.0,0.0,,0.0
2025-10-10 23:00:00,0.2,0.4,,-0.1,,64.0,1.3,2.7,268.0,271.0,1000.4,0.0,0.0,,0.0
2025-10-11 00:00:00,-0.2,0.1,1.8,-0.4,-0.4,67.0,1.1,2.5,66.0,95.0,999.3,0.0,0.0,0.0,0.0
2025-10-11 01:00:00,-0.2,0.1,,-0.6,,63.0,1.1,2.4,183.0,65.0,998.1,0.0,0.0,,0.0
2025-10-11 02:00:00,-0.1,0.3,,-0.7,,67.0,0.8,2.1,27.0,281.0,997.0,0.0,0.0,,0.0
2025-10-11 03:00:00,0.4,1.0,,-0.2,,60.0,1.2,2.9,66.0,56.0,996.4,0.0,0.0,,0.0
2025-10-11 04:00:00,0.5,1.2,,-0.4,,59.0,1.7,3.3,37.0,65.0,995.6,0.0,0.0,,0.0
2025-10-11 05:00:00,0.7,1.1,,0.4,,51.0,2.9,5.2,26.0,30.0,994.5,0.0,0.0,,0.0
2025-10-11 06:00:00,0.6,0.9,1.6,0.1,-0.7,53.0,2.9,5.5,216.0,31.0,994.2,0.0,0.0,0.0,0.0
2025-10-11 07:00:00,0.5,0.9,,-0.2,,61.0,3.6,6.8,134.0,189.0,994.1,0.0,0.0,,0.0
2025-10-11 08:00:00,0.1,0.2,,-0.1,,73.0,4.7,8.3,159.0,157.0,993.7,0.0,0.0,,0.0
2025-10-11 09:00:00,0.3,0.6,,0.1,,65.0,5.7,9.1,157.0,160.0,993.5,0.0,0.0,,0.0
2025-10-11 10:00:00,0.4,0.6,,0.0,,71.0,8.0,11.3,150.0,150.0,993.6,0.0,0.0,,25.0
2025-10-11 11:00:00,-0.1,0.2,,-0.4,,83.0,9.0,13.9,139.0,143.0,993.6,16.0,0.0,,75.0
2025-10-11 12:00:00,0.2,0.3,1.2,0.1,-0.7,77.0,10.2,15.8,142.0,142.0,993.9,62.0,0.0,0.0,60.0
2025-10-11 13:00:00,0.3,0.6,,0.1,,81.0,10.3,16.8,140.0,137.0,993.8,76.0,0.0,,100.0
2025-10-11 14:00:00,0.4,1.3,,0.2,,88.0,10.0,16.6,137.0,138.0,993.4,49.0,0.0,,100.0
2025-10-11 15:00:00,1.7,1.8,,1.3,,82.0,13.1,20.1,136.0,135.0,992.8,90.0,0.0,,100.0
2025-10-11 16:00:00,1.1,1.8,,0.9,,91.0,12.9,20.4,135.0,135.0,993.0,66.0,0.4,,100.0
2025-10-11 17:00:00,1.1,1.3,,1.0,,93.0,12.5,18.4,137.0,135.0,992.7,50.0,0.7,,100.0
2025-10-11 18:00:00,1.3,1.7,1.8,1.0,-0.4,93.0,11.5,18.2,137.0,137.0,992.8,37.0,1.1,2.2,100.0
2025-10-11 19:00:00,1.6,1.8,,1.4,,92.0,12.1,18.1,138.0,139.0,992.3,21.0,0.8,,100.0
2025-10-11 20:00:00,1.6,1.8,,1.4,,93.0,11.5,16.8,140.0,141.0,992.8,9.0,0.8,,100.0
2025-10-11 21:00:00,2.2,2.5,,1.6,,90.0,16.2,27.3,141.0,138.0,992.7,0.0,0.0,,100.0
2025-10-11 22:00:00,1.0,1.6,,0.5,,97.0,14.6,23.0,149.0,147.0,995.2,0.0,0.5,,100.0
2025-10-11 23:00:00,0.7,1.1,,0.3,,99.0,8.6,16.6,169.0,168.0,997.3,0.0,1.2,,100.0
2025-10-12 00:00:00,0.5,0.7,2.5,0.3,0.1,99.0,9.5,17.4,142.0,154.0,997.7,0.0,0.5,6.0,100.0
2025-10-12 01:00:00,0.8,1.1,,0.4,,96.0,11.6,19.8,147.0,151.0,998.6,0.0,0.4,,90.0
2025-10-12 02:00:00,0.6,1.1,,0.3,,92.0,13.1,20.7,139.0,144.0,999.5,0.0,0.0,,90.0
2025-10-12 03:00:00,1.3,1.5,,0.8,,83.0,13.2,20.7,148.0,145.0,1000.8,0.0,0.0,,40.0
2025-10-12 04:00:00,1.4,1.5,,1.3,,79.0,14.0,21.1,140.0,143.0,1001.4,0.0,0.0,,90.0
2025-10-12 05:00:00,1.1,1.4,,0.6,,83.0,12.7,20.5,139.0,140.0,1002.4,0.0,0.0,,90.0
2025-10-12 06:00:00,1.2,1.4,2.5,0.9,0.3,81.0,13.6,21.1,135.0,137.0,1003.6,0.0,0.0,6.3,60.0
2025-10-12 07:00:00,0.5,1.1,,-0.1,,89.0,13.5,20.1,135.0,135.0,1004.2,0.0,0.0,,40.0
2025-10-12 08:00:00,0.5,0.8,,0.2,,89.0,14.4,21.4,140.0,137.0,1006.2,0.0,0.0,,100.0
2025-10-12 09:00:00,0.4,0.7,,0.1,,92.0,13.0,20.4,142.0,140.0,1007.6,0.0,0.0,,100.0
2025-10-12 10:00:00,0.2,0.5,,-0.3,,94.0,11.4,16.7,144.0,147.0,1008.8,0.0,0.5,,100.0
2025-10-12 11:00:00,0.0,0.5,,-0.4,,95.0,11.3,17.8,137.0,141.0,1009.7,8.0,0.3,,40.0
2025-10-12 12:00:00,0.2,0.5,1.5,-0.2,-0.4,93.0,11.2,16.1,136.0,137.0,1010.6,29.0,0.0,7.1,90.0
2025-10-12 13:00:00,0.1,0.4,,-0.1,,93.0,10.9,14.8,133.0,138.0,1011.9,83.0,0.0,,60.0
2025-10-12 14:00:00,0.6,1.1,,0.1,,88.0,10.2,14.8,138.0,136.0,1012.7,211.0,0.0,,40.0
2025-10-12 15:00:00,1.4,1.6,,1.1,,78.0,8.8,13.7,137.0,137.0,1013.4,280.0,0.0,,25.0
2025-10-12 16:00:00,1.6,1.8,,1.4,,79.0,8.1,12.1,137.0,136.0,1014.2,234.0,0.0,,60.0
2025-10-12 17:00:00,1.7,1.8,,1.6,,79.0,8.1,11.9,134.0,136.0,1014.8,264.0,0.0,,50.0
2025-10-12 18:00:00,1.5,1.8,1.8,1.3,-0.4,79.0,7.9,11.3,135.0,135.0,1015.9,167.0,0.0,4.9,100.0
2025-10-12 19:00:00,0.7,1.4,,0.2,,88.0,7.0,11.7,146.0,146.0,1016.8,159.0,0.2,,100.0
2025-10-12 20:00:00,1.0,1.2,,0.7,,84.0,5.9,10.1,146.0,140.0,1017.6,29.0,0.0,,40.0
2025-10-12 21:00:00,1.4,1.5,,1.2,,77.0,6.4,9.9,136.0,138.0,1017.9,2.0,0.0,,90.0
2025-10-12 22:00:00,1.5,1.5,,1.4,,73.0,6.0,10.1,141.0,139.0,1018.4,0.0,0.0,,90.0
2025-10-12 23:00:00,1.4,1.6,,1.3,,72.0,5.4,9.4,142.0,142.0,1019.0,0.0,0.0,,0.0
2025-10-13 00:00:00,1.3,1.4,1.8,1.2,-0.1,74.0,5.8,8.5,134.0,142.0,1019.1,0.0,0.0,1.3,40.0
2025-10-13 01:00:00,1.2,1.3,,1.1,,74.0,6.2,9.6,141.0,139.0,1019.2,0.0,0.0,,0.0
2025-10-13 02:00:00,1.1,1.4,,0.9,,71.0,4.6,8.0,146.0,144.0,1019.1,0.0,0.0,,0.0
2025-10-13 03:00:00,1.4,1.5,,1.1,,63.0,4.8,7.2,142.0,142.0,1019.4,0.0,0.0,,0.0
2025-10-13 04:00:00,1.3,1.5,,1.1,,64.0,4.3,6.7,135.0,139.0,1019.6,0.0,0.0,,0.0
2025-10-13 05:00:00,1.3,1.4,,1.1,,63.0,3.6,5.7,136.0,131.0,1019.2,0.0,0.0,,0.0
2025-10-13 06:00:00,1.1,1.5,1.6,0.6,0.2,63.0,2.0,6.1,87.0,118.0,1018.9,0.0,0.0,0.9,0.0
2025-10-13 07:00:00,0.7,0.9,,0.4,,65.0,1.2,4.4,32.0,77.0,1018.3,0.0,0.0,,0.0
2025-10-13 08:00:00,0.3,0.7,,0.1,,64.0,2.6,5.8,33.0,29.0,1017.2,0.0,0.0,,0.0
2025-10-13 09:00:00,0.2,0.5,,0.0,,64.0,2.6,4.6,33.0,30.0,1016.8,0.0,0.0,,40.0
2025-10-13 10:00:00,0.4,0.8,,0.0,,61.0,1.2,3.8,41.0,19.0,1016.3,0.0,0.0,,10.0
2025-10-13 11:00:00,0.5,0.8,,0.2,,60.0,1.3,3.4,250.0,308.0,1015.7,11.0,0.0,,100.0
2025-10-13 12:00:00,1.0,1.6,1.6,0.7,0.0,60.0,1.6,6.5,137.0,162.0,1015.3,31.0,0.0,0.1,100.0
2025-10-13 13:00:00,2.0,2.3,,1.6,,46.0,6.7,10.9,152.0,151.0,1014.5,48.0,0.0,,100.0
2025-10-13 14:00:00,2.2,2.5,,1.9,,44.0,9.2,12.9,151.0,149.0,1013.8,66.0,0.0,,100.0
2025-10-13 15:00:00,2.1,2.3,,2.0,,45.0,10.1,14.6,149.0,151.0,1012.8,87.0,0.0,,100.0
2025-10-13 16:00:00,2.1,2.4,,2.0,,46.0,10.5,15.7,142.0,144.0,1012.2,61.0,0.0,,100.0
2025-10-13 17:00:00,2.7,2.8,,2.4,,43.0,11.7,16.8,140.0,140.0,1012.0,38.0,0.0,,100.0
2025-10-13 18:00:00,3.1,3.7,3.7,2.6,0.0,43.0,11.3,16.2,137.0,138.0,1011.6,37.0,0.0,0.1,100.0
2025-10-13 19:00:00,3.8,3.9,,3.7,,41.0,11.8,16.8,142.0,142.0,1012.0,32.0,0.0,,100.0
2025-10-13 20:00:00,3.5,4.0,,3.2,,49.0,12.2,17.7,146.0,148.0,1011.7,12.0,0.0,,100.0
2025-10-13 21:00:00,4.6,5.1,,4.1,,50.0,14.4,25.0,139.0,141.0,1010.4,0.0,0.0,,100.0
2025-10-13 22:00:00,4.9,5.2,,4.7,,59.0,15.8,23.5,139.0,138.0,1011.3,0.0,0.0,,100.0
2025-10-13 23:00:00,4.6,5.0,,3.5,,66.0,13.3,20.8,155.0,145.0,1011.8,0.0,0.0,,100.0
2025-10-14 00:00:00,3.5,3.6,5.2,3.3,1.6,69.0,13.5,18.8,160.0,155.0,1012.5,0.0,0.0,0.0,100.0
2025-10-14 01:00:00,3.4,3.6,,3.3,,66.0,13.3,18.7,153.0,153.0,1012.9,0.0,0.0,,100.0
2025-10-14 02:00:00,3.4,3.8,,3.2,,62.0,16.8,23.2,150.0,151.0,1013.5,0.0,0.0,,100.0
2025-10-14 03:00:00,3.0,3.2,,2.8,,76.0,16.2,23.1,141.0,145.0,1013.2,0.0,0.0,,100.0
2025-10-14 04:00:00,3.0,3.3,,2.7,,84.0,17.1,24.9,136.0,137.0,1012.7,0.0,0.0,,100.0
2025-10-14 05:00:00,3.4,3.8,,3.2,,85.0,15.5,23.3,140.0,138.0,1013.4,0.0,0.0,,100.0
2025-10-14 06:00:00,4.1,4.5,5.2,3.8,2.7,81.0,14.4,21.7,136.0,140.0,1014.0,0.0,0.0,0.0,100.0
2025-10-14 07:00:00,3.9,4.2,,3.7,,86.0,12.9,19.8,140.0,139.0,1014.7,0.0,0.4,,100.0
2025-10-14 08:00:00,3.7,4.1,,3.4,,89.0,12.3,17.6,136.0,139.0,1014.7,0.0,0.8,,100.0
2025-10-14 09:00:00,3.8,4.1,,3.5,,90.0,13.3,19.8,135.0,138.0,1014.7,0.0,0.4,,100.0
2025-10-14 10:00:00,4.9,5.3,,4.1,,80.0,12.5,18.9,144.0,140.0,1015.2,0.0,0.0,,100.0
2025-10-14 11:00:00,5.0,5.1,,4.9,,77.0,9.5,15.6,152.0,145.0,1016.2,1.0,0.0,,100.0
2025-10-14 12:00:00,4.4,5.0,5.3,4.1,2.7,72.0,8.4,13.0,152.0,155.0,1016.3,14.0,0.0,1.4,100.0
2025-10-14 13:00:00,4.3,4.4,,4.2,,66.0,9.1,13.7,151.0,152.0,1016.5,27.0,0.0,,100.0
2025-10-14 14:00:00,4.5,4.7,,4.4,,64.0,9.9,16.1,158.0,152.0,1016.9,42.0,0.0,,100.0
2025-10-14 15:00:00,4.4,4.6,,4.0,,68.0,9.2,13.6,156.0,155.0,1017.2,41.0,0.0,,100.0
2025-10-14 16:00:00,3.9,4.0,,3.7,,75.0,8.3,12.8,146.0,148.0,1017.2,52.0,0.0,,100.0
2025-10-14 17:00:00,4.0,4.1,,3.8,,79.0,7.9,12.0,141.0,142.0,1017.3,30.0,0.2,,100.0
2025-10-14 18:00:00,3.9,4.0,5.3,3.8,3.4,82.0,9.2,14.0,140.0,142.0,1017.3,28.0,0.3,2.0,100.0
2025-10-14 19:00:00,4.1,4.3,,3.9,,83.0,8.9,13.7,152.0,142.0,1017.8,12.0,0.2,,100.0
2025-10-14 20:00:00,4.5,4.7,,4.2,,82.0,7.1,10.6,150.0,149.0,1017.7,4.0,0.0,,100.0
2025-10-14 21:00:00,4.7,5.3,,3.0,,81.0,4.4,9.4,68.0,142.0,1018.3,0.0,0.0,,100.0
2025-10-14 22:00:00,3.7,4.9,,2.8,,88.0,1.5,4.2,144.0,130.0,1018.3,0.0,0.0,,100.0
2025-10-14 23:00:00,6.1,6.3,,5.1,,72.0,5.3,10.8,158.0,159.0,1018.2,0.0,0.0,,100.0
2025-10-15 00:00:00,6.4,6.6,6.6,6.2,2.8,71.0,7.7,11.7,150.0,146.0,1018.1,0.0,0.0,2.2,100.0
2025-10-15 01:00:00,6.0,6.4,,5.5,,76.0,8.4,13.2,158.0,152.0,1018.6,0.0,0.3,,100.0
2025-10-15 02:00:00,4.6,5.5,,3.9,,84.0,7.1,11.7,166.0,161.0,1018.6,0.0,0.1,,100.0
2025-10-15 03:00:00,4.8,5.3,,4.2,,76.0,7.6,11.6,162.0,163.0,1018.6,0.0,0.0,,100.0
2025-10-15 04:00:00,4.4,4.8,,3.8,,75.0,6.1,11.4,138.0,148.0,1018.8,0.0,0.0,,100.0
2025-10-15 05:00:00,4.1,4.7,,3.1,,81.0,2.5,5.9,18.0,132.0,1019.0,0.0,0.0,,100.0
2025-10-15 06:00:00,4.0,4.7,6.6,2.8,2.8,87.0,4.3,9.9,145.0,131.0,1019.1,0.0,0.0,2.6,100.0
2025-10-15 07:00:00,4.9,5.0,,4.5,,70.0,8.0,12.8,138.0,137.0,1018.9,0.0,0.0,,100.0
2025-10-15 08:00:00,5.3,6.0,,4.8,,68.0,6.2,11.1,144.0,140.0,1019.3,0.0,0.0,,100.0
2025-10-15 09:00:00,6.9,7.7,,5.1,,64.0,4.2,9.9,238.0,148.0,1019.2,0.0,0.0,,100.0
2025-10-15 10:00:00,3.9,5.5,,2.8,,88.0,2.6,5.7,355.0,287.0,1019.3,0.0,0.0,,100.0
2025-10-15 11:00:00,3.2,4.1,,2.8,,95.0,2.9,6.6,271.0,315.0,1019.9,3.0,0.0,,100.0
2025-10-15 12:00:00,3.9,4.3,7.7,3.5,2.8,90.0,1.5,3.0,22.0,358.0,1020.1,29.0,0.0,1.1,100.0
2025-10-15 13:00:00,4.3,4.9,,3.8,,87.0,1.9,4.8,2.0,24.0,1020.0,35.0,0.0,,100.0
2025-10-15 14:00:00,4.8,6.7,,3.3,,84.0,2.1,4.3,19.0,8.0,1019.7,44.0,0.0,,100.0
2025-10-15 15:00:00,6.9,8.1,,5.4,,71.0,0.9,4.4,226.0,128.0,1019.6,74.0,0.0,,100.0
2025-10-15 16:00:00,7.0,8.8,,4.9,,71.0,4.8,10.0,162.0,169.0,1019.9,52.0,0.0,,100.0
2025-10-15 17:00:00,5.3,5.8,,5.0,,75.0,7.7,10.9,157.0,156.0,1019.7,96.0,0.0,,100.0
2025-10-15 18:00:00,5.8,6.1,8.8,5.3,2.8,74.0,4.7,8.4,135.0,146.0,1020.2,109.0,0.0,0.6,100.0
2025-10-15 19:00:00,5.9,6.2,,5.6,,76.0,1.6,3.9,163.0,144.0,1020.5,80.0,0.0,,100.0
2025-10-15 20:00:00,5.9,6.2,,5.6,,78.0,1.9,4.2,146.0,152.0,1020.7,28.0,0.0,,75.0
2025-10-15 21:00:00,5.9,6.1,,5.6,,77.0,1.3,4.5,142.0,138.0,1020.9,0.0,0.0,,100.0
2025-10-15 22:00:00,5.3,5.7,,4.7,,76.0,4.9,8.3,145.0,145.0,1021.1,0.0,0.0,,0.0
2025-10-15 23:00:00,4.8,4.9,,4.7,,75.0,6.3,9.8,141.0,142.0,1021.1,0.0,0.0,,0.0
2025-10-16 00:00:00,4.8,5.0,8.8,4.7,3.3,75.0,6.3,9.2,137.0,140.0,1021.2,0.0,0.0,0.4,0.0
2025-10-16 01:00:00,5.2,5.6,,4.9,,75.0,5.4,8.1,136.0,134.0,1021.6,0.0,0.0,,0.0
2025-10-16 02:00:00,5.3,5.6,,4.6,,77.0,2.7,5.9,2.0,135.0,1021.9,0.0,0.0,,75.0
2025-10-16 03:00:00,5.1,5.6,,3.6,,80.0,2.2,6.6,135.0,117.0,1021.7,0.0,0.0,,60.0
2025-10-16 04:00:00,6.1,6.5,,5.5,,71.0,6.9,10.1,145.0,146.0,1021.3,0.0,0.0,,100.0
2025-10-16 05:00:00,7.0,7.3,,6.6,,66.0,6.4,9.8,153.0,150.0,1021.4,0.0,0.0,,100.0
2025-10-16 06:00:00,7.3,7.5,7.5,7.0,3.6,65.0,5.2,7.8,141.0,146.0,1021.7,0.0,0.0,0.0,100.0
2025-10-16 07:00:00,7.7,8.4,,7.2,,62.0,6.3,10.5,135.0,136.0,1021.5,0.0,0.0,,100.0
2025-10-16 08:00:00,8.3,8.7,,7.8,,65.0,6.6,11.0,138.0,134.0,1021.5,0.0,0.0,,100.0
2025-10-16 09:00:00,8.1,8.5,,6.1,,78.0,5.8,11.0,141.0,145.0,1022.0,0.0,0.0,,100.0
2025-10-16 10:00:00,5.9,7.2,,4.1,,84.0,1.5,3.9,6.0,85.0,1022.0,0.0,0.0,,100.0
2025-10-16 11:00:00,3.4,4.6,,2.4,,86.0,3.0,4.6,30.0,15.0,1022.1,2.0,0.0,,100.0
2025-10-16 12:00:00,4.6,6.2,8.7,3.0,2.4,82.0,2.5,4.8,50.0,33.0,1022.1,14.0,0.3,0.3,100.0
2025-10-16 13:00:00,4.8,6.4,,3.2,,85.0,1.0,2.7,339.0,3.0,1022.3,26.0,0.5,,100.0
2025-10-16 14:00:00,3.8,5.1,,3.0,,91.0,1.2,3.2,6.0,8.0,1022.4,41.0,0.7,,100.0
2025-10-16 15:00:00,2.9,3.3,,2.6,,97.0,1.7,3.1,21.0,17.0,1022.7,30.0,1.8,,100.0
2025-10-16 16:00:00,4.6,6.6,,2.8,,99.0,2.8,8.2,149.0,135.0,1022.5,34.0,1.8,,100.0
2025-10-16 17:00:00,6.4,6.9,,5.8,,99.0,7.4,11.2,154.0,153.0,1022.6,39.0,1.0,,100.0
2025-10-16 18:00:00,5.6,5.8,8.7,5.3,2.4,100.0,8.7,13.1,150.0,152.0,1023.1,25.0,1.0,7.0,100.0
2025-10-16 19:00:00,5.2,5.3,,5.1,,100.0,7.2,10.7,155.0,152.0,1023.6,13.0,2.7,,100.0
2025-10-16 20:00:00,5.2,5.3,,5.2,,100.0,6.3,8.6,150.0,149.0,1023.8,3.0,1.6,,100.0
2025-10-16 21:00:00,5.3,5.4,,5.2,,100.0,4.2,7.0,152.0,156.0,1023.8,0.0,0.9,,100.0
2025-10-16 22:00:00,5.6,5.8,,5.4,,100.0,3.1,4.9,155.0,157.0,1023.8,0.0,0.8,,
2025-10-16 23:00:00,6.0,6.1,,5.8,,100.0,3.1,5.0,151.0,146.0,1023.9,0.0,1.1,,
2025-10-17 00:00:00,5.4,6.0,6.9,4.6,2.6,100.0,1.8,4.1,151.0,150.0,1023.8,0.0,1.9,16.0,
2025-10-17 01:00:00,4.8,5.4,,3.7,,100.0,1.4,3.2,130.0,123.0,1023.7,0.0,2.5,,
2025-10-17 02:00:00,5.1,5.5,,4.8,,100.0,0.6,1.6,325.0,61.0,1023.4,0.0,1.3,,100.0
2025-10-17 03:00:00,3.7,4.5,,3.3,,100.0,1.9,3.0,350.0,350.0,1023.3,0.0,1.7,,100.0
2025-10-17 04:00:00,3.7,4.1,,3.0,,100.0,2.6,3.4,9.0,8.0,1023.0,0.0,0.5,,100.0
2025-10-17 05:00:00,4.1,4.6,,3.6,,100.0,2.3,3.4,38.0,20.0,1022.7,0.0,0.3,,100.0
2025-10-17 06:00:00,5.2,5.6,6.1,4.5,3.0,100.0,2.6,4.1,12.0,36.0,1022.5,0.0,0.4,22.5,100.0
2025-10-17 07:00:00,4.3,5.5,,3.1,,100.0,1.9,3.6,20.0,30.0,1022.6,0.0,0.4,,100.0
2025-10-17 08:00:00,3.2,3.8,,2.6,,100.0,3.3,4.2,358.0,2.0,1022.7,0.0,0.0,,100.0
2025-10-17 09:00:00,2.9,3.4,,2.5,,100.0,3.8,5.6,354.0,360.0,1022.8,0.0,0.1,,
2025-10-17 10:00:00,3.3,3.5,,3.0,,100.0,4.7,5.9,358.0,8.0,1022.5,0.0,0.1,,100.0
2025-10-17 11:00:00,3.2,3.6,,2.8,,100.0,5.3,7.1,10.0,6.0,1022.2,12.0,0.0,,
2025-10-17 12:00:00,2.7,2.9,5.6,2.4,2.4,100.0,5.9,8.3,4.0,4.0,1022.1,53.0,0.0,22.8,
2025-10-17 13:00:00,2.3,2.8,,2.0,,100.0,5.4,7.3,350.0,359.0,1022.2,56.0,0.0,,
2025-10-17 14:00:00,2.9,3.3,,2.5,,100.0,5.7,7.7,1.0,356.0,1021.8,73.0,0.1,,
2025-10-17 15:00:00,3.3,4.1,,3.0,,100.0,5.6,7.4,18.0,359.0,1021.5,185.0,0.0,,
2025-10-17 16:00:00,3.9,4.4,,3.1,,100.0,6.5,8.8,2.0,3.0,1020.7,223.0,0.0,,
2025-10-17 17:00:00,4.0,4.8,,3.2,,100.0,6.9,8.3,7.0,5.0,1020.3,171.0,0.0,,
2025-10-17 18:00:00,3.2,4.3,5.5,2.6,2.0,100.0,7.0,8.8,5.0,6.0,1020.2,113.0,0.0,16.2,
2025-10-17 19:00:00,3.1,3.4,,2.3,,100.0,6.2,7.7,2.0,6.0,1019.5,84.0,0.0,,
2025-10-17 20:00:00,2.6,3.3,,2.0,,100.0,6.0,7.8,2.0,4.0,1019.3,15.0,0.0,,25.0
2025-10-17 21:00:00,2.8,3.2,,2.4,,100.0,6.3,7.9,359.0,1.0,1019.0,0.0,0.1,,
2025-10-17 22:00:00,2.1,2.7,,1.5,,100.0,6.3,7.7,359.0,357.0,1018.4,0.0,0.0,,
2025-10-17 23:00:00,2.3,2.7,,1.6,,100.0,6.0,7.4,3.0,2.0,1017.9,0.0,0.0,,
2025-10-18 00:00:00,2.1,2.5,4.8,1.7,1.5,100.0,6.8,9.5,14.0,9.0,1017.8,0.0,0.0,7.4,
2025-10-18 01:00:00,1.4,2.1,,0.8,,100.0,6.0,8.5,352.0,356.0,1017.5,0.0,0.0,,
2025-10-18 02:00:00,1.2,1.6,,0.7,,100.0,6.4,8.1,358.0,358.0,1017.0,0.0,0.1,,
2025-10-18 03:00:00,1.2,1.6,,1.0,,100.0,6.4,8.4,352.0,3.0,1016.8,0.0,0.0,,
2025-10-18 04:00:00,1.0,1.2,,0.6,,100.0,6.1,9.0,8.0,360.0,1016.2,0.0,0.0,,100.0
2025-10-18 05:00:00,1.3,1.7,,1.0,,100.0,6.5,8.3,359.0,359.0,1016.1,0.0,0.0,,100.0
2025-10-18 06:00:00,0.8,1.4,3.4,0.5,0.5,100.0,6.3,7.8,353.0,357.0,1015.8,0.0,0.0,1.0,100.0
2025-10-18 07:00:00,1.1,1.6,,0.5,,100.0,6.0,7.8,350.0,355.0,1016.0,0.0,0.0,,100.0
2025-10-18 08:00:00,1.3,1.6,,0.7,,100.0,6.0,7.6,359.0,359.0,1015.5,0.0,0.0,,75.0
2025-10-18 09:00:00,1.3,2.7,,0.5,,100.0,5.1,7.2,12.0,9.0,1016.0,0.0,0.0,,100.0
2025-10-18 10:00:00,1.1,1.3,,0.8,,100.0,3.5,5.2,341.0,349.0,1016.4,0.0,0.0,,100.0
2025-10-18 11:00:00,1.4,1.8,,0.9,,100.0,3.6,4.3,323.0,335.0,1016.4,9.0,0.0,,100.0
2025-10-18 12:00:00,1.4,1.6,2.7,0.8,0.5,100.0,3.1,4.2,31.0,332.0,1016.6,15.0,0.0,0.4,100.0
2025-10-18 13:00:00,2.2,2.4,,1.5,,100.0,1.4,3.4,229.0,2.0,1016.8,37.0,0.0,,100.0
2025-10-18 14:00:00,1.9,2.1,,1.5,,100.0,1.5,3.4,224.0,228.0,1016.9,127.0,0.0,,
2025-10-18 15:00:00,2.3,3.0,,1.9,,100.0,1.3,3.2,195.0,220.0,1017.2,192.0,0.0,,40.0
2025-10-18 16:00:00,3.1,4.1,,2.1,,99.0,1.4,3.0,203.0,189.0,1017.3,238.0,0.0,,100.0
2025-10-18 17:00:00,3.1,3.6,,2.6,,99.0,3.7,5.7,181.0,176.0,1017.5,159.0,0.0,,100.0
2025-10-18 18:00:00,2.6,2.8,4.1,2.4,0.5,100.0,3.8,6.2,167.0,176.0,1018.0,109.0,0.0,0.2,50.0
2025-10-18 19:00:00,2.5,2.9,,2.3,,98.0,3.4,5.2,192.0,175.0,1018.4,85.0,0.0,,40.0
2025-10-18 20:00:00,2.2,2.4,,2.0,,99.0,2.7,4.1,161.0,173.0,1019.1,21.0,0.0,,60.0
2025-10-18 21:00:00,1.9,2.0,,1.8,,100.0,3.0,4.1,170.0,175.0,1019.8,0.0,0.0,,100.0
2025-10-18 22:00:00,1.7,1.8,,1.4,,100.0,3.8,6.3,156.0,153.0,1020.1,0.0,0.0,,100.0
2025-10-18 23:00:00,1.2,1.4,,1.1,,100.0,4.6,6.6,165.0,154.0,1020.7,0.0,0.0,,
2025-10-19 00:00:00,1.1,1.2,4.1,1.0,1.0,100.0,4.5,7.1,163.0,164.0,1020.9,0.0,0.0,0.1,
2025-10-19 01:00:00,0.9,1.1,,0.9,,100.0,2.7,4.5,162.0,169.0,1021.1,0.0,0.0,,
2025-10-19 02:00:00,0.7,0.9,,0.5,,100.0,2.7,5.0,156.0,162.0,1021.4,0.0,0.0,,
2025-10-19 03:00:00,0.4,0.6,,0.1,,100.0,2.1,3.9,145.0,148.0,1021.6,0.0,0.0,,
2025-10-19 04:00:00,-0.2,0.2,,-0.4,,100.0,1.5,2.7,138.0,147.0,1022.0,0.0,0.0,,
2025-10-19 05:00:00,-0.4,-0.3,,-0.5,,100.0,1.8,2.8,126.0,148.0,1021.9,0.0,0.0,,
2025-10-19 06:00:00,-0.7,-0.5,2.9,-1.0,-1.0,100.0,0.8,2.5,17.0,136.0,1022.3,0.0,0.0,0.0,
2025-10-19 07:00:00,-1.0,-0.9,,-1.2,,100.0,1.6,3.6,348.0,348.0,1022.1,0.0,0.0,,
2025-10-19 08:00:00,-1.3,-1.0,,-1.5,,100.0,2.3,3.7,340.0,339.0,1022.3,0.0,0.0,,
2025-10-19 09:00:00,-1.5,-1.4,,-1.9,,100.0,4.1,5.8,7.0,354.0,1022.1,0.0,0.1,,
2025-10-19 10:00:00,-1.4,-1.3,,-1.6,,100.0,4.1,6.0,39.0,15.0,1021.9,0.0,0.0,,
2025-10-19 11:00:00,-1.6,-1.3,,-1.9,,100.0,4.0,6.0,1.0,13.0,1021.5,3.0,0.1,,
2025-10-19 12:00:00,-1.8,-1.6,1.1,-2.0,-2.0,100.0,5.4,7.9,7.0,7.0,1021.2,23.0,0.0,0.2,
2025-10-19 13:00:00,-2.1,-1.8,,-2.3,,100.0,4.8,6.4,13.0,2.0,1021.3,88.0,0.0,,
2025-10-19 14:00:00,-1.9,-1.8,,-2.1,,99.0,5.3,7.4,5.0,7.0,1021.0,150.0,0.0,,
2025-10-19 15:00:00,-2.0,-1.8,,-2.1,,99.0,4.8,7.7,350.0,360.0,1020.9,186.0,0.0,,
2025-10-19 16:00:00,-1.9,-1.8,,-2.1,,99.0,4.8,6.6,2.0,358.0,1020.5,205.0,0.0,,
2025-10-19 17:00:00,-1.8,-1.4,,-2.0,,99.0,4.8,6.0,6.0,5.0,1020.3,193.0,0.0,,
2025-10-19 18:00:00,-2.0,-1.8,-0.9,-2.1,-2.3,99.0,4.9,6.3,350.0,360.0,1019.9,142.0,0.0,0.2,
2025-10-19 19:00:00,-2.2,-2.1,,-2.3,,99.0,4.2,5.5,357.0,353.0,1019.7,78.0,0.1,,
2025-10-19 20:00:00,-2.4,-2.3,,-2.4,,99.0,4.7,5.8,360.0,356.0,1019.3,14.0,0.0,,40.0
2025-10-19 21:00:00,-2.5,-2.3,,-2.6,,99.0,5.0,6.3,360.0,360.0,1019.0,0.0,0.0,,
2025-10-19 22:00:00,-2.2,-1.9,,-2.4,,99.0,4.5,6.8,358.0,358.0,1018.7,0.0,0.0,,
2025-10-19 23:00:00,-2.0,-1.4,,-2.4,,99.0,4.2,6.0,347.0,352.0,1018.5,0.0,0.0,,25.0
2025-10-20 00:00:00,-1.6,-1.5,-1.4,-1.8,-2.6,100.0,4.6,5.6,359.0,359.0,1018.1,0.0,0.0,0.2,0.0
2025-10-20 01:00:00,-1.4,-1.2,,-1.6,,100.0,4.6,6.2,11.0,6.0,1017.8,0.0,0.0,,0.0
2025-10-20 02:00:00,-1.3,-0.9,,-1.6,,100.0,4.3,6.3,9.0,2.0,1017.5,0.0,0.0,,0.0
2025-10-20 03:00:00,-1.2,-1.0,,-1.4,,100.0,4.5,7.1,10.0,6.0,1017.2,0.0,0.0,,10.0
2025-10-20 04:00:00,-0.9,-0.7,,-1.1,,100.0,4.3,5.4,4.0,360.0,1017.2,0.0,0.0,,40.0
2025-10-20 05:00:00,-0.8,-0.6,,-1.0,,100.0,4.1,5.8,358.0,4.0,1017.3,0.0,0.0,,90.0
2025-10-20 06:00:00,-0.4,-0.3,-0.3,-0.7,-2.6,100.0,4.5,6.1,20.0,15.0,1018.2,0.0,0.0,0.2,100.0
2025-10-20 07:00:00,-0.7,-0.4,,-0.7,,100.0,2.3,3.0,17.0,8.0,1018.3,0.0,0.0,,100.0
2025-10-20 08:00:00,-0.4,-0.1,,-0.6,,100.0,0.5,2.2,126.0,39.0,1018.4,0.0,0.0,,100.0
2025-10-20 09:00:00,0.1,0.3,,-0.1,,100.0,0.4,1.0,253.0,213.0,1018.7,0.0,0.0,,100.0
2025-10-20 10:00:00,-0.2,0.1,,-0.3,,100.0,1.6,3.9,15.0,11.0,1018.9,0.0,0.0,,100.0
2025-10-20 11:00:00,0.1,0.7,,-0.3,,100.0,1.0,2.5,161.0,115.0,1019.1,5.0,0.0,,100.0
2025-10-20 12:00:00,1.0,1.5,1.5,0.7,-1.6,98.0,2.1,5.5,154.0,144.0,1018.8,23.0,0.1,0.1,100.0
2025-10-20 13:00:00,1.4,1.5,,1.3,,93.0,5.5,9.4,149.0,154.0,1018.8,45.0,0.4,,100.0
2025-10-20 14:00:00,1.5,1.6,,1.4,,92.0,5.8,8.7,149.0,143.0,1019.0,81.0,0.0,,100.0
2025-10-20 15:00:00,1.6,1.6,,1.5,,92.0,5.4,8.2,150.0,148.0,1018.8,93.0,0.0,,100.0
2025-10-20 16:00:00,1.6,1.7,,1.5,,94.0,3.7,6.2,118.0,144.0,1018.3,82.0,0.0,,100.0
2025-10-20 17:00:00,1.8,1.9,,1.5,,90.0,1.7,3.0,286.0,12.0,1018.2,134.0,0.0,,100.0
2025-10-20 18:00:00,1.5,2.1,2.1,0.9,-0.7,92.0,2.1,5.3,149.0,197.0,1018.3,66.0,0.0,0.5,100.0
2025-10-20 19:00:00,1.7,1.9,,1.5,,96.0,4.3,6.8,162.0,156.0,1018.1,25.0,0.0,,100.0
2025-10-20 20:00:00,1.5,1.6,,1.4,,97.0,5.3,7.5,151.0,152.0,1018.1,11.0,0.0,,100.0
2025-10-20 21:00:00,1.5,1.7,,1.5,,96.0,3.9,6.0,124.0,141.0,1017.4,0.0,0.0,,100.0
2025-10-20 22:00:00,1.8,2.1,,1.7,,93.0,2.9,5.1,101.0,113.0,1016.9,0.0,0.0,,100.0
2025-10-20 23:00:00,2.1,2.4,,1.9,,89.0,1.5,3.6,158.0,157.0,1016.8,0.0,0.0,,100.0
2025-10-21 00:00:00,2.2,2.4,2.4,2.0,0.9,86.0,2.2,4.2,171.0,174.0,1016.6,0.0,0.0,0.4,100.0
2025-10-21 01:00:00,1.3,2.1,,0.6,,91.0,1.0,2.4,146.0,126.0,1016.0,0.0,0.0,,100.0
2025-10-21 02:00:00,1.6,1.9,,1.1,,88.0,2.0,3.6,145.0,155.0,1015.8,0.0,0.0,,0.0
2025-10-21 03:00:00,1.8,2.1,,1.6,,86.0,2.7,5.4,113.0,127.0,1015.2,0.0,0.0,,0.0
2025-10-21 04:00:00,2.1,2.3,,2.0,,82.0,3.1,4.9,155.0,140.0,1014.8,0.0,0.0,,50.0
2025-10-21 05:00:00,1.8,2.1,,1.5,,84.0,1.6,3.5,107.0,143.0,1014.7,0.0,0.0,,100.0
2025-10-21 06:00:00,2.2,2.4,2.4,1.9,0.6,81.0,2.3,5.0,128.0,134.0,1014.4,0.0,0.0,0.4,100.0
2025-10-21 07:00:00,2.5,3.1,,1.8,,80.0,5.0,10.5,147.0,141.0,1013.6,0.0,0.0,,100.0
2025-10-21 08:00:00,2.9,3.1,,2.6,,77.0,5.2,8.4,154.0,153.0,1013.1,0.0,0.0,,100.0
2025-10-21 09:00:00,2.5,3.1,,0.4,,80.0,3.0,6.3,9.0,142.0,1012.7,0.0,0.0,,100.0
2025-10-21 10:00:00,0.1,0.7,,0.0,,95.0,2.7,4.0,360.0,9.0,1012.3,0.0,0.3,,100.0
2025-10-21 11:00:00,0.2,0.6,,0.0,,95.0,2.1,3.9,21.0,15.0,1011.8,0.0,0.0,,100.0
2025-10-21 12:00:00,0.7,2.1,3.1,0.0,0.0,91.0,3.1,5.0,25.0,16.0,1011.3,9.0,0.2,0.9,100.0
2025-10-21 13:00:00,2.2,3.0,,0.7,,87.0,1.5,4.3,166.0,129.0,1010.6,13.0,0.1,,100.0
2025-10-21 14:00:00,1.4,2.6,,0.1,,91.0,2.6,5.5,127.0,79.0,1010.6,19.0,0.0,,100.0
2025-10-21 15:00:00,2.1,2.3,,2.0,,98.0,4.3,7.8,130.0,139.0,1010.5,15.0,0.6,,100.0
2025-10-21 16:00:00,1.4,2.2,,0.0,,99.0,2.8,6.6,86.0,87.0,1009.2,24.0,0.3,,100.0
2025-10-21 17:00:00,2.5,3.3,,1.9,,97.0,4.0,11.7,144.0,129.0,1009.0,10.0,0.2,,100.0
2025-10-21 18:00:00,3.2,3.9,3.9,3.0,0.0,97.0,9.4,16.2,135.0,139.0,1007.2,8.0,0.5,2.2,100.0
2025-10-21 19:00:00,4.4,4.9,,4.0,,91.0,12.4,19.6,145.0,138.0,1006.6,6.0,0.0,,100.0
2025-10-21 20:00:00,4.5,4.9,,4.1,,87.0,13.3,21.3,150.0,147.0,1005.6,1.0,0.0,,100.0
2025-10-21 21:00:00,3.9,4.2,,3.6,,92.0,13.1,19.9,150.0,150.0,1005.3,0.0,0.8,,100.0
2025-10-21 22:00:00,4.2,4.7,,3.6,,89.0,15.9,28.2,138.0,141.0,1001.8,0.0,2.8,,100.0
2025-10-21 23:00:00,4.2,4.5,,3.9,,87.0,19.5,29.5,139.0,139.0,1002.2,0.0,1.5,,90.0
2025-10-22 00:00:00,3.8,4.0,4.9,3.6,0.0,89.0,22.4,34.1,139.0,137.0,1000.2,0.0,3.0,10.3,100.0
2025-10-22 01:00:00,3.8,4.1,,3.3,,89.0,22.1,35.4,139.0,139.0,1000.8,0.0,1.1,,100.0
2025-10-22 02:00:00,3.6,3.7,,3.3,,90.0,22.4,33.8,141.0,141.0,1000.6,0.0,0.0,,100.0
2025-10-22 03:00:00,3.4,3.6,,3.2,,93.0,22.9,34.3,142.0,141.0,999.8,0.0,1.1,,100.0
2025-10-22 04:00:00,3.3,3.4,,3.2,,94.0,22.9,34.0,140.0,140.0,999.5,0.0,0.0,,100.0
2025-10-22 05:00:00,3.4,3.7,,3.2,,92.0,24.7,36.8,140.0,140.0,998.5,0.0,1.2,,100.0
2025-10-22 06:00:00,3.4,3.6,4.9,3.3,3.2,90.0,24.0,36.8,138.0,140.0,999.3,0.0,2.2,15.8,100.0
2025-10-22 07:00:00,2.9,3.3,,2.5,,92.0,23.5,34.1,141.0,141.0,1000.2,0.0,0.1,,100.0
2025-10-22 08:00:00,2.4,2.6,,2.1,,94.0,21.4,31.8,140.0,141.0,1001.6,0.0,0.0,,100.0
2025-10-22 09:00:00,1.6,2.0,,1.1,,96.0,19.6,31.8,150.0,145.0,1003.7,0.0,1.9,,100.0
2025-10-22 10:00:00,0.8,1.3,,0.3,,99.0,17.1,25.2,150.0,150.0,1005.8,0.0,1.4,,100.0
2025-10-22 11:00:00,0.6,1.3,,0.3,,99.0,13.6,18.9,147.0,147.0,1006.8,0.0,0.9,,100.0
2025-10-22 12:00:00,1.5,1.7,4.1,1.3,0.3,98.0,12.8,19.6,150.0,148.0,1008.1,5.0,0.0,19.7,100.0
2025-10-22 13:00:00,1.8,1.9,,1.7,,97.0,11.1,16.7,140.0,144.0,1008.7,28.0,0.0,,100.0
2025-10-22 14:00:00,2.4,2.7,,1.9,,95.0,12.1,19.8,138.0,140.0,1009.1,55.0,0.0,,100.0
2025-10-22 15:00:00,2.3,2.4,,2.2,,97.0,11.7,18.8,148.0,144.0,1010.4,45.0,0.0,,100.0
2025-10-22 16:00:00,2.5,2.9,,2.3,,96.0,9.2,15.3,138.0,142.0,1010.8,50.0,0.2,,100.0
2025-10-22 17:00:00,2.9,3.0,,2.8,,93.0,10.2,15.6,142.0,138.0,1011.9,50.0,0.0,,100.0
2025-10-22 18:00:00,2.8,2.9,3.3,2.7,0.3,93.0,9.5,16.5,140.0,140.0,1012.5,43.0,0.0,18.1,100.0
2025-10-22 19:00:00,2.9,3.0,,2.7,,93.0,8.2,12.9,148.0,142.0,1013.3,37.0,0.0,,100.0
2025-10-22 20:00:00,3.4,3.6,,3.0,,87.0,8.1,11.8,148.0,151.0,1014.3,5.0,0.0,,100.0
2025-10-22 21:00:00,3.3,3.5,,3.2,,87.0,6.8,10.5,138.0,141.0,1015.0,0.0,0.0,,100.0
2025-10-22 22:00:00,3.2,3.3,,3.2,,88.0,7.3,11.7,144.0,140.0,1015.6,0.0,0.0,,100.0
2025-10-22 23:00:00,3.3,3.5,,3.0,,88.0,7.5,11.0,147.0,150.0,1016.1,0.0,0.0,,100.0
2025-10-23 00:00:00,2.9,3.1,3.6,2.8,1.7,92.0,6.8,10.3,150.0,147.0,1016.7,0.0,0.0,10.0,100.0
2025-10-23 01:00:00,2.8,2.9,,2.7,,93.0,6.3,10.0,142.0,142.0,1017.2,0.0,0.0,,100.0
2025-10-23 02:00:00,3.3,3.5,,2.9,,87.0,6.6,10.2,146.0,146.0,1017.4,0.0,0.0,,100.0
2025-10-23 03:00:00,3.7,4.0,,3.5,,83.0,6.0,9.5,140.0,142.0,1017.8,0.0,0.0,,100.0
2025-10-23 04:00:00,4.0,4.1,,3.8,,80.0,5.2,8.2,158.0,148.0,1018.5,0.0,0.0,,100.0
2025-10-23 05:00:00,3.2,3.7,,2.8,,87.0,2.6,4.6,142.0,152.0,1018.5,0.0,0.0,,100.0
2025-10-23 06:00:00,3.3,3.6,4.1,3.0,2.7,86.0,3.0,5.4,154.0,155.0,1019.2,0.0,0.0,4.5,100.0
2025-10-23 07:00:00,3.1,3.6,,2.6,,88.0,1.5,4.2,207.0,183.0,1019.4,0.0,0.0,,100.0
2025-10-23 08:00:00,2.6,2.6,,2.4,,92.0,1.8,3.5,125.0,175.0,1019.9,0.0,0.0,,100.0
2025-10-23 09:00:00,2.6,2.8,,2.5,,93.0,1.5,5.3,151.0,140.0,1020.1,0.0,0.0,,100.0
2025-10-23 10:00:00,2.6,2.8,,2.4,,89.0,4.9,7.4,150.0,153.0,1020.2,0.0,0.0,,100.0
2025-10-23 11:00:00,2.6,2.8,,2.4,,89.0,5.1,7.8,140.0,143.0,1020.2,0.0,0.0,,100.0
2025-10-23 12:00:00,2.9,3.0,4.1,2.6,2.4,87.0,4.1,7.1,155.0,152.0,1020.8,18.0,0.0,0.1,100.0
2025-10-23 13:00:00,2.6,2.7,,2.6,,88.0,4.2,6.8,150.0,153.0,1020.9,44.0,0.0,,100.0
2025-10-23 14:00:00,2.4,2.6,,2.3,,94.0,4.5,7.4,157.0,157.0,1020.9,100.0,0.0,,100.0
2025-10-23 15:00:00,2.3,2.4,,2.2,,99.0,3.1,5.7,159.0,155.0,1020.8,91.0,0.0,,
2025-10-23 16:00:00,2.3,2.4,,2.2,,100.0,2.5,4.1,152.0,160.0,1020.5,99.0,0.0,,100.0
2025-10-23 17:00:00,2.3,2.7,,2.2,,100.0,1.0,2.4,197.0,166.0,1020.1,126.0,0.0,,100.0
2025-10-23 18:00:00,2.3,2.6,3.6,1.7,1.7,99.0,0.5,1.7,256.0,210.0,1020.1,82.0,0.0,0.0,90.0
2025-10-23 19:00:00,1.4,1.7,,1.2,,100.0,1.2,2.3,9.0,343.0,1019.4,45.0,0.0,,25.0
2025-10-23 20:00:00,1.0,1.6,,-0.4,,100.0,2.5,3.4,327.0,358.0,1019.1,3.0,0.0,,25.0
2025-10-23 21:00:00,0.4,0.9,,-0.4,,100.0,2.5,3.3,325.0,317.0,1018.8,0.0,0.0,,
2025-10-23 22:00:00,0.8,0.9,,0.8,,100.0,2.1,3.2,324.0,314.0,1018.8,0.0,0.0,,
2025-10-23 23:00:00,0.9,1.0,,0.8,,100.0,1.9,2.7,357.0,343.0,1018.4,0.0,0.0,,
2025-10-24 00:00:00,0.9,1.0,2.7,0.8,-0.4,100.0,1.9,2.7,360.0,1.0,1018.0,0.0,0.0,0.0,
2025-10-24 01:00:00,0.9,1.1,,0.8,,100.0,2.9,4.4,6.0,358.0,1017.5,0.0,0.1,,
2025-10-24 02:00:00,0.6,0.8,,0.5,,100.0,1.1,3.2,108.0,39.0,1017.4,0.0,0.0,,100.0
2025-10-24 03:00:00,0.8,0.9,,0.7,,100.0,0.7,1.6,46.0,85.0,1016.7,0.0,0.0,,
2025-10-24 04:00:00,0.4,0.8,,0.1,,100.0,1.6,3.1,6.0,18.0,1016.6,0.0,0.0,,100.0
2025-10-24 05:00:00,0.1,0.1,,0.1,,100.0,1.2,1.7,264.0,310.0,1016.3,0.0,0.0,,100.0
2025-10-24 06:00:00,0.2,0.6,1.7,0.0,-0.4,100.0,0.9,2.2,16.0,351.0,1016.0,0.0,0.0,0.0,
2025-10-24 07:00:00,0.2,0.4,,0.1,,100.0,2.6,3.8,14.0,10.0,1015.3,0.0,0.0,,100.0
2025-10-24 08:00:00,-0.1,0.2,,-0.1,,100.0,4.3,6.1,8.0,14.0,1015.0,0.0,0.0,,100.0
2025-10-24 09:00:00,0.2,0.5,,0.1,,100.0,2.3,4.9,21.0,24.0,1014.3,0.0,0.0,,100.0
2025-10-24 10:00:00,-0.1,0.1,,-0.2,,100.0,4.7,7.3,18.0,16.0,1014.2,0.0,0.0,,75.0
2025-10-24 11:00:00,0.2,0.8,,-0.4,,100.0,2.4,7.1,20.0,38.0,1013.8,1.0,0.0,,100.0
2025-10-24 12:00:00,-0.4,-0.2,1.1,-0.5,-0.5,100.0,5.9,8.2,8.0,12.0,1013.2,10.0,0.0,0.0,100.0
2025-10-24 13:00:00,-0.3,0.1,,-0.5,,100.0,5.8,9.0,25.0,17.0,1012.6,18.0,0.0,,100.0
2025-10-24 14:00:00,-0.1,0.4,,-0.4,,100.0,7.3,11.4,10.0,16.0,1011.4,31.0,0.0,,100.0
2025-10-24 15:00:00,0.0,0.4,,-0.1,,100.0,6.9,11.1,12.0,9.0,1009.9,47.0,0.0,,100.0
2025-10-24 16:00:00,0.8,1.8,,-0.1,,96.0,5.4,10.9,151.0,19.0,1009.7,44.0,0.0,,100.0
2025-10-24 17:00:00,1.6,1.8,,1.3,,93.0,1.4,3.5,11.0,22.0,1009.1,23.0,0.5,,100.0
2025-10-24 18:00:00,0.8,2.3,2.3,0.3,-0.5,94.0,5.1,8.4,15.0,12.0,1008.1,25.0,0.5,1.0,100.0
2025-10-24 19:00:00,0.7,1.0,,0.4,,94.0,5.2,7.9,8.0,11.0,1008.0,8.0,2.6,,100.0
2025-10-24 20:00:00,0.5,0.9,,0.3,,97.0,4.8,7.2,16.0,12.0,1007.2,1.0,2.1,,100.0
2025-10-24 21:00:00,2.6,5.8,,0.5,,94.0,3.1,11.6,148.0,67.0,1006.2,0.0,0.5,,100.0
2025-10-24 22:00:00,5.3,5.9,,4.9,,92.0,10.3,18.7,137.0,140.0,1004.8,0.0,0.9,,100.0
2025-10-24 23:00:00,5.1,5.4,,4.7,,95.0,14.2,23.0,141.0,139.0,1004.5,0.0,1.8,,100.0
2025-10-25 00:00:00,4.9,5.1,5.9,4.7,-0.5,95.0,16.8,25.5,139.0,140.0,1004.2,0.0,1.6,10.4,100.0
2025-10-25 01:00:00,4.6,4.8,,4.4,,96.0,17.3,27.6,140.0,140.0,1003.6,0.0,1.6,,100.0
2025-10-25 02:00:00,4.4,4.6,,4.3,,97.0,16.1,25.2,145.0,142.0,1004.3,0.0,1.0,,100.0
2025-10-25 03:00:00,4.5,4.7,,4.2,,97.0,16.3,25.1,145.0,144.0,1003.8,0.0,0.0,,100.0
2025-10-25 04:00:00,4.6,4.8,,4.3,,96.0,15.3,23.9,147.0,143.0,1004.2,0.0,0.0,,100.0
2025-10-25 05:00:00,,,,,,92.0,14.8,21.9,148.0,147.0,1004.0,0.0,0.0,,100.0
2025-10-25 06:00:00,4.7,5.1,5.9,4.6,0.3,94.0,14.4,23.5,141.0,144.0,1004.8,0.0,1.6,14.6,100.0
2025-10-25 07:00:00,4.8,4.9,,4.4,,94.0,15.1,22.5,148.0,143.0,1004.7,0.0,2.7,,100.0
2025-10-25 08:00:00,4.6,4.7,,4.4,,96.0,14.0,22.6,142.0,145.0,1004.5,0.0,1.7,,100.0
2025-10-25 09:00:00,4.6,4.7,,4.5,,94.0,12.9,19.8,147.0,144.0,1005.1,0.0,0.9,,100.0
2025-10-25 10:00:00,4.6,4.7,,4.4,,93.0,12.5,18.9,142.0,143.0,1005.3,0.0,0.0,,100.0
2025-10-25 11:00:00,4.3,4.8,,3.9,,93.0,11.8,18.9,140.0,140.0,1005.7,0.0,0.3,,100.0
2025-10-25 12:00:00,4.1,4.2,5.1,4.0,3.9,93.0,11.8,18.2,136.0,138.0,1005.8,1.0,0.8,21.0,100.0
2025-10-25 13:00:00,4.2,4.4,,4.1,,90.0,12.6,18.0,137.0,137.0,1006.2,8.0,0.0,,100.0
2025-10-25 14:00:00,4.0,4.1,,3.9,,95.0,11.9,17.0,135.0,138.0,1006.3,9.0,1.4,,100.0
2025-10-25 15:00:00,4.0,4.2,,3.8,,96.0,11.6,16.1,138.0,136.0,1006.6,8.0,1.6,,100.0
2025-10-25 16:00:00,3.9,4.0,,3.7,,97.0,11.1,15.5,139.0,139.0,1006.9,6.0,1.1,,100.0
2025-10-25 17:00:00,3.9,4.1,,3.7,,98.0,10.7,17.1,141.0,139.0,1007.0,7.0,0.4,,100.0
2025-10-25 18:00:00,4.1,4.3,4.9,3.9,3.7,96.0,9.8,14.6,139.0,143.0,1007.1,4.0,0.3,24.8,100.0
2025-10-25 19:00:00,3.8,4.0,,3.6,,97.0,10.6,14.6,136.0,137.0,1007.5,4.0,0.8,,100.0
2025-10-25 20:00:00,3.6,3.8,,3.5,,98.0,11.0,15.6,136.0,136.0,1008.0,0.0,0.0,,100.0
2025-10-25 21:00:00,3.7,3.8,,3.5,,100.0,11.1,17.4,149.0,143.0,1008.0,0.0,0.0,,
2025-10-25 22:00:00,3.6,3.7,,3.6,,100.0,12.7,17.8,148.0,148.0,1008.2,0.0,0.0,,100.0
2025-10-25 23:00:00,3.6,3.7,,3.6,,100.0,12.3,16.6,149.0,149.0,1008.1,0.0,0.6,,100.0
2025-10-26 00:00:00,3.4,3.6,4.4,3.4,3.4,100.0,11.5,17.7,152.0,152.0,1008.7,0.0,2.6,19.4,100.0
2025-10-26 01:00:00,3.3,3.4,,3.0,,100.0,10.6,16.8,173.0,159.0,1010.0,0.0,2.3,,100.0
2025-10-26 02:00:00,0.7,3.0,,-0.1,,100.0,5.5,11.5,244.0,235.0,1011.5,0.0,1.5,,
2025-10-26 03:00:00,-0.1,-0.1,,-0.1,,100.0,0.7,3.0,327.0,279.0,1012.2,0.0,1.5,,100.0
2025-10-26 04:00:00,-0.1,-0.1,,-0.1,,100.0,2.4,4.4,322.0,314.0,1013.0,0.0,0.6,,100.0
2025-10-26 05:00:00,0.0,0.1,,-0.1,,98.0,4.2,7.9,312.0,310.0,1013.7,0.0,0.3,,100.0
2025-10-26 06:00:00,0.1,0.2,4.0,-0.1,-0.1,89.0,5.0,7.0,323.0,319.0,1014.1,0.0,0.0,21.2,90.0
2025-10-26 07:00:00,0.2,0.2,,0.1,,86.0,4.3,6.4,318.0,323.0,1015.0,0.0,0.0,,100.0
2025-10-26 08:00:00,0.2,0.3,,0.1,,82.0,4.2,5.9,317.0,320.0,1015.8,0.0,0.0,,100.0
2025-10-26 09:00:00,0.2,0.2,,0.0,,81.0,3.9,5.9,324.0,318.0,1016.4,0.0,0.0,,100.0
2025-10-26 10:00:00,0.0,0.3,,-0.5,,81.0,3.8,5.4,321.0,311.0,1016.8,0.0,0.1,,90.0
2025-10-26 11:00:00,-0.1,0.0,,-0.3,,83.0,2.9,5.3,326.0,313.0,1017.3,0.0,0.0,,75.0
2025-10-26 12:00:00,-0.2,0.1,3.4,-0.8,-0.8,83.0,3.7,7.5,301.0,322.0,1017.8,11.0,0.2,15.1,90.0
2025-10-26 13:00:00,-0.5,-0.4,,-0.7,,93.0,3.7,6.2,310.0,319.0,1017.9,39.0,0.2,,100.0
2025-10-26 14:00:00,-0.4,-0.2,,-0.6,,89.0,4.6,7.6,313.0,311.0,1017.9,64.0,0.0,,100.0
2025-10-26 15:00:00,-0.1,0.0,,-0.4,,84.0,5.4,8.6,319.0,312.0,1017.5,77.0,0.0,,100.0
2025-10-26 16:00:00,0.0,0.2,,-0.2,,82.0,5.1,7.9,314.0,309.0,1017.1,96.0,0.0,,100.0
2025-10-26 17:00:00,0.0,0.1,,0.0,,78.0,6.0,9.1,297.0,300.0,1017.0,77.0,0.0,,100.0
2025-10-26 18:00:00,0.1,0.1,0.3,0.0,-0.8,80.0,5.0,7.9,302.0,301.0,1017.2,73.0,0.0,10.5,100.0
2025-10-26 19:00:00,0.1,0.2,,0.1,,80.0,2.8,4.4,308.0,304.0,1017.6,17.0,0.0,,100.0
2025-10-26 20:00:00,-0.1,0.1,,-0.3,,83.0,2.8,4.3,316.0,311.0,1017.6,0.0,0.0,,25.0
2025-10-26 21:00:00,-0.4,-0.2,,-0.5,,87.0,1.9,3.8,7.0,346.0,1017.8,0.0,0.0,,100.0
2025-10-26 22:00:00,-0.3,-0.2,,-0.4,,89.0,1.6,2.4,360.0,7.0,1017.8,0.0,0.0,,100.0
2025-10-26 23:00:00,-0.3,-0.1,,-0.4,,86.0,2.4,3.9,23.0,10.0,1017.9,0.0,0.0,,100.0
2025-10-27 00:00:00,-0.3,-0.2,0.2,-0.4,-0.7,80.0,2.8,4.3,36.0,23.0,1018.0,0.0,0.0,6.6,100.0
2025-10-27 01:00:00,-0.4,-0.3,,-0.5,,80.0,3.1,4.5,36.0,34.0,1017.7,0.0,0.0,,100.0
2025-10-27 02:00:00,-0.6,-0.5,,-0.8,,82.0,3.2,4.4,26.0,22.0,1017.4,0.0,0.0,,60.0
2025-10-27 03:00:00,-0.9,-0.8,,-1.0,,83.0,3.2,4.6,27.0,22.0,1017.4,0.0,0.0,,0.0
2025-10-27 04:00:00,-1.2,-1.0,,-1.3,,83.0,3.2,4.6,33.0,26.0,1017.1,0.0,0.0,,0.0
2025-10-27 05:00:00,-1.4,-1.3,,-1.5,,83.0,3.7,4.9,21.0,28.0,1017.5,0.0,0.0,,0.0
2025-10-27 06:00:00,-1.6,-1.4,0.2,-1.7,-1.7,84.0,4.5,7.3,30.0,22.0,1017.5,0.0,0.0,0.4,0.0
2025-10-27 07:00:00,-1.8,-1.6,,-1.9,,84.0,4.7,7.1,27.0,27.0,1017.5,0.0,0.0,,0.0
2025-10-27 08:00:00,-2.0,-1.9,,-2.1,,84.0,4.2,5.9,29.0,28.0,1017.3,0.0,0.0,,0.0
2025-10-27 09:00:00,-2.2,-2.1,,-2.3,,80.0,5.8,8.2,34.0,28.0,1017.2,0.0,0.0,,0.0
2025-10-27 10:00:00,-2.3,-2.1,,-2.5,,79.0,4.9,7.1,37.0,37.0,1017.2,0.0,0.0,,0.0
2025-10-27 11:00:00,-2.3,-2.2,,-2.4,,77.0,3.6,6.5,38.0,40.0,1017.2,1.0,0.0,,60.0
2025-10-27 12:00:00,-2.1,-1.9,-0.3,-2.3,-2.5,73.0,2.4,4.7,325.0,32.0,1017.0,14.0,0.0,0.2,90.0
2025-10-27 13:00:00,-1.1,-0.1,,-1.9,,70.0,0.4,1.4,51.0,53.0,1016.9,90.0,0.0,,100.0
2025-10-27 14:00:00,-1.7,-1.6,,-1.9,,73.0,1.5,3.1,30.0,35.0,1016.5,76.0,0.0,,100.0
2025-10-27 15:00:00,-1.6,-1.4,,-1.6,,72.0,1.8,3.1,21.0,26.0,1016.3,94.0,0.0,,100.0
2025-10-27 16:00:00,-1.4,-1.2,,-1.6,,72.0,1.0,2.0,358.0,16.0,1015.8,82.0,0.0,,100.0
2025-10-27 17:00:00,-1.4,-1.2,,-1.5,,72.0,1.6,3.0,47.0,37.0,1015.2,53.0,0.0,,100.0
2025-10-27 18:00:00,-1.3,-1.1,-0.1,-1.4,-2.5,69.0,1.3,3.9,34.0,21.0,1014.6,50.0,0.0,0.0,100.0
2025-10-27 19:00:00,-1.3,-1.2,,-1.4,,67.0,1.7,3.2,352.0,10.0,1014.4,23.0,0.0,,100.0
2025-10-27 20:00:00,-0.6,0.1,,-1.3,,61.0,3.2,8.4,133.0,120.0,1013.8,3.0,0.0,,100.0
2025-10-27 21:00:00,0.3,0.7,,0.1,,50.0,6.2,11.7,133.0,132.0,1013.0,0.0,0.0,,100.0
2025-10-27 22:00:00,0.8,1.1,,0.7,,52.0,7.2,11.5,135.0,134.0,1012.5,0.0,0.0,,100.0
2025-10-27 23:00:00,1.1,1.3,,-0.1,,64.0,7.4,12.5,151.0,143.0,1011.6,0.0,0.0,,100.0
2025-10-28 00:00:00,0.5,0.9,1.3,-0.1,-1.9,72.0,7.5,12.0,142.0,137.0,1011.0,0.0,0.0,0.0,100.0
2025-10-28 01:00:00,0.1,0.4,,0.0,,81.0,8.0,12.6,133.0,134.0,1010.2,0.0,0.0,,100.0
2025-10-28 02:00:00,0.6,1.0,,0.2,,78.0,8.1,12.5,134.0,134.0,1010.1,0.0,0.0,,100.0
2025-10-28 03:00:00,0.3,0.5,,0.1,,85.0,7.6,11.7,137.0,137.0,1009.7,0.0,0.2,,100.0
2025-10-28 04:00:00,0.1,0.3,,0.0,,91.0,4.8,10.7,134.0,135.0,1009.5,0.0,0.2,,100.0
2025-10-28 05:00:00,0.1,0.4,,0.0,,94.0,2.5,6.1,161.0,151.0,1009.0,0.0,0.3,,100.0
2025-10-28 06:00:00,-0.9,0.1,1.3,-1.5,-1.5,96.0,2.0,4.6,18.0,28.0,1008.8,0.0,0.5,1.2,100.0
2025-10-28 07:00:00,-1.4,-1.1,,-1.5,,96.0,2.9,4.4,12.0,12.0,1008.7,0.0,0.4,,100.0
2025-10-28 08:00:00,-0.9,-0.7,,-1.1,,93.0,3.4,5.4,26.0,23.0,1008.8,0.0,0.0,,100.0
2025-10-28 09:00:00,-0.7,-0.4,,-1.0,,92.0,3.8,6.0,37.0,35.0,1008.8,0.0,0.2,,100.0
2025-10-28 10:00:00,-0.3,-0.1,,-0.4,,87.0,4.5,6.6,36.0,36.0,1008.9,0.0,0.0,,100.0
2025-10-28 11:00:00,-0.4,-0.1,,-0.6,,89.0,4.6,6.6,9.0,18.0,1009.1,0.0,0.1,,100.0
2025-10-28 12:00:00,-0.3,-0.1,1.0,-0.6,-1.5,87.0,4.3,7.4,19.0,23.0,1009.4,8.0,0.0,1.8,100.0
2025-10-28 13:00:00,-0.5,-0.1,,-0.7,,89.0,5.0,6.9,17.0,13.0,1009.7,47.0,0.0,,100.0
2025-10-28 14:00:00,-0.3,-0.1,,-0.5,,85.0,4.2,5.8,360.0,6.0,1010.0,77.0,0.0,,100.0
2025-10-28 15:00:00,-0.4,-0.3,,-0.6,,84.0,4.3,5.9,354.0,2.0,1009.9,95.0,0.0,,25.0
2025-10-28 16:00:00,-0.4,-0.3,,-0.6,,83.0,4.1,5.3,8.0,360.0,1009.9,194.0,0.0,,0.0
2025-10-28 17:00:00,-0.3,-0.2,,-0.5,,81.0,4.3,5.8,2.0,360.0,1010.2,170.0,0.0,,0.0
2025-10-28 18:00:00,-0.4,-0.4,-0.1,-0.5,-1.5,82.0,4.1,5.3,10.0,6.0,1010.4,98.0,0.0,1.8,0.0
2025-10-28 19:00:00,-0.8,-0.4,,-1.0,,83.0,3.9,5.0,352.0,360.0,1010.2,39.0,0.0,,0.0
2025-10-28 20:00:00,-0.9,-0.8,,-1.0,,85.0,3.7,4.9,357.0,3.0,1010.3,2.0,0.0,,0.0
2025-10-28 21:00:00,-0.8,-0.4,,-1.2,,80.0,3.6,4.9,341.0,349.0,1010.8,0.0,0.0,,0.0
2025-10-28 22:00:00,-1.1,-0.8,,-1.4,,83.0,3.2,4.4,8.0,3.0,1010.3,0.0,0.0,,0.0
2025-10-28 23:00:00,-1.3,-1.0,,-1.4,,84.0,4.3,5.5,353.0,3.0,1010.0,0.0,0.0,,0.0
2025-10-29 00:00:00,-1.4,-1.3,-0.1,-1.5,-1.5,86.0,4.4,5.8,12.0,7.0,1010.2,0.0,0.0,1.8,0.0
2025-10-29 01:00:00,-1.6,-1.4,,-1.8,,88.0,3.7,5.4,358.0,359.0,1010.2,0.0,0.0,,0.0
2025-10-29 02:00:00,-1.6,-1.5,,-1.7,,87.0,4.5,6.6,360.0,11.0,1010.2,0.0,0.0,,0.0
2025-10-29 03:00:00,-1.8,-1.6,,-2.0,,82.0,3.7,6.0,357.0,356.0,1010.4,0.0,0.0,,0.0
2025-10-29 04:00:00,-2.1,-1.9,,-2.2,,82.0,3.1,4.0,355.0,354.0,1010.4,0.0,0.0,,0.0
2025-10-29 05:00:00,-2.1,-2.0,,-2.2,,85.0,3.2,4.8,11.0,360.0,1010.2,0.0,0.0,,0.0
2025-10-29 06:00:00,-2.2,-2.0,-0.4,-2.4,-2.4,84.0,3.1,4.5,16.0,4.0,1010.5,0.0,0.0,0.6,40.0
2025-10-29 07:00:00,-1.7,-1.2,,-2.3,,79.0,2.3,3.2,24.0,19.0,1010.7,0.0,0.0,,100.0
2025-10-29 08:00:00,-1.6,-1.3,,-1.7,,80.0,2.3,3.3,4.0,3.0,1010.9,0.0,0.0,,100.0
2025-10-29 09:00:00,-1.6,-1.4,,-1.7,,83.0,2.3,3.6,72.0,44.0,1010.7,0.0,0.0,,100.0
2025-10-29 10:00:00,-1.4,-1.4,,-1.5,,83.0,1.4,3.0,327.0,47.0,1011.1,0.0,0.0,,100.0
2025-10-29 11:00:00,-1.6,-1.4,,-1.8,,83.0,1.2,2.1,74.0,25.0,1011.2,0.0,0.0,,100.0
2025-10-29 12:00:00,-1.2,-1.1,-1.1,-1.4,-2.4,78.0,1.0,1.8,33.0,60.0,1011.0,6.0,0.0,0.0,100.0
2025-10-29 13:00:00,-1.2,-1.0,,-1.6,,81.0,0.9,2.4,314.0,277.0,1011.1,20.0,0.0,,100.0
2025-10-29 14:00:00,-1.3,-1.1,,-1.6,,81.0,0.5,1.9,329.0,259.0,1011.1,26.0,0.0,,100.0
2025-10-29 15:00:00,-1.1,-1.0,,-1.1,,79.0,0.9,1.8,171.0,96.0,1010.7,39.0,0.0,,100.0
2025-10-29 16:00:00,-1.0,-0.9,,-1.2,,76.0,0.4,1.5,91.0,66.0,1010.5,63.0,0.0,,100.0
2025-10-29 17:00:00,-1.1,-0.9,,-1.2,,79.0,0.8,2.2,153.0,137.0,1010.1,65.0,0.0,,100.0
2025-10-29 18:00:00,-1.4,-1.2,-0.9,-1.8,-2.3,86.0,1.5,2.7,213.0,187.0,1010.1,48.0,0.0,0.0,100.0
2025-10-29 19:00:00,-1.9,-1.8,,-1.9,,93.0,0.8,2.2,190.0,209.0,1010.0,33.0,0.0,,100.0
2025-10-29 20:00:00,-2.1,-1.9,,-2.3,,95.0,0.2,0.8,0.0,213.0,1010.1,5.0,0.1,,100.0
2025-10-29 21:00:00,-2.3,-2.1,,-2.5,,95.0,0.0,0.0,0.0,0.0,1009.9,0.0,0.0,,100.0
2025-10-29 22:00:00,-2.1,-2.0,,-2.2,,92.0,0.0,0.0,0.0,0.0,1009.6,0.0,0.0,,100.0
2025-10-29 23:00:00,-2.1,-2.0,,-2.2,,91.0,0.0,0.0,0.0,0.0,1009.3,0.0,0.0,,100.0
2025-10-30 00:00:00,-1.9,-1.8,-0.9,-2.0,-2.5,92.0,0.3,1.0,145.0,130.0,1009.2,0.0,0.0,0.0,100.0
2025-10-30 01:00:00,-1.9,-1.9,,-1.9,,94.0,0.8,1.6,129.0,139.0,1009.1,0.0,0.2,,100.0
2025-10-30 02:00:00,-2.0,-1.9,,-2.1,,98.0,1.9,3.0,208.0,154.0,1008.9,0.0,0.2,,100.0
2025-10-30 03:00:00,-2.3,-1.9,,-2.5,,93.0,5.6,8.8,319.0,316.0,1008.5,0.0,0.3,,100.0
2025-10-30 04:00:00,-2.2,-2.0,,-2.3,,78.0,5.8,9.3,288.0,296.0,1008.3,0.0,0.0,,40.0
2025-10-30 05:00:00,-2.6,-2.3,,-2.8,,76.0,4.6,7.0,291.0,286.0,1008.2,0.0,0.0,,100.0
2025-10-30 06:00:00,-2.5,-2.4,-1.8,-2.6,-2.7,74.0,5.3,8.0,285.0,288.0,1007.9,0.0,0.0,0.7,100.0
2025-10-30 07:00:00,-2.8,-2.6,,-2.9,,73.0,4.7,7.1,295.0,289.0,1007.7,0.0,0.0,,100.0
2025-10-30 08:00:00,-2.7,-2.6,,-2.8,,75.0,3.7,5.3,319.0,308.0,1007.7,0.0,0.0,,100.0
2025-10-30 09:00:00,-2.6,-2.5,,-2.6,,71.0,5.5,9.2,320.0,320.0,1007.4,0.0,0.0,,100.0
2025-10-30 10:00:00,-2.7,-2.5,,-2.8,,75.0,5.8,9.1,352.0,321.0,1007.3,0.0,0.0,,100.0
2025-10-30 11:00:00,-2.7,-2.6,,-2.8,,67.0,3.3,5.8,346.0,349.0,1007.2,0.0,0.0,,100.0
2025-10-30 12:00:00,-2.8,-2.6,-1.9,-2.8,-2.9,69.0,3.2,5.4,314.0,336.0,1007.2,7.0,0.0,0.7,100.0
2025-10-30 13:00:00,-3.0,-2.8,,-3.1,,69.0,3.9,6.5,327.0,316.0,1007.2,24.0,0.0,,100.0
2025-10-30 14:00:00,-3.2,-3.1,,-3.3,,67.0,3.4,4.9,359.0,344.0,1007.1,40.0,0.0,,100.0
2025-10-30 15:00:00,-3.3,-3.3,,-3.4,,65.0,3.1,4.3,351.0,360.0,1006.8,53.0,0.0,,100.0
2025-10-30 16:00:00,-3.5,-3.4,,-3.7,,65.0,3.6,6.1,324.0,333.0,1006.6,73.0,0.0,,100.0
2025-10-30 17:00:00,-3.7,-3.6,,-3.8,,65.0,3.2,5.8,303.0,308.0,1006.6,96.0,0.0,,100.0
2025-10-30 18:00:00,-3.6,-3.6,-2.5,-3.7,-3.8,67.0,3.4,5.9,300.0,295.0,1006.7,57.0,0.0,0.7,100.0
2025-10-30 19:00:00,-3.7,-3.6,,-3.9,,66.0,4.3,7.3,301.0,297.0,1006.7,19.0,0.0,,100.0
2025-10-30 20:00:00,-4.1,-3.8,,-4.4,,66.0,4.4,6.7,305.0,301.0,1006.9,2.0,0.0,,40.0
2025-10-30 21:00:00,-4.6,-4.4,,-4.8,,66.0,4.3,6.5,323.0,317.0,1007.3,0.0,0.0,,0.0
2025-10-30 22:00:00,-5.0,-4.7,,-5.1,,68.0,3.0,4.4,353.0,357.0,1007.3,0.0,0.0,,0.0
2025-10-30 23:00:00,-5.2,-5.0,,-5.5,,72.0,2.3,3.8,11.0,354.0,1007.6,0.0,0.0,,0.0
2025-10-31 00:00:00,-5.2,-5.1,-2.8,-5.4,-5.5,66.0,1.2,2.3,344.0,353.0,1007.8,0.0,0.0,0.6,0.0
2025-10-31 01:00:00,-5.4,-5.1,,-5.8,,64.0,2.2,4.0,335.0,327.0,1007.6,0.0,0.0,,0.0
2025-10-31 02:00:00,-5.9,-5.6,,-6.2,,69.0,2.3,4.1,7.0,2.0,1007.6,0.0,0.0,,0.0
2025-10-31 03:00:00,-5.8,-5.5,,-6.0,,72.0,2.1,2.6,8.0,14.0,1007.4,0.0,0.0,,0.0
2025-10-31 04:00:00,-5.6,-5.4,,-5.8,,64.0,2.4,3.1,13.0,14.0,1007.1,0.0,0.0,,0.0
2025-10-31 05:00:00,-5.6,-5.4,,-5.7,,71.0,2.9,4.0,28.0,21.0,1007.2,0.0,0.0,,0.0
2025-10-31 06:00:00,-5.3,-5.0,-3.6,-5.7,-6.2,75.0,3.9,5.4,34.0,38.0,1007.1,0.0,0.0,0.0,0.0
2025-10-31 07:00:00,-5.0,-4.8,,-5.3,,77.0,4.2,6.4,33.0,35.0,1007.4,0.0,0.0,,10.0
2025-10-31 08:00:00,-4.9,-4.8,,-5.1,,75.0,5.8,8.6,26.0,31.0,1007.3,0.0,0.0,,0.0
2025-10-31 09:00:00,-5.2,-5.0,,-5.3,,74.0,6.6,9.8,34.0,36.0,1007.3,0.0,0.0,,0.0
2025-10-31 10:00:00,-5.4,-5.2,,-5.6,,72.0,7.7,11.0,41.0,37.0,1007.2,0.0,0.0,,0.0
2025-10-31 11:00:00,-5.6,-5.5,,-5.8,,71.0,7.5,11.2,29.0,37.0,1006.9,0.0,0.0,,0.0
2025-10-31 12:00:00,-5.7,-5.6,-4.8,-5.8,-6.2,68.0,7.9,11.2,22.0,24.0,1006.3,9.0,0.0,0.0,0.0
2025-10-31 13:00:00,-5.8,-5.7,,-6.0,,66.0,6.8,10.1,33.0,31.0,1006.4,75.0,0.0,,0.0
2025-10-31 14:00:00,-5.9,-5.9,,-6.0,,64.0,5.7,8.5,47.0,41.0,1005.9,141.0,0.0,,0.0
2025-10-31 15:00:00,-5.9,-5.7,,-6.0,,64.0,6.2,9.9,26.0,32.0,1005.4,177.0,0.0,,0.0
2025-10-31 16:00:00,-5.7,-5.6,,-5.9,,63.0,7.0,10.5,25.0,22.0,1004.9,184.0,0.0,,0.0
2025-10-31 17:00:00,-5.8,-5.6,,-5.9,,62.0,5.8,9.3,44.0,35.0,1005.2,159.0,0.0,,0.0
2025-10-31 18:00:00,-5.1,-4.5,-4.5,-5.9,-6.0,50.0,3.6,8.4,345.0,54.0,1005.6,90.0,0.0,0.0,0.0
2025-10-31 19:00:00,-5.2,-4.9,,-5.4,,56.0,2.7,4.1,312.0,346.0,1005.6,30.0,0.0,,0.0
2025-10-31 20:00:00,-5.0,-4.8,,-5.3,,58.0,4.4,7.1,18.0,356.0,1005.6,1.0,0.0,,0.0
2025-10-31 21:00:00,-5.1,-4.8,,-5.3,,63.0,4.1,6.9,14.0,16.0,1005.4,0.0,0.0,,0.0
2025-10-31 22:00:00,-4.6,-4.4,,-4.8,,56.0,5.9,8.8,7.0,17.0,1005.6,0.0,0.0,,0.0
2025-10-31 23:00:00,-5.4,-4.6,,-5.7,,71.0,5.6,8.0,338.0,345.0,1005.3,0.0,0.0,,0.0
2025-11-01 00:00:00,-5.6,-5.3,-4.4,-5.8,-6.0,73.0,6.0,9.1,333.0,337.0,1005.2,0.0,0.0,0.0,0.0
2025-11-01 01:00:00,-5.3,-5.1,,-5.5,,74.0,6.2,9.1,320.0,335.0,1005.2,0.0,0.0,,0.0
2025-11-01 02:00:00,-5.2,-4.8,,-5.7,,75.0,5.5,7.2,355.0,340.0,1004.9,0.0,0.0,,0.0
2025-11-01 03:00:00,-4.4,-4.3,,-4.8,,63.0,6.5,9.6,6.0,15.0,1004.5,0.0,0.0,,0.0
2025-11-01 04:00:00,-4.6,-4.3,,-4.9,,69.0,6.2,8.6,22.0,8.0,1004.0,0.0,0.0,,0.0
2025-11-01 05:00:00,-4.1,-4.0,,-4.3,,63.0,7.9,9.7,357.0,8.0,1004.0,0.0,0.0,,0.0
2025-11-01 06:00:00,-4.0,-3.9,-3.9,-4.2,-5.7,62.0,7.8,11.0,19.0,16.0,1003.6,0.0,0.0,0.0,0.0
2025-11-01 07:00:00,-3.9,-3.7,,-4.2,,60.0,7.2,10.2,32.0,23.0,1003.6,0.0,0.0,,0.0
2025-11-01 08:00:00,-4.1,-3.8,,-4.8,,64.0,6.0,9.1,354.0,16.0,1003.6,0.0,0.0,,0.0
2025-11-01 09:00:00,-4.5,-4.1,,-4.8,,73.0,5.5,7.8,7.0,353.0,1003.3,0.0,0.0,,0.0
2025-11-01 10:00:00,-4.3,-4.1,,-4.5,,69.0,5.9,9.9,4.0,2.0,1002.8,0.0,0.0,,0.0
2025-11-01 11:00:00,-4.4,-3.9,,-4.8,,71.0,6.3,10.8,3.0,352.0,1002.4,0.0,0.0,,0.0
2025-11-01 12:00:00,-4.4,-3.9,-3.7,-4.6,-5.7,72.0,7.3,10.0,358.0,356.0,1001.8,9.0,0.0,0.0,0.0
2025-11-01 13:00:00,-4.3,-4.1,,-4.6,,73.0,7.5,10.8,6.0,8.0,1000.9,37.0,0.0,,0.0
2025-11-01 14:00:00,-3.8,-3.5,,-4.0,,64.0,9.0,11.9,17.0,17.0,999.9,96.0,0.0,,0.0
2025-11-01 15:00:00,-3.5,-3.2,,-4.0,,63.0,9.2,12.7,7.0,9.0,999.7,164.0,0.0,,100.0
2025-11-01 16:00:00,-3.1,-2.9,,-3.5,,62.0,8.7,12.2,349.0,4.0,998.9,206.0,0.0,,50.0
2025-11-01 17:00:00,-3.3,-3.0,,-3.8,,68.0,6.1,10.3,343.0,1.0,998.9,158.0,0.0,,0.0
2025-11-01 18:00:00,-3.8,-3.7,-2.9,-4.0,-4.8,71.0,5.6,7.9,342.0,347.0,998.2,85.0,0.0,0.0,0.0
2025-11-01 19:00:00,-3.8,-3.1,,-4.3,,71.0,7.2,10.4,340.0,344.0,997.6,27.0,0.0,,0.0
2025-11-01 20:00:00,-4.3,-4.1,,-4.5,,74.0,6.1,9.0,347.0,343.0,997.4,1.0,0.0,,0.0
2025-11-01 21:00:00,-3.9,-3.4,,-4.3,,72.0,6.0,8.9,355.0,359.0,997.4,0.0,0.0,,0.0
2025-11-01 22:00:00,-3.9,-3.5,,-4.0,,75.0,5.1,8.1,10.0,353.0,996.8,0.0,0.0,,0.0
2025-11-01 23:00:00,-3.8,-3.4,,-4.2,,75.0,5.1,7.7,334.0,355.0,995.7,0.0,0.0,,0.0
2025-11-02 00:00:00,-3.4,-2.9,-2.9,-3.9,-4.6,73.0,6.4,11.1,329.0,358.0,995.4,0.0,0.0,0.0,40.0
2025-11-02 01:00:00,-3.9,-3.5,,-4.2,,78.0,5.7,9.0,347.0,341.0,994.4,0.0,0.0,,0.0
2025-11-02 02:00:00,-3.7,-3.4,,-4.0,,78.0,7.3,9.8,353.0,350.0,993.5,0.0,0.0,,25.0
2025-11-02 03:00:00,-3.8,-3.5,,-4.1,,79.0,7.3,10.0,9.0,356.0,993.1,0.0,0.0,,0.0
2025-11-02 04:00:00,-3.9,-3.6,,-4.0,,80.0,6.5,9.0,355.0,351.0,992.1,0.0,0.0,,10.0
2025-11-02 05:00:00,-3.8,-3.6,,-4.0,,80.0,6.1,8.8,346.0,348.0,991.2,0.0,0.0,,25.0
2025-11-02 06:00:00,-3.7,-3.6,-2.9,-3.8,-4.5,79.0,6.8,8.8,342.0,342.0,990.9,0.0,0.0,0.0,10.0
2025-11-02 07:00:00,-3.8,-3.6,,-4.0,,79.0,6.5,8.9,360.0,351.0,990.3,0.0,0.0,,10.0
2025-11-02 08:00:00,-3.6,-3.4,,-3.8,,76.0,6.1,8.5,355.0,356.0,989.5,0.0,0.0,,75.0
2025-11-02 09:00:00,-3.8,-3.4,,-3.9,,79.0,5.4,8.4,340.0,351.0,988.7,0.0,0.0,,90.0
2025-11-02 10:00:00,-3.7,-3.4,,-3.8,,81.0,4.6,6.1,19.0,2.0,988.2,0.0,0.0,,75.0
2025-11-02 11:00:00,-3.5,-3.1,,-3.7,,79.0,4.5,6.6,12.0,3.0,987.7,0.0,0.0,,100.0
2025-11-02 12:00:00,-2.8,-2.3,-2.3,-3.4,-4.2,72.0,4.6,5.9,9.0,359.0,987.5,12.0,0.0,0.0,50.0
2025-11-02 13:00:00,-2.5,-2.2,,-3.1,,70.0,4.0,5.4,341.0,359.0,987.3,74.0,0.0,,25.0
2025-11-02 14:00:00,-2.9,-2.8,,-3.2,,77.0,4.8,8.0,16.0,6.0,987.0,126.0,0.0,,0.0
2025-11-02 15:00:00,-2.8,-2.4,,-3.0,,71.0,5.1,6.9,15.0,14.0,986.4,163.0,0.0,,0.0
2025-11-02 16:00:00,-2.4,-1.6,,-2.9,,67.0,5.8,8.2,20.0,19.0,986.6,169.0,0.0,,0.0
2025-11-02 17:00:00,-2.2,-1.3,,-2.6,,72.0,5.0,6.5,6.0,4.0,986.4,144.0,0.0,,0.0
2025-11-02 18:00:00,-2.5,-2.4,-1.3,-2.7,-4.0,79.0,4.3,6.2,335.0,355.0,986.8,80.0,0.0,0.0,0.0
2025-11-02 19:00:00,-2.6,-2.2,,-2.8,,76.0,3.5,5.3,352.0,354.0,987.1,24.0,0.0,,0.0
2025-11-02 20:00:00,-2.1,-1.3,,-2.8,,80.0,2.2,4.2,338.0,335.0,987.9,1.0,0.0,,0.0
2025-11-02 21:00:00,-1.3,-1.1,,-1.6,,82.0,0.6,2.1,77.0,12.0,988.4,0.0,0.0,,0.0
2025-11-02 22:00:00,-1.3,-1.0,,-1.6,,85.0,2.1,5.5,312.0,302.0,988.5,0.0,0.0,,25.0
2025-11-02 23:00:00,-1.3,-1.0,,-1.6,,86.0,2.8,5.4,307.0,312.0,988.9,0.0,0.0,,60.0
2025-11-03 00:00:00,-1.6,-1.4,-1.0,-1.7,-3.2,85.0,3.9,7.8,292.0,300.0,989.3,0.0,0.0,0.0,100.0
2025-11-03 01:00:00,-1.8,-1.7,,-2.0,,84.0,3.7,6.1,304.0,301.0,989.4,0.0,0.0,,0.0
2025-11-03 02:00:00,-1.8,-1.5,,-2.1,,81.0,4.4,8.1,302.0,302.0,989.2,0.0,0.0,,25.0
2025-11-03 03:00:00,-1.7,-1.6,,-1.9,,82.0,3.8,6.2,304.0,305.0,989.5,0.0,0.0,,10.0
2025-11-03 04:00:00,-1.9,-1.8,,-2.1,,82.0,3.1,5.5,285.0,289.0,989.3,0.0,0.0,,100.0
2025-11-03 05:00:00,-2.0,-1.9,,-2.1,,84.0,1.4,4.1,292.0,289.0,989.8,0.0,0.0,,100.0
2025-11-03 06:00:00,-2.0,-1.8,-1.0,-2.2,-2.8,84.0,1.6,3.7,272.0,273.0,990.0,0.0,0.0,0.0,100.0
2025-11-03 07:00:00,-2.1,-2.0,,-2.2,,84.0,1.5,3.1,265.0,266.0,990.0,0.0,0.0,,100.0
2025-11-03 08:00:00,-2.0,-1.8,,-2.1,,84.0,0.8,2.2,296.0,277.0,990.4,0.0,0.0,,100.0
2025-11-03 09:00:00,-1.6,-1.4,,-1.8,,84.0,0.7,1.9,246.0,263.0,990.9,0.0,0.0,,100.0
2025-11-03 10:00:00,-1.6,-1.5,,-1.9,,86.0,0.9,2.8,273.0,262.0,991.1,0.0,0.0,,100.0
2025-11-03 11:00:00,-2.4,-1.9,,-2.8,,92.0,2.8,4.4,2.0,355.0,991.5,0.0,0.0,,100.0
2025-11-03 12:00:00,-2.9,-2.8,-1.4,-3.1,-3.1,94.0,3.3,4.9,341.0,348.0,991.5,7.0,0.0,0.0,100.0
2025-11-03 13:00:00,-3.1,-3.0,,-3.2,,93.0,3.7,5.7,343.0,350.0,991.9,34.0,0.0,,25.0
2025-11-03 14:00:00,-3.1,-2.9,,-3.2,,92.0,4.2,5.9,350.0,349.0,991.9,100.0,0.0,,0.0
2025-11-03 15:00:00,-3.0,-2.8,,-3.2,,91.0,4.7,7.3,350.0,346.0,991.8,153.0,0.0,,10.0
2025-11-03 16:00:00,-2.9,-2.8,,-3.0,,90.0,3.7,5.8,344.0,349.0,992.1,160.0,0.0,,0.0
2025-11-03 17:00:00,-2.9,-2.8,,-3.0,,90.0,4.1,5.7,5.0,350.0,992.5,135.0,0.0,,0.0
2025-11-03 18:00:00,-2.9,-2.7,-1.4,-3.0,-3.2,85.0,3.7,5.5,7.0,4.0,993.1,75.0,0.0,0.0,25.0
2025-11-03 19:00:00,-3.1,-3.0,,-3.3,,87.0,4.3,6.2,13.0,9.0,993.3,29.0,0.0,,90.0
2025-11-03 20:00:00,-3.4,-3.3,,-3.6,,90.0,4.7,6.6,343.0,352.0,993.8,1.0,0.0,,100.0
2025-11-03 21:00:00,-3.8,-3.5,,-4.1,,94.0,4.8,7.0,1.0,352.0,994.3,0.0,0.0,,50.0
2025-11-03 22:00:00,-3.9,-3.9,,-4.0,,92.0,4.8,6.5,8.0,12.0,994.8,0.0,0.0,,25.0
2025-11-03 23:00:00,-4.1,-3.9,,-4.2,,92.0,6.4,8.5,6.0,14.0,994.5,0.0,0.0,,0.0
2025-11-04 00:00:00,-4.2,-4.1,-2.7,-4.3,-4.3,92.0,7.2,9.7,10.0,11.0,994.2,0.0,0.0,0.0,0.0
2025-11-04 01:00:00,-4.4,-4.2,,-4.5,,93.0,7.4,9.7,13.0,15.0,994.6,0.0,0.0,,0.0
2025-11-04 02:00:00,-4.6,-4.5,,-5.0,,94.0,6.7,8.8,360.0,11.0,994.8,0.0,0.0,,75.0
2025-11-04 03:00:00,-4.9,-4.8,,-5.1,,97.0,6.0,8.5,11.0,8.0,994.9,0.0,0.0,,100.0
2025-11-04 04:00:00,-4.9,-4.8,,-5.0,,96.0,6.4,8.5,10.0,7.0,994.8,0.0,0.0,,50.0
2025-11-04 05:00:00,-5.2,-5.0,,-5.3,,97.0,6.9,9.0,12.0,13.0,995.1,0.0,0.0,,10.0
2025-11-04 06:00:00,-5.2,-5.1,-3.0,-5.3,-5.3,97.0,5.8,7.5,16.0,16.0,995.1,0.0,0.0,0.0,0.0
2025-11-04 07:00:00,-5.4,-5.3,,-5.6,,97.0,5.2,6.7,16.0,19.0,995.3,0.0,0.0,,0.0
2025-11-04 08:00:00,-5.5,-5.4,,-5.7,,97.0,4.1,5.6,22.0,12.0,995.7,0.0,0.0,,10.0
2025-11-04 09:00:00,-5.7,-5.5,,-5.8,,96.0,3.3,4.4,18.0,19.0,995.5,0.0,0.0,,
2025-11-04 10:00:00,-5.8,-5.7,,-6.0,,96.0,2.8,4.0,9.0,11.0,995.9,0.0,0.0,,
2025-11-04 11:00:00,-5.8,-5.6,,-6.1,,96.0,2.3,3.1,17.0,8.0,996.2,0.0,0.0,,10.0
2025-11-04 12:00:00,-5.8,-5.6,-4.2,-5.9,-6.1,96.0,1.6,2.6,8.0,9.0,996.0,6.0,0.0,0.0,0.0
2025-11-04 13:00:00,-5.5,-5.4,,-5.7,,95.0,1.8,2.7,14.0,9.0,996.4,70.0,0.0,,0.0
2025-11-04 14:00:00,-5.5,-5.3,,-5.7,,93.0,2.2,3.0,11.0,20.0,996.4,149.0,0.0,,0.0
2025-11-04 15:00:00,-5.1,-4.9,,-5.4,,93.0,1.5,2.4,20.0,16.0,996.8,183.0,0.0,,0.0
2025-11-04 16:00:00,-5.1,-4.5,,-5.3,,93.0,1.4,2.2,360.0,5.0,996.9,182.0,0.0,,0.0
2025-11-04 17:00:00,-4.6,-4.4,,-4.7,,93.0,1.3,2.5,47.0,27.0,997.2,148.0,0.0,,0.0
2025-11-04 18:00:00,-2.8,-2.3,-2.3,-4.4,-6.1,88.0,3.4,7.0,149.0,145.0,997.6,52.0,0.0,0.0,0.0
2025-11-04 19:00:00,-2.3,-2.2,,-2.4,,88.0,6.0,8.5,149.0,149.0,997.4,11.0,0.0,,0.0
2025-11-04 20:00:00,-2.0,-1.8,,-2.2,,84.0,5.8,9.9,142.0,144.0,998.0,0.0,0.0,,60.0
2025-11-04 21:00:00,-2.0,-1.9,,-2.1,,84.0,5.0,7.6,138.0,142.0,998.2,0.0,0.0,,75.0
2025-11-04 22:00:00,-2.1,-2.0,,-2.1,,82.0,3.4,6.5,141.0,141.0,998.4,0.0,0.0,,100.0
2025-11-04 23:00:00,-2.9,-2.1,,-3.2,,79.0,1.4,3.2,99.0,52.0,998.8,0.0,0.0,,100.0
2025-11-05 00:00:00,-1.8,-1.5,-1.5,-2.6,-5.7,81.0,2.5,5.1,141.0,142.0,999.4,0.0,0.0,0.0,100.0
2025-11-05 01:00:00,-1.8,-1.6,,-1.9,,92.0,4.2,6.8,129.0,133.0,999.3,0.0,0.0,,100.0
2025-11-05 02:00:00,-1.3,-1.1,,-1.6,,85.0,4.2,6.6,132.0,134.0,999.5,0.0,0.0,,100.0
2025-11-05 03:00:00,-0.9,-0.8,,-1.1,,82.0,3.9,6.6,133.0,139.0,999.8,0.0,0.0,,100.0
2025-11-05 04:00:00,-2.5,-0.8,,-3.3,,85.0,2.4,6.0,5.0,19.0,999.7,0.0,0.0,,100.0
2025-11-05 05:00:00,-3.0,-2.5,,-3.2,,86.0,4.0,7.2,25.0,13.0,999.9,0.0,0.0,,100.0
2025-11-05 06:00:00,-3.1,-2.9,-0.8,-3.2,-3.3,87.0,5.2,7.6,9.0,15.0,1000.0,0.0,0.0,0.0,100.0
2025-11-05 07:00:00,-2.9,-2.1,,-3.1,,88.0,5.5,8.2,22.0,13.0,1000.1,0.0,0.0,,100.0
2025-11-05 08:00:00,-0.3,0.4,,-2.0,,77.0,3.0,8.4,162.0,147.0,1000.5,0.0,0.0,,100.0
2025-11-05 09:00:00,-2.4,0.0,,-3.0,,85.0,4.5,7.8,18.0,16.0,1000.5,0.0,0.0,,100.0
2025-11-05 10:00:00,-2.9,-2.8,,-3.0,,85.0,5.3,7.1,15.0,11.0,1000.7,0.0,0.0,,100.0
2025-11-05 11:00:00,-2.7,-2.4,,-2.9,,85.0,5.3,7.9,15.0,18.0,1000.9,0.0,0.0,,50.0
2025-11-05 12:00:00,-2.7,-2.6,0.4,-2.9,-3.3,86.0,5.4,7.6,13.0,11.0,1001.2,4.0,0.0,0.0,100.0
2025-11-05 13:00:00,-2.6,-2.5,,-2.8,,86.0,6.1,8.1,16.0,16.0,1001.3,21.0,0.0,,100.0
2025-11-05 14:00:00,-2.5,-2.4,,-2.6,,86.0,6.5,8.5,14.0,12.0,1001.2,45.0,0.0,,100.0
2025-11-05 15:00:00,-2.3,-2.0,,-2.5,,84.0,6.9,9.3,7.0,10.0,1000.9,62.0,0.0,,100.0
2025-11-05 16:00:00,-1.7,-0.3,,-2.1,,82.0,5.9,10.3,38.0,13.0,1001.1,70.0,0.0,,100.0
2025-11-05 17:00:00,-0.2,1.8,,-1.4,,76.0,3.2,7.8,5.0,10.0,1001.2,57.0,0.0,,100.0
2025-11-05 18:00:00,-0.7,0.3,1.8,-1.3,-3.1,78.0,5.1,8.9,6.0,10.0,1001.3,37.0,0.0,0.0,100.0
2025-11-05 19:00:00,-1.1,-0.7,,-1.4,,81.0,6.3,9.1,358.0,6.0,1001.3,10.0,0.0,,100.0
2025-11-05 20:00:00,-0.9,-0.3,,-1.4,,78.0,7.5,10.1,20.0,15.0,1001.2,0.0,0.0,,75.0
2025-11-05 21:00:00,-0.9,-0.5,,-1.4,,78.0,8.4,10.8,13.0,16.0,1000.7,0.0,0.0,,50.0
2025-11-05 22:00:00,-0.7,-0.1,,-1.1,,78.0,8.7,12.1,11.0,14.0,1000.4,0.0,0.0,,25.0
2025-11-05 23:00:00,-0.7,-0.2,,-0.9,,77.0,9.2,11.4,8.0,10.0,999.8,0.0,0.0,,100.0
2025-11-06 00:00:00,-0.3,0.1,1.8,-0.6,-2.7,70.0,9.4,12.0,11.0,9.0,999.4,0.0,0.0,0.0,100.0
2025-11-06 01:00:00,-0.5,-0.1,,-0.8,,75.0,8.1,10.5,15.0,7.0,999.0,0.0,0.0,,100.0
2025-11-06 02:00:00,0.5,1.3,,-0.5,,66.0,8.1,11.0,357.0,17.0,998.1,0.0,0.0,,10.0
2025-11-06 03:00:00,-0.2,0.3,,-0.5,,74.0,5.4,8.7,328.0,353.0,998.0,0.0,0.0,,0.0
2025-11-06 04:00:00,-0.3,0.3,,-0.8,,75.0,5.7,10.3,14.0,355.0,996.9,0.0,0.0,,40.0
2025-11-06 05:00:00,0.0,0.6,,-0.4,,71.0,7.2,10.1,2.0,8.0,996.5,0.0,0.0,,10.0
2025-11-06 06:00:00,0.2,0.6,1.3,-0.2,-1.4,68.0,8.3,11.1,8.0,8.0,996.6,0.0,0.0,0.0,0.0
2025-11-06 07:00:00,0.4,1.0,,0.0,,68.0,6.5,9.3,6.0,4.0,996.8,0.0,0.0,,10.0
2025-11-06 08:00:00,0.8,1.2,,0.4,,66.0,5.8,8.1,3.0,11.0,996.8,0.0,0.0,,40.0
2025-11-06 09:00:00,0.8,1.3,,0.4,,67.0,5.9,8.2,3.0,4.0,996.8,0.0,0.0,,60.0
2025-11-06 10:00:00,1.2,2.2,,0.6,,67.0,5.9,8.8,350.0,359.0,997.1,0.0,0.0,,60.0
2025-11-06 11:00:00,2.8,4.3,,1.0,,59.0,6.7,11.0,17.0,10.0,996.9,0.0,0.0,,0.0
2025-11-06 12:00:00,4.2,5.4,5.4,3.6,-0.8,52.0,8.0,11.8,6.0,10.0,997.3,4.0,0.0,0.0,0.0
2025-11-06 13:00:00,6.0,7.2,,4.0,,45.0,7.1,11.1,47.0,23.0,997.3,24.0,0.0,,100.0
2025-11-06 14:00:00,7.3,8.0,,6.6,,40.0,6.3,13.6,51.0,52.0,997.4,49.0,0.0,,100.0
2025-11-06 15:00:00,7.4,8.2,,6.7,,39.0,7.6,14.6,54.0,49.0,997.2,62.0,0.0,,100.0
2025-11-06 16:00:00,7.5,8.6,,6.7,,38.0,9.9,15.3,36.0,41.0,997.1,59.0,0.0,,100.0
2025-11-06 17:00:00,7.4,8.4,,6.8,,39.0,8.8,14.5,51.0,42.0,997.4,36.0,0.0,,100.0
2025-11-06 18:00:00,7.9,8.4,8.6,7.3,0.0,37.0,10.6,16.1,43.0,43.0,997.5,23.0,0.0,0.0,100.0
2025-11-06 19:00:00,8.0,8.4,,7.5,,35.0,9.7,14.6,41.0,43.0,998.2,7.0,0.0,,100.0
2025-11-06 20:00:00,8.0,8.3,,7.5,,35.0,10.3,15.5,42.0,43.0,998.8,0.0,0.0,,100.0
2025-11-06 21:00:00,8.2,8.8,,7.6,,35.0,10.1,14.4,40.0,43.0,998.1,0.0,0.0,,100.0
2025-11-06 22:00:00,7.8,8.2,,7.1,,36.0,10.3,15.2,51.0,44.0,998.1,0.0,0.0,,100.0
2025-11-06 23:00:00,8.1,8.7,,7.7,,35.0,7.8,14.9,52.0,54.0,997.7,0.0,0.0,,100.0
2025-11-07 00:00:00,8.2,8.7,8.8,7.7,4.0,34.0,6.3,12.6,48.0,52.0,997.9,0.0,0.0,0.0,100.0
2025-11-07 01:00:00,8.8,9.1,,8.4,,31.0,4.7,10.7,41.0,60.0,998.2,0.0,0.0,,100.0
2025-11-07 02:00:00,8.5,9.2,,7.8,,32.0,3.3,8.0,84.0,61.0,998.1,0.0,0.0,,100.0
2025-11-07 03:00:00,8.1,8.9,,7.5,,32.0,3.8,7.6,66.0,74.0,997.4,0.0,0.0,,0.0
2025-11-07 04:00:00,8.0,8.6,,7.5,,32.0,4.3,12.3,40.0,57.0,996.8,0.0,0.0,,0.0
2025-11-07 05:00:00,8.1,8.6,,7.6,,32.0,5.7,12.8,44.0,53.0,996.7,0.0,0.0,,0.0
2025-11-07 06:00:00,7.4,8.7,9.2,5.4,5.4,35.0,4.7,12.1,97.0,72.0,996.8,0.0,0.0,0.0,0.0
2025-11-07 07:00:00,7.7,8.1,,7.1,,33.0,1.2,4.7,63.0,118.0,997.3,0.0,0.0,,0.0
2025-11-07 08:00:00,7.2,7.9,,5.9,,34.0,2.1,5.8,92.0,27.0,997.2,0.0,0.0,,0.0
2025-11-07 09:00:00,7.1,7.7,,5.0,,35.0,4.8,10.0,42.0,33.0,996.8,0.0,0.0,,0.0
2025-11-07 10:00:00,7.0,8.6,,4.8,,36.0,3.0,9.0,61.0,47.0,997.3,0.0,0.0,,0.0
2025-11-07 11:00:00,6.6,7.6,,5.6,,38.0,2.9,6.0,20.0,42.0,997.6,0.0,0.0,,0.0
2025-11-07 12:00:00,6.5,7.6,9.2,5.6,4.8,38.0,2.5,7.7,52.0,63.0,997.6,4.0,0.0,0.0,0.0
2025-11-07 13:00:00,7.0,8.2,,5.5,,35.0,5.7,11.0,42.0,33.0,997.3,36.0,0.0,,
2025-11-07 14:00:00,7.4,8.1,,5.8,,33.0,8.7,14.6,25.0,42.0,997.4,37.0,0.0,,0.0
2025-11-07 15:00:00,6.9,8.3,,5.4,,36.0,8.2,13.0,39.0,28.0,997.1,49.0,0.0,,25.0
2025-11-07 16:00:00,7.9,9.2,,6.4,,33.0,6.8,11.9,34.0,35.0,996.7,102.0,0.0,,0.0
2025-11-07 17:00:00,7.8,8.8,,6.7,,34.0,7.3,10.6,34.0,35.0,996.7,71.0,0.0,,0.0
2025-11-07 18:00:00,6.7,8.0,9.2,5.7,4.8,40.0,7.6,11.7,23.0,24.0,996.3,37.0,0.0,0.0,0.0
2025-11-07 19:00:00,7.6,8.9,,6.5,,35.0,5.6,11.0,359.0,27.0,996.1,7.0,0.0,,0.0
2025-11-07 20:00:00,7.4,8.3,,6.5,,37.0,7.5,10.6,5.0,19.0,996.2,0.0,0.0,,0.0
2025-11-07 21:00:00,7.5,9.5,,6.8,,36.0,4.5,10.0,51.0,12.0,995.9,0.0,0.0,,0.0
2025-11-07 22:00:00,8.8,9.6,,7.8,,28.0,4.4,9.5,55.0,54.0,995.1,0.0,0.0,,0.0
2025-11-07 23:00:00,8.3,8.8,,7.9,,28.0,6.0,11.5,65.0,52.0,995.8,0.0,0.0,,0.0
2025-11-08 00:00:00,8.1,8.8,9.6,7.5,5.4,28.0,5.9,9.1,56.0,51.0,995.5,0.0,0.0,0.0,0.0
2025-11-08 01:00:00,7.9,8.5,,7.4,,29.0,4.8,8.9,39.0,36.0,995.6,0.0,0.0,,0.0
2025-11-08 02:00:00,6.8,8.1,,5.6,,35.0,2.4,6.3,78.0,291.0,995.1,0.0,0.0,,0.0
2025-11-08 03:00:00,7.8,8.2,,7.4,,28.0,3.1,12.1,53.0,35.0,994.2,0.0,0.0,,0.0
2025-11-08 04:00:00,7.7,8.2,,7.4,,28.0,5.7,13.7,24.0,43.0,994.3,0.0,0.0,,0.0
2025-11-08 05:00:00,7.1,8.0,,6.3,,31.0,3.4,9.2,276.0,68.0,995.3,0.0,0.0,,0.0
2025-11-08 06:00:00,7.0,7.5,9.6,6.4,5.6,30.0,2.3,7.8,92.0,91.0,995.7,0.0,0.0,0.0,0.0
2025-11-08 07:00:00,7.0,7.6,,6.4,,29.0,2.1,5.0,62.0,51.0,996.3,0.0,0.0,,0.0
2025-11-08 08:00:00,6.9,7.4,,6.4,,31.0,3.0,6.3,44.0,52.0,996.9,0.0,0.0,,0.0
2025-11-08 09:00:00,6.9,7.6,,6.1,,32.0,3.4,8.5,50.0,52.0,997.6,0.0,0.0,,0.0
2025-11-08 10:00:00,7.1,7.8,,6.7,,31.0,6.1,10.6,38.0,45.0,997.5,0.0,0.0,,0.0
2025-11-08 11:00:00,7.4,7.8,,6.9,,31.0,7.3,13.2,43.0,48.0,998.0,0.0,0.0,,0.0
2025-11-08 12:00:00,7.4,7.9,8.5,6.9,5.6,32.0,10.0,17.7,50.0,45.0,998.6,1.0,0.0,0.0,0.0
2025-11-08 13:00:00,7.7,8.0,,7.4,,31.0,7.6,15.7,51.0,52.0,998.6,10.0,0.0,,100.0
2025-11-08 14:00:00,7.6,8.1,,7.2,,33.0,6.7,13.7,59.0,46.0,998.8,20.0,0.0,,75.0
2025-11-08 15:00:00,8.1,8.7,,7.6,,31.0,6.7,13.0,67.0,59.0,999.7,29.0,0.0,,100.0
2025-11-08 16:00:00,8.1,8.7,,7.7,,30.0,7.3,15.6,35.0,46.0,999.9,28.0,0.0,,40.0
2025-11-08 17:00:00,8.3,8.6,,7.6,,31.0,6.1,14.9,69.0,55.0,1001.0,23.0,0.0,,60.0
2025-11-08 18:00:00,8.3,8.9,8.9,7.5,6.1,32.0,2.2,4.8,71.0,69.0,1001.6,17.0,0.0,0.0,10.0
2025-11-08 19:00:00,8.7,9.5,,8.0,,31.0,3.3,7.3,55.0,60.0,1002.2,5.0,0.0,,25.0
2025-11-08 20:00:00,8.3,9.3,,7.4,,34.0,5.5,10.6,68.0,58.0,1003.0,0.0,0.0,,100.0
2025-11-08 21:00:00,8.8,9.9,,7.9,,33.0,3.7,9.3,37.0,48.0,1003.4,0.0,0.0,,100.0
2025-11-08 22:00:00,8.9,10.1,,6.7,,33.0,5.7,12.5,40.0,40.0,1003.6,0.0,0.0,,100.0
2025-11-08 23:00:00,8.7,9.6,,6.7,,35.0,4.3,12.3,36.0,44.0,1004.0,0.0,0.0,,90.0
2025-11-09 00:00:00,9.9,10.7,10.7,9.4,6.7,31.0,7.5,13.7,50.0,40.0,1004.8,0.0,0.0,0.0,100.0
2025-11-09 01:00:00,10.1,10.8,,9.5,,32.0,6.3,10.9,43.0,39.0,1005.4,0.0,0.0,,100.0
2025-11-09 02:00:00,10.0,10.8,,8.9,,33.0,3.4,8.9,33.0,58.0,1006.1,0.0,0.0,,75.0
2025-11-09 03:00:00,9.6,10.6,,8.1,,34.0,2.4,7.6,170.0,99.0,1006.9,0.0,0.0,,90.0
2025-11-09 04:00:00,8.4,9.9,,6.9,,39.0,2.1,6.7,44.0,10.0,1007.7,0.0,0.0,,25.0
2025-11-09 05:00:00,5.9,7.0,,4.7,,53.0,2.0,4.0,77.0,24.0,1008.5,0.0,0.0,,0.0
2025-11-09 06:00:00,6.0,6.3,10.8,5.3,4.7,49.0,3.1,4.7,357.0,353.0,1009.2,0.0,0.0,0.0,25.0
2025-11-09 07:00:00,5.4,5.7,,5.2,,51.0,3.5,4.8,9.0,14.0,1010.0,0.0,0.0,,0.0
2025-11-09 08:00:00,4.9,5.3,,4.4,,55.0,3.1,4.0,360.0,10.0,1010.6,0.0,0.0,,0.0
2025-11-09 09:00:00,5.0,5.4,,4.4,,54.0,1.5,3.3,119.0,22.0,1011.1,0.0,0.0,,100.0
2025-11-09 10:00:00,5.1,6.3,,4.2,,54.0,1.8,3.5,6.0,6.0,1011.5,0.0,0.0,,0.0
2025-11-09 11:00:00,5.3,6.3,,4.7,,52.0,2.9,3.7,353.0,10.0,1011.6,0.0,0.0,,25.0
2025-11-09 12:00:00,4.0,4.8,10.8,2.9,2.9,60.0,2.7,4.0,22.0,16.0,1012.1,1.0,0.0,0.0,90.0
2025-11-09 13:00:00,4.5,6.0,,3.2,,56.0,3.0,3.9,36.0,27.0,1012.3,15.0,0.0,,100.0
2025-11-09 14:00:00,4.0,5.9,,2.8,,59.0,3.9,5.1,9.0,6.0,1012.4,47.0,0.0,,100.0
2025-11-09 15:00:00,4.4,5.7,,2.6,,56.0,3.5,4.9,360.0,3.0,1012.8,43.0,0.0,,100.0
2025-11-09 16:00:00,3.7,5.8,,2.7,,60.0,2.9,4.2,8.0,359.0,1012.9,42.0,0.0,,100.0
2025-11-09 17:00:00,3.4,4.5,,2.7,,62.0,3.2,4.6,22.0,11.0,1013.3,34.0,0.0,,100.0
2025-11-09 18:00:00,3.1,3.4,6.3,2.9,2.6,66.0,0.8,2.3,5.0,54.0,1013.8,20.0,0.0,0.0,100.0
2025-11-09 19:00:00,3.2,3.7,,2.6,,63.0,2.1,3.0,337.0,355.0,1014.1,6.0,0.0,,100.0
2025-11-09 20:00:00,3.9,4.8,,2.7,,58.0,2.0,3.4,341.0,346.0,1014.9,0.0,0.0,,100.0
2025-11-09 21:00:00,2.8,3.4,,2.2,,65.0,2.9,3.9,304.0,337.0,1015.2,0.0,0.0,,10.0
2025-11-09 22:00:00,3.4,4.6,,2.4,,61.0,1.7,2.6,221.0,272.0,1015.9,0.0,0.0,,0.0
2025-11-09 23:00:00,4.3,5.0,,3.0,,57.0,1.4,2.5,318.0,327.0,1016.3,0.0,0.0,,0.0
2025-11-10 00:00:00,4.9,5.8,6.0,3.3,2.2,54.0,2.4,3.5,20.0,17.0,1016.6,0.0,0.0,0.0,10.0
2025-11-10 01:00:00,3.9,6.3,,-0.1,,61.0,3.1,5.6,264.0,339.0,1016.7,0.0,0.0,,0.0
2025-11-10 02:00:00,1.1,2.4,,0.4,,85.0,3.0,5.6,316.0,296.0,1017.4,0.0,0.0,,0.0
2025-11-10 03:00:00,1.7,2.9,,0.6,,77.0,2.8,4.1,360.0,3.0,1017.7,0.0,0.0,,40.0
2025-11-10 04:00:00,1.3,1.5,,0.8,,78.0,3.4,4.1,1.0,3.0,1018.0,0.0,0.0,,0.0
2025-11-10 05:00:00,1.7,3.1,,0.0,,76.0,3.9,5.2,359.0,5.0,1018.1,0.0,0.0,,0.0
2025-11-10 06:00:00,1.4,2.1,6.3,0.6,-0.1,78.0,3.8,4.8,9.0,2.0,1018.6,0.0,0.0,0.0,0.0
2025-11-10 07:00:00,1.1,2.3,,0.2,,81.0,3.7,4.7,23.0,7.0,1018.9,0.0,0.0,,0.0
2025-11-10 08:00:00,0.2,1.2,,-0.3,,86.0,4.8,6.1,356.0,2.0,1019.1,0.0,0.0,,0.0
2025-11-10 09:00:00,-0.1,0.1,,-0.6,,86.0,4.4,5.4,1.0,354.0,1019.3,0.0,0.0,,0.0
2025-11-10 10:00:00,-0.6,-0.3,,-0.8,,90.0,4.7,5.7,355.0,360.0,1020.0,0.0,0.0,,0.0
2025-11-10 11:00:00,-0.3,-0.2,,-0.5,,90.0,4.7,6.0,17.0,3.0,1020.7,0.0,0.0,,0.0
2025-11-10 12:00:00,-0.5,-0.2,6.3,-0.9,-0.9,88.0,4.3,6.0,10.0,5.0,1021.3,2.0,0.0,0.0,0.0
2025-11-10 13:00:00,-0.4,-0.2,,-0.7,,90.0,3.9,4.7,6.0,6.0,1021.7,28.0,0.0,,0.0
2025-11-10 14:00:00,-0.5,-0.1,,-0.7,,89.0,4.2,5.0,345.0,353.0,1021.5,82.0,0.0,,0.0
2025-11-10 15:00:00,-0.3,0.3,,-0.6,,89.0,3.3,5.1,23.0,11.0,1022.1,114.0,0.0,,0.0
2025-11-10 16:00:00,-0.1,0.2,,-0.3,,87.0,3.4,4.6,3.0,355.0,1022.7,120.0,0.0,,0.0
2025-11-10 17:00:00,0.1,0.3,,-0.1,,84.0,3.1,3.8,3.0,8.0,1022.9,99.0,0.0,,0.0
2025-11-10 18:00:00,0.1,0.4,2.3,-0.3,-0.9,85.0,3.2,4.0,26.0,13.0,1023.4,48.0,0.0,0.0,0.0
2025-11-10 19:00:00,0.4,1.0,,0.0,,85.0,1.9,3.7,217.0,42.0,1024.0,10.0,0.0,,0.0
2025-11-10 20:00:00,0.8,1.3,,0.5,,83.0,1.4,2.2,270.0,200.0,1024.4,0.0,0.0,,0.0
2025-11-10 21:00:00,0.3,0.6,,0.1,,87.0,0.7,1.5,94.0,162.0,1024.7,0.0,0.0,,10.0
2025-11-10 22:00:00,0.9,1.3,,0.1,,82.0,1.0,1.9,193.0,141.0,1025.0,0.0,0.0,,50.0
2025-11-10 23:00:00,0.4,0.7,,0.3,,87.0,1.2,2.1,173.0,171.0,1025.4,0.0,0.0,,10.0
2025-11-11 00:00:00,0.2,0.4,1.3,-0.4,-0.7,89.0,1.5,3.2,198.0,141.0,1025.5,0.0,0.0,0.0,10.0
2025-11-11 01:00:00,0.0,0.3,,-0.4,,90.0,1.4,3.0,123.0,199.0,1025.6,0.0,0.0,,50.0
2025-11-11 02:00:00,0.0,0.4,,-0.4,,89.0,1.2,2.2,65.0,111.0,1025.4,0.0,0.0,,0.0
2025-11-11 03:00:00,-0.3,0.1,,-0.9,,86.0,1.9,2.9,10.0,10.0,1025.2,0.0,0.0,,0.0
2025-11-11 04:00:00,-1.3,-0.9,,-1.5,,95.0,1.8,2.7,13.0,12.0,1025.7,0.0,0.0,,50.0
2025-11-11 05:00:00,-1.0,-0.5,,-1.3,,92.0,2.2,3.8,24.0,30.0,1025.3,0.0,0.0,,0.0
2025-11-11 06:00:00,-1.0,-0.7,1.3,-1.4,-1.5,94.0,1.3,3.2,4.0,355.0,1025.6,0.0,0.0,0.0,0.0
2025-11-11 07:00:00,-1.4,-0.8,,-1.7,,93.0,1.5,2.4,2.0,11.0,1025.2,0.0,0.0,,0.0
2025-11-11 08:00:00,-1.5,-1.2,,-1.6,,95.0,2.3,3.8,7.0,20.0,1024.5,0.0,0.0,,0.0
2025-11-11 09:00:00,-1.6,-1.2,,-1.7,,94.0,2.8,3.7,24.0,13.0,1024.6,0.0,0.0,,0.0
2025-11-11 10:00:00,-1.6,-1.1,,-2.0,,93.0,2.8,4.3,3.0,17.0,1023.8,0.0,0.0,,0.0
2025-11-11 11:00:00,-1.2,-1.0,,-1.3,,94.0,3.5,6.0,9.0,14.0,1023.5,0.0,0.0,,0.0
2025-11-11 12:00:00,-1.0,-0.3,0.4,-1.9,-2.0,89.0,1.5,3.2,196.0,124.0,1024.2,2.0,0.0,0.0,0.0
2025-11-11 13:00:00,-0.8,-0.3,,-1.2,,88.0,0.8,2.4,5.0,108.0,1024.4,18.0,0.0,,25.0
2025-11-11 14:00:00,-0.2,0.1,,-0.3,,83.0,1.0,4.7,124.0,140.0,1024.0,44.0,0.0,,50.0
2025-11-11 15:00:00,0.3,0.5,,-0.2,,83.0,4.5,7.6,141.0,140.0,1023.1,58.0,0.0,,50.0
2025-11-11 16:00:00,0.5,0.6,,0.4,,84.0,5.8,8.4,136.0,148.0,1023.1,76.0,0.0,,10.0
2025-11-11 17:00:00,0.5,0.6,,0.4,,81.0,4.1,6.4,130.0,140.0,1022.8,72.0,0.0,,10.0
2025-11-11 18:00:00,0.3,0.4,0.6,0.2,-2.0,85.0,2.9,5.3,133.0,136.0,1022.3,29.0,0.0,0.0,10.0
2025-11-11 19:00:00,0.1,0.3,,-0.4,,84.0,0.8,2.1,346.0,324.0,1022.1,6.0,0.0,,50.0
2025-11-11 20:00:00,-0.8,-0.2,,-1.2,,88.0,1.8,3.3,22.0,9.0,1021.7,0.0,0.0,,60.0
2025-11-11 21:00:00,-1.0,-0.2,,-1.4,,89.0,1.8,5.1,121.0,82.0,1021.1,0.0,0.0,,90.0
2025-11-11 22:00:00,0.3,0.5,,-0.1,,82.0,3.8,6.8,155.0,141.0,1020.0,0.0,0.0,,100.0
2025-11-11 23:00:00,-0.6,0.0,,-1.0,,90.0,1.9,3.6,1.0,12.0,1018.8,0.0,0.0,,100.0
2025-11-12 00:00:00,-0.7,-0.4,0.6,-1.0,-1.4,89.0,2.3,3.9,256.0,297.0,1018.9,0.0,0.0,0.0,75.0
2025-11-12 01:00:00,-0.1,0.5,,-0.4,,83.0,2.7,5.5,43.0,113.0,1017.5,0.0,0.0,,100.0
2025-11-12 02:00:00,-0.5,0.0,,-0.9,,86.0,3.8,7.2,16.0,16.0,1016.8,0.0,0.0,,100.0
2025-11-12 03:00:00,0.7,1.8,,0.0,,76.0,3.0,6.1,56.0,16.0,1015.9,0.0,0.0,,100.0
2025-11-12 04:00:00,1.4,2.2,,0.0,,72.0,2.3,5.9,8.0,118.0,1014.7,0.0,0.0,,100.0
2025-11-12 05:00:00,0.6,2.0,,-0.1,,77.0,2.9,5.9,12.0,15.0,1013.6,0.0,0.0,,100.0
2025-11-12 06:00:00,0.4,1.3,2.2,0.0,-1.4,78.0,3.0,5.7,12.0,13.0,1012.6,0.0,0.0,0.0,100.0
2025-11-12 07:00:00,0.4,1.6,,-0.1,,77.0,2.6,5.0,124.0,34.0,1011.3,0.0,0.0,,25.0
2025-11-12 08:00:00,1.6,1.8,,1.2,,71.0,2.1,5.1,151.0,168.0,1010.5,0.0,0.0,,10.0
2025-11-12 09:00:00,1.5,1.7,,1.3,,77.0,4.4,9.8,136.0,142.0,1009.4,0.0,0.0,,0.0
2025-11-12 10:00:00,1.8,2.0,,1.7,,79.0,6.8,10.9,147.0,144.0,1008.7,0.0,0.0,,75.0
2025-11-12 11:00:00,2.1,2.3,,1.9,,74.0,8.9,12.5,147.0,148.0,1007.8,0.0,0.0,,40.0
2025-11-12 12:00:00,2.3,2.4,2.4,2.2,-0.9,71.0,9.6,13.5,145.0,148.0,1006.7,0.0,0.0,0.0,100.0
2025-11-12 13:00:00,2.5,3.0,,2.1,,69.0,8.2,12.0,141.0,142.0,1006.5,4.0,0.0,,100.0
2025-11-12 14:00:00,4.4,5.4,,2.9,,56.0,8.7,13.3,136.0,141.0,1005.3,10.0,0.0,,100.0
2025-11-12 15:00:00,5.7,6.5,,3.6,,48.0,6.1,11.8,8.0,137.0,1004.0,22.0,0.0,,100.0
2025-11-12 16:00:00,2.1,3.6,,1.2,,69.0,3.7,7.5,6.0,13.0,1004.2,21.0,0.0,,100.0
2025-11-12 17:00:00,1.8,4.0,,0.7,,73.0,2.7,5.8,15.0,23.0,1004.3,17.0,0.0,,100.0
2025-11-12 18:00:00,4.5,5.1,6.5,0.9,-0.1,57.0,6.9,13.2,152.0,152.0,1003.8,8.0,0.0,0.0,100.0
2025-11-12 19:00:00,5.2,5.4,,5.0,,53.0,11.3,16.6,148.0,153.0,1004.2,2.0,0.0,,60.0
2025-11-12 20:00:00,5.0,5.4,,4.6,,55.0,8.5,14.4,144.0,142.0,1005.2,0.0,0.0,,100.0
2025-11-12 21:00:00,5.3,5.4,,5.2,,51.0,11.0,17.4,145.0,147.0,1005.9,0.0,0.0,,100.0
2025-11-12 22:00:00,5.1,5.3,,4.9,,53.0,10.9,16.8,139.0,143.0,1005.7,0.0,0.0,,100.0
2025-11-12 23:00:00,5.5,5.7,,4.8,,51.0,9.3,17.8,116.0,139.0,1006.3,0.0,0.0,,0.0
2025-11-13 00:00:00,5.0,5.7,6.5,4.3,0.7,52.0,1.3,3.4,30.0,31.0,1006.5,0.0,0.0,0.0,0.0
2025-11-13 01:00:00,4.2,5.0,,3.5,,56.0,1.1,3.4,22.0,16.0,1006.7,0.0,0.0,,0.0
2025-11-13 02:00:00,4.5,5.9,,2.6,,55.0,4.0,11.6,151.0,150.0,1006.6,0.0,0.0,,0.0
2025-11-13 03:00:00,5.9,6.3,,5.6,,48.0,8.9,15.0,132.0,142.0,1006.8,0.0,0.0,,0.0
2025-11-13 04:00:00,6.6,7.2,,5.8,,45.0,9.5,16.9,140.0,139.0,1007.2,0.0,0.0,,0.0
2025-11-13 05:00:00,5.2,6.6,,2.9,,53.0,2.8,9.0,322.0,156.0,1008.7,0.0,0.0,,100.0
2025-11-13 06:00:00,5.4,6.5,7.2,2.9,2.6,54.0,6.5,14.1,128.0,137.0,1008.3,0.0,0.0,0.0,100.0
2025-11-13 07:00:00,6.6,7.2,,5.8,,49.0,9.7,15.8,137.0,133.0,1008.6,0.0,0.0,,100.0
2025-11-13 08:00:00,8.2,9.1,,6.5,,41.0,11.2,19.6,158.0,138.0,1009.1,0.0,0.0,,100.0
2025-11-13 09:00:00,6.1,6.6,,5.9,,57.0,9.8,16.8,147.0,150.0,1009.3,0.0,0.0,,100.0
2025-11-13 10:00:00,6.0,6.4,,5.5,,59.0,9.3,14.5,147.0,139.0,1009.8,0.0,0.0,,100.0
2025-11-13 11:00:00,6.1,6.4,,5.8,,58.0,10.6,16.3,142.0,146.0,1010.4,0.0,0.0,,100.0
2025-11-13 12:00:00,5.1,5.8,9.1,4.5,2.6,66.0,8.6,13.5,130.0,133.0,1011.2,1.0,0.0,0.0,100.0
2025-11-13 13:00:00,4.9,5.3,,4.7,,68.0,9.8,15.3,133.0,132.0,1010.9,7.0,0.0,,100.0
2025-11-13 14:00:00,5.3,5.5,,5.0,,66.0,9.6,16.0,134.0,137.0,1011.3,16.0,0.0,,100.0
2025-11-13 15:00:00,5.3,5.7,,5.0,,65.0,12.3,20.5,138.0,138.0,1011.3,20.0,0.0,,100.0
2025-11-13 16:00:00,5.0,5.3,,4.6,,70.0,13.4,21.0,147.0,144.0,1011.9,16.0,0.0,,100.0
2025-11-13 17:00:00,5.2,5.4,,4.7,,73.0,13.9,20.4,138.0,140.0,1012.1,11.0,0.0,,100.0
2025-11-13 18:00:00,4.9,5.3,9.1,4.5,4.5,79.0,16.1,25.0,138.0,138.0,1012.7,6.0,0.0,0.0,100.0
2025-11-13 19:00:00,4.4,4.6,,4.2,,85.0,16.4,24.3,137.0,136.0,1013.2,1.0,0.0,,100.0
2025-11-13 20:00:00,5.0,5.3,,4.6,,79.0,15.7,23.3,139.0,139.0,1014.4,0.0,0.0,,100.0
2025-11-13 21:00:00,5.2,5.5,,4.9,,76.0,14.8,23.0,145.0,144.0,1014.8,0.0,0.0,,100.0
2025-11-13 22:00:00,4.5,4.9,,4.1,,80.0,14.6,22.5,147.0,147.0,1015.6,0.0,0.0,,100.0
2025-11-13 23:00:00,3.9,4.5,,3.7,,88.0,15.4,23.3,144.0,145.0,1016.4,0.0,0.0,,100.0
2025-11-14 00:00:00,3.5,3.9,5.7,3.3,3.3,94.0,16.0,23.6,148.0,146.0,1017.1,0.0,0.0,0.0,100.0
2025-11-14 01:00:00,3.6,3.8,,3.3,,93.0,15.4,23.3,145.0,147.0,1018.2,0.0,0.0,,100.0
2025-11-14 02:00:00,3.5,3.6,,3.4,,94.0,15.3,23.0,148.0,149.0,1018.8,0.0,0.0,,100.0
2025-11-14 03:00:00,3.7,3.9,,3.4,,91.0,15.1,23.1,147.0,148.0,1018.9,0.0,0.0,,100.0
2025-11-14 04:00:00,3.7,3.9,,3.5,,90.0,14.0,20.4,144.0,147.0,1019.7,0.0,0.0,,100.0
2025-11-14 05:00:00,3.6,3.8,,3.2,,92.0,14.0,20.0,148.0,146.0,1020.8,0.0,0.0,,100.0
2025-11-14 06:00:00,3.4,3.6,5.5,3.2,3.2,93.0,13.3,20.0,147.0,146.0,1021.4,0.0,0.0,0.0,100.0
2025-11-14 07:00:00,3.4,3.5,,3.4,,92.0,13.4,19.6,148.0,149.0,1022.6,0.0,0.0,,100.0
2025-11-14 08:00:00,3.4,3.5,,3.3,,91.0,12.5,18.2,145.0,148.0,1022.8,0.0,0.0,,100.0
2025-11-14 09:00:00,3.8,3.9,,3.5,,89.0,12.7,19.8,146.0,144.0,1023.4,0.0,0.0,,100.0
2025-11-14 10:00:00,3.3,3.7,,3.1,,94.0,11.6,16.1,151.0,150.0,1024.0,0.0,0.0,,100.0
2025-11-14 11:00:00,3.4,3.5,,3.2,,95.0,11.0,16.8,149.0,147.0,1024.9,0.0,0.0,,100.0
2025-11-14 12:00:00,3.1,3.3,3.9,3.0,3.0,96.0,11.2,15.0,150.0,149.0,1025.7,0.0,0.0,0.0,100.0
2025-11-14 13:00:00,2.9,3.0,,2.9,,96.0,9.7,14.0,143.0,147.0,1026.5,4.0,0.0,,100.0
2025-11-14 14:00:00,2.9,2.9,,2.9,,96.0,7.7,12.3,143.0,143.0,1026.7,10.0,0.0,,100.0
2025-11-14 15:00:00,3.1,3.3,,2.9,,93.0,6.1,9.2,138.0,140.0,1026.6,19.0,0.0,,100.0
2025-11-14 16:00:00,3.3,3.4,,3.2,,90.0,4.9,7.9,133.0,134.0,1026.8,19.0,0.0,,100.0
2025-11-14 17:00:00,3.2,3.3,,3.1,,91.0,2.9,5.7,124.0,128.0,1027.0,24.0,0.2,,100.0
2025-11-14 18:00:00,2.3,3.1,3.9,1.6,1.6,97.0,2.3,4.1,17.0,17.0,1027.1,18.0,0.1,0.3,
2025-11-14 19:00:00,1.6,2.0,,1.4,,100.0,2.3,4.0,63.0,28.0,1027.8,2.0,0.0,,100.0
2025-11-14 20:00:00,2.4,2.6,,2.0,,99.0,0.7,1.8,295.0,211.0,1027.8,0.0,0.0,,100.0
2025-11-14 21:00:00,2.0,2.6,,1.6,,99.0,2.5,5.3,17.0,10.0,1027.5,0.0,0.0,,100.0
2025-11-14 22:00:00,1.6,1.9,,1.3,,100.0,4.3,6.9,9.0,7.0,1027.4,0.0,0.1,,100.0
2025-11-14 23:00:00,1.5,1.9,,1.3,,100.0,5.0,7.3,12.0,7.0,1027.0,0.0,0.0,,100.0
2025-11-15 00:00:00,1.6,1.8,3.4,1.4,1.3,100.0,5.7,7.6,9.0,14.0,1027.1,0.0,0.1,0.5,
2025-11-15 01:00:00,1.4,1.6,,1.3,,100.0,4.9,6.9,8.0,5.0,1026.9,0.0,0.0,,100.0
2025-11-15 02:00:00,1.1,1.3,,0.9,,100.0,5.4,8.0,7.0,4.0,1026.2,0.0,0.0,,100.0
2025-11-15 03:00:00,1.2,1.5,,0.9,,100.0,5.2,8.1,33.0,20.0,1025.9,0.0,0.0,,100.0
2025-11-15 04:00:00,1.5,1.8,,1.0,,100.0,1.4,4.5,24.0,38.0,1026.1,0.0,0.0,,100.0
2025-11-15 05:00:00,0.6,1.0,,0.3,,100.0,3.8,6.2,16.0,18.0,1025.8,0.0,0.0,,50.0
2025-11-15 06:00:00,0.3,0.4,2.6,0.3,0.3,100.0,5.7,8.1,9.0,12.0,1025.4,0.0,0.0,0.5,100.0
2025-11-15 07:00:00,0.4,0.8,,0.1,,100.0,2.7,6.0,160.0,35.0,1026.3,0.0,0.0,,10.0
2025-11-15 08:00:00,0.7,1.1,,0.3,,100.0,1.4,2.4,177.0,177.0,1026.5,0.0,0.0,,60.0
2025-11-15 09:00:00,1.3,1.7,,0.8,,100.0,1.2,2.6,187.0,160.0,1026.5,0.0,0.0,,100.0
2025-11-15 10:00:00,1.1,1.5,,0.6,,99.0,0.5,1.8,272.0,200.0,1026.6,0.0,0.1,,100.0
2025-11-15 11:00:00,1.9,2.2,,0.8,,100.0,0.7,1.3,81.0,168.0,1026.7,0.0,0.0,,
2025-11-15 12:00:00,2.3,2.7,2.7,1.6,0.1,100.0,0.5,1.8,295.0,297.0,1026.8,1.0,0.4,0.9,100.0
2025-11-15 13:00:00,1.0,1.7,,0.3,,100.0,2.1,3.4,357.0,349.0,1026.7,7.0,0.0,,
2025-11-15 14:00:00,0.2,0.3,,0.1,,100.0,3.4,4.5,5.0,2.0,1026.5,25.0,0.0,,
2025-11-15 15:00:00,0.3,0.6,,-0.1,,100.0,3.9,5.6,359.0,3.0,1025.8,51.0,0.1,,
2025-11-15 16:00:00,-0.1,0.1,,-0.2,,100.0,4.6,6.3,1.0,3.0,1025.1,45.0,0.0,,
2025-11-15 17:00:00,-0.4,-0.2,,-0.7,,100.0,5.4,6.9,2.0,2.0,1024.4,38.0,0.0,,
2025-11-15 18:00:00,-0.4,-0.1,2.7,-0.7,-0.7,100.0,5.0,7.4,360.0,360.0,1023.7,28.0,0.0,0.7,
2025-11-15 19:00:00,-0.4,0.0,,-0.7,,100.0,6.2,8.4,9.0,2.0,1023.1,2.0,0.0,,
2025-11-15 20:00:00,-0.5,-0.2,,-0.8,,100.0,7.3,9.7,9.0,10.0,1022.8,0.0,0.0,,
2025-11-15 21:00:00,-0.8,-0.5,,-1.1,,100.0,6.3,9.3,12.0,8.0,1021.8,0.0,0.0,,10.0
2025-11-15 22:00:00,-0.7,-0.5,,-0.8,,100.0,7.6,10.1,18.0,17.0,1021.1,0.0,0.0,,0.0
2025-11-15 23:00:00,-0.9,-0.7,,-1.3,,100.0,7.2,9.7,4.0,13.0,1020.5,0.0,0.0,,0.0
2025-11-16 00:00:00,-1.0,-0.9,1.7,-1.2,-1.3,100.0,8.0,11.0,10.0,9.0,1020.5,0.0,0.0,0.5,0.0
2025-11-16 01:00:00,-1.1,-0.8,,-1.3,,100.0,5.0,7.4,42.0,16.0,1021.0,0.0,0.0,,0.0
2025-11-16 02:00:00,-0.3,0.1,,-1.0,,98.0,1.3,3.1,184.0,135.0,1021.1,0.0,0.0,,0.0
2025-11-16 03:00:00,0.4,0.7,,-0.1,,92.0,3.2,5.6,153.0,159.0,1020.8,0.0,0.0,,0.0
2025-11-16 04:00:00,0.6,0.9,,0.3,,87.0,3.3,6.1,143.0,142.0,1020.6,0.0,0.0,,0.0
2025-11-16 05:00:00,1.1,1.5,,0.8,,81.0,5.6,10.1,150.0,147.0,1020.7,0.0,0.0,,0.0
2025-11-16 06:00:00,1.3,1.5,1.5,1.0,-1.3,80.0,7.8,11.9,166.0,162.0,1020.6,0.0,0.0,0.5,0.0
2025-11-16 07:00:00,1.5,2.1,,1.0,,76.0,5.1,9.9,160.0,157.0,1021.2,0.0,0.0,,0.0
2025-11-16 08:00:00,1.1,2.0,,0.6,,84.0,9.6,15.9,150.0,157.0,1020.9,0.0,0.0,,0.0
2025-11-16 09:00:00,0.4,0.6,,0.2,,96.0,9.8,15.0,153.0,152.0,1021.6,0.0,0.0,,25.0
2025-11-16 10:00:00,0.3,0.4,,0.2,,99.0,4.3,10.8,31.0,154.0,1022.4,0.0,0.0,,60.0
2025-11-16 11:00:00,0.5,0.6,,0.1,,98.0,4.2,7.2,133.0,142.0,1022.5,0.0,0.0,,60.0
2025-11-16 12:00:00,0.9,1.6,2.1,0.4,-1.3,88.0,4.6,7.5,149.0,151.0,1022.7,2.0,0.0,0.1,50.0
2025-11-16 13:00:00,2.1,2.5,,1.6,,79.0,4.4,7.0,153.0,149.0,1022.9,16.0,0.0,,25.0
2025-11-16 14:00:00,1.7,2.6,,-0.5,,81.0,3.2,6.8,354.0,144.0,1023.3,19.0,0.0,,0.0
2025-11-16 15:00:00,0.0,0.7,,-0.5,,87.0,2.4,5.1,10.0,9.0,1023.4,22.0,0.0,,0.0
2025-11-16 16:00:00,0.1,0.9,,-0.6,,84.0,2.5,4.3,19.0,14.0,1023.4,45.0,0.0,,0.0
2025-11-16 17:00:00,0.3,0.8,,-0.5,,80.0,5.2,9.4,17.0,12.0,1023.1,81.0,0.0,,10.0
2025-11-16 18:00:00,-0.3,0.5,2.6,-0.7,-0.7,83.0,7.4,9.7,17.0,15.0,1023.2,43.0,0.0,0.0,10.0
2025-11-16 19:00:00,-0.5,-0.1,,-0.7,,86.0,7.5,9.7,7.0,7.0,1023.5,3.0,0.0,,0.0
2025-11-16 20:00:00,-0.4,0.0,,-0.6,,83.0,7.9,10.8,17.0,11.0,1023.5,0.0,0.0,,0.0
2025-11-16 21:00:00,0.0,0.9,,-0.6,,76.0,8.3,12.5,18.0,16.0,1023.5,0.0,0.0,,0.0
2025-11-16 22:00:00,-0.4,-0.1,,-0.6,,78.0,8.9,12.9,14.0,13.0,1023.6,0.0,0.0,,0.0
2025-11-16 23:00:00,-0.4,0.3,,-0.8,,79.0,9.7,12.8,20.0,10.0,1023.6,0.0,0.0,,0.0
2025-11-17 00:00:00,0.2,0.6,2.6,-0.1,-0.8,72.0,9.1,13.1,15.0,21.0,1023.1,0.0,0.0,0.0,100.0
2025-11-17 01:00:00,0.9,1.8,,0.0,,66.0,9.7,13.1,17.0,14.0,1022.8,0.0,0.0,,100.0
2025-11-17 02:00:00,1.1,2.8,,0.2,,64.0,9.5,13.5,38.0,24.0,1022.7,0.0,0.0,,25.0
2025-11-17 03:00:00,1.4,2.9,,0.4,,60.0,9.2,12.6,15.0,22.0,1022.8,0.0,0.0,,75.0
2025-11-17 04:00:00,1.9,3.1,,0.4,,58.0,9.2,11.8,10.0,12.0,1022.2,0.0,0.0,,10.0
2025-11-17 05:00:00,2.7,4.2,,1.8,,52.0,7.6,11.3,19.0,15.0,1022.3,0.0,0.0,,0.0
2025-11-17 06:00:00,3.6,4.9,4.9,2.3,-0.8,45.0,2.7,9.9,8.0,33.0,1022.4,0.0,0.0,0.0,50.0
2025-11-17 07:00:00,3.2,4.2,,1.9,,49.0,3.2,8.3,9.0,24.0,1022.2,0.0,0.0,,100.0
2025-11-17 08:00:00,2.8,4.2,,1.4,,51.0,5.5,10.5,23.0,18.0,1022.1,0.0,0.0,,0.0
2025-11-17 09:00:00,1.8,3.6,,0.6,,60.0,7.4,11.2,27.0,15.0,1021.8,0.0,0.0,,0.0
2025-11-17 10:00:00,1.5,3.5,,0.4,,61.0,8.4,12.5,10.0,13.0,1020.8,0.0,0.0,,0.0
2025-11-17 11:00:00,1.0,1.5,,0.5,,65.0,10.7,15.0,5.0,7.0,1019.9,0.0,0.0,,100.0
2025-11-17 12:00:00,0.7,1.0,4.9,0.3,0.0,68.0,9.8,13.0,358.0,5.0,1019.8,0.0,0.0,0.0,100.0
2025-11-17 13:00:00,1.1,1.7,,0.8,,64.0,6.3,12.7,56.0,359.0,1020.7,3.0,0.0,,100.0
2025-11-17 14:00:00,2.2,2.7,,1.6,,59.0,1.9,6.0,174.0,147.0,1020.9,10.0,0.0,,100.0
2025-11-17 15:00:00,3.5,4.7,,2.6,,61.0,7.3,14.2,169.0,163.0,1021.2,20.0,0.0,,100.0
2025-11-17 16:00:00,2.6,3.4,,1.8,,68.0,5.6,11.6,153.0,172.0,1022.0,28.0,0.0,,100.0
2025-11-17 17:00:00,3.7,4.1,,3.1,,63.0,1.5,3.4,78.0,129.0,1022.3,28.0,0.0,,75.0
2025-11-17 18:00:00,4.3,4.7,4.7,3.9,0.3,62.0,0.7,3.0,335.0,74.0,1022.4,11.0,0.0,0.0,90.0
2025-11-17 19:00:00,4.1,4.6,,3.2,,61.0,1.4,3.7,14.0,18.0,1022.3,1.0,0.0,,90.0
2025-11-17 20:00:00,2.2,3.3,,0.8,,71.0,4.7,9.5,9.0,16.0,1022.2,0.0,0.0,,100.0
2025-11-17 21:00:00,1.4,1.8,,0.8,,71.0,6.5,9.6,22.0,13.0,1022.3,0.0,0.0,,100.0
2025-11-17 22:00:00,1.5,2.4,,1.0,,74.0,4.1,7.9,20.0,17.0,1022.1,0.0,0.0,,100.0
2025-11-17 23:00:00,1.1,1.5,,0.8,,84.0,5.4,8.7,20.0,24.0,1022.4,0.0,0.1,,100.0
2025-11-18 00:00:00,1.3,2.4,4.7,0.8,0.8,92.0,3.4,7.4,11.0,16.0,1022.0,0.0,1.5,1.6,100.0
2025-11-18 01:00:00,1.3,2.5,,0.6,,94.0,8.1,11.9,9.0,9.0,1021.2,0.0,1.1,,100.0
2025-11-18 02:00:00,1.3,2.6,,0.8,,95.0,8.4,12.5,8.0,11.0,1021.4,0.0,0.2,,100.0
2025-11-18 03:00:00,1.3,1.8,,0.7,,96.0,8.4,11.3,12.0,4.0,1020.9,0.0,0.3,,100.0
2025-11-18 04:00:00,1.1,1.4,,0.8,,98.0,8.7,11.6,11.0,10.0,1020.6,0.0,0.0,,100.0
2025-11-18 05:00:00,1.6,2.3,,1.3,,98.0,8.2,10.7,5.0,7.0,1020.4,0.0,0.0,,100.0
2025-11-18 06:00:00,1.6,2.0,4.6,1.4,0.6,98.0,8.0,10.7,13.0,12.0,1020.2,0.0,0.0,3.2,100.0
2025-11-18 07:00:00,1.6,2.2,,1.1,,99.0,8.5,11.9,9.0,13.0,1019.7,0.0,0.0,,100.0
2025-11-18 08:00:00,1.6,1.9,,1.4,,100.0,9.8,13.7,15.0,16.0,1018.8,0.0,0.0,,100.0
2025-11-18 09:00:00,2.6,3.9,,1.5,,97.0,10.4,13.1,5.0,11.0,1018.4,0.0,0.0,,100.0
2025-11-18 10:00:00,3.6,4.8,,2.6,,92.0,11.0,14.1,14.0,15.0,1017.6,0.0,0.0,,100.0
2025-11-18 11:00:00,5.1,7.0,,4.0,,84.0,10.5,14.4,14.0,12.0,1017.5,0.0,0.0,,100.0
2025-11-18 12:00:00,7.6,8.8,8.8,5.8,0.6,71.0,7.6,12.0,34.0,25.0,1017.2,0.0,0.0,3.2,100.0
2025-11-18 13:00:00,6.6,8.9,,5.3,,76.0,6.6,11.8,18.0,12.0,1017.1,4.0,0.0,,100.0
2025-11-18 14:00:00,5.4,6.7,,4.5,,81.0,5.5,10.5,24.0,18.0,1016.9,19.0,0.0,,100.0
2025-11-18 15:00:00,4.1,5.4,,3.6,,87.0,5.9,8.8,15.0,21.0,1016.3,30.0,0.0,,100.0
2025-11-18 16:00:00,4.7,6.4,,3.6,,85.0,3.3,8.4,10.0,19.0,1015.9,12.0,0.3,,100.0
2025-11-18 17:00:00,4.8,7.7,,3.5,,86.0,7.2,10.1,40.0,19.0,1015.4,7.0,0.2,,100.0
2025-11-18 18:00:00,6.6,7.8,8.9,3.4,1.1,80.0,6.9,14.5,264.0,23.0,1014.6,1.0,0.2,3.8,100.0
2025-11-18 19:00:00,7.5,8.5,,6.5,,78.0,6.6,14.0,259.0,20.0,1014.1,8.0,0.4,,100.0
2025-11-18 20:00:00,7.7,9.4,,5.0,,75.0,7.7,11.4,359.0,19.0,1013.3,0.0,0.0,,100.0
2025-11-18 21:00:00,5.0,5.7,,4.1,,85.0,7.6,11.4,4.0,7.0,1012.7,0.0,0.0,,100.0
2025-11-18 22:00:00,4.3,5.1,,3.8,,87.0,8.1,12.1,9.0,8.0,1010.6,0.0,0.0,,100.0
2025-11-18 23:00:00,4.9,6.0,,3.7,,83.0,9.0,12.5,6.0,8.0,1009.3,0.0,0.0,,60.0
2025-11-19 00:00:00,4.1,5.1,9.4,2.9,2.9,86.0,10.3,14.0,2.0,4.0,1007.3,0.0,0.0,2.6,100.0
2025-11-19 01:00:00,4.2,5.1,,3.0,,85.0,10.5,13.3,11.0,12.0,1004.4,0.0,0.0,,25.0
2025-11-19 02:00:00,5.0,6.1,,4.3,,81.0,10.0,14.8,23.0,13.0,1003.8,0.0,0.0,,40.0
2025-11-19 03:00:00,5.5,6.3,,4.8,,80.0,6.0,11.1,54.0,16.0,1004.1,0.0,0.0,,100.0
2025-11-19 04:00:00,6.5,7.1,,5.7,,77.0,1.5,2.7,2.0,170.0,1003.6,0.0,0.7,,100.0
2025-11-19 05:00:00,7.5,8.8,,6.3,,78.0,2.3,4.4,24.0,13.0,1003.1,0.0,1.3,,100.0
2025-11-19 06:00:00,5.1,7.7,9.4,3.9,2.9,90.0,2.8,5.9,200.0,197.0,1003.8,0.0,0.5,3.5,100.0
2025-11-19 07:00:00,5.0,5.4,,4.7,,94.0,2.8,5.3,169.0,152.0,1004.0,0.0,0.6,,100.0
2025-11-19 08:00:00,4.8,5.0,,4.4,,98.0,2.6,5.9,144.0,144.0,1004.4,0.0,0.3,,100.0
2025-11-19 09:00:00,5.5,6.6,,4.9,,98.0,1.0,2.9,102.0,140.0,1004.5,0.0,0.4,,100.0
2025-11-19 10:00:00,6.5,6.9,,6.0,,92.0,2.5,5.0,173.0,142.0,1004.8,0.0,0.8,,100.0
2025-11-19 11:00:00,5.7,6.4,,4.5,,93.0,3.3,6.3,171.0,152.0,1005.5,0.0,0.2,,100.0
2025-11-19 12:00:00,5.1,6.1,8.8,4.5,3.0,97.0,8.3,15.2,140.0,154.0,1006.0,0.0,1.6,7.4,100.0
2025-11-19 13:00:00,4.3,4.6,,4.1,,96.0,9.7,15.0,136.0,136.0,1006.4,2.0,0.3,,100.0
2025-11-19 14:00:00,4.2,4.3,,4.0,,95.0,9.9,16.0,137.0,137.0,1006.8,12.0,1.4,,100.0
2025-11-19 15:00:00,4.2,4.4,,4.1,,91.0,9.8,15.3,141.0,137.0,1006.3,22.0,0.2,,100.0
2025-11-19 16:00:00,4.3,4.5,,4.2,,88.0,10.9,19.0,139.0,141.0,1006.8,32.0,0.0,,100.0
2025-11-19 17:00:00,4.3,4.6,,4.1,,87.0,8.7,14.7,136.0,137.0,1006.7,26.0,0.0,,100.0
2025-11-19 18:00:00,4.4,4.6,6.9,4.3,4.0,85.0,6.1,10.7,147.0,146.0,1006.3,11.0,0.0,8.6,100.0
2025-11-19 19:00:00,4.2,4.6,,3.4,,88.0,3.4,6.8,46.0,114.0,1007.0,1.0,0.0,,100.0
2025-11-19 20:00:00,3.5,3.9,,3.1,,96.0,3.6,6.6,15.0,20.0,1006.3,0.0,0.5,,100.0
2025-11-19 21:00:00,2.8,3.3,,2.0,,98.0,6.2,9.0,360.0,8.0,1005.1,0.0,0.1,,100.0
2025-11-19 22:00:00,2.6,3.3,,1.9,,99.0,5.9,8.5,21.0,13.0,1005.1,0.0,0.0,,90.0
2025-11-19 23:00:00,2.7,3.4,,2.2,,96.0,5.2,8.0,7.0,9.0,1004.8,0.0,0.0,,100.0
2025-11-20 00:00:00,2.3,2.8,4.6,1.8,1.8,97.0,5.2,7.1,15.0,10.0,1004.3,0.0,0.0,8.8,100.0
2025-11-20 01:00:00,1.8,2.2,,1.4,,99.0,4.7,6.4,25.0,7.0,1004.0,0.0,0.0,,100.0
2025-11-20 02:00:00,2.1,2.6,,1.5,,99.0,1.9,4.1,138.0,71.0,1003.7,0.0,0.0,,100.0
2025-11-20 03:00:00,2.8,3.0,,2.3,,96.0,1.3,2.1,219.0,162.0,1003.2,0.0,0.0,,100.0
2025-11-20 04:00:00,3.3,3.8,,2.9,,93.0,0.4,1.3,14.0,290.0,1002.6,0.0,0.0,,100.0
2025-11-20 05:00:00,3.3,4.2,,2.6,,91.0,1.7,2.5,28.0,27.0,1002.1,0.0,0.0,,100.0
2025-11-20 06:00:00,3.2,4.4,4.6,2.1,1.4,89.0,2.1,2.8,13.0,11.0,1001.7,0.0,0.0,6.3,100.0
2025-11-20 07:00:00,3.8,4.7,,3.0,,83.0,1.3,2.7,330.0,30.0,1001.5,0.0,0.0,,100.0
2025-11-20 08:00:00,3.2,4.1,,2.4,,87.0,0.7,2.3,152.0,131.0,1000.9,0.0,0.0,,100.0
2025-11-20 09:00:00,3.2,3.8,,2.4,,88.0,1.2,2.5,251.0,213.0,1000.4,0.0,0.0,,100.0
2025-11-20 10:00:00,3.5,3.7,,3.2,,85.0,0.9,1.8,257.0,253.0,1000.3,0.0,0.0,,100.0
2025-11-20 11:00:00,3.4,3.5,,3.2,,86.0,1.4,1.8,281.0,268.0,1000.0,0.0,0.0,,100.0
2025-11-20 12:00:00,3.2,3.4,4.7,3.1,1.4,86.0,1.5,2.0,283.0,289.0,999.7,0.0,0.0,2.5,100.0
2025-11-20 13:00:00,3.0,3.2,,2.7,,84.0,2.0,2.7,360.0,336.0,999.5,7.0,0.0,,100.0
2025-11-20 14:00:00,2.3,2.8,,1.8,,88.0,2.6,3.8,12.0,8.0,999.3,20.0,0.0,,100.0
2025-11-20 15:00:00,1.9,2.0,,1.8,,89.0,2.6,3.4,13.0,15.0,998.9,26.0,0.0,,100.0
2025-11-20 16:00:00,2.0,2.1,,1.8,,89.0,2.7,3.3,11.0,15.0,998.5,25.0,0.0,,100.0
2025-11-20 17:00:00,1.9,2.0,,1.8,,90.0,2.1,3.4,343.0,359.0,998.0,17.0,0.0,,100.0
2025-11-20 18:00:00,2.3,2.5,4.7,1.9,1.8,89.0,1.8,2.4,12.0,3.0,997.7,5.0,0.0,0.6,100.0
2025-11-20 19:00:00,2.6,2.8,,2.4,,89.0,2.1,2.8,26.0,19.0,997.7,0.0,0.0,,100.0
2025-11-20 20:00:00,2.7,2.8,,2.6,,91.0,2.1,3.2,348.0,20.0,997.6,0.0,0.0,,100.0
2025-11-20 21:00:00,2.3,2.6,,2.1,,94.0,1.5,1.9,339.0,341.0,997.4,0.0,0.0,,100.0
2025-11-20 22:00:00,2.0,2.2,,1.8,,96.0,1.8,2.1,10.0,9.0,997.2,0.0,0.1,,100.0
2025-11-20 23:00:00,2.1,2.2,,1.8,,98.0,2.2,2.9,31.0,29.0,997.0,0.0,0.2,,100.0
2025-11-21 00:00:00,2.0,2.2,3.2,1.3,1.3,98.0,1.9,2.8,311.0,5.0,997.0,0.0,0.3,0.5,100.0
2025-11-21 01:00:00,1.3,1.5,,1.2,,99.0,1.5,2.2,266.0,283.0,996.9,0.0,0.3,,100.0
2025-11-21 02:00:00,1.3,1.4,,1.2,,100.0,1.4,2.2,228.0,237.0,996.8,0.0,0.6,,100.0
2025-11-21 03:00:00,1.4,1.4,,1.4,,100.0,1.4,2.1,148.0,189.0,996.6,0.0,1.0,,100.0
2025-11-21 04:00:00,1.3,1.4,,1.2,,99.0,1.9,3.0,146.0,141.0,996.5,0.0,0.6,,100.0
2025-11-21 05:00:00,1.2,1.3,,0.9,,100.0,2.7,4.4,141.0,148.0,996.7,0.0,0.8,,100.0
2025-11-21 06:00:00,0.5,0.9,2.8,0.2,0.2,100.0,4.2,6.4,136.0,137.0,997.0,0.0,0.6,4.2,100.0
2025-11-21 07:00:00,0.0,0.2,,-0.1,,100.0,4.7,6.5,135.0,137.0,997.3,0.0,0.5,,100.0
2025-11-21 08:00:00,-0.1,0.0,,-0.1,,100.0,4.7,6.7,142.0,139.0,997.6,0.0,0.5,,100.0
2025-11-21 09:00:00,0.1,0.1,,0.0,,100.0,5.4,6.8,145.0,144.0,997.8,0.0,0.3,,100.0
2025-11-21 10:00:00,0.1,0.2,,0.1,,100.0,6.1,8.6,145.0,147.0,998.1,0.0,0.4,,100.0
2025-11-21 11:00:00,0.1,0.2,,0.1,,100.0,6.3,9.1,145.0,146.0,998.5,0.0,0.6,,100.0
2025-11-21 12:00:00,0.2,0.3,1.5,0.1,-0.1,100.0,6.7,9.9,140.0,141.0,998.8,0.0,0.4,6.7,100.0
2025-11-21 13:00:00,0.2,0.2,,0.1,,100.0,6.7,10.3,142.0,143.0,999.1,6.0,0.4,,100.0
2025-11-21 14:00:00,0.1,0.2,,0.1,,100.0,6.9,10.1,146.0,145.0,999.6,12.0,0.5,,100.0
2025-11-21 15:00:00,0.1,0.1,,0.1,,100.0,6.5,9.9,140.0,140.0,1000.0,25.0,0.7,,100.0
2025-11-21 16:00:00,0.2,0.2,,0.1,,100.0,7.6,10.7,138.0,140.0,1000.4,27.0,0.2,,100.0
2025-11-21 17:00:00,0.3,0.4,,0.2,,99.0,7.4,11.3,141.0,141.0,1000.8,13.0,0.3,,100.0
2025-11-21 18:00:00,0.4,0.4,0.4,0.2,-0.1,99.0,7.1,10.8,142.0,142.0,1001.4,6.0,0.3,8.9,100.0
2025-11-21 19:00:00,0.2,0.3,,0.2,,100.0,6.9,10.1,148.0,146.0,1002.0,0.0,0.2,,100.0
2025-11-21 20:00:00,0.4,0.4,,0.3,,100.0,7.5,10.6,150.0,149.0,1002.7,0.0,0.1,,100.0
2025-11-21 21:00:00,0.4,0.4,,0.3,,100.0,7.0,10.7,149.0,149.0,1003.2,0.0,0.1,,100.0
2025-11-21 22:00:00,0.4,0.4,,0.2,,100.0,7.5,10.1,150.0,149.0,1003.8,0.0,0.0,,100.0
2025-11-21 23:00:00,0.2,0.2,,0.1,,100.0,6.3,9.7,155.0,152.0,1004.4,0.0,0.5,,100.0
2025-11-22 00:00:00,0.2,0.3,0.4,0.2,0.1,100.0,7.8,11.8,151.0,152.0,1004.9,0.0,0.0,9.3,100.0
2025-11-22 01:00:00,0.4,0.4,,0.3,,100.0,7.7,12.1,149.0,151.0,1005.3,0.0,0.0,,100.0
2025-11-22 02:00:00,0.4,0.4,,0.3,,100.0,8.1,12.1,147.0,149.0,1006.0,0.0,0.3,,100.0
2025-11-22 03:00:00,0.3,0.4,,0.1,,100.0,7.4,11.4,145.0,148.0,1006.6,0.0,0.3,,100.0
2025-11-22 04:00:00,0.2,0.3,,0.1,,100.0,6.2,9.8,142.0,143.0,1007.2,0.0,0.2,,
2025-11-22 05:00:00,0.2,0.2,,0.2,,100.0,6.5,10.1,140.0,140.0,1007.3,0.0,0.1,,100.0
2025-11-22 06:00:00,0.2,0.3,0.4,0.2,0.1,100.0,6.5,10.2,145.0,144.0,1007.8,0.0,0.1,6.5,100.0
2025-11-22 07:00:00,0.3,0.3,,0.2,,100.0,7.3,11.6,138.0,139.0,1008.4,0.0,0.0,,100.0
2025-11-22 08:00:00,0.3,0.3,,0.2,,100.0,6.8,10.1,139.0,140.0,1008.8,0.0,0.0,,100.0
2025-11-22 09:00:00,0.3,0.3,,0.2,,100.0,7.0,10.0,133.0,138.0,1009.0,0.0,0.0,,100.0
2025-11-22 10:00:00,0.3,0.3,,0.2,,100.0,6.9,10.9,138.0,138.0,1009.6,0.0,0.0,,100.0
2025-11-22 11:00:00,0.2,0.3,,0.2,,100.0,6.6,10.4,141.0,139.0,1010.1,0.0,0.1,,100.0
2025-11-22 12:00:00,0.1,0.2,0.4,0.1,0.1,100.0,6.1,9.2,140.0,145.0,1010.7,0.0,0.0,4.1,
2025-11-22 13:00:00,0.1,0.1,,0.1,,100.0,6.0,9.0,149.0,140.0,1010.8,3.0,0.1,,100.0
2025-11-22 14:00:00,0.1,0.1,,0.0,,100.0,6.0,9.2,143.0,143.0,1011.3,17.0,0.0,,100.0
2025-11-22 15:00:00,0.1,0.2,,0.1,,100.0,5.4,8.3,149.0,141.0,1011.4,27.0,0.1,,90.0
2025-11-22 16:00:00,0.2,0.4,,0.1,,98.0,4.7,7.3,151.0,149.0,1011.2,37.0,0.0,,10.0
2025-11-22 17:00:00,0.4,0.5,,0.3,,95.0,2.7,5.3,187.0,166.0,1011.8,38.0,0.0,,100.0
2025-11-22 18:00:00,0.2,0.5,0.5,-0.2,-0.2,97.0,1.9,4.4,204.0,190.0,1011.9,7.0,0.0,2.1,100.0
2025-11-22 19:00:00,0.0,0.1,,-0.5,,99.0,1.4,3.2,15.0,170.0,1011.9,0.0,0.0,,100.0
2025-11-22 20:00:00,-0.6,-0.3,,-1.3,,98.0,1.4,3.8,4.0,14.0,1011.5,0.0,0.0,,75.0
2025-11-22 21:00:00,-1.4,-1.4,,-1.6,,100.0,3.3,4.7,16.0,7.0,1012.1,0.0,0.0,,
2025-11-22 22:00:00,-1.5,-1.4,,-1.6,,100.0,3.3,4.9,9.0,13.0,1011.6,0.0,0.0,,
2025-11-22 23:00:00,-1.5,-1.4,,-1.7,,100.0,3.9,5.9,18.0,14.0,1011.4,0.0,0.0,,
2025-11-23 00:00:00,-1.6,-1.5,0.5,-1.7,-1.7,100.0,3.8,5.7,18.0,17.0,1011.2,0.0,0.0,1.2,0.0
2025-11-23 01:00:00,-1.8,-1.5,,-2.0,,100.0,4.6,6.5,13.0,16.0,1010.8,0.0,0.1,,75.0
2025-11-23 02:00:00,-2.0,-2.0,,-2.1,,100.0,4.7,6.4,7.0,16.0,1010.4,0.0,0.0,,60.0
2025-11-23 03:00:00,-2.0,-1.8,,-2.2,,100.0,4.9,6.6,18.0,14.0,1009.9,0.0,0.0,,0.0
2025-11-23 04:00:00,-2.0,-1.8,,-2.2,,99.0,4.7,7.2,2.0,21.0,1009.4,0.0,0.0,,50.0
2025-11-23 05:00:00,-2.0,-1.9,,-2.2,,99.0,5.5,7.7,360.0,8.0,1009.0,0.0,0.0,,0.0
2025-11-23 06:00:00,-1.7,-1.4,0.1,-2.1,-2.2,97.0,5.0,6.9,23.0,19.0,1008.4,0.0,0.0,0.3,0.0
2025-11-23 07:00:00,-1.4,-1.2,,-1.8,,91.0,5.8,8.8,16.0,21.0,1007.8,0.0,0.0,,0.0
2025-11-23 08:00:00,-0.9,-0.5,,-1.5,,81.0,5.6,8.8,21.0,19.0,1007.2,0.0,0.0,,0.0
2025-11-23 09:00:00,-0.3,0.1,,-0.7,,68.0,5.3,8.7,37.0,38.0,1006.4,0.0,0.0,,0.0
2025-11-23 10:00:00,-0.1,0.2,,-0.4,,67.0,2.6,6.0,99.0,56.0,1006.0,0.0,0.0,,0.0
2025-11-23 11:00:00,-0.6,-0.1,,-1.3,,74.0,1.4,3.3,115.0,158.0,1005.6,0.0,0.0,,0.0
2025-11-23 12:00:00,-0.7,-0.5,0.2,-1.0,-2.2,79.0,1.1,3.1,240.0,186.0,1005.0,0.0,0.0,0.2,0.0
2025-11-23 13:00:00,-0.8,-0.3,,-1.6,,77.0,2.0,4.0,156.0,179.0,1004.5,4.0,0.0,,0.0
2025-11-23 14:00:00,-1.0,-0.7,,-1.2,,78.0,2.6,4.6,155.0,172.0,1004.5,19.0,0.0,,0.0
2025-11-23 15:00:00,-0.9,-0.7,,-1.2,,75.0,2.0,3.3,98.0,130.0,1004.3,32.0,0.0,,0.0
2025-11-23 16:00:00,-0.4,-0.1,,-1.3,,67.0,3.4,6.3,142.0,141.0,1004.4,38.0,0.0,,0.0
2025-11-23 17:00:00,-0.8,-0.4,,-1.1,,68.0,2.6,5.4,16.0,49.0,1003.6,29.0,0.0,,100.0
2025-11-23 18:00:00,-0.9,-0.8,0.2,-1.1,-1.7,68.0,2.8,6.6,21.0,17.0,1003.6,10.0,0.0,0.0,25.0
2025-11-23 19:00:00,-1.1,-1.0,,-1.3,,73.0,7.6,10.5,9.0,13.0,1002.8,0.0,0.0,,100.0
2025-11-23 20:00:00,-0.7,-0.3,,-1.0,,62.0,8.3,12.6,16.0,19.0,1002.1,0.0,0.0,,100.0
2025-11-23 21:00:00,-0.5,-0.2,,-0.9,,60.0,7.6,12.4,19.0,18.0,1002.5,0.0,0.0,,100.0
2025-11-23 22:00:00,-0.5,0.0,,-0.9,,61.0,7.2,11.3,11.0,15.0,1002.3,0.0,0.0,,100.0
2025-11-23 23:00:00,-0.9,-0.2,,-1.3,,68.0,9.6,13.1,11.0,11.0,1000.6,0.0,0.0,,100.0
2025-11-24 00:00:00,-0.9,0.0,0.0,-1.3,-1.6,70.0,8.7,11.9,9.0,15.0,1000.9,0.0,0.0,0.0,100.0
2025-11-24 01:00:00,-1.0,-0.3,,-1.3,,70.0,9.3,12.9,5.0,11.0,998.8,0.0,0.0,,100.0
2025-11-24 02:00:00,-0.6,0.1,,-1.0,,63.0,10.2,14.4,7.0,9.0,997.5,0.0,0.0,,100.0
2025-11-24 03:00:00,-0.8,-0.4,,-1.1,,66.0,9.4,12.4,5.0,10.0,996.4,0.0,0.0,,100.0
2025-11-24 04:00:00,-1.0,-0.8,,-1.2,,72.0,8.4,11.9,19.0,12.0,995.0,0.0,0.0,,0.0
2025-11-24 05:00:00,-1.1,-0.7,,-1.3,,75.0,7.1,11.2,356.0,3.0,993.9,0.0,0.0,,40.0
2025-11-24 06:00:00,-1.3,-1.0,0.1,-1.4,-1.4,76.0,6.8,9.0,360.0,5.0,993.1,0.0,0.0,0.0,100.0
2025-11-24 07:00:00,-1.2,-1.1,,-1.4,,76.0,6.9,9.0,3.0,2.0,991.7,0.0,0.0,,100.0
2025-11-24 08:00:00,-1.2,-1.1,,-1.4,,78.0,6.5,8.6,3.0,2.0,990.6,0.0,0.0,,100.0
2025-11-24 09:00:00,-1.2,-1.1,,-1.3,,76.0,6.2,7.8,11.0,7.0,989.6,0.0,0.0,,100.0
2025-11-24 10:00:00,-1.3,-1.2,,-1.4,,77.0,7.3,9.6,6.0,8.0,988.8,0.0,0.0,,100.0
2025-11-24 11:00:00,-1.3,-1.1,,-1.4,,81.0,6.2,9.1,360.0,357.0,988.2,0.0,0.0,,100.0
2025-11-24 12:00:00,-1.4,-1.3,0.1,-1.6,-1.6,82.0,5.6,8.8,19.0,17.0,987.8,0.0,0.0,,100.0
2025-11-24 13:00:00,-0.7,-0.2,,-1.2,,86.0,1.8,4.6,208.0,23.0,987.5,1.0,0.0,,100.0
2025-11-24 14:00:00,-0.4,-0.2,,-0.7,,93.0,2.3,4.3,287.0,234.0,987.5,6.0,0.1,,100.0
2025-11-24 15:00:00,-0.7,-0.2,,-0.9,,98.0,1.5,3.7,10.0,32.0,987.8,14.0,0.3,,90.0
2025-11-24 16:00:00,1.6,2.4,,-0.7,,92.0,5.8,12.5,143.0,136.0,987.1,16.0,0.0,,100.0
2025-11-24 17:00:00,2.3,2.4,,2.2,,89.0,8.9,14.3,143.0,139.0,987.5,12.0,0.0,,100.0
2025-11-24 18:00:00,2.3,2.5,2.5,2.1,-1.6,89.0,4.3,11.4,179.0,145.0,987.8,11.0,0.0,,100.0
2025-11-24 19:00:00,1.6,2.2,,1.0,,91.0,1.8,3.9,12.0,11.0,988.2,1.0,0.0,,100.0
2025-11-24 20:00:00,0.8,1.3,,0.1,,92.0,3.4,5.5,360.0,8.0,988.4,0.0,0.0,,100.0
2025-11-24 21:00:00,0.4,0.8,2.5,0.1,-1.6,92.0,3.7,5.2,4.0,3.0,988.7,0.0,0.0,,100.0
2025-11-24 22:00:00,0.5,0.7,,0.1,,92.0,3.5,5.2,354.0,359.0,988.8,0.0,0.0,,90.0
2025-11-24 23:00:00,0.4,1.5,,-0.3,,93.0,2.3,3.6,347.0,21.0,989.0,0.0,0.0,,0.0
2025-11-25 00:00:00,-0.1,0.4,2.5,-0.3,-1.2,96.0,3.6,6.7,354.0,1.0,988.8,0.0,0.0,,0.0
2025-11-25 01:00:00,0.6,2.1,,0.1,,85.0,4.9,6.7,26.0,23.0,989.0,0.0,0.0,,0.0
2025-11-25 02:00:00,2.7,3.4,,1.3,,56.0,3.7,7.4,195.0,58.0,989.7,0.0,0.0,,0.0
2025-11-25 03:00:00,1.4,1.6,3.4,0.9,-0.7,74.0,3.0,4.3,202.0,205.0,990.7,0.0,0.0,,0.0
2025-11-25 04:00:00,1.6,2.7,,0.2,,70.0,4.9,12.1,140.0,145.0,991.0,0.0,0.0,,0.0
2025-11-25 05:00:00,1.8,2.3,,1.6,,74.0,6.0,11.1,156.0,151.0,992.3,0.0,0.0,,75.0
2025-11-25 06:00:00,1.3,1.7,3.4,1.1,-0.3,85.0,6.4,9.5,150.0,157.0,993.2,0.0,0.0,,60.0
2025-11-25 07:00:00,1.2,1.4,,0.9,,89.0,6.8,10.5,133.0,135.0,993.8,0.0,0.0,,100.0
2025-11-25 08:00:00,1.1,1.3,,0.8,,93.0,5.0,10.1,150.0,143.0,994.6,0.0,0.1,,100.0
2025-11-25 09:00:00,0.9,1.0,3.4,0.8,-0.3,95.0,2.4,4.6,155.0,154.0,994.9,0.0,0.0,,100.0
2025-11-25 10:00:00,0.6,1.0,,0.3,,90.0,1.9,4.5,310.0,37.0,995.7,0.0,0.0,,100.0
2025-11-25 11:00:00,0.3,0.6,,0.1,,83.0,3.8,6.7,360.0,355.0,995.7,0.0,0.0,,100.0
2025-11-25 12:00:00,-0.4,0.3,3.4,-0.8,-0.8,84.0,6.0,8.4,4.0,360.0,995.8,0.0,0.0,,0.0
2025-11-25 13:00:00,-0.1,0.7,,-0.8,,79.0,6.7,8.6,334.0,357.0,995.9,4.0,0.0,,0.0
2025-11-25 14:00:00,0.3,0.8,,-0.5,,74.0,8.2,12.0,16.0,11.0,995.8,32.0,0.0,,0.0
2025-11-25 15:00:00,1.1,1.5,2.7,0.6,-0.8,63.0,7.6,10.9,26.0,26.0,995.6,58.0,0.0,,0.0
2025-11-25 16:00:00,1.1,1.4,,0.9,,62.0,7.0,10.7,35.0,33.0,995.9,64.0,0.0,,0.0
2025-11-25 17:00:00,1.1,1.5,,0.7,,59.0,6.5,10.6,352.0,31.0,996.1,46.0,0.0,,0.0
2025-11-25 18:00:00,1.2,1.7,1.7,0.7,-0.8,58.0,4.0,7.8,15.0,14.0,995.9,10.0,0.0,,0.0
2025-11-25 19:00:00,1.2,1.6,,0.7,,55.0,5.4,9.5,32.0,31.0,996.4,0.0,0.0,,0.0
2025-11-25 20:00:00,1.1,1.6,,0.6,,60.0,1.2,4.5,0.0,69.0,996.8,0.0,0.0,,0.0
2025-11-25 21:00:00,0.8,1.0,1.7,0.5,-0.8,61.0,0.6,2.3,24.0,23.0,997.2,0.0,0.0,,0.0
2025-11-25 22:00:00,0.7,1.2,,0.0,,59.0,1.3,3.2,198.0,102.0,997.6,0.0,0.0,,0.0
2025-11-25 23:00:00,0.4,0.7,,-0.1,,65.0,0.9,1.9,22.0,17.0,998.2,0.0,0.0,,0.0
2025-11-26 00:00:00,0.1,1.0,1.7,-0.8,-0.8,69.0,1.2,3.0,210.0,189.0,998.9,0.0,0.0,,100.0
2025-11-26 01:00:00,0.4,1.0,,0.0,,67.0,1.1,2.3,2.0,305.0,999.2,0.0,0.0,,100.0
2025-11-26 02:00:00,0.9,1.3,,0.4,,57.0,0.4,1.3,216.0,57.0,999.7,0.0,0.0,,100.0
2025-11-26 03:00:00,0.1,1.0,1.7,-0.5,-0.8,64.0,2.1,6.9,21.0,13.0,999.8,0.0,0.0,,100.0
2025-11-26 04:00:00,-0.4,-0.1,,-0.6,,70.0,5.1,7.3,22.0,17.0,1000.0,0.0,0.0,,100.0
2025-11-26 05:00:00,-0.7,-0.2,,-0.9,,72.0,6.2,9.2,11.0,16.0,1000.1,0.0,0.0,,100.0
2025-11-26 06:00:00,-0.2,0.4,1.6,-0.7,-0.9,61.0,5.7,8.8,20.0,19.0,1000.4,0.0,0.0,0.1,100.0
2025-11-26 07:00:00,-0.3,0.1,,-0.6,,67.0,3.2,7.9,14.0,23.0,1000.4,0.0,0.0,,100.0
2025-11-26 08:00:00,-0.1,0.5,,-0.4,,62.0,4.8,6.9,30.0,17.0,1000.7,0.0,0.0,,100.0
2025-11-26 09:00:00,0.0,0.4,1.3,-0.4,-0.9,62.0,4.6,7.8,27.0,23.0,1001.1,0.0,0.0,,100.0
2025-11-26 10:00:00,0.1,0.3,,-0.2,,63.0,5.8,8.1,19.0,23.0,1001.1,0.0,0.0,,100.0
2025-11-26 11:00:00,0.0,0.5,,-0.3,,65.0,5.6,7.7,24.0,18.0,1001.4,0.0,0.0,,100.0
2025-11-26 12:00:00,0.1,0.5,1.3,-0.1,-0.9,61.0,3.4,6.0,34.0,23.0,1001.7,0.0,0.0,,40.0
2025-11-26 13:00:00,,,,,,,,3.2,,,,,0.0,,
2025-11-26 14:00:00,-0.2,-0.1,,-0.5,,72.0,1.5,2.9,87.0,100.0,1002.1,15.0,0.0,,90.0
2025-11-26 15:00:00,-0.2,-0.1,,-0.4,,72.0,0.6,1.6,71.0,94.0,1002.2,36.0,0.0,,100.0
2025-11-26 16:00:00,-0.2,0.0,,-0.4,,70.0,0.9,1.8,29.0,60.0,1002.4,40.0,0.0,,100.0
2025-11-26 17:00:00,-0.3,-0.1,,-0.4,,65.0,1.0,2.4,240.0,34.0,1002.4,23.0,0.0,,100.0
2025-11-26 18:00:00,-0.5,-0.2,0.6,-0.6,-0.6,70.0,0.7,1.5,44.0,37.0,1002.4,6.0,0.0,,60.0
2025-11-26 19:00:00,-0.7,-0.4,,-1.2,,68.0,1.1,2.8,38.0,36.0,1002.5,0.0,0.0,,50.0
2025-11-26 20:00:00,-1.2,-0.9,,-1.3,,66.0,2.4,3.7,40.0,34.0,1002.7,0.0,0.0,,100.0
2025-11-26 21:00:00,-1.2,-0.9,,-1.3,,67.0,2.2,4.2,29.0,27.0,1003.0,0.0,0.0,,100.0
2025-11-26 22:00:00,-1.3,-0.9,,-1.5,,70.0,3.7,6.4,29.0,21.0,1003.0,0.0,0.0,,100.0
2025-11-26 23:00:00,-1.0,-0.9,,-1.2,,74.0,0.8,2.3,216.0,81.0,1003.0,0.0,0.0,,100.0
2025-11-27 00:00:00,-1.2,-0.9,0.6,-1.6,-1.6,78.0,1.4,4.3,8.0,352.0,1003.0,0.0,0.0,,100.0
2025-11-27 01:00:00,-1.7,-1.5,,-1.9,,80.0,3.2,4.5,32.0,23.0,1003.0,0.0,0.0,,100.0
2025-11-27 02:00:00,-2.1,-1.9,,-2.2,,88.0,2.9,4.3,35.0,27.0,1002.8,0.0,0.0,,100.0
2025-11-27 03:00:00,-2.1,-2.1,0.0,-2.3,-2.3,91.0,2.0,3.2,26.0,31.0,1002.5,0.0,0.0,,100.0
2025-11-27 04:00:00,-2.5,-2.3,,-2.6,,97.0,2.5,4.0,17.0,17.0,1002.2,0.0,0.0,,100.0
2025-11-27 05:00:00,-2.7,-2.4,,-2.9,,99.0,3.2,5.4,13.0,12.0,1002.2,0.0,0.1,,100.0
2025-11-27 06:00:00,-2.5,-2.4,-0.4,-2.5,-2.9,99.0,1.5,2.6,18.0,20.0,1002.1,0.0,0.4,0.4,100.0
2025-11-27 07:00:00,-2.6,-2.5,,-2.6,,98.0,2.1,3.1,18.0,20.0,1002.2,0.0,0.0,,100.0
2025-11-27 08:00:00,-2.3,-2.1,,-2.6,,99.0,1.2,2.1,27.0,37.0,1002.1,0.0,0.1,,
2025-11-27 09:00:00,-2.5,-2.3,-0.9,-2.6,-2.9,99.0,2.1,3.1,17.0,19.0,1002.0,0.0,0.0,,100.0
2025-11-27 10:00:00,-2.4,-2.3,,-2.5,,99.0,1.8,2.9,20.0,20.0,1002.0,0.0,0.0,,100.0
2025-11-27 11:00:00,-2.3,-2.2,,-2.3,,99.0,1.7,2.6,21.0,16.0,1002.0,0.0,0.1,,100.0
2025-11-27 12:00:00,-2.2,-2.1,-1.5,-2.3,-2.9,99.0,1.4,2.0,11.0,12.0,1002.0,0.0,0.0,,100.0
2025-11-27 13:00:00,-2.0,-1.7,,-2.1,,99.0,0.9,1.9,152.0,21.0,1001.8,2.0,0.2,,100.0
2025-11-27 14:00:00,-1.6,-1.5,,-1.7,,99.0,1.6,3.2,143.0,144.0,1001.4,9.0,0.3,,100.0
2025-11-27 15:00:00,-1.5,-1.4,,-1.5,,98.0,2.5,4.1,147.0,146.0,1001.3,18.0,0.1,,100.0
2025-11-27 16:00:00,-1.6,-1.4,,-2.0,,95.0,1.2,2.7,171.0,139.0,1001.1,19.0,0.0,,100.0
2025-11-27 17:00:00,-1.9,-1.4,,-2.1,,97.0,1.2,2.3,18.0,10.0,1001.1,19.0,0.0,,100.0
2025-11-27 18:00:00,-2.1,-2.0,-1.4,-2.2,-2.6,96.0,1.8,3.2,18.0,21.0,1001.1,9.0,0.0,,100.0
2025-11-27 19:00:00,-2.1,-2.0,,-2.2,,95.0,1.8,3.1,22.0,26.0,1001.2,0.0,0.0,,100.0
2025-11-27 20:00:00,-1.9,-1.8,,-2.0,,92.0,1.8,2.7,25.0,24.0,1001.2,0.0,0.0,,100.0
2025-11-27 21:00:00,-1.8,-1.7,,-1.9,,90.0,2.0,3.1,27.0,23.0,1001.2,0.0,0.0,,100.0
2025-11-27 22:00:00,-1.7,-1.6,,-1.8,,88.0,1.8,3.0,27.0,25.0,1001.2,0.0,0.0,,100.0
2025-11-27 23:00:00,-1.7,-1.6,,-1.8,,88.0,2.4,4.1,22.0,23.0,1001.1,0.0,0.0,,100.0
2025-11-28 00:00:00,-1.6,-1.5,-1.4,-1.7,-2.2,87.0,2.5,4.5,31.0,24.0,1001.1,0.0,0.0,,100.0
2025-11-28 01:00:00,-1.6,-1.2,,-1.9,,84.0,1.2,2.4,44.0,37.0,1001.0,0.0,0.0,,100.0
2025-11-28 02:00:00,-1.7,-1.4,,-1.8,,82.0,1.5,2.7,32.0,32.0,1000.8,0.0,0.0,,100.0
2025-11-28 03:00:00,-1.6,-1.2,-1.2,-1.8,-2.2,81.0,1.5,2.5,32.0,28.0,1000.6,0.0,0.0,,100.0
2025-11-28 04:00:00,-1.3,-1.0,,-1.5,,78.0,1.0,2.5,33.0,40.0,1000.5,0.0,0.0,,100.0
2025-11-28 05:00:00,-0.5,0.1,,-1.5,,71.0,2.6,7.3,132.0,111.0,1000.4,0.0,0.0,,100.0
2025-11-28 06:00:00,0.0,0.1,0.1,-0.3,-2.2,65.0,2.0,4.9,151.0,143.0,1000.5,0.0,0.0,,100.0
2025-11-28 07:00:00,-0.4,-0.2,,-0.6,,70.0,1.6,3.7,160.0,173.0,1000.6,0.0,0.0,,100.0
2025-11-28 08:00:00,-1.1,-0.6,,-1.4,,74.0,1.2,2.5,22.0,9.0,1000.4,0.0,0.0,,100.0
2025-11-28 09:00:00,-1.1,-0.8,0.1,-1.4,-1.9,72.0,1.3,3.1,22.0,22.0,1000.5,0.0,0.0,,100.0
2025-11-28 10:00:00,-1.3,-1.1,,-1.4,,72.0,2.4,4.8,25.0,22.0,1000.5,0.0,0.0,,100.0
2025-11-28 11:00:00,-1.2,-1.1,,-1.4,,72.0,1.5,3.6,26.0,24.0,1000.7,0.0,0.0,,100.0
2025-11-28 12:00:00,-1.7,-1.3,0.1,-2.0,-2.0,82.0,1.2,2.6,311.0,332.0,1001.0,0.0,0.0,,100.0
2025-11-28 13:00:00,-2.2,-1.7,,-2.7,,91.0,2.2,3.6,356.0,314.0,1001.6,1.0,0.4,,100.0
2025-11-28 14:00:00,-2.6,-2.6,,-2.8,,96.0,2.5,4.3,274.0,300.0,1002.1,7.0,0.6,,100.0
2025-11-28 15:00:00,-2.8,-2.6,0.1,-3.0,-3.0,96.0,4.0,5.7,249.0,266.0,1002.9,14.0,0.4,,100.0
2025-11-28 16:00:00,-3.0,-2.8,,-3.1,,96.0,2.2,5.9,176.0,223.0,1003.6,17.0,0.4,,100.0
2025-11-28 17:00:00,-3.0,-2.9,,-3.1,,94.0,2.6,4.8,144.0,160.0,1003.8,12.0,0.4,,100.0
2025-11-28 18:00:00,-2.5,-2.0,-0.2,-2.9,-3.1,89.0,5.0,9.4,136.0,138.0,1003.6,11.0,0.0,,100.0
2025-11-28 19:00:00,-2.1,-2.0,,-2.4,,85.0,9.4,14.3,143.0,136.0,1003.7,0.0,0.0,,100.0
2025-11-28 20:00:00,-2.2,-1.4,,-2.8,,91.0,9.7,18.8,154.0,149.0,1004.2,0.0,1.5,,100.0
2025-11-28 21:00:00,-1.3,-1.1,-1.1,-1.7,-3.1,73.0,8.6,14.0,174.0,169.0,1004.4,0.0,0.3,,100.0
2025-11-28 22:00:00,-1.4,-1.1,,-2.2,,65.0,8.4,13.6,210.0,178.0,1004.9,0.0,0.0,,100.0
2025-11-28 23:00:00,-1.8,-1.6,,-2.1,,83.0,6.4,11.3,146.0,169.0,1004.7,0.0,0.0,,100.0
2025-11-29 00:00:00,-1.8,-1.7,-1.1,-1.8,-3.1,85.0,8.3,12.4,142.0,144.0,1004.7,0.0,0.0,,100.0
2025-11-29 01:00:00,-1.8,-1.7,,-1.8,,82.0,8.8,13.4,140.0,140.0,1004.5,0.0,0.0,,100.0
2025-11-29 02:00:00,-1.8,-1.6,,-2.0,,78.0,8.0,12.5,142.0,135.0,1003.9,0.0,0.0,,100.0
2025-11-29 03:00:00,-2.3,-2.0,-1.1,-2.5,-3.1,90.0,7.9,12.8,135.0,135.0,1003.9,0.0,0.1,,100.0
2025-11-29 04:00:00,-2.5,-2.4,,-2.6,,93.0,3.1,7.7,22.0,136.0,1003.6,0.0,0.2,,100.0
2025-11-29 05:00:00,-2.6,-2.5,,-2.7,,89.0,3.7,6.7,37.0,24.0,1002.9,0.0,0.0,,100.0
2025-11-29 06:00:00,-2.6,-2.4,-1.1,-2.9,-2.9,84.0,3.3,6.3,37.0,38.0,1002.5,0.0,0.0,4.3,100.0
2025-11-29 07:00:00,-2.7,-2.5,,-2.8,,84.0,2.2,4.2,42.0,35.0,1001.9,0.0,0.0,,100.0
2025-11-29 08:00:00,-2.5,-2.2,,-2.8,,78.0,1.1,3.1,29.0,41.0,1001.4,0.0,0.0,,100.0
2025-11-29 09:00:00,-2.3,-2.1,-1.1,-2.4,-2.9,75.0,0.6,1.8,13.0,20.0,1001.0,0.0,0.0,,100.0
2025-11-29 10:00:00,-2.3,-2.0,,-2.4,,76.0,1.2,3.1,71.0,34.0,1000.5,0.0,0.0,,100.0
2025-11-29 11:00:00,-2.3,-1.8,,-2.6,,71.0,1.4,3.4,8.0,18.0,999.8,0.0,0.0,,90.0
2025-11-29 12:00:00,-2.3,-2.1,-1.6,-2.5,-2.9,69.0,3.1,5.6,18.0,26.0,999.1,0.0,0.0,,60.0
2025-11-29 13:00:00,-2.2,-2.1,,-2.4,,66.0,4.3,6.6,33.0,31.0,998.4,2.0,0.0,,50.0
2025-11-29 14:00:00,-2.3,-2.1,,-2.6,,64.0,3.4,6.4,49.0,43.0,997.8,12.0,0.0,,40.0
2025-11-29 15:00:00,-2.4,-2.1,-1.8,-2.7,-2.9,63.0,4.0,7.3,30.0,30.0,997.4,32.0,0.0,,60.0
2025-11-29 16:00:00,-2.4,-2.3,,-2.7,,66.0,5.3,7.2,18.0,23.0,997.1,45.0,0.0,,40.0
2025-11-29 17:00:00,-2.9,-2.5,,-3.3,,69.0,4.7,7.6,334.0,11.0,996.6,22.0,0.0,,0.0
2025-11-29 18:00:00,-3.6,-3.3,-1.8,-3.8,-3.8,74.0,6.4,8.3,344.0,337.0,996.8,8.0,0.0,,60.0
2025-11-29 19:00:00,-3.6,-3.4,,-3.8,,74.0,5.7,8.1,326.0,337.0,996.7,0.0,0.0,,100.0
2025-11-29 20:00:00,-3.5,-3.4,,-3.7,,74.0,6.1,8.2,335.0,334.0,997.3,0.0,0.0,,100.0
2025-11-29 21:00:00,-3.6,-3.5,-1.8,-3.8,-3.8,81.0,6.7,8.6,341.0,335.0,997.5,0.0,0.0,,100.0
2025-11-29 22:00:00,-3.8,-3.7,,-4.0,,89.0,6.9,8.6,341.0,340.0,997.4,0.0,0.0,,100.0
2025-11-29 23:00:00,-3.7,-3.6,,-3.9,,85.0,6.2,8.9,328.0,332.0,997.6,0.0,0.0,,100.0
2025-11-30 00:00:00,-4.0,-3.9,-2.1,-4.2,-4.2,84.0,6.8,9.3,323.0,327.0,997.9,0.0,0.0,,100.0
2025-11-30 01:00:00,-4.1,-3.9,,-4.2,,81.0,6.6,9.5,318.0,328.0,997.5,0.0,0.0,,100.0
2025-11-30 02:00:00,-4.1,-3.9,,-4.3,,79.0,6.2,8.9,328.0,330.0,997.8,0.0,0.0,,100.0
2025-11-30 03:00:00,-4.0,-3.9,-2.3,-4.2,-4.3,69.0,6.5,9.3,339.0,322.0,997.9,0.0,0.0,,0.0
2025-11-30 04:00:00,-4.5,-4.2,,-4.7,,73.0,5.3,7.0,337.0,337.0,998.1,0.0,0.0,,0.0
2025-11-30 05:00:00,-4.6,-4.5,,-4.9,,79.0,5.5,6.7,344.0,340.0,998.4,0.0,0.0,,0.0
2025-11-30 06:00:00,-4.6,-4.5,-3.4,-5.1,-5.1,81.0,5.3,8.4,307.0,328.0,998.8,0.0,0.0,0.0,10.0
2025-11-30 07:00:00,-4.8,-4.6,,-5.1,,82.0,6.3,9.0,323.0,318.0,999.2,0.0,0.0,,75.0
2025-11-30 08:00:00,-4.9,-4.4,,-5.2,,89.0,7.5,11.9,322.0,319.0,999.3,0.0,0.0,,100.0
2025-11-30 09:00:00,-4.7,-4.4,-3.6,-5.1,-5.2,84.0,8.8,11.4,323.0,333.0,999.8,0.0,0.0,,100.0
2025-11-30 10:00:00,-4.9,-4.6,,-5.4,,85.0,8.3,11.1,330.0,326.0,1000.6,0.0,0.0,,100.0
2025-11-30 11:00:00,-5.2,-5.1,,-5.3,,87.0,8.0,11.1,344.0,338.0,1000.9,0.0,0.0,,100.0
2025-11-30 12:00:00,-5.1,-5.1,-3.9,-5.2,-5.4,84.0,7.1,9.7,337.0,341.0,1001.5,0.0,0.0,,100.0
2025-11-30 13:00:00,-5.1,-5.0,,-5.6,,81.0,6.6,10.1,331.0,338.0,1001.9,1.0,0.0,,100.0
2025-11-30 14:00:00,-5.4,-5.3,,-5.6,,82.0,7.1,10.0,339.0,339.0,1002.3,7.0,0.0,,100.0
2025-11-30 15:00:00,-5.3,-5.2,,-5.4,,78.0,7.2,9.6,322.0,329.0,1002.7,18.0,0.0,,100.0
2025-11-30 16:00:00,-5.3,-5.1,,-5.4,,71.0,6.7,10.7,307.0,317.0,1002.6,18.0,0.0,,100.0
2025-11-30 17:00:00,-5.2,-5.1,,-5.3,,67.0,7.4,10.2,325.0,321.0,1003.1,11.0,0.0,,100.0
2025-11-30 18:00:00,-5.2,-5.1,-4.4,-5.3,-5.6,67.0,6.1,9.8,309.0,333.0,1003.9,4.0,0.0,,100.0
2025-11-30 19:00:00,,,,,,,6.6,10.3,324.0,,1004.5,0.0,,,50.0
2025-11-30 20:00:00,-5.5,-5.3,,-5.8,,75.0,6.3,8.5,307.0,317.0,1005.0,0.0,0.0,,60.0
2025-11-30 21:00:00,-5.8,-5.3,,-6.2,,82.0,5.9,10.5,320.0,308.0,1005.8,0.0,0.0,,100.0
2025-11-30 22:00:00,-5.7,-5.3,,-6.1,,81.0,3.8,5.9,284.0,293.0,1006.3,0.0,0.1,,100.0
2025-11-30 23:00:00,-5.9,-5.7,,-6.3,,83.0,3.8,8.1,299.0,309.0,1007.1,0.0,0.0,,100.0
2025-12-01 00:00:00,,,,,,,,5.5,,,1007.7,0.0,,,100.0
2025-12-01 01:00:00,-6.4,-6.1,,-6.5,,90.0,3.3,6.0,290.0,293.0,1007.9,0.0,0.1,,90.0
2025-12-01 02:00:00,-6.7,-6.5,,-6.8,,93.0,2.3,4.5,334.0,334.0,1008.5,0.0,0.3,,100.0
2025-12-01 03:00:00,-6.5,-6.4,,-6.5,,93.0,2.1,4.2,306.0,303.0,1009.1,0.0,0.2,,100.0
2025-12-01 04:00:00,-6.3,-6.2,,-6.4,,89.0,4.4,8.3,336.0,334.0,1009.4,0.0,0.0,,100.0
2025-12-01 05:00:00,-6.2,-6.1,,-6.4,,88.0,4.6,7.1,315.0,314.0,1009.9,0.0,0.0,,100.0
2025-12-01 06:00:00,-6.1,-6.1,-5.2,-6.3,-6.8,84.0,5.6,7.6,343.0,330.0,1010.4,0.0,0.0,,100.0
2025-12-01 07:00:00,-6.0,-5.8,,-6.2,,78.0,5.6,8.5,334.0,344.0,1010.9,0.0,0.0,,25.0
2025-12-01 08:00:00,-5.9,-5.8,,-6.0,,70.0,5.5,7.7,352.0,2.0,1011.2,0.0,0.0,,10.0
2025-12-01 09:00:00,-5.8,-5.6,,-5.9,,62.0,5.1,8.3,353.0,359.0,1011.5,0.0,0.0,,100.0
2025-12-01 10:00:00,-5.8,-5.6,,-6.3,,60.0,4.7,7.7,29.0,360.0,1011.6,0.0,0.0,,10.0
2025-12-01 11:00:00,-6.4,-5.7,,-6.8,,53.0,4.2,6.9,55.0,35.0,1011.5,0.0,0.0,,0.0
2025-12-01 12:00:00,-6.8,-6.6,-5.6,-7.0,-7.0,58.0,5.5,7.4,51.0,51.0,1011.6,0.0,,,0.0
2025-12-01 13:00:00,-6.8,-6.5,,-7.0,,57.0,4.8,6.1,46.0,48.0,1011.5,2.0,0.0,,0.0
2025-12-01 14:00:00,-6.7,-6.6,,-7.0,,57.0,4.6,7.1,51.0,51.0,1011.3,19.0,0.0,,0.0
2025-12-01 15:00:00,-6.8,-6.6,-5.6,-7.1,-7.1,59.0,4.9,7.2,59.0,52.0,1010.9,46.0,0.0,,0.0
2025-12-01 16:00:00,-6.8,-6.7,,-7.0,,58.0,4.0,5.6,43.0,46.0,1010.7,58.0,0.0,,0.0
2025-12-01 17:00:00,-7.0,-6.7,,-7.3,,61.0,4.2,6.1,43.0,42.0,1010.1,41.0,0.0,,0.0
2025-12-01 18:00:00,-7.3,-7.1,-5.6,-7.5,-7.5,66.0,5.6,7.9,43.0,44.0,1009.5,10.0,0.0,,0.0
2025-12-01 19:00:00,-7.6,-7.4,,-7.7,,69.0,5.7,8.0,44.0,43.0,1009.1,0.0,0.0,,0.0
2025-12-01 20:00:00,-7.6,-7.5,,-7.8,,71.0,5.3,8.2,42.0,44.0,1008.6,0.0,0.0,,0.0
2025-12-01 21:00:00,-7.6,-7.3,-5.6,-7.9,-7.9,64.0,3.9,9.3,53.0,42.0,1008.4,0.0,0.0,,0.0
2025-12-01 22:00:00,-7.4,-7.2,,-7.6,,51.0,0.8,2.0,50.0,64.0,1008.1,0.0,0.0,,0.0
2025-12-01 23:00:00,-7.2,-6.9,,-7.6,,52.0,1.5,3.7,133.0,92.0,1007.7,0.0,0.0,,0.0
2025-12-02 00:00:00,-7.2,-6.8,-6.5,-7.6,-7.9,54.0,2.8,6.2,136.0,118.0,1007.4,0.0,0.0,,0.0
2025-12-02 01:00:00,-6.5,-6.3,,-6.9,,57.0,6.6,10.9,134.0,136.0,1006.5,0.0,0.0,,25.0
2025-12-02 02:00:00,-6.2,-6.0,,-6.4,,55.0,6.8,11.1,127.0,135.0,1006.5,0.0,0.0,,0.0
2025-12-02 03:00:00,-5.9,-5.5,-5.5,-6.2,-7.9,45.0,4.7,9.6,128.0,125.0,1005.8,0.0,0.0,,40.0
2025-12-02 04:00:00,-6.0,-5.2,,-7.6,,54.0,4.3,8.6,36.0,97.0,1005.1,0.0,0.0,,0.0
2025-12-02 05:00:00,-7.5,-7.3,,-7.7,,59.0,5.4,9.6,37.0,35.0,1004.4,0.0,0.0,,0.0
2025-12-02 06:00:00,-7.5,-7.3,-5.2,-7.6,-7.9,57.0,7.2,10.4,35.0,38.0,1003.4,0.0,0.0,,0.0
2025-12-02 07:00:00,-7.2,-7.1,,-7.4,,56.0,7.6,11.0,39.0,36.0,1002.6,0.0,0.0,,0.0
2025-12-02 08:00:00,-7.0,-6.5,,-7.2,,52.0,7.5,11.2,39.0,40.0,1001.8,0.0,,,75.0
2025-12-02 09:00:00,-6.3,-5.9,-5.2,-6.7,-7.7,42.0,9.3,12.7,44.0,39.0,1000.8,0.0,0.0,,0.0
2025-12-02 10:00:00,-6.1,-5.4,,-6.7,,39.0,7.7,12.1,40.0,41.0,1000.3,0.0,0.0,,0.0
2025-12-02 11:00:00,-6.0,-5.1,,-6.4,,40.0,7.9,11.6,41.0,36.0,998.8,0.0,0.0,,0.0
2025-12-02 12:00:00,-5.8,-5.2,-5.1,-6.2,-7.7,38.0,9.3,14.2,32.0,42.0,997.4,0.0,0.0,,0.0
2025-12-02 13:00:00,-5.8,-5.5,,-6.1,,41.0,9.5,13.3,29.0,31.0,996.8,1.0,0.0,,0.0
2025-12-02 14:00:00,-5.5,-5.1,,-5.9,,34.0,8.1,12.6,45.0,41.0,995.8,10.0,0.0,,0.0
2025-12-02 15:00:00,-5.3,-4.9,-4.9,-5.7,-7.7,34.0,8.2,13.2,43.0,40.0,994.8,25.0,0.0,,0.0
2025-12-02 16:00:00,-4.9,-4.6,,-5.1,,34.0,9.6,14.1,40.0,46.0,993.9,25.0,0.0,,75.0
2025-12-02 17:00:00,-4.3,-3.9,,-4.9,,39.0,7.7,12.7,21.0,28.0,992.9,11.0,0.0,,100.0
2025-12-02 18:00:00,-3.6,-3.2,-3.2,-4.1,-7.4,44.0,6.4,11.8,45.0,32.0,993.0,3.0,0.0,,40.0
2025-12-02 19:00:00,-2.9,-2.3,,-3.6,,43.0,7.4,11.0,40.0,42.0,992.4,0.0,0.0,,100.0
2025-12-02 20:00:00,-2.7,-2.2,,-3.1,,46.0,7.3,10.5,38.0,36.0,992.1,0.0,0.0,,100.0
2025-12-02 21:00:00,-1.8,-0.9,-0.9,-2.3,-6.7,45.0,7.3,11.9,33.0,38.0,992.0,0.0,0.0,,100.0
2025-12-02 22:00:00,-1.6,-1.0,,-1.9,,50.0,7.9,11.2,42.0,38.0,991.5,0.0,0.0,,100.0
2025-12-02 23:00:00,-0.8,-0.4,,-1.1,,47.0,6.5,9.1,25.0,34.0,991.4,0.0,0.0,,100.0
2025-12-03 00:00:00,-0.7,-0.4,-0.4,-1.1,-6.1,49.0,6.5,9.8,20.0,25.0,991.2,0.0,0.0,,10.0
2025-12-03 01:00:00,-0.3,0.3,,-0.7,,47.0,6.4,10.6,29.0,27.0,990.9,0.0,0.0,,90.0
2025-12-03 02:00:00,-0.1,0.4,,-0.6,,49.0,5.9,8.6,29.0,25.0,990.4,0.0,0.0,,75.0
2025-12-03 03:00:00,0.7,1.2,1.2,0.1,-5.1,45.0,5.0,9.3,42.0,37.0,990.6,0.0,0.0,,100.0
2025-12-03 04:00:00,0.3,0.8,,-0.4,,51.0,5.2,8.7,17.0,20.0,990.5,0.0,0.0,,100.0
2025-12-03 05:00:00,-0.4,0.7,,-0.7,,57.0,5.0,8.6,43.0,23.0,990.9,0.0,0.0,,100.0
2025-12-03 06:00:00,-0.6,0.7,1.2,-1.2,-3.6,61.0,3.5,5.6,15.0,10.0,991.7,0.0,0.0,,90.0
2025-12-03 07:00:00,-1.2,-0.8,,-1.7,,69.0,3.7,5.1,341.0,350.0,992.2,0.0,0.0,,60.0
2025-12-03 08:00:00,-1.2,-0.4,,-1.8,,68.0,3.6,6.6,13.0,356.0,992.0,0.0,0.0,,100.0
2025-12-03 09:00:00,-1.1,-0.6,1.2,-1.3,-1.9,69.0,3.8,6.4,2.0,349.0,992.1,0.0,0.0,,100.0
2025-12-03 10:00:00,-0.6,-0.3,,-1.0,,65.0,3.8,7.1,19.0,6.0,992.4,0.0,0.0,,100.0
2025-12-03 11:00:00,-0.1,0.6,,-1.0,,58.0,1.1,3.6,199.0,129.0,993.1,0.0,0.0,,90.0
2025-12-03 12:00:00,0.0,0.8,1.2,-0.5,-1.8,57.0,1.4,2.7,146.0,175.0,993.8,0.0,0.0,,90.0
2025-12-03 13:00:00,-0.5,-0.1,,-1.0,,65.0,1.0,2.3,120.0,122.0,994.1,1.0,0.0,,100.0
2025-12-03 14:00:00,-0.6,-0.1,,-0.9,,71.0,1.8,3.8,162.0,134.0,994.9,4.0,0.0,,100.0
2025-12-03 15:00:00,-0.4,0.3,0.8,-0.9,-1.8,69.0,1.1,2.0,202.0,160.0,995.3,15.0,0.0,,100.0
2025-12-03 16:00:00,-0.9,0.4,,-1.8,,75.0,2.1,4.2,231.0,225.0,995.7,13.0,0.2,,100.0
2025-12-03 17:00:00,-2.5,-1.9,,-2.8,,94.0,3.0,5.7,262.0,240.0,996.7,13.0,0.3,,100.0
2025-12-03 18:00:00,-2.2,-1.8,0.8,-2.5,-2.8,99.0,1.3,3.9,258.0,255.0,997.0,5.0,0.4,,100.0
2025-12-03 19:00:00,-1.9,-1.6,,-2.0,,99.0,5.7,13.1,281.0,286.0,998.2,0.0,0.4,,100.0
2025-12-03 20:00:00,-2.4,-1.8,,-2.7,,98.0,9.7,15.4,269.0,269.0,998.9,0.0,0.8,,100.0
2025-12-03 21:00:00,-3.0,-2.6,0.8,-3.2,-3.2,96.0,11.1,17.1,266.0,267.0,1000.1,0.0,0.8,,100.0
2025-12-03 22:00:00,-3.5,-3.2,,-3.9,,94.0,11.6,16.9,261.0,263.0,1002.2,0.0,0.5,,100.0
2025-12-03 23:00:00,-4.0,-3.8,,-4.2,,93.0,8.7,15.0,264.0,263.0,1003.9,0.0,0.6,,100.0
2025-12-04 00:00:00,-4.3,-4.1,0.4,-4.4,-4.4,95.0,6.7,11.0,267.0,265.0,1004.6,0.0,0.7,,100.0
2025-12-04 01:00:00,-4.5,-4.3,,-4.6,,93.0,6.2,9.2,265.0,266.0,1005.7,0.0,0.3,,100.0
2025-12-04 02:00:00,-4.8,-4.6,,-4.9,,90.0,5.6,8.6,280.0,275.0,1005.8,0.0,0.1,,100.0
2025-12-04 03:00:00,-4.9,-4.8,0.4,-5.0,-5.0,89.0,4.1,5.8,290.0,287.0,1006.4,0.0,0.1,,100.0
2025-12-04 04:00:00,-5.0,-4.8,,-5.2,,89.0,3.8,6.0,297.0,293.0,1006.5,0.0,0.1,,100.0
2025-12-04 05:00:00,-5.1,-4.9,,-5.2,,89.0,3.4,6.1,4.0,340.0,1006.8,0.0,0.1,,100.0
2025-12-04 06:00:00,-5.0,-4.9,-1.6,-5.1,-5.2,89.0,3.4,5.4,344.0,355.0,1006.7,0.0,0.1,5.2,100.0
2025-12-04 07:00:00,-5.1,-4.9,,-5.2,,91.0,4.8,8.1,329.0,348.0,1006.5,0.0,0.0,,100.0
2025-12-04 08:00:00,-5.4,-5.1,,-5.5,,89.0,6.1,7.6,333.0,336.0,1005.9,0.0,0.0,,75.0
2025-12-04 09:00:00,-5.3,-5.1,-3.2,-5.6,-5.6,88.0,6.8,9.3,331.0,332.0,1005.3,0.0,0.0,,100.0
2025-12-04 10:00:00,-5.2,-5.1,,-5.5,,87.0,7.3,9.5,332.0,336.0,1004.8,0.0,0.0,,25.0
2025-12-04 11:00:00,-5.2,-5.0,,-5.5,,88.0,7.5,10.3,338.0,339.0,1004.2,0.0,0.0,,40.0
2025-12-04 12:00:00,-5.0,-4.8,-4.3,-5.1,-5.6,83.0,7.3,9.9,336.0,341.0,1003.6,0.0,0.0,,40.0
2025-12-04 13:00:00,-5.2,-4.9,,-5.4,,84.0,7.1,9.2,338.0,339.0,1002.8,0.0,0.0,,10.0
2025-12-04 14:00:00,-5.3,-5.1,,-5.6,,87.0,6.4,8.5,346.0,342.0,1002.4,9.0,0.0,,0.0
2025-12-04 15:00:00,-5.4,-5.1,-4.8,-5.6,-5.6,87.0,6.2,8.2,343.0,341.0,1002.0,26.0,0.0,,0.0
2025-12-04 16:00:00,-5.5,-5.3,,-5.7,,89.0,5.7,7.6,335.0,342.0,1001.4,27.0,0.0,,60.0
2025-12-04 17:00:00,-5.2,-5.1,,-5.3,,90.0,5.8,8.1,335.0,335.0,1001.6,17.0,0.0,,100.0
2025-12-04 18:00:00,-5.1,-5.0,-4.8,-5.2,-5.7,90.0,4.9,6.6,340.0,336.0,1001.7,4.0,0.0,,90.0
2025-12-04 19:00:00,-5.0,-4.9,,-5.1,,90.0,4.8,6.5,347.0,339.0,1001.9,0.0,0.0,,100.0
2025-12-04 20:00:00,-4.6,-4.5,,-4.9,,89.0,4.1,5.6,333.0,342.0,1002.3,0.0,0.0,,100.0
2025-12-04 21:00:00,-4.5,-4.2,-4.2,-4.7,-5.7,89.0,4.1,6.0,1.0,348.0,1002.3,0.0,0.0,,100.0
2025-12-04 22:00:00,-4.2,-4.1,,-4.3,,89.0,4.2,6.1,9.0,13.0,1002.6,0.0,0.0,,100.0
2025-12-04 23:00:00,-4.2,-4.2,,-4.3,,92.0,4.8,6.9,23.0,15.0,1002.3,0.0,0.1,,100.0
2025-12-05 00:00:00,-4.1,-4.1,-4.1,-4.2,-5.7,92.0,4.9,7.5,23.0,23.0,1002.3,0.0,0.1,,100.0
2025-12-05 01:00:00,-4.0,-3.9,,-4.1,,95.0,2.9,8.2,64.0,26.0,1002.5,0.0,0.2,,100.0
2025-12-05 02:00:00,-4.0,-3.9,,-4.1,,95.0,4.2,6.6,18.0,22.0,1002.7,0.0,0.1,,100.0
2025-12-05 03:00:00,-3.7,-3.5,-3.5,-3.8,-5.7,91.0,5.3,7.7,37.0,25.0,1002.8,0.0,0.0,,100.0
2025-12-05 04:00:00,-3.5,-3.3,,-3.7,,87.0,3.6,6.8,103.0,39.0,1002.7,0.0,0.0,,100.0
2025-12-05 05:00:00,-3.4,-3.2,,-3.5,,88.0,5.1,8.0,19.0,28.0,1002.6,0.0,0.0,,90.0
2025-12-05 06:00:00,-3.2,-2.7,-2.7,-3.6,-5.1,87.0,2.6,5.8,42.0,30.0,1003.1,0.0,0.0,0.4,100.0
2025-12-05 07:00:00,-3.1,-2.6,,-3.5,,88.0,3.4,6.3,55.0,16.0,1003.3,0.0,0.0,,75.0
2025-12-05 08:00:00,-3.1,-2.9,,-3.4,,88.0,3.0,6.0,34.0,32.0,1003.3,0.0,0.0,,60.0
2025-12-05 09:00:00,-3.0,-2.8,-2.6,-3.3,-4.3,89.0,4.9,6.4,359.0,10.0,1003.1,0.0,0.0,,100.0
2025-12-05 10:00:00,-2.9,-2.6,,-3.1,,89.0,5.6,8.8,8.0,8.0,1002.9,0.0,0.0,,100.0
2025-12-05 11:00:00,-2.6,-2.3,,-2.7,,87.0,6.7,9.3,18.0,8.0,1003.0,0.0,0.0,,100.0
2025-12-05 12:00:00,-2.4,-2.1,-2.1,-2.5,-4.1,88.0,6.3,8.5,22.0,17.0,1002.8,0.0,0.0,,100.0
2025-12-05 13:00:00,-2.1,-1.7,,-2.3,,86.0,6.2,10.1,11.0,11.0,1002.7,2.0,0.0,,10.0
2025-12-05 14:00:00,-1.9,-1.3,,-2.2,,86.0,6.6,9.3,359.0,15.0,1002.4,13.0,0.0,,60.0
2025-12-05 15:00:00,-0.9,-0.6,-0.6,-1.5,-3.7,78.0,6.8,9.5,12.0,9.0,1002.3,29.0,0.0,,40.0
2025-12-05 16:00:00,-0.2,0.4,,-0.8,,68.0,3.0,7.4,25.0,24.0,1002.1,28.0,0.0,,50.0
2025-12-05 17:00:00,0.1,0.7,,-0.5,,64.0,2.1,3.7,184.0,121.0,1002.1,19.0,0.0,,0.0
2025-12-05 18:00:00,0.3,0.6,0.7,-0.7,-3.5,55.0,1.6,4.4,86.0,53.0,1002.2,4.0,0.0,,0.0
2025-12-05 19:00:00,-0.3,0.1,,-0.8,,63.0,1.6,3.1,283.0,118.0,1002.5,0.0,0.0,,0.0
2025-12-05 20:00:00,-0.6,0.2,,-1.5,,53.0,2.7,5.8,85.0,62.0,1002.6,0.0,0.0,,0.0
2025-12-05 21:00:00,-1.2,-0.9,0.7,-1.6,-3.1,70.0,1.0,3.2,208.0,163.0,1002.6,0.0,0.0,,0.0
2025-12-05 22:00:00,-1.1,-0.9,,-1.4,,65.0,1.8,5.8,20.0,270.0,1002.2,0.0,0.0,,0.0
2025-12-05 23:00:00,-1.6,-1.3,,-2.1,,48.0,4.7,7.3,36.0,29.0,1002.1,0.0,0.0,,0.0
2025-12-06 00:00:00,-1.8,-1.7,0.7,-2.1,-2.3,45.0,5.3,8.1,36.0,34.0,1002.1,0.0,0.0,,0.0
2025-12-06 01:00:00,-1.8,-1.3,,-2.4,,44.0,3.0,5.6,39.0,34.0,1002.0,0.0,0.0,,0.0
2025-12-06 02:00:00,-2.3,-1.9,,-2.7,,44.0,3.2,6.4,36.0,43.0,1001.8,0.0,0.0,,0.0
2025-12-06 03:00:00,-2.4,-2.0,0.7,-2.8,-2.8,43.0,5.9,8.0,37.0,32.0,1001.5,0.0,0.0,,0.0
2025-12-06 04:00:00,-2.6,-2.4,,-2.9,,44.0,6.3,9.2,31.0,35.0,1001.1,0.0,0.0,,0.0
2025-12-06 05:00:00,-2.6,-2.0,,-2.8,,42.0,5.1,8.2,35.0,36.0,1001.3,0.0,0.0,,0.0
2025-12-06 06:00:00,-2.1,-1.5,0.2,-2.7,-2.9,40.0,2.2,7.4,28.0,41.0,1000.9,0.0,0.0,0.0,0.0
2025-12-06 07:00:00,-2.7,-2.4,,-3.1,,46.0,3.6,7.3,99.0,59.0,1001.2,0.0,0.0,,0.0
2025-12-06 08:00:00,-2.5,-2.1,,-2.9,,46.0,2.2,5.7,36.0,39.0,1001.3,0.0,0.0,,0.0
2025-12-06 09:00:00,-2.4,-1.9,-0.9,-2.8,-3.1,43.0,4.9,8.4,27.0,26.0,1001.5,0.0,0.0,,0.0
2025-12-06 10:00:00,-2.5,-2.0,,-2.8,,47.0,3.0,5.0,31.0,47.0,1001.6,0.0,0.0,,0.0
2025-12-06 11:00:00,-2.2,-1.8,,-2.6,,42.0,2.4,5.6,42.0,46.0,1001.9,0.0,0.0,,0.0
2025-12-06 12:00:00,-2.1,-1.6,-1.3,-2.9,-3.1,42.0,5.0,8.8,15.0,24.0,1001.6,0.0,0.0,,0.0
2025-12-06 13:00:00,-1.9,-1.4,,-2.4,,42.0,4.0,7.4,29.0,29.0,1002.0,1.0,0.0,,0.0
2025-12-06 14:00:00,-1.6,-0.9,,-2.2,,42.0,2.1,4.0,38.0,68.0,1002.1,14.0,0.0,,0.0
2025-12-06 15:00:00,-1.4,-0.7,-0.7,-2.1,-3.1,41.0,2.4,5.2,114.0,70.0,1002.3,34.0,0.0,,0.0
2025-12-06 16:00:00,-1.1,-0.8,,-1.4,,46.0,1.3,3.3,105.0,107.0,1002.6,36.0,0.0,,0.0
2025-12-06 17:00:00,-0.9,-0.6,,-1.2,,41.0,0.9,2.3,354.0,97.0,1002.7,20.0,0.0,,0.0
2025-12-06 18:00:00,-0.7,-0.3,-0.2,-1.2,-3.1,40.0,0.9,2.6,103.0,47.0,1002.7,4.0,0.0,,0.0
2025-12-06 19:00:00,-1.0,-0.2,,-1.6,,41.0,2.6,5.4,33.0,37.0,1002.9,0.0,0.0,,0.0
2025-12-06 20:00:00,-0.8,-0.2,,-1.4,,40.0,2.0,5.5,88.0,63.0,1003.7,0.0,0.0,,0.0
2025-12-06 21:00:00,-0.7,-0.1,-0.1,-1.2,-2.9,42.0,1.4,3.6,120.0,62.0,1003.5,0.0,0.0,,0.0
2025-12-06 22:00:00,-0.7,-0.5,,-1.1,,42.0,3.2,7.5,23.0,22.0,1003.6,0.0,0.0,,0.0
2025-12-06 23:00:00,-0.8,0.1,,-1.1,,45.0,5.4,9.4,39.0,20.0,1004.0,0.0,0.0,,0.0
2025-12-07 00:00:00,-0.6,-0.1,0.1,-1.1,-2.4,42.0,2.9,7.0,19.0,27.0,1004.1,0.0,0.0,,0.0
2025-12-07 01:00:00,-1.1,-0.3,,-1.5,,52.0,6.3,9.9,16.0,13.0,1003.8,0.0,0.0,,0.0
2025-12-07 02:00:00,-1.1,0.0,,-1.5,,58.0,8.0,10.8,11.0,10.0,1003.8,0.0,0.0,,0.0
2025-12-07 03:00:00,-0.8,0.3,0.3,-1.4,-1.6,52.0,8.8,12.3,20.0,16.0,1003.7,0.0,0.0,,0.0
2025-12-07 04:00:00,-1.0,-0.4,,-1.4,,59.0,7.4,13.1,9.0,14.0,1004.0,0.0,0.0,,0.0
2025-12-07 05:00:00,-1.3,-1.0,,-1.6,,64.0,8.0,10.7,7.0,7.0,1004.5,0.0,0.0,,0.0
2025-12-07 06:00:00,-0.6,0.4,0.4,-1.3,-1.6,59.0,6.1,11.0,13.0,10.0,1004.9,0.0,0.0,0.0,0.0
2025-12-07 07:00:00,-0.2,0.4,,-0.6,,56.0,7.8,11.4,11.0,7.0,1004.8,0.0,0.0,,0.0
2025-12-07 08:00:00,0.6,1.1,,-0.2,,50.0,5.3,10.3,114.0,19.0,1005.2,0.0,0.0,,0.0
2025-12-07 09:00:00,0.7,1.5,1.5,0.0,-1.6,47.0,1.6,3.6,39.0,59.0,1005.2,0.0,0.0,,0.0
2025-12-07 10:00:00,1.3,1.9,,0.7,,42.0,2.6,7.2,61.0,46.0,1005.0,0.0,0.0,,0.0
2025-12-07 11:00:00,1.3,2.1,,0.1,,47.0,2.0,6.6,84.0,84.0,1005.0,0.0,0.0,,0.0
2025-12-07 12:00:00,1.3,2.3,2.3,0.2,-1.6,46.0,1.3,3.7,163.0,101.0,1005.0,0.0,0.0,,0.0
2025-12-07 13:00:00,1.6,2.4,,0.6,,44.0,1.4,3.7,34.0,84.0,1004.9,0.0,0.0,,0.0
2025-12-07 14:00:00,1.6,2.6,,0.2,,47.0,1.1,3.2,169.0,104.0,1004.7,12.0,0.0,,0.0
2025-12-07 15:00:00,1.6,2.4,2.6,0.8,-1.6,49.0,1.3,3.3,152.0,207.0,1004.5,42.0,0.0,,0.0
2025-12-07 16:00:00,2.2,3.4,,0.9,,47.0,1.3,3.1,16.0,249.0,1004.0,57.0,0.0,,0.0
2025-12-07 17:00:00,2.1,3.9,,0.8,,49.0,1.4,4.3,27.0,80.0,1004.1,37.0,0.0,,0.0
2025-12-07 18:00:00,3.7,4.6,4.6,3.0,-0.6,38.0,2.4,6.6,52.0,32.0,1003.6,13.0,0.0,,0.0
2025-12-07 19:00:00,3.8,4.4,,3.1,,39.0,4.5,8.9,72.0,38.0,1003.3,0.0,0.0,,0.0
2025-12-07 20:00:00,3.9,5.0,,3.2,,38.0,1.1,4.7,312.0,88.0,1003.4,0.0,0.0,,0.0
2025-12-07 21:00:00,3.6,4.1,5.0,2.9,0.1,39.0,1.8,5.1,90.0,82.0,1003.0,0.0,0.0,,0.0
2025-12-07 22:00:00,4.3,5.3,,3.7,,36.0,6.4,10.9,31.0,46.0,1002.6,0.0,0.0,,0.0
2025-12-07 23:00:00,3.9,4.4,,3.1,,39.0,7.8,11.4,31.0,25.0,1002.3,0.0,0.0,,0.0
2025-12-08 00:00:00,4.0,4.6,5.3,3.1,0.2,38.0,5.7,9.2,49.0,40.0,1002.0,0.0,0.0,,0.0
2025-12-08 01:00:00,3.7,4.6,,2.2,,39.0,3.7,9.0,68.0,47.0,1001.7,0.0,0.0,,0.0
2025-12-08 02:00:00,3.1,4.5,,1.9,,46.0,1.8,5.8,203.0,180.0,1002.1,0.0,0.0,,0.0
2025-12-08 03:00:00,3.4,4.0,5.3,2.3,0.8,41.0,1.4,3.8,71.0,60.0,1001.9,0.0,0.0,,0.0
2025-12-08 04:00:00,3.3,4.5,,2.0,,42.0,1.8,3.6,28.0,52.0,1001.7,0.0,0.0,,0.0
2025-12-08 05:00:00,4.2,4.8,,2.8,,35.0,1.4,2.7,81.0,55.0,1001.4,0.0,0.0,,0.0
2025-12-08 06:00:00,3.6,4.5,5.3,2.1,1.9,36.0,2.6,7.3,57.0,47.0,1001.1,0.0,0.0,0.0,0.0
2025-12-08 07:00:00,3.7,4.2,,3.2,,36.0,5.2,8.3,41.0,51.0,1000.8,0.0,0.0,,0.0
2025-12-08 08:00:00,3.7,4.3,,2.8,,37.0,3.5,7.8,40.0,41.0,1000.4,0.0,0.0,,0.0
2025-12-08 09:00:00,4.3,4.9,5.3,3.8,1.9,34.0,5.5,9.2,19.0,22.0,999.8,0.0,0.0,,0.0
2025-12-08 10:00:00,4.1,5.4,,3.4,,35.0,6.4,9.9,40.0,36.0,999.6,0.0,0.0,,0.0
2025-12-08 11:00:00,4.3,4.8,,3.9,,33.0,6.4,11.4,59.0,52.0,999.6,0.0,0.0,,0.0
2025-12-08 12:00:00,4.0,4.9,5.4,3.2,1.9,34.0,1.9,6.6,20.0,33.0,999.5,0.0,0.0,,0.0
2025-12-08 13:00:00,3.4,3.9,,2.9,,35.0,4.0,7.9,30.0,35.0,998.8,0.0,0.0,,0.0
2025-12-08 14:00:00,3.6,4.1,,3.1,,33.0,4.9,8.4,46.0,43.0,998.1,7.0,0.0,,0.0
2025-12-08 15:00:00,3.3,3.6,5.4,2.9,2.0,34.0,5.4,8.9,39.0,39.0,997.7,25.0,0.0,,0.0
2025-12-08 16:00:00,3.1,3.7,,2.7,,34.0,5.3,7.8,47.0,40.0,997.5,28.0,0.0,,0.0
2025-12-08 17:00:00,2.9,3.4,,2.4,,37.0,1.9,8.0,343.0,80.0,997.1,23.0,0.0,,0.0
2025-12-08 18:00:00,2.3,3.6,5.4,1.1,1.1,40.0,2.3,5.3,228.0,79.0,997.1,5.0,0.0,,0.0
2025-12-08 19:00:00,1.9,2.8,,1.1,,48.0,1.4,3.1,235.0,240.0,996.9,0.0,0.0,,0.0
2025-12-08 20:00:00,1.3,2.8,,0.4,,51.0,1.9,3.8,202.0,186.0,997.2,0.0,0.0,,0.0
2025-12-08 21:00:00,1.6,2.4,5.4,0.4,0.4,47.0,1.4,3.2,9.0,291.0,996.9,0.0,0.0,,0.0
2025-12-08 22:00:00,1.7,2.3,,1.2,,38.0,2.4,5.1,28.0,33.0,996.8,0.0,0.0,,0.0
2025-12-08 23:00:00,0.8,1.6,,-0.3,,44.0,2.1,4.7,9.0,58.0,996.7,0.0,0.0,,0.0
2025-12-09 00:00:00,1.1,1.6,4.1,0.4,-0.3,42.0,4.4,6.4,27.0,24.0,996.0,0.0,0.0,,0.0
2025-12-09 01:00:00,1.5,2.3,,1.2,,39.0,5.5,8.1,36.0,26.0,995.6,0.0,0.0,,0.0
2025-12-09 02:00:00,1.6,2.3,,1.1,,36.0,2.4,6.5,349.0,22.0,995.4,0.0,0.0,,0.0
2025-12-09 03:00:00,1.4,1.7,3.7,1.1,-0.3,36.0,3.5,8.7,38.0,23.0,994.8,0.0,0.0,,0.0
2025-12-09 04:00:00,1.0,1.4,,0.5,,38.0,4.3,8.3,8.0,38.0,994.0,0.0,0.0,,0.0
2025-12-09 05:00:00,0.7,1.2,,0.2,,43.0,2.9,5.7,126.0,101.0,993.7,0.0,0.0,,0.0
2025-12-09 06:00:00,-0.2,0.7,2.8,-1.0,-1.0,59.0,2.1,3.8,96.0,101.0,993.6,0.0,0.0,0.0,0.0
2025-12-09 07:00:00,0.4,1.0,,-0.1,,46.0,1.3,3.4,119.0,91.0,993.4,0.0,0.0,,0.0
2025-12-09 08:00:00,0.3,0.7,,0.1,,43.0,0.9,2.4,27.0,79.0,993.0,0.0,0.0,,0.0
2025-12-09 09:00:00,-0.5,0.2,2.3,-1.3,-1.3,54.0,2.4,5.8,3.0,22.0,992.6,0.0,0.0,,0.0
2025-12-09 10:00:00,-0.8,-0.3,,-1.1,,65.0,4.8,6.6,7.0,11.0,992.2,0.0,0.0,,0.0
2025-12-09 11:00:00,-0.9,-0.5,,-1.2,,66.0,5.4,7.4,21.0,15.0,991.8,0.0,0.0,,0.0
2025-12-09 12:00:00,-0.4,0.5,2.3,-1.2,-1.3,59.0,5.5,8.0,9.0,13.0,991.2,0.0,0.0,,0.0
2025-12-09 13:00:00,-0.8,-0.5,,-1.1,,64.0,6.6,9.9,360.0,1.0,990.8,0.0,0.0,,0.0
2025-12-09 14:00:00,-1.1,-0.8,,-1.4,,66.0,5.8,8.0,359.0,358.0,990.1,5.0,0.0,,0.0
2025-12-09 15:00:00,-1.1,-0.8,1.4,-1.4,-1.4,68.0,5.2,7.2,360.0,355.0,989.8,10.0,0.0,,0.0
2025-12-09 16:00:00,-0.7,0.1,,-1.1,,61.0,5.1,7.7,9.0,11.0,989.0,13.0,0.0,,0.0
2025-12-09 17:00:00,-0.7,0.2,,-1.0,,62.0,4.4,8.2,17.0,22.0,988.6,11.0,0.0,,0.0
2025-12-09 18:00:00,-1.0,-0.7,1.0,-1.3,-1.4,67.0,5.2,7.8,359.0,5.0,988.3,4.0,0.0,,0.0
2025-12-09 19:00:00,-1.2,-0.7,,-1.4,,68.0,4.7,6.7,4.0,3.0,988.3,0.0,0.0,,0.0
2025-12-09 20:00:00,-1.2,-0.8,,-1.4,,68.0,5.7,8.4,357.0,359.0,988.2,0.0,0.0,,0.0
2025-12-09 21:00:00,-1.0,-0.5,0.5,-1.6,-1.6,66.0,6.6,9.6,9.0,7.0,987.8,0.0,0.0,,50.0
2025-12-09 22:00:00,-1.1,-0.5,,-1.6,,69.0,7.4,11.8,12.0,8.0,987.4,0.0,0.0,,0.0
2025-12-09 23:00:00,-0.4,0.9,,-1.3,,61.0,8.5,12.0,8.0,12.0,986.9,0.0,0.0,,75.0
2025-12-10 00:00:00,-0.2,0.4,0.9,-0.7,-1.6,61.0,9.2,12.0,3.0,3.0,986.3,0.0,0.0,,75.0
2025-12-10 01:00:00,1.1,1.8,,0.1,,50.0,7.1,11.5,24.0,14.0,986.6,0.0,0.0,,60.0
2025-12-10 02:00:00,1.2,1.7,,0.8,,50.0,6.3,10.6,26.0,16.0,986.9,0.0,0.0,,0.0
2025-12-10 03:00:00,1.3,1.9,1.9,0.6,-1.6,49.0,2.8,5.7,93.0,47.0,987.0,0.0,0.0,,0.0
2025-12-10 04:00:00,1.9,2.7,,1.2,,44.0,0.8,3.9,24.0,80.0,986.8,0.0,0.0,,0.0
2025-12-10 05:00:00,2.8,3.8,,1.9,,40.0,1.0,3.0,176.0,25.0,986.8,0.0,0.0,,0.0
2025-12-10 06:00:00,3.1,3.9,3.9,1.7,-1.6,38.0,2.3,6.9,66.0,61.0,986.7,0.0,0.0,0.0,0.0
2025-12-10 07:00:00,3.2,3.6,,2.7,,37.0,7.0,12.5,38.0,43.0,986.3,0.0,0.0,,0.0
2025-12-10 08:00:00,3.1,3.4,,2.7,,37.0,9.2,13.6,39.0,39.0,985.9,0.0,0.0,,0.0
2025-12-10 09:00:00,2.9,3.4,3.9,2.3,-1.6,38.0,9.2,13.5,41.0,37.0,985.7,0.0,0.0,,0.0
2025-12-10 10:00:00,2.9,3.2,,2.7,,37.0,8.0,12.9,46.0,43.0,986.0,0.0,0.0,,0.0
2025-12-10 11:00:00,2.7,3.4,,2.3,,40.0,8.1,12.4,50.0,38.0,985.8,0.0,0.0,,0.0
2025-12-10 12:00:00,3.0,3.7,3.9,2.5,0.1,37.0,6.8,11.6,32.0,42.0,986.1,0.0,0.0,,0.0
2025-12-10 13:00:00,2.5,3.0,,1.9,,45.0,6.8,10.7,14.0,16.0,986.2,0.0,0.0,,0.0
2025-12-10 14:00:00,2.0,2.7,,0.8,,52.0,5.6,8.1,358.0,4.0,986.1,4.0,0.0,,0.0
2025-12-10 15:00:00,1.7,2.8,3.9,0.7,0.7,55.0,6.1,9.1,5.0,359.0,985.5,14.0,0.0,,0.0
2025-12-10 16:00:00,2.4,3.1,,1.7,,51.0,6.8,9.7,13.0,12.0,985.1,17.0,0.0,,0.0
2025-12-10 17:00:00,3.1,3.8,,2.3,,46.0,7.7,11.3,35.0,19.0,984.9,11.0,0.0,,0.0
2025-12-10 18:00:00,4.1,4.8,4.8,3.4,0.7,37.0,3.7,9.2,147.0,56.0,985.4,2.0,0.0,,0.0
2025-12-10 19:00:00,4.0,4.6,,3.3,,38.0,0.9,2.3,143.0,197.0,986.1,0.0,0.0,,0.0
2025-12-10 20:00:00,3.4,4.0,,2.4,,40.0,2.6,6.8,55.0,57.0,986.5,0.0,0.0,,10.0
2025-12-10 21:00:00,2.1,3.4,4.8,0.6,0.6,51.0,1.9,4.7,180.0,134.0,987.1,0.0,0.0,,0.0
2025-12-10 22:00:00,3.0,3.5,,1.9,,43.0,2.1,5.7,1.0,14.0,987.6,0.0,0.0,,0.0
2025-12-10 23:00:00,2.4,3.4,,1.4,,47.0,3.1,6.5,36.0,27.0,987.9,0.0,0.0,,0.0
2025-12-11 00:00:00,2.3,3.4,4.8,0.1,0.1,46.0,3.3,6.2,74.0,40.0,988.3,0.0,0.0,,0.0
2025-12-11 01:00:00,1.4,2.7,,0.3,,55.0,1.8,3.7,4.0,66.0,988.5,0.0,0.0,,0.0
2025-12-11 02:00:00,2.3,2.8,,1.7,,44.0,0.8,2.3,77.0,23.0,988.9,0.0,0.0,,0.0
2025-12-11 03:00:00,1.4,2.2,4.8,0.5,0.1,51.0,1.1,2.4,294.0,189.0,989.4,0.0,0.0,,0.0
2025-12-11 04:00:00,0.8,1.4,,0.3,,57.0,2.0,3.7,35.0,31.0,989.7,0.0,0.0,,0.0
2025-12-11 05:00:00,1.2,2.3,,-0.2,,52.0,2.4,4.2,114.0,34.0,990.4,0.0,0.0,,0.0
2025-12-11 06:00:00,1.7,2.4,4.6,1.1,-0.2,41.0,0.9,2.3,120.0,68.0,990.6,0.0,0.0,0.0,0.0
2025-12-11 07:00:00,1.5,2.2,,0.3,,47.0,0.8,2.8,196.0,178.0,991.2,0.0,0.0,,0.0
2025-12-11 08:00:00,0.0,1.1,,-0.8,,63.0,1.4,2.7,175.0,177.0,991.6,0.0,0.0,,0.0
2025-12-11 09:00:00,1.1,2.0,3.5,0.4,-0.8,48.0,0.5,1.2,326.0,225.0,992.2,0.0,0.0,,0.0
2025-12-11 10:00:00,0.4,0.7,,0.1,,53.0,0.5,1.5,74.0,252.0,992.8,0.0,0.0,,0.0
2025-12-11 11:00:00,0.5,1.1,,-0.1,,51.0,1.2,3.4,358.0,3.0,993.1,0.0,0.0,,0.0
2025-12-11 12:00:00,0.1,1.3,2.8,-0.3,-0.8,58.0,3.0,4.4,14.0,20.0,993.4,0.0,,,0.0
2025-12-11 13:00:00,-0.1,0.5,,-0.6,,57.0,3.8,5.1,22.0,18.0,993.7,0.0,0.0,,0.0
2025-12-11 14:00:00,0.5,1.0,,0.1,,45.0,1.6,3.8,61.0,66.0,993.9,6.0,0.0,,0.0
2025-12-11 15:00:00,0.1,0.6,2.4,-0.4,-0.8,53.0,2.8,6.4,17.0,19.0,993.8,17.0,0.0,,0.0
2025-12-11 16:00:00,-0.4,-0.1,,-0.7,,64.0,4.4,6.1,5.0,10.0,994.0,29.0,0.0,,0.0
2025-12-11 17:00:00,-0.6,0.3,,-1.1,,66.0,4.8,6.7,3.0,6.0,994.3,28.0,0.0,,0.0
2025-12-11 18:00:00,-1.0,-0.1,2.2,-1.6,-1.6,69.0,4.2,7.8,6.0,17.0,994.4,6.0,0.0,,0.0
2025-12-11 19:00:00,-1.1,-0.7,,-1.6,,70.0,4.9,7.1,356.0,360.0,994.1,0.0,0.0,,0.0
2025-12-11 20:00:00,-1.3,-0.9,,-1.7,,73.0,4.3,7.3,19.0,9.0,994.8,0.0,0.0,,0.0
2025-12-11 21:00:00,-1.6,-1.3,1.3,-2.0,-2.0,71.0,2.6,3.7,14.0,28.0,994.5,0.0,0.0,,0.0
2025-12-11 22:00:00,-2.0,-1.9,,-2.2,,76.0,3.2,4.0,4.0,7.0,994.9,0.0,0.0,,0.0
2025-12-11 23:00:00,-1.9,-1.5,,-2.3,,74.0,2.2,3.6,39.0,25.0,994.7,0.0,0.0,,0.0
2025-12-12 00:00:00,-1.9,-1.8,1.0,-2.1,-2.3,76.0,3.0,4.1,10.0,10.0,994.5,0.0,0.0,,0.0
2025-12-12 01:00:00,-2.3,-1.9,,-2.6,,80.0,3.1,4.5,3.0,7.0,994.1,0.0,0.0,,0.0
2025-12-12 02:00:00,-2.5,-2.1,,-2.8,,81.0,3.5,5.0,15.0,2.0,993.3,0.0,0.0,,0.0
2025-12-12 03:00:00,-2.3,-2.0,0.3,-2.8,-2.8,77.0,4.3,6.7,30.0,15.0,992.9,0.0,0.0,,0.0
2025-12-12 04:00:00,-2.4,-1.9,,-2.9,,77.0,4.3,7.5,16.0,14.0,992.3,0.0,0.0,,0.0
2025-12-12 05:00:00,-2.2,-2.0,,-2.4,,75.0,4.9,7.3,15.0,19.0,991.5,0.0,0.0,,0.0
2025-12-12 06:00:00,-2.2,-1.9,-0.7,-2.5,-2.9,76.0,4.7,6.7,15.0,11.0,991.0,0.0,0.0,,0.0
2025-12-12 07:00:00,-2.4,-2.1,,-2.7,,76.0,4.7,7.6,4.0,8.0,990.4,0.0,0.0,,0.0
2025-12-12 08:00:00,-2.3,-2.0,,-2.8,,73.0,4.4,7.2,13.0,11.0,990.0,0.0,0.0,,0.0
2025-12-12 09:00:00,-2.5,-2.1,-1.5,-3.1,-3.1,72.0,4.4,7.5,14.0,14.0,989.2,0.0,0.0,,0.0
2025-12-12 10:00:00,-2.5,-2.1,,-3.0,,73.0,5.1,7.7,9.0,3.0,988.3,0.0,0.0,,0.0
2025-12-12 11:00:00,-2.6,-2.2,,-3.2,,76.0,5.1,7.4,7.0,6.0,987.8,0.0,0.0,,10.0
2025-12-12 12:00:00,-2.5,-2.3,-1.9,-3.3,-3.3,69.0,4.4,7.1,42.0,21.0,987.5,0.0,0.0,,0.0
2025-12-12 13:00:00,-2.9,-2.6,,-3.1,,76.0,3.6,5.5,360.0,4.0,987.0,0.0,0.0,,0.0
2025-12-12 14:00:00,-2.7,-2.4,,-2.9,,77.0,4.6,7.5,350.0,359.0,986.2,5.0,0.0,,0.0
2025-12-12 15:00:00,-2.9,-2.4,-1.9,-3.2,-3.3,75.0,3.2,6.7,347.0,17.0,985.3,19.0,0.0,,75.0
2025-12-12 16:00:00,-2.8,-2.2,,-3.1,,77.0,4.0,6.8,3.0,6.0,984.7,22.0,0.0,,90.0
2025-12-12 17:00:00,-2.9,-2.6,,-3.2,,78.0,2.1,5.0,354.0,9.0,984.4,17.0,0.0,,90.0
2025-12-12 18:00:00,-2.9,-2.5,-2.0,-3.2,-3.3,76.0,0.9,4.2,352.0,6.0,983.4,4.0,0.0,,10.0
2025-12-12 19:00:00,-2.8,-2.6,,-3.0,,72.0,5.0,7.8,12.0,12.0,982.4,0.0,0.0,,0.0
2025-12-12 20:00:00,-2.7,-2.6,,-2.8,,75.0,6.2,9.4,6.0,9.0,981.9,0.0,0.0,,0.0
2025-12-12 21:00:00,-2.6,-2.3,-2.1,-2.8,-3.3,68.0,6.8,8.8,11.0,10.0,981.4,0.0,0.0,,0.0
2025-12-12 22:00:00,-2.5,-2.2,,-3.1,,62.0,5.8,8.8,14.0,21.0,980.8,0.0,0.0,,0.0
2025-12-12 23:00:00,-2.7,-2.4,,-3.0,,64.0,4.9,9.5,4.0,19.0,980.3,0.0,0.0,,25.0
2025-12-13 00:00:00,-2.6,-2.3,-2.2,-2.9,-3.2,69.0,6.2,8.9,5.0,8.0,979.1,0.0,0.0,,0.0
2025-12-13 01:00:00,-2.7,-2.3,,-3.0,,69.0,7.4,10.2,23.0,10.0,977.8,0.0,0.0,,0.0
2025-12-13 02:00:00,-2.8,-2.6,,-2.9,,68.0,7.9,11.1,10.0,12.0,976.9,0.0,0.0,,0.0
2025-12-13 03:00:00,-2.8,-2.6,-2.2,-2.9,-3.2,64.0,8.6,12.5,14.0,15.0,975.6,0.0,0.0,,0.0
2025-12-13 04:00:00,-2.8,-2.6,,-2.9,,66.0,8.1,11.7,15.0,11.0,975.3,0.0,0.0,,25.0
2025-12-13 05:00:00,-2.9,-2.6,,-3.5,,66.0,7.1,10.3,13.0,8.0,974.8,0.0,0.0,,10.0
2025-12-13 06:00:00,-3.6,-2.6,-2.2,-4.0,-4.0,74.0,7.7,10.3,354.0,350.0,974.2,0.0,0.0,0.0,0.0
2025-12-13 07:00:00,-3.2,-2.6,,-3.6,,72.0,7.9,11.6,356.0,352.0,973.3,0.0,0.0,,0.0
2025-12-13 08:00:00,-2.6,-2.3,,-3.1,,66.0,8.8,13.0,11.0,1.0,973.1,0.0,0.0,,0.0
2025-12-13 09:00:00,-2.3,-2.0,-2.0,-2.5,-4.0,60.0,8.6,13.0,354.0,8.0,972.7,0.0,0.0,,0.0
2025-12-13 10:00:00,-2.1,-1.1,,-3.0,,60.0,8.6,12.7,359.0,5.0,972.1,0.0,0.0,,0.0
2025-12-13 11:00:00,-3.1,-2.5,,-3.6,,70.0,9.3,12.9,333.0,350.0,972.0,0.0,0.0,,0.0
2025-12-13 12:00:00,-3.6,-3.2,-1.1,-3.9,-4.0,68.0,8.0,10.6,348.0,336.0,972.6,0.0,0.0,,0.0
2025-12-13 13:00:00,-3.1,-2.9,,-3.5,,64.0,6.7,9.1,347.0,342.0,972.7,0.0,0.0,,0.0
2025-12-13 14:00:00,-3.1,-2.9,,-3.3,,63.0,5.1,7.4,346.0,348.0,972.8,8.0,0.0,,0.0
2025-12-13 15:00:00,-3.0,-2.8,-1.1,-3.1,-4.0,65.0,4.6,6.0,354.0,354.0,972.5,40.0,0.0,,0.0
2025-12-13 16:00:00,-3.1,-2.7,,-3.5,,69.0,4.4,5.8,339.0,341.0,972.8,53.0,0.0,,10.0
2025-12-13 17:00:00,-2.8,-2.7,,-3.0,,66.0,3.9,5.3,355.0,347.0,972.8,32.0,0.0,,75.0
2025-12-13 18:00:00,-2.7,-2.5,-1.1,-2.9,-3.9,70.0,3.7,4.5,6.0,357.0,973.1,5.0,0.0,,0.0
2025-12-13 19:00:00,-2.6,-2.1,,-3.4,,69.0,3.8,5.1,360.0,349.0,973.3,0.0,0.0,,0.0
2025-12-13 20:00:00,-2.6,-2.2,,-2.9,,68.0,3.8,4.9,6.0,2.0,973.7,0.0,0.0,,0.0
2025-12-13 21:00:00,-3.2,-2.8,-1.1,-3.6,-3.9,74.0,3.6,4.4,337.0,347.0,973.9,0.0,0.0,,0.0
2025-12-13 22:00:00,-3.3,-3.0,,-3.4,,76.0,3.5,4.3,341.0,352.0,974.2,0.0,0.0,,0.0
2025-12-13 23:00:00,-3.1,-2.9,,-3.4,,76.0,3.1,4.1,341.0,337.0,974.6,0.0,0.0,,0.0
2025-12-14 00:00:00,-3.2,-2.9,-2.1,-3.6,-3.6,79.0,3.4,4.2,351.0,352.0,975.1,0.0,0.0,,0.0
2025-12-14 01:00:00,-3.5,-3.0,,-3.9,,76.0,3.8,4.8,2.0,341.0,975.2,0.0,0.0,,0.0
2025-12-14 02:00:00,-3.5,-3.3,,-3.7,,80.0,4.0,5.4,346.0,353.0,975.6,0.0,0.0,,0.0
2025-12-14 03:00:00,-3.6,-3.4,-2.1,-4.0,-4.0,80.0,2.9,4.1,344.0,338.0,976.3,0.0,0.0,,0.0
2025-12-14 04:00:00,-3.1,-2.9,,-3.4,,83.0,2.0,2.3,344.0,359.0,976.5,0.0,0.0,,0.0
2025-12-14 05:00:00,-3.3,-2.9,,-3.8,,69.0,2.2,3.4,278.0,302.0,977.0,0.0,0.0,,0.0
2025-12-14 06:00:00,-3.7,-3.4,-2.1,-4.0,-4.0,74.0,1.9,3.6,344.0,328.0,977.9,0.0,0.0,0.0,0.0
2025-12-14 07:00:00,-3.1,-2.9,,-3.5,,72.0,1.4,2.8,281.0,333.0,978.6,0.0,0.0,,0.0
2025-12-14 08:00:00,-3.2,-2.8,,-3.6,,78.0,0.8,2.0,16.0,317.0,979.5,0.0,0.0,,0.0
2025-12-14 09:00:00,-3.4,-2.9,-2.8,-4.0,-4.0,83.0,1.1,2.9,268.0,254.0,980.2,0.0,0.0,,0.0
2025-12-14 10:00:00,-3.1,-2.8,,-3.3,,77.0,1.6,4.5,280.0,289.0,980.9,0.0,0.0,,0.0
2025-12-14 11:00:00,-3.4,-3.2,,-3.8,,79.0,2.7,5.1,295.0,285.0,981.5,0.0,0.0,,0.0
2025-12-14 12:00:00,-3.4,-3.1,-2.8,-3.5,-4.0,77.0,4.3,7.4,278.0,286.0,982.3,0.0,0.0,,10.0
2025-12-14 13:00:00,-3.4,-3.2,,-3.6,,79.0,4.4,7.1,292.0,289.0,983.2,0.0,0.0,,90.0
2025-12-14 14:00:00,-3.1,-2.8,,-3.3,,78.0,5.3,10.2,286.0,299.0,983.7,5.0,0.0,,100.0
2025-12-14 15:00:00,-2.7,-2.5,-2.5,-3.1,-4.0,82.0,6.3,9.7,293.0,288.0,984.0,8.0,0.0,,100.0
2025-12-14 16:00:00,-2.8,-2.6,,-2.9,,80.0,5.0,7.3,308.0,301.0,984.7,12.0,0.0,,100.0
2025-12-14 17:00:00,-3.2,-2.9,,-3.3,,77.0,3.1,5.9,305.0,304.0,985.7,7.0,0.0,,100.0
2025-12-14 18:00:00,-3.3,-3.2,-2.5,-3.4,-4.0,74.0,3.1,5.3,332.0,316.0,986.9,1.0,0.0,,100.0
2025-12-14 19:00:00,-3.6,-3.4,,-3.7,,71.0,3.7,6.9,332.0,333.0,987.5,0.0,0.0,,100.0
2025-12-14 20:00:00,-3.9,-3.7,,-4.2,,67.0,3.8,5.4,319.0,326.0,988.4,0.0,0.0,,100.0
2025-12-14 21:00:00,-4.3,-4.1,-2.5,-4.5,-4.5,65.0,3.6,5.4,278.0,297.0,989.3,0.0,0.0,,100.0
2025-12-14 22:00:00,-4.9,-4.5,,-5.2,,77.0,3.3,5.6,301.0,286.0,989.9,0.0,0.0,,100.0
2025-12-14 23:00:00,-4.8,-4.6,,-5.0,,78.0,2.8,4.8,265.0,273.0,990.9,0.0,0.0,,100.0
2025-12-15 00:00:00,-5.0,-4.8,-2.5,-5.1,-5.2,92.0,3.9,6.2,291.0,287.0,991.4,0.0,0.1,,100.0
2025-12-15 01:00:00,-5.0,-4.7,,-5.2,,87.0,3.6,5.4,284.0,291.0,991.8,0.0,0.0,,100.0
2025-12-15 02:00:00,-5.5,-5.1,,-5.6,,87.0,3.2,6.0,290.0,280.0,992.1,0.0,0.0,,100.0
2025-12-15 03:00:00,-6.0,-5.6,-2.6,-6.2,-6.2,92.0,4.0,7.0,273.0,286.0,992.3,0.0,0.5,,100.0
2025-12-15 04:00:00,-5.6,-4.8,,-6.1,,95.0,9.5,18.0,266.0,284.0,991.5,0.0,0.6,,100.0
2025-12-15 05:00:00,-5.4,-4.6,,-6.3,,91.0,9.5,18.2,270.0,285.0,992.6,0.0,0.4,,100.0
2025-12-15 06:00:00,-5.4,-4.6,-3.4,-6.2,-6.3,92.0,10.8,18.8,267.0,275.0,993.1,0.0,0.3,1.8,100.0
2025-12-15 07:00:00,-5.1,-4.6,,-5.5,,91.0,8.0,18.2,285.0,285.0,994.0,0.0,0.1,,100.0
2025-12-15 08:00:00,-4.7,-4.2,,-5.2,,88.0,7.2,11.7,298.0,280.0,994.4,0.0,,,100.0
2025-12-15 09:00:00,-5.3,-4.9,,-5.6,,92.0,3.1,7.9,273.0,280.0,995.1,0.0,0.1,,100.0
2025-12-15 10:00:00,-5.2,-5.0,,-5.5,,87.0,2.6,6.4,288.0,307.0,995.5,0.0,0.0,,100.0
2025-12-15 11:00:00,-5.4,-5.0,,-5.6,,91.0,5.8,15.8,276.0,287.0,994.4,0.0,0.5,,100.0
2025-12-15 12:00:00,-5.6,-5.2,-4.2,-6.0,-6.3,94.0,11.9,18.9,301.0,289.0,995.9,0.0,1.1,,
2025-12-15 13:00:00,-5.7,-5.6,,-6.0,,89.0,9.8,13.8,281.0,288.0,995.9,0.0,0.1,,100.0
2025-12-15 14:00:00,-5.6,-5.5,,-5.8,,83.0,8.4,14.6,280.0,281.0,996.7,4.0,0.0,,100.0
2025-12-15 15:00:00,-5.7,-5.6,-4.2,-5.7,-6.3,78.0,7.3,10.2,281.0,282.0,996.8,13.0,0.0,,100.0
2025-12-15 16:00:00,-5.9,-5.7,,-6.0,,86.0,7.3,10.8,282.0,279.0,997.2,12.0,0.1,,90.0
2025-12-15 17:00:00,-5.9,-5.8,,-6.1,,78.0,5.2,8.2,308.0,292.0,997.3,12.0,0.0,,100.0
2025-12-15 18:00:00,-6.0,-5.9,-4.2,-6.1,-6.1,75.0,3.2,5.3,325.0,326.0,997.1,3.0,0.0,,100.0
2025-12-15 19:00:00,-6.3,-5.9,,-6.7,,84.0,2.9,5.5,276.0,278.0,997.1,0.0,0.0,,100.0
2025-12-15 20:00:00,-6.9,-6.6,,-7.0,,93.0,1.4,4.6,2.0,315.0,996.8,0.0,0.3,,100.0
2025-12-15 21:00:00,-7.1,-6.9,-5.0,-7.1,-7.1,89.0,0.6,1.5,95.0,54.0,996.4,0.0,0.0,,100.0
2025-12-15 22:00:00,-7.0,-6.9,,-7.1,,82.0,2.0,3.0,97.0,91.0,995.6,0.0,0.0,,0.0
2025-12-15 23:00:00,-6.7,-6.4,,-6.9,,65.0,1.8,2.7,76.0,88.0,994.2,0.0,0.0,,0.0
2025-12-16 00:00:00,-6.4,-6.2,-5.5,-6.7,-7.1,56.0,1.5,2.2,85.0,71.0,993.3,0.0,0.0,,0.0
2025-12-16 01:00:00,-6.5,-6.1,,-6.8,,50.0,1.2,1.9,34.0,72.0,992.3,0.0,0.0,,0.0
2025-12-16 02:00:00,-6.9,-6.5,,-7.2,,56.0,1.7,3.3,78.0,75.0,991.3,0.0,0.0,,0.0
2025-12-16 03:00:00,-7.2,-6.9,-5.7,-7.5,-7.5,71.0,4.7,7.5,40.0,51.0,989.6,0.0,0.0,,0.0
2025-12-16 04:00:00,-7.4,-7.1,,-7.5,,75.0,4.8,7.2,40.0,41.0,988.1,0.0,0.0,,0.0
2025-12-16 05:00:00,-6.9,-6.7,,-7.6,,73.0,6.3,9.3,19.0,23.0,987.2,0.0,0.0,,10.0
2025-12-16 06:00:00,-6.9,-6.6,-5.9,-7.4,-7.6,74.0,6.5,9.4,342.0,13.0,985.9,0.0,0.0,,10.0
2025-12-16 07:00:00,-7.7,-7.3,,-8.0,,87.0,8.4,12.0,334.0,335.0,984.2,0.0,0.0,,10.0
2025-12-16 08:00:00,-7.6,-7.4,,-8.0,,78.0,9.3,12.4,344.0,342.0,983.1,0.0,0.0,,0.0
2025-12-16 09:00:00,-8.1,-7.6,-6.1,-8.5,-8.5,75.0,9.2,12.6,330.0,336.0,982.0,0.0,0.0,,0.0
2025-12-16 10:00:00,-8.6,-8.2,,-8.9,,74.0,9.2,12.1,334.0,335.0,981.4,0.0,0.0,,0.0
2025-12-16 11:00:00,-9.0,-8.6,,-9.3,,73.0,9.3,12.6,336.0,332.0,980.3,0.0,0.0,,0.0
2025-12-16 12:00:00,-9.2,-9.0,-6.1,-9.5,-9.5,70.0,9.1,11.9,335.0,339.0,979.4,0.0,0.0,,0.0
2025-12-16 13:00:00,-9.4,-9.3,,-9.7,,68.0,8.3,10.9,337.0,339.0,979.4,0.0,0.0,,0.0
2025-12-16 14:00:00,-9.5,-9.1,,-9.9,,64.0,8.0,12.0,346.0,346.0,979.0,6.0,0.0,,0.0
2025-12-16 15:00:00,-8.9,-8.7,-6.6,-9.1,-9.9,60.0,6.7,9.4,360.0,359.0,978.9,17.0,0.0,,0.0
2025-12-16 16:00:00,-8.7,-8.6,,-8.9,,57.0,6.3,9.4,13.0,12.0,978.3,17.0,0.0,,0.0
2025-12-16 17:00:00,-8.6,-8.3,,-9.0,,55.0,5.7,8.6,30.0,26.0,978.5,18.0,0.0,,0.0
2025-12-16 18:00:00,-8.3,-8.1,-7.3,-8.6,-9.9,62.0,5.8,8.8,24.0,23.0,978.6,3.0,0.0,,10.0
2025-12-16 19:00:00,-8.4,-8.2,,-8.6,,68.0,6.0,8.2,21.0,26.0,979.1,0.0,0.0,,10.0
2025-12-16 20:00:00,-8.4,-8.2,,-8.7,,68.0,6.1,8.7,34.0,22.0,979.8,0.0,0.0,,0.0
2025-12-16 21:00:00,-8.3,-7.9,-7.9,-8.7,-9.9,68.0,5.1,7.5,11.0,22.0,979.7,0.0,0.0,,60.0
2025-12-16 22:00:00,-8.0,-7.9,,-8.1,,70.0,4.9,6.8,21.0,14.0,980.0,0.0,0.0,,100.0
2025-12-16 23:00:00,-7.9,-7.9,,-8.0,,69.0,5.1,8.0,20.0,21.0,979.9,0.0,0.0,,100.0
2025-12-17 00:00:00,-8.0,-7.9,-7.9,-8.1,-9.9,72.0,6.2,9.5,22.0,23.0,979.8,0.0,0.0,,25.0
2025-12-17 01:00:00,-8.1,-8.0,,-8.2,,74.0,5.2,8.0,20.0,19.0,979.5,0.0,0.0,,0.0
2025-12-17 02:00:00,-7.8,-7.6,,-8.1,,76.0,5.5,8.4,338.0,356.0,979.5,0.0,0.0,,100.0
2025-12-17 03:00:00,-7.9,-7.8,-7.6,-8.1,-9.0,76.0,6.2,8.8,358.0,348.0,979.7,0.0,0.0,,100.0
2025-12-17 04:00:00,-7.9,-7.7,,-8.0,,76.0,4.7,6.8,342.0,344.0,980.0,0.0,0.0,,100.0
2025-12-17 05:00:00,-7.8,-7.6,,-8.0,,71.0,3.3,5.8,343.0,353.0,980.7,0.0,0.0,,100.0
2025-12-17 06:00:00,-7.6,-7.5,-7.5,-7.6,-8.7,64.0,3.7,5.4,357.0,352.0,981.5,0.0,0.0,0.0,100.0
2025-12-17 07:00:00,-7.4,-7.3,,-7.5,,65.0,3.9,5.5,10.0,358.0,982.1,0.0,0.0,,100.0
2025-12-17 08:00:00,-7.1,-6.9,,-7.3,,67.0,3.8,5.8,360.0,3.0,982.4,0.0,0.0,,100.0
2025-12-17 09:00:00,-6.7,-6.5,-6.5,-6.9,-8.2,68.0,2.1,4.0,52.0,21.0,983.2,0.0,0.0,,100.0
2025-12-17 10:00:00,-6.3,-6.0,,-6.6,,64.0,1.9,2.7,17.0,36.0,983.9,0.0,0.0,,100.0
2025-12-17 11:00:00,-5.9,-5.7,,-6.2,,62.0,2.2,3.2,23.0,36.0,984.4,0.0,0.0,,100.0
2025-12-17 12:00:00,-5.8,-5.7,-5.7,-5.9,-8.2,62.0,2.4,3.8,21.0,32.0,984.6,0.0,0.0,,100.0
2025-12-17 13:00:00,-5.8,-5.6,,-5.9,,63.0,2.2,3.8,18.0,24.0,985.3,0.0,0.0,,100.0
2025-12-17 14:00:00,-5.7,-5.4,,-6.0,,68.0,2.8,4.4,336.0,341.0,986.3,6.0,0.0,,60.0
2025-12-17 15:00:00,-6.1,-5.8,-5.4,-6.2,-8.0,79.0,4.1,5.8,342.0,339.0,986.7,20.0,0.0,,100.0
2025-12-17 16:00:00,-6.4,-6.0,,-6.6,,85.0,5.8,7.5,327.0,329.0,987.0,22.0,0.1,,90.0
2025-12-17 17:00:00,-6.2,-6.0,,-6.6,,80.0,4.5,7.9,7.0,344.0,987.7,16.0,0.0,,100.0
2025-12-17 18:00:00,-6.1,-5.8,-5.4,-6.3,-7.5,76.0,3.6,4.9,342.0,357.0,988.2,3.0,0.0,,40.0
2025-12-17 19:00:00,-6.3,-6.2,,-6.4,,81.0,4.3,6.2,341.0,351.0,988.3,0.0,0.0,,0.0
2025-12-17 20:00:00,-6.3,-6.2,,-6.5,,85.0,4.9,6.8,353.0,350.0,988.6,0.0,0.0,,0.0
2025-12-17 21:00:00,-6.4,-6.1,-5.4,-6.8,-6.8,79.0,4.8,7.5,17.0,17.0,988.8,0.0,0.0,,0.0
2025-12-17 22:00:00,-6.6,-6.2,,-6.9,,76.0,5.4,7.4,27.0,33.0,988.8,0.0,0.0,,0.0
2025-12-17 23:00:00,-6.9,-6.6,,-7.2,,80.0,4.9,7.1,347.0,13.0,988.5,0.0,0.0,,0.0
2025-12-18 00:00:00,-7.2,-6.9,-5.4,-7.5,-7.5,82.0,5.0,7.5,28.0,7.0,988.3,0.0,0.0,,0.0
2025-12-18 01:00:00,-7.1,-7.0,,-7.3,,76.0,5.1,7.4,33.0,30.0,987.8,0.0,0.0,,0.0
2025-12-18 02:00:00,-7.3,-7.1,,-7.5,,76.0,5.0,7.3,25.0,28.0,987.4,0.0,0.0,,0.0
2025-12-18 03:00:00,-7.4,-7.1,-5.8,-7.5,-7.5,76.0,5.3,7.7,22.0,31.0,987.0,0.0,0.0,,0.0
2025-12-18 04:00:00,-7.4,-7.0,,-7.6,,71.0,4.6,7.1,55.0,40.0,987.1,0.0,0.0,,0.0
2025-12-18 05:00:00,-6.8,-6.5,,-7.2,,62.0,1.9,4.6,103.0,134.0,987.0,0.0,0.0,,0.0
2025-12-18 06:00:00,-6.4,-6.1,-6.1,-6.8,-7.6,59.0,4.1,6.8,134.0,129.0,987.1,0.0,0.0,0.0,0.0
2025-12-18 07:00:00,-5.9,-5.6,,-6.2,,61.0,6.5,10.4,129.0,128.0,986.5,0.0,0.0,,90.0
2025-12-18 08:00:00,-5.3,-5.0,,-5.6,,59.0,7.8,11.7,130.0,134.0,985.6,0.0,0.0,,40.0
2025-12-18 09:00:00,-4.3,-3.8,-3.8,-4.9,-7.6,47.0,7.0,11.0,131.0,127.0,985.2,0.0,0.0,,100.0
2025-12-18 10:00:00,-3.6,-3.4,,-3.9,,51.0,8.3,13.5,131.0,125.0,984.5,0.0,0.0,,100.0
2025-12-18 11:00:00,-3.3,-3.1,,-3.5,,52.0,7.6,13.1,122.0,126.0,984.4,0.0,0.0,,100.0
2025-12-18 12:00:00,-3.1,-2.7,-2.7,-4.0,-7.6,54.0,3.6,8.5,2.0,99.0,983.7,0.0,0.0,,100.0
2025-12-18 13:00:00,-4.3,-3.4,,-4.7,,67.0,4.4,10.2,22.0,24.0,982.4,0.0,0.0,,100.0
2025-12-18 14:00:00,-3.9,-3.3,,-4.6,,66.0,5.0,11.1,17.0,25.0,981.8,3.0,0.0,,100.0
2025-12-18 15:00:00,-3.3,-2.9,-2.7,-4.0,-7.6,61.0,4.4,7.4,29.0,20.0,980.8,6.0,0.0,,100.0
2025-12-18 16:00:00,-3.2,-3.1,,-3.3,,63.0,3.8,6.9,17.0,28.0,980.0,8.0,0.0,,100.0
2025-12-18 17:00:00,-2.6,-2.3,,-3.1,,66.0,1.3,4.3,294.0,292.0,979.7,6.0,0.0,,100.0
2025-12-18 18:00:00,-2.5,-2.4,-2.3,-2.9,-6.2,78.0,1.6,4.4,10.0,122.0,978.8,2.0,0.1,,100.0
2025-12-18 19:00:00,-2.7,-2.4,,-2.8,,85.0,2.5,4.2,277.0,286.0,978.5,0.0,0.0,,100.0
2025-12-18 20:00:00,-2.3,-2.2,,-2.4,,85.0,1.8,3.0,339.0,287.0,978.6,0.0,0.0,,100.0
2025-12-18 21:00:00,-2.3,-1.9,-1.9,-2.4,-4.7,90.0,1.1,3.3,278.0,286.0,978.4,0.0,0.2,,100.0
2025-12-18 22:00:00,-3.4,-2.4,,-4.4,,97.0,6.2,16.8,267.0,261.0,978.2,0.0,2.3,,
2025-12-18 23:00:00,-4.9,-4.4,,-5.5,,96.0,13.4,20.1,273.0,272.0,978.1,0.0,1.5,,100.0
2025-12-19 00:00:00,-5.6,-5.3,-1.9,-5.9,-5.9,93.0,12.0,18.0,272.0,273.0,979.5,0.0,0.7,,100.0
2025-12-19 01:00:00,-6.3,-5.8,,-6.7,,92.0,12.0,17.2,273.0,273.0,979.9,0.0,0.6,,100.0
2025-12-19 02:00:00,-7.0,-6.7,,-7.3,,93.0,12.6,18.6,274.0,272.0,980.3,0.0,1.0,,
2025-12-19 03:00:00,-7.4,-7.1,-1.9,-7.6,-7.6,93.0,11.4,16.6,271.0,272.0,981.0,0.0,0.6,,
2025-12-19 04:00:00,-7.4,-7.1,,-7.6,,94.0,10.6,15.6,271.0,270.0,981.7,0.0,1.0,,
2025-12-19 05:00:00,-7.8,-7.5,,-8.0,,94.0,11.3,16.5,265.0,269.0,983.6,0.0,1.2,,100.0
2025-12-19 06:00:00,-8.0,-7.8,-1.9,-8.3,-8.2,93.0,10.2,16.3,266.0,266.0,984.1,0.0,0.8,9.9,90.0
2025-12-19 07:00:00,-8.1,-7.9,,-8.4,,93.0,10.9,15.5,267.0,267.0,986.0,0.0,0.9,,90.0
2025-12-19 08:00:00,-8.5,-8.3,,-8.7,,92.0,9.7,14.7,268.0,267.0,987.7,0.0,0.7,,100.0
2025-12-19 09:00:00,-8.6,-8.4,-2.4,-8.7,-8.7,88.0,9.2,13.6,273.0,272.0,989.9,0.0,0.4,,100.0
2025-12-19 10:00:00,-8.6,-8.5,,-8.8,,86.0,6.7,11.4,284.0,283.0,991.1,0.0,0.3,,100.0
2025-12-19 11:00:00,-8.7,-8.5,,-8.8,,85.0,8.1,12.0,290.0,288.0,992.4,0.0,0.2,,100.0
2025-12-19 12:00:00,-8.7,-8.5,-5.8,-8.9,-8.9,82.0,6.5,11.7,283.0,287.0,993.6,0.0,0.1,,100.0
2025-12-19 13:00:00,-8.7,-8.5,,-8.9,,77.0,4.8,8.7,320.0,297.0,994.8,0.0,0.0,,100.0
2025-12-19 14:00:00,-8.5,-8.3,,-8.8,,73.0,4.1,7.6,319.0,318.0,995.7,3.0,0.0,,100.0
2025-12-19 15:00:00,-8.9,-8.7,-7.1,-9.0,-9.0,83.0,4.8,6.8,332.0,322.0,996.8,8.0,0.0,,100.0
2025-12-19 16:00:00,-8.6,-8.4,,-8.8,,74.0,2.9,5.6,349.0,346.0,997.9,11.0,0.0,,100.0
2025-12-19 17:00:00,-8.3,-8.1,,-8.5,,66.0,2.5,4.2,25.0,2.0,999.1,7.0,0.0,,90.0
2025-12-19 18:00:00,-8.6,-8.2,-7.9,-8.8,-9.0,68.0,2.2,3.6,59.0,54.0,1000.4,2.0,0.0,,10.0
2025-12-19 19:00:00,-8.4,-8.2,,-8.8,,65.0,2.0,3.7,119.0,64.0,1001.7,0.0,0.0,,100.0
2025-12-19 20:00:00,-8.5,-8.1,,-8.7,,84.0,3.0,6.2,235.0,232.0,1002.4,0.0,0.2,,100.0
2025-12-19 21:00:00,-8.6,-8.6,-8.1,-8.7,-9.0,90.0,0.7,2.1,0.0,228.0,1003.2,0.0,0.1,,100.0
2025-12-19 22:00:00,-8.6,-8.5,,-8.8,,88.0,1.3,3.8,133.0,142.0,1003.6,0.0,0.2,,100.0
2025-12-19 23:00:00,-8.6,-8.3,,-8.8,,87.0,2.1,7.5,189.0,153.0,1004.6,0.0,0.5,,
2025-12-20 00:00:00,-8.7,-8.4,-8.1,-8.9,-9.0,90.0,2.5,6.5,89.0,119.0,1004.8,0.0,1.1,,60.0
2025-12-20 01:00:00,-8.2,-7.6,,-8.6,,73.0,2.2,6.8,129.0,99.0,1004.6,0.0,0.0,,90.0
2025-12-20 02:00:00,-8.0,-7.6,,-8.3,,78.0,5.5,9.2,126.0,132.0,1005.4,0.0,0.5,,100.0
2025-12-20 03:00:00,-7.9,-7.4,-7.4,-8.4,-8.9,74.0,4.3,9.3,125.0,127.0,1005.4,0.0,0.2,,100.0
2025-12-20 04:00:00,-7.7,-7.6,,-7.8,,63.0,6.4,10.0,120.0,123.0,1005.1,0.0,0.0,,40.0
2025-12-20 05:00:00,-7.9,-7.8,,-8.1,,57.0,4.8,8.1,90.0,107.0,1004.7,0.0,0.0,,0.0
2025-12-20 06:00:00,-8.1,-7.9,-7.4,-8.3,-8.9,55.0,5.3,8.9,96.0,93.0,1004.5,0.0,0.0,5.4,0.0
2025-12-20 07:00:00,-8.1,-7.6,,-8.5,,51.0,4.0,7.8,88.0,90.0,1004.0,0.0,0.0,,0.0
2025-12-20 08:00:00,-8.6,-8.3,,-8.7,,57.0,5.8,9.4,82.0,86.0,1002.6,0.0,0.0,,0.0
2025-12-20 09:00:00,-8.6,-8.3,-7.4,-8.9,-8.9,57.0,5.4,9.4,61.0,73.0,1001.2,0.0,0.0,,0.0
2025-12-20 10:00:00,-8.9,-8.8,,-9.1,,58.0,5.1,7.4,58.0,58.0,1000.1,0.0,0.0,,0.0
2025-12-20 11:00:00,-8.9,-8.7,,-9.3,,57.0,6.1,9.9,39.0,43.0,998.4,0.0,0.0,,25.0
2025-12-20 12:00:00,-8.7,-8.5,-7.4,-8.9,-9.3,59.0,7.6,10.9,30.0,35.0,995.7,0.0,0.0,,0.0
2025-12-20 13:00:00,-8.8,-8.7,,-9.1,,62.0,8.1,12.7,34.0,35.0,993.9,0.0,0.0,,60.0
2025-12-20 14:00:00,-8.5,-8.4,,-8.7,,58.0,8.0,13.2,35.0,30.0,991.4,2.0,0.0,,100.0
2025-12-20 15:00:00,-8.5,-8.2,-7.6,-8.6,-9.3,60.0,9.0,14.1,43.0,36.0,988.3,5.0,0.0,,100.0
2025-12-20 16:00:00,-7.8,-7.1,,-8.3,,52.0,7.8,13.1,32.0,45.0,986.8,7.0,0.0,,100.0
2025-12-20 17:00:00,-7.5,-7.3,,-7.6,,56.0,6.4,10.4,25.0,24.0,984.4,2.0,0.0,,100.0
2025-12-20 18:00:00,-7.7,-7.5,-7.1,-8.0,-9.3,62.0,8.4,12.0,37.0,27.0,981.5,0.0,0.0,,100.0
2025-12-20 19:00:00,-8.6,-8.1,,-8.8,,86.0,13.6,19.9,24.0,25.0,976.4,0.0,0.0,,
2025-12-20 20:00:00,-8.0,-7.5,,-8.6,,91.0,14.4,19.7,21.0,25.0,974.6,0.0,0.7,,
2025-12-20 21:00:00,-6.8,-5.9,-5.9,-7.4,-9.3,91.0,13.5,19.4,28.0,27.0,972.0,0.0,0.0,,100.0
2025-12-20 22:00:00,-5.2,-4.5,,-5.9,,90.0,10.7,16.9,26.0,32.0,970.4,0.0,0.0,,100.0
2025-12-20 23:00:00,-4.1,-3.0,,-4.8,,94.0,10.8,15.4,27.0,28.0,968.6,0.0,0.4,,100.0
2025-12-21 00:00:00,-2.5,-1.3,-1.3,-3.7,-9.1,96.0,3.9,11.6,276.0,30.0,968.4,0.0,2.0,,100.0
2025-12-21 01:00:00,-1.6,-0.4,,-2.3,,96.0,2.5,5.7,325.0,360.0,967.9,0.0,3.0,,100.0
2025-12-21 02:00:00,-0.9,0.0,,-1.4,,98.0,1.8,4.2,338.0,9.0,967.7,0.0,1.3,,100.0
2025-12-21 03:00:00,1.7,4.4,4.4,-1.3,-8.8,90.0,3.6,9.7,159.0,147.0,967.0,0.0,1.2,,100.0
2025-12-21 04:00:00,1.7,4.1,,0.6,,90.0,2.5,6.5,107.0,143.0,967.2,0.0,1.5,,100.0
2025-12-21 05:00:00,1.6,2.1,,1.0,,95.0,5.2,8.4,149.0,150.0,966.9,0.0,2.5,,100.0
2025-12-21 06:00:00,1.3,1.5,4.4,1.2,-8.8,98.0,4.2,8.4,176.0,159.0,967.0,0.0,0.9,13.5,100.0
2025-12-21 07:00:00,0.7,1.2,,0.5,,98.0,5.5,11.2,135.0,150.0,966.4,0.0,0.9,,100.0
2025-12-21 08:00:00,1.8,4.7,,0.9,,91.0,4.2,15.3,44.0,68.0,965.9,0.0,0.4,,100.0
2025-12-21 09:00:00,2.9,5.4,5.4,0.3,-5.9,80.0,5.7,12.5,158.0,140.0,967.2,0.0,0.6,,100.0
2025-12-21 10:00:00,0.0,0.3,,-0.1,,100.0,7.3,12.7,144.0,141.0,967.2,0.0,0.5,,100.0
2025-12-21 11:00:00,0.2,0.4,,-0.1,,99.0,6.5,11.9,164.0,165.0,966.7,0.0,0.3,,100.0
2025-12-21 12:00:00,-0.2,-0.1,5.4,-0.2,-2.3,100.0,9.8,17.8,135.0,139.0,967.4,0.0,1.2,,100.0
2025-12-21 13:00:00,-0.1,-0.1,,-0.2,,100.0,4.4,8.5,109.0,139.0,967.5,0.0,0.0,,100.0
2025-12-21 14:00:00,1.1,2.5,,0.0,,87.0,5.0,13.1,133.0,107.0,967.5,1.0,2.5,,100.0
2025-12-21 15:00:00,1.9,2.4,5.4,1.5,-0.2,74.0,10.2,17.2,136.0,136.0,966.8,8.0,0.0,,100.0
2025-12-21 16:00:00,1.6,1.9,,1.1,,75.0,15.2,24.5,136.0,137.0,966.6,19.0,0.0,,90.0
2025-12-21 17:00:00,1.4,1.7,,0.7,,77.0,18.5,30.6,138.0,135.0,967.3,15.0,0.0,,100.0
2025-12-21 18:00:00,0.3,0.7,5.4,-0.4,-0.4,89.0,18.6,28.2,143.0,139.0,970.2,1.0,0.0,,100.0
2025-12-21 19:00:00,-0.7,-0.4,,-1.1,,94.0,17.8,27.4,152.0,143.0,973.6,0.0,0.0,,100.0
2025-12-21 20:00:00,-1.7,-1.1,,-2.2,,92.0,15.7,23.9,158.0,154.0,977.6,0.0,0.6,,100.0
2025-12-21 21:00:00,-2.5,-2.2,2.5,-2.8,-2.8,90.0,15.1,23.2,167.0,159.0,981.6,0.0,0.8,,100.0
2025-12-21 22:00:00,-2.6,-2.3,,-3.0,,88.0,12.3,20.1,165.0,167.0,983.7,0.0,0.0,,100.0
2025-12-21 23:00:00,-2.8,-2.6,,-3.1,,84.0,12.6,19.9,189.0,180.0,985.9,0.0,0.0,,100.0
2025-12-22 00:00:00,-2.8,-2.7,2.5,-3.1,-3.1,80.0,9.8,16.1,197.0,194.0,988.1,0.0,0.0,,100.0
2025-12-22 01:00:00,-3.2,-2.9,,-3.4,,82.0,7.8,15.0,192.0,202.0,989.4,0.0,0.0,,60.0
2025-12-22 02:00:00,-3.1,-3.0,,-3.4,,79.0,5.9,9.7,217.0,211.0,990.3,0.0,0.0,,100.0
2025-12-22 03:00:00,-3.2,-3.1,1.9,-3.6,-3.6,76.0,4.3,7.3,233.0,225.0,991.0,0.0,0.0,,100.0
2025-12-22 04:00:00,-4.0,-3.4,,-4.8,,87.0,2.1,5.6,101.0,201.0,991.4,0.0,0.6,,
2025-12-22 05:00:00,-4.6,-4.4,,-4.8,,97.0,2.0,3.3,173.0,124.0,992.0,0.0,3.0,,
2025-12-22 06:00:00,-4.6,-4.6,-0.4,-4.7,-4.8,96.0,3.8,10.2,251.0,224.0,992.2,0.0,2.2,13.5,100.0
2025-12-22 07:00:00,-4.7,-4.6,,-4.8,,83.0,9.2,12.9,249.0,251.0,992.9,0.0,0.0,,100.0
2025-12-22 08:00:00,-4.7,-4.6,,-4.7,,76.0,8.3,12.1,257.0,252.0,993.9,0.0,0.0,,100.0
2025-12-22 09:00:00,-4.8,-4.6,-2.3,-5.3,-5.3,76.0,8.8,13.2,252.0,253.0,994.1,0.0,0.0,,100.0
2025-12-22 10:00:00,-5.2,-5.0,,-5.4,,71.0,7.4,12.8,261.0,260.0,995.4,0.0,0.0,,100.0
2025-12-22 11:00:00,-5.4,-5.1,,-5.5,,66.0,6.5,11.2,277.0,266.0,995.8,0.0,0.0,,100.0
2025-12-22 12:00:00,-5.7,-5.4,-2.9,-5.8,-5.8,68.0,5.1,8.3,251.0,264.0,996.0,0.0,0.0,,100.0
2025-12-22 13:00:00,-5.9,-5.6,,-6.3,,65.0,5.9,9.1,255.0,263.0,995.7,0.0,0.0,,100.0
2025-12-22 14:00:00,-6.1,-5.6,,-6.6,,72.0,6.7,10.7,276.0,269.0,995.6,3.0,0.0,,100.0
2025-12-22 15:00:00,-6.3,-5.9,-3.4,-6.9,-6.9,74.0,5.4,9.6,296.0,273.0,995.7,11.0,0.0,,100.0
2025-12-22 16:00:00,-6.4,-6.1,,-6.7,,67.0,2.8,5.4,226.0,261.0,996.1,17.0,0.0,,75.0
2025-12-22 17:00:00,-6.4,-6.1,,-6.6,,68.0,1.2,4.0,327.0,191.0,996.3,10.0,0.0,,100.0
2025-12-22 18:00:00,-6.4,-6.2,-4.6,-6.7,-6.9,67.0,2.2,4.7,64.0,64.0,996.4,3.0,0.0,,100.0
2025-12-22 19:00:00,-6.1,-5.8,,-6.6,,55.0,2.4,4.0,108.0,97.0,996.9,0.0,0.0,,100.0
2025-12-22 20:00:00,-5.8,-5.6,,-6.1,,50.0,1.8,5.8,158.0,133.0,997.3,0.0,0.0,,100.0
2025-12-22 21:00:00,-6.3,-5.9,-5.0,-6.6,-6.9,62.0,3.3,6.8,81.0,132.0,997.6,0.0,0.1,,100.0
2025-12-22 22:00:00,-6.3,-5.7,,-6.7,,80.0,5.5,13.6,174.0,169.0,997.8,0.0,0.5,,100.0
2025-12-22 23:00:00,-6.7,-6.4,,-6.9,,91.0,8.4,13.2,131.0,138.0,997.2,0.0,0.5,,100.0
2025-12-23 00:00:00,-6.8,-6.4,-5.6,-7.1,-7.1,91.0,7.9,13.4,145.0,137.0,998.1,0.0,0.9,,100.0
2025-12-23 01:00:00,-7.0,-6.7,,-7.2,,91.0,4.1,9.0,118.0,150.0,998.4,0.0,0.5,,100.0
2025-12-23 02:00:00,-6.7,-6.5,,-6.8,,87.0,2.6,5.4,130.0,142.0,998.4,0.0,0.2,,100.0
2025-12-23 03:00:00,-6.2,-6.0,-5.6,-6.6,-7.2,78.0,3.1,6.1,174.0,150.0,998.5,0.0,0.0,,100.0
2025-12-23 04:00:00,-6.2,-6.0,,-6.4,,75.0,3.8,7.1,139.0,141.0,998.5,0.0,0.0,,100.0
2025-12-23 05:00:00,-6.3,-6.1,,-6.4,,75.0,3.9,6.3,140.0,128.0,998.7,0.0,0.1,,100.0
2025-12-23 06:00:00,-6.5,-6.3,-5.6,-6.7,-7.2,80.0,5.0,8.1,140.0,137.0,999.4,0.0,0.0,2.8,100.0
2025-12-23 07:00:00,-6.8,-6.5,,-7.1,,82.0,6.1,9.2,133.0,133.0,999.7,0.0,0.0,,60.0
2025-12-23 08:00:00,-7.1,-6.5,,-7.3,,85.0,5.6,10.6,130.0,134.0,1000.2,0.0,0.2,,100.0
2025-12-23 09:00:00,-6.6,-6.4,-5.7,-6.9,-7.3,69.0,5.2,8.6,125.0,130.0,1001.0,0.0,0.0,,100.0
2025-12-23 10:00:00,-6.6,-6.4,,-6.6,,66.0,6.3,10.4,137.0,131.0,1001.5,0.0,0.0,,100.0
2025-12-23 11:00:00,-6.6,-6.5,,-6.6,,63.0,6.2,10.6,121.0,126.0,1001.8,0.0,0.0,,100.0
2025-12-23 12:00:00,-6.6,-6.5,-6.0,-6.8,-7.3,58.0,5.1,9.0,120.0,123.0,1002.5,0.0,0.0,,10.0
2025-12-23 13:00:00,-6.9,-6.6,,-7.3,,58.0,3.9,8.6,120.0,106.0,1002.7,0.0,0.0,,90.0
2025-12-23 14:00:00,-6.8,-6.6,,-7.1,,60.0,3.7,8.8,121.0,103.0,1003.1,4.0,0.0,,100.0
2025-12-23 15:00:00,-6.9,-6.8,-6.0,-7.2,-7.3,72.0,8.3,14.1,125.0,123.0,1002.9,10.0,0.0,,100.0
2025-12-23 16:00:00,-7.2,-6.9,,-7.6,,80.0,8.9,14.2,136.0,134.0,1002.8,9.0,0.0,,100.0
2025-12-23 17:00:00,-7.5,-7.3,,-7.6,,88.0,8.1,12.4,126.0,130.0,1003.0,4.0,0.7,,100.0
2025-12-23 18:00:00,-7.3,-6.8,-6.4,-7.6,-7.6,77.0,7.5,11.1,127.0,133.0,1003.2,3.0,0.0,,90.0
2025-12-23 19:00:00,-6.8,-6.7,,-6.9,,70.0,8.2,12.3,126.0,127.0,1003.5,0.0,0.0,,100.0
2025-12-23 20:00:00,-7.3,-6.8,,-7.7,,82.0,5.7,10.7,72.0,124.0,1004.2,0.0,0.6,,90.0
2025-12-23 21:00:00,-6.9,-6.5,-6.4,-7.8,-7.8,69.0,5.4,10.9,123.0,123.0,1004.0,0.0,0.0,,100.0
2025-12-23 22:00:00,-6.7,-6.5,,-6.9,,65.0,7.5,11.2,133.0,134.0,1003.9,0.0,0.0,,50.0
2025-12-23 23:00:00,-7.0,-6.6,,-7.9,,69.0,7.6,12.1,137.0,136.0,1004.7,0.0,0.1,,
2025-12-24 00:00:00,-7.9,-7.6,-6.5,-8.0,-8.0,89.0,7.4,12.5,128.0,132.0,1004.3,0.0,1.3,,90.0
2025-12-24 01:00:00,-7.7,-7.3,,-8.0,,81.0,8.6,12.6,133.0,132.0,1004.5,0.0,0.0,,60.0
2025-12-24 02:00:00,-7.3,-7.1,,-7.6,,74.0,8.4,13.3,136.0,134.0,1004.8,0.0,0.0,,100.0
2025-12-24 03:00:00,-7.7,-7.4,-6.5,-7.9,-8.0,80.0,8.6,12.4,122.0,129.0,1004.6,0.0,0.1,,100.0
2025-12-24 04:00:00,-7.2,-7.1,,-7.4,,70.0,8.0,11.8,137.0,134.0,1004.9,0.0,0.0,,100.0
2025-12-24 05:00:00,-7.1,-7.0,,-7.2,,67.0,7.7,12.9,137.0,133.0,1004.8,0.0,0.0,,0.0
2025-12-24 06:00:00,-6.9,-6.8,-6.5,-7.1,-8.0,66.0,5.8,10.2,134.0,129.0,1005.5,0.0,0.0,3.0,0.0
2025-12-24 07:00:00,-7.3,-6.7,,-7.8,,62.0,4.3,9.1,71.0,99.0,1006.0,0.0,0.0,,0.0
2025-12-24 08:00:00,-7.6,-6.9,,-7.9,,60.0,2.4,5.4,121.0,81.0,1006.5,0.0,0.0,,100.0
2025-12-24 09:00:00,-7.1,-6.8,-6.5,-7.5,-8.0,62.0,1.5,3.0,30.0,57.0,1006.3,0.0,0.0,,40.0
2025-12-24 10:00:00,-7.4,-7.2,,-7.7,,57.0,2.7,4.5,36.0,36.0,1006.7,0.0,0.0,,50.0
2025-12-24 11:00:00,-7.5,-7.1,,-8.1,,55.0,2.3,5.0,35.0,24.0,1006.9,0.0,0.0,,60.0
2025-12-24 12:00:00,-8.1,-7.6,-6.7,-8.3,-8.3,57.0,3.4,5.3,50.0,51.0,1006.6,0.0,0.0,,0.0
2025-12-24 13:00:00,-8.2,-8.1,,-8.5,,57.0,4.4,7.3,40.0,39.0,1006.2,0.0,0.0,,0.0
2025-12-24 14:00:00,-8.3,-8.1,,-8.5,,59.0,5.3,7.9,40.0,43.0,1005.5,7.0,0.0,,0.0
2025-12-24 15:00:00,-8.3,-8.1,-6.7,-8.5,-8.5,56.0,4.4,6.8,44.0,43.0,1004.7,24.0,0.0,,0.0
2025-12-24 16:00:00,-8.3,-8.0,,-8.7,,53.0,2.5,6.4,28.0,44.0,1003.8,32.0,0.0,,0.0
2025-12-24 17:00:00,-8.7,-8.3,,-9.0,,55.0,3.9,6.1,42.0,40.0,1003.4,23.0,0.0,,0.0
2025-12-24 18:00:00,-9.1,-8.9,-6.7,-9.2,-9.2,59.0,5.6,7.7,38.0,35.0,1002.7,4.0,0.0,,0.0
2025-12-24 19:00:00,-9.1,-8.9,,-9.3,,60.0,5.0,7.1,46.0,41.0,1002.7,0.0,0.0,,0.0
2025-12-24 20:00:00,-9.3,-9.1,,-9.5,,61.0,4.5,6.4,50.0,44.0,1002.5,0.0,0.0,,0.0
2025-12-24 21:00:00,-9.3,-9.1,-7.1,-9.5,-9.5,61.0,4.1,5.7,40.0,44.0,1002.5,0.0,0.0,,0.0
2025-12-24 22:00:00,-9.2,-8.9,,-9.4,,61.0,4.2,6.2,30.0,38.0,1002.6,0.0,0.0,,0.0
2025-12-24 23:00:00,-9.4,-9.1,,-9.7,,61.0,3.5,5.1,42.0,38.0,1002.7,0.0,0.0,,0.0
2025-12-25 00:00:00,-9.4,-9.1,-8.0,-9.6,-9.7,61.0,2.8,4.3,39.0,35.0,1002.8,0.0,0.0,,0.0
2025-12-25 01:00:00,-9.2,-8.8,,-9.5,,60.0,2.3,3.3,34.0,34.0,1003.1,0.0,0.0,,0.0
2025-12-25 02:00:00,-8.8,-8.2,,-9.5,,61.0,1.0,3.0,183.0,227.0,1003.8,0.0,0.0,,0.0
2025-12-25 03:00:00,-8.9,-8.5,-8.0,-9.2,-9.7,64.0,1.2,4.2,121.0,122.0,1004.5,0.0,0.0,,10.0
2025-12-25 04:00:00,-8.8,-8.5,,-9.2,,64.0,2.9,5.3,117.0,120.0,1005.3,0.0,0.0,,60.0
2025-12-25 05:00:00,-8.6,-7.9,,-9.3,,62.0,3.3,8.3,135.0,123.0,1006.2,0.0,0.0,,100.0
2025-12-25 06:00:00,-8.6,-8.2,-7.9,-9.3,-9.7,72.0,4.5,8.1,49.0,127.0,1007.3,0.0,0.0,0.0,100.0
2025-12-25 07:00:00,-7.9,-7.3,,-8.6,,65.0,3.0,10.8,133.0,140.0,1008.0,0.0,0.0,,100.0
2025-12-25 08:00:00,-7.5,-7.2,,-8.0,,68.0,6.1,10.9,127.0,127.0,1009.5,0.0,0.0,,100.0
2025-12-25 09:00:00,-7.3,-7.0,-7.0,-7.5,-9.7,67.0,7.4,11.8,125.0,125.0,1010.1,0.0,0.0,,75.0
2025-12-25 10:00:00,-7.1,-6.9,,-7.3,,68.0,8.3,13.3,128.0,123.0,1010.9,0.0,0.0,,75.0
2025-12-25 11:00:00,-6.9,-6.6,,-7.4,,69.0,7.5,13.1,122.0,125.0,1012.2,0.0,0.0,,100.0
2025-12-25 12:00:00,-6.6,-6.2,-6.2,-7.2,-9.5,63.0,6.3,12.1,128.0,123.0,1012.6,0.0,0.0,,50.0
2025-12-25 13:00:00,-6.1,-5.9,,-6.3,,58.0,7.3,13.0,124.0,122.0,1013.2,0.0,0.0,,50.0
2025-12-25 14:00:00,-5.7,-5.6,,-5.9,,52.0,6.7,13.2,123.0,123.0,1014.0,5.0,0.0,,0.0
2025-12-25 15:00:00,-5.5,-5.4,-5.4,-5.6,-9.3,51.0,9.1,16.3,121.0,122.0,1013.4,23.0,0.0,,60.0
2025-12-25 16:00:00,-5.4,-5.3,,-5.6,,56.0,11.3,18.5,128.0,126.0,1013.8,22.0,0.0,,90.0
2025-12-25 17:00:00,-5.4,-5.2,,-5.8,,59.0,11.6,18.0,123.0,127.0,1014.0,14.0,0.0,,40.0
2025-12-25 18:00:00,-5.0,-4.7,-4.7,-5.2,-8.6,54.0,13.1,19.9,120.0,122.0,1014.0,3.0,0.0,,100.0
2025-12-25 19:00:00,-4.8,-4.5,,-5.2,,57.0,10.4,18.5,101.0,116.0,1015.0,0.0,0.0,,100.0
2025-12-25 20:00:00,-5.4,-4.9,,-5.8,,72.0,9.6,17.5,124.0,121.0,1015.9,0.0,0.1,,
2025-12-25 21:00:00,-5.3,-4.9,-4.5,-5.8,-7.4,85.0,12.8,20.8,138.0,129.0,1016.9,0.0,1.0,,90.0
2025-12-25 22:00:00,-5.2,-5.1,,-5.3,,93.0,14.9,22.3,140.0,134.0,1017.3,0.0,1.8,,100.0
2025-12-25 23:00:00,-5.2,-5.1,,-5.4,,94.0,14.0,21.0,140.0,140.0,1018.9,0.0,2.1,,90.0
2025-12-26 00:00:00,-4.9,-4.7,-4.5,-5.1,-6.3,91.0,12.5,18.5,137.0,138.0,1019.5,0.0,0.8,,100.0
2025-12-26 01:00:00,-4.6,-4.4,,-4.7,,89.0,13.1,20.8,139.0,136.0,1020.9,0.0,0.4,,100.0
2025-12-26 02:00:00,-4.9,-4.4,,-5.0,,94.0,12.4,18.4,139.0,141.0,1022.1,0.0,2.3,,
2025-12-26 03:00:00,-4.8,-4.6,-4.4,-5.0,-5.8,94.0,11.7,18.1,139.0,138.0,1021.7,0.0,1.3,,90.0
2025-12-26 04:00:00,-4.5,-4.2,,-4.9,,85.0,10.9,16.5,133.0,132.0,1022.3,0.0,0.0,,100.0
2025-12-26 05:00:00,-3.9,-3.7,,-4.3,,70.0,9.9,16.7,125.0,125.0,1022.7,0.0,0.0,,90.0
2025-12-26 06:00:00,-3.6,-3.4,-3.4,-3.9,-5.8,60.0,8.4,14.2,123.0,123.0,1022.2,0.0,0.0,9.7,100.0
2025-12-26 07:00:00,-3.3,-3.1,,-3.4,,52.0,6.4,14.5,86.0,102.0,1023.2,0.0,0.0,,100.0
2025-12-26 08:00:00,-3.3,-3.1,,-3.4,,48.0,4.1,8.4,108.0,97.0,1022.5,0.0,0.0,,0.0
2025-12-26 09:00:00,-3.1,-2.8,-2.8,-3.3,-5.4,45.0,3.1,6.1,79.0,91.0,1021.9,0.0,0.0,,100.0
2025-12-26 10:00:00,-3.4,-3.1,,-3.7,,44.0,3.7,8.3,53.0,55.0,1021.1,0.0,0.0,,90.0
2025-12-26 11:00:00,-3.6,-3.3,,-3.8,,46.0,5.4,8.6,32.0,42.0,1020.0,0.0,0.0,,100.0
2025-12-26 12:00:00,-3.9,-3.7,-2.8,-4.3,-5.0,48.0,8.0,10.9,36.0,43.0,1018.4,0.0,0.0,,100.0
2025-12-26 13:00:00,-4.2,-4.1,,-4.3,,50.0,8.1,12.0,38.0,41.0,1017.3,0.0,0.0,,100.0
2025-12-26 14:00:00,-4.1,-4.0,,-4.3,,49.0,7.9,11.6,23.0,29.0,1015.8,1.0,0.0,,100.0
2025-12-26 15:00:00,-3.9,-3.9,-2.8,-4.0,-4.9,48.0,7.8,10.9,12.0,21.0,1014.1,3.0,0.0,,100.0
2025-12-26 16:00:00,-3.9,-3.7,,-4.1,,48.0,7.2,10.3,22.0,26.0,1012.8,5.0,0.0,,100.0
2025-12-26 17:00:00,-3.9,-3.8,,-4.0,,50.0,8.8,12.5,18.0,23.0,1011.2,3.0,0.0,,100.0
2025-12-26 18:00:00,-3.9,-3.8,-2.8,-4.1,-4.3,50.0,8.5,12.8,36.0,28.0,1009.8,0.0,0.0,,100.0
2025-12-26 19:00:00,-3.8,-3.5,,-4.1,,53.0,9.6,14.0,26.0,28.0,1008.3,0.0,0.0,,100.0
2025-12-26 20:00:00,-3.8,-3.7,,-4.0,,64.0,10.0,15.0,27.0,27.0,1007.7,0.0,0.0,,100.0
2025-12-26 21:00:00,-3.9,-3.7,-3.1,-4.2,-4.3,81.0,9.9,13.6,25.0,28.0,1007.5,0.0,0.0,,100.0
2025-12-26 22:00:00,-4.1,-4.0,,-4.3,,93.0,9.1,12.4,13.0,17.0,1006.6,0.0,0.0,,100.0
2025-12-26 23:00:00,-4.0,-3.9,,-4.1,,96.0,9.7,11.9,15.0,13.0,1005.5,0.0,0.0,,100.0
2025-12-27 00:00:00,-3.6,-3.3,-3.3,-3.9,-4.3,96.0,10.5,13.2,14.0,14.0,1004.9,0.0,0.0,,100.0
2025-12-27 01:00:00,-2.8,-2.5,,-3.2,,97.0,11.1,13.7,17.0,16.0,1003.9,0.0,0.0,,100.0
2025-12-27 02:00:00,-2.0,-1.3,,-2.8,,97.0,9.1,12.7,20.0,18.0,1003.5,0.0,0.0,,100.0
2025-12-27 03:00:00,-0.6,0.4,0.4,-1.8,-4.3,95.0,5.9,10.3,5.0,15.0,1003.7,0.0,0.1,,100.0
2025-12-27 04:00:00,-0.3,0.4,,-1.3,,97.0,2.3,7.3,163.0,24.0,1005.2,0.0,0.6,,100.0
2025-12-27 05:00:00,-0.1,0.1,,-0.2,,99.0,4.5,9.0,148.0,149.0,1006.6,0.0,1.9,,
2025-12-27 06:00:00,0.8,1.9,1.9,-0.2,-4.3,96.0,9.6,20.8,142.0,141.0,1006.9,0.0,0.4,2.9,100.0
2025-12-27 07:00:00,1.8,1.9,,1.7,,86.0,14.9,21.9,139.0,139.0,1008.6,0.0,1.2,,100.0
2025-12-27 08:00:00,1.5,1.8,,1.1,,87.0,14.2,21.1,146.0,144.0,1010.5,0.0,0.0,,100.0
2025-12-27 09:00:00,0.8,1.2,1.9,0.5,-4.3,94.0,14.7,23.1,146.0,148.0,1011.5,0.0,0.0,,100.0
2025-12-27 10:00:00,1.2,1.5,,0.8,,92.0,13.1,20.4,138.0,141.0,1013.1,0.0,0.0,,100.0
2025-12-27 11:00:00,2.2,3.1,,1.3,,82.0,9.9,16.5,156.0,148.0,1015.4,0.0,0.0,,100.0
2025-12-27 12:00:00,1.3,2.1,3.1,0.8,-3.2,92.0,13.2,19.6,137.0,142.0,1016.3,0.0,0.0,,100.0
2025-12-27 13:00:00,1.2,1.3,,1.0,,94.0,13.8,21.9,146.0,141.0,1017.8,0.0,0.0,,100.0
2025-12-27 14:00:00,1.1,1.2,,1.0,,96.0,15.6,23.0,148.0,148.0,1018.9,0.0,0.9,,100.0
2025-12-27 15:00:00,1.3,1.5,3.1,1.0,-1.3,95.0,16.2,24.7,143.0,143.0,1019.9,3.0,0.8,,100.0
2025-12-27 16:00:00,1.2,1.5,,1.0,,96.0,15.3,23.7,142.0,142.0,1020.9,7.0,0.0,,100.0
2025-12-27 17:00:00,1.6,1.9,,1.3,,94.0,13.8,21.0,144.0,142.0,1021.8,5.0,0.0,,100.0
2025-12-27 18:00:00,1.9,2.0,3.1,1.9,0.5,90.0,12.5,18.7,141.0,145.0,1022.6,2.0,0.0,,100.0
2025-12-27 19:00:00,2.0,2.1,,2.0,,89.0,10.3,16.6,144.0,143.0,1023.8,0.0,0.0,,100.0
2025-12-27 20:00:00,1.9,2.1,,1.6,,91.0,9.6,15.0,140.0,139.0,1024.4,0.0,0.0,,100.0
2025-12-27 21:00:00,1.7,1.8,3.1,1.6,0.8,92.0,8.8,13.4,143.0,141.0,1024.9,0.0,0.0,,100.0
2025-12-27 22:00:00,1.5,1.7,,1.3,,96.0,7.2,11.5,137.0,139.0,1025.1,0.0,0.0,,100.0
2025-12-27 23:00:00,1.4,1.8,,1.2,,97.0,6.2,11.2,132.0,137.0,1025.3,0.0,0.2,,100.0
2025-12-28 00:00:00,1.1,1.6,2.1,0.5,0.5,98.0,2.2,5.4,36.0,91.0,1025.2,0.0,0.1,,100.0
2025-12-28 01:00:00,0.6,0.8,,0.4,,99.0,3.0,4.4,7.0,14.0,1025.0,0.0,0.0,,100.0
2025-12-28 02:00:00,0.3,0.5,,0.1,,100.0,4.1,5.1,8.0,8.0,1024.1,0.0,0.0,,50.0
2025-12-28 03:00:00,0.3,0.6,2.1,0.0,0.0,100.0,3.8,5.9,11.0,12.0,1023.3,0.0,0.0,,0.0
2025-12-28 04:00:00,-0.1,0.3,,-0.4,,100.0,4.7,6.9,13.0,9.0,1023.3,0.0,0.0,,40.0
2025-12-28 05:00:00,0.0,0.2,,-0.2,,100.0,4.4,7.4,26.0,18.0,1022.6,0.0,0.0,,90.0
2025-12-28 06:00:00,0.4,0.7,2.1,0.1,-0.4,98.0,3.0,6.0,55.0,27.0,1023.2,0.0,0.0,3.1,100.0
2025-12-28 07:00:00,0.8,1.6,,0.1,,94.0,1.0,2.7,310.0,314.0,1023.1,0.0,0.0,,100.0
2025-12-28 08:00:00,1.9,3.1,,1.0,,85.0,2.7,5.1,30.0,44.0,1023.2,0.0,0.2,,100.0
2025-12-28 09:00:00,1.8,2.2,3.1,1.2,-0.4,88.0,2.3,6.6,40.0,23.0,1023.5,0.0,0.6,,100.0
2025-12-28 10:00:00,1.8,3.1,,1.3,,91.0,5.0,9.9,24.0,26.0,1023.2,0.0,1.4,,100.0
2025-12-28 11:00:00,2.4,2.9,,2.0,,87.0,4.0,7.5,21.0,17.0,1022.7,0.0,0.4,,100.0
2025-12-28 12:00:00,3.3,5.5,5.5,2.3,-0.4,82.0,2.4,6.0,155.0,24.0,1022.6,0.0,0.0,,100.0
2025-12-28 13:00:00,5.4,5.9,,4.5,,73.0,4.9,9.2,162.0,161.0,1023.1,0.0,0.0,,100.0
2025-12-28 14:00:00,5.0,5.5,,4.3,,76.0,5.3,8.5,151.0,152.0,1023.5,1.0,0.0,,100.0
2025-12-28 15:00:00,4.1,4.3,5.9,3.9,-0.4,80.0,4.4,7.2,139.0,136.0,1023.7,6.0,0.0,,100.0
2025-12-28 16:00:00,3.8,4.3,,3.3,,81.0,3.1,6.0,163.0,152.0,1023.5,9.0,0.0,,100.0
2025-12-28 17:00:00,3.0,3.6,,1.4,,84.0,1.2,3.1,358.0,71.0,1023.8,6.0,0.0,,100.0
2025-12-28 18:00:00,3.3,4.0,5.9,1.4,0.1,83.0,1.2,2.9,20.0,109.0,1024.1,1.0,0.0,,100.0
2025-12-28 19:00:00,1.0,3.1,,0.5,,91.0,4.6,6.6,9.0,11.0,1023.9,0.0,0.0,,100.0
2025-12-28 20:00:00,1.7,2.3,,1.0,,87.0,5.6,7.8,18.0,18.0,1023.4,0.0,0.0,,50.0
2025-12-28 21:00:00,1.9,2.7,5.9,1.4,0.5,86.0,7.5,10.6,31.0,30.0,1023.1,0.0,0.0,,75.0
2025-12-28 22:00:00,2.1,3.2,,1.5,,86.0,4.2,8.2,120.0,35.0,1024.1,0.0,0.0,,100.0
2025-12-28 23:00:00,2.0,3.2,,1.4,,88.0,1.6,3.5,293.0,146.0,1024.2,0.0,0.0,,100.0
2025-12-29 00:00:00,1.5,1.8,5.9,1.3,0.5,88.0,4.1,9.0,16.0,15.0,1024.1,0.0,0.0,,100.0
2025-12-29 01:00:00,1.0,1.3,,0.7,,91.0,6.9,9.9,17.0,12.0,1023.9,0.0,0.0,,100.0
2025-12-29 02:00:00,1.1,1.7,,0.7,,90.0,7.3,12.3,22.0,18.0,1023.5,0.0,0.0,,100.0
2025-12-29 03:00:00,1.0,1.6,4.3,0.6,0.5,91.0,8.6,12.4,20.0,22.0,1023.3,0.0,0.0,,100.0
2025-12-29 04:00:00,1.0,1.5,,0.6,,91.0,6.9,10.2,12.0,20.0,1022.8,0.0,0.0,,100.0
2025-12-29 05:00:00,1.6,2.8,,0.9,,86.0,3.7,8.6,20.0,42.0,1023.0,0.0,0.0,,100.0
2025-12-29 06:00:00,1.6,2.8,3.2,0.9,0.5,85.0,7.7,13.2,29.0,18.0,1020.6,0.0,0.0,2.5,100.0
2025-12-29 07:00:00,3.9,7.9,,2.2,,68.0,9.4,15.3,58.0,28.0,1020.2,0.0,0.0,,100.0
2025-12-29 08:00:00,6.1,8.3,,4.3,,56.0,5.8,11.0,100.0,46.0,1020.3,0.0,0.0,,100.0
2025-12-29 09:00:00,7.2,8.5,8.5,6.0,0.6,56.0,3.9,8.9,52.0,57.0,1019.8,0.0,0.0,,100.0
2025-12-29 10:00:00,5.6,8.2,,3.6,,62.0,2.9,8.2,357.0,37.0,1019.7,0.0,0.0,,100.0
2025-12-29 11:00:00,3.8,5.1,,3.4,,68.0,2.9,7.9,206.0,352.0,1020.0,0.0,0.0,,100.0
2025-12-29 12:00:00,4.2,4.6,8.5,3.8,0.6,69.0,1.8,5.3,48.0,102.0,1019.6,0.0,0.0,,100.0
2025-12-29 13:00:00,4.3,5.2,,3.4,,69.0,2.4,4.9,5.0,16.0,1019.0,0.0,0.0,,100.0
2025-12-29 14:00:00,4.1,4.9,,3.2,,69.0,3.2,5.4,9.0,1.0,1018.2,2.0,0.0,,100.0
2025-12-29 15:00:00,4.3,4.9,8.5,3.5,0.6,68.0,1.5,4.1,355.0,2.0,1017.2,10.0,0.0,,100.0
2025-12-29 16:00:00,4.6,5.6,,3.3,,67.0,1.8,3.0,351.0,350.0,1016.4,11.0,0.0,,100.0
2025-12-29 17:00:00,4.0,4.6,,3.3,,71.0,2.3,3.9,349.0,353.0,1015.3,7.0,0.0,,100.0
2025-12-29 18:00:00,3.6,4.5,8.5,3.0,2.2,76.0,0.8,2.0,170.0,105.0,1014.9,0.0,0.2,,100.0
2025-12-29 19:00:00,3.6,3.8,,3.2,,83.0,0.5,1.8,39.0,88.0,1014.5,0.0,0.9,,100.0
2025-12-29 20:00:00,3.7,3.9,,3.4,,87.0,2.0,3.1,29.0,23.0,1014.1,0.0,1.0,,100.0
2025-12-29 21:00:00,4.1,4.6,8.2,3.7,3.0,89.0,2.8,7.2,138.0,129.0,1013.2,0.0,1.8,,100.0
2025-12-29 22:00:00,4.3,4.6,,3.9,,87.0,6.4,12.8,147.0,146.0,1013.4,0.0,2.6,,100.0
2025-12-29 23:00:00,3.8,4.4,,3.3,,91.0,10.5,15.9,138.0,144.0,1013.0,0.0,3.1,,100.0
2025-12-30 00:00:00,3.4,3.5,5.6,3.1,3.0,92.0,12.8,19.1,148.0,142.0,1013.4,0.0,2.7,,100.0
2025-12-30 01:00:00,2.8,3.0,,2.6,,94.0,15.2,23.6,147.0,149.0,1013.1,0.0,2.7,,100.0
2025-12-30 02:00:00,2.6,2.9,,2.4,,94.0,17.8,25.8,153.0,150.0,1014.4,0.0,2.0,,100.0
2025-12-30 03:00:00,2.1,2.3,5.6,2.0,2.0,96.0,17.7,25.8,154.0,151.0,1015.6,0.0,2.0,,100.0
2025-12-30 04:00:00,1.8,2.0,,1.7,,95.0,18.0,25.0,153.0,153.0,1016.8,0.0,1.0,,100.0
2025-12-30 05:00:00,1.6,1.7,,1.5,,97.0,17.1,25.4,149.0,151.0,1017.9,0.0,0.0,,100.0
2025-12-30 06:00:00,1.7,1.7,4.6,1.6,1.5,98.0,19.5,29.2,148.0,148.0,1018.6,0.0,0.0,20.0,100.0
2025-12-30 07:00:00,1.7,1.8,,1.6,,97.0,17.0,24.1,150.0,148.0,1020.4,0.0,0.0,,100.0
2025-12-30 08:00:00,2.1,2.3,,1.8,,94.0,16.5,23.8,151.0,150.0,1021.6,0.0,0.0,,100.0
2025-12-30 09:00:00,2.1,2.1,4.6,2.0,1.5,93.0,13.5,20.6,155.0,153.0,1023.7,0.0,0.0,,100.0
2025-12-30 10:00:00,1.9,2.4,,1.9,,96.0,11.3,17.8,154.0,156.0,1024.1,0.0,0.0,,100.0
2025-12-30 11:00:00,2.7,2.9,,2.4,,97.0,12.8,19.2,149.0,148.0,1025.1,0.0,0.0,,100.0
2025-12-30 12:00:00,3.1,3.5,3.5,2.5,1.5,100.0,9.6,14.1,148.0,148.0,1026.2,0.0,1.1,,100.0
2025-12-30 13:00:00,3.5,3.8,,3.3,,100.0,8.7,12.7,144.0,148.0,1026.7,0.0,1.1,,100.0
2025-12-30 14:00:00,4.0,4.4,,3.7,,98.0,9.2,15.7,140.0,140.0,1026.4,1.0,0.2,,100.0
2025-12-30 15:00:00,4.5,4.7,4.7,4.3,1.5,94.0,7.8,13.6,158.0,145.0,1026.9,8.0,0.5,,100.0
2025-12-30 16:00:00,4.4,5.6,,2.6,,88.0,4.1,11.2,8.0,88.0,1027.3,6.0,0.0,,100.0
2025-12-30 17:00:00,2.7,3.2,,2.2,,97.0,5.3,8.8,5.0,6.0,1027.3,1.0,0.0,,100.0
2025-12-30 18:00:00,3.2,4.0,5.6,2.1,1.6,96.0,3.7,7.2,23.0,15.0,1027.3,0.0,0.0,,100.0
2025-12-30 19:00:00,3.2,3.9,,2.4,,95.0,3.3,6.0,1.0,12.0,1027.3,0.0,0.0,,100.0
2025-12-30 20:00:00,2.2,2.6,,1.8,,98.0,4.8,8.1,8.0,4.0,1027.7,0.0,0.2,,100.0
2025-12-30 21:00:00,2.0,2.6,5.6,1.6,1.6,97.0,5.6,8.2,16.0,8.0,1027.5,0.0,0.0,,100.0
2025-12-30 22:00:00,1.9,2.3,,1.4,,97.0,3.0,6.7,133.0,81.0,1027.6,0.0,0.0,,100.0
2025-12-30 23:00:00,2.4,2.9,,1.5,,96.0,1.0,2.3,325.0,190.0,1027.3,0.0,0.0,,100.0
2025-12-31 00:00:00,3.1,3.4,5.6,2.7,1.4,92.0,0.9,1.8,329.0,346.0,1026.9,0.0,0.0,,100.0
2025-12-31 01:00:00,3.5,3.9,,2.8,,89.0,0.7,1.6,127.0,237.0,1026.2,0.0,0.0,,100.0
2025-12-31 02:00:00,2.9,4.1,,2.1,,88.0,4.0,8.0,12.0,3.0,1025.4,0.0,0.0,,75.0
2025-12-31 03:00:00,3.3,4.7,5.6,2.5,1.4,85.0,6.6,9.5,19.0,10.0,1024.5,0.0,0.0,,0.0
2025-12-31 04:00:00,4.1,6.4,,2.6,,79.0,4.5,8.8,92.0,30.0,1024.0,0.0,0.0,,50.0
2025-12-31 05:00:00,4.2,6.2,,2.9,,77.0,2.5,6.0,197.0,195.0,1024.4,0.0,0.0,,75.0
2025-12-31 06:00:00,4.7,6.3,6.4,2.9,1.4,74.0,3.0,5.6,146.0,111.0,1023.7,0.0,0.0,3.1,60.0
2025-12-31 07:00:00,4.5,6.3,,3.6,,75.0,2.9,5.0,7.0,14.0,1023.1,0.0,0.0,,50.0
2025-12-31 08:00:00,3.3,3.7,,2.6,,81.0,4.1,7.7,13.0,7.0,1022.5,0.0,0.0,,0.0
2025-12-31 09:00:00,3.7,4.5,6.4,2.8,1.4,76.0,6.0,9.8,19.0,17.0,1021.6,0.0,0.0,,60.0
2025-12-31 10:00:00,4.4,5.3,,3.5,,69.0,2.9,6.3,217.0,325.0,1021.9,0.0,0.0,,0.0
2025-12-31 11:00:00,4.1,4.7,,3.6,,69.0,3.6,6.4,157.0,170.0,1022.1,0.0,0.0,,0.0
2025-12-31 12:00:00,4.1,4.4,6.4,3.7,2.1,70.0,1.5,3.4,281.0,229.0,1021.3,0.0,0.0,,0.0
2025-12-31 13:00:00,3.5,4.3,,2.7,,71.0,4.6,9.2,16.0,351.0,1019.8,0.0,0.0,,10.0
2025-12-31 14:00:00,6.4,8.4,,3.3,,50.0,4.5,11.0,109.0,38.0,1019.6,1.0,0.0,,0.0
2025-12-31 15:00:00,5.7,7.9,8.4,4.9,2.6,54.0,2.3,5.1,194.0,199.0,1019.6,7.0,0.0,,0.0
2025-12-31 16:00:00,4.3,5.6,,3.6,,63.0,3.5,6.6,157.0,186.0,1019.5,12.0,0.0,,10.0
2025-12-31 17:00:00,5.2,5.8,,4.8,,55.0,2.4,4.1,300.0,284.0,1018.7,6.0,0.0,,0.0
2025-12-31 18:00:00,5.0,5.7,8.4,4.5,2.6,54.0,2.8,4.8,6.0,352.0,1018.0,0.0,0.0,,0.0
2025-12-31 19:00:00,5.2,7.9,,3.9,,53.0,3.8,5.7,56.0,8.0,1017.6,0.0,0.0,,0.0
2025-12-31 20:00:00,3.7,5.3,,2.7,,63.0,4.1,6.7,139.0,164.0,1018.3,0.0,0.0,,0.0
2025-12-31 21:00:00,4.3,5.0,8.4,3.7,2.7,58.0,3.8,6.5,154.0,160.0,1017.7,0.0,0.0,,0.0
2025-12-31 22:00:00,3.9,5.0,,2.8,,61.0,1.6,2.6,246.0,239.0,1017.5,0.0,0.0,,0.0
2025-12-31 23:00:00,3.4,3.7,,3.0,,64.0,0.7,2.3,39.0,287.0,1016.9,0.0,0.0,,0.0
