ts,101,112,113,122,123,201,301,305,365,371,401,550,601,609,801
2023-04-08 00:00:00,-1.7,-1.4,,-2.0,,83.0,8.3,10.6,314.0,318.0,984.7,0.0,0.0,,90.0
2023-04-08 01:00:00,-1.8,-1.5,,-1.9,,83.0,9.3,11.7,324.0,324.0,983.7,0.0,0.0,,90.0
2023-04-08 02:00:00,-1.9,-1.7,,-2.2,,83.0,8.6,10.8,323.0,325.0,982.3,0.0,0.0,,90.0
2023-04-08 03:00:00,-2.2,-1.8,,-2.6,,82.0,7.5,9.7,317.0,321.0,981.3,0.0,0.0,,90.0
2023-04-08 04:00:00,-2.6,-2.4,,-2.7,,85.0,8.8,11.1,321.0,314.0,980.0,0.0,0.0,,90.0
2023-04-08 05:00:00,-2.5,-2.3,,-2.7,,82.0,8.5,11.1,311.0,317.0,978.8,0.0,0.0,,90.0
2023-04-08 06:00:00,-2.6,-2.4,-0.1,-2.8,-2.8,83.0,7.7,10.5,310.0,313.0,977.8,0.0,0.0,0.0,90.0
2023-04-08 07:00:00,-2.6,-2.5,,-2.7,,87.0,7.6,10.8,308.0,310.0,977.1,0.0,0.0,,90.0
2023-04-08 08:00:00,-2.6,-2.5,,-2.8,,86.0,6.9,10.8,318.0,313.0,977.2,0.0,0.0,,90.0
2023-04-08 09:00:00,-2.5,-2.3,,-2.6,,85.0,4.1,8.6,339.0,334.0,976.9,6.0,0.0,,100.0
2023-04-08 10:00:00,-2.6,-2.2,,-2.9,,85.0,2.5,4.7,256.0,281.0,977.4,37.0,0.0,,60.0
2023-04-08 11:00:00,-2.7,-2.4,,-2.9,,85.0,1.5,3.2,211.0,220.0,977.3,136.0,0.0,,40.0
2023-04-08 12:00:00,-1.7,-0.7,,-2.4,,81.0,1.8,3.4,140.0,188.0,978.0,273.0,0.0,,40.0
2023-04-08 13:00:00,-1.1,-0.7,,-1.4,,77.0,1.8,3.2,121.0,112.0,978.3,277.0,0.0,,60.0
2023-04-08 14:00:00,-0.7,-0.3,,-1.2,,72.0,3.9,6.8,121.0,126.0,978.5,366.0,0.0,,10.0
2023-04-08 15:00:00,0.1,0.5,,-0.3,,69.0,3.6,5.7,121.0,134.0,978.9,544.0,0.0,,10.0
2023-04-08 16:00:00,0.0,0.6,,-0.5,,69.0,2.1,3.9,20.0,2.0,979.2,642.0,0.0,,40.0
2023-04-08 17:00:00,0.3,1.0,,-0.2,,69.0,2.2,5.2,313.0,34.0,979.8,581.0,0.0,,40.0
2023-04-08 18:00:00,0.6,1.3,1.3,0.0,-2.9,70.0,5.4,10.6,152.0,164.0,980.2,458.0,0.0,,60.0
2023-04-08 19:00:00,-0.2,0.1,,-0.5,,74.0,7.6,11.3,170.0,161.0,981.9,399.0,0.0,,60.0
2023-04-08 20:00:00,-0.8,-0.3,,-1.0,,76.0,7.1,11.0,160.0,167.0,983.4,163.0,0.0,,90.0
2023-04-08 21:00:00,-2.1,-0.9,,-3.2,,82.0,5.8,11.6,274.0,242.0,985.3,32.0,0.0,,100.0
2023-04-08 22:00:00,-3.4,-3.1,,-3.9,,88.0,7.3,11.0,272.0,273.0,987.0,8.0,0.0,,90.0
2023-04-08 23:00:00,-4.2,-3.8,,-4.4,,92.0,8.5,11.3,271.0,273.0,988.3,1.0,0.0,,100.0
2023-04-09 00:00:00,-4.7,-4.4,,-5.0,,94.0,8.5,11.1,275.0,273.0,989.5,0.0,0.0,,100.0
2023-04-09 01:00:00,-5.0,-4.9,,-5.3,,95.0,8.0,10.3,281.0,275.0,990.4,0.0,0.0,,100.0
2023-04-09 02:00:00,-5.4,-5.2,,-5.5,,95.0,7.9,10.6,292.0,285.0,991.1,0.0,0.0,,90.0
2023-04-09 03:00:00,-5.5,-5.3,,-5.5,,94.0,6.7,9.0,275.0,284.0,991.4,0.0,0.0,,100.0
2023-04-09 04:00:00,-5.4,-5.3,,-5.5,,93.0,6.8,9.6,284.0,282.0,992.0,0.0,0.0,,90.0
2023-04-09 05:00:00,-5.4,-5.2,,-5.5,,90.0,7.3,10.2,294.0,291.0,992.6,0.0,0.0,,100.0
2023-04-09 06:00:00,-5.3,-5.2,0.1,-5.4,-5.5,89.0,6.7,9.1,302.0,297.0,993.1,0.0,0.0,0.0,100.0
2023-04-09 07:00:00,-5.2,-5.2,,-5.3,,87.0,6.5,8.6,304.0,300.0,993.6,0.0,0.0,,100.0
2023-04-09 08:00:00,-5.1,-5.0,,-5.3,,87.0,6.3,9.1,296.0,297.0,994.1,0.0,0.0,,100.0
2023-04-09 09:00:00,-5.0,-4.8,,-5.2,,90.0,6.5,8.8,301.0,302.0,994.2,3.0,0.0,,100.0
2023-04-09 10:00:00,-4.8,-4.7,,-4.9,,89.0,6.0,8.2,294.0,297.0,994.3,19.0,0.0,,100.0
2023-04-09 11:00:00,-4.7,-4.4,,-4.9,,90.0,5.5,7.5,297.0,304.0,994.7,40.0,0.0,,
2023-04-09 12:00:00,-4.3,-4.1,,-4.5,,91.0,4.7,7.1,306.0,300.0,994.3,86.0,0.0,,100.0
2023-04-09 13:00:00,-3.9,-3.5,,-4.1,,89.0,3.2,5.6,357.0,334.0,994.1,138.0,0.0,,100.0
2023-04-09 14:00:00,-3.4,-3.1,,-3.7,,84.0,4.5,6.3,360.0,358.0,993.9,236.0,0.0,,100.0
2023-04-09 15:00:00,-3.2,-2.8,,-3.3,,82.0,6.0,8.1,327.0,339.0,992.9,301.0,0.0,,100.0
2023-04-09 16:00:00,-2.8,-2.7,,-3.1,,84.0,7.1,9.7,333.0,338.0,992.6,235.0,0.0,,100.0
2023-04-09 17:00:00,-2.7,-2.5,,-3.1,,84.0,9.6,14.6,314.0,319.0,991.7,204.0,0.0,,100.0
2023-04-09 18:00:00,-3.4,-3.1,-2.5,-3.7,-5.3,87.0,12.5,15.8,308.0,309.0,991.4,177.0,0.0,,100.0
2023-04-09 19:00:00,-3.7,-3.5,,-3.9,,87.0,12.0,15.7,303.0,303.0,991.2,148.0,0.0,,100.0
2023-04-09 20:00:00,-3.5,-3.3,,-3.7,,87.0,10.6,14.1,299.0,303.0,991.0,139.0,0.0,,100.0
2023-04-09 21:00:00,-3.3,-3.1,,-3.4,,87.0,9.1,12.1,311.0,303.0,990.9,102.0,0.0,,100.0
2023-04-09 22:00:00,-3.1,-2.8,,-3.2,,87.0,8.4,10.6,306.0,307.0,990.5,77.0,0.0,,100.0
2023-04-09 23:00:00,-3.2,-3.0,,-3.3,,89.0,8.1,10.3,317.0,311.0,990.1,21.0,0.0,,90.0
2023-04-10 00:00:00,-3.3,-3.1,,-3.4,,88.0,6.9,9.1,316.0,319.0,989.6,0.0,0.0,,100.0
2023-04-10 01:00:00,-3.3,-3.1,,-3.3,,88.0,7.9,9.6,330.0,323.0,988.8,0.0,0.0,,90.0
2023-04-10 02:00:00,-3.2,-3.1,,-3.4,,87.0,7.3,8.5,334.0,332.0,988.1,0.0,0.0,,90.0
2023-04-10 03:00:00,-3.3,-3.1,,-3.5,,88.0,7.4,8.5,329.0,332.0,987.3,0.0,0.0,,90.0
2023-04-10 04:00:00,-3.0,-2.9,,-3.3,,85.0,6.6,8.5,322.0,319.0,986.5,0.0,0.0,,90.0
2023-04-10 05:00:00,-3.0,-2.7,,-3.5,,87.0,8.1,10.2,333.0,327.0,986.1,0.0,0.0,,90.0
2023-04-10 06:00:00,-3.3,-3.2,-2.7,-3.5,-3.9,89.0,6.8,8.2,331.0,331.0,985.5,0.0,0.0,0.0,90.0
2023-04-10 07:00:00,-3.4,-3.2,,-3.5,,88.0,6.6,7.9,326.0,334.0,985.4,0.0,0.0,,100.0
2023-04-10 08:00:00,-3.1,-3.0,,-3.4,,87.0,7.3,8.6,341.0,334.0,985.5,0.0,0.0,,90.0
2023-04-10 09:00:00,-3.0,-2.8,,-3.2,,91.0,7.1,9.3,330.0,336.0,985.6,13.0,0.0,,40.0
2023-04-10 10:00:00,-2.7,-2.6,,-2.8,,90.0,6.8,8.6,345.0,335.0,985.7,52.0,0.0,,10.0
2023-04-10 11:00:00,-2.2,-1.8,,-2.6,,89.0,6.4,8.4,339.0,341.0,986.2,101.0,0.0,,10.0
2023-04-10 12:00:00,-1.9,-1.2,,-2.3,,89.0,6.0,8.1,335.0,338.0,986.5,194.0,0.0,,10.0
2023-04-10 13:00:00,-1.1,-0.4,,-1.6,,83.0,4.6,7.4,310.0,333.0,986.7,384.0,0.0,,10.0
2023-04-10 14:00:00,-0.6,-0.2,,-1.2,,76.0,3.2,6.6,359.0,336.0,986.7,383.0,0.0,,10.0
2023-04-10 15:00:00,-0.1,0.3,,-0.6,,73.0,5.4,7.4,339.0,342.0,986.6,345.0,0.0,,10.0
2023-04-10 16:00:00,0.7,1.2,,0.2,,69.0,4.7,6.7,343.0,344.0,987.0,352.0,0.0,,40.0
2023-04-10 17:00:00,1.7,2.4,,1.1,,67.0,5.0,6.8,335.0,338.0,986.9,545.0,0.0,,90.0
2023-04-10 18:00:00,3.1,4.1,4.1,2.4,-3.5,62.0,5.5,8.1,355.0,353.0,986.9,454.0,0.0,,90.0
2023-04-10 19:00:00,4.1,5.0,,3.5,,59.0,3.4,5.9,218.0,298.0,987.4,441.0,0.0,,60.0
2023-04-10 20:00:00,3.4,4.7,,2.1,,69.0,2.1,5.0,214.0,165.0,988.4,336.0,0.0,,60.0
2023-04-10 21:00:00,2.1,2.9,,1.5,,78.0,1.9,3.5,187.0,195.0,989.1,182.0,0.0,,90.0
2023-04-10 22:00:00,1.5,2.2,,1.0,,80.0,3.0,4.5,177.0,189.0,989.7,97.0,0.0,,90.0
2023-04-10 23:00:00,1.0,2.2,,-0.2,,83.0,2.4,4.1,231.0,178.0,990.6,16.0,0.0,,90.0
2023-04-11 00:00:00,-0.1,0.3,,-0.4,,90.0,1.9,3.2,110.0,164.0,991.3,0.0,0.0,,90.0
2023-04-11 01:00:00,1.1,1.6,,0.4,,80.0,2.1,3.0,145.0,145.0,991.7,0.0,0.0,,90.0
2023-04-11 02:00:00,0.9,1.5,,0.5,,81.0,2.6,3.7,149.0,142.0,992.1,0.0,0.0,,90.0
2023-04-11 03:00:00,0.3,0.7,,0.0,,84.0,4.0,6.0,151.0,149.0,992.7,0.0,0.0,,90.0
2023-04-11 04:00:00,-0.3,0.1,,-0.7,,89.0,4.1,5.6,158.0,155.0,993.2,0.0,0.0,,90.0
2023-04-11 05:00:00,-1.0,-0.6,,-1.9,,94.0,6.1,9.7,152.0,155.0,993.8,0.0,0.0,,
2023-04-11 06:00:00,-1.9,-1.6,5.0,-2.1,-2.1,98.0,8.0,10.9,158.0,156.0,994.5,0.0,0.0,0.0,
2023-04-11 07:00:00,-2.1,-1.9,,-2.4,,98.0,7.4,10.1,163.0,161.0,995.2,0.0,0.0,,100.0
2023-04-11 08:00:00,-2.3,-2.1,,-2.4,,98.0,7.2,10.4,161.0,161.0,996.0,0.0,0.0,,100.0
2023-04-11 09:00:00,-2.3,-2.2,,-2.4,,98.0,7.3,10.3,156.0,158.0,996.7,12.0,0.0,,90.0
2023-04-11 10:00:00,-2.4,-2.3,,-2.6,,98.0,6.0,8.6,159.0,160.0,997.5,64.0,0.0,,90.0
2023-04-11 11:00:00,-2.2,-1.9,,-2.4,,97.0,6.9,9.5,158.0,158.0,998.0,188.0,0.0,,90.0
2023-04-11 12:00:00,-1.9,-1.6,,-2.1,,94.0,7.8,10.6,154.0,155.0,998.7,336.0,0.0,,90.0
2023-04-11 13:00:00,-1.5,-1.1,,-1.8,,90.0,6.8,9.9,158.0,152.0,999.4,388.0,0.0,,90.0
2023-04-11 14:00:00,-1.2,-0.8,,-1.5,,88.0,6.0,8.6,154.0,153.0,999.9,392.0,0.0,,90.0
2023-04-11 15:00:00,-0.9,-0.5,,-1.2,,86.0,5.8,8.3,147.0,151.0,1000.2,470.0,0.0,,60.0
2023-04-11 16:00:00,-0.6,-0.3,,-0.8,,83.0,6.4,9.0,154.0,156.0,1000.5,587.0,0.0,,40.0
2023-04-11 17:00:00,-0.5,-0.2,,-0.7,,82.0,6.3,8.5,163.0,157.0,1001.0,569.0,0.0,,40.0
2023-04-11 18:00:00,-0.3,0.1,0.1,-0.6,-2.6,82.0,5.7,7.9,169.0,166.0,1001.5,452.0,0.0,,40.0
2023-04-11 19:00:00,-0.4,0.1,,-0.7,,82.0,5.6,8.1,171.0,168.0,1002.1,333.0,0.0,,90.0
2023-04-11 20:00:00,-0.7,-0.5,,-0.9,,84.0,5.8,8.1,172.0,172.0,1002.7,166.0,0.0,,100.0
2023-04-11 21:00:00,-0.9,-0.7,,-1.1,,85.0,5.3,7.9,172.0,174.0,1003.2,99.0,0.0,,100.0
2023-04-11 22:00:00,-1.2,-1.0,,-1.3,,87.0,5.4,8.1,176.0,176.0,1003.5,33.0,0.0,,100.0
2023-04-11 23:00:00,-1.5,-1.2,,-1.7,,88.0,6.4,9.7,170.0,171.0,1003.9,6.0,0.0,,100.0
2023-04-12 00:00:00,-1.8,-1.7,,-1.9,,89.0,7.1,10.1,165.0,166.0,1004.4,0.0,0.0,,100.0
2023-04-12 01:00:00,-1.7,-1.6,,-1.9,,88.0,6.8,10.0,163.0,161.0,1004.9,0.0,0.0,,100.0
2023-04-12 02:00:00,-1.8,-1.7,,-1.9,,90.0,5.3,8.3,158.0,161.0,1005.3,0.0,0.0,,100.0
2023-04-12 03:00:00,-1.9,-1.8,,-2.0,,91.0,4.3,6.7,157.0,157.0,1005.4,0.0,0.0,,100.0
2023-04-12 04:00:00,-1.9,-1.9,,-2.0,,91.0,3.2,5.1,144.0,149.0,1005.5,0.0,0.0,,100.0
2023-04-12 05:00:00,-2.0,-1.8,,-2.2,,92.0,2.8,4.5,163.0,167.0,1005.6,0.0,0.0,,100.0
2023-04-12 06:00:00,-2.0,-1.9,0.1,-2.1,-2.2,90.0,3.1,4.6,179.0,171.0,1005.7,0.0,0.0,0.0,100.0
2023-04-12 07:00:00,-2.0,-2.0,,-2.1,,89.0,2.9,4.6,174.0,175.0,1006.0,0.0,0.0,,100.0
2023-04-12 08:00:00,-2.0,-1.9,,-2.0,,87.0,3.2,4.9,168.0,177.0,1006.1,0.0,0.0,,100.0
2023-04-12 09:00:00,-2.0,-1.9,,-2.0,,84.0,3.0,5.2,173.0,168.0,1006.2,8.0,0.0,,100.0
2023-04-12 10:00:00,-1.9,-1.8,,-1.9,,82.0,1.1,3.3,0.0,179.0,1006.4,36.0,0.0,,90.0
2023-04-12 11:00:00,-2.1,-1.7,,-2.3,,91.0,2.6,4.1,322.0,329.0,1006.4,76.0,0.0,,100.0
2023-04-12 12:00:00,-2.0,-1.8,,-2.3,,91.0,2.8,3.9,308.0,321.0,1006.3,151.0,0.0,,100.0
2023-04-12 13:00:00,-1.6,-1.3,,-1.9,,84.0,3.2,5.3,333.0,337.0,1006.2,202.0,0.0,,100.0
2023-04-12 14:00:00,-1.2,-1.0,,-1.4,,83.0,4.3,5.6,335.0,331.0,1006.1,299.0,0.0,,100.0
2023-04-12 15:00:00,-0.9,-0.7,,-1.1,,81.0,4.2,5.8,343.0,340.0,1006.0,312.0,0.0,,
2023-04-12 16:00:00,-0.8,-0.5,,-1.1,,81.0,3.7,5.0,334.0,338.0,1005.8,400.0,0.0,,100.0
2023-04-12 17:00:00,-0.4,-0.2,,-0.6,,78.0,3.3,4.9,313.0,326.0,1005.7,450.0,0.0,,100.0
2023-04-12 18:00:00,-0.3,0.2,0.2,-0.5,-2.3,76.0,3.1,4.6,346.0,331.0,1005.9,435.0,0.0,,40.0
2023-04-12 19:00:00,-0.2,0.2,,-0.4,,77.0,3.8,6.3,326.0,335.0,1006.0,420.0,0.0,,
2023-04-12 20:00:00,-0.4,-0.2,,-0.7,,79.0,4.6,6.8,325.0,328.0,1005.8,318.0,0.0,,60.0
2023-04-12 21:00:00,-1.0,-0.7,,-1.2,,82.0,6.3,8.3,326.0,327.0,1005.3,223.0,0.0,,90.0
2023-04-12 22:00:00,-1.2,-1.1,,-1.4,,83.0,6.6,8.3,328.0,325.0,1005.2,106.0,0.0,,90.0
2023-04-12 23:00:00,-1.2,-1.1,,-1.3,,84.0,5.5,8.1,318.0,324.0,1005.5,23.0,0.0,,90.0
2023-04-13 00:00:00,-1.2,-1.0,,-1.3,,85.0,4.5,6.1,336.0,328.0,1005.4,1.0,0.0,,100.0
2023-04-13 01:00:00,-1.3,-1.2,,-1.4,,86.0,4.6,6.7,346.0,342.0,1005.6,0.0,0.0,,90.0
2023-04-13 02:00:00,-1.1,-0.8,,-1.3,,86.0,3.5,5.0,359.0,351.0,1005.5,0.0,0.0,,90.0
2023-04-13 03:00:00,-1.0,-0.7,,-1.2,,88.0,2.7,4.3,352.0,5.0,1005.4,0.0,0.0,,90.0
2023-04-13 04:00:00,-0.9,-0.8,,-0.9,,87.0,3.0,4.2,360.0,357.0,1005.2,0.0,0.0,,90.0
2023-04-13 05:00:00,-0.8,-0.7,,-1.0,,89.0,3.3,4.7,56.0,16.0,1005.4,0.0,0.0,,90.0
2023-04-13 06:00:00,-0.7,-0.5,0.2,-1.1,-1.4,88.0,1.9,3.8,356.0,33.0,1005.7,0.0,0.0,0.0,100.0
2023-04-13 07:00:00,-0.7,-0.5,,-0.9,,89.0,1.1,2.1,42.0,54.0,1005.8,0.0,0.0,,90.0
2023-04-13 08:00:00,-0.7,-0.5,,-0.9,,90.0,1.1,1.9,343.0,1.0,1005.9,0.0,0.0,,90.0
2023-04-13 09:00:00,-0.7,-0.5,,-1.0,,88.0,0.0,1.0,156.0,0.0,1006.1,23.0,0.0,,90.0
2023-04-13 10:00:00,-0.4,0.3,,-0.7,,86.0,0.3,0.8,271.0,178.0,1006.3,104.0,0.0,,60.0
2023-04-13 11:00:00,-0.4,-0.1,,-0.6,,87.0,1.2,2.7,356.0,342.0,1006.4,191.0,0.0,,60.0
2023-04-13 12:00:00,-0.2,-0.1,,-0.5,,90.0,2.8,4.0,343.0,349.0,1006.7,258.0,0.0,,90.0
2023-04-13 13:00:00,0.1,0.7,,-0.3,,88.0,3.0,4.2,356.0,349.0,1007.0,382.0,0.0,,90.0
2023-04-13 14:00:00,0.6,0.9,,0.3,,83.0,3.7,4.7,6.0,8.0,1007.1,550.0,0.0,,40.0
2023-04-13 15:00:00,1.0,1.6,,0.7,,79.0,3.8,5.3,358.0,2.0,1007.2,590.0,0.0,,60.0
2023-04-13 16:00:00,1.4,1.9,,1.1,,73.0,4.9,6.5,13.0,8.0,1007.3,590.0,0.0,,60.0
2023-04-13 17:00:00,1.6,1.9,,1.4,,74.0,4.5,6.0,6.0,0.0,1007.5,497.0,0.0,,60.0
2023-04-13 18:00:00,1.6,1.8,1.9,1.4,-1.0,74.0,3.2,4.8,5.0,360.0,1007.9,358.0,0.0,,60.0
2023-04-13 19:00:00,2.0,2.2,,1.6,,68.0,2.5,3.6,327.0,337.0,1008.4,285.0,0.0,,90.0
2023-04-13 20:00:00,2.1,2.4,,1.7,,66.0,2.7,4.5,1.0,342.0,1008.5,195.0,0.0,,90.0
2023-04-13 21:00:00,2.3,2.8,,2.0,,62.0,3.8,5.1,16.0,12.0,1008.9,145.0,0.0,,90.0
2023-04-13 22:00:00,2.7,3.0,,2.4,,62.0,1.8,3.6,123.0,61.0,1009.5,42.0,0.0,,90.0
2023-04-13 23:00:00,2.1,2.7,,1.9,,68.0,1.8,3.1,13.0,18.0,1009.9,9.0,0.0,,100.0
2023-04-14 00:00:00,2.3,2.7,,2.0,,63.0,1.8,2.9,358.0,7.0,1010.2,0.0,0.0,,90.0
2023-04-14 01:00:00,2.3,3.7,,1.9,,63.0,3.2,4.2,8.0,1.0,1010.5,0.0,0.0,,90.0
2023-04-14 02:00:00,2.4,4.2,,1.6,,65.0,3.6,4.6,7.0,8.0,1010.7,0.0,0.0,,90.0
2023-04-14 03:00:00,1.4,1.6,,1.0,,77.0,4.5,5.9,355.0,4.0,1010.7,0.0,0.0,,90.0
2023-04-14 04:00:00,1.2,1.4,,1.0,,80.0,4.4,5.6,359.0,357.0,1010.8,0.0,0.0,,90.0
2023-04-14 05:00:00,1.2,1.5,,1.0,,80.0,5.5,7.3,8.0,3.0,1010.8,0.0,0.0,,90.0
2023-04-14 06:00:00,1.3,1.5,4.2,1.0,1.0,79.0,6.6,8.8,7.0,5.0,1010.6,0.0,0.0,0.0,90.0
2023-04-14 07:00:00,1.7,1.9,,1.5,,71.0,7.6,9.7,13.0,11.0,1010.7,0.0,0.0,,90.0
2023-04-14 08:00:00,1.6,1.9,,1.4,,71.0,7.6,9.2,13.0,13.0,1010.8,1.0,0.0,,90.0
2023-04-14 09:00:00,1.4,1.8,,1.1,,72.0,6.4,9.2,1.0,360.0,1010.8,21.0,0.0,,90.0
2023-04-14 10:00:00,1.9,2.3,,1.5,,66.0,6.5,10.2,13.0,14.0,1010.7,103.0,0.0,,60.0
2023-04-14 11:00:00,2.1,2.8,,1.6,,64.0,7.0,9.9,344.0,0.0,1010.8,223.0,0.0,,60.0
2023-04-14 12:00:00,1.8,2.1,,1.5,,66.0,6.9,8.4,349.0,345.0,1010.6,336.0,0.0,,40.0
2023-04-14 13:00:00,2.1,2.3,,1.8,,63.0,6.1,8.4,352.0,349.0,1010.7,431.0,0.0,,40.0
2023-04-14 14:00:00,2.6,2.9,,2.3,,56.0,6.1,8.3,357.0,357.0,1010.4,531.0,0.0,,60.0
2023-04-14 15:00:00,2.3,2.7,,1.8,,61.0,6.6,9.3,349.0,348.0,1010.1,596.0,0.0,,90.0
2023-04-14 16:00:00,2.4,2.6,,2.1,,58.0,6.9,9.6,353.0,348.0,1009.7,610.0,0.0,,90.0
2023-04-14 17:00:00,2.6,3.0,,2.0,,59.0,7.2,9.7,348.0,355.0,1009.2,598.0,0.0,,90.0
2023-04-14 18:00:00,3.1,3.3,3.3,2.7,1.1,53.0,6.0,8.5,352.0,355.0,1009.0,448.0,0.0,,90.0
2023-04-14 19:00:00,3.2,3.5,,2.5,,57.0,5.5,7.2,333.0,344.0,1008.7,442.0,0.0,,60.0
2023-04-14 20:00:00,2.2,2.5,,2.0,,74.0,6.9,8.4,327.0,330.0,1008.2,351.0,0.0,,90.0
2023-04-14 21:00:00,1.9,2.0,,1.7,,75.0,6.9,8.4,332.0,330.0,1008.2,218.0,0.0,,90.0
2023-04-14 22:00:00,1.5,1.9,,1.0,,79.0,3.3,5.8,340.0,13.0,1008.0,99.0,0.0,,90.0
2023-04-14 23:00:00,0.6,1.1,,0.2,,82.0,5.4,7.1,324.0,328.0,1007.6,18.0,0.0,,90.0
2023-04-15 00:00:00,0.1,0.4,,-0.3,,83.0,4.5,7.0,319.0,323.0,1007.5,1.0,0.0,,90.0
2023-04-15 01:00:00,0.0,0.4,,-0.3,,82.0,4.9,6.9,345.0,333.0,1006.9,0.0,0.0,,90.0
2023-04-15 02:00:00,0.1,0.3,,-0.2,,78.0,5.8,7.3,339.0,341.0,1006.5,0.0,0.0,,90.0
2023-04-15 03:00:00,-0.3,-0.2,,-0.5,,80.0,5.7,6.6,347.0,340.0,1005.8,0.0,0.0,,100.0
2023-04-15 04:00:00,-0.6,-0.4,,-0.8,,81.0,4.8,6.4,344.0,343.0,1005.5,0.0,0.0,,100.0
2023-04-15 05:00:00,-0.9,-0.7,,-1.1,,83.0,4.8,6.3,341.0,348.0,1005.1,0.0,0.0,,90.0
2023-04-15 06:00:00,-0.7,-0.4,3.5,-0.9,-1.1,83.0,5.4,7.1,346.0,347.0,1004.7,0.0,0.0,0.0,90.0
2023-04-15 07:00:00,-0.6,-0.5,,-0.8,,81.0,6.0,7.2,341.0,340.0,1005.0,0.0,0.0,,100.0
2023-04-15 08:00:00,-0.4,-0.1,,-0.7,,78.0,5.3,6.5,345.0,344.0,1004.8,1.0,0.0,,100.0
2023-04-15 09:00:00,-0.2,0.3,,-0.6,,73.0,5.6,6.6,348.0,343.0,1004.9,31.0,0.0,,90.0
2023-04-15 10:00:00,0.3,0.4,,0.2,,66.0,4.7,6.6,343.0,347.0,1005.1,115.0,0.0,,90.0
2023-04-15 11:00:00,0.9,1.3,,0.4,,65.0,4.2,5.8,347.0,346.0,1005.3,234.0,0.0,,60.0
2023-04-15 12:00:00,0.8,1.0,,0.6,,65.0,5.1,6.3,341.0,340.0,1005.4,371.0,0.0,,60.0
2023-04-15 13:00:00,0.9,1.2,,0.7,,64.0,5.4,6.6,341.0,340.0,1005.3,481.0,0.0,,60.0
2023-04-15 14:00:00,1.2,1.5,,1.0,,64.0,4.4,6.5,329.0,339.0,1005.5,559.0,0.0,,60.0
2023-04-15 15:00:00,1.4,1.7,,1.0,,61.0,3.4,4.5,330.0,331.0,1005.8,609.0,0.0,,60.0
2023-04-15 16:00:00,2.0,2.3,,1.6,,52.0,2.6,3.6,333.0,335.0,1005.8,621.0,0.0,,60.0
2023-04-15 17:00:00,2.3,2.7,,1.9,,54.0,2.0,3.1,311.0,328.0,1005.9,608.0,0.0,,90.0
2023-04-15 18:00:00,2.2,2.5,2.7,1.9,-0.8,57.0,2.0,3.2,357.0,333.0,1006.0,445.0,0.0,,90.0
2023-04-15 19:00:00,2.0,2.3,,1.7,,62.0,2.7,4.0,321.0,331.0,1006.2,462.0,0.0,,60.0
2023-04-15 20:00:00,1.9,2.3,,1.5,,62.0,2.6,4.3,315.0,319.0,1006.4,358.0,0.0,,
2023-04-15 21:00:00,1.2,1.7,,0.8,,76.0,4.0,5.3,302.0,305.0,1006.7,241.0,0.0,,90.0
2023-04-15 22:00:00,0.5,0.9,,0.2,,80.0,3.7,5.5,312.0,303.0,1006.8,121.0,0.0,,90.0
2023-04-15 23:00:00,0.1,0.5,,-0.3,,81.0,3.1,4.2,313.0,315.0,1006.8,32.0,0.0,,60.0
2023-04-16 00:00:00,-0.4,-0.3,,-0.7,,82.0,2.5,3.6,1.0,347.0,1006.8,2.0,0.0,,90.0
2023-04-16 01:00:00,-0.8,-0.7,,-0.9,,86.0,2.7,3.6,327.0,341.0,1006.8,0.0,0.0,,90.0
2023-04-16 02:00:00,-1.0,-0.8,,-1.2,,85.0,2.6,3.6,334.0,315.0,1006.5,0.0,0.0,,90.0
2023-04-16 03:00:00,-1.2,-1.0,,-1.4,,87.0,3.3,4.1,344.0,340.0,1006.1,0.0,0.0,,100.0
2023-04-16 04:00:00,-1.6,-1.4,,-1.7,,92.0,3.3,4.0,337.0,342.0,1005.7,0.0,0.0,,90.0
2023-04-16 05:00:00,-1.7,-1.6,,-1.8,,92.0,3.5,4.3,356.0,351.0,1005.3,0.0,0.0,,100.0
2023-04-16 06:00:00,-1.8,-1.7,2.3,-2.0,-2.0,93.0,3.8,4.8,349.0,348.0,1005.2,0.0,0.0,0.0,100.0
2023-04-16 07:00:00,-1.7,-1.6,,-1.8,,95.0,4.4,5.4,351.0,356.0,1005.2,0.0,0.0,,90.0
2023-04-16 08:00:00,-1.7,-1.5,,-1.8,,95.0,4.6,5.9,345.0,342.0,1005.3,1.0,0.0,,90.0
2023-04-16 09:00:00,-1.6,-1.5,,-1.8,,92.0,4.8,6.0,341.0,345.0,1005.2,36.0,0.0,,90.0
2023-04-16 10:00:00,-1.2,-0.9,,-1.7,,90.0,4.5,6.2,348.0,346.0,1005.2,130.0,0.0,,90.0
2023-04-16 11:00:00,-0.9,-0.8,,-1.0,,87.0,4.8,6.6,340.0,342.0,1005.1,245.0,0.0,,90.0
2023-04-16 12:00:00,-1.0,-0.7,,-1.4,,79.0,5.6,7.0,343.0,342.0,1005.1,378.0,0.0,,90.0
2023-04-16 13:00:00,-0.5,-0.3,,-0.8,,74.0,5.6,6.6,341.0,341.0,1004.7,487.0,0.0,,60.0
2023-04-16 14:00:00,-0.2,0.3,,-0.4,,69.0,5.6,7.3,347.0,341.0,1004.4,566.0,0.0,,40.0
2023-04-16 15:00:00,0.3,0.7,,0.0,,70.0,5.3,6.8,329.0,339.0,1004.0,617.0,0.0,,60.0
2023-04-16 16:00:00,0.4,0.7,,0.1,,65.0,5.4,6.7,339.0,333.0,1003.6,631.0,0.0,,60.0
2023-04-16 17:00:00,0.8,1.0,,0.6,,69.0,5.1,6.3,330.0,334.0,1003.5,616.0,0.0,,60.0
2023-04-16 18:00:00,0.6,0.8,1.0,0.4,-1.8,75.0,6.0,8.4,309.0,311.0,1003.2,458.0,0.0,,60.0
2023-04-16 19:00:00,0.4,0.5,,0.3,,79.0,7.3,9.5,309.0,306.0,1003.0,474.0,0.0,,40.0
2023-04-16 20:00:00,0.4,0.6,,0.3,,79.0,7.0,9.4,306.0,310.0,1002.7,369.0,0.0,,60.0
2023-04-16 21:00:00,0.1,0.3,,-0.2,,81.0,8.1,10.7,305.0,306.0,1002.4,249.0,0.0,,60.0
2023-04-16 22:00:00,-0.3,-0.1,,-0.5,,85.0,8.6,11.1,309.0,307.0,1002.0,125.0,0.0,,90.0
2023-04-16 23:00:00,-0.7,-0.5,,-1.1,,87.0,8.0,10.8,317.0,315.0,1001.8,33.0,0.0,,90.0
2023-04-17 00:00:00,-1.3,-1.1,,-1.5,,89.0,8.4,12.0,314.0,316.0,1001.5,2.0,0.0,,90.0
2023-04-17 01:00:00,-1.6,-1.4,,-1.7,,90.0,8.5,12.7,317.0,315.0,1001.2,0.0,0.0,,90.0
2023-04-17 02:00:00,-1.8,-1.7,,-2.0,,91.0,8.0,11.2,317.0,318.0,1001.0,0.0,0.0,,90.0
2023-04-17 03:00:00,-2.0,-1.9,,-2.1,,91.0,8.5,11.8,308.0,311.0,1000.3,0.0,0.0,,90.0
2023-04-17 04:00:00,-2.1,-2.1,,-2.2,,91.0,8.6,11.8,306.0,309.0,1000.1,0.0,0.0,,90.0
2023-04-17 05:00:00,-2.2,-2.1,,-2.3,,91.0,8.6,11.2,307.0,307.0,999.8,0.0,0.0,,90.0
2023-04-17 06:00:00,-2.3,-2.2,0.6,-2.4,-2.4,90.0,8.8,11.5,304.0,306.0,999.4,0.0,0.0,0.0,100.0
2023-04-17 07:00:00,-2.5,-2.4,,-2.6,,90.0,7.0,10.3,303.0,302.0,999.4,0.0,0.0,,90.0
2023-04-17 08:00:00,-2.8,-2.5,,-2.9,,90.0,6.0,8.1,306.0,306.0,999.2,1.0,0.0,,90.0
2023-04-17 09:00:00,-2.6,-2.4,,-2.8,,81.0,5.9,9.1,317.0,313.0,998.7,34.0,0.0,,90.0
2023-04-17 10:00:00,-2.6,-2.4,,-2.8,,74.0,5.7,7.8,348.0,324.0,998.7,141.0,0.0,,90.0
2023-04-17 11:00:00,-2.4,-2.1,,-2.6,,74.0,4.3,7.0,338.0,349.0,998.6,263.0,0.0,,60.0
2023-04-17 12:00:00,-2.1,-2.0,,-2.5,,67.0,5.3,8.3,314.0,319.0,998.2,386.0,0.0,,60.0
2023-04-17 13:00:00,-2.0,-1.7,,-2.1,,66.0,4.7,7.1,333.0,330.0,998.2,493.0,0.0,,90.0
2023-04-17 14:00:00,-1.7,-1.4,,-2.0,,65.0,5.6,7.6,328.0,325.0,998.2,571.0,0.0,,60.0
2023-04-17 15:00:00,-1.2,-0.8,,-1.5,,64.0,4.6,7.4,336.0,331.0,998.1,620.0,0.0,,60.0
2023-04-17 16:00:00,-0.9,-0.7,,-1.1,,62.0,5.3,7.0,327.0,328.0,998.1,632.0,0.0,,90.0
2023-04-17 17:00:00,-0.5,-0.2,,-0.8,,66.0,6.1,8.8,315.0,310.0,998.0,618.0,0.0,,40.0
2023-04-17 18:00:00,-0.6,0.0,0.0,-0.8,-2.9,72.0,7.3,9.5,303.0,301.0,998.5,463.0,0.0,,40.0
2023-04-17 19:00:00,-0.4,-0.2,,-0.7,,70.0,5.9,8.7,295.0,308.0,999.0,478.0,0.0,,60.0
2023-04-17 20:00:00,-0.6,-0.3,,-0.8,,74.0,7.3,9.3,300.0,301.0,999.7,379.0,0.0,,60.0
2023-04-17 21:00:00,-0.8,-0.6,,-1.0,,76.0,7.5,10.7,303.0,303.0,1000.4,262.0,0.0,,40.0
2023-04-17 22:00:00,-1.1,-0.8,,-1.5,,80.0,7.1,11.0,290.0,296.0,1001.1,132.0,0.0,,60.0
2023-04-17 23:00:00,-1.7,-1.5,,-1.9,,87.0,7.0,9.6,301.0,297.0,1001.8,40.0,0.0,,10.0
2023-04-18 00:00:00,-2.0,-1.8,,-2.3,,89.0,6.7,9.5,290.0,294.0,1002.6,4.0,0.0,,90.0
2023-04-18 01:00:00,-2.2,-2.1,,-2.3,,90.0,6.4,10.0,289.0,292.0,1003.2,0.0,0.0,,90.0
2023-04-18 02:00:00,-2.3,-2.2,,-2.4,,91.0,7.1,11.3,294.0,288.0,1003.8,0.0,0.0,,90.0
2023-04-18 03:00:00,-2.3,-2.1,,-2.3,,91.0,6.8,10.2,290.0,292.0,1004.2,0.0,0.0,,100.0
2023-04-18 04:00:00,-2.2,-2.2,,-2.3,,91.0,6.0,9.2,293.0,294.0,1004.8,0.0,0.0,,100.0
2023-04-18 05:00:00,-2.2,-2.1,,-2.3,,91.0,6.4,9.7,285.0,289.0,1005.0,0.0,0.0,,100.0
2023-04-18 06:00:00,-2.2,-2.1,-0.2,-2.3,-2.4,91.0,6.9,9.8,288.0,288.0,1005.7,0.0,0.0,0.0,100.0
2023-04-18 07:00:00,-2.2,-2.0,,-2.3,,91.0,6.3,9.2,286.0,287.0,1006.3,0.0,0.0,,100.0
2023-04-18 08:00:00,-2.1,-2.0,,-2.2,,92.0,6.0,8.5,287.0,285.0,1006.8,1.0,0.0,,100.0
2023-04-18 09:00:00,-2.2,-2.0,,-2.3,,91.0,6.6,9.1,277.0,281.0,1007.5,13.0,0.0,,100.0
2023-04-18 10:00:00,-1.9,-1.9,,-2.0,,90.0,5.5,7.7,277.0,277.0,1008.3,40.0,0.0,,100.0
2023-04-18 11:00:00,-1.9,-1.7,,-2.1,,89.0,6.6,9.4,275.0,274.0,1009.1,68.0,0.0,,100.0
2023-04-18 12:00:00,-2.0,-1.9,,-2.1,,88.0,6.8,9.2,280.0,278.0,1010.2,99.0,0.0,,100.0
2023-04-18 13:00:00,-1.9,-1.8,,-2.0,,87.0,6.5,8.8,274.0,281.0,1010.9,135.0,0.0,,100.0
2023-04-18 14:00:00,-2.1,-1.9,,-2.2,,87.0,6.5,8.8,275.0,281.0,1011.6,158.0,0.0,,100.0
2023-04-18 15:00:00,-2.3,-2.1,,-2.4,,87.0,6.9,8.7,277.0,274.0,1012.5,178.0,0.0,,100.0
2023-04-18 16:00:00,-2.3,-2.2,,-2.6,,87.0,6.6,8.2,276.0,276.0,1013.4,168.0,0.0,,100.0
2023-04-18 17:00:00,-2.6,-2.4,,-2.7,,88.0,6.4,8.4,268.0,274.0,1014.4,127.0,0.0,,100.0
2023-04-18 18:00:00,-2.6,-2.4,-1.7,-3.0,-3.0,88.0,7.4,9.8,276.0,273.0,1015.4,136.0,0.0,,
2023-04-18 19:00:00,-2.9,-2.7,,-3.0,,88.0,7.6,9.5,276.0,277.0,1016.2,131.0,0.0,,100.0
2023-04-18 20:00:00,-3.0,-2.8,,-3.1,,88.0,7.8,9.8,278.0,276.0,1017.3,107.0,0.0,,100.0
2023-04-18 21:00:00,-3.2,-3.0,,-3.3,,89.0,7.3,9.5,276.0,278.0,1018.5,68.0,0.0,,100.0
2023-04-18 22:00:00,-3.4,-3.2,,-3.6,,86.0,6.3,8.4,284.0,283.0,1019.3,34.0,0.0,,100.0
2023-04-18 23:00:00,-3.7,-3.4,,-3.8,,84.0,6.0,9.0,287.0,288.0,1020.3,12.0,0.0,,100.0
2023-04-19 00:00:00,-3.9,-3.7,,-4.1,,84.0,5.5,7.8,286.0,286.0,1021.3,1.0,0.0,,100.0
2023-04-19 01:00:00,-4.2,-4.0,,-4.3,,83.0,5.1,7.3,278.0,292.0,1022.3,0.0,0.0,,100.0
2023-04-19 02:00:00,-4.2,-4.1,,-4.3,,84.0,4.0,5.9,313.0,302.0,1022.9,0.0,0.0,,100.0
2023-04-19 03:00:00,-4.3,-4.3,,-4.4,,83.0,4.2,6.0,300.0,302.0,1023.5,0.0,0.0,,100.0
2023-04-19 04:00:00,-4.3,-4.3,,-4.4,,84.0,3.7,5.7,291.0,293.0,1024.2,0.0,0.0,,100.0
2023-04-19 05:00:00,-4.3,-4.2,,-4.4,,83.0,3.9,5.6,300.0,293.0,1024.5,0.0,0.0,,100.0
2023-04-19 06:00:00,-4.2,-4.1,-2.7,-4.3,-4.4,83.0,4.0,5.9,329.0,311.0,1025.0,0.0,0.0,0.0,100.0
2023-04-19 07:00:00,-4.3,-4.2,,-4.4,,84.0,4.0,5.4,321.0,324.0,1025.9,0.0,0.0,,100.0
2023-04-19 08:00:00,-4.2,-4.1,,-4.3,,84.0,4.6,6.4,319.0,320.0,1026.4,1.0,0.0,,100.0
2023-04-19 09:00:00,-4.2,-4.0,,-4.3,,86.0,5.5,6.9,330.0,323.0,1026.8,13.0,0.0,,100.0
2023-04-19 10:00:00,-3.9,-3.8,,-4.1,,85.0,5.3,7.5,333.0,332.0,1027.2,48.0,0.0,,100.0
2023-04-19 11:00:00,-3.6,-3.4,,-3.8,,84.0,4.2,6.0,325.0,331.0,1027.9,78.0,0.0,,100.0
2023-04-19 12:00:00,-3.2,-3.0,,-3.5,,83.0,3.8,5.4,336.0,336.0,1028.2,110.0,0.0,,100.0
2023-04-19 13:00:00,-2.9,-2.7,,-3.1,,81.0,4.2,6.1,340.0,341.0,1028.5,154.0,0.0,,100.0
2023-04-19 14:00:00,-2.5,-2.1,,-2.8,,80.0,4.1,6.1,354.0,349.0,1028.6,219.0,0.0,,100.0
2023-04-19 15:00:00,-2.0,-1.8,,-2.2,,79.0,4.0,5.7,351.0,352.0,1029.1,266.0,0.0,,100.0
2023-04-19 16:00:00,-1.9,-1.7,,-2.0,,79.0,4.2,5.9,343.0,344.0,1029.3,267.0,0.0,,100.0
2023-04-19 17:00:00,-1.6,-1.4,,-1.8,,78.0,4.4,6.3,341.0,341.0,1029.3,341.0,0.0,,100.0
2023-04-19 18:00:00,-1.3,-1.0,-1.0,-1.6,-4.4,78.0,4.3,6.0,345.0,347.0,1029.7,289.0,0.0,,100.0
2023-04-19 19:00:00,-1.1,-0.8,,-1.4,,77.0,3.9,5.2,335.0,339.0,1030.0,349.0,0.0,,60.0
2023-04-19 20:00:00,-1.0,-0.8,,-1.1,,77.0,3.9,4.8,,342.0,1030.4,189.0,0.0,,60.0
2023-04-19 21:00:00,-0.9,-0.8,,-1.1,,78.0,3.9,5.4,325.0,348.0,1030.6,106.0,0.0,,90.0
2023-04-19 22:00:00,-1.3,-1.0,,-1.4,,83.0,4.4,5.7,331.0,327.0,1030.8,51.0,0.0,,90.0
2023-04-19 23:00:00,-1.5,-1.4,,-1.5,,84.0,4.3,5.5,332.0,333.0,1030.6,22.0,0.0,,90.0
2023-04-20 00:00:00,-1.5,-1.5,,-1.6,,85.0,4.4,5.6,335.0,332.0,1030.9,2.0,0.0,,90.0
2023-04-20 01:00:00,-1.4,-1.4,,-1.5,,85.0,3.8,4.7,341.0,338.0,1031.0,0.0,0.0,,90.0
2023-04-20 02:00:00,-1.4,-1.3,,-1.4,,85.0,3.5,4.7,341.0,340.0,1031.4,0.0,0.0,,90.0
2023-04-20 03:00:00,-1.4,-1.4,,-1.5,,86.0,3.3,5.4,347.0,348.0,1031.2,0.0,0.0,,90.0
2023-04-20 04:00:00,-1.6,-1.5,,-1.6,,87.0,4.1,5.9,335.0,348.0,1031.2,0.0,0.0,,90.0
2023-04-20 05:00:00,-1.4,-1.2,,-1.6,,88.0,3.8,4.9,352.0,339.0,1031.2,0.0,0.0,,90.0
2023-04-20 06:00:00,-1.2,-1.2,-0.8,-1.3,-1.6,87.0,3.9,5.4,354.0,348.0,1031.2,0.0,0.0,0.0,90.0
2023-04-20 07:00:00,-1.1,-0.9,,-1.3,,87.0,4.5,6.0,358.0,355.0,1031.4,0.0,0.0,,90.0
2023-04-20 08:00:00,-0.8,-0.6,,-0.9,,87.0,5.3,6.9,356.0,357.0,1031.0,2.0,0.0,,60.0
2023-04-20 09:00:00,0.0,0.2,,-0.6,,84.0,6.2,9.1,17.0,14.0,1030.9,29.0,0.0,,10.0
2023-04-20 10:00:00,0.3,0.7,,0.1,,82.0,6.6,8.8,13.0,9.0,1030.8,83.0,0.0,,60.0
2023-04-20 11:00:00,0.7,1.1,,0.5,,79.0,7.1,8.9,19.0,12.0,1030.6,137.0,0.0,,90.0
2023-04-20 12:00:00,0.9,2.3,,0.5,,79.0,7.5,11.0,19.0,9.0,1030.4,260.0,0.0,,40.0
2023-04-20 13:00:00,1.7,2.4,,1.3,,73.0,7.7,10.5,14.0,15.0,1030.3,392.0,0.0,,10.0
2023-04-20 14:00:00,1.7,2.7,,1.0,,75.0,6.9,10.7,18.0,11.0,1030.3,435.0,0.0,,10.0
2023-04-20 15:00:00,2.3,3.4,,1.8,,74.0,5.6,8.8,8.0,10.0,1030.4,561.0,0.0,,10.0
2023-04-20 16:00:00,2.3,2.6,,1.9,,75.0,4.3,7.7,358.0,11.0,1030.6,576.0,0.0,,10.0
2023-04-20 17:00:00,2.5,3.2,,1.9,,76.0,1.5,3.2,244.0,276.0,1030.7,559.0,0.0,,10.0
2023-04-20 18:00:00,2.4,2.6,3.4,2.2,-1.3,80.0,2.0,3.2,212.0,227.0,1030.5,475.0,0.0,,10.0
2023-04-20 19:00:00,2.4,2.8,,1.8,,79.0,3.2,5.1,182.0,183.0,1030.4,423.0,0.0,,10.0
2023-04-20 20:00:00,1.4,1.9,,0.9,,85.0,4.1,5.9,167.0,174.0,1030.3,374.0,0.0,,10.0
2023-04-20 21:00:00,-0.1,1.2,,-1.3,,92.0,4.7,6.2,171.0,173.0,1030.2,189.0,0.0,,
2023-04-20 22:00:00,-1.5,-1.2,,-1.7,,97.0,5.0,6.7,173.0,171.0,1030.3,69.0,0.0,,90.0
2023-04-20 23:00:00,-1.2,-1.0,,-1.5,,98.0,4.3,6.1,174.0,172.0,1030.5,23.0,0.0,,90.0
2023-04-21 00:00:00,-1.2,-1.0,,-1.3,,98.0,4.3,6.4,161.0,167.0,1030.7,1.0,0.0,,90.0
2023-04-21 01:00:00,-1.3,-1.1,,-1.5,,97.0,3.3,6.0,154.0,174.0,1030.7,0.0,0.0,,100.0
2023-04-21 02:00:00,-1.6,-1.4,,-1.7,,97.0,2.0,3.6,197.0,190.0,1030.7,0.0,0.0,,90.0
2023-04-21 03:00:00,-1.8,-1.7,,-2.0,,98.0,1.8,3.1,157.0,174.0,1030.6,0.0,0.0,,90.0
2023-04-21 04:00:00,-2.1,-1.9,,-2.3,,98.0,1.3,3.0,180.0,169.0,1030.6,0.0,0.0,,90.0
2023-04-21 05:00:00,-2.1,-1.9,,-2.2,,98.0,1.0,2.1,233.0,230.0,1030.5,0.0,0.0,,100.0
2023-04-21 06:00:00,-2.1,-1.9,2.8,-2.3,-2.3,98.0,1.6,2.7,174.0,175.0,1030.7,0.0,0.0,0.0,100.0
2023-04-21 07:00:00,-2.4,-2.2,,-2.6,,97.0,1.3,3.2,187.0,164.0,1031.1,0.0,0.0,,100.0
2023-04-21 08:00:00,-2.6,-2.5,,-2.7,,96.0,1.5,2.4,144.0,140.0,1031.5,3.0,0.0,,100.0
2023-04-21 09:00:00,-2.5,-2.4,,-2.6,,96.0,1.8,3.4,180.0,157.0,1031.9,29.0,0.0,,100.0
2023-04-21 10:00:00,-2.5,-2.3,,-2.7,,95.0,1.7,3.3,127.0,148.0,1032.2,107.0,0.0,,100.0
2023-04-21 11:00:00,-2.2,-2.0,,-2.4,,93.0,1.0,2.6,112.0,160.0,1032.4,141.0,0.0,,100.0
2023-04-21 12:00:00,-2.0,-1.7,,-2.2,,93.0,0.8,2.0,212.0,139.0,1032.9,161.0,0.0,,100.0
2023-04-21 13:00:00,-1.9,-1.6,,-2.1,,92.0,1.1,2.4,293.0,270.0,1033.3,217.0,0.0,,100.0
2023-04-21 14:00:00,-1.7,-1.1,,-2.0,,91.0,2.2,4.0,152.0,202.0,1034.0,298.0,0.0,,100.0
2023-04-21 15:00:00,-1.2,-0.7,,-1.7,,87.0,1.6,2.9,232.0,207.0,1034.2,376.0,0.0,,100.0
2023-04-21 16:00:00,-1.0,-0.5,,-1.3,,86.0,1.4,3.0,266.0,233.0,1034.1,345.0,0.0,,100.0
2023-04-21 17:00:00,-0.7,-0.5,,-0.9,,86.0,1.4,3.2,249.0,266.0,1034.3,332.0,0.0,,90.0
2023-04-21 18:00:00,-0.8,-0.5,-0.5,-1.0,-2.7,87.0,2.1,3.6,260.0,244.0,1034.9,285.0,0.0,,100.0
2023-04-21 19:00:00,-0.6,-0.1,,-1.0,,87.0,2.1,3.1,267.0,260.0,1035.2,359.0,0.0,,100.0
2023-04-21 20:00:00,-0.1,0.3,,-0.4,,84.0,2.0,3.6,302.0,283.0,1035.6,331.0,0.0,,90.0
2023-04-21 21:00:00,0.1,0.3,,-0.1,,83.0,2.1,3.4,348.0,327.0,1035.8,216.0,0.0,,90.0
2023-04-21 22:00:00,-0.2,0.0,,-0.4,,86.0,3.4,5.3,2.0,357.0,1035.9,72.0,0.0,,90.0
2023-04-21 23:00:00,-0.6,-0.3,,-0.7,,88.0,4.2,5.9,336.0,339.0,1036.2,38.0,0.0,,90.0
2023-04-22 00:00:00,-0.7,-0.6,,-0.8,,89.0,4.8,6.5,346.0,343.0,1036.3,5.0,0.0,,90.0
2023-04-22 01:00:00,-0.7,-0.6,,-0.8,,90.0,5.2,6.7,344.0,342.0,1036.1,0.0,0.0,,90.0
2023-04-22 02:00:00,-0.8,-0.7,,-0.9,,90.0,5.1,7.2,346.0,348.0,1036.1,0.0,0.0,,90.0
2023-04-22 03:00:00,-0.8,-0.8,,-0.9,,92.0,5.2,6.6,6.0,3.0,1035.8,0.0,0.0,,60.0
2023-04-22 04:00:00,-1.0,-0.9,,-1.1,,95.0,5.9,7.2,12.0,12.0,1035.6,0.0,0.0,,90.0
2023-04-22 05:00:00,-1.0,-0.9,,-1.1,,95.0,5.9,8.6,337.0,351.0,1035.5,0.0,0.0,,100.0
2023-04-22 06:00:00,-1.5,-1.1,0.3,-1.7,-1.7,96.0,7.6,9.3,325.0,334.0,1035.3,0.0,0.0,0.0,90.0
2023-04-22 07:00:00,-1.4,-1.1,,-1.5,,98.0,7.5,9.3,346.0,341.0,1035.2,0.0,0.0,,90.0
2023-04-22 08:00:00,-1.2,-1.1,,-1.3,,99.0,6.9,8.8,351.0,345.0,1035.2,4.0,0.0,,90.0
2023-04-22 09:00:00,-1.4,-1.2,,-1.5,,99.0,6.5,7.7,329.0,331.0,1035.3,40.0,0.0,,90.0
2023-04-22 10:00:00,-1.4,-1.3,,-1.5,,99.0,6.8,7.9,328.0,331.0,1035.2,87.0,0.0,,10.0
2023-04-22 11:00:00,-1.5,-1.4,,-1.6,,99.0,6.3,8.0,326.0,327.0,1035.4,138.0,0.0,,90.0
2023-04-22 12:00:00,-1.5,-1.3,,-1.6,,99.0,5.6,7.1,332.0,327.0,1035.8,167.0,0.0,,90.0
2023-04-22 13:00:00,-1.2,-1.1,,-1.3,,99.0,4.5,5.9,323.0,336.0,1036.4,231.0,0.0,,90.0
2023-04-22 14:00:00,-0.9,-0.7,,-1.2,,98.0,4.3,6.1,328.0,346.0,1036.1,301.0,0.0,,90.0
2023-04-22 15:00:00,-0.6,-0.3,,-0.9,,98.0,4.5,5.9,346.0,350.0,1036.0,427.0,0.0,,90.0
2023-04-22 16:00:00,-0.3,-0.2,,-0.5,,98.0,4.9,6.4,343.0,348.0,1035.7,570.0,0.0,,90.0
2023-04-22 17:00:00,0.1,0.5,,-0.3,,97.0,5.4,7.2,8.0,359.0,1035.6,611.0,0.0,,90.0
2023-04-22 20:00:00,1.3,,,,,,4.6,,2.0,,1035.6,,0.0,,40.0
2023-04-22 21:00:00,1.2,1.4,,1.0,,91.0,4.3,5.7,7.0,5.0,1035.7,137.0,0.0,,90.0
2023-04-22 22:00:00,1.8,2.6,,1.0,,86.0,4.0,5.5,354.0,336.0,1035.6,154.0,0.0,,60.0
2023-04-22 23:00:00,2.2,2.6,,1.9,,83.0,4.2,5.3,344.0,352.0,1035.0,32.0,0.0,,90.0
2023-04-23 00:00:00,1.6,2.3,,1.0,,87.0,4.3,5.1,347.0,340.0,1034.8,3.0,0.0,,90.0
2023-04-23 01:00:00,1.4,1.5,,1.1,,88.0,4.8,5.7,2.0,356.0,1034.4,0.0,0.0,,100.0
2023-04-23 02:00:00,1.4,2.1,,1.0,,89.0,4.9,6.1,19.0,7.0,1034.4,0.0,0.0,,90.0
2023-04-23 03:00:00,1.5,2.4,,0.9,,88.0,4.6,6.4,338.0,2.0,1034.5,0.0,0.0,,90.0
2023-04-23 04:00:00,1.3,1.8,,0.9,,89.0,4.3,5.4,352.0,345.0,1033.8,0.0,0.0,,100.0
2023-04-23 05:00:00,1.5,2.2,,1.1,,87.0,4.8,5.8,360.0,351.0,1033.7,0.0,0.0,,90.0
2023-04-23 06:00:00,1.9,2.0,3.1,1.6,0.8,84.0,4.4,5.4,353.0,358.0,1033.4,0.0,0.0,0.0,90.0
2023-04-23 07:00:00,1.7,2.7,,1.1,,85.0,4.3,5.7,9.0,357.0,1033.5,0.0,0.0,,60.0
2023-04-23 08:00:00,1.9,2.3,,1.6,,82.0,3.0,3.8,359.0,359.0,1033.3,3.0,0.0,,90.0
2023-04-23 09:00:00,1.9,2.6,,1.5,,83.0,2.8,3.4,351.0,349.0,1033.0,24.0,0.0,,90.0
2023-04-23 10:00:00,1.7,2.6,,1.1,,87.0,3.2,4.1,18.0,354.0,1032.9,64.0,0.0,,40.0
2023-04-23 11:00:00,1.6,1.8,,1.4,,87.0,3.2,3.8,9.0,6.0,1032.8,113.0,0.0,,10.0
2023-04-23 12:00:00,2.2,2.6,,1.7,,82.0,3.1,3.8,353.0,5.0,1033.0,187.0,0.0,,40.0
2023-04-23 13:00:00,2.8,3.3,,1.8,,79.0,3.1,3.8,3.0,8.0,1033.0,451.0,0.0,,40.0
2023-04-23 14:00:00,3.7,4.6,,2.9,,74.0,2.6,3.8,5.0,357.0,1032.9,501.0,0.0,,90.0
2023-04-23 15:00:00,3.7,4.5,,2.8,,73.0,2.7,3.8,356.0,352.0,1032.9,384.0,0.0,,90.0
2023-04-23 16:00:00,4.0,4.8,,2.8,,72.0,2.9,4.0,19.0,7.0,1032.6,337.0,0.0,,90.0
2023-04-23 17:00:00,4.0,5.6,,2.6,,72.0,2.3,3.8,330.0,354.0,1032.5,281.0,0.0,,90.0
2023-04-23 18:00:00,4.0,4.7,5.6,3.2,1.1,71.0,2.2,2.8,309.0,323.0,1032.3,204.0,0.0,,90.0
2023-04-23 19:00:00,4.5,4.9,,3.0,,69.0,1.6,5.2,255.0,288.0,1032.2,190.0,0.0,,90.0
2023-04-23 20:00:00,2.3,3.1,,2.0,,84.0,3.6,5.6,281.0,266.0,1032.0,160.0,0.0,,90.0
2023-04-23 21:00:00,2.2,2.3,,2.0,,84.0,2.9,4.3,287.0,273.0,1031.8,133.0,0.0,,90.0
2023-04-23 22:00:00,2.2,2.5,,1.9,,84.0,2.1,4.4,286.0,302.0,1031.6,73.0,0.0,,90.0
2023-04-23 23:00:00,1.9,2.1,,1.5,,87.0,2.4,3.7,342.0,320.0,1031.3,28.0,0.0,,90.0
2023-04-24 00:00:00,1.5,1.6,,1.4,,90.0,2.4,3.4,347.0,343.0,1031.4,3.0,0.0,,90.0
2023-04-24 01:00:00,1.4,1.5,,1.3,,91.0,1.7,2.3,5.0,5.0,1031.2,0.0,0.0,,90.0
2023-04-24 02:00:00,1.1,1.3,,1.0,,92.0,2.1,2.9,330.0,358.0,1030.8,0.0,0.0,,90.0
2023-04-24 03:00:00,0.5,1.1,,-0.3,,96.0,2.5,4.3,273.0,270.0,1030.8,0.0,0.0,,100.0
2023-04-24 04:00:00,-0.4,-0.3,,-0.5,,99.0,3.0,5.3,294.0,287.0,1030.7,0.0,0.0,,100.0
2023-04-24 05:00:00,-0.8,-0.5,,-1.0,,99.0,3.1,4.3,287.0,282.0,1030.3,0.0,0.0,,100.0
2023-04-24 06:00:00,-0.8,-0.6,4.9,-1.1,-1.1,99.0,3.8,5.5,335.0,341.0,1029.9,0.0,0.0,0.0,90.0
2023-04-24 07:00:00,-1.2,-1.0,,-1.3,,99.0,3.8,5.3,340.0,340.0,1029.7,0.0,0.0,,100.0
2023-04-24 08:00:00,-1.2,-1.0,,-1.3,,99.0,4.8,6.6,340.0,345.0,1029.4,4.0,0.0,,90.0
2023-04-24 09:00:00,-1.0,-0.8,,-1.1,,99.0,4.8,6.3,337.0,339.0,1029.5,26.0,0.0,,90.0
2023-04-24 10:00:00,-0.8,-0.7,,-0.8,,99.0,4.5,6.0,341.0,346.0,1029.2,72.0,0.0,,90.0
2023-04-24 11:00:00,-0.6,-0.4,,-0.7,,99.0,4.5,6.1,352.0,346.0,1029.1,153.0,0.0,,90.0
2023-04-24 12:00:00,-0.3,-0.1,,-0.4,,99.0,5.0,6.9,354.0,349.0,1028.6,216.0,0.0,,90.0
2023-04-24 13:00:00,-0.1,0.2,,-0.2,,99.0,5.6,7.3,351.0,356.0,1028.1,295.0,0.0,,90.0
2023-04-24 14:00:00,0.7,1.1,,0.2,,97.0,4.8,7.7,357.0,348.0,1028.0,560.0,0.0,,60.0
2023-04-24 15:00:00,1.3,2.4,,0.7,,92.0,5.6,6.9,334.0,349.0,1028.3,628.0,0.0,,90.0
2023-04-24 16:00:00,2.6,3.0,,1.5,,85.0,5.0,6.8,360.0,355.0,1027.6,655.0,0.0,,40.0
2023-04-24 17:00:00,3.3,3.8,,2.8,,81.0,5.5,6.8,349.0,359.0,1027.2,645.0,0.0,,10.0
2023-04-24 18:00:00,3.3,3.7,3.8,2.4,-1.3,81.0,5.0,6.8,350.0,343.0,1027.2,502.0,0.0,,40.0
2023-04-24 19:00:00,3.4,4.0,,2.6,,81.0,3.6,5.1,301.0,329.0,1027.4,285.0,0.0,,60.0
2023-04-24 20:00:00,3.0,3.2,,2.4,,85.0,3.7,6.0,342.0,335.0,1027.5,77.0,0.0,,90.0
2023-04-24 21:00:00,2.4,2.8,,2.1,,86.0,5.3,7.7,360.0,357.0,1027.1,46.0,0.0,,90.0
2023-04-24 22:00:00,2.1,2.3,,2.0,,88.0,4.4,5.6,350.0,358.0,1026.7,41.0,0.0,,90.0
2023-04-24 23:00:00,2.3,2.9,,2.0,,87.0,4.0,5.1,358.0,355.0,1026.8,24.0,0.0,,90.0
2023-04-25 00:00:00,2.7,3.1,,2.3,,85.0,3.8,4.6,331.0,348.0,1027.0,3.0,0.0,,90.0
2023-04-25 01:00:00,2.4,2.7,,2.1,,87.0,4.0,6.0,352.0,343.0,1026.6,0.0,0.0,,90.0
2023-04-25 02:00:00,2.1,2.3,,1.9,,89.0,4.1,5.4,340.0,349.0,1026.6,0.0,0.0,,90.0
2023-04-25 03:00:00,2.3,2.6,,1.8,,88.0,3.8,5.0,326.0,353.0,1026.9,0.0,0.0,,90.0
2023-04-25 04:00:00,2.8,3.2,,2.3,,84.0,2.9,3.6,345.0,348.0,1026.5,0.0,0.0,,90.0
2023-04-25 05:00:00,2.6,2.9,,2.3,,85.0,1.9,3.1,64.0,17.0,1026.5,0.0,0.0,,90.0
2023-04-25 06:00:00,2.1,2.9,4.0,1.5,1.5,89.0,2.9,7.9,147.0,144.0,1026.9,0.0,0.0,0.0,90.0
2023-04-25 07:00:00,1.2,1.8,,0.8,,92.0,9.1,14.2,147.0,144.0,1027.1,0.0,0.0,,90.0
2023-04-25 08:00:00,0.5,0.9,,0.2,,97.0,11.7,15.2,155.0,149.0,1028.1,2.0,0.0,,90.0
2023-04-25 09:00:00,0.4,0.8,,0.2,,97.0,11.8,15.3,151.0,149.0,1028.0,13.0,0.0,,90.0
2023-04-25 10:00:00,0.5,0.7,,0.4,,95.0,10.7,14.5,147.0,151.0,1028.3,25.0,0.0,,100.0
2023-04-25 11:00:00,0.6,0.8,,0.4,,93.0,12.1,15.4,148.0,148.0,1028.1,42.0,0.0,,100.0
2023-04-25 12:00:00,0.7,0.8,,0.4,,91.0,11.4,15.9,153.0,150.0,1028.5,54.0,0.0,,100.0
2023-04-25 13:00:00,0.4,0.5,,0.3,,93.0,9.2,12.9,151.0,151.0,1028.4,70.0,0.0,,100.0
2023-04-25 14:00:00,0.3,0.4,,0.2,,93.0,7.9,11.5,151.0,149.0,1028.6,80.0,0.0,,90.0
2023-04-25 15:00:00,0.4,0.7,,0.2,,94.0,7.5,10.3,151.0,152.0,1028.5,191.0,0.0,,90.0
2023-04-25 16:00:00,0.9,1.2,,0.6,,91.0,7.5,10.3,160.0,150.0,1028.5,374.0,0.0,,90.0
2023-04-25 17:00:00,1.0,1.2,,0.8,,92.0,8.0,11.5,158.0,162.0,1028.2,322.0,0.0,,90.0
2023-04-25 18:00:00,1.2,1.4,1.8,1.0,0.2,90.0,7.8,11.3,162.0,160.0,1028.6,419.0,0.0,,90.0
2023-04-25 19:00:00,0.9,1.2,,0.7,,91.0,9.3,12.7,163.0,168.0,1028.5,278.0,0.0,,90.0
2023-04-25 20:00:00,0.6,1.0,,0.4,,92.0,7.9,11.5,159.0,155.0,1028.5,169.0,0.0,,90.0
2023-04-25 21:00:00,0.5,0.6,,0.4,,93.0,9.4,13.2,156.0,158.0,1028.2,127.0,0.0,,90.0
2023-04-25 22:00:00,0.5,0.6,,0.3,,92.0,9.4,13.9,159.0,156.0,1028.6,90.0,0.0,,100.0
2023-04-25 23:00:00,0.2,0.3,,0.1,,95.0,8.8,12.6,156.0,157.0,1028.6,22.0,0.0,,100.0
2023-04-26 00:00:00,-0.1,0.1,,-0.1,,97.0,7.7,11.8,161.0,157.0,1029.0,3.0,0.0,,100.0
2023-04-26 01:00:00,-0.2,-0.1,,-0.3,,98.0,6.6,9.8,162.0,163.0,1029.1,0.0,0.0,,100.0
2023-04-26 02:00:00,-0.1,0.0,,-0.3,,98.0,7.4,10.9,165.0,163.0,1028.6,0.0,0.0,,90.0
2023-04-26 03:00:00,0.2,0.4,,0.0,,96.0,8.5,12.1,165.0,165.0,1028.5,0.0,0.0,,90.0
2023-04-26 04:00:00,0.4,0.5,,0.3,,95.0,8.7,11.9,171.0,168.0,1028.1,0.0,0.0,,90.0
2023-04-26 05:00:00,0.1,0.3,,0.0,,97.0,8.7,12.1,170.0,173.0,1028.1,0.0,0.0,,90.0
2023-04-26 06:00:00,-0.1,0.0,1.2,-0.2,-0.3,99.0,8.3,11.6,172.0,171.0,1027.9,0.0,0.0,0.0,
2023-04-26 07:00:00,-0.3,-0.2,,-0.4,,99.0,7.6,10.9,157.0,162.0,1027.6,0.0,0.0,,100.0
2023-04-26 08:00:00,-0.3,-0.3,,-0.4,,99.0,7.2,11.9,167.0,166.0,1028.3,3.0,0.0,,100.0
2023-04-26 09:00:00,-0.4,-0.3,,-0.4,,100.0,5.7,8.4,171.0,169.0,1028.1,30.0,0.0,,100.0
2023-04-26 10:00:00,-0.6,-0.4,,-0.6,,100.0,5.7,8.1,165.0,171.0,1027.9,36.0,0.0,,
2023-04-26 11:00:00,-0.6,-0.5,,-0.6,,100.0,5.3,7.7,160.0,165.0,1027.8,53.0,0.0,,100.0
2023-04-26 12:00:00,-0.4,-0.3,,-0.6,,100.0,5.0,7.2,160.0,161.0,1027.6,92.0,0.0,,100.0
2023-04-26 13:00:00,-0.3,-0.1,,-0.5,,99.0,4.4,6.7,169.0,167.0,1027.6,120.0,0.0,,100.0
2023-04-26 14:00:00,-0.4,-0.3,,-0.5,,99.0,4.4,5.8,171.0,173.0,1027.2,154.0,0.0,,100.0
2023-04-26 15:00:00,-0.1,0.1,,-0.4,,99.0,3.6,6.0,180.0,173.0,1027.0,294.0,0.0,,100.0
2023-04-26 16:00:00,0.0,0.1,,-0.2,,98.0,2.6,4.5,264.0,223.0,1026.9,180.0,0.0,,90.0
2023-04-26 17:00:00,-0.1,0.0,,-0.3,,99.0,1.5,3.0,265.0,256.0,1026.4,198.0,0.0,,100.0
2023-04-26 18:00:00,0.0,0.0,0.1,-0.2,-0.6,97.0,1.2,2.2,288.0,270.0,1026.3,176.0,0.0,,100.0
2023-04-26 19:00:00,0.1,0.3,,0.0,,96.0,1.8,3.1,356.0,326.0,1026.1,118.0,0.0,,100.0
2023-04-26 20:00:00,0.2,0.3,,0.1,,98.0,4.0,6.4,327.0,342.0,1025.7,100.0,0.0,,100.0
2023-04-26 21:00:00,0.2,0.4,,0.1,,98.0,5.4,6.8,333.0,327.0,1025.6,90.0,0.0,,100.0
2023-04-26 22:00:00,0.4,0.6,,0.3,,93.0,6.7,8.4,327.0,328.0,1025.3,48.0,0.0,,100.0
2023-04-26 23:00:00,0.5,0.8,,0.4,,92.0,6.8,8.9,329.0,329.0,1025.0,18.0,0.0,,100.0
2023-04-27 00:00:00,0.4,0.6,,0.4,,94.0,5.5,7.2,330.0,334.0,1024.8,4.0,0.0,,90.0
2023-04-27 01:00:00,0.2,0.5,,-0.6,,96.0,6.1,8.4,313.0,319.0,1024.8,0.0,0.0,,90.0
2023-04-27 02:00:00,-0.7,-0.5,,-0.9,,99.0,6.2,8.5,330.0,320.0,1024.2,0.0,0.0,,90.0
2023-04-27 03:00:00,-0.6,-0.6,,-0.8,,98.0,4.9,7.6,344.0,334.0,1023.8,0.0,0.0,,60.0
2023-04-27 04:00:00,-0.7,-0.6,,-0.8,,98.0,4.6,6.1,359.0,350.0,1023.4,0.0,0.0,,90.0
2023-04-27 05:00:00,-0.8,-0.6,,-1.0,,98.0,4.9,6.8,341.0,350.0,1022.8,0.0,0.0,,90.0
2023-04-27 06:00:00,-0.5,-0.4,0.8,-0.8,-1.0,96.0,5.1,7.4,343.0,344.0,1022.2,0.0,0.0,0.0,90.0
2023-04-27 07:00:00,-0.3,-0.1,,-0.4,,92.0,5.7,7.6,340.0,344.0,1022.0,0.0,0.0,,90.0
2023-04-27 08:00:00,0.2,0.6,,-0.3,,90.0,5.8,8.4,348.0,349.0,1021.7,15.0,0.0,,90.0
2023-04-27 09:00:00,0.8,1.3,,0.1,,85.0,6.3,8.6,356.0,351.0,1021.5,89.0,0.0,,60.0
2023-04-27 10:00:00,1.4,1.7,,1.3,,83.0,7.2,11.3,7.0,356.0,1021.3,201.0,0.0,,90.0
2023-04-27 11:00:00,1.8,2.0,,1.7,,82.0,7.9,10.9,9.0,9.0,1021.0,323.0,0.0,,90.0
2023-04-27 12:00:00,2.1,2.4,,1.8,,79.0,8.5,11.0,14.0,12.0,1021.2,443.0,0.0,,90.0
2023-04-27 13:00:00,2.4,2.8,,2.0,,78.0,8.9,12.3,16.0,14.0,1020.8,545.0,0.0,,90.0
2023-04-27 14:00:00,3.0,3.3,,2.5,,73.0,7.6,11.1,13.0,18.0,1020.9,620.0,0.0,,90.0
2023-04-27 15:00:00,3.1,3.7,,2.8,,71.0,6.3,9.5,1.0,356.0,1021.1,668.0,0.0,,90.0
2023-04-27 16:00:00,3.5,4.4,,2.2,,67.0,5.9,12.1,144.0,37.0,1022.3,680.0,0.0,,60.0
2023-04-27 17:00:00,1.7,2.4,,1.2,,83.0,9.3,13.8,156.0,153.0,1022.7,664.0,0.0,,90.0
2023-04-27 18:00:00,1.9,2.4,4.4,1.4,-0.4,83.0,8.5,12.3,157.0,153.0,1022.9,464.0,0.0,,90.0
2023-04-27 19:00:00,1.7,2.2,,1.4,,83.0,8.8,12.5,150.0,152.0,1022.9,522.0,0.0,,90.0
2023-04-27 20:00:00,1.8,2.1,,1.6,,81.0,8.8,11.8,159.0,157.0,1023.4,418.0,0.0,,90.0
2023-04-27 21:00:00,1.7,1.9,,1.4,,82.0,8.1,11.3,157.0,158.0,1023.7,298.0,0.0,,90.0
2023-04-27 22:00:00,1.8,1.9,,1.6,,77.0,8.1,11.4,153.0,154.0,1024.0,177.0,0.0,,90.0
2023-04-27 23:00:00,1.6,1.7,,1.4,,79.0,6.6,9.5,150.0,153.0,1024.2,67.0,0.0,,90.0
2023-04-28 00:00:00,1.2,1.5,,1.0,,80.0,6.6,9.3,155.0,153.0,1024.5,12.0,0.0,,90.0
2023-04-28 01:00:00,0.7,1.0,,0.3,,84.0,5.5,8.0,150.0,154.0,1024.9,0.0,0.0,,90.0
2023-04-28 02:00:00,0.3,0.5,,0.2,,87.0,2.8,4.8,145.0,153.0,1025.2,0.0,0.0,,90.0
2023-04-28 03:00:00,0.5,0.8,,0.4,,85.0,2.4,3.7,156.0,144.0,1025.2,0.0,0.0,,90.0
2023-04-28 04:00:00,0.1,0.5,,-0.1,,90.0,1.0,1.8,276.0,247.0,1025.6,0.0,0.0,,90.0
2023-04-28 05:00:00,-0.2,-0.1,,-0.4,,93.0,1.0,1.3,275.0,294.0,1025.7,0.0,0.0,,90.0
2023-04-28 06:00:00,-0.7,-0.4,2.2,-1.1,-1.1,95.0,1.3,1.8,262.0,269.0,1026.0,0.0,0.0,0.0,90.0
2023-04-28 07:00:00,-0.9,-0.6,,-1.3,,96.0,0.5,0.9,304.0,326.0,1026.2,0.0,0.0,,90.0
2023-04-28 08:00:00,-1.3,-0.9,,-1.6,,97.0,0.8,1.4,0.0,265.0,1026.5,15.0,0.0,,90.0
2023-04-28 09:00:00,-1.4,-0.7,,-1.7,,96.0,0.6,1.1,317.0,290.0,1026.7,89.0,0.0,,90.0
2023-04-28 10:00:00,-0.9,-0.6,,-1.2,,94.0,0.6,1.6,196.0,224.0,1026.9,202.0,0.0,,90.0
2023-04-28 11:00:00,-0.7,-0.3,,-1.1,,92.0,0.8,1.8,181.0,180.0,1027.3,328.0,0.0,,90.0
2023-04-28 12:00:00,0.0,0.5,,-0.4,,89.0,0.8,1.7,245.0,198.0,1027.5,444.0,0.0,,90.0
2023-04-28 13:00:00,1.0,2.3,,-0.1,,85.0,0.5,2.4,291.0,263.0,1027.5,543.0,0.0,,90.0
2023-04-28 14:00:00,1.6,2.4,,1.0,,83.0,1.2,2.6,346.0,312.0,1027.7,617.0,0.0,,90.0
2023-04-28 15:00:00,2.6,3.1,,2.2,,78.0,1.3,2.3,324.0,327.0,1027.7,666.0,0.0,,60.0
2023-04-28 16:00:00,2.7,3.9,,2.1,,77.0,2.0,3.3,265.0,297.0,1027.7,679.0,0.0,,60.0
2023-04-28 17:00:00,1.9,2.6,,1.4,,86.0,2.6,4.7,270.0,263.0,1027.9,666.0,0.0,,60.0
2023-04-28 18:00:00,1.4,1.7,3.9,1.0,-1.7,88.0,2.2,4.1,262.0,272.0,1027.8,464.0,0.0,,90.0
2023-04-28 19:00:00,1.5,1.8,,1.1,,87.0,2.4,4.6,291.0,275.0,1027.7,527.0,0.0,,90.0
2023-04-28 20:00:00,1.2,1.6,,0.9,,88.0,2.5,4.4,257.0,261.0,1027.6,425.0,0.0,,90.0
2023-04-28 21:00:00,0.9,1.3,,0.6,,89.0,3.1,4.0,253.0,253.0,1027.4,305.0,0.0,,60.0
2023-04-28 22:00:00,0.5,0.8,,0.3,,91.0,2.9,4.1,255.0,257.0,1027.1,183.0,0.0,,60.0
2023-04-28 23:00:00,0.7,1.5,,0.3,,92.0,1.8,3.1,326.0,278.0,1026.8,70.0,0.0,,60.0
2023-04-29 00:00:00,1.3,1.7,,1.0,,85.0,2.9,3.9,355.0,341.0,1026.8,13.0,0.0,,90.0
2023-04-29 01:00:00,0.8,1.0,,0.7,,85.0,3.7,4.8,347.0,353.0,1026.6,0.0,0.0,,90.0
2023-04-29 02:00:00,0.4,0.9,,0.1,,90.0,4.1,5.0,358.0,357.0,1026.0,0.0,0.0,,90.0
2023-04-29 03:00:00,0.3,0.5,,0.0,,92.0,4.0,5.2,353.0,350.0,1025.4,0.0,0.0,,90.0
2023-04-29 04:00:00,0.3,0.3,,0.2,,95.0,4.0,4.5,358.0,356.0,1025.1,0.0,0.0,,90.0
2023-04-29 05:00:00,0.4,0.5,,0.2,,95.0,3.6,5.1,352.0,350.0,1024.7,0.0,0.0,,90.0
2023-04-29 06:00:00,0.4,0.6,1.8,0.3,0.0,96.0,4.5,5.9,,359.0,1024.2,0.0,0.0,0.0,90.0
2023-04-29 07:00:00,0.4,0.6,,-0.3,,94.0,4.3,6.3,38.0,10.0,1024.3,1.0,0.0,,90.0
2023-04-29 08:00:00,0.8,1.6,,-0.3,,90.0,4.7,7.8,5.0,5.0,1023.7,19.0,0.0,,40.0
2023-04-29 09:00:00,1.4,2.0,,0.9,,82.0,3.2,7.8,14.0,38.0,1023.5,97.0,0.0,,90.0
2023-04-29 10:00:00,2.3,2.6,,1.7,,70.0,5.3,7.6,9.0,10.0,1023.3,211.0,0.0,,60.0
2023-04-29 11:00:00,2.8,3.6,,2.3,,65.0,4.5,8.1,27.0,19.0,1023.1,333.0,0.0,,90.0
2023-04-29 12:00:00,3.5,3.9,,3.0,,62.0,2.9,7.3,10.0,61.0,1022.8,450.0,0.0,,60.0
2023-04-29 13:00:00,3.1,3.4,,2.8,,55.0,5.3,6.9,9.0,4.0,1022.6,552.0,0.0,,60.0
2023-04-29 14:00:00,3.0,3.7,,2.6,,59.0,4.5,7.0,338.0,348.0,1022.3,624.0,0.0,,90.0
2023-04-29 15:00:00,3.2,3.7,,2.5,,62.0,4.0,6.4,340.0,345.0,1022.0,676.0,0.0,,90.0
2023-04-29 16:00:00,3.8,4.4,,3.0,,54.0,4.0,5.1,2.0,356.0,1021.6,691.0,0.0,,90.0
2023-04-29 17:00:00,4.4,5.2,,4.0,,47.0,4.1,5.3,3.0,358.0,1021.3,676.0,0.0,,60.0
2023-04-29 18:00:00,5.0,5.5,5.5,4.8,-0.3,44.0,3.5,4.7,358.0,0.0,1021.2,464.0,0.0,,60.0
2023-04-29 19:00:00,4.9,5.1,,4.7,,49.0,3.2,4.6,327.0,349.0,1021.0,532.0,0.0,,60.0
2023-04-29 20:00:00,4.6,4.8,,4.3,,56.0,2.8,4.0,304.0,321.0,1020.8,431.0,0.0,,40.0
2023-04-29 21:00:00,3.5,4.3,,2.8,,68.0,4.5,6.7,291.0,296.0,1020.7,312.0,0.0,,60.0
2023-04-29 22:00:00,2.6,2.9,,2.0,,78.0,3.7,5.5,299.0,296.0,1020.6,191.0,0.0,,90.0
2023-04-29 23:00:00,1.3,2.1,,0.7,,89.0,3.9,5.6,275.0,282.0,1020.5,75.0,0.0,,60.0
2023-04-30 00:00:00,0.1,0.6,,-0.1,,96.0,4.0,6.0,295.0,289.0,1020.3,17.0,0.0,,60.0
2023-04-30 01:00:00,-0.2,0.0,,-0.3,,96.0,3.5,5.0,284.0,291.0,1020.3,0.0,0.0,,60.0
2023-04-30 02:00:00,-0.2,0.0,,-0.3,,97.0,3.6,5.4,274.0,282.0,1020.3,0.0,0.0,,90.0
2023-04-30 03:00:00,-0.2,0.0,,-0.4,,96.0,1.9,4.0,271.0,274.0,1020.4,0.0,0.0,,100.0
2023-04-30 04:00:00,-0.8,-0.4,,-1.2,,98.0,1.5,3.1,240.0,252.0,1020.5,0.0,0.0,,90.0
2023-04-30 05:00:00,-1.4,-1.0,,-1.9,,99.0,1.7,3.3,191.0,199.0,1020.6,0.0,0.0,,90.0
2023-04-30 06:00:00,-2.0,-1.7,5.1,-2.3,-2.3,99.0,2.1,4.1,198.0,178.0,1021.0,0.0,0.0,0.0,100.0
2023-04-30 07:00:00,-2.3,-2.1,,-2.4,,99.0,2.5,5.0,185.0,188.0,1021.1,0.0,0.0,,100.0
2023-04-30 08:00:00,-2.3,-2.2,,-2.4,,98.0,3.3,6.1,183.0,182.0,1021.3,6.0,0.0,,100.0
2023-04-30 09:00:00,-2.4,-2.2,,-2.6,,98.0,4.0,5.6,176.0,178.0,1021.6,35.0,0.0,,100.0
2023-04-30 10:00:00,-2.2,-2.1,,-2.4,,97.0,4.0,5.9,163.0,170.0,1021.8,85.0,0.0,,100.0
2023-04-30 11:00:00,-2.1,-1.8,,-2.2,,97.0,4.6,6.6,169.0,168.0,1022.3,123.0,0.0,,100.0
2023-04-30 12:00:00,-1.9,-1.2,,-2.3,,96.0,4.7,7.2,171.0,176.0,1022.7,194.0,0.0,,100.0
2023-04-30 13:00:00,-1.2,-0.5,,-1.7,,91.0,5.7,9.4,159.0,167.0,1023.0,411.0,0.0,,90.0
2023-04-30 14:00:00,-0.6,0.2,,-1.3,,85.0,8.2,12.0,162.0,159.0,1022.9,521.0,0.0,,90.0
2023-04-30 15:00:00,0.1,0.6,,-0.3,,82.0,8.9,12.7,165.0,168.0,1022.9,691.0,0.0,,40.0
2023-04-30 16:00:00,0.2,0.8,,-0.2,,81.0,9.7,13.5,162.0,161.0,1023.2,699.0,0.0,,60.0
2023-04-30 17:00:00,0.2,0.6,,-0.1,,82.0,9.4,13.3,161.0,163.0,1023.8,584.0,0.0,,90.0
2023-04-30 18:00:00,0.1,0.8,0.8,-0.3,-2.6,83.0,8.2,11.4,171.0,167.0,1024.1,498.0,0.0,,60.0
2023-04-30 19:00:00,0.2,0.8,,-0.2,,83.0,7.5,10.7,176.0,172.0,1024.3,519.0,0.0,,60.0
2023-04-30 20:00:00,0.0,0.4,,-0.3,,83.0,7.1,10.3,176.0,174.0,1024.5,365.0,0.0,,40.0
2023-04-30 21:00:00,0.0,0.4,,-0.4,,84.0,5.6,8.4,183.0,180.0,1024.9,302.0,0.0,,60.0
2023-04-30 22:00:00,-0.6,-0.3,,-0.9,,87.0,4.7,7.6,185.0,185.0,1025.3,197.0,0.0,,40.0
2023-04-30 23:00:00,-1.0,-0.7,,-1.2,,88.0,3.0,5.9,185.0,182.0,1025.5,73.0,0.0,,90.0
2023-05-01 00:00:00,-1.3,-1.1,,-1.5,,90.0,3.0,5.0,183.0,179.0,1025.6,9.0,0.0,,100.0
2023-05-01 01:00:00,-1.6,-1.4,,-1.7,,90.0,3.1,4.6,184.0,176.0,1025.6,0.0,0.0,,100.0
2023-05-01 02:00:00,-1.7,-1.5,,-1.8,,91.0,2.6,4.1,172.0,171.0,1025.6,0.0,0.0,,100.0
2023-05-01 03:00:00,-1.8,-1.7,,-2.0,,90.0,2.3,4.2,143.0,158.0,1025.6,0.0,0.0,,90.0
2023-05-01 04:00:00,-1.8,-1.7,,-2.0,,90.0,2.3,4.4,178.0,171.0,1025.5,0.0,0.0,,100.0
2023-05-01 05:00:00,-1.8,-1.7,,-2.0,,91.0,3.3,6.3,169.0,160.0,1025.6,0.0,0.0,,100.0
2023-05-01 06:00:00,-1.9,-1.7,0.8,-2.0,-2.0,91.0,3.6,5.8,159.0,157.0,1026.0,0.0,0.0,0.0,100.0
2023-05-01 07:00:00,-1.9,-1.8,,-2.0,,91.0,3.2,4.8,162.0,165.0,1026.5,0.0,0.0,,100.0
2023-05-01 08:00:00,-1.9,-1.8,,-2.1,,90.0,3.2,5.0,158.0,164.0,1026.8,10.0,0.0,,100.0
2023-05-01 09:00:00,-1.8,-1.6,,-1.9,,89.0,2.4,4.3,144.0,158.0,1026.9,38.0,0.0,,100.0
2023-05-01 10:00:00,-1.7,-1.5,,-1.9,,88.0,1.5,2.9,81.0,154.0,1027.0,73.0,0.0,,100.0
2023-05-01 11:00:00,-1.6,-1.4,,-1.7,,88.0,1.5,3.9,109.0,142.0,1027.1,133.0,0.0,,100.0
2023-05-01 12:00:00,-1.3,-1.1,,-1.5,,85.0,1.1,3.2,119.0,115.0,1027.1,187.0,0.0,,100.0
2023-05-01 13:00:00,-0.9,-0.2,,-1.3,,83.0,1.5,3.9,258.0,198.0,1027.0,309.0,0.0,,100.0
2023-05-01 14:00:00,-0.8,-0.3,,-1.0,,83.0,2.1,3.6,272.0,275.0,1026.9,478.0,0.0,,90.0
2023-05-01 15:00:00,-0.2,0.5,,-0.6,,81.0,1.7,3.1,299.0,293.0,1026.8,666.0,0.0,,60.0
2023-05-01 16:00:00,0.1,0.6,,-0.2,,80.0,1.8,3.1,264.0,289.0,1026.9,694.0,0.0,,60.0
2023-05-01 17:00:00,0.9,1.6,,0.3,,77.0,1.6,2.9,280.0,270.0,1026.7,677.0,0.0,,60.0
2023-05-01 18:00:00,1.2,2.2,2.2,0.8,-2.1,79.0,1.8,3.0,266.0,265.0,1026.7,469.0,0.0,,90.0
2023-05-01 19:00:00,2.0,2.2,,1.7,,76.0,1.9,2.9,289.0,275.0,1026.8,534.0,0.0,,90.0
2023-05-01 20:00:00,2.2,2.7,,1.8,,74.0,2.0,3.5,346.0,315.0,1026.8,433.0,0.0,,90.0
2023-05-01 21:00:00,2.2,2.4,,2.0,,75.0,2.8,4.1,357.0,353.0,1026.8,315.0,0.0,,90.0
2023-05-01 22:00:00,2.3,2.4,,2.1,,74.0,2.6,3.7,341.0,354.0,1026.6,193.0,0.0,,90.0
2023-05-01 23:00:00,2.1,2.3,,1.9,,75.0,2.9,3.7,335.0,349.0,1026.6,78.0,0.0,,90.0
2023-05-02 00:00:00,1.5,1.9,,0.7,,77.0,2.8,3.7,312.0,335.0,1026.8,19.0,0.0,,90.0
2023-05-02 01:00:00,0.7,0.9,,0.4,,79.0,3.1,4.8,342.0,338.0,1026.5,1.0,0.0,,90.0
2023-05-02 02:00:00,0.6,0.7,,0.3,,77.0,3.3,4.5,329.0,337.0,1026.3,0.0,0.0,,90.0
2023-05-02 03:00:00,0.3,0.5,,0.1,,80.0,3.5,4.7,3.0,354.0,1026.0,0.0,0.0,,90.0
2023-05-02 04:00:00,0.0,0.2,,-0.2,,84.0,3.2,4.2,342.0,352.0,1025.9,0.0,0.0,,90.0
2023-05-02 05:00:00,-0.1,0.1,,-0.2,,82.0,3.6,4.8,353.0,351.0,1025.9,0.0,0.0,,90.0
2023-05-02 06:00:00,-0.3,-0.1,2.7,-0.4,-0.4,83.0,3.4,4.5,352.0,350.0,1026.0,0.0,0.0,0.0,90.0
2023-05-02 07:00:00,-0.3,-0.2,,-0.4,,85.0,3.3,4.3,346.0,342.0,1026.3,1.0,0.0,,90.0
2023-05-02 08:00:00,-0.3,-0.1,,-0.5,,87.0,2.9,4.5,355.0,356.0,1026.1,26.0,0.0,,90.0
2023-05-02 09:00:00,0.2,0.5,,-0.2,,89.0,3.3,5.2,9.0,359.0,1026.1,110.0,0.0,,90.0
2023-05-02 10:00:00,0.5,1.0,,0.3,,88.0,3.1,4.5,341.0,353.0,1026.3,222.0,0.0,,90.0
2023-05-02 11:00:00,1.2,1.5,,0.9,,82.0,4.2,5.7,339.0,351.0,1026.4,349.0,0.0,,60.0
2023-05-02 12:00:00,1.8,2.1,,1.2,,74.0,4.3,5.8,337.0,342.0,1026.4,464.0,0.0,,60.0
2023-05-02 13:00:00,2.2,2.8,,1.8,,71.0,3.8,5.0,340.0,339.0,1026.4,567.0,0.0,,90.0
2023-05-02 14:00:00,2.8,3.3,,2.5,,63.0,3.2,4.8,337.0,338.0,1026.3,641.0,0.0,,90.0
2023-05-02 15:00:00,3.3,3.8,,3.0,,62.0,3.1,4.3,356.0,355.0,1026.3,690.0,0.0,,60.0
2023-05-02 16:00:00,3.7,4.0,,3.4,,52.0,3.5,4.6,357.0,355.0,1026.1,703.0,0.0,,10.0
2023-05-02 17:00:00,4.1,4.5,,3.7,,55.0,3.7,4.6,353.0,355.0,1026.0,682.0,0.0,,40.0
2023-05-02 18:00:00,4.2,4.4,4.5,3.8,-0.5,60.0,3.4,4.4,360.0,358.0,1026.2,485.0,0.0,,10.0
2023-05-02 19:00:00,4.4,4.6,,4.2,,62.0,2.7,3.8,321.0,341.0,1026.4,541.0,0.0,,10.0
2023-05-02 20:00:00,3.8,4.6,,3.3,,67.0,2.7,4.1,309.0,299.0,1026.5,432.0,0.0,,10.0
2023-05-02 21:00:00,3.5,3.9,,3.2,,66.0,3.0,4.1,333.0,327.0,1026.1,314.0,0.0,,40.0
2023-05-02 22:00:00,3.7,4.0,,3.3,,58.0,3.2,3.9,316.0,329.0,1026.2,200.0,0.0,,90.0
2023-05-02 23:00:00,2.8,3.7,,2.0,,69.0,2.6,3.7,305.0,305.0,1026.1,56.0,0.0,,90.0
2023-05-03 00:00:00,1.9,2.1,,1.7,,76.0,1.7,2.9,310.0,307.0,1026.2,12.0,0.0,,90.0
2023-05-03 01:00:00,1.7,1.9,,1.4,,73.0,1.4,2.3,340.0,332.0,1026.0,0.0,0.0,,90.0
2023-05-03 02:00:00,1.5,1.8,,0.4,,71.0,1.1,3.5,254.0,350.0,1026.1,0.0,0.0,,90.0
2023-05-03 03:00:00,0.1,0.4,,-0.1,,95.0,2.7,3.7,255.0,256.0,1026.0,0.0,0.0,,90.0
2023-05-03 04:00:00,-0.2,0.0,,-0.6,,98.0,2.7,4.2,257.0,257.0,1026.0,0.0,0.0,,90.0
2023-05-03 05:00:00,-0.7,-0.6,,-0.8,,99.0,2.0,3.8,268.0,260.0,1026.0,0.0,0.0,,90.0
2023-05-03 06:00:00,-0.8,-0.7,4.6,-0.9,-0.9,99.0,1.0,2.6,197.0,230.0,1026.0,0.0,0.0,0.0,90.0
2023-05-03 07:00:00,-0.7,-0.6,,-0.8,,98.0,1.1,1.7,194.0,186.0,1026.0,1.0,0.0,,90.0
2023-05-03 08:00:00,-0.5,-0.2,,-0.7,,96.0,1.5,2.4,174.0,161.0,1026.2,18.0,0.0,,60.0
2023-05-03 09:00:00,-0.2,-0.2,,-0.4,,95.0,2.1,4.2,156.0,158.0,1026.2,58.0,0.0,,60.0
2023-05-03 10:00:00,0.0,0.3,,-0.3,,96.0,3.7,6.1,193.0,176.0,1026.8,65.0,0.0,,100.0
2023-05-03 11:00:00,0.2,0.4,,0.1,,95.0,4.9,7.4,162.0,170.0,1026.5,87.0,0.0,,100.0
2023-05-03 12:00:00,0.4,0.9,,0.2,,93.0,5.7,8.1,169.0,165.0,1026.8,200.0,0.0,,60.0
2023-05-03 13:00:00,1.0,1.4,,0.6,,89.0,6.3,9.5,171.0,171.0,1027.1,368.0,0.0,,60.0
2023-05-03 14:00:00,0.9,1.4,,0.4,,88.0,7.3,10.3,159.0,166.0,1026.8,299.0,0.0,,100.0
2023-05-03 15:00:00,0.6,0.8,,0.4,,87.0,7.6,10.8,169.0,168.0,1027.0,222.0,0.0,,
2023-05-03 16:00:00,0.8,1.2,,0.5,,83.0,8.2,12.5,159.0,163.0,1027.0,321.0,0.0,,60.0
2023-05-03 17:00:00,0.7,1.1,,0.4,,84.0,9.5,14.3,152.0,156.0,1026.1,333.0,0.0,,60.0
2023-05-03 18:00:00,0.6,0.8,1.4,0.4,-0.8,86.0,10.6,15.2,158.0,158.0,1026.7,229.0,0.0,,90.0
2023-05-03 19:00:00,0.5,0.7,,0.2,,87.0,11.1,15.2,152.0,155.0,1026.8,212.0,0.0,,90.0
2023-05-03 20:00:00,0.2,0.3,,0.1,,90.0,11.2,15.8,148.0,147.0,1026.6,128.0,0.0,,90.0
2023-05-03 21:00:00,0.3,0.5,,0.1,,90.0,11.0,15.0,149.0,148.0,1026.9,122.0,0.0,,90.0
2023-05-03 22:00:00,0.7,1.3,,0.4,,88.0,9.4,13.1,154.0,148.0,1026.7,63.0,0.0,,60.0
2023-05-03 23:00:00,0.9,1.2,,0.7,,87.0,9.1,13.1,165.0,160.0,1026.7,25.0,0.0,,90.0
2023-05-04 00:00:00,0.9,1.3,,0.7,,87.0,10.3,14.5,150.0,151.0,1026.6,6.0,0.0,,100.0
2023-05-04 01:00:00,1.1,1.4,,0.8,,87.0,11.9,16.6,150.0,148.0,1025.9,0.0,0.0,,100.0
2023-05-04 02:00:00,1.8,2.3,,1.2,,79.0,11.1,17.1,158.0,156.0,1025.7,0.0,0.0,,100.0
2023-05-04 03:00:00,2.0,2.2,,1.7,,77.0,11.1,15.8,156.0,156.0,1025.6,0.0,0.0,,90.0
2023-05-04 04:00:00,1.6,1.8,,1.5,,85.0,10.0,14.9,161.0,159.0,1025.4,0.0,0.0,,90.0
2023-05-04 05:00:00,1.4,1.5,,1.3,,89.0,10.5,14.5,150.0,154.0,1025.4,0.0,0.0,,100.0
2023-05-04 06:00:00,1.4,1.5,2.3,1.3,0.1,91.0,10.7,14.4,144.0,148.0,1025.2,0.0,0.0,0.0,100.0
2023-05-04 07:00:00,1.4,1.7,,1.3,,92.0,10.6,14.7,142.0,141.0,1025.1,1.0,0.0,,100.0
2023-05-04 08:00:00,1.9,2.4,,1.6,,91.0,11.3,15.3,147.0,148.0,1024.8,7.0,0.0,,90.0
2023-05-04 09:00:00,2.2,2.5,,2.0,,88.0,11.1,14.7,151.0,149.0,1024.6,32.0,0.0,,90.0
2023-05-04 10:00:00,2.5,2.8,,2.4,,85.0,12.3,15.5,150.0,150.0,1024.5,82.0,0.0,,90.0
2023-05-04 11:00:00,2.3,2.8,,2.1,,88.0,11.1,15.1,142.0,148.0,1024.5,90.0,0.0,,90.0
2023-05-04 12:00:00,2.4,2.6,,2.1,,89.0,10.1,13.8,152.0,151.0,1024.5,189.0,0.0,,90.0
2023-05-04 13:00:00,2.7,2.9,,2.5,,87.0,8.1,12.8,150.0,153.0,1024.4,253.0,0.0,,90.0
2023-05-04 14:00:00,2.7,3.0,,2.5,,87.0,6.9,10.3,162.0,158.0,1024.0,193.0,0.0,,100.0
2023-05-04 15:00:00,2.4,2.5,,2.2,,91.0,5.7,8.6,168.0,163.0,1023.5,215.0,0.0,,100.0
2023-05-04 16:00:00,2.5,2.7,,2.3,,91.0,5.9,8.4,173.0,165.0,1022.9,290.0,0.0,,90.0
2023-05-04 17:00:00,2.7,3.1,,2.3,,89.0,5.7,8.1,144.0,157.0,1022.2,283.0,0.0,,100.0
2023-05-04 18:00:00,3.1,3.3,3.3,2.7,1.3,86.0,5.1,7.4,171.0,165.0,1021.7,272.0,0.0,,90.0
2023-05-04 19:00:00,2.4,2.9,,1.8,,92.0,3.4,6.3,191.0,185.0,1021.3,142.0,0.0,,90.0
2023-05-04 20:00:00,1.7,2.2,,1.3,,97.0,2.0,3.9,210.0,198.0,1020.8,106.0,0.0,,90.0
2023-05-04 21:00:00,1.5,1.9,,1.2,,97.0,1.6,2.7,244.0,212.0,1020.3,111.0,0.0,,100.0
2023-05-04 22:00:00,1.6,1.8,,1.5,,96.0,1.4,2.2,267.0,264.0,1019.8,106.0,0.0,,100.0
2023-05-04 23:00:00,1.5,1.8,,1.3,,97.0,2.0,3.0,355.0,307.0,1019.0,39.0,0.0,,100.0
2023-05-05 00:00:00,1.4,1.7,,1.2,,96.0,4.7,6.4,334.0,344.0,1018.4,9.0,0.0,,90.0
2023-05-05 01:00:00,1.1,1.2,,1.0,,98.0,5.7,7.2,340.0,335.0,1017.9,1.0,0.0,,90.0
2023-05-05 02:00:00,1.1,1.1,,1.0,,98.0,4.8,6.8,340.0,343.0,1017.3,0.0,0.0,,90.0
2023-05-05 03:00:00,1.2,1.4,,1.1,,95.0,5.3,7.1,344.0,345.0,1016.7,0.0,0.0,,90.0
2023-05-05 04:00:00,1.3,1.5,,1.2,,94.0,4.3,7.0,4.0,358.0,1016.4,0.0,0.0,,90.0
2023-05-05 05:00:00,0.6,1.3,,0.2,,95.0,5.1,7.4,326.0,327.0,1015.8,0.0,0.0,,90.0
2023-05-05 06:00:00,0.6,0.9,2.9,0.2,0.2,94.0,5.4,7.1,339.0,333.0,1015.3,0.0,0.0,0.0,90.0
2023-05-05 07:00:00,0.9,1.1,,0.8,,93.0,4.7,6.5,349.0,344.0,1015.1,2.0,0.0,,60.0
2023-05-05 08:00:00,0.7,0.9,,0.5,,94.0,4.3,6.6,6.0,352.0,1014.7,33.0,0.0,,90.0
2023-05-05 09:00:00,1.0,1.6,,0.7,,92.0,4.7,6.8,352.0,351.0,1014.7,123.0,0.0,,90.0
2023-05-05 10:00:00,1.6,1.9,,1.3,,88.0,5.1,7.7,5.0,355.0,1014.6,238.0,0.0,,90.0
2023-05-05 11:00:00,2.2,2.5,,1.7,,84.0,6.2,8.5,354.0,347.0,1014.2,359.0,0.0,,90.0
2023-05-05 12:00:00,2.9,3.6,,2.3,,80.0,5.6,8.4,359.0,348.0,1014.0,477.0,0.0,,90.0
2023-05-05 13:00:00,3.9,4.3,,3.5,,73.0,5.2,7.6,353.0,351.0,1014.0,577.0,0.0,,90.0
2023-05-05 14:00:00,4.3,4.9,,3.6,,73.0,5.0,6.9,348.0,340.0,1013.6,654.0,0.0,,10.0
2023-05-05 15:00:00,5.0,5.2,,4.6,,69.0,4.2,6.0,1.0,352.0,1013.2,690.0,0.0,,40.0
2023-05-05 16:00:00,4.6,5.5,,3.5,,68.0,5.4,9.7,306.0,323.0,1012.8,696.0,0.0,,10.0
2023-05-05 17:00:00,4.2,5.0,,3.4,,74.0,4.5,8.5,334.0,323.0,1012.6,689.0,0.0,,10.0
2023-05-05 18:00:00,4.5,5.0,5.5,4.1,0.5,71.0,3.6,5.9,329.0,336.0,1012.2,522.0,0.0,,10.0
2023-05-05 19:00:00,3.9,4.6,,3.2,,75.0,3.6,5.6,305.0,315.0,1011.9,542.0,0.0,,10.0
2023-05-05 20:00:00,2.7,3.5,,2.0,,82.0,5.3,7.5,300.0,297.0,1011.8,397.0,0.0,,10.0
2023-05-05 21:00:00,2.4,3.1,,1.9,,81.0,4.4,6.6,293.0,304.0,1011.8,327.0,0.0,,60.0
2023-05-05 22:00:00,1.4,1.9,,0.6,,87.0,4.5,6.3,302.0,302.0,1011.7,144.0,0.0,,60.0
2023-05-05 23:00:00,0.4,0.7,,0.2,,92.0,4.4,6.2,282.0,284.0,1011.2,42.0,0.0,,90.0
2023-05-06 00:00:00,-0.1,0.3,,-0.3,,94.0,4.3,6.0,270.0,274.0,1011.0,12.0,0.0,,100.0
2023-05-06 01:00:00,-0.4,-0.3,,-0.5,,95.0,2.9,4.8,258.0,264.0,1010.9,0.0,0.0,,100.0
2023-05-06 02:00:00,-0.6,-0.4,,-0.6,,95.0,2.0,3.7,214.0,245.0,1010.3,0.0,0.0,,90.0
2023-05-06 03:00:00,-0.5,-0.4,,-0.6,,94.0,3.2,5.3,203.0,209.0,1010.2,0.0,0.0,,100.0
2023-05-06 04:00:00,-0.4,-0.3,,-0.5,,93.0,3.8,6.3,186.0,189.0,1009.2,0.0,0.0,,90.0
2023-05-06 05:00:00,-0.5,-0.5,,-0.6,,93.0,5.5,9.3,182.0,187.0,1008.6,0.0,0.0,,90.0
2023-05-06 06:00:00,-0.6,-0.5,4.6,-0.7,-0.7,93.0,7.0,9.2,173.0,172.0,1008.4,0.0,0.0,0.0,100.0
2023-05-06 07:00:00,-0.7,-0.6,,-0.8,,93.0,7.5,9.7,168.0,170.0,1007.7,0.0,0.0,,100.0
2023-05-06 08:00:00,-0.8,-0.7,,-0.9,,94.0,7.7,10.7,161.0,165.0,1007.4,4.0,0.0,,100.0
2023-05-06 09:00:00,-0.9,-0.8,,-0.9,,96.0,8.4,12.4,150.0,153.0,1007.0,14.0,0.0,,100.0
2023-05-06 10:00:00,-1.0,-0.9,,-1.0,,98.0,9.9,13.1,149.0,152.0,1006.2,26.0,0.0,,100.0
2023-05-06 11:00:00,-0.8,-0.7,,-1.0,,96.0,9.4,13.4,150.0,153.0,1006.2,41.0,0.0,,100.0
2023-05-06 12:00:00,-0.7,-0.6,,-0.8,,96.0,9.3,13.7,143.0,148.0,1005.7,74.0,0.0,,100.0
2023-05-06 13:00:00,-0.5,-0.3,,-0.6,,95.0,9.7,13.4,158.0,154.0,1005.6,104.0,0.0,,100.0
2023-05-06 14:00:00,-0.2,-0.1,,-0.3,,94.0,9.6,13.7,160.0,158.0,1005.4,137.0,0.0,,100.0
2023-05-06 15:00:00,-0.1,0.1,,-0.2,,93.0,8.5,12.4,159.0,158.0,1005.0,142.0,0.0,,100.0
2023-05-06 16:00:00,0.0,0.3,,-0.1,,91.0,8.8,12.6,154.0,155.0,1004.7,185.0,0.0,,100.0
2023-05-06 17:00:00,0.3,0.5,,0.0,,87.0,9.1,13.2,153.0,154.0,1004.7,246.0,0.0,,100.0
2023-05-06 18:00:00,0.4,0.7,0.7,0.2,-1.0,85.0,8.6,12.6,154.0,151.0,1004.4,215.0,0.0,,100.0
2023-05-06 19:00:00,0.5,0.7,,0.3,,87.0,9.2,13.5,147.0,147.0,1004.3,287.0,0.0,,100.0
2023-05-06 20:00:00,0.5,0.8,,0.3,,87.0,8.4,11.9,140.0,146.0,1004.1,233.0,0.0,,100.0
2023-05-06 21:00:00,0.2,0.7,,0.0,,90.0,7.4,10.1,149.0,145.0,1004.0,100.0,0.0,,100.0
2023-05-06 22:00:00,0.3,0.4,,0.1,,89.0,5.4,7.9,156.0,151.0,1003.9,78.0,0.0,,100.0
2023-05-06 23:00:00,0.2,0.4,,0.1,,89.0,5.5,8.0,167.0,166.0,1003.8,27.0,0.0,,100.0
2023-05-07 00:00:00,0.1,0.2,,0.0,,92.0,4.7,6.8,166.0,168.0,1003.8,4.0,0.0,,100.0
2023-05-07 01:00:00,-0.2,0.1,,-0.4,,95.0,4.1,5.8,147.0,150.0,1003.6,0.0,0.2,,100.0
2023-05-07 02:00:00,-0.6,-0.4,,-0.6,,99.0,4.9,7.1,144.0,145.0,1003.3,0.0,0.0,,90.0
2023-05-07 03:00:00,-0.6,-0.5,,-0.7,,99.0,5.3,7.9,145.0,144.0,1003.0,0.0,0.0,,100.0
2023-05-07 04:00:00,-0.5,-0.4,,-0.6,,97.0,5.4,8.0,140.0,141.0,1002.5,0.0,0.0,,90.0
2023-05-07 05:00:00,-0.4,-0.3,,-0.5,,96.0,5.5,8.9,146.0,143.0,1002.4,0.0,0.0,,90.0
2023-05-07 06:00:00,-0.2,-0.1,0.8,-0.3,-0.7,93.0,6.3,9.1,147.0,148.0,1002.1,0.0,0.0,0.2,90.0
2023-05-07 07:00:00,0.0,0.1,,-0.2,,91.0,5.9,8.6,143.0,145.0,1002.2,0.0,0.0,,100.0
2023-05-07 08:00:00,0.1,0.1,,-0.1,,90.0,5.6,7.6,150.0,150.0,1002.2,4.0,0.0,,100.0
2023-05-07 09:00:00,0.1,0.3,,-0.1,,92.0,5.3,7.6,145.0,147.0,1002.2,16.0,0.0,,100.0
2023-05-07 10:00:00,0.4,0.5,,0.3,,89.0,5.8,8.2,150.0,151.0,1002.1,59.0,0.0,,90.0
2023-05-07 11:00:00,0.5,0.6,,0.4,,90.0,4.9,7.3,147.0,147.0,1002.2,76.0,0.0,,90.0
2023-05-07 12:00:00,0.7,1.1,,0.4,,90.0,3.7,5.9,133.0,140.0,1002.2,135.0,0.0,,90.0
2023-05-07 13:00:00,1.3,1.5,,1.0,,86.0,3.6,6.3,148.0,135.0,1002.4,172.0,0.0,,90.0
2023-05-07 14:00:00,1.5,1.7,,1.3,,86.0,2.3,4.4,206.0,170.0,1002.4,194.0,0.0,,90.0
2023-05-07 15:00:00,1.5,2.0,,1.2,,89.0,1.5,3.7,329.0,261.0,1002.1,310.0,0.0,,90.0
2023-05-07 16:00:00,1.6,2.1,,1.1,,89.0,1.5,3.0,287.0,307.0,1002.1,341.0,0.0,,90.0
2023-05-07 17:00:00,1.7,1.9,,1.4,,87.0,1.6,3.6,241.0,231.0,1002.1,224.0,0.0,,100.0
2023-05-07 18:00:00,1.6,2.0,2.1,1.3,-0.2,86.0,2.0,3.4,189.0,224.0,1002.1,207.0,0.0,,100.0
2023-05-07 19:00:00,2.1,2.5,,1.8,,82.0,1.8,3.3,195.0,210.0,1002.3,284.0,0.0,,90.0
2023-05-07 20:00:00,2.4,2.7,,2.1,,80.0,1.6,3.0,234.0,201.0,1002.5,273.0,0.0,,90.0
2023-05-07 21:00:00,2.4,3.2,,1.8,,81.0,1.0,2.3,294.0,254.0,1002.5,237.0,0.0,,40.0
2023-05-07 22:00:00,2.3,2.6,,1.9,,80.0,1.1,1.7,317.0,288.0,1002.6,185.0,0.0,,
2023-05-07 23:00:00,1.8,2.1,,1.7,,81.0,1.0,1.5,335.0,320.0,1002.9,38.0,0.0,,90.0
2023-05-08 00:00:00,1.6,1.8,,1.4,,82.0,0.6,1.3,294.0,307.0,1003.0,19.0,0.0,,90.0
2023-05-08 01:00:00,1.4,1.7,,1.1,,84.0,1.7,2.8,353.0,341.0,1003.2,2.0,0.0,,90.0
2023-05-08 02:00:00,1.0,1.2,,0.9,,87.0,2.6,3.3,,359.0,1003.1,0.0,0.0,,90.0
2023-05-08 03:00:00,0.9,1.0,,0.7,,86.0,3.1,3.8,11.0,7.0,1003.3,0.0,0.0,,90.0
2023-05-08 04:00:00,0.8,1.0,,0.6,,85.0,3.1,3.8,350.0,1.0,1003.2,0.0,0.0,,90.0
2023-05-08 05:00:00,0.6,0.8,,0.4,,87.0,2.4,3.3,359.0,358.0,1003.2,0.0,0.0,,90.0
2023-05-08 06:00:00,0.1,0.6,3.2,-0.3,-0.3,93.0,1.9,3.3,137.0,109.0,1003.3,0.0,0.0,0.0,90.0
2023-05-08 07:00:00,-0.6,-0.3,,-1.0,,98.0,2.0,3.2,155.0,148.0,1003.6,3.0,0.0,,10.0
2023-05-08 08:00:00,-0.9,-0.8,,-1.0,,99.0,2.5,3.7,155.0,153.0,1003.8,24.0,0.0,,100.0
2023-05-08 09:00:00,-0.6,-0.5,,-0.8,,99.0,2.5,4.1,147.0,148.0,1004.0,67.0,0.0,,90.0
2023-05-08 10:00:00,-0.3,0.0,,-0.6,,99.0,1.0,2.5,221.0,213.0,1004.2,125.0,0.0,,90.0
2023-05-08 11:00:00,0.1,0.4,,-0.1,,98.0,1.6,2.9,314.0,315.0,1004.1,306.0,0.0,,60.0
2023-05-08 12:00:00,0.5,1.1,,0.1,,96.0,2.6,3.7,354.0,347.0,1004.3,470.0,0.0,,60.0
2023-05-08 13:00:00,1.4,1.8,,1.0,,92.0,2.5,3.5,337.0,340.0,1004.5,588.0,0.0,,60.0
2023-05-08 14:00:00,2.4,3.1,,1.7,,87.0,1.9,3.2,312.0,321.0,1004.7,629.0,0.0,,40.0
2023-05-08 15:00:00,2.9,3.2,,2.6,,84.0,2.2,4.1,298.0,299.0,1004.6,627.0,0.0,,10.0
2023-05-08 16:00:00,2.9,3.1,,2.6,,83.0,4.5,6.3,306.0,307.0,1004.7,696.0,0.0,,40.0
2023-05-08 17:00:00,3.3,3.7,,2.9,,82.0,4.4,7.0,313.0,315.0,1004.8,686.0,0.0,,40.0
2023-05-08 18:00:00,3.1,3.5,3.7,2.7,-1.0,82.0,5.4,7.1,303.0,307.0,1005.1,591.0,0.0,,60.0
2023-05-08 19:00:00,2.6,2.9,,2.2,,83.0,5.6,7.4,295.0,299.0,1005.4,560.0,0.0,,40.0
2023-05-08 20:00:00,1.8,2.4,,1.4,,86.0,5.7,7.9,296.0,296.0,1005.8,456.0,0.0,,60.0
2023-05-08 21:00:00,1.0,1.4,,0.3,,90.0,5.7,7.9,298.0,298.0,1006.2,309.0,0.0,,90.0
2023-05-08 22:00:00,0.0,0.5,,-0.2,,94.0,6.1,8.7,287.0,290.0,1006.6,84.0,0.0,,100.0
2023-05-08 23:00:00,-0.4,-0.2,,-0.6,,96.0,5.6,8.1,282.0,287.0,1007.2,34.0,0.0,,100.0
2023-05-09 00:00:00,-0.7,-0.4,,-0.9,,97.0,4.3,7.7,292.0,292.0,1007.9,7.0,0.0,,100.0
2023-05-09 01:00:00,-1.0,-0.8,,-1.1,,97.0,3.4,7.2,283.0,293.0,1008.4,1.0,0.0,,100.0
2023-05-09 02:00:00,-1.0,-0.9,,-1.1,,97.0,3.0,5.4,274.0,285.0,1008.8,0.0,0.0,,100.0
2023-05-09 03:00:00,-1.0,-0.9,,-1.1,,96.0,2.7,4.6,265.0,276.0,1009.0,0.0,0.0,,100.0
2023-05-09 04:00:00,-1.0,-1.0,,-1.1,,95.0,2.7,4.9,273.0,270.0,1009.2,0.0,0.0,,100.0
2023-05-09 05:00:00,-1.1,-1.0,,-1.2,,94.0,2.2,4.4,271.0,285.0,1009.3,0.0,0.0,,100.0
2023-05-09 06:00:00,-1.1,-1.0,2.9,-1.4,-1.4,95.0,2.6,5.0,285.0,288.0,1009.7,0.0,0.0,0.0,100.0
2023-05-09 07:00:00,-1.3,-1.2,,-1.4,,97.0,1.8,2.9,261.0,277.0,1010.2,1.0,0.1,,100.0
2023-05-09 08:00:00,-1.2,-1.1,,-1.3,,98.0,2.0,3.2,282.0,273.0,1010.5,12.0,0.2,,100.0
2023-05-09 09:00:00,-1.2,-1.1,,-1.3,,97.0,2.6,4.3,286.0,280.0,1010.7,34.0,0.0,,100.0
2023-05-09 10:00:00,-1.1,-0.8,,-1.4,,93.0,2.9,4.7,282.0,285.0,1011.1,68.0,0.0,,100.0
2023-05-09 11:00:00,-0.8,-0.6,,-1.0,,91.0,2.9,4.2,281.0,276.0,1011.3,114.0,0.0,,100.0
2023-05-09 12:00:00,-0.6,-0.3,,-0.8,,89.0,2.7,4.3,270.0,271.0,1011.7,142.0,0.0,,100.0
2023-05-09 13:00:00,-0.3,0.0,,-0.5,,86.0,2.9,3.9,276.0,278.0,1011.8,224.0,0.0,,100.0
2023-05-09 14:00:00,0.0,0.3,,-0.3,,85.0,2.3,3.6,287.0,282.0,1012.0,418.0,0.0,,100.0
2023-05-09 15:00:00,0.0,0.2,,-0.2,,88.0,2.6,3.9,274.0,274.0,1012.4,345.0,0.0,,100.0
2023-05-09 16:00:00,0.2,0.6,,-0.1,,88.0,2.9,4.3,262.0,267.0,1012.4,356.0,0.0,,100.0
2023-05-09 17:00:00,0.4,0.7,,0.2,,83.0,3.0,4.5,254.0,259.0,1012.7,223.0,0.0,,100.0
2023-05-09 18:00:00,0.2,0.3,0.7,0.1,-1.4,82.0,3.4,4.7,257.0,253.0,1012.9,140.0,0.0,,100.0
2023-05-09 19:00:00,0.1,0.3,,0.0,,82.0,2.7,4.0,253.0,259.0,1013.3,159.0,0.0,,100.0
2023-05-09 20:00:00,-0.2,0.2,,-0.6,,87.0,2.2,4.0,258.0,264.0,1013.4,163.0,0.0,,100.0
2023-05-09 21:00:00,-0.6,-0.5,,-0.8,,94.0,1.9,3.2,256.0,258.0,1013.5,188.0,0.0,,100.0
2023-05-09 22:00:00,-0.5,-0.3,,-0.7,,91.0,1.6,2.8,259.0,260.0,1013.8,93.0,0.0,,100.0
2023-05-09 23:00:00,-0.4,-0.2,,-0.5,,88.0,1.8,2.8,259.0,260.0,1013.9,34.0,0.0,,100.0
2023-05-10 00:00:00,-0.7,-0.5,,-0.8,,88.0,2.5,4.1,261.0,260.0,1013.8,8.0,0.0,,100.0
2023-05-10 01:00:00,-0.7,-0.6,,-0.8,,86.0,1.9,2.7,296.0,285.0,1013.7,1.0,0.0,,100.0
2023-05-10 02:00:00,-0.8,-0.7,,-0.8,,84.0,1.7,2.7,303.0,298.0,1013.1,0.0,0.0,,90.0
2023-05-10 03:00:00,-0.8,-0.7,,-0.8,,87.0,2.4,4.3,340.0,323.0,1012.4,0.0,0.0,,90.0
2023-05-10 04:00:00,-0.9,-0.8,,-0.9,,88.0,4.0,5.6,328.0,336.0,1011.6,0.0,0.0,,90.0
2023-05-10 05:00:00,-0.7,-0.6,,-0.8,,89.0,5.3,6.5,337.0,333.0,1010.8,0.0,0.0,,100.0
2023-05-10 06:00:00,-0.5,-0.4,0.3,-0.6,-0.9,88.0,5.8,9.2,349.0,344.0,1009.9,0.0,0.0,0.3,100.0
2023-05-10 07:00:00,-0.4,-0.3,,-0.5,,88.0,6.6,9.3,335.0,339.0,1008.9,3.0,0.0,,100.0
2023-05-10 08:00:00,-0.6,-0.5,,-0.9,,90.0,7.9,9.7,327.0,332.0,1008.1,15.0,0.0,,100.0
2023-05-10 09:00:00,-0.9,-0.7,,-1.0,,91.0,7.7,9.2,328.0,328.0,1007.4,42.0,0.0,,100.0
2023-05-10 10:00:00,-0.6,-0.4,,-0.9,,92.0,7.9,9.6,332.0,331.0,1006.2,102.0,0.0,,100.0
2023-05-10 11:00:00,-0.2,0.0,,-0.4,,90.0,8.6,11.0,340.0,338.0,1005.0,203.0,0.0,,100.0
2023-05-10 12:00:00,0.2,0.3,,-0.1,,90.0,9.3,11.7,337.0,339.0,1004.1,369.0,0.0,,100.0
2023-05-10 13:00:00,0.5,0.8,,0.2,,88.0,8.9,10.3,341.0,339.0,1003.3,519.0,0.0,,40.0
2023-05-10 14:00:00,1.3,1.9,,0.7,,85.0,7.4,10.2,344.0,345.0,1002.2,628.0,0.0,,40.0
2023-05-10 15:00:00,1.9,2.4,,1.6,,82.0,6.8,9.3,358.0,356.0,1001.4,681.0,0.0,,60.0
2023-05-10 16:00:00,2.8,3.5,,2.0,,76.0,6.5,9.3,359.0,2.0,1000.4,626.0,0.0,,10.0
2023-05-10 17:00:00,3.9,4.6,,3.5,,71.0,5.7,7.6,357.0,358.0,999.5,628.0,0.0,,10.0
2023-05-10 18:00:00,4.2,4.4,4.6,4.0,-1.0,69.0,5.1,6.3,358.0,359.0,998.5,474.0,0.0,,10.0
2023-05-10 19:00:00,4.4,4.6,,4.2,,72.0,4.4,5.6,353.0,356.0,998.2,352.0,0.0,,10.0
2023-05-10 20:00:00,4.6,4.8,,4.4,,73.0,4.6,6.5,354.0,349.0,997.6,258.0,0.0,,40.0
2023-05-10 21:00:00,4.2,4.7,,3.5,,76.0,4.2,6.7,346.0,350.0,997.3,148.0,0.0,,60.0
2023-05-10 22:00:00,3.1,3.7,,2.7,,82.0,3.4,6.2,318.0,338.0,996.7,83.0,0.0,,90.0
2023-05-10 23:00:00,2.5,2.7,,2.2,,85.0,3.8,6.1,328.0,328.0,996.5,31.0,0.0,,90.0
2023-05-11 00:00:00,2.1,2.4,,1.8,,87.0,4.1,5.8,324.0,327.0,996.2,13.0,0.0,,90.0
2023-05-11 01:00:00,2.0,2.3,,1.8,,87.0,4.2,5.4,336.0,329.0,995.7,2.0,0.0,,90.0
2023-05-11 02:00:00,1.7,2.0,,1.5,,90.0,3.7,5.8,346.0,332.0,995.4,0.0,0.0,,100.0
2023-05-11 03:00:00,1.5,1.7,,1.3,,92.0,3.3,4.8,330.0,322.0,995.0,0.0,0.0,,100.0
2023-05-11 04:00:00,1.4,1.6,,1.2,,94.0,2.7,4.3,345.0,344.0,994.8,0.0,0.1,,90.0
2023-05-11 05:00:00,1.2,1.4,,1.0,,96.0,2.5,3.9,348.0,345.0,994.6,0.0,0.9,,100.0
2023-05-11 06:00:00,1.0,1.2,4.8,0.9,0.9,98.0,2.7,4.8,288.0,306.0,994.5,0.0,0.9,1.9,100.0
2023-05-11 07:00:00,0.9,1.1,,0.7,,98.0,3.9,6.4,294.0,296.0,994.4,0.0,1.1,,90.0
2023-05-11 08:00:00,0.6,0.9,,0.5,,98.0,2.6,5.7,254.0,272.0,994.6,12.0,1.1,,90.0
2023-05-11 09:00:00,0.7,0.8,,0.5,,98.0,1.3,3.9,263.0,241.0,994.6,16.0,0.2,,100.0
2023-05-11 10:00:00,0.6,1.1,,0.4,,98.0,2.0,3.6,229.0,245.0,994.8,45.0,0.2,,100.0
2023-05-11 11:00:00,0.6,1.1,,0.3,,99.0,2.7,4.3,187.0,220.0,994.7,91.0,0.0,,90.0
2023-05-11 12:00:00,1.2,1.5,,0.8,,98.0,3.6,5.4,160.0,178.0,994.5,138.0,0.0,,100.0
2023-05-11 13:00:00,1.9,2.4,,1.4,,98.0,3.0,5.0,163.0,162.0,994.4,238.0,0.0,,100.0
2023-05-11 14:00:00,2.2,2.9,,1.6,,95.0,2.9,5.0,188.0,191.0,994.1,337.0,0.0,,100.0
2023-05-11 15:00:00,2.4,2.8,,2.1,,93.0,3.5,5.4,183.0,190.0,994.4,294.0,0.0,,100.0
2023-05-11 16:00:00,2.4,2.8,,2.2,,92.0,4.0,6.1,187.0,187.0,994.2,287.0,0.0,,100.0
2023-05-11 17:00:00,2.3,2.8,,2.0,,93.0,5.8,8.4,159.0,168.0,994.1,243.0,0.0,,100.0
2023-05-11 18:00:00,2.5,3.7,3.8,1.9,0.3,90.0,6.5,9.1,160.0,159.0,993.9,482.0,0.0,,60.0
2023-05-11 19:00:00,3.5,4.1,,3.1,,85.0,7.1,10.0,150.0,146.0,994.3,539.0,0.0,,60.0
2023-05-11 20:00:00,2.9,3.6,,2.3,,87.0,7.6,11.6,141.0,144.0,994.7,292.0,0.0,,90.0
2023-05-11 21:00:00,2.0,2.6,,1.4,,88.0,7.7,11.4,151.0,148.0,995.3,139.0,0.0,,100.0
2023-05-11 22:00:00,1.0,1.4,,0.4,,92.0,8.6,11.7,151.0,149.0,996.0,56.0,0.0,,100.0
2023-05-11 23:00:00,0.4,0.5,,0.3,,95.0,8.5,12.5,141.0,144.0,996.3,52.0,0.0,,100.0
2023-05-12 00:00:00,0.4,0.5,,0.2,,95.0,8.8,12.7,151.0,146.0,997.0,13.0,0.0,,100.0
2023-05-12 01:00:00,0.2,0.3,,0.1,,94.0,8.1,11.8,153.0,147.0,997.4,1.0,0.0,,100.0
2023-05-12 02:00:00,0.0,0.1,,0.0,,92.0,9.5,14.0,143.0,148.0,997.8,0.0,0.0,,100.0
2023-05-12 03:00:00,0.0,0.1,,-0.1,,89.0,9.3,12.9,142.0,147.0,998.4,0.0,0.0,,90.0
2023-05-12 04:00:00,0.0,0.0,,-0.1,,88.0,8.5,12.6,144.0,145.0,998.5,0.0,0.0,,90.0
2023-05-12 05:00:00,0.0,0.0,,-0.1,,87.0,7.9,11.6,147.0,149.0,998.9,0.0,0.0,,90.0
2023-05-12 06:00:00,-0.2,-0.1,4.1,-0.3,-0.3,85.0,7.9,10.8,149.0,148.0,999.3,0.0,0.0,2.6,90.0
2023-05-12 07:00:00,-0.4,-0.3,,-0.6,,88.0,8.0,11.1,151.0,150.0,999.9,4.0,0.0,,90.0
2023-05-12 08:00:00,-0.6,-0.4,,-0.6,,89.0,6.9,10.2,152.0,151.0,1000.5,17.0,0.0,,100.0
2023-05-12 09:00:00,-0.4,-0.3,,-0.5,,87.0,5.9,8.3,154.0,151.0,1001.1,48.0,0.0,,100.0
2023-05-12 10:00:00,-0.3,-0.2,,-0.4,,86.0,5.1,7.6,151.0,153.0,1001.8,68.0,0.0,,100.0
2023-05-12 11:00:00,-0.2,0.0,,-0.3,,85.0,4.8,6.6,145.0,146.0,1002.4,106.0,0.0,,100.0
2023-05-12 12:00:00,0.0,0.2,,-0.2,,85.0,3.7,5.5,154.0,151.0,1003.2,138.0,0.0,,100.0
2023-05-12 13:00:00,0.3,0.8,,0.0,,83.0,2.7,4.7,229.0,187.0,1003.8,192.0,0.0,,100.0
2023-05-12 14:00:00,0.5,0.9,,0.2,,84.0,1.8,3.0,208.0,230.0,1004.0,241.0,0.0,,100.0
2023-05-12 15:00:00,0.6,1.0,,0.4,,83.0,1.9,3.3,265.0,257.0,1004.4,316.0,0.0,,100.0
2023-05-12 16:00:00,0.9,1.5,,0.3,,86.0,1.8,3.1,259.0,261.0,1004.7,480.0,0.0,,100.0
2023-05-12 17:00:00,0.6,1.1,,0.3,,95.0,2.2,4.0,259.0,261.0,1005.0,421.0,0.0,,100.0
2023-05-12 18:00:00,1.1,1.7,1.7,0.6,-0.6,94.0,2.7,4.0,268.0,266.0,1005.2,299.0,0.0,,100.0
2023-05-12 19:00:00,1.6,2.1,,1.1,,91.0,1.5,4.3,265.0,272.0,1005.6,224.0,0.0,,100.0
2023-05-12 20:00:00,1.9,2.1,,1.7,,85.0,3.8,6.1,272.0,266.0,1005.7,215.0,0.0,,90.0
2023-05-12 21:00:00,1.5,1.8,,1.2,,84.0,5.3,7.5,280.0,277.0,1006.3,141.0,0.0,,100.0
2023-05-12 22:00:00,1.1,1.3,,0.9,,84.0,5.3,6.9,279.0,277.0,1007.1,89.0,0.0,,100.0
2023-05-12 23:00:00,0.6,0.9,,0.4,,86.0,3.6,5.6,258.0,267.0,1007.8,35.0,0.0,,100.0
2023-05-13 00:00:00,0.2,0.5,,-0.1,,89.0,3.6,5.2,263.0,265.0,1008.3,10.0,0.0,,100.0
2023-05-13 01:00:00,-0.2,0.0,,-0.4,,90.0,3.3,5.1,271.0,276.0,1008.6,2.0,0.0,,90.0
2023-05-13 02:00:00,-0.6,-0.4,,-0.7,,90.0,3.1,4.4,274.0,277.0,1008.9,0.0,0.0,,100.0
2023-05-13 03:00:00,-0.6,-0.5,,-0.6,,90.0,2.9,4.3,277.0,278.0,1009.2,0.0,0.0,,100.0
2023-05-13 04:00:00,-0.6,-0.6,,-0.7,,90.0,3.1,4.3,297.0,290.0,1009.5,0.0,0.0,,100.0
2023-05-13 05:00:00,-0.6,-0.6,,-0.7,,90.0,2.8,4.0,294.0,293.0,1009.8,0.0,0.0,,100.0
2023-05-13 06:00:00,-0.6,-0.4,2.1,-0.8,-0.8,89.0,3.3,5.3,298.0,302.0,1009.9,0.0,0.0,0.0,90.0
2023-05-13 07:00:00,-0.5,-0.4,,-0.6,,88.0,4.7,6.0,296.0,300.0,1010.3,2.0,0.0,,100.0
2023-05-13 08:00:00,-0.7,-0.6,,-0.8,,86.0,4.5,6.3,296.0,304.0,1010.8,15.0,0.0,,100.0
2023-05-13 09:00:00,-1.0,-0.8,,-1.0,,83.0,4.8,6.2,300.0,299.0,1011.2,34.0,0.0,,100.0
2023-05-13 10:00:00,-1.0,-0.9,,-1.1,,81.0,3.9,5.4,307.0,304.0,1011.7,62.0,0.0,,100.0
2023-05-13 11:00:00,-0.8,-0.7,,-1.0,,78.0,3.8,5.6,309.0,309.0,1012.2,109.0,0.0,,100.0
2023-05-13 12:00:00,-0.7,-0.4,,-0.8,,78.0,3.6,5.0,306.0,305.0,1012.5,165.0,0.0,,100.0
2023-05-13 13:00:00,-0.5,-0.3,,-0.7,,76.0,3.8,5.9,302.0,304.0,1012.9,196.0,0.0,,100.0
2023-05-13 14:00:00,-0.6,-0.5,,-0.7,,75.0,4.0,5.5,304.0,303.0,1013.1,182.0,0.0,,100.0
2023-05-13 15:00:00,-0.6,-0.5,,-0.8,,74.0,3.9,5.7,281.0,293.0,1013.2,191.0,0.0,,100.0
2023-05-13 16:00:00,-0.7,-0.6,,-0.9,,73.0,4.2,6.2,283.0,283.0,1013.3,200.0,0.0,,100.0
2023-05-13 17:00:00,-0.7,-0.4,,-0.8,,72.0,4.0,5.4,276.0,277.0,1013.0,238.0,0.0,,100.0
2023-05-13 18:00:00,-0.7,-0.5,-0.3,-0.9,-1.1,71.0,3.4,5.0,276.0,271.0,1013.0,225.0,0.0,,100.0
2023-05-13 19:00:00,-0.7,-0.5,,-0.9,,71.0,3.2,5.4,271.0,274.0,1013.0,240.0,0.0,,100.0
2023-05-13 20:00:00,-0.5,-0.3,,-0.7,,71.0,3.0,4.7,266.0,268.0,1013.1,205.0,0.0,,100.0
2023-05-13 21:00:00,-0.8,-0.6,,-0.9,,73.0,3.4,4.7,266.0,267.0,1013.1,134.0,0.0,,100.0
2023-05-13 22:00:00,-0.9,-0.8,,-1.1,,74.0,3.1,4.8,271.0,272.0,1013.3,85.0,0.0,,100.0
2023-05-13 23:00:00,-1.0,-0.9,,-1.2,,73.0,2.5,3.9,280.0,272.0,1013.1,36.0,0.0,,100.0
2023-05-14 00:00:00,-1.0,-0.9,,-1.1,,74.0,2.3,4.4,272.0,280.0,1013.2,15.0,0.0,,100.0
2023-05-14 01:00:00,-1.2,-1.1,,-1.3,,81.0,3.7,5.1,288.0,286.0,1013.1,2.0,0.0,,100.0
2023-05-14 02:00:00,-1.4,-1.2,,-1.4,,82.0,3.8,5.3,282.0,285.0,1012.9,0.0,0.0,,100.0
2023-05-14 03:00:00,-1.4,-1.3,,-1.5,,85.0,4.4,6.0,267.0,273.0,1012.6,0.0,0.0,,90.0
2023-05-14 04:00:00,-1.7,-1.5,,-1.8,,90.0,5.1,6.9,292.0,280.0,1012.4,0.0,0.0,,90.0
2023-05-14 05:00:00,-1.6,-1.5,,-1.7,,83.0,5.8,8.1,279.0,281.0,1012.2,0.0,0.0,,100.0
2023-05-14 06:00:00,-1.7,-1.5,-0.3,-1.8,-1.8,80.0,6.1,8.6,272.0,271.0,1012.1,0.0,0.0,0.0,100.0
2023-05-14 07:00:00,-1.9,-1.7,,-2.4,,78.0,6.3,8.7,273.0,271.0,1012.1,3.0,0.0,,100.0
2023-05-14 08:00:00,-2.4,-2.3,,-2.5,,82.0,6.3,9.0,271.0,270.0,1012.2,15.0,0.0,,100.0
2023-05-14 09:00:00,-2.3,-2.3,,-2.5,,80.0,5.5,8.1,279.0,273.0,1012.1,40.0,0.0,,100.0
2023-05-14 10:00:00,-2.3,-2.1,,-2.5,,81.0,4.0,6.1,268.0,271.0,1012.4,80.0,0.0,,100.0
2023-05-14 11:00:00,-2.0,-1.8,,-2.2,,76.0,4.3,6.8,280.0,282.0,1012.4,97.0,0.0,,100.0
2023-05-14 12:00:00,-1.9,-1.7,,-2.0,,74.0,4.7,6.6,281.0,285.0,1012.2,148.0,0.0,,100.0
2023-05-14 13:00:00,-1.8,-1.6,,-1.9,,76.0,3.7,5.6,295.0,286.0,1012.0,235.0,0.0,,100.0
2023-05-14 14:00:00,-1.8,-1.5,,-1.9,,77.0,4.0,5.6,296.0,292.0,1011.7,232.0,0.0,,100.0
2023-05-14 15:00:00,-1.7,-1.4,,-1.8,,75.0,4.3,6.3,302.0,300.0,1011.7,231.0,0.0,,100.0
2023-05-14 16:00:00,-1.6,-1.3,,-1.8,,75.0,4.3,6.1,300.0,294.0,1011.5,257.0,0.0,,100.0
2023-05-14 17:00:00,-1.2,-0.8,,-1.4,,72.0,4.1,5.5,297.0,302.0,1011.3,550.0,0.0,,100.0
2023-05-14 18:00:00,-0.8,-0.3,-0.2,-1.1,-2.5,69.0,2.9,5.4,321.0,319.0,1010.8,502.0,0.0,,90.0
2023-05-14 19:00:00,-0.7,-0.2,,-1.0,,69.0,2.3,4.6,315.0,322.0,1010.6,473.0,0.0,,90.0
2023-05-14 20:00:00,-0.4,0.0,,-0.7,,69.0,2.4,4.1,275.0,290.0,1010.1,453.0,0.0,,60.0
2023-05-14 21:00:00,-0.5,0.1,,-1.1,,71.0,3.6,5.6,271.0,269.0,1009.9,270.0,0.0,,90.0
2023-05-14 22:00:00,-1.3,-1.1,,-1.6,,75.0,4.2,5.9,272.0,271.0,1009.5,118.0,0.0,,100.0
2023-05-14 23:00:00,-1.7,-1.5,,-1.9,,76.0,3.6,5.0,270.0,272.0,1009.1,49.0,0.0,,100.0
2023-05-15 00:00:00,-2.0,-1.7,,-2.1,,77.0,2.9,4.6,279.0,275.0,1008.7,21.0,0.0,,100.0
2023-05-15 01:00:00,-2.1,-2.0,,-2.2,,77.0,2.5,3.7,266.0,277.0,1008.3,3.0,0.0,,100.0
2023-05-15 02:00:00,-2.2,-2.1,,-2.3,,78.0,2.4,3.4,280.0,272.0,1007.6,0.0,0.0,,100.0
2023-05-15 03:00:00,-2.3,-2.2,,-2.4,,79.0,1.5,2.9,350.0,325.0,1006.8,0.0,0.0,,90.0
2023-05-15 04:00:00,-2.2,-2.1,,-2.3,,80.0,2.0,3.0,359.0,358.0,1006.0,0.0,0.0,,90.0
2023-05-15 05:00:00,-2.2,-2.1,,-2.3,,81.0,2.4,3.1,350.0,3.0,1005.5,0.0,0.0,,90.0
2023-05-15 06:00:00,-2.2,-2.2,0.1,-2.3,-2.4,84.0,1.9,3.0,347.0,350.0,1004.9,0.0,0.0,0.0,90.0
2023-05-15 07:00:00,-2.1,-2.0,,-2.2,,84.0,2.1,3.6,343.0,339.0,1004.1,4.0,0.0,,90.0
2023-05-15 08:00:00,-2.1,-1.9,,-2.2,,84.0,3.8,5.6,341.0,341.0,1003.2,22.0,0.0,,90.0
2023-05-15 09:00:00,-1.6,-1.4,,-2.0,,85.0,4.0,5.8,1.0,351.0,1002.6,67.0,0.0,,90.0
2023-05-15 10:00:00,-0.8,-0.2,,-1.4,,84.0,4.2,7.3,36.0,11.0,1001.8,180.0,0.0,,90.0
2023-05-15 11:00:00,0.5,1.5,,-0.3,,78.0,3.3,7.4,14.0,41.0,1001.3,345.0,0.0,,60.0
2023-05-15 12:00:00,1.0,1.5,,0.5,,77.0,5.3,8.6,4.0,14.0,1000.6,520.0,0.0,,40.0
2023-05-15 13:00:00,1.4,1.8,,1.0,,76.0,5.4,7.7,,4.0,1000.0,621.0,0.0,,60.0
2023-05-15 14:00:00,2.3,3.0,,1.6,,68.0,4.7,6.0,2.0,1.0,999.3,695.0,0.0,,60.0
2023-05-15 15:00:00,2.9,3.5,,2.6,,62.0,5.9,7.9,21.0,8.0,998.3,379.0,0.0,,90.0
2023-05-15 16:00:00,3.9,4.3,,3.2,,55.0,5.3,7.4,24.0,23.0,998.1,198.0,0.0,,90.0
2023-05-15 17:00:00,4.5,5.3,,4.2,,49.0,4.4,6.6,13.0,16.0,998.2,249.0,0.0,,90.0
2023-05-15 18:00:00,4.3,5.3,5.3,3.2,-2.2,63.0,3.0,6.4,25.0,22.0,998.3,165.0,0.0,,90.0
2023-05-15 19:00:00,2.9,3.3,,2.5,,85.0,5.2,8.3,20.0,17.0,998.3,135.0,1.1,,90.0
2023-05-15 20:00:00,3.5,4.6,,2.9,,86.0,3.3,7.0,57.0,25.0,998.1,67.0,0.0,,100.0
2023-05-15 21:00:00,4.1,4.6,,3.8,,84.0,2.2,6.1,24.0,20.0,998.3,37.0,0.1,,100.0
2023-05-15 22:00:00,3.5,4.0,,3.0,,81.0,4.8,7.9,346.0,10.0,998.2,56.0,0.0,,100.0
2023-05-15 23:00:00,3.1,3.3,,2.9,,82.0,3.1,4.7,4.0,1.0,998.2,32.0,0.0,,100.0
2023-05-16 00:00:00,3.3,3.5,,2.8,,81.0,4.5,6.2,6.0,12.0,997.8,12.0,0.0,,100.0
2023-05-16 01:00:00,2.8,3.0,,2.6,,85.0,4.8,6.3,1.0,2.0,997.3,2.0,0.0,,90.0
2023-05-16 02:00:00,3.6,4.2,,2.7,,77.0,6.4,8.7,1.0,4.0,996.7,0.0,0.0,,90.0
2023-05-16 03:00:00,3.9,4.3,,3.6,,78.0,8.1,11.2,8.0,6.0,995.9,0.0,0.0,,90.0
2023-05-16 04:00:00,3.8,4.1,,3.3,,76.0,7.1,9.7,17.0,11.0,995.5,0.0,0.0,,90.0
2023-05-16 05:00:00,4.3,5.3,,3.4,,76.0,6.1,9.4,37.0,23.0,995.6,0.0,0.0,,90.0
2023-05-16 06:00:00,4.7,6.3,6.3,4.0,2.5,75.0,2.7,5.7,265.0,333.0,996.0,0.0,0.0,1.2,90.0
2023-05-16 07:00:00,4.2,5.6,,3.6,,77.0,1.5,4.1,0.0,212.0,996.0,4.0,0.0,,90.0
2023-05-16 08:00:00,4.9,5.5,,4.2,,73.0,1.7,2.6,30.0,350.0,996.4,15.0,0.0,,90.0
2023-05-16 09:00:00,4.3,5.5,,3.9,,81.0,2.5,3.5,359.0,17.0,996.8,32.0,0.0,,90.0
2023-05-16 10:00:00,4.0,5.1,,3.6,,83.0,3.6,4.7,20.0,360.0,996.8,51.0,0.0,,90.0
2023-05-16 11:00:00,5.2,5.7,,4.4,,76.0,3.0,3.8,7.0,16.0,997.0,128.0,0.0,,90.0
2023-05-16 12:00:00,5.9,6.4,,5.3,,72.0,2.3,3.2,359.0,4.0,997.3,208.0,0.0,,90.0
2023-05-16 13:00:00,6.2,6.4,,5.6,,71.0,2.9,8.6,128.0,19.0,997.7,210.0,0.0,,90.0
2023-05-16 14:00:00,5.0,5.7,,4.6,,79.0,7.4,11.4,156.0,146.0,998.0,318.0,0.0,,90.0
2023-05-16 15:00:00,3.9,4.6,,3.3,,84.0,9.3,13.0,144.0,142.0,998.3,175.0,0.0,,90.0
2023-05-16 16:00:00,3.3,3.6,,3.2,,89.0,8.5,12.1,155.0,150.0,998.8,233.0,0.0,,90.0
2023-05-16 17:00:00,3.4,3.7,,3.2,,89.0,5.6,9.2,171.0,161.0,999.3,205.0,0.0,,100.0
2023-05-16 18:00:00,2.9,3.4,6.4,2.5,2.5,92.0,4.0,6.4,162.0,174.0,999.7,124.0,0.0,,100.0
2023-05-16 19:00:00,2.5,2.8,,2.3,,95.0,3.0,4.3,164.0,164.0,1000.1,95.0,0.0,,100.0
2023-05-16 20:00:00,2.3,2.5,,2.2,,96.0,3.6,5.0,174.0,171.0,1000.4,89.0,0.0,,100.0
2023-05-16 21:00:00,2.3,2.6,,2.1,,96.0,3.1,4.6,148.0,165.0,1000.8,79.0,0.0,,90.0
2023-05-16 22:00:00,2.2,2.4,,2.0,,95.0,3.8,5.4,160.0,161.0,1000.8,64.0,0.0,,100.0
2023-05-16 23:00:00,2.3,2.4,,2.1,,94.0,4.6,7.2,148.0,153.0,1001.0,59.0,0.0,,100.0
2023-05-17 00:00:00,2.2,2.4,,2.1,,95.0,5.1,6.8,147.0,147.0,1001.1,21.0,0.0,,90.0
2023-05-17 01:00:00,2.5,2.6,,2.4,,91.0,5.0,6.9,147.0,148.0,1001.2,5.0,0.0,,90.0
2023-05-17 02:00:00,2.6,2.7,,2.4,,89.0,5.3,7.3,154.0,148.0,1001.2,0.0,0.0,,100.0
2023-05-17 03:00:00,2.0,2.7,,1.1,,93.0,3.9,7.2,183.0,173.0,1001.1,0.0,0.0,,100.0
2023-05-17 04:00:00,0.9,1.1,,0.5,,98.0,3.9,5.5,199.0,184.0,1001.0,0.0,0.0,,90.0
2023-05-17 05:00:00,0.4,0.6,,0.3,,99.0,3.5,5.0,204.0,197.0,1001.0,0.0,0.0,,90.0
2023-05-17 06:00:00,0.3,0.4,2.8,0.2,0.2,99.0,2.0,3.9,184.0,198.0,1000.8,0.0,0.0,0.0,100.0
2023-05-17 07:00:00,0.3,0.4,,0.2,,98.0,1.3,2.1,187.0,183.0,1000.8,6.0,0.0,,100.0
2023-05-17 08:00:00,0.3,0.5,,0.3,,97.0,0.8,1.4,191.0,191.0,1000.6,29.0,0.0,,100.0
2023-05-17 09:00:00,0.4,0.6,,0.4,,97.0,0.7,1.5,270.0,245.0,1000.3,76.0,0.0,,90.0
2023-05-17 10:00:00,0.3,0.6,,0.0,,97.0,1.2,2.2,287.0,285.0,1000.1,112.0,0.0,,100.0
2023-05-17 11:00:00,0.2,0.5,,0.0,,97.0,1.0,2.4,289.0,312.0,1000.0,166.0,0.0,,100.0
2023-05-17 12:00:00,0.3,0.8,,0.1,,98.0,1.5,2.5,330.0,307.0,999.4,233.0,0.0,,90.0
2023-05-17 13:00:00,0.5,0.7,,0.3,,98.0,1.9,2.9,270.0,279.0,999.2,276.0,0.0,,
2023-05-17 14:00:00,1.0,2.0,,0.4,,98.0,1.2,2.7,240.0,273.0,999.1,498.0,0.0,,90.0
2023-05-17 15:00:00,3.0,4.2,,1.7,,88.0,1.1,3.4,189.0,246.0,998.6,698.0,0.0,,0.0
2023-05-17 16:00:00,3.1,4.1,,2.5,,85.0,2.5,4.1,189.0,202.0,998.3,745.0,0.0,,10.0
2023-05-17 17:00:00,3.6,4.4,,2.9,,81.0,2.8,5.4,173.0,186.0,998.2,723.0,0.0,,10.0
2023-05-17 18:00:00,2.9,3.9,4.4,2.1,0.0,83.0,3.0,5.2,216.0,198.0,998.6,664.0,0.0,,10.0
2023-05-17 19:00:00,2.7,3.4,,2.3,,84.0,2.4,4.1,199.0,204.0,998.6,609.0,0.0,,10.0
2023-05-17 20:00:00,2.2,2.9,,1.8,,86.0,2.8,4.3,186.0,196.0,998.4,398.0,0.0,,40.0
2023-05-17 21:00:00,1.8,2.3,,0.7,,87.0,4.2,6.0,192.0,183.0,998.4,382.0,0.0,,40.0
2023-05-17 22:00:00,0.3,1.5,,-0.2,,94.0,4.0,5.5,173.0,177.0,998.5,249.0,0.0,,90.0
2023-05-17 23:00:00,0.1,0.3,,-0.1,,97.0,4.9,7.0,178.0,178.0,998.5,95.0,0.0,,
2023-05-18 00:00:00,-0.1,0.0,,-0.4,,98.0,5.3,7.2,165.0,170.0,998.5,56.0,0.0,,90.0
2023-05-18 01:00:00,-0.3,-0.1,,-0.4,,99.0,5.2,6.8,163.0,169.0,998.7,15.0,0.0,,90.0
2023-05-18 02:00:00,-0.2,0.0,,-0.3,,99.0,4.1,6.1,174.0,171.0,998.7,0.0,0.0,,100.0
2023-05-18 03:00:00,-0.1,0.0,,-0.2,,99.0,3.0,4.6,151.0,159.0,998.6,0.0,0.0,,90.0
2023-05-18 04:00:00,0.1,0.4,,0.0,,99.0,2.7,4.0,184.0,173.0,998.5,0.0,0.0,,90.0
2023-05-18 05:00:00,0.3,0.4,,0.1,,99.0,2.0,3.2,179.0,178.0,998.6,0.0,0.2,,100.0
2023-05-18 06:00:00,0.8,1.1,3.4,0.3,-0.4,99.0,6.1,10.8,145.0,156.0,998.8,0.0,0.5,0.7,100.0
2023-05-18 07:00:00,1.0,1.6,,0.7,,98.0,8.1,12.4,140.0,143.0,998.5,4.0,0.0,,90.0
2023-05-18 08:00:00,2.0,2.4,,1.6,,88.0,6.8,10.6,146.0,139.0,998.0,30.0,0.0,,90.0
2023-05-18 09:00:00,2.9,3.2,,2.4,,79.0,7.3,11.6,154.0,148.0,998.1,74.0,0.0,,60.0
2023-05-18 10:00:00,1.9,2.9,,1.6,,89.0,12.0,19.7,137.0,139.0,998.1,111.0,0.0,,90.0
2023-05-18 11:00:00,1.7,1.8,,1.6,,90.0,12.4,18.8,143.0,141.0,998.6,216.0,0.0,,90.0
2023-05-18 12:00:00,1.8,1.9,,1.7,,77.0,12.7,18.7,133.0,135.0,998.2,243.0,0.0,,90.0
2023-05-18 13:00:00,2.4,2.7,,1.9,,71.0,11.7,17.1,147.0,142.0,998.1,399.0,0.0,,60.0
2023-05-18 14:00:00,2.5,2.8,,2.3,,71.0,10.1,14.8,146.0,143.0,997.8,465.0,0.0,,90.0
2023-05-18 15:00:00,2.9,3.3,,2.7,,67.0,10.2,14.0,150.0,146.0,996.7,754.0,0.0,,60.0
2023-05-18 16:00:00,3.1,3.6,,2.7,,68.0,9.3,13.7,149.0,149.0,995.9,754.0,0.0,,60.0
2023-05-18 17:00:00,3.8,4.5,,3.0,,62.0,6.8,9.8,174.0,171.0,994.8,735.0,0.0,,40.0
2023-05-18 18:00:00,3.3,3.9,4.5,3.0,0.7,62.0,4.9,8.1,202.0,194.0,993.6,699.0,0.0,,10.0
2023-05-18 19:00:00,2.7,3.1,,2.2,,65.0,4.4,6.3,212.0,211.0,992.4,597.0,0.0,,10.0
2023-05-18 20:00:00,2.7,3.2,,2.2,,62.0,2.7,4.6,230.0,223.0,990.7,497.0,0.0,,60.0
2023-05-18 21:00:00,3.1,3.7,,2.4,,61.0,2.3,3.9,261.0,252.0,989.1,380.0,0.0,,10.0
2023-05-18 22:00:00,2.8,3.2,,2.5,,67.0,3.9,5.9,299.0,283.0,987.5,268.0,0.0,,40.0
2023-05-18 23:00:00,2.5,2.8,,2.1,,68.0,5.6,7.5,305.0,305.0,986.1,133.0,0.0,,90.0
2023-05-19 00:00:00,1.8,2.1,,1.5,,72.0,5.0,7.7,315.0,314.0,984.7,59.0,0.0,,60.0
2023-05-19 01:00:00,1.2,1.5,,0.8,,76.0,4.7,6.2,332.0,329.0,983.4,15.0,0.0,,90.0
2023-05-19 02:00:00,0.6,0.8,,0.3,,79.0,5.4,7.3,335.0,328.0,981.8,1.0,0.0,,90.0
2023-05-19 03:00:00,0.3,0.4,,0.2,,81.0,5.5,7.4,321.0,328.0,980.9,0.0,0.0,,60.0
2023-05-19 04:00:00,0.0,0.3,,-0.2,,85.0,2.9,6.7,336.0,327.0,980.4,0.0,0.0,,60.0
2023-05-19 05:00:00,0.1,0.2,,-0.2,,86.0,3.6,7.4,326.0,325.0,980.2,0.0,0.0,,90.0
2023-05-19 06:00:00,0.3,0.4,3.7,0.2,-0.2,86.0,3.6,6.0,317.0,312.0,980.6,1.0,0.0,0.0,90.0
2023-05-19 07:00:00,0.3,0.4,,0.3,,86.0,2.0,4.0,309.0,313.0,980.9,5.0,0.0,,100.0
2023-05-19 08:00:00,0.4,0.5,,0.3,,88.0,0.8,2.3,245.0,268.0,981.3,13.0,0.0,,100.0
2023-05-19 09:00:00,0.5,0.5,,0.4,,91.0,2.3,5.1,258.0,255.0,981.8,26.0,0.0,,100.0
2023-05-19 10:00:00,0.5,0.6,,0.4,,92.0,3.2,5.8,273.0,267.0,982.7,54.0,0.0,,100.0
2023-05-19 11:00:00,0.5,0.6,,0.4,,90.0,3.2,6.6,278.0,277.0,983.5,101.0,0.0,,100.0
2023-05-19 12:00:00,0.7,0.8,,0.5,,88.0,4.0,6.3,231.0,239.0,984.2,106.0,0.0,,100.0
2023-05-19 13:00:00,0.6,0.7,,0.4,,88.0,5.0,7.6,203.0,219.0,985.2,108.0,0.0,,100.0
2023-05-19 14:00:00,0.6,0.7,,0.5,,90.0,4.8,7.2,193.0,198.0,986.0,217.0,0.0,,90.0
2023-05-19 15:00:00,0.6,1.0,,0.2,,91.0,5.3,7.7,184.0,186.0,986.3,288.0,0.0,,100.0
2023-05-19 16:00:00,0.3,0.6,,0.1,,96.0,6.1,9.2,170.0,166.0,987.7,203.0,0.3,,90.0
2023-05-19 17:00:00,-0.1,0.5,,-0.7,,98.0,8.5,15.1,188.0,182.0,989.2,173.0,0.4,,
2023-05-19 18:00:00,-0.7,-0.5,1.0,-0.9,-0.9,97.0,9.0,12.7,180.0,180.0,990.3,133.0,0.2,,100.0
2023-05-19 19:00:00,-1.2,-0.9,,-1.4,,97.0,9.4,14.1,162.0,165.0,991.4,129.0,1.3,,
2023-05-19 20:00:00,-1.0,-0.7,,-1.1,,95.0,7.2,10.8,188.0,185.0,992.5,141.0,0.2,,100.0
2023-05-19 21:00:00,-1.4,-0.9,,-1.9,,94.0,8.4,13.2,209.0,212.0,993.9,137.0,0.3,,90.0
2023-05-19 22:00:00,-1.2,-1.0,,-1.5,,83.0,6.3,10.4,188.0,201.0,994.9,89.0,0.0,,90.0
2023-05-19 23:00:00,-0.9,-0.8,,-1.1,,76.0,6.9,10.0,163.0,177.0,995.5,52.0,0.0,,90.0
2023-05-20 00:00:00,-0.9,-0.7,,-1.8,,76.0,6.5,10.2,180.0,181.0,996.4,18.0,0.3,,
2023-05-20 01:00:00,-1.2,-0.6,,-1.9,,86.0,6.6,12.1,158.0,173.0,996.9,3.0,0.5,,90.0
2023-05-20 02:00:00,-0.9,-0.6,,-1.4,,83.0,9.3,13.4,167.0,156.0,997.2,0.0,0.0,,90.0
2023-05-20 03:00:00,-1.6,-1.2,,-2.0,,89.0,8.9,13.2,150.0,152.0,997.5,0.0,0.0,,90.0
2023-05-20 04:00:00,-1.5,-1.2,,-1.7,,89.0,7.6,12.4,151.0,151.0,998.1,0.0,0.2,,90.0
2023-05-20 05:00:00,-1.3,-1.1,,-1.4,,89.0,9.5,13.7,138.0,138.0,998.0,0.0,0.0,,90.0
2023-05-20 06:00:00,-1.3,-1.1,-0.6,-1.6,-2.0,90.0,8.8,13.4,140.0,138.0,998.2,0.0,0.2,3.9,90.0
2023-05-20 07:00:00,-1.4,-1.1,,-1.6,,92.0,9.5,15.2,148.0,145.0,998.7,6.0,0.0,,100.0
2023-05-20 08:00:00,-1.3,-1.0,,-1.7,,88.0,8.3,13.0,139.0,147.0,998.4,17.0,0.4,,90.0
2023-05-20 09:00:00,-0.9,-0.3,,-1.8,,78.0,9.8,14.1,132.0,132.0,998.2,71.0,0.0,,90.0
2023-05-20 10:00:00,-0.8,-0.1,,-2.0,,74.0,10.2,17.4,146.0,139.0,998.7,112.0,0.0,,
2023-05-20 11:00:00,-2.1,-1.4,,-2.4,,94.0,7.4,11.1,128.0,143.0,999.7,144.0,1.3,,90.0
2023-05-20 12:00:00,-1.1,-0.9,,-1.4,,78.0,7.0,12.5,133.0,134.0,999.7,396.0,0.0,,40.0
2023-05-20 13:00:00,-1.1,-0.2,,-2.0,,85.0,6.5,10.9,146.0,139.0,1000.2,334.0,0.8,,
2023-05-20 14:00:00,-1.4,-0.7,,-1.8,,90.0,6.6,10.1,134.0,131.0,1000.3,391.0,0.3,,90.0
2023-05-20 15:00:00,-1.1,-0.4,,-1.7,,89.0,6.2,11.1,151.0,144.0,1000.5,530.0,0.3,,60.0
2023-05-20 16:00:00,-0.6,-0.2,,-0.9,,86.0,5.7,8.5,138.0,136.0,1000.5,573.0,0.0,,90.0
2023-05-20 17:00:00,-1.4,-0.6,,-2.2,,90.0,5.1,8.7,145.0,151.0,1000.9,275.0,0.3,,90.0
2023-05-20 18:00:00,-1.3,-0.8,-0.1,-3.1,-3.1,89.0,5.5,7.7,137.0,136.0,1001.3,362.0,0.0,,90.0
2023-05-20 19:00:00,-0.2,0.5,,-0.9,,76.0,5.5,8.4,192.0,164.0,1001.5,476.0,0.0,,40.0
2023-05-20 20:00:00,0.3,0.7,,0.0,,66.0,5.1,7.9,178.0,183.0,1001.7,519.0,0.0,,40.0
2023-05-20 21:00:00,0.3,0.6,,-0.1,,69.0,5.8,9.3,185.0,178.0,1002.1,448.0,0.0,,60.0
2023-05-20 22:00:00,-0.5,0.0,,-1.0,,77.0,4.4,6.6,192.0,198.0,1002.9,269.0,0.0,,60.0
2023-05-20 23:00:00,-0.6,-0.1,,-0.9,,77.0,3.6,6.1,166.0,179.0,1003.2,160.0,0.0,,60.0
2023-05-21 00:00:00,-0.8,-0.7,,-0.9,,78.0,4.3,6.4,183.0,178.0,1003.9,57.0,0.0,,60.0
2023-05-21 01:00:00,-0.9,-0.7,,-1.1,,73.0,3.5,5.5,170.0,182.0,1004.4,13.0,0.0,,90.0
2023-05-21 02:00:00,-1.1,-1.0,,-1.5,,74.0,3.8,6.6,147.0,159.0,1004.7,1.0,0.0,,60.0
2023-05-21 03:00:00,-1.5,-1.4,,-1.6,,83.0,4.7,7.2,140.0,145.0,1005.2,0.0,0.0,,60.0
2023-05-21 04:00:00,-1.5,-1.4,,-1.6,,82.0,6.3,9.6,136.0,138.0,1005.0,0.0,0.0,,60.0
2023-05-21 05:00:00,-1.9,-1.7,,-2.1,,87.0,6.7,9.5,136.0,137.0,1005.7,0.0,0.0,,40.0
2023-05-21 06:00:00,-1.7,-1.6,0.7,-2.0,-2.1,83.0,6.1,8.5,137.0,136.0,1006.3,1.0,0.0,3.4,90.0
2023-05-21 07:00:00,-1.6,-1.5,,-1.7,,83.0,5.6,8.3,140.0,138.0,1006.8,15.0,0.0,,90.0
2023-05-21 08:00:00,-1.5,-1.3,,-1.6,,77.0,5.9,8.8,137.0,138.0,1006.9,51.0,0.0,,60.0
2023-05-21 09:00:00,-1.2,-0.9,,-1.4,,73.0,5.8,8.3,145.0,140.0,1007.2,196.0,0.0,,60.0
2023-05-21 10:00:00,-0.6,-0.3,,-1.0,,65.0,5.6,8.2,137.0,140.0,1007.5,305.0,0.0,,60.0
2023-05-21 11:00:00,-0.3,0.1,,-0.7,,60.0,5.4,8.3,129.0,134.0,1007.7,395.0,0.0,,60.0
2023-05-21 12:00:00,-0.2,0.3,,-0.5,,56.0,5.1,7.8,120.0,121.0,1007.9,380.0,0.0,,60.0
2023-05-21 13:00:00,0.4,0.8,,0.0,,54.0,4.7,7.6,119.0,128.0,1008.0,647.0,0.0,,60.0
2023-05-21 14:00:00,0.8,1.5,,0.3,,51.0,3.8,6.6,129.0,131.0,1007.8,715.0,0.0,,40.0
2023-05-21 15:00:00,1.2,2.2,,0.5,,50.0,3.9,6.6,144.0,143.0,1007.5,790.0,0.0,,40.0
2023-05-21 16:00:00,1.6,2.6,,0.7,,50.0,2.4,6.7,292.0,184.0,1006.9,790.0,0.0,,10.0
2023-05-21 17:00:00,1.0,1.7,,0.4,,58.0,2.7,4.1,267.0,266.0,1006.3,737.0,0.0,,60.0
2023-05-21 18:00:00,1.0,1.4,2.6,0.3,-1.7,58.0,1.9,3.3,345.0,292.0,1005.6,680.0,0.0,,90.0
2023-05-21 19:00:00,1.2,1.9,,0.8,,56.0,3.1,5.4,358.0,335.0,1004.9,619.0,0.0,,60.0
2023-05-21 20:00:00,1.6,2.3,,1.3,,58.0,4.3,5.9,332.0,345.0,1003.9,515.0,0.0,,90.0
2023-05-21 21:00:00,2.1,2.4,,1.7,,58.0,4.7,6.9,338.0,339.0,1002.9,405.0,0.0,,60.0
2023-05-21 22:00:00,2.2,2.7,,1.7,,57.0,4.5,6.6,8.0,356.0,1001.8,297.0,0.0,,90.0
2023-05-21 23:00:00,2.5,2.6,,2.3,,49.0,5.0,7.8,13.0,9.0,1000.9,147.0,0.0,,90.0
2023-05-22 00:00:00,2.3,2.3,,2.1,,52.0,5.3,7.3,13.0,12.0,999.7,41.0,0.0,,90.0
2023-05-22 01:00:00,2.3,2.4,,2.1,,49.0,4.6,6.3,16.0,19.0,999.1,22.0,0.0,,90.0
2023-05-22 02:00:00,1.6,2.2,,1.1,,61.0,3.8,6.7,358.0,359.0,998.2,2.0,0.0,,90.0
2023-05-22 03:00:00,1.1,1.4,,0.8,,64.0,3.3,4.6,352.0,353.0,997.1,0.0,0.0,,90.0
2023-05-22 04:00:00,0.6,1.0,,0.4,,67.0,3.3,4.6,352.0,352.0,995.9,0.0,0.0,,90.0
2023-05-22 05:00:00,0.4,0.7,,0.2,,61.0,3.3,4.4,347.0,351.0,995.1,0.0,0.0,,90.0
2023-05-22 06:00:00,0.1,0.3,2.7,-0.1,-0.1,64.0,2.8,4.0,12.0,1.0,994.4,2.0,0.0,0.0,90.0
2023-05-22 07:00:00,-0.2,0.0,,-0.4,,69.0,2.5,3.2,343.0,350.0,993.6,20.0,0.0,,60.0
2023-05-22 08:00:00,-0.3,0.0,,-0.5,,71.0,3.0,3.8,352.0,345.0,992.6,64.0,0.0,,90.0
2023-05-22 09:00:00,0.1,0.2,,-0.1,,74.0,3.4,4.8,338.0,349.0,991.9,149.0,0.0,,60.0
2023-05-22 10:00:00,0.1,0.4,,0.0,,73.0,4.1,5.0,335.0,338.0,991.3,211.0,0.0,,40.0
2023-05-22 11:00:00,0.5,0.7,,0.3,,66.0,4.2,5.0,339.0,337.0,990.7,336.0,0.0,,60.0
2023-05-22 12:00:00,0.9,1.1,,0.7,,62.0,3.7,4.7,337.0,338.0,990.2,387.0,0.0,,60.0
2023-05-22 13:00:00,1.2,1.7,,1.0,,58.0,2.7,4.0,324.0,326.0,990.0,408.0,0.0,,60.0
2023-05-22 14:00:00,2.2,2.5,,1.7,,46.0,2.2,5.6,279.0,304.0,989.5,646.0,0.0,,40.0
2023-05-22 15:00:00,2.3,2.6,,1.8,,52.0,4.1,5.6,277.0,279.0,988.7,765.0,0.0,,40.0
2023-05-22 16:00:00,2.5,2.9,,2.1,,49.0,4.9,7.2,277.0,277.0,988.0,658.0,0.0,,10.0
2023-05-22 17:00:00,2.1,2.5,,1.8,,58.0,5.3,7.1,273.0,274.0,988.3,378.0,0.0,,40.0
2023-05-22 18:00:00,1.7,2.0,2.9,1.6,-0.5,63.0,5.6,7.4,269.0,270.0,988.6,345.0,0.0,,40.0
2023-05-22 19:00:00,1.4,1.8,,1.2,,72.0,5.6,7.5,266.0,267.0,988.8,306.0,0.0,,40.0
2023-05-22 20:00:00,1.2,1.4,,0.8,,78.0,5.9,8.9,263.0,266.0,989.2,282.0,0.0,,60.0
2023-05-22 21:00:00,0.8,1.0,,0.5,,78.0,6.0,9.0,255.0,260.0,990.5,203.0,0.0,,60.0
2023-05-22 22:00:00,0.6,0.7,,0.5,,78.0,5.6,8.2,256.0,257.0,991.9,132.0,0.0,,90.0
2023-05-22 23:00:00,0.5,0.6,,0.4,,80.0,6.3,10.0,258.0,258.0,993.5,54.0,0.0,,90.0
2023-05-23 00:00:00,0.2,0.4,,0.0,,83.0,8.7,13.8,269.0,266.0,995.3,15.0,0.0,,100.0
2023-05-23 01:00:00,-0.5,0.0,,-0.9,,82.0,13.0,17.1,272.0,274.0,997.6,2.0,0.0,,100.0
2023-05-23 02:00:00,-1.3,-0.9,,-1.6,,77.0,13.4,18.5,264.0,270.0,999.8,0.0,0.0,,100.0
2023-05-23 03:00:00,-1.9,-1.5,,-2.2,,82.0,11.4,16.0,256.0,261.0,1002.0,0.0,0.0,,90.0
2023-05-23 04:00:00,-2.2,-2.1,,-2.3,,85.0,10.3,15.4,259.0,259.0,1003.8,0.0,0.0,,90.0
2023-05-23 05:00:00,-2.2,-2.0,,-2.3,,84.0,8.9,12.7,255.0,256.0,1005.4,0.0,0.0,,100.0
2023-05-23 06:00:00,-2.6,-2.1,1.8,-2.9,-2.9,92.0,8.7,14.7,258.0,261.0,1007.2,0.0,0.6,0.6,100.0
2023-05-23 07:00:00,-3.0,-2.8,,-3.3,,90.0,11.1,15.1,257.0,256.0,1009.0,6.0,0.3,,100.0
2023-05-23 08:00:00,-2.9,-2.4,,-3.4,,78.0,9.1,14.9,255.0,260.0,1010.7,29.0,0.0,,90.0
2023-05-23 09:00:00,-3.0,-2.4,,-3.9,,83.0,7.1,14.5,274.0,268.0,1012.2,56.0,0.0,,90.0
2023-05-23 10:00:00,-2.4,-1.9,,-2.8,,70.0,5.0,9.1,225.0,252.0,1013.4,139.0,0.0,,90.0
2023-05-23 11:00:00,-2.3,-1.9,,-2.5,,68.0,4.2,8.8,261.0,261.0,1014.4,204.0,0.0,,90.0
2023-05-23 12:00:00,-2.4,-2.3,,-2.6,,80.0,3.7,6.0,188.0,214.0,1014.9,261.0,0.0,,100.0
2023-05-23 13:00:00,-2.4,-2.0,,-2.7,,89.0,6.3,11.0,153.0,166.0,1014.9,313.0,0.4,,90.0
2023-05-23 14:00:00,-2.4,-1.9,,-2.6,,91.0,9.0,12.8,168.0,153.0,1015.7,211.0,0.5,,90.0
2023-05-23 15:00:00,-1.7,-0.8,,-2.7,,87.0,6.6,11.8,183.0,176.0,1016.0,454.0,0.0,,90.0
2023-05-23 16:00:00,-1.0,-0.7,,-1.4,,69.0,8.0,12.1,192.0,193.0,1016.3,565.0,0.0,,90.0
2023-05-23 17:00:00,-0.3,0.4,,-0.9,,64.0,8.5,12.9,175.0,181.0,1016.6,660.0,0.0,,60.0
2023-05-23 18:00:00,-0.4,0.3,0.4,-0.8,-3.9,63.0,9.1,12.3,176.0,178.0,1017.0,478.0,0.0,,60.0
2023-05-23 19:00:00,-1.1,-0.5,,-1.6,,72.0,8.8,12.4,154.0,163.0,1017.4,279.0,0.0,,90.0
2023-05-23 20:00:00,-1.2,-0.8,,-1.5,,74.0,9.6,13.7,151.0,154.0,1016.9,229.0,0.0,,90.0
2023-05-23 21:00:00,-1.1,-0.7,,-1.4,,78.0,10.8,15.5,149.0,149.0,1016.8,259.0,0.0,,90.0
2023-05-23 22:00:00,-1.6,-1.2,,-1.9,,86.0,10.9,15.3,147.0,148.0,1016.9,119.0,0.0,,90.0
2023-05-23 23:00:00,-1.6,-1.4,,-1.7,,88.0,9.6,13.6,138.0,138.0,1016.6,55.0,0.0,,100.0
2023-05-24 00:00:00,-1.7,-1.6,,-1.8,,88.0,9.0,12.7,140.0,137.0,1016.5,20.0,0.0,,100.0
2023-05-24 01:00:00,-1.4,-1.1,,-1.9,,82.0,9.7,14.3,135.0,135.0,1016.1,5.0,0.0,,100.0
2023-05-24 02:00:00,-0.9,-0.8,,-1.2,,75.0,9.3,14.2,138.0,134.0,1016.0,0.0,0.0,,100.0
2023-05-24 03:00:00,-0.8,-0.6,,-1.0,,74.0,7.6,11.4,136.0,135.0,1015.3,0.0,0.0,,90.0
2023-05-24 04:00:00,-0.8,-0.6,,-1.0,,74.0,6.7,11.1,137.0,139.0,1014.7,0.0,0.0,,100.0
2023-05-24 05:00:00,-0.5,-0.2,,-0.8,,67.0,6.4,11.0,123.0,132.0,1014.1,0.0,0.0,,90.0
2023-05-24 06:00:00,0.2,0.5,0.5,-0.2,-1.9,59.0,5.3,10.5,115.0,118.0,1013.8,1.0,0.0,1.2,90.0
2023-05-24 07:00:00,0.5,0.6,,0.4,,58.0,2.5,5.9,23.0,82.0,1013.3,8.0,0.0,,90.0
2023-05-24 08:00:00,0.3,0.5,,0.2,,59.0,3.7,6.4,45.0,49.0,1012.9,25.0,0.0,,90.0
2023-05-24 09:00:00,0.4,0.5,,0.2,,61.0,4.3,6.9,42.0,39.0,1012.3,75.0,0.0,,90.0
2023-05-24 10:00:00,0.6,0.8,,0.4,,61.0,4.3,8.1,43.0,48.0,1012.1,87.0,0.0,,100.0
2023-05-24 11:00:00,0.1,0.5,,-0.2,,71.0,5.8,9.1,42.0,42.0,1011.8,131.0,0.0,,90.0
2023-05-24 12:00:00,0.1,0.6,,-0.2,,74.0,6.6,10.1,40.0,39.0,1011.2,200.0,0.0,,90.0
2023-05-24 13:00:00,0.8,1.4,,0.4,,69.0,6.3,9.9,21.0,37.0,1011.1,259.0,0.0,,90.0
2023-05-24 14:00:00,1.6,2.1,,1.2,,65.0,6.4,8.8,27.0,23.0,1011.0,404.0,0.0,,90.0
2023-05-24 15:00:00,2.5,2.8,,1.9,,61.0,5.4,7.4,8.0,16.0,1011.0,448.0,0.0,,90.0
2023-05-24 16:00:00,2.7,3.3,,2.3,,59.0,5.4,7.8,10.0,14.0,1011.5,445.0,0.0,,90.0
2023-05-24 17:00:00,2.7,2.9,,2.5,,60.0,3.6,5.9,360.0,1.0,1012.1,319.0,0.0,,100.0
2023-05-24 18:00:00,3.2,3.7,3.7,2.8,-0.2,58.0,2.4,3.7,354.0,357.0,1012.7,475.0,0.0,,90.0
2023-05-24 19:00:00,3.8,4.3,,3.4,,56.0,2.1,3.4,328.0,347.0,1013.0,398.0,0.0,,90.0
2023-05-24 20:00:00,3.7,4.3,,2.1,,60.0,3.3,10.6,168.0,58.0,1014.1,253.0,0.0,,90.0
2023-05-24 21:00:00,1.8,2.2,,1.4,,86.0,6.4,10.0,161.0,165.0,1014.8,149.0,0.0,,90.0
2023-05-24 22:00:00,2.0,2.3,,1.5,,84.0,4.5,8.7,166.0,166.0,1015.2,151.0,0.0,,100.0
2023-05-24 23:00:00,1.8,2.2,,1.4,,82.0,6.5,10.6,135.0,150.0,1015.8,112.0,0.0,,90.0
2023-05-25 00:00:00,1.5,1.6,,1.4,,83.0,5.7,10.4,131.0,129.0,1016.1,24.0,0.0,,100.0
2023-05-25 01:00:00,1.4,1.5,,1.3,,81.0,7.7,11.7,132.0,132.0,1016.4,8.0,0.0,,90.0
2023-05-25 02:00:00,1.3,1.4,,1.1,,80.0,7.8,12.6,132.0,132.0,1016.6,1.0,0.0,,90.0
2023-05-25 03:00:00,1.0,1.1,,0.9,,82.0,7.2,10.6,128.0,128.0,1016.7,0.0,0.0,,90.0
2023-05-25 04:00:00,1.0,1.0,,0.9,,81.0,7.1,12.9,132.0,127.0,1016.7,0.0,0.0,,60.0
2023-05-25 05:00:00,0.9,1.0,,0.7,,80.0,5.6,8.3,152.0,145.0,1016.8,0.0,0.0,,90.0
2023-05-25 06:00:00,0.6,0.7,4.3,0.4,0.4,82.0,4.3,5.8,147.0,153.0,1016.5,3.0,0.0,0.0,60.0
2023-05-25 07:00:00,0.6,0.8,,0.4,,80.0,3.1,4.6,131.0,131.0,1016.8,24.0,0.0,,60.0
2023-05-25 08:00:00,0.8,1.0,,0.7,,78.0,1.7,2.6,139.0,131.0,1016.9,52.0,0.0,,60.0
2023-05-25 09:00:00,1.0,1.3,,0.7,,77.0,0.5,1.7,266.0,38.0,1016.9,73.0,0.0,,90.0
2023-05-25 10:00:00,0.8,1.1,,0.6,,81.0,0.9,1.6,264.0,265.0,1017.0,139.0,0.0,,100.0
2023-05-25 11:00:00,1.1,1.5,,0.8,,82.0,1.1,2.5,346.0,295.0,1016.9,267.0,0.0,,100.0
2023-05-25 12:00:00,1.5,1.9,,1.3,,82.0,2.2,3.6,342.0,346.0,1017.0,368.0,0.0,,100.0
2023-05-25 13:00:00,1.9,2.5,,1.4,,81.0,2.1,4.8,311.0,337.0,1016.9,420.0,0.0,,90.0
2023-05-25 14:00:00,1.7,2.3,,1.4,,89.0,3.8,5.1,263.0,262.0,1016.9,650.0,0.0,,40.0
2023-05-25 15:00:00,2.1,3.1,,1.6,,87.0,3.3,5.1,265.0,267.0,1016.6,788.0,0.0,,40.0
2023-05-25 16:00:00,2.3,3.3,,1.6,,84.0,3.4,5.9,278.0,284.0,1016.5,601.0,0.0,,60.0
2023-05-25 17:00:00,2.5,3.3,,1.9,,83.0,3.9,6.4,279.0,299.0,1016.5,511.0,0.0,,90.0
2023-05-25 18:00:00,2.7,3.0,3.3,2.5,0.4,77.0,4.5,6.7,291.0,283.0,1016.6,425.0,0.0,,100.0
2023-05-25 19:00:00,2.7,3.1,,2.2,,76.0,5.0,8.2,297.0,296.0,1016.9,411.0,0.0,,90.0
2023-05-25 20:00:00,2.2,2.5,,1.9,,77.0,6.4,8.6,284.0,293.0,1017.5,549.0,0.0,,90.0
2023-05-25 21:00:00,1.6,2.2,,1.1,,78.0,5.9,7.9,283.0,283.0,1017.8,333.0,0.0,,90.0
2023-05-25 22:00:00,1.4,1.9,,0.6,,75.0,6.0,8.2,290.0,284.0,1018.3,297.0,0.0,,100.0
2023-05-25 23:00:00,0.2,0.6,,-0.3,,78.0,5.6,7.9,293.0,287.0,1018.7,85.0,0.0,,90.0
2023-05-26 00:00:00,-0.6,-0.2,,-0.8,,81.0,5.1,6.8,285.0,288.0,1019.0,38.0,0.0,,60.0
2023-05-26 01:00:00,-0.9,-0.7,,-1.1,,82.0,4.5,6.3,286.0,285.0,1019.1,17.0,0.0,,100.0
2023-05-26 02:00:00,-1.1,-1.0,,-1.2,,81.0,4.0,5.5,263.0,271.0,1019.1,1.0,0.0,,100.0
2023-05-26 03:00:00,-1.1,-1.0,,-1.2,,81.0,3.1,4.6,258.0,261.0,1019.6,0.0,0.0,,100.0
2023-05-26 04:00:00,-1.0,-0.9,,-1.1,,79.0,1.0,2.9,220.0,242.0,1019.7,0.0,0.0,,100.0
2023-05-26 05:00:00,-0.8,-0.6,,-1.0,,77.0,2.3,4.5,213.0,197.0,1019.8,0.0,0.0,,100.0
2023-05-26 06:00:00,-0.9,-0.7,3.1,-1.0,-1.2,77.0,3.4,5.1,186.0,204.0,1019.8,1.0,0.0,0.0,100.0
2023-05-26 07:00:00,-0.8,-0.6,,-0.9,,76.0,4.6,7.8,168.0,171.0,1020.5,7.0,0.0,,90.0
2023-05-26 08:00:00,-0.7,-0.6,,-0.8,,74.0,6.2,10.0,176.0,176.0,1020.9,20.0,0.0,,100.0
2023-05-26 09:00:00,-0.7,-0.5,,-0.9,,71.0,6.5,9.8,157.0,164.0,1021.0,52.0,0.0,,100.0
2023-05-26 10:00:00,-0.5,-0.3,,-0.6,,71.0,7.3,11.0,156.0,161.0,1021.3,79.0,0.0,,90.0
2023-05-26 11:00:00,-0.3,-0.1,,-0.5,,75.0,8.6,13.1,159.0,156.0,1021.2,105.0,0.0,,90.0
2023-05-26 12:00:00,0.0,0.4,,-0.1,,72.0,9.3,14.2,154.0,155.0,1020.9,162.0,0.0,,100.0
2023-05-26 13:00:00,0.1,0.3,,0.0,,71.0,11.4,16.6,149.0,152.0,1020.5,198.0,0.0,,100.0
2023-05-26 14:00:00,0.3,0.5,,0.0,,73.0,11.7,17.1,157.0,154.0,1021.3,253.0,0.0,,90.0
2023-05-26 15:00:00,0.5,0.8,,0.4,,72.0,12.3,17.8,149.0,154.0,1019.8,277.0,0.0,,90.0
2023-05-26 16:00:00,0.8,1.0,,0.6,,71.0,13.8,21.2,145.0,144.0,1020.3,256.0,0.0,,100.0
2023-05-26 17:00:00,0.8,1.0,,0.6,,76.0,14.7,20.6,149.0,149.0,1020.2,255.0,0.0,,90.0
2023-05-26 18:00:00,0.3,0.7,1.0,0.1,-0.9,84.0,14.3,19.5,149.0,150.0,1019.9,197.0,0.0,,100.0
2023-05-26 19:00:00,0.7,1.2,,0.3,,80.0,13.6,19.6,142.0,148.0,1019.9,156.0,0.0,,90.0
2023-05-26 20:00:00,1.4,1.5,,1.2,,75.0,14.2,19.6,149.0,146.0,1019.6,146.0,0.0,,90.0
2023-05-26 21:00:00,1.2,1.3,,1.1,,76.0,14.2,19.6,150.0,149.0,1019.5,150.0,0.0,,90.0
2023-05-26 22:00:00,1.4,1.5,,1.3,,74.0,14.2,20.6,146.0,147.0,1019.0,163.0,0.0,,90.0
2023-05-26 23:00:00,1.7,1.9,,1.4,,71.0,11.8,17.6,148.0,142.0,1018.4,78.0,0.0,,40.0
2023-05-27 00:00:00,1.6,1.7,,1.5,,73.0,14.5,20.6,148.0,148.0,1017.4,31.0,0.0,,10.0
2023-05-27 01:00:00,1.4,1.5,,1.3,,75.0,14.8,20.4,149.0,148.0,1017.1,8.0,0.0,,100.0
2023-05-27 02:00:00,1.4,1.4,,1.3,,75.0,15.8,22.9,145.0,148.0,1016.2,1.0,0.0,,90.0
2023-05-27 03:00:00,1.4,1.6,,1.3,,72.0,16.8,23.9,142.0,142.0,1015.4,0.0,0.0,,100.0
2023-05-27 04:00:00,1.6,1.8,,1.5,,70.0,16.0,24.1,146.0,143.0,1014.2,0.0,0.0,,90.0
2023-05-27 05:00:00,1.6,1.8,,1.5,,71.0,16.5,23.7,141.0,142.0,1012.8,0.0,0.0,,100.0
2023-05-27 06:00:00,1.6,1.6,1.9,1.3,0.3,71.0,17.9,26.0,142.0,140.0,1012.0,1.0,0.0,0.0,100.0
2023-05-27 07:00:00,0.5,1.3,,0.2,,85.0,19.6,31.7,138.0,142.0,1011.7,4.0,0.0,,100.0
2023-05-27 08:00:00,0.3,0.6,,-0.1,,88.0,18.2,26.0,145.0,143.0,1011.4,10.0,0.0,,
2023-05-27 09:00:00,-0.1,0.0,,-0.2,,94.0,19.3,30.1,142.0,143.0,1010.8,24.0,0.0,,100.0
2023-05-27 10:00:00,0.1,0.2,,0.0,,92.0,21.3,30.9,139.0,140.0,1010.8,38.0,0.0,,
2023-05-27 11:00:00,0.2,0.4,,0.0,,94.0,19.9,30.6,144.0,141.0,1011.6,62.0,0.0,,100.0
2023-05-27 12:00:00,0.2,0.3,,0.1,,95.0,19.3,27.5,142.0,141.0,1012.5,100.0,1.0,,100.0
2023-05-27 13:00:00,0.3,0.5,,0.1,,95.0,18.2,25.9,144.0,142.0,1013.2,154.0,0.0,,100.0
2023-05-27 14:00:00,0.4,0.4,,0.3,,96.0,16.5,22.9,147.0,147.0,1014.2,164.0,0.0,,100.0
2023-05-27 15:00:00,0.2,0.4,,-0.9,,97.0,13.6,21.7,196.0,160.0,1016.3,178.0,0.4,,100.0
2023-05-27 16:00:00,-1.1,-0.9,,-1.3,,98.0,6.8,9.5,206.0,207.0,1017.0,249.0,0.7,,100.0
2023-05-27 17:00:00,-0.9,-0.8,,-1.1,,97.0,5.1,7.5,203.0,203.0,1017.3,247.0,0.3,,100.0
2023-05-27 18:00:00,-0.8,-0.6,1.3,-1.0,-1.3,98.0,3.0,5.4,211.0,203.0,1017.3,191.0,0.3,,100.0
2023-05-27 19:00:00,-0.7,-0.6,,-0.8,,98.0,1.9,3.8,278.0,263.0,1017.1,193.0,0.6,,90.0
2023-05-27 20:00:00,-0.5,-0.3,,-0.8,,98.0,2.0,3.6,340.0,313.0,1016.8,255.0,0.1,,90.0
2023-05-27 21:00:00,-0.2,0.0,,-0.3,,97.0,2.4,4.7,359.0,1.0,1016.2,238.0,0.0,,100.0
2023-05-27 22:00:00,-0.3,-0.1,,-0.7,,95.0,3.8,5.2,340.0,354.0,1015.9,91.0,0.0,,100.0
2023-05-27 23:00:00,-0.8,-0.7,,-0.9,,93.0,4.7,5.8,339.0,341.0,1015.4,46.0,0.0,,100.0
2023-05-28 00:00:00,-0.6,-0.5,,-0.8,,90.0,4.8,6.1,328.0,336.0,1014.6,20.0,0.0,,100.0
2023-05-28 01:00:00,-0.9,-0.6,,-1.1,,88.0,5.6,7.2,327.0,321.0,1013.9,8.0,0.0,,100.0
2023-05-28 02:00:00,-1.1,-1.0,,-1.1,,87.0,6.8,8.7,326.0,327.0,1012.8,2.0,0.0,,100.0
2023-05-28 03:00:00,-1.1,-1.0,,-1.2,,87.0,8.2,9.8,324.0,328.0,1011.7,0.0,0.0,,100.0
2023-05-28 04:00:00,-1.4,-0.9,,-1.8,,85.0,7.5,10.0,312.0,313.0,1011.1,0.0,0.0,,100.0
2023-05-28 05:00:00,-1.4,-1.2,,-1.5,,82.0,6.5,9.1,326.0,324.0,1010.3,0.0,0.0,,100.0
2023-05-28 06:00:00,-1.4,-1.2,0.0,-1.7,-1.8,80.0,6.5,9.1,318.0,326.0,1009.4,3.0,0.0,3.4,90.0
2023-05-28 07:00:00,-1.6,-1.3,,-1.8,,80.0,6.0,8.9,319.0,319.0,1008.8,16.0,0.0,,90.0
2023-05-28 08:00:00,-1.6,-1.5,,-1.8,,76.0,8.0,9.8,329.0,327.0,1008.2,63.0,0.0,,90.0
2023-05-28 09:00:00,-1.5,-1.1,,-1.8,,80.0,7.0,9.0,318.0,325.0,1008.1,119.0,0.0,,60.0
2023-05-28 10:00:00,-1.3,-1.0,,-1.5,,80.0,6.6,9.1,321.0,311.0,1008.0,137.0,0.0,,100.0
2023-05-28 11:00:00,-0.7,-0.2,,-1.1,,76.0,7.1,9.1,337.0,332.0,1007.9,301.0,0.0,,40.0
2023-05-28 12:00:00,0.2,0.6,,-0.2,,78.0,4.9,6.9,9.0,357.0,1007.9,515.0,0.0,,60.0
2023-05-28 13:00:00,1.0,1.5,,0.5,,76.0,4.1,6.1,5.0,6.0,1007.9,652.0,0.0,,60.0
2023-05-28 14:00:00,2.0,2.6,,1.3,,73.0,3.6,5.6,1.0,1.0,1008.3,723.0,0.0,,60.0
2023-05-28 15:00:00,2.4,2.9,,2.0,,70.0,3.4,6.1,324.0,330.0,1008.4,749.0,0.0,,40.0
2023-05-28 16:00:00,2.6,2.9,,2.4,,66.0,5.7,8.4,304.0,304.0,1008.5,722.0,0.0,,10.0
2023-05-28 17:00:00,2.9,3.6,,2.4,,67.0,5.1,7.6,313.0,306.0,1008.5,730.0,0.0,,40.0
2023-05-28 18:00:00,3.6,3.9,3.9,3.4,-1.8,66.0,5.1,7.9,302.0,306.0,1008.5,713.0,0.0,,90.0
2023-05-28 19:00:00,3.6,4.0,,3.4,,65.0,6.4,9.4,303.0,301.0,1008.6,631.0,0.0,,60.0
2023-05-28 20:00:00,3.4,3.7,,3.3,,65.0,7.8,10.1,301.0,302.0,1008.6,533.0,0.0,,90.0
2023-05-28 21:00:00,3.5,3.7,,3.3,,65.0,8.3,11.0,304.0,303.0,1008.2,420.0,0.0,,90.0
2023-05-28 22:00:00,3.8,4.0,,3.6,,66.0,8.1,10.9,317.0,309.0,1007.8,299.0,0.0,,90.0
2023-05-28 23:00:00,4.0,4.2,,3.7,,63.0,7.9,11.2,335.0,318.0,1007.9,153.0,0.0,,90.0
2023-05-29 00:00:00,3.5,4.0,,3.0,,60.0,8.5,10.6,330.0,331.0,1007.9,80.0,0.0,,90.0
2023-05-29 01:00:00,2.3,3.0,,1.7,,63.0,8.4,10.3,326.0,329.0,1007.8,30.0,0.0,,90.0
2023-05-29 02:00:00,1.2,1.7,,0.8,,64.0,8.8,10.2,327.0,327.0,1007.2,4.0,0.0,,90.0
2023-05-29 03:00:00,0.4,0.8,,0.1,,66.0,8.4,10.5,329.0,325.0,1006.6,0.0,0.0,,90.0
2023-05-29 04:00:00,-0.3,0.0,,-0.6,,68.0,8.5,10.8,337.0,332.0,1006.3,0.0,0.0,,90.0
2023-05-29 05:00:00,-0.9,-0.6,,-1.0,,69.0,7.5,9.1,344.0,337.0,1005.7,1.0,0.0,,60.0
2023-05-29 06:00:00,-1.0,-0.9,4.2,-1.2,-1.2,68.0,7.3,8.6,329.0,337.0,1005.1,5.0,0.0,0.0,90.0
2023-05-29 07:00:00,-0.9,-0.8,,-1.1,,65.0,7.3,8.9,321.0,326.0,1005.0,32.0,0.0,,60.0
2023-05-29 08:00:00,-1.1,-0.8,,-1.4,,64.0,7.0,9.2,326.0,320.0,1004.9,107.0,0.0,,60.0
2023-05-29 09:00:00,-0.7,-0.4,,-1.1,,61.0,6.7,8.5,331.0,326.0,1004.9,211.0,0.0,,60.0
2023-05-29 10:00:00,-0.1,0.2,,-0.6,,57.0,5.5,6.8,334.0,337.0,1005.1,329.0,0.0,,60.0
2023-05-29 11:00:00,0.6,1.2,,0.2,,56.0,4.9,6.9,340.0,338.0,1005.5,403.0,0.0,,40.0
2023-05-29 12:00:00,1.2,1.4,,0.9,,58.0,6.8,9.7,306.0,305.0,1005.9,508.0,0.0,,40.0
2023-05-29 13:00:00,1.4,1.8,,1.2,,65.0,6.4,9.1,302.0,301.0,1007.1,589.0,0.0,,40.0
2023-05-29 14:00:00,1.6,1.8,,1.4,,66.0,5.9,8.3,303.0,297.0,1008.0,671.0,0.0,,40.0
2023-05-29 15:00:00,2.0,2.3,,1.7,,65.0,5.6,7.7,307.0,302.0,1008.9,723.0,0.0,,10.0
2023-05-29 16:00:00,2.0,2.3,,1.7,,67.0,5.8,8.6,285.0,289.0,1009.9,691.0,0.0,,10.0
2023-05-29 17:00:00,2.0,2.4,,1.7,,67.0,4.9,7.1,289.0,289.0,1011.0,647.0,0.0,,10.0
2023-05-29 18:00:00,2.1,2.7,2.7,1.8,-1.4,66.0,4.3,6.6,285.0,281.0,1011.6,519.0,0.0,,40.0
2023-05-29 19:00:00,2.4,2.8,,1.9,,65.0,3.3,4.7,273.0,272.0,1012.2,475.0,0.0,,60.0
2023-05-29 20:00:00,2.3,2.9,,2.0,,69.0,3.9,6.2,253.0,256.0,1012.5,506.0,0.0,,90.0
2023-05-29 21:00:00,1.7,2.3,,1.5,,73.0,3.4,5.3,262.0,255.0,1013.3,199.0,0.0,,90.0
2023-05-29 22:00:00,1.2,1.7,,1.0,,76.0,2.5,4.6,234.0,251.0,1013.7,103.0,0.0,,90.0
2023-05-29 23:00:00,0.9,1.3,,0.6,,76.0,2.8,4.2,168.0,193.0,1014.2,40.0,0.0,,90.0
2023-05-30 00:00:00,0.9,1.1,,0.7,,76.0,3.6,6.2,156.0,165.0,1014.5,15.0,0.0,,100.0
2023-05-30 01:00:00,0.9,1.1,,0.8,,77.0,5.0,7.8,152.0,157.0,1014.4,4.0,0.0,,90.0
2023-05-30 02:00:00,1.0,1.2,,0.8,,79.0,6.1,8.4,166.0,157.0,1014.7,0.0,0.0,,90.0
2023-05-30 03:00:00,1.1,1.2,,1.0,,80.0,6.1,8.9,159.0,164.0,1015.3,0.0,0.0,,90.0
2023-05-30 04:00:00,1.3,2.1,,1.0,,77.0,7.3,11.0,147.0,147.0,1015.0,0.0,0.0,,90.0
2023-05-30 05:00:00,2.4,2.9,,2.1,,64.0,8.0,11.8,146.0,148.0,1015.0,0.0,0.0,,90.0
2023-05-30 06:00:00,3.2,3.3,3.3,2.9,0.6,62.0,7.8,10.9,152.0,147.0,1015.4,1.0,0.0,0.0,100.0
2023-05-30 07:00:00,3.0,3.3,,2.6,,60.0,6.8,10.3,163.0,153.0,1015.6,4.0,0.0,,90.0
2023-05-30 08:00:00,4.0,4.6,,2.5,,60.0,6.8,10.0,146.0,146.0,1015.5,10.0,0.0,,90.0
2023-05-30 09:00:00,3.6,4.5,,2.6,,70.0,5.0,8.3,173.0,166.0,1015.6,18.0,0.0,,90.0
2023-05-30 10:00:00,2.6,2.9,,2.4,,76.0,5.3,8.5,172.0,172.0,1015.6,57.0,0.0,,90.0
2023-05-30 11:00:00,2.5,3.0,,2.4,,78.0,4.6,6.8,167.0,168.0,1016.0,149.0,0.0,,90.0
2023-05-30 12:00:00,3.2,3.8,,2.6,,73.0,5.5,8.4,153.0,157.0,1015.9,404.0,0.0,,60.0
2023-05-30 13:00:00,3.8,4.5,,3.3,,70.0,5.3,7.9,150.0,156.0,1015.9,620.0,0.0,,40.0
2023-05-30 14:00:00,4.3,4.9,,3.6,,74.0,5.5,9.0,163.0,164.0,1015.6,568.0,0.0,,90.0
2023-05-30 15:00:00,4.7,5.2,,4.2,,75.0,7.1,10.0,168.0,163.0,1015.3,685.0,0.0,,10.0
2023-05-30 16:00:00,5.4,6.4,,4.9,,73.0,5.2,8.9,203.0,181.0,1015.5,774.0,0.0,,10.0
2023-05-30 17:00:00,5.6,6.6,,4.7,,72.0,4.7,7.5,192.0,190.0,1015.4,688.0,0.0,,10.0
2023-05-30 18:00:00,4.6,5.0,6.6,4.3,2.4,77.0,3.5,6.3,192.0,200.0,1015.3,330.0,0.0,,60.0
2023-05-30 19:00:00,4.7,5.1,,3.9,,77.0,2.3,5.9,185.0,201.0,1015.3,174.0,0.0,,100.0
2023-05-30 20:00:00,4.0,5.0,,2.8,,80.0,1.3,3.5,179.0,225.0,1015.0,47.0,0.0,,90.0
2023-05-30 21:00:00,5.5,6.1,,4.2,,72.0,0.9,2.7,80.0,134.0,1014.9,50.0,0.0,,90.0
2023-05-30 22:00:00,7.4,8.7,,5.5,,59.0,4.2,9.3,138.0,122.0,1015.0,70.0,0.0,,90.0
2023-05-30 23:00:00,8.2,8.6,,8.0,,58.0,7.8,11.7,150.0,142.0,1015.0,60.0,0.0,,90.0
2023-05-31 00:00:00,7.0,7.9,,6.3,,68.0,8.1,12.4,157.0,148.0,1015.0,29.0,0.0,,90.0
2023-05-31 01:00:00,6.7,7.0,,6.5,,70.0,8.4,12.6,133.0,143.0,1015.1,16.0,0.0,,60.0
2023-05-31 02:00:00,6.6,7.0,,6.1,,74.0,10.0,16.1,132.0,136.0,1015.1,2.0,0.0,,100.0
2023-05-31 03:00:00,5.6,6.1,,4.8,,87.0,10.6,17.5,143.0,136.0,1015.4,0.0,0.0,,100.0
2023-05-31 04:00:00,4.8,5.0,,4.6,,92.0,8.4,12.3,146.0,146.0,1015.5,0.0,0.0,,90.0
2023-05-31 05:00:00,4.4,4.7,,4.1,,93.0,10.5,15.4,147.0,151.0,1015.6,0.0,0.0,,100.0
2023-05-31 06:00:00,3.8,4.2,8.7,3.7,2.8,95.0,11.4,16.7,146.0,146.0,1015.4,0.0,0.0,0.0,100.0
2023-05-31 07:00:00,3.6,3.8,,3.5,,93.0,10.6,16.3,140.0,144.0,1015.7,4.0,0.0,,100.0
2023-05-31 08:00:00,4.1,4.4,,3.8,,87.0,12.8,20.0,136.0,140.0,1015.4,7.0,0.0,,100.0
2023-05-31 09:00:00,4.1,4.6,,3.8,,88.0,12.0,21.3,136.0,134.0,1014.8,18.0,0.0,,100.0
2023-05-31 10:00:00,4.4,4.8,,4.0,,86.0,13.1,20.4,145.0,143.0,1015.6,44.0,0.0,,100.0
2023-05-31 11:00:00,4.1,4.2,,3.9,,86.0,14.5,21.5,146.0,144.0,1014.8,71.0,0.0,,100.0
2023-05-31 12:00:00,4.2,4.4,,3.9,,84.0,14.4,21.3,149.0,146.0,1015.4,137.0,0.0,,100.0
2023-05-31 13:00:00,4.4,4.8,,3.8,,83.0,11.4,16.6,138.0,142.0,1015.4,160.0,0.0,,90.0
2023-05-31 14:00:00,4.7,5.2,,4.0,,80.0,11.1,17.7,149.0,145.0,1015.3,106.0,0.0,,90.0
2023-05-31 15:00:00,4.0,4.1,,3.9,,83.0,14.9,21.7,141.0,146.0,1014.4,97.0,0.0,,90.0
2023-05-31 16:00:00,3.8,4.1,,3.5,,87.0,14.3,21.3,142.0,141.0,1014.8,118.0,0.0,,100.0
2023-05-31 17:00:00,3.4,3.6,,3.3,,91.0,15.5,25.0,141.0,142.0,1014.0,173.0,0.0,,100.0
2023-05-31 18:00:00,3.2,3.4,5.2,2.9,2.9,90.0,17.9,25.7,141.0,141.0,1013.7,188.0,0.0,,100.0
2023-05-31 19:00:00,2.7,2.9,,2.4,,90.0,19.5,28.1,142.0,141.0,1014.5,153.0,0.0,,100.0
2023-05-31 20:00:00,2.1,2.5,,1.9,,91.0,17.9,26.8,137.0,139.0,1014.4,128.0,0.0,,100.0
2023-05-31 21:00:00,2.9,3.6,,1.9,,81.0,19.6,30.1,142.0,139.0,1014.4,117.0,0.0,,100.0
2023-05-31 22:00:00,2.2,3.0,,2.0,,87.0,20.4,29.1,142.0,142.0,1014.2,69.0,0.0,,100.0
2023-05-31 23:00:00,2.4,2.7,,2.1,,89.0,22.0,33.1,140.0,141.0,1014.9,30.0,2.0,,90.0
2023-06-01 00:00:00,2.7,2.9,,2.2,,87.0,21.0,31.0,142.0,142.0,1014.9,14.0,0.0,,100.0
2023-06-01 01:00:00,2.5,2.7,,2.2,,90.0,18.3,31.4,142.0,141.0,1016.2,4.0,0.0,,90.0
2023-06-01 02:00:00,2.7,3.1,,2.5,,88.0,16.5,23.0,149.0,148.0,1016.4,1.0,0.0,,100.0
2023-06-01 03:00:00,3.0,3.3,,2.7,,87.0,17.8,27.3,145.0,147.0,1016.4,0.0,0.0,,90.0
2023-06-01 04:00:00,2.7,2.9,,2.4,,89.0,16.5,23.1,147.0,146.0,1016.4,0.0,0.0,,90.0
2023-06-01 05:00:00,1.8,2.3,,1.3,,94.0,16.9,22.7,149.0,149.0,1016.2,0.0,0.7,,100.0
2023-06-01 06:00:00,1.2,1.5,3.6,0.9,0.9,97.0,16.8,23.8,150.0,149.0,1016.5,1.0,1.5,4.2,100.0
2023-06-01 07:00:00,1.8,2.3,,1.3,,95.0,17.0,23.1,149.0,148.0,1016.3,6.0,1.0,,100.0
2023-06-01 08:00:00,2.3,2.5,,2.1,,94.0,17.5,23.9,147.0,148.0,1015.8,14.0,1.0,,100.0
2023-06-01 09:00:00,1.7,2.4,,0.9,,95.0,18.7,27.4,148.0,148.0,1016.6,18.0,2.8,,100.0
2023-06-01 10:00:00,0.9,1.3,,0.7,,97.0,18.4,26.2,141.0,143.0,1016.8,68.0,1.0,,100.0
2023-06-01 11:00:00,1.0,1.4,,0.7,,96.0,18.0,26.9,142.0,141.0,1016.7,93.0,0.0,,100.0
2023-06-01 12:00:00,1.7,1.9,,1.4,,94.0,17.9,25.4,142.0,142.0,1017.6,133.0,0.0,,100.0
2023-06-01 13:00:00,1.6,1.8,,1.5,,93.0,16.8,26.8,141.0,142.0,1018.2,106.0,0.0,,100.0
2023-06-01 14:00:00,1.5,1.7,,1.4,,94.0,15.7,21.8,141.0,142.0,1018.3,132.0,0.0,,100.0
2023-06-01 15:00:00,1.4,1.6,,1.3,,94.0,16.0,23.5,141.0,141.0,1019.0,150.0,0.0,,100.0
2023-06-01 17:00:00,1.2,1.3,,1.0,,94.0,14.9,21.4,147.0,144.0,1019.1,111.0,0.0,,100.0
2023-06-01 20:00:00,0.4,0.6,,-0.1,,98.0,7.6,11.9,173.0,164.0,1020.8,87.0,0.8,,100.0
2023-06-01 21:00:00,0.0,0.4,,-0.1,,99.0,5.1,8.9,244.0,197.0,1020.9,128.0,1.6,,100.0
2023-06-01 22:00:00,0.4,0.5,,0.3,,99.0,4.3,6.9,276.0,266.0,1021.3,106.0,0.0,,100.0
2023-06-01 23:00:00,0.0,0.3,,-0.2,,97.0,6.0,7.9,290.0,287.0,1021.7,50.0,0.0,,100.0
2023-06-02 00:00:00,-0.5,-0.2,,-0.8,,97.0,6.1,8.3,303.0,299.0,1022.1,20.0,0.0,,100.0
2023-06-02 01:00:00,-0.7,-0.6,,-0.8,,95.0,6.8,9.5,306.0,306.0,1022.2,9.0,0.0,,90.0
2023-06-02 02:00:00,-0.8,-0.8,,-0.9,,90.0,6.8,9.7,309.0,307.0,1022.4,2.0,0.0,,100.0
2023-06-02 03:00:00,-1.0,-0.9,,-1.2,,89.0,7.4,10.3,307.0,310.0,1022.4,0.0,0.0,,100.0
2023-06-02 04:00:00,-1.2,-1.1,,-1.3,,87.0,8.4,10.9,305.0,306.0,1022.6,0.0,0.0,,100.0
2023-06-02 05:00:00,-1.2,-1.1,,-1.3,,85.0,8.4,11.0,312.0,308.0,1022.9,0.0,0.0,,100.0
2023-06-02 06:00:00,-1.1,-1.0,1.1,-1.3,-1.3,84.0,7.6,10.0,320.0,317.0,1023.2,2.0,0.0,8.2,100.0
2023-06-02 07:00:00,-1.2,-1.1,,-1.3,,83.0,7.4,10.0,316.0,316.0,1023.4,7.0,0.0,,100.0
2023-06-02 08:00:00,-1.1,-0.8,,-1.3,,84.0,7.5,10.3,321.0,326.0,1023.6,20.0,0.0,,100.0
2023-06-02 09:00:00,-0.8,-0.8,,-0.9,,82.0,8.5,12.1,310.0,317.0,1023.8,47.0,0.0,,100.0
2023-06-02 10:00:00,-0.8,-0.7,,-0.9,,80.0,8.6,11.3,331.0,318.0,1024.1,117.0,0.0,,100.0
2023-06-02 11:00:00,-0.6,-0.4,,-0.8,,79.0,7.2,10.1,327.0,328.0,1024.5,145.0,0.0,,100.0
2023-06-02 12:00:00,-0.3,-0.1,,-0.5,,78.0,7.2,10.3,340.0,330.0,1024.7,203.0,0.0,,100.0
2023-06-02 13:00:00,0.1,0.6,,-0.2,,77.0,5.9,8.5,356.0,343.0,1024.9,290.0,0.0,,100.0
2023-06-02 14:00:00,0.6,1.0,,0.3,,77.0,4.5,6.0,350.0,353.0,1025.0,359.0,0.0,,100.0
2023-06-02 15:00:00,1.1,1.4,,0.7,,75.0,4.4,6.7,358.0,355.0,1024.9,483.0,0.0,,90.0
2023-06-02 16:00:00,1.7,2.0,,1.3,,74.0,4.6,6.2,357.0,359.0,1025.0,524.0,0.0,,100.0
2023-06-02 17:00:00,2.3,2.6,,1.9,,73.0,4.4,6.6,344.0,352.0,1024.9,471.0,0.0,,100.0
2023-06-02 18:00:00,2.7,3.0,3.0,2.4,-1.3,71.0,4.0,6.1,,359.0,1024.8,430.0,0.0,,100.0
2023-06-02 19:00:00,3.0,3.3,,2.6,,71.0,4.1,7.5,326.0,336.0,1024.9,397.0,0.0,,90.0
2023-06-02 20:00:00,3.2,3.6,,2.9,,75.0,6.3,9.6,307.0,312.0,1024.5,429.0,0.0,,60.0
2023-06-02 21:00:00,3.3,3.7,,3.0,,74.0,7.5,9.7,302.0,302.0,1024.6,441.0,0.0,,90.0
2023-06-02 22:00:00,3.1,3.3,,2.8,,74.0,7.1,9.7,310.0,305.0,1024.5,306.0,0.0,,90.0
2023-06-02 23:00:00,2.8,3.1,,2.5,,76.0,5.6,8.9,313.0,312.0,1024.4,163.0,0.0,,90.0
2023-06-03 00:00:00,2.1,2.6,,1.2,,78.0,5.4,7.9,314.0,310.0,1024.9,78.0,0.0,,90.0
2023-06-03 01:00:00,1.0,1.2,,0.7,,78.0,4.0,7.9,360.0,339.0,1024.7,25.0,0.0,,60.0
2023-06-03 02:00:00,0.5,0.7,,0.3,,80.0,2.9,5.2,339.0,346.0,1024.4,5.0,0.0,,90.0
2023-06-03 03:00:00,0.3,0.5,,0.2,,85.0,3.3,4.6,307.0,319.0,1024.1,1.0,0.0,,90.0
2023-06-03 04:00:00,0.1,0.3,,0.0,,86.0,3.6,6.9,300.0,310.0,1023.8,0.0,0.0,,90.0
2023-06-03 05:00:00,0.0,0.2,,-0.1,,87.0,3.1,6.1,303.0,314.0,1023.3,1.0,0.0,,90.0
2023-06-03 06:00:00,-0.2,-0.1,3.7,-0.3,-0.3,88.0,3.4,5.9,342.0,334.0,1022.7,6.0,0.0,0.0,90.0
2023-06-03 07:00:00,-0.3,-0.1,,-0.4,,90.0,3.5,5.3,336.0,341.0,1022.4,31.0,0.0,,90.0
2023-06-03 08:00:00,-0.2,0.0,,-0.5,,90.0,4.3,7.1,296.0,312.0,1022.2,90.0,0.0,,40.0
2023-06-03 09:00:00,0.0,0.6,,-0.4,,89.0,2.2,4.1,348.0,312.0,1021.8,181.0,0.0,,60.0
2023-06-03 10:00:00,0.7,1.0,,0.4,,86.0,2.4,4.1,265.0,348.0,1021.9,271.0,0.0,,90.0
2023-06-03 11:00:00,0.7,1.0,,0.5,,84.0,3.2,4.7,267.0,267.0,1022.0,303.0,0.0,,90.0
2023-06-03 12:00:00,0.9,1.3,,0.7,,80.0,1.9,3.6,209.0,245.0,1021.1,273.0,0.0,,90.0
2023-06-03 13:00:00,1.2,2.0,,1.0,,81.0,3.9,6.5,209.0,213.0,1021.6,448.0,0.0,,90.0
2023-06-03 14:00:00,0.5,1.0,,0.2,,86.0,5.9,8.7,197.0,204.0,1021.6,228.0,0.0,,90.0
2023-06-03 15:00:00,0.2,0.4,,0.0,,87.0,6.3,9.1,149.0,174.0,1021.3,102.0,0.0,,90.0
2023-06-03 16:00:00,0.4,1.0,,0.0,,85.0,7.9,11.5,158.0,150.0,1021.0,92.0,0.0,,90.0
2023-06-03 17:00:00,0.9,1.4,,0.5,,79.0,8.4,12.8,151.0,144.0,1020.4,83.0,0.0,,100.0
2023-06-03 18:00:00,0.6,1.4,2.0,0.3,-0.5,83.0,8.7,12.8,159.0,169.0,1020.0,81.0,0.0,,100.0
2023-06-03 19:00:00,0.5,0.7,,0.4,,87.0,9.3,12.6,152.0,155.0,1020.0,171.0,0.0,,90.0
2023-06-03 20:00:00,0.6,0.9,,0.4,,84.0,9.1,13.1,135.0,143.0,1019.9,88.0,0.0,,100.0
2023-06-03 21:00:00,0.9,1.1,,0.8,,80.0,9.4,14.4,136.0,139.0,1019.4,95.0,0.0,,100.0
2023-06-03 22:00:00,1.5,1.7,,1.0,,70.0,9.3,13.6,156.0,149.0,1019.8,99.0,0.0,,100.0
2023-06-03 23:00:00,1.4,1.5,,1.3,,76.0,10.4,14.4,146.0,150.0,1019.2,90.0,0.0,,90.0
2023-06-04 00:00:00,1.5,1.7,,1.3,,75.0,11.5,15.6,149.0,147.0,1019.0,61.0,0.0,,90.0
2023-06-04 01:00:00,1.6,1.7,,1.5,,70.0,12.1,15.7,148.0,149.0,1019.1,12.0,0.0,,90.0
2023-06-04 02:00:00,1.5,1.6,,1.4,,74.0,10.3,14.2,149.0,150.0,1019.3,3.0,0.0,,90.0
2023-06-04 03:00:00,1.2,1.4,,1.1,,81.0,7.9,10.3,152.0,152.0,1019.1,0.0,0.0,,90.0
2023-06-04 04:00:00,1.2,1.3,,1.1,,81.0,9.2,12.5,148.0,150.0,1018.7,0.0,0.0,,90.0
2023-06-04 05:00:00,1.2,1.2,,1.1,,85.0,9.1,13.2,147.0,146.0,1017.8,1.0,0.0,,90.0
2023-06-04 06:00:00,1.5,1.8,1.8,1.2,0.4,78.0,9.0,13.0,149.0,148.0,1018.0,4.0,0.0,0.0,90.0
2023-06-04 07:00:00,1.3,1.6,,1.1,,82.0,6.7,9.4,147.0,151.0,1018.2,16.0,0.0,,90.0
2023-06-04 08:00:00,1.1,1.2,,1.0,,89.0,6.3,9.5,147.0,145.0,1018.1,38.0,0.0,,90.0
2023-06-04 09:00:00,1.3,1.5,,1.2,,86.0,6.7,9.8,137.0,139.0,1017.8,42.0,0.0,,100.0
2023-06-04 10:00:00,1.6,1.7,,1.5,,82.0,6.7,9.8,150.0,143.0,1017.8,52.0,0.0,,100.0
2023-06-04 11:00:00,1.6,1.7,,1.5,,86.0,6.6,9.7,157.0,156.0,1017.7,51.0,0.0,,100.0
2023-06-04 12:00:00,1.6,1.7,,1.5,,89.0,7.4,9.4,149.0,151.0,1017.5,105.0,0.0,,100.0
2023-06-04 13:00:00,1.7,1.8,,1.7,,90.0,7.1,10.3,148.0,147.0,1017.1,89.0,0.0,,100.0
2023-06-04 14:00:00,2.1,2.2,,1.8,,87.0,7.4,10.1,158.0,152.0,1017.2,108.0,0.0,,100.0
2023-06-04 15:00:00,1.9,2.1,,1.7,,92.0,7.8,11.4,152.0,154.0,1017.0,175.0,0.0,,100.0
2023-06-04 16:00:00,1.7,1.7,,1.6,,94.0,8.8,11.6,155.0,150.0,1017.0,135.0,0.5,,100.0
2023-06-04 17:00:00,0.8,1.5,,0.2,,96.0,8.0,12.0,145.0,149.0,1017.1,135.0,0.4,,100.0
2023-06-04 18:00:00,0.6,0.8,2.2,0.3,0.2,98.0,7.6,11.0,148.0,147.0,1017.0,121.0,0.6,,100.0
2023-06-04 19:00:00,0.6,0.9,,0.3,,98.0,8.2,12.7,150.0,148.0,1016.9,102.0,0.6,,100.0
2023-06-04 20:00:00,0.3,0.4,,0.2,,98.0,8.2,12.0,148.0,149.0,1017.0,109.0,0.8,,100.0
2023-06-04 21:00:00,0.4,0.8,,0.2,,99.0,6.9,9.2,150.0,150.0,1017.3,98.0,0.7,,100.0
2023-06-04 22:00:00,0.8,0.9,,0.6,,98.0,7.2,11.0,149.0,150.0,1017.3,65.0,0.6,,100.0
2023-06-04 23:00:00,0.4,0.6,,0.2,,98.0,8.1,11.3,151.0,148.0,1017.7,32.0,0.9,,100.0
2023-06-05 00:00:00,0.2,0.3,,0.1,,99.0,7.1,9.8,150.0,150.0,1017.9,22.0,0.5,,100.0
2023-06-05 01:00:00,0.2,0.3,,0.1,,99.0,6.3,8.3,147.0,150.0,1018.1,11.0,0.4,,100.0
2023-06-05 02:00:00,0.7,1.1,,0.2,,97.0,7.1,10.2,145.0,149.0,1018.1,2.0,1.0,,100.0
2023-06-05 03:00:00,1.1,1.3,,1.0,,94.0,8.9,13.3,148.0,145.0,1018.1,0.0,0.0,,100.0
2023-06-05 04:00:00,0.9,1.2,,0.8,,96.0,9.2,12.5,149.0,149.0,1018.2,0.0,0.3,,100.0
2023-06-05 05:00:00,0.7,0.8,,0.5,,97.0,8.5,12.0,150.0,151.0,1018.5,0.0,0.2,,100.0
2023-06-05 06:00:00,0.4,0.6,1.3,0.3,0.1,98.0,10.3,14.0,148.0,149.0,1018.6,1.0,0.5,8.0,100.0
2023-06-05 07:00:00,0.3,0.4,,0.3,,98.0,10.8,14.3,149.0,148.0,1019.3,3.0,0.8,,100.0
2023-06-05 08:00:00,0.3,0.4,,0.2,,98.0,10.0,12.8,150.0,150.0,1019.9,8.0,0.9,,100.0
2023-06-05 09:00:00,0.5,0.6,,0.4,,98.0,8.3,12.5,155.0,152.0,1020.7,21.0,0.7,,100.0
2023-06-05 10:00:00,0.6,0.8,,0.5,,98.0,7.7,11.0,154.0,155.0,1021.1,52.0,1.3,,100.0
2023-06-05 11:00:00,0.9,1.1,,0.8,,97.0,8.8,12.7,149.0,150.0,1021.7,58.0,0.2,,100.0
2023-06-05 12:00:00,1.2,1.3,,1.1,,95.0,9.0,12.3,148.0,149.0,1022.2,75.0,0.2,,100.0
2023-06-05 13:00:00,1.2,1.3,,1.2,,96.0,9.0,12.2,149.0,150.0,1022.6,75.0,0.0,,100.0
2023-06-05 14:00:00,1.2,1.3,,1.1,,97.0,9.3,12.4,149.0,148.0,1022.9,102.0,0.0,,100.0
2023-06-05 15:00:00,1.3,1.5,,1.2,,98.0,8.9,12.5,150.0,150.0,1023.2,162.0,0.5,,100.0
2023-06-05 16:00:00,1.6,1.7,,1.5,,98.0,9.6,13.0,148.0,149.0,1023.1,152.0,0.5,,90.0
2023-06-05 17:00:00,1.9,2.1,,1.6,,96.0,9.6,15.2,153.0,150.0,1023.4,123.0,0.2,,100.0
2023-06-05 18:00:00,1.9,2.0,2.1,1.8,0.2,95.0,7.9,11.8,154.0,154.0,1023.8,105.0,0.7,,100.0
2023-06-05 19:00:00,2.1,2.3,,2.0,,95.0,7.2,11.2,161.0,156.0,1024.2,97.0,0.3,,100.0
2023-06-05 20:00:00,2.6,2.7,,2.3,,92.0,8.1,12.8,146.0,150.0,1024.1,82.0,0.0,,100.0
2023-06-05 21:00:00,2.5,2.6,,2.5,,92.0,8.3,13.2,141.0,143.0,1024.2,74.0,0.0,,100.0
2023-06-05 22:00:00,2.8,3.2,,2.4,,89.0,7.4,10.4,146.0,147.0,1024.3,45.0,0.0,,90.0
2023-06-05 23:00:00,3.1,3.3,,2.9,,87.0,6.8,10.1,154.0,153.0,1024.5,38.0,0.0,,90.0
2023-06-06 00:00:00,2.7,2.9,,2.7,,90.0,8.6,12.0,144.0,146.0,1024.4,20.0,0.0,,90.0
2023-06-06 01:00:00,2.7,2.8,,2.6,,90.0,8.3,11.9,138.0,144.0,1024.3,7.0,0.0,,100.0
2023-06-06 02:00:00,2.3,2.6,,2.2,,92.0,8.5,12.1,152.0,147.0,1024.3,1.0,0.0,,100.0
2023-06-06 03:00:00,2.2,2.3,,2.1,,93.0,8.0,11.2,158.0,153.0,1024.1,0.0,0.0,,100.0
2023-06-06 04:00:00,2.1,2.3,,1.8,,92.0,9.8,14.4,148.0,149.0,1024.1,0.0,0.0,,100.0
2023-06-06 05:00:00,1.7,1.8,,1.6,,94.0,9.6,13.5,148.0,150.0,1024.0,0.0,0.0,,100.0
2023-06-06 06:00:00,1.4,1.5,3.3,1.4,1.4,96.0,9.5,13.5,151.0,151.0,1023.7,2.0,0.0,6.3,100.0
2023-06-06 07:00:00,1.4,1.8,,1.2,,95.0,8.9,13.3,142.0,148.0,1023.7,7.0,0.3,,100.0
2023-06-06 08:00:00,2.2,2.9,,1.8,,90.0,8.8,13.0,141.0,139.0,1023.7,17.0,0.3,,100.0
2023-06-06 09:00:00,3.0,3.2,,2.4,,86.0,8.5,12.7,147.0,141.0,1023.7,30.0,0.0,,90.0
2023-06-06 10:00:00,2.4,2.5,,2.3,,91.0,7.7,11.7,141.0,141.0,1023.5,36.0,0.0,,100.0
2023-06-06 11:00:00,1.7,2.3,,1.2,,95.0,8.9,12.8,139.0,138.0,1023.5,71.0,0.0,,90.0
2023-06-06 12:00:00,1.1,1.2,,0.8,,96.0,7.6,11.3,147.0,142.0,1023.3,78.0,0.9,,100.0
2023-06-06 13:00:00,0.9,1.1,,0.7,,97.0,7.2,10.2,151.0,149.0,1023.0,117.0,0.8,,100.0
2023-06-06 14:00:00,1.1,1.4,,0.9,,97.0,7.9,10.3,146.0,149.0,1022.5,163.0,0.6,,90.0
2023-06-06 15:00:00,1.5,1.7,,1.3,,95.0,9.2,11.8,148.0,150.0,1022.4,276.0,0.6,,
2023-06-06 16:00:00,1.3,1.5,,1.2,,96.0,10.0,13.8,147.0,149.0,1021.9,188.0,0.8,,100.0
2023-06-06 17:00:00,1.5,1.7,,1.2,,94.0,10.3,14.5,148.0,148.0,1021.7,110.0,0.3,,100.0
2023-06-06 18:00:00,0.9,1.2,3.2,0.5,0.5,97.0,10.2,13.9,148.0,149.0,1021.7,118.0,1.2,,100.0
2023-06-06 19:00:00,0.7,0.9,,0.5,,98.0,11.1,15.0,149.0,149.0,1021.6,141.0,1.1,,100.0
2023-06-06 20:00:00,0.4,0.5,,0.2,,98.0,10.2,13.3,149.0,149.0,1021.6,80.0,0.7,,
2023-06-06 21:00:00,0.3,0.4,,0.2,,99.0,9.6,13.0,149.0,148.0,1021.3,70.0,1.3,,
2023-06-06 22:00:00,0.5,0.7,,0.3,,99.0,9.6,13.6,152.0,152.0,1021.3,51.0,0.6,,100.0
2023-06-06 23:00:00,0.5,0.7,,0.4,,99.0,9.2,13.1,155.0,153.0,1021.3,26.0,0.5,,100.0
2023-06-07 00:00:00,0.2,0.4,,0.1,,99.0,7.6,12.0,159.0,158.0,1021.7,13.0,0.8,,100.0
2023-06-07 01:00:00,-0.1,0.2,,-0.5,,99.0,5.0,8.2,282.0,214.0,1022.0,5.0,0.5,,90.0
2023-06-07 02:00:00,-0.7,-0.5,,-0.8,,99.0,3.7,5.5,302.0,292.0,1022.4,1.0,0.3,,100.0
2023-06-07 03:00:00,-0.8,-0.8,,-0.9,,99.0,3.1,4.5,304.0,309.0,1022.6,0.0,0.0,,100.0
2023-06-07 04:00:00,-0.9,-0.9,,-1.0,,98.0,3.8,5.9,301.0,302.0,1022.9,0.0,0.0,,100.0
2023-06-07 05:00:00,-1.0,-0.8,,-1.1,,93.0,6.2,10.3,299.0,301.0,1023.3,0.0,0.0,,100.0
2023-06-07 06:00:00,-1.5,-1.1,0.9,-1.7,-1.7,84.0,6.9,9.8,308.0,309.0,1024.1,3.0,0.0,11.6,100.0
2023-06-07 07:00:00,-1.7,-1.6,,-1.7,,77.0,6.0,8.8,326.0,318.0,1024.7,25.0,0.0,,90.0
2023-06-07 08:00:00,-1.5,-1.3,,-1.7,,71.0,4.8,7.6,344.0,338.0,1025.2,50.0,0.0,,100.0
2023-06-07 09:00:00,-1.3,-1.2,,-1.3,,70.0,4.6,6.7,338.0,335.0,1025.9,71.0,0.0,,100.0
2023-06-07 10:00:00,-1.1,-0.9,,-1.2,,71.0,4.6,6.8,337.0,331.0,1026.3,96.0,0.0,,100.0
2023-06-07 11:00:00,-0.9,-0.7,,-1.0,,75.0,4.4,5.8,337.0,335.0,1026.7,166.0,0.0,,90.0
2023-06-07 12:00:00,-0.6,-0.4,,-0.8,,78.0,5.8,8.3,324.0,320.0,1026.9,289.0,0.3,,90.0
2023-06-07 13:00:00,-0.1,0.6,,-0.6,,74.0,5.6,7.7,332.0,328.0,1026.9,497.0,0.0,,60.0
2023-06-07 14:00:00,0.4,1.4,,0.1,,73.0,5.3,6.5,349.0,339.0,1027.0,630.0,0.0,,90.0
2023-06-07 15:00:00,0.7,1.4,,0.4,,71.0,5.3,6.9,14.0,9.0,1027.1,591.0,0.0,,90.0
2023-06-07 16:00:00,0.7,1.1,,0.4,,69.0,4.7,6.4,357.0,3.0,1027.1,446.0,0.0,,90.0
2023-06-07 17:00:00,1.1,1.5,,0.7,,68.0,4.5,6.1,344.0,351.0,1027.0,462.0,0.0,,100.0
2023-06-07 18:00:00,1.3,1.6,1.6,1.1,-1.7,68.0,5.0,6.5,359.0,358.0,1026.7,393.0,0.0,,100.0
2023-06-07 19:00:00,1.5,2.2,,1.3,,67.0,4.8,6.6,357.0,0.0,1026.5,465.0,0.0,,60.0
2023-06-07 20:00:00,1.6,2.0,,1.4,,64.0,4.6,6.1,341.0,343.0,1026.4,382.0,0.0,,60.0
2023-06-07 21:00:00,2.0,2.4,,1.7,,65.0,3.9,5.7,320.0,334.0,1025.9,398.0,0.0,,40.0
2023-06-07 22:00:00,1.9,2.5,,1.5,,67.0,4.4,6.7,322.0,324.0,1025.5,299.0,0.0,,60.0
2023-06-07 23:00:00,1.4,2.1,,1.0,,70.0,4.4,6.2,316.0,318.0,1025.1,129.0,0.0,,90.0
2023-06-08 00:00:00,0.7,1.0,,0.3,,76.0,4.9,7.1,295.0,303.0,1024.8,44.0,0.0,,
2023-06-08 01:00:00,0.1,0.3,,-0.1,,79.0,5.5,7.4,306.0,302.0,1024.2,18.0,0.0,,90.0
2023-06-08 02:00:00,-0.2,-0.1,,-0.3,,80.0,4.6,6.4,313.0,306.0,1023.6,3.0,0.0,,90.0
2023-06-08 03:00:00,-0.3,-0.3,,-0.4,,81.0,4.0,6.3,324.0,320.0,1023.0,1.0,0.0,,100.0
2023-06-08 04:00:00,-0.4,-0.3,,-0.5,,82.0,4.2,6.0,308.0,314.0,1022.8,0.0,0.0,,90.0
2023-06-08 05:00:00,-0.6,-0.4,,-0.7,,83.0,3.4,5.0,324.0,311.0,1022.2,1.0,0.0,,90.0
2023-06-08 06:00:00,-0.6,-0.5,2.5,-0.7,-0.7,83.0,2.8,3.9,308.0,323.0,1022.0,5.0,0.0,0.3,90.0
2023-06-08 07:00:00,-0.5,-0.4,,-0.6,,82.0,2.4,3.6,313.0,336.0,1021.5,25.0,0.0,,90.0
2023-06-08 08:00:00,-0.3,-0.2,,-0.4,,82.0,2.4,3.2,346.0,338.0,1020.9,58.0,0.0,,90.0
2023-06-08 09:00:00,-0.2,-0.1,,-0.3,,82.0,2.1,2.9,352.0,341.0,1020.5,93.0,0.0,,90.0
2023-06-08 10:00:00,0.0,0.3,,-0.2,,83.0,1.8,2.6,352.0,346.0,1020.0,138.0,0.0,,90.0
2023-06-08 11:00:00,0.2,0.4,,0.0,,84.0,1.9,2.8,1.0,359.0,1019.7,127.0,0.0,,60.0
2023-06-08 12:00:00,0.8,1.1,,0.4,,83.0,1.7,2.8,5.0,4.0,1019.3,175.0,0.0,,90.0
2023-06-08 13:00:00,1.0,1.5,,0.8,,83.0,2.0,2.9,359.0,0.0,1018.9,210.0,0.0,,90.0
2023-06-08 14:00:00,1.4,1.6,,1.3,,79.0,1.7,2.7,324.0,349.0,1018.6,273.0,0.0,,90.0
2023-06-08 15:00:00,1.3,1.6,,0.9,,80.0,1.2,2.3,277.0,281.0,1018.1,214.0,0.0,,90.0
2023-06-08 16:00:00,1.5,1.9,,1.2,,77.0,0.8,1.9,277.0,276.0,1017.4,212.0,0.0,,90.0
2023-06-08 17:00:00,1.8,2.4,,1.6,,77.0,0.8,1.7,204.0,277.0,1017.3,191.0,0.0,,90.0
2023-06-08 18:00:00,1.7,2.4,2.4,1.5,-0.6,76.0,1.4,2.7,267.0,267.0,1017.1,241.0,0.0,,90.0
2023-06-08 19:00:00,2.0,2.6,,1.6,,77.0,1.3,2.7,231.0,211.0,1016.7,315.0,0.0,,90.0
2023-06-08 20:00:00,1.7,2.0,,1.5,,76.0,1.6,2.6,207.0,233.0,1016.5,205.0,0.0,,90.0
2023-06-08 21:00:00,1.7,2.3,,1.3,,72.0,2.0,3.4,201.0,198.0,1016.3,152.0,0.0,,90.0
2023-06-08 22:00:00,1.8,2.0,,1.5,,70.0,1.8,3.1,138.0,161.0,1015.9,110.0,0.0,,90.0
2023-06-08 23:00:00,1.6,2.0,,1.1,,73.0,1.8,3.2,225.0,201.0,1016.3,46.0,0.0,,100.0
2023-06-09 00:00:00,1.3,1.6,,1.0,,78.0,1.5,2.6,198.0,189.0,1015.9,36.0,0.0,,90.0
2023-06-09 01:00:00,1.1,1.3,,1.0,,88.0,1.6,3.0,160.0,182.0,1015.6,20.0,0.0,,90.0
2023-06-09 02:00:00,1.0,1.3,,0.8,,93.0,1.6,2.6,205.0,193.0,1015.5,4.0,0.0,,90.0
2023-06-09 03:00:00,0.4,0.8,,0.2,,98.0,2.3,3.6,166.0,193.0,1015.4,0.0,0.0,,90.0
2023-06-09 04:00:00,0.3,0.4,,0.2,,99.0,2.4,3.3,181.0,171.0,1015.4,0.0,0.0,,90.0
2023-06-09 05:00:00,0.4,0.6,,0.3,,99.0,2.9,4.7,165.0,162.0,1014.8,0.0,0.0,,60.0
2023-06-09 06:00:00,0.9,1.1,2.6,0.6,0.2,98.0,5.0,7.9,161.0,159.0,1014.5,2.0,0.0,0.0,100.0
2023-06-09 07:00:00,1.3,1.4,,1.1,,93.0,5.1,7.8,166.0,158.0,1014.4,6.0,0.0,,100.0
2023-06-09 08:00:00,1.2,1.2,,1.1,,95.0,5.1,7.7,153.0,160.0,1014.1,10.0,0.0,,100.0
2023-06-09 09:00:00,1.5,1.8,,1.2,,93.0,5.2,7.8,146.0,151.0,1013.9,36.0,0.0,,90.0
2023-06-09 10:00:00,1.9,2.0,,1.8,,91.0,5.0,7.6,154.0,140.0,1013.7,67.0,0.0,,90.0
2023-06-09 11:00:00,2.2,2.7,,1.8,,88.0,4.8,8.2,146.0,142.0,1013.4,154.0,0.0,,60.0
2023-06-09 12:00:00,2.8,3.0,,2.5,,81.0,7.1,10.3,156.0,151.0,1013.3,262.0,0.0,,90.0
2023-06-09 13:00:00,2.9,3.2,,2.6,,88.0,7.2,11.0,162.0,160.0,1012.6,358.0,0.0,,90.0
2023-06-09 14:00:00,2.9,3.1,,2.7,,87.0,7.6,11.1,150.0,150.0,1012.6,315.0,0.0,,60.0
2023-06-09 15:00:00,3.4,4.1,,2.8,,85.0,6.6,10.9,155.0,144.0,1011.9,367.0,0.0,,90.0
2023-06-09 16:00:00,3.9,4.2,,3.5,,84.0,7.8,11.7,145.0,152.0,1011.5,424.0,0.0,,90.0
2023-06-09 17:00:00,4.0,4.3,,3.6,,84.0,7.8,11.3,157.0,154.0,1011.0,355.0,0.0,,90.0
2023-06-09 18:00:00,4.9,5.4,5.4,4.2,1.1,79.0,9.3,13.3,157.0,159.0,1010.5,578.0,0.0,,60.0
2023-06-09 19:00:00,4.6,5.0,,4.2,,78.0,11.1,15.1,154.0,156.0,1010.4,385.0,0.0,,90.0
2023-06-09 20:00:00,4.4,4.6,,4.2,,75.0,12.0,16.1,149.0,151.0,1009.8,223.0,0.0,,90.0
2023-06-09 21:00:00,4.6,4.7,,4.5,,74.0,13.1,18.0,151.0,150.0,1009.5,183.0,0.0,,60.0
2023-06-09 22:00:00,4.6,4.9,,4.3,,74.0,14.6,19.0,150.0,149.0,1009.7,93.0,0.0,,90.0
2023-06-09 23:00:00,5.1,5.7,,4.5,,71.0,15.7,20.2,148.0,149.0,1009.3,35.0,0.0,,90.0
2023-06-10 00:00:00,5.8,5.9,,5.6,,69.0,14.5,20.6,148.0,147.0,1009.6,34.0,0.0,,100.0
2023-06-10 01:00:00,5.7,6.1,,5.2,,69.0,14.2,19.6,149.0,147.0,1010.3,19.0,0.0,,90.0
2023-06-10 02:00:00,4.7,5.2,,4.2,,75.0,12.7,17.7,140.0,148.0,1009.9,3.0,0.0,,90.0
2023-06-10 03:00:00,4.9,5.5,,4.5,,73.0,14.0,19.0,153.0,150.0,1009.3,0.0,0.0,,90.0
2023-06-10 04:00:00,4.6,5.2,,4.4,,76.0,11.4,17.5,151.0,148.0,1009.2,0.0,0.0,,90.0
2023-06-10 05:00:00,5.6,6.3,,5.0,,72.0,10.6,16.0,152.0,149.0,1008.8,0.0,0.0,,90.0
2023-06-10 06:00:00,5.7,6.6,6.6,4.2,4.2,72.0,10.6,16.1,159.0,157.0,1009.4,2.0,0.0,0.0,90.0
2023-06-10 07:00:00,4.8,5.0,,4.5,,77.0,11.2,15.2,147.0,150.0,1009.5,15.0,0.0,,90.0
2023-06-10 08:00:00,5.3,5.7,,4.8,,74.0,11.4,15.4,151.0,150.0,1009.6,29.0,0.0,,90.0
2023-06-10 09:00:00,5.6,6.2,,5.0,,72.0,11.5,16.2,150.0,149.0,1009.8,63.0,0.0,,90.0
2023-06-10 10:00:00,5.4,5.7,,5.0,,71.0,12.1,16.5,150.0,148.0,1009.4,167.0,0.0,,90.0
2023-06-10 11:00:00,6.1,6.3,,5.4,,67.0,13.7,16.6,150.0,149.0,1009.0,432.0,0.0,,60.0
2023-06-10 12:00:00,7.5,8.4,,6.3,,61.0,13.9,17.9,149.0,150.0,1008.7,483.0,0.0,,40.0
2023-06-10 13:00:00,7.8,8.3,,7.6,,57.0,12.6,17.9,154.0,150.0,1009.2,603.0,0.0,,40.0
2023-06-10 14:00:00,7.7,8.3,,7.2,,58.0,11.5,16.0,151.0,153.0,1008.9,670.0,0.0,,40.0
2023-06-10 15:00:00,6.9,7.3,,6.6,,60.0,13.4,20.2,150.0,150.0,1008.2,561.0,0.0,,10.0
2023-06-10 16:00:00,6.0,6.8,,5.4,,64.0,16.9,21.7,149.0,150.0,1007.9,596.0,0.0,,10.0
2023-06-10 17:00:00,5.7,6.1,,5.4,,67.0,16.8,21.5,149.0,149.0,1007.6,422.0,0.0,,10.0
2023-06-10 18:00:00,5.9,6.6,8.4,5.6,4.5,62.0,17.6,22.8,148.0,148.0,1007.1,478.0,0.0,,10.0
2023-06-10 19:00:00,7.2,7.5,,6.6,,55.0,19.3,24.4,151.0,150.0,1007.1,368.0,0.0,,10.0
2023-06-10 20:00:00,7.6,8.5,,6.8,,54.0,17.1,23.3,148.0,148.0,1006.9,384.0,0.0,,10.0
2023-06-10 21:00:00,8.1,8.6,,7.9,,50.0,18.6,24.0,144.0,147.0,1006.8,297.0,0.0,,40.0
2023-06-10 22:00:00,8.9,9.7,,8.1,,39.0,17.8,24.5,147.0,145.0,1007.1,226.0,0.0,,40.0
2023-06-10 23:00:00,8.5,8.9,,8.3,,37.0,18.9,24.6,148.0,146.0,1007.0,145.0,0.0,,60.0
2023-06-11 00:00:00,8.4,8.8,,7.7,,45.0,18.8,25.5,148.0,148.0,1007.1,43.0,0.0,,90.0
2023-06-11 01:00:00,7.6,8.0,,7.1,,55.0,18.3,23.2,150.0,149.0,1007.5,13.0,0.0,,90.0
2023-06-11 02:00:00,7.8,8.3,,7.3,,53.0,16.8,23.9,149.0,150.0,1006.8,3.0,0.0,,90.0
2023-06-11 03:00:00,8.3,8.8,,8.0,,50.0,17.2,22.0,150.0,150.0,1006.7,1.0,0.0,,90.0
2023-06-11 04:00:00,8.0,8.7,,7.3,,51.0,17.8,23.0,147.0,149.0,1006.5,0.0,0.0,,90.0
2023-06-11 05:00:00,7.2,7.5,,6.8,,55.0,16.5,21.4,149.0,148.0,1006.7,0.0,0.0,,60.0
2023-06-11 06:00:00,6.1,7.4,9.7,4.7,4.7,65.0,13.8,19.5,166.0,158.0,1007.7,2.0,0.0,0.0,100.0
2023-06-11 07:00:00,3.8,4.7,,3.4,,84.0,14.5,21.1,158.0,163.0,1008.1,6.0,0.0,,
2023-06-11 08:00:00,2.9,3.8,,2.1,,91.0,12.0,17.3,155.0,158.0,1009.2,8.0,0.0,,100.0
2023-06-11 09:00:00,2.0,2.1,,1.9,,97.0,12.6,17.0,151.0,151.0,1008.8,15.0,0.0,,100.0
2023-06-11 10:00:00,2.3,2.7,,1.9,,97.0,12.4,17.7,157.0,151.0,1009.6,29.0,1.2,,90.0
2023-06-11 11:00:00,2.3,2.7,,2.0,,96.0,12.4,17.3,145.0,147.0,1009.4,94.0,1.5,,90.0
2023-06-11 12:00:00,2.8,2.9,,2.6,,95.0,11.3,15.5,152.0,152.0,1009.3,170.0,0.0,,100.0
2023-06-11 13:00:00,2.8,3.3,,2.6,,95.0,11.4,15.7,150.0,152.0,1009.5,381.0,0.0,,90.0
2023-06-11 14:00:00,3.0,3.2,,2.9,,94.0,10.1,13.8,152.0,150.0,1009.6,296.0,0.0,,90.0
2023-06-11 15:00:00,3.3,3.6,,3.0,,94.0,9.0,12.6,151.0,153.0,1009.5,261.0,0.0,,100.0
2023-06-11 16:00:00,3.5,4.1,,3.2,,93.0,9.3,12.5,145.0,149.0,1008.9,360.0,0.0,,90.0
2023-06-11 17:00:00,4.5,5.1,,4.1,,88.0,9.2,13.2,167.0,157.0,1008.6,403.0,0.0,,90.0
2023-06-11 18:00:00,4.2,4.5,5.1,3.7,1.9,90.0,8.9,12.0,176.0,172.0,1008.7,313.0,0.0,,90.0
2023-06-11 19:00:00,4.0,4.2,,3.7,,91.0,7.6,11.2,177.0,179.0,1008.4,188.0,0.0,,100.0
2023-06-11 20:00:00,3.7,4.1,,3.4,,94.0,7.7,10.4,168.0,170.0,1008.1,225.0,0.0,,100.0
2023-06-11 21:00:00,3.4,3.8,,3.0,,95.0,7.7,10.7,166.0,168.0,1007.5,222.0,0.0,,90.0
2023-06-11 22:00:00,2.9,3.4,,2.5,,97.0,7.7,10.1,163.0,170.0,1007.1,141.0,0.0,,90.0
2023-06-11 23:00:00,2.4,2.6,,2.2,,99.0,7.2,10.0,154.0,173.0,1006.8,61.0,0.0,,90.0
2023-06-12 00:00:00,2.4,2.7,,2.2,,99.0,8.3,11.8,158.0,157.0,1006.7,68.0,0.0,,100.0
2023-06-12 01:00:00,2.4,2.7,,2.2,,98.0,9.9,15.3,155.0,156.0,1005.8,15.0,0.0,,90.0
2023-06-12 02:00:00,2.3,2.3,,2.2,,99.0,10.2,13.9,154.0,160.0,1005.8,3.0,0.0,,100.0
2023-06-12 03:00:00,2.0,2.2,,1.8,,99.0,9.8,13.6,159.0,158.0,1005.6,0.0,0.0,,
2023-06-12 04:00:00,1.5,1.8,,1.3,,99.0,10.6,15.7,154.0,156.0,1004.6,0.0,0.0,,100.0
2023-06-12 05:00:00,1.2,1.4,,1.1,,100.0,11.3,15.4,151.0,154.0,1004.7,0.0,0.0,,100.0
2023-06-12 06:00:00,1.1,1.2,4.2,1.0,1.0,100.0,11.5,17.2,152.0,151.0,1004.9,3.0,0.0,2.7,100.0
2023-06-12 07:00:00,1.1,1.4,,1.0,,100.0,11.6,15.9,142.0,146.0,1004.2,11.0,0.0,,100.0
2023-06-12 08:00:00,1.5,1.5,,1.3,,100.0,11.9,16.0,149.0,147.0,1004.6,40.0,0.0,,100.0
2023-06-12 09:00:00,1.5,1.6,,1.5,,100.0,13.5,18.4,148.0,148.0,1004.8,45.0,0.0,,100.0
2023-06-12 10:00:00,1.5,1.6,,1.4,,100.0,13.9,18.9,148.0,149.0,1005.2,76.0,0.0,,100.0
2023-06-12 11:00:00,1.9,2.1,,1.6,,100.0,12.5,17.6,140.0,143.0,1005.0,132.0,0.0,,100.0
2023-06-12 12:00:00,2.7,3.0,,2.1,,96.0,12.2,17.8,150.0,142.0,1005.1,271.0,0.0,,90.0
2023-06-12 13:00:00,3.1,3.4,,2.5,,91.0,12.6,18.9,148.0,151.0,1006.2,333.0,0.0,,40.0
2023-06-12 14:00:00,2.4,2.6,,2.3,,93.0,12.0,17.3,151.0,149.0,1006.7,170.0,0.0,,90.0
2023-06-12 15:00:00,2.4,2.5,,2.3,,91.0,12.4,17.0,150.0,151.0,1007.4,143.0,0.0,,100.0
2023-06-12 16:00:00,2.3,2.4,,2.1,,93.0,12.0,16.5,148.0,148.0,1007.2,79.0,0.0,,100.0
2023-06-12 17:00:00,2.2,2.3,,2.1,,95.0,12.0,16.4,145.0,148.0,1007.5,71.0,2.4,,100.0
2023-06-12 18:00:00,2.1,2.3,3.4,2.0,1.0,93.0,11.1,16.6,149.0,147.0,1008.4,75.0,2.8,,100.0
2023-06-12 19:00:00,1.9,2.2,,1.3,,95.0,9.1,14.4,156.0,157.0,1009.0,67.0,2.5,,100.0
2023-06-12 20:00:00,1.0,1.4,,0.9,,97.0,8.2,11.9,147.0,152.0,1009.2,53.0,1.9,,100.0
2023-06-12 21:00:00,0.3,0.8,,0.0,,98.0,6.2,9.5,147.0,149.0,1009.5,41.0,1.4,,100.0
2023-06-12 22:00:00,0.0,0.0,,0.0,,99.0,5.4,7.4,161.0,153.0,1009.8,34.0,2.8,,100.0
2023-06-12 23:00:00,0.0,0.0,,0.0,,100.0,4.4,6.1,161.0,157.0,1009.8,34.0,1.0,,90.0
2023-06-13 00:00:00,0.0,0.1,,0.0,,100.0,3.6,4.9,161.0,161.0,1010.1,12.0,0.7,,100.0
2023-06-13 01:00:00,0.0,0.0,,0.0,,100.0,2.7,3.9,176.0,168.0,1010.2,4.0,1.0,,100.0
2023-06-13 02:00:00,0.0,0.0,,0.0,,100.0,2.0,3.2,189.0,185.0,1010.1,2.0,0.9,,100.0
2023-06-13 03:00:00,-0.1,0.0,,-0.1,,100.0,0.0,1.2,0.0,0.0,1009.7,1.0,0.5,,100.0
2023-06-13 04:00:00,-0.1,-0.1,,-0.2,,100.0,0.0,0.0,0.0,0.0,1009.6,0.0,0.2,,100.0
2023-06-13 05:00:00,-0.1,-0.1,,-0.1,,100.0,0.0,0.0,0.0,0.0,1009.5,0.0,0.0,,100.0
2023-06-13 06:00:00,-0.1,-0.1,2.2,-0.1,-0.2,100.0,0.4,1.3,329.0,305.0,1009.6,3.0,0.2,18.3,100.0
2023-06-13 07:00:00,-0.1,0.0,,-0.1,,100.0,1.3,3.1,335.0,336.0,1009.7,7.0,0.2,,100.0
2023-06-13 08:00:00,0.0,0.0,,-0.1,,100.0,2.2,3.5,348.0,342.0,1009.9,43.0,0.3,,90.0
2023-06-13 09:00:00,-0.1,0.1,,-0.3,,99.0,2.1,3.1,355.0,0.0,1010.1,165.0,0.3,,60.0
2023-06-13 10:00:00,0.0,0.2,,-0.1,,94.0,2.8,4.9,340.0,346.0,1010.0,340.0,0.2,,90.0
2023-06-13 11:00:00,0.3,0.6,,0.0,,85.0,4.1,5.3,341.0,340.0,1009.9,473.0,0.0,,60.0
2023-06-13 12:00:00,0.8,1.2,,0.5,,78.0,4.6,5.7,340.0,340.0,1010.0,584.0,0.0,,90.0
2023-06-13 13:00:00,1.7,2.5,,1.2,,72.0,4.9,6.6,9.0,350.0,1010.0,677.0,0.0,,60.0
2023-06-13 14:00:00,2.3,3.0,,1.8,,68.0,5.1,7.7,340.0,349.0,1009.9,746.0,0.0,,90.0
2023-06-13 15:00:00,3.2,3.6,,2.7,,66.0,5.3,7.7,6.0,354.0,1009.8,788.0,0.0,,60.0
2023-06-13 16:00:00,3.5,4.1,,3.2,,70.0,5.2,7.2,12.0,7.0,1009.6,805.0,0.0,,90.0
2023-06-13 17:00:00,3.7,4.0,,3.4,,66.0,5.1,7.0,358.0,4.0,1009.2,519.0,0.0,,10.0
2023-06-13 18:00:00,4.3,5.1,5.1,3.8,-0.3,65.0,5.1,6.5,352.0,359.0,1009.0,598.0,0.0,,10.0
2023-06-13 19:00:00,4.9,5.4,,4.5,,64.0,4.8,6.8,323.0,345.0,1008.9,593.0,0.0,,40.0
2023-06-13 20:00:00,4.1,4.9,,3.6,,69.0,7.8,11.5,303.0,305.0,1008.9,503.0,0.0,,40.0
2023-06-13 21:00:00,3.7,3.8,,3.5,,65.0,9.2,11.7,300.0,300.0,1008.9,456.0,0.0,,90.0
2023-06-13 22:00:00,3.6,3.9,,3.4,,60.0,8.1,11.6,307.0,306.0,1008.9,335.0,0.0,,90.0
2023-06-13 23:00:00,3.4,3.6,,3.2,,59.0,7.8,9.9,305.0,304.0,1009.0,190.0,0.0,,60.0
2023-06-14 00:00:00,3.1,3.4,,2.8,,59.0,6.6,9.7,308.0,311.0,1009.2,106.0,0.0,,90.0
2023-06-14 01:00:00,2.3,2.8,,1.9,,63.0,6.4,10.2,310.0,311.0,1009.6,50.0,0.0,,90.0
2023-06-14 02:00:00,1.5,1.9,,1.2,,70.0,6.0,8.4,311.0,306.0,1009.5,12.0,0.0,,90.0
2023-06-14 03:00:00,1.0,1.2,,0.9,,73.0,4.8,6.8,337.0,330.0,1009.4,3.0,0.0,,90.0
2023-06-14 04:00:00,0.8,0.9,,0.6,,76.0,3.7,5.0,356.0,349.0,1009.2,1.0,0.0,,90.0
2023-06-14 05:00:00,0.6,0.7,,0.5,,78.0,3.7,5.5,5.0,354.0,1009.4,2.0,0.0,,60.0
2023-06-14 06:00:00,0.5,0.6,5.4,0.4,0.4,80.0,3.7,4.9,352.0,1.0,1009.3,9.0,0.0,1.0,90.0
2023-06-14 07:00:00,0.5,0.8,,0.4,,80.0,3.1,5.0,329.0,345.0,1009.5,44.0,0.0,,90.0
2023-06-14 08:00:00,1.0,1.2,,0.7,,79.0,2.8,5.2,29.0,357.0,1009.5,123.0,0.0,,40.0
2023-06-14 09:00:00,0.8,0.9,,0.6,,81.0,2.6,3.9,354.0,359.0,1009.6,108.0,0.0,,90.0
2023-06-14 10:00:00,1.3,1.8,,0.9,,79.0,2.6,3.9,2.0,2.0,1009.5,213.0,0.0,,60.0
2023-06-14 11:00:00,2.0,2.6,,1.6,,75.0,3.4,5.3,28.0,16.0,1009.7,414.0,0.0,,40.0
2023-06-14 12:00:00,3.0,3.6,,2.4,,66.0,2.8,4.9,6.0,17.0,1009.9,577.0,0.0,,90.0
2023-06-14 13:00:00,3.6,4.1,,3.1,,61.0,2.6,4.4,,360.0,1009.9,659.0,0.0,,90.0
2023-06-14 14:00:00,4.0,4.5,,3.7,,59.0,2.3,4.3,358.0,358.0,1010.0,734.0,0.0,,90.0
2023-06-14 15:00:00,4.6,5.1,,4.1,,59.0,2.0,3.6,271.0,305.0,1010.2,776.0,0.0,,40.0
2023-06-14 16:00:00,4.4,4.8,,4.0,,64.0,3.1,5.9,273.0,273.0,1010.2,791.0,0.0,,90.0
2023-06-14 17:00:00,4.6,4.9,,4.3,,64.0,4.7,6.5,273.0,279.0,1010.4,780.0,0.0,,90.0
2023-06-14 18:00:00,4.9,5.4,5.4,4.5,0.4,65.0,4.5,6.4,272.0,276.0,1010.5,730.0,0.0,,90.0
2023-06-14 19:00:00,4.8,5.4,,4.4,,67.0,5.9,8.4,272.0,275.0,1010.8,655.0,0.0,,90.0
2023-06-14 20:00:00,4.5,4.9,,4.2,,68.0,5.8,7.6,274.0,272.0,1011.0,557.0,0.0,,90.0
2023-06-14 21:00:00,4.2,4.6,,3.9,,66.0,5.6,7.7,279.0,279.0,1011.2,447.0,0.0,,90.0
2023-06-14 22:00:00,3.8,4.3,,3.4,,69.0,5.5,7.6,284.0,280.0,1011.5,331.0,0.0,,90.0
2023-06-14 23:00:00,3.1,3.7,,2.6,,73.0,5.3,6.7,287.0,286.0,1011.5,185.0,0.0,,90.0
2023-06-15 00:00:00,2.2,2.7,,1.6,,82.0,4.5,6.5,289.0,287.0,1011.7,101.0,0.0,,90.0
2023-06-15 01:00:00,1.1,1.6,,0.7,,88.0,3.9,4.9,290.0,289.0,1011.7,50.0,0.0,,90.0
2023-06-15 02:00:00,0.3,0.7,,0.1,,90.0,3.6,4.7,296.0,291.0,1011.8,11.0,0.0,,100.0
2023-06-15 03:00:00,-0.1,0.1,,-0.3,,91.0,3.6,5.8,300.0,297.0,1011.7,3.0,0.0,,90.0
2023-06-15 04:00:00,-0.4,-0.2,,-0.5,,91.0,3.9,5.6,307.0,305.0,1011.6,1.0,0.0,,60.0
2023-06-15 05:00:00,-0.4,-0.3,,-0.5,,91.0,3.2,4.7,310.0,314.0,1011.7,2.0,0.0,,90.0
2023-06-15 06:00:00,-0.4,-0.3,5.4,-0.5,-0.5,90.0,3.1,4.6,302.0,311.0,1011.9,6.0,0.0,0.0,100.0
2023-06-15 07:00:00,-0.3,-0.1,,-0.5,,88.0,2.7,4.8,301.0,319.0,1012.2,18.0,0.0,,100.0
2023-06-15 08:00:00,0.1,0.3,,-0.1,,85.0,2.2,4.0,273.0,322.0,1012.8,55.0,0.0,,100.0
2023-06-15 09:00:00,0.4,0.8,,0.0,,82.0,0.5,4.0,0.0,303.0,1012.9,127.0,0.0,,90.0
2023-06-15 10:00:00,1.0,1.4,,0.7,,80.0,0.7,2.3,269.0,279.0,1013.4,225.0,0.0,,90.0
2023-06-15 11:00:00,1.1,1.4,,1.0,,82.0,2.2,3.7,219.0,225.0,1013.9,283.0,0.0,,90.0
2023-06-15 12:00:00,1.5,2.1,,0.9,,83.0,2.2,3.6,213.0,234.0,1014.4,354.0,0.0,,90.0
2023-06-15 13:00:00,1.5,1.8,,1.2,,87.0,2.6,4.7,146.0,176.0,1014.9,343.0,0.0,,90.0
2023-06-15 14:00:00,2.2,3.1,,1.6,,84.0,3.6,5.6,153.0,164.0,1015.3,564.0,0.0,,90.0
2023-06-15 15:00:00,2.9,4.3,,1.8,,77.0,3.3,5.5,173.0,174.0,1015.5,663.0,0.0,,60.0
2023-06-15 16:00:00,3.2,4.3,,2.7,,68.0,1.8,3.1,278.0,268.0,1015.8,712.0,0.0,,60.0
2023-06-15 17:00:00,3.5,4.1,,3.2,,62.0,3.2,4.7,264.0,257.0,1016.2,816.0,0.0,,40.0
2023-06-15 18:00:00,3.8,4.4,4.4,3.2,-0.5,62.0,4.0,6.7,252.0,248.0,1017.0,677.0,0.0,,60.0
2023-06-15 19:00:00,3.5,4.4,,2.9,,63.0,4.8,7.6,252.0,257.0,1017.5,664.0,0.0,,40.0
2023-06-15 20:00:00,2.7,3.3,,2.1,,70.0,5.2,7.4,251.0,253.0,1018.0,366.0,0.0,,100.0
2023-06-15 21:00:00,2.1,2.4,,1.7,,71.0,4.6,6.6,255.0,254.0,1018.7,251.0,0.0,,90.0
2023-06-15 22:00:00,1.8,1.9,,1.6,,70.0,3.1,4.6,263.0,258.0,1019.2,109.0,0.0,,100.0
2023-06-15 23:00:00,1.4,1.8,,1.2,,73.0,2.7,4.1,253.0,257.0,1019.6,71.0,0.0,,100.0
2023-06-16 00:00:00,1.3,1.5,,1.2,,74.0,2.4,4.3,261.0,260.0,1020.0,40.0,0.0,,100.0
2023-06-16 01:00:00,1.1,1.2,,1.0,,76.0,2.9,4.6,227.0,248.0,1020.4,17.0,0.0,,90.0
2023-06-16 02:00:00,0.9,1.0,,0.7,,80.0,2.2,4.4,269.0,243.0,1021.0,7.0,0.0,,90.0
2023-06-16 03:00:00,0.3,0.8,,-0.2,,88.0,2.8,5.0,259.0,261.0,1021.6,1.0,0.0,,100.0
2023-06-16 04:00:00,-0.2,0.1,,-0.4,,96.0,1.9,5.8,284.0,262.0,1022.0,0.0,0.0,,100.0
2023-06-16 05:00:00,0.2,0.3,,0.0,,90.0,3.4,5.5,292.0,294.0,1022.7,1.0,0.0,,100.0
2023-06-16 06:00:00,0.4,0.6,4.4,0.3,-0.4,84.0,4.0,6.8,307.0,300.0,1023.3,5.0,0.0,0.0,90.0
2023-06-16 07:00:00,0.4,0.6,,0.2,,79.0,5.9,8.3,318.0,312.0,1024.1,19.0,0.0,,100.0
2023-06-16 08:00:00,0.4,0.7,,0.2,,77.0,5.5,8.2,316.0,328.0,1024.6,85.0,0.0,,60.0
2023-06-16 09:00:00,0.5,0.8,,0.4,,77.0,6.0,8.1,333.0,328.0,1025.1,127.0,0.0,,60.0
2023-06-16 10:00:00,0.9,1.3,,0.6,,75.0,6.4,8.5,322.0,326.0,1025.5,300.0,0.0,,60.0
2023-06-16 11:00:00,1.0,1.5,,0.7,,72.0,6.2,8.6,339.0,328.0,1025.7,377.0,0.0,,60.0
2023-06-16 12:00:00,1.7,2.5,,1.3,,70.0,5.5,8.1,335.0,337.0,1025.9,584.0,0.0,,90.0
2023-06-16 13:00:00,2.1,3.0,,1.4,,70.0,5.4,7.0,346.0,343.0,1025.9,677.0,0.0,,60.0
2023-06-16 14:00:00,2.4,2.9,,2.0,,68.0,5.1,6.8,360.0,360.0,1026.0,746.0,0.0,,60.0
2023-06-16 15:00:00,2.9,3.6,,2.4,,67.0,5.3,7.0,358.0,360.0,1025.8,789.0,0.0,,60.0
2023-06-16 16:00:00,3.5,4.2,,3.0,,65.0,4.9,6.8,,359.0,1025.6,802.0,0.0,,90.0
2023-06-16 17:00:00,4.2,4.6,,3.8,,64.0,5.5,8.6,313.0,335.0,1025.6,785.0,0.0,,90.0
2023-06-16 18:00:00,4.0,4.4,4.6,3.8,0.2,66.0,7.1,10.0,303.0,306.0,1025.5,738.0,0.0,,90.0
2023-06-16 19:00:00,3.8,4.2,,3.5,,65.0,7.7,10.3,297.0,301.0,1025.2,660.0,0.0,,90.0
2023-06-16 20:00:00,3.7,4.0,,3.5,,64.0,7.9,10.6,301.0,301.0,1025.0,563.0,0.0,,90.0
2023-06-16 21:00:00,3.4,3.7,,2.9,,69.0,9.0,11.9,302.0,302.0,1024.9,451.0,0.0,,60.0
2023-06-16 22:00:00,3.1,3.3,,2.8,,73.0,8.1,10.6,304.0,304.0,1024.9,332.0,0.0,,60.0
2023-06-16 23:00:00,2.5,2.8,,2.0,,76.0,8.2,10.8,305.0,305.0,1025.0,183.0,0.0,,90.0
2023-06-17 00:00:00,1.6,2.1,,1.1,,81.0,8.1,10.8,306.0,306.0,1025.1,100.0,0.0,,90.0
2023-06-17 01:00:00,0.9,1.2,,0.6,,85.0,7.6,10.1,312.0,310.0,1025.1,51.0,0.0,,90.0
2023-06-17 02:00:00,0.3,0.6,,0.1,,88.0,6.3,9.5,308.0,312.0,1025.1,11.0,0.0,,90.0
2023-06-17 03:00:00,0.1,0.2,,-0.1,,90.0,5.7,7.3,328.0,324.0,1024.9,3.0,0.0,,90.0
2023-06-17 04:00:00,-0.1,0.0,,-0.2,,93.0,5.6,7.5,335.0,336.0,1024.6,1.0,0.0,,90.0
2023-06-17 05:00:00,-0.1,0.0,,-0.2,,91.0,5.6,7.4,332.0,332.0,1024.7,2.0,0.0,,60.0
2023-06-17 06:00:00,-0.1,0.0,4.2,-0.2,-0.2,91.0,6.0,7.9,326.0,330.0,1024.7,6.0,0.0,0.0,100.0
2023-06-17 07:00:00,0.0,0.1,,-0.1,,92.0,6.0,7.9,341.0,337.0,1024.8,19.0,0.0,,100.0
2023-06-17 08:00:00,0.1,0.2,,0.0,,92.0,5.3,7.2,337.0,342.0,1024.4,49.0,0.0,,100.0
2023-06-17 09:00:00,0.2,0.5,,0.0,,91.0,5.4,7.3,352.0,351.0,1024.4,97.0,0.0,,90.0
2023-06-17 10:00:00,1.1,2.1,,0.4,,89.0,4.5,6.6,358.0,356.0,1024.7,258.0,0.0,,60.0
2023-06-17 11:00:00,2.0,2.5,,1.5,,85.0,3.4,4.8,359.0,357.0,1024.4,457.0,0.0,,90.0
2023-06-17 12:00:00,2.8,3.4,,2.3,,80.0,3.8,4.8,360.0,359.0,1024.4,566.0,0.0,,60.0
2023-06-17 13:00:00,4.2,4.8,,3.3,,74.0,3.4,4.6,352.0,357.0,1024.3,660.0,0.0,,60.0
2023-06-17 14:00:00,4.9,5.6,,4.4,,71.0,3.2,4.7,355.0,356.0,1024.1,724.0,0.0,,40.0
2023-06-17 15:00:00,5.1,5.9,,4.8,,70.0,3.1,4.3,332.0,328.0,1023.7,765.0,0.0,,40.0
2023-06-17 16:00:00,5.8,6.4,,5.3,,68.0,3.1,6.0,293.0,311.0,1023.6,746.0,0.0,,10.0
2023-06-17 17:00:00,5.7,6.1,,5.5,,70.0,5.1,8.5,299.0,299.0,1023.5,767.0,0.0,,60.0
2023-06-17 18:00:00,5.6,5.8,6.4,5.4,-0.1,68.0,6.4,9.5,306.0,300.0,1023.4,728.0,0.0,,60.0
2023-06-17 19:00:00,5.5,5.8,,5.1,,62.0,7.2,9.3,305.0,306.0,1023.4,604.0,0.0,,40.0
2023-06-17 20:00:00,4.9,5.2,,4.5,,66.0,7.1,9.5,311.0,308.0,1023.3,460.0,0.0,,60.0
2023-06-17 21:00:00,5.5,5.8,,5.0,,63.0,5.8,7.8,302.0,309.0,1023.3,444.0,0.0,,90.0
2023-06-17 22:00:00,5.1,5.7,,4.6,,66.0,6.3,8.3,309.0,305.0,1023.3,323.0,0.0,,90.0
2023-06-17 23:00:00,4.3,4.7,,3.9,,69.0,7.1,10.0,313.0,309.0,1023.5,182.0,0.0,,90.0
2023-06-18 00:00:00,3.8,4.1,,3.4,,74.0,4.8,7.2,311.0,312.0,1023.6,99.0,0.0,,90.0
2023-06-18 01:00:00,3.4,3.7,,3.0,,73.0,4.9,6.9,334.0,326.0,1023.1,50.0,0.0,,90.0
2023-06-18 02:00:00,2.7,3.0,,2.4,,79.0,5.5,7.5,317.0,328.0,1023.0,12.0,0.0,,90.0
2023-06-18 03:00:00,2.4,2.9,,2.2,,81.0,5.0,6.6,331.0,333.0,1022.6,3.0,0.0,,90.0
2023-06-18 04:00:00,2.8,2.9,,2.4,,77.0,5.5,6.8,346.0,341.0,1022.4,2.0,0.0,,90.0
2023-06-18 05:00:00,2.4,2.9,,2.0,,82.0,5.5,6.9,329.0,346.0,1022.3,3.0,0.0,,90.0
2023-06-18 06:00:00,2.4,2.7,5.8,2.1,2.0,83.0,5.3,6.7,349.0,341.0,1022.5,13.0,0.0,0.0,90.0
2023-06-18 07:00:00,2.3,2.6,,2.1,,84.0,5.3,6.4,347.0,352.0,1022.7,43.0,0.0,,90.0
2023-06-18 08:00:00,2.5,2.8,,2.2,,84.0,4.7,6.2,341.0,342.0,1022.6,113.0,0.0,,60.0
2023-06-18 09:00:00,2.7,3.3,,2.5,,84.0,4.8,6.0,343.0,340.0,1022.6,206.0,0.0,,90.0
2023-06-18 10:00:00,3.3,3.8,,2.9,,81.0,4.7,6.1,348.0,347.0,1022.7,312.0,0.0,,90.0
2023-06-18 11:00:00,4.3,5.2,,3.6,,73.0,4.7,6.0,341.0,341.0,1022.6,406.0,0.0,,60.0
2023-06-18 12:00:00,5.7,6.2,,5.2,,59.0,4.5,6.2,354.0,351.0,1022.5,529.0,0.0,,60.0
2023-06-18 13:00:00,6.6,7.4,,5.9,,53.0,4.0,5.2,1.0,357.0,1022.3,642.0,0.0,,40.0
2023-06-18 14:00:00,7.2,7.9,,5.9,,50.0,3.0,5.1,300.0,335.0,1022.3,713.0,0.0,,10.0
2023-06-18 15:00:00,7.3,8.3,,6.2,,51.0,2.3,3.8,336.0,310.0,1022.0,760.0,0.0,,10.0
2023-06-18 16:00:00,8.4,8.9,,8.0,,55.0,3.3,4.7,332.0,348.0,1021.6,645.0,0.0,,10.0
2023-06-18 17:00:00,7.6,8.5,,6.7,,61.0,3.5,8.1,277.0,284.0,1021.6,559.0,0.0,,40.0
2023-06-18 18:00:00,6.1,6.7,8.9,5.4,2.1,67.0,6.4,9.4,295.0,285.0,1022.0,477.0,0.0,,60.0
2023-06-18 19:00:00,7.1,8.1,,6.1,,61.0,3.5,6.0,287.0,321.0,1022.1,355.0,0.0,,40.0
2023-06-18 20:00:00,6.9,8.1,,6.2,,61.0,3.7,5.8,326.0,337.0,1021.5,425.0,0.0,,90.0
2023-06-18 21:00:00,6.8,7.6,,6.3,,64.0,4.8,7.1,293.0,300.0,1021.7,413.0,0.0,,40.0
2023-06-18 22:00:00,6.2,6.8,,5.7,,68.0,4.3,6.2,319.0,305.0,1021.4,335.0,0.0,,40.0
2023-06-18 23:00:00,6.0,6.9,,5.6,,67.0,3.7,5.6,320.0,319.0,1021.2,184.0,0.0,,60.0
2023-06-19 00:00:00,5.3,5.8,,4.7,,67.0,4.0,6.3,303.0,314.0,1021.1,101.0,0.0,,90.0
2023-06-19 01:00:00,4.2,4.9,,3.7,,72.0,4.0,5.9,309.0,307.0,1020.8,50.0,0.0,,90.0
2023-06-19 02:00:00,3.4,3.9,,2.5,,75.0,3.8,5.6,297.0,312.0,1020.9,13.0,0.0,,100.0
2023-06-19 03:00:00,2.5,2.7,,2.4,,77.0,3.4,5.4,5.0,334.0,1020.4,3.0,0.0,,90.0
2023-06-19 04:00:00,2.6,2.9,,2.4,,74.0,4.9,6.3,342.0,349.0,1020.5,1.0,0.0,,90.0
2023-06-19 05:00:00,2.5,2.7,,2.2,,77.0,4.5,6.1,328.0,345.0,1020.4,3.0,0.0,,90.0
2023-06-19 06:00:00,2.3,2.5,8.1,2.1,2.1,85.0,3.8,5.1,340.0,336.0,1020.4,12.0,0.0,0.0,90.0
2023-06-19 07:00:00,2.3,2.4,,2.2,,86.0,3.9,5.1,2.0,352.0,1020.2,44.0,0.0,,40.0
2023-06-19 08:00:00,2.4,2.7,,2.2,,86.0,3.9,5.2,319.0,336.0,1020.7,113.0,0.0,,90.0
2023-06-19 09:00:00,2.8,3.3,,2.4,,84.0,2.2,3.5,354.0,326.0,1020.7,198.0,0.0,,90.0
2023-06-19 10:00:00,3.4,3.6,,3.2,,81.0,3.0,4.1,352.0,358.0,1020.7,328.0,0.0,,90.0
2023-06-19 11:00:00,4.1,4.7,,3.4,,79.0,3.0,4.1,356.0,352.0,1020.5,447.0,0.0,,90.0
2023-06-19 12:00:00,5.4,6.3,,4.6,,71.0,3.5,4.7,348.0,354.0,1020.4,556.0,0.0,,60.0
2023-06-19 13:00:00,7.1,8.4,,5.8,,62.0,2.6,3.7,4.0,358.0,1020.3,647.0,0.0,,40.0
2023-06-19 14:00:00,7.4,8.7,,6.5,,65.0,2.3,3.4,267.0,295.0,1020.5,720.0,0.0,,10.0
2023-06-19 15:00:00,7.4,8.0,,6.8,,73.0,2.4,5.0,265.0,259.0,1020.4,612.0,0.0,,10.0
2023-06-19 16:00:00,8.0,8.5,,7.6,,65.0,3.6,6.3,255.0,257.0,1020.2,560.0,0.0,,10.0
2023-06-19 17:00:00,8.3,9.2,,7.3,,62.0,3.5,6.2,260.0,257.0,1020.4,686.0,0.0,,10.0
2023-06-19 18:00:00,9.5,9.8,9.8,9.2,2.2,56.0,3.2,5.3,257.0,259.0,1020.3,557.0,0.0,,10.0
2023-06-19 19:00:00,9.3,10.7,,8.3,,54.0,3.3,6.6,259.0,259.0,1020.5,563.0,0.0,,10.0
2023-06-19 20:00:00,8.4,8.9,,8.0,,51.0,3.8,6.5,256.0,259.0,1020.2,467.0,0.0,,10.0
2023-06-19 21:00:00,8.9,9.1,,8.6,,44.0,3.1,4.4,259.0,258.0,1020.1,374.0,0.0,,10.0
2023-06-19 22:00:00,8.4,9.5,,7.2,,46.0,2.2,4.1,267.0,268.0,1019.9,244.0,0.0,,60.0
2023-06-19 23:00:00,6.1,7.5,,5.1,,72.0,2.5,4.6,218.0,225.0,1019.8,107.0,0.0,,10.0
2023-06-20 00:00:00,4.4,5.3,,3.9,,85.0,2.1,3.6,258.0,246.0,1019.8,66.0,0.0,,10.0
2023-06-20 01:00:00,4.4,5.0,,3.7,,83.0,1.5,4.4,285.0,272.0,1019.6,31.0,0.0,,90.0
2023-06-20 02:00:00,4.4,4.8,,4.2,,81.0,1.2,2.4,168.0,239.0,1019.2,10.0,0.0,,90.0
2023-06-20 03:00:00,4.2,4.8,,3.9,,83.0,1.9,3.4,213.0,173.0,1018.9,1.0,0.0,,90.0
2023-06-20 04:00:00,3.8,9.5,,3.4,,81.0,2.4,3.9,156.0,165.0,1018.7,0.0,0.0,,90.0
2023-06-20 05:00:00,3.5,4.2,,3.1,,82.0,3.0,3.8,147.0,149.0,1018.3,1.0,0.0,,90.0
2023-06-20 06:00:00,3.6,4.0,10.7,3.2,3.1,81.0,3.7,5.6,164.0,154.0,1018.1,9.0,0.0,0.0,90.0
2023-06-20 07:00:00,3.1,3.7,,2.8,,85.0,4.8,7.2,156.0,156.0,1018.2,34.0,0.0,,90.0
2023-06-20 08:00:00,3.2,3.8,,2.8,,85.0,7.8,11.8,158.0,153.0,1018.2,93.0,0.0,,60.0
2023-06-20 09:00:00,4.3,5.0,,3.8,,74.0,9.8,13.7,160.0,156.0,1017.7,141.0,0.0,,90.0
2023-06-20 10:00:00,4.7,5.7,,4.2,,69.0,11.5,16.0,146.0,153.0,1017.6,168.0,0.0,,60.0
2023-06-20 11:00:00,5.4,6.1,,4.9,,68.0,11.3,15.1,150.0,152.0,1017.3,274.0,0.0,,40.0
2023-06-20 12:00:00,5.9,6.4,,5.1,,68.0,10.2,14.6,154.0,158.0,1016.8,385.0,0.0,,40.0
2023-06-20 13:00:00,6.5,7.1,,6.0,,65.0,8.8,12.3,159.0,159.0,1016.6,568.0,0.0,,40.0
2023-06-20 14:00:00,6.7,7.3,,6.0,,64.0,9.0,12.8,166.0,165.0,1016.5,457.0,0.0,,90.0
2023-06-20 15:00:00,6.2,7.0,,5.4,,65.0,10.8,15.4,149.0,157.0,1015.2,369.0,0.0,,90.0
2023-06-20 16:00:00,6.5,7.5,,5.8,,63.0,10.9,16.2,154.0,154.0,1014.8,268.0,0.0,,90.0
2023-06-20 17:00:00,6.3,6.9,,5.3,,67.0,11.3,15.6,151.0,153.0,1013.9,241.0,0.0,,60.0
2023-06-20 18:00:00,5.8,6.2,7.5,5.4,2.8,73.0,9.7,14.7,155.0,158.0,1014.1,162.0,0.0,,90.0
2023-06-20 19:00:00,6.4,7.1,,5.8,,67.0,11.4,15.1,149.0,149.0,1013.4,299.0,0.0,,10.0
2023-06-20 20:00:00,6.7,7.2,,6.3,,57.0,11.8,16.0,150.0,153.0,1012.6,199.0,0.0,,90.0
2023-06-20 21:00:00,6.6,6.9,,6.5,,64.0,10.5,16.0,154.0,152.0,1012.2,124.0,0.0,,90.0
2023-06-20 22:00:00,6.3,6.7,,5.7,,70.0,10.1,14.0,163.0,158.0,1012.1,62.0,0.0,,90.0
2023-06-20 23:00:00,4.7,5.7,,4.2,,69.0,10.5,14.1,149.0,154.0,1011.0,57.0,0.0,,90.0
2023-06-21 00:00:00,6.0,6.6,,4.7,,71.0,10.5,15.1,154.0,149.0,1010.0,34.0,0.0,,100.0
2023-06-21 01:00:00,6.9,8.2,,5.9,,73.0,8.9,13.3,143.0,152.0,1008.8,8.0,0.0,,90.0
2023-06-21 02:00:00,7.8,9.1,,7.1,,75.0,8.2,12.8,155.0,154.0,1007.8,2.0,0.0,,100.0
2023-06-21 03:00:00,6.4,7.2,,5.7,,81.0,9.1,15.7,151.0,158.0,1006.4,1.0,0.0,,100.0
2023-06-21 04:00:00,6.6,7.1,,6.4,,80.0,11.1,15.4,154.0,155.0,1005.5,0.0,0.0,,100.0
2023-06-21 05:00:00,5.8,6.5,,5.2,,77.0,10.2,14.3,145.0,149.0,1005.2,0.0,0.0,,90.0
2023-06-21 06:00:00,5.3,5.6,9.1,5.1,4.2,65.0,11.4,16.8,155.0,151.0,1004.3,2.0,0.0,0.0,90.0
2023-06-21 07:00:00,5.5,5.7,,5.1,,53.0,13.3,21.0,149.0,150.0,1003.4,10.0,0.0,,100.0
2023-06-21 08:00:00,5.3,5.5,,5.2,,52.0,13.0,17.4,145.0,148.0,1002.8,19.0,0.0,,90.0
2023-06-21 09:00:00,5.4,5.6,,5.3,,63.0,12.9,17.6,140.0,142.0,1002.3,46.0,0.0,,100.0
2023-06-21 10:00:00,6.0,6.5,,5.5,,61.0,12.3,16.7,139.0,141.0,1001.3,84.0,0.0,,100.0
2023-06-21 11:00:00,6.8,7.0,,6.4,,56.0,12.0,16.6,148.0,144.0,1000.5,158.0,0.0,,100.0
2023-06-21 12:00:00,6.8,7.1,,6.5,,60.0,13.1,17.8,146.0,149.0,1000.1,151.0,0.0,,90.0
2023-06-21 13:00:00,6.7,7.0,,6.5,,66.0,13.4,19.3,139.0,147.0,999.1,382.0,0.0,,40.0
2023-06-21 14:00:00,6.5,6.8,,6.2,,69.0,10.8,18.3,155.0,151.0,999.3,303.0,0.0,,60.0
2023-06-21 15:00:00,5.8,6.3,,5.4,,77.0,6.9,11.1,155.0,156.0,999.0,206.0,0.0,,90.0
2023-06-21 16:00:00,5.6,6.0,,5.2,,83.0,6.4,10.6,170.0,163.0,998.8,276.0,0.0,,100.0
2023-06-21 17:00:00,4.7,5.4,,4.2,,87.0,4.5,7.9,170.0,169.0,998.5,141.0,0.0,,100.0
2023-06-21 18:00:00,4.3,4.7,7.1,4.0,4.0,90.0,5.1,8.0,185.0,173.0,998.4,146.0,0.0,,100.0
2023-06-21 19:00:00,3.9,4.2,,3.6,,93.0,4.4,6.8,170.0,171.0,997.9,201.0,0.0,,100.0
2023-06-21 20:00:00,3.6,4.0,,3.3,,95.0,4.4,6.2,163.0,163.0,997.7,159.0,0.0,,100.0
2023-06-21 21:00:00,3.3,3.6,,3.2,,97.0,3.6,5.0,168.0,164.0,997.3,117.0,0.0,,90.0
2023-06-21 22:00:00,3.5,3.7,,3.3,,96.0,2.7,4.2,187.0,176.0,997.1,86.0,0.0,,100.0
2023-06-21 23:00:00,3.6,3.8,,3.4,,95.0,2.4,3.6,178.0,176.0,997.2,42.0,0.0,,100.0
2023-06-22 00:00:00,3.3,3.7,,3.0,,96.0,2.0,3.9,267.0,230.0,997.3,14.0,0.0,,100.0
2023-06-22 01:00:00,2.3,3.0,,1.8,,98.0,4.1,6.7,280.0,271.0,997.4,7.0,0.0,,100.0
2023-06-22 02:00:00,1.6,1.8,,1.4,,97.0,4.7,7.1,292.0,286.0,997.3,2.0,0.0,,100.0
2023-06-22 03:00:00,1.3,1.5,,1.2,,97.0,4.3,5.6,284.0,285.0,997.0,0.0,0.0,,100.0
2023-06-22 04:00:00,1.2,1.3,,1.0,,97.0,3.7,5.7,295.0,280.0,996.9,0.0,0.0,,100.0
2023-06-22 05:00:00,1.4,1.8,,1.1,,96.0,1.8,4.1,280.0,290.0,996.4,1.0,0.0,,100.0
2023-06-22 06:00:00,1.9,1.9,4.2,1.7,1.0,93.0,2.6,5.1,282.0,280.0,996.4,2.0,0.0,0.0,100.0
2023-06-22 07:00:00,1.8,1.9,,1.6,,95.0,4.1,6.5,281.0,273.0,996.5,7.0,0.0,,100.0
2023-06-22 08:00:00,1.5,1.6,,1.5,,97.0,4.8,6.8,278.0,280.0,996.4,14.0,0.0,,100.0
2023-06-22 09:00:00,1.5,1.6,,1.4,,97.0,3.5,5.1,277.0,282.0,996.5,25.0,0.0,,100.0
2023-06-22 10:00:00,1.6,1.8,,1.4,,97.0,2.8,4.6,264.0,270.0,996.5,50.0,0.0,,100.0
2023-06-22 11:00:00,1.9,2.2,,1.7,,95.0,1.8,3.2,193.0,225.0,996.7,83.0,0.0,,100.0
2023-06-22 12:00:00,2.2,2.3,,2.0,,93.0,2.6,4.3,184.0,183.0,996.9,96.0,0.0,,100.0
2023-06-22 13:00:00,2.5,2.9,,2.3,,91.0,3.9,5.6,180.0,187.0,997.2,135.0,0.0,,100.0
2023-06-22 14:00:00,2.1,2.5,,1.8,,96.0,4.3,6.2,162.0,166.0,997.4,111.0,0.3,,90.0
2023-06-22 15:00:00,2.1,2.3,,1.8,,97.0,4.9,7.5,160.0,165.0,997.6,158.0,0.3,,100.0
2023-06-22 16:00:00,2.1,2.2,,1.9,,97.0,5.3,7.1,170.0,168.0,998.0,135.0,0.0,,90.0
2023-06-22 17:00:00,2.1,2.5,,1.8,,98.0,3.7,6.6,188.0,183.0,998.4,179.0,0.0,,90.0
2023-06-22 18:00:00,2.0,2.7,2.9,1.8,1.4,98.0,3.1,4.5,193.0,204.0,998.8,194.0,0.0,,100.0
2023-06-22 19:00:00,2.5,2.9,,2.1,,94.0,2.9,4.5,200.0,198.0,999.0,197.0,0.0,,100.0
2023-06-22 20:00:00,3.1,3.6,,2.8,,89.0,2.2,3.3,188.0,197.0,999.2,138.0,0.0,,100.0
2023-06-22 21:00:00,3.7,4.1,,3.4,,88.0,2.2,3.5,211.0,202.0,999.5,147.0,0.0,,100.0
2023-06-22 22:00:00,3.2,3.6,,3.0,,94.0,2.3,4.1,263.0,243.0,999.9,61.0,0.0,,100.0
2023-06-22 23:00:00,3.3,3.4,,3.1,,93.0,1.9,3.6,262.0,261.0,1000.3,39.0,0.0,,100.0
2023-06-23 00:00:00,2.9,3.2,,2.8,,93.0,2.2,3.4,265.0,268.0,1000.5,49.0,0.0,,100.0
2023-06-23 01:00:00,2.7,2.8,,2.6,,92.0,2.7,4.1,259.0,261.0,1000.8,39.0,0.0,,100.0
2023-06-23 02:00:00,2.5,2.6,,2.3,,92.0,2.2,3.9,256.0,258.0,1001.0,6.0,0.0,,100.0
2023-06-23 03:00:00,2.2,2.4,,2.1,,93.0,1.4,2.7,260.0,257.0,1000.9,1.0,0.0,,100.0
2023-06-23 04:00:00,2.0,2.1,,2.0,,95.0,1.1,1.8,259.0,261.0,1001.0,0.0,0.0,,90.0
2023-06-23 05:00:00,2.0,2.0,,1.9,,95.0,1.2,1.9,274.0,262.0,1001.1,1.0,0.0,,90.0
2023-06-23 06:00:00,1.9,2.0,4.1,1.8,1.8,97.0,1.7,3.2,302.0,290.0,1001.3,6.0,0.0,0.6,90.0
2023-06-23 07:00:00,2.0,2.1,,1.9,,97.0,2.5,3.3,333.0,320.0,1001.4,20.0,0.0,,90.0
2023-06-23 08:00:00,2.2,2.4,,2.0,,96.0,2.5,3.9,349.0,336.0,1001.5,57.0,0.0,,90.0
2023-06-23 09:00:00,2.8,3.1,,2.4,,95.0,3.7,4.7,337.0,351.0,1001.8,120.0,0.0,,90.0
2023-06-23 10:00:00,2.9,3.2,,2.8,,94.0,3.2,4.3,324.0,321.0,1001.9,162.0,0.0,,60.0
2023-06-23 11:00:00,3.4,4.1,,2.9,,92.0,2.9,3.9,352.0,333.0,1002.1,343.0,0.0,,90.0
2023-06-23 12:00:00,4.8,6.2,,4.1,,84.0,3.0,3.9,3.0,356.0,1002.1,555.0,0.0,,60.0
2023-06-23 13:00:00,6.9,7.8,,6.1,,75.0,3.3,4.6,9.0,12.0,1002.2,648.0,0.0,,40.0
2023-06-23 14:00:00,7.8,8.3,,7.3,,72.0,3.4,4.7,4.0,1.0,1002.3,722.0,0.0,,10.0
2023-06-23 15:00:00,7.6,8.7,,6.4,,72.0,1.9,4.1,273.0,300.0,1002.5,732.0,0.0,,10.0
2023-06-23 16:00:00,8.4,9.3,,7.6,,69.0,1.8,3.6,267.0,272.0,1002.3,691.0,0.0,,40.0
2023-06-23 17:00:00,8.7,9.3,,8.0,,65.0,4.6,8.6,304.0,290.0,1002.2,766.0,0.0,,10.0
2023-06-23 18:00:00,8.2,8.7,9.3,7.8,1.9,67.0,6.4,9.8,282.0,284.0,1002.3,724.0,0.0,,40.0
2023-06-23 19:00:00,7.7,8.2,,7.4,,68.0,7.2,10.2,281.0,280.0,1002.4,651.0,0.0,,10.0
2023-06-23 20:00:00,7.6,8.0,,7.2,,68.0,4.9,9.6,310.0,298.0,1002.7,546.0,0.0,,60.0
2023-06-23 21:00:00,7.4,8.1,,6.9,,68.0,3.7,9.0,295.0,352.0,1002.9,440.0,0.0,,40.0
2023-06-23 22:00:00,6.7,7.3,,6.2,,70.0,4.3,7.2,320.0,324.0,1003.0,326.0,0.0,,40.0
2023-06-23 23:00:00,5.9,6.5,,5.0,,73.0,4.2,6.4,290.0,311.0,1003.0,180.0,0.0,,60.0
2023-06-24 00:00:00,4.4,5.2,,3.8,,82.0,5.0,6.9,290.0,286.0,1002.8,100.0,0.0,,60.0
2023-06-24 01:00:00,3.5,3.9,,2.9,,86.0,4.9,6.8,279.0,282.0,1002.9,46.0,0.0,,90.0
2023-06-24 02:00:00,2.6,2.9,,2.4,,91.0,6.0,8.2,290.0,286.0,1003.0,10.0,0.0,,90.0
2023-06-24 03:00:00,2.3,2.4,,2.2,,93.0,5.3,6.9,304.0,300.0,1002.4,3.0,0.0,,90.0
2023-06-24 04:00:00,2.3,2.3,,2.2,,93.0,4.4,5.9,314.0,309.0,1002.2,1.0,0.0,,100.0
2023-06-24 05:00:00,2.2,2.3,,2.0,,94.0,4.3,6.6,305.0,307.0,1001.9,1.0,0.0,,100.0
2023-06-24 06:00:00,2.0,2.1,8.2,1.9,1.9,95.0,4.4,6.1,312.0,302.0,1002.0,4.0,0.0,0.0,100.0
2023-06-24 07:00:00,1.9,2.0,,1.8,,96.0,3.9,5.7,290.0,296.0,1002.1,13.0,0.0,,100.0
2023-06-24 08:00:00,1.9,2.0,,1.8,,96.0,3.3,5.1,307.0,302.0,1002.1,32.0,0.0,,100.0
2023-06-24 09:00:00,1.9,2.1,,1.8,,96.0,3.5,5.8,293.0,288.0,1002.1,57.0,0.0,,100.0
2023-06-24 10:00:00,1.9,2.0,,1.8,,96.0,3.7,5.9,293.0,297.0,1002.4,86.0,0.0,,100.0
2023-06-24 11:00:00,2.1,2.2,,1.9,,96.0,3.2,5.1,292.0,289.0,1002.6,114.0,0.0,,100.0
2023-06-24 12:00:00,2.0,2.1,,1.8,,97.0,3.1,4.8,265.0,278.0,1002.7,155.0,0.0,,100.0
2023-06-24 13:00:00,2.1,2.4,,1.8,,96.0,3.2,4.6,262.0,263.0,1002.8,224.0,0.0,,100.0
2023-06-24 14:00:00,2.4,3.0,,2.1,,91.0,2.7,4.3,246.0,256.0,1003.1,356.0,0.0,,100.0
2023-06-24 15:00:00,2.7,3.2,,2.3,,89.0,2.9,4.6,221.0,238.0,1003.4,417.0,0.0,,100.0
2023-06-24 16:00:00,3.1,3.8,,2.4,,86.0,3.3,4.7,217.0,220.0,1004.0,513.0,0.0,,100.0
2023-06-24 17:00:00,3.1,3.9,,2.5,,86.0,3.1,5.0,183.0,206.0,1004.3,490.0,0.0,,100.0
2023-06-24 18:00:00,3.2,3.8,3.9,2.5,1.8,84.0,3.1,5.6,195.0,193.0,1004.6,450.0,0.0,,100.0
2023-06-24 19:00:00,2.8,3.6,,2.3,,86.0,3.4,5.6,204.0,206.0,1005.3,394.0,0.0,,100.0
2023-06-24 20:00:00,2.5,3.2,,2.1,,86.0,3.2,5.3,201.0,200.0,1005.8,294.0,0.0,,100.0
2023-06-24 21:00:00,2.4,3.0,,1.9,,87.0,3.4,5.3,161.0,173.0,1006.2,245.0,0.0,,100.0
2023-06-24 22:00:00,1.7,2.3,,1.1,,89.0,3.6,5.3,159.0,164.0,1006.5,218.0,0.0,,90.0
2023-06-24 23:00:00,1.5,2.1,,1.1,,90.0,3.7,5.5,167.0,166.0,1006.9,187.0,0.0,,60.0
2023-06-25 00:00:00,1.6,1.8,,1.4,,88.0,3.7,4.9,158.0,166.0,1007.2,101.0,0.0,,90.0
2023-06-25 01:00:00,1.6,1.8,,1.5,,88.0,3.2,4.4,162.0,163.0,1007.2,51.0,0.0,,90.0
2023-06-25 02:00:00,1.4,1.6,,1.3,,91.0,3.2,4.3,165.0,163.0,1007.4,12.0,0.0,,90.0
2023-06-25 03:00:00,1.2,1.3,,1.2,,93.0,3.0,4.3,159.0,162.0,1007.4,2.0,0.0,,90.0
2023-06-25 04:00:00,1.1,1.2,,1.1,,95.0,2.6,3.7,165.0,164.0,1007.2,1.0,0.0,,90.0
2023-06-25 05:00:00,1.1,1.1,,1.0,,96.0,2.7,3.9,160.0,162.0,1007.5,2.0,0.0,,90.0
2023-06-25 06:00:00,1.3,1.5,3.5,1.0,1.0,96.0,2.3,3.8,177.0,169.0,1007.7,6.0,0.0,0.0,100.0
2023-06-25 07:00:00,1.5,1.7,,1.5,,94.0,2.3,3.5,210.0,198.0,1008.1,16.0,0.0,,100.0
2023-06-25 08:00:00,1.6,1.6,,1.5,,94.0,1.7,3.0,252.0,225.0,1008.1,40.0,0.0,,100.0
2023-06-25 09:00:00,1.7,1.9,,1.5,,92.0,1.3,2.4,261.0,256.0,1008.2,63.0,0.0,,100.0
2023-06-25 10:00:00,1.9,2.0,,1.8,,90.0,1.8,2.8,309.0,290.0,1008.2,105.0,0.0,,100.0
2023-06-25 11:00:00,2.1,2.8,,1.8,,87.0,1.5,3.3,18.0,325.0,1008.3,283.0,0.0,,60.0
2023-06-25 12:00:00,3.1,3.7,,2.7,,81.0,1.8,3.4,341.0,357.0,1008.3,566.0,0.0,,60.0
2023-06-25 13:00:00,3.6,4.3,,3.4,,79.0,1.4,3.2,274.0,291.0,1008.2,655.0,0.0,,10.0
2023-06-25 14:00:00,4.5,5.3,,3.9,,77.0,1.5,2.9,270.0,274.0,1008.1,726.0,0.0,,10.0
2023-06-25 15:00:00,5.5,6.6,,4.7,,73.0,2.3,4.5,327.0,288.0,1007.8,768.0,0.0,,10.0
2023-06-25 16:00:00,6.0,6.6,,5.6,,70.0,2.9,4.7,327.0,326.0,1007.5,786.0,0.0,,10.0
2023-06-25 17:00:00,6.2,6.9,,5.6,,70.0,3.3,6.6,297.0,312.0,1007.2,652.0,0.0,,90.0
2023-06-25 18:00:00,5.3,5.8,6.9,5.1,1.5,74.0,6.2,8.8,291.0,287.0,1007.1,606.0,0.0,,40.0
2023-06-25 19:00:00,5.6,6.0,,5.2,,72.0,5.4,7.2,293.0,297.0,1007.2,652.0,0.0,,60.0
2023-06-25 20:00:00,5.8,6.2,,5.3,,73.0,4.6,7.2,302.0,296.0,1007.3,557.0,0.0,,40.0
2023-06-25 21:00:00,5.2,6.1,,4.2,,77.0,5.2,6.9,278.0,291.0,1007.0,447.0,0.0,,60.0
2023-06-25 22:00:00,3.8,4.8,,3.3,,85.0,6.4,9.1,305.0,295.0,1006.8,335.0,0.0,,90.0
2023-06-25 23:00:00,2.9,3.8,,2.4,,91.0,6.0,8.4,319.0,309.0,1006.6,160.0,0.0,,90.0
2023-06-26 00:00:00,2.6,2.7,,2.3,,93.0,4.6,7.2,324.0,321.0,1006.3,62.0,0.0,,90.0
2023-06-26 01:00:00,2.3,2.5,,2.0,,96.0,5.0,7.4,331.0,315.0,1005.6,30.0,0.0,,90.0
2023-06-26 02:00:00,2.5,2.8,,2.3,,95.0,6.0,8.3,348.0,344.0,1004.7,11.0,0.0,,90.0
2023-06-26 03:00:00,2.7,3.0,,2.6,,94.0,4.8,7.5,307.0,313.0,1004.6,5.0,0.0,,90.0
2023-06-26 04:00:00,3.1,3.3,,2.9,,92.0,4.3,6.6,337.0,346.0,1004.0,3.0,0.0,,90.0
2023-06-26 05:00:00,3.1,3.3,,3.0,,92.0,4.3,6.6,346.0,347.0,1003.5,2.0,0.0,,90.0
2023-06-26 06:00:00,3.3,3.5,6.2,3.2,2.0,89.0,5.6,7.9,355.0,350.0,1003.3,7.0,0.0,0.0,90.0
2023-06-26 07:00:00,3.3,3.7,,3.1,,89.0,5.2,7.4,310.0,333.0,1003.1,36.0,0.0,,90.0
2023-06-26 08:00:00,3.6,4.0,,3.3,,87.0,4.8,8.3,301.0,315.0,1003.0,105.0,0.0,,60.0
2023-06-26 09:00:00,3.8,4.2,,3.5,,87.0,3.7,7.1,360.0,333.0,1002.8,136.0,0.0,,40.0
2023-06-26 10:00:00,4.1,4.5,,3.8,,86.0,4.0,6.9,346.0,346.0,1003.0,169.0,0.0,,40.0
2023-06-26 11:00:00,4.4,4.8,,4.2,,84.0,4.3,6.8,330.0,355.0,1002.5,223.0,0.0,,40.0
2023-06-26 12:00:00,5.2,6.4,,4.4,,79.0,3.3,5.6,2.0,342.0,1001.9,432.0,0.0,,10.0
2023-06-26 13:00:00,6.8,8.3,,5.9,,71.0,4.9,7.2,3.0,359.0,1001.6,645.0,0.0,,60.0
2023-06-26 14:00:00,8.8,9.3,,8.0,,63.0,4.0,6.1,334.0,355.0,1001.5,642.0,0.0,,60.0
2023-06-26 15:00:00,8.5,10.1,,7.5,,66.0,4.3,8.1,271.0,285.0,1001.8,769.0,0.0,,40.0
2023-06-26 16:00:00,9.0,10.7,,8.0,,58.0,4.8,6.9,324.0,292.0,1001.7,796.0,0.0,,40.0
2023-06-26 17:00:00,11.1,11.6,,10.3,,50.0,3.0,7.1,285.0,331.0,1001.7,769.0,0.0,,60.0
2023-06-26 18:00:00,10.6,11.8,11.8,9.2,3.1,49.0,4.1,8.1,323.0,306.0,1001.8,716.0,0.0,,60.0
2023-06-26 19:00:00,9.7,11.9,,8.1,,52.0,5.4,10.0,261.0,273.0,1002.2,638.0,0.0,,10.0
2023-06-26 20:00:00,8.9,9.6,,7.9,,49.0,4.0,8.7,274.0,271.0,1002.5,513.0,0.0,,40.0
2023-06-26 21:00:00,10.3,11.1,,9.4,,39.0,1.7,3.6,329.0,308.0,1002.4,404.0,0.0,,40.0
2023-06-26 22:00:00,7.9,11.1,,6.4,,55.0,3.9,8.0,252.0,261.0,1003.3,221.0,0.0,,90.0
2023-06-26 23:00:00,6.7,7.1,,6.2,,56.0,2.1,5.2,182.0,203.0,1003.4,76.0,0.0,,90.0
2023-06-27 00:00:00,5.5,6.7,,4.9,,71.0,4.2,7.1,174.0,171.0,1003.8,48.0,0.0,,90.0
2023-06-27 01:00:00,4.8,5.5,,4.4,,84.0,5.9,8.5,178.0,179.0,1004.4,49.0,0.0,,60.0
2023-06-27 02:00:00,3.8,4.8,,3.4,,92.0,7.8,11.2,177.0,179.0,1005.3,12.0,0.0,,60.0
2023-06-27 03:00:00,3.6,4.3,,3.2,,95.0,9.2,13.3,158.0,164.0,1005.9,3.0,0.0,,90.0
2023-06-27 04:00:00,3.9,4.2,,3.7,,93.0,9.3,12.8,149.0,151.0,1007.0,1.0,0.0,,90.0
2023-06-27 05:00:00,4.0,4.3,,3.7,,93.0,9.8,13.2,143.0,147.0,1007.5,2.0,0.0,,100.0
2023-06-27 06:00:00,4.2,4.4,11.9,4.0,3.2,91.0,10.9,14.5,142.0,144.0,1007.8,7.0,0.0,0.0,100.0
2023-06-27 07:00:00,4.0,4.2,,3.9,,93.0,10.2,14.3,143.0,141.0,1008.6,12.0,0.0,,90.0
2023-06-27 08:00:00,4.1,4.5,,3.8,,93.0,10.0,13.9,145.0,145.0,1008.5,52.0,0.0,,90.0
2023-06-27 09:00:00,4.7,5.0,,4.4,,89.0,8.6,12.1,152.0,152.0,1008.8,64.0,0.0,,60.0
2023-06-27 10:00:00,4.8,5.0,,4.6,,88.0,10.9,15.1,150.0,149.0,1008.6,122.0,0.0,,60.0
2023-06-27 11:00:00,4.9,5.3,,4.6,,88.0,12.5,18.7,148.0,149.0,1008.5,131.0,0.0,,90.0
2023-06-27 12:00:00,4.5,4.9,,4.4,,91.0,12.8,16.9,148.0,149.0,1008.9,152.0,0.0,,90.0
2023-06-27 13:00:00,4.9,5.0,,4.7,,92.0,13.2,18.8,150.0,149.0,1009.3,145.0,0.0,,90.0
2023-06-27 14:00:00,4.5,4.7,,4.1,,96.0,12.6,16.5,148.0,149.0,1009.5,97.0,1.0,,100.0
2023-06-27 15:00:00,4.5,5.4,,4.0,,96.0,11.8,16.0,142.0,144.0,1008.9,186.0,2.0,,90.0
2023-06-27 16:00:00,5.5,5.9,,5.2,,88.0,10.8,14.5,157.0,147.0,1008.3,232.0,0.0,,90.0
2023-06-27 17:00:00,5.4,5.8,,4.9,,91.0,7.2,12.6,163.0,155.0,1008.1,215.0,0.8,,90.0
2023-06-27 18:00:00,5.0,6.3,6.3,4.5,3.8,93.0,5.2,9.7,149.0,165.0,1007.9,94.0,0.4,,90.0
2023-06-27 19:00:00,6.3,7.2,,5.5,,83.0,12.4,18.5,149.0,149.0,1007.5,111.0,0.0,,100.0
2023-06-27 20:00:00,4.9,5.5,,4.6,,89.0,11.6,16.9,155.0,151.0,1008.2,63.0,0.0,,100.0
2023-06-27 21:00:00,4.2,4.6,,3.9,,95.0,11.6,16.1,148.0,151.0,1008.3,35.0,0.0,,100.0
2023-06-27 22:00:00,3.8,3.9,,3.7,,99.0,9.5,14.8,154.0,150.0,1008.8,21.0,0.0,,100.0
2023-06-27 23:00:00,3.6,3.7,,3.6,,99.0,9.7,13.8,152.0,151.0,1009.3,18.0,0.0,,100.0
2023-06-28 00:00:00,3.6,3.7,,3.5,,99.0,8.1,12.0,159.0,158.0,1009.6,12.0,0.0,,100.0
2023-06-28 01:00:00,3.3,3.6,,3.0,,100.0,8.4,11.9,133.0,150.0,1010.0,6.0,0.0,,40.0
2023-06-28 02:00:00,3.1,3.1,,3.0,,100.0,7.3,10.5,147.0,144.0,1010.4,1.0,0.0,,10.0
2023-06-28 03:00:00,2.9,3.1,,2.6,,100.0,7.3,10.7,160.0,151.0,1010.7,0.0,0.0,,10.0
2023-06-28 04:00:00,2.3,2.6,,2.1,,100.0,5.9,8.6,150.0,157.0,1011.1,0.0,0.0,,60.0
2023-06-28 05:00:00,2.2,2.2,,2.1,,100.0,6.0,8.2,172.0,167.0,1011.2,0.0,0.0,,
2023-06-28 06:00:00,2.0,2.2,7.2,1.9,1.9,100.0,6.6,9.2,154.0,157.0,1011.0,4.0,0.0,4.2,90.0
2023-06-28 07:00:00,2.2,2.8,,2.0,,100.0,6.8,9.5,156.0,156.0,1011.1,28.0,0.0,,60.0
2023-06-28 08:00:00,2.9,3.3,,2.4,,99.0,7.2,10.0,156.0,155.0,1010.8,116.0,0.0,,60.0
2023-06-28 09:00:00,4.1,5.6,,3.3,,96.0,6.2,10.1,132.0,145.0,1011.0,222.0,0.0,,90.0
2023-06-28 10:00:00,4.8,5.5,,4.3,,91.0,3.5,5.7,150.0,155.0,1011.2,332.0,0.0,,90.0
2023-06-28 11:00:00,4.5,5.5,,3.2,,92.0,2.0,4.5,296.0,172.0,1011.1,405.0,0.0,,60.0
2023-06-28 12:00:00,3.1,3.7,,2.8,,98.0,2.4,3.8,6.0,1.0,1010.8,362.0,0.0,,90.0
2023-06-28 13:00:00,2.9,3.4,,2.6,,98.0,2.8,3.8,360.0,358.0,1010.2,581.0,0.0,,10.0
2023-06-28 14:00:00,4.3,6.6,,2.9,,95.0,2.3,3.2,32.0,4.0,1009.8,713.0,0.0,,40.0
2023-06-28 15:00:00,7.3,8.5,,6.1,,81.0,1.9,4.5,245.0,171.0,1009.3,750.0,0.0,,10.0
2023-06-28 16:00:00,6.5,8.8,,5.0,,83.0,1.8,4.6,267.0,228.0,1008.2,735.0,0.0,,60.0
2023-06-28 17:00:00,7.4,8.9,,5.8,,76.0,2.5,4.8,188.0,197.0,1008.2,644.0,0.0,,40.0
2023-06-28 18:00:00,8.0,8.9,8.9,7.2,2.0,68.0,3.4,5.6,185.0,181.0,1008.1,516.0,0.0,,10.0
2023-06-28 19:00:00,6.6,7.5,,5.7,,70.0,3.6,5.7,187.0,195.0,1007.9,330.0,0.0,,40.0
2023-06-28 20:00:00,6.9,7.4,,6.5,,67.0,4.3,6.0,177.0,179.0,1007.3,275.0,0.0,,40.0
2023-06-28 21:00:00,7.1,7.6,,6.6,,61.0,4.8,6.6,184.0,181.0,1007.2,221.0,0.0,,90.0
2023-06-28 22:00:00,7.3,7.6,,7.1,,59.0,5.5,7.7,160.0,168.0,1006.9,284.0,0.0,,60.0
2023-06-28 23:00:00,7.0,7.3,,6.7,,60.0,5.4,7.9,178.0,171.0,1006.8,176.0,0.0,,60.0
2023-06-29 00:00:00,6.4,7.0,,6.1,,62.0,6.1,8.4,161.0,163.0,1006.3,44.0,0.0,,90.0
2023-06-29 01:00:00,6.1,6.5,,5.9,,63.0,6.8,9.5,153.0,156.0,1005.8,21.0,0.0,,90.0
2023-06-29 02:00:00,5.7,6.4,,5.3,,65.0,6.9,10.3,153.0,159.0,1005.4,6.0,0.0,,90.0
2023-06-29 03:00:00,6.2,6.8,,5.6,,63.0,7.4,10.3,153.0,152.0,1005.0,1.0,0.0,,90.0
2023-06-29 04:00:00,6.1,6.8,,5.4,,66.0,7.3,10.3,173.0,168.0,1004.8,0.0,0.0,,90.0
2023-06-29 05:00:00,4.9,5.7,,4.5,,75.0,7.4,10.1,147.0,164.0,1004.4,0.0,0.0,,90.0
2023-06-29 06:00:00,5.2,6.0,7.6,4.2,4.2,70.0,8.1,11.3,154.0,147.0,1004.1,1.0,0.0,0.0,100.0
2023-06-29 07:00:00,5.9,6.2,,5.8,,63.0,7.8,11.1,143.0,148.0,1004.3,5.0,0.0,,100.0
2023-06-29 08:00:00,5.8,6.0,,5.6,,67.0,7.8,11.5,150.0,143.0,1004.2,19.0,0.0,,90.0
2023-06-29 09:00:00,5.3,5.7,,4.5,,70.0,7.8,11.6,146.0,153.0,1004.7,23.0,0.0,,90.0
2023-06-29 10:00:00,4.7,5.2,,4.4,,79.0,7.9,11.0,137.0,141.0,1004.9,50.0,0.2,,90.0
2023-06-29 11:00:00,5.5,5.8,,5.1,,72.0,7.4,10.5,154.0,143.0,1005.0,105.0,0.0,,100.0
2023-06-29 12:00:00,4.6,5.3,,4.2,,88.0,6.7,10.5,160.0,164.0,1005.4,158.0,0.0,,100.0
2023-06-29 13:00:00,4.2,4.4,,3.8,,97.0,6.1,9.0,170.0,161.0,1005.8,150.0,0.0,,90.0
2023-06-29 14:00:00,3.3,3.9,,2.9,,99.0,5.4,7.3,179.0,181.0,1006.3,121.0,0.0,,100.0
2023-06-29 15:00:00,3.4,3.6,,3.2,,97.0,5.7,8.6,153.0,159.0,1006.6,191.0,0.2,,90.0
2023-06-29 16:00:00,4.0,4.8,,3.5,,86.0,7.1,10.1,151.0,157.0,1006.7,378.0,0.0,,90.0
2023-06-29 17:00:00,4.7,5.2,,4.1,,79.0,7.3,10.6,154.0,157.0,1007.3,518.0,0.0,,90.0
2023-06-29 18:00:00,5.2,5.7,6.2,4.8,2.9,77.0,7.5,11.1,164.0,158.0,1007.8,559.0,0.0,,40.0
2023-06-29 19:00:00,5.2,5.8,,4.3,,77.0,8.3,11.9,158.0,168.0,1008.8,515.0,0.0,,90.0
2023-06-29 20:00:00,4.3,4.6,,4.1,,82.0,8.9,12.5,162.0,157.0,1009.5,144.0,0.0,,100.0
2023-06-29 21:00:00,4.0,4.3,,3.7,,88.0,8.1,11.8,151.0,154.0,1010.2,93.0,0.0,,100.0
2023-06-29 22:00:00,3.7,3.9,,3.5,,91.0,8.8,11.3,148.0,148.0,1010.6,69.0,0.0,,100.0
2023-06-29 23:00:00,3.7,4.1,,3.3,,91.0,8.3,12.1,173.0,163.0,1011.6,35.0,0.0,,100.0
2023-06-30 00:00:00,3.2,3.4,,3.0,,94.0,8.5,11.9,148.0,160.0,1012.1,25.0,0.0,,90.0
2023-06-30 01:00:00,3.1,3.2,,3.0,,94.0,9.7,12.7,142.0,146.0,1012.5,8.0,0.0,,100.0
2023-06-30 02:00:00,3.3,3.4,,3.1,,94.0,9.5,13.3,145.0,142.0,1013.2,3.0,0.0,,100.0
2023-06-30 03:00:00,3.2,3.3,,3.1,,95.0,9.8,13.6,151.0,148.0,1013.8,0.0,0.0,,100.0
2023-06-30 04:00:00,3.1,3.2,,3.0,,97.0,8.6,11.9,150.0,151.0,1014.3,0.0,0.0,,90.0
2023-06-30 05:00:00,3.0,3.1,,3.0,,97.0,9.5,13.0,149.0,149.0,1014.6,1.0,0.0,,90.0
2023-06-30 06:00:00,3.2,3.3,5.8,3.1,3.0,96.0,10.5,13.3,148.0,148.0,1015.3,4.0,0.0,0.4,100.0
2023-06-30 07:00:00,3.3,3.4,,3.2,,95.0,10.6,13.3,146.0,147.0,1015.8,21.0,0.0,,100.0
2023-06-30 08:00:00,3.4,3.4,,3.4,,95.0,10.3,13.2,148.0,147.0,1016.3,36.0,0.0,,100.0
2023-06-30 09:00:00,3.7,4.1,,3.4,,93.0,10.1,12.7,147.0,147.0,1016.9,198.0,0.0,,90.0
2023-06-30 10:00:00,3.8,4.0,,3.8,,93.0,9.8,13.1,145.0,146.0,1017.2,90.0,0.0,,100.0
2023-06-30 11:00:00,3.8,3.9,,3.7,,94.0,10.2,13.4,146.0,145.0,1017.4,77.0,0.0,,90.0
2023-06-30 12:00:00,3.7,3.8,,3.6,,95.0,10.1,13.6,148.0,146.0,1018.1,101.0,0.0,,100.0
2023-06-30 13:00:00,3.8,4.0,,3.7,,94.0,9.6,13.3,144.0,146.0,1017.9,195.0,0.4,,90.0
2023-06-30 14:00:00,3.8,4.1,,3.6,,94.0,11.3,15.1,149.0,147.0,1017.8,223.0,0.0,,90.0
2023-06-30 15:00:00,4.0,4.2,,3.7,,92.0,10.7,14.2,154.0,153.0,1018.2,304.0,0.0,,60.0
2023-06-30 16:00:00,4.2,4.7,,4.0,,91.0,9.7,13.8,153.0,153.0,1017.8,412.0,0.0,,10.0
2023-06-30 17:00:00,5.0,5.3,,4.5,,86.0,8.5,12.8,158.0,157.0,1017.9,559.0,0.0,,40.0
2023-06-30 18:00:00,5.3,5.9,5.9,4.8,3.2,85.0,8.2,11.7,175.0,162.0,1018.0,595.0,0.0,,90.0
2023-06-30 19:00:00,5.2,5.7,,4.9,,87.0,8.6,12.1,162.0,170.0,1018.2,585.0,0.0,,60.0
2023-06-30 20:00:00,4.3,5.0,,3.8,,92.0,8.3,11.4,155.0,156.0,1018.3,381.0,0.0,,90.0
2023-06-30 21:00:00,4.4,4.8,,4.1,,89.0,8.7,12.3,150.0,145.0,1018.3,299.0,0.0,,90.0
2023-06-30 22:00:00,4.1,4.4,,3.9,,91.0,8.1,11.3,142.0,147.0,1018.5,104.0,0.0,,90.0
2023-06-30 23:00:00,4.1,4.3,,3.8,,92.0,8.0,10.7,153.0,150.0,1018.6,55.0,0.0,,90.0
2023-07-01 00:00:00,3.8,3.9,,3.8,,94.0,7.5,10.7,149.0,151.0,1018.6,20.0,0.0,,100.0
2023-07-01 01:00:00,3.8,3.9,,3.8,,95.0,8.3,11.1,148.0,149.0,1018.5,9.0,0.0,,100.0
2023-07-01 02:00:00,3.8,3.8,,3.7,,97.0,7.2,10.3,143.0,146.0,1018.7,2.0,0.0,,90.0
2023-07-01 03:00:00,3.8,3.9,,3.7,,93.0,7.1,9.9,148.0,146.0,1018.6,0.0,0.0,,100.0
2023-07-01 04:00:00,3.7,3.8,,3.6,,92.0,6.0,8.0,148.0,148.0,1018.8,0.0,0.0,,100.0
2023-07-01 05:00:00,3.5,3.6,,3.4,,95.0,5.4,7.4,149.0,147.0,1018.7,0.0,0.2,,100.0
2023-07-01 06:00:00,3.8,4.0,5.7,3.5,3.4,92.0,5.5,7.8,136.0,142.0,1018.5,2.0,0.0,0.6,100.0
2023-07-01 07:00:00,4.1,4.3,,4.0,,88.0,4.0,7.2,149.0,145.0,1018.6,5.0,0.0,,100.0
2023-07-01 08:00:00,3.7,4.0,,3.5,,95.0,2.9,4.3,140.0,149.0,1018.6,20.0,0.0,,100.0
2023-07-01 09:00:00,3.6,3.7,,3.4,,97.0,3.1,4.7,141.0,134.0,1018.5,40.0,0.0,,100.0
2023-07-01 10:00:00,3.7,3.9,,3.4,,96.0,3.0,5.0,143.0,143.0,1018.4,104.0,0.0,,100.0
2023-07-01 11:00:00,4.1,4.4,,3.8,,94.0,1.5,3.4,12.0,80.0,1018.4,129.0,0.0,,100.0
2023-07-01 12:00:00,4.3,4.6,,4.0,,96.0,2.0,3.0,4.0,3.0,1018.4,225.0,0.1,,100.0
2023-07-01 13:00:00,5.0,5.8,,4.2,,92.0,1.9,3.6,123.0,49.0,1018.2,342.0,0.0,,90.0
2023-07-01 14:00:00,5.9,6.4,,5.5,,81.0,2.5,4.3,124.0,129.0,1018.1,474.0,0.0,,90.0
2023-07-01 15:00:00,6.8,7.8,,6.3,,75.0,2.7,5.8,182.0,139.0,1017.9,699.0,0.0,,60.0
2023-07-01 16:00:00,7.9,8.6,,7.3,,69.0,3.0,5.4,162.0,179.0,1017.7,777.0,0.0,,90.0
2023-07-01 17:00:00,7.6,8.4,,6.8,,71.0,3.6,5.6,174.0,196.0,1017.7,686.0,0.0,,90.0
2023-07-01 18:00:00,7.3,7.7,8.6,6.9,3.4,71.0,3.9,6.0,181.0,180.0,1017.6,404.0,0.0,,90.0
2023-07-01 19:00:00,7.2,7.7,,6.7,,71.0,3.2,5.3,195.0,189.0,1017.8,315.0,0.0,,100.0
2023-07-01 20:00:00,6.5,6.9,,6.0,,74.0,2.2,4.5,204.0,207.0,1017.9,179.0,0.0,,90.0
2023-07-01 21:00:00,6.1,6.6,,5.5,,75.0,1.5,2.5,267.0,257.0,1018.2,172.0,0.0,,90.0
2023-07-01 22:00:00,6.7,7.2,,6.4,,69.0,0.8,1.7,290.0,241.0,1018.0,90.0,0.0,,100.0
2023-07-01 23:00:00,7.1,7.4,,6.8,,67.0,1.3,2.8,30.0,47.0,1017.8,86.0,0.0,,90.0
2023-07-02 00:00:00,6.6,7.4,,5.9,,70.0,1.8,2.8,345.0,358.0,1017.9,32.0,0.0,,100.0
2023-07-02 01:00:00,6.2,6.4,,5.9,,71.0,2.0,2.8,346.0,334.0,1018.0,13.0,0.0,,100.0
2023-07-02 02:00:00,6.2,6.4,,6.0,,77.0,3.1,4.5,15.0,358.0,1017.8,5.0,0.0,,100.0
2023-07-02 03:00:00,6.4,6.5,,6.3,,78.0,3.7,4.8,357.0,4.0,1017.6,1.0,0.0,,90.0
2023-07-02 04:00:00,5.9,6.3,,5.7,,78.0,3.2,4.1,5.0,8.0,1017.6,0.0,0.0,,90.0
2023-07-02 05:00:00,5.9,6.2,,5.8,,81.0,3.1,4.1,17.0,11.0,1017.3,0.0,0.0,,90.0
2023-07-02 06:00:00,5.6,6.3,7.7,4.8,4.8,83.0,3.6,4.8,356.0,344.0,1017.5,4.0,0.0,0.1,100.0
2023-07-02 07:00:00,5.5,5.7,,5.1,,85.0,3.3,4.2,358.0,2.0,1017.3,24.0,0.0,,90.0
2023-07-02 08:00:00,5.1,5.5,,4.5,,89.0,3.0,4.1,352.0,351.0,1017.4,50.0,0.0,,60.0
2023-07-02 09:00:00,5.7,6.1,,5.2,,85.0,3.9,5.5,2.0,1.0,1017.5,156.0,0.0,,90.0
2023-07-02 10:00:00,6.5,7.1,,6.0,,81.0,4.3,6.0,11.0,5.0,1017.5,295.0,0.0,,60.0
2023-07-02 11:00:00,7.3,8.7,,6.7,,77.0,3.1,5.5,56.0,19.0,1017.8,437.0,0.0,,60.0
2023-07-02 12:00:00,8.7,10.2,,7.8,,71.0,1.7,4.4,224.0,5.0,1017.9,539.0,0.0,,10.0
2023-07-02 13:00:00,8.8,9.5,,7.8,,72.0,1.8,3.4,327.0,322.0,1018.2,624.0,0.0,,10.0
2023-07-02 14:00:00,9.5,10.0,,9.1,,68.0,1.5,2.9,264.0,284.0,1018.3,685.0,0.0,,40.0
2023-07-02 15:00:00,9.8,10.3,,9.3,,66.0,1.4,2.9,265.0,275.0,1018.5,724.0,0.0,,
2023-07-02 16:00:00,10.6,11.5,,9.9,,63.0,1.4,3.2,215.0,254.0,1018.2,711.0,0.0,,10.0
2023-07-02 17:00:00,10.5,11.5,,9.8,,63.0,2.2,4.4,205.0,228.0,1018.7,564.0,0.0,,10.0
2023-07-02 18:00:00,10.4,11.6,11.6,9.6,4.5,60.0,5.4,9.8,149.0,158.0,1019.3,342.0,0.0,,40.0
2023-07-02 19:00:00,9.4,10.1,,8.9,,59.0,6.6,10.2,162.0,160.0,1019.7,399.0,0.0,,10.0
2023-07-02 20:00:00,8.7,9.2,,8.2,,63.0,7.1,10.5,150.0,157.0,1019.8,187.0,0.0,,90.0
2023-07-02 21:00:00,8.2,8.4,,7.8,,65.0,9.4,13.6,150.0,151.0,1019.3,120.0,0.0,,90.0
2023-07-02 22:00:00,8.5,9.2,,7.5,,65.0,12.2,18.0,155.0,150.0,1019.7,95.0,0.0,,90.0
2023-07-02 23:00:00,6.9,7.5,,6.1,,76.0,10.2,14.4,133.0,147.0,1019.9,30.0,0.0,,90.0
2023-07-03 00:00:00,7.9,8.8,,6.7,,73.0,8.1,13.0,144.0,140.0,1020.0,7.0,0.0,,90.0
2023-07-03 01:00:00,9.4,10.7,,8.7,,65.0,6.7,10.4,134.0,136.0,1019.6,2.0,0.0,,100.0
2023-07-03 02:00:00,11.6,12.5,,10.7,,54.0,7.3,14.7,137.0,129.0,1019.6,0.0,0.0,,90.0
2023-07-03 03:00:00,5.9,12.0,,5.2,,84.0,3.9,8.6,151.0,164.0,1019.9,0.0,0.0,,90.0
2023-07-03 04:00:00,5.4,6.0,,5.1,,88.0,7.7,13.3,151.0,147.0,1019.5,0.0,0.0,,90.0
2023-07-03 05:00:00,6.3,6.7,,5.7,,86.0,8.7,13.0,162.0,153.0,1019.9,0.0,0.0,,90.0
2023-07-03 06:00:00,5.9,6.6,12.5,5.6,5.1,85.0,6.0,9.0,157.0,157.0,1020.2,0.0,0.2,0.2,100.0
2023-07-03 07:00:00,5.8,6.4,,5.5,,84.0,5.8,8.5,141.0,144.0,1020.4,4.0,1.1,,90.0
2023-07-03 08:00:00,7.1,7.6,,6.4,,77.0,6.6,10.3,136.0,140.0,1020.4,6.0,0.0,,90.0
2023-07-03 09:00:00,7.9,8.6,,6.8,,75.0,4.7,9.9,29.0,99.0,1021.3,11.0,0.0,,100.0
2023-07-03 10:00:00,6.4,6.8,,5.6,,89.0,3.6,5.6,11.0,354.0,1021.5,34.0,0.3,,90.0
2023-07-03 11:00:00,6.6,7.0,,5.9,,90.0,3.1,5.2,17.0,16.0,1021.0,69.0,0.7,,90.0
2023-07-03 12:00:00,6.6,7.1,,6.3,,91.0,2.5,4.6,14.0,16.0,1020.7,59.0,0.2,,90.0
2023-07-03 13:00:00,7.0,7.4,,6.5,,89.0,2.8,5.1,11.0,18.0,1021.1,101.0,0.0,,90.0
2023-07-03 14:00:00,7.3,7.7,,6.6,,89.0,2.3,4.6,27.0,9.0,1021.4,189.0,0.0,,90.0
2023-07-03 15:00:00,7.8,8.3,,7.6,,87.0,3.3,4.8,27.0,18.0,1021.2,86.0,0.0,,90.0
2023-07-03 16:00:00,8.7,9.2,,8.1,,82.0,2.2,4.4,11.0,11.0,1021.1,172.0,0.0,,90.0
2023-07-03 17:00:00,8.3,8.8,,7.8,,84.0,2.0,3.6,34.0,17.0,1020.7,141.0,0.0,,90.0
2023-07-03 18:00:00,8.7,9.3,9.3,8.2,5.5,82.0,2.1,3.7,123.0,21.0,1020.7,120.0,0.0,,90.0
2023-07-03 19:00:00,8.9,9.4,,8.6,,81.0,0.6,1.3,342.0,330.0,1021.2,78.0,0.0,,60.0
2023-07-03 20:00:00,9.5,9.9,,9.1,,63.0,3.6,9.3,157.0,175.0,1021.4,248.0,0.0,,60.0
2023-07-03 21:00:00,8.7,9.2,,8.2,,57.0,9.2,14.8,150.0,152.0,1021.2,160.0,0.0,,60.0
2023-07-03 22:00:00,7.9,8.7,,7.7,,65.0,10.5,14.5,148.0,147.0,1021.4,82.0,0.0,,90.0
2023-07-03 23:00:00,7.4,7.7,,7.2,,70.0,9.4,13.8,153.0,151.0,1022.1,34.0,0.0,,90.0
2023-07-04 00:00:00,7.1,7.4,,6.7,,75.0,7.9,11.5,147.0,153.0,1021.8,10.0,0.0,,100.0
2023-07-04 01:00:00,6.6,6.9,,6.4,,82.0,8.5,12.3,144.0,145.0,1021.5,4.0,0.3,,90.0
2023-07-04 02:00:00,6.7,6.9,,6.5,,86.0,8.0,11.6,147.0,144.0,1021.4,1.0,0.4,,100.0
2023-07-04 03:00:00,6.8,7.1,,6.3,,86.0,6.8,10.8,145.0,144.0,1021.2,0.0,0.3,,100.0
2023-07-04 04:00:00,6.1,6.3,,5.9,,94.0,5.3,7.8,131.0,138.0,1020.8,0.0,0.3,,100.0
2023-07-04 05:00:00,5.9,5.9,,5.8,,96.0,5.1,7.5,131.0,132.0,1020.5,0.0,0.2,,100.0
2023-07-04 06:00:00,5.9,6.0,9.9,5.8,5.8,97.0,3.2,6.0,140.0,137.0,1020.3,1.0,0.1,3.9,100.0
2023-07-04 07:00:00,5.8,5.9,,5.5,,98.0,1.7,4.3,3.0,55.0,1020.0,4.0,0.2,,90.0
2023-07-04 08:00:00,5.4,5.8,,4.9,,99.0,2.0,3.4,328.0,343.0,1020.2,13.0,0.0,,90.0
2023-07-04 09:00:00,5.3,5.6,,5.0,,99.0,1.9,2.6,32.0,5.0,1020.5,20.0,0.4,,100.0
2023-07-04 10:00:00,5.8,6.1,,5.6,,99.0,2.0,3.6,102.0,56.0,1020.6,26.0,0.2,,100.0
2023-07-04 11:00:00,6.2,6.7,,6.0,,98.0,4.5,8.1,141.0,132.0,1020.1,76.0,0.1,,100.0
2023-07-04 12:00:00,6.8,6.9,,6.7,,92.0,5.9,8.2,129.0,135.0,1020.6,56.0,0.0,,100.0
2023-07-04 13:00:00,6.8,7.0,,6.8,,93.0,6.4,9.1,133.0,130.0,1020.1,78.0,0.0,,100.0
2023-07-04 14:00:00,6.9,7.1,,6.8,,94.0,6.9,9.5,135.0,134.0,1020.3,124.0,0.0,,90.0
2023-07-04 15:00:00,7.2,7.5,,7.0,,92.0,6.4,8.9,134.0,134.0,1020.5,131.0,0.0,,100.0
2023-07-04 16:00:00,7.4,7.5,,7.3,,93.0,6.0,8.3,128.0,133.0,1020.8,224.0,0.0,,100.0
2023-07-04 17:00:00,7.7,8.3,,7.2,,91.0,4.7,7.1,128.0,126.0,1020.8,299.0,0.0,,100.0
2023-07-04 18:00:00,8.7,9.2,9.2,8.3,4.9,83.0,4.1,5.6,148.0,134.0,1020.9,293.0,0.0,,100.0
2023-07-04 19:00:00,8.9,9.3,,8.7,,81.0,3.9,5.7,153.0,149.0,1021.1,287.0,0.0,,90.0
2023-07-04 20:00:00,8.5,9.1,,7.9,,84.0,1.4,4.6,39.0,283.0,1021.4,177.0,0.0,,100.0
2023-07-04 21:00:00,7.1,8.0,,6.8,,91.0,1.6,3.1,355.0,14.0,1021.5,166.0,0.0,,90.0
2023-07-04 22:00:00,7.4,7.7,,6.8,,90.0,2.0,3.5,0.0,352.0,1021.4,127.0,0.0,,90.0
2023-07-04 23:00:00,7.4,7.7,,7.1,,89.0,2.3,3.7,347.0,342.0,1021.0,121.0,0.0,,90.0
2023-07-05 00:00:00,7.6,7.8,,7.1,,87.0,2.8,3.7,14.0,355.0,1020.5,76.0,0.0,,90.0
2023-07-05 01:00:00,7.5,8.0,,6.6,,89.0,3.3,4.6,3.0,358.0,1020.2,34.0,0.0,,90.0
2023-07-05 02:00:00,7.0,7.3,,6.5,,91.0,3.8,5.5,4.0,9.0,1020.5,4.0,0.0,,90.0
2023-07-05 03:00:00,6.9,7.2,,6.5,,92.0,1.7,3.2,28.0,27.0,1020.2,1.0,0.0,,90.0
2023-07-05 04:00:00,7.5,8.1,,7.1,,89.0,0.8,1.6,194.0,129.0,1019.7,0.0,0.0,,90.0
2023-07-05 05:00:00,7.1,7.3,,6.9,,91.0,0.8,1.6,159.0,177.0,1019.4,0.0,0.0,,90.0
2023-07-05 06:00:00,7.0,7.2,9.3,6.6,6.5,92.0,0.5,1.1,166.0,160.0,1020.0,2.0,0.0,0.9,90.0
2023-07-05 07:00:00,6.5,6.7,,6.0,,94.0,1.3,2.7,119.0,135.0,1019.8,10.0,0.0,,90.0
2023-07-05 08:00:00,6.0,6.8,,4.5,,94.0,2.0,3.0,165.0,160.0,1020.2,11.0,0.0,,90.0
2023-07-05 09:00:00,4.7,5.0,,4.4,,98.0,3.6,5.6,141.0,138.0,1019.7,13.0,0.0,,90.0
2023-07-05 10:00:00,5.0,5.3,,4.6,,98.0,2.4,4.8,148.0,139.0,1019.8,17.0,0.3,,90.0
2023-07-05 11:00:00,5.7,6.0,,5.2,,95.0,3.0,6.9,146.0,155.0,1019.9,99.0,0.0,,10.0
2023-07-05 12:00:00,5.6,6.0,,5.3,,94.0,6.1,10.6,167.0,153.0,1019.6,262.0,0.0,,40.0
2023-07-05 13:00:00,5.2,5.6,,5.0,,94.0,9.3,12.9,164.0,164.0,1019.8,204.0,0.0,,40.0
2023-07-05 14:00:00,5.4,6.0,,5.0,,93.0,11.1,14.8,160.0,158.0,1019.9,217.0,0.0,,60.0
2023-07-05 15:00:00,6.6,7.4,,5.9,,87.0,11.0,15.5,149.0,152.0,1019.7,312.0,0.0,,10.0
2023-07-05 16:00:00,7.9,8.3,,7.4,,81.0,10.6,14.7,150.0,150.0,1019.2,256.0,0.0,,40.0
2023-07-05 17:00:00,8.3,8.9,,8.1,,79.0,10.1,14.1,144.0,151.0,1019.4,108.0,0.0,,60.0
2023-07-05 18:00:00,9.2,9.7,9.7,8.7,4.4,73.0,12.7,19.6,146.0,146.0,1018.9,100.0,0.0,,60.0
2023-07-05 19:00:00,10.2,10.5,,9.7,,68.0,14.0,20.1,148.0,147.0,1019.0,137.0,0.0,,60.0
2023-07-05 20:00:00,9.5,10.5,,8.9,,70.0,13.1,19.9,147.0,149.0,1020.2,113.0,0.0,,100.0
2023-07-05 21:00:00,9.2,9.7,,8.7,,71.0,13.6,19.9,140.0,145.0,1020.0,58.0,0.0,,90.0
2023-07-05 22:00:00,9.6,10.2,,9.2,,72.0,12.3,17.2,143.0,145.0,1020.7,26.0,0.0,,90.0
2023-07-05 23:00:00,10.2,10.5,,10.0,,69.0,13.4,20.4,144.0,143.0,1020.7,24.0,0.0,,100.0
2023-07-06 00:00:00,10.0,10.3,,9.3,,69.0,14.2,19.8,143.0,145.0,1020.7,9.0,0.0,,100.0
2023-07-06 01:00:00,10.1,10.5,,9.5,,73.0,13.8,19.6,139.0,138.0,1020.6,4.0,0.0,,90.0
2023-07-06 02:00:00,10.9,11.3,,10.4,,69.0,13.6,19.6,143.0,139.0,1020.8,1.0,0.0,,90.0
2023-07-06 03:00:00,10.9,11.2,,10.6,,71.0,12.5,19.7,145.0,140.0,1020.5,0.0,0.0,,90.0
2023-07-06 04:00:00,10.7,11.3,,10.4,,74.0,10.1,15.1,150.0,146.0,1020.7,0.0,0.4,,90.0
2023-07-06 05:00:00,11.1,11.3,,10.8,,72.0,9.1,12.4,154.0,149.0,1020.3,0.0,0.0,,90.0
2023-07-06 06:00:00,10.1,10.9,11.3,9.8,8.7,75.0,11.0,18.1,150.0,152.0,1019.9,1.0,0.0,0.7,90.0
2023-07-06 07:00:00,9.3,10.1,,8.6,,75.0,11.0,17.1,147.0,149.0,1020.5,5.0,0.0,,90.0
2023-07-06 08:00:00,8.9,9.1,,8.8,,76.0,10.9,14.1,150.0,148.0,1021.0,5.0,0.0,,100.0
2023-07-06 09:00:00,9.3,9.8,,8.6,,72.0,11.8,17.3,139.0,142.0,1020.3,11.0,0.0,,90.0
2023-07-06 10:00:00,9.7,9.8,,9.3,,70.0,13.7,19.1,137.0,138.0,1020.2,15.0,0.0,,60.0
2023-07-06 11:00:00,9.7,9.9,,9.5,,67.0,12.3,18.6,136.0,137.0,1020.3,22.0,0.0,,90.0
2023-07-06 12:00:00,9.5,9.7,,9.3,,66.0,12.9,18.6,144.0,138.0,1020.5,67.0,0.0,,90.0
2023-07-06 13:00:00,9.5,9.7,,9.3,,66.0,10.9,15.5,144.0,146.0,1020.5,110.0,0.0,,60.0
2023-07-06 14:00:00,10.3,10.7,,9.7,,65.0,10.0,15.0,147.0,144.0,1020.7,188.0,0.0,,10.0
2023-07-06 15:00:00,10.5,10.8,,10.2,,65.0,8.5,12.6,152.0,149.0,1021.0,275.0,0.0,,10.0
2023-07-06 16:00:00,10.1,10.5,,9.3,,68.0,8.9,12.9,146.0,146.0,1020.6,163.0,0.0,,10.0
2023-07-06 17:00:00,8.7,9.4,,8.3,,73.0,9.4,12.5,147.0,148.0,1020.1,46.0,0.0,,40.0
2023-07-06 18:00:00,9.8,11.1,11.1,8.6,8.3,68.0,9.8,14.2,152.0,149.0,1019.9,299.0,0.0,,10.0
2023-07-06 19:00:00,10.8,11.2,,10.2,,66.0,9.3,14.1,155.0,150.0,1019.8,361.0,0.0,,40.0
2023-07-06 20:00:00,9.8,10.8,,9.3,,69.0,7.9,12.4,154.0,160.0,1019.9,379.0,0.0,,10.0
2023-07-06 21:00:00,9.5,10.0,,9.2,,69.0,7.1,11.2,154.0,151.0,1020.1,276.0,0.0,,10.0
2023-07-06 22:00:00,9.6,9.9,,9.2,,69.0,7.5,10.8,157.0,153.0,1019.6,232.0,0.0,,40.0
2023-07-06 23:00:00,9.3,10.0,,8.6,,71.0,7.9,12.1,138.0,145.0,1018.9,139.0,0.0,,60.0
2023-07-07 00:00:00,10.1,10.7,,9.6,,68.0,10.4,14.4,150.0,148.0,1018.5,49.0,0.0,,90.0
2023-07-07 01:00:00,10.5,11.4,,9.2,,67.0,9.2,13.7,151.0,154.0,1019.0,23.0,0.0,,90.0
2023-07-07 02:00:00,9.1,9.9,,8.6,,71.0,9.7,14.4,139.0,145.0,1019.0,8.0,0.0,,90.0
2023-07-07 03:00:00,9.1,9.4,,8.6,,72.0,9.1,12.6,148.0,145.0,1018.1,0.0,0.0,,90.0
2023-07-07 04:00:00,10.0,10.5,,9.4,,69.0,10.0,14.4,151.0,149.0,1018.0,0.0,0.0,,90.0
2023-07-07 05:00:00,9.2,9.7,,8.2,,72.0,9.1,14.5,150.0,152.0,1018.1,0.0,0.0,,90.0
2023-07-07 06:00:00,7.1,9.8,11.4,6.1,6.1,80.0,8.8,15.2,161.0,162.0,1018.4,3.0,0.0,0.0,90.0
2023-07-07 07:00:00,6.3,6.6,,5.6,,85.0,11.4,15.7,161.0,156.0,1018.5,25.0,0.0,,90.0
2023-07-07 08:00:00,4.7,5.6,,3.9,,94.0,9.2,14.9,169.0,163.0,1019.2,59.0,0.0,,
2023-07-07 09:00:00,3.6,4.0,,3.4,,98.0,9.7,15.5,158.0,160.0,1019.2,78.0,0.0,,90.0
2023-07-07 10:00:00,3.4,3.6,,3.4,,99.0,11.3,15.2,150.0,156.0,1019.6,146.0,0.0,,
2023-07-07 11:00:00,3.6,3.9,,3.4,,97.0,9.9,15.8,166.0,161.0,1020.5,250.0,0.0,,90.0
2023-07-07 12:00:00,3.8,4.6,,3.3,,94.0,11.2,17.1,162.0,158.0,1020.6,416.0,0.0,,40.0
2023-07-07 13:00:00,4.6,5.4,,4.1,,90.0,11.4,15.8,157.0,157.0,1020.8,457.0,0.0,,40.0
2023-07-07 14:00:00,5.5,5.8,,5.1,,85.0,10.5,14.8,165.0,163.0,1020.9,556.0,0.0,,10.0
2023-07-07 15:00:00,5.5,6.0,,5.1,,85.0,9.4,13.2,167.0,167.0,1020.9,539.0,0.0,,10.0
2023-07-07 16:00:00,5.4,5.9,,5.0,,87.0,8.9,11.7,176.0,172.0,1021.8,421.0,0.0,,10.0
2023-07-07 17:00:00,5.8,6.2,,5.4,,85.0,7.6,10.3,162.0,166.0,1022.8,450.0,0.0,,10.0
2023-07-07 18:00:00,6.0,6.8,6.8,5.3,3.3,84.0,7.6,10.7,173.0,158.0,1022.7,514.0,0.0,,10.0
2023-07-07 19:00:00,6.9,7.3,,6.3,,79.0,8.7,12.0,166.0,163.0,1022.6,506.0,0.0,,10.0
2023-07-07 20:00:00,6.6,7.3,,6.2,,81.0,6.7,9.9,182.0,172.0,1023.0,268.0,0.0,,40.0
2023-07-07 21:00:00,6.3,6.8,,5.6,,84.0,6.9,9.5,163.0,166.0,1023.0,188.0,0.0,,60.0
2023-07-07 22:00:00,5.5,5.9,,5.2,,90.0,5.8,9.4,177.0,178.0,1023.5,106.0,0.0,,60.0
2023-07-07 23:00:00,5.2,5.4,,5.0,,96.0,4.2,6.2,139.0,154.0,1023.3,50.0,0.0,,100.0
2023-07-08 00:00:00,5.2,5.3,,5.0,,97.0,2.5,4.1,149.0,144.0,1023.2,36.0,0.0,,
2023-07-08 01:00:00,5.1,5.3,,5.0,,99.0,1.3,2.9,140.0,143.0,1023.0,21.0,0.0,,90.0
2023-07-08 02:00:00,4.9,5.2,,4.7,,99.0,0.8,1.7,200.0,214.0,1022.7,5.0,0.0,,100.0
2023-07-08 03:00:00,4.8,4.9,,4.6,,99.0,0.9,1.9,129.0,146.0,1022.2,0.0,0.0,,90.0
2023-07-08 04:00:00,4.6,4.8,,4.4,,99.0,1.3,2.4,158.0,149.0,1022.2,0.0,0.0,,60.0
2023-07-08 05:00:00,4.3,4.4,,4.1,,100.0,1.8,2.5,147.0,151.0,1022.0,0.0,0.0,,40.0
2023-07-08 06:00:00,4.4,4.6,7.3,4.1,4.1,100.0,1.4,2.3,162.0,159.0,1022.2,5.0,0.0,0.0,90.0
2023-07-08 07:00:00,3.6,4.3,,3.2,,99.0,2.5,3.6,138.0,153.0,1022.3,29.0,0.0,,0.0
2023-07-08 08:00:00,3.5,3.7,,3.1,,99.0,2.9,3.9,137.0,139.0,1022.2,76.0,0.0,,10.0
2023-07-08 09:00:00,4.6,5.4,,3.7,,99.0,1.8,3.6,124.0,137.0,1021.7,172.0,0.0,,60.0
2023-07-08 10:00:00,5.4,6.3,,4.0,,95.0,0.7,2.0,289.0,63.0,1021.3,226.0,0.0,,90.0
2023-07-08 11:00:00,5.6,6.9,,4.0,,93.0,1.5,3.1,50.0,34.0,1021.1,328.0,0.0,,10.0
2023-07-08 12:00:00,7.6,8.2,,6.9,,85.0,2.0,4.1,7.0,14.0,1021.0,526.0,0.0,,90.0
2023-07-08 13:00:00,8.0,8.5,,7.3,,82.0,3.9,5.1,7.0,3.0,1020.8,606.0,0.0,,60.0
2023-07-08 14:00:00,9.2,9.8,,8.3,,77.0,3.7,5.2,10.0,10.0,1020.7,622.0,0.0,,60.0
2023-07-08 15:00:00,10.3,11.5,,9.3,,74.0,3.1,3.9,8.0,6.0,1020.3,710.0,0.0,,60.0
2023-07-08 16:00:00,10.9,12.4,,8.9,,72.0,3.2,4.3,6.0,8.0,1019.9,735.0,0.0,,90.0
2023-07-08 17:00:00,13.3,13.8,,12.3,,65.0,2.9,3.8,5.0,3.0,1019.8,715.0,0.0,,10.0
2023-07-08 18:00:00,14.8,15.5,15.5,13.8,3.1,63.0,2.4,3.6,351.0,356.0,1019.7,677.0,0.0,,40.0
2023-07-08 19:00:00,15.3,16.0,,13.2,,61.0,1.7,3.1,246.0,290.0,1020.0,609.0,0.0,,10.0
2023-07-08 20:00:00,12.1,13.5,,10.8,,65.0,3.1,5.3,170.0,174.0,1020.1,524.0,0.0,,10.0
2023-07-08 21:00:00,10.4,11.7,,9.8,,70.0,4.6,6.3,170.0,178.0,1020.6,419.0,0.0,,10.0
2023-07-08 22:00:00,10.2,10.9,,9.4,,72.0,4.3,5.9,172.0,161.0,1020.4,297.0,0.0,,10.0
2023-07-08 23:00:00,9.2,9.8,,8.6,,74.0,4.0,6.3,171.0,165.0,1020.7,167.0,0.0,,40.0
2023-07-09 00:00:00,7.3,9.0,,6.5,,81.0,3.0,4.9,187.0,188.0,1021.3,94.0,0.0,,60.0
2023-07-09 01:00:00,7.6,8.3,,6.2,,81.0,3.0,4.3,160.0,158.0,1021.2,37.0,0.0,,100.0
2023-07-09 02:00:00,7.2,7.7,,6.6,,82.0,2.9,5.9,151.0,158.0,1021.0,1.0,0.0,,100.0
2023-07-09 03:00:00,6.9,8.4,,5.0,,82.0,2.9,6.8,161.0,171.0,1020.9,0.0,0.0,,90.0
2023-07-09 04:00:00,6.4,7.8,,4.6,,84.0,2.6,4.8,242.0,194.0,1021.2,0.0,0.0,,90.0
2023-07-09 05:00:00,5.5,6.0,,4.8,,91.0,1.7,3.6,167.0,193.0,1021.3,0.0,0.0,,100.0
2023-07-09 06:00:00,6.5,7.2,16.0,5.9,4.6,86.0,1.2,2.7,230.0,153.0,1021.3,3.0,0.0,0.0,100.0
2023-07-09 07:00:00,6.5,7.4,,5.9,,85.0,1.2,2.9,355.0,334.0,1021.4,12.0,0.0,,100.0
2023-07-09 08:00:00,7.5,8.0,,6.5,,80.0,2.5,3.8,8.0,355.0,1021.2,50.0,0.0,,90.0
2023-07-09 09:00:00,9.5,10.6,,8.0,,72.0,1.9,4.6,24.0,356.0,1022.0,68.0,0.0,,90.0
2023-07-09 10:00:00,10.1,11.3,,8.5,,71.0,1.1,2.0,346.0,26.0,1022.0,112.0,0.0,,90.0
2023-07-09 11:00:00,10.1,10.6,,9.2,,72.0,0.6,1.7,80.0,85.0,1022.1,179.0,0.0,,60.0
2023-07-09 12:00:00,10.2,10.7,,9.8,,70.0,1.7,2.8,143.0,149.0,1022.3,197.0,0.0,,60.0
2023-07-09 13:00:00,10.4,11.4,,8.4,,67.0,1.7,3.4,196.0,182.0,1022.7,233.0,0.0,,60.0
2023-07-09 14:00:00,10.7,11.3,,9.1,,66.0,0.8,1.7,139.0,173.0,1022.8,252.0,0.0,,90.0
2023-07-09 15:00:00,10.2,11.6,,9.4,,70.0,2.4,3.7,159.0,175.0,1023.1,228.0,0.0,,90.0
2023-07-09 16:00:00,10.2,10.8,,9.8,,70.0,3.3,4.9,145.0,151.0,1023.4,219.0,0.0,,90.0
2023-07-09 17:00:00,9.9,10.8,,9.4,,72.0,3.4,5.7,180.0,175.0,1023.5,198.0,0.0,,90.0
2023-07-09 18:00:00,8.8,9.7,11.6,8.1,5.9,78.0,3.6,6.2,166.0,166.0,1023.5,150.0,0.0,,100.0
2023-07-09 19:00:00,8.1,8.4,,7.6,,90.0,5.4,7.9,171.0,167.0,1023.7,101.0,0.0,,100.0
2023-07-09 20:00:00,8.5,9.8,,7.8,,86.0,3.6,7.0,152.0,160.0,1023.8,83.0,0.0,,90.0
2023-07-09 21:00:00,9.2,9.8,,8.6,,82.0,1.2,3.4,354.0,101.0,1023.8,63.0,0.0,,90.0
2023-07-09 22:00:00,8.7,9.5,,7.4,,83.0,2.4,3.4,342.0,349.0,1024.0,92.0,0.0,,90.0
2023-07-09 23:00:00,10.1,10.7,,9.3,,76.0,2.2,3.1,357.0,343.0,1024.1,78.0,0.0,,100.0
2023-07-10 00:00:00,10.5,10.9,,9.4,,75.0,2.7,3.6,342.0,348.0,1024.5,41.0,0.0,,100.0
2023-07-10 01:00:00,10.8,11.3,,10.1,,74.0,1.6,2.2,8.0,357.0,1024.6,22.0,0.0,,90.0
2023-07-10 02:00:00,11.2,11.4,,10.8,,73.0,1.8,2.6,2.0,357.0,1024.7,5.0,0.0,,100.0
2023-07-10 03:00:00,11.3,11.4,,10.9,,75.0,2.5,3.1,11.0,7.0,1024.6,1.0,0.0,,90.0
2023-07-10 04:00:00,10.6,10.9,,10.4,,79.0,2.6,3.3,354.0,2.0,1024.5,0.0,0.0,,90.0
2023-07-10 05:00:00,10.3,10.6,,10.0,,80.0,2.8,3.9,5.0,357.0,1024.4,0.0,0.0,,90.0
2023-07-10 06:00:00,10.5,10.8,11.4,10.0,7.4,79.0,3.3,4.0,356.0,0.0,1024.4,3.0,0.0,0.0,100.0
2023-07-10 07:00:00,10.5,10.6,,10.3,,80.0,3.2,3.9,4.0,3.0,1024.4,15.0,0.0,,100.0
2023-07-10 08:00:00,10.2,10.4,,9.9,,80.0,3.7,4.7,9.0,1.0,1024.1,42.0,0.0,,100.0
2023-07-10 09:00:00,10.7,11.4,,9.4,,75.0,4.6,5.7,16.0,20.0,1024.1,136.0,0.0,,100.0
2023-07-10 10:00:00,9.4,11.4,,8.1,,81.0,5.1,7.7,12.0,16.0,1024.0,200.0,0.0,,100.0
2023-07-10 11:00:00,9.4,9.8,,8.6,,82.0,6.1,8.9,7.0,11.0,1024.1,211.0,0.0,,100.0
2023-07-10 12:00:00,9.1,10.1,,8.5,,82.0,5.8,7.8,5.0,7.0,1024.1,261.0,0.0,,100.0
2023-07-10 13:00:00,9.8,10.5,,8.7,,79.0,5.5,7.9,18.0,14.0,1024.2,295.0,0.0,,100.0
2023-07-10 14:00:00,12.0,13.9,,10.2,,70.0,4.4,6.3,46.0,21.0,1023.8,560.0,0.0,,90.0
2023-07-10 15:00:00,15.5,16.6,,14.0,,62.0,2.2,4.6,131.0,148.0,1023.6,678.0,0.0,,10.0
2023-07-10 16:00:00,15.6,16.5,,14.3,,64.0,1.5,3.2,260.0,352.0,1023.5,672.0,0.0,,40.0
2023-07-10 17:00:00,14.6,15.4,,13.5,,71.0,2.3,4.1,180.0,188.0,1023.2,584.0,0.0,,90.0
2023-07-10 18:00:00,12.2,14.6,16.6,10.2,8.1,79.0,4.2,6.8,162.0,172.0,1023.6,404.0,0.0,,90.0
2023-07-10 19:00:00,11.0,11.8,,10.0,,83.0,5.0,7.6,185.0,170.0,1024.2,348.0,0.0,,90.0
2023-07-10 20:00:00,10.5,11.8,,9.6,,86.0,3.8,6.6,173.0,177.0,1024.0,433.0,0.0,,90.0
2023-07-10 21:00:00,11.1,11.5,,10.9,,85.0,3.0,4.3,161.0,169.0,1023.8,229.0,0.0,,90.0
2023-07-10 22:00:00,11.1,12.0,,10.5,,84.0,2.8,4.3,168.0,172.0,1023.3,277.0,0.0,,10.0
2023-07-10 23:00:00,11.1,11.6,,10.4,,85.0,3.6,5.7,148.0,157.0,1023.2,107.0,0.0,,60.0
