ts,101,112,113,122,123,201,301,305,365,371,401,550,601,609,801
2023-04-08 00:00:00,-5.4,,,,,63.0,9.3,12.5,7.0,11.0,994.8,,,,
2023-04-08 01:00:00,-5.8,,,,,65.0,10.0,13.0,6.0,7.0,993.8,,,,
2023-04-08 02:00:00,-6.0,,,,,66.0,9.9,12.6,6.0,8.0,992.2,,,,
2023-04-08 03:00:00,-6.4,,,,,66.0,11.5,15.4,7.0,6.0,990.8,,,,50.0
2023-04-08 04:00:00,-6.7,,,,,66.0,12.1,15.7,5.0,6.0,990.0,,,,90.0
2023-04-08 05:00:00,-6.3,,,,,66.0,12.1,15.8,7.0,4.0,988.9,,,,90.0
2023-04-08 06:00:00,-5.9,,-5.4,,-6.9,64.0,10.7,14.2,9.0,9.0,988.4,,,,100.0
2023-04-08 07:00:00,-6.5,,,,,63.0,8.6,13.0,30.0,12.0,988.2,,,,90.0
2023-04-08 08:00:00,-9.0,,,,,65.0,2.0,4.8,128.0,101.0,988.2,,,,10.0
2023-04-08 09:00:00,-9.8,,,,,68.0,3.9,5.1,137.0,134.0,987.6,,,,
2023-04-08 10:00:00,-9.2,,,,,69.0,3.1,4.2,136.0,143.0,987.3,,,,
2023-04-08 11:00:00,-8.3,,,,,67.0,2.9,4.4,157.0,146.0,987.1,,,,25.0
2023-04-08 12:00:00,-7.8,,,,,67.0,3.6,5.2,169.0,159.0,987.2,,,,25.0
2023-04-08 13:00:00,-8.2,,,,,75.0,4.3,5.7,181.0,185.0,987.8,,,,90.0
2023-04-08 14:00:00,-7.2,,,,,75.0,3.2,5.1,164.0,170.0,987.6,,,,90.0
2023-04-08 15:00:00,-6.4,,,,,73.0,1.6,3.7,267.0,207.0,987.5,,,,90.0
2023-04-08 16:00:00,-6.2,,,,,77.0,2.4,5.8,203.0,209.0,986.8,,,,90.0
2023-04-08 17:00:00,-6.4,,,,,76.0,3.7,6.8,224.0,215.0,986.4,,,,75.0
2023-04-08 18:00:00,-7.1,,-5.7,,-11.3,80.0,5.1,6.9,218.0,222.0,987.1,,,,90.0
2023-04-08 19:00:00,-7.2,,,,,81.0,4.6,6.8,212.0,215.0,987.4,,,,90.0
2023-04-08 20:00:00,-6.3,,,,,79.0,1.5,4.1,0.0,213.0,987.6,,,,100.0
2023-04-08 21:00:00,,5.7,,,,68.0,2.3,10.2,96.0,315.0,987.3,,,,100.0
2023-04-08 22:00:00,5.5,6.2,,5.1,,37.0,8.1,12.3,103.0,95.0,987.2,,,,100.0
2023-04-08 23:00:00,5.9,6.3,,5.5,,35.0,10.2,16.1,111.0,106.0,987.1,,,,90.0
2023-04-09 00:00:00,5.5,6.1,,4.9,,36.0,8.9,14.8,119.0,119.0,988.0,,,,100.0
2023-04-09 01:00:00,4.9,5.5,,4.3,,38.0,9.1,15.8,114.0,120.0,988.5,,,,90.0
2023-04-09 02:00:00,4.1,4.5,,3.7,,40.0,8.3,13.9,103.0,107.0,988.8,,,,90.0
2023-04-09 03:00:00,3.5,4.3,,,,42.0,8.9,14.1,150.0,118.0,990.6,,,,100.0
2023-04-09 04:00:00,-6.1,,,,,78.0,8.2,12.7,185.0,182.0,992.9,,,,90.0
2023-04-09 05:00:00,-5.1,,,,,83.0,7.0,10.8,189.0,185.0,995.2,,,,90.0
2023-04-09 06:00:00,-7.0,,6.3,,-7.4,80.0,3.0,6.2,152.0,129.0,996.9,,,,90.0
2023-04-09 07:00:00,-5.9,,,,,82.0,4.0,5.8,175.0,169.0,997.2,,,,50.0
2023-04-09 08:00:00,-6.9,,,,,85.0,2.0,5.1,141.0,151.0,998.4,,,,60.0
2023-04-09 09:00:00,-6.4,,,,,87.0,0.4,1.9,0.0,143.0,998.6,,,,100.0
2023-04-09 10:00:00,-5.1,,,,,87.0,0.4,2.1,40.0,46.0,999.3,,,,100.0
2023-04-09 11:00:00,-3.7,,,,,83.0,2.1,3.5,43.0,36.0,999.1,,,,75.0
2023-04-09 12:00:00,-3.4,,,,,78.0,2.6,4.6,4.0,28.0,999.1,,,,90.0
2023-04-09 13:00:00,-3.2,,,,,79.0,2.9,4.7,19.0,17.0,999.2,,,,100.0
2023-04-09 14:00:00,-3.0,,,,,79.0,4.0,6.0,4.0,1.0,999.1,,,,90.0
2023-04-09 15:00:00,-2.4,,,,,77.0,3.6,5.7,312.0,350.0,999.2,,,,60.0
2023-04-09 16:00:00,-2.6,,,,,76.0,3.0,4.6,312.0,310.0,999.1,,,,25.0
2023-04-09 17:00:00,-2.8,,,,,77.0,3.1,4.7,305.0,307.0,998.9,,,,100.0
2023-04-09 18:00:00,-3.2,,-2.1,,-8.1,80.0,3.2,5.5,306.0,298.0,998.7,,,,100.0
2023-04-09 19:00:00,-3.1,,,,,81.0,2.2,4.5,327.0,309.0,998.6,,,,100.0
2023-04-09 20:00:00,-2.3,,,,,85.0,0.7,3.3,169.0,251.0,998.6,,,,100.0
2023-04-09 21:00:00,-3.3,,,,,85.0,2.8,4.4,218.0,243.0,998.7,,,,100.0
2023-04-09 22:00:00,-3.8,,,,,88.0,2.6,3.9,200.0,205.0,998.1,,,,100.0
2023-04-09 23:00:00,-4.6,,,,,89.0,3.4,4.4,147.0,172.0,997.8,,,,90.0
2023-04-10 00:00:00,-5.3,,,,,92.0,4.6,6.0,142.0,144.0,997.7,,,,
2023-04-10 01:00:00,-5.1,,,,,92.0,4.5,5.8,137.0,142.0,997.4,,,,100.0
2023-04-10 02:00:00,-4.7,,,,,92.0,5.6,7.1,134.0,136.0,997.2,,,,25.0
2023-04-10 03:00:00,-4.2,,,,,93.0,4.5,6.9,147.0,145.0,996.8,,,,100.0
2023-04-10 04:00:00,-4.2,,,,,93.0,2.6,4.4,173.0,168.0,996.4,,,,100.0
2023-04-10 05:00:00,-4.4,,,,,95.0,2.8,4.0,164.0,174.0,996.1,,,,100.0
2023-04-10 06:00:00,-4.5,,-1.8,,-5.6,96.0,2.9,3.9,140.0,156.0,995.6,,,,100.0
2023-04-10 07:00:00,-4.7,,,,,96.0,3.1,4.1,137.0,145.0,995.6,,,,100.0
2023-04-10 08:00:00,-4.3,,,,,97.0,3.7,4.8,135.0,137.0,995.6,,,,100.0
2023-04-10 09:00:00,-4.0,,,,,97.0,4.0,5.5,147.0,143.0,995.4,,,,100.0
2023-04-10 10:00:00,-5.1,,,,,97.0,3.7,5.0,152.0,147.0,995.8,,,,50.0
2023-04-10 11:00:00,-4.1,,,,,95.0,2.7,4.2,173.0,147.0,995.6,,,,25.0
2023-04-10 12:00:00,-2.9,,,,,94.0,0.5,2.8,139.0,187.0,995.3,,,,25.0
2023-04-10 13:00:00,-3.5,,,,,95.0,2.0,4.3,4.0,3.0,995.2,,,,
2023-04-10 14:00:00,-3.4,,,,,96.0,1.8,3.4,16.0,13.0,994.7,,,,
2023-04-10 15:00:00,-3.1,,,,,96.0,1.4,3.2,356.0,356.0,994.5,,,,100.0
2023-04-10 16:00:00,-2.1,,,,,95.0,0.8,2.8,223.0,296.0,994.3,,,,25.0
2023-04-10 17:00:00,-1.1,,,,,93.0,0.3,3.3,22.0,301.0,994.0,,,,60.0
2023-04-10 18:00:00,0.1,0.1,0.1,,-5.1,88.0,1.5,5.2,318.0,357.0,993.9,,,,
2023-04-10 19:00:00,2.6,8.6,,,,72.0,3.2,9.0,101.0,8.0,993.5,,,,
2023-04-10 20:00:00,8.7,8.9,,8.3,,37.0,8.3,12.5,105.0,103.0,993.3,,,,
2023-04-10 21:00:00,8.2,8.6,,7.8,,38.0,8.9,13.4,105.0,103.0,993.4,,,,
2023-04-10 22:00:00,7.6,7.9,,7.3,,40.0,10.0,13.3,103.0,99.0,993.8,,,,
2023-04-10 23:00:00,7.0,7.6,,6.6,,41.0,9.8,13.9,100.0,104.0,994.1,,,,
2023-04-11 00:00:00,6.7,7.1,,6.4,,41.0,10.9,15.2,105.0,102.0,994.7,,,,
2023-04-11 01:00:00,6.7,7.3,,6.3,,39.0,11.4,15.7,104.0,104.0,995.2,,,,
2023-04-11 02:00:00,6.0,6.4,,5.5,,40.0,11.3,15.7,106.0,106.0,995.5,,,,
2023-04-11 03:00:00,5.9,6.4,,5.3,,39.0,10.6,16.0,104.0,105.0,995.5,,,,
2023-04-11 04:00:00,6.0,6.4,,5.7,,36.0,12.1,16.8,113.0,111.0,996.0,,,,
2023-04-11 05:00:00,5.4,5.8,,5.0,,37.0,10.1,18.4,109.0,109.0,996.6,,,,
2023-04-11 06:00:00,4.6,5.6,8.9,3.7,-0.5,39.0,10.8,15.6,104.0,106.0,997.3,,,,
2023-04-11 07:00:00,3.9,4.7,,3.2,,40.0,11.7,15.9,101.0,103.0,997.6,,,,
2023-04-11 08:00:00,3.5,4.1,,3.0,,39.0,11.4,15.9,95.0,99.0,997.6,,,,
2023-04-11 09:00:00,3.8,4.1,,3.4,,37.0,13.9,17.5,95.0,96.0,997.2,,,,
2023-04-11 10:00:00,4.1,4.4,,3.4,,35.0,14.1,17.7,103.0,99.0,997.6,,,,
2023-04-11 11:00:00,4.2,4.8,,3.8,,36.0,11.2,17.7,106.0,106.0,998.8,,,,
2023-04-11 12:00:00,4.5,4.7,,4.1,,37.0,8.8,12.3,98.0,97.0,999.7,,,,
2023-04-11 13:00:00,5.2,5.5,,4.7,,35.0,7.9,11.4,101.0,98.0,999.9,,,,
2023-04-11 14:00:00,5.9,6.3,,5.3,,34.0,6.8,10.5,119.0,107.0,1000.2,,,,
2023-04-11 15:00:00,6.7,7.2,,6.3,,33.0,6.0,10.1,102.0,111.0,1000.1,,,,
2023-04-11 16:00:00,7.4,7.7,,6.7,,33.0,6.2,9.4,126.0,116.0,1000.5,,,,
2023-04-11 17:00:00,7.4,7.8,,7.1,,34.0,6.6,9.6,89.0,97.0,1001.1,,,,10.0
2023-04-11 18:00:00,7.8,7.9,7.9,7.6,2.9,34.0,6.5,9.1,91.0,87.0,1001.3,,,,
2023-04-11 19:00:00,7.7,7.9,,7.7,,35.0,6.8,9.7,90.0,90.0,1001.5,,,,
2023-04-11 20:00:00,7.5,7.9,,7.2,,38.0,8.0,11.8,91.0,91.0,1001.7,,,,
2023-04-11 21:00:00,6.9,7.3,,6.7,,42.0,8.6,12.0,96.0,96.0,1001.8,,,,
2023-04-11 22:00:00,6.5,6.8,,6.2,,44.0,9.0,12.4,104.0,100.0,1002.4,,,,
2023-04-11 23:00:00,6.2,6.3,,5.9,,43.0,5.2,9.9,103.0,102.0,1002.9,,,,
2023-04-12 00:00:00,5.5,6.2,,5.0,,45.0,7.3,10.0,95.0,97.0,1003.3,,,,
2023-04-12 01:00:00,4.7,5.3,,4.4,,46.0,7.4,11.1,101.0,100.0,1004.0,,,,
2023-04-12 02:00:00,4.1,4.5,,3.8,,47.0,8.2,10.9,96.0,98.0,1004.3,,,,60.0
2023-04-12 03:00:00,3.8,4.6,,3.4,,44.0,9.5,13.1,94.0,95.0,1004.6,,,,40.0
2023-04-12 04:00:00,3.1,4.1,,2.4,,46.0,6.6,11.6,357.0,73.0,1005.2,,,,25.0
2023-04-12 05:00:00,0.7,2.9,,,,67.0,2.7,5.0,333.0,18.0,1005.7,,,,
2023-04-12 06:00:00,-3.2,,7.9,,-3.2,85.0,1.4,4.6,325.0,270.0,1006.1,,,,
2023-04-12 07:00:00,-3.1,,,,,87.0,0.8,3.6,296.0,152.0,1006.2,,,,
2023-04-12 08:00:00,-3.0,,,,,89.0,1.5,3.6,313.0,288.0,1006.6,,,,
2023-04-12 09:00:00,-3.6,,,,,90.0,0.3,1.9,0.0,354.0,1006.4,,,,
2023-04-12 10:00:00,-2.4,,,,,91.0,0.3,1.7,0.0,12.0,1006.5,,,,
2023-04-12 11:00:00,-2.1,,,,,88.0,1.9,3.2,45.0,28.0,1006.3,,,,
2023-04-12 12:00:00,-1.6,,,,,84.0,1.1,4.7,346.0,30.0,1006.1,,,,
2023-04-12 13:00:00,-0.8,,,,,79.0,1.1,2.4,275.0,258.0,1005.8,,,,10.0
2023-04-12 14:00:00,-2.4,,,,,76.0,3.6,5.4,204.0,223.0,1006.4,,,,
2023-04-12 15:00:00,-2.6,,,,,82.0,4.6,6.3,201.0,201.0,1006.5,,,,
2023-04-12 16:00:00,-3.1,,,,,86.0,5.2,7.1,207.0,217.0,1006.8,,,,40.0
2023-04-12 17:00:00,-3.2,,,,,88.0,4.0,5.3,210.0,210.0,1007.2,,,,100.0
2023-04-12 18:00:00,-3.7,,-0.6,,-4.3,88.0,3.4,4.8,203.0,202.0,1007.5,,,,100.0
2023-04-12 19:00:00,-3.9,,,,,90.0,3.3,5.6,187.0,197.0,1007.9,,,,100.0
2023-04-12 20:00:00,-4.5,,,,,89.0,2.3,3.7,214.0,192.0,1008.2,,,,100.0
2023-04-12 21:00:00,-5.2,,,,,92.0,2.3,4.0,153.0,184.0,1008.2,,,,100.0
2023-04-12 22:00:00,-5.3,,,,,94.0,1.6,3.0,126.0,159.0,1008.5,,,,100.0
2023-04-12 23:00:00,-5.1,,,,,94.0,1.2,2.8,133.0,153.0,1008.5,,,,100.0
2023-04-13 00:00:00,-5.5,,,,,95.0,1.5,3.4,228.0,189.0,1008.6,,,,100.0
2023-04-13 01:00:00,-5.7,,,,,95.0,0.7,2.0,194.0,176.0,1008.9,,,,100.0
2023-04-13 02:00:00,-5.6,,,,,96.0,0.8,2.3,58.0,101.0,1008.8,,,,100.0
2023-04-13 03:00:00,-5.8,,,,,96.0,0.4,2.1,0.0,344.0,1008.7,,,,100.0
2023-04-13 04:00:00,-5.3,,,,,96.0,1.2,3.3,3.0,345.0,1008.7,,,,100.0
2023-04-13 05:00:00,-5.1,,,,,96.0,1.6,3.2,9.0,29.0,1008.5,,,,100.0
2023-04-13 06:00:00,-5.6,,-3.7,,-5.8,95.0,1.8,3.2,162.0,102.0,1008.6,,,,100.0
2023-04-13 07:00:00,-5.3,,,,,95.0,0.5,1.9,337.0,172.0,1008.7,,,,100.0
2023-04-13 08:00:00,-5.3,,,,,95.0,0.3,1.9,62.0,55.0,1008.8,,,,100.0
2023-04-13 09:00:00,-5.6,,,,,94.0,1.2,2.5,18.0,46.0,1008.9,,,,100.0
2023-04-13 10:00:00,-5.3,,,,,94.0,0.4,2.1,0.0,38.0,1008.8,,,,100.0
2023-04-13 11:00:00,-4.9,,,,,94.0,0.4,2.1,36.0,287.0,1009.1,,,,100.0
2023-04-13 12:00:00,-5.1,,,,,94.0,0.4,1.8,272.0,291.0,1009.1,,,,100.0
2023-04-13 13:00:00,-5.2,,,,,94.0,0.6,2.5,358.0,316.0,1009.0,,,,100.0
2023-04-13 14:00:00,-5.2,,,,,94.0,1.8,3.0,337.0,347.0,1009.0,,,,100.0
2023-04-13 15:00:00,-4.1,,,,,94.0,2.5,3.6,357.0,348.0,1008.9,,,,90.0
2023-04-13 16:00:00,-2.9,,,,,93.0,2.5,3.8,324.0,338.0,1008.9,,,,10.0
2023-04-13 17:00:00,-3.0,,,,,93.0,2.5,3.4,338.0,342.0,1009.0,,,,75.0
2023-04-13 18:00:00,-3.2,,-2.7,,-5.7,91.0,2.8,3.9,337.0,339.0,1009.3,,,,90.0
2023-04-13 19:00:00,-3.3,,,,,93.0,2.9,3.8,356.0,349.0,1009.7,,,,100.0
2023-04-13 20:00:00,-3.3,,,,,95.0,2.4,3.5,352.0,351.0,1009.8,,,,100.0
2023-04-13 21:00:00,-3.1,,,,,96.0,1.5,2.5,315.0,342.0,1010.2,,,,
2023-04-13 22:00:00,-4.1,,,,,96.0,0.2,2.2,0.0,294.0,1010.7,,,,
2023-04-13 23:00:00,-3.8,,,,,97.0,0.0,0.0,0.0,0.0,1011.1,,,,
2023-04-14 00:00:00,-3.8,,,,,97.0,0.0,0.0,0.0,0.0,1011.5,,,,
2023-04-14 01:00:00,-3.8,,,,,97.0,0.0,0.0,0.0,0.0,1011.9,,,,
2023-04-14 02:00:00,-4.0,,,,,97.0,0.0,0.0,0.0,0.0,1012.1,,,,
2023-04-14 03:00:00,-3.7,,,,,96.0,1.4,2.3,140.0,150.0,1012.4,,,,
2023-04-14 04:00:00,-3.6,,,,,96.0,1.9,2.8,197.0,165.0,1012.9,,,,
2023-04-14 05:00:00,-3.8,,,,,96.0,2.1,3.0,184.0,193.0,1013.5,,,,100.0
2023-04-14 06:00:00,-4.8,,-2.8,,-4.8,95.0,1.9,2.8,149.0,154.0,1014.1,,,,90.0
2023-04-14 07:00:00,-5.0,,,,,95.0,1.1,2.2,154.0,158.0,1014.6,,,,90.0
2023-04-14 08:00:00,-4.5,,,,,95.0,0.1,1.3,0.0,145.0,1015.1,,,,100.0
2023-04-14 09:00:00,-4.7,,,,,95.0,0.0,0.0,0.0,0.0,1015.4,,,,
2023-04-14 10:00:00,-4.7,,,,,95.0,0.0,1.0,0.0,0.0,1015.6,,,,90.0
2023-04-14 11:00:00,-4.9,,,,,95.0,0.0,0.0,0.0,0.0,1015.8,,,,90.0
2023-04-14 12:00:00,-3.9,,,,,95.0,0.0,0.0,0.0,0.0,1015.8,,,,10.0
2023-04-14 13:00:00,-2.4,,,,,94.0,1.0,5.3,15.0,11.0,1015.7,,,,
2023-04-14 14:00:00,-1.1,,,,,79.0,2.5,5.7,360.0,10.0,1015.5,,,,
2023-04-14 15:00:00,0.1,0.5,,,,69.0,2.3,4.2,284.0,326.0,1015.3,,,,
2023-04-14 16:00:00,-0.2,,,,,75.0,1.6,5.6,354.0,317.0,1014.8,,,,
2023-04-14 17:00:00,0.3,0.8,,,,64.0,1.8,4.3,347.0,354.0,1014.5,,,,
2023-04-14 18:00:00,0.8,1.1,1.1,0.4,-5.4,65.0,2.2,5.6,2.0,345.0,1014.0,,,,
2023-04-14 19:00:00,0.5,0.8,,0.1,,75.0,3.3,7.5,8.0,3.0,1013.8,,,,
2023-04-14 20:00:00,0.5,0.8,,0.0,,75.0,3.1,6.0,358.0,1.0,1013.4,,,,
2023-04-14 21:00:00,0.6,0.8,,0.3,,72.0,3.1,6.2,356.0,357.0,1013.2,,,,
2023-04-14 22:00:00,-0.4,0.4,,,,80.0,2.3,3.8,346.0,356.0,1012.9,,,,
2023-04-14 23:00:00,-1.2,,,,,81.0,1.4,3.4,155.0,11.0,1012.6,,,,
2023-04-15 00:00:00,-2.6,,,,,86.0,1.3,3.0,162.0,156.0,1012.5,,,,
2023-04-15 01:00:00,-2.7,,,,,86.0,1.6,2.5,160.0,171.0,1012.3,,,,
2023-04-15 02:00:00,-3.2,,,,,83.0,1.8,2.9,122.0,162.0,1011.9,,,,
2023-04-15 03:00:00,-3.1,,,,,79.0,1.5,3.1,37.0,31.0,1011.7,,,,
2023-04-15 04:00:00,-3.6,,,,,88.0,0.6,2.3,32.0,38.0,1011.4,,,,
2023-04-15 05:00:00,-4.4,,,,,86.0,0.5,1.8,0.0,83.0,1011.2,,,,
2023-04-15 06:00:00,-5.7,,0.8,,-5.8,87.0,0.0,0.0,0.0,0.0,1011.1,,,,
2023-04-15 07:00:00,-4.7,,,,,87.0,0.1,2.0,0.0,131.0,1011.2,,,,
2023-04-15 08:00:00,-5.6,,,,,64.0,1.0,3.0,136.0,42.0,1011.3,,,,
2023-04-15 09:00:00,-4.2,,,,,65.0,0.4,1.6,0.0,140.0,1011.2,,,,
2023-04-15 10:00:00,-3.4,,,,,61.0,0.1,1.5,158.0,156.0,1011.2,,,,
2023-04-15 11:00:00,-2.2,,,,,58.0,0.5,3.5,350.0,243.0,1011.4,,,,
2023-04-15 12:00:00,-1.6,,,,,66.0,1.9,6.4,309.0,334.0,1011.2,,,,
2023-04-15 13:00:00,-2.3,,,,,64.0,2.1,3.5,264.0,301.0,1010.9,,,,
2023-04-15 14:00:00,-1.7,,,,,67.0,1.9,2.7,264.0,288.0,1010.8,,,,
2023-04-15 15:00:00,-1.3,,,,,68.0,2.2,3.0,280.0,271.0,1010.6,,,,
2023-04-15 16:00:00,-0.8,,,,,56.0,1.9,5.9,259.0,303.0,1010.1,,,,
2023-04-15 17:00:00,0.2,0.3,,,,57.0,1.7,3.1,309.0,284.0,1010.0,,,,
2023-04-15 18:00:00,0.1,0.5,0.6,,-6.2,63.0,2.1,7.0,315.0,302.0,1009.8,,,,
2023-04-15 19:00:00,-0.2,0.1,,,,69.0,2.2,7.5,330.0,325.0,1009.8,,,,
2023-04-15 20:00:00,-0.7,,,,,76.0,2.6,3.8,353.0,348.0,1009.8,,,,
2023-04-15 21:00:00,-1.6,,,,,80.0,2.2,4.6,262.0,319.0,1010.1,,,,
2023-04-15 22:00:00,-3.2,,,,,88.0,2.2,3.3,191.0,200.0,1010.2,,,,
2023-04-15 23:00:00,-4.2,,,,,94.0,2.1,3.2,188.0,197.0,1010.4,,,,100.0
2023-04-16 00:00:00,-4.7,,,,,96.0,2.2,2.9,212.0,210.0,1010.7,,,,
2023-04-16 01:00:00,-5.0,,,,,96.0,2.4,3.2,209.0,209.0,1010.9,,,,
2023-04-16 02:00:00,-5.4,,,,,95.0,2.6,3.4,197.0,200.0,1010.8,,,,100.0
2023-04-16 03:00:00,-5.5,,,,,95.0,3.0,4.7,141.0,155.0,1010.8,,,,100.0
2023-04-16 04:00:00,-5.3,,,,,94.0,3.0,4.8,152.0,146.0,1010.8,,,,100.0
2023-04-16 05:00:00,-5.4,,,,,94.0,1.8,2.9,149.0,155.0,1010.7,,,,100.0
2023-04-16 06:00:00,-5.7,,0.1,,-5.8,94.0,1.5,2.4,91.0,117.0,1010.9,,,,100.0
2023-04-16 07:00:00,-6.2,,,,,94.0,1.1,2.3,108.0,129.0,1011.1,,,,100.0
2023-04-16 08:00:00,-5.9,,,,,93.0,1.4,2.4,124.0,123.0,1011.3,,,,100.0
2023-04-16 09:00:00,-6.4,,,,,93.0,1.2,2.2,140.0,119.0,1011.3,,,,100.0
2023-04-16 10:00:00,-6.4,,,,,93.0,1.2,2.1,177.0,158.0,1011.4,,,,10.0
2023-04-16 11:00:00,-5.2,,,,,93.0,0.1,1.5,151.0,190.0,1011.3,,,,10.0
2023-04-16 12:00:00,-5.3,,,,,93.0,0.9,2.3,307.0,283.0,1011.1,,,,
2023-04-16 13:00:00,-4.8,,,,,93.0,0.9,5.0,272.0,295.0,1010.7,,,,
2023-04-16 14:00:00,-4.2,,,,,92.0,2.1,3.8,205.0,239.0,1010.4,,,,
2023-04-16 15:00:00,-3.2,,,,,88.0,3.3,4.8,197.0,203.0,1010.2,,,,
2023-04-16 16:00:00,-3.9,,,,,86.0,4.2,6.2,207.0,196.0,1009.9,,,,100.0
2023-04-16 17:00:00,-3.7,,,,,87.0,4.8,6.2,198.0,199.0,1009.8,,,,100.0
2023-04-16 18:00:00,-3.8,,-2.5,,-7.0,86.0,4.7,6.0,189.0,191.0,1009.8,,,,100.0
2023-04-16 19:00:00,-3.6,,,,,86.0,4.2,6.2,191.0,196.0,1009.8,,,,100.0
2023-04-16 20:00:00,-3.6,,,,,85.0,3.7,5.2,181.0,182.0,1009.7,,,,100.0
2023-04-16 21:00:00,-3.4,,,,,82.0,3.3,4.4,184.0,181.0,1009.8,,,,100.0
2023-04-16 22:00:00,-3.7,,,,,83.0,3.1,4.0,195.0,188.0,1009.7,,,,100.0
2023-04-16 23:00:00,-3.7,,,,,82.0,3.0,3.9,179.0,187.0,1009.7,,,,100.0
2023-04-17 00:00:00,-3.7,,,,,79.0,2.5,3.7,179.0,181.0,1009.6,,,,100.0
2023-04-17 01:00:00,-3.8,,,,,77.0,2.3,3.3,150.0,164.0,1009.4,,,,100.0
2023-04-17 02:00:00,-3.8,,,,,76.0,2.2,3.4,140.0,148.0,1009.1,,,,100.0
2023-04-17 03:00:00,-4.0,,,,,74.0,2.0,3.3,148.0,147.0,1008.6,,,,100.0
2023-04-17 04:00:00,-4.2,,,,,77.0,2.1,3.0,162.0,156.0,1008.1,,,,100.0
2023-04-17 05:00:00,-3.4,,,,,80.0,2.6,7.1,3.0,204.0,1007.4,,,,100.0
2023-04-17 06:00:00,-3.7,,-3.3,,-4.4,82.0,6.3,9.1,349.0,353.0,1007.0,,,,100.0
2023-04-17 07:00:00,-3.8,,,,,83.0,6.3,9.1,339.0,344.0,1006.7,,,,100.0
2023-04-17 08:00:00,-3.8,,,,,83.0,6.7,10.4,346.0,344.0,1006.3,,,,100.0
2023-04-17 09:00:00,-3.9,,,,,82.0,7.6,10.5,346.0,348.0,1006.2,,,,100.0
2023-04-17 10:00:00,-3.8,,,,,81.0,7.3,10.8,345.0,346.0,1006.4,,,,100.0
2023-04-17 11:00:00,-3.9,,,,,81.0,6.9,10.0,338.0,342.0,1006.4,,,,100.0
2023-04-17 12:00:00,-3.8,,,,,78.0,6.4,9.1,349.0,346.0,1006.4,,,,100.0
2023-04-17 13:00:00,-3.6,,,,,77.0,6.1,8.5,350.0,347.0,1006.3,,,,100.0
2023-04-17 14:00:00,-3.5,,,,,77.0,6.4,8.9,349.0,350.0,1006.3,,,,100.0
2023-04-17 15:00:00,-2.9,,,,,77.0,7.0,10.0,349.0,352.0,1006.1,,,,100.0
2023-04-17 16:00:00,-2.5,,,,,75.0,6.9,11.1,348.0,349.0,1005.8,,,,90.0
2023-04-17 17:00:00,-2.8,,,,,73.0,6.3,9.8,347.0,345.0,1005.2,,,,10.0
2023-04-17 18:00:00,-2.7,,-1.7,,-4.1,75.0,6.6,9.1,346.0,345.0,1005.2,,,,10.0
2023-04-17 19:00:00,-2.7,,,,,74.0,6.5,9.5,347.0,346.0,1004.9,,,,
2023-04-17 20:00:00,-2.6,,,,,74.0,7.1,9.7,347.0,347.0,1005.1,,,,10.0
2023-04-17 21:00:00,-2.7,,,,,75.0,7.0,10.0,348.0,348.0,1005.0,,,,
2023-04-17 22:00:00,-3.1,,,,,78.0,6.9,9.5,347.0,348.0,1005.2,,,,10.0
2023-04-17 23:00:00,-3.2,,,,,80.0,6.1,8.9,345.0,347.0,1005.7,,,,40.0
2023-04-18 00:00:00,-3.5,,,,,81.0,5.6,8.4,346.0,346.0,1006.5,,,,
2023-04-18 01:00:00,-3.4,,,,,82.0,5.6,8.3,351.0,348.0,1007.3,,,,10.0
2023-04-18 02:00:00,-3.3,,,,,81.0,4.6,6.8,351.0,351.0,1007.6,,,,50.0
2023-04-18 03:00:00,-3.3,,,,,79.0,4.1,6.0,352.0,353.0,1007.9,,,,90.0
2023-04-18 04:00:00,-3.3,,,,,80.0,3.8,5.9,350.0,348.0,1008.2,,,,50.0
2023-04-18 05:00:00,-5.3,,,,,81.0,1.8,6.0,143.0,44.0,1008.8,,,,10.0
2023-04-18 06:00:00,-6.1,,-1.6,,-6.8,85.0,1.1,2.3,155.0,149.0,1009.1,,,,50.0
2023-04-18 07:00:00,-5.3,,,,,84.0,1.7,2.8,110.0,130.0,1009.9,,,,90.0
2023-04-18 08:00:00,-4.1,,,,,85.0,1.3,2.7,300.0,148.0,1010.3,,,,100.0
2023-04-18 09:00:00,-4.1,,,,,81.0,0.5,2.8,0.0,133.0,1010.9,,,,100.0
2023-04-18 10:00:00,-3.4,,,,,81.0,0.1,1.1,0.0,257.0,1011.3,,,,100.0
2023-04-18 11:00:00,-3.1,,,,,76.0,0.3,3.0,47.0,346.0,1011.8,,,,100.0
2023-04-18 12:00:00,-3.0,,,,,71.0,2.3,3.6,141.0,123.0,1012.4,,,,100.0
2023-04-18 13:00:00,-2.6,,,,,74.0,2.6,3.5,176.0,172.0,1012.6,,,,100.0
2023-04-18 14:00:00,-2.8,,,,,77.0,2.8,3.8,188.0,187.0,1012.6,,,,100.0
2023-04-18 15:00:00,-2.6,,,,,81.0,2.5,3.6,208.0,207.0,1012.5,,,,100.0
2023-04-18 16:00:00,-2.3,,,,,81.0,2.0,3.9,274.0,257.0,1012.3,,,,100.0
2023-04-18 17:00:00,-2.3,,,,,79.0,3.0,7.4,348.0,309.0,1012.4,,,,100.0
2023-04-18 18:00:00,-2.3,,-1.8,,-6.6,78.0,4.6,7.0,347.0,348.0,1012.9,,,,100.0
2023-04-18 19:00:00,-2.6,,,,,78.0,3.9,6.2,348.0,348.0,1013.5,,,,100.0
2023-04-18 20:00:00,-2.5,,,,,77.0,2.6,6.7,11.0,355.0,1014.4,,,,100.0
2023-04-18 21:00:00,-2.6,,,,,77.0,0.6,3.2,161.0,326.0,1015.6,,,,100.0
2023-04-18 22:00:00,-3.2,,,,,90.0,4.3,6.2,190.0,189.0,1016.5,,,,100.0
2023-04-18 23:00:00,-3.7,,,,,92.0,4.9,7.0,187.0,193.0,1017.5,,,,100.0
2023-04-19 00:00:00,-3.9,,,,,89.0,3.4,5.5,147.0,159.0,1018.5,,,,100.0
2023-04-19 01:00:00,-3.9,,,,,82.0,3.8,6.8,186.0,186.0,1019.5,,,,100.0
2023-04-19 02:00:00,-4.2,,,,,84.0,4.7,7.0,174.0,183.0,1020.4,,,,100.0
2023-04-19 03:00:00,-4.1,,,,,86.0,3.7,5.6,170.0,168.0,1021.4,,,,100.0
2023-04-19 04:00:00,-4.4,,,,,87.0,3.1,4.8,219.0,236.0,1022.4,,,,100.0
2023-04-19 05:00:00,-4.8,,,,,89.0,2.3,3.9,185.0,199.0,1023.2,,,,100.0
2023-04-19 06:00:00,-4.8,,-1.8,,-4.8,86.0,2.3,3.5,204.0,202.0,1023.9,,,,100.0
2023-04-19 07:00:00,-4.9,,,,,85.0,1.3,2.6,172.0,202.0,1024.6,,,,100.0
2023-04-19 08:00:00,-4.8,,,,,87.0,0.0,0.4,0.0,0.0,1025.4,,,,100.0
2023-04-19 09:00:00,-5.0,,,,,85.0,1.8,3.5,237.0,234.0,1026.1,,,,100.0
2023-04-19 10:00:00,-4.7,,,,,85.0,1.9,3.3,198.0,221.0,1026.7,,,,100.0
2023-04-19 11:00:00,-4.8,,,,,84.0,1.9,3.8,217.0,198.0,1027.1,,,,100.0
2023-04-19 12:00:00,-4.3,,,,,82.0,3.4,4.7,194.0,205.0,1027.9,,,,100.0
2023-04-19 13:00:00,-4.4,,,,,81.0,2.9,4.5,193.0,205.0,1028.8,,,,100.0
2023-04-19 14:00:00,-4.5,,,,,85.0,3.7,5.4,224.0,191.0,1029.5,,,,100.0
2023-04-19 15:00:00,-4.6,,,,,79.0,3.7,5.1,214.0,210.0,1030.1,,,,100.0
2023-04-19 16:00:00,-4.5,,,,,77.0,4.0,5.4,223.0,224.0,1030.6,,,,100.0
2023-04-19 17:00:00,-4.7,,,,,77.0,3.7,4.9,216.0,218.0,1031.3,,,,100.0
2023-04-19 18:00:00,-4.8,,-4.1,,-5.2,80.0,3.2,4.5,227.0,218.0,1031.9,,,,100.0
2023-04-19 19:00:00,-4.8,,,,,80.0,2.7,3.7,226.0,220.0,1032.6,,,,100.0
2023-04-19 20:00:00,-4.9,,,,,82.0,2.2,3.4,222.0,218.0,1033.2,,,,100.0
2023-04-19 21:00:00,-4.7,,,,,82.0,1.9,3.1,270.0,263.0,1033.6,,,,100.0
2023-04-19 22:00:00,-5.0,,,,,82.0,2.1,3.2,268.0,271.0,1034.1,,,,100.0
2023-04-19 23:00:00,-5.1,,,,,81.0,1.6,2.8,277.0,289.0,1034.6,,,,100.0
2023-04-20 00:00:00,-5.3,,,,,81.0,1.6,2.6,303.0,292.0,1035.0,,,,100.0
2023-04-20 01:00:00,-5.3,,,,,80.0,0.8,1.9,0.0,285.0,1035.5,,,,100.0
2023-04-20 02:00:00,-5.3,,,,,80.0,1.4,2.9,356.0,334.0,1035.7,,,,100.0
2023-04-20 03:00:00,-5.6,,,,,81.0,2.2,2.9,43.0,21.0,1035.8,,,,100.0
2023-04-20 04:00:00,-5.3,,,,,83.0,2.7,4.8,40.0,41.0,1035.8,,,,100.0
2023-04-20 05:00:00,-6.3,,,,,81.0,2.2,2.8,44.0,39.0,1035.9,,,,90.0
2023-04-20 06:00:00,-5.5,,-4.3,,-6.6,80.0,2.2,3.2,36.0,43.0,1036.3,,,,100.0
2023-04-20 07:00:00,-5.1,,,,,79.0,2.7,4.1,58.0,55.0,1036.7,,,,100.0
2023-04-20 08:00:00,-5.7,,,,,80.0,2.5,4.2,32.0,53.0,1036.7,,,,100.0
2023-04-20 09:00:00,-7.7,,,,,74.0,0.5,1.7,0.0,48.0,1036.9,,,,
2023-04-20 10:00:00,-7.1,,,,,74.0,0.5,2.0,143.0,162.0,1036.7,,,,
2023-04-20 11:00:00,-5.3,,,,,70.0,2.2,4.7,115.0,123.0,1036.8,,,,
2023-04-20 12:00:00,-4.1,,,,,62.0,1.4,3.3,340.0,32.0,1037.0,,,,
2023-04-20 13:00:00,-3.8,,,,,56.0,1.5,4.4,39.0,32.0,1036.9,,,,
2023-04-20 14:00:00,-3.9,,,,,54.0,2.5,3.5,354.0,5.0,1036.4,,,,
2023-04-20 15:00:00,-3.4,,,,,51.0,2.5,9.5,3.0,1.0,1036.3,,,,
2023-04-20 16:00:00,-2.1,,,,,51.0,3.2,6.9,3.0,5.0,1036.3,,,,
2023-04-20 17:00:00,-2.0,,,,,53.0,4.4,6.2,9.0,7.0,1036.0,,,,
2023-04-20 18:00:00,-1.7,,-1.6,,-8.4,54.0,4.4,6.3,9.0,7.0,1035.8,,,,
2023-04-20 19:00:00,-1.6,,,,,56.0,4.9,7.9,10.0,7.0,1035.5,,,,
2023-04-20 20:00:00,-1.2,,,,,57.0,4.5,6.3,13.0,12.0,1035.2,,,,
2023-04-20 21:00:00,-1.2,,,,,58.0,4.0,5.4,10.0,12.0,1034.7,,,,
2023-04-20 22:00:00,-1.4,,,,,60.0,3.6,4.8,19.0,15.0,1034.3,,,,
2023-04-20 23:00:00,-1.7,,,,,60.0,3.0,4.6,22.0,21.0,1034.2,,,,
2023-04-21 00:00:00,-2.2,,,,,60.0,1.2,2.4,22.0,21.0,1033.8,,,,
2023-04-21 01:00:00,-4.8,,,,,64.0,1.1,2.4,155.0,157.0,1033.7,,,,100.0
2023-04-21 02:00:00,-5.7,,,,,67.0,0.4,2.7,149.0,153.0,1033.5,,,,90.0
2023-04-21 03:00:00,-5.4,,,,,74.0,1.2,2.7,146.0,155.0,1033.2,,,,40.0
2023-04-21 04:00:00,-6.2,,,,,70.0,0.2,1.6,0.0,122.0,1032.5,,,,25.0
2023-04-21 05:00:00,-4.9,,,,,71.0,0.2,1.8,203.0,155.0,1032.0,,,,
2023-04-21 06:00:00,-7.9,,-0.9,,-7.9,72.0,1.0,2.8,153.0,152.0,1032.1,,,,40.0
2023-04-21 07:00:00,-6.1,,,,,74.0,1.3,2.3,171.0,153.0,1031.7,,,,90.0
2023-04-21 08:00:00,-4.6,,,,,75.0,1.7,2.7,173.0,157.0,1032.3,,,,75.0
2023-04-21 09:00:00,-3.6,,,,,72.0,1.2,2.4,0.0,155.0,1032.2,,,,90.0
2023-04-21 10:00:00,-1.8,,,,,64.0,0.1,1.6,0.0,23.0,1032.1,,,,100.0
2023-04-21 11:00:00,-1.8,,,,,68.0,0.9,2.1,216.0,220.0,1032.6,,,,100.0
2023-04-21 12:00:00,-1.7,,,,,72.0,1.8,6.0,222.0,219.0,1032.9,,,,100.0
2023-04-21 13:00:00,-1.3,,,,,72.0,1.1,3.6,285.0,268.0,1033.1,,,,90.0
2023-04-21 14:00:00,-1.3,,,,,73.0,2.0,3.3,312.0,287.0,1033.2,,,,90.0
2023-04-21 15:00:00,-1.7,,,,,74.0,1.4,2.3,268.0,301.0,1033.3,,,,90.0
2023-04-21 16:00:00,-1.4,,,,,73.0,1.4,5.2,330.0,310.0,1033.1,,,,90.0
2023-04-21 17:00:00,-0.8,,,,,73.0,2.1,3.7,333.0,333.0,1033.0,,,,100.0
2023-04-21 18:00:00,-0.7,,-0.4,,-7.9,70.0,2.2,5.6,347.0,332.0,1033.2,,,,90.0
2023-04-21 19:00:00,-0.9,,,,,75.0,2.7,3.4,346.0,343.0,1033.3,,,,100.0
2023-04-21 20:00:00,-0.8,,,,,81.0,2.6,3.3,348.0,352.0,1033.4,,,,90.0
2023-04-21 21:00:00,-0.3,,,,,80.0,2.2,5.0,5.0,357.0,1033.6,,,,25.0
2023-04-21 22:00:00,-0.1,,,,,76.0,1.5,2.7,17.0,7.0,1033.6,,,,90.0
2023-04-21 23:00:00,-0.5,,,,,77.0,0.9,2.1,0.0,24.0,1033.8,,,,
2023-04-22 00:00:00,-1.5,,,,,81.0,0.1,1.2,0.0,320.0,1034.3,,,,
2023-04-22 01:00:00,-1.9,,,,,86.0,0.0,0.0,0.0,0.0,1034.5,,,,60.0
2023-04-22 02:00:00,-2.5,,,,,87.0,1.0,2.9,146.0,154.0,1034.3,,,,90.0
2023-04-22 03:00:00,-2.1,,,,,86.0,0.3,2.2,0.0,32.0,1034.3,,,,10.0
2023-04-22 04:00:00,-2.9,,,,,86.0,0.5,3.0,168.0,147.0,1034.9,,,,10.0
2023-04-22 05:00:00,-2.9,,,,,86.0,3.2,5.1,147.0,155.0,1035.3,,,,10.0
2023-04-22 06:00:00,-2.7,,-0.1,,-5.0,76.0,3.4,5.5,156.0,160.0,1035.6,,,,
2023-04-22 07:00:00,-4.7,,,,,81.0,3.6,5.9,162.0,167.0,1035.9,,,,
2023-04-22 08:00:00,-3.8,,,,,91.0,3.0,4.3,141.0,149.0,1036.0,,,,100.0
2023-04-22 09:00:00,-3.1,,,,,93.0,2.0,3.8,177.0,150.0,1036.1,,,,100.0
2023-04-22 10:00:00,-2.7,,,,,92.0,1.0,2.1,145.0,156.0,1036.1,,,,100.0
2023-04-22 11:00:00,-2.6,,,,,91.0,0.2,2.3,40.0,318.0,1036.2,,,,100.0
2023-04-22 12:00:00,-2.0,,,,,88.0,1.6,3.4,14.0,22.0,1036.2,,,,100.0
2023-04-22 13:00:00,-1.9,,,,,85.0,1.3,4.4,347.0,352.0,1036.2,,,,100.0
2023-04-22 14:00:00,-1.6,,,,,83.0,1.4,3.0,348.0,350.0,1035.8,,,,100.0
2023-04-22 15:00:00,-1.1,,,,,82.0,2.1,3.9,34.0,352.0,1035.5,,,,100.0
2023-04-22 16:00:00,-0.5,0.1,,,,76.0,1.5,6.5,330.0,1.0,1035.3,,,,50.0
2023-04-22 17:00:00,-0.1,0.1,,,,75.0,1.6,3.8,290.0,309.0,1035.2,,,,
2023-04-22 20:00:00,-0.2,,,,,,2.2,,247.0,,1035.2,,,,10.0
2023-04-22 21:00:00,-0.1,0.1,,,,78.0,1.7,2.6,206.0,216.0,1035.3,,,,75.0
2023-04-22 22:00:00,-0.4,,,,,78.0,0.9,2.7,229.0,221.0,1035.4,,,,100.0
2023-04-22 23:00:00,-0.6,,,,,81.0,0.8,1.8,25.0,220.0,1034.8,,,,100.0
2023-04-23 00:00:00,-0.6,,,,,83.0,0.9,2.8,0.0,1.0,1034.6,,,,100.0
2023-04-23 01:00:00,-1.1,,,,,87.0,0.1,1.7,327.0,335.0,1034.4,,,,100.0
2023-04-23 02:00:00,-1.1,,,,,91.0,1.4,1.9,345.0,339.0,1034.2,,,,100.0
2023-04-23 03:00:00,-1.0,,,,,90.0,0.6,1.8,0.0,330.0,1034.1,,,,100.0
2023-04-23 04:00:00,-0.9,,,,,91.0,0.9,2.4,360.0,9.0,1033.5,,,,100.0
2023-04-23 05:00:00,-0.8,,,,,94.0,0.9,2.2,266.0,355.0,1032.6,,,,100.0
2023-04-23 06:00:00,-0.5,,0.7,,-1.3,94.0,1.0,1.9,305.0,281.0,1032.1,,,,100.0
2023-04-23 07:00:00,-0.3,,,,,95.0,0.9,2.3,336.0,325.0,1031.8,,,,100.0
2023-04-23 08:00:00,-0.1,0.0,,,,97.0,0.5,1.8,0.0,251.0,1031.6,,,,100.0
2023-04-23 09:00:00,0.1,0.2,,,,97.0,0.0,0.7,0.0,0.0,1031.2,,,,100.0
2023-04-23 10:00:00,0.4,1.1,,0.2,,97.0,1.0,3.1,188.0,34.0,1030.9,,,,100.0
2023-04-23 11:00:00,2.0,2.4,,1.2,,92.0,3.5,5.5,165.0,162.0,1030.8,,,,100.0
2023-04-23 12:00:00,2.4,2.6,,2.2,,90.0,4.2,6.5,166.0,160.0,1030.9,,,,100.0
2023-04-23 13:00:00,2.2,2.6,,2.1,,92.0,1.9,4.2,156.0,175.0,1031.1,,,,100.0
2023-04-23 14:00:00,2.1,2.4,,1.9,,93.0,0.4,2.0,0.0,301.0,1030.9,,,,100.0
2023-04-23 15:00:00,2.7,3.1,,2.1,,91.0,2.0,3.4,180.0,182.0,1030.6,,,,100.0
2023-04-23 16:00:00,2.2,2.9,,1.3,,92.0,0.4,2.3,0.0,321.0,1030.4,,,,100.0
2023-04-23 17:00:00,1.6,1.8,,1.3,,96.0,0.7,2.0,16.0,11.0,1030.3,,,,100.0
2023-04-23 18:00:00,1.8,2.1,3.2,1.6,-0.6,95.0,0.0,1.1,0.0,0.0,1030.2,,,,100.0
2023-04-23 19:00:00,1.7,1.9,,1.6,,96.0,0.5,1.8,332.0,355.0,1030.0,,,,100.0
2023-04-23 20:00:00,1.3,1.6,,0.8,,97.0,1.7,5.3,310.0,304.0,1030.1,,,,100.0
2023-04-23 21:00:00,0.6,0.8,,0.6,,97.0,1.0,3.0,145.0,151.0,1030.1,,,,100.0
2023-04-23 22:00:00,0.5,0.7,,0.3,,97.0,2.2,3.2,180.0,163.0,1030.1,,,,100.0
2023-04-23 23:00:00,0.6,0.7,,0.4,,96.0,2.8,4.3,170.0,164.0,1030.1,,,,100.0
2023-04-24 00:00:00,0.4,0.7,,0.3,,96.0,1.9,3.3,164.0,170.0,1030.5,,,,100.0
2023-04-24 01:00:00,0.2,0.3,,0.2,,97.0,1.4,2.5,160.0,160.0,1030.5,,,,100.0
2023-04-24 02:00:00,0.2,0.3,,0.1,,97.0,2.2,3.5,182.0,173.0,1030.7,,,,100.0
2023-04-24 03:00:00,0.1,0.1,,0.1,,97.0,3.0,3.8,175.0,177.0,1030.7,,,,100.0
2023-04-24 04:00:00,0.1,0.1,,0.1,,98.0,2.9,3.5,176.0,175.0,1031.0,,,,100.0
2023-04-24 05:00:00,0.1,0.2,,0.1,,98.0,2.3,3.5,167.0,172.0,1031.1,,,,100.0
2023-04-24 06:00:00,0.2,0.2,1.9,0.2,0.1,98.0,1.8,2.6,182.0,178.0,1031.2,,,,100.0
2023-04-24 07:00:00,0.1,0.2,,0.1,,98.0,0.7,1.8,159.0,170.0,1031.3,,,,100.0
2023-04-24 08:00:00,0.2,0.2,,0.1,,98.0,0.0,0.0,0.0,0.0,1031.5,,,,100.0
2023-04-24 09:00:00,0.3,0.6,,0.2,,98.0,0.0,0.0,0.0,0.0,1031.6,,,,100.0
2023-04-24 10:00:00,0.3,0.6,,0.1,,97.0,0.0,0.0,0.0,0.0,1031.8,,,,100.0
2023-04-24 11:00:00,0.4,0.5,,0.3,,97.0,,1.8,,,1031.5,,,,100.0
2023-04-24 12:00:00,0.3,0.5,,0.2,,98.0,1.9,2.9,355.0,360.0,1031.3,,,,100.0
2023-04-24 13:00:00,0.4,0.8,,0.2,,97.0,1.0,3.2,3.0,352.0,1031.6,,,,100.0
2023-04-24 14:00:00,0.6,0.9,,0.4,,96.0,1.3,2.3,17.0,357.0,1031.4,,,,100.0
2023-04-24 15:00:00,0.8,1.3,,0.4,,95.0,1.4,5.0,346.0,348.0,1031.3,,,,100.0
2023-04-24 16:00:00,1.1,1.4,,0.7,,93.0,2.7,5.7,349.0,348.0,1030.8,,,,90.0
2023-04-24 17:00:00,0.8,1.6,,0.3,,93.0,3.5,5.2,2.0,358.0,1030.5,,,,60.0
2023-04-24 18:00:00,1.0,1.4,1.6,0.5,0.2,92.0,3.4,4.7,358.0,355.0,1030.3,,,,
2023-04-24 19:00:00,1.2,1.7,,0.8,,90.0,3.6,4.7,358.0,355.0,1030.1,,,,
2023-04-24 20:00:00,1.3,1.6,,1.2,,89.0,4.2,8.1,5.0,5.0,1030.0,,,,
2023-04-24 21:00:00,1.3,1.9,,1.0,,88.0,4.0,8.1,8.0,8.0,1029.7,,,,
2023-04-24 22:00:00,1.2,1.6,,0.8,,89.0,3.3,6.6,11.0,12.0,1029.3,,,,10.0
2023-04-24 23:00:00,0.4,0.8,,0.2,,92.0,2.4,3.6,17.0,7.0,1029.2,,,,50.0
2023-04-25 00:00:00,0.1,0.4,,0.0,,93.0,2.1,3.5,17.0,18.0,1028.8,,,,60.0
2023-04-25 01:00:00,-0.2,0.2,,,,94.0,0.4,1.6,189.0,167.0,1028.6,,,,100.0
2023-04-25 02:00:00,0.3,2.6,,,,88.0,0.7,4.2,26.0,136.0,1028.2,,,,100.0
2023-04-25 03:00:00,1.0,1.8,,0.4,,75.0,1.2,2.7,280.0,284.0,1027.7,,,,25.0
2023-04-25 04:00:00,-0.1,0.4,,,,87.0,2.1,3.2,287.0,277.0,1027.6,,,,75.0
2023-04-25 05:00:00,0.3,0.3,,,,81.0,1.5,3.1,215.0,264.0,1027.2,,,,
2023-04-25 06:00:00,0.4,1.4,2.6,,-0.9,66.0,1.6,5.9,48.0,43.0,1027.1,,,,
2023-04-25 07:00:00,-0.3,,,,,74.0,1.2,3.1,251.0,360.0,1026.9,,,,
2023-04-25 08:00:00,-0.3,0.9,,,,66.0,2.0,5.0,276.0,51.0,1026.5,,,,
2023-04-25 09:00:00,0.1,0.1,,,,69.0,1.8,3.3,271.0,268.0,1026.4,,,,25.0
2023-04-25 10:00:00,0.3,0.8,,0.1,,65.0,0.8,2.6,286.0,270.0,1026.5,,,,40.0
2023-04-25 11:00:00,0.7,0.9,,0.2,,64.0,0.6,2.4,355.0,334.0,1026.3,,,,90.0
2023-04-25 12:00:00,0.5,0.8,,0.1,,70.0,1.2,4.2,280.0,271.0,1026.1,,,,60.0
2023-04-25 13:00:00,1.2,1.6,,0.7,,69.0,2.2,4.7,276.0,280.0,1025.7,,,,100.0
2023-04-25 14:00:00,1.9,2.4,,1.4,,63.0,2.0,5.5,274.0,280.0,1025.6,,,,100.0
2023-04-25 15:00:00,2.1,2.4,,1.3,,57.0,1.2,5.1,340.0,307.0,1025.3,,,,90.0
2023-04-25 16:00:00,2.2,2.7,,1.4,,56.0,1.0,2.2,360.0,338.0,1025.2,,,,100.0
2023-04-25 17:00:00,2.8,3.1,,2.4,,52.0,0.8,4.5,250.0,318.0,1025.0,,,,100.0
2023-04-25 18:00:00,2.9,3.4,3.4,2.3,-1.1,58.0,0.9,5.4,238.0,249.0,1025.0,,,,100.0
2023-04-25 19:00:00,1.7,2.3,,1.5,,84.0,2.5,5.4,173.0,195.0,1025.2,,,,100.0
2023-04-25 20:00:00,1.2,1.4,,0.8,,92.0,1.8,2.9,203.0,173.0,1025.0,,,,100.0
2023-04-25 21:00:00,0.7,0.8,,0.6,,96.0,1.6,2.7,172.0,179.0,1025.0,,,,100.0
2023-04-25 22:00:00,0.7,0.8,,0.5,,96.0,2.5,3.3,158.0,157.0,1025.1,,,,100.0
2023-04-25 23:00:00,0.4,0.6,,0.3,,97.0,2.7,3.3,160.0,158.0,1025.2,,,,100.0
2023-04-26 00:00:00,0.3,0.4,,0.3,,97.0,2.8,3.5,155.0,160.0,1025.1,,,,100.0
2023-04-26 01:00:00,0.3,0.4,,0.3,,97.0,2.9,3.8,177.0,167.0,1025.2,,,,100.0
2023-04-26 02:00:00,0.2,0.3,,0.2,,97.0,3.9,5.5,174.0,174.0,1025.1,,,,100.0
2023-04-26 03:00:00,0.1,0.2,,0.1,,98.0,4.2,5.6,175.0,176.0,1025.1,,,,100.0
2023-04-26 04:00:00,0.1,0.1,,0.1,,98.0,4.3,5.9,176.0,177.0,1025.2,,,,100.0
2023-04-26 05:00:00,0.1,0.1,,0.1,,98.0,4.1,5.4,171.0,172.0,1025.3,,,,100.0
2023-04-26 06:00:00,0.0,0.1,2.3,0.0,0.0,98.0,3.9,4.9,179.0,176.0,1025.4,,,,100.0
2023-04-26 07:00:00,-0.1,0.0,,,,98.0,3.6,4.5,182.0,178.0,1025.8,,,,100.0
2023-04-26 08:00:00,0.1,0.1,,,,98.0,3.3,4.1,181.0,178.0,1026.1,,,,100.0
2023-04-26 09:00:00,0.1,0.1,,0.1,,98.0,3.1,4.1,182.0,180.0,1026.1,,,,100.0
2023-04-26 10:00:00,0.1,0.2,,0.1,,97.0,3.5,4.6,187.0,181.0,1026.1,,,,100.0
2023-04-26 11:00:00,0.1,0.2,,0.1,,97.0,3.0,4.0,183.0,188.0,1026.2,,,,100.0
2023-04-26 12:00:00,0.1,0.2,,0.1,,97.0,3.0,4.1,178.0,183.0,1026.3,,,,100.0
2023-04-26 13:00:00,0.2,0.3,,0.2,,97.0,2.9,3.5,182.0,182.0,1026.5,,,,100.0
2023-04-26 14:00:00,0.3,0.4,,0.2,,97.0,3.0,3.8,184.0,184.0,1026.5,,,,100.0
2023-04-26 15:00:00,0.5,0.6,,0.3,,97.0,2.6,3.5,194.0,190.0,1026.5,,,,100.0
2023-04-26 16:00:00,0.7,0.8,,0.5,,97.0,2.4,3.3,201.0,192.0,1026.4,,,,100.0
2023-04-26 17:00:00,0.7,0.8,,0.4,,96.0,2.2,3.0,192.0,195.0,1026.3,,,,100.0
2023-04-26 18:00:00,0.6,0.7,0.8,0.5,-0.1,97.0,2.1,2.6,204.0,203.0,1026.5,,,,100.0
2023-04-26 19:00:00,0.5,0.6,,0.3,,97.0,1.9,2.8,240.0,212.0,1027.0,,,,100.0
2023-04-26 20:00:00,0.3,0.5,,0.1,,97.0,1.2,2.2,0.0,222.0,1027.1,,,,100.0
2023-04-26 21:00:00,0.5,0.6,,0.3,,97.0,0.0,0.4,0.0,0.0,1027.5,,,,100.0
2023-04-26 22:00:00,0.2,0.4,,,,97.0,0.8,6.3,0.0,308.0,1027.7,,,,100.0
2023-04-26 23:00:00,-0.4,0.1,,,,97.0,1.3,2.1,354.0,339.0,1028.0,,,,
2023-04-27 00:00:00,-0.9,,,,,98.0,1.1,1.9,330.0,346.0,1028.3,,,,100.0
2023-04-27 01:00:00,-0.4,,,,,98.0,0.5,1.9,0.0,360.0,1028.3,,,,100.0
2023-04-27 02:00:00,-0.9,,,,,98.0,0.2,1.6,0.0,120.0,1028.4,,,,100.0
2023-04-27 03:00:00,-1.1,,,,,98.0,0.2,2.1,267.0,176.0,1028.5,,,,100.0
2023-04-27 04:00:00,-1.4,,,,,98.0,0.1,1.9,0.0,188.0,1028.4,,,,90.0
2023-04-27 05:00:00,-1.7,,,,,98.0,1.4,3.1,222.0,170.0,1028.3,,,,
2023-04-27 06:00:00,-2.1,,0.7,,-2.3,98.0,1.3,3.2,147.0,170.0,1028.5,,,,90.0
2023-04-27 07:00:00,-1.6,,,,,99.0,0.3,1.6,4.0,310.0,1028.8,,,,100.0
2023-04-27 08:00:00,-1.5,,,,,98.0,1.8,3.8,2.0,1.0,1029.0,,,,100.0
2023-04-27 09:00:00,-1.3,,,,,96.0,3.1,4.8,12.0,13.0,1029.2,,,,100.0
2023-04-27 10:00:00,-0.8,,,,,94.0,2.5,4.3,3.0,11.0,1029.2,,,,100.0
2023-04-27 11:00:00,-0.6,,,,,93.0,2.5,4.7,14.0,6.0,1029.2,,,,100.0
2023-04-27 12:00:00,-0.4,,,,,90.0,1.9,4.3,327.0,360.0,1029.2,,,,100.0
2023-04-27 13:00:00,0.4,0.5,,,,88.0,0.7,2.1,203.0,273.0,1029.0,,,,100.0
2023-04-27 14:00:00,0.5,1.3,,0.1,,88.0,1.3,3.1,257.0,233.0,1028.9,,,,100.0
2023-04-27 15:00:00,1.1,1.6,,0.7,,83.0,2.0,3.3,296.0,284.0,1028.9,,,,75.0
2023-04-27 16:00:00,1.3,1.9,,0.7,,73.0,2.5,5.9,351.0,326.0,1028.7,,,,40.0
2023-04-27 17:00:00,0.8,1.3,,0.3,,72.0,4.2,6.4,352.0,348.0,1028.5,,,,10.0
2023-04-27 18:00:00,0.5,0.9,1.9,,-2.1,78.0,3.6,5.4,352.0,348.0,1028.4,,,,50.0
2023-04-27 19:00:00,0.2,0.6,,,,84.0,3.8,6.3,337.0,339.0,1028.3,,,,90.0
2023-04-27 20:00:00,-0.4,,,,,86.0,3.2,5.7,2.0,349.0,1028.4,,,,50.0
2023-04-27 21:00:00,-0.4,0.2,,,,85.0,1.9,3.6,340.0,341.0,1028.5,,,,
2023-04-27 22:00:00,-0.9,,,,,86.0,2.0,3.2,358.0,348.0,1028.5,,,,
2023-04-27 23:00:00,-1.1,,,,,87.0,1.9,3.1,11.0,10.0,1028.6,,,,
2023-04-28 00:00:00,-1.1,,,,,86.0,0.1,1.2,0.0,12.0,1028.7,,,,
2023-04-28 01:00:00,-2.5,,,,,84.0,0.5,2.1,155.0,21.0,1028.7,,,,
2023-04-28 02:00:00,-2.6,,,,,85.0,2.0,3.1,140.0,150.0,1028.7,,,,
2023-04-28 03:00:00,-2.2,,,,,83.0,1.5,3.1,90.0,139.0,1028.7,,,,
2023-04-28 04:00:00,-2.6,,,,,83.0,0.9,3.0,166.0,81.0,1028.6,,,,
2023-04-28 05:00:00,-3.4,,,,,77.0,0.2,1.9,196.0,190.0,1028.8,,,,
2023-04-28 06:00:00,-2.6,,0.6,,-3.4,72.0,0.7,3.8,88.0,92.0,1028.9,,,,
2023-04-28 07:00:00,-2.7,,,,,72.0,2.4,4.7,71.0,74.0,1029.3,,,,
2023-04-28 08:00:00,-2.4,,,,,69.0,3.1,6.0,85.0,87.0,1029.4,,,,
2023-04-28 09:00:00,-1.4,,,,,69.0,0.9,2.8,84.0,71.0,1029.8,,,,
2023-04-28 10:00:00,-1.6,,,,,61.0,3.2,6.4,331.0,68.0,1030.0,,,,
2023-04-28 11:00:00,-1.9,,,,,69.0,1.9,2.8,262.0,290.0,1030.1,,,,
2023-04-28 12:00:00,-1.2,,,,,58.0,1.8,5.8,255.0,237.0,1030.0,,,,
2023-04-28 13:00:00,0.0,0.0,,,,44.0,3.6,5.4,73.0,73.0,1029.9,,,,
2023-04-28 14:00:00,-0.4,0.0,,,,62.0,2.5,6.3,285.0,295.0,1030.1,,,,
2023-04-28 15:00:00,-0.7,0.0,,,,62.0,2.5,4.2,314.0,288.0,1030.0,,,,
2023-04-28 16:00:00,0.1,0.1,,,,55.0,2.1,5.8,318.0,330.0,1029.5,,,,
2023-04-28 17:00:00,-0.3,0.6,,,,67.0,2.6,4.6,349.0,335.0,1029.5,,,,
2023-04-28 18:00:00,0.0,0.3,0.6,,-3.4,70.0,2.7,5.6,347.0,341.0,1029.3,,,,
2023-04-28 19:00:00,0.0,0.3,,,,70.0,3.1,6.7,355.0,355.0,1029.0,,,,
2023-04-28 20:00:00,0.0,0.6,,,,68.0,3.6,8.5,6.0,3.0,1028.9,,,,
2023-04-28 21:00:00,0.1,0.3,,,,66.0,3.4,5.9,3.0,10.0,1028.7,,,,
2023-04-28 22:00:00,0.0,0.3,,,,71.0,2.9,5.4,3.0,7.0,1028.7,,,,
2023-04-28 23:00:00,0.0,0.0,,,,73.0,2.7,4.3,6.0,5.0,1028.5,,,,
2023-04-29 00:00:00,-0.7,0.0,,,,71.0,2.0,3.0,337.0,355.0,1028.6,,,,
2023-04-29 01:00:00,-1.4,,,,,79.0,0.4,2.1,0.0,20.0,1028.4,,,,
2023-04-29 02:00:00,-3.4,,,,,80.0,0.1,1.8,159.0,150.0,1028.4,,,,
2023-04-29 03:00:00,-3.8,,,,,82.0,1.4,2.0,153.0,162.0,1028.1,,,,
2023-04-29 04:00:00,-3.4,,,,,71.0,0.5,1.8,0.0,159.0,1028.0,,,,
2023-04-29 05:00:00,-2.6,,,,,71.0,0.5,2.0,0.0,32.0,1027.7,,,,
2023-04-29 06:00:00,-3.7,,0.6,,-4.4,76.0,0.1,1.1,0.0,113.0,1027.6,,,,
2023-04-29 07:00:00,-3.8,,,,,78.0,0.0,0.0,0.0,0.0,1027.6,,,,
2023-04-29 08:00:00,-2.2,,,,,70.0,1.1,5.2,56.0,68.0,1027.7,,,,
2023-04-29 09:00:00,-1.9,,,,,64.0,1.8,5.8,326.0,14.0,1027.7,,,,
2023-04-29 10:00:00,-1.7,,,,,62.0,2.2,5.6,258.0,251.0,1027.5,,,,
2023-04-29 11:00:00,-0.7,,,,,54.0,2.2,3.1,284.0,254.0,1027.2,,,,
2023-04-29 12:00:00,0.2,0.3,,,,50.0,1.8,4.5,45.0,325.0,1027.0,,,,
2023-04-29 13:00:00,0.4,1.0,,,,46.0,2.6,4.9,284.0,62.0,1026.7,,,,
2023-04-29 14:00:00,0.2,0.6,,0.0,,59.0,3.3,6.7,279.0,280.0,1026.4,,,,
2023-04-29 15:00:00,0.7,1.2,,0.3,,56.0,2.9,3.8,280.0,278.0,1026.1,,,,
2023-04-29 16:00:00,0.9,1.3,,0.4,,54.0,2.6,6.4,310.0,285.0,1025.5,,,,
2023-04-29 17:00:00,1.2,1.6,,0.8,,53.0,2.0,3.1,322.0,311.0,1025.0,,,,
2023-04-29 18:00:00,1.3,1.8,1.8,0.7,-4.2,50.0,2.2,6.5,337.0,332.0,1024.6,,,,
2023-04-29 19:00:00,2.1,2.8,,1.6,,47.0,2.2,6.8,317.0,329.0,1024.1,,,,
2023-04-29 20:00:00,2.9,3.3,,2.4,,48.0,1.5,3.2,31.0,338.0,1023.9,,,,
2023-04-29 21:00:00,4.3,4.9,,2.8,,43.0,4.6,8.0,57.0,57.0,1023.4,,,,
2023-04-29 22:00:00,4.3,4.6,,3.9,,42.0,5.9,8.1,65.0,63.0,1023.4,,,,
2023-04-29 23:00:00,3.4,3.9,,2.9,,43.0,6.8,10.2,77.0,72.0,1022.9,,,,
2023-04-30 00:00:00,2.5,3.0,,2.1,,43.0,8.5,11.8,75.0,76.0,1023.0,,,,
2023-04-30 01:00:00,1.5,2.1,,1.2,,42.0,10.1,13.5,77.0,75.0,1022.7,,,,
2023-04-30 02:00:00,1.1,1.3,,0.8,,39.0,11.1,15.8,94.0,86.0,1022.0,,,,
2023-04-30 03:00:00,0.2,0.8,,,,40.0,13.2,17.6,96.0,95.0,1021.6,,,,
2023-04-30 04:00:00,-0.5,,,,,40.0,14.4,18.7,103.0,99.0,1021.7,,,,
2023-04-30 05:00:00,-0.9,,,,,40.0,11.2,16.4,93.0,94.0,1022.0,,,,
2023-04-30 06:00:00,-1.1,,4.9,,-1.4,41.0,11.6,16.1,99.0,99.0,1021.8,,,,
2023-04-30 07:00:00,-0.9,,,,,40.0,7.4,15.9,2.0,56.0,1022.6,,,,
2023-04-30 08:00:00,-0.8,,,,,38.0,6.1,13.5,51.0,31.0,1022.7,,,,
2023-04-30 09:00:00,-0.3,,,,,37.0,5.2,12.6,20.0,44.0,1022.7,,,,
2023-04-30 10:00:00,-0.3,,,,,36.0,4.4,12.5,42.0,17.0,1022.0,,,,
2023-04-30 11:00:00,0.0,0.0,,,,39.0,15.0,20.7,94.0,94.0,1020.2,,,,
2023-04-30 12:00:00,0.5,0.9,,0.0,,38.0,15.6,20.2,96.0,95.0,1020.6,,,,
2023-04-30 13:00:00,1.3,1.8,,0.8,,39.0,14.9,19.3,95.0,96.0,1020.3,,,,
2023-04-30 14:00:00,2.3,2.8,,1.7,,40.0,14.6,18.6,98.0,96.0,1020.9,,,,
2023-04-30 15:00:00,3.4,3.8,,2.7,,39.0,10.6,14.9,94.0,96.0,1021.6,,,,
2023-04-30 16:00:00,4.2,4.6,,3.8,,40.0,7.7,11.9,81.0,85.0,1021.8,,,,
2023-04-30 17:00:00,5.0,5.3,,4.3,,38.0,7.7,12.4,95.0,92.0,1021.7,,,,
2023-04-30 18:00:00,5.2,5.4,5.4,4.9,-1.5,40.0,7.9,12.1,101.0,99.0,1022.1,,,,
2023-04-30 19:00:00,5.2,5.3,,5.1,,42.0,6.9,12.7,107.0,104.0,1022.0,,,,
2023-04-30 20:00:00,5.0,5.2,,4.9,,43.0,6.1,11.3,112.0,109.0,1022.5,,,,
2023-04-30 21:00:00,4.7,5.0,,4.3,,45.0,6.0,10.7,100.0,106.0,1022.7,,,,
2023-04-30 22:00:00,4.0,4.3,,3.7,,47.0,7.1,10.3,100.0,100.0,1023.1,,,,
2023-04-30 23:00:00,3.2,3.7,,2.7,,52.0,6.2,8.7,106.0,105.0,1023.8,,,,
2023-05-01 00:00:00,1.3,3.0,,,,69.0,5.7,9.4,197.0,153.0,1025.2,,,,40.0
2023-05-01 01:00:00,-0.6,,,,,88.0,3.3,5.5,176.0,186.0,1026.2,,,,100.0
2023-05-01 02:00:00,-0.7,,,,,86.0,2.3,4.0,207.0,195.0,1026.6,,,,100.0
2023-05-01 03:00:00,-1.1,,,,,85.0,1.8,3.8,184.0,183.0,1026.9,,,,90.0
2023-05-01 04:00:00,-1.8,,,,,85.0,1.2,2.4,65.0,132.0,1027.2,,,,10.0
2023-05-01 05:00:00,-2.2,,,,,83.0,1.9,3.3,77.0,73.0,1027.3,,,,
2023-05-01 06:00:00,-1.6,,5.4,,-2.3,63.0,2.6,6.5,359.0,43.0,1027.4,,,,
2023-05-01 07:00:00,-1.9,,,,,54.0,3.1,7.6,248.0,347.0,1027.5,,,,
2023-05-01 08:00:00,-1.7,,,,,52.0,3.2,12.3,95.0,354.0,1027.3,,,,
2023-05-01 09:00:00,-1.3,,,,,48.0,6.5,12.3,98.0,96.0,1027.6,,,,
2023-05-01 10:00:00,-0.6,,,,,47.0,5.8,10.7,86.0,88.0,1027.7,,,,
2023-05-01 11:00:00,-0.6,,,,,47.0,6.7,11.7,98.0,89.0,1027.7,,,,
2023-05-01 12:00:00,0.1,0.6,,,,46.0,6.0,10.9,97.0,94.0,1027.7,,,,
2023-05-01 13:00:00,0.7,1.2,,,,49.0,4.1,8.7,188.0,26.0,1027.6,,,,
2023-05-01 14:00:00,1.2,1.9,,0.2,,54.0,2.5,6.3,280.0,293.0,1027.6,,,,
2023-05-01 15:00:00,1.4,2.2,,0.7,,52.0,1.9,4.9,330.0,283.0,1027.2,,,,
2023-05-01 16:00:00,2.9,3.5,,2.0,,43.0,3.6,6.5,132.0,121.0,1027.0,,,,
2023-05-01 17:00:00,3.5,4.1,,3.1,,43.0,3.9,7.3,165.0,140.0,1026.9,,,,
2023-05-01 18:00:00,2.2,3.1,4.1,1.6,-2.0,58.0,2.5,4.0,304.0,299.0,1026.8,,,,
2023-05-01 19:00:00,1.4,2.2,,0.9,,65.0,2.8,4.4,3.0,341.0,1027.0,,,,
2023-05-01 20:00:00,1.3,2.0,,0.9,,63.0,2.5,4.7,355.0,353.0,1027.0,,,,
2023-05-01 21:00:00,1.4,2.3,,1.0,,63.0,2.3,3.9,15.0,5.0,1026.9,,,,
2023-05-01 22:00:00,1.3,1.4,,1.1,,66.0,2.1,3.3,345.0,357.0,1026.8,,,,
2023-05-01 23:00:00,0.9,1.2,,0.7,,69.0,1.1,2.4,0.0,341.0,1027.0,,,,
2023-05-02 00:00:00,0.9,1.2,,0.4,,71.0,0.0,0.0,0.0,0.0,1027.0,,,,
2023-05-02 01:00:00,0.5,1.5,,,,70.0,0.2,2.2,198.0,203.0,1027.1,,,,
2023-05-02 02:00:00,0.4,0.7,,,,63.0,2.8,5.7,102.0,131.0,1027.0,,,,
2023-05-02 03:00:00,0.3,0.5,,0.2,,60.0,4.9,7.2,104.0,104.0,1026.9,,,,
2023-05-02 04:00:00,-0.2,0.2,,,,57.0,6.9,9.5,99.0,100.0,1027.0,,,,
2023-05-02 05:00:00,-0.9,0.1,,,,60.0,5.5,9.2,52.0,80.0,1027.3,,,,
2023-05-02 06:00:00,-1.0,,2.3,,-1.2,62.0,5.1,9.9,52.0,60.0,1027.6,,,,
2023-05-02 07:00:00,-0.9,,,,,61.0,5.1,9.2,59.0,64.0,1028.0,,,,
2023-05-02 08:00:00,-1.5,,,,,68.0,2.1,6.8,84.0,33.0,1028.3,,,,
2023-05-02 09:00:00,-0.6,,,,,59.0,3.8,8.8,47.0,64.0,1028.2,,,,
2023-05-02 10:00:00,-0.2,,,,,55.0,3.9,8.2,69.0,57.0,1028.3,,,,
2023-05-02 11:00:00,-0.1,0.4,,,,51.0,4.8,10.0,324.0,66.0,1028.4,,,,
2023-05-02 12:00:00,0.6,1.5,,,,51.0,2.8,6.7,85.0,68.0,1028.2,,,,
2023-05-02 13:00:00,1.1,1.8,,0.2,,46.0,3.8,8.3,284.0,68.0,1028.1,,,,
2023-05-02 14:00:00,1.9,2.4,,1.1,,41.0,4.0,7.2,92.0,89.0,1028.0,,,,
2023-05-02 15:00:00,2.1,2.9,,1.6,,56.0,2.9,4.3,287.0,280.0,1027.7,,,,
2023-05-02 16:00:00,1.7,2.1,,1.4,,57.0,2.6,5.8,303.0,300.0,1027.5,,,,
2023-05-02 17:00:00,2.2,2.5,,1.7,,54.0,2.6,3.7,281.0,289.0,1027.3,,,,
2023-05-02 18:00:00,1.8,2.6,2.9,1.3,-1.6,53.0,2.0,2.9,317.0,313.0,1026.9,,,,
2023-05-02 19:00:00,1.5,2.4,,1.0,,64.0,2.3,5.8,3.0,339.0,1026.9,,,,
2023-05-02 20:00:00,1.6,2.3,,1.2,,63.0,3.1,4.5,286.0,352.0,1026.6,,,,
2023-05-02 21:00:00,1.5,2.3,,0.8,,67.0,2.3,3.4,349.0,318.0,1026.6,,,,
2023-05-02 22:00:00,1.1,1.3,,0.7,,68.0,3.1,4.2,13.0,5.0,1026.3,,,,
2023-05-02 23:00:00,0.9,1.1,,0.4,,68.0,3.1,4.1,7.0,11.0,1026.0,,,,
2023-05-03 00:00:00,0.6,1.1,,0.3,,70.0,0.5,2.0,188.0,320.0,1025.9,,,,
2023-05-03 01:00:00,1.8,2.2,,0.5,,56.0,4.0,8.1,103.0,89.0,1025.3,,,,
2023-05-03 02:00:00,1.7,1.9,,1.4,,50.0,7.9,11.5,92.0,95.0,1024.7,,,,
2023-05-03 03:00:00,1.2,1.4,,0.9,,47.0,9.6,12.1,96.0,94.0,1024.5,,,,10.0
2023-05-03 04:00:00,0.7,0.9,,0.6,,46.0,9.2,11.5,98.0,97.0,1024.3,,,,10.0
2023-05-03 05:00:00,0.4,0.6,,0.2,,45.0,9.5,12.3,97.0,97.0,1023.5,,,,75.0
2023-05-03 06:00:00,0.3,0.6,2.4,0.1,0.1,44.0,10.0,12.8,96.0,98.0,1023.1,,,,90.0
2023-05-03 07:00:00,0.2,0.3,,0.1,,43.0,10.7,13.6,99.0,98.0,1022.8,,,,50.0
2023-05-03 08:00:00,0.4,0.8,,0.1,,42.0,9.5,13.0,100.0,100.0,1022.8,,,,60.0
2023-05-03 09:00:00,0.8,1.1,,0.5,,42.0,8.8,11.7,97.0,98.0,1022.6,,,,90.0
2023-05-03 10:00:00,1.2,1.5,,0.8,,41.0,9.7,12.7,92.0,93.0,1022.1,,,,90.0
2023-05-03 11:00:00,1.6,2.1,,1.3,,40.0,10.0,13.0,94.0,92.0,1021.2,,,,90.0
2023-05-03 12:00:00,2.0,2.4,,1.3,,44.0,6.8,13.0,34.0,55.0,1021.4,,,,100.0
2023-05-03 13:00:00,2.2,3.2,,1.3,,47.0,2.8,8.8,88.0,26.0,1021.1,,,,100.0
2023-05-03 14:00:00,3.7,4.5,,3.3,,42.0,5.2,8.2,105.0,108.0,1020.2,,,,100.0
2023-05-03 15:00:00,4.8,5.1,,4.6,,41.0,4.9,7.8,110.0,103.0,1019.7,,,,100.0
2023-05-03 16:00:00,3.5,5.2,,1.4,,50.0,2.9,5.8,319.0,125.0,1019.8,,,,100.0
2023-05-03 17:00:00,1.6,1.9,,1.4,,57.0,1.2,3.8,16.0,5.0,1019.7,,,,100.0
2023-05-03 18:00:00,2.0,2.8,5.2,1.7,0.1,58.0,1.6,3.3,295.0,351.0,1019.5,,,,100.0
2023-05-03 19:00:00,2.1,2.8,,1.2,,74.0,2.7,5.5,168.0,167.0,1019.6,,,,100.0
2023-05-03 20:00:00,0.6,1.1,,0.1,,93.0,0.8,2.5,298.0,281.0,1019.5,,,,100.0
2023-05-03 21:00:00,0.0,0.2,,,,97.0,1.8,2.9,313.0,325.0,1019.7,,,,100.0
2023-05-03 22:00:00,0.1,0.2,,0.0,,98.0,0.6,2.4,0.0,339.0,1019.9,,,,100.0
2023-05-03 23:00:00,0.1,0.3,,0.1,,98.0,0.1,2.4,136.0,96.0,1020.0,,,,100.0
2023-05-04 00:00:00,0.5,0.6,,0.3,,97.0,1.9,2.9,154.0,151.0,1020.0,,,,100.0
2023-05-04 01:00:00,0.7,0.8,,0.5,,96.0,0.6,2.1,0.0,152.0,1020.1,,,,100.0
2023-05-04 02:00:00,0.4,0.7,,0.2,,96.0,0.2,1.6,175.0,161.0,1020.4,,,,100.0
2023-05-04 03:00:00,0.3,0.4,,0.2,,97.0,2.5,4.6,146.0,132.0,1020.3,,,,100.0
2023-05-04 04:00:00,0.9,1.3,,0.3,,93.0,5.0,8.7,170.0,161.0,1020.1,,,,100.0
2023-05-04 05:00:00,1.0,1.2,,0.9,,91.0,6.7,9.7,176.0,176.0,1020.6,,,,100.0
2023-05-04 06:00:00,0.6,0.8,2.8,0.4,-0.1,94.0,6.0,8.3,190.0,183.0,1021.1,,,,100.0
2023-05-04 07:00:00,0.3,0.5,,0.2,,95.0,5.6,8.2,191.0,194.0,1021.6,,,,100.0
2023-05-04 08:00:00,0.1,0.2,,0.1,,96.0,5.3,7.3,188.0,189.0,1022.3,,,,100.0
2023-05-04 09:00:00,0.1,0.1,,0.1,,96.0,4.8,6.6,192.0,194.0,1022.7,,,,100.0
2023-05-04 10:00:00,0.0,0.1,,0.0,,96.0,4.2,5.6,185.0,188.0,1023.0,,,,100.0
2023-05-04 11:00:00,0.0,0.1,,0.0,,96.0,4.3,5.8,195.0,189.0,1023.3,,,,100.0
2023-05-04 12:00:00,-1.3,,,,,97.0,3.7,5.2,229.0,220.0,1023.6,,,,100.0
2023-05-04 13:00:00,-1.4,,,,,97.0,3.1,4.5,222.0,224.0,1023.8,,,,100.0
2023-05-04 14:00:00,-1.7,,,,,96.0,3.0,4.2,229.0,228.0,1023.9,,,,100.0
2023-05-04 15:00:00,-1.6,,,,,94.0,3.0,4.5,203.0,201.0,1023.8,,,,100.0
2023-05-04 16:00:00,-1.6,,,,,91.0,3.0,4.4,202.0,214.0,1023.9,,,,100.0
2023-05-04 17:00:00,-1.7,,,,,89.0,3.0,4.4,236.0,226.0,1024.0,,,,100.0
2023-05-04 18:00:00,-1.9,,0.5,,-2.0,87.0,3.0,4.2,226.0,229.0,1024.0,,,,100.0
2023-05-04 19:00:00,-1.8,,,,,85.0,2.6,3.9,224.0,226.0,1024.2,,,,100.0
2023-05-04 20:00:00,-1.5,,,,,85.0,1.9,3.2,235.0,232.0,1024.2,,,,100.0
2023-05-04 21:00:00,-1.6,,,,,84.0,0.1,1.5,0.0,232.0,1024.1,,,,100.0
2023-05-04 22:00:00,-1.5,,,,,84.0,0.0,0.0,0.0,0.0,1024.0,,,,100.0
2023-05-04 23:00:00,-1.5,,,,,85.0,0.0,0.4,0.0,0.0,1023.9,,,,100.0
2023-05-05 00:00:00,-1.9,,,,,86.0,0.0,0.0,0.0,0.0,1023.9,,,,100.0
2023-05-05 01:00:00,-2.0,,,,,86.0,0.0,0.0,0.0,0.0,1023.6,,,,100.0
2023-05-05 02:00:00,-2.0,,,,,88.0,0.0,0.0,0.0,0.0,1023.3,,,,100.0
2023-05-05 03:00:00,-2.2,,,,,87.0,0.4,2.1,220.0,205.0,1023.0,,,,100.0
2023-05-05 04:00:00,-2.1,,,,,87.0,1.3,2.2,0.0,208.0,1022.7,,,,100.0
2023-05-05 05:00:00,-2.2,,,,,88.0,1.6,2.3,210.0,207.0,1022.5,,,,100.0
2023-05-05 06:00:00,-2.1,,-1.3,,-2.2,88.0,0.8,1.9,0.0,200.0,1022.3,,,,100.0
2023-05-05 07:00:00,-2.2,,,,,87.0,0.8,2.0,209.0,190.0,1022.2,,,,100.0
2023-05-05 08:00:00,-2.1,,,,,88.0,1.3,1.9,209.0,216.0,1021.8,,,,100.0
2023-05-05 09:00:00,-2.2,,,,,90.0,0.5,1.7,0.0,219.0,1021.6,,,,100.0
2023-05-05 10:00:00,-1.9,,,,,91.0,0.0,1.9,177.0,0.0,1020.8,,,,100.0
2023-05-05 11:00:00,-2.2,,,,,89.0,1.1,2.6,227.0,224.0,1020.3,,,,100.0
2023-05-05 12:00:00,-2.1,,,,,87.0,1.3,3.0,230.0,206.0,1019.4,,,,100.0
2023-05-05 13:00:00,-2.1,,,,,89.0,2.1,3.2,252.0,238.0,1018.8,,,,100.0
2023-05-05 14:00:00,-1.5,,,,,91.0,2.3,3.0,249.0,250.0,1018.0,,,,100.0
2023-05-05 15:00:00,-0.8,,,,,89.0,2.1,4.1,286.0,275.0,1016.9,,,,100.0
2023-05-05 16:00:00,-1.3,,,,,88.0,2.4,3.5,277.0,275.0,1016.1,,,,100.0
2023-05-05 17:00:00,-0.8,,,,,84.0,1.9,7.0,282.0,281.0,1015.0,,,,100.0
2023-05-05 18:00:00,-1.5,,-0.7,,-2.4,84.0,1.3,3.6,295.0,293.0,1014.0,,,,100.0
2023-05-05 19:00:00,-1.3,,,,,89.0,1.0,4.1,294.0,315.0,1013.2,,,,100.0
2023-05-05 20:00:00,-1.6,,,,,85.0,1.4,2.2,306.0,291.0,1012.2,,,,100.0
2023-05-05 21:00:00,-1.7,,,,,86.0,1.5,6.3,269.0,279.0,1011.4,,,,100.0
2023-05-05 22:00:00,-2.1,,,,,88.0,1.4,2.9,274.0,284.0,1010.7,,,,100.0
2023-05-05 23:00:00,-2.3,,,,,93.0,0.1,1.2,292.0,284.0,1009.9,,,,100.0
2023-05-06 00:00:00,-2.5,,,,,93.0,0.0,0.9,0.0,0.0,1009.1,,,,100.0
2023-05-06 01:00:00,-2.3,,,,,94.0,0.0,0.0,0.0,0.0,1008.4,,,,100.0
2023-05-06 02:00:00,-2.3,,,,,94.0,0.3,1.7,326.0,21.0,1007.6,,,,100.0
2023-05-06 03:00:00,-2.4,,,,,95.0,0.3,1.3,0.0,339.0,1007.2,,,,100.0
2023-05-06 04:00:00,-2.7,,,,,96.0,0.0,0.4,0.0,0.0,1006.8,,,,100.0
2023-05-06 05:00:00,-2.6,,,,,96.0,0.0,0.4,0.0,0.0,1006.5,,,,100.0
2023-05-06 06:00:00,-2.6,,-1.2,,-2.7,96.0,0.9,1.9,0.0,349.0,1006.2,,,,100.0
2023-05-06 07:00:00,-2.4,,,,,96.0,0.0,0.0,0.0,0.0,1006.0,,,,100.0
2023-05-06 08:00:00,-2.3,,,,,96.0,0.0,0.0,0.0,0.0,1005.8,,,,100.0
2023-05-06 09:00:00,-2.2,,,,,96.0,0.2,1.2,0.0,2.0,1005.6,,,,100.0
2023-05-06 10:00:00,-1.9,,,,,95.0,1.6,2.8,4.0,6.0,1005.3,,,,100.0
2023-05-06 11:00:00,-1.8,,,,,96.0,1.9,2.5,329.0,349.0,1005.1,,,,100.0
2023-05-06 12:00:00,-1.3,,,,,95.0,1.5,5.0,329.0,350.0,1004.9,,,,100.0
2023-05-06 13:00:00,-0.6,,,,,95.0,2.0,3.2,318.0,328.0,1004.6,,,,100.0
2023-05-06 14:00:00,-1.0,,,,,96.0,2.2,2.9,333.0,326.0,1004.6,,,,100.0
2023-05-06 15:00:00,-0.7,,,,,96.0,2.1,2.9,327.0,340.0,1004.4,,,,100.0
2023-05-06 16:00:00,-0.1,0.2,,,,95.0,2.0,4.0,348.0,356.0,1004.3,,,,90.0
2023-05-06 17:00:00,-0.4,0.1,,,,91.0,2.2,4.2,346.0,333.0,1004.4,,,,90.0
2023-05-06 18:00:00,-0.1,0.1,0.2,,-2.6,91.0,2.1,3.0,325.0,327.0,1004.3,,,,100.0
2023-05-06 19:00:00,0.1,0.7,,,,88.0,2.4,7.8,328.0,323.0,1004.4,,,,100.0
2023-05-06 20:00:00,-0.2,0.1,,,,90.0,2.5,3.6,343.0,336.0,1004.1,,,,100.0
2023-05-06 21:00:00,-0.1,0.0,,,,88.0,2.8,3.8,349.0,350.0,1004.1,,,,100.0
2023-05-06 22:00:00,-0.3,,,,,89.0,2.6,3.6,4.0,359.0,1004.2,,,,100.0
2023-05-06 23:00:00,-0.7,,,,,91.0,2.3,3.3,359.0,359.0,1004.1,,,,100.0
2023-05-07 00:00:00,-0.7,,,,,95.0,2.6,3.5,3.0,8.0,1004.1,,,,100.0
2023-05-07 01:00:00,-0.7,,,,,96.0,2.0,2.7,6.0,10.0,1004.1,,,,100.0
2023-05-07 02:00:00,-0.7,,,,,97.0,1.9,2.4,4.0,6.0,1003.8,,,,100.0
2023-05-07 03:00:00,-1.0,,,,,97.0,1.6,2.1,348.0,356.0,1003.6,,,,100.0
2023-05-07 04:00:00,-0.9,,,,,97.0,0.7,1.7,0.0,3.0,1003.5,,,,100.0
2023-05-07 05:00:00,-1.1,,,,,98.0,0.0,0.0,0.0,0.0,1003.4,,,,100.0
2023-05-07 06:00:00,-1.1,,0.8,,-1.1,98.0,0.0,0.0,0.0,0.0,1003.7,,,,100.0
2023-05-07 07:00:00,-0.9,,,,,98.0,0.0,0.0,0.0,0.0,1003.8,,,,100.0
2023-05-07 08:00:00,-0.8,,,,,97.0,1.5,3.2,182.0,156.0,1003.8,,,,100.0
2023-05-07 09:00:00,-0.6,,,,,97.0,2.3,3.4,181.0,174.0,1003.9,,,,100.0
2023-05-07 10:00:00,-0.3,,,,,96.0,1.9,2.7,192.0,165.0,1004.1,,,,100.0
2023-05-07 11:00:00,0.3,0.3,,,,94.0,1.0,2.3,295.0,237.0,1003.8,,,,100.0
2023-05-07 12:00:00,0.0,0.3,,,,94.0,2.0,2.8,282.0,274.0,1003.8,,,,100.0
2023-05-07 13:00:00,-0.2,0.2,,,,94.0,1.6,2.4,320.0,308.0,1004.1,,,,100.0
2023-05-07 14:00:00,-0.1,0.3,,,,94.0,1.8,2.9,308.0,305.0,1004.0,,,,100.0
2023-05-07 15:00:00,0.0,0.3,,,,94.0,1.5,2.6,310.0,307.0,1003.8,,,,100.0
2023-05-07 16:00:00,0.2,0.4,,,,94.0,2.2,3.6,336.0,337.0,1003.7,,,,100.0
2023-05-07 17:00:00,0.1,0.3,,,,93.0,2.7,3.9,8.0,358.0,1003.8,,,,100.0
2023-05-07 18:00:00,0.3,0.7,0.7,0.1,-1.1,87.0,2.9,4.4,6.0,4.0,1003.7,,,,100.0
2023-05-07 19:00:00,0.2,0.4,,,,88.0,2.4,4.1,322.0,345.0,1003.9,,,,100.0
2023-05-07 20:00:00,0.1,0.3,,,,87.0,1.5,2.9,350.0,352.0,1003.9,,,,100.0
2023-05-07 21:00:00,0.2,0.4,,,,86.0,2.3,3.4,360.0,360.0,1004.1,,,,100.0
2023-05-07 22:00:00,0.1,0.3,,,,87.0,1.5,2.6,315.0,328.0,1004.3,,,,100.0
2023-05-07 23:00:00,-0.3,0.1,,,,88.0,1.5,2.2,325.0,321.0,1004.6,,,,100.0
2023-05-08 00:00:00,-0.1,,,,,88.0,0.5,1.7,277.0,308.0,1004.9,,,,100.0
2023-05-08 01:00:00,-0.6,,,,,89.0,1.1,2.2,240.0,270.0,1005.3,,,,100.0
2023-05-08 02:00:00,-0.4,,,,,90.0,0.0,0.4,0.0,0.0,1005.3,,,,100.0
2023-05-08 03:00:00,-0.7,,,,,90.0,0.1,1.7,306.0,280.0,1005.6,,,,100.0
2023-05-08 04:00:00,-1.0,,,,,92.0,1.5,2.8,350.0,341.0,1005.6,,,,100.0
2023-05-08 05:00:00,-1.1,,,,,94.0,1.8,2.3,352.0,1.0,1005.5,,,,90.0
2023-05-08 06:00:00,-1.1,,0.4,,-1.3,95.0,1.1,2.1,288.0,329.0,1005.9,,,,100.0
2023-05-08 07:00:00,-1.1,,,,,95.0,0.4,1.6,335.0,333.0,1006.3,,,,100.0
2023-05-08 08:00:00,-0.7,,,,,93.0,1.3,1.9,5.0,6.0,1006.4,,,,100.0
2023-05-08 09:00:00,-0.8,,,,,93.0,0.8,2.5,338.0,331.0,1006.6,,,,100.0
2023-05-08 10:00:00,-0.5,,,,,92.0,1.9,3.9,350.0,355.0,1006.9,,,,100.0
2023-05-08 11:00:00,-0.3,,,,,90.0,1.7,2.4,350.0,346.0,1007.1,,,,100.0
2023-05-08 12:00:00,-0.7,0.1,,,,89.0,2.3,6.0,360.0,357.0,1007.3,,,,100.0
2023-05-08 13:00:00,-0.4,,,,,90.0,2.4,5.7,350.0,355.0,1007.6,,,,100.0
2023-05-08 14:00:00,-0.2,0.1,,,,87.0,2.7,5.4,344.0,357.0,1007.7,,,,100.0
2023-05-08 15:00:00,0.1,0.3,,,,87.0,2.6,5.4,359.0,349.0,1007.7,,,,100.0
2023-05-08 16:00:00,-0.1,0.2,,,,85.0,2.6,5.8,355.0,352.0,1007.7,,,,100.0
2023-05-08 17:00:00,-0.3,0.7,,,,85.0,2.4,4.1,338.0,343.0,1007.9,,,,100.0
2023-05-08 18:00:00,-0.3,,0.7,,-1.1,86.0,2.3,5.0,2.0,348.0,1008.1,,,,100.0
2023-05-08 19:00:00,-0.7,,,,,85.0,2.7,3.6,5.0,356.0,1008.2,,,,100.0
2023-05-08 20:00:00,-0.6,,,,,85.0,2.6,3.7,354.0,357.0,1008.3,,,,100.0
2023-05-08 21:00:00,-0.7,,,,,86.0,2.5,3.6,359.0,358.0,1008.5,,,,100.0
2023-05-08 22:00:00,-0.7,,,,,86.0,2.6,5.0,360.0,1.0,1008.6,,,,100.0
2023-05-08 23:00:00,-0.8,,,,,87.0,2.4,3.1,356.0,356.0,1008.8,,,,100.0
2023-05-09 00:00:00,-0.9,,,,,87.0,2.6,3.3,2.0,3.0,1009.1,,,,100.0
2023-05-09 01:00:00,-0.9,,,,,87.0,2.4,3.1,9.0,1.0,1009.4,,,,100.0
2023-05-09 02:00:00,-1.1,,,,,87.0,2.4,3.1,358.0,2.0,1009.6,,,,100.0
2023-05-09 03:00:00,-1.2,,,,,88.0,1.9,2.8,360.0,357.0,1009.5,,,,100.0
2023-05-09 04:00:00,-1.3,,,,,89.0,2.1,3.3,355.0,357.0,1009.7,,,,100.0
2023-05-09 05:00:00,-1.8,,,,,91.0,2.2,3.5,5.0,357.0,1009.7,,,,100.0
2023-05-09 06:00:00,-1.6,,-0.1,,-1.8,93.0,2.0,2.9,346.0,359.0,1010.0,,,,100.0
2023-05-09 07:00:00,-1.9,,,,,94.0,2.0,3.0,344.0,348.0,1010.3,,,,100.0
2023-05-09 08:00:00,-1.7,,,,,94.0,2.1,3.4,354.0,351.0,1010.5,,,,100.0
2023-05-09 09:00:00,-2.0,,,,,95.0,2.5,4.1,347.0,347.0,1010.9,,,,100.0
2023-05-09 10:00:00,-2.1,,,,,95.0,3.2,4.6,3.0,359.0,1011.2,,,,100.0
2023-05-09 11:00:00,-1.9,,,,,94.0,3.3,4.4,360.0,3.0,1011.5,,,,100.0
2023-05-09 12:00:00,-1.7,,,,,94.0,3.2,6.1,357.0,357.0,1011.8,,,,100.0
2023-05-09 13:00:00,-1.6,,,,,94.0,3.3,5.3,358.0,354.0,1012.2,,,,100.0
2023-05-09 14:00:00,-1.1,,,,,92.0,4.0,5.2,356.0,358.0,1012.3,,,,100.0
2023-05-09 15:00:00,-0.9,,,,,87.0,4.2,6.3,356.0,358.0,1012.3,,,,100.0
2023-05-09 16:00:00,-0.3,0.2,,,,81.0,4.0,6.5,355.0,353.0,1012.5,,,,100.0
2023-05-09 17:00:00,-0.2,0.6,,,,79.0,3.8,5.5,339.0,347.0,1012.6,,,,100.0
2023-05-09 18:00:00,-0.3,,0.6,,-2.1,78.0,3.6,6.2,340.0,343.0,1012.9,,,,100.0
2023-05-09 19:00:00,-0.8,0.2,,,,78.0,3.9,5.7,352.0,352.0,1013.2,,,,100.0
2023-05-09 20:00:00,-0.8,,,,,78.0,3.8,7.7,360.0,355.0,1013.2,,,,100.0
2023-05-09 21:00:00,-0.3,,,,,78.0,3.7,6.3,356.0,359.0,1013.3,,,,100.0
2023-05-09 22:00:00,-1.1,,,,,79.0,3.3,5.7,352.0,356.0,1013.6,,,,100.0
2023-05-09 23:00:00,-1.2,,,,,79.0,3.0,4.3,353.0,351.0,1013.7,,,,100.0
2023-05-10 00:00:00,-1.1,,,,,80.0,2.8,4.3,347.0,351.0,1013.7,,,,100.0
2023-05-10 01:00:00,-1.1,,,,,81.0,2.3,3.1,346.0,349.0,1013.9,,,,100.0
2023-05-10 02:00:00,-1.4,,,,,82.0,2.7,4.5,353.0,350.0,1013.9,,,,100.0
2023-05-10 03:00:00,-1.6,,,,,83.0,3.6,5.1,353.0,354.0,1014.0,,,,100.0
2023-05-10 04:00:00,-1.6,,,,,82.0,3.7,5.2,360.0,358.0,1013.9,,,,100.0
2023-05-10 05:00:00,-1.7,,,,,82.0,3.6,5.3,357.0,355.0,1013.8,,,,100.0
2023-05-10 06:00:00,-1.8,,0.3,,-1.8,82.0,3.7,5.2,360.0,356.0,1013.8,,,,100.0
2023-05-10 07:00:00,-1.7,,,,,82.0,3.6,4.8,358.0,359.0,1013.7,,,,100.0
2023-05-10 08:00:00,-1.7,,,,,82.0,3.6,5.5,348.0,353.0,1013.4,,,,100.0
2023-05-10 09:00:00,-1.5,,,,,82.0,3.7,5.4,350.0,349.0,1013.2,,,,100.0
2023-05-10 10:00:00,-1.1,,,,,81.0,4.2,6.4,358.0,354.0,1012.9,,,,100.0
2023-05-10 11:00:00,-1.1,,,,,80.0,4.4,6.5,356.0,359.0,1012.6,,,,100.0
2023-05-10 12:00:00,-0.9,0.7,,,,77.0,4.6,6.6,8.0,4.0,1012.1,,,,100.0
2023-05-10 13:00:00,-0.4,,,,,74.0,4.6,7.3,14.0,13.0,1011.7,,,,100.0
2023-05-10 14:00:00,-0.3,,,,,71.0,4.4,7.4,19.0,18.0,1011.0,,,,100.0
2023-05-10 15:00:00,0.0,0.4,,,,70.0,5.2,6.6,9.0,10.0,1010.2,,,,100.0
2023-05-10 16:00:00,-0.3,1.1,,,,69.0,5.3,7.4,6.0,6.0,1009.2,,,,100.0
2023-05-10 17:00:00,-0.8,0.1,,,,71.0,6.4,8.7,350.0,3.0,1008.0,,,,100.0
2023-05-10 18:00:00,-0.6,,1.1,,-1.8,74.0,6.6,9.2,345.0,347.0,1006.9,,,,100.0
2023-05-10 19:00:00,-0.7,,,,,74.0,7.6,11.1,348.0,346.0,1005.7,,,,60.0
2023-05-10 20:00:00,-0.4,,,,,71.0,8.3,11.6,6.0,358.0,1004.6,,,,
2023-05-10 21:00:00,-0.5,,,,,68.0,9.5,12.7,5.0,6.0,1003.4,,,,
2023-05-10 22:00:00,-0.9,,,,,69.0,9.1,12.4,1.0,3.0,1003.3,,,,
2023-05-10 23:00:00,-1.2,,,,,71.0,8.3,12.1,355.0,359.0,1003.3,,,,
2023-05-11 00:00:00,-1.8,,,,,77.0,7.2,10.0,349.0,348.0,1003.3,,,,
2023-05-11 01:00:00,-1.8,,,,,78.0,6.7,9.9,351.0,352.0,1003.2,,,,50.0
2023-05-11 02:00:00,-1.8,,,,,74.0,6.4,9.5,6.0,4.0,1003.0,,,,60.0
2023-05-11 03:00:00,-2.2,,,,,76.0,7.9,10.1,6.0,6.0,1002.8,,,,100.0
2023-05-11 04:00:00,-2.4,,,,,76.0,8.0,10.7,357.0,1.0,1002.6,,,,100.0
2023-05-11 05:00:00,-2.4,,,,,73.0,5.5,8.4,18.0,6.0,1002.3,,,,100.0
2023-05-11 06:00:00,-2.6,,-0.2,,-2.7,75.0,5.1,7.2,17.0,16.0,1002.2,,,,100.0
2023-05-11 07:00:00,-2.5,,,,,75.0,5.8,7.8,13.0,15.0,1002.4,,,,100.0
2023-05-11 08:00:00,-2.6,,,,,74.0,5.7,7.7,2.0,7.0,1002.2,,,,100.0
2023-05-11 09:00:00,-2.6,,,,,70.0,6.6,8.9,4.0,3.0,1001.9,,,,100.0
2023-05-11 10:00:00,-2.5,,,,,70.0,6.6,9.1,6.0,6.0,1001.8,,,,100.0
2023-05-11 11:00:00,-2.4,,,,,70.0,7.3,9.8,6.0,8.0,1001.3,,,,100.0
2023-05-11 12:00:00,-2.4,,,,,68.0,7.3,10.1,5.0,6.0,1000.9,,,,100.0
2023-05-11 13:00:00,-2.2,,,,,68.0,6.9,9.3,2.0,6.0,1000.6,,,,90.0
2023-05-11 14:00:00,-1.9,,,,,68.0,7.2,9.9,360.0,3.0,999.9,,,,100.0
2023-05-11 15:00:00,-1.7,,,,,67.0,7.3,9.9,6.0,2.0,999.6,,,,100.0
2023-05-11 16:00:00,-2.1,,,,,74.0,7.4,9.8,6.0,6.0,999.2,,,,100.0
2023-05-11 17:00:00,-1.9,,,,,76.0,8.0,10.6,2.0,6.0,998.6,,,,100.0
2023-05-11 18:00:00,-1.7,0.2,0.2,,-2.8,76.0,8.5,11.1,5.0,5.0,998.4,,,,90.0
2023-05-11 19:00:00,-1.8,,,,,76.0,7.3,10.0,358.0,2.0,998.7,,,,100.0
2023-05-11 20:00:00,-1.9,,,,,78.0,6.7,9.4,3.0,4.0,999.3,,,,100.0
2023-05-11 21:00:00,-2.4,,,,,81.0,7.6,10.7,350.0,351.0,999.7,,,,100.0
2023-05-11 22:00:00,-3.2,,,,,90.0,8.3,11.9,351.0,350.0,1000.1,,,,100.0
2023-05-11 23:00:00,-2.9,,,,,89.0,8.0,11.6,353.0,351.0,1000.5,,,,100.0
2023-05-12 00:00:00,-3.1,,,,,90.0,7.8,11.1,354.0,352.0,1001.1,,,,100.0
2023-05-12 01:00:00,-3.2,,,,,90.0,7.6,10.9,359.0,357.0,1001.6,,,,100.0
2023-05-12 02:00:00,-3.4,,,,,91.0,6.8,9.2,359.0,359.0,1002.0,,,,100.0
2023-05-12 03:00:00,-3.2,,,,,92.0,6.2,9.0,2.0,360.0,1002.2,,,,100.0
2023-05-12 04:00:00,-3.1,,,,,92.0,6.0,7.9,2.0,4.0,1002.4,,,,100.0
2023-05-12 05:00:00,-3.0,,,,,92.0,5.2,6.9,2.0,4.0,1002.6,,,,90.0
2023-05-12 06:00:00,-3.3,,-0.3,,-3.6,92.0,4.5,6.0,29.0,21.0,1003.1,,,,100.0
2023-05-12 07:00:00,-2.9,,,,,88.0,3.8,4.9,27.0,29.0,1003.5,,,,100.0
2023-05-12 08:00:00,-2.8,,,,,86.0,3.6,4.9,25.0,32.0,1003.9,,,,100.0
2023-05-12 09:00:00,-2.8,,,,,87.0,3.6,4.8,24.0,26.0,1004.2,,,,100.0
2023-05-12 10:00:00,-2.4,,,,,85.0,3.7,5.4,28.0,28.0,1004.5,,,,100.0
2023-05-12 11:00:00,-1.9,,,,,82.0,3.9,5.4,34.0,29.0,1004.9,,,,100.0
2023-05-12 12:00:00,-1.8,,,,,78.0,4.8,6.8,21.0,20.0,1005.2,,,,50.0
2023-05-12 13:00:00,-1.4,,,,,77.0,4.9,6.4,20.0,20.0,1005.4,,,,60.0
2023-05-12 14:00:00,-0.9,,,,,73.0,4.9,6.8,16.0,18.0,1005.5,,,,75.0
2023-05-12 15:00:00,-0.8,,,,,71.0,4.7,6.9,17.0,12.0,1005.5,,,,10.0
2023-05-12 16:00:00,-0.3,0.1,,,,66.0,4.2,6.5,21.0,23.0,1005.5,,,,90.0
2023-05-12 17:00:00,-0.3,0.1,,,,66.0,3.2,6.2,349.0,1.0,1005.8,,,,100.0
2023-05-12 18:00:00,-0.4,0.0,0.2,,-3.3,66.0,2.7,6.2,345.0,345.0,1006.0,,,,10.0
2023-05-12 19:00:00,-0.2,,,,,64.0,2.5,5.7,340.0,339.0,1006.3,,,,
2023-05-12 20:00:00,-0.5,,,,,64.0,2.4,3.4,331.0,332.0,1006.5,,,,50.0
2023-05-12 21:00:00,-0.7,,,,,64.0,2.4,6.4,315.0,325.0,1007.0,,,,100.0
2023-05-12 22:00:00,-1.1,,,,,66.0,2.8,4.4,322.0,329.0,1007.3,,,,100.0
2023-05-12 23:00:00,-1.4,,,,,67.0,2.3,3.8,329.0,326.0,1007.8,,,,100.0
2023-05-13 00:00:00,-1.6,,,,,64.0,2.0,3.6,313.0,321.0,1008.2,,,,100.0
2023-05-13 01:00:00,-1.7,,,,,70.0,2.2,3.3,337.0,317.0,1008.4,,,,100.0
2023-05-13 02:00:00,-1.7,,,,,69.0,0.7,2.0,0.0,317.0,1008.5,,,,100.0
2023-05-13 03:00:00,-1.7,,,,,68.0,0.3,1.8,72.0,358.0,1008.6,,,,100.0
2023-05-13 04:00:00,-1.8,,,,,71.0,0.3,1.1,0.0,182.0,1008.7,,,,100.0
2023-05-13 05:00:00,-1.7,,,,,69.0,1.0,2.7,56.0,59.0,1009.0,,,,100.0
2023-05-13 06:00:00,-1.8,,-0.1,,-1.9,72.0,0.0,0.4,0.0,0.0,1009.2,,,,100.0
2023-05-13 07:00:00,-1.9,,,,,76.0,0.0,0.0,0.0,0.0,1009.7,,,,100.0
2023-05-13 08:00:00,-1.9,,,,,80.0,0.2,2.0,168.0,185.0,1010.0,,,,100.0
2023-05-13 09:00:00,-2.3,,,,,83.0,1.0,2.1,220.0,192.0,1010.5,,,,100.0
2023-05-13 10:00:00,-2.6,,,,,89.0,1.0,2.1,240.0,257.0,1011.0,,,,100.0
2023-05-13 11:00:00,-2.6,,,,,93.0,2.3,4.1,201.0,222.0,1011.4,,,,100.0
2023-05-13 12:00:00,-1.8,,,,,89.0,2.9,3.9,203.0,197.0,1011.7,,,,100.0
2023-05-13 13:00:00,-1.7,,,,,85.0,3.0,4.4,213.0,200.0,1012.1,,,,100.0
2023-05-13 14:00:00,-0.9,,,,,80.0,2.6,3.9,200.0,196.0,1012.3,,,,100.0
2023-05-13 15:00:00,-1.6,,,,,78.0,2.8,4.3,202.0,207.0,1012.4,,,,100.0
2023-05-13 16:00:00,-1.3,,,,,73.0,2.4,3.7,211.0,210.0,1012.3,,,,100.0
2023-05-13 17:00:00,-0.9,,,,,71.0,1.8,3.5,317.0,270.0,1012.3,,,,100.0
2023-05-13 18:00:00,-1.1,,-0.3,,-2.8,70.0,1.9,3.1,344.0,319.0,1012.3,,,,100.0
2023-05-13 19:00:00,-0.7,,,,,71.0,2.1,4.5,204.0,210.0,1012.2,,,,100.0
2023-05-13 20:00:00,-1.3,,,,,75.0,3.1,5.8,178.0,193.0,1012.3,,,,100.0
2023-05-13 21:00:00,-1.2,,,,,88.0,3.9,5.8,185.0,184.0,1012.3,,,,100.0
2023-05-13 22:00:00,-1.5,,,,,88.0,4.1,5.5,183.0,184.0,1012.3,,,,100.0
2023-05-13 23:00:00,-1.9,,,,,89.0,4.1,5.9,169.0,171.0,1012.3,,,,100.0
2023-05-14 00:00:00,-1.9,,,,,88.0,3.4,4.7,152.0,161.0,1012.2,,,,90.0
2023-05-14 01:00:00,-2.4,,,,,91.0,3.4,5.5,166.0,169.0,1012.2,,,,100.0
2023-05-14 02:00:00,-2.5,,,,,91.0,4.3,6.2,171.0,168.0,1011.9,,,,100.0
2023-05-14 03:00:00,-2.6,,,,,91.0,4.4,5.7,174.0,174.0,1011.6,,,,100.0
2023-05-14 04:00:00,-3.2,,,,,93.0,4.9,7.4,222.0,195.0,1011.5,,,,100.0
2023-05-14 05:00:00,-3.2,,,,,91.0,5.1,7.5,221.0,220.0,1011.6,,,,100.0
2023-05-14 06:00:00,-3.3,,-0.2,,-3.3,88.0,4.0,6.0,216.0,221.0,1011.6,,,,100.0
2023-05-14 07:00:00,-3.6,,,,,87.0,2.9,4.4,218.0,207.0,1011.6,,,,100.0
2023-05-14 08:00:00,-4.3,,,,,88.0,1.8,3.0,138.0,166.0,1011.5,,,,100.0
2023-05-14 09:00:00,-3.7,,,,,88.0,1.8,2.7,156.0,147.0,1011.5,,,,100.0
2023-05-14 10:00:00,-3.3,,,,,86.0,1.8,2.6,153.0,151.0,1011.5,,,,100.0
2023-05-14 11:00:00,-3.2,,,,,85.0,2.3,3.7,156.0,158.0,1011.5,,,,100.0
2023-05-14 12:00:00,-3.3,,,,,84.0,3.0,4.0,161.0,158.0,1011.4,,,,100.0
2023-05-14 13:00:00,-3.4,,,,,82.0,2.4,3.4,134.0,144.0,1011.3,,,,100.0
2023-05-14 14:00:00,-3.2,,,,,84.0,1.6,2.7,150.0,136.0,1011.1,,,,100.0
2023-05-14 15:00:00,-2.2,,,,,79.0,0.4,1.9,0.0,149.0,1010.9,,,,100.0
2023-05-14 16:00:00,-2.6,,,,,80.0,1.3,2.9,300.0,286.0,1010.8,,,,100.0
2023-05-14 17:00:00,-2.8,,,,,79.0,2.1,2.9,329.0,332.0,1010.7,,,,90.0
2023-05-14 18:00:00,-2.2,,-1.1,,-4.6,77.0,2.5,3.8,351.0,339.0,1010.6,,,,100.0
2023-05-14 19:00:00,-1.9,,,,,75.0,3.0,4.5,3.0,353.0,1010.5,,,,100.0
2023-05-14 20:00:00,-1.8,,,,,75.0,3.4,4.6,360.0,356.0,1010.2,,,,25.0
2023-05-14 21:00:00,-1.4,,,,,76.0,3.3,4.6,1.0,359.0,1010.2,,,,
2023-05-14 22:00:00,-1.7,,,,,76.0,3.4,4.8,4.0,360.0,1010.1,,,,
2023-05-14 23:00:00,-1.6,,,,,77.0,3.7,4.8,5.0,7.0,1009.9,,,,
2023-05-15 00:00:00,-1.5,,,,,75.0,3.1,4.5,6.0,6.0,1009.8,,,,
2023-05-15 01:00:00,-1.7,,,,,70.0,2.3,3.5,44.0,20.0,1009.7,,,,
2023-05-15 02:00:00,-3.1,,,,,71.0,1.4,2.7,124.0,107.0,1009.6,,,,
2023-05-15 03:00:00,-2.7,,,,,68.0,1.8,2.8,123.0,132.0,1009.3,,,,
2023-05-15 04:00:00,-3.6,,,,,64.0,1.9,4.5,145.0,138.0,1009.1,,,,10.0
2023-05-15 05:00:00,-4.1,,,,,68.0,0.3,2.1,0.0,134.0,1008.8,,,,50.0
2023-05-15 06:00:00,-3.4,,-1.4,,-4.4,70.0,0.0,0.0,0.0,0.0,1008.6,,,,
2023-05-15 07:00:00,-2.9,,,,,66.0,0.6,3.9,92.0,331.0,1008.2,,,,60.0
2023-05-15 08:00:00,-2.7,,,,,59.0,4.1,8.4,68.0,56.0,1007.6,,,,10.0
2023-05-15 09:00:00,-1.5,,,,,52.0,4.0,7.4,15.0,34.0,1006.9,,,,
2023-05-15 10:00:00,-1.7,,,,,54.0,3.2,6.1,317.0,17.0,1006.5,,,,
2023-05-15 11:00:00,0.3,0.4,,,,56.0,1.3,2.5,294.0,322.0,1005.9,,,,25.0
2023-05-15 12:00:00,0.3,0.6,,,,44.0,2.8,5.0,61.0,73.0,1005.1,,,,10.0
2023-05-15 13:00:00,0.9,1.3,,0.3,,41.0,2.4,4.1,65.0,63.0,1004.7,,,,
2023-05-15 14:00:00,0.5,0.9,,0.1,,53.0,2.5,5.4,346.0,335.0,1004.0,,,,40.0
2023-05-15 15:00:00,0.6,0.9,,0.3,,56.0,3.3,6.0,355.0,347.0,1003.5,,,,25.0
2023-05-15 16:00:00,1.1,1.8,,0.7,,58.0,3.6,7.0,353.0,349.0,1002.9,,,,10.0
2023-05-15 17:00:00,1.1,1.5,,0.7,,59.0,4.6,6.6,9.0,3.0,1002.4,,,,90.0
2023-05-15 18:00:00,1.3,1.6,1.9,1.1,-3.4,60.0,4.1,5.7,347.0,358.0,1002.0,,,,100.0
2023-05-15 19:00:00,1.2,1.6,,0.9,,64.0,3.7,5.5,356.0,355.0,1001.7,,,,90.0
2023-05-15 20:00:00,1.4,1.7,,1.2,,65.0,4.2,6.3,357.0,358.0,1001.1,,,,90.0
2023-05-15 21:00:00,1.4,1.9,,1.1,,67.0,3.5,6.2,350.0,351.0,1001.2,,,,10.0
2023-05-15 22:00:00,0.8,1.2,,0.6,,73.0,2.8,4.8,1.0,354.0,1001.3,,,,25.0
2023-05-15 23:00:00,0.6,0.8,,0.4,,75.0,2.5,3.9,5.0,10.0,1001.4,,,,100.0
2023-05-16 00:00:00,0.3,0.6,,0.2,,77.0,2.2,3.9,2.0,359.0,1001.8,,,,10.0
2023-05-16 01:00:00,0.1,0.3,,,,78.0,1.8,2.9,352.0,1.0,1002.0,,,,
2023-05-16 02:00:00,-1.8,,,,,84.0,0.8,2.4,159.0,123.0,1002.3,,,,90.0
2023-05-16 03:00:00,-2.6,,,,,88.0,1.8,2.6,150.0,154.0,1002.5,,,,90.0
2023-05-16 04:00:00,-2.9,,,,,85.0,2.1,2.8,136.0,145.0,1002.7,,,,75.0
2023-05-16 05:00:00,-2.8,,,,,83.0,2.1,2.9,153.0,148.0,1003.0,,,,100.0
2023-05-16 06:00:00,-2.1,,2.0,,-3.2,79.0,1.8,2.9,150.0,142.0,1003.0,,,,90.0
2023-05-16 07:00:00,-1.2,,,,,77.0,1.4,2.7,17.0,137.0,1002.8,,,,100.0
2023-05-16 08:00:00,-0.7,,,,,78.0,2.2,4.0,26.0,16.0,1002.8,,,,100.0
2023-05-16 09:00:00,0.0,0.0,,,,74.0,2.6,4.0,1.0,6.0,1002.5,,,,100.0
2023-05-16 10:00:00,0.1,0.4,,,,67.0,3.3,4.9,348.0,360.0,1002.4,,,,
2023-05-16 11:00:00,0.3,0.6,,,,68.0,4.2,7.4,6.0,359.0,1002.3,,,,
2023-05-16 12:00:00,0.6,1.3,,0.2,,67.0,5.6,8.2,359.0,360.0,1002.0,,,,
2023-05-16 13:00:00,0.8,1.3,,0.5,,70.0,5.7,8.1,352.0,357.0,1001.9,,,,
2023-05-16 14:00:00,0.9,1.2,,0.4,,73.0,5.8,8.1,351.0,352.0,1001.7,,,,
2023-05-16 15:00:00,0.9,1.2,,0.7,,74.0,5.9,7.9,353.0,353.0,1001.3,,,,25.0
2023-05-16 16:00:00,1.4,2.4,,0.8,,72.0,5.3,8.3,356.0,351.0,1001.2,,,,
2023-05-16 17:00:00,1.4,1.7,,1.2,,72.0,5.0,7.5,352.0,353.0,1000.9,,,,
2023-05-16 18:00:00,1.7,2.3,2.4,1.3,-2.2,71.0,4.8,7.7,352.0,349.0,1000.7,,,,
2023-05-16 19:00:00,1.5,1.9,,1.3,,71.0,4.9,7.2,354.0,351.0,1000.5,,,,
2023-05-16 20:00:00,1.5,2.0,,1.3,,71.0,5.0,7.4,354.0,355.0,1000.4,,,,
2023-05-16 21:00:00,1.2,2.3,,1.0,,73.0,5.1,8.0,359.0,356.0,1000.6,,,,
2023-05-16 22:00:00,1.0,1.2,,0.8,,74.0,4.4,7.7,356.0,3.0,1000.6,,,,
2023-05-16 23:00:00,0.7,0.9,,0.4,,78.0,4.2,6.2,6.0,7.0,1000.5,,,,
2023-05-17 00:00:00,0.3,0.4,,0.2,,80.0,3.9,5.7,359.0,4.0,1000.5,,,,
2023-05-17 01:00:00,0.1,0.2,,,,81.0,3.7,5.3,22.0,17.0,1000.6,,,,
2023-05-17 02:00:00,-0.3,,,,,80.0,3.4,6.4,346.0,356.0,1000.6,,,,
2023-05-17 03:00:00,-0.6,,,,,82.0,2.9,5.8,332.0,347.0,1000.5,,,,
2023-05-17 04:00:00,-0.6,,,,,81.0,3.1,5.9,344.0,339.0,1000.6,,,,
2023-05-17 05:00:00,-0.7,,,,,83.0,3.2,5.6,15.0,6.0,1000.6,,,,
2023-05-17 06:00:00,-1.8,,2.3,,-1.8,82.0,2.0,4.3,0.0,25.0,1000.8,,,,
2023-05-17 07:00:00,-1.5,,,,,82.0,0.2,1.8,0.0,153.0,1001.0,,,,
2023-05-17 08:00:00,-1.6,,,,,83.0,1.4,2.3,149.0,149.0,1001.1,,,,
2023-05-17 09:00:00,0.1,0.1,,,,79.0,1.8,2.3,152.0,150.0,1001.0,,,,
2023-05-17 10:00:00,0.2,0.4,,,,74.0,2.2,3.3,194.0,170.0,1001.0,,,,
2023-05-17 11:00:00,0.1,0.4,,,,81.0,2.3,3.6,208.0,198.0,1001.2,,,,75.0
2023-05-17 12:00:00,0.2,0.4,,,,80.0,1.4,3.3,179.0,187.0,1001.2,,,,90.0
2023-05-17 13:00:00,0.3,0.7,,,,80.0,2.5,4.3,257.0,249.0,1001.0,,,,90.0
2023-05-17 14:00:00,0.7,1.6,,0.0,,79.0,3.3,5.0,239.0,245.0,1000.9,,,,90.0
2023-05-17 15:00:00,1.5,2.2,,0.6,,75.0,3.3,7.1,289.0,262.0,1000.6,,,,75.0
2023-05-17 16:00:00,1.0,1.9,,0.3,,76.0,2.2,5.2,329.0,317.0,999.9,,,,10.0
2023-05-17 17:00:00,1.0,1.4,,0.7,,73.0,2.3,3.2,337.0,326.0,999.6,,,,10.0
2023-05-17 18:00:00,1.3,1.6,2.2,0.8,-2.3,73.0,2.6,3.6,350.0,336.0,999.3,,,,
2023-05-17 19:00:00,1.3,1.5,,1.1,,75.0,3.1,4.3,354.0,352.0,998.8,,,,
2023-05-17 20:00:00,1.4,1.8,,1.1,,76.0,3.5,4.8,356.0,353.0,998.3,,,,100.0
2023-05-17 21:00:00,1.3,1.8,,1.1,,78.0,3.3,6.4,358.0,1.0,997.9,,,,60.0
2023-05-17 22:00:00,1.4,1.8,,1.1,,77.0,3.2,4.5,4.0,2.0,997.5,,,,100.0
2023-05-17 23:00:00,1.3,1.7,,1.1,,78.0,2.9,4.4,14.0,5.0,997.1,,,,100.0
2023-05-18 00:00:00,1.4,1.7,,1.1,,77.0,2.8,4.4,342.0,1.0,996.6,,,,90.0
2023-05-18 01:00:00,1.1,1.4,,0.7,,82.0,2.4,3.4,6.0,354.0,996.3,,,,100.0
2023-05-18 02:00:00,1.2,1.7,,0.9,,81.0,0.1,1.8,0.0,171.0,996.2,,,,100.0
2023-05-18 03:00:00,1.1,1.3,,0.9,,81.0,0.3,1.9,287.0,226.0,996.2,,,,100.0
2023-05-18 04:00:00,0.9,1.0,,0.7,,83.0,0.6,1.9,2.0,325.0,996.1,,,,90.0
2023-05-18 05:00:00,0.5,0.8,,0.2,,85.0,0.6,2.1,0.0,334.0,996.0,,,,90.0
2023-05-18 06:00:00,0.3,0.9,1.8,0.1,0.1,87.0,0.8,2.0,144.0,159.0,996.0,,,,90.0
2023-05-18 07:00:00,2.8,3.2,,1.2,,65.0,6.4,9.5,97.0,90.0,995.7,,,,100.0
2023-05-18 08:00:00,2.8,3.3,,2.6,,61.0,8.4,11.2,93.0,96.0,995.5,,,,100.0
2023-05-18 09:00:00,2.6,3.2,,1.8,,70.0,6.1,11.1,313.0,39.0,996.4,,,,100.0
2023-05-18 10:00:00,1.4,2.2,,1.0,,85.0,2.7,4.8,336.0,338.0,996.6,,,,100.0
2023-05-18 11:00:00,1.2,1.4,,1.1,,91.0,2.1,4.2,312.0,320.0,997.0,,,,90.0
2023-05-18 12:00:00,1.3,1.8,,1.0,,90.0,0.6,5.1,246.0,298.0,997.0,,,,100.0
2023-05-18 13:00:00,2.2,2.7,,1.6,,85.0,1.7,3.5,273.0,259.0,997.2,,,,90.0
2023-05-18 14:00:00,2.5,3.0,,1.9,,82.0,2.0,2.7,322.0,298.0,997.3,,,,100.0
2023-05-18 15:00:00,2.2,2.6,,1.7,,82.0,1.4,2.4,357.0,329.0,997.3,,,,100.0
2023-05-18 16:00:00,2.1,2.5,,1.8,,80.0,2.1,6.5,336.0,345.0,997.1,,,,100.0
2023-05-18 17:00:00,1.9,2.2,,1.7,,84.0,2.7,3.8,330.0,341.0,996.7,,,,90.0
2023-05-18 18:00:00,2.2,2.8,3.3,1.8,1.0,84.0,2.7,5.8,355.0,343.0,996.1,,,,100.0
2023-05-18 19:00:00,2.3,2.8,,2.0,,82.0,3.1,5.2,360.0,354.0,995.4,,,,60.0
2023-05-18 20:00:00,2.5,2.8,,2.2,,79.0,4.1,5.8,5.0,3.0,994.1,,,,
2023-05-18 21:00:00,2.8,3.6,,2.4,,74.0,4.9,6.7,4.0,4.0,992.6,,,,
2023-05-18 22:00:00,2.9,3.7,,2.4,,74.0,3.9,6.2,1.0,360.0,991.2,,,,
2023-05-18 23:00:00,3.3,3.9,,2.9,,72.0,3.2,5.0,336.0,348.0,990.0,,,,
2023-05-19 00:00:00,2.9,3.6,,2.5,,77.0,2.5,3.3,19.0,5.0,988.3,,,,
2023-05-19 01:00:00,2.4,3.3,,2.1,,80.0,1.3,3.2,1.0,338.0,986.7,,,,
2023-05-19 02:00:00,3.7,4.4,,2.6,,70.0,2.5,4.7,5.0,6.0,985.2,,,,40.0
2023-05-19 03:00:00,2.9,4.5,,1.5,,71.0,1.4,3.2,358.0,87.0,983.7,,,,60.0
2023-05-19 04:00:00,3.8,5.0,,1.9,,59.0,3.2,11.9,102.0,53.0,981.7,,,,90.0
2023-05-19 05:00:00,4.8,5.2,,4.7,,49.0,8.6,13.0,104.0,99.0,981.6,,,,50.0
2023-05-19 06:00:00,5.3,5.6,5.6,4.9,1.5,53.0,7.5,12.0,132.0,118.0,981.2,,,,90.0
2023-05-19 07:00:00,5.4,5.7,,5.2,,59.0,6.6,12.4,105.0,122.0,980.2,,,,100.0
2023-05-19 08:00:00,5.8,6.4,,5.3,,56.0,6.7,9.9,77.0,75.0,978.7,,,,90.0
2023-05-19 09:00:00,6.5,6.7,,6.3,,49.0,6.9,10.0,97.0,93.0,977.5,,,,90.0
2023-05-19 10:00:00,6.3,6.6,,6.1,,47.0,7.2,10.3,96.0,101.0,977.3,,,,60.0
2023-05-19 11:00:00,6.8,7.1,,6.5,,45.0,6.9,13.2,96.0,94.0,976.6,,,,
2023-05-19 12:00:00,7.0,7.4,,6.7,,43.0,6.4,10.0,116.0,97.0,976.3,,,,
2023-05-19 13:00:00,7.7,8.1,,7.3,,43.0,5.6,8.3,130.0,125.0,976.1,,,,
2023-05-19 14:00:00,8.4,8.8,,7.9,,41.0,4.0,6.7,143.0,147.0,976.0,,,,
2023-05-19 15:00:00,7.1,9.2,,4.2,,52.0,4.5,7.6,218.0,198.0,976.1,,,,50.0
2023-05-19 16:00:00,4.3,4.9,,3.5,,71.0,4.7,7.9,205.0,204.0,977.1,,,,100.0
2023-05-19 17:00:00,3.5,3.7,,3.2,,75.0,4.3,6.1,184.0,191.0,977.3,,,,100.0
2023-05-19 18:00:00,3.8,4.1,9.2,3.5,3.2,74.0,4.8,7.5,192.0,184.0,977.9,,,,100.0
2023-05-19 19:00:00,3.1,3.7,,2.6,,80.0,7.0,10.1,192.0,193.0,978.8,,,,90.0
2023-05-19 20:00:00,1.7,2.6,,0.8,,88.0,8.4,11.4,187.0,187.0,979.7,,,,100.0
2023-05-19 21:00:00,0.3,0.8,,,,92.0,8.9,11.5,187.0,186.0,981.5,,,,100.0
2023-05-19 22:00:00,-0.8,,,,,95.0,8.0,10.2,192.0,192.0,982.5,,,,100.0
2023-05-19 23:00:00,-1.0,,,,,95.0,8.5,11.2,186.0,188.0,983.6,,,,100.0
2023-05-20 00:00:00,-1.2,,,,,96.0,9.2,12.0,185.0,185.0,984.7,,,,100.0
2023-05-20 01:00:00,-1.5,,,,,96.0,9.3,12.3,185.0,185.0,985.7,,,,100.0
2023-05-20 02:00:00,-1.6,,,,,96.0,9.8,13.6,186.0,186.0,986.5,,,,100.0
2023-05-20 03:00:00,-1.6,,,,,95.0,10.4,13.6,188.0,188.0,987.4,,,,100.0
2023-05-20 04:00:00,-1.7,,,,,93.0,10.1,13.6,189.0,190.0,988.1,,,,100.0
2023-05-20 05:00:00,-1.7,,,,,94.0,9.6,12.9,193.0,193.0,988.9,,,,100.0
2023-05-20 06:00:00,-1.7,,3.7,,-1.8,94.0,8.6,13.7,200.0,199.0,990.3,,,,100.0
2023-05-20 07:00:00,-1.8,,,,,94.0,8.8,12.7,194.0,195.0,991.0,,,,100.0
2023-05-20 08:00:00,-1.9,,,,,94.0,8.8,12.8,198.0,198.0,991.8,,,,100.0
2023-05-20 09:00:00,-1.9,,,,,92.0,8.3,12.3,196.0,198.0,992.5,,,,100.0
2023-05-20 10:00:00,-1.8,,,,,93.0,8.9,12.0,196.0,195.0,993.3,,,,100.0
2023-05-20 11:00:00,-1.7,,,,,93.0,8.6,12.2,196.0,198.0,994.1,,,,100.0
2023-05-20 12:00:00,-1.7,,,,,93.0,9.2,12.8,194.0,195.0,994.9,,,,100.0
2023-05-20 13:00:00,-1.7,,,,,93.0,9.1,12.5,200.0,197.0,995.7,,,,100.0
2023-05-20 14:00:00,-1.6,,,,,93.0,9.0,13.8,202.0,201.0,996.4,,,,100.0
2023-05-20 15:00:00,-1.4,,,,,93.0,7.9,11.9,206.0,201.0,997.0,,,,100.0
2023-05-20 16:00:00,-1.2,,,,,92.0,7.4,10.4,209.0,206.0,997.7,,,,100.0
2023-05-20 17:00:00,-1.1,,,,,91.0,7.1,9.9,204.0,205.0,998.3,,,,100.0
2023-05-20 18:00:00,-1.3,,-1.1,,-2.1,91.0,6.3,10.8,201.0,202.0,998.7,,,,100.0
2023-05-20 19:00:00,-1.4,,,,,91.0,6.4,9.5,199.0,201.0,999.1,,,,100.0
2023-05-20 20:00:00,-1.2,,,,,92.0,5.1,7.2,197.0,195.0,999.4,,,,100.0
2023-05-20 21:00:00,-1.2,,,,,92.0,4.7,6.6,194.0,197.0,999.8,,,,100.0
2023-05-20 22:00:00,-1.2,,,,,89.0,5.0,6.9,198.0,198.0,1000.0,,,,100.0
2023-05-20 23:00:00,-1.2,,,,,88.0,4.7,6.3,200.0,197.0,1000.3,,,,90.0
2023-05-21 00:00:00,-1.3,,,,,85.0,4.6,7.0,202.0,199.0,1000.7,,,,90.0
2023-05-21 01:00:00,-1.5,,,,,84.0,4.5,6.6,212.0,209.0,1000.8,,,,100.0
2023-05-21 02:00:00,-2.0,,,,,88.0,4.2,6.3,203.0,204.0,1001.3,,,,100.0
2023-05-21 03:00:00,-2.1,,,,,93.0,3.7,5.4,193.0,197.0,1001.5,,,,100.0
2023-05-21 04:00:00,-2.3,,,,,94.0,3.2,7.1,218.0,210.0,1001.8,,,,100.0
2023-05-21 05:00:00,-2.6,,,,,95.0,2.5,4.1,249.0,246.0,1002.3,,,,100.0
2023-05-21 06:00:00,-2.8,,-1.1,,-2.8,91.0,3.0,4.4,238.0,243.0,1002.7,,,,100.0
2023-05-21 07:00:00,-3.0,,,,,91.0,3.1,4.6,229.0,232.0,1003.2,,,,100.0
2023-05-21 08:00:00,-3.1,,,,,89.0,3.2,4.7,202.0,206.0,1003.6,,,,100.0
2023-05-21 09:00:00,-2.9,,,,,87.0,3.6,5.4,188.0,195.0,1004.0,,,,100.0
2023-05-21 10:00:00,-2.7,,,,,85.0,4.4,6.4,205.0,200.0,1004.3,,,,100.0
2023-05-21 11:00:00,-2.3,,,,,83.0,4.9,6.8,205.0,203.0,1004.6,,,,90.0
2023-05-21 12:00:00,-2.2,,,,,81.0,5.3,7.1,213.0,213.0,1005.1,,,,100.0
2023-05-21 13:00:00,-1.9,,,,,83.0,5.3,7.4,222.0,216.0,1005.6,,,,100.0
2023-05-21 14:00:00,-1.9,,,,,75.0,5.3,7.0,230.0,223.0,1005.7,,,,100.0
2023-05-21 15:00:00,-2.2,,,,,76.0,5.3,7.0,221.0,224.0,1006.3,,,,100.0
2023-05-21 16:00:00,-2.1,,,,,77.0,5.9,8.6,220.0,214.0,1006.3,,,,100.0
2023-05-21 17:00:00,-2.1,,,,,75.0,6.1,8.5,219.0,219.0,1006.5,,,,100.0
2023-05-21 18:00:00,-2.0,,-1.5,,-3.2,74.0,5.7,8.0,227.0,224.0,1006.6,,,,100.0
2023-05-21 19:00:00,-2.1,,,,,72.0,5.5,7.9,221.0,216.0,1006.8,,,,100.0
2023-05-21 20:00:00,-2.1,,,,,71.0,4.8,6.5,206.0,219.0,1007.1,,,,100.0
2023-05-21 21:00:00,-2.2,,,,,72.0,4.5,6.2,194.0,206.0,1007.3,,,,100.0
2023-05-21 22:00:00,-2.3,,,,,71.0,3.6,5.3,193.0,194.0,1007.2,,,,100.0
2023-05-21 23:00:00,-2.5,,,,,74.0,3.4,4.6,186.0,190.0,1007.3,,,,100.0
2023-05-22 00:00:00,-2.6,,,,,74.0,2.8,4.6,197.0,185.0,1007.2,,,,100.0
2023-05-22 01:00:00,-3.0,,,,,76.0,3.2,4.3,153.0,155.0,1007.1,,,,100.0
2023-05-22 02:00:00,-3.1,,,,,77.0,2.7,3.5,141.0,165.0,1006.8,,,,100.0
2023-05-22 03:00:00,-3.2,,,,,73.0,3.0,4.3,155.0,164.0,1006.2,,,,100.0
2023-05-22 04:00:00,-3.0,,,,,72.0,2.7,4.4,125.0,138.0,1005.9,,,,100.0
2023-05-22 05:00:00,-2.9,,,,,71.0,2.6,3.8,90.0,97.0,1005.2,,,,100.0
2023-05-22 06:00:00,-2.8,,-1.8,,-3.4,69.0,2.2,3.5,71.0,85.0,1004.5,,,,100.0
2023-05-22 07:00:00,-2.6,,,,,72.0,3.2,5.0,40.0,45.0,1003.6,,,,100.0
2023-05-22 08:00:00,-2.3,,,,,70.0,3.6,5.0,24.0,33.0,1002.5,,,,50.0
2023-05-22 09:00:00,-2.1,,,,,71.0,3.3,5.0,42.0,35.0,1001.5,,,,
2023-05-22 10:00:00,-1.6,,,,,66.0,2.5,3.6,41.0,52.0,1000.5,,,,
2023-05-22 11:00:00,-1.3,,,,,65.0,1.7,3.6,57.0,43.0,999.5,,,,
2023-05-22 12:00:00,-1.2,,,,,58.0,0.6,4.5,8.0,48.0,998.6,,,,
2023-05-22 13:00:00,-0.6,,,,,52.0,3.7,6.6,34.0,25.0,997.1,,,,
2023-05-22 14:00:00,-0.4,,,,,52.0,4.5,6.7,1.0,11.0,995.5,,,,
2023-05-22 15:00:00,-0.3,0.5,,,,54.0,5.4,11.6,9.0,2.0,993.7,,,,
2023-05-22 16:00:00,-0.4,0.4,,,,59.0,8.6,12.0,7.0,6.0,992.2,,,,
2023-05-22 17:00:00,-0.1,0.7,,,,57.0,9.7,13.4,7.0,9.0,990.7,,,,
2023-05-22 18:00:00,0.2,0.4,0.8,,-2.8,57.0,9.7,13.8,7.0,3.0,989.4,,,,
2023-05-22 19:00:00,0.5,0.9,,0.2,,59.0,9.8,14.3,2.0,6.0,988.4,,,,
2023-05-22 20:00:00,0.7,1.7,,0.5,,58.0,9.1,12.7,4.0,2.0,987.9,,,,
2023-05-22 21:00:00,0.5,0.9,,0.2,,64.0,8.5,12.2,352.0,354.0,987.8,,,,
2023-05-22 22:00:00,0.2,0.3,,0.1,,70.0,7.8,11.9,352.0,351.0,988.3,,,,
2023-05-22 23:00:00,0.0,0.2,,,,70.0,6.9,9.6,352.0,353.0,988.9,,,,
2023-05-23 00:00:00,-0.1,0.1,,,,69.0,6.2,9.1,352.0,357.0,989.6,,,,
2023-05-23 01:00:00,-0.3,,,,,72.0,4.3,6.8,18.0,1.0,990.6,,,,
2023-05-23 02:00:00,-1.7,,,,,74.0,2.2,4.5,96.0,48.0,991.6,,,,
2023-05-23 03:00:00,-3.2,,,,,79.0,2.5,3.8,151.0,144.0,992.6,,,,40.0
2023-05-23 04:00:00,-1.8,,,,,83.0,4.9,7.5,168.0,166.0,993.2,,,,10.0
2023-05-23 05:00:00,-1.8,,,,,81.0,6.2,8.5,173.0,178.0,993.9,,,,50.0
2023-05-23 06:00:00,-1.6,,1.7,,-4.4,76.0,6.6,10.6,163.0,167.0,995.0,,,,100.0
2023-05-23 07:00:00,-1.9,,,,,79.0,7.1,10.9,162.0,166.0,995.8,,,,100.0
2023-05-23 08:00:00,-1.8,,,,,85.0,8.6,12.1,167.0,165.0,996.3,,,,100.0
2023-05-23 09:00:00,-1.5,,,,,88.0,9.2,13.3,172.0,167.0,996.7,,,,100.0
2023-05-23 10:00:00,-0.8,,,,,92.0,9.2,12.5,176.0,172.0,997.3,,,,100.0
2023-05-23 11:00:00,-0.6,,,,,90.0,9.2,12.2,198.0,188.0,998.5,,,,100.0
2023-05-23 12:00:00,-1.3,,,,,87.0,9.1,13.8,212.0,215.0,1000.4,,,,100.0
2023-05-23 13:00:00,-3.0,,,,,93.0,11.0,18.0,230.0,220.0,1003.0,,,,100.0
2023-05-23 14:00:00,-3.1,,,,,91.0,9.2,13.0,227.0,227.0,1005.1,,,,100.0
2023-05-23 15:00:00,-3.1,,,,,83.0,8.5,11.7,223.0,223.0,1006.5,,,,100.0
2023-05-23 16:00:00,-3.1,,,,,82.0,8.9,13.3,226.0,224.0,1007.9,,,,90.0
2023-05-23 17:00:00,-2.9,,,,,78.0,8.0,11.2,210.0,219.0,1008.8,,,,90.0
2023-05-23 18:00:00,-3.2,,-0.3,,-4.4,88.0,7.4,11.2,212.0,212.0,1010.2,,,,100.0
2023-05-23 19:00:00,-3.3,,,,,81.0,7.5,11.2,220.0,216.0,1011.2,,,,100.0
2023-05-23 20:00:00,-3.2,,,,,72.0,8.3,12.2,218.0,220.0,1012.0,,,,100.0
2023-05-23 21:00:00,-3.3,,,,,70.0,6.9,10.8,221.0,221.0,1012.8,,,,100.0
2023-05-23 22:00:00,-3.9,,,,,79.0,5.4,7.9,204.0,213.0,1013.6,,,,100.0
2023-05-23 23:00:00,-3.8,,,,,87.0,3.4,4.9,188.0,187.0,1014.1,,,,100.0
2023-05-24 00:00:00,-3.2,,,,,81.0,3.4,6.2,176.0,202.0,1014.5,,,,90.0
2023-05-24 01:00:00,-3.7,,,,,78.0,5.6,8.5,161.0,166.0,1014.7,,,,100.0
2023-05-24 02:00:00,-3.7,,,,,79.0,5.0,7.1,139.0,144.0,1015.0,,,,100.0
2023-05-24 03:00:00,-3.5,,,,,73.0,5.1,7.3,130.0,126.0,1015.0,,,,100.0
2023-05-24 04:00:00,-3.7,,,,,70.0,5.9,8.3,106.0,112.0,1014.8,,,,100.0
2023-05-24 05:00:00,-3.1,,,,,67.0,6.3,9.2,108.0,105.0,1014.6,,,,100.0
2023-05-24 06:00:00,-3.3,,-3.0,,-4.1,69.0,8.3,11.9,100.0,101.0,1014.5,,,,100.0
2023-05-24 07:00:00,-3.0,,,,,69.0,8.1,11.5,100.0,101.0,1014.6,,,,100.0
2023-05-24 08:00:00,-2.7,,,,,68.0,7.3,10.5,106.0,103.0,1014.9,,,,100.0
2023-05-24 09:00:00,-2.4,,,,,66.0,6.3,9.2,105.0,105.0,1015.3,,,,100.0
2023-05-24 10:00:00,-2.3,,,,,67.0,5.5,8.5,113.0,107.0,1015.5,,,,100.0
2023-05-24 11:00:00,-1.9,,,,,68.0,4.9,6.8,91.0,100.0,1015.6,,,,100.0
2023-05-24 12:00:00,-1.4,,,,,63.0,4.9,7.4,90.0,91.0,1015.5,,,,100.0
2023-05-24 13:00:00,-0.7,,,,,60.0,5.6,8.1,94.0,87.0,1015.1,,,,90.0
2023-05-24 14:00:00,-0.4,,,,,58.0,7.3,9.7,101.0,98.0,1014.9,,,,90.0
2023-05-24 15:00:00,0.2,0.7,,,,55.0,6.7,9.2,94.0,97.0,1015.0,,,,90.0
2023-05-24 16:00:00,1.3,2.3,,0.6,,51.0,3.7,7.4,6.0,49.0,1015.0,,,,90.0
2023-05-24 17:00:00,1.7,2.5,,1.2,,49.0,2.6,5.3,91.0,116.0,1015.0,,,,100.0
2023-05-24 18:00:00,1.5,2.1,2.6,0.8,-3.3,51.0,2.8,5.0,336.0,35.0,1015.2,,,,100.0
2023-05-24 19:00:00,1.1,1.4,,0.7,,54.0,3.2,4.2,355.0,353.0,1015.3,,,,100.0
2023-05-24 20:00:00,1.3,1.6,,1.0,,56.0,3.4,5.7,355.0,355.0,1015.5,,,,100.0
2023-05-24 21:00:00,1.4,1.7,,1.2,,54.0,2.9,6.3,352.0,354.0,1015.7,,,,100.0
2023-05-24 22:00:00,1.7,2.3,,1.3,,55.0,2.2,3.8,111.0,45.0,1016.0,,,,100.0
2023-05-24 23:00:00,1.6,1.9,,1.3,,46.0,3.5,5.7,93.0,94.0,1016.3,,,,90.0
2023-05-25 00:00:00,1.3,1.5,,0.3,,48.0,3.8,6.0,36.0,79.0,1016.5,,,,90.0
2023-05-25 01:00:00,0.8,1.1,,0.3,,51.0,3.7,7.2,96.0,62.0,1016.7,,,,90.0
2023-05-25 02:00:00,0.7,1.2,,0.4,,50.0,4.5,7.5,82.0,68.0,1017.0,,,,
2023-05-25 03:00:00,0.0,0.6,,,,52.0,5.5,9.4,95.0,77.0,1017.0,,,,
2023-05-25 04:00:00,-0.4,,,,,51.0,7.3,10.4,81.0,85.0,1017.1,,,,
2023-05-25 05:00:00,-1.3,,,,,50.0,9.4,11.9,96.0,94.0,1017.0,,,,
2023-05-25 06:00:00,-1.8,,2.3,,-1.9,50.0,10.5,13.1,95.0,95.0,1017.1,,,,
2023-05-25 07:00:00,-2.6,,,,,51.0,10.7,13.4,94.0,95.0,1017.4,,,,
2023-05-25 08:00:00,-1.9,,,,,47.0,11.1,14.0,92.0,95.0,1017.6,,,,
2023-05-25 09:00:00,-0.7,,,,,43.0,8.5,12.9,71.0,81.0,1017.7,,,,
2023-05-25 10:00:00,-0.1,0.1,,,,39.0,6.4,11.3,50.0,72.0,1017.9,,,,
2023-05-25 11:00:00,0.3,0.4,,,,38.0,5.0,9.3,98.0,93.0,1017.7,,,,
2023-05-25 12:00:00,0.3,0.7,,,,38.0,4.0,8.2,102.0,104.0,1017.7,,,,
2023-05-25 13:00:00,1.2,1.8,,0.5,,42.0,2.6,5.6,277.0,312.0,1017.7,,,,
2023-05-25 14:00:00,1.4,2.0,,0.7,,47.0,2.2,4.8,275.0,267.0,1017.5,,,,
2023-05-25 15:00:00,1.7,2.4,,0.9,,41.0,2.3,5.3,62.0,279.0,1016.9,,,,
2023-05-25 16:00:00,2.3,2.9,,1.4,,42.0,2.3,5.3,228.0,130.0,1016.3,,,,
2023-05-25 17:00:00,2.9,3.3,,2.5,,42.0,4.6,6.8,86.0,91.0,1015.9,,,,
2023-05-25 18:00:00,2.9,3.4,3.4,2.4,-2.7,52.0,2.6,3.9,292.0,286.0,1015.6,,,,
2023-05-25 19:00:00,2.6,2.9,,2.3,,50.0,2.3,4.0,317.0,306.0,1015.2,,,,
2023-05-25 20:00:00,2.3,2.8,,1.9,,53.0,2.3,3.7,314.0,315.0,1015.0,,,,
2023-05-25 21:00:00,2.0,2.3,,1.8,,54.0,2.2,3.2,328.0,332.0,1014.5,,,,
2023-05-25 22:00:00,2.2,2.4,,1.9,,52.0,1.9,2.8,358.0,331.0,1014.3,,,,
2023-05-25 23:00:00,2.0,2.4,,1.6,,55.0,1.3,2.3,18.0,8.0,1013.9,,,,
2023-05-26 00:00:00,2.7,3.3,,2.2,,55.0,2.0,5.6,101.0,143.0,1013.4,,,,
2023-05-26 01:00:00,3.0,3.3,,2.8,,49.0,5.1,7.0,103.0,102.0,1013.1,,,,
2023-05-26 02:00:00,2.3,2.8,,1.8,,55.0,6.1,8.7,103.0,105.0,1013.3,,,,75.0
2023-05-26 03:00:00,1.9,2.4,,1.6,,53.0,5.9,9.1,120.0,116.0,1013.5,,,,100.0
2023-05-26 04:00:00,1.2,1.7,,0.4,,55.0,4.9,8.9,194.0,126.0,1014.3,,,,100.0
2023-05-26 05:00:00,-0.4,0.3,,,,79.0,3.9,5.8,209.0,200.0,1014.1,,,,100.0
2023-05-26 06:00:00,-1.1,,3.3,,-1.1,87.0,2.7,4.2,238.0,234.0,1014.2,,,,100.0
2023-05-26 07:00:00,-0.6,,,,,81.0,0.8,2.0,258.0,249.0,1014.2,,,,100.0
2023-05-26 08:00:00,-0.3,,,,,73.0,1.9,5.5,34.0,357.0,1013.9,,,,75.0
2023-05-26 09:00:00,0.0,0.4,,,,57.0,2.4,4.4,224.0,77.0,1013.7,,,,75.0
2023-05-26 10:00:00,0.2,0.6,,,,67.0,1.7,2.4,287.0,280.0,1013.5,,,,90.0
2023-05-26 11:00:00,0.9,1.5,,0.4,,66.0,1.8,6.3,310.0,308.0,1013.5,,,,40.0
2023-05-26 12:00:00,0.6,1.3,,0.2,,71.0,1.8,3.8,330.0,326.0,1013.1,,,,60.0
2023-05-26 13:00:00,0.3,0.6,,0.1,,71.0,1.6,3.7,342.0,339.0,1012.8,,,,50.0
2023-05-26 14:00:00,0.4,0.8,,0.1,,72.0,1.6,2.3,8.0,337.0,1012.7,,,,90.0
2023-05-26 15:00:00,0.7,0.9,,0.4,,69.0,1.4,4.0,350.0,359.0,1012.5,,,,90.0
2023-05-26 16:00:00,0.9,1.7,,0.6,,69.0,3.1,5.1,5.0,1.0,1012.4,,,,100.0
2023-05-26 17:00:00,0.8,1.1,,0.5,,79.0,3.3,4.5,306.0,343.0,1012.8,,,,100.0
2023-05-26 18:00:00,0.1,0.9,1.7,,-1.2,92.0,2.4,4.1,50.0,357.0,1012.7,,,,100.0
2023-05-26 19:00:00,0.4,1.1,,,,96.0,1.8,3.9,127.0,129.0,1012.5,,,,100.0
2023-05-26 20:00:00,1.7,2.6,,1.0,,89.0,4.6,9.6,121.0,131.0,1012.0,,,,100.0
2023-05-26 21:00:00,2.2,2.7,,1.8,,85.0,7.2,10.6,125.0,124.0,1012.1,,,,100.0
2023-05-26 22:00:00,1.8,2.0,,1.6,,88.0,6.5,9.0,129.0,125.0,1012.2,,,,100.0
2023-05-26 23:00:00,1.7,1.9,,1.6,,88.0,6.4,8.9,129.0,130.0,1012.2,,,,100.0
2023-05-27 00:00:00,1.4,1.6,,1.2,,90.0,6.6,9.1,132.0,131.0,1012.0,,,,100.0
2023-05-27 01:00:00,1.4,1.7,,1.2,,89.0,7.1,11.2,136.0,130.0,1011.8,,,,100.0
2023-05-27 02:00:00,1.4,1.6,,1.3,,89.0,7.2,11.1,140.0,136.0,1011.4,,,,100.0
2023-05-27 03:00:00,1.4,1.4,,1.2,,90.0,6.4,10.0,142.0,138.0,1010.9,,,,100.0
2023-05-27 04:00:00,1.4,1.6,,1.2,,90.0,5.7,8.7,145.0,142.0,1010.5,,,,100.0
2023-05-27 05:00:00,1.5,1.6,,1.4,,90.0,5.8,8.4,152.0,151.0,1010.1,,,,100.0
2023-05-27 06:00:00,1.3,1.6,2.7,1.2,-0.2,91.0,5.0,8.0,148.0,150.0,1009.7,,,,100.0
2023-05-27 07:00:00,1.1,1.3,,1.1,,91.0,4.0,6.0,142.0,147.0,1009.1,,,,100.0
2023-05-27 08:00:00,1.4,1.6,,1.2,,89.0,3.2,5.1,115.0,126.0,1008.0,,,,100.0
2023-05-27 09:00:00,1.5,2.1,,1.3,,87.0,4.5,7.0,118.0,113.0,1006.7,,,,100.0
2023-05-27 10:00:00,1.7,1.9,,1.7,,86.0,6.5,9.2,116.0,118.0,1005.6,,,,100.0
2023-05-27 11:00:00,1.8,1.9,,1.6,,87.0,5.1,8.7,136.0,126.0,1004.7,,,,100.0
2023-05-27 12:00:00,1.5,1.7,,1.3,,90.0,4.3,6.2,156.0,152.0,1004.1,,,,100.0
2023-05-27 13:00:00,0.6,1.3,,0.4,,94.0,3.7,5.8,163.0,161.0,1004.0,,,,100.0
2023-05-27 14:00:00,0.6,0.8,,0.5,,96.0,4.8,7.4,179.0,179.0,1004.2,,,,100.0
2023-05-27 15:00:00,1.0,1.3,,0.8,,95.0,5.5,9.2,162.0,170.0,1004.1,,,,100.0
2023-05-27 16:00:00,1.7,2.2,,1.1,,88.0,6.8,15.3,160.0,153.0,1003.9,,,,100.0
2023-05-27 17:00:00,0.8,1.4,,,,93.0,8.9,13.9,226.0,190.0,1005.4,,,,100.0
2023-05-27 18:00:00,-1.8,,2.2,,-1.9,86.0,11.4,16.0,216.0,219.0,1008.8,,,,100.0
2023-05-27 19:00:00,-2.3,,,,,75.0,12.6,18.3,219.0,220.0,1011.1,,,,90.0
2023-05-27 20:00:00,-2.2,,,,,67.0,11.2,16.4,212.0,216.0,1013.1,,,,10.0
2023-05-27 21:00:00,-2.7,,,,,65.0,10.0,14.1,222.0,221.0,1014.6,,,,60.0
2023-05-27 22:00:00,-2.8,,,,,65.0,8.3,11.9,217.0,218.0,1015.3,,,,10.0
2023-05-27 23:00:00,-2.6,,,,,66.0,7.9,10.6,208.0,217.0,1016.0,,,,90.0
2023-05-28 00:00:00,-2.8,,,,,66.0,6.0,8.8,198.0,199.0,1016.5,,,,100.0
2023-05-28 01:00:00,-3.1,,,,,67.0,4.8,6.3,191.0,200.0,1016.6,,,,100.0
2023-05-28 02:00:00,-3.3,,,,,65.0,5.1,7.2,197.0,199.0,1016.6,,,,100.0
2023-05-28 03:00:00,-3.3,,,,,63.0,4.7,7.2,185.0,196.0,1016.5,,,,100.0
2023-05-28 04:00:00,-3.4,,,,,66.0,4.0,5.8,167.0,182.0,1016.2,,,,100.0
2023-05-28 05:00:00,-3.7,,,,,71.0,4.0,5.6,148.0,153.0,1015.8,,,,100.0
2023-05-28 06:00:00,-3.9,,-1.6,,-4.0,74.0,3.4,6.1,193.0,174.0,1015.7,,,,100.0
2023-05-28 07:00:00,-4.2,,,,,84.0,2.7,3.9,145.0,145.0,1015.5,,,,100.0
2023-05-28 08:00:00,-3.7,,,,,79.0,2.9,3.8,131.0,141.0,1015.3,,,,100.0
2023-05-28 09:00:00,-3.5,,,,,72.0,2.6,4.1,101.0,113.0,1015.3,,,,100.0
2023-05-28 10:00:00,-3.7,,,,,71.0,3.4,5.4,101.0,103.0,1015.2,,,,100.0
2023-05-28 11:00:00,-3.2,,,,,71.0,3.4,4.6,138.0,129.0,1015.2,,,,100.0
2023-05-28 12:00:00,-3.2,,,,,71.0,3.8,5.8,131.0,139.0,1014.9,,,,100.0
2023-05-28 13:00:00,-2.2,,,,,63.0,3.4,4.9,156.0,126.0,1014.9,,,,100.0
2023-05-28 14:00:00,-1.4,,,,,59.0,2.7,4.2,178.0,163.0,1015.0,,,,100.0
2023-05-28 15:00:00,-1.1,,,,,60.0,2.5,4.7,254.0,222.0,1014.9,,,,100.0
2023-05-28 16:00:00,-1.4,,,,,61.0,2.8,4.5,295.0,286.0,1015.2,,,,100.0
2023-05-28 17:00:00,-1.5,,,,,60.0,1.8,5.0,307.0,308.0,1015.4,,,,100.0
2023-05-28 18:00:00,-1.6,,-0.8,,-4.3,60.0,2.0,7.1,351.0,326.0,1015.7,,,,100.0
2023-05-28 19:00:00,-1.2,,,,,59.0,2.1,3.5,344.0,328.0,1016.1,,,,100.0
2023-05-28 20:00:00,-1.0,,,,,56.0,1.8,3.0,305.0,312.0,1016.1,,,,100.0
2023-05-28 21:00:00,-1.0,,,,,54.0,1.6,3.4,295.0,307.0,1016.3,,,,100.0
2023-05-28 22:00:00,-1.4,,,,,55.0,1.8,3.1,265.0,280.0,1016.5,,,,100.0
2023-05-28 23:00:00,-1.4,,,,,56.0,1.3,2.5,236.0,265.0,1016.4,,,,100.0
2023-05-29 00:00:00,-1.9,,,,,56.0,1.5,2.9,213.0,234.0,1016.5,,,,100.0
2023-05-29 01:00:00,-2.0,,,,,57.0,1.0,2.9,163.0,181.0,1016.3,,,,100.0
2023-05-29 02:00:00,-2.2,,,,,56.0,2.1,3.6,124.0,126.0,1016.1,,,,100.0
2023-05-29 03:00:00,-2.4,,,,,55.0,2.2,3.2,118.0,119.0,1015.5,,,,100.0
2023-05-29 04:00:00,-2.5,,,,,56.0,1.8,3.9,70.0,103.0,1014.9,,,,100.0
2023-05-29 05:00:00,-2.7,,,,,58.0,2.2,3.4,78.0,95.0,1014.3,,,,100.0
2023-05-29 06:00:00,-2.7,,-0.8,,-2.8,57.0,2.2,3.8,70.0,63.0,1013.4,,,,90.0
2023-05-29 07:00:00,-2.8,,,,,58.0,2.6,4.3,56.0,59.0,1012.4,,,,50.0
2023-05-29 08:00:00,-3.1,,,,,57.0,2.7,3.8,52.0,53.0,1011.4,,,,
2023-05-29 09:00:00,-3.1,,,,,54.0,2.8,4.6,359.0,27.0,1010.6,,,,
2023-05-29 10:00:00,-3.2,,,,,51.0,3.7,5.7,354.0,356.0,1009.5,,,,
2023-05-29 11:00:00,-2.7,,,,,47.0,2.8,5.2,66.0,34.0,1008.5,,,,
2023-05-29 12:00:00,-2.3,,,,,44.0,2.1,4.1,322.0,44.0,1008.0,,,,
2023-05-29 13:00:00,-1.8,,,,,49.0,2.1,3.9,318.0,317.0,1007.1,,,,
2023-05-29 14:00:00,-1.1,,,,,51.0,2.5,3.8,322.0,329.0,1006.5,,,,
2023-05-29 15:00:00,-0.3,,,,,51.0,2.6,7.1,286.0,313.0,1006.3,,,,
2023-05-29 16:00:00,-1.1,,,,,55.0,2.5,5.3,257.0,271.0,1006.1,,,,
2023-05-29 17:00:00,-0.6,,,,,56.0,2.2,4.8,285.0,283.0,1005.9,,,,50.0
2023-05-29 18:00:00,0.2,0.9,0.9,,-3.4,52.0,2.9,4.3,271.0,270.0,1006.2,,,,90.0
2023-05-29 19:00:00,0.6,1.1,,0.0,,50.0,2.9,4.0,214.0,256.0,1006.8,,,,90.0
2023-05-29 20:00:00,0.2,0.7,,,,54.0,2.2,4.1,141.0,164.0,1007.1,,,,100.0
2023-05-29 21:00:00,0.4,0.7,,0.1,,54.0,2.3,4.2,158.0,145.0,1007.3,,,,25.0
2023-05-29 22:00:00,0.3,0.6,,0.0,,57.0,2.9,5.0,106.0,130.0,1007.4,,,,100.0
2023-05-29 23:00:00,0.6,0.8,,0.4,,57.0,4.4,7.4,109.0,109.0,1007.9,,,,100.0
2023-05-30 00:00:00,0.9,1.2,,0.7,,56.0,4.9,7.5,114.0,112.0,1008.0,,,,100.0
2023-05-30 01:00:00,1.4,1.6,,1.2,,55.0,4.3,7.7,171.0,144.0,1008.5,,,,100.0
2023-05-30 02:00:00,1.4,1.7,,1.2,,56.0,4.5,7.7,158.0,156.0,1009.0,,,,100.0
2023-05-30 03:00:00,0.8,1.4,,0.2,,65.0,2.8,5.6,143.0,184.0,1009.5,,,,100.0
2023-05-30 04:00:00,0.1,0.2,,0.0,,73.0,1.4,2.6,176.0,145.0,1009.2,,,,100.0
2023-05-30 05:00:00,0.9,1.4,,0.2,,72.0,3.3,7.5,123.0,134.0,1009.0,,,,100.0
2023-05-30 06:00:00,0.6,0.7,1.7,0.3,-0.3,82.0,7.6,11.4,101.0,104.0,1008.5,,,,100.0
2023-05-30 07:00:00,1.5,2.3,,0.7,,75.0,7.4,11.8,112.0,106.0,1008.5,,,,100.0
2023-05-30 08:00:00,2.8,3.6,,2.1,,66.0,6.5,11.3,125.0,118.0,1008.5,,,,100.0
2023-05-30 09:00:00,3.0,3.7,,2.4,,70.0,7.1,11.1,121.0,116.0,1008.3,,,,100.0
2023-05-30 10:00:00,3.9,5.6,,2.7,,73.0,6.5,12.0,128.0,115.0,1007.3,,,,90.0
2023-05-30 11:00:00,5.7,6.3,,5.1,,61.0,7.7,12.5,137.0,131.0,1007.2,,,,90.0
2023-05-30 12:00:00,5.9,6.2,,5.2,,57.0,7.8,12.6,145.0,141.0,1007.8,,,,100.0
2023-05-30 13:00:00,5.4,6.2,,5.1,,65.0,6.9,10.8,147.0,146.0,1008.2,,,,100.0
2023-05-30 14:00:00,5.5,6.3,,5.0,,67.0,5.1,11.4,185.0,181.0,1009.0,,,,100.0
2023-05-30 15:00:00,5.4,6.0,,3.3,,66.0,6.4,11.6,188.0,187.0,1009.4,,,,100.0
2023-05-30 16:00:00,5.8,5.9,,5.3,,61.0,6.7,9.2,188.0,180.0,1010.5,,,,100.0
2023-05-30 17:00:00,4.2,5.3,,2.4,,73.0,3.9,7.3,238.0,214.0,1011.8,,,,100.0
2023-05-30 18:00:00,3.3,3.7,6.3,2.9,0.7,87.0,4.0,5.7,186.0,195.0,1012.8,,,,100.0
2023-05-30 19:00:00,2.5,2.9,,1.9,,92.0,3.4,5.0,192.0,188.0,1013.5,,,,100.0
2023-05-30 20:00:00,1.5,1.9,,1.3,,95.0,2.2,3.1,202.0,200.0,1014.1,,,,100.0
2023-05-30 21:00:00,1.3,1.6,,0.8,,96.0,1.1,2.4,0.0,251.0,1014.7,,,,100.0
2023-05-30 22:00:00,0.5,0.8,,0.2,,97.0,0.0,0.8,0.0,0.0,1015.5,,,,100.0
2023-05-30 23:00:00,0.2,0.5,,0.0,,97.0,1.3,3.1,33.0,22.0,1015.5,,,,100.0
2023-05-31 00:00:00,0.5,0.9,,0.2,,98.0,2.2,3.2,22.0,20.0,1015.5,,,,100.0
2023-05-31 01:00:00,0.8,1.4,,0.6,,97.0,0.2,1.4,0.0,112.0,1015.6,,,,100.0
2023-05-31 02:00:00,1.6,2.1,,1.1,,94.0,1.4,4.7,8.0,346.0,1014.9,,,,100.0
2023-05-31 03:00:00,2.9,3.5,,1.9,,88.0,2.6,6.3,123.0,123.0,1014.5,,,,100.0
2023-05-31 04:00:00,3.7,4.3,,2.9,,84.0,5.6,9.0,103.0,124.0,1013.8,,,,100.0
2023-05-31 05:00:00,3.4,3.6,,3.3,,86.0,7.6,10.3,96.0,96.0,1013.7,,,,100.0
2023-05-31 06:00:00,3.9,4.6,4.6,3.5,0.0,84.0,5.8,9.0,101.0,103.0,1013.0,,,,100.0
2023-05-31 07:00:00,4.7,5.7,,4.1,,84.0,2.7,8.0,198.0,158.0,1012.9,,,,100.0
2023-05-31 08:00:00,4.1,4.4,,3.6,,90.0,0.2,1.8,0.0,15.0,1012.6,,,,100.0
2023-05-31 09:00:00,3.2,4.1,,1.9,,92.0,1.9,4.3,291.0,267.0,1013.1,,,,100.0
2023-05-31 10:00:00,2.5,3.2,,1.8,,95.0,1.3,3.1,165.0,203.0,1013.6,,,,100.0
2023-05-31 11:00:00,4.6,5.8,,2.8,,92.0,0.5,2.2,179.0,163.0,1014.3,,,,100.0
2023-05-31 12:00:00,4.9,5.9,,3.9,,86.0,1.8,5.6,242.0,257.0,1014.5,,,,100.0
2023-05-31 13:00:00,4.5,5.0,,3.9,,85.0,1.4,3.3,360.0,329.0,1015.0,,,,100.0
2023-05-31 14:00:00,4.3,4.6,,3.9,,85.0,1.7,3.6,4.0,358.0,1014.4,,,,100.0
2023-05-31 15:00:00,3.6,4.6,,2.8,,87.0,2.3,4.7,339.0,352.0,1014.9,,,,100.0
2023-05-31 16:00:00,3.2,3.5,,2.8,,88.0,2.6,4.6,13.0,353.0,1014.8,,,,100.0
2023-05-31 17:00:00,3.5,3.6,,3.2,,90.0,3.4,5.9,18.0,13.0,1014.4,,,,100.0
2023-05-31 18:00:00,3.3,3.5,5.9,3.1,1.8,90.0,4.1,5.4,19.0,17.0,1013.8,,,,100.0
2023-05-31 19:00:00,3.1,3.3,,2.9,,92.0,3.8,5.1,16.0,15.0,1013.7,,,,100.0
2023-05-31 20:00:00,3.0,3.2,,2.8,,91.0,3.7,6.4,14.0,18.0,1013.3,,,,100.0
2023-05-31 21:00:00,2.9,3.1,,2.8,,90.0,3.2,5.3,40.0,31.0,1013.5,,,,100.0
2023-05-31 22:00:00,3.5,3.9,,3.1,,85.0,3.0,5.4,25.0,31.0,1013.3,,,,100.0
2023-05-31 23:00:00,3.7,3.9,,3.5,,85.0,3.0,6.0,41.0,34.0,1013.5,,,,100.0
2023-06-01 00:00:00,3.6,3.6,,3.5,,86.0,2.9,4.3,21.0,29.0,1013.6,,,,90.0
2023-06-01 01:00:00,3.3,3.6,,2.9,,88.0,2.6,3.6,32.0,13.0,1013.8,,,,100.0
2023-06-01 02:00:00,3.4,3.4,,3.2,,88.0,3.3,5.1,31.0,21.0,1014.1,,,,100.0
2023-06-01 03:00:00,3.0,3.4,,2.7,,90.0,3.6,5.0,7.0,14.0,1014.1,,,,90.0
2023-06-01 04:00:00,2.7,3.0,,2.4,,91.0,3.6,4.6,7.0,16.0,1014.6,,,,90.0
2023-06-01 05:00:00,2.3,2.6,,1.8,,92.0,3.8,5.2,14.0,10.0,1015.2,,,,90.0
2023-06-01 06:00:00,2.2,2.4,3.9,1.9,1.8,91.0,3.9,6.1,6.0,13.0,1015.5,,,,100.0
2023-06-01 07:00:00,1.8,2.0,,1.5,,92.0,1.7,2.9,358.0,347.0,1015.8,,,,100.0
2023-06-01 08:00:00,1.6,1.9,,1.4,,92.0,1.4,2.8,17.0,359.0,1015.5,,,,100.0
2023-06-01 09:00:00,2.1,2.4,,1.9,,91.0,1.2,2.9,0.0,1.0,1015.3,,,,100.0
2023-06-01 10:00:00,2.5,4.9,,1.7,,88.0,0.7,5.6,122.0,191.0,1014.9,,,,100.0
2023-06-01 11:00:00,6.1,7.2,,3.9,,66.0,2.8,6.7,287.0,134.0,1014.8,,,,100.0
2023-06-01 12:00:00,6.4,7.5,,5.3,,68.0,2.4,5.4,115.0,158.0,1014.8,,,,100.0
2023-06-01 13:00:00,7.5,7.8,,7.2,,60.0,4.0,7.3,144.0,109.0,1014.9,,,,100.0
2023-06-01 14:00:00,7.4,7.9,,7.0,,64.0,4.2,6.6,118.0,145.0,1014.8,,,,100.0
2023-06-01 15:00:00,8.0,8.3,,7.7,,59.0,3.7,5.5,95.0,100.0,1014.8,,,,100.0
2023-06-01 16:00:00,8.7,9.2,,8.1,,56.0,2.9,5.9,137.0,127.0,1014.7,,,,100.0
2023-06-01 17:00:00,9.2,9.5,,8.8,,56.0,3.7,6.3,94.0,118.0,1014.5,,,,90.0
2023-06-01 18:00:00,4.8,9.2,9.6,3.3,1.4,78.0,5.7,8.9,171.0,165.0,1015.9,,,,100.0
2023-06-01 19:00:00,3.3,3.9,,2.9,,86.0,3.9,6.8,220.0,191.0,1016.3,,,,90.0
2023-06-01 20:00:00,2.5,3.1,,2.2,,85.0,2.9,5.5,221.0,218.0,1016.7,,,,100.0
2023-06-01 21:00:00,2.2,2.4,,1.9,,84.0,2.4,4.5,210.0,211.0,1016.5,,,,100.0
2023-06-01 22:00:00,1.5,2.0,,1.1,,91.0,1.5,5.1,199.0,234.0,1016.8,,,,100.0
2023-06-01 23:00:00,0.9,1.3,,0.7,,96.0,0.5,2.6,165.0,159.0,1017.3,,,,100.0
2023-06-02 00:00:00,0.6,0.9,,0.1,,96.0,2.2,4.1,229.0,209.0,1017.6,,,,100.0
2023-06-02 01:00:00,-0.3,0.2,,,,97.0,2.6,4.0,224.0,227.0,1017.9,,,,100.0
2023-06-02 02:00:00,-0.7,,,,,97.0,3.4,6.3,210.0,214.0,1018.4,,,,100.0
2023-06-02 03:00:00,-0.9,,,,,95.0,4.2,6.4,186.0,189.0,1018.7,,,,100.0
2023-06-02 04:00:00,-0.7,,,,,87.0,5.2,7.5,193.0,190.0,1019.0,,,,90.0
2023-06-02 05:00:00,-1.3,,,,,85.0,6.7,9.4,190.0,192.0,1019.5,,,,100.0
2023-06-02 06:00:00,-1.2,,3.9,,-1.3,90.0,5.4,9.2,174.0,182.0,1020.1,,,,100.0
2023-06-02 07:00:00,-1.2,,,,,86.0,6.0,9.9,176.0,175.0,1020.8,,,,100.0
2023-06-02 08:00:00,-1.5,,,,,90.0,5.6,8.3,169.0,179.0,1021.2,,,,100.0
2023-06-02 09:00:00,-1.7,,,,,87.0,6.4,9.3,169.0,170.0,1021.8,,,,100.0
2023-06-02 10:00:00,-1.9,,,,,91.0,5.6,7.5,155.0,158.0,1022.1,,,,100.0
2023-06-02 11:00:00,-1.6,,,,,90.0,6.6,8.7,152.0,153.0,1022.8,,,,100.0
2023-06-02 12:00:00,-1.4,,,,,87.0,6.4,9.1,160.0,158.0,1023.4,,,,100.0
2023-06-02 13:00:00,-1.1,,,,,89.0,6.3,8.5,162.0,163.0,1023.9,,,,100.0
2023-06-02 14:00:00,-0.6,,,,,90.0,6.4,9.2,170.0,167.0,1024.2,,,,100.0
2023-06-02 15:00:00,0.4,0.4,,,,91.0,5.6,7.9,170.0,172.0,1024.3,,,,100.0
2023-06-02 16:00:00,0.5,0.8,,0.3,,88.0,4.5,7.0,221.0,208.0,1025.0,,,,90.0
2023-06-02 17:00:00,0.3,1.2,,,,88.0,5.4,7.4,225.0,226.0,1025.6,,,,100.0
2023-06-02 18:00:00,-1.0,,1.2,,-1.9,88.0,6.0,7.9,214.0,220.0,1026.0,,,,100.0
2023-06-02 19:00:00,-0.7,,,,,82.0,5.9,7.8,206.0,217.0,1026.4,,,,100.0
2023-06-02 20:00:00,-0.9,0.1,,,,78.0,5.4,7.4,209.0,213.0,1026.6,,,,100.0
2023-06-02 21:00:00,-0.5,,,,,79.0,4.9,7.4,201.0,206.0,1026.5,,,,100.0
2023-06-02 22:00:00,-0.8,,,,,78.0,4.4,6.1,208.0,202.0,1026.4,,,,100.0
2023-06-02 23:00:00,-1.1,,,,,79.0,3.4,5.2,213.0,217.0,1026.1,,,,100.0
2023-06-03 00:00:00,-1.3,,,,,80.0,2.5,3.6,201.0,201.0,1025.8,,,,100.0
2023-06-03 01:00:00,-1.5,,,,,79.0,1.8,4.5,215.0,228.0,1025.4,,,,90.0
2023-06-03 02:00:00,-1.6,,,,,81.0,0.1,1.3,0.0,233.0,1024.9,,,,90.0
2023-06-03 03:00:00,-1.8,,,,,82.0,0.1,2.0,343.0,3.0,1023.8,,,,100.0
2023-06-03 04:00:00,-1.5,,,,,84.0,1.8,3.1,281.0,301.0,1022.8,,,,100.0
2023-06-03 05:00:00,-1.3,,,,,83.0,1.6,3.0,11.0,321.0,1021.5,,,,90.0
2023-06-03 06:00:00,0.3,0.3,0.3,,-2.0,82.0,0.9,3.7,146.0,259.0,1020.5,,,,90.0
2023-06-03 07:00:00,0.4,0.6,,0.3,,75.0,3.2,5.0,144.0,146.0,1019.8,,,,100.0
2023-06-03 08:00:00,-1.2,0.4,,,,85.0,2.4,5.0,331.0,144.0,1019.4,,,,100.0
2023-06-03 09:00:00,-1.6,,,,,96.0,1.1,2.3,0.0,351.0,1018.6,,,,100.0
2023-06-03 10:00:00,-1.3,,,,,96.0,0.5,1.8,278.0,327.0,1018.0,,,,100.0
2023-06-03 11:00:00,-0.8,,,,,94.0,2.6,4.6,196.0,171.0,1017.2,,,,100.0
2023-06-03 12:00:00,-0.7,,,,,95.0,3.2,4.4,189.0,191.0,1016.6,,,,100.0
2023-06-03 13:00:00,-0.6,,,,,95.0,3.1,4.1,187.0,196.0,1016.1,,,,100.0
2023-06-03 14:00:00,-1.0,,,,,95.0,4.0,6.0,198.0,204.0,1015.8,,,,100.0
2023-06-03 15:00:00,-0.4,,,,,95.0,4.5,6.4,190.0,198.0,1015.2,,,,100.0
2023-06-03 16:00:00,-0.9,,,,,93.0,4.6,6.5,154.0,175.0,1014.6,,,,100.0
2023-06-03 17:00:00,-0.6,,,,,88.0,3.4,4.9,144.0,147.0,1014.1,,,,100.0
2023-06-03 18:00:00,0.5,0.5,0.6,,-1.8,85.0,4.3,8.2,134.0,130.0,1013.1,,,,100.0
2023-06-03 19:00:00,0.5,0.7,,0.3,,83.0,6.7,11.7,109.0,125.0,1012.1,,,,100.0
2023-06-03 20:00:00,0.5,0.9,,0.2,,81.0,8.7,12.6,117.0,109.0,1011.6,,,,100.0
2023-06-03 21:00:00,0.7,0.9,,0.4,,83.0,8.0,12.1,122.0,116.0,1011.2,,,,100.0
2023-06-03 22:00:00,-0.4,0.4,,,,93.0,7.3,13.6,202.0,185.0,1011.7,,,,100.0
2023-06-03 23:00:00,-0.8,,,,,94.0,7.3,10.3,198.0,198.0,1011.9,,,,100.0
2023-06-04 00:00:00,-2.2,,,,,90.0,7.1,10.1,217.0,220.0,1013.1,,,,100.0
2023-06-04 01:00:00,-1.9,,,,,81.0,7.4,10.6,190.0,200.0,1013.6,,,,75.0
2023-06-04 02:00:00,-2.2,,,,,86.0,8.4,12.5,200.0,193.0,1014.0,,,,100.0
2023-06-04 03:00:00,-2.4,,,,,92.0,10.1,14.5,184.0,194.0,1014.4,,,,100.0
2023-06-04 04:00:00,-2.1,,,,,85.0,6.8,11.6,213.0,210.0,1015.3,,,,90.0
2023-06-04 05:00:00,-2.1,,,,,75.0,7.3,10.6,214.0,215.0,1016.2,,,,90.0
2023-06-04 06:00:00,-2.1,,0.9,,-2.6,74.0,6.3,10.2,196.0,202.0,1017.0,,,,100.0
2023-06-04 07:00:00,-2.1,,,,,79.0,6.0,8.7,188.0,192.0,1017.8,,,,90.0
2023-06-04 08:00:00,-1.9,,,,,77.0,6.3,8.9,164.0,175.0,1018.3,,,,100.0
2023-06-04 09:00:00,-1.9,,,,,76.0,6.1,8.3,152.0,158.0,1018.6,,,,100.0
2023-06-04 10:00:00,-1.5,,,,,75.0,5.5,7.6,158.0,159.0,1018.9,,,,100.0
2023-06-04 11:00:00,-0.9,,,,,75.0,4.7,6.5,136.0,148.0,1019.1,,,,90.0
2023-06-04 12:00:00,-0.7,,,,,74.0,4.0,5.8,132.0,134.0,1019.1,,,,100.0
2023-06-04 13:00:00,-0.1,,,,,71.0,3.8,5.4,133.0,135.0,1018.9,,,,100.0
2023-06-04 14:00:00,0.0,0.3,,,,67.0,2.7,4.1,141.0,144.0,1018.3,,,,90.0
2023-06-04 15:00:00,0.5,1.2,,0.0,,62.0,1.2,3.4,186.0,162.0,1018.0,,,,90.0
2023-06-04 16:00:00,0.8,1.1,,0.5,,71.0,2.6,3.6,280.0,272.0,1017.7,,,,90.0
2023-06-04 17:00:00,0.7,1.1,,0.3,,73.0,2.2,3.6,276.0,277.0,1017.4,,,,100.0
2023-06-04 18:00:00,0.4,0.7,1.2,0.2,-2.2,71.0,1.9,2.7,308.0,292.0,1017.4,,,,100.0
2023-06-04 19:00:00,0.0,0.4,,,,71.0,0.9,5.1,332.0,325.0,1017.2,,,,100.0
2023-06-04 20:00:00,0.1,0.7,,,,70.0,1.4,2.5,285.0,309.0,1017.1,,,,100.0
2023-06-04 21:00:00,0.6,1.1,,,,70.0,2.1,5.0,252.0,272.0,1017.4,,,,100.0
2023-06-04 22:00:00,-0.3,0.3,,,,72.0,2.2,3.0,232.0,238.0,1017.7,,,,100.0
2023-06-04 23:00:00,0.1,0.4,,,,69.0,2.3,3.4,196.0,207.0,1017.7,,,,90.0
2023-06-05 00:00:00,0.1,0.4,,,,73.0,2.5,3.4,184.0,185.0,1017.8,,,,100.0
2023-06-05 01:00:00,-0.6,,,,,78.0,2.3,3.4,185.0,186.0,1018.1,,,,100.0
2023-06-05 02:00:00,-0.7,,,,,80.0,2.5,3.7,169.0,176.0,1018.0,,,,100.0
2023-06-05 03:00:00,-1.3,,,,,82.0,2.4,3.3,161.0,179.0,1018.2,,,,90.0
2023-06-05 04:00:00,-1.8,,,,,83.0,2.5,3.3,138.0,143.0,1018.2,,,,75.0
2023-06-05 05:00:00,-1.2,,,,,78.0,2.6,3.8,160.0,138.0,1018.1,,,,100.0
2023-06-05 06:00:00,-1.1,,1.1,,-2.1,75.0,2.2,3.3,162.0,171.0,1018.3,,,,100.0
2023-06-05 07:00:00,-0.7,,,,,76.0,2.1,3.3,180.0,161.0,1018.5,,,,100.0
2023-06-05 08:00:00,-0.6,,,,,73.0,1.9,2.3,190.0,192.0,1018.7,,,,100.0
2023-06-05 09:00:00,-0.6,,,,,73.0,0.3,2.1,0.0,191.0,1018.7,,,,100.0
2023-06-05 10:00:00,-0.5,,,,,77.0,1.0,2.7,281.0,267.0,1018.9,,,,100.0
2023-06-05 11:00:00,0.3,0.3,,,,80.0,0.4,6.1,284.0,274.0,1019.3,,,,100.0
2023-06-05 12:00:00,0.1,0.4,,,,77.0,1.9,7.4,281.0,280.0,1019.4,,,,100.0
2023-06-05 13:00:00,-0.3,0.0,,,,77.0,1.9,3.3,310.0,286.0,1019.9,,,,100.0
2023-06-05 14:00:00,-0.4,0.1,,,,78.0,2.3,5.0,281.0,284.0,1020.2,,,,100.0
2023-06-05 15:00:00,-0.5,,,,,78.0,2.0,3.1,290.0,280.0,1020.4,,,,100.0
2023-06-05 16:00:00,-1.7,,,,,85.0,2.7,4.8,231.0,264.0,1021.1,,,,100.0
2023-06-05 17:00:00,-1.7,,,,,88.0,2.3,3.5,243.0,232.0,1021.3,,,,100.0
2023-06-05 18:00:00,-1.5,,0.4,,-1.8,86.0,3.0,4.3,195.0,199.0,1022.1,,,,100.0
2023-06-05 19:00:00,-2.1,,,,,91.0,2.9,4.6,212.0,210.0,1022.8,,,,100.0
2023-06-05 20:00:00,-1.2,,,,,89.0,3.7,5.7,187.0,193.0,1023.4,,,,100.0
2023-06-05 21:00:00,-1.2,,,,,85.0,4.6,6.0,176.0,176.0,1023.7,,,,100.0
2023-06-05 22:00:00,-0.8,,,,,85.0,5.1,7.4,155.0,161.0,1023.8,,,,100.0
2023-06-05 23:00:00,-0.6,,,,,81.0,5.8,8.0,143.0,148.0,1024.1,,,,100.0
2023-06-06 00:00:00,-0.2,,,,,78.0,5.6,8.6,133.0,141.0,1024.1,,,,100.0
2023-06-06 01:00:00,0.1,0.1,,,,73.0,5.7,8.8,132.0,133.0,1024.1,,,,100.0
2023-06-06 02:00:00,0.0,0.3,,,,71.0,5.4,7.9,113.0,120.0,1024.1,,,,100.0
2023-06-06 03:00:00,-0.6,,,,,79.0,6.2,8.6,98.0,103.0,1023.1,,,,100.0
2023-06-06 04:00:00,0.3,0.3,,,,70.0,7.8,10.5,98.0,98.0,1021.9,,,,100.0
2023-06-06 05:00:00,0.7,1.3,,0.3,,60.0,7.5,11.4,91.0,94.0,1021.5,,,,100.0
2023-06-06 06:00:00,1.3,1.7,1.7,1.1,-2.4,55.0,5.1,8.8,92.0,94.0,1021.0,,,,100.0
2023-06-06 07:00:00,0.5,1.8,,,,66.0,3.1,5.7,195.0,199.0,1021.3,,,,100.0
2023-06-06 08:00:00,0.1,0.1,,,,73.0,0.3,1.9,0.0,255.0,1021.1,,,,100.0
2023-06-06 09:00:00,-0.6,0.1,,,,84.0,2.4,4.4,6.0,26.0,1021.0,,,,100.0
2023-06-06 10:00:00,-1.0,,,,,92.0,0.0,0.8,0.0,0.0,1021.0,,,,100.0
2023-06-06 11:00:00,-0.6,,,,,92.0,1.0,3.3,161.0,173.0,1021.0,,,,100.0
2023-06-06 12:00:00,-0.4,,,,,92.0,2.8,3.6,165.0,173.0,1021.3,,,,100.0
2023-06-06 13:00:00,0.2,0.2,,,,92.0,3.2,8.1,179.0,172.0,1021.0,,,,100.0
2023-06-06 14:00:00,0.1,0.5,,,,91.0,4.3,5.7,183.0,179.0,1021.3,,,,100.0
2023-06-06 15:00:00,-0.3,0.2,,,,94.0,3.1,6.1,212.0,207.0,1021.2,,,,100.0
2023-06-06 16:00:00,-0.1,0.2,,,,94.0,1.9,3.3,261.0,229.0,1021.0,,,,100.0
2023-06-06 17:00:00,0.5,0.9,,,,91.0,2.3,3.6,288.0,262.0,1020.5,,,,100.0
2023-06-06 18:00:00,-0.7,0.9,1.8,,-1.0,91.0,1.9,7.3,342.0,339.0,1020.4,,,,100.0
2023-06-06 19:00:00,-0.6,,,,,95.0,2.2,6.1,357.0,343.0,1020.1,,,,100.0
2023-06-06 20:00:00,-0.6,,,,,95.0,2.6,4.3,354.0,357.0,1019.6,,,,100.0
2023-06-06 21:00:00,0.1,0.4,,,,91.0,2.6,6.2,352.0,350.0,1019.2,,,,100.0
2023-06-06 22:00:00,0.1,0.1,,,,89.0,2.5,3.9,338.0,348.0,1019.0,,,,100.0
2023-06-06 23:00:00,-0.3,0.1,,,,88.0,2.5,3.8,331.0,337.0,1019.0,,,,100.0
2023-06-07 00:00:00,-0.4,,,,,89.0,2.6,3.8,357.0,339.0,1019.2,,,,100.0
2023-06-07 01:00:00,-0.3,,,,,87.0,2.4,3.7,345.0,345.0,1019.0,,,,100.0
2023-06-07 02:00:00,-0.6,,,,,84.0,2.9,4.3,284.0,309.0,1019.0,,,,100.0
2023-06-07 03:00:00,-0.8,,,,,88.0,2.6,3.7,300.0,293.0,1019.0,,,,100.0
2023-06-07 04:00:00,-0.8,,,,,88.0,2.6,3.9,279.0,278.0,1019.0,,,,100.0
2023-06-07 05:00:00,-0.7,,,,,88.0,3.1,4.2,259.0,265.0,1019.1,,,,100.0
2023-06-07 06:00:00,-0.7,,0.4,,-0.9,87.0,2.9,4.5,267.0,271.0,1019.2,,,,100.0
2023-06-07 07:00:00,-0.4,,,,,85.0,2.8,4.2,277.0,270.0,1019.6,,,,100.0
2023-06-07 08:00:00,-0.3,,,,,85.0,2.9,4.0,258.0,264.0,1020.1,,,,100.0
2023-06-07 09:00:00,-0.9,,,,,86.0,3.3,4.9,239.0,251.0,1020.8,,,,100.0
2023-06-07 10:00:00,-0.4,,,,,86.0,2.9,4.4,231.0,237.0,1021.3,,,,100.0
2023-06-07 11:00:00,-0.4,,,,,84.0,4.2,6.0,228.0,230.0,1021.9,,,,100.0
2023-06-07 12:00:00,-0.4,,,,,83.0,5.1,7.0,217.0,220.0,1022.4,,,,100.0
2023-06-07 13:00:00,-0.3,,,,,81.0,5.8,7.7,222.0,221.0,1023.0,,,,100.0
2023-06-07 14:00:00,-0.3,0.0,,,,77.0,5.9,8.2,219.0,212.0,1023.4,,,,100.0
2023-06-07 15:00:00,-0.5,,,,,77.0,5.6,7.7,232.0,221.0,1023.8,,,,100.0
2023-06-07 16:00:00,-0.6,,,,,81.0,4.7,6.3,227.0,229.0,1024.2,,,,100.0
2023-06-07 17:00:00,0.4,0.9,,,,80.0,5.2,7.9,220.0,225.0,1024.4,,,,90.0
2023-06-07 18:00:00,-0.3,0.5,0.9,,-1.1,79.0,4.8,6.8,225.0,221.0,1024.8,,,,100.0
2023-06-07 19:00:00,-0.4,,,,,79.0,4.4,6.5,223.0,230.0,1024.9,,,,90.0
2023-06-07 20:00:00,-0.6,,,,,78.0,3.7,5.4,214.0,221.0,1025.0,,,,100.0
2023-06-07 21:00:00,-0.8,,,,,78.0,3.5,5.3,225.0,231.0,1025.0,,,,100.0
2023-06-07 22:00:00,-0.4,,,,,74.0,3.1,4.4,228.0,223.0,1025.0,,,,90.0
2023-06-07 23:00:00,-0.7,,,,,75.0,2.8,4.3,225.0,230.0,1024.7,,,,100.0
2023-06-08 00:00:00,-0.6,,,,,75.0,1.8,3.2,243.0,228.0,1024.5,,,,100.0
2023-06-08 01:00:00,-0.9,,,,,75.0,1.1,2.3,234.0,225.0,1024.2,,,,100.0
2023-06-08 02:00:00,-0.8,,,,,77.0,1.3,2.4,169.0,176.0,1023.7,,,,100.0
2023-06-08 03:00:00,-1.1,,,,,80.0,2.0,3.1,198.0,205.0,1023.4,,,,100.0
2023-06-08 04:00:00,-1.2,,,,,81.0,1.4,2.3,228.0,193.0,1023.1,,,,100.0
2023-06-08 05:00:00,-1.2,,,,,81.0,0.7,2.2,0.0,252.0,1022.7,,,,100.0
2023-06-08 06:00:00,-1.7,,-0.2,,-1.7,84.0,0.8,2.4,357.0,315.0,1022.5,,,,100.0
2023-06-08 07:00:00,-1.5,,,,,80.0,1.5,2.4,9.0,3.0,1022.3,,,,100.0
2023-06-08 08:00:00,-1.3,,,,,79.0,2.2,3.3,34.0,5.0,1022.0,,,,75.0
2023-06-08 09:00:00,-1.1,,,,,78.0,2.7,3.8,3.0,34.0,1021.8,,,,40.0
2023-06-08 10:00:00,-0.2,0.1,,,,73.0,3.2,4.3,82.0,55.0,1021.4,,,,10.0
2023-06-08 11:00:00,0.1,0.4,,,,68.0,3.1,4.7,76.0,81.0,1021.0,,,,40.0
2023-06-08 12:00:00,0.8,1.5,,,,66.0,3.4,5.3,2.0,68.0,1020.5,,,,
2023-06-08 13:00:00,0.3,1.2,,,,68.0,3.6,6.5,352.0,350.0,1020.1,,,,10.0
2023-06-08 14:00:00,0.4,0.9,,,,70.0,3.8,5.2,343.0,351.0,1019.2,,,,10.0
2023-06-08 15:00:00,0.8,1.8,,0.2,,68.0,3.1,5.6,26.0,14.0,1018.7,,,,
2023-06-08 16:00:00,1.4,2.0,,0.9,,67.0,2.9,8.2,10.0,12.0,1018.0,,,,
2023-06-08 17:00:00,1.4,2.3,,0.9,,68.0,3.7,6.5,347.0,360.0,1017.7,,,,
2023-06-08 18:00:00,1.6,2.3,2.4,1.2,-1.8,70.0,4.1,6.2,344.0,340.0,1017.3,,,,
2023-06-08 19:00:00,1.3,1.7,,0.9,,71.0,4.1,5.4,3.0,355.0,1017.0,,,,
2023-06-08 20:00:00,1.7,2.5,,1.2,,65.0,4.6,6.4,358.0,6.0,1016.5,,,,
2023-06-08 21:00:00,1.7,2.2,,1.4,,63.0,4.9,6.1,7.0,4.0,1016.0,,,,
2023-06-08 22:00:00,1.7,2.1,,1.4,,61.0,4.1,5.9,360.0,1.0,1015.9,,,,
2023-06-08 23:00:00,2.4,2.7,,1.9,,50.0,4.1,7.0,94.0,84.0,1015.5,,,,
2023-06-09 00:00:00,2.0,2.3,,1.7,,48.0,5.5,7.9,93.0,94.0,1015.3,,,,
2023-06-09 01:00:00,1.6,1.8,,1.4,,45.0,6.0,8.2,97.0,95.0,1014.9,,,,
2023-06-09 02:00:00,1.3,1.4,,1.1,,41.0,6.5,8.7,90.0,94.0,1014.5,,,,
2023-06-09 03:00:00,0.8,1.1,,0.4,,44.0,6.6,8.9,94.0,92.0,1014.1,,,,
2023-06-09 04:00:00,0.2,0.5,,,,48.0,8.3,12.1,98.0,96.0,1013.7,,,,
2023-06-09 05:00:00,-0.8,,,,,48.0,8.4,11.4,87.0,90.0,1013.3,,,,
2023-06-09 06:00:00,-1.0,,2.7,,-1.2,51.0,7.4,12.8,22.0,94.0,1013.7,,,,
2023-06-09 07:00:00,-1.6,,,,,52.0,3.1,8.7,69.0,97.0,1013.9,,,,
2023-06-09 08:00:00,-1.6,,,,,52.0,8.9,13.0,89.0,88.0,1012.7,,,,
2023-06-09 09:00:00,-0.9,,,,,51.0,10.6,13.2,96.0,95.0,1012.3,,,,
2023-06-09 10:00:00,0.1,0.1,,,,50.0,10.6,13.2,96.0,95.0,1011.6,,,,
2023-06-09 11:00:00,0.7,1.7,,,,48.0,10.8,13.8,95.0,96.0,1011.1,,,,
2023-06-09 12:00:00,2.0,2.7,,1.1,,45.0,9.1,12.0,91.0,92.0,1010.6,,,,10.0
2023-06-09 13:00:00,3.2,3.9,,2.2,,44.0,8.6,11.7,97.0,95.0,1009.9,,,,
2023-06-09 14:00:00,4.2,4.8,,3.7,,43.0,4.4,8.9,277.0,73.0,1009.4,,,,90.0
2023-06-09 15:00:00,4.3,4.6,,3.9,,45.0,5.1,8.4,69.0,84.0,1008.7,,,,100.0
2023-06-09 16:00:00,4.4,5.3,,3.8,,49.0,3.2,6.6,22.0,34.0,1008.1,,,,100.0
2023-06-09 17:00:00,6.0,6.8,,4.9,,49.0,4.0,6.7,124.0,101.0,1007.3,,,,100.0
2023-06-09 18:00:00,5.3,6.9,6.9,4.3,-2.0,58.0,2.5,5.3,293.0,254.0,1007.0,,,,100.0
2023-06-09 19:00:00,4.2,5.1,,3.5,,62.0,1.8,3.9,271.0,325.0,1006.6,,,,100.0
2023-06-09 20:00:00,3.5,4.2,,2.8,,69.0,1.1,3.1,271.0,253.0,1006.0,,,,100.0
2023-06-09 21:00:00,3.5,4.4,,2.1,,67.0,1.1,4.4,345.0,310.0,1005.6,,,,100.0
2023-06-09 22:00:00,2.4,2.9,,2.1,,77.0,1.3,3.5,276.0,322.0,1005.2,,,,100.0
2023-06-09 23:00:00,1.9,2.2,,1.4,,88.0,1.8,3.4,309.0,277.0,1005.3,,,,100.0
2023-06-10 00:00:00,1.0,1.5,,0.8,,89.0,0.9,1.9,333.0,337.0,1004.8,,,,100.0
2023-06-10 01:00:00,1.2,1.6,,0.9,,92.0,2.5,4.8,1.0,5.0,1004.2,,,,100.0
2023-06-10 02:00:00,1.6,2.0,,1.2,,95.0,1.2,3.5,251.0,341.0,1003.5,,,,100.0
2023-06-10 03:00:00,3.7,4.9,,1.7,,88.0,3.1,6.9,120.0,128.0,1002.8,,,,100.0
2023-06-10 04:00:00,4.5,4.7,,4.3,,84.0,4.3,7.3,125.0,123.0,1002.3,,,,100.0
2023-06-10 05:00:00,4.5,4.8,,4.2,,85.0,4.1,6.5,127.0,136.0,1001.6,,,,100.0
2023-06-10 06:00:00,4.9,5.4,5.4,4.7,0.8,82.0,6.6,10.5,102.0,104.0,1001.1,,,,100.0
2023-06-10 07:00:00,5.0,6.2,,4.3,,84.0,8.4,13.3,139.0,113.0,1000.4,,,,100.0
2023-06-10 08:00:00,6.2,6.6,,5.9,,80.0,6.4,11.2,144.0,145.0,1000.5,,,,100.0
2023-06-10 09:00:00,6.2,6.4,,5.8,,83.0,7.2,12.3,132.0,139.0,999.6,,,,100.0
2023-06-10 10:00:00,6.5,7.5,,5.9,,79.0,8.2,13.1,124.0,118.0,999.1,,,,100.0
2023-06-10 11:00:00,7.4,7.8,,7.0,,71.0,9.0,13.1,122.0,123.0,998.8,,,,100.0
2023-06-10 12:00:00,8.0,8.3,,7.7,,66.0,8.6,13.0,132.0,125.0,998.8,,,,100.0
2023-06-10 13:00:00,7.7,8.5,,7.2,,68.0,7.1,11.8,161.0,152.0,999.2,,,,100.0
2023-06-10 14:00:00,6.1,7.4,,5.5,,76.0,3.5,6.2,173.0,198.0,999.8,,,,100.0
2023-06-10 15:00:00,5.4,5.6,,5.3,,84.0,3.8,9.2,161.0,172.0,1000.1,,,,100.0
2023-06-10 16:00:00,5.9,6.3,,5.3,,88.0,2.7,5.2,230.0,164.0,999.7,,,,100.0
2023-06-10 17:00:00,6.5,6.8,,6.3,,85.0,3.7,7.6,190.0,183.0,1000.3,,,,100.0
2023-06-10 18:00:00,5.5,6.2,8.5,4.1,4.1,90.0,2.3,4.3,343.0,181.0,1000.6,,,,100.0
2023-06-10 19:00:00,3.5,4.0,,3.2,,97.0,1.3,3.3,26.0,330.0,1001.3,,,,100.0
2023-06-10 20:00:00,3.1,3.5,,2.9,,97.0,1.8,3.2,77.0,16.0,1001.7,,,,100.0
2023-06-10 21:00:00,3.2,3.4,,3.0,,90.0,1.4,4.1,174.0,156.0,1002.1,,,,100.0
2023-06-10 22:00:00,2.1,3.0,,1.1,,90.0,3.3,5.6,161.0,184.0,1002.5,,,,100.0
2023-06-10 23:00:00,1.0,1.3,,0.9,,95.0,4.7,8.0,164.0,155.0,1002.5,,,,100.0
2023-06-11 00:00:00,1.8,2.2,,1.3,,93.0,6.7,9.5,186.0,178.0,1002.5,,,,100.0
2023-06-11 01:00:00,1.9,2.3,,1.3,,94.0,8.3,13.0,178.0,186.0,1002.6,,,,100.0
2023-06-11 02:00:00,1.1,1.3,,0.9,,95.0,8.2,12.0,174.0,173.0,1002.8,,,,100.0
2023-06-11 03:00:00,0.7,1.1,,0.4,,96.0,7.0,10.3,178.0,176.0,1003.3,,,,100.0
2023-06-11 04:00:00,0.3,0.4,,0.2,,97.0,5.2,7.2,180.0,178.0,1003.6,,,,100.0
2023-06-11 05:00:00,0.2,0.2,,0.2,,98.0,4.2,5.9,174.0,178.0,1003.9,,,,100.0
2023-06-11 06:00:00,0.2,0.2,4.1,0.2,0.2,98.0,4.2,5.6,191.0,182.0,1004.5,,,,100.0
2023-06-11 07:00:00,0.2,0.2,,0.2,,98.0,3.2,4.6,195.0,192.0,1004.8,,,,100.0
2023-06-11 08:00:00,-0.4,0.2,,,,98.0,3.0,4.2,224.0,216.0,1005.4,,,,
2023-06-11 09:00:00,-0.7,,,,,99.0,3.2,4.2,199.0,214.0,1005.9,,,,100.0
2023-06-11 10:00:00,-0.6,,,,,95.0,3.1,4.0,204.0,207.0,1006.5,,,,100.0
2023-06-11 11:00:00,-0.3,,,,,94.0,3.0,4.3,188.0,193.0,1006.6,,,,100.0
2023-06-11 12:00:00,-0.1,0.0,,,,97.0,2.4,3.4,179.0,190.0,1007.1,,,,100.0
2023-06-11 13:00:00,-0.1,0.1,,,,96.0,2.0,3.2,244.0,232.0,1007.5,,,,100.0
2023-06-11 14:00:00,0.0,0.6,,,,97.0,1.8,3.5,242.0,233.0,1007.3,,,,100.0
2023-06-11 15:00:00,0.1,0.5,,,,94.0,2.1,3.1,317.0,308.0,1007.0,,,,100.0
2023-06-11 16:00:00,0.1,0.1,,,,93.0,2.0,3.2,354.0,337.0,1005.9,,,,100.0
2023-06-11 17:00:00,0.1,0.3,,,,92.0,2.4,3.3,328.0,341.0,1005.2,,,,100.0
2023-06-11 18:00:00,0.9,1.6,1.6,0.1,-0.9,92.0,1.8,4.5,302.0,314.0,1004.5,,,,100.0
2023-06-11 19:00:00,1.0,1.8,,0.6,,91.0,2.0,4.1,291.0,318.0,1003.4,,,,100.0
2023-06-11 20:00:00,2.4,4.1,,1.5,,87.0,1.6,3.4,299.0,292.0,1001.8,,,,100.0
2023-06-11 21:00:00,5.0,5.9,,4.1,,78.0,1.5,5.7,16.0,27.0,1000.5,,,,90.0
2023-06-11 22:00:00,3.5,4.9,,3.0,,83.0,3.2,5.1,34.0,13.0,999.6,,,,90.0
2023-06-11 23:00:00,4.1,5.1,,3.3,,81.0,1.5,4.1,0.0,6.0,997.7,,,,90.0
2023-06-12 00:00:00,3.9,5.4,,2.1,,82.0,1.9,4.3,322.0,299.0,996.9,,,,90.0
2023-06-12 01:00:00,7.8,9.3,,3.1,,68.0,4.9,9.5,141.0,130.0,996.0,,,,100.0
2023-06-12 02:00:00,8.3,9.1,,5.4,,66.0,4.7,8.6,167.0,150.0,995.5,,,,100.0
2023-06-12 03:00:00,5.3,7.9,,2.7,,75.0,3.1,7.6,162.0,120.0,994.7,,,,100.0
2023-06-12 04:00:00,8.7,10.0,,7.3,,58.0,6.2,18.6,170.0,155.0,993.6,,,,90.0
2023-06-12 05:00:00,9.2,9.8,,8.7,,53.0,10.8,16.2,123.0,132.0,992.0,,,,100.0
2023-06-12 06:00:00,7.8,9.7,10.0,5.7,0.6,58.0,7.4,15.9,203.0,174.0,993.5,,,,100.0
2023-06-12 07:00:00,4.0,5.7,,2.9,,79.0,2.4,5.4,30.0,326.0,994.6,,,,100.0
2023-06-12 08:00:00,3.1,3.3,,2.6,,82.0,3.0,5.5,353.0,16.0,995.1,,,,100.0
2023-06-12 09:00:00,2.7,2.8,,2.5,,86.0,1.8,4.2,32.0,28.0,995.2,,,,100.0
2023-06-12 10:00:00,2.8,3.0,,2.8,,83.0,0.6,3.9,297.0,305.0,996.3,,,,100.0
2023-06-12 11:00:00,2.5,2.9,,2.0,,85.0,3.9,6.7,228.0,221.0,997.5,,,,100.0
2023-06-12 12:00:00,1.9,2.1,,1.8,,90.0,4.5,7.5,207.0,211.0,998.6,,,,100.0
2023-06-12 13:00:00,1.4,1.9,,1.2,,92.0,5.9,9.0,189.0,204.0,999.4,,,,100.0
2023-06-12 14:00:00,0.9,1.4,,0.5,,95.0,4.7,8.0,178.0,178.0,1000.0,,,,100.0
2023-06-12 15:00:00,1.5,2.4,,0.7,,94.0,5.0,7.4,171.0,167.0,1000.4,,,,100.0
2023-06-12 16:00:00,2.7,3.2,,2.4,,90.0,4.5,6.7,198.0,183.0,1001.4,,,,100.0
2023-06-12 17:00:00,2.5,2.8,,2.1,,90.0,4.4,6.2,173.0,183.0,1002.2,,,,100.0
2023-06-12 18:00:00,2.0,2.2,5.7,1.8,0.5,92.0,4.5,6.6,183.0,175.0,1003.3,,,,100.0
2023-06-12 19:00:00,2.2,2.9,,1.4,,90.0,4.6,7.0,202.0,181.0,1004.3,,,,90.0
2023-06-12 20:00:00,3.3,3.7,,2.7,,73.0,5.3,8.6,203.0,203.0,1005.1,,,,10.0
2023-06-12 21:00:00,3.4,3.9,,2.9,,66.0,5.1,7.8,201.0,209.0,1006.1,,,,60.0
2023-06-12 22:00:00,3.1,3.4,,2.8,,66.0,4.3,6.3,196.0,205.0,1007.3,,,,100.0
2023-06-12 23:00:00,3.0,3.1,,2.7,,66.0,4.4,7.7,189.0,187.0,1008.0,,,,100.0
2023-06-13 00:00:00,2.6,2.8,,2.3,,69.0,4.0,6.7,184.0,187.0,1008.7,,,,100.0
2023-06-13 01:00:00,2.1,2.3,,1.8,,74.0,3.4,4.9,212.0,195.0,1009.4,,,,100.0
2023-06-13 02:00:00,1.6,1.8,,1.4,,79.0,1.3,3.7,0.0,177.0,1009.5,,,,100.0
2023-06-13 03:00:00,1.5,1.6,,1.4,,79.0,0.3,1.9,0.0,150.0,1009.4,,,,100.0
2023-06-13 04:00:00,1.4,1.6,,1.0,,77.0,0.6,2.6,114.0,122.0,1009.1,,,,90.0
2023-06-13 05:00:00,1.6,1.7,,1.3,,72.0,1.9,3.5,94.0,110.0,1008.7,,,,90.0
2023-06-13 06:00:00,1.7,1.9,3.9,1.6,1.0,70.0,2.7,4.4,31.0,90.0,1008.8,,,,100.0
2023-06-13 07:00:00,0.7,1.5,,0.2,,82.0,1.2,2.9,0.0,294.0,1008.7,,,,100.0
2023-06-13 08:00:00,1.2,2.0,,0.4,,79.0,0.2,1.4,0.0,14.0,1008.5,,,,100.0
2023-06-13 09:00:00,1.9,2.2,,1.7,,72.0,0.3,1.9,0.0,335.0,1008.4,,,,100.0
2023-06-13 10:00:00,2.1,2.3,,1.8,,71.0,0.0,0.0,0.0,0.0,1008.1,,,,100.0
2023-06-13 11:00:00,2.0,2.6,,1.6,,70.0,1.1,3.8,336.0,331.0,1008.0,,,,90.0
2023-06-13 12:00:00,1.5,2.1,,1.0,,81.0,2.1,5.1,352.0,345.0,1007.9,,,,60.0
2023-06-13 13:00:00,1.6,2.1,,1.3,,86.0,2.3,7.6,331.0,337.0,1008.0,,,,25.0
2023-06-13 14:00:00,2.0,2.8,,1.4,,84.0,2.4,4.1,336.0,329.0,1008.1,,,,90.0
2023-06-13 15:00:00,2.0,2.6,,1.6,,82.0,2.2,4.7,332.0,331.0,1008.4,,,,100.0
2023-06-13 16:00:00,2.4,2.9,,1.9,,73.0,1.4,6.5,328.0,339.0,1008.4,,,,100.0
2023-06-13 17:00:00,2.6,3.3,,2.2,,74.0,2.3,6.3,330.0,338.0,1008.7,,,,90.0
2023-06-13 18:00:00,2.7,3.4,3.4,2.0,0.2,74.0,2.3,5.8,347.0,327.0,1009.1,,,,90.0
2023-06-13 19:00:00,2.8,3.1,,2.0,,68.0,2.7,5.3,345.0,2.0,1009.1,,,,100.0
2023-06-13 20:00:00,2.7,3.0,,2.4,,72.0,2.9,7.6,333.0,337.0,1009.4,,,,100.0
2023-06-13 21:00:00,2.6,3.7,,2.2,,70.0,2.4,4.4,353.0,353.0,1009.3,,,,10.0
2023-06-13 22:00:00,2.6,3.2,,2.1,,69.0,2.6,3.9,356.0,353.0,1009.2,,,,90.0
2023-06-13 23:00:00,2.4,2.7,,2.2,,72.0,2.4,3.3,326.0,344.0,1009.1,,,,90.0
2023-06-14 00:00:00,2.0,2.3,,1.7,,82.0,2.0,2.8,320.0,321.0,1008.8,,,,90.0
2023-06-14 01:00:00,1.5,1.8,,1.3,,89.0,2.1,3.3,319.0,315.0,1008.9,,,,90.0
2023-06-14 02:00:00,1.2,1.6,,0.8,,88.0,0.7,2.4,0.0,289.0,1009.1,,,,90.0
2023-06-14 03:00:00,1.0,1.1,,0.9,,87.0,0.6,2.2,224.0,240.0,1008.8,,,,100.0
2023-06-14 04:00:00,0.9,1.1,,0.8,,85.0,1.2,3.3,260.0,256.0,1008.8,,,,100.0
2023-06-14 05:00:00,0.7,0.9,,0.4,,86.0,2.0,3.5,231.0,244.0,1009.5,,,,90.0
2023-06-14 06:00:00,0.5,0.7,3.7,0.3,0.3,88.0,2.6,3.8,218.0,230.0,1010.1,,,,100.0
2023-06-14 07:00:00,0.2,0.4,,0.0,,87.0,1.5,3.5,204.0,217.0,1010.4,,,,90.0
2023-06-14 08:00:00,0.3,0.4,,0.0,,86.0,1.8,3.0,192.0,192.0,1010.8,,,,100.0
2023-06-14 09:00:00,0.4,0.6,,0.1,,84.0,1.0,3.0,237.0,204.0,1010.9,,,,90.0
2023-06-14 10:00:00,0.6,1.0,,0.1,,84.0,2.4,3.3,282.0,268.0,1010.9,,,,100.0
2023-06-14 11:00:00,0.6,1.0,,0.2,,82.0,1.9,3.8,337.0,320.0,1010.9,,,,100.0
2023-06-14 12:00:00,0.8,1.2,,0.4,,82.0,2.6,6.2,351.0,340.0,1010.5,,,,100.0
2023-06-14 13:00:00,1.0,1.4,,0.5,,82.0,3.6,6.3,351.0,350.0,1010.2,,,,100.0
2023-06-14 14:00:00,1.2,2.7,,0.8,,82.0,4.4,6.1,356.0,354.0,1009.6,,,,90.0
2023-06-14 15:00:00,1.4,1.7,,1.1,,82.0,4.2,6.0,355.0,354.0,1009.2,,,,40.0
2023-06-14 16:00:00,2.0,2.8,,1.2,,80.0,3.0,10.6,312.0,337.0,1009.0,,,,
2023-06-14 17:00:00,2.9,3.8,,2.1,,78.0,2.7,4.3,266.0,280.0,1009.0,,,,
2023-06-14 18:00:00,3.4,3.8,3.9,2.7,-0.1,76.0,3.4,5.3,251.0,267.0,1009.8,,,,60.0
2023-06-14 19:00:00,2.0,3.6,,1.2,,79.0,4.0,5.5,238.0,239.0,1010.5,,,,100.0
2023-06-14 20:00:00,1.4,1.8,,1.1,,81.0,3.3,5.1,243.0,235.0,1011.1,,,,100.0
2023-06-14 21:00:00,1.9,2.3,,1.3,,78.0,2.0,3.9,292.0,271.0,1011.5,,,,100.0
2023-06-14 22:00:00,1.6,1.8,,1.3,,79.0,1.5,2.9,0.0,295.0,1012.1,,,,100.0
2023-06-14 23:00:00,1.2,1.4,,1.0,,80.0,0.4,2.0,318.0,321.0,1012.2,,,,100.0
2023-06-15 00:00:00,1.1,1.6,,0.9,,82.0,1.5,3.1,6.0,340.0,1012.4,,,,100.0
2023-06-15 01:00:00,1.6,1.9,,1.4,,76.0,2.5,3.4,1.0,2.0,1012.5,,,,90.0
2023-06-15 02:00:00,1.6,1.8,,1.3,,77.0,2.4,3.4,359.0,356.0,1012.5,,,,90.0
2023-06-15 03:00:00,1.6,2.1,,0.9,,80.0,2.7,3.9,359.0,360.0,1012.5,,,,100.0
2023-06-15 04:00:00,0.6,1.2,,0.5,,87.0,2.7,3.8,3.0,351.0,1012.0,,,,
2023-06-15 05:00:00,0.6,0.7,,0.4,,87.0,1.7,3.1,356.0,357.0,1012.0,,,,90.0
2023-06-15 06:00:00,0.8,1.4,3.6,0.5,0.4,89.0,0.6,2.2,148.0,32.0,1012.2,,,,90.0
2023-06-15 07:00:00,0.7,0.9,,0.4,,88.0,0.7,2.2,0.0,166.0,1012.1,,,,
2023-06-15 08:00:00,1.3,1.8,,0.9,,86.0,0.1,1.2,0.0,266.0,1012.2,,,,40.0
2023-06-15 09:00:00,2.2,2.6,,1.8,,82.0,0.8,2.0,286.0,267.0,1012.4,,,,
2023-06-15 10:00:00,2.6,3.0,,1.7,,80.0,1.8,2.4,317.0,300.0,1012.4,,,,90.0
2023-06-15 11:00:00,1.8,2.7,,1.3,,84.0,2.2,3.4,353.0,338.0,1012.6,,,,50.0
2023-06-15 12:00:00,2.1,2.9,,1.6,,83.0,3.2,7.5,341.0,347.0,1012.7,,,,90.0
2023-06-15 13:00:00,2.4,3.4,,1.9,,82.0,3.3,5.5,335.0,345.0,1013.1,,,,
2023-06-15 14:00:00,2.5,3.1,,2.1,,81.0,2.5,4.4,328.0,337.0,1013.1,,,,
2023-06-15 15:00:00,3.0,3.8,,2.3,,78.0,2.5,5.0,313.0,322.0,1013.1,,,,
2023-06-15 16:00:00,3.5,4.3,,2.7,,77.0,2.6,4.6,323.0,314.0,1013.2,,,,
2023-06-15 17:00:00,2.8,3.7,,2.3,,79.0,2.8,4.4,332.0,334.0,1013.3,,,,
2023-06-15 18:00:00,2.8,3.4,4.3,2.2,0.4,81.0,3.1,5.3,355.0,341.0,1013.7,,,,
2023-06-15 19:00:00,3.0,3.8,,2.6,,79.0,2.3,4.6,316.0,339.0,1014.2,,,,
2023-06-15 20:00:00,3.5,4.2,,2.9,,75.0,1.8,5.0,288.0,309.0,1014.5,,,,
2023-06-15 21:00:00,4.1,4.8,,2.9,,72.0,2.4,4.3,233.0,269.0,1015.0,,,,25.0
2023-06-15 22:00:00,3.2,3.6,,2.9,,73.0,2.8,4.0,235.0,238.0,1015.2,,,,100.0
2023-06-15 23:00:00,2.2,3.1,,1.7,,85.0,3.7,4.9,224.0,228.0,1015.6,,,,100.0
2023-06-16 00:00:00,1.9,2.3,,1.7,,87.0,3.6,4.8,186.0,200.0,1016.0,,,,90.0
2023-06-16 01:00:00,1.5,1.8,,1.2,,87.0,4.0,5.5,186.0,190.0,1016.4,,,,100.0
2023-06-16 02:00:00,1.2,1.3,,1.1,,87.0,3.6,5.1,182.0,184.0,1016.6,,,,100.0
2023-06-16 03:00:00,1.0,1.2,,0.8,,87.0,3.9,5.5,183.0,186.0,1017.0,,,,100.0
2023-06-16 04:00:00,0.7,0.9,,0.4,,90.0,3.4,4.8,202.0,195.0,1017.2,,,,100.0
2023-06-16 05:00:00,0.3,0.4,,0.0,,95.0,2.9,4.5,218.0,209.0,1017.8,,,,100.0
2023-06-16 06:00:00,-0.4,0.1,4.8,,-0.4,97.0,3.8,5.6,230.0,223.0,1018.3,,,,100.0
2023-06-16 07:00:00,-0.7,,,,,97.0,4.6,6.2,213.0,220.0,1019.1,,,,100.0
2023-06-16 08:00:00,-1.1,,,,,97.0,5.3,7.7,210.0,209.0,1020.0,,,,100.0
2023-06-16 09:00:00,-1.3,,,,,96.0,5.8,7.6,210.0,211.0,1020.9,,,,100.0
2023-06-16 10:00:00,-1.3,,,,,95.0,5.4,7.1,204.0,207.0,1021.7,,,,100.0
2023-06-16 11:00:00,-1.3,,,,,94.0,5.0,7.0,208.0,214.0,1022.5,,,,100.0
2023-06-16 12:00:00,-0.8,,,,,93.0,4.9,6.7,214.0,212.0,1023.3,,,,90.0
2023-06-16 13:00:00,-0.4,,,,,87.0,5.7,7.4,209.0,211.0,1023.9,,,,100.0
2023-06-16 14:00:00,-0.4,0.0,,,,85.0,5.3,7.1,222.0,213.0,1024.5,,,,100.0
2023-06-16 15:00:00,-0.1,0.1,,,,87.0,5.1,7.3,220.0,218.0,1025.0,,,,100.0
2023-06-16 16:00:00,-0.3,0.1,,,,81.0,5.7,7.4,222.0,222.0,1025.4,,,,100.0
2023-06-16 17:00:00,-0.3,,,,,84.0,5.1,7.5,221.0,222.0,1025.9,,,,100.0
2023-06-16 18:00:00,0.0,0.2,0.3,,-1.4,80.0,4.0,6.7,222.0,215.0,1026.3,,,,100.0
2023-06-16 19:00:00,0.2,0.6,,,,76.0,4.3,6.2,203.0,214.0,1026.5,,,,100.0
2023-06-16 20:00:00,0.6,0.9,,0.4,,71.0,4.3,5.7,198.0,197.0,1026.7,,,,100.0
2023-06-16 21:00:00,0.8,1.0,,0.6,,71.0,3.8,5.7,187.0,193.0,1026.9,,,,100.0
2023-06-16 22:00:00,1.0,1.1,,0.8,,74.0,3.7,5.4,178.0,174.0,1027.0,,,,100.0
2023-06-16 23:00:00,0.8,1.0,,0.7,,74.0,3.7,5.2,184.0,184.0,1027.1,,,,100.0
2023-06-17 00:00:00,0.3,0.7,,0.1,,79.0,3.5,5.4,147.0,157.0,1027.1,,,,100.0
2023-06-17 01:00:00,0.2,0.4,,,,80.0,3.2,5.0,138.0,146.0,1027.0,,,,100.0
2023-06-17 02:00:00,0.1,0.3,,,,82.0,3.7,5.6,132.0,129.0,1026.8,,,,100.0
2023-06-17 03:00:00,0.2,0.3,,0.1,,79.0,3.5,5.2,152.0,143.0,1026.6,,,,100.0
2023-06-17 04:00:00,0.2,0.3,,0.1,,79.0,2.9,4.5,148.0,149.0,1026.4,,,,100.0
2023-06-17 05:00:00,0.2,0.2,,0.1,,79.0,2.6,4.2,153.0,153.0,1026.2,,,,100.0
2023-06-17 06:00:00,0.3,0.4,1.1,0.1,-0.4,76.0,2.7,4.1,176.0,154.0,1026.2,,,,100.0
2023-06-17 07:00:00,0.0,0.5,,,,84.0,2.1,5.7,212.0,192.0,1026.1,,,,100.0
2023-06-17 08:00:00,0.5,0.7,,0.1,,80.0,2.2,3.5,206.0,188.0,1026.0,,,,100.0
2023-06-17 09:00:00,0.0,0.3,,,,87.0,2.6,3.9,241.0,233.0,1026.1,,,,100.0
2023-06-17 10:00:00,-0.1,0.1,,,,83.0,2.2,3.4,213.0,230.0,1026.3,,,,60.0
2023-06-17 11:00:00,0.6,1.3,,0.0,,78.0,2.5,3.9,157.0,189.0,1026.1,,,,60.0
2023-06-17 12:00:00,1.5,2.4,,0.7,,73.0,2.8,4.6,172.0,188.0,1025.9,,,,75.0
2023-06-17 13:00:00,1.0,2.3,,0.2,,77.0,3.2,4.9,223.0,216.0,1025.9,,,,100.0
2023-06-17 14:00:00,0.7,1.4,,0.2,,80.0,3.0,4.8,267.0,241.0,1025.9,,,,100.0
2023-06-17 15:00:00,1.1,1.4,,0.8,,77.0,2.5,4.3,272.0,268.0,1025.8,,,,100.0
2023-06-17 16:00:00,1.0,1.4,,0.7,,78.0,2.5,6.7,271.0,272.0,1025.9,,,,100.0
2023-06-17 17:00:00,1.0,2.1,,0.6,,72.0,1.7,3.9,333.0,316.0,1025.9,,,,100.0
2023-06-17 18:00:00,1.2,1.7,2.4,0.7,-0.5,68.0,1.2,4.1,336.0,336.0,1025.7,,,,90.0
2023-06-17 19:00:00,1.7,2.2,,1.2,,67.0,1.5,3.0,307.0,317.0,1025.7,,,,
2023-06-17 20:00:00,2.0,2.8,,1.2,,71.0,2.0,3.9,279.0,305.0,1025.8,,,,25.0
2023-06-17 21:00:00,2.6,3.1,,2.0,,70.0,2.5,7.4,278.0,277.0,1025.9,,,,
2023-06-17 22:00:00,2.0,2.6,,1.7,,68.0,1.9,2.8,274.0,277.0,1026.0,,,,
2023-06-17 23:00:00,1.7,1.8,,1.4,,66.0,1.3,2.3,279.0,279.0,1026.0,,,,90.0
2023-06-18 00:00:00,1.4,1.8,,1.2,,69.0,1.1,3.7,0.0,235.0,1025.8,,,,50.0
2023-06-18 01:00:00,1.6,2.0,,1.3,,68.0,0.2,1.5,297.0,282.0,1025.6,,,,
2023-06-18 02:00:00,1.1,1.9,,0.4,,71.0,0.1,1.2,0.0,274.0,1025.8,,,,10.0
2023-06-18 03:00:00,0.6,0.9,,0.2,,75.0,0.1,1.7,0.0,77.0,1025.8,,,,90.0
2023-06-18 04:00:00,0.5,0.7,,0.3,,75.0,0.0,0.9,0.0,0.0,1025.5,,,,100.0
2023-06-18 05:00:00,0.4,0.6,,0.2,,77.0,0.7,2.7,26.0,6.0,1025.6,,,,100.0
2023-06-18 06:00:00,0.6,0.9,3.1,0.3,0.2,75.0,1.4,2.6,306.0,4.0,1025.4,,,,100.0
2023-06-18 07:00:00,0.7,0.9,,0.4,,75.0,0.6,2.2,360.0,358.0,1025.4,,,,
2023-06-18 08:00:00,1.0,1.3,,0.8,,75.0,2.0,3.6,6.0,357.0,1025.2,,,,
2023-06-18 09:00:00,1.5,2.1,,0.9,,71.0,3.1,4.2,8.0,10.0,1024.9,,,,60.0
2023-06-18 10:00:00,2.8,3.2,,2.1,,57.0,3.6,5.2,73.0,70.0,1024.8,,,,10.0
2023-06-18 11:00:00,3.3,3.6,,3.0,,49.0,4.3,6.2,87.0,82.0,1024.3,,,,25.0
2023-06-18 12:00:00,4.0,4.4,,3.4,,39.0,3.6,6.5,80.0,72.0,1024.0,,,,60.0
2023-06-18 13:00:00,3.9,4.4,,3.3,,48.0,2.3,4.8,343.0,341.0,1023.4,,,,90.0
2023-06-18 14:00:00,3.9,4.6,,3.3,,52.0,2.4,3.7,319.0,319.0,1023.4,,,,75.0
2023-06-18 15:00:00,3.8,4.5,,3.1,,52.0,2.2,6.1,331.0,328.0,1022.9,,,,100.0
2023-06-18 16:00:00,4.0,4.4,,3.4,,56.0,2.8,4.7,338.0,332.0,1022.8,,,,100.0
2023-06-18 17:00:00,4.1,4.6,,3.6,,54.0,2.8,5.7,340.0,338.0,1022.6,,,,100.0
2023-06-18 18:00:00,4.2,4.8,4.8,3.7,0.4,49.0,3.6,5.3,356.0,355.0,1022.3,,,,50.0
2023-06-18 19:00:00,4.4,4.9,,4.0,,49.0,4.2,5.8,13.0,358.0,1022.1,,,,90.0
2023-06-18 20:00:00,4.8,5.3,,4.6,,48.0,4.3,6.2,356.0,1.0,1021.9,,,,90.0
2023-06-18 21:00:00,4.8,5.2,,4.3,,50.0,3.7,5.4,357.0,359.0,1021.5,,,,
2023-06-18 22:00:00,4.2,4.8,,3.5,,61.0,3.0,4.2,6.0,359.0,1021.4,,,,90.0
2023-06-18 23:00:00,4.0,4.3,,3.5,,63.0,2.2,3.6,352.0,358.0,1021.4,,,,
2023-06-19 00:00:00,3.9,4.3,,3.4,,68.0,0.7,2.0,273.0,326.0,1021.5,,,,
2023-06-19 01:00:00,3.5,3.9,,3.3,,73.0,0.6,1.8,0.0,291.0,1021.4,,,,
2023-06-19 02:00:00,3.4,3.7,,3.1,,74.0,0.5,2.1,0.0,274.0,1021.0,,,,
2023-06-19 03:00:00,2.8,3.3,,2.6,,74.0,0.6,2.2,303.0,295.0,1020.9,,,,
2023-06-19 04:00:00,2.8,4.2,,2.3,,71.0,0.3,2.9,0.0,296.0,1021.0,,,,
2023-06-19 05:00:00,2.6,3.5,,2.1,,75.0,0.0,0.0,0.0,0.0,1021.1,,,,
2023-06-19 06:00:00,4.2,5.3,5.3,2.6,2.1,62.0,3.0,7.7,77.0,61.0,1020.9,,,,50.0
2023-06-19 07:00:00,4.1,5.4,,3.1,,63.0,3.0,8.9,275.0,349.0,1020.8,,,,10.0
2023-06-19 08:00:00,5.1,5.7,,4.1,,53.0,5.4,9.7,72.0,55.0,1020.7,,,,
2023-06-19 09:00:00,5.9,6.3,,4.7,,49.0,6.8,10.4,94.0,78.0,1020.4,,,,25.0
2023-06-19 10:00:00,6.0,7.0,,5.1,,51.0,5.1,9.7,342.0,44.0,1020.6,,,,60.0
2023-06-19 11:00:00,5.6,6.6,,5.1,,58.0,2.3,3.7,281.0,287.0,1020.4,,,,90.0
2023-06-19 12:00:00,5.8,6.3,,5.1,,58.0,2.6,7.8,279.0,283.0,1020.6,,,,90.0
2023-06-19 13:00:00,5.4,5.8,,4.8,,60.0,2.8,5.3,280.0,283.0,1020.2,,,,90.0
2023-06-19 14:00:00,6.3,7.7,,4.8,,59.0,2.6,4.3,277.0,280.0,1019.9,,,,100.0
2023-06-19 15:00:00,7.2,8.4,,6.3,,54.0,2.7,6.5,295.0,295.0,1019.6,,,,100.0
2023-06-19 16:00:00,5.9,7.3,,5.2,,61.0,3.3,5.0,280.0,282.0,1019.5,,,,100.0
2023-06-19 17:00:00,6.5,7.4,,5.2,,60.0,1.4,3.4,295.0,280.0,1019.5,,,,100.0
2023-06-19 18:00:00,5.7,6.7,8.4,5.1,3.1,67.0,1.1,2.4,221.0,286.0,1019.3,,,,100.0
2023-06-19 19:00:00,6.4,8.7,,4.5,,64.0,1.2,4.1,12.0,331.0,1018.9,,,,100.0
2023-06-19 20:00:00,6.9,8.6,,5.8,,60.0,1.2,2.2,283.0,303.0,1018.6,,,,100.0
2023-06-19 21:00:00,7.5,8.2,,6.4,,61.0,0.4,2.6,309.0,283.0,1018.3,,,,100.0
2023-06-19 22:00:00,6.3,7.3,,5.5,,66.0,1.4,2.5,281.0,288.0,1017.9,,,,100.0
2023-06-19 23:00:00,6.1,6.9,,5.3,,69.0,0.5,2.4,326.0,256.0,1017.5,,,,100.0
2023-06-20 00:00:00,5.4,7.2,,4.5,,71.0,1.5,3.1,341.0,320.0,1017.2,,,,100.0
2023-06-20 01:00:00,6.5,7.2,,5.4,,66.0,0.4,5.2,238.0,346.0,1016.8,,,,100.0
2023-06-20 02:00:00,7.2,9.1,,5.4,,60.0,1.4,3.3,315.0,319.0,1016.2,,,,100.0
2023-06-20 03:00:00,5.4,6.4,,4.9,,70.0,1.7,4.4,184.0,294.0,1015.8,,,,100.0
2023-06-20 04:00:00,6.6,9.1,,4.9,,65.0,0.9,5.9,246.0,351.0,1015.0,,,,100.0
2023-06-20 05:00:00,7.4,9.3,,5.8,,58.0,3.9,9.5,69.0,58.0,1014.6,,,,100.0
2023-06-20 06:00:00,9.8,10.4,10.4,8.4,4.5,46.0,6.6,9.2,109.0,105.0,1014.0,,,,100.0
2023-06-20 07:00:00,10.1,10.6,,9.6,,46.0,6.6,10.3,105.0,105.0,1013.8,,,,100.0
2023-06-20 08:00:00,10.1,10.8,,9.4,,48.0,5.3,8.8,110.0,119.0,1014.0,,,,100.0
2023-06-20 09:00:00,9.8,10.2,,9.4,,54.0,6.1,8.8,102.0,101.0,1013.4,,,,100.0
2023-06-20 10:00:00,9.3,10.1,,8.7,,55.0,6.1,10.4,101.0,123.0,1013.1,,,,100.0
2023-06-20 11:00:00,9.2,9.7,,8.9,,55.0,7.4,10.8,108.0,105.0,1012.5,,,,100.0
2023-06-20 12:00:00,9.7,9.9,,9.6,,53.0,8.1,11.9,113.0,107.0,1012.1,,,,100.0
2023-06-20 13:00:00,9.4,9.7,,9.2,,58.0,8.0,11.7,102.0,107.0,1011.9,,,,100.0
2023-06-20 14:00:00,9.3,9.7,,9.1,,64.0,6.3,10.7,95.0,101.0,1011.2,,,,100.0
2023-06-20 15:00:00,10.2,11.2,,9.4,,61.0,4.7,8.3,99.0,95.0,1010.5,,,,90.0
2023-06-20 16:00:00,9.8,11.3,,8.2,,63.0,3.3,6.1,74.0,82.0,1009.5,,,,90.0
2023-06-20 17:00:00,7.8,10.3,,6.8,,69.0,2.8,7.4,340.0,295.0,1009.1,,,,60.0
2023-06-20 18:00:00,7.9,8.5,11.3,7.2,6.7,70.0,1.6,4.0,281.0,295.0,1008.8,,,,90.0
2023-06-20 19:00:00,7.3,8.3,,4.1,,72.0,1.2,8.1,272.0,278.0,1008.8,,,,100.0
2023-06-20 20:00:00,5.2,5.7,,4.1,,77.0,2.5,5.3,10.0,343.0,1008.6,,,,90.0
2023-06-20 21:00:00,5.6,6.1,,5.1,,69.0,3.7,5.9,18.0,12.0,1007.9,,,,100.0
2023-06-20 22:00:00,5.5,5.8,,4.9,,70.0,4.2,5.9,11.0,10.0,1007.1,,,,100.0
2023-06-20 23:00:00,4.5,5.2,,4.0,,80.0,2.9,5.0,354.0,348.0,1006.5,,,,100.0
2023-06-21 00:00:00,3.8,4.2,,3.3,,87.0,2.2,3.2,330.0,339.0,1005.6,,,,100.0
2023-06-21 01:00:00,3.8,4.1,,3.3,,91.0,2.2,3.3,1.0,353.0,1004.9,,,,100.0
2023-06-21 02:00:00,3.7,4.2,,2.9,,93.0,1.8,4.5,292.0,333.0,1003.9,,,,100.0
2023-06-21 03:00:00,2.9,3.2,,2.6,,97.0,1.2,3.4,0.0,265.0,1003.6,,,,100.0
2023-06-21 04:00:00,2.6,2.8,,2.4,,98.0,0.2,1.9,0.0,348.0,1003.3,,,,100.0
2023-06-21 05:00:00,2.6,2.7,,2.5,,97.0,0.1,1.8,0.0,359.0,1003.0,,,,100.0
2023-06-21 06:00:00,2.9,3.6,8.3,2.6,2.4,97.0,2.1,4.8,175.0,147.0,1002.4,,,,100.0
2023-06-21 07:00:00,3.2,3.7,,2.9,,93.0,4.0,6.5,164.0,181.0,1001.6,,,,100.0
2023-06-21 08:00:00,2.5,3.1,,1.4,,92.0,5.6,8.0,161.0,171.0,1000.9,,,,100.0
2023-06-21 09:00:00,2.2,2.7,,1.4,,93.0,5.5,7.9,173.0,164.0,1000.3,,,,100.0
2023-06-21 10:00:00,2.1,2.7,,1.5,,94.0,6.3,8.4,192.0,189.0,1000.2,,,,100.0
2023-06-21 11:00:00,1.4,1.5,,1.3,,96.0,5.4,7.4,187.0,184.0,1000.2,,,,100.0
2023-06-21 12:00:00,1.4,1.6,,1.3,,96.0,5.0,7.1,176.0,182.0,999.9,,,,100.0
2023-06-21 13:00:00,1.4,1.6,,1.2,,96.0,4.7,6.6,194.0,191.0,1000.2,,,,100.0
2023-06-21 14:00:00,1.8,2.3,,1.4,,96.0,5.2,7.1,186.0,187.0,999.9,,,,100.0
2023-06-21 15:00:00,2.8,3.1,,2.3,,91.0,5.9,7.9,195.0,192.0,1000.0,,,,90.0
2023-06-21 16:00:00,2.2,2.7,,1.8,,92.0,4.7,6.9,202.0,198.0,1000.0,,,,100.0
2023-06-21 17:00:00,1.9,2.6,,1.5,,93.0,4.2,5.8,176.0,189.0,999.8,,,,100.0
2023-06-21 18:00:00,3.2,3.7,3.7,2.7,1.2,88.0,4.3,6.0,184.0,186.0,999.7,,,,90.0
2023-06-21 19:00:00,2.7,3.4,,2.0,,89.0,3.2,4.8,199.0,199.0,999.8,,,,100.0
2023-06-21 20:00:00,3.3,4.4,,1.9,,84.0,2.6,4.2,215.0,207.0,999.5,,,,90.0
2023-06-21 21:00:00,3.0,4.3,,1.9,,83.0,2.9,4.6,241.0,246.0,999.6,,,,100.0
2023-06-21 22:00:00,1.8,2.0,,1.6,,91.0,2.0,3.8,197.0,215.0,999.3,,,,100.0
2023-06-21 23:00:00,1.8,2.0,,1.6,,92.0,1.0,2.6,234.0,230.0,999.2,,,,100.0
2023-06-22 00:00:00,1.7,2.0,,1.6,,93.0,0.5,2.0,279.0,271.0,999.1,,,,90.0
2023-06-22 01:00:00,1.8,2.1,,1.7,,90.0,0.3,1.9,0.0,253.0,999.0,,,,100.0
2023-06-22 02:00:00,1.9,2.1,,1.6,,88.0,0.7,2.4,237.0,229.0,998.8,,,,100.0
2023-06-22 03:00:00,1.5,1.7,,1.2,,90.0,1.4,2.6,239.0,245.0,998.4,,,,100.0
2023-06-22 04:00:00,1.1,1.3,,0.9,,93.0,1.5,2.3,243.0,243.0,998.1,,,,100.0
2023-06-22 05:00:00,1.1,1.2,,0.9,,96.0,1.6,2.4,256.0,259.0,997.8,,,,100.0
2023-06-22 06:00:00,0.8,1.0,4.4,0.6,0.6,97.0,1.3,2.1,262.0,258.0,997.9,,,,100.0
2023-06-22 07:00:00,0.3,0.5,,0.1,,97.0,1.6,3.1,247.0,247.0,997.9,,,,100.0
2023-06-22 08:00:00,0.2,0.3,,0.1,,97.0,1.8,3.1,254.0,250.0,997.9,,,,100.0
2023-06-22 09:00:00,0.4,0.7,,0.1,,96.0,1.7,2.7,229.0,236.0,998.1,,,,100.0
2023-06-22 10:00:00,0.8,1.2,,0.6,,90.0,2.0,3.0,223.0,228.0,998.2,,,,100.0
2023-06-22 11:00:00,1.2,2.1,,0.9,,87.0,2.4,3.5,197.0,222.0,998.4,,,,100.0
2023-06-22 12:00:00,2.1,2.6,,1.4,,83.0,2.6,4.3,207.0,198.0,998.8,,,,100.0
2023-06-22 13:00:00,2.2,2.7,,1.9,,81.0,3.1,4.6,239.0,224.0,999.1,,,,100.0
2023-06-22 14:00:00,2.6,3.1,,2.0,,79.0,2.7,4.6,275.0,251.0,999.4,,,,100.0
2023-06-22 15:00:00,2.7,3.2,,2.2,,78.0,2.4,3.6,302.0,297.0,999.4,,,,100.0
2023-06-22 16:00:00,2.8,3.7,,1.8,,77.0,2.6,6.1,346.0,320.0,999.4,,,,100.0
2023-06-22 17:00:00,2.3,2.7,,1.8,,78.0,2.9,5.0,2.0,354.0,999.1,,,,100.0
2023-06-22 18:00:00,2.4,2.9,3.8,1.9,0.1,77.0,3.1,6.7,336.0,344.0,999.1,,,,100.0
2023-06-22 19:00:00,2.4,2.7,,2.1,,79.0,2.5,3.9,336.0,335.0,999.2,,,,
2023-06-22 20:00:00,2.6,3.1,,2.0,,79.0,2.3,3.9,298.0,315.0,999.5,,,,25.0
2023-06-22 21:00:00,3.1,3.6,,2.7,,80.0,2.5,5.7,277.0,280.0,999.9,,,,
2023-06-22 22:00:00,2.5,3.1,,2.1,,81.0,2.7,4.4,234.0,240.0,1000.5,,,,90.0
2023-06-22 23:00:00,2.5,2.9,,2.2,,81.0,3.8,5.1,201.0,223.0,1001.3,,,,90.0
2023-06-23 00:00:00,2.8,3.1,,2.4,,80.0,3.0,4.2,168.0,182.0,1001.7,,,,40.0
2023-06-23 01:00:00,2.5,2.7,,2.3,,78.0,2.6,3.6,182.0,175.0,1001.9,,,,100.0
2023-06-23 02:00:00,2.2,2.6,,1.7,,82.0,1.3,2.3,308.0,262.0,1001.7,,,,100.0
2023-06-23 03:00:00,1.5,1.7,,1.3,,87.0,1.6,2.9,12.0,354.0,1001.3,,,,90.0
2023-06-23 04:00:00,1.3,1.6,,1.2,,86.0,2.1,3.2,344.0,4.0,1001.1,,,,100.0
2023-06-23 05:00:00,1.2,1.3,,1.1,,86.0,0.3,1.8,0.0,337.0,1001.3,,,,100.0
2023-06-23 06:00:00,1.4,1.6,3.7,1.2,1.1,86.0,0.7,2.1,174.0,166.0,1002.0,,,,100.0
2023-06-23 07:00:00,1.7,2.0,,1.5,,85.0,0.0,0.4,0.0,0.0,1002.6,,,,100.0
2023-06-23 08:00:00,2.0,2.2,,1.9,,84.0,1.6,2.9,162.0,180.0,1003.2,,,,100.0
2023-06-23 09:00:00,2.2,2.6,,2.0,,83.0,1.2,2.6,0.0,164.0,1003.4,,,,100.0
2023-06-23 10:00:00,2.4,2.7,,2.1,,83.0,1.1,3.0,351.0,351.0,1003.4,,,,100.0
2023-06-23 11:00:00,2.4,2.8,,2.1,,83.0,1.6,6.0,349.0,341.0,1003.5,,,,100.0
2023-06-23 12:00:00,2.5,2.9,,2.0,,83.0,2.1,5.9,357.0,340.0,1003.9,,,,100.0
2023-06-23 13:00:00,3.1,3.9,,2.5,,80.0,2.0,7.1,313.0,325.0,1004.2,,,,90.0
2023-06-23 14:00:00,3.5,4.4,,3.2,,77.0,1.7,5.3,348.0,336.0,1004.6,,,,90.0
2023-06-23 15:00:00,4.0,4.5,,3.5,,75.0,2.0,5.8,357.0,350.0,1004.4,,,,90.0
2023-06-23 16:00:00,4.3,5.2,,3.6,,76.0,3.2,5.7,350.0,349.0,1004.4,,,,100.0
2023-06-23 17:00:00,3.7,4.8,,3.3,,81.0,2.7,4.4,6.0,355.0,1004.5,,,,100.0
2023-06-23 18:00:00,3.8,4.2,5.2,3.4,1.5,82.0,2.7,5.0,2.0,355.0,1004.5,,,,100.0
2023-06-23 19:00:00,3.6,4.2,,3.3,,80.0,2.2,4.0,342.0,345.0,1004.5,,,,100.0
2023-06-23 20:00:00,3.6,3.9,,3.3,,79.0,1.6,2.8,322.0,330.0,1004.8,,,,100.0
2023-06-23 21:00:00,3.9,4.3,,3.4,,77.0,1.6,4.2,328.0,354.0,1005.1,,,,100.0
2023-06-23 22:00:00,3.9,4.2,,3.4,,78.0,1.5,3.0,271.0,286.0,1005.4,,,,100.0
2023-06-23 23:00:00,3.7,4.1,,3.3,,83.0,2.5,3.4,264.0,256.0,1005.5,,,,100.0
2023-06-24 00:00:00,3.3,3.7,,2.8,,88.0,2.0,3.2,280.0,276.0,1005.6,,,,100.0
2023-06-24 01:00:00,3.0,3.2,,2.7,,88.0,1.2,2.6,0.0,287.0,1005.8,,,,90.0
2023-06-24 02:00:00,2.7,2.8,,2.4,,87.0,0.1,1.7,0.0,305.0,1005.7,,,,100.0
2023-06-24 03:00:00,2.5,2.7,,2.3,,87.0,0.4,1.8,0.0,306.0,1005.5,,,,100.0
2023-06-24 04:00:00,2.4,2.5,,2.3,,87.0,1.3,2.6,10.0,9.0,1005.0,,,,90.0
2023-06-24 05:00:00,2.3,2.4,,2.2,,87.0,2.8,4.7,39.0,37.0,1004.6,,,,40.0
2023-06-24 06:00:00,2.2,2.5,4.3,1.8,1.8,89.0,2.9,4.5,39.0,50.0,1004.4,,,,
2023-06-24 07:00:00,2.6,2.9,,2.4,,84.0,2.5,3.4,20.0,25.0,1004.4,,,,
2023-06-24 08:00:00,3.0,3.1,,2.8,,80.0,2.2,2.9,7.0,6.0,1003.8,,,,50.0
2023-06-24 09:00:00,2.1,2.7,,1.8,,89.0,2.2,2.9,331.0,333.0,1003.4,,,,50.0
2023-06-24 10:00:00,2.1,2.4,,1.8,,91.0,2.2,4.3,345.0,333.0,1003.1,,,,60.0
2023-06-24 11:00:00,3.2,3.7,,2.5,,85.0,1.9,3.0,315.0,328.0,1003.3,,,,25.0
2023-06-24 12:00:00,3.7,4.6,,3.2,,82.0,2.5,6.8,319.0,324.0,1003.3,,,,90.0
2023-06-24 13:00:00,4.0,4.6,,3.5,,80.0,2.5,5.1,1.0,333.0,1003.2,,,,100.0
2023-06-24 14:00:00,4.2,4.9,,3.6,,78.0,3.2,6.7,356.0,351.0,1003.0,,,,90.0
2023-06-24 15:00:00,4.5,4.7,,4.1,,75.0,4.5,7.1,340.0,357.0,1003.3,,,,75.0
2023-06-24 16:00:00,4.5,5.1,,3.8,,76.0,2.9,5.3,4.0,351.0,1003.1,,,,60.0
2023-06-24 17:00:00,4.4,4.9,,3.9,,76.0,2.7,4.9,329.0,349.0,1003.0,,,,50.0
2023-06-24 18:00:00,5.0,5.4,5.4,4.6,1.8,71.0,3.0,5.5,339.0,324.0,1002.8,,,,
2023-06-24 19:00:00,5.2,5.6,,4.7,,70.0,4.8,7.2,6.0,9.0,1002.6,,,,
2023-06-24 20:00:00,4.9,5.6,,4.6,,73.0,5.0,8.0,358.0,5.0,1002.6,,,,
2023-06-24 21:00:00,5.1,5.3,,4.7,,71.0,4.7,7.4,1.0,5.0,1002.8,,,,
2023-06-24 22:00:00,5.1,5.3,,4.8,,70.0,4.5,7.3,25.0,14.0,1003.2,,,,
2023-06-24 23:00:00,4.8,5.1,,4.5,,71.0,3.4,5.9,342.0,10.0,1003.6,,,,
2023-06-25 00:00:00,4.6,4.9,,4.3,,71.0,2.6,6.4,354.0,344.0,1004.3,,,,
2023-06-25 01:00:00,4.4,4.8,,4.1,,71.0,1.7,3.8,279.0,315.0,1004.8,,,,
2023-06-25 02:00:00,4.8,5.2,,4.2,,67.0,2.9,5.7,2.0,341.0,1005.4,,,,
2023-06-25 03:00:00,4.5,4.8,,4.3,,68.0,2.2,4.6,7.0,6.0,1005.9,,,,
2023-06-25 04:00:00,3.7,4.3,,2.9,,73.0,0.3,1.9,0.0,195.0,1006.1,,,,
2023-06-25 05:00:00,3.8,4.2,,3.4,,72.0,0.3,2.3,181.0,296.0,1006.2,,,,90.0
2023-06-25 06:00:00,3.4,3.8,5.7,3.0,2.9,78.0,2.0,2.9,158.0,167.0,1006.3,,,,60.0
2023-06-25 07:00:00,3.5,3.8,,2.8,,76.0,1.3,2.5,302.0,202.0,1006.7,,,,40.0
2023-06-25 08:00:00,3.3,3.8,,2.8,,80.0,1.4,4.3,10.0,5.0,1007.2,,,,40.0
2023-06-25 09:00:00,3.4,3.6,,3.1,,82.0,3.7,5.1,17.0,14.0,1007.5,,,,90.0
2023-06-25 10:00:00,3.3,3.7,,3.0,,84.0,2.8,3.9,343.0,356.0,1007.5,,,,90.0
2023-06-25 11:00:00,3.4,3.8,,3.1,,86.0,2.1,3.7,337.0,334.0,1007.8,,,,90.0
2023-06-25 12:00:00,3.8,4.8,,3.3,,83.0,2.7,6.3,339.0,339.0,1008.2,,,,25.0
2023-06-25 13:00:00,4.4,5.1,,3.8,,78.0,2.4,5.9,332.0,339.0,1008.1,,,,
2023-06-25 14:00:00,4.6,5.1,,4.2,,80.0,2.9,3.9,333.0,333.0,1008.5,,,,
2023-06-25 15:00:00,5.0,5.8,,4.4,,77.0,2.8,6.6,358.0,345.0,1008.8,,,,
2023-06-25 16:00:00,4.9,5.3,,4.4,,79.0,3.1,5.7,333.0,336.0,1008.5,,,,
2023-06-25 17:00:00,5.0,5.6,,4.4,,79.0,3.1,4.2,345.0,338.0,1008.4,,,,
2023-06-25 18:00:00,5.1,5.8,5.8,4.7,2.8,78.0,3.2,5.0,357.0,348.0,1008.5,,,,
2023-06-25 19:00:00,5.6,6.7,,4.9,,74.0,3.0,4.2,339.0,349.0,1008.5,,,,
2023-06-25 20:00:00,5.4,5.9,,5.0,,75.0,3.0,4.1,347.0,349.0,1008.5,,,,
2023-06-25 21:00:00,5.6,5.9,,5.1,,73.0,2.6,3.6,333.0,344.0,1008.4,,,,
2023-06-25 22:00:00,5.2,5.7,,4.9,,78.0,2.3,3.4,353.0,336.0,1008.1,,,,
2023-06-25 23:00:00,5.0,5.6,,4.5,,79.0,2.5,3.3,340.0,338.0,1008.1,,,,
2023-06-26 00:00:00,5.3,5.9,,5.0,,75.0,1.7,2.7,4.0,346.0,1007.7,,,,
2023-06-26 01:00:00,6.0,6.3,,5.4,,73.0,0.5,2.3,0.0,342.0,1007.1,,,,
2023-06-26 02:00:00,5.8,6.3,,5.2,,75.0,0.4,1.6,0.0,331.0,1006.5,,,,
2023-06-26 03:00:00,5.0,5.5,,4.5,,79.0,0.0,0.0,0.0,0.0,1006.1,,,,
2023-06-26 04:00:00,4.1,4.4,,3.8,,84.0,0.2,2.0,0.0,262.0,1005.5,,,,
2023-06-26 05:00:00,3.7,4.1,,3.2,,86.0,0.0,0.0,0.0,0.0,1004.9,,,,
2023-06-26 06:00:00,3.4,3.9,6.7,2.9,2.9,87.0,0.0,0.4,0.0,0.0,1004.4,,,,
2023-06-26 07:00:00,3.5,3.9,,3.0,,87.0,0.3,1.8,234.0,208.0,1004.0,,,,
2023-06-26 08:00:00,4.2,5.0,,3.5,,84.0,0.3,3.0,303.0,259.0,1003.4,,,,
2023-06-26 09:00:00,5.3,6.2,,3.9,,79.0,0.8,2.2,316.0,230.0,1002.9,,,,
2023-06-26 10:00:00,6.3,7.9,,4.4,,74.0,0.4,3.0,209.0,1.0,1002.8,,,,
2023-06-26 11:00:00,7.9,8.3,,7.3,,66.0,3.1,4.8,205.0,208.0,1002.7,,,,
2023-06-26 12:00:00,8.4,9.0,,7.6,,66.0,2.9,4.4,224.0,208.0,1002.5,,,,
2023-06-26 13:00:00,8.9,9.7,,8.1,,64.0,3.0,4.5,272.0,234.0,1001.8,,,,
2023-06-26 14:00:00,7.0,9.6,,5.7,,70.0,2.6,4.5,1.0,344.0,1001.5,,,,
2023-06-26 15:00:00,6.7,8.4,,5.9,,71.0,2.0,6.1,319.0,331.0,1001.4,,,,
2023-06-26 16:00:00,8.1,9.4,,6.8,,64.0,2.2,7.3,312.0,314.0,1001.5,,,,60.0
2023-06-26 17:00:00,8.3,8.7,,7.7,,61.0,2.3,7.6,322.0,333.0,1001.1,,,,90.0
2023-06-26 18:00:00,7.3,8.3,9.7,6.7,3.0,74.0,2.8,4.5,343.0,342.0,1000.5,,,,100.0
2023-06-26 19:00:00,7.6,8.6,,6.5,,67.0,2.9,4.6,360.0,353.0,1000.7,,,,90.0
2023-06-26 20:00:00,7.4,8.9,,6.4,,69.0,3.1,5.2,13.0,357.0,1000.7,,,,100.0
2023-06-26 21:00:00,7.6,8.5,,6.6,,68.0,2.5,5.2,317.0,345.0,1000.5,,,,90.0
2023-06-26 22:00:00,11.4,14.7,,6.8,,56.0,4.8,9.9,119.0,79.0,999.8,,,,25.0
2023-06-26 23:00:00,13.1,14.6,,12.2,,50.0,7.7,11.4,99.0,104.0,999.8,,,,10.0
2023-06-27 00:00:00,12.7,13.2,,12.3,,50.0,7.2,11.4,120.0,113.0,999.6,,,,10.0
2023-06-27 01:00:00,12.8,13.2,,12.3,,47.0,7.5,13.0,112.0,115.0,999.0,,,,
2023-06-27 02:00:00,12.3,12.6,,12.1,,47.0,7.3,11.7,122.0,119.0,999.0,,,,75.0
2023-06-27 03:00:00,12.1,12.3,,11.8,,48.0,6.4,10.0,95.0,107.0,998.3,,,,40.0
2023-06-27 04:00:00,11.9,12.3,,11.3,,46.0,6.6,10.4,106.0,110.0,997.6,,,,40.0
2023-06-27 05:00:00,10.3,11.3,,9.5,,56.0,7.4,12.1,127.0,113.0,997.2,,,,10.0
2023-06-27 06:00:00,7.7,9.5,14.7,5.3,5.3,74.0,8.0,12.6,180.0,165.0,999.1,,,,100.0
2023-06-27 07:00:00,4.8,5.3,,4.5,,90.0,7.2,10.4,172.0,172.0,1000.6,,,,100.0
2023-06-27 08:00:00,4.8,5.1,,4.5,,93.0,5.8,9.8,171.0,168.0,1001.6,,,,100.0
2023-06-27 09:00:00,5.3,5.4,,5.1,,90.0,4.2,6.5,147.0,165.0,1002.3,,,,100.0
2023-06-27 10:00:00,5.5,5.7,,4.8,,81.0,2.2,4.8,332.0,278.0,1003.1,,,,100.0
2023-06-27 11:00:00,4.6,5.2,,3.9,,83.0,1.6,3.0,331.0,348.0,1004.1,,,,100.0
2023-06-27 12:00:00,4.0,4.4,,3.7,,88.0,2.3,6.1,354.0,360.0,1004.7,,,,100.0
2023-06-27 13:00:00,4.0,4.7,,3.6,,89.0,3.6,5.6,11.0,2.0,1005.6,,,,100.0
2023-06-27 14:00:00,3.7,4.1,,3.3,,90.0,3.7,5.7,14.0,2.0,1006.7,,,,100.0
2023-06-27 15:00:00,4.1,4.8,,3.5,,90.0,4.2,5.9,1.0,16.0,1007.0,,,,100.0
2023-06-27 16:00:00,7.0,8.5,,4.8,,80.0,2.0,4.4,236.0,334.0,1007.3,,,,90.0
2023-06-27 17:00:00,6.3,9.2,,4.1,,78.0,3.3,6.0,18.0,337.0,1007.8,,,,100.0
2023-06-27 18:00:00,6.0,6.4,9.2,5.5,3.3,78.0,2.2,6.5,56.0,17.0,1007.9,,,,100.0
2023-06-27 19:00:00,6.0,7.1,,4.8,,78.0,1.6,3.9,359.0,6.0,1007.7,,,,100.0
2023-06-27 20:00:00,7.6,8.3,,6.8,,68.0,2.6,4.7,54.0,22.0,1007.1,,,,100.0
2023-06-27 21:00:00,8.2,8.4,,7.9,,63.0,3.8,5.4,43.0,36.0,1006.8,,,,100.0
2023-06-27 22:00:00,8.1,8.3,,7.9,,65.0,4.5,6.5,42.0,43.0,1006.0,,,,90.0
2023-06-27 23:00:00,6.8,8.4,,5.1,,71.0,3.5,6.4,296.0,357.0,1006.4,,,,100.0
2023-06-28 00:00:00,5.5,6.2,,4.7,,77.0,3.0,4.5,8.0,12.0,1006.3,,,,100.0
2023-06-28 01:00:00,4.7,5.3,,4.3,,81.0,4.0,6.3,16.0,18.0,1006.5,,,,100.0
2023-06-28 02:00:00,5.0,5.1,,4.8,,79.0,3.3,5.5,11.0,16.0,1006.9,,,,100.0
2023-06-28 03:00:00,4.9,5.0,,4.8,,82.0,2.3,5.9,9.0,15.0,1007.1,,,,100.0
2023-06-28 04:00:00,4.8,4.9,,4.7,,83.0,0.7,2.4,0.0,13.0,1007.5,,,,100.0
2023-06-28 05:00:00,4.6,4.7,,4.4,,85.0,0.2,1.6,149.0,127.0,1008.1,,,,100.0
2023-06-28 06:00:00,4.5,4.6,8.4,4.3,4.3,89.0,1.1,1.8,0.0,153.0,1008.3,,,,100.0
2023-06-28 07:00:00,4.7,5.0,,4.4,,90.0,0.3,2.2,145.0,153.0,1008.6,,,,100.0
2023-06-28 08:00:00,5.2,5.5,,4.9,,87.0,1.5,2.5,183.0,199.0,1008.8,,,,100.0
2023-06-28 09:00:00,6.1,6.9,,5.5,,82.0,1.1,2.7,312.0,125.0,1009.1,,,,90.0
2023-06-28 10:00:00,5.5,6.9,,4.7,,84.0,1.2,2.7,303.0,335.0,1009.5,,,,40.0
2023-06-28 11:00:00,5.3,6.1,,4.7,,83.0,1.8,3.5,15.0,348.0,1009.5,,,,90.0
2023-06-28 12:00:00,5.7,6.1,,5.1,,81.0,2.0,8.7,304.0,300.0,1009.7,,,,90.0
2023-06-28 13:00:00,6.1,7.4,,5.3,,79.0,1.2,6.3,3.0,341.0,1009.8,,,,90.0
2023-06-28 14:00:00,6.8,7.8,,6.4,,74.0,2.4,4.2,360.0,352.0,1009.4,,,,50.0
2023-06-28 15:00:00,6.8,7.7,,6.1,,75.0,2.8,5.6,317.0,325.0,1008.9,,,,90.0
2023-06-28 16:00:00,7.4,7.8,,6.8,,72.0,2.1,4.3,338.0,325.0,1008.4,,,,90.0
2023-06-28 17:00:00,7.5,7.9,,6.9,,73.0,2.5,10.6,323.0,323.0,1007.9,,,,25.0
2023-06-28 18:00:00,7.4,8.4,8.4,6.2,4.4,74.0,3.9,6.8,25.0,6.0,1007.0,,,,
2023-06-28 19:00:00,7.3,8.2,,6.4,,70.0,4.2,5.6,14.0,13.0,1006.5,,,,10.0
2023-06-28 20:00:00,7.7,8.3,,6.7,,66.0,4.9,7.9,14.0,21.0,1005.6,,,,
2023-06-28 21:00:00,8.0,8.4,,7.6,,67.0,3.9,5.5,6.0,11.0,1004.8,,,,
2023-06-28 22:00:00,7.4,7.9,,6.8,,70.0,2.4,4.4,301.0,342.0,1003.8,,,,
2023-06-28 23:00:00,7.4,8.0,,6.7,,71.0,2.1,3.2,283.0,278.0,1003.1,,,,50.0
2023-06-29 00:00:00,7.8,8.3,,7.1,,70.0,1.9,3.1,296.0,287.0,1002.8,,,,
2023-06-29 01:00:00,7.8,8.2,,7.3,,69.0,0.2,1.8,212.0,264.0,1002.7,,,,40.0
2023-06-29 02:00:00,7.0,8.1,,6.1,,70.0,1.3,3.4,31.0,327.0,1002.6,,,,100.0
2023-06-29 03:00:00,7.9,9.0,,5.8,,65.0,2.7,5.3,145.0,122.0,1002.3,,,,100.0
2023-06-29 04:00:00,8.8,9.3,,8.2,,59.0,3.7,6.6,101.0,109.0,1001.9,,,,100.0
2023-06-29 05:00:00,8.5,8.9,,8.3,,59.0,6.0,8.3,105.0,98.0,1001.4,,,,100.0
2023-06-29 06:00:00,8.7,8.9,9.3,7.2,5.7,60.0,4.7,7.8,90.0,96.0,1001.4,,,,100.0
2023-06-29 07:00:00,5.8,7.4,,4.6,,74.0,2.4,4.9,294.0,327.0,1002.1,,,,100.0
2023-06-29 08:00:00,5.7,6.4,,4.9,,76.0,0.1,1.2,0.0,43.0,1001.9,,,,90.0
2023-06-29 09:00:00,5.8,6.4,,5.3,,78.0,0.3,1.9,161.0,250.0,1002.3,,,,100.0
2023-06-29 10:00:00,6.4,6.7,,6.1,,82.0,1.9,3.2,188.0,165.0,1002.7,,,,100.0
2023-06-29 11:00:00,5.7,6.7,,5.3,,88.0,2.4,5.4,203.0,229.0,1003.0,,,,100.0
2023-06-29 12:00:00,5.8,6.1,,5.6,,91.0,2.5,3.7,224.0,212.0,1003.2,,,,100.0
2023-06-29 13:00:00,5.4,5.8,,5.0,,89.0,2.0,3.6,231.0,224.0,1003.3,,,,100.0
2023-06-29 14:00:00,5.2,5.4,,4.9,,91.0,1.1,2.8,294.0,267.0,1003.3,,,,100.0
2023-06-29 15:00:00,5.2,5.4,,4.8,,92.0,0.9,2.8,15.0,346.0,1003.3,,,,100.0
2023-06-29 16:00:00,5.1,5.5,,4.7,,94.0,1.6,2.7,300.0,304.0,1003.3,,,,100.0
2023-06-29 17:00:00,4.9,5.5,,4.3,,94.0,1.3,2.3,18.0,333.0,1003.6,,,,100.0
2023-06-29 18:00:00,5.4,5.8,7.4,5.3,4.3,90.0,1.2,3.0,0.0,302.0,1003.9,,,,100.0
2023-06-29 19:00:00,5.5,5.8,,5.4,,84.0,1.1,3.0,336.0,358.0,1004.2,,,,100.0
2023-06-29 20:00:00,5.5,6.0,,4.7,,84.0,2.0,6.1,278.0,319.0,1004.8,,,,100.0
2023-06-29 21:00:00,4.3,4.7,,4.0,,93.0,2.2,3.9,281.0,274.0,1005.4,,,,100.0
2023-06-29 22:00:00,4.2,4.4,,3.9,,95.0,0.4,2.2,172.0,237.0,1005.9,,,,100.0
2023-06-29 23:00:00,4.5,4.6,,4.3,,91.0,1.2,2.3,157.0,157.0,1006.4,,,,100.0
2023-06-30 00:00:00,4.4,4.7,,4.2,,91.0,1.8,2.8,133.0,160.0,1006.9,,,,100.0
2023-06-30 01:00:00,4.8,5.1,,4.3,,87.0,1.7,2.8,50.0,58.0,1007.3,,,,100.0
2023-06-30 02:00:00,5.3,5.4,,5.1,,82.0,0.7,2.8,0.0,51.0,1008.0,,,,100.0
2023-06-30 03:00:00,5.2,5.6,,4.4,,84.0,0.0,0.0,0.0,0.0,1008.9,,,,100.0
2023-06-30 04:00:00,4.2,4.7,,3.6,,92.0,0.0,0.4,0.0,0.0,1009.5,,,,90.0
2023-06-30 05:00:00,3.5,3.8,,3.1,,94.0,0.0,0.4,0.0,0.0,1010.2,,,,100.0
2023-06-30 06:00:00,3.1,3.8,6.0,2.3,2.3,94.0,1.5,4.8,253.0,222.0,1011.1,,,,
2023-06-30 07:00:00,2.3,2.5,,2.2,,99.0,1.6,3.5,241.0,232.0,1012.1,,,,
2023-06-30 08:00:00,2.5,3.0,,2.1,,99.0,0.9,2.6,221.0,220.0,1012.6,,,,100.0
2023-06-30 09:00:00,3.0,3.4,,2.6,,96.0,1.2,3.9,197.0,196.0,1013.2,,,,100.0
2023-06-30 10:00:00,3.6,4.1,,3.3,,92.0,1.0,2.8,127.0,168.0,1013.7,,,,100.0
2023-06-30 11:00:00,4.4,4.7,,3.9,,87.0,0.7,1.9,289.0,278.0,1013.9,,,,90.0
2023-06-30 12:00:00,4.8,5.1,,4.3,,83.0,1.4,7.1,323.0,307.0,1014.5,,,,100.0
2023-06-30 13:00:00,4.8,5.2,,4.5,,82.0,1.6,2.9,308.0,306.0,1014.8,,,,100.0
2023-06-30 14:00:00,5.1,5.6,,4.4,,81.0,1.8,6.3,315.0,308.0,1015.1,,,,100.0
2023-06-30 15:00:00,4.8,5.1,,4.4,,82.0,1.7,4.8,340.0,327.0,1015.2,,,,90.0
2023-06-30 16:00:00,4.9,5.4,,4.4,,82.0,2.1,5.4,308.0,339.0,1015.4,,,,100.0
2023-06-30 17:00:00,4.6,4.8,,4.4,,84.0,2.5,4.7,312.0,309.0,1015.6,,,,100.0
2023-06-30 18:00:00,4.5,4.9,5.6,4.2,2.1,83.0,2.1,3.7,313.0,323.0,1015.7,,,,100.0
2023-06-30 19:00:00,5.0,5.7,,4.3,,78.0,2.3,5.0,315.0,328.0,1015.9,,,,90.0
2023-06-30 20:00:00,4.9,5.6,,4.3,,77.0,2.3,3.4,334.0,321.0,1016.1,,,,90.0
2023-06-30 21:00:00,5.0,5.5,,4.4,,77.0,2.2,5.9,314.0,315.0,1016.5,,,,90.0
2023-06-30 22:00:00,4.7,5.0,,4.2,,79.0,2.1,3.0,329.0,322.0,1016.7,,,,90.0
2023-06-30 23:00:00,4.1,4.2,,4.0,,83.0,2.3,3.2,329.0,331.0,1016.9,,,,90.0
2023-07-01 00:00:00,4.1,4.3,,3.8,,85.0,2.7,3.9,329.0,335.0,1017.1,,,,90.0
2023-07-01 01:00:00,4.0,4.1,,3.8,,86.0,2.6,4.8,3.0,351.0,1017.2,,,,50.0
2023-07-01 02:00:00,4.0,4.2,,3.8,,85.0,2.7,3.9,354.0,4.0,1017.3,,,,10.0
2023-07-01 03:00:00,3.7,4.1,,3.4,,86.0,2.4,4.5,18.0,355.0,1017.5,,,,
2023-07-01 04:00:00,2.6,3.8,,1.5,,90.0,0.2,2.4,0.0,147.0,1017.7,,,,100.0
2023-07-01 05:00:00,1.9,2.4,,1.4,,92.0,0.1,1.9,156.0,162.0,1017.8,,,,
2023-07-01 06:00:00,2.0,2.5,5.7,1.5,1.4,92.0,0.7,1.9,0.0,158.0,1018.0,,,,10.0
2023-07-01 07:00:00,3.4,4.3,,2.3,,86.0,0.5,2.1,22.0,159.0,1018.3,,,,
2023-07-01 08:00:00,3.9,4.2,,3.6,,87.0,1.3,2.3,14.0,22.0,1018.5,,,,
2023-07-01 09:00:00,4.2,5.4,,3.4,,79.0,0.7,3.1,15.0,16.0,1018.7,,,,10.0
2023-07-01 10:00:00,4.2,5.3,,3.5,,79.0,1.1,3.3,25.0,329.0,1018.8,,,,90.0
2023-07-01 11:00:00,4.9,5.6,,4.4,,75.0,1.9,6.1,283.0,314.0,1018.8,,,,50.0
2023-07-01 12:00:00,5.3,5.8,,4.7,,72.0,1.9,6.4,320.0,303.0,1018.7,,,,75.0
2023-07-01 13:00:00,5.2,5.9,,4.8,,73.0,1.6,6.0,343.0,331.0,1018.5,,,,100.0
2023-07-01 14:00:00,5.2,5.6,,4.9,,77.0,2.0,6.3,333.0,329.0,1018.3,,,,100.0
2023-07-01 15:00:00,5.4,5.7,,5.2,,79.0,1.7,2.4,322.0,332.0,1017.9,,,,100.0
2023-07-01 16:00:00,6.0,7.2,,5.4,,79.0,2.2,5.6,338.0,336.0,1017.7,,,,90.0
2023-07-01 17:00:00,5.9,6.4,,5.7,,81.0,2.2,3.2,334.0,342.0,1017.6,,,,100.0
2023-07-01 18:00:00,5.7,6.1,7.3,5.2,2.3,81.0,2.2,6.0,334.0,344.0,1017.6,,,,90.0
2023-07-01 19:00:00,5.9,6.6,,5.6,,78.0,2.3,5.2,355.0,351.0,1017.9,,,,90.0
2023-07-01 20:00:00,5.8,6.3,,5.3,,80.0,2.1,3.9,348.0,340.0,1018.2,,,,90.0
2023-07-01 21:00:00,6.0,6.4,,5.5,,77.0,2.3,3.2,357.0,357.0,1018.5,,,,100.0
2023-07-01 22:00:00,6.1,6.4,,5.8,,76.0,2.9,4.4,356.0,358.0,1018.7,,,,90.0
2023-07-01 23:00:00,5.9,6.2,,5.3,,78.0,2.8,3.4,345.0,351.0,1018.9,,,,90.0
2023-07-02 00:00:00,5.5,6.1,,5.3,,81.0,2.8,3.6,12.0,355.0,1019.3,,,,10.0
2023-07-02 01:00:00,5.7,6.3,,5.3,,81.0,3.0,3.9,356.0,6.0,1019.8,,,,
2023-07-02 02:00:00,5.3,5.6,,4.9,,84.0,2.0,3.4,11.0,345.0,1020.0,,,,
2023-07-02 03:00:00,4.6,5.1,,4.1,,86.0,0.4,1.6,0.0,8.0,1019.9,,,,
2023-07-02 04:00:00,4.3,4.6,,3.8,,87.0,0.0,0.4,0.0,0.0,1020.0,,,,
2023-07-02 05:00:00,2.8,3.5,,2.1,,91.0,0.0,0.0,0.0,0.0,1020.2,,,,
2023-07-02 06:00:00,2.7,3.1,6.6,2.4,2.1,91.0,0.0,0.0,0.0,0.0,1020.3,,,,
2023-07-02 07:00:00,3.4,3.8,,2.7,,89.0,0.3,2.4,155.0,160.0,1020.3,,,,
2023-07-02 08:00:00,5.0,6.2,,3.8,,82.0,0.6,2.4,0.0,136.0,1020.3,,,,
2023-07-02 09:00:00,5.6,6.5,,5.0,,78.0,0.0,0.4,0.0,0.0,1020.3,,,,
2023-07-02 10:00:00,6.6,7.3,,5.7,,69.0,0.0,0.0,0.0,0.0,1020.3,,,,
2023-07-02 11:00:00,7.8,8.3,,7.0,,61.0,1.5,3.2,281.0,280.0,1020.6,,,,
2023-07-02 12:00:00,7.6,8.6,,6.6,,59.0,2.9,6.9,289.0,288.0,1020.9,,,,
2023-07-02 13:00:00,8.1,8.6,,7.8,,60.0,2.3,3.3,282.0,285.0,1021.0,,,,
2023-07-02 14:00:00,8.7,9.4,,8.0,,60.0,2.5,4.0,283.0,288.0,1021.4,,,,
2023-07-02 15:00:00,10.4,11.8,,8.9,,48.0,2.9,7.6,89.0,39.0,1021.1,,,,
2023-07-02 16:00:00,11.5,12.4,,9.4,,44.0,5.4,9.5,106.0,96.0,1020.8,,,,
2023-07-02 17:00:00,12.6,13.4,,12.0,,36.0,7.1,10.1,93.0,94.0,1020.8,,,,
2023-07-02 18:00:00,13.2,13.6,13.6,12.8,2.7,35.0,5.6,9.0,96.0,96.0,1020.5,,,,
2023-07-02 19:00:00,13.5,13.8,,13.1,,34.0,7.5,11.1,101.0,104.0,1020.5,,,,
2023-07-02 20:00:00,13.7,14.1,,13.4,,33.0,6.6,10.7,101.0,106.0,1020.5,,,,
2023-07-02 21:00:00,13.9,14.2,,13.6,,32.0,7.3,11.3,107.0,114.0,1020.3,,,,
2023-07-02 22:00:00,13.9,14.1,,13.7,,33.0,7.5,11.0,93.0,100.0,1020.1,,,,
2023-07-02 23:00:00,13.7,13.8,,13.6,,34.0,8.0,11.9,101.0,96.0,1019.8,,,,
2023-07-03 00:00:00,13.5,13.9,,12.9,,36.0,8.0,12.1,95.0,97.0,1019.2,,,,
2023-07-03 01:00:00,12.9,13.2,,12.7,,43.0,9.2,14.4,103.0,102.0,1019.3,,,,
2023-07-03 02:00:00,12.7,13.0,,12.3,,39.0,10.4,15.0,105.0,105.0,1018.8,,,,
2023-07-03 03:00:00,12.1,12.6,,11.8,,38.0,10.4,14.8,104.0,104.0,1018.8,,,,
2023-07-03 04:00:00,11.2,12.0,,10.8,,38.0,11.6,15.8,103.0,104.0,1018.8,,,,
2023-07-03 05:00:00,10.7,11.4,,10.2,,38.0,10.9,16.5,99.0,98.0,1019.2,,,,
2023-07-03 06:00:00,10.1,10.4,14.2,9.7,9.7,41.0,9.9,14.4,102.0,102.0,1019.0,,,,
2023-07-03 07:00:00,10.0,10.3,,9.8,,40.0,9.9,14.2,104.0,106.0,1018.8,,,,
2023-07-03 08:00:00,10.2,10.4,,9.9,,38.0,9.8,14.8,99.0,103.0,1018.4,,,,
2023-07-03 09:00:00,10.6,10.8,,10.3,,38.0,10.9,15.5,106.0,103.0,1018.1,,,,
2023-07-03 10:00:00,10.8,11.0,,10.6,,39.0,10.6,16.2,106.0,106.0,1018.3,,,,
2023-07-03 11:00:00,11.1,11.3,,10.8,,39.0,9.9,14.3,96.0,100.0,1018.1,,,,
2023-07-03 12:00:00,11.5,11.9,,11.1,,40.0,10.1,14.7,95.0,95.0,1017.9,,,,
2023-07-03 13:00:00,12.2,12.7,,11.8,,42.0,9.1,13.1,100.0,98.0,1017.9,,,,
2023-07-03 14:00:00,12.8,13.2,,12.4,,44.0,8.0,12.7,110.0,104.0,1018.5,,,,90.0
2023-07-03 15:00:00,13.0,13.3,,12.7,,46.0,4.2,7.0,158.0,153.0,1018.6,,,,100.0
2023-07-03 16:00:00,12.7,12.9,,12.3,,48.0,3.7,7.6,104.0,132.0,1018.4,,,,100.0
2023-07-03 17:00:00,12.3,12.7,,11.9,,50.0,6.1,9.2,105.0,99.0,1018.0,,,,100.0
2023-07-03 18:00:00,12.6,12.8,13.3,12.3,9.8,50.0,6.8,11.2,110.0,108.0,1018.1,,,,100.0
2023-07-03 19:00:00,13.0,13.3,,12.6,,50.0,5.3,8.7,105.0,109.0,1018.2,,,,90.0
2023-07-03 20:00:00,12.5,12.8,,10.4,,52.0,4.2,7.1,117.0,110.0,1018.7,,,,100.0
2023-07-03 21:00:00,10.4,11.3,,9.6,,64.0,1.8,5.3,187.0,226.0,1019.2,,,,100.0
2023-07-03 22:00:00,10.9,11.3,,10.7,,74.0,2.1,4.4,132.0,169.0,1019.3,,,,100.0
2023-07-03 23:00:00,10.8,11.0,,10.6,,80.0,2.5,5.1,127.0,146.0,1019.1,,,,100.0
2023-07-04 00:00:00,10.6,10.8,,10.3,,77.0,3.3,5.7,108.0,120.0,1019.1,,,,100.0
2023-07-04 01:00:00,9.3,10.2,,8.6,,81.0,4.6,6.8,103.0,103.0,1019.5,,,,100.0
2023-07-04 02:00:00,7.4,8.7,,6.4,,93.0,2.5,6.0,245.0,33.0,1019.5,,,,100.0
2023-07-04 03:00:00,7.6,8.4,,6.9,,96.0,0.8,3.1,144.0,179.0,1019.3,,,,100.0
2023-07-04 04:00:00,8.1,8.7,,5.1,,93.0,2.0,5.6,198.0,110.0,1019.5,,,,100.0
2023-07-04 05:00:00,5.0,6.2,,4.4,,98.0,1.8,5.8,166.0,266.0,1019.9,,,,100.0
2023-07-04 06:00:00,5.4,5.6,13.3,5.0,4.4,97.0,0.6,3.0,40.0,44.0,1019.5,,,,100.0
2023-07-04 07:00:00,5.7,5.8,,5.5,,95.0,1.6,3.2,13.0,14.0,1019.2,,,,100.0
2023-07-04 08:00:00,5.9,6.5,,5.6,,95.0,2.1,3.6,40.0,17.0,1018.8,,,,100.0
2023-07-04 09:00:00,6.5,6.8,,5.9,,94.0,3.1,4.5,12.0,17.0,1018.4,,,,100.0
2023-07-04 10:00:00,6.6,6.8,,6.2,,95.0,2.9,4.3,10.0,15.0,1018.3,,,,100.0
2023-07-04 11:00:00,7.3,7.6,,6.7,,92.0,2.2,2.9,46.0,39.0,1017.9,,,,100.0
2023-07-04 12:00:00,7.8,8.1,,7.6,,90.0,0.6,2.0,0.0,145.0,1017.6,,,,100.0
2023-07-04 13:00:00,8.0,8.2,,7.7,,93.0,1.6,6.0,293.0,281.0,1017.4,,,,100.0
2023-07-04 14:00:00,7.6,8.1,,7.3,,93.0,0.3,2.1,300.0,335.0,1017.4,,,,100.0
2023-07-04 15:00:00,7.2,7.6,,6.7,,95.0,1.8,4.2,20.0,7.0,1017.6,,,,100.0
2023-07-04 16:00:00,7.8,8.1,,7.4,,92.0,1.9,3.1,355.0,21.0,1017.6,,,,100.0
2023-07-04 17:00:00,7.9,8.2,,7.6,,92.0,1.0,6.2,0.0,357.0,1017.9,,,,100.0
2023-07-04 18:00:00,6.7,8.3,8.3,4.8,4.8,93.0,2.0,6.0,286.0,298.0,1018.9,,,,100.0
2023-07-04 19:00:00,5.2,6.2,,4.6,,95.0,1.1,4.8,194.0,224.0,1019.7,,,,100.0
2023-07-04 20:00:00,6.3,6.6,,6.1,,97.0,1.6,2.7,144.0,197.0,1020.2,,,,100.0
2023-07-04 21:00:00,6.8,7.2,,6.4,,96.0,0.9,2.4,50.0,103.0,1020.5,,,,100.0
2023-07-04 22:00:00,7.3,7.6,,7.1,,91.0,0.8,2.4,10.0,37.0,1020.8,,,,100.0
2023-07-04 23:00:00,7.5,7.6,,7.4,,87.0,1.4,2.6,61.0,35.0,1021.0,,,,100.0
2023-07-05 00:00:00,7.4,7.6,,7.3,,87.0,2.0,4.1,43.0,43.0,1020.8,,,,100.0
2023-07-05 01:00:00,7.6,7.7,,7.5,,88.0,2.5,4.1,50.0,43.0,1020.7,,,,100.0
2023-07-05 02:00:00,7.5,7.7,,7.3,,88.0,1.9,3.8,26.0,47.0,1020.4,,,,100.0
2023-07-05 03:00:00,6.2,7.3,,5.4,,92.0,1.5,3.6,30.0,333.0,1020.0,,,,90.0
2023-07-05 04:00:00,6.0,6.4,,5.4,,93.0,0.4,1.9,355.0,317.0,1019.6,,,,90.0
2023-07-05 05:00:00,4.9,5.6,,3.7,,95.0,0.5,2.9,324.0,328.0,1019.2,,,,90.0
2023-07-05 06:00:00,4.3,4.7,7.7,3.6,3.6,97.0,1.2,3.1,286.0,266.0,1018.9,,,,75.0
2023-07-05 07:00:00,4.9,5.3,,4.4,,95.0,0.4,2.0,326.0,9.0,1018.4,,,,100.0
2023-07-05 08:00:00,4.8,5.2,,4.4,,92.0,1.0,3.4,295.0,299.0,1017.7,,,,100.0
2023-07-05 09:00:00,5.6,6.1,,5.0,,89.0,0.9,3.4,291.0,309.0,1016.5,,,,100.0
2023-07-05 10:00:00,6.5,6.9,,5.8,,84.0,1.6,3.6,1.0,304.0,1015.6,,,,100.0
2023-07-05 11:00:00,6.7,7.3,,6.1,,82.0,1.2,5.8,291.0,296.0,1014.9,,,,75.0
2023-07-05 12:00:00,7.4,8.2,,6.6,,77.0,1.0,3.9,273.0,300.0,1014.5,,,,100.0
2023-07-05 13:00:00,5.6,7.7,,4.4,,84.0,2.5,4.1,26.0,346.0,1014.3,,,,100.0
2023-07-05 14:00:00,6.1,6.7,,5.3,,88.0,1.4,4.6,326.0,301.0,1015.3,,,,100.0
2023-07-05 15:00:00,6.4,7.3,,5.3,,92.0,0.9,5.1,308.0,334.0,1015.1,,,,100.0
2023-07-05 16:00:00,9.4,10.1,,7.3,,81.0,5.4,9.0,103.0,97.0,1014.5,,,,100.0
2023-07-05 17:00:00,9.2,9.4,,9.0,,82.0,4.2,7.6,109.0,121.0,1014.8,,,,100.0
2023-07-05 18:00:00,9.4,10.3,10.3,9.0,4.4,81.0,5.1,7.5,116.0,105.0,1014.3,,,,100.0
2023-07-05 19:00:00,8.0,10.5,,6.3,,85.0,2.7,5.9,8.0,41.0,1014.7,,,,100.0
2023-07-05 20:00:00,8.1,9.2,,7.5,,86.0,1.1,3.5,169.0,306.0,1015.0,,,,100.0
2023-07-05 21:00:00,8.3,9.8,,7.0,,85.0,3.3,7.9,70.0,50.0,1015.1,,,,100.0
2023-07-05 22:00:00,8.9,10.2,,7.3,,82.0,3.0,7.0,277.0,2.0,1015.3,,,,100.0
2023-07-05 23:00:00,7.1,7.6,,6.7,,89.0,2.2,3.6,292.0,283.0,1016.0,,,,100.0
2023-07-06 00:00:00,5.6,6.6,,5.3,,95.0,1.5,4.1,349.0,310.0,1017.2,,,,100.0
2023-07-06 01:00:00,5.8,5.9,,5.4,,97.0,1.8,3.6,29.0,19.0,1017.5,,,,100.0
2023-07-06 02:00:00,6.1,6.3,,5.8,,95.0,2.6,4.6,7.0,31.0,1017.7,,,,100.0
2023-07-06 03:00:00,6.0,6.2,,5.9,,96.0,2.7,3.7,33.0,38.0,1017.8,,,,100.0
2023-07-06 04:00:00,6.0,6.2,,5.9,,95.0,2.6,3.4,33.0,30.0,1018.1,,,,100.0
2023-07-06 05:00:00,6.2,6.3,,6.1,,93.0,2.1,3.4,49.0,48.0,1018.3,,,,100.0
2023-07-06 06:00:00,6.1,6.3,10.5,6.1,5.3,94.0,1.1,3.5,59.0,49.0,1018.5,,,,100.0
2023-07-06 07:00:00,6.3,6.5,,6.2,,92.0,1.4,2.9,52.0,53.0,1018.5,,,,100.0
2023-07-06 08:00:00,6.5,6.7,,6.4,,91.0,1.2,2.7,45.0,37.0,1018.8,,,,100.0
2023-07-06 09:00:00,6.6,6.8,,6.6,,91.0,1.6,3.6,51.0,51.0,1019.4,,,,100.0
2023-07-06 10:00:00,6.9,7.1,,6.8,,91.0,2.6,4.4,67.0,47.0,1019.3,,,,100.0
2023-07-06 11:00:00,7.4,7.6,,7.1,,89.0,2.6,4.3,49.0,51.0,1018.9,,,,100.0
2023-07-06 12:00:00,7.7,7.9,,7.4,,86.0,1.8,3.6,17.0,15.0,1018.5,,,,100.0
2023-07-06 13:00:00,6.4,7.6,,5.6,,93.0,1.3,6.9,351.0,345.0,1018.3,,,,100.0
2023-07-06 14:00:00,6.7,7.4,,5.5,,93.0,1.1,3.8,340.0,350.0,1017.7,,,,100.0
2023-07-06 15:00:00,6.4,7.2,,5.3,,94.0,0.5,2.4,288.0,279.0,1017.5,,,,100.0
2023-07-06 16:00:00,6.6,7.3,,5.9,,92.0,1.4,6.0,314.0,310.0,1016.3,,,,100.0
2023-07-06 17:00:00,8.1,10.2,,6.8,,83.0,2.8,7.3,281.0,287.0,1015.8,,,,90.0
2023-07-06 18:00:00,7.8,9.9,10.2,6.9,5.3,82.0,2.6,6.6,360.0,308.0,1015.3,,,,100.0
2023-07-06 19:00:00,11.1,11.6,,8.6,,67.0,5.3,10.4,99.0,87.0,1014.3,,,,100.0
2023-07-06 20:00:00,10.9,11.4,,10.4,,68.0,7.6,11.4,108.0,107.0,1014.3,,,,100.0
2023-07-06 21:00:00,10.6,10.9,,10.3,,74.0,6.0,9.3,130.0,119.0,1014.4,,,,100.0
2023-07-06 22:00:00,10.1,10.4,,9.8,,81.0,5.0,7.2,115.0,120.0,1013.9,,,,100.0
2023-07-06 23:00:00,9.7,10.3,,9.2,,86.0,5.6,8.6,126.0,112.0,1013.9,,,,100.0
2023-07-07 00:00:00,10.3,10.6,,9.9,,87.0,4.2,6.8,113.0,120.0,1013.7,,,,100.0
2023-07-07 01:00:00,9.1,9.7,,8.8,,88.0,5.8,8.5,102.0,104.0,1013.4,,,,100.0
2023-07-07 02:00:00,9.6,10.0,,8.9,,86.0,7.1,11.0,92.0,97.0,1012.3,,,,100.0
2023-07-07 03:00:00,9.3,10.2,,8.8,,87.0,8.8,13.6,111.0,95.0,1012.2,,,,100.0
2023-07-07 04:00:00,10.2,11.2,,9.5,,87.0,6.5,10.4,111.0,106.0,1012.2,,,,100.0
2023-07-07 05:00:00,9.9,10.3,,9.7,,86.0,6.1,9.4,110.0,108.0,1011.8,,,,100.0
2023-07-07 06:00:00,10.3,10.7,11.6,9.8,8.3,80.0,6.1,9.2,120.0,115.0,1012.4,,,,100.0
2023-07-07 07:00:00,10.3,10.8,,9.9,,81.0,5.1,8.6,111.0,112.0,1012.1,,,,100.0
2023-07-07 08:00:00,10.6,11.4,,10.2,,81.0,5.0,10.0,105.0,105.0,1012.2,,,,100.0
2023-07-07 09:00:00,10.4,10.9,,9.9,,81.0,5.8,10.6,135.0,115.0,1012.8,,,,100.0
2023-07-07 10:00:00,10.5,10.9,,10.1,,80.0,4.7,6.8,127.0,127.0,1012.8,,,,100.0
2023-07-07 11:00:00,9.9,10.2,,9.6,,82.0,6.3,11.2,100.0,108.0,1013.2,,,,100.0
2023-07-07 12:00:00,10.0,10.5,,9.7,,81.0,5.9,9.6,116.0,108.0,1014.0,,,,100.0
2023-07-07 13:00:00,5.7,10.6,,4.6,,92.0,2.4,6.6,26.0,357.0,1015.2,,,,100.0
2023-07-07 14:00:00,5.5,6.5,,4.9,,94.0,3.1,5.5,17.0,20.0,1015.1,,,,100.0
2023-07-07 15:00:00,5.9,6.7,,4.9,,94.0,4.4,6.3,341.0,7.0,1014.9,,,,100.0
2023-07-07 16:00:00,5.0,5.4,,4.4,,96.0,3.3,4.9,18.0,2.0,1015.1,,,,100.0
2023-07-07 17:00:00,5.6,7.0,,5.2,,95.0,2.7,6.4,269.0,331.0,1015.3,,,,100.0
2023-07-07 18:00:00,5.6,6.2,11.4,4.5,4.4,96.0,3.4,6.5,278.0,289.0,1016.6,,,,100.0
2023-07-07 19:00:00,4.2,4.6,,4.1,,98.0,1.2,4.4,0.0,331.0,1018.0,,,,100.0
2023-07-07 20:00:00,4.6,5.0,,4.3,,98.0,0.2,1.7,334.0,307.0,1019.2,,,,100.0
2023-07-07 21:00:00,5.2,5.9,,4.8,,98.0,1.3,3.7,145.0,80.0,1020.0,,,,100.0
2023-07-07 22:00:00,7.4,7.7,,5.9,,95.0,5.6,8.3,176.0,178.0,1020.6,,,,100.0
2023-07-07 23:00:00,7.7,8.1,,7.4,,94.0,4.0,6.4,179.0,176.0,1021.1,,,,100.0
2023-07-08 00:00:00,7.9,8.1,,7.6,,93.0,4.0,7.7,221.0,193.0,1022.2,,,,100.0
2023-07-08 01:00:00,6.9,7.6,,6.2,,95.0,4.6,7.5,219.0,204.0,1022.9,,,,100.0
2023-07-08 02:00:00,6.2,6.2,,6.1,,96.0,3.0,4.5,216.0,211.0,1023.3,,,,100.0
2023-07-08 03:00:00,5.9,6.1,,5.8,,96.0,1.8,3.3,170.0,185.0,1023.8,,,,100.0
2023-07-08 04:00:00,6.1,6.4,,5.8,,94.0,3.9,5.8,165.0,168.0,1023.8,,,,100.0
2023-07-08 05:00:00,6.2,6.4,,6.0,,94.0,3.7,5.0,133.0,140.0,1023.8,,,,100.0
2023-07-08 06:00:00,6.5,6.6,8.1,6.4,4.1,93.0,3.6,5.8,145.0,136.0,1023.9,,,,100.0
2023-07-08 07:00:00,6.5,6.6,,6.3,,94.0,2.9,4.2,146.0,151.0,1024.3,,,,100.0
2023-07-08 08:00:00,6.8,7.1,,6.6,,93.0,1.0,2.6,0.0,155.0,1024.3,,,,100.0
2023-07-08 09:00:00,6.0,6.9,,5.7,,95.0,2.0,3.4,7.0,357.0,1024.1,,,,100.0
2023-07-08 10:00:00,5.7,6.0,,5.3,,98.0,2.4,3.5,6.0,354.0,1024.3,,,,90.0
2023-07-08 11:00:00,5.4,6.1,,4.9,,98.0,1.3,2.7,136.0,30.0,1023.9,,,,100.0
2023-07-08 12:00:00,6.6,7.3,,6.2,,94.0,1.9,6.7,335.0,348.0,1023.3,,,,90.0
2023-07-08 13:00:00,5.4,6.1,,4.7,,93.0,3.1,6.7,352.0,353.0,1023.0,,,,90.0
2023-07-08 14:00:00,6.5,7.3,,5.5,,89.0,4.1,7.6,12.0,360.0,1022.5,,,,75.0
2023-07-08 15:00:00,7.5,8.2,,6.6,,85.0,4.3,6.6,354.0,360.0,1021.9,,,,
2023-07-08 16:00:00,7.3,7.9,,6.8,,85.0,3.9,7.9,17.0,1.0,1021.4,,,,
2023-07-08 17:00:00,7.2,8.2,,6.4,,85.0,3.8,6.0,1.0,1.0,1021.0,,,,
2023-07-08 18:00:00,8.2,9.0,9.0,7.7,4.7,82.0,3.7,5.6,360.0,360.0,1020.6,,,,10.0
2023-07-08 19:00:00,7.7,9.0,,6.9,,83.0,2.9,7.0,352.0,349.0,1020.4,,,,90.0
2023-07-08 20:00:00,7.7,8.6,,7.0,,83.0,1.3,3.4,276.0,314.0,1020.4,,,,90.0
2023-07-08 21:00:00,8.5,9.0,,8.0,,81.0,1.2,2.1,279.0,300.0,1020.1,,,,100.0
2023-07-08 22:00:00,7.3,8.0,,6.8,,88.0,1.0,2.0,0.0,331.0,1019.7,,,,100.0
2023-07-08 23:00:00,7.2,7.5,,6.8,,91.0,0.0,0.0,0.0,0.0,1019.6,,,,100.0
2023-07-09 00:00:00,7.2,8.0,,6.8,,90.0,0.3,1.9,321.0,283.0,1019.3,,,,90.0
2023-07-09 01:00:00,7.1,8.2,,6.0,,88.0,0.5,1.8,0.0,346.0,1019.2,,,,90.0
2023-07-09 02:00:00,6.9,7.2,,6.6,,90.0,0.1,0.8,0.0,170.0,1019.0,,,,90.0
2023-07-09 03:00:00,6.6,7.1,,6.2,,89.0,0.5,2.0,312.0,209.0,1019.1,,,,90.0
2023-07-09 04:00:00,6.3,6.6,,6.0,,83.0,0.5,2.3,182.0,259.0,1019.4,,,,90.0
2023-07-09 05:00:00,6.4,7.3,,5.9,,87.0,1.3,2.6,150.0,131.0,1019.7,,,,90.0
2023-07-09 06:00:00,8.0,8.8,9.1,7.4,5.9,76.0,1.1,2.6,105.0,143.0,1020.1,,,,100.0
2023-07-09 07:00:00,9.0,9.5,,8.6,,75.0,1.9,3.5,159.0,156.0,1020.3,,,,100.0
2023-07-09 08:00:00,8.5,9.4,,7.2,,73.0,2.0,5.7,85.0,91.0,1020.6,,,,90.0
2023-07-09 09:00:00,8.7,11.5,,6.6,,69.0,2.2,5.3,124.0,81.0,1021.1,,,,90.0
2023-07-09 10:00:00,8.3,9.8,,7.1,,71.0,2.4,4.5,23.0,15.0,1021.3,,,,90.0
2023-07-09 11:00:00,7.8,10.3,,5.9,,74.0,2.7,4.9,255.0,311.0,1022.0,,,,40.0
2023-07-09 12:00:00,8.6,10.2,,6.8,,73.0,1.3,5.2,24.0,322.0,1021.8,,,,
2023-07-09 13:00:00,10.7,12.4,,9.2,,64.0,2.1,3.7,280.0,343.0,1022.0,,,,25.0
2023-07-09 14:00:00,12.3,13.2,,10.9,,57.0,1.4,4.5,17.0,312.0,1021.8,,,,
2023-07-09 15:00:00,10.9,12.6,,9.6,,62.0,2.1,6.3,37.0,331.0,1022.2,,,,100.0
2023-07-09 16:00:00,11.8,12.7,,9.9,,61.0,2.0,3.0,293.0,327.0,1022.1,,,,100.0
2023-07-09 17:00:00,12.0,12.7,,10.9,,59.0,1.4,3.1,312.0,318.0,1021.9,,,,100.0
2023-07-09 18:00:00,10.6,11.4,13.2,9.9,5.9,62.0,1.7,3.0,305.0,324.0,1022.0,,,,90.0
2023-07-09 19:00:00,9.9,10.8,,9.0,,68.0,1.3,3.6,262.0,296.0,1022.2,,,,100.0
2023-07-09 20:00:00,10.8,11.4,,10.5,,65.0,1.4,2.3,7.0,330.0,1022.4,,,,100.0
2023-07-09 21:00:00,11.9,12.5,,10.7,,61.0,0.4,1.8,18.0,11.0,1022.4,,,,100.0
2023-07-09 22:00:00,12.4,12.8,,11.8,,59.0,0.2,1.7,0.0,310.0,1022.8,,,,100.0
2023-07-09 23:00:00,12.0,12.5,,11.6,,61.0,0.0,0.0,0.0,0.0,1022.6,,,,100.0
2023-07-10 00:00:00,11.0,12.6,,9.8,,64.0,0.5,2.2,0.0,346.0,1023.2,,,,100.0
2023-07-10 01:00:00,10.7,11.2,,8.1,,63.0,1.6,3.5,5.0,22.0,1023.7,,,,100.0
2023-07-10 02:00:00,7.9,8.8,,7.3,,71.0,1.5,3.7,325.0,357.0,1024.2,,,,100.0
2023-07-10 03:00:00,9.1,9.6,,8.7,,73.0,0.5,1.9,170.0,180.0,1024.2,,,,100.0
2023-07-10 04:00:00,9.8,10.4,,8.8,,75.0,1.0,2.7,134.0,152.0,1024.1,,,,100.0
2023-07-10 05:00:00,11.2,12.7,,10.6,,70.0,1.2,2.8,137.0,131.0,1023.5,,,,100.0
2023-07-10 06:00:00,10.2,12.7,12.8,8.6,7.3,72.0,1.6,4.2,22.0,17.0,1023.7,,,,100.0
2023-07-10 07:00:00,10.3,12.6,,8.8,,73.0,2.6,4.8,86.0,51.0,1023.7,,,,100.0
2023-07-10 08:00:00,8.0,12.8,,6.9,,77.0,2.4,6.2,19.0,15.0,1024.5,,,,100.0
2023-07-10 09:00:00,8.2,8.8,,7.8,,77.0,2.0,3.2,19.0,16.0,1024.4,,,,100.0
2023-07-10 10:00:00,6.8,8.8,,5.8,,83.0,1.0,4.5,0.0,350.0,1024.7,,,,100.0
2023-07-10 11:00:00,9.5,10.6,,7.6,,74.0,2.4,4.6,43.0,47.0,1024.6,,,,100.0
2023-07-10 12:00:00,9.2,10.7,,7.7,,74.0,2.6,6.4,298.0,322.0,1024.6,,,,100.0
2023-07-10 13:00:00,8.0,9.5,,6.6,,78.0,1.3,4.1,306.0,328.0,1024.6,,,,90.0
2023-07-10 14:00:00,8.3,10.4,,7.5,,76.0,0.9,5.0,347.0,333.0,1024.6,,,,100.0
2023-07-10 15:00:00,9.4,11.8,,6.7,,73.0,1.5,3.9,330.0,321.0,1024.6,,,,100.0
2023-07-10 16:00:00,9.1,10.6,,6.8,,74.0,2.8,5.7,333.0,2.0,1024.0,,,,90.0
2023-07-10 17:00:00,8.8,9.9,,7.9,,78.0,2.3,6.8,300.0,328.0,1023.8,,,,60.0
2023-07-10 18:00:00,8.8,10.1,12.9,7.8,5.8,83.0,1.5,3.9,33.0,322.0,1023.8,,,,100.0
2023-07-10 19:00:00,10.1,11.6,,8.6,,79.0,1.8,3.8,2.0,358.0,1023.4,,,,90.0
2023-07-10 20:00:00,10.9,11.7,,9.4,,75.0,2.3,6.9,326.0,349.0,1023.1,,,,
2023-07-10 21:00:00,10.7,11.8,,9.6,,77.0,2.2,4.7,305.0,333.0,1023.1,,,,
2023-07-10 22:00:00,10.0,11.0,,9.4,,82.0,1.3,2.7,352.0,335.0,1022.8,,,,25.0
2023-07-10 23:00:00,10.0,10.4,,9.5,,82.0,2.4,3.6,351.0,355.0,1022.4,,,,
