ts,101,112,113,122,123,201,301,305,365,371,401,550,601,609,801
2023-04-08 00:00:00,-8.3,-8.0,,-8.5,,71.0,3.4,5.1,324.0,332.0,996.3,3.0,0.0,,0.0
2023-04-08 01:00:00,-7.9,-7.7,,-8.2,,76.0,3.4,5.9,326.0,321.0,995.1,1.0,0.0,,0.0
2023-04-08 02:00:00,-7.7,-7.3,,-8.1,,71.0,3.2,5.3,322.0,327.0,993.8,1.0,0.0,,0.0
2023-04-08 03:00:00,-7.3,-7.1,,-7.5,,66.0,3.0,4.7,325.0,327.0,992.3,1.0,0.0,,0.0
2023-04-08 04:00:00,-7.4,-7.0,,-7.8,,73.0,2.9,5.2,270.0,284.0,991.1,1.0,0.0,,40.0
2023-04-08 05:00:00,-7.5,-7.4,,-7.5,,81.0,3.0,6.2,280.0,280.0,990.1,1.0,0.0,,100.0
2023-04-08 06:00:00,-7.5,-7.1,-7.0,-8.0,-8.9,82.0,1.5,2.8,215.0,244.0,989.5,1.0,0.0,0.0,100.0
2023-04-08 07:00:00,-7.4,-7.1,,-8.1,,82.0,1.5,3.1,245.0,246.0,988.9,1.0,0.0,,90.0
2023-04-08 08:00:00,-7.3,-7.0,,-7.6,,81.0,1.1,1.9,201.0,209.0,988.7,2.0,0.0,,100.0
2023-04-08 09:00:00,-7.6,-7.2,,-8.1,,85.0,2.9,4.5,173.0,177.0,988.4,23.0,0.0,,100.0
2023-04-08 10:00:00,-8.2,-7.9,,-8.7,,85.0,3.9,5.1,163.0,186.0,988.1,76.0,0.0,,0.0
2023-04-08 11:00:00,-7.8,-7.1,,-8.3,,83.0,2.1,3.6,197.0,197.0,988.0,163.0,0.0,,0.0
2023-04-08 12:00:00,-6.8,-5.6,,-7.6,,77.0,1.7,3.7,163.0,172.0,987.9,228.0,0.0,,0.0
2023-04-08 13:00:00,-6.7,-5.7,,-7.3,,76.0,1.0,2.5,57.0,164.0,987.7,271.0,0.0,,60.0
2023-04-08 14:00:00,-5.6,-5.0,,-6.3,,67.0,1.1,2.8,38.0,66.0,987.5,259.0,0.0,,90.0
2023-04-08 15:00:00,-5.1,-4.5,,-5.6,,68.0,1.2,3.1,36.0,98.0,987.8,462.0,0.0,,40.0
2023-04-08 16:00:00,-5.7,-5.0,,-6.1,,76.0,1.4,3.1,24.0,50.0,987.7,488.0,0.0,,0.0
2023-04-08 17:00:00,-5.2,-4.8,,-5.8,,76.0,1.5,6.2,343.0,6.0,987.3,524.0,0.0,,40.0
2023-04-08 18:00:00,-4.4,-4.1,-4.1,-4.8,-8.7,74.0,3.7,6.9,352.0,358.0,986.8,394.0,0.2,,90.0
2023-04-08 19:00:00,-4.2,-4.0,,-4.5,,69.0,3.0,4.9,3.0,359.0,987.3,390.0,0.0,,40.0
2023-04-08 20:00:00,-4.1,-3.9,,-4.4,,72.0,3.8,6.9,27.0,11.0,987.1,335.0,0.0,,90.0
2023-04-08 21:00:00,-4.8,-4.4,,-5.2,,80.0,4.4,6.4,40.0,31.0,986.9,293.0,0.0,,90.0
2023-04-08 22:00:00,-5.7,-5.2,,-6.2,,84.0,2.1,4.2,18.0,29.0,986.7,117.0,0.0,,
2023-04-08 23:00:00,-6.5,-6.1,,-6.7,,86.0,1.8,3.1,16.0,11.0,986.6,35.0,0.0,,40.0
2023-04-09 00:00:00,-7.0,-6.6,,-7.8,,85.0,1.6,3.2,97.0,44.0,986.5,4.0,0.0,,90.0
2023-04-09 01:00:00,-8.2,-7.6,,-9.0,,86.0,2.7,7.4,166.0,120.0,987.2,1.0,0.0,,90.0
2023-04-09 02:00:00,-8.4,-7.7,,-9.0,,85.0,8.2,12.8,161.0,164.0,988.2,1.0,0.2,,0.0
2023-04-09 03:00:00,-7.9,-6.6,,-8.5,,86.0,8.2,12.0,164.0,161.0,989.9,1.0,0.0,,90.0
2023-04-09 04:00:00,-5.3,-4.7,,-6.6,,84.0,11.1,14.7,207.0,194.0,991.8,1.0,0.0,,100.0
2023-04-09 05:00:00,-6.1,-5.6,,-6.5,,81.0,9.6,14.8,205.0,212.0,994.4,1.0,0.2,,100.0
2023-04-09 06:00:00,-6.8,-6.5,-3.9,-7.1,-9.0,83.0,7.4,9.5,198.0,202.0,996.4,1.0,0.0,0.6,90.0
2023-04-09 07:00:00,-7.3,-7.1,,-7.5,,83.0,5.6,7.6,172.0,186.0,998.0,1.0,0.0,,100.0
2023-04-09 08:00:00,-7.8,-7.5,,-8.1,,84.0,5.3,7.3,195.0,181.0,998.5,2.0,0.0,,100.0
2023-04-09 09:00:00,-8.1,-8.0,,-8.2,,85.0,3.5,5.6,171.0,191.0,999.3,10.0,0.0,,100.0
2023-04-09 10:00:00,-8.0,-7.9,,-8.1,,84.0,2.4,3.8,181.0,162.0,999.7,39.0,0.0,,100.0
2023-04-09 11:00:00,-7.9,-7.8,,-8.1,,83.0,2.3,3.7,251.0,233.0,1000.0,84.0,0.0,,100.0
2023-04-09 12:00:00,-7.7,-7.2,,-7.9,,82.0,2.0,4.3,273.0,234.0,1000.1,124.0,0.0,,100.0
2023-04-09 13:00:00,-6.9,-6.7,,-7.2,,81.0,2.2,4.1,273.0,267.0,999.9,226.0,0.0,,100.0
2023-04-09 14:00:00,-6.6,-6.5,,-6.8,,80.0,2.2,4.0,263.0,263.0,1000.2,265.0,0.0,,100.0
2023-04-09 15:00:00,-6.4,-6.2,,-6.6,,80.0,1.6,3.3,267.0,256.0,999.9,306.0,0.0,,100.0
2023-04-09 16:00:00,-6.3,-6.1,,-6.5,,80.0,2.0,3.9,258.0,264.0,1000.2,337.0,0.0,,100.0
2023-04-09 17:00:00,-6.3,-6.1,,-6.4,,80.0,1.8,3.7,258.0,259.0,999.6,305.0,0.0,,100.0
2023-04-09 18:00:00,-6.0,-5.4,-5.4,-6.2,-8.2,79.0,2.7,4.3,265.0,263.0,999.1,378.0,0.0,,90.0
2023-04-09 19:00:00,-5.8,-5.6,,-5.9,,81.0,2.5,4.2,265.0,263.0,999.2,288.0,0.0,,100.0
2023-04-09 20:00:00,-5.7,-5.5,,-5.8,,85.0,2.1,4.2,270.0,276.0,999.5,160.0,0.0,,100.0
2023-04-09 21:00:00,-5.6,-5.4,,-5.7,,84.0,1.5,2.5,172.0,216.0,999.0,153.0,0.0,,90.0
2023-04-09 22:00:00,-5.9,-5.6,,-6.2,,86.0,2.6,4.6,181.0,170.0,998.5,77.0,0.0,,60.0
2023-04-09 23:00:00,-6.2,-6.0,,-6.3,,88.0,4.3,5.5,177.0,178.0,998.5,21.0,0.0,,100.0
2023-04-10 00:00:00,-6.4,-6.3,,-6.4,,88.0,3.8,5.0,173.0,174.0,998.3,3.0,0.0,,100.0
2023-04-10 01:00:00,-6.3,-6.3,,-6.5,,89.0,2.7,4.0,147.0,155.0,997.9,1.0,0.0,,100.0
2023-04-10 02:00:00,-6.3,-6.2,,-6.4,,89.0,2.5,3.3,137.0,136.0,997.8,1.0,0.0,,100.0
2023-04-10 03:00:00,-6.5,-6.3,,-6.7,,91.0,2.2,3.4,116.0,123.0,997.3,1.0,0.0,,100.0
2023-04-10 04:00:00,-6.9,-6.7,,-7.0,,94.0,1.6,2.9,150.0,139.0,997.0,1.0,0.0,,100.0
2023-04-10 05:00:00,-7.1,-7.0,,-7.1,,95.0,1.3,2.5,0.0,134.0,996.7,1.0,0.0,,100.0
2023-04-10 06:00:00,-7.0,-7.0,-5.4,-7.1,-7.1,95.0,0.6,1.5,98.0,91.0,996.3,1.0,0.0,0.0,100.0
2023-04-10 07:00:00,-6.9,-6.8,,-7.0,,95.0,0.0,0.9,0.0,0.0,996.3,1.0,0.0,,100.0
2023-04-10 08:00:00,-6.8,-6.5,,-6.8,,95.0,1.2,2.7,102.0,93.0,996.0,2.0,0.0,,
2023-04-10 09:00:00,-6.7,-6.6,,-6.8,,96.0,1.7,2.7,141.0,130.0,996.2,22.0,0.0,,
2023-04-10 10:00:00,-6.5,-6.3,,-6.8,,95.0,1.1,2.5,0.0,147.0,996.1,59.0,0.0,,
2023-04-10 11:00:00,-6.0,-5.7,,-6.4,,93.0,0.4,1.7,69.0,104.0,995.9,118.0,0.0,,100.0
2023-04-10 12:00:00,-5.5,-5.3,,-5.7,,93.0,2.0,3.9,38.0,28.0,995.7,158.0,0.0,,100.0
2023-04-10 13:00:00,-5.1,-4.9,,-5.4,,93.0,2.6,4.1,28.0,35.0,995.3,222.0,0.0,,
2023-04-10 14:00:00,-4.6,-3.9,,-4.9,,93.0,3.1,5.0,21.0,25.0,994.8,278.0,0.0,,
2023-04-10 15:00:00,-3.8,-3.6,,-3.9,,94.0,4.9,7.3,28.0,33.0,994.4,289.0,0.0,,100.0
2023-04-10 16:00:00,-3.8,-3.7,,-3.9,,94.0,5.6,8.1,31.0,35.0,994.1,279.0,0.0,,100.0
2023-04-10 17:00:00,-3.8,-3.7,,-3.9,,94.0,4.7,6.6,25.0,25.0,994.0,275.0,0.0,,
2023-04-10 18:00:00,-3.8,-3.6,-3.6,-4.0,-7.0,94.0,4.2,6.3,24.0,27.0,993.7,236.0,0.0,,
2023-04-10 19:00:00,-3.5,-3.3,,-3.7,,94.0,4.6,6.4,33.0,31.0,993.3,254.0,0.0,,
2023-04-10 20:00:00,-3.4,-3.2,,-3.7,,94.0,4.6,6.2,35.0,35.0,993.0,174.0,0.0,,
2023-04-10 21:00:00,-2.9,-2.7,,-3.2,,94.0,3.2,4.8,55.0,43.0,993.1,178.0,0.0,,0.0
2023-04-10 22:00:00,-2.9,-2.8,,-3.1,,95.0,3.8,5.5,40.0,41.0,993.4,56.0,0.0,,10.0
2023-04-10 23:00:00,-2.7,-2.3,,-3.0,,95.0,2.8,5.8,31.0,26.0,993.8,31.0,0.0,,0.0
2023-04-11 00:00:00,-3.2,-2.7,,-3.5,,95.0,3.0,5.3,40.0,28.0,994.1,3.0,0.0,,0.0
2023-04-11 01:00:00,-3.0,-1.2,,-3.6,,89.0,3.8,7.6,75.0,60.0,994.5,1.0,0.0,,0.0
2023-04-11 02:00:00,-0.7,0.3,,-2.3,,70.0,6.1,7.6,68.0,73.0,994.6,1.0,0.0,,0.0
2023-04-11 03:00:00,-1.3,-0.5,,-2.5,,72.0,6.1,7.9,71.0,73.0,994.8,1.0,0.0,,0.0
2023-04-11 04:00:00,-0.6,0.7,,-1.9,,66.0,6.6,8.5,71.0,78.0,995.1,1.0,0.0,,0.0
2023-04-11 05:00:00,-0.3,0.7,,-1.2,,67.0,3.4,6.4,28.0,45.0,995.3,1.0,0.0,,0.0
2023-04-11 06:00:00,0.5,2.3,2.3,-1.1,-3.7,59.0,4.0,8.5,52.0,78.0,995.4,1.0,0.0,0.0,0.0
2023-04-11 07:00:00,0.8,2.6,,-0.3,,58.0,3.9,6.7,31.0,30.0,995.9,1.0,0.0,,0.0
2023-04-11 08:00:00,1.5,2.8,,0.2,,50.0,3.9,10.2,136.0,96.0,996.4,3.0,0.1,,0.0
2023-04-11 09:00:00,0.8,2.7,,-0.8,,51.0,3.4,7.3,15.0,78.0,997.2,22.0,0.0,,0.0
2023-04-11 10:00:00,-0.7,1.0,,-2.3,,58.0,4.4,6.8,99.0,78.0,997.8,61.0,0.0,,0.0
2023-04-11 11:00:00,-1.0,-0.4,,-1.7,,57.0,4.5,6.0,100.0,94.0,998.3,178.0,0.0,,0.0
2023-04-11 12:00:00,0.1,1.3,,-1.6,,56.0,5.7,7.6,119.0,113.0,998.9,251.0,0.0,,0.0
2023-04-11 13:00:00,1.4,1.8,,0.6,,53.0,4.6,7.6,92.0,104.0,999.6,345.0,0.0,,0.0
2023-04-11 14:00:00,1.7,2.1,,0.9,,54.0,3.1,4.4,55.0,77.0,1000.1,434.0,0.0,,
2023-04-11 15:00:00,1.2,2.0,,0.6,,61.0,2.4,4.3,4.0,38.0,1000.5,510.0,0.0,,60.0
2023-04-11 16:00:00,1.8,2.3,,0.9,,59.0,2.1,3.7,101.0,62.0,1000.8,535.0,0.0,,10.0
2023-04-11 17:00:00,0.8,2.0,,-0.1,,71.0,1.2,2.7,12.0,9.0,1001.2,452.0,0.0,,10.0
2023-04-11 18:00:00,0.3,0.6,2.8,0.1,-2.3,76.0,1.0,2.4,13.0,359.0,1001.5,501.0,0.0,,0.0
2023-04-11 19:00:00,0.8,1.4,,0.0,,74.0,0.0,1.4,0.0,0.0,1001.8,398.0,0.0,,0.0
2023-04-11 20:00:00,0.5,1.4,,-0.8,,76.0,0.4,1.8,252.0,280.0,1002.5,344.0,0.0,,0.0
2023-04-11 21:00:00,-1.2,-0.4,,-2.2,,84.0,1.4,3.0,256.0,253.0,1003.0,257.0,0.3,,10.0
2023-04-11 22:00:00,-3.0,-2.2,,-3.5,,94.0,2.1,4.3,282.0,264.0,1003.6,118.0,0.0,,
2023-04-11 23:00:00,-3.8,-3.5,,-4.7,,97.0,1.6,4.0,226.0,259.0,1003.9,32.0,0.0,,90.0
2023-04-12 00:00:00,-4.3,-4.0,,-4.8,,97.0,3.2,5.0,244.0,248.0,1004.6,4.0,0.0,,
2023-04-12 01:00:00,-4.0,-3.8,,-4.1,,96.0,4.0,5.6,224.0,226.0,1005.2,1.0,0.0,,
2023-04-12 02:00:00,-3.6,-3.4,,-3.9,,96.0,3.1,5.0,259.0,252.0,1005.6,1.0,0.0,,100.0
2023-04-12 03:00:00,-4.2,-3.9,,-4.5,,95.0,2.7,4.4,226.0,253.0,1006.0,1.0,0.0,,100.0
2023-04-12 04:00:00,-4.7,-4.5,,-4.8,,95.0,2.7,4.4,235.0,245.0,1006.1,1.0,0.0,,100.0
2023-04-12 05:00:00,-4.7,-4.6,,-4.8,,95.0,1.9,3.4,233.0,242.0,1006.4,1.0,0.0,,
2023-04-12 06:00:00,-4.5,-4.5,1.4,-4.7,-4.8,95.0,1.8,3.8,260.0,258.0,1006.2,1.0,0.0,0.4,90.0
2023-04-12 07:00:00,-4.5,-4.5,,-4.6,,95.0,1.4,3.2,291.0,280.0,1006.8,1.0,0.0,,90.0
2023-04-12 08:00:00,-4.8,-4.6,,-4.9,,95.0,0.7,1.8,276.0,289.0,1006.9,3.0,0.0,,90.0
2023-04-12 09:00:00,-4.9,-4.8,,-5.0,,95.0,0.8,1.7,257.0,261.0,1006.9,18.0,0.0,,90.0
2023-04-12 10:00:00,-5.0,-4.8,,-5.1,,94.0,0.6,1.5,252.0,264.0,1006.8,54.0,0.0,,90.0
2023-04-12 11:00:00,-4.9,-4.7,,-5.0,,94.0,0.4,1.7,261.0,278.0,1006.9,57.0,0.0,,
2023-04-12 12:00:00,-4.9,-4.6,,-5.0,,94.0,0.7,1.5,251.0,256.0,1006.7,144.0,0.0,,
2023-04-12 13:00:00,-4.5,-4.1,,-4.7,,94.0,0.5,1.7,203.0,233.0,1006.7,212.0,0.0,,90.0
2023-04-12 14:00:00,-4.0,-3.9,,-4.1,,93.0,0.7,1.5,193.0,224.0,1006.9,263.0,0.0,,90.0
2023-04-12 15:00:00,-3.8,-3.6,,-4.0,,93.0,1.7,3.3,204.0,199.0,1006.8,334.0,0.0,,90.0
2023-04-12 16:00:00,-3.2,-2.8,,-3.7,,94.0,4.4,7.2,224.0,206.0,1006.7,362.0,0.0,,90.0
2023-04-12 17:00:00,-2.9,-2.6,,-3.2,,93.0,3.3,5.8,261.0,262.0,1006.8,387.0,0.0,,90.0
2023-04-12 18:00:00,-3.3,-3.0,-2.6,-3.8,-5.1,93.0,2.9,5.9,261.0,264.0,1007.3,346.0,0.0,,90.0
2023-04-12 19:00:00,-3.8,-3.6,,-3.9,,94.0,2.4,3.8,276.0,266.0,1007.7,249.0,0.0,,90.0
2023-04-12 20:00:00,-3.9,-3.7,,-4.2,,93.0,2.0,3.8,331.0,303.0,1008.0,192.0,0.0,,90.0
2023-04-12 21:00:00,-4.0,-3.8,,-4.2,,93.0,1.4,3.1,269.0,305.0,1008.1,117.0,0.0,,90.0
2023-04-12 22:00:00,-4.3,-4.0,,-4.6,,93.0,1.7,3.7,273.0,272.0,1008.3,62.0,0.0,,90.0
2023-04-12 23:00:00,-4.8,-4.6,,-5.0,,93.0,1.8,3.4,215.0,243.0,1008.3,21.0,0.0,,90.0
2023-04-13 00:00:00,-5.0,-4.9,,-5.1,,93.0,1.6,3.2,312.0,257.0,1008.6,4.0,0.0,,90.0
2023-04-13 01:00:00,-5.0,-5.0,,-5.1,,92.0,0.7,2.9,214.0,281.0,1008.7,1.0,0.0,,90.0
2023-04-13 02:00:00,-5.1,-5.0,,-5.1,,93.0,1.0,3.0,218.0,273.0,1008.8,1.0,0.0,,90.0
2023-04-13 03:00:00,-5.1,-5.0,,-5.2,,93.0,0.8,2.6,189.0,289.0,1008.7,1.0,0.0,,90.0
2023-04-13 04:00:00,-5.2,-5.1,,-5.2,,95.0,0.5,2.8,307.0,274.0,1008.6,1.0,0.0,,90.0
2023-04-13 05:00:00,-5.3,-5.2,,-5.4,,95.0,0.7,2.2,0.0,239.0,1008.6,1.0,0.0,,90.0
2023-04-13 06:00:00,-5.5,-5.4,-3.6,-5.6,-5.6,95.0,0.7,2.1,0.0,313.0,1008.6,1.0,0.0,0.0,90.0
2023-04-13 07:00:00,-5.7,-5.5,,-5.8,,95.0,0.9,2.6,4.0,9.0,1008.7,1.0,0.0,,90.0
2023-04-13 08:00:00,-5.8,-5.8,,-5.9,,95.0,0.7,2.4,232.0,347.0,1009.0,2.0,0.0,,90.0
2023-04-13 09:00:00,-5.7,-5.7,,-5.8,,95.0,0.7,2.3,31.0,347.0,1008.9,13.0,0.0,,90.0
2023-04-13 10:00:00,-5.7,-5.6,,-5.8,,95.0,0.8,2.9,105.0,94.0,1008.9,32.0,0.0,,90.0
2023-04-13 11:00:00,-5.9,-5.8,,-6.0,,95.0,1.7,2.8,78.0,126.0,1009.1,79.0,0.0,,90.0
2023-04-13 12:00:00,-5.8,-5.6,,-6.0,,94.0,1.5,3.2,66.0,100.0,1009.2,135.0,0.0,,90.0
2023-04-13 13:00:00,-5.6,-5.4,,-5.7,,93.0,0.8,2.1,172.0,145.0,1009.3,191.0,0.0,,90.0
2023-04-13 14:00:00,-5.4,-5.3,,-5.6,,92.0,1.8,3.7,40.0,58.0,1009.1,277.0,0.0,,90.0
2023-04-13 15:00:00,-5.2,-4.9,,-5.5,,92.0,1.4,3.9,100.0,72.0,1009.1,301.0,0.0,,90.0
2023-04-13 16:00:00,-5.0,-4.6,,-5.2,,93.0,1.0,3.7,111.0,75.0,1009.3,294.0,0.0,,90.0
2023-04-13 17:00:00,-4.8,-4.7,,-5.2,,92.0,1.5,3.2,62.0,72.0,1009.4,296.0,0.0,,90.0
2023-04-13 18:00:00,-5.0,-4.7,-4.6,-5.4,-6.0,92.0,1.2,3.0,44.0,97.0,1009.7,309.0,0.0,,90.0
2023-04-13 19:00:00,-4.8,-3.9,,-5.4,,92.0,0.4,1.8,16.0,5.0,1009.9,304.0,0.0,,90.0
2023-04-13 20:00:00,-5.0,-4.7,,-5.3,,93.0,1.1,3.7,37.0,38.0,1010.4,177.0,0.0,,100.0
2023-04-13 21:00:00,-5.4,-5.3,,-5.6,,94.0,1.5,3.3,67.0,57.0,1010.8,117.0,0.0,,100.0
2023-04-13 22:00:00,-5.7,-5.6,,-5.8,,94.0,1.4,2.9,110.0,79.0,1011.1,54.0,0.0,,100.0
2023-04-13 23:00:00,-5.8,-5.6,,-6.0,,95.0,1.2,2.9,106.0,94.0,1011.5,21.0,0.0,,
2023-04-14 00:00:00,-6.0,-5.8,,-6.0,,94.0,0.6,1.9,71.0,85.0,1011.8,4.0,0.0,,
2023-04-14 01:00:00,-6.2,-6.0,,-6.3,,94.0,0.8,2.2,0.0,103.0,1012.4,1.0,0.0,,
2023-04-14 02:00:00,-6.2,-6.1,,-6.4,,94.0,0.8,2.2,186.0,149.0,1012.8,1.0,0.0,,
2023-04-14 03:00:00,-6.4,-6.2,,-6.6,,94.0,1.2,2.4,196.0,193.0,1013.1,1.0,0.0,,
2023-04-14 04:00:00,-6.1,-5.9,,-6.3,,94.0,0.8,2.1,0.0,204.0,1013.4,1.0,0.0,,
2023-04-14 05:00:00,-5.9,-5.8,,-5.9,,94.0,0.6,1.9,242.0,246.0,1014.0,1.0,0.0,,
2023-04-14 06:00:00,-5.8,-5.7,-3.9,-6.0,-6.6,95.0,1.0,2.7,344.0,1.0,1014.3,1.0,0.0,0.0,
2023-04-14 07:00:00,-6.0,-5.9,,-6.1,,94.0,0.9,2.3,0.0,8.0,1014.8,1.0,0.0,,
2023-04-14 08:00:00,-5.9,-5.8,,-6.0,,94.0,0.3,1.5,355.0,28.0,1015.2,3.0,0.0,,
2023-04-14 09:00:00,-6.0,-5.7,,-6.1,,94.0,0.8,2.1,72.0,64.0,1015.5,17.0,0.0,,100.0
2023-04-14 10:00:00,-5.8,-5.6,,-6.1,,94.0,0.4,2.5,60.0,61.0,1015.7,62.0,0.0,,
2023-04-14 11:00:00,-6.0,-5.8,,-6.3,,93.0,1.3,2.4,72.0,66.0,1015.9,128.0,0.0,,
2023-04-14 12:00:00,-6.0,-5.8,,-6.2,,93.0,1.4,2.6,56.0,69.0,1015.9,208.0,0.0,,
2023-04-14 13:00:00,-6.2,-6.0,,-6.5,,92.0,1.2,2.2,44.0,43.0,1016.1,301.0,0.0,,100.0
2023-04-14 14:00:00,-6.1,-5.9,,-6.3,,91.0,1.2,2.0,47.0,38.0,1016.0,393.0,0.0,,100.0
2023-04-14 15:00:00,-5.9,-5.7,,-6.1,,91.0,1.4,2.3,34.0,36.0,1015.9,420.0,0.0,,90.0
2023-04-14 16:00:00,-5.5,-4.9,,-5.8,,92.0,1.3,2.6,6.0,10.0,1015.4,434.0,0.0,,100.0
2023-04-14 17:00:00,-4.6,-4.2,,-4.9,,92.0,1.8,3.2,5.0,12.0,1015.1,460.0,0.0,,90.0
2023-04-14 18:00:00,-4.2,-3.9,-3.9,-4.6,-6.5,93.0,1.9,3.6,330.0,355.0,1014.9,376.0,0.0,,90.0
2023-04-14 19:00:00,-3.6,-3.2,,-4.1,,93.0,1.8,3.3,313.0,332.0,1014.5,407.0,0.0,,90.0
2023-04-14 20:00:00,-2.7,-2.4,,-3.3,,93.0,2.0,3.9,334.0,311.0,1014.3,364.0,0.0,,0.0
2023-04-14 21:00:00,-2.5,-2.4,,-2.6,,90.0,3.0,4.6,333.0,334.0,1014.1,277.0,0.0,,0.0
2023-04-14 22:00:00,-2.4,-2.3,,-2.5,,87.0,2.5,4.8,296.0,320.0,1013.8,163.0,0.0,,0.0
2023-04-14 23:00:00,-2.6,-2.4,,-2.9,,87.0,2.0,3.6,284.0,284.0,1013.6,64.0,0.0,,0.0
2023-04-15 00:00:00,-3.5,-2.9,,-3.9,,92.0,3.7,6.9,297.0,286.0,1013.4,9.0,0.0,,10.0
2023-04-15 01:00:00,-4.1,-3.8,,-4.4,,96.0,4.8,6.8,302.0,295.0,1013.2,1.0,0.0,,
2023-04-15 02:00:00,-4.6,-4.4,,-4.7,,97.0,3.7,6.6,288.0,290.0,1012.9,1.0,0.0,,
2023-04-15 03:00:00,-4.8,-4.6,,-4.9,,96.0,3.0,5.3,289.0,293.0,1012.3,1.0,0.0,,
2023-04-15 04:00:00,-4.9,-4.8,,-4.9,,95.0,2.5,4.2,292.0,292.0,1011.9,1.0,0.0,,
2023-04-15 05:00:00,-4.8,-4.7,,-5.0,,95.0,1.8,3.2,282.0,288.0,1011.6,1.0,0.0,,90.0
2023-04-15 06:00:00,-5.0,-4.9,-2.3,-5.3,-5.3,95.0,1.6,2.8,288.0,278.0,1011.4,1.0,0.0,0.0,
2023-04-15 07:00:00,-5.0,-4.8,,-5.1,,95.0,0.9,2.6,263.0,275.0,1011.4,1.0,0.0,,
2023-04-15 08:00:00,-5.1,-4.7,,-6.1,,95.0,0.5,1.0,0.0,257.0,1011.3,6.0,0.0,,90.0
2023-04-15 09:00:00,-5.9,-5.3,,-6.2,,93.0,0.0,0.0,0.0,0.0,1011.2,51.0,0.0,,40.0
2023-04-15 10:00:00,-5.5,-4.9,,-6.3,,92.0,0.0,0.5,0.0,0.0,1011.3,146.0,0.0,,
2023-04-15 11:00:00,-6.3,-5.9,,-6.7,,92.0,0.0,0.0,0.0,0.0,1011.3,155.0,0.0,,
2023-04-15 12:00:00,-5.9,-5.7,,-6.2,,92.0,0.0,0.0,0.0,0.0,1011.2,215.0,0.0,,
2023-04-15 13:00:00,-6.0,-5.6,,-6.4,,92.0,0.0,0.0,0.0,0.0,1011.1,293.0,0.0,,
2023-04-15 14:00:00,-6.5,-6.1,,-6.8,,91.0,0.0,0.6,0.0,0.0,1011.2,371.0,0.0,,90.0
2023-04-15 15:00:00,-6.1,-5.2,,-6.5,,91.0,0.0,0.6,0.0,0.0,1011.0,460.0,0.0,,90.0
2023-04-15 16:00:00,-5.3,-5.0,,-5.6,,91.0,0.0,1.3,7.0,0.0,1010.8,528.0,0.0,,0.0
2023-04-15 17:00:00,-5.4,-5.0,,-5.6,,90.0,0.4,1.2,336.0,356.0,1010.8,474.0,0.0,,10.0
2023-04-15 18:00:00,-5.0,-4.6,-4.6,-5.2,-6.8,91.0,0.3,1.5,0.0,8.0,1010.8,431.0,0.0,,0.0
2023-04-15 19:00:00,-4.2,-3.9,,-4.6,,91.0,1.6,3.7,323.0,325.0,1010.6,446.0,0.0,,0.0
2023-04-15 20:00:00,-3.5,-2.6,,-4.0,,86.0,1.8,3.2,331.0,327.0,1010.8,373.0,0.0,,0.0
2023-04-15 21:00:00,-2.2,-2.0,,-2.6,,71.0,2.0,3.4,323.0,324.0,1010.9,285.0,0.0,,0.0
2023-04-15 22:00:00,-2.0,-1.8,,-2.1,,75.0,1.8,4.0,293.0,311.0,1010.8,171.0,0.0,,0.0
2023-04-15 23:00:00,-2.5,-1.9,,-3.5,,78.0,1.0,2.7,226.0,258.0,1010.9,67.0,0.0,,0.0
2023-04-16 00:00:00,-3.9,-3.4,,-4.3,,87.0,1.0,2.0,225.0,220.0,1011.0,9.0,0.0,,0.0
2023-04-16 01:00:00,-4.3,-3.9,,-4.9,,92.0,0.5,1.1,207.0,211.0,1011.2,1.0,0.0,,0.0
2023-04-16 02:00:00,-5.5,-4.8,,-6.3,,94.0,0.9,2.4,185.0,185.0,1011.1,1.0,0.0,,0.0
2023-04-16 03:00:00,-5.9,-5.5,,-6.2,,95.0,1.8,2.4,185.0,179.0,1011.0,1.0,0.0,,0.0
2023-04-16 04:00:00,-6.3,-6.1,,-6.6,,95.0,1.7,2.5,199.0,193.0,1010.8,1.0,0.0,,0.0
2023-04-16 05:00:00,-6.1,-5.5,,-6.6,,94.0,1.0,1.8,245.0,204.0,1010.7,1.0,0.0,,0.0
2023-04-16 06:00:00,-5.9,-4.8,-1.8,-6.5,-6.6,95.0,0.8,2.4,317.0,284.0,1010.8,1.0,0.0,0.0,0.0
2023-04-16 07:00:00,-5.4,-4.5,,-6.0,,95.0,0.7,2.9,50.0,9.0,1011.2,1.0,0.0,,
2023-04-16 08:00:00,-6.2,-5.9,,-6.6,,96.0,1.3,2.5,56.0,47.0,1011.4,5.0,0.0,,
2023-04-16 09:00:00,-6.3,-6.1,,-6.5,,95.0,1.8,3.2,40.0,44.0,1011.4,23.0,0.0,,
2023-04-16 10:00:00,-6.3,-6.1,,-6.4,,94.0,2.2,3.6,53.0,48.0,1011.6,61.0,0.0,,100.0
2023-04-16 11:00:00,-6.2,-6.1,,-6.3,,93.0,2.5,3.9,66.0,57.0,1011.8,114.0,0.0,,100.0
2023-04-16 12:00:00,-5.8,-5.3,,-6.1,,93.0,1.4,3.6,110.0,81.0,1011.7,175.0,0.0,,100.0
2023-04-16 13:00:00,-4.8,-4.0,,-5.3,,92.0,0.8,1.9,318.0,114.0,1011.5,246.0,0.0,,100.0
2023-04-16 14:00:00,-4.3,-4.0,,-4.6,,90.0,1.2,2.9,258.0,261.0,1011.4,347.0,0.0,,90.0
2023-04-16 15:00:00,-3.9,-3.6,,-4.2,,89.0,2.4,4.1,284.0,266.0,1011.0,336.0,0.0,,100.0
2023-04-16 16:00:00,-3.6,-3.1,,-3.8,,85.0,2.7,4.5,258.0,265.0,1010.6,379.0,0.0,,100.0
2023-04-16 17:00:00,-3.1,-2.9,,-3.4,,80.0,2.8,4.4,261.0,262.0,1010.5,407.0,0.0,,100.0
2023-04-16 18:00:00,-2.9,-2.4,-2.4,-3.2,-6.6,78.0,2.7,4.7,254.0,259.0,1010.3,361.0,0.0,,90.0
2023-04-16 19:00:00,-2.9,-2.8,,-3.1,,73.0,2.1,3.6,254.0,248.0,1010.2,292.0,0.0,,100.0
2023-04-16 20:00:00,-3.0,-2.7,,-3.5,,77.0,2.5,6.2,302.0,274.0,1010.1,222.0,0.0,,100.0
2023-04-16 21:00:00,-3.7,-3.5,,-4.0,,83.0,3.5,6.5,285.0,293.0,1010.2,95.0,0.0,,100.0
2023-04-16 22:00:00,-3.9,-3.8,,-4.0,,81.0,3.0,5.6,270.0,276.0,1010.0,53.0,0.0,,100.0
2023-04-16 23:00:00,-4.1,-3.9,,-4.3,,83.0,2.9,5.3,267.0,267.0,1009.8,23.0,0.0,,100.0
2023-04-17 00:00:00,-4.6,-4.3,,-4.7,,83.0,3.1,4.5,261.0,263.0,1009.8,5.0,0.0,,100.0
2023-04-17 01:00:00,-4.8,-4.7,,-4.9,,80.0,2.7,4.8,257.0,260.0,1009.5,1.0,0.0,,100.0
2023-04-17 02:00:00,-4.8,-4.8,,-4.9,,82.0,1.5,3.5,267.0,260.0,1009.2,1.0,0.0,,100.0
2023-04-17 03:00:00,-4.9,-4.8,,-5.0,,83.0,0.0,1.4,0.0,0.0,1008.9,1.0,0.0,,100.0
2023-04-17 04:00:00,-5.0,-4.9,,-5.3,,83.0,0.7,2.3,192.0,220.0,1008.3,1.0,0.0,,100.0
2023-04-17 05:00:00,-5.0,-4.9,,-5.2,,82.0,1.0,2.0,251.0,234.0,1007.9,1.0,0.0,,100.0
2023-04-17 06:00:00,-4.9,-4.7,-2.7,-5.1,-5.3,82.0,1.5,2.5,262.0,250.0,1007.6,1.0,0.0,0.0,100.0
2023-04-17 07:00:00,-4.4,-4.2,,-4.7,,82.0,1.5,3.2,298.0,302.0,1007.3,1.0,0.0,,90.0
2023-04-17 08:00:00,-4.2,-3.9,,-4.5,,82.0,1.0,2.7,332.0,288.0,1007.0,3.0,0.0,,100.0
2023-04-17 09:00:00,-3.8,-3.7,,-3.9,,74.0,1.7,4.4,29.0,9.0,1006.8,9.0,0.0,,100.0
2023-04-17 10:00:00,-4.1,-3.8,,-4.4,,80.0,3.8,7.3,332.0,342.0,1007.0,26.0,0.0,,100.0
2023-04-17 11:00:00,-4.4,-4.3,,-4.4,,85.0,4.9,7.8,333.0,333.0,1007.0,48.0,0.0,,100.0
2023-04-17 12:00:00,-4.4,-4.4,,-4.5,,84.0,4.4,7.3,329.0,330.0,1007.0,79.0,0.0,,100.0
2023-04-17 13:00:00,-4.5,-4.4,,-4.6,,83.0,4.6,6.6,334.0,335.0,1006.9,112.0,0.0,,100.0
2023-04-17 14:00:00,-4.6,-4.5,,-4.7,,83.0,4.0,6.3,324.0,328.0,1006.9,134.0,0.0,,100.0
2023-04-17 15:00:00,-4.6,-4.5,,-4.7,,82.0,3.6,5.9,330.0,326.0,1006.9,157.0,0.0,,100.0
2023-04-17 16:00:00,-4.5,-4.4,,-4.6,,81.0,3.0,5.3,317.0,324.0,1006.6,156.0,0.0,,100.0
2023-04-17 17:00:00,-4.5,-4.4,,-4.6,,80.0,3.0,5.0,316.0,318.0,1006.3,156.0,0.0,,100.0
2023-04-17 18:00:00,-4.4,-4.3,-3.7,-4.5,-4.7,80.0,2.4,4.1,328.0,314.0,1006.2,146.0,0.0,,100.0
2023-04-17 19:00:00,-4.4,-4.3,,-4.4,,82.0,2.4,3.9,316.0,321.0,1006.2,118.0,0.0,,100.0
2023-04-17 20:00:00,-4.2,-4.0,,-4.3,,82.0,2.2,3.7,307.0,311.0,1006.3,105.0,0.0,,100.0
2023-04-17 21:00:00,-4.0,-3.9,,-4.0,,80.0,1.8,3.4,286.0,293.0,1006.3,86.0,0.0,,100.0
2023-04-17 22:00:00,-3.9,-3.8,,-3.9,,79.0,1.6,2.7,256.0,276.0,1006.4,63.0,0.0,,100.0
2023-04-17 23:00:00,-4.0,-3.9,,-4.1,,80.0,1.6,4.6,279.0,271.0,1006.9,29.0,0.0,,100.0
2023-04-18 00:00:00,-4.3,-4.0,,-4.3,,81.0,2.8,5.4,317.0,316.0,1007.4,8.0,0.0,,100.0
2023-04-18 01:00:00,-4.3,-4.3,,-4.5,,82.0,1.7,4.0,228.0,277.0,1007.9,1.0,0.0,,100.0
2023-04-18 02:00:00,-4.6,-4.5,,-4.7,,82.0,1.4,3.4,240.0,233.0,1008.1,1.0,0.0,,90.0
2023-04-18 03:00:00,-4.7,-4.6,,-4.9,,83.0,2.2,4.0,273.0,249.0,1008.4,1.0,0.0,,90.0
2023-04-18 04:00:00,-5.0,-4.9,,-5.2,,85.0,2.9,4.6,222.0,241.0,1008.7,1.0,0.0,,90.0
2023-04-18 05:00:00,-4.9,-4.8,,-5.1,,84.0,3.3,4.6,188.0,204.0,1009.1,1.0,0.0,,90.0
2023-04-18 06:00:00,-5.0,-4.8,-3.8,-5.1,-5.2,86.0,3.6,5.0,161.0,159.0,1009.5,1.0,0.0,0.0,90.0
2023-04-18 07:00:00,-5.0,-4.9,,-5.1,,87.0,4.0,5.8,172.0,163.0,1010.0,1.0,0.0,,90.0
2023-04-18 08:00:00,-5.1,-4.8,,-5.4,,84.0,4.6,6.5,157.0,157.0,1010.5,5.0,0.0,,90.0
2023-04-18 09:00:00,-5.2,-5.1,,-5.3,,84.0,5.4,6.8,162.0,160.0,1010.9,20.0,0.0,,90.0
2023-04-18 10:00:00,-5.1,-5.0,,-5.2,,84.0,5.8,7.9,158.0,165.0,1011.3,52.0,0.0,,90.0
2023-04-18 11:00:00,-5.0,-4.9,,-5.0,,85.0,5.3,7.5,163.0,163.0,1011.8,94.0,0.0,,90.0
2023-04-18 12:00:00,-4.9,-4.8,,-5.0,,86.0,4.0,6.9,146.0,160.0,1012.5,138.0,0.0,,90.0
2023-04-18 13:00:00,-4.7,-4.5,,-4.9,,82.0,1.3,3.7,34.0,98.0,1012.7,174.0,0.0,,90.0
2023-04-18 14:00:00,-4.4,-4.2,,-4.5,,77.0,2.0,3.3,47.0,36.0,1012.9,195.0,0.0,,90.0
2023-04-18 15:00:00,-4.3,-4.2,,-4.5,,76.0,1.3,2.6,6.0,18.0,1013.0,211.0,0.0,,90.0
2023-04-18 16:00:00,-4.5,-4.3,,-4.6,,88.0,0.8,2.0,302.0,337.0,1013.1,173.0,0.0,,90.0
2023-04-18 17:00:00,-4.4,-4.2,,-4.6,,91.0,1.1,2.5,274.0,272.0,1013.4,152.0,0.1,,90.0
2023-04-18 18:00:00,-4.2,-3.9,-3.9,-4.4,-5.4,93.0,1.6,2.9,267.0,264.0,1013.8,139.0,0.0,,90.0
2023-04-18 19:00:00,-3.7,-3.5,,-4.0,,92.0,2.0,5.1,293.0,275.0,1014.2,119.0,0.0,,90.0
2023-04-18 20:00:00,-4.0,-3.5,,-4.3,,91.0,4.8,8.2,318.0,324.0,1015.1,91.0,0.0,,90.0
2023-04-18 21:00:00,-4.5,-4.3,,-4.6,,89.0,5.1,8.3,301.0,311.0,1016.2,46.0,0.0,,90.0
2023-04-18 22:00:00,-4.8,-4.6,,-4.9,,88.0,5.5,8.3,291.0,296.0,1017.0,64.0,0.0,,90.0
2023-04-18 23:00:00,-5.0,-4.9,,-5.1,,87.0,4.5,7.6,280.0,287.0,1018.1,28.0,0.0,,90.0
2023-04-19 00:00:00,-5.2,-5.1,,-5.4,,86.0,3.7,6.8,260.0,269.0,1019.1,7.0,0.1,,90.0
2023-04-19 01:00:00,-5.5,-5.3,,-5.6,,84.0,4.1,6.5,263.0,266.0,1020.0,1.0,0.0,,90.0
2023-04-19 02:00:00,-5.7,-5.5,,-5.8,,84.0,3.2,5.6,258.0,261.0,1021.1,1.0,0.0,,90.0
2023-04-19 03:00:00,-5.9,-5.8,,-6.0,,86.0,3.2,5.4,259.0,258.0,1021.9,1.0,0.0,,90.0
2023-04-19 04:00:00,-6.1,-5.9,,-6.2,,85.0,2.6,4.6,262.0,260.0,1022.6,1.0,0.1,,90.0
2023-04-19 05:00:00,-6.0,-5.8,,-6.3,,79.0,3.4,6.8,240.0,258.0,1023.3,1.0,0.0,,90.0
2023-04-19 06:00:00,-6.1,-5.9,-3.5,-6.2,-6.3,79.0,4.3,6.5,235.0,220.0,1024.0,1.0,0.0,0.3,90.0
2023-04-19 07:00:00,-6.2,-6.1,,-6.3,,81.0,5.4,6.8,211.0,208.0,1025.0,1.0,0.0,,90.0
2023-04-19 08:00:00,-6.3,-6.1,,-6.4,,80.0,3.8,6.4,215.0,229.0,1025.9,5.0,0.0,,90.0
2023-04-19 09:00:00,-6.5,-6.4,,-6.5,,79.0,3.6,5.3,240.0,233.0,1026.6,23.0,0.0,,90.0
2023-04-19 10:00:00,-6.6,-6.4,,-6.6,,77.0,3.1,5.1,236.0,235.0,1027.1,47.0,0.0,,90.0
2023-04-19 11:00:00,-6.6,-6.6,,-6.7,,77.0,3.0,5.5,211.0,229.0,1027.8,81.0,0.0,,90.0
2023-04-19 12:00:00,-6.5,-6.4,,-6.6,,77.0,2.5,5.5,206.0,223.0,1028.4,109.0,0.0,,90.0
2023-04-19 13:00:00,-6.4,-6.3,,-6.5,,79.0,3.8,7.5,247.0,209.0,1029.3,129.0,0.0,,90.0
2023-04-19 14:00:00,-6.6,-6.4,,-6.8,,82.0,3.6,7.5,267.0,256.0,1029.9,158.0,0.0,,90.0
2023-04-19 15:00:00,-6.7,-6.5,,-6.7,,81.0,3.7,6.2,224.0,256.0,1030.7,323.0,0.0,,90.0
2023-04-19 16:00:00,-6.5,-6.4,,-6.7,,76.0,3.8,6.9,255.0,261.0,1031.1,388.0,0.0,,90.0
2023-04-19 17:00:00,-6.7,-6.5,,-6.9,,75.0,4.3,6.4,220.0,235.0,1031.7,385.0,0.0,,90.0
2023-04-19 18:00:00,-6.8,-6.5,-6.1,-7.4,-7.4,69.0,4.8,6.9,221.0,217.0,1032.3,379.0,0.0,,90.0
2023-04-19 19:00:00,-7.3,-7.2,,-7.4,,76.0,4.0,5.9,234.0,217.0,1032.9,218.0,0.0,,90.0
2023-04-19 20:00:00,-7.4,-7.1,,-7.5,,73.0,3.8,6.3,190.0,225.0,1033.4,190.0,0.0,,100.0
2023-04-19 21:00:00,-7.5,-7.4,,-7.5,,72.0,3.6,5.0,183.0,186.0,1034.0,103.0,0.0,,100.0
2023-04-19 22:00:00,-7.6,-7.5,,-7.6,,76.0,3.6,5.6,199.0,199.0,1034.4,61.0,0.0,,100.0
2023-04-19 23:00:00,-7.7,-7.6,,-7.7,,76.0,3.6,4.8,174.0,179.0,1034.8,27.0,0.0,,100.0
2023-04-20 00:00:00,-7.8,-7.7,,-7.8,,74.0,3.4,4.7,175.0,175.0,1035.1,7.0,0.0,,100.0
2023-04-20 01:00:00,-7.8,-7.7,,-7.8,,76.0,2.9,4.8,176.0,173.0,1035.5,2.0,0.0,,100.0
2023-04-20 02:00:00,-7.7,-7.7,,-7.8,,77.0,1.7,2.5,157.0,173.0,1035.8,1.0,0.0,,100.0
2023-04-20 03:00:00,-7.8,-7.6,,-7.9,,78.0,1.0,2.4,98.0,123.0,1035.9,1.0,0.0,,100.0
2023-04-20 04:00:00,-7.6,-7.4,,-7.8,,76.0,2.7,6.0,37.0,73.0,1036.1,1.0,0.0,,90.0
2023-04-20 05:00:00,-8.0,-7.5,,-8.7,,76.0,2.1,4.3,125.0,82.0,1036.3,1.0,0.0,,100.0
2023-04-20 06:00:00,-8.0,-7.8,-7.1,-8.3,-8.7,75.0,1.0,1.9,86.0,76.0,1036.7,1.0,0.0,0.0,100.0
2023-04-20 07:00:00,-7.6,-7.3,,-7.9,,75.0,1.1,2.4,50.0,50.0,1036.9,2.0,0.0,,90.0
2023-04-20 08:00:00,-7.0,-6.6,,-7.4,,77.0,1.8,3.7,27.0,29.0,1036.9,10.0,0.0,,90.0
2023-04-20 09:00:00,-6.2,-5.1,,-6.8,,77.0,2.8,6.5,28.0,15.0,1036.8,44.0,0.0,,90.0
2023-04-20 10:00:00,-5.0,-4.8,,-5.2,,68.0,5.4,8.6,44.0,41.0,1036.7,102.0,0.0,,60.0
2023-04-20 11:00:00,-4.7,-4.2,,-5.1,,68.0,5.1,7.9,34.0,40.0,1036.8,188.0,0.0,,60.0
2023-04-20 12:00:00,-4.2,-4.0,,-4.4,,69.0,5.2,7.0,34.0,23.0,1036.8,326.0,0.0,,10.0
2023-04-20 13:00:00,-3.8,-3.7,,-4.0,,67.0,6.5,9.2,34.0,35.0,1036.7,398.0,0.0,,10.0
2023-04-20 14:00:00,-3.8,-3.6,,-4.3,,71.0,6.5,9.1,34.0,35.0,1036.4,379.0,0.0,,90.0
2023-04-20 15:00:00,-3.7,-3.4,,-3.9,,71.0,6.4,9.4,36.0,35.0,1036.7,486.0,0.0,,10.0
2023-04-20 16:00:00,-3.6,-3.4,,-3.8,,70.0,6.0,9.3,37.0,36.0,1036.3,555.0,0.0,,0.0
2023-04-20 17:00:00,-3.4,-3.1,,-3.5,,66.0,6.6,8.9,36.0,36.0,1036.4,504.0,0.0,,0.0
2023-04-20 18:00:00,-3.0,-2.8,-2.8,-3.2,-7.9,64.0,7.6,10.0,35.0,34.0,1036.0,473.0,0.0,,0.0
2023-04-20 19:00:00,-2.9,-2.8,,-3.0,,69.0,8.0,10.4,36.0,34.0,1035.6,470.0,0.0,,0.0
2023-04-20 20:00:00,-2.8,-2.7,,-2.9,,64.0,7.9,10.8,37.0,35.0,1035.4,395.0,0.0,,0.0
2023-04-20 21:00:00,-2.7,-2.6,,-2.7,,64.0,6.7,9.3,36.0,35.0,1035.1,312.0,0.0,,10.0
2023-04-20 22:00:00,-3.0,-2.7,,-3.4,,70.0,5.6,8.5,3.0,11.0,1034.8,189.0,0.0,,0.0
2023-04-20 23:00:00,-3.5,-3.3,,-3.6,,73.0,5.4,7.2,3.0,1.0,1034.5,63.0,0.0,,10.0
2023-04-21 00:00:00,-3.7,-3.4,,-4.0,,78.0,3.8,6.4,13.0,7.0,1034.4,14.0,0.0,,10.0
2023-04-21 01:00:00,-4.1,-3.9,,-4.3,,82.0,2.3,3.8,9.0,8.0,1034.1,2.0,0.0,,40.0
2023-04-21 02:00:00,-3.8,-3.5,,-4.3,,81.0,3.6,5.7,6.0,2.0,1033.7,1.0,0.0,,10.0
2023-04-21 03:00:00,-3.7,-3.5,,-3.9,,77.0,4.4,6.6,17.0,13.0,1033.1,1.0,0.0,,90.0
2023-04-21 04:00:00,-3.8,-3.5,,-4.1,,78.0,3.7,5.6,1.0,12.0,1032.9,1.0,0.0,,0.0
2023-04-21 05:00:00,-3.1,-2.8,,-3.6,,74.0,4.2,6.6,357.0,357.0,1032.7,1.0,0.0,,90.0
2023-04-21 06:00:00,-2.9,-2.8,-2.6,-3.0,-4.3,74.0,3.9,6.9,2.0,359.0,1032.6,1.0,0.0,0.0,90.0
2023-04-21 07:00:00,-2.7,-2.5,,-3.0,,71.0,4.2,6.2,358.0,355.0,1032.4,2.0,0.0,,100.0
2023-04-21 08:00:00,-2.5,-2.4,,-2.9,,71.0,4.4,6.5,7.0,2.0,1032.4,10.0,0.0,,100.0
2023-04-21 09:00:00,-3.0,-2.7,,-3.3,,76.0,2.3,4.5,22.0,16.0,1032.6,45.0,0.0,,90.0
2023-04-21 10:00:00,-2.6,-2.4,,-2.8,,74.0,1.7,3.0,26.0,15.0,1032.7,101.0,0.0,,90.0
2023-04-21 11:00:00,-2.1,-1.6,,-2.4,,71.0,2.1,3.9,3.0,15.0,1032.8,213.0,0.0,,60.0
2023-04-21 12:00:00,-1.4,-1.2,,-1.7,,69.0,3.2,4.4,7.0,5.0,1033.0,329.0,0.0,,90.0
2023-04-21 13:00:00,-1.5,-1.2,,-1.8,,72.0,3.0,4.3,12.0,15.0,1033.1,329.0,0.0,,90.0
2023-04-21 14:00:00,-1.0,-0.8,,-1.3,,65.0,3.3,4.7,,7.0,1033.3,461.0,0.0,,90.0
2023-04-21 15:00:00,-0.9,-0.8,,-1.1,,70.0,3.6,5.0,33.0,15.0,1033.1,449.0,0.0,,90.0
2023-04-21 16:00:00,-1.0,-0.9,,-1.1,,73.0,3.0,4.7,11.0,21.0,1033.2,430.0,0.0,,90.0
2023-04-21 17:00:00,-0.9,-0.7,,-1.2,,74.0,2.6,3.6,11.0,9.0,1033.2,508.0,0.0,,60.0
2023-04-21 18:00:00,-1.2,-1.0,-0.7,-1.4,-3.3,74.0,2.5,3.5,10.0,11.0,1033.3,373.0,0.0,,90.0
2023-04-21 19:00:00,-1.3,-1.0,,-1.6,,75.0,2.9,3.9,14.0,11.0,1033.4,467.0,0.0,,10.0
2023-04-21 20:00:00,-1.7,-1.4,,-2.0,,75.0,2.0,3.5,4.0,27.0,1033.7,351.0,0.0,,90.0
2023-04-21 21:00:00,-1.8,-1.5,,-2.0,,77.0,2.1,3.0,55.0,44.0,1033.7,295.0,0.0,,0.0
2023-04-21 22:00:00,-2.0,-1.9,,-2.1,,80.0,1.8,2.5,89.0,67.0,1034.0,153.0,0.0,,0.0
2023-04-21 23:00:00,-2.2,-1.9,,-2.7,,82.0,1.7,2.4,95.0,92.0,1034.2,84.0,0.0,,40.0
2023-04-22 00:00:00,-2.1,-1.8,,-2.4,,81.0,0.6,1.7,0.0,71.0,1034.4,17.0,0.0,,40.0
2023-04-22 01:00:00,-2.6,-2.1,,-2.8,,82.0,0.3,1.2,0.0,103.0,1034.8,2.0,0.0,,0.0
2023-04-22 02:00:00,-3.1,-2.4,,-3.6,,86.0,0.8,1.8,185.0,167.0,1034.9,1.0,0.0,,0.0
2023-04-22 03:00:00,-3.7,-2.9,,-4.4,,88.0,3.7,7.5,198.0,189.0,1035.0,1.0,0.0,,90.0
2023-04-22 04:00:00,-2.3,-2.0,,-2.9,,95.0,6.4,10.2,213.0,208.0,1034.9,1.0,0.0,,100.0
2023-04-22 05:00:00,-2.1,-1.8,,-2.2,,92.0,6.9,10.2,214.0,216.0,1035.4,1.0,0.1,,100.0
2023-04-22 06:00:00,-1.8,-1.7,-1.0,-1.8,-4.4,93.0,5.4,8.6,216.0,219.0,1035.6,1.0,0.0,0.1,100.0
2023-04-22 07:00:00,-1.6,-1.4,,-1.7,,91.0,4.0,6.0,222.0,219.0,1035.6,2.0,0.0,,100.0
2023-04-22 08:00:00,-1.3,-1.1,,-1.5,,87.0,2.9,5.4,231.0,222.0,1035.7,9.0,0.0,,100.0
2023-04-22 09:00:00,-1.2,-1.0,,-1.3,,90.0,2.1,4.1,236.0,228.0,1035.7,38.0,0.0,,100.0
2023-04-22 10:00:00,-1.2,-1.0,,-1.4,,92.0,1.2,2.3,180.0,205.0,1035.8,75.0,0.0,,100.0
2023-04-22 11:00:00,-0.9,-0.8,,-1.0,,93.0,1.4,2.3,124.0,130.0,1035.7,127.0,0.0,,100.0
2023-04-22 12:00:00,-0.6,-0.2,,-0.9,,86.0,1.3,2.5,147.0,144.0,1035.8,203.0,0.0,,100.0
2023-04-22 13:00:00,-0.6,-0.3,,-0.9,,85.0,1.8,3.6,196.0,190.0,1035.8,180.0,0.0,,100.0
2023-04-22 14:00:00,-0.6,-0.5,,-0.9,,82.0,2.8,4.0,217.0,198.0,1035.8,260.0,0.0,,100.0
2023-04-22 15:00:00,-0.5,-0.3,,-0.7,,77.0,2.5,3.9,214.0,215.0,1035.6,266.0,0.0,,100.0
2023-04-22 16:00:00,-0.6,-0.5,,-0.6,,79.0,2.2,3.3,200.0,202.0,1035.5,273.0,0.0,,100.0
2023-04-22 17:00:00,-0.6,-0.5,,-0.8,,83.0,2.9,4.0,187.0,186.0,1035.2,249.0,0.0,,100.0
2023-04-22 20:00:00,-0.7,,,,,,1.9,,159.0,,1035.2,,0.0,,90.0
2023-04-22 21:00:00,-1.1,-0.7,,-1.3,,88.0,2.7,3.5,153.0,149.0,1035.1,130.0,0.0,,90.0
2023-04-22 22:00:00,-1.1,-1.0,,-1.2,,88.0,3.1,4.8,108.0,127.0,1034.7,60.0,0.0,,90.0
2023-04-22 23:00:00,-1.2,-1.1,,-1.3,,88.0,3.8,4.7,103.0,108.0,1034.4,17.0,0.0,,100.0
2023-04-23 00:00:00,-1.3,-1.2,,-1.4,,89.0,3.5,4.8,95.0,105.0,1034.1,6.0,0.0,,100.0
2023-04-23 01:00:00,-1.3,-1.0,,-1.4,,90.0,1.9,3.5,53.0,75.0,1034.1,2.0,0.0,,100.0
2023-04-23 02:00:00,-1.4,-1.1,,-1.6,,91.0,1.8,3.4,57.0,49.0,1033.6,1.0,0.0,,100.0
2023-04-23 03:00:00,-1.4,-0.9,,-1.5,,89.0,2.5,4.3,29.0,61.0,1033.5,1.0,0.0,,100.0
2023-04-23 04:00:00,-1.7,-1.5,,-1.9,,94.0,3.2,4.9,64.0,67.0,1033.0,1.0,0.4,,
2023-04-23 05:00:00,-1.7,-1.7,,-1.8,,97.0,3.9,5.6,84.0,75.0,1032.5,1.0,0.8,,
2023-04-23 06:00:00,-1.6,-1.5,-0.5,-1.7,-1.9,97.0,5.4,7.0,97.0,96.0,1032.0,1.0,0.5,1.7,
2023-04-23 07:00:00,-1.3,-1.1,,-1.5,,98.0,5.9,7.2,94.0,95.0,1031.5,2.0,0.3,,
2023-04-23 08:00:00,-0.9,-0.5,,-1.3,,98.0,5.3,7.0,101.0,105.0,1031.0,7.0,0.6,,100.0
2023-04-23 09:00:00,-0.4,-0.2,,-0.6,,98.0,5.0,6.0,101.0,103.0,1030.7,26.0,0.3,,100.0
2023-04-23 10:00:00,0.2,0.8,,-0.2,,98.0,3.1,4.8,154.0,130.0,1030.6,61.0,1.1,,100.0
2023-04-23 11:00:00,1.1,1.2,,0.8,,97.0,2.3,4.1,171.0,169.0,1030.6,99.0,1.0,,100.0
2023-04-23 12:00:00,0.8,1.1,,0.5,,96.0,3.3,5.1,160.0,166.0,1030.6,171.0,1.0,,100.0
2023-04-23 13:00:00,0.5,0.6,,0.4,,96.0,5.1,8.6,174.0,169.0,1030.5,164.0,0.6,,
2023-04-23 14:00:00,0.6,0.8,,0.3,,95.0,7.1,9.3,179.0,173.0,1030.3,188.0,0.4,,
2023-04-23 15:00:00,0.6,0.8,,0.3,,95.0,6.9,9.8,176.0,170.0,1030.0,177.0,0.7,,100.0
2023-04-23 16:00:00,0.8,1.0,,0.7,,94.0,8.2,10.9,181.0,178.0,1029.8,208.0,0.3,,100.0
2023-04-23 17:00:00,0.6,0.8,,0.4,,94.0,6.9,9.3,189.0,187.0,1029.8,207.0,0.3,,100.0
2023-04-23 18:00:00,0.3,0.5,1.2,0.3,-1.5,96.0,5.8,7.1,191.0,190.0,1029.9,170.0,0.4,,100.0
2023-04-23 19:00:00,0.3,0.3,,0.2,,96.0,5.4,6.9,187.0,189.0,1029.8,169.0,0.2,,100.0
2023-04-23 20:00:00,0.3,0.3,,0.2,,96.0,4.6,6.3,196.0,193.0,1029.8,179.0,0.0,,100.0
2023-04-23 21:00:00,0.2,0.2,,0.1,,97.0,4.2,5.4,205.0,202.0,1029.9,75.0,0.0,,100.0
2023-04-23 22:00:00,0.1,0.2,,0.0,,97.0,4.8,5.9,207.0,206.0,1029.9,44.0,0.1,,100.0
2023-04-23 23:00:00,0.0,0.0,,-0.1,,98.0,4.4,5.7,208.0,210.0,1030.2,20.0,0.0,,90.0
2023-04-24 00:00:00,-0.1,-0.1,,-0.1,,98.0,3.2,5.6,227.0,226.0,1030.4,7.0,0.0,,90.0
2023-04-24 01:00:00,-0.1,-0.1,,-0.2,,98.0,2.4,3.8,251.0,221.0,1030.6,2.0,0.0,,
2023-04-24 02:00:00,-0.4,-0.2,,-0.4,,99.0,1.1,2.3,277.0,260.0,1030.8,1.0,0.0,,
2023-04-24 03:00:00,-0.4,-0.3,,-0.4,,99.0,0.8,1.7,197.0,241.0,1030.8,1.0,0.0,,
2023-04-24 04:00:00,-0.3,-0.3,,-0.4,,99.0,1.7,2.6,183.0,193.0,1030.9,1.0,0.1,,
2023-04-24 05:00:00,-0.2,-0.2,,-0.3,,99.0,1.9,3.0,183.0,183.0,1031.0,1.0,0.1,,
2023-04-24 06:00:00,-0.3,-0.2,0.3,-0.3,-0.4,99.0,2.5,3.8,185.0,183.0,1031.1,1.0,0.1,7.6,
2023-04-24 07:00:00,-0.2,-0.2,,-0.2,,99.0,2.5,3.5,201.0,199.0,1031.2,2.0,0.0,,
2023-04-24 08:00:00,-0.1,-0.1,,-0.2,,99.0,1.0,2.2,211.0,212.0,1031.4,11.0,0.0,,
2023-04-24 09:00:00,-0.1,-0.1,,-0.1,,99.0,0.6,1.4,0.0,193.0,1031.6,34.0,0.0,,
2023-04-24 10:00:00,-0.1,0.0,,-0.3,,99.0,0.4,1.9,34.0,145.0,1031.5,65.0,0.0,,
2023-04-24 11:00:00,-0.2,-0.1,,-0.3,,98.0,0.4,1.4,0.0,24.0,1031.3,128.0,0.0,,
2023-04-24 12:00:00,0.0,0.1,,-0.1,,98.0,0.0,1.1,2.0,0.0,1031.5,171.0,0.0,,
2023-04-24 13:00:00,0.1,0.3,,-0.1,,97.0,0.5,1.6,336.0,358.0,1031.6,227.0,0.0,,
2023-04-24 14:00:00,0.1,0.2,,-0.1,,97.0,1.5,3.0,40.0,16.0,1031.4,274.0,0.0,,90.0
2023-04-24 15:00:00,0.4,0.5,,0.2,,97.0,2.7,4.3,47.0,48.0,1031.2,356.0,0.0,,90.0
2023-04-24 16:00:00,0.3,0.4,,0.1,,96.0,3.1,4.4,56.0,45.0,1030.9,334.0,0.0,,
2023-04-24 17:00:00,0.3,0.5,,0.2,,96.0,3.2,4.8,67.0,62.0,1030.6,350.0,0.0,,90.0
2023-04-24 18:00:00,0.2,0.5,0.5,0.0,-0.3,95.0,2.8,4.8,64.0,67.0,1030.4,473.0,0.0,,
2023-04-24 19:00:00,-0.2,0.2,,-0.5,,96.0,2.9,5.3,35.0,40.0,1030.1,380.0,0.0,,
2023-04-24 20:00:00,-1.1,-0.5,,-1.4,,97.0,3.8,5.0,37.0,38.0,1030.2,278.0,0.0,,
2023-04-24 21:00:00,-1.3,-1.1,,-1.5,,97.0,2.4,3.6,57.0,46.0,1029.9,170.0,0.0,,
2023-04-24 22:00:00,-1.7,-1.5,,-1.9,,97.0,2.1,3.1,36.0,40.0,1029.4,131.0,0.0,,
2023-04-24 23:00:00,-2.0,-1.8,,-2.3,,97.0,2.3,3.2,38.0,35.0,1029.1,71.0,0.0,,
2023-04-25 00:00:00,-2.3,-2.0,,-2.4,,98.0,2.0,3.2,30.0,29.0,1029.1,19.0,0.0,,90.0
2023-04-25 01:00:00,-1.7,-1.4,,-2.1,,98.0,1.9,3.3,16.0,21.0,1028.8,4.0,0.0,,90.0
2023-04-25 02:00:00,-1.2,-0.9,,-1.4,,98.0,1.6,2.6,28.0,25.0,1028.4,1.0,0.0,,90.0
2023-04-25 03:00:00,-1.0,-0.9,,-1.0,,98.0,2.0,3.5,50.0,39.0,1027.9,1.0,0.0,,90.0
2023-04-25 04:00:00,-0.8,-0.7,,-0.9,,98.0,2.9,4.3,45.0,45.0,1027.4,1.0,0.0,,90.0
2023-04-25 05:00:00,-0.8,-0.8,,-0.8,,97.0,2.9,4.1,43.0,47.0,1027.2,1.0,0.0,,90.0
2023-04-25 06:00:00,-0.9,-0.8,0.2,-0.9,-2.4,96.0,3.0,4.2,44.0,47.0,1026.8,1.0,0.0,0.0,90.0
2023-04-25 07:00:00,-0.9,-0.9,,-1.0,,93.0,3.4,4.7,46.0,50.0,1026.5,3.0,0.0,,90.0
2023-04-25 08:00:00,-1.0,-1.0,,-1.1,,93.0,2.0,3.5,38.0,43.0,1026.2,16.0,0.0,,90.0
2023-04-25 09:00:00,-1.3,-1.1,,-1.3,,95.0,3.4,4.6,52.0,46.0,1026.1,55.0,0.0,,90.0
2023-04-25 10:00:00,-1.2,-1.0,,-1.3,,97.0,2.6,4.2,44.0,55.0,1025.9,93.0,0.0,,90.0
2023-04-25 11:00:00,-0.8,-0.6,,-1.0,,94.0,3.5,5.4,71.0,61.0,1026.0,125.0,0.0,,90.0
2023-04-25 12:00:00,-0.5,-0.4,,-0.6,,87.0,3.0,5.2,71.0,67.0,1026.1,151.0,0.0,,90.0
2023-04-25 13:00:00,-0.1,0.3,,-0.3,,85.0,1.5,3.1,111.0,72.0,1025.5,177.0,0.0,,90.0
2023-04-25 14:00:00,0.9,1.4,,0.3,,82.0,1.4,2.2,158.0,132.0,1025.4,271.0,0.0,,90.0
2023-04-25 15:00:00,0.8,1.5,,0.5,,87.0,2.8,4.6,193.0,192.0,1025.4,228.0,0.0,,100.0
2023-04-25 16:00:00,0.3,0.5,,0.3,,95.0,3.1,4.4,188.0,194.0,1025.3,135.0,0.2,,100.0
2023-04-25 17:00:00,0.4,0.6,,0.3,,97.0,2.0,3.7,157.0,182.0,1025.2,152.0,0.2,,100.0
2023-04-25 18:00:00,0.6,0.7,1.5,0.3,-1.3,96.0,4.1,6.2,179.0,170.0,1025.2,177.0,0.3,,100.0
2023-04-25 19:00:00,0.5,0.6,,0.4,,96.0,4.8,6.1,189.0,184.0,1025.1,154.0,0.0,,100.0
2023-04-25 20:00:00,0.3,0.4,,0.2,,97.0,4.6,5.8,196.0,195.0,1025.0,117.0,0.0,,100.0
2023-04-25 21:00:00,0.2,0.2,,0.2,,98.0,4.0,5.5,186.0,192.0,1025.0,73.0,0.0,,100.0
2023-04-25 22:00:00,0.1,0.2,,0.0,,98.0,4.0,5.4,184.0,188.0,1025.1,37.0,0.3,,100.0
2023-04-25 23:00:00,0.1,0.1,,0.0,,98.0,4.3,5.5,190.0,188.0,1025.1,21.0,0.1,,100.0
2023-04-26 00:00:00,0.0,0.1,,0.0,,99.0,4.6,6.3,196.0,196.0,1024.9,9.0,0.2,,100.0
2023-04-26 01:00:00,0.1,0.2,,0.0,,99.0,6.4,8.4,195.0,193.0,1024.9,2.0,0.2,,90.0
2023-04-26 02:00:00,0.1,0.1,,0.0,,99.0,7.2,9.2,205.0,199.0,1025.0,1.0,0.1,,100.0
2023-04-26 03:00:00,-0.1,0.0,,-0.2,,99.0,6.8,8.5,215.0,212.0,1025.0,1.0,0.1,,100.0
2023-04-26 04:00:00,-0.4,-0.2,,-0.4,,99.0,6.1,8.6,215.0,217.0,1025.3,1.0,0.1,,90.0
2023-04-26 05:00:00,-0.4,-0.4,,-0.5,,99.0,5.0,6.6,218.0,216.0,1025.3,1.0,0.0,,100.0
2023-04-26 06:00:00,-0.4,-0.3,0.6,-0.5,-0.5,99.0,4.2,5.8,243.0,231.0,1025.4,1.0,0.1,1.9,100.0
2023-04-26 07:00:00,-0.3,-0.3,,-0.4,,99.0,3.8,5.4,239.0,235.0,1025.7,2.0,0.0,,100.0
2023-04-26 08:00:00,-0.4,-0.3,,-0.4,,99.0,3.8,6.0,245.0,244.0,1025.9,10.0,0.0,,100.0
2023-04-26 09:00:00,-0.4,-0.3,,-0.4,,99.0,3.3,4.7,218.0,224.0,1026.1,24.0,0.0,,100.0
2023-04-26 10:00:00,-0.3,-0.3,,-0.3,,99.0,3.5,4.6,213.0,214.0,1026.3,40.0,0.0,,
2023-04-26 11:00:00,-0.3,-0.3,,-0.3,,99.0,3.8,4.7,208.0,207.0,1026.3,74.0,0.0,,
2023-04-26 12:00:00,-0.3,-0.3,,-0.3,,98.0,3.4,4.4,215.0,213.0,1026.4,93.0,0.1,,
2023-04-26 13:00:00,-0.3,-0.3,,-0.4,,98.0,3.5,4.6,216.0,220.0,1026.5,103.0,0.1,,90.0
2023-04-26 14:00:00,-0.3,-0.2,,-0.3,,98.0,2.6,4.0,271.0,222.0,1026.6,157.0,0.0,,100.0
2023-04-26 15:00:00,-0.2,-0.1,,-0.2,,98.0,1.7,2.6,226.0,239.0,1026.6,231.0,0.0,,90.0
2023-04-26 16:00:00,-0.2,0.0,,-0.2,,97.0,1.6,3.1,263.0,272.0,1026.5,242.0,0.0,,100.0
2023-04-26 17:00:00,0.0,0.1,,-0.1,,96.0,1.4,2.4,273.0,269.0,1026.5,288.0,0.0,,100.0
2023-04-26 18:00:00,0.0,0.1,0.1,-0.1,-0.4,97.0,0.5,1.9,228.0,259.0,1026.8,214.0,0.0,,100.0
2023-04-26 19:00:00,0.0,0.1,,-0.1,,96.0,1.3,2.4,258.0,259.0,1027.1,191.0,0.0,,100.0
2023-04-26 20:00:00,0.1,0.1,,0.0,,96.0,1.3,2.7,292.0,273.0,1027.4,160.0,0.0,,100.0
2023-04-26 21:00:00,-0.1,0.1,,-0.3,,97.0,2.0,3.3,335.0,307.0,1027.7,99.0,0.0,,100.0
2023-04-26 22:00:00,-0.3,-0.2,,-0.3,,98.0,1.3,2.2,303.0,305.0,1028.0,62.0,0.0,,100.0
2023-04-26 23:00:00,-0.4,-0.3,,-0.7,,98.0,1.5,3.2,7.0,337.0,1028.1,29.0,0.0,,
2023-04-27 00:00:00,-0.9,-0.7,,-1.0,,99.0,2.6,3.7,8.0,6.0,1028.4,11.0,0.0,,
2023-04-27 01:00:00,-1.0,-0.9,,-1.1,,99.0,2.2,3.2,34.0,19.0,1028.7,3.0,0.0,,100.0
2023-04-27 02:00:00,-1.0,-0.8,,-1.1,,99.0,2.0,3.3,38.0,36.0,1028.8,1.0,0.0,,100.0
2023-04-27 03:00:00,-0.9,-0.9,,-0.9,,99.0,2.1,3.6,40.0,34.0,1029.0,1.0,0.0,,90.0
2023-04-27 04:00:00,-0.9,-0.8,,-1.0,,99.0,1.6,2.9,66.0,40.0,1028.9,1.0,0.0,,100.0
2023-04-27 05:00:00,-1.2,-1.0,,-1.3,,99.0,0.7,2.1,8.0,39.0,1028.9,1.0,0.0,,
2023-04-27 06:00:00,-1.3,-1.1,0.1,-1.4,-1.4,99.0,2.0,3.7,359.0,3.0,1029.2,1.0,0.0,0.2,
2023-04-27 07:00:00,-1.4,-1.3,,-1.8,,99.0,2.3,3.8,45.0,9.0,1029.4,4.0,0.0,,90.0
2023-04-27 08:00:00,-1.7,-1.6,,-1.8,,99.0,1.1,2.2,45.0,30.0,1029.5,24.0,0.0,,100.0
2023-04-27 09:00:00,-1.8,-1.6,,-1.9,,98.0,1.1,2.4,73.0,47.0,1029.7,58.0,0.0,,100.0
2023-04-27 10:00:00,-1.6,-1.5,,-1.8,,97.0,1.8,3.7,82.0,66.0,1029.7,102.0,0.0,,100.0
2023-04-27 11:00:00,-1.4,-1.2,,-1.6,,95.0,1.9,3.8,72.0,62.0,1029.7,178.0,0.0,,100.0
2023-04-27 12:00:00,-1.3,-1.1,,-1.5,,93.0,2.4,4.2,96.0,73.0,1029.7,242.0,0.0,,100.0
2023-04-27 13:00:00,-1.2,-0.9,,-1.4,,93.0,2.9,4.5,73.0,104.0,1029.6,241.0,0.0,,100.0
2023-04-27 14:00:00,-1.4,-1.1,,-1.6,,94.0,2.4,4.4,56.0,74.0,1029.5,312.0,0.0,,100.0
2023-04-27 15:00:00,-1.1,-0.9,,-1.3,,91.0,2.3,3.8,58.0,66.0,1029.5,414.0,0.0,,100.0
2023-04-27 16:00:00,-1.2,-0.9,,-1.4,,92.0,2.7,4.6,60.0,55.0,1029.3,370.0,0.0,,100.0
2023-04-27 17:00:00,-1.0,-0.9,,-1.2,,92.0,3.0,4.5,30.0,28.0,1029.3,367.0,0.0,,90.0
2023-04-27 18:00:00,-0.9,-0.8,-0.8,-1.0,-1.9,90.0,2.9,4.0,17.0,16.0,1029.2,329.0,0.0,,100.0
2023-04-27 19:00:00,-0.8,-0.7,,-0.9,,90.0,3.3,4.5,8.0,10.0,1029.0,279.0,0.0,,100.0
2023-04-27 20:00:00,-0.8,-0.7,,-0.9,,90.0,3.0,4.3,,5.0,1029.1,237.0,0.0,,100.0
2023-04-27 21:00:00,-0.8,-0.7,,-0.9,,89.0,2.9,4.2,7.0,4.0,1029.1,200.0,0.0,,90.0
2023-04-27 22:00:00,-1.0,-0.8,,-1.2,,91.0,2.3,3.8,337.0,350.0,1029.1,111.0,0.0,,100.0
2023-04-27 23:00:00,-1.5,-1.1,,-1.7,,93.0,1.9,3.9,305.0,332.0,1029.2,47.0,0.0,,100.0
2023-04-28 00:00:00,-1.7,-1.6,,-1.9,,93.0,1.3,3.0,5.0,332.0,1029.3,16.0,0.0,,100.0
2023-04-28 01:00:00,-2.0,-1.8,,-2.1,,94.0,0.8,2.7,350.0,346.0,1029.5,4.0,0.0,,100.0
2023-04-28 02:00:00,-2.3,-2.1,,-2.6,,95.0,1.1,3.0,251.0,318.0,1029.4,1.0,0.0,,100.0
2023-04-28 03:00:00,-2.4,-2.3,,-2.5,,96.0,0.6,2.2,359.0,24.0,1029.3,1.0,0.0,,100.0
2023-04-28 04:00:00,-2.6,-2.4,,-2.7,,94.0,1.1,3.1,0.0,38.0,1029.2,1.0,0.0,,100.0
2023-04-28 05:00:00,-2.7,-2.6,,-2.7,,95.0,0.0,0.4,0.0,0.0,1029.2,1.0,0.1,,100.0
2023-04-28 06:00:00,-2.6,-2.6,-0.7,-2.7,-2.7,96.0,0.9,2.1,56.0,41.0,1029.3,1.0,0.1,0.2,100.0
2023-04-28 07:00:00,-2.6,-2.6,,-2.9,,92.0,1.3,2.3,46.0,69.0,1029.4,5.0,0.0,,100.0
2023-04-28 08:00:00,-2.9,-2.8,,-3.0,,90.0,0.9,3.2,54.0,69.0,1029.7,21.0,0.0,,100.0
2023-04-28 09:00:00,-3.1,-3.0,,-3.2,,91.0,1.2,3.7,65.0,41.0,1030.1,50.0,0.0,,100.0
2023-04-28 10:00:00,-3.3,-3.2,,-3.5,,91.0,1.7,3.9,29.0,44.0,1030.2,102.0,0.0,,100.0
2023-04-28 11:00:00,-3.4,-3.3,,-3.5,,90.0,1.8,3.6,52.0,43.0,1030.3,157.0,0.0,,100.0
2023-04-28 12:00:00,-3.3,-3.2,,-3.5,,89.0,1.8,3.8,17.0,57.0,1030.3,213.0,0.0,,100.0
2023-04-28 13:00:00,-3.4,-3.0,,-3.6,,89.0,1.5,3.6,97.0,47.0,1030.4,267.0,0.0,,100.0
2023-04-28 14:00:00,-3.3,-3.0,,-3.5,,88.0,2.1,4.2,15.0,37.0,1030.4,324.0,0.0,,100.0
2023-04-28 15:00:00,-2.9,-2.4,,-3.2,,85.0,2.2,4.1,44.0,43.0,1030.1,386.0,0.0,,90.0
2023-04-28 16:00:00,-2.3,-2.0,,-2.5,,80.0,2.2,3.5,7.0,14.0,1029.9,568.0,0.0,,40.0
2023-04-28 17:00:00,-2.1,-1.9,,-2.3,,80.0,2.2,3.7,7.0,12.0,1029.8,559.0,0.0,,60.0
2023-04-28 18:00:00,-1.8,-1.5,-1.5,-2.3,-3.6,76.0,2.9,4.6,10.0,8.0,1029.6,552.0,0.0,,10.0
2023-04-28 19:00:00,-1.6,-1.5,,-1.7,,67.0,3.7,4.9,12.0,12.0,1029.4,532.0,0.0,,0.0
2023-04-28 20:00:00,-1.6,-1.4,,-1.7,,67.0,3.3,5.1,14.0,13.0,1029.3,432.0,0.0,,0.0
2023-04-28 21:00:00,-1.3,-1.2,,-1.5,,68.0,4.1,6.1,17.0,12.0,1029.1,347.0,0.0,,0.0
2023-04-28 22:00:00,-1.3,-1.2,,-1.5,,72.0,4.0,5.3,12.0,12.0,1029.1,224.0,0.0,,0.0
2023-04-28 23:00:00,-1.5,-1.3,,-1.7,,75.0,3.4,5.0,9.0,15.0,1028.9,125.0,0.0,,0.0
2023-04-29 00:00:00,-1.9,-1.6,,-2.2,,80.0,2.6,4.0,8.0,9.0,1029.1,40.0,0.0,,0.0
2023-04-29 01:00:00,-2.2,-2.1,,-2.3,,81.0,2.3,3.5,14.0,13.0,1029.0,6.0,0.0,,0.0
2023-04-29 02:00:00,-2.3,-2.2,,-2.4,,82.0,1.3,2.5,12.0,18.0,1028.7,2.0,0.0,,0.0
2023-04-29 03:00:00,-2.3,-1.7,,-2.5,,81.0,2.0,3.4,29.0,20.0,1028.3,1.0,0.0,,0.0
2023-04-29 04:00:00,-1.8,-1.6,,-2.3,,77.0,2.1,3.3,29.0,30.0,1028.1,1.0,0.0,,0.0
2023-04-29 05:00:00,-1.9,-1.7,,-2.3,,78.0,2.5,3.8,34.0,30.0,1027.8,1.0,0.0,,0.0
2023-04-29 06:00:00,-1.8,-1.6,-1.2,-2.0,-2.5,81.0,2.5,3.9,44.0,37.0,1027.5,2.0,0.0,0.0,0.0
2023-04-29 07:00:00,-1.7,-1.6,,-2.3,,86.0,2.0,3.1,38.0,41.0,1027.5,7.0,0.0,,0.0
2023-04-29 08:00:00,-1.7,-1.5,,-2.1,,88.0,2.3,2.9,48.0,50.0,1027.5,32.0,0.0,,0.0
2023-04-29 09:00:00,-1.8,-1.5,,-2.1,,90.0,3.0,3.8,55.0,56.0,1027.4,93.0,0.0,,10.0
2023-04-29 10:00:00,-2.1,-2.0,,-2.3,,90.0,2.6,4.0,69.0,64.0,1027.3,184.0,0.0,,10.0
2023-04-29 11:00:00,-2.3,-2.1,,-2.6,,88.0,2.9,4.1,51.0,59.0,1027.0,289.0,0.0,,0.0
2023-04-29 12:00:00,-1.8,-1.4,,-2.2,,80.0,3.0,4.3,72.0,63.0,1026.7,382.0,0.0,,0.0
2023-04-29 13:00:00,-1.5,-1.3,,-1.7,,71.0,4.5,7.2,44.0,46.0,1026.4,481.0,0.0,,0.0
2023-04-29 14:00:00,-1.5,-1.4,,-1.6,,69.0,5.2,7.1,47.0,43.0,1026.2,575.0,0.0,,0.0
2023-04-29 15:00:00,-1.4,-1.1,,-1.6,,69.0,4.9,6.7,42.0,44.0,1025.8,621.0,0.0,,0.0
2023-04-29 16:00:00,-1.0,-0.8,,-1.2,,66.0,5.1,6.6,39.0,40.0,1025.4,642.0,0.0,,0.0
2023-04-29 17:00:00,-0.5,-0.3,,-0.8,,62.0,5.6,8.3,38.0,40.0,1025.1,640.0,0.0,,0.0
2023-04-29 18:00:00,-0.2,0.1,0.1,-0.4,-2.6,61.0,5.7,7.6,37.0,34.0,1024.5,605.0,0.0,,10.0
2023-04-29 19:00:00,0.2,0.3,,-0.1,,64.0,5.6,7.6,37.0,37.0,1024.2,541.0,0.0,,0.0
2023-04-29 20:00:00,0.5,0.6,,0.3,,68.0,5.5,7.6,38.0,38.0,1023.7,446.0,0.0,,0.0
2023-04-29 21:00:00,0.7,0.8,,0.6,,68.0,6.1,8.3,34.0,38.0,1023.4,354.0,0.0,,0.0
2023-04-29 22:00:00,0.8,0.8,,0.8,,70.0,6.7,8.8,35.0,35.0,1023.0,242.0,0.0,,0.0
2023-04-29 23:00:00,0.7,0.8,,0.6,,73.0,6.0,8.1,37.0,36.0,1022.6,135.0,0.0,,0.0
2023-04-30 00:00:00,0.4,0.7,,0.2,,75.0,5.4,7.9,42.0,41.0,1022.4,47.0,0.0,,0.0
2023-04-30 01:00:00,0.0,0.2,,-0.2,,76.0,4.9,7.1,44.0,48.0,1022.0,7.0,0.0,,0.0
2023-04-30 02:00:00,-0.5,-0.2,,-0.9,,78.0,5.4,8.0,48.0,47.0,1021.6,2.0,0.0,,0.0
2023-04-30 03:00:00,-1.0,-0.9,,-1.1,,83.0,4.3,6.6,53.0,51.0,1021.6,1.0,0.0,,0.0
2023-04-30 04:00:00,-1.3,-1.0,,-1.6,,85.0,4.5,6.4,58.0,53.0,1021.3,1.0,0.0,,0.0
2023-04-30 05:00:00,-1.7,-1.4,,-2.1,,76.0,5.1,6.8,64.0,60.0,1021.1,1.0,0.0,,0.0
2023-04-30 06:00:00,-2.3,-1.9,0.8,-3.0,-3.0,65.0,5.8,8.3,69.0,68.0,1021.0,2.0,0.0,0.0,
2023-04-30 07:00:00,-3.0,-2.8,,-3.2,,65.0,5.6,8.0,72.0,75.0,1020.9,8.0,0.0,,0.0
2023-04-30 08:00:00,-2.8,-2.5,,-3.0,,65.0,4.9,7.2,75.0,68.0,1020.8,33.0,0.0,,0.0
2023-04-30 09:00:00,-2.7,-2.4,,-3.2,,63.0,5.0,7.6,76.0,77.0,1020.8,103.0,0.0,,0.0
2023-04-30 10:00:00,-2.2,-1.7,,-2.4,,62.0,4.9,7.1,67.0,72.0,1020.8,202.0,0.0,,
2023-04-30 11:00:00,-1.3,-0.8,,-1.7,,62.0,4.2,6.0,80.0,73.0,1020.8,301.0,0.0,,0.0
2023-04-30 12:00:00,-0.5,-0.2,,-0.8,,62.0,3.6,5.3,63.0,74.0,1020.6,396.0,0.0,,0.0
2023-04-30 13:00:00,0.0,0.3,,-0.5,,66.0,4.3,6.9,48.0,50.0,1020.8,496.0,0.0,,0.0
2023-04-30 14:00:00,0.2,0.7,,0.1,,70.0,4.9,7.7,67.0,55.0,1020.8,589.0,0.0,,0.0
2023-04-30 15:00:00,0.6,0.9,,0.3,,68.0,4.8,7.3,62.0,63.0,1020.8,636.0,0.0,,0.0
2023-04-30 16:00:00,1.5,1.9,,0.9,,57.0,4.1,5.6,67.0,69.0,1020.7,653.0,0.0,,0.0
2023-04-30 17:00:00,2.3,2.7,,1.8,,50.0,3.6,4.8,105.0,90.0,1021.0,649.0,0.0,,0.0
2023-04-30 18:00:00,2.8,3.0,3.0,2.6,-3.2,48.0,2.4,3.9,123.0,115.0,1021.4,612.0,0.0,,0.0
2023-04-30 19:00:00,3.1,3.5,,2.8,,45.0,1.6,3.1,191.0,148.0,1021.9,545.0,0.0,,0.0
2023-04-30 20:00:00,1.8,2.8,,0.2,,59.0,4.2,9.0,225.0,214.0,1022.9,447.0,0.0,,0.0
2023-04-30 21:00:00,-0.1,0.3,,-0.5,,83.0,6.6,9.0,214.0,221.0,1023.6,345.0,0.0,,
2023-04-30 22:00:00,-0.7,-0.4,,-1.0,,83.0,6.9,8.8,210.0,210.0,1024.2,209.0,0.0,,60.0
2023-04-30 23:00:00,-0.9,-0.8,,-1.0,,85.0,6.4,9.1,218.0,220.0,1024.8,54.0,0.0,,90.0
2023-05-01 00:00:00,-1.0,-0.9,,-1.0,,86.0,5.0,9.0,231.0,235.0,1025.2,17.0,0.0,,90.0
2023-05-01 01:00:00,-0.7,-0.6,,-0.9,,85.0,4.4,9.1,226.0,248.0,1025.5,6.0,0.0,,90.0
2023-05-01 02:00:00,-0.6,-0.6,,-0.7,,84.0,5.5,8.2,207.0,220.0,1025.9,2.0,0.0,,90.0
2023-05-01 03:00:00,-0.6,-0.5,,-0.7,,84.0,4.0,6.8,192.0,208.0,1026.3,1.0,0.0,,90.0
2023-05-01 04:00:00,-0.5,-0.5,,-0.6,,82.0,1.2,2.9,0.0,190.0,1026.5,1.0,0.0,,90.0
2023-05-01 05:00:00,-0.6,-0.6,,-0.7,,83.0,1.2,2.1,79.0,100.0,1026.8,1.0,0.0,,90.0
2023-05-01 06:00:00,-0.7,-0.6,3.5,-0.7,-1.0,85.0,2.0,4.1,46.0,69.0,1027.1,2.0,0.0,0.0,90.0
2023-05-01 07:00:00,-1.1,-0.7,,-1.2,,92.0,4.2,6.9,46.0,46.0,1027.3,6.0,0.0,,90.0
2023-05-01 08:00:00,-1.3,-1.2,,-1.3,,89.0,5.3,7.4,49.0,49.0,1027.4,20.0,0.0,,90.0
2023-05-01 09:00:00,-1.4,-1.2,,-1.7,,85.0,5.4,8.2,35.0,38.0,1027.6,45.0,0.0,,90.0
2023-05-01 10:00:00,-1.4,-1.1,,-1.6,,83.0,4.3,6.9,37.0,39.0,1027.6,89.0,0.0,,90.0
2023-05-01 11:00:00,-1.0,-0.8,,-1.2,,72.0,4.3,6.2,42.0,41.0,1027.5,302.0,0.0,,0.0
2023-05-01 12:00:00,-1.2,-0.8,,-1.4,,69.0,4.2,6.3,69.0,43.0,1027.4,389.0,0.0,,0.0
2023-05-01 13:00:00,-0.9,-0.2,,-1.1,,71.0,2.9,4.1,86.0,65.0,1027.4,487.0,0.0,,0.0
2023-05-01 14:00:00,-0.4,-0.1,,-0.6,,71.0,2.7,4.0,53.0,67.0,1027.3,578.0,0.0,,0.0
2023-05-01 15:00:00,-0.6,-0.4,,-0.7,,73.0,3.3,5.1,38.0,39.0,1027.3,622.0,0.0,,0.0
2023-05-01 16:00:00,-0.2,0.0,,-0.4,,68.0,4.2,5.8,55.0,53.0,1027.2,638.0,0.0,,0.0
2023-05-01 17:00:00,0.1,0.3,,-0.1,,65.0,4.0,5.3,58.0,53.0,1027.3,636.0,0.0,,0.0
2023-05-01 18:00:00,0.2,0.3,0.3,0.1,-1.7,66.0,3.7,5.1,48.0,47.0,1027.3,601.0,0.0,,0.0
2023-05-01 19:00:00,0.2,0.3,,0.1,,64.0,3.5,4.9,54.0,54.0,1027.3,539.0,0.0,,0.0
2023-05-01 20:00:00,0.3,0.4,,0.2,,64.0,2.7,4.0,54.0,56.0,1027.4,447.0,0.0,,0.0
2023-05-01 21:00:00,0.4,0.5,,0.3,,65.0,2.2,3.1,62.0,56.0,1027.5,358.0,0.0,,0.0
2023-05-01 22:00:00,0.5,0.5,,0.4,,65.0,1.5,2.2,79.0,70.0,1027.4,251.0,0.0,,0.0
2023-05-01 23:00:00,0.3,0.4,,0.1,,69.0,0.9,1.7,96.0,90.0,1027.5,146.0,0.0,,0.0
2023-05-02 00:00:00,-0.1,0.1,,-0.4,,68.0,0.0,0.4,0.0,0.0,1027.5,57.0,0.0,,0.0
2023-05-02 01:00:00,-0.9,-0.4,,-1.4,,71.0,0.9,1.6,210.0,175.0,1027.7,11.0,0.0,,0.0
2023-05-02 02:00:00,-1.2,-1.0,,-1.4,,74.0,0.5,1.3,0.0,220.0,1027.4,2.0,0.0,,0.0
2023-05-02 03:00:00,-1.2,-1.0,,-1.9,,71.0,0.0,0.8,0.0,0.0,1027.3,1.0,0.0,,0.0
2023-05-02 04:00:00,-2.0,-1.0,,-2.8,,76.0,0.5,1.9,155.0,169.0,1027.4,1.0,0.0,,0.0
2023-05-02 05:00:00,-1.4,-0.9,,-2.1,,77.0,1.1,2.2,74.0,92.0,1027.2,1.0,0.0,,0.0
2023-05-02 06:00:00,-2.3,-1.5,0.5,-3.2,-3.2,83.0,0.8,1.6,194.0,133.0,1027.6,2.0,0.0,0.0,0.0
2023-05-02 07:00:00,-2.5,-2.0,,-3.2,,78.0,0.4,1.4,142.0,168.0,1027.9,10.0,0.0,,0.0
2023-05-02 08:00:00,-2.4,-2.1,,-2.7,,72.0,1.8,2.9,93.0,115.0,1027.8,39.0,0.0,,0.0
2023-05-02 09:00:00,-2.1,-1.8,,-2.4,,73.0,2.6,3.0,97.0,93.0,1027.7,110.0,0.0,,0.0
2023-05-02 10:00:00,-1.5,-0.3,,-2.1,,72.0,1.3,2.7,0.0,120.0,1027.8,205.0,0.0,,0.0
2023-05-02 11:00:00,-1.0,-0.5,,-1.4,,69.0,1.4,3.3,51.0,49.0,1027.9,301.0,0.0,,0.0
2023-05-02 12:00:00,-0.9,-0.4,,-1.3,,66.0,3.2,5.0,72.0,68.0,1027.8,394.0,0.0,,0.0
2023-05-02 13:00:00,-0.4,0.0,,-0.8,,64.0,4.0,5.2,77.0,74.0,1027.7,492.0,0.0,,0.0
2023-05-02 14:00:00,-0.2,0.0,,-0.4,,60.0,3.6,5.1,61.0,63.0,1027.5,583.0,0.0,,0.0
2023-05-02 15:00:00,-0.3,0.0,,-0.4,,66.0,3.9,5.3,55.0,55.0,1027.5,631.0,0.0,,0.0
2023-05-02 16:00:00,0.0,0.3,,-0.2,,67.0,3.6,4.7,45.0,49.0,1027.2,648.0,0.0,,0.0
2023-05-02 17:00:00,0.4,0.5,,0.2,,67.0,3.8,5.4,50.0,50.0,1026.9,645.0,0.0,,0.0
2023-05-02 18:00:00,0.5,0.6,0.6,0.4,-3.2,71.0,4.2,5.5,50.0,50.0,1026.8,611.0,0.0,,0.0
2023-05-02 19:00:00,0.7,0.8,,0.5,,70.0,3.8,5.5,52.0,53.0,1026.8,547.0,0.0,,0.0
2023-05-02 20:00:00,0.7,0.8,,0.6,,72.0,3.8,5.3,54.0,54.0,1026.6,453.0,0.0,,
2023-05-02 21:00:00,0.7,0.8,,0.7,,75.0,3.5,4.8,53.0,53.0,1026.3,360.0,0.0,,0.0
2023-05-02 22:00:00,0.7,0.8,,0.4,,74.0,3.6,5.1,67.0,63.0,1026.0,232.0,0.0,,0.0
2023-05-02 23:00:00,0.2,0.4,,0.0,,77.0,4.0,5.5,77.0,73.0,1025.8,95.0,0.0,,0.0
2023-05-03 00:00:00,-0.3,0.0,,-0.7,,79.0,4.4,5.5,85.0,82.0,1025.5,33.0,0.0,,0.0
2023-05-03 01:00:00,-0.5,-0.1,,-0.8,,79.0,4.4,6.1,81.0,80.0,1025.2,8.0,0.0,,90.0
2023-05-03 02:00:00,-0.7,-0.5,,-1.1,,79.0,4.3,5.3,87.0,88.0,1024.7,2.0,0.0,,90.0
2023-05-03 03:00:00,-1.0,-0.7,,-1.3,,79.0,3.9,4.6,114.0,100.0,1024.5,1.0,0.0,,100.0
2023-05-03 04:00:00,-0.5,0.1,,-1.1,,73.0,1.1,2.8,212.0,190.0,1024.1,1.0,0.0,,90.0
2023-05-03 05:00:00,-0.6,-0.3,,-0.9,,75.0,1.4,2.5,259.0,222.0,1023.6,1.0,0.0,,90.0
2023-05-03 06:00:00,-1.0,-0.8,0.8,-1.2,-1.3,93.0,0.0,2.2,0.0,0.0,1023.5,2.0,0.0,0.0,90.0
2023-05-03 07:00:00,-1.0,-0.8,,-1.3,,94.0,0.4,1.4,90.0,62.0,1023.2,5.0,0.0,,90.0
2023-05-03 08:00:00,-1.1,-1.0,,-1.3,,95.0,0.9,1.5,70.0,88.0,1022.6,13.0,0.0,,90.0
2023-05-03 09:00:00,-0.9,-0.6,,-1.1,,90.0,0.8,2.3,77.0,61.0,1022.5,33.0,0.0,,90.0
2023-05-03 10:00:00,-0.5,0.0,,-0.7,,76.0,3.0,4.8,108.0,98.0,1021.9,103.0,0.0,,90.0
2023-05-03 11:00:00,0.2,0.8,,-0.2,,69.0,1.1,3.7,255.0,153.0,1021.8,120.0,0.0,,90.0
2023-05-03 12:00:00,0.7,1.0,,0.2,,69.0,0.6,1.8,43.0,45.0,1021.2,140.0,0.0,,90.0
2023-05-03 13:00:00,1.0,1.5,,0.3,,70.0,0.7,3.7,213.0,130.0,1021.1,159.0,0.1,,100.0
2023-05-03 14:00:00,0.5,0.7,,0.3,,80.0,1.5,2.8,83.0,125.0,1020.4,144.0,0.0,,100.0
2023-05-03 15:00:00,0.5,0.7,,0.2,,85.0,2.5,3.9,51.0,79.0,1019.8,155.0,0.0,,
2023-05-03 16:00:00,-0.3,0.2,,-0.5,,93.0,3.2,5.1,97.0,70.0,1019.1,123.0,0.5,,100.0
2023-05-03 17:00:00,0.2,0.3,,-0.2,,96.0,4.1,6.1,126.0,133.0,1018.7,102.0,0.7,,
2023-05-03 18:00:00,0.4,0.5,1.5,0.3,-1.3,96.0,3.8,7.0,115.0,133.0,1018.6,95.0,0.4,,100.0
2023-05-03 19:00:00,0.3,0.4,,0.2,,97.0,2.0,3.0,143.0,138.0,1018.8,97.0,0.9,,100.0
2023-05-03 20:00:00,0.1,0.3,,0.0,,98.0,1.3,3.4,207.0,215.0,1019.2,62.0,1.5,,
2023-05-03 21:00:00,0.1,0.5,,-0.2,,97.0,3.7,13.9,178.0,261.0,1019.0,44.0,1.3,,
2023-05-03 22:00:00,0.1,0.5,,0.0,,97.0,10.5,15.8,185.0,181.0,1018.9,39.0,0.7,,
2023-05-03 23:00:00,-0.1,0.0,,-0.1,,98.0,9.2,12.9,182.0,185.0,1019.1,24.0,0.3,,
2023-05-04 00:00:00,-0.1,-0.1,,-0.1,,99.0,9.5,14.2,192.0,185.0,1019.2,13.0,0.5,,
2023-05-04 01:00:00,-0.1,-0.1,,-0.1,,99.0,11.1,14.3,193.0,193.0,1019.3,4.0,0.1,,100.0
2023-05-04 02:00:00,-0.1,-0.1,,-0.1,,99.0,10.1,13.6,198.0,194.0,1019.7,1.0,0.2,,
2023-05-04 03:00:00,-0.1,-0.1,,-0.1,,99.0,7.5,9.3,207.0,203.0,1019.8,1.0,0.1,,100.0
2023-05-04 04:00:00,-0.1,-0.1,,-0.2,,99.0,6.5,9.3,220.0,213.0,1020.2,1.0,0.0,,100.0
2023-05-04 05:00:00,-0.4,-0.2,,-0.5,,99.0,5.1,7.2,240.0,229.0,1020.8,1.0,0.0,,100.0
2023-05-04 06:00:00,-0.4,-0.3,0.5,-0.5,-0.5,99.0,3.4,5.9,267.0,259.0,1021.4,2.0,0.0,7.3,100.0
2023-05-04 07:00:00,-0.5,-0.3,,-0.6,,99.0,2.5,4.2,263.0,263.0,1022.1,8.0,0.0,,90.0
2023-05-04 08:00:00,-0.9,-0.6,,-1.3,,99.0,3.0,4.8,278.0,273.0,1022.9,22.0,0.0,,
2023-05-04 09:00:00,-1.6,-1.3,,-1.8,,98.0,3.0,4.8,277.0,280.0,1023.2,37.0,0.0,,100.0
2023-05-04 10:00:00,-2.0,-1.8,,-2.2,,98.0,2.7,4.6,263.0,262.0,1023.8,81.0,0.0,,100.0
2023-05-04 11:00:00,-2.3,-2.1,,-2.6,,97.0,3.1,5.3,283.0,272.0,1024.2,113.0,0.0,,100.0
2023-05-04 12:00:00,-2.7,-2.5,,-2.9,,96.0,3.2,5.4,283.0,280.0,1024.3,196.0,0.0,,100.0
2023-05-04 13:00:00,-2.7,-2.5,,-2.8,,95.0,3.1,5.5,283.0,276.0,1024.5,257.0,0.0,,100.0
2023-05-04 14:00:00,-2.8,-2.6,,-3.0,,95.0,3.0,5.7,274.0,275.0,1024.6,265.0,0.0,,100.0
2023-05-04 15:00:00,-2.9,-2.6,,-3.1,,94.0,3.4,5.9,275.0,273.0,1024.5,278.0,0.0,,100.0
2023-05-04 16:00:00,-2.9,-2.8,,-3.0,,93.0,3.6,6.1,272.0,277.0,1024.5,296.0,0.0,,
2023-05-04 17:00:00,-2.8,-2.7,,-2.9,,93.0,3.6,6.6,279.0,272.0,1024.4,269.0,0.0,,100.0
2023-05-04 18:00:00,-2.7,-2.6,-0.3,-2.8,-3.1,92.0,4.2,6.8,283.0,282.0,1024.4,216.0,0.0,,100.0
2023-05-04 19:00:00,-2.7,-2.5,,-2.9,,91.0,4.2,7.0,272.0,277.0,1024.5,208.0,0.0,,100.0
2023-05-04 20:00:00,-2.8,-2.7,,-2.9,,91.0,4.6,8.4,284.0,280.0,1024.3,173.0,0.0,,100.0
2023-05-04 21:00:00,-2.7,-2.5,,-3.0,,92.0,4.6,7.0,276.0,277.0,1023.8,131.0,0.0,,100.0
2023-05-04 22:00:00,-2.1,-1.9,,-2.5,,93.0,5.6,9.1,283.0,284.0,1023.5,94.0,0.0,,100.0
2023-05-04 23:00:00,-1.8,-1.6,,-2.0,,91.0,5.5,9.1,327.0,306.0,1023.4,64.0,0.0,,100.0
2023-05-05 00:00:00,-1.9,-1.8,,-2.0,,91.0,4.0,6.9,311.0,314.0,1023.3,33.0,0.0,,100.0
2023-05-05 01:00:00,-1.9,-1.6,,-2.1,,92.0,3.6,6.9,352.0,324.0,1022.9,8.0,0.0,,100.0
2023-05-05 02:00:00,-1.7,-1.6,,-1.9,,93.0,4.8,7.8,23.0,7.0,1022.8,2.0,0.1,,90.0
2023-05-05 03:00:00,-2.0,-1.8,,-2.2,,93.0,5.9,8.2,32.0,32.0,1022.7,1.0,0.1,,90.0
2023-05-05 04:00:00,-2.2,-2.1,,-2.3,,89.0,4.5,8.6,55.0,42.0,1022.4,1.0,0.0,,90.0
2023-05-05 05:00:00,-2.3,-2.2,,-2.4,,88.0,3.7,6.1,35.0,49.0,1022.1,1.0,0.0,,90.0
2023-05-05 06:00:00,-2.5,-2.2,-1.6,-2.7,-3.0,87.0,3.3,5.5,63.0,66.0,1022.1,2.0,0.0,0.2,100.0
2023-05-05 07:00:00,-2.6,-2.5,,-2.8,,87.0,2.6,5.0,101.0,80.0,1022.1,7.0,0.0,,100.0
2023-05-05 08:00:00,-2.8,-2.7,,-2.9,,87.0,2.9,5.0,75.0,88.0,1021.6,25.0,0.0,,100.0
2023-05-05 09:00:00,-2.7,-2.7,,-2.8,,86.0,2.4,4.2,72.0,72.0,1021.4,52.0,0.0,,100.0
2023-05-05 10:00:00,-2.6,-2.5,,-2.7,,87.0,3.2,4.9,122.0,98.0,1020.8,104.0,0.0,,100.0
2023-05-05 11:00:00,-2.5,-2.4,,-2.6,,87.0,3.2,5.5,133.0,131.0,1019.9,152.0,0.0,,100.0
2023-05-05 12:00:00,-2.5,-2.5,,-2.6,,86.0,3.7,5.4,132.0,133.0,1019.3,165.0,0.0,,100.0
2023-05-05 13:00:00,-2.5,-2.3,,-2.6,,86.0,3.6,5.7,130.0,127.0,1018.7,193.0,0.0,,100.0
2023-05-05 14:00:00,-2.3,-2.1,,-2.3,,86.0,3.5,5.2,137.0,132.0,1017.8,258.0,0.0,,100.0
2023-05-05 15:00:00,-2.1,-2.0,,-2.2,,86.0,3.7,4.8,149.0,144.0,1016.9,262.0,0.0,,100.0
2023-05-05 16:00:00,-2.1,-2.0,,-2.2,,86.0,4.1,5.1,147.0,148.0,1015.8,254.0,0.0,,100.0
2023-05-05 17:00:00,-2.0,-1.8,,-2.2,,86.0,3.9,5.1,158.0,155.0,1015.0,229.0,0.0,,90.0
2023-05-05 18:00:00,-2.0,-1.9,-1.8,-2.1,-2.9,86.0,4.1,5.6,160.0,158.0,1013.9,192.0,0.0,,90.0
2023-05-05 19:00:00,-1.7,-1.5,,-2.0,,85.0,3.9,5.2,158.0,160.0,1012.9,237.0,0.0,,90.0
2023-05-05 20:00:00,-1.9,-1.8,,-2.0,,87.0,4.2,6.0,165.0,165.0,1012.1,147.0,0.0,,90.0
2023-05-05 21:00:00,-1.9,-1.8,,-2.0,,88.0,3.6,4.8,182.0,174.0,1011.3,108.0,0.0,,90.0
2023-05-05 22:00:00,-2.1,-2.0,,-2.3,,90.0,3.0,4.5,177.0,175.0,1010.5,68.0,0.0,,90.0
2023-05-05 23:00:00,-2.3,-2.2,,-2.3,,93.0,2.8,4.1,172.0,175.0,1009.7,46.0,0.0,,90.0
2023-05-06 00:00:00,-2.4,-2.3,,-2.5,,94.0,2.9,4.0,172.0,168.0,1008.9,21.0,0.1,,90.0
2023-05-06 01:00:00,-2.5,-2.5,,-2.5,,95.0,2.9,4.0,181.0,180.0,1008.3,6.0,0.0,,90.0
2023-05-06 02:00:00,-2.6,-2.5,,-2.7,,95.0,2.2,2.7,197.0,196.0,1007.9,2.0,0.0,,90.0
2023-05-06 03:00:00,-2.7,-2.6,,-2.8,,95.0,1.9,2.8,205.0,199.0,1007.3,1.0,0.0,,90.0
2023-05-06 04:00:00,-2.6,-2.5,,-2.7,,96.0,1.6,2.9,174.0,188.0,1006.8,1.0,0.0,,90.0
2023-05-06 05:00:00,-2.6,-2.5,,-2.7,,96.0,2.0,2.6,175.0,191.0,1006.5,1.0,0.0,,90.0
2023-05-06 06:00:00,-2.6,-2.5,-1.5,-2.7,-2.8,95.0,1.6,2.4,171.0,170.0,1006.3,2.0,0.0,0.1,90.0
2023-05-06 07:00:00,-2.6,-2.5,,-2.7,,94.0,2.2,2.9,173.0,179.0,1006.1,10.0,0.0,,90.0
2023-05-06 08:00:00,-2.6,-2.5,,-2.8,,94.0,2.3,3.4,140.0,148.0,1005.5,31.0,0.0,,90.0
2023-05-06 09:00:00,-3.0,-2.8,,-3.2,,93.0,1.2,2.4,151.0,150.0,1005.5,90.0,0.0,,90.0
2023-05-06 10:00:00,-2.5,-2.0,,-3.4,,90.0,0.8,1.6,193.0,179.0,1005.3,127.0,0.0,,90.0
2023-05-06 11:00:00,-2.2,-1.7,,-2.5,,91.0,0.3,1.4,76.0,135.0,1005.1,166.0,0.0,,90.0
2023-05-06 12:00:00,-1.8,-1.5,,-2.1,,89.0,1.0,2.0,66.0,77.0,1005.1,321.0,1.1,,90.0
2023-05-06 13:00:00,-1.5,-1.2,,-1.7,,88.0,1.0,1.6,94.0,92.0,1004.9,337.0,0.0,,90.0
2023-05-06 14:00:00,-0.8,0.5,,-1.5,,84.0,0.0,1.4,108.0,0.0,1004.8,465.0,0.0,,90.0
2023-05-06 15:00:00,-0.7,-0.1,,-1.0,,81.0,0.5,2.7,60.0,80.0,1004.7,524.0,0.0,,90.0
2023-05-06 16:00:00,-0.8,-0.3,,-1.1,,82.0,0.4,2.4,13.0,64.0,1004.6,440.0,0.0,,90.0
2023-05-06 17:00:00,-1.0,-0.8,,-1.1,,86.0,0.7,2.0,336.0,353.0,1004.7,344.0,0.0,,90.0
2023-05-06 18:00:00,-1.1,-0.9,0.5,-1.2,-3.4,86.0,2.0,3.3,8.0,7.0,1004.6,340.0,0.0,,90.0
2023-05-06 19:00:00,-1.2,-1.0,,-1.4,,88.0,2.3,3.6,13.0,12.0,1004.6,266.0,0.0,,90.0
2023-05-06 20:00:00,-1.4,-1.3,,-1.5,,92.0,2.5,3.5,12.0,11.0,1004.5,227.0,0.2,,90.0
2023-05-06 21:00:00,-1.5,-1.3,,-1.6,,91.0,2.0,3.1,10.0,19.0,1004.7,208.0,0.0,,90.0
2023-05-06 22:00:00,-1.6,-1.5,,-1.7,,91.0,2.2,3.3,15.0,12.0,1004.7,93.0,0.0,,90.0
2023-05-06 23:00:00,-1.6,-1.5,,-1.7,,91.0,1.8,2.9,357.0,9.0,1004.7,81.0,0.0,,90.0
2023-05-07 00:00:00,-1.5,-1.5,,-1.6,,91.0,1.2,2.0,5.0,6.0,1004.6,30.0,0.0,,90.0
2023-05-07 01:00:00,-1.7,-1.5,,-1.7,,94.0,1.1,2.0,345.0,356.0,1004.6,11.0,0.1,,90.0
2023-05-07 02:00:00,-1.8,-1.7,,-1.9,,96.0,0.0,0.6,0.0,0.0,1004.5,3.0,0.1,,90.0
2023-05-07 03:00:00,-2.1,-1.8,,-2.2,,96.0,0.0,0.0,0.0,0.0,1004.3,1.0,0.0,,90.0
2023-05-07 04:00:00,-2.1,-1.9,,-2.2,,97.0,0.3,1.2,0.0,257.0,1004.2,1.0,0.2,,90.0
2023-05-07 05:00:00,-1.8,-1.6,,-2.0,,97.0,0.4,2.2,320.0,278.0,1004.0,1.0,0.0,,90.0
2023-05-07 06:00:00,-1.5,-1.4,-1.0,-1.6,-2.2,92.0,1.6,2.9,304.0,307.0,1004.2,3.0,0.0,1.7,90.0
2023-05-07 07:00:00,-1.8,-1.6,,-1.9,,89.0,1.5,3.8,283.0,281.0,1004.2,10.0,0.0,,90.0
2023-05-07 08:00:00,-1.9,-1.7,,-2.0,,89.0,1.2,3.6,280.0,282.0,1004.2,40.0,0.0,,100.0
2023-05-07 09:00:00,-1.8,-1.7,,-1.9,,89.0,1.2,3.6,255.0,237.0,1004.3,62.0,0.0,,100.0
2023-05-07 10:00:00,-1.7,-0.8,,-1.9,,86.0,0.9,2.9,0.0,240.0,1004.3,129.0,0.0,,90.0
2023-05-07 11:00:00,-1.2,-0.4,,-1.7,,87.0,0.9,2.9,263.0,240.0,1004.2,209.0,0.0,,100.0
2023-05-07 12:00:00,-0.9,-0.5,,-1.4,,86.0,2.4,4.2,296.0,286.0,1004.3,313.0,0.0,,100.0
2023-05-07 13:00:00,-0.6,-0.4,,-0.8,,83.0,2.0,3.7,334.0,318.0,1004.5,345.0,0.0,,100.0
2023-05-07 14:00:00,-0.5,-0.3,,-0.7,,84.0,1.7,4.0,318.0,320.0,1004.5,330.0,0.0,,100.0
2023-05-07 15:00:00,-0.2,0.9,,-0.7,,83.0,0.5,2.3,0.0,8.0,1004.2,505.0,0.0,,90.0
2023-05-07 16:00:00,0.0,1.3,,-0.4,,79.0,0.9,2.3,339.0,352.0,1004.2,446.0,0.0,,100.0
2023-05-07 17:00:00,-0.1,0.1,,-0.3,,79.0,1.4,2.7,336.0,358.0,1004.2,423.0,0.0,,100.0
2023-05-07 18:00:00,0.2,0.6,1.3,-0.1,-2.0,80.0,1.1,3.1,13.0,352.0,1004.3,403.0,0.0,,100.0
2023-05-07 19:00:00,-0.1,0.1,,-0.3,,84.0,2.4,3.5,8.0,8.0,1004.4,362.0,0.0,,90.0
2023-05-07 20:00:00,-0.4,-0.1,,-0.6,,91.0,1.6,3.1,0.0,348.0,1004.5,265.0,0.0,,90.0
2023-05-07 21:00:00,-0.5,0.2,,-0.7,,94.0,2.0,4.3,0.0,3.0,1004.7,188.0,0.3,,90.0
2023-05-07 22:00:00,-0.5,-0.2,,-0.7,,94.0,0.9,2.9,353.0,5.0,1005.0,110.0,0.3,,100.0
2023-05-07 23:00:00,-0.7,-0.3,,-1.2,,93.0,3.6,7.1,325.0,329.0,1005.2,53.0,0.0,,90.0
2023-05-08 00:00:00,-1.3,-1.2,,-1.4,,94.0,4.9,7.9,327.0,327.0,1005.4,26.0,0.0,,100.0
2023-05-08 01:00:00,-1.3,-1.2,,-1.4,,91.0,4.0,6.5,326.0,326.0,1006.0,9.0,0.0,,100.0
2023-05-08 02:00:00,-1.3,-1.3,,-1.4,,89.0,4.2,7.1,324.0,325.0,1006.0,3.0,0.0,,100.0
2023-05-08 03:00:00,-1.4,-1.4,,-1.5,,88.0,3.8,6.3,315.0,320.0,1006.2,2.0,0.0,,100.0
2023-05-08 04:00:00,-1.6,-1.5,,-1.7,,87.0,3.7,6.0,291.0,310.0,1006.3,1.0,0.0,,100.0
2023-05-08 05:00:00,-1.8,-1.7,,-1.8,,88.0,3.6,6.0,293.0,299.0,1006.4,2.0,0.0,,100.0
2023-05-08 06:00:00,-1.7,-1.6,0.2,-1.8,-1.8,88.0,2.5,4.6,285.0,288.0,1006.5,3.0,0.0,0.6,100.0
2023-05-08 07:00:00,-1.5,-1.4,,-1.6,,89.0,1.8,3.1,272.0,280.0,1006.9,12.0,0.0,,100.0
2023-05-08 08:00:00,-1.4,-1.3,,-1.4,,92.0,2.1,3.2,283.0,278.0,1006.9,22.0,0.1,,100.0
2023-05-08 09:00:00,-1.3,-1.3,,-1.4,,94.0,1.5,2.6,284.0,274.0,1007.1,62.0,0.3,,100.0
2023-05-08 10:00:00,-1.1,-1.0,,-1.3,,92.0,2.0,4.0,292.0,290.0,1007.4,79.0,0.0,,100.0
2023-05-08 11:00:00,-1.0,-0.9,,-1.1,,92.0,2.4,4.0,272.0,274.0,1007.6,142.0,0.0,,100.0
2023-05-08 12:00:00,-0.9,-0.8,,-1.1,,91.0,3.6,6.5,288.0,285.0,1007.8,233.0,0.0,,100.0
2023-05-08 13:00:00,-0.9,-0.7,,-1.1,,89.0,4.1,6.9,306.0,304.0,1008.0,348.0,0.0,,100.0
2023-05-08 14:00:00,-0.7,-0.5,,-0.8,,87.0,3.9,6.5,321.0,306.0,1008.1,366.0,0.0,,100.0
2023-05-08 15:00:00,-0.7,-0.4,,-0.9,,86.0,4.0,7.0,300.0,296.0,1008.3,336.0,0.0,,100.0
2023-05-08 16:00:00,-0.9,-0.7,,-1.0,,86.0,4.2,7.2,291.0,298.0,1008.4,329.0,0.0,,100.0
2023-05-08 17:00:00,-1.1,-1.0,,-1.4,,86.0,5.0,8.4,294.0,295.0,1008.5,295.0,0.0,,100.0
2023-05-08 18:00:00,-1.5,-1.3,-0.4,-1.7,-1.7,86.0,4.6,7.8,296.0,298.0,1008.8,281.0,0.0,,100.0
2023-05-08 19:00:00,-1.8,-1.7,,-2.0,,86.0,4.7,7.7,296.0,298.0,1008.9,229.0,0.0,,100.0
2023-05-08 20:00:00,-2.2,-2.0,,-2.4,,86.0,5.0,7.4,297.0,298.0,1009.1,210.0,0.0,,100.0
2023-05-08 21:00:00,-2.5,-2.3,,-2.7,,85.0,4.8,7.7,287.0,289.0,1009.4,163.0,0.0,,100.0
2023-05-08 22:00:00,-2.9,-2.6,,-3.1,,84.0,4.2,7.3,280.0,285.0,1009.6,98.0,0.0,,100.0
2023-05-08 23:00:00,-3.2,-3.1,,-3.3,,84.0,3.6,6.7,275.0,275.0,1009.7,51.0,0.0,,100.0
2023-05-09 00:00:00,-3.2,-3.2,,-3.3,,85.0,3.2,5.8,271.0,273.0,1010.0,35.0,0.0,,100.0
2023-05-09 01:00:00,-3.3,-3.2,,-3.3,,85.0,3.0,5.1,263.0,263.0,1010.0,13.0,0.0,,100.0
2023-05-09 02:00:00,-3.2,-3.2,,-3.3,,85.0,3.1,4.8,260.0,258.0,1010.1,3.0,0.0,,100.0
2023-05-09 03:00:00,-3.2,-3.1,,-3.2,,84.0,3.1,5.4,260.0,259.0,1010.2,2.0,0.0,,100.0
2023-05-09 04:00:00,-3.3,-3.2,,-3.3,,82.0,2.3,4.1,255.0,262.0,1010.0,1.0,0.0,,100.0
2023-05-09 05:00:00,-3.3,-3.2,,-3.3,,82.0,2.6,3.5,215.0,221.0,1010.0,2.0,0.0,,100.0
2023-05-09 06:00:00,-3.2,-3.1,-1.7,-3.3,-3.3,83.0,2.8,4.3,178.0,199.0,1010.2,3.0,0.0,0.4,100.0
2023-05-09 07:00:00,-3.2,-3.0,,-3.3,,84.0,4.0,5.6,175.0,170.0,1010.4,10.0,0.0,,100.0
2023-05-09 08:00:00,-3.0,-3.0,,-3.1,,84.0,4.4,6.0,166.0,164.0,1010.5,32.0,0.0,,100.0
2023-05-09 09:00:00,-2.9,-2.8,,-3.0,,84.0,5.3,6.9,154.0,159.0,1010.9,71.0,0.0,,100.0
2023-05-09 10:00:00,-2.8,-2.7,,-2.9,,84.0,5.7,7.1,146.0,147.0,1011.2,87.0,0.0,,100.0
2023-05-09 11:00:00,-2.5,-2.3,,-2.7,,83.0,4.6,5.9,132.0,142.0,1011.4,144.0,0.0,,100.0
2023-05-09 12:00:00,-2.1,-1.8,,-2.3,,80.0,3.3,5.1,120.0,126.0,1011.9,178.0,0.0,,100.0
2023-05-09 13:00:00,-1.6,-1.5,,-1.8,,78.0,2.3,3.6,92.0,103.0,1012.2,216.0,0.0,,100.0
2023-05-09 14:00:00,-1.5,-1.4,,-1.6,,77.0,2.1,4.0,97.0,90.0,1012.4,251.0,0.0,,100.0
2023-05-09 15:00:00,-1.4,-1.2,,-1.5,,76.0,1.3,2.8,70.0,70.0,1012.7,292.0,0.0,,100.0
2023-05-09 16:00:00,-1.1,-0.6,,-1.3,,73.0,1.1,3.1,11.0,43.0,1012.9,327.0,0.0,,90.0
2023-05-09 17:00:00,-1.1,-0.9,,-1.3,,74.0,2.1,3.3,34.0,10.0,1013.1,291.0,0.0,,90.0
2023-05-09 18:00:00,-1.1,-0.9,-0.6,-1.1,-3.3,78.0,2.5,3.8,11.0,20.0,1013.3,259.0,0.0,,100.0
2023-05-09 19:00:00,-1.1,-1.0,,-1.2,,85.0,2.2,3.5,5.0,4.0,1013.6,234.0,0.0,,100.0
2023-05-09 20:00:00,-1.1,-0.9,,-1.3,,86.0,2.3,4.3,322.0,342.0,1013.7,194.0,0.0,,
2023-05-09 21:00:00,-1.1,-1.0,,-1.3,,89.0,2.1,3.9,8.0,326.0,1013.9,130.0,0.0,,100.0
2023-05-09 22:00:00,-1.5,-0.9,,-2.0,,87.0,4.4,7.7,332.0,337.0,1014.2,64.0,0.0,,100.0
2023-05-09 23:00:00,-2.2,-2.0,,-2.4,,82.0,4.7,7.4,325.0,327.0,1014.4,50.0,0.0,,100.0
2023-05-10 00:00:00,-2.5,-2.4,,-2.7,,79.0,4.2,6.6,319.0,323.0,1014.5,44.0,0.0,,100.0
2023-05-10 01:00:00,-2.7,-2.6,,-2.8,,77.0,3.5,5.9,303.0,310.0,1014.8,26.0,0.0,,60.0
2023-05-10 02:00:00,-3.0,-2.8,,-3.1,,79.0,3.2,5.4,305.0,311.0,1014.8,5.0,0.0,,60.0
2023-05-10 03:00:00,-3.1,-3.1,,-3.2,,80.0,3.2,5.7,304.0,306.0,1014.7,2.0,0.0,,90.0
2023-05-10 04:00:00,-3.2,-3.2,,-3.3,,79.0,2.5,4.3,296.0,299.0,1014.5,2.0,0.0,,90.0
2023-05-10 05:00:00,-3.4,-3.2,,-3.5,,79.0,2.1,3.6,277.0,282.0,1014.4,2.0,0.0,,90.0
2023-05-10 06:00:00,-3.5,-3.5,-0.9,-3.7,-3.7,80.0,1.8,3.2,259.0,268.0,1014.4,5.0,0.0,0.0,90.0
2023-05-10 07:00:00,-3.7,-3.6,,-3.7,,82.0,1.3,2.8,270.0,264.0,1014.2,21.0,0.0,,90.0
2023-05-10 08:00:00,-3.7,-3.6,,-3.8,,81.0,1.4,2.9,273.0,264.0,1014.0,52.0,0.0,,90.0
2023-05-10 09:00:00,-3.4,-3.2,,-3.6,,79.0,0.9,2.4,273.0,273.0,1013.8,70.0,0.0,,100.0
2023-05-10 10:00:00,-3.1,-2.8,,-3.3,,78.0,0.7,2.0,278.0,276.0,1013.5,102.0,0.0,,100.0
2023-05-10 11:00:00,-2.7,-2.6,,-2.9,,77.0,1.2,3.1,317.0,303.0,1012.9,143.0,0.0,,100.0
2023-05-10 12:00:00,-2.3,-2.1,,-2.6,,77.0,1.9,3.1,6.0,337.0,1012.6,218.0,0.0,,100.0
2023-05-10 13:00:00,-1.9,-1.6,,-2.1,,77.0,3.8,6.3,1.0,2.0,1012.1,248.0,0.0,,100.0
2023-05-10 14:00:00,-1.5,-1.4,,-1.7,,72.0,4.9,8.2,10.0,360.0,1011.4,320.0,0.0,,100.0
2023-05-10 15:00:00,-1.5,-1.3,,-1.6,,66.0,4.9,8.1,9.0,5.0,1010.5,397.0,0.0,,100.0
2023-05-10 16:00:00,-1.3,-1.0,,-1.4,,69.0,6.6,9.4,8.0,10.0,1009.6,429.0,0.0,,90.0
2023-05-10 17:00:00,-1.2,-0.9,,-1.4,,69.0,7.2,9.7,358.0,3.0,1008.6,489.0,0.0,,90.0
2023-05-10 18:00:00,-1.1,-0.9,-0.9,-1.4,-3.8,69.0,6.6,9.4,356.0,358.0,1007.7,548.0,0.0,,40.0
2023-05-10 19:00:00,-1.0,-0.8,,-1.2,,69.0,6.1,9.7,352.0,354.0,1006.9,576.0,0.0,,40.0
2023-05-10 20:00:00,-1.1,-0.9,,-1.3,,66.0,5.5,8.5,356.0,354.0,1006.1,501.0,0.0,,0.0
2023-05-10 21:00:00,-1.4,-1.1,,-1.6,,67.0,4.6,7.1,346.0,353.0,1005.4,327.0,0.0,,10.0
2023-05-10 22:00:00,-1.5,-1.1,,-1.8,,67.0,3.5,6.0,341.0,346.0,1004.9,195.0,0.0,,60.0
2023-05-10 23:00:00,-1.8,-1.6,,-1.9,,69.0,2.4,4.9,320.0,334.0,1004.6,97.0,0.0,,100.0
2023-05-11 00:00:00,-2.0,-1.9,,-2.2,,69.0,1.0,3.0,233.0,298.0,1004.2,45.0,0.0,,100.0
2023-05-11 01:00:00,-2.6,-2.2,,-3.1,,72.0,2.2,3.0,214.0,205.0,1004.0,32.0,0.0,,90.0
2023-05-11 02:00:00,-3.2,-2.7,,-3.8,,74.0,3.0,4.5,177.0,186.0,1003.5,7.0,0.0,,0.0
2023-05-11 03:00:00,-3.8,-3.6,,-4.1,,75.0,2.9,4.0,183.0,189.0,1003.1,3.0,0.0,,40.0
2023-05-11 04:00:00,-3.6,-3.3,,-3.9,,78.0,2.4,3.8,184.0,173.0,1002.9,2.0,0.0,,100.0
2023-05-11 05:00:00,-3.2,-2.7,,-3.5,,78.0,3.0,4.7,177.0,184.0,1002.7,2.0,0.0,,100.0
2023-05-11 06:00:00,-2.4,-2.2,-0.8,-2.8,-4.1,77.0,4.2,7.0,49.0,68.0,1002.7,5.0,0.0,0.0,90.0
2023-05-11 07:00:00,-2.4,-2.3,,-2.5,,74.0,4.1,6.4,57.0,55.0,1002.6,13.0,0.0,,100.0
2023-05-11 08:00:00,-2.2,-2.0,,-2.4,,73.0,5.6,8.9,15.0,38.0,1002.5,32.0,0.0,,90.0
2023-05-11 09:00:00,-2.2,-2.1,,-2.2,,70.0,5.5,8.5,13.0,15.0,1002.3,50.0,0.0,,100.0
2023-05-11 10:00:00,-2.3,-2.1,,-2.5,,73.0,5.5,8.7,40.0,28.0,1002.3,92.0,0.0,,100.0
2023-05-11 11:00:00,-2.4,-2.2,,-2.5,,71.0,3.5,6.9,19.0,33.0,1002.0,133.0,0.0,,100.0
2023-05-11 12:00:00,-2.0,-1.9,,-2.2,,70.0,2.3,4.6,14.0,14.0,1001.6,228.0,0.0,,100.0
2023-05-11 13:00:00,-1.9,-1.7,,-2.0,,69.0,2.6,4.4,9.0,4.0,1001.2,219.0,0.0,,100.0
2023-05-11 14:00:00,-1.7,-1.4,,-1.9,,68.0,1.5,3.2,7.0,12.0,1000.7,288.0,0.0,,90.0
2023-05-11 15:00:00,-1.5,-1.3,,-1.6,,66.0,1.2,2.6,8.0,12.0,1000.2,324.0,0.0,,90.0
2023-05-11 16:00:00,-1.4,-1.1,,-1.6,,67.0,1.2,2.6,5.0,8.0,999.8,367.0,0.0,,90.0
2023-05-11 17:00:00,-1.5,-1.4,,-1.6,,69.0,1.5,3.0,18.0,358.0,999.6,249.0,0.0,,90.0
2023-05-11 18:00:00,-1.5,-1.4,-1.1,-1.6,-2.5,69.0,1.8,3.6,52.0,46.0,999.4,281.0,0.0,,90.0
2023-05-11 19:00:00,-1.4,-1.1,,-1.7,,67.0,2.9,5.0,140.0,104.0,999.7,294.0,0.0,,90.0
2023-05-11 20:00:00,-1.4,-1.2,,-1.6,,67.0,3.1,5.3,160.0,152.0,999.8,217.0,0.0,,90.0
2023-05-11 21:00:00,-1.6,-1.4,,-1.7,,70.0,3.1,4.2,155.0,158.0,1000.1,125.0,0.0,,90.0
2023-05-11 22:00:00,-1.8,-1.5,,-2.3,,76.0,4.4,6.4,143.0,162.0,1000.5,110.0,0.0,,90.0
2023-05-11 23:00:00,-2.5,-2.2,,-2.7,,86.0,4.3,6.1,175.0,172.0,1000.9,67.0,0.0,,90.0
2023-05-12 00:00:00,-2.7,-2.6,,-2.7,,87.0,4.5,6.6,175.0,170.0,1001.3,34.0,0.0,,90.0
2023-05-12 01:00:00,-2.7,-2.6,,-2.7,,90.0,4.6,6.6,171.0,171.0,1001.6,19.0,0.0,,90.0
2023-05-12 02:00:00,-2.8,-2.7,,-2.8,,90.0,4.1,6.1,169.0,171.0,1002.0,8.0,0.0,,90.0
2023-05-12 03:00:00,-2.8,-2.8,,-2.9,,89.0,4.0,6.2,166.0,168.0,1002.1,2.0,0.0,,90.0
2023-05-12 04:00:00,-2.8,-2.8,,-2.9,,89.0,4.1,6.4,165.0,169.0,1002.4,2.0,0.0,,90.0
2023-05-12 05:00:00,-3.2,-2.9,,-3.5,,89.0,2.9,4.5,134.0,147.0,1002.6,2.0,0.0,,90.0
2023-05-12 06:00:00,-3.2,-3.0,-1.1,-3.4,-3.5,89.0,3.0,4.0,115.0,119.0,1003.2,5.0,0.0,0.0,90.0
2023-05-12 07:00:00,-2.9,-2.8,,-3.1,,87.0,2.4,3.5,139.0,129.0,1003.6,14.0,0.0,,90.0
2023-05-12 08:00:00,-2.6,-2.5,,-2.8,,89.0,3.2,5.4,89.0,111.0,1004.0,26.0,0.0,,90.0
2023-05-12 09:00:00,-2.4,-2.2,,-2.5,,87.0,3.0,4.7,94.0,99.0,1004.3,39.0,0.0,,90.0
2023-05-12 10:00:00,-2.0,-1.9,,-2.2,,80.0,3.9,5.6,61.0,66.0,1004.6,104.0,0.0,,90.0
2023-05-12 11:00:00,-1.9,-1.9,,-2.0,,77.0,4.1,5.6,55.0,58.0,1005.0,134.0,0.0,,90.0
2023-05-12 12:00:00,-1.7,-1.6,,-1.9,,76.0,4.1,5.8,54.0,53.0,1005.5,240.0,0.0,,90.0
2023-05-12 13:00:00,-1.5,-1.3,,-1.7,,74.0,4.0,5.7,43.0,46.0,1005.8,326.0,0.0,,90.0
2023-05-12 14:00:00,-1.3,-1.2,,-1.5,,74.0,4.1,5.9,54.0,45.0,1006.0,373.0,0.0,,90.0
2023-05-12 15:00:00,-1.0,-0.8,,-1.2,,74.0,3.4,5.2,48.0,72.0,1006.0,426.0,0.0,,90.0
2023-05-12 16:00:00,-1.0,-0.7,,-1.3,,73.0,3.5,5.3,68.0,66.0,1006.1,465.0,0.0,,90.0
2023-05-12 17:00:00,-1.2,-0.9,,-1.4,,73.0,2.8,4.3,32.0,50.0,1006.4,320.0,0.0,,90.0
2023-05-12 18:00:00,-1.3,-1.2,-0.7,-1.4,-3.0,73.0,1.9,3.4,59.0,46.0,1006.6,216.0,0.0,,90.0
2023-05-12 19:00:00,-1.4,-1.2,,-1.7,,75.0,1.9,5.9,325.0,4.0,1006.9,128.0,0.0,,90.0
2023-05-12 20:00:00,-2.1,-1.7,,-2.3,,84.0,4.1,6.5,313.0,318.0,1007.2,96.0,0.0,,90.0
2023-05-12 21:00:00,-2.4,-2.3,,-2.5,,83.0,3.4,5.7,312.0,311.0,1007.5,73.0,0.0,,90.0
2023-05-12 22:00:00,-2.6,-2.5,,-2.7,,82.0,3.4,6.0,302.0,315.0,1008.1,62.0,0.0,,90.0
2023-05-12 23:00:00,-2.7,-2.6,,-2.8,,80.0,3.0,5.1,286.0,296.0,1008.4,52.0,0.0,,90.0
2023-05-13 00:00:00,-3.0,-2.8,,-3.1,,79.0,2.9,4.7,285.0,290.0,1008.8,37.0,0.0,,90.0
2023-05-13 01:00:00,-3.3,-3.1,,-3.5,,78.0,2.2,3.8,260.0,269.0,1009.1,18.0,0.0,,90.0
2023-05-13 02:00:00,-3.6,-3.4,,-3.7,,79.0,2.2,3.9,275.0,262.0,1009.2,5.0,0.0,,90.0
2023-05-13 03:00:00,-4.0,-3.8,,-4.3,,79.0,2.7,5.3,250.0,257.0,1009.2,2.0,0.0,,90.0
2023-05-13 04:00:00,-4.4,-4.2,,-4.6,,77.0,3.3,4.9,214.0,222.0,1009.3,2.0,0.0,,90.0
2023-05-13 05:00:00,-4.1,-3.8,,-4.3,,80.0,4.7,6.8,202.0,199.0,1009.4,2.0,0.0,,100.0
2023-05-13 06:00:00,-3.8,-3.6,-1.2,-3.9,-4.6,81.0,6.7,9.4,178.0,187.0,1009.2,3.0,0.0,0.0,100.0
2023-05-13 07:00:00,-3.1,-2.7,,-3.6,,83.0,7.5,9.6,192.0,185.0,1009.3,12.0,0.0,,100.0
2023-05-13 08:00:00,-2.6,-2.3,,-3.0,,78.0,4.9,10.2,239.0,215.0,1009.5,23.0,0.0,,100.0
2023-05-13 09:00:00,-2.2,-1.9,,-2.4,,73.0,3.6,6.7,262.0,245.0,1009.9,46.0,0.0,,100.0
2023-05-13 10:00:00,-1.9,-1.7,,-2.0,,71.0,3.4,6.6,262.0,263.0,1010.3,77.0,0.0,,90.0
2023-05-13 11:00:00,-1.8,-1.7,,-1.9,,81.0,5.5,8.3,282.0,279.0,1010.9,128.0,0.0,,100.0
2023-05-13 12:00:00,-1.9,-1.8,,-2.1,,80.0,4.7,7.5,277.0,279.0,1011.3,158.0,0.0,,100.0
2023-05-13 13:00:00,-1.7,-1.5,,-2.0,,77.0,3.6,5.9,345.0,313.0,1011.7,203.0,0.0,,100.0
2023-05-13 14:00:00,-1.7,-1.5,,-1.9,,76.0,2.6,4.6,304.0,320.0,1012.1,216.0,0.0,,100.0
2023-05-13 15:00:00,-1.6,-1.4,,-2.0,,76.0,3.3,9.5,300.0,299.0,1012.2,282.0,0.0,,100.0
2023-05-13 16:00:00,-2.0,-1.8,,-2.1,,80.0,5.7,9.4,297.0,296.0,1012.5,237.0,0.1,,100.0
2023-05-13 17:00:00,-2.0,-2.0,,-2.1,,80.0,5.7,8.5,289.0,294.0,1012.6,322.0,0.0,,100.0
2023-05-13 18:00:00,-2.0,-1.9,-1.4,-2.3,-3.6,77.0,5.4,8.4,300.0,293.0,1012.7,365.0,0.0,,90.0
2023-05-13 19:00:00,-2.3,-2.2,,-2.5,,79.0,6.0,9.7,290.0,297.0,1012.9,275.0,0.0,,100.0
2023-05-13 20:00:00,-2.6,-2.4,,-2.7,,79.0,5.3,8.5,286.0,287.0,1013.2,233.0,0.0,,100.0
2023-05-13 21:00:00,-2.7,-2.4,,-2.8,,77.0,4.8,7.3,281.0,280.0,1013.3,194.0,0.0,,100.0
2023-05-13 22:00:00,-2.9,-2.8,,-2.9,,77.0,4.3,7.4,283.0,283.0,1013.5,91.0,0.0,,100.0
2023-05-13 23:00:00,-3.0,-2.9,,-3.1,,74.0,3.9,6.1,280.0,278.0,1013.4,56.0,0.0,,100.0
2023-05-14 00:00:00,-3.1,-3.0,,-3.3,,73.0,3.4,5.8,278.0,268.0,1013.3,33.0,0.0,,100.0
2023-05-14 01:00:00,-3.4,-3.3,,-3.6,,73.0,4.0,6.6,259.0,263.0,1013.3,16.0,0.0,,90.0
2023-05-14 02:00:00,-3.8,-3.6,,-3.9,,71.0,3.6,6.2,266.0,260.0,1013.1,6.0,0.0,,100.0
2023-05-14 03:00:00,-4.0,-3.9,,-4.1,,72.0,3.9,6.7,260.0,260.0,1012.7,3.0,0.0,,100.0
2023-05-14 04:00:00,-4.2,-4.1,,-4.2,,72.0,3.1,5.5,266.0,261.0,1012.6,2.0,0.0,,100.0
2023-05-14 05:00:00,-4.2,-4.2,,-4.3,,71.0,2.4,5.8,262.0,257.0,1012.4,2.0,0.0,,100.0
2023-05-14 06:00:00,-4.3,-4.2,-2.2,-4.4,-4.4,71.0,2.6,4.6,230.0,234.0,1012.2,3.0,0.0,0.1,100.0
2023-05-14 07:00:00,-4.3,-4.3,,-4.4,,72.0,1.8,4.3,208.0,230.0,1011.9,8.0,0.0,,100.0
2023-05-14 08:00:00,-4.2,-4.2,,-4.3,,71.0,1.8,4.0,248.0,256.0,1011.8,19.0,0.0,,100.0
2023-05-14 09:00:00,-4.2,-4.2,,-4.3,,69.0,1.7,3.6,241.0,253.0,1011.7,41.0,0.0,,100.0
2023-05-14 10:00:00,-4.1,-4.0,,-4.3,,65.0,2.0,4.7,262.0,242.0,1011.6,78.0,0.0,,100.0
2023-05-14 11:00:00,-4.1,-4.0,,-4.2,,68.0,1.7,2.9,237.0,230.0,1011.6,100.0,0.0,,100.0
2023-05-14 12:00:00,-4.0,-4.0,,-4.1,,67.0,1.3,2.6,180.0,216.0,1011.4,148.0,0.0,,90.0
2023-05-14 13:00:00,-3.9,-3.8,,-4.0,,70.0,0.9,2.3,183.0,185.0,1011.2,180.0,0.0,,100.0
2023-05-14 14:00:00,-3.9,-3.8,,-4.0,,74.0,1.4,2.8,149.0,168.0,1011.0,194.0,0.0,,90.0
2023-05-14 15:00:00,-3.6,-3.1,,-4.0,,75.0,0.9,2.2,131.0,124.0,1010.7,318.0,0.0,,100.0
2023-05-14 16:00:00,-2.7,-2.1,,-3.1,,70.0,0.5,2.0,0.0,112.0,1010.7,449.0,0.0,,100.0
2023-05-14 17:00:00,-2.8,-2.2,,-3.0,,68.0,1.6,4.0,7.0,41.0,1010.5,369.0,0.0,,90.0
2023-05-14 18:00:00,-2.9,-2.7,-2.1,-3.0,-4.4,67.0,2.8,4.8,52.0,42.0,1010.3,329.0,0.0,,100.0
2023-05-14 19:00:00,-2.8,-2.6,,-3.0,,67.0,3.3,5.5,51.0,51.0,1010.1,313.0,0.0,,90.0
2023-05-14 20:00:00,-2.7,-2.5,,-2.8,,67.0,4.0,5.6,56.0,56.0,1010.0,256.0,0.0,,100.0
2023-05-14 21:00:00,-2.6,-2.5,,-2.7,,68.0,4.0,5.5,57.0,55.0,1010.1,209.0,0.0,,100.0
2023-05-14 22:00:00,-2.5,-2.3,,-2.6,,70.0,3.8,5.8,64.0,63.0,1009.9,145.0,0.0,,90.0
2023-05-14 23:00:00,-2.5,-2.4,,-2.6,,72.0,3.4,4.8,70.0,67.0,1009.8,95.0,0.0,,90.0
2023-05-15 00:00:00,-2.5,-2.4,,-2.6,,74.0,3.6,5.4,77.0,74.0,1009.8,63.0,0.0,,90.0
2023-05-15 01:00:00,-2.6,-2.5,,-2.7,,75.0,3.4,5.4,80.0,76.0,1009.8,26.0,0.0,,90.0
2023-05-15 02:00:00,-2.9,-2.6,,-3.1,,76.0,3.8,5.1,73.0,75.0,1009.5,10.0,0.0,,90.0
2023-05-15 03:00:00,-2.8,-2.7,,-3.0,,77.0,4.0,5.4,65.0,66.0,1009.2,4.0,0.0,,100.0
2023-05-15 04:00:00,-2.8,-2.7,,-2.9,,76.0,4.1,5.6,54.0,58.0,1008.9,3.0,0.0,,90.0
2023-05-15 05:00:00,-2.8,-2.6,,-2.9,,77.0,4.4,5.5,56.0,56.0,1008.5,5.0,0.0,,90.0
2023-05-15 06:00:00,-2.4,-2.1,-2.1,-2.6,-3.1,73.0,4.4,6.1,52.0,52.0,1008.0,10.0,0.0,0.0,60.0
2023-05-15 07:00:00,-2.5,-2.1,,-2.6,,69.0,4.6,6.4,46.0,52.0,1007.6,32.0,0.0,,90.0
2023-05-15 08:00:00,-2.0,-1.8,,-2.1,,69.0,5.8,8.4,37.0,39.0,1007.1,80.0,0.0,,90.0
2023-05-15 09:00:00,-2.2,-2.1,,-2.3,,70.0,7.0,9.1,38.0,37.0,1006.7,73.0,0.0,,90.0
2023-05-15 10:00:00,-2.2,-2.1,,-2.4,,70.0,7.3,9.4,36.0,35.0,1006.3,154.0,0.0,,60.0
2023-05-15 11:00:00,-1.9,-1.5,,-2.1,,69.0,7.9,10.6,34.0,36.0,1005.6,257.0,0.0,,60.0
2023-05-15 12:00:00,-1.5,-1.3,,-1.6,,65.0,8.0,11.0,36.0,37.0,1005.3,398.0,0.0,,90.0
2023-05-15 13:00:00,-1.2,-1.0,,-1.4,,64.0,8.5,11.8,37.0,38.0,1004.5,398.0,0.0,,90.0
2023-05-15 14:00:00,-1.2,-1.0,,-1.3,,61.0,8.5,12.1,38.0,36.0,1004.5,345.0,0.0,,90.0
2023-05-15 15:00:00,-1.1,-1.0,,-1.2,,60.0,7.7,9.9,34.0,34.0,1004.0,319.0,0.0,,90.0
2023-05-15 16:00:00,-0.9,-0.7,,-1.1,,66.0,7.5,9.8,31.0,34.0,1003.4,386.0,0.0,,90.0
2023-05-15 17:00:00,-0.7,-0.5,,-0.9,,64.0,7.1,10.2,31.0,33.0,1003.3,418.0,0.0,,60.0
2023-05-15 18:00:00,-0.3,-0.1,-0.1,-0.7,-2.6,62.0,6.2,8.5,16.0,19.0,1002.8,519.0,0.0,,60.0
2023-05-15 19:00:00,-0.2,-0.1,,-0.3,,61.0,6.4,8.3,9.0,13.0,1002.4,412.0,0.0,,60.0
2023-05-15 20:00:00,-0.1,0.0,,-0.3,,61.0,6.8,9.4,347.0,5.0,1002.2,374.0,0.0,,10.0
2023-05-15 21:00:00,-0.4,-0.2,,-0.6,,62.0,4.6,6.5,335.0,339.0,1002.3,293.0,0.0,,10.0
2023-05-15 22:00:00,-0.2,-0.1,,-0.3,,59.0,4.1,6.6,323.0,329.0,1002.4,277.0,0.0,,40.0
2023-05-15 23:00:00,-0.2,0.0,,-0.3,,60.0,4.1,6.6,324.0,326.0,1002.5,188.0,0.0,,90.0
2023-05-16 00:00:00,-0.1,-0.1,,-0.3,,60.0,3.2,5.5,298.0,303.0,1002.6,99.0,0.0,,10.0
2023-05-16 01:00:00,-0.2,-0.1,,-0.5,,65.0,2.7,4.9,298.0,300.0,1002.7,53.0,0.0,,10.0
2023-05-16 02:00:00,-0.8,-0.5,,-1.2,,72.0,2.2,3.7,280.0,290.0,1002.9,14.0,0.0,,0.0
2023-05-16 03:00:00,-1.5,-1.1,,-2.3,,76.0,1.0,2.2,259.0,275.0,1002.8,5.0,0.0,,60.0
2023-05-16 04:00:00,-2.3,-1.6,,-2.9,,80.0,0.8,1.5,155.0,199.0,1003.0,3.0,0.0,,90.0
2023-05-16 05:00:00,-2.4,-2.1,,-2.7,,82.0,1.0,1.4,172.0,183.0,1003.1,4.0,0.0,,100.0
2023-05-16 06:00:00,-1.7,-1.2,0.0,-2.3,-2.9,80.0,0.0,1.0,322.0,0.0,1002.9,13.0,0.0,0.0,90.0
2023-05-16 07:00:00,-1.4,-1.2,,-2.1,,83.0,0.3,1.8,69.0,11.0,1003.0,25.0,0.0,,60.0
2023-05-16 08:00:00,-1.1,-0.5,,-1.9,,80.0,1.3,3.8,36.0,37.0,1002.9,87.0,0.0,,40.0
2023-05-16 09:00:00,-0.6,-0.2,,-0.8,,75.0,2.9,4.1,42.0,38.0,1002.9,172.0,0.0,,0.0
2023-05-16 10:00:00,-0.2,0.0,,-0.3,,73.0,4.2,6.5,35.0,35.0,1003.0,265.0,0.0,,0.0
2023-05-16 11:00:00,0.0,0.1,,-0.1,,72.0,5.3,7.1,35.0,35.0,1003.0,368.0,0.0,,10.0
2023-05-16 12:00:00,0.3,0.4,,0.1,,68.0,5.1,6.7,35.0,34.0,1002.8,461.0,0.0,,0.0
2023-05-16 13:00:00,0.5,0.6,,0.3,,64.0,5.7,7.4,2.0,12.0,1002.8,552.0,0.0,,0.0
2023-05-16 14:00:00,0.4,0.6,,0.3,,67.0,4.0,6.1,320.0,339.0,1002.6,634.0,0.0,,0.0
2023-05-16 15:00:00,0.8,1.1,,0.5,,66.0,3.4,6.7,291.0,313.0,1002.4,681.0,0.0,,0.0
2023-05-16 16:00:00,1.0,1.2,,0.8,,68.0,3.2,5.1,294.0,293.0,1002.1,700.0,0.0,,0.0
2023-05-16 17:00:00,1.2,1.3,,1.0,,66.0,3.3,5.7,298.0,299.0,1001.8,697.0,0.0,,0.0
2023-05-16 18:00:00,1.2,1.4,1.4,1.0,-2.1,65.0,2.9,4.7,289.0,293.0,1001.7,663.0,0.0,,0.0
2023-05-16 19:00:00,1.1,1.4,,1.0,,69.0,2.2,4.0,279.0,289.0,1001.6,605.0,0.0,,0.0
2023-05-16 20:00:00,1.4,1.7,,1.2,,66.0,1.8,3.2,262.0,261.0,1001.3,516.0,0.0,,0.0
2023-05-16 21:00:00,1.3,1.7,,1.2,,67.0,1.9,3.0,264.0,267.0,1001.3,428.0,0.0,,0.0
2023-05-16 22:00:00,1.2,1.5,,0.9,,67.0,1.3,2.0,214.0,240.0,1001.3,291.0,0.0,,0.0
2023-05-16 23:00:00,0.9,1.0,,0.8,,71.0,0.6,1.8,152.0,173.0,1001.2,191.0,0.0,,0.0
2023-05-17 00:00:00,0.2,0.8,,-0.1,,76.0,1.8,2.6,181.0,182.0,1001.1,114.0,0.0,,0.0
2023-05-17 01:00:00,-0.4,-0.1,,-0.9,,78.0,1.9,3.7,179.0,179.0,1001.1,44.0,0.0,,0.0
2023-05-17 02:00:00,-0.9,-0.5,,-1.9,,76.0,2.7,4.2,157.0,171.0,1001.1,13.0,0.0,,0.0
2023-05-17 03:00:00,-1.3,-0.8,,-1.6,,74.0,1.1,2.3,0.0,150.0,1001.1,5.0,0.0,,0.0
2023-05-17 04:00:00,-2.0,-1.3,,-2.4,,78.0,0.9,1.8,186.0,162.0,1001.1,4.0,0.0,,0.0
2023-05-17 05:00:00,-2.5,-1.9,,-3.1,,86.0,2.2,3.5,184.0,177.0,1001.1,5.0,0.0,,0.0
2023-05-17 06:00:00,-3.1,-2.6,1.7,-3.5,-3.5,93.0,3.1,4.8,175.0,183.0,1001.1,19.0,0.0,0.0,0.0
2023-05-17 07:00:00,-3.0,-2.1,,-3.6,,92.0,2.2,4.4,162.0,183.0,1001.3,60.0,0.0,,0.0
2023-05-17 08:00:00,-2.6,-2.3,,-3.1,,91.0,1.4,2.5,152.0,162.0,1001.4,139.0,0.0,,0.0
2023-05-17 09:00:00,-2.0,-1.6,,-2.5,,86.0,2.1,3.0,165.0,151.0,1001.3,219.0,0.0,,0.0
2023-05-17 10:00:00,-1.2,-1.0,,-1.6,,82.0,2.2,3.7,168.0,168.0,1001.3,292.0,0.0,,0.0
2023-05-17 11:00:00,-0.7,-0.5,,-1.0,,79.0,1.7,2.7,183.0,172.0,1001.4,366.0,0.0,,40.0
2023-05-17 12:00:00,-0.2,0.6,,-0.8,,77.0,1.3,3.0,153.0,173.0,1001.3,420.0,0.0,,90.0
2023-05-17 13:00:00,0.2,0.7,,-0.2,,74.0,0.8,2.2,211.0,183.0,1001.1,441.0,0.0,,90.0
2023-05-17 14:00:00,0.8,1.9,,0.4,,71.0,0.8,3.2,20.0,263.0,1000.9,768.0,0.0,,90.0
2023-05-17 15:00:00,0.6,1.3,,0.0,,74.0,1.9,3.8,36.0,62.0,1000.4,618.0,0.0,,90.0
2023-05-17 16:00:00,0.2,0.6,,0.0,,79.0,3.0,4.5,46.0,36.0,999.7,435.0,0.0,,90.0
2023-05-17 17:00:00,0.5,0.8,,0.3,,76.0,3.4,4.8,55.0,49.0,999.5,503.0,0.0,,90.0
2023-05-17 18:00:00,0.3,0.4,1.9,0.2,-3.6,77.0,3.7,4.8,38.0,45.0,999.2,371.0,0.0,,90.0
2023-05-17 19:00:00,0.2,0.4,,0.1,,77.0,3.7,5.1,51.0,44.0,998.8,311.0,0.0,,90.0
2023-05-17 20:00:00,0.3,0.6,,0.1,,78.0,2.9,4.1,42.0,53.0,998.4,355.0,0.0,,90.0
2023-05-17 21:00:00,0.4,0.5,,0.4,,78.0,3.1,4.7,55.0,43.0,998.0,432.0,0.0,,0.0
2023-05-17 22:00:00,0.1,0.6,,-0.1,,80.0,2.8,4.0,59.0,57.0,997.7,182.0,0.0,,40.0
2023-05-17 23:00:00,0.0,0.1,,0.0,,80.0,2.7,3.8,54.0,50.0,997.1,116.0,0.0,,90.0
2023-05-18 00:00:00,0.0,0.2,,-0.1,,81.0,2.3,3.8,54.0,52.0,997.0,93.0,0.0,,40.0
2023-05-18 01:00:00,0.1,0.2,,0.0,,80.0,1.2,2.6,74.0,61.0,996.8,49.0,0.0,,0.0
2023-05-18 02:00:00,-0.3,0.0,,-0.5,,82.0,1.1,1.9,90.0,87.0,996.6,15.0,0.0,,0.0
2023-05-18 03:00:00,-0.3,-0.2,,-0.5,,82.0,1.2,3.0,54.0,69.0,996.0,5.0,0.0,,90.0
2023-05-18 04:00:00,-0.2,-0.1,,-0.3,,86.0,1.9,2.9,83.0,64.0,996.1,3.0,0.0,,90.0
2023-05-18 05:00:00,-0.2,-0.1,,-0.2,,89.0,2.0,3.2,75.0,75.0,995.8,3.0,0.0,,90.0
2023-05-18 06:00:00,-0.1,0.0,0.6,-0.2,-0.5,87.0,2.0,2.9,88.0,81.0,996.1,6.0,0.0,0.0,90.0
2023-05-18 07:00:00,0.0,0.3,,-0.1,,86.0,2.4,4.2,86.0,90.0,996.2,17.0,0.0,,90.0
2023-05-18 08:00:00,-0.2,0.2,,-0.6,,88.0,3.0,4.7,105.0,101.0,996.5,21.0,0.5,,
2023-05-18 09:00:00,-0.2,0.2,,-0.6,,97.0,1.5,3.0,128.0,107.0,996.4,37.0,1.4,,
2023-05-18 10:00:00,0.4,0.6,,0.1,,97.0,1.8,3.0,203.0,157.0,996.9,115.0,0.2,,90.0
2023-05-18 11:00:00,0.6,0.7,,0.5,,95.0,3.0,4.8,213.0,206.0,997.2,121.0,0.0,,90.0
2023-05-18 12:00:00,0.6,0.7,,0.5,,87.0,2.6,3.4,195.0,201.0,997.5,237.0,0.0,,90.0
2023-05-18 13:00:00,0.8,0.9,,0.6,,84.0,2.4,3.9,207.0,199.0,997.5,333.0,0.0,,90.0
2023-05-18 14:00:00,1.1,1.7,,0.8,,81.0,0.9,2.5,206.0,261.0,997.6,398.0,0.0,,90.0
2023-05-18 15:00:00,1.0,1.7,,0.7,,81.0,0.8,2.0,22.0,21.0,997.7,332.0,0.0,,90.0
2023-05-18 16:00:00,0.9,1.1,,0.7,,82.0,2.4,3.6,5.0,11.0,997.4,338.0,0.0,,90.0
2023-05-18 17:00:00,0.8,1.1,,0.6,,80.0,3.1,4.3,9.0,9.0,997.0,503.0,0.0,,90.0
2023-05-18 18:00:00,1.1,1.3,1.7,0.9,-0.6,78.0,3.8,4.9,3.0,6.0,996.5,616.0,0.0,,60.0
2023-05-18 19:00:00,1.1,1.3,,0.8,,77.0,4.1,5.7,2.0,3.0,995.7,539.0,0.0,,60.0
2023-05-18 20:00:00,1.3,1.5,,1.1,,79.0,3.9,5.3,3.0,2.0,994.5,478.0,0.0,,0.0
2023-05-18 21:00:00,1.4,1.8,,1.2,,81.0,3.5,5.7,5.0,7.0,993.1,366.0,0.0,,40.0
2023-05-18 22:00:00,1.7,1.8,,1.4,,82.0,3.8,5.5,2.0,3.0,992.0,284.0,0.0,,0.0
2023-05-18 23:00:00,2.0,2.2,,1.6,,78.0,4.0,5.4,344.0,349.0,990.5,186.0,0.0,,0.0
2023-05-19 00:00:00,2.0,2.2,,1.8,,78.0,4.7,7.6,335.0,335.0,988.9,116.0,0.0,,0.0
2023-05-19 01:00:00,1.6,1.8,,1.4,,81.0,3.8,7.1,310.0,321.0,987.3,50.0,0.0,,0.0
2023-05-19 02:00:00,1.2,1.5,,1.0,,83.0,3.9,6.5,293.0,296.0,985.7,17.0,0.0,,60.0
2023-05-19 03:00:00,1.1,1.7,,0.9,,84.0,3.7,5.7,333.0,317.0,983.9,6.0,0.0,,10.0
2023-05-19 04:00:00,1.3,1.7,,1.0,,83.0,3.6,5.8,345.0,333.0,982.5,4.0,0.0,,10.0
2023-05-19 05:00:00,1.8,2.1,,1.3,,80.0,4.0,7.8,33.0,25.0,981.2,7.0,0.0,,90.0
2023-05-19 06:00:00,1.3,1.9,2.2,0.8,0.8,83.0,4.3,6.8,47.0,46.0,979.8,12.0,0.0,2.1,90.0
2023-05-19 07:00:00,0.4,0.8,,0.1,,90.0,3.7,5.9,78.0,66.0,978.7,23.0,0.0,,90.0
2023-05-19 08:00:00,0.0,0.2,,-0.1,,93.0,2.7,4.3,64.0,87.0,977.8,40.0,0.0,,90.0
2023-05-19 09:00:00,0.3,0.5,,0.0,,91.0,3.4,5.7,60.0,70.0,977.4,83.0,0.0,,60.0
2023-05-19 10:00:00,1.0,1.4,,0.4,,87.0,3.4,5.6,124.0,86.0,976.8,155.0,0.0,,90.0
2023-05-19 11:00:00,1.8,3.2,,1.1,,83.0,2.9,4.3,122.0,134.0,976.4,277.0,0.0,,90.0
2023-05-19 12:00:00,2.5,3.1,,1.7,,79.0,4.7,8.4,188.0,173.0,975.9,470.0,0.0,,10.0
2023-05-19 13:00:00,1.9,2.1,,1.7,,80.0,7.5,9.5,178.0,175.0,976.0,560.0,0.0,,0.0
2023-05-19 14:00:00,1.9,2.1,,1.7,,80.0,6.2,9.6,188.0,182.0,976.6,493.0,0.0,,90.0
2023-05-19 15:00:00,1.7,1.8,,1.5,,82.0,3.8,5.6,194.0,194.0,976.6,263.0,0.0,,100.0
2023-05-19 16:00:00,1.7,2.0,,1.5,,83.0,2.9,4.4,210.0,191.0,976.9,357.0,0.0,,100.0
2023-05-19 17:00:00,1.7,2.1,,1.1,,85.0,2.6,4.7,211.0,210.0,977.4,383.0,0.1,,90.0
2023-05-19 18:00:00,1.2,1.7,3.2,0.2,-0.1,88.0,4.7,8.8,223.0,233.0,978.4,321.0,0.0,,100.0
2023-05-19 19:00:00,0.0,0.5,,-0.4,,90.0,9.2,12.9,216.0,214.0,979.4,237.0,0.0,,100.0
2023-05-19 20:00:00,-0.6,-0.4,,-0.7,,90.0,11.0,14.0,216.0,214.0,980.0,180.0,0.0,,
2023-05-19 21:00:00,-0.7,-0.6,,-0.8,,90.0,11.2,14.5,217.0,217.0,981.4,125.0,0.0,,100.0
2023-05-19 22:00:00,-1.0,-0.7,,-1.2,,91.0,10.7,13.8,220.0,217.0,982.8,61.0,0.0,,100.0
2023-05-19 23:00:00,-1.5,-1.2,,-1.6,,92.0,11.9,15.5,214.0,215.0,983.6,35.0,0.3,,100.0
2023-05-20 00:00:00,-1.4,-1.3,,-1.5,,91.0,12.3,16.3,213.0,213.0,984.5,35.0,0.0,,90.0
2023-05-20 01:00:00,-1.5,-1.4,,-1.5,,94.0,11.3,15.2,215.0,214.0,985.6,19.0,0.1,,100.0
2023-05-20 02:00:00,-1.6,-1.4,,-1.7,,91.0,12.1,15.0,219.0,219.0,986.5,7.0,0.1,,90.0
2023-05-20 03:00:00,-1.9,-1.7,,-2.1,,93.0,10.7,14.9,227.0,224.0,987.6,3.0,0.1,,90.0
2023-05-20 04:00:00,-2.0,-1.9,,-2.1,,91.0,11.5,15.8,221.0,223.0,988.3,3.0,0.3,,90.0
2023-05-20 05:00:00,-2.2,-2.1,,-2.4,,91.0,12.1,15.1,220.0,220.0,989.1,3.0,0.1,,100.0
2023-05-20 06:00:00,-2.4,-2.3,0.5,-2.5,-2.5,91.0,10.8,14.5,225.0,224.0,990.3,9.0,0.2,1.3,90.0
2023-05-20 07:00:00,-2.5,-2.4,,-2.7,,91.0,11.6,15.4,214.0,218.0,991.2,22.0,0.2,,100.0
2023-05-20 08:00:00,-2.6,-2.5,,-2.7,,92.0,12.0,15.5,220.0,218.0,992.0,38.0,0.3,,90.0
2023-05-20 09:00:00,-2.5,-2.4,,-2.6,,92.0,12.2,15.5,219.0,219.0,992.5,62.0,0.1,,
2023-05-20 10:00:00,-2.3,-2.2,,-2.5,,91.0,10.2,14.5,227.0,231.0,993.6,81.0,0.1,,
2023-05-20 11:00:00,-2.3,-2.2,,-2.4,,90.0,9.6,13.6,226.0,231.0,994.8,115.0,0.1,,100.0
2023-05-20 12:00:00,-2.2,-2.1,,-2.4,,91.0,8.6,12.4,221.0,234.0,995.8,179.0,0.1,,
2023-05-20 13:00:00,-2.1,-1.7,,-2.4,,90.0,8.9,12.1,233.0,226.0,996.6,288.0,0.2,,
2023-05-20 14:00:00,-1.7,-1.6,,-1.9,,87.0,7.8,11.8,241.0,233.0,997.2,350.0,0.1,,100.0
2023-05-20 15:00:00,-1.5,-1.1,,-1.8,,83.0,7.9,11.4,218.0,231.0,997.5,418.0,0.0,,100.0
2023-05-20 16:00:00,-1.4,-1.2,,-1.6,,83.0,7.1,10.7,228.0,232.0,998.2,383.0,0.0,,90.0
2023-05-20 17:00:00,-1.4,-1.2,,-1.6,,83.0,6.1,9.9,245.0,235.0,998.7,390.0,0.0,,90.0
2023-05-20 18:00:00,-1.4,-1.2,-1.1,-1.6,-2.7,85.0,5.1,8.0,234.0,248.0,999.1,346.0,0.0,,90.0
2023-05-20 19:00:00,-1.4,-1.2,,-1.5,,84.0,5.4,7.6,234.0,234.0,999.4,362.0,0.0,,90.0
2023-05-20 20:00:00,-1.2,-0.9,,-1.4,,80.0,5.7,8.0,225.0,228.0,999.7,374.0,0.0,,90.0
2023-05-20 21:00:00,-1.2,-1.0,,-1.4,,77.0,5.7,8.4,250.0,235.0,1000.0,325.0,0.0,,90.0
2023-05-20 22:00:00,-1.2,-0.9,,-1.5,,77.0,4.6,6.9,242.0,243.0,1000.3,287.0,0.0,,90.0
2023-05-20 23:00:00,-1.7,-1.3,,-1.8,,83.0,4.2,6.0,229.0,230.0,1000.6,115.0,0.0,,90.0
2023-05-21 00:00:00,-1.7,-1.6,,-1.8,,82.0,3.7,5.8,267.0,241.0,1001.2,43.0,0.0,,100.0
2023-05-21 01:00:00,-2.0,-1.8,,-2.2,,90.0,3.2,4.8,221.0,234.0,1001.4,22.0,0.1,,
2023-05-21 02:00:00,-2.1,-1.8,,-2.3,,93.0,2.2,4.1,298.0,278.0,1001.8,8.0,0.0,,90.0
2023-05-21 03:00:00,-2.3,-2.2,,-2.5,,86.0,2.8,5.9,311.0,311.0,1002.0,4.0,0.2,,100.0
2023-05-21 04:00:00,-2.5,-2.3,,-2.6,,83.0,3.6,5.9,323.0,321.0,1002.7,3.0,0.0,,100.0
2023-05-21 05:00:00,-2.8,-2.6,,-3.2,,84.0,3.2,5.6,286.0,301.0,1003.1,5.0,0.2,,90.0
2023-05-21 06:00:00,-3.2,-3.0,-0.9,-3.3,-3.3,86.0,3.8,6.8,294.0,296.0,1003.5,11.0,0.2,1.9,100.0
2023-05-21 07:00:00,-3.3,-3.2,,-3.4,,86.0,4.1,6.7,295.0,293.0,1003.9,25.0,0.1,,100.0
2023-05-21 08:00:00,-3.4,-3.3,,-3.5,,84.0,4.0,6.5,282.0,288.0,1004.4,59.0,0.1,,90.0
2023-05-21 09:00:00,-3.3,-3.1,,-3.5,,81.0,3.4,6.4,281.0,282.0,1004.8,105.0,0.0,,100.0
2023-05-21 10:00:00,-2.9,-2.5,,-3.1,,77.0,3.4,5.6,267.0,267.0,1005.1,171.0,0.0,,100.0
2023-05-21 11:00:00,-2.6,-2.5,,-2.7,,75.0,3.7,6.6,259.0,273.0,1005.5,219.0,0.0,,100.0
2023-05-21 12:00:00,-2.8,-2.6,,-2.9,,75.0,4.4,7.4,259.0,259.0,1006.1,313.0,0.0,,100.0
2023-05-21 13:00:00,-2.7,-2.5,,-2.9,,74.0,4.3,7.1,263.0,259.0,1006.3,383.0,0.0,,100.0
2023-05-21 14:00:00,-2.5,-2.4,,-2.7,,70.0,5.1,8.8,257.0,259.0,1006.5,343.0,0.0,,100.0
2023-05-21 15:00:00,-2.5,-2.4,,-2.6,,69.0,5.4,8.8,261.0,259.0,1006.7,346.0,0.0,,100.0
2023-05-21 16:00:00,-2.6,-2.4,,-2.8,,68.0,5.3,8.4,260.0,260.0,1006.9,320.0,0.0,,100.0
2023-05-21 17:00:00,-2.8,-2.5,,-3.1,,69.0,4.0,7.1,231.0,263.0,1007.0,309.0,0.0,,100.0
2023-05-21 18:00:00,-3.1,-2.8,-2.4,-3.2,-3.5,71.0,4.3,7.2,231.0,243.0,1007.2,262.0,0.0,,100.0
2023-05-21 19:00:00,-2.9,-2.6,,-3.1,,70.0,3.8,6.4,269.0,241.0,1007.3,241.0,0.0,,100.0
2023-05-21 20:00:00,-2.7,-2.5,,-2.8,,71.0,3.7,5.9,260.0,247.0,1007.3,191.0,0.0,,100.0
2023-05-21 21:00:00,-2.6,-2.4,,-2.7,,72.0,2.9,6.0,266.0,265.0,1007.3,133.0,0.0,,100.0
2023-05-21 22:00:00,-2.8,-2.7,,-3.0,,77.0,3.6,5.9,265.0,236.0,1007.2,64.0,0.0,,90.0
2023-05-21 23:00:00,-2.8,-2.7,,-2.8,,75.0,2.3,5.4,285.0,272.0,1007.2,37.0,0.0,,100.0
2023-05-22 00:00:00,-2.8,-2.7,,-2.9,,75.0,2.0,3.8,271.0,265.0,1007.2,21.0,0.0,,100.0
2023-05-22 01:00:00,-3.0,-2.9,,-3.1,,73.0,1.5,3.2,269.0,278.0,1006.9,11.0,0.0,,100.0
2023-05-22 02:00:00,-3.1,-3.1,,-3.2,,73.0,1.6,4.0,168.0,240.0,1006.6,5.0,0.0,,100.0
2023-05-22 03:00:00,-3.2,-3.2,,-3.4,,75.0,0.9,3.5,171.0,239.0,1006.1,3.0,0.0,,100.0
2023-05-22 04:00:00,-3.5,-3.4,,-3.6,,83.0,2.4,3.6,142.0,155.0,1005.5,2.0,0.0,,100.0
2023-05-22 05:00:00,-3.5,-3.4,,-3.6,,79.0,2.0,3.7,28.0,117.0,1004.9,3.0,0.0,,100.0
2023-05-22 06:00:00,-3.5,-3.4,-2.4,-3.5,-3.6,75.0,0.3,2.0,0.0,102.0,1004.1,7.0,0.0,0.2,100.0
2023-05-22 07:00:00,-3.4,-3.3,,-3.5,,78.0,1.0,2.9,80.0,77.0,1003.3,13.0,0.0,,100.0
2023-05-22 08:00:00,-3.2,-2.9,,-3.4,,76.0,3.3,6.1,51.0,59.0,1002.2,43.0,0.0,,100.0
2023-05-22 09:00:00,-2.6,-2.2,,-2.9,,66.0,4.9,7.4,40.0,37.0,1001.2,163.0,0.0,,10.0
2023-05-22 10:00:00,-2.6,-2.1,,-2.9,,67.0,4.9,7.6,40.0,41.0,1000.3,257.0,0.0,,40.0
2023-05-22 11:00:00,-2.1,-1.6,,-2.6,,69.0,6.7,10.1,37.0,39.0,999.1,338.0,0.0,,40.0
2023-05-22 12:00:00,-1.6,-1.1,,-2.1,,71.0,8.4,11.1,30.0,33.0,998.0,367.0,0.0,,90.0
2023-05-22 13:00:00,-1.4,-1.0,,-1.8,,73.0,8.9,12.4,24.0,29.0,996.9,491.0,0.0,,40.0
2023-05-22 14:00:00,-1.1,-0.8,,-1.5,,72.0,8.5,12.3,24.0,26.0,995.7,584.0,0.0,,
2023-05-22 15:00:00,-0.9,-0.8,,-1.2,,69.0,9.9,14.2,15.0,18.0,994.3,707.0,0.0,,0.0
2023-05-22 16:00:00,-0.8,-0.5,,-0.9,,68.0,10.7,14.5,19.0,16.0,993.1,726.0,0.0,,0.0
2023-05-22 17:00:00,-0.5,-0.3,,-0.7,,67.0,11.0,14.9,7.0,11.0,992.3,722.0,0.1,,0.0
2023-05-22 18:00:00,-0.3,0.0,0.0,-0.5,-3.5,65.0,8.0,14.3,336.0,348.0,991.6,676.0,0.0,,0.0
2023-05-22 19:00:00,-0.3,-0.1,,-0.5,,64.0,4.8,7.4,327.0,331.0,990.8,626.0,0.0,,0.0
2023-05-22 20:00:00,0.1,0.4,,-0.2,,62.0,4.4,7.2,306.0,313.0,990.2,537.0,0.0,,0.0
2023-05-22 21:00:00,0.4,0.6,,0.1,,60.0,4.3,7.6,286.0,295.0,989.8,451.0,0.0,,0.0
2023-05-22 22:00:00,0.5,0.6,,0.4,,62.0,3.8,6.4,262.0,274.0,989.9,325.0,0.0,,0.0
2023-05-22 23:00:00,0.3,0.4,,0.1,,67.0,3.3,5.0,261.0,259.0,990.0,225.0,0.0,,0.0
2023-05-23 00:00:00,-0.2,0.1,,-0.6,,75.0,3.7,5.6,257.0,258.0,990.3,135.0,0.0,,0.0
2023-05-23 01:00:00,-0.9,-0.6,,-1.1,,79.0,3.7,6.8,258.0,259.0,990.9,57.0,0.0,,60.0
2023-05-23 02:00:00,-1.1,-1.1,,-1.2,,79.0,4.7,8.7,262.0,259.0,991.3,16.0,0.0,,100.0
2023-05-23 03:00:00,-1.3,-1.1,,-1.4,,80.0,6.3,10.1,259.0,258.0,991.8,7.0,0.0,,100.0
2023-05-23 04:00:00,-1.3,-1.2,,-1.3,,79.0,7.5,11.7,258.0,257.0,992.4,7.0,0.0,,100.0
2023-05-23 05:00:00,-1.2,-1.2,,-1.3,,76.0,7.4,11.6,262.0,263.0,993.3,18.0,0.0,,100.0
2023-05-23 06:00:00,-1.1,-1.0,0.6,-1.3,-1.4,76.0,8.0,13.0,273.0,270.0,994.5,31.0,0.1,0.2,100.0
2023-05-23 07:00:00,-1.6,-1.3,,-1.9,,83.0,10.2,16.0,280.0,278.0,996.0,19.0,0.0,,100.0
2023-05-23 08:00:00,-2.2,-1.9,,-2.7,,86.0,10.2,16.5,278.0,280.0,997.8,18.0,0.0,,90.0
2023-05-23 09:00:00,-2.9,-2.6,,-3.2,,87.0,10.0,15.9,275.0,276.0,999.6,42.0,0.0,,90.0
2023-05-23 10:00:00,-3.5,-3.2,,-3.7,,90.0,9.2,14.7,272.0,273.0,1001.1,89.0,0.3,,90.0
2023-05-23 11:00:00,-3.8,-3.6,,-4.0,,88.0,7.7,12.9,264.0,268.0,1003.0,134.0,0.2,,
2023-05-23 12:00:00,-4.1,-3.9,,-4.2,,85.0,7.4,12.9,261.0,266.0,1004.3,169.0,0.1,,90.0
2023-05-23 13:00:00,-4.2,-4.0,,-4.4,,85.0,7.8,11.9,258.0,259.0,1005.6,208.0,0.2,,90.0
2023-05-23 14:00:00,-4.3,-4.1,,-4.5,,82.0,8.4,12.8,257.0,258.0,1006.9,259.0,0.1,,90.0
2023-05-23 15:00:00,-4.3,-4.1,,-4.6,,79.0,7.7,12.3,269.0,262.0,1007.9,255.0,0.1,,90.0
2023-05-23 16:00:00,-4.3,-3.8,,-4.6,,81.0,8.0,13.6,272.0,249.0,1008.7,208.0,0.2,,90.0
2023-05-23 17:00:00,-3.9,-3.6,,-4.3,,77.0,7.3,12.5,262.0,258.0,1009.4,230.0,0.0,,90.0
2023-05-23 18:00:00,-3.7,-3.6,-1.3,-3.8,-4.6,69.0,7.4,12.6,262.0,262.0,1010.6,232.0,0.0,,90.0
2023-05-23 19:00:00,-4.4,-3.6,,-4.8,,85.0,5.8,10.2,256.0,257.0,1011.7,164.0,0.1,,90.0
2023-05-23 20:00:00,-3.6,-3.3,,-4.2,,71.0,5.6,10.0,250.0,258.0,1012.3,170.0,0.0,,90.0
2023-05-23 21:00:00,-3.3,-3.0,,-3.5,,69.0,4.8,7.7,232.0,247.0,1012.7,144.0,0.0,,90.0
2023-05-23 22:00:00,-2.9,-2.9,,-3.0,,64.0,7.1,9.9,203.0,208.0,1013.0,136.0,0.1,,90.0
2023-05-23 23:00:00,-3.0,-2.8,,-3.1,,65.0,7.1,9.3,190.0,189.0,1013.4,97.0,0.0,,90.0
2023-05-24 00:00:00,-3.1,-3.0,,-3.2,,68.0,5.1,8.1,173.0,180.0,1013.8,69.0,0.0,,90.0
2023-05-24 01:00:00,-3.4,-3.0,,-3.6,,76.0,5.3,7.5,142.0,156.0,1014.1,32.0,0.0,,90.0
2023-05-24 02:00:00,-3.8,-3.5,,-4.1,,85.0,7.2,10.0,137.0,146.0,1014.2,9.0,0.0,,90.0
2023-05-24 03:00:00,-3.8,-3.5,,-4.1,,85.0,6.9,10.3,147.0,138.0,1013.9,6.0,0.0,,90.0
2023-05-24 04:00:00,-3.4,-3.3,,-3.6,,82.0,6.6,9.3,132.0,138.0,1013.6,4.0,0.0,,90.0
2023-05-24 05:00:00,-3.1,-2.9,,-3.3,,81.0,6.5,9.0,130.0,133.0,1013.6,5.0,0.0,,90.0
2023-05-24 06:00:00,-2.9,-2.8,-2.8,-3.3,-4.8,82.0,6.8,10.1,140.0,134.0,1013.9,10.0,0.2,1.6,
2023-05-24 07:00:00,-3.2,-3.1,,-3.3,,90.0,6.6,9.1,140.0,139.0,1014.1,17.0,0.3,,90.0
2023-05-24 08:00:00,-2.9,-2.7,,-3.1,,88.0,6.2,9.5,140.0,133.0,1013.9,34.0,0.1,,90.0
2023-05-24 09:00:00,-2.4,-2.2,,-2.7,,83.0,7.9,10.7,149.0,146.0,1014.1,88.0,0.0,,90.0
2023-05-24 10:00:00,-2.1,-2.0,,-2.2,,82.0,7.6,10.3,140.0,146.0,1014.2,189.0,0.0,,90.0
2023-05-24 11:00:00,-1.5,-1.0,,-2.1,,78.0,5.4,7.7,142.0,137.0,1014.2,269.0,0.0,,90.0
2023-05-24 12:00:00,-1.1,-0.8,,-1.4,,77.0,5.6,7.8,150.0,148.0,1014.4,264.0,0.0,,90.0
2023-05-24 13:00:00,-0.7,-0.2,,-1.4,,78.0,4.1,5.4,120.0,126.0,1014.4,330.0,0.0,,90.0
2023-05-24 14:00:00,0.2,0.7,,-0.4,,73.0,4.0,5.4,97.0,109.0,1014.4,451.0,0.0,,90.0
2023-05-24 15:00:00,0.9,1.2,,0.6,,66.0,4.5,6.0,80.0,89.0,1014.4,496.0,0.0,,90.0
2023-05-24 16:00:00,1.0,1.2,,0.7,,69.0,4.3,5.8,72.0,75.0,1014.5,472.0,0.0,,90.0
2023-05-24 17:00:00,0.6,1.2,,0.3,,71.0,5.1,7.2,59.0,60.0,1014.5,533.0,0.0,,90.0
2023-05-24 18:00:00,0.5,0.6,1.2,0.4,-3.3,70.0,4.9,6.4,58.0,57.0,1014.8,479.0,0.0,,90.0
2023-05-24 19:00:00,0.6,0.7,,0.5,,67.0,5.1,6.8,55.0,55.0,1015.0,435.0,0.0,,90.0
2023-05-24 20:00:00,0.5,0.7,,0.4,,65.0,4.8,6.5,51.0,53.0,1015.3,287.0,0.0,,90.0
2023-05-24 21:00:00,0.6,0.8,,0.4,,66.0,5.2,6.9,52.0,53.0,1015.6,309.0,0.0,,90.0
2023-05-24 22:00:00,0.1,0.4,,-0.1,,72.0,5.3,7.4,50.0,49.0,1015.8,178.0,0.0,,90.0
2023-05-24 23:00:00,-0.1,0.0,,-0.1,,73.0,5.7,7.6,57.0,55.0,1016.1,122.0,0.0,,90.0
2023-05-25 00:00:00,0.0,0.0,,-0.1,,73.0,5.2,7.0,56.0,56.0,1016.3,68.0,0.0,,100.0
2023-05-25 01:00:00,0.0,0.0,,-0.1,,75.0,4.4,6.6,62.0,56.0,1016.5,31.0,0.0,,100.0
2023-05-25 02:00:00,-0.1,0.0,,-0.4,,79.0,3.6,5.5,83.0,72.0,1016.6,13.0,0.0,,100.0
2023-05-25 03:00:00,-0.6,-0.4,,-0.8,,83.0,3.4,5.0,81.0,84.0,1016.5,7.0,0.0,,100.0
2023-05-25 04:00:00,-0.7,-0.5,,-0.9,,83.0,4.2,5.0,93.0,91.0,1016.5,6.0,0.0,,90.0
2023-05-25 05:00:00,-0.2,0.2,,-0.8,,72.0,4.2,5.4,81.0,87.0,1016.5,8.0,0.0,,100.0
2023-05-25 06:00:00,-0.5,-0.1,0.8,-0.7,-0.9,64.0,4.9,6.2,100.0,97.0,1016.7,23.0,0.0,0.4,100.0
2023-05-25 07:00:00,-0.6,-0.2,,-0.9,,61.0,4.2,5.8,97.0,107.0,1017.2,50.0,0.0,,90.0
2023-05-25 08:00:00,-0.9,-0.4,,-1.3,,59.0,3.2,4.8,77.0,82.0,1017.3,89.0,0.0,,40.0
2023-05-25 09:00:00,-0.6,-0.4,,-0.9,,56.0,3.6,5.3,71.0,79.0,1017.3,187.0,0.0,,0.0
2023-05-25 10:00:00,-0.2,0.1,,-0.5,,57.0,4.2,6.6,74.0,79.0,1017.1,300.0,0.0,,0.0
2023-05-25 11:00:00,0.3,0.6,,0.1,,55.0,5.2,6.6,82.0,87.0,1017.1,401.0,0.0,,0.0
2023-05-25 12:00:00,0.7,1.0,,0.5,,52.0,5.1,6.6,85.0,84.0,1017.1,491.0,0.0,,0.0
2023-05-25 13:00:00,1.2,1.6,,0.8,,52.0,4.7,6.9,86.0,87.0,1017.1,582.0,0.0,,0.0
2023-05-25 14:00:00,1.9,2.4,,1.5,,53.0,4.1,5.3,96.0,96.0,1016.9,661.0,0.0,,0.0
2023-05-25 15:00:00,2.1,2.5,,1.9,,54.0,4.6,6.1,84.0,94.0,1016.4,710.0,0.0,,0.0
2023-05-25 16:00:00,2.2,2.5,,1.9,,56.0,3.7,5.2,67.0,72.0,1015.9,730.0,0.0,,0.0
2023-05-25 17:00:00,2.4,2.8,,1.7,,56.0,4.0,6.0,71.0,68.0,1015.3,725.0,0.0,,0.0
2023-05-25 18:00:00,1.8,2.5,2.8,1.5,-1.3,60.0,4.7,6.0,52.0,55.0,1015.1,696.0,0.0,,0.0
2023-05-25 19:00:00,1.8,2.0,,1.5,,64.0,4.4,5.9,53.0,54.0,1014.9,644.0,0.0,,0.0
2023-05-25 20:00:00,1.9,2.2,,1.6,,67.0,4.0,5.4,56.0,52.0,1014.7,466.0,0.0,,90.0
2023-05-25 21:00:00,1.6,1.8,,1.4,,68.0,4.4,5.9,62.0,61.0,1014.2,369.0,0.0,,90.0
2023-05-25 22:00:00,1.6,1.9,,1.3,,70.0,4.7,6.5,80.0,71.0,1013.8,277.0,0.0,,90.0
2023-05-25 23:00:00,1.7,2.0,,1.4,,70.0,4.7,7.0,234.0,148.0,1014.0,194.0,0.0,,10.0
2023-05-26 00:00:00,0.9,1.7,,-0.4,,85.0,5.8,8.4,228.0,222.0,1014.2,96.0,0.0,,100.0
2023-05-26 01:00:00,-0.8,-0.4,,-1.0,,89.0,6.0,8.3,219.0,220.0,1014.5,34.0,0.0,,90.0
2023-05-26 02:00:00,-1.2,-0.9,,-1.5,,85.0,7.0,10.2,211.0,215.0,1014.2,17.0,0.0,,40.0
2023-05-26 03:00:00,-1.3,-1.1,,-1.4,,84.0,8.4,11.7,206.0,206.0,1013.8,7.0,0.1,,90.0
2023-05-26 04:00:00,-1.1,-0.9,,-1.2,,84.0,8.5,12.4,205.0,203.0,1014.0,6.0,0.0,,90.0
2023-05-26 05:00:00,-0.8,-0.7,,-0.9,,83.0,8.3,10.6,203.0,203.0,1013.7,9.0,0.0,,100.0
2023-05-26 06:00:00,-0.8,-0.7,2.2,-0.9,-1.5,83.0,8.1,11.3,192.0,193.0,1013.6,22.0,0.0,0.1,90.0
2023-05-26 07:00:00,-0.8,-0.8,,-0.8,,82.0,7.3,9.7,183.0,185.0,1013.6,43.0,0.0,,100.0
2023-05-26 08:00:00,-0.8,-0.7,,-0.8,,82.0,5.9,8.1,189.0,188.0,1013.6,45.0,0.0,,100.0
2023-05-26 09:00:00,-0.8,-0.7,,-0.8,,83.0,4.5,6.4,176.0,179.0,1013.7,63.0,0.0,,100.0
2023-05-26 10:00:00,-0.7,-0.7,,-0.8,,82.0,3.7,5.6,195.0,184.0,1013.8,87.0,0.0,,100.0
2023-05-26 11:00:00,-0.8,-0.7,,-0.9,,83.0,3.7,5.5,172.0,188.0,1013.5,103.0,0.0,,100.0
2023-05-26 12:00:00,-0.6,-0.4,,-0.7,,83.0,2.9,4.2,126.0,140.0,1013.2,121.0,0.0,,100.0
2023-05-26 13:00:00,-0.3,-0.2,,-0.4,,83.0,2.6,3.4,121.0,114.0,1013.0,205.0,0.0,,90.0
2023-05-26 14:00:00,-0.4,-0.3,,-0.5,,88.0,1.5,3.3,96.0,99.0,1012.7,221.0,0.1,,90.0
2023-05-26 15:00:00,-0.3,-0.2,,-0.7,,88.0,2.2,4.2,64.0,73.0,1012.3,238.0,0.0,,90.0
2023-05-26 16:00:00,-0.4,-0.2,,-0.6,,90.0,3.7,5.5,73.0,67.0,1011.9,227.0,0.0,,100.0
2023-05-26 17:00:00,-0.4,-0.2,,-0.6,,93.0,4.9,6.5,110.0,93.0,1011.7,199.0,0.2,,
2023-05-26 18:00:00,0.0,0.1,0.1,-0.2,-0.9,96.0,5.1,7.1,133.0,122.0,1011.4,185.0,0.5,,
2023-05-26 19:00:00,0.0,0.1,,-0.1,,97.0,5.5,8.1,136.0,141.0,1011.3,159.0,0.7,,
2023-05-26 20:00:00,0.0,0.0,,0.0,,98.0,5.1,9.2,150.0,142.0,1011.2,110.0,0.7,,
2023-05-26 21:00:00,0.1,0.2,,0.0,,98.0,8.0,10.6,153.0,153.0,1011.0,85.0,0.8,,
2023-05-26 22:00:00,0.2,0.2,,0.1,,98.0,7.9,10.2,158.0,157.0,1011.0,58.0,0.8,,
2023-05-26 23:00:00,0.1,0.2,,0.1,,98.0,7.0,10.5,165.0,164.0,1010.9,46.0,0.6,,100.0
2023-05-27 00:00:00,0.2,0.3,,0.1,,98.0,8.2,11.5,162.0,164.0,1010.8,32.0,0.6,,100.0
2023-05-27 01:00:00,0.2,0.3,,0.1,,98.0,6.9,9.2,159.0,159.0,1010.7,13.0,0.3,,90.0
2023-05-27 02:00:00,0.1,0.2,,0.0,,98.0,5.6,9.0,165.0,164.0,1010.5,7.0,0.2,,100.0
2023-05-27 03:00:00,0.0,0.0,,-0.1,,99.0,3.8,6.6,165.0,167.0,1010.4,4.0,1.0,,
2023-05-27 04:00:00,-0.1,0.0,,-0.1,,99.0,2.8,4.0,154.0,158.0,1009.8,3.0,1.0,,
2023-05-27 05:00:00,-0.1,0.0,,-0.1,,99.0,2.4,3.7,132.0,140.0,1009.2,4.0,3.3,,100.0
2023-05-27 06:00:00,0.0,0.0,0.3,-0.1,-0.1,99.0,1.4,2.7,97.0,121.0,1008.7,7.0,0.6,11.4,
2023-05-27 07:00:00,0.0,0.0,,-0.1,,99.0,1.9,3.4,78.0,76.0,1007.9,16.0,0.4,,
2023-05-27 08:00:00,0.0,0.0,,0.0,,99.0,2.7,3.5,102.0,100.0,1006.9,29.0,0.2,,100.0
2023-05-27 09:00:00,0.1,0.1,,0.0,,99.0,3.6,5.8,131.0,121.0,1005.9,34.0,1.7,,
2023-05-27 10:00:00,0.1,0.3,,0.1,,99.0,5.1,6.9,125.0,130.0,1005.0,58.0,0.6,,100.0
2023-05-27 11:00:00,0.2,0.3,,0.1,,98.0,6.8,10.0,147.0,142.0,1004.1,63.0,0.3,,
2023-05-27 12:00:00,0.5,0.7,,0.3,,96.0,3.8,7.4,153.0,148.0,1003.7,99.0,0.1,,100.0
2023-05-27 13:00:00,0.7,1.0,,0.4,,95.0,6.0,8.9,151.0,148.0,1003.4,176.0,0.2,,
2023-05-27 14:00:00,0.4,0.5,,0.2,,96.0,5.6,10.9,222.0,182.0,1003.5,153.0,0.4,,100.0
2023-05-27 15:00:00,-2.0,0.2,,-2.7,,93.0,9.4,16.0,296.0,301.0,1005.1,243.0,1.2,,
2023-05-27 16:00:00,-2.7,-2.5,,-3.0,,85.0,9.9,15.5,280.0,287.0,1007.6,391.0,0.0,,100.0
2023-05-27 17:00:00,-3.0,-2.7,,-3.2,,76.0,9.6,14.5,257.0,266.0,1010.1,430.0,0.0,,90.0
2023-05-27 18:00:00,-3.1,-2.8,1.0,-3.4,-3.4,69.0,9.3,13.3,257.0,257.0,1012.1,567.0,0.0,,90.0
2023-05-27 19:00:00,-3.2,-3.0,,-3.4,,60.0,8.0,13.6,261.0,260.0,1013.6,567.0,0.0,,10.0
2023-05-27 20:00:00,-3.1,-2.8,,-3.5,,62.0,6.6,11.8,271.0,267.0,1014.8,440.0,0.0,,60.0
2023-05-27 21:00:00,-3.4,-2.9,,-3.6,,65.0,5.6,11.1,273.0,273.0,1015.4,296.0,0.0,,90.0
2023-05-27 22:00:00,-3.6,-3.3,,-3.9,,65.0,5.2,8.7,245.0,258.0,1016.0,199.0,0.0,,90.0
2023-05-27 23:00:00,-3.8,-3.7,,-3.9,,65.0,5.9,8.6,228.0,234.0,1016.4,116.0,0.0,,100.0
2023-05-28 00:00:00,-3.9,-3.8,,-4.0,,67.0,4.2,8.2,260.0,256.0,1016.7,43.0,0.0,,100.0
2023-05-28 01:00:00,-3.9,-3.9,,-4.0,,67.0,3.5,6.1,271.0,254.0,1016.9,18.0,0.0,,90.0
2023-05-28 02:00:00,-4.0,-3.9,,-4.2,,69.0,3.2,5.9,266.0,261.0,1017.0,7.0,0.0,,90.0
2023-05-28 03:00:00,-3.9,-3.7,,-4.1,,70.0,3.1,6.3,277.0,263.0,1016.7,4.0,0.0,,100.0
2023-05-28 04:00:00,-3.9,-3.7,,-4.1,,66.0,4.0,7.9,293.0,290.0,1016.5,4.0,0.0,,90.0
2023-05-28 05:00:00,-4.2,-3.7,,-4.4,,71.0,3.0,6.4,300.0,284.0,1016.2,8.0,0.0,,90.0
2023-05-28 06:00:00,-4.4,-4.2,-2.8,-4.8,-4.8,79.0,3.1,6.9,338.0,297.0,1016.1,13.0,0.1,5.2,
2023-05-28 07:00:00,-4.2,-3.8,,-4.5,,76.0,4.3,7.9,345.0,335.0,1015.9,29.0,0.0,,100.0
2023-05-28 08:00:00,-4.2,-3.9,,-4.6,,78.0,4.1,6.6,329.0,336.0,1015.9,49.0,0.2,,90.0
2023-05-28 09:00:00,-4.3,-4.0,,-4.6,,80.0,3.2,7.1,294.0,319.0,1015.9,109.0,0.0,,90.0
2023-05-28 10:00:00,-3.9,-3.6,,-4.2,,78.0,2.7,5.6,358.0,340.0,1015.8,144.0,0.0,,90.0
2023-05-28 11:00:00,-4.1,-3.6,,-4.8,,82.0,3.2,8.3,327.0,344.0,1015.8,179.0,0.1,,
2023-05-28 12:00:00,-3.9,-3.4,,-4.8,,77.0,2.9,6.4,337.0,352.0,1015.5,311.0,0.0,,90.0
2023-05-28 13:00:00,-2.9,-2.7,,-3.3,,58.0,4.2,7.6,336.0,331.0,1015.3,240.0,0.0,,100.0
2023-05-28 14:00:00,-2.6,-2.4,,-2.7,,54.0,4.1,7.3,328.0,324.0,1015.5,337.0,0.0,,90.0
2023-05-28 15:00:00,-2.6,-2.3,,-2.8,,58.0,4.0,6.9,318.0,321.0,1015.6,308.0,0.0,,90.0
2023-05-28 16:00:00,-2.5,-2.2,,-2.7,,59.0,4.0,6.6,302.0,310.0,1015.9,378.0,0.0,,100.0
2023-05-28 17:00:00,-2.4,-2.2,,-2.6,,60.0,3.7,6.1,317.0,310.0,1016.0,388.0,0.0,,90.0
2023-05-28 18:00:00,-2.7,-2.5,-2.2,-2.8,-4.8,65.0,3.6,5.4,332.0,325.0,1016.4,297.0,0.0,,100.0
2023-05-28 19:00:00,-2.6,-2.4,,-2.8,,65.0,3.0,5.4,293.0,307.0,1016.7,271.0,0.0,,100.0
2023-05-28 20:00:00,-2.6,-2.3,,-2.7,,65.0,2.3,4.7,324.0,313.0,1016.7,282.0,0.0,,90.0
2023-05-28 21:00:00,-2.6,-2.4,,-2.7,,65.0,1.9,3.6,285.0,287.0,1016.8,224.0,0.0,,100.0
2023-05-28 22:00:00,-2.2,-1.5,,-2.8,,62.0,1.7,3.0,261.0,263.0,1016.9,390.0,0.0,,60.0
2023-05-28 23:00:00,-2.6,-2.1,,-3.1,,62.0,1.2,2.6,232.0,236.0,1016.9,258.0,0.0,,0.0
2023-05-29 00:00:00,-3.5,-2.8,,-4.3,,67.0,1.0,1.8,216.0,243.0,1016.8,152.0,0.0,,0.0
2023-05-29 01:00:00,-4.4,-4.2,,-4.6,,75.0,1.0,1.6,223.0,226.0,1016.7,36.0,0.0,,0.0
2023-05-29 02:00:00,-4.7,-4.5,,-5.0,,76.0,0.9,1.5,229.0,239.0,1016.2,21.0,0.0,,0.0
2023-05-29 03:00:00,-5.1,-4.6,,-5.6,,76.0,0.8,1.5,193.0,199.0,1015.8,13.0,0.0,,0.0
2023-05-29 04:00:00,-5.2,-5.0,,-5.6,,80.0,0.7,1.0,205.0,207.0,1015.1,10.0,0.0,,10.0
2023-05-29 05:00:00,-5.3,-5.0,,-5.7,,84.0,0.8,1.2,219.0,214.0,1014.6,10.0,0.0,,90.0
2023-05-29 06:00:00,-4.6,-3.9,-1.5,-5.2,-5.7,76.0,0.0,0.8,0.0,0.0,1013.4,25.0,0.0,0.3,90.0
2023-05-29 07:00:00,-4.4,-4.0,,-4.8,,76.0,0.0,1.2,0.0,0.0,1012.4,68.0,0.0,,10.0
2023-05-29 08:00:00,-4.2,-3.8,,-4.5,,74.0,0.0,0.5,0.0,0.0,1011.7,98.0,0.0,,10.0
2023-05-29 09:00:00,-3.8,-3.0,,-4.5,,68.0,0.4,3.7,75.0,115.0,1010.5,152.0,0.0,,60.0
2023-05-29 10:00:00,-3.2,-2.4,,-3.7,,68.0,1.3,3.4,90.0,98.0,1009.8,293.0,0.0,,60.0
2023-05-29 11:00:00,-2.4,-2.1,,-3.1,,59.0,2.8,5.2,32.0,47.0,1009.0,377.0,0.0,,10.0
2023-05-29 12:00:00,-2.0,-1.6,,-2.3,,59.0,3.6,5.8,17.0,26.0,1007.9,518.0,0.0,,40.0
2023-05-29 13:00:00,-2.0,-1.6,,-2.3,,62.0,3.8,5.8,43.0,34.0,1007.6,573.0,0.0,,60.0
2023-05-29 14:00:00,-2.0,-1.8,,-2.1,,62.0,3.1,5.7,40.0,39.0,1007.3,671.0,0.0,,10.0
2023-05-29 15:00:00,-1.8,-1.6,,-2.1,,63.0,2.6,4.4,14.0,19.0,1006.9,724.0,0.0,,10.0
2023-05-29 16:00:00,-1.7,-1.4,,-1.9,,63.0,2.4,4.6,1.0,18.0,1006.6,695.0,0.0,,40.0
2023-05-29 17:00:00,-1.4,-0.9,,-1.5,,63.0,1.5,3.7,80.0,50.0,1006.5,696.0,0.0,,40.0
2023-05-29 18:00:00,-1.1,-0.7,-0.7,-1.5,-4.8,63.0,1.0,2.1,118.0,107.0,1006.6,632.0,0.0,,0.0
2023-05-29 19:00:00,-1.0,-0.7,,-1.2,,63.0,1.0,2.1,107.0,111.0,1006.7,515.0,0.0,,10.0
2023-05-29 20:00:00,-1.1,-0.8,,-1.3,,65.0,1.5,3.3,46.0,70.0,1006.8,371.0,0.0,,40.0
2023-05-29 21:00:00,-1.5,-1.4,,-1.6,,69.0,3.0,4.4,60.0,56.0,1006.7,189.0,0.0,,90.0
2023-05-29 22:00:00,-1.3,-1.2,,-1.6,,71.0,4.0,5.6,89.0,75.0,1007.1,150.0,0.0,,90.0
2023-05-29 23:00:00,-0.8,0.1,,-1.3,,70.0,5.7,8.8,194.0,127.0,1007.4,97.0,0.0,,90.0
2023-05-30 00:00:00,-0.6,-0.3,,-0.7,,73.0,5.8,8.3,181.0,192.0,1007.9,45.0,0.0,,90.0
2023-05-30 01:00:00,-1.2,-0.5,,-1.5,,84.0,5.6,8.3,155.0,166.0,1007.9,21.0,0.3,,
2023-05-30 02:00:00,-1.2,-1.1,,-1.4,,94.0,6.0,8.5,148.0,146.0,1008.0,9.0,0.1,,90.0
2023-05-30 03:00:00,-0.9,-0.6,,-1.1,,91.0,6.4,9.1,110.0,124.0,1007.8,4.0,0.0,,90.0
2023-05-30 04:00:00,-0.6,-0.5,,-0.8,,89.0,7.8,10.3,110.0,110.0,1007.5,3.0,0.0,,90.0
2023-05-30 05:00:00,-0.5,-0.3,,-0.6,,90.0,8.5,11.3,107.0,109.0,1007.4,5.0,0.1,,90.0
2023-05-30 06:00:00,-0.1,0.1,0.1,-0.4,-1.6,89.0,7.5,9.9,104.0,107.0,1007.4,11.0,0.0,0.5,90.0
2023-05-30 07:00:00,0.5,0.9,,0.1,,86.0,5.9,7.7,104.0,104.0,1007.0,13.0,0.0,,90.0
2023-05-30 08:00:00,1.5,2.5,,0.9,,78.0,5.6,7.1,129.0,112.0,1007.3,25.0,0.0,,90.0
2023-05-30 09:00:00,2.7,3.0,,2.4,,69.0,3.8,6.7,130.0,131.0,1007.1,95.0,0.0,,90.0
2023-05-30 10:00:00,3.1,3.5,,2.9,,67.0,2.8,4.2,158.0,143.0,1007.0,130.0,0.0,,90.0
2023-05-30 11:00:00,3.2,3.8,,2.4,,67.0,2.9,7.4,201.0,217.0,1007.4,117.0,0.0,,90.0
2023-05-30 12:00:00,2.9,3.7,,2.0,,76.0,9.0,16.9,192.0,178.0,1007.3,126.0,0.5,,
2023-05-30 13:00:00,1.0,2.0,,0.3,,93.0,7.5,10.6,175.0,190.0,1008.2,97.0,0.8,,
2023-05-30 14:00:00,0.6,1.0,,0.3,,96.0,7.6,11.0,186.0,181.0,1008.7,111.0,2.2,,90.0
2023-05-30 15:00:00,0.4,0.6,,0.3,,97.0,10.1,14.7,179.0,179.0,1009.0,104.0,1.6,,90.0
2023-05-30 16:00:00,1.1,1.4,,0.6,,92.0,15.1,19.8,182.0,179.0,1009.0,98.0,1.4,,
2023-05-30 17:00:00,1.0,1.5,,0.6,,93.0,18.3,23.7,184.0,182.0,1010.1,119.0,1.2,,
2023-05-30 18:00:00,0.3,0.6,3.8,0.3,0.1,97.0,15.3,21.2,184.0,184.0,1010.9,82.0,0.7,,90.0
2023-05-30 19:00:00,0.6,0.7,,0.3,,96.0,14.7,22.9,182.0,184.0,1012.0,83.0,0.8,,90.0
2023-05-30 20:00:00,0.3,0.4,,0.2,,97.0,12.5,15.5,191.0,184.0,1012.6,86.0,0.6,,100.0
2023-05-30 21:00:00,0.3,0.4,,0.1,,97.0,10.6,16.9,172.0,186.0,1013.4,77.0,0.5,,
2023-05-30 22:00:00,0.8,1.0,,0.3,,93.0,3.8,9.2,106.0,164.0,1013.6,57.0,0.1,,90.0
2023-05-30 23:00:00,1.8,2.8,,0.6,,81.0,5.0,14.1,249.0,167.0,1013.3,46.0,0.3,,90.0
2023-05-31 00:00:00,2.2,2.9,,1.3,,76.0,4.2,8.8,126.0,164.0,1014.5,25.0,0.0,,100.0
2023-05-31 01:00:00,1.7,2.0,,1.2,,89.0,4.4,7.2,126.0,121.0,1014.4,17.0,0.5,,
2023-05-31 02:00:00,1.0,1.7,,0.7,,94.0,3.4,5.6,73.0,86.0,1014.0,8.0,1.2,,100.0
2023-05-31 03:00:00,0.7,0.8,,0.7,,97.0,5.6,7.5,72.0,71.0,1013.9,6.0,1.0,,100.0
2023-05-31 04:00:00,0.8,0.9,,0.7,,98.0,3.9,6.1,58.0,55.0,1013.3,4.0,0.7,,100.0
2023-05-31 05:00:00,1.2,1.5,,0.8,,98.0,4.6,6.0,82.0,79.0,1012.8,5.0,0.4,,100.0
2023-05-31 06:00:00,1.3,1.4,2.9,1.2,0.1,98.0,4.2,5.9,84.0,71.0,1012.5,7.0,0.3,14.8,90.0
2023-05-31 07:00:00,1.7,1.9,,1.3,,96.0,5.1,7.1,77.0,76.0,1012.0,8.0,0.2,,100.0
2023-05-31 08:00:00,1.8,2.1,,1.6,,96.0,4.3,6.7,98.0,97.0,1012.2,18.0,0.4,,90.0
2023-05-31 09:00:00,4.0,4.7,,2.0,,90.0,8.6,14.0,179.0,161.0,1012.3,60.0,0.6,,90.0
2023-05-31 10:00:00,3.4,4.0,,2.8,,91.0,8.9,12.4,207.0,193.0,1012.7,124.0,0.5,,90.0
2023-05-31 11:00:00,3.1,3.5,,2.8,,89.0,7.9,13.6,208.0,210.0,1013.2,177.0,0.1,,90.0
2023-05-31 12:00:00,2.7,3.1,,2.4,,87.0,9.1,12.6,197.0,205.0,1013.5,132.0,0.1,,90.0
2023-05-31 13:00:00,2.3,2.5,,2.2,,90.0,9.5,13.1,206.0,203.0,1013.6,115.0,0.1,,100.0
2023-05-31 14:00:00,2.4,2.6,,2.3,,88.0,9.6,13.3,196.0,201.0,1014.0,82.0,0.0,,100.0
2023-05-31 15:00:00,2.6,2.9,,2.1,,88.0,8.0,11.1,197.0,200.0,1013.8,116.0,0.2,,90.0
2023-05-31 16:00:00,2.4,2.7,,2.1,,91.0,6.4,8.9,188.0,191.0,1013.8,156.0,0.9,,90.0
2023-05-31 17:00:00,2.5,2.7,,2.3,,90.0,7.0,9.5,199.0,196.0,1013.3,183.0,0.7,,100.0
2023-05-31 18:00:00,2.4,2.7,4.7,2.2,1.3,89.0,6.3,11.1,204.0,195.0,1013.2,106.0,0.3,,100.0
2023-05-31 19:00:00,2.5,2.7,,2.3,,90.0,7.3,11.0,188.0,198.0,1013.1,149.0,0.7,,90.0
2023-05-31 20:00:00,2.2,2.3,,2.0,,93.0,4.5,6.8,184.0,184.0,1012.8,116.0,0.3,,100.0
2023-05-31 21:00:00,2.3,2.5,,2.0,,93.0,2.7,4.7,63.0,129.0,1012.8,106.0,0.2,,100.0
2023-05-31 22:00:00,1.4,2.0,,1.3,,96.0,3.6,5.3,94.0,84.0,1013.0,60.0,0.0,,100.0
2023-05-31 23:00:00,1.2,1.3,,1.1,,97.0,3.0,4.3,83.0,91.0,1013.2,34.0,0.3,,100.0
2023-06-01 00:00:00,1.0,1.1,,0.9,,97.0,3.3,4.7,65.0,73.0,1013.4,22.0,0.5,,100.0
2023-06-01 01:00:00,1.1,1.2,,1.1,,96.0,2.3,3.8,30.0,45.0,1013.6,14.0,0.3,,100.0
2023-06-01 02:00:00,1.1,1.2,,1.0,,97.0,1.8,3.2,32.0,26.0,1014.0,9.0,0.1,,100.0
2023-06-01 03:00:00,1.1,1.1,,1.0,,97.0,1.4,2.5,36.0,28.0,1014.3,5.0,0.0,,100.0
2023-06-01 04:00:00,0.9,1.0,,0.7,,97.0,1.5,2.4,34.0,34.0,1014.5,4.0,0.5,,100.0
2023-06-01 05:00:00,0.4,0.7,,0.1,,98.0,0.6,2.2,44.0,24.0,1014.9,3.0,1.4,,100.0
2023-06-01 06:00:00,0.4,0.7,2.7,0.1,0.1,98.0,3.2,6.5,72.0,59.0,1014.9,6.0,0.4,8.8,90.0
2023-06-01 07:00:00,0.8,0.9,,0.7,,96.0,4.1,6.9,41.0,54.0,1015.3,18.0,0.0,,100.0
2023-06-01 08:00:00,0.9,0.9,,0.8,,96.0,3.7,5.2,31.0,35.0,1015.0,32.0,0.0,,90.0
2023-06-01 09:00:00,0.9,1.0,,0.8,,96.0,4.0,6.2,34.0,29.0,1015.1,43.0,0.0,,100.0
2023-06-01 10:00:00,0.7,0.8,,0.7,,97.0,4.8,6.2,27.0,31.0,1014.9,96.0,0.0,,100.0
2023-06-01 11:00:00,0.8,0.9,,0.7,,96.0,4.0,5.6,33.0,29.0,1014.8,164.0,0.0,,90.0
2023-06-01 12:00:00,1.2,1.5,,0.9,,94.0,3.1,4.9,9.0,19.0,1015.0,232.0,0.0,,90.0
2023-06-01 13:00:00,1.9,2.4,,1.5,,90.0,2.2,3.2,332.0,342.0,1015.4,436.0,0.0,,90.0
2023-06-01 14:00:00,2.4,2.7,,2.1,,89.0,2.7,5.1,256.0,271.0,1015.7,420.0,0.0,,90.0
2023-06-01 15:00:00,2.4,2.7,,2.0,,88.0,3.5,6.0,273.0,263.0,1016.0,381.0,0.0,,100.0
2023-06-01 17:00:00,2.1,2.3,,1.7,,85.0,8.2,10.7,203.0,204.0,1015.7,279.0,0.0,,90.0
2023-06-01 20:00:00,0.2,0.5,,-0.1,,86.0,7.5,10.3,204.0,206.0,1016.6,262.0,0.0,,90.0
2023-06-01 21:00:00,-0.1,0.1,,-0.3,,84.0,7.5,10.0,210.0,209.0,1016.7,283.0,0.0,,90.0
2023-06-01 22:00:00,-0.3,-0.1,,-0.4,,85.0,7.8,10.4,202.0,203.0,1016.6,180.0,0.0,,90.0
2023-06-01 23:00:00,-0.6,-0.4,,-0.8,,85.0,8.8,10.8,202.0,206.0,1016.9,75.0,0.0,,90.0
2023-06-02 00:00:00,-0.9,-0.7,,-1.0,,82.0,8.4,11.0,197.0,196.0,1017.4,46.0,0.0,,
2023-06-02 01:00:00,-1.1,-0.9,,-1.3,,85.0,7.7,10.8,190.0,194.0,1017.5,21.0,0.0,,100.0
2023-06-02 02:00:00,-1.5,-1.3,,-1.6,,92.0,8.9,11.3,185.0,187.0,1017.4,11.0,0.3,,100.0
2023-06-02 03:00:00,-1.4,-1.3,,-1.5,,94.0,9.3,11.5,179.0,181.0,1017.4,7.0,0.1,,100.0
2023-06-02 04:00:00,-1.5,-1.4,,-1.7,,95.0,9.8,12.9,193.0,188.0,1017.8,5.0,0.2,,100.0
2023-06-02 05:00:00,-1.6,-1.6,,-1.7,,92.0,9.7,12.4,198.0,194.0,1018.1,5.0,0.1,,100.0
2023-06-02 06:00:00,-1.6,-1.5,1.3,-1.7,-1.7,91.0,9.3,12.5,199.0,198.0,1018.7,8.0,0.0,0.7,100.0
2023-06-02 07:00:00,-1.5,-1.4,,-1.6,,92.0,8.0,10.0,202.0,204.0,1019.3,20.0,0.0,,90.0
2023-06-02 08:00:00,-1.3,-1.2,,-1.4,,93.0,6.0,7.7,219.0,213.0,1020.0,31.0,0.0,,90.0
2023-06-02 09:00:00,-1.1,-0.9,,-1.2,,95.0,5.4,7.8,261.0,236.0,1020.6,55.0,0.2,,90.0
2023-06-02 10:00:00,-0.7,-0.5,,-1.0,,93.0,3.2,6.4,281.0,270.0,1021.4,126.0,0.0,,100.0
2023-06-02 11:00:00,-0.4,0.1,,-0.6,,90.0,3.2,6.7,297.0,282.0,1022.5,205.0,0.0,,90.0
2023-06-02 12:00:00,0.3,0.7,,-0.1,,83.0,4.3,7.1,296.0,299.0,1023.5,368.0,0.0,,60.0
2023-06-02 13:00:00,-0.3,0.8,,-0.6,,86.0,5.3,8.3,279.0,279.0,1024.7,327.0,0.0,,100.0
2023-06-02 14:00:00,-0.8,-0.5,,-1.0,,84.0,4.8,7.6,264.0,275.0,1025.4,251.0,0.0,,100.0
2023-06-02 15:00:00,-1.4,-1.0,,-1.7,,86.0,4.5,7.2,266.0,265.0,1025.8,268.0,0.0,,100.0
2023-06-02 16:00:00,-1.5,-1.2,,-1.8,,78.0,5.0,8.1,259.0,263.0,1026.4,594.0,0.0,,90.0
2023-06-02 17:00:00,-1.4,-1.1,,-1.7,,74.0,4.8,7.7,253.0,258.0,1026.8,713.0,0.0,,40.0
2023-06-02 18:00:00,-1.4,-0.9,0.8,-1.9,-1.9,73.0,4.5,7.9,249.0,253.0,1026.7,624.0,0.0,,60.0
2023-06-02 19:00:00,-1.6,-1.1,,-2.0,,73.0,4.7,7.9,228.0,245.0,1026.8,557.0,0.0,,60.0
2023-06-02 20:00:00,-1.7,-1.3,,-2.2,,72.0,4.6,8.4,242.0,236.0,1026.7,543.0,0.0,,10.0
2023-06-02 21:00:00,-1.5,-1.2,,-1.9,,73.0,4.0,6.6,249.0,247.0,1026.7,483.0,0.0,,60.0
2023-06-02 22:00:00,-1.8,-1.1,,-2.1,,75.0,3.5,5.9,225.0,245.0,1026.2,371.0,0.0,,40.0
2023-06-02 23:00:00,-2.1,-1.9,,-2.4,,76.0,3.1,4.8,213.0,222.0,1026.1,214.0,0.0,,90.0
2023-06-03 00:00:00,-2.4,-2.1,,-2.6,,78.0,2.8,4.3,206.0,210.0,1025.8,80.0,0.0,,90.0
2023-06-03 01:00:00,-2.4,-2.4,,-2.5,,79.0,2.0,2.9,203.0,203.0,1025.2,32.0,0.0,,90.0
2023-06-03 02:00:00,-2.3,-2.2,,-2.4,,81.0,1.2,1.8,182.0,190.0,1024.6,18.0,0.0,,100.0
2023-06-03 03:00:00,-2.2,-2.1,,-2.4,,82.0,2.3,4.2,126.0,144.0,1023.5,11.0,0.0,,100.0
2023-06-03 04:00:00,-2.0,-1.9,,-2.1,,83.0,3.3,4.5,155.0,148.0,1022.7,8.0,0.0,,100.0
2023-06-03 05:00:00,-1.7,-1.6,,-1.9,,82.0,2.3,3.2,158.0,168.0,1021.8,8.0,0.0,,100.0
2023-06-03 06:00:00,-1.6,-1.5,-1.1,-1.6,-2.6,82.0,1.8,3.1,182.0,167.0,1020.7,11.0,0.0,0.2,100.0
2023-06-03 07:00:00,-1.5,-1.5,,-1.6,,82.0,1.3,2.3,99.0,145.0,1019.7,20.0,0.0,,100.0
2023-06-03 08:00:00,-1.4,-1.3,,-1.5,,83.0,2.4,3.8,105.0,85.0,1019.1,48.0,0.0,,100.0
2023-06-03 09:00:00,-1.1,-0.9,,-1.3,,78.0,2.5,3.5,131.0,118.0,1018.6,59.0,0.0,,100.0
2023-06-03 10:00:00,-1.3,-0.8,,-2.0,,80.0,3.0,5.5,198.0,178.0,1018.1,60.0,0.2,,
2023-06-03 11:00:00,-2.2,-2.0,,-2.4,,93.0,4.3,6.1,178.0,188.0,1017.3,101.0,0.6,,
2023-06-03 12:00:00,-2.3,-2.2,,-2.3,,94.0,2.8,3.9,167.0,178.0,1016.7,132.0,0.9,,
2023-06-03 13:00:00,-1.9,-1.7,,-2.2,,94.0,2.5,4.5,152.0,152.0,1016.1,210.0,0.4,,90.0
2023-06-03 14:00:00,-1.5,-1.3,,-1.8,,91.0,3.0,4.0,117.0,127.0,1015.2,270.0,0.1,,90.0
2023-06-03 15:00:00,-1.0,-0.7,,-1.4,,88.0,3.7,4.8,119.0,119.0,1014.6,306.0,0.0,,90.0
2023-06-03 16:00:00,-0.7,-0.5,,-0.7,,89.0,4.3,6.6,120.0,117.0,1013.7,167.0,0.2,,100.0
2023-06-03 17:00:00,-0.3,-0.1,,-0.6,,94.0,5.2,7.9,152.0,142.0,1012.8,236.0,0.5,,100.0
2023-06-03 18:00:00,0.0,0.2,0.2,-0.1,-2.4,94.0,7.7,12.0,180.0,168.0,1012.1,201.0,0.2,,100.0
2023-06-03 19:00:00,-0.1,0.2,,-0.5,,95.0,7.3,9.8,224.0,203.0,1011.9,159.0,0.4,,90.0
2023-06-03 20:00:00,-0.7,-0.4,,-0.9,,90.0,5.6,10.1,248.0,263.0,1012.1,221.0,0.2,,90.0
2023-06-03 21:00:00,-1.1,-0.9,,-1.4,,94.0,5.9,9.6,263.0,254.0,1012.5,123.0,0.1,,90.0
2023-06-03 22:00:00,-2.2,-1.4,,-2.7,,90.0,6.4,10.6,262.0,264.0,1013.4,146.0,0.0,,
2023-06-03 23:00:00,-2.7,-2.5,,-2.8,,82.0,6.2,10.2,270.0,262.0,1013.7,106.0,0.0,,90.0
2023-06-04 00:00:00,-2.3,-2.1,,-2.5,,87.0,7.0,12.5,228.0,262.0,1014.1,36.0,0.0,,90.0
2023-06-04 01:00:00,-2.0,-1.8,,-2.3,,86.0,8.9,13.2,247.0,233.0,1014.2,42.0,0.1,,90.0
2023-06-04 02:00:00,-2.0,-1.7,,-2.3,,80.0,6.6,11.9,265.0,261.0,1015.2,26.0,0.0,,60.0
2023-06-04 03:00:00,-2.4,-2.0,,-2.7,,79.0,5.0,8.7,258.0,266.0,1016.1,13.0,0.0,,90.0
2023-06-04 04:00:00,-2.9,-2.6,,-3.0,,78.0,4.7,9.0,271.0,265.0,1016.7,10.0,0.0,,60.0
2023-06-04 05:00:00,-2.5,-2.4,,-2.8,,80.0,4.3,7.7,263.0,271.0,1017.2,11.0,0.0,,90.0
2023-06-04 06:00:00,-2.4,-2.3,0.2,-2.4,-3.0,80.0,4.7,7.4,216.0,245.0,1017.5,15.0,0.0,3.9,90.0
2023-06-04 07:00:00,-2.4,-2.2,,-2.5,,84.0,6.1,8.1,216.0,212.0,1018.0,19.0,0.0,,90.0
2023-06-04 08:00:00,-2.2,-2.1,,-2.4,,85.0,5.7,8.1,260.0,231.0,1018.3,53.0,0.0,,90.0
2023-06-04 09:00:00,-2.1,-2.1,,-2.2,,86.0,4.3,6.8,235.0,253.0,1018.4,90.0,0.0,,90.0
2023-06-04 10:00:00,-2.0,-1.9,,-2.2,,86.0,3.3,5.8,273.0,248.0,1018.6,98.0,0.0,,90.0
2023-06-04 11:00:00,-1.8,-1.7,,-1.9,,82.0,2.3,4.3,261.0,261.0,1018.9,126.0,0.0,,90.0
2023-06-04 12:00:00,-1.6,-1.5,,-1.7,,79.0,1.2,2.3,243.0,252.0,1018.9,152.0,0.0,,90.0
2023-06-04 13:00:00,-1.6,-1.5,,-1.7,,79.0,1.6,3.0,254.0,259.0,1018.9,178.0,0.0,,90.0
2023-06-04 14:00:00,-1.4,-1.2,,-1.6,,77.0,2.0,3.3,272.0,274.0,1018.5,262.0,0.0,,90.0
2023-06-04 15:00:00,-1.3,-1.0,,-1.4,,74.0,2.0,3.3,278.0,277.0,1018.3,323.0,0.0,,90.0
2023-06-04 16:00:00,-1.3,-1.1,,-1.5,,75.0,2.1,3.8,289.0,285.0,1018.2,317.0,0.0,,90.0
2023-06-04 17:00:00,-1.1,-1.0,,-1.3,,75.0,2.3,4.3,292.0,299.0,1017.9,365.0,0.0,,90.0
2023-06-04 18:00:00,-0.7,-0.5,-0.5,-1.1,-2.5,73.0,2.7,5.0,297.0,299.0,1017.9,550.0,0.0,,90.0
2023-06-04 19:00:00,-0.6,-0.3,,-0.9,,72.0,2.8,5.4,290.0,291.0,1017.7,473.0,0.0,,90.0
2023-06-04 20:00:00,-0.7,-0.4,,-1.0,,73.0,3.4,6.0,300.0,295.0,1017.7,507.0,0.0,,40.0
2023-06-04 21:00:00,-0.7,-0.3,,-1.2,,73.0,3.5,5.6,293.0,288.0,1017.9,423.0,0.0,,90.0
2023-06-04 22:00:00,-0.8,-0.6,,-1.1,,71.0,3.1,5.7,291.0,292.0,1018.1,369.0,0.0,,60.0
2023-06-04 23:00:00,-0.9,-0.7,,-1.3,,71.0,2.7,4.8,282.0,288.0,1018.3,288.0,0.0,,10.0
2023-06-05 00:00:00,-1.4,-1.1,,-1.7,,72.0,2.5,4.7,289.0,286.0,1018.4,177.0,0.0,,40.0
2023-06-05 01:00:00,-1.8,-1.5,,-2.0,,72.0,2.0,3.5,300.0,294.0,1018.5,89.0,0.0,,40.0
2023-06-05 02:00:00,-2.1,-1.7,,-2.6,,72.0,1.3,2.7,301.0,298.0,1018.4,44.0,0.0,,10.0
2023-06-05 03:00:00,-2.7,-2.5,,-2.8,,75.0,1.4,2.7,333.0,327.0,1018.5,16.0,0.0,,10.0
2023-06-05 04:00:00,-2.8,-2.7,,-2.9,,76.0,0.9,2.2,322.0,329.0,1018.5,13.0,0.0,,10.0
2023-06-05 05:00:00,-3.3,-2.9,,-3.7,,78.0,0.5,1.8,309.0,302.0,1018.5,16.0,0.0,,0.0
2023-06-05 06:00:00,-2.6,-2.4,-0.3,-3.0,-3.7,75.0,1.1,2.6,340.0,317.0,1018.6,39.0,0.0,0.0,90.0
2023-06-05 07:00:00,-2.9,-2.7,,-3.2,,76.0,0.5,2.0,268.0,306.0,1018.9,47.0,0.0,,90.0
2023-06-05 08:00:00,-2.6,-2.6,,-2.8,,75.0,0.4,1.3,339.0,314.0,1019.0,36.0,0.0,,90.0
2023-06-05 09:00:00,-2.5,-2.4,,-2.6,,75.0,0.0,1.8,0.0,0.0,1019.1,43.0,0.0,,90.0
2023-06-05 10:00:00,-2.6,-2.4,,-2.6,,76.0,0.6,1.3,229.0,239.0,1019.5,67.0,0.0,,90.0
2023-06-05 11:00:00,-2.5,-2.3,,-2.6,,77.0,0.7,1.7,0.0,242.0,1019.8,111.0,0.0,,90.0
2023-06-05 12:00:00,-2.2,-2.1,,-2.3,,76.0,1.3,3.8,267.0,256.0,1020.1,175.0,0.0,,90.0
2023-06-05 13:00:00,-2.7,-2.2,,-3.1,,84.0,2.9,5.6,283.0,267.0,1020.5,172.0,0.0,,90.0
2023-06-05 14:00:00,-2.9,-2.6,,-3.1,,86.0,2.1,3.5,263.0,262.0,1020.9,219.0,0.0,,90.0
2023-06-05 15:00:00,-2.7,-2.6,,-2.8,,85.0,2.2,3.6,258.0,259.0,1021.0,308.0,0.0,,90.0
2023-06-05 16:00:00,-2.7,-2.5,,-2.9,,82.0,2.7,6.1,211.0,245.0,1021.2,218.0,0.0,,90.0
2023-06-05 17:00:00,-2.1,-1.6,,-2.6,,75.0,5.8,9.1,211.0,218.0,1021.5,351.0,0.0,,90.0
2023-06-05 18:00:00,-2.1,-1.5,-1.5,-2.3,-3.2,78.0,6.8,9.4,194.0,204.0,1022.0,288.0,0.0,,100.0
2023-06-05 19:00:00,-1.7,-1.4,,-2.2,,81.0,7.1,10.6,200.0,195.0,1022.1,124.0,0.0,,100.0
2023-06-05 20:00:00,-1.4,-1.3,,-1.5,,83.0,9.5,12.0,207.0,206.0,1022.5,106.0,0.0,,100.0
2023-06-05 21:00:00,-1.3,-1.1,,-1.4,,85.0,9.6,11.7,205.0,206.0,1022.8,126.0,0.0,,90.0
2023-06-05 22:00:00,-1.2,-1.1,,-1.4,,88.0,8.6,11.3,194.0,199.0,1023.1,73.0,0.1,,90.0
2023-06-05 23:00:00,-0.8,-0.6,,-1.2,,85.0,8.1,10.3,187.0,187.0,1023.2,60.0,0.0,,90.0
2023-06-06 00:00:00,-0.6,-0.4,,-0.8,,80.0,6.3,9.0,176.0,182.0,1023.3,49.0,0.0,,100.0
2023-06-06 01:00:00,-0.4,-0.3,,-0.6,,79.0,3.2,6.7,155.0,169.0,1023.1,48.0,0.0,,90.0
2023-06-06 02:00:00,-0.3,-0.1,,-0.6,,78.0,2.2,3.1,125.0,124.0,1022.6,19.0,0.0,,90.0
2023-06-06 03:00:00,-0.5,-0.2,,-0.8,,78.0,1.3,2.3,196.0,138.0,1022.2,7.0,0.0,,100.0
2023-06-06 04:00:00,-0.8,-0.3,,-1.3,,86.0,1.3,2.9,272.0,259.0,1022.0,4.0,0.1,,
2023-06-06 05:00:00,-1.7,-1.3,,-1.9,,94.0,1.5,2.9,210.0,220.0,1021.8,6.0,0.4,,100.0
2023-06-06 06:00:00,-1.8,-1.6,-0.1,-1.9,-2.2,94.0,2.3,3.6,155.0,177.0,1021.5,8.0,0.0,0.6,100.0
2023-06-06 07:00:00,-1.7,-1.4,,-2.0,,94.0,2.1,3.2,265.0,197.0,1021.5,16.0,0.0,,100.0
2023-06-06 08:00:00,-1.5,-1.4,,-1.6,,91.0,1.3,2.4,214.0,254.0,1021.2,34.0,0.0,,100.0
2023-06-06 09:00:00,-1.6,-1.5,,-1.7,,93.0,2.1,3.8,261.0,216.0,1021.1,55.0,0.1,,90.0
2023-06-06 10:00:00,-2.1,-1.7,,-2.2,,92.0,2.4,4.2,266.0,263.0,1021.3,79.0,0.1,,100.0
2023-06-06 11:00:00,-1.8,-1.6,,-1.9,,90.0,3.0,4.5,226.0,223.0,1021.3,179.0,0.0,,100.0
2023-06-06 12:00:00,-1.7,-1.6,,-1.9,,88.0,3.7,5.2,224.0,222.0,1021.3,222.0,0.0,,100.0
2023-06-06 13:00:00,-1.3,-0.8,,-1.7,,85.0,3.6,5.3,233.0,240.0,1021.1,460.0,0.0,,90.0
2023-06-06 14:00:00,-0.9,-0.5,,-1.1,,79.0,3.8,5.7,250.0,238.0,1021.2,600.0,0.0,,90.0
2023-06-06 15:00:00,-1.2,-0.9,,-1.4,,75.0,2.8,4.8,265.0,259.0,1021.1,394.0,0.0,,100.0
2023-06-06 16:00:00,-1.6,-1.3,,-1.8,,74.0,2.2,3.9,260.0,261.0,1021.0,275.0,0.0,,100.0
2023-06-06 17:00:00,-1.9,-1.6,,-2.1,,73.0,2.5,4.0,280.0,268.0,1020.8,252.0,0.0,,100.0
2023-06-06 18:00:00,-2.2,-2.0,-0.5,-2.4,-2.4,76.0,2.3,4.1,265.0,277.0,1020.7,216.0,0.0,,100.0
2023-06-06 19:00:00,-2.4,-2.1,,-2.6,,77.0,1.5,3.0,291.0,272.0,1020.6,263.0,0.0,,100.0
2023-06-06 20:00:00,-2.2,-2.0,,-2.3,,79.0,1.4,2.9,301.0,288.0,1020.3,226.0,0.0,,100.0
2023-06-06 21:00:00,-2.0,-1.8,,-2.2,,78.0,2.0,4.1,288.0,304.0,1020.1,259.0,0.0,,100.0
2023-06-06 22:00:00,-2.1,-1.9,,-2.2,,75.0,2.0,3.7,312.0,290.0,1020.0,196.0,0.0,,90.0
2023-06-06 23:00:00,-2.2,-2.0,,-2.3,,73.0,2.0,3.9,313.0,300.0,1020.0,126.0,0.0,,90.0
2023-06-07 00:00:00,-2.1,-1.9,,-2.3,,74.0,2.0,3.8,287.0,295.0,1020.3,106.0,0.0,,90.0
2023-06-07 01:00:00,-2.2,-2.0,,-2.3,,73.0,1.9,3.8,269.0,281.0,1020.3,80.0,0.0,,90.0
2023-06-07 02:00:00,-2.3,-2.1,,-2.4,,73.0,2.0,3.7,298.0,286.0,1020.1,42.0,0.0,,90.0
2023-06-07 03:00:00,-2.4,-2.2,,-2.5,,75.0,2.6,4.3,273.0,279.0,1020.1,22.0,0.0,,100.0
2023-06-07 04:00:00,-2.5,-2.5,,-2.5,,75.0,2.5,4.2,260.0,271.0,1020.3,12.0,0.0,,90.0
2023-06-07 05:00:00,-2.6,-2.5,,-2.7,,77.0,2.4,4.8,257.0,263.0,1020.3,12.0,0.0,,60.0
2023-06-07 06:00:00,-2.7,-2.5,-1.8,-2.8,-2.8,76.0,2.4,4.0,264.0,258.0,1020.6,21.0,0.0,0.2,90.0
2023-06-07 07:00:00,-2.4,-2.2,,-2.8,,74.0,2.6,5.4,277.0,270.0,1021.0,43.0,0.0,,100.0
2023-06-07 08:00:00,-2.2,-2.1,,-2.3,,74.0,2.7,5.2,252.0,270.0,1021.4,83.0,0.0,,90.0
2023-06-07 09:00:00,-1.9,-1.2,,-2.4,,76.0,3.5,5.4,259.0,235.0,1021.9,219.0,0.0,,100.0
2023-06-07 10:00:00,-1.4,-1.1,,-1.5,,77.0,3.5,5.9,261.0,265.0,1022.5,205.0,0.0,,90.0
2023-06-07 11:00:00,-1.1,-0.7,,-1.4,,75.0,3.9,6.5,275.0,263.0,1022.9,286.0,0.0,,100.0
2023-06-07 12:00:00,-1.1,-0.9,,-1.2,,78.0,3.8,6.5,254.0,264.0,1023.3,252.0,0.0,,100.0
2023-06-07 13:00:00,-1.4,-1.0,,-1.6,,81.0,4.0,6.6,260.0,258.0,1023.8,236.0,0.0,,100.0
2023-06-07 14:00:00,-1.4,-1.3,,-1.6,,79.0,4.2,6.3,265.0,261.0,1024.2,310.0,0.0,,90.0
2023-06-07 15:00:00,-1.2,-0.8,,-1.5,,78.0,4.7,7.6,257.0,259.0,1024.4,580.0,0.0,,90.0
2023-06-07 16:00:00,-0.9,-0.5,,-1.3,,74.0,4.1,7.0,263.0,264.0,1024.6,626.0,0.0,,60.0
2023-06-07 17:00:00,-1.1,-0.6,,-1.4,,75.0,4.3,7.9,267.0,251.0,1025.0,497.0,0.0,,100.0
2023-06-07 18:00:00,-1.2,-0.9,-0.5,-1.4,-2.8,74.0,4.8,8.2,256.0,259.0,1025.1,386.0,0.0,,100.0
2023-06-07 19:00:00,-1.1,-0.8,,-1.3,,75.0,4.5,7.8,256.0,256.0,1025.1,380.0,0.0,,90.0
2023-06-07 20:00:00,-1.1,-0.5,,-1.3,,74.0,5.7,9.1,211.0,222.0,1025.0,309.0,0.0,,90.0
2023-06-07 21:00:00,-1.1,-0.7,,-1.2,,76.0,5.8,7.9,221.0,225.0,1024.8,189.0,0.0,,90.0
2023-06-07 22:00:00,-1.1,-0.9,,-1.3,,79.0,3.7,6.4,249.0,256.0,1024.7,149.0,0.0,,90.0
2023-06-07 23:00:00,-1.0,-0.9,,-1.1,,83.0,3.7,6.1,239.0,258.0,1024.6,148.0,0.0,,90.0
2023-06-08 00:00:00,-1.2,-1.0,,-1.4,,86.0,4.5,6.3,217.0,229.0,1024.4,98.0,0.0,,90.0
2023-06-08 01:00:00,-1.4,-1.1,,-1.5,,89.0,2.8,5.5,235.0,246.0,1024.0,66.0,0.0,,90.0
2023-06-08 02:00:00,-1.7,-1.5,,-1.9,,90.0,1.6,3.4,245.0,245.0,1023.6,51.0,0.0,,60.0
2023-06-08 03:00:00,-2.2,-1.9,,-2.4,,91.0,0.4,1.4,182.0,198.0,1023.3,25.0,0.0,,60.0
2023-06-08 04:00:00,-2.4,-2.1,,-2.7,,92.0,1.5,2.2,98.0,115.0,1022.9,20.0,0.0,,90.0
2023-06-08 05:00:00,-2.1,-1.7,,-2.5,,89.0,2.0,3.0,74.0,86.0,1022.5,19.0,0.0,,90.0
2023-06-08 06:00:00,-2.2,-1.8,-0.5,-2.4,-2.7,86.0,2.5,3.2,95.0,88.0,1022.3,38.0,0.0,0.0,0.0
2023-06-08 07:00:00,-2.1,-1.9,,-2.4,,83.0,2.4,2.8,96.0,92.0,1022.1,81.0,0.0,,0.0
2023-06-08 08:00:00,-1.6,-1.2,,-2.1,,82.0,1.9,2.9,96.0,94.0,1021.7,145.0,0.0,,0.0
2023-06-08 09:00:00,-1.2,-0.8,,-1.6,,81.0,3.3,5.3,105.0,102.0,1021.3,229.0,0.0,,0.0
2023-06-08 10:00:00,-0.6,-0.2,,-0.9,,78.0,4.2,5.8,98.0,101.0,1021.0,330.0,0.0,,0.0
2023-06-08 11:00:00,0.1,0.4,,-0.2,,74.0,4.2,5.9,88.0,97.0,1020.4,434.0,0.0,,10.0
2023-06-08 12:00:00,0.0,0.5,,-0.5,,75.0,4.8,6.6,63.0,61.0,1020.1,433.0,0.0,,60.0
2023-06-08 13:00:00,0.6,1.4,,-0.2,,70.0,4.7,6.8,58.0,75.0,1019.6,646.0,0.0,,90.0
2023-06-08 14:00:00,-0.1,0.2,,-0.4,,73.0,5.1,7.0,56.0,53.0,1019.2,533.0,0.0,,40.0
2023-06-08 15:00:00,0.0,0.4,,-0.2,,74.0,4.6,6.3,53.0,53.0,1018.5,725.0,0.0,,10.0
2023-06-08 16:00:00,0.4,0.5,,0.2,,71.0,4.6,6.5,55.0,56.0,1017.9,758.0,0.0,,0.0
2023-06-08 17:00:00,0.6,0.7,,0.4,,67.0,4.5,6.5,41.0,48.0,1017.5,754.0,0.0,,0.0
2023-06-08 18:00:00,0.7,0.9,1.4,0.5,-2.4,67.0,5.1,7.1,36.0,38.0,1017.1,723.0,0.0,,0.0
2023-06-08 19:00:00,0.6,0.8,,0.5,,69.0,5.8,7.9,37.0,37.0,1016.8,666.0,0.0,,0.0
2023-06-08 20:00:00,0.7,0.8,,0.6,,71.0,6.0,7.9,43.0,41.0,1016.2,583.0,0.0,,0.0
2023-06-08 21:00:00,0.7,1.0,,0.5,,73.0,5.6,7.9,44.0,44.0,1015.8,464.0,0.0,,10.0
2023-06-08 22:00:00,0.5,0.9,,0.4,,76.0,5.3,7.2,48.0,45.0,1015.7,204.0,0.0,,100.0
2023-06-08 23:00:00,0.5,0.6,,0.4,,78.0,5.0,7.3,55.0,53.0,1015.3,127.0,0.0,,100.0
2023-06-09 00:00:00,0.6,0.6,,0.5,,79.0,5.0,6.7,58.0,58.0,1014.9,68.0,0.0,,90.0
2023-06-09 01:00:00,0.7,0.8,,0.6,,77.0,5.0,6.9,64.0,63.0,1014.5,38.0,0.0,,100.0
2023-06-09 02:00:00,0.7,0.8,,0.6,,78.0,4.6,6.5,70.0,69.0,1014.2,17.0,0.0,,100.0
2023-06-09 03:00:00,0.7,0.8,,0.6,,79.0,4.2,6.1,70.0,69.0,1013.6,10.0,0.0,,100.0
2023-06-09 04:00:00,0.9,1.1,,0.8,,79.0,3.9,5.6,88.0,77.0,1013.3,10.0,0.0,,100.0
2023-06-09 05:00:00,1.2,1.3,,1.1,,75.0,3.6,4.8,94.0,91.0,1013.0,21.0,0.0,,100.0
2023-06-09 06:00:00,1.0,1.2,1.3,0.9,0.4,77.0,3.4,4.9,71.0,74.0,1012.6,33.0,0.0,0.0,100.0
2023-06-09 07:00:00,1.0,1.1,,0.9,,74.0,4.0,5.6,71.0,76.0,1012.4,48.0,0.0,,100.0
2023-06-09 08:00:00,1.0,1.1,,0.9,,73.0,5.0,6.8,79.0,78.0,1012.0,68.0,0.0,,100.0
2023-06-09 09:00:00,0.8,0.9,,0.7,,77.0,5.9,7.8,86.0,85.0,1011.5,76.0,0.0,,100.0
2023-06-09 10:00:00,0.9,1.1,,0.8,,74.0,6.1,8.4,86.0,83.0,1010.7,130.0,0.0,,100.0
2023-06-09 11:00:00,1.2,1.5,,0.9,,71.0,6.1,8.9,64.0,79.0,1010.5,227.0,0.0,,90.0
2023-06-09 12:00:00,1.2,1.5,,1.0,,74.0,5.3,7.6,62.0,66.0,1010.0,217.0,0.0,,90.0
2023-06-09 13:00:00,1.2,1.3,,1.1,,75.0,4.7,6.5,56.0,57.0,1009.6,184.0,0.0,,90.0
2023-06-09 14:00:00,1.3,1.6,,1.1,,76.0,3.9,6.4,55.0,62.0,1009.1,198.0,0.0,,100.0
2023-06-09 15:00:00,0.9,1.2,,0.7,,84.0,4.7,6.8,51.0,47.0,1008.4,258.0,0.0,,100.0
2023-06-09 16:00:00,0.5,0.7,,0.3,,89.0,5.8,8.4,51.0,50.0,1007.7,215.0,0.0,,
2023-06-09 17:00:00,0.4,0.6,,0.3,,91.0,5.9,8.6,69.0,63.0,1007.2,201.0,0.0,,100.0
2023-06-09 18:00:00,0.6,0.8,1.6,0.4,0.3,94.0,5.0,7.5,74.0,69.0,1006.7,161.0,0.1,,90.0
2023-06-09 19:00:00,0.9,1.2,,0.8,,96.0,5.0,6.5,80.0,78.0,1006.0,153.0,0.6,,100.0
2023-06-09 20:00:00,1.6,1.8,,1.2,,95.0,4.5,5.8,90.0,85.0,1005.5,109.0,1.1,,
2023-06-09 21:00:00,1.8,2.2,,1.6,,95.0,4.6,6.9,126.0,102.0,1005.1,64.0,0.9,,100.0
2023-06-09 22:00:00,2.2,2.3,,2.1,,93.0,4.7,5.9,112.0,116.0,1004.5,55.0,0.7,,100.0
2023-06-09 23:00:00,2.2,2.3,,2.1,,94.0,4.8,6.1,94.0,103.0,1003.9,35.0,0.9,,90.0
2023-06-10 00:00:00,2.4,2.5,,2.3,,94.0,5.2,6.8,91.0,94.0,1003.5,10.0,0.6,,90.0
2023-06-10 01:00:00,2.6,2.8,,2.4,,94.0,4.3,6.0,120.0,95.0,1003.0,7.0,0.1,,90.0
2023-06-10 02:00:00,3.0,3.3,,2.7,,92.0,4.9,6.9,116.0,122.0,1002.5,6.0,1.1,,90.0
2023-06-10 03:00:00,2.6,2.9,,2.4,,94.0,5.1,6.7,96.0,99.0,1001.5,4.0,1.0,,90.0
2023-06-10 04:00:00,2.7,3.1,,2.4,,94.0,5.6,8.1,107.0,106.0,1000.7,4.0,0.2,,90.0
2023-06-10 05:00:00,3.3,3.5,,3.0,,91.0,7.1,9.5,123.0,123.0,1000.2,5.0,0.1,,90.0
2023-06-10 06:00:00,3.9,4.3,4.3,3.3,0.8,86.0,6.4,9.2,138.0,129.0,999.6,8.0,0.0,7.4,90.0
2023-06-10 07:00:00,4.3,5.1,,3.6,,83.0,6.9,13.2,150.0,169.0,999.6,9.0,0.7,,90.0
2023-06-10 08:00:00,4.0,4.3,,3.6,,88.0,3.2,6.3,92.0,123.0,998.9,30.0,0.8,,
2023-06-10 09:00:00,4.0,4.7,,3.6,,86.0,3.3,5.6,120.0,115.0,998.4,55.0,0.0,,90.0
2023-06-10 10:00:00,4.9,5.5,,4.2,,81.0,3.1,6.2,223.0,174.0,998.3,70.0,0.0,,90.0
2023-06-10 11:00:00,4.9,5.5,,4.5,,82.0,2.2,5.3,260.0,234.0,998.7,135.0,0.0,,90.0
2023-06-10 12:00:00,5.4,6.0,,4.9,,78.0,2.4,5.7,204.0,219.0,998.9,154.0,0.0,,90.0
2023-06-10 13:00:00,4.7,5.2,,4.2,,72.0,6.6,12.1,184.0,196.0,998.4,89.0,0.3,,90.0
2023-06-10 14:00:00,4.0,4.4,,3.6,,79.0,8.0,12.3,184.0,185.0,997.8,59.0,1.9,,90.0
2023-06-10 15:00:00,4.8,5.3,,3.9,,74.0,12.9,20.9,189.0,192.0,997.8,42.0,0.7,,90.0
2023-06-10 16:00:00,4.4,5.0,,3.5,,77.0,14.7,22.7,202.0,200.0,998.1,38.0,0.8,,
2023-06-10 17:00:00,3.7,4.1,,3.2,,77.0,13.9,21.8,202.0,200.0,998.9,35.0,0.6,,90.0
2023-06-10 18:00:00,3.7,4.1,6.0,3.4,3.2,69.0,12.5,18.2,201.0,200.0,999.2,34.0,0.0,,
2023-06-10 19:00:00,3.9,4.3,,3.6,,64.0,13.7,18.8,206.0,204.0,999.7,35.0,0.1,,90.0
2023-06-10 20:00:00,3.3,3.7,,2.8,,77.0,12.1,16.0,208.0,207.0,1000.0,24.0,0.1,,90.0
2023-06-10 21:00:00,2.8,3.1,,2.5,,86.0,12.6,17.3,211.0,211.0,1000.5,17.0,0.0,,90.0
2023-06-10 22:00:00,2.2,2.6,,1.6,,91.0,11.3,17.2,213.0,214.0,1001.1,11.0,0.1,,90.0
2023-06-10 23:00:00,1.1,1.6,,0.8,,95.0,10.3,14.2,230.0,220.0,1002.0,9.0,0.7,,90.0
2023-06-11 00:00:00,0.4,0.9,,0.1,,96.0,7.4,13.1,244.0,232.0,1002.2,10.0,0.3,,90.0
2023-06-11 01:00:00,0.0,0.1,,-0.1,,97.0,5.6,9.9,239.0,242.0,1002.7,10.0,0.5,,90.0
2023-06-11 02:00:00,-0.3,-0.1,,-0.5,,98.0,3.5,6.3,269.0,264.0,1003.0,11.0,0.2,,90.0
2023-06-11 03:00:00,-0.6,-0.5,,-0.8,,98.0,2.9,5.6,255.0,263.0,1003.5,22.0,0.0,,90.0
2023-06-11 04:00:00,-1.1,-0.8,,-1.6,,98.0,2.8,4.5,265.0,263.0,1004.1,15.0,0.0,,
2023-06-11 05:00:00,-1.9,-1.5,,-2.2,,98.0,2.5,4.4,276.0,268.0,1004.7,18.0,0.0,,90.0
2023-06-11 06:00:00,-2.2,-2.0,4.3,-2.3,-2.3,97.0,2.4,4.6,265.0,270.0,1005.2,23.0,0.0,7.8,90.0
2023-06-11 07:00:00,-2.0,-1.9,,-2.2,,96.0,1.9,3.5,266.0,262.0,1005.5,44.0,0.0,,90.0
2023-06-11 08:00:00,-2.1,-1.9,,-2.2,,94.0,2.6,4.5,260.0,260.0,1005.9,90.0,0.0,,90.0
2023-06-11 09:00:00,-1.7,-1.6,,-1.9,,93.0,2.2,4.3,262.0,257.0,1006.3,155.0,0.0,,90.0
2023-06-11 10:00:00,-1.7,-1.6,,-1.8,,92.0,2.3,4.3,256.0,258.0,1006.7,187.0,0.0,,90.0
2023-06-11 11:00:00,-1.5,-1.2,,-1.8,,91.0,1.9,3.4,252.0,257.0,1007.0,285.0,0.8,,90.0
2023-06-11 12:00:00,-1.2,-0.9,,-1.4,,90.0,1.1,3.5,280.0,265.0,1007.0,336.0,0.0,,90.0
2023-06-11 13:00:00,-0.9,-0.7,,-1.1,,87.0,2.2,3.7,169.0,184.0,1007.3,398.0,0.0,,90.0
2023-06-11 14:00:00,-0.3,0.0,,-0.9,,86.0,2.4,3.9,165.0,155.0,1006.8,482.0,0.0,,90.0
2023-06-11 15:00:00,0.4,0.9,,-0.2,,85.0,2.2,4.1,102.0,138.0,1006.2,514.0,0.0,,90.0
2023-06-11 16:00:00,0.8,1.7,,-0.1,,86.0,3.2,6.5,65.0,85.0,1005.1,360.0,0.0,,100.0
2023-06-11 17:00:00,0.7,1.0,,0.5,,91.0,5.1,7.1,90.0,83.0,1004.4,184.0,0.0,,100.0
2023-06-11 18:00:00,0.8,1.3,1.7,0.5,-2.2,95.0,5.1,7.2,93.0,87.0,1003.5,116.0,0.0,,100.0
2023-06-11 19:00:00,2.3,3.2,,1.2,,92.0,2.7,5.6,157.0,122.0,1002.3,163.0,0.0,,100.0
2023-06-11 20:00:00,3.0,3.4,,2.1,,89.0,1.7,4.1,59.0,144.0,1001.1,136.0,0.0,,100.0
2023-06-11 21:00:00,1.4,2.1,,1.1,,94.0,3.2,5.3,41.0,49.0,1000.6,94.0,0.0,,90.0
2023-06-11 22:00:00,0.9,1.2,,0.8,,96.0,1.9,3.8,28.0,14.0,999.8,83.0,0.0,,100.0
2023-06-11 23:00:00,0.6,0.9,,0.4,,97.0,1.8,2.6,15.0,1.0,998.7,48.0,0.0,,100.0
2023-06-12 00:00:00,0.4,0.6,,0.3,,97.0,1.5,3.0,4.0,13.0,998.0,34.0,0.0,,100.0
2023-06-12 01:00:00,0.7,1.0,,0.3,,96.0,0.8,2.7,33.0,6.0,996.6,16.0,0.0,,100.0
2023-06-12 02:00:00,0.7,0.9,,0.5,,94.0,2.7,4.7,47.0,48.0,994.9,9.0,0.0,,90.0
2023-06-12 03:00:00,0.8,1.0,,0.6,,94.0,3.3,5.8,92.0,73.0,994.3,8.0,0.0,,90.0
2023-06-12 04:00:00,0.9,1.1,,0.7,,94.0,2.4,7.2,41.0,100.0,993.9,6.0,0.0,,100.0
2023-06-12 05:00:00,1.5,3.0,,0.9,,90.0,1.5,9.7,204.0,199.0,993.7,6.0,0.0,,90.0
2023-06-12 06:00:00,2.6,3.3,3.4,1.9,0.3,80.0,11.9,21.6,199.0,200.0,993.0,10.0,0.6,1.4,
2023-06-12 07:00:00,1.8,2.3,,1.6,,89.0,19.2,25.2,203.0,204.0,992.3,23.0,0.5,,90.0
2023-06-12 08:00:00,1.5,1.7,,1.4,,89.0,19.7,28.9,208.0,203.0,992.1,17.0,0.8,,100.0
2023-06-12 09:00:00,1.1,1.5,,0.9,,91.0,22.2,29.0,205.0,207.0,993.6,45.0,0.4,,
2023-06-12 10:00:00,0.7,0.9,,0.4,,94.0,14.4,21.8,196.0,199.0,995.4,64.0,0.2,,
2023-06-12 11:00:00,0.4,0.6,,0.3,,96.0,12.6,17.1,193.0,195.0,995.9,113.0,0.5,,100.0
2023-06-12 12:00:00,0.9,1.1,,0.6,,85.0,13.3,18.1,197.0,194.0,997.0,186.0,0.3,,90.0
2023-06-12 13:00:00,1.2,1.6,,1.0,,82.0,12.0,17.3,198.0,199.0,998.2,207.0,0.0,,90.0
2023-06-12 14:00:00,1.8,2.1,,1.3,,77.0,13.1,18.4,195.0,196.0,998.5,614.0,0.2,,10.0
2023-06-12 15:00:00,2.1,2.3,,2.0,,72.0,13.3,18.2,195.0,196.0,999.7,732.0,0.2,,0.0
2023-06-12 16:00:00,2.2,2.4,,2.1,,70.0,12.6,16.7,195.0,195.0,1000.6,735.0,0.1,,10.0
2023-06-12 17:00:00,2.4,2.6,,2.2,,65.0,11.9,17.3,198.0,194.0,1001.4,696.0,0.0,,40.0
2023-06-12 18:00:00,2.5,2.7,2.7,2.4,0.3,62.0,13.9,18.8,201.0,202.0,1002.0,738.0,0.2,,0.0
2023-06-12 19:00:00,2.5,2.6,,2.4,,64.0,13.5,18.9,197.0,198.0,1003.3,656.0,0.0,,10.0
2023-06-12 20:00:00,2.5,2.7,,2.3,,63.0,13.8,18.5,203.0,201.0,1004.0,547.0,0.1,,90.0
2023-06-12 21:00:00,2.1,2.4,,1.6,,70.0,13.7,17.8,206.0,205.0,1005.1,360.0,0.0,,60.0
2023-06-12 22:00:00,1.4,1.7,,1.2,,79.0,11.7,16.1,209.0,207.0,1006.3,162.0,0.0,,100.0
2023-06-12 23:00:00,1.2,1.2,,1.1,,81.0,10.3,13.7,207.0,208.0,1007.2,89.0,0.0,,100.0
2023-06-13 00:00:00,1.1,1.2,,1.0,,82.0,8.5,11.7,204.0,205.0,1008.4,47.0,0.0,,100.0
2023-06-13 01:00:00,1.0,1.1,,0.9,,83.0,7.1,9.4,208.0,205.0,1008.8,34.0,0.0,,90.0
2023-06-13 02:00:00,0.7,0.9,,0.5,,84.0,5.4,7.8,210.0,207.0,1008.5,26.0,0.0,,60.0
2023-06-13 03:00:00,0.5,0.6,,0.5,,86.0,3.3,6.1,226.0,232.0,1008.9,23.0,0.0,,40.0
2023-06-13 04:00:00,0.3,0.5,,-0.2,,86.0,2.5,4.9,128.0,187.0,1008.8,23.0,0.0,,40.0
2023-06-13 05:00:00,0.0,0.2,,-0.2,,85.0,2.2,3.4,131.0,165.0,1008.7,25.0,0.0,,60.0
2023-06-13 06:00:00,0.1,0.2,2.7,0.0,-0.2,88.0,1.9,2.6,120.0,123.0,1008.9,22.0,0.0,3.5,100.0
2023-06-13 07:00:00,0.4,0.5,,0.2,,87.0,2.2,3.0,112.0,119.0,1008.6,41.0,0.0,,100.0
2023-06-13 08:00:00,0.6,0.9,,0.5,,86.0,1.8,2.7,108.0,109.0,1008.7,86.0,0.0,,90.0
2023-06-13 09:00:00,1.0,1.1,,0.9,,82.0,0.0,1.0,0.0,0.0,1008.6,109.0,0.0,,90.0
2023-06-13 10:00:00,1.3,1.5,,1.1,,77.0,0.5,1.2,115.0,107.0,1008.5,159.0,0.0,,100.0
2023-06-13 11:00:00,1.6,1.8,,1.4,,74.0,0.3,2.1,9.0,115.0,1008.3,202.0,0.0,,100.0
2023-06-13 12:00:00,1.3,1.4,,1.2,,75.0,1.1,2.1,9.0,10.0,1008.3,189.0,0.0,,100.0
2023-06-13 13:00:00,1.5,1.8,,1.3,,73.0,1.5,2.5,14.0,12.0,1008.3,345.0,0.0,,90.0
2023-06-13 14:00:00,1.5,1.7,,1.4,,73.0,1.4,2.9,21.0,25.0,1008.6,246.0,0.0,,90.0
2023-06-13 15:00:00,1.7,1.8,,1.6,,72.0,2.4,3.8,13.0,13.0,1008.6,368.0,0.0,,90.0
2023-06-13 16:00:00,1.9,2.2,,1.6,,71.0,2.4,3.8,13.0,41.0,1008.7,409.0,0.0,,90.0
2023-06-13 17:00:00,2.0,2.3,,1.2,,71.0,2.2,5.1,250.0,31.0,1009.2,323.0,0.0,,90.0
2023-06-13 18:00:00,1.1,1.7,2.3,0.7,0.2,84.0,3.4,5.8,263.0,260.0,1009.4,325.0,0.0,,90.0
2023-06-13 19:00:00,1.5,2.3,,1.1,,79.0,3.2,5.4,252.0,257.0,1009.8,439.0,0.0,,90.0
2023-06-13 20:00:00,1.6,2.1,,1.3,,76.0,2.9,5.8,259.0,259.0,1009.8,444.0,0.0,,90.0
2023-06-13 21:00:00,1.7,2.2,,1.4,,74.0,2.3,4.8,265.0,258.0,1009.6,403.0,0.0,,60.0
2023-06-13 22:00:00,1.2,1.7,,0.9,,76.0,2.2,3.8,257.0,262.0,1009.8,184.0,0.0,,60.0
2023-06-13 23:00:00,0.9,1.2,,0.6,,78.0,2.2,3.7,251.0,259.0,1009.6,125.0,0.0,,90.0
2023-06-14 00:00:00,0.6,0.8,,0.4,,80.0,3.1,6.3,261.0,262.0,1009.6,108.0,0.0,,60.0
2023-06-14 01:00:00,0.2,0.8,,0.0,,81.0,5.0,8.0,248.0,236.0,1009.7,107.0,0.0,,60.0
2023-06-14 02:00:00,-0.4,0.0,,-0.7,,83.0,4.3,7.3,221.0,246.0,1009.6,59.0,0.0,,60.0
2023-06-14 03:00:00,-1.0,-0.7,,-1.3,,84.0,2.8,6.4,254.0,250.0,1009.3,29.0,0.0,,40.0
2023-06-14 04:00:00,-1.4,-1.3,,-1.5,,85.0,4.3,6.1,213.0,221.0,1009.3,20.0,0.0,,10.0
2023-06-14 05:00:00,-1.5,-1.3,,-1.6,,84.0,5.3,7.6,222.0,210.0,1009.9,21.0,0.0,,0.0
2023-06-14 06:00:00,-1.5,-1.3,2.3,-1.8,-1.8,84.0,2.2,3.3,189.0,196.0,1010.2,41.0,0.0,0.0,0.0
2023-06-14 07:00:00,-1.3,-1.1,,-1.7,,84.0,2.2,3.5,232.0,205.0,1010.4,62.0,0.0,,90.0
2023-06-14 08:00:00,-1.0,-0.9,,-1.1,,79.0,1.9,5.5,188.0,212.0,1010.7,93.0,0.0,,100.0
2023-06-14 09:00:00,-1.0,-0.8,,-1.1,,79.0,1.8,4.8,202.0,216.0,1010.9,120.0,0.0,,100.0
2023-06-14 10:00:00,-0.6,-0.5,,-0.9,,78.0,0.9,2.5,217.0,180.0,1010.9,182.0,0.0,,100.0
2023-06-14 11:00:00,-0.4,0.0,,-0.7,,76.0,1.0,2.9,324.0,329.0,1011.0,327.0,0.0,,90.0
2023-06-14 12:00:00,-0.5,-0.2,,-0.7,,77.0,2.3,4.9,340.0,338.0,1010.9,404.0,0.0,,100.0
2023-06-14 13:00:00,-0.5,-0.2,,-0.7,,78.0,3.0,4.4,4.0,4.0,1010.7,385.0,0.0,,90.0
2023-06-14 14:00:00,-0.5,-0.1,,-0.8,,78.0,2.1,3.9,351.0,10.0,1010.5,485.0,0.0,,60.0
2023-06-14 15:00:00,-0.2,0.3,,-0.6,,76.0,2.4,4.3,292.0,321.0,1010.3,624.0,0.0,,90.0
2023-06-14 16:00:00,0.2,0.4,,0.0,,75.0,2.7,4.4,300.0,296.0,1010.2,683.0,0.0,,60.0
2023-06-14 17:00:00,0.0,0.4,,-0.4,,76.0,3.0,4.9,306.0,302.0,1010.3,659.0,0.0,,90.0
2023-06-14 18:00:00,-0.1,0.1,0.4,-0.3,-1.7,75.0,2.7,4.7,280.0,284.0,1010.7,525.0,0.0,,90.0
2023-06-14 19:00:00,-0.1,0.2,,-0.4,,76.0,3.1,5.0,260.0,280.0,1011.1,383.0,0.0,,90.0
2023-06-14 20:00:00,-0.2,0.1,,-0.6,,79.0,2.5,4.3,274.0,271.0,1011.4,251.0,0.0,,90.0
2023-06-14 21:00:00,-0.3,0.0,,-0.7,,81.0,2.4,4.7,251.0,269.0,1012.0,286.0,0.0,,100.0
2023-06-14 22:00:00,-0.6,-0.3,,-0.8,,84.0,2.5,4.7,262.0,250.0,1012.2,155.0,0.0,,90.0
2023-06-14 23:00:00,-0.6,-0.4,,-0.9,,84.0,2.3,3.8,273.0,271.0,1012.4,157.0,0.0,,90.0
2023-06-15 00:00:00,-0.9,-0.6,,-1.1,,85.0,1.8,3.5,260.0,268.0,1012.7,127.0,0.0,,90.0
2023-06-15 01:00:00,-1.0,-0.6,,-1.2,,86.0,0.9,2.3,176.0,217.0,1012.9,71.0,0.0,,60.0
2023-06-15 02:00:00,-1.3,-1.1,,-1.4,,88.0,1.7,2.9,213.0,201.0,1013.1,35.0,0.0,,40.0
2023-06-15 03:00:00,-1.0,-0.8,,-1.3,,88.0,1.0,2.3,263.0,259.0,1012.7,33.0,0.0,,60.0
2023-06-15 04:00:00,-0.9,-0.7,,-1.2,,88.0,0.3,1.6,0.0,232.0,1012.5,26.0,0.0,,40.0
2023-06-15 05:00:00,-1.2,-0.7,,-1.5,,91.0,0.0,0.9,0.0,0.0,1012.7,24.0,0.0,,60.0
2023-06-15 06:00:00,-0.8,-0.3,0.2,-1.2,-1.5,89.0,0.3,0.9,0.0,205.0,1012.7,46.0,0.0,0.0,60.0
2023-06-15 07:00:00,-0.6,-0.5,,-0.9,,90.0,0.6,1.8,95.0,115.0,1012.7,54.0,0.0,,90.0
2023-06-15 08:00:00,-0.8,-0.6,,-0.8,,91.0,0.4,1.2,3.0,44.0,1013.0,47.0,0.0,,90.0
2023-06-15 09:00:00,-0.8,-0.6,,-0.9,,91.0,1.3,2.7,305.0,336.0,1013.2,54.0,0.0,,90.0
2023-06-15 10:00:00,-0.9,-0.6,,-1.0,,92.0,2.2,3.9,304.0,314.0,1013.3,91.0,0.0,,90.0
2023-06-15 11:00:00,-0.5,-0.1,,-0.8,,90.0,2.6,4.4,297.0,299.0,1013.4,166.0,0.0,,90.0
2023-06-15 12:00:00,-0.3,-0.1,,-0.4,,92.0,3.2,5.0,292.0,292.0,1013.6,155.0,0.0,,100.0
2023-06-15 13:00:00,-0.7,-0.3,,-1.1,,95.0,3.2,6.1,308.0,303.0,1014.0,160.0,0.0,,100.0
2023-06-15 14:00:00,-0.9,-0.7,,-1.0,,96.0,3.2,5.3,297.0,297.0,1014.2,152.0,0.0,,100.0
2023-06-15 15:00:00,-0.7,-0.3,,-1.0,,94.0,3.4,5.7,308.0,300.0,1014.3,283.0,0.0,,100.0
2023-06-15 16:00:00,-0.4,-0.2,,-0.5,,92.0,3.7,6.2,308.0,309.0,1014.2,376.0,0.0,,100.0
2023-06-15 17:00:00,-0.5,-0.3,,-0.7,,91.0,4.1,6.6,290.0,295.0,1014.7,310.0,0.0,,90.0
2023-06-15 18:00:00,-0.7,-0.4,-0.1,-0.9,-1.1,90.0,4.5,7.4,286.0,292.0,1015.2,329.0,0.0,,100.0
2023-06-15 19:00:00,-1.0,-0.8,,-1.2,,91.0,4.7,8.2,287.0,288.0,1015.4,234.0,0.0,,100.0
2023-06-15 20:00:00,-1.2,-1.1,,-1.4,,91.0,5.0,8.4,287.0,286.0,1015.9,193.0,0.0,,90.0
2023-06-15 21:00:00,-1.4,-1.3,,-1.6,,91.0,4.8,7.5,284.0,284.0,1016.2,125.0,0.0,,90.0
2023-06-15 22:00:00,-1.6,-1.5,,-1.7,,92.0,4.5,7.4,283.0,285.0,1016.6,94.0,0.0,,90.0
2023-06-15 23:00:00,-1.7,-1.5,,-1.8,,93.0,4.6,7.4,288.0,289.0,1016.8,80.0,0.0,,90.0
2023-06-16 00:00:00,-1.7,-1.6,,-1.8,,92.0,4.2,6.5,279.0,280.0,1017.1,59.0,0.0,,90.0
2023-06-16 01:00:00,-1.7,-1.7,,-1.8,,91.0,4.5,7.4,281.0,280.0,1017.4,40.0,0.0,,90.0
2023-06-16 02:00:00,-1.9,-1.8,,-2.1,,91.0,4.3,7.3,275.0,279.0,1017.8,22.0,0.0,,90.0
2023-06-16 03:00:00,-2.0,-1.9,,-2.1,,89.0,4.3,7.4,278.0,275.0,1018.2,12.0,0.0,,90.0
2023-06-16 04:00:00,-1.9,-1.8,,-2.0,,86.0,4.5,7.7,259.0,263.0,1018.6,10.0,0.0,,90.0
2023-06-16 05:00:00,-1.8,-1.6,,-2.0,,84.0,4.2,7.4,258.0,261.0,1019.2,11.0,0.0,,90.0
2023-06-16 06:00:00,-1.6,-1.5,-0.8,-1.7,-2.1,81.0,4.1,7.0,276.0,269.0,1019.8,17.0,0.0,0.0,90.0
2023-06-16 07:00:00,-1.5,-1.4,,-1.6,,84.0,3.3,6.0,259.0,267.0,1020.3,20.0,0.0,,90.0
2023-06-16 08:00:00,-1.6,-1.4,,-1.8,,87.0,3.6,5.8,261.0,262.0,1021.0,36.0,0.0,,90.0
2023-06-16 09:00:00,-1.4,-1.3,,-1.4,,81.0,4.1,7.2,257.0,259.0,1021.7,44.0,0.0,,90.0
2023-06-16 10:00:00,-1.3,-1.2,,-1.4,,77.0,4.7,7.3,259.0,259.0,1022.6,68.0,0.0,,90.0
2023-06-16 11:00:00,-1.1,-0.9,,-1.2,,74.0,4.0,7.3,258.0,264.0,1023.0,110.0,0.0,,90.0
2023-06-16 12:00:00,-0.8,-0.6,,-1.0,,72.0,4.1,8.1,273.0,263.0,1023.6,156.0,0.0,,90.0
2023-06-16 13:00:00,-0.7,-0.5,,-0.9,,73.0,4.1,7.5,262.0,262.0,1024.2,149.0,0.0,,90.0
2023-06-16 14:00:00,-0.8,-0.7,,-1.0,,75.0,3.9,9.7,267.0,261.0,1024.9,120.0,0.0,,90.0
2023-06-16 15:00:00,-0.6,-0.5,,-0.8,,76.0,3.7,6.9,265.0,263.0,1025.4,194.0,0.0,,90.0
2023-06-16 16:00:00,-0.4,0.0,,-0.7,,71.0,4.1,6.6,242.0,251.0,1025.6,285.0,0.0,,90.0
2023-06-16 17:00:00,0.2,0.6,,-0.2,,67.0,4.1,6.6,255.0,244.0,1025.9,365.0,0.0,,90.0
2023-06-16 18:00:00,0.4,0.6,0.6,0.2,-1.8,72.0,4.3,6.9,241.0,241.0,1026.3,376.0,0.0,,90.0
2023-06-16 19:00:00,0.3,0.6,,0.0,,74.0,4.1,6.6,255.0,254.0,1026.4,312.0,0.0,,90.0
2023-06-16 20:00:00,-0.3,0.1,,-0.8,,82.0,3.3,5.8,253.0,249.0,1026.6,164.0,0.0,,90.0
2023-06-16 21:00:00,-0.4,0.0,,-0.9,,87.0,3.7,5.9,204.0,204.0,1026.7,117.0,0.0,,90.0
2023-06-16 22:00:00,0.0,0.3,,-0.1,,82.0,4.3,6.4,229.0,224.0,1026.9,116.0,0.0,,90.0
2023-06-16 23:00:00,-0.4,-0.1,,-0.7,,86.0,4.2,6.2,268.0,229.0,1027.1,85.0,0.0,,90.0
2023-06-17 00:00:00,-0.9,-0.7,,-1.0,,89.0,2.5,4.6,264.0,264.0,1027.0,96.0,0.0,,90.0
2023-06-17 01:00:00,-1.0,-0.9,,-1.2,,88.0,1.9,3.7,262.0,266.0,1027.0,51.0,0.0,,90.0
2023-06-17 02:00:00,-1.1,-1.0,,-1.2,,90.0,1.4,2.8,267.0,265.0,1027.1,26.0,0.0,,90.0
2023-06-17 03:00:00,-1.3,-1.1,,-1.4,,93.0,0.6,2.0,202.0,263.0,1027.0,14.0,0.0,,90.0
2023-06-17 04:00:00,-1.1,-1.0,,-1.2,,89.0,0.6,1.6,256.0,234.0,1026.8,16.0,0.0,,90.0
2023-06-17 05:00:00,-1.3,-1.1,,-1.6,,88.0,0.8,2.6,155.0,232.0,1026.6,20.0,0.0,,90.0
2023-06-17 06:00:00,-1.6,-1.4,0.6,-1.8,-1.8,89.0,0.7,2.3,260.0,250.0,1026.7,35.0,0.0,0.0,40.0
2023-06-17 07:00:00,-1.7,-1.3,,-2.0,,89.0,0.8,2.1,0.0,277.0,1026.6,67.0,0.0,,10.0
2023-06-17 08:00:00,-2.1,-1.6,,-2.4,,92.0,1.1,2.4,271.0,290.0,1026.7,107.0,0.0,,90.0
2023-06-17 09:00:00,-2.4,-2.1,,-2.5,,94.0,1.1,2.9,0.0,273.0,1026.6,129.0,0.0,,90.0
2023-06-17 10:00:00,-1.5,-0.9,,-2.2,,89.0,0.0,1.5,320.0,0.0,1026.6,262.0,0.0,,90.0
2023-06-17 11:00:00,-1.5,-1.3,,-1.7,,89.0,0.8,2.2,305.0,321.0,1026.7,263.0,0.0,,90.0
2023-06-17 12:00:00,-1.2,-0.7,,-1.7,,88.0,0.8,3.4,331.0,301.0,1026.6,366.0,0.0,,90.0
2023-06-17 13:00:00,-1.5,-1.2,,-1.7,,90.0,1.9,3.4,358.0,347.0,1026.5,453.0,0.0,,100.0
2023-06-17 14:00:00,-0.6,0.1,,-1.4,,86.0,1.0,2.9,351.0,1.0,1026.4,743.0,0.0,,60.0
2023-06-17 15:00:00,-0.4,0.3,,-0.9,,86.0,2.2,4.2,317.0,330.0,1026.2,640.0,0.0,,90.0
2023-06-17 16:00:00,-0.3,0.0,,-0.8,,85.0,1.5,3.3,351.0,338.0,1026.2,514.0,0.0,,90.0
2023-06-17 17:00:00,0.3,1.1,,-0.3,,81.0,1.0,2.6,349.0,346.0,1026.1,511.0,0.0,,90.0
2023-06-17 18:00:00,1.5,2.0,2.0,0.9,-2.5,69.0,1.3,3.0,305.0,323.0,1025.9,571.0,0.0,,90.0
2023-06-17 19:00:00,1.3,1.8,,1.0,,73.0,1.4,3.2,291.0,311.0,1026.0,424.0,0.0,,90.0
2023-06-17 20:00:00,0.9,1.3,,0.8,,76.0,1.4,3.3,332.0,316.0,1026.1,349.0,0.0,,90.0
2023-06-17 21:00:00,1.1,1.4,,0.8,,77.0,0.6,1.9,338.0,347.0,1026.1,240.0,0.0,,90.0
2023-06-17 22:00:00,0.7,0.9,,0.5,,80.0,0.8,2.6,21.0,356.0,1026.0,169.0,0.0,,90.0
2023-06-17 23:00:00,0.6,0.7,,0.4,,85.0,0.6,1.9,12.0,6.0,1026.1,137.0,0.0,,100.0
2023-06-18 00:00:00,1.0,1.3,,0.6,,79.0,0.5,1.9,0.0,35.0,1025.9,105.0,0.0,,90.0
2023-06-18 01:00:00,1.2,1.5,,0.8,,77.0,0.0,1.2,0.0,0.0,1025.8,76.0,0.0,,90.0
2023-06-18 02:00:00,1.0,1.2,,0.8,,81.0,1.5,2.7,81.0,65.0,1025.9,41.0,0.0,,90.0
2023-06-18 03:00:00,0.8,1.1,,0.6,,79.0,1.1,2.2,54.0,71.0,1025.5,22.0,0.0,,0.0
2023-06-18 04:00:00,0.3,0.6,,-0.4,,72.0,1.4,2.7,106.0,81.0,1025.5,17.0,0.0,,0.0
2023-06-18 05:00:00,-0.2,0.1,,-0.4,,73.0,1.7,2.7,99.0,115.0,1025.4,23.0,0.0,,0.0
2023-06-18 06:00:00,0.4,0.8,1.8,0.1,-0.4,69.0,1.7,2.8,105.0,96.0,1025.0,49.0,0.0,0.0,0.0
2023-06-18 07:00:00,0.8,1.4,,0.3,,68.0,2.7,4.1,73.0,90.0,1025.2,105.0,0.0,,0.0
2023-06-18 08:00:00,1.2,1.4,,1.0,,70.0,3.3,4.9,82.0,77.0,1024.8,112.0,0.0,,40.0
2023-06-18 09:00:00,1.1,1.4,,1.0,,79.0,3.2,4.6,62.0,65.0,1024.8,149.0,0.0,,40.0
2023-06-18 10:00:00,1.6,1.7,,1.4,,79.0,3.1,4.4,36.0,49.0,1024.6,261.0,0.0,,0.0
2023-06-18 11:00:00,2.0,2.4,,1.6,,77.0,4.1,6.0,45.0,43.0,1024.4,431.0,0.0,,60.0
2023-06-18 12:00:00,2.0,2.3,,1.6,,73.0,5.3,7.7,57.0,53.0,1024.1,381.0,0.0,,90.0
2023-06-18 13:00:00,1.8,1.9,,1.7,,74.0,5.8,7.7,51.0,54.0,1023.7,400.0,0.0,,
2023-06-18 14:00:00,1.8,2.1,,1.6,,72.0,5.4,7.3,42.0,44.0,1023.5,428.0,0.0,,90.0
2023-06-18 15:00:00,2.0,2.1,,1.8,,73.0,4.8,6.5,37.0,48.0,1023.2,454.0,0.0,,90.0
2023-06-18 16:00:00,2.1,2.3,,1.9,,74.0,4.9,7.0,34.0,34.0,1022.9,530.0,0.0,,90.0
2023-06-18 17:00:00,2.1,2.3,,1.9,,73.0,4.2,6.3,36.0,34.0,1022.7,397.0,0.0,,90.0
2023-06-18 18:00:00,2.2,2.6,2.6,1.9,0.3,73.0,4.2,5.8,33.0,37.0,1022.4,481.0,0.0,,90.0
2023-06-18 19:00:00,2.3,2.7,,2.2,,64.0,4.4,6.0,36.0,34.0,1022.2,374.0,0.0,,90.0
2023-06-18 20:00:00,2.7,2.9,,2.5,,60.0,3.6,5.6,53.0,52.0,1021.9,402.0,0.0,,90.0
2023-06-18 21:00:00,2.7,3.0,,2.5,,61.0,3.3,4.5,65.0,56.0,1021.5,299.0,0.0,,90.0
2023-06-18 22:00:00,2.7,3.1,,2.5,,66.0,3.0,4.3,52.0,52.0,1021.3,165.0,0.0,,90.0
2023-06-18 23:00:00,2.4,2.6,,2.3,,72.0,3.2,4.4,50.0,49.0,1021.6,111.0,0.0,,90.0
2023-06-19 00:00:00,2.7,3.0,,2.5,,69.0,3.6,4.8,60.0,55.0,1021.4,140.0,0.0,,90.0
2023-06-19 01:00:00,2.6,2.8,,2.5,,71.0,3.0,5.1,37.0,45.0,1021.2,60.0,0.0,,100.0
2023-06-19 02:00:00,2.6,2.9,,2.5,,74.0,3.0,5.7,79.0,50.0,1020.9,46.0,0.0,,100.0
2023-06-19 03:00:00,2.4,2.6,,2.3,,77.0,3.4,5.3,52.0,68.0,1020.5,29.0,0.0,,60.0
2023-06-19 04:00:00,2.4,2.7,,2.1,,75.0,2.6,4.3,44.0,65.0,1020.6,22.0,0.0,,10.0
2023-06-19 05:00:00,1.6,2.1,,1.2,,86.0,1.6,3.4,32.0,37.0,1020.7,24.0,0.0,,60.0
2023-06-19 06:00:00,1.7,2.0,3.1,1.3,1.2,88.0,2.8,5.4,51.0,42.0,1020.4,36.0,0.0,0.0,10.0
2023-06-19 07:00:00,2.4,3.2,,2.0,,82.0,3.6,5.6,88.0,65.0,1020.3,75.0,0.0,,40.0
2023-06-19 08:00:00,3.6,,,,,76.0,2.2,3.4,79.0,,1020.2,140.0,,,10.0
2023-06-19 09:00:00,3.9,5.3,,2.1,,76.0,2.3,3.7,95.0,79.0,1020.0,261.0,0.0,,60.0
2023-06-19 10:00:00,3.1,5.2,,2.1,,84.0,1.6,3.0,8.0,23.0,1020.3,191.0,0.0,,90.0
2023-06-19 11:00:00,2.2,2.6,,1.7,,89.0,1.8,3.1,359.0,11.0,1019.9,256.0,0.0,,90.0
2023-06-19 12:00:00,2.3,3.1,,1.8,,88.0,2.2,3.6,7.0,6.0,1020.2,303.0,0.0,,90.0
2023-06-19 13:00:00,2.5,2.7,,2.2,,86.0,3.2,5.2,7.0,16.0,1020.0,352.0,0.0,,90.0
2023-06-19 14:00:00,2.7,3.0,,2.4,,85.0,2.8,4.6,25.0,18.0,1019.8,296.0,0.0,,60.0
2023-06-19 15:00:00,3.3,4.6,,2.3,,81.0,2.6,4.5,45.0,32.0,1019.5,268.0,0.0,,90.0
2023-06-19 16:00:00,4.1,4.9,,3.7,,76.0,3.3,5.6,40.0,27.0,1019.3,446.0,0.0,,90.0
2023-06-19 17:00:00,4.9,5.9,,4.3,,72.0,3.1,4.8,28.0,41.0,1019.3,374.0,0.0,,90.0
2023-06-19 18:00:00,3.5,4.2,,3.1,,79.0,3.5,6.2,21.0,22.0,1019.2,338.0,0.0,,90.0
2023-06-19 19:00:00,5.0,5.5,,4.1,,70.0,4.3,6.1,39.0,43.0,1018.9,521.0,0.0,,90.0
2023-06-19 20:00:00,5.2,5.9,,4.8,,68.0,4.0,6.1,38.0,45.0,1018.5,360.0,0.0,,90.0
2023-06-19 21:00:00,5.1,5.6,,4.9,,66.0,4.0,6.6,61.0,49.0,1018.2,179.0,0.0,,90.0
2023-06-19 22:00:00,5.4,5.8,,4.7,,65.0,2.2,5.8,70.0,53.0,1018.0,106.0,0.0,,90.0
2023-06-19 23:00:00,4.4,5.8,,3.8,,73.0,0.7,2.1,17.0,5.0,1017.7,45.0,0.0,,100.0
2023-06-20 00:00:00,3.8,4.1,,3.5,,75.0,0.7,2.2,31.0,7.0,1017.3,20.0,0.0,,90.0
2023-06-20 01:00:00,3.9,4.3,,3.6,,77.0,1.3,2.6,19.0,12.0,1016.8,25.0,0.0,,100.0
2023-06-20 02:00:00,3.7,4.1,,3.1,,79.0,2.2,3.8,42.0,28.0,1016.2,17.0,0.0,,100.0
2023-06-20 03:00:00,3.8,4.4,,2.7,,78.0,0.8,3.9,11.0,21.0,1015.7,13.0,0.0,,100.0
2023-06-20 04:00:00,3.9,4.5,,2.6,,79.0,1.0,2.3,66.0,77.0,1015.0,7.0,0.0,,90.0
2023-06-20 05:00:00,3.9,5.2,,3.0,,81.0,0.6,2.1,112.0,84.0,1014.2,7.0,0.0,,100.0
2023-06-20 06:00:00,3.9,4.8,5.9,3.1,2.6,83.0,0.3,1.3,81.0,82.0,1013.9,8.0,0.0,,90.0
2023-06-20 07:00:00,5.2,5.8,,4.3,,78.0,1.2,3.2,125.0,115.0,1013.7,29.0,0.0,,90.0
2023-06-20 08:00:00,6.2,7.0,,5.2,,75.0,1.0,2.8,114.0,101.0,1013.4,96.0,0.0,,40.0
2023-06-20 09:00:00,7.1,7.9,,6.6,,72.0,1.7,5.8,114.0,102.0,1012.8,150.0,0.0,,40.0
2023-06-20 10:00:00,8.1,8.6,,7.5,,68.0,3.5,6.1,123.0,116.0,1012.3,182.0,0.0,,90.0
2023-06-20 11:00:00,8.1,8.7,,7.6,,65.0,4.9,7.3,113.0,111.0,1011.9,164.0,0.0,,90.0
2023-06-20 12:00:00,8.4,8.9,,7.9,,64.0,3.7,5.4,101.0,111.0,1011.7,133.0,0.0,,90.0
2023-06-20 13:00:00,8.5,9.1,,6.6,,65.0,2.8,4.5,88.0,95.0,1011.0,159.0,0.0,,90.0
2023-06-20 14:00:00,7.9,9.4,,3.7,,68.0,2.9,4.6,3.0,63.0,1010.6,165.0,0.0,,90.0
2023-06-20 15:00:00,3.7,4.4,,3.4,,85.0,1.4,2.4,358.0,8.0,1010.0,108.0,0.0,,90.0
2023-06-20 16:00:00,3.7,4.5,,3.1,,85.0,2.0,5.2,298.0,336.0,1009.9,156.0,0.0,,100.0
2023-06-20 17:00:00,4.4,5.2,,3.4,,83.0,2.6,5.8,328.0,320.0,1010.2,105.0,0.2,,100.0
2023-06-20 18:00:00,5.3,5.5,9.4,4.7,3.1,81.0,1.5,3.8,187.0,246.0,1009.4,132.0,0.6,,100.0
2023-06-20 19:00:00,5.1,5.6,,4.7,,83.0,5.1,8.5,180.0,193.0,1008.2,144.0,0.6,,100.0
2023-06-20 20:00:00,4.9,5.2,,4.7,,91.0,1.4,5.0,0.0,193.0,1007.8,123.0,0.1,,100.0
2023-06-20 21:00:00,4.6,5.2,,3.9,,94.0,0.9,2.3,52.0,139.0,1007.4,64.0,1.5,,90.0
2023-06-20 22:00:00,2.8,3.9,,2.2,,96.0,2.7,4.8,70.0,81.0,1006.5,41.0,1.7,,100.0
2023-06-20 23:00:00,2.3,2.5,,2.2,,96.0,2.3,6.2,78.0,36.0,1006.0,42.0,0.7,,90.0
2023-06-21 00:00:00,2.3,2.4,,2.2,,96.0,4.0,6.6,72.0,80.0,1005.6,17.0,0.3,,100.0
2023-06-21 01:00:00,2.4,2.6,,2.0,,96.0,1.7,4.7,338.0,145.0,1005.6,12.0,0.4,,100.0
2023-06-21 02:00:00,2.4,3.4,,1.9,,97.0,3.4,12.1,189.0,113.0,1004.4,5.0,2.1,,100.0
2023-06-21 03:00:00,3.1,3.3,,2.7,,94.0,10.1,15.3,194.0,193.0,1003.2,4.0,1.6,,100.0
2023-06-21 04:00:00,2.5,2.8,,2.3,,95.0,9.8,13.8,189.0,191.0,1002.4,3.0,1.1,,100.0
2023-06-21 05:00:00,2.3,2.5,,1.9,,93.0,12.3,16.5,200.0,190.0,1001.4,4.0,0.2,,100.0
2023-06-21 06:00:00,1.1,1.9,5.6,0.4,0.4,96.0,9.9,13.1,210.0,206.0,1001.3,5.0,0.2,11.3,100.0
2023-06-21 07:00:00,0.2,0.4,,0.1,,98.0,9.1,11.6,214.0,210.0,1001.2,11.0,0.0,,
2023-06-21 08:00:00,0.0,0.1,,-0.1,,99.0,6.7,9.8,258.0,239.0,1001.0,22.0,0.0,,100.0
2023-06-21 09:00:00,0.1,0.5,,-0.1,,98.0,4.9,9.6,256.0,253.0,1000.7,69.0,0.0,,100.0
2023-06-21 10:00:00,0.4,0.7,,0.2,,96.0,4.8,8.1,257.0,260.0,1000.7,185.0,0.0,,90.0
2023-06-21 11:00:00,0.2,0.4,,0.0,,95.0,3.5,5.7,262.0,263.0,1000.5,139.0,0.0,,90.0
2023-06-21 12:00:00,0.0,0.3,,-0.2,,96.0,2.7,5.0,264.0,261.0,1000.6,101.0,0.0,,100.0
2023-06-21 13:00:00,-0.4,-0.1,,-0.7,,97.0,3.2,6.0,276.0,265.0,1000.5,165.0,0.0,,90.0
2023-06-21 14:00:00,-0.3,0.4,,-0.7,,95.0,3.7,6.3,264.0,272.0,1000.6,483.0,0.0,,90.0
2023-06-21 15:00:00,0.3,1.1,,-0.4,,93.0,3.6,6.1,234.0,245.0,1000.3,513.0,0.0,,90.0
2023-06-21 16:00:00,0.9,1.8,,0.3,,91.0,4.0,6.4,216.0,245.0,1000.3,587.0,0.0,,100.0
2023-06-21 17:00:00,1.7,2.7,,0.7,,89.0,4.4,6.7,228.0,225.0,1000.1,617.0,0.0,,90.0
2023-06-21 18:00:00,2.4,2.8,2.8,1.8,-0.7,87.0,3.7,6.2,256.0,233.0,1000.1,406.0,0.0,,90.0
2023-06-21 19:00:00,1.6,2.3,,1.1,,90.0,3.9,6.1,267.0,260.0,1000.0,235.0,0.0,,100.0
2023-06-21 20:00:00,1.0,1.4,,0.7,,95.0,3.0,6.2,261.0,265.0,999.9,135.0,0.0,,100.0
2023-06-21 21:00:00,0.7,0.9,,0.4,,97.0,3.0,5.3,260.0,262.0,999.7,142.0,0.0,,100.0
2023-06-21 22:00:00,0.5,0.7,,0.3,,96.0,2.6,4.8,265.0,261.0,999.6,112.0,0.0,,100.0
2023-06-21 23:00:00,0.3,0.6,,0.0,,96.0,3.0,4.8,257.0,260.0,999.5,79.0,0.0,,100.0
2023-06-22 00:00:00,0.0,0.2,,-0.2,,97.0,2.9,4.6,265.0,260.0,999.4,51.0,0.0,,100.0
2023-06-22 01:00:00,-0.3,-0.1,,-0.4,,97.0,2.8,4.3,276.0,277.0,999.4,25.0,0.0,,100.0
2023-06-22 02:00:00,-0.3,-0.1,,-0.4,,94.0,2.3,4.1,258.0,258.0,999.2,17.0,0.0,,100.0
2023-06-22 03:00:00,-0.3,-0.2,,-0.5,,93.0,2.0,3.8,287.0,265.0,999.0,11.0,0.0,,90.0
2023-06-22 04:00:00,-0.3,-0.2,,-0.4,,92.0,2.0,3.9,251.0,265.0,998.7,12.0,0.0,,90.0
2023-06-22 05:00:00,-0.3,-0.3,,-0.4,,90.0,2.2,3.7,257.0,264.0,998.4,17.0,0.0,,90.0
2023-06-22 06:00:00,-0.3,-0.2,2.3,-0.4,-0.5,90.0,2.2,3.6,240.0,252.0,998.3,22.0,0.0,0.0,90.0
2023-06-22 07:00:00,-0.2,-0.1,,-0.3,,95.0,3.1,4.6,223.0,227.0,998.2,33.0,0.0,,90.0
2023-06-22 08:00:00,-0.1,0.0,,-0.3,,96.0,2.3,3.9,255.0,253.0,998.2,44.0,0.0,,90.0
2023-06-22 09:00:00,-0.2,-0.1,,-0.3,,98.0,1.8,3.3,251.0,256.0,998.4,65.0,0.0,,90.0
2023-06-22 10:00:00,-0.1,0.1,,-0.2,,97.0,1.6,3.3,244.0,254.0,998.4,84.0,0.0,,90.0
2023-06-22 11:00:00,0.2,0.4,,0.0,,94.0,2.0,3.2,229.0,244.0,998.5,140.0,0.0,,90.0
2023-06-22 12:00:00,0.4,0.6,,0.3,,92.0,2.1,3.8,266.0,251.0,998.9,161.0,0.0,,90.0
2023-06-22 13:00:00,0.4,0.6,,0.3,,92.0,2.0,3.5,245.0,257.0,999.2,186.0,0.0,,90.0
2023-06-22 14:00:00,0.7,0.9,,0.5,,91.0,2.2,3.9,254.0,243.0,999.5,215.0,0.0,,90.0
2023-06-22 15:00:00,1.0,1.1,,0.8,,88.0,2.2,4.0,255.0,257.0,999.6,259.0,0.0,,90.0
2023-06-22 16:00:00,1.1,1.3,,0.7,,86.0,2.2,3.9,294.0,273.0,999.5,312.0,0.0,,90.0
2023-06-22 17:00:00,1.0,1.4,,0.6,,88.0,2.2,3.8,329.0,306.0,999.6,342.0,0.0,,90.0
2023-06-22 18:00:00,0.7,1.1,1.4,0.4,-0.3,91.0,2.4,3.6,304.0,326.0,999.7,357.0,0.0,,90.0
2023-06-22 19:00:00,0.9,1.1,,0.7,,89.0,2.3,3.8,281.0,293.0,999.9,251.0,0.0,,90.0
2023-06-22 20:00:00,0.9,1.1,,0.7,,88.0,1.8,3.4,252.0,264.0,1000.4,188.0,0.0,,90.0
2023-06-22 21:00:00,0.7,0.9,,0.5,,90.0,2.6,4.5,247.0,243.0,1000.4,153.0,0.0,,90.0
2023-06-22 22:00:00,0.4,0.6,,0.3,,92.0,2.9,5.3,243.0,258.0,1000.9,121.0,0.0,,90.0
2023-06-22 23:00:00,0.6,0.8,,0.4,,91.0,3.1,4.4,213.0,235.0,1001.2,98.0,0.0,,90.0
2023-06-23 00:00:00,0.8,1.0,,0.6,,90.0,2.7,4.4,181.0,185.0,1001.5,63.0,0.0,,90.0
2023-06-23 01:00:00,0.9,1.1,,0.8,,90.0,3.9,4.8,210.0,195.0,1001.9,45.0,0.0,,90.0
2023-06-23 02:00:00,1.1,1.2,,1.0,,87.0,2.0,3.6,205.0,211.0,1001.7,31.0,0.0,,90.0
2023-06-23 03:00:00,1.2,1.3,,1.2,,87.0,1.2,2.1,214.0,213.0,1001.7,28.0,0.0,,90.0
2023-06-23 04:00:00,1.0,1.2,,0.7,,91.0,1.4,2.9,209.0,225.0,1001.6,13.0,0.0,,90.0
2023-06-23 05:00:00,0.8,0.9,,0.7,,92.0,1.2,2.2,194.0,199.0,1001.7,22.0,0.0,,90.0
2023-06-23 06:00:00,0.9,1.1,1.3,0.8,0.3,92.0,1.3,2.2,121.0,142.0,1002.1,26.0,0.0,0.0,90.0
2023-06-23 07:00:00,1.1,1.2,,1.0,,93.0,2.0,3.4,97.0,110.0,1002.4,43.0,0.0,,90.0
2023-06-23 08:00:00,1.5,1.9,,1.2,,90.0,3.0,5.6,131.0,129.0,1002.6,35.0,0.0,,100.0
2023-06-23 09:00:00,2.2,2.6,,1.9,,84.0,4.3,6.2,155.0,143.0,1002.9,160.0,0.0,,100.0
2023-06-23 10:00:00,1.4,2.6,,0.9,,93.0,4.2,6.6,187.0,193.0,1003.2,138.0,0.3,,100.0
2023-06-23 11:00:00,1.6,2.1,,1.0,,94.0,2.9,4.6,179.0,186.0,1003.4,225.0,0.0,,100.0
2023-06-23 12:00:00,2.4,3.0,,2.0,,85.0,3.5,7.1,198.0,186.0,1003.7,328.0,0.0,,90.0
2023-06-23 13:00:00,2.7,3.1,,2.2,,86.0,3.6,5.5,214.0,205.0,1004.0,377.0,0.0,,90.0
2023-06-23 14:00:00,2.5,2.9,,2.1,,85.0,2.4,4.5,265.0,240.0,1004.5,271.0,0.0,,90.0
2023-06-23 15:00:00,2.5,3.1,,2.1,,86.0,2.0,4.5,258.0,253.0,1004.7,370.0,0.0,,100.0
2023-06-23 16:00:00,2.6,3.1,,2.2,,83.0,2.2,5.0,265.0,247.0,1004.7,434.0,0.0,,100.0
2023-06-23 17:00:00,2.3,2.8,,2.0,,82.0,2.6,4.8,271.0,266.0,1005.0,357.0,0.0,,100.0
2023-06-23 18:00:00,2.2,2.6,3.1,1.9,0.9,82.0,2.4,4.3,257.0,260.0,1005.1,363.0,0.0,,100.0
2023-06-23 19:00:00,2.3,2.5,,1.9,,82.0,2.4,4.3,263.0,258.0,1005.3,423.0,0.0,,100.0
2023-06-23 20:00:00,2.2,2.5,,1.8,,80.0,2.5,4.3,271.0,276.0,1005.6,340.0,0.0,,100.0
2023-06-23 21:00:00,1.7,2.0,,1.3,,84.0,2.3,4.3,315.0,301.0,1005.6,385.0,0.0,,90.0
2023-06-23 22:00:00,1.4,2.0,,1.1,,86.0,2.0,3.3,286.0,311.0,1005.9,398.0,0.0,,10.0
2023-06-23 23:00:00,1.0,1.2,,0.7,,88.0,1.6,3.9,324.0,310.0,1005.9,293.0,0.0,,10.0
2023-06-24 00:00:00,1.0,1.4,,0.7,,86.0,1.1,2.1,310.0,336.0,1005.9,194.0,0.0,,0.0
2023-06-24 01:00:00,0.5,0.9,,0.3,,88.0,1.3,2.6,341.0,323.0,1005.9,101.0,0.0,,0.0
2023-06-24 02:00:00,0.0,0.3,,-0.4,,92.0,1.5,2.5,20.0,7.0,1006.0,56.0,0.0,,40.0
2023-06-24 03:00:00,-0.7,-0.4,,-1.0,,97.0,1.6,2.6,26.0,28.0,1005.7,29.0,0.0,,40.0
2023-06-24 04:00:00,-0.8,-0.6,,-0.9,,97.0,1.2,2.0,11.0,16.0,1005.3,27.0,0.0,,40.0
2023-06-24 05:00:00,-0.8,-0.5,,-1.0,,98.0,1.3,2.1,5.0,12.0,1005.0,27.0,0.0,,60.0
2023-06-24 06:00:00,-0.6,-0.5,2.5,-0.7,-1.0,97.0,0.3,1.9,0.0,28.0,1005.0,29.0,0.0,0.3,0.0
2023-06-24 07:00:00,-0.1,0.8,,-0.7,,92.0,0.0,0.8,0.0,0.0,1004.9,71.0,0.0,,10.0
2023-06-24 08:00:00,0.3,0.6,,0.1,,92.0,0.4,2.1,315.0,327.0,1004.6,97.0,0.0,,40.0
2023-06-24 09:00:00,0.4,0.9,,0.1,,91.0,0.7,2.0,341.0,301.0,1004.2,155.0,0.0,,100.0
2023-06-24 10:00:00,1.2,1.9,,0.5,,84.0,0.5,2.1,292.0,319.0,1004.0,293.0,0.0,,10.0
2023-06-24 11:00:00,2.1,2.5,,1.7,,80.0,1.5,2.9,289.0,288.0,1004.1,416.0,0.0,,0.0
2023-06-24 12:00:00,2.5,3.0,,2.2,,81.0,1.0,2.9,332.0,327.0,1004.3,510.0,0.0,,0.0
2023-06-24 13:00:00,3.4,3.9,,2.8,,74.0,0.3,1.9,347.0,344.0,1004.1,519.0,0.0,,60.0
2023-06-24 14:00:00,3.9,4.3,,3.5,,75.0,1.5,3.3,292.0,305.0,1003.7,406.0,0.0,,90.0
2023-06-24 15:00:00,4.1,4.4,,3.9,,74.0,1.8,3.9,312.0,301.0,1003.6,532.0,0.0,,90.0
2023-06-24 16:00:00,5.0,5.6,,4.5,,70.0,1.4,2.9,345.0,332.0,1003.6,682.0,0.0,,90.0
2023-06-24 17:00:00,5.6,6.0,,5.5,,66.0,1.4,2.9,301.0,325.0,1003.6,685.0,0.0,,90.0
2023-06-24 18:00:00,6.2,6.5,6.5,5.8,-0.7,61.0,1.3,3.9,288.0,299.0,1003.5,649.0,0.0,,10.0
2023-06-24 19:00:00,5.4,6.4,,4.2,,66.0,3.1,5.4,286.0,285.0,1003.5,624.0,0.0,,60.0
2023-06-24 20:00:00,4.2,4.5,,3.8,,76.0,3.1,5.6,293.0,291.0,1003.6,565.0,0.0,,40.0
2023-06-24 21:00:00,3.8,4.0,,3.5,,79.0,2.5,4.1,277.0,286.0,1003.9,414.0,0.0,,90.0
2023-06-24 22:00:00,3.7,4.1,,3.2,,78.0,2.4,4.0,258.0,266.0,1004.3,353.0,0.0,,90.0
2023-06-24 23:00:00,3.4,3.8,,3.0,,78.0,2.4,4.7,270.0,255.0,1004.4,302.0,0.0,,100.0
2023-06-25 00:00:00,2.3,3.2,,1.8,,84.0,2.6,5.0,255.0,261.0,1004.9,114.0,0.0,,10.0
2023-06-25 01:00:00,2.1,2.3,,1.8,,85.0,3.2,4.9,230.0,217.0,1005.1,105.0,0.0,,0.0
2023-06-25 02:00:00,1.7,1.9,,1.5,,87.0,3.2,4.7,201.0,223.0,1005.5,65.0,0.0,,90.0
2023-06-25 03:00:00,1.3,1.5,,1.0,,90.0,4.1,5.3,212.0,207.0,1005.7,34.0,0.0,,60.0
2023-06-25 04:00:00,0.9,1.0,,0.7,,93.0,4.2,5.9,195.0,198.0,1006.1,21.0,0.0,,90.0
2023-06-25 05:00:00,0.4,0.8,,0.1,,96.0,3.4,4.6,203.0,207.0,1006.3,24.0,0.0,,90.0
2023-06-25 06:00:00,-0.1,0.2,6.4,-0.2,-0.2,98.0,3.2,4.5,195.0,199.0,1006.6,29.0,0.0,0.0,100.0
2023-06-25 07:00:00,-0.1,0.1,,-0.3,,98.0,2.8,4.1,199.0,196.0,1007.0,39.0,0.0,,100.0
2023-06-25 08:00:00,0.1,0.3,,0.0,,98.0,2.5,4.0,189.0,190.0,1007.4,79.0,0.0,,90.0
2023-06-25 09:00:00,0.5,0.7,,0.2,,97.0,2.5,3.3,182.0,189.0,1007.9,155.0,0.0,,90.0
2023-06-25 10:00:00,1.8,2.8,,0.6,,91.0,2.1,3.4,199.0,194.0,1008.0,368.0,0.0,,90.0
2023-06-25 11:00:00,3.4,4.2,,2.8,,84.0,1.4,2.9,333.0,241.0,1008.4,423.0,0.0,,0.0
2023-06-25 12:00:00,3.3,4.0,,2.6,,83.0,1.6,3.0,5.0,0.0,1008.6,507.0,0.0,,0.0
2023-06-25 13:00:00,3.2,3.7,,2.7,,85.0,1.3,2.6,342.0,351.0,1008.9,594.0,0.0,,0.0
2023-06-25 14:00:00,3.4,4.0,,2.9,,83.0,1.4,3.1,339.0,337.0,1009.1,625.0,0.0,,0.0
2023-06-25 15:00:00,3.3,3.8,,2.7,,83.0,1.6,3.3,299.0,312.0,1009.4,704.0,0.0,,0.0
2023-06-25 16:00:00,2.5,3.0,,2.0,,85.0,2.4,4.0,304.0,289.0,1009.2,651.0,0.0,,10.0
2023-06-25 17:00:00,3.0,3.8,,2.3,,83.0,1.5,2.9,315.0,337.0,1009.2,725.0,0.0,,0.0
2023-06-25 18:00:00,3.8,4.2,4.2,3.6,-0.3,79.0,1.8,3.7,295.0,297.0,1009.1,699.0,0.0,,0.0
2023-06-25 19:00:00,4.1,4.3,,3.6,,77.0,1.8,3.1,8.0,347.0,1009.1,646.0,0.0,,0.0
2023-06-25 20:00:00,4.5,5.0,,4.1,,75.0,2.0,3.3,341.0,336.0,1009.1,566.0,0.0,,0.0
2023-06-25 21:00:00,4.9,5.2,,4.8,,73.0,1.9,4.1,12.0,353.0,1009.2,480.0,0.0,,0.0
2023-06-25 22:00:00,4.9,5.3,,4.5,,73.0,3.4,4.8,8.0,11.0,1008.6,384.0,0.0,,
2023-06-25 23:00:00,4.7,5.3,,4.2,,76.0,3.3,4.3,34.0,28.0,1008.5,286.0,0.0,,0.0
2023-06-26 00:00:00,4.3,4.8,,4.1,,78.0,3.4,4.8,31.0,32.0,1007.8,196.0,0.0,,0.0
2023-06-26 01:00:00,4.8,5.2,,4.5,,76.0,2.7,4.2,32.0,34.0,1007.7,103.0,0.0,,0.0
2023-06-26 02:00:00,4.0,4.8,,3.6,,82.0,1.9,3.2,15.0,18.0,1007.3,55.0,0.0,,0.0
2023-06-26 03:00:00,3.5,3.6,,3.3,,85.0,1.8,2.7,17.0,8.0,1006.6,30.0,0.0,,0.0
2023-06-26 04:00:00,3.6,3.8,,3.5,,82.0,1.9,2.9,19.0,14.0,1006.2,25.0,0.0,,0.0
2023-06-26 05:00:00,3.7,4.1,,3.5,,79.0,1.5,2.7,37.0,25.0,1005.5,28.0,0.0,,0.0
2023-06-26 06:00:00,4.2,4.5,5.3,3.7,3.3,77.0,0.6,2.2,0.0,32.0,1004.9,44.0,0.0,0.0,0.0
2023-06-26 07:00:00,4.2,4.6,,3.9,,77.0,0.6,1.5,0.0,67.0,1004.2,80.0,0.0,,0.0
2023-06-26 08:00:00,4.8,5.4,,4.4,,75.0,0.6,1.5,0.0,86.0,1004.0,143.0,0.0,,0.0
2023-06-26 09:00:00,5.7,6.7,,5.1,,68.0,0.0,1.4,136.0,0.0,1003.3,228.0,0.0,,0.0
2023-06-26 10:00:00,5.6,6.8,,4.9,,67.0,0.7,1.6,7.0,48.0,1003.5,309.0,0.0,,0.0
2023-06-26 11:00:00,5.5,5.8,,5.2,,66.0,1.2,2.5,6.0,4.0,1003.0,413.0,0.0,,0.0
2023-06-26 12:00:00,5.8,6.5,,5.3,,66.0,1.2,2.5,11.0,8.0,1002.4,502.0,0.0,,0.0
2023-06-26 13:00:00,5.5,6.0,,5.0,,73.0,2.0,3.7,340.0,328.0,1002.1,586.0,0.0,,0.0
2023-06-26 14:00:00,5.1,5.5,,4.8,,74.0,2.0,3.2,12.0,1.0,1001.5,633.0,0.0,,0.0
2023-06-26 15:00:00,5.4,6.1,,4.6,,72.0,3.0,4.9,28.0,19.0,1001.0,684.0,0.0,,0.0
2023-06-26 16:00:00,6.5,7.3,,5.4,,67.0,4.5,6.5,48.0,40.0,1000.9,721.0,0.0,,0.0
2023-06-26 17:00:00,7.4,7.8,,7.1,,65.0,4.4,7.0,36.0,43.0,1000.6,718.0,0.0,,0.0
2023-06-26 18:00:00,7.3,7.8,7.8,7.0,3.9,69.0,5.8,8.4,47.0,51.0,1000.3,684.0,0.0,,0.0
2023-06-26 19:00:00,7.1,8.3,,6.2,,76.0,4.2,6.8,17.0,25.0,1000.1,649.0,0.0,,40.0
2023-06-26 20:00:00,6.8,7.4,,6.2,,75.0,5.3,8.5,40.0,38.0,999.8,267.0,0.0,,90.0
2023-06-26 21:00:00,6.6,7.1,,6.0,,74.0,5.7,9.6,54.0,57.0,1000.0,78.0,0.0,,90.0
2023-06-26 22:00:00,6.2,6.8,,5.8,,78.0,4.3,6.6,49.0,53.0,999.9,55.0,0.0,,90.0
2023-06-26 23:00:00,5.5,5.9,,5.2,,86.0,3.6,5.6,45.0,46.0,999.8,26.0,0.3,,100.0
2023-06-27 00:00:00,5.2,5.7,,4.3,,88.0,4.0,6.3,36.0,36.0,999.4,18.0,0.9,,100.0
2023-06-27 01:00:00,5.4,5.7,,4.8,,84.0,2.9,5.4,4.0,22.0,999.1,13.0,0.4,,100.0
2023-06-27 02:00:00,4.9,5.8,,4.5,,90.0,0.7,2.0,114.0,78.0,998.6,8.0,1.3,,100.0
2023-06-27 03:00:00,5.7,6.1,,5.3,,91.0,1.3,4.2,263.0,193.0,998.3,5.0,1.0,,90.0
2023-06-27 04:00:00,4.6,6.1,,3.9,,85.0,6.4,12.1,240.0,242.0,998.6,8.0,0.3,,100.0
2023-06-27 05:00:00,3.8,4.0,,3.5,,88.0,7.0,10.7,221.0,238.0,999.1,9.0,0.2,,100.0
2023-06-27 06:00:00,4.0,4.2,8.3,3.9,3.5,90.0,6.7,9.7,201.0,207.0,999.7,11.0,0.9,5.3,90.0
2023-06-27 07:00:00,4.2,4.8,,3.9,,85.0,5.8,8.8,253.0,216.0,1000.3,17.0,0.0,,100.0
2023-06-27 08:00:00,4.1,4.8,,3.9,,81.0,7.1,10.9,211.0,218.0,1000.9,81.0,0.0,,90.0
2023-06-27 09:00:00,3.8,4.4,,3.5,,85.0,5.9,10.7,204.0,209.0,1001.6,164.0,0.0,,0.0
2023-06-27 10:00:00,4.9,5.3,,4.3,,83.0,5.0,7.6,196.0,196.0,1002.2,309.0,0.0,,10.0
2023-06-27 11:00:00,5.4,5.9,,4.8,,78.0,9.9,14.8,199.0,194.0,1003.5,321.0,0.2,,90.0
2023-06-27 12:00:00,5.7,6.5,,4.8,,76.0,10.5,14.3,196.0,197.0,1004.0,425.0,0.0,,10.0
2023-06-27 13:00:00,6.2,6.6,,5.9,,73.0,11.7,16.3,199.0,197.0,1004.7,410.0,0.0,,90.0
2023-06-27 14:00:00,6.8,7.1,,6.4,,69.0,12.5,18.2,201.0,198.0,1005.6,639.0,0.1,,10.0
2023-06-27 15:00:00,6.6,7.1,,6.4,,68.0,13.3,18.1,204.0,203.0,1005.9,585.0,0.0,,90.0
2023-06-27 16:00:00,6.4,6.7,,5.9,,68.0,11.6,15.2,201.0,202.0,1006.3,310.0,0.0,,90.0
2023-06-27 17:00:00,5.7,6.0,,5.4,,73.0,8.6,14.3,194.0,195.0,1006.4,151.0,0.0,,90.0
2023-06-27 18:00:00,6.2,6.5,7.1,5.9,3.5,72.0,7.8,10.7,207.0,201.0,1006.6,173.0,0.0,,90.0
2023-06-27 19:00:00,5.6,6.1,,5.0,,79.0,5.0,7.7,240.0,237.0,1006.7,167.0,0.0,,90.0
2023-06-27 20:00:00,4.9,5.1,,4.7,,84.0,3.7,7.2,254.0,223.0,1007.0,173.0,0.0,,100.0
2023-06-27 21:00:00,4.3,4.8,,4.0,,86.0,1.2,3.8,0.0,359.0,1007.1,70.0,0.0,,
2023-06-27 22:00:00,4.9,5.3,,4.6,,84.0,0.7,1.9,0.0,301.0,1007.1,78.0,0.0,,100.0
2023-06-27 23:00:00,4.6,5.3,,3.6,,85.0,0.6,3.3,344.0,10.0,1007.3,42.0,0.0,,100.0
2023-06-28 00:00:00,3.9,4.7,,3.3,,90.0,0.4,2.6,222.0,269.0,1007.4,23.0,0.3,,90.0
2023-06-28 01:00:00,3.7,4.8,,3.3,,95.0,0.9,3.1,0.0,257.0,1007.4,21.0,0.5,,90.0
2023-06-28 02:00:00,3.3,3.7,,3.0,,96.0,0.0,1.8,173.0,0.0,1007.4,16.0,0.1,,90.0
2023-06-28 03:00:00,3.6,3.7,,3.5,,95.0,1.2,2.8,182.0,178.0,1007.4,7.0,0.0,,90.0
2023-06-28 04:00:00,3.7,3.9,,3.6,,94.0,1.3,2.4,139.0,155.0,1007.5,8.0,0.0,,90.0
2023-06-28 05:00:00,3.9,4.0,,3.7,,94.0,1.8,3.9,135.0,132.0,1007.8,7.0,0.0,,90.0
2023-06-28 06:00:00,4.1,4.3,6.1,3.8,3.0,90.0,2.7,4.3,138.0,144.0,1008.1,15.0,0.0,1.2,90.0
2023-06-28 07:00:00,4.5,4.8,,4.1,,86.0,2.0,3.1,139.0,149.0,1008.4,35.0,0.0,,90.0
2023-06-28 08:00:00,4.6,4.8,,4.5,,88.0,2.5,3.9,84.0,87.0,1008.5,60.0,0.0,,60.0
2023-06-28 09:00:00,4.9,5.2,,4.5,,87.0,3.3,4.4,117.0,99.0,1008.9,111.0,0.0,,60.0
2023-06-28 10:00:00,5.4,5.7,,5.2,,86.0,1.0,3.0,219.0,201.0,1009.3,189.0,0.0,,90.0
2023-06-28 11:00:00,5.3,5.6,,5.1,,88.0,2.1,4.1,252.0,247.0,1009.6,312.0,0.0,,90.0
2023-06-28 12:00:00,5.7,6.3,,5.2,,85.0,0.8,2.6,0.0,243.0,1009.4,313.0,0.0,,90.0
2023-06-28 13:00:00,5.0,6.4,,4.6,,85.0,2.0,5.3,34.0,16.0,1009.3,331.0,0.0,,90.0
2023-06-28 14:00:00,4.3,4.8,,4.0,,88.0,4.7,6.8,36.0,34.0,1009.3,411.0,0.0,,90.0
2023-06-28 15:00:00,4.9,5.3,,4.6,,86.0,5.0,7.4,28.0,31.0,1008.6,552.0,0.0,,90.0
2023-06-28 16:00:00,4.9,6.1,,4.0,,88.0,3.9,5.7,47.0,29.0,1008.0,388.0,0.0,,90.0
2023-06-28 17:00:00,6.6,6.9,,6.1,,81.0,5.0,8.2,42.0,51.0,1007.3,397.0,0.0,,90.0
2023-06-28 18:00:00,5.5,6.4,6.9,4.7,4.0,83.0,5.4,7.7,33.0,32.0,1006.5,507.0,0.0,,60.0
2023-06-28 19:00:00,5.7,6.1,,5.4,,80.0,6.1,8.4,48.0,40.0,1005.6,329.0,0.0,,90.0
2023-06-28 20:00:00,5.9,6.6,,5.5,,79.0,6.2,9.5,46.0,49.0,1004.8,286.0,0.0,,90.0
2023-06-28 21:00:00,6.2,6.8,,5.3,,76.0,7.6,10.8,58.0,55.0,1004.3,276.0,0.0,,90.0
2023-06-28 22:00:00,5.7,6.2,,5.3,,79.0,7.2,11.1,65.0,57.0,1003.9,191.0,0.0,,90.0
2023-06-28 23:00:00,6.1,6.5,,5.5,,74.0,4.2,8.3,142.0,132.0,1003.8,112.0,0.0,,90.0
2023-06-29 00:00:00,5.4,6.4,,4.7,,80.0,2.3,3.9,271.0,253.0,1003.5,62.0,0.0,,90.0
2023-06-29 01:00:00,4.4,4.9,,4.1,,87.0,1.5,3.3,268.0,283.0,1003.1,35.0,0.0,,90.0
2023-06-29 02:00:00,4.7,4.8,,4.5,,88.0,0.4,1.8,193.0,254.0,1002.7,8.0,0.0,,90.0
2023-06-29 03:00:00,4.9,5.3,,4.6,,88.0,0.5,1.2,118.0,109.0,1002.4,10.0,0.1,,90.0
2023-06-29 04:00:00,4.9,5.2,,4.6,,89.0,1.0,8.6,213.0,77.0,1002.5,6.0,0.4,,90.0
2023-06-29 05:00:00,4.5,4.7,,4.4,,91.0,4.0,7.4,228.0,220.0,1002.2,7.0,0.0,,100.0
2023-06-29 06:00:00,4.6,4.7,6.8,4.4,4.1,88.0,2.5,4.8,249.0,253.0,1002.2,11.0,0.0,0.5,100.0
2023-06-29 07:00:00,4.3,4.5,,4.0,,89.0,3.8,6.1,218.0,225.0,1002.3,16.0,0.0,,100.0
2023-06-29 08:00:00,3.8,4.0,,3.6,,91.0,3.6,6.1,238.0,223.0,1002.5,18.0,0.0,,100.0
2023-06-29 09:00:00,3.2,3.6,,2.8,,94.0,3.1,5.6,241.0,245.0,1002.8,19.0,0.0,,100.0
2023-06-29 10:00:00,2.7,2.9,,2.5,,96.0,3.0,5.2,264.0,246.0,1003.1,38.0,0.2,,90.0
2023-06-29 11:00:00,2.2,2.6,,2.0,,97.0,2.2,3.7,262.0,258.0,1003.5,58.0,0.5,,100.0
2023-06-29 12:00:00,2.2,2.3,,2.0,,98.0,1.5,2.5,326.0,290.0,1003.4,125.0,0.2,,
2023-06-29 13:00:00,2.1,2.8,,1.9,,98.0,0.6,1.8,0.0,13.0,1003.6,127.0,0.0,,90.0
2023-06-29 14:00:00,2.4,2.9,,2.0,,98.0,0.9,2.2,10.0,20.0,1003.6,189.0,0.0,,90.0
2023-06-29 15:00:00,3.0,3.2,,2.7,,96.0,1.0,2.4,6.0,7.0,1003.5,338.0,0.0,,90.0
2023-06-29 16:00:00,3.2,3.8,,2.7,,94.0,1.9,2.7,10.0,8.0,1003.7,318.0,0.0,,100.0
2023-06-29 17:00:00,3.2,3.4,,2.9,,93.0,2.2,3.2,8.0,7.0,1004.0,246.0,0.0,,90.0
2023-06-29 18:00:00,3.9,4.5,4.5,3.3,1.9,90.0,2.2,3.3,20.0,13.0,1004.2,404.0,0.0,,90.0
2023-06-29 19:00:00,4.2,4.8,,3.7,,89.0,2.2,3.3,8.0,12.0,1004.7,339.0,0.0,,90.0
2023-06-29 20:00:00,4.6,5.9,,4.0,,88.0,2.0,3.0,56.0,20.0,1005.0,357.0,0.0,,100.0
2023-06-29 21:00:00,5.9,6.3,,5.3,,81.0,1.4,3.1,357.0,38.0,1005.4,469.0,0.0,,90.0
2023-06-29 22:00:00,5.4,6.0,,4.8,,82.0,1.1,2.4,337.0,0.0,1005.9,358.0,0.0,,0.0
2023-06-29 23:00:00,5.5,6.6,,4.9,,79.0,0.9,2.3,311.0,348.0,1006.6,289.0,0.0,,0.0
2023-06-30 00:00:00,5.8,6.7,,4.3,,72.0,1.7,3.9,318.0,266.0,1007.1,197.0,0.0,,0.0
2023-06-30 01:00:00,4.5,5.2,,3.2,,80.0,2.2,5.6,276.0,261.0,1007.8,114.0,0.0,,0.0
2023-06-30 02:00:00,3.0,3.5,,2.6,,89.0,2.7,5.5,274.0,268.0,1008.5,54.0,0.0,,0.0
2023-06-30 03:00:00,2.6,2.7,,2.5,,90.0,4.4,7.2,225.0,226.0,1009.3,27.0,0.0,,60.0
2023-06-30 04:00:00,2.9,3.0,,2.7,,91.0,4.2,5.6,203.0,206.0,1009.9,14.0,0.0,,90.0
2023-06-30 05:00:00,3.1,3.4,,3.0,,90.0,4.4,7.1,202.0,204.0,1010.4,10.0,0.0,,90.0
2023-06-30 06:00:00,3.2,3.3,6.7,3.2,2.5,89.0,5.8,7.9,196.0,203.0,1011.1,14.0,0.0,0.9,100.0
2023-06-30 07:00:00,3.4,3.5,,3.3,,88.0,5.9,8.2,192.0,192.0,1011.6,26.0,0.0,,100.0
2023-06-30 08:00:00,3.4,3.7,,3.3,,88.0,5.2,8.5,201.0,193.0,1012.1,47.0,0.1,,90.0
2023-06-30 09:00:00,3.6,3.7,,3.1,,86.0,5.1,9.0,243.0,213.0,1013.0,87.0,0.0,,100.0
2023-06-30 10:00:00,3.0,3.2,,2.9,,89.0,4.7,6.8,213.0,215.0,1013.7,110.0,0.0,,90.0
2023-06-30 11:00:00,2.8,3.0,,2.7,,85.0,3.5,5.5,214.0,215.0,1014.2,147.0,0.0,,100.0
2023-06-30 12:00:00,3.1,3.4,,2.4,,82.0,3.2,5.6,193.0,202.0,1014.7,162.0,0.0,,100.0
2023-06-30 13:00:00,2.7,3.2,,2.4,,86.0,2.1,3.7,193.0,179.0,1015.1,200.0,0.0,,100.0
2023-06-30 14:00:00,3.6,4.0,,3.1,,81.0,2.0,4.6,247.0,230.0,1015.2,331.0,0.0,,100.0
2023-06-30 15:00:00,4.3,4.6,,4.0,,73.0,2.0,4.3,288.0,243.0,1015.4,471.0,0.0,,100.0
2023-06-30 16:00:00,3.9,4.6,,3.7,,76.0,2.4,3.9,308.0,306.0,1015.6,368.0,0.0,,90.0
2023-06-30 17:00:00,3.7,4.1,,3.5,,74.0,2.2,3.2,331.0,334.0,1015.8,418.0,0.0,,90.0
2023-06-30 18:00:00,3.5,4.0,4.6,3.2,2.4,80.0,2.6,4.1,14.0,6.0,1016.0,374.0,0.0,,100.0
2023-06-30 19:00:00,3.7,4.0,,3.5,,76.0,3.1,4.5,12.0,10.0,1016.1,660.0,0.0,,60.0
2023-06-30 20:00:00,3.8,4.2,,3.6,,73.0,3.3,4.6,6.0,12.0,1016.3,536.0,0.0,,0.0
2023-06-30 21:00:00,4.0,4.6,,3.6,,75.0,3.4,4.9,7.0,13.0,1016.7,492.0,0.0,,0.0
2023-06-30 22:00:00,4.4,4.7,,3.9,,73.0,3.2,4.5,33.0,23.0,1016.7,394.0,0.0,,0.0
2023-06-30 23:00:00,4.9,5.4,,4.5,,68.0,3.2,4.4,35.0,33.0,1017.0,286.0,0.0,,0.0
2023-07-01 00:00:00,4.4,5.0,,4.0,,71.0,2.5,4.3,8.0,20.0,1017.2,195.0,0.0,,0.0
2023-07-01 01:00:00,4.1,4.4,,3.8,,75.0,2.5,3.9,12.0,26.0,1017.5,104.0,0.0,,0.0
2023-07-01 02:00:00,3.7,3.9,,3.6,,81.0,1.9,3.2,24.0,20.0,1017.7,52.0,0.0,,0.0
2023-07-01 03:00:00,3.2,3.6,,3.0,,85.0,1.1,2.4,0.0,19.0,1018.1,17.0,0.0,,60.0
2023-07-01 04:00:00,3.1,3.2,,3.0,,87.0,0.4,1.0,0.0,339.0,1018.3,8.0,0.0,,100.0
2023-07-01 05:00:00,3.5,3.7,,3.2,,83.0,0.0,0.9,331.0,0.0,1018.5,9.0,0.0,,100.0
2023-07-01 06:00:00,3.7,4.1,5.4,3.0,3.0,79.0,0.8,4.0,277.0,309.0,1018.8,13.0,0.0,0.1,100.0
2023-07-01 07:00:00,3.0,3.1,,2.9,,85.0,2.3,3.9,277.0,276.0,1019.0,26.0,0.0,,100.0
2023-07-01 08:00:00,3.0,3.1,,2.9,,89.0,2.4,4.1,276.0,277.0,1019.2,61.0,0.0,,100.0
2023-07-01 09:00:00,3.2,3.3,,3.0,,89.0,2.5,4.4,276.0,274.0,1019.3,96.0,0.0,,100.0
2023-07-01 10:00:00,3.5,3.7,,3.2,,87.0,2.2,4.0,297.0,293.0,1019.3,162.0,0.0,,100.0
2023-07-01 11:00:00,3.8,4.3,,3.6,,84.0,2.2,3.9,306.0,311.0,1019.3,227.0,0.0,,100.0
2023-07-01 12:00:00,4.3,4.5,,4.2,,82.0,2.5,4.2,295.0,295.0,1019.1,304.0,0.0,,100.0
2023-07-01 13:00:00,4.5,4.7,,4.3,,80.0,2.5,4.2,299.0,295.0,1019.1,381.0,0.0,,100.0
2023-07-01 14:00:00,4.7,5.0,,4.4,,78.0,2.8,4.6,290.0,292.0,1018.8,390.0,0.0,,100.0
2023-07-01 15:00:00,4.9,5.4,,4.5,,74.0,2.8,4.9,300.0,294.0,1018.5,454.0,0.0,,100.0
2023-07-01 16:00:00,5.0,5.3,,4.7,,73.0,3.0,5.4,295.0,294.0,1018.4,560.0,0.0,,90.0
2023-07-01 17:00:00,4.8,5.1,,4.6,,77.0,3.1,5.3,303.0,303.0,1018.2,560.0,0.0,,60.0
2023-07-01 18:00:00,4.8,5.1,5.4,4.4,2.9,78.0,3.7,5.7,309.0,304.0,1018.2,679.0,0.0,,0.0
2023-07-01 19:00:00,5.0,5.4,,4.7,,75.0,3.7,5.6,292.0,297.0,1018.4,640.0,0.0,,0.0
2023-07-01 20:00:00,4.7,5.1,,4.3,,76.0,3.0,5.6,284.0,285.0,1018.7,561.0,0.0,,0.0
2023-07-01 21:00:00,4.7,4.9,,4.3,,75.0,2.6,4.7,300.0,295.0,1018.9,477.0,0.0,,0.0
2023-07-01 22:00:00,4.8,5.2,,4.4,,77.0,1.8,3.8,307.0,298.0,1019.1,379.0,0.0,,0.0
2023-07-01 23:00:00,5.0,5.4,,4.7,,77.0,1.0,2.3,325.0,325.0,1019.4,280.0,0.0,,0.0
2023-07-02 00:00:00,5.1,5.4,,4.7,,77.0,1.2,2.4,314.0,320.0,1019.6,191.0,0.0,,0.0
2023-07-02 01:00:00,4.7,5.3,,4.5,,81.0,1.4,2.5,314.0,308.0,1020.0,102.0,0.0,,0.0
2023-07-02 02:00:00,4.1,4.5,,3.8,,84.0,1.5,3.4,15.0,352.0,1020.4,51.0,0.0,,0.0
2023-07-02 03:00:00,3.5,3.9,,3.4,,88.0,2.2,3.8,18.0,10.0,1020.5,27.0,0.0,,0.0
2023-07-02 04:00:00,3.5,3.6,,3.5,,92.0,1.8,3.0,12.0,14.0,1020.4,22.0,0.0,,0.0
2023-07-02 05:00:00,3.6,4.1,,3.4,,92.0,1.8,2.6,36.0,15.0,1020.5,27.0,0.0,,0.0
2023-07-02 06:00:00,4.0,4.2,5.4,3.8,3.4,90.0,1.4,2.7,40.0,24.0,1020.7,43.0,0.0,0.0,0.0
2023-07-02 07:00:00,4.3,4.4,,4.1,,88.0,1.6,4.1,19.0,31.0,1020.5,77.0,0.0,,0.0
2023-07-02 08:00:00,4.5,5.0,,4.2,,87.0,3.0,5.3,34.0,30.0,1020.4,136.0,0.0,,0.0
2023-07-02 09:00:00,5.1,5.2,,4.9,,84.0,5.4,8.7,39.0,40.0,1020.1,216.0,0.0,,0.0
2023-07-02 10:00:00,5.3,5.7,,5.0,,84.0,4.9,7.9,51.0,46.0,1020.3,311.0,0.0,,0.0
2023-07-02 11:00:00,6.2,6.9,,5.5,,81.0,3.5,5.3,58.0,54.0,1020.2,408.0,0.0,,10.0
2023-07-02 12:00:00,6.7,7.0,,6.4,,78.0,4.8,6.4,47.0,50.0,1020.3,500.0,0.0,,0.0
2023-07-02 13:00:00,7.0,7.5,,6.4,,76.0,5.6,8.1,53.0,47.0,1020.3,586.0,0.0,,0.0
2023-07-02 14:00:00,7.3,7.8,,7.0,,71.0,6.1,8.5,46.0,48.0,1020.3,656.0,0.0,,0.0
2023-07-02 15:00:00,8.2,9.4,,7.6,,63.0,6.3,8.3,53.0,52.0,1020.2,705.0,0.0,,0.0
2023-07-02 16:00:00,9.6,10.3,,9.2,,57.0,5.5,8.1,54.0,56.0,1020.0,728.0,0.0,,0.0
2023-07-02 17:00:00,9.6,10.2,,8.8,,58.0,6.0,8.9,38.0,51.0,1020.1,727.0,0.0,,0.0
2023-07-02 18:00:00,9.5,10.1,10.3,8.5,4.1,60.0,6.9,10.9,30.0,44.0,1019.7,702.0,0.0,,0.0
2023-07-02 19:00:00,9.2,9.5,,8.6,,61.0,7.4,10.8,49.0,44.0,1019.6,652.0,0.0,,0.0
2023-07-02 20:00:00,8.8,9.6,,8.2,,62.0,7.2,10.2,52.0,48.0,1019.2,571.0,0.0,,0.0
2023-07-02 21:00:00,9.7,11.3,,8.9,,61.0,5.8,9.2,59.0,49.0,1018.8,486.0,0.0,,0.0
2023-07-02 22:00:00,12.4,13.2,,11.3,,48.0,4.4,7.7,65.0,64.0,1018.8,378.0,0.0,,0.0
2023-07-02 23:00:00,12.4,13.1,,11.1,,46.0,4.0,6.5,62.0,60.0,1018.4,287.0,0.0,,0.0
2023-07-03 00:00:00,9.6,12.6,,7.4,,57.0,3.9,6.5,62.0,48.0,1018.3,197.0,0.0,,0.0
2023-07-03 01:00:00,10.9,11.5,,10.2,,52.0,3.1,5.7,75.0,69.0,1018.4,115.0,0.0,,0.0
2023-07-03 02:00:00,8.3,10.2,,6.0,,63.0,2.5,4.2,96.0,60.0,1018.3,39.0,0.0,,10.0
2023-07-03 03:00:00,8.7,9.4,,8.1,,59.0,3.7,4.6,107.0,106.0,1018.3,27.0,0.0,,0.0
2023-07-03 04:00:00,9.6,10.3,,8.6,,49.0,3.5,5.3,152.0,125.0,1018.4,25.0,0.0,,0.0
2023-07-03 05:00:00,9.8,10.8,,8.7,,45.0,4.5,6.4,195.0,167.0,1018.8,27.0,0.0,,0.0
2023-07-03 06:00:00,8.6,9.1,13.2,7.8,6.0,53.0,4.3,8.0,181.0,187.0,1019.2,43.0,0.0,0.0,0.0
2023-07-03 07:00:00,8.3,8.8,,7.2,,56.0,1.5,4.0,359.0,279.0,1019.4,76.0,0.0,,0.0
2023-07-03 08:00:00,7.7,9.0,,7.0,,60.0,0.5,1.4,0.0,347.0,1018.7,127.0,0.0,,0.0
2023-07-03 09:00:00,9.1,9.8,,8.7,,55.0,0.8,2.9,0.0,28.0,1018.0,221.0,0.0,,0.0
2023-07-03 10:00:00,10.2,10.6,,9.7,,51.0,1.6,3.5,132.0,91.0,1017.7,289.0,0.0,,0.0
2023-07-03 11:00:00,11.0,11.4,,10.2,,47.0,3.0,5.3,119.0,116.0,1017.5,391.0,0.0,,0.0
2023-07-03 12:00:00,11.4,11.8,,11.0,,44.0,3.7,5.5,150.0,148.0,1017.7,299.0,0.0,,90.0
2023-07-03 13:00:00,10.7,11.4,,8.4,,49.0,1.6,3.2,0.0,147.0,1017.9,159.0,0.0,,100.0
2023-07-03 14:00:00,10.3,11.4,,8.5,,59.0,1.9,4.0,100.0,83.0,1018.0,157.0,0.1,,90.0
2023-07-03 15:00:00,10.8,11.1,,10.1,,59.0,2.9,5.0,157.0,132.0,1018.3,112.0,0.3,,100.0
2023-07-03 16:00:00,9.1,10.2,,7.3,,75.0,0.6,2.6,0.0,268.0,1018.4,97.0,0.2,,90.0
2023-07-03 17:00:00,7.3,8.3,,6.6,,84.0,0.6,1.9,14.0,13.0,1018.2,86.0,0.0,,100.0
2023-07-03 18:00:00,6.7,7.7,11.8,6.1,6.1,88.0,1.5,2.6,19.0,25.0,1018.4,92.0,0.6,,100.0
2023-07-03 19:00:00,6.4,7.1,,5.8,,91.0,1.1,2.0,18.0,17.0,1018.7,154.0,0.9,,100.0
2023-07-03 20:00:00,6.8,6.9,,6.6,,91.0,1.8,2.9,13.0,12.0,1018.9,118.0,1.0,,90.0
2023-07-03 21:00:00,6.4,6.8,,5.9,,94.0,1.6,2.8,14.0,15.0,1019.0,133.0,0.7,,90.0
2023-07-03 22:00:00,5.4,5.8,,5.2,,97.0,1.4,2.9,13.0,14.0,1019.0,73.0,0.4,,90.0
2023-07-03 23:00:00,5.5,5.7,,5.3,,95.0,1.9,4.0,297.0,1.0,1019.5,57.0,0.1,,90.0
2023-07-04 00:00:00,5.3,6.0,,4.6,,96.0,3.1,6.1,291.0,295.0,1019.7,20.0,1.5,,
2023-07-04 01:00:00,4.7,4.9,,4.5,,98.0,3.3,6.9,291.0,298.0,1020.0,20.0,0.3,,90.0
2023-07-04 02:00:00,4.8,4.8,,4.6,,96.0,1.3,3.8,338.0,303.0,1020.1,16.0,0.3,,90.0
2023-07-04 03:00:00,4.6,5.1,,4.4,,97.0,0.5,1.6,0.0,19.0,1019.8,8.0,0.2,,90.0
2023-07-04 04:00:00,5.0,5.3,,4.7,,97.0,1.0,2.5,72.0,64.0,1019.6,5.0,0.3,,90.0
2023-07-04 05:00:00,4.8,4.9,,4.7,,98.0,2.8,4.2,81.0,90.0,1019.4,6.0,0.3,,90.0
2023-07-04 06:00:00,4.9,5.1,7.1,4.8,4.4,98.0,2.4,5.4,62.0,59.0,1019.0,12.0,0.2,7.4,90.0
2023-07-04 07:00:00,4.9,4.9,,4.8,,98.0,4.3,6.5,88.0,90.0,1018.9,10.0,0.7,,90.0
2023-07-04 08:00:00,5.0,5.1,,4.9,,98.0,5.1,7.0,81.0,91.0,1018.5,24.0,0.6,,90.0
2023-07-04 09:00:00,5.1,5.2,,5.0,,98.0,4.7,6.5,86.0,87.0,1018.5,40.0,0.1,,90.0
2023-07-04 10:00:00,5.3,5.6,,5.1,,97.0,4.3,6.0,85.0,87.0,1017.9,84.0,0.2,,90.0
2023-07-04 11:00:00,5.6,5.7,,5.4,,97.0,5.0,7.1,96.0,95.0,1018.0,90.0,0.1,,90.0
2023-07-04 12:00:00,6.1,6.6,,5.6,,96.0,4.2,6.4,80.0,90.0,1017.1,118.0,1.0,,90.0
2023-07-04 13:00:00,6.6,6.9,,6.3,,95.0,4.5,6.8,106.0,92.0,1017.3,167.0,0.4,,90.0
2023-07-04 14:00:00,6.8,7.6,,5.8,,95.0,2.7,6.3,327.0,41.0,1017.8,272.0,0.0,,90.0
2023-07-04 15:00:00,5.7,7.0,,5.1,,96.0,3.8,9.3,258.0,261.0,1018.3,162.0,0.7,,90.0
2023-07-04 16:00:00,5.8,6.1,,5.2,,95.0,5.1,9.1,213.0,227.0,1018.2,136.0,0.0,,90.0
2023-07-04 17:00:00,6.1,6.5,,5.8,,93.0,6.0,8.9,201.0,207.0,1018.4,217.0,0.0,,
2023-07-04 18:00:00,6.6,7.0,7.6,6.4,4.8,90.0,4.6,6.6,197.0,197.0,1018.9,200.0,0.0,,90.0
2023-07-04 19:00:00,7.4,7.9,,6.9,,85.0,4.2,7.3,211.0,216.0,1019.4,337.0,0.0,,90.0
2023-07-04 20:00:00,7.7,8.2,,7.1,,82.0,3.2,6.7,270.0,249.0,1019.7,303.0,0.0,,60.0
2023-07-04 21:00:00,7.5,7.7,,7.3,,82.0,3.7,6.6,229.0,249.0,1020.0,200.0,0.0,,90.0
2023-07-04 22:00:00,6.9,7.7,,6.4,,84.0,3.4,7.7,123.0,208.0,1020.5,92.0,0.0,,90.0
2023-07-04 23:00:00,6.2,6.6,,5.9,,94.0,3.4,5.5,91.0,96.0,1020.4,61.0,0.0,,90.0
2023-07-05 00:00:00,5.9,6.1,,5.8,,97.0,4.0,5.7,74.0,82.0,1020.0,49.0,0.0,,90.0
2023-07-05 01:00:00,5.9,6.1,,5.8,,95.0,4.5,7.5,87.0,83.0,1020.1,50.0,0.0,,90.0
2023-07-05 02:00:00,5.0,5.9,,4.1,,95.0,1.9,6.2,40.0,34.0,1020.0,15.0,0.0,,100.0
2023-07-05 03:00:00,5.7,5.9,,5.0,,94.0,4.6,6.6,67.0,75.0,1020.0,9.0,0.0,,90.0
2023-07-05 04:00:00,5.8,6.0,,5.5,,91.0,4.3,6.6,59.0,61.0,1019.3,6.0,0.0,,90.0
2023-07-05 05:00:00,5.8,6.0,,5.3,,92.0,3.4,6.4,31.0,51.0,1019.5,6.0,0.0,,100.0
2023-07-05 06:00:00,5.4,5.6,8.2,5.0,4.1,95.0,1.8,3.4,19.0,51.0,1018.9,10.0,0.0,3.8,100.0
2023-07-05 07:00:00,5.0,5.6,,4.6,,96.0,1.1,3.2,68.0,64.0,1018.1,33.0,0.0,,90.0
2023-07-05 08:00:00,4.4,5.0,,4.0,,97.0,1.1,2.7,50.0,29.0,1017.4,42.0,0.0,,90.0
2023-07-05 09:00:00,4.9,5.7,,4.3,,98.0,1.0,2.2,96.0,38.0,1016.7,78.0,0.0,,90.0
2023-07-05 10:00:00,4.4,5.7,,3.6,,97.0,0.7,2.0,8.0,23.0,1016.0,48.0,0.0,,90.0
2023-07-05 11:00:00,4.6,4.9,,4.3,,97.0,0.8,2.3,5.0,28.0,1015.3,64.0,0.4,,100.0
2023-07-05 12:00:00,4.5,5.3,,4.1,,98.0,1.5,3.5,62.0,33.0,1014.5,60.0,1.4,,90.0
2023-07-05 13:00:00,5.4,5.8,,4.3,,98.0,1.8,4.0,8.0,58.0,1014.7,59.0,2.3,,100.0
2023-07-05 14:00:00,5.9,6.5,,4.4,,97.0,2.9,5.4,89.0,69.0,1014.2,89.0,0.9,,100.0
2023-07-05 15:00:00,6.4,7.3,,4.8,,96.0,2.9,5.0,100.0,98.0,1013.9,90.0,0.8,,100.0
2023-07-05 16:00:00,6.3,7.2,,4.4,,97.0,3.2,5.5,58.0,65.0,1014.1,78.0,0.5,,100.0
2023-07-05 17:00:00,6.2,6.8,,5.3,,98.0,2.5,5.3,66.0,81.0,1014.5,74.0,1.0,,90.0
2023-07-05 18:00:00,7.4,7.8,7.8,6.0,3.6,98.0,2.9,4.0,96.0,97.0,1014.1,85.0,0.4,,90.0
2023-07-05 19:00:00,7.9,8.2,,7.7,,98.0,2.6,4.8,124.0,107.0,1014.3,61.0,0.9,,90.0
2023-07-05 20:00:00,8.6,8.9,,8.2,,95.0,4.0,6.1,147.0,139.0,1014.7,63.0,0.3,,100.0
2023-07-05 21:00:00,7.4,8.7,,5.6,,96.0,2.3,4.9,293.0,238.0,1015.7,41.0,0.7,,
2023-07-05 22:00:00,6.2,6.4,,5.6,,95.0,6.3,10.7,213.0,226.0,1015.7,30.0,0.4,,90.0
2023-07-05 23:00:00,6.2,6.4,,5.9,,91.0,9.3,14.4,209.0,216.0,1015.8,19.0,0.1,,100.0
2023-07-06 00:00:00,5.9,6.0,,5.8,,93.0,11.2,14.9,209.0,208.0,1016.2,11.0,0.1,,100.0
2023-07-06 01:00:00,5.7,6.0,,5.5,,93.0,9.3,14.2,199.0,202.0,1016.5,8.0,0.0,,100.0
2023-07-06 02:00:00,5.3,5.5,,5.2,,94.0,8.6,11.3,202.0,201.0,1017.1,6.0,0.0,,100.0
2023-07-06 03:00:00,5.1,5.2,,5.1,,95.0,7.3,10.3,197.0,199.0,1017.3,4.0,0.4,,100.0
2023-07-06 04:00:00,5.1,5.2,,5.1,,95.0,6.6,10.3,204.0,196.0,1017.5,3.0,0.4,,100.0
2023-07-06 05:00:00,5.1,5.2,,5.1,,96.0,8.2,11.1,199.0,205.0,1017.7,4.0,0.2,,100.0
2023-07-06 06:00:00,4.9,5.2,8.9,4.7,4.7,96.0,5.7,8.5,194.0,189.0,1017.8,5.0,0.1,11.3,100.0
2023-07-06 07:00:00,5.0,5.1,,4.7,,97.0,5.5,7.2,204.0,201.0,1018.0,11.0,0.2,,100.0
2023-07-06 08:00:00,4.9,5.1,,4.8,,98.0,4.0,5.6,202.0,200.0,1018.6,21.0,0.2,,100.0
2023-07-06 09:00:00,5.0,5.1,,4.9,,98.0,2.1,4.7,161.0,182.0,1018.9,34.0,0.2,,100.0
2023-07-06 10:00:00,5.1,5.3,,4.9,,98.0,2.9,7.3,75.0,85.0,1018.3,49.0,0.2,,
2023-07-06 11:00:00,4.9,5.0,,4.8,,99.0,4.8,7.4,56.0,60.0,1018.6,51.0,0.0,,100.0
2023-07-06 12:00:00,4.9,5.1,,4.8,,99.0,5.2,7.7,54.0,56.0,1018.3,79.0,0.0,,100.0
2023-07-06 13:00:00,5.2,5.4,,4.9,,99.0,5.6,8.4,58.0,57.0,1017.7,80.0,0.0,,90.0
2023-07-06 14:00:00,5.7,6.0,,5.4,,98.0,4.5,8.1,74.0,68.0,1017.9,95.0,0.0,,100.0
2023-07-06 15:00:00,6.5,6.8,,6.0,,94.0,3.8,6.4,57.0,66.0,1016.7,158.0,0.0,,100.0
2023-07-06 16:00:00,6.6,6.8,,6.2,,92.0,5.3,8.1,59.0,59.0,1015.9,151.0,0.0,,100.0
2023-07-06 17:00:00,5.9,6.2,,5.7,,94.0,4.7,7.2,71.0,57.0,1015.9,58.0,0.0,,100.0
2023-07-06 18:00:00,5.9,6.0,6.8,5.7,4.7,95.0,4.4,6.7,50.0,52.0,1015.1,59.0,1.1,,100.0
2023-07-06 19:00:00,5.9,6.4,,5.6,,96.0,4.2,6.4,71.0,68.0,1014.9,52.0,0.9,,100.0
2023-07-06 20:00:00,5.0,6.4,,4.4,,97.0,1.7,4.8,68.0,36.0,1014.3,42.0,1.4,,100.0
2023-07-06 21:00:00,5.7,6.6,,4.7,,98.0,2.2,4.7,27.0,47.0,1013.7,22.0,3.7,,90.0
2023-07-06 22:00:00,6.2,7.5,,4.7,,99.0,3.4,5.7,94.0,83.0,1013.6,8.0,3.9,,100.0
2023-07-06 23:00:00,7.9,8.5,,6.5,,98.0,3.8,5.7,105.0,105.0,1013.1,8.0,2.8,,100.0
2023-07-07 00:00:00,8.5,8.8,,8.2,,97.0,4.5,6.2,123.0,114.0,1013.0,6.0,2.9,,90.0
2023-07-07 01:00:00,8.7,9.1,,8.4,,96.0,3.6,5.3,127.0,115.0,1012.4,7.0,0.2,,100.0
2023-07-07 02:00:00,8.9,9.1,,8.6,,96.0,3.9,5.1,98.0,119.0,1012.2,2.0,2.7,,90.0
2023-07-07 03:00:00,8.8,8.9,,8.5,,95.0,3.5,4.7,94.0,106.0,1011.8,1.0,1.7,,90.0
2023-07-07 04:00:00,8.5,8.8,,8.2,,95.0,4.0,5.7,80.0,88.0,1011.1,2.0,0.3,,100.0
2023-07-07 05:00:00,7.7,8.4,,7.3,,96.0,4.0,6.0,79.0,88.0,1011.5,2.0,0.4,,100.0
2023-07-07 06:00:00,6.3,7.6,9.1,5.2,4.4,97.0,0.6,2.9,0.0,284.0,1011.7,2.0,0.1,22.9,90.0
2023-07-07 07:00:00,5.9,6.8,,4.8,,97.0,0.4,2.5,0.0,293.0,1012.0,4.0,0.9,,90.0
2023-07-07 08:00:00,6.3,7.5,,5.5,,98.0,1.3,3.9,15.0,325.0,1011.9,8.0,2.2,,90.0
2023-07-07 09:00:00,5.5,6.2,,4.7,,99.0,2.9,4.7,12.0,14.0,1012.6,16.0,0.7,,
2023-07-07 10:00:00,4.8,5.0,,4.4,,99.0,2.9,4.6,340.0,0.0,1013.3,30.0,2.2,,
2023-07-07 11:00:00,5.2,5.9,,4.6,,99.0,3.6,8.3,237.0,280.0,1014.1,44.0,1.5,,100.0
2023-07-07 12:00:00,5.5,5.6,,5.3,,89.0,4.7,7.6,200.0,209.0,1014.5,67.0,0.3,,100.0
2023-07-07 13:00:00,5.2,5.3,,5.1,,91.0,5.8,8.4,178.0,188.0,1014.4,68.0,0.7,,90.0
2023-07-07 14:00:00,5.3,5.4,,5.2,,94.0,3.8,5.5,165.0,179.0,1014.5,46.0,2.5,,90.0
2023-07-07 15:00:00,5.3,5.4,,5.2,,96.0,2.9,5.5,216.0,188.0,1014.9,47.0,0.7,,100.0
2023-07-07 16:00:00,5.4,5.6,,5.3,,96.0,2.4,4.3,205.0,222.0,1015.4,55.0,0.2,,100.0
2023-07-07 17:00:00,5.4,5.6,,5.0,,96.0,2.7,5.5,226.0,238.0,1016.1,62.0,0.4,,100.0
2023-07-07 18:00:00,5.5,5.7,7.5,5.3,4.4,97.0,2.5,4.8,200.0,215.0,1016.8,58.0,0.3,,100.0
2023-07-07 19:00:00,5.6,5.8,,5.4,,98.0,3.4,5.4,172.0,179.0,1017.9,75.0,0.5,,90.0
2023-07-07 20:00:00,5.9,6.3,,5.5,,97.0,5.4,11.8,196.0,189.0,1018.6,37.0,0.6,,100.0
2023-07-07 21:00:00,6.0,6.3,,5.8,,90.0,11.4,15.5,197.0,193.0,1019.2,54.0,0.3,,90.0
2023-07-07 22:00:00,5.9,6.0,,5.8,,89.0,10.0,14.4,191.0,193.0,1020.0,64.0,0.0,,100.0
2023-07-07 23:00:00,5.8,6.1,,5.7,,90.0,9.8,16.0,198.0,197.0,1020.7,51.0,0.0,,100.0
2023-07-08 00:00:00,5.6,5.9,,5.4,,91.0,8.2,12.9,210.0,202.0,1022.0,24.0,0.1,,100.0
2023-07-08 01:00:00,4.5,5.4,,4.0,,94.0,3.8,7.3,213.0,226.0,1022.5,7.0,0.0,,100.0
2023-07-08 02:00:00,3.8,4.0,,3.5,,97.0,6.1,10.3,193.0,202.0,1022.4,5.0,0.1,,100.0
2023-07-08 03:00:00,3.9,4.0,,3.9,,98.0,6.4,9.3,185.0,194.0,1023.0,4.0,0.0,,100.0
2023-07-08 04:00:00,4.0,4.1,,3.9,,99.0,4.5,7.8,202.0,198.0,1023.4,4.0,0.0,,100.0
2023-07-08 05:00:00,4.3,4.6,,4.1,,99.0,3.0,5.3,181.0,181.0,1023.6,5.0,0.0,,100.0
2023-07-08 06:00:00,4.6,4.7,6.3,4.5,3.5,99.0,2.1,3.4,197.0,192.0,1023.8,15.0,0.1,14.3,100.0
2023-07-08 07:00:00,4.6,4.9,,4.1,,99.0,0.4,1.8,16.0,158.0,1024.0,19.0,0.0,,90.0
2023-07-08 08:00:00,4.5,4.8,,4.1,,99.0,1.1,2.2,46.0,36.0,1024.0,31.0,0.0,,90.0
2023-07-08 09:00:00,4.8,5.0,,4.5,,99.0,1.6,3.1,42.0,42.0,1024.1,49.0,0.0,,90.0
2023-07-08 10:00:00,5.0,5.1,,4.3,,99.0,2.7,4.5,36.0,41.0,1024.1,53.0,0.0,,
2023-07-08 11:00:00,4.9,5.4,,4.1,,99.0,3.3,4.9,66.0,50.0,1023.5,82.0,0.0,,90.0
2023-07-08 12:00:00,5.9,6.3,,5.4,,97.0,3.6,5.4,50.0,54.0,1023.4,263.0,0.0,,90.0
2023-07-08 13:00:00,5.3,6.2,,4.6,,95.0,3.8,5.8,31.0,31.0,1023.2,347.0,0.0,,
2023-07-08 14:00:00,4.6,4.9,,4.0,,97.0,4.1,6.1,32.0,28.0,1022.7,517.0,0.0,,
2023-07-08 15:00:00,5.6,6.3,,4.8,,94.0,4.7,6.5,29.0,32.0,1022.2,663.0,0.0,,0.0
2023-07-08 16:00:00,6.9,7.9,,5.7,,90.0,4.7,7.0,35.0,33.0,1021.6,683.0,0.0,,0.0
2023-07-08 17:00:00,7.7,8.0,,7.4,,86.0,4.6,6.9,30.0,31.0,1021.1,639.0,0.0,,10.0
2023-07-08 18:00:00,7.1,7.8,8.0,5.6,4.0,87.0,4.3,6.6,12.0,27.0,1021.1,266.0,0.0,,90.0
2023-07-08 19:00:00,5.6,6.1,,5.3,,92.0,2.4,3.8,14.0,13.0,1021.0,135.0,0.0,,90.0
2023-07-08 20:00:00,5.5,6.0,,5.2,,95.0,2.2,3.4,26.0,21.0,1020.8,125.0,0.2,,90.0
2023-07-08 21:00:00,5.7,6.0,,5.4,,95.0,2.4,4.0,22.0,23.0,1020.5,151.0,0.0,,90.0
2023-07-08 22:00:00,5.8,6.0,,5.7,,94.0,1.8,3.7,21.0,11.0,1020.2,147.0,0.0,,90.0
2023-07-08 23:00:00,6.2,6.4,,6.0,,92.0,3.2,4.6,26.0,25.0,1019.7,126.0,0.0,,60.0
2023-07-09 00:00:00,6.1,6.2,,6.0,,91.0,2.7,4.5,27.0,30.0,1019.6,91.0,0.0,,10.0
2023-07-09 01:00:00,5.6,6.1,,5.4,,93.0,0.8,2.5,2.0,12.0,1019.6,46.0,0.0,,90.0
2023-07-09 02:00:00,5.4,5.5,,5.3,,94.0,1.0,3.1,13.0,359.0,1019.5,26.0,0.0,,90.0
2023-07-09 03:00:00,5.7,5.8,,5.4,,91.0,1.5,3.4,0.0,10.0,1019.8,14.0,0.0,,90.0
2023-07-09 04:00:00,5.9,6.1,,5.8,,91.0,0.4,2.0,141.0,78.0,1019.9,6.0,0.0,,90.0
2023-07-09 05:00:00,6.2,6.6,,5.8,,90.0,0.5,1.9,23.0,93.0,1019.8,6.0,0.0,,90.0
2023-07-09 06:00:00,6.3,6.5,6.6,6.0,5.2,90.0,1.1,2.5,107.0,115.0,1020.2,8.0,0.0,0.2,90.0
2023-07-09 07:00:00,6.5,7.0,,6.1,,90.0,0.9,2.7,102.0,134.0,1020.1,17.0,0.0,,90.0
2023-07-09 08:00:00,7.1,7.7,,6.7,,90.0,1.9,4.1,242.0,177.0,1020.7,32.0,0.0,,60.0
2023-07-09 09:00:00,7.4,8.8,,6.4,,90.0,1.0,3.8,222.0,257.0,1021.0,112.0,0.0,,0.0
2023-07-09 10:00:00,8.8,9.4,,7.2,,85.0,1.4,3.6,355.0,231.0,1021.3,234.0,0.0,,90.0
2023-07-09 11:00:00,8.9,10.3,,7.2,,85.0,0.4,1.8,14.0,12.0,1021.4,361.0,0.0,,60.0
2023-07-09 12:00:00,8.5,8.9,,8.0,,86.0,1.6,3.8,17.0,12.0,1021.6,302.0,0.0,,90.0
2023-07-09 13:00:00,8.2,9.3,,7.1,,85.0,2.3,4.8,25.0,22.0,1021.7,374.0,0.0,,100.0
2023-07-09 14:00:00,9.1,9.6,,8.8,,83.0,2.3,4.5,17.0,17.0,1022.1,314.0,0.0,,100.0
2023-07-09 15:00:00,8.5,9.6,,7.4,,84.0,1.0,2.5,26.0,28.0,1022.2,210.0,0.0,,90.0
2023-07-09 16:00:00,6.9,8.3,,5.7,,88.0,1.4,3.1,38.0,26.0,1022.0,294.0,0.0,,90.0
2023-07-09 17:00:00,7.5,8.3,,6.5,,84.0,0.9,2.5,11.0,7.0,1022.2,398.0,0.0,,90.0
2023-07-09 18:00:00,6.8,7.3,10.3,6.3,5.7,85.0,1.4,2.8,3.0,8.0,1022.2,331.0,0.0,,90.0
2023-07-09 19:00:00,7.4,8.5,,6.9,,83.0,1.3,2.8,37.0,18.0,1022.4,232.0,0.0,,90.0
2023-07-09 20:00:00,7.8,9.0,,7.1,,82.0,1.0,2.7,0.0,6.0,1022.7,170.0,0.0,,90.0
2023-07-09 21:00:00,9.4,10.8,,7.5,,81.0,0.4,2.2,0.0,289.0,1023.0,92.0,0.0,,90.0
2023-07-09 22:00:00,9.0,9.8,,8.2,,87.0,0.0,2.1,0.0,0.0,1023.0,96.0,0.0,,90.0
2023-07-09 23:00:00,10.0,10.9,,8.8,,87.0,0.4,2.1,0.0,35.0,1023.2,58.0,0.0,,90.0
2023-07-10 00:00:00,9.5,10.9,,7.8,,87.0,0.0,1.2,0.0,0.0,1023.8,40.0,0.0,,90.0
2023-07-10 01:00:00,9.9,10.9,,8.1,,86.0,1.4,3.5,0.0,80.0,1023.7,35.0,0.0,,90.0
2023-07-10 02:00:00,9.0,10.0,,8.5,,90.0,1.2,4.6,276.0,292.0,1024.3,15.0,0.0,,90.0
2023-07-10 03:00:00,7.4,9.1,,5.9,,94.0,1.3,4.7,344.0,306.0,1024.2,8.0,0.0,,90.0
2023-07-10 04:00:00,6.0,6.4,,5.5,,96.0,0.8,3.4,308.0,271.0,1024.3,6.0,0.0,,60.0
2023-07-10 05:00:00,5.5,5.8,,5.3,,96.0,1.4,4.2,261.0,268.0,1024.5,9.0,0.0,,90.0
2023-07-10 06:00:00,5.2,5.7,10.9,4.7,4.7,95.0,2.1,4.4,268.0,259.0,1024.6,12.0,0.0,0.0,90.0
2023-07-10 07:00:00,4.9,5.2,,4.7,,94.0,1.4,3.0,198.0,198.0,1024.7,27.0,0.0,,90.0
2023-07-10 08:00:00,5.2,5.6,,4.9,,93.0,0.5,2.8,0.0,266.0,1024.9,32.0,0.0,,90.0
2023-07-10 09:00:00,5.0,5.3,,4.7,,93.0,0.0,1.8,0.0,0.0,1025.0,73.0,0.0,,90.0
2023-07-10 10:00:00,4.8,5.0,,4.5,,93.0,0.0,1.5,6.0,0.0,1025.0,86.0,0.0,,90.0
2023-07-10 11:00:00,4.9,5.5,,4.5,,93.0,0.4,1.5,2.0,3.0,1025.0,150.0,0.0,,90.0
2023-07-10 12:00:00,5.1,5.6,,4.6,,92.0,0.8,2.4,8.0,12.0,1025.0,231.0,0.0,,90.0
2023-07-10 13:00:00,5.5,6.3,,4.9,,89.0,0.9,2.1,5.0,3.0,1025.1,308.0,0.0,,90.0
2023-07-10 14:00:00,5.8,6.3,,5.2,,88.0,1.4,2.9,8.0,3.0,1024.9,376.0,0.0,,90.0
2023-07-10 15:00:00,6.3,7.2,,5.6,,88.0,2.3,3.7,9.0,6.0,1024.6,553.0,0.0,,40.0
2023-07-10 16:00:00,7.4,8.0,,6.9,,85.0,1.8,3.6,25.0,14.0,1024.4,504.0,0.0,,90.0
2023-07-10 17:00:00,6.9,7.3,,6.5,,87.0,2.1,3.9,5.0,8.0,1024.3,530.0,0.0,,60.0
2023-07-10 18:00:00,7.6,8.0,8.0,7.1,4.5,87.0,3.6,5.3,10.0,15.0,1023.9,408.0,0.0,,90.0
2023-07-10 19:00:00,7.6,8.3,,7.2,,87.0,3.8,5.5,15.0,13.0,1023.7,561.0,0.0,,0.0
2023-07-10 20:00:00,7.5,8.1,,6.9,,87.0,3.1,4.8,14.0,12.0,1023.7,444.0,0.0,,0.0
2023-07-10 21:00:00,7.7,8.3,,6.9,,89.0,3.0,4.3,32.0,21.0,1023.5,272.0,0.0,,90.0
2023-07-10 22:00:00,7.5,7.8,,7.2,,90.0,2.8,3.9,21.0,27.0,1023.0,172.0,0.0,,90.0
2023-07-10 23:00:00,7.7,8.0,,7.2,,90.0,2.2,3.4,31.0,29.0,1022.7,83.0,0.0,,90.0
