ts,101,112,113,122,123,201,301,305,365,371,401,550,601,609,801
2023-04-08 00:00:00,,,,,,,1.6,4.0,120.0,3.0,995.5,,,,
2023-04-08 01:00:00,,,,,,,0.5,2.3,350.0,16.0,993.8,,,,
2023-04-08 02:00:00,,,,,,,0.8,2.7,332.0,353.0,992.4,,,,
2023-04-08 03:00:00,,,,,,,2.5,4.2,350.0,356.0,991.1,,,,
2023-04-08 04:00:00,,,,,,,1.0,2.7,3.0,11.0,989.8,,,,
2023-04-08 05:00:00,,,,,,,0.9,2.7,146.0,11.0,988.7,,,,
2023-04-08 06:00:00,,,,,,,2.3,9.6,104.0,10.0,988.5,,,,
2023-04-08 07:00:00,,,,,,,4.4,9.2,40.0,98.0,987.9,,,,
2023-04-08 08:00:00,,,,,,,4.3,10.3,125.0,99.0,988.2,,,,
2023-04-08 09:00:00,,,,,,,3.1,8.3,21.0,66.0,988.0,,,,
2023-04-08 10:00:00,,,,,,,2.0,4.2,110.0,84.0,988.0,,,,
2023-04-08 11:00:00,,,,,,,1.1,4.4,73.0,80.0,987.4,,,,
2023-04-08 12:00:00,,,,,,,0.2,2.1,0.0,298.0,987.6,,,,
2023-04-08 13:00:00,,,,,,,0.5,2.2,147.0,222.0,987.7,,,,
2023-04-08 14:00:00,,,,,,,0.5,1.7,201.0,204.0,987.5,,,,
2023-04-08 15:00:00,,,,,,,1.3,3.4,151.0,169.0,987.7,,,,
2023-04-08 16:00:00,,,,,,,0.9,2.9,271.0,216.0,987.4,,,,
2023-04-08 17:00:00,,,,,,,2.0,3.3,313.0,310.0,986.9,,,,
2023-04-08 18:00:00,,,,,,,2.6,4.0,297.0,303.0,986.6,,,,
2023-04-08 19:00:00,,,,,,,1.5,3.8,0.0,306.0,986.8,,,,
2023-04-08 20:00:00,,,,,,36.0,2.6,4.3,109.0,107.0,986.8,,,,
2023-04-08 21:00:00,,,,,,,2.5,5.0,123.0,112.0,986.6,,,,
2023-04-08 22:00:00,,,,,,,1.0,2.9,321.0,271.0,986.7,,,,
2023-04-08 23:00:00,,,,,,,1.5,3.4,333.0,328.0,986.7,,,,
2023-04-09 00:00:00,,,,,,,1.6,14.8,73.0,324.0,985.6,,,,
2023-04-09 01:00:00,,,,,,,13.5,20.3,97.0,102.0,985.7,,,,
2023-04-09 02:00:00,,,,,,,12.0,19.0,111.0,104.0,987.2,,,,
2023-04-09 03:00:00,,,,,,,8.2,14.5,125.0,131.0,990.5,,,,
2023-04-09 04:00:00,,,,,,,8.1,12.0,113.0,117.0,992.2,,,,
2023-04-09 05:00:00,,,,,,,9.1,13.7,114.0,114.0,994.0,,,,
2023-04-09 06:00:00,,,,,,,8.3,12.7,149.0,125.0,996.0,,,,
2023-04-09 07:00:00,,,,,,,7.5,10.3,156.0,153.0,997.9,,,,
2023-04-09 08:00:00,,,,,,,5.5,9.8,173.0,166.0,998.3,,,,
2023-04-09 09:00:00,,,,,,,3.1,4.5,160.0,183.0,999.1,,,,
2023-04-09 10:00:00,,,,,,,3.7,5.4,171.0,158.0,999.3,,,,
2023-04-09 11:00:00,,,,,,,3.0,5.2,211.0,187.0,999.6,,,,
2023-04-09 12:00:00,,,,,,,2.4,3.6,239.0,238.0,999.9,,,,
2023-04-09 13:00:00,,,,,,,2.7,3.9,288.0,275.0,999.5,,,,
2023-04-09 14:00:00,,,,,,,3.6,5.0,300.0,297.0,999.5,,,,
2023-04-09 15:00:00,,,,,,,4.2,5.8,298.0,296.0,999.5,,,,
2023-04-09 16:00:00,,,,,,,4.5,6.1,290.0,296.0,999.2,,,,
2023-04-09 17:00:00,,,,,,,2.1,4.7,292.0,284.0,998.6,,,,
2023-04-09 18:00:00,,,,,,,1.2,3.4,277.0,262.0,998.3,,,,
2023-04-09 19:00:00,,,,,,,1.3,2.6,283.0,289.0,998.1,,,,
2023-04-09 20:00:00,,,,,,,1.2,3.2,85.0,330.0,998.4,,,,
2023-04-09 21:00:00,,,,,,,2.0,4.0,83.0,83.0,998.2,,,,
2023-04-09 22:00:00,,,,,,,3.0,4.7,94.0,92.0,997.9,,,,
2023-04-09 23:00:00,,,,,,,1.8,3.2,105.0,103.0,998.1,,,,
2023-04-10 00:00:00,,,,,,,2.3,3.1,86.0,94.0,997.9,,,,
2023-04-10 01:00:00,,,,,,,1.1,2.6,86.0,84.0,997.7,,,,
2023-04-10 02:00:00,,,,,,,1.4,3.0,344.0,2.0,997.4,,,,
2023-04-10 03:00:00,,,,,,,0.8,2.9,297.0,350.0,996.8,,,,
2023-04-10 04:00:00,,,,,,,1.5,2.5,348.0,342.0,996.4,,,,
2023-04-10 05:00:00,,,,,,,0.6,2.2,16.0,47.0,996.5,,,,
2023-04-10 06:00:00,,,,,,,0.7,2.7,343.0,354.0,995.8,,,,
2023-04-10 07:00:00,,,,,,,1.2,2.7,329.0,327.0,995.7,,,,
2023-04-10 08:00:00,,,,,,,1.1,3.1,92.0,17.0,995.5,,,,
2023-04-10 09:00:00,,,,,,,2.6,3.7,97.0,97.0,995.5,,,,
2023-04-10 10:00:00,,,,,,,3.2,5.9,111.0,112.0,995.5,,,,
2023-04-10 11:00:00,,,,,,,3.9,5.7,99.0,119.0,995.8,,,,
2023-04-10 12:00:00,,,,,,,3.0,4.5,121.0,109.0,995.5,,,,
2023-04-10 13:00:00,,,,,,,1.5,4.5,228.0,234.0,995.2,,,,
2023-04-10 14:00:00,,,,,,,1.5,3.5,290.0,279.0,994.9,,,,
2023-04-10 15:00:00,,,,,,,2.1,4.6,286.0,273.0,994.5,,,,
2023-04-10 16:00:00,,,,,,,3.4,4.7,307.0,302.0,994.2,,,,
2023-04-10 17:00:00,,,,,,,2.6,4.5,257.0,294.0,994.1,,,,
2023-04-10 18:00:00,,,,,,,0.6,1.9,0.0,202.0,993.6,,,,
2023-04-10 19:00:00,,,,,,,1.0,2.3,196.0,163.0,993.7,,,,
2023-04-10 20:00:00,,,,,,,0.8,2.7,224.0,195.0,993.4,,,,
2023-04-10 21:00:00,,,,,,,0.7,2.7,327.0,304.0,993.3,,,,
2023-04-10 22:00:00,,,,,,,6.0,10.0,98.0,96.0,993.5,,,,
2023-04-10 23:00:00,,,,,,,7.4,10.0,100.0,102.0,994.0,,,,
2023-04-11 00:00:00,,,,,,,8.0,10.9,102.0,101.0,994.4,,,,
2023-04-11 01:00:00,,,,,,,7.9,10.9,103.0,104.0,994.7,,,,
2023-04-11 02:00:00,,,,,,,8.0,10.8,107.0,105.0,995.1,,,,
2023-04-11 03:00:00,,,,,,,8.1,11.3,107.0,107.0,995.5,,,,
2023-04-11 04:00:00,,,,,,,7.6,10.6,107.0,107.0,996.1,,,,
2023-04-11 05:00:00,,,,,,,7.6,10.6,104.0,105.0,996.4,,,,
2023-04-11 06:00:00,,,,,,,8.0,11.5,109.0,109.0,996.6,,,,
2023-04-11 07:00:00,,,,,,,9.9,14.0,108.0,110.0,996.7,,,,
2023-04-11 08:00:00,,,,,,,9.9,15.0,112.0,108.0,996.6,,,,
2023-04-11 09:00:00,,,,,,,9.1,15.2,108.0,117.0,998.2,,,,
2023-04-11 10:00:00,,,,,,,8.4,12.3,99.0,99.0,998.2,,,,
2023-04-11 11:00:00,,,,,,,9.3,13.5,111.0,105.0,998.6,,,,
2023-04-11 12:00:00,,,,,,,8.4,13.3,115.0,113.0,999.1,,,,
2023-04-11 13:00:00,,,,,,,7.7,10.4,113.0,115.0,999.5,,,,
2023-04-11 14:00:00,,,,,,,7.7,11.0,118.0,115.0,999.9,,,,
2023-04-11 15:00:00,,,,,,,8.4,10.9,113.0,114.0,1000.2,,,,
2023-04-11 16:00:00,,,,,,,6.6,9.9,125.0,116.0,1000.9,,,,
2023-04-11 17:00:00,,,,,,,6.0,8.5,124.0,118.0,1001.0,,,,
2023-04-11 18:00:00,,,,,,,5.5,7.7,102.0,111.0,1001.1,,,,
2023-04-11 19:00:00,,,,,,,5.5,8.0,103.0,104.0,1001.6,,,,
2023-04-11 20:00:00,,,,,,,5.1,7.3,118.0,107.0,1002.4,,,,
2023-04-11 21:00:00,,,,,,,3.0,6.3,306.0,290.0,1002.9,,,,
2023-04-11 22:00:00,,,,,,,3.2,4.8,305.0,304.0,1003.4,,,,
2023-04-11 23:00:00,,,,,,,2.1,4.2,343.0,328.0,1003.4,,,,
2023-04-12 00:00:00,,,,,,,0.9,2.7,298.0,323.0,1004.0,,,,
2023-04-12 01:00:00,,,,,,,0.6,2.1,356.0,340.0,1004.4,,,,
2023-04-12 02:00:00,,,,,,,0.8,4.5,304.0,287.0,1004.7,,,,
2023-04-12 03:00:00,,,,,,,1.9,3.9,315.0,311.0,1005.2,,,,
2023-04-12 04:00:00,,,,,,,1.0,3.0,342.0,313.0,1005.5,,,,
2023-04-12 05:00:00,,,,,,,2.7,3.7,319.0,311.0,1005.6,,,,
2023-04-12 06:00:00,,,,,,,0.4,2.0,0.0,318.0,1005.9,,,,
2023-04-12 07:00:00,,,,,,,0.2,1.7,212.0,299.0,1005.9,,,,
2023-04-12 08:00:00,,,,,,,4.9,7.3,103.0,103.0,1006.4,,,,
2023-04-12 09:00:00,,,,,,,4.3,6.4,106.0,110.0,1006.5,,,,
2023-04-12 10:00:00,,,,,,,3.8,5.1,97.0,101.0,1006.4,,,,
2023-04-12 11:00:00,,,,,,,2.6,3.9,128.0,116.0,1006.7,,,,
2023-04-12 12:00:00,,,,,,,1.5,2.8,185.0,143.0,1006.3,,,,
2023-04-12 13:00:00,,,,,,,0.3,1.5,0.0,221.0,1006.4,,,,
2023-04-12 14:00:00,,,,,,,1.7,2.9,307.0,293.0,1006.0,,,,
2023-04-12 15:00:00,,,,,,,2.8,3.6,308.0,307.0,1006.5,,,,
2023-04-12 16:00:00,,,,,,,1.9,3.3,269.0,288.0,1006.4,,,,
2023-04-12 17:00:00,,,,,,,1.3,2.3,301.0,273.0,1006.3,,,,
2023-04-12 18:00:00,,,,,,,2.1,2.9,303.0,297.0,1006.6,,,,
2023-04-12 19:00:00,,,,,,,1.5,2.9,146.0,225.0,1007.1,,,,
2023-04-12 20:00:00,,,,,,,5.4,8.1,127.0,114.0,1007.5,,,,
2023-04-12 21:00:00,,,,,,,4.6,6.2,139.0,131.0,1007.9,,,,
2023-04-12 22:00:00,,,,,,,3.4,5.3,151.0,142.0,1008.0,,,,
2023-04-12 23:00:00,,,,,,,3.3,4.4,137.0,147.0,1008.2,,,,
2023-04-13 00:00:00,,,,,,,2.7,4.2,144.0,141.0,1008.5,,,,
2023-04-13 01:00:00,,,,,,,3.3,5.1,116.0,133.0,1008.6,,,,
2023-04-13 02:00:00,,,,,,,3.2,4.9,123.0,132.0,1008.6,,,,
2023-04-13 03:00:00,,,,,,,2.6,4.4,76.0,105.0,1008.5,,,,
2023-04-13 04:00:00,,,,,,,0.7,2.6,142.0,103.0,1008.7,,,,
2023-04-13 05:00:00,,,,,,,1.4,3.1,69.0,82.0,1008.7,,,,
2023-04-13 06:00:00,,,,,,,1.6,3.2,79.0,77.0,1008.7,,,,
2023-04-13 07:00:00,,,,,,,1.8,3.1,87.0,84.0,1008.9,,,,
2023-04-13 08:00:00,,,,,,,1.4,2.6,66.0,66.0,1008.9,,,,
2023-04-13 09:00:00,,,,,,,1.8,2.8,73.0,75.0,1009.0,,,,
2023-04-13 10:00:00,,,,,,,1.5,2.4,65.0,76.0,,,,,
2023-04-13 11:00:00,,,,,,,1.2,2.5,63.0,79.0,,,,,
2023-04-13 12:00:00,,,,,,,1.3,2.4,81.0,92.0,,,,,
2023-04-13 13:00:00,,,,,,,0.8,2.3,100.0,120.0,,,,,
2023-04-13 14:00:00,,,,,,,1.3,2.4,163.0,137.0,,,,,
2023-04-13 15:00:00,,,,,,,1.2,2.3,184.0,194.0,,,,,
2023-04-13 16:00:00,,,,,,,1.2,2.3,174.0,185.0,,,,,
2023-04-13 17:00:00,,,,,,,1.1,2.0,193.0,198.0,,,,,
2023-04-13 18:00:00,,,,,,,1.0,2.0,209.0,201.0,,,,,
2023-04-13 19:00:00,,,,,,,2.1,3.9,283.0,279.0,,,,,
2023-04-13 20:00:00,,,,,,,2.5,3.8,304.0,294.0,,,,,
2023-04-13 21:00:00,,,,,,,2.4,3.5,285.0,289.0,,,,,
2023-04-13 22:00:00,,,,,,,1.6,3.3,289.0,291.0,,,,,
2023-04-13 23:00:00,,,,,,,1.1,2.2,0.0,292.0,,,,,
2023-04-14 00:00:00,,,,,,,0.3,1.8,297.0,307.0,,,,,
2023-04-14 01:00:00,,,,,,,2.2,3.7,313.0,307.0,,,,,
2023-04-14 02:00:00,,,,,,,0.9,2.4,0.0,322.0,,,,,
2023-04-14 03:00:00,,,,,,,0.0,1.4,332.0,0.0,,,,,
2023-04-14 04:00:00,,,,,,,0.1,1.2,346.0,30.0,,,,,
2023-04-14 05:00:00,,,,,,,1.1,3.3,88.0,52.0,,,,,
2023-04-14 06:00:00,,,,,,,1.2,3.5,256.0,57.0,,,,,
2023-04-14 07:00:00,,,,,,,2.3,4.8,86.0,78.0,,,,,
2023-04-14 08:00:00,,,,,,,3.7,5.7,139.0,106.0,,,,,
2023-04-14 09:00:00,,,,,,,3.0,4.6,141.0,126.0,,,,,
2023-04-14 10:00:00,,,,,,,1.8,3.0,87.0,93.0,,,,,
2023-04-14 11:00:00,,,,,,,0.8,2.2,154.0,100.0,,,,,
2023-04-14 12:00:00,,,,,,,0.6,2.6,300.0,227.0,,,,,
2023-04-14 13:00:00,,,,,,,2.9,4.2,304.0,302.0,,,,,
2023-04-14 14:00:00,,,,,,,2.9,4.2,300.0,303.0,,,,,
2023-04-14 15:00:00,,,,,,,2.4,3.5,303.0,299.0,,,,,
2023-04-14 16:00:00,,,,,,,2.6,3.4,295.0,301.0,,,,,
2023-04-14 17:00:00,,,,,,,2.7,3.8,308.0,307.0,,,,,
2023-04-14 18:00:00,,,,,,,3.3,4.5,298.0,307.0,,,,,
2023-04-14 19:00:00,,,,,,,3.5,4.8,305.0,304.0,,,,,
2023-04-14 20:00:00,,,,,,,4.2,5.4,303.0,304.0,,,,,
2023-04-14 21:00:00,,,,,,,3.6,4.9,304.0,303.0,,,,,
2023-04-14 22:00:00,,,,,,,3.2,4.1,314.0,305.0,,,,,
2023-04-14 23:00:00,,,,,,,3.3,4.8,319.0,313.0,,,,,
2023-04-15 00:00:00,,,,,,,1.8,3.9,312.0,320.0,,,,,
2023-04-15 01:00:00,,,,,,,1.4,3.0,0.0,324.0,,,,,
2023-04-15 02:00:00,,,,,,,0.3,1.5,326.0,308.0,,,,,
2023-04-15 03:00:00,,,,,,,1.2,2.4,318.0,318.0,,,,,
2023-04-15 04:00:00,,,,,,,0.6,1.9,0.0,324.0,,,,,
2023-04-15 05:00:00,,,,,,,0.1,1.5,0.0,321.0,,,,,
2023-04-15 06:00:00,,,,,,,0.1,1.1,133.0,12.0,,,,,
2023-04-15 07:00:00,,,,,,,0.3,2.0,0.0,319.0,,,,,
2023-04-15 08:00:00,,,,,,,0.1,0.8,0.0,339.0,,,,,
2023-04-15 09:00:00,,,,,,,0.0,0.7,0.0,0.0,,,,,
2023-04-15 10:00:00,,,,,,,0.0,0.5,0.0,0.0,,,,,
2023-04-15 11:00:00,,,,,,,1.3,3.2,90.0,100.0,,,,,
2023-04-15 12:00:00,,,,,,,2.7,4.1,123.0,114.0,,,,,
2023-04-15 13:00:00,,,,,,,2.5,3.8,144.0,134.0,,,,,
2023-04-15 15:00:00,,,,,,,1.2,1.9,219.0,183.0,1010.9,,,,
2023-04-15 16:00:00,,,,,,,1.0,1.6,248.0,233.0,1010.8,,,,
2023-04-15 17:00:00,,,,,,,3.1,4.2,297.0,301.0,1010.5,,,,
2023-04-15 18:00:00,,,,,,,3.9,5.6,293.0,295.0,1010.5,,,,
2023-04-15 19:00:00,,,,,,,4.3,5.6,296.0,295.0,1010.2,,,,
2023-04-15 20:00:00,,,,,,,3.7,4.8,303.0,300.0,1010.5,,,,
2023-04-15 21:00:00,,,,,,,2.9,3.9,307.0,308.0,1010.4,,,,
2023-04-15 22:00:00,,,,,,,2.7,3.9,307.0,308.0,1010.2,,,,
2023-04-15 23:00:00,,,,,,,1.0,2.3,0.0,329.0,1010.5,,,,
2023-04-16 00:00:00,,,,,,,0.0,0.0,0.0,0.0,1010.6,,,,
2023-04-16 01:00:00,,,,,,,0.3,1.5,19.0,2.0,1010.7,,,,
2023-04-16 02:00:00,,,,,,,0.2,1.8,9.0,12.0,1010.4,,,,
2023-04-16 03:00:00,,,,,,,0.8,2.8,20.0,340.0,1010.5,,,,
2023-04-16 04:00:00,,,,,,,0.1,1.2,32.0,43.0,1010.3,,,,
2023-04-16 05:00:00,,,,,,,0.2,1.3,38.0,29.0,1010.2,,,,
2023-04-16 06:00:00,,,,,,,2.6,4.1,97.0,76.0,1010.6,,,,
2023-04-16 07:00:00,,,,,,,3.5,6.1,89.0,94.0,1011.2,,,,
2023-04-16 08:00:00,,,,,,,3.6,7.1,89.0,99.0,1011.3,,,,
2023-04-16 09:00:00,,,,,,,3.1,4.8,63.0,77.0,1011.4,,,,
2023-04-16 10:00:00,,,,,,,1.6,3.1,231.0,64.0,1011.4,,,,
2023-04-16 11:00:00,,,,,,,2.0,3.4,288.0,275.0,1011.6,,,,
2023-04-16 12:00:00,,,,,,,2.6,4.5,283.0,283.0,1011.5,,,,
2023-04-16 13:00:00,,,,,,,3.4,4.7,286.0,286.0,1011.3,,,,
2023-04-16 14:00:00,,,,,,,3.5,5.5,287.0,289.0,1011.0,,,,
2023-04-16 15:00:00,,,,,,,3.2,4.8,282.0,284.0,1010.4,,,,
2023-04-16 16:00:00,,,,,,,4.0,5.4,296.0,293.0,1010.0,,,,
2023-04-16 17:00:00,,,,,,,3.6,5.0,280.0,290.0,1009.9,,,,
2023-04-16 18:00:00,,,,,,,2.3,4.3,207.0,250.0,1009.6,,,,
2023-04-16 19:00:00,,,,,,,1.3,2.1,187.0,196.0,1009.4,,,,
2023-04-16 20:00:00,,,,,,,1.2,2.4,136.0,148.0,1009.3,,,,
2023-04-16 21:00:00,,,,,,,2.6,3.5,124.0,129.0,1009.3,,,,
2023-04-16 22:00:00,,,,,,,3.5,4.5,135.0,134.0,1009.4,,,,
2023-04-16 23:00:00,,,,,,,4.0,5.0,135.0,137.0,1009.3,,,,
2023-04-17 00:00:00,,,,,,,4.0,5.0,145.0,142.0,1009.5,,,,
2023-04-17 01:00:00,,,,,,,2.7,4.2,129.0,136.0,1009.3,,,,
2023-04-17 02:00:00,,,,,,,1.8,3.5,92.0,119.0,1009.0,,,,
2023-04-17 03:00:00,,,,,,,1.3,2.2,68.0,44.0,1008.7,,,,
2023-04-17 04:00:00,,,,,,,2.3,4.6,53.0,47.0,1008.2,,,,
2023-04-17 05:00:00,,,,,,,3.7,6.1,43.0,48.0,1007.6,,,,
2023-04-17 06:00:00,,,,,,,5.1,7.2,42.0,46.0,1007.3,,,,
2023-04-17 07:00:00,,,,,,,6.2,8.3,50.0,49.0,1007.0,,,,
2023-04-17 08:00:00,,,,,,,6.9,9.7,50.0,50.0,1006.7,,,,
2023-04-17 09:00:00,,,,,,,8.1,10.2,49.0,48.0,1006.7,,,,
2023-04-17 10:00:00,,,,,,,7.7,9.6,46.0,49.0,1006.7,,,,
2023-04-17 11:00:00,,,,,,,7.8,10.2,50.0,49.0,1006.7,,,,
2023-04-17 12:00:00,,,,,,,7.4,9.3,47.0,46.0,1006.6,,,,
2023-04-17 13:00:00,,,,,,,5.3,8.4,47.0,45.0,1006.6,,,,
2023-04-17 14:00:00,,,,,,,4.4,6.8,48.0,47.0,1006.6,,,,
2023-04-17 15:00:00,,,,,,,3.2,6.0,44.0,47.0,1006.3,,,,
2023-04-17 16:00:00,,,,,,,2.7,4.9,43.0,43.0,1006.1,,,,
2023-04-17 17:00:00,,,,,,,2.6,4.8,93.0,71.0,1005.9,,,,
2023-04-17 18:00:00,,,,,,,2.4,4.5,310.0,322.0,1005.9,,,,
2023-04-17 19:00:00,,,,,,,2.0,3.6,276.0,295.0,1006.0,,,,
2023-04-17 20:00:00,,,,,,,1.9,3.6,290.0,289.0,1005.8,,,,
2023-04-17 21:00:00,,,,,,,2.4,6.1,77.0,70.0,1005.6,,,,
2023-04-17 22:00:00,,,,,,,2.4,5.6,254.0,67.0,1005.9,,,,
2023-04-17 23:00:00,,,,,,,1.4,2.9,39.0,11.0,1006.2,,,,
2023-04-18 00:00:00,,,,,,,2.0,3.8,47.0,53.0,1006.9,,,,
2023-04-18 01:00:00,,,,,,,2.5,3.5,74.0,71.0,1007.4,,,,
2023-04-18 02:00:00,,,,,,,2.7,3.8,60.0,72.0,1007.8,,,,
2023-04-18 03:00:00,,,,,,,2.9,4.0,80.0,69.0,1008.3,,,,
2023-04-18 04:00:00,,,,,,,2.5,4.0,95.0,89.0,1008.6,,,,
2023-04-18 05:00:00,,,,,,,2.0,3.1,77.0,82.0,1009.1,,,,
2023-04-18 06:00:00,,,,,,,1.7,2.9,64.0,76.0,1009.7,,,,
2023-04-18 07:00:00,,,,,,,1.2,2.1,71.0,69.0,1010.1,,,,
2023-04-18 08:00:00,,,,,,,1.3,2.3,72.0,74.0,1010.7,,,,
2023-04-18 09:00:00,,,,,,,1.5,2.3,95.0,89.0,1011.2,,,,
2023-04-18 10:00:00,,,,,,,0.9,3.1,0.0,50.0,1011.7,,,,
2023-04-18 11:00:00,,,,,,,0.4,2.0,284.0,264.0,1012.2,,,,
2023-04-18 12:00:00,,,,,,,1.0,1.9,280.0,277.0,1012.7,,,,
2023-04-18 13:00:00,,,,,,,1.3,2.1,316.0,296.0,1012.7,,,,
2023-04-18 14:00:00,,,,,,,1.0,3.6,67.0,317.0,1012.9,,,,
2023-04-18 15:00:00,,,,,,,1.0,3.0,119.0,103.0,1012.8,,,,
2023-04-18 16:00:00,,,,,,,0.9,3.8,242.0,225.0,1012.8,,,,
2023-04-18 17:00:00,,,,,,,1.9,4.4,291.0,278.0,1013.0,,,,
2023-04-18 18:00:00,,,,,,,3.4,6.2,296.0,291.0,1013.5,,,,
2023-04-18 19:00:00,,,,,,,5.1,7.4,297.0,297.0,1013.8,,,,
2023-04-18 20:00:00,,,,,,,4.9,7.2,298.0,298.0,1014.8,,,,
2023-04-18 21:00:00,,,,,,,3.5,4.9,278.0,284.0,1015.5,,,,
2023-04-18 22:00:00,,,,,,,3.4,5.4,280.0,281.0,1016.3,,,,
2023-04-18 23:00:00,,,,,,,2.4,3.8,245.0,265.0,1017.4,,,,
2023-04-19 00:00:00,,,,,,,1.6,3.5,200.0,216.0,1018.4,,,,
2023-04-19 01:00:00,,,,,,,1.9,4.8,125.0,173.0,1019.1,,,,
2023-04-19 02:00:00,,,,,,,2.7,5.6,273.0,245.0,1020.1,,,,
2023-04-19 03:00:00,,,,,,,5.0,7.2,286.0,280.0,1021.2,,,,
2023-04-19 04:00:00,,,,,,,5.7,8.0,283.0,287.0,1022.1,,,,
2023-04-19 05:00:00,,,,,,,6.0,8.3,295.0,291.0,1022.9,,,,
2023-04-19 06:00:00,,,,,,,6.5,8.8,297.0,294.0,1023.7,,,,
2023-04-19 07:00:00,,,,,,,6.6,8.8,301.0,300.0,1024.7,,,,
2023-04-19 08:00:00,,,,,,,6.4,8.4,302.0,302.0,1025.7,,,,
2023-04-19 09:00:00,,,,,,,5.8,7.8,299.0,299.0,1026.3,,,,
2023-04-19 10:00:00,,,,,,,5.5,6.9,297.0,299.0,1026.7,,,,
2023-04-19 11:00:00,,,,,,,5.1,6.9,289.0,294.0,1027.4,,,,
2023-04-19 12:00:00,,,,,,,4.1,5.8,283.0,287.0,1028.2,,,,
2023-04-19 13:00:00,,,,,,,3.4,4.9,295.0,293.0,1029.1,,,,
2023-04-19 14:00:00,,,,,,,2.8,4.4,330.0,325.0,1029.5,,,,
2023-04-19 15:00:00,,,,,,,1.3,3.3,305.0,322.0,1030.1,,,,
2023-04-19 16:00:00,,,,,,,0.6,2.8,254.0,316.0,1030.5,,,,
2023-04-19 17:00:00,,,,,,,2.7,5.5,204.0,221.0,1031.2,,,,
2023-04-19 18:00:00,,,,,,,4.3,6.3,160.0,177.0,1031.7,,,,
2023-04-19 19:00:00,,,,,,,5.3,7.8,148.0,140.0,1032.4,,,,
2023-04-19 20:00:00,,,,,,,4.5,8.3,162.0,157.0,1033.0,,,,
2023-04-19 21:00:00,,,,,,,3.3,5.0,193.0,182.0,1033.6,,,,
2023-04-19 22:00:00,,,,,,,2.4,4.0,207.0,191.0,1034.1,,,,
2023-04-19 23:00:00,,,,,,,3.0,5.4,131.0,144.0,1034.5,,,,
2023-04-20 00:00:00,,,,,,,3.3,6.0,99.0,128.0,1035.0,,,,
2023-04-20 01:00:00,,,,,,,4.5,6.8,117.0,119.0,1035.2,,,,
2023-04-20 02:00:00,,,,,,,6.6,9.4,133.0,125.0,1035.6,,,,
2023-04-20 03:00:00,,,,,,,4.7,7.7,83.0,95.0,1035.9,,,,
2023-04-20 04:00:00,,,,,,,3.8,6.2,67.0,76.0,1036.1,,,,
2023-04-20 05:00:00,,,,,,,3.6,6.0,60.0,66.0,1036.4,,,,
2023-04-20 06:00:00,,,,,,,3.2,5.3,83.0,70.0,1036.9,,,,
2023-04-20 07:00:00,,,,,,,3.3,5.5,51.0,63.0,1037.0,,,,
2023-04-20 08:00:00,,,,,,,3.8,6.5,68.0,61.0,1037.3,,,,
2023-04-20 09:00:00,,,,,,,2.5,5.5,17.0,49.0,1037.3,,,,
2023-04-20 10:00:00,,,,,,,2.2,6.3,31.0,44.0,1037.3,,,,
2023-04-20 11:00:00,,,,,,,0.4,1.9,0.0,43.0,1037.5,,,,
2023-04-20 12:00:00,,,,,,,0.2,1.9,220.0,288.0,1037.4,,,,
2023-04-20 13:00:00,,,,,,,5.5,7.4,49.0,50.0,1037.0,,,,
2023-04-20 14:00:00,,,,,,,4.5,6.7,332.0,39.0,1036.6,,,,
2023-04-20 15:00:00,,,,,,,2.6,3.9,293.0,297.0,1037.1,,,,
2023-04-20 16:00:00,,,,,,,1.9,3.4,296.0,290.0,1036.9,,,,
2023-04-20 17:00:00,,,,,,,2.6,4.2,303.0,296.0,1036.7,,,,
2023-04-20 18:00:00,,,,,,,2.3,4.2,26.0,309.0,1036.2,,,,
2023-04-20 19:00:00,,,,,,,2.3,6.5,50.0,62.0,1035.6,,,,
2023-04-20 20:00:00,,,,,,,2.0,5.6,256.0,267.0,1035.3,,,,
2023-04-20 21:00:00,,,,,,,1.9,4.7,52.0,78.0,1035.3,,,,
2023-04-20 22:00:00,,,,,,,1.0,2.8,310.0,347.0,1035.0,,,,
2023-04-20 23:00:00,,,,,,,1.3,2.1,296.0,300.0,1034.7,,,,
2023-04-21 00:00:00,,,,,,,1.3,2.3,353.0,344.0,1034.5,,,,
2023-04-21 01:00:00,,,,,,,0.6,1.9,318.0,358.0,1034.1,,,,
2023-04-21 02:00:00,,,,,,,1.5,5.4,82.0,77.0,1033.4,,,,
2023-04-21 03:00:00,,,,,,,4.7,7.0,81.0,80.0,1033.1,,,,
2023-04-21 04:00:00,,,,,,,2.2,4.8,32.0,47.0,1032.9,,,,
2023-04-21 05:00:00,,,,,,,1.1,2.3,334.0,340.0,1032.9,,,,
2023-04-21 06:00:00,,,,,,,1.4,3.8,328.0,322.0,1032.7,,,,
2023-04-21 07:00:00,,,,,,,1.0,3.1,155.0,352.0,1032.5,,,,
2023-04-21 08:00:00,,,,,,,0.4,2.0,302.0,21.0,1032.1,,,,
2023-04-21 09:00:00,,,,,,,1.8,4.1,294.0,315.0,1032.5,,,,
2023-04-21 10:00:00,,,,,,,1.5,2.6,246.0,300.0,1032.4,,,,
2023-04-21 11:00:00,,,,,,,1.4,2.7,286.0,300.0,1032.7,,,,
2023-04-21 12:00:00,,,,,,,1.2,2.6,0.0,279.0,1032.9,,,,
2023-04-21 13:00:00,,,,,,,1.5,3.5,303.0,229.0,1033.1,,,,
2023-04-21 14:00:00,,,,,,,1.0,2.1,196.0,249.0,1032.9,,,,
2023-04-21 15:00:00,,,,,,,2.4,6.2,247.0,154.0,1032.9,,,,
2023-04-21 16:00:00,,,,,,,2.2,3.7,128.0,144.0,1032.9,,,,
2023-04-21 17:00:00,,,,,,,2.7,3.6,135.0,133.0,1033.3,,,,
2023-04-21 18:00:00,,,,,,,2.6,3.3,151.0,141.0,1033.5,,,,
2023-04-21 19:00:00,,,,,,,2.1,2.8,155.0,146.0,1033.3,,,,
2023-04-21 20:00:00,,,,,,,0.5,1.7,175.0,202.0,1033.5,,,,
2023-04-21 21:00:00,,,,,,,0.4,1.7,153.0,185.0,1033.7,,,,
2023-04-21 22:00:00,,,,,,,1.6,2.1,120.0,133.0,1033.9,,,,
2023-04-21 23:00:00,,,,,,,1.2,2.2,67.0,72.0,1034.1,,,,
2023-04-22 00:00:00,,,,,,,1.6,4.0,82.0,58.0,1034.1,,,,
2023-04-22 01:00:00,,,,,,,3.0,4.3,92.0,94.0,1034.4,,,,
2023-04-22 02:00:00,,,,,,,2.7,3.9,80.0,90.0,1034.6,,,,
2023-04-22 03:00:00,,,,,,,2.5,3.6,85.0,87.0,1034.8,,,,
2023-04-22 04:00:00,,,,,,,2.1,3.3,92.0,95.0,1034.8,,,,
2023-04-22 05:00:00,,,,,,,2.1,3.1,91.0,89.0,1035.2,,,,
2023-04-22 06:00:00,,,,,,,1.1,2.1,133.0,109.0,1035.2,,,,
2023-04-22 07:00:00,,,,,,,2.1,4.4,239.0,219.0,1035.5,,,,
2023-04-22 08:00:00,,,,,,,2.2,3.6,247.0,240.0,1035.7,,,,
2023-04-22 09:00:00,,,,,,,1.3,3.2,6.0,335.0,1035.6,,,,
2023-04-22 10:00:00,,,,,,,1.6,3.1,316.0,339.0,1035.8,,,,
2023-04-22 11:00:00,,,,,,,1.0,3.5,325.0,330.0,1035.7,,,,
2023-04-22 12:00:00,,,,,,,1.7,3.5,4.0,317.0,1035.8,,,,
2023-04-22 13:00:00,,,,,,,0.9,3.1,111.0,15.0,1035.5,,,,
2023-04-22 14:00:00,,,,,,,1.3,3.8,228.0,293.0,1035.4,,,,
2023-04-22 15:00:00,,,,,,,2.5,5.6,189.0,199.0,1035.3,,,,
2023-04-22 16:00:00,,,,,,,1.0,3.4,204.0,207.0,1035.3,,,,
2023-04-22 20:00:00,,,,,,,1.0,2.1,206.0,234.0,1034.9,,,,
2023-04-22 21:00:00,,,,,,,1.3,2.2,115.0,155.0,1034.7,,,,
2023-04-22 22:00:00,,,,,,,2.2,2.7,124.0,124.0,1034.7,,,,
2023-04-22 23:00:00,,,,,,,2.7,3.8,97.0,106.0,1034.4,,,,
2023-04-23 00:00:00,,,,,,,4.5,6.3,110.0,107.0,1034.0,,,,
2023-04-23 01:00:00,,,,,,,4.2,5.9,106.0,116.0,1034.3,,,,
2023-04-23 02:00:00,,,,,,,5.8,8.0,102.0,100.0,1033.7,,,,
2023-04-23 03:00:00,,,,,,,5.7,8.1,95.0,103.0,1033.2,,,,
2023-04-23 04:00:00,,,,,,,5.4,7.4,108.0,108.0,1032.8,,,,
2023-04-23 05:00:00,,,,,,,5.9,8.0,102.0,105.0,1031.9,,,,
2023-04-23 06:00:00,,,,,,,6.8,9.9,122.0,111.0,1031.7,,,,
2023-04-23 07:00:00,,,,,,,6.5,10.8,109.0,108.0,1031.2,,,,
2023-04-23 08:00:00,,,,,,,6.1,8.2,106.0,105.0,1031.0,,,,
2023-04-23 09:00:00,,,,,,,5.6,7.4,96.0,101.0,1030.8,,,,
2023-04-23 10:00:00,,,,,,,4.7,6.2,99.0,100.0,1030.5,,,,
2023-04-23 11:00:00,,,,,,,4.0,5.3,103.0,102.0,1030.3,,,,
2023-04-23 12:00:00,,,,,,,3.7,5.5,109.0,110.0,1030.3,,,,
2023-04-23 13:00:00,,,,,,,4.2,5.6,110.0,108.0,1030.2,,,,
2023-04-23 14:00:00,,,,,,,4.9,6.9,106.0,103.0,1030.0,,,,
2023-04-23 15:00:00,,,,,,,4.3,6.0,106.0,104.0,1029.8,,,,
2023-04-23 16:00:00,,,,,,,4.4,6.0,103.0,105.0,1029.7,,,,
2023-04-23 17:00:00,,,,,,,4.4,5.6,103.0,101.0,1029.7,,,,
2023-04-23 18:00:00,,,,,,,3.5,5.2,106.0,106.0,1029.7,,,,
2023-04-23 19:00:00,,,,,,,3.4,4.5,110.0,107.0,1029.5,,,,
2023-04-23 20:00:00,,,,,,,3.2,4.3,109.0,107.0,1029.6,,,,
2023-04-23 21:00:00,,,,,,,2.6,3.3,113.0,107.0,1029.6,,,,
2023-04-23 22:00:00,,,,,,,2.0,2.6,113.0,112.0,1029.8,,,,
2023-04-23 23:00:00,,,,,,,1.1,1.7,113.0,111.0,1030.0,,,,
2023-04-24 00:00:00,,,,,,,0.5,1.2,0.0,123.0,1030.2,,,,
2023-04-24 01:00:00,,,,,,,0.1,1.3,0.0,170.0,1030.3,,,,
2023-04-24 02:00:00,,,,,,,0.1,1.2,313.0,328.0,1030.3,,,,
2023-04-24 03:00:00,,,,,,,1.4,2.1,345.0,321.0,1030.5,,,,
2023-04-24 04:00:00,,,,,,,0.4,1.5,0.0,320.0,1030.5,,,,
2023-04-24 05:00:00,,,,,,13.0,0.7,2.6,0.0,308.0,1030.7,,,,
2023-04-24 06:00:00,,,,,,,1.2,2.2,307.0,307.0,1030.9,,,,
2023-04-24 07:00:00,,,,,,,1.5,2.5,314.0,308.0,1031.1,,,,
2023-04-24 08:00:00,,,,,,,1.1,2.1,311.0,304.0,1031.2,,,,
2023-04-24 09:00:00,,,,,,,0.2,1.8,0.0,317.0,1031.3,,,,
2023-04-24 10:00:00,,,,,,,1.6,4.0,337.0,81.0,1031.1,,,,
2023-04-24 11:00:00,,,,,,46.0,2.5,4.2,107.0,108.0,1031.3,,,,
2023-04-24 12:00:00,,,,,,61.0,2.1,3.9,84.0,102.0,1031.5,,,,
2023-04-24 13:00:00,,,,,,,3.1,4.9,123.0,115.0,1031.7,,,,
2023-04-24 14:00:00,,,,,,,2.9,4.3,111.0,112.0,1031.4,,,,
2023-04-24 15:00:00,,,,,,,3.3,4.6,104.0,111.0,1031.2,,,,
2023-04-24 16:00:00,,,,,,,3.6,4.7,90.0,95.0,1030.9,,,,
2023-04-24 17:00:00,,,,,,,3.8,5.1,126.0,115.0,1030.7,,,,
2023-04-24 18:00:00,,,,,,,3.8,4.8,107.0,117.0,1030.5,,,,
2023-04-24 19:00:00,,,,,,,2.6,4.2,85.0,124.0,1030.3,,,,
2023-04-24 20:00:00,,,,,,,0.2,2.1,291.0,279.0,1030.0,,,,
2023-04-24 21:00:00,,,,,,,1.2,2.3,0.0,305.0,1029.7,,,,
2023-04-24 22:00:00,,,,,,,0.8,2.7,313.0,291.0,1029.6,,,,
2023-04-24 23:00:00,,,,,,,0.7,1.9,0.0,145.0,1029.2,,,,
2023-04-25 00:00:00,,,,,,,2.2,3.9,334.0,90.0,1029.2,,,,
2023-04-25 01:00:00,,,,,,,0.5,2.1,0.0,316.0,1028.6,,,,
2023-04-25 02:00:00,,,,,,,0.8,2.9,346.0,327.0,1028.3,,,,
2023-04-25 03:00:00,,,,,,,1.0,2.6,6.0,355.0,1027.8,,,,
2023-04-25 04:00:00,,,,,,,0.1,1.5,0.0,355.0,1027.4,,,,
2023-04-25 05:00:00,,,,,,,0.9,4.3,83.0,330.0,1027.1,,,,
2023-04-25 06:00:00,,,,,,,2.9,4.3,114.0,102.0,1026.9,,,,
2023-04-25 07:00:00,,,,,,,3.6,5.8,109.0,96.0,1026.5,,,,
2023-04-25 08:00:00,,,,,,,5.1,7.8,98.0,100.0,1026.4,,,,
2023-04-25 09:00:00,,,,,,,6.0,8.5,111.0,107.0,1026.4,,,,
2023-04-25 10:00:00,,,,,,,5.8,7.9,110.0,118.0,1026.3,,,,
2023-04-25 11:00:00,,,,,,,6.2,8.4,115.0,111.0,1025.9,,,,
2023-04-25 12:00:00,,,,,,,5.6,7.6,102.0,107.0,1025.7,,,,
2023-04-25 13:00:00,,,,,,,6.4,8.5,123.0,116.0,1025.3,,,,
2023-04-25 14:00:00,,,,,,,6.3,8.1,126.0,123.0,1025.2,,,,
2023-04-25 15:00:00,,,,,,,6.5,8.8,127.0,120.0,1025.1,,,,
2023-04-25 16:00:00,,,,,,,5.4,7.9,138.0,129.0,1025.0,,,,
2023-04-25 17:00:00,,,,,,,3.8,5.2,119.0,124.0,1025.0,,,,
2023-04-25 18:00:00,,,,,,,3.6,5.4,117.0,119.0,1024.8,,,,
2023-04-25 19:00:00,,,,,,,3.7,4.9,100.0,108.0,1024.9,,,,
2023-04-25 20:00:00,,,,,,,2.9,4.1,93.0,95.0,1024.8,,,,
2023-04-25 21:00:00,,,,,,,3.0,4.7,96.0,92.0,1024.8,,,,
2023-04-25 22:00:00,,,,,,,2.7,3.8,102.0,98.0,1024.9,,,,
2023-04-25 23:00:00,,,,,,,2.6,3.6,102.0,102.0,1024.8,,,,
2023-04-26 00:00:00,,,,,,,2.4,3.7,115.0,104.0,1024.8,,,,
2023-04-26 01:00:00,,,,,,,2.2,3.2,94.0,90.0,1024.6,,,,
2023-04-26 02:00:00,,,,,,,1.6,2.2,112.0,112.0,1024.5,,,,
2023-04-26 03:00:00,,,,,,,2.4,3.3,111.0,107.0,1024.7,,,,
2023-04-26 04:00:00,,,,,,,2.4,3.1,99.0,104.0,1024.8,,,,
2023-04-26 05:00:00,,,,,,,0.6,2.1,0.0,95.0,1024.7,,,,
2023-04-26 06:00:00,,,,,,,0.3,1.3,324.0,310.0,1024.9,,,,
2023-04-26 07:00:00,,,,,,,0.1,1.2,0.0,276.0,1025.2,,,,
2023-04-26 08:00:00,,,,,,,0.7,3.2,111.0,127.0,1025.6,,,,
2023-04-26 09:00:00,,,,,,,3.0,4.2,117.0,117.0,1025.9,,,,
2023-04-26 10:00:00,,,,,,,3.5,5.3,110.0,112.0,1025.9,,,,
2023-04-26 11:00:00,,,,,,,4.7,6.0,109.0,106.0,1026.0,,,,
2023-04-26 12:00:00,,,,,,,2.8,4.8,128.0,114.0,1026.3,,,,
2023-04-26 13:00:00,,,,,,,2.1,3.2,124.0,116.0,1026.5,,,,
2023-04-26 14:00:00,,,,,,,3.4,5.0,118.0,121.0,1026.4,,,,
2023-04-26 15:00:00,,,,,,,2.8,4.1,114.0,109.0,1026.6,,,,
2023-04-26 16:00:00,,,,,,,1.4,2.9,121.0,118.0,1026.5,,,,
2023-04-26 17:00:00,,,,,,,2.9,4.6,108.0,106.0,1026.3,,,,
2023-04-26 18:00:00,,,,,,,2.7,4.4,107.0,107.0,1026.8,,,,
2023-04-26 19:00:00,,,,,,,1.8,3.0,305.0,322.0,1027.2,,,,
2023-04-26 20:00:00,,,,,,,2.4,3.0,298.0,303.0,1027.5,,,,
2023-04-26 21:00:00,,,,,,,2.0,2.8,311.0,307.0,1027.7,,,,
2023-04-26 22:00:00,,,,,,,0.8,2.1,0.0,314.0,1027.9,,,,
2023-04-26 23:00:00,,,,,,,0.0,0.0,0.0,0.0,1028.1,,,,
2023-04-27 00:00:00,,,,,,,0.2,1.6,106.0,140.0,1028.5,,,,
2023-04-27 01:00:00,,,,,,,1.7,2.5,117.0,112.0,1028.8,,,,
2023-04-27 02:00:00,,,,,,,0.5,2.1,0.0,132.0,1028.9,,,,
2023-04-27 03:00:00,,,,,,,0.1,1.3,299.0,318.0,1029.0,,,,
2023-04-27 04:00:00,,,,,,,2.4,3.7,305.0,311.0,1029.0,,,,
2023-04-27 05:00:00,,,,,,,2.9,3.8,317.0,314.0,1028.8,,,,
2023-04-27 06:00:00,,,,,,,2.0,3.1,307.0,305.0,1028.8,,,,
2023-04-27 07:00:00,,,,,,,0.6,2.5,218.0,289.0,1029.0,,,,
2023-04-27 08:00:00,,,,,,,0.1,2.8,335.0,315.0,1029.0,,,,
2023-04-27 09:00:00,,,,,,,0.3,2.3,317.0,342.0,1029.0,,,,
2023-04-27 10:00:00,,,,,,,3.4,6.2,112.0,105.0,1029.3,,,,
2023-04-27 11:00:00,,,,,,,5.1,6.3,118.0,116.0,1029.4,,,,
2023-04-27 12:00:00,,,,,,,5.1,6.4,118.0,117.0,1029.3,,,,
2023-04-27 13:00:00,,,,,,,4.6,6.0,115.0,118.0,1029.4,,,,
2023-04-27 14:00:00,,,,,,,4.4,5.6,123.0,118.0,1029.4,,,,
2023-04-27 15:00:00,,,,,,,3.0,4.9,122.0,122.0,1029.3,,,,
2023-04-27 16:00:00,,,,,,,1.9,3.0,144.0,132.0,1029.3,,,,
2023-04-27 17:00:00,,,,,,,0.1,1.4,0.0,203.0,1029.3,,,,
2023-04-27 18:00:00,,,,,,,1.0,3.6,288.0,262.0,1029.0,,,,
2023-04-27 19:00:00,,,,,,,3.0,4.0,306.0,296.0,1028.9,,,,
2023-04-27 20:00:00,,,,,,,3.8,4.7,303.0,300.0,1029.0,,,,
2023-04-27 21:00:00,,,,,,,3.3,4.4,294.0,294.0,1028.9,,,,
2023-04-27 22:00:00,,,,,,,3.2,4.1,295.0,296.0,1028.9,,,,
2023-04-27 23:00:00,,,,,,,2.9,4.2,289.0,293.0,1028.9,,,,
2023-04-28 00:00:00,,,,,,,2.5,3.6,297.0,299.0,1029.0,,,,
2023-04-28 01:00:00,,,,,,,2.4,3.8,300.0,302.0,1029.1,,,,
2023-04-28 02:00:00,,,,,,,2.0,3.3,339.0,304.0,1029.0,,,,
2023-04-28 03:00:00,,,,,,,0.8,2.1,343.0,342.0,1029.0,,,,
2023-04-28 04:00:00,,,,,,,0.2,1.4,0.0,340.0,1029.1,,,,
2023-04-28 05:00:00,,,,,,,0.5,1.8,11.0,355.0,1029.3,,,,
2023-04-28 06:00:00,,,,,,,0.6,2.0,0.0,9.0,1029.3,,,,
2023-04-28 07:00:00,,,,,,,0.4,1.7,7.0,340.0,1029.6,,,,
2023-04-28 08:00:00,,,,,,,1.3,2.7,360.0,339.0,1029.9,,,,
2023-04-28 09:00:00,,,,,,,0.5,1.9,123.0,341.0,1030.0,,,,
2023-04-28 10:00:00,,,,,,,0.7,3.7,84.0,89.0,1030.1,,,,
2023-04-28 11:00:00,,,,,,,2.9,4.8,85.0,85.0,1030.2,,,,
2023-04-28 12:00:00,,,,,,,4.0,5.9,129.0,112.0,1030.4,,,,
2023-04-28 13:00:00,,,,,,,3.4,4.9,175.0,131.0,1030.5,,,,
2023-04-28 14:00:00,,,,,,,1.4,2.9,175.0,187.0,1030.4,,,,
2023-04-28 15:00:00,,,,,,,1.4,2.1,239.0,214.0,1030.1,,,,
2023-04-28 16:00:00,,,,,,,1.0,2.0,280.0,245.0,1030.1,,,,
2023-04-28 17:00:00,,,,,,,1.4,2.7,300.0,303.0,1029.8,,,,
2023-04-28 18:00:00,,,,,,,2.1,3.3,305.0,303.0,1029.6,,,,
2023-04-28 19:00:00,,,,,,,2.6,3.9,295.0,298.0,1029.4,,,,
2023-04-28 20:00:00,,,,,,,2.5,3.5,305.0,307.0,1029.3,,,,
2023-04-28 21:00:00,,,,,,,2.2,3.0,304.0,303.0,1029.0,,,,
2023-04-28 22:00:00,,,,,,,0.5,2.6,0.0,313.0,1029.0,,,,
2023-04-28 23:00:00,,,,,,,0.3,1.5,0.0,309.0,1028.9,,,,
2023-04-29 00:00:00,,,,,,,0.0,1.0,358.0,0.0,1029.0,,,,
2023-04-29 01:00:00,,,,,,,0.0,1.1,0.0,0.0,1028.8,,,,
2023-04-29 02:00:00,,,,,,,0.0,0.0,0.0,0.0,1028.4,,,,
2023-04-29 03:00:00,,,,,,,0.0,0.6,0.0,0.0,1028.2,,,,
2023-04-29 04:00:00,,,,,,,0.0,0.4,0.0,0.0,1027.9,,,,
2023-04-29 05:00:00,,,,,,,2.0,3.7,69.0,68.0,1027.6,,,,
2023-04-29 06:00:00,,,,,,,2.2,3.4,72.0,70.0,1027.7,,,,
2023-04-29 07:00:00,,,,,,,0.8,3.0,0.0,51.0,1027.8,,,,
2023-04-29 08:00:00,,,,,,,1.2,2.5,61.0,48.0,1027.8,,,,
2023-04-29 09:00:00,,,,,,,2.5,3.8,89.0,80.0,1027.7,,,,
2023-04-29 10:00:00,,,,,,,4.3,6.9,89.0,91.0,1027.5,,,,
2023-04-29 11:00:00,,,,,,,4.3,6.2,92.0,88.0,1027.2,,,,
2023-04-29 12:00:00,,,,,,,5.0,7.5,110.0,108.0,1026.9,,,,
2023-04-29 13:00:00,,,,,,,6.7,8.5,117.0,115.0,1026.6,,,,
2023-04-29 14:00:00,,,,,,,6.8,8.7,113.0,115.0,1026.5,,,,
2023-04-29 15:00:00,,,,,,,6.3,8.7,115.0,116.0,1026.2,,,,
2023-04-29 16:00:00,,,,,,,4.7,6.7,97.0,109.0,1025.7,,,,
2023-04-29 17:00:00,,,,,,,2.9,4.4,114.0,106.0,1025.3,,,,
2023-04-29 18:00:00,,,,,,,2.3,4.1,295.0,167.0,1024.8,,,,
2023-04-29 19:00:00,,,,,,,2.5,3.5,308.0,305.0,1024.4,,,,
2023-04-29 20:00:00,,,,,,,1.4,2.5,288.0,298.0,1024.1,,,,
2023-04-29 21:00:00,,,,,,,0.2,1.7,0.0,329.0,1023.8,,,,
2023-04-29 22:00:00,,,,,,,0.1,1.4,345.0,220.0,1023.4,,,,
2023-04-29 23:00:00,,,,,,,0.3,2.2,290.0,344.0,1023.1,,,,
2023-04-30 00:00:00,,,,,,,1.1,3.6,281.0,42.0,1022.7,,,,
2023-04-30 01:00:00,,,,,,,2.3,6.4,68.0,69.0,1022.3,,,,
2023-04-30 02:00:00,,,,,,,4.5,8.5,84.0,84.0,1022.1,,,,
2023-04-30 03:00:00,,,,,,,6.0,10.8,103.0,94.0,1022.1,,,,
2023-04-30 04:00:00,,,,,,,5.7,10.0,94.0,93.0,1022.0,,,,
2023-04-30 05:00:00,,,,,,,9.4,13.8,112.0,111.0,1021.6,,,,
2023-04-30 06:00:00,,,,,,,10.1,13.9,110.0,113.0,1021.5,,,,
2023-04-30 07:00:00,,,,,,,11.3,16.1,115.0,114.0,1021.4,,,,
2023-04-30 08:00:00,,,,,,,10.5,14.1,118.0,117.0,1021.3,,,,
2023-04-30 09:00:00,,,,,,,9.8,13.9,119.0,119.0,1021.2,,,,
2023-04-30 10:00:00,,,,,,,8.1,15.7,118.0,112.0,1020.8,,,,
2023-04-30 11:00:00,,,,,,,12.1,16.7,118.0,118.0,1021.2,,,,
2023-04-30 12:00:00,,,,,,,9.9,14.8,125.0,121.0,1021.2,,,,
2023-04-30 13:00:00,,,,,,,10.0,14.1,120.0,124.0,1021.4,,,,
2023-04-30 14:00:00,,,,,,,9.7,14.2,118.0,117.0,1021.0,,,,
2023-04-30 15:00:00,,,,,,,11.3,15.4,106.0,114.0,1021.1,,,,
2023-04-30 16:00:00,,,,,,,7.7,12.5,110.0,113.0,1021.0,,,,
2023-04-30 17:00:00,,,,,,,7.6,10.5,99.0,103.0,1021.1,,,,
2023-04-30 18:00:00,,,,,,,7.1,10.4,97.0,99.0,1021.6,,,,
2023-04-30 19:00:00,,,,,,,7.0,10.9,102.0,101.0,1021.8,,,,
2023-04-30 20:00:00,,,,,,,9.0,12.4,100.0,98.0,1022.2,,,,
2023-04-30 21:00:00,,,,,,,7.3,10.0,98.0,99.0,1022.6,,,,
2023-04-30 22:00:00,,,,,,,5.8,9.0,147.0,111.0,1023.7,,,,
2023-04-30 23:00:00,,,,,,,3.4,4.7,293.0,288.0,1024.7,,,,
2023-05-01 00:00:00,,,,,,,2.8,4.3,283.0,291.0,1025.2,,,,
2023-05-01 01:00:00,,,,,,,2.6,4.0,260.0,267.0,1025.8,,,,
2023-05-01 02:00:00,,,,,,,3.0,4.6,271.0,265.0,1026.1,,,,
2023-05-01 03:00:00,,,,,,,1.9,3.0,317.0,304.0,1026.4,,,,
2023-05-01 04:00:00,,,,,,,1.4,2.7,10.0,345.0,1026.6,,,,
2023-05-01 05:00:00,,,,,,,1.1,2.5,67.0,73.0,1027.1,,,,
2023-05-01 06:00:00,,,,,,,2.2,3.8,75.0,69.0,1027.4,,,,
2023-05-01 07:00:00,,,,,,,2.9,4.9,109.0,92.0,1027.6,,,,
2023-05-01 08:00:00,,,,,,,4.5,6.8,123.0,121.0,1027.7,,,,
2023-05-01 09:00:00,,,,,,,4.6,6.7,92.0,108.0,1027.7,,,,
2023-05-01 10:00:00,,,,,,,5.0,7.7,116.0,110.0,1027.6,,,,
2023-05-01 11:00:00,,,,,,,4.9,8.3,120.0,111.0,1027.6,,,,
2023-05-01 12:00:00,,,,,,,7.1,10.0,116.0,121.0,1027.5,,,,
2023-05-01 13:00:00,,,,,,,8.3,11.1,116.0,117.0,1027.4,,,,
2023-05-01 14:00:00,,,,,,,8.3,11.0,125.0,122.0,1027.1,,,,
2023-05-01 15:00:00,,,,,,,7.3,9.2,128.0,128.0,1027.1,,,,
2023-05-01 16:00:00,,,,,,,6.9,8.7,125.0,125.0,1027.1,,,,
2023-05-01 17:00:00,,,,,,,6.2,7.8,126.0,125.0,1027.0,,,,
2023-05-01 18:00:00,,,,,,,5.8,7.4,127.0,126.0,1027.0,,,,
2023-05-01 19:00:00,,,,,,,4.8,7.0,131.0,128.0,1027.2,,,,
2023-05-01 20:00:00,,,,,,,3.6,4.6,124.0,124.0,1027.2,,,,
2023-05-01 21:00:00,,,,,,,1.3,3.7,202.0,176.0,1027.2,,,,
2023-05-01 22:00:00,,,,,,,0.1,1.0,0.0,212.0,1027.3,,,,
2023-05-01 23:00:00,,,,,,,0.3,1.8,323.0,293.0,1027.4,,,,
2023-05-02 00:00:00,,,,,,,0.1,1.2,0.0,341.0,1027.3,,,,
2023-05-02 01:00:00,,,,,,,0.2,1.8,359.0,1.0,1027.4,,,,
2023-05-02 02:00:00,,,,,,,0.1,1.5,0.0,8.0,1027.1,,,,
2023-05-02 03:00:00,,,,,,,0.0,0.0,0.0,0.0,1026.9,,,,
2023-05-02 04:00:00,,,,,,,0.1,1.3,0.0,3.0,1027.1,,,,
2023-05-02 05:00:00,,,,,,,1.4,3.5,72.0,72.0,1027.1,,,,
2023-05-02 06:00:00,,,,,,,3.0,5.8,84.0,76.0,1027.3,,,,
2023-05-02 07:00:00,,,,,,,4.7,7.5,100.0,93.0,1027.6,,,,
2023-05-02 08:00:00,,,,,,,7.6,10.1,115.0,112.0,1027.6,,,,
2023-05-02 09:00:00,,,,,,,7.4,9.6,119.0,117.0,1027.7,,,,
2023-05-02 10:00:00,,,,,,,7.8,10.5,122.0,119.0,1027.8,,,,
2023-05-02 11:00:00,,,,,,,8.2,11.3,121.0,122.0,1027.8,,,,
2023-05-02 12:00:00,,,,,,,8.4,10.8,121.0,120.0,1027.9,,,,
2023-05-02 13:00:00,,,,,,,7.4,9.8,119.0,118.0,1027.6,,,,
2023-05-02 14:00:00,,,,,,,7.5,9.9,117.0,118.0,1027.5,,,,
2023-05-02 15:00:00,,,,,,,6.9,9.0,118.0,121.0,1027.3,,,,
2023-05-02 16:00:00,,,,,,,6.4,8.5,114.0,118.0,1027.4,,,,
2023-05-02 17:00:00,,,,,,,6.0,7.8,125.0,120.0,1027.0,,,,
2023-05-02 18:00:00,,,,,,,6.2,8.3,120.0,123.0,1026.7,,,,
2023-05-02 19:00:00,,,,,,,5.9,8.4,128.0,126.0,1026.8,,,,
2023-05-02 20:00:00,,,,,,,4.7,6.7,92.0,113.0,1026.6,,,,
2023-05-02 21:00:00,,,,,,,4.9,6.8,96.0,94.0,1026.2,,,,
2023-05-02 22:00:00,,,,,,,4.0,5.8,108.0,107.0,1025.9,,,,
2023-05-02 23:00:00,,,,,,,4.1,5.5,102.0,101.0,1025.5,,,,
2023-05-03 00:00:00,,,,,,,4.9,7.0,108.0,111.0,1025.1,,,,
2023-05-03 01:00:00,,,,,,,5.2,7.2,116.0,114.0,1025.0,,,,
2023-05-03 02:00:00,,,,,,,4.6,6.1,104.0,108.0,1024.5,,,,
2023-05-03 03:00:00,,,,,,,5.1,7.9,110.0,105.0,1024.1,,,,
2023-05-03 04:00:00,,,,,,,6.6,8.8,113.0,113.0,1023.6,,,,
2023-05-03 05:00:00,,,,,,,7.5,10.0,108.0,113.0,1023.2,,,,
2023-05-03 06:00:00,,,,,,,7.4,10.1,109.0,111.0,1023.3,,,,
2023-05-03 07:00:00,,,,,,,6.7,9.3,116.0,122.0,1023.0,,,,
2023-05-03 08:00:00,,,,,,,7.5,10.1,114.0,114.0,1022.4,,,,
2023-05-03 09:00:00,,,,,,,8.1,10.4,115.0,115.0,1022.0,,,,
2023-05-03 10:00:00,,,,,,,8.0,11.1,128.0,121.0,1021.9,,,,
2023-05-03 11:00:00,,,,,,,7.1,10.9,108.0,118.0,1021.8,,,,
2023-05-03 12:00:00,,,,,,,6.4,9.0,107.0,115.0,1021.3,,,,
2023-05-03 13:00:00,,,,,,,5.7,8.3,110.0,108.0,1020.9,,,,
2023-05-03 14:00:00,,,,,,,6.3,8.7,98.0,103.0,1020.1,,,,
2023-05-03 15:00:00,,,,,,,5.6,8.2,97.0,97.0,1019.7,,,,
2023-05-03 16:00:00,,,,,,,6.1,8.1,104.0,104.0,1019.0,,,,
2023-05-03 17:00:00,,,,,,,7.1,10.5,123.0,111.0,1018.6,,,,
2023-05-03 18:00:00,9.6,9.6,9.6,9.6,9.6,,6.9,10.1,103.0,108.0,1018.7,,,,
2023-05-03 19:00:00,,,,,,,6.1,8.1,110.0,105.0,1019.3,,,,
2023-05-03 20:00:00,11.4,11.5,,11.2,,,4.3,7.0,125.0,118.0,1019.3,,,,
2023-05-03 21:00:00,13.1,13.5,,12.3,,,4.2,6.1,157.0,152.0,1019.0,,,,
2023-05-03 22:00:00,13.1,13.6,,12.6,,,2.4,4.0,172.0,171.0,1018.6,,,,
2023-05-03 23:00:00,12.3,12.6,,12.0,,11.0,3.2,4.6,190.0,178.0,1018.3,,,,
2023-05-04 00:00:00,11.9,12.2,,11.6,,,2.4,3.9,207.0,204.0,1018.2,,,,
2023-05-04 01:00:00,11.9,12.2,,11.6,,,0.8,2.4,0.0,218.0,1018.4,,,,
2023-05-04 02:00:00,11.6,11.9,,11.3,,,0.0,0.4,0.0,0.0,1018.7,,,,
2023-05-04 03:00:00,11.7,12.1,,11.6,,,0.0,0.0,0.0,0.0,1019.1,,,,
2023-05-04 04:00:00,11.4,11.8,,11.2,,,0.0,0.0,0.0,0.0,1019.5,,,,
2023-05-04 05:00:00,10.3,11.2,,9.3,,,0.0,0.0,0.0,0.0,1020.2,,,,
2023-05-04 06:00:00,11.0,11.4,13.6,10.4,9.3,,0.0,0.4,0.0,0.0,1020.7,,,,
2023-05-04 07:00:00,6.2,10.9,,4.1,,,2.5,3.9,296.0,299.0,1021.3,,,,
2023-05-04 08:00:00,3.7,4.1,,3.4,,,2.9,4.0,310.0,302.0,1021.8,,,,
2023-05-04 09:00:00,3.3,3.6,,3.1,,,3.2,4.2,309.0,304.0,1022.1,,,,
2023-05-04 10:00:00,3.5,3.9,,3.1,,29.0,2.9,4.7,300.0,298.0,1022.1,,,,
2023-05-04 11:00:00,,,,,,,2.9,4.5,298.0,300.0,1022.6,,,,
2023-05-04 12:00:00,,,,,,,2.8,4.6,290.0,293.0,1022.6,,,,
2023-05-04 13:00:00,,,,,,,3.1,5.1,291.0,288.0,1022.7,,,,
2023-05-04 14:00:00,,,,,,,3.4,5.4,294.0,295.0,1022.7,,,,
2023-05-04 15:00:00,,,,,,,1.4,7.6,293.0,330.0,1022.6,,,,
2023-05-04 16:00:00,,,,,,,2.6,7.1,357.0,320.0,1022.5,,,,
2023-05-04 17:00:00,,,,,,,5.7,9.6,62.0,51.0,1022.6,,,,
2023-05-04 18:00:00,,,11.0,,3.1,,4.3,8.3,312.0,26.0,1022.8,,,,
2023-05-04 19:00:00,,,,,,,1.6,5.5,326.0,349.0,1023.3,,,,
2023-05-04 20:00:00,,,,,,,4.0,8.3,114.0,137.0,1023.5,,,,
2023-05-04 21:00:00,,,,,,,6.1,8.2,113.0,115.0,1023.6,,,,
2023-05-04 22:00:00,,,,,,,5.2,7.0,117.0,116.0,1023.7,,,,
2023-05-04 23:00:00,,,,,,,4.3,5.5,128.0,123.0,1023.9,,,,
2023-05-05 00:00:00,,,,,,,3.4,4.5,142.0,134.0,1023.7,,,,
2023-05-05 01:00:00,,,,,,,2.4,3.9,153.0,148.0,1023.4,,,,
2023-05-05 02:00:00,,,,,,,0.3,2.3,102.0,129.0,1023.3,,,,
2023-05-05 03:00:00,,,,,,,0.4,1.4,336.0,3.0,1023.1,,,,
2023-05-05 04:00:00,,,,,,,0.7,2.2,328.0,337.0,1022.7,,,,
2023-05-05 05:00:00,,,,,,,0.6,2.0,1.0,325.0,1022.2,,,,
2023-05-05 06:00:00,,,,,,,0.8,1.9,318.0,309.0,1022.3,,,,
2023-05-05 07:00:00,,,,,,,0.0,0.5,0.0,0.0,1021.8,,,,
2023-05-05 08:00:00,,,,,,,0.1,1.2,91.0,103.0,1021.4,,,,
2023-05-05 09:00:00,,,,,,,0.4,1.7,114.0,96.0,1020.9,,,,
2023-05-05 10:00:00,,,,,,,0.8,2.1,79.0,85.0,1020.3,,,,
2023-05-05 11:00:00,,,,,,,2.1,2.6,158.0,,1019.7,,,,
2023-05-05 12:00:00,,,,,,,2.0,3.7,153.0,155.0,1019.1,,,,
2023-05-05 13:00:00,,,,,,,2.7,4.2,141.0,138.0,1018.2,,,,
2023-05-05 14:00:00,,,,,,,3.3,4.2,154.0,152.0,1017.5,,,,
2023-05-05 15:00:00,,,,,,,3.0,4.1,136.0,143.0,1016.4,,,,
2023-05-05 16:00:00,,,,,,,3.0,4.2,147.0,142.0,1015.5,,,,
2023-05-05 17:00:00,,,,,,,3.1,5.1,149.0,151.0,1014.3,,,,
2023-05-05 18:00:00,,,,,,,3.3,4.5,139.0,148.0,1013.3,,,,
2023-05-05 19:00:00,,,,,,,3.0,4.3,118.0,121.0,1012.5,,,,
2023-05-05 20:00:00,,,,,,,2.9,4.0,98.0,112.0,1011.6,,,,
2023-05-05 21:00:00,,,,,,,3.1,3.9,97.0,95.0,1010.7,,,,
2023-05-05 22:00:00,,,,,,,3.0,3.7,113.0,107.0,1010.0,,,,
2023-05-05 23:00:00,,,,,,,3.4,4.3,103.0,106.0,1009.3,,,,
2023-05-06 00:00:00,,,,,,,2.9,3.9,94.0,98.0,1008.5,,,,
2023-05-06 01:00:00,,,,,,,1.9,3.1,86.0,92.0,1008.0,,,,
2023-05-06 02:00:00,,,,,,,1.7,2.4,91.0,92.0,1007.4,,,,
2023-05-06 03:00:00,,,,,,,2.2,3.4,93.0,87.0,1006.8,,,,
2023-05-06 04:00:00,,,,,,,1.5,2.5,99.0,87.0,1006.4,,,,
2023-05-06 05:00:00,,,,,,,2.3,3.1,93.0,88.0,1006.1,,,,
2023-05-06 06:00:00,,,,,,,2.2,2.9,90.0,92.0,1006.0,,,,
2023-05-06 07:00:00,,,,,,,2.4,3.3,125.0,97.0,1005.8,,,,
2023-05-06 08:00:00,,,,,,,2.1,3.0,96.0,102.0,1005.4,,,,
2023-05-06 09:00:00,,,,,,,2.3,3.0,111.0,92.0,1005.1,,,,
2023-05-06 10:00:00,,,,,,,2.5,3.9,106.0,109.0,1005.2,,,,
2023-05-06 11:00:00,,,,,,,2.2,3.3,91.0,102.0,1005.1,,,,
2023-05-06 12:00:00,,,,,,,2.2,4.0,146.0,103.0,1004.8,,,,
2023-05-06 13:00:00,,,,,,,2.5,3.6,120.0,125.0,1004.7,,,,
2023-05-06 14:00:00,,,,,,,1.2,2.2,159.0,144.0,1004.7,,,,
2023-05-06 15:00:00,,,,,,,0.1,1.0,129.0,163.0,1004.5,,,,
2023-05-06 16:00:00,,,,,,,0.6,1.6,237.0,222.0,1004.4,,,,
2023-05-06 17:00:00,,,,,,,1.9,2.8,319.0,301.0,1004.3,,,,
2023-05-06 18:00:00,,,,,,,2.4,3.5,306.0,310.0,1004.2,,,,
2023-05-06 19:00:00,,,,,,,2.6,3.7,301.0,298.0,1004.4,,,,
2023-05-06 20:00:00,,,,,,,2.4,3.7,301.0,302.0,1004.2,,,,
2023-05-06 21:00:00,,,,,,,0.9,2.0,312.0,311.0,1004.3,,,,
2023-05-06 22:00:00,,,,,,,1.1,1.9,309.0,304.0,1004.3,,,,
2023-05-06 23:00:00,,,,,,,0.2,1.1,0.0,360.0,1004.2,,,,
2023-05-07 00:00:00,,,,,,,0.1,0.8,0.0,148.0,1004.2,,,,
2023-05-07 01:00:00,,,,,,,0.0,0.8,0.0,0.0,1004.1,,,,
2023-05-07 02:00:00,,,,,,,0.0,0.0,0.0,0.0,1004.0,,,,
2023-05-07 03:00:00,,,,,,,0.0,0.0,0.0,0.0,1003.7,,,,
2023-05-07 04:00:00,,,,,,,0.2,1.1,0.0,100.0,1003.8,,,,
2023-05-07 05:00:00,,,,,,,0.7,1.9,96.0,104.0,1003.5,,,,
2023-05-07 06:00:00,,,,,,,1.8,2.5,82.0,95.0,1003.5,,,,
2023-05-07 07:00:00,,,,,,,2.1,3.0,98.0,83.0,1003.7,,,,
2023-05-07 08:00:00,,,,,,,1.2,2.4,106.0,112.0,1003.7,,,,
2023-05-07 09:00:00,,,,,,,0.4,1.6,173.0,142.0,1003.9,,,,
2023-05-07 10:00:00,,,,,,,1.1,2.5,156.0,156.0,1004.0,,,,
2023-05-07 11:00:00,,,,,,,1.9,2.4,106.0,112.0,1004.0,,,,
2023-05-07 12:00:00,,,,,,,1.6,2.3,131.0,117.0,1004.2,,,,
2023-05-07 13:00:00,,,,,,,1.3,1.8,120.0,127.0,1004.3,,,,
2023-05-07 14:00:00,,,,,,,0.7,1.8,178.0,138.0,1004.1,,,,
2023-05-07 15:00:00,,,,,,,0.3,1.6,149.0,152.0,1004.0,,,,
2023-05-07 16:00:00,,,,,,,0.3,1.4,257.0,197.0,1004.0,,,,
2023-05-07 17:00:00,,,,,,,2.0,3.4,292.0,289.0,1004.1,,,,
2023-05-07 18:00:00,,,,,,,2.7,3.4,284.0,292.0,1004.1,,,,
2023-05-07 19:00:00,,,,,,,3.0,3.7,302.0,305.0,1004.1,,,,
2023-05-07 20:00:00,,,,,,,3.4,4.3,303.0,301.0,1004.1,,,,
2023-05-07 21:00:00,,,,,,,1.9,3.1,307.0,302.0,1004.2,,,,
2023-05-07 22:00:00,,,,,,,1.3,3.3,82.0,95.0,1004.4,,,,
2023-05-07 23:00:00,,,,,,,2.0,4.3,28.0,56.0,1004.6,,,,
2023-05-08 00:00:00,,,,,,,0.9,3.4,61.0,68.0,1004.8,,,,
2023-05-08 01:00:00,,,,,,,1.5,4.6,80.0,35.0,1005.2,,,,
2023-05-08 02:00:00,,,,,,,1.5,4.4,109.0,103.0,1005.6,,,,
2023-05-08 03:00:00,,,,,,,1.4,3.3,40.0,67.0,1005.7,,,,
2023-05-08 04:00:00,,,,,,,1.3,2.4,342.0,355.0,1005.6,,,,
2023-05-08 05:00:00,,,,,,,0.1,1.4,0.0,333.0,1005.9,,,,
2023-05-08 06:00:00,,,,,,,0.1,1.0,0.0,23.0,1006.1,,,,
2023-05-08 07:00:00,,,,,,,1.5,3.3,86.0,80.0,1006.3,,,,
2023-05-08 08:00:00,,,,,,,2.4,3.4,91.0,86.0,1006.6,,,,
2023-05-08 09:00:00,,,,,,,2.2,3.6,93.0,87.0,1006.7,,,,
2023-05-08 10:00:00,,,,,,,2.1,2.8,118.0,94.0,1007.1,,,,
2023-05-08 11:00:00,,,,,,,1.4,1.9,143.0,137.0,1007.3,,,,
2023-05-08 12:00:00,,,,,,,1.4,1.9,82.0,104.0,1007.5,,,,
2023-05-08 13:00:00,,,,,,,0.6,1.9,128.0,120.0,1007.6,,,,
2023-05-08 14:00:00,,,,,,,1.2,1.7,193.0,160.0,1007.6,,,,
2023-05-08 15:00:00,,,,,,,0.8,1.7,0.0,213.0,1007.9,,,,
2023-05-08 16:00:00,,,,,,,0.3,1.4,315.0,267.0,1007.9,,,,
2023-05-08 17:00:00,,,,,,,1.3,3.2,278.0,264.0,1007.9,,,,
2023-05-08 18:00:00,,,,,,,1.8,3.6,286.0,292.0,1008.0,,,,
2023-05-08 19:00:00,,,,,,,2.8,4.4,305.0,299.0,1008.0,,,,
2023-05-08 20:00:00,,,,,,,2.6,4.2,306.0,298.0,1008.1,,,,
2023-05-08 21:00:00,,,,,,,2.4,4.0,304.0,304.0,1008.3,,,,
2023-05-08 22:00:00,,,,,,,1.2,2.9,111.0,61.0,1008.3,,,,
2023-05-08 23:00:00,,,,,,,2.5,3.3,143.0,133.0,1008.6,,,,
2023-05-09 00:00:00,,,,,,,2.6,3.2,145.0,143.0,1008.8,,,,
2023-05-09 01:00:00,,,,,,,3.3,4.7,134.0,134.0,1009.0,,,,
2023-05-09 02:00:00,,,,,,,3.6,4.5,125.0,131.0,1009.2,,,,
2023-05-09 03:00:00,,,,,,,4.4,5.7,131.0,128.0,1009.3,,,,
2023-05-09 04:00:00,,,,,,,4.3,5.5,135.0,133.0,1009.3,,,,
2023-05-09 05:00:00,,,,,,,4.2,6.6,133.0,133.0,1009.6,,,,
2023-05-09 06:00:00,,,,,,,4.8,6.8,124.0,122.0,1010.0,,,,
2023-05-09 07:00:00,,,,,,,3.9,6.0,141.0,142.0,1010.4,,,,
2023-05-09 08:00:00,,,,,,,2.8,3.9,139.0,147.0,1010.6,,,,
2023-05-09 09:00:00,,,,,,,1.6,2.6,128.0,129.0,1011.1,,,,
2023-05-09 10:00:00,,,,,,,1.9,3.4,130.0,115.0,1011.4,,,,
2023-05-09 11:00:00,,,,,,,1.8,3.1,111.0,111.0,1011.7,,,,
2023-05-09 12:00:00,,,,,,,0.6,2.1,35.0,88.0,1012.2,,,,
2023-05-09 13:00:00,,,,,,,0.2,1.3,0.0,82.0,1012.4,,,,
2023-05-09 14:00:00,,,,,,,0.0,0.7,0.0,0.0,1012.6,,,,
2023-05-09 15:00:00,,,,,,,0.2,1.1,252.0,192.0,1012.8,,,,
2023-05-09 16:00:00,,,,,,,1.5,2.8,306.0,299.0,1013.0,,,,
2023-05-09 17:00:00,,,,,,,2.3,3.0,310.0,307.0,1013.1,,,,
2023-05-09 18:00:00,,,,,,,1.8,3.0,302.0,301.0,1013.2,,,,
2023-05-09 19:00:00,,,,,,,2.9,4.0,295.0,296.0,1013.4,,,,
2023-05-09 20:00:00,,,,,,,3.6,4.5,290.0,295.0,1013.3,,,,
2023-05-09 21:00:00,,,,,,,4.0,5.3,298.0,294.0,1013.5,,,,
2023-05-09 22:00:00,,,,,,,4.0,5.4,299.0,298.0,1013.6,,,,
2023-05-09 23:00:00,,,,,,,0.9,3.3,81.0,71.0,1013.7,,,,
2023-05-10 00:00:00,,,,,,,2.5,4.1,82.0,78.0,1013.8,,,,
2023-05-10 01:00:00,,,,,,,3.7,5.1,87.0,89.0,1014.0,,,,
2023-05-10 02:00:00,,,,,,,3.1,5.2,85.0,87.0,1014.1,,,,
2023-05-10 03:00:00,,,,,,,2.6,4.1,90.0,110.0,1014.0,,,,
2023-05-10 04:00:00,,,,,,,2.4,3.5,82.0,93.0,1013.9,,,,
2023-05-10 05:00:00,,,,,,,2.5,3.7,85.0,85.0,1013.9,,,,
2023-05-10 06:00:00,,,,,,,2.1,4.2,68.0,81.0,1013.9,,,,
2023-05-10 07:00:00,,,,,,,1.5,3.3,161.0,108.0,1013.8,,,,
2023-05-10 08:00:00,,,,,,,1.6,2.6,177.0,172.0,1013.7,,,,
2023-05-10 09:00:00,,,,,,,0.0,0.9,0.0,0.0,1013.4,,,,
2023-05-10 10:00:00,,,,,,,0.0,0.0,0.0,0.0,1013.2,,,,
2023-05-10 11:00:00,,,,,,,0.1,1.4,315.0,266.0,1012.9,,,,
2023-05-10 12:00:00,,,,,,,0.5,2.1,292.0,304.0,1012.6,,,,
2023-05-10 13:00:00,,,,,,,0.6,2.3,286.0,274.0,1012.0,,,,
2023-05-10 14:00:00,,,,,,,2.0,3.1,307.0,304.0,1011.3,,,,
2023-05-10 15:00:00,,,,,,,2.6,3.8,302.0,307.0,1010.3,,,,
2023-05-10 16:00:00,,,,,,,2.8,4.4,298.0,295.0,1009.3,,,,
2023-05-10 17:00:00,,,,,,,3.8,5.2,292.0,297.0,1008.2,,,,
2023-05-10 18:00:00,,,,,,,4.1,5.2,296.0,293.0,1007.3,,,,
2023-05-10 19:00:00,,,,,,,4.1,5.4,292.0,293.0,1006.3,,,,
2023-05-10 20:00:00,,,,,,,3.8,4.9,294.0,294.0,1005.3,,,,
2023-05-10 21:00:00,,,,,,,3.8,5.0,294.0,292.0,1004.4,,,,
2023-05-10 22:00:00,,,,,,,2.9,4.7,278.0,287.0,1003.7,,,,
2023-05-10 23:00:00,,,,,,,1.4,2.9,70.0,118.0,1003.4,,,,
2023-05-11 00:00:00,,,,,,,2.9,7.4,55.0,51.0,1003.1,,,,
2023-05-11 01:00:00,,,,,,,4.7,8.5,67.0,63.0,1003.2,,,,
2023-05-11 02:00:00,,,,,,,3.4,5.8,76.0,76.0,1002.9,,,,
2023-05-11 03:00:00,,,,,,,3.7,5.7,47.0,64.0,1002.7,,,,
2023-05-11 04:00:00,,,,,,,3.6,5.4,65.0,54.0,1002.7,,,,
2023-05-11 05:00:00,,,,,,,4.4,6.6,58.0,59.0,1002.6,,,,
2023-05-11 06:00:00,,,,,,,4.5,6.8,51.0,57.0,1002.8,,,,
2023-05-11 07:00:00,,,,,,,4.3,7.0,9.0,49.0,1002.6,,,,
2023-05-11 08:00:00,,,,,,,2.6,4.6,1.0,8.0,1002.4,,,,
2023-05-11 09:00:00,,,,,,,4.8,8.5,35.0,33.0,1002.1,,,,
2023-05-11 10:00:00,,,,,,,6.6,9.7,49.0,49.0,1002.2,,,,
2023-05-11 11:00:00,,,,,,,6.7,9.9,53.0,47.0,1001.7,,,,
2023-05-11 12:00:00,,,,,,,6.7,10.0,48.0,50.0,1001.2,,,,
2023-05-11 13:00:00,,,,,,,7.8,10.6,48.0,45.0,1000.6,,,,
2023-05-11 14:00:00,,,,,,,7.1,9.9,41.0,40.0,1000.2,,,,
2023-05-11 15:00:00,,,,,,,5.3,8.4,40.0,39.0,1000.0,,,,
2023-05-11 16:00:00,,,,,,,3.2,7.1,44.0,101.0,999.3,,,,
2023-05-11 17:00:00,,,,,,,2.8,5.4,263.0,306.0,999.1,,,,
2023-05-11 18:00:00,,,,,,,3.6,5.0,285.0,271.0,999.0,,,,
2023-05-11 19:00:00,,,,,,,3.0,4.3,277.0,280.0,999.1,,,,
2023-05-11 20:00:00,,,,,,,2.0,3.8,260.0,260.0,999.3,,,,
2023-05-11 21:00:00,,,,,,,1.3,2.4,247.0,272.0,999.4,,,,
2023-05-11 22:00:00,,,,,,,0.6,1.5,153.0,200.0,999.9,,,,
2023-05-11 23:00:00,,,,,,,2.1,3.3,127.0,128.0,1000.2,,,,
2023-05-12 00:00:00,,,,,,,2.9,4.0,99.0,108.0,1000.7,,,,
2023-05-12 01:00:00,,,,,,,3.4,4.7,89.0,94.0,1001.2,,,,
2023-05-12 02:00:00,,,,,,,3.2,4.7,81.0,81.0,1001.6,,,,
2023-05-12 03:00:00,,,,,,,3.0,4.7,73.0,78.0,1001.9,,,,
2023-05-12 04:00:00,,,,,,,3.0,4.4,70.0,72.0,1002.2,,,,
2023-05-12 05:00:00,,,,,,,3.2,4.7,71.0,64.0,1002.5,,,,
2023-05-12 06:00:00,,,,,,,2.7,4.3,70.0,64.0,1003.1,,,,
2023-05-12 07:00:00,,,,,,,2.0,3.6,90.0,84.0,1003.6,,,,
2023-05-12 08:00:00,,,,,,,1.7,3.0,45.0,73.0,1004.1,,,,
2023-05-12 09:00:00,,,,,,,1.9,3.9,65.0,58.0,1004.4,,,,
2023-05-12 10:00:00,,,,,,,2.5,4.4,48.0,54.0,1004.7,,,,
2023-05-12 11:00:00,,,,,,,0.6,4.0,154.0,54.0,1005.1,,,,
2023-05-12 12:00:00,,,,,,,0.2,1.4,127.0,52.0,1005.5,,,,
2023-05-12 13:00:00,,,,,,,0.5,1.4,130.0,130.0,1005.8,,,,
2023-05-12 14:00:00,,,,,,,1.6,3.8,203.0,197.0,1005.8,,,,
2023-05-12 15:00:00,,,,,,,2.3,3.9,171.0,195.0,1005.9,,,,
2023-05-12 16:00:00,,,,,,,1.3,2.7,177.0,187.0,1006.2,,,,
2023-05-12 17:00:00,,,,,,,2.1,3.0,152.0,170.0,1006.4,,,,
2023-05-12 18:00:00,,,,,,,2.1,3.1,83.0,115.0,1006.4,,,,
2023-05-12 19:00:00,,,,,,,2.3,3.0,117.0,112.0,1006.5,,,,
2023-05-12 20:00:00,,,,,,,1.9,3.2,306.0,163.0,1006.8,,,,
2023-05-12 21:00:00,,,,,,,3.1,4.4,296.0,296.0,1007.0,,,,
2023-05-12 22:00:00,,,,,,,2.9,3.9,284.0,289.0,1007.5,,,,
2023-05-12 23:00:00,,,,,,,2.2,3.3,247.0,265.0,1007.9,,,,
2023-05-13 00:00:00,,,,,,,1.3,2.1,132.0,193.0,1008.1,,,,
2023-05-13 01:00:00,,,,,,,1.9,2.9,93.0,102.0,1008.3,,,,
2023-05-13 02:00:00,,,,,,,2.3,3.3,141.0,126.0,1008.4,,,,
2023-05-13 03:00:00,,,,,,,2.6,3.7,155.0,130.0,1008.6,,,,
2023-05-13 04:00:00,,,,,,,2.4,3.5,165.0,159.0,1008.9,,,,
2023-05-13 05:00:00,,,,,,,1.4,2.4,101.0,125.0,1009.2,,,,
2023-05-13 06:00:00,,,,,,,1.8,2.4,100.0,102.0,1009.3,,,,
2023-05-13 07:00:00,,,,,,,1.4,2.8,46.0,92.0,1009.7,,,,
2023-05-13 08:00:00,,,,,,,0.9,3.5,96.0,78.0,1010.1,,,,
2023-05-13 09:00:00,,,,,,,4.2,5.7,106.0,106.0,1010.6,,,,
2023-05-13 10:00:00,,,,,,,3.6,5.2,114.0,109.0,1011.1,,,,
2023-05-13 11:00:00,,,,,,,3.9,4.9,118.0,119.0,1011.5,,,,
2023-05-13 12:00:00,,,,,,,3.7,4.7,123.0,120.0,1011.8,,,,
2023-05-13 13:00:00,,,,,,,3.8,4.8,124.0,124.0,1012.1,,,,
2023-05-13 14:00:00,,,,,,,3.6,4.6,120.0,121.0,1012.2,,,,
2023-05-13 15:00:00,,,,,,,3.5,4.5,126.0,127.0,1012.4,,,,
2023-05-13 16:00:00,,,,,,,3.5,4.7,125.0,124.0,1012.4,,,,
2023-05-13 17:00:00,,,,,,,3.0,3.9,132.0,129.0,1012.4,,,,
2023-05-13 18:00:00,,,,,,,2.4,3.9,141.0,135.0,1012.4,,,,
2023-05-13 19:00:00,,,,,,,1.4,2.3,225.0,175.0,1012.5,,,,
2023-05-13 20:00:00,,,,,,,3.1,4.6,295.0,298.0,1012.6,,,,
2023-05-13 21:00:00,,,,,,,3.5,5.3,302.0,301.0,1012.7,,,,
2023-05-13 22:00:00,,,,,,,4.9,7.0,300.0,300.0,1012.5,,,,
2023-05-13 23:00:00,,,,,,,5.5,7.1,297.0,299.0,1012.4,,,,
2023-05-14 00:00:00,,,,,,,5.5,7.4,303.0,298.0,1012.4,,,,
2023-05-14 01:00:00,,,,,,,5.1,7.0,296.0,299.0,1012.2,,,,
2023-05-14 02:00:00,,,,,,,5.1,7.2,299.0,299.0,1012.0,,,,
2023-05-14 03:00:00,,,,,,,4.9,6.7,305.0,302.0,1011.6,,,,
2023-05-14 04:00:00,,,,,,,5.3,7.3,298.0,298.0,1011.5,,,,
2023-05-14 05:00:00,,,,,,,5.6,7.6,296.0,297.0,1011.3,,,,
2023-05-14 06:00:00,,,,,,,5.4,7.2,300.0,298.0,1011.1,,,,
2023-05-14 07:00:00,,,,,,,5.0,6.6,300.0,303.0,1011.1,,,,
2023-05-14 08:00:00,,,,,,,4.3,6.3,292.0,293.0,1011.1,,,,
2023-05-14 09:00:00,,,,,,,4.0,5.3,298.0,300.0,1011.0,,,,
2023-05-14 10:00:00,,,,,,,4.1,5.5,307.0,307.0,1011.1,,,,
2023-05-14 11:00:00,,,,,,,3.7,4.9,288.0,305.0,1010.9,,,,
2023-05-14 12:00:00,,,,,,,4.1,5.8,305.0,304.0,1010.8,,,,
2023-05-14 13:00:00,,,,,,,4.0,5.3,303.0,301.0,1010.7,,,,
2023-05-14 14:00:00,,,,,,,3.1,4.6,286.0,296.0,1010.5,,,,
2023-05-14 15:00:00,,,,,,,2.6,4.0,298.0,297.0,1010.5,,,,
2023-05-14 16:00:00,,,,,,,2.2,3.5,293.0,286.0,1010.5,,,,
2023-05-14 17:00:00,,,,,,,1.9,3.5,273.0,276.0,1010.5,,,,
2023-05-14 18:00:00,,,,,,,1.2,2.3,166.0,180.0,1010.5,,,,
2023-05-14 19:00:00,,,,,,,1.9,3.2,135.0,144.0,1010.4,,,,
2023-05-14 20:00:00,,,,,,,3.1,4.3,132.0,131.0,1010.2,,,,
2023-05-14 21:00:00,,,,,,,4.0,5.8,120.0,118.0,1010.3,,,,
2023-05-14 22:00:00,,,,,,,3.9,5.6,116.0,111.0,1010.2,,,,
2023-05-14 23:00:00,,,,,,,3.2,5.1,98.0,102.0,1010.2,,,,
2023-05-15 00:00:00,,,,,,,3.3,5.1,100.0,97.0,1010.1,,,,
2023-05-15 01:00:00,,,,,,,3.1,5.2,117.0,111.0,1010.0,,,,
2023-05-15 02:00:00,,,,,,,2.5,4.8,69.0,98.0,1009.6,,,,
2023-05-15 03:00:00,,,,,,,2.8,4.3,156.0,133.0,1009.3,,,,
2023-05-15 04:00:00,,,,,,,2.6,3.9,84.0,112.0,1009.0,,,,
2023-05-15 05:00:00,,,,,,,2.4,3.5,70.0,79.0,1008.7,,,,
2023-05-15 06:00:00,,,,,,,3.6,5.7,63.0,72.0,1008.3,,,,
2023-05-15 07:00:00,,,,,,,4.3,8.3,59.0,59.0,1008.0,,,,
2023-05-15 08:00:00,,,,,,,5.9,8.6,49.0,49.0,1007.5,,,,
2023-05-15 09:00:00,,,,,,,7.0,9.7,45.0,47.0,1007.3,,,,
2023-05-15 10:00:00,,,,,,,7.5,10.7,43.0,44.0,1006.7,,,,
2023-05-15 11:00:00,,,,,,,7.5,10.3,39.0,43.0,1006.1,,,,
2023-05-15 12:00:00,,,,,,,7.5,9.2,44.0,42.0,1005.4,,,,
2023-05-15 13:00:00,,,,,,,5.8,8.2,42.0,41.0,1005.0,,,,
2023-05-15 14:00:00,,,,,,,3.4,6.3,321.0,36.0,1004.7,,,,
2023-05-15 15:00:00,,,,,,,1.6,2.4,210.0,214.0,1004.2,,,,
2023-05-15 16:00:00,,,,,,,3.0,4.6,295.0,289.0,1003.8,,,,
2023-05-15 17:00:00,,,,,,,3.9,5.1,305.0,302.0,1003.1,,,,
2023-05-15 18:00:00,,,,,,,3.7,5.2,280.0,297.0,1002.3,,,,
2023-05-15 19:00:00,,,,,,,2.1,7.2,28.0,293.0,1002.1,,,,
2023-05-15 20:00:00,,,,,,,2.4,5.3,101.0,194.0,1001.9,,,,
2023-05-15 21:00:00,,,,,,,2.2,5.1,241.0,179.0,1002.1,,,,
2023-05-15 22:00:00,,,,,,,0.8,2.3,233.0,209.0,1002.1,,,,
2023-05-15 23:00:00,,,,,,,0.4,1.8,224.0,192.0,1002.1,,,,
2023-05-16 00:00:00,,,,,,,0.5,1.3,13.0,330.0,1002.0,,,,
2023-05-16 01:00:00,,,,,,,1.4,4.9,67.0,57.0,1002.3,,,,
2023-05-16 02:00:00,,,,,,,3.3,5.0,73.0,62.0,1002.2,,,,
2023-05-16 03:00:00,,,,,,,3.2,6.0,69.0,72.0,1002.3,,,,
2023-05-16 04:00:00,,,,,,,3.1,5.1,72.0,71.0,1002.8,,,,
2023-05-16 05:00:00,,,,,,,2.7,4.3,72.0,71.0,1003.0,,,,
2023-05-16 06:00:00,,,,,,,3.4,5.1,69.0,69.0,1003.0,,,,
2023-05-16 07:00:00,,,,,,,3.6,6.1,65.0,62.0,1003.1,,,,
2023-05-16 08:00:00,,,,,,,3.3,5.6,349.0,48.0,1003.1,,,,
2023-05-16 09:00:00,,,,,,,0.6,2.4,351.0,305.0,1003.1,,,,
2023-05-16 10:00:00,,,,,,,2.0,3.9,311.0,321.0,1003.1,,,,
2023-05-16 11:00:00,,,,,,,1.6,2.9,266.0,303.0,1003.0,,,,
2023-05-16 12:00:00,,,,,,,1.2,1.8,244.0,221.0,1002.6,,,,
2023-05-16 13:00:00,,,,,,,1.6,2.4,241.0,249.0,1002.5,,,,
2023-05-16 14:00:00,,,,,,,2.0,3.4,305.0,280.0,1002.0,,,,
2023-05-16 15:00:00,,,,,,,1.8,3.3,288.0,289.0,1001.7,,,,
2023-05-16 16:00:00,,,,,,,2.0,3.1,290.0,275.0,1001.5,,,,
2023-05-16 17:00:00,,,,,,,2.3,3.4,307.0,304.0,1001.2,,,,
2023-05-16 18:00:00,,,,,,,2.1,2.8,297.0,303.0,1001.0,,,,
2023-05-16 19:00:00,,,,,,,1.8,2.7,286.0,301.0,1000.9,,,,
2023-05-16 20:00:00,,,,,,,1.1,1.9,224.0,223.0,1000.9,,,,
2023-05-16 21:00:00,,,,,,,1.4,2.1,298.0,246.0,1000.8,,,,
2023-05-16 22:00:00,,,,,,,0.7,1.9,240.0,252.0,1000.7,,,,
2023-05-16 23:00:00,,,,,,,0.4,1.8,136.0,157.0,1000.8,,,,
2023-05-17 00:00:00,,,,,,,0.2,1.4,0.0,110.0,1000.8,,,,
2023-05-17 01:00:00,,,,,,,1.9,3.4,45.0,68.0,1000.7,,,,
2023-05-17 02:00:00,,,,,,,0.3,2.2,12.0,347.0,1000.5,,,,
2023-05-17 03:00:00,,,,,,,0.6,4.6,65.0,14.0,1000.6,,,,
2023-05-17 04:00:00,,,,,,,2.8,4.7,90.0,79.0,1000.4,,,,
2023-05-17 05:00:00,,,,,,,3.7,5.7,85.0,89.0,1000.7,,,,
2023-05-17 06:00:00,,,,,,,3.0,4.2,85.0,91.0,1000.9,,,,
2023-05-17 07:00:00,,,,,,,3.9,5.2,82.0,84.0,1001.1,,,,
2023-05-17 08:00:00,,,,,,,3.1,4.7,83.0,81.0,1001.1,,,,
2023-05-17 09:00:00,,,,,,,2.0,4.1,96.0,88.0,1001.3,,,,
2023-05-17 10:00:00,,,,,,,0.4,1.8,176.0,131.0,1001.3,,,,
2023-05-17 11:00:00,,,,,,,1.0,2.4,194.0,193.0,1001.4,,,,
2023-05-17 12:00:00,,,,,,,1.5,2.4,206.0,212.0,1001.2,,,,
2023-05-17 13:00:00,,,,,,,1.4,2.2,171.0,185.0,1001.0,,,,
2023-05-17 14:00:00,,,,,,,2.0,2.7,155.0,162.0,1000.8,,,,
2023-05-17 15:00:00,,,,,,,2.2,3.4,149.0,150.0,1000.4,,,,
2023-05-17 16:00:00,,,,,,,3.6,4.7,145.0,148.0,999.9,,,,
2023-05-17 17:00:00,,,,,,,3.8,5.3,138.0,138.0,999.7,,,,
2023-05-17 18:00:00,,,,,,,3.7,5.7,133.0,135.0,999.2,,,,
2023-05-17 19:00:00,,,,,,,3.5,4.8,136.0,131.0,998.9,,,,
2023-05-17 20:00:00,,,,,,,3.7,4.9,122.0,126.0,998.3,,,,
2023-05-17 21:00:00,,,,,,,4.0,4.9,130.0,127.0,997.7,,,,
2023-05-17 22:00:00,,,,,,,3.8,5.1,115.0,125.0,997.3,,,,
2023-05-17 23:00:00,,,,,,,2.5,4.3,129.0,132.0,997.2,,,,
2023-05-18 00:00:00,,,,,,,1.5,2.2,63.0,90.0,997.0,,,,
2023-05-18 01:00:00,,,,,,,0.3,1.9,0.0,95.0,996.8,,,,
2023-05-18 02:00:00,,,,,,,0.7,2.2,86.0,113.0,996.5,,,,
2023-05-18 03:00:00,,,,,,,2.6,4.1,88.0,86.0,996.0,,,,
2023-05-18 04:00:00,,,,,,,3.4,4.8,96.0,87.0,995.6,,,,
2023-05-18 05:00:00,,,,,,,3.0,5.4,97.0,96.0,995.9,,,,
2023-05-18 06:00:00,,,,,,,2.5,4.5,95.0,94.0,995.8,,,,
2023-05-18 07:00:00,,,,,,,2.5,4.4,113.0,123.0,996.2,,,,
2023-05-18 08:00:00,,,,,,,4.6,6.2,118.0,131.0,996.3,,,,
2023-05-18 09:00:00,,,,,,,5.2,7.5,122.0,126.0,996.4,,,,
2023-05-18 10:00:00,,,,,,,5.7,7.7,118.0,121.0,996.7,,,,
2023-05-18 11:00:00,,,,,,,5.0,7.1,116.0,116.0,996.8,,,,
2023-05-18 12:00:00,10.0,10.3,,9.9,,,4.9,8.2,146.0,136.0,997.5,,,,
2023-05-18 13:00:00,9.6,10.2,,8.9,,,1.8,3.7,107.0,132.0,997.6,,,,
2023-05-18 14:00:00,8.0,9.0,,6.9,,,1.5,2.6,219.0,182.0,997.5,,,,
2023-05-18 15:00:00,5.0,7.1,,3.7,,,2.3,3.6,277.0,255.0,997.4,,,,
2023-05-18 16:00:00,3.0,3.9,,2.2,,,2.5,3.5,314.0,291.0,997.2,,,,
2023-05-18 17:00:00,2.8,3.8,,2.0,,,1.6,4.5,251.0,299.0,996.9,,,,
2023-05-18 18:00:00,2.0,2.4,10.3,1.8,1.8,,3.6,4.9,304.0,303.0,996.3,,,,
2023-05-18 19:00:00,3.5,4.4,,2.0,,,1.5,3.5,304.0,309.0,995.3,,,,
2023-05-18 20:00:00,4.1,4.7,,3.4,,,2.1,4.5,311.0,302.0,994.2,,,,
2023-05-18 21:00:00,4.1,4.4,,3.8,,,3.4,5.3,309.0,306.0,992.8,,,,
2023-05-18 22:00:00,3.6,3.9,,3.3,,,3.4,5.4,336.0,315.0,991.4,,,,
2023-05-18 23:00:00,3.3,3.9,,3.0,,,2.3,4.5,221.0,295.0,990.0,,,,
2023-05-19 00:00:00,4.2,5.0,,2.9,,,5.3,9.2,37.0,34.0,988.4,,,,
2023-05-19 01:00:00,4.7,5.4,,4.2,,,8.2,10.3,47.0,45.0,986.6,,,,
2023-05-19 02:00:00,4.7,5.3,,4.3,,,9.3,11.7,49.0,48.0,984.9,,,,
2023-05-19 03:00:00,4.9,5.5,,4.5,,,9.7,12.0,47.0,47.0,983.0,,,,
2023-05-19 04:00:00,5.3,5.6,,4.9,,,8.8,11.6,48.0,48.0,981.8,,,,
2023-05-19 05:00:00,,,,,,,5.1,10.4,31.0,52.0,981.1,,,,
2023-05-19 06:00:00,,,5.6,,2.0,,2.2,4.9,114.0,341.0,980.4,,,,
2023-05-19 07:00:00,,,,,,,4.4,10.0,80.0,91.0,979.2,,,,
2023-05-19 08:00:00,,,,,,,7.1,12.0,86.0,89.0,978.3,,,,
2023-05-19 09:00:00,,,,,,,6.5,10.8,83.0,87.0,977.0,,,,
2023-05-19 10:00:00,,,,,,,5.0,7.7,101.0,99.0,977.0,,,,
2023-05-19 11:00:00,,,,,,,5.9,9.2,99.0,96.0,976.3,,,,
2023-05-19 12:00:00,,,,,,,5.7,8.2,111.0,103.0,976.0,,,,
2023-05-19 13:00:00,,,,,,,5.8,8.6,112.0,107.0,975.8,,,,
2023-05-19 14:00:00,,,,,,,5.0,7.4,129.0,121.0,976.1,,,,
2023-05-19 15:00:00,,,,,,,2.5,5.1,168.0,139.0,976.4,,,,
2023-05-19 16:00:00,,,,,,,1.8,3.2,219.0,210.0,976.9,,,,
2023-05-19 17:00:00,,,,,,,1.3,2.8,190.0,215.0,977.5,,,,
2023-05-19 18:00:00,,,,,,,0.7,1.9,150.0,164.0,977.9,,,,
2023-05-19 19:00:00,,,,,,,1.2,2.5,177.0,146.0,978.6,,,,
2023-05-19 20:00:00,,,,,,,1.1,2.0,200.0,187.0,979.6,,,,
2023-05-19 21:00:00,2.9,3.3,,2.8,,,1.5,2.4,305.0,233.0,980.5,,,,
2023-05-19 22:00:00,3.1,3.5,,2.8,,52.0,2.1,3.5,262.0,272.0,981.4,,,,
2023-05-19 23:00:00,3.6,4.0,,3.1,,41.0,3.8,5.4,257.0,255.0,982.4,,,,
2023-05-20 00:00:00,,,,,,,3.6,5.8,295.0,268.0,983.2,,,,
2023-05-20 01:00:00,,,,,,,3.7,5.8,292.0,294.0,983.9,,,,
2023-05-20 02:00:00,,,,,,,4.6,6.5,284.0,290.0,984.9,,,,
2023-05-20 03:00:00,5.7,6.2,,4.9,,,4.8,6.6,279.0,277.0,985.5,,,,
2023-05-20 04:00:00,4.4,5.0,,3.5,,,4.5,6.4,286.0,283.0,986.3,,,,
2023-05-20 05:00:00,3.1,3.4,,2.7,,,4.3,6.4,290.0,287.0,987.2,,,,
2023-05-20 06:00:00,2.5,2.9,6.2,1.9,1.9,,4.9,7.4,290.0,290.0,988.2,,,,
2023-05-20 07:00:00,1.6,2.1,,1.3,,,5.2,7.4,281.0,287.0,988.9,,,,
2023-05-20 08:00:00,2.4,4.2,,1.4,,40.0,3.0,6.1,328.0,289.0,989.4,,,,
2023-05-20 09:00:00,5.3,5.9,,4.3,,,2.3,8.1,310.0,314.0,990.4,,,,
2023-05-20 10:00:00,2.3,4.9,,1.0,,,8.8,11.7,291.0,295.0,991.3,,,,
2023-05-20 11:00:00,0.8,1.5,,0.3,,,9.0,11.8,289.0,293.0,992.7,,,,
2023-05-20 12:00:00,0.3,0.6,,0.2,,,9.3,12.7,293.0,291.0,993.9,,,,
2023-05-20 13:00:00,0.1,0.3,,-0.1,,,9.4,12.7,297.0,295.0,994.9,,,,
2023-05-20 14:00:00,0.2,0.6,,-0.1,,,9.3,12.6,292.0,294.0,995.6,,,,
2023-05-20 15:00:00,0.3,0.7,,0.0,,,9.1,11.7,291.0,291.0,996.1,,,,
2023-05-20 16:00:00,2.0,3.9,,0.5,,,7.2,10.6,285.0,289.0,997.0,,,,
2023-05-20 17:00:00,2.5,3.6,,1.4,,,6.0,8.6,293.0,289.0,997.6,,,,
2023-05-20 18:00:00,1.3,1.7,5.9,0.9,-0.2,,5.4,7.4,284.0,290.0,998.1,,,,
2023-05-20 19:00:00,0.6,1.2,,0.4,,,5.5,7.3,287.0,291.0,998.5,,,,
2023-05-20 20:00:00,0.7,1.7,,0.2,,,5.0,7.4,293.0,289.0,998.9,,,,
2023-05-20 21:00:00,0.4,0.9,,0.1,,,5.1,7.2,290.0,290.0,999.2,,,,
2023-05-20 22:00:00,0.1,0.4,,-0.1,,,5.6,7.8,293.0,292.0,999.5,,,,
2023-05-20 23:00:00,-0.3,0.2,,-0.5,,,6.4,8.3,291.0,291.0,999.9,,,,
2023-05-21 00:00:00,-0.4,-0.2,,-0.6,,,5.6,8.5,297.0,294.0,1000.2,,,,
2023-05-21 01:00:00,-0.4,-0.2,,-0.6,,,3.3,6.3,269.0,290.0,1000.5,,,,
2023-05-21 02:00:00,-0.7,-0.4,,-0.9,,,3.6,7.5,292.0,319.0,1000.7,,,,
2023-05-21 03:00:00,-0.9,-0.6,,-1.5,,,3.8,10.3,294.0,297.0,1001.1,,,,
2023-05-21 04:00:00,-1.6,-1.3,,-1.8,,,8.2,11.3,296.0,297.0,1001.5,,,,
2023-05-21 05:00:00,-1.5,-1.3,,-1.7,,,7.0,9.5,296.0,295.0,1002.0,,,,
2023-05-21 06:00:00,-1.8,-1.4,1.8,-1.9,-2.0,,8.3,11.3,301.0,300.0,1002.6,,,,
2023-05-21 07:00:00,-1.5,-1.4,,-1.7,,,7.4,10.2,301.0,300.0,1003.0,,,,
2023-05-21 08:00:00,-1.1,-0.8,,-1.5,,,6.5,9.4,293.0,292.0,1003.2,,,,
2023-05-21 09:00:00,-0.6,-0.5,,-0.9,,,4.9,8.0,300.0,296.0,1003.4,,,,
2023-05-21 10:00:00,-0.7,-0.6,,-0.9,,,7.4,10.3,299.0,299.0,1003.8,,,,
2023-05-21 11:00:00,-1.0,-0.7,,-1.2,,,8.0,10.8,300.0,299.0,1004.3,,,,
2023-05-21 12:00:00,-1.1,-0.8,,-1.3,,,7.6,10.1,300.0,298.0,1004.7,,,,
2023-05-21 13:00:00,-1.1,-0.8,,-1.2,,,7.7,9.7,300.0,300.0,1005.0,,,,
2023-05-21 14:00:00,-1.0,-0.7,,-1.3,,,7.4,10.2,302.0,301.0,1005.3,,,,
2023-05-21 15:00:00,-1.2,-0.9,,-1.4,,,7.9,10.3,302.0,299.0,1005.6,,,,
2023-05-21 16:00:00,-1.1,-0.8,,-1.4,,,7.2,10.1,296.0,298.0,1005.6,,,,
2023-05-21 17:00:00,-0.8,-0.5,,-1.1,,,6.3,8.3,306.0,302.0,1005.5,,,,
2023-05-21 18:00:00,-0.9,-0.7,-0.3,-1.2,-1.7,,7.8,10.9,298.0,301.0,1005.6,,,,
2023-05-21 19:00:00,-0.9,-0.5,,-1.1,,,8.6,10.8,298.0,297.0,1005.9,,,,
2023-05-21 20:00:00,-0.9,-0.5,,-1.1,,,8.0,10.4,296.0,297.0,1006.1,,,,
2023-05-21 21:00:00,-1.0,-0.9,,-1.2,,,7.5,9.9,297.0,296.0,1006.2,,,,
2023-05-21 22:00:00,-1.1,-0.9,,-1.2,,,6.5,8.7,295.0,294.0,1006.2,,,,
2023-05-21 23:00:00,-1.1,-0.9,,-1.3,,,4.8,7.5,288.0,293.0,1006.3,,,,
2023-05-22 00:00:00,-0.9,-0.8,,-1.1,,,2.9,5.0,284.0,289.0,1006.3,,,,
2023-05-22 01:00:00,-0.9,-0.8,,-1.0,,,1.7,2.7,247.0,286.0,1006.2,,,,
2023-05-22 02:00:00,-1.2,-0.8,,-1.6,,,2.8,4.6,138.0,190.0,1006.2,,,,
2023-05-22 03:00:00,-1.7,-1.5,,-1.9,,,2.9,4.1,102.0,103.0,1005.9,,,,
2023-05-22 04:00:00,-1.7,-1.4,,-1.9,,,3.0,4.2,107.0,109.0,1005.2,,,,
2023-05-22 05:00:00,-2.0,-1.9,,-2.2,,,2.7,3.9,101.0,102.0,1004.7,,,,
2023-05-22 06:00:00,-1.9,-1.7,-0.3,-2.2,-2.3,,3.4,5.1,80.0,97.0,1004.0,,,,
2023-05-22 07:00:00,-2.1,-1.8,,-2.4,,,3.7,6.3,61.0,79.0,1003.3,,,,
2023-05-22 08:00:00,-1.9,-1.6,,-2.3,,,3.6,6.1,69.0,60.0,1002.3,,,,
2023-05-22 09:00:00,-1.2,-0.6,,-1.7,,,3.7,6.3,94.0,92.0,1001.6,,,,
2023-05-22 10:00:00,-0.5,0.0,,-0.8,,,4.9,7.4,116.0,106.0,1000.6,,,,
2023-05-22 11:00:00,-0.3,0.1,,-0.6,,,3.2,5.9,20.0,77.0,999.7,,,,
2023-05-22 12:00:00,-0.2,0.2,,-0.4,,,3.0,6.1,81.0,44.0,998.7,,,,
2023-05-22 13:00:00,0.0,0.3,,-0.2,,,3.7,5.9,40.0,44.0,997.3,,,,
2023-05-22 14:00:00,0.5,0.8,,0.2,,,4.1,7.2,43.0,45.0,995.8,,,,
2023-05-22 15:00:00,0.9,1.4,,0.6,,,4.1,7.7,67.0,51.0,994.4,,,,
2023-05-22 16:00:00,1.4,2.5,,0.8,,,3.7,7.9,300.0,13.0,993.0,,,,
2023-05-22 17:00:00,,,,,,,3.7,5.4,296.0,300.0,991.9,,,,
2023-05-22 18:00:00,,,2.6,,-2.4,,3.4,5.3,308.0,300.0,990.7,,,,
2023-05-22 19:00:00,2.8,3.1,,2.4,,33.0,2.8,6.6,53.0,317.0,989.6,,,,
2023-05-22 20:00:00,,,,,,,3.1,7.4,54.0,32.0,988.9,,,,
2023-05-22 21:00:00,,,,,,,4.3,7.3,47.0,40.0,988.4,,,,
2023-05-22 22:00:00,,,,,,,6.1,7.9,50.0,46.0,988.3,,,,
2023-05-22 23:00:00,,,,,,,5.9,7.5,41.0,45.0,988.6,,,,
2023-05-23 00:00:00,,,,,,,6.2,9.4,43.0,44.0,988.9,,,,
2023-05-23 01:00:00,,,,,,,7.4,9.7,43.0,43.0,989.4,,,,
2023-05-23 02:00:00,,,,,,,7.5,10.0,43.0,45.0,990.4,,,,
2023-05-23 03:00:00,,,,,,,6.3,9.6,56.0,49.0,991.4,,,,
2023-05-23 04:00:00,,,,,,,6.2,9.9,43.0,46.0,991.9,,,,
2023-05-23 05:00:00,,,,,,,7.7,9.9,39.0,43.0,993.2,,,,
2023-05-23 06:00:00,,,3.1,,2.4,,6.8,8.4,51.0,47.0,994.4,,,,
2023-05-23 07:00:00,,,,,,,5.9,8.4,53.0,55.0,995.8,,,,
2023-05-23 08:00:00,,,,,,,5.8,8.3,51.0,48.0,996.8,,,,
2023-05-23 09:00:00,,,,,,,4.8,6.6,48.0,49.0,998.1,,,,
2023-05-23 10:00:00,,,,,,,2.6,4.7,42.0,57.0,999.4,,,,
2023-05-23 11:00:00,-0.6,-0.4,,-0.8,,14.0,4.5,8.3,307.0,304.0,1000.6,,,,
2023-05-23 12:00:00,,,,,,,7.9,12.1,306.0,302.0,1002.0,,,,
2023-05-23 13:00:00,,,,,,,9.8,14.9,303.0,308.0,1003.6,,,,
2023-05-23 14:00:00,,,,,,,10.5,14.6,299.0,306.0,1005.3,,,,
2023-05-23 15:00:00,,,,,,,10.2,13.8,302.0,302.0,1006.4,,,,
2023-05-23 16:00:00,,,,,,,8.6,11.2,303.0,301.0,1007.4,,,,
2023-05-23 17:00:00,,,,,,,6.9,9.6,304.0,304.0,1008.3,,,,
2023-05-23 18:00:00,,,-0.4,,-0.8,,6.6,9.3,296.0,304.0,1009.5,,,,
2023-05-23 19:00:00,,,,,,,7.3,10.0,296.0,295.0,1010.7,,,,
2023-05-23 20:00:00,,,,,,,6.5,10.7,307.0,304.0,1011.6,,,,
2023-05-23 21:00:00,,,,,,,4.1,5.9,312.0,317.0,1012.2,,,,
2023-05-23 22:00:00,,,,,,,1.2,4.3,89.0,10.0,1012.7,,,,
2023-05-23 23:00:00,,,,,,,1.2,3.0,64.0,94.0,1013.1,,,,
2023-05-24 00:00:00,,,,,,,2.5,3.6,90.0,83.0,1013.5,,,,
2023-05-24 01:00:00,-2.8,-2.8,,-2.8,,,3.6,4.9,98.0,103.0,1013.6,,,,
2023-05-24 02:00:00,,,,,,,4.2,6.0,113.0,90.0,1013.7,,,,
2023-05-24 03:00:00,,,,,,,6.2,8.2,169.0,154.0,1013.7,,,,
2023-05-24 04:00:00,,,,,,,6.5,8.5,141.0,156.0,1013.7,,,,
2023-05-24 05:00:00,,,,,,,6.3,8.1,159.0,148.0,1013.8,,,,
2023-05-24 06:00:00,,,-2.8,,-2.8,,5.8,7.0,153.0,151.0,1013.7,,,,
2023-05-24 07:00:00,,,,,,,6.8,8.8,167.0,163.0,1014.0,,,,
2023-05-24 08:00:00,,,,,,,6.5,8.6,164.0,167.0,1014.4,,,,
2023-05-24 09:00:00,,,,,,,5.8,7.8,130.0,135.0,1014.4,,,,
2023-05-24 10:00:00,,,,,,,6.5,8.2,133.0,136.0,1014.6,,,,
2023-05-24 11:00:00,0.0,0.1,,-0.1,,,6.9,8.7,123.0,124.0,1014.8,,,,
2023-05-24 12:00:00,0.2,0.4,,-0.1,,85.0,6.9,8.9,115.0,117.0,1014.8,,,,
2023-05-24 13:00:00,0.4,0.6,,0.1,,53.0,7.6,10.1,111.0,111.0,1014.8,,,,
2023-05-24 14:00:00,0.2,0.8,,-0.1,,,8.9,11.2,113.0,112.0,1014.9,,,,
2023-05-24 15:00:00,0.0,0.6,,-0.2,,,8.4,10.9,109.0,110.0,1015.0,,,,
2023-05-24 16:00:00,0.0,0.1,,-0.1,,,7.8,9.9,112.0,112.0,1015.0,,,,
2023-05-24 17:00:00,-0.1,-0.1,,-0.1,,,7.7,10.0,111.0,112.0,1015.1,,,,
2023-05-24 18:00:00,,,0.8,,-0.3,,6.1,8.2,114.0,112.0,1015.5,,,,
2023-05-24 19:00:00,0.9,1.1,,0.8,,,5.3,6.7,104.0,111.0,1015.5,,,,
2023-05-24 20:00:00,1.1,1.4,,0.8,,,4.4,6.7,100.0,95.0,1016.0,,,,
2023-05-24 21:00:00,1.1,1.3,,0.6,,,4.5,6.3,86.0,88.0,1016.0,,,,
2023-05-24 22:00:00,0.9,1.3,,0.4,,,5.0,6.9,109.0,98.0,1016.0,,,,
2023-05-24 23:00:00,1.1,1.2,,0.9,,,5.2,7.4,106.0,104.0,1016.2,,,,
2023-05-25 00:00:00,1.0,1.2,,0.8,,,4.9,6.5,105.0,98.0,1016.6,,,,
2023-05-25 01:00:00,,,,,,,5.0,6.9,105.0,104.0,1016.7,,,,
2023-05-25 02:00:00,0.7,0.7,,0.7,,,5.3,7.2,98.0,102.0,1016.6,,,,
2023-05-25 03:00:00,,,,,,,5.6,8.2,106.0,101.0,1016.7,,,,
2023-05-25 04:00:00,,,,,,,6.4,8.4,110.0,108.0,1016.8,,,,
2023-05-25 05:00:00,,,,,,,6.0,8.0,116.0,113.0,1017.1,,,,
2023-05-25 06:00:00,,,1.4,,0.4,,6.5,8.6,117.0,115.0,1017.5,,,,
2023-05-25 07:00:00,,,,,,,7.6,9.7,113.0,114.0,1017.6,,,,
2023-05-25 08:00:00,,,,,,,8.3,10.3,111.0,110.0,1017.5,,,,
2023-05-25 09:00:00,,,,,,,8.4,11.1,109.0,109.0,1017.4,,,,
2023-05-25 10:00:00,,,,,,,8.7,11.2,110.0,110.0,1017.4,,,,
2023-05-25 11:00:00,,,,,,,8.9,11.3,114.0,112.0,1017.3,,,,
2023-05-25 12:00:00,,,,,,,9.2,12.3,109.0,113.0,1017.3,,,,
2023-05-25 13:00:00,,,,,,,8.9,11.3,120.0,118.0,1017.1,,,,
2023-05-25 14:00:00,,,,,,,8.6,11.1,121.0,121.0,1016.6,,,,
2023-05-25 15:00:00,,,,,,,8.6,11.0,127.0,122.0,1016.6,,,,
2023-05-25 16:00:00,,,,,,,8.2,10.0,124.0,124.0,1016.0,,,,
2023-05-25 17:00:00,,,,,,,8.0,9.9,123.0,123.0,1015.4,,,,
2023-05-25 18:00:00,,,,,,,7.5,9.4,123.0,124.0,1015.4,,,,
2023-05-25 19:00:00,,,,,,,6.8,9.2,121.0,121.0,1015.1,,,,
2023-05-25 20:00:00,,,,,,,5.2,7.4,109.0,116.0,1014.9,,,,
2023-05-25 21:00:00,,,,,,,4.9,6.8,106.0,107.0,1014.3,,,,
2023-05-25 22:00:00,,,,,,,5.4,7.5,98.0,106.0,1013.6,,,,
2023-05-25 23:00:00,,,,,,,5.9,8.5,99.0,97.0,1013.1,,,,
2023-05-26 00:00:00,,,,,,,5.7,8.0,160.0,122.0,1013.7,,,,
2023-05-26 01:00:00,,,,,,,2.8,5.1,168.0,133.0,1013.8,,,,
2023-05-26 02:00:00,,,,,,,3.7,5.3,244.0,212.0,1014.0,,,,
2023-05-26 03:00:00,,,,,,,3.0,4.8,267.0,261.0,1014.1,,,,
2023-05-26 04:00:00,,,,,,,2.6,5.1,271.0,258.0,1014.0,,,,
2023-05-26 05:00:00,0.8,0.9,,0.6,,,3.4,6.2,243.0,254.0,1013.7,,,,
2023-05-26 06:00:00,0.9,1.0,1.0,0.8,0.6,,3.8,5.7,252.0,251.0,1013.6,,,,
2023-05-26 07:00:00,1.1,1.3,,0.9,,,4.2,7.0,239.0,248.0,1013.6,,,,
2023-05-26 08:00:00,1.4,1.4,,1.3,,,6.3,9.4,237.0,237.0,1013.7,,,,
2023-05-26 09:00:00,1.4,1.5,,1.4,,,6.2,9.8,235.0,234.0,1013.8,,,,
2023-05-26 10:00:00,1.5,1.6,,1.4,,,6.2,9.8,224.0,232.0,1013.7,,,,
2023-05-26 11:00:00,1.5,1.6,,1.4,,,3.6,6.3,200.0,206.0,1013.3,,,,
2023-05-26 12:00:00,1.0,1.5,,0.7,,44.0,3.2,6.2,171.0,212.0,1013.1,,,,
2023-05-26 13:00:00,1.9,1.9,,1.9,,,1.9,3.2,156.0,153.0,1012.8,,,,
2023-05-26 14:00:00,,,,,,,2.8,3.9,127.0,129.0,1012.5,,,,
2023-05-26 15:00:00,,,,,,,3.1,4.4,127.0,125.0,1012.0,,,,
2023-05-26 16:00:00,7.4,7.6,,7.3,,,4.1,6.2,115.0,119.0,1011.1,,,,
2023-05-26 17:00:00,9.8,10.5,,7.8,,,6.5,10.6,90.0,95.0,1010.7,,,,
2023-05-26 18:00:00,10.0,10.9,11.0,9.6,0.7,,7.0,11.2,112.0,111.0,1011.2,,,,
2023-05-26 19:00:00,9.7,10.2,,9.5,,,5.8,8.6,102.0,109.0,1011.2,,,,
2023-05-26 20:00:00,9.9,10.1,,9.6,,,5.6,8.6,106.0,101.0,1011.5,,,,
2023-05-26 21:00:00,9.5,9.6,,9.4,,,5.4,8.1,108.0,114.0,1011.4,,,,
2023-05-26 22:00:00,9.3,9.9,,9.0,,,3.6,6.5,137.0,129.0,1011.5,,,,
2023-05-26 23:00:00,9.2,9.4,,9.0,,,2.3,4.6,162.0,181.0,1011.3,,,,
2023-05-27 00:00:00,8.8,9.2,,8.5,,,2.3,3.9,243.0,195.0,1011.0,,,,
2023-05-27 01:00:00,8.3,8.6,,7.9,,,2.6,5.4,242.0,239.0,1011.0,,,,
2023-05-27 02:00:00,8.2,8.8,,7.8,,,2.7,5.0,231.0,237.0,1010.9,,,,
2023-05-27 03:00:00,8.5,8.8,,8.2,,,2.0,4.0,302.0,268.0,1010.2,,,,
2023-05-27 04:00:00,8.3,8.6,,8.1,,,0.9,3.1,285.0,284.0,1009.6,,,,
2023-05-27 05:00:00,8.0,8.2,,7.8,,,0.4,1.7,276.0,272.0,1009.2,,,,
2023-05-27 06:00:00,8.0,8.1,10.2,7.8,7.8,,1.3,2.3,315.0,298.0,1008.6,,,,
2023-05-27 07:00:00,7.9,8.2,,7.5,,98.0,0.5,1.6,0.0,326.0,1007.9,,,,
2023-05-27 08:00:00,8.2,8.6,,7.7,,,0.3,1.3,98.0,90.0,1006.8,,,,
2023-05-27 09:00:00,8.2,8.7,,7.9,,,1.7,2.8,109.0,111.0,1005.5,,,,
2023-05-27 10:00:00,7.6,8.0,,7.2,,,1.7,4.9,94.0,106.0,1004.8,,,,
2023-05-27 11:00:00,8.2,8.7,,7.7,,,2.4,5.3,90.0,103.0,1003.9,,,,
2023-05-27 12:00:00,8.6,8.8,,8.3,,,4.0,6.2,111.0,114.0,1003.3,,,,
2023-05-27 13:00:00,8.7,9.3,,8.0,,,4.5,6.9,169.0,124.0,1003.2,,,,
2023-05-27 14:00:00,6.4,8.0,,5.3,,,5.5,8.4,294.0,299.0,1003.3,,,,
2023-05-27 15:00:00,7.9,8.6,,6.3,,,6.1,11.6,293.0,294.0,1003.6,,,,
2023-05-27 16:00:00,4.6,8.6,,1.1,,,8.9,15.0,305.0,306.0,1004.9,,,,
2023-05-27 17:00:00,-0.4,1.2,,-1.8,,,10.7,16.2,320.0,315.0,1007.7,,,,
2023-05-27 18:00:00,-2.3,-1.6,9.4,-2.8,-2.8,,11.5,16.6,318.0,323.0,1009.9,,,,
2023-05-27 19:00:00,-3.0,-2.8,,-3.1,,,11.7,17.2,314.0,313.0,1011.9,,,,
2023-05-27 20:00:00,-3.2,-2.9,,-3.4,,,9.3,13.0,321.0,321.0,1013.3,,,,
2023-05-27 21:00:00,-3.0,-2.7,,-3.3,,,6.5,10.4,316.0,315.0,1014.3,,,,
2023-05-27 22:00:00,-3.1,-2.7,,-3.3,,,5.4,7.9,306.0,309.0,1015.1,,,,
2023-05-27 23:00:00,-3.2,-3.0,,-3.4,,,5.0,7.1,324.0,318.0,1015.6,,,,
2023-05-28 00:00:00,-3.0,-2.8,,-3.1,,,4.6,7.8,327.0,325.0,1015.9,,,,
2023-05-28 01:00:00,-3.0,-2.9,,-3.1,,,3.8,6.8,317.0,319.0,1016.1,,,,
2023-05-28 02:00:00,-3.0,-2.9,,-3.1,,,3.7,6.3,322.0,322.0,1016.1,,,,
2023-05-28 03:00:00,-3.1,-2.9,,-3.2,,,3.6,5.4,313.0,318.0,1016.1,,,,
2023-05-28 04:00:00,-3.2,-3.0,,-3.3,,,4.2,6.2,326.0,323.0,1015.8,,,,
2023-05-28 05:00:00,-3.2,-3.1,,-3.5,,,3.7,5.7,359.0,349.0,1015.6,,,,
2023-05-28 06:00:00,-3.2,-3.1,-2.7,-3.4,-3.5,,3.8,6.5,21.0,13.0,1015.6,,,,
2023-05-28 07:00:00,-3.3,-2.8,,-4.4,,,2.1,5.0,293.0,314.0,1015.4,,,,
2023-05-28 08:00:00,-2.7,-2.3,,-3.9,,,2.6,5.1,352.0,343.0,1015.2,,,,
2023-05-28 09:00:00,-2.7,-2.6,,-3.6,,,2.6,3.9,5.0,3.0,1015.5,,,,
2023-05-28 10:00:00,-3.0,-2.6,,-3.6,,,2.9,6.2,58.0,30.0,1015.5,,,,
2023-05-28 11:00:00,-2.1,-0.9,,-2.8,,23.0,1.7,5.6,56.0,44.0,1015.3,,,,
2023-05-28 12:00:00,-1.4,-1.2,,-1.9,,23.0,2.4,4.7,45.0,10.0,1015.2,,,,
2023-05-28 13:00:00,-1.6,-1.5,,-1.7,,21.0,2.5,5.6,349.0,48.0,1015.1,,,,
2023-05-28 14:00:00,-1.9,-1.7,,-2.2,,23.0,3.3,6.7,64.0,59.0,1015.2,,,,
2023-05-28 15:00:00,-1.8,-1.6,,-1.9,,,3.9,6.2,36.0,42.0,1015.5,,,,
2023-05-28 16:00:00,-1.7,-1.6,,-1.8,,,3.6,6.6,46.0,41.0,1015.6,,,,
2023-05-28 17:00:00,-1.4,-0.6,,-1.8,,,3.0,5.7,294.0,28.0,1015.8,,,,
2023-05-28 18:00:00,-0.9,-0.4,-0.3,-1.2,-4.4,,3.0,4.8,292.0,295.0,1016.0,,,,
2023-05-28 19:00:00,-1.0,-0.7,,-1.4,,,3.3,5.0,291.0,291.0,1016.3,,,,
2023-05-28 20:00:00,-1.1,-0.8,,-1.4,,,2.7,4.1,290.0,296.0,1016.5,,,,
2023-05-28 21:00:00,-1.0,-0.7,,-1.3,,,2.0,3.0,285.0,288.0,1016.6,,,,
2023-05-28 22:00:00,-1.5,-1.1,,-2.3,,,1.8,2.9,299.0,290.0,1016.7,,,,
2023-05-28 23:00:00,-2.7,-2.2,,-3.6,,,2.0,2.7,346.0,342.0,1016.6,,,,
2023-05-29 00:00:00,-4.1,-3.7,,-4.4,,,1.9,2.4,1.0,360.0,1016.6,,,,
2023-05-29 01:00:00,-4.5,-4.3,,-4.8,,,2.0,2.7,7.0,5.0,1016.4,,,,
2023-05-29 02:00:00,-5.3,-4.5,,-6.2,,,0.7,2.1,50.0,30.0,1016.0,,,,
2023-05-29 03:00:00,-5.4,-4.7,,-5.9,,,0.9,2.4,43.0,26.0,1015.5,,,,
2023-05-29 04:00:00,-4.9,-3.9,,-5.8,,,1.0,2.4,11.0,35.0,1015.0,,,,
2023-05-29 05:00:00,-3.4,-2.8,,-4.2,,,2.3,3.6,57.0,53.0,1014.1,,,,
2023-05-29 06:00:00,-3.1,-2.7,-0.6,-3.5,-6.2,,2.5,3.7,59.0,61.0,1013.1,,,,
2023-05-29 07:00:00,-2.8,-2.3,,-3.1,,,2.8,4.3,72.0,65.0,1012.4,,,,
2023-05-29 08:00:00,-2.7,-2.5,,-3.7,,,3.3,5.1,56.0,68.0,1011.5,,,,
2023-05-29 09:00:00,-2.7,-2.4,,-2.9,,,3.5,5.3,57.0,60.0,1010.6,,,,
2023-05-29 10:00:00,-2.6,-2.3,,-2.9,,,3.8,5.8,51.0,53.0,1009.7,,,,
2023-05-29 11:00:00,-2.0,-1.6,,-2.4,,,2.4,4.3,49.0,56.0,1008.9,,,,
2023-05-29 12:00:00,-2.2,-1.6,,-2.4,,,3.9,5.6,51.0,54.0,1008.0,,,,
2023-05-29 13:00:00,-2.0,-1.7,,-2.3,,,3.9,5.2,72.0,52.0,1007.4,,,,
2023-05-29 14:00:00,-0.9,-0.4,,-1.7,,,1.6,4.8,300.0,303.0,1007.2,,,,
2023-05-29 15:00:00,-0.1,0.4,,-0.4,,56.0,1.0,2.3,321.0,312.0,1006.7,,,,
2023-05-29 16:00:00,1.5,2.0,,0.6,,,0.5,2.3,195.0,248.0,1006.4,,,,
2023-05-29 17:00:00,0.2,1.6,,-0.2,,28.0,1.6,2.6,307.0,268.0,1006.5,,,,
2023-05-29 18:00:00,0.1,1.0,2.0,-0.2,-3.9,,1.2,2.6,309.0,310.0,1006.4,,,,
2023-05-29 19:00:00,0.4,0.8,,-0.1,,24.0,0.2,1.6,0.0,359.0,1006.8,,,,
2023-05-29 20:00:00,-0.6,0.0,,-0.9,,,0.8,2.6,86.0,89.0,1006.8,,,,
2023-05-29 21:00:00,-1.0,-0.9,,-1.1,,,3.3,5.4,106.0,103.0,1006.9,,,,
2023-05-29 22:00:00,-1.0,-0.9,,-1.0,,,4.9,7.1,108.0,103.0,1007.0,,,,
2023-05-29 23:00:00,-0.8,-0.6,,-1.0,,,6.4,8.7,119.0,114.0,1007.2,,,,
2023-05-30 00:00:00,-0.7,-0.6,,-0.9,,,7.4,9.4,115.0,112.0,1007.8,,,,
2023-05-30 01:00:00,-0.9,-0.6,,-1.2,,,7.7,10.6,114.0,115.0,1007.7,,,,
2023-05-30 02:00:00,-1.4,-1.1,,-1.6,,,8.3,11.5,101.0,110.0,1007.7,,,,
2023-05-30 03:00:00,-0.5,0.1,,-1.0,,,7.9,10.9,105.0,104.0,1008.0,,,,
2023-05-30 04:00:00,1.2,2.5,,0.0,,,7.3,11.6,105.0,102.0,1007.7,,,,
2023-05-30 05:00:00,2.2,2.3,,1.9,,,8.3,12.2,104.0,106.0,1007.6,,,,
2023-05-30 06:00:00,2.5,2.9,3.0,2.1,-1.6,,8.3,12.7,121.0,110.0,1008.4,,,,
2023-05-30 07:00:00,3.1,3.6,,2.9,,,6.9,9.0,101.0,105.0,1007.4,,,,
2023-05-30 08:00:00,6.6,9.8,,3.4,,,7.4,10.9,113.0,108.0,1007.6,,,,
2023-05-30 09:00:00,7.0,9.1,,4.4,,,5.4,9.8,107.0,118.0,1007.2,,,,
2023-05-30 10:00:00,3.7,4.4,,3.3,,,6.1,9.1,110.0,110.0,1007.0,,,,
2023-05-30 11:00:00,6.0,8.4,,3.8,,,4.6,13.4,267.0,195.0,1008.0,,,,
2023-05-30 12:00:00,7.5,7.7,,7.3,,,1.0,3.0,153.0,322.0,1008.3,,,,
2023-05-30 13:00:00,7.4,7.7,,7.2,,,1.4,4.6,325.0,308.0,1008.8,,,,
2023-05-30 14:00:00,7.5,7.8,,7.1,,,1.5,4.0,355.0,358.0,1009.2,,,,
2023-05-30 15:00:00,7.3,7.6,,6.9,,,2.3,6.0,120.0,84.0,1009.5,,,,
2023-05-30 16:00:00,6.6,7.4,,6.2,,,4.5,6.7,126.0,123.0,1010.1,,,,
2023-05-30 17:00:00,6.6,7.3,,6.1,,,4.5,6.7,138.0,136.0,1011.0,,,,
2023-05-30 18:00:00,7.1,7.4,9.8,6.8,2.8,,3.4,4.9,154.0,146.0,1011.9,,,,
2023-05-30 19:00:00,7.3,7.6,,7.0,,,3.2,4.4,160.0,151.0,1012.6,,,,
2023-05-30 20:00:00,7.5,8.1,,7.1,,,3.1,4.5,139.0,149.0,1013.4,,,,
2023-05-30 21:00:00,7.4,8.0,,6.9,,,2.9,5.2,129.0,136.0,1014.0,,,,
2023-05-30 22:00:00,6.3,6.9,,6.0,,32.0,3.8,5.5,125.0,126.0,1014.3,,,,
2023-05-30 23:00:00,5.9,6.4,,5.6,,,2.4,5.3,351.0,125.0,1014.6,,,,
2023-05-31 00:00:00,5.9,6.4,,5.6,,,0.6,2.2,0.0,85.0,1014.7,,,,
2023-05-31 01:00:00,6.2,6.4,,6.1,,,1.7,3.6,83.0,74.0,1014.5,,,,
2023-05-31 02:00:00,6.3,6.8,,5.7,,,3.3,5.4,104.0,99.0,1014.3,,,,
2023-05-31 03:00:00,5.9,6.7,,4.6,,,4.0,6.2,111.0,108.0,1013.9,,,,
2023-05-31 04:00:00,5.0,5.3,,4.7,,,5.4,7.0,106.0,110.0,1013.4,,,,
2023-05-31 05:00:00,5.8,6.4,,5.1,,,6.0,8.1,98.0,99.0,1013.0,,,,
2023-05-31 06:00:00,6.4,6.7,8.1,6.1,4.6,,6.2,8.5,107.0,104.0,1012.5,,,,
2023-05-31 07:00:00,7.2,7.6,,6.6,,,7.9,11.1,108.0,107.0,1012.0,,,,
2023-05-31 08:00:00,7.2,7.6,,6.9,,,8.6,12.4,104.0,110.0,1012.1,,,,
2023-05-31 09:00:00,8.3,9.6,,6.8,,,7.4,11.2,110.0,98.0,1012.1,,,,
2023-05-31 10:00:00,8.2,8.6,,7.7,,,8.0,10.6,116.0,116.0,1013.2,,,,
2023-05-31 11:00:00,7.5,8.2,,7.1,,,3.3,8.3,312.0,176.0,1014.1,,,,
2023-05-31 12:00:00,7.4,7.7,,7.1,,,4.6,9.5,303.0,318.0,1013.9,,,,
2023-05-31 13:00:00,7.1,8.1,,6.1,,,6.3,10.2,304.0,302.0,1014.2,,,,
2023-05-31 14:00:00,5.3,6.1,,4.6,,,4.9,8.6,297.0,298.0,1014.5,,,,
2023-05-31 15:00:00,5.8,6.6,,4.6,,,4.0,7.4,313.0,303.0,1014.0,,,,
2023-05-31 16:00:00,7.7,8.4,,6.3,,,4.0,8.9,298.0,307.0,1014.0,,,,
2023-05-31 17:00:00,7.2,8.6,,5.9,,,1.7,4.9,77.0,304.0,1013.4,,,,
2023-05-31 18:00:00,6.5,7.2,9.7,5.8,4.5,,1.0,2.6,61.0,278.0,1013.4,,,,
2023-05-31 19:00:00,6.2,6.9,,5.7,,,0.4,3.1,280.0,131.0,1013.0,,,,
2023-05-31 20:00:00,6.0,6.6,,5.6,,,0.3,1.4,103.0,116.0,1012.8,,,,
2023-05-31 21:00:00,5.8,6.0,,5.6,,,1.9,2.6,99.0,109.0,1012.7,,,,
2023-05-31 22:00:00,5.9,6.5,,5.6,,,2.0,3.3,119.0,102.0,1013.1,,,,
2023-05-31 23:00:00,6.4,7.1,,5.4,,,1.5,2.9,132.0,99.0,1013.4,,,,
2023-06-01 00:00:00,6.0,6.7,,5.7,,,0.7,3.4,313.0,291.0,1013.7,,,,
2023-06-01 01:00:00,6.7,7.0,,6.4,,,2.4,6.4,308.0,323.0,1014.1,,,,
2023-06-01 02:00:00,6.4,6.7,,6.3,,,4.3,9.1,310.0,316.0,1014.3,,,,
2023-06-01 03:00:00,6.2,6.4,,6.0,,,4.6,7.3,316.0,312.0,1014.4,,,,
2023-06-01 04:00:00,6.2,6.4,,6.1,,,4.7,8.3,318.0,315.0,1014.5,,,,
2023-06-01 05:00:00,6.1,6.4,,5.8,,,4.5,8.2,325.0,318.0,1014.8,,,,
2023-06-01 06:00:00,6.1,6.3,7.1,5.8,5.4,,4.1,6.6,316.0,318.0,1015.1,,,,
2023-06-01 07:00:00,5.9,6.4,,5.6,,,3.3,5.7,323.0,319.0,1015.5,,,,
2023-06-01 08:00:00,6.6,7.1,,6.3,,,2.1,4.8,329.0,326.0,1015.1,,,,
2023-06-01 09:00:00,6.5,7.2,,6.0,,,2.8,4.8,326.0,306.0,1015.2,,,,
2023-06-01 10:00:00,6.1,6.5,,5.9,,,2.5,6.6,2.0,336.0,1014.8,,,,
2023-06-01 11:00:00,6.1,6.7,,5.4,,,4.1,7.7,85.0,78.0,1014.6,,,,
2023-06-01 12:00:00,5.4,6.5,,4.8,,,3.3,6.4,325.0,322.0,1015.2,,,,
2023-06-01 13:00:00,5.4,5.8,,4.9,,,2.7,4.5,328.0,326.0,1015.1,,,,
2023-06-01 14:00:00,5.5,5.9,,4.9,,,2.7,4.0,337.0,327.0,1015.1,,,,
2023-06-01 15:00:00,4.5,5.1,,4.0,,,3.0,4.2,317.0,318.0,1015.5,,,,
2023-06-01 16:00:00,4.1,4.4,,3.7,,,2.2,4.1,307.0,298.0,1015.8,,,,
2023-06-01 17:00:00,4.5,5.0,,4.1,,,0.8,2.3,48.0,339.0,1015.9,,,,
2023-06-01 18:00:00,4.2,4.8,7.2,3.6,3.6,,1.1,3.8,62.0,100.0,1016.0,,,,
2023-06-01 19:00:00,4.2,5.1,,3.4,,,1.7,5.2,155.0,137.0,1016.2,,,,
2023-06-01 20:00:00,3.2,3.6,,2.7,,,2.9,5.4,209.0,180.0,1016.3,,,,
2023-06-01 21:00:00,2.4,2.7,,2.1,,,2.5,3.7,269.0,229.0,1016.7,,,,
2023-06-01 22:00:00,2.0,2.3,,1.6,,,1.6,2.9,237.0,263.0,1016.7,,,,
2023-06-01 23:00:00,1.1,1.4,,0.9,,,2.4,3.4,202.0,219.0,1016.6,,,,
2023-06-02 00:00:00,0.4,0.9,,0.1,,,2.4,4.2,179.0,178.0,1017.1,,,,
2023-06-02 01:00:00,0.4,0.6,,0.2,,,3.1,4.7,163.0,163.0,1017.2,,,,
2023-06-02 02:00:00,0.1,0.3,,-0.2,,,3.8,4.9,109.0,126.0,1017.3,,,,
2023-06-02 03:00:00,0.0,0.3,,-0.2,,,5.1,6.6,114.0,120.0,1017.4,,,,
2023-06-02 04:00:00,0.0,0.1,,-0.2,,,6.0,7.9,107.0,110.0,1017.5,,,,
2023-06-02 05:00:00,0.2,0.4,,0.1,,,6.6,8.4,95.0,99.0,1017.8,,,,
2023-06-02 06:00:00,0.5,0.7,5.1,0.4,-0.2,,5.3,7.1,111.0,103.0,1018.7,,,,
2023-06-02 07:00:00,0.5,0.6,,0.4,,,4.1,5.3,109.0,106.0,1019.4,,,,
2023-06-02 08:00:00,0.6,1.3,,0.2,,,3.0,5.1,99.0,94.0,1020.2,,,,
2023-06-02 09:00:00,1.0,4.9,,-0.3,,,1.1,2.4,18.0,37.0,1020.8,,,,
2023-06-02 10:00:00,5.4,7.6,,2.9,,,0.6,1.8,0.0,4.0,1021.7,,,,
2023-06-02 11:00:00,7.0,7.9,,6.6,,,0.3,1.4,150.0,11.0,1022.3,,,,
2023-06-02 12:00:00,6.7,6.7,,6.7,,,1.3,3.5,292.0,274.0,1023.1,,,,
2023-06-02 13:00:00,0.3,0.7,,0.0,,,5.4,9.6,300.0,298.0,1023.6,,,,
2023-06-02 14:00:00,0.2,0.6,,-0.1,,,6.8,9.2,301.0,299.0,1023.9,,,,
2023-06-02 15:00:00,-0.1,0.2,,-0.3,,,8.5,11.6,295.0,298.0,1024.2,,,,
2023-06-02 16:00:00,-0.2,0.1,,-0.5,,,8.8,12.1,293.0,293.0,1024.6,,,,
2023-06-02 17:00:00,-0.3,-0.1,,-0.6,,,8.4,11.4,295.0,292.0,1024.9,,,,
2023-06-02 18:00:00,-0.5,-0.1,8.2,-0.7,-0.7,,7.7,10.4,294.0,294.0,1025.2,,,,
2023-06-02 19:00:00,-0.6,-0.3,,-0.7,,,7.1,10.5,290.0,293.0,1025.5,,,,
2023-06-02 20:00:00,-0.7,-0.4,,-1.1,,,6.7,9.3,285.0,288.0,1025.7,,,,
2023-06-02 21:00:00,-1.0,-0.6,,-1.3,,,5.9,8.5,284.0,285.0,1025.7,,,,
2023-06-02 22:00:00,-1.1,-0.7,,-1.4,,,4.1,7.1,288.0,285.0,1025.6,,,,
2023-06-02 23:00:00,-1.4,-1.1,,-1.6,,,3.4,5.6,275.0,274.0,1025.5,,,,
2023-06-03 00:00:00,-1.5,-1.4,,-1.6,,,1.8,4.0,272.0,276.0,1025.2,,,,
2023-06-03 01:00:00,-1.6,-1.4,,-1.7,,,0.5,2.4,0.0,17.0,1024.8,,,,
2023-06-03 02:00:00,-1.8,-1.7,,-1.9,,,1.8,3.0,128.0,131.0,1023.9,,,,
2023-06-03 03:00:00,-1.6,-1.5,,-1.7,,,2.5,3.7,121.0,129.0,1023.3,,,,
2023-06-03 04:00:00,-1.6,-1.5,,-1.7,,,2.6,3.7,111.0,116.0,1022.4,,,,
2023-06-03 05:00:00,-1.9,-1.7,,-2.1,,,2.3,3.1,106.0,104.0,1021.3,,,,
2023-06-03 06:00:00,-2.1,-2.1,-0.2,-2.1,-2.1,,3.4,4.7,105.0,111.0,1020.3,,,,
2023-06-03 07:00:00,,,,,,,3.7,5.4,93.0,99.0,1019.5,,,,
2023-06-03 08:00:00,,,,,,,3.0,4.2,95.0,95.0,1018.8,,,,
2023-06-03 09:00:00,,,,,,,2.8,3.8,85.0,93.0,1018.2,,,,
2023-06-03 10:00:00,,,,,,,2.9,3.7,104.0,97.0,1017.3,,,,
2023-06-03 11:00:00,,,,,,,3.2,5.2,121.0,105.0,1016.8,,,,
2023-06-03 12:00:00,,,,,,,2.9,5.8,107.0,121.0,1016.1,,,,
2023-06-03 13:00:00,,,,,,,2.4,3.3,100.0,101.0,1015.6,,,,
2023-06-03 14:00:00,,,,,,,1.9,2.7,112.0,94.0,1014.7,,,,
2023-06-03 15:00:00,,,,,,,2.7,4.2,128.0,114.0,1014.1,,,,
2023-06-03 16:00:00,,,,,,,3.8,4.8,123.0,116.0,1013.3,,,,
2023-06-03 17:00:00,,,,,,,4.2,5.4,152.0,152.0,1012.8,,,,
2023-06-03 18:00:00,,,,,,,4.4,5.7,107.0,130.0,1011.9,,,,
2023-06-03 19:00:00,,,,,,,4.7,6.7,106.0,101.0,1010.8,,,,
2023-06-03 20:00:00,,,,,,,3.6,7.0,289.0,154.0,1010.5,,,,
2023-06-03 21:00:00,,,,,,,8.2,12.1,290.0,294.0,1010.3,,,,
2023-06-03 22:00:00,,,,,,,10.9,14.4,298.0,295.0,1011.1,,,,
2023-06-03 23:00:00,,,,,,,8.4,13.0,303.0,305.0,1011.3,,,,
2023-06-04 00:00:00,,,,,,,7.1,10.5,300.0,299.0,1011.8,,,,
2023-06-04 01:00:00,,,,,,,8.4,12.1,315.0,310.0,1012.7,,,,
2023-06-04 02:00:00,,,,,,,6.8,10.4,280.0,293.0,1013.4,,,,
2023-06-04 03:00:00,,,,,,,8.2,11.9,310.0,296.0,1014.0,,,,
2023-06-04 04:00:00,,,,,,,7.8,12.4,323.0,314.0,1014.7,,,,
2023-06-04 05:00:00,,,,,,,3.7,8.9,43.0,17.0,1015.4,,,,
2023-06-04 06:00:00,,,,,,,1.6,3.6,3.0,341.0,1016.1,,,,
2023-06-04 07:00:00,,,,,,,4.5,8.0,43.0,48.0,1016.8,,,,
2023-06-04 08:00:00,,,,,,,4.6,6.4,41.0,38.0,1017.0,,,,
2023-06-04 09:00:00,,,,,,,3.0,6.5,324.0,354.0,1017.6,,,,
2023-06-04 10:00:00,,,,,,,0.5,2.3,0.0,285.0,1017.7,,,,
2023-06-04 11:00:00,,,,,,,0.4,3.4,0.0,299.0,1017.9,,,,
2023-06-04 12:00:00,1.2,1.3,,1.0,,,1.6,5.2,157.0,138.0,1018.2,,,,
2023-06-04 13:00:00,,,,,,,0.4,1.4,0.0,168.0,1018.3,,,,
2023-06-04 14:00:00,2.2,2.2,,2.2,,,1.4,4.6,110.0,127.0,1017.9,,,,
2023-06-04 15:00:00,,,,,,,4.4,6.1,118.0,112.0,1017.7,,,,
2023-06-04 16:00:00,,,,,,,4.9,6.5,131.0,127.0,1017.6,,,,
2023-06-04 17:00:00,0.7,0.8,,0.6,,,3.6,5.5,148.0,144.0,1017.5,,,,
2023-06-04 18:00:00,0.7,0.8,2.2,0.6,0.6,,2.5,3.6,127.0,128.0,1017.3,,,,
2023-06-04 19:00:00,0.5,1.3,,0.2,,,3.1,5.2,303.0,293.0,1017.1,,,,
2023-06-04 20:00:00,0.4,0.6,,0.1,,,4.1,5.5,302.0,303.0,1017.1,,,,
2023-06-04 21:00:00,0.2,0.7,,-0.2,,,3.3,4.9,296.0,303.0,1017.3,,,,
2023-06-04 22:00:00,0.0,0.7,,-0.4,,,3.9,5.4,305.0,300.0,1017.6,,,,
2023-06-04 23:00:00,-0.7,-0.4,,-0.9,,,4.5,6.0,300.0,300.0,1017.7,,,,
2023-06-05 00:00:00,-1.1,-0.8,,-1.4,,,4.9,6.6,298.0,299.0,1017.8,,,,
2023-06-05 01:00:00,-1.6,-1.3,,-2.1,,,4.4,6.1,309.0,301.0,1017.9,,,,
2023-06-05 02:00:00,-2.3,-1.7,,-2.8,,,3.8,5.5,320.0,311.0,1018.1,,,,
2023-06-05 03:00:00,-2.9,-2.4,,-3.5,,,3.2,4.5,341.0,331.0,1018.1,,,,
2023-06-05 04:00:00,-3.4,-2.9,,-4.0,,,2.7,3.7,327.0,334.0,1018.1,,,,
2023-06-05 05:00:00,-3.8,-3.1,,-4.6,,,2.4,3.5,354.0,343.0,1018.2,,,,
2023-06-05 06:00:00,-3.0,-2.4,1.3,-3.3,-4.6,96.0,1.4,2.6,317.0,333.0,1018.4,,,,
2023-06-05 07:00:00,-2.2,-2.0,,-2.3,,,2.8,3.9,314.0,318.0,1018.6,,,,
2023-06-05 08:00:00,-1.7,-1.3,,-2.1,,,3.6,4.9,319.0,309.0,1018.8,,,,
2023-06-05 09:00:00,-1.2,-1.0,,-1.4,,,2.5,4.0,278.0,300.0,1018.9,,,,
2023-06-05 10:00:00,-1.1,-0.9,,-1.2,,,2.7,3.5,280.0,281.0,1019.3,,,,
2023-06-05 11:00:00,-1.1,-0.9,,-1.2,,,2.7,4.7,330.0,306.0,1019.4,,,,
2023-06-05 12:00:00,-1.0,-0.8,,-1.2,,,4.1,5.5,291.0,300.0,1019.7,,,,
2023-06-05 13:00:00,-1.4,-1.0,,-1.7,,,4.4,6.0,291.0,285.0,1020.1,,,,
2023-06-05 14:00:00,-1.8,-1.5,,-1.9,,,3.4,5.0,288.0,294.0,1020.5,,,,
2023-06-05 15:00:00,-1.7,-1.3,,-1.9,,,2.7,4.1,295.0,297.0,1020.6,,,,
2023-06-05 16:00:00,-1.2,-0.8,,-1.4,,,1.5,3.2,247.0,285.0,1020.9,,,,
2023-06-05 17:00:00,-1.2,-0.9,,-1.5,,,2.9,4.8,239.0,250.0,1021.2,,,,
2023-06-05 18:00:00,-0.8,-0.7,-0.7,-1.0,-2.4,,2.8,3.9,203.0,215.0,1021.7,,,,
2023-06-05 19:00:00,-0.9,-0.8,,-1.1,,,2.8,4.3,184.0,186.0,1021.8,,,,
2023-06-05 20:00:00,-1.0,-0.7,,-1.3,,,3.1,7.0,221.0,174.0,1022.3,,,,
2023-06-05 21:00:00,-0.9,-0.7,,-1.1,,,2.3,4.5,181.0,203.0,1022.3,,,,
2023-06-05 22:00:00,-0.7,-0.6,,-0.8,,,3.0,5.0,221.0,212.0,1022.8,,,,
2023-06-05 23:00:00,-0.6,-0.5,,-0.8,,,3.2,5.4,237.0,229.0,1023.0,,,,
2023-06-06 00:00:00,-0.5,-0.4,,-0.6,,,3.1,4.5,206.0,218.0,1023.0,,,,
2023-06-06 01:00:00,,,,,,,3.1,4.9,204.0,197.0,1023.0,,,,
2023-06-06 02:00:00,,,,,,,2.3,3.8,140.0,182.0,1022.6,,,,
2023-06-06 03:00:00,,,,,,,3.3,4.6,103.0,108.0,1022.1,,,,
2023-06-06 04:00:00,,,,,,,4.0,6.6,111.0,103.0,1021.6,,,,
2023-06-06 05:00:00,,,,,,,5.5,11.1,102.0,114.0,1020.9,,,,
2023-06-06 06:00:00,,,-0.4,,-1.3,,7.8,11.5,108.0,105.0,1020.7,,,,
2023-06-06 07:00:00,,,,,,,3.3,9.5,324.0,278.0,1021.1,,,,
2023-06-06 08:00:00,,,,,,,0.5,2.2,0.0,302.0,1020.7,,,,
2023-06-06 09:00:00,,,,,,,1.4,2.8,243.0,213.0,1020.6,,,,
2023-06-06 10:00:00,0.1,0.2,,0.1,,,1.9,3.2,304.0,258.0,1020.7,,,,
2023-06-06 11:00:00,,,,,,,0.7,2.2,303.0,329.0,1020.7,,,,
2023-06-06 12:00:00,,,,,,,1.6,4.1,267.0,288.0,1020.6,,,,
2023-06-06 13:00:00,,,,,,,2.7,4.5,302.0,300.0,1020.6,,,,
2023-06-06 14:00:00,,,,,,,1.6,2.9,281.0,287.0,1020.7,,,,
2023-06-06 15:00:00,,,,,,,1.4,2.7,262.0,278.0,1020.7,,,,
2023-06-06 16:00:00,,,,,,,2.0,3.0,271.0,265.0,1020.5,,,,
2023-06-06 17:00:00,,,,,,,1.6,2.6,252.0,268.0,1020.6,,,,
2023-06-06 18:00:00,5.4,5.4,5.4,5.4,0.1,,0.2,1.6,0.0,266.0,1020.4,,,,
2023-06-06 19:00:00,,,,,,,0.1,0.8,0.0,5.0,1020.2,,,,
2023-06-06 20:00:00,3.9,4.5,,3.6,,15.0,0.7,1.9,331.0,329.0,1020.0,,,,
2023-06-06 21:00:00,,,,,,,1.3,2.7,318.0,313.0,1019.8,,,,
2023-06-06 22:00:00,,,,,,,2.9,3.9,313.0,313.0,1019.7,,,,
2023-06-06 23:00:00,,,,,,,4.1,5.5,318.0,308.0,1019.6,,,,
2023-06-07 00:00:00,,,,,,,2.0,4.1,59.0,5.0,1019.8,,,,
2023-06-07 01:00:00,,,,,,,1.5,4.5,57.0,52.0,1019.6,,,,
2023-06-07 02:00:00,,,,,,,3.6,7.3,30.0,34.0,1019.3,,,,
2023-06-07 03:00:00,,,,,,,2.8,6.9,9.0,17.0,1019.4,,,,
2023-06-07 04:00:00,,,,,,,1.9,5.4,347.0,1.0,1019.5,,,,
2023-06-07 05:00:00,,,,,,,1.8,3.7,344.0,13.0,1019.6,,,,
2023-06-07 06:00:00,,,4.6,,3.6,,2.6,7.4,319.0,33.0,1019.8,,,,
2023-06-07 07:00:00,,,,,,,1.2,2.8,26.0,11.0,1020.0,,,,
2023-06-07 08:00:00,,,,,,,1.4,3.4,22.0,23.0,1020.5,,,,
2023-06-07 09:00:00,,,,,,,0.9,2.1,2.0,17.0,1021.0,,,,
2023-06-07 10:00:00,,,,,,,1.5,3.9,322.0,331.0,1021.4,,,,
2023-06-07 11:00:00,0.8,0.9,,0.7,,,2.2,7.4,294.0,8.0,1021.7,,,,
2023-06-07 12:00:00,-0.1,0.1,,-0.3,,37.0,5.5,7.9,299.0,301.0,1022.1,,,,
2023-06-07 13:00:00,,,,,,,6.7,9.6,292.0,297.0,1022.7,,,,
2023-06-07 14:00:00,,,,,,,6.4,9.3,291.0,292.0,1023.0,,,,
2023-06-07 15:00:00,,,,,,,6.0,8.7,292.0,289.0,1023.6,,,,
2023-06-07 16:00:00,,,,,,,6.0,8.2,285.0,287.0,1023.8,,,,
2023-06-07 17:00:00,,,,,,,5.8,8.0,290.0,292.0,1024.2,,,,
2023-06-07 18:00:00,,,0.9,,-0.3,,5.3,7.0,292.0,291.0,1024.4,,,,
2023-06-07 19:00:00,,,,,,,4.5,6.3,304.0,298.0,1024.6,,,,
2023-06-07 20:00:00,,,,,,,3.4,5.0,290.0,308.0,1024.6,,,,
2023-06-07 21:00:00,,,,,,,2.9,4.2,330.0,312.0,1024.4,,,,
2023-06-07 22:00:00,,,,,,,2.1,3.6,296.0,314.0,1024.4,,,,
2023-06-07 23:00:00,,,,,,,1.4,3.0,338.0,317.0,1024.3,,,,
2023-06-08 00:00:00,,,,,,,1.9,3.4,358.0,322.0,1024.1,,,,
2023-06-08 01:00:00,,,,,,,2.2,3.5,354.0,3.0,1023.6,,,,
2023-06-08 02:00:00,,,,,,,1.9,2.9,27.0,21.0,1023.4,,,,
2023-06-08 03:00:00,,,,,,,2.1,3.0,26.0,22.0,1022.9,,,,
2023-06-08 04:00:00,,,,,,,2.9,4.6,76.0,69.0,1022.5,,,,
2023-06-08 05:00:00,,,,,,,3.4,5.5,67.0,77.0,1022.1,,,,
2023-06-08 06:00:00,,,,,,,2.7,4.7,79.0,75.0,1022.1,,,,
2023-06-08 07:00:00,,,,,,,3.6,5.7,110.0,97.0,1022.0,,,,
2023-06-08 08:00:00,,,,,,,3.4,4.9,78.0,79.0,1021.6,,,,
2023-06-08 09:00:00,,,,,,,3.0,4.1,66.0,75.0,1021.3,,,,
2023-06-08 10:00:00,,,,,,,2.8,4.4,84.0,80.0,1021.0,,,,
2023-06-08 11:00:00,,,,,,,4.3,5.7,109.0,106.0,1020.6,,,,
2023-06-08 12:00:00,,,,,,,4.9,6.1,107.0,109.0,1020.2,,,,
2023-06-08 13:00:00,,,,,,,4.3,5.5,118.0,112.0,1019.7,,,,
2023-06-08 14:00:00,,,,,,,4.7,6.6,113.0,117.0,1019.2,,,,
2023-06-08 15:00:00,,,,,,,5.6,7.5,123.0,119.0,1018.5,,,,
2023-06-08 16:00:00,,,,,,,6.0,7.9,121.0,123.0,1018.0,,,,
2023-06-08 17:00:00,,,,,,,5.2,6.8,118.0,117.0,1017.6,,,,
2023-06-08 18:00:00,,,,,,,5.2,6.4,111.0,114.0,1017.3,,,,
2023-06-08 19:00:00,,,,,,,4.6,5.6,106.0,109.0,1016.8,,,,
2023-06-08 20:00:00,,,,,,,4.1,5.5,93.0,100.0,1016.2,,,,
2023-06-08 21:00:00,,,,,,,3.6,4.9,97.0,95.0,1015.9,,,,
2023-06-08 22:00:00,,,,,,,3.9,5.3,111.0,109.0,1015.7,,,,
2023-06-08 23:00:00,,,,,,,4.4,5.9,96.0,102.0,1015.4,,,,
2023-06-09 00:00:00,,,,,,,4.9,6.7,88.0,93.0,1015.0,,,,
2023-06-09 01:00:00,,,,,,,4.7,6.5,97.0,91.0,1014.8,,,,
2023-06-09 02:00:00,,,,,,,5.3,7.7,98.0,94.0,1014.3,,,,
2023-06-09 03:00:00,,,,,,,5.9,8.3,105.0,102.0,1013.7,,,,
2023-06-09 04:00:00,,,,,,,6.6,8.7,109.0,108.0,1013.6,,,,
2023-06-09 05:00:00,,,,,,,6.8,8.7,101.0,107.0,1013.1,,,,
2023-06-09 06:00:00,,,,,,,7.3,9.6,108.0,109.0,1013.0,,,,
2023-06-09 07:00:00,,,,,,,7.7,9.9,104.0,107.0,1012.6,,,,
2023-06-09 08:00:00,,,,,,,9.2,12.1,114.0,111.0,1011.9,,,,
2023-06-09 09:00:00,,,,,,,10.3,14.1,121.0,120.0,1011.4,,,,
2023-06-09 10:00:00,,,,,,,10.9,13.9,108.0,115.0,1011.2,,,,
2023-06-09 11:00:00,,,,,,,10.8,15.0,116.0,112.0,1010.6,,,,
2023-06-09 12:00:00,,,,,,,10.9,14.3,111.0,113.0,1010.1,,,,
2023-06-09 13:00:00,,,,,,,9.7,12.5,110.0,109.0,1009.5,,,,
2023-06-09 14:00:00,,,,,,,7.7,10.0,111.0,114.0,1008.9,,,,
2023-06-09 15:00:00,,,,,,,6.9,9.9,113.0,113.0,1008.2,,,,
2023-06-09 16:00:00,,,,,,,7.5,10.0,113.0,107.0,1007.5,,,,
2023-06-09 17:00:00,,,,,,,8.4,11.1,110.0,109.0,1006.9,,,,
2023-06-09 18:00:00,,,,,,,8.8,11.2,112.0,109.0,1006.5,,,,
2023-06-09 19:00:00,,,,,,,8.2,10.6,107.0,116.0,1005.8,,,,
2023-06-09 20:00:00,,,,,,,8.3,10.8,115.0,116.0,1005.3,,,,
2023-06-09 21:00:00,,,,,,,8.3,11.3,114.0,114.0,1004.9,,,,
2023-06-09 22:00:00,,,,,,,7.2,9.9,117.0,113.0,1004.5,,,,
2023-06-09 23:00:00,,,,,,,7.2,10.2,119.0,111.0,1004.0,,,,
2023-06-10 00:00:00,,,,,,,7.2,9.6,103.0,108.0,1003.4,,,,
2023-06-10 01:00:00,,,,,,,7.2,10.0,114.0,108.0,1003.0,,,,
2023-06-10 02:00:00,,,,,,,6.8,9.6,104.0,105.0,1002.5,,,,
2023-06-10 03:00:00,6.3,6.5,,6.1,,17.0,7.5,11.0,106.0,106.0,1001.5,,,,
2023-06-10 04:00:00,6.2,6.6,,6.0,,,7.8,10.1,107.0,108.0,1000.7,,,,
2023-06-10 05:00:00,6.7,7.0,,6.4,,,7.2,10.6,103.0,106.0,1000.4,,,,
2023-06-10 06:00:00,,,7.0,,6.0,,7.8,12.1,104.0,106.0,1000.1,,,,
2023-06-10 07:00:00,,,,,,,6.3,10.6,132.0,122.0,1000.6,,,,
2023-06-10 08:00:00,,,,,,,4.8,9.2,53.0,98.0,999.4,,,,
2023-06-10 09:00:00,,,,,,,1.4,3.7,75.0,51.0,998.8,,,,
2023-06-10 10:00:00,,,,,,,1.6,5.3,161.0,137.0,998.8,,,,
2023-06-10 11:00:00,,,,,,,2.8,9.3,305.0,243.0,999.3,,,,
2023-06-10 12:00:00,,,,,,,2.9,8.2,228.0,250.0,999.2,,,,
2023-06-10 13:00:00,,,,,,,1.4,2.9,93.0,69.0,999.1,,,,
2023-06-10 14:00:00,,,,,,,2.5,3.6,92.0,95.0,998.8,,,,
2023-06-10 15:00:00,,,,,,,2.4,3.5,87.0,84.0,999.0,,,,
2023-06-10 16:00:00,,,,,,,2.0,3.8,105.0,82.0,999.2,,,,
2023-06-10 17:00:00,,,,,,,4.5,7.7,109.0,109.0,999.5,,,,
2023-06-10 18:00:00,,,,,,,1.8,5.2,116.0,122.0,999.9,,,,
2023-06-10 19:00:00,,,,,,,0.4,2.6,288.0,66.0,999.8,,,,
2023-06-10 20:00:00,,,,,,,2.0,3.7,233.0,255.0,999.8,,,,
2023-06-10 21:00:00,,,,,,,0.2,1.7,324.0,204.0,999.9,,,,
2023-06-10 22:00:00,,,,,,,1.6,2.9,300.0,290.0,1000.1,,,,
2023-06-10 23:00:00,,,,,,,2.3,3.9,285.0,287.0,1000.7,,,,
2023-06-11 00:00:00,,,,,,,3.8,5.4,292.0,290.0,1001.2,,,,
2023-06-11 01:00:00,,,,,,,4.7,7.1,296.0,296.0,1001.7,,,,
2023-06-11 02:00:00,,,,,,,5.9,8.2,295.0,296.0,1002.0,,,,
2023-06-11 03:00:00,,,,,,,6.0,8.6,299.0,298.0,1002.7,,,,
2023-06-11 04:00:00,,,,,,,6.1,8.3,306.0,301.0,1003.1,,,,
2023-06-11 05:00:00,,,,,,,4.7,7.4,312.0,310.0,1003.5,,,,
2023-06-11 06:00:00,,,,,,,2.7,6.3,356.0,317.0,1004.1,,,,
2023-06-11 07:00:00,,,,,,,0.3,2.5,161.0,11.0,1004.4,,,,
2023-06-11 08:00:00,,,,,,,0.3,1.9,32.0,21.0,1004.8,,,,
2023-06-11 09:00:00,,,,,,,0.5,2.9,330.0,234.0,1005.3,,,,
2023-06-11 10:00:00,,,,,,,3.2,5.7,295.0,301.0,1005.7,,,,
2023-06-11 11:00:00,,,,,,,4.2,6.6,288.0,291.0,1005.9,,,,
2023-06-11 12:00:00,,,,,,,3.0,4.6,290.0,295.0,1006.6,,,,
2023-06-11 13:00:00,,,,,,,2.1,4.4,220.0,273.0,1006.7,,,,
2023-06-11 14:00:00,,,,,,,1.9,3.0,163.0,177.0,1006.6,,,,
2023-06-11 15:00:00,,,,,,,3.9,6.3,136.0,140.0,1005.7,,,,
2023-06-11 16:00:00,,,,,,,6.8,8.9,126.0,127.0,1005.0,,,,
2023-06-11 17:00:00,,,,,,,8.2,11.0,116.0,119.0,1004.1,,,,
2023-06-11 18:00:00,,,,,,,8.5,11.7,103.0,110.0,1002.9,,,,
2023-06-11 19:00:00,,,,,,,8.6,11.6,112.0,113.0,1002.0,,,,
2023-06-11 20:00:00,,,,,,,6.8,10.2,107.0,111.0,1001.3,,,,
2023-06-11 21:00:00,,,,,,,5.6,10.8,122.0,111.0,999.7,,,,
2023-06-11 22:00:00,,,,,,,5.3,7.9,131.0,117.0,998.7,,,,
2023-06-11 23:00:00,,,,,,,4.9,8.8,129.0,140.0,998.2,,,,
2023-06-12 00:00:00,,,,,,,2.4,5.2,144.0,152.0,997.4,,,,
2023-06-12 01:00:00,,,,,,,1.3,7.6,92.0,33.0,996.1,,,,
2023-06-12 02:00:00,,,,,,,1.9,8.9,85.0,210.0,995.1,,,,
2023-06-12 03:00:00,,,,,,,3.7,13.7,199.0,135.0,994.3,,,,
2023-06-12 04:00:00,,,,,,,8.3,15.2,218.0,239.0,995.4,,,,
2023-06-12 05:00:00,,,,,,,4.5,12.8,257.0,228.0,994.7,,,,
2023-06-12 06:00:00,,,,,,,4.6,10.1,216.0,245.0,994.3,,,,
2023-06-12 07:00:00,,,,,,,6.3,11.9,229.0,225.0,994.2,,,,
2023-06-12 08:00:00,,,,,,,6.8,10.8,242.0,239.0,994.4,,,,
2023-06-12 09:00:00,,,,,,,6.9,10.8,243.0,244.0,994.8,,,,
2023-06-12 10:00:00,,,,,,,5.1,9.3,245.0,240.0,995.8,,,,
2023-06-12 11:00:00,,,,,,,5.1,7.9,242.0,242.0,996.6,,,,
2023-06-12 12:00:00,,,,,,,5.5,10.0,236.0,238.0,997.3,,,,
2023-06-12 13:00:00,,,,,,,4.6,8.2,241.0,245.0,998.3,,,,
2023-06-12 14:00:00,,,,,,,4.1,8.5,238.0,248.0,999.0,,,,
2023-06-12 15:00:00,,,,,,,5.1,8.4,236.0,245.0,1000.0,,,,
2023-06-12 16:00:00,,,,,,,5.0,8.8,231.0,237.0,1000.7,,,,
2023-06-12 17:00:00,,,,,,,5.8,9.3,230.0,235.0,1001.6,,,,
2023-06-12 18:00:00,,,,,,,5.9,8.5,230.0,233.0,1002.3,,,,
2023-06-12 19:00:00,,,,,,,6.4,10.4,255.0,247.0,1003.4,,,,
2023-06-12 20:00:00,,,,,,,6.1,10.1,266.0,262.0,1004.6,,,,
2023-06-12 21:00:00,,,,,,,4.4,7.5,263.0,267.0,1005.4,,,,
2023-06-12 22:00:00,,,,,,,4.0,6.1,263.0,260.0,1006.6,,,,
2023-06-12 23:00:00,,,,,,,3.6,5.6,278.0,272.0,1007.3,,,,
2023-06-13 00:00:00,,,,,,,1.8,3.7,211.0,270.0,1008.2,,,,
2023-06-13 01:00:00,,,,,,,1.8,3.4,217.0,210.0,1008.6,,,,
2023-06-13 02:00:00,,,,,,,1.2,3.1,0.0,217.0,1008.8,,,,
2023-06-13 03:00:00,,,,,,,1.2,2.5,82.0,94.0,1008.4,,,,
2023-06-13 04:00:00,2.2,2.2,,2.2,,,2.4,5.4,92.0,88.0,1008.3,,,,
2023-06-13 05:00:00,2.2,2.8,,1.9,,,3.4,5.3,106.0,116.0,1008.7,,,,
2023-06-13 06:00:00,2.4,2.6,2.8,2.3,1.9,,4.0,5.6,117.0,105.0,1008.6,,,,
2023-06-13 07:00:00,2.3,2.4,,2.2,,,4.2,5.5,111.0,111.0,1008.6,,,,
2023-06-13 08:00:00,2.4,2.4,,2.4,,,4.0,5.0,130.0,122.0,1008.7,,,,
2023-06-13 09:00:00,,,,,,,3.6,4.8,111.0,114.0,1008.5,,,,
2023-06-13 10:00:00,,,,,,,3.0,4.9,123.0,114.0,1008.4,,,,
2023-06-13 11:00:00,,,,,,,2.3,3.4,95.0,108.0,1008.3,,,,
2023-06-13 12:00:00,,,,,,,2.1,3.2,87.0,87.0,1008.3,,,,
2023-06-13 13:00:00,,,,,,,0.3,1.3,104.0,97.0,1008.3,,,,
2023-06-13 14:00:00,,,,,,,0.1,1.6,241.0,244.0,1008.4,,,,
2023-06-13 15:00:00,,,,,,,3.2,5.4,301.0,293.0,1008.5,,,,
2023-06-13 16:00:00,,,,,,,2.8,4.6,307.0,308.0,1008.6,,,,
2023-06-13 17:00:00,,,,,,,2.2,3.8,313.0,304.0,1008.9,,,,
2023-06-13 18:00:00,,,2.4,,2.2,,0.7,1.7,0.0,299.0,1009.1,,,,
2023-06-13 19:00:00,,,,,,,2.7,5.0,292.0,278.0,1009.7,,,,
2023-06-13 20:00:00,,,,,,,2.3,4.1,305.0,313.0,1009.8,,,,
2023-06-13 21:00:00,,,,,,,1.8,2.7,348.0,317.0,1009.4,,,,
2023-06-13 22:00:00,,,,,,,1.8,3.7,180.0,89.0,1009.4,,,,
2023-06-13 23:00:00,,,,,,,0.7,2.3,109.0,101.0,1009.4,,,,
2023-06-14 00:00:00,,,,,,,1.2,3.0,72.0,96.0,1009.5,,,,
2023-06-14 01:00:00,,,,,,,1.1,3.8,254.0,283.0,1009.8,,,,
2023-06-14 02:00:00,,,,,,,2.8,4.0,280.0,278.0,1009.1,,,,
2023-06-14 03:00:00,,,,,,,1.6,4.0,0.0,273.0,1008.9,,,,
2023-06-14 04:00:00,,,,,,,0.8,2.3,323.0,324.0,1009.0,,,,
2023-06-14 05:00:00,,,,,,,0.3,1.4,0.0,296.0,1009.7,,,,
2023-06-14 06:00:00,,,,,,,0.3,1.3,117.0,98.0,1009.8,,,,
2023-06-14 07:00:00,,,,,,,0.9,2.8,104.0,112.0,1010.2,,,,
2023-06-14 08:00:00,,,,,,,1.5,3.2,140.0,190.0,1010.5,,,,
2023-06-14 09:00:00,,,,,,,1.2,3.1,130.0,98.0,1010.7,,,,
2023-06-14 10:00:00,,,,,,,1.7,3.4,130.0,140.0,1010.9,,,,
2023-06-14 11:00:00,,,,,,,2.0,3.9,156.0,136.0,1011.2,,,,
2023-06-14 12:00:00,,,,,,,1.7,3.3,170.0,151.0,1010.9,,,,
2023-06-14 13:00:00,,,,,,,0.8,1.9,249.0,208.0,1010.6,,,,
2023-06-14 14:00:00,,,,,,,1.8,3.2,313.0,298.0,1010.3,,,,
2023-06-14 15:00:00,,,,,,,3.2,4.4,299.0,300.0,1010.0,,,,
2023-06-14 16:00:00,,,,,,,4.0,5.3,301.0,298.0,1009.7,,,,
2023-06-14 17:00:00,,,,,,,3.6,4.9,295.0,295.0,1009.7,,,,
2023-06-14 18:00:00,,,,,,,3.1,4.6,303.0,300.0,1009.9,,,,
2023-06-14 19:00:00,,,,,,,1.4,2.8,299.0,310.0,1010.3,,,,
2023-06-14 20:00:00,,,,,,,2.6,5.2,293.0,338.0,1010.6,,,,
2023-06-14 21:00:00,,,,,,,2.3,3.6,296.0,302.0,1011.2,,,,
2023-06-14 22:00:00,,,,,,,0.8,1.7,173.0,235.0,1011.7,,,,
2023-06-14 23:00:00,,,,,,,1.2,2.0,160.0,160.0,1012.0,,,,
2023-06-15 00:00:00,,,,,,,1.4,2.0,127.0,151.0,1012.3,,,,
2023-06-15 01:00:00,,,,,,,2.6,3.6,108.0,107.0,1012.5,,,,
2023-06-15 02:00:00,,,,,,,2.2,3.8,134.0,130.0,1012.8,,,,
2023-06-15 03:00:00,,,,,,,2.5,4.1,125.0,129.0,1012.7,,,,
2023-06-15 04:00:00,,,,,,,2.2,3.9,80.0,98.0,1012.5,,,,
2023-06-15 05:00:00,,,,,,,2.0,3.6,346.0,18.0,1012.6,,,,
2023-06-15 06:00:00,,,,,,,1.6,3.1,337.0,345.0,1012.6,,,,
2023-06-15 07:00:00,,,,,,,0.8,1.9,343.0,348.0,1012.6,,,,
2023-06-15 08:00:00,,,,,,,0.4,1.9,345.0,350.0,1012.8,,,,
2023-06-15 09:00:00,,,,,,,0.3,1.6,0.0,187.0,1012.9,,,,
2023-06-15 10:00:00,,,,,,,0.4,1.4,283.0,307.0,1013.0,,,,
2023-06-15 11:00:00,,,,,,,1.5,3.5,306.0,308.0,1013.0,,,,
2023-06-15 12:00:00,,,,,,,1.9,3.2,305.0,311.0,1013.2,,,,
2023-06-15 13:00:00,,,,,,,1.8,3.5,298.0,302.0,1013.2,,,,
2023-06-15 14:00:00,,,,,,,1.2,2.7,305.0,289.0,1013.4,,,,
2023-06-15 15:00:00,,,,,,,1.9,2.7,309.0,300.0,1013.3,,,,
2023-06-15 16:00:00,,,,,,,2.9,3.8,301.0,303.0,1013.3,,,,
2023-06-15 17:00:00,,,,,,,3.1,5.3,303.0,302.0,1013.7,,,,
2023-06-15 18:00:00,,,,,,,3.7,5.7,295.0,299.0,1014.0,,,,
2023-06-15 19:00:00,,,,,,,3.7,5.5,300.0,299.0,1014.2,,,,
2023-06-15 20:00:00,,,,,,,4.3,6.0,299.0,300.0,1014.5,,,,
2023-06-15 21:00:00,,,,,,,4.7,6.7,300.0,298.0,1014.8,,,,
2023-06-15 22:00:00,,,,,,,3.2,6.2,290.0,295.0,1015.1,,,,
2023-06-15 23:00:00,,,,,,,2.5,3.8,290.0,290.0,1015.5,,,,
2023-06-16 00:00:00,,,,,,,3.3,5.5,304.0,295.0,1015.8,,,,
2023-06-16 01:00:00,,,,,,,3.2,5.2,295.0,301.0,1015.9,,,,
2023-06-16 02:00:00,,,,,,,3.2,4.7,300.0,298.0,1016.3,,,,
2023-06-16 03:00:00,,,,,,,4.6,7.3,301.0,300.0,1016.8,,,,
2023-06-16 04:00:00,,,,,,,6.6,8.5,299.0,300.0,1017.3,,,,
2023-06-16 05:00:00,,,,,,,6.2,9.5,301.0,300.0,1017.9,,,,
2023-06-16 06:00:00,,,,,,,5.9,8.4,305.0,303.0,1018.4,,,,
2023-06-16 07:00:00,,,,,,,7.0,9.4,294.0,299.0,1018.9,,,,
2023-06-16 08:00:00,,,,,,,7.6,10.3,297.0,296.0,1019.7,,,,
2023-06-16 09:00:00,,,,,,,7.9,10.5,294.0,294.0,1020.5,,,,
2023-06-16 10:00:00,,,,,,,8.2,11.3,293.0,295.0,1021.0,,,,
2023-06-16 11:00:00,,,,,,,7.8,10.2,295.0,294.0,1021.7,,,,
2023-06-16 12:00:00,,,,,,,7.2,9.7,291.0,295.0,1022.4,,,,
2023-06-16 13:00:00,,,,,,,6.8,9.3,294.0,295.0,1023.3,,,,
2023-06-16 14:00:00,,,,,,,6.1,8.2,302.0,299.0,1024.1,,,,
2023-06-16 15:00:00,,,,,,,6.0,7.9,295.0,295.0,1024.6,,,,
2023-06-16 16:00:00,,,,,,,5.6,7.8,302.0,300.0,1024.9,,,,
2023-06-16 17:00:00,,,,,,,4.8,6.2,302.0,308.0,1025.4,,,,
2023-06-16 18:00:00,,,,,,,4.0,5.1,302.0,304.0,1025.8,,,,
2023-06-16 19:00:00,,,,,,,3.5,4.7,298.0,292.0,1026.0,,,,
2023-06-16 20:00:00,,,,,,,3.0,4.2,290.0,290.0,1026.2,,,,
2023-06-16 21:00:00,,,,,,,1.1,3.1,339.0,316.0,1026.4,,,,
2023-06-16 22:00:00,,,,,,,1.6,3.5,259.0,302.0,1026.7,,,,
2023-06-16 23:00:00,,,,,,,1.8,3.1,303.0,295.0,1026.7,,,,
2023-06-17 00:00:00,,,,,,,1.8,3.0,281.0,291.0,1026.5,,,,
2023-06-17 01:00:00,,,,,,,2.9,4.3,302.0,300.0,1026.6,,,,
2023-06-17 02:00:00,,,,,,,3.2,4.2,330.0,308.0,1026.6,,,,
2023-06-17 03:00:00,,,,,,,0.8,2.5,292.0,317.0,1026.5,,,,
2023-06-17 04:00:00,,,,,,,0.3,1.9,12.0,357.0,1026.4,,,,
2023-06-17 05:00:00,,,,,,,1.4,2.4,19.0,1.0,1026.4,,,,
2023-06-17 06:00:00,,,,,,,0.4,1.5,354.0,360.0,1026.5,,,,
2023-06-17 07:00:00,,,,,,,2.2,4.0,311.0,316.0,1026.5,,,,
2023-06-17 08:00:00,,,,,,,3.9,5.2,304.0,299.0,1026.3,,,,
2023-06-17 09:00:00,,,,,,,4.5,5.6,307.0,306.0,1026.1,,,,
2023-06-17 10:00:00,,,,,,,3.2,4.3,304.0,306.0,1026.3,,,,
2023-06-17 11:00:00,,,,,,,2.7,3.5,304.0,305.0,1026.3,,,,
2023-06-17 12:00:00,,,,,,,3.3,4.2,301.0,301.0,1026.0,,,,
2023-06-17 13:00:00,,,,,,,3.2,4.2,305.0,299.0,1026.1,,,,
2023-06-17 14:00:00,,,,,,,3.3,4.4,297.0,298.0,1026.0,,,,
2023-06-17 15:00:00,,,,,,,4.0,5.2,288.0,293.0,1025.8,,,,
2023-06-17 16:00:00,,,,,,,4.2,5.7,290.0,288.0,1025.9,,,,
2023-06-17 17:00:00,,,,,,,3.9,5.5,285.0,289.0,1025.6,,,,
2023-06-17 18:00:00,,,,,,,3.9,5.3,295.0,294.0,1025.6,,,,
2023-06-17 19:00:00,,,,,,,3.6,4.8,295.0,297.0,1025.7,,,,
2023-06-17 20:00:00,,,,,,,3.3,4.5,303.0,301.0,1025.7,,,,
2023-06-17 21:00:00,,,,,,,3.5,4.9,298.0,300.0,1025.6,,,,
2023-06-17 22:00:00,,,,,,,3.8,5.4,304.0,299.0,1025.7,,,,
2023-06-17 23:00:00,,,,,,,2.4,4.1,306.0,305.0,1025.4,,,,
2023-06-18 00:00:00,,,,,,,1.7,3.4,105.0,322.0,1025.5,,,,
2023-06-18 01:00:00,,,,,,,2.3,3.1,112.0,110.0,1025.4,,,,
2023-06-18 02:00:00,,,,,,,2.4,3.6,111.0,103.0,1025.5,,,,
2023-06-18 03:00:00,,,,,,,3.4,4.5,103.0,109.0,1025.2,,,,
2023-06-18 04:00:00,,,,,,,3.2,4.6,96.0,103.0,1025.3,,,,
2023-06-18 05:00:00,,,,,,,4.3,6.8,112.0,106.0,1025.1,,,,
2023-06-18 06:00:00,,,,,,,5.6,7.3,109.0,106.0,1025.1,,,,
2023-06-18 07:00:00,,,,,,,5.1,6.7,122.0,116.0,1025.2,,,,
2023-06-18 08:00:00,,,,,,,4.7,6.2,102.0,110.0,1025.0,,,,
2023-06-18 09:00:00,,,,,,,4.1,5.3,100.0,98.0,1025.0,,,,
2023-06-18 10:00:00,,,,,,,3.8,5.1,106.0,103.0,1024.7,,,,
2023-06-18 11:00:00,,,,,,,3.7,5.1,119.0,108.0,1024.6,,,,
2023-06-18 12:00:00,,,,,,,4.0,5.4,116.0,120.0,1024.1,,,,
2023-06-18 13:00:00,,,,,,,4.6,6.6,119.0,116.0,1023.6,,,,
2023-06-18 14:00:00,,,,,,,5.5,7.3,126.0,126.0,1023.2,,,,
2023-06-18 15:00:00,,,,,,,4.8,6.3,121.0,120.0,1022.9,,,,
2023-06-18 16:00:00,,,,,,,4.3,6.2,125.0,126.0,1022.7,,,,
2023-06-18 17:00:00,,,,,,,3.9,5.0,119.0,123.0,1022.3,,,,
2023-06-18 18:00:00,,,,,,,4.7,6.4,128.0,125.0,1022.2,,,,
2023-06-18 19:00:00,,,,,,,4.9,6.5,119.0,123.0,1022.1,,,,
2023-06-18 20:00:00,,,,,,,5.7,7.5,118.0,114.0,1021.6,,,,
2023-06-18 21:00:00,,,,,,,5.6,8.1,115.0,117.0,1021.3,,,,
2023-06-18 22:00:00,,,,,,,5.6,7.3,111.0,115.0,1021.4,,,,
2023-06-18 23:00:00,,,,,,,4.8,7.0,101.0,108.0,1021.5,,,,
2023-06-19 00:00:00,,,,,,,4.5,6.6,88.0,93.0,1021.3,,,,
2023-06-19 01:00:00,,,,,,,4.8,6.4,83.0,82.0,1021.0,,,,
2023-06-19 02:00:00,,,,,,,5.0,6.9,76.0,84.0,1020.8,,,,
2023-06-19 03:00:00,,,,,,,4.9,8.0,79.0,83.0,1020.5,,,,
2023-06-19 04:00:00,,,,,,,4.4,7.2,84.0,81.0,1020.6,,,,
2023-06-19 05:00:00,,,,,,,4.4,6.8,94.0,89.0,1020.5,,,,
2023-06-19 06:00:00,,,,,,,5.3,7.3,102.0,97.0,1020.4,,,,
2023-06-19 07:00:00,,,,,,,5.8,7.8,107.0,106.0,1020.4,,,,
2023-06-19 08:00:00,,,,,,,5.7,7.3,105.0,109.0,1020.2,,,,
2023-06-19 09:00:00,,,,,,,5.8,8.3,101.0,104.0,1020.4,,,,
2023-06-19 10:00:00,,,,,,,6.0,8.0,103.0,103.0,1020.0,,,,
2023-06-19 11:00:00,,,,,,,6.0,8.3,102.0,105.0,1020.3,,,,
2023-06-19 12:00:00,,,,,,,5.3,7.3,107.0,,1020.4,,,,
2023-06-19 13:00:00,,,,,,,5.6,7.7,108.0,109.0,1019.9,,,,
2023-06-19 14:00:00,,,,,,,5.8,7.7,107.0,109.0,1019.8,,,,
2023-06-19 15:00:00,,,,,,,5.5,7.9,104.0,105.0,1019.5,,,,
2023-06-19 16:00:00,,,,,,,5.8,8.2,100.0,102.0,1019.2,,,,
2023-06-19 17:00:00,,,,,,,6.1,8.3,100.0,100.0,1019.4,,,,
2023-06-19 18:00:00,,,,,,,5.6,8.0,103.0,101.0,1019.0,,,,
2023-06-19 19:00:00,,,,,,,5.5,7.4,98.0,98.0,1018.6,,,,
2023-06-19 20:00:00,,,,,,,5.0,7.4,91.0,91.0,1018.1,,,,
2023-06-19 21:00:00,,,,,,,4.6,6.9,84.0,83.0,1017.6,,,,
2023-06-19 22:00:00,,,,,,,4.5,6.4,90.0,89.0,1017.5,,,,
2023-06-19 23:00:00,,,,,,,4.8,7.4,95.0,93.0,1017.2,,,,
2023-06-20 00:00:00,,,,,,,4.0,6.5,98.0,96.0,1017.2,,,,
2023-06-20 01:00:00,,,,,,,2.5,4.3,86.0,94.0,1016.6,,,,
2023-06-20 02:00:00,,,,,,,3.5,6.5,80.0,76.0,1015.5,,,,
2023-06-20 03:00:00,,,,,,,4.3,7.8,71.0,77.0,1015.2,,,,
2023-06-20 04:00:00,,,,,,,4.2,7.3,97.0,87.0,1014.6,,,,
2023-06-20 05:00:00,,,,,,,5.2,8.3,100.0,101.0,1014.2,,,,
2023-06-20 06:00:00,,,,,,,6.3,8.7,102.0,99.0,1014.0,,,,
2023-06-20 07:00:00,,,,,,,6.5,9.1,101.0,102.0,1013.2,,,,
2023-06-20 08:00:00,,,,,,,6.4,10.2,114.0,107.0,1013.1,,,,
2023-06-20 09:00:00,,,,,,,6.8,11.1,109.0,106.0,1013.0,,,,
2023-06-20 10:00:00,,,,,,,6.3,9.5,99.0,99.0,1012.6,,,,
2023-06-20 11:00:00,,,,,,,5.8,9.5,111.0,106.0,1012.3,,,,
2023-06-20 12:00:00,,,,,,,6.3,9.5,97.0,98.0,1011.7,,,,
2023-06-20 13:00:00,,,,,,,6.1,11.5,93.0,104.0,1011.2,,,,
2023-06-20 14:00:00,,,,,,,4.9,7.7,98.0,99.0,1010.8,,,,
2023-06-20 15:00:00,,,,,,,4.3,7.6,75.0,82.0,1010.4,,,,
2023-06-20 16:00:00,,,,,,,1.4,4.0,322.0,27.0,1010.5,,,,
2023-06-20 17:00:00,,,,,,,3.7,8.0,323.0,286.0,1010.7,,,,
2023-06-20 18:00:00,,,,,,,3.7,7.1,338.0,315.0,1010.3,,,,
2023-06-20 19:00:00,,,,,,,4.3,7.9,292.0,319.0,1009.3,,,,
2023-06-20 20:00:00,,,,,,,3.8,7.9,277.0,290.0,1008.6,,,,
2023-06-20 21:00:00,,,,,,,3.8,8.8,298.0,293.0,1007.9,,,,
2023-06-20 22:00:00,,,,,,,4.9,12.4,321.0,308.0,1006.9,,,,
2023-06-20 23:00:00,,,,,,,5.9,11.9,271.0,304.0,1005.9,,,,
2023-06-21 00:00:00,,,,,,,5.1,12.6,264.0,282.0,1005.4,,,,
2023-06-21 01:00:00,,,,,,,3.7,7.7,205.0,229.0,1005.0,,,,
2023-06-21 02:00:00,,,,,,,3.3,6.5,149.0,181.0,1003.7,,,,
2023-06-21 03:00:00,,,,,,,5.1,8.7,142.0,116.0,1002.6,,,,
2023-06-21 04:00:00,,,,,,,5.1,7.8,108.0,109.0,1001.9,,,,
2023-06-21 05:00:00,,,,,,,3.7,6.2,99.0,119.0,1001.1,,,,
2023-06-21 06:00:00,,,,,,,2.7,4.2,193.0,132.0,1000.8,,,,
2023-06-21 07:00:00,,,,,,,0.6,1.7,187.0,152.0,1000.4,,,,
2023-06-21 08:00:00,,,,,,,1.0,3.1,286.0,267.0,1000.0,,,,
2023-06-21 09:00:00,,,,,,,2.6,3.7,310.0,298.0,999.8,,,,
2023-06-21 10:00:00,,,,,,,4.3,6.2,305.0,302.0,999.9,,,,
2023-06-21 11:00:00,,,,,,,3.1,6.5,304.0,307.0,999.5,,,,
2023-06-21 12:00:00,,,,,,,5.6,7.4,303.0,304.0,999.2,,,,
2023-06-21 13:00:00,,,,,,,6.2,8.1,296.0,299.0,999.4,,,,
2023-06-21 14:00:00,,,,,,,6.5,9.1,306.0,302.0,999.2,,,,
2023-06-21 15:00:00,,,,,,,5.3,8.1,299.0,300.0,999.2,,,,
2023-06-21 16:00:00,,,,,,,5.1,7.1,293.0,298.0,999.3,,,,
2023-06-21 17:00:00,,,,,,,4.1,5.5,301.0,294.0,999.3,,,,
2023-06-21 18:00:00,,,,,,,4.1,5.4,283.0,295.0,999.4,,,,
2023-06-21 19:00:00,,,,,,,3.8,5.3,287.0,287.0,999.3,,,,
2023-06-21 20:00:00,,,,,,,3.8,4.6,295.0,290.0,999.3,,,,
2023-06-21 21:00:00,,,,,,,3.3,4.7,296.0,296.0,999.0,,,,
2023-06-21 22:00:00,,,,,,,3.7,4.6,295.0,294.0,998.9,,,,
2023-06-21 23:00:00,,,,,,,3.9,5.2,298.0,296.0,998.8,,,,
2023-06-22 00:00:00,,,,,,,4.5,5.8,300.0,295.0,998.7,,,,
2023-06-22 01:00:00,,,,,,,4.4,5.9,304.0,300.0,998.6,,,,
2023-06-22 02:00:00,,,,,,,3.9,5.1,296.0,297.0,998.3,,,,
2023-06-22 03:00:00,,,,,,,3.5,4.5,291.0,293.0,998.2,,,,
2023-06-22 04:00:00,,,,,,,3.0,4.0,286.0,280.0,998.0,,,,
2023-06-22 05:00:00,,,,,,,2.8,3.8,289.0,290.0,997.7,,,,
2023-06-22 06:00:00,,,,,,,2.5,3.3,297.0,294.0,997.8,,,,
2023-06-22 07:00:00,,,,,,,2.5,3.2,302.0,304.0,997.6,,,,
2023-06-22 08:00:00,,,,,,,2.3,3.0,284.0,293.0,997.6,,,,
2023-06-22 09:00:00,,,,,,,2.1,2.8,279.0,289.0,997.8,,,,
2023-06-22 10:00:00,,,,,,,1.5,2.4,254.0,288.0,998.0,,,,
2023-06-22 11:00:00,,,,,,,1.4,1.9,232.0,,998.2,,,,
2023-06-22 12:00:00,,,,,,,1.1,1.7,214.0,221.0,998.7,,,,
2023-06-22 13:00:00,,,,,,,0.9,1.7,0.0,197.0,999.0,,,,
2023-06-22 14:00:00,,,,,,,0.7,1.8,224.0,177.0,999.4,,,,
2023-06-22 15:00:00,,,,,,,0.2,1.4,168.0,196.0,999.4,,,,
2023-06-22 16:00:00,,,,,,,0.4,1.9,180.0,204.0,999.2,,,,
2023-06-22 17:00:00,,,,,,,1.2,2.0,179.0,175.0,999.4,,,,
2023-06-22 18:00:00,,,,,,,1.0,1.9,224.0,193.0,999.5,,,,
2023-06-22 19:00:00,,,,,,,2.3,3.5,294.0,281.0,999.6,,,,
2023-06-22 20:00:00,,,,,,,2.8,3.9,289.0,293.0,999.8,,,,
2023-06-22 21:00:00,,,,,,,3.2,4.4,292.0,290.0,999.9,,,,
2023-06-22 22:00:00,,,,,,,3.7,5.2,280.0,287.0,1000.4,,,,
2023-06-22 23:00:00,,,,,,,2.7,3.9,272.0,275.0,1000.9,,,,
2023-06-23 00:00:00,,,,,,,1.7,3.2,229.0,248.0,1001.5,,,,
2023-06-23 01:00:00,,,,,,,1.3,2.2,136.0,195.0,1001.8,,,,
2023-06-23 02:00:00,,,,,,,1.4,3.1,84.0,106.0,1001.6,,,,
2023-06-23 03:00:00,,,,,,,2.5,3.5,93.0,89.0,1001.5,,,,
2023-06-23 04:00:00,,,,,,,2.6,3.5,112.0,111.0,1001.4,,,,
2023-06-23 05:00:00,,,,,,,2.3,3.3,140.0,130.0,1001.7,,,,
2023-06-23 06:00:00,,,,,,,2.0,2.9,156.0,118.0,1002.0,,,,
2023-06-23 07:00:00,,,,,,,1.7,2.6,105.0,133.0,1002.4,,,,
2023-06-23 08:00:00,,,,,,,3.2,4.5,98.0,92.0,1002.6,,,,
2023-06-23 09:00:00,,,,,,,3.6,4.9,118.0,115.0,1003.0,,,,
2023-06-23 10:00:00,,,,,,,4.3,6.0,113.0,115.0,1003.0,,,,
2023-06-23 11:00:00,,,,,,,5.0,6.9,112.0,114.0,1003.3,,,,
2023-06-23 12:00:00,,,,,,,5.7,7.3,120.0,115.0,1003.6,,,,
2023-06-23 13:00:00,,,,,,,3.4,6.9,163.0,153.0,1004.2,,,,
2023-06-23 14:00:00,,,,,,,3.1,5.4,125.0,142.0,1004.5,,,,
2023-06-23 15:00:00,,,,,,,4.3,6.1,119.0,118.0,1004.6,,,,
2023-06-23 16:00:00,,,,,,,3.5,4.7,122.0,119.0,1004.8,,,,
2023-06-23 17:00:00,,,,,,,2.5,3.9,53.0,103.0,1004.9,,,,
2023-06-23 18:00:00,,,,,,,1.9,3.2,88.0,89.0,1005.0,,,,
2023-06-23 19:00:00,,,,,,,1.6,2.8,191.0,141.0,1005.2,,,,
2023-06-23 20:00:00,,,,,,,2.5,4.0,290.0,274.0,1005.5,,,,
2023-06-23 21:00:00,,,,,,,2.3,3.4,286.0,298.0,1005.4,,,,
2023-06-23 22:00:00,,,,,,,2.2,3.4,294.0,307.0,1005.6,,,,
2023-06-23 23:00:00,,,,,,,3.0,4.5,306.0,301.0,1005.6,,,,
2023-06-24 00:00:00,,,,,,,2.6,3.5,304.0,309.0,1005.5,,,,
2023-06-24 01:00:00,,,,,,,1.3,2.4,292.0,308.0,1005.7,,,,
2023-06-24 02:00:00,,,,,,,0.8,2.1,304.0,316.0,1005.6,,,,
2023-06-24 03:00:00,,,,,,,1.8,2.5,304.0,309.0,1005.3,,,,
2023-06-24 04:00:00,,,,,,,1.6,2.8,309.0,318.0,1004.9,,,,
2023-06-24 05:00:00,,,,,,,2.3,3.3,288.0,309.0,1004.5,,,,
2023-06-24 06:00:00,,,,,,,2.0,2.6,301.0,300.0,1004.7,,,,
2023-06-24 07:00:00,,,,,,,1.4,3.1,314.0,314.0,1004.5,,,,
2023-06-24 08:00:00,,,,,,,0.6,2.6,306.0,300.0,1004.2,,,,
2023-06-24 09:00:00,,,,,,,0.5,1.8,0.0,221.0,1003.7,,,,
2023-06-24 10:00:00,,,,,,,1.2,2.9,333.0,312.0,1003.4,,,,
2023-06-24 11:00:00,,,,,,,1.5,3.0,298.0,277.0,1003.5,,,,
2023-06-24 12:00:00,,,,,,,1.3,2.2,218.0,255.0,1003.7,,,,
2023-06-24 13:00:00,,,,,,,0.9,1.9,254.0,195.0,1003.5,,,,
2023-06-24 14:00:00,,,,,,,1.0,2.0,247.0,212.0,1003.3,,,,
2023-06-24 15:00:00,,,,,,,1.0,2.4,279.0,253.0,1003.1,,,,
2023-06-24 16:00:00,,,,,,,1.6,2.7,241.0,257.0,1003.1,,,,
2023-06-24 17:00:00,,,,,,,1.6,2.8,217.0,216.0,1003.1,,,,
2023-06-24 18:00:00,,,,,,,2.0,3.3,298.0,295.0,1003.1,,,,
2023-06-24 19:00:00,,,,,,,2.1,4.0,114.0,225.0,1003.2,,,,
2023-06-24 20:00:00,,,,,,,2.9,3.8,117.0,113.0,1003.2,,,,
2023-06-24 21:00:00,,,,,,,2.2,3.3,211.0,140.0,1003.4,,,,
2023-06-24 22:00:00,,,,,,,0.6,1.7,169.0,155.0,1003.6,,,,
2023-06-24 23:00:00,,,,,,,1.3,2.6,222.0,122.0,1003.9,,,,
2023-06-25 00:00:00,,,,,,,0.4,1.7,0.0,180.0,1004.2,,,,
2023-06-25 01:00:00,,,,,,,1.0,3.1,17.0,74.0,1004.6,,,,
2023-06-25 02:00:00,,,,,,,1.9,3.5,259.0,52.0,1005.0,,,,
2023-06-25 03:00:00,,,,,,,2.6,4.3,61.0,51.0,1005.2,,,,
2023-06-25 04:00:00,,,,,,,3.3,6.1,103.0,77.0,1005.6,,,,
2023-06-25 05:00:00,,,,,,,5.1,7.9,104.0,107.0,1006.2,,,,
2023-06-25 06:00:00,,,,,,,6.0,8.6,112.0,110.0,1006.7,,,,
2023-06-25 07:00:00,,,,,,,4.9,7.2,111.0,108.0,1007.0,,,,
2023-06-25 08:00:00,,,,,,,3.9,5.2,114.0,113.0,1007.5,,,,
2023-06-25 09:00:00,,,,,,,2.1,4.8,190.0,133.0,1007.8,,,,
2023-06-25 10:00:00,,,,,,,0.8,1.6,262.0,161.0,1008.1,,,,
2023-06-25 11:00:00,,,,,,,0.8,1.8,230.0,288.0,1008.3,,,,
2023-06-25 12:00:00,,,,,,,0.9,2.7,224.0,236.0,1008.6,,,,
2023-06-25 13:00:00,,,,,,,2.7,3.9,307.0,306.0,1008.8,,,,
2023-06-25 14:00:00,,,,,,,3.6,4.3,309.0,308.0,1009.1,,,,
2023-06-25 15:00:00,,,,,,,2.6,3.6,302.0,306.0,1009.0,,,,
2023-06-25 16:00:00,,,,,,,2.4,3.3,274.0,263.0,1008.9,,,,
2023-06-25 17:00:00,,,,,,,3.2,4.3,308.0,307.0,1008.9,,,,
2023-06-25 18:00:00,,,,,,,3.3,4.6,307.0,307.0,1008.8,,,,
2023-06-25 19:00:00,,,,,,,3.5,4.9,302.0,302.0,1009.0,,,,
2023-06-25 20:00:00,,,,,,,3.6,5.0,311.0,308.0,1008.9,,,,
2023-06-25 21:00:00,,,,,,,3.1,4.9,306.0,306.0,1008.8,,,,
2023-06-25 22:00:00,,,,,,,2.1,3.5,295.0,302.0,1008.1,,,,
2023-06-25 23:00:00,,,,,,,1.8,4.1,121.0,303.0,1007.9,,,,
2023-06-26 00:00:00,,,,,,,2.9,4.3,309.0,351.0,1007.7,,,,
2023-06-26 01:00:00,,,,,,,2.2,3.4,309.0,321.0,1007.6,,,,
2023-06-26 02:00:00,,,,,,,0.4,2.2,177.0,341.0,1006.9,,,,
2023-06-26 03:00:00,,,,,,,0.4,2.2,343.0,329.0,1006.2,,,,
2023-06-26 04:00:00,,,,,,,1.0,3.0,243.0,335.0,1005.6,,,,
2023-06-26 05:00:00,,,,,,,0.4,1.9,71.0,10.0,1004.9,,,,
2023-06-26 06:00:00,,,,,,,0.4,2.0,353.0,25.0,1004.4,,,,
2023-06-26 07:00:00,,,,,,,0.9,2.7,314.0,330.0,1003.9,,,,
2023-06-26 08:00:00,,,,,,,0.3,2.2,0.0,276.0,1003.3,,,,
2023-06-26 09:00:00,,,,,,,0.7,2.6,162.0,304.0,1003.0,,,,
2023-06-26 10:00:00,,,,,,,0.2,1.1,197.0,198.0,1002.9,,,,
2023-06-26 11:00:00,,,,,,,0.9,2.8,217.0,229.0,1002.5,,,,
2023-06-26 12:00:00,,,,,,,2.1,4.2,307.0,272.0,1001.9,,,,
2023-06-26 13:00:00,,,,,,,1.8,2.9,211.0,276.0,1001.8,,,,
2023-06-26 14:00:00,,,,,,,2.0,3.8,145.0,166.0,1001.1,,,,
2023-06-26 15:00:00,,,,,,,3.6,4.8,111.0,116.0,1000.8,,,,
2023-06-26 16:00:00,,,,,,,4.1,5.5,104.0,106.0,1001.1,,,,
2023-06-26 17:00:00,,,,,,,3.8,6.5,110.0,118.0,1000.6,,,,
2023-06-26 18:00:00,,,,,,,4.0,6.3,121.0,121.0,1000.6,,,,
2023-06-26 19:00:00,,,,,,,5.0,6.9,93.0,102.0,1000.3,,,,
2023-06-26 20:00:00,,,,,,,5.6,8.6,90.0,101.0,999.9,,,,
2023-06-26 21:00:00,,,,,,,5.0,7.5,106.0,97.0,1000.1,,,,
2023-06-26 22:00:00,,,,,,,5.0,8.0,91.0,92.0,1000.1,,,,
2023-06-26 23:00:00,,,,,,,4.4,7.1,62.0,78.0,1000.1,,,,
2023-06-27 00:00:00,,,,,,,6.3,9.2,43.0,44.0,999.0,,,,
2023-06-27 01:00:00,,,,,,,5.7,8.8,50.0,49.0,998.6,,,,
2023-06-27 02:00:00,,,,,,,2.6,5.0,287.0,50.0,998.4,,,,
2023-06-27 03:00:00,,,,,,,1.4,3.0,317.0,316.0,998.6,,,,
2023-06-27 04:00:00,,,,,,,2.1,4.0,74.0,14.0,998.0,,,,
2023-06-27 05:00:00,,,,,,,2.6,6.8,249.0,73.0,998.6,,,,
2023-06-27 06:00:00,,,,,,,3.7,5.4,311.0,305.0,999.3,,,,
2023-06-27 07:00:00,,,,,,,3.9,5.3,306.0,310.0,1000.5,,,,
2023-06-27 08:00:00,,,,,,,3.2,5.7,302.0,298.0,1001.2,,,,
2023-06-27 09:00:00,,,,,,,2.1,4.3,189.0,213.0,1002.0,,,,
2023-06-27 10:00:00,,,,,,,3.2,6.8,182.0,197.0,1002.8,,,,
2023-06-27 11:00:00,,,,,,,4.0,6.5,206.0,202.0,1004.2,,,,
2023-06-27 12:00:00,,,,,,,5.2,8.9,210.0,208.0,1005.5,,,,
2023-06-27 13:00:00,,,,,,,4.4,8.3,228.0,219.0,1006.0,,,,
2023-06-27 14:00:00,,,,,,,2.6,5.3,223.0,232.0,1006.5,,,,
2023-06-27 15:00:00,,,,,,,2.1,4.3,140.0,161.0,1006.9,,,,
2023-06-27 16:00:00,,,,,,,2.3,3.9,82.0,103.0,1007.0,,,,
2023-06-27 17:00:00,,,,,,,1.7,3.6,117.0,123.0,1007.1,,,,
2023-06-27 18:00:00,,,,,,,3.1,4.8,104.0,97.0,1006.9,,,,
2023-06-27 19:00:00,,,,,,,4.0,5.5,104.0,108.0,1007.0,,,,
2023-06-27 20:00:00,,,,,,,4.9,7.6,101.0,104.0,1006.8,,,,
2023-06-27 21:00:00,,,,,,,4.8,6.4,98.0,102.0,1007.0,,,,
2023-06-27 22:00:00,,,,,,,4.1,6.1,104.0,105.0,1007.0,,,,
2023-06-27 23:00:00,,,,,,,3.4,4.7,97.0,98.0,1007.2,,,,
2023-06-28 00:00:00,,,,,,,2.6,4.3,146.0,106.0,1007.5,,,,
2023-06-28 01:00:00,,,,,,,1.1,3.4,87.0,108.0,1007.3,,,,
2023-06-28 02:00:00,,,,,,,1.2,1.9,66.0,62.0,1007.3,,,,
2023-06-28 03:00:00,,,,,,,0.9,3.0,8.0,297.0,1007.2,,,,
2023-06-28 04:00:00,,,,,,,0.7,2.8,0.0,18.0,1007.3,,,,
2023-06-28 05:00:00,,,,,,,0.1,1.0,0.0,166.0,1007.6,,,,
2023-06-28 06:00:00,,,,,,,0.6,1.6,82.0,64.0,1008.3,,,,
2023-06-28 07:00:00,,,,,,,1.4,2.4,88.0,84.0,1008.4,,,,
2023-06-28 08:00:00,,,,,,,2.2,3.8,69.0,73.0,1008.5,,,,
2023-06-28 09:00:00,,,,,,,1.0,3.3,202.0,86.0,1009.0,,,,
2023-06-28 10:00:00,,,,,,,1.5,4.3,92.0,125.0,1009.3,,,,
2023-06-28 11:00:00,,,,,,,3.4,5.3,137.0,106.0,1009.7,,,,
2023-06-28 12:00:00,,,,,,,2.9,4.7,104.0,128.0,1009.8,,,,
2023-06-28 13:00:00,,,,,,,2.1,3.5,63.0,88.0,1009.6,,,,
2023-06-28 14:00:00,,,,,,,3.1,4.8,97.0,98.0,1009.1,,,,
2023-06-28 15:00:00,,,,,,,3.6,5.5,85.0,92.0,1008.7,,,,
2023-06-28 16:00:00,,,,,,,3.3,5.3,106.0,102.0,1008.3,,,,
2023-06-28 17:00:00,,,,,,,4.7,7.3,108.0,115.0,1007.4,,,,
2023-06-28 18:00:00,,,,,,,6.0,7.9,105.0,101.0,1006.5,,,,
2023-06-28 19:00:00,,,,,,,6.1,8.1,101.0,102.0,1005.7,,,,
2023-06-28 20:00:00,,,,,,,6.4,8.7,105.0,103.0,1005.0,,,,
2023-06-28 21:00:00,,,,,,,5.2,7.9,101.0,103.0,1004.2,,,,
2023-06-28 22:00:00,,,,,,,5.1,7.1,100.0,102.0,1003.4,,,,
2023-06-28 23:00:00,,,,,,,5.8,7.9,96.0,98.0,1002.9,,,,
2023-06-29 00:00:00,,,,,,,4.9,7.1,91.0,95.0,1002.8,,,,
2023-06-29 01:00:00,,,,,,,3.8,6.6,81.0,91.0,1002.5,,,,
2023-06-29 02:00:00,,,,,,,2.5,4.7,27.0,73.0,1002.3,,,,
2023-06-29 03:00:00,,,,,,,3.9,5.9,80.0,84.0,1001.9,,,,
2023-06-29 04:00:00,,,,,,,4.1,7.3,73.0,81.0,1001.7,,,,
2023-06-29 05:00:00,,,,,,,4.0,6.6,187.0,106.0,1002.2,,,,
2023-06-29 06:00:00,,,,,,,2.4,4.5,71.0,37.0,1002.1,,,,
2023-06-29 07:00:00,,,,,,,1.8,3.1,13.0,60.0,1002.0,,,,
2023-06-29 08:00:00,,,,,,,0.7,2.7,9.0,314.0,1002.4,,,,
2023-06-29 09:00:00,,,,,,,0.8,2.1,295.0,327.0,1002.6,,,,
2023-06-29 10:00:00,,,,,,,1.9,3.3,285.0,286.0,1003.1,,,,
2023-06-29 11:00:00,,,,,,,1.8,2.7,280.0,303.0,1003.2,,,,
2023-06-29 12:00:00,,,,,,,1.4,2.6,241.0,283.0,1003.3,,,,
2023-06-29 13:00:00,,,,,,,1.8,4.2,50.0,93.0,1003.0,,,,
2023-06-29 14:00:00,,,,,,,2.7,4.2,296.0,315.0,1003.5,,,,
2023-06-29 15:00:00,,,,,,,2.6,3.8,297.0,297.0,1003.3,,,,
2023-06-29 16:00:00,,,,,,,3.4,4.9,301.0,286.0,1003.7,,,,
2023-06-29 17:00:00,,,,,,,3.4,4.5,297.0,303.0,1003.7,,,,
2023-06-29 18:00:00,,,,,,,3.1,4.1,300.0,300.0,1004.0,,,,
2023-06-29 19:00:00,,,,,,,2.6,3.7,305.0,302.0,1004.5,,,,
2023-06-29 20:00:00,,,,,,,2.9,4.2,304.0,302.0,1005.0,,,,
2023-06-29 21:00:00,,,,,,,3.1,4.2,297.0,302.0,1005.3,,,,
2023-06-29 22:00:00,,,,,,,3.6,4.9,298.0,298.0,1006.0,,,,
2023-06-29 23:00:00,,,,,,,3.8,4.9,310.0,307.0,1006.4,,,,
2023-06-30 00:00:00,,,,,,,3.7,4.4,313.0,312.0,1007.1,,,,
2023-06-30 01:00:00,,,,,,,3.4,4.2,299.0,304.0,1007.8,,,,
2023-06-30 02:00:00,,,,,,,3.7,5.4,302.0,300.0,1008.5,,,,
2023-06-30 03:00:00,,,,,,,4.1,6.0,304.0,301.0,1009.4,,,,
2023-06-30 04:00:00,,,,,,,3.1,5.3,317.0,311.0,1010.2,,,,
2023-06-30 05:00:00,,,,,,,1.2,2.8,325.0,330.0,1010.6,,,,
2023-06-30 06:00:00,,,,,,,1.8,3.9,324.0,312.0,1011.2,,,,
2023-06-30 07:00:00,,,,,,,1.0,2.4,82.0,291.0,1011.9,,,,
2023-06-30 08:00:00,,,,,,,0.7,1.8,139.0,133.0,1012.4,,,,
2023-06-30 09:00:00,,,,,,,0.7,3.0,237.0,253.0,1013.1,,,,
2023-06-30 10:00:00,,,,,,,2.1,3.1,194.0,212.0,1013.9,,,,
2023-06-30 11:00:00,,,,,,,1.8,2.9,165.0,167.0,1014.3,,,,
2023-06-30 12:00:00,,,,,,,2.2,3.0,175.0,170.0,1014.7,,,,
2023-06-30 13:00:00,,,,,,,1.9,2.6,194.0,168.0,1015.1,,,,
2023-06-30 14:00:00,,,,,,,1.5,2.4,209.0,213.0,1015.2,,,,
2023-06-30 15:00:00,,,,,,,2.0,2.9,216.0,212.0,1015.2,,,,
2023-06-30 16:00:00,,,,,,,2.6,4.8,294.0,264.0,1015.4,,,,
2023-06-30 17:00:00,,,,,,,3.8,5.4,299.0,293.0,1015.5,,,,
2023-06-30 18:00:00,,,,,,,4.2,5.4,304.0,298.0,1015.8,,,,
2023-06-30 19:00:00,,,,,,,4.1,5.0,305.0,304.0,1015.8,,,,
2023-06-30 20:00:00,,,,,,,3.8,4.8,303.0,298.0,1016.3,,,,
2023-06-30 21:00:00,,,,,,,3.6,4.5,301.0,303.0,1016.6,,,,
2023-06-30 22:00:00,,,,,,,2.9,3.4,305.0,308.0,1016.7,,,,
2023-06-30 23:00:00,,,,,,,2.6,3.5,301.0,302.0,1017.0,,,,
2023-07-01 00:00:00,,,,,,,3.0,4.0,309.0,301.0,1017.3,,,,
2023-07-01 01:00:00,,,,,,,1.7,3.1,309.0,306.0,1017.4,,,,
2023-07-01 02:00:00,,,,,,,1.0,2.4,115.0,292.0,1017.6,,,,
2023-07-01 03:00:00,,,,,,,0.4,3.4,65.0,104.0,1017.9,,,,
2023-07-01 04:00:00,,,,,,,3.0,4.2,105.0,91.0,1018.2,,,,
2023-07-01 05:00:00,,,,,,,2.1,3.3,120.0,102.0,1018.4,,,,
2023-07-01 06:00:00,,,,,,,2.3,3.4,354.0,76.0,1018.5,,,,
2023-07-01 07:00:00,,,,,,,1.4,2.9,152.0,349.0,1018.7,,,,
2023-07-01 08:00:00,,,,,,,0.7,2.2,352.0,218.0,1019.0,,,,
2023-07-01 09:00:00,,,,,,,2.6,3.7,306.0,302.0,1019.0,,,,
2023-07-01 10:00:00,,,,,,,2.8,4.1,301.0,307.0,1019.1,,,,
2023-07-01 11:00:00,,,,,,,2.9,4.1,306.0,308.0,1018.9,,,,
2023-07-01 12:00:00,,,,,,,2.8,4.1,301.0,302.0,1018.6,,,,
2023-07-01 13:00:00,,,,,,,2.4,3.5,299.0,304.0,1018.3,,,,
2023-07-01 14:00:00,,,,,,,3.1,4.9,309.0,290.0,1018.1,,,,
2023-07-01 15:00:00,,,,,,,3.6,5.1,290.0,298.0,1017.7,,,,
2023-07-01 16:00:00,,,,,,,5.0,7.4,297.0,294.0,1017.4,,,,
2023-07-01 17:00:00,,,,,,,5.7,7.7,300.0,299.0,1017.3,,,,
2023-07-01 18:00:00,,,,,,,5.6,7.9,298.0,296.0,1017.3,,,,
2023-07-01 19:00:00,,,,,,,5.6,7.5,304.0,299.0,1017.7,,,,
2023-07-01 20:00:00,,,,,,,3.1,5.7,142.0,193.0,1018.2,,,,
2023-07-01 21:00:00,,,,,,,1.8,2.8,159.0,161.0,1018.6,,,,
2023-07-01 22:00:00,,,,,,,3.9,7.7,116.0,136.0,1018.8,,,,
2023-07-01 23:00:00,,,,,,,5.8,7.7,113.0,116.0,1019.1,,,,
2023-07-02 00:00:00,,,,,,,4.4,6.5,97.0,106.0,1019.7,,,,
2023-07-02 01:00:00,,,,,,,3.6,5.0,85.0,95.0,1020.1,,,,
2023-07-02 02:00:00,,,,,,,3.5,4.6,94.0,93.0,1020.7,,,,
2023-07-02 03:00:00,,,,,,,2.7,4.0,87.0,90.0,1020.5,,,,
2023-07-02 04:00:00,,,,,,,3.8,6.3,48.0,60.0,1020.2,,,,
2023-07-02 05:00:00,,,,,,,3.0,5.8,329.0,360.0,1020.6,,,,
2023-07-02 06:00:00,,,,,,,1.8,3.4,317.0,319.0,1020.5,,,,
2023-07-02 07:00:00,,,,,,,2.2,3.6,316.0,318.0,1020.3,,,,
2023-07-02 08:00:00,,,,,,,1.4,3.2,295.0,293.0,1020.3,,,,
2023-07-02 09:00:00,,,,,,,0.7,1.9,233.0,264.0,1020.3,,,,
2023-07-02 10:00:00,,,,,,,0.7,2.3,0.0,230.0,1020.6,,,,
2023-07-02 11:00:00,,,,,,,1.9,3.6,145.0,159.0,1020.5,,,,
2023-07-02 12:00:00,,,,,,,2.8,4.0,148.0,146.0,1020.5,,,,
2023-07-02 13:00:00,,,,,,,4.1,6.2,127.0,134.0,1020.6,,,,
2023-07-02 14:00:00,,,,,,,6.3,10.4,113.0,114.0,1020.7,,,,
2023-07-02 15:00:00,,,,,,,8.2,10.7,108.0,109.0,1020.5,,,,
2023-07-02 16:00:00,,,,,,,8.6,11.8,107.0,110.0,1020.2,,,,
2023-07-02 17:00:00,,,,,,,7.8,10.4,115.0,108.0,1020.3,,,,
2023-07-02 18:00:00,,,,,,,8.6,11.6,109.0,112.0,1020.3,,,,
2023-07-02 19:00:00,,,,,,,8.3,12.2,104.0,107.0,1020.0,,,,
2023-07-02 20:00:00,,,,,,,8.0,11.4,107.0,104.0,1019.5,,,,
2023-07-02 21:00:00,,,,,,,7.8,12.4,106.0,106.0,1019.3,,,,
2023-07-02 22:00:00,,,,,,,7.3,11.6,104.0,106.0,1019.4,,,,
2023-07-02 23:00:00,,,,,,,6.9,10.7,103.0,105.0,1019.1,,,,
2023-07-03 00:00:00,,,,,,,7.5,10.8,100.0,100.0,1018.6,,,,
2023-07-03 01:00:00,,,,,,,7.5,10.9,103.0,100.0,1018.6,,,,
2023-07-03 02:00:00,,,,,,,6.9,10.7,103.0,104.0,1018.7,,,,
2023-07-03 03:00:00,,,,,,,6.1,9.0,104.0,103.0,1018.9,,,,
2023-07-03 04:00:00,,,,,,,6.1,8.4,107.0,103.0,1019.1,,,,
2023-07-03 05:00:00,,,,,,,7.2,10.1,105.0,109.0,1019.0,,,,
2023-07-03 06:00:00,,,,,,,6.6,9.2,112.0,110.0,1019.2,,,,
2023-07-03 07:00:00,,,,,,,6.0,8.2,106.0,110.0,1018.8,,,,
2023-07-03 08:00:00,,,,,,,5.9,9.9,103.0,107.0,1018.2,,,,
2023-07-03 09:00:00,,,,,,,6.4,8.9,114.0,108.0,1018.2,,,,
2023-07-03 10:00:00,,,,,,,7.7,11.9,105.0,103.0,1017.6,,,,
2023-07-03 11:00:00,,,,,,,8.5,12.3,134.0,117.0,1018.1,,,,
2023-07-03 12:00:00,,,,,,,8.4,11.3,117.0,114.0,1017.9,,,,
2023-07-03 13:00:00,,,,,,,7.9,11.2,124.0,120.0,1018.2,,,,
2023-07-03 14:00:00,,,,,,,6.5,9.8,120.0,117.0,1018.1,,,,
2023-07-03 15:00:00,,,,,,,6.2,9.4,95.0,119.0,1018.5,,,,
2023-07-03 16:00:00,,,,,,,4.8,7.1,100.0,102.0,1018.2,,,,
2023-07-03 17:00:00,,,,,,,3.5,5.2,111.0,109.0,1018.5,,,,
2023-07-03 18:00:00,,,,,,,4.1,5.8,100.0,96.0,1018.6,,,,
2023-07-03 19:00:00,,,,,,,3.6,5.9,100.0,100.0,1018.9,,,,
2023-07-03 20:00:00,,,,,,,2.8,5.5,104.0,109.0,1019.1,,,,
2023-07-03 21:00:00,,,,,,,2.3,3.9,92.0,104.0,1019.1,,,,
2023-07-03 22:00:00,,,,,,,2.1,4.3,296.0,340.0,1019.3,,,,
2023-07-03 23:00:00,,,,,,,1.4,2.6,297.0,302.0,1019.6,,,,
2023-07-04 00:00:00,,,,,,,3.3,5.6,304.0,312.0,1020.1,,,,
2023-07-04 01:00:00,,,,,,,3.9,6.3,321.0,312.0,1020.2,,,,
2023-07-04 02:00:00,,,,,,,4.3,7.3,307.0,314.0,1020.5,,,,
2023-07-04 03:00:00,,,,,,,3.8,8.5,309.0,306.0,1020.1,,,,
2023-07-04 04:00:00,,,,,,,3.9,6.8,310.0,304.0,1019.9,,,,
2023-07-04 05:00:00,,,,,,,4.2,6.8,307.0,308.0,1019.3,,,,
2023-07-04 06:00:00,,,,,,,2.4,4.4,30.0,316.0,1019.0,,,,
2023-07-04 07:00:00,,,,,,,2.1,4.8,322.0,321.0,1018.6,,,,
2023-07-04 08:00:00,,,,,,,3.6,5.3,316.0,322.0,1018.3,,,,
2023-07-04 09:00:00,,,,,,,2.8,4.6,282.0,303.0,1018.3,,,,
2023-07-04 10:00:00,,,,,,,3.6,5.8,322.0,299.0,1018.1,,,,
2023-07-04 11:00:00,,,,,,,2.1,4.2,74.0,340.0,1017.5,,,,
2023-07-04 12:00:00,,,,,,,1.8,3.4,309.0,297.0,1017.7,,,,
2023-07-04 13:00:00,,,,,,,2.1,3.3,291.0,305.0,1017.5,,,,
2023-07-04 14:00:00,,,,,,,2.3,3.3,301.0,306.0,1017.6,,,,
2023-07-04 15:00:00,,,,,,,2.8,4.2,285.0,300.0,1017.9,,,,
2023-07-04 16:00:00,,,,,,,3.0,4.4,323.0,307.0,1018.3,,,,
2023-07-04 17:00:00,,,,,,,1.0,2.6,163.0,350.0,1018.6,,,,
2023-07-04 18:00:00,,,,,,,1.3,2.6,156.0,176.0,1019.0,,,,
2023-07-04 19:00:00,,,,,,,1.9,3.3,124.0,152.0,1019.4,,,,
2023-07-04 20:00:00,,,,,,,2.4,3.6,128.0,129.0,1019.8,,,,
2023-07-04 21:00:00,,,,,,,1.9,2.7,95.0,105.0,1020.1,,,,
2023-07-04 22:00:00,,,,,,,1.8,5.2,1.0,112.0,1020.4,,,,
2023-07-04 23:00:00,,,,,,,1.8,5.7,146.0,124.0,1020.5,,,,
2023-07-05 00:00:00,,,,,,,2.7,4.2,110.0,100.0,1020.5,,,,
2023-07-05 01:00:00,,,,,,,3.1,4.0,102.0,100.0,1020.3,,,,
2023-07-05 02:00:00,,,,,,,3.9,5.7,105.0,99.0,1020.2,,,,
2023-07-05 03:00:00,,,,,,,4.3,7.3,107.0,101.0,1019.5,,,,
2023-07-05 04:00:00,,,,,,,5.5,7.3,114.0,112.0,1019.4,,,,
2023-07-05 05:00:00,,,,,,,5.5,7.4,118.0,110.0,1019.0,,,,
2023-07-05 06:00:00,,,,,,,4.7,7.2,124.0,117.0,1018.6,,,,
2023-07-05 07:00:00,,,,,,,3.4,5.5,118.0,113.0,1017.9,,,,
2023-07-05 08:00:00,,,,,,,4.3,6.3,108.0,116.0,1016.7,,,,
2023-07-05 09:00:00,,,,,,,4.7,6.7,110.0,110.0,1015.9,,,,
2023-07-05 10:00:00,,,,,,,4.8,7.6,109.0,112.0,1015.2,,,,
2023-07-05 11:00:00,,,,,,,5.2,7.6,100.0,103.0,1014.6,,,,
2023-07-05 12:00:00,,,,,,,5.5,7.7,147.0,113.0,1014.2,,,,
2023-07-05 13:00:00,,,,,,,4.3,6.2,104.0,119.0,1014.3,,,,
2023-07-05 14:00:00,,,,,,,4.5,7.1,108.0,104.0,1014.0,,,,
2023-07-05 15:00:00,,,,,,,5.9,8.3,130.0,119.0,1014.4,,,,
2023-07-05 16:00:00,,,,,,,6.5,10.3,120.0,115.0,1014.1,,,,
2023-07-05 17:00:00,,,,,,,6.9,10.5,112.0,114.0,1014.4,,,,
2023-07-05 18:00:00,,,,,,,6.5,9.9,106.0,111.0,1013.9,,,,
2023-07-05 19:00:00,,,,,,,5.0,9.1,112.0,108.0,1014.7,,,,
2023-07-05 20:00:00,,,,,,,3.2,8.7,282.0,250.0,1016.1,,,,
2023-07-05 21:00:00,,,,,,,3.3,5.6,291.0,287.0,1016.4,,,,
2023-07-05 22:00:00,,,,,,,3.6,6.1,302.0,304.0,1016.6,,,,
2023-07-05 23:00:00,,,,,,,3.7,7.5,306.0,308.0,1016.7,,,,
2023-07-06 00:00:00,,,,,,,2.9,4.9,310.0,300.0,1016.6,,,,
2023-07-06 01:00:00,,,,,,,3.0,5.6,298.0,297.0,1016.7,,,,
2023-07-06 02:00:00,,,,,,,2.7,4.7,279.0,288.0,1017.4,,,,
2023-07-06 03:00:00,,,,,,,1.0,3.8,0.0,313.0,1017.4,,,,
2023-07-06 04:00:00,,,,,,,0.3,2.1,344.0,46.0,1017.5,,,,
2023-07-06 05:00:00,,,,,,,0.8,4.2,332.0,277.0,1017.7,,,,
2023-07-06 06:00:00,,,,,,,0.7,3.3,140.0,120.0,1018.0,,,,
2023-07-06 07:00:00,,,,,,,1.3,2.6,102.0,99.0,1018.1,,,,
2023-07-06 08:00:00,,,,,,,1.8,4.9,286.0,330.0,1018.7,,,,
2023-07-06 09:00:00,,,,,,,3.8,6.5,299.0,300.0,1018.9,,,,
2023-07-06 10:00:00,,,,,,,3.6,6.6,301.0,308.0,1018.8,,,,
2023-07-06 11:00:00,,,,,,,2.3,7.7,62.0,355.0,1018.2,,,,
2023-07-06 12:00:00,,,,,,,2.8,7.1,129.0,107.0,1017.8,,,,
2023-07-06 13:00:00,,,,,,,3.4,6.2,116.0,131.0,1017.6,,,,
2023-07-06 14:00:00,,,,,,,5.6,7.6,112.0,115.0,1017.4,,,,
2023-07-06 15:00:00,,,,,,,6.0,9.8,124.0,109.0,1016.6,,,,
2023-07-06 16:00:00,,,,,,,6.1,8.9,103.0,108.0,1015.6,,,,
2023-07-06 17:00:00,,,,,,,6.6,8.8,108.0,109.0,1015.2,,,,
2023-07-06 18:00:00,,,,,,,6.7,10.3,103.0,106.0,1014.7,,,,
2023-07-06 19:00:00,,,,,,,6.9,9.6,107.0,110.0,1014.5,,,,
2023-07-06 20:00:00,,,,,,,6.3,9.2,116.0,115.0,1014.3,,,,
2023-07-06 21:00:00,,,,,,,6.3,8.7,114.0,112.0,1013.7,,,,
2023-07-06 22:00:00,,,,,,,6.7,9.5,102.0,109.0,1013.5,,,,
2023-07-06 23:00:00,,,,,,,6.5,9.9,105.0,105.0,1013.0,,,,
2023-07-07 00:00:00,,,,,,,7.1,9.8,113.0,113.0,1013.0,,,,
2023-07-07 01:00:00,,,,,,,6.9,10.3,104.0,103.0,1012.5,,,,
2023-07-07 02:00:00,,,,,,,5.5,8.4,96.0,98.0,1012.7,,,,
2023-07-07 03:00:00,,,,,,,4.2,6.6,95.0,93.0,1012.3,,,,
2023-07-07 04:00:00,,,,,,,4.2,6.7,104.0,97.0,1011.7,,,,
2023-07-07 05:00:00,,,,,,,4.6,7.0,100.0,96.0,1011.7,,,,
2023-07-07 06:00:00,,,,,,,4.4,6.9,120.0,99.0,1011.9,,,,
2023-07-07 07:00:00,,,,,,,4.1,11.3,240.0,131.0,1013.4,,,,
2023-07-07 08:00:00,,,,,,,4.9,10.8,325.0,306.0,1013.1,,,,
2023-07-07 09:00:00,,,,,,,6.7,13.8,306.0,308.0,1013.8,,,,
2023-07-07 10:00:00,,,,,,,6.7,12.1,308.0,307.0,1014.9,,,,
2023-07-07 11:00:00,,,,,,,4.9,9.9,307.0,311.0,1015.5,,,,
2023-07-07 12:00:00,,,,,,,3.3,8.0,317.0,320.0,1015.7,,,,
2023-07-07 13:00:00,,,,,,,5.7,10.8,303.0,307.0,1015.4,,,,
2023-07-07 14:00:00,,,,,,,8.3,12.6,311.0,306.0,1015.1,,,,
2023-07-07 15:00:00,,,,,,,6.4,11.3,303.0,308.0,1015.5,,,,
2023-07-07 16:00:00,,,,,,,3.3,7.7,301.0,298.0,1015.9,,,,
2023-07-07 17:00:00,,,,,,,2.9,6.8,244.0,286.0,1016.9,,,,
2023-07-07 18:00:00,,,,,,,3.7,9.1,5.0,228.0,1017.9,,,,
2023-07-07 19:00:00,,,,,,,1.1,3.1,345.0,97.0,1018.5,,,,
2023-07-07 20:00:00,,,,,,,1.5,5.6,252.0,295.0,1019.1,,,,
2023-07-07 21:00:00,,,,,,,4.0,7.4,293.0,281.0,1019.9,,,,
2023-07-07 22:00:00,,,,,,,3.9,6.4,286.0,295.0,1020.5,,,,
2023-07-07 23:00:00,,,,,,,3.3,5.2,276.0,285.0,1021.2,,,,
2023-07-08 00:00:00,,,,,,,1.5,3.5,228.0,243.0,1021.6,,,,
2023-07-08 01:00:00,,,,,,,0.6,1.9,110.0,132.0,1021.9,,,,
2023-07-08 02:00:00,,,,,,,2.3,4.3,112.0,117.0,1022.3,,,,
2023-07-08 03:00:00,,,,,,,3.4,4.4,126.0,119.0,1022.9,,,,
2023-07-08 04:00:00,,,,,,,3.8,4.8,135.0,133.0,1023.4,,,,
2023-07-08 05:00:00,,,,,,,3.8,5.5,103.0,122.0,1023.5,,,,
2023-07-08 06:00:00,,,,,,,3.8,5.2,91.0,97.0,1023.9,,,,
2023-07-08 07:00:00,,,,,,,4.5,6.0,94.0,99.0,1024.0,,,,
2023-07-08 08:00:00,,,,,,,4.8,6.3,95.0,92.0,1023.9,,,,
2023-07-08 09:00:00,,,,,,,4.5,6.1,109.0,103.0,1024.2,,,,
2023-07-08 10:00:00,,,,,,,4.7,7.3,111.0,101.0,1024.0,,,,
2023-07-08 11:00:00,,,,,,,5.0,7.2,110.0,107.0,1023.5,,,,
2023-07-08 12:00:00,,,,,,,4.3,5.8,124.0,122.0,1023.2,,,,
2023-07-08 13:00:00,,,,,,,3.4,4.9,129.0,128.0,1022.8,,,,
2023-07-08 14:00:00,,,,,,,2.2,3.8,220.0,181.0,1022.9,,,,
2023-07-08 15:00:00,,,,,,,1.4,2.4,212.0,196.0,1022.2,,,,
2023-07-08 16:00:00,,,,,,,2.0,4.1,279.0,235.0,1021.9,,,,
2023-07-08 17:00:00,,,,,,,2.8,4.0,308.0,303.0,1020.9,,,,
2023-07-08 18:00:00,,,,,,,2.7,4.0,307.0,304.0,1020.6,,,,
2023-07-08 19:00:00,,,,,,,2.3,3.3,139.0,232.0,1020.8,,,,
2023-07-08 20:00:00,,,,,,,2.2,2.9,144.0,135.0,1020.3,,,,
2023-07-08 21:00:00,,,,,,,0.8,2.9,168.0,165.0,1020.0,,,,
2023-07-08 22:00:00,,,,,,,0.9,2.2,325.0,293.0,1019.8,,,,
2023-07-08 23:00:00,,,,,,,1.2,2.0,321.0,290.0,1019.7,,,,
2023-07-09 00:00:00,,,,,,,0.6,1.9,325.0,289.0,1019.3,,,,
2023-07-09 01:00:00,,,,,,,1.8,2.3,319.0,316.0,1019.4,,,,
2023-07-09 02:00:00,,,,,,,0.5,1.7,350.0,291.0,1019.2,,,,
2023-07-09 03:00:00,,,,,,,1.3,3.1,315.0,298.0,1019.5,,,,
2023-07-09 04:00:00,,,,,,,0.8,2.2,278.0,282.0,1019.7,,,,
2023-07-09 05:00:00,,,,,,,1.7,3.7,76.0,322.0,1019.3,,,,
2023-07-09 06:00:00,,,,,,,2.7,5.4,296.0,9.0,1019.7,,,,
2023-07-09 07:00:00,,,,,,,2.7,5.9,110.0,99.0,1019.9,,,,
2023-07-09 08:00:00,,,,,,,3.7,5.4,127.0,117.0,1020.9,,,,
2023-07-09 09:00:00,,,,,,,4.2,7.8,114.0,111.0,1020.7,,,,
2023-07-09 10:00:00,,,,,,,4.5,7.8,95.0,104.0,1021.1,,,,
2023-07-09 11:00:00,,,,,,,4.7,6.8,113.0,105.0,1021.4,,,,
2023-07-09 12:00:00,,,,,,,6.1,8.1,117.0,111.0,1021.6,,,,
2023-07-09 13:00:00,,,,,,,6.0,8.2,123.0,119.0,1021.9,,,,
2023-07-09 14:00:00,,,,,,,4.9,7.2,128.0,119.0,1022.1,,,,
2023-07-09 15:00:00,,,,,,,4.7,6.1,113.0,118.0,1022.3,,,,
2023-07-09 16:00:00,,,,,,,4.4,6.0,111.0,110.0,1022.2,,,,
2023-07-09 17:00:00,,,,,,,4.4,6.3,123.0,112.0,1022.0,,,,
2023-07-09 18:00:00,,,,,,,4.6,6.0,100.0,120.0,1022.2,,,,
2023-07-09 19:00:00,,,,,,,3.5,5.0,135.0,122.0,1022.2,,,,
2023-07-09 20:00:00,,,,,,,3.2,4.8,135.0,130.0,1022.7,,,,
2023-07-09 21:00:00,,,,,,,1.9,4.2,74.0,94.0,1022.6,,,,
2023-07-09 22:00:00,,,,,,,3.0,4.7,69.0,75.0,1022.9,,,,
2023-07-09 23:00:00,,,,,,,3.0,5.9,96.0,75.0,1023.1,,,,
2023-07-10 00:00:00,,,,,,,3.9,5.4,97.0,94.0,1023.2,,,,
2023-07-10 01:00:00,,,,,,,2.5,6.3,248.0,328.0,1023.8,,,,
2023-07-10 02:00:00,,,,,,,2.8,6.3,318.0,296.0,1024.0,,,,
2023-07-10 03:00:00,,,,,,,2.9,4.8,307.0,313.0,1024.1,,,,
2023-07-10 04:00:00,,,,,,,3.2,4.4,344.0,317.0,1024.1,,,,
2023-07-10 05:00:00,,,,,,,1.6,3.6,206.0,299.0,1024.0,,,,
2023-07-10 06:00:00,,,,,,,1.1,2.9,309.0,308.0,1024.2,,,,
2023-07-10 07:00:00,,,,,,,1.1,3.7,200.0,311.0,1024.6,,,,
2023-07-10 08:00:00,,,,,,,0.3,1.7,223.0,220.0,1024.6,,,,
2023-07-10 09:00:00,,,,,,,0.9,2.4,307.0,279.0,1024.8,,,,
2023-07-10 10:00:00,,,,,,,0.8,1.8,315.0,224.0,1024.7,,,,
2023-07-10 11:00:00,,,,,,,0.8,1.7,286.0,251.0,1024.7,,,,
2023-07-10 12:00:00,,,,,,,1.0,4.5,216.0,189.0,1024.8,,,,
2023-07-10 13:00:00,,,,,,,1.1,2.9,267.0,285.0,1024.9,,,,
2023-07-10 14:00:00,,,,,,,2.3,3.9,307.0,303.0,1024.8,,,,
2023-07-10 15:00:00,,,,,,,2.2,4.1,214.0,280.0,1024.4,,,,
2023-07-10 16:00:00,,,,,,,2.0,4.3,309.0,286.0,1024.4,,,,
2023-07-10 17:00:00,,,,,,,3.4,4.5,303.0,305.0,1024.2,,,,
2023-07-10 18:00:00,,,,,,,2.2,3.1,313.0,303.0,1023.8,,,,
2023-07-10 19:00:00,,,,,,,1.8,2.7,219.0,287.0,1023.4,,,,
2023-07-10 20:00:00,,,,,,,0.5,1.7,47.0,291.0,1023.2,,,,
2023-07-10 21:00:00,,,,,,,1.8,3.1,318.0,167.0,1023.0,,,,
2023-07-10 22:00:00,,,,,,,1.6,3.0,300.0,289.0,1022.7,,,,
2023-07-10 23:00:00,,,,,,,2.3,3.3,305.0,303.0,1022.4,,,,
