ts,101,112,113,122,123,201,301,305,365,371,401,550,601,609,801
2023-04-08 00:00:00,-16.2,-15.6,,-16.8,,84.0,0.8,2.3,188.0,145.0,1022.0,477.0,0.0,,
2023-04-08 01:00:00,-15.3,-15.0,,-15.9,,82.0,0.5,1.7,253.0,152.0,1020.6,376.0,0.0,,
2023-04-08 02:00:00,-15.2,-14.7,,-15.6,,85.0,1.0,2.5,51.0,129.0,1020.4,405.0,0.0,,
2023-04-08 03:00:00,-14.5,-14.1,,-14.8,,84.0,1.0,3.1,254.0,160.0,1019.5,550.0,0.1,,
2023-04-08 04:00:00,-14.5,-14.1,,-14.7,,86.0,2.0,3.7,108.0,149.0,1018.8,705.0,0.1,,
2023-04-08 05:00:00,-14.0,-13.4,,-14.9,,87.0,2.2,4.8,151.0,126.0,1018.3,659.0,0.0,,
2023-04-08 06:00:00,-13.4,-13.0,-13.0,-13.6,-16.8,87.0,1.3,3.4,114.0,114.0,1017.6,759.0,0.0,0.3,
2023-04-08 07:00:00,-12.7,-12.2,,-13.1,,87.0,0.8,2.6,240.0,155.0,1017.6,555.0,0.0,,
2023-04-08 08:00:00,-11.5,-10.9,,-12.3,,86.0,1.1,3.8,139.0,203.0,1017.9,524.0,0.5,,
2023-04-08 09:00:00,-11.8,-11.0,,-13.8,,86.0,1.2,4.2,147.0,120.0,1017.9,571.0,1.3,,
2023-04-08 10:00:00,-12.5,-11.6,,-13.7,,84.0,1.6,4.8,309.0,85.0,1017.5,568.0,1.1,,
2023-04-08 11:00:00,-11.7,-11.0,,-12.4,,84.0,2.2,5.4,120.0,129.0,1017.4,953.0,0.6,,
2023-04-08 12:00:00,-11.9,-11.3,,-12.4,,83.0,2.7,6.7,109.0,117.0,1017.5,,0.4,,
2023-04-08 13:00:00,-11.2,-10.2,,-11.7,,80.0,3.3,6.6,122.0,106.0,1017.1,,0.0,,
2023-04-08 14:00:00,-10.7,-10.3,,-11.2,,79.0,3.0,5.1,125.0,119.0,1017.4,,0.0,,
2023-04-08 15:00:00,-10.7,-10.1,,-11.6,,79.0,1.7,4.0,145.0,132.0,1017.5,,0.0,,
2023-04-08 16:00:00,-10.3,-9.6,,-11.2,,79.0,0.9,2.1,172.0,152.0,1017.1,,0.0,,
2023-04-08 17:00:00,-9.5,-8.7,,-10.2,,79.0,2.6,5.3,80.0,72.0,1016.8,,0.0,,
2023-04-08 18:00:00,-9.1,-8.8,-8.7,-9.6,-13.8,79.0,1.9,5.0,225.0,143.0,1016.4,,0.0,,
2023-04-08 19:00:00,-9.6,-9.2,,-9.8,,83.0,0.6,1.9,0.0,236.0,1016.8,,0.0,,
2023-04-08 20:00:00,-9.4,-9.1,,-9.7,,83.0,0.5,1.0,139.0,268.0,1017.0,,0.0,,
2023-04-08 21:00:00,-9.4,-9.2,,-9.6,,83.0,0.7,2.2,140.0,113.0,1016.7,,0.0,,
2023-04-08 22:00:00,-9.5,-9.3,,-9.8,,84.0,0.6,1.7,258.0,238.0,1016.8,,0.0,,
2023-04-08 23:00:00,-9.8,-9.6,,-9.9,,88.0,0.3,0.9,50.0,289.0,1016.3,,0.0,,
2023-04-09 00:00:00,-9.6,-9.4,,-9.9,,87.0,0.9,1.8,157.0,28.0,1016.0,,0.1,,
2023-04-09 01:00:00,-9.6,-9.3,,-9.7,,89.0,1.0,1.7,328.0,112.0,1015.3,,0.0,,
2023-04-09 02:00:00,-9.7,-9.3,,-10.2,,87.0,0.7,1.7,253.0,136.0,1016.0,,0.0,,
2023-04-09 03:00:00,-9.9,-9.2,,-10.4,,87.0,0.9,2.5,9.0,127.0,1016.1,,0.0,,
2023-04-09 04:00:00,-9.7,-9.1,,-10.3,,87.0,0.8,2.5,86.0,133.0,1015.5,,0.0,,
2023-04-09 05:00:00,-10.4,-9.7,,-10.9,,89.0,0.8,2.4,43.0,93.0,1015.1,,0.0,,
2023-04-09 06:00:00,-11.9,-9.9,-9.1,-13.2,-13.2,87.0,1.3,3.9,22.0,113.0,1015.8,162.0,0.0,4.0,
2023-04-09 07:00:00,-11.0,-8.8,,-12.4,,86.0,1.1,3.6,151.0,87.0,1016.4,,0.0,,
2023-04-09 08:00:00,-9.1,-6.9,,-11.0,,83.0,1.5,4.6,23.0,71.0,1016.2,,0.0,,
2023-04-09 09:00:00,-10.3,-6.6,,-12.2,,80.0,1.4,3.2,146.0,164.0,1017.0,,0.0,,
2023-04-09 10:00:00,-9.4,-5.4,,-12.2,,80.0,2.3,8.6,155.0,116.0,1016.4,,0.0,,
2023-04-09 11:00:00,-9.9,-6.4,,-11.1,,74.0,1.0,4.1,358.0,82.0,1017.4,672.0,0.0,,
2023-04-09 12:00:00,-8.9,-7.3,,-10.8,,73.0,1.0,2.6,121.0,44.0,1017.3,409.0,0.0,,
2023-04-09 13:00:00,-10.2,-9.4,,-11.1,,76.0,1.1,2.7,187.0,166.0,1017.6,395.0,0.0,,
2023-04-09 14:00:00,-8.4,-7.6,,-9.9,,70.0,1.1,3.2,43.0,96.0,1017.2,543.0,0.0,,
2023-04-09 15:00:00,-8.2,-7.2,,-9.0,,74.0,1.0,4.2,145.0,5.0,1017.4,415.0,0.0,,
2023-04-09 16:00:00,-8.8,-8.1,,-9.4,,75.0,0.9,2.1,74.0,136.0,1017.3,397.0,0.0,,
2023-04-09 17:00:00,-8.0,-6.0,,-9.3,,75.0,1.3,2.9,129.0,73.0,1017.0,400.0,0.0,,
2023-04-09 18:00:00,-7.1,-5.1,-5.1,-9.2,-12.4,74.0,1.2,2.6,186.0,150.0,1017.0,290.0,0.0,,
2023-04-09 19:00:00,-8.2,-6.0,,-10.1,,79.0,1.1,3.2,159.0,81.0,1016.9,163.0,0.0,,
2023-04-09 20:00:00,-9.6,-8.7,,-10.6,,82.0,1.4,3.8,163.0,146.0,1017.3,89.0,0.0,,
2023-04-09 21:00:00,-10.4,-9.8,,-11.0,,85.0,1.1,3.3,0.0,203.0,1016.7,21.0,0.0,,
2023-04-09 22:00:00,-9.7,-8.3,,-10.6,,87.0,1.3,3.1,167.0,125.0,1017.2,1.0,0.2,,
2023-04-09 23:00:00,-10.0,-8.9,,-10.5,,90.0,1.3,3.0,150.0,232.0,1016.2,0.0,0.8,,
2023-04-10 00:00:00,-8.8,-6.6,,-10.2,,91.0,1.1,3.0,45.0,91.0,1016.1,0.0,0.3,,
2023-04-10 01:00:00,-8.2,-6.4,,-9.5,,92.0,0.6,1.6,165.0,135.0,1016.3,0.0,0.2,,
2023-04-10 02:00:00,-7.4,-6.4,,-8.2,,92.0,0.7,1.8,103.0,182.0,1016.1,0.0,0.0,,
2023-04-10 03:00:00,-7.8,-6.1,,-8.7,,92.0,1.5,4.4,144.0,200.0,1015.5,0.0,0.0,,
2023-04-10 04:00:00,-7.3,-4.5,,-8.5,,93.0,2.1,4.6,158.0,201.0,1015.1,0.0,0.0,,
2023-04-10 05:00:00,-6.0,-4.4,,-8.2,,93.0,4.5,8.9,127.0,116.0,1015.1,0.0,0.0,,
2023-04-10 06:00:00,-5.5,-4.4,-4.4,-6.8,-11.0,92.0,1.9,5.9,263.0,191.0,1014.6,1.0,0.0,1.5,
2023-04-10 07:00:00,-6.6,-6.0,,-7.0,,94.0,1.5,3.8,89.0,173.0,1014.8,16.0,0.0,,
2023-04-10 08:00:00,-6.6,-6.1,,-6.8,,92.0,1.8,4.6,158.0,159.0,1015.1,51.0,0.0,,
2023-04-10 09:00:00,-5.1,-4.4,,-6.2,,92.0,2.4,5.7,165.0,155.0,1015.0,99.0,0.1,,
2023-04-10 10:00:00,-6.7,-5.4,,-7.3,,92.0,3.6,6.0,166.0,164.0,1015.1,148.0,0.0,,
2023-04-10 11:00:00,-7.3,-6.3,,-7.7,,91.0,2.5,5.4,168.0,152.0,1015.0,153.0,0.1,,
2023-04-10 12:00:00,-6.9,-6.4,,-7.2,,91.0,2.0,4.0,154.0,170.0,1014.9,190.0,0.0,,
2023-04-10 13:00:00,-6.0,-5.5,,-6.6,,91.0,2.3,4.5,160.0,162.0,1014.5,259.0,0.0,,
2023-04-10 14:00:00,-5.0,-3.9,,-5.9,,91.0,2.8,5.6,134.0,154.0,1014.7,288.0,0.0,,
2023-04-10 15:00:00,-5.1,-4.4,,-5.7,,91.0,2.4,4.6,163.0,167.0,1014.4,244.0,0.0,,
2023-04-10 16:00:00,-5.6,-5.3,,-5.8,,90.0,1.4,3.3,179.0,161.0,1014.1,223.0,0.0,,
2023-04-10 17:00:00,-5.6,-5.3,,-5.8,,91.0,1.2,2.9,158.0,169.0,1013.7,183.0,0.0,,
2023-04-10 18:00:00,-5.4,-5.1,-3.9,-5.7,-7.7,93.0,1.6,4.1,151.0,152.0,1013.6,133.0,0.0,,
2023-04-10 19:00:00,-4.7,-4.4,,-5.4,,94.0,1.5,3.8,150.0,148.0,1013.2,107.0,0.0,,
2023-04-10 20:00:00,-4.3,-3.9,,-4.7,,94.0,1.9,3.8,165.0,174.0,1013.0,68.0,0.0,,
2023-04-10 21:00:00,-4.2,-3.0,,-4.8,,95.0,1.2,3.6,177.0,144.0,1013.0,26.0,0.0,,
2023-04-10 22:00:00,-5.1,-4.7,,-5.6,,95.0,2.1,4.6,129.0,170.0,1013.0,2.0,0.0,,
2023-04-10 23:00:00,-4.8,-4.0,,-5.5,,96.0,1.5,4.3,124.0,173.0,1012.7,0.0,0.0,,
2023-04-11 00:00:00,-4.2,-3.1,,-5.3,,96.0,1.0,2.2,81.0,104.0,1012.4,0.0,0.0,,
2023-04-11 01:00:00,-1.6,-0.6,,-3.1,,85.0,5.5,11.3,18.0,34.0,1011.6,0.0,0.3,,
2023-04-11 02:00:00,-0.6,-0.4,,-0.9,,80.0,9.0,12.5,30.0,20.0,1010.9,0.0,0.1,,
2023-04-11 03:00:00,-0.7,-0.1,,-1.4,,78.0,10.3,12.9,42.0,42.0,1010.7,0.0,0.4,,
2023-04-11 04:00:00,-0.9,-0.2,,-1.4,,77.0,8.1,11.4,35.0,40.0,1010.5,0.0,0.0,,
2023-04-11 05:00:00,-0.8,0.1,,-1.5,,75.0,6.0,9.2,39.0,37.0,1010.4,0.0,0.0,,
2023-04-11 06:00:00,-0.3,0.2,0.2,-1.2,-5.6,72.0,4.2,7.4,49.0,45.0,1010.6,2.0,0.0,1.0,
2023-04-11 07:00:00,-0.4,0.0,,-1.6,,73.0,5.6,7.7,43.0,42.0,1010.6,18.0,0.1,,
2023-04-11 08:00:00,-1.0,-0.4,,-1.7,,73.0,3.9,8.1,357.0,13.0,1010.8,56.0,0.0,,
2023-04-11 09:00:00,-0.1,1.1,,-1.2,,71.0,3.7,5.6,39.0,31.0,1010.5,98.0,0.0,,
2023-04-11 10:00:00,0.8,1.1,,-0.2,,70.0,5.9,10.0,23.0,37.0,1010.1,195.0,0.2,,
2023-04-11 11:00:00,1.3,1.7,,0.7,,70.0,7.7,13.6,46.0,28.0,1009.6,254.0,0.2,,
2023-04-11 12:00:00,1.2,1.8,,0.8,,72.0,9.1,15.2,52.0,49.0,1010.2,307.0,0.2,,
2023-04-11 13:00:00,0.7,1.2,,0.4,,76.0,9.4,14.1,45.0,42.0,1009.9,244.0,0.4,,
2023-04-11 14:00:00,0.8,1.4,,0.2,,76.0,7.2,14.5,124.0,61.0,1010.4,273.0,0.2,,
2023-04-11 15:00:00,0.4,1.3,,-0.7,,79.0,4.8,12.7,52.0,134.0,1010.0,314.0,0.2,,
2023-04-11 16:00:00,0.6,1.3,,0.2,,84.0,5.6,10.8,10.0,29.0,1010.5,233.0,0.0,,
2023-04-11 17:00:00,1.3,1.6,,1.1,,80.0,4.7,9.1,4.0,23.0,1010.2,126.0,0.2,,
2023-04-11 18:00:00,1.4,1.6,1.8,1.2,-1.7,80.0,5.8,9.0,26.0,20.0,1010.2,126.0,0.1,,
2023-04-11 19:00:00,1.6,1.8,,1.4,,78.0,8.0,13.1,25.0,24.0,1009.7,87.0,0.2,,
2023-04-11 20:00:00,1.6,1.8,,1.4,,77.0,10.8,15.4,28.0,29.0,1010.0,44.0,0.3,,
2023-04-11 21:00:00,1.3,1.5,,0.9,,76.0,13.3,17.0,35.0,34.0,1009.9,21.0,0.2,,
2023-04-11 22:00:00,1.3,1.5,,1.1,,75.0,12.5,17.5,37.0,35.0,1010.3,2.0,0.0,,
2023-04-11 23:00:00,1.3,1.6,,1.1,,73.0,12.5,18.6,35.0,38.0,1010.5,0.0,0.5,,
2023-04-12 00:00:00,1.5,1.9,,1.2,,71.0,11.1,17.8,17.0,28.0,1011.1,0.0,0.3,,
2023-04-12 01:00:00,1.7,2.3,,1.3,,68.0,7.9,15.2,20.0,31.0,1011.5,0.0,0.2,,
2023-04-12 02:00:00,1.5,2.0,,1.1,,70.0,7.7,12.4,41.0,38.0,1011.0,0.0,0.3,,
2023-04-12 03:00:00,1.5,1.9,,1.2,,69.0,11.1,14.7,43.0,44.0,1010.4,0.0,0.2,,
2023-04-12 04:00:00,1.3,1.9,,0.6,,67.0,10.3,14.2,42.0,42.0,1010.3,0.0,0.2,,
2023-04-12 05:00:00,0.9,1.2,,0.6,,69.0,9.8,12.6,43.0,50.0,1010.1,0.0,0.1,,
2023-04-12 06:00:00,1.4,1.7,2.3,0.8,0.6,64.0,7.4,13.2,25.0,27.0,1010.9,2.0,0.0,4.3,
2023-04-12 07:00:00,0.9,1.4,,0.2,,69.0,5.5,11.8,31.0,27.0,1011.0,32.0,0.1,,
2023-04-12 08:00:00,0.1,1.1,,-0.3,,76.0,7.3,10.9,39.0,40.0,1011.3,115.0,0.2,,
2023-04-12 09:00:00,0.0,0.3,,-0.3,,77.0,6.8,8.9,36.0,42.0,1011.1,172.0,0.1,,
2023-04-12 10:00:00,0.3,0.8,,-0.1,,74.0,5.8,9.5,26.0,35.0,1010.8,189.0,0.1,,
2023-04-12 11:00:00,0.3,0.7,,-0.1,,76.0,7.5,11.2,32.0,30.0,1010.7,236.0,0.0,,
2023-04-12 12:00:00,0.2,0.5,,-0.1,,76.0,9.1,12.4,32.0,32.0,1010.5,245.0,0.2,,
2023-04-12 13:00:00,-0.1,0.2,,-0.4,,77.0,7.0,10.6,31.0,32.0,1010.5,257.0,0.0,,
2023-04-12 14:00:00,-0.1,0.3,,-0.5,,80.0,5.8,9.2,24.0,29.0,1010.4,263.0,0.2,,
2023-04-12 15:00:00,-0.3,-0.1,,-0.7,,86.0,3.4,7.8,301.0,5.0,1010.3,232.0,0.2,,
2023-04-12 16:00:00,-0.9,-0.6,,-1.2,,94.0,2.2,4.9,223.0,231.0,1009.8,194.0,0.6,,
2023-04-12 17:00:00,-0.5,0.3,,-1.2,,89.0,3.7,8.1,315.0,265.0,1009.7,150.0,0.5,,
2023-04-13 00:00:00,-0.3,,,,,94.0,12.8,15.5,34.0,,1009.9,0.0,,,
2023-04-13 01:00:00,-0.3,-0.2,,-0.5,,93.0,12.0,15.5,27.0,31.0,1010.2,0.0,0.0,,
2023-04-13 02:00:00,-0.4,-0.2,,-0.6,,93.0,12.1,16.9,9.0,18.0,1010.3,0.0,0.4,,
2023-04-13 03:00:00,-0.3,-0.1,,-0.5,,93.0,8.8,15.6,346.0,345.0,1010.3,0.0,0.2,,
2023-04-13 04:00:00,-0.4,-0.2,,-0.7,,94.0,14.7,23.1,41.0,30.0,1008.8,0.0,1.1,,
2023-04-13 05:00:00,-0.5,-0.3,,-0.6,,93.0,16.2,22.7,32.0,38.0,1010.5,0.0,0.4,,
2023-04-13 06:00:00,-0.4,-0.1,,-0.7,,90.0,12.6,18.2,13.0,13.0,1011.4,1.0,0.1,,
2023-04-13 07:00:00,-0.3,,,,,88.0,11.8,16.5,22.0,,1012.7,20.0,,,
2023-04-13 08:00:00,-0.2,0.1,,-0.5,,86.0,10.3,19.3,31.0,17.0,1013.2,42.0,0.3,,
2023-04-13 09:00:00,-0.2,0.0,,-0.4,,85.0,9.3,15.5,31.0,33.0,1014.5,89.0,0.7,,
2023-04-13 10:00:00,-0.1,0.5,,-0.4,,85.0,7.1,12.6,46.0,43.0,1015.3,170.0,0.6,,
2023-04-13 11:00:00,0.0,0.5,,-0.5,,88.0,3.1,11.1,71.0,78.0,1015.5,225.0,0.1,,
2023-04-13 12:00:00,0.1,0.6,,-0.2,,89.0,2.3,11.6,155.0,138.0,1016.3,320.0,0.0,,
2023-04-13 13:00:00,-0.3,,,,,92.0,1.7,2.4,204.0,,1016.7,,,,
2023-04-13 14:00:00,0.0,0.7,,-0.3,,88.0,2.6,8.2,42.0,151.0,1017.0,370.0,0.0,,
2023-04-13 15:00:00,0.2,0.7,,-0.1,,87.0,1.3,4.3,207.0,196.0,1017.2,359.0,0.0,,
2023-04-13 16:00:00,0.2,0.6,,-0.4,,85.0,3.5,7.1,25.0,73.0,1017.3,274.0,0.0,,
2023-04-13 17:00:00,0.4,0.8,,0.1,,82.0,4.4,7.7,36.0,37.0,1017.5,235.0,0.0,,
2023-04-13 18:00:00,-0.2,0.1,,-0.6,,90.0,2.3,7.2,49.0,67.0,1017.8,182.0,0.0,,
2023-04-13 19:00:00,-0.2,0.2,,-0.5,,87.0,3.4,7.6,312.0,6.0,1018.3,156.0,0.1,,
2023-04-13 20:00:00,-0.3,-0.1,,-0.7,,89.0,2.2,5.8,30.0,1.0,1018.4,54.0,0.0,,
2023-04-13 21:00:00,-0.8,-0.2,,-1.2,,94.0,1.1,4.7,271.0,293.0,1018.4,25.0,0.0,,
2023-04-13 22:00:00,-1.2,-0.9,,-1.5,,97.0,0.4,1.7,69.0,147.0,1018.3,5.0,0.0,,
2023-04-13 23:00:00,-1.4,-1.1,,-1.7,,97.0,0.6,1.8,0.0,158.0,1018.3,0.0,0.0,,
2023-04-14 00:00:00,-2.2,-1.6,,-2.6,,95.0,0.8,2.6,56.0,58.0,1018.3,0.0,0.0,,
2023-04-14 01:00:00,-2.8,-2.1,,-3.5,,91.0,1.5,3.0,22.0,33.0,1018.1,0.0,0.0,,
2023-04-14 02:00:00,-2.5,-1.8,,-3.2,,91.0,1.1,2.9,3.0,74.0,1017.9,0.0,0.0,,
2023-04-14 03:00:00,-2.6,-2.1,,-3.6,,92.0,0.8,2.2,58.0,142.0,1017.6,0.0,0.0,,
2023-04-14 04:00:00,-3.2,-1.8,,-4.4,,84.0,2.3,4.4,16.0,32.0,1017.1,0.0,0.0,,
2023-04-14 05:00:00,-2.7,-1.7,,-3.6,,83.0,1.2,2.9,36.0,67.0,1017.0,0.0,0.0,,
2023-04-14 06:00:00,-2.8,-1.8,0.2,-5.0,-5.0,84.0,1.1,2.4,169.0,80.0,1016.9,6.0,0.0,,
2023-04-14 07:00:00,-3.7,-3.0,,-4.5,,87.0,1.2,3.6,29.0,38.0,1016.7,31.0,0.0,,
2023-04-14 08:00:00,-2.3,-1.5,,-4.3,,79.0,0.6,2.5,91.0,39.0,1016.3,160.0,0.0,,
2023-04-14 09:00:00,-1.6,-0.9,,-2.7,,75.0,0.5,2.3,55.0,59.0,1016.2,253.0,0.0,,
2023-04-14 10:00:00,-2.5,0.2,,-4.8,,77.0,1.8,4.9,30.0,353.0,1016.1,362.0,0.0,,
2023-04-14 11:00:00,-1.5,0.9,,-4.8,,77.0,0.8,2.1,141.0,87.0,1015.8,393.0,0.0,,
2023-04-14 12:00:00,-1.0,0.1,,-2.4,,78.0,1.1,3.6,2.0,90.0,1015.5,323.0,0.0,,
2023-04-14 13:00:00,-0.5,0.5,,-1.1,,77.0,0.8,2.5,210.0,32.0,1015.2,384.0,0.0,,
2023-04-14 14:00:00,-0.5,0.5,,-1.2,,78.0,0.6,1.6,88.0,206.0,1014.9,393.0,0.0,,
2023-04-14 15:00:00,0.6,1.5,,-0.6,,75.0,1.0,3.9,105.0,90.0,1014.5,437.0,0.0,,
2023-04-14 16:00:00,1.1,2.2,,0.0,,73.0,0.6,2.1,80.0,162.0,1014.3,468.0,0.0,,
2023-04-14 17:00:00,0.6,1.6,,-0.3,,76.0,0.8,2.0,209.0,193.0,1014.2,372.0,0.0,,
2023-04-14 18:00:00,-0.3,0.1,2.2,-0.7,-4.8,82.0,1.2,3.9,39.0,306.0,1013.7,176.0,0.0,,
2023-04-14 19:00:00,-0.2,0.2,,-0.8,,83.0,0.7,1.7,257.0,281.0,1013.6,123.0,0.0,,
2023-04-14 20:00:00,-1.2,-0.7,,-1.3,,91.0,0.8,2.0,351.0,99.0,1013.8,75.0,0.0,,
2023-04-14 21:00:00,-0.1,0.3,,-0.8,,82.0,0.4,2.1,23.0,28.0,1013.4,34.0,0.0,,
2023-04-14 22:00:00,-0.5,0.3,,-1.0,,85.0,0.8,1.8,148.0,206.0,1013.3,4.0,0.0,,
2023-04-14 23:00:00,-0.9,-0.6,,-1.2,,89.0,0.5,1.8,34.0,92.0,1013.3,0.0,0.0,,
2023-04-15 00:00:00,-1.0,-0.7,,-1.1,,93.0,0.4,1.6,119.0,65.0,1013.3,0.0,0.1,,
2023-04-15 01:00:00,-1.3,-0.8,,-2.1,,95.0,0.5,1.4,242.0,214.0,1013.5,0.0,0.1,,
2023-04-15 02:00:00,-2.0,-1.8,,-2.1,,97.0,0.6,1.4,268.0,265.0,1013.3,0.0,0.5,,
2023-04-15 03:00:00,-1.9,-1.8,,-2.1,,98.0,0.4,1.1,50.0,139.0,1013.1,0.0,0.3,,
2023-04-15 04:00:00,-1.8,-1.7,,-1.9,,98.0,0.3,1.2,243.0,266.0,1013.1,0.0,0.2,,
2023-04-15 05:00:00,-1.8,-1.6,,-1.9,,98.0,0.5,1.7,180.0,216.0,1013.1,0.0,0.4,,
2023-04-15 06:00:00,-1.7,-1.5,0.3,-2.0,-2.1,98.0,0.0,0.8,274.0,0.0,1013.2,3.0,0.3,1.9,
2023-04-15 07:00:00,-1.5,-1.3,,-1.7,,98.0,0.8,1.8,56.0,149.0,1013.2,20.0,0.3,,
2023-04-15 08:00:00,-1.2,-0.7,,-1.7,,95.0,2.3,4.7,98.0,62.0,1013.6,68.0,0.5,,
2023-04-15 09:00:00,-1.5,-1.3,,-1.6,,92.0,2.2,4.4,182.0,112.0,1014.0,126.0,0.5,,
2023-04-15 10:00:00,-1.6,-1.3,,-2.0,,94.0,0.7,1.4,185.0,231.0,1014.2,191.0,0.3,,
2023-04-15 11:00:00,-1.7,-1.1,,-2.2,,92.0,1.0,2.0,44.0,75.0,1014.6,228.0,0.2,,
2023-04-15 12:00:00,-1.2,-0.5,,-1.7,,85.0,3.6,8.0,222.0,93.0,1014.8,327.0,0.1,,
2023-04-15 13:00:00,-1.8,-1.3,,-2.0,,93.0,2.0,4.4,209.0,223.0,1015.1,324.0,0.2,,
2023-04-15 14:00:00,-1.1,-0.4,,-1.5,,89.0,0.4,1.5,0.0,178.0,1015.1,355.0,0.0,,
2023-04-15 15:00:00,-0.7,-0.2,,-1.1,,84.0,0.5,1.3,242.0,273.0,1015.3,394.0,0.0,,
2023-04-15 16:00:00,-0.8,-0.3,,-1.4,,88.0,0.8,1.8,142.0,167.0,1015.3,351.0,0.2,,
2023-04-15 17:00:00,-0.8,0.7,,-1.7,,83.0,2.2,6.5,49.0,76.0,1015.3,281.0,0.0,,
2023-04-16 12:00:00,-5.1,,,,,79.0,0.0,0.6,0.0,,1019.1,554.0,,,
2023-04-16 13:00:00,-6.5,-4.5,,-7.3,,85.0,0.5,1.4,167.0,237.0,1019.6,464.0,0.0,,
2023-04-16 14:00:00,-6.3,-5.3,,-6.9,,86.0,0.5,1.8,142.0,13.0,1019.4,464.0,0.0,,
2023-04-16 15:00:00,-6.6,-5.8,,-7.3,,89.0,1.0,2.2,136.0,108.0,1019.6,414.0,0.0,,
2023-04-16 16:00:00,-6.0,-5.2,,-6.8,,86.0,0.5,1.5,15.0,60.0,1019.8,382.0,0.0,,
2023-04-16 17:00:00,-5.8,-4.6,,-7.1,,85.0,0.6,2.2,71.0,271.0,1019.8,307.0,0.0,,
2023-04-16 18:00:00,-5.3,-4.5,,-6.3,,82.0,0.6,1.6,72.0,159.0,1019.9,288.0,0.0,,
2023-04-16 19:00:00,-5.9,-4.2,,-7.4,,83.0,0.5,1.8,123.0,133.0,1020.3,219.0,0.0,,
2023-04-16 20:00:00,-5.1,-4.5,,-6.2,,80.0,4.1,10.2,67.0,94.0,1020.6,137.0,0.2,,
2023-04-16 21:00:00,-5.5,-4.7,,-6.4,,80.0,7.1,11.6,70.0,43.0,1021.3,50.0,0.0,,
2023-04-16 22:00:00,-6.4,-5.0,,-7.8,,86.0,3.9,9.1,32.0,86.0,1021.0,8.0,0.0,,
2023-04-16 23:00:00,-5.8,-4.3,,-7.6,,82.0,4.1,8.8,44.0,66.0,1021.5,0.0,0.0,,
2023-04-17 00:00:00,-5.3,-4.0,,-6.5,,79.0,3.8,8.8,213.0,64.0,1021.9,0.0,0.0,,
2023-04-17 01:00:00,-5.8,-4.9,,-7.0,,80.0,4.4,8.8,17.0,12.0,1021.3,0.0,0.0,,
2023-04-17 02:00:00,-5.4,-3.6,,-8.9,,77.0,6.8,12.4,112.0,28.0,1021.3,0.0,0.1,,
2023-04-17 03:00:00,-6.0,-3.6,,-9.4,,81.0,4.8,12.9,31.0,68.0,1020.8,0.0,0.2,,
2023-04-17 04:00:00,-4.0,-3.5,,-4.6,,72.0,11.1,16.1,26.0,30.0,1020.1,0.0,0.2,,
2023-04-17 05:00:00,-4.0,-3.2,,-4.4,,73.0,13.5,20.5,46.0,42.0,1020.2,0.0,0.4,,
2023-04-17 06:00:00,-4.6,-4.2,-3.2,-4.9,-9.4,72.0,15.1,25.3,47.0,44.0,1019.9,4.0,0.0,,
2023-04-17 07:00:00,-5.2,-4.0,,-5.5,,78.0,13.2,26.8,18.0,36.0,1019.9,20.0,0.4,,
2023-04-17 08:00:00,-5.0,-4.7,,-5.4,,79.0,7.3,16.1,306.0,341.0,1019.6,53.0,0.3,,
2023-04-17 09:00:00,-5.1,-4.8,,-5.2,,84.0,5.2,12.6,5.0,317.0,1019.3,81.0,0.2,,
2023-04-17 10:00:00,-4.7,-4.4,,-5.0,,82.0,13.3,22.3,8.0,8.0,1016.8,108.0,0.3,,
2023-04-17 11:00:00,-4.7,-4.5,,-5.0,,86.0,17.3,22.9,26.0,22.0,1014.2,131.0,0.6,,
2023-04-17 12:00:00,-4.5,-4.3,,-4.8,,90.0,20.5,27.4,39.0,33.0,1011.0,141.0,2.5,,
2023-04-17 13:00:00,-3.9,-3.3,,-4.5,,90.0,22.7,31.7,47.0,42.0,1014.2,156.0,1.5,,
2023-04-17 14:00:00,-3.1,-2.7,,-3.4,,89.0,5.0,14.3,13.0,327.0,1014.7,153.0,2.5,,
2023-04-17 15:00:00,-3.7,-3.2,,-4.1,,88.0,11.4,24.5,23.0,29.0,1013.1,219.0,1.7,,
2023-04-17 16:00:00,-3.5,-3.1,,-4.0,,83.0,9.6,14.8,19.0,6.0,1013.3,272.0,0.2,,
2023-04-17 17:00:00,-3.0,-2.8,,-3.2,,81.0,5.8,10.8,,6.0,1013.1,220.0,0.0,,
2023-04-17 18:00:00,-4.5,-3.0,-2.7,-5.5,-5.5,90.0,1.0,4.0,216.0,249.0,1013.4,261.0,0.7,,
2023-04-17 19:00:00,-4.4,-4.1,,-4.8,,93.0,0.6,1.6,38.0,113.0,1013.4,138.0,0.0,,
2023-04-17 20:00:00,-4.1,-3.8,,-4.6,,92.0,1.3,2.8,81.0,80.0,1013.8,103.0,0.0,,
2023-04-17 21:00:00,-4.5,-4.0,,-5.2,,87.0,1.5,4.3,68.0,57.0,1014.4,69.0,0.0,,
2023-04-17 22:00:00,-5.1,-4.2,,-6.1,,82.0,3.3,6.4,74.0,82.0,1014.8,8.0,0.0,,
2023-04-18 09:00:00,-5.5,-5.2,,-6.0,,80.0,5.0,8.2,93.0,87.0,1022.3,230.0,0.0,,
2023-04-18 10:00:00,-5.1,-4.9,,-5.4,,82.0,4.4,7.7,89.0,91.0,1022.2,310.0,0.0,,
2023-04-18 11:00:00,-4.7,-4.4,,-5.0,,83.0,4.9,6.8,89.0,88.0,1022.2,418.0,0.0,,
2023-04-18 12:00:00,-4.1,-3.7,,-4.5,,82.0,5.8,7.8,90.0,83.0,1022.0,519.0,0.0,,
2023-04-18 13:00:00,-2.8,-1.7,,-3.8,,78.0,3.2,7.4,108.0,102.0,1022.5,532.0,0.0,,
2023-04-18 14:00:00,-1.5,-0.5,,-3.3,,71.0,0.9,2.4,199.0,170.0,1022.7,558.0,0.0,,
2023-04-18 15:00:00,-3.7,-2.0,,-4.1,,79.0,0.8,1.9,0.0,199.0,1022.8,537.0,0.0,,
2023-04-18 16:00:00,-3.4,-2.0,,-4.5,,78.0,0.7,2.5,171.0,184.0,1023.3,493.0,0.0,,
2023-04-18 17:00:00,-5.0,-4.5,,-5.4,,80.0,2.5,4.8,143.0,152.0,1023.3,423.0,0.0,,
2023-04-18 18:00:00,-5.1,-4.6,,-5.6,,79.0,2.4,5.1,76.0,126.0,1023.4,340.0,0.0,,
2023-04-18 19:00:00,-4.6,-3.7,,-5.4,,76.0,0.8,3.5,340.0,230.0,1023.9,247.0,0.0,,
2023-04-18 20:00:00,-5.2,-4.6,,-5.8,,80.0,1.8,5.2,126.0,90.0,1024.2,152.0,0.0,,
2023-04-18 21:00:00,-5.6,-4.8,,-6.6,,81.0,2.1,4.5,163.0,135.0,1024.3,68.0,0.0,,
2023-04-18 22:00:00,-6.5,-5.3,,-7.8,,85.0,1.2,3.2,125.0,125.0,1024.8,14.0,0.0,,
2023-04-18 23:00:00,-8.0,-6.8,,-8.5,,90.0,1.2,2.7,37.0,127.0,1025.0,1.0,0.0,,
2023-04-19 00:00:00,-8.1,-5.3,,-9.5,,88.0,0.9,3.3,0.0,6.0,1025.0,0.0,0.0,,
2023-04-19 01:00:00,-8.5,-8.0,,-9.3,,92.0,0.5,1.8,59.0,266.0,1025.0,0.0,0.0,,
2023-04-19 02:00:00,-9.1,-7.9,,-10.4,,91.0,0.7,2.2,3.0,86.0,1024.7,0.0,0.0,,
2023-04-19 03:00:00,-8.4,-7.4,,-9.8,,88.0,0.4,1.6,103.0,9.0,1024.5,0.0,0.0,,
2023-04-19 04:00:00,-10.0,-9.2,,-10.7,,91.0,1.0,2.7,153.0,121.0,1024.3,0.0,0.0,,
2023-04-19 05:00:00,-8.5,-7.2,,-10.2,,87.0,0.8,2.1,205.0,130.0,1023.9,1.0,0.0,,
2023-04-19 06:00:00,-8.3,-6.5,-3.7,-9.6,-10.7,84.0,0.6,1.8,174.0,168.0,1024.1,12.0,0.0,,
2023-04-19 07:00:00,-7.8,-5.6,,-10.6,,79.0,0.7,2.3,180.0,154.0,1024.1,52.0,0.0,,
2023-04-19 08:00:00,-9.3,-5.3,,-11.4,,80.0,1.5,2.7,133.0,120.0,1024.4,153.0,0.0,,
2023-04-19 09:00:00,-7.5,-4.7,,-10.3,,69.0,1.2,2.6,156.0,154.0,1025.0,259.0,0.0,,
2023-04-19 10:00:00,-8.6,-6.7,,-10.6,,74.0,1.2,3.2,109.0,122.0,1024.6,390.0,0.0,,
2023-04-19 11:00:00,-8.2,-5.7,,-9.8,,73.0,0.8,2.2,130.0,126.0,1024.5,470.0,0.0,,
2023-04-19 12:00:00,-8.3,-5.2,,-9.6,,75.0,1.1,2.7,0.0,93.0,1024.2,531.0,0.0,,
2023-04-19 13:00:00,-4.3,-1.8,,-5.9,,65.0,0.8,2.6,107.0,41.0,1023.7,558.0,0.3,,
2023-04-19 14:00:00,-5.9,-3.3,,-7.5,,71.0,1.0,2.2,224.0,99.0,1024.0,565.0,0.0,,
2023-04-20 03:00:00,-3.1,,,,,67.0,0.9,1.7,131.0,,1022.9,0.0,,,
2023-04-20 04:00:00,-3.1,-1.8,,-4.0,,69.0,1.4,4.2,65.0,112.0,1023.4,0.0,0.0,,
2023-04-20 05:00:00,-3.2,-1.7,,-5.0,,71.0,3.0,6.5,43.0,31.0,1023.1,0.0,0.0,,
2023-04-20 06:00:00,-2.5,-0.9,,-4.2,,68.0,11.0,17.8,39.0,37.0,1022.5,11.0,0.6,,
2023-04-20 07:00:00,-5.0,-3.6,,-6.6,,76.0,14.2,20.4,48.0,49.0,1023.6,40.0,0.1,,
2023-04-20 08:00:00,-6.4,-5.3,,-7.1,,78.0,16.2,23.1,44.0,48.0,1024.0,90.0,0.3,,
2023-04-20 09:00:00,-6.8,-6.0,,-7.2,,76.0,17.8,25.9,42.0,46.0,1024.2,158.0,0.4,,
2023-04-20 10:00:00,-7.2,-6.7,,-7.6,,75.0,22.2,31.4,44.0,44.0,1024.2,212.0,0.0,,
2023-04-20 11:00:00,-8.0,-7.3,,-8.4,,72.0,21.3,27.3,42.0,43.0,1025.4,300.0,1.0,,
2023-04-20 12:00:00,-8.9,-8.2,,-9.5,,71.0,21.4,26.5,42.0,42.0,1025.7,372.0,0.3,,
2023-04-20 16:00:00,-10.3,,,,,59.0,17.8,22.7,44.0,,1030.3,250.0,,,
2023-04-20 18:00:00,-10.7,,,,,74.0,12.7,15.5,29.0,,1033.3,182.0,,,
2023-04-20 19:00:00,-10.5,-10.0,,-10.8,,71.0,11.0,15.1,36.0,30.0,1034.2,141.0,0.2,,
2023-04-20 21:00:00,-10.4,,,,,88.0,3.1,4.5,246.0,,1036.7,25.0,,,
2023-04-20 22:00:00,-10.3,-10.1,,-10.5,,90.0,1.8,3.7,304.0,264.0,1037.3,12.0,0.0,,
2023-04-20 23:00:00,-10.0,-9.7,,-10.2,,87.0,0.9,2.5,266.0,297.0,1037.5,0.0,0.0,,
2023-04-21 00:00:00,-10.1,-9.7,,-10.5,,87.0,1.0,3.0,180.0,190.0,1037.9,0.0,0.0,,
2023-04-21 01:00:00,-9.5,,,,,80.0,0.6,2.1,338.0,,1038.2,0.0,,,
2023-04-21 02:00:00,-8.7,,,,,69.0,0.4,1.4,51.0,,1038.7,0.0,,,
2023-04-21 03:00:00,-8.6,,,,,64.0,1.8,3.2,29.0,,1038.5,0.0,,,
2023-04-21 04:00:00,-8.0,-6.4,,-8.8,,57.0,2.1,4.4,357.0,10.0,1038.6,0.0,0.0,,
2023-04-21 05:00:00,-6.9,-6.2,,-7.8,,52.0,2.6,6.3,150.0,58.0,1038.8,1.0,0.0,,
2023-04-21 06:00:00,-7.8,-7.1,,-8.4,,54.0,1.2,3.0,48.0,66.0,1039.0,15.0,0.0,,
2023-04-21 07:00:00,-5.7,,,,,49.0,3.7,6.2,315.0,,1039.0,179.0,,,
2023-04-21 08:00:00,-8.4,-5.1,,-11.6,,62.0,2.0,5.7,108.0,142.0,1040.0,207.0,0.0,,
2023-04-21 09:00:00,-10.5,-9.2,,-11.3,,74.0,2.0,4.3,170.0,144.0,1040.0,308.0,0.0,,
2023-04-21 10:00:00,-9.2,-6.9,,-10.7,,68.0,1.4,3.7,229.0,125.0,1039.6,410.0,0.0,,
2023-04-21 11:00:00,-8.9,-7.2,,-9.7,,68.0,1.8,4.6,68.0,133.0,1039.8,494.0,0.0,,
2023-04-21 12:00:00,-7.3,-6.2,,-8.2,,63.0,1.3,2.6,108.0,122.0,1039.4,553.0,0.0,,
2023-04-21 13:00:00,-6.5,-5.7,,-7.0,,68.0,2.3,4.8,155.0,136.0,1039.3,580.0,0.0,,
2023-04-21 14:00:00,-6.0,-5.3,,-6.8,,67.0,1.8,4.7,146.0,113.0,1039.0,584.0,0.0,,
2023-04-21 15:00:00,-6.1,-5.7,,-6.7,,70.0,2.1,3.6,109.0,143.0,1038.4,555.0,0.0,,
2023-04-21 16:00:00,-5.5,-4.9,,-6.3,,67.0,2.6,5.1,106.0,91.0,1037.6,528.0,0.0,,
2023-04-22 21:00:00,-7.8,,,,,76.0,1.3,2.1,136.0,,1031.4,57.0,,,
2023-04-22 22:00:00,-8.3,-7.6,,-9.5,,75.0,0.9,2.4,37.0,68.0,1031.0,24.0,0.0,,
2023-04-23 00:00:00,-10.5,,,,,77.0,0.6,2.8,123.0,,1030.1,0.0,,,
2023-04-24 03:00:00,-8.1,,,,,49.0,2.8,3.7,34.0,,1031.1,0.0,,,
2023-04-24 06:00:00,-8.4,,,,,47.0,4.0,5.3,30.0,,1031.5,78.0,,,
2023-04-24 07:00:00,-8.2,-7.6,,-8.7,,47.0,3.3,5.2,32.0,32.0,1032.0,125.0,0.0,,
2023-04-24 09:00:00,-6.4,,,,,45.0,0.3,0.8,207.0,,1032.7,374.0,,,
2023-04-24 10:00:00,-6.8,-5.3,,-7.8,,47.0,0.3,1.0,161.0,142.0,1033.2,417.0,0.0,,
2023-04-24 11:00:00,-5.9,-4.3,,-7.4,,46.0,0.0,0.8,0.0,0.0,1033.2,509.0,0.0,,
2023-04-24 12:00:00,-5.2,-3.8,,-6.2,,47.0,0.0,0.6,0.0,0.0,1033.2,568.0,0.0,,
2023-04-24 13:00:00,-6.3,-5.4,,-7.2,,54.0,0.6,1.3,303.0,276.0,1033.5,604.0,0.0,,
2023-04-24 14:00:00,-5.4,-3.9,,-6.5,,53.0,0.3,1.0,169.0,270.0,1033.6,611.0,0.0,,
2023-04-24 15:00:00,-5.1,-4.2,,-5.6,,50.0,0.3,1.1,0.0,210.0,1033.5,581.0,0.1,,
2023-04-24 16:00:00,-5.3,-3.6,,-6.6,,55.0,0.5,1.5,171.0,197.0,1033.4,530.0,0.0,,
2023-04-24 17:00:00,-4.7,-2.8,,-6.1,,54.0,0.0,1.0,0.0,0.0,1033.3,460.0,0.0,,
2023-04-24 18:00:00,-4.8,-3.7,,-5.6,,56.0,0.0,0.7,0.0,0.0,1033.3,371.0,0.0,,
2023-04-24 19:00:00,-5.1,-3.9,,-6.6,,54.0,0.0,0.6,0.0,0.0,1033.3,280.0,0.0,,
2023-04-24 20:00:00,-6.6,-5.6,,-7.2,,59.0,0.4,1.2,38.0,26.0,1033.5,177.0,0.0,,
2023-04-24 21:00:00,-8.7,,,,,56.0,2.6,3.6,34.0,,1033.6,67.0,,,
2023-04-24 22:00:00,-8.9,-8.4,,-9.6,,53.0,2.8,4.3,32.0,33.0,1033.5,31.0,0.0,,
2023-04-24 23:00:00,-9.3,-8.6,,-9.9,,50.0,3.1,4.8,30.0,30.0,1033.6,3.0,0.0,,
2023-04-25 00:00:00,-10.1,-9.8,,-10.5,,52.0,3.6,4.5,30.0,30.0,1033.7,0.0,0.0,,
2023-04-25 01:00:00,-10.6,,,,,53.0,3.6,4.5,28.0,,1033.7,0.0,,,
2023-04-25 02:00:00,-10.5,-10.0,,-10.9,,53.0,3.5,4.7,31.0,30.0,1033.6,0.0,0.0,,
2023-04-25 11:00:00,-11.7,,,,,74.0,0.0,0.4,0.0,,1034.0,538.0,,,
2023-04-25 12:00:00,-9.1,-7.2,,-11.7,,67.0,0.0,0.4,0.0,0.0,1033.6,572.0,0.0,,
2023-04-25 13:00:00,-9.9,-7.8,,-11.7,,73.0,0.0,0.9,0.0,0.0,1033.5,602.0,0.0,,
2023-04-25 14:00:00,-10.2,-8.5,,-11.5,,74.0,0.4,1.4,97.0,210.0,1033.3,607.0,0.0,,
2023-04-25 15:00:00,-10.6,-9.9,,-11.1,,81.0,0.9,2.0,158.0,159.0,1033.0,574.0,0.0,,
2023-04-25 16:00:00,-10.2,-9.1,,-10.9,,82.0,0.5,1.4,77.0,114.0,1032.8,538.0,0.0,,
2023-04-25 17:00:00,-9.3,-7.7,,-10.3,,80.0,0.7,2.2,49.0,137.0,1032.6,473.0,0.0,,
2023-04-25 18:00:00,-8.1,-7.1,,-9.1,,71.0,0.5,1.6,257.0,288.0,1032.3,386.0,0.0,,
2023-04-25 19:00:00,-8.2,-7.4,,-8.8,,71.0,1.2,3.4,82.0,52.0,1032.0,286.0,0.0,,
2023-04-25 20:00:00,-7.4,-7.0,,-7.9,,68.0,1.8,4.2,75.0,97.0,1032.1,190.0,0.0,,
2023-04-25 21:00:00,-8.4,-7.9,,-8.8,,75.0,2.7,3.8,82.0,74.0,1031.8,102.0,0.0,,
2023-04-25 22:00:00,-9.3,-8.2,,-10.6,,82.0,3.3,4.1,66.0,67.0,1031.6,35.0,0.0,,
2023-04-25 23:00:00,-9.7,-8.9,,-10.2,,83.0,3.6,4.9,94.0,90.0,1031.4,4.0,0.0,,
2023-04-26 00:00:00,-9.4,-8.8,,-10.4,,88.0,4.2,6.1,88.0,89.0,1031.2,0.0,0.0,,
2023-04-26 01:00:00,-9.4,-9.0,,-10.0,,93.0,4.1,6.1,89.0,84.0,1031.0,0.0,0.0,,
2023-04-26 02:00:00,-9.7,-9.5,,-9.9,,93.0,3.1,4.5,70.0,84.0,1030.7,0.0,0.0,,
2023-04-26 03:00:00,-10.1,-9.7,,-10.5,,92.0,1.9,2.7,60.0,69.0,1030.5,0.0,0.0,,
2023-04-26 04:00:00,-10.5,-10.1,,-11.8,,91.0,1.9,3.0,33.0,62.0,1030.3,0.0,0.0,,
2023-04-26 05:00:00,-11.3,-10.8,,-11.9,,90.0,1.8,2.5,75.0,57.0,1030.1,4.0,0.0,,
2023-04-26 06:00:00,-11.2,-10.7,-7.0,-12.4,-12.4,90.0,1.9,2.6,39.0,66.0,1030.2,25.0,0.0,,
2023-04-26 07:00:00,-10.7,-10.1,,-12.0,,90.0,2.1,2.8,46.0,63.0,1030.2,67.0,0.0,,
2023-04-26 08:00:00,-10.3,-9.7,,-11.0,,89.0,1.2,2.6,60.0,72.0,1030.2,119.0,0.0,,
2023-04-26 09:00:00,-9.5,-9.1,,-10.0,,90.0,0.8,2.0,167.0,115.0,1030.2,182.0,0.0,,
2023-04-26 10:00:00,-10.1,-9.8,,-10.4,,88.0,0.5,1.4,316.0,260.0,1030.1,280.0,0.0,,
2023-04-26 11:00:00,-9.7,-9.2,,-10.0,,88.0,0.9,2.6,344.0,351.0,1029.9,418.0,0.0,,
2023-04-26 12:00:00,-9.6,-9.2,,-9.9,,87.0,1.2,2.5,286.0,296.0,1029.9,463.0,0.0,,
2023-04-26 13:00:00,-9.4,-9.1,,-9.9,,87.0,1.2,2.4,231.0,263.0,1029.9,521.0,0.0,,
2023-04-26 14:00:00,-9.2,-9.0,,-9.4,,86.0,1.0,2.2,215.0,220.0,1029.8,545.0,0.0,,
2023-04-26 15:00:00,-9.2,-8.9,,-9.5,,86.0,1.0,2.2,237.0,236.0,1029.9,526.0,0.0,,
2023-04-26 16:00:00,-9.0,-8.6,,-9.3,,85.0,1.0,2.3,224.0,259.0,1029.7,481.0,0.0,,
2023-04-26 17:00:00,-9.2,-8.8,,-9.5,,86.0,1.1,2.2,249.0,247.0,1029.5,411.0,0.0,,
2023-04-26 18:00:00,-9.4,-9.2,-8.6,-9.6,-12.0,87.0,1.2,3.0,264.0,267.0,1029.3,320.0,0.0,,
2023-04-26 19:00:00,-9.8,-9.4,,-10.2,,89.0,1.5,3.0,264.0,278.0,1029.4,213.0,0.0,,
2023-04-26 20:00:00,-10.3,-10.0,,-10.7,,92.0,1.6,3.2,297.0,280.0,1029.5,126.0,0.0,,
2023-04-26 21:00:00,-10.7,-10.3,,-10.9,,91.0,1.3,3.2,298.0,309.0,1029.6,60.0,0.0,,
2023-04-26 22:00:00,-11.2,-10.8,,-11.4,,91.0,1.6,2.9,3.0,307.0,1029.5,27.0,0.0,,
2023-04-26 23:00:00,-11.1,-11.0,,-11.3,,90.0,1.4,2.5,343.0,356.0,1029.5,4.0,0.0,,
2023-04-27 00:00:00,-11.3,-11.0,,-11.5,,90.0,1.2,2.9,259.0,298.0,1029.5,0.0,0.0,,
2023-04-27 01:00:00,-12.1,-11.3,,-12.8,,89.0,1.5,3.0,224.0,249.0,1029.3,0.0,0.0,,
2023-04-27 02:00:00,-12.8,-12.6,,-13.4,,88.0,0.3,1.8,252.0,316.0,1029.1,0.0,0.0,,
2023-04-27 03:00:00,-14.3,-13.3,,-15.1,,87.0,0.6,1.5,176.0,182.0,1028.7,0.0,0.0,,
2023-04-27 04:00:00,-15.1,-14.8,,-15.4,,86.0,0.0,0.5,0.0,0.0,1028.5,0.0,0.0,,
2023-04-27 05:00:00,-16.1,-15.4,,-16.7,,85.0,0.0,0.0,0.0,0.0,1028.2,5.0,0.0,,
2023-04-27 06:00:00,-16.6,-16.4,-9.4,-17.0,-17.0,84.0,0.0,0.0,0.0,0.0,1027.9,32.0,0.0,0.0,
2023-04-27 07:00:00,-17.2,-16.8,,-17.7,,82.0,0.0,0.3,0.0,0.0,1027.8,125.0,0.0,,
2023-04-27 08:00:00,-14.7,-12.3,,-17.6,,84.0,0.4,1.3,178.0,168.0,1027.6,267.0,0.0,,
2023-04-27 09:00:00,-14.2,-12.0,,-16.6,,82.0,0.4,1.5,48.0,167.0,1027.7,361.0,0.0,,
2023-04-27 10:00:00,-14.2,-13.5,,-15.0,,82.0,0.8,2.3,328.0,341.0,1027.9,455.0,0.0,,
2023-04-27 11:00:00,-12.4,-10.6,,-13.7,,83.0,0.0,1.2,0.0,0.0,1027.8,533.0,0.0,,
2023-04-27 12:00:00,-12.4,-11.6,,-13.4,,82.0,0.3,1.1,339.0,2.0,1028.1,595.0,0.0,,
2023-04-27 13:00:00,-12.5,-10.2,,-14.4,,81.0,0.5,1.5,236.0,313.0,1028.4,622.0,0.0,,
2023-04-27 14:00:00,-11.9,-11.3,,-12.8,,81.0,0.3,1.2,16.0,340.0,1028.3,628.0,0.0,,
2023-04-27 15:00:00,-11.7,-10.6,,-12.6,,81.0,0.5,2.0,169.0,133.0,1028.5,601.0,0.0,,
2023-04-27 16:00:00,-11.1,-10.4,,-11.6,,81.0,0.4,1.3,0.0,237.0,1028.4,560.0,0.0,,
2023-04-27 17:00:00,-10.4,-9.7,,-11.1,,80.0,0.3,1.5,131.0,205.0,1028.7,484.0,0.0,,
2023-04-27 18:00:00,-10.4,-9.5,-9.5,-11.0,-17.7,80.0,0.4,1.5,259.0,204.0,1029.0,402.0,0.0,,
2023-04-27 19:00:00,-10.2,-9.4,,-10.9,,80.0,0.3,1.0,193.0,34.0,1029.3,309.0,0.0,,
2023-04-27 20:00:00,-10.2,-9.2,,-10.9,,80.0,0.6,1.4,168.0,162.0,1029.9,207.0,0.0,,
2023-04-27 21:00:00,-10.1,-9.6,,-10.7,,80.0,0.4,1.6,96.0,146.0,1030.8,116.0,0.0,,
2023-04-27 22:00:00,-10.2,-9.6,,-10.8,,80.0,0.6,2.2,61.0,41.0,1031.4,51.0,0.0,,
2023-04-27 23:00:00,-9.2,-8.5,,-10.1,,75.0,0.6,2.6,329.0,40.0,1032.3,10.0,0.0,,
2023-04-28 00:00:00,-8.9,-6.4,,-10.9,,66.0,2.5,9.1,22.0,358.0,1033.0,0.0,0.0,,
2023-04-28 01:00:00,-7.2,-6.3,,-8.3,,56.0,8.5,12.6,32.0,27.0,1033.2,0.0,0.1,,
2023-04-28 02:00:00,-7.4,-6.9,,-7.9,,57.0,6.9,11.8,14.0,16.0,1034.0,0.0,0.0,,
2023-04-28 03:00:00,-7.8,-7.2,,-8.4,,58.0,6.1,12.1,38.0,24.0,1034.5,0.0,0.1,,
2023-04-28 04:00:00,-8.4,-7.4,,-9.6,,62.0,4.0,13.2,315.0,316.0,1035.0,0.0,0.0,,
2023-04-28 05:00:00,-9.2,-8.4,,-10.0,,66.0,1.1,2.7,26.0,35.0,1034.8,8.0,0.0,,
2023-04-28 06:00:00,-8.7,-7.8,-6.3,-9.8,-10.9,63.0,1.4,3.7,184.0,5.0,1034.7,52.0,0.0,0.2,
2023-04-28 07:00:00,-10.6,-8.0,,-12.1,,69.0,1.0,3.7,222.0,203.0,1034.8,172.0,0.0,,
2023-04-28 08:00:00,-8.2,-6.7,,-9.8,,57.0,1.2,3.2,10.0,293.0,1034.7,277.0,0.0,,
2023-04-28 09:00:00,-9.2,-6.6,,-10.8,,59.0,1.0,4.0,107.0,182.0,1034.9,362.0,0.0,,
2023-04-28 10:00:00,-9.3,-7.8,,-10.9,,61.0,0.5,2.6,263.0,139.0,1034.6,458.0,0.0,,
2023-04-28 11:00:00,-9.8,-8.7,,-11.9,,64.0,1.3,3.4,170.0,208.0,1034.6,539.0,0.0,,
2023-04-28 12:00:00,-11.6,-9.7,,-12.5,,72.0,1.8,3.3,166.0,161.0,1034.3,598.0,0.0,,
2023-04-28 13:00:00,-8.5,-6.1,,-10.0,,62.0,0.6,1.7,0.0,114.0,1034.0,623.0,0.0,,
2023-04-28 14:00:00,-7.7,-5.6,,-8.5,,56.0,2.5,7.1,173.0,108.0,1034.0,629.0,0.0,,
2023-04-28 15:00:00,-7.0,-6.1,,-7.9,,54.0,0.6,2.0,224.0,185.0,1033.7,607.0,0.0,,
2023-04-28 16:00:00,-7.3,-6.6,,-7.8,,58.0,1.0,1.8,181.0,184.0,1033.8,561.0,0.0,,
2023-04-28 17:00:00,-8.5,-7.4,,-9.6,,70.0,0.8,2.2,0.0,218.0,1033.5,489.0,0.0,,
2023-04-28 18:00:00,-8.4,-7.6,-5.6,-9.3,-12.5,70.0,0.0,1.1,0.0,0.0,1033.1,402.0,0.0,,
2023-04-28 19:00:00,-8.4,-7.5,,-9.3,,67.0,0.0,0.9,52.0,0.0,1032.9,311.0,0.0,,
2023-04-28 20:00:00,-9.3,-8.9,,-9.7,,72.0,0.4,2.0,34.0,61.0,1032.5,214.0,0.0,,
2023-04-28 21:00:00,-10.2,-9.5,,-10.7,,70.0,1.0,2.3,41.0,36.0,1032.1,117.0,0.0,,
2023-04-28 22:00:00,-11.0,-10.1,,-12.0,,73.0,0.9,2.6,23.0,20.0,1031.9,44.0,0.0,,
2023-04-28 23:00:00,-12.1,-11.3,,-12.9,,71.0,0.9,2.5,28.0,42.0,1031.7,8.0,0.0,,
2023-04-29 00:00:00,-13.3,-11.9,,-14.5,,76.0,0.6,2.4,46.0,23.0,1031.3,0.0,0.0,,
2023-04-29 01:00:00,-12.3,-11.3,,-13.5,,72.0,0.7,3.2,37.0,54.0,1030.8,0.0,0.0,,
2023-04-29 02:00:00,-13.5,-12.9,,-14.2,,79.0,0.6,1.4,173.0,163.0,1030.3,0.0,0.0,,
2023-04-29 03:00:00,-13.7,-12.4,,-15.0,,80.0,0.8,2.3,56.0,112.0,1029.8,0.0,0.0,,
2023-04-29 04:00:00,-12.9,-10.2,,-14.8,,70.0,1.2,2.9,56.0,107.0,1029.4,1.0,0.0,,
2023-04-29 05:00:00,-14.3,-11.4,,-16.8,,68.0,1.1,3.6,159.0,73.0,1029.4,10.0,0.0,,
2023-04-29 06:00:00,-15.7,-12.8,-7.5,-16.9,-16.9,72.0,1.6,3.4,57.0,130.0,1029.2,58.0,0.0,0.0,
2023-04-29 07:00:00,-11.4,-9.0,,-13.0,,57.0,1.2,3.5,311.0,95.0,1028.9,167.0,0.0,,
2023-04-29 08:00:00,-13.3,-9.5,,-14.3,,62.0,2.2,4.2,146.0,154.0,1029.3,267.0,0.0,,
2023-04-29 09:00:00,-14.0,-12.8,,-15.0,,64.0,0.8,2.1,305.0,159.0,1029.2,376.0,0.0,,
2023-04-29 10:00:00,-11.2,-8.6,,-14.9,,58.0,0.5,3.3,90.0,114.0,1028.9,468.0,0.0,,
2023-04-29 11:00:00,-11.3,-9.2,,-12.9,,58.0,0.8,2.6,99.0,112.0,1028.4,548.0,0.0,,
2023-04-29 12:00:00,-8.2,-6.4,,-10.8,,54.0,0.8,3.0,164.0,111.0,1028.1,603.0,0.0,,
2023-04-29 13:00:00,-9.0,-8.0,,-9.5,,59.0,1.8,3.4,140.0,161.0,1028.2,629.0,0.0,,
2023-04-29 14:00:00,-7.6,-6.3,,-8.7,,62.0,1.6,4.1,94.0,145.0,1028.0,634.0,0.0,,
2023-04-29 15:00:00,-6.6,-5.6,,-7.5,,61.0,1.2,3.4,121.0,132.0,1027.6,610.0,0.0,,
2023-04-29 16:00:00,-6.9,-4.9,,-7.5,,67.0,2.0,4.4,111.0,147.0,1027.3,565.0,0.0,,
2023-04-29 17:00:00,-6.2,-4.4,,-6.9,,65.0,1.8,3.6,163.0,145.0,1027.2,490.0,0.0,,
2023-04-29 18:00:00,-5.9,-4.8,-4.4,-6.7,-15.0,65.0,1.8,4.4,178.0,153.0,1026.8,399.0,0.0,,
2023-04-29 19:00:00,-6.2,-4.3,,-7.4,,65.0,2.3,4.5,170.0,124.0,1026.9,301.0,0.0,,
2023-04-29 20:00:00,-6.9,-5.7,,-8.0,,64.0,1.3,4.4,85.0,117.0,1026.9,214.0,0.0,,
2023-04-29 21:00:00,-6.6,-5.2,,-7.8,,62.0,0.9,2.6,58.0,83.0,1026.9,121.0,0.0,,
2023-04-29 22:00:00,-4.8,-3.7,,-6.4,,52.0,1.3,3.8,132.0,78.0,1027.1,33.0,0.0,,
2023-04-29 23:00:00,-4.3,-3.0,,-6.3,,48.0,1.4,4.2,29.0,47.0,1027.1,7.0,0.0,,
2023-04-30 00:00:00,-4.5,-3.1,,-7.9,,48.0,1.8,4.9,163.0,95.0,1027.4,0.0,0.0,,
2023-04-30 01:00:00,-6.4,-5.2,,-8.3,,58.0,1.2,3.6,57.0,102.0,1027.3,0.0,0.0,,
2023-04-30 02:00:00,-4.7,-3.7,,-7.1,,51.0,1.7,11.2,27.0,86.0,1027.5,0.0,0.0,,
2023-04-30 03:00:00,-3.0,-1.6,,-4.5,,49.0,5.5,11.5,318.0,29.0,1028.5,0.0,0.2,,
2023-04-30 04:00:00,-5.1,-2.9,,-5.7,,67.0,1.3,4.5,274.0,265.0,1029.0,0.0,0.0,,
2023-04-30 05:00:00,-6.0,-5.4,,-6.5,,73.0,0.6,1.9,203.0,197.0,1029.5,13.0,0.0,,
2023-04-30 06:00:00,-6.0,-5.2,-1.6,-6.6,-8.3,69.0,0.3,1.5,0.0,184.0,1029.4,51.0,0.0,0.2,
2023-04-30 07:00:00,-5.1,-2.5,,-6.0,,62.0,0.8,3.7,264.0,149.0,1029.4,105.0,0.0,,
2023-04-30 08:00:00,-8.1,-5.3,,-9.2,,75.0,1.9,4.3,172.0,216.0,1029.9,221.0,0.0,,
2023-04-30 09:00:00,-8.1,-5.9,,-8.9,,68.0,2.1,4.5,218.0,173.0,1030.2,194.0,0.0,,
2023-04-30 10:00:00,-6.5,-3.8,,-8.3,,63.0,1.6,5.5,39.0,275.0,1030.2,256.0,0.0,,
2023-04-30 11:00:00,-3.9,-2.1,,-6.1,,55.0,2.3,7.6,337.0,346.0,1030.3,308.0,0.0,,
2023-04-30 12:00:00,-2.9,-1.6,,-5.0,,50.0,3.2,8.4,12.0,351.0,1030.4,356.0,0.0,,
2023-04-30 13:00:00,-2.9,-1.6,,-3.9,,52.0,1.9,6.3,262.0,294.0,1030.6,390.0,0.0,,
2023-04-30 14:00:00,-2.3,-1.1,,-3.2,,50.0,1.2,3.1,260.0,291.0,1030.7,399.0,0.0,,
2023-04-30 15:00:00,-1.7,-1.4,,-2.3,,47.0,2.0,6.6,313.0,326.0,1030.8,399.0,0.0,,
2023-04-30 16:00:00,-1.6,-1.3,,-2.0,,43.0,5.0,11.2,338.0,3.0,1030.8,366.0,0.0,,
2023-04-30 17:00:00,-1.9,-1.2,,-2.6,,50.0,1.7,4.3,267.0,302.0,1030.8,321.0,0.0,,
2023-04-30 18:00:00,-2.2,-1.8,-1.1,-2.7,-9.2,57.0,1.7,4.4,316.0,268.0,1031.0,256.0,0.0,,
2023-04-30 19:00:00,-2.2,-1.9,,-2.6,,53.0,1.1,3.0,198.0,200.0,1030.9,199.0,0.0,,
2023-04-30 20:00:00,-2.2,-1.6,,-2.9,,50.0,1.8,3.8,323.0,33.0,1031.2,149.0,0.0,,
2023-04-30 21:00:00,-2.6,-2.3,,-2.9,,53.0,1.7,4.0,12.0,3.0,1031.5,66.0,0.0,,
2023-04-30 22:00:00,-2.3,-2.0,,-2.9,,47.0,0.7,2.4,308.0,339.0,1031.7,29.0,0.0,,
2023-04-30 23:00:00,-2.7,-2.3,,-3.1,,50.0,1.6,3.8,2.0,354.0,1031.9,8.0,0.0,,
2023-05-01 00:00:00,-2.3,-2.1,,-2.8,,44.0,0.3,1.5,240.0,306.0,1031.8,0.0,0.0,,
2023-05-01 01:00:00,-2.5,-2.1,,-3.1,,45.0,1.0,2.2,44.0,338.0,1031.8,0.0,0.0,,
2023-05-01 02:00:00,-3.2,-2.3,,-3.9,,45.0,1.1,3.8,56.0,43.0,1031.7,0.0,0.0,,
2023-05-01 03:00:00,-4.5,-3.4,,-5.3,,48.0,4.0,6.9,26.0,33.0,1031.7,0.0,0.0,,
2023-05-01 04:00:00,-4.6,-4.0,,-5.1,,47.0,2.6,5.9,162.0,56.0,1031.8,1.0,0.0,,
2023-05-01 05:00:00,-5.7,-4.5,,-6.5,,59.0,1.0,2.6,38.0,148.0,1031.9,9.0,0.0,,
2023-05-01 06:00:00,-5.9,-5.3,-1.6,-6.8,-6.8,64.0,0.7,1.9,264.0,311.0,1032.0,39.0,0.0,0.0,
2023-05-01 07:00:00,-5.8,-5.3,,-6.5,,63.0,0.5,1.6,67.0,336.0,1032.5,93.0,0.0,,
2023-05-01 08:00:00,-6.6,-6.1,,-7.1,,67.0,1.1,2.5,49.0,42.0,1032.7,150.0,0.0,,
2023-05-01 09:00:00,-5.4,-4.5,,-6.3,,65.0,0.0,1.5,214.0,0.0,1032.9,224.0,0.0,,
2023-05-01 10:00:00,-4.7,-4.1,,-5.3,,64.0,0.0,1.0,0.0,0.0,1032.9,299.0,0.0,,
2023-05-01 11:00:00,-4.3,-2.6,,-5.4,,64.0,0.0,1.0,0.0,0.0,1032.8,399.0,0.0,,
2023-05-01 12:00:00,-3.9,-2.8,,-4.4,,63.0,0.4,1.2,208.0,241.0,1032.8,582.0,0.0,,
2023-05-01 13:00:00,-3.2,-1.5,,-4.2,,59.0,0.6,1.5,155.0,174.0,1032.7,633.0,0.0,,
2023-05-01 14:00:00,-3.5,-2.7,,-4.0,,60.0,0.8,1.7,180.0,172.0,1032.6,617.0,0.0,,
2023-05-01 15:00:00,-4.1,-3.6,,-4.4,,64.0,1.0,1.8,226.0,204.0,1032.5,516.0,0.0,,
2023-05-01 16:00:00,-4.2,-3.7,,-4.5,,68.0,1.0,2.0,225.0,221.0,1032.4,496.0,0.0,,
2023-05-01 17:00:00,-4.3,-3.9,,-4.8,,67.0,0.7,1.5,207.0,227.0,1032.1,409.0,0.0,,
2023-05-01 18:00:00,-5.1,-4.7,-1.5,-5.3,-7.1,69.0,1.2,2.2,185.0,191.0,1032.0,329.0,0.0,,
2023-05-01 19:00:00,-4.7,-4.3,,-5.1,,66.0,0.3,0.8,0.0,185.0,1031.9,285.0,0.0,,
2023-05-01 20:00:00,-5.8,-4.2,,-6.3,,69.0,1.5,4.8,128.0,159.0,1032.0,189.0,0.0,,
2023-05-01 21:00:00,-6.6,-6.1,,-7.0,,66.0,2.4,5.8,99.0,126.0,1032.3,113.0,0.0,,
2023-05-01 22:00:00,-7.3,-6.9,,-7.6,,72.0,3.7,5.3,100.0,98.0,1032.4,68.0,0.0,,
2023-05-01 23:00:00,-8.1,-7.4,,-8.9,,78.0,2.9,4.6,66.0,93.0,1032.4,18.0,0.0,,
2023-05-02 00:00:00,-9.0,-8.6,,-9.5,,82.0,3.1,4.8,88.0,84.0,1032.5,3.0,0.0,,
2023-05-02 01:00:00,-9.8,-8.9,,-10.1,,83.0,2.1,4.3,29.0,64.0,1032.6,0.0,0.0,,
2023-05-02 02:00:00,-10.2,-9.7,,-10.7,,81.0,3.5,5.1,31.0,39.0,1032.1,0.0,0.0,,
2023-05-02 03:00:00,-10.2,-9.4,,-11.3,,67.0,2.4,4.3,34.0,33.0,1032.1,0.0,0.0,,
2023-05-02 04:00:00,-10.6,-9.9,,-11.1,,64.0,1.6,3.2,46.0,41.0,1031.8,3.0,0.0,,
2023-05-02 05:00:00,-11.2,-10.4,,-11.9,,60.0,2.7,3.6,25.0,32.0,1031.6,15.0,0.0,,
2023-05-02 06:00:00,-10.6,-10.2,-4.2,-11.1,-11.9,59.0,2.6,4.2,30.0,26.0,1031.7,84.0,0.0,0.0,
2023-05-02 07:00:00,-10.4,-9.2,,-11.0,,69.0,0.9,2.0,115.0,74.0,1031.8,171.0,0.0,,
2023-05-02 08:00:00,-10.3,-9.1,,-11.1,,77.0,1.3,2.8,160.0,82.0,1031.9,199.0,0.0,,
2023-05-02 09:00:00,-9.3,-9.0,,-9.7,,91.0,0.6,1.3,219.0,213.0,1032.0,232.0,0.0,,
2023-05-02 10:00:00,-9.4,-8.8,,-9.9,,90.0,0.5,1.2,105.0,197.0,1032.0,350.0,0.0,,
2023-05-02 11:00:00,-8.8,-7.8,,-9.5,,87.0,0.5,2.3,198.0,353.0,1031.9,565.0,0.0,,
2023-05-02 12:00:00,-8.0,-6.5,,-9.0,,82.0,0.7,2.0,201.0,157.0,1032.1,609.0,0.0,,
2023-05-02 13:00:00,-7.4,-6.5,,-9.0,,80.0,0.3,1.6,0.0,200.0,1032.0,642.0,0.0,,
2023-05-02 14:00:00,-6.3,-5.6,,-7.0,,73.0,0.7,1.8,151.0,166.0,1031.8,650.0,0.0,,
2023-05-02 15:00:00,-5.6,-4.7,,-6.5,,70.0,0.7,1.6,0.0,168.0,1031.4,625.0,0.0,,
2023-05-02 16:00:00,-4.8,-3.9,,-5.8,,66.0,0.5,1.5,171.0,175.0,1031.2,583.0,0.0,,
2023-05-02 17:00:00,-5.3,-4.9,,-5.9,,69.0,0.5,1.4,189.0,172.0,1030.9,510.0,0.0,,
2023-05-02 18:00:00,-5.2,-4.2,-3.9,-5.6,-11.1,67.0,0.4,1.0,254.0,194.0,1030.7,426.0,0.0,,
2023-05-02 19:00:00,-5.5,-4.9,,-6.3,,69.0,0.3,1.1,0.0,233.0,1030.8,334.0,0.0,,
2023-05-02 20:00:00,-5.4,-4.7,,-6.0,,67.0,0.0,0.6,0.0,0.0,1030.9,234.0,0.0,,
2023-05-02 21:00:00,-6.4,-5.7,,-6.8,,71.0,0.0,0.9,0.0,0.0,1030.9,141.0,0.0,,
2023-05-02 22:00:00,-7.9,-6.8,,-8.4,,78.0,0.3,1.3,0.0,145.0,1030.9,66.0,0.0,,
2023-05-02 23:00:00,-9.0,-8.1,,-9.7,,84.0,0.0,0.5,0.0,0.0,1031.1,13.0,0.0,,
2023-05-03 00:00:00,-9.5,-9.1,,-10.0,,80.0,0.9,2.1,32.0,32.0,1030.9,2.0,0.0,,
2023-05-03 01:00:00,-9.8,-9.1,,-10.8,,82.0,0.3,1.5,65.0,76.0,1031.2,0.0,0.0,,
2023-05-03 02:00:00,-10.5,-9.7,,-11.6,,78.0,2.0,3.9,24.0,36.0,1031.1,0.0,0.0,,
2023-05-03 03:00:00,-11.7,-10.8,,-12.6,,88.0,0.9,2.4,150.0,137.0,1030.9,0.0,0.0,,
2023-05-03 04:00:00,-12.4,-11.2,,-13.2,,91.0,1.4,2.1,161.0,155.0,1031.0,3.0,0.0,,
2023-05-03 05:00:00,-12.9,-12.6,,-13.6,,89.0,0.6,1.9,129.0,73.0,1031.0,15.0,0.0,,
2023-05-03 06:00:00,-14.4,-13.5,-4.7,-14.8,-14.8,86.0,0.8,1.5,160.0,162.0,1031.1,71.0,0.0,0.0,
2023-05-03 07:00:00,-13.5,-11.4,,-14.7,,85.0,0.4,0.9,312.0,140.0,1030.8,185.0,0.0,,
2023-05-03 08:00:00,-12.1,-10.3,,-13.2,,85.0,0.3,1.1,0.0,20.0,1031.0,289.0,0.0,,
2023-05-03 09:00:00,-10.7,-9.1,,-12.1,,84.0,0.6,2.1,0.0,102.0,1030.9,394.0,0.0,,
2023-05-03 10:00:00,-11.8,-9.5,,-13.9,,81.0,0.8,2.2,149.0,149.0,1031.0,484.0,0.0,,
2023-05-03 11:00:00,-10.1,-7.5,,-12.3,,77.0,0.3,1.3,208.0,60.0,1030.7,568.0,0.0,,
2023-05-03 12:00:00,-8.6,-6.4,,-11.0,,70.0,0.4,1.8,192.0,182.0,1030.6,625.0,0.0,,
2023-05-03 13:00:00,-7.3,-5.5,,-9.1,,65.0,0.6,1.8,132.0,148.0,1030.5,654.0,0.0,,
2023-05-03 14:00:00,-4.8,-2.7,,-6.8,,56.0,0.4,1.4,0.0,164.0,1029.8,660.0,0.0,,
2023-05-03 15:00:00,-4.1,-3.4,,-4.8,,64.0,2.9,7.8,99.0,90.0,1029.1,634.0,0.0,,
2023-05-03 16:00:00,-3.7,-3.5,,-3.9,,73.0,6.8,9.3,93.0,96.0,1028.4,593.0,0.0,,
2023-05-03 17:00:00,-3.5,-3.2,,-3.8,,75.0,8.8,10.5,98.0,93.0,1027.8,522.0,0.0,,
2023-05-03 18:00:00,-3.5,-3.1,-2.7,-3.8,-14.7,75.0,7.9,10.6,87.0,90.0,1027.1,434.0,0.0,,
2023-05-03 19:00:00,-3.3,-3.2,,-3.5,,78.0,10.1,12.4,90.0,87.0,1026.5,339.0,0.0,,
2023-05-03 20:00:00,-3.4,-3.3,,-3.7,,78.0,10.5,12.8,88.0,87.0,1025.7,243.0,0.0,,
2023-05-03 21:00:00,-3.5,-3.3,,-3.8,,80.0,11.2,12.6,85.0,87.0,1025.0,148.0,0.0,,
2023-05-03 22:00:00,-4.1,-3.7,,-4.5,,82.0,11.1,12.6,86.0,87.0,1024.7,70.0,0.0,,
2023-05-03 23:00:00,-4.4,-4.2,,-4.6,,85.0,11.2,13.5,85.0,88.0,1023.7,15.0,0.0,,
2023-05-04 00:00:00,-4.6,-4.3,,-4.9,,85.0,11.3,13.6,86.0,87.0,1023.5,2.0,0.0,,
2023-05-04 01:00:00,-4.6,-4.4,,-4.9,,84.0,10.7,12.8,92.0,89.0,1023.4,0.0,0.1,,
2023-05-04 02:00:00,-5.3,-4.4,,-5.7,,79.0,8.6,10.8,92.0,93.0,1023.0,0.0,0.1,,
2023-05-04 03:00:00,-6.1,-5.6,,-6.5,,83.0,7.9,10.4,91.0,92.0,1022.2,0.0,0.1,,
2023-05-04 04:00:00,-6.4,-5.5,,-8.2,,82.0,4.9,9.2,193.0,123.0,1022.1,4.0,0.0,,
2023-05-04 05:00:00,-10.5,-8.3,,-12.1,,92.0,0.6,2.2,0.0,252.0,1021.8,15.0,0.0,,
2023-05-04 06:00:00,-10.9,-10.3,-3.2,-11.8,-12.1,92.0,0.4,1.4,44.0,301.0,1021.2,43.0,0.0,0.3,
2023-05-04 07:00:00,-10.9,-10.6,,-11.4,,90.0,0.4,1.5,326.0,17.0,1020.6,120.0,0.0,,
2023-05-04 08:00:00,-11.1,-10.3,,-11.6,,88.0,0.0,1.0,0.0,0.0,1020.1,266.0,0.0,,
2023-05-04 09:00:00,-11.5,-10.7,,-12.4,,86.0,0.4,1.3,259.0,351.0,1019.8,399.0,0.0,,
2023-05-04 10:00:00,-11.8,-11.3,,-12.4,,86.0,0.5,1.8,139.0,178.0,1019.3,448.0,0.0,,
2023-05-04 11:00:00,-10.4,-9.3,,-11.9,,86.0,0.8,2.1,161.0,93.0,1018.6,571.0,0.0,,
2023-05-04 12:00:00,-10.0,-9.0,,-10.9,,86.0,0.8,1.8,170.0,158.0,1018.3,610.0,0.0,,
2023-05-04 13:00:00,-10.8,-10.0,,-11.1,,84.0,1.0,2.1,161.0,156.0,1017.8,633.0,0.0,,
2023-05-04 14:00:00,-10.1,-9.2,,-11.1,,82.0,0.9,2.1,132.0,144.0,1017.3,666.0,0.0,,
2023-05-04 15:00:00,-9.0,-8.6,,-9.5,,81.0,1.5,2.7,167.0,163.0,1016.9,639.0,0.0,,
2023-05-04 16:00:00,-8.1,-6.9,,-9.0,,78.0,1.0,2.1,148.0,148.0,1016.2,595.0,0.0,,
2023-05-04 17:00:00,-6.6,-5.9,,-7.1,,76.0,0.8,1.9,153.0,156.0,1015.7,522.0,0.0,,
2023-05-04 18:00:00,-5.9,-5.0,-5.0,-6.5,-12.4,78.0,0.5,1.5,0.0,180.0,1015.3,439.0,0.0,,
2023-05-04 19:00:00,-5.1,-4.2,,-5.6,,76.0,0.4,1.2,0.0,167.0,1014.8,347.0,0.0,,
2023-05-04 20:00:00,-5.4,-4.6,,-6.5,,76.0,0.4,1.8,54.0,334.0,1014.5,246.0,0.0,,
2023-05-04 21:00:00,-5.9,-5.1,,-6.6,,77.0,0.4,1.5,0.0,33.0,1014.5,147.0,0.0,,
2023-05-04 22:00:00,-6.8,-5.9,,-8.5,,81.0,0.0,0.8,18.0,0.0,1014.6,64.0,0.0,,
2023-05-04 23:00:00,-8.9,-8.1,,-9.7,,90.0,0.5,1.8,49.0,306.0,1014.6,17.0,0.0,,
2023-05-05 00:00:00,-9.8,-8.7,,-10.6,,92.0,0.4,1.8,201.0,140.0,1014.5,2.0,0.0,,
2023-05-05 01:00:00,-10.2,-9.6,,-10.8,,92.0,1.1,2.2,98.0,136.0,1014.7,0.0,0.0,,
2023-05-05 02:00:00,-9.9,-9.4,,-10.7,,90.0,0.5,2.0,0.0,82.0,1014.6,0.0,0.0,,
2023-05-05 03:00:00,-10.2,-9.1,,-11.2,,89.0,1.0,3.2,224.0,4.0,1014.7,0.0,0.0,,
2023-05-05 04:00:00,-10.1,-9.2,,-11.5,,88.0,0.3,1.4,284.0,335.0,1015.0,3.0,0.0,,
2023-05-05 05:00:00,-10.5,-9.9,,-11.3,,89.0,0.0,0.9,163.0,0.0,1015.1,27.0,0.0,,
2023-05-05 06:00:00,-12.0,-8.9,-4.2,-14.8,-14.8,87.0,0.4,1.5,223.0,114.0,1015.8,81.0,0.0,0.0,
2023-05-05 07:00:00,-11.5,-7.9,,-14.3,,88.0,0.4,1.5,0.0,304.0,1015.9,165.0,0.0,,
2023-05-05 08:00:00,-7.4,-6.2,,-9.2,,75.0,0.4,1.6,192.0,99.0,1016.4,263.0,0.0,,
2023-05-05 09:00:00,-7.2,-6.3,,-8.7,,74.0,0.0,0.9,0.0,0.0,1016.6,402.0,0.0,,
2023-05-05 10:00:00,-6.3,-5.4,,-7.3,,68.0,0.0,0.7,0.0,0.0,1017.0,496.0,0.0,,
2023-05-05 11:00:00,-6.8,-5.5,,-8.2,,72.0,0.0,1.1,200.0,0.0,1017.3,574.0,0.0,,
2023-05-05 12:00:00,-7.2,-5.5,,-7.6,,82.0,0.7,1.9,117.0,224.0,1017.4,630.0,0.0,,
2023-05-05 13:00:00,-7.1,-5.7,,-7.7,,82.0,1.0,2.2,225.0,194.0,1017.3,655.0,0.0,,
2023-05-05 14:00:00,-7.1,-6.1,,-7.7,,84.0,1.2,2.6,185.0,178.0,1017.3,649.0,0.0,,
2023-05-05 15:00:00,-6.0,-4.7,,-7.3,,81.0,0.4,1.2,249.0,299.0,1016.9,605.0,0.0,,
2023-05-05 16:00:00,-5.8,-4.6,,-6.6,,83.0,1.1,2.6,167.0,170.0,1016.6,583.0,0.0,,
2023-05-05 17:00:00,-5.4,-4.3,,-6.4,,83.0,0.8,2.4,61.0,153.0,1016.3,519.0,0.0,,
2023-05-05 18:00:00,-5.2,-3.5,-3.5,-6.1,-14.3,83.0,1.7,3.4,170.0,167.0,1016.0,436.0,0.0,,
2023-05-05 19:00:00,-4.9,-3.6,,-5.9,,79.0,0.9,2.0,338.0,115.0,1015.7,339.0,0.0,,
2023-05-05 20:00:00,-5.2,-4.5,,-5.8,,81.0,1.2,3.0,157.0,203.0,1015.8,245.0,0.0,,
2023-05-05 21:00:00,-5.5,-4.8,,-6.3,,80.0,0.6,1.5,186.0,115.0,1015.7,140.0,0.0,,
2023-05-05 22:00:00,-6.3,-5.5,,-7.0,,85.0,0.7,2.0,64.0,124.0,1015.9,67.0,0.0,,
2023-05-05 23:00:00,-6.3,-5.8,,-7.0,,84.0,0.8,1.7,329.0,317.0,1015.8,19.0,0.0,,
2023-05-06 00:00:00,-6.9,-6.3,,-7.7,,82.0,2.2,7.5,63.0,53.0,1015.6,6.0,0.0,,
2023-05-06 01:00:00,-6.9,-6.5,,-7.2,,84.0,0.7,1.7,170.0,159.0,1015.5,0.0,0.0,,
2023-05-06 02:00:00,-7.3,-7.0,,-7.8,,87.0,0.4,1.1,0.0,146.0,1015.6,0.0,0.0,,
2023-05-06 03:00:00,-7.0,-6.6,,-7.6,,82.0,1.1,3.2,16.0,15.0,1015.7,0.0,0.0,,
2023-05-06 04:00:00,-7.7,-7.0,,-8.5,,80.0,2.7,4.8,59.0,36.0,1015.6,6.0,0.0,,
2023-05-06 05:00:00,-7.7,-6.4,,-8.4,,78.0,2.7,5.8,85.0,66.0,1016.3,20.0,0.0,,
2023-05-06 06:00:00,-7.7,-6.8,-3.6,-8.5,-8.5,82.0,4.6,8.5,42.0,39.0,1016.2,53.0,0.0,0.0,
2023-05-06 07:00:00,-6.6,-5.7,,-7.8,,80.0,2.1,5.8,64.0,59.0,1016.9,157.0,0.0,,
2023-05-06 08:00:00,-7.5,-6.4,,-9.4,,85.0,2.9,8.4,41.0,91.0,1017.1,135.0,0.0,,
2023-05-06 09:00:00,-6.2,-5.5,,-6.6,,81.0,4.0,7.4,347.0,28.0,1017.5,241.0,0.0,,
2023-05-06 10:00:00,-5.9,-5.4,,-6.6,,78.0,1.2,4.8,66.0,34.0,1017.7,298.0,0.0,,
2023-05-06 11:00:00,-5.4,-4.9,,-6.0,,76.0,0.5,1.8,196.0,189.0,1017.9,360.0,0.0,,
2023-05-06 12:00:00,-5.0,-4.3,,-5.6,,74.0,0.5,1.4,209.0,180.0,1018.2,434.0,0.0,,
2023-05-06 13:00:00,-5.3,-4.6,,-5.8,,77.0,1.2,2.6,184.0,179.0,1018.3,450.0,0.0,,
2023-05-06 14:00:00,-5.4,-5.1,,-5.8,,80.0,1.5,2.9,195.0,224.0,1018.2,474.0,0.0,,
2023-05-06 15:00:00,-5.3,-5.1,,-5.5,,79.0,1.6,2.6,175.0,171.0,1018.3,452.0,0.0,,
2023-05-06 16:00:00,-5.0,-4.4,,-5.4,,77.0,1.1,2.7,232.0,252.0,1018.2,387.0,0.0,,
2023-05-06 17:00:00,-4.9,-4.1,,-5.2,,77.0,1.1,2.6,0.0,213.0,1018.0,340.0,0.0,,
2023-05-06 18:00:00,-5.2,-4.1,-4.1,-5.7,-9.4,79.0,2.9,6.1,39.0,42.0,1017.8,270.0,0.0,,
2023-05-06 19:00:00,-5.7,-5.5,,-5.9,,80.0,4.7,6.2,46.0,45.0,1017.8,202.0,0.0,,
2023-05-06 20:00:00,-5.8,-5.6,,-6.0,,79.0,3.8,5.8,47.0,50.0,1017.5,135.0,0.0,,
2023-05-06 21:00:00,-6.2,-6.0,,-6.4,,80.0,4.2,5.8,29.0,41.0,1017.5,79.0,0.0,,
2023-05-06 22:00:00,-6.5,-6.3,,-6.7,,81.0,4.3,5.7,22.0,28.0,1017.6,41.0,0.0,,
2023-05-06 23:00:00,-6.8,-6.5,,-7.1,,80.0,2.9,4.8,36.0,20.0,1017.4,15.0,0.0,,
2023-05-07 00:00:00,-7.1,-6.9,,-7.3,,82.0,3.1,5.0,9.0,23.0,1017.1,2.0,0.0,,
2023-05-07 01:00:00,-7.4,-7.1,,-7.8,,82.0,0.7,2.1,0.0,6.0,1017.0,0.0,0.0,,
2023-05-07 02:00:00,-7.4,-7.2,,-7.6,,84.0,1.1,3.1,32.0,72.0,1016.9,0.0,0.0,,
2023-05-07 03:00:00,-7.5,-7.3,,-7.9,,85.0,1.1,3.2,19.0,9.0,1016.7,0.0,0.0,,
2023-05-07 04:00:00,-7.7,-7.4,,-8.1,,86.0,1.4,4.8,29.0,62.0,1016.2,4.0,0.0,,
2023-05-07 05:00:00,-8.1,-8.0,,-8.2,,87.0,2.4,4.3,337.0,18.0,1016.1,20.0,0.0,,
2023-05-07 06:00:00,-8.1,-7.8,-5.5,-8.3,-8.3,86.0,1.3,2.9,28.0,348.0,1016.2,49.0,0.0,0.0,
2023-05-07 07:00:00,-7.9,-7.7,,-8.2,,85.0,0.9,2.2,64.0,73.0,1016.2,88.0,0.0,,
2023-05-07 08:00:00,-8.1,-7.9,,-8.4,,86.0,1.3,3.1,86.0,65.0,1016.1,139.0,0.0,,
2023-05-07 09:00:00,-7.8,-7.5,,-8.2,,84.0,0.9,2.4,118.0,133.0,1016.2,269.0,0.0,,
2023-05-07 10:00:00,-7.8,-7.3,,-8.2,,84.0,0.7,2.3,332.0,30.0,1016.0,271.0,0.0,,
2023-05-07 11:00:00,-7.6,-7.1,,-7.8,,81.0,1.0,2.5,249.0,277.0,1016.2,364.0,0.0,,
2023-05-07 12:00:00,-7.2,-6.8,,-7.8,,80.0,1.4,2.6,247.0,253.0,1016.3,493.0,0.0,,
2023-05-07 13:00:00,-6.8,-6.4,,-7.0,,79.0,2.5,4.2,274.0,281.0,1016.2,555.0,0.0,,
2023-05-07 14:00:00,-6.4,-6.1,,-6.7,,78.0,2.2,3.6,242.0,247.0,1015.9,672.0,0.0,,
2023-05-07 15:00:00,-6.1,-5.2,,-6.7,,78.0,1.4,3.4,162.0,183.0,1015.6,623.0,0.0,,
2023-05-07 16:00:00,-5.5,-4.9,,-5.8,,74.0,1.0,4.0,227.0,218.0,1015.2,603.0,0.0,,
2023-05-07 17:00:00,-6.7,-5.5,,-7.4,,84.0,2.8,5.5,234.0,245.0,1015.0,521.0,0.0,,
2023-05-07 18:00:00,-6.0,-5.7,-4.9,-6.4,-8.4,79.0,1.0,2.3,165.0,172.0,1014.8,469.0,0.0,,
2023-05-07 19:00:00,-6.0,-5.5,,-6.7,,80.0,1.9,3.1,142.0,133.0,1014.7,379.0,0.0,,
2023-05-07 20:00:00,-6.7,-6.3,,-7.2,,86.0,1.6,3.4,142.0,144.0,1014.7,213.0,0.0,,
2023-05-07 21:00:00,-6.6,-6.0,,-7.3,,85.0,1.0,2.9,0.0,143.0,1014.6,155.0,0.0,,
2023-05-07 22:00:00,-6.5,-5.1,,-8.0,,82.0,0.9,2.7,162.0,134.0,1014.5,98.0,0.0,,
2023-05-07 23:00:00,-8.9,-7.7,,-9.3,,90.0,2.3,3.8,165.0,167.0,1014.4,29.0,0.0,,
2023-05-08 00:00:00,-9.6,-9.1,,-10.3,,91.0,2.0,4.8,130.0,151.0,1014.5,5.0,0.0,,
2023-05-08 01:00:00,-9.9,-9.5,,-10.3,,90.0,2.1,4.6,151.0,157.0,1014.6,1.0,0.0,,
2023-05-08 02:00:00,-9.8,-9.4,,-10.2,,89.0,1.1,4.1,139.0,102.0,1014.2,0.0,0.0,,
2023-05-08 03:00:00,-10.7,-10.1,,-11.2,,90.0,1.6,4.1,126.0,129.0,1014.0,1.0,0.0,,
2023-05-08 04:00:00,-11.0,-10.0,,-12.0,,90.0,1.8,6.0,114.0,143.0,1013.9,6.0,0.0,,
2023-05-08 05:00:00,-11.0,-10.3,,-11.4,,90.0,1.6,5.4,166.0,169.0,1013.8,23.0,0.0,,
2023-05-08 06:00:00,-10.8,-9.5,-5.1,-12.0,-12.0,89.0,1.6,4.2,242.0,188.0,1014.0,52.0,0.0,0.0,
2023-05-08 07:00:00,-10.5,-9.9,,-11.0,,89.0,1.8,5.0,178.0,167.0,1013.8,129.0,0.0,,
2023-05-08 08:00:00,-10.5,-9.9,,-10.9,,89.0,2.3,4.9,160.0,173.0,1013.9,170.0,0.0,,
2023-05-08 09:00:00,-10.0,-9.3,,-10.6,,88.0,3.3,5.5,170.0,170.0,1014.2,212.0,0.0,,
2023-05-08 10:00:00,-10.0,-9.6,,-10.3,,88.0,1.9,4.8,176.0,181.0,1014.0,239.0,0.0,,
2023-05-08 11:00:00,-7.9,-6.8,,-9.6,,85.0,1.7,3.7,182.0,201.0,1013.7,475.0,0.0,,
2023-05-08 12:00:00,-7.3,-6.5,,-8.0,,85.0,2.6,4.2,153.0,155.0,1013.9,441.0,0.0,,
2023-05-08 13:00:00,-5.9,-2.8,,-7.5,,83.0,2.5,10.2,51.0,129.0,1013.4,552.0,0.0,,
2023-05-08 14:00:00,-3.1,-2.4,,-3.8,,78.0,6.4,11.4,46.0,39.0,1013.4,502.0,0.2,,
2023-05-08 15:00:00,-4.2,-3.0,,-4.8,,82.0,2.8,6.1,176.0,148.0,1013.3,515.0,0.1,,
2023-05-08 16:00:00,-3.5,-1.7,,-4.6,,81.0,2.8,7.9,174.0,140.0,1012.9,539.0,0.0,,
2023-05-08 17:00:00,-3.6,-2.7,,-4.2,,84.0,1.5,3.9,224.0,192.0,1012.7,477.0,0.0,,
2023-05-08 18:00:00,-4.0,-3.8,-1.7,-4.5,-11.0,88.0,1.1,2.7,158.0,221.0,1012.5,301.0,0.0,,
2023-05-08 19:00:00,-3.5,-2.7,,-4.6,,84.0,2.7,10.7,51.0,96.0,1011.8,220.0,0.1,,
2023-05-08 20:00:00,-2.4,-1.7,,-2.9,,78.0,5.8,10.2,25.0,43.0,1011.8,174.0,0.0,,
2023-05-08 21:00:00,-3.9,-2.0,,-4.7,,88.0,2.2,4.6,166.0,182.0,1011.7,77.0,0.0,,
2023-05-08 22:00:00,-4.8,-4.6,,-4.9,,93.0,1.8,3.2,146.0,159.0,1011.6,40.0,0.0,,
2023-05-08 23:00:00,-4.5,-4.1,,-4.9,,91.0,0.6,1.8,155.0,192.0,1011.4,18.0,0.0,,
2023-05-09 00:00:00,-4.0,-3.4,,-4.5,,88.0,0.9,2.3,296.0,306.0,1011.3,5.0,0.0,,
2023-05-09 01:00:00,-4.3,-3.7,,-4.5,,90.0,0.6,2.1,0.0,269.0,1011.2,3.0,0.0,,
2023-05-09 02:00:00,-4.3,-4.1,,-4.5,,90.0,0.0,1.3,0.0,0.0,1010.9,0.0,0.0,,
2023-05-09 03:00:00,-4.6,-4.1,,-5.1,,91.0,0.6,2.3,220.0,261.0,1010.5,1.0,0.0,,
2023-05-09 04:00:00,-4.9,-4.8,,-5.1,,93.0,0.5,2.0,0.0,235.0,1010.3,6.0,0.0,,
2023-05-09 05:00:00,-4.7,-4.4,,-5.0,,91.0,1.2,2.9,172.0,112.0,1010.2,23.0,0.0,,
2023-05-09 06:00:00,-4.6,-4.3,-1.7,-4.8,-5.1,89.0,0.8,2.4,154.0,164.0,1010.1,58.0,0.0,0.4,
2023-05-09 07:00:00,-4.5,-4.3,,-4.6,,89.0,0.5,1.0,160.0,181.0,1010.1,90.0,0.0,,
2023-05-09 08:00:00,-4.0,-3.1,,-4.6,,86.0,0.4,1.3,0.0,141.0,1010.0,161.0,0.0,,
2023-05-09 09:00:00,-3.7,-3.1,,-4.0,,85.0,0.4,1.4,230.0,234.0,1009.9,216.0,0.0,,
2023-05-09 10:00:00,-3.4,-2.9,,-4.0,,83.0,0.6,1.4,179.0,195.0,1009.8,264.0,0.0,,
2023-05-09 11:00:00,-3.1,-2.6,,-3.4,,82.0,0.7,1.8,181.0,211.0,1009.6,373.0,0.0,,
2023-05-09 12:00:00,-3.1,-2.8,,-3.3,,85.0,1.5,2.7,213.0,201.0,1009.5,441.0,0.0,,
2023-05-09 13:00:00,-2.9,-2.1,,-3.3,,83.0,1.4,2.6,188.0,210.0,1009.3,547.0,0.0,,
2023-05-09 14:00:00,-2.6,-2.1,,-3.0,,82.0,1.5,2.8,207.0,208.0,1009.2,597.0,0.0,,
2023-05-09 15:00:00,-2.9,-2.4,,-3.5,,83.0,1.7,2.7,222.0,201.0,1009.0,560.0,0.0,,
2023-05-09 16:00:00,-3.4,-3.0,,-3.6,,84.0,1.2,2.3,228.0,224.0,1008.8,517.0,0.0,,
2023-05-09 17:00:00,-3.2,-2.7,,-3.6,,84.0,1.0,2.3,221.0,221.0,1008.5,454.0,0.0,,
2023-05-09 18:00:00,-3.3,-3.0,-2.1,-3.7,-4.6,87.0,1.1,2.3,254.0,247.0,1008.4,355.0,0.0,,
2023-05-09 19:00:00,-3.6,-3.4,,-3.9,,90.0,1.3,2.6,114.0,225.0,1008.6,248.0,0.0,,
2023-05-09 20:00:00,-3.7,-3.0,,-4.1,,90.0,1.0,2.1,245.0,242.0,1008.6,172.0,0.0,,
2023-05-09 21:00:00,-4.1,-3.9,,-4.3,,94.0,1.1,2.2,301.0,170.0,1008.7,100.0,0.0,,
2023-05-09 22:00:00,-4.4,-4.1,,-4.6,,96.0,1.1,2.3,184.0,225.0,1008.8,47.0,0.0,,
2023-05-09 23:00:00,-4.7,-4.5,,-4.9,,97.0,0.9,2.2,189.0,212.0,1009.0,18.0,0.0,,
2023-05-10 00:00:00,-5.2,-4.8,,-5.4,,97.0,1.1,2.7,0.0,203.0,1009.0,4.0,0.0,,
2023-05-10 01:00:00,-5.4,-5.2,,-5.5,,96.0,0.5,2.0,197.0,262.0,1009.3,1.0,0.0,,
2023-05-10 02:00:00,-5.5,-5.3,,-5.7,,96.0,0.7,1.8,267.0,214.0,1009.5,0.0,0.0,,
2023-05-10 03:00:00,-5.8,-5.5,,-6.2,,96.0,1.0,2.6,182.0,193.0,1009.8,1.0,0.0,,
2023-05-10 04:00:00,-6.2,-6.1,,-6.3,,95.0,1.0,2.2,105.0,162.0,1010.1,7.0,0.0,,
2023-05-10 05:00:00,-6.3,-6.2,,-6.5,,94.0,0.5,1.8,185.0,187.0,1010.6,29.0,0.0,,
2023-05-10 06:00:00,-6.5,-6.3,-3.0,-6.7,-6.7,94.0,0.7,1.8,219.0,215.0,1011.0,56.0,0.0,0.0,
2023-05-10 07:00:00,-6.4,-6.1,,-6.6,,93.0,0.7,2.0,94.0,129.0,1011.7,172.0,0.0,,
2023-05-10 08:00:00,-5.8,-5.3,,-6.4,,92.0,0.5,1.7,172.0,191.0,1012.2,272.0,0.0,,
2023-05-10 09:00:00,-6.1,-5.7,,-6.3,,92.0,1.4,2.9,243.0,239.0,1012.7,310.0,0.0,,
2023-05-10 10:00:00,-5.9,-5.4,,-6.5,,92.0,1.4,3.3,181.0,196.0,1012.9,375.0,0.0,,
2023-05-10 11:00:00,-5.6,-5.3,,-5.9,,91.0,2.1,3.7,196.0,196.0,1013.4,456.0,0.0,,
2023-05-10 12:00:00,-5.4,-5.2,,-5.6,,91.0,2.2,4.4,174.0,183.0,1013.8,479.0,0.0,,
2023-05-10 13:00:00,-5.0,-4.6,,-5.4,,90.0,2.1,3.4,143.0,162.0,1014.2,574.0,0.0,,
2023-05-10 14:00:00,-4.1,-3.6,,-4.8,,86.0,1.5,2.9,161.0,159.0,1014.5,661.0,0.0,,
2023-05-10 15:00:00,-3.4,-2.9,,-3.8,,82.0,1.8,3.4,183.0,178.0,1014.6,633.0,0.0,,
2023-05-10 16:00:00,-3.1,-2.4,,-3.5,,82.0,1.4,3.1,177.0,183.0,1014.9,586.0,0.0,,
2023-05-10 17:00:00,-3.3,-2.3,,-3.8,,83.0,1.8,3.0,190.0,189.0,1015.2,498.0,0.0,,
2023-05-10 18:00:00,-3.7,-3.3,-2.3,-3.9,-6.6,85.0,1.1,2.6,154.0,181.0,1015.4,367.0,0.0,,
2023-05-10 19:00:00,-3.8,-3.3,,-4.2,,86.0,0.9,1.9,0.0,181.0,1015.8,264.0,0.0,,
2023-05-10 20:00:00,-4.0,-3.3,,-4.3,,86.0,1.3,2.6,182.0,182.0,1016.2,182.0,0.0,,
2023-05-10 21:00:00,-4.2,-4.0,,-4.3,,89.0,1.0,1.9,177.0,178.0,1016.6,136.0,0.0,,
2023-05-10 22:00:00,-4.6,-4.1,,-5.3,,93.0,1.3,3.6,224.0,188.0,1016.7,63.0,0.0,,
2023-05-10 23:00:00,-5.3,-5.1,,-5.5,,91.0,1.2,3.6,208.0,234.0,1017.0,33.0,0.0,,
2023-05-11 00:00:00,-5.5,-5.3,,-5.7,,91.0,0.3,0.9,186.0,130.0,1017.2,9.0,0.0,,
2023-05-11 01:00:00,-5.5,-4.9,,-5.9,,91.0,0.8,2.0,195.0,147.0,1017.4,1.0,0.0,,
2023-05-11 02:00:00,-5.8,-5.6,,-5.9,,92.0,0.0,1.2,0.0,0.0,1017.6,0.0,0.0,,
2023-05-11 03:00:00,-5.5,-5.3,,-5.7,,91.0,0.0,0.9,0.0,0.0,1017.6,2.0,0.0,,
2023-05-11 04:00:00,-5.5,-5.3,,-5.8,,95.0,0.4,1.0,162.0,190.0,1017.9,9.0,0.1,,
2023-05-11 05:00:00,-5.6,-5.4,,-5.8,,96.0,0.4,0.9,0.0,168.0,1017.8,24.0,0.0,,
2023-05-11 06:00:00,-5.7,-5.3,-3.3,-6.1,-6.1,96.0,0.5,1.5,175.0,188.0,1017.9,51.0,0.0,0.1,
2023-05-11 07:00:00,-5.5,-5.2,,-5.7,,95.0,0.0,0.9,184.0,0.0,1018.3,113.0,0.0,,
2023-05-11 08:00:00,-5.0,-4.6,,-5.5,,94.0,0.0,0.8,0.0,0.0,1018.5,164.0,0.0,,
2023-05-11 09:00:00,-4.5,-4.1,,-5.0,,93.0,0.0,0.7,0.0,0.0,1018.3,223.0,0.0,,
2023-05-11 10:00:00,-3.6,-2.9,,-4.3,,90.0,0.0,1.0,0.0,0.0,1017.8,315.0,0.0,,
2023-05-11 11:00:00,-2.9,-2.5,,-3.7,,87.0,1.6,5.6,138.0,106.0,1017.4,396.0,0.0,,
2023-05-11 12:00:00,-2.6,-2.3,,-2.8,,85.0,4.3,6.5,133.0,133.0,1017.1,455.0,0.0,,
2023-05-11 13:00:00,-2.7,-2.4,,-2.9,,87.0,3.9,6.7,95.0,124.0,1016.6,454.0,0.0,,
2023-05-11 14:00:00,-2.4,-2.0,,-2.9,,85.0,3.7,6.8,137.0,121.0,1016.2,455.0,0.1,,
2023-05-11 15:00:00,-2.2,-2.0,,-2.5,,79.0,4.5,8.2,133.0,151.0,1015.7,467.0,0.0,,
2023-05-11 16:00:00,-2.1,-1.8,,-2.3,,79.0,5.1,8.2,134.0,135.0,1015.1,403.0,0.0,,
2023-05-11 17:00:00,-2.1,-1.9,,-2.2,,82.0,5.5,8.2,145.0,139.0,1014.2,327.0,0.0,,
2023-05-11 18:00:00,-2.4,-2.1,-1.8,-2.6,-5.7,85.0,4.7,7.8,140.0,153.0,1013.4,232.0,0.0,,
2023-05-11 19:00:00,-2.2,-2.0,,-2.4,,85.0,4.6,6.9,127.0,131.0,1013.0,246.0,0.0,,
2023-05-11 20:00:00,-2.4,-2.1,,-2.7,,86.0,3.8,6.2,128.0,124.0,1012.5,138.0,0.0,,
2023-05-11 21:00:00,-2.7,-2.5,,-2.9,,91.0,5.1,8.5,117.0,122.0,1011.9,73.0,0.0,,
2023-05-11 22:00:00,-2.8,-2.6,,-2.9,,93.0,5.3,8.3,93.0,96.0,1010.8,30.0,0.0,,
2023-05-11 23:00:00,-2.8,-2.6,,-3.0,,93.0,5.2,9.4,97.0,100.0,1010.7,18.0,0.0,,
2023-05-12 00:00:00,-2.5,-2.0,,-2.7,,92.0,6.4,9.6,91.0,95.0,1010.0,6.0,0.1,,
2023-05-12 01:00:00,-1.6,-0.8,,-2.1,,89.0,6.5,12.3,135.0,105.0,1009.1,0.0,0.1,,
2023-05-12 02:00:00,-0.7,-0.3,,-0.9,,87.0,6.4,10.5,135.0,138.0,1008.3,0.0,0.0,,
2023-05-12 03:00:00,-1.1,-0.8,,-1.5,,90.0,3.8,8.6,143.0,145.0,1007.7,1.0,0.0,,
2023-05-12 04:00:00,-1.5,-1.3,,-1.8,,93.0,2.0,7.2,119.0,119.0,1007.1,7.0,0.0,,
2023-05-12 05:00:00,-1.5,-1.3,,-1.7,,95.0,2.0,4.8,128.0,125.0,1006.0,22.0,0.0,,
2023-05-12 06:00:00,-1.0,-0.3,-0.3,-1.8,-3.0,94.0,0.9,3.9,242.0,96.0,1004.6,46.0,0.0,0.3,
2023-05-12 07:00:00,-0.5,1.2,,-1.6,,94.0,3.3,8.7,123.0,164.0,1003.9,110.0,0.1,,
2023-05-12 08:00:00,1.0,1.6,,0.6,,91.0,3.3,9.3,147.0,135.0,1003.2,124.0,0.0,,
2023-05-12 09:00:00,-2.1,0.7,,-3.8,,96.0,2.4,6.4,257.0,229.0,1003.1,127.0,0.0,,
2023-05-12 10:00:00,-3.8,-3.6,,-4.1,,96.0,1.9,4.0,240.0,247.0,1002.8,201.0,0.0,,
2023-05-12 11:00:00,-4.4,-3.9,,-4.7,,96.0,2.2,5.4,273.0,247.0,1002.3,227.0,0.0,,
2023-05-12 12:00:00,-4.0,-3.4,,-4.4,,94.0,1.1,2.9,177.0,200.0,1002.3,366.0,0.0,,
2023-05-12 13:00:00,-3.8,-3.4,,-4.1,,93.0,1.2,2.4,272.0,248.0,1001.7,407.0,0.0,,
2023-05-12 14:00:00,-3.3,-2.9,,-3.6,,92.0,1.0,1.9,198.0,219.0,1001.6,488.0,0.0,,
2023-05-12 15:00:00,-2.7,-2.0,,-3.4,,92.0,0.6,1.6,281.0,248.0,1001.0,487.0,0.0,,
2023-05-12 16:00:00,-2.6,-2.1,,-3.0,,93.0,1.2,2.5,267.0,263.0,1000.7,441.0,0.0,,
2023-05-12 17:00:00,-2.2,-1.8,,-2.7,,93.0,1.3,3.0,286.0,284.0,1000.3,385.0,0.0,,
2023-05-12 18:00:00,-2.1,-1.8,1.6,-2.3,-4.7,94.0,1.5,2.6,301.0,290.0,1000.2,291.0,0.0,,
2023-05-12 19:00:00,-1.6,-1.4,,-1.9,,94.0,0.7,1.7,187.0,260.0,999.9,251.0,0.2,,
2023-05-12 20:00:00,-1.9,-1.6,,-2.2,,91.0,2.9,7.6,44.0,326.0,999.9,140.0,0.1,,
2023-05-12 21:00:00,-2.0,-1.6,,-2.3,,84.0,4.3,7.8,84.0,59.0,1000.3,104.0,0.0,,
2023-05-12 22:00:00,-2.1,-1.6,,-2.8,,83.0,5.1,9.0,41.0,51.0,1000.0,81.0,0.1,,
2023-05-12 23:00:00,-2.8,-2.6,,-3.2,,86.0,7.5,9.6,41.0,41.0,1000.2,27.0,0.0,,
2023-05-13 00:00:00,-3.0,-2.8,,-3.2,,85.0,7.7,9.6,41.0,42.0,1000.6,8.0,0.0,,
2023-05-13 01:00:00,-3.0,-2.8,,-3.3,,85.0,7.0,9.6,44.0,44.0,1000.6,2.0,0.0,,
2023-05-13 02:00:00,-3.3,-2.9,,-3.6,,85.0,7.0,9.5,40.0,41.0,1000.6,1.0,0.0,,
2023-05-13 03:00:00,-3.6,-3.3,,-3.9,,86.0,8.4,10.8,42.0,40.0,1001.1,2.0,0.0,,
2023-05-13 04:00:00,-3.4,-3.1,,-3.7,,83.0,7.8,10.3,45.0,44.0,1001.5,13.0,0.0,,
2023-05-13 05:00:00,-3.9,-3.4,,-4.4,,84.0,9.8,12.9,38.0,39.0,1001.8,33.0,0.0,,
2023-05-13 06:00:00,-4.4,-4.2,-1.4,-4.6,-4.6,85.0,11.8,15.5,39.0,38.0,1002.6,61.0,0.0,0.5,
2023-05-13 07:00:00,-4.3,-4.0,,-4.6,,81.0,12.3,17.2,43.0,40.0,1003.4,106.0,0.0,,
2023-05-13 08:00:00,-4.3,-4.1,,-4.5,,80.0,11.6,15.4,42.0,41.0,1004.6,161.0,0.0,,
2023-05-13 09:00:00,-4.2,-3.9,,-4.4,,78.0,11.0,15.4,44.0,44.0,1005.8,249.0,0.1,,
2023-05-13 10:00:00,-4.0,-3.6,,-4.3,,75.0,11.7,15.9,43.0,43.0,1006.8,339.0,0.1,,
2023-05-13 11:00:00,-3.6,-3.3,,-3.8,,75.0,10.3,15.0,42.0,43.0,1007.3,492.0,0.0,,
2023-05-13 12:00:00,-3.2,-2.8,,-3.6,,72.0,9.4,14.2,43.0,44.0,1008.2,578.0,0.1,,
2023-05-13 13:00:00,-2.9,-2.6,,-3.1,,70.0,8.3,12.1,45.0,42.0,1008.4,620.0,0.0,,
2023-05-13 14:00:00,-2.8,-2.4,,-3.1,,71.0,7.9,12.6,44.0,44.0,1008.8,725.0,0.1,,
2023-05-13 15:00:00,-3.0,-2.7,,-3.3,,73.0,8.4,11.8,43.0,42.0,1009.1,600.0,0.0,,
2023-05-13 16:00:00,-3.4,-3.0,,-3.6,,76.0,9.6,12.4,41.0,42.0,1008.4,534.0,0.0,,
2023-05-13 17:00:00,-3.3,-2.8,,-3.7,,75.0,9.6,12.4,43.0,42.0,1008.5,499.0,0.0,,
2023-05-13 18:00:00,-3.4,-3.0,-2.4,-3.6,-4.6,73.0,10.5,14.4,45.0,43.0,1008.3,416.0,0.0,,
2023-05-13 19:00:00,-3.6,-3.4,,-3.7,,72.0,10.9,13.8,45.0,45.0,1008.3,276.0,0.0,,
2023-05-13 20:00:00,-3.9,-3.6,,-4.1,,73.0,11.1,14.9,45.0,44.0,1008.8,186.0,0.0,,
2023-05-13 21:00:00,-4.0,-3.8,,-4.1,,72.0,11.0,14.5,48.0,45.0,1008.8,123.0,0.0,,
2023-05-13 22:00:00,-4.1,-3.9,,-4.2,,72.0,10.1,13.2,45.0,46.0,1008.6,74.0,0.0,,
2023-05-13 23:00:00,-4.2,-3.9,,-4.4,,73.0,8.6,13.1,44.0,44.0,1008.6,36.0,0.0,,
2023-05-14 00:00:00,-4.5,-4.1,,-4.9,,73.0,7.8,11.8,32.0,36.0,1008.1,15.0,0.0,,
2023-05-14 01:00:00,-4.8,-4.5,,-5.1,,71.0,8.3,12.6,32.0,33.0,1008.2,5.0,0.0,,
2023-05-14 02:00:00,-5.2,-4.9,,-5.4,,68.0,9.8,14.5,36.0,32.0,1007.5,2.0,0.1,,
2023-05-14 03:00:00,-5.4,-5.0,,-5.6,,66.0,10.5,15.8,26.0,31.0,1007.1,4.0,0.1,,
2023-05-14 04:00:00,-5.7,-5.3,,-6.0,,64.0,11.0,17.1,25.0,31.0,1006.9,14.0,0.0,,
2023-05-14 05:00:00,-5.6,-5.4,,-5.8,,59.0,11.4,17.3,6.0,15.0,1006.7,38.0,0.1,,
2023-05-14 06:00:00,-5.5,-5.3,-3.4,-5.7,-6.0,52.0,11.3,18.5,5.0,11.0,1007.3,73.0,0.1,0.8,
2023-05-14 07:00:00,-5.4,-5.3,,-5.6,,48.0,9.1,17.2,10.0,10.0,1008.0,108.0,0.0,,
2023-05-14 08:00:00,-5.3,-5.2,,-5.5,,45.0,9.7,19.7,26.0,17.0,1007.9,182.0,0.3,,
2023-05-14 09:00:00,-5.5,-5.0,,-5.9,,47.0,10.5,17.4,23.0,25.0,1008.0,209.0,0.2,,
2023-05-14 10:00:00,-5.9,-5.6,,-6.1,,49.0,10.6,19.4,29.0,25.0,1008.8,213.0,0.2,,
2023-05-14 11:00:00,-6.2,-5.9,,-6.4,,52.0,10.0,16.6,26.0,26.0,1009.3,289.0,0.1,,
2023-05-14 12:00:00,-6.2,-5.8,,-6.6,,58.0,7.8,14.0,33.0,28.0,1009.5,345.0,0.2,,
2023-05-14 13:00:00,-5.9,-5.5,,-6.3,,55.0,8.1,13.6,32.0,31.0,1009.9,408.0,0.0,,
2023-05-14 14:00:00,-5.4,-5.0,,-5.9,,49.0,5.8,12.9,351.0,3.0,1010.0,460.0,0.0,,
2023-05-14 15:00:00,-5.1,-4.9,,-5.5,,45.0,6.1,13.3,,12.0,1010.1,454.0,0.0,,
2023-05-14 16:00:00,-5.2,-4.9,,-5.4,,48.0,6.2,12.5,15.0,17.0,1010.2,437.0,0.0,,
2023-05-14 17:00:00,-5.3,-5.0,,-5.6,,53.0,5.1,10.9,323.0,2.0,1010.4,417.0,0.0,,
2023-05-14 18:00:00,-5.7,-5.4,-4.9,-6.3,-6.6,62.0,5.5,11.8,260.0,352.0,1010.6,385.0,0.1,,
2023-05-14 19:00:00,-6.3,-6.1,,-6.6,,80.0,2.2,4.2,302.0,253.0,1010.6,241.0,0.0,,
2023-05-14 20:00:00,-6.2,-5.9,,-6.4,,76.0,1.4,3.0,332.0,238.0,1010.8,185.0,0.0,,
2023-05-14 21:00:00,-5.9,-5.7,,-6.2,,65.0,1.2,3.8,283.0,22.0,1011.0,112.0,0.0,,
2023-05-14 22:00:00,-6.5,-6.1,,-6.7,,72.0,1.4,2.9,341.0,290.0,1011.3,58.0,0.0,,
2023-05-14 23:00:00,-6.6,-6.5,,-6.8,,66.0,1.9,4.3,355.0,356.0,1011.3,26.0,0.0,,
2023-05-15 00:00:00,-6.8,-6.5,,-7.2,,66.0,2.0,4.0,28.0,10.0,1011.6,11.0,0.0,,
2023-05-15 01:00:00,-7.0,-6.7,,-7.4,,65.0,1.3,3.6,28.0,3.0,1011.7,4.0,0.0,,
2023-05-15 02:00:00,-7.4,-7.1,,-7.7,,71.0,0.9,2.2,61.0,121.0,1011.7,2.0,0.0,,
2023-05-15 03:00:00,-7.7,-7.4,,-8.1,,74.0,0.6,1.5,174.0,178.0,1011.7,4.0,0.0,,
2023-05-15 04:00:00,-8.0,-7.7,,-8.5,,74.0,0.8,2.5,28.0,11.0,1011.8,11.0,0.0,,
2023-05-15 05:00:00,-8.0,-7.7,,-8.7,,72.0,0.7,2.6,225.0,14.0,1011.8,39.0,0.0,,
2023-05-15 06:00:00,-7.6,-7.3,-5.7,-8.1,-8.7,65.0,1.2,3.9,23.0,359.0,1012.1,146.0,0.0,1.1,
2023-05-15 07:00:00,-7.3,-6.9,,-8.1,,61.0,2.2,5.0,320.0,333.0,1012.2,189.0,0.0,,
2023-05-15 08:00:00,-6.8,-5.6,,-7.6,,60.0,1.2,3.3,59.0,58.0,1012.6,345.0,0.0,,
2023-05-15 09:00:00,-6.4,-5.9,,-6.8,,60.0,3.3,5.8,27.0,31.0,1012.8,488.0,0.0,,
2023-05-15 10:00:00,-6.1,-5.4,,-6.7,,64.0,2.1,4.5,154.0,223.0,1012.9,582.0,0.0,,
2023-05-15 11:00:00,-5.5,-5.0,,-5.9,,60.0,1.8,2.7,184.0,158.0,1013.0,633.0,0.0,,
2023-05-15 12:00:00,-4.9,-4.3,,-5.5,,55.0,1.3,2.4,186.0,180.0,1013.1,665.0,0.0,,
2023-05-15 13:00:00,-4.9,-4.5,,-5.2,,55.0,1.8,3.0,150.0,174.0,1013.2,698.0,0.0,,
2023-05-15 14:00:00,-4.2,-3.7,,-4.6,,50.0,1.8,3.1,125.0,147.0,1013.4,706.0,0.0,,
2023-05-15 15:00:00,-3.7,-3.2,,-4.2,,47.0,1.5,3.0,141.0,150.0,1013.7,683.0,0.0,,
2023-05-15 16:00:00,-3.5,-3.2,,-4.0,,49.0,2.4,5.6,132.0,153.0,1014.0,640.0,0.0,,
2023-05-15 17:00:00,-4.2,-3.9,,-4.4,,57.0,4.3,5.7,139.0,139.0,1014.5,576.0,0.0,,
2023-05-15 18:00:00,-4.3,-4.0,-3.2,-4.5,-8.1,57.0,3.3,5.2,155.0,160.0,1014.9,490.0,0.0,,
2023-05-15 19:00:00,-4.3,-3.9,,-4.6,,57.0,2.6,4.3,128.0,133.0,1015.0,398.0,0.0,,
2023-05-15 20:00:00,-4.2,-3.6,,-4.5,,58.0,1.2,2.5,164.0,158.0,1015.2,299.0,0.0,,
2023-05-15 21:00:00,-4.8,-3.4,,-5.8,,68.0,1.0,2.1,186.0,155.0,1015.3,207.0,0.0,,
2023-05-15 22:00:00,-5.8,-5.2,,-6.4,,74.0,0.7,1.6,69.0,126.0,1015.4,125.0,0.0,,
2023-05-15 23:00:00,-7.2,-6.2,,-8.1,,70.0,1.8,4.0,32.0,41.0,1015.7,43.0,0.0,,
2023-05-16 00:00:00,-7.9,-7.7,,-8.2,,66.0,3.3,4.6,31.0,31.0,1015.5,14.0,0.0,,
2023-05-16 01:00:00,-7.8,-7.4,,-8.3,,66.0,3.2,4.6,30.0,30.0,1015.2,6.0,0.0,,
2023-05-16 02:00:00,-8.3,-7.9,,-8.6,,67.0,3.9,5.9,28.0,28.0,1015.1,5.0,0.0,,
2023-05-16 03:00:00,-8.2,-7.9,,-8.6,,56.0,4.3,5.6,28.0,28.0,1014.7,8.0,0.0,,
2023-05-16 04:00:00,-7.8,-7.3,,-8.2,,55.0,2.3,5.2,143.0,29.0,1014.6,17.0,0.0,,
2023-05-16 05:00:00,-9.4,-7.6,,-10.8,,77.0,0.9,2.6,93.0,314.0,1014.6,46.0,0.0,,
2023-05-16 06:00:00,-9.0,-8.1,-3.4,-9.7,-10.8,71.0,1.5,3.3,24.0,10.0,1014.2,163.0,0.0,0.0,
2023-05-16 07:00:00,-9.1,-7.9,,-9.9,,72.0,0.8,3.4,40.0,116.0,1014.0,257.0,0.0,,
2023-05-16 08:00:00,-9.4,-7.6,,-11.5,,66.0,1.3,3.6,57.0,78.0,1013.8,367.0,0.0,,
2023-05-16 09:00:00,-10.4,-9.2,,-11.5,,77.0,0.8,2.8,270.0,129.0,1013.4,438.0,0.0,,
2023-05-16 10:00:00,-9.5,-8.0,,-10.2,,72.0,0.7,2.1,85.0,131.0,1012.9,550.0,0.0,,
2023-05-16 12:00:00,-6.1,,,,,60.0,1.0,1.5,163.0,,1011.4,692.0,,,
2023-05-16 13:00:00,-5.7,-4.8,,-6.2,,62.0,1.0,2.0,140.0,163.0,1011.0,710.0,0.1,,
2023-05-16 14:00:00,-4.7,-3.9,,-5.4,,75.0,1.3,3.1,131.0,102.0,1010.2,598.0,0.0,,
2023-05-16 15:00:00,-3.8,-3.3,,-4.2,,80.0,1.9,4.1,149.0,143.0,1009.3,582.0,0.0,,
2023-05-16 16:00:00,-3.3,-2.9,,-3.8,,76.0,2.1,4.5,155.0,144.0,1008.3,518.0,0.0,,
2023-05-16 17:00:00,-3.4,-3.1,,-3.8,,78.0,2.7,5.1,153.0,144.0,1007.6,419.0,0.0,,
2023-05-16 18:00:00,-4.2,-3.4,,-4.7,,84.0,2.6,4.2,196.0,194.0,1007.1,408.0,0.0,,
2023-05-16 19:00:00,-4.6,-4.4,,-4.8,,86.0,1.6,2.8,214.0,208.0,1006.4,308.0,0.0,,
2023-05-16 20:00:00,-4.4,-3.9,,-4.9,,82.0,0.9,2.7,241.0,203.0,1006.0,285.0,0.0,,
2023-05-16 21:00:00,-5.5,-4.7,,-6.5,,86.0,1.4,2.2,258.0,245.0,1005.8,171.0,0.0,,
2023-05-16 22:00:00,-6.8,-6.4,,-7.2,,87.0,0.8,2.0,222.0,233.0,1005.5,87.0,0.0,,
2023-05-16 23:00:00,-7.1,-6.9,,-7.3,,87.0,0.7,2.2,300.0,270.0,1005.1,28.0,0.0,,
2023-05-17 00:00:00,-7.5,-7.2,,-8.0,,89.0,0.7,1.9,166.0,218.0,1004.9,10.0,0.0,,
2023-05-17 01:00:00,-7.3,-6.7,,-8.0,,92.0,1.1,2.8,353.0,21.0,1004.5,5.0,0.0,,
2023-05-17 02:00:00,-8.2,-6.9,,-9.1,,91.0,0.3,1.6,0.0,45.0,1004.2,5.0,0.0,,
2023-05-17 03:00:00,-9.2,-8.5,,-9.6,,92.0,0.5,1.6,78.0,76.0,1004.2,5.0,0.0,,
2023-05-17 04:00:00,-9.2,-8.6,,-10.3,,94.0,0.4,1.2,0.0,15.0,1004.1,17.0,0.0,,
2023-05-17 05:00:00,-10.8,-10.2,,-11.1,,92.0,0.4,1.3,301.0,296.0,1004.2,50.0,0.0,,
2023-05-17 06:00:00,-10.4,-9.8,-3.9,-11.0,-11.1,90.0,0.4,1.6,166.0,275.0,1004.0,155.0,0.0,,
2023-05-17 07:00:00,-10.7,-10.1,,-11.1,,90.0,0.4,1.5,24.0,185.0,1004.4,163.0,0.0,,
2023-05-17 08:00:00,-10.1,-8.8,,-10.7,,90.0,0.4,1.1,0.0,355.0,1004.1,202.0,0.0,,
2023-05-17 09:00:00,-8.4,-7.9,,-8.9,,89.0,0.4,1.3,189.0,139.0,1004.4,243.0,0.0,,
2023-05-17 10:00:00,-8.4,-7.5,,-9.1,,90.0,0.5,1.9,132.0,159.0,1004.5,251.0,0.0,,
2023-05-17 11:00:00,-7.4,-5.9,,-8.6,,89.0,0.7,1.5,316.0,15.0,1004.3,344.0,0.0,,
2023-05-17 12:00:00,-6.5,-5.8,,-7.3,,84.0,0.6,1.8,180.0,187.0,1004.6,468.0,0.0,,
2023-05-17 13:00:00,-5.8,-4.5,,-6.8,,80.0,0.5,1.3,0.0,155.0,1004.6,516.0,0.0,,
2023-05-17 14:00:00,-5.8,-4.2,,-6.4,,82.0,0.9,2.0,182.0,219.0,1004.9,378.0,0.0,,
2023-05-17 15:00:00,-5.9,-5.5,,-6.4,,86.0,0.8,2.3,277.0,217.0,1004.7,403.0,0.3,,
2023-05-17 16:00:00,-5.1,-4.1,,-6.0,,86.0,0.9,2.3,175.0,194.0,1004.5,464.0,0.2,,
2023-05-17 17:00:00,-4.8,-4.1,,-5.2,,85.0,0.8,2.1,232.0,189.0,1004.7,384.0,0.0,,
2023-05-17 18:00:00,-4.3,-3.5,-3.5,-5.2,-11.1,82.0,0.6,1.3,205.0,211.0,1004.8,353.0,0.0,,
2023-05-17 19:00:00,-3.7,-3.2,,-4.3,,81.0,1.4,2.7,90.0,128.0,1005.0,331.0,0.0,,
2023-05-17 20:00:00,-3.1,-2.5,,-3.5,,79.0,1.5,2.9,145.0,146.0,1005.4,312.0,0.0,,
2023-05-17 21:00:00,-3.3,-2.9,,-3.7,,82.0,0.9,2.3,333.0,126.0,1005.4,204.0,0.0,,
2023-05-17 22:00:00,-3.6,-2.5,,-4.9,,80.0,0.3,1.4,182.0,325.0,1005.8,125.0,0.0,,
2023-05-17 23:00:00,-4.9,-4.1,,-5.4,,86.0,0.5,1.4,302.0,255.0,1006.2,49.0,0.0,,
2023-05-18 00:00:00,-5.5,-5.3,,-5.8,,84.0,0.5,1.7,100.0,357.0,1006.3,17.0,0.0,,
2023-05-18 01:00:00,-5.3,-4.5,,-5.7,,78.0,0.9,2.3,0.0,67.0,1006.5,9.0,0.0,,
2023-05-18 02:00:00,-5.6,-5.0,,-6.1,,76.0,1.4,3.5,23.0,37.0,1006.6,6.0,0.0,,
2023-05-18 03:00:00,-6.0,-5.6,,-6.4,,81.0,0.8,2.7,328.0,347.0,1006.5,9.0,0.0,,
2023-05-18 04:00:00,-5.9,-5.4,,-6.2,,73.0,2.0,4.1,31.0,31.0,1006.3,19.0,0.0,,
2023-05-18 05:00:00,-5.7,-5.2,,-6.4,,69.0,2.2,3.8,29.0,29.0,1006.2,52.0,0.0,,
2023-05-18 06:00:00,-4.9,-3.3,-2.5,-5.9,-6.4,66.0,2.4,4.3,39.0,29.0,1006.3,165.0,0.0,0.5,
2023-05-18 07:00:00,-3.1,-2.0,,-4.4,,60.0,0.0,1.1,0.0,0.0,1006.4,256.0,0.0,,
2023-05-18 08:00:00,-4.2,-2.7,,-5.5,,66.0,0.4,1.3,122.0,317.0,1006.5,354.0,0.0,,
2023-05-18 09:00:00,-3.4,-2.1,,-4.7,,63.0,0.8,1.9,246.0,153.0,1006.7,453.0,0.0,,
2023-05-18 10:00:00,-3.4,-2.2,,-4.6,,65.0,0.0,1.1,0.0,0.0,1006.4,523.0,0.0,,
2023-05-18 11:00:00,-3.1,-1.9,,-4.1,,66.0,0.3,1.2,247.0,226.0,1006.1,611.0,0.0,,
2023-05-18 12:00:00,-2.8,-0.9,,-4.3,,66.0,0.5,1.5,252.0,237.0,1006.2,685.0,0.0,,
2023-05-19 11:00:00,0.4,,,,,63.0,0.0,0.9,0.0,,1001.0,641.0,,,
2023-05-19 12:00:00,-0.6,1.7,,-2.2,,66.0,0.6,2.0,256.0,207.0,1001.1,668.0,0.2,,
2023-05-19 13:00:00,-1.2,-0.6,,-1.7,,75.0,0.7,2.5,146.0,254.0,1000.2,678.0,0.0,,
2023-05-19 14:00:00,0.1,1.2,,-1.7,,66.0,0.6,2.3,188.0,129.0,999.3,618.0,0.0,,
2023-05-19 15:00:00,0.3,1.6,,-0.7,,60.0,1.5,3.8,70.0,127.0,998.0,478.0,0.0,,
2023-05-19 16:00:00,0.2,1.3,,-1.0,,65.0,1.1,2.4,287.0,252.0,997.5,366.0,0.0,,
2023-05-19 17:00:00,-0.3,0.1,,-0.8,,71.0,1.0,3.7,151.0,175.0,995.2,188.0,0.0,,
2023-05-19 18:00:00,0.2,1.8,,-1.0,,57.0,8.3,19.5,46.0,73.0,992.1,112.0,0.7,,
2023-05-19 19:00:00,-1.9,-1.0,,-2.6,,72.0,15.5,20.5,40.0,41.0,991.5,104.0,0.0,,
2023-05-19 20:00:00,-2.2,-1.4,,-2.6,,85.0,13.6,18.9,43.0,42.0,989.9,79.0,1.0,,
2023-05-19 21:00:00,-0.2,2.5,,-2.3,,81.0,10.5,19.6,61.0,53.0,989.6,73.0,0.2,,
2023-05-19 22:00:00,0.5,1.4,,-0.3,,88.0,5.4,11.6,76.0,97.0,988.6,32.0,0.9,,
2023-05-19 23:00:00,-1.0,0.1,,-1.7,,84.0,8.0,14.0,39.0,45.0,988.3,30.0,0.1,,
2023-05-20 00:00:00,-0.9,-0.3,,-1.4,,78.0,5.5,11.0,131.0,45.0,988.4,11.0,0.0,,
2023-05-20 01:00:00,-2.5,-1.4,,-2.7,,96.0,1.5,6.3,221.0,224.0,988.5,6.0,0.0,,
2023-05-20 02:00:00,-2.6,-2.4,,-2.7,,96.0,0.7,2.2,163.0,235.0,988.4,7.0,0.0,,
2023-05-20 03:00:00,-2.7,-2.4,,-2.8,,97.0,1.0,2.1,135.0,138.0,988.2,12.0,0.2,,
2023-05-20 04:00:00,-2.6,-2.4,,-3.0,,94.0,2.4,4.6,107.0,121.0,987.9,17.0,0.2,,
2023-05-20 05:00:00,-3.0,-2.6,,-3.3,,92.0,2.0,4.7,348.0,99.0,987.8,30.0,0.0,,
2023-05-20 06:00:00,-2.8,-2.3,2.5,-3.3,-3.3,86.0,3.1,9.0,41.0,26.0,987.1,74.0,0.0,,
2023-05-20 07:00:00,-2.9,-2.4,,-3.2,,91.0,1.0,4.1,106.0,162.0,986.6,158.0,0.0,,
2023-05-20 08:00:00,-2.9,-2.5,,-3.2,,92.0,1.2,2.2,112.0,164.0,986.6,189.0,0.0,,
2023-05-20 09:00:00,-1.9,-0.9,,-3.0,,86.0,0.8,2.6,343.0,78.0,986.3,251.0,0.6,,
2023-05-20 10:00:00,0.0,0.9,,-1.4,,80.0,1.4,4.0,181.0,99.0,986.2,324.0,0.0,,
2023-05-20 11:00:00,0.7,1.2,,0.2,,78.0,1.9,10.7,117.0,140.0,985.9,309.0,0.0,,
2023-05-20 12:00:00,0.5,0.9,,0.1,,83.0,4.7,7.3,130.0,111.0,985.8,307.0,0.0,,
2023-05-20 13:00:00,0.4,0.6,,0.1,,84.0,4.4,8.8,133.0,128.0,985.8,362.0,0.0,,
2023-05-20 14:00:00,0.1,0.4,,-0.3,,87.0,5.7,8.7,119.0,125.0,985.7,381.0,0.0,,
2023-05-20 15:00:00,0.0,0.4,,-0.4,,89.0,6.5,10.8,131.0,126.0,985.4,585.0,0.1,,
2023-05-20 16:00:00,0.3,0.5,,0.0,,88.0,4.5,10.7,129.0,126.0,984.9,516.0,0.0,,
2023-05-20 17:00:00,0.0,0.3,,-0.2,,93.0,5.3,8.7,133.0,130.0,984.7,321.0,0.0,,
2023-05-20 18:00:00,-0.1,0.1,1.2,-0.2,-3.2,97.0,5.7,8.5,151.0,146.0,984.4,232.0,0.0,,
2023-05-20 19:00:00,-0.2,0.0,,-0.4,,96.0,4.6,6.8,144.0,147.0,984.1,301.0,0.0,,
2023-05-20 21:00:00,-1.1,-0.3,,-1.5,,93.0,2.4,5.3,151.0,176.0,984.3,171.0,0.0,,
2023-05-20 22:00:00,-0.9,-0.4,,-1.5,,89.0,2.1,4.6,136.0,132.0,984.2,120.0,0.0,,
2023-05-20 23:00:00,-0.9,-0.6,,-1.0,,95.0,2.7,5.6,85.0,98.0,984.3,38.0,0.0,,
2023-05-21 00:00:00,-0.6,-0.4,,-0.8,,98.0,3.2,6.2,97.0,98.0,984.2,22.0,0.0,,
2023-05-21 01:00:00,-0.5,-0.3,,-0.6,,97.0,2.9,6.2,132.0,129.0,984.4,5.0,0.0,,
2023-05-21 02:00:00,-1.3,-0.3,,-2.1,,97.0,1.5,3.8,243.0,207.0,985.1,1.0,0.2,,
2023-05-21 03:00:00,-2.2,-2.0,,-2.3,,98.0,0.7,1.9,171.0,248.0,985.4,5.0,0.5,,
2023-05-21 04:00:00,-2.1,-1.8,,-2.3,,96.0,1.2,2.6,86.0,110.0,986.0,18.0,0.2,,
2023-05-21 05:00:00,-1.9,-1.8,,-2.1,,93.0,2.8,4.8,107.0,100.0,986.7,34.0,0.1,,
2023-05-21 06:00:00,-2.1,-1.8,0.4,-2.5,-2.5,90.0,3.6,7.7,104.0,104.0,987.7,65.0,0.0,1.7,
2023-05-21 07:00:00,-2.3,-2.1,,-2.5,,91.0,2.8,6.3,159.0,134.0,988.9,110.0,0.0,,
2023-05-21 08:00:00,-2.1,-1.9,,-2.3,,91.0,0.8,2.4,313.0,200.0,989.7,162.0,0.0,,
2023-05-21 09:00:00,-1.7,-1.5,,-2.0,,83.0,2.2,5.9,38.0,32.0,990.6,259.0,0.0,,
2023-05-21 10:00:00,-1.7,-1.5,,-2.2,,84.0,4.0,10.9,82.0,68.0,991.4,283.0,0.1,,
2023-05-21 11:00:00,-1.6,-1.1,,-2.0,,86.0,2.0,10.5,75.0,102.0,992.0,321.0,0.0,,
2023-05-21 12:00:00,-1.4,-0.9,,-2.0,,79.0,8.3,12.1,44.0,51.0,992.6,362.0,0.3,,
2023-05-21 13:00:00,-0.1,0.8,,-1.8,,72.0,5.7,11.3,94.0,73.0,993.7,458.0,0.0,,
2023-05-21 14:00:00,0.4,0.8,,-0.8,,71.0,5.0,11.0,73.0,81.0,994.5,572.0,0.0,,
2023-05-21 15:00:00,0.8,1.5,,-0.6,,70.0,3.2,10.5,74.0,92.0,995.0,590.0,0.0,,
2023-05-21 16:00:00,0.0,0.8,,-0.9,,74.0,5.9,12.5,64.0,62.0,995.4,497.0,0.1,,
2023-05-21 17:00:00,-0.5,0.5,,-1.7,,77.0,7.4,13.4,41.0,54.0,996.0,374.0,0.2,,
2023-05-21 18:00:00,-1.6,-1.1,1.5,-2.0,-2.5,78.0,11.1,14.9,41.0,41.0,996.6,306.0,0.2,,
2023-05-21 19:00:00,-2.1,-1.8,,-2.3,,79.0,12.0,15.2,42.0,41.0,997.2,244.0,0.0,,
2023-05-21 20:00:00,-2.3,-1.9,,-2.5,,80.0,12.5,16.9,39.0,40.0,997.7,182.0,0.1,,
2023-05-21 21:00:00,-2.4,-2.2,,-2.7,,81.0,12.3,16.7,36.0,39.0,998.6,115.0,0.1,,
2023-05-21 22:00:00,-2.6,-2.3,,-2.8,,80.0,12.1,15.4,42.0,40.0,998.6,67.0,0.0,,
2023-05-21 23:00:00,-2.7,-2.5,,-2.9,,78.0,12.7,16.7,46.0,43.0,998.7,50.0,0.0,,
2023-05-22 00:00:00,-2.9,-2.7,,-3.1,,77.0,12.5,16.5,40.0,43.0,998.7,40.0,0.0,,
2023-05-22 01:00:00,-2.9,-2.6,,-3.3,,79.0,11.5,15.2,40.0,40.0,998.9,21.0,0.1,,
2023-05-22 02:00:00,-3.3,-3.0,,-3.5,,81.0,11.1,14.8,34.0,42.0,998.2,17.0,0.1,,
2023-05-22 03:00:00,-3.5,-3.2,,-3.6,,82.0,10.6,15.2,31.0,32.0,998.4,17.0,0.1,,
2023-05-22 04:00:00,-3.3,-2.5,,-3.7,,78.0,8.6,17.0,32.0,29.0,999.0,23.0,0.1,,
2023-05-22 05:00:00,-3.4,-3.1,,-3.7,,75.0,8.1,15.4,10.0,14.0,998.6,42.0,0.2,,
2023-05-22 06:00:00,-2.5,-2.0,-1.8,-3.5,-3.7,67.0,9.1,16.9,24.0,14.0,998.4,74.0,0.2,1.9,
2023-05-22 07:00:00,-2.2,-2.0,,-2.5,,64.0,11.1,15.6,22.0,25.0,998.8,103.0,0.2,,
2023-05-22 08:00:00,-2.3,-1.9,,-2.7,,66.0,9.7,13.6,28.0,26.0,998.7,152.0,0.1,,
2023-05-22 09:00:00,-2.5,-2.2,,-2.9,,73.0,5.3,12.0,236.0,333.0,999.9,200.0,0.0,,
2023-05-22 10:00:00,-2.8,-2.0,,-3.1,,87.0,0.8,2.0,226.0,221.0,999.9,311.0,0.3,,
2023-05-22 11:00:00,-1.9,-1.0,,-2.8,,81.0,0.4,1.5,270.0,225.0,1000.0,413.0,0.0,,
2023-05-22 12:00:00,-2.6,-2.2,,-2.8,,85.0,2.1,4.6,138.0,200.0,1000.4,436.0,0.0,,
2023-05-22 13:00:00,-1.7,-1.0,,-2.3,,67.0,4.4,11.0,37.0,314.0,1000.4,467.0,0.0,,
2023-05-22 14:00:00,-1.7,-0.9,,-2.0,,77.0,3.7,6.5,134.0,99.0,1000.9,582.0,0.0,,
2023-05-22 15:00:00,-0.9,-0.4,,-1.4,,72.0,3.6,5.8,96.0,101.0,1001.1,766.0,0.0,,
2023-05-22 16:00:00,-0.7,-0.1,,-1.2,,71.0,3.6,5.7,119.0,130.0,1001.4,769.0,0.0,,
2023-05-22 17:00:00,-1.3,0.1,,-1.9,,72.0,4.7,7.7,132.0,123.0,1001.8,594.0,0.0,,
2023-05-22 18:00:00,-1.6,-1.4,0.1,-1.8,-3.1,71.0,4.2,6.8,81.0,121.0,1002.0,516.0,0.0,,
2023-05-22 19:00:00,-1.6,-1.4,,-1.9,,71.0,4.4,6.5,101.0,102.0,1002.0,423.0,0.0,,
2023-05-22 20:00:00,-1.7,-1.4,,-2.1,,71.0,4.0,6.3,103.0,101.0,1002.1,325.0,0.0,,
2023-05-22 21:00:00,-1.7,-1.6,,-1.9,,69.0,4.1,7.3,97.0,100.0,1002.3,233.0,0.0,,
2023-05-22 22:00:00,-1.9,-1.6,,-2.3,,69.0,5.6,8.2,95.0,99.0,1002.0,151.0,0.0,,
2023-05-22 23:00:00,-2.5,-2.2,,-2.7,,79.0,6.6,9.3,80.0,87.0,1001.5,80.0,0.0,,
2023-05-23 00:00:00,-2.5,-2.2,,-2.7,,86.0,5.8,8.3,87.0,88.0,1001.3,46.0,0.0,,
2023-05-23 01:00:00,-2.7,-2.4,,-2.8,,92.0,5.4,7.7,86.0,90.0,1000.7,13.0,0.1,,
2023-05-23 02:00:00,-2.5,-2.3,,-2.7,,92.0,6.1,8.1,93.0,89.0,999.8,7.0,0.0,,
2023-05-23 03:00:00,-2.4,-2.2,,-2.6,,91.0,6.4,9.2,95.0,95.0,998.8,11.0,0.0,,
2023-05-23 04:00:00,-2.7,-2.4,,-2.9,,90.0,6.7,9.3,86.0,93.0,998.2,33.0,0.0,,
2023-05-23 05:00:00,-2.9,-2.7,,-3.0,,89.0,6.5,9.0,90.0,90.0,997.6,68.0,0.1,,
2023-05-23 06:00:00,-3.0,-2.8,-1.4,-3.2,-3.2,89.0,7.6,10.0,87.0,87.0,997.5,157.0,0.0,0.8,
2023-05-23 07:00:00,-2.7,-2.2,,-3.1,,86.0,5.3,10.1,114.0,107.0,997.0,203.0,0.1,,
2023-05-23 08:00:00,-2.8,-2.5,,-3.0,,86.0,6.5,10.8,127.0,132.0,996.6,213.0,0.0,,
2023-05-23 09:00:00,-2.6,-2.3,,-2.8,,86.0,4.7,9.1,95.0,116.0,995.8,200.0,0.0,,
2023-05-23 10:00:00,-2.2,-2.0,,-2.5,,86.0,4.5,10.1,79.0,97.0,994.8,291.0,0.0,,
2023-05-23 11:00:00,-2.1,-1.8,,-2.3,,87.0,5.0,7.2,90.0,80.0,993.8,365.0,0.1,,
2023-05-23 12:00:00,-1.6,-1.1,,-2.0,,83.0,4.8,7.4,96.0,89.0,992.5,400.0,0.2,,
2023-05-23 13:00:00,-1.5,-1.0,,-1.9,,82.0,6.1,12.6,43.0,64.0,990.7,371.0,0.2,,
2023-05-23 14:00:00,-1.7,-1.1,,-2.1,,81.0,8.4,15.2,72.0,56.0,990.4,378.0,0.1,,
2023-05-23 15:00:00,-1.8,-1.5,,-2.2,,81.0,5.0,12.0,42.0,49.0,988.8,319.0,0.1,,
2023-05-23 16:00:00,-1.8,-1.5,,-2.1,,81.0,6.9,13.6,7.0,20.0,988.2,304.0,0.2,,
2023-05-23 17:00:00,-1.8,-1.4,,-2.1,,79.0,6.1,11.9,4.0,5.0,987.6,297.0,0.1,,
2023-05-23 18:00:00,-2.3,-1.7,-1.0,-2.6,-3.1,81.0,10.5,15.9,38.0,37.0,986.6,239.0,0.3,,
2023-05-23 19:00:00,-2.5,-2.3,,-2.7,,81.0,9.6,14.8,33.0,35.0,986.6,165.0,0.2,,
2023-05-23 20:00:00,-2.7,-2.3,,-2.9,,81.0,11.2,18.5,16.0,25.0,986.2,148.0,0.2,,
2023-05-23 21:00:00,-2.6,-2.4,,-2.8,,79.0,10.2,16.0,17.0,12.0,985.8,117.0,0.2,,
2023-05-23 22:00:00,-2.6,-2.3,,-2.8,,79.0,10.2,17.7,20.0,21.0,986.5,53.0,0.1,,
2023-05-23 23:00:00,-2.2,-1.8,,-2.7,,78.0,5.8,10.5,19.0,20.0,987.2,42.0,0.0,,
2023-05-24 00:00:00,-2.9,-1.8,,-3.4,,88.0,1.1,4.5,75.0,3.0,987.4,25.0,0.0,,
2023-05-24 01:00:00,-3.0,-2.4,,-3.3,,88.0,1.3,6.3,296.0,197.0,987.2,9.0,0.0,,
2023-05-24 02:00:00,-2.2,-1.8,,-2.5,,70.0,5.7,11.3,3.0,344.0,987.5,8.0,0.0,,
2023-05-24 03:00:00,-2.3,-2.0,,-3.1,,67.0,5.2,11.5,342.0,345.0,988.0,12.0,0.0,,
2023-05-24 04:00:00,-2.0,-1.4,,-2.4,,62.0,4.6,10.7,352.0,339.0,988.8,27.0,0.0,,
2023-05-24 05:00:00,-2.2,-1.3,,-2.8,,67.0,2.4,7.5,23.0,20.0,989.6,75.0,0.0,,
2023-05-24 06:00:00,-1.3,-0.5,-0.5,-2.7,-3.4,60.0,3.7,10.2,63.0,25.0,990.6,107.0,0.0,2.1,
2023-05-24 07:00:00,-0.9,0.1,,-2.3,,59.0,1.9,5.5,31.0,91.0,991.5,126.0,0.0,,
2023-05-24 08:00:00,0.2,0.5,,-0.1,,54.0,3.7,13.4,329.0,317.0,992.6,215.0,0.0,,
2023-05-24 09:00:00,-1.4,0.7,,-3.1,,64.0,4.2,9.2,102.0,79.0,994.3,370.0,0.1,,
2023-05-24 10:00:00,-3.1,-2.3,,-3.5,,77.0,2.4,6.1,146.0,150.0,995.6,566.0,0.0,,
2023-05-24 11:00:00,-2.2,-1.2,,-2.9,,73.0,1.2,2.6,131.0,159.0,996.8,653.0,0.0,,
2023-05-24 12:00:00,-1.6,-1.1,,-2.0,,73.0,3.0,5.6,135.0,139.0,998.0,699.0,0.0,,
2023-05-24 13:00:00,-1.1,0.2,,-1.8,,69.0,1.4,3.4,249.0,143.0,999.2,729.0,0.0,,
2023-05-24 14:00:00,-1.2,-0.4,,-1.8,,71.0,1.5,4.3,92.0,15.0,999.9,734.0,0.0,,
2023-05-25 11:00:00,-2.6,,,,,80.0,1.5,2.2,171.0,,1015.0,628.0,,,
2023-05-25 12:00:00,-1.9,-1.0,,-2.8,,78.0,0.7,1.6,112.0,133.0,1015.5,646.0,0.0,,
2023-05-25 13:00:00,-1.7,-0.8,,-2.3,,78.0,0.9,2.3,146.0,216.0,1016.2,683.0,0.0,,
2023-05-25 14:00:00,-1.0,0.2,,-1.8,,73.0,0.7,1.7,40.0,140.0,1016.8,676.0,0.0,,
2023-05-25 15:00:00,0.0,0.9,,-1.2,,70.0,0.5,1.9,20.0,311.0,1016.7,645.0,0.0,,
2023-05-25 16:00:00,1.4,2.9,,-0.1,,48.0,1.4,3.3,159.0,77.0,1016.6,668.0,0.0,,
2023-05-25 17:00:00,0.7,1.9,,-0.3,,58.0,1.4,2.5,184.0,188.0,1016.9,594.0,0.0,,
2023-05-25 18:00:00,-0.2,0.9,,-0.8,,74.0,0.8,2.2,104.0,195.0,1017.0,517.0,0.0,,
2023-05-25 19:00:00,0.1,0.8,,-0.6,,70.0,1.2,2.9,238.0,112.0,1017.0,428.0,0.0,,
2023-05-25 20:00:00,0.1,0.9,,-0.6,,69.0,0.7,1.8,75.0,5.0,1016.9,332.0,0.0,,
2023-05-25 21:00:00,0.5,1.5,,-0.2,,63.0,1.3,2.7,357.0,37.0,1016.7,240.0,0.0,,
2023-05-25 22:00:00,0.2,1.3,,-0.4,,59.0,0.8,1.6,31.0,23.0,1016.6,156.0,0.0,,
2023-05-25 23:00:00,-0.9,0.2,,-1.8,,58.0,2.0,3.8,36.0,25.0,1016.5,72.0,0.0,,
2023-05-26 00:00:00,-1.5,-1.0,,-2.0,,59.0,1.9,3.6,37.0,35.0,1016.0,22.0,0.0,,
2023-05-26 01:00:00,-1.5,-0.5,,-2.5,,60.0,2.2,3.7,37.0,32.0,1015.9,14.0,0.0,,
2023-05-26 02:00:00,-2.0,-1.4,,-3.0,,62.0,2.8,4.7,28.0,42.0,1015.6,12.0,0.0,,
2023-05-26 03:00:00,-2.8,-2.5,,-3.0,,63.0,3.5,4.9,28.0,30.0,1014.9,15.0,0.0,,
2023-05-26 04:00:00,-2.7,-1.8,,-3.3,,63.0,3.3,5.6,107.0,48.0,1014.7,54.0,0.0,,
2023-05-26 05:00:00,-3.0,-2.5,,-3.4,,67.0,3.1,6.1,33.0,50.0,1014.4,127.0,0.0,,
2023-05-26 06:00:00,-2.8,-2.2,1.5,-3.3,-3.4,57.0,2.8,5.0,29.0,31.0,1013.8,198.0,0.0,,
2023-05-26 07:00:00,-2.1,-1.4,,-3.1,,54.0,1.4,3.8,48.0,25.0,1013.6,295.0,0.0,,
2023-05-26 08:00:00,-1.7,-1.1,,-2.3,,56.0,0.7,2.1,0.0,76.0,1013.4,393.0,0.0,,
2023-05-26 09:00:00,-1.7,-1.1,,-2.0,,60.0,0.5,1.5,343.0,33.0,1013.2,493.0,0.0,,
2023-05-26 10:00:00,-1.0,0.6,,-2.0,,60.0,0.4,2.0,208.0,145.0,1012.9,582.0,0.0,,
2023-05-26 11:00:00,-1.4,0.9,,-3.0,,67.0,0.9,2.2,165.0,185.0,1012.8,650.0,0.0,,
2023-05-26 12:00:00,-3.4,-2.9,,-3.9,,74.0,2.2,4.7,156.0,161.0,1012.4,625.0,0.0,,
2023-05-26 13:00:00,-3.1,-1.8,,-3.7,,75.0,3.3,5.1,147.0,144.0,1012.2,739.0,0.0,,
2023-05-26 14:00:00,-2.9,-2.5,,-3.4,,79.0,2.6,4.7,171.0,151.0,1011.5,737.0,0.0,,
2023-05-26 15:00:00,-1.8,0.1,,-2.9,,73.0,0.9,2.5,8.0,196.0,1010.3,718.0,0.0,,
2023-05-26 16:00:00,-0.1,1.0,,-1.1,,65.0,0.5,1.5,141.0,165.0,1010.0,673.0,0.0,,
2023-05-26 17:00:00,1.7,2.8,,-0.1,,55.0,0.4,1.4,64.0,100.0,1009.3,604.0,0.0,,
2023-05-26 18:00:00,1.2,2.8,2.8,-0.4,-3.9,62.0,0.9,2.6,206.0,230.0,1008.9,523.0,0.0,,
2023-05-26 19:00:00,1.0,2.8,,-0.5,,62.0,0.8,2.6,254.0,205.0,1008.8,434.0,0.0,,
2023-05-26 20:00:00,-0.3,0.6,,-0.8,,71.0,1.0,3.9,49.0,283.0,1008.3,338.0,0.0,,
2023-05-26 21:00:00,-0.5,0.8,,-2.3,,67.0,0.9,2.6,229.0,212.0,1008.4,244.0,0.0,,
2023-05-26 22:00:00,-1.7,-1.4,,-2.4,,78.0,1.3,3.7,318.0,297.0,1008.0,162.0,0.0,,
2023-05-26 23:00:00,-2.3,-1.8,,-3.2,,78.0,1.4,4.6,311.0,328.0,1007.8,76.0,0.0,,
2023-05-27 00:00:00,-3.7,-2.8,,-4.5,,87.0,0.6,2.8,0.0,205.0,1007.5,23.0,0.0,,
2023-05-27 01:00:00,-5.1,-4.2,,-6.9,,92.0,0.4,2.3,350.0,233.0,1007.4,15.0,0.0,,
2023-05-27 02:00:00,-5.6,-4.8,,-6.7,,95.0,0.5,2.1,63.0,345.0,1007.1,13.0,0.0,,
2023-05-27 03:00:00,-7.4,-6.2,,-8.2,,94.0,0.6,1.6,121.0,25.0,1007.1,16.0,0.0,,
2023-05-27 04:00:00,-7.4,-6.0,,-8.2,,93.0,0.5,1.8,90.0,70.0,1007.0,60.0,0.0,,
2023-05-27 05:00:00,-5.8,-5.1,,-7.0,,91.0,0.8,1.9,100.0,136.0,1007.0,127.0,0.0,,
2023-05-27 06:00:00,-4.7,-4.2,2.8,-5.7,-8.2,78.0,1.2,2.7,140.0,155.0,1007.6,204.0,0.0,0.0,
2023-05-27 07:00:00,-4.5,-3.6,,-5.9,,67.0,1.3,3.5,153.0,136.0,1007.8,297.0,0.0,,
2023-05-27 08:00:00,-5.2,-2.4,,-6.9,,59.0,1.2,2.6,62.0,115.0,1007.9,396.0,0.0,,
2023-05-27 09:00:00,-2.2,-0.3,,-3.5,,51.0,1.2,3.1,66.0,74.0,1007.8,496.0,0.0,,
2023-05-27 10:00:00,0.7,4.3,,-1.7,,43.0,0.7,4.8,358.0,313.0,1007.4,576.0,0.0,,
2023-05-27 11:00:00,1.0,5.1,,-1.5,,47.0,2.5,6.3,230.0,266.0,1008.1,654.0,0.0,,
2023-05-27 12:00:00,-0.1,0.5,,-1.2,,55.0,1.8,5.9,155.0,143.0,1008.4,709.0,0.0,,
2023-05-27 13:00:00,1.0,1.6,,0.0,,50.0,1.8,4.5,156.0,127.0,1008.0,734.0,0.0,,
2023-05-27 14:00:00,1.6,2.5,,0.3,,51.0,2.5,5.0,154.0,130.0,1007.9,737.0,0.0,,
2023-05-27 15:00:00,1.6,2.6,,1.2,,56.0,1.6,3.9,66.0,136.0,1007.5,712.0,0.0,,
2023-05-27 16:00:00,3.0,3.9,,2.0,,45.0,1.2,3.1,145.0,129.0,1007.2,672.0,0.0,,
2023-05-27 17:00:00,2.2,3.7,,1.3,,50.0,1.3,2.7,171.0,179.0,1007.5,604.0,0.0,,
2023-05-27 18:00:00,3.5,5.3,5.3,1.4,-6.9,39.0,0.8,1.7,102.0,77.0,1006.5,526.0,0.0,,
2023-05-27 19:00:00,3.4,4.8,,1.8,,39.0,0.7,1.8,182.0,152.0,1005.7,434.0,0.0,,
2023-05-27 20:00:00,0.8,2.4,,-0.1,,67.0,2.9,7.7,87.0,143.0,1005.8,341.0,0.0,,
2023-05-27 21:00:00,0.2,0.7,,-0.5,,74.0,2.9,6.7,82.0,67.0,1005.6,224.0,0.0,,
2023-05-27 22:00:00,0.0,1.5,,-0.9,,72.0,1.7,7.2,73.0,118.0,1004.4,117.0,0.0,,
2023-05-27 23:00:00,-1.7,-0.9,,-2.2,,86.0,6.6,8.6,84.0,91.0,1004.1,69.0,0.1,,
2023-05-28 00:00:00,-2.2,-1.7,,-2.5,,88.0,4.8,8.7,86.0,77.0,1003.5,31.0,0.0,,
2023-05-28 01:00:00,-2.3,-1.7,,-2.8,,88.0,4.3,7.4,84.0,83.0,1003.1,17.0,0.0,,
2023-05-28 02:00:00,-2.6,-2.3,,-2.9,,92.0,4.6,7.8,91.0,90.0,1002.5,12.0,0.0,,
2023-05-28 03:00:00,-3.1,-2.8,,-3.5,,94.0,5.8,7.2,89.0,88.0,1002.3,17.0,0.0,,
2023-05-28 04:00:00,-3.5,-3.2,,-3.8,,96.0,4.4,7.6,83.0,86.0,1001.6,44.0,0.1,,
2023-05-28 05:00:00,-3.7,-3.4,,-3.9,,96.0,3.1,4.9,109.0,101.0,1001.5,87.0,0.0,,
2023-05-28 06:00:00,-3.7,-3.6,4.8,-3.8,-3.9,96.0,2.6,6.4,112.0,101.0,1001.2,89.0,0.0,0.2,
2023-05-28 07:00:00,-3.3,-2.9,,-3.7,,94.0,2.1,4.1,130.0,115.0,1001.0,163.0,0.0,,
2023-05-28 08:00:00,-3.0,-2.5,,-3.4,,90.0,0.9,3.1,0.0,95.0,1000.8,224.0,0.0,,
2023-05-28 09:00:00,-2.4,-1.8,,-3.0,,84.0,1.0,2.7,154.0,157.0,1000.6,423.0,0.0,,
2023-05-28 10:00:00,-2.7,-2.1,,-3.0,,86.0,1.5,3.0,229.0,228.0,1001.0,530.0,0.0,,
2023-05-28 11:00:00,-3.0,-2.5,,-3.3,,88.0,1.5,3.0,232.0,239.0,1001.2,485.0,0.0,,
2023-05-28 12:00:00,-3.1,-2.7,,-3.4,,90.0,1.5,3.3,294.0,260.0,1001.5,499.0,0.0,,
2023-05-28 13:00:00,-2.7,-2.5,,-3.0,,88.0,1.5,2.6,198.0,237.0,1002.1,564.0,0.0,,
2023-05-28 14:00:00,-2.4,-1.7,,-3.0,,86.0,1.4,3.5,187.0,186.0,1002.7,626.0,0.0,,
2023-05-28 15:00:00,-2.1,-1.7,,-2.4,,86.0,1.7,4.2,187.0,193.0,1003.4,593.0,0.0,,
2023-05-28 16:00:00,-1.8,-1.5,,-2.2,,85.0,2.4,3.9,176.0,179.0,1003.6,575.0,0.0,,
2023-05-28 17:00:00,-2.2,-1.7,,-2.5,,85.0,2.3,3.9,203.0,202.0,1004.6,519.0,0.0,,
2023-05-28 18:00:00,-2.4,-2.1,-1.5,-2.7,-3.7,86.0,1.8,3.6,255.0,213.0,1005.1,401.0,0.0,,
2023-05-28 19:00:00,-2.4,-2.1,,-2.7,,87.0,1.3,2.6,243.0,254.0,1005.7,319.0,0.0,,
2023-05-28 20:00:00,-2.4,-2.0,,-2.8,,86.0,0.9,2.1,275.0,227.0,1006.4,248.0,0.0,,
2023-05-28 21:00:00,-2.2,-1.5,,-2.7,,84.0,0.8,2.3,214.0,235.0,1006.9,207.0,0.0,,
2023-05-28 22:00:00,-2.3,-2.0,,-2.6,,86.0,1.1,2.8,347.0,86.0,1007.4,112.0,0.0,,
2023-05-28 23:00:00,-2.6,-2.3,,-3.0,,89.0,1.2,2.9,162.0,36.0,1007.8,58.0,0.0,,
2023-05-29 00:00:00,-3.3,-2.9,,-3.8,,93.0,0.6,1.7,179.0,162.0,1008.1,23.0,0.0,,
2023-05-29 01:00:00,-3.8,-3.5,,-4.2,,93.0,1.5,4.0,44.0,93.0,1008.5,14.0,0.0,,
2023-05-29 02:00:00,-4.5,-4.1,,-5.1,,96.0,2.4,5.2,78.0,81.0,1008.6,11.0,0.0,,
2023-05-29 03:00:00,-5.0,-4.8,,-5.2,,95.0,4.1,5.9,82.0,79.0,1008.6,17.0,0.0,,
2023-05-29 04:00:00,-4.1,-3.1,,-4.9,,88.0,1.7,5.1,218.0,65.0,1008.5,72.0,0.0,,
2023-05-29 05:00:00,-4.5,-4.0,,-5.0,,92.0,3.1,6.0,96.0,103.0,1008.9,79.0,0.0,,
2023-05-29 06:00:00,-4.5,-4.1,-1.5,-4.8,-5.2,91.0,3.6,5.4,89.0,86.0,1008.9,198.0,0.0,0.0,
2023-05-29 07:00:00,-4.2,-3.7,,-4.7,,90.0,5.6,8.8,85.0,89.0,1009.1,301.0,0.1,,
2023-05-29 08:00:00,-3.7,-3.3,,-4.1,,89.0,5.5,8.2,81.0,87.0,1009.7,404.0,0.0,,
2023-05-29 09:00:00,-2.7,-1.6,,-3.4,,82.0,2.4,5.0,249.0,86.0,1009.6,488.0,0.0,,
2023-05-29 10:00:00,-1.8,-0.7,,-2.5,,76.0,0.7,1.8,191.0,198.0,1009.9,503.0,0.0,,
2023-05-29 11:00:00,-1.3,-0.1,,-2.0,,75.0,0.6,1.8,240.0,241.0,1009.5,556.0,0.0,,
2023-05-29 12:00:00,-1.2,0.0,,-1.6,,75.0,0.9,1.9,229.0,202.0,1009.6,617.0,0.0,,
2023-05-29 13:00:00,-0.7,0.4,,-1.4,,75.0,0.7,1.9,88.0,148.0,1009.4,647.0,0.0,,
2023-05-29 14:00:00,1.0,2.6,,-0.3,,63.0,0.7,1.7,182.0,158.0,1009.4,754.0,0.0,,
2023-05-29 15:00:00,0.5,1.9,,0.2,,67.0,1.5,3.2,164.0,170.0,1009.9,622.0,0.0,,
2023-05-29 16:00:00,0.4,1.0,,0.0,,71.0,1.8,4.5,138.0,147.0,1009.7,471.0,0.0,,
2023-05-29 17:00:00,1.4,2.4,,0.3,,66.0,0.8,2.5,225.0,109.0,1009.5,397.0,0.0,,
2023-05-29 18:00:00,1.3,2.0,2.6,0.5,-4.7,70.0,0.6,1.6,115.0,116.0,1008.9,318.0,0.0,,
2023-05-29 19:00:00,1.8,2.7,,1.0,,64.0,0.8,2.2,39.0,115.0,1008.7,256.0,0.0,,
2023-05-29 20:00:00,1.3,2.2,,0.7,,66.0,1.7,4.5,21.0,19.0,1008.4,148.0,0.0,,
2023-05-29 21:00:00,-0.3,1.7,,-1.1,,79.0,1.4,4.2,121.0,255.0,1008.7,80.0,0.0,,
2023-05-29 22:00:00,-1.0,-0.3,,-1.6,,88.0,1.0,3.1,41.0,95.0,1007.8,40.0,0.5,,
2023-05-29 23:00:00,-1.7,-1.4,,-2.0,,96.0,0.4,1.2,241.0,204.0,1007.4,28.0,0.9,,
2023-05-30 00:00:00,-2.0,-1.8,,-2.3,,98.0,1.1,3.1,306.0,324.0,1007.2,14.0,0.1,,
2023-05-30 01:00:00,-2.2,-1.8,,-2.4,,97.0,2.0,4.9,173.0,269.0,1007.1,13.0,0.0,,
2023-05-30 02:00:00,-1.8,-1.6,,-2.2,,96.0,0.7,1.8,198.0,52.0,1007.8,13.0,0.1,,
2023-05-30 03:00:00,-2.1,-1.7,,-2.4,,97.0,1.0,2.5,58.0,152.0,1007.7,17.0,0.1,,
2023-05-30 04:00:00,-2.2,-1.8,,-2.5,,94.0,1.1,2.9,66.0,78.0,1008.0,55.0,0.0,,
2023-05-30 05:00:00,-1.1,-0.1,,-1.8,,80.0,1.3,3.1,312.0,356.0,1007.9,114.0,0.0,,
2023-05-30 06:00:00,-0.1,0.3,2.7,-1.0,-2.5,64.0,2.0,3.4,353.0,338.0,1009.0,111.0,0.0,1.8,
2023-05-30 07:00:00,-0.7,0.2,,-1.5,,67.0,1.0,2.7,37.0,34.0,1009.7,189.0,0.0,,
2023-05-30 08:00:00,-0.5,0.3,,-1.3,,66.0,0.7,2.5,53.0,349.0,1010.3,389.0,0.0,,
2023-05-30 09:00:00,-0.7,0.4,,-1.8,,69.0,1.2,2.7,169.0,184.0,1011.1,490.0,0.0,,
2023-05-30 10:00:00,-0.9,-0.3,,-1.4,,74.0,1.2,2.5,115.0,159.0,1011.6,582.0,0.0,,
2023-05-30 11:00:00,-0.1,0.6,,-0.7,,71.0,1.2,3.2,176.0,128.0,1011.9,657.0,0.0,,
2023-05-30 12:00:00,-0.4,0.3,,-1.4,,72.0,1.1,2.4,177.0,185.0,1013.0,706.0,0.0,,
2023-05-30 13:00:00,0.4,1.6,,-1.3,,70.0,0.8,2.0,176.0,168.0,1013.4,730.0,0.0,,
2023-05-30 14:00:00,1.3,3.0,,0.1,,65.0,1.3,3.2,35.0,109.0,1013.5,722.0,0.0,,
2023-05-30 15:00:00,2.9,4.1,,1.3,,55.0,0.8,2.4,170.0,280.0,1013.6,671.0,0.0,,
2023-05-30 16:00:00,2.1,4.0,,1.0,,63.0,0.9,2.5,144.0,145.0,1013.8,638.0,0.0,,
2023-05-30 17:00:00,4.2,4.9,,3.4,,54.0,0.0,1.5,257.0,0.0,1014.2,580.0,0.0,,
2023-05-30 18:00:00,3.1,4.3,4.9,0.6,-1.8,55.0,0.8,2.9,163.0,199.0,1014.4,522.0,0.0,,
2023-05-31 11:00:00,-0.3,,,,,75.0,1.1,2.1,213.0,,1022.0,633.0,,,
2023-05-31 12:00:00,-0.4,0.5,,-0.8,,78.0,1.3,3.2,251.0,244.0,1022.3,663.0,0.0,,
2023-05-31 13:00:00,0.4,1.2,,-0.4,,77.0,1.4,3.2,173.0,147.0,1022.4,704.0,0.0,,
2023-05-31 14:00:00,-0.1,0.9,,-1.0,,81.0,1.3,3.4,201.0,160.0,1022.7,701.0,0.0,,
2023-05-31 15:00:00,-0.4,-0.1,,-0.8,,84.0,1.4,2.6,197.0,191.0,1022.9,658.0,0.0,,
2023-05-31 16:00:00,-0.1,0.6,,-0.8,,83.0,1.2,2.7,108.0,166.0,1023.0,559.0,0.0,,
2023-05-31 17:00:00,-0.3,0.4,,-1.1,,84.0,1.4,5.0,328.0,239.0,1022.7,488.0,0.0,,
2023-05-31 18:00:00,-0.5,0.6,,-1.2,,86.0,1.1,3.5,254.0,238.0,1021.9,473.0,0.0,,
2023-05-31 19:00:00,-0.8,-0.1,,-1.4,,89.0,1.6,3.6,149.0,321.0,1022.1,414.0,0.0,,
2023-05-31 20:00:00,-1.3,-0.4,,-1.9,,92.0,1.1,2.6,321.0,187.0,1022.3,285.0,0.0,,
2023-05-31 21:00:00,-0.9,-0.4,,-1.5,,87.0,0.7,2.9,132.0,167.0,1022.3,209.0,0.0,,
2023-05-31 22:00:00,-0.7,0.3,,-1.4,,84.0,1.6,4.7,173.0,133.0,1022.0,127.0,0.0,,
2023-05-31 23:00:00,-1.6,-1.3,,-2.1,,89.0,2.6,6.0,93.0,120.0,1021.6,82.0,0.0,,
2023-06-01 00:00:00,-1.4,-0.6,,-1.9,,86.0,3.2,7.4,82.0,92.0,1021.0,46.0,0.0,,
2023-06-01 03:00:00,-1.6,,,,,87.0,5.8,8.9,93.0,,1019.8,33.0,,,
2023-06-01 04:00:00,-2.1,-1.4,,-2.7,,91.0,4.2,6.9,95.0,107.0,1019.1,57.0,0.0,,
2023-06-01 05:00:00,-2.5,-2.2,,-2.8,,93.0,4.4,6.7,88.0,93.0,1018.4,87.0,0.0,,
2023-06-01 06:00:00,-2.5,-2.2,,-2.8,,93.0,3.5,5.6,134.0,104.0,1017.5,130.0,0.0,,
2023-06-01 07:00:00,-2.4,-2.1,,-2.5,,94.0,2.3,4.4,145.0,120.0,1016.5,163.0,0.0,,
2023-06-01 08:00:00,-2.3,-2.1,,-2.5,,96.0,3.2,5.6,141.0,137.0,1015.9,194.0,0.0,,
2023-06-01 09:00:00,-1.8,-1.1,,-2.3,,92.0,2.3,4.6,123.0,100.0,1014.7,323.0,0.0,,
2023-06-01 11:00:00,-2.0,,,,,92.0,1.9,3.3,193.0,,1013.3,492.0,,,
2023-06-01 12:00:00,-1.6,-0.9,,-2.0,,89.0,1.0,2.2,190.0,188.0,1012.0,558.0,0.0,,
2023-06-01 13:00:00,-1.1,-0.5,,-1.8,,89.0,1.0,1.9,293.0,238.0,1011.5,587.0,0.0,,
2023-06-01 14:00:00,0.3,1.9,,-1.3,,81.0,1.1,3.4,157.0,154.0,1010.4,669.0,0.0,,
2023-06-01 15:00:00,1.1,2.3,,0.1,,76.0,1.1,2.8,209.0,183.0,1010.2,698.0,0.0,,
2023-06-01 16:00:00,0.7,1.4,,0.1,,79.0,1.3,2.8,208.0,237.0,1010.0,654.0,0.0,,
2023-06-01 17:00:00,1.0,1.9,,0.0,,80.0,1.8,5.5,150.0,132.0,1010.1,589.0,0.0,,
2023-06-01 20:00:00,-1.1,-0.5,,-1.3,,91.0,3.3,6.0,277.0,284.0,1012.2,251.0,0.0,,
2023-06-01 21:00:00,-0.9,-0.5,,-1.3,,88.0,0.9,2.2,117.0,203.0,1012.9,233.0,0.0,,
2023-06-01 22:00:00,-0.3,0.3,,-1.1,,84.0,1.0,3.1,161.0,135.0,1013.8,157.0,0.0,,
2023-06-01 23:00:00,-0.8,-0.6,,-1.0,,88.0,1.3,2.2,141.0,153.0,1014.8,83.0,0.0,,
2023-06-02 00:00:00,-0.8,-0.5,,-1.1,,88.0,1.1,6.1,84.0,135.0,1015.8,37.0,0.0,,
2023-06-02 01:00:00,-0.9,-0.5,,-1.4,,88.0,1.0,3.2,198.0,147.0,1016.7,20.0,0.0,,
2023-06-02 02:00:00,-1.5,-0.9,,-2.1,,90.0,0.5,1.4,272.0,264.0,1017.6,18.0,0.0,,
2023-06-02 03:00:00,-1.9,-1.5,,-2.4,,92.0,0.3,1.2,0.0,332.0,1017.9,23.0,0.0,,
2023-06-02 04:00:00,-2.0,-1.4,,-3.1,,92.0,0.7,2.0,154.0,207.0,1019.2,59.0,0.0,,
2023-06-02 05:00:00,-2.4,-2.0,,-2.8,,92.0,0.5,1.6,19.0,193.0,1019.4,110.0,0.0,,
2023-06-02 06:00:00,-1.9,-1.5,0.6,-2.2,-3.1,88.0,0.7,2.1,26.0,346.0,1019.8,166.0,0.0,,
2023-06-02 07:00:00,-1.3,-0.6,,-1.9,,84.0,0.8,2.7,0.0,1.0,1020.1,284.0,0.0,,
2023-06-02 08:00:00,-0.5,0.2,,-1.3,,80.0,0.4,1.3,0.0,171.0,1020.4,379.0,0.0,,
2023-06-02 09:00:00,0.0,0.7,,-0.7,,77.0,0.5,1.5,221.0,118.0,1021.2,476.0,0.0,,
2023-06-02 10:00:00,-0.3,0.4,,-0.9,,78.0,0.7,1.4,193.0,222.0,1021.0,437.0,0.0,,
2023-06-02 11:00:00,-0.1,0.8,,-0.4,,76.0,0.8,2.0,170.0,207.0,1021.1,600.0,0.0,,
2023-06-02 12:00:00,0.2,0.8,,-0.1,,75.0,1.0,2.0,202.0,198.0,1021.4,620.0,0.0,,
2023-06-02 13:00:00,0.1,0.8,,-0.3,,79.0,1.3,2.5,195.0,198.0,1021.4,624.0,0.0,,
2023-06-02 14:00:00,0.4,0.9,,0.0,,79.0,1.0,2.4,259.0,208.0,1021.3,546.0,0.0,,
2023-06-02 15:00:00,0.9,1.8,,0.4,,77.0,2.8,7.6,141.0,103.0,1021.2,562.0,0.0,,
2023-06-04 11:00:00,1.9,,,,,60.0,2.2,2.8,158.0,,1022.6,673.0,,,
2023-06-04 12:00:00,1.8,2.4,,1.2,,61.0,1.8,3.5,169.0,167.0,1023.1,713.0,0.0,,
2023-06-04 13:00:00,1.4,2.0,,1.1,,64.0,2.5,4.6,140.0,157.0,1023.4,728.0,0.0,,
2023-06-04 14:00:00,1.7,2.0,,1.2,,62.0,2.9,4.1,157.0,153.0,1023.6,712.0,0.0,,
2023-06-04 15:00:00,1.9,2.2,,1.5,,61.0,2.8,4.6,140.0,149.0,1023.6,686.0,0.0,,
2023-06-04 16:00:00,1.9,2.5,,1.6,,58.0,3.2,5.1,120.0,143.0,1023.8,702.0,0.0,,
2023-06-04 17:00:00,1.8,2.3,,1.3,,54.0,2.9,7.1,97.0,113.0,1023.9,566.0,0.0,,
2023-06-04 18:00:00,1.3,1.7,,1.1,,54.0,4.3,8.3,149.0,138.0,1023.5,361.0,0.0,,
2023-06-04 19:00:00,1.4,1.7,,0.9,,50.0,3.2,7.8,155.0,126.0,1023.5,242.0,0.0,,
2023-06-04 20:00:00,1.2,1.4,,0.8,,50.0,4.8,10.6,100.0,88.0,1023.3,209.0,0.0,,
2023-06-04 21:00:00,1.1,1.4,,0.9,,58.0,4.8,8.3,97.0,96.0,1023.3,160.0,0.0,,
2023-06-04 22:00:00,0.9,1.1,,0.7,,66.0,4.6,8.3,90.0,96.0,1023.7,118.0,0.0,,
2023-06-04 23:00:00,0.6,0.8,,0.3,,69.0,5.5,9.7,97.0,92.0,1023.5,63.0,0.1,,
2023-06-05 00:00:00,0.9,1.3,,0.6,,69.0,3.8,6.8,86.0,92.0,1023.4,27.0,0.0,,
2023-06-05 01:00:00,0.7,1.4,,0.1,,71.0,0.9,3.0,147.0,162.0,1023.6,13.0,0.0,,
2023-06-05 02:00:00,0.3,0.6,,0.0,,72.0,1.4,4.6,102.0,127.0,1023.3,18.0,0.0,,
2023-06-05 03:00:00,-0.8,0.1,,-1.5,,83.0,2.5,4.9,298.0,324.0,1023.1,14.0,0.0,,
2023-06-05 04:00:00,-1.7,-1.4,,-1.9,,89.0,1.6,4.0,261.0,261.0,1023.1,30.0,0.0,,
2023-06-05 05:00:00,-1.8,-1.5,,-2.0,,91.0,1.2,3.0,242.0,249.0,1023.2,55.0,0.0,,
2023-06-05 06:00:00,-2.0,-1.8,1.7,-2.2,-2.2,96.0,1.0,2.5,166.0,198.0,1023.3,74.0,0.5,,
2023-06-05 07:00:00,-1.7,-1.3,,-2.1,,95.0,0.5,1.4,198.0,123.0,1023.5,147.0,0.1,,
2023-06-05 08:00:00,-1.4,-1.1,,-1.8,,94.0,0.9,2.2,259.0,252.0,1023.7,223.0,0.0,,
2023-06-05 09:00:00,-1.1,-0.5,,-1.4,,91.0,1.0,2.7,254.0,249.0,1023.7,308.0,0.0,,
2023-06-05 10:00:00,-0.7,-0.2,,-1.1,,88.0,0.8,1.6,210.0,224.0,1024.0,367.0,0.0,,
2023-06-05 11:00:00,-0.7,-0.3,,-1.0,,89.0,0.7,1.5,140.0,181.0,1024.3,381.0,0.0,,
2023-06-05 12:00:00,0.5,1.5,,-0.4,,82.0,0.6,1.5,202.0,152.0,1024.1,528.0,0.0,,
2023-06-05 13:00:00,1.5,3.2,,0.7,,76.0,0.7,1.4,0.0,187.0,1024.0,615.0,0.0,,
2023-06-05 14:00:00,2.1,3.1,,0.6,,73.0,0.8,2.2,209.0,214.0,1024.0,705.0,0.0,,
2023-06-05 15:00:00,1.5,3.0,,0.2,,79.0,0.7,2.3,192.0,216.0,1023.7,706.0,0.0,,
2023-06-05 16:00:00,1.5,2.0,,1.0,,78.0,1.0,1.8,205.0,196.0,1023.7,671.0,0.0,,
2023-06-05 17:00:00,1.5,2.1,,1.0,,78.0,1.0,1.8,163.0,179.0,1023.5,604.0,0.0,,
2023-06-05 18:00:00,1.7,2.7,3.2,1.1,-2.1,77.0,0.7,1.5,250.0,231.0,1023.3,529.0,0.0,,
2023-06-05 19:00:00,1.3,2.3,,0.7,,81.0,0.6,1.6,291.0,256.0,1023.3,443.0,0.0,,
2023-06-05 20:00:00,0.9,1.6,,0.0,,83.0,0.7,2.0,344.0,284.0,1023.2,350.0,0.0,,
2023-06-05 21:00:00,0.8,1.7,,0.1,,83.0,0.5,1.3,255.0,293.0,1023.1,258.0,0.0,,
2023-06-05 22:00:00,0.2,1.0,,-0.7,,86.0,0.4,1.6,254.0,282.0,1023.2,179.0,0.0,,
2023-06-05 23:00:00,-0.2,0.3,,-0.7,,87.0,3.1,5.7,83.0,68.0,1023.1,102.0,0.0,,
2023-06-06 00:00:00,-0.5,-0.3,,-0.8,,87.0,4.5,5.6,80.0,83.0,1022.8,33.0,0.0,,
2023-06-06 01:00:00,0.1,0.5,,-0.5,,83.0,3.0,6.1,132.0,101.0,1022.5,29.0,0.0,,
2023-06-06 02:00:00,-0.1,0.2,,-0.6,,83.0,3.7,6.0,95.0,96.0,1021.9,28.0,0.0,,
2023-06-06 03:00:00,0.0,0.5,,-0.4,,81.0,2.7,5.0,102.0,96.0,1021.3,33.0,0.0,,
2023-06-06 04:00:00,-0.4,0.2,,-0.9,,83.0,2.0,5.4,79.0,103.0,1021.0,58.0,0.0,,
2023-06-06 05:00:00,-1.2,-0.8,,-1.7,,88.0,3.7,6.0,80.0,91.0,1020.8,95.0,0.0,,
2023-06-06 06:00:00,-1.8,-1.6,2.3,-2.1,-2.1,92.0,4.6,6.6,94.0,88.0,1020.7,108.0,0.0,0.1,
2023-06-06 07:00:00,-1.7,-1.0,,-1.9,,90.0,3.3,5.3,102.0,91.0,1020.5,204.0,0.0,,
2023-06-06 08:00:00,-1.3,-1.0,,-1.6,,88.0,1.8,3.5,106.0,97.0,1020.3,265.0,0.0,,
2023-06-06 09:00:00,-1.6,-1.0,,-2.0,,90.0,1.6,3.2,178.0,153.0,1020.3,363.0,0.0,,
2023-06-06 10:00:00,-1.4,-1.2,,-1.8,,90.0,1.5,2.5,177.0,179.0,1019.9,425.0,0.0,,
2023-06-06 11:00:00,-0.9,-0.1,,-1.3,,89.0,1.3,2.6,224.0,193.0,1019.8,513.0,0.0,,
2023-06-06 12:00:00,-0.5,-0.1,,-0.8,,86.0,1.5,2.9,258.0,260.0,1019.3,676.0,0.0,,
2023-06-06 13:00:00,-0.5,-0.2,,-0.8,,87.0,1.2,2.2,247.0,238.0,1018.9,740.0,0.0,,
2023-06-06 14:00:00,-0.6,-0.3,,-0.9,,88.0,1.3,2.5,198.0,220.0,1018.7,690.0,0.0,,
2023-06-06 15:00:00,-0.4,0.6,,-1.2,,88.0,0.8,1.8,194.0,202.0,1018.3,660.0,0.0,,
2023-06-06 16:00:00,-1.2,0.2,,-1.9,,90.0,1.1,2.2,164.0,185.0,1017.9,591.0,0.0,,
2023-06-06 17:00:00,-1.6,-0.5,,-2.3,,91.0,0.8,2.3,233.0,209.0,1017.5,530.0,0.0,,
2023-06-06 18:00:00,-1.4,-0.6,0.6,-1.9,-2.3,90.0,1.2,2.4,255.0,268.0,1017.3,507.0,0.0,,
2023-06-06 19:00:00,-1.1,0.2,,-1.6,,88.0,0.8,2.1,254.0,255.0,1017.2,425.0,0.0,,
2023-06-06 20:00:00,-0.4,0.4,,-1.2,,85.0,0.8,1.5,167.0,180.0,1017.1,392.0,0.0,,
2023-06-06 21:00:00,-0.7,0.2,,-1.4,,87.0,0.4,1.3,0.0,213.0,1016.9,259.0,0.0,,
2023-06-06 22:00:00,-0.7,0.0,,-1.4,,86.0,0.3,1.5,0.0,251.0,1016.6,178.0,0.0,,
2023-06-06 23:00:00,-0.8,-0.3,,-1.5,,86.0,0.3,1.2,14.0,291.0,1016.6,102.0,0.0,,
2023-06-07 00:00:00,-1.9,-1.2,,-2.3,,92.0,0.7,1.8,4.0,291.0,1016.6,31.0,0.0,,
2023-06-07 01:00:00,-2.2,-1.8,,-2.4,,93.0,0.7,2.0,160.0,263.0,1016.7,22.0,0.0,,
2023-06-07 02:00:00,-2.6,-1.9,,-3.3,,94.0,0.6,2.1,160.0,340.0,1016.6,19.0,0.0,,
2023-06-07 03:00:00,-2.4,-1.7,,-4.5,,92.0,0.8,3.2,320.0,120.0,1016.5,30.0,0.0,,
2023-06-07 04:00:00,-4.6,-3.9,,-5.2,,95.0,0.5,1.4,284.0,277.0,1016.6,66.0,0.0,,
2023-06-07 05:00:00,-4.8,-4.4,,-5.3,,96.0,0.5,1.5,234.0,281.0,1016.7,97.0,0.0,,
2023-06-07 06:00:00,-5.1,-4.9,0.4,-5.4,-5.4,96.0,0.5,1.9,139.0,160.0,1016.8,141.0,0.0,0.0,
2023-06-07 07:00:00,-3.7,-1.7,,-5.2,,92.0,0.6,2.1,76.0,72.0,1016.6,301.0,0.0,,
2023-06-07 08:00:00,-3.6,-1.6,,-4.7,,89.0,0.5,1.5,139.0,138.0,1017.1,401.0,0.0,,
2023-06-07 09:00:00,-2.9,-1.7,,-4.1,,86.0,0.6,1.9,203.0,123.0,1017.1,504.0,0.0,,
2023-06-07 10:00:00,-2.3,-0.6,,-3.5,,82.0,0.6,2.5,290.0,146.0,1016.9,590.0,0.0,,
2023-06-07 11:00:00,-1.2,0.1,,-2.6,,79.0,1.5,4.0,93.0,130.0,1016.9,662.0,0.0,,
2023-06-07 12:00:00,0.3,0.9,,-0.3,,73.0,1.1,2.5,145.0,169.0,1016.9,703.0,0.0,,
2023-06-07 13:00:00,2.4,3.1,,0.8,,63.0,1.7,3.0,175.0,162.0,1016.9,721.0,0.0,,
2023-06-07 14:00:00,2.3,2.7,,1.9,,64.0,1.1,2.5,6.0,161.0,1016.9,575.0,0.0,,
2023-06-07 15:00:00,4.3,6.0,,2.4,,59.0,0.3,1.8,152.0,201.0,1016.6,560.0,0.0,,
2023-06-07 16:00:00,2.4,4.1,,1.7,,67.0,1.4,3.9,173.0,146.0,1016.4,568.0,0.0,,
2023-06-07 17:00:00,3.7,5.0,,1.9,,63.0,2.0,5.0,68.0,119.0,1016.0,555.0,0.0,,
2023-06-07 18:00:00,1.6,3.7,6.0,0.7,-5.2,74.0,3.9,7.1,65.0,120.0,1016.0,346.0,0.0,,
2023-06-07 19:00:00,0.7,2.1,,-0.6,,77.0,3.5,10.6,146.0,133.0,1015.7,215.0,0.0,,
2023-06-07 20:00:00,-1.3,-0.6,,-1.6,,87.0,5.4,11.8,108.0,129.0,1016.6,168.0,0.0,,
2023-06-07 21:00:00,-1.3,-0.7,,-1.6,,90.0,5.0,8.4,99.0,89.0,1016.0,93.0,0.1,,
2023-06-07 22:00:00,-0.8,-0.4,,-1.0,,87.0,5.2,7.9,81.0,93.0,1015.9,68.0,0.1,,
2023-06-07 23:00:00,-1.2,-0.9,,-1.4,,90.0,4.7,8.5,99.0,93.0,1015.9,49.0,0.1,,
2023-06-08 00:00:00,-1.2,-1.0,,-1.4,,93.0,4.7,8.1,95.0,95.0,1015.8,27.0,0.1,,
2023-06-08 01:00:00,-1.0,-0.8,,-1.2,,93.0,4.4,6.5,84.0,90.0,1015.8,22.0,0.0,,
2023-06-08 02:00:00,-0.9,-0.7,,-1.1,,95.0,6.6,8.6,89.0,85.0,1015.5,20.0,0.0,,
2023-06-08 03:00:00,-0.4,0.1,,-0.7,,93.0,5.4,8.1,90.0,96.0,1015.4,26.0,0.0,,
2023-06-08 04:00:00,0.6,1.2,,0.0,,90.0,4.1,7.0,101.0,96.0,1015.2,44.0,0.0,,
2023-06-08 05:00:00,1.1,1.4,,0.9,,90.0,3.2,5.4,89.0,91.0,1015.0,72.0,0.0,,
2023-06-08 06:00:00,1.3,1.5,2.1,1.1,-1.6,91.0,2.7,4.8,107.0,99.0,1015.3,72.0,0.0,0.4,
2023-06-08 07:00:00,1.2,1.5,,1.0,,94.0,2.0,3.2,346.0,65.0,1015.2,142.0,0.0,,
2023-06-08 08:00:00,1.2,2.3,,0.8,,92.0,2.0,4.9,107.0,108.0,1015.4,259.0,0.0,,
2023-06-08 09:00:00,1.4,1.9,,0.9,,91.0,1.8,4.7,303.0,37.0,1015.4,233.0,0.0,,
2023-06-08 10:00:00,1.4,2.3,,0.5,,91.0,2.2,9.3,50.0,45.0,1015.0,234.0,0.2,,
2023-06-08 11:00:00,1.7,2.4,,1.2,,84.0,9.0,12.6,40.0,44.0,1014.4,283.0,0.4,,
2023-06-08 12:00:00,1.5,1.9,,1.3,,82.0,10.3,16.2,38.0,36.0,1014.7,214.0,0.4,,
2023-06-08 13:00:00,1.1,1.5,,0.8,,86.0,11.3,15.2,37.0,35.0,1013.7,265.0,2.6,,
2023-06-08 14:00:00,1.7,2.0,,1.4,,79.0,15.6,20.2,43.0,40.0,1013.0,453.0,0.5,,
2023-06-08 15:00:00,1.7,2.3,,1.3,,77.0,17.3,22.5,41.0,42.0,1012.3,389.0,0.1,,
2023-06-08 16:00:00,1.5,1.7,,1.3,,79.0,18.4,22.7,41.0,40.0,1012.1,248.0,0.1,,
2023-06-08 17:00:00,1.6,2.2,,1.4,,80.0,15.0,22.4,49.0,39.0,1013.6,180.0,0.0,,
2023-06-08 18:00:00,2.0,2.6,2.6,1.5,0.5,79.0,9.6,18.6,45.0,50.0,1013.6,237.0,0.2,,
2023-06-08 19:00:00,2.3,2.8,,1.3,,78.0,8.2,16.7,84.0,60.0,1013.6,192.0,0.2,,
2023-06-08 20:00:00,1.9,2.8,,0.5,,82.0,3.7,13.6,164.0,111.0,1013.9,141.0,0.0,,
2023-06-08 21:00:00,1.7,2.4,,1.0,,83.0,2.2,6.1,156.0,154.0,1013.7,114.0,0.0,,
2023-06-08 22:00:00,1.7,3.0,,1.0,,83.0,2.5,12.8,175.0,118.0,1013.8,95.0,0.0,,
2023-06-08 23:00:00,1.7,1.9,,1.4,,85.0,3.7,5.5,146.0,145.0,1013.8,76.0,0.0,,
2023-06-09 00:00:00,1.7,1.9,,1.5,,84.0,2.4,5.6,121.0,137.0,1014.2,40.0,0.0,,
2023-06-09 01:00:00,1.6,2.2,,0.8,,83.0,2.0,8.5,36.0,64.0,1013.9,19.0,0.0,,
2023-06-09 02:00:00,0.5,2.2,,-0.5,,89.0,2.3,6.9,260.0,293.0,1014.0,15.0,0.0,,
2023-06-09 03:00:00,0.3,1.8,,-0.5,,90.0,1.9,6.3,195.0,255.0,1013.7,21.0,0.0,,
2023-06-09 04:00:00,-0.1,0.5,,-0.4,,94.0,1.4,3.3,149.0,199.0,1013.6,31.0,0.0,,
2023-06-09 05:00:00,1.5,2.3,,-0.2,,82.0,7.0,15.9,39.0,32.0,1012.3,53.0,0.3,,
2023-06-09 06:00:00,2.1,3.0,3.0,1.0,-0.5,77.0,9.9,18.5,44.0,55.0,1012.2,91.0,0.4,5.4,
2023-06-09 07:00:00,2.4,2.8,,2.2,,75.0,13.8,21.0,42.0,44.0,1011.4,165.0,0.5,,
2023-06-09 08:00:00,2.3,2.7,,1.7,,76.0,9.3,19.5,133.0,71.0,1012.4,115.0,0.0,,
2023-06-09 09:00:00,1.3,2.4,,0.4,,87.0,3.5,13.5,66.0,140.0,1011.6,207.0,0.2,,
2023-06-09 10:00:00,1.0,2.4,,0.0,,88.0,4.3,9.1,218.0,200.0,1011.8,200.0,0.0,,
2023-06-09 11:00:00,1.1,1.6,,0.1,,85.0,10.3,23.6,43.0,86.0,1009.0,216.0,1.5,,
2023-06-09 12:00:00,1.2,1.8,,0.9,,81.0,19.5,26.5,41.0,42.0,1009.1,269.0,1.2,,
2023-06-09 13:00:00,1.3,1.9,,0.8,,79.0,19.7,28.5,43.0,42.0,1007.0,304.0,1.8,,
2023-06-09 14:00:00,1.6,2.0,,1.3,,76.0,21.9,29.7,46.0,46.0,1006.4,377.0,1.4,,
2023-06-09 15:00:00,1.7,2.4,,1.4,,76.0,20.8,28.4,43.0,45.0,1008.0,350.0,1.2,,
2023-06-09 16:00:00,1.8,2.3,,1.3,,76.0,19.6,29.2,44.0,45.0,1006.7,367.0,0.7,,
2023-06-09 17:00:00,1.8,2.4,,1.3,,75.0,21.0,27.2,44.0,45.0,1005.4,279.0,0.7,,
2023-06-09 18:00:00,0.9,2.0,2.8,-0.5,-0.5,84.0,11.2,26.9,161.0,88.0,1008.7,157.0,0.2,,
2023-06-09 19:00:00,-0.3,1.1,,-0.5,,97.0,2.6,16.1,66.0,151.0,1007.6,93.0,1.3,,
2023-06-09 20:00:00,0.8,1.4,,-0.5,,84.0,7.8,16.7,230.0,101.0,1008.2,95.0,0.9,,
2023-06-09 21:00:00,-0.4,-0.1,,-0.5,,98.0,2.3,5.2,30.0,232.0,1008.3,87.0,0.3,,
2023-06-09 22:00:00,0.5,1.3,,-0.4,,88.0,4.5,11.6,45.0,61.0,1007.9,80.0,0.2,,
2023-06-09 23:00:00,0.9,1.2,,0.5,,80.0,7.3,11.1,34.0,33.0,1008.0,49.0,0.0,,
2023-06-10 00:00:00,0.5,0.7,,0.2,,84.0,6.6,9.5,39.0,42.0,1008.0,20.0,0.0,,
2023-06-10 01:00:00,0.2,0.7,,-0.4,,88.0,3.0,7.1,253.0,101.0,1007.8,20.0,0.0,,
2023-06-10 02:00:00,-0.7,-0.2,,-1.0,,97.0,1.0,2.4,146.0,171.0,1007.6,21.0,0.0,,
2023-06-10 03:00:00,-0.7,-0.5,,-0.9,,98.0,0.6,1.9,0.0,190.0,1007.1,24.0,0.0,,
2023-06-10 04:00:00,-0.5,-0.2,,-0.7,,98.0,0.6,1.6,57.0,36.0,1006.3,57.0,0.0,,
2023-06-10 05:00:00,-0.8,-0.2,,-1.4,,98.0,2.1,4.0,199.0,165.0,1006.2,59.0,0.0,,
2023-06-10 06:00:00,-1.1,-0.8,1.4,-1.3,-1.4,98.0,0.7,1.4,48.0,111.0,1006.0,77.0,0.0,12.1,
2023-06-10 07:00:00,-0.5,-0.2,,-1.0,,98.0,0.8,1.8,220.0,52.0,1005.4,186.0,0.0,,
2023-06-10 08:00:00,-0.5,-0.2,,-0.9,,97.0,0.9,1.7,263.0,216.0,1005.0,268.0,0.0,,
2023-06-10 09:00:00,-0.5,-0.2,,-0.9,,96.0,1.5,2.7,261.0,300.0,1004.4,387.0,0.0,,
2023-06-10 10:00:00,-0.1,0.4,,-0.4,,93.0,1.3,3.7,137.0,213.0,1004.1,398.0,0.0,,
2023-06-10 11:00:00,0.0,0.5,,-0.3,,93.0,3.2,4.8,180.0,155.0,1003.9,402.0,0.0,,
2023-06-10 12:00:00,-0.3,0.0,,-0.5,,95.0,2.3,4.2,177.0,184.0,1003.5,397.0,0.0,,
2023-06-10 13:00:00,0.0,0.2,,-0.2,,92.0,1.6,2.6,199.0,187.0,1003.4,481.0,0.0,,
2023-06-10 14:00:00,-0.2,0.1,,-0.6,,94.0,1.6,3.1,210.0,201.0,1003.2,466.0,0.0,,
2023-06-10 15:00:00,-0.1,0.5,,-0.5,,94.0,1.1,2.0,212.0,218.0,1002.9,514.0,0.0,,
2023-06-10 16:00:00,0.8,1.5,,0.1,,89.0,1.0,2.8,259.0,207.0,1002.5,584.0,0.0,,
2023-06-10 17:00:00,1.0,2.2,,0.2,,87.0,0.9,2.4,186.0,193.0,1002.0,607.0,0.0,,
2023-06-10 18:00:00,1.1,1.9,2.2,0.2,-0.9,86.0,0.6,1.9,210.0,236.0,1001.7,433.0,0.0,,
2023-06-10 19:00:00,1.8,3.0,,0.6,,83.0,0.6,1.9,216.0,248.0,1001.6,423.0,0.0,,
2023-06-10 20:00:00,1.3,1.9,,0.8,,85.0,0.9,2.3,0.0,192.0,1001.5,342.0,0.0,,
2023-06-10 21:00:00,1.3,1.8,,1.0,,86.0,0.9,3.3,196.0,228.0,1001.3,159.0,0.0,,
2023-06-10 22:00:00,1.1,1.5,,0.4,,87.0,1.4,4.8,97.0,131.0,1000.7,153.0,0.0,,
2023-06-10 23:00:00,0.0,1.2,,-0.8,,89.0,4.5,6.6,80.0,85.0,1000.7,105.0,0.0,,
2023-06-11 00:00:00,-0.9,-0.7,,-1.1,,94.0,3.1,5.5,87.0,78.0,1000.2,40.0,0.0,,
2023-06-11 01:00:00,-1.0,-0.5,,-1.5,,92.0,2.5,5.8,97.0,87.0,999.3,25.0,0.0,,
2023-06-11 02:00:00,-1.0,-0.4,,-1.6,,92.0,2.5,6.8,200.0,75.0,997.8,21.0,0.0,,
2023-06-11 03:00:00,-0.9,-0.2,,-1.4,,89.0,1.0,4.2,324.0,328.0,996.7,37.0,0.0,,
2023-06-11 04:00:00,-1.1,0.3,,-1.7,,89.0,4.7,10.1,77.0,121.0,995.6,94.0,0.1,,
2023-06-11 05:00:00,-0.2,0.5,,-1.4,,82.0,2.7,8.4,68.0,105.0,995.3,132.0,0.0,,
2023-06-11 06:00:00,0.0,0.7,3.0,-0.3,-1.7,81.0,2.5,7.4,82.0,79.0,994.4,213.0,0.0,0.1,
2023-06-11 07:00:00,0.0,1.0,,-0.8,,82.0,3.0,8.3,277.0,7.0,994.6,298.0,0.1,,
2023-06-11 08:00:00,-0.5,-0.1,,-0.9,,85.0,2.2,4.0,285.0,288.0,994.8,400.0,0.0,,
2023-06-11 09:00:00,-1.1,-0.3,,-2.0,,89.0,1.4,3.0,259.0,257.0,995.2,470.0,0.0,,
2023-06-11 10:00:00,-0.9,0.3,,-2.0,,87.0,0.9,2.5,183.0,175.0,994.9,552.0,0.0,,
2023-06-11 11:00:00,-2.0,-0.9,,-2.6,,93.0,1.2,3.0,168.0,206.0,995.2,547.0,0.0,,
2023-06-11 12:00:00,-0.5,0.9,,-1.4,,88.0,0.7,1.9,209.0,186.0,995.0,685.0,0.0,,
2023-06-11 13:00:00,0.5,1.9,,-0.9,,83.0,0.7,2.0,179.0,175.0,995.1,738.0,0.0,,
2023-06-11 14:00:00,0.4,1.8,,-1.1,,83.0,1.1,3.0,339.0,130.0,995.4,738.0,0.0,,
2023-06-11 15:00:00,2.8,4.1,,0.8,,74.0,1.1,4.7,149.0,93.0,994.7,708.0,0.0,,
2023-06-11 16:00:00,2.9,5.4,,1.1,,73.0,1.3,4.4,83.0,128.0,995.0,648.0,0.0,,
2023-06-11 17:00:00,4.1,5.8,,1.2,,68.0,2.4,5.7,162.0,114.0,994.7,491.0,0.0,,
2023-06-11 18:00:00,1.9,3.3,5.8,0.7,-2.6,78.0,2.4,8.0,87.0,144.0,994.6,422.0,0.0,,
2023-06-11 19:00:00,3.0,3.6,,2.1,,72.0,2.7,7.9,186.0,100.0,994.8,279.0,0.0,,
2023-06-11 20:00:00,2.4,3.1,,1.8,,74.0,0.8,2.1,168.0,130.0,994.8,173.0,0.0,,
2023-06-11 21:00:00,2.3,2.9,,1.8,,74.0,0.6,1.8,0.0,182.0,995.3,144.0,0.0,,
2023-06-11 22:00:00,3.8,4.8,,2.7,,67.0,0.9,2.5,52.0,41.0,994.9,96.0,0.0,,
2023-06-11 23:00:00,4.1,5.1,,3.2,,67.0,0.7,2.1,309.0,63.0,995.8,113.0,0.0,,
2023-06-12 00:00:00,2.2,3.4,,1.1,,77.0,1.0,2.5,316.0,331.0,996.9,31.0,0.0,,
2023-06-12 01:00:00,1.2,2.4,,0.1,,82.0,0.9,2.2,105.0,112.0,997.9,23.0,0.0,,
2023-06-12 02:00:00,0.4,1.5,,0.0,,86.0,1.0,3.1,308.0,174.0,999.1,21.0,0.0,,
2023-06-12 03:00:00,0.0,0.8,,-1.0,,86.0,0.9,2.5,120.0,297.0,1000.6,39.0,0.0,,
2023-06-12 04:00:00,0.9,2.9,,0.1,,80.0,1.8,5.5,145.0,125.0,1001.5,97.0,0.0,,
2023-06-12 05:00:00,2.4,3.8,,1.0,,71.0,1.4,3.8,125.0,69.0,1002.5,155.0,0.0,,
2023-06-12 06:00:00,2.8,5.0,5.1,1.5,-1.0,69.0,1.5,4.2,290.0,335.0,1003.6,224.0,0.0,0.1,
2023-06-12 07:00:00,3.2,7.5,,1.2,,65.0,2.1,5.9,211.0,132.0,1005.1,321.0,0.0,,
2023-06-12 08:00:00,4.5,8.0,,1.7,,58.0,1.4,3.9,266.0,144.0,1005.3,399.0,0.0,,
2023-06-12 09:00:00,5.5,8.0,,3.2,,54.0,2.6,7.1,143.0,104.0,1006.3,506.0,0.0,,
2023-06-12 10:00:00,7.5,10.1,,4.4,,44.0,2.4,6.9,191.0,75.0,1006.5,591.0,0.0,,
2023-06-12 11:00:00,5.5,7.5,,4.6,,53.0,2.8,6.5,159.0,154.0,1007.4,659.0,0.0,,
2023-06-12 12:00:00,5.5,6.6,,4.3,,53.0,1.9,4.5,163.0,144.0,1008.3,712.0,0.0,,
2023-06-12 13:00:00,7.6,8.5,,6.4,,42.0,0.8,2.0,48.0,204.0,1008.4,739.0,0.0,,
2023-06-12 14:00:00,7.9,9.3,,5.6,,43.0,0.9,2.1,75.0,194.0,1008.3,744.0,0.0,,
2023-06-12 15:00:00,9.3,10.7,,7.6,,38.0,1.2,4.4,151.0,196.0,1008.2,722.0,0.0,,
2023-06-12 20:00:00,1.5,,,,,77.0,6.3,9.1,98.0,,1006.4,325.0,,,
2023-06-12 21:00:00,1.4,2.1,,0.9,,77.0,5.5,9.3,85.0,84.0,1005.9,269.0,0.0,,
2023-06-12 22:00:00,2.2,3.0,,1.5,,72.0,1.5,4.7,36.0,160.0,1005.7,189.0,0.0,,
2023-06-12 23:00:00,1.8,3.1,,0.0,,75.0,0.9,2.9,165.0,157.0,1005.7,122.0,0.0,,
2023-06-13 00:00:00,1.1,2.1,,-0.1,,79.0,0.4,2.0,138.0,285.0,1005.4,38.0,0.0,,
2023-06-13 01:00:00,1.4,1.9,,1.0,,76.0,0.3,1.0,341.0,247.0,1005.3,26.0,0.0,,
2023-06-13 02:00:00,1.5,2.1,,1.2,,76.0,0.4,1.5,209.0,252.0,1005.1,23.0,0.0,,
2023-06-13 03:00:00,2.0,2.5,,1.6,,73.0,0.5,1.5,318.0,306.0,1004.8,40.0,0.0,,
2023-06-13 04:00:00,2.0,2.7,,0.6,,71.0,0.6,2.3,225.0,273.0,1004.1,87.0,0.0,,
2023-06-13 05:00:00,1.4,2.0,,0.3,,73.0,0.5,2.2,225.0,257.0,1003.7,140.0,0.0,,
2023-06-13 06:00:00,2.3,3.3,,1.8,,69.0,0.5,1.3,266.0,311.0,1004.0,213.0,0.0,,
2023-06-13 07:00:00,2.2,3.0,,1.5,,70.0,0.6,2.2,187.0,105.0,1003.9,302.0,0.0,,
2023-06-13 11:00:00,3.3,,,,,67.0,0.4,1.2,265.0,,1004.5,676.0,,,
2023-06-13 12:00:00,4.3,5.7,,3.3,,65.0,0.7,2.1,162.0,145.0,1004.4,607.0,0.2,,
2023-06-13 13:00:00,3.8,5.7,,2.9,,66.0,2.1,3.7,176.0,156.0,1004.5,714.0,0.0,,
2023-06-13 14:00:00,4.8,6.3,,4.0,,60.0,1.4,2.5,150.0,151.0,1004.1,623.0,0.0,,
2023-06-13 15:00:00,5.8,7.6,,4.5,,55.0,1.3,2.6,181.0,166.0,1004.6,703.0,0.0,,
2023-06-13 16:00:00,6.5,7.5,,5.7,,54.0,0.8,2.2,179.0,166.0,1004.8,662.0,0.0,,
2023-06-13 17:00:00,7.1,8.1,,6.1,,53.0,1.1,2.3,201.0,167.0,1004.7,595.0,0.0,,
2023-06-13 18:00:00,7.5,8.4,,6.7,,53.0,0.6,1.5,233.0,200.0,1005.1,512.0,0.0,,
2023-06-13 19:00:00,7.4,8.7,,5.9,,54.0,0.5,1.9,11.0,175.0,1005.3,417.0,0.0,,
2023-06-13 20:00:00,8.0,9.2,,6.9,,53.0,0.5,1.8,317.0,38.0,1005.1,354.0,0.0,,
2023-06-13 21:00:00,5.8,9.0,,3.0,,62.0,0.8,2.8,49.0,130.0,1005.5,260.0,0.0,,
2023-06-13 22:00:00,7.5,8.9,,6.0,,53.0,0.5,1.5,0.0,133.0,1006.0,156.0,0.0,,
2023-06-13 23:00:00,6.1,8.4,,4.8,,59.0,1.1,2.6,151.0,270.0,1006.1,58.0,0.0,,
2023-06-14 00:00:00,6.7,8.9,,5.2,,57.0,1.1,4.5,31.0,32.0,1006.3,35.0,0.0,,
2023-06-14 01:00:00,8.8,10.1,,7.2,,48.0,1.0,3.7,18.0,81.0,1006.0,32.0,0.0,,
2023-06-14 02:00:00,7.9,9.4,,7.0,,51.0,1.0,5.0,224.0,307.0,1006.7,30.0,0.0,,
2023-06-14 03:00:00,5.3,7.0,,3.7,,62.0,0.7,3.0,59.0,312.0,1006.7,44.0,0.0,,
2023-06-14 04:00:00,4.0,6.4,,2.1,,68.0,1.3,6.9,156.0,176.0,1007.5,40.0,0.0,,
2023-06-14 05:00:00,3.2,4.1,,2.1,,72.0,3.0,6.8,238.0,116.0,1008.4,134.0,0.0,,
2023-06-14 06:00:00,2.0,2.6,10.1,1.2,1.1,78.0,1.5,4.7,310.0,299.0,1009.3,200.0,0.0,,
2023-06-14 07:00:00,1.6,2.6,,0.7,,81.0,1.3,3.4,4.0,328.0,1010.3,296.0,0.0,,
2023-06-14 08:00:00,2.0,3.3,,0.7,,79.0,1.2,3.1,256.0,281.0,1011.2,339.0,0.0,,
2023-06-14 09:00:00,1.6,2.3,,0.9,,81.0,0.9,2.2,249.0,252.0,1011.9,441.0,0.0,,
2023-06-14 10:00:00,1.6,2.0,,1.1,,80.0,1.1,2.4,255.0,258.0,1012.8,572.0,0.0,,
2023-06-14 11:00:00,2.0,3.0,,1.2,,78.0,1.6,3.2,251.0,269.0,1013.4,641.0,0.0,,
2023-06-14 12:00:00,1.6,2.4,,1.2,,80.0,1.8,4.0,292.0,263.0,1014.0,693.0,0.0,,
2023-06-14 13:00:00,1.8,2.4,,1.3,,80.0,1.6,3.6,280.0,264.0,1014.9,722.0,0.0,,
2023-06-14 14:00:00,2.5,3.2,,1.8,,76.0,1.3,2.9,234.0,252.0,1015.4,726.0,0.0,,
2023-06-14 15:00:00,1.8,2.4,,1.2,,79.0,1.1,2.6,255.0,242.0,1016.1,706.0,0.0,,
2023-06-14 16:00:00,2.3,2.9,,1.6,,77.0,1.4,2.6,246.0,254.0,1016.3,670.0,0.0,,
2023-06-14 17:00:00,1.9,2.7,,1.1,,80.0,1.5,3.0,250.0,258.0,1016.8,598.0,0.0,,
2023-06-14 18:00:00,1.5,2.2,3.3,0.9,0.7,83.0,1.5,3.6,252.0,260.0,1017.1,521.0,0.0,,
2023-06-14 19:00:00,1.3,2.2,,0.6,,84.0,2.0,3.8,277.0,277.0,1017.5,391.0,0.0,,
2023-06-14 20:00:00,1.2,1.6,,0.8,,83.0,2.4,4.4,296.0,291.0,1017.9,319.0,0.0,,
2023-06-14 21:00:00,0.7,1.0,,0.2,,86.0,2.0,3.8,228.0,274.0,1018.0,262.0,0.0,,
2023-06-14 22:00:00,-0.4,0.4,,-0.9,,91.0,1.0,3.2,37.0,263.0,1018.4,161.0,0.0,,
2023-06-14 23:00:00,0.2,1.1,,-1.4,,88.0,1.5,3.1,185.0,271.0,1018.4,119.0,0.0,,
2023-06-15 00:00:00,-1.2,-0.7,,-1.5,,96.0,1.0,2.6,5.0,294.0,1018.4,39.0,0.0,,
2023-06-15 01:00:00,-0.9,-0.5,,-1.4,,95.0,1.2,2.5,151.0,84.0,1018.8,35.0,0.0,,
2023-06-15 02:00:00,-1.7,-1.1,,-2.2,,98.0,1.2,2.7,304.0,225.0,1019.0,23.0,0.0,,
2023-06-15 03:00:00,-1.9,-1.8,,-2.2,,99.0,1.9,3.7,337.0,335.0,1018.7,18.0,0.0,,
2023-06-15 04:00:00,-2.0,-1.7,,-2.2,,99.0,0.8,1.9,291.0,96.0,1018.7,30.0,0.0,,
2023-06-15 05:00:00,-2.3,-1.9,,-2.5,,99.0,1.1,2.8,56.0,328.0,1018.6,63.0,0.0,,
2023-06-15 11:00:00,1.3,,,,,79.0,1.6,2.9,171.0,,1018.6,679.0,,,
2023-06-15 12:00:00,1.2,1.8,,0.9,,80.0,1.3,2.7,247.0,215.0,1018.7,666.0,0.1,,
2023-06-15 13:00:00,1.9,3.2,,1.1,,79.0,1.2,2.8,127.0,193.0,1018.7,746.0,0.0,,
2023-06-15 14:00:00,2.3,2.7,,1.8,,77.0,1.4,2.5,172.0,188.0,1018.3,743.0,0.0,,
2023-06-15 15:00:00,2.3,3.8,,1.4,,78.0,0.9,2.3,248.0,240.0,1018.1,731.0,0.0,,
2023-06-15 16:00:00,2.6,3.6,,1.8,,77.0,2.0,5.4,297.0,278.0,1017.9,629.0,0.0,,
2023-06-15 17:00:00,2.1,3.6,,0.9,,81.0,2.8,4.7,255.0,277.0,1017.9,635.0,0.0,,
2023-06-15 18:00:00,0.6,0.9,,0.3,,91.0,1.5,3.8,241.0,241.0,1017.8,516.0,0.0,,
2023-06-15 19:00:00,0.8,1.6,,0.3,,87.0,0.9,2.2,274.0,256.0,1017.7,439.0,0.0,,
2023-06-15 20:00:00,0.1,1.8,,-0.9,,90.0,0.9,2.1,116.0,186.0,1017.7,337.0,0.0,,
2023-06-15 21:00:00,-0.4,0.7,,-1.4,,92.0,0.6,1.6,69.0,177.0,1017.1,179.0,0.0,,
2023-06-15 22:00:00,0.8,2.8,,-0.9,,86.0,0.4,2.0,352.0,222.0,1017.3,197.0,0.0,,
2023-06-15 23:00:00,-0.5,0.4,,-1.2,,90.0,0.5,3.0,25.0,331.0,1017.1,122.0,0.0,,
2023-06-16 00:00:00,-1.0,0.1,,-1.8,,93.0,0.7,1.8,182.0,180.0,1017.1,29.0,0.0,,
2023-06-16 01:00:00,-1.4,-0.3,,-2.1,,95.0,0.5,1.5,105.0,124.0,1016.6,22.0,0.0,,
2023-06-16 02:00:00,-0.8,0.2,,-1.9,,93.0,0.5,1.2,274.0,270.0,1016.4,21.0,0.0,,
2023-06-16 03:00:00,-0.6,0.0,,-1.4,,90.0,0.8,2.3,142.0,175.0,1016.2,45.0,0.0,,
2023-06-16 04:00:00,-0.6,-0.1,,-1.1,,90.0,0.4,1.5,289.0,279.0,1016.2,93.0,0.0,,
2023-06-16 05:00:00,0.7,1.9,,-0.6,,85.0,1.3,4.3,42.0,84.0,1015.5,145.0,0.0,,
2023-06-16 06:00:00,1.4,2.3,2.8,0.5,-2.1,81.0,0.8,2.5,251.0,184.0,1015.3,219.0,0.0,,
2023-06-16 07:00:00,1.9,2.9,,0.2,,89.0,2.3,8.9,83.0,145.0,1015.4,242.0,0.0,,
2023-06-16 08:00:00,3.1,3.8,,2.6,,96.0,5.0,11.1,100.0,95.0,1015.1,250.0,0.0,,
2023-06-16 09:00:00,4.0,4.6,,3.1,,91.0,9.2,12.5,91.0,97.0,1014.7,426.0,0.2,,
2023-06-16 10:00:00,5.8,6.9,,4.2,,88.0,8.5,11.2,99.0,100.0,1014.4,442.0,0.1,,
2023-06-16 11:00:00,6.1,6.9,,5.1,,86.0,8.2,11.5,90.0,96.0,1014.6,545.0,0.2,,
2023-06-16 12:00:00,5.0,5.6,,4.4,,91.0,6.5,9.5,76.0,90.0,1014.3,317.0,0.0,,
2023-06-16 13:00:00,7.1,8.1,,5.7,,85.0,5.1,8.9,81.0,83.0,1013.9,646.0,0.0,,
2023-06-16 14:00:00,6.5,8.1,,5.7,,88.0,6.5,9.8,103.0,92.0,1013.7,230.0,0.0,,
2023-06-16 15:00:00,6.5,7.2,,5.7,,89.0,5.9,11.0,73.0,109.0,1013.0,200.0,0.0,,
2023-06-16 16:00:00,5.4,6.4,,4.7,,89.0,7.9,12.6,95.0,89.0,1012.4,277.0,0.1,,
2023-06-16 17:00:00,4.6,5.3,,3.8,,89.0,9.2,12.1,87.0,92.0,1011.4,321.0,0.1,,
2023-06-16 18:00:00,5.2,5.6,8.1,4.8,0.2,87.0,9.1,12.1,79.0,88.0,1011.7,518.0,0.2,,
2023-06-16 19:00:00,6.0,7.0,,4.4,,87.0,6.2,11.8,133.0,117.0,1011.3,405.0,0.0,,
2023-06-16 20:00:00,5.9,7.3,,4.3,,89.0,6.8,10.1,93.0,88.0,1010.9,253.0,0.1,,
2023-06-16 21:00:00,4.0,4.3,,3.7,,96.0,8.5,11.9,83.0,85.0,1010.0,137.0,0.1,,
2023-06-16 22:00:00,4.1,4.7,,3.6,,95.0,9.9,13.1,91.0,89.0,1010.0,118.0,0.3,,
2023-06-16 23:00:00,5.3,7.1,,3.6,,91.0,7.1,11.5,123.0,94.0,1009.9,97.0,0.0,,
2023-06-17 00:00:00,6.5,7.7,,5.5,,90.0,5.9,10.0,130.0,114.0,1010.0,69.0,0.1,,
2023-06-17 01:00:00,5.7,6.1,,5.4,,92.0,6.2,12.4,119.0,115.0,1009.9,31.0,0.1,,
2023-06-17 02:00:00,4.3,5.4,,3.3,,94.0,4.5,9.5,95.0,106.0,1009.7,12.0,0.0,,
2023-06-17 03:00:00,4.0,4.8,,3.3,,94.0,4.3,8.1,107.0,89.0,1009.5,19.0,0.0,,
2023-06-17 04:00:00,4.5,5.2,,4.1,,87.0,5.8,14.5,76.0,76.0,1009.1,124.0,0.2,,
2023-06-17 05:00:00,4.3,5.7,,3.1,,82.0,6.7,14.7,148.0,128.0,1008.6,82.0,0.0,,
2023-06-17 06:00:00,3.2,4.8,7.7,2.4,2.4,86.0,5.1,13.6,138.0,102.0,1009.0,42.0,0.0,1.8,
2023-06-17 07:00:00,3.1,3.7,,2.7,,90.0,5.0,10.5,117.0,107.0,1008.9,47.0,0.1,,
2023-06-17 08:00:00,2.3,3.4,,1.6,,92.0,6.9,12.9,100.0,126.0,1009.3,57.0,0.2,,
2023-06-17 09:00:00,1.7,2.3,,1.3,,95.0,6.1,13.2,123.0,101.0,1009.3,59.0,0.0,,
2023-06-17 10:00:00,1.9,2.3,,1.4,,92.0,6.3,11.6,129.0,130.0,1009.3,104.0,0.1,,
2023-06-17 11:00:00,1.3,1.7,,1.0,,94.0,6.1,10.7,95.0,97.0,1009.3,76.0,0.0,,
2023-06-17 12:00:00,1.3,1.6,,1.1,,94.0,6.7,10.6,89.0,93.0,1009.3,74.0,0.1,,
2023-06-17 13:00:00,1.3,2.1,,1.0,,93.0,6.1,11.1,124.0,103.0,1009.8,106.0,0.1,,
2023-06-17 14:00:00,1.5,2.0,,1.2,,91.0,6.4,12.4,98.0,103.0,1009.6,153.0,0.2,,
2023-06-17 15:00:00,1.2,1.6,,1.0,,95.0,4.9,10.1,84.0,84.0,1009.5,129.0,0.1,,
2023-06-17 16:00:00,1.0,1.4,,0.6,,94.0,5.8,10.9,101.0,96.0,1009.2,208.0,0.0,,
2023-06-17 17:00:00,1.1,1.7,,0.6,,92.0,6.9,12.5,73.0,107.0,1009.4,418.0,0.1,,
2023-06-17 18:00:00,0.9,1.3,3.7,0.6,0.6,93.0,6.8,13.1,99.0,77.0,1009.5,107.0,0.1,,
2023-06-17 19:00:00,0.8,1.2,,0.4,,93.0,5.2,10.3,101.0,112.0,1009.8,93.0,0.1,,
2023-06-17 20:00:00,1.0,1.3,,0.6,,91.0,4.9,9.8,94.0,118.0,1009.5,107.0,0.1,,
2023-06-17 21:00:00,0.8,1.0,,0.6,,93.0,6.7,10.7,133.0,107.0,1010.1,86.0,0.1,,
2023-06-17 22:00:00,1.2,1.6,,0.8,,89.0,6.1,11.4,72.0,105.0,1010.3,66.0,0.1,,
2023-06-17 23:00:00,1.6,1.9,,1.4,,86.0,4.7,9.7,128.0,124.0,1010.9,49.0,0.0,,
2023-06-18 00:00:00,1.5,1.9,,1.3,,88.0,5.3,10.0,111.0,96.0,1011.3,42.0,0.1,,
2023-06-18 01:00:00,2.1,2.5,,1.7,,87.0,4.7,8.5,75.0,95.0,1011.3,32.0,0.0,,
2023-06-18 02:00:00,2.6,2.8,,2.4,,87.0,2.7,7.3,76.0,109.0,1011.7,25.0,0.0,,
2023-06-18 03:00:00,2.6,2.8,,2.1,,84.0,2.1,7.1,33.0,98.0,1012.1,13.0,0.0,,
2023-06-18 04:00:00,1.7,2.2,,1.2,,81.0,7.5,12.0,32.0,36.0,1012.6,14.0,0.1,,
2023-06-18 05:00:00,1.0,1.3,,0.8,,85.0,8.6,11.9,35.0,33.0,1013.1,34.0,0.1,,
2023-06-18 06:00:00,1.0,1.3,2.8,0.6,0.4,84.0,8.3,12.4,14.0,27.0,1013.4,63.0,0.0,1.8,
2023-06-18 07:00:00,1.1,1.3,,0.8,,81.0,6.6,11.0,19.0,18.0,1014.4,152.0,0.1,,
2023-06-18 08:00:00,1.5,2.0,,1.1,,78.0,5.7,9.5,25.0,21.0,1015.2,307.0,0.0,,
2023-06-18 09:00:00,2.0,2.3,,1.7,,76.0,6.7,8.8,43.0,38.0,1015.6,259.0,0.0,,
2023-06-18 10:00:00,2.4,2.8,,2.1,,71.0,7.2,10.1,42.0,43.0,1015.7,336.0,0.0,,
2023-06-18 11:00:00,2.7,3.2,,2.3,,68.0,7.2,11.1,43.0,42.0,1016.1,429.0,0.0,,
2023-06-18 12:00:00,2.1,3.2,,1.3,,77.0,2.7,8.7,166.0,127.0,1016.9,627.0,0.0,,
2023-06-18 13:00:00,1.9,2.7,,1.1,,82.0,1.5,3.3,227.0,209.0,1017.3,786.0,0.0,,
2023-06-18 14:00:00,1.9,2.4,,1.5,,82.0,1.3,2.6,220.0,200.0,1017.3,739.0,0.0,,
2023-06-18 15:00:00,1.8,2.3,,1.2,,82.0,1.4,2.7,174.0,210.0,1017.6,701.0,0.0,,
2023-06-18 16:00:00,0.9,1.3,,0.7,,87.0,1.5,2.2,184.0,177.0,1017.9,432.0,0.0,,
2023-06-18 17:00:00,1.1,1.8,,0.7,,86.0,1.1,2.2,174.0,180.0,1018.1,452.0,0.0,,
2023-06-18 18:00:00,2.0,2.7,3.2,0.9,0.7,81.0,0.7,2.0,212.0,176.0,1018.1,525.0,0.0,,
2023-06-18 19:00:00,1.2,2.3,,0.5,,86.0,0.9,2.2,234.0,237.0,1018.1,377.0,0.0,,
2023-06-18 20:00:00,0.8,1.4,,0.0,,89.0,0.8,2.1,198.0,217.0,1018.4,257.0,0.0,,
2023-06-18 21:00:00,-0.1,0.4,,-0.5,,94.0,0.6,2.0,0.0,200.0,1018.4,102.0,0.0,,
2023-06-18 22:00:00,0.0,1.8,,-1.0,,91.0,1.3,4.6,304.0,347.0,1018.7,71.0,0.0,,
2023-06-18 23:00:00,-0.1,1.1,,-0.9,,93.0,0.5,2.3,274.0,305.0,1018.8,84.0,0.0,,
2023-06-19 00:00:00,0.8,1.3,,0.1,,86.0,0.8,3.4,22.0,316.0,1019.0,60.0,0.0,,
2023-06-19 01:00:00,0.0,1.2,,-0.6,,92.0,0.6,4.3,140.0,158.0,1019.1,34.0,0.0,,
2023-06-19 02:00:00,0.7,1.8,,-0.8,,86.0,2.1,6.9,221.0,129.0,1019.4,26.0,0.0,,
2023-06-19 03:00:00,-0.8,-0.6,,-1.1,,97.0,0.4,2.0,291.0,216.0,1019.1,25.0,0.0,,
2023-06-19 04:00:00,-1.0,-0.7,,-1.2,,98.0,0.5,1.9,82.0,199.0,1019.1,36.0,0.0,,
2023-06-19 05:00:00,-1.1,-0.7,,-1.5,,98.0,0.7,2.7,78.0,315.0,1019.0,58.0,0.0,,
2023-06-19 06:00:00,-1.1,-0.8,2.3,-1.5,-1.5,98.0,0.4,1.6,102.0,162.0,1019.1,103.0,0.0,0.1,
2023-06-19 07:00:00,0.0,1.5,,-1.2,,93.0,2.2,7.4,51.0,110.0,1019.2,159.0,0.0,,
2023-06-19 08:00:00,0.9,1.7,,-0.4,,85.0,3.5,7.9,272.0,350.0,1019.7,184.0,0.0,,
2023-06-19 09:00:00,-0.4,0.2,,-0.8,,93.0,1.4,2.6,255.0,258.0,1019.6,207.0,0.0,,
2023-06-19 10:00:00,0.8,2.0,,0.0,,86.0,1.5,3.2,210.0,244.0,1019.6,419.0,0.0,,
2023-06-19 11:00:00,2.1,3.8,,-0.1,,78.0,2.7,7.0,15.0,338.0,1019.4,348.0,0.0,,
2023-06-19 12:00:00,2.8,3.9,,1.3,,74.0,3.5,7.5,28.0,353.0,1019.1,302.0,0.0,,
2023-06-19 13:00:00,3.6,3.9,,3.2,,68.0,4.8,8.7,19.0,16.0,1019.1,286.0,0.0,,
2023-06-19 14:00:00,3.7,4.0,,2.7,,69.0,5.7,9.0,32.0,22.0,1018.6,295.0,0.1,,
2023-06-19 15:00:00,3.1,3.6,,2.6,,73.0,6.6,9.4,36.0,33.0,1018.6,212.0,0.0,,
2023-06-19 16:00:00,2.5,3.0,,2.2,,81.0,6.3,10.6,20.0,27.0,1018.5,199.0,0.2,,
2023-06-19 17:00:00,2.7,3.2,,2.0,,81.0,3.9,7.6,355.0,357.0,1018.4,189.0,0.2,,
2023-06-19 18:00:00,2.8,3.1,4.0,2.6,-1.2,80.0,7.0,10.2,24.0,23.0,1018.0,144.0,0.1,,
2023-06-19 19:00:00,2.5,3.0,,1.4,,83.0,4.0,8.5,235.0,341.0,1018.2,121.0,0.0,,
2023-06-19 20:00:00,1.1,1.7,,0.7,,92.0,1.2,3.1,234.0,235.0,1018.2,109.0,0.0,,
2023-06-19 21:00:00,0.6,1.0,,0.2,,96.0,1.3,3.1,246.0,235.0,1018.1,89.0,0.1,,
2023-06-19 22:00:00,0.8,1.1,,0.4,,95.0,0.8,2.3,194.0,226.0,1017.7,82.0,0.1,,
2023-06-19 23:00:00,1.1,1.4,,0.8,,93.0,0.9,2.7,237.0,233.0,1017.3,43.0,0.0,,
2023-06-20 00:00:00,1.3,2.2,,0.9,,92.0,1.6,4.5,252.0,256.0,1017.2,18.0,0.0,,
2023-06-20 01:00:00,2.2,2.9,,0.7,,86.0,3.5,9.5,8.0,334.0,1016.9,12.0,0.1,,
2023-06-20 02:00:00,2.7,3.0,,2.2,,82.0,6.2,11.8,22.0,13.0,1016.2,9.0,0.1,,
2023-06-20 03:00:00,2.6,2.8,,2.4,,82.0,8.5,13.7,20.0,16.0,1015.9,9.0,0.2,,
2023-06-20 04:00:00,2.5,2.7,,2.3,,82.0,8.5,13.0,26.0,22.0,1016.3,11.0,0.0,,
2023-06-20 05:00:00,2.2,2.5,,2.0,,83.0,8.5,11.9,19.0,22.0,1016.0,22.0,0.1,,
2023-06-20 06:00:00,2.0,2.2,3.0,1.8,0.2,83.0,8.2,11.8,17.0,21.0,1016.2,57.0,0.1,1.4,
2023-06-20 07:00:00,2.2,2.5,,1.9,,82.0,6.2,11.3,354.0,11.0,1016.4,83.0,0.0,,
2023-06-20 08:00:00,1.9,2.6,,0.8,,86.0,2.6,4.7,249.0,307.0,1016.6,110.0,0.0,,
2023-06-20 09:00:00,1.6,2.5,,0.9,,90.0,1.0,2.4,320.0,307.0,1016.5,118.0,0.1,,
2023-06-20 10:00:00,2.2,2.7,,1.6,,87.0,0.6,1.9,266.0,268.0,1016.6,98.0,0.0,,
2023-06-20 11:00:00,1.6,2.1,,1.2,,92.0,0.3,1.4,292.0,269.0,1016.7,86.0,1.3,,
2023-06-20 12:00:00,0.6,1.3,,0.2,,96.0,1.0,1.9,286.0,265.0,1016.6,120.0,1.2,,
2023-06-20 13:00:00,0.8,1.2,,0.4,,96.0,1.4,3.4,265.0,268.0,1016.2,175.0,0.2,,
2023-06-20 14:00:00,0.4,0.8,,0.0,,97.0,1.1,2.2,266.0,248.0,1016.1,176.0,0.3,,
2023-06-20 15:00:00,0.8,1.2,,0.5,,97.0,1.4,2.6,292.0,275.0,1015.6,165.0,0.4,,
2023-06-20 16:00:00,1.0,1.4,,0.5,,96.0,1.3,2.6,234.0,255.0,1015.3,136.0,0.1,,
2023-06-20 17:00:00,1.1,1.4,,0.8,,96.0,0.6,1.5,246.0,260.0,1014.5,126.0,0.3,,
2023-06-20 18:00:00,1.8,2.8,2.8,1.1,0.0,93.0,1.5,4.5,249.0,308.0,1014.2,143.0,0.1,,
2023-06-20 19:00:00,1.0,1.4,,0.6,,97.0,1.3,2.9,287.0,267.0,1013.7,96.0,0.7,,
2023-06-20 20:00:00,1.4,1.6,,1.1,,96.0,1.4,2.6,279.0,271.0,1013.4,59.0,1.0,,
2023-06-20 21:00:00,1.0,1.3,,0.8,,97.0,1.1,2.9,273.0,270.0,1012.9,38.0,1.8,,
2023-06-20 22:00:00,0.8,1.3,,0.5,,96.0,3.7,6.7,293.0,299.0,1011.6,28.0,1.3,,
2023-06-20 23:00:00,0.8,1.1,,0.6,,95.0,3.4,6.3,304.0,296.0,1011.1,13.0,1.4,,
2023-06-21 00:00:00,1.1,2.2,,-0.1,,92.0,2.3,4.8,299.0,316.0,1010.5,4.0,1.5,,
2023-06-21 01:00:00,-0.3,0.4,,-0.5,,98.0,2.1,4.2,303.0,288.0,1010.3,2.0,1.4,,
2023-06-21 02:00:00,-0.3,0.0,,-0.5,,99.0,2.2,5.0,315.0,290.0,1009.0,2.0,1.1,,
2023-06-21 03:00:00,0.0,0.7,,-0.4,,98.0,3.8,6.1,323.0,312.0,1008.1,4.0,0.6,,
2023-06-21 04:00:00,1.1,1.7,,0.2,,91.0,3.8,6.9,6.0,343.0,1007.6,7.0,2.8,,
2023-06-21 05:00:00,1.6,1.9,,1.3,,87.0,5.0,7.8,357.0,16.0,1006.8,12.0,0.8,,
2023-06-21 06:00:00,1.6,2.0,2.2,0.8,-0.5,88.0,4.2,7.2,341.0,358.0,1006.2,21.0,0.5,18.9,
2023-06-21 07:00:00,1.5,2.1,,0.5,,90.0,3.8,6.3,36.0,8.0,1005.6,47.0,1.5,,
2023-06-21 08:00:00,1.0,2.4,,0.3,,94.0,1.9,5.9,10.0,315.0,1004.9,75.0,0.9,,
2023-06-21 09:00:00,1.6,2.1,,0.7,,90.0,2.7,5.8,260.0,345.0,1004.7,70.0,0.6,,
2023-06-21 10:00:00,0.5,0.8,,0.3,,97.0,0.6,2.1,125.0,209.0,1004.3,98.0,0.1,,
2023-06-21 11:00:00,0.7,1.2,,0.3,,98.0,0.0,1.0,158.0,0.0,1003.8,96.0,0.2,,
2023-06-21 12:00:00,0.4,0.8,,0.2,,98.0,1.1,2.5,168.0,177.0,1003.7,130.0,1.6,,
2023-06-21 13:00:00,0.5,0.8,,0.3,,97.0,1.5,2.9,171.0,150.0,1003.3,220.0,0.8,,
2023-06-21 14:00:00,0.8,1.0,,0.4,,95.0,1.5,3.1,165.0,164.0,1002.9,341.0,0.3,,
2023-06-21 15:00:00,0.5,0.8,,0.2,,97.0,2.5,4.2,177.0,177.0,1002.7,247.0,0.0,,
2023-06-21 16:00:00,0.7,1.1,,0.4,,97.0,3.3,5.6,122.0,150.0,1002.3,278.0,0.1,,
2023-06-21 17:00:00,1.0,1.5,,0.2,,96.0,1.9,3.8,180.0,149.0,1001.8,459.0,0.0,,
2023-06-21 18:00:00,1.5,2.7,2.7,0.7,0.2,93.0,2.3,4.4,161.0,151.0,1001.7,511.0,0.0,,
2023-06-21 19:00:00,1.3,1.9,,0.8,,92.0,2.3,3.9,79.0,120.0,1001.8,450.0,0.0,,
2023-06-21 20:00:00,1.6,2.4,,1.0,,91.0,1.9,3.9,172.0,140.0,1001.9,371.0,0.0,,
2023-06-21 21:00:00,0.8,1.1,,0.3,,93.0,1.6,2.7,188.0,177.0,1002.0,280.0,0.0,,
2023-06-21 22:00:00,0.4,0.8,,-0.2,,93.0,1.3,3.0,177.0,174.0,1002.0,188.0,0.0,,
2023-06-21 23:00:00,-0.2,0.1,,-0.4,,98.0,1.3,3.1,75.0,148.0,1002.1,80.0,0.0,,
2023-06-22 00:00:00,-0.3,0.6,,-1.0,,98.0,1.0,2.2,286.0,318.0,1002.2,45.0,0.0,,
2023-06-22 01:00:00,-1.0,-0.5,,-1.6,,99.0,0.6,1.8,145.0,187.0,1002.3,24.0,0.0,,
2023-06-22 02:00:00,-1.6,-1.3,,-2.4,,99.0,1.0,2.9,162.0,169.0,1002.3,19.0,0.0,,
2023-06-22 03:00:00,-1.4,-0.5,,-2.4,,98.0,1.1,3.5,131.0,136.0,1002.3,48.0,0.0,,
2023-06-22 04:00:00,-1.0,-0.4,,-1.6,,94.0,3.2,6.6,104.0,76.0,1002.3,108.0,0.1,,
2023-06-22 05:00:00,-1.7,-1.2,,-2.0,,96.0,4.0,8.3,76.0,99.0,1002.0,98.0,0.0,,
2023-06-22 06:00:00,-2.0,-1.7,2.4,-2.4,-2.4,97.0,6.6,10.0,89.0,92.0,1001.9,177.0,0.2,6.4,
2023-06-22 07:00:00,-0.4,0.9,,-1.8,,91.0,3.3,7.7,113.0,87.0,1002.3,311.0,0.0,,
2023-06-22 08:00:00,0.1,1.4,,-0.7,,89.0,1.2,4.2,72.0,158.0,1002.5,426.0,0.0,,
2023-06-22 09:00:00,0.2,1.4,,-0.6,,88.0,1.8,3.9,255.0,194.0,1002.9,494.0,0.0,,
2023-06-22 10:00:00,0.6,1.3,,-0.1,,87.0,1.5,6.8,95.0,189.0,1003.1,552.0,0.0,,
2023-06-22 11:00:00,1.1,1.7,,0.5,,85.0,5.0,7.5,84.0,93.0,1003.0,645.0,0.0,,
2023-06-22 12:00:00,1.8,2.7,,1.0,,81.0,1.7,4.1,243.0,178.0,1003.6,727.0,0.0,,
2023-06-22 13:00:00,0.8,1.5,,-0.7,,86.0,2.1,3.9,240.0,250.0,1003.9,731.0,0.0,,
2023-06-22 14:00:00,-0.7,0.3,,-1.2,,93.0,1.6,3.1,195.0,198.0,1004.3,665.0,0.0,,
2023-06-22 15:00:00,0.9,1.6,,0.3,,85.0,1.5,4.0,175.0,175.0,1004.1,705.0,0.0,,
2023-06-22 16:00:00,1.3,1.8,,0.9,,82.0,5.4,10.1,93.0,110.0,1003.8,630.0,0.0,,
2023-06-22 17:00:00,1.6,2.3,,0.9,,79.0,6.0,9.3,85.0,94.0,1003.9,621.0,0.0,,
2023-06-22 18:00:00,1.5,2.5,2.7,0.5,-1.8,81.0,7.1,10.0,99.0,95.0,1003.6,527.0,0.1,,
2023-06-22 19:00:00,0.8,1.3,,0.4,,83.0,7.6,10.8,90.0,94.0,1003.3,456.0,0.1,,
2023-06-22 20:00:00,1.8,2.2,,1.0,,79.0,5.6,8.1,96.0,89.0,1003.1,366.0,0.0,,
2023-06-22 21:00:00,1.5,2.1,,1.1,,81.0,5.7,7.8,89.0,92.0,1003.3,274.0,0.0,,
2023-06-22 22:00:00,0.8,1.6,,0.3,,85.0,6.3,9.4,82.0,84.0,1003.5,196.0,0.0,,
2023-06-22 23:00:00,0.5,1.1,,-0.3,,87.0,5.7,9.1,83.0,80.0,1003.3,127.0,0.1,,
2023-06-23 00:00:00,-0.4,0.1,,-0.8,,91.0,6.5,9.2,79.0,82.0,1003.4,38.0,0.0,,
2023-06-23 01:00:00,-1.0,-0.5,,-1.5,,94.0,7.9,10.9,89.0,87.0,1003.5,28.0,0.1,,
2023-06-23 02:00:00,-1.6,-1.3,,-1.9,,97.0,8.4,11.3,85.0,86.0,1003.5,23.0,0.1,,
2023-06-23 03:00:00,-1.0,-0.6,,-1.5,,92.0,6.1,9.1,80.0,79.0,1003.5,47.0,0.1,,
2023-06-23 04:00:00,-0.9,-0.5,,-1.3,,92.0,5.4,8.9,70.0,75.0,1003.3,95.0,0.0,,
2023-06-23 05:00:00,-0.2,0.2,,-0.7,,87.0,1.0,3.2,293.0,324.0,1003.6,145.0,0.0,,
2023-06-23 06:00:00,0.8,1.7,2.2,-1.0,-1.9,82.0,0.8,3.1,165.0,100.0,1003.9,218.0,0.0,0.6,
2023-06-23 07:00:00,0.1,1.2,,-1.1,,86.0,0.8,3.1,336.0,106.0,1004.5,308.0,0.0,,
2023-06-23 08:00:00,1.1,1.8,,0.6,,81.0,0.7,2.2,0.0,195.0,1004.9,402.0,0.0,,
2023-06-23 09:00:00,1.1,2.1,,0.6,,82.0,1.2,2.2,170.0,167.0,1005.2,492.0,0.0,,
2023-06-23 10:00:00,0.7,1.3,,0.4,,85.0,1.0,2.2,265.0,216.0,1005.7,566.0,0.0,,
2023-06-23 11:00:00,1.9,3.0,,0.7,,80.0,1.1,2.9,210.0,217.0,1005.7,647.0,0.0,,
2023-06-23 12:00:00,1.3,2.1,,0.6,,83.0,1.4,3.6,209.0,248.0,1006.4,699.0,0.0,,
2023-06-23 13:00:00,2.1,2.9,,1.2,,79.0,1.1,2.6,149.0,191.0,1006.4,718.0,0.0,,
2023-06-23 14:00:00,2.6,3.2,,2.2,,77.0,1.4,2.6,170.0,174.0,1006.7,729.0,0.0,,
2023-06-23 15:00:00,3.0,4.9,,1.3,,76.0,1.1,3.1,19.0,149.0,1006.5,706.0,0.0,,
2023-06-23 16:00:00,4.1,5.2,,2.6,,73.0,1.5,3.4,178.0,195.0,1006.8,667.0,0.0,,
2023-06-23 17:00:00,5.1,7.4,,3.5,,67.0,1.5,3.9,155.0,182.0,1006.9,592.0,0.0,,
2023-06-23 18:00:00,8.1,9.7,9.7,4.1,-1.1,45.0,3.1,5.9,121.0,116.0,1006.9,469.0,0.0,,
2023-06-23 19:00:00,8.0,9.7,,5.3,,46.0,1.1,3.0,56.0,114.0,1006.8,422.0,0.0,,
2023-06-23 20:00:00,8.0,9.6,,5.9,,54.0,0.5,2.0,350.0,91.0,1007.3,315.0,0.0,,
2023-06-23 21:00:00,5.6,8.7,,2.1,,65.0,1.0,2.4,168.0,198.0,1007.8,239.0,0.0,,
2023-06-23 22:00:00,3.1,3.9,,2.3,,76.0,0.6,2.2,268.0,198.0,1008.1,153.0,0.0,,
2023-06-23 23:00:00,2.4,3.3,,1.6,,80.0,0.4,1.5,0.0,191.0,1008.6,64.0,0.0,,
2023-06-24 00:00:00,2.1,3.9,,1.1,,83.0,0.9,4.0,22.0,115.0,1008.7,41.0,0.0,,
2023-06-24 01:00:00,4.1,5.2,,1.9,,74.0,1.1,4.2,189.0,78.0,1009.1,28.0,0.0,,
2023-06-24 02:00:00,1.6,2.9,,0.9,,87.0,0.5,1.8,100.0,126.0,1009.1,16.0,0.0,,
2023-06-24 03:00:00,1.6,2.5,,1.1,,87.0,0.4,1.5,0.0,267.0,1009.3,11.0,0.0,,
2023-06-24 04:00:00,1.6,1.8,,1.1,,87.0,0.4,1.5,100.0,115.0,1009.7,23.0,0.0,,
2023-06-24 05:00:00,0.9,1.7,,0.3,,90.0,0.3,1.3,78.0,251.0,1009.9,54.0,0.0,,
2023-06-24 06:00:00,2.0,3.4,9.7,0.6,0.3,84.0,1.1,3.1,156.0,90.0,1010.0,116.0,0.0,0.0,
2023-06-24 07:00:00,3.1,6.0,,1.1,,79.0,1.1,3.2,96.0,72.0,1010.3,152.0,0.0,,
2023-06-24 08:00:00,2.5,4.0,,1.5,,82.0,0.7,2.7,86.0,141.0,1010.7,191.0,0.0,,
2023-06-24 09:00:00,3.8,4.5,,2.6,,75.0,0.6,2.0,33.0,253.0,1011.0,180.0,0.0,,
2023-06-24 10:00:00,2.3,4.8,,0.9,,83.0,1.5,3.9,301.0,163.0,1011.4,196.0,0.0,,
2023-06-25 01:00:00,3.0,,,,,91.0,1.1,1.8,49.0,,1012.0,,,,
2023-06-25 06:00:00,1.9,,,,,94.0,1.3,2.7,228.0,,1012.2,,,,
2023-06-25 07:00:00,1.7,2.4,,0.6,,94.0,1.0,2.7,169.0,260.0,1012.1,66.0,0.0,,
2023-06-25 13:00:00,2.4,,,,,98.0,1.4,2.6,164.0,,1013.4,149.0,,,
2023-06-26 05:00:00,1.8,,,,,98.0,3.3,5.2,162.0,,1011.3,5.0,,,
2023-06-26 06:00:00,2.4,3.4,,1.7,,99.0,3.1,7.6,229.0,171.0,1011.8,6.0,0.0,,
2023-06-26 07:00:00,2.4,2.9,,1.9,,99.0,1.5,5.3,274.0,234.0,1012.4,18.0,0.4,,
2023-06-26 08:00:00,2.1,2.4,,1.6,,99.0,1.6,4.0,154.0,212.0,1012.2,26.0,0.2,,
2023-06-26 09:00:00,2.0,2.6,,1.7,,99.0,1.7,5.9,160.0,135.0,1012.4,48.0,0.0,,
2023-06-26 10:00:00,1.9,2.4,,1.3,,99.0,2.7,5.5,154.0,152.0,1013.5,41.0,1.5,,
2023-06-26 11:00:00,3.0,4.2,,2.4,,99.0,2.6,8.3,343.0,352.0,1012.2,81.0,2.6,,
2023-06-26 12:00:00,3.5,5.2,,1.9,,98.0,2.0,5.3,290.0,85.0,1012.8,105.0,3.2,,
2023-06-26 13:00:00,6.0,7.9,,3.0,,91.0,6.4,13.0,21.0,35.0,1012.1,192.0,1.4,,
2023-06-26 14:00:00,2.9,7.6,,1.4,,95.0,3.2,11.5,176.0,145.0,1012.9,149.0,0.0,,
2023-06-26 15:00:00,5.2,7.7,,2.1,,92.0,3.9,10.8,32.0,63.0,1011.9,147.0,0.8,,
2023-06-26 16:00:00,7.0,7.9,,6.3,,85.0,7.1,10.3,45.0,44.0,1011.8,132.0,0.8,,
2023-06-26 17:00:00,6.1,6.6,,5.1,,87.0,8.2,11.1,44.0,41.0,1012.0,83.0,0.1,,
2023-06-26 18:00:00,6.1,6.7,7.9,4.4,1.3,89.0,5.6,9.1,12.0,40.0,1011.5,86.0,0.5,,
2023-06-26 19:00:00,4.5,6.1,,3.2,,96.0,1.9,7.4,31.0,127.0,1011.6,53.0,0.1,,
2023-06-26 20:00:00,4.4,6.4,,2.1,,92.0,3.7,9.2,126.0,106.0,1011.6,33.0,0.1,,
2023-06-26 21:00:00,3.0,4.4,,2.2,,99.0,1.1,3.4,253.0,243.0,1011.6,22.0,0.2,,
2023-06-26 22:00:00,4.0,6.3,,2.1,,95.0,2.6,7.8,89.0,33.0,1011.9,12.0,0.5,,
2023-06-26 23:00:00,4.1,6.5,,2.8,,94.0,2.2,7.9,183.0,114.0,1011.7,8.0,0.0,,
2023-06-27 00:00:00,4.9,6.3,,3.3,,94.0,3.1,9.8,89.0,114.0,1011.5,5.0,0.0,,
2023-06-27 01:00:00,3.5,6.8,,1.7,,95.0,3.0,7.8,161.0,141.0,1011.7,1.0,0.2,,
2023-06-27 02:00:00,2.1,4.6,,1.5,,99.0,3.0,10.1,164.0,147.0,1011.2,3.0,0.6,,
2023-06-27 03:00:00,1.7,3.2,,1.3,,99.0,2.4,5.7,169.0,164.0,1011.2,2.0,0.6,,
2023-06-27 04:00:00,2.5,4.9,,1.5,,99.0,3.1,11.8,204.0,147.0,1011.4,1.0,0.2,,
2023-06-27 05:00:00,2.2,4.2,,1.5,,99.0,1.5,8.3,78.0,154.0,1010.7,2.0,0.0,,
2023-06-27 06:00:00,3.7,5.6,6.8,2.4,1.3,97.0,3.3,11.5,168.0,125.0,1011.0,7.0,1.1,15.1,
2023-06-27 07:00:00,3.0,4.0,,2.2,,99.0,1.4,3.9,81.0,182.0,1011.4,18.0,0.8,,
2023-06-27 08:00:00,2.5,3.0,,1.6,,99.0,1.2,3.1,114.0,136.0,1011.5,37.0,0.3,,
2023-06-27 10:00:00,2.3,,,,,98.0,3.3,4.1,174.0,,1011.2,,,,
2023-06-27 11:00:00,3.3,5.2,,0.9,,97.0,3.1,8.2,215.0,98.0,1011.5,117.0,0.9,,
2023-06-27 12:00:00,1.6,2.3,,0.7,,99.0,1.6,6.1,0.0,207.0,1012.1,87.0,1.0,,
2023-06-27 13:00:00,2.1,2.4,,1.9,,99.0,0.8,2.6,301.0,285.0,1012.0,129.0,0.8,,
2023-06-27 14:00:00,2.4,3.3,,1.0,,98.0,1.0,3.5,253.0,329.0,1012.1,165.0,1.0,,
2023-06-27 15:00:00,2.0,2.6,,1.5,,98.0,0.9,2.5,205.0,307.0,1011.3,194.0,0.3,,
2023-06-27 16:00:00,1.9,2.7,,1.0,,97.0,0.8,2.8,0.0,226.0,1011.0,348.0,0.0,,
2023-06-27 17:00:00,2.8,3.6,,1.9,,96.0,0.5,1.4,161.0,172.0,1010.6,341.0,0.0,,
2023-06-27 18:00:00,2.7,3.3,,2.1,,96.0,0.6,1.7,125.0,182.0,1010.1,305.0,0.0,,
2023-06-27 19:00:00,3.3,4.2,,2.5,,95.0,1.0,3.1,196.0,112.0,1009.7,295.0,0.0,,
2023-06-27 20:00:00,4.3,4.9,,3.2,,95.0,1.1,2.4,317.0,313.0,1009.5,140.0,0.0,,
2023-06-27 21:00:00,3.8,5.2,,2.8,,96.0,1.5,4.0,343.0,5.0,1009.3,52.0,0.2,,
2023-06-27 22:00:00,1.8,3.0,,1.1,,98.0,0.9,2.4,296.0,277.0,1009.2,20.0,1.0,,
2023-06-27 23:00:00,1.7,2.2,,1.2,,99.0,1.2,3.7,88.0,292.0,1008.8,11.0,2.1,,
2023-06-28 00:00:00,1.7,2.1,,1.1,,99.0,0.8,2.2,169.0,70.0,1008.5,9.0,1.9,,
2023-06-28 01:00:00,1.4,2.1,,0.9,,99.0,1.9,4.3,163.0,213.0,1008.2,6.0,1.6,,
2023-06-28 02:00:00,2.0,3.9,,1.3,,99.0,1.8,4.7,262.0,252.0,1007.6,2.0,1.6,,
2023-06-28 03:00:00,1.7,2.3,,1.3,,99.0,1.3,4.6,134.0,214.0,1006.5,5.0,1.8,,
2023-06-28 04:00:00,4.7,5.6,,2.0,,89.0,8.9,16.2,28.0,41.0,1004.3,5.0,1.1,,
2023-06-28 05:00:00,5.3,5.6,,5.0,,84.0,11.3,16.8,42.0,33.0,1004.5,7.0,0.5,,
2023-06-28 06:00:00,4.8,5.5,5.6,4.5,0.9,84.0,7.7,17.2,26.0,37.0,1004.3,19.0,0.2,,
2023-06-28 07:00:00,4.4,4.8,,4.0,,85.0,7.7,17.2,356.0,9.0,1004.8,26.0,0.3,,
2023-06-28 08:00:00,4.3,4.8,,4.1,,85.0,10.3,17.9,6.0,12.0,1005.3,28.0,0.4,,
2023-06-28 09:00:00,5.1,5.7,,4.5,,82.0,6.0,14.1,340.0,360.0,1004.6,46.0,0.2,,
2023-06-28 10:00:00,5.5,5.8,,5.1,,83.0,5.4,10.6,11.0,352.0,1004.6,43.0,0.2,,
2023-06-28 11:00:00,5.4,5.9,,5.0,,85.0,6.7,12.3,12.0,20.0,1004.0,66.0,0.4,,
2023-06-28 12:00:00,4.1,5.9,,2.6,,91.0,6.3,15.5,354.0,326.0,1001.2,89.0,0.6,,
2023-06-28 13:00:00,6.2,6.8,,5.1,,80.0,6.0,19.7,89.0,99.0,1003.7,138.0,0.4,,
2023-06-28 14:00:00,4.9,5.4,,4.4,,84.0,6.4,16.5,24.0,51.0,1002.9,110.0,0.5,,
2023-06-28 15:00:00,4.4,5.4,,3.9,,85.0,14.8,20.0,30.0,27.0,999.9,80.0,1.5,,
2023-06-28 16:00:00,5.1,7.2,,3.9,,81.0,13.4,22.2,112.0,56.0,1002.2,138.0,0.1,,
2023-06-28 17:00:00,2.5,4.3,,1.7,,93.0,5.5,11.6,159.0,149.0,1003.3,151.0,0.0,,
2023-06-28 18:00:00,2.3,3.9,7.2,1.7,1.7,94.0,5.2,12.3,347.0,299.0,1002.4,96.0,0.1,,
2023-06-28 19:00:00,4.2,4.8,,3.1,,88.0,6.4,15.5,354.0,336.0,1002.6,47.0,0.0,,
2023-06-28 20:00:00,4.9,5.4,,4.4,,84.0,10.3,17.9,23.0,18.0,1002.1,28.0,0.4,,
2023-06-28 21:00:00,5.5,6.3,,4.9,,81.0,9.0,16.8,353.0,6.0,1002.9,25.0,0.0,,
2023-06-28 22:00:00,5.0,5.3,,4.7,,82.0,5.4,11.6,310.0,332.0,1002.5,23.0,0.1,,
2023-06-28 23:00:00,5.2,5.4,,5.0,,81.0,3.8,9.9,317.0,302.0,1002.6,18.0,0.0,,
2023-06-29 00:00:00,4.8,5.2,,4.5,,84.0,13.9,22.3,41.0,36.0,1001.1,18.0,0.9,,
2023-06-29 01:00:00,5.1,5.7,,4.6,,85.0,12.0,21.3,14.0,29.0,1002.6,16.0,0.1,,
2023-06-29 02:00:00,5.8,6.2,,5.4,,84.0,10.7,15.9,22.0,6.0,1002.8,9.0,0.3,,
2023-06-29 03:00:00,5.5,6.0,,5.1,,86.0,10.9,16.5,31.0,30.0,1003.7,9.0,0.3,,
2023-06-29 04:00:00,5.4,5.8,,5.0,,87.0,13.9,19.3,38.0,31.0,1002.9,19.0,0.4,,
2023-06-29 05:00:00,5.2,5.7,,4.5,,85.0,15.6,19.6,41.0,41.0,1003.0,75.0,0.3,,
2023-06-29 06:00:00,5.2,5.8,6.3,4.7,3.1,87.0,16.0,20.4,37.0,37.0,1001.6,148.0,0.3,7.8,
2023-06-29 07:00:00,5.6,6.1,,5.0,,85.0,16.3,20.8,36.0,38.0,1003.4,278.0,0.2,,
2023-06-29 08:00:00,5.4,5.6,,5.0,,87.0,14.9,19.4,34.0,35.0,1003.9,155.0,0.0,,
2023-06-29 09:00:00,5.7,6.1,,5.1,,86.0,13.3,18.3,23.0,27.0,1004.4,116.0,0.1,,
2023-06-29 10:00:00,6.1,6.4,,5.9,,84.0,13.6,17.2,29.0,28.0,1004.8,160.0,0.1,,
2023-06-29 11:00:00,6.3,6.7,,6.0,,84.0,12.9,16.9,23.0,24.0,1005.2,153.0,0.0,,
2023-06-29 12:00:00,6.6,6.8,,6.4,,83.0,11.7,16.9,13.0,16.0,1005.9,126.0,0.1,,
2023-06-29 13:00:00,6.5,6.8,,6.3,,82.0,4.0,10.3,337.0,327.0,1006.4,53.0,0.0,,
2023-06-29 14:00:00,6.8,7.3,,6.4,,80.0,4.0,8.7,29.0,23.0,1005.8,106.0,1.0,,
2023-06-29 15:00:00,4.8,6.6,,3.5,,89.0,1.9,7.4,279.0,293.0,1005.9,166.0,0.6,,
2023-06-29 16:00:00,4.5,5.3,,3.5,,92.0,3.1,9.9,31.0,357.0,1005.7,124.0,1.8,,
2023-06-29 17:00:00,3.9,5.7,,2.2,,92.0,2.3,6.8,228.0,330.0,1006.1,91.0,2.8,,
2023-06-29 18:00:00,2.4,3.0,7.3,1.8,1.8,98.0,0.7,2.1,331.0,296.0,1005.9,71.0,3.7,,
2023-06-29 19:00:00,2.0,2.6,,0.9,,99.0,1.2,2.8,272.0,251.0,1006.2,53.0,1.0,,
2023-06-29 20:00:00,1.5,2.3,,0.8,,99.0,1.9,3.9,262.0,295.0,1006.2,21.0,0.4,,
2023-06-29 21:00:00,1.4,3.0,,0.8,,99.0,1.9,4.7,283.0,282.0,1006.0,36.0,0.0,,
2023-06-29 22:00:00,1.7,4.6,,0.6,,97.0,1.6,5.6,52.0,274.0,1006.0,9.0,0.0,,
2023-06-29 23:00:00,2.1,4.2,,0.8,,96.0,3.6,12.0,33.0,49.0,1005.6,3.0,0.4,,
2023-06-30 00:00:00,2.9,3.4,,2.4,,89.0,9.0,14.3,3.0,29.0,1006.0,1.0,0.1,,
2023-06-30 01:00:00,2.8,3.4,,2.3,,89.0,7.6,13.1,36.0,28.0,1005.6,2.0,0.4,,
2023-06-30 02:00:00,3.3,3.8,,2.5,,87.0,7.3,12.1,30.0,23.0,1005.6,5.0,0.1,,
2023-06-30 03:00:00,2.2,4.2,,1.1,,94.0,3.2,11.3,1.0,319.0,1005.4,2.0,0.9,,
2023-06-30 04:00:00,3.9,5.0,,2.5,,87.0,4.2,7.9,36.0,4.0,1005.7,2.0,0.1,,
2023-06-30 05:00:00,3.9,5.0,,3.0,,86.0,8.3,13.8,40.0,42.0,1005.4,5.0,0.3,,
2023-06-30 06:00:00,4.4,5.0,5.0,3.8,0.6,86.0,8.5,12.4,9.0,23.0,1005.7,22.0,0.1,14.2,
2023-06-30 07:00:00,5.3,5.9,,4.6,,83.0,8.0,13.4,18.0,10.0,1005.0,202.0,0.2,,
2023-06-30 08:00:00,5.8,6.2,,5.3,,86.0,10.4,14.7,37.0,21.0,1005.5,393.0,0.3,,
2023-06-30 09:00:00,5.5,6.0,,4.8,,86.0,10.4,16.6,35.0,31.0,1005.4,140.0,0.5,,
2023-06-30 10:00:00,4.5,5.2,,4.1,,85.0,14.4,19.7,38.0,38.0,1006.1,95.0,0.4,,
2023-06-30 11:00:00,4.3,4.7,,3.7,,81.0,17.8,22.5,43.0,42.0,1006.0,151.0,1.0,,
2023-06-30 12:00:00,4.0,4.5,,3.7,,81.0,13.8,21.0,23.0,32.0,1007.9,189.0,0.0,,
2023-06-30 13:00:00,3.8,4.2,,3.4,,85.0,8.1,18.7,344.0,8.0,1009.2,128.0,0.0,,
2023-06-30 14:00:00,3.7,4.0,,3.3,,87.0,7.6,17.0,13.0,10.0,1009.3,118.0,0.1,,
2023-06-30 15:00:00,4.5,4.9,,4.0,,81.0,4.6,12.6,23.0,39.0,1010.1,79.0,0.0,,
2023-06-30 16:00:00,4.3,5.4,,2.8,,82.0,4.4,13.6,7.0,7.0,1010.7,68.0,0.1,,
2023-06-30 17:00:00,4.9,6.1,,3.9,,79.0,4.7,14.0,298.0,7.0,1011.2,104.0,0.1,,
2023-06-30 18:00:00,3.6,5.9,6.2,1.6,1.6,85.0,2.8,12.9,261.0,96.0,1011.7,147.0,0.0,,
2023-06-30 19:00:00,4.3,5.1,,2.2,,83.0,6.4,17.1,38.0,24.0,1010.5,92.0,0.5,,
2023-06-30 20:00:00,4.3,4.5,,3.9,,87.0,14.4,18.1,37.0,36.0,1010.8,69.0,0.3,,
2023-06-30 21:00:00,4.6,5.5,,3.8,,88.0,10.1,14.7,60.0,41.0,1012.2,29.0,0.0,,
2023-06-30 22:00:00,4.7,5.5,,4.2,,89.0,4.0,7.9,35.0,41.0,1011.9,9.0,0.0,,
2023-06-30 23:00:00,4.4,4.7,,4.1,,92.0,2.4,5.7,41.0,15.0,1011.5,10.0,0.3,,
2023-07-01 00:00:00,4.7,5.3,,4.0,,87.0,5.4,9.0,8.0,32.0,1010.9,5.0,0.3,,
2023-07-01 01:00:00,2.4,5.1,,1.6,,96.0,1.2,3.6,112.0,265.0,1010.4,3.0,0.6,,
2023-07-01 02:00:00,2.6,3.1,,2.1,,98.0,0.7,2.3,353.0,346.0,1009.5,1.0,0.8,,
2023-07-01 03:00:00,3.4,4.0,,2.7,,97.0,0.4,1.4,187.0,83.0,1008.5,1.0,0.9,,
2023-07-01 04:00:00,3.7,4.7,,3.0,,94.0,1.8,7.0,29.0,108.0,1007.6,8.0,0.7,,
2023-07-01 05:00:00,4.0,4.5,,3.5,,85.0,7.3,11.6,41.0,30.0,1007.3,12.0,0.7,,
2023-07-01 06:00:00,3.3,3.7,5.5,2.9,1.6,84.0,9.2,12.5,36.0,40.0,1007.4,30.0,0.5,8.3,
2023-07-01 07:00:00,2.9,3.2,,2.7,,85.0,8.8,12.0,40.0,39.0,1007.9,51.0,0.2,,
2023-07-01 08:00:00,2.8,2.9,,2.5,,87.0,9.1,15.1,22.0,27.0,1008.6,84.0,0.1,,
2023-07-01 09:00:00,2.6,2.9,,2.4,,87.0,10.0,16.6,23.0,28.0,1009.5,111.0,0.2,,
2023-07-01 10:00:00,2.6,2.9,,2.3,,85.0,10.8,17.8,34.0,28.0,1010.0,163.0,0.0,,
2023-07-01 11:00:00,2.7,3.0,,2.5,,84.0,10.6,16.1,27.0,30.0,1011.0,190.0,0.0,,
2023-07-01 12:00:00,3.0,3.3,,2.7,,81.0,9.6,14.1,28.0,25.0,1012.1,198.0,0.1,,
2023-07-01 13:00:00,3.5,3.8,,3.1,,78.0,8.1,13.7,35.0,32.0,1013.2,239.0,0.1,,
2023-07-01 14:00:00,3.9,4.3,,3.6,,77.0,7.7,12.5,44.0,34.0,1014.2,272.0,0.2,,
2023-07-01 15:00:00,3.9,4.1,,3.6,,77.0,8.8,12.0,33.0,39.0,1014.7,240.0,0.0,,
2023-07-01 16:00:00,4.1,4.3,,3.8,,78.0,7.3,11.0,41.0,33.0,1015.3,186.0,0.0,,
2023-07-01 17:00:00,4.4,5.3,,2.3,,79.0,6.0,10.4,279.0,4.0,1016.5,226.0,0.0,,
2023-07-01 18:00:00,1.9,2.6,5.3,1.3,1.3,88.0,1.5,4.9,236.0,213.0,1017.0,232.0,0.0,,
2023-07-01 19:00:00,3.0,3.8,,2.2,,84.0,1.1,3.2,213.0,234.0,1017.7,191.0,0.0,,
2023-07-01 20:00:00,3.4,3.9,,2.8,,81.0,1.6,3.4,301.0,272.0,1018.1,96.0,0.0,,
2023-07-01 21:00:00,3.5,4.2,,2.4,,82.0,0.5,1.8,30.0,338.0,1018.6,56.0,0.0,,
2023-07-01 22:00:00,3.8,4.4,,3.3,,82.0,0.5,2.3,68.0,300.0,1019.1,38.0,0.0,,
2023-07-01 23:00:00,3.8,,,,,84.0,0.8,2.2,300.0,,1019.7,23.0,,,
2023-07-02 00:00:00,3.0,4.2,,1.8,,86.0,1.0,2.7,100.0,271.0,1020.0,21.0,0.0,,
2023-07-02 01:00:00,3.8,,,,,83.0,1.2,1.8,225.0,,1020.5,,,,
2023-07-02 08:00:00,4.2,,,,,85.0,7.4,10.2,44.0,,1022.0,79.0,,,
2023-07-02 11:00:00,4.5,,,,,85.0,1.5,2.9,242.0,,1023.0,647.0,,,
2023-07-02 12:00:00,5.2,5.6,,4.5,,81.0,1.3,2.1,223.0,237.0,1023.1,688.0,0.1,,
2023-07-02 13:00:00,5.3,5.9,,4.2,,81.0,1.4,2.4,203.0,225.0,1023.0,718.0,0.0,,
2023-07-02 14:00:00,4.7,5.6,,3.6,,79.0,1.2,2.5,236.0,226.0,1023.2,722.0,0.0,,
2023-07-02 15:00:00,5.1,5.9,,3.7,,79.0,1.2,2.8,229.0,237.0,1023.1,699.0,0.0,,
2023-07-06 14:00:00,7.8,,,,,62.0,1.4,2.1,181.0,,1020.1,733.0,,,
2023-07-06 15:00:00,7.1,8.7,,6.3,,63.0,1.0,2.1,222.0,224.0,1020.1,684.0,0.0,,
2023-07-06 16:00:00,8.8,10.3,,7.3,,56.0,1.0,2.0,210.0,226.0,1019.7,647.0,0.0,,
2023-07-06 17:00:00,8.8,10.2,,7.9,,57.0,1.0,2.1,241.0,232.0,1019.7,585.0,0.0,,
2023-07-06 18:00:00,8.1,9.3,,6.4,,58.0,1.0,2.4,252.0,247.0,1019.6,490.0,0.0,,
2023-07-06 19:00:00,6.5,7.8,,4.8,,66.0,0.8,2.1,235.0,243.0,1019.7,413.0,0.0,,
2023-07-06 20:00:00,6.8,7.9,,5.2,,65.0,0.4,1.3,240.0,179.0,1019.7,348.0,0.0,,
2023-07-06 21:00:00,6.8,8.1,,5.7,,64.0,1.2,2.3,186.0,194.0,1019.9,257.0,0.0,,
2023-07-06 22:00:00,6.1,6.5,,5.7,,66.0,0.8,1.5,196.0,189.0,1019.9,178.0,0.0,,
2023-07-06 23:00:00,5.6,6.1,,5.1,,69.0,0.7,1.5,296.0,223.0,1020.0,105.0,0.0,,
2023-07-07 00:00:00,5.6,6.1,,4.8,,70.0,0.3,1.3,236.0,308.0,1019.9,28.0,0.0,,
2023-07-07 01:00:00,4.8,5.7,,3.9,,74.0,0.8,1.8,196.0,162.0,1019.8,21.0,0.0,,
2023-07-07 02:00:00,5.3,5.7,,4.3,,73.0,0.6,1.8,164.0,280.0,1019.5,18.0,0.0,,
2023-07-07 03:00:00,4.8,5.9,,3.3,,75.0,0.3,1.7,68.0,197.0,1019.8,26.0,0.0,,
2023-07-07 04:00:00,4.2,5.7,,3.3,,77.0,0.5,2.0,0.0,259.0,1019.8,79.0,0.0,,
2023-07-07 05:00:00,3.8,5.4,,3.2,,80.0,1.3,2.6,164.0,153.0,1019.8,127.0,0.0,,
2023-07-07 06:00:00,3.9,4.8,8.1,2.6,2.6,80.0,0.6,1.6,152.0,180.0,1019.7,195.0,0.0,,
2023-07-07 07:00:00,4.2,5.3,,2.7,,78.0,0.5,2.1,276.0,166.0,1019.8,280.0,0.0,,
2023-07-07 08:00:00,5.1,6.2,,4.5,,74.0,0.9,2.4,170.0,215.0,1020.1,373.0,0.0,,
2023-07-07 09:00:00,5.2,5.8,,4.8,,72.0,1.1,2.3,235.0,196.0,1020.1,467.0,0.0,,
2023-07-07 10:00:00,6.6,7.6,,5.6,,66.0,1.2,3.1,160.0,188.0,1020.1,543.0,0.0,,
2023-07-07 11:00:00,7.6,8.7,,6.2,,61.0,1.3,3.5,181.0,178.0,1020.6,614.0,0.0,,
2023-07-07 12:00:00,9.2,,,,,56.0,1.0,2.1,200.0,,1020.6,678.0,,,
2023-07-07 13:00:00,9.2,9.7,,8.5,,53.0,2.0,3.2,175.0,164.0,1020.2,691.0,0.0,,
2023-07-07 14:00:00,8.8,10.5,,7.5,,56.0,1.2,2.4,242.0,241.0,1019.8,696.0,0.0,,
2023-07-07 15:00:00,9.4,10.0,,8.7,,53.0,1.4,2.6,242.0,230.0,1019.5,677.0,0.0,,
2023-07-07 16:00:00,9.2,10.0,,7.6,,54.0,1.9,3.1,222.0,204.0,1019.4,646.0,0.0,,
2023-07-07 17:00:00,8.9,10.4,,7.6,,55.0,2.5,6.4,120.0,174.0,1019.1,586.0,0.0,,
2023-07-07 18:00:00,9.8,10.8,,9.0,,51.0,4.0,7.5,108.0,109.0,1018.9,513.0,0.0,,
2023-07-07 19:00:00,9.9,10.2,,9.6,,50.0,3.4,7.1,105.0,117.0,1018.9,430.0,0.0,,
2023-07-07 20:00:00,9.5,10.2,,8.8,,51.0,5.0,9.1,91.0,113.0,1018.4,343.0,0.0,,
2023-07-07 21:00:00,8.4,9.3,,7.9,,54.0,5.8,9.5,87.0,92.0,1018.1,257.0,0.0,,
2023-07-07 22:00:00,7.1,8.0,,6.5,,60.0,5.8,8.4,93.0,95.0,1017.6,179.0,0.0,,
2023-07-07 23:00:00,5.5,6.6,,4.5,,66.0,5.3,10.3,99.0,108.0,1017.0,106.0,0.0,,
2023-07-08 00:00:00,3.5,4.5,,2.1,,76.0,6.5,9.5,100.0,99.0,1016.8,27.0,0.0,,
2023-07-08 01:00:00,1.8,2.5,,1.3,,86.0,7.2,11.4,100.0,100.0,1016.1,21.0,0.0,,
2023-07-08 02:00:00,1.1,1.4,,0.8,,90.0,6.6,10.7,95.0,99.0,1015.3,15.0,0.0,,
2023-07-08 03:00:00,0.6,0.9,,0.4,,92.0,7.1,12.0,93.0,93.0,1014.9,12.0,0.1,,
2023-07-08 04:00:00,0.5,0.8,,0.1,,93.0,7.8,13.4,86.0,89.0,1014.1,24.0,0.0,,
2023-07-08 05:00:00,0.3,0.7,,0.0,,93.0,7.7,12.0,90.0,91.0,1013.0,52.0,0.0,,
2023-07-08 06:00:00,0.7,1.0,10.2,0.5,0.0,89.0,9.3,12.8,88.0,91.0,1012.2,114.0,0.2,,
2023-07-08 07:00:00,0.9,1.2,,0.6,,88.0,9.5,12.8,92.0,90.0,1012.1,174.0,0.1,,
2023-07-08 08:00:00,0.8,1.2,,0.5,,90.0,9.5,12.5,88.0,88.0,1011.9,145.0,0.1,,
2023-07-08 09:00:00,0.6,0.9,,0.3,,92.0,11.9,18.6,94.0,87.0,1009.7,85.0,0.1,,
2023-07-08 10:00:00,1.3,1.8,,0.6,,91.0,11.4,17.9,92.0,92.0,1011.1,96.0,0.6,,
2023-07-08 11:00:00,1.6,2.1,,1.2,,88.0,11.1,15.0,90.0,91.0,1009.9,143.0,0.6,,
2023-07-08 12:00:00,1.4,1.9,,1.0,,88.0,12.4,16.5,95.0,95.0,1010.3,218.0,0.0,,
2023-07-08 13:00:00,2.1,3.3,,1.7,,84.0,10.4,15.1,95.0,92.0,1010.7,445.0,0.2,,
2023-07-08 14:00:00,4.3,5.5,,3.2,,74.0,6.6,10.3,97.0,99.0,1010.5,694.0,0.0,,
2023-07-08 15:00:00,7.0,8.3,,5.0,,63.0,4.3,7.4,99.0,98.0,1009.9,734.0,0.0,,
2023-07-08 16:00:00,7.7,9.6,,6.4,,60.0,3.6,7.1,237.0,105.0,1009.6,554.0,0.0,,
2023-07-08 17:00:00,6.8,8.3,,5.9,,63.0,1.4,2.7,216.0,194.0,1009.3,470.0,0.0,,
2023-07-08 18:00:00,7.5,8.4,9.6,6.9,0.3,61.0,1.4,2.7,267.0,243.0,1009.2,512.0,0.0,,
2023-07-08 19:00:00,7.3,8.5,,6.5,,63.0,1.2,2.5,224.0,234.0,1009.1,336.0,0.0,,
2023-07-08 20:00:00,7.5,8.4,,7.0,,62.0,1.2,2.2,186.0,191.0,1009.1,388.0,0.0,,
2023-07-08 21:00:00,7.8,8.6,,7.4,,59.0,0.8,2.3,200.0,202.0,1009.4,297.0,0.0,,
2023-07-08 22:00:00,7.0,8.1,,5.5,,64.0,0.9,2.3,172.0,174.0,1010.0,79.0,0.0,,
2023-07-08 23:00:00,5.9,,,,,67.0,0.8,1.4,193.0,,1010.4,47.0,,,
2023-07-09 00:00:00,5.0,6.1,,3.9,,72.0,0.4,1.3,50.0,183.0,1011.2,39.0,0.0,,
2023-07-09 01:00:00,4.6,5.5,,2.2,,74.0,1.4,5.5,286.0,202.0,1012.2,38.0,0.0,,
2023-07-09 02:00:00,5.0,7.2,,2.3,,72.0,2.8,7.1,233.0,292.0,1013.2,27.0,0.0,,
2023-07-09 03:00:00,1.1,2.6,,0.3,,88.0,1.4,6.5,267.0,273.0,1014.2,17.0,0.0,,
2023-07-09 04:00:00,2.8,3.6,,1.8,,81.0,0.8,2.2,214.0,269.0,1014.7,19.0,0.0,,
2023-07-09 05:00:00,3.5,3.8,,3.0,,79.0,1.2,3.1,207.0,182.0,1015.3,26.0,0.0,,
2023-07-09 06:00:00,3.1,5.1,,2.0,,81.0,1.3,3.0,44.0,132.0,1016.2,54.0,0.0,,
2023-07-09 07:00:00,2.5,4.7,,1.4,,83.0,0.7,2.9,212.0,255.0,1017.0,133.0,0.0,,
2023-07-09 08:00:00,3.4,3.8,,2.9,,79.0,0.9,2.7,95.0,179.0,1017.6,156.0,0.0,,
2023-07-09 09:00:00,4.4,5.6,,3.3,,75.0,0.7,2.5,28.0,206.0,1018.0,298.0,0.0,,
2023-07-09 10:00:00,6.2,7.0,,5.1,,69.0,0.7,1.8,243.0,189.0,1018.4,517.0,0.0,,
2023-07-09 11:00:00,6.4,8.6,,5.8,,68.0,0.8,1.7,127.0,221.0,1018.8,597.0,0.0,,
2023-07-09 12:00:00,8.7,9.8,,8.1,,62.0,1.1,2.8,230.0,275.0,1019.3,651.0,0.0,,
2023-07-09 13:00:00,8.7,9.6,,8.1,,63.0,1.3,2.7,241.0,226.0,1019.7,679.0,0.0,,
2023-07-09 14:00:00,9.5,10.3,,7.8,,58.0,3.2,6.3,154.0,165.0,1019.7,686.0,0.0,,
2023-07-09 19:00:00,12.6,,,,,52.0,3.6,5.2,74.0,,1018.7,382.0,,,
2023-07-10 11:00:00,7.7,,,,,66.0,2.9,4.6,157.0,,1024.4,410.0,,,
2023-07-10 12:00:00,7.6,8.0,,7.2,,66.0,2.2,5.7,240.0,191.0,1024.5,424.0,0.0,,
2023-07-10 13:00:00,7.7,8.7,,7.2,,66.0,1.5,3.1,243.0,239.0,1024.5,486.0,0.0,,
2023-07-10 14:00:00,7.3,8.0,,6.7,,67.0,1.9,3.2,219.0,195.0,1024.5,529.0,0.0,,
2023-07-10 15:00:00,7.5,8.6,,6.7,,66.0,1.2,2.9,249.0,246.0,1024.2,651.0,0.0,,
2023-07-10 16:00:00,8.1,8.6,,7.3,,63.0,1.2,2.5,230.0,239.0,1024.1,620.0,0.0,,
2023-07-10 17:00:00,8.0,8.5,,7.3,,63.0,1.7,2.8,251.0,247.0,1023.8,576.0,0.0,,
2023-07-10 18:00:00,7.5,8.4,,6.6,,65.0,2.0,3.8,258.0,261.0,1023.6,504.0,0.0,,
2023-07-10 19:00:00,7.5,8.0,,6.9,,65.0,2.5,4.3,270.0,264.0,1023.5,432.0,0.0,,
2023-07-10 20:00:00,8.1,9.0,,7.3,,62.0,1.6,3.8,196.0,226.0,1023.6,335.0,0.0,,
2023-07-10 21:00:00,7.7,8.1,,7.4,,63.0,1.4,2.5,234.0,214.0,1023.4,247.0,0.0,,
2023-07-10 22:00:00,8.1,9.0,,7.6,,61.0,0.8,2.1,227.0,178.0,1023.1,172.0,0.0,,
2023-07-10 23:00:00,7.5,7.9,,7.0,,64.0,1.1,2.1,298.0,266.0,1023.1,98.0,0.0,,
